loai,product_id,category,name_zh,val_zh,val_vi,ti_le
qua_ngan_nghi_thieu,1029723773387,shoes,品牌,KOMANIC/柯玛妮克,Komanic,0.0
qua_ngan_nghi_thieu,1007492040532,shoes,品牌,CARTELO/卡帝乐鳄鱼,CARTELO,0.0
qua_ngan_nghi_thieu,1036269933259,mother_baby,品牌,Mekansm/梅肯斯姆,Mekansm,0.0
qua_ngan_nghi_thieu,1067518006462,shoes,形象,WINNIE THE POOH小熊维尼,Gấu Pooh,0.0
qua_ngan_nghi_thieu,979661082082,shoes,货号,零零八零128-2,0080128-2,0.0
qua_ngan_nghi_thieu,1007199155262,shoes,品牌,CARTELO/卡帝乐鳄鱼,CARTELO,0.0
qua_ngan_nghi_thieu,1079809829440,shoes,形象,WINNIE THE POOH小熊维尼,Gấu Pooh,0.0
qua_ngan_nghi_thieu,1078964750751,food,包装规格,Nine-flavoured herbal tea【5g*12包】九味草本茶,Trà thảo mộc chín vị【5g*12 gói】,0.0
qua_ngan_nghi_thieu,621168295137,beauty,非特化妆品备案证号,沪G妆网备字2018005752,2018005752,0.0
qua_ngan_nghi_thieu,646256163658,beauty,非特化妆品备案证号,沪G妆网备字2017003990,2017003990,0.0
qua_ngan_nghi_thieu,668632694758,beauty,非特化妆品备案证号,沪G妆网备字2021516835,2021516835,0.0
qua_ngan_nghi_thieu,691392235601,beauty,非特化妆品备案证号,沪G妆网备字2019014606,2019014606,0.0
qua_ngan_nghi_thieu,806773650263,beauty,非特化妆品备案证号,沪G妆网备字2022021024,2022021024,0.0
qua_ngan_nghi_thieu,1078524200077,shoes,形象,WINNIE THE POOH小熊维尼,Gấu Pooh,0.0
qua_ngan_nghi_thieu,1063015845802,shoes,形象,Snow White白雪公主,Bạch Tuyết,0.0
qua_ngan_nghi_thieu,788492294367,beauty,非特化妆品备案证号,陕G妆网备字2021000820,2021000820,0.0
qua_ngan_nghi_thieu,692889639996,beauty,非特化妆品备案证号,浙G妆网备字2021511784,2021511784,0.0
qua_ngan_nghi_thieu,647897629390,beauty,非特化妆品备案证号,浙G妆网备字2020000974,2020000974,0.0
qua_ngan_nghi_thieu,1060068954360,mother_baby,品牌,Mekansm/梅肯斯姆,Mekansm,0.0
qua_ngan_nghi_thieu,658527598542,beauty,非特化妆品备案证号,浙G妆网备字2022023522,2022023522,0.0
qua_ngan_nghi_thieu,714627792225,beauty,非特化妆品备案证号,浙G妆网备字2023001298,2023001298,0.0
qua_ngan_nghi_thieu,621016707972,beauty,非特化妆品备案证号,陕G妆网备字2023000511,2023000511,0.0
qua_ngan_nghi_thieu,669561165791,beauty,非特化妆品备案证号,浙G妆网备字2020017847,2020017847,0.0
qua_ngan_nghi_thieu,652550875823,bags,品牌,ELACCENT/爱尔绅特,ELACCENT,0.0
qua_ngan_nghi_thieu,807010653468,beauty,非特化妆品备案证号,沪G妆网备字2022021024,2022021024,0.0
qua_ngan_nghi_thieu,1054341457709,shoes,形象,Cinderella仙蒂公主/灰姑娘,Công chúa Lọ Lem,0.43
qua_ngan_nghi_thieu,1082853041693,shoes,形象,Cinderella仙蒂公主/灰姑娘,Công chúa Lọ Lem,0.43
qua_ngan_nghi_thieu,1048222512940,shoes,形象,Cinderella仙蒂公主/灰姑娘,Công chúa Lọ Lem,0.43
qua_ngan_nghi_thieu,1047853716992,shoes,形象,Cinderella仙蒂公主/灰姑娘,Công chúa Lọ Lem,0.43
qua_ngan_nghi_thieu,1007766444634,shoes,形象,Cinderella仙蒂公主/灰姑娘,Công chúa Lọ Lem,0.43
qua_ngan_nghi_thieu,811090405784,beauty,产品名称,HERORANGE沁微抚唇润泽唇釉,Men dưỡng ẩm môi,0.5
qua_ngan_nghi_thieu,844654718008,food,品牌,Three Squirrels/三只松鼠,Ba con sóc/Ba con sóc,0.5
qua_ngan_nghi_thieu,978254151465,food,原产国/地区,澳大利亚,Úc,0.5
qua_ngan_nghi_thieu,617769086698,food,品牌,Three Squirrels/三只松鼠,Ba con sóc/Ba con sóc,0.5
qua_ngan_nghi_thieu,680756379644,home,规格,中大加大特大,CUHK,0.67
qua_ngan_nghi_thieu,987497968878,beauty,加工类型,贴牌代工,OEM,0.75
qua_ngan_nghi_thieu,570253447273,food,制作工艺,挤压膨化,đùn,0.75
qua_ngan_nghi_thieu,982135271455,shoes,适用场地,外穿拖鞋,dép,0.75
qua_ngan_nghi_thieu,973966857546,shoes,适用场地,外穿拖鞋,dép,0.75
qua_ngan_nghi_thieu,662536701469,home,箱装数量,10格36个 15格36个 空格60个 盖子1箱200个,"10 ô, 36 ô, 15 ô, 36 ô, 60 ô, 1 nắp, 200 ô",0.82
qua_ngan_nghi_thieu,993307141838,bags,颜色,"黄色/COLOR, 紫色/COLOR, 奶咖色/COLOR, 红色/COLOR, 黑色/COLOR","Màu vàng, Tím, Màu cà phê sữa/MÀU SẮC, Đỏ, Màu đen",0.91
qua_ngan_nghi_thieu,1031160052035,food,包装规格,"Ginseng Six Treasures Tea【10小包】人参五宝茶, Ginseng Six Treasures Tea【20小包】人参五宝茶, Ginseng Six Treasures Tea【30小包】人参五宝茶","Trà Sâm Sáu Bảo【10 gói nhỏ】Trà Sâm Ngũ Bảo, Trà Sâm Ngũ Bảo [20 gói nhỏ], Trà Sáu Bảo Nhân Sâm【30 gói nhỏ】Trà Ngũ Bảo Nhân Sâm",0.95
qua_ngan_nghi_thieu,1034278254425,food,包装规格,"Ginseng Six Treasures Tea【10小包】人参五宝茶, Ginseng Six Treasures Tea【20小包】人参五宝茶, Ginseng Six Treasures Tea【30小包】人参五宝茶","Trà Sâm Sáu Bảo【10 gói nhỏ】Trà Sâm Ngũ Bảo, Trà Sâm Ngũ Bảo [20 gói nhỏ], Trà Sáu Bảo Nhân Sâm【30 gói nhỏ】Trà Ngũ Bảo Nhân Sâm",0.95
qua_ngan_nghi_thieu,977682146101,electronics,电源容量,"10000毫安, 20000毫安, 30000毫安","10000 mA, 20000mA, 30000mA",1.0
qua_ngan_nghi_thieu,995915969872,electronics,电源容量,"10000毫安, 20000毫安, 30000毫安","10000mA, 20000mA, 30000mA",1.0
qua_ngan_nghi_thieu,892248927786,electronics,电源容量,"50000毫安, 160000毫安, 200000毫安","50000mA, 160000mA, 200000mA",1.0
qua_ngan_nghi_thieu,854394048701,electronics,电源容量,"10000毫安, 20000毫安","10000mA, 20000mA",1.0
qua_ngan_nghi_thieu,756870213639,home,规格,"26*26厘米, 30*30厘米","26*26 cm, 30*30 cm",1.0
qua_ngan_nghi_thieu,914025460336,electronics,电源容量,"10000毫安, 20000毫安","10000mA, 20000mA",1.0
qua_ngan_nghi_thieu,568604360243,home,规格,"12克, 13克, 15克, 18克, 20克, 22克, 30克, 40克, 10克","12g, 13g, 15g, 18g, 20g, 22g, 30g, 40g, 10g",1.0
qua_ngan_nghi_thieu,1070694384209,mother_baby,玩具材质,塑料/塑胶,Nhựa,1.0
qua_ngan_nghi_thieu,1035607996900,mother_baby,玩具材质,塑料/塑胶,Nhựa,1.0
qua_ngan_nghi_thieu,1004453882498,mother_baby,玩具材质,塑料/塑胶,Nhựa,1.0
qua_ngan_nghi_thieu,1063975351018,mother_baby,材质,塑料/塑胶,Nhựa,1.0
qua_ngan_nghi_thieu,1044058868205,mother_baby,材质,塑料/塑胶,Nhựa,1.0
qua_ngan_nghi_thieu,1046754139618,shoes,流行元素,"蕾丝, 蝴蝶结","Ren, Nơ",1.0
qua_ngan_nghi_thieu,1032941348529,mother_baby,玩具材质,塑料/塑胶,Nhựa2,1.0
qua_ngan_nghi_thieu,1042342651688,mother_baby,玩具材质,塑料/塑胶,Nhựa,1.0
qua_ngan_nghi_thieu,1013817588122,mother_baby,材质,塑料/塑胶,Nhựa,1.0
qua_ngan_nghi_thieu,991188655380,bags,关键词1,背包女双肩包,ba lô nữ2,1.0
qua_ngan_nghi_thieu,1004233292952,mother_baby,材质,塑料/塑胶,Nhựa,1.0
qua_ngan_nghi_thieu,832768215940,mother_baby,高度,"32厘米, 43厘米, 55厘米, 70厘米","32 cm, 43 cm, 55 cm, 70 cm",1.0
qua_ngan_nghi_thieu,1069786904999,mother_baby,材质,塑料/塑胶,Nhựa,1.0
qua_ngan_nghi_thieu,1045129914591,mother_baby,材质,塑料/塑胶,Nhựa,1.0
qua_ngan_nghi_thieu,962705914370,mother_baby,材质,塑料/塑胶,Nhựa,1.0
qua_ngan_nghi_thieu,1005656908699,mother_baby,材质,塑料/塑胶,Nhựa,1.0
qua_ngan_nghi_thieu,685561611624,auto,规格类型,"3厘米宽*3米长, 3厘米宽*5米长, 3厘米宽*10米长, 5厘米宽*3米长, 5厘米宽*5米长, 5厘米宽*10米长, 7厘米宽*3米长, 7厘米宽*5米长, 7厘米宽*10米长, 10厘米宽*3米长, 10厘米宽*5米长, 10厘米宽*10米长","3cm W* 3m L, 3cm W* 5m L, 3cm W* 10m L, 5cm W* 3m L, 5cm W* 5m L, 5cm W* 10m L, 7cm W* 3m L, 7cm W* 5m L, 7cm W* 10m L, 10cm W* 3m L, 10cm W* 5m L, 10cm W* 10m L",1.0
qua_ngan_nghi_thieu,1009519504182,mother_baby,玩具材质,塑料/塑胶,Nhựa,1.0
qua_ngan_nghi_thieu,678973024061,mother_baby,玩具材质,塑料/塑胶,Nhựa,1.0
qua_ngan_nghi_thieu,1045059673021,mother_baby,材质,塑料/塑胶,Nhựa,1.0
qua_ngan_nghi_thieu,1029359803489,mother_baby,材质,塑料/塑胶,Nhựa,1.0
qua_ngan_nghi_thieu,1065463034054,shoes,形象,Rapunzel乐佩公主/长发公主,Công chúa Rapunzel,1.0
qua_ngan_nghi_thieu,1035763859623,mother_baby,玩具材质,塑料/塑胶,Nhựa,1.0
qua_ngan_nghi_thieu,1018648776153,mother_baby,玩具材质,塑料/塑胶,Nhựa,1.0
qua_ngan_nghi_thieu,1006340468630,mother_baby,玩具材质,塑料/塑胶,Nhựa,1.0
qua_ngan_nghi_thieu,1021020337254,shoes,形象,Rapunzel乐佩公主/长发公主,Công chúa Rapunzel,1.0
qua_ngan_nghi_thieu,1068176136335,mother_baby,材质,塑料/塑胶,Nhựa,1.0
qua_ngan_nghi_thieu,1047346305432,mother_baby,玩具材质,塑料/塑胶,Nhựa,1.0
qua_ngan_nghi_thieu,975694915903,fashion,工艺,刺绣/绣花,Thêu,1.0
qua_ngan_nghi_thieu,1081197116019,shoes,形象,Rapunzel乐佩公主/长发公主,Công chúa Rapunzel,1.0
qua_ngan_nghi_thieu,917018902238,food,包装规格,"08号（2020年）-250g, 08号（2020年）-500g, 07号（2022年）-250g, 07号（2022年）-500g, 06号（2018年）-250g, 06号（2018年）-500g, 05号（2024年）-250g, 05号（2024年）-500g, 04号（2024年）-250g, 04号（2024年）-500g, 03号（2023年）-250g, 03号（2023年）-500g, 02号（2025年）-250g, 02号（2025年）-500g, 01号（2025年）-250g, 01号（2025年）-500g","Số 08 (2020)-250g, Số 08 (2020)-500g, Số 07 (2022)-250g, Số 07 (2022)-500g, Số 06 (2018)-250g, Số 06 (2018)-500g, Số 05 (2024)-250g, Số 05 (2024)-500g, Số 04 (2024)-250g, Số 04 (2024)-500g, Số 03 (2023)-250g, Số 03 (2023)-500g, Số 02 (2025)-250g, Số 02 (2025)-500g, Số 01 (2025)-250g, Số 01 (2025)-50",1.0
qua_ngan_nghi_thieu,922448200053,mother_baby,材质,塑料/塑胶,Nhựa,1.0
qua_ngan_nghi_thieu,1018895289551,mother_baby,材质,塑料/塑胶,Nhựa,1.0
qua_ngan_nghi_thieu,988097985173,mother_baby,玩具材质,塑料/塑胶,Nhựa,1.0
qua_ngan_nghi_thieu,1056457165621,mother_baby,材质,塑料/塑胶,Nhựa,1.0
qua_ngan_nghi_thieu,1058793314915,mother_baby,材质,塑料/塑胶,Nhựa,1.0
qua_ngan_nghi_thieu,986368954042,mother_baby,玩具材质,塑料/塑胶,Nhựa,1.0
qua_ngan_nghi_thieu,1029394949398,mother_baby,玩具材质,塑料/塑胶,Nhựa1,1.0
qua_ngan_nghi_thieu,954554149974,mother_baby,玩具材质,塑料/塑胶,Nhựa,1.0
qua_ngan_nghi_thieu,1034230973253,mother_baby,玩具材质,塑料/塑胶,Nhựa,1.0
qua_ngan_nghi_thieu,1052649934662,mother_baby,材质,塑料/塑胶,Nhựa,1.0
qua_ngan_nghi_thieu,1015375148716,shoes,形象,Rapunzel乐佩公主/长发公主,Công chúa Rapunzel,1.0
qua_ngan_nghi_thieu,1073828400083,mother_baby,玩具材质,塑料/塑胶,Nhựa,1.0
qua_ngan_nghi_thieu,965931889656,electronics,电源容量,"10000毫安, 20000毫安","10000mA, 20000mA",1.0
qua_ngan_nghi_thieu,990056533366,electronics,电源容量,"10000毫安, 20000毫安, 30000毫安","10000mA, 20000mA, 30000mA",1.0
qua_ngan_nghi_thieu,951771816929,electronics,电源容量,"10000毫安, 20000毫安","10000mA, 20000mA",1.0
qua_ngan_nghi_thieu,978718708007,electronics,电源容量,"10000毫安, 20000毫安, 30000毫安","10000 mA, 20000mA, 30000mA",1.0
qua_ngan_nghi_thieu,901589855027,electronics,尺寸,（10000=8*6.5*2.45厘米）（20000=10*7*3.2厘米）,(10000 = 8*6.5*2.45 cm)(20000 = 10*7*3.2 cm),1.0
qua_ngan_nghi_thieu,634989319419,bags,货号,宏信 8015全铝机长箱,Số model,1.0
qua_ngan_nghi_thieu,1061443079685,mother_baby,材质,塑料/塑胶,Nhựa,1.0
qua_ngan_nghi_thieu,1068656031191,shoes,形象,Rapunzel乐佩公主/长发公主,Công chúa Rapunzel,1.0
qua_ngan_nghi_thieu,1019852781523,shoes,形象,Rapunzel乐佩公主/长发公主,Công chúa Rapunzel,1.0
qua_ngan_nghi_thieu,1053645970685,mother_baby,材质,塑料/塑胶,Nhựa,1.0
qua_ngan_nghi_thieu,1047702285425,mother_baby,材质,塑料/塑胶,Nhựa,1.0
qua_ngan_nghi_thieu,1062845665231,mother_baby,玩具材质,塑料/塑胶,Nhựa,1.0
qua_ngan_nghi_thieu,994350331828,mother_baby,材质,塑料/塑胶,Nhựa,1.0
qua_ngan_nghi_thieu,1031143207049,mother_baby,材质,塑料/塑胶,Nhựa,1.0
qua_ngan_nghi_thieu,941680280744,mother_baby,材质,塑料/塑胶,Nhựa,1.0
qua_ngan_nghi_thieu,1081333093932,mother_baby,材质,塑料/塑胶,Nhựa,1.0
qua_ngan_nghi_thieu,955804869638,mother_baby,材质,塑料/塑胶,Nhựa,1.0
qua_ngan_nghi_thieu,1003370024193,mother_baby,材质,塑料/塑胶,Nhựa,1.0
qua_ngan_nghi_thieu,1034790417021,mother_baby,玩具材质,塑料/塑胶,Nhựa,1.0
qua_ngan_nghi_thieu,1043141512973,mother_baby,材质,塑料/塑胶,Nhựa,1.0
qua_ngan_nghi_thieu,1033772196817,mother_baby,材质,塑料/塑胶,Nhựa,1.0
qua_ngan_nghi_thieu,1040092753452,mother_baby,玩具材质,塑料/塑胶,Nhựa,1.0
qua_ngan_nghi_thieu,846816861358,home,毛重,615克 815克 1024克 906克 1113克,615g 815g 1024g 906g 1113g,1.0
qua_ngan_nghi_thieu,986457640896,home,制作工艺,注塑一体成型,Ép phun,1.0
qua_ngan_nghi_thieu,976946777216,fashion,工艺,刺绣/绣花,Thêu,1.0
qua_ngan_nghi_thieu,1075274756324,mother_baby,材质,塑料/塑胶,Nhựa,1.0
qua_ngan_nghi_thieu,920359702806,home,尺寸,"S号手提箱【24*17*13.5cm】, M号手提箱【31.5*23*19cm】, L号手提箱【38.5*27.5*22cm】","Vali S [24*17*13,5 cm], Vali M [31,5*23*19cm], Vali L [38,5*27,5*22cm]",1.0
qua_ngan_nghi_thieu,838470206912,home,毛重,615克 815克 1024克 906克 1113克,615g 815g 1024g 906g 1113g,1.0
qua_ngan_nghi_thieu,992074748158,food,净含量（规格）,50克 125克 250克.500克,50g 125g 250g.500g,1.0
qua_ngan_nghi_thieu,1040716753881,mother_baby,玩具材质,塑料/塑胶,Nhựa,1.0
qua_ngan_nghi_thieu,1063200984124,mother_baby,玩具材质,塑料/塑胶,Nhựa,1.0
qua_ngan_nghi_thieu,1039828007959,mother_baby,材质,塑料/塑胶,Nhựa,1.0
qua_ngan_nghi_thieu,1039531728301,mother_baby,材质,塑料/塑胶,Nhựa,1.0
qua_ngan_nghi_thieu,1080089176749,mother_baby,玩具材质,塑料/塑胶,Nhựa,1.0
qua_ngan_nghi_thieu,1044533833217,shoes,形象,Rapunzel乐佩公主/长发公主,Công chúa Rapunzel,1.0
qua_ngan_nghi_thieu,1073547241604,shoes,形象,Rapunzel乐佩公主/长发公主,Công chúa Rapunzel,1.0
qua_ngan_nghi_thieu,1015299096456,shoes,形象,Rapunzel乐佩公主/长发公主,Công chúa Rapunzel,1.0
qua_ngan_nghi_thieu,1016144508818,mother_baby,玩具材质,塑料/塑胶,Nhựa,1.0
qua_ngan_nghi_thieu,1065350986723,mother_baby,玩具材质,塑料/塑胶,Nhựa,1.0
qua_ngan_nghi_thieu,1002500587835,mother_baby,材质,塑料/塑胶,Nhựa,1.0
qua_ngan_nghi_thieu,1041751942515,mother_baby,材质,塑料/塑胶,Nhựa,1.0
qua_ngan_nghi_thieu,1007532164718,mother_baby,玩具材质,塑料/塑胶,Nhựa1,1.0
qua_ngan_nghi_thieu,1079715519300,mother_baby,材质,塑料/塑胶,Nhựa,1.0
qua_ngan_nghi_thieu,1036269933259,mother_baby,材质,塑料/塑胶,Nhựa,1.0
qua_ngan_nghi_thieu,1025333021732,mother_baby,材质,塑料/塑胶,Nhựa,1.0
qua_ngan_nghi_thieu,1006355121624,mother_baby,材质,塑料/塑胶,Nhựa,1.0
qua_ngan_nghi_thieu,1074120217025,mother_baby,玩具材质,塑料/塑胶,Nhựa,1.0
qua_ngan_nghi_thieu,1047716881981,mother_baby,材质,塑料/塑胶,Nhựa,1.0
qua_ngan_nghi_thieu,1053586021623,mother_baby,材质,塑料/塑胶,Nhựa,1.0
qua_ngan_nghi_thieu,982242810141,fashion,颜色,印花连衣裙,váy in,1.0
qua_ngan_nghi_thieu,1038383549645,mother_baby,玩具材质,塑料/塑胶,Nhựa,1.0
qua_ngan_nghi_thieu,1055319149080,mother_baby,材质,塑料/塑胶,Nhựa,1.0
qua_ngan_nghi_thieu,1046262618356,mother_baby,材质,塑料/塑胶,Nhựa,1.0
qua_ngan_nghi_thieu,1051157750667,mother_baby,材质,塑料/塑胶,Nhựa,1.0
qua_ngan_nghi_thieu,1038195869844,mother_baby,材质,塑料/塑胶,Nhựa,1.0
qua_ngan_nghi_thieu,958067965756,mother_baby,材质,塑料/塑胶,Nhựa,1.0
qua_ngan_nghi_thieu,1073037948403,mother_baby,材质,塑料/塑胶,Nhựa,1.0
qua_ngan_nghi_thieu,1005682100604,mother_baby,材质,塑料/塑胶,Nhựa,1.0
qua_ngan_nghi_thieu,1037565480901,mother_baby,玩具材质,塑料/塑胶,Nhựa,1.0
qua_ngan_nghi_thieu,1081662860150,mother_baby,材质,塑料/塑胶,Nhựa,1.0
qua_ngan_nghi_thieu,974383515073,home,规格,"25*25厘米, 30*30厘米","25* 25cm, 30* 30cm",1.0
qua_ngan_nghi_thieu,952500585181,mother_baby,玩具材质,塑料/塑胶,Nhựa,1.0
qua_ngan_nghi_thieu,1055473220828,mother_baby,材质,塑料/塑胶,Nhựa,1.0
qua_ngan_nghi_thieu,918686099399,home,印刷工艺,注塑一体成型,Ép phun,1.0
qua_ngan_nghi_thieu,1042695188170,shoes,形象,Rapunzel乐佩公主/长发公主,Công chúa Rapunzel,1.0
qua_ngan_nghi_thieu,1033404762951,mother_baby,材质,塑料/塑胶,Nhựa,1.0
qua_ngan_nghi_thieu,992927925263,electronics,电源容量,"10000毫安, 20000毫安, 30000毫安","10000 mA, 20000mA, 30000mA",1.0
qua_ngan_nghi_thieu,1002813130470,mother_baby,材质,塑料/塑胶,Nhựa,1.0
qua_ngan_nghi_thieu,1035344195711,mother_baby,材质,塑料/塑胶,Nhựa,1.0
qua_ngan_nghi_thieu,825750836620,electronics,电源容量,"5000毫安, 10000毫安, 20000毫安","5000mA, 10000mA, 20000mA",1.0
qua_ngan_nghi_thieu,785431219375,mother_baby,材质,塑料/塑胶,Nhựa,1.0
qua_ngan_nghi_thieu,1070811226387,mother_baby,材质,塑料/塑胶,Nhựa,1.0
qua_ngan_nghi_thieu,955949094628,mother_baby,材质,塑料/塑胶,Nhựa,1.0
qua_ngan_nghi_thieu,1038266875093,mother_baby,材质,塑料/塑胶,Nhựa,1.0
qua_ngan_nghi_thieu,724594522032,auto,安装方式,号码数字磁贴,Gạch số,1.0
qua_ngan_nghi_thieu,897550656924,beauty,颜色,"01#, 02#, 03#, 04#, 05#, 06#, A套装, B套装","01#, 02#, 03#, 04#, 05#, 06#, Bộ A, Bộ B",1.0
qua_ngan_nghi_thieu,1034189764850,mother_baby,材质,塑料/塑胶,Nhựa,1.0
qua_ngan_nghi_thieu,1064357256183,mother_baby,材质,塑料/塑胶,Nhựa,1.0
qua_ngan_nghi_thieu,853348331658,electronics,电源容量,"5000毫安, 10000毫安","5000mA, 10000mA",1.0
qua_ngan_nghi_thieu,829883642833,bags,包型,女士双肩背包,ba lô nữ,1.0
qua_ngan_nghi_thieu,924776350127,auto,货号,汽车空调制冷还原剂,Máy lạnh ô tô,1.11
qua_ngan_nghi_thieu,856433049711,beauty,产品名称,QISE琪瑟积雪草洗面奶,Sữa rửa mặt QISE,1.12
qua_ngan_nghi_thieu,984435693592,shoes,鞋面材质,牛反绒皮+织物,Da bò + vải,1.17
qua_ngan_nghi_thieu,901219606194,bags,进口地,轻量化双肩包,Ba lô nhẹ,1.17
qua_ngan_nghi_thieu,916527935081,shoes,款式,芭蕾舞平底鞋,nhà ba lê,1.17
qua_ngan_nghi_thieu,969356059839,electronics,电源容量,"10000毫安, 20000毫安, 30000毫安","10000mA, 20000mA, 30000mAh",1.17
qua_ngan_nghi_thieu,851890196771,food,货号,龙腾天下四大茗茶16罐送窑变茶具过年年货伴手礼礼品,16 lon bốn loại trà lớn trên thế giới,1.17
qua_ngan_nghi_thieu,940115959193,mother_baby,属性3,贝'亲三代同款奶嘴宽口径,Ba thế hệ của Bei,1.18
qua_ngan_nghi_thieu,606760417549,bags,款式,女式双肩包,Ba lô nữ,1.2
qua_ngan_nghi_thieu,39556731546,bags,款式,女式双肩包,Ba lô nữ,1.2
qua_ngan_nghi_thieu,959064698664,home,产品类别,冰箱保鲜盒,tủ lạnh,1.2
qua_ngan_nghi_thieu,697260207984,home,产品类别,冰箱保鲜盒,tủ lạnh1,1.2
qua_ngan_nghi_thieu,834112260841,bags,包型,水桶双肩包,Ba lô xô,1.2
qua_ngan_nghi_thieu,994388386960,mother_baby,外观造型,公交巴士车,xe buýt,1.2
qua_ngan_nghi_thieu,902673649320,shoes,内里材质,牛剖层皮(革),Da bò (da),1.2
qua_ngan_nghi_thieu,944607577478,bags,颜色,粉色蝴蝶结,nơ hồng,1.2
qua_ngan_nghi_thieu,774757050135,fashion,货号,J-B02(铁片连衣裙),J-B02 (váy sắt),1.2
qua_ngan_nghi_thieu,931477686282,bags,女士背包,女士双肩包,ba lô nữ3,1.2
qua_ngan_nghi_thieu,971992312435,home,产品类别,冰箱保鲜盒,tủ lạnh1,1.2
qua_ngan_nghi_thieu,911888881146,shoes,颜色,"咖啡色, 黑色","nâu, đen",1.2
qua_ngan_nghi_thieu,971992312435,home,货号,冰箱保鲜盒,tủ lạnh2,1.2
qua_ngan_nghi_thieu,718574268057,home,货号,8870-8875冰淇淋色系,Màu Kem 8870-88752,1.2
qua_ngan_nghi_thieu,931796788484,fashion,颜色,"灰色, 咖啡色","xám, nâu",1.2
qua_ngan_nghi_thieu,718574268057,home,型号,8870-8875冰淇淋色系,Màu Kem 8870-88751,1.2
qua_ngan_nghi_thieu,662316823975,bags,款式,女式双肩包,Ba lô nữ,1.2
qua_ngan_nghi_thieu,991188655380,bags,关键词3,女生双肩包,ba lô nữ1,1.2
qua_ngan_nghi_thieu,853641860437,shoes,闭合方式,一脚蹬套脚,Xỏ chân,1.2
qua_ngan_nghi_thieu,959075592047,shoes,颜色,"黑色, 咖啡色","đen, nâu",1.2
qua_ngan_nghi_thieu,970876408469,home,产品类别,冰箱保鲜盒,tủ lạnh,1.2
qua_ngan_nghi_thieu,548319322557,bags,款式,女式双肩包,Ba lô nữ,1.2
qua_ngan_nghi_thieu,1046505442156,mother_baby,元素,"套装, 条纹","Bộ2, Sọc1",1.25
qua_ngan_nghi_thieu,1036426647949,mother_baby,元素,"套装, 条纹","Bộ1, Sọc2",1.25
qua_ngan_nghi_thieu,668015469648,home,货号,茶色杏色,mơ nâu,1.25
qua_ngan_nghi_thieu,949146148645,fashion,材质功能,吸湿排汗,Hút ẩm,1.25
qua_ngan_nghi_thieu,950481549483,fashion,材质功能,吸湿排汗,Hút ẩm,1.25
qua_ngan_nghi_thieu,978042859210,shoes,流行元素,皮革拼接,Nối da,1.25
qua_ngan_nghi_thieu,605860416986,auto,属性2,车载靠垫,đệm xe,1.25
qua_ngan_nghi_thieu,918965351784,auto,香调,花香木质,Gỗ hoa,1.25
qua_ngan_nghi_thieu,914535232527,auto,香调,花香木质,Gỗ hoa,1.25
qua_ngan_nghi_thieu,974604312609,shoes,流行元素,皮革拼接,Nối da,1.25
qua_ngan_nghi_thieu,1000386494558,bags,皮质特征,二层牛皮,Da lộn,1.25
qua_ngan_nghi_thieu,977749962332,bags,皮质特征,二层牛皮,Da lộn,1.25
qua_ngan_nghi_thieu,669087525676,bags,皮质特征,二层牛皮,Da lộn,1.25
qua_ngan_nghi_thieu,968716942698,bags,皮质特征,二层牛皮,Da lộn,1.25
qua_ngan_nghi_thieu,929540091008,bags,皮质特征,二层牛皮,Da lộn,1.25
qua_ngan_nghi_thieu,969037406150,home,织造工艺,"花边, 印花","ren, In",1.25
qua_ngan_nghi_thieu,891462173276,fashion,工艺,车线缝制,may vá,1.25
qua_ngan_nghi_thieu,990041912862,bags,皮质特征,二层牛皮,Da lộn,1.25
qua_ngan_nghi_thieu,1008849150620,home,产品类别,刀具套装,Bộ dao,1.25
qua_ngan_nghi_thieu,1027682531629,home,产品类别,刀具套装,Bộ dao,1.25
qua_ngan_nghi_thieu,971482947073,mother_baby,功能,吸湿排汗,Hút ẩm,1.25
qua_ngan_nghi_thieu,639943120158,home,产品类别,刀具套装,Bộ dao,1.25
qua_ngan_nghi_thieu,545858180371,food,制作工艺,挤压膨化,Ép đùn,1.25
qua_ngan_nghi_thieu,750640569568,home,产品类别,刀具套装,Bộ dao,1.25
qua_ngan_nghi_thieu,795903168020,home,产品类别,刀具套装,Bộ dao,1.25
qua_ngan_nghi_thieu,976217442600,fashion,领型,木耳边领,Cổ nấm,1.25
qua_ngan_nghi_thieu,980318763706,shoes,鞋垫材质,人造皮革,da giả,1.25
qua_ngan_nghi_thieu,997123765536,shoes,鞋面材质,二层牛皮,Da lộn,1.25
qua_ngan_nghi_thieu,998129630165,bags,皮质特征,二层牛皮,Da lộn,1.25
qua_ngan_nghi_thieu,796067224413,mother_baby,功能,吸湿排汗,Hút ẩm,1.25
qua_ngan_nghi_thieu,923752167610,home,产品类别,刀具套装,Bộ dao,1.25
qua_ngan_nghi_thieu,745692707178,home,产品类别,刀具套装,Bộ dao,1.25
qua_ngan_nghi_thieu,965212772683,home,产品类别,刀具套装,Bộ dao,1.25
qua_ngan_nghi_thieu,659085910822,home,产品类别,刀具套装,Bộ dao,1.25
qua_ngan_nghi_thieu,653790305964,mother_baby,功能,吸湿排汗,Hút ẩm,1.25
qua_ngan_nghi_thieu,991369175928,mother_baby,功能,吸湿排汗,Hút ẩm,1.25
qua_ngan_nghi_thieu,985838942447,fashion,材质功能,吸湿排汗,Hút ẩm,1.25
qua_ngan_nghi_thieu,973901939714,fashion,材质功能,吸湿排汗,Hút ẩm,1.25
qua_ngan_nghi_thieu,942718608127,electronics,是否无线耳机,二者都是,Cả hai,1.25
qua_ngan_nghi_thieu,722757857327,home,产品类别,刀具套装,Bộ dao,1.25
qua_ngan_nghi_thieu,992407100424,home,产品类别,刀具套装,Bộ dao,1.25
qua_ngan_nghi_thieu,984225047086,bags,皮质特征,二层牛皮,Da lộn,1.25
qua_ngan_nghi_thieu,993325893153,bags,皮质特征,二层牛皮,Da lộn,1.25
qua_ngan_nghi_thieu,901437192555,fashion,工艺,车线缝制,may vá,1.25
qua_ngan_nghi_thieu,994482598514,fashion,主面料成分,锦纶/尼龙,nylon,1.25
qua_ngan_nghi_thieu,677130198991,fashion,主面料成分,锦纶/尼龙,Nylon,1.25
qua_ngan_nghi_thieu,731456263149,food,原料与配料,茶叶嫩芽,Nụ trà,1.25
qua_ngan_nghi_thieu,983342280389,bags,皮质特征,二层牛皮,Da lộn,1.25
qua_ngan_nghi_thieu,977685356902,bags,皮质特征,二层牛皮,Da lộn,1.25
qua_ngan_nghi_thieu,675531357707,food,产品类别,武夷肉桂,Quế Vũ,1.25
qua_ngan_nghi_thieu,1000971403324,bags,皮质特征,二层牛皮,Da lộn,1.25
qua_ngan_nghi_thieu,990238881634,bags,皮质特征,二层牛皮,Da lộn,1.25
qua_ngan_nghi_thieu,918502292427,fashion,材质功能,吸湿排汗,Hút ẩm,1.25
qua_ngan_nghi_thieu,989091584054,bags,皮质特征,二层牛皮,Da lộn,1.25
qua_ngan_nghi_thieu,976434924537,mother_baby,功能,吸湿排汗,Hút ẩm,1.25
qua_ngan_nghi_thieu,975314882220,mother_baby,货号,TXT-包包套装,Bộ túi TXT,1.25
qua_ngan_nghi_thieu,605870746001,food,产品类别,武夷肉桂,Quế Vũ,1.25
qua_ngan_nghi_thieu,877555264444,bags,皮质特征,二层牛皮,Da lộn,1.25
qua_ngan_nghi_thieu,972405471983,fashion,材质功能,吸湿排汗,Hút ẩm,1.25
qua_ngan_nghi_thieu,976546344899,fashion,主面料成分,锦纶/尼龙,nylon2,1.25
qua_ngan_nghi_thieu,927623691205,fashion,主面料成分,锦纶/尼龙,Nylon,1.25
qua_ngan_nghi_thieu,972098699523,fashion,主面料成分,锦纶/尼龙,nylon,1.25
qua_ngan_nghi_thieu,753496997201,beauty,产品名称,HERORANGE星耀绚彩水漾口红,Son môi nước đầy màu sắc,1.25
qua_ngan_nghi_thieu,886879184995,fashion,材质功能,吸湿排汗,Hút ẩm,1.25
qua_ngan_nghi_thieu,977063562445,fashion,主面料成分,锦纶/尼龙,nylon,1.25
qua_ngan_nghi_thieu,975961140523,fashion,主面料成分,锦纶/尼龙,nylon,1.25
qua_ngan_nghi_thieu,669280702620,mother_baby,功能,吸湿排汗,Hút ẩm,1.25
qua_ngan_nghi_thieu,533127677213,food,货号,武夷肉桂,Quế Vũ2,1.25
qua_ngan_nghi_thieu,533127677213,food,产品类别,武夷肉桂,Quế Vũ1,1.25
qua_ngan_nghi_thieu,992468590651,mother_baby,功能,吸湿排汗,Hút ẩm,1.25
qua_ngan_nghi_thieu,832851652578,mother_baby,功能,吸湿排汗,Hút ẩm,1.25
qua_ngan_nghi_thieu,640630409892,electronics,是否无线耳机,二者都是,Cả hai,1.25
qua_ngan_nghi_thieu,607612827226,beauty,适用人群,"女士, 男士","Nữ, Nam",1.25
qua_ngan_nghi_thieu,692843893620,food,产品类别,武夷肉桂,Quế Vũ1,1.25
qua_ngan_nghi_thieu,1019370261983,mother_baby,货号,T26C02条纹上衣 T24Q91 T25C25,T26C02 Áo sọc T24Q91 T25C25,1.25
qua_ngan_nghi_thieu,983405378198,shoes,流行元素,皮革拼接,Nối da,1.25
qua_ngan_nghi_thieu,959075592047,shoes,鞋垫材质,人造皮革,da giả,1.25
qua_ngan_nghi_thieu,977051192198,shoes,流行元素,皮革拼接,Nối da,1.25
qua_ngan_nghi_thieu,866616605616,mother_baby,功能特性,吸湿排汗,Hút ẩm,1.25
qua_ngan_nghi_thieu,926729749985,fashion,主面料成分,锦纶/尼龙,Nylon,1.25
qua_ngan_nghi_thieu,986122004498,fashion,材质功能,吸湿排汗,Hút ẩm,1.25
qua_ngan_nghi_thieu,970427099134,home,织造工艺,"花边, 印花","ren, In",1.25
qua_ngan_nghi_thieu,873494626262,shoes,鞋垫材质,人造皮革,da giả,1.25
qua_ngan_nghi_thieu,973855771105,shoes,流行元素,皮革拼接,Nối da,1.25
qua_ngan_nghi_thieu,973040809084,shoes,流行元素,皮革拼接,Nối da,1.25
qua_ngan_nghi_thieu,670076915611,beauty,适用人群,"女士, 男士","bà, Nam",1.25
qua_ngan_nghi_thieu,974728204981,shoes,流行元素,皮革拼接,Nối da,1.25
qua_ngan_nghi_thieu,994181782293,bags,皮质特征,二层牛皮,Da lộn,1.25
qua_ngan_nghi_thieu,634574256615,mother_baby,功能,吸湿排汗,Hút ẩm,1.25
qua_ngan_nghi_thieu,737450492099,mother_baby,功能,吸湿排汗,Hút ẩm,1.25
qua_ngan_nghi_thieu,948359797366,shoes,鞋垫材质,人造皮革,da giả,1.25
qua_ngan_nghi_thieu,980316910082,shoes,鞋面材质,二层牛皮,Da lộn,1.25
qua_ngan_nghi_thieu,990268462642,mother_baby,功能,吸湿排汗,Hút ẩm,1.25
qua_ngan_nghi_thieu,979580610221,mother_baby,功能,吸湿排汗,Hút ẩm,1.25
qua_ngan_nghi_thieu,940933055181,electronics,电源容量,"5000毫安, 10000毫安","5000mA, 10000 mAh",1.25
qua_ngan_nghi_thieu,920440106376,fashion,功能,吸湿排汗,Hút ẩm,1.25
qua_ngan_nghi_thieu,785034143652,beauty,药（械）准字,湘械注准20222141337,Hồ Nam 20222141337,1.25
qua_ngan_nghi_thieu,831265606807,electronics,电源容量,"5000毫安, 10000毫安","5000 mAh, 10000 mA",1.25
qua_ngan_nghi_thieu,982962653250,shoes,流行元素,皮革拼接,Nối da,1.25
qua_ngan_nghi_thieu,919460536535,fashion,材质功能,吸湿排汗,Hút ẩm,1.25
qua_ngan_nghi_thieu,967202351259,auto,分类,车用挂钩,móc xe,1.25
qua_ngan_nghi_thieu,995083078036,shoes,流行元素,皮革拼接,Nối da,1.25
qua_ngan_nghi_thieu,981951490461,shoes,尺码,"女款36, 女款37, 女款38, 女款39, 女款40, 男款39, 男款40, 男款41, 男款42, 男款43, 男款44","Nữ 36, Nữ 37, Nữ 38, Nữ 39, Nữ 40, Nam 39, Nam 40, Nam 41, Nam 42, Nam 43, Nam 44",1.27
qua_ngan_nghi_thieu,695104835826,beauty,产品名称,BABOGGE巴宝格茶泥清洁净颜面膜,Mặt Nạ Đất Sét Trà BABOGGE,1.27
qua_ngan_nghi_thieu,894125355574,fashion,颜色,"(三)T15-黑色, (三)T15-白色, （十二）992-黑色, （十二）992-白色, （十二）993-黑色, （十二）993白色","(Ba) T15-Đen, (Ba) T15-Trắng, (12) 992-Đen, (12) 992-trắng, (12) 993-Đen, (12) 993 trắng",1.27
qua_ngan_nghi_thieu,929035228690,beauty,产品名称,SEOMOU施逅玻尿酸水润嫩肤面膜,Mặt nạ dưỡng ẩm da SEOMOU,1.27
qua_ngan_nghi_thieu,835577792329,shoes,鞋面材质,纺织品+聚氯乙烯,Dệt may PVC,1.29
qua_ngan_nghi_thieu,736448850903,food,原料与配料,槠叶种茶树鲜叶,Lá trà tươi,1.29
qua_ngan_nghi_thieu,898964948784,electronics,颜色,"黑色, 银色, 紫罗兰","đen, bạc, tím",1.29
qua_ngan_nghi_thieu,623398595649,beauty,产品名称,婴国天使INGUOANGEL婴儿蚕丝面膜,Mặt nạ lụa trẻ em INGUOANGEL,1.3
qua_ngan_nghi_thieu,985826431886,shoes,款式,芭蕾舞平底鞋,giày ba lê,1.33
qua_ngan_nghi_thieu,680683704424,shoes,款式,芭蕾舞平底鞋,giày ba lê,1.33
qua_ngan_nghi_thieu,1072491926308,mother_baby,颜色,套装【上衣+裤子】,Bộ [áo + quần],1.33
qua_ngan_nghi_thieu,1073413305441,mother_baby,颜色,"套装, 上衣, 裤子","Bộ, Áo, Quần",1.33
qua_ngan_nghi_thieu,998696892945,auto,货号,猫咪车载挂钩,Móc xe mèo,1.33
qua_ngan_nghi_thieu,969600117671,bags,流行元素,"字母, 印花, 拼接","thư2, In, Nối",1.33
qua_ngan_nghi_thieu,692830963717,shoes,鞋面材质,牛反绒(牛猄皮),Da bò (da bò),1.33
qua_ngan_nghi_thieu,970387938772,bags,流行元素,"字母, 印花, 拼接","thư2, In, Nối",1.33
qua_ngan_nghi_thieu,908036279773,electronics,电源容量,"10000毫安, 20000毫安, 5000毫安","10000 mAh, 20000 mAh, 5000mA",1.33
qua_ngan_nghi_thieu,985135849920,shoes,款式,芭蕾舞平底鞋,giày ba lê,1.33
qua_ngan_nghi_thieu,665075502160,beauty,产品名称,润百颜屏障调理面膜,Mặt nạ dưỡng ẩm,1.33
qua_ngan_nghi_thieu,896194900453,home,颜色,"三格, 四格, 五格","Ba ô, Bốn ô, 5 ô",1.33
qua_ngan_nghi_thieu,1074499872574,mother_baby,颜色,套装【上衣+裤子】,Bộ [áo + quần],1.33
qua_ngan_nghi_thieu,1082853041693,shoes,皮鞋女,一脚蹬乐福鞋,Giày lười3,1.33
qua_ngan_nghi_thieu,829953848345,electronics,电源容量,"5000毫安, 10000毫安, 20000毫安","5000mA, 10000 mAh, 20000 mAh",1.33
qua_ngan_nghi_thieu,793979721304,electronics,电源容量,"5000毫安, 10000毫安, 20000毫安","5000mA, 10000 mAh, 20000 mAh",1.33
qua_ngan_nghi_thieu,1039864594143,mother_baby,颜色,"粉色蝴蝶结套装, 灰色蝴蝶结套装","Bộ đồ nơ hồng, Bộ đồ nơ xám",1.36
qua_ngan_nghi_thieu,807119263514,fashion,颜色,"8078黑色上衣, 8078白色上衣, 8078连衣裙","8078 áo đen, 8078 áo trắng, váy 8078",1.36
qua_ngan_nghi_thieu,719048095151,auto,数据存储时间,循环录像，充电使用,"Quay vòng, sạc",1.38
qua_ngan_nghi_thieu,990025907874,home,尺寸,"【20.5*14*7.3cm】五个, 【20.5*14*7.3cm】三个, 【20.5*14*7.3cm】两个, 【20.5*14*7.3cm】一个","[20,5*14*7,3cm]Năm, [20,5*14*7,3cm] Ba, [20,5*14*7,3cm] Hai, 【20,5*14*7,3cm】Một",1.38
qua_ngan_nghi_thieu,724651453603,shoes,颜色,"WF613卡其色, WF613黑色","WF613 kaki, WF613 đen",1.4
qua_ngan_nghi_thieu,1068931374262,home,开合方式,卡扣式开合,Khóa cài,1.4
qua_ngan_nghi_thieu,1062681564352,home,开合方式,卡扣式开合,Khóa cài,1.4
qua_ngan_nghi_thieu,1054095623161,home,开合方式,卡扣式开合,Khóa cài,1.4
qua_ngan_nghi_thieu,972585173092,home,工艺,柔性版印刷,In flexo,1.4
qua_ngan_nghi_thieu,1030511418230,home,开合方式,卡扣式开合,Khóa cài,1.4
qua_ngan_nghi_thieu,1032990558732,home,开合方式,卡扣式开合,Khóa cài,1.4
qua_ngan_nghi_thieu,1041059895654,home,开合方式,卡扣式开合,Khóa cài,1.4
qua_ngan_nghi_thieu,1040757380178,home,开合方式,卡扣式开合,Khóa cài,1.4
qua_ngan_nghi_thieu,876193503676,electronics,耳机类别,头戴式耳机,Tai nghe,1.4
qua_ngan_nghi_thieu,753410460348,electronics,款式,头戴式耳机,tai nghe3,1.4
qua_ngan_nghi_thieu,1000037685796,electronics,耳机类别,头戴式耳机,tai nghe,1.4
qua_ngan_nghi_thieu,753410460348,electronics,耳机类型,头戴式耳机,tai nghe1,1.4
qua_ngan_nghi_thieu,1031833392077,home,开合方式,卡扣式开合,Khóa cài,1.4
qua_ngan_nghi_thieu,1014755764329,home,开合方式,卡扣式开合,Khóa cài,1.4
qua_ngan_nghi_thieu,982566895216,home,开合方式,卡扣式开合,Khóa cài,1.4
qua_ngan_nghi_thieu,801132038796,electronics,3,头戴式耳机,Tai nghe,1.4
qua_ngan_nghi_thieu,907616745009,food,生产厂家,曲奇小饼干,Bánh quy2,1.4
qua_ngan_nghi_thieu,742285740370,electronics,耳机类别,头戴式耳机,tai nghe,1.4
qua_ngan_nghi_thieu,942718608127,electronics,耳机类别,头戴式耳机,Tai nghe,1.4
qua_ngan_nghi_thieu,709777380360,electronics,耳机类别,头戴式耳机,tai nghe,1.4
qua_ngan_nghi_thieu,994387606080,electronics,耳机类别,头戴式耳机,Tai nghe,1.4
qua_ngan_nghi_thieu,1037862183666,home,开合方式,卡扣式开合,Khóa cài,1.4
qua_ngan_nghi_thieu,951904424799,bags,货号,9019-加厚行李箱,9019-Vali dày,1.4
qua_ngan_nghi_thieu,1063909907991,home,开合方式,卡扣式开合,Khóa cài,1.4
qua_ngan_nghi_thieu,1032977462887,home,开合方式,卡扣式开合,Khóa cài,1.4
qua_ngan_nghi_thieu,1034782850932,home,开合方式,卡扣式开合,Khóa cài,1.4
qua_ngan_nghi_thieu,1005547596147,home,开合方式,卡扣式开合,Khóa cài,1.4
qua_ngan_nghi_thieu,1033835549328,home,开合方式,卡扣式开合,Khóa cài,1.4
qua_ngan_nghi_thieu,1074118804620,home,开合方式,卡扣式开合,Khóa cài,1.4
qua_ngan_nghi_thieu,1013524715806,home,开合方式,卡扣式开合,Khóa cài,1.4
qua_ngan_nghi_thieu,969296598671,mother_baby,颜色,蝴蝶结多扣,Nhiều nơ,1.4
qua_ngan_nghi_thieu,1057530569077,home,开合方式,卡扣式开合,Khóa cài,1.4
qua_ngan_nghi_thieu,1071219659140,home,开合方式,卡扣式开合,Khóa cài,1.4
qua_ngan_nghi_thieu,1052301763992,home,开合方式,卡扣式开合,Khóa cài,1.4
qua_ngan_nghi_thieu,1066150112694,home,开合方式,卡扣式开合,Khóa cài,1.4
qua_ngan_nghi_thieu,1049202289740,home,开合方式,卡扣式开合,Khóa cài,1.4
qua_ngan_nghi_thieu,1012414070837,home,开合方式,卡扣式开合,Khóa cài,1.4
qua_ngan_nghi_thieu,1049519824286,home,开合方式,卡扣式开合,Khóa cài,1.4
qua_ngan_nghi_thieu,1043681489317,home,开合方式,卡扣式开合,Khóa cài,1.4
qua_ngan_nghi_thieu,1026680414335,home,开合方式,卡扣式开合,Khóa cài,1.4
qua_ngan_nghi_thieu,1027003076132,home,开合方式,卡扣式开合,Khóa cài,1.4
qua_ngan_nghi_thieu,1058795246668,home,开合方式,卡扣式开合,Khóa cài,1.4
qua_ngan_nghi_thieu,1008137145179,home,开合方式,卡扣式开合,Khóa cài2,1.4
qua_ngan_nghi_thieu,1058093824020,home,开合方式,卡扣式开合,Khóa cài,1.4
qua_ngan_nghi_thieu,906482146480,food,生产厂家,曲奇小饼干,Bánh quy2,1.4
qua_ngan_nghi_thieu,1047771769812,home,开合方式,卡扣式开合,Khóa cài,1.4
qua_ngan_nghi_thieu,1004357128276,home,开合方式,卡扣式开合,Khóa cài,1.4
qua_ngan_nghi_thieu,529554190374,electronics,耳机类别,头戴式耳机,tai nghe,1.4
qua_ngan_nghi_thieu,721870868100,electronics,耳机类别,头戴式耳机,Tai nghe2,1.4
qua_ngan_nghi_thieu,760933818888,electronics,耳机类别,头戴式耳机,tai nghe,1.4
qua_ngan_nghi_thieu,683680906508,electronics,耳机类别,头戴式耳机,tai nghe,1.4
qua_ngan_nghi_thieu,1004335756986,home,开合方式,卡扣式开合,Khóa cài,1.4
qua_ngan_nghi_thieu,640630409892,electronics,耳机类型,头戴式耳机,Tai nghe,1.4
qua_ngan_nghi_thieu,720722675763,electronics,耳机类别,头戴式耳机,tai nghe2,1.4
qua_ngan_nghi_thieu,998493246212,electronics,耳机类别,头戴式耳机,tai nghe2,1.4
qua_ngan_nghi_thieu,720722675763,electronics,适用场景,头戴式耳机,tai nghe1,1.4
qua_ngan_nghi_thieu,946689117576,electronics,耳机类别,头戴式耳机,tai nghe,1.4
qua_ngan_nghi_thieu,950407086235,electronics,耳机类型,头戴式耳机,tai nghe1,1.4
qua_ngan_nghi_thieu,739954560722,electronics,耳机类别,头戴式耳机,Tai nghe,1.4
qua_ngan_nghi_thieu,985694576475,fashion,服装口袋样式,暗辑线贴袋,Túi vá ẩn,1.4
qua_ngan_nghi_thieu,906584218506,electronics,耳机类别,头戴式耳机,tai nghe,1.4
qua_ngan_nghi_thieu,985693088515,fashion,服装口袋样式,暗辑线贴袋,Túi vá ẩn,1.4
qua_ngan_nghi_thieu,1058053927458,home,开合方式,卡扣式开合,Khóa cài,1.4
qua_ngan_nghi_thieu,884678395310,electronics,耳机类别,头戴式耳机,tai nghe,1.4
qua_ngan_nghi_thieu,969473385663,electronics,耳机类型,头戴式耳机,Tai nghe,1.4
qua_ngan_nghi_thieu,945438346849,electronics,耳机类别,头戴式耳机,tai nghe,1.4
qua_ngan_nghi_thieu,901399474697,electronics,耳机类别,头戴式耳机,Tai nghe,1.4
qua_ngan_nghi_thieu,855078200885,electronics,耳机类别,头戴式耳机,tai nghe,1.4
qua_ngan_nghi_thieu,994181782293,bags,货号,男双肩包阿,ba lô nam,1.4
qua_ngan_nghi_thieu,904785612205,bags,颜色,"卡其色, 黑色","kaki, đen",1.4
qua_ngan_nghi_thieu,694447977220,electronics,耳机类别,头戴式耳机,Tai nghe,1.4
qua_ngan_nghi_thieu,945990953695,electronics,耳机类别,头戴式耳机,tai nghe,1.4
qua_ngan_nghi_thieu,933636852547,electronics,耳机类别,头戴式耳机,tai nghe,1.4
qua_ngan_nghi_thieu,977693833666,electronics,耳机类别,头戴式耳机,tai nghe3,1.4
qua_ngan_nghi_thieu,676745703151,electronics,耳机类别,头戴式耳机,tai nghe,1.4
qua_ngan_nghi_thieu,849405615614,bags,货号,男双肩包阿,Ba lô nam,1.4
qua_ngan_nghi_thieu,642921034993,beauty,产品名称,YAQINUO雅琪诺水蜜桃氨基酸洗面奶,Sữa rửa mặt axit amin YAQINUO,1.42
qua_ngan_nghi_thieu,809418407349,beauty,系列,MIDUOLA咪朵拉丝绒哑光不沾杯口红,Son môi mờ không dính MIDUOLA,1.42
qua_ngan_nghi_thieu,901219606194,bags,最晚发货时间,双肩包男女通用,Ba lô unisex,1.43
qua_ngan_nghi_thieu,825021458435,beauty,产品名称,M1030水漾倍护润唇膏,Son dưỡng ẩm M10302,1.43
qua_ngan_nghi_thieu,825021458435,beauty,货号,M1030水漾倍护润唇膏,Son dưỡng ẩm M10301,1.43
qua_ngan_nghi_thieu,986092163355,bags,颜色,棕色猿猴双肩包,Ba lô khỉ nâu,1.43
qua_ngan_nghi_thieu,914590230908,shoes,颜色,"黑色, 黑色大网眼","đen, Lưới đen",1.43
qua_ngan_nghi_thieu,926789201174,bags,颜色,"卡其色, 棕色, 黑色","kaki, nâu, đen",1.43
qua_ngan_nghi_thieu,970708837655,mother_baby,颜色,"猫咪套装, 蝴蝶结裤子","bộ đồ mèo, quần nơ",1.44
qua_ngan_nghi_thieu,732459925706,auto,型号,"50厘米*1米, 30厘米*1.5米, 50厘米*1.5米","50 cm * 1 m2, 30 cm * 1.5 mét, 50 cm * 1.5 mét",1.44
qua_ngan_nghi_thieu,783473678943,electronics,颜色,果冻-黑色-蝴蝶结碎花,Thạch-đen-hoa nơ,1.44
qua_dai_nghi_thua,969811060123,auto,规格尺寸,中抬台记录仪+HUD+安全预警仪,Máy ghi âm gắn trên bảng điều khiển trung tâm + HUD (Màn hình hiển thị trên kính) + Hệ thống cảnh báo an toàn,7.09
qua_dai_nghi_thua,974544542128,shoes,尺码,"35码 内长22.5, 36码 内长23.0, 37码 内长23.5, 38码 内长24.0, 39码 内长24.5, 40码 内长25.0, 41码 内长25.5, 42码 内长26.0, 43码 内长26.5, 44码 内长27.0, 45码 内长27.5","Size 35, chiều dài bên trong 22,5, Kích cỡ 36, chiều dài bên trong 23.0, Size 37, chiều dài bên trong 23,5, Kích thước 38, chiều dài bên trong 24,0, Size 39, chiều dài bên trong 24,5, Kích thước 40, Chiều dài bên trong 25,0 cm, Size 41, chiều dài bên trong 25,5, Size 42, chiều dài bên trong 26.0, Si",7.09
qua_dai_nghi_thua,810568981698,fashion,尺码,"S, M, L, XL, XXL, 3XL（需求多件请私聊客服）, 4XL（需求多件请私聊客服）","S, M, L, XL, XXL, 3XL (vui lòng liên hệ riêng với bộ phận chăm sóc khách hàng nếu bạn cần nhiều sản phẩm), 4XL (vui lòng liên hệ riêng với bộ phận chăm sóc khách hàng nếu bạn cần nhiều sản phẩm)",7.11
qua_dai_nghi_thua,1071840799830,shoes,颜色,旺旺联系客服了解,Liên hệ bộ phận chăm sóc khách hàng của Wangwang để biết thêm thông tin.,7.12
qua_dai_nghi_thua,981759855001,home,货号,更多新款联系客服,"Để biết thêm phong cách mới, vui lòng liên hệ bộ phận chăm sóc khách hàng",7.12
qua_dai_nghi_thua,1002806832218,bags,支持定制,现货加标 定制面料 定制五金 承接ODM OEM等,"Sẵn sàng giao hàng với các tùy chọn thương hiệu, vải tùy chỉnh, phần cứng tùy chỉnh. Chúng tôi chấp nhận ODM, OEM và các đơn đặt hàng sản xuất khác.",7.13
qua_dai_nghi_thua,1001278542144,bags,支持定制,现货加标 定制面料 定制五金 承接ODM OEM等,"Sẵn sàng giao hàng với các tùy chọn thương hiệu, vải tùy chỉnh, phần cứng tùy chỉnh. Chúng tôi chấp nhận ODM, OEM và các đơn đặt hàng sản xuất khác.",7.13
qua_dai_nghi_thua,771994565699,auto,颜色分类,"【前1080+中480+后480】【车外后摄】, 【前1080+中480+后480】【车内后摄】, 【前1080+中480+后480+WIFI】【车外后摄】, 【前1080+中480+后480+WIFI】【车内后摄】","[Camera trước 1080+Camera giữa 480+Camera sau 480] [Hình ảnh từ camera lùi bên ngoài xe], [Camera trước 1080+Camera giữa 480+Camera sau 480] [Camera lùi trên xe], [Camera trước 1080+Camera giữa 480+Camera sau 480+WIFI] [Camera sau gắn ngoài xe], [Camera trước 1080p + Camera giữa 480p + Camera sau 48",7.14
qua_dai_nghi_thua,984225047086,bags,功能,"防水, 耐磨, 抗震","không thấm nước, Chống mài mòn, Khả năng chống động đất",7.17
qua_dai_nghi_thua,758769996612,beauty,非特化妆品备案证号,粤G妆网备字2023516514,Quảng Đông G trang điểm mạng chuẩn bị nhân vật 2023516514,7.2
qua_dai_nghi_thua,675298763981,beauty,非特化妆品备案证号,粤G妆网备字2022090801,Quảng Đông G trang điểm mạng chuẩn bị nhân vật 2022090801,7.2
qua_dai_nghi_thua,831452757923,beauty,非特化妆品备案证号,粤G妆网备字2024330042,Mã số đăng ký mạng lưới trang điểm G Quảng Đông: 2024330042,7.2
qua_dai_nghi_thua,725572415415,beauty,非特化妆品备案证号,粤G妆网备字2022338943,Thư pháp chuẩn bị lưới trang điểm Quảng Đông G 2022338943,7.2
qua_dai_nghi_thua,648276572285,beauty,非特化妆品备案证号,粤G妆网备字2024072843,Quảng Đông G trang điểm mạng chuẩn bị nhân vật 2024072843,7.2
qua_dai_nghi_thua,830296980793,beauty,非特化妆品备案证号,粤G妆网备字2023392088,Mã số đăng ký mạng lưới trang điểm G Quảng Đông: 2023392088,7.2
qua_dai_nghi_thua,828656372086,beauty,非特化妆品备案证号,粤G妆网备字2024291310,Mã số đăng ký mạng lưới trang điểm G Quảng Đông: 2024291310,7.2
qua_dai_nghi_thua,694005770351,beauty,非特化妆品备案证号,粤G妆网备字2026043317,Mã số đăng ký mạng lưới trang điểm G Quảng Đông: 2026043317,7.2
qua_dai_nghi_thua,680585880518,beauty,非特化妆品备案证号,粤G妆网备字2022142608,Thư pháp chuẩn bị lưới trang điểm Quảng Đông G 2022142608,7.2
qua_dai_nghi_thua,597090034012,beauty,非特化妆品备案证号,粤G妆网备字2023392088,Mã số đăng ký mạng lưới trang điểm G Quảng Đông: 2023392088,7.2
qua_dai_nghi_thua,650278726308,beauty,非特化妆品备案证号,粤G妆网备字2023207449,Mã số đăng ký mạng lưới trang điểm Quảng Đông G: 2023207449,7.2
qua_dai_nghi_thua,705366581183,beauty,非特化妆品备案证号,粤G妆网备字2023347063,Mã số đăng ký mạng lưới trang điểm Quảng Đông G: 2023347063,7.2
qua_dai_nghi_thua,640158407790,beauty,非特化妆品备案证号,粤G妆网备字2025328759,Mã số đăng ký mạng lưới trang điểm G Quảng Đông: 2025328759,7.2
qua_dai_nghi_thua,638915831136,beauty,非特化妆品备案证号,粤G妆网备字2023392826,Mã số đăng ký mạng lưới trang điểm Quảng Đông G: 2023392826,7.2
qua_dai_nghi_thua,588034488126,beauty,非特化妆品备案证号,粤G妆网备字2023392089,Mã số đăng ký mạng lưới trang điểm G Quảng Đông: 2023392089,7.2
qua_dai_nghi_thua,855950317664,beauty,非特化妆品备案证号,粤G妆网备字2024288930,Mã số đăng ký mạng lưới trang điểm G Quảng Đông: 2024288930,7.2
qua_dai_nghi_thua,932007817830,beauty,非特化妆品备案证号,粤G妆网备字2025086151,Mã số đăng ký mạng lưới trang điểm Quảng Đông G: 2025086151,7.2
qua_dai_nghi_thua,707822253991,beauty,非特化妆品备案证号,粤G妆网备字2021516919,Quảng Đông G trang điểm mạng chuẩn bị nhân vật 2021516919,7.2
qua_dai_nghi_thua,747454103936,beauty,非特化妆品备案证号,粤G妆网备字2022286618,Mã số đăng ký mạng lưới trang điểm G Quảng Đông: 2022286618,7.2
qua_dai_nghi_thua,859629062845,beauty,非特化妆品备案证号,粤G妆网备字2023410063,Mã số đăng ký mạng lưới trang điểm G Quảng Đông: 2023410063,7.2
qua_dai_nghi_thua,678837695031,beauty,非特化妆品备案证号,粤G妆网备字2022395472,Quảng Đông G trang điểm mạng chuẩn bị nhân vật 2022395472,7.2
qua_dai_nghi_thua,807746895840,beauty,非特化妆品备案证号,粤G妆网备字2023365105,Quảng Đông G trang điểm mạng chuẩn bị nhân vật 2023365105,7.2
qua_dai_nghi_thua,841805033770,beauty,非特化妆品备案证号,粤G妆网备字2023392826,Mã số đăng ký mạng lưới trang điểm Quảng Đông G: 2023392826,7.2
qua_dai_nghi_thua,682359803716,beauty,非特化妆品备案证号,沪G妆网备字2024017897,Mã số đăng ký mạng lưới trang điểm G Thượng Hải 2024017897,7.2
qua_dai_nghi_thua,741820128677,beauty,非特化妆品备案证号,粤G妆网备字2022286618,Thư pháp chuẩn bị lưới trang điểm Quảng Đông G 2022286618,7.2
qua_dai_nghi_thua,688577734065,beauty,非特化妆品备案证号,粤G妆网备字2022306819,Mã Số Đăng Ký Mạng Lưới Trang Điểm Quảng Đông G: 2022306819,7.2
qua_dai_nghi_thua,633476353720,beauty,非特化妆品备案证号,粤G妆网备字2022038474,Quảng Đông G trang điểm mạng chuẩn bị nhân vật 2022038474,7.2
qua_dai_nghi_thua,928183619796,beauty,非特化妆品备案证号,粤G妆网备字2025190672,Mã số đăng ký mạng lưới trang điểm Quảng Đông G: 2025190672,7.2
qua_dai_nghi_thua,708067514417,beauty,非特化妆品备案证号,粤G妆网备字2022280671,Lời chuẩn bị mạng lưới trang điểm Quảng Đông G 2022280671,7.2
qua_dai_nghi_thua,713290627956,beauty,非特化妆品备案证号,粤G妆网备字2021746285,Quảng Đông G trang điểm mạng chuẩn bị nhân vật 2021746285,7.2
qua_dai_nghi_thua,673520153991,beauty,非特化妆品备案证号,粤G妆网备字2022025803,Thư pháp chuẩn bị lưới trang điểm Quảng Đông G 20225803,7.2
qua_dai_nghi_thua,892447070317,beauty,非特化妆品备案证号,粤G妆网备字2025109469,Mã số đăng ký mạng lưới trang điểm G Quảng Đông: 2025109469,7.2
qua_dai_nghi_thua,619813862862,beauty,非特化妆品备案证号,粤G妆网备字2019296385,Quảng Đông G trang điểm mạng chuẩn bị nhân vật 2019296385,7.2
qua_dai_nghi_thua,770392587824,beauty,非特化妆品备案证号,粤G妆网备字2023172434,Quảng Đông G trang điểm mạng chuẩn bị nhân vật 2023172434,7.2
qua_dai_nghi_thua,662817005448,beauty,非特化妆品备案证号,粤G妆网备字2023241683,Mã số đăng ký mạng lưới trang điểm Quảng Đông G: 2023241683,7.2
qua_dai_nghi_thua,999082554008,beauty,生产许可证号,粤G妆网备字2024502086,Mã số đăng ký mạng lưới trang điểm G Quảng Đông: 20245020861,7.2
qua_dai_nghi_thua,999082554008,beauty,非特化妆品备案证号,粤G妆网备字2024502086,Mã số đăng ký mạng lưới trang điểm G Quảng Đông: 20245020862,7.2
qua_dai_nghi_thua,772659426296,beauty,非特化妆品备案证号,粤G妆网备字2023142843,Mã Số Đăng Ký Mạng Lưới Trang Điểm Quảng Đông G: 2023142843,7.2
qua_dai_nghi_thua,680738892902,beauty,非特化妆品备案证号,粤G妆网备字2025243340,Mã số đăng ký mạng lưới G trang điểm Quảng Đông: 2025243340,7.2
qua_dai_nghi_thua,985247319485,food,用途,非喜糖专用,Đặc biệt dành cho kẹo không dành cho đám cưới,7.2
qua_dai_nghi_thua,705846072937,beauty,非特化妆品备案证号,粤G妆网备字2024069458,Mã số đăng ký mạng lưới trang điểm G Quảng Đông: 2024069458,7.2
qua_dai_nghi_thua,687088629549,beauty,非特化妆品备案证号,粤G妆网备字2022306819,Mã số đăng ký mạng lưới trang điểm Quảng Đông G: 2022306819,7.2
qua_dai_nghi_thua,726216955729,mother_baby,适用场景,室内外通用,Thích hợp cho sử dụng trong nhà và ngoài trời,7.2
qua_dai_nghi_thua,669888593007,beauty,非特化妆品备案证号,粤G妆网备字2021746261,Quảng Đông G trang điểm mạng chuẩn bị nhân vật 2021746261,7.2
qua_dai_nghi_thua,947243016217,beauty,非特化妆品备案证号,粤G妆网备字2024413746,Mã số đăng ký mạng lưới trang điểm Quảng Đông G: 2024413746,7.2
qua_dai_nghi_thua,903008572596,beauty,非特化妆品备案证号,粤G妆网备字2023325597,Mã số đăng ký mạng lưới trang điểm G Quảng Đông: 2023325597,7.2
qua_dai_nghi_thua,968041409578,beauty,非特化妆品备案证号,粤G妆网备字2025353409,Mã số đăng ký mạng lưới trang điểm G Quảng Đông: 2025353409,7.2
qua_dai_nghi_thua,750877275012,beauty,非特化妆品备案证号,粤G妆网备字2023446821,Mã số đăng ký mạng lưới trang điểm Quảng Đông G: 2023446821,7.2
qua_dai_nghi_thua,559729000220,beauty,非特化妆品备案证号,粤G妆网备字2021661377,Quảng Đông G trang điểm mạng chuẩn bị nhân vật 2021661377,7.2
qua_dai_nghi_thua,672908519096,shoes,形象,夜光椰子鞋,Giày thể thao Yeezy phát sáng trong bóng tối,7.2
qua_dai_nghi_thua,650355022316,beauty,非特化妆品备案证号,粤G妆网备字2023021192,Mã số đăng ký mạng lưới trang điểm Quảng Đông G: 2023021192,7.2
qua_dai_nghi_thua,803380795639,beauty,非特化妆品备案证号,粤G妆网备字2024248290,Mã số đăng ký mạng lưới trang điểm Quảng Đông G: 2024248290,7.2
qua_dai_nghi_thua,643786832692,beauty,非特化妆品备案证号,粤G妆网备字2023026495,Mã số đăng ký mạng lưới trang điểm Quảng Đông G: 2023026495,7.2
qua_dai_nghi_thua,778349720659,beauty,非特化妆品备案证号,粤G妆网备字2023474271,Quảng Đông G trang điểm mạng chuẩn bị nhân vật 2023474271,7.2
qua_dai_nghi_thua,672899651063,beauty,非特化妆品备案证号,粤G妆网备字2022058134,Quảng Đông G trang điểm mạng chuẩn bị nhân vật 2022058134,7.2
qua_dai_nghi_thua,938041446470,beauty,非特化妆品备案证号,粤G妆网备字2023385163,Mã số đăng ký mạng lưới trang điểm G Quảng Đông: 2023385163,7.2
qua_dai_nghi_thua,890096851004,beauty,非特化妆品备案证号,粤G妆网备字2026005260,Mã số đăng ký mạng lưới trang điểm Quảng Đông G: 2026005260,7.2
qua_dai_nghi_thua,685504787308,beauty,非特化妆品备案证号,粤G妆网备字2025218553,Mã số đăng ký mạng lưới trang điểm G Quảng Đông: 2025218553,7.2
qua_dai_nghi_thua,677643198220,beauty,非特化妆品备案证号,粤G妆网备字2023325597,Mã số đăng ký mạng lưới trang điểm Quảng Đông G: 2023325597,7.2
qua_dai_nghi_thua,939598952756,beauty,非特化妆品备案证号,粤G妆网备字2023402179,Mã số đăng ký mạng lưới trang điểm G Quảng Đông: 2023402179,7.2
qua_dai_nghi_thua,610917488938,beauty,非特化妆品备案证号,粤G妆网备字2023223437,Mã số đăng ký mạng lưới trang điểm G Quảng Đông: 2023223437,7.2
qua_dai_nghi_thua,43923439304,beauty,非特化妆品备案证号,粤G妆网备字2023127389,Mã số đăng ký mạng lưới trang điểm Quảng Đông G: 2023127389,7.2
qua_dai_nghi_thua,575678917597,beauty,非特化妆品备案证号,粤G妆网备字2025224151,Mã số đăng ký mạng lưới trang điểm Quảng Đông G: 2025224151,7.2
qua_dai_nghi_thua,713094023060,beauty,非特化妆品备案证号,粤G妆网备字2023056984,Quảng Đông G trang điểm mạng chuẩn bị nhân vật 2023056984,7.2
qua_dai_nghi_thua,690576310216,beauty,非特化妆品备案证号,粤G妆网备字2021668074,Quảng Đông G trang điểm mạng chuẩn bị nhân vật 2021668074,7.2
qua_dai_nghi_thua,540719277993,beauty,非特化妆品备案证号,粤G妆网备字2022025803,Thư pháp chuẩn bị lưới trang điểm Quảng Đông G 20225803,7.2
qua_dai_nghi_thua,900542558216,beauty,非特化妆品备案证号,粤G妆网备字2024499580,Mã số đăng ký trang web bán mỹ phẩm Quảng Đông G: 2024499580,7.2
qua_dai_nghi_thua,583986578246,beauty,非特化妆品备案证号,粤G妆网备字2024469928,Mã số đăng ký mạng lưới trang điểm Quảng Đông G: 2024469928,7.2
qua_dai_nghi_thua,903019396061,beauty,非特化妆品备案证号,粤G妆网备字2023325597,Mã số đăng ký mạng lưới trang điểm Quảng Đông G: 2023325597,7.2
qua_dai_nghi_thua,796890756051,beauty,非特化妆品备案证号,粤G妆网备字2023123167,Mã số đăng ký mạng lưới trang điểm Quảng Đông G: 2023123167,7.2
qua_dai_nghi_thua,796699186420,beauty,非特化妆品备案证号,粤G妆网备字2022280671,Quảng Đông G trang điểm mạng chuẩn bị nhân vật 2022280671,7.2
qua_dai_nghi_thua,871443653451,beauty,非特化妆品备案证号,粤G妆网备字2023325597,Mã số đăng ký mạng lưới trang điểm G Quảng Đông: 2023325597,7.2
qua_dai_nghi_thua,972930834225,beauty,非特化妆品备案证号,粤G妆网备字2025289546,Mã số đăng ký mạng lưới G trang điểm Quảng Đông: 2025289546,7.2
qua_dai_nghi_thua,742505883101,beauty,非特化妆品备案证号,粤G妆网备字2023400689,Mã số đăng ký mạng lưới trang điểm Quảng Đông G: 2023400689,7.2
qua_dai_nghi_thua,712748370942,beauty,非特化妆品备案证号,粤G妆网备字2026183493,Mã số đăng ký mạng lưới trang điểm G Quảng Đông: 2026183493,7.2
qua_dai_nghi_thua,697080942911,beauty,非特化妆品备案证号,粤G妆网备字2023175695,Mã số đăng ký mạng lưới trang điểm Quảng Đông G: 2023175695,7.2
qua_dai_nghi_thua,671770408600,beauty,非特化妆品备案证号,粤G妆网备字2023446821,Mã số đăng ký mạng lưới trang điểm Quảng Đông G: 2023446821,7.2
qua_dai_nghi_thua,822128479077,beauty,非特化妆品备案证号,粤G妆网备字2026076689,Mã số đăng ký mạng lưới trang điểm G Quảng Đông: 2026076689,7.2
qua_dai_nghi_thua,582338012151,beauty,非特化妆品备案证号,粤G妆网备字2023401472,Mã số đăng ký mạng lưới trang điểm Quảng Đông G: 2023401472,7.2
qua_dai_nghi_thua,787715785129,beauty,非特化妆品备案证号,粤G妆网备字2022216278,Quảng Đông G trang điểm mạng chuẩn bị nhân vật 2022216278,7.2
qua_dai_nghi_thua,989780415765,beauty,非特化妆品备案证号,粤G妆网备字2024245826,Mã số đăng ký mạng lưới trang điểm Quảng Đông G: 2024245826,7.2
qua_dai_nghi_thua,946909566408,beauty,非特化妆品备案证号,粤G妆网备字2025194604,Mã số đăng ký mạng lưới trang điểm Quảng Đông G: 2025194604,7.2
qua_dai_nghi_thua,950991312755,beauty,非特化妆品备案证号,粤G妆网备字2023173574,Mã số đăng ký trang web bán mỹ phẩm Quảng Đông G: 2023173574,7.2
qua_dai_nghi_thua,996571251490,beauty,非特化妆品备案证号,粤G妆网备字2025389204,Mã số đăng ký mạng lưới trang điểm Quảng Đông G: 2025389204,7.2
qua_dai_nghi_thua,725630113043,beauty,非特化妆品备案证号,粤G妆网备字2022058330,Quảng Đông G trang điểm mạng chuẩn bị nhân vật 2022058330,7.2
qua_dai_nghi_thua,620406190831,beauty,非特化妆品备案证号,粤G妆网备字2023221997,Mã số đăng ký mạng lưới trang điểm G Quảng Đông: 2023221997,7.2
qua_dai_nghi_thua,876648286651,beauty,非特化妆品备案证号,粤G妆网备字2024485216,Mã số đăng ký mạng lưới trang điểm G Quảng Đông: 2024485216,7.2
qua_dai_nghi_thua,911883495101,beauty,非特化妆品备案证号,粤G妆网备字2024437919,Mã số đăng ký mạng lưới trang điểm G Quảng Đông: 2024437919,7.2
qua_dai_nghi_thua,641371788871,beauty,非特化妆品备案证号,粤G妆网备字2023154322,Mã số đăng ký mạng lưới trang điểm G Quảng Đông: 2023154322,7.2
qua_dai_nghi_thua,686910279614,beauty,非特化妆品备案证号,粤G妆网备字2023351961,Mã số đăng ký mạng lưới trang điểm Quảng Đông G: 2023351961,7.2
qua_dai_nghi_thua,786041486858,beauty,非特化妆品备案证号,粤G妆网备字2024045863,Quảng Đông G trang điểm mạng chuẩn bị nhân vật 2024045863,7.2
qua_dai_nghi_thua,903182083341,beauty,非特化妆品备案证号,粤G妆网备字2025048582,Mã số đăng ký mạng lưới trang điểm G Quảng Đông: 2025048582,7.2
qua_dai_nghi_thua,624232454833,beauty,非特化妆品备案证号,粤G妆网备字2026207149,Mã số đăng ký mạng lưới trang điểm G Quảng Đông: 2026207149,7.2
qua_dai_nghi_thua,710237441172,beauty,非特化妆品备案证号,粤G妆网备字2023057085,Thư pháp chuẩn bị lưới trang điểm Quảng Đông G 2023057085,7.2
qua_dai_nghi_thua,577609277137,beauty,非特化妆品备案证号,粤G妆网备字2023009252,Mã số đăng ký mạng lưới trang điểm Quảng Đông G: 2023009252,7.2
qua_dai_nghi_thua,926742844117,beauty,非特化妆品备案证号,粤G妆网备字2024374738,Mã số đăng ký mạng lưới trang điểm G Quảng Đông: 2024374738,7.2
qua_dai_nghi_thua,680008793702,beauty,非特化妆品备案证号,粤G妆网备字2025123881,Thư pháp chuẩn bị lưới trang điểm Quảng Đông G 2025123881,7.2
qua_dai_nghi_thua,650262224103,beauty,非特化妆品备案证号,粤G妆网备字2023423717,Mã số đăng ký mạng lưới trang điểm G Quảng Đông: 2023423717,7.2
qua_dai_nghi_thua,631999577472,beauty,非特化妆品备案证号,粤G妆网备字2024339727,Mã số đăng ký mạng lưới trang điểm G Quảng Đông: 2024339727,7.2
qua_dai_nghi_thua,898059544525,beauty,非特化妆品备案证号,粤G妆网备字2026124499,Mã số đăng ký mạng lưới G trang điểm Quảng Đông: 2026124499,7.2
qua_dai_nghi_thua,733431517603,beauty,非特化妆品备案证号,粤G妆网备字2026110483,Mã số đăng ký mạng lưới G trang điểm Quảng Đông: 2026110483,7.2
qua_dai_nghi_thua,651961798442,beauty,生产许可证号,粤G妆网备字2020047905,Quảng Đông G trang điểm mạng chuẩn bị nhân vật 2020047905,7.2
qua_dai_nghi_thua,718525962857,beauty,非特化妆品备案证号,粤G妆网备字2022388873,Mã số đăng ký mạng lưới trang điểm Quảng Đông G: 2022388873,7.2
qua_dai_nghi_thua,939074485896,beauty,非特化妆品备案证号,粤G妆网备字2023325597,Mã số đăng ký mạng lưới trang điểm Quảng Đông G: 2023325597,7.2
qua_dai_nghi_thua,655536918459,beauty,非特化妆品备案证号,粤G妆网备字2023222515,Mã số đăng ký mạng lưới trang điểm Quảng Đông G: 2023222515,7.2
qua_dai_nghi_thua,895899635153,beauty,非特化妆品备案证号,粤G妆网备字2025069473,Mã số đăng ký mạng lưới trang điểm Quảng Đông G: 2025069473,7.2
qua_dai_nghi_thua,878637480500,mother_baby,适用场景,室内外通用,Thích hợp cho sử dụng trong nhà và ngoài trời.,7.2
qua_dai_nghi_thua,896548517656,beauty,非特化妆品备案证号,粤G妆网备字2025021692,Mã số đăng ký mạng lưới G trang điểm Quảng Đông 2025021692,7.2
qua_dai_nghi_thua,948947496165,beauty,非特化妆品备案证号,粤G妆网备字2025063163,Mã số đăng ký mạng lưới trang điểm G Quảng Đông: 2025063163,7.2
qua_dai_nghi_thua,799259074448,beauty,非特化妆品备案证号,粤G妆网备字2024060254,Quảng Đông G trang điểm mạng chuẩn bị nhân vật 2024060254,7.2
qua_dai_nghi_thua,733524210679,beauty,非特化妆品备案证号,粤G妆网备字2023288156,Quảng Đông G trang điểm mạng chuẩn bị nhân vật 2023288156,7.2
qua_dai_nghi_thua,682880335654,beauty,非特化妆品备案证号,粤G妆网备字2026136857,Mã số đăng ký mạng lưới trang điểm Quảng Đông G: 2026136857,7.2
qua_dai_nghi_thua,969980659284,beauty,非特化妆品备案证号,粤G妆网备字2022319220,Mã số đăng ký mạng lưới trang điểm G Quảng Đông: 2022319220,7.2
qua_dai_nghi_thua,936973844756,beauty,非特化妆品备案证号,粤G妆网备字2024299361,Mã số đăng ký trang web bán mỹ phẩm Quảng Đông G: 2024299361,7.2
qua_dai_nghi_thua,869317789910,beauty,非特化妆品备案证号,粤G妆网备字2023274716,Mã số đăng ký mạng lưới trang điểm Quảng Đông G: 2023274716,7.2
qua_dai_nghi_thua,638654924783,beauty,非特化妆品备案证号,粤G妆网备字2021510834,Quảng Đông G trang điểm mạng chuẩn bị nhân vật 2021510834,7.2
qua_dai_nghi_thua,990121691849,beauty,非特化妆品备案证号,浙G妆网备字2024008001,Số chuẩn bị mạng lưới trang điểm Chiết Giang G 2024008001,7.2
qua_dai_nghi_thua,811090405784,beauty,非特化妆品备案证号,粤G妆网备字2024249297,Quảng Đông G trang điểm mạng chuẩn bị nhân vật 2024249297,7.2
qua_dai_nghi_thua,832795510166,beauty,非特化妆品备案证号,粤G妆网备字2024323775,Mã số đăng ký mạng lưới trang điểm Quảng Đông G: 2024323775,7.2
qua_dai_nghi_thua,993029329595,beauty,非特化妆品备案证号,粤G妆网备字2024442260,Mã số đăng ký mạng lưới trang điểm G Quảng Đông: 2024442260,7.2
qua_dai_nghi_thua,871748928882,beauty,非特化妆品备案证号,粤G妆网备字2023325597,Mã số đăng ký mạng lưới trang điểm G Quảng Đông: 2023325597,7.2
qua_dai_nghi_thua,756228169038,beauty,非特化妆品备案证号,粤G妆网备字2025218553,Mã số đăng ký trang web bán mỹ phẩm Quảng Đông G: 2025218553,7.2
qua_dai_nghi_thua,992877016179,beauty,非特化妆品备案证号,粤G妆网备字2025194428,Mã số đăng ký mạng lưới trang điểm G Quảng Đông: 2025194428,7.2
qua_dai_nghi_thua,711024681686,beauty,非特化妆品备案证号,粤G妆网备字2022313760,Mã số đăng ký mạng lưới trang điểm G Quảng Đông: 2022313760,7.2
qua_dai_nghi_thua,718818458399,beauty,非特化妆品备案证号,粤G妆网备字2023166215,Quảng Đông G trang điểm mạng chuẩn bị nhân vật 2023166215,7.2
qua_dai_nghi_thua,680058126300,beauty,非特化妆品备案证号,粤G妆网备字2022359948,Thư pháp chuẩn bị lưới trang điểm Quảng Đông G 2022359948,7.2
qua_dai_nghi_thua,997610413873,beauty,非特化妆品备案证号,粤G妆网备字2025369361,Mã số đăng ký mạng lưới G trang điểm Quảng Đông: 2025369361,7.2
qua_dai_nghi_thua,720657649033,beauty,非特化妆品备案证号,粤G妆网备字2023155803,Quảng Đông G trang điểm mạng chuẩn bị nhân vật 2023155803,7.2
qua_dai_nghi_thua,639874433453,beauty,非特化妆品备案证号,粤G妆网备字2019148155,Quảng Đông G trang điểm mạng chuẩn bị nhân vật 2019148155,7.2
qua_dai_nghi_thua,698137556078,beauty,非特化妆品备案证号,粤G妆网备字2024091967,Mã số đăng ký mạng lưới trang điểm G Quảng Đông: 2024091967,7.2
qua_dai_nghi_thua,673166571070,beauty,非特化妆品备案证号,粤G妆网备字2021738107,Quảng Đông G trang điểm mạng chuẩn bị nhân vật 2021738107,7.2
qua_dai_nghi_thua,912080841970,beauty,非特化妆品备案证号,粤G妆网备字2025046141,Mã số đăng ký mạng lưới trang điểm Quảng Đông G: 2025046141,7.2
qua_dai_nghi_thua,922477410382,beauty,非特化妆品备案证号,粤G妆网备字2023075032,Mã số đăng ký mạng lưới trang điểm Quảng Đông G: 2023075032,7.2
qua_dai_nghi_thua,712648244431,beauty,非特化妆品备案证号,粤G妆网备字2022120849,Thư pháp chuẩn bị lưới trang điểm Quảng Đông G 2022120849,7.2
qua_dai_nghi_thua,611500634120,beauty,非特化妆品备案证号,粤G妆网备字2022385635,Mã Số Đăng Ký Mạng Lưới Trang Điểm Quảng Đông G: 2022385635,7.2
qua_dai_nghi_thua,920849646479,beauty,非特化妆品备案证号,粤G妆网备字2025171088,Mã số đăng ký mạng lưới trang điểm G Quảng Đông: 2025171088,7.2
qua_dai_nghi_thua,633789790320,beauty,非特化妆品备案证号,粤G妆网备字2022162980,Mã số đăng ký mạng lưới trang điểm Quảng Đông G: 2022162980,7.2
qua_dai_nghi_thua,693497544924,beauty,非特化妆品备案证号,粤G妆网备字2023424519,Mã số đăng ký mạng lưới trang điểm G Quảng Đông: 2023424519,7.2
qua_dai_nghi_thua,717167757443,beauty,非特化妆品备案证号,粤G妆网备字2021638420,Mã số đăng ký mạng lưới trang điểm G Quảng Đông: 2021638420,7.2
qua_dai_nghi_thua,744319528168,beauty,非特化妆品备案证号,粤G妆网备字2023053337,Quảng Đông G trang điểm mạng chuẩn bị nhân vật 2023053337,7.2
qua_dai_nghi_thua,783154351519,beauty,非特化妆品备案证号,粤G妆网备字2023431921,Quảng Đông G trang điểm mạng chuẩn bị nhân vật 2023431921,7.2
qua_dai_nghi_thua,970299212770,beauty,非特化妆品备案证号,浙G妆网备字2023030356,Số chuẩn bị mạng lưới trang điểm Chiết Giang G 2023030356,7.2
qua_dai_nghi_thua,884933645134,beauty,非特化妆品备案证号,粤G妆网备字2024501868,Mã số đăng ký mạng lưới trang điểm Quảng Đông G: 2024501868,7.2
qua_dai_nghi_thua,716289626587,beauty,非特化妆品备案证号,粤G妆网备字2023111324,Quảng Đông G trang điểm mạng chuẩn bị nhân vật 2023111324,7.2
qua_dai_nghi_thua,899279956002,beauty,非特化妆品备案证号,粤G妆网备字2025063499,Mã số đăng ký mạng lưới trang điểm G Quảng Đông: 2025063499,7.2
qua_dai_nghi_thua,672886237597,beauty,非特化妆品备案证号,粤G妆网备字2021746645,Mã số đăng ký mạng lưới trang điểm Quảng Đông G: 2021746645,7.2
qua_dai_nghi_thua,691977644685,beauty,非特化妆品备案证号,粤G妆网备字2021638420,Mã số đăng ký mạng lưới trang điểm Quảng Đông G: 2021638420,7.2
qua_dai_nghi_thua,692609473507,beauty,非特化妆品备案证号,粤G妆网备字2024325057,Mã số đăng ký mạng lưới trang điểm G Quảng Đông: 2024325057,7.2
qua_dai_nghi_thua,747550128922,beauty,非特化妆品备案证号,粤G妆网备字2023376100,Quảng Đông G trang điểm mạng chuẩn bị nhân vật 2023376100,7.2
qua_dai_nghi_thua,812834807197,beauty,非特化妆品备案证号,粤G妆网备字2024105428,Quảng Đông G trang điểm mạng chuẩn bị nhân vật 2024105428,7.2
qua_dai_nghi_thua,680986586755,beauty,非特化妆品备案证号,粤G妆网备字2021746645,Quảng Đông G trang điểm mạng chuẩn bị nhân vật 2021746645,7.2
qua_dai_nghi_thua,940545715868,beauty,非特化妆品备案证号,粤G妆网备字2025073816,Mã số đăng ký mạng lưới G trang điểm Quảng Đông: 2025073816,7.2
qua_dai_nghi_thua,1008266164686,home,风格,"意式, 轻奢风","Phong cách Ý, Phong cách sang trọng nhẹ nhàng",7.2
qua_dai_nghi_thua,970028065521,beauty,非特化妆品备案证号,浙G妆网备字2023030356,Số chuẩn bị mạng lưới trang điểm Chiết Giang G 2023030356,7.2
qua_dai_nghi_thua,671082917907,beauty,非特化妆品备案证号,粤G妆网备字2023197283,Quảng Đông G trang điểm mạng chuẩn bị nhân vật 2023197283,7.2
qua_dai_nghi_thua,928008923591,beauty,非特化妆品备案证号,粤G妆网备字2025073816,Mã số đăng ký mạng lưới trang điểm G Quảng Đông: 2025073816,7.2
qua_dai_nghi_thua,965999226361,beauty,非特化妆品备案证号,粤G妆网备字2024447111,Mã số đăng ký mạng lưới trang điểm Quảng Đông G: 2024447111,7.2
qua_dai_nghi_thua,932068837571,beauty,非特化妆品备案证号,粤G妆网备字2025073816,Mã số đăng ký mạng lưới trang điểm G Quảng Đông: 2025073816,7.2
qua_dai_nghi_thua,590750838808,beauty,非特化妆品备案证号,粤G妆网备字2023392089,Mã số đăng ký mạng lưới trang điểm G Quảng Đông: 2023392089,7.2
qua_dai_nghi_thua,693943726245,beauty,非特化妆品备案证号,粤G妆网备字2026043317,Mã số đăng ký mạng lưới trang điểm G Quảng Đông: 2026043317,7.2
qua_dai_nghi_thua,794864051984,beauty,非特化妆品备案证号,粤G妆网备字2024109033,Mã số đăng ký mạng lưới trang điểm G Quảng Đông: 2024109033,7.2
qua_dai_nghi_thua,673871103949,beauty,货号,粤G妆网备字2023053337,Mã số đăng ký mạng lưới trang điểm G Quảng Đông: 20230533371,7.2
qua_dai_nghi_thua,673871103949,beauty,非特化妆品备案证号,粤G妆网备字2023053337,Mã số đăng ký mạng lưới trang điểm G Quảng Đông: 20230533372,7.2
qua_dai_nghi_thua,764421957979,beauty,非特化妆品备案证号,粤G妆网备字2023442129,Mã số đăng ký mạng lưới trang điểm Quảng Đông G: 2023442129,7.2
qua_dai_nghi_thua,782762136374,beauty,非特化妆品备案证号,粤G妆网备字2021108988,Quảng Đông G trang điểm mạng chuẩn bị nhân vật 2021108988,7.2
qua_dai_nghi_thua,727177092144,beauty,非特化妆品备案证号,粤G妆网备字2023106737,Mã số đăng ký mạng lưới trang điểm G Quảng Đông: 2023106737,7.2
qua_dai_nghi_thua,736823202703,beauty,非特化妆品备案证号,粤G妆网备字2023270241,Quảng Đông G trang điểm mạng chuẩn bị nhân vật 2023270241,7.2
qua_dai_nghi_thua,664584970985,beauty,非特化妆品备案证号,粤G妆网备字2023144482,Quảng Đông G trang điểm mạng chuẩn bị nhân vật 2023144482,7.2
qua_dai_nghi_thua,782792529430,beauty,非特化妆品备案证号,粤G妆网备字2023254640,Mã số đăng ký mạng lưới trang điểm G Quảng Đông: 2023254640,7.2
qua_dai_nghi_thua,628140191155,beauty,非特化妆品备案证号,粤G妆网备字2019202224,Quảng Đông G trang điểm mạng chuẩn bị nhân vật 2019202224,7.2
qua_dai_nghi_thua,693915186176,beauty,非特化妆品备案证号,粤G妆网备字2023396470,Mã số đăng ký mạng lưới trang điểm Quảng Đông G: 2023396470,7.2
qua_dai_nghi_thua,640448054251,beauty,非特化妆品备案证号,粤G妆网备字2018103265,Quảng Đông G trang điểm mạng chuẩn bị nhân vật 2018103265,7.2
qua_dai_nghi_thua,992092906643,food,用途,非喜糖专用,Đặc biệt dành cho kẹo không dành cho đám cưới,7.2
qua_dai_nghi_thua,712850845194,beauty,非特化妆品备案证号,粤G妆网备字2026183493,Mã số đăng ký mạng lưới trang điểm G Quảng Đông: 2026183493,7.2
qua_dai_nghi_thua,961769665756,beauty,非特化妆品备案证号,粤G妆网备字2025230530,Mã số đăng ký mạng lưới trang điểm Quảng Đông G: 2025230530,7.2
qua_dai_nghi_thua,977936456639,beauty,非特化妆品备案证号,粤G妆网备字2024224894,Mã số đăng ký mạng lưới trang điểm Quảng Đông G: 2024224894,7.2
qua_dai_nghi_thua,967778795914,beauty,非特化妆品备案证号,粤G妆网备字2025266807,Mã số đăng ký mạng lưới trang điểm Quảng Đông G: 2025266807,7.2
qua_dai_nghi_thua,762101478509,beauty,非特化妆品备案证号,粤G妆网备字2023478536,Quảng Đông G trang điểm mạng chuẩn bị nhân vật 2023478536,7.2
qua_dai_nghi_thua,809125085217,beauty,非特化妆品备案证号,粤G妆网备字2022059399,Quảng Đông G trang điểm mạng chuẩn bị nhân vật 2022059399,7.2
qua_dai_nghi_thua,654515128090,beauty,非特化妆品备案证号,粤G妆网备字2025418480,Mã số đăng ký mạng lưới G trang điểm Quảng Đông: 2025418480,7.2
qua_dai_nghi_thua,778321067761,beauty,非特化妆品备案证号,粤G妆网备字2023003343,Quảng Đông G trang điểm mạng chuẩn bị nhân vật 2023003343,7.2
qua_dai_nghi_thua,732444462520,beauty,非特化妆品备案证号,粤G妆网备字2023287899,Mã số đăng ký mạng lưới trang điểm Quảng Đông G: 2023287899,7.2
qua_dai_nghi_thua,747240253389,beauty,非特化妆品备案证号,粤G妆网备字2019023418,Quảng Đông G trang điểm mạng chuẩn bị nhân vật 2019023418,7.2
qua_dai_nghi_thua,922730500286,beauty,非特化妆品备案证号,粤G妆网备字2025093554,Mã số đăng ký mạng lưới G trang điểm Quảng Đông: 2025093554,7.2
qua_dai_nghi_thua,604611153005,beauty,非特化妆品备案证号,粤G妆网备字2019176275,Quảng Đông G trang điểm mạng chuẩn bị nhân vật 2019176275,7.2
qua_dai_nghi_thua,974841918196,beauty,非特化妆品备案证号,粤G妆网备字2024473094,Mã số đăng ký mạng lưới trang điểm G Quảng Đông: 2024473094,7.2
qua_dai_nghi_thua,679854102285,beauty,非特化妆品备案证号,粤G妆网备字2022218756,Thư pháp chuẩn bị lưới trang điểm Quảng Đông G 2022218756,7.2
qua_dai_nghi_thua,643156598903,food,用途,非喜糖专用,Đặc biệt dành cho kẹo không dành cho đám cưới,7.2
qua_dai_nghi_thua,852088722893,food,用途,非喜糖专用,Đặc biệt dành cho kẹo không dành cho đám cưới,7.2
qua_dai_nghi_thua,868574151513,beauty,非特化妆品备案证号,粤G妆网备字2024471493,Mã số đăng ký mạng lưới trang điểm G Quảng Đông: 2024471493,7.2
qua_dai_nghi_thua,744831952806,beauty,非特化妆品备案证号,粤G妆网备字2023400689,Quảng Đông G trang điểm mạng chuẩn bị nhân vật 2023400689,7.2
qua_dai_nghi_thua,740790160765,beauty,非特化妆品备案证号,粤G妆网备字2025177017,Mã số đăng ký trang web bán mỹ phẩm Quảng Đông G: 2025177017,7.2
qua_dai_nghi_thua,693911336747,beauty,非特化妆品备案证号,粤G妆网备字2022273974,Thư pháp chuẩn bị lưới trang điểm Quảng Đông G 2022273974,7.2
qua_dai_nghi_thua,811211706285,beauty,非特化妆品备案证号,粤G妆网备字2024104313,Quảng Đông G trang điểm mạng chuẩn bị nhân vật 2024104313,7.2
qua_dai_nghi_thua,842936076158,beauty,非特化妆品备案证号,粤G妆网备字2023420127,Mã số đăng ký mạng lưới trang điểm Quảng Đông G: 2023420127,7.2
qua_dai_nghi_thua,778351064668,beauty,非特化妆品备案证号,粤G妆网备字2022287233,Quảng Đông G trang điểm mạng chuẩn bị nhân vật 2022287233,7.2
qua_dai_nghi_thua,682373103121,beauty,生产许可证号,粤G妆网备字2017035968,Quảng Đông G trang điểm mạng chuẩn bị nhân vật 2017035968,7.2
qua_dai_nghi_thua,682373103121,beauty,非特化妆品备案证号,粤G妆网备字2024469945,Mã số đăng ký mạng lưới trang điểm G Quảng Đông: 2024469945,7.2
qua_dai_nghi_thua,696279617545,beauty,非特化妆品备案证号,粤G妆网备字2022373534,Quảng Đông G trang điểm mạng chuẩn bị nhân vật 2022373534,7.2
qua_dai_nghi_thua,742848685962,beauty,非特化妆品备案证号,沪G妆网备字2025007051,Mã số đăng ký mạng lưới trang điểm G Thượng Hải 2025007051,7.2
qua_dai_nghi_thua,928933508632,beauty,非特化妆品备案证号,粤G妆网备字2025162821,Mã số đăng ký mạng lưới trang điểm Quảng Đông G: 2025162821,7.2
qua_dai_nghi_thua,676648904952,beauty,非特化妆品备案证号,粤G妆网备字2023238812,Mã số đăng ký mạng lưới trang điểm Quảng Đông G: 2023238812,7.2
qua_dai_nghi_thua,659948094691,beauty,非特化妆品备案证号,粤G妆网备字2024448819,Mã số đăng ký mạng lưới trang điểm Quảng Đông G: 2024448819,7.2
qua_dai_nghi_thua,753496997201,beauty,非特化妆品备案证号,粤G妆网备字2023405793,Quảng Đông G trang điểm mạng chuẩn bị nhân vật 2023405793,7.2
qua_dai_nghi_thua,615441427712,beauty,非特化妆品备案证号,粤G妆网备字2023058272,Quảng Đông G trang điểm mạng chuẩn bị nhân vật 2023058272,7.2
qua_dai_nghi_thua,783235182458,beauty,非特化妆品备案证号,粤G妆网备字2024068532,Mã số đăng ký trang web bán mỹ phẩm Quảng Đông G: 2024068532,7.2
qua_dai_nghi_thua,916608821926,beauty,非特化妆品备案证号,粤G妆网备字2020050953,Mã số đăng ký mạng lưới G trang điểm Quảng Đông 2020050953,7.2
qua_dai_nghi_thua,812252982833,beauty,非特化妆品备案证号,粤G妆网备字2022299831,Mã số đăng ký mạng lưới trang điểm Quảng Đông G: 2022299831,7.2
qua_dai_nghi_thua,990345205960,beauty,非特化妆品备案证号,粤G妆网备字2025412652,Mã số đăng ký trang web bán mỹ phẩm Quảng Đông G: 2025412652,7.2
qua_dai_nghi_thua,991251685334,beauty,非特化妆品备案证号,粤G妆网备字2024487610,Mã số đăng ký mạng lưới trang điểm G Quảng Đông: 2024487610,7.2
qua_dai_nghi_thua,989810769401,beauty,非特化妆品备案证号,粤G妆网备字2025387100,Mã số đăng ký mạng lưới trang điểm Quảng Đông G: 2025387100,7.2
qua_dai_nghi_thua,880089676794,beauty,非特化妆品备案证号,粤G妆网备字2024494318,Mã số đăng ký mạng lưới trang điểm Quảng Đông G: 2024494318,7.2
qua_dai_nghi_thua,778319507852,beauty,非特化妆品备案证号,粤G妆网备字2023070057,Quảng Đông G trang điểm mạng chuẩn bị nhân vật 2023070057,7.2
qua_dai_nghi_thua,678065821366,beauty,非特化妆品备案证号,粤G妆网备字2023402179,Mã số đăng ký mạng lưới trang điểm G Quảng Đông: 2023402179,7.2
qua_dai_nghi_thua,683252914172,beauty,非特化妆品备案证号,粤G妆网备字2023009252,Mã số đăng ký mạng lưới trang điểm G Quảng Đông: 2023009252,7.2
qua_dai_nghi_thua,623398595649,beauty,非特化妆品备案证号,粤G妆网备字2021654435,Mã số đăng ký mạng lưới trang điểm G Quảng Đông: 2021654435,7.2
qua_dai_nghi_thua,743780089287,beauty,非特化妆品备案证号,粤G妆网备字2022351962,Quảng Đông G trang điểm mạng chuẩn bị nhân vật 2022351962,7.2
qua_dai_nghi_thua,726574908471,beauty,非特化妆品备案证号,粤G妆网备字2023166186,Mã số đăng ký mạng lưới trang điểm G Quảng Đông: 2023166186,7.2
qua_dai_nghi_thua,887023377295,beauty,非特化妆品备案证号,粤G妆网备字2025076438,Mã số đăng ký mạng lưới trang điểm G Quảng Đông: 2025076438,7.2
qua_dai_nghi_thua,849482286455,beauty,非特化妆品备案证号,粤G妆网备字2024433883,Mã số đăng ký mạng lưới trang điểm Quảng Đông G: 2024433883,7.2
qua_dai_nghi_thua,672799696136,beauty,非特化妆品备案证号,粤G妆网备字2023231509,Mã số đăng ký mạng lưới trang điểm Quảng Đông G: 2023231509,7.2
qua_dai_nghi_thua,752423376944,beauty,非特化妆品备案证号,粤G妆网备字2023227285,Quảng Đông G trang điểm mạng chuẩn bị nhân vật 2023227285,7.2
qua_dai_nghi_thua,811574783262,beauty,非特化妆品备案证号,粤G妆网备字2021662419,Quảng Đông G trang điểm mạng chuẩn bị nhân vật 2021662419,7.2
qua_dai_nghi_thua,919012844479,beauty,非特化妆品备案证号,粤G妆网备字2025146055,Mã số đăng ký mạng lưới trang điểm G Quảng Đông: 2025146055,7.2
qua_dai_nghi_thua,754419891817,beauty,非特化妆品备案证号,粤G妆网备字2023214701,Quảng Đông G trang điểm mạng chuẩn bị nhân vật 2023214701,7.2
qua_dai_nghi_thua,643824441881,beauty,非特化妆品备案证号,粤G妆网备字2023363694,Mã số đăng ký mạng lưới trang điểm Quảng Đông G: 2023363694,7.2
qua_dai_nghi_thua,794671380618,beauty,非特化妆品备案证号,粤G妆网备字2024309908,Mã số đăng ký mạng lưới trang điểm Quảng Đông G: 2024309908,7.2
qua_dai_nghi_thua,967395238714,beauty,非特化妆品备案证号,粤G妆网备字2025253569,Mã số đăng ký mạng lưới trang điểm Quảng Đông G: 2025253569,7.2
qua_dai_nghi_thua,692136537393,beauty,非特化妆品备案证号,粤G妆网备字2025436022,Mã số đăng ký trang web bán mỹ phẩm Quảng Đông G: 2025436022,7.2
qua_dai_nghi_thua,740305506659,beauty,非特化妆品备案证号,粤G妆网备字2022053078,Quảng Đông G trang điểm mạng chuẩn bị nhân vật 2022053078,7.2
qua_dai_nghi_thua,925359851028,beauty,非特化妆品备案证号,粤G妆网备字2024374738,Mã số đăng ký mạng lưới trang điểm G Quảng Đông: 2024374738,7.2
qua_dai_nghi_thua,725588868991,beauty,非特化妆品备案证号,粤G妆网备字2023260859,Mã số đăng ký mạng lưới trang điểm G Quảng Đông: 2023260859,7.2
qua_dai_nghi_thua,595543474428,beauty,非特化妆品备案证号,粤G妆网备字2023372882,Mã số đăng ký mạng lưới trang điểm Quảng Đông G: 2023372882,7.2
qua_dai_nghi_thua,621850361843,beauty,非特化妆品备案证号,粤G妆网备字2022168514,Quảng Đông G trang điểm mạng chuẩn bị nhân vật 2022168514,7.2
qua_dai_nghi_thua,641293349942,beauty,非特化妆品备案证号,粤G妆网备字2023088846,Mã số đăng ký mạng lưới trang điểm Quảng Đông G: 2023088846,7.2
qua_dai_nghi_thua,758503038089,beauty,非特化妆品备案证号,粤G妆网备字2023484966,Quảng Đông G trang điểm mạng chuẩn bị nhân vật 2023484966,7.2
qua_dai_nghi_thua,911697428391,beauty,非特化妆品备案证号,粤G妆网备字2024358184,Mã số đăng ký mạng lưới trang điểm Quảng Đông G: 2024358184,7.2
qua_dai_nghi_thua,853659560100,beauty,非特化妆品备案证号,粤G妆网备字2019145262,Quảng Đông G trang điểm mạng chuẩn bị nhân vật 2019145262,7.2
qua_dai_nghi_thua,812308812759,beauty,非特化妆品备案证号,粤G妆网备字2023480276,Quảng Đông G trang điểm mạng chuẩn bị nhân vật 2023480276,7.2
qua_dai_nghi_thua,701902796529,beauty,非特化妆品备案证号,粤G妆网备字2023023385,Quảng Đông G trang điểm mạng chuẩn bị nhân vật 2023023385,7.2
qua_dai_nghi_thua,713731205855,beauty,非特化妆品备案证号,粤G妆网备字2023145224,Mã số đăng ký mạng lưới trang điểm Quảng Đông G: 2023145224,7.2
qua_dai_nghi_thua,580478955681,beauty,非特化妆品备案证号,粤G妆网备字2023171956,Quảng Đông G trang điểm mạng chuẩn bị nhân vật 2023171956,7.2
qua_dai_nghi_thua,740288515205,beauty,非特化妆品备案证号,粤G妆网备字2023308262,Quảng Đông G trang điểm mạng chuẩn bị nhân vật 2023308262,7.2
qua_dai_nghi_thua,781287944065,beauty,非特化妆品备案证号,粤G妆网备字2024003236,Quảng Đông G trang điểm mạng chuẩn bị nhân vật 2024003236,7.2
qua_dai_nghi_thua,580156413691,beauty,非特化妆品备案证号,粤G妆网备字2022280402,Quảng Đông G trang điểm mạng chuẩn bị nhân vật 2022280402,7.2
qua_dai_nghi_thua,748084853236,beauty,非特化妆品备案证号,粤G妆网备字2019059696,Quảng Đông G trang điểm mạng chuẩn bị nhân vật 2019059696,7.2
qua_dai_nghi_thua,908404817649,beauty,非特化妆品备案证号,沪G妆网备字2025003634,Mã số đăng ký mạng lưới trang điểm G Thượng Hải 2025003634,7.2
qua_dai_nghi_thua,717933212663,beauty,非特化妆品备案证号,粤G妆网备字2021652298,Mã số đăng ký mạng lưới trang điểm Quảng Đông G: 2021652298,7.2
qua_dai_nghi_thua,767611145512,beauty,非特化妆品备案证号,粤G妆网备字2023265700,Quảng Đông G trang điểm mạng chuẩn bị nhân vật 2023265700,7.2
qua_dai_nghi_thua,739874175632,beauty,非特化妆品备案证号,粤G妆网备字2023348650,Quảng Đông G trang điểm mạng chuẩn bị nhân vật 2023348650,7.2
qua_dai_nghi_thua,656541199613,beauty,非特化妆品备案证号,粤G妆网备字2021588629,Quảng Đông G trang điểm mạng chuẩn bị nhân vật 2021588629,7.2
qua_dai_nghi_thua,721513876464,beauty,非特化妆品备案证号,粤G妆网备字2023021316,Quảng Đông G trang điểm mạng chuẩn bị nhân vật 2023021316,7.2
qua_dai_nghi_thua,684292808554,beauty,非特化妆品备案证号,粤G妆网备字2022211242,Quảng Đông G trang điểm mạng chuẩn bị nhân vật 2022211242,7.2
qua_dai_nghi_thua,676318592392,auto,语言支持,英，法，俄，日等,"Tiếng Anh, tiếng Pháp, tiếng Nga, tiếng Nhật, v.v.",7.2
qua_dai_nghi_thua,764997946669,home,贸易属性,内贸+外贸,Thương mại trong nước Ngoại thương,7.25
qua_dai_nghi_thua,991319597462,electronics,流行元素,"网红, 其他","Người nổi tiếng trên Internet, khác",7.25
qua_dai_nghi_thua,1037697866151,mother_baby,专利类型,外观专利,Bằng sáng chế kiểu dáng công nghiệp,7.25
qua_dai_nghi_thua,764886324336,home,贸易属性,内贸+外贸,Thương mại trong nước Ngoại thương,7.25
qua_dai_nghi_thua,714309226141,home,贸易属性,内贸+外贸,Thương mại trong nước Ngoại thương,7.25
qua_dai_nghi_thua,1058465145460,mother_baby,专利类型,外观专利,Bằng sáng chế kiểu dáng công nghiệp,7.25
qua_dai_nghi_thua,1066360661009,mother_baby,专利类型,外观专利,Bằng sáng chế kiểu dáng công nghiệp,7.25
qua_dai_nghi_thua,1036989683068,mother_baby,专利类型,外观专利,Bằng sáng chế kiểu dáng công nghiệp,7.25
qua_dai_nghi_thua,775047234330,home,贸易属性,内贸+外贸,Thương mại trong nước Ngoại thương,7.25
qua_dai_nghi_thua,908028554927,home,贸易属性,内贸+外贸,Thương mại trong nước + ngoại thương,7.25
qua_dai_nghi_thua,708256231765,home,贸易属性,内贸+外贸,Thương mại trong nước Ngoại thương,7.25
qua_dai_nghi_thua,1070408805317,mother_baby,专利类型,外观专利,Bằng sáng chế kiểu dáng công nghiệp,7.25
qua_dai_nghi_thua,978236774609,mother_baby,1,母婴用品,Sản phẩm dành cho bà mẹ và trẻ sơ sinh,7.25
qua_dai_nghi_thua,1031738623644,mother_baby,专利类型,外观专利,Bằng sáng chế kiểu dáng công nghiệp,7.25
qua_dai_nghi_thua,1047234780602,mother_baby,专利类型,外观专利,Bằng sáng chế kiểu dáng công nghiệp,7.25
qua_dai_nghi_thua,1052783525920,mother_baby,专利类型,外观专利,Bằng sáng chế kiểu dáng công nghiệp,7.25
qua_dai_nghi_thua,737168329372,home,贸易属性,内贸+外贸,Thương mại trong nước Ngoại thương,7.25
qua_dai_nghi_thua,709401329354,home,贸易属性,内贸+外贸,Thương mại trong nước Ngoại thương,7.25
qua_dai_nghi_thua,711431719626,home,贸易属性,内贸+外贸,Thương mại trong nước Ngoại thương,7.25
qua_dai_nghi_thua,809935424115,home,贸易属性,内贸+外贸,Thương mại trong nước Ngoại thương,7.25
qua_dai_nghi_thua,805402409140,home,贸易属性,内贸+外贸,Thương mại trong nước Ngoại thương,7.25
qua_dai_nghi_thua,715873608040,home,贸易属性,内贸+外贸,Thương mại trong nước + ngoại thương,7.25
qua_dai_nghi_thua,670190693749,home,贸易属性,内贸+外贸,Thương mại trong nước Ngoại thương,7.25
qua_dai_nghi_thua,754984030223,home,贸易属性,内贸+外贸,Thương mại trong nước Ngoại thương,7.25
qua_dai_nghi_thua,746298012633,home,贸易属性,内贸+外贸,Thương mại trong nước Ngoại thương,7.25
qua_dai_nghi_thua,855001912425,home,贸易属性,内贸+外贸,Thương mại trong nước + ngoại thương,7.25
qua_dai_nghi_thua,664948182882,home,贸易属性,内贸+外贸,Thương mại trong nước Ngoại thương,7.25
qua_dai_nghi_thua,991300545769,electronics,流行元素,"网红, 其他","Người nổi tiếng trên Internet, khác",7.25
qua_dai_nghi_thua,894828129381,home,贸易属性,内贸+外贸,Thương mại trong nước + ngoại thương,7.25
qua_dai_nghi_thua,815004582824,home,贸易属性,内贸+外贸,Thương mại trong nước Ngoại thương,7.25
qua_dai_nghi_thua,859172979899,food,口感,鲜醇回甘,Tươi mát và êm dịu với dư vị ngọt ngào.,7.25
qua_dai_nghi_thua,641135416292,home,贸易属性,内贸+外贸,Thương mại trong nước Ngoại thương,7.25
qua_dai_nghi_thua,670279937413,home,贸易属性,内贸+外贸,Thương mại trong nước Ngoại thương,7.25
qua_dai_nghi_thua,670669958659,home,贸易属性,内贸+外贸,Thương mại trong nước + ngoại thương,7.25
qua_dai_nghi_thua,885650966902,home,贸易属性,内贸+外贸,Thương mại trong nước + ngoại thương,7.25
qua_dai_nghi_thua,741295433360,home,贸易属性,内贸+外贸,Thương mại trong nước Ngoại thương,7.25
qua_dai_nghi_thua,806747832598,home,贸易属性,内贸+外贸,Thương mại trong nước + ngoại thương,7.25
qua_dai_nghi_thua,858943566613,home,贸易属性,内贸+外贸,Thương mại trong nước + ngoại thương,7.25
qua_dai_nghi_thua,978037709066,mother_baby,适合身高,"66码, 73码, 80码, 90码","66 yard, Kích thước 73, 80 thước Anh, 90 thước Anh",7.25
qua_dai_nghi_thua,718574268057,home,贸易属性,内贸+外贸,Thương mại trong nước Ngoại thương,7.25
qua_dai_nghi_thua,928571538592,home,功能,"亲肤, 凉感","Thân thiện với làn da, cảm giác mát mẻ",7.25
qua_dai_nghi_thua,672567570113,home,贸易属性,内贸+外贸,Thương mại trong nước Ngoại thương,7.25
qua_dai_nghi_thua,888177216963,home,贸易属性,内贸+外贸,Thương mại trong nước + ngoại thương,7.25
qua_dai_nghi_thua,733433309239,home,贸易属性,内贸+外贸,Thương mại trong nước Ngoại thương,7.25
qua_dai_nghi_thua,857057466914,home,贸易属性,内贸+外贸,Thương mại trong nước + ngoại thương,7.25
qua_dai_nghi_thua,625477019436,home,贸易属性,内贸+外贸,Thương mại trong nước Ngoại thương,7.25
qua_dai_nghi_thua,592962191234,home,贸易属性,内贸+外贸,Thương mại trong nước Ngoại thương,7.25
qua_dai_nghi_thua,719332047007,home,贸易属性,内贸+外贸,Thương mại trong nước Ngoại thương,7.25
qua_dai_nghi_thua,1001807609616,home,品牌,贵在家人,Điều quan trọng nhất là gia đình bạn,7.25
qua_dai_nghi_thua,711931636221,home,贸易属性,内贸+外贸,Thương mại trong nước + ngoại thương,7.25
qua_dai_nghi_thua,980633216865,electronics,流行元素,"定制, 网红","tùy chỉnh, Người nổi tiếng trên mạng",7.25
qua_dai_nghi_thua,664459380663,home,贸易属性,内贸+外贸,Thương mại trong nước Ngoại thương,7.25
qua_dai_nghi_thua,791412041461,home,贸易属性,内贸+外贸,Thương mại trong nước Ngoại thương,7.25
qua_dai_nghi_thua,985321877523,home,风格,"无印风, 轻奢风, ins风","Phong cách không in, Phong cách sang trọng nhẹ nhàng, phong cách ins",7.29
qua_dai_nghi_thua,907007318209,shoes,尺码,"38, 39, 40, 41, 42, 43, 44, 45, 46定做不支持退换","38, 39, 40, 41, 42, 43, 44, 45, Các mặt hàng tùy chỉnh là không thể trả lại và không thể trao đổi.",7.29
qua_dai_nghi_thua,1076966492845,home,风格,"简约风, 轻奢风, ins风","Phong cách tối giản, Phong cách sang trọng nhẹ nhàng, phong cách ins",7.29
qua_dai_nghi_thua,979965620474,electronics,风格,"日韩风, 北欧风, 欧美, 轻奢风, ins风","phong cách Nhật Bản và Hàn Quốc, phong cách Bắc Âu, Châu Âu và Châu Mỹ, Phong cách sang trọng nhẹ nhàng, phong cách ins",7.33
qua_dai_nghi_thua,940220778102,home,规格型号,"3.5*3.5*1.7cm（2500/箱）, 4.5*4.5*2CM（2000个/箱）, 5.5*5.5*2CM（2000个/箱）, 6.5*6.5*2CM（1500个/箱）, 7.5*7.5*2.5CM（800个/箱）, 8.5*8.5*2.5CM（600个/箱）, 9.5*9.5*2.8CM（420个/箱）, 10.5*10.5*3CM（360个/箱）, 11.5*11.5*3.5CM（240个/箱）, 5.5*5.5*2（1800个/箱）, 4.5*4.5*2（2000个/箱）","3.5*3.5*1.7cm(2500/thùng carton)2, 4.5*4.5*2CM(2000 chiếc/thùng carton)2, 5.5*5.5*2CM(2000 chiếc/thùng carton)2, 6.5*6.5*2CM(1500 chiếc/thùng carton)2, 7.5*7.5*2.5CM(800 chiếc/thùng carton)2, 8.5*8.5*2.5CM(600 chiếc/thùng carton)2, 9.5*9.5*2.8CM(420 chiếc/thùng carton)2, 10.5*10.5*3CM(360 chiếc/thùn",7.38
qua_dai_nghi_thua,782792529430,beauty,货号,水杨酸棉片,Viên bông tẩy tế bào chết chứa axit salicylic,7.4
qua_dai_nghi_thua,862125832129,beauty,非特化妆品备案证号,浙G妆网备字2019004954,Chiết Giang G trang điểm mạng chuẩn bị nhân vật 2019004954,7.4
qua_dai_nghi_thua,644251055475,beauty,非特化妆品备案证号,浙G妆网备字2023007095,Thư pháp chuẩn bị lưới trang điểm Chiết Giang G 2023007095,7.4
qua_dai_nghi_thua,562886888007,beauty,非特化妆品备案证号,浙G妆网备字2023019604,Thư pháp chuẩn bị lưới trang điểm Chiết Giang G 2023019604,7.4
qua_dai_nghi_thua,976448690806,shoes,运动系列,星战系列,Loạt phim Chiến tranh giữa các vì sao,7.5
qua_dai_nghi_thua,1029875842115,shoes,运动系列,AD休闲系列,Bộ sưu tập thời trang thường ngày của AD.,7.5
qua_dai_nghi_thua,950363445950,bags,风格,气质熟女,Người phụ nữ trưởng thành có khí chất,7.5
qua_dai_nghi_thua,853012424919,electronics,流行元素,"磁吸, 网红","Hút từ tính1, Người nổi tiếng trên mạng",7.5
qua_dai_nghi_thua,951354212585,beauty,特殊用途化妆品证号,国妆特字20252673,Nhân vật đặc biệt trang điểm quốc gia 20252673,7.5
qua_dai_nghi_thua,971213385735,beauty,特殊用途化妆品证号,国妆特字20256088,Nhân vật đặc biệt trang điểm quốc gia 20256088,7.5
qua_dai_nghi_thua,864217709154,beauty,特殊用途化妆品证号,国妆特字20252673,Nhân vật đặc biệt trang điểm quốc gia 20252673,7.5
qua_dai_nghi_thua,949525518022,beauty,特殊用途化妆品证号,国妆特字20252673,Nhân vật đặc biệt trang điểm quốc gia 20252673,7.5
qua_dai_nghi_thua,624410267537,beauty,特殊用途化妆品证号,国妆特字G20191516,Nhân vật đặc biệt trang điểm quốc gia G20191516,7.5
qua_dai_nghi_thua,636932240018,beauty,特殊用途化妆品证号,国妆特字20241469,Nhân vật đặc biệt trang điểm quốc gia 20241469,7.5
qua_dai_nghi_thua,997357127116,bags,风格,气质熟女,Người phụ nữ trưởng thành có khí chất,7.5
qua_dai_nghi_thua,990036838350,bags,风格,气质熟女,Người phụ nữ trưởng thành có khí chất,7.5
qua_dai_nghi_thua,997941159988,bags,风格,气质熟女,Người phụ nữ trưởng thành có khí chất,7.5
qua_dai_nghi_thua,959269495124,bags,风格,气质熟女,Người phụ nữ trưởng thành có khí chất,7.5
qua_dai_nghi_thua,578859960615,beauty,特殊用途化妆品证号,国妆特字20260360,Nhân vật đặc biệt trang điểm quốc gia 20260360,7.5
qua_dai_nghi_thua,945009575636,bags,风格,气质熟女,Người phụ nữ trưởng thành có khí chất,7.5
qua_dai_nghi_thua,962479604567,beauty,特殊用途化妆品证号,国妆特字20252491,Nhân vật đặc biệt trang điểm quốc gia 20252491,7.5
qua_dai_nghi_thua,990046166132,bags,风格,气质熟女,Người phụ nữ trưởng thành có khí chất,7.5
qua_dai_nghi_thua,909334682823,beauty,特殊用途化妆品证号,国妆特字G20191510,Nhân vật đặc biệt trang điểm quốc gia G20191510,7.5
qua_dai_nghi_thua,611275115120,bags,属性,电商爱采,Bộ sưu tập tình yêu thương mại điện tử,7.5
qua_dai_nghi_thua,822969947362,beauty,特殊用途化妆品证号,国妆特字G20191510,Nhân vật đặc biệt trang điểm quốc gia G20191510,7.5
qua_dai_nghi_thua,684374104325,beauty,特殊用途化妆品证号,国妆特字20220119,Nhân vật đặc biệt trang điểm quốc gia 20220119,7.5
qua_dai_nghi_thua,944928028764,bags,风格,气质熟女,Người phụ nữ trưởng thành có khí chất,7.5
qua_dai_nghi_thua,977638298811,bags,风格,气质熟女,Người phụ nữ trưởng thành có khí chất,7.5
qua_dai_nghi_thua,897768470908,bags,功能,"耐磨, 抗震","Chống mài mòn, Khả năng chống động đất",7.5
qua_dai_nghi_thua,736761988493,home,适用人群,大众 通用,"Volkswagen, Tập đoàn General Motors",7.5
qua_dai_nghi_thua,766680095256,home,适用人群,大众 通用,"Volkswagen, Tập đoàn General Motors",7.5
qua_dai_nghi_thua,627205511997,home,适用人群,大众 通用,"Volkswagen, Tập đoàn General Motors",7.5
qua_dai_nghi_thua,947202345079,food,包装方式,餐饮制售,Sản xuất và kinh doanh dịch vụ ăn uống,7.5
qua_dai_nghi_thua,753841756262,home,适用人群,大众 通用,"Volkswagen, Tập đoàn General Motors",7.5
qua_dai_nghi_thua,928579543193,bags,风格,气质熟女,Người phụ nữ trưởng thành có khí chất,7.5
qua_dai_nghi_thua,993288411010,bags,风格,气质熟女,"Phụ nữ trưởng thành, khí chất quý phái.",7.5
qua_dai_nghi_thua,742248652048,bags,风格,气质熟女,Người phụ nữ trưởng thành có khí chất,7.5
qua_dai_nghi_thua,761198009445,bags,支持定制,现货加标 换面料 定制包装 五金 等,"Hàng có sẵn với các tùy chọn thêm như: gắn thương hiệu, thay đổi chất liệu vải, thiết kế bao bì riêng, phụ kiện phần cứng và nhiều hơn nữa.",7.5
qua_dai_nghi_thua,895830809316,beauty,特殊用途化妆品证号,国妆特字20260360,Nhân vật đặc biệt trang điểm quốc gia 20260360,7.5
qua_dai_nghi_thua,852519623237,beauty,特殊用途化妆品证号,国妆特字G20203269,Nhân vật đặc biệt trang điểm quốc gia G20203269,7.5
qua_dai_nghi_thua,947816235965,fashion,品牌,真卫填海,Bảo vệ thực sự việc khai hoang đất đai,7.5
qua_dai_nghi_thua,828709341173,beauty,特殊用途化妆品证号,国妆特字20240029,Nhân vật đặc biệt trang điểm quốc gia 20240029,7.5
qua_dai_nghi_thua,1073877872766,food,适用场景,商用、家用,"Dùng cho thương mại, dùng cho gia đình",7.5
qua_dai_nghi_thua,1076607746163,food,适用场景,家用、商用,"Dùng cho gia đình, dùng cho thương mại",7.5
qua_dai_nghi_thua,999003241408,food,包装方式,餐饮制售,Sản xuất và kinh doanh dịch vụ ăn uống,7.5
qua_dai_nghi_thua,905060102549,food,包装方式,餐饮制售,Sản xuất và kinh doanh dịch vụ ăn uống,7.5
qua_dai_nghi_thua,875030286594,shoes,尺码,"35【脚长22.5CM】, 36【脚长23CM】, 37【脚长23.5CM】, 38【脚长24CM】, 39【脚长24.5CM】, 40【脚长25CM】","35 [Chiều dài bàn chân 22,5CM], 36 [Chiều dài bàn chân 23CM], 37 [Chiều dài bàn chân 23,5CM], 38 [Chiều dài bàn chân 24CM], 39 [Chiều dài bàn chân 24,5CM], 40 [Chiều dài bàn chân 25CM]",7.5
qua_dai_nghi_thua,799397956613,food,网红单品,网红单品,Các mặt hàng nổi tiếng trên Internet1,7.5
qua_dai_nghi_thua,787925383991,beauty,特殊用途化妆品证号,国妆特字G20191510,Nhân vật đặc biệt trang điểm quốc gia G20191510,7.5
qua_dai_nghi_thua,947138969055,beauty,特殊用途化妆品证号,国妆特字20251175,Nhân vật đặc biệt trang điểm quốc gia 20251175,7.5
qua_dai_nghi_thua,1080341063839,shoes,运动系列,AD休闲系列,Bộ sưu tập thời trang thường ngày của AD.,7.5
qua_dai_nghi_thua,984343857136,beauty,特殊用途化妆品证号,国妆特字202511383,Nhân vật đặc biệt trang điểm quốc gia 202511383,7.5
qua_dai_nghi_thua,906085832368,beauty,特殊用途化妆品证号,国妆特字20258399,Nhân vật đặc biệt trang điểm quốc gia 20258399,7.5
qua_dai_nghi_thua,745970962471,beauty,特殊用途化妆品证号,国妆特字G20191516,Nhân vật đặc biệt trang điểm quốc gia G20191516,7.5
qua_dai_nghi_thua,947100921529,beauty,特殊用途化妆品证号,国妆特字20245867,Nhân vật đặc biệt trang điểm quốc gia 20245867,7.5
qua_dai_nghi_thua,736246529361,beauty,特殊用途化妆品证号,国妆特字G20150536,Nhân vật đặc biệt trang điểm quốc gia G20150536,7.5
qua_dai_nghi_thua,985784019445,beauty,特殊用途化妆品证号,国妆特字20253278,Nhân vật đặc biệt trang điểm quốc gia 20253278,7.5
qua_dai_nghi_thua,681849435297,beauty,特殊用途化妆品证号,国妆特字20234792,Nhân vật đặc biệt trang điểm quốc gia 20234792,7.5
qua_dai_nghi_thua,987004593044,beauty,特殊用途化妆品证号,国妆特字202413365,Nhân vật đặc biệt trang điểm quốc gia 202413365,7.5
qua_dai_nghi_thua,831699055773,beauty,特殊用途化妆品证号,国妆特字20243876,Nhân vật đặc biệt trang điểm quốc gia 20243876,7.5
qua_dai_nghi_thua,664580265112,beauty,特殊用途化妆品证号,国妆特字20243876,Nhân vật đặc biệt trang điểm quốc gia 20243876,7.5
qua_dai_nghi_thua,692115221328,beauty,特殊用途化妆品证号,国妆特字20234558,Nhân vật đặc biệt trang điểm quốc gia 20234558,7.5
qua_dai_nghi_thua,976877201608,mother_baby,适合身高,"66码, 73码, 80码, 90码","Kích thước 66, Kích thước 73, 80 thước Anh, 90 yard",7.5
qua_dai_nghi_thua,745450906858,home,适用人群,大众 通用,"Volkswagen, Tập đoàn General Motors",7.5
qua_dai_nghi_thua,659633439415,bags,支持定制,现货加标 换面料 定制包装 五金 等,"Hàng có sẵn với các tùy chọn thêm như: gắn thương hiệu, thay đổi chất liệu vải, thiết kế bao bì riêng, phụ kiện phần cứng và nhiều hơn nữa.",7.5
qua_dai_nghi_thua,988236853867,bags,风格,气质熟女,Người phụ nữ trưởng thành có khí chất,7.5
qua_dai_nghi_thua,1002152641976,electronics,流行元素,"磁吸, 网红","Hút từ tính1, Người nổi tiếng trên mạng",7.5
qua_dai_nghi_thua,949260287868,bags,风格,气质熟女,Người phụ nữ trưởng thành có khí chất,7.5
qua_dai_nghi_thua,947071431190,bags,风格,气质熟女,Người phụ nữ trưởng thành có khí chất,7.5
qua_dai_nghi_thua,962511551859,bags,风格,气质熟女,Người phụ nữ trưởng thành có khí chất,7.5
qua_dai_nghi_thua,993929047592,electronics,风格,"日韩, 时尚, 潮牌","Nhật Bản và Hàn Quốc, thời trang, Thương hiệu thời thượng",7.5
qua_dai_nghi_thua,974848343261,electronics,流行元素,"磁吸, 网红","Hút từ tính1, Người nổi tiếng trên mạng",7.5
qua_dai_nghi_thua,652550875823,bags,支持定制,现货加标 换面料 定制包装 五金 等,"Hàng có sẵn với các tùy chọn thêm như: gắn thương hiệu, thay đổi chất liệu vải, thiết kế bao bì riêng, phụ kiện phần cứng và nhiều hơn nữa.",7.5
qua_dai_nghi_thua,975941530676,electronics,流行元素,"磁吸, 网红","Hút từ tính1, Người nổi tiếng trên mạng",7.5
qua_dai_nghi_thua,997418713691,shoes,尺码,"35【脚长22.5CM】, 36【脚长23.0CM】, 37【脚长23.5CM】, 38【脚长24.0CM】, 39【脚长24.5CM】, 40【脚长25.0CM】","35 [chiều dài bàn chân 22,5CM], 36 [Chiều dài bàn chân 23.0CM], 37 [chiều dài bàn chân 23,5CM], 38 [Chiều dài bàn chân 24.0CM], 39 [chiều dài bàn chân 24,5CM], 40 [Chiều dài bàn chân 25.0CM]",7.5
qua_dai_nghi_thua,945027267904,beauty,特殊用途化妆品证号,国妆特字20255465,Nhân vật đặc biệt trang điểm quốc gia 20255465,7.5
qua_dai_nghi_thua,960293777709,bags,风格,气质熟女,Người phụ nữ trưởng thành có khí chất,7.5
qua_dai_nghi_thua,891995819771,beauty,非特化妆品备案证号,粤G妆网备字2021613098,Mạng lưới trang điểm Quảng Đông G chuẩn bị từ ngữ2021613098,7.6
qua_dai_nghi_thua,909761317336,mother_baby,适用场景,室内外通用,Thích hợp cho cả sử dụng trong nhà và ngoài trời.,7.6
qua_dai_nghi_thua,991274989811,mother_baby,适合身高,"59码, 66码, 73码, 80码, 90码","Kích thước 59, 66 yard, Kích thước 73, 80 thước Anh, 90 thước Anh",7.6
qua_dai_nghi_thua,985003059164,food,货号,红参麦冬饮,Nước uống nhân sâm đỏ và Ophiopogon japonicus,7.6
qua_dai_nghi_thua,1065571490898,mother_baby,容量,"160ml玻璃奶瓶【ss码0-1月】, 160ml玻璃奶瓶【s码1-3月】, 240ml玻璃奶瓶【M码3-6月】, 240ml玻璃奶瓶【L码6-10月】","Bình sữa thủy tinh 160ml [kích cỡ SS, dùng cho bé từ 0-1 tháng tuổi], Bình sữa thủy tinh 160ml [kích cỡ S, dành cho bé từ 1 đến 3 tháng tuổi]., Bình sữa thủy tinh 240ml [Kích cỡ M, dành cho bé từ 3-6 tháng tuổi]., Bình sữa thủy tinh cho bé, dung tích 240ml [Kích cỡ L, dành cho bé từ 6 đến 10 tháng t",7.62
qua_dai_nghi_thua,896544496978,home,贸易属性,内贸+外贸,Thương mại trong nước và ngoại thương,7.75
qua_dai_nghi_thua,762133674113,auto,镜头数量,前后双录,Ghi âm phía trước và phía sau đồng thời,7.75
qua_dai_nghi_thua,867166380345,auto,镜头数量,前后双录,Ghi âm phía trước và phía sau đồng thời,7.75
qua_dai_nghi_thua,760937842792,home,贸易属性,内贸+外贸,Thương mại trong nước và ngoại thương,7.75
qua_dai_nghi_thua,841713620948,home,贸易属性,内贸+外贸,Thương mại trong nước và ngoại thương,7.75
qua_dai_nghi_thua,895233819266,home,贸易属性,内贸+外贸,Thương mại trong nước và ngoại thương,7.75
qua_dai_nghi_thua,743782652723,home,贸易属性,内贸+外贸,Thương mại trong nước và ngoại thương,7.75
qua_dai_nghi_thua,903367152256,home,贸易属性,内贸+外贸,Thương mại trong nước và ngoại thương,7.75
qua_dai_nghi_thua,864390840464,home,贸易属性,内贸+外贸,Thương mại trong nước và ngoại thương,7.75
qua_dai_nghi_thua,899861911650,home,贸易属性,内贸+外贸,Thương mại trong nước và ngoại thương,7.75
qua_dai_nghi_thua,871078654052,home,贸易属性,内贸+外贸,Thương mại trong nước và ngoại thương,7.75
qua_dai_nghi_thua,926536142941,home,贸易属性,内贸+外贸,Thương mại trong nước và ngoại thương,7.75
qua_dai_nghi_thua,861644525774,home,贸易属性,内贸+外贸,Thương mại trong nước và ngoại thương,7.75
qua_dai_nghi_thua,570395521821,mother_baby,功能,储能回弹,Sự phục hồi của việc lưu trữ năng lượng,7.75
qua_dai_nghi_thua,975325787287,mother_baby,功能,储能回弹,Sự phục hồi của việc lưu trữ năng lượng,7.75
qua_dai_nghi_thua,645309988001,home,贸易属性,内贸+外贸,Thương mại trong nước và ngoại thương,7.75
qua_dai_nghi_thua,784576227361,home,贸易属性,内贸+外贸,Thương mại trong nước và ngoại thương,7.75
qua_dai_nghi_thua,720812470183,home,贸易属性,内贸+外贸,Thương mại trong nước và ngoại thương,7.75
qua_dai_nghi_thua,985721693507,electronics,流行元素,"新年, 网红","năm mới, Người nổi tiếng trên Internet",7.75
qua_dai_nghi_thua,908712004631,home,贸易属性,内贸+外贸,Thương mại trong nước và ngoại thương,7.75
qua_dai_nghi_thua,821477244504,auto,镜头数量,前后双录,Ghi âm phía trước và phía sau đồng thời,7.75
qua_dai_nghi_thua,894423859269,home,贸易属性,内贸+外贸,Thương mại trong nước và ngoại thương,7.75
qua_dai_nghi_thua,681527508400,home,贸易属性,内贸+外贸,Thương mại trong nước và ngoại thương,7.75
qua_dai_nghi_thua,941120001998,home,贸易属性,内贸+外贸,Thương mại trong nước và ngoại thương,7.75
qua_dai_nghi_thua,709971580780,auto,镜头数量,前后双录,Ghi âm phía trước và phía sau đồng thời,7.75
qua_dai_nghi_thua,695608147195,home,贸易属性,内贸+外贸,Thương mại trong nước và ngoại thương,7.75
qua_dai_nghi_thua,912237683410,home,贸易属性,内贸+外贸,Thương mại trong nước và ngoại thương,7.75
qua_dai_nghi_thua,810878304505,home,贸易属性,内贸+外贸,Thương mại trong nước và ngoại thương,7.75
qua_dai_nghi_thua,705980387135,home,贸易属性,内贸+外贸,Thương mại trong nước và ngoại thương,7.75
qua_dai_nghi_thua,930923912088,home,贸易属性,内贸+外贸,Thương mại trong nước và ngoại thương,7.75
qua_dai_nghi_thua,863830062162,home,贸易属性,内贸+外贸,Thương mại trong nước và ngoại thương,7.75
qua_dai_nghi_thua,910085975723,home,贸易属性,内贸+外贸,Thương mại trong nước và ngoại thương,7.75
qua_dai_nghi_thua,726256792091,home,贸易属性,内贸+外贸,Thương mại trong nước và ngoại thương,7.75
qua_dai_nghi_thua,814476871130,home,贸易属性,内贸+外贸,Thương mại trong nước và ngoại thương,7.75
qua_dai_nghi_thua,694418993286,home,贸易属性,内贸+外贸,Thương mại trong nước và ngoại thương,7.75
qua_dai_nghi_thua,895617600623,home,贸易属性,内贸+外贸,Thương mại trong nước và ngoại thương,7.75
qua_dai_nghi_thua,838470206912,home,贸易属性,内贸+外贸,Thương mại trong nước và ngoại thương,7.75
qua_dai_nghi_thua,706261196033,home,贸易属性,内贸+外贸,Thương mại trong nước và ngoại thương,7.75
qua_dai_nghi_thua,837174667631,home,贸易属性,内贸+外贸,Thương mại trong nước và ngoại thương,7.75
qua_dai_nghi_thua,662536701469,home,贸易属性,内贸+外贸,Thương mại trong nước và ngoại thương,7.75
qua_dai_nghi_thua,811488345471,home,贸易属性,内贸+外贸,Thương mại trong nước và ngoại thương,7.75
qua_dai_nghi_thua,764778025488,home,贸易属性,内贸+外贸,Thương mại trong nước và ngoại thương,7.75
qua_dai_nghi_thua,899919091043,home,贸易属性,内贸+外贸,Thương mại trong nước và ngoại thương,7.75
qua_dai_nghi_thua,953241081061,home,贸易属性,内贸+外贸,Thương mại trong nước và ngoại thương,7.75
qua_dai_nghi_thua,863472908429,home,贸易属性,内贸+外贸,Thương mại trong nước và ngoại thương,7.75
qua_dai_nghi_thua,735390571044,home,贸易属性,内贸+外贸,Thương mại trong nước và ngoại thương,7.75
qua_dai_nghi_thua,870259976950,home,贸易属性,内贸+外贸,Thương mại trong nước và ngoại thương,7.75
qua_dai_nghi_thua,945593345114,home,贸易属性,内贸+外贸,Thương mại trong nước và ngoại thương,7.75
qua_dai_nghi_thua,856162457069,home,贸易属性,内贸+外贸,Thương mại trong nước và ngoại thương,7.75
qua_dai_nghi_thua,833018325257,home,贸易属性,内贸+外贸,Thương mại trong nước và ngoại thương,7.75
qua_dai_nghi_thua,861324670433,home,贸易属性,内贸+外贸,Thương mại trong nước và ngoại thương,7.75
qua_dai_nghi_thua,719698209380,home,贸易属性,内贸+外贸,Thương mại trong nước và ngoại thương,7.75
qua_dai_nghi_thua,748709591603,home,贸易属性,内贸+外贸,Thương mại trong nước và ngoại thương,7.75
qua_dai_nghi_thua,672054545348,home,贸易属性,内贸+外贸,Thương mại trong nước và ngoại thương,7.75
qua_dai_nghi_thua,862563452583,home,贸易属性,内贸+外贸,Thương mại trong nước và ngoại thương,7.75
qua_dai_nghi_thua,752491684278,home,贸易属性,内贸+外贸,Thương mại trong nước và ngoại thương,7.75
qua_dai_nghi_thua,909150512386,home,贸易属性,内贸+外贸,Thương mại trong nước và ngoại thương,7.75
qua_dai_nghi_thua,844039724461,home,贸易属性,内贸+外贸,Thương mại trong nước và ngoại thương,7.75
qua_dai_nghi_thua,889992278084,home,贸易属性,内贸+外贸,Thương mại trong nước và ngoại thương,7.75
qua_dai_nghi_thua,926365361730,home,贸易属性,内贸+外贸,Thương mại trong nước và ngoại thương,7.75
qua_dai_nghi_thua,713998059648,home,贸易属性,内贸+外贸,Thương mại trong nước và ngoại thương,7.75
qua_dai_nghi_thua,811721962840,home,贸易属性,内贸+外贸,Thương mại trong nước và ngoại thương,7.75
qua_dai_nghi_thua,836886317879,home,贸易属性,内贸+外贸,Thương mại trong nước và ngoại thương,7.75
qua_dai_nghi_thua,925790094616,home,贸易属性,内贸+外贸,Thương mại trong nước và ngoại thương,7.75
qua_dai_nghi_thua,744379570562,home,贸易属性,内贸+外贸,Thương mại trong nước và ngoại thương,7.75
qua_dai_nghi_thua,860989936744,home,贸易属性,内贸+外贸,Thương mại trong nước và ngoại thương,7.75
qua_dai_nghi_thua,746115195016,home,贸易属性,内贸+外贸,Thương mại trong nước và ngoại thương,7.75
qua_dai_nghi_thua,918686099399,home,贸易属性,内贸+外贸,Thương mại trong nước và ngoại thương,7.75
qua_dai_nghi_thua,799290626016,home,贸易属性,内贸+外贸,Thương mại trong nước và ngoại thương,7.75
qua_dai_nghi_thua,926185241579,home,贸易属性,内贸+外贸,Thương mại trong nước và ngoại thương,7.75
qua_dai_nghi_thua,944649317176,home,贸易属性,内贸+外贸,Thương mại trong nước và ngoại thương,7.75
qua_dai_nghi_thua,937508664213,home,贸易属性,内贸+外贸,Thương mại trong nước và ngoại thương,7.75
qua_dai_nghi_thua,927390793654,home,贸易属性,内贸+外贸,Thương mại trong nước và ngoại thương,7.75
qua_dai_nghi_thua,671995403042,home,贸易属性,内贸+外贸,Thương mại trong nước và ngoại thương,7.75
qua_dai_nghi_thua,663799144518,home,贸易属性,内贸+外贸,Thương mại trong nước và ngoại thương,7.75
qua_dai_nghi_thua,737864047230,home,贸易属性,内贸+外贸,Thương mại trong nước và ngoại thương,7.75
qua_dai_nghi_thua,814801879984,home,贸易属性,内贸+外贸,Thương mại trong nước và ngoại thương,7.75
qua_dai_nghi_thua,944764997547,home,贸易属性,内贸+外贸,Thương mại trong nước và ngoại thương,7.75
qua_dai_nghi_thua,850151845732,home,贸易属性,内贸+外贸,Thương mại trong nước và ngoại thương,7.75
qua_dai_nghi_thua,910316121441,home,贸易属性,内贸+外贸,Thương mại trong nước và ngoại thương,7.75
qua_dai_nghi_thua,900173662432,home,贸易属性,内贸+外贸,Thương mại trong nước và ngoại thương,7.75
qua_dai_nghi_thua,848285361800,home,贸易属性,内贸+外贸,Thương mại trong nước và ngoại thương,7.75
qua_dai_nghi_thua,719216057274,home,贸易属性,内贸+外贸,Thương mại trong nước và ngoại thương,7.75
qua_dai_nghi_thua,788106119393,home,贸易属性,内贸+外贸,Thương mại trong nước và ngoại thương,7.75
qua_dai_nghi_thua,872602801766,home,贸易属性,内贸+外贸,Thương mại trong nước và ngoại thương,7.75
qua_dai_nghi_thua,901146223237,home,贸易属性,内贸+外贸,Thương mại trong nước và ngoại thương,7.75
qua_dai_nghi_thua,824827991480,home,贸易属性,内贸+外贸,Thương mại trong nước và ngoại thương,7.75
qua_dai_nghi_thua,943212799703,home,贸易属性,内贸+外贸,Thương mại trong nước và ngoại thương,7.75
qua_dai_nghi_thua,817936288645,home,贸易属性,内贸+外贸,Thương mại trong nước và ngoại thương,7.75
qua_dai_nghi_thua,739911121093,home,贸易属性,内贸+外贸,Thương mại trong nước và ngoại thương,7.75
qua_dai_nghi_thua,895813059729,home,贸易属性,内贸+外贸,Thương mại trong nước và ngoại thương,7.75
qua_dai_nghi_thua,828889888964,home,贸易属性,内贸+外贸,Thương mại trong nước và ngoại thương,7.75
qua_dai_nghi_thua,800450502266,home,贸易属性,内贸+外贸,Thương mại trong nước và ngoại thương,7.75
qua_dai_nghi_thua,741639521970,home,贸易属性,内贸+外贸,Thương mại trong nước và ngoại thương,7.75
qua_dai_nghi_thua,724437228463,home,贸易属性,内贸+外贸,Thương mại trong nước và ngoại thương,7.75
qua_dai_nghi_thua,693514172654,home,贸易属性,内贸+外贸,Thương mại trong nước và ngoại thương,7.75
qua_dai_nghi_thua,718872876474,home,贸易属性,内贸+外贸,Thương mại trong nước và ngoại thương,7.75
qua_dai_nghi_thua,782384335823,home,贸易属性,内贸+外贸,Thương mại trong nước và ngoại thương,7.75
qua_dai_nghi_thua,951059003841,home,贸易属性,内贸+外贸,Thương mại trong nước và ngoại thương,7.75
qua_dai_nghi_thua,921859440043,home,贸易属性,内贸+外贸,Thương mại trong nước và ngoại thương,7.75
qua_dai_nghi_thua,815023026853,home,贸易属性,内贸+外贸,Thương mại trong nước và ngoại thương,7.75
qua_dai_nghi_thua,962769475550,home,贸易属性,内贸外贸,Thương mại trong nước và ngoại thương,7.75
qua_dai_nghi_thua,847686850192,home,贸易属性,内贸+外贸,Thương mại trong nước và ngoại thương,7.75
qua_dai_nghi_thua,925160665492,home,贸易属性,内贸+外贸,Thương mại trong nước và ngoại thương,7.75
qua_dai_nghi_thua,914894632770,home,贸易属性,内贸+外贸,Thương mại trong nước và ngoại thương,7.75
qua_dai_nghi_thua,833359169257,home,贸易属性,内贸+外贸,Thương mại trong nước và ngoại thương,7.75
qua_dai_nghi_thua,896912007503,home,贸易属性,内贸+外贸,Thương mại trong nước và ngoại thương,7.75
qua_dai_nghi_thua,841809695822,home,贸易属性,内贸+外贸,Thương mại trong nước và ngoại thương,7.75
qua_dai_nghi_thua,623971225357,home,贸易属性,内贸+外贸,Thương mại trong nước và ngoại thương,7.75
qua_dai_nghi_thua,783358745305,home,贸易属性,内贸+外贸,Thương mại trong nước và ngoại thương,7.75
qua_dai_nghi_thua,900318381695,home,贸易属性,内贸+外贸,Thương mại trong nước và ngoại thương,7.75
qua_dai_nghi_thua,789843316429,home,贸易属性,内贸+外贸,Thương mại trong nước và ngoại thương,7.75
qua_dai_nghi_thua,970078054463,electronics,流行元素,"电镀, 网红","mạ điện1, Người nổi tiếng trên Internet",7.75
qua_dai_nghi_thua,756225123874,home,贸易属性,内贸+外贸,Thương mại trong nước và ngoại thương,7.75
qua_dai_nghi_thua,931571374917,home,贸易属性,内贸+外贸,Thương mại trong nước và ngoại thương,7.75
qua_dai_nghi_thua,893033251769,home,贸易属性,内贸+外贸,Thương mại trong nước và ngoại thương,7.75
qua_dai_nghi_thua,976941749713,electronics,流行元素,"定制, DIY, 网红","tùy chỉnh, Tự làm, Người nổi tiếng trên mạng",7.75
qua_dai_nghi_thua,785418483084,shoes,尺码,"35, 36, 37, 38, 39, 40, 41, 42, 43, 44-45码数，300起定","35, 36, 37, 38, 39, 40, 41, 42, 43, Size 44-45, số lượng đặt hàng tối thiểu 300 chiếc.",7.75
qua_dai_nghi_thua,893523364905,home,贸易属性,内贸+外贸,Thương mại trong nước và ngoại thương,7.75
qua_dai_nghi_thua,891624092440,home,贸易属性,内贸+外贸,Thương mại trong nước và ngoại thương,7.75
qua_dai_nghi_thua,916781225634,home,贸易属性,内贸+外贸,Thương mại trong nước và ngoại thương,7.75
qua_dai_nghi_thua,889432698330,home,贸易属性,内贸+外贸,Thương mại trong nước và ngoại thương,7.75
qua_dai_nghi_thua,826604859505,home,贸易属性,内贸+外贸,Thương mại trong nước và ngoại thương,7.75
qua_dai_nghi_thua,913652049998,home,贸易属性,内贸+外贸,Thương mại trong nước và ngoại thương,7.75
qua_dai_nghi_thua,863790762206,home,贸易属性,内贸+外贸,Thương mại trong nước và ngoại thương,7.75
qua_dai_nghi_thua,929536754418,home,贸易属性,内贸+外贸,Thương mại trong nước và ngoại thương,7.75
qua_dai_nghi_thua,896554057536,home,贸易属性,内贸+外贸,Thương mại trong nước và ngoại thương,7.75
qua_dai_nghi_thua,823158084955,home,贸易属性,内贸+外贸,Thương mại trong nước và ngoại thương,7.75
qua_dai_nghi_thua,862985219318,home,贸易属性,内贸+外贸,Thương mại trong nước và ngoại thương,7.75
qua_dai_nghi_thua,865327412592,home,贸易属性,内贸+外贸,Thương mại trong nước và ngoại thương,7.75
qua_dai_nghi_thua,820061932509,home,贸易属性,内贸+外贸,Thương mại trong nước và ngoại thương,7.75
qua_dai_nghi_thua,829533937380,home,贸易属性,内贸+外贸,Thương mại trong nước và ngoại thương,7.75
qua_dai_nghi_thua,795110810920,home,贸易属性,内贸+外贸,Thương mại trong nước và ngoại thương,7.75
qua_dai_nghi_thua,946364302186,home,贸易属性,内贸+外贸,Thương mại trong nước và ngoại thương,7.75
qua_dai_nghi_thua,796232153920,home,贸易属性,内贸+外贸,Thương mại trong nước và ngoại thương,7.75
qua_dai_nghi_thua,782432508942,home,贸易属性,内贸+外贸,Thương mại trong nước và ngoại thương,7.75
qua_dai_nghi_thua,915098136502,home,贸易属性,内贸+外贸,Thương mại trong nước và ngoại thương,7.75
qua_dai_nghi_thua,896194900453,home,贸易属性,内贸+外贸,Thương mại trong nước và ngoại thương,7.75
qua_dai_nghi_thua,938027492313,home,贸易属性,内贸+外贸,Thương mại trong nước và ngoại thương,7.75
qua_dai_nghi_thua,680756379644,home,贸易属性,内贸+外贸,Thương mại trong nước và ngoại thương,7.75
qua_dai_nghi_thua,678370411961,home,贸易属性,内贸+外贸,Thương mại trong nước và ngoại thương,7.75
qua_dai_nghi_thua,905476988565,home,贸易属性,内贸+外贸,Thương mại trong nước và ngoại thương,7.75
qua_dai_nghi_thua,799794428688,home,贸易属性,内贸+外贸,Thương mại trong nước và ngoại thương,7.75
qua_dai_nghi_thua,900983989859,home,贸易属性,内贸+外贸,Thương mại trong nước và ngoại thương,7.75
qua_dai_nghi_thua,928908796779,home,贸易属性,内贸+外贸,Thương mại trong nước và ngoại thương,7.75
qua_dai_nghi_thua,660982120860,home,贸易属性,内贸+外贸,Thương mại trong nước và ngoại thương,7.75
qua_dai_nghi_thua,952794341183,home,贸易属性,内贸+外贸,Thương mại trong nước và ngoại thương,7.75
qua_dai_nghi_thua,863463270288,home,贸易属性,内贸+外贸,Thương mại trong nước và ngoại thương,7.75
qua_dai_nghi_thua,815191489462,home,贸易属性,内贸+外贸,Thương mại trong nước và ngoại thương,7.75
qua_dai_nghi_thua,745814428367,home,贸易属性,内贸+外贸,Thương mại trong nước và ngoại thương,7.75
qua_dai_nghi_thua,877716967268,home,贸易属性,内贸+外贸,Thương mại trong nước và ngoại thương,7.75
qua_dai_nghi_thua,778357245791,home,贸易属性,内贸+外贸,Thương mại trong nước và ngoại thương,7.75
qua_dai_nghi_thua,913769517539,home,贸易属性,内贸+外贸,Thương mại trong nước và ngoại thương,7.75
qua_dai_nghi_thua,670601891286,home,贸易属性,内贸+外贸,Thương mại trong nước và ngoại thương,7.75
qua_dai_nghi_thua,936551764943,home,贸易属性,内贸+外贸,Thương mại trong nước và ngoại thương,7.75
qua_dai_nghi_thua,902806019314,home,贸易属性,内贸+外贸,Thương mại trong nước và ngoại thương,7.75
qua_dai_nghi_thua,906604018582,home,贸易属性,内贸+外贸,Thương mại trong nước và ngoại thương,7.75
qua_dai_nghi_thua,750066274332,home,贸易属性,内贸+外贸,Thương mại trong nước và ngoại thương,7.75
qua_dai_nghi_thua,946485729699,home,贸易属性,内贸+外贸,Thương mại trong nước và ngoại thương,7.75
qua_dai_nghi_thua,899287004273,home,贸易属性,内贸+外贸,Thương mại trong nước và ngoại thương,7.75
qua_dai_nghi_thua,565540813334,auto,镜头数量,前后双录,Ghi âm phía trước và phía sau đồng thời,7.75
qua_dai_nghi_thua,865275934113,home,贸易属性,内贸+外贸,Thương mại trong nước và ngoại thương,7.75
qua_dai_nghi_thua,885611010118,home,贸易属性,内贸+外贸,Thương mại trong nước và ngoại thương,7.75
qua_dai_nghi_thua,937337078409,home,贸易属性,内贸+外贸,Thương mại trong nước và ngoại thương,7.75
qua_dai_nghi_thua,714660358050,home,贸易属性,内贸+外贸,Thương mại trong nước và ngoại thương,7.75
qua_dai_nghi_thua,613204648003,home,贸易属性,内贸+外贸,Thương mại trong nước và ngoại thương,7.75
qua_dai_nghi_thua,782816017706,home,贸易属性,内贸+外贸,Thương mại trong nước và ngoại thương,7.75
qua_dai_nghi_thua,895289437902,home,贸易属性,内贸+外贸,Thương mại trong nước và ngoại thương,7.75
qua_dai_nghi_thua,891771870727,home,贸易属性,内贸+外贸,Thương mại trong nước và ngoại thương,7.75
qua_dai_nghi_thua,649838350066,home,贸易属性,内贸+外贸,Thương mại trong nước và ngoại thương,7.75
qua_dai_nghi_thua,741898847319,home,贸易属性,内贸+外贸,Thương mại trong nước và ngoại thương,7.75
qua_dai_nghi_thua,625203115186,home,贸易属性,内贸+外贸,Thương mại trong nước và ngoại thương,7.75
qua_dai_nghi_thua,892557179292,home,贸易属性,内贸+外贸,Thương mại trong nước và ngoại thương,7.75
qua_dai_nghi_thua,807623999293,home,贸易属性,内贸+外贸,Thương mại trong nước và ngoại thương,7.75
qua_dai_nghi_thua,920359702806,home,贸易属性,内贸+外贸,Thương mại trong nước và ngoại thương,7.75
qua_dai_nghi_thua,796018717396,home,贸易属性,内贸+外贸,Thương mại trong nước và ngoại thương,7.75
qua_dai_nghi_thua,933607088196,home,贸易属性,内贸+外贸,Thương mại trong nước và ngoại thương,7.75
qua_dai_nghi_thua,594403866384,home,贸易属性,内贸+外贸,Thương mại trong nước và ngoại thương,7.75
qua_dai_nghi_thua,908974679924,home,贸易属性,内贸+外贸,Thương mại trong nước và ngoại thương,7.75
qua_dai_nghi_thua,847303774054,home,贸易属性,内贸+外贸,Thương mại trong nước và ngoại thương,7.75
qua_dai_nghi_thua,855068532102,home,贸易属性,内贸+外贸,Thương mại trong nước và ngoại thương,7.75
qua_dai_nghi_thua,932162689698,home,贸易属性,内贸+外贸,Thương mại trong nước và ngoại thương,7.75
qua_dai_nghi_thua,629135076666,home,贸易属性,内贸+外贸,Thương mại trong nước và ngoại thương,7.75
qua_dai_nghi_thua,677122530258,home,贸易属性,内贸+外贸,Thương mại trong nước và ngoại thương,7.75
qua_dai_nghi_thua,825497490777,home,贸易属性,内贸+外贸,Thương mại trong nước và ngoại thương,7.75
qua_dai_nghi_thua,909987203615,home,贸易属性,内贸+外贸,Thương mại trong nước và ngoại thương,7.75
qua_dai_nghi_thua,921427199702,home,贸易属性,内贸+外贸,Thương mại trong nước và ngoại thương,7.75
qua_dai_nghi_thua,943634992705,home,贸易属性,内贸+外贸,Thương mại trong nước và ngoại thương,7.75
qua_dai_nghi_thua,893316446794,home,贸易属性,内贸+外贸,Thương mại trong nước và ngoại thương,7.75
qua_dai_nghi_thua,792384057402,home,贸易属性,内贸+外贸,Thương mại trong nước và ngoại thương,7.75
qua_dai_nghi_thua,923620538227,home,贸易属性,内贸+外贸,Thương mại trong nước và ngoại thương,7.75
qua_dai_nghi_thua,894849193621,home,贸易属性,内贸+外贸,Thương mại trong nước và ngoại thương,7.75
qua_dai_nghi_thua,926157450408,home,贸易属性,内贸+外贸,Thương mại trong nước và ngoại thương,7.75
qua_dai_nghi_thua,939241017092,home,贸易属性,内贸+外贸,Thương mại trong nước và ngoại thương,7.75
qua_dai_nghi_thua,853253131522,home,贸易属性,内贸+外贸,Thương mại trong nước và ngoại thương,7.75
qua_dai_nghi_thua,713384221548,home,贸易属性,内贸+外贸,Thương mại trong nước và ngoại thương,7.75
qua_dai_nghi_thua,903145469856,home,贸易属性,内贸+外贸,Thương mại trong nước và ngoại thương,7.75
qua_dai_nghi_thua,735283254705,home,贸易属性,内贸+外贸,Thương mại trong nước và ngoại thương,7.75
qua_dai_nghi_thua,830649048867,home,贸易属性,内贸+外贸,Thương mại trong nước và ngoại thương,7.75
qua_dai_nghi_thua,838962459067,home,贸易属性,内贸+外贸,Thương mại trong nước và ngoại thương,7.75
qua_dai_nghi_thua,929562404887,home,贸易属性,内贸+外贸,Thương mại trong nước và ngoại thương,7.75
qua_dai_nghi_thua,861492911901,home,贸易属性,内贸+外贸,Thương mại trong nước và ngoại thương,7.75
qua_dai_nghi_thua,694184012152,home,贸易属性,内贸+外贸,Thương mại trong nước và ngoại thương,7.75
qua_dai_nghi_thua,907722411856,home,贸易属性,内贸+外贸,Thương mại trong nước và ngoại thương,7.75
qua_dai_nghi_thua,773380168429,home,贸易属性,内贸+外贸,Thương mại trong nước và ngoại thương,7.75
qua_dai_nghi_thua,837597314259,home,贸易属性,内贸+外贸,Thương mại trong nước và ngoại thương,7.75
qua_dai_nghi_thua,939918806476,home,贸易属性,内贸+外贸,Thương mại trong nước và ngoại thương,7.75
qua_dai_nghi_thua,854083810245,home,贸易属性,内贸+外贸,Thương mại trong nước và ngoại thương,7.75
qua_dai_nghi_thua,920996963257,home,贸易属性,内贸+外贸,Thương mại trong nước và ngoại thương,7.75
qua_dai_nghi_thua,927081683348,home,贸易属性,内贸+外贸,Thương mại trong nước và ngoại thương,7.75
qua_dai_nghi_thua,891531803473,home,贸易属性,内贸+外贸,Thương mại trong nước và ngoại thương,7.75
qua_dai_nghi_thua,910933345396,home,贸易属性,内贸+外贸,Thương mại trong nước và ngoại thương,7.75
qua_dai_nghi_thua,903536285568,home,贸易属性,内贸+外贸,Thương mại trong nước và ngoại thương,7.75
qua_dai_nghi_thua,902600739426,home,贸易属性,内贸+外贸,Thương mại trong nước và ngoại thương,7.75
qua_dai_nghi_thua,943283226259,home,贸易属性,内贸+外贸,Thương mại trong nước và ngoại thương,7.75
qua_dai_nghi_thua,824404786104,home,贸易属性,内贸+外贸,Thương mại trong nước và ngoại thương,7.75
qua_dai_nghi_thua,953854360100,home,贸易属性,内贸+外贸,Thương mại trong nước và ngoại thương,7.75
qua_dai_nghi_thua,927688058205,home,贸易属性,内贸+外贸,Thương mại trong nước và ngoại thương,7.75
qua_dai_nghi_thua,738712383140,home,贸易属性,内贸+外贸,Thương mại trong nước và ngoại thương,7.75
qua_dai_nghi_thua,810412475525,electronics,流行元素,"气囊, 网红","túi khí, Người nổi tiếng trên Internet",7.75
qua_dai_nghi_thua,932018257713,home,贸易属性,内贸+外贸,Thương mại trong nước và ngoại thương,7.75
qua_dai_nghi_thua,658974469986,home,贸易属性,内贸+外贸,Thương mại trong nước và ngoại thương,7.75
qua_dai_nghi_thua,908463227947,home,贸易属性,内贸+外贸,Thương mại trong nước và ngoại thương,7.75
qua_dai_nghi_thua,843131519391,home,贸易属性,内贸+外贸,Thương mại trong nước và ngoại thương,7.75
qua_dai_nghi_thua,789519276073,home,贸易属性,内贸+外贸,Thương mại trong nước và ngoại thương,7.75
qua_dai_nghi_thua,639855616326,home,贸易属性,内贸+外贸,Thương mại trong nước và ngoại thương,7.75
qua_dai_nghi_thua,839366547368,home,贸易属性,内贸+外贸,Thương mại trong nước và ngoại thương,7.75
qua_dai_nghi_thua,846816861358,home,贸易属性,内贸+外贸,Thương mại trong nước và ngoại thương,7.75
qua_dai_nghi_thua,860931051588,home,贸易属性,内贸+外贸,Thương mại trong nước và ngoại thương,7.75
qua_dai_nghi_thua,694522240294,home,贸易属性,内贸+外贸,Thương mại trong nước và ngoại thương,7.75
qua_dai_nghi_thua,695240621209,home,贸易属性,内贸+外贸,Thương mại trong nước và ngoại thương,7.75
qua_dai_nghi_thua,727532367805,home,贸易属性,内贸+外贸,Thương mại trong nước và ngoại thương,7.75
qua_dai_nghi_thua,886892824042,home,贸易属性,内贸+外贸,Thương mại trong nước và ngoại thương,7.75
qua_dai_nghi_thua,732628678650,home,贸易属性,内贸+外贸,Thương mại trong nước và ngoại thương,7.75
qua_dai_nghi_thua,822987492704,home,贸易属性,内贸+外贸,Thương mại trong nước và ngoại thương,7.75
qua_dai_nghi_thua,864476096053,home,贸易属性,内贸+外贸,Thương mại trong nước và ngoại thương,7.75
qua_dai_nghi_thua,910440233960,home,贸易属性,内贸+外贸,Thương mại trong nước và ngoại thương,7.75
qua_dai_nghi_thua,660015885694,home,贸易属性,内贸+外贸,Thương mại trong nước và ngoại thương,7.75
qua_dai_nghi_thua,764327504179,home,贸易属性,内贸+外贸,Thương mại trong nước và ngoại thương,7.75
qua_dai_nghi_thua,740699978187,electronics,风格,"日韩风, 欧美, 轻奢风, ins风","Phong cách Nhật Bản và Hàn Quốc, Châu Âu và Mỹ, Phong cách sang trọng nhẹ nhàng, phong cách ins",7.78
qua_dai_nghi_thua,897882085979,shoes,毛重,找客服咨询,Liên hệ bộ phận chăm sóc khách hàng để được tư vấn.1,7.8
qua_dai_nghi_thua,897882085979,shoes,包装体积,找客服咨询,Liên hệ bộ phận chăm sóc khách hàng để được tư vấn.2,7.8
qua_dai_nghi_thua,1009200905819,shoes,毛重,找客服咨询,Liên hệ bộ phận chăm sóc khách hàng để được tư vấn1,7.8
qua_dai_nghi_thua,1009200905819,shoes,包装体积,找客服咨询,Liên hệ bộ phận chăm sóc khách hàng để được tư vấn2,7.8
qua_dai_nghi_thua,987515022828,shoes,包装体积,找客服咨询,Liên hệ bộ phận chăm sóc khách hàng để được tư vấn.2,7.8
qua_dai_nghi_thua,987515022828,shoes,毛重,找客服咨询,Liên hệ bộ phận chăm sóc khách hàng để được tư vấn.1,7.8
qua_dai_nghi_thua,679683294102,beauty,非特化妆品备案证号,粤G妆网备字2023385163,Lưới trang điểm Quảng Đông G sẵn sàng cho thư pháp 2023385163,7.8
qua_dai_nghi_thua,594922799832,beauty,非特化妆品备案证号,粤G妆网备字2023372882,Lưới trang điểm Quảng Đông G sẵn sàng cho thư pháp 2023372882,7.8
qua_dai_nghi_thua,642496930836,beauty,非特化妆品备案证号,粤G妆网备字2023289346,Lưới trang điểm Quảng Đông G sẵn sàng cho thư pháp 2023289346,7.8
qua_dai_nghi_thua,724612644360,beauty,非特化妆品备案证号,粤G妆网备字2023197885,Lưới trang điểm Quảng Đông G sẵn sàng cho thư pháp 2023197885,7.8
qua_dai_nghi_thua,732607183284,beauty,非特化妆品备案证号,粤G妆网备字2023287899,Lưới trang điểm Quảng Đông G sẵn sàng cho thư pháp 2023287899,7.8
qua_dai_nghi_thua,726529844452,beauty,非特化妆品备案证号,沪G妆网备字2024002126,Thành phố Thượng Hải G từ chuẩn bị mạng trang điểm 2024002126,7.8
qua_dai_nghi_thua,906573140739,home,花型,"华夫格-橄榄绿【母婴华夫格 软糯舒适 健康裸睡】, 华夫格-灰色【母婴华夫格 软糯舒适 健康裸睡】, 华夫格-蓝色【母婴华夫格 软糯舒适 健康裸睡】, 华夫格-焦糖【母婴华夫格 软糯舒适 健康裸睡】, 泡泡纱-芥末绿【母婴泡泡纱 软糯舒适 健康裸睡】, 泡泡纱-天蓝玉【母婴泡泡纱 软糯舒适 健康裸睡】, 泡泡纱-情调灰【母婴泡泡纱 软糯舒适 健康裸睡】","Walvage-Màu xanh ô liu [Mẹ và bé Walvage-mềm, ngủ khỏa thân thoải mái và khỏe mạnh], Walfger-Xám [Mẹ và bé Walfgergergergergergergergergergergergergergergergergergergergergergergergergergergergergergergergergergergergergergergergergergergergergergergergergergergergergergergergergergergergergergerger",7.91
qua_dai_nghi_thua,737984308015,auto,记录仪安装类型,专车专用,Xe đặc biệt cho mục đích sử dụng đặc biệt,8.0
qua_dai_nghi_thua,987041511204,electronics,流行元素,"水钻, 网红","kim cương giả, Người nổi tiếng trên mạng",8.0
qua_dai_nghi_thua,951985624382,electronics,流行元素,"爱心, 网红","tình yêu, Người nổi tiếng trên Internet",8.0
qua_dai_nghi_thua,851626181444,fashion,尺码,均码(80-140斤可穿),Một kích thước phù hợp với tất cả (40-70kg có thể được đeo),8.0
qua_dai_nghi_thua,757481020493,electronics,流行元素,"纯色, 网红","màu trơn1, Người nổi tiếng trên Internet",8.0
qua_dai_nghi_thua,974334150546,mother_baby,适合身高,"100cm建议身高90-100cm, 110cm建议身高100-110cm, 120cm建议身高110-120cm, 130cm建议身高120-130cm, 140cm建议身高130-140cm, 150cm建议身高140-150cm","Chiều cao khuyến nghị: 90-100cm (100cm), Chiều cao khuyến nghị: 110cm. Phù hợp chiều cao từ 100-110cm., Chiều cao khuyến nghị: 120cm (phù hợp với chiều cao từ 110-120cm), Chiều cao khuyến nghị: 130cm. Phù hợp với chiều cao từ 120-130cm., Chiều cao khuyến nghị: 130-140cm (140cm là chiều cao tối đa).,",8.17
qua_dai_nghi_thua,940220778102,home,规格,"5.5*5.5*2CM（2000个/箱）, 6.5*6.5*2CM（1500个/箱）, 9.5*9.5*2.8CM（420个/箱）, 8.5*8.5*2.5CM（600个/箱）, 4.5*4.5*2CM（2000个/箱）, 7.5*7.5*2.5CM（800个/箱）, 10.5*10.5*3CM（360个/箱）, 11.5*11.5*3.5CM（240个/箱）, 3.5*3.5*1.7cm（2500/箱）","5.5*5.5*2CM(2000 chiếc/thùng carton)1, 6.5*6.5*2CM(1500 chiếc/thùng carton)1, 9.5*9.5*2.8CM(420 chiếc/thùng carton)1, 8.5*8.5*2.5CM(600 chiếc/thùng carton)1, 4.5*4.5*2CM(2000 chiếc/thùng carton)1, 7.5*7.5*2.5CM(800 chiếc/thùng carton)1, 10.5*10.5*3CM(360 chiếc/thùng carton)1, 11.5*11.5*3.5CM(240 chi",8.18
qua_dai_nghi_thua,1048688910619,home,风格,"小清新, ins风","Phong cách nhẹ nhàng, tươi mới, phong cách ins",8.25
qua_dai_nghi_thua,1066773858997,home,风格,"小清新, ins风","Phong cách nhẹ nhàng, tươi mới, phong cách ins",8.25
qua_dai_nghi_thua,984080539523,electronics,流行元素,"卡通, 网红","Phim hoạt hình, Người nổi tiếng trên mạng",8.25
qua_dai_nghi_thua,1001705511108,food,普洱茶年份,5年(含)-15年(含),Từ 5 năm (tính cả năm đó) đến 15 năm (tính cả năm đó).,8.25
qua_dai_nghi_thua,949207429600,mother_baby,洗涤方式,机洗、水洗,"Có thể giặt bằng máy, có thể giặt bằng nước",8.25
qua_dai_nghi_thua,1050518743875,home,风格,"小清新, ins风","Phong cách nhẹ nhàng, tươi mới, phong cách ins",8.25
qua_dai_nghi_thua,718739919440,electronics,流行元素,"卡通, 网红","Phim hoạt hình, Người nổi tiếng trên mạng",8.25
qua_dai_nghi_thua,992086931297,electronics,流行元素,"卡通, 网红","Phim hoạt hình, Người nổi tiếng trên mạng",8.25
qua_dai_nghi_thua,1083240661081,home,风格,"小清新, ins风","Phong cách nhẹ nhàng, tươi mới, phong cách ins",8.25
qua_dai_nghi_thua,1081565102675,home,风格,"小清新, ins风","Phong cách nhẹ nhàng, tươi mới, phong cách ins",8.25
qua_dai_nghi_thua,1004357128276,home,箱装数量,具体咨询客服,Vui lòng liên hệ bộ phận chăm sóc khách hàng để được tư vấn cụ thể.,8.5
qua_dai_nghi_thua,914003177777,beauty,药（械）准字,粤穗械备20250212,Chuẩn bị thiết bị Quảng Đông và Quảng Châu 20250212,8.5
qua_dai_nghi_thua,1018456203783,mother_baby,内衣内裤类别,贴身纯棉,"Chất liệu cotton nguyên chất, ôm sát cơ thể",8.5
qua_dai_nghi_thua,989693944745,electronics,风格,"日韩, 轻奢风, ins风","Nhật Bản và Hàn Quốc, Phong cách sang trọng nhẹ nhàng, phong cách ins",8.5
qua_dai_nghi_thua,906661447448,electronics,风格,"日韩, 轻奢风, ins风","Nhật Bản và Hàn Quốc, Phong cách sang trọng nhẹ nhàng, Phong cách ins",8.5
qua_dai_nghi_thua,979965620474,electronics,流行元素,"磁吸, 网红","Hút từ tính1, Người nổi tiếng trên Internet",8.5
qua_dai_nghi_thua,963209678846,electronics,流行元素,"磁吸, 网红","Hút từ tính1, Người nổi tiếng trên Internet",8.5
qua_dai_nghi_thua,944723477137,electronics,电源容量,"50000Ah【专供跨境】, 100000Ah【专供跨境】, 160000Ah【专供跨境】, 200000Ah【专供跨境】","50000Ah [chuyên dụng cho thương mại xuyên biên giới], 100000Ah [chuyên dụng cho thương mại xuyên biên giới], 160000Ah [Dành riêng cho thương mại xuyên biên giới], 200000Ah [Dành riêng cho thương mại xuyên biên giới]",8.62
qua_dai_nghi_thua,1056948599200,food,口感,入口醇香,Hương vị thơm ngon ngay từ đầu lọt vào miệng,8.75
qua_dai_nghi_thua,963415499425,beauty,非特化妆品备案证号,沪G妆网备字2026010078,Số giấy phép thành lập mạng lưới trang điểm G Thượng Hải 2026010078,8.8
qua_dai_nghi_thua,717426562520,shoes,尺码,"35码, 36码, 37码, 38码, 39码, 40码","Kích thước 35, Kích thước 36, Kích thước 37, Kích thước 38, Kích thước 39, 40 thước Anh",8.83
qua_dai_nghi_thua,907433597582,food,包装规格,"6元/500g, 7元500g, 8元500g, 9元500g, 10元500g, 11元500g, 14元500g, 17元500g, 25元500g, 30元500g, 45元500g, 59元500g, 70元500g, 80元500g","6 nhân dân tệ/500g, 7 nhân dân tệ 500g, 8 nhân dân tệ 500g, 9 nhân dân tệ 500g, 10 nhân dân tệ 500g, 11 nhân dân tệ 500g, 14 nhân dân tệ 500g, 17 nhân dân tệ 500g, 25 nhân dân tệ 500g, 30 nhân dân tệ 500g, 45 nhân dân tệ 500g, 59 nhân dân tệ 500g, 70 nhân dân tệ 500g, 80 nhân dân tệ 500g",9.0
qua_dai_nghi_thua,892573812920,mother_baby,重量,52码：90g 59码：100g 66码：110g 73码：115g,Kích thước 52: 90g Kích thước 59: 100g Kích thước 66: 110g Kích thước 73: 115g,9.0
qua_dai_nghi_thua,806833045495,electronics,流行元素,"卡通, 网红","phim hoạt hình, Người nổi tiếng trên Internet",9.25
qua_dai_nghi_thua,979283373776,electronics,流行元素,"卡通, 网红","Phim hoạt hình, Người nổi tiếng trên Internet",9.25
qua_dai_nghi_thua,958569279174,electronics,流行元素,"卡通, 网红","phim hoạt hình, Người nổi tiếng trên Internet",9.25
qua_dai_nghi_thua,967892875652,beauty,特殊用途化妆品证号,国妆特字20257830,Trang điểm đặc biệt mang đậm nét văn hóa dân tộc 20257830,9.5
qua_dai_nghi_thua,964897528886,shoes,品牌,公版潮牌,Phiên bản công khai thương hiệu hợp thời trang,9.5
qua_dai_nghi_thua,1033222121054,shoes,质检单位,厂家自检,Kiểm tra chất lượng tự thực hiện bởi nhà sản xuất,9.75
qua_dai_nghi_thua,1005521031334,shoes,质检单位,厂家自检,Kiểm tra chất lượng tự thực hiện bởi nhà sản xuất,9.75
qua_dai_nghi_thua,1068427242977,shoes,质检单位,厂家自检,Kiểm tra chất lượng tự thực hiện bởi nhà sản xuất,9.75
qua_dai_nghi_thua,1048883052697,shoes,质检单位,厂家自检,Kiểm tra chất lượng tự thực hiện bởi nhà sản xuất,9.75
qua_dai_nghi_thua,1026700714504,shoes,质检单位,厂家自检,Kiểm tra chất lượng tự thực hiện bởi nhà sản xuất,9.75
qua_dai_nghi_thua,1051650251402,shoes,质检单位,厂家自检,Kiểm tra chất lượng tự thực hiện bởi nhà sản xuất,9.75
qua_dai_nghi_thua,1058379224748,shoes,质检单位,厂家自检,Kiểm tra chất lượng tự thực hiện bởi nhà sản xuất,9.75
qua_dai_nghi_thua,1032683345651,shoes,质检单位,厂家自检,Kiểm tra chất lượng tự thực hiện bởi nhà sản xuất,9.75
qua_dai_nghi_thua,1057745348569,shoes,质检单位,厂家自检,Kiểm tra chất lượng tự thực hiện bởi nhà sản xuất,9.75
qua_dai_nghi_thua,1024497022210,shoes,质检单位,厂家自检,Kiểm tra chất lượng tự thực hiện bởi nhà sản xuất,9.75
qua_dai_nghi_thua,1072878506051,shoes,质检单位,厂家自检,Kiểm tra chất lượng tự thực hiện bởi nhà sản xuất,9.75
qua_dai_nghi_thua,1073828262963,shoes,质检单位,厂家自检,Kiểm tra chất lượng tự thực hiện bởi nhà sản xuất,9.75
qua_dai_nghi_thua,1074816446577,shoes,质检单位,厂家自检,Kiểm tra chất lượng tự thực hiện bởi nhà sản xuất,9.75
qua_dai_nghi_thua,1036820066735,shoes,质检单位,厂家自检,Kiểm tra chất lượng tự thực hiện bởi nhà sản xuất,9.75
qua_dai_nghi_thua,1060410065082,mother_baby,容量,"180粉, 180绿, 180蓝, 260粉, 260绿, 260蓝","180 bột, 180 xanh lá cây, 180 màu xanh dương, 260 người theo dõi, 260 màu xanh lá cây, 260 màu xanh dương",10.0
qua_dai_nghi_thua,980386170883,food,商品条形码,详询客服,Liên hệ bộ phận chăm sóc khách hàng để biết chi tiết1,10.25
qua_dai_nghi_thua,980386170883,food,货号,详询客服,Liên hệ bộ phận chăm sóc khách hàng để biết chi tiết2,10.25
qua_dai_nghi_thua,980386170883,food,制作工艺,详询客服,Liên hệ bộ phận chăm sóc khách hàng để biết chi tiết3,10.25
qua_dai_nghi_thua,893175608018,mother_baby,功能,储能回弹,Làn sóng tái khởi động của ngành lưu trữ năng lượng.,10.25
qua_dai_nghi_thua,869546232272,mother_baby,功能,储能回弹,Làn sóng tái khởi động của ngành lưu trữ năng lượng.,10.25
qua_dai_nghi_thua,545844393298,beauty,产品类型,详询客服,Liên hệ bộ phận chăm sóc khách hàng để biết chi tiết3,10.25
qua_dai_nghi_thua,1001879816382,mother_baby,功能,储能回弹,Làn sóng tái khởi động của ngành lưu trữ năng lượng.,10.25
qua_dai_nghi_thua,880010881413,mother_baby,功能,储能回弹,Làn sóng tái khởi động của ngành lưu trữ năng lượng.,10.25
qua_dai_nghi_thua,545844393298,beauty,膜布材质,详询客服,Liên hệ bộ phận chăm sóc khách hàng để biết chi tiết2,10.25
qua_dai_nghi_thua,545844393298,beauty,产品认证类型,详询客服,Liên hệ bộ phận chăm sóc khách hàng để biết chi tiết1,10.25
qua_dai_nghi_thua,974407634755,shoes,产地,详询客服,Liên hệ bộ phận chăm sóc khách hàng để biết chi tiết,10.25
qua_dai_nghi_thua,816015886595,mother_baby,功能,储能回弹,Làn sóng tái khởi động của ngành lưu trữ năng lượng.,10.25
qua_dai_nghi_thua,965931779983,home,箱装数量,详询客服,Liên hệ bộ phận chăm sóc khách hàng để biết chi tiết,10.25
qua_dai_nghi_thua,718872876474,home,表面处理,详询客服,Liên hệ bộ phận chăm sóc khách hàng để biết chi tiết,10.25
qua_dai_nghi_thua,978985906329,mother_baby,功能,储能回弹,Làn sóng tái khởi động của ngành lưu trữ năng lượng.,10.25
qua_dai_nghi_thua,668085512494,food,制作工艺,详询客服,Liên hệ bộ phận chăm sóc khách hàng để biết chi tiết,10.25
qua_dai_nghi_thua,802175032460,mother_baby,功能,储能回弹,Làn sóng tái khởi động của thị trường lưu trữ năng lượng.,11.25
qua_dai_nghi_thua,1073699664287,home,组装方式,详询客服,Xin liên hệ bộ phận chăm sóc khách hàng để biết thêm chi tiết.1,12.0
qua_dai_nghi_thua,1079348399636,shoes,包装体积,详询客服,Xin liên hệ bộ phận chăm sóc khách hàng để biết thêm chi tiết.,12.0
qua_dai_nghi_thua,1080219430666,shoes,包装体积,详询客服,Xin liên hệ bộ phận chăm sóc khách hàng để biết thêm chi tiết.,12.0
qua_dai_nghi_thua,1080687885751,shoes,鞋筒高度,详询客服,Xin liên hệ bộ phận chăm sóc khách hàng để biết thêm chi tiết.,12.0
qua_dai_nghi_thua,1005102701904,food,产品厂家厂址,详询客服,Xin liên hệ bộ phận chăm sóc khách hàng để biết thêm chi tiết.2,12.0
qua_dai_nghi_thua,1081272573963,shoes,包装体积,详询客服,Xin liên hệ bộ phận chăm sóc khách hàng để biết thêm chi tiết.,12.0
qua_dai_nghi_thua,1079348443536,shoes,包装体积,详询客服,Xin liên hệ bộ phận chăm sóc khách hàng để biết thêm chi tiết.,12.0
qua_dai_nghi_thua,1073699664287,home,收纳容量,详询客服,Xin liên hệ bộ phận chăm sóc khách hàng để biết thêm chi tiết.2,12.0
qua_dai_nghi_thua,1050055064060,home,箱装数量,详询客服,Xin liên hệ bộ phận chăm sóc khách hàng để biết thêm chi tiết.,12.0
qua_dai_nghi_thua,1061822596841,shoes,包装体积,详询客服,Xin liên hệ bộ phận chăm sóc khách hàng để biết thêm chi tiết.,12.0
qua_dai_nghi_thua,1005102701904,food,产品厂家厂名,详询客服,Xin liên hệ bộ phận chăm sóc khách hàng để biết thêm chi tiết.1,12.0
