tu,so_cap,so_dong,vi_du_ten_zh,vi_du_vi,hanh_dong_title,thay_bang_title,anh_duyet,anh_ghi_chu
polyester,5028,3234,里料质地,Polyester,GIU,,,
aliexpress,4811,4810,主要下游平台,"ebay, Amazon, wish, AliExpress, Trạm độc lập, LAZADA",GIU,,,
cotton,4642,989,花型,[Mã hóa - đầu bàn chải mở rộng] cây lau nhà dạng que uốn cong tiết kiệm sức lao ,GIU,,,
amazon,4558,4552,主要下游平台,"ebay, Amazon, wish, AliExpress, Trạm độc lập, LAZADA",GIU,,,
apple,2752,228,适用型号,"Ping Ping An An★【Apple】 Gửi keo dán, Suy nghĩ về màu cam★【Orange】 Gửi keo dán",GIU,,,
kaki,1601,1275,颜色,"Màu tinh khiết hình thang-** màu đen cổ điển [nhỏ], Màu tinh khiết hình thang-**",GIU,,,
unisex,1210,1205,适用性别,Unisex/Cả nam và nữ đều được chào đón.,THAY,nam nữ,,
downstream,1167,1167,主要下游平台,"eBay, Amazon, mong muốn, AliExpress, Trang web độc lập, LAZADA, Khác4",CHUA_CO,,,
web,996,981,主要下游平台,"Bột kim loại, Vôi kim loại, Bạc tuyết, Tím ánh ngọc trai, Hồng nhạt vàng hồng, V",GIU,,,
gram,886,695,克重,"Bàn chải cán tre số 1, Số 2 bàn chải đầu tròn tốt, Số 3 bàn chải đầu tròn màu đe",CHUA_CO,,,
blue,844,547,颜色,"Thẻ đậu xe bằng kim loại [màu đỏ Trung Quốc] trong túi, Thẻ đậu xe bằng kim loại",GIU,,,
taohuo,690,690,淘货类别,Thành phố thời trang (24-35 tuổi),CHUA_CO,,,
anime,643,625,是否有动漫形象,Hoạt hình anime,GIU,,,
chip,624,553,芯片类型,"CY226 Ghế Đơn - Đen [Sưởi Ấm Bằng Dây ☆ 12/24V Phổ Thông] Phiên Bản Vải Sợi, CY2",GIU,,,
jacquard,601,129,花型,"trời xanh, đá việt quất, bột cánh hoa, hồ xanh, biển xanh, hồng nhạt, Kéo ngang ",GIU,,,
oxford,589,420,材质,Vải Oxford,GIU,,,
jin,556,168,包装规格,Jin Junmei,THEO_CUM,,,
tnhh,535,527,生产厂家,Công ty TNHH Thiết bị Y tế Hồ Nam Lede,CHUA_CO,,,
collagen,531,224,产品规格,"collagen, Vitamin B, Vitamin E",GIU,,,
pixel,515,512,拍照像素,không có gì2,CHUA_CO,,,
huawei,506,51,适用型号,"Android, Huawei, TYPE-C",GIU,,,
size,445,178,颜色,"Gối tựa đầu xốp đen size nhỏ 7395-2A, Tựa đầu memory foam màu be nhỏ (dây trắng)",GIU,,,
model,435,278,适用型号,"Túi đựng đồ hình gấu Tulip loại F [không bao gồm xô chống thấm nước], Túi đựng đ",GIU,,,
hyaluronic,417,210,产品规格,Son dưỡng môi axit hyaluronic của cừu hươu,GIU,,,
silicone,402,255,材质,"Bàn chải cán tre số 1, Số 2 bàn chải đầu tròn tốt, Số 3 bàn chải đầu tròn màu đe",GIU,,,
junmei,383,139,包装规格,Jin Junmei,HANVIET,Tuấn Mi,,
tencel,361,34,花型,"Miếng dán nén lạnh làm mát thuốc an thần y tế thương hiệu cơ khí loại I, Lựa chọ",GIU,,,
volkswagen,357,355,风格,"Kiểu 1, Kiểu 2, Kiểu dáng 3, Kiểu 4, Kiểu 5, Kiểu 6, Kiểu dáng 7, Bộ 1, Bộ 2, Me",GIU,,,
black,348,221,颜色,"Túi Dừng Tín Hiệu [Athens Black], Túi Dừng Tín Hiệu [Đỏ Trung Quốc], Túi Dừng Tí",THEO_CUM,,,
p.u,348,348,材质,P.U.,CHUA_CO,,,
white,336,185,颜色,"Túi đựng khăn giấy [Mocha Brown] không nhãn*1, Túi đựng khăn giấy [Đen cao cấp] ",THEO_CUM,trắng,,
dahongpao,327,117,包装规格,"Jin Junmei, Lapsang Souchong, Dahongpao, Trà Xiaotuo, Trà chín Pu'er, Trà hoa nh",HANVIET,Đại Hồng Bào,,
mini,294,98,颜色,"màu nâu★Bàn chải sáp dạng ống lồng bằng hợp kim nhôm (bao bì OPP), màu xanh lá c",GIU,,,
matcha,285,166,花型,"kem bông, Tua vàng trứng, Bông phồng Matcha, Củ sen hồng, kem vani, đen",GIU,,,
acid,275,163,产品规格,"Mặt Nạ Dưỡng Ẩm Boquanya Cucumber Centella Asiatica (Mới) 25g, Mặt nạ dưỡng ẩm b",THEO_CUM,axit,,
green,269,170,颜色,[Sản xuất độc lập ★ Cung cấp trực tiếp từ nguồn ★ Trân trọng mời kiểm tra nhà má,GIU,,,
zhongke,267,267,芯片类型,Zhongke Lanxun,GIU,,,
navy,262,206,颜色,"Màu đen, Màu vàng gừng, Màu xám nhạt, Màu xanh nước hồ, Màu xám, Màu xanh cỏ, Mà",GIU,,,
retro,252,185,风格,Phong cách retro Âu Mỹ,GIU,,,
carbon,245,85,颜色,"(Da lộn) Móc đôi ABS/đen, (Da lộn) Móc đôi ABS/Xám, (Da lộn) Móc đôi ABS/Màu nâu",GIU,,,
biluochun,227,75,包装规格,"Jin Junmei [1 túi * 75g], Zhengshan Xiaosa [1 túi * 75g], Yunwu Maojian [1 túi *",HANVIET,Bích Loa Xuân,,
tieguanyin,224,72,包装规格,"Jin Junmei [1 túi * 75g], Zhengshan Xiaosa [1 túi * 75g], Yunwu Maojian [1 túi *",HANVIET,Thiết Quan Âm,,
tea,220,124,包装规格,"Hoa nhài Oolong, Oriental Gardenia, Lin Yin Zen Tea",THEO_CUM,trà,,
viscose,217,198,鞋底工艺,Viscose,CHUA_CO,,,
pu'er,217,83,包装规格,"Jin Junmei, Lapsang Souchong, Dahongpao, Trà Xiaotuo, Trà chín Pu'er, Trà hoa nh",HANVIET,Phổ Nhĩ,,
samsung,215,11,适用型号,"Huawei, Apple, Xiaomi, Samsung và các điện thoại di động khác",GIU,,,
macaron,209,138,流行元素,Màu macaron có giá trị cao,GIU,,,
grey,206,131,花型,"Túi đựng khăn giấy [Mocha Brown] không nhãn*1, Túi đựng khăn giấy [Đen cao cấp] ",GIU,,,
catty,201,49,包装规格,"Khô [Vị cay] Vị cay 1 catty, Thơm khô [vị tiêu ngâm] cay vừa phải 1 catty, Khô [",THAY,cân,,
titan,201,126,颜色,Bạc titan,GIU,,,
souchong,188,86,包装规格,"Jin Junmei, Lapsang Souchong, Dahongpao, Trà Xiaotuo, Trà chín Pu'er, Trà hoa nh",THEO_CUM,Tiểu Chủng,,
sakura,184,116,颜色,"Sakura Pink [Gối kê cổ], Màu vàng thanh lịch [Gối cổ], Màu mơ [gối cổ], Xám khôn",CHUA_CO,,,
denim,182,116,颜色,"vàng đen, PU Đen với Nhãn Đen, Nhãn vàng đen PU, Nhãn bạc đen PU, PU trắng xanh,",GIU,,,
centella,180,115,产品规格,"Mặt Nạ Dưỡng Ẩm Boquanya Cucumber Centella Asiatica (Mới) 25g, Mặt nạ dưỡng ẩm b",THEO_CUM,rau má,,
tote,180,162,箱包潮流款式,"Ba lô tùy chỉnh1, Ba lô thông thường tùy chỉnh, Túi đi học tùy chỉnh cho các trư",GIU,,,
satin,171,45,花型,Ánh sáng satin,GIU,,,
taobao,169,169,淘货类别,Cửa hàng Taobao năm sao,CHUA_CO,,,
acrylic,168,123,材质,Acrylic (PMMA),GIU,,,
red,163,107,颜色,"Màu đen ma thuật lớn [có nắp], Màu đen ma thuật lớn [túi chống thấm nước có nắp]",THEO_CUM,đỏ,,
sky,162,85,颜色,"Y9 [Starry Sky Grey] Toàn chất liệu hợp kim nhôm, Y9 [Bạc khí chất] Toàn bộ chất",CHUA_CO,,,
amino,161,97,产品规格,"[Hình ảnh đẹp] Mặt nạ cam máu 25mlx10 miếng, [Vẻ đẹp hình ảnh] Mặt nạ tinh chất ",THEO_CUM,amin,,
glycerin,146,146,成分,"glycerin, Centella châu Á, trehalose",CHUA_CO,,,
lanxun,146,145,芯片类型,Zhongke Lanxun,GIU,,,
mousse,146,93,产品规格,"Sữa rửa mặt tạo bọt Woaojia 300ml (nắp thường), Chất tẩy rửa tạo bọt WoHaojia 65",GIU,,,
alpine,142,46,包装规格,25 mẫu độc quyền cho thương hiệu Wei Alpine 7/8/9,GIU,,,
ltd,141,141,生产厂家,"Dingyuan County Xinnutang Food Co., Ltd.",CHUA_CO,,,
pink,140,101,颜色,"Biển báo đậu xe gấp màu đen cho chó bay, Biển báo đậu xe gấp màu hồng cho chó ba",GIU,,,
caramel,140,114,颜色,"S9506 San hô bột, S9506 màu caramel, S9506 tím khoai môn, S9506 màu xám, S9506 m",GIU,,,
news,139,130,芯片类型,Zhongke Blue News,CHUA_CO,,,
bear,139,72,颜色,"Túi đựng đồ hình gấu Tulip loại F [không bao gồm xô chống thấm nước], Túi đựng đ",GIU,,,
spandex,138,126,主面料成分含量,"Sợi Modal (modal) 47%, cotton 47%, sợi đàn hồi polyurethane (spandex) 6%.",GIU,,,
xiaomi,138,27,适用型号,"Biển báo đỗ xe cho Volkswagen [xám súng], Biển báo đỗ xe dành riêng cho Volkswag",GIU,,,
yiwu,138,132,产地,Yiwu (bằng tiếng Trung: Nghĩa Ô),HANVIET,易武→Dịch Vũ | 义乌→Nghĩa Ô,,
yunxiang,136,12,包装规格,"Yunxiang Yajin-Tinh dầu nhập khẩu Pháp [Hilton] 200ML, Yunxiang Yajin-Tinh dầu n",CHUA_CO,,,
purple,135,98,颜色,"Ocher Brown [Tựa đầu] Lông cừu sinh học DuPont hai lớp, Noble Black [Tựa đầu] Lô",CHUA_CO,,,
jie,135,129,芯片类型,Jie Dương,GIU,,,
orange,133,91,颜色,"Túi đựng khăn giấy [Mocha Brown] không nhãn*1, Túi đựng khăn giấy [Đen cao cấp] ",GIU,,,
lapsang,132,72,包装规格,"Jin Junmei, Lapsang Souchong, Dahongpao, Trà Xiaotuo, Trà chín Pu'er, Trà hoa nh",THEO_CUM,,,
maojian,132,47,包装规格,"Trà xanh [1 túi*250g], Maojian [1 túi*250g], Trà xanh [1 túi * 100g]",HANVIET,Mao Tiêm,,
polypropylen,131,131,材质,Polypropylen (PP),CHUA_CO,,,
big,130,43,颜色,"Hoa sen lớn [boxwood + phước lành] màu đỏ, Hoa Sen Lớn [Gỗ Đào + Tài Lộc] Đỏ, Ho",THEO_CUM,lớn,,
little,130,73,颜色,"[Little Oriental] Oriental Gardenia, 【Little Dongfang 】 Trà Lin Yin Zen, 【Phương",THEO_CUM,nhỏ,,
silver,130,73,颜色,"Túi Dừng Tín Hiệu [Athens Black], Túi Dừng Tín Hiệu [Đỏ Trung Quốc], Túi Dừng Tí",GIU,,,
tulip,127,64,颜色,"Túi đựng đồ hình gấu Tulip loại F [không bao gồm xô chống thấm nước], Túi đựng đ",GIU,,,
khaki,126,98,颜色,"Hỗ trợ cổ thoải mái hơn [Đen] Gói đơn, Hỗ trợ cổ thoải mái hơn [Xám] Gói đơn, Hỗ",CHUA_CO,,,
bbq,124,29,包装规格,"Hương vị hỗn hợp 12g*8 gói, Hương vị hỗn hợp 12g*16 gói, Hương vị hỗn hợp 12g*32",GIU,,,
ice,123,63,产品规格,"Hạt đậu đá cỡ lớn màu đen, Đậu băng cỡ nhỏ màu đen, Đậu đá cỡ lớn màu đỏ rượu, Đ",THEO_CUM,băng,,
asiatica,121,81,产品规格,"Mặt Nạ Dưỡng Ẩm Boquanya Cucumber Centella Asiatica (Mới) 25g, Mặt nạ dưỡng ẩm b",THEO_CUM,,,
mocha,116,82,颜色,"Tựa đầu Maybach [nâu hạt dẻ] một cặp, Tựa đầu Maybach [mocha brown] một cặp, Tựa",CHUA_CO,,,
skin,116,58,产品规格,Mặt nạ Collagen trẻ hóa Ice Skin Rejuvenating (Màu trắng trở nên trong suốt) [5 ,GIU,,,
zhiduo,115,24,产品规格,"BEOTUA Peach Smooth Repair Son dưỡng môi 4g, Son dưỡng môi và son dưỡng môi đàn ",GIU,,,
sandwich,114,31,包装规格,Túi khóa kéo bánh sandwich,THEO_CUM,,,
mingqian,114,45,包装规格,"2026 Mingqian (10# Snow Bud Maojian) - Số lượng lớn 500g, 2026 Mingqian (2# Xuey",HANVIET,Minh Tiền,,
halal,113,113,清真食品,Không.2,GIU,,,
niacinamide,113,83,产品规格,"Mặt nạ cam huyết Beauty Image/25ml, Mặt nạ dưỡng ẩm axit hyaluronic cà chua 25g,",GIU,,,
mask,112,63,产品规格,Mặt nạ Collagen trẻ hóa Ice Skin Rejuvenating (Màu trắng trở nên trong suốt) [5 ,THEO_CUM,mặt nạ,,
yard,109,43,适合身高,"80 thước, 90 thước, 100 thước, 110 yard, 120 thước, 130 yard",CHUA_CO,,,
peptide,109,61,产品规格,"Mặt Nạ Dưỡng Ẩm Boquanya Cucumber Centella Asiatica (Mới) 25g, Mặt nạ dưỡng ẩm b",GIU,,,
anxi,108,67,产品厂家厂址,"Nhà máy trà Anxi Huacheng, tỉnh Phúc Kiến",HANVIET,An Khê,,
burgundy,106,80,颜色,"Tựa đầu Maybach [nâu hạt dẻ] một cặp, Tựa đầu Maybach [mocha brown] một cặp, Tựa",CHUA_CO,,,
longjing,106,30,包装规格,Trà xanh cuộn đáy 500g giá đặc biệt số 8.5 [loại trà uống/loại thương mại điện t,HANVIET,Long Tỉnh,,
lithium,105,66,电池类型,"Màu đen (có pin lithium) A2053, Màu đen (có pin lithium) A25049, Màu đen (có pin",GIU,,,
bei,104,36,产品规格,Mặt nạ trị mụn Bei Lingmei Tea Tree 25ml*5 miếng (hộp),GIU,,,
golden,104,38,包装规格,Golden Collagen Cannon Làm Săn Chắc Mặt nạ King Kong Chống Nhăn Dưỡng Ẩm và Làm ,THEO_CUM,vàng,,
iphone,99,42,适用型号,"iPhone 111, Apple 12/12peo, Apple 12promax, Táo 13/14, Apple 13pro, Apple 13prom",GIU,,,
osmanthus,98,59,包装规格,Hương thơm Osmanthus,THAY,hoa quế,,
star,97,69,颜色,"Orange Star Shunli [Chân dung gia đình] Chứa keo không dấu vết, Orange Star High",GIU,,,
polymer,97,60,电芯类型,"[Màng phản quang cho thú cưng rỗng] Chống thấm nước, chống nắng và siêu bền, [Na",CHUA_CO,,,
jerry,97,88,芯片类型,"【Giải pháp Jianrong M8-D8】Mặt trước & Nội thất, 【M8 Giải Pháp Thông Minh】Chế Độ ",THAY,Jieli,,
sapphire,95,60,颜色,"màu đen, Màu đen có sọc đỏ, Sương mù đen, màu vàng, Đỏ rượu, Ruy băng màu đỏ rượ",CHUA_CO,,,
wuyishan,95,66,产品厂家厂名,Nhà máy trà Phúc Kiến Wuyishan Huacheng (thuộc sở hữu độc quyền),HANVIET,Vũ Di Sơn,,
camellia,93,67,产品规格,"Một đôi thiên nga đính đá màu trắng, Một đôi thiên nga đính kim cương màu hồng, ",THAY,hoa trà,,
hot,92,66,风格,"Pro6 trắng cao cấp trọn bộ [hot hàng năm], Pro6 da cao phù hợp với trọn bộ [hot ",THEO_CUM,bán chạy,,
frisbee,92,9,规格,"Vàng ngô [Chuồn chuồn tre UFO 3 Frisbee], Bầu trời xanh [Chuồn chuồn tre UFO 3 F",GIU,,,
sweet,91,55,花型,"2 # Cầu Jiu Xin Qiao C423, 01#Lychee Sweet Peach C588, 02#Trà đen hoa hồng C588,",GIU,,,
carton,91,56,颜色,"Gối đầu màu đen 1 gói, Gối đầu màu xám 1 gói, Gối đầu màu nâu 1 gói1, Gối đầu mà",CHUA_CO,,,
yu,90,46,花型,"【SXCS】Sữa rửa mặt bọt nhỏ amino acid peptide hạt óc chó, Sữa Rửa Mặt Cấp Ẩm & Là",GIU,,,
taro,89,50,颜色,"đen và trắng, vàng đen, bột màu đen, bạch kim, Taro tím, hồ xanh, màu xanh đậm, ",CHUA_CO,,,
lanjing,89,4,花型,"Màu xanh bạc hà [Lanjing Tencel khỏa thân ngủ mượt], Màu xanh chàm [Lanjing Tenc",THAY,Lenzing,,
zhengshan,89,50,包装规格,"Jin Junmei [1 túi * 75g], Zhengshan Xiaosa [1 túi * 75g], Yunwu Maojian [1 túi *",HANVIET,Chính Sơn,,
dancong,89,23,包装规格,"Tình yêu đầu tiên Gardenia [1 chai], Hoa nhài tươi [1 chai], Quê hương Osmanthus",HANVIET,Đơn Tùng,,
shixi,87,15,尺寸大小,Bình sữa PPSU Sishi cho trẻ sơ sinh 240ml (kèm núm ti 3-6 tháng) - Giao hàng the,GIU,,,
rose,87,70,颜色,"Y9 [Starry Sky Grey] Toàn chất liệu hợp kim nhôm, Y9 [Bạc khí chất] Toàn bộ chất",THEO_CUM,hoa hồng,,
catties,87,14,包装规格,"[Hương vị nguyên bản + hương cà phê đen + hương hạt dẻ] 50g, khoảng 60 viên, [Hư",CHUA_CO,,,
top,86,41,颜色,"[Top 1080 + Bên trong 480] [ 3.16inch ] S29, [Trước 1080+ Sau 480] [ 3.16inch ] ",XEM_TAY,,,
menghai,82,57,茶区,Khu vực trà Menghai,HANVIET,Mãnh Hải,,
redmi,82,8,适用型号,"Redmi K70/K70PRO, Gạo đỏ K70E",GIU,,,
boquanya,82,28,产品规格,"洛凡美皙凡士林温变焕采润唇膏（新）2.7g, 泊泉雅男士舒润保湿护唇膏2.7g, Son dưỡng môi bảo vệ Luofan Beauty Vase",GIU,,,
brown,81,48,颜色,"Tựa đầu Maybach [nâu hạt dẻ] một cặp, Tựa đầu Maybach [mocha brown] một cặp, Tựa",GIU,,,
winona,81,7,产品规格,Mặt nạ chăm sóc đặc biệt dưỡng ẩm Winona,GIU,,,
cardigan,81,63,元素,Áo cardigan,GIU,,,
yellow,80,54,颜色,"Raspberry Purple [Mang theo nhẹ] + [Dây kéo YKK], Obsidian Yellow [Túi nhẹ] + [D",GIU,,,
mei,80,50,包装规格,"洛凡美皙凡士林温变焕采润唇膏（新）2.7g, 泊泉雅男士舒润保湿护唇膏2.7g, Son dưỡng môi bảo vệ Luofan Beauty Vase",THEO_CUM,,,
forrest,80,65,款式,Giày Forrest Gump,GIU,,,
phoenix,79,20,包装规格,"(Giám đốc khuyên dùng) Trà Ô Long Da Hong Pao cao cấp [32g], Dahongpao-8g (có mộ",THEO_CUM,Phượng Hoàng,,
double,79,50,产品规格,"Mặt dây chuyền ngọc bích xanh bùng nổ [Ra vào an toàn], Mặt dây chuyền ngọc bích",THEO_CUM,,,
crown,79,15,颜色,"Senna/Grevia/Grevia, Toyota CHR/Yize, Toyota Ralink/Corolla/Sư tử châu Á/Ling Sh",GIU,,,
salad,78,11,尺寸,"4 miếng thìa salad + hộp giấy, nặng 293g, Bộ 5 thìa salad + hộp giấy, trọng lượn",GIU,,,
four,78,20,颜色,"Pro4-Little Four [Mở nắp kết nối đổi tên] Đóng hộp, Pro4-Little Four Black [Mở n",GIU,,,
lyocell,78,20,花型,Tencel (sợi Lyocell)1,GIU,,,
rabbit,77,47,颜色,KeKeMood Black Rabbit Không thích Macaron Lip Mud 01#,GIU,,,
cherry,77,66,花型,"2943 # Rose [Chất lượng được nâng cấp và tay nghề được tăng cường], 2943#Màu cam",CHUA_CO,,,
dad,77,59,款式,"Rắn xanh nhỏ dài tay, Gấu sọc dài tay quý ông, gấu sọc dài tay, Gấu trắng dài ta",THEO_CUM,bố,,
salicylic,76,41,产品规格,"Mặt nạ cam huyết Beauty Image/25ml, Mặt nạ dưỡng ẩm axit hyaluronic cà chua 25g,",GIU,,,
mac,75,22,颜色,"Mini, Nhỏ, Kích thước lớn, Big Mac",GIU,,,
mecha,75,12,颜色,"Súng bắn đạn mềm trận đấu hỏa lực 621-104, Súng ném vỏ chương trình không gian 2",GIU,,,
borosilicate,75,56,材质,Thủy tinh borosilicate cao cấp,GIU,,,
jasmine,74,42,包装规格,"Yunxiang Yajin-Tinh dầu nhập khẩu Pháp [Hilton] 200ML, Yunxiang Yajin-Tinh dầu n",THEO_CUM,hoa nhài,,
edition,73,37,颜色,"F4 phiên bản HD (720P), F4 HD Night Vision (1080P)AR Edition, F4 WiFi Edition (1",GIU,,,
dream,73,62,花型,"Màu trắng be, Vàng phô mai, Tím mộng ảo, Xám sao, Xanh bạc hà, Trắng kem [Nâng c",GIU,,,
graffiti,72,40,颜色,"Màu xanh lam graffiti, Màu đỏ graffiti, Màu xanh lam tia chớp, Bầu trời đầy sao ",GIU,,,
bud,71,29,包装规格,"2026 Mingqian (10# Snow Bud Maojian) - Số lượng lớn 500g, 2026 Mingqian (2# Xuey",THEO_CUM,,,
nude,71,53,颜色,Trang phục nude đơn,GIU,,,
nicotinamide,70,58,产品规格,"Mặt Nạ Dưỡng Ẩm Boquanya Cucumber Centella Asiatica (Mới) 25g, Mặt nạ dưỡng ẩm b",GIU,,,
new,70,24,包装规格,"18-21 mẫu X3/X4/ix3 [nhãn dán núm] acrylic, 22-24 mẫu X3/X4/ix3 [nhãn dán núm] a",THEO_CUM,mới,,
yunwu,69,13,包装规格,"Jin Junmei [1 túi * 75g], Zhengshan Xiaosa [1 túi * 75g], Yunwu Maojian [1 túi *",HANVIET,Vân Vụ,,
dragon,69,41,包装规格,"[Song of Lin Hai] Pure Ancient Dragon, [Song of Lin Hai] Qingchu Gardenia, 【Song",THEO_CUM,,,
spring,69,43,包装规格,"12inch (Miễn phí lên máy bay cho hãng hàng không Spring), 14 (China Eastern Airl",XEM_TAY,,,
beauty,68,51,产品规格,"洛凡美皙凡士林温变焕采润唇膏（新）2.7g, 泊泉雅男士舒润保湿护唇膏2.7g, Son dưỡng môi bảo vệ Luofan Beauty Vase",THEO_CUM,làm đẹp,,
happy,68,39,颜色,"[Mẫu vải lanh bốn mùa] Đệm ghế trước chó con dễ thương Tây Nguyên (tờ đơn), [Mẫu",GIU,,,
glacier,68,51,颜色,"Thẻ đậu xe bằng kim loại [màu đỏ Trung Quốc] trong túi, Thẻ đậu xe bằng kim loại",GIU,,,
weilong,68,5,包装规格,"Weilong Konjac Shuang 15+3g trộn ngẫu nhiên nhiều vị 20 gói không hộp, Weilong K",GIU,,,
bentley,68,55,花型,"Xanh ngọc bích + Xám nhạt, Xanh bảo lan + Xanh nhạt, Bentley Lan + Xám nhạt, Xan",CHUA_CO,,,
space,68,30,颜色,"Túi Dừng Tín Hiệu [Athens Black], Túi Dừng Tín Hiệu [Đỏ Trung Quốc], Túi Dừng Tí",CHUA_CO,,,
dropshipping,67,65,是否支持一件代发,"Dropshipping, dán nhãn",THAY,giao hộ,,
flash,67,35,颜色,Ổ đĩa flash USB của điện thoại Android,XEM_TAY,,,
cation,67,17,花型,"Hộp đựng cotton lanh màu be, Cửa sổ phía trước có họa tiết xương cá, Hộp đựng đồ",GIU,,,
dog,66,49,花型,"Biển báo đậu xe gấp màu đen cho chó bay, Biển báo đậu xe gấp màu hồng cho chó ba",GIU,,,
powder,66,48,花型,"Bột đào [Cổng sạc giá đỡ cốc nâng cấp], Angel White [Cổng sạc giá đỡ cốc nâng cấ",GIU,,,
panda,66,44,颜色,"Túi đựng đồ hình gấu Tulip loại F [không bao gồm xô chống thấm nước], Túi đựng đ",GIU,,,
champagne,66,49,花型,"Túi kim cương màu champagne, Túi kim cương màu, túi kim cương vàng, Túi kim cươn",CHUA_CO,,,
kevlar,65,6,颜色,"Sunset Gold [Thu hút từ tính nửa gói họa tiết Kevlar], Sunset Blue [Thu hút từ t",GIU,,,
gardenia,65,42,颜色,"Cologne cổ điển, Hương thơm Osmanthus vào tháng 8, Hương thơm Gardenia, Nước hoa",THAY,hoa dành dành,,
dolby,65,25,颜色,"Huaqiangbei Qiang Thế Hệ Thứ 7 [Khử Tiếng Ồn Thông Minh]★Âm thanh vòm Dolby★】, H",GIU,,,
seasons,64,10,颜色,"Bốn Mùa [Thêu Tinh Xảo 100S] Nhẹ Nhàng Như Ánh Sáng - Tím Mộng Mơ, Four Seasons ",THEO_CUM,,,
laocong,64,20,包装规格,"500 Đầu Trà Đại Hồng Bào Số 8 [Thành phần trà], 500g trà Đại Hồng Bào số 11 hươn",HANVIET,Lão Tùng,,
pound,63,28,包装规格,"4 pound, 2000g, khoảng 160 túi nhỏ (hình gấu hình bông hoa), 2 pound 1000g, khoả",THAY,cân,,
fullerene,63,48,产品规格,"Mặt Nạ Dưỡng Ẩm Boquanya Cucumber Centella Asiatica (Mới) 25g, Mặt nạ dưỡng ẩm b",GIU,,,
jinjunmei,63,41,包装规格,"250g-Jin Junmei [tổng cộng 1 lon], 500g-Jin Junmei [tổng cộng 2 lon], 750g-Jin J",HANVIET,Kim Tuấn Mi,,
konjac,63,11,包装规格,"Haoyue White-zipper [Giao diện sạc USB giá đỡ cốc gấp], Mô hình khóa kéo màu đen",THAY,khoai nưa,,
domino,63,34,多米诺类型,Nhận thức Domino,CHUA_CO,,,
paris,62,34,花型,"Trắng ngà [Mở rộng + USB tách khô và ướt], Paris Grey [Mở rộng + USB tách khô và",GIU,,,
light,62,54,产品规格,"Màu đen sang trọng, xám nhạt nâu, xanh ô liu, Màu đen và nâu cà phê thanh lịch, ",THEO_CUM,nhẹ,,
casual,62,61,产品类别,"Đang chờ [thân thiện với làn da và thoải mái, không vón cục, không phai màu], Hư",THAY,thường ngày,,
wanming,62,2,包装规格,"Trà Wan Ming Jin Gun Guben (Túi Trà 150g đóng hộp), Trà Gu Ben Hard Man dược phẩ",GIU,,,
king,62,28,颜色,"8K King (Phiên bản Trung Quốc 3D), Vua 8K (Phiên bản tiếng Anh 3D), Vua 8K (Bản ",GIU,,,
poria,62,32,包装规格,Mặt nạ collagen nấm Poria dược phẩm NHA GENE2,THAY,phục linh,,
mary,62,48,产品类别,"Ba lô Lucifer (màu xám), Ba lô mèo tuyệt vời (màu hồng), Ba lô Mary Cat (màu hồn",GIU,,,
style,61,25,尺寸规格,"Túi đựng đồ hình gấu Tulip loại F [không bao gồm xô chống thấm nước], Túi đựng đ",THEO_CUM,phong cách,,
ii,61,8,规格,Xe làm mát không khí,GIU,,,
astragalus,61,43,产品规格,"Mặt nạ ánh sáng nước tinh chất axit hyaluronic Bibaiya [5 miếng] mẫu thoát nước,",THAY,hoàng kỳ,,
tmall,60,60,主要下游平台,"Tmall, JD, nền tảng phát sóng trực tiếp",CHUA_CO,,,
gump,60,55,款式,Giày Forrest Gump,GIU,,,
extra,60,21,包装规格,"[Spicy 400g] Một khẩu phần chứa 5 túi chà là tươi, [Extra Spicy 400g] Một khẩu p",GIU,,,
series,60,22,颜色,"Kiểu 1, Kiểu 2, Kiểu dáng 3, Kiểu 4, Kiểu 5, Kiểu 6, Kiểu dáng 7, Bộ 1, Bộ 2, Me",THEO_CUM,,,
ion,59,44,电芯类型,"Chất hoạt động bề mặt anion, chất hoạt động bề mặt không ion, dung môi, chất ức ",GIU,,,
obsidian,59,46,颜色,Đá Obsidian,THAY,hắc diện thạch,,
cat,59,41,颜色,"KT Cat Sisters Group-Biển báo đỗ xe thẳng đứng [màu be], KT Cat Sisters Group-Bi",GIU,,,
gongpei,58,4,产品规格,"Mặt nạ làm săn chắc và đàn hồi chống nhăn Sarinsa 25ml*10 miếng trong hộp, Mặt n",GIU,,,
love,58,41,花型,"Xanh Đế Vương (Cần Kéo Cam), Xanh hồ (cần gạt màu cam), Trắng Ngà (Thanh Kéo Cam",GIU,,,
yi,57,24,颜色,"Xingyao Black (gương cao cấp), Glacier Blue (gương cao cấp), Bột sa mạc (gương c",GIU,,,
wuyi,57,40,产品厂家厂址,Trà đá Wuyi,HANVIET,Vũ Di,,
gold,57,51,颜色,"Túi dây xích (Bạc), Túi dây xích (Vàng), (giày cao gót màu bạc), (gold) giày cao",GIU,,,
douyin,57,57,主要下游平台,Người mẫu nóng bỏng Douyin,GIU,,,
dopamine,56,14,颜色,"Dopamine, Màu xám chuyển màu, Xanh lam sông băng, Tím khoai môn, Ngũ cốc trắng, ",GIU,,,
xingyao,56,19,颜色,"Hộp đơn thời trang [Ngũ cốc trắng] Tích hợp đơn giản, Hộp đơn thời trang [Sky Bl",CHUA_CO,,,
night,56,42,颜色,"【Mountain Edge】Rồng Cổ Hoang Dã, 【Mountain Edge】Hoa hồng bằng gỗ mun, 【Mountain ",THEO_CUM,đêm,,
spicy,56,13,包装规格,Bộ quà tặng phối hợp Joyoung Sữa đậu nành & Jinzai Xiaoyu 2200g (12 túi sữa đậu ,THEO_CUM,cay,,
astaxanthin,55,39,产品规格,Mặt nạ làm săn chắc da chống nhăn và đàn hồi Astaxanthin Bei Lingmei 10 miếng/hộ,GIU,,,
butterfly,55,29,花型,"Vỏ không gian trong suốt-Vỏ không gian bướm vàng, Vỏ không gian trong suốt-Vỏ kh",GIU,,,
starry,54,30,颜色,"Y9 [Starry Sky Grey] Toàn chất liệu hợp kim nhôm, Y9 [Bạc khí chất] Toàn bộ chất",CHUA_CO,,,
modal,54,30,颜色,"Sợi Modal (modal) 47%, cotton 47%, sợi đàn hồi polyurethane (spandex) 6%.",GIU,,,
audi,53,9,颜色分类,"Audi, Bảo Quân, Honda, BYD, zen tiêu chuẩn, Buick, Trumpchi, Độc giả lớn, Cánh Đ",GIU,,,
sms,53,53,特殊提货凭证,Nhận mã SMS,CHUA_CO,,,
latte,53,31,花型,"Da lộn cỡ nhỏ màu đen, Da lộn nhỏ màu xanh ô liu, Da lộn cỡ nhỏ màu nâu, Da lộn ",GIU,,,
massage,53,39,功能,"Mặt nạ dưỡng ẩm axit hyaluronic 5 cái/hộp, Mặt nạ làm dịu và làm dịu Blue Copper",GIU,,,
barrett,52,9,颜色,"Súng bắn đạn mềm trận đấu hỏa lực 621-104, Súng ném vỏ chương trình không gian 2",GIU,,,
water,52,41,产品规格,"G01#Mùa hè trắng trong và mát, G02#Trà đen đá mật ong ngọt, G03 # Dreamer Clear ",THEO_CUM,nước,,
lingmei,52,30,产品规格,"Mặt nạ ánh sáng nước tinh chất axit hyaluronic Bibaiya [5 miếng] mẫu thoát nước,",GIU,,,
houndstooth,50,19,颜色,"Màu đen, Mẫu nâng cấp, Mẫu vải Oxford, Ca rô houndstooth",THAY,răng sói,,
flower,50,39,花型,Mặt Nạ Thảo Dược Làm Đẹp Da Thủ Công Flower Oath,GIU,,,
rock,50,37,花型,"Bột kim loại, Vôi kim loại, Bạc tuyết, Tím ánh ngọc trai, Hồng nhạt vàng hồng, V",THEO_CUM,,,
oil,50,32,产品规格,Gege bear Gogo Bear Crystal Jelly Lip Oil,GIU,,,
napa,50,1,颜色,"1 đệm trước màu đen quý phái [Nappa Napa], 1 đệm trước [Nappa Napa] màu nâu hạt ",GIU,,,
wolfberry,50,23,包装规格,"Trà Ô Long Đào [Con dấu 8 mặt 20 túi], Trà Nữ Thần Liubao [Con dấu tám mặt 20 gó",THAY,kỷ tử,,
puppy,49,26,颜色,"Mũ nơ tổ ong đệm con chó phía trước, Mũ nơ tổ ong, đệm ngồi cho chó con, tựa lưn",GIU,,,
jane,49,45,产品类别,Phô mai và phô mai [loại A bà mẹ và trẻ sơ sinh/thân thiện với làn da và mềm mại,GIU,,,
v.v,49,39,原料与配料,"Sedan/SUV/xe doanh nhân/van, v.v.",GIU,,,
yao,48,31,颜色,"8733 Yao Ye Black [Không nhãn], 8733 Frost Moon White [Không nhãn], 8731 Yao Yeh",GIU,,,
galaxy,48,33,颜色,"3688 Dây kéo lấp lánh màu đen thời trang, 3688 Dây kéo lấp lánh màu xám Galaxy, ",GIU,,,
peach,48,36,颜色,"【Nước Tẩy Rửa Nội Thất Xe Hơi Cỡ Lớn】 18kg Hương Hoa Mộc Lan Trắng, [Peach] 18kg",GIU,,,
food,48,47,生产厂家,"Dingyuan County Xinnutang Food Co., Ltd.",CHUA_CO,,,
yuanfeng,48,43,颜色,"Màu đỏ anh đào [đóng hộp], Màu xanh mới [đóng hộp], Màu xám mới [đóng hộp], Màu ",CHUA_CO,,,
xinjiang,48,4,颜色,"Màu đỏ (Phong cách hình ảnh chính), Màu xanh lá cây (Phong cách hình ảnh chính),",HANVIET,Tân Cương,,
lycra,48,10,颜色,"màu đen, bầu trời xanh, màu xanh đậm, màu đỏ, Rượu vang đỏ, bức vẽ bậy, hồng nhạ",GIU,,,
and,47,30,产品规格,"Màu đen có tiêu chuẩn 50 lít [kho giày mở rộng], Màu đen không tiêu chuẩn 50 lít",GIU,,,
sweetheart,47,37,花型,"OEM/ODM độc quyền tùy chỉnh, 02 # Bột đậu đường, 03 # Trà ô long đỏ, 04 # Kem sữ",GIU,,,
leopard,47,21,容量,"HW42 Leopard Print Bow [Mẫu vải trắng cổ], HW42 Leopard Pattern Bowknot [vân vải",CHUA_CO,,,
cream,47,28,颜色,"M01 # cá khô, M02 # Meo meo, M03 # Mèo tốt, M04 # Goode Cat Ning, M05 # mèo sữa,",THEO_CUM,kem,,
camel,47,35,花型,"Tiêu chuẩn mặt nạ nhỏ màu nâu/bạc, Nhãn mặt nạ nhỏ màu sô cô la/vàng, Nhãn mặt n",GIU,,,
narcissus,47,20,包装规格,"Hộp quà Dahongpao 250g2, Gừng Hạt Quế Huy Chương Vàng 250g, Narcissus Lao Công 2",THAY,Thủy Tiên,,
kitty,47,33,花型,"Hạt dẻ ngọt - Vàng họa tiết da báo [Vải kháng khuẩn cấp 7A], Hạt dẻ ngọt - Cây n",GIU,,,
shuang,46,13,净重（规格）,"18g konjac làm mới và hương vị cay, 18g konjac làm mới và vị cay, 18g Konjac Shu",GIU,,,
lenzing,46,8,花型,Vải Tencel cotton Lenzing nhập khẩu siêu mịn,GIU,,,
moon,45,38,颜色,"8733 Yao Ye Black [Không nhãn], 8733 Frost Moon White [Không nhãn], 8731 Yao Yeh",GIU,,,
duck,45,13,颜色,"Trà hoa nhài hương thơm nụ trắng hộp quà bong bóng nhỏ số 66, Hộp Quà Trà Túy Qu",GIU,,,
chestnut,45,18,花型,"Tựa đầu đục lỗ kiểu bong bóng màu đen quý phái, Tựa đầu đục lỗ kiểu bong bóng mà",CHUA_CO,,,
maca,45,25,颜色,"Màu đen Yao [Hộp gia cố bằng hợp kim nhôm dày], Màu xám đậm [làm dày hộp gia cố ",GIU,,,
pima,45,5,颜色,"Trắng [100S Pima Cotton], Màu đen [100S Pima Cotton], Màu xám cao cấp [100S Pima",GIU,,,
xiaoge,45,19,花型,"Mi Xiaoge YCJ [Có thể ngủ khỏa thân đã được kiểm tra chất lượng], Lime lưới YCJ ",CHUA_CO,,,
pinduoduo,45,45,主要下游平台,"160g bùn làm sạch, keo làm sạch, 160g đóng hộp, đàn hồi, phục hồi, giao hàng một",CHUA_CO,,,
cacao,44,34,花型,"Hộp đơn thời trang [trắng hạt] tích hợp đơn giản, Hộp đơn thời trang [xanh da tr",GIU,,,
flannel,44,8,颜色,"Hút nam châm họa tiết da flannel [Xanh Yuanfeng], Hút nam châm họa tiết da flann",GIU,,,
moisturizing,44,22,产品规格,"Mặt nạ dưỡng ẩm dưa chuột 30g (mới), Blueberry Brightening Moisturizing 30g (Mới",THEO_CUM,dưỡng ẩm,,
snow,44,33,包装规格,"Mặt nạ cam huyết Beauty Image/25ml, Mặt nạ dưỡng ẩm axit hyaluronic cà chua 25g,",THEO_CUM,tuyết,,
dachshund,44,26,花型,"Túi tre màu cà phê 30*20, Túi tre dachshund 30*20, Túi Tre Hình Chó Bong Bóng 30",CHUA_CO,,,
piaoxue,43,8,包装规格,"Hoa nhài tuyết 100g, Hoa nhài tuyết 250g, Tuyết hoa nhài 250g/can, Hoa nhài tuyế",HANVIET,Phiêu Tuyết,,
essence,43,33,产品规格,Son môi NOVO Qinrun Warm Changing Essence,THEO_CUM,tinh chất,,
lily,43,27,包装规格,SEOMOU Yellow Water Lily Thức khuya Mặt nạ trẻ hóa,THEO_CUM,hoa huệ,,
zhan,43,6,尺寸,"Trọng lượng mẫu khoảng [30g], [Carbon nướng Dahongpao] Đơn giá 40 nhân dân tệ, [",GIU,,,
isle,43,24,花型,"Người Sao [Loại A, cấp độ mẹ và bé, an toàn khi ngủ không mặc đồ], Gấu Chữ Cái [",GIU,,,
clear,43,23,产品规格,"Bột đào [Cổng sạc giá đỡ cốc nâng cấp], Angel White [Cổng sạc giá đỡ cốc nâng cấ",GIU,,,
fair,43,24,花型,"Người Sao [Loại A, cấp độ mẹ và bé, an toàn khi ngủ không mặc đồ], Gấu Chữ Cái [",GIU,,,
angel,42,10,颜色,"Bột đào [Cổng sạc giá đỡ cốc nâng cấp], Angel White [Cổng sạc giá đỡ cốc nâng cấ",GIU,,,
honor,42,21,适用型号,"Đen bình thường, Bạc thông thường, Vàng thông thường, Kiểu dáng khóa kéo màu đen",GIU,,,
arbutin,42,36,产品规格,"Mặt Nạ Dưỡng Ẩm Boquanya Cucumber Centella Asiatica (Mới) 25g, Mặt nạ dưỡng ẩm b",GIU,,,
maybach,41,1,颜色,"Tựa đầu Maybach [nâu hạt dẻ] một cặp, Tựa đầu Maybach [mocha brown] một cặp, Tựa",GIU,,,
sequin,41,23,颜色,"Màu cà phê, Màu trắng be, Màu đen, Màu đen sequin",THAY,kim sa,,
ye,41,30,花型,"8733 Yao Ye Black [Không nhãn], 8733 Frost Moon White [Không nhãn], 8731 Yao Yeh",THEO_CUM,,,
zhengyan,41,21,包装规格,Nhà máy trà Zhengyan Ximing Wuyishan,HANVIET,Chính Nham,,
bozhou,41,41,生产厂家,Công ty TNHH Công nghệ Y tế Bozhou Zhongzhi,HANVIET,Bạc Châu,,
qima,41,2,包装规格,"5 gói Qima Crispy [Hương vị hỗn hợp], 10 gói Qima Crispy [Hương vị hỗn hợp], 20 ",CHUA_CO,,,
boomerang,41,6,规格,Ba chiếc boomerang [5 màu ngẫu nhiên],GIU,,,
yun,41,37,包装规格,Trục môi COASTBABY Yun Ni Zhi Wang,GIU,,,
liubao,41,9,包装规格,"Trà Ô Long Đào [Con dấu 8 mặt 20 túi], Trà Nữ Thần Liubao [Con dấu tám mặt 20 gó",HANVIET,Lục Bảo,,
milk,41,22,包装规格,"Mặt trước màu đen 101 mở dày, Burgundy 101 mở phía trước dày lên, Milk white 101",GIU,,,
liubiju,40,4,包装规格,"Sốt mè Liubiju vị không cay [10 gói], Sốt mè Liubiju vị cay nhẹ [10 gói], Gói hỗ",GIU,,,
xiang,40,29,包装规格,Lưu ý về máy móc Xiang 20222141494,GIU,,,
ruyi,40,24,颜色,"【Lucky Fortune cao cấp】Gói OPP đơn + Miếng dán dính miễn phí, [Mẫu Ruyi chất lượ",CHUA_CO,,,
xue,40,10,包装规格,Wei Xue cùng mẫu với Lifeiou Hàn Quốc1,GIU,,,
canvas,40,30,颜色,Vải Canvas,GIU,,,
fuerjia,40,2,产品规格,"敷尔佳DNA钠水光焕采紧塑面膜5片/盒 有官方防伪码, 敷尔佳胶原璀璨嘭弹乳霜面膜5片/盒（钢铁侠面膜） 有官方防伪码, 【2.0】敷尔佳舒安水500ml 有官",GIU,,,
feng,40,20,包装规格,"cặp đôi, cổ tích, thời trang, cá tính, sang trọng, con gái, người Anh, mát mẻ, S",THEO_CUM,,,
single,39,16,规格,"Đơn (đệm tựa chân) Emma Orange, Đơn (đệm tựa chân) màu hổ phách, Đơn (đệm tựa ch",CHUA_CO,,,
foam,39,5,颜色,"Gối tựa đầu xốp đen size nhỏ 7395-2A, Tựa đầu memory foam màu be nhỏ (dây trắng)",CHUA_CO,,,
shi,39,24,产品规格,Mặt nạ collagen rong biển Shi Chuo SEOMOU,GIU,,,
fragrance,39,14,包装规格,"500 Đầu Trà Đại Hồng Bào Số 8 [Thành phần trà], 500g trà Đại Hồng Bào số 11 hươn",GIU,,,
lithium-ion,39,33,电芯类型,Pin lithium-ion polymer,CHUA_CO,,,
coffee,39,29,花型,"Tựa đầu màu đen bí ẩn, Tựa đầu màu xám không gian, Tựa đầu Macaran, Tựa đầu cà p",GIU,,,
puff,39,16,颜色,"Túi đựng đồ hình gấu Tulip loại F [không bao gồm xô chống thấm nước], Túi đựng đ",GIU,,,
kuaishou,39,39,主要下游平台,"Pinduoduo, Douyin, Kuaishou, JD.com, Tmall, Taobao",GIU,,,
iceland,39,26,包装规格,[Sản xuất độc lập ★ Cung cấp trực tiếp từ nguồn ★ Trân trọng mời kiểm tra nhà má,THAY,Băng Đảo,,
galoshes,39,39,穿着方式,Tay áo/galoshes,CHUA_CO,,,
leaf,39,27,花型,Trà xanh cuộn đáy 500g giá đặc biệt số 8.5 [loại trà uống/loại thương mại điện t,GIU,,,
klein,39,39,颜色,"Màu đen, Màu xám đậm, Màu xanh đậm, Xanh lục đại dương, Màu trắng, Màu hồng, Màu",CHUA_CO,,,
fu,38,25,包装规格,"1.52 mét mờ * 1 mét [màu ghi chú], Màu đen mờ 30 cm * 1 m1, Màu đen mờ 30 cm * 1",GIU,,,
shoes,38,38,款式,Giày dad shoes,THEO_CUM,giày,,
tiffany,38,23,颜色,"Đen kinh điển, Xám không gian, Cà phê quyến rũ, Hoa anh đào, Xanh Tiffany, Đỏ rư",CHUA_CO,,,
berlin,38,23,颜色,Sản xuất độc lập ★ Cung cấp trực tiếp từ nguồn gốc ★ Kính mời kiểm tra nhà máy ★,GIU,,,
honey,38,26,包装规格,"01 # Quả đào ngọt ngào mâm xôi, 02 # Cà chua đường, 03 # Rồng chim lạnh, 04 # Ma",THEO_CUM,,,
cornus,38,27,颜色,"Hộp mẹ con [màu đen mát], Hộp mẹ con [trắng sữa], Hộp mẹ con [đen + trắng], Hộp ",THEO_CUM,,,
rubicon,38,3,颜色,"[6 mẫu xe ngẫu nhiên 1] xe thể thao hai cửa, [Đỏ] SF90-Đóng gói, [Vàng] SF90-Đón",CHUA_CO,,,
express,37,10,花型,"18inch [Thương hiệu được lựa chọn cẩn thận + chuyến đi ngắn], 20inch [Hàng được ",GIU,,,
dianhong,37,14,包装规格,"Dahongpao PVC đóng hộp 25 gói, Tự uống sản phẩm mới đặc biệt (Yanxiang) Dahongpa",HANVIET,Điền Hồng,,
magic,37,22,颜色,"Màu đen ma thuật lớn [có nắp], Màu đen ma thuật lớn [túi chống thấm nước có nắp]",GIU,,,
rococo,37,9,花型,KeKe Mood Chocolate Rococo Series Son môi 01 #,CHUA_CO,,,
extreme,37,14,颜色,"Màu xám titan [Không mở rộng], Đêm cực đen [Không mở rộng], Màu trắng ngà [không",GIU,,,
memory,37,4,颜色,"Gối tựa đầu xốp đen size nhỏ 7395-2A, Tựa đầu memory foam màu be nhỏ (dây trắng)",CHUA_CO,,,
nappa,37,7,颜色,"Túi đựng đồ bằng da Nappa-đen, Túi đựng đồ bằng da Nappa màu nâu, Túi đựng đồ bằ",CHUA_CO,,,
fanzhen,37,24,产品规格,"100g2, 6gX10 dải, Mặt nạ đào Fanzhen 2ml x 30 gói",GIU,,,
garden,37,28,花型,"[Môi bóng đào Fantasy] J811 Quả nhân sâm, 【Son Gương Hoa Đào】L01 Đồng Cỏ, [Son m",GIU,,,
yibei,37,37,生产厂家,Hợp tác xã chuyên nghiệp ngành trà thơm Shengzhou Yibei,CHUA_CO,,,
chenghai,37,37,产地,"Chenghai, Sán Đầu",CHUA_CO,,,
bunny,37,35,颜色,"Túi đựng đồ hình gấu Tulip loại F [không bao gồm xô chống thấm nước], Túi đựng đ",CHUA_CO,,,
ming,37,28,采摘时间,Mặt nạ dưỡng ẩm axit hyaluronic MINSHZEE Ming Xizhi,GIU,,,
yan,36,24,产品规格,"1# Trà Sữa Cam (Cam Sai) [Cam Kem], 2# Màu nude đa năng [Thân thiện với da màu v",THEO_CUM,,,
milkshake,36,23,花型,"sữa lắc trắng 20cm, sữa lắc trắng 25cm, Milkshake trắng 30cm, Bột hoa anh đào 20",CHUA_CO,,,
huaqiangbei,36,9,颜色,"Pro4-Little Four [Mở nắp kết nối đổi tên] Đóng hộp, Pro4-Little Four Black [Mở n",HANVIET,Hoa Cường Bắc,,
polypeptide,36,28,产品规格,Mặt nạ khô đông lạnh Benji Revitalizing Polypeptide Protein,GIU,,,
control,36,23,产品规格,Hộp băng keo sửa chữa Chuangfukang Collagen 5 miếng [có thể kiểm tra chống hàng ,THEO_CUM,,,
bobo,36,23,花型,"1 # Yến mạch Bang Bang, 2 # Đường đá nghiền, 3 # Ô long Bobo, 4 # tomato doodle,",GIU,,,
songyang,36,7,包装规格,"Công ty TNHH Công nghiệp Trà Rongchuan, huyện Songyang",HANVIET,Tùng Dương,,
coco,35,17,颜色,"Hộp đơn thời trang [Ngũ cốc trắng] Tích hợp đơn giản, Hộp đơn thời trang [Sky Bl",GIU,,,
horse,35,15,颜色,"Đen HB2023, Crazy Horse Brown Phiên bản nâng cấp-, Crazy Horse Green Phiên bản n",CHUA_CO,,,
ultra,35,14,颜色分类,"Ghi đơn 1080P HD, Ghi đơn 2K siêu rõ nét, Ghi đơn 2K điều khiển bằng giọng nói s",GIU,,,
of,35,17,颜色,"[Song of Lin Hai] Pure Ancient Dragon, [Song of Lin Hai] Qingchu Gardenia, 【Song",GIU,,,
apricot,35,19,颜色,"[Midnight Black] Kích thước trung bình có thể đựng được tạp chí, sách A4, [Khaki",CHUA_CO,,,
gluten,35,8,包装规格,"18g konjac làm mới và hương vị cay, 18g konjac làm mới và vị cay, 18g Konjac Shu",GIU,,,
kou,35,14,产品规格,"Mặt nạ trẻ hóa Shi Kou Huang Water Lotus Thức khuya (25ml/miếng), Mặt nạ dưỡng ẩ",GIU,,,
barbie,35,34,花型,"Bột kim loại, Vôi kim loại, Bạc tuyết, Tím ánh ngọc trai, Hồng nhạt vàng hồng, V",CHUA_CO,,,
sheet,35,11,尺寸规格,"Mặt nạ tinh chất tươi mát dưỡng ẩm lô hội Gong Pei, Mặt nạ dạng tấm 25ml (Chỉ dà",CHUA_CO,,,
sf,34,7,花型,"18inch [Thương hiệu được lựa chọn cẩn thận + chuyến đi ngắn], 20inch [Hàng được ",GIU,,,
socola,34,7,包装规格,"5 gói bánh cuộn Tiger vị sô cô la, 10 gói bánh cuộn hình hổ vị sô cô la, 15 gói ",GIU,,,
gradient,34,20,颜色,"hoa đen, chữ màu đen, Ký tự dập nổi màu xám, lưới đen, lão thị, màu xám với màu ",THAY,chuyển màu,,
cool,34,23,颜色,[Sản xuất độc lập ★ Cung cấp trực tiếp từ nguồn ★ Trân trọng mời kiểm tra nhà má,GIU,,,
hyaluronate,34,24,产品规格,"Mặt Nạ Dưỡng Ẩm Boquanya Cucumber Centella Asiatica (Mới) 25g, Mặt nạ dưỡng ẩm b",GIU,,,
girl,34,30,跨境风格类型,"1# Trà Sữa Cam (Cam Sai) [Cam Kem], 2# Màu nude đa năng [Thân thiện với da màu v",THEO_CUM,cô gái,,
shaqima,34,3,包装规格,"Quả óc chó vỏ giấy 50g, Quả óc chó giấy 120g, Hạt macadamia 50g, Hạt macadamia 6",GIU,,,
natri,33,26,产品规格,"Mặt Nạ Dưỡng Ẩm Boquanya Cucumber Centella Asiatica (Mới) 25g, Mặt nạ dưỡng ẩm b",GIU,,,
ocean,33,21,颜色,"Màu xanh-đại dương, Màu vàng-osmanthus, Màu đen-hoa dành dành, Màu đỏ-cổ long, B",GIU,,,
cleansing,33,27,产品规格,C Coffee Amino Acid White Clay Clear Cleansing Double Tube Cleanser (Phiên bản n,THEO_CUM,làm sạch,,
latinh,33,33,主要销售地区,"trong nước, Nam Mỹ, Đông Nam Á, Bắc Mỹ, Đông Bắc Á, Trung Đông, Châu Mỹ Latinh, ",GIU,,,
tartary,33,10,包装规格,Hương vị nguyên bản [Mì Tàu Tartary Vàng] 2500g 2.5kg gói - Trà Mì Tàu Tartary c,GIU,,,
koala,33,28,颜色,Mặt Nạ Ngủ Laiko Rice 3g (Sản Phẩm Xuất Khẩu - Không Bán Trong Nước. Việc mua hà,CHUA_CO,,,
industry,33,33,生产厂家,"Zhangzhou Hengfeng Tea Industry Co., Ltd.",GIU,,,
mingxiang,33,5,包装规格,"Mingxiang Lapsang Souchong 250g, Mingxiang Jinjunmei 250g, Mingxiang Dahongpao 2",CHUA_CO,,,
bmw,33,15,颜色,"Kiểu 1, Kiểu 2, Kiểu dáng 3, Kiểu 4, Kiểu 5, Kiểu 6, Kiểu dáng 7, Bộ 1, Bộ 2, Me",GIU,,,
pony,33,18,颜色,"khủng long xanh1, Gấu trúc kính hồng, Gấu trúc đeo kính xanh, sư tử vàng, khủng ",CHUA_CO,,,
mountain,32,25,花型,"【Mountain Edge】Rồng Cổ Hoang Dã, 【Mountain Edge】Hoa hồng bằng gỗ mun, 【Mountain ",THEO_CUM,,,
deep,32,26,颜色,"Cheese Yellow # Đầy đủ tính năng [Cổng sạc giá đỡ cốc], Bột đào # đầy đủ tính nă",GIU,,,
tiansi,32,3,花型,"Màu xanh bạc hà [Lanjing Tencel khỏa thân ngủ mượt], Màu xanh chàm [Lanjing Tenc",CHUA_CO,,,
extract,32,18,产品规格,"Miếng dán nếp gấp mũi vi tinh thể 5 cặp/hộp, Miếng dán họa tiết tinh thể vi mô I",GIU,,,
baby,32,27,花型,"Da đen viền kim loại vàng., Da màu đen với khóa bạc., Da màu đen với khóa màu xá",GIU,,,
bean,32,22,花型,"Hạt đậu đá cỡ lớn màu đen, Đậu băng cỡ nhỏ màu đen, Đậu đá cỡ lớn màu đỏ rượu, Đ",GIU,,,
lossless,32,14,颜色,Phiên bản tiêu chuẩn • Haoyue White [Chất lượng âm thanh HiFi lossless + cuộc gọ,GIU,,,
oligopeptide,32,25,产品规格,"Mặt nạ dưỡng ẩm đông khô SEOMOU Oligopeptide Hyaluronic Acid [5 miếng/hộp], Mặt ",GIU,,,
sheng,32,22,包装规格,"01 # Tìm kiếm, 02 # Chuyển động, 03 # Nhóm nữ, 04 # thoáng qua, 05 # Yue Sheng, ",THEO_CUM,,,
officinalis,32,22,颜色,"Hộp mẹ con [màu đen mát], Hộp mẹ con [trắng sữa], Hộp mẹ con [đen + trắng], Hộp ",THEO_CUM,,,
feet,31,11,尺寸规格,"Giường 1,5 m(5 feet)",CHUA_CO,,,
pure,31,26,花型,"[Song of Lin Hai] Pure Ancient Dragon, [Song of Lin Hai] Qingchu Gardenia, 【Song",GIU,,,
mint,31,22,颜色,[Sản xuất độc lập ★ Cung cấp trực tiếp từ nguồn ★ Trân trọng mời kiểm tra nhà má,THEO_CUM,bạc hà,,
jingyao,31,18,包装规格,Sữa rửa mặt trẻ hóa Babella Jingyao,CHUA_CO,,,
jun,31,18,包装规格,Jin Jun Mei,THEO_CUM,,,
boston,31,31,箱包潮流款式,Túi Boston,GIU,,,
bodie,31,10,产品规格,"Zhiduo Fuyan Whitening and Removal Mask (Tianzi Model)-Gói 25ml, Zhiduo Fuyan Wh",GIU,,,
container,31,15,颜色,Pin dự phòng container,GIU,,,
cloud,31,22,颜色,Bùn môi Cloud Mist,THEO_CUM,đám mây,,
sea,31,30,花型,"3688 Dây kéo lấp lánh màu đen thời trang, 3688 Dây kéo lấp lánh màu xám Galaxy, ",THEO_CUM,,,
bayern,31,2,颜色,"Màu đen, Màu xám, Màu xanh lam, Màu xanh lá, Màu đen acmilan, Paris màu đen, Màu",GIU,,,
fine,31,10,包装规格,"1# Trà Sữa Cam (Cam Sai) [Cam Kem], 2# Màu nude đa năng [Thân thiện với da màu v",CHUA_CO,,,
maofeng,30,12,包装规格,"Huangshan Maofeng Tea Group Co., Ltd.",HANVIET,Mao Phong,,
streamer,30,22,花型,"Streamer Silver [Khung hợp kim nhôm-magiê dày], Màu xám đậm [nâng cấp bảo mật kh",GIU,,,
fragrant,30,8,包装规格,"7,5 nhân dân tệ/catty Yunwu Fragrant Tea (lô từ 90 kg/túi), 8,5 nhân dân tệ/catt",THEO_CUM,,,
soothing,30,9,产品规格,Mousse Girl Chamomile Soothing Mask 25ml * 10 miếng,THEO_CUM,làm dịu,,
wangdu,30,30,产地,"Wangdu, Hà Bắc",CHUA_CO,,,
mist,30,21,颜色,Son môi HengFang Mist 520#,THEO_CUM,sương,,
soft,29,15,颜色,GX1315 Soft Light Mousse Lip Mud,GIU,,,
yuantian,29,2,包装规格,An Huy Yuantian,CHUA_CO,,,
nian,29,9,产品规格,HERORANGE Jiao Rou Nian Lip Glaze,GIU,,,
ji,29,18,产品规格,"Bột mặt nạ làm sáng hoa hồng lãng mạn Han Ji 500g, Han Ji Romance Rose Brighteni",GIU,,,
warm,29,12,颜色,Jiao Wei Huayang Boudoir Dream Warm Lipstick,CHUA_CO,,,
formaldehyde,29,6,花型,"Thơm, Khử mùi hôi, Loại bỏ formaldehyde",GIU,,,
lishui,28,3,包装规格,"45 tệ/jin: Trà trắng Gaoshan số 4 (xuất xứ: Lishui), 60 tệ/jin: Trà trắng núi số",CHUA_CO,,,
shuanghui,28,2,包装规格,"Shuanghui [Xúc xích chó ngô] 32g*5 miếng, Shuanghui [Xúc xích giòn cay] 32g*5 mi",GIU,,,
silk,28,18,产品规格,"[Mẫu vải lanh bốn mùa] Đệm ghế trước chó con dễ thương Tây Nguyên (tờ đơn), [Mẫu",THEO_CUM,lụa,,
folio,28,4,颜色,"Bộ áo liền quần Slow Cow Folio, Bộ áo liền quần Elephant Folio tốt, Bộ áo liền q",CHUA_CO,,,
shell,28,7,颜色,"Shell White Loại dày mới được nâng cấp-C + Cổng sạc kép USB, Phô mai màu vàng mớ",CHUA_CO,,,
fuyan,28,11,产品规格,"Zhiduo Fuyan Whitening and Removal Mask (Tianzi Model)-Gói 25ml, Zhiduo Fuyan Wh",GIU,,,
moonlight,28,20,颜色,"Màu xanh tươi (cổng sạc USB nâng cấp dày sáu lớp + giá đỡ cốc nước), Màu trắng n",CHUA_CO,,,
dian,28,8,包装规格,"Rồng Phượng Hoàng Gia, Vua Rồng Phượng, Rồng và Phượng, Long Phượng Tây Nguyên, ",HANVIET,Điền,,
fude,28,17,包装规格,"Trà trắng lớn Fude, lá tươi trà Dahao",XEM_TAY,,,
cashmere,28,11,颜色,giả cashmere,GIU,,,
pudding,28,25,花型,"Than tre đen, táo gai đỏ, ca cao hạt phỉ, nho khoai môn, kem vani, Bánh pudding ",GIU,,,
cheese,28,23,花型,[Sản xuất độc lập ★ Cung cấp trực tiếp từ nguồn ★ Trân trọng mời kiểm tra nhà má,GIU,,,
ping,28,10,颜色,"Bầu Fulu bán chạy, Bán nóng ra vào an toàn, Bán nóng màu trắng ra vào an toàn, B",THEO_CUM,,,
trend,28,27,风格,"1# Trà Sữa Cam (Cam Sai) [Cam Kem], 2# Màu nude đa năng [Thân thiện với da màu v",THEO_CUM,xu hướng,,
oreo,28,10,包装规格,Oreo,GIU,,,
swat,27,12,颜色,"Xe cứu thương cỡ trung 6 cửa (có âm thanh, ánh sáng), (Không quà tặng) Xe cứu th",GIU,,,
muji,27,20,风格,"Hộp đựng đồ để bàn phong cách Muji, Hộp đựng đồ để bàn phong cách Muji + hộp tre",GIU,,,
provitamin,27,24,产品规格,"Mặt nạ cam huyết Beauty Image/25ml, Mặt nạ dưỡng ẩm axit hyaluronic cà chua 25g,",GIU,,,
piao,27,2,包装规格,KK5 Juan Piao Yu Meng Piao Xue Ration Model 2026 New Tea - Hương thơm mạnh 3 hươ,CHUA_CO,,,
tranexamic,27,14,产品规格,"Mặt nạ cam huyết Beauty Image/25ml, Mặt nạ dưỡng ẩm axit hyaluronic cà chua 25g,",GIU,,,
roland,27,20,花型,"Ngũ cốc trắng [bảo hành giá đỡ điện thoại có dây kéo chống cháy nổ], Bột Dogwood",CHUA_CO,,,
forest,27,17,颜色,"2079 Ngà trắng [USB ngăn đựng giày], 2079 Peacock Blue [USB ngăn đựng giày, 2079",CHUA_CO,,,
hepburn,27,23,花型,"""Extra Thick"" Snow Orchid Heart - [Chống vón cục - Bền màu], Happy Valley ""Extra",GIU,,,
huang,27,23,花型,"Mặt nạ trẻ hóa Shi Kou Huang Water Lotus Thức khuya (25ml/miếng), Mặt nạ dưỡng ẩ",CHUA_CO,,,
anji,27,8,包装规格,"Nguyên liệu thô đến từ Chiết Giang, là loại trà xanh rang xanh loại Anji (không ",HANVIET,An Cát,,
large,27,13,颜色,"túi chống nước, Màu đen quý phái-Nhỏ, Màu đen quý phái-trung bình, Màu đen quý p",CHUA_CO,,,
dark,26,25,颜色,"Màu xám ô liu 4 lớp tách khô và ướt lưới thông gió sau, Dark Night 4 lớp tách lư",CHUA_CO,,,
sodium,26,20,产品规格,"Mặt nạ cam huyết Beauty Image/25ml, Mặt nạ dưỡng ẩm axit hyaluronic cà chua 25g,",GIU,,,
larry,26,5,颜色,"Vải nửa túi cấu hình thấp 14 inch (không khóa), 14 inch cao cấp (có khóa) sang v",CHUA_CO,,,
youth,26,16,产品规格,Sữa rửa mặt trị mụn kiểm soát dầu axit amin BEILINGMEI Youth,GIU,,,
ya,26,14,颜色,"洛凡美皙凡士林温变焕采润唇膏（新）2.7g, 泊泉雅男士舒润保湿护唇膏2.7g, Son dưỡng môi bảo vệ Luofan Beauty Vase",CHUA_CO,,,
west,26,24,花型,"[Mẫu vải lanh bốn mùa] Đệm ghế trước chó con dễ thương Tây Nguyên (tờ đơn), [Mẫu",GIU,,,
polyurethane,26,22,主面料成分含量,"Sợi Modal (modal) 47%, cotton 47%, sợi đàn hồi polyurethane (spandex) 6%.",GIU,,,
copper,26,20,产品规格,Hộp băng keo sửa chữa Chuangfukang Collagen 5 miếng [có thể kiểm tra chống hàng ,THEO_CUM,,,
highland,26,25,花型,"[Mẫu vải lanh bốn mùa] Đệm ghế trước chó con dễ thương Tây Nguyên (tờ đơn), [Mẫu",CHUA_CO,,,
yue,26,17,产品规格,"01 # Tìm kiếm, 02 # Chuyển động, 03 # Nhóm nữ, 04 # thoáng qua, 05 # Yue Sheng, ",THEO_CUM,,,
whitening,26,12,产品规格,"Zhiduo Fuyan Whitening and Removal Mask (Tianzi Model)-Gói 25ml, Zhiduo Fuyan Wh",GIU,,,
pollen,26,6,颜色,"8190 [Nâng cấp với kho giày] Cheese White, 8190 [Nâng cấp với kho giày] Màu đen ",CHUA_CO,,,
lip,26,16,颜色,"Pure Desire Lip Glaze X Qinghuan NICE, Cô gái oxy X Qinghuan PRO",THEO_CUM,môi,,
sticker,26,11,颜色,"Cỡ nhỏ [28*18.5*16cm] tặng kèm sticker hình động vật hoạt hình, Cỡ trung [32*22.",GIU,,,
dupont,26,2,颜色,Bông DuPont,GIU,,,
longan,25,4,包装规格,"GGM Longan Xiang Jin Junmei 2026 trà mới - trà đen cây già béo, mềm và thơm, GPP",CHUA_CO,,,
blueberry,25,22,产品规格,"trời xanh, đá việt quất, bột cánh hoa, hồ xanh, biển xanh, hồng nhạt, Kéo ngang ",THAY,việt quất,,
jazz,25,13,花型,"Trắng Jazz, Hoa Anh Đào, Xanh lam Sông Băng, Đen quý phái, Xanh bồ đề, Bạc sang ",CHUA_CO,,,
caviar,25,11,颜色,"25 túi cừu họa tiết đen chất lượng cao, Trứng cá muối đen 25 túi chất lượng cao,",GIU,,,
guka,25,4,颜色,"Bộ tài khoản vui nhộn (ngẫu nhiên) CY-97, Chú Gấu Dễ Thương Thợ Thủ Công Nhỏ 811",GIU,,,
nectar,25,2,包装规格,"2026--2#Mingqiantou Picking Nectar--500g (số lượng lớn), 2026---3 # Mingqiantou ",CHUA_CO,,,
rubik,25,9,颜色,"Katherine [Không xù lông/Phai màu, Không tĩnh điện], Robin [không xù lông/pha mà",GIU,,,
time,25,16,花型,"Mặt nạ làm dịu và dễ chịu rong biển-Hộp 25ml × 5 miếng, Mặt nạ làm dịu và dễ chị",CHUA_CO,,,
jieyang,25,25,产地,"Jieyang, Quảng Đông",CHUA_CO,,,
super,25,11,颜色,"10寸声控版四路MP5【BSD+声光报警器】, 7inch Phiên bản điều khiển bằng giọng nói hai chiều [Màn",GIU,,,
shadow,25,17,花型,"Raspberry Purple [Mang theo nhẹ] + [Dây kéo YKK], Obsidian Yellow [Túi nhẹ] + [D",CHUA_CO,,,
solona,25,9,颜色,Solona,THAY,Sorona,,
full,25,18,包装规格,"10inch Toàn màn hình trước 2K+ phía sau 1080P, 10inch Toàn màn hình trước 2K+ ph",THEO_CUM,nguyên,,
lynn,25,1,颜色,"Lynn NB9060HSP hồng nhạt, Lynn NB9060BNQ phản quang màu đen, Lynn NB9060ECA trắn",CHUA_CO,,,
ziplock,25,9,规格,"2 túi * 250g Túi Ziplock trà xanh Alpine (Thương hiệu Shu Mingrun), 2 túi * 250g",CHUA_CO,,,
oppo,25,5,颜色,"跨境沙纹黑1.5(opp一个装）, 跨境沙纹米1.5(opp一个装）, 跨境沙纹灰1.5(opp一个装）, Họa tiết cát xuyên biên gi",GIU,,,
jelly,24,15,尺寸,"20inch Ốp hộp miễn phí [Bánh xe PU jelly nâng cấp + Chất liệu PC], 24inch Ốp hộp",THAY,nhựa dẻo,,
image,24,12,产品规格,"Mặt nạ cam huyết Beauty Image/25ml, Mặt nạ dưỡng ẩm axit hyaluronic cà chua 25g,",GIU,,,
peacock,24,9,颜色,"026 # Mở rộng kho giày 50 lít tiêu chuẩn màu đen, 026 # Mở rộng kho giày 50 lít ",CHUA_CO,,,
noel,24,22,适用范围,"Đồ ăn vặt, Điều khiển từ xa, Tất, Áo len, Khăn giấy, Đồ dùng vệ sinh cá nhân, Sá",CHUA_CO,,,
vera,24,22,产品规格,"Mặt nạ dưỡng ẩm và làm đẹp POUQuR Aloe Vera (Tấm), Mặt nạ dưỡng ẩm làm đẹp Blueb",GIU,,,
shu,24,13,颜色,"C cà phê lon nhỏ phim [mụn] 5g, C cà phê lon nhỏ màng [trong suốt] 7g, C cà phê ",GIU,,,
fuding,24,14,包装规格,Trà Fuding Dahao,HANVIET,Phúc Đỉnh,,
mabo,24,1,颜色,"Ma Baobao Mùa Hè Xanh 20, Ma Baobao Mùa Hè Xanh 22, Ma Baobao Mùa Hè Xanh 26, Ma",CHUA_CO,,,
elf,24,14,颜色,"8950, Hoa hồng máu 8950, Nước mắt hoa hồng 8950, 6810, Nước mắt hoa hồng 6810, B",CHUA_CO,,,
mido,24,3,花型,"Vàng sâm panh lưu ly, Vàng sâm panh kem, Sữa lắc trắng + Trà hoa đỗ quyên, Coca ",CHUA_CO,,,
cortical,24,24,皮质特征,Da bò tổng hợp,CHUA_CO,,,
cocoa,24,10,颜色,"Hộp đơn thời trang [trắng hạt] tích hợp đơn giản, Hộp đơn thời trang [xanh da tr",CHUA_CO,,,
kraft,24,18,包装规格,"[Môi bóng đào Fantasy] J811 Quả nhân sâm, 【Son Gương Hoa Đào】L01 Đồng Cỏ, [Son m",CHUA_CO,,,
vani,24,22,颜色,"kem bông, Tua vàng trứng, Bông phồng Matcha, Củ sen hồng, kem vani, đen",GIU,,,
oolong,23,18,包装规格,"[Little Oriental] Oriental Gardenia, 【Little Dongfang 】 Trà Lin Yin Zen, 【Phương",THEO_CUM,ô long,,
xing,23,18,花型,"01 # Xing Yuemian, 02 # Little Pear Red, 03 # Đi sớm vào mùa thu, 04 # Biết sươn",GIU,,,
gypsophila,23,16,颜色,"Frog Panda 6 gói + 2 cam, keo không dấu vết miễn phí, Frog Panda 6 gói + 2 chồi ",THAY,hoa baby,,
aloe,23,20,产品规格,"洛凡美皙凡士林温变焕采润唇膏（新）2.7g, 泊泉雅男士舒润保湿护唇膏2.7g, Son dưỡng môi bảo vệ Luofan Beauty Vase",GIU,,,
sneaker,23,19,运动系列,Giày sneaker cổ thấp,GIU,,,
shengpu,23,7,包装规格,"Pu'er Double Cake 714g (Puban Zhangsheng Pupu Chenxiang Tea Knife), Bánh đôi trà",CHUA_CO,,,
bafang,23,2,包装规格,Công ty TNHH Uống nước Bafang Thượng Châu,CHUA_CO,,,
berry,23,20,花型,"1# Trà Sữa Cam (Cam Sai) [Cam Kem], 2# Màu nude đa năng [Thân thiện với da màu v",THEO_CUM,,,
buds,23,2,包装规格,"ES6肥春浓香肥黄金芽2026年新茶浓奶香黄亮浓香耐泡款, FN5 Spring Tail Golden Bud 2026 Trà mới - Hương sữ",CHUA_CO,,,
city,23,15,颜色,"Màu đen, Màu xám, Màu xanh lam, Màu xanh lá, Màu đen acmilan, Paris màu đen, Màu",GIU,,,
beihan,23,1,花型,"Bi Han + Biển Hoa Fangfei [Bộ bốn món nhung sữa có trọng lượng cao], Beihan + Ng",CHUA_CO,,,
royal,23,21,包装规格,"Royal Blue-Trung cấp 5-6, Trung học cơ sở, Đen-trung cấp 5-6, trung học cơ sở, H",GIU,,,
good,23,15,产品规格,"CP190-101 # Good Xingyun, CP190-102 # Yakli, CP190-103 # nhung hồng",GIU,,,
needle,23,12,包装规格,"Dahongpao PVC đóng hộp 25 gói, Tự uống sản phẩm mới đặc biệt (Yanxiang) Dahongpa",THEO_CUM,,,
box,23,14,颜色,"Trình điều khiển gấu màu be hộp Gap, Gap Box Beige Bear Co-Pilot, Gap Box Black ",THEO_CUM,hộp,,
emma,22,18,颜色,"Đơn (đệm tựa chân) Emma Orange, Đơn (đệm tựa chân) màu hổ phách, Đơn (đệm tựa ch",CHUA_CO,,,
cymbidium,22,1,包装规格,"WY6白玉仙奶白茶2026年新茶————雨前特白嫩直高山黄绿色奶香款, Trà xanh trắng hình chim phượng A0, trà mới ",CHUA_CO,,,
ball,22,12,包装规格,"Dahongpao PVC đóng hộp 25 gói, Tự uống sản phẩm mới đặc biệt (Yanxiang) Dahongpa",THEO_CUM,,,
orchid,22,16,颜色,"2943 # Rose [Chất lượng được nâng cấp và tay nghề được tăng cường], 2943#Màu cam",CHUA_CO,,,
xiong,22,13,颜色,DANMOLU Xiong Xiong Pai Team Lip Glaze,CHUA_CO,,,
athens,22,15,颜色,"Túi Dừng Tín Hiệu [Athens Black], Túi Dừng Tín Hiệu [Đỏ Trung Quốc], Túi Dừng Tí",CHUA_CO,,,
cabin,22,11,颜色,"S1 Model thông thường, ghi kép (mặt trước + mặt trong) + không có thẻ nhớ, S1 Mo",GIU,,,
truffle,22,15,产品规格,"Mặt nạ cam huyết Beauty Image/25ml, Mặt nạ dưỡng ẩm axit hyaluronic cà chua 25g,",GIU,,,
jiaozuo,22,22,产地,"Jiaozuo, Hà Nam",CHUA_CO,,,
cake,22,16,包装规格,"M01 # cá khô, M02 # Meo meo, M03 # Mèo tốt, M04 # Goode Cat Ning, M05 # mèo sữa,",THEO_CUM,,,
honda,22,8,规格尺寸,"Audi, Bảo Quân, Honda, BYD, zen tiêu chuẩn, Buick, Trumpchi, Độc giả lớn, Cánh Đ",GIU,,,
source,22,6,产品规格,Mặt nạ làm sáng da Liyi Keyan Skin Source,GIU,,,
bamboo,22,16,颜色,Sản xuất độc lập ★ Cung cấp trực tiếp từ nguồn gốc ★ Kính mời kiểm tra nhà máy ★,CHUA_CO,,,
dudu,22,17,花型,"Thỏ Peter [Loại A dành cho mẹ và bé], Màu tím đầu hè [Loại A, cấp độ an toàn cho",GIU,,,
starlight,22,15,颜色,"4.19 inch độ nét cao ống kính kép màu đen tiêu chuẩn, Ống kính danh sách chung 4",GIU,,,
dr,22,14,产品规格,Mặt nạ dưỡng ẩm làm trắng da và chống tàn nhang Dr. Bomei 377 28ml*5 miếng,GIU,,,
maillard,22,22,花型,"Maillard Brown [Mẫu di động có giới hạn], Pearl Aqua Blue-[Có khóa + lót nhung n",GIU,,,
zeta,22,1,颜色,"Thiết bị Thăng Hoa Zeta + 6 Huy Chương + Thẻ, Thiết bị Thăng Hoa Bóng Tối + Huy ",GIU,,,
ying,21,18,花型,"[Ying Meng Pink] Mặt bóng thời trang, [Canruo Orange] Mặt bóng thời trang, [Dany",GIU,,,
glyxerin,21,21,成分,glyxerin,CHUA_CO,,,
secret,21,12,花型,"Lace-Sea Salt Latte [thân thiện với làn da, thoải mái và siêu mềm], Lưới nhỏ màu",GIU,,,
net,21,9,颜色,"Đơn: 1 # nữ thần đỏ, Đơn: 2 # net cà chua đỏ, Đơn: 3 # Queen Zhenghong, Đơn: 4 #",THEO_CUM,,,
diamond,21,12,颜色,"[Màng phản quang cho thú cưng rỗng] Chống thấm nước, chống nắng và siêu bền, [Na",GIU,,,
alliance,21,6,颜色,"Súng bắn đạn mềm trận đấu hỏa lực 621-104, Súng ném vỏ chương trình không gian 2",CHUA_CO,,,
shoumei,21,11,包装规格,Shoumei,HANVIET,Thọ Mi,,
fortune,21,18,包装规格,"Hoa sen lớn [boxwood + phước lành] màu đỏ, Hoa Sen Lớn [Gỗ Đào + Tài Lộc] Đỏ, Ho",CHUA_CO,,,
lactic,21,5,包装规格,"50 miếng [hộp đầy đủ] bánh hoa hồng hương vị hỗn hợp, Gói 40 miếng [Giá trị lớn]",CHUA_CO,,,
yuqian,21,7,包装规格,"ES6肥春浓香肥黄金芽2026年新茶浓奶香黄亮浓香耐泡款, FN5 Spring Tail Golden Bud 2026 Trà mới - Hương sữ",HANVIET,Vũ Tiền,,
violet,21,19,颜色,Đơn hàng tối thiểu 100 chiếc để tùy chỉnh [Liên hệ bộ phận chăm sóc khách hàng đ,CHUA_CO,,,
high,21,12,包装规格,"Orange Star Shunli [Chân dung gia đình] Chứa keo không dấu vết, Orange Star High",THEO_CUM,,,
kitten,21,10,颜色,"Gấu cổ điển [Vải loại A thân thiện với da và mềm mại], Bản ghi nhớ thú cưng dễ t",GIU,,,
pearl,21,11,容量,"Pearl White-19K [Im lặng + Chất liệu dày], Glacier Blue-19K [Im lặng + Chất liệu",GIU,,,
yuetong,21,1,颜色,"[Yuetong chính hãng] Ace Driver, [Yuetong chính hãng] Tài xế cứu hỏa và cảnh sát",CHUA_CO,,,
yaodu,21,1,包装规格,"Trà hoa hồng lá sen dưa mùa đông Yaodu Bafang 120g (6g * 20), Trà Yaodu Bafang K",CHUA_CO,,,
xl,21,11,颜色,"Phù hợp cho 3 tay vịn - hình tam giác - túi lưới đôi kiểu chữ C - 0.22kg, Phù hợ",CHUA_CO,,,
aa,20,8,颜色,"Đỏ 3 trong 1, Dài Hơn, Chiều dài mở rộng 3 trong 1 màu vàng, Màu xanh 3 trong 1 ",GIU,,,
fire,20,8,颜色,"Shuanghui [hương vị hỗn hợp ngẫu nhiên] 32g * 10 miếng, Shuanghui [Xúc xích chó ",CHUA_CO,,,
vinyl,20,4,尺寸,"Parasol-titan bạc cỡ lớn 140*80cm (chính hãng và chính hãng), Parasol-titan bạc ",CHUA_CO,,,
tie,20,20,生产厂家,"9003 Đệm hơi màu đen thời trang có thanh buộc không logo, 9003 Galaxy Grey Không",THEO_CUM,,,
luo,20,18,包装规格,"Miếng dán nén lạnh làm mát thuốc an thần y tế thương hiệu cơ khí loại I, Lựa chọ",THEO_CUM,,,
blogger,20,1,花型,"Sọc xám ánh trăng [Blogger giới thiệu], Bột phấn mịn - Vàng [Blogger giới thiệu]",GIU,,,
tree,20,14,产品规格,Mặt nạ trị mụn Bei Lingmei Tea Tree 25ml*5 miếng (hộp),THEO_CUM,,,
tambourine,20,3,颜色,"Bàn phím điện tử 37 phím để chơi nhạc, màu sắc phân bố ngẫu nhiên (hộp quà tặng ",THAY,trống lắc tay,,
banzhang,20,14,包装规格,"(Giám đốc khuyên dùng) Trà Ô Long Da Hong Pao cao cấp [32g], Dahongpao-8g (có mộ",HANVIET,Ban Chương,,
fun,20,14,颜色,"Ngôi sao Tài lộc [Single Shell], Fuqi Cailu [vỏ đơn], Người Yêu Màu Hồng [Vỏ Đơn",CHUA_CO,,,
gashapon,20,5,颜色,"6 mẫu quả cầu pha lê Ước nguyện hoa sao (đóng gói hộp màu riêng), k520 Quả cầu p",CHUA_CO,,,
rhyme,20,16,包装规格,"Túi đựng khăn giấy [Mocha Brown] không nhãn*1, Túi đựng khăn giấy [Đen cao cấp] ",CHUA_CO,,,
cookie,20,8,颜色,"Người Sao [Loại A, cấp độ mẹ và bé, an toàn khi ngủ không mặc đồ], Gấu Chữ Cái [",CHUA_CO,,,
kiwi,20,17,产品规格,"Mặt nạ chanh 25ml/miếng [Chỉ bán hàng xuất khẩu ngoại thương, cấm bán hàng trong",CHUA_CO,,,
wu,20,14,包装规格,"nhồi máu cơ tim, màu đen, Wu LAN, mạng khu vực hiện trường, người Hui, người She",GIU,,,
fruit,20,15,颜色,"Cheese Yellow # Đầy đủ tính năng [Cổng sạc giá đỡ cốc], Bột đào # đầy đủ tính nă",GIU,,,
lotus,20,10,颜色,"Túi đựng khăn giấy [Mocha Brown] không nhãn*1, Túi đựng khăn giấy [Đen cao cấp] ",CHUA_CO,,,
gentleman,20,19,花型,"Màu xám đôi phối hợp [tựa đầu + tựa lưng] WWW, Màu be phối hợp [tựa đầu + tựa lư",CHUA_CO,,,
gaoshan,20,10,包装规格,"Trà lưỡi Gaoshan [một catty], Trà hương thơm nồng [một catty], Trà hương thơm nồ",THAY,núi cao,,
village,20,20,产品厂家厂址,"Hồ Nam Yihe Village Food Co., Ltd.",CHUA_CO,,,
jian,19,16,花型,"01 # Giấc mơ đen tối, 02 # Gỗ mun đêm tối, 03 # Tao Jian Qingxin, 04 # Cuộn tran",CHUA_CO,,,
shit,19,5,包装规格,"Trà hoa nhài hương thơm nụ trắng hộp quà bong bóng nhỏ số 66, Hộp Quà Trà Túy Qu",THEO_CUM,,,
milan,19,19,颜色,"Lanhuang Xiaoge, Mi Xiaoge, lưới màu xanh nhạt, lưới xanh1, lưới nghệ, Lưới kem ",GIU,,,
fei,19,12,产品规格,Mặt nạ bông Nước Collagen Oshu Fei Haisheng,THEO_CUM,,,
kate,19,7,花型,"Gấu cổ điển [Vải loại A thân thiện với da và mềm mại], Bản ghi nhớ thú cưng dễ t",CHUA_CO,,,
coca,19,6,颜色,"Hộp đơn thời trang [trắng hạt] tích hợp đơn giản, Hộp đơn thời trang [xanh da tr",CHUA_CO,,,
nubuck,19,19,皮质特征,Da nubuck,GIU,,,
wang,19,16,花型,Trục môi COASTBABY Yun Ni Zhi Wang,THEO_CUM,,,
volcano,19,8,颜色,"Đen quý phái 【Tựa đầu】, Màu nâu hạt dẻ [tựa đầu], Núi lửa đỏ 【Tựa đầu】, Màu nâu ",THEO_CUM,núi lửa,,
nuomi,19,4,颜色,"Gạo Nếp-Vỏ Tím [Love Bobo], Gạo nếp vỏ vàng nhạt [sóng tình yêu], Nuomi Shell-Ro",CHUA_CO,,,
cleanser,19,14,产品规格,C Coffee Amino Acid White Clay Clear Cleansing Double Tube Cleanser (Phiên bản n,THEO_CUM,sữa rửa mặt,,
wangzai,19,6,包装规格,"Thỏ đồng quê [Dày dặn, vải chải lông mềm mại, thân thiện với da, không dễ xù lôn",CHUA_CO,,,
hamburger,19,11,颜色,"Hương vị hỗn hợp 20 gói (2-4 hương vị), Tôm tươi thái lát 5g * 20 gói, Vòng hành",GIU,,,
cinnamon,19,10,包装规格,"500 Đầu Trà Đại Hồng Bào Số 8 [Thành phần trà], 500g trà Đại Hồng Bào số 11 hươn",THAY,Nhục Quế,,
bubu,19,12,花型,"Quả bóng lông sinh nhật [nhung ấm áp hai mặt, thân thiện với làn da và tinh tế],",CHUA_CO,,,
tianshan,19,7,颜色,"Mặt Nạ Tinh Dầu Hoa Hồng Tái Tạo Da - Dạng Tấm 25ml, KISSMWAH Kirin Mushroom Sil",GIU,,,
iii,19,10,产品规格,"Miếng dán nén lạnh làm mát thuốc an thần y tế thương hiệu cơ khí loại I, Lựa chọ",GIU,,,
meili,18,2,产品规格,"Mặt nạ nho Meili Fanhai 5 miếng/hộp có mã chống hàng giả chính thức, Mặt nạ máu ",CHUA_CO,,,
fat,18,8,包装规格,"ES6肥春浓香肥黄金芽2026年新茶浓奶香黄亮浓香耐泡款, FN5 Spring Tail Golden Bud 2026 Trà mới - Hương sữ",THEO_CUM,,,
ramen,18,6,包装规格,"khác2, Nhiều giòn, Bắp giòn, Viên thịt ramen, Bạch tuộc",GIU,,,
esports,18,18,功能,"Tuổi thọ pin siêu dài, Chức năng gọi, Điều khiển bằng giọng nói, Hỗ trợ âm nhạc,",CHUA_CO,,,
zi,18,12,颜色,"Xingyao Black (gương cao cấp), Glacier Blue (gương cao cấp), Bột sa mạc (gương c",CHUA_CO,,,
county,18,18,产品厂家厂名,"Dingyuan County Xinnutang Food Co., Ltd.",CHUA_CO,,,
mink,18,2,花型,"Màu tinh khiết hình thang-** màu đen cổ điển [nhỏ], Màu tinh khiết hình thang-**",CHUA_CO,,,
kangaroo,18,1,颜色,"màu đen, màu đỏ tía, màu xanh đậm, màu vàng, Màu tím, Màu đồng, Màu trắng be, Mà",GIU,,,
mcqueen,18,16,形象,"McQueen lè lưỡi [có âm thanh, ánh sáng và hiệu ứng kéo lùi], McQueen Cười [Có lự",GIU,,,
base,18,3,包装规格,"WY6白玉仙奶白茶2026年新茶————雨前特白嫩直高山黄绿色奶香款, Trà xanh trắng hình chim phượng A0, trà mới ",THEO_CUM,,,
pixiu,18,2,颜色,Mặt Dây chuyền hoa sen ngọc bích Pixiu,THAY,tỳ hưu,,
gsm,18,4,花型,"Bi Han + Biển Hoa Fangfei [Bộ bốn món nhung sữa có trọng lượng cao], Beihan + Ng",CHUA_CO,,,
paradise,18,16,颜色,"Nữ thần ánh trăng [Chất lượng loại A], Pink Beauty [Chất lượng loại A], Dung hoa",CHUA_CO,,,
rain,18,7,包装规格,"2026 Mingqian (10# Snow Bud Maojian) - Số lượng lớn 500g, 2026 Mingqian (2# Xuey",GIU,,,
plus,18,14,颜色,"(Chiều dài cộng với) Gấu [Đơn], (Chiều dài) Ari [Đơn], (Chiều dài cộng) Mèo xám ",GIU,,,
xinghuo,18,18,生产厂家,"Hồ Nam Xinghuo Tea Co., Ltd.",CHUA_CO,,,
iris,18,12,颜色,Màu đen đậm [Dây kéo chống cháy nổ PC chắc chắn và có khả năng chịu lực cao] LH1,CHUA_CO,,,
kafu,18,3,花型,"Kauf-Bentley màu xanh, Kauf-Xám cao cấp, Kaufu-xanh biển + tro núi, Kaufu-xanh x",CHUA_CO,,,
cassia,18,13,包装规格,"60g chanh dây, 30g quất xanh, Cà tím hoa hồng 35g, Trà lá dâu tằm 120g, 60g vỏ q",THAY,thảo quyết minh,,
mochi,18,9,包装规格,"Taro Tím--Phong Cách Mochi, Bột sa mạc--phong cách Nuo Sha, Màu trắng thanh lịch",GIU,,,
magie,18,5,颜色,"Vali hợp kim nhôm magie toàn bộ màu bạc, Vali hợp kim nhôm-magiê màu đen, Vali h",GIU,,,
dogwood,18,13,颜色,"Ngũ cốc trắng [chất lượng được lựa chọn cẩn thận với các ngăn], Bột Corn [Chất l",CHUA_CO,,,
velvet,18,13,花型,Son kem lì WODWOD Velvet Mist,GIU,,,
puer,18,6,包装规格,"Trộn ngẫu nhiên 500g, khoảng 90 miếng, Trà trắng Osmanthus 500g, khoảng 90 miếng",GIU,,,
zip,18,15,颜色,Trà xanh cuộn đáy 500g giá đặc biệt số 8.5 [loại trà uống/loại thương mại điện t,CHUA_CO,,,
materia,17,4,颜色,"[Môi bóng đào Fantasy] J811 Quả nhân sâm, 【Son Gương Hoa Đào】L01 Đồng Cỏ, [Son m",CHUA_CO,,,
manta,17,17,花型,"Benny Dog [mô hình bà mẹ và trẻ sơ sinh được nâng cấp 7A], KT Meow [mẫu mẹ và bé",CHUA_CO,,,
shop,17,8,颜色,"Gấu cổ điển [Vải loại A thân thiện với da và mềm mại], Bản ghi nhớ thú cưng dễ t",GIU,,,
shuangpin,17,4,花型,"Shuangpin-trắng xanh đen, Shuangpin-Haze ash, Shuangpin-Disha, Màu trơn-xám cao ",CHUA_CO,,,
enzyme,17,14,产品规格,Thuốc chế biến enzyme,GIU,,,
zhongshan,17,5,包装规格,"Trà hoa nhài hương thơm nụ trắng hộp quà bong bóng nhỏ số 66, Hộp Quà Trà Túy Qu",CHUA_CO,,,
chenille,17,6,颜色,Chenille,CHUA_CO,,,
removal,17,5,产品规格,"Zhiduo Fuyan Whitening and Removal Mask (Tianzi Model)-Gói 25ml, Zhiduo Fuyan Wh",GIU,,,
jiumei,17,11,产品名称,Mặt nạ kháng thể kép Astaxanthin Jiumei Tang,CHUA_CO,,,
pei,17,2,产品规格,"Mặt nạ tinh chất tươi mát dưỡng ẩm lô hội Gong Pei, Mặt nạ dạng tấm 25ml (Chỉ dà",GIU,,,
fuljia,17,4,产品规格,Mặt nạ trị mụn Fuljia 2.0 5 miếng 1 hộp có mã chống hàng giả chính hãng,GIU,,,
sentinel,17,5,颜色分类,"Phiên bản cao cấp nhất (Radar Sentinel) Thẻ nhớ 32G, Phiên bản độc quyền (Radar ",CHUA_CO,,,
flyknit,17,11,颜色,Lưới Flyknit,THAY,dệt kim,,
zhengcai,17,5,产品规格,"Nước tẩy keo Zhengcai 300ml * 1 chai (dạng dùng thử), Nước tẩy keo Che Yijie 450",GIU,,,
blues,17,15,花型,"Nhật ký của Jenny, Họa tiết kẻ caro cổ điển, Muối biển cacao, Mousse Blues, Sô c",CHUA_CO,,,
american,17,7,产品规格,"Mặt nạ Ice American (30 miếng * túi), Mặt nạ trà đỏ (30 cái * túi)",XEM_TAY,,,
wei,17,9,容量,thương hiệu Wei,GIU,,,
xingyu,17,12,颜色,"Hút nam châm họa tiết da flannel [Xanh Yuanfeng], Hút nam châm họa tiết da flann",CHUA_CO,,,
strawberry,17,14,颜色,"OEM/ODM độc quyền tùy chỉnh, 02 # Bột đậu đường, 03 # Trà ô long đỏ, 04 # Kem sữ",THEO_CUM,dâu tây,,
yunqi,17,3,颜色,"Yunqi - Xanh & Trắng, Mousse Yunqi-Mocha, Bột đào trà trắng Yunqi, Cà phê sữa Yu",CHUA_CO,,,
repair,17,11,产品规格,"BEOTUA Peach Smooth Repair Son dưỡng môi 4g, Son dưỡng môi và son dưỡng môi đàn ",THEO_CUM,phục hồi,,
lotion,17,12,产品规格,"POuQuR Boquan Yun Water Collagen Lotion Mask (Trắng và mờ) [3 miếng/hộp], Mặt nạ",GIU,,,
twill,17,17,织造工艺,"thêu, Twill",THAY,vân chéo,,
lemon,17,17,花型,"Mặt nạ tinh chất tươi mát dưỡng ẩm lô hội Gong Pei, Mặt nạ dạng tấm 25ml (Chỉ dà",GIU,,,
huacheng,17,17,生产厂家,Nhà máy trà Phúc Kiến Wuyishan Huacheng (thuộc sở hữu độc quyền),CHUA_CO,,,
naked,17,8,花型,"Mẫu phân phối] Satin Lip Cream S01 (1.9ml), Mẫu phân phối] Satin Lip Cream S02 (",CHUA_CO,,,
oulun,17,6,颜色,"Oulun Chim Gõ Kiến - Trắng [Hàng chính hãng, chất lượng cao], Oulun Chim Gõ Kiến",GIU,,,
haze,17,17,颜色,"Burgundy [mẫu dày hợp kim + bảo hành], Màu trắng ngà [mẫu dày hợp kim + bảo hành",CHUA_CO,,,
custard,17,14,花型,"Chọn model và ghi chú số màu để đặt hàng [Tùy chọn ghi chú], 28#Hồng cát + đóng ",CHUA_CO,,,
medica,17,4,颜色,"[Môi bóng đào Fantasy] J811 Quả nhân sâm, 【Son Gương Hoa Đào】L01 Đồng Cỏ, [Son m",CHUA_CO,,,
yanran,17,5,容量,"Bi Han + Biển Hoa Fangfei [Bộ bốn món nhung sữa có trọng lượng cao], Beihan + Ng",CHUA_CO,,,
revitalizing,17,12,产品规格,Mặt nạ khô đông lạnh Benji Revitalizing Polypeptide Protein,CHUA_CO,,,
guitar,17,9,颜色,"Cặp đôi hôn đáy chống nắng, Cặp đôi hôn bóng bay chống nắng, Kem chống nắng cặp ",GIU,,,
chamomile,17,14,产品规格,"Hoa hồng VC dưỡng ẩm #10 viên (túi), Chamomile Vitamin Shurun #10 viên (túi)",THAY,cúc La Mã,,
fanxing,17,16,花型,"Mountain Ash-DM [Loại bông sợi dài dành cho bà mẹ và trẻ sơ sinh], Fanxing Blue-",CHUA_CO,,,
soda,17,13,花型,"Ngọc trai ca cao, Bánh phồng matcha, Bánh phồng chanh, Kem bông, Đỏ hải đường, M",GIU,,,
lincang,17,16,茶区,Khu trà Lincang,HANVIET,Lâm Thương,,
small,17,14,包装规格,"[Mini Small Black] Vải Oxford, [Mini Kèn] Vải Oxford màu đen có gương, [Mini Sma",THEO_CUM,nhỏ,,
martin,17,15,产品类别,Giày bốt Martin,GIU,,,
knight,17,13,颜色,"Trắng ngà [chống xước, dày 50%, khóa kéo], Glacier Blue [Loại khóa kéo dày 50% c",CHUA_CO,,,
yin,17,14,颜色,"[Little Oriental] Oriental Gardenia, 【Little Dongfang 】 Trà Lin Yin Zen, 【Phương",THEO_CUM,,,
ganoderma,16,8,包装规格,"Zhiduo Blue Copper Peptide Moisturizing Anti-Wrinkle Mask-Miếng 25ml, Mặt Nạ Dưỡ",THEO_CUM,linh chi,,
peony,16,7,包装规格,"Mặt nạ nho Meili Fanhai 5 miếng/hộp có mã chống hàng giả chính thức, Mặt nạ máu ",THEO_CUM,mẫu đơn,,
xiaoqing,16,4,颜色,"Bột cây chó đẻ [Xiaoqing mới], Ngũ cốc trắng [Xiaoqing mới], Màu xanh bạc hà [Xi",HANVIET,Tiểu Thanh,,
mufu,16,1,包装规格,"Hai thùng lớn gồm 2800 gói, 1 gói [Badan Mufu, Hạt điều, Dừa lát], 15 gói [Badan",CHUA_CO,,,
zhi,16,15,产品名称,Trục môi COASTBABY Yun Ni Zhi Wang,GIU,,,
shangduo,16,11,产品规格,Mặt nạ vàng chống nhăn Shangduo Retinol Snake Venom Peptide,GIU,,,
warrior,16,9,颜色,"Chiến binh đen hoa đào, Kỵ sĩ đen rừng trắng tinh khiết, Ánh Gió Đại Dương Hiệp ",GIU,,,
fujian,16,16,产品厂家厂址,"Thức ăn thú vị (Fujian) Food Co., Ltd.",HANVIET,Phúc Kiến,,
wild,16,15,花型,"Tình yêu đầu tiên Gardenia [1 chai], Hoa nhài tươi [1 chai], Quê hương Osmanthus",GIU,,,
longteng,16,16,包装规格,"Hongrui Li 1020g (8 túi, 3 loại hạt), Tianxi Ruixiang 1285g (7 túi 3 hạt lớn), P",GIU,,,
tok,16,16,主要下游平台,"Tmall, Ghép nhiều, Tik Tok",GIU,,,
silky,16,8,花型,MYG Silky Fog Air Glaze K502,GIU,,,
qing,16,16,包装规格,"3.97inch Pu Qing (ghi âm đơn), 3.97inch Ghi âm thông thường (ghi âm kép), Màn hì",CHUA_CO,,,
noble,16,3,颜色,"Ocher Brown [Tựa đầu] Lông cừu sinh học DuPont hai lớp, Noble Black [Tựa đầu] Lô",THEO_CUM,,,
qilan,16,14,包装规格,"Dahongpao PVC đóng hộp 25 gói, Tự uống sản phẩm mới đặc biệt (Yanxiang) Dahongpa",HANVIET,Kỳ Lan,,
wudong,16,8,包装规格,"Trà hoa nhài hương thơm nụ trắng hộp quà bong bóng nhỏ số 66, Hộp Quà Trà Túy Qu",HANVIET,Ô Đông,,
offline,16,5,产品规格,"Miếng dán nén lạnh làm mát thuốc an thần y tế thương hiệu cơ khí loại I, Lựa chọ",GIU,,,
goji,16,14,包装规格,"Trà Tieguanyin 100g, Trà xanh Long Tỉnh 80g, Biluochun 100g, Xinyang Maojian 100",THEO_CUM,kỷ tử,,
kiss,16,7,包装规格,"Túi đựng đồ hình gấu Tulip loại F [không bao gồm xô chống thấm nước], Túi đựng đ",GIU,,,
xiao,16,8,包装规格,"Mặt dây chuyền ngọc bích xanh bùng nổ [Ra vào an toàn], Mặt dây chuyền ngọc bích",THEO_CUM,,,
badan,16,1,包装规格,"Hai thùng lớn gồm 2800 gói, 1 gói [Badan Mufu, Hạt điều, Dừa lát], 15 gói [Badan",CHUA_CO,,,
lisu,16,2,产品规格,"Lisu Blue Guard 60 viên*1 hộp, Lisuyike 60 miếng * 1 hộp, Lisu Fubing 60 miếng *",GIU,,,
tik,16,16,主要下游平台,"Tmall, Ghép nhiều, Tik Tok",GIU,,,
xinyu,16,16,产地,"Thiên Tân Xinyu Food Co., Ltd.",CHUA_CO,,,
titanium,16,13,颜色,"Vinyl - Bên tài xế, Hành khách vinyl, Hàng ghế sau bằng nhựa vinyl, Vinyl - Lái ",CHUA_CO,,,
heart,16,12,花型,"Phiên bản chuẩn air4, Phiên bản giảm tiếng ồn chủ động air4, Bản phối hàng đầu, ",CHUA_CO,,,
haoyue,16,12,颜色,"Hộp đơn thời trang [Ngũ cốc trắng] Tích hợp đơn giản, Hộp đơn thời trang [Sky Bl",CHUA_CO,,,
lilac,16,14,颜色,"115 # Màu hồng nhạt nhẹ nhàng Hồng dần dần, 120#Tính khí cam nhạt Cam dần dần, 1",CHUA_CO,,,
polygonatum,16,13,包装规格,"Polygonatum odoratum, Ophiopogon japonicus và nước lê (6g x 20 túi)",THEO_CUM,hoàng tinh,,
ceramide,16,13,产品规格,"Mặt nạ cam huyết Beauty Image/25ml, Mặt nạ dưỡng ẩm axit hyaluronic cà chua 25g,",GIU,,,
dongfanghong,16,5,包装规格,"Trà hoa nhài hương thơm nụ trắng hộp quà bong bóng nhỏ số 66, Hộp Quà Trà Túy Qu",CHUA_CO,,,
class,16,6,花型,"Loại nhà máy bán buôn hàng tháng hàng triệu miếng dán nén nóng (5 miếng/hộp), Ưu",THEO_CUM,,,
niche,16,15,风格,Túi niche Hàn Quốc,THAY,độc lạ,,
yizhichun,15,9,产品规格,"Mặt nạ trị mụn đầu đen Fanzhen (Mới) 60g, Mặt Nạ Than Tre Boquanya Hút Mụn Đầu Đ",GIU,,,
dendrobium,15,11,包装规格,"Mặt nạ dưỡng ẩm và dưỡng ẩm axit hyaluronic [Mặt nạ xanh], Mặt nạ dưỡng ẩm làm đ",CHUA_CO,,,
summer,15,5,颜色,"Tím lưu ly, Nâu hạt dẻ, Xám hoang dã, Thiếu nữ Berlin, Xanh Bắc cực, màu xanh bạ",GIU,,,
mulberry,15,8,包装规格,"Trà Nhân Sâm Năm Quý [5g x 30 túi]/túi, Trà Nhân Sâm Liubao [5g x 30 túi]/túi, T",CHUA_CO,,,
kelly,15,15,箱包潮流款式,Túi Kelly,GIU,,,
kitchen,15,4,颜色,"Bộ tài khoản vui nhộn (ngẫu nhiên) CY-97, Chú Gấu Dễ Thương Thợ Thủ Công Nhỏ 811",CHUA_CO,,,
baihao,15,9,包装规格,"Dahongpao PVC đóng hộp 25 gói, Tự uống sản phẩm mới đặc biệt (Yanxiang) Dahongpa",HANVIET,Bạch Hào,,
toyota,15,7,规格尺寸,"Một miếng cản trước [vui lòng để lại tin nhắn khi đặt hàng các mẫu khác], Một mả",GIU,,,
lanxiang,15,11,包装规格,"Dahongpao PVC đóng hộp 25 gói, Tự uống sản phẩm mới đặc biệt (Yanxiang) Dahongpa",HANVIET,Lan Hương,,
yumeng,15,2,包装规格,"Manson - Xanh da trời + Trắng sữa, Manson - Hải Thanh + Bột Hương Diệp, Manson -",GIU,,,
cangling,15,14,颜色,"màu đen1, màu tím đậm, bạc, Đỉnh cao xanh lam., vàng1, màu hồng1, Cangling xanh,",CHUA_CO,,,
medium,15,9,颜色,"A7纯芽翠芽绣花针2026年新茶——明前纯单芽高山20孔特细绿短绣花针芯子, B2小龙芽2026年新茶——圆竹高山特绿肥小纯芽芯, YZ4 khẩu phần ",CHUA_CO,,,
emperor,15,8,花型,"[Có thể tùy chỉnh] Mặt nạ Collagen phục hồi da Ice Skin Extract (5 cái/hộp), [Có",GIU,,,
xiaoqinggan,15,9,包装规格,"Dahongpao PVC đóng hộp 25 gói, Tự uống sản phẩm mới đặc biệt (Yanxiang) Dahongpa",HANVIET,Tiểu Thanh Cam,,
eu,15,3,规格,"Có, chúng tôi có đủ trình độ chuyên môn và có các chứng nhận quốc tế như EU CE, ",GIU,,,
smart,15,7,颜色,Đầu bàn chải 3D Flexible Fit + Bàn chải rửa xe tay cầm cong [Cực dày & cực chắc ,GIU,,,
guo,15,13,包装规格,"[Mẫu nâng cấp] Trà thơm đôi nhân sâm Cistanche deserticola Eucommiaxiong 15g, [M",THEO_CUM,,,
six,15,8,产品规格,Bộ sơn môi gương mật ong mềm mại hình con bướm Sensory Party Six Pack,GIU,,,
yuan,15,14,包装规格,"BYD GM 01-8228, BYD GM 02-8238, Nhân dân tệ BYD/Dành riêng cho cá heo-1017, BYD ",GIU,,,
qihong,15,3,包装规格,"2026 New Tea A10: Bán chạy nhất dành riêng cho thương mại điện tử, Trà Mao Feng ",HANVIET,Kỳ Hồng,,
hipster,15,15,风格类型,Hipster đường phố,CHUA_CO,,,
xiongbao,15,3,颜色,"Monica [Bông chải kỹ, ngủ khỏa thân], Xiancao 【Bông chải kỹ, ngủ khỏa thân], You",CHUA_CO,,,
frost,15,12,颜色,"8733 Yao Ye Black [Không nhãn], 8733 Frost Moon White [Không nhãn], 8731 Yao Yeh",CHUA_CO,,,
tiger,15,7,包装规格,"Mặt nạ dưỡng ẩm cho trẻ em Aoduo Peach (Little Rabbit) 20ml * 5 miếng, Mặt nạ dư",GIU,,,
dubai,15,2,包装规格,"Hộp sô cô la hương dừa xanh Dubai, Hai hộp sô cô la Dubai vị hạt dẻ, Ba hộp sô c",GIU,,,
gugentang,15,15,生产厂家,Nhà máy Trà Gugentang,CHUA_CO,,,
grass,15,10,颜色,"Bột đào [Cổng sạc giá đỡ cốc nâng cấp], Angel White [Cổng sạc giá đỡ cốc nâng cấ",THEO_CUM,,,
katie,15,14,花型,Phô mai và phô mai [loại A bà mẹ và trẻ sơ sinh/thân thiện với làn da và mềm mại,CHUA_CO,,,
mimi,15,9,包装规格,"Bánh mì giòn tôm Mimi 10g*20 gói, Hạt hương vị cua Mimi 10g*20 gói",GIU,,,
fengwu,15,8,包装规格,"Sơn Chuẩn Phong Vũ Đại Hồng Bào 250g, Shanchuan Fengwu Kim Junmei 500g, Shanchua",CHUA_CO,,,
tiao,15,9,净重（规格）,"Shi Tiao Microcrystalline Collagen Nasolabial Folds (5 cặp/hộp), Miếng dán chăm ",GIU,,,
applexr,15,15,适用型号,"táo 17, Apple 17pro, Apple 17promax, táo không khí, Táo 16, Apple 16plus, Apple ",CHUA_CO,,,
chameleon,15,2,颜色,Hộp thương mại điện tử - Slinging Barrett lớn (81cm) Màu xám - 10 viên đạn mềm +,CHUA_CO,,,
toffee,15,5,花型,"01 # Toffee khỏa thân, 02 # Mơ nhiệt độ thấp, 03 # Không đường bột, 04 # quế cà ",CHUA_CO,,,
mercedes-benz,15,9,颜色,"Túi đựng khăn giấy [Mocha Brown] không nhãn*1, Túi đựng khăn giấy [Đen cao cấp] ",GIU,,,
romper,15,11,颜色,"Áo phông ve áo cotton romper màu trắng, Áo phông ve áo cotton romper màu xanh đậ",THAY,bộ liền thân,,
color,15,9,颜色,"Màn hình không dây RV + Camera đủ màu Starlight để đảo ngược1, Màn hình không dâ",GIU,,,
rizhao,15,2,包装规格,"XH8细绿显毫碧螺春2026年新茶——特细绿显毫浓香高回甘耐泡款, W1 Rizhao Yunwu Xiangzhengmei Trà Xanh 2026 Tr",HANVIET,Nhật Chiếu,,
polyamit,15,15,材质成分,"Vải thun: 5%, Sợi polyamit (nylon): 95%",CHUA_CO,,,
yinghong,15,4,包装规格,"Trà hoa nhài hương thơm nụ trắng hộp quà bong bóng nhỏ số 66, Hộp Quà Trà Túy Qu",HANVIET,Anh Hồng,,
wubao,15,4,包装规格,"Túi trà Wubao 5g 20 túi (chỉ đặt hàng ngoại thương xuyên biên giới, không giao h",CHUA_CO,,,
ultimate,15,10,颜色,"H18 Phiên Bản Ultimate Đen, H18 Phiên Bản Ultimate Trắng, Da phiên bản hàng đầu ",GIU,,,
nike,15,4,颜色,Nike,GIU,,,
jacques,15,1,花型,"Jacques - Phấn phủ mặt ngọc bích / Xám thanh lịch, Jacques - Phấn Ngọc Bích Rạng",CHUA_CO,,,
lucky,15,14,花型,"Mặt dây chuyền ngọc bích xanh bùng nổ [Ra vào an toàn], Mặt dây chuyền ngọc bích",GIU,,,
twilight,15,4,颜色,"Phiên bản dịch M79 Twilight Purple Belt AI (100 lô tối hạn), M79 New Face Skin B",GIU,,,
sunset,15,9,颜色,895 Sunset Skin [Thiết kế tay cầm cải tiến | Vừa vặn thoải mái trong tai] Phiên ,CHUA_CO,,,
adventure,14,6,颜色,"Oreo Kitten [Loại A dành cho bà mẹ và trẻ sơ sinh/thân thiện với làn da, mềm mại",CHUA_CO,,,
elite,14,10,颜色,"Vải đen Oxford màng da 900D (phiên bản cổ điển-có thể mở rộng), Mint Green Class",GIU,,,
xiaoya,14,6,包装规格,"ES6肥春浓香肥黄金芽2026年新茶浓奶香黄亮浓香耐泡款, FN5 Spring Tail Golden Bud 2026 Trà mới - Hương sữ",CHUA_CO,,,
azure,14,13,颜色,"Tình yêu đầu tiên Gardenia [1 chai], Hoa nhài tươi [1 chai], Quê hương Osmanthus",CHUA_CO,,,
labubu,14,4,颜色,"gấu vàng, chú thỏ hồng, con ngựa màu hồng, Labubu màu vàng, chú chó trắng, phi h",GIU,,,
flagship,14,6,颜色,"6634典雅黑-旗舰版, 6634 Elite Grey-Ultimate Edition, 6634 Xanh Rừng - Phiên Bản Flagsh",THEO_CUM,chính hãng,,
elephant,14,10,颜色,"Benny Dog [mô hình bà mẹ và trẻ sơ sinh được nâng cấp 7A], KT Meow [mẫu mẹ và bé",GIU,,,
fan,14,10,产品规格,"Sữa rửa mặt Chuman Salicylic Acid 750g, Sữa rửa mặt cho nam Ocean ism 300g, Sữa ",THEO_CUM,,,
blossom,14,10,颜色,"Bột đào [Cổng sạc giá đỡ cốc nâng cấp], Angel White [Cổng sạc giá đỡ cốc nâng cấ",CHUA_CO,,,
angora,14,8,花型,"Màu xám đậm, Màu be, Màu cam, Màu xanh ngọc, Màu tím nhạt, Màu tím đậm, màu xanh",CHUA_CO,,,
gulong,14,13,颜色,"Gardenia 【Giảm 99% 】, Trầm hương mun [tông gỗ êm dịu], Gulong [Nước hoa nam], Lê",CHUA_CO,,,
cucumber,14,12,产品规格,"Mặt Nạ Dưỡng Ẩm Boquanya Cucumber Centella Asiatica (Mới) 25g, Mặt nạ dưỡng ẩm b",THAY,dưa leo,,
graphene,14,5,颜色,"CY226 Ghế Đơn - Đen [Sưởi Ấm Bằng Dây ☆ 12/24V Phổ Thông] Phiên Bản Vải Sợi, CY2",GIU,,,
mommy,14,4,净重（规格）,Túi xách Mommy phong cách Hàn Quốc,GIU,,,
bisutang,14,11,产品名称,Phiên bản nâng cấp của Bisutang Amino Camellia Cleansing Mousse,GIU,,,
health,14,14,生产厂家,"Triều Châu Yimeitang Health Technology Co., Ltd.",CHUA_CO,,,
zhen,14,11,产品名称,Kem mặt nạ tẩy mụn đầu đen Van Zhen,CHUA_CO,,,
cacbon,14,14,材质,Thép cacbon,GIU,,,
quanzhou,14,14,产地,"Quanzhou, Phúc Kiến",HANVIET,Tuyền Châu,,
alice,14,14,花型,"Bé ngoan ngoãn, Thỏ nhảy múa, Chú chó chữa lành, Dấu chân trên gạch, Gấu bông đá",CHUA_CO,,,
shan,14,11,包装规格,[Chỉ bán hàng ngoại thương] Mặt nạ chiết xuất tươi dưỡng ẩm lô hội Gongpei (ngoạ,THAY,Sam's,,
house,14,8,颜色,"Raspberry tím-kiểu nắp lật, Mô hình vỏ lật mặt trăng xám, Mẫu vỏ sò màu đen Melb",GIU,,,
longjuan,14,13,产品厂家厂址,"Số 143-1, Đường Fuchang Village, Thị trấn Longjuan, Huyện Anxi, Thành phố Tuyền ",CHUA_CO,,,
shanchuan,14,7,包装规格,"Sơn Chuẩn Phong Vũ Đại Hồng Bào 250g, Shanchuan Fengwu Kim Junmei 500g, Shanchua",CHUA_CO,,,
pekoe,14,8,包装规格,"Trà hoa nhài hương thơm nụ trắng hộp quà bong bóng nhỏ số 66, Hộp Quà Trà Túy Qu",THEO_CUM,Bạch Hào,,
boquanyun,14,5,产品规格,"Mặt nạ Collagen Seaweed Ice Skin (30ml * 5 miếng trong suốt), Mặt nạ collagen ro",CHUA_CO,,,
jumpsuit,14,5,颜色,"Jumpsuit ngắn tay mùa hè mát mẻ [Happy Paradise], Áo liền quần ngắn tay mùa hè m",THAY,bộ liền thân,,
monkey,14,3,包装规格,"2026 trà mới thương mại điện tử đầu vải đóng hộp 250g, 2026 trà mới số lượng túi",GIU,,,
belle,14,13,产品规格,"Mặt nạ ánh sáng nước tinh chất axit hyaluronic Bibaiya [5 miếng] mẫu thoát nước,",CHUA_CO,,,
qinrun,14,11,产品规格,Son môi NOVO Qinrun Warm Changing Essence,GIU,,,
sydney,14,11,包装规格,"Trà Ô Long Đào [Con dấu 8 mặt 20 túi], Trà Nữ Thần Liubao [Con dấu tám mặt 20 gó",THAY,lê tuyết,,
head,14,8,包装规格,"M01 # cá khô, M02 # Meo meo, M03 # Mèo tốt, M04 # Goode Cat Ning, M05 # mèo sữa,",GIU,,,
want,14,3,颜色,"喜糖试吃全店随便选, Kẹo cứng hương đào trắng Hongyuan 500g, khoảng 120 miếng, Kẹo sữa Wan",GIU,,,
jinfeng,14,3,净重（规格）,"[Hai mươi món ăn nhẹ tuổi thơ] 30 gói, [Hai mươi món ăn nhẹ tuổi thơ] 60 gói, [H",GIU,,,
bee,14,12,颜色,"8808 túi đơn trở lại, 8808 túi đơn đầu to, 8808 Muyu lật sách gói đơn, 8808 túi ",CHUA_CO,,,
cover,14,2,包装规格,"3inch Tiểu Đệ Nhất Đỏ [2 Hành Động], 3inch Tiểu Thanh Gia Phong Cách Xanh [2 Hàn",CHUA_CO,,,
cassette,14,4,颜色,"Thẻ phiên bản dây đeo cố định 128MB, Thẻ phiên bản băng cassette 256MB, Thẻ phiê",CHUA_CO,,,
mengding,14,2,包装规格,Hoa nhài tươi và nụ Mengding Mountain,HANVIET,Mông Đỉnh,,
ukiyo-e,14,14,风格,"cặp đôi, cổ tích, thời trang, cá tính, sang trọng, con gái, người Anh, mát mẻ, S",CHUA_CO,,,
byd,14,5,颜色分类,"Audi, Bảo Quân, Honda, BYD, zen tiêu chuẩn, Buick, Trumpchi, Độc giả lớn, Cánh Đ",GIU,,,
mercerized,14,13,面料名称,Bông Mercerized,THAY,bóng,,
crystal,14,13,产品规格,"Màu xanh lá cây đậm (tất cả các mẫu hàng đầu bằng nhôm), Bạc ngọc trai (tất cả c",THEO_CUM,pha lê,,
waffle,14,6,颜色,"Bộ 8 màu wdấu xám đậm, Bộ đồ 8 màu Walkger màu đen, Bộ 8 màu Walfger xám nhạt, B",GIU,,,
tian,14,13,花型,"Mặt nạ làm trắng da và xóa tàn nhang (loại Tian) - miếng 25ml, Mặt Nạ Dưỡng Trắn",CHUA_CO,,,
set,13,9,颜色,Mặt nạ làm sạch đánh bóng cơ thể bằng bọt khí siêu nhỏ Gelianna Red Diamond [5 m,GIU,,,
jinzi,13,3,包装规格,Công ty TNHH Thực phẩm Jinzi huyện Pingjiang,CHUA_CO,,,
bose,13,11,产品规格,"Mặt nạ làm trắng da và chống tàn nhang 25g, Mặt nạ làm đầy da chống nhăn Bose 25",GIU,,,
asakawa,13,13,花型,"Hạt dẻ ngọt - Vàng họa tiết da báo [Vải kháng khuẩn cấp 7A], Hạt dẻ ngọt - Cây n",CHUA_CO,,,
sleeping,13,3,花型,"Mặt nạ nho Meili Fanhai 5 miếng/hộp có mã chống hàng giả chính thức, Mặt nạ máu ",THEO_CUM,ngủ,,
eyes,13,2,颜色,"Mắt to TPU da-đen lưng gấu DYJ1069, Mắt to TPU da-trắng cổ-đen lưng gấu DYJ1069 ",CHUA_CO,,,
mango,13,6,包装规格,"160g bánh bao nhỏ (tổng cộng 8 miếng), 200g bánh bao nhỏ (tổng cộng 10 miếng), 4",GIU,,,
humei,13,7,产品规格,"BEOTUA Peach Smooth Repair Son dưỡng môi 4g, Son dưỡng môi và son dưỡng môi đàn ",GIU,,,
jiumeitang,13,5,产品规格,"Sữa rửa mặt kiểm soát dầu Jiumeitang Nicotinamide (Mới) 100g, Sữa rửa mặt dịu nh",GIU,,,
joy,13,12,花型,"Cốc hành tinh ngọt ngào 1000g/Nòng cốc lớn, Cốc hành tinh ngọt ngào 900g/Nòng cố",GIU,,,
paste,13,10,花型,"Bi Han + Biển Hoa Fangfei [Bộ bốn món nhung sữa có trọng lượng cao], Beihan + Ng",CHUA_CO,,,
supreme,13,11,颜色,"Phiên bản nâng cấp phim đen (thích hợp cho 17inch laptop), Phiên bản nâng cấp mà",CHUA_CO,,,
sunshine,13,13,花型,"Hoa nhẹ nhàng [100% cotton hai mặt], Avril Lavigne [100% cotton hai mặt], Khủng ",XEM_TAY,,,
acacia,13,2,尺寸,"跨境专供【小叶相思木--平圆勺】24.3*7.2cm, 小叶8件套（含桶含搁勺器）880g, 马占8件套（含桶含搁勺器）840g, [Gỗ keo lá nhỏ",CHUA_CO,,,
shengshi,13,12,包装规格,"Hộp gỗ Sheng Shihao Li 30 lon [Jin Junmei], Sáu loại trà nổi tiếng xuyên biên gi",CHUA_CO,,,
qigu,13,13,产品厂家厂名,Nhà Máy trà đá Wuyishan Qigu,CHUA_CO,,,
chongtian,13,1,规格,"Một tên lửa nhỏ có đèn, Một tên lửa nhỏ Chongtian 2 đầu có đèn, Tên lửa nhỏ A Ch",CHUA_CO,,,
compendium,13,1,颜色,"[Bảng màu toàn diện khuôn mặt] # 02 Peach Blossom Face (thân thiện với da khô), ",CHUA_CO,,,
chanel,13,13,花型,"【Qingyun】Mộc Lan Ẩn Trăng, 【Qingyun】Trà Trắng Núi Cao, 【Qingyun】Chanel số 5, Ánh",GIU,,,
yanshi,13,13,产地,"Yanshi, Hà Nam",CHUA_CO,,,
xiaosa,13,13,包装规格,"Jin Junmei [1 túi * 75g], Zhengshan Xiaosa [1 túi * 75g], Yunwu Maojian [1 túi *",XEM_TAY,,,
cup,13,9,包装规格,"50 viên mặt nạ nén sợi (kèm chai bong bóng), Mặt nạ nén Tencel 50 viên (gửi chai",THEO_CUM,cốc,,
peter,13,13,花型,"Thỏ Peter [Loại A dành cho mẹ và bé], Màu tím đầu hè [Loại A, cấp độ an toàn cho",CHUA_CO,,,
daliyuan,13,2,包装规格,"【7 miếng】Bánh mì ăn sáng Zhenxinpa, 【16 miếng】Bánh mì ăn sáng Zhenxinpa, 【30 miế",GIU,,,
kawaii,13,2,花型,"Kawaii - Chó nơ [Sản phẩm mẹ và bé loại A - Thân thiện với da, thoải mái/ Không ",CHUA_CO,,,
brightening,13,10,产品规格,M1029 Star Story Brightening Lip Gloss2,THEO_CUM,làm sáng,,
rainbow,13,5,包装规格,"喜糖试吃全店随便选, Kẹo cứng hương đào trắng Hongyuan 500g, khoảng 120 miếng, Kẹo sữa Wan",THAY,cầu vồng,,
yoga,13,8,适用运动,"yoga, Leo núi, cắm trại, đạp xe",GIU,,,
locke,13,12,花型,"Bầu trời xanh [thân thiện với làn da và mềm mại - loại A ngủ khỏa thân], Haze Gr",CHUA_CO,,,
bosein,13,11,产品规格,"Miếng dán nén lạnh làm mát thuốc an thần y tế thương hiệu cơ khí loại I, Lựa chọ",GIU,,,
macau,13,13,主要销往国家和地区,"Chủ yếu được bán cho các quốc gia và khu vực bao gồm Châu Âu, Hoa Kỳ, Nga, Đông ",CHUA_CO,,,
mengbao,13,3,规格,"[Màu hồng] Kiểu cơ bản: 2 kg cát 39 phụ kiện bàn cát, [Màu hồng] Hộp quà cát Men",CHUA_CO,,,
yupin,13,11,包装规格,"Hongrui Li 1020g (8 túi, 3 loại hạt), Tianxi Ruixiang 1285g (7 túi 3 hạt lớn), P",CHUA_CO,,,
anyang,13,13,产地,Anyang,HANVIET,An Dương,,
xiaoong,13,10,包装规格,"Hộp quà 4 lon hoa văn rồng xanh, [Gói 8] Hộp quà Kirin, Áo choàng đỏ-5g, Quế-5g,",CHUA_CO,,,
life,13,8,花型,Sữa rửa mặt thanh lọc sữa Life Mingyuan,CHUA_CO,,,
trumpet,13,11,颜色,"831 đen size lớn, 831m màu trắng cỡ lớn, 831 xanh nhạt size lớn, 831 Xanh quân đ",CHUA_CO,,,
combo,13,9,包装规格,"Combo dải cay 4 gói*65g, Combo dải cay 8 gói*65g, Combo dải cay 16 gói*65g",GIU,,,
cube,13,6,颜色,"Màu tinh khiết hình thang-** màu đen cổ điển [nhỏ], Màu tinh khiết hình thang-**",GIU,,,
firming,13,12,产品规格,Dòng sản phẩm đông lạnh Boquanya Collagen Firming Good Night,THEO_CUM,làm săn chắc,,
lactobionic,13,8,产品规格,"Centella asiatica, phim trắng, rau diếp biển, Astaxanthin, Đá lạnh đậm đà, bảo v",GIU,,,
monroe,13,13,花型,"01 # Quả đào ngọt ngào mâm xôi, 02 # Cà chua đường, 03 # Rồng chim lạnh, 04 # Ma",CHUA_CO,,,
mianyu,13,2,花型,Dải dày - màu xanh lam [Loại A dành cho bà mẹ và trẻ sơ sinh/thân thiện với làn ,CHUA_CO,,,
sanqi,13,1,尺寸,"20inch [4 vòng lên máy bay 50/50], 22inch [Có thể kiểm tra 5 vòng Sanqi], 24inch",CHUA_CO,,,
cute,13,9,颜色,"Mặt nạ đá nho biển tấn công dễ thương-Phong cách xanh, Mặt nạ đánh thức săn chắc",GIU,,,
trehalose,13,11,规格,"Một loại nén lạnh phục hồi da nhạy cảm (5 miếng/hộp), Mặt nạ phục hồi da cấp mỹ ",CHUA_CO,,,
pizza,13,11,颜色,"[Hai mươi món ăn nhẹ tuổi thơ] 30 gói, [Hai mươi món ăn nhẹ tuổi thơ] 60 gói, [H",GIU,,,
mirror,13,6,颜色,Son bóng Novo Glazed Mirror Solid,THEO_CUM,gương,,
composite,13,13,皮质特征,Da bò composite,THAY,hỗn hợp,,
rejuvenating,13,9,产品规格,Mặt nạ Collagen trẻ hóa Ice Skin Rejuvenating (Màu trắng trở nên trong suốt) [5 ,THEO_CUM,trẻ hóa,,
qimen,13,10,生产厂家,"Công ty TNHH trà Xinmingtang, Huyện Qimen, tỉnh An Huy",HANVIET,Kỳ Môn,,
nordic,12,5,颜色,"Kèn Trumpet Màu Xanh Da Trời [Dài 40 Rộng 28 Cao 23cm] Không Có Bánh Xe, Sakura ",THAY,Bắc Âu,,
edge,12,5,颜色,"Tấm che nắng-bạc titan 145*80cm, Tấm che nắng-bạc titan 140*70cm, Tấm che nắng-s",CHUA_CO,,,
niulankeng,12,8,包装规格,"500 Đầu Trà Đại Hồng Bào Số 8 [Thành phần trà], 500g trà Đại Hồng Bào số 11 hươn",CHUA_CO,,,
keyun,12,2,产品规格,"Mặt nạ dưỡng da rạng rỡ số 1 225G (mặt nạ Keyun*lan số 8 được khắc lại), Mặt nạ ",CHUA_CO,,,
gray,12,11,花型,"1920 Dark Night [Da có thể mở rộng], 1907 Thời Trang Đen [Vải Oxford/Phiên Bản C",CHUA_CO,,,
heather,12,11,颜色,"Trắng nhạt, Xám than, Tím đậm, Xanh hoàng gia, Đen, Xanh quân đội, Nâu cà phê, X",CHUA_CO,,,
princess,12,9,系列,Dòng sản phẩm Princess,CHUA_CO,,,
trojan,12,11,花型,"Gấu cổ điển [Vải loại A thân thiện với da và mềm mại], Bản ghi nhớ thú cưng dễ t",CHUA_CO,,,
realme,12,1,适用型号,"tiêu chuẩn R15, R17, A1 mới, A1Pro, A2, A2Pro, A2M, A3 mẫu mới, A3Pro, Phiên bản",CHUA_CO,,,
pique,12,3,颜色,Bông Pique,THAY,cá sấu,,
salt,12,12,产品名称,"Sữa rửa mặt axit amin axit salicylic 600g/chai, Mousse rửa mặt Gardenia 620g/cha",THEO_CUM,muối,,
xiangyunma,12,1,颜色,"Ma Baobao Mùa Hè Xanh 20, Ma Baobao Mùa Hè Xanh 22, Ma Baobao Mùa Hè Xanh 26, Ma",CHUA_CO,,,
lythell,12,12,材质,Sợi Lythell,CHUA_CO,,,
yeezy,12,5,形象,Giày Yeezy,GIU,,,
tongmuguan,12,7,包装规格,"Fujian Wuyishan Tongmuguan Yellow Bud Jin Junmei, Huaxiangzhengshan Souchong, tr",HANVIET,Đồng Mộc Quan,,
tuan,12,3,颜色,"Gấu Kem Sữa [Kháng khuẩn 7A - Chất lượng dành cho mẹ và bé], Mèo cưng [Kháng khu",CHUA_CO,,,
dangtou,12,11,包装规格,"双龙御品三大茗茶送茶具, 马上有福30罐大红袍, 马上有福16罐大红袍送茶具, 福气满满24罐金骏眉, 福气满满16罐金骏眉送茶具, Top 10 loại t",CHUA_CO,,,
yami,12,5,花型,"[Mẫu phối màu 100 màu] Nâu Mocha + Nâu Đất, [Mẫu phối màu 100 màu] Xanh yên tĩnh",CHUA_CO,,,
piggy,12,7,颜色,"Mặt nạ cam huyết Beauty Image/25ml, Mặt nạ dưỡng ẩm axit hyaluronic cà chua 25g,",CHUA_CO,,,
pigeon,12,8,尺寸大小,"[Hai mươi món ăn nhẹ tuổi thơ] 30 gói, [Hai mươi món ăn nhẹ tuổi thơ] 60 gói, [H",GIU,,,
bowling,12,6,颜色,túi chơi bowling,GIU,,,
dance,12,12,花型,Son bóng tinh chất GOGO Dance GOGO TALES hồng thủy tinh,GIU,,,
technology,12,12,生产厂家,"X6 Technology Black Matte [Di động/Máy tính bảng], Công nghệ X6 Đen bóng [Điện t",CHUA_CO,,,
thick,12,4,花型,"""Extra Thick"" Snow Orchid Heart - [Chống vón cục - Bền màu], Happy Valley ""Extra",CHUA_CO,,,
aurora,12,8,颜色,"【英文版】德贝迪油膜擦3个装盒装+蓝色毛巾3条, 【英文版】德贝迪绿色油膜擦裸装1个+德贝迪抛光液1个, 【英文版】德贝迪油膜擦盒装1盒+防雨剂】1盒, 【纯英",CHUA_CO,,,
anna,12,9,花型,"Lông vũ nhẹ-màu xanh Bentley, Cà phê trắng sữa nhẹ, Lông vũ nhẹ-Màu xám thanh lị",CHUA_CO,,,
zhang,12,9,包装规格,"Trà trắng vỏ quýt cam 2015 Tribute, Trà Trắng Jasmine 2021 Hoa Mẫu Đơn Trắng, Tr",THEO_CUM,,,
hall,12,5,颜色,[Phiên bản hàng đầu thế hệ thứ 5] Giảm tiếng ồn vật lý + Mở hội trường và kết nố,CHUA_CO,,,
hanji,12,7,产品规格,Mặt nạ pha lê làm đầy collagen rong biển Jingshang Hanji,GIU,,,
world,12,11,颜色,"Bộ trà miễn phí Longteng World (bốn loại trà chính), Ssangyong Royal Products (B",GIU,,,
coral,12,6,颜色,"Bàn chải bụi ô tô cỡ nhỏ (túi OPP), Bàn chải bụi ô tô nhỏ (có vỏ bảo vệ), Bàn ch",CHUA_CO,,,
deluxe,12,7,颜色,"Cà phê thanh lịch [Phiên bản tiêu chuẩn], Đen và trắng [phiên bản tiêu chuẩn], Đ",CHUA_CO,,,
diary,12,5,包装规格,"Island Qingcha [Mẹ và bé loại A có thể ngủ khỏa thân siêu mềm], Sweet Tea Diary ",CHUA_CO,,,
vaseline,12,9,产品规格,"BEOTUA Peach Smooth Repair Son dưỡng môi 4g, Son dưỡng môi và son dưỡng môi đàn ",GIU,,,
body,12,6,颜色,"Mặt nạ chanh 25ml/miếng [Chỉ bán hàng xuất khẩu ngoại thương, cấm bán hàng trong",THEO_CUM,,,
penguin,12,7,颜色,"Cụm hoa [100% cotton, thân thiện với da và thoáng khí], Xiancao [100% cotton Tân",GIU,,,
gap,12,2,颜色,"Trình điều khiển gấu màu be hộp Gap, Gap Box Beige Bear Co-Pilot, Gap Box Black ",CHUA_CO,,,
dot,12,11,颜色,"Blue Dot lõi trắng [HD Yinxiao] sẽ được sử dụng vào khoảng 988 giờ, B01 đen kim ",GIU,,,
fried,12,5,颜色,"01 # Trà đen hoa hồng, 02 # Fried Field Red (nhìn tốt), 03 # Màu nâu đỏ mát mẻ, ",CHUA_CO,,,
duo,12,11,包装规格,Mặt nạ làm mềm và dưỡng ẩm rong biển Zhi Duo,GIU,,,
draw,12,3,颜色,"W1810 [Thiết bị đục lỗ kết hợp] Khỏe mạnh, không mùi và dày, W1820 [Kết hợp rút ",CHUA_CO,,,
ssangyong,12,9,包装规格,"Dây dạy-tai Hạt mã não đen [Có giấy chứng nhận], Chuỗi hạt-Tai Hạt mã não đen [C",CHUA_CO,,,
fesia,12,1,产品规格,"Bột Mặt nạ mềm Fesia Rose 500g, Bột mặt nạ mềm Fesia Hyaluronic Acid 500g, Bột m",CHUA_CO,,,
putian,12,7,产地,"Putian, Phúc Kiến",HANVIET,Bồ Điền,,
vision,12,6,规格尺寸,"F4 phiên bản HD (720P), F4 HD Night Vision (1080P)AR Edition, F4 WiFi Edition (1",CHUA_CO,,,
manson,12,1,花型,"Manson - Xanh da trời + Trắng sữa, Manson - Hải Thanh + Bột Hương Diệp, Manson -",CHUA_CO,,,
air,12,9,颜色,"9003 Đệm hơi màu đen thời trang có thanh buộc không logo, 9003 Galaxy Grey Không",THEO_CUM,,,
kefumei,12,6,产品规格,Mặt nạ làm dịu và làm sáng da Collagen giống con người Kefumei,GIU,,,
ophiopogon,12,9,包装规格,"Trà Ô Long Đào [Con dấu 8 mặt 20 túi], Trà Nữ Thần Liubao [Con dấu tám mặt 20 gó",THEO_CUM,mạch môn,,
master,12,10,包装规格,"3inch Tiểu Đệ Nhất Đỏ [2 Hành Động], 3inch Tiểu Thanh Gia Phong Cách Xanh [2 Hàn",GIU,,,
fang,11,5,包装规格,30inch Hộp du lịch sức chứa lớn,GIU,,,
oppp,11,2,颜色,"Màu đen lớn [túi OPPO/1 cặp], Màu trắng lớn [túi OPPO/1 cặp], Màu đỏ cỡ lớn [túi",CHUA_CO,,,
fantasy,11,5,颜色,"[Môi bóng đào Fantasy] J811 Quả nhân sâm, 【Son Gương Hoa Đào】L01 Đồng Cỏ, [Son m",THAY,huyền ảo,,
huaxiang,11,9,包装规格,"Trọng lượng mẫu khoảng [30g], [Carbon nướng Dahongpao] Đơn giá 40 nhân dân tệ, [",CHUA_CO,,,
charm,11,9,颜色,"màu đen, màu đỏ tía, màu xanh đậm, màu vàng, Màu tím, Màu đồng, Màu trắng be, Mà",CHUA_CO,,,
renhe,11,4,产品规格,Sữa Rửa Mặt Tinh Chất Thực Vật Renhe Ingenious,GIU,,,
island,11,9,花型,"Yuanfeng Blue-Tide Stone Island, Đảo đá thương hiệu thời thượng màu hồng và dịu ",GIU,,,
retinol,11,11,产品规格,"Mặt nạ cam huyết Beauty Image/25ml, Mặt nạ dưỡng ẩm axit hyaluronic cà chua 25g,",GIU,,,
classic,11,9,颜色,"Memory Foam Classic Black [Memory Foam] Tựa đầu 1, Memory Foam Volcano Red [Memo",GIU,,,
burger,11,10,颜色,"70238 gấu thêu, 70274 màu hồng cherry trơn, 70274 màu vàng chanh trơn, 70274 táo",CHUA_CO,,,
gunmetal,11,9,颜色,"màu xanh, malachite màu xanh lá cây, Bột phun sương nhẹ, màu caramel, đen, trắng",CHUA_CO,,,
tofu,11,5,包装规格,"250g nấm khô và đậu phụ1, 500g nấm khô và đậu phụ1, Đậu phụ nấm Shiitake, 1000g,",CHUA_CO,,,
pond's,11,5,产品规格,"Chất tẩy rửa dưỡng ẩm và làm mềm ao 75g, Sữa rửa mặt rạng rỡ Pond's Powder 75g, ",GIU,,,
crispy,11,3,包装规格,"5 gói Qima Crispy [Hương vị hỗn hợp], 10 gói Qima Crispy [Hương vị hỗn hợp], 20 ",THEO_CUM,giòn,,
tour,11,7,尺寸,"20 inch [có thể lên máy bay, thích hợp cho chuyến đi 1-3 ngày], 22 inch [Tour ng",THEO_CUM,,,
ruwei,11,5,产品规格,Mặt nạ dưỡng axit hyaluronic Ruwei,GIU,,,
guanyin,11,6,颜色,"Phật Nhẫn Đôi Chu sa + Tua Đỏ, Phật Nhẫn Đôi Chu sa + Tua Vàng, Phật Nhẫn Đôi Ch",CHUA_CO,,,
indonesia,11,8,原产国/地区,Indonesia,GIU,,,
raglan,11,11,袖型,tay áo raglan,GIU,,,
lingge,11,3,颜色,"Áo liền quần dài tay ghép hình thoi H195, H195 Lingge khâu dài tay romper M004 m",THAY,trần trám,,
misty,11,8,颜色,"Ocher Brown [Tựa đầu] Lông cừu sinh học DuPont hai lớp, Noble Black [Tựa đầu] Lô",GIU,,,
samurai,11,10,颜色,"Trắng [400G tay ngắn nặng], Màu đen [400G tay ngắn nặng], Màu cát [400G tay ngắn",GIU,,,
laiko,11,1,规格,Mặt Nạ Ngủ Laiko Rice 3g (Sản Phẩm Xuất Khẩu - Không Bán Trong Nước. Việc mua hà,CHUA_CO,,,
bayer,11,3,尺寸,"20inch [PC Bayer Đức + thay thế miễn phí nếu hư hỏng + hộp đựng máy bay], 22inch",GIU,,,
treasure,11,7,包装规格,"Trà Nhân Sâm Năm Quý [5g x 30 túi]/túi, Trà Nhân Sâm Liubao [5g x 30 túi]/túi, T",GIU,,,
lady,11,8,产品规格,"Mặt nạ máu cam/25g, Mặt nạ sữa dưỡng ẩm (mới) 25g, Mặt nạ dưỡng ẩm/25g, Mặt nạ d",GIU,,,
batman,11,1,颜色,"Gối cổ Batman bằng da 1 cái, Gối Batman bằng da 1 cái, Gối tam giác Batman bằng ",GIU,,,
true,11,5,颜色,"I12 trọn bộ, Trọn bộ i11, Trọn bộ i9s, Trọn bộ Jie Li thế hệ thứ 2, Trọn bộ Jerr",GIU,,,
car,11,8,颜色,"Bí Ngô Trắng [100% Cotton + Kháng Khuẩn 5A + Không Đường May] 6052, Bí ngô đáy g",GIU,,,
roselle,11,7,包装规格,"Trà Ô Long Đào [Con dấu 8 mặt 20 túi], Trà Nữ Thần Liubao [Con dấu tám mặt 20 gó",CHUA_CO,,,
microfiber,11,11,鞋面材质,Da Microfiber (da),GIU,,,
longxiang,11,2,包装规格,"A4日照云雾绿茶2026年新茶——雨前头采特细特绿浓豆香高山云雾茶, LX5龙香茶2026年新茶 松阳龙井43#香茶——雨前特细浓豆香高山云雾茶, C4龙香茶2",CHUA_CO,,,
pu-erh,11,8,包装规格,"1 gói túi bong bóng nhỏ cho mỗi kiểu dáng, (10 gói) Bộ sưu tập-Dahongpao, (10 gó",CHUA_CO,,,
sam's,11,2,颜色,"Gói chia thịt bò Sam's [40 miếng] 20 gói, Gói chia thịt bò Sam's [20 miếng] 10 g",GIU,,,
yilu,11,8,包装规格,"Trang trí xe năng lượng mặt trời Yilu Ping An (Bạc), Trang trí xe năng lượng mặt",GIU,,,
key,11,2,产品规格,Sữa rửa mặt tinh chất Hexapeptide-8 MNADUO Black Key,CHUA_CO,,,
standard,11,5,颜色,Kích thước màn hình: rộng 4cm x dài 7cm. Cấu hình tiêu chuẩn cho 3.5inch Định ng,CHUA_CO,,,
mozhu,11,6,颜色,"Hộp đơn thời trang [Ngũ cốc trắng] Tích hợp đơn giản, Hộp đơn thời trang [Sky Bl",CHUA_CO,,,
nanqi,11,2,包装规格,"Xiping, Huqiu, Xianghua, Gande, Jiandou, Changkeng (Changqing), Longjuan, Hutou,",CHUA_CO,,,
axetat,11,11,主面料成分,sợi axetat,GIU,,,
you,11,11,花型,"Mặt nạ nho Meili Fanhai 5 miếng/hộp có mã chống hàng giả chính thức, Mặt nạ máu ",GIU,,,
duckbill,11,4,容量,"Bình sữa PPSU cai sữa cỡ lớn 300ml (0-3 tháng) TB-D01 (có mã cào), Bình sữa PPSU",GIU,,,
snap-on,11,10,开合方式,Snap-on,CHUA_CO,,,
qianweiyuan,11,3,净重（规格）,"Lushuang [5 gói] Hương vị cổ điển Qianweiyuan/ngày tươi, Lushuang [10 gói] Hương",GIU,,,
aerobic,11,2,花型,"Quả bóng nhỏ - KT xanh trắng [Loại A, thân thiện với da, tập luyện tim mạch], Qu",THAY,thoáng khí,,
yashi,11,8,花型,"Bình đôi gốm sứ trang nhã phong cách Trung Hoa Jin Junmei2, Bình đôi gốm sứ than",CHUA_CO,,,
bing,11,5,颜色,"Tu Bing phong cách ngắn một lần rút, Tu Bing Kiểu Ngắn Hai Vẽ, Tu Bing phong các",THEO_CUM,,,
fuchang,11,11,产品厂家厂址,"Số 143-1, Đường Fuchang Village, Thị trấn Longjuan, Huyện Anxi, Thành phố Tuyền ",CHUA_CO,,,
five,11,6,包装规格,"(Phiên bản nâng cấp) Trà bảy kho báu Shayuanzi Cuscuta 30 túi, (Phiên bản nâng c",THEO_CUM,,,
pacha,11,5,颜色,"Mặt dây chuyền chó Pacha ruy băng đỏ, Mặt dây chuyền chó Pacha màu đen, Mặt dây ",CHUA_CO,,,
chive,11,3,包装规格,"Bánh kếp lá hẹ [hương vị lá hẹ] 20 gói, Bánh kếp lá hẹ [hương vị lá hẹ] 40 gói, ",THAY,hành lá,,
palace,11,8,包装规格,"(Giám đốc khuyên dùng) Trà Ô Long Da Hong Pao cao cấp [32g], Dahongpao-8g (có mộ",GIU,,,
p.p,11,11,具体材质,P.P.,CHUA_CO,,,
maimang,11,2,适用型号,"nova2s, nova3, nova3i, nova4, nova4e, nova5, nova5i, nova5ipro, nova6, nova6se, ",CHUA_CO,,,
kashi,11,11,颜色,"Kashi tặng khăn lụa [chất lượng hàng đầu], Khăn lụa miễn phí màu nâu [chất lượng",CHUA_CO,,,
xiaoxiangphong,11,11,风格,"phong cách Nhật Bản và Hàn Quốc, phong cách trung quốc, phong cách Bắc Âu, Xiaox",CHUA_CO,,,
monica,11,10,花型,"Lá Bạch Quả - Xanh Dương [Loại A, cấp độ mẹ và bé], Chanh xanh bạc hà [Loại A dà",CHUA_CO,,,
jingdun,11,1,颜色,"Cam [Jingdun Không Từ Tính], Xám Titan [Jingdun Không Từ Tính], Tím Đậm [Jingdun",CHUA_CO,,,
taxi,11,9,颜色,"F01-gấu cam, F02-Gấu Tiao Tiao, F03-Thỏ cà rốt, F04-Unicorn tình yêu, F06 - Chữ ",GIU,,,
tart,11,2,规格,2 bánh tart trứng đường kính 7cm cấp thực phẩm [được làm đặc biệt để bền và đặc ,CHUA_CO,,,
meow,11,7,花型,"Benny Dog [mô hình bà mẹ và trẻ sơ sinh được nâng cấp 7A], KT Meow [mẫu mẹ và bé",CHUA_CO,,,
ginkgo,11,8,颜色,"Ginkgo White [Cổng sạc USB có móc cốc nước], Yao đen [cổng sạc USB có móc cốc nư",CHUA_CO,,,
debedi,11,1,颜色分类,"【英文版】德贝迪油膜擦3个装盒装+蓝色毛巾3条, 【英文版】德贝迪绿色油膜擦裸装1个+德贝迪抛光液1个, 【英文版】德贝迪油膜擦盒装1盒+防雨剂】1盒, 【纯英",GIU,,,
orleans,11,6,包装规格,"Nguyên bản, thì là, tiêu đen, Orleans",CHUA_CO,,,
teddy,10,8,花型,"Mọi điều ước đều thành hiện thực [100% cotton, có độ co rút, hỗ trợ xử lý bằng l",GIU,,,
yunnan,10,8,生产厂家,"(100 miếng) Mặt nạ ngủ collagen trứng cá muối Kuge, (100 miếng) Mặt nạ ngủ đóng ",HANVIET,Vân Nam,,
derby,10,10,款式,Giày Derby (giày da trang trọng),CHUA_CO,,,
dali,10,10,生产厂家,Công ty TNHH Thực phẩm Hồ Bắc Dali,GIU,,,
rambo,10,3,颜色,"Bugatti [Chiến binh đen] 357-11, Bugatti [Cam] 357-11, Bugatti [màu đỏ] 357-11, ",CHUA_CO,,,
qualcomm,10,10,芯片类型,Qualcomm,GIU,,,
tube,10,7,产品规格,C Coffee Amino Acid White Clay Clear Cleansing Double Tube Cleanser (Phiên bản n,THEO_CUM,tuýp,,
probiotic,10,7,产品规格,"[Phiên bản 2.0] Mặt nạ phục hồi men vi sinh 5 miếng, [Phiên bản 2.0] Mặt nạ sửa ",GIU,,,
pinball,10,4,颜色,"10 thanh bong bóng hoạt hình, Súng cao su đôi phát sáng lớn 10, Ngâm trong nước ",CHUA_CO,,,
platinum,10,5,花型,"KISSMWAH青少年积雪草氨基酸控油洗面奶100g, Whsa硫磺控油净澈洁面乳100g, KISSMWAH硫磺净颜控油洁面乳100g, Whsa蛇胆硫磺氨基",GIU,,,
clay,10,9,产品名称,C Coffee Amino Acid White Clay Clear Cleansing Double Tube Cleanser (Phiên bản n,THEO_CUM,bùn,,
tianzi,10,8,产品规格,"Zhiduo Fuyan Whitening and Removal Mask (Tianzi Model)-Gói 25ml, Zhiduo Fuyan Wh",GIU,,,
grain,10,8,颜色,"[Grain White] (Khung nhôm + giá đỡ cốc + móc), [Xanh bạc hà] (Khung nhôm + giá đ",CHUA_CO,,,
canada,10,2,花型,"Cam cao cấp--210 miếng xuất khẩu sang Canada, Odin Gold--210 chiếc được xuất khẩ",GIU,,,
rohse-tay,10,1,颜色,"Trắng ROHSE-Tay ngắn, Xanh Navy ROHSE-Tay ngắn, Xanh ĐẬU ROHSE-Ngắn tay, Màu đen",CHUA_CO,,,
planet,10,8,颜色,"1 xô*Planet Cup khoảng 300g, 2 thùng*Cúp hành tinh khoảng 300g, 5 thùng*Cúp hành",CHUA_CO,,,
renewal,10,2,颜色,"Bộ 2 dải ốp bậc cửa trước chữ Y [Đúc PP - Vân sợi carbon], Bộ 2 miếng bảo vệ bệ ",CHUA_CO,,,
tongmu,10,3,包装规格,"Trọng lượng mẫu khoảng [30g], [Carbon nướng Dahongpao] Đơn giá 40 nhân dân tệ, [",HANVIET,Đồng Mộc,,
woma,10,1,颜色,"Hộp quà lớn Xe đua kéo lùi Big G [509 hạt], Hộp quà lớn Bugatti xe đua [510 hạt]",CHUA_CO,,,
aqua,10,9,产品规格,Mặt Nạ Tinh Chất Dưỡng Ẩm Aqua Glow Axit Hyaluronic Babog 25ml * 10 Tờ,CHUA_CO,,,
songzhong,10,5,包装规格,"500g cụm đơn loài Song (Hộp quà Triều Châu), Honey Orchid No. 7 500g đóng hộp 14",CHUA_CO,,,
puqing,10,4,颜色分类,"Gương chiếu hậu 2.4 Puqing (ghi đơn), Gương chiếu hậu 2.8 Puqing (ghi đơn), Gươn",GIU,,,
louis,10,3,花型,"Mocha [100% cotton, mềm mại và thân thiện với da, thích hợp cho giấc ngủ thường]",CHUA_CO,,,
care,10,10,花型,"洛凡美皙凡士林温变焕采润唇膏（新）2.7g, 泊泉雅男士舒润保湿护唇膏2.7g, Son dưỡng môi bảo vệ Luofan Beauty Vase",GIU,,,
yayixuan,10,10,生产厂家,Công ty TNHH Công nghệ sinh học Phúc Kiến Yayixuan (bao bì),CHUA_CO,,,
cologne,10,10,颜色,"Đóng hộp đầy màu sắc, Cuộc gặp gỡ lãng mạn đóng hộp, Dưa mùa hè đóng hộp, Cologn",CHUA_CO,,,
zai,10,6,花型,"Trà hoa nhài hương thơm nụ trắng hộp quà bong bóng nhỏ số 66, Hộp Quà Trà Túy Qu",GIU,,,
boxin,10,7,生产厂家,Công ty TNHH trà Anxi Boxin,CHUA_CO,,,
meteorite,10,5,颜色,"Meteorite Black (loại thông thường không có vách ngăn), Màu xanh lá cây đậm (kiể",CHUA_CO,,,
gongfu,10,9,产品类别,Trà đen Gongfu,HANVIET,Công Phu,,
sanhua,10,3,包装规格,"Trà Sanhua Gói Tam Giác 20 gói (2g/gói), Trà Sanhua Gói Tam Giác 30 gói (2g/gói)",CHUA_CO,,,
manchester,10,2,颜色,"Màu đen, Màu xám, Màu xanh lam, Màu xanh lá, Màu đen acmilan, Paris màu đen, Màu",CHUA_CO,,,
mike,10,1,颜色,"Giày Mike Duck toàn màu trắng, Giày Mike Duck màu bạc, Giày Mike Duck toàn màu đ",CHUA_CO,,,
hongfu,10,10,包装规格,"Hộp gỗ Sheng Shihao Li 30 lon [Jin Junmei], Sáu loại trà nổi tiếng xuyên biên gi",CHUA_CO,,,
mika,10,9,颜色,"Aibi - Trà sữa, Aibi-Mika, Abby - Xám than tao nhã, Vương miện hoàng gia - màu c",CHUA_CO,,,
jumbo,10,5,颜色,"Kèn Trumpet Màu Xanh Da Trời [Dài 40 Rộng 28 Cao 23cm] Không Có Bánh Xe, Sakura ",CHUA_CO,,,
party,10,10,花型,Bộ sơn môi gương mật ong mềm mại hình con bướm Sensory Party Six Pack,GIU,,,
sexuegrass,10,9,产品规格,Một hộp Mặt nạ dưỡng ẩm Centella Sexuegrass (5 miếng),THEO_CUM,rau má,,
donut,10,7,颜色,"Túi đựng đồ hình gấu Tulip loại F [không bao gồm xô chống thấm nước], Túi đựng đ",GIU,,,
suying,10,2,花型,"Sơ Ảnh - Phong cảnh rừng xanh [Cấp độ mẹ và bé, thân thiện với da, siêu mềm mại,",CHUA_CO,,,
bordeaux,10,8,颜色,"Khóa vàng burgundy tự nhiên, Đường viền trắng xe hơi, khóa cài nâu vàng., Khóa v",CHUA_CO,,,
boquan,10,7,产品规格,"洛凡美皙凡士林温变焕采润唇膏（新）2.7g, 泊泉雅男士舒润保湿护唇膏2.7g, Son dưỡng môi bảo vệ Luofan Beauty Vase",CHUA_CO,,,
sapele,10,3,尺寸,"Xẻng nấu ăn Sapele YHY-316, Xẻng chiên Sapele YHY-316, YHY-316 Vá lọc gỗ Sapele,",CHUA_CO,,,
ukulele,10,2,颜色,"Bộ tài khoản vui nhộn (ngẫu nhiên) CY-97, Chú Gấu Dễ Thương Thợ Thủ Công Nhỏ 811",GIU,,,
valley,10,7,花型,"1 # Thích uống trà sữa (màu khỏa thân), 2 # Endless Valley Brown (Sôcôla), 3 # B",GIU,,,
jinnia,10,5,产品规格,Sữa rửa mặt Jinnia Centella Asiatica 300g (liên hệ bộ phận chăm sóc khách hàng đ,GIU,,,
dinosaur,10,10,颜色,"Sweet Joy [Cấp độ ngủ khỏa thân dành cho bà mẹ và trẻ sơ sinh hạng A], Bazaar [C",CHUA_CO,,,
shreds,10,1,净重（规格）,"[Gói 5] Spicy King Shreds 18g, [Gói 5] Xúc Xích Đậu Xanh King Shreds 18g, 【Gói 5",CHUA_CO,,,
e-commerce,10,7,包装规格,"500 Đầu Trà Đại Hồng Bào Số 8 [Thành phần trà], 500g trà Đại Hồng Bào số 11 hươn",CHUA_CO,,,
champion,10,4,颜色,Bright Purple [Champion Limited Edition] Cinema Dolby Atmos ▲ Thời lượng pin dài,CHUA_CO,,,
vitality,10,10,颜色,"Mineral Black (mô hình kinh doanh đặc biệt), Bạc sang trọng (mô hình kinh doanh ",CHUA_CO,,,
bloom,10,7,花型,"蓝绽妍6片院线（周年版包装）, 5 miếng vá sửa chữa (bao bì mới có phông chữ trang điểm), 【Lẻ Sả",CHUA_CO,,,
xiqing,10,7,颜色,"Màu xanh lá cây tươi [hộp PC mở rộng và dày], Bột thanh lịch [hộp PC mở rộng và ",CHUA_CO,,,
sony,10,10,颜色分类,"5 pin 720p HD Bốn đèn, Mắt cá 5 chân 720P siêu rõ ràng, Mắt cá 4 chân 1080p siêu",GIU,,,
b,10,5,风格,"tân cổ điển, mỹ, thời trang, phong cách đô thị, phong cách Anh, Bình nguyên Địa ",GIU,,,
sonic,10,1,颜色,"Túi đi học carat sonic màu xanh, Túi đi học cỡ lớn màu xanh Sonic, Túi đi học mũ",GIU,,,
shuanglong,10,8,包装规格,"Hộp quà tặng sáu loại trà Qianli Jiangshan2, Lễ Trà Cao Cấp ""Bảy Loại Trà Nổi Ti",CHUA_CO,,,
chicory,10,6,包装规格,"Trà Nhân Sâm Năm Quý [5g x 30 túi]/túi, Trà Nhân Sâm Liubao [5g x 30 túi]/túi, T",CHUA_CO,,,
baroque,10,10,花型,"Lá Bạch Quả - Xanh Dương [Loại A, cấp độ mẹ và bé], Chanh xanh bạc hà [Loại A dà",CHUA_CO,,,
qiao,10,9,花型,"01 # nâu đất, 02 # màu mơ khỏa thân, 03 # Màu nâu gỗ mun, 04 # màu cà phê sữa, 0",CHUA_CO,,,
qieqiele,10,1,颜色,"(Thiết kế của Apple) Bộ 26 món Peel & Slice Fun, (Strawberry Design) Bộ dụng cụ ",CHUA_CO,,,
zong,10,6,包装规格,"Bánh hoa đào đậu đỏ hồng 40g, Bánh chữ hạnh phúc 40g, Purple Love You Hương Cam ",CHUA_CO,,,
zhongya,10,3,包装规格,"XH8细绿显毫碧螺春2026年新茶——特细绿显毫浓香高回甘耐泡款, W1 Rizhao Yunwu Xiangzhengmei Trà Xanh 2026 Tr",CHUA_CO,,,
snail,9,9,产品规格,"Sữa rửa mặt axit amin Centella Asiatica Hàn Quốc 60g, Sữa rửa mặt Han Ji Niacina",THAY,ốc sên,,
onesie,9,6,颜色,"Bộ áo liền quần Slow Cow Folio, Bộ áo liền quần Elephant Folio tốt, Bộ áo liền q",THAY,bộ liền thân,,
bifid,9,8,产品规格,"Mặt nạ chống nhăn, làm săn chắc và đàn hồi Jilinsa 10 miếng/hộp, Mặt nạ chống nh",GIU,,,
special,9,6,包装规格,Mặt nạ chăm sóc đặc biệt Winona Soothing Moisturizing 6 miếng (một miếng không h,GIU,,,
qianqiu,9,1,包装规格,"Mề gà cay 5 gói, Mề gà cay 10 gói, Mề gà cay 20 gói, Mề gà cay 30 gói, Mề gà cay",CHUA_CO,,,
qianqian,9,8,花型,"[Đầu chó Qianqian] Màu đen, [Đầu chó Qianqian] Trắng, màu đen tuyền, màu trắng t",CHUA_CO,,,
huangshan,9,8,生产厂家,"Huangshan Maofeng Tea Group Co., Ltd.",HANVIET,Hoàng Sơn,,
aisha,9,7,花型,"Lan Mạt [100% cotton chải kỹ, thân thiện với da, thoải mái ngủ trần], Gao Xidi [",CHUA_CO,,,
mambo,9,7,颜色,"Màu cà phê sữa, Bạc cao cấp, sữa xanh, bột hoa hồng, màu trắng cổ, Màu vàng kem,",CHUA_CO,,,
matte,9,7,颜色,HERORANGE Manlip Lip Matte Glaze,THEO_CUM,lì,,
afu,9,2,产品规格,Mặt nạ chống nhăn làm săn chắc da Afu Black Truffle 10 miếng/hộp [Có thể kiểm tr,GIU,,,
chenxiang,9,6,包装规格,"Dahongpao PVC đóng hộp 25 gói, Tự uống sản phẩm mới đặc biệt (Yanxiang) Dahongpa",HANVIET,Trần Hương,,
wafer,9,5,包装规格,bánh quy wafer,GIU,,,
shin-chan,9,8,花型,"Ngựa vằn, Thỏ hoa, Vân sóng nước, Haze ash-khói xám, Gấu trắng cà phê, Caro đen,",CHUA_CO,,,
meiyu,9,9,产品名称,HUNMUI Han Lun Meiyu Mặt nạ sứ trẻ hóa mạ vàng,GIU,,,
panthenol,9,9,产品规格,"Mặt nạ cam huyết Beauty Image/25ml, Mặt nạ dưỡng ẩm axit hyaluronic cà chua 25g,",CHUA_CO,,,
late,9,7,颜色,"Bột đào [Cổng sạc giá đỡ cốc nâng cấp], Angel White [Cổng sạc giá đỡ cốc nâng cấ",THEO_CUM,,,
lime,9,9,花型,"Màu đen sang trọng, xám nhạt nâu, xanh ô liu, Màu đen và nâu cà phê thanh lịch, ",CHUA_CO,,,
original,9,8,产品规格,"KISSMWAH Ice American Double Mặt nạ chống làm thêm giờ 25ml, KISSMWAH Microphân ",GIU,,,
yuyue,9,8,花型,"Hạt dẻ ngọt - Anh đào ngâm rượu [Vải kháng khuẩn cấp 7A], Hạt dẻ ngọt - Ngôi sao",CHUA_CO,,,
lala,9,4,颜色,"vương quốc rừng, đất lang thang, Thế giới vui nhộn xanh, phi hành gia, xe kỹ thu",CHUA_CO,,,
milo,9,8,花型,"Thỏ Peter [Loại A dành cho mẹ và bé], Màu tím đầu hè [Loại A, cấp độ an toàn cho",GIU,,,
animal,9,8,颜色,"Kẹo Từ Tính 2 trong 1 - Màu Vàng Nhạt - TGKJ Small Animal, Kẹo từ tính 2 trong 1",GIU,,,
lake,9,9,颜色,"[Xám] Túi leo núi dung tích lớn 55L, [Xám xanh] Túi leo núi dung tích lớn 55L, [",CHUA_CO,,,
nest,9,9,产品规格,"Mặt nạ Zhiduofuyan (kiểu Tian) - 25ml/cái ""Giá đặc biệt"", Mặt Nạ Dưỡng Da Chống ",CHUA_CO,,,
ballet,9,3,颜色,"100 Bột Xám (Bột Xám Lạnh), [Đã được hàng ngàn người mua lại] Son bóng dạng thỏi",THAY,ba lê,,
frog,9,4,颜色,"Frog Panda 6 gói + 2 cam, keo không dấu vết miễn phí, Frog Panda 6 gói + 2 chồi ",CHUA_CO,,,
malachite,9,8,颜色,"026 # Mở rộng kho giày 50 lít tiêu chuẩn màu đen, 026 # Mở rộng kho giày 50 lít ",CHUA_CO,,,
nebula,9,3,颜色,"Đen quý phái 【Tựa đầu】, Màu nâu hạt dẻ [tựa đầu], Núi lửa đỏ 【Tựa đầu】, Màu nâu ",CHUA_CO,,,
sucrose,9,9,是否含糖,Không thêm sucrose,THAY,đường,,
street,9,9,产品厂家厂址,"Số 5, Xiaojiawan, Zheyang Village, Wuyi Street, Wuyishan City, Fujian Province",CHUA_CO,,,
hoodie,9,6,颜色,"Bộ màu hồng, Áo hoodie hoạt hình màu hồng",GIU,,,
naxin,9,1,产品规格,"Hạt nhỏ Naxin 1000g, 1000g bột ngọc trai hạt nhỏ Naxin, Hạt nhỏ Naxin 1000g tinh",CHUA_CO,,,
yinzhen,9,5,包装规格,"Dahongpao PVC đóng hộp 25 gói, Tự uống sản phẩm mới đặc biệt (Yanxiang) Dahongpa",HANVIET,Ngân Châm,,
nivea,9,7,产品名称,Nước rửa mặt trị mụn Nivea Oil Control (nâng cấp mới),GIU,,,
cognac,9,6,颜色,"Tựa đầu đục lỗ kiểu bong bóng màu đen quý phái, Tựa đầu đục lỗ kiểu bong bóng mà",CHUA_CO,,,
ration,9,6,包装规格,"Trà Long Tỉnh C Lớp Một (500g) - Trà Mới Thu Hoạch 2026, Trà Long Tỉnh B hạng Nh",GIU,,,
jade,9,8,花型,"';'; Mocha ';'; Jinlan, ';'; Ou Fan ';'; Lạc Đà Vàng, ';'; Khu vườn xinh đẹp'; '",CHUA_CO,,,
rayon,9,8,主面料成分含量,Rayon (sợi nhân tạo),GIU,,,
zhizhi,9,9,花型,"Xám đá [100% Tencel 丨 mịn mượt], Gypsophila Purple-Dawn Silver [100% Tencel 丨 Th",CHUA_CO,,,
cord,9,9,颜色,"Trắng ngà [chống xước, dày 50%, khóa kéo], Glacier Blue [Loại khóa kéo dày 50% c",CHUA_CO,,,
touch,9,3,颜色,"Trắng [Cotton Pima 120s + Công nghệ Liquid Ammonia Cool Touch], Đen [Cotton Pima",CHUA_CO,,,
haiqing,9,8,花型,"Xám nhạt Xám cao cấp [Bông giặt bốn mùa], Bột kem màu xanh hải quân [Bông giặt b",CHUA_CO,,,
guochao,9,5,包装规格,"Đừng quên trái tim ban đầu Trà trắng Fude [25 bức tranh phong cảnh Trung Quốc], ",CHUA_CO,,,
rex,9,6,颜色,"F52-Thỏ nâu, F51-Đua xe, F50 - Gấu Trăng Sao, F49 - Trái Cây Thỏ Nhỏ, F48-Sư tử ",GIU,,,
rhine,9,6,花型,"Xanh bầu trời + Xanh Rhine 【Vải 100% cotton, không xù lông, không phai màu】, Xan",CHUA_CO,,,
notes,9,3,颜色,"Gentleman Puppy [Loại A dành cho bà mẹ và trẻ sơ sinh, mềm mại, thoải mái và tho",CHUA_CO,,,
wuyu,9,3,包装规格,"Trà hoa nhài hương thơm nụ trắng hộp quà bong bóng nhỏ số 66, Hộp Quà Trà Túy Qu",GIU,,,
begonia,9,9,产品规格,"3688 Dây kéo lấp lánh màu đen thời trang, 3688 Dây kéo lấp lánh màu xám Galaxy, ",GIU,,,
polar,9,8,花型,"【Mountain Edge】Rồng Cổ Hoang Dã, 【Mountain Edge】Hoa hồng bằng gỗ mun, 【Mountain ",CHUA_CO,,,
old,9,8,包装规格,"Trà hoa nhài hương thơm nụ trắng hộp quà bong bóng nhỏ số 66, Hộp Quà Trà Túy Qu",THEO_CUM,lâu năm,,
mori,9,9,花型,"Melbourne-Màu xám bí ẩn [mát mẻ và thoáng khí để ngủ khỏa thân], Melbourne-Dream",GIU,,,
micron,9,3,颜色,"Sữa rửa mặt dưỡng ẩm cho nam giới 50g, Sữa rửa mặt thanh lọc hoạt tính Amino Aci",CHUA_CO,,,
bar,9,5,颜色,"CTC số 5, CTC số 2, số CTC7, Phong cách quán bar Ceylon, CTC8, CTC1",THEO_CUM,,,
daidai,9,4,颜色,"Bộ Sưu Tập Súp Bốn Thần (25 túi nhỏ * 10g), Trà đào năm ngón và trà poria (25 gó",CHUA_CO,,,
router,9,9,产品类别,Hộp đựng router,CHUA_CO,,,
jenny,9,8,花型,"Ren hoa văn cổ điển - Mạc Thanh, Ren hoa văn cổ điển - Hè Phong, Ren hoa văn cổ ",CHUA_CO,,,
zhangzhou,9,9,生产厂家,"Zhangzhou Siyifa Food Co., Ltd.",CHUA_CO,,,
kirin,9,7,产品规格,Rongsheng Kirin Thức khuya Mặt nạ làm đẹp 28 mlx30 miếng/hộp,GIU,,,
hilton,9,8,颜色,"Cologne cổ điển, Hương thơm Osmanthus vào tháng 8, Hương thơm Gardenia, Nước hoa",GIU,,,
himalaya,9,7,花型,"Khóa vàng burgundy tự nhiên, Đường viền trắng xe hơi, khóa cài nâu vàng., Khóa v",CHUA_CO,,,
ufo,9,5,颜色,"Vàng ngô [Chuồn chuồn tre UFO 3 Frisbee], Bầu trời xanh [Chuồn chuồn tre UFO 3 F",GIU,,,
ancient,9,7,包装规格,"[Song of Lin Hai] Pure Ancient Dragon, [Song of Lin Hai] Qingchu Gardenia, 【Song",THEO_CUM,,,
pinch,9,4,包装规格,"Xinmingxiang véo nửa cân và lấy một lon (khu vực sản xuất cốt lõi, hương hoa dàn",CHUA_CO,,,
circus,9,5,容量,"Bộ tài khoản vui nhộn (ngẫu nhiên) CY-97, Chú Gấu Dễ Thương Thợ Thủ Công Nhỏ 811",CHUA_CO,,,
lushuang,9,1,净重（规格）,"Lushuang [5 gói] Hương vị cổ điển Qianweiyuan/ngày tươi, Lushuang [10 gói] Hương",CHUA_CO,,,
mic,9,4,颜色,895 Supreme Black Edition [Chip 5.4 được nâng cấp + Chất lượng âm thanh Berlin +,CHUA_CO,,,
hyun,9,9,风格,"cặp đôi, cổ tích, thời trang, cá tính, sang trọng, con gái, người Anh, mát mẻ, S",CHUA_CO,,,
wave,9,8,颜色,"Đệm khí vuông 5837 bột ổi, Đệm khí vuông 5837 màu đen mặt sau hồng, Đệm hơi vuôn",CHUA_CO,,,
three,9,7,颜色,Công ty TNHH trà Anxi Three Immortal,GIU,,,
deer,9,8,颜色,"Mặt nạ trẻ hóa Han Se Kylin 10 miếng/hộp, Mặt nạ Sarinsa chống nhăn và co giãn 1",GIU,,,
gorgon,9,8,包装规格,"60g chanh dây, 30g quất xanh, Cà tím hoa hồng 35g, Trà lá dâu tằm 120g, 60g vỏ q",THAY,khiếm thực,,
satay,9,3,包装规格,hương vị satay,CHUA_CO,,,
devil,9,2,包装规格,"Sốt mè Liubiju vị không cay [10 gói], Sốt mè Liubiju vị cay nhẹ [10 gói], Gói hỗ",GIU,,,
gelena,9,7,产品规格,Mặt nạ làm sạch đánh bóng cơ thể bằng bọt khí siêu nhỏ Gelianna Red Diamond [5 m,CHUA_CO,,,
bow,9,7,颜色,"HW42 Leopard Print Bow [Mẫu vải trắng cổ], HW42 Leopard Pattern Bowknot [vân vải",CHUA_CO,,,
xiaoxiang,9,3,花型,"Gối đầu gấu thêu lông thỏ, Lông thỏ thêu nơ thắt lưng gấu, Gối đầu thỏ thêu nơ l",THAY,Chanel,,
gentle,9,9,容量,"[Môi bóng đào Fantasy] J811 Quả nhân sâm, 【Son Gương Hoa Đào】L01 Đồng Cỏ, [Son m",GIU,,,
yizhi,9,6,颜色分类,"【K309】Yizhi 4K+1080P+WiFi, 【K309】Yizhi 4K+1080P+WiFi+GPS, 【L308】Yizhi 4K+1080P+W",CHUA_CO,,,
bailan,9,7,颜色,"Trắng, Bailan, hồng, màu đen",CHUA_CO,,,
tathagata,9,1,颜色分类,"3inch Tiểu Đệ Nhất Đỏ [2 Hành Động], 3inch Tiểu Thanh Gia Phong Cách Xanh [2 Hàn",CHUA_CO,,,
perilla,9,9,产品规格,"Mặt nạ cam huyết Beauty Image/25ml, Mặt nạ dưỡng ẩm axit hyaluronic cà chua 25g,",THAY,tía tô,,
blue-light,9,9,花型,"Xám đá [100% Tencel 丨 mịn mượt], Gypsophila Purple-Dawn Silver [100% Tencel 丨 Th",CHUA_CO,,,
miss,9,3,花型,"01 # Vụ Bê Bối dâu tây, 02 # Miss Cheese, 03 # Không trứng và, 04 # Vỏ táo, 05 #",GIU,,,
midnight,9,7,颜色,"[Midnight Black] Kích thước trung bình có thể đựng được tạp chí, sách A4, [Khaki",CHUA_CO,,,
crisps,9,2,包装规格,"Khoai tây chiên Lay's [1 gói] 12g / Hương vị nguyên bản, Khoai tây chiên Lay's [",CHUA_CO,,,
rice,9,9,花型,"Mặt nạ cam huyết Beauty Image/25ml, Mặt nạ dưỡng ẩm axit hyaluronic cà chua 25g,",GIU,,,
jet,9,2,颜色,"AI-M118 Jet Black (Đối thoại thông minh) - Thiết kế mới, không rò rỉ âm thanh. S",CHUA_CO,,,
tyrannosaurus,9,5,规格,"Cà phê nhẹ KtA09, KtA10 xanh, KtA08 Hulan, KtA11 màu xanh lá cây, KtA07 Tây Đỏ, ",CHUA_CO,,,
dingjian,8,8,属性2,Nguồn siêu nhà máy xuyên biên giới mô hình nóng bao bì tiếng Anh ngoại thương rạ,CHUA_CO,,,
lucidum,8,7,包装规格,"[Bảng màu toàn diện khuôn mặt] # 02 Peach Blossom Face (thân thiện với da khô), ",THEO_CUM,,,
xuanyuan,8,7,生产厂家,Công ty TNHH Thực phẩm An Huy Xuanyuan,CHUA_CO,,,
ceylon,8,3,包装规格,"CTC số 5, CTC số 2, số CTC7, Phong cách quán bar Ceylon, CTC8, CTC1",GIU,,,
hop,8,8,风格,Hip hop đường phố,CHUA_CO,,,
sticks,8,3,包装规格,"Weilong Konjac Shuang 15+3g trộn ngẫu nhiên nhiều vị 20 gói không hộp, Weilong K",CHUA_CO,,,
dove,8,4,包装规格,"Livi màu cà phê đậm, Livi màu cà phê nhạt, Phấn ballet Dove, Đa Phù Cát Cánh Tím",GIU,,,
dora,8,6,尺寸,"Vinyl - Bên tài xế, Hành khách vinyl, Hàng ghế sau bằng nhựa vinyl, Vinyl - Lái ",GIU,,,
yajin-tinh,8,1,颜色,"Yunxiang Yajin-Tinh dầu nhập khẩu Pháp [Hilton] 200ML, Yunxiang Yajin-Tinh dầu n",CHUA_CO,,,
ya'an,8,7,生产厂家,Công ty TNHH trà xanh tre Ya'an,HANVIET,Nhã An,,
vintage,8,8,颜色,"100 Bột Xám (Bột Xám Lạnh), [Đã được hàng ngàn người mua lại] Son bóng dạng thỏi",GIU,,,
lanting,8,5,花型,"Kim vi tảo biển thêu Kain (12 lần), Mặt nạ thêu Kain, Cá hồi thêu Kain, Mặt nạ a",GIU,,,
akiyama,8,2,颜色,"Tựa đầu đục lỗ kiểu bong bóng màu đen quý phái, Tựa đầu đục lỗ kiểu bong bóng mà",CHUA_CO,,,
baolan,8,4,颜色,"Màu xanh lá, Màu đen, Xanh da trời, Xanh ngọc, Màu đen không có LOGO, Tianlan kh",CHUA_CO,,,
sugar,8,8,花型,[Chỉ bán hàng ngoại thương] Mặt nạ chiết xuất tươi dưỡng ẩm lô hội Gongpei (ngoạ,CHUA_CO,,,
olive,8,7,产品规格,"1# Trà Sữa Cam (Cam Sai) [Cam Kem], 2# Màu nude đa năng [Thân thiện với da màu v",CHUA_CO,,,
province,8,8,产品厂家厂址,"Số 5, Xiaojiawan, Zheyang Village, Wuyi Street, Wuyishan City, Fujian Province",CHUA_CO,,,
chenpi,8,4,包装规格,"Trà Nhân Sâm Năm Quý [5g x 30 túi]/túi, Trà Nhân Sâm Liubao [5g x 30 túi]/túi, T",HANVIET,trần bì,,
duoduo,8,7,花型,"Váy Bunny [Lớp mẹ và trẻ sơ sinh A mềm mại và thoải mái], Su Jin [Lớp A dành cho",CHUA_CO,,,
blooming,8,5,花型,Mặt nạ làm dịu và dưỡng ẩm Blooming JUYOU,GIU,,,
flavor,8,6,包装规格,"Xoài khô 100g, Xoài khô 60g, Dâu tây khô 50g, Dứa khô 50g, Đào vàng khô 60g, Quả",GIU,,,
maitreya,8,1,颜色分类,"3inch Tiểu Đệ Nhất Đỏ [2 Hành Động], 3inch Tiểu Thanh Gia Phong Cách Xanh [2 Hàn",CHUA_CO,,,
zhiduofuyan,8,5,产品规格,"Zhiduo Fuyan Whitening and Removal Mask (Tianzi Model)-Gói 25ml, Zhiduo Fuyan Wh",CHUA_CO,,,
pakani,8,1,颜色,"[6 mẫu xe ngẫu nhiên 1] xe thể thao hai cửa, [Đỏ] SF90-Đóng gói, [Vàng] SF90-Đón",CHUA_CO,,,
jungle,8,8,花型,Mặt nạ dưỡng ẩm Anay Jungle Hyaluronic Acid nicotinamide,CHUA_CO,,,
fox,8,6,颜色,"Hoàng đế, Hươu nhỏ, Sư tử, Mèo hồng, Rồng xanh, Gấu trúc kính hồng, Gấu trúc kín",GIU,,,
huayoutang,8,8,生产厂家,Công ty TNHH Phát triển Công nghiệp Y tế Bozhou Huayoutang,CHUA_CO,,,
war,8,4,颜色,"G01 # mùa hè mát mẻ, G02 # Trà Đen Băng ngọt, G03 # Dreamer Qingshui White Peach",CHUA_CO,,,
xinyang,8,5,包装规格,"Trà Tieguanyin 100g, Trà xanh Long Tỉnh 80g, Biluochun 100g, Xinyang Maojian 100",HANVIET,Tín Dương,,
volume,8,1,包装规格,"Bộ Sưu Tập Súp Bốn Thần (25 túi nhỏ * 10g), Trà đào năm ngón và trà poria (25 gó",CHUA_CO,,,
wallace,8,4,颜色,"Cổ túi Walkage tay ngắn màu đen, Cổ túi Walfag tay ngắn màu nâu, Túi cổ áo Walla",CHUA_CO,,,
monster,8,5,颜色,"Gấu lấp lánh mới, Tai nghe Bluetooth Little Yellow Bear, Tai nghe Bluetooth Blue",GIU,,,
kaka,8,6,颜色,"70238 gấu thêu, 70274 màu hồng cherry trơn, 70274 màu vàng chanh trơn, 70274 táo",GIU,,,
nuo,8,5,颜色,"Taro Tím--Phong Cách Mochi, Bột sa mạc--phong cách Nuo Sha, Màu trắng thanh lịch",GIU,,,
floral,8,7,包装规格,"Trọng lượng mẫu khoảng [30g], [Carbon nướng Dahongpao] Đơn giá 40 nhân dân tệ, [",CHUA_CO,,,
xuelingfei,8,3,产品规格,"Sữa rửa mặt dưỡng ẩm cao Xuelingfei Lily 500g, Mousse làm sạch Xueling Fei Qinru",GIU,,,
bingju,8,2,产品规格,Núi lửa Bingju nam,GIU,,,
vonfram,8,4,颜色,"Hộp quà cao cấp lớn bằng da vàng nhạt, Hộp quà tặng cao cấp bằng da thép vonfram",CHUA_CO,,,
walfag,8,4,颜色,"Cổ túi Walkage tay ngắn màu đen, Cổ túi Walfag tay ngắn màu nâu, Túi cổ áo Walla",THAY,waffle,,
maple,8,7,颜色,"01 # Quả đào ngọt ngào mâm xôi, 02 # Cà chua đường, 03 # Rồng chim lạnh, 04 # Ma",GIU,,,
qi,8,7,颜色,"[Ngũ cốc trắng] (Giá để cốc sạc USB mở phía trước), [Màu vàng chanh] (Giá để cốc",GIU,,,
line,8,6,颜色,"ACC Line (hỗ trợ giám sát bãi đậu xe), Bật lửa lấy điện, USB dây ngắn",XEM_TAY,,,
kauf,8,2,花型,"Kauf-Bentley màu xanh, Kauf-Xám cao cấp, Kaufu-xanh biển + tro núi, Kaufu-xanh x",CHUA_CO,,,
huili,8,3,颜色,"【Hộp】Máy bay nhỏ Huili, 【Hàng rời】Máy bay nhỏ Huili, 【Hộp】Xe ô tô đồ chơi Huili,",GIU,,,
shihe,8,4,产品规格,"Mặt nạ dưỡng ẩm axit hyaluronic (5 miếng/hộp), Mặt nạ làm đẹp da khô đông lạnh a",CHUA_CO,,,
shitou,8,6,产品规格,"Mặt nạ đông khô axit hyaluronic Oligopeptide [5 cái/hộp], Mặt nạ axit Hyaluronic",CHUA_CO,,,
shique,8,6,产品规格,"Mặt nạ dưỡng ẩm đông khô SEOMOU Oligopeptide Hyaluronic Acid [5 miếng/hộp], Mặt ",GIU,,,
ebony,8,3,尺寸,"Hoa sen lớn [boxwood + phước lành] màu đỏ, Hoa Sen Lớn [Gỗ Đào + Tài Lộc] Đỏ, Ho",CHUA_CO,,,
wabi-sabi,8,8,风格,"Thư giãn, Tân cổ điển, Thời trang, Phong cách đô thị, Phong cách Anh, Cổ điển, B",GIU,,,
madeline,8,3,产品规格,"Sữa rửa mặt thanh lọc axit amin Madeline 100g, Sữa rửa mặt thanh lọc axit amin M",GIU,,,
quad,8,3,颜色,"WIFI năng lượng mặt trời từ tính máy ảnh, 7inch Màn hình không dây trên ô tô với",CHUA_CO,,,
glow,8,5,产品规格,Mặt Nạ Tinh Chất Dưỡng Ẩm Aqua Glow Axit Hyaluronic Babog 25ml * 10 Tờ,CHUA_CO,,,
jinya,8,2,产品规格,"Sữa rửa mặt Jinniya Salicylic Acid Oil Control Amino Acid 500g, Sữa rửa mặt Jiny",CHUA_CO,,,
geely,8,4,颜色,"Một miếng cản trước [vui lòng để lại tin nhắn khi đặt hàng các mẫu khác], Một mả",GIU,,,
ximing,8,8,生产厂家,Nhà máy trà Zhengyan Ximing Wuyishan,CHUA_CO,,,
gaosheng,8,8,包装规格,"Hộp quà tặng sáu loại trà Qianli Jiangshan2, Lễ Trà Cao Cấp ""Bảy Loại Trà Nổi Ti",CHUA_CO,,,
chlorophyll,8,8,产品规格,"Bùn làm sạch nhẹ nhàng Axit Amin Chlorophyll, Bùn làm sạch axit amin diệp lục + ",THAY,diệp lục,,
chuangfukang,8,1,产品规格,Hộp băng keo sửa chữa Chuangfukang Collagen 5 miếng [có thể kiểm tra chống hàng ,GIU,,,
jiao,8,8,产品名称,Jiao Wei Huayang Boudoir Dream Warm Lipstick,GIU,,,
hip,8,8,风格,Hip hop đường phố,CHUA_CO,,,
cistanche,8,4,包装规格,"[Mẫu nâng cấp] Trà thơm đôi nhân sâm Cistanche deserticola Eucommiaxiong 15g, [M",THEO_CUM,nhục thung dung,,
dailin,8,5,产品规格,Sữa rửa mặt làm sạch axit amin Mei Dailin 100g,GIU,,,
hello,8,5,花型,"Mây mịn như nhung [Mặt A nhung bong bóng + Mặt B nhung sữa], Sweetheart Mochi [M",GIU,,,
henan,8,8,产地,Henan,CHUA_CO,,,
tutu,8,7,花型,váy tutu đen,GIU,,,
mix,8,5,包装规格,"9 loại trái cây, túi 500g, loại A, 9 loại trái cây, túi 500g, loại B, 8 trái cây",CHUA_CO,,,
glaze,8,8,产品名称,"Pure Desire Lip Glaze X Qinghuan NICE, Cô gái oxy X Qinghuan PRO",THEO_CUM,,,
saw,8,4,包装规格,"Trà hoa nhài hương thơm nụ trắng hộp quà bong bóng nhỏ số 66, Hộp Quà Trà Túy Qu",XEM_TAY,,,
pie,8,6,包装规格,"Váy Bunny [Lớp mẹ và trẻ sơ sinh A mềm mại và thoải mái], Su Jin [Lớp A dành cho",CHUA_CO,,,
mixiang,8,2,包装规格,"Hạt giống núi cao 500g, Hương thơm 500g, Mixiang Zhengshan Xiaoong 500g, Hạt giố",CHUA_CO,,,
gongmei,8,6,包装规格,Trà Trắng Phúc Định 2014 Gongmei,HANVIET,Cống Mi,,
sanfu,8,6,包装规格,"Trà Nhân Sâm Năm Quý [5g x 30 túi]/túi, Trà Nhân Sâm Liubao [5g x 30 túi]/túi, T",CHUA_CO,,,
yang,8,8,颜色,"洛凡美皙凡士林温变焕采润唇膏（新）2.7g, 泊泉雅男士舒润保湿护唇膏2.7g, Son dưỡng môi bảo vệ Luofan Beauty Vase",GIU,,,
ling,8,7,颜色,"Audi, Bảo Quân, Honda, BYD, zen tiêu chuẩn, Buick, Trumpchi, Độc giả lớn, Cánh Đ",CHUA_CO,,,
cellulose,8,8,材质,100% sợi cellulose tái tạo,CHUA_CO,,,
land,8,8,颜色,"Audi, Bảo Quân, Honda, BYD, zen tiêu chuẩn, Buick, Trumpchi, Độc giả lớn, Cánh Đ",GIU,,,
tail,8,4,包装规格,"ES6肥春浓香肥黄金芽2026年新茶浓奶香黄亮浓香耐泡款, FN5 Spring Tail Golden Bud 2026 Trà mới - Hương sữ",CHUA_CO,,,
chlorella,8,5,产品规格,"Mặt nạ làm săn chắc da Collagen Good Night (5g x 20 miếng/hộp), Mặt nạ làm mờ nư",CHUA_CO,,,
digao,8,1,颜色,"Digao toàn đen, Digao màu đen, Digao Bạc, Digao xám xanh trắng, Digao quả mơ vàn",CHUA_CO,,,
giant,8,7,颜色,"Kèn Trumpet Màu Xanh Da Trời [Dài 40 Rộng 28 Cao 23cm] Không Có Bánh Xe, Sakura ",CHUA_CO,,,
cationic,8,4,颜色,"Màu xám - vòng thép thông thường không có giá đỡ, Khaki - vòng thép thông thường",GIU,,,
universal,8,1,颜色,"CY226 Ghế Đơn - Đen [Sưởi Ấm Bằng Dây ☆ 12/24V Phổ Thông] Phiên Bản Vải Sợi, CY2",CHUA_CO,,,
luohe,8,8,生产厂家,"Luohe Pingping Food Co., Ltd.",CHUA_CO,,,
breeze,8,8,花型,"Váy Bunny [Lớp mẹ và trẻ sơ sinh A mềm mại và thoải mái], Su Jin [Lớp A dành cho",CHUA_CO,,,
up,8,8,产品规格,Mặt nạ chống nhăn CHICIYN Ice American Stay Up Late,GIU,,,
zheyang,8,8,产品厂家厂址,"Số 5, Xiaojiawan, Zheyang Village, Wuyi Street, Wuyishan City, Fujian Province",CHUA_CO,,,
gelina,8,6,产品规格,"POuQuR Boquan Yun Water Collagen Lotion Mask (Trắng và mờ) [3 miếng/hộp], Mặt nạ",GIU,,,
bubble,8,7,颜色,"Tựa đầu đục lỗ kiểu bong bóng màu đen quý phái, Tựa đầu đục lỗ kiểu bong bóng mà",THEO_CUM,bọt,,
monet,8,8,花型,"(100% cotton nguyên chất cấp độ mẹ và bé, đã qua kiểm định chất lượng) Quy Chù H",CHUA_CO,,,
hydrat,8,8,化妆品功效,2L,CHUA_CO,,,
calendula,8,8,产品规格,"Mặt nạ chống nhăn, làm săn chắc và đàn hồi Jilinsa 10 miếng/hộp, Mặt nạ chống nh",GIU,,,
core,8,3,颜色,"Phiên bản Bluetooth/Matte X6 (Quad Core + Single Mode) Đen, Phiên bản Bluetooth/",CHUA_CO,,,
koumei,8,8,属性2,Nguồn siêu nhà máy xuyên biên giới mô hình nóng bao bì tiếng Anh ngoại thương rạ,CHUA_CO,,,
knot,8,7,花型,Sunny Day Kitten [Loại A dành cho bà mẹ và trẻ sơ sinh ngủ khỏa thân thân thiện ,CHUA_CO,,,
offset,8,4,颜色,"Cỏ bốn lá xanh (bộ đồ cạp cao), Cỏ bốn lá màu hồng (bộ đồ lưng cao), Ngôi sao và",CHUA_CO,,,
nutcracker,8,8,容量,"Liên kết này dành cho cùng một sản phẩm với Pigeon, vì vậy vui lòng mua hàng cho",CHUA_CO,,,
roll,8,4,包装规格,"160g bánh bao nhỏ (tổng cộng 8 miếng), 200g bánh bao nhỏ (tổng cộng 10 miếng), 4",GIU,,,
toner,8,6,产品规格,"Sữa rửa mặt 168g, Sữa rửa mặt 80g, Mousse làm sạch 150g, Toner (Mới) 120ml, Sữa ",GIU,,,
nourishing,8,3,包装规格,"洛凡美皙凡士林温变焕采润唇膏（新）2.7g, 泊泉雅男士舒润保湿护唇膏2.7g, Son dưỡng môi bảo vệ Luofan Beauty Vase",GIU,,,
mingqiantou,8,5,包装规格,"[Khuyến nghị thương mại điện tử] Đậu L1 thơm và chịu bọt Long Tỉnh 500g, 2026 L2",CHUA_CO,,,
crown-blue,8,1,颜色,"Mùa hè Crown-Blue 14 miếng, Mùa hè Crown-Blue 15 miếng, Mùa hè Crown-Blue 16 miế",CHUA_CO,,,
angus,8,2,包装规格,"[Hương vị nguyên bản] bít tết Angus Úc giòn * 1 túi, [Vị cay nóng] bít tết Angus",GIU,,,
dada,8,5,颜色,"Dòng hoa nhí - Trầm hương, Dòng hoa nhí - Thung lũng Dâu tây, Bộ sưu tập hoa nhí",CHUA_CO,,,
zen,8,5,颜色,"Audi, Bảo Quân, Honda, BYD, zen tiêu chuẩn, Buick, Trumpchi, Độc giả lớn, Cánh Đ",GIU,,,
buick,8,6,尺寸,"Audi, Bảo Quân, Honda, BYD, zen tiêu chuẩn, Buick, Trumpchi, Độc giả lớn, Cánh Đ",CHUA_CO,,,
graphite,8,8,颜色,"Đệm khí vuông 5837 bột ổi, Đệm khí vuông 5837 màu đen mặt sau hồng, Đệm hơi vuôn",CHUA_CO,,,
lightning,8,3,颜色,"Màu xanh con công (kiểu bánh) phụ kiện thiết kế đơn giản (kiểu bánh), Hoa anh đà",GIU,,,
trading,8,8,生产厂家,"Cung cấp bởi Fujian Zhiming Tường Trading Co., Ltd.",CHUA_CO,,,
pocket,8,4,颜色,"da lộn màu vàng, Vải hai lớp vàng đen, Da lộn hai lớp màu vàng nâu, Double Pocke",CHUA_CO,,,
in-ear,8,5,颜色,Tai nghe Bluetooth in-ear không dây dòng S18 Discovery,THAY,nhét tai,,
call,8,2,颜色,"Phiên bản hàng đầu màu trắng in-ear [Vỏ sạc Bluetooth 5.4 Smart AI HD Call], Phi",CHUA_CO,,,
haha,8,8,花型,"Thỏ Peter [Loại A dành cho mẹ và bé], Màu tím đầu hè [Loại A, cấp độ an toàn cho",CHUA_CO,,,
haoyuebai,8,7,颜色,Màu xanh huỳnh quang [Âm thanh vòm HIFI*Màn hình kỹ thuật số thông minh LED*cuộc,CHUA_CO,,,
hawthorn,8,7,包装规格,"100 Bột Xám (Bột Xám Lạnh), [Đã được hàng ngàn người mua lại] Son bóng dạng thỏi",CHUA_CO,,,
hanse,8,5,产品规格,"Mặt nạ chống nhăn, làm săn chắc và đàn hồi Jilinsa 10 miếng/hộp, Mặt nạ chống nh",GIU,,,
woof,8,4,花型,"Thỏ Phô Mai Ngủ Ngon 【Vải loại A, mềm mại, thân thiện với da, không xù lông】, Gi",CHUA_CO,,,
cocos,8,7,包装规格,"Đào lông năm ngón, Poria cocos",CHUA_CO,,,
aquarium,8,1,颜色,"Bể cá hạnh phúc màu xanh, Bể cá hạnh phúc màu hồng, Happy Aquarium Blue + Tuốc n",CHUA_CO,,,
feifei,8,8,花型,Tay áo Feifei,CHUA_CO,,,
zhong,8,7,芯片类型,Zhong Kế Lan Tuyên,THEO_CUM,,,
adzuki,8,5,包装规格,"Hậu phác, nhân sâm Mỹ, đậu adzuki, nhân sâm đỏ, nhãn, chà là đỏ, v.v.",CHUA_CO,,,
zhongzhi,8,8,生产厂家,Công ty TNHH Công nghệ Y tế Bozhou Zhongzhi,GIU,,,
fangziyan,7,3,产品规格,Mặt nạ dưỡng ẩm axit hyaluronic Fangziyan,CHUA_CO,,,
organ,7,4,颜色,túi đựng đàn organ,CHUA_CO,,,
gaoxiang,7,5,包装规格,"Hoa nhài tuyết 100g, Hoa nhài tuyết 250g, Tuyết hoa nhài 250g/can, Hoa nhài tuyế",CHUA_CO,,,
serum,7,7,产品规格,"Miếng dán nén lạnh làm mát thuốc an thần y tế thương hiệu cơ khí loại I, Lựa chọ",GIU,,,
chunsheng,7,1,包装规格,"Hộp quà All Things Chunsheng Trà Long Tỉnh 200g, Hộp quà tất cả mọi thứ Chunshen",CHUA_CO,,,
veer,7,1,花型,"Veer - Trắng ngà [Công nghệ dệt jacquard, thoải mái, thoáng khí, mềm mại, thân t",CHUA_CO,,,
yongchen,7,4,产品规格,"Sữa rửa mặt Chuman Salicylic Acid 750g, Sữa rửa mặt cho nam Ocean ism 300g, Sữa ",CHUA_CO,,,
halloween,7,7,适用节日,"Giáng sinh, Ngày lễ tình nhân, Tết Nguyên Đán, Ngày của cha, Ngày của mẹ, Ngày n",GIU,,,
loka,7,7,花型,"Xanh Bentley + Xám nhạt [Vải nhung sữa định lượng cao, không rụng lông, chống tĩ",CHUA_CO,,,
shunchang,7,3,尺寸,"Màu trắng [Phiên bản nâng cấp của Shunchang có chất lượng tốt hơn], Màu đen [Chấ",CHUA_CO,,,
fengqing,7,5,包装规格,"Trà trắng Iceland 1 miếng, Ánh trăng trắng 1, Trà chín núi nâu 1 miếng, Fengqing",HANVIET,Phượng Khánh,,
sichuan,7,4,包装规格,"Quả óc chó vỏ giấy 50g, Quả óc chó giấy 120g, Hạt macadamia 50g, Hạt macadamia 6",HANVIET,Tứ Xuyên,,
fawn,7,6,颜色,"Mặt nạ họa tiết ngựa vằn 25ml [Chỉ dành cho xuất khẩu ngoại thương, cấm bán hàng",CHUA_CO,,,
shuxiang,7,3,尺寸,"Gối đầu Shuxiang, Shuxiang eo, Bộ tựa lưng tựa đầu Shuxiang",GIU,,,
maoping,7,7,产品厂家厂址,"Số 69, Maoping, Làng Gongguan, Thành phố Vũ Di Sơn, Tỉnh Phúc Kiến",CHUA_CO,,,
mud,7,7,产品名称,"1.52 mét mờ * 1 mét [màu ghi chú], Màu đen mờ 30 cm * 1 m1, Màu đen mờ 30 cm * 1",THEO_CUM,bùn,,
boy,7,4,颜色,"BEOTUA Peach Smooth Repair Son dưỡng môi 4g, Son dưỡng môi và son dưỡng môi đàn ",CHUA_CO,,,
jingyan,7,6,产品规格,"Mặt nạ chống nhăn, làm săn chắc và đàn hồi Jilinsa 10 miếng/hộp, Mặt nạ chống nh",CHUA_CO,,,
jingmai,7,5,包装规格,"Trà chín Menghai Golden Bud Golden Needle 2018 500g, Trà nấu cung điện Menghai 2",HANVIET,Cảnh Mại,,
bohemian,7,7,风格,bohemian,GIU,,,
shangri-la,7,6,颜色,"Hoa Lan Nam Phi-[dung tích lớn 120ml] hương thơm thanh lịch, Gulong-[dung tích l",CHUA_CO,,,
qinghuan,7,6,花型,"Pure Desire Lip Glaze X Qinghuan NICE, Cô gái oxy X Qinghuan PRO",GIU,,,
vegetable,7,2,包装规格,"Cheese Yellow # Đầy đủ tính năng [Cổng sạc giá đỡ cốc], Bột đào # đầy đủ tính nă",CHUA_CO,,,
homestay,7,7,床品适用,"Dùng trong gia đình, homestay, mua chung, xuyên biên giới",GIU,,,
chocolate,7,5,包装规格,KeKe Mood Chocolate Rococo Series Son môi 01 #,GIU,,,
chuanjin,7,2,包装规格,"Trà Wan Ming Jin Gun Guben (Túi Trà 150g đóng hộp), Trà Gu Ben Hard Man dược phẩ",CHUA_CO,,,
hongwang,7,1,净重（规格）,"[Ba mươi loại] 120 gói, [Ba mươi loại] 90 gói, [Ba mươi loại] 60 gói, Zhou Chang",CHUA_CO,,,
qingfeng,7,7,花型,"Cụm hoa [100% cotton, thân thiện với da và thoáng khí], Xiancao [100% cotton Tân",CHUA_CO,,,
polypropylene,7,7,具体材质,Polypropylene (pp),GIU,,,
whirlwind,7,2,包装规格,"Shuanghui [hương vị hỗn hợp ngẫu nhiên] 32g * 10 miếng, Shuanghui [Xúc xích chó ",CHUA_CO,,,
hei,7,5,颜色,"Màu trắng khí chất [giá đỡ cốc móc], Yao Ye Hei [Móc cốc], Xám không gian sâu [g",CHUA_CO,,,
radiance,7,6,产品规格,"Mặt nạ dưỡng ẩm axit hyaluronic 5 cái/hộp, Mặt nạ làm dịu và làm dịu Blue Copper",CHUA_CO,,,
real,7,4,颜色,"Màu đen, Màu xám, Màu xanh lam, Màu xanh lá, Màu đen acmilan, Paris màu đen, Màu",GIU,,,
cannon,7,4,属性1,"Mặt Nạ Vàng Collagen Cannon, Mặt Nạ Collagen King Kong, Mặt Nạ Giấy, Dưỡng Ẩm, C",GIU,,,
candy,7,7,花型,"khủng long xanh1, Gấu trúc kính hồng, Gấu trúc đeo kính xanh, sư tử vàng, khủng ",CHUA_CO,,,
ivory,7,2,颜色,"Trắng Ngà - Kiểu Hẹp (Đóng Gói Lẻ) [Siêu Dày, Không Mùi], Trắng Ngà - Cỡ Vừa (Gó",CHUA_CO,,,
poquanyun,7,3,产品规格,"Mặt nạ Collagen Seaweed Ice Skin (30ml * 5 miếng trong suốt), Mặt nạ collagen ro",CHUA_CO,,,
yunduo,7,5,颜色,"[Xiaguang Orange] Hộp đựng đồ dưới bảng điều khiển trung tâm 1 gói, [Yunduo Whit",GIU,,,
annie,7,7,花型,"MZ - Nơ bướm màu tím 【Vải loại A, thân thiện với da, mềm mại, không xù lông】, MZ",CHUA_CO,,,
iron,7,4,包装规格,"500 Đầu Trà Đại Hồng Bào Số 8 [Thành phần trà], 500g trà Đại Hồng Bào số 11 hươn",CHUA_CO,,,
pomegranate,7,7,产品规格,Mặt nạ chiết xuất tươi làm trắng da Gongpei Avocado 25ml (chỉ dành cho bán hàng ,THAY,lựu,,
fiber,7,4,产品规格,"50 viên mặt nạ nén sợi (kèm chai bong bóng), Mặt nạ nén Tencel 50 viên (gửi chai",THEO_CUM,sợi,,
linen,7,5,花型,"[Môi bóng đào Fantasy] J811 Quả nhân sâm, 【Son Gương Hoa Đào】L01 Đồng Cỏ, [Son m",THAY,lanh,,
bird's,7,7,产品规格,"Mặt nạ Zhiduofuyan (kiểu Tian) - 25ml/cái ""Giá đặc biệt"", Mặt Nạ Dưỡng Da Chống ",CHUA_CO,,,
biye,7,1,颜色,"Đệm ngồi gấu tổ ong Biye Hàng ghế trước, Tựa lưng đệm ghế hình tổ ong Biye Bear,",CHUA_CO,,,
purifying,7,7,产品名称,Sữa Rửa Mặt Renrenhe Ingenious Plant Complex Purifying,THEO_CUM,làm sạch,,
wan,7,7,花型,"Wan Shi Shunli Pastry-6 mỗi hộp, Bánh ngọt liên kết quả hồng ngon-6 cái một hộp,",GIU,,,
walfger-xanh,7,3,花型,"Walfger-vàng xanh, Walfger-vàng ngỗng, Walfger-hồng ngọc, Walfger-Lucao, Walfger",CHUA_CO,,,
fiona,7,7,花型,"""Extra Thick"" Snow Orchid Heart - [Chống vón cục - Bền màu], Happy Valley ""Extra",CHUA_CO,,,
honeycomb,7,6,产品规格,"Gối đầu gấu thêu lông thỏ, Lông thỏ thêu nơ thắt lưng gấu, Gối đầu thỏ thêu nơ l",GIU,,,
vanilla,7,7,颜色,"Bánh xe trượt băng trắng & tím, Bánh xe trượt băng trắng & xanh, Bánh xe trượt b",CHUA_CO,,,
satchel,7,7,箱包潮流款式,Túi đeo chéo polene cánh New ArrivalCyme polene da bò tote Túi satchel sức chứa ,THAY,cặp,,
superman,7,2,颜色,"772-122兔兔收纳包, 772-140酷乐猫诊所板装, 603-1 Đồ chơi ăn sáng bổ dưỡng, Bếp nhỏ ngon 603-1",CHUA_CO,,,
shang,7,6,花型,"Senna/Grevia/Grevia, Toyota CHR/Yize, Toyota Ralink/Corolla/Sư tử châu Á/Ling Sh",GIU,,,
pian,7,4,花型,"Ninh Sơ - Xanh nhạt [100% cotton - Thích hợp ngủ không mặc đồ], Bạch Đường - Tím",CHUA_CO,,,
schnauzer,7,3,颜色,"Mũ nơ tổ ong đệm con chó phía trước, Mũ nơ tổ ong, đệm ngồi cho chó con, tựa lưn",CHUA_CO,,,
ferrule,7,4,颜色,"[Phiên bản cơ bản] Chú chó con màu xanh, [Phiên bản cơ bản] Mèo con màu cam, [Ph",CHUA_CO,,,
iceberg,7,6,花型,"Dream Pink Snow Green Purple [100% Tencel tận hưởng mượt mà], TS Pure White [100",CHUA_CO,,,
print,7,2,颜色,"HW42 Leopard Print Bow [Mẫu vải trắng cổ], HW42 Leopard Pattern Bowknot [vân vải",CHUA_CO,,,
rockland,7,4,花型,"Ánh trăng xanh sương mù, Trà sữa phô mai, Xanh lá cây phô mai, Màu trơn xám đậm,",CHUA_CO,,,
jd,7,7,售卖平台,"Tmall, JD, nền tảng phát sóng trực tiếp",CHUA_CO,,,
club,7,1,颜色,Kích thước lớn có thể phun nước [đường ray chữa cháy biến dạng] 4 xe hợp kim (hộ,CHUA_CO,,,
tongtianxiang,7,5,包装规格,"Trà hoa nhài hương thơm nụ trắng hộp quà bong bóng nhỏ số 66, Hộp Quà Trà Túy Qu",CHUA_CO,,,
hadaru,7,2,产品规格,"Sữa rửa mặt dưỡng ẩm cho nam giới 50g, Sữa rửa mặt thanh lọc hoạt tính Amino Aci",CHUA_CO,,,
seaweed,7,6,产品规格,"SEOMOU Seaweed Collagen hộp 5 miếng, Ice Skin Extract Seaweed Collagen Hộp 5 Viê",THAY,rong biển,,
seattle,7,7,花型,"Benny Dog [mô hình bà mẹ và trẻ sơ sinh được nâng cấp 7A], KT Meow [mẫu mẹ và bé",CHUA_CO,,,
atmos,7,3,颜色,Bright Purple [Champion Limited Edition] Cinema Dolby Atmos ▲ Thời lượng pin dài,CHUA_CO,,,
desert,7,7,颜色,Giá đỡ tấm chắn chữ U bằng kim loại [Xingyu Orange] với vỏ mềm chống rơi bằng ph,CHUA_CO,,,
shanyun,7,1,包装规格,"500g Trà Ô Long Tieguanyin Thơm Ngát, Hạng 7.5 [Nguyên Liệu Pha Trà Điện Tử], 50",CHUA_CO,,,
anti-wrinkle,7,6,产品规格,"Zhiduo Blue Copper Peptide Moisturizing Anti-Wrinkle Mask-Miếng 25ml, Mặt Nạ Dưỡ",CHUA_CO,,,
panpan,7,4,包装规格,"Gấu đỏ và xanh trong suốt lấp lánh, Kẹp tai hình gấu thời trang., Gấu vàng nhỏ, ",GIU,,,
off,7,3,颜色,"70% off cotton-xám (151*55cm), 70% off cotton nâu (151*55cm)",THEO_CUM,,,
oneplus,7,1,适用型号,"OnePlus acePro, một cộng ace2, oneplus ace2pro, một cộng ace3, oneplus ace3pro, ",GIU,,,
one,7,6,包装规格,"ES6肥春浓香肥黄金芽2026年新茶浓奶香黄亮浓香耐泡款, FN5 Spring Tail Golden Bud 2026 Trà mới - Hương sữ",CHUA_CO,,,
yijieliang,7,1,颜色分类,"Chất tẩy rửa bọt đa chức năng Yijieliang 650ml x1, Chất tẩy rửa bọt đa chức năng",CHUA_CO,,,
premium,7,7,包装规格,"ZT911 Trắng + Xanh (Vô lăng đua - Mở phía trước = Kiểu hình ảnh chính), ZT911 Tr",GIU,,,
products,7,6,包装规格,Bộ trà miễn phí ba loại trà chính của Ssangyong Yupin (Jin Junmei Dahongpao Tieg,CHUA_CO,,,
huayin,7,5,花型,"Sữa rửa mặt in hoa, Sữa Rửa Mặt Hana Ume Sake 120g, Sữa Rửa Mặt Bọt Mịn Huayin 1",GIU,,,
huaxing,7,2,净重（规格）,"Bắp gân thịt bò Doctor 10 gói, Bắp gân thịt bò Doctor 20 gói, Bắp thịt Doctor Be",CHUA_CO,,,
eagle,7,7,颜色,"Súng hơi 115-1 98K, 115-5 Laifu Soft Shotgun [Màu sắc ngẫu nhiên], 115-10 khẩu s",GIU,,,
natto,7,6,产品规格,"Mặt nạ trẻ hóa Shi Kou Huang Water Lotus Thức khuya (25ml/miếng), Mặt nạ dưỡng ẩ",GIU,,,
men's,7,6,产品规格,CHDES Son Family Men's Oil Control Soothing Cleanser,THEO_CUM,nam,,
tender,7,5,包装规格,Mặt nạ collagen nữ Boquan Ya Polypeptide Tender,CHUA_CO,,,
catherine,7,1,花型,"Catherine - Trắng ấm, Catherine - Trắng ấm + Nâu cà phê, Catherine - Đậu Đỏ Ấm Á",CHUA_CO,,,
celadon,7,7,颜色,"màu đen cổ điển, giấy trắng cổ điển, Màu xám thép cổ điển, màu xanh hải quân cổ ",CHUA_CO,,,
hydrating,7,7,产品规格,"Mặt nạ khẩn cấp JM (Ngày hết hạn: 2028), Mặt nạ mật ong JM (Ngày hết hạn: 2028),",THEO_CUM,cấp ẩm,,
lolita,7,5,花型,phong cách lolita,GIU,,,
pumpkin,7,7,颜色,"""Extra Thick"" Snow Orchid Heart - [Chống vón cục - Bền màu], Happy Valley ""Extra",CHUA_CO,,,
nikf-tay,7,3,颜色,"Trắng (lớn NK)-tay ngắn, Đen (lớn NK)-tay ngắn, Trắng (nhỏ NK)-tay ngắn, Đen (nh",CHUA_CO,,,
lbs,7,3,包装规格,Trầm hương táo tàu 2015 bánh trà trắng cũ 10g mẫu trà khuyến nghị chính đơn giá ,CHUA_CO,,,
shili,7,3,颜色,"dơi ngắn tay màu trắng, dơi ngắn tay màu đen, Dơi ngắn tay màu xám, Thuyền buồm ",CHUA_CO,,,
shuan,7,6,产品规格,"Mặt nạ chống nhăn, làm săn chắc và đàn hồi Jilinsa 10 miếng/hộp, Mặt nạ chống nh",CHUA_CO,,,
edelweiss,7,5,花型,"Son dưỡng ẩm Meitixiu Xpress # 01 # Đào Edelweiss, Son dưỡng ẩm Meitixiu Xpress ",CHUA_CO,,,
earl,7,5,包装规格,"1 # Lâu đài cổ gặp gỡ, 2 # Earl Rose, 3 # Rừng sương mù, 4 # Cảnh báo nhịp tim, ",GIU,,,
haval,7,6,颜色,"Audi, Bảo Quân, Honda, BYD, zen tiêu chuẩn, Buick, Trumpchi, Độc giả lớn, Cánh Đ",GIU,,,
track,7,3,颜色,"Stars (bông thực vật), Moon (Bông Gốc Thực Vật), Star track (bông thực vật), Mis",GIU,,,
hericium,7,6,包装规格,"Trà Ô Long Đào [Con dấu 8 mặt 20 túi], Trà Nữ Thần Liubao [Con dấu tám mặt 20 gó",CHUA_CO,,,
chuo,7,6,产品规格,Mặt nạ collagen rong biển Shi Chuo SEOMOU,CHUA_CO,,,
hengchenzhen,7,1,包装规格,"Gà khô năm vị Hengchenzhen 250g*1 lon, Gà khô năm vị Hengchenzhen 500g*1 lon, Th",CHUA_CO,,,
jia,7,5,产品规格,"Mặt nạ dưỡng da rạng rỡ số 1 225G (mặt nạ Keyun*lan số 8 được khắc lại), Mặt nạ ",GIU,,,
liyi,7,6,产品名称,Mặt nạ làm sáng da Liyi Keyan Skin Source,GIU,,,
aroma,7,1,包装规格,"GGM Longan Xiang Jin Junmei 2026 trà mới - trà đen cây già béo, mềm và thơm, GPP",CHUA_CO,,,
armor,7,3,颜色,"Biến dạng cơ khí thay đổi đặc biệt (chụp 10 vòng một hộp trưng bày), Bộ giáp kỹ ",CHUA_CO,,,
crepe,7,2,包装规格,"Muối biển ca cao-ym, Hoa nhài trà trắng-ym, Mây bùn khoai môn-ym, Sữa dày Zhizhi",CHUA_CO,,,
crayon,7,7,花型,"Ngựa vằn, Thỏ hoa, Vân sóng nước, Haze ash-khói xám, Gấu trắng cà phê, Caro đen,",CHUA_CO,,,
argan,7,7,产品类别,Giày Argan,CHUA_CO,,,
claw,7,3,花型,"Hoa nhẹ nhàng [100% cotton hai mặt], Avril Lavigne [100% cotton hai mặt], Khủng ",GIU,,,
corn,7,6,颜色,"Ngũ cốc trắng [chất lượng được lựa chọn cẩn thận với các ngăn], Bột Corn [Chất l",GIU,,,
keyan,7,6,产品名称,Mặt nạ làm sáng da Liyi Keyan Skin Source,GIU,,,
whale,7,4,产品规格,"Mặt nạ khẩn cấp JM (Ngày hết hạn: 2028), Mặt nạ mật ong JM (Ngày hết hạn: 2028),",CHUA_CO,,,
dreamland,7,7,颜色,"Bi Han + Biển Hoa Fangfei [Bộ bốn món nhung sữa có trọng lượng cao], Beihan + Ng",CHUA_CO,,,
huzhou,7,6,区域,Quần áo trẻ em Huzhou Zhili,HANVIET,Hồ Châu,,
pueraria,7,6,包装规格,"200ml đóng hộp * hoa nhài, 200ml lon * thai cúc, 200ml đóng hộp * hoa hồng, Đóng",CHUA_CO,,,
applex,7,7,适用型号,"iPhone 6, Apple 6S, Apple 6PLUS, Apple 6S PLUS, iPhone 7, Apple 7PLUS, Apple 8PL",CHUA_CO,,,
doudou,7,7,颜色,Công ty TNHH phát triển thực phẩm Yiyang Doudou,GIU,,,
xiaojiawan,7,7,产品厂家厂址,"Số 5, Xiaojiawan, Zheyang Village, Wuyi Street, Wuyishan City, Fujian Province",CHUA_CO,,,
xiaohongshu,7,7,代发平台,Có thể xếp chồng để sử dụng 【Xiaohongshu đề xuất】Sắp xếp phân loại,GIU,,,
ampoule,7,4,产品规格,"冰肤之萃胶原蛋白沁润面膜（上下脸膜布）【5片/盒】, Gelianna格莲娜麦角硫因胶原蛋白舒缓油敷面膜【5片/盒】, Mặt nạ dưỡng ẩm chốn",GIU,,,
tsukishima,7,6,花型,"[Bốn Mùa] Đảo Mặt Trăng Mi Sheng-Cocoa Brown, [Bốn Mùa] Đảo Mặt Trăng Mi Sheng-X",CHUA_CO,,,
koso,7,6,包装规格,"Hương vị quế, Hương vị Zhengshan Kota, Thưởng thức áo choàng đỏ, Hương vị Jin Ju",CHUA_CO,,,
nius,7,1,颜色,"Mục Thần---Hắc in hoa văn, Mộ Thần---Xám trắng News, Mục Thần---Ngọc trai xanh t",CHUA_CO,,,
bears,7,7,花型,"Màu nhỏ tình yêu [nâng cấp nhung tuyết thân thiện với làn da nhung ấm áp], Edelw",CHUA_CO,,,
xinmingtang,7,7,生产厂家,"Công ty TNHH trà Xinmingtang, Huyện Qimen, tỉnh An Huy",CHUA_CO,,,
xiaozhong,7,3,包装规格,"Mặt hàng trà đen 2 tầng Xiaozhong số 102 #, Trà đen (hương vị mạnh Souchong) Mã ",HANVIET,Tiểu Chủng,,
spider,7,4,颜色,"Con nhện ASD123 vỏ bạc nhiều màu đen mát mẻ, Vỏ bạc đầy màu sắc-Tím-Hợp thời tra",CHUA_CO,,,
stay,7,7,产品名称,Mặt nạ chống nhăn CHICIYN Ice American Stay Up Late,THEO_CUM,,,
ou,7,7,花型,Mặt nạ dưỡng ẩm và trong mờ Ou Zicui-Golden Caviar 25gx5 miếng,GIU,,,
pack,7,6,颜色,Bộ sơn môi gương mật ong mềm mại hình con bướm Sensory Party Six Pack,GIU,,,
bit,7,3,规格,"Phiên bản bình thường, Phiên bản dịch AI (Bit Smart)",CHUA_CO,,,
bugatti,7,2,颜色,"Bugatti [Chiến binh đen] 357-11, Bugatti [Cam] 357-11, Bugatti [màu đỏ] 357-11, ",CHUA_CO,,,
cyber,7,6,颜色,"Màu đen sang trọng, xám nhạt nâu, xanh ô liu, Màu đen và nâu cà phê thanh lịch, ",CHUA_CO,,,
dalmatian,7,2,颜色,"Túi tre màu cà phê 30*20, Túi tre dachshund 30*20, Túi Tre Hình Chó Bong Bóng 30",CHUA_CO,,,
trident,7,2,颜色,"Trident [màu đen], Trident [màu xám], Trident [màu trắng], Cờ ba màu 【đen】, Cờ b",CHUA_CO,,,
lightyear,7,7,形象,"Phong cách hoàng gia-Rankin, Phong cách hoàng gia-Vàng tím, Nhẹ nhàng hoa lá - X",CHUA_CO,,,
morandi,7,6,颜色,"[Tính khí màu đen] Silicone lỏng * Chống rơi và chống bám bẩn, [Trắng cổ] Silico",GIU,,,
chanson,7,7,花型,"Cụm hoa [100% cotton, thân thiện với da và thoáng khí], Xiancao [100% cotton Tân",CHUA_CO,,,
xiangrui,7,7,包装规格,"Hộp gỗ Sheng Shihao Li 30 lon [Jin Junmei], Sáu loại trà nổi tiếng xuyên biên gi",GIU,,,
pioneer,7,6,颜色,"B58 # Ruby, 62# Bột mê hoặc, 200# màu nâu đỏ, 927# trà ca cao nâu, 997# Ăn cà ph",CHUA_CO,,,
nemo,7,7,形象,Đi tìm Nemo,CHUA_CO,,,
granules,7,1,颜色,"ABS hạt lớn (Đóng gói một catty) 69 hạt, 1 kg khối xây dựng (tất cả các hạt lớn)",CHUA_CO,,,
cyan,7,5,颜色,"Haze Blue (bịt tai thoải mái/chất lượng âm thanh HIFI/thời lượng pin dài), Bột d",CHUA_CO,,,
pinellia,7,7,花型,"Mèo con bên kia bờ-Ngày nắng, Bờ kia - điểm sóng muối biển, Bờ kia-Thỏ Barbie, B",CHUA_CO,,,
pistachio,7,7,颜色,"Ba lô thế hệ thứ hai chất lượng cao - màu đen cổ điển, Ba lô thế hệ thứ hai chất",THAY,hạt dẻ cười,,
xiangdangdang,7,2,净重（规格）,"[Hai mươi món ăn nhẹ tuổi thơ] 30 gói, [Hai mươi món ăn nhẹ tuổi thơ] 60 gói, [H",CHUA_CO,,,
hsu,7,1,包装规格,"喜糖试吃全店随便选, Kẹo cứng hương đào trắng Hongyuan 500g, khoảng 120 miếng, Kẹo sữa Wan",CHUA_CO,,,
yingde,7,5,产品类别,Trà đen Yingde,HANVIET,Anh Đức,,
zhili,7,6,区域,Quần áo trẻ em Huzhou Zhili,HANVIET,Chức Lý,,
purple-dawn,7,7,花型,"Xám đá [100% Tencel 丨 mịn mượt], Gypsophila Purple-Dawn Silver [100% Tencel 丨 Th",CHUA_CO,,,
family,7,3,包装规格,CHDES Son Family Men's Oil Control Soothing Cleanser,GIU,,,
snake,7,6,产品规格,Mặt nạ vàng chống nhăn Shangduo Retinol Snake Venom Peptide,THEO_CUM,,,
biotechnology,7,7,生产厂家,"Bozhou Yufang Tea Biotechnology Co., Ltd.",CHUA_CO,,,
bio-collagen,7,2,产品规格,"Mặt nạ collagen trẻ hóa Gelianna Gelina (Trắng), Mặt nạ collagen trẻ hóa DASSFN ",CHUA_CO,,,
xueling,7,3,产品规格,Mousse làm sạch Xueling Fei Qinrun,GIU,,,
eyre,7,7,花型,Phô mai và phô mai [loại A bà mẹ và trẻ sơ sinh/thân thiện với làn da và mềm mại,CHUA_CO,,,
sling,7,7,款式,Phong cách sling,CHUA_CO,,,
vine,7,5,净重（规格）,"[Gói kết hợp] Dải cay + miếng cay + que cay + lát cay, tổng cộng 4 gói lớn 100g,",CHUA_CO,,,
shotgun,7,3,颜色,"Súng hơi 115-1 98K, 115-5 Laifu Soft Shotgun [Màu sắc ngẫu nhiên], 115-10 khẩu s",CHUA_CO,,,
handmade,7,3,颜色,"Trà Tieguanyin thơm 500g mỗi pound, Huangkouxiang Tieguanyin số 1 mỗi catty 500g",CHUA_CO,,,
haoxiang,7,3,包装规格,"Dahongpao PVC đóng hộp 25 gói, Tự uống sản phẩm mới đặc biệt (Yanxiang) Dahongpa",CHUA_CO,,,
manor,7,6,花型,"Ấm áp như mùa hè-[Cotton], Silk-Geyun Space-【Cotton 】, Cam tươi-[Bông], Rèm Mùa ",CHUA_CO,,,
simon,6,1,花型,"Livi màu cà phê đậm, Livi màu cà phê nhạt, Phấn ballet Dove, Đa Phù Cát Cánh Tím",CHUA_CO,,,
marathon,6,5,适用场景,"A5-1 màu xanh lam mát mẻ, Màu cam A5-1, A5-1 Ben xám bạc, Màu trắng đậm A5-1, A5",GIU,,,
maroon,6,6,颜色,"Tùy chỉnh độc quyền OEM/ODM, 01#Đường Rye, 02#icebose cam, 03#Cành trà quế, 04#B",CHUA_CO,,,
fangfei,6,4,花型,"Bi Han + Biển Hoa Fangfei [Bộ bốn món nhung sữa có trọng lượng cao], Beihan + Ng",CHUA_CO,,,
mangosteen,6,1,颜色,"Ôm Gấu 19 [Bốn Mùa], Ôm Gấu 21 [Bốn Mùa], Ôm Gấu 25 [Bốn Mùa], Ôm Gấu 19 [Phong ",CHUA_CO,,,
renrenhe,6,6,产品名称,Bọt làm sạch dịu nhẹ từ thực vật Renrenhe,CHUA_CO,,,
indigo,6,6,花型,"vàng đen, PU Đen với Nhãn Đen, Nhãn vàng đen PU, Nhãn bạc đen PU, PU trắng xanh,",CHUA_CO,,,
wisteria,6,6,花型,"Giữa hè [80 miếng có trọng lượng cao], Indigo Naturalis [trọng lượng cao 80 miến",CHUA_CO,,,
william,6,1,花型,"Xám đậm William, William xám nhạt, Sữa lắc William trắng, William Bentley xanh l",CHUA_CO,,,
shou,6,5,包装规格,"2019 [đóng hộp] nội dung ròng 500g, 2019 [Túi] Khối lượng tịnh 252g, 2019 [Bán b",THEO_CUM,,,
aegean,6,5,花型,"Dày nguyên chất (vàng sáng + nâu), Dày nguyên chất (trắng sữa + nâu), Dày nguyên",CHUA_CO,,,
aishang,6,4,生产厂家,Công ty TNHH Aishang (Sơn Đông),GIU,,,
dili,6,6,生产厂商,Công ty TNHH Điện tử Đông Quan Xinsheng Dili,GIU,,,
gatling,6,3,颜色,Không Xịt [Chạy Bằng Pin] Xanh Dương & Trắng - Súng Phát Âm Thanh & Ánh Sáng [Hi,GIU,,,
houkui,6,2,包装规格,Thái Bình Houkui,HANVIET,Hầu Khôi,,
chinese,6,2,颜色,Champagne phiên bản tiếng Anh [khử tiếng ồn ANC trong kho màn hình màu thông min,CHUA_CO,,,
accordion,6,5,颜色,"Đàn phím xếp hình Vịt con vàng [Tiêu hao thể lực của bé] Hộp quà, Vịt con vàng [",THAY,xếp ly,,
sloth,6,6,容量,"Bình sữa 240ml/PPSU (núm ti cỡ M) Thỏ rừng 218, Bình sữa trẻ em 240ml/PPSU (núm ",CHUA_CO,,,
bingxi,6,4,产品规格,Mặt nạ Collagen trẻ hóa Ice Skin Rejuvenating (Màu trắng trở nên trong suốt) [5 ,CHUA_CO,,,
accord,6,3,包装规格,"Honda Accord, Honda CRV/Haoying, Honda Crown Road/UR-V, Honda Sibolui, Honda Ody",GIU,,,
chacha,6,5,颜色,"Cụm hoa [100% cotton, thân thiện với da và thoáng khí], Xiancao [100% cotton Tân",GIU,,,
fleece,6,3,颜色,"Bàn chải bụi ô tô cỡ nhỏ (túi OPP), Bàn chải bụi ô tô nhỏ (có vỏ bảo vệ), Bàn ch",CHUA_CO,,,
maikun,6,6,形象,Tia chớp Maikun,CHUA_CO,,,
foot,6,2,颜色,"[Mẫu vải lanh bốn mùa] Đệm ghế trước chó con dễ thương Tây Nguyên (tờ đơn), [Mẫu",CHUA_CO,,,
dual-purpose,6,2,容量,"160ml_ Chai bột nhỏ mỏ vịt, 160ml_[Đa năng] Bình bột mỏ vịt + núm vú giả, 160ml_",CHUA_CO,,,
baizhentang,6,4,产品名称,Baizhentang Axit Amino Cleaning Oil Control Cleanser,GIU,,,
plaid,6,5,花型,Phô mai và phô mai [loại A bà mẹ và trẻ sơ sinh/thân thiện với làn da và mềm mại,CHUA_CO,,,
jiangnan,6,5,包装规格,"Trà Long Tỉnh Hương Thơm [Hộp Đôi Sang Trọng + Hộp Quà Cao Cấp], Dẫn đầu xu hướn",CHUA_CO,,,
miao,6,1,产品规格,"Centella asiatica, phim trắng, rau diếp biển, Astaxanthin, Đá lạnh đậm đà, bảo v",GIU,,,
cuiya,6,1,包装规格,"A7纯芽翠芽绣花针2026年新茶——明前纯单芽高山20孔特细绿短绣花针芯子, B2小龙芽2026年新茶——圆竹高山特绿肥小纯芽芯, YZ4 khẩu phần ",HANVIET,Thúy Nha,,
ruofeng,6,1,颜色,"【Mountain Edge】Rồng Cổ Hoang Dã, 【Mountain Edge】Hoa hồng bằng gỗ mun, 【Mountain ",CHUA_CO,,,
rubik's,6,5,颜色,"Bản đồ máy bay Rubik's Cube-Black-SXS7, Rubik's Cube-White-Bản đồ máy bay SXS7",GIU,,,
ruby,6,3,产品规格,"B58 # Ruby, 62# Bột mê hoặc, 200# màu nâu đỏ, 927# trà ca cao nâu, 997# Ăn cà ph",GIU,,,
grid,6,5,花型,"Lan Xiaoge [An toàn cho mẹ và bé, ngủ thoải mái không lo lắng], Sọc đen trắng [A",CHUA_CO,,,
cuscuta,6,2,包装规格,"(Phiên bản nâng cấp) Trà bảy kho báu Shayuanzi Cuscuta 30 túi, (Phiên bản nâng c",THEO_CUM,thỏ ty tử,,
rv,6,3,颜色,"Màn hình không dây RV + Camera đủ màu Starlight để đảo ngược1, Màn hình không dâ",GIU,,,
middle,6,6,花型,"Hành trình nếm thử-Double Middle, Hành trình nếm thử Đôi Lớn",CHUA_CO,,,
xiancao,6,6,花型,"Cụm hoa [100% cotton, thân thiện với da và thoáng khí], Xiancao [100% cotton Tân",CHUA_CO,,,
bucket,6,4,产品规格,"【Nước Tẩy Rửa Nội Thất Xe Hơi Cỡ Lớn】 18kg Hương Hoa Mộc Lan Trắng, [Peach] 18kg",THEO_CUM,xô,,
ideal,6,3,颜色,"Túi đựng khăn giấy [Mocha Brown] không nhãn*1, Túi đựng khăn giấy [Đen cao cấp] ",CHUA_CO,,,
tuo,6,4,包装规格,"Trà thơm dẻo: 108g/6g * 18 tuo/hộp, Trà nấu ngọt: 126g/7g * 18 bánh/hộp, Trà nấu",THEO_CUM,,,
tianying,6,1,颜色,"Xe cứu hỏa phun đa chức năng Tianying [kiểu nhựa], Xe cứu hỏa phun nước đa chức ",CHUA_CO,,,
sand,6,6,产品规格,"Mặt nạ collagen Stratopora có tác dụng chữa bệnh NHA GENE, Mặt nạ làm săn chắc c",THEO_CUM,,,
bass,6,6,功能,Âm thanh stereo bass mạnh mẽ.,GIU,,,
jiangshan,6,6,包装规格,"江山如画【七大茗茶+高档茶礼】, 鸿福【六大茗茶+送礼佳品】, Long Teng Sheng Shi [Bốn bộ trà chính], Sáu loại",HANVIET,Giang Sơn,,
jianjia,6,1,产品规格,"Đóng chai 250g, Công cụ đóng chai 250g, Miếng dán mặt nạ dụng cụ đóng chai 250g,",CHUA_CO,,,
jiayi,6,2,产品规格,Sữa rửa mặt tinh khiết axit amin Jiayi Yuyantang,CHUA_CO,,,
pingping,6,6,生产厂家,"Luohe Pingping Food Co., Ltd.",CHUA_CO,,,
pindou,6,2,颜色,"1 móc 6 ô 11.8*8.1*2.4cm, Khe cắm thẻ tích hợp khóa 9 lưới 10,2*9,7*1,8 cm, 1.5 ",THAY,hạt ghép hình,,
oxygen,6,2,容量,"Nước tẩy trang dưỡng ẩm Hyaluronic Acid Oxygen 1000ml, Sữa Rửa Mặt Tạo Bọt Tái T",GIU,,,
malayan,6,6,容量,"Bình sữa 240ml/PPSU (núm ti cỡ M) Thỏ rừng 218, Bình sữa trẻ em 240ml/PPSU (núm ",CHUA_CO,,,
xingtian,6,6,产品厂家厂址,"Số 9 Pinggang, Làng Nanan, Thị trấn Xingtian, Thành phố Vũ Di Sơn",CHUA_CO,,,
xingyue,6,6,颜色,"Giá để cốc màu xanh lam rõ ràng (cổng sạc USB), Giá để cốc màu trắng nhạt (cổng ",GIU,,,
streaming,6,4,颜色分类,"10 inch toàn màn hình streaming 1080p sau 1080p, 10inch Truyền phát toàn màn hìn",CHUA_CO,,,
xylitol,6,1,包装规格,"[Số lượng bán hàng sang trọng]-5 túi vị mè, 【Thức ăn khô tốt cho sức khỏe】-10 tú",CHUA_CO,,,
lard,6,1,包装规格,"Lard Crisps [2 Túi Lớn] - Mẫu Lạp Xưởng Heo, Lard Crisps [5 Túi Lớn] Gói Tiết Ki",CHUA_CO,,,
lanmeng,6,1,花型,"Mãn Thiên Tinh Tím Bình Minh Bạc - [Lanmeng Tencel Loại A | Mượt mà, thoáng khí]",CHUA_CO,,,
lanolin,6,2,花型,"Sữa rửa mặt Black Key Six Peptide Essence 500g, Black Key Six Peptide Essence Cr",CHUA_CO,,,
shengzhou,6,6,生产厂家,Hợp tác xã chuyên nghiệp ngành trà thơm Shengzhou Yibei,CHUA_CO,,,
bibaiya,6,4,产品规格,"Mặt nạ ánh sáng nước tinh chất axit hyaluronic Bibaiya [5 miếng] mẫu thoát nước,",GIU,,,
aoqiao,6,1,包装规格,"[Hỗn hợp bốn vị] [100 gói], Vỏ sữa trái cây Shaqima [100 gói], Vỏ sữa sầu riêng ",CHUA_CO,,,
yunshang,6,2,花型,"Nàng tiên hoa Yunshang, Yunshang-Hoa Lê Mùa Thu, Cà phê Yunshang-Love, Yunshang-",CHUA_CO,,,
tonghuo,6,1,包装规格,"A7纯芽翠芽绣花针2026年新茶——明前纯单芽高山20孔特细绿短绣花针芯子, B2小龙芽2026年新茶——圆竹高山特绿肥小纯芽芯, YZ4 khẩu phần ",CHUA_CO,,,
liquid,6,3,颜色,Mặt nạ dưỡng ẩm làm đẹp HyNSOCHA Hyaluronic Acid Liquid,THEO_CUM,,,
liyun,6,5,包装规格,"Bình đôi gốm sứ trang nhã phong cách Trung Hoa Jin Junmei2, Bình đôi gốm sứ than",CHUA_CO,,,
japonicus,6,5,包装规格,"Polygonatum odoratum, Ophiopogon japonicus và nước lê (6g x 20 túi)",THEO_CUM,,,
jialong,6,3,净重（规格）,"[Hai mươi món ăn nhẹ tuổi thơ] 30 gói, [Hai mươi món ăn nhẹ tuổi thơ] 60 gói, [H",CHUA_CO,,,
kimono,6,2,颜色,"Bộ đồ kimono jacquard trắng dễ thương, Bộ đồ kimono dễ thương jacquard màu hồng,",GIU,,,
off-white,6,6,颜色,"Vải hai lớp vàng đen, Túi đơn cánh bay lớn, Lớp đơn lớn màu xanh denim nhạt, Quầ",CHUA_CO,,,
daisy,6,6,花型,"Đang chờ [thân thiện với làn da và thoải mái, không vón cục, không phai màu], Hư",CHUA_CO,,,
zhengwei,6,3,包装规格,"Zhengwei hương hoa hoa Tieguanyin, than rang thơm Tieguanyin, năm năm tuổi của C",XEM_TAY,,,
xincong,6,2,包装规格,"35 # Xiaozheng Tieguanyin 500g [Khối lượng thương mại điện tử], 40 # Loại bỏ Tie",CHUA_CO,,,
longke,6,1,包装规格,"喜糖试吃全店随便选, Kẹo cứng hương đào trắng Hongyuan 500g, khoảng 120 miếng, Kẹo sữa Wan",CHUA_CO,,,
hillbilly,6,1,包装规格,"40 miếng trứng hầm Hillbilly của [Shuai], 30 miếng trứng hầm Hillbilly của [Shua",GIU,,,
hippo-ambulance,6,1,规格,"Màu hồng [Bộ 39 món] Hộp đựng Hippopotamus, Màu hồng [Bộ 58 món] Hộp đựng Hippop",CHUA_CO,,,
xiaopeng,6,4,净重（规格）,"Sẽ không chọn? Chọn tôi [Đặt hàng ghi chú mô hình] Tùy chỉnh cao cấp 1:1, Tùy ch",CHUA_CO,,,
daye,6,3,尺寸,"Lá lớn 19 thìa cơm nhỏ, Muỗng trộn nhỏ 24 chiếc, lá lớn., Lá lớn 30 xẻng, Lưỡi x",CHUA_CO,,,
tesla,6,4,颜色,Phiên bản mới của Tesla Model Y/3,GIU,,,
deli,6,3,规格,"Luohe Deli Food Co., Ltd.",GIU,,,
gongguan,6,6,产品厂家厂址,"Số 69, Maoping, Làng Gongguan, Thành phố Vũ Di Sơn, Tỉnh Phúc Kiến",CHUA_CO,,,
triceratops,6,3,颜色,"Triceratops Ngốc Ngơ - Liền Thân Mở Bên, Triceratops Ngây Ngơ - Bộ liền thân kẻ ",CHUA_CO,,,
cola,6,5,包装规格,"12 hương vị hỗn hợp 2.5kg (khoảng 2700 miếng), Vị bạc hà, Vị Quả Vải, Vị Việt Qu",CHUA_CO,,,
raspberry,6,6,颜色,"Raspberry Purple [Mang theo nhẹ] + [Dây kéo YKK], Obsidian Yellow [Túi nhẹ] + [D",CHUA_CO,,,
huiyuan,6,5,包装规格,"【Huaxiang Dahongpao】 Đơn giá 75, [Hương thơm mạnh mẽ Dahongpao] Đơn giá 105, [Zh",CHUA_CO,,,
baina,6,1,颜色,"Hộp Baina màu be [24L], Hộp Baina màu be [66L], Hộp Baina màu be [100L], Hộp Bai",GIU,,,
laribu,6,2,颜色,"Trắng với nâu (cấu hình cao) với khóa mật khẩu sang vải Larry, Màu tím (cấu hình",CHUA_CO,,,
legging,6,6,颜色,"Áo hình mèo hồng, Áo hình mèo màu be, Quần legging nơ xám",GIU,,,
lace,6,4,花型,"[Môi bóng đào Fantasy] J811 Quả nhân sâm, 【Son Gương Hoa Đào】L01 Đồng Cỏ, [Son m",CHUA_CO,,,
thuja,6,1,颜色,"Phật Nhẫn Đôi Chu sa + Tua Đỏ, Phật Nhẫn Đôi Chu sa + Tua Vàng, Phật Nhẫn Đôi Ch",CHUA_CO,,,
tiange,6,6,花型,"Mèo con bên kia bờ-Ngày nắng, Bờ kia - điểm sóng muối biển, Bờ kia-Thỏ Barbie, B",CHUA_CO,,,
apollo,6,4,颜色,"Kiểu 1 Lão thị, Hoa đen kiểu 2, Lưới đen kiểu 3, Kiểu 4 lão thị màu vàng, Kiểu 7",CHUA_CO,,,
belt,6,1,颜色,"Phiên bản dịch M79 Twilight Purple Belt AI (100 lô tối hạn), M79 New Face Skin B",CHUA_CO,,,
carnosine,6,5,产品规格,Mặt nạ làm săn chắc da và làm mờ nếp nhăn Gold Honeycomb Carnosine 30ml * 5 miến,GIU,,,
wasp,6,4,颜色,"Phiên bản hợp kim chiến binh Wasp, Phiên bản hợp kim Qingtian Leader, Phiên bản ",CHUA_CO,,,
wanhua,6,2,包装规格,"Phô mai bánh tráng 145g, Dâu tây Wanhua 145g, Vani Wanhua 145g, Sô cô la bánh tr",CHUA_CO,,,
lanjimei,6,4,产品名称,"Mặt nạ thay đổi màu ấm trẻ hóa vitamin C Lanjimei Một mảnh, Mặt nạ thay đổi màu ",CHUA_CO,,,
spray,6,4,颜色,"敷尔佳DNA钠水光焕采紧塑面膜5片/盒 有官方防伪码, 敷尔佳胶原璀璨嘭弹乳霜面膜5片/盒（钢铁侠面膜） 有官方防伪码, 【2.0】敷尔佳舒安水500ml 有官",CHUA_CO,,,
huaqingmei,6,3,产品规格,"Sữa rửa mặt Chuman Salicylic Acid 750g, Sữa rửa mặt cho nam Ocean ism 300g, Sữa ",CHUA_CO,,,
guardian,6,6,颜色,"Dây dạy-tai Hạt mã não đen [Có giấy chứng nhận], Chuỗi hạt-Tai Hạt mã não đen [C",CHUA_CO,,,
wilderness,6,4,包装规格,"[Gió giữa hoa] Mưa cây dành dành, [Gió giữa hoa] Cuộc hẹn với hoa hồng, [Gió giữ",CHUA_CO,,,
tongxue,6,6,生产厂家,"Công ty TNHH Công nghiệp Trà Anxi Tie Tongxue, tỉnh Phúc Kiến",CHUA_CO,,,
o'kady,6,4,产品名称,Sữa rửa mặt nam O'KADY Oppe Amino Acid Sea Salt,CHUA_CO,,,
yayoi,6,5,花型,"[Bốn Mùa] Đảo Mặt Trăng Mi Sheng-Cocoa Brown, [Bốn Mùa] Đảo Mặt Trăng Mi Sheng-X",CHUA_CO,,,
yulu,6,5,包装规格,"Tình yêu đầu tiên Gardenia [1 chai], Hoa nhài tươi [1 chai], Quê hương Osmanthus",HANVIET,Ngọc Lộ,,
beach,6,2,花型,"Naifumiao-Fenka [Sợi hai lớp nhăn siêu mềm, thân thiện với da, thoáng khí và khô",CHUA_CO,,,
nk-tay,6,3,颜色,"Trắng (lớn NK)-tay ngắn, Đen (lớn NK)-tay ngắn, Trắng (nhỏ NK)-tay ngắn, Đen (nh",CHUA_CO,,,
nini,6,3,颜色,"48 mẫu [búp bê] 1 hộp ngẫu nhiên, Thiên đường chim bay, 1 hộp ngẫu nhiên, 12 mẫu",CHUA_CO,,,
sulfur,6,4,产品规格,Sữa rửa mặt thanh lọc kiểm soát dầu WHSA Sulfur,THAY,lưu huỳnh,,
link,6,3,颜色,"Màu kaki, Hạt mơ, Màu xám mơ, Đen dễ phối, Kaki(9187#), Hạt mơ(9187#), Màu xám m",GIU,,,
jiejie,6,3,颜色,"48 mẫu [búp bê] 1 hộp ngẫu nhiên, Thiên đường chim bay, 1 hộp ngẫu nhiên, 12 mẫu",CHUA_CO,,,
amber,6,4,净重（规格）,"Clear Blue # Gửi hộp nhỏ [Móc trước đa chức năng], Bột anh đào # Gửi hộp nhỏ [Mó",CHUA_CO,,,
ami,6,5,风格,Ami Kaji,GIU,,,
totem,6,5,颜色,"Hoa to đỏ cổ điển, Bảy màu bướm, Voi totem, Khinh khí cầu, Lá xanh hoa đỏ, Phong",CHUA_CO,,,
beech,6,2,尺寸,"[Mới] Xẻng xúc nấm cỡ lớn (không hộp), [Hàng Mới Về] Xẻng Nhỏ Dạng Nấm (Không Hộ",CHUA_CO,,,
beibei,6,6,花型,"Hạnh Phúc Vượng [Loại A, cấp độ mẹ và bé], Người tuyết nhỏ [Loại A, cấp độ an to",CHUA_CO,,,
plum,6,5,包装规格,"【Huaxiang Dahongpao】 Đơn giá 75, [Hương thơm mạnh mẽ Dahongpao] Đơn giá 105, [Zh",CHUA_CO,,,
buzz,6,6,形象,Buzz Lightyear,CHUA_CO,,,
pro,6,2,尺寸大小,Hộp đựng xe đẩy chụp ảnh - Pro Series,GIU,,,
lay's,6,1,包装规格,"Khoai tây chiên Lay's [1 gói] 12g / Hương vị nguyên bản, Khoai tây chiên Lay's [",GIU,,,
effect,6,4,产品名称,Kakashow Powder Effect Son môi hai đầu,CHUA_CO,,,
god,6,5,颜色,"G01 # mùa hè mát mẻ, G02 # Trà Đen Băng ngọt, G03 # Dreamer Qingshui White Peach",GIU,,,
gogh,6,4,颜色,"Lông vũ nhẹ-màu xanh Bentley, Cà phê trắng sữa nhẹ, Lông vũ nhẹ-Màu xám thanh lị",CHUA_CO,,,
tianjian,6,3,包装规格,"Trà bánh gạch Fu hoa vàng 2017 bọc giấy, 100g, Bánh Trà Hoa Vàng 2014 0kg Bọc Gi",HANVIET,Thiên Tiêm,,
sheep,6,5,颜色,Mặt nạ trẻ hóa axit Hyaluronic Beehive Sheep Placenta,GIU,,,
fuyi,6,6,生产厂家,Công ty TNHH Phát triển Công nghiệp Y tế Bozhou Fuyi,CHUA_CO,,,
strong,6,4,包装规格,"Huaqiangbei Qiang Thế Hệ Thứ 7 [Khử Tiếng Ồn Thông Minh]★Âm thanh vòm Dolby★】, H",CHUA_CO,,,
fuller,6,6,产品规格,"Mặt nạ dưỡng ẩm tổng hợp dưa chuột, Màng Băng dưỡng ẩm và dưỡng ẩm Fuller nguyên",CHUA_CO,,,
mig,6,4,颜色,"Màu đen cực lớn kích thước 75*31*30CM, Màu đen kích thước lớn 66*31*30CM, Màu đe",CHUA_CO,,,
hippopotamus,6,1,规格,"Màu hồng [Bộ 39 món] Hộp đựng Hippopotamus, Màu hồng [Bộ 58 món] Hộp đựng Hippop",CHUA_CO,,,
walkage,6,5,颜色,"Bộ 8 màu wdấu xám đậm, Bộ đồ 8 màu Walkger màu đen, Bộ 8 màu Walfger xám nhạt, B",CHUA_CO,,,
volvo,6,5,颜色分类,"Một miếng cản trước [vui lòng để lại tin nhắn khi đặt hàng các mẫu khác], Một mả",GIU,,,
ferrari,6,2,颜色,"8970-1 Tàu sân bay 6 trong 1 [138 mảnh ghép], 8970-2 Thế giới Khủng long 6 trong",CHUA_CO,,,
xinsheng,6,6,生产厂商,Công ty TNHH Điện tử Đông Quan Xinsheng Dili,CHUA_CO,,,
zhonghong,6,6,生产厂家,Nhà Máy trà Menghai Zhonghong,GIU,,,
bisabolol,6,6,核心成分,Bisabolol,CHUA_CO,,,
wangwang,6,6,加盟分销门槛,Đánh giá Wangwang,GIU,,,
energy,6,4,颜色,"Sữa rửa mặt dưỡng ẩm cho nam giới 50g, Sữa rửa mặt thanh lọc hoạt tính Amino Aci",CHUA_CO,,,
couche,6,1,颜色,"[1 gói trong túi] [Kích thước lớn] Đồ chơi bánh pudding thạch, Pudding [Giấy Cou",CHUA_CO,,,
instagram,6,2,颜色,"Màu đen quý phái [xu hướng instagram cổ điển góc phải], Vàng hồng [xu hướng inst",GIU,,,
rena,6,1,花型,"Reina màu trắng sữa/xanh nước biển, đã kiểm định chất lượng, cotton nguyên chất ",CHUA_CO,,,
phil,6,2,尺寸大小,"Bình sữa PPSU 160mL đi kèm núm vú S (0-3 tháng) Phil Yellow, Bình PPSU 240mL đi ",CHUA_CO,,,
neon,6,3,颜色,"màu đen cùng màu, dây kéo màu đen bạc, ống kính vạn hoa, đá xanh, Màu xanh đậm c",CHUA_CO,,,
photo,6,1,颜色分类,"Orange Star Shunli [Chân dung gia đình] Chứa keo không dấu vết, Orange Star High",CHUA_CO,,,
pear,6,5,颜色,"01 # Xing Yuemian, 02 # Little Pear Red, 03 # Đi sớm vào mùa thu, 04 # Biết sươn",CHUA_CO,,,
aiven,6,1,花型,"Iven - Trắng nhạt - Xám vừa, Trà sữa xanh Aiven-Bentley, Iwen - Hoa huệ thung lũ",CHUA_CO,,,
mask-box,6,3,产品规格,"Zhiduo Fuyan Whitening and Removal Mask (Tianzi Model)-Gói 25ml, Zhiduo Fuyan Wh",CHUA_CO,,,
zoo,6,5,颜色,"Yêu em gấu [100% cotton/thân thiện với làn da và mềm mại/phù hợp với học sinh], ",CHUA_CO,,,
feiwang,6,1,净重（规格）,"[Ba mươi loại] 120 gói, [Ba mươi loại] 90 gói, [Ba mươi loại] 60 gói, Zhou Chang",CHUA_CO,,,
feitao,6,1,容量,"Hồng đào 80mL, Xanh tươi 80mL, Xanh oxy 80mL, Hồng đào 160mL, Xanh tươi 160mL, X",CHUA_CO,,,
mina,6,6,花型,"Thỏ Peter [Loại A dành cho mẹ và bé], Màu tím đầu hè [Loại A, cấp độ an toàn cho",CHUA_CO,,,
yuyantang,6,2,产品规格,Sữa rửa mặt tinh khiết axit amin Jiayi Yuyantang,CHUA_CO,,,
boing,6,3,颜色,"48 mẫu [búp bê] 1 hộp ngẫu nhiên, Thiên đường chim bay, 1 hộp ngẫu nhiên, 12 mẫu",CHUA_CO,,,
auspicious,6,6,包装规格,"【Vạn Lý Trường Biệt】Sáu Lớp Sáu Trà Tốt, 【Quang Cảnh Giang Sơn】Sáu loại trà thượ",THEO_CUM,,,
lion,6,6,颜色,Công ty TNHH thực phẩm Longhai Fugui Lion,CHUA_CO,,,
banya,6,2,包装规格,"An Huy Ma Hengxing Banya Co., Ltd.",THAY,vịt ép,,
erjia,6,2,颜色,Mặt nạ làm trắng và làm sáng Mặt nạ làm trắng và chống tàn nhang Mặt nạ làm sáng,CHUA_CO,,,
united,6,2,颜色,"màu vàng, màu đỏ, Rượu vang đỏ, màu tím, đen, màu xanh đậm, dưa hấu đỏ, Hồ Xanh,",CHUA_CO,,,
chuan,6,6,包装规格,"Bình đôi gốm sứ trang nhã phong cách Trung Hoa Jin Junmei2, Bình đôi gốm sứ than",CHUA_CO,,,
shahe,6,6,货源类型,Quảng Châu Shahe,CHUA_CO,,,
pegasus,6,4,颜色,"Màu đen (logo Pegasus), Màu trắng (logo Pegasus), Màu xanh xám (logo Pegasus), M",CHUA_CO,,,
paulownia,6,4,包装规格,"Trọng lượng mẫu khoảng [30g], [Carbon nướng Dahongpao] Đơn giá 40 nhân dân tệ, [",CHUA_CO,,,
taotao-polar,6,6,花型,"Xám đá [100% Tencel 丨 mịn mượt], Gypsophila Purple-Dawn Silver [100% Tencel 丨 Th",CHUA_CO,,,
oriental,6,2,颜色,"[Little Oriental] Oriental Gardenia, 【Little Dongfang 】 Trà Lin Yin Zen, 【Phương",CHUA_CO,,,
kaufu,6,2,花型,"Kauf-Bentley màu xanh, Kauf-Xám cao cấp, Kaufu-xanh biển + tro núi, Kaufu-xanh x",CHUA_CO,,,
sketch,6,4,花型,"Vỏ tai nghe Bluetooth M Cream Cheese, Vỏ tai nghe Bluetooth trong suốt và mượt m",CHUA_CO,,,
sippy,6,2,容量,"[Cốc đựng chai] Trắng ngà 260ml, [Cốc Sippy] Trắng Ngà 260ml, [Cốc đựng chai] Tr",THEO_CUM,,,
fairy,6,6,花型,"Chupu [100% cotton] RL, Flower Fairy Rabbit [100% cotton] RL, Bó hoa mèo [100% c",CHUA_CO,,,
evelyn,5,2,花型,"Cà phê Vàng - Thời đại Bạch kim [Chọn lọc bông sợi dài Tân Cương loại A, cấp độ ",GIU,,,
face,5,5,产品规格,"[Bảng màu toàn diện khuôn mặt] # 02 Peach Blossom Face (thân thiện với da khô), ",GIU,,,
bingbing,5,1,颜色,"Cốc bơm hơi bánh tuyết Nuomi 32cm, Cốc bơm hơi bánh tuyết Nuomi 65cm, Cốc bơm hơ",CHUA_CO,,,
kapibala,5,5,花型,"Quái vật lớn màu xanh lá cây---ysj, Thú cưng màu xanh dễ thương---ysj, Một cái l",THAY,capybara,,
enshi,5,1,包装规格,Trà Enshi Selenium xanh chiên,HANVIET,Ân Thi,,
epoxy,5,4,颜色,"Phủ Epoxy, Siêu Dày, Một Mảnh, 6*10cm, Hình dán xe phản quang cờ đỏ sao nhỏ, Dán",GIU,,,
puyuan,5,5,货源类型,Chiết Giang Puyuan,CHUA_CO,,,
wangjie,5,5,花型,"Màu nhỏ tình yêu [nâng cấp nhung tuyết thân thiện với làn da nhung ấm áp], Edelw",CHUA_CO,,,
falling,5,2,花型,"Fange - Sọc Xanh Trắng [100% Cotton - Siêu Mềm Mại, Thoải Mái Khi Ngủ], Sketch -",CHUA_CO,,,
hat,5,4,颜色,"Túi tre màu cà phê 30*20, Túi tre dachshund 30*20, Túi Tre Hình Chó Bong Bóng 30",CHUA_CO,,,
ergothioneine,5,5,产品规格,"Mặt nạ chống nhăn, làm săn chắc và đàn hồi Jilinsa 10 miếng/hộp, Mặt nạ chống nh",GIU,,,
ericsson,5,2,尺寸,"20inch (Ericsson tập trung vào chất lượng cao + thay thế 1 năm nếu hư hỏng), 22i",GIU,,,
marshmallow,5,4,包装规格,"Ba lô thế hệ thứ hai chất lượng cao - màu đen cổ điển, Ba lô thế hệ thứ hai chất",CHUA_CO,,,
sofa,5,4,颜色,"Tủ TV, Bàn trang điểm, Giường ngủ, Ghế sofa",GIU,,,
acne,5,4,产品规格,Winona Acne Cleansing Cleanser 80g có mã chống hàng giả chính thức,GIU,,,
moonrise,5,5,颜色,"Sunset Brown [Hút nam châm nửa gói], Moonrise Green [Hút nam châm nửa gói], Tam ",CHUA_CO,,,
qingxiang,5,4,包装规格,"500 Đầu Trà Đại Hồng Bào Số 8 [Thành phần trà], 500g trà Đại Hồng Bào số 11 hươn",CHUA_CO,,,
senye,5,5,花型,"Hạnh Phúc Vượng [Loại A, cấp độ mẹ và bé], Người tuyết nhỏ [Loại A, cấp độ an to",CHUA_CO,,,
gaozhao,5,2,颜色,"Mặt dây chuyền ngọc bích xanh bùng nổ [Ra vào an toàn], Mặt dây chuyền ngọc bích",CHUA_CO,,,
penh,5,4,包装规格,"3.5inch [HD + ống kính đơn] 1080P, 4.5inch [Tầm Nhìn Ban Đêm Starlight + Ghi Hìn",CHUA_CO,,,
peace,5,3,颜色,"Hoa sen lớn [boxwood + phước lành] màu đỏ, Hoa Sen Lớn [Gỗ Đào + Tài Lộc] Đỏ, Ho",CHUA_CO,,,
park,5,5,颜色,"Váy Bunny [Lớp mẹ và trẻ sơ sinh A mềm mại và thoải mái], Su Jin [Lớp A dành cho",GIU,,,
seed,5,2,产品规格,Mặt nạ chống nhăn làm săn chắc da Afu Black Truffle 10 miếng/hộp [Có thể kiểm tr,CHUA_CO,,,
general,5,5,适用人群,"Volkswagen, Tập đoàn General Motors",THEO_CUM,,,
tank,5,3,颜色,"HBBX01-chip áo vest ren chữ, HBBX02-Áo ren tình yêu vui tươi, HBBX03-Áo ren-Magi",CHUA_CO,,,
houtian,5,1,包装规格,"500g Trà Ô Long Tieguanyin Thơm Ngát, Hạng 7.5 [Nguyên Liệu Pha Trà Điện Tử], 50",CHUA_CO,,,
victoria,5,4,花型,"Mặt nạ chanh 25ml/miếng [Chỉ bán hàng xuất khẩu ngoại thương, cấm bán hàng trong",GIU,,,
hongqi,5,4,颜色分类,"Ống kính đơn - Dành riêng cho Hongqi (Vui lòng chỉ định mẫu xe, cấu hình và năm ",GIU,,,
phantom,5,5,颜色,"kem trắng, màu xanh bạc hà, bột hoa anh đào, Taro màu tím, Phantom đen, Màu xám ",CHUA_CO,,,
jingmeng,5,1,颜色,"[Môi bóng đào Fantasy] J811 Quả nhân sâm, 【Son Gương Hoa Đào】L01 Đồng Cỏ, [Son m",CHUA_CO,,,
philo,5,3,产品规格,"Mặt nạ dưỡng da rạng rỡ số 1 225G (mặt nạ Keyun*lan số 8 được khắc lại), Mặt nạ ",CHUA_CO,,,
phnom,5,4,包装规格,"3.5inch [HD + ống kính đơn] 1080P, 4.5inch [Tầm Nhìn Ban Đêm Starlight + Ghi Hìn",CHUA_CO,,,
pepper,5,3,净重（规格）,"1# Trà Sữa Cam (Cam Sai) [Cam Kem], 2# Màu nude đa năng [Thân thiện với da màu v",CHUA_CO,,,
lanbo,5,1,颜色,"Bugatti [Chiến binh đen] 357-11, Bugatti [Cam] 357-11, Bugatti [màu đỏ] 357-11, ",CHUA_CO,,,
motors,5,5,适用人群,"Volkswagen, Tập đoàn General Motors",CHUA_CO,,,
yiyang,5,5,生产厂家,Công ty TNHH thực phẩm Yiyang Weizhiyuan,HANVIET,Ích Dương,,
mona,5,3,颜色,"Bóng tối màu xanh, Bóng tối, Ailen Xanh, Paris Spring, Thời trang trẻ trung, màu",CHUA_CO,,,
lili,5,2,颜色,"Bốn Mùa [Thêu Tinh Xảo 100S] Nhẹ Nhàng Như Ánh Sáng - Tím Mộng Mơ, Four Seasons ",CHUA_CO,,,
ganmai,5,3,包装规格,"Trà Ô Long Đào [Con dấu 8 mặt 20 túi], Trà Nữ Thần Liubao [Con dấu tám mặt 20 gó",CHUA_CO,,,
fuxing,5,2,颜色,"Mặt dây chuyền ngọc bích xanh bùng nổ [Ra vào an toàn], Mặt dây chuyền ngọc bích",HANVIET,Phục Hưng,,
dobi,5,1,颜色,"(Chiều dài cộng với) Gấu [Đơn], (Chiều dài) Ari [Đơn], (Chiều dài cộng) Mèo xám ",CHUA_CO,,,
doctor,5,2,净重（规格）,"Bắp gân thịt bò Doctor 10 gói, Bắp gân thịt bò Doctor 20 gói, Bắp thịt Doctor Be",CHUA_CO,,,
glock,5,5,颜色,"Súng hơi 115-1 98K, 115-5 Laifu Soft Shotgun [Màu sắc ngẫu nhiên], 115-10 khẩu s",CHUA_CO,,,
qiongyu,5,2,净重（规格）,"[Hai mươi món ăn nhẹ tuổi thơ] 30 gói, [Hai mươi món ăn nhẹ tuổi thơ] 60 gói, [H",CHUA_CO,,,
qiu,5,3,花型,"Tựa đầu đục lỗ kiểu bong bóng màu đen quý phái, Tựa đầu đục lỗ kiểu bong bóng mà",CHUA_CO,,,
qingyan,5,1,产品规格,Sữa rửa mặt kiểm soát dầu thanh lọc lưu huỳnh Qingyan,GIU,,,
hongmaofeng,5,1,包装规格,Son môi Lihua Golden Needle số 1 (Thu hoạch đầu núi cao ở khu vực sản xuất cốt l,CHUA_CO,,,
hippoli,5,5,鞋垫材质,Hippoli,CHUA_CO,,,
qingtian,5,2,包装规格,Trầm hương táo tàu 2015 bánh trà trắng cũ 10g mẫu trà khuyến nghị chính đơn giá ,CHUA_CO,,,
qingcheng,5,5,产品规格,Mặt nạ dưỡng ẩm & trẻ hóa da Rong Qingcheng Resurrection Grass,CHUA_CO,,,
selection,5,3,包装规格,"Phiên bản nâng cấp của hộp quà Rock Selection Dahongpao 250g có túi đựng, Phiên ",CHUA_CO,,,
brew,5,5,食品工艺,Brew nóng,THEO_CUM,,,
gallon,5,3,颜色,"Xanh lam trong trẻo + Xám củ sen [mẫu hot], Xanh không gian sâu + Xanh Ti [bán c",CHUA_CO,,,
velcro,5,4,颜色,"8015 đen (hộp xe đẩy hợp kim nhôm-magiê), 8015 bạc (hộp xe đẩy hợp kim nhôm-magi",GIU,,,
lucas,5,5,花型,"Chú chó Nary [Bộ đồ vải cotton nguyên chất dùng cho lễ tốt nghiệp], Mộ Lạc Tinh ",CHUA_CO,,,
hongyun,5,4,包装规格,"Bốn lon bốn Hộp quà trà lớn 400g (Longjing Biluochun Alpine Green Tea Maojian), ",CHUA_CO,,,
shayuanzi,5,1,包装规格,"(Phiên bản nâng cấp) Trà bảy kho báu Shayuanzi Cuscuta 30 túi, (Phiên bản nâng c",CHUA_CO,,,
magnetic,5,2,颜色,"Cửa sổ nhỏ silicon lỏng từ tính tốt [màu đỏ tía], Cửa sổ nhỏ bằng silicon lỏng F",CHUA_CO,,,
alishan,5,3,包装规格,"Túi vàng Lê Sơn 150g, Túi vàng Dayuling 150g, Túi vàng Alishan 150g, Ô long đông",HANVIET,A Lý Sơn,,
almond,5,4,包装规格,"[250g] Trộn ngẫu nhiên/khoảng 26 gói, [250g] Hạt điều giòn/khoảng 26 gói, [250g]",CHUA_CO,,,
zhenxiang,5,3,净重（规格）,Mặt nạ ống nghiệm phát sáng Bonertou Zhenxiang Yingrun,CHUA_CO,,,
jiefuquan,5,5,产品规格,"Mặt nạ làm săn chắc và đàn hồi chống nhăn Sarinsa 25ml*10 miếng trong hộp, Mặt n",GIU,,,
picking,5,3,包装规格,"ES6肥春浓香肥黄金芽2026年新茶浓奶香黄亮浓香耐泡款, FN5 Spring Tail Golden Bud 2026 Trà mới - Hương sữ",CHUA_CO,,,
luolan,5,2,净含量,"Xuân Luolan [01# Nàng phù thủy xanh], Xuân Luolan [02#Hoa hồng đẫm máu], Xuân Lu",CHUA_CO,,,
macadamia,5,2,包装规格,"Quả óc chó vỏ giấy 50g, Quả óc chó giấy 120g, Hạt macadamia 50g, Hạt macadamia 6",THAY,mắc ca,,
tay-sp,5,1,颜色,"Tay dài-hoa tre xám đậm, Màu xanh sương mù hoa tre dài tay, Tay dài-hoa tre màu ",CHUA_CO,,,
teal,5,4,容量,"Đen X, Màu đen có sọc đỏ X, Xanh quân đội1, Thắt lưng đỏ xanh quân đội X, Rượu v",CHUA_CO,,,
taslon,5,1,颜色,"3030 phiên bản nâng cấp màu xanh, 3030 phiên bản nâng cấp màu xám, 3030 phiên bả",CHUA_CO,,,
goodyear,5,5,鞋底工艺,Goodyear,CHUA_CO,,,
mihei,5,5,颜色,"Kaki, mihei, Gạo đỏ",CHUA_CO,,,
celebrity,5,3,容量,"Liên kết này là sản phẩm tương tự Pigeon, vui lòng lưu ý khi mua. Đánh giá hiển ",CHUA_CO,,,
ginseng,5,4,包装规格,"Mặt Nạ Làm Dịu, Phục Hồi & Tái Tạo Da KISSMWAH Ginseng Saponin",GIU,,,
mengqu,5,3,颜色,"Bộ tài khoản vui nhộn (ngẫu nhiên) CY-97, Chú Gấu Dễ Thương Thợ Thủ Công Nhỏ 811",CHUA_CO,,,
lace-tutu,5,5,花型,"Lace-Sea Salt Latte [thân thiện với làn da, thoải mái và siêu mềm], Lưới nhỏ màu",CHUA_CO,,,
keshanyun,5,1,包装规格,"500g Trà Ô Long Tieguanyin Thơm Ngát, Hạng 7.5 [Nguyên Liệu Pha Trà Điện Tử], 50",CHUA_CO,,,
belly,5,3,包装规格,"[Môi bóng đào Fantasy] J811 Quả nhân sâm, 【Son Gương Hoa Đào】L01 Đồng Cỏ, [Son m",CHUA_CO,,,
xiaozheng,5,2,包装规格,"35 # Xiaozheng Tieguanyin 500g [Khối lượng thương mại điện tử], 40 # Loại bỏ Tie",XEM_TAY,,,
angeles,5,5,花型,"Màu đen sang trọng, xám nhạt nâu, xanh ô liu, Màu đen và nâu cà phê thanh lịch, ",GIU,,,
unicorn,5,3,规格,"[Thỏ hoa Khaki] Bộ đồ cotton lưng cao bảo bụng, [Hoa hồng] Bộ đồ cotton bảo vệ b",CHUA_CO,,,
zhegao,5,1,颜色,"Hộp quà lớn Xe đua kéo lùi Big G [509 hạt], Hộp quà lớn Bugatti xe đua [510 hạt]",CHUA_CO,,,
xiaodiaoli,5,3,包装规格,"Trà Ô Long Đào [Con dấu 8 mặt 20 túi], Trà Nữ Thần Liubao [Con dấu tám mặt 20 gó",CHUA_CO,,,
things,5,3,包装规格,"Bộ bàn ăn 8 hương vị và 8 món [đề xuất để tiết kiệm chi phí], Bộ bát đĩa gồm 6 m",CHUA_CO,,,
golf,5,4,适用运动,"Khác, bóng rổ, bóng đá, bơi lội, quần vợt, cầu lông, bóng bàn, yoga, trượt tuyết",GIU,,,
punk,5,4,风格,"Punk, Hoạt hình, Tiên phong, INS, Tên chung, Lễ hội, Quốc triều, Thiếu nữ/sinh v",GIU,,,
loquat,5,3,原料与配料,"Luo Han Guo, Pang Dahai, Trứng cây thông, Bạc hà, Lá loquat, Rễ bồ công anh, Cam",THAY,tỳ bà,,
puffs,5,3,包装规格,"Yêu em gấu [100% cotton/thân thiện với làn da và mềm mại/phù hợp với học sinh], ",GIU,,,
nanjing,5,2,包装规格,"Mặt nạ làm trắng da, chống tàn nhang, chống nhăn, làm săn chắc và dưỡng ẩm Nanji",HANVIET,Nam Kinh,,
shelika,5,1,产品规格,"Mặt nạ dưỡng ẩm làm dịu da cam Shelika 25ml, Mặt nạ dưỡng ẩm hoa hồng Lika 25ml,",GIU,,,
xiangyun,5,4,颜色,"ngụy trang ánh sáng, ngụy trang sâu, huyền thoại màu xanh, huyền thoại xanh, mô ",CHUA_CO,,,
lobata,5,5,包装规格,"200ml đóng hộp * hoa nhài, 200ml lon * thai cúc, 200ml đóng hộp * hoa hồng, Đóng",CHUA_CO,,,
lock,5,5,产品规格,Mặt nạ làm sạch đánh bóng cơ thể bằng bọt khí siêu nhỏ Gelianna Red Diamond [5 m,CHUA_CO,,,
westin,5,2,容量,"Gardenia 【Giảm 99% 】, Trầm hương mun [tông gỗ êm dịu], Gulong [Nước hoa nam], Lê",CHUA_CO,,,
lenovo,5,2,颜色,Lenovo,GIU,,,
beno,5,4,花型,"Thỏ Peter [Loại A dành cho mẹ và bé], Màu tím đầu hè [Loại A, cấp độ an toàn cho",CHUA_CO,,,
yanyun,5,5,包装规格,"Mingxiang Lapsang Souchong 250g, Mingxiang Jinjunmei 250g, Mingxiang Dahongpao 2",CHUA_CO,,,
safe,5,2,颜色,"Mặt dây chuyền ngọc bích xanh bùng nổ [Ra vào an toàn], Mặt dây chuyền ngọc bích",CHUA_CO,,,
baoshi,5,1,产品规格,"Mặt nạ dưỡng ẩm làm dịu lô hội Duanlan 25ml/miếng, Mặt nạ làm dịu cỏ xanh nam Xi",CHUA_CO,,,
jiangxi,5,5,产地,Jiangxi Ji'an tự sản xuất,CHUA_CO,,,
broken,5,5,颜色,"Kem lót môi N31 màu mới, Kem lót môi N32, màu mới., Kem lót môi N33 màu mới, Kem",CHUA_CO,,,
douxiang,5,2,包装规格,Trà xanh cuộn đáy 500g giá đặc biệt số 8.5 [loại trà uống/loại thương mại điện t,CHUA_CO,,,
shanyin,5,4,包装规格,"[Hộp quà Green Joy] Xinyang Maojian 250g, [Gốm sứ Shanyin xanh] Xinyang Maojian ",CHUA_CO,,,
yaguang,5,2,颜色,"1.52 mét mờ * 1 mét [màu ghi chú], Màu đen mờ 30 cm * 1 m1, Màu đen mờ 30 cm * 1",CHUA_CO,,,
ford,5,5,颜色,"Audi, Bảo Quân, Honda, BYD, zen tiêu chuẩn, Buick, Trumpchi, Độc giả lớn, Cánh Đ",CHUA_CO,,,
duanlan,5,1,产品规格,"Mặt nạ dưỡng ẩm làm dịu lô hội Duanlan 25ml/miếng, Mặt nạ làm dịu cỏ xanh nam Xi",GIU,,,
shen,5,5,颜色,"nhồi máu cơ tim, màu đen, Wu LAN, mạng khu vực hiện trường, người Hui, người She",CHUA_CO,,,
landi,5,3,产品规格,"Mặt nạ làm săn chắc và đàn hồi da Bellintha chống nhăn 25ml * 10 miếng, Jiefuqua",CHUA_CO,,,
huamian,5,5,面料名称,Vải tổng hợp Huamian,GIU,,,
babao,5,5,包装规格,"Bộ Sưu Tập Súp Bốn Thần (25 túi nhỏ * 10g), Trà đào năm ngón và trà poria (25 gó",CHUA_CO,,,
hexuple,5,5,产品规格,"Mặt nạ dưỡng ẩm axit hyaluronic (5 miếng/hộp), Mặt nạ làm đẹp da khô đông lạnh a",CHUA_CO,,,
hibiscus,5,5,花型,"Túi hoa cúc Chamomile (1.5g x 30 túi)/túi, Phiên bản tiếng Anh Blue Butterfly Fl",CHUA_CO,,,
daffy,5,1,颜色,"Màu hồng (gói đơn không có phụ kiện), Màu đen (gói đơn không có phụ kiện), Màu t",CHUA_CO,,,
dahao,5,5,原料与配料,"Trà trắng lớn Fude, lá tươi trà Dahao",CHUA_CO,,,
guan,5,5,包装规格,"Trà Tốt, Quà Tốt: Bốn Loại Trà Nổi Tiếng, He Li Shuang Dou Bốn loại trà nổi tiến",THEO_CUM,,,
rouge,5,4,颜色,"Maillard Brown [Mẫu di động có giới hạn], Pearl Aqua Blue-[Có khóa + lót nhung n",CHUA_CO,,,
asina,5,5,产品规格,"Axit amin, Centella asina, Glycerin",CHUA_CO,,,
niacinamid,5,5,成分,"Centella asiatica, phim trắng, rau diếp biển, Astaxanthin, Đá lạnh đậm đà, bảo v",CHUA_CO,,,
ruweiying,5,3,产品名称,"Mặt nạ dưỡng ẩm và dưỡng ẩm Ruweiying 10 miếng, Mặt nạ sửa chữa dầu ô liu Ruwei ",CHUA_CO,,,
play,5,4,颜色,"Bộ thức ăn cho thỏ Play House - Bột [Có thùng đựng] Hộp thương mại điện tử, Bộ đ",CHUA_CO,,,
huaying,5,5,花型,"Cà phê Fengyu [100% cotton jacquard, nhẹ sang trọng và cao cấp], Màu xanh lá cây",CHUA_CO,,,
cecilia,5,1,花型,"Hoàng hôn—Xanh lá—[Mặt A cotton—Mặt B nhung], Hoàng hôn—Hồng—[Mặt A cotton—Mặt B",CHUA_CO,,,
channa,5,5,花型,"Tình yêu đầu tiên Gardenia [1 chai], Hoa nhài tươi [1 chai], Quê hương Osmanthus",CHUA_CO,,,
zhipu,5,1,产品规格,"Mặt nạ làm trắng da Zhipu Porcelain, làm sáng da và chống nám, 25ml*10 miếng/Pho",GIU,,,
aldehyde,5,1,颜色,Dung tích siêu lớn 100g [naphthalene thơm thanh lịch] lưu hương lâu★Loại bỏ alde,CHUA_CO,,,
board,5,3,颜色,"772-122兔兔收纳包, 772-140酷乐猫诊所板装, 603-1 Đồ chơi ăn sáng bổ dưỡng, Bếp nhỏ ngon 603-1",CHUA_CO,,,
paisley,5,3,花型,"Phong cách ấn tượng-Bột lá thơm [Vải cotton mềm mại và thân thiện với làn da], S",CHUA_CO,,,
owl,5,4,形象,"Cốc sữa Owl PPSU miệng chữ V-330mL, Cốc sữa Owl PPSU + ống hút + dây đeo màu be,",CHUA_CO,,,
kaiming,5,5,生产厂家,"Yunnan Kaiming Ancient Rhyme Culture Communication Co., Ltd.",CHUA_CO,,,
xinglong,5,1,包装规格,"Wanshi Xinglong Souchong [125g * 1 lon], Wanshi Xinglong Souchong [hai lon tổng ",CHUA_CO,,,
fresh,5,3,产品规格,"Mặt nạ tinh chất tươi mát dưỡng ẩm lô hội Gong Pei, Mặt nạ dạng tấm 25ml (Chỉ dà",CHUA_CO,,,
frisbees,5,1,规格,"Túi đựng Frisbee Spider+2, Thép +2 Frisbee [Túi], Captain America +2 Frisbee [Tú",CHUA_CO,,,
beast,5,5,颜色,"DXCK43 - Quần ngắn tay - Cute Dog Channel, DXCK42-Quần ngắn tay-Skateboard Deer,",GIU,,,
norman,5,5,花型,"[Bốn Mùa] Đảo Mặt Trăng Mi Sheng-Cocoa Brown, [Bốn Mùa] Đảo Mặt Trăng Mi Sheng-X",CHUA_CO,,,
chestnut-thanh,5,5,花型,"Hạt dẻ ngọt - Mèo sao rơi [Vải kháng khuẩn cấp 7A - Siêu mềm mại], Ngọt Ngào - N",CHUA_CO,,,
chechele,5,2,规格,"Bộ bếp 28 chiếc màu hồng, Bếp hồng 61 món-BBQ, Bếp từ 71 bộ bếp màu hồng, Bộ bếp",CHUA_CO,,,
vv,5,5,原料与配料,Lốp xe đạp bình thường lốp xe ô tô nặng xe vv,CHUA_CO,,,
huangya,5,5,包装规格,"Trọng lượng mẫu khoảng [30g], [Carbon nướng Dahongpao] Đơn giá 40 nhân dân tệ, [",HANVIET,Hoàng Nha,,
fit,5,2,颜色,Đầu bàn chải 3D Flexible Fit + Bàn chải rửa xe tay cầm cong [Cực dày & cực chắc ,GIU,,,
plasticine,5,3,产品类别,Bộ và dụng cụ plasticine,THAY,đất nặn,,
yifa,5,5,货源类型,Hàng Châu Yifa,CHUA_CO,,,
bazaar,5,4,花型,"TWS-19 Màu Tím Tuyệt Đối, Bột Barbie TWS-19, TWS-19 Chào tạm biệt, TWS-19 Bazaar",CHUA_CO,,,
zebra,5,5,颜色,"Miller [Cotton chải kỹ, thân thiện với da và tinh tế], Chunuan [Cotton chải kỹ, ",GIU,,,
cyan-champagne,5,5,花型,"Xám đá [100% Tencel 丨 mịn mượt], Gypsophila Purple-Dawn Silver [100% Tencel 丨 Th",CHUA_CO,,,
dabai,5,5,形象,"Chữ BY lớn [34*30*16], Chữ H lớn [34*30*16], M lớn màu đen【34*30*16】, Đen cổ điể",CHUA_CO,,,
rubikin,5,1,颜色,"Rồng Trung Quốc màu trắng [Hộp màu/3 cửa mở được], Rồng Trung Quốc màu vàng kim ",CHUA_CO,,,
cskh,5,3,颜色,"Chi tiết xin liên hệ chăm sóc khách hàng 1, Xem chi tiết, vui lòng liên hệ chăm ",CHUA_CO,,,
romantic,5,3,花型,"Clear Sky-Milkshake White [Mềm và như sáp, thân thiện với da, không vón cục, khô",CHUA_CO,,,
crisp,5,3,包装规格,"Vị thịt bò-góc giòn tuyệt vời 5 kg, Cuộn rau cay 5 kg, Bánh pancake Xiaomi vị th",GIU,,,
burgundy-anh,5,5,颜色,"Mẫu sang trọng màu đen quý phái, Mẫu màu xám đậm-sang trọng, Mẫu màu xanh băng s",CHUA_CO,,,
jenga,5,3,颜色,"Bộ tài khoản vui nhộn (ngẫu nhiên) CY-97, Chú Gấu Dễ Thương Thợ Thủ Công Nhỏ 811",GIU,,,
pad,5,4,颜色,"Bao gồm miếng đệm, Đệm + tựa đầu, Pad + tựa đầu + túi đựng đồ, Tấm lót + túi đựn",CHUA_CO,,,
painted,5,4,容量,"Liên kết này dành cho cùng một sản phẩm với Pigeon, vì vậy vui lòng mua hàng cho",CHUA_CO,,,
spree,5,1,净重（规格）,"Trộn và kết hợp 10 gói [Spicy Tiao Spree] Ngày tươi, Trộn và kết hợp 20 gói [Spi",GIU,,,
speed,5,5,颜色,Mặt nạ làm sáng da bóng đèn LESULESO Risuli Speed astaxanthin,GIU,,,
ecological,5,5,生产厂家,"Zhangjiajie Nuokang Ecological Tea Co., Ltd.",CHUA_CO,,,
flame,5,1,颜色,"Súng bắn mềm thủ công Flame Red-M416 [tiêu chuẩn], Súng bắn mềm bằng tay ngụy tr",CHUA_CO,,,
shiyu,5,5,包装规格,Màng thạch ngủ bóng nước khô đóng băng Shiyu (4gx20 túi/hộp),GIU,,,
shizhe,5,2,产品规格,"【Baizhentang】 Sữa rửa mặt kiểm soát dầu axit amin 500g, 【Baizhentang】 Mousse làm",CHUA_CO,,,
fisya,5,1,产品规格,"Bột Mặt nạ mềm Fesia Rose 500g, Bột mặt nạ mềm Fesia Hyaluronic Acid 500g, Bột m",CHUA_CO,,,
centennial,5,5,包装规格,Công ty TNHH Công nghiệp Trà Centennial Tuyền Châu (Đóng gói),CHUA_CO,,,
ocher,5,3,颜色,"Tựa đầu Maybach [nâu hạt dẻ] một cặp, Tựa đầu Maybach [mocha brown] một cặp, Tựa",CHUA_CO,,,
yellow-sand,5,5,花型,"Xám đá [100% Tencel 丨 mịn mượt], Gypsophila Purple-Dawn Silver [100% Tencel 丨 Th",CHUA_CO,,,
overture,5,5,花型,Dải màu xám hỗn hợp [Loại A dành cho bà mẹ và trẻ sơ sinh/mềm mại và thân thiện ,CHUA_CO,,,
molan,5,5,花型,"Xấu tính, mèo ca rô xanh, gấu trái tim xanh, Hoa thú cưng dễ thương, Thiên đường",CHUA_CO,,,
baimei,5,3,颜色,"Màu xanh bạc hà [giá đỡ cốc có giao diện sạc] hộp đơn, Hộp đơn bột Dogwood [giá ",GIU,,,
multi-u,5,5,功能,"Nhỏ và di động, Có chân đế, Chống bụi, Từ tính, sạc không dây, Chống rơi, ba tro",CHUA_CO,,,
lei,5,3,花型,"Loại nén lạnh y tế [Trắng cổ điển] loại 5 miếng, Một loại [đầu tiên nhìn thấy mà",CHUA_CO,,,
lavender,5,5,颜色,"013 phiên bản thường màu trắng không có lỗ mở phía trước, 013 phiên bản thường m",CHUA_CO,,,
bank,5,4,颜色,"Bánh quế-Trắng sữa [Bánh quế bông loại A], Bánh quế-Mituo [bánh quế bông loại A]",CHUA_CO,,,
corgi,5,4,花型,"Phép thuật vui vẻ [Vải 100% bông Tân Cương], Nút thắt trái tim [Chất liệu 100% b",CHUA_CO,,,
california,5,5,花型,"Mùa xuân nở rộ khắp vườn [100% cotton - có thể mặc ngủ], Aphrodite [100% cotton ",GIU,,,
henry,5,3,颜色,Cổ Henry,THAY,Henley,,
yunmei,5,5,产品名称,Tiến sĩ Yunmei Amino Camellia Cleansing Mousse,GIU,,,
aramid,5,2,颜色,Aramid,GIU,,,
ruan,5,1,花型,"Fange - Sọc Xanh Trắng [100% Cotton - Siêu Mềm Mại, Thoải Mái Khi Ngủ], Sketch -",CHUA_CO,,,
rongyan,5,1,产品规格,"Peptide đồng xanh làm đẹp, Axit Hyaluronic Meili Rongyan [Phong cách hình ảnh ch",CHUA_CO,,,
ingenious,5,4,产品名称,Sữa Rửa Mặt Renrenhe Ingenious Plant Complex Purifying,GIU,,,
ink,5,4,颜色,"Đệm khí vuông 5837 bột ổi, Đệm khí vuông 5837 màu đen mặt sau hồng, Đệm hơi vuôn",GIU,,,
card,5,4,规格尺寸,"10inch Toàn màn hình trước 2K+ phía sau 1080P, 10inch Toàn màn hình trước 2K+ ph",CHUA_CO,,,
yazhi,5,5,产品名称,Mặt nạ làm săn chắc da và làm mờ nếp nhăn bằng tổ ong vàng Yazhi,GIU,,,
benny,5,5,花型,"Benny Dog [mô hình bà mẹ và trẻ sơ sinh được nâng cấp 7A], KT Meow [mẫu mẹ và bé",CHUA_CO,,,
ningye,5,5,花型,"25686 # đen, 25686#dải đen trắng, 25686#trời xanh/nâu, 25686#Màu xanh rêu/nâu, 2",CHUA_CO,,,
plain,5,3,包装规格,"Sốt mè Liubiju vị không cay [10 gói], Sốt mè Liubiju vị cay nhẹ [10 gói], Gói hỗ",CHUA_CO,,,
rod,5,3,颜色,"9003 Đệm hơi màu đen thời trang có thanh buộc không logo, 9003 Galaxy Grey Không",CHUA_CO,,,
carrot,5,3,容量,"Đang chờ [thân thiện với làn da và thoải mái, không vón cục, không phai màu], Hư",CHUA_CO,,,
yizilu,5,4,产品规格,"Mặt nạ làm trắng da và tàn nhang 25ml * 5 miếng (đóng hộp), Hộp mặt nạ nước nổ Y",GIU,,,
hubei,5,5,产地,Hubei,CHUA_CO,,,
wanshi,5,1,包装规格,"Wanshi Xinglong Souchong [125g * 1 lon], Wanshi Xinglong Souchong [hai lon tổng ",CHUA_CO,,,
hunan,5,5,原产地,Chuyên môn Hunan1,HANVIET,Hồ Nam,,
first,5,5,花型,Sunny Day Kitten [Loại A dành cho bà mẹ và trẻ sơ sinh ngủ khỏa thân thân thiện ,CHUA_CO,,,
fish,5,4,颜色,Bộ quà tặng phối hợp Joyoung Sữa đậu nành & Jinzai Xiaoyu 2200g (12 túi sữa đậu ,GIU,,,
xiuchen,5,5,产品名称,Mặt nạ dưỡng ẩm tinh chất Centella Asiatica B5 nguyên bản của Su Xiuchen,GIU,,,
blade,5,3,颜色,"Kiếm đôi phát sáng cắm điện [hộp màu], 【Kiếm Bướm - Mech Đỏ & Trắng】Hiệu Ứng Ánh",CHUA_CO,,,
ouzicui,5,4,产品名称,Mặt nạ dưỡng ẩm và trong suốt Ouzicui Gold Caviar,GIU,,,
limited,5,3,颜色,Kem dưỡng môi KekeMood Starry Sky Mist Limited 01#,CHUA_CO,,,
youxi,5,3,包装规格,"GGM Longan Xiang Jin Junmei 2026 trà mới - trà đen cây già béo, mềm và thơm, GPP",CHUA_CO,,,
birkenstock,5,4,款式,Giày Birkenstock,GIU,,,
biluo,5,1,容量,"Màu trà sữa - kèm mỏ vịt [300ML] + bóng trọng lực, Màu trà sữa - đi kèm vòi [300",CHUA_CO,,,
fig,5,5,产品规格,"Mặt nạ cam huyết Beauty Image/25ml, Mặt nạ dưỡng ẩm axit hyaluronic cà chua 25g,",CHUA_CO,,,
spark,5,3,颜色,Công nghiệp trà Spark,GIU,,,
polystyrene,5,5,材质,Polystyrene (PS),CHUA_CO,,,
xanh-anh,5,5,颜色,"Mẫu sang trọng màu đen quý phái, Mẫu màu xám đậm-sang trọng, Mẫu màu xanh băng s",CHUA_CO,,,
wufu,5,3,颜色,"Bầu Fulu bán chạy, Bán nóng ra vào an toàn, Bán nóng màu trắng ra vào an toàn, B",CHUA_CO,,,
battle,5,4,颜色,Trộn và kết hợp các kiểu dáng trong 50 hộp (giá thầu tối thiểu là 50 hộp) (kiểu ,CHUA_CO,,,
cotton-xanh,5,3,颜色,"100% cotton-trắng, 100% cotton-màu mơ, 100% cotton-đen, 100% cotton-màu tím nhạt",CHUA_CO,,,
revolver,5,5,颜色,"Súng hơi 115-1 98K, 115-5 Laifu Soft Shotgun [Màu sắc ngẫu nhiên], 115-10 khẩu s",CHUA_CO,,,
gyro,5,5,颜色,"Súng bắn đạn mềm trận đấu hỏa lực 621-104, Súng ném vỏ chương trình không gian 2",THAY,con quay,,
resveratrol,5,4,产品规格,"Mặt nạ chống nhăn, làm săn chắc và đàn hồi Jilinsa 10 miếng/hộp, Mặt nạ chống nh",GIU,,,
anthocyanin,5,3,产品规格,Mặt nạ bong bóng Anthocyanin (Sản phẩm tiếng Anh chỉ dành cho bán hàng xuất khẩu,GIU,,,
tremella,5,4,产品规格,"Hộp Mặt nạ dưỡng ẩm đa tác dụng Tanya Tremella 25ml*5 miếng, Mặt nạ dưỡng ẩm đa ",THAY,nấm tuyết,,
tripe,5,2,包装规格,"【10 gói】Bào ngư bò nhiều hương vị, 【10 gói】Bào tử chay vị tương vừng (không cay)",THEO_CUM,lá sách,,
woodpecker,5,2,颜色,"Woodpecker - Xanh lá [Hàng chính hãng - Chất lượng cao], Woodpecker - Kaki [Hàng",GIU,,,
words,5,5,花型,"[Môi bóng đào Fantasy] J811 Quả nhân sâm, 【Son Gương Hoa Đào】L01 Đồng Cỏ, [Son m",CHUA_CO,,,
intarsia,5,5,服装款式细节,intarsia,CHUA_CO,,,
pupu,5,5,产品厂家厂址,"Pu'er Double Cake 714g (Puban Zhangsheng Pupu Chenxiang Tea Knife), Bánh đôi trà",CHUA_CO,,,
fcl,5,2,包装规格,"302g thơm miệng * 1 túi [66 gói nhỏ], 302g thơm miệng * 2 túi [132 gói nhỏ], 302",THAY,nguyên thùng,,
shunli,5,2,颜色分类,"Orange Star Shunli [Chân dung gia đình] Chứa keo không dấu vết, Orange Star High",CHUA_CO,,,
elip,5,4,香水座外形,Hình elip,CHUA_CO,,,
popcorn,5,1,颜色,"S191 Trắng cam (8pro - đế mềm siêu êm), 501 Trắng Xanh (8pro - Đế mềm siêu êm), ",GIU,,,
minnie,5,3,颜色,"Bộ ba chiếc có mũ trùm đầu2, Thêu tai chó con lót lông một mảnh màu vàng, Áo liề",CHUA_CO,,,
codonopsis,5,5,包装规格,"[Lựa chọn chất lượng] Hoa cúc 50g, [Lựa Chọn Chất Lượng] Lá Bồ Công Anh 50g, [Lự",CHUA_CO,,,
rebound,5,2,颜色,"1# Trà Sữa Cam (Cam Sai) [Cam Kem], 2# Màu nude đa năng [Thân thiện với da màu v",CHUA_CO,,,
hani,5,5,花型,"Mèo cam [Cấp độ A dành cho mẹ và bé / Siêu mềm mại, có thể ngủ trần], Thỏ mềm mà",CHUA_CO,,,
luffy,5,1,颜色,"Vỏ bạc đầy màu sắc-Đen-Anime Luffy, Vỏ bạc đầy màu sắc-Trắng-Anime Luffy, Vỏ bạc",GIU,,,
los,5,5,花型,"Màu đen sang trọng, xám nhạt nâu, xanh ô liu, Màu đen và nâu cà phê thanh lịch, ",GIU,,,
yuxiang,5,4,花型,"Ấm áp như mùa hè-[Cotton], Silk-Geyun Space-【Cotton 】, Cam tươi-[Bông], Rèm Mùa ",XEM_TAY,,,
porcelain,5,1,产品规格,"Mặt nạ làm trắng da Zhipu Porcelain, làm sáng da và chống nám, 25ml*10 miếng/Pho",CHUA_CO,,,
chef,5,1,颜色,"Bộ bếp gas kết hợp giá đỡ dao và nĩa 6688-22A, Nồi cơm điện mini Chef Kitty 6688",GIU,,,
chengxiang,5,5,产品厂家厂址,"Đường Wenxing, Thị trấn Chengxiang, Huyện Anxi, Thành phố Tuyền Châu, Tỉnh Phúc ",GIU,,,
qiang,5,2,颜色,"Huaqiangbei Qiang Thế Hệ Thứ 7 [Khử Tiếng Ồn Thông Minh]★Âm thanh vòm Dolby★】, H",CHUA_CO,,,
handbag,5,1,颜色,"Four Seasons (White jacquard) Mommy Standard Bag Handbag Foot Bộ đồ một mảnh, Fo",GIU,,,
cao-burgundy,5,5,颜色,"Mẫu sang trọng màu đen quý phái, Mẫu màu xám đậm-sang trọng, Mẫu màu xanh băng s",CHUA_CO,,,
cao-xanh,5,4,颜色,"Màu đen quý phái-mẫu sang trọng, Màu xám đậm-mẫu sang trọng, Trắng ngà-mẫu sang ",CHUA_CO,,,
poole,5,2,包装规格,"Tieguanyin 100 g/túi, Dahongpao 80 g/túi, Jin Junmei 80 g/túi, Trà đen hạt nhỏ 1",CHUA_CO,,,
aier,5,3,产品规格,Mặt nạ sửa chữa sâu Probiotic Dr. Aier,GIU,,,
zhuxiaotang,5,5,生产厂家,Công ty TNHH Phát triển Công nghiệp Y tế Bozhou Zhuxiaotang,CHUA_CO,,,
bag,5,1,颜色,"Four Seasons (White jacquard) Mommy Standard Bag Handbag Foot Bộ đồ một mảnh, Fo",GIU,,,
baicao,5,3,包装规格,"Xoài khô 100g, Xoài khô 60g, Dâu tây khô 50g, Dứa khô 50g, Đào vàng khô 60g, Quả",GIU,,,
ziziphus,5,4,包装规格,"Trà Ô Long Đào [Con dấu 8 mặt 20 túi], Trà Nữ Thần Liubao [Con dấu tám mặt 20 gó",CHUA_CO,,,
farah,5,1,颜色,"1:22 Xe thể thao Farah màu đỏ điều khiển từ xa (sạc bốn chiều), 1:22 Xe thể thao",CHUA_CO,,,
zili,5,5,货源类型,Chợ Zili,CHUA_CO,,,
mario,5,1,颜色,"[D154 Mario] màu đen, [D154 Mario] màu trắng, [D154 Mario] Màu xám đen, 【D154 Ma",CHUA_CO,,,
elsa,5,5,颜色,"cụm phát triển mạnh, bó hoa mùa xuân, Chim cánh cụt Zaizai, Bùn mùa xuân Bicheng",GIU,,,
sijia,5,1,颜色,"(Sijia) M28 đen, (Sijia) M28 trắng, (Sijia) M28 kaki, (Sijia) M29 đen, (Sijia) M",CHUA_CO,,,
aima,5,5,花型,"Zhuochua, Ovis, Thỏ Peter, Sữa lắc dâu tây, Phi Hoa Lệnh, Người đẹp hoa lệ, Kinh",CHUA_CO,,,
zosri,4,1,包装规格,"喜糖试吃全店随便选, Kẹo cứng hương đào trắng Hongyuan 500g, khoảng 120 miếng, Kẹo sữa Wan",CHUA_CO,,,
acmilan,4,1,颜色,"Màu đen, Màu xám, Màu xanh lam, Màu xanh lá, Màu đen acmilan, Paris màu đen, Màu",CHUA_CO,,,
adapted,4,1,尺寸大小,"[Vòi phun] Tích hợp [cỡ nòng 50], [Đầu hút] Đầu hút tích hợp + bi trọng lực [cỡ ",CHUA_CO,,,
agate,4,4,花型,"Bầu trời xanh xám [cấp độ ngủ khỏa thân mềm mại và thân thiện hơn], Bột thanh lị",CHUA_CO,,,
afuguang,4,1,产品规格,Mặt nạ chống nhăn làm săn chắc da Afu Black Truffle 10 miếng/hộp [Có thể kiểm tr,CHUA_CO,,,
chain,4,4,颜色,"Vỏ tai nghe Bluetooth chuỗi ngôi sao gradient M, Tai nghe Bluetooth Wavy Butt Do",GIU,,,
proya,4,4,产品名称,Sữa rửa mặt da mỏng manh PROYA,GIU,,,
hushui,4,4,产品厂家厂址,"Phòng 801, Phòng 901, Phòng 1001, Số 176, Yaoshan, Làng Hushui, Thị trấn Sannei,",CHUA_CO,,,
husky,4,2,颜色分类,"Husky (lớn), Gấu trúc khổng lồ (lớn), Labrador (cỡ lớn), Chihuahua (lớn), Mèo tr",CHUA_CO,,,
cayenne,4,1,颜色,"Hạt đậu đá cỡ lớn màu đen, Đậu băng cỡ nhỏ màu đen, Đậu đá cỡ lớn màu đỏ rượu, Đ",CHUA_CO,,,
cerro,4,1,颜色,"Pin không có mẫu âm thanh và ánh sáng Cerro 28cm [túi], Pin không có mẫu đèn và ",CHUA_CO,,,
cell,4,4,产品规格,"Mặt nạ cam huyết Beauty Image/25ml, Mặt nạ dưỡng ẩm axit hyaluronic cà chua 25g,",CHUA_CO,,,
iceberry,4,2,颜色,"màu xanh nước biển, màu gấu trúc, màu xanh bạc hà, màu hồng khỏa thân, trứng vịt",CHUA_CO,,,
manhua,4,1,花型,"Lily-Pink Jade (Lông thỏ loại A trộn nhung sữa), Velvet Dream Butterfly-Milk Whi",CHUA_CO,,,
everything,4,2,包装规格,"[Everything Big Orange] Bộ quần yếm (Có thể tháo rời), [Tận hưởng thời gian] Bộ ",CHUA_CO,,,
sisters,4,1,颜色,"KT Cat Sisters Group-Biển báo đỗ xe thẳng đứng [màu be], KT Cat Sisters Group-Bi",THEO_CUM,,,
fashion,4,4,颜色,"2297 Yao Ye Đen [Số tiêu chuẩn], 2297 Frost Moon White [Số tiêu chuẩn], 2297 Yao",CHUA_CO,,,
matouyan,4,4,包装规格,"500 Đầu Trà Đại Hồng Bào Số 8 [Thành phần trà], 500g trà Đại Hồng Bào số 11 hươn",HANVIET,Mã Đầu Nham,,
mansen-haiqing,4,4,花型,"Mansen-Tro núi [Từ chối cái nóng và mềm mượt, ngủ khỏa thân cả đêm mà không đổ m",CHUA_CO,,,
wanxiang,4,1,净重（规格）,"[Ba mươi loại] 120 gói, [Ba mươi loại] 90 gói, [Ba mươi loại] 60 gói, Zhou Chang",CHUA_CO,,,
charcoal,4,4,产品规格,"Sữa rửa mặt dưỡng ẩm cho nam giới 50g, Sữa rửa mặt thanh lọc hoạt tính Amino Aci",CHUA_CO,,,
chase,4,1,花型,"Chase/Xanh-Xám, Chase/Dias-Grey, Chasing/Kẻ sọc hồng hoa cà, Đuổi theo/Baroque, ",CHUA_CO,,,
chaxiangtang,4,4,生产厂家,"Bozhou Chaxiangtang Health Technology Co., Ltd.",CHUA_CO,,,
huren,4,4,生产厂家,Công ty TNHH Dược phẩm An Huy Huren,CHUA_CO,,,
eucommia,4,3,包装规格,"Trà nhân sâm ngũ bảo phiên bản tiếng Anh (5g x 30 túi)/túi, Trà nhân sâm Liubao ",THAY,đỗ trọng,,
feidian,4,1,颜色,"Tiêu chuẩn Feidian 5c màu trắng, Phi Điện 5c xanh lá dạ quang, Feidian 5c màu đe",GIU,,,
mandelic,4,3,产品规格,"Mặt nạ chống nhăn, làm săn chắc và đàn hồi Jilinsa 10 miếng/hộp, Mặt nạ chống nh",CHUA_CO,,,
maks,4,4,苹果型号,"iPhone 6, iPhone 11, iPhone 12, iPhone 8, iPhone 7, iPhone X, iPhone162, iPhone1",CHUA_CO,,,
meitixiu,4,1,颜色,"Son dưỡng ẩm Meitixiu Xpress # 01 # Đào Edelweiss, Son dưỡng ẩm Meitixiu Xpress ",CHUA_CO,,,
mclaren,4,3,花型,"Lá Bạch Quả - Xanh Dương [Loại A, cấp độ mẹ và bé], Chanh xanh bạc hà [Loại A dà",CHUA_CO,,,
mech,4,3,颜色,"Kiếm đôi phát sáng cắm điện [hộp màu], 【Kiếm Bướm - Mech Đỏ & Trắng】Hiệu Ứng Ánh",CHUA_CO,,,
ppsu-mang,4,2,容量,"[PPSU-có vòi phun] Bao bì phiên bản tiếng Anh 300ml, [PPSU-có vòi phun riêng] 30",CHUA_CO,,,
pr,4,4,送礼用途,"Quà Tặng lễ hội, Kỷ niệm giải thưởng, Quà Tặng Giải Thưởng, Quà Tặng hội nghị, Q",CHUA_CO,,,
primrose,4,1,颜色,"Màu trắng (cỡ nhỏ có nắp), Màu trắng (cỡ vừa có nắp), Màu trắng (kiểu phẳng lớn ",CHUA_CO,,,
cardio,4,2,花型,"Quả bóng nhỏ - KT xanh trắng [Loại A, thân thiện với da, tập luyện tim mạch], Qu",CHUA_CO,,,
walfager,4,4,面料名称,Walfager,THAY,waffle,,
chelsea,4,1,颜色,"Màu đen, Màu xám, Màu xanh lam, Màu xanh lá, Màu đen acmilan, Paris màu đen, Màu",GIU,,,
wenxing,4,4,产品厂家厂址,"Đường Wenxing, Thị trấn Chengxiang, Huyện Anxi, Thành phố Tuyền Châu, Tỉnh Phúc ",CHUA_CO,,,
interstellar,4,4,颜色,"Huang Xiaoge [Không có bóng-không thu nhỏ-không phai màu], Lưới lớn màu xám đơn ",CHUA_CO,,,
invisible,4,4,产品规格,"Phiên bản tiêu chuẩn của Cloud Ink Black * 24 giờ, Phiên bản tiêu chuẩn Xuefeng ",CHUA_CO,,,
captain,4,2,规格,"Túi đựng Frisbee Spider+2, Thép +2 Frisbee [Túi], Captain America +2 Frisbee [Tú",CHUA_CO,,,
meijiangchen,4,1,产品规格,"(100 miếng) Mặt nạ ngủ collagen trứng cá muối Kuge, (100 miếng) Mặt nạ ngủ đóng ",CHUA_CO,,,
meile,4,2,颜色,Giữa Giấc mơ và Chiếc gương [Loại A dành cho bà mẹ và trẻ sơ sinh/siêu mềm và nh,CHUA_CO,,,
mandarin,4,3,包装规格,"Trà trắng Iceland 1 miếng, Ánh trăng trắng 1, Trà chín núi nâu 1 miếng, Fengqing",THEO_CUM,quýt,,
sound,4,2,颜色,[Liuli Purple] Âm thanh toàn cảnh Berlin * Thoải mái và chắc chắn khi đeo * Giảm,GIU,,,
soup,4,2,包装规格,"[Môi bóng đào Fantasy] J811 Quả nhân sâm, 【Son Gương Hoa Đào】L01 Đồng Cỏ, [Son m",CHUA_CO,,,
entang,4,4,生产厂家,Công ty TNHH công nghệ sinh học An Huy Chu Entang,CHUA_CO,,,
er,4,1,规格,"Máy 1 Miếng dán nén lạnh phục hồi vết đỏ dưỡng ẩm, Máy 1 Miếng dán nén lạnh dưỡn",THEO_CUM,,,
silica,4,4,耳机材质,ABS + silica gel + dây titan,CHUA_CO,,,
feitian,4,4,生产厂家,Công ty TNHH Công nghệ sinh học Ốc sên Bozhou Feitian,CHUA_CO,,,
songzong,4,2,包装规格,"茉莉花茶花香白芽小泡礼盒装66号, 安溪清香铁观音小泡礼盒装66号, 武夷山花香正山小种小泡礼盒装66号, 福鼎老白茶寿眉小泡礼盒装66号, 武夷山果香英红九号",CHUA_CO,,,
winter,4,3,花型,"Trà Hoa Nhài (Hương Thơm) Cao Cấp Mới [Hàng Mùa Xuân] 14 Túi/Hộp, Sản phẩm mới h",CHUA_CO,,,
wood,4,4,产品规格,"Mặt Nạ Dưỡng Ẩm Boquanya Cucumber Centella Asiatica (Mới) 25g, Mặt nạ dưỡng ẩm b",CHUA_CO,,,
caffeine,4,2,产品规格,"Màng xanh 25ml/g*10 viên, Miếng dán phục hồi Centella Asiatica B5 25g*10 miếng, ",GIU,,,
check-in,4,2,尺寸,"22inch [Cần kiểm tra]-quá nhỏ, 24inch -[Cần phải check-in], 26inch -[Cần phải ch",GIU,,,
wuhei,4,4,包装规格,"Trà Ô Long Đào [Con dấu 8 mặt 20 túi], Trà Nữ Thần Liubao [Con dấu tám mặt 20 gó",CHUA_CO,,,
fatty,4,3,颜色,"Kèn Trumpet Béo Fang, Fang Fatty Trung bình, Hình vuông béo kích thước lớn",CHUA_CO,,,
fenghuang,4,4,产品厂家厂址,"Cạnh cầu góc dưới, làng Dongchang, thị trấn Fenghuang, quận Chao'an, thành phố T",CHUA_CO,,,
shuangpin-caramel,4,2,花型,Shuangpan-Moka Brown Land Brown [Mẫu bốn mùa] Loại A dành cho bà mẹ và trẻ sơ si,CHUA_CO,,,
alien,4,1,颜色,"Cờ góc tròn [8,5x5,5cm] Phản quang từ tính đơn, Cặp cờ góc tròn [8,5x5,5cm] phản",CHUA_CO,,,
melody,4,3,花型,"Vườn Thỏ Peter [Loại A, cấp độ mẹ và bé, không xù lông, giặt máy được], Thỏ tai ",CHUA_CO,,,
jeli,4,2,颜色,"021 Màu Đen mát mẻ [300 mAh/Jerry tiêu thụ điện năng thấp], 021 Màu xanh lá cây ",CHUA_CO,,,
chicken,4,3,包装规格,"[4 hộp lớn] Bánh mì gà và giăm bông thông, Bán chạy! [4 hộp lớn] Thịt xông khói ",GIU,,,
jack,4,4,形象,Thuyền trưởng Jack,CHUA_CO,,,
pod,4,2,颜色,"HJ5123 - Búp bê đậu (một hộp lớn 24 cái/giá bán lẻ), AA-37 - Chó con quả mọng (m",CHUA_CO,,,
jetta,4,2,规格尺寸,"Jetta VS5, Jetta VS7, Jetta VA3",GIU,,,
burning,4,2,包装规格,"Weilong Konjac Shuang 15+3g trộn ngẫu nhiên nhiều vị 20 gói không hộp, Weilong K",CHUA_CO,,,
jensen,4,3,花型,"Mẫu cơ bản - Trang viên Cacao, Mẫu cơ bản - Phê Ni, Mẫu cơ bản - Vãn Đường, Mẫu ",CHUA_CO,,,
china,4,4,产品规格,"12inch (Miễn phí lên máy bay cho hãng hàng không Spring), 14 (China Eastern Airl",CHUA_CO,,,
huagu,4,4,花型,"Cà phê Huaying-Light [100% Cotton Jacquard], Huagu [100% cotton jacquard], Hương",CHUA_CO,,,
xian,4,4,包装规格,"桂花乌龙茶（3克X15包）, Hoa nhài tuyệt đối (gói 3g x 15), Cam Xanh Pu'er (3g x 15 gói), Ô",CHUA_CO,,,
shuangpan-hoa,4,2,花型,Shuangpan-Moka Brown Land Brown [Mẫu bốn mùa] Loại A dành cho bà mẹ và trẻ sơ si,CHUA_CO,,,
shuangpan-naked,4,2,花型,Shuangpan-Moka Brown Land Brown [Mẫu bốn mùa] Loại A dành cho bà mẹ và trẻ sơ si,CHUA_CO,,,
eden,4,3,颜色,"Áo nỉ hoa xám, Quần thẳng - Xám hoa, Quần ống đứng rút dây bên trong - họa tiết ",CHUA_CO,,,
edge-hd,4,1,颜色,"Đen than chì [Bộ bản lề lò xo da cừu-Bạc-HD], Xám nhạt [Bộ bản lề lò xo da cừu-B",CHUA_CO,,,
maltose,4,4,原料与配料,"Bánh gạo (gạo, nước uống), dầu thực vật, đường nâu, maltose",CHUA_CO,,,
melatonin,4,1,包装规格,"[Kẹo dẻo việt quất] Việt quất 80g, [Vitamin Melatonin] Blue Hat 12 viên, [Vitami",CHUA_CO,,,
pipi,4,4,花型,"Zhuochua, Ovis, Thỏ Peter, Sữa lắc dâu tây, Phi Hoa Lệnh, Người đẹp hoa lệ, Kinh",CHUA_CO,,,
jidi,4,2,容量,"Jidi xanh 240ml, Jidi xanh 300ml, Bột khóa 240ml, Màu hồng 300ml, Luolan xanh 24",CHUA_CO,,,
jianda,4,2,颜色,"Bóng bắn dây treo 8,5 inch 22cm [màu hỗn hợp] (1 kim khí cho mỗi đơn hàng), 8,5 ",CHUA_CO,,,
jianda-earth,4,2,颜色,"Bóng bắn dây treo 8,5 inch 22cm [màu hỗn hợp] (1 kim khí cho mỗi đơn hàng), 8,5 ",CHUA_CO,,,
chuman,4,4,产品规格,"Sữa rửa mặt Chuman Salicylic Acid 750g, Sữa rửa mặt cho nam Ocean ism 300g, Sữa ",CHUA_CO,,,
home,4,3,颜色,"1 màu trong suốt + nhãn dán hoạt hình ba chiều [Home Sundries Storage Master], 1",GIU,,,
brulan,4,3,花型,"[100% cotton] trắng + xanh đậu - không vón cục, không phai màu, [100% cotton] Tr",CHUA_CO,,,
brush,4,4,花型,"Brush Grey [Vải loại A thân thiện với da, mềm mại và không bị vón], Màu xanh lá ",CHUA_CO,,,
brahma,4,4,花型,Qianshilan-Fanxing Blue [Thích hợp để ngủ khỏa thân mà không bị bóng và phai màu,CHUA_CO,,,
qingming,4,3,包装规格,Nhà máy chế biến trà Qingming ở huyện Quảng Sơn,HANVIET,Thanh Minh,,
vermicelli,4,3,颜色,"Hộp đựng đồ gấp nhỏ tấm đèn màu hồng, Hộp đựng gấp nhỏ kèm hoa trà hồng, Hộp đựn",CHUA_CO,,,
vanc,4,2,花型,"Năm hoa nở - Màu Champagne [Vải dệt jacquard 100% cotton, mềm mại, thân thiện vớ",CHUA_CO,,,
chuangfu,4,1,产品规格,Hộp băng keo sửa chữa Chuangfukang Collagen 5 miếng [có thể kiểm tra chống hàng ,CHUA_CO,,,
madrid,4,1,颜色,"Màu đen, Màu xám, Màu xanh lam, Màu xanh lá, Màu đen acmilan, Paris màu đen, Màu",GIU,,,
encounter,4,4,颜色,"Tình yêu đầu tiên Gardenia [1 chai], Hoa nhài tươi [1 chai], Quê hương Osmanthus",CHUA_CO,,,
shot,4,2,颜色,"1618-91 Bếp nhỏ dễ thương, 1618-68 Quán bar nhỏ vui nhộn, Máy tính tiền vui nhộn",THEO_CUM,,,
allure,4,4,花型,"Cụm hoa [100% cotton, thân thiện với da và thoáng khí], Xiancao [100% cotton Tân",CHUA_CO,,,
chunshan,4,3,花型,"桂花乌龙茶（3克X15包）, Hoa nhài tuyệt đối (gói 3g x 15), Cam Xanh Pu'er (3g x 15 gói), Ô",CHUA_CO,,,
qingyun,4,2,颜色,"【Qingyun】Mộc Lan Ẩn Trăng, 【Qingyun】Trà Trắng Núi Cao, 【Qingyun】Chanel số 5, Ánh",CHUA_CO,,,
xiaosu,4,2,颜色,"Hoa lớn MY trắng-ngắn tay, Hoa lớn MY đen-ngắn tay, Mặt sau màu trắng nửa mặt tr",CHUA_CO,,,
xiaotuo,4,4,原料与配料,"Jin Junmei, Lapsang Souchong, Dahongpao, Trà Xiaotuo, Trà chín Pu'er, Trà hoa nh",HANVIET,Tiểu Đà,,
xiaowang,4,4,花型,"Hoa nhẹ nhàng [100% cotton hai mặt], Avril Lavigne [100% cotton hai mặt], Khủng ",CHUA_CO,,,
cindy,4,4,形象,Công chúa Cindy/Cô bé Lọ Lem,CHUA_CO,,,
cinema,4,2,颜色,Bright Purple [Champion Limited Edition] Cinema Dolby Atmos ▲ Thời lượng pin dài,CHUA_CO,,,
cinnam,4,2,包装规格,"Trọng lượng mẫu khoảng [30g], [Carbon nướng Dahongpao] Đơn giá 40 nhân dân tệ, [",CHUA_CO,,,
chunmaofeng,4,1,包装规格,"2026--2#Mingqiantou Picking Nectar--500g (số lượng lớn), 2026---3 # Mingqiantou ",CHUA_CO,,,
highlighting,4,2,产品规格,"Mặt nạ phát sáng Skin Source No. 1 225G (bản sao của Mặt nạ Keyun_Lan số 8), Mặt",CHUA_CO,,,
phillips,4,2,尺寸大小,"Bao bì Trung Quốc 6052-S Lỗ tròn, Bao bì Trung Quốc 6052-M lỗ tròn, Bao bì Trung",CHUA_CO,,,
lychee,4,4,流行元素,"Chữ cái, Chỉ khâu xe, Mẫu vải da lychee, Hoa ép",THAY,vân sần,,
zhengchun,4,1,包装规格,"Phân vịt thơm gói 250g, Phân vịt thơm túi 500g, Phân vịt thơm 250g đóng hộp, Phâ",CHUA_CO,,,
spaceman,4,4,颜色,"Túi đơn, Mặt dây chuyền vịt đổ xăng, Mặt dây chuyền cá tráp biển, Mặt dây chuyền",CHUA_CO,,,
sparkling,4,2,规格,24 miếng mười hai cung hoàng đạo/24 miếng trong hộp/chụp theo bội số của 24 (gửi,CHUA_CO,,,
sooc,4,4,裤长,Quần sooc,CHUA_CO,,,
sophie,4,2,花型,"Trang viên Sophie - Xám, Phong cách Nhật Bản - Lan, Hoa ngữ tình yêu - Trắng ngà",CHUA_CO,,,
duoduo-xanh,4,4,花型,"Cà phê bóng hoa, Thung lũng sơn, Hương thơm đậm đà và bóng cà phê loãng, Chu-Lem",CHUA_CO,,,
xiaoyu,4,1,包装规格,Bộ quà tặng phối hợp Joyoung Sữa đậu nành & Jinzai Xiaoyu 2200g (12 túi sữa đậu ,GIU,,,
xiaosang,4,3,包装规格,"Hoa nở phú quý (đỏ)-Zhengshan Xiaosang 250g, Lapsang Souchong 50 túi hộp quà 250",CHUA_CO,,,
chunye,4,4,花型,"Yoshino Tsukishima-Cedar Xanh, Hơi thở của thiên nhiên-Bột yến mạch Naked, Norma",CHUA_CO,,,
chunzitang,4,2,包装规格,"Trà Wan Ming Jin Gun Guben (Túi Trà 150g đóng hộp), Trà Gu Ben Hard Man dược phẩ",GIU,,,
himilan,4,1,包装规格,"8 (Mật Lan Hương Đơn Tùng) / 250g, 8 (Mật Lan Hương Đơn Tùng) / 500g, Số 7 (Hoa ",CHUA_CO,,,
xiaosao,4,3,包装规格,"Phù điêu Wufu (Năm tổ hợp trà chính 300g), Bộ trà đất sét tím + (240g bốn loại t",CHUA_CO,,,
boseyin,4,4,产品规格,"施逅富勒烯冰膜面膜【5片/盒】新款, Mặt nạ làm săn chắc da collagen DASSFN [5 miếng/hộp], DASSFN ",GIU,,,
boundless,4,2,颜色,"[Màu đen mát mẻ] Vỏ không viền MK True, [Xanh Yuanfeng] Vỏ vô biên MK True, [Tím",CHUA_CO,,,
meria,4,1,颜色,"M01 # cá khô, M02 # Meo meo, M03 # Mèo tốt, M04 # Goode Cat Ning, M05 # mèo sữa,",CHUA_CO,,,
ei,4,1,颜色,"(Ei) C01 trắng, (Ei) C01 màu đen, (Ei) C01 Màu xanh lá cây, (Ei) C02 màu đen, (H",CHUA_CO,,,
e-sports,4,4,颜色,[Đen Tuyệt Đối] Bluetooth 5.4 Lõi Kép ★ Âm thanh vòm Dolby ★ Giảm tiếng ồn cực r,CHUA_CO,,,
eat,4,4,净重（规格）,"Weilong Konjac làm mới và đóng gói số lượng, hương vị hỗn hợp ngẫu nhiên 20 gói ",CHUA_CO,,,
echo,4,1,颜色,"4 mẫu màu ngẫu nhiên [24CM tặng kèm sticker], Tím lấp lánh - Micro Echo [24CM tặ",CHUA_CO,,,
shuai,4,1,包装规格,"40 miếng trứng hầm Hillbilly của [Shuai], 30 miếng trứng hầm Hillbilly của [Shua",CHUA_CO,,,
shishi,4,3,颜色,"Thiên nga nhỏ lệch một mảnh, Hoa nhỏ màu hồng hở một mảnh, Thỏ lục lam hở một mả",GIU,,,
shitu,4,4,产品规格,"Mặt nạ bột đông khô axit hyaluronic một miếng (25g/miếng), Mặt nạ trẻ hóa da axi",CHUA_CO,,,
petals,4,2,产品规格,"30g [hai loại ngẫu nhiên] sữa dưỡng thể, 60g [Axit amin] Sữa rửa mặt, 500g [Bong",CHUA_CO,,,
hengzhou,4,4,生产厂家,Nhà máy chè Changhai thành phố Hengzhou,CHUA_CO,,,
type,4,3,产品规格,"Mặt nạ chống nhăn, làm săn chắc và đàn hồi Jilinsa 10 miếng/hộp, Mặt nạ chống nh",GIU,,,
triomphe,4,1,颜色,"Ghế trước đệm màu trắng đẹp, Đệm tựa lưng màu trắng đẹp cá tính, Đệm màu trắng l",THEO_CUM,,,
hemu,4,1,颜色,"48 Hemu cao xếp chồng lên nhau, 48 gỗ thông cao xếp chồng lên nhau, 48 màu xếp c",CHUA_CO,,,
quinoa,4,3,包装规格,"[Lựa chọn chất lượng] Hoa cúc 50g, [Lựa Chọn Chất Lượng] Lá Bồ Công Anh 50g, [Lự",CHUA_CO,,,
peel,4,2,颜色,"Mẫu phân phối] Satin Lip Cream S01 (1.9ml), Mẫu phân phối] Satin Lip Cream S02 (",CHUA_CO,,,
angola,4,4,颜色,"màu xanh hải quân, đậu xanh, màu đỏ tươi, màu đen, màu xám, không gian màu xanh,",CHUA_CO,,,
ammonia,4,1,颜色,"Trắng [Cotton Pima 120s + Công nghệ Liquid Ammonia Cool Touch], Đen [Cotton Pima",THEO_CUM,amoniac,,
luochuan,4,4,花型,"Treasure Garden [Kết cấu cấp mẹ và bé đích thực NUK], Aisha Fangfei [Kết cấu cấp",CHUA_CO,,,
lu'an,4,2,产品类别,Lá tươi Lát Dưa Lu'an,HANVIET,Lục An,,
film,4,4,产品规格,"Phiên bản nâng cấp phim đen (thích hợp cho 17inch laptop), Phiên bản nâng cấp mà",XEM_TAY,,,
shihaoli,4,4,包装规格,"双龙御品三大茗茶送茶具, 马上有福30罐大红袍, 马上有福16罐大红袍送茶具, 福气满满24罐金骏眉, 福气满满16罐金骏眉送茶具, Top 10 loại t",CHUA_CO,,,
patch,4,3,产品规格,Kefumei Sodium Hyaluronate Hydrating Patch 5 miếng 1 hộp có mã chống hàng giả ch,THEO_CUM,miếng dán,,
travels,4,1,颜色,"Mặt dây chuyền ngọc bích xanh bùng nổ [Ra vào an toàn], Mặt dây chuyền ngọc bích",CHUA_CO,,,
clouds,4,4,花型,"Quần áo trẻ em ngẫu nhiên, papamama baby clothes, quần áo trẻ em thắt nơ, quần á",CHUA_CO,,,
hengxian,4,4,生产厂家,Nhà máy Trà Hengxian Zhenmao,HANVIET,Hoành Huyện,,
pattern,4,4,产品规格,"Miếng dán nếp gấp mũi vi tinh thể 5 cặp/hộp, Miếng dán họa tiết tinh thể vi mô I",CHUA_CO,,,
parker,4,3,颜色,"YAG McLaren - Cà phê, YAG Angus, YAG Thời gian Philadelphia, YAG Xanh Lá, YAG Ka",CHUA_CO,,,
joe,4,1,包装规格,"10 gói ngô nướng chay của bà Joe, 20 gói ngô nướng chay của bà Joe, 30 gói ngô n",CHUA_CO,,,
blue-dm,4,2,花型,"Mountain Ash-DM [Loại bông sợi dài dành cho bà mẹ và trẻ sơ sinh], Fanxing Blue-",CHUA_CO,,,
xigui,4,3,包装规格,"Xishuangbanna, Laobanzhang, Laoman'e, Yiwu, Mahe, Kuafengzhai, Mintang, Naka, Na",CHUA_CO,,,
xilan,4,4,花型,"Lanhuang Xiaoge, Mi Xiaoge, lưới màu xanh nhạt, lưới xanh1, lưới nghệ, Lưới kem ",CHUA_CO,,,
mian,4,3,花型,"Mèo cam [Cấp độ A dành cho mẹ và bé / Siêu mềm mại, có thể ngủ trần], Thỏ mềm mà",CHUA_CO,,,
co-pilot,4,1,颜色,"Trình điều khiển gấu màu be hộp Gap, Gap Box Beige Bear Co-Pilot, Gap Box Black ",CHUA_CO,,,
realm,4,2,包装规格,"Gói nếm thử hộp sắt Boundary 30g [6 bong bóng], 90g Bộ Sưu Tập 2014 Hộp Sắt Real",CHUA_CO,,,
heiqiao,4,1,花型,"Yến mạch (yến mạch + sô cô la nâu), Yến mạch (nâu caramel + nâu sô cô la), Bột y",CHUA_CO,,,
boletus,4,4,包装规格,"18g konjac làm mới và hương vị cay, 18g konjac làm mới và vị cay, 18g Konjac Shu",CHUA_CO,,,
jiu,4,3,颜色,"2 # Cầu Jiu Xin Qiao C423, 01#Lychee Sweet Peach C588, 02#Trà đen hoa hồng C588,",GIU,,,
coke,4,3,口味,"Hương vị Coke*15 miếng (hộp đầy đủ), Hương nho*15 miếng (nguyên hộp), Kẹo neon*1",CHUA_CO,,,
transformation,4,3,颜色,"Súng bắn đạn mềm trận đấu hỏa lực 621-104, Súng ném vỏ chương trình không gian 2",CHUA_CO,,,
regis-yellow,4,4,花型,"Cụm hoa [100% cotton, thân thiện với da và thoáng khí], Xiancao [100% cotton Tân",CHUA_CO,,,
junzai,4,2,净重（规格）,"[Hai mươi món ăn nhẹ tuổi thơ] 30 gói, [Hai mươi món ăn nhẹ tuổi thơ] 60 gói, [H",CHUA_CO,,,
junzi,4,2,包装规格,"[Ba mươi loại] 120 gói, [Ba mươi loại] 90 gói, [Ba mươi loại] 60 gói, Zhou Chang",CHUA_CO,,,
xingcun,4,4,产品厂家厂址,"Khối A, Shimenlou, làng Hongxing, thị trấn Xingcun, thành phố Wuyishan",CHUA_CO,,,
code,4,2,产品规格,Skin Love Code: Mặt nạ tinh chất làm dịu Scallop Lectin,CHUA_CO,,,
recombinant,4,4,规格,"Loại nén lạnh y tế [Trắng cổ điển] loại 5 miếng, Một loại [đầu tiên nhìn thấy mà",CHUA_CO,,,
refreshing,4,4,产品规格,Sữa rửa mặt KISSMWAH Amino Acid Refreshing Oil Control cho nam 500g,THEO_CUM,sảng khoái,,
pancake,4,3,包装规格,"Bánh kếp lá hẹ [hương vị lá hẹ] 20 gói, Bánh kếp lá hẹ [hương vị lá hẹ] 40 gói, ",CHUA_CO,,,
dumbo,4,1,颜色,"Dumbo (xanh lam), Dumbo (Vàng), Dumbo (màu hồng), Dumbo (đỏ)",CHUA_CO,,,
sherry,4,1,颜色,"【Mèo Hello Kitty】--Đen, 【Mèo KT】--Màu be, 【Mèo Hello Kitty】--Màu hồng, 【Mèo Hell",CHUA_CO,,,
antibody,4,2,产品规格,"Một tấm mặt nạ chống vi khuẩn kép., 5 miếng mặt nạ kháng thể kép [số lượng lớn],",CHUA_CO,,,
antlers,4,1,颜色,"Antlers [liên kết lưới bướm đen], Antlers [Trắng với lưới bướm], Antlers [Với th",CHUA_CO,,,
anhui,4,4,原产地,Anhui,CHUA_CO,,,
yunye,4,4,花型,Sunny Day Kitten [Loại A dành cho bà mẹ và trẻ sơ sinh ngủ khỏa thân thân thiện ,CHUA_CO,,,
xingmian,4,4,花型,Sunny Day Kitten [Loại A dành cho bà mẹ và trẻ sơ sinh ngủ khỏa thân thân thiện ,CHUA_CO,,,
xingqu,4,3,花型,"Gấu nhỏ Xingqu 【Vải loại A, mềm mại, thân thiện với da, không xù lông】, Ngôi sao",CHUA_CO,,,
xingtang,4,1,花型,"Kẹo mỏng Xingtang [Không xù lông -- Không phai màu] Đã qua kiểm định chất lượng,",CHUA_CO,,,
renju,4,4,生产厂商,Công ty TNHH Công nghệ Renju Đông Quan Dexin,CHUA_CO,,,
xingxing,4,3,净重（规格）,"[Hai mươi món ăn nhẹ tuổi thơ] 30 gói, [Hai mươi món ăn nhẹ tuổi thơ] 60 gói, [H",CHUA_CO,,,
xinhui,4,4,生产厂家,Công ty TNHH Trà Ganpu Xinhui Yichen Giang Môn,HANVIET,Tân Hội,,
oud,4,4,颜色,"[Gió giữa hoa] Manlong Guiyu-120ML, [Gió giữa hoa] Hẹn hò với hoa hồng-120ML, [G",CHUA_CO,,,
bird,4,3,颜色,"Vỏ tai nghe Bluetooth M Cream Cheese, Vỏ tai nghe Bluetooth trong suốt và mượt m",CHUA_CO,,,
toucai,4,2,包装规格,"2026--2#Mingqiantou Picking Nectar--500g (số lượng lớn), 2026---3 # Mingqiantou ",CHUA_CO,,,
ren-lotus,4,4,花型,"Latte ren Himalaya, Lưới ren màu hồng, Ren-Lotus Spring, Cụm hoa ren, Ren lưới r",CHUA_CO,,,
ren-tutu,4,4,花型,"Latte ren Himalaya, Lưới ren màu hồng, Ren-Lotus Spring, Cụm hoa ren, Ren lưới r",CHUA_CO,,,
xpress,4,1,颜色,"Son dưỡng ẩm Meitixiu Xpress # 01 # Đào Edelweiss, Son dưỡng ẩm Meitixiu Xpress ",CHUA_CO,,,
xuan,4,4,颜色,"[Ying Meng Pink] Mặt bóng thời trang, [Canruo Orange] Mặt bóng thời trang, [Dany",CHUA_CO,,,
loli,4,4,花型,"Wu Anxin (thủ công thêu một chữ cotton), Ngôi nhà bí ngô (thủ công thêu một chữ ",CHUA_CO,,,
yunyingge,4,4,花型,Dải màu xám hỗn hợp [Loại A dành cho bà mẹ và trẻ sơ sinh/mềm mại và thân thiện ,CHUA_CO,,,
yunshang-hoa,4,1,花型,"Nàng tiên hoa Yunshang, Yunshang-Hoa Lê Mùa Thu, Cà phê Yunshang-Love, Yunshang-",CHUA_CO,,,
yuntang,4,4,花型,Dải màu xám hỗn hợp [Loại A dành cho bà mẹ và trẻ sơ sinh/mềm mại và thân thiện ,CHUA_CO,,,
milky,4,3,颜色,"886-Cloud Milky White-THÂN, 886-Mực Xám Đá-TRUNK, 886-Bột béo đào-TRUNK, 886-Gạo",CHUA_CO,,,
miffy,4,4,花型,"Yining (mềm mại, thân thiện với da - có thể ngủ không cần mặc - không xù lông), ",CHUA_CO,,,
mikachi,4,4,颜色,"Hình ảnh chính/trắng (90% khách hàng lựa chọn), Mikachi/kiểu ảnh chính, Màu xám ",CHUA_CO,,,
angelica,4,3,包装规格,"[Lựa chọn chất lượng] Hoa cúc 50g, [Lựa Chọn Chất Lượng] Lá Bồ Công Anh 50g, [Lự",THAY,đương quy,,
shibao,4,2,包装规格,"Trà nhân sâm Shibao [5g/30 túi], Trà Yigan [5g/30 túi], Trà dưa lá dâu tằm [5g/3",CHUA_CO,,,
kauf-milkshake,4,1,花型,"Kauf-Bentley màu xanh, Kauf-Xám cao cấp, Kaufu-xanh biển + tro núi, Kaufu-xanh x",CHUA_CO,,,
kano,4,4,花型,"Ren hoa văn cổ điển - Mạc Thanh, Ren hoa văn cổ điển - Hè Phong, Ren hoa văn cổ ",CHUA_CO,,,
xuecao,4,4,产品规格,"Đông khô mặt nạ 2g, Mặt nạ dưa chuột Centella Xuecao 30ml, Mặt nạ rau quả 28ml",XEM_TAY,,,
cong-titan,4,1,尺寸,"Parasol-titan bạc cỡ lớn 140*80cm (chính hãng và chính hãng), Parasol-titan bạc ",CHUA_CO,,,
hamster,4,4,颜色,"48 mẫu [búp bê] 1 hộp ngẫu nhiên, Thiên đường chim bay, 1 hộp ngẫu nhiên, 12 mẫu",THAY,đập chuột,,
shihao,4,4,包装规格,"Hộp gỗ Sheng Shihao Li 30 lon [Jin Junmei], Sáu loại trà nổi tiếng xuyên biên gi",CHUA_CO,,,
shell-white-lollipop,4,1,颜色,"Puff Shell-White-Lollipop m Bean [Vỏ đơn], Puff Shell-White-Lollipop m Bean [Dây",CHUA_CO,,,
fuchsia,4,2,颜色,"Màu tinh khiết hình thang-** màu đen cổ điển [nhỏ], Màu tinh khiết hình thang-**",CHUA_CO,,,
dream-green,4,4,花型,"Cụm hoa [100% cotton, thân thiện với da và thoáng khí], Xiancao [100% cotton Tân",CHUA_CO,,,
arc,4,1,颜色,"Ghế trước đệm màu trắng đẹp, Đệm tựa lưng màu trắng đẹp cá tính, Đệm màu trắng l",THEO_CUM,,,
ari,4,1,颜色,"(Chiều dài cộng với) Gấu [Đơn], (Chiều dài) Ari [Đơn], (Chiều dài cộng) Mèo xám ",CHUA_CO,,,
yunrou,4,2,产品名称,Sữa rửa mặt KYTY Yunrou (Loại axit amin)1,GIU,,,
loafer,4,4,产品类别,Giày loafer,GIU,,,
longzhu,4,2,包装规格,Trầm hương táo tàu 2015 bánh trà trắng cũ 10g mẫu trà khuyến nghị chính đơn giá ,HANVIET,Long Châu,,
loose,4,4,包装规格,"蓝绽妍6片院线（周年版包装）, 5 miếng vá sửa chữa (bao bì mới có phông chữ trang điểm), 【Lẻ Sả",CHUA_CO,,,
xunyi,4,4,颜色,"Xanh lam sông băng, Trắng thanh lịch, Sao đen, Hồng sa mạc, Quả bơ, Cam sức sống",CHUA_CO,,,
xxxxxl,4,4,尺码,"m., l, XL, cỡ đại, XXXL, XXXXXL, 5XL",CHUA_CO,,,
tongtian,4,3,包装规格,"Đầu trà thơm cứt vịt 250g, Hai lựa chọn hương thơm phân vịt, Phong lan mật ong, ",CHUA_CO,,,
cookies,4,2,包装规格,"K02顽皮狗-蓝（有小号）, 麦吉粉（有小号）, 511魅影-橘（有小号）, 516格调生活-蓝（有小号）, 512魅影-粉（有小号）, K01顽皮狗-桔, K",GIU,,,
hakimi,4,4,花型,"Hakimi [100% cotton / siêu mềm mại, thân thiện với da], Chấm bi nơ bướm [100% co",CHUA_CO,,,
coolomi,4,3,颜色,"311-35 Con heo đất gấu [Hai màu ngẫu nhiên], 311-23 Con heo đất thỏ dễ thương [H",CHUA_CO,,,
mingjian,4,3,包装规格,"10 gói Đa Hồng Bào (Bộ sưu tập Đa Hồng Bào), 10 gói trà Kim Quân Mê (Bộ sưu tập ",CHUA_CO,,,
longfeng,4,3,包装规格,"Hộp quà trà trắng Longfeng Double Cake (Trà trắng Fude Trà trắng vỏ quýt), Hộp q",CHUA_CO,,,
dou,4,3,颜色,"Trà Tốt, Quà Tốt: Bốn Loại Trà Nổi Tiếng, He Li Shuang Dou Bốn loại trà nổi tiến",CHUA_CO,,,
story,4,3,规格,M1029 Star Story Brightening Lip Gloss2,CHUA_CO,,,
fuhou,4,2,包装规格,"500g đầu trà thơm vịt số 9 [nguyên liệu pha trà], 500g đầu trà thơm vị vịt số 10",CHUA_CO,,,
frosted,4,3,颜色,"Màu đen (hộp quà), Màu trắng (hộp quà), Rượu vang đỏ (hộp quà), Kaki mờ (hộp quà",CHUA_CO,,,
drummy,4,1,净重（规格）,"[Xé tay/5 góc/Mommy/Drummy] Trộn 4 loại * 10 gói, [Xé tay/5 góc/Mommy/Drummy] Tr",CHUA_CO,,,
cranberry,4,3,包装规格,"160g bánh bao nhỏ (tổng cộng 8 miếng), 200g bánh bao nhỏ (tổng cộng 10 miếng), 4",THAY,nam việt quất,,
corolla,4,2,规格尺寸,"Senna/Grevia/Grevia, Toyota CHR/Yize, Toyota Ralink/Corolla/Sư tử châu Á/Ling Sh",GIU,,,
rich,4,2,包装规格,"Vỏ tai nghe Bluetooth M Cream Cheese, Vỏ tai nghe Bluetooth trong suốt và mượt m",CHUA_CO,,,
guochuan,4,1,颜色,"【Mountain Edge】Rồng Cổ Hoang Dã, 【Mountain Edge】Hoa hồng bằng gỗ mun, 【Mountain ",CHUA_CO,,,
guofeng,4,4,包装规格,"Trà Đá Hồng Phổ Nhĩ (Dahongpao) 250g [Giá tham khảo: 899], Quế Guofeng 250g [giá",CHUA_CO,,,
touyan,4,4,包装规格,"Trọng lượng mẫu khoảng [30g], [Carbon nướng Dahongpao] Đơn giá 40 nhân dân tệ, [",CHUA_CO,,,
town,4,3,颜色,"Pink Bobo [thân thiện với làn da, sáp siêu mềm có thể ngủ khỏa thân], Cheese ngh",GIU,,,
benzen,4,2,颜色,"Ba lớp màu trắng [vật liệu benzen cải tiến mới], Hồng ba lớp [Chất liệu benzen m",CHUA_CO,,,
yabai,4,3,花型,"[Trộn và kết hợp] Gạo màu-Xám đen-Vĩnh Cửu, [Trộn và kết hợp] Yabai-dải nhỏ-vĩnh",CHUA_CO,,,
yachu,4,2,花型,"Năm hoa nở - Màu Champagne [Vải dệt jacquard 100% cotton, mềm mại, thân thiện vớ",CHUA_CO,,,
yaer,4,2,净重（规格）,"[Hai mươi món ăn nhẹ tuổi thơ] 30 gói, [Hai mươi món ăn nhẹ tuổi thơ] 60 gói, [H",CHUA_CO,,,
liverpool,4,1,颜色,"Màu đen, Màu xám, Màu xanh lam, Màu xanh lá, Màu đen acmilan, Paris màu đen, Màu",CHUA_CO,,,
livestream,4,4,适用人群,"Cung cấp hàng cho thương mại điện tử, cung cấp hàng cho cửa hàng truyền thống, c",GIU,,,
asakusa,4,4,花型,"Thỏ đồng quê [Dày dặn, vải chải lông mềm mại, thân thiện với da, không dễ xù lôn",CHUA_CO,,,
yunding,4,4,生产厂家,"Quảng Tây Yunding Tea Co., Ltd.",CHUA_CO,,,
dongfang,4,4,颜色,"[Little Oriental] Oriental Gardenia, 【Little Dongfang 】 Trà Lin Yin Zen, 【Phương",CHUA_CO,,,
fulljia,4,1,产品规格,"Mặt nạ trắng Fulljia 5 miếng 1 hộp có mã chống giả chính hãng, Fulljia Black Mas",CHUA_CO,,,
stunt,4,3,颜色,"Cực Lớn - Xe Địa Hình Sáu Bánh Tốc Độ Cao [Hợp Kim Nâng Cấp] Vàng Cao Cấp, Cỡ Lớ",CHUA_CO,,,
yuga,4,3,花型,"Cà phê bóng hoa, Thung lũng sơn, Hương thơm đậm đà và bóng cà phê loãng, Chu-Lem",CHUA_CO,,,
yugui,4,2,颜色,"Nước hoa phong lan Zhilan Yushu cổ tích (8,5g * 2 bong bóng), Có hoặc không có h",CHUA_CO,,,
kenda,4,1,颜色,"8.5inch Bóng massage dây treo - Màu cam (mỗi đơn hàng kèm 1 kim bơm), 8.5inch Bó",CHUA_CO,,,
oh,4,1,包装规格,"喜糖试吃全店随便选, Kẹo cứng hương đào trắng Hongyuan 500g, khoảng 120 miếng, Kẹo sữa Wan",CHUA_CO,,,
yayun,4,2,颜色分类,"Dầu dưỡng xe hơi Yayun 180g (Rừng Hoa Hồng), Dầu dưỡng xe hơi Yayun 180g (hương ",CHUA_CO,,,
rome,4,3,花型,"Đang chờ [thân thiện với làn da và thoải mái, không vón cục, không phai màu], Hư",CHUA_CO,,,
assault,4,4,颜色,"Súng hơi 115-1 98K, 115-5 Laifu Soft Shotgun [Màu sắc ngẫu nhiên], 115-10 khẩu s",CHUA_CO,,,
sufle,4,4,花型,"West Highland [Chất lượng loại A, thân thiện với da, thoải mái khi ngủ], Thỏ vườ",CHUA_CO,,,
dolphin,4,2,颜色,"Túi đựng đồ hình gấu Tulip loại F [không bao gồm xô chống thấm nước], Túi đựng đ",GIU,,,
lofen,4,1,颜色,"Màu da J21A (không có LOGO), J21A màu tím (không có LOGO), J21A màu đen (không c",CHUA_CO,,,
beige,4,4,颜色,"Trình điều khiển gấu màu be hộp Gap, Gap Box Beige Bear Co-Pilot, Gap Box Black ",CHUA_CO,,,
nuan,4,4,花型,"Tình yêu hoa lan, Mở rộ trong chớp mắt, Milo - Xám, Angus-Lan, Hương Vịt - Hồng,",CHUA_CO,,,
crazy,4,2,颜色,"Đen HB2023, Crazy Horse Brown Phiên bản nâng cấp-, Crazy Horse Green Phiên bản n",CHUA_CO,,,
roman,4,2,花型,"Bán Hạ - Trắng Cà Phê 100% cotton dệt jacquard, Bán Hạ - Bạch Phấn 100% cotton d",CHUA_CO,,,
tomato,4,4,颜色,"【SXCS】Sữa rửa mặt bọt nhỏ amino acid peptide hạt óc chó, Sữa Rửa Mặt Cấp Ẩm & Là",CHUA_CO,,,
tongle,4,3,净重（规格）,"[Hai mươi món ăn nhẹ tuổi thơ] 30 gói, [Hai mươi món ăn nhẹ tuổi thơ] 60 gói, [H",GIU,,,
ting,4,3,花型,"Xấu tính, mèo ca rô xanh, gấu trái tim xanh, Hoa thú cưng dễ thương, Thiên đường",GIU,,,
yeying,4,4,花型,"Xám đá [100% Tencel giả một mất mười], Gypsophila Purple-Dawn Silver [100% Tence",CHUA_CO,,,
yaoshan,4,4,产品厂家厂址,"Phòng 801, Phòng 901, Phòng 1001, Số 176, Yaoshan, Làng Hushui, Thị trấn Sannei,",CHUA_CO,,,
bell,4,4,形象,Mặt nạ phục hồi trẻ hóa MedRepair Mi Bell,CHUA_CO,,,
beef,4,3,净重（规格）,"Bắp gân thịt bò Doctor 10 gói, Bắp gân thịt bò Doctor 20 gói, Bắp thịt Doctor Be",GIU,,,
yihe,4,4,生产厂家,"Hồ Nam Yihe Village Food Co., Ltd.",CHUA_CO,,,
yeast,4,4,产品规格,"Mặt Nạ Tinh Dầu Hoa Hồng Tái Tạo Da - Dạng Tấm 25ml, KISSMWAH Kirin Mushroom Sil",GIU,,,
noka,4,4,花型,"Monyilan + Xanh nhạt [Tiêu chuẩn A dành cho mẹ và bé, thân thiện với da, có thể ",CHUA_CO,,,
kudzu,4,4,包装规格,"[Lựa chọn chất lượng] Hoa cúc 50g, [Lựa Chọn Chất Lượng] Lá Bồ Công Anh 50g, [Lự",CHUA_CO,,,
nissan,4,3,颜色,"Một miếng cản trước [vui lòng để lại tin nhắn khi đặt hàng các mẫu khác], Một mả",CHUA_CO,,,
tiga,4,1,颜色,"Pin không có mẫu âm thanh và ánh sáng Cerro 28cm [túi], Pin không có mẫu đèn và ",GIU,,,
count,4,2,花型,"[Đánh dày 100 lần] Disena ~ Màu cà phê, [Đánh dày 100 lần] Disena~Bean Green, [Đ",CHUA_CO,,,
cubs,4,3,花型,"Orchid Bear [100% cotton chải kỹ, thân thiện với làn da và thoải mái], Macira [1",CHUA_CO,,,
mins,4,2,适用型号,"Apple 16PROMAX1, Apple 16PRO, Apple 16 CỘNG, táo 16, Apple 15PROMAX, Apple 15PRO",CHUA_CO,,,
sunflower,4,4,颜色,"Bi Han + Biển Hoa Fangfei [Bộ bốn món nhung sữa có trọng lượng cao], Beihan + Ng",CHUA_CO,,,
sunny,4,4,花型,Sunny Day Kitten [Loại A dành cho bà mẹ và trẻ sơ sinh ngủ khỏa thân thân thiện ,CHUA_CO,,,
sweetice,4,4,花型,"Chú chó con xinh xắn màu xanh dương [Vải gạc hai lớp loại A mềm mại, thân thiện ",CHUA_CO,,,
ruidando,4,1,包装规格,"Ruidando 150g (Hương vị sô cô la), Ruidando 150g (Hương vị cà phê), Ruidando 150",GIU,,,
rou,4,4,包装规格,HERORANGE Jiao Rou Nian Lip Glaze,THEO_CUM,,,
labu,4,4,花型,"Mèo con bên kia bờ-Ngày nắng, Bờ kia - điểm sóng muối biển, Bờ kia-Thỏ Barbie, B",GIU,,,
kuromi,4,2,颜色,"388-380A-Nhà vui chơi y tế, Nhà chơi 388-380C-BBQ, 506-119-Nhà chơi tủ, 7979-111",CHUA_CO,,,
barrier,4,1,产品规格,Mặt nạ chăm sóc đặc biệt Winona Soothing Moisturizing 6 miếng (một miếng không h,GIU,,,
bart,4,4,花型,"Sweet Joy [Cấp độ ngủ khỏa thân dành cho bà mẹ và trẻ sơ sinh hạng A], Bazaar [C",CHUA_CO,,,
mode,4,1,颜色,"Phiên bản Bluetooth/Matte X6 (Quad Core + Single Mode) Đen, Phiên bản Bluetooth/",CHUA_CO,,,
linmen,4,2,颜色,"Bầu Fulu bán chạy, Bán nóng ra vào an toàn, Bán nóng màu trắng ra vào an toàn, B",CHUA_CO,,,
t,4,4,穿着方式,"Amazon, t nhỏ, Pinduoduo",GIU,,,
yuanzu,4,4,颜色,"878 màu xám cổ điển, 878 màu xanh hải quân, 878 cacbon đen, 878 Yuanzu màu xám",CHUA_CO,,,
mituo,4,4,花型,"Màu be + Xanh đậu [Vải cotton nguyên chất 100%, thoải mái khi ngủ khỏa thân], Tr",CHUA_CO,,,
baoma,4,1,颜色,"Xe địa hình G-Class - màu trắng (túi OPP), Xe địa hình G-Class - màu đen (túi OP",CHUA_CO,,,
cross,4,4,尺寸大小,"喂养套装七件套【英文包装】, Bình sữa Silicone 240mL (cùng kiểu Shixi 7,2 cm), Bình sữa silico",CHUA_CO,,,
yidikong,4,4,容量,"Bao bì tiếng Anh màu tím [80+80ML] tặng kèm 2 núm ti size SS, Bao bì tiếng Anh m",CHUA_CO,,,
nile,4,4,花型,"Barbie hồng (không bóng-không phai), Màu xanh hoàng gia xám nhạt (không bóng-khô",CHUA_CO,,,
nezha,4,4,颜色,Tùy chỉnh tai nghe Bluetooth Panda Nezha,THAY,Na Tra,,
nhau-hemu,4,1,颜色,"48 Hemu cao xếp chồng lên nhau, 48 gỗ thông cao xếp chồng lên nhau, 48 màu xếp c",CHUA_CO,,,
yima,4,4,包装规格,"Hộp quà tặng trà Long Tỉnh Mingqian2, Hộp quà tặng Yima Dangxian-Mingqian Longji",CHUA_CO,,,
yeyu,4,4,花型,"Điệp Mộng - Xanh Hồ [Vải dệt jacquard satin 100% cotton dệt cao cấp, dày dặn, si",CHUA_CO,,,
barcelona,4,1,颜色,"Màu đen, Màu xám, Màu xanh lam, Màu xanh lá, Màu đen acmilan, Paris màu đen, Màu",CHUA_CO,,,
lan-shuang,4,4,花型,"Xám đá [100% Tencel giả một mất mười], Gypsophila Purple-Dawn Silver [100% Tence",CHUA_CO,,,
ruoshui,4,1,产品规格,"Kim vi tảo biển thêu Kain (12 lần), Mặt nạ thêu Kain, Cá hồi thêu Kain, Mặt nạ a",GIU,,,
gourmet,4,2,规格,"(8349 Guochao Clay) Bộ đất sét 12 màu Gourmet, (8349 Đất sét Guochao) Đất sét Go",CHUA_CO,,,
azelaic,4,4,产品规格,Mặt nạ bùn làm sạch lỗ chân lông Biberia Azelaic Acid 100g,GIU,,,
lingmei-astragalus,4,4,产品规格,Sữa rửa mặt kiểm soát dầu Bei Lingmei-Astragalus nicotinamide 300g,CHUA_CO,,,
yuehu,4,1,颜色,"Jerry 6973 thế hệ thứ 2 đầy đủ tính năng, đổi tên và định vị + phát hiện trong t",GIU,,,
diga,4,2,颜色,"Đi-gao toàn đen, Diaga màu đen, Bạc Digaio, Đi-gao xám xanh trắng, Đi-gao màu xá",CHUA_CO,,,
swan,4,4,产品规格,"Zhiduo Fuyan Whitening and Removal Mask (Tianzi Model)-Gói 25ml, Zhiduo Fuyan Wh",CHUA_CO,,,
gande,4,3,产品厂家厂址,Nhà máy trà Anxi Gande Sanchi Spring,CHUA_CO,,,
astronaut,4,3,规格,"Hoa nhẹ nhàng [100% cotton hai mặt], Avril Lavigne [100% cotton hai mặt], Khủng ",CHUA_CO,,,
yuanqi,4,3,包装规格,Yuanqi 250g*1 lon: [hạt óc chó + hạt hạnh nhân + hạt điều + hạt phỉ + hạt hồ tră,CHUA_CO,,,
neva,4,2,产品规格,"[Phiên bản 2.0] Mặt nạ phục hồi men vi sinh 5 miếng, [Phiên bản 2.0] Mặt nạ sửa ",GIU,,,
national,4,2,颜色,Trầm hương táo tàu 2015 bánh trà trắng cũ 10g mẫu trà khuyến nghị chính đơn giá ,THEO_CUM,,,
yijie,4,1,颜色分类,"Nước tẩy keo Zhengcai 300ml * 1 chai (dạng dùng thử), Nước tẩy keo Che Yijie 450",CHUA_CO,,,
baobao,4,1,颜色,"Ma Baobao Mùa Hè Xanh 20, Ma Baobao Mùa Hè Xanh 22, Ma Baobao Mùa Hè Xanh 26, Ma",CHUA_CO,,,
dandanqi,4,3,颜色,"Bộ tài khoản vui nhộn (ngẫu nhiên) CY-97, Chú Gấu Dễ Thương Thợ Thủ Công Nhỏ 811",CHUA_CO,,,
daniel,4,1,颜色,"1:22 Xe thể thao Farah màu đỏ điều khiển từ xa (sạc bốn chiều), 1:22 Xe thể thao",CHUA_CO,,,
tic,4,1,颜色,"Mẫu thông thường một lớp, Dây kéo hai lớp thế hệ đầu tiên, Dây rút gia cố hai lớ",CHUA_CO,,,
sami,4,2,颜色,"黑水泥, Quần jean đen, Denim xám, Quần jean xanh, Xám Sámi, Sami xanh đậm, Sami trắ",CHUA_CO,,,
moka,4,4,颜色,"Lưu trữ thùng đôi lái xe chính 1 giá (đen), Giá 1 đồng lái có khe chứa đồ đôi (n",CHUA_CO,,,
lifeiou,4,1,韩国丽菲欧胶原面膜,Mặt nạ collagen Lifeiou Hàn Quốc1,CHUA_CO,,,
youyou,4,4,花型,"111318Thiên đường cực, 111718 Lan Lan Youyou, 111918Ngôn ngữ rừng, 112518-Cá heo",GIU,,,
yoshi,4,4,花型,"Bạch đào khoai môn tím [vải lụa lạnh mát/mượt và thoáng khí], Màu tím sữa cực tr",CHUA_CO,,,
selling,4,1,包装规格,"50 miếng [hộp đầy đủ] bánh hoa hồng hương vị hỗn hợp, Gói 40 miếng [Giá trị lớn]",CHUA_CO,,,
sencha,4,4,颜色,"[Little Oriental] Oriental Gardenia, 【Little Dongfang 】 Trà Lin Yin Zen, 【Phương",CHUA_CO,,,
gege,4,4,花型,"Wu Anxin (thủ công thêu một chữ cotton), Ngôi nhà bí ngô (thủ công thêu một chữ ",GIU,,,
senna,4,4,包装规格,"Senna/Grevia/Grevia, Toyota CHR/Yize, Toyota Ralink/Corolla/Sư tử châu Á/Ling Sh",CHUA_CO,,,
taiping,4,3,产品类别,Taiping Hô Kui,HANVIET,Thái Bình,,
balloon,4,4,颜色,"Orchid Bear [100% cotton chải kỹ, thân thiện với làn da và thoải mái], Macira [1",CHUA_CO,,,
dawei,4,4,包装规格,"Hương hoa lan Tieguanyin (75g/lon), Xiaoqing Dawei Tieguanyin (75g/lon), Tieguan",CHUA_CO,,,
dawn,4,4,颜色,Bright Purple [Champion Limited Edition] Cinema Dolby Atmos ▲ Thời lượng pin dài,CHUA_CO,,,
thunder,4,4,颜色,"Súng hơi 115-1 98K, 115-5 Laifu Soft Shotgun [Màu sắc ngẫu nhiên], 115-10 khẩu s",CHUA_CO,,,
sannei,4,4,产品厂家厂址,"Phòng 801, Phòng 901, Phòng 1001, Số 176, Yaoshan, Làng Hushui, Thị trấn Sannei,",CHUA_CO,,,
sanrio,4,4,IP名称,Sanrio,GIU,,,
lian,4,4,花型,Phô mai và phô mai [loại A bà mẹ và trẻ sơ sinh/thân thiện với làn da và mềm mại,GIU,,,
youguchun,4,4,生产厂家,Công ty TNHH Phát triển Nông nghiệp Chiết Giang Youguchun,CHUA_CO,,,
generation,4,3,颜色,Mặt nạ chăm sóc đặc biệt Winona Soothing Moisturizing 6 miếng (một miếng không h,CHUA_CO,,,
gentian,4,3,颜色,"[Bảng màu toàn diện khuôn mặt] # 02 Peach Blossom Face (thân thiện với da khô), ",CHUA_CO,,,
baiyunshan,4,4,规格,"Một loại nén lạnh phục hồi da nhạy cảm (5 miếng/hộp), Mặt nạ phục hồi da cấp mỹ ",CHUA_CO,,,
yingxi,4,3,产品规格,"Sữa Rửa Mặt Mật Ong Làm Sạch Sâu, Dưỡng Ẩm, Giảm Mụn, Chiết Xuất Trà Đen Tuyết v",GIU,,,
nanru,4,1,包装规格,"Bánh gà vỏ quýt [Mềm]-250g 1 túi lớn nhỏ dùng thử thơm ngon (-), Bánh gà vỏ quýt",CHUA_CO,,,
nantong,4,4,产地,"Bộ chăn ga gối 4 món, bộ 3 món, bộ nhiều món chăn ga gối Nantong, đồ dùng giường",HANVIET,Nam Thông,,
napoli,4,2,容量,"Vân Thủy Gian [100% cotton dày dặn, chải lông], Ái Lục Dải [100% cotton dày dặn,",CHUA_CO,,,
dejian,4,2,净重（规格）,"[Hai mươi món ăn nhẹ tuổi thơ] 30 gói, [Hai mươi món ăn nhẹ tuổi thơ] 60 gói, [H",CHUA_CO,,,
sandbox,4,2,规格,"[Màu hồng] Kiểu cơ bản: 2 kg cát 39 phụ kiện bàn cát, [Màu hồng] Hộp quà cát Men",CHUA_CO,,,
gongju,4,4,包装规格,"[Lựa chọn chất lượng] Hoa cúc 50g, [Lựa Chọn Chất Lượng] Lá Bồ Công Anh 50g, [Lự",CHUA_CO,,,
date,4,2,包装规格,"Trà Wolfberry, Mulberry và Red Date [5g/10 túi], Trà Wolfberry, Mulberry và Red ",CHUA_CO,,,
mushroom,4,3,容量,"Mặt Nạ Tinh Dầu Hoa Hồng Tái Tạo Da - Dạng Tấm 25ml, KISSMWAH Kirin Mushroom Sil",GIU,,,
glazed,4,3,产品规格,Son bóng Novo Glazed Mirror Solid,CHUA_CO,,,
sanzui,4,4,产品厂家厂名,"Wuyishan Sanzui Tea Man Tea Industry Co., Ltd.",CHUA_CO,,,
moulinet,4,1,包装规格,"Bánh nướng hương vị sô cô la Moulinet 6 gói, Bánh dâu Moulinet 6 gói, Bánh Mouli",CHUA_CO,,,
morning,4,4,颜色,Sứ trắng kem mềm丨Phiên bản hàng đầu [Hiệu ứng âm thanh toàn cảnh vòm 10.000 nhân,CHUA_CO,,,
dielian,4,4,花型,"Giữa hè [80 miếng có trọng lượng cao], Indigo Naturalis [trọng lượng cao 80 miến",CHUA_CO,,,
seexi,4,1,尺寸大小,"Núm vú ống hút lệch tâm (12+ tháng) - Phù hợp với bình sữa SEEXI 7.2mm., Ống hút",CHUA_CO,,,
selen,4,2,包装规格,"Trà Selen Enshi, trà dâng triều Wujiatai 500g*1 túi (trà mới 26 năm), Trà Selen ",GIU,,,
screen,4,3,产品规格,"Sữa rửa mặt dưỡng ẩm thanh lọc axit amin, Sữa rửa mặt axit amin da y tế, Sữa rửa",CHUA_CO,,,
scrub,4,2,规格,Mặt Nạ Ngủ Laiko Rice 3g (Sản Phẩm Xuất Khẩu - Không Bán Trong Nước. Việc mua hà,THEO_CUM,tẩy tế bào chết,,
gelatin,4,3,包装规格,"Trà Nhân Sâm Năm Quý [5g x 30 túi]/túi, Trà Nhân Sâm Liubao [5g x 30 túi]/túi, T",CHUA_CO,,,
munich,4,4,花型,"Thời đại Bắc Âu, Gris, Hắc Tiểu Cách, Cam Xiaoge, Họa tiết quả trám màu xám, Họa",CHUA_CO,,,
baguette,4,4,箱包潮流款式,Túi xách nách Baguette bóng kiểu cổ điển Hàn Quốc,GIU,,,
dexin,4,4,生产厂商,Công ty TNHH Công nghệ Renju Đông Quan Dexin,CHUA_CO,,,
gloss,4,1,颜色,"[Môi bóng đào Fantasy] J811 Quả nhân sâm, 【Son Gương Hoa Đào】L01 Đồng Cỏ, [Son m",GIU,,,
glossy,4,1,颜色,"X6 Technology Black Matte [Di động/Máy tính bảng], Công nghệ X6 Đen bóng [Điện t",CHUA_CO,,,
tennis,4,3,颜色,"M147, quần lưới dành cho nữ – màu cà phê., M147 Vợt tennis nữ - màu đen, M147 Gi",GIU,,,
yiwo,4,4,产品名称,Mặt nạ dưỡng ẩm Yiwo,GIU,,,
lexus,4,4,颜色,"Audi, Bảo Quân, Honda, BYD, zen tiêu chuẩn, Buick, Trumpchi, Độc giả lớn, Cánh Đ",CHUA_CO,,,
baifu,4,4,花型,"Cắm hoa mẫu đơn nở rộ 120L, 50*40*60cm, Hoa huệ 120L hạ chí 50*40*60, Cỏ bốn lá ",CHUA_CO,,,
geliana,4,3,产品规格,"Mặt nạ làm săn chắc da nâng cơ Geliana Collagen [5 cái/hộp], Mặt nạ làm đẹp UMH ",CHUA_CO,,,
scooter,4,2,颜色,"Đội xây dựng kỹ thuật 3389-40, Xe cứu hỏa thành phố chiến binh 125-23, Xe xây dự",CHUA_CO,,,
scotland,4,4,颜色,"Nơ - Nơ kẻ caro | Mềm mại thân thiện với da / Không xù lông, Nơ - Trái tim bảy m",GIU,,,
baigou,4,3,产地,Bắc Kinh Baigou,HANVIET,Bạch Câu,,
map,4,2,颜色,"Bóng bắn dây treo 8,5 inch 22cm [màu hỗn hợp] (1 kim khí cho mỗi đơn hàng), 8,5 ",CHUA_CO,,,
mansen-sky,4,4,花型,"Mansen-Tro núi [Từ chối cái nóng và mềm mượt, ngủ khỏa thân cả đêm mà không đổ m",CHUA_CO,,,
slime,4,3,规格,24 miếng mười hai cung hoàng đạo/24 miếng trong hộp/chụp theo bội số của 24 (gửi,GIU,,,
mansha,4,4,花型,"Ninh Sơ - Xanh nhạt [100% cotton - Thích hợp ngủ không mặc đồ], Bạch Đường - Tím",CHUA_CO,,,
zhu,4,4,颜色,"Con voi màu xanh, Voi màu be, Cú mắt to, Cú đỏ, Mũ cú, Cú trái tim, Một gia đình",CHUA_CO,,,
zongwu,4,4,颜色,"01 # Tìm kiếm, 02 # Chuyển động, 03 # Nhóm nữ, 04 # thoáng qua, 05 # Yue Sheng, ",CHUA_CO,,,
zisha,4,4,包装规格,"双龙御品三大茗茶送茶具, 马上有福30罐大红袍, 马上有福16罐大红袍送茶具, 福气满满24罐金骏眉, 福气满满16罐金骏眉送茶具, Top 10 loại t",CHUA_CO,,,
eucommiaxiong,4,2,包装规格,"[Mẫu nâng cấp] Trà thơm đôi nhân sâm Cistanche deserticola Eucommiaxiong 15g, [M",CHUA_CO,,,
maogen,4,3,包装规格,"Trà Ô Long Đào [Con dấu 8 mặt 20 túi], Trà Nữ Thần Liubao [Con dấu tám mặt 20 gó",CHUA_CO,,,
ace,4,1,颜色,"[Yuetong chính hãng] Ace Driver, [Yuetong chính hãng] Tài xế cứu hỏa và cảnh sát",CHUA_CO,,,
zwilling,4,1,尺寸,"Xẻng nấu ăn Zwilling phiên bản dài, Vá xào Zwilling cán dài, Vá lọc Zwilling phi",CHUA_CO,,,
slice,3,1,颜色,"(Thiết kế của Apple) Bộ 26 món Peel & Slice Fun, (Strawberry Design) Bộ dụng cụ ",CHUA_CO,,,
slalom,3,3,颜色,"48 mẫu [búp bê] 1 hộp ngẫu nhiên, Thiên đường chim bay, 1 hộp ngẫu nhiên, 12 mẫu",CHUA_CO,,,
ailiya,3,1,花型,"Bướm Phúc Bảy Màu - Hồng, Bướm Phúc Bảy Màu - Xanh Dương, Bướm Phúc Bảy Màu - Hồ",CHUA_CO,,,
zhizao,3,3,产品厂家厂址,"Phòng 401, Tòa A, Số 1, Đường Bắc Zhizao, Thị trấn Long Môn, huyện An Tây, tỉnh ",CHUA_CO,,,
smoke,3,3,花型,"Xanh lam trong trẻo + Xám củ sen [mẫu hot], Xanh không gian sâu + Xanh Ti [bán c",CHUA_CO,,,
facial,3,3,产品规格,KISSMWAH Youth Centella Asiatica Amino Acid Oil Control Facial Cleanser 100g,THEO_CUM,mặt,,
smd,3,3,面膜分类,loại SMD,CHUA_CO,,,
faith,3,1,颜色,Hộp thương mại điện tử - Slinging Barrett lớn (81cm) Màu xám - 10 viên đạn mềm +,CHUA_CO,,,
mansen-xingdai,3,3,花型,"Mansen-Tro núi [Từ chối cái nóng và mềm mượt, ngủ khỏa thân cả đêm mà không đổ m",CHUA_CO,,,
zhou,3,3,净重（规格）,"[Hai mươi món ăn nhẹ tuổi thơ] 30 gói, [Hai mươi món ăn nhẹ tuổi thơ] 60 gói, [H",CHUA_CO,,,
manyin,3,3,颜色,"Cừu sao, Gấu trăng sao, Dù, Đầu gấu nhỏ, Gấu thêu hoa, Gấu hơn trái tim, hồng, m",CHUA_CO,,,
manson-bentley,3,3,花型,"Mansen-Tro núi [Từ chối cái nóng và mềm mượt, ngủ khỏa thân cả đêm mà không đổ m",CHUA_CO,,,
aimee,3,3,花型,"Lan Mạt [100% cotton chải kỹ, thân thiện với da, thoải mái ngủ trần], Gao Xidi [",CHUA_CO,,,
ailun,3,2,颜色,"2628 Phiên bản giới hạn năm con rắn, 1618 trắng đỏ, 1618 muội than, 1618 trắng x",CHUA_CO,,,
farm,3,3,颜色,"Jumpsuit ngắn tay mùa hè mát mẻ [Happy Paradise], Áo liền quần ngắn tay mùa hè m",CHUA_CO,,,
medical,3,3,颜色,"Trà Wan Ming Jin Gun Guben (Túi Trà 150g đóng hộp), Trà Gu Ben Hard Man dược phẩ",CHUA_CO,,,
mansen-fanxing,3,3,花型,"Mansen-Tro núi [Từ chối cái nóng và mềm mượt, ngủ khỏa thân cả đêm mà không đổ m",CHUA_CO,,,
hydane,3,3,产品规格,"施逅富勒烯冰膜面膜【5片/盒】新款, Mặt nạ làm săn chắc da collagen DASSFN [5 miếng/hộp], DASSFN ",CHUA_CO,,,
huichenxin,3,3,供货商,Công ty TNHH Thương mại Huichenxin Bắc Kinh,CHUA_CO,,,
hulan,3,3,颜色,"Phong cách hoàng gia-Rankin, Phong cách hoàng gia-Vàng tím, Nhẹ nhàng hoa lá - X",CHUA_CO,,,
hunter,3,3,颜色,"AU66-36 biến dạng Mecha Alliance, Hang Biến Hình Liên Minh Mecha AU66-80, Liên m",CHUA_CO,,,
whey,3,1,包装规格,Bánh wafer whey,GIU,,,
carotene,3,2,颜色,"Carotene ống màu xám [1 que], Anh đào đỏ ống xám [1 que], Ống đen - Cherry đỏ [1",GIU,,,
cars,3,1,颜色,"McQueen lè lưỡi [có âm thanh, ánh sáng và hiệu ứng kéo lùi], McQueen Cười [Có lự",CHUA_CO,,,
prosperity,3,3,包装规格,"Sáu loại trà nổi tiếng từ ngàn dặm sông núi theo phong cách Trung Hoa, Lưới cửa ",GIU,,,
impact,3,3,颜色,"Súng hơi 115-1 98K, 115-5 Laifu Soft Shotgun [Màu sắc ngẫu nhiên], 115-10 khẩu s",CHUA_CO,,,
impression,3,2,包装规格,"Hai túi tổng cộng 250g, Bốn túi tổng cộng 500g, Hai lon tổng cộng 250g [Shanshui",CHUA_CO,,,
pro-xylane,3,3,产品规格,"Mặt nạ cam huyết Beauty Image/25ml, Mặt nạ dưỡng ẩm axit hyaluronic cà chua 25g,",CHUA_CO,,,
snowflake,3,3,花型,"Màu nhỏ tình yêu [nâng cấp nhung tuyết thân thiện với làn da nhung ấm áp], Edelw",THEO_CUM,,,
erman,3,3,花型,"Sweet Joy [Cấp độ ngủ khỏa thân dành cho bà mẹ và trẻ sơ sinh hạng A], Bazaar [C",CHUA_CO,,,
tangli,3,2,包装规格,"104 Trà Pu'er Thô: Manfei Spring 2026, 106 Trà Pu'er Thô: Daxueshan Mùa Xuân 202",GIU,,,
design,3,1,颜色,"(Thiết kế của Apple) Bộ 26 món Peel & Slice Fun, (Strawberry Design) Bộ dụng cụ ",CHUA_CO,,,
seersucker,3,2,花型,"Bán Mẫu Hoa Điền [Siêu mềm mại, có thể ngủ trần, vải seersucker hai lớp], Vân La",THAY,vải sần,,
gian-trong,3,2,颜色,Vỏ không gian-Trong suốt-Một vàng may mắn,CHUA_CO,,,
gift,3,3,包装规格,"Hộp quà 4 lon hoa văn rồng xanh, [Gói 8] Hộp quà Kirin, Áo choàng đỏ-5g, Quế-5g,",THEO_CUM,quà,,
money,3,3,风格,"Thư giãn, Tân cổ điển, Thời trang, Phong cách đô thị, Phong cách Anh, Cổ điển, B",GIU,,,
legend,3,2,包装规格,"899 # Trà sữa quế, 333 # dì cổ điển, 888#bột đậu hồng, 520 # Legend Zhenghong",CHUA_CO,,,
layer,3,3,颜色,"Hộp quà tặng sáu loại trà Qianli Jiangshan2, Lễ Trà Cao Cấp ""Bảy Loại Trà Nổi Ti",GIU,,,
layer-moonlight,3,1,颜色,"Chai cao lớn màu trắng ánh trăng 4 lớp [phong cách bán chạy], Chai cao lớn 3 lay",CHUA_CO,,,
muscle,3,2,产品规格,"Nguồn cơ số 1 Mặt nạ dưỡng ẩm và trẻ hóa 225g [Dưỡng ẩm và khóa nước, dưỡng ẩm v",THEO_CUM,,,
yipinxuan,3,3,生产厂家,Công ty TNHH trà Fude Yipinxuan,CHUA_CO,,,
yiran,3,3,生产厂家,Công ty TNHH thực phẩm Yiran huyện Nhạc Dương,CHUA_CO,,,
yiruoxue,3,1,产品规格,"Peptide đồng xanh làm đẹp, Axit Hyaluronic Meili Rongyan [Phong cách hình ảnh ch",CHUA_CO,,,
dexun,3,3,颜色,"Đen Dexun 4.5 [Bản đơn giản], Mễ Bạch Đức Tấn 4.5 [Bản đơn giản]",GIU,,,
glitter,3,2,颜色,"Kem lót môi N31 màu mới, Kem lót môi N32, màu mới., Kem lót môi N33 màu mới, Kem",CHUA_CO,,,
mugwort,3,2,规格,Mặt Nạ Ngủ Laiko Rice 3g (Sản Phẩm Xuất Khẩu - Không Bán Trong Nước. Việc mua hà,CHUA_CO,,,
yingzi,3,3,花型,"Benny Dog [mô hình bà mẹ và trẻ sơ sinh được nâng cấp 7A], KT Meow [mẫu mẹ và bé",CHUA_CO,,,
baking,3,2,颜色,"Sữa rửa mặt kiểm soát dầu cho nam 168g, Sữa rửa mặt kiểm soát dầu cho nam 80g, T",CHUA_CO,,,
bainaxiang,3,1,颜色,"Hộp Baina màu be [24L], Hộp Baina màu be [66L], Hộp Baina màu be [100L], Hộp Bai",CHUA_CO,,,
yinlan,3,3,颜色,"Graphite [móc treo cốc có sạc USB], Yaohei [Móc treo cốc có sạc USB], Màu trắng ",CHUA_CO,,,
yinran,3,3,花型,"Ren hoa văn cổ điển - Mạc Thanh, Ren hoa văn cổ điển - Hè Phong, Ren hoa văn cổ ",CHUA_CO,,,
music,3,3,颜色,"3inch Tiểu Đệ Nhất Đỏ [2 Hành Động], 3inch Tiểu Thanh Gia Phong Cách Xanh [2 Hàn",CHUA_CO,,,
mustard,3,2,花型,Mặt nạ probiotic làm dịu đa chiều BINGJIE Ice Mustard,CHUA_CO,,,
leader,3,2,包装规格,"2026--2#Mingqiantou Picking Nectar--500g (số lượng lớn), 2026---3 # Mingqiantou ",CHUA_CO,,,
lari,3,1,颜色,"Màu be cao cấp (có khóa sang vải lari), Màu hồng cao cấp (có khóa sang vải Larry",CHUA_CO,,,
derong,3,3,面料名称,DeRong,CHUA_CO,,,
deserticola,3,3,包装规格,"[Mẫu nâng cấp] Trà thơm đôi nhân sâm Cistanche deserticola Eucommiaxiong 15g, [M",THEO_CUM,,,
sansho,3,1,包装规格,"Năm hương vị, 10 gói., Năm vị, 20 gói, Năm hương vị, 30 gói., Năm hương vị, 50 g",CHUA_CO,,,
glycinate,3,3,成分,"Dầu dừa natri glycinate, octyl/decylglucoside, serine, arginine, glutamate, prol",CHUA_CO,,,
tetris,3,3,颜色,"Bộ tài khoản vui nhộn (ngẫu nhiên) CY-97, Chú Gấu Dễ Thương Thợ Thủ Công Nhỏ 811",CHUA_CO,,,
babog,3,3,产品规格,Mặt Nạ Tinh Chất Dưỡng Ẩm Aqua Glow Axit Hyaluronic Babog 25ml * 10 Tờ,CHUA_CO,,,
lele,3,3,产品规格,"Mặt nạ ốc sên JM 1 hộp (10 miếng) chính hãng có màng nhựa, Mặt nạ tổ yến JM 1 hộ",CHUA_CO,,,
diana,3,3,箱包潮流款式,Túi công chúa Diana,GIU,,,
taizhou,3,3,产地,Taizhou,HANVIET,Thai Châu,,
takayama,3,2,包装规格,"【Huaxiang Dahongpao】 Đơn giá 75, [Hương thơm mạnh mẽ Dahongpao] Đơn giá 105, [Zh",CHUA_CO,,,
garo,3,3,颜色,"Màu đen, Tím nhạt, Vàng garo, Xanh lam đá, Màu đỏ hoàng hôn, Xám hải âu",CHUA_CO,,,
gas,3,2,颜色,bàn chải bếp gas,GIU,,,
gat,3,3,款式,Huấn luyện viên quân đội Đức (GAT),GIU,,,
demon,3,3,颜色,"Màu đen (khóa vàng), Màu xám voi (khóa vàng), Kaki (khóa vàng), Màu tím (khóa và",GIU,,,
yoha,3,3,包装规格,"喜糖试吃全店随便选, Kẹo cứng hương đào trắng Hongyuan 500g, khoảng 120 miếng, Kẹo sữa Wan",CHUA_CO,,,
monk,3,3,包装规格,"[Khoảng 100 miếng bánh trà nhỏ/catty], (Pha 30 bánh chè nhỏ) 500g, Trà ô long vỏ",THEO_CUM,,,
monogram,3,3,颜色,"Họa tiết đen với dây đeo vai nhiều màu sắc 2139#, Họa tiết nâu có dây đeo vai nh",GIU,,,
baiyue,3,1,颜色,"958 trắng [da không thấm nước], 958 Xám Hồng [Bề mặt da chống thấm nước], 958 Đe",CHUA_CO,,,
nanshan,3,3,包装规格,"Bộ bàn ăn 8 hương vị và 8 món [đề xuất để tiết kiệm chi phí], Bộ bát đĩa gồm 6 m",CHUA_CO,,,
lansdon,3,1,颜色,"Không gian trắng (Lansdon), Màu xám bóng trăng (Lansdon), Trắng nhạt (Lansdon), ",CHUA_CO,,,
teas,3,3,包装规格,"Hộp quà tặng sáu loại trà Qianli Jiangshan2, Lễ Trà Cao Cấp ""Bảy Loại Trà Nổi Ti",CHUA_CO,,,
tianti,3,1,颜色,"Thang da cừu-mặt bạc hỗ trợ kitty, Tianti da cừu-mặt bạc hỗ trợ Kitty + dây cầm ",CHUA_CO,,,
lauder,3,3,花型,"Baifu Blue [Sợi hai lớp thân thiện với da ren cotton kiểu Pháp], Bạc hà hơi mát ",CHUA_CO,,,
sesele,3,1,颜色,"Hộp thương mại điện tử trái cây vuông Setele 4 trái cây [lớn], Hộp thương mại đi",GIU,,,
gbagbo,3,1,颜色,"A5-1 màu xanh lam mát mẻ, Màu cam A5-1, A5-1 Ben xám bạc, Màu trắng đậm A5-1, A5",CHUA_CO,,,
ding,3,1,颜色,"[Máy ảnh Aisha] Vòng cổ và vòng tay, [Camera Cool] Vòng cổ + Vòng tay, [Meile Ra",CHUA_CO,,,
dingji,3,1,产品规格,"Đặt mua 2 chai sữa rửa mặt và được giảm giá, Đặt mua 3 chai sữa rửa mặt và được ",CHUA_CO,,,
landscape,3,2,包装规格,"[Hộp quà gốm sứ Landscape Rhythm] Trà đen Jin Jun Mei cao cấp 250g, [Hộp quà gốm",CHUA_CO,,,
natural,3,3,产品规格,"Polypeptide Natural Soft Light Light Makeup BB Cream 50G/hộp, Sữa rửa mặt trẻ hó",GIU,,,
naturalis,3,3,花型,"Giữa hè [80 miếng có trọng lượng cao], Indigo Naturalis [trọng lượng cao 80 miến",CHUA_CO,,,
nature,3,2,包装规格,500g thực thể thương mại điện tử hương hoa lan hút ẩm mùi vị vịt trà nguyên chất,CHUA_CO,,,
naughty,3,2,颜色,"Túi đựng đồ hình gấu Tulip loại F [không bao gồm xô chống thấm nước], Túi đựng đ",CHUA_CO,,,
daxi,3,3,产品厂家厂址,"Số 143-1, Đường Daxi, Làng Fuchang, Thị trấn Longjuan, Quận Anxi, Thành phố Tuyề",CHUA_CO,,,
daxueshan,3,1,包装规格,"104 Trà Pu'er Thô: Manfei Spring 2026, 106 Trà Pu'er Thô: Daxueshan Mùa Xuân 202",CHUA_CO,,,
salmon,3,2,产品规格,"Mặt nạ dưỡng ẩm axit hyaluronic 5 cái/hộp, Mặt nạ làm dịu và làm dịu Blue Copper",GIU,,,
salvia,3,3,包装规格,"Sữa rửa mặt thực vật Net, Nước bifid, sữa bifid, Nang tóc-dầu gội đầu, Mặt nạ dư",CHUA_CO,,,
gogo,3,3,产品名称,Gogo Dance Light Son bóng trong suốt,GIU,,,
lighthouse,3,2,颜色,"Black* Lighthouse [Chỉ dành cho phiên bản tiếng Anh, cung cấp xuyên biên giới], ",CHUA_CO,,,
avocado,3,3,颜色,"洛凡美皙凡士林温变焕采润唇膏（新）2.7g, 泊泉雅男士舒润保湿护唇膏2.7g, Son dưỡng môi bảo vệ Luofan Beauty Vase",CHUA_CO,,,
autobot,3,2,颜色,"Cơ chế biến dạng [kiểu ngẫu nhiên], Mecha War League [Hộp quà], Mecha Alliance [",CHUA_CO,,,
disena,3,1,花型,"[Đánh dày 100 lần] Disena ~ Màu cà phê, [Đánh dày 100 lần] Disena~Bean Green, [Đ",CHUA_CO,,,
senyu,3,3,颜色,"[Song of Lin Hai] Pure Ancient Dragon, [Song of Lin Hai] Qingchu Gardenia, 【Song",CHUA_CO,,,
sesame,3,3,花型,"Cà phê Fengyu [100% cotton jacquard, nhẹ sang trọng và cao cấp], Màu xanh lá cây",GIU,,,
autumn,3,3,花型,"Trà sữa Manson-Bentley Blue [Thưởng thức mềm mượt và thân thiện với làn da, Mans",CHUA_CO,,,
lace-sea,3,3,花型,"Lace-Sea Salt Latte [thân thiện với làn da, thoải mái và siêu mềm], Lưới nhỏ màu",CHUA_CO,,,
neurobridge,3,3,背负系统,Công nghệ NeuroBridge,CHUA_CO,,,
lanhua,3,2,颜色,"35 # Xiaozheng Tieguanyin 500g [Khối lượng thương mại điện tử], 40 # Loại bỏ Tie",CHUA_CO,,,
yike,3,2,产品名称,Mousse làm sạch đám mây axit amin Li Yike Yan,CHUA_CO,,,
yilian,3,2,产品名称,Sữa rửa mặt cân bằng và làm mới axit amin Yilian,GIU,,,
dandelion,3,3,包装规格,"Túi hoa cúc Chamomile (1.5g x 30 túi)/túi, Phiên bản tiếng Anh Blue Butterfly Fl",THAY,bồ công anh,,
dahong,3,1,花型,"Chúc may mắn và phước lành [lớp bà mẹ và trẻ sơ sinh - ngủ khỏa thân loại A], Ho",CHUA_CO,,,
sanchi,3,2,产品厂家厂名,Nhà máy trà Anxi Gande Sanchi Spring,CHUA_CO,,,
youming,3,2,包装规格,"Hai túi tổng cộng 250g, Bốn túi tổng cộng 500g, Hai lon tổng cộng 250g [Shanshui",CHUA_CO,,,
yoyo,3,2,花型,"Bốn Mùa [Thêu Tinh Xảo 100S] Nhẹ Nhàng Như Ánh Sáng - Tím Mộng Mơ, Four Seasons ",CHUA_CO,,,
youchen,3,2,生产厂家,Công ty TNHH Tập đoàn Youchen,GIU,,,
ning,3,3,颜色,"M01 # cá khô, M02 # Meo meo, M03 # Mèo tốt, M04 # Goode Cat Ning, M05 # mèo sữa,",CHUA_CO,,,
lactose,3,3,产品规格,"Lisu Blue Guard 60 viên*1 hộp, Lisuyike 60 miếng * 1 hộp, Lisu Fubing 60 miếng *",CHUA_CO,,,
laifu,3,3,颜色,"Súng hơi 115-1 98K, 115-5 Laifu Soft Shotgun [Màu sắc ngẫu nhiên], 115-10 khẩu s",CHUA_CO,,,
l-vc,3,2,产品规格,"Viên nén tinh chất rắn rovc (10 cái/hộp), Viên nén tinh chất rắn VC (10 miếng/hộ",GIU,,,
bara,3,1,颜色,"M01 # cá khô, M02 # Meo meo, M03 # Mèo tốt, M04 # Goode Cat Ning, M05 # mèo sữa,",CHUA_CO,,,
barbarum,3,3,颜色,"[Bảng màu toàn diện khuôn mặt] # 02 Peach Blossom Face (thân thiện với da khô), ",THEO_CUM,,,
lambo,3,2,颜色,"[6 mẫu xe ngẫu nhiên 1] xe thể thao hai cửa, [Đỏ] SF90-Đóng gói, [Vàng] SF90-Đón",CHUA_CO,,,
lamborghini,3,2,颜色,"8970-1 Tàu sân bay 6 trong 1 [138 mảnh ghép], 8970-2 Thế giới Khủng long 6 trong",CHUA_CO,,,
tiju,3,3,包装规格,"Trà Nhân Sâm Năm Quý [5g x 30 túi]/túi, Trà Nhân Sâm Liubao [5g x 30 túi]/túi, T",CHUA_CO,,,
daifuku,3,3,花型,"Xanh xám đô thị [Lông nhung dày dặn gấp đôi, bồng bềnh], Bánh gạo khoai lang tím",CHUA_CO,,,
daikin,3,1,包装规格,"0.5kg Nước Trà Đen CTC Assam - Giá $13, Giá một catty trà đen Dian số 1 14 nhân ",CHUA_CO,,,
ruth,3,3,花型,"Chó ngôi sao, Gấu chó nhỏ, Voi xám nhỏ, Lê mèo đen, Hình đại diện Ruth, Thỏ trượ",CHUA_CO,,,
green-champagne,3,3,花型,(Khuyên dùng cho xương sườn) Gypsophila Purple-Dawn Silver [100% Tencel Silky Na,CHUA_CO,,,
moment,3,2,花型,"敷尔佳DNA钠水光焕采紧塑面膜5片/盒 有官方防伪码, 敷尔佳胶原璀璨嘭弹乳霜面膜5片/盒（钢铁侠面膜） 有官方防伪码, 【2.0】敷尔佳舒安水500ml 有官",GIU,,,
miyun,3,2,包装规格,Trầm hương táo tàu 2015 bánh trà trắng cũ 10g mẫu trà khuyến nghị chính đơn giá ,CHUA_CO,,,
lingtong,3,3,方案,Lingtong 62480,CHUA_CO,,,
linyi,3,3,产地,Linyi,CHUA_CO,,,
lio-green,3,3,花型,"Melbourne-Màu xám bí ẩn [mát mẻ và thoáng khí để ngủ khỏa thân], Melbourne-Dream",CHUA_CO,,,
linglong,3,1,包装规格,"104 Trà Pu'er Thô: Manfei Spring 2026, 106 Trà Pu'er Thô: Daxueshan Mùa Xuân 202",CHUA_CO,,,
seven,3,3,产品规格,"Mặt nạ dưỡng ẩm làm đẹp tươi mát Bodie Aloe Vera (Mới) Tấm 25ml, Tấm Mặt nạ Tinh",CHUA_CO,,,
sha,3,1,颜色,"Taro Tím--Phong Cách Mochi, Bột sa mạc--phong cách Nuo Sha, Màu trắng thanh lịch",CHUA_CO,,,
ganpu,3,3,生产厂家,ganpu,CHUA_CO,,,
gaocong,3,3,包装规格,"500 Đầu Trà Đại Hồng Bào Số 8 [Thành phần trà], 500g trà Đại Hồng Bào số 11 hươn",CHUA_CO,,,
t-rex,3,2,颜色,"237 Súng tiểu liên điện nhấp nháy màu xanh với dây đeo, 3816-Súng âm thanh và án",GIU,,,
ascendant,3,3,包装规格,"Hộp quà tặng sáu loại trà Qianli Jiangshan2, Lễ Trà Cao Cấp ""Bảy Loại Trà Nổi Ti",CHUA_CO,,,
goya,3,2,花型,Gói nửa táo Goya viền dầu ốp điện thoại di động 15promax,CHUA_CO,,,
croissant,3,3,花型,"Lựa chọn ngành mùa hè [Số lượng cao và mật độ cao], Lựa chọn ngành công nghiệp C",THAY,bánh sừng bò,,
da-hoa,3,1,颜色,"Vỏ vân da-hoa trắng, Vỏ vân da-hoa hồng, Vỏ vân da-hoa xanh",CHUA_CO,,,
da-yi,3,1,包装规格,"26 tháng 3 năm 2015 Bánh trà Pu thô Iceland 357g số 16, Ngày 26 tháng 3 năm 2015",CHUA_CO,,,
ruomu,3,2,产品规格,"Mặt nạ làm săn chắc và đàn hồi da Bellintha chống nhăn 25ml * 10 miếng, Jiefuqua",CHUA_CO,,,
grey-love,3,3,花型,Màu xanh lam đá sạc-xanh lam tiếng Phạn [thích hợp để ngủ khỏa thân mà không bị ,CHUA_CO,,,
grape,3,3,花型,Phô mai và phô mai [loại A bà mẹ và trẻ sơ sinh/thân thiện với làn da và mềm mại,CHUA_CO,,,
mingyuan,3,2,产品规格,Sữa rửa mặt thanh lọc sữa Life Mingyuan,CHUA_CO,,,
liuli,3,2,颜色,"440 # hoa hồng dại, 441 # Chi Liuli, 610 # Ô long băng, 416 # màu cà chua thối",CHUA_CO,,,
liuxiangjian,3,3,包装规格,"Trọng lượng mẫu khoảng [30g], [Carbon nướng Dahongpao] Đơn giá 40 nhân dân tệ, [",CHUA_CO,,,
yulin,3,3,生产厂家,"Quảng Tây Yulin Huanghui Trading Co., Ltd. Chi nhánh đầu tiên",CHUA_CO,,,
roshen,3,3,包装规格,"200ml đóng hộp * hoa nhài, 200ml lon * thai cúc, 200ml đóng hộp * hoa hồng, Đóng",CHUA_CO,,,
guagua,3,3,颜色,"Bộ tài khoản vui nhộn (ngẫu nhiên) CY-97, Chú Gấu Dễ Thương Thợ Thủ Công Nhỏ 811",CHUA_CO,,,
guaiac,3,3,产品规格,"Mặt Nạ Dưỡng Ẩm Boquanya Cucumber Centella Asiatica (Mới) 25g, Mặt nạ dưỡng ẩm b",CHUA_CO,,,
guang,3,3,花型,"Semporna (100% Lenzing Tencel, mềm mại như lụa, thoải mái tận hưởng giấc ngủ trầ",CHUA_CO,,,
titi,3,3,颜色,"48 mẫu [búp bê] 1 hộp ngẫu nhiên, Thiên đường chim bay, 1 hộp ngẫu nhiên, 12 mẫu",CHUA_CO,,,
tiepu,3,3,产品厂家厂址,"Tầng 4, Nhà máy số 7, Ngõ 2, Phía Bắc Chợ Trà, Làng Pupu, Thị trấn Tiepu, Quận T",CHUA_CO,,,
nick,3,3,形象,Nick,CHUA_CO,,,
label,3,2,颜色,"vàng đen, PU Đen với Nhãn Đen, Nhãn vàng đen PU, Nhãn bạc đen PU, PU trắng xanh,",GIU,,,
labrador,3,1,颜色分类,"Husky (lớn), Gấu trúc khổng lồ (lớn), Labrador (cỡ lớn), Chihuahua (lớn), Mèo tr",CHUA_CO,,,
bangwei,3,1,产品规格,Mousse làm sạch bong bóng axit amin Bangwei,GIU,,,
yuanshan,3,3,颜色,Màu đen đậm [Dây kéo chống cháy nổ PC chắc chắn và có khả năng chịu lực cao] LH1,CHUA_CO,,,
mistrip,3,3,花型,Miaotiao-Powder [Loại A dành cho bà mẹ và trẻ sơ sinh/mềm mại/thân thiện với làn,CHUA_CO,,,
bellamie,3,3,产品名称,"Mặt nạ ánh sáng nước tinh chất axit hyaluronic Bibaiya [5 miếng] mẫu thoát nước,",CHUA_CO,,,
nuokang,3,3,生产厂家,"Zhangjiajie Nuokang Ecological Tea Co., Ltd.",CHUA_CO,,,
kuku,3,3,颜色,"48 mẫu [búp bê] 1 hộp ngẫu nhiên, Thiên đường chim bay, 1 hộp ngẫu nhiên, 12 mẫu",CHUA_CO,,,
kundie,3,3,花型,Sunny Day Kitten [Loại A dành cho bà mẹ và trẻ sơ sinh ngủ khỏa thân thân thiện ,CHUA_CO,,,
kosa,3,3,包装规格,"125g Zhengshan Kosa (25 gói), 250g Zhengshan Mino (50 gói), 500g Zhengshan Xiaob",THAY,Tiểu Chủng,,
yifangji,3,3,生产厂家,"Bozhou YiFangji Biotechnology Co., Ltd.",CHUA_CO,,,
years,3,2,花型,"[Gió giữa hoa] Mưa cây dành dành, [Gió giữa hoa] Cuộc hẹn với hoa hồng, [Gió giữ",CHUA_CO,,,
ningxiang-shuang,3,3,花型,"Xám đá [100% Tencel giả một mất mười], Gypsophila Purple-Dawn Silver [100% Tence",CHUA_CO,,,
minyao,3,3,产品厂家厂名,Công ty TNHH trà Minyao,CHUA_CO,,,
swiss,3,1,包装规格,"160g bánh bao nhỏ (tổng cộng 8 miếng), 200g bánh bao nhỏ (tổng cộng 10 miếng), 4",THAY,Thụy Sĩ,,
suxiuchen,3,3,产品规格,Mousse làm sạch Camellia Amino Acid của Suxiuchen,GIU,,,
suzuki,3,2,颜色,"Một miếng cản trước [vui lòng để lại tin nhắn khi đặt hàng các mẫu khác], Một mả",CHUA_CO,,,
gall,3,3,产品规格,"Sữa rửa mặt làm sạch kiểm soát dầu lưu huỳnh Whsa 100g, Kem rửa mặt kiểm soát dầ",CHUA_CO,,,
fuqi,3,1,颜色,"Ngôi sao Tài lộc [Single Shell], Fuqi Cailu [vỏ đơn], Người Yêu Màu Hồng [Vỏ Đơn",CHUA_CO,,,
lingyun,3,3,颜色,"Bộ đồ dài tay/cho bé tập bò - Màu hổ phách quyến rũ, Tay áo dài/Crawling Buddy -",CHUA_CO,,,
mingyou,3,3,产品厂家厂名,Công ty TNHH trà sinh thái Quảng Đông Mingyou,CHUA_CO,,,
ariel,3,3,颜色,"48 mẫu [búp bê] 1 hộp ngẫu nhiên, Thiên đường chim bay, 1 hộp ngẫu nhiên, 12 mẫu",CHUA_CO,,,
liran,3,3,花型,Sữa rửa mặt cho nam Liran,GIU,,,
lishan,3,3,产品类别,Trà lạnh Lishan,CHUA_CO,,,
mingyue,3,3,包装规格,"[Hộp quà gốm sứ vần điệu phong cảnh] Mingqian Longjing cao cấp 250g, [Hộp quà gố",CHUA_CO,,,
dodo,3,2,容量,"Trọng lực (100% cotton), Lãng mạn buổi sáng (100% cotton, Cuộc gặp gỡ của Yu Sen",GIU,,,
shao,3,2,包装规格,"Hoa sen lớn [boxwood + phước lành] màu đỏ, Hoa Sen Lớn [Gỗ Đào + Tài Lộc] Đỏ, Ho",CHUA_CO,,,
shanfang,3,3,包装规格,"[Hộp quà gốm sứ vần điệu phong cảnh] Mingqian Longjing cao cấp 250g, [Hộp quà gố",CHUA_CO,,,
fuyang,3,3,生产厂家,Công ty TNHH thực phẩm Fuyang Shangyuan,CHUA_CO,,,
g-class,3,1,颜色,"Xe địa hình G-Class - màu trắng (túi OPP), Xe địa hình G-Class - màu đen (túi OP",CHUA_CO,,,
sundi,3,2,产品规格,"Mặt nạ chống kép tái tạo protein phân tử nhỏ Sundi Nai-đóng hộp 25mlx5 miếng, Mặ",GIU,,,
lofani,3,1,颜色,"Màu da J21A (không có LOGO), J21A màu tím (không có LOGO), J21A màu đen (không c",CHUA_CO,,,
khung-hoa,3,1,颜色,"Vườn Hoa Màu Hồng Cherry 232 Chiếc-Hộp Màu, Hộp màu hồng Rose Lane 239 chiếc, Hộ",CHUA_CO,,,
kissed,3,3,包装规格,"Weilong Konjac Shuang 15+3g trộn ngẫu nhiên nhiều vị 20 gói không hộp, Weilong K",CHUA_CO,,,
yaohei,3,3,颜色,"Graphite [móc treo cốc có sạc USB], Yaohei [Móc treo cốc có sạc USB], Màu trắng ",CHUA_CO,,,
yaoye,3,2,颜色,"Haoyue White-zipper [Giao diện sạc USB giá đỡ cốc gấp], Mô hình khóa kéo màu đen",CHUA_CO,,,
bella,3,3,花型,"Màu đen, Trắng be, Màu xám, Nâu Bella, Vàng sữa, Đỏ rượu, Màu xanh navy, Xanh lá",CHUA_CO,,,
shantou,3,3,产地,Shantou,CHUA_CO,,,
shanxi,3,2,生产厂家,"Shanxi Yifen Baosite Food Co., Ltd.",CHUA_CO,,,
fuman,3,1,颜色,"Ngôi sao Tài lộc [Single Shell], Fuqi Cailu [vỏ đơn], Người Yêu Màu Hồng [Vỏ Đơn",CHUA_CO,,,
kexiang,3,1,颜色,Dung tích siêu lớn 100g [naphthalene thơm thanh lịch] lưu hương lâu★Loại bỏ alde,CHUA_CO,,,
yanyu,3,2,颜色,"Tình yêu đầu tiên Gardenia [1 chai], Hoa nhài tươi [1 chai], Quê hương Osmanthus",CHUA_CO,,,
yam,3,3,包装规格,"[6 miếng] Bánh phồng phô mai Custard 240g/hộp/BBZ1478, [6 miếng] Bánh lòng đỏ tr",CHUA_CO,,,
berry-tro,3,3,花型,"Xám đá [100% Tencel 丨 mịn mượt], Gypsophila Purple-Dawn Silver [100% Tencel 丨 Th",CHUA_CO,,,
yaya,3,3,花型,Trà xanh cuộn đáy 500g giá đặc biệt số 8.5 [loại trà uống/loại thương mại điện t,CHUA_CO,,,
crisper,3,1,场景,Thương mại crisper/thực phẩm crisper/thực phẩm crisper,CHUA_CO,,,
ronal,3,3,花型,"【Loại A, cấp độ mẹ và bé, siêu mềm mại】Tận hưởng đại dương, 【Loại A, chuẩn mẹ và",CHUA_CO,,,
road,3,3,规格尺寸,"Honda Accord, Honda CRV/Haoying, Honda Crown Road/UR-V, Honda Sibolui, Honda Ody",GIU,,,
guiyu,3,3,颜色,"48 mẫu [búp bê] 1 hộp ngẫu nhiên, Thiên đường chim bay, 1 hộp ngẫu nhiên, 12 mẫu",CHUA_CO,,,
rocket,3,2,颜色,Trộn và kết hợp các kiểu dáng trong 50 hộp (giá thầu tối thiểu là 50 hộp) (kiểu ,CHUA_CO,,,
yayxuan,3,3,生产厂家,Công ty TNHH công nghệ sinh học Phúc Kiến Yayxuan,CHUA_CO,,,
beibeihu,3,3,颜色,"48 mẫu [búp bê] 1 hộp ngẫu nhiên, Thiên đường chim bay, 1 hộp ngẫu nhiên, 12 mẫu",CHUA_CO,,,
yulong,3,2,颜色,"Tình yêu đầu tiên Gardenia [1 chai], Hoa nhài tươi [1 chai], Quê hương Osmanthus",CHUA_CO,,,
mingfeng,3,3,生产厂家,Công ty TNHH Trà Mingfeng Xanh Quận Songyang,CHUA_CO,,,
longhai,3,3,生产厂家,Công ty TNHH thực phẩm Longhai Fugui Lion,CHUA_CO,,,
dreamy,3,3,花型,"Đang chờ [thân thiện với làn da và thoải mái, không vón cục, không phai màu], Hư",CHUA_CO,,,
stone,3,3,颜色,"Phiên bản dày nâng cấp đa chức năng [trắng sữa], Mẫu dày nâng cấp đa chức năng [",GIU,,,
sheets,3,3,产品规格,"Mặt nạ collagen trẻ hóa Gelianna Gelina (Trắng), Mặt nạ collagen trẻ hóa DASSFN ",CHUA_CO,,,
fuji,3,2,包装规格,"喜糖试吃全店随便选, Kẹo cứng hương đào trắng Hongyuan 500g, khoảng 120 miếng, Kẹo sữa Wan",CHUA_CO,,,
fujiya,3,1,包装规格,"喜糖试吃全店随便选, Kẹo cứng hương đào trắng Hongyuan 500g, khoảng 120 miếng, Kẹo sữa Wan",CHUA_CO,,,
topline,3,3,款式细节,Topline,CHUA_CO,,,
guoba,3,2,净重（规格）,"Vỏ cơm hương trứng cua - 250g/Hộp/OBL635, Guoba [Hương vị hải sản] 250g/hộp/OBL6",CHUA_CO,,,
ripe,3,3,包装规格,"Trà trắng vỏ quýt cam 2015 Tribute, Trà Trắng Jasmine 2021 Hoa Mẫu Đơn Trắng, Tr",THEO_CUM,,,
rise,3,3,包装规格,"【Vạn Lý Trường Biệt】Sáu Lớp Sáu Trà Tốt, 【Quang Cảnh Giang Sơn】Sáu loại trà thượ",CHUA_CO,,,
yanjin,3,3,生产厂家,Công ty TNHH thực phẩm Yanjin Puzi,GIU,,,
yumeijing,3,3,产品名称,Mặt nạ Edelweiss dành cho trẻ em Yumeijing,GIU,,,
fructose,3,1,颜色,"Áo cánh bướm bí ngô màu cam, Áo cánh bướm gấu màu cà phê, Áo bướm ngỗng nhỏ màu ",CHUA_CO,,,
shell-m,3,1,颜色,"Kaki-Puff Shell-M chữ cái, Đen-Puff Shell-M chữ cái, Vỏ puff trắng cổ-chữ M, Tru",CHUA_CO,,,
shanshui,3,2,包装规格,"Hai túi tổng cộng 250g, Bốn túi tổng cộng 500g, Hai lon tổng cộng 250g [Shanshui",CHUA_CO,,,
stitch,3,3,颜色,"48 mẫu [búp bê] 1 hộp ngẫu nhiên, Thiên đường chim bay, 1 hộp ngẫu nhiên, 12 mẫu",CHUA_CO,,,
aoduo,3,2,产品规格,"Mặt nạ dưỡng ẩm cho trẻ em Aoduo Peach (Little Rabbit) 20ml * 5 miếng, Mặt nạ dư",GIU,,,
lori,3,3,花型,"Cỏ tiên (top1), Hoa anh đào (top3), Wanran (khuyến nghị!), Cuộc sống hạnh phúc (",CHUA_CO,,,
lorna,3,3,花型,"Bột đậu Lorna, Hoa-Tím, Victoria-Xám, Victoria-màu trắng nhạt, Victoria-Tím, Bướ",CHUA_CO,,,
y-series,3,1,颜色,"Bộ 2 dải ốp bậc cửa trước chữ Y [Đúc PP - Vân sợi carbon], Bộ 2 miếng bảo vệ bệ ",CHUA_CO,,,
kashen,3,3,产品系列,Sữa rửa mặt nam Kashen,GIU,,,
olipeptide,3,3,产品规格,"Mặt Nạ Dưỡng Ẩm Boquanya Cucumber Centella Asiatica (Mới) 25g, Mặt nạ dưỡng ẩm b",GIU,,,
odo,3,2,产品规格,Mặt nạ dưỡng da chiết xuất thực vật Odo Centella Asiatica 25ml * 10 miếng (hộp),CHUA_CO,,,
odoratum,3,3,包装规格,"Polygonatum odoratum, Ophiopogon japonicus và nước lê (6g x 20 túi)",THEO_CUM,,,
bellintha,3,3,产品规格,"Mặt nạ làm săn chắc và đàn hồi da Bellintha chống nhăn 25ml * 10 miếng, Jiefuqua",GIU,,,
tongrentang,3,1,产品规格,"Mặt nạ làm trắng da, chống tàn nhang, chống nhăn, làm săn chắc và dưỡng ẩm Nanji",GIU,,,
rmb,3,1,包装规格,"Nước hoa mạnh Dahongpao (jin/43 nhân dân tệ), Dahongpao êm dịu và thơm (jin/65 n",CHUA_CO,,,
hair,3,1,包装规格,"Sốt mè Liubiju vị không cay [10 gói], Sốt mè Liubiju vị cay nhẹ [10 gói], Gói hỗ",CHUA_CO,,,
gynostemma,3,3,包装规格,"200ml đóng hộp * hoa nhài, 200ml lon * thai cúc, 200ml đóng hộp * hoa hồng, Đóng",THEO_CUM,giảo cổ lam,,
mineral,3,2,产品规格,"Mineral Black (mô hình kinh doanh đặc biệt), Bạc sang trọng (mô hình kinh doanh ",GIU,,,
mingchuan,3,3,生产厂家,Nhà máy chè Hàng Châu Mingchuan,CHUA_CO,,,
story-blue,3,3,花型,"Melbourne-Màu xám bí ẩn [mát mẻ và thoáng khí để ngủ khỏa thân], Melbourne-Dream",CHUA_CO,,,
story-green,3,3,花型,"Melbourne-Màu xám bí ẩn [mát mẻ và thoáng khí để ngủ khỏa thân], Melbourne-Dream",CHUA_CO,,,
story-grey,3,3,花型,"Melbourne-Màu xám bí ẩn [mát mẻ và thoáng khí để ngủ khỏa thân], Melbourne-Dream",CHUA_CO,,,
bindi,3,1,产品规格,"Viên mặt nạ làm đẹp Boquanya Vitamin C (Mới) 25g, Mặt nạ dưỡng ẩm Oligopeptide l",CHUA_CO,,,
xuerouya,3,2,产品规格,"Mặt nạ làm trắng Xuerouya (Làm trắng tối ưu) 30ml/cái, Mặt nạ làm trắng Xuerouya",GIU,,,
open,3,2,颜色,"Pearl White-19K [Im lặng + Chất liệu dày], Glacier Blue-19K [Im lặng + Chất liệu",CHUA_CO,,,
oppy,3,3,颜色,"Xe địa hình màu đỏ-xe trần, Xe địa hình màu cam-xe trần, Xe địa hình xanh-xe trầ",CHUA_CO,,,
kelan,3,3,产品名称,Sữa rửa mặt axit amin Kelan Yu Camellia,CHUA_CO,,,
condor,3,2,净重（规格）,"[Hai mươi món ăn nhẹ tuổi thơ] 30 gói, [Hai mươi món ăn nhẹ tuổi thơ] 60 gói, [H",CHUA_CO,,,
touchunyunwu,3,1,包装规格,"【 1030 】 Trà xanh Yunwu, 【Số 1038】Trà Xanh Vân Vu, 【Số 1044】Trà Xanh Vân Vu, [Số",CHUA_CO,,,
rhythm,3,2,包装规格,"[Hộp quà gốm sứ Landscape Rhythm] Trà đen Jin Jun Mei cao cấp 250g, [Hộp quà gốm",CHUA_CO,,,
ribbon,3,2,颜色,"Cheese Yellow # Đầy đủ tính năng [Cổng sạc giá đỡ cốc], Bột đào # đầy đủ tính nă",THEO_CUM,ruy băng,,
research,3,3,产品规格,"Zhiduo Fuyan Whitening and Removal Mask (Tianzi Model)-Gói 25ml, Zhiduo Fuyan Wh",GIU,,,
yajianberry,3,1,包装规格,"Trà Yajianberry [1 túi*125g], Trà Yajianberry [2 túi*125g], Trà Yajianberry [4 t",CHUA_CO,,,
fruity,3,3,包装规格,"Trọng lượng mẫu khoảng [30g], [Carbon nướng Dahongpao] Đơn giá 40 nhân dân tệ, [",CHUA_CO,,,
shengming,3,2,产品厂家厂名,"Wuyishan Jiufu Shengming Tea Co., Ltd.1",CHUA_CO,,,
xinchang,3,3,生产厂家,Nhà máy Trà Minglong huyện Xinchang,HANVIET,Tân Xương,,
bitan,3,1,包装规格,"Hoa nhài tuyết 100g, Hoa nhài tuyết 250g, Tuyết hoa nhài 250g/can, Hoa nhài tuyế",HANVIET,Bích Đàm,,
kali,3,3,原料与配料,"Nước, kali cocoyl glycinate, glycerin, v.v.",CHUA_CO,,,
kangan,3,1,颜色,"Ngôi sao Tài lộc [Single Shell], Fuqi Cailu [vỏ đơn], Người Yêu Màu Hồng [Vỏ Đơn",CHUA_CO,,,
kaijingyun,3,1,包装规格,"Fortune Ying Jin Jun Mei 18 lon nhỏ mỗi hộp 250g, Fortune Orange Jin Junmei 18 l",CHUA_CO,,,
xinrong,3,2,净重（规格）,"[Hai mươi món ăn nhẹ tuổi thơ] 30 gói, [Hai mươi món ăn nhẹ tuổi thơ] 60 gói, [H",CHUA_CO,,,
blackcurrant,3,3,颜色,"[Tính khí màu đen] Silicone lỏng * Chống rơi và chống bám bẩn, [Trắng cổ] Silico",CHUA_CO,,,
karat,3,2,颜色,"Pearl White-19K [Im lặng + Chất liệu dày], Glacier Blue-19K [Im lặng + Chất liệu",CHUA_CO,,,
trang-matcha,3,3,花型,"xanh nhạt + xám nhạt, Xám nhạt + kaki, Xám đậm + xám nhạt, Thời trang-Màu xám đậ",CHUA_CO,,,
congrentang,3,3,生产厂家,Công ty TNHH công nghệ sinh học An Huy Congrentang,CHUA_CO,,,
ren-paipai,3,3,花型,"Latte ren Himalaya, Lưới ren màu hồng, Ren-Lotus Spring, Cụm hoa ren, Ren lưới r",CHUA_CO,,,
xiqinghong,3,1,颜色,"Màu đen quý phái [hộp khóa kéo nhẹ], Màu đen quý phái [hộp khóa kéo chịu mài mòn",CHUA_CO,,,
lorraine,3,2,容量,"Đôi Meina, Bột KT họa tiết da báo, bánh dâu tây, Trẻ trung và rực rỡ, Vườn Gra, ",CHUA_CO,,,
yunyu,3,3,颜色,Màu đen đậm [Dây kéo chống cháy nổ PC chắc chắn và có khả năng chịu lực cao] LH1,CHUA_CO,,,
yunyanbai,3,1,颜色,Yunyanbai [Champion Edition] Cinema Dolby Atmos ▲ Thời lượng pin dài 70 giờ ☆ Th,CHUA_CO,,,
shield,3,1,规格,"[Thiết kế gốc]--Phim hoạt hình Nezha [Đường kính mềm và dày 20cm], [Thiết kế ban",CHUA_CO,,,
drift,3,2,颜色,"Cực Lớn - Xe Địa Hình Sáu Bánh Tốc Độ Cao [Hợp Kim Nâng Cấp] Vàng Cao Cấp, Cỡ Lớ",GIU,,,
shimenlou,3,3,产品厂家厂址,"Khối A, Shimenlou, làng Hongxing, thị trấn Xingcun, thành phố Wuyishan",CHUA_CO,,,
shin,3,3,花型,"Mèo Sao | Cấp độ A dành cho mẹ và bé / Mềm mại thân thiện với da, không xù lông,",CHUA_CO,,,
shine,3,3,颜色,"Mặt nạ làm trắng da và chống tàn nhang Zhengcai (trắng 377) 28ml*5, Mặt nạ dưỡng",CHUA_CO,,,
shining,3,3,花型,"Phiên bản dày nâng cấp đa chức năng [trắng sữa], Mẫu dày nâng cấp đa chức năng [",CHUA_CO,,,
mila,3,3,颜色,"Phô mai kem sữa1, Tình yêu đầu đời, Chó phồng, Tương Tư, Nhà chữ cái, Hoa anh đà",CHUA_CO,,,
milanxiang,3,3,包装规格,"Dahongpao PVC đóng hộp 25 gói, Tự uống sản phẩm mới đặc biệt (Yanxiang) Dahongpa",CHUA_CO,,,
luck,3,3,颜色,"喜糖试吃全店随便选, Kẹo cứng hương đào trắng Hongyuan 500g, khoảng 120 miếng, Kẹo sữa Wan",CHUA_CO,,,
zhangjiajie,3,3,生产厂家,"Zhangjiajie Nuokang Ecological Tea Co., Ltd.",HANVIET,Trương Gia Giới,,
kain,3,1,产品规格,"Kim vi tảo biển thêu Kain (12 lần), Mặt nạ thêu Kain, Cá hồi thêu Kain, Mặt nạ a",CHUA_CO,,,
kabi,3,2,花型,"Động vật rừng - Hồng nhạt, Động vật rừng - Tím nhạt, Kabi - Vàng nhạt + Xanh da ",CHUA_CO,,,
xingshang,3,2,花型,"Đang chờ [thân thiện với làn da và thoải mái, không vón cục, không phai màu], Hư",CHUA_CO,,,
renault,3,1,尺寸,"Kiểu 1, Kiểu 2, Kiểu dáng 3, Kiểu 4, Kiểu 5, Kiểu 6, Kiểu dáng 7, Bộ 1, Bộ 2, Me",CHUA_CO,,,
haosheng,3,2,规格,"Quảng Tây Hengzhou Century Haosheng Tea Co., Ltd.",CHUA_CO,,,
ren-full,3,3,花型,"Lace-Sea Salt Latte [thân thiện với làn da, thoải mái và siêu mềm], Lưới nhỏ màu",CHUA_CO,,,
travel,3,3,产品规格,"Đặt mua 2 chai sữa rửa mặt và được giảm giá, Đặt mua 3 chai sữa rửa mặt và được ",GIU,,,
cloudscape,3,3,颜色,"[Bốn Mùa] Đảo Mặt Trăng Mi Sheng-Cocoa Brown, [Bốn Mùa] Đảo Mặt Trăng Mi Sheng-X",CHUA_CO,,,
passion,3,2,包装规格,"Màu đen ma thuật lớn [có nắp], Màu đen ma thuật lớn [túi chống thấm nước có nắp]",CHUA_CO,,,
pange,3,2,花型,"Fange - Sọc Xanh Trắng [100% Cotton - Siêu Mềm Mại, Thoải Mái Khi Ngủ], Sketch -",CHUA_CO,,,
juve,3,1,颜色,"Màu đen, Màu xám, Màu xanh lam, Màu xanh lá, Màu đen acmilan, Paris màu đen, Màu",CHUA_CO,,,
xingbo,3,1,颜色,"Model nâng cấp [1 chai 260ML]-Hilton, Nâng cấp [1 chai 260ML]-Gardenia, Nâng cấp",CHUA_CO,,,
xingdao,3,3,花型,Sunny Day Kitten [Loại A dành cho bà mẹ và trẻ sơ sinh ngủ khỏa thân thân thiện ,CHUA_CO,,,
xingfu,3,1,包装规格,"Wan Shi Shunli Pastry-6 mỗi hộp, Bánh ngọt liên kết quả hồng ngon-6 cái một hộp,",CHUA_CO,,,
xinghai,3,2,颜色,"9003 Đệm hơi màu đen thời trang có thanh buộc không logo, 9003 Galaxy Grey Không",CHUA_CO,,,
boba,3,3,花型,"Thỏ Phô Mai Ngủ Ngon 【Vải loại A, mềm mại, thân thiện với da, không xù lông】, Gi",CHUA_CO,,,
paper,3,2,颜色,"[Hai gói] CHÀO trắng + lớn LE đen, [Gói hai] THEY White + Big LE White,, [Gói ha",CHUA_CO,,,
painting,3,2,花型,"Pange - Sọc Xanh Trắng [Cotton 100% loại A dành cho mẹ và bé], Sketch - Vermicel",CHUA_CO,,,
havana,3,1,颜色,"Xám voi 20cm, Xám voi 25cm, 30cm xám voi, Trắng sữa lắc 20cm, 25cm sữa lắc trắng",CHUA_CO,,,
hawer,3,1,颜色,"I12 trọn bộ, Trọn bộ i11, Trọn bộ i9s, Trọn bộ Jie Li thế hệ thứ 2, Trọn bộ Jerr",CHUA_CO,,,
pangdahai,3,3,包装规格,"[Lựa chọn chất lượng] Hoa cúc 50g, [Lựa Chọn Chất Lượng] Lá Bồ Công Anh 50g, [Lự",CHUA_CO,,,
overture-powder,3,3,花型,Sunny Day Kitten [Loại A dành cho bà mẹ và trẻ sơ sinh ngủ khỏa thân thân thiện ,CHUA_CO,,,
dunhuang,3,3,花型,(Khuyên dùng cho xương sườn) Gypsophila Purple-Dawn Silver [100% Tencel Silky Na,CHUA_CO,,,
claire,3,3,花型,"Wu Anxin (thủ công thêu một chữ cotton), Ngôi nhà bí ngô (thủ công thêu một chữ ",CHUA_CO,,,
coconut,3,3,花型,"Xanh lam trong trẻo + Xám củ sen [mẫu hot], Xanh không gian sâu + Xanh Ti [bán c",CHUA_CO,,,
rattle,3,2,颜色,"Nhấn con cú [màu xanh lam], Nhấn con cú [màu xám], Nhấn con cú [bột], Nhấn con c",CHUA_CO,,,
rc,3,1,颜色,"1:22 Xe thể thao Farah màu đỏ điều khiển từ xa (sạc bốn chiều), 1:22 Xe thể thao",GIU,,,
helena,3,3,产品规格,"施逅富勒烯冰膜面膜【5片/盒】新款, Mặt nạ làm săn chắc da collagen DASSFN [5 miếng/hộp], DASSFN ",CHUA_CO,,,
heli,3,3,包装规格,"Hộp quà tặng sáu loại trà Qianli Jiangshan2, Lễ Trà Cao Cấp ""Bảy Loại Trà Nổi Ti",CHUA_CO,,,
bolan,3,3,产品规格,"Mặt nạ làm trắng 377 [Xanh], Mặt nạ làm trắng 377 [5 miếng], Mặt nạ Bolan Yan 37",CHUA_CO,,,
juan,3,1,包装规格,KK5 Juan Piao Yu Meng Piao Xue Ration Model 2026 New Tea - Hương thơm mạnh 3 hươ,CHUA_CO,,,
jiubao,3,3,包装规格,"Trà Nhân Sâm Năm Quý [5g x 30 túi]/túi, Trà Nhân Sâm Liubao [5g x 30 túi]/túi, T",GIU,,,
jiufu,3,2,产品厂家厂名,"Wuyishan Jiufu Shengming Tea Co., Ltd.1",CHUA_CO,,,
june,3,2,尺寸大小,"[Vòi phun] Tích hợp [cỡ nòng 50], [Đầu hút] Đầu hút tích hợp + bi trọng lực [cỡ ",CHUA_CO,,,
jiuzhouxing,3,3,产品厂家厂名,Công ty TNHH Trà sinh thái Wuyishan Jiuzhouxing,CHUA_CO,,,
trang-xanh,3,3,花型,"Tre xanh-ca rô màu, Tre xanh-Thanh trái cây, Lưới trúc xanh-cam, Tre xanh lam ca",CHUA_CO,,,
cold,3,3,颜色,"Son môi màu nhung sương mù RUYI Nho giáo (04 # củ cải kem), Son môi màu nhung sư",THEO_CUM,,,
reina,3,1,花型,"Reina màu trắng sữa/xanh nước biển, đã kiểm định chất lượng, cotton nguyên chất ",CHUA_CO,,,
hechangxuan,3,3,生产厂家,Công ty TNHH Trà Hechangxuan Côn Minh,GIU,,,
sprout,3,3,花型,(Khuyên dùng cho xương sườn) Gypsophila Purple-Dawn Silver [100% Tencel Silky Na,CHUA_CO,,,
squalane,3,3,成分原料,"axit hyaluronic, Arbutin, Centella asiatica, Squalane",CHUA_CO,,,
square,3,3,花型,"9 Series 2-7 Bộ 4 Miếng Dán Kim Cương Laser Hình Ngôi Sao, MTX-24 laser trắng lớ",CHUA_CO,,,
dusty,3,3,花型,"Phong cách lông vũ nhẹ - Màu nâu nhạt, Nhẹ - Xanh Bentley, Lông vũ nhẹ - Màu xám",CHUA_CO,,,
flying,3,3,包装规格,"Hàng trăm Chim Đối Mặt Phượng Hoàng-Ba Trà Nổi Tiếng 363g, Royal Style Dragon Su",GIU,,,
flat,3,1,颜色,"Màu trắng ngà phẳng cỡ nhỏ (không bao gồm vỏ), Peacock Blue Flat Size Nhỏ (không",CHUA_CO,,,
dragon-bag,3,1,颜色,"[6 mẫu xe ngẫu nhiên 1] xe thể thao hai cửa, [Đỏ] SF90-Đóng gói, [Vàng] SF90-Đón",CHUA_CO,,,
anniversary,3,1,颜色,"2122 Bayern sân khách, 2122 Phiên bản lễ hội bia Bayern, 2122 Bayern trên sân nh",CHUA_CO,,,
anfu,3,1,颜色,"Trắng hồng, Lụa xanh, Trắng đỏ, Trắng đen, Xanh lá cây, Xanh tím than, Đỏ rượu v",CHUA_CO,,,
microcrystalline,3,2,产品规格,"Miếng dán nếp gấp mũi vi tinh thể 5 cặp/hộp, Miếng dán họa tiết tinh thể vi mô I",CHUA_CO,,,
mianmian,3,3,花型,"法式床盖-淡香玫瑰（上新）, 法式床盖-花枝兔（上新）, 法式床盖-莫妮卡（上新）, 法式床盖-奶油波点（上新）, 法式床盖-南法花语（上新）, Mùa xuâ",CHUA_CO,,,
luminous,3,2,颜色,"[Gió giữa hoa] Mưa cây dành dành, [Gió giữa hoa] Cuộc hẹn với hoa hồng, [Gió giữ",CHUA_CO,,,
luna,3,2,花型,"Cam Emma, Vân sam xanh lục, Xám trên bầu trời, Màu Kaki sữa, Xanh lam, Xám Đế Đô",CHUA_CO,,,
anemone,3,3,颜色,"Màu đen, kaki xám, Sữa lắc trắng, Màu nâu vàng kim, 3Q Hồng, Voi xám, màu cam, m",CHUA_CO,,,
xili,3,3,包装规格,"Xili gốm sứ Dahongpao 250g kèm túi xách, Xi Li gốm sứ Zhengyan quế 250g, Xi Li G",CHUA_CO,,,
clutch,3,3,颜色,"Màu đen, Màu xanh lam, Kaki, Màu trắng be, Màu đỏ rượu, Tím khoai môn, Ví Cầm Ta",GIU,,,
luxiang,3,3,包装规格,"500 Đầu Trà Đại Hồng Bào Số 8 [Thành phần trà], 500g trà Đại Hồng Bào số 11 hươn",GIU,,,
luxury,3,3,产品名称,Tiyanshe Blue Bronze Star Crystal Moisturizing Luxury Mask,THEO_CUM,,,
lulu,3,3,产品厂家厂址,"Boxin Tea, Tầng 3, Tòa nhà Lulu, Làng Zhuanwen, Huyện Anxi, Tỉnh Phúc Kiến",GIU,,,
shiyue,3,2,产品名称,Mặt nạ lên men làm sáng da Shiyue Rose,GIU,,,
stereo,3,3,功能,Âm thanh stereo bass mạnh mẽ.,THEO_CUM,nổi,,
sterling,3,2,颜色,"Sterling Silver [phiên bản tùy chỉnh độc quyền], Màu nâu bạc, Màu đen, Màu xanh ",CHUA_CO,,,
sprite,3,1,颜色,"Phiên bản màu nâu sẫm tiết kiệm chi phí, Phiên bản màu be tiết kiệm chi phí, Phi",CHUA_CO,,,
miaoqu,3,2,容量,"Cốc tập uống có bi trọng lực + Cốc Đóa Đóa Vui Nhộn màu xanh dương và xanh lá, C",CHUA_CO,,,
ancora,3,3,颜色,"Đen đá, Đỏ Ancora, Xanh lam đêm tối",CHUA_CO,,,
jinshuang,3,2,产品规格,"Sữa rửa mặt kiểm soát dầu Jinshuang (mới) 168g, Sữa rửa mặt bằng than hoạt tính ",CHUA_CO,,,
trumpchi,3,3,颜色,"Audi, Bảo Quân, Honda, BYD, zen tiêu chuẩn, Buick, Trumpchi, Độc giả lớn, Cánh Đ",CHUA_CO,,,
hazelnut,3,3,包装规格,NOVO Hazelnut làm mới môi thạch,THAY,hạt phỉ,,
radiant,3,2,花型,Sữa rửa mặt dưỡng ẩm Pond's Radiant & Clear Series Pink,CHUA_CO,,,
queen,3,3,尺寸规格,"Đơn: 1 # nữ thần đỏ, Đơn: 2 # net cà chua đỏ, Đơn: 3 # Queen Zhenghong, Đơn: 4 #",GIU,,,
paul,3,3,花型,"[Hộp đầy đủ 48 gói] [LCL đa vị], [Hộp 48 gói] [Hương vị thịt nướng Brazil], [Hộp",GIU,,,
yuyan,3,1,花型,"Bột Yuyan · Màu tím khoai môn [Loại A 100% cotton cho bà mẹ và trẻ em, Bột Yuyan",CHUA_CO,,,
duozi,3,2,包装规格,"500g đầu trà thơm vịt số 9 [nguyên liệu pha trà], 500g đầu trà thơm vị vịt số 10",GIU,,,
egg,3,3,颜色,"Bậc thầy về súng (chụp 16 vòng và một hộp trưng bày), Máy bay chiến đấu Thunder ",THEO_CUM,,,
ean,3,2,颜色分类,"Ống kính đơn dành riêng cho Ean (ghi chú năm cấu hình mô hình tốt), Ống kính kép",CHUA_CO,,,
spike,3,2,包装规格,"(Khuyến nghị) 10 gói bánh vợ [5 gói miễn phí 5 gói, Spike) 20 gói bánh vợ [10 gó",CHUA_CO,,,
luohan,3,3,包装规格,"500 Đầu Trà Đại Hồng Bào Số 8 [Thành phần trà], 500g trà Đại Hồng Bào số 11 hươn",CHUA_CO,,,
luoshen,3,3,颜色,"Màu tím nhạt [tay ngắn cotton nguyên chất nặng], Màu xanh sữa [tay ngắn cotton n",THAY,atiso đỏ,,
peak,3,3,颜色,[Phiên bản đỉnh cao Pro2]-90d ❀ Chất lượng âm thanh vòm Dolby ❀ Tăng cường tuổi ,CHUA_CO,,,
jinzai,3,2,包装规格,Bộ quà tặng phối hợp Joyoung Sữa đậu nành & Jinzai Xiaoyu 2200g (12 túi sữa đậu ,GIU,,,
tuckahoe,3,2,包装规格,"Túi hoa cúc Chamomile (1.5g x 30 túi)/túi, Phiên bản tiếng Anh Blue Butterfly Fl",THAY,phục linh,,
herbal,3,3,产品名称,"Mặt nạ chanh 25ml/miếng [Chỉ bán hàng xuất khẩu ngoại thương, cấm bán hàng trong",GIU,,,
hexapeptide,3,3,产品规格,"Mặt Nạ Dưỡng Ẩm Boquanya Cucumber Centella Asiatica (Mới) 25g, Mặt nạ dưỡng ẩm b",GIU,,,
quiet,3,3,颜色,"Thời Gian Ấm Áp [Nâng Cấp Lông Thỏ Ấm Áp], Pink Grid Manyu [Nâng cấp nhung thỏ ấ",CHUA_CO,,,
xiaoxin,3,2,颜色,"Vỏ tai nghe Bluetooth M Cream Cheese, Vỏ tai nghe Bluetooth trong suốt và mượt m",CHUA_CO,,,
xiaoxiong,3,2,颜色,"con chó kaki, gấu kaki, con cáo nâu, gấu hồng, gấu đen, Mi Xiaoxiong, Chú gấu ka",CHUA_CO,,,
pastoral,3,3,颜色,"Jumpsuit ngắn tay mùa hè mát mẻ [Happy Paradise], Áo liền quần ngắn tay mùa hè m",THEO_CUM,đồng quê,,
alva,3,3,产品名称,"Dr. Aier Mặt nạ 2.0 [Mẫu đồng thương hiệu] Một miếng/25g, Khẩu trang Dr. Aier 2.",CHUA_CO,,,
luzhou,3,2,包装规格,"Hương hoa lan thơm 1 kg, Hương thơm truyền thống 1 kg, Hương hoa lan thơm 5 kg, ",THEO_CUM,hương đậm,,
metisa,3,1,产品规格,"Peptide đồng xanh làm đẹp, Axit Hyaluronic Meili Rongyan [Phong cách hình ảnh ch",CHUA_CO,,,
zhengda,3,3,净重（规格）,"[Hai mươi món ăn nhẹ tuổi thơ] 30 gói, [Hai mươi món ăn nhẹ tuổi thơ] 60 gói, [H",CHUA_CO,,,
america,3,1,规格,"Túi đựng Frisbee Spider+2, Thép +2 Frisbee [Túi], Captain America +2 Frisbee [Tú",CHUA_CO,,,
elegant,3,3,花型,"Bột Yuyan · Màu tím khoai môn [Loại A 100% cotton cho bà mẹ và trẻ em, Bột Yuyan",CHUA_CO,,,
fengxi,3,3,生产厂家,"Dongguan Fengxi Food Co., Ltd.",CHUA_CO,,,
jingche,3,3,产品规格,"Mặt nạ than hoạt tính hút mụn đầu đen 120g, Bùn rong biển làm sạch sâu và loại b",CHUA_CO,,,
xiaoye,3,3,花型,"Cà phê bóng hoa, Thung lũng sơn, Hương thơm đậm đà và bóng cà phê loãng, Chu-Lem",HANVIET,Tiểu Diệp,,
citric,3,3,主要成分,axit citric,CHUA_CO,,,
hippo,3,1,颜色,"Hà mã hồng [39 bộ] giường y tế miễn phí cho búp bê, Hà mã hồng [58 bộ] giường y ",CHUA_CO,,,
qixi,3,3,适用节日,"Giáng sinh, Ngày lễ tình nhân, Tết Nguyên Đán, Ngày của cha, Ngày của mẹ, Ngày n",HANVIET,Thất Tịch,,
boutique,3,3,包装规格,"Trà xanh mây hạng nhất 60, Trà xanh mây cấp một AA80, 180 trà xanh Boutique Yunw",XEM_TAY,,,
bone,3,2,包装规格,"30 # Lửa than thơm Dahongpao, 30 # áo choàng đỏ thơm, 40 # Dahongpao nguyên bản,",CHUA_CO,,,
pepsi,3,3,生产厂家,Công ty TNHH Pepsi Foods (Trung Quốc),GIU,,,
miau,3,2,花型,"Acacia-Xanh LZ, Mèo dâu LZ, Gấu bơ LZ, Nhà của Katie LZ, Hoàng hôn hoa hồng LZ, ",CHUA_CO,,,
lycium,3,3,颜色,"[Bảng màu toàn diện khuôn mặt] # 02 Peach Blossom Face (thân thiện với da khô), ",THEO_CUM,,,
bowknot,3,3,颜色,"Biển báo đậu xe gấp màu đen cho chó bay, Biển báo đậu xe gấp màu hồng cho chó ba",CHUA_CO,,,
bowl,3,1,产品规格,"Bột mặt nạ làm sáng hoa hồng lãng mạn Han Ji 500g, Han Ji Romance Rose Brighteni",CHUA_CO,,,
pig,3,2,颜色,"Gấu lấp lánh mới, Kẹp tóc tai gấu thời trang mới nhất., Dòng sản phẩm khuôn riên",CHUA_CO,,,
jinghong,3,2,包装规格,"Bình gốm đôi Shanchuan Fengwu có túi xách Longjing, Bình đôi gốm sứ phong cách T",CHUA_CO,,,
jinbao,3,1,颜色,"Mặt dây chuyền ngọc bích xanh bùng nổ [Ra vào an toàn], Mặt dây chuyền ngọc bích",CHUA_CO,,,
xiaotu,3,2,颜色,"Màu tím đầu hè [Vải loại A], Fengxuelanxin [Vải loại A], Lucky Horse Run [Vải lo",CHUA_CO,,,
valet,3,1,颜色,"Hộp quà 727 trắng bốn mùa, Hộp quà 727 gạo bốn mùa, Hộp quà 723 trắng bốn mùa, H",CHUA_CO,,,
cinnabar,3,3,颜色,Móc treo xe ô tô Cinnabar,CHUA_CO,,,
qiqi,3,3,颜色,"48 mẫu [búp bê] 1 hộp ngẫu nhiên, Thiên đường chim bay, 1 hộp ngẫu nhiên, 12 mẫu",CHUA_CO,,,
xiaoka,3,3,花型,Sợi hai lớp màu xanh ngọc lục bảo | Loại A dành cho bà mẹ và trẻ sơ sinh/Thoải m,CHUA_CO,,,
boxwood,3,1,颜色,"Hoa sen lớn [boxwood + phước lành] màu đỏ, Hoa Sen Lớn [Gỗ Đào + Tài Lộc] Đỏ, Ho",CHUA_CO,,,
boy-milk,3,3,花型,"Cà phê Huaying-Light [100% Cotton Jacquard], Huagu [100% cotton jacquard], Hương",CHUA_CO,,,
jinluo,3,2,包装规格,"Kim vàng nhỏ 1 catty 90 nhân dân tệ vận chuyển số lượng lớn, Kim vàng lớn thông ",HANVIET,Kim Loa,,
macao,3,3,原产国/地区,"Macao, Trung Quốc",CHUA_CO,,,
macaran,3,2,颜色,"Tựa đầu màu đen bí ẩn, Tựa đầu màu xám không gian, Tựa đầu Macaran, Tựa đầu cà p",CHUA_CO,,,
macaron-naked,3,1,颜色,"Xe địa hình màu đỏ-xe trần, Xe địa hình màu cam-xe trần, Xe địa hình xanh-xe trầ",CHUA_CO,,,
mentholatum,3,2,产品名称,Sữa rửa mặt than hoạt tính làm mát Mentholatum Men,GIU,,,
mengku,3,2,包装规格,"Trà chín Menghai Golden Bud Golden Needle 2018 500g, Trà nấu cung điện Menghai 2",CHUA_CO,,,
airlines,3,2,尺寸,"12inch (Miễn phí lên máy bay cho hãng hàng không Spring), 14 (China Eastern Airl",GIU,,,
ejiao,3,2,包装规格,"Xoài khô 100g, Xoài khô 60g, Dâu tây khô 50g, Dứa khô 50g, Đào vàng khô 60g, Quả",CHUA_CO,,,
sophora,3,3,成分,"Axit amin, axit salicylic, panthenol, sophora flavescens, lô hội",CHUA_CO,,,
fibronectin,3,3,产品规格,"Mặt Nạ Tinh Dầu Hoa Hồng Tái Tạo Da - Dạng Tấm 25ml, KISSMWAH Kirin Mushroom Sil",CHUA_CO,,,
allwinner,3,1,颜色分类,"10 inch toàn màn hình streaming 1080p sau 1080p, 10inch Truyền phát toàn màn hìn",CHUA_CO,,,
alpaca,3,3,颜色,"70238 gấu thêu, 70274 màu hồng cherry trơn, 70274 màu vàng chanh trơn, 70274 táo",CHUA_CO,,,
qiushan,3,1,颜色,"Đen quý phái 【Tựa đầu】, Màu nâu hạt dẻ [tựa đầu], Núi lửa đỏ 【Tựa đầu】, Màu nâu ",CHUA_CO,,,
vanzen,3,3,产品名称,Sữa rửa mặt làm mới kiểm soát dầu Vanzen dành cho nam,CHUA_CO,,,
urban,3,2,颜色,"Mocha [100% cotton, mềm mại và thân thiện với da, thích hợp cho giấc ngủ thường]",CHUA_CO,,,
uruguay,3,2,颜色,"8970-1 Tàu sân bay 6 trong 1 [138 mảnh ghép], 8970-2 Thế giới Khủng long 6 trong",CHUA_CO,,,
hisilicon,3,1,颜色分类,"HiSilicon 12 inch 2K + sony335, 12 inch 2K HiSilicon + sony335 + Điều khiển bằng",GIU,,,
qingyuan,3,2,产地,"Qingyuan, Quảng Đông",CHUA_CO,,,
brick,3,3,颜色,"Tay áo dài-Trắng, Tay áo dài - xám đậm, Tay áo dài - Đen, Áo dài tay màu đỏ gạch",CHUA_CO,,,
bright,3,3,花型,Bright Purple [Champion Limited Edition] Cinema Dolby Atmos ▲ Thời lượng pin dài,CHUA_CO,,,
hongpengfa,3,3,规格,Nước rửa xe màu Hongpengfa Y series 2L,GIU,,,
vivi,3,3,颜色,"48 mẫu [búp bê] 1 hộp ngẫu nhiên, Thiên đường chim bay, 1 hộp ngẫu nhiên, 12 mẫu",CHUA_CO,,,
christmas,3,2,产品规格,"Mặt nạ chanh 25ml/miếng [Chỉ bán hàng xuất khẩu ngoại thương, cấm bán hàng trong",CHUA_CO,,,
budi,3,1,尺寸,"Vinyl - Bên tài xế, Hành khách vinyl, Hàng ghế sau bằng nhựa vinyl, Vinyl - Lái ",CHUA_CO,,,
pikachu,3,3,颜色,"48 mẫu [búp bê] 1 hộp ngẫu nhiên, Thiên đường chim bay, 1 hộp ngẫu nhiên, 12 mẫu",CHUA_CO,,,
brazil,3,3,净重（规格）,"[Hộp đầy đủ 48 gói] [LCL đa vị], [Hộp 48 gói] [Hương vị thịt nướng Brazil], [Hộp",GIU,,,
xianrui,3,2,包装规格,"Fortune Ying Jin Jun Mei 18 lon nhỏ mỗi hộp 250g, Fortune Orange Jin Junmei 18 l",CHUA_CO,,,
xiaomei,3,3,产品名称,Giáo sư Xiaomei Mặt nạ bong bóng Centella Xuecao,GIU,,,
qingti,3,2,包装规格,"[Không có cụm đơn thơm] 50 gói cho mười hương vị [5 gói mỗi], Hương thơm mạnh cụ",CHUA_CO,,,
hongri,3,3,生产厂家,Nhà máy trà đá Wuyishan Hongri,CHUA_CO,,,
hongxing,3,3,产品厂家厂址,"Khối A, Shimenlou, làng Hongxing, thị trấn Xingcun, thành phố Wuyishan",CHUA_CO,,,
vang-phong,3,3,颜色,"Màu đen quý phái-mẫu sang trọng, Màu xám đậm-mẫu sang trọng, Trắng ngà-mẫu sang ",CHUA_CO,,,
all,3,2,包装规格,"Hộp quà All Things Chunsheng Trà Long Tỉnh 200g, Hộp quà tất cả mọi thứ Chunshen",GIU,,,
all-season,3,2,花型,"9118 lọc màng dầu thủy tinh, 8628 lọc màng dầu thủy tinh, Chất chống đông dưới 0",CHUA_CO,,,
mengyu,3,2,颜色,"Mengyu Blue [100% cotton sợi dài chải kỹ thủ công], Màu xám kiều mạch [100% cott",CHUA_CO,,,
mengzhu,3,3,花型,Sunny Day Kitten [Loại A dành cho bà mẹ và trẻ sơ sinh ngủ khỏa thân thân thiện ,CHUA_CO,,,
mailang,3,2,颜色,"Nâng cấp cửa trước + cấu hình hàng đầu [Pearl White], Nâng cấp cửa trước + cấu h",CHUA_CO,,,
makalan,3,1,颜色,"Màu đen bí ẩn [tựa đầu], Màu xám quý ông [tựa đầu], Cà phê quyến rũ [tựa đầu], S",CHUA_CO,,,
makeup,3,3,产品规格,"Polypeptide Natural Soft Light Light Makeup BB Cream 50G/hộp, Sữa rửa mặt trẻ hó",CHUA_CO,,,
macca,3,1,口味,"Quả hồ đào đóng hộp 250g, Quả hồ đào đóng hộp 500g, Quả hồ đào đóng hộp 100g, Qu",CHUA_CO,,,
shuangpan-matcha,3,1,花型,"Shuangpin-trắng xanh đen, Shuangpin-Haze ash, Shuangpin-Disha, Màu trơn-xám cao ",CHUA_CO,,,
encore,3,2,尺寸,"Kiểu 1, Kiểu 2, Kiểu dáng 3, Kiểu 4, Kiểu 5, Kiểu 6, Kiểu dáng 7, Bộ 1, Bộ 2, Me",CHUA_CO,,,
meiziqing,3,1,包装规格,"104 Trà Pu'er Thô: Manfei Spring 2026, 106 Trà Pu'er Thô: Daxueshan Mùa Xuân 202",CHUA_CO,,,
melbourne,3,3,花型,"Raspberry tím-kiểu nắp lật, Mô hình vỏ lật mặt trăng xám, Mẫu vỏ sò màu đen Melb",CHUA_CO,,,
melbourne-dream,3,3,花型,"Melbourne-Màu xám bí ẩn [mát mẻ và thoáng khí để ngủ khỏa thân], Melbourne-Dream",CHUA_CO,,,
bulb,3,3,产品规格,"Mặt nạ đông khô axit hyaluronic Oligopeptide [5 cái/hộp], Mặt nạ axit Hyaluronic",CHUA_CO,,,
xiangguan,3,2,生产厂家,Công ty TNHH Thực phẩm Xiangguan Côn Minh,CHUA_CO,,,
jianrong,3,2,颜色分类,"【Giải pháp Jianrong M8-D8】Mặt trước & Nội thất, 【M8 Giải Pháp Thông Minh】Chế Độ ",CHUA_CO,,,
jiacheng,3,2,净重（规格）,"[Hai mươi món ăn nhẹ tuổi thơ] 30 gói, [Hai mươi món ăn nhẹ tuổi thơ] 60 gói, [H",GIU,,,
chongde,3,3,生产厂家,Công ty TNHH Công nghiệp Trà Chongde huyện An Tây Phúc Kiến,CHUA_CO,,,
hongyuan,3,3,净重（规格）,"喜糖试吃全店随便选, Kẹo cứng hương đào trắng Hongyuan 500g, khoảng 120 miếng, Kẹo sữa Wan",CHUA_CO,,,
host,3,2,规格尺寸,"Gói 1: Host + thẻ nhớ 64G miễn phí - ống kính đơn, Gói 2: Thẻ nhớ 128G-ống kính ",CHUA_CO,,,
huanghui,3,3,生产厂家,"Quảng Tây Yulin Huanghui Trading Co., Ltd. Chi nhánh đầu tiên",CHUA_CO,,,
chiba,3,3,花型,"Ruoyu Chiba, Một trái tim-xám, Thỏ cổ tích-hồng, Eilinger-cà phê, Gấu Ruidi-xanh",CHUA_CO,,,
xi-lanh,3,1,规格,"Nâng cấp ống mở rộng kẹp pin cơ khí, Nâng cấp máy móc-túi lưu trữ ống mở rộng kẹ",CHUA_CO,,,
wuzhi,3,3,包装规格,"Trà Ô Long Đào [Con dấu 8 mặt 20 túi], Trà Nữ Thần Liubao [Con dấu tám mặt 20 gó",CHUA_CO,,,
poetry,3,2,产品规格,"Mặt nạ khẩn cấp JM (Ngày hết hạn: 2028), Mặt nạ mật ong JM (Ngày hết hạn: 2028),",CHUA_CO,,,
jersey,3,3,花型,"Bộ áo thun cotton màu trơn loại A xanh nhạt + xám đậm, Bộ áo thun cotton màu trơ",CHUA_CO,,,
xianghua,3,2,包装规格,"Xiping, Huqiu, Xianghua, Gande, Jiandou, Changkeng (Changqing), Longjuan, Hutou,",CHUA_CO,,,
xanh-xe,3,1,颜色,"Xe địa hình màu đỏ-xe trần, Xe địa hình màu cam-xe trần, Xe địa hình xanh-xe trầ",CHUA_CO,,,
xenlulo,3,3,主面料成分含量,Sợi xenlulo tái tạo,CHUA_CO,,,
platycodon,3,3,花型,"Táo, Polygonatum odoratum, Lily, Ophiopogon japonicus, Tre, Lê tuyết, Cam thảo, ",CHUA_CO,,,
vienna,3,3,花型,"Phép thuật vui vẻ [Vải 100% bông Tân Cương], Nút thắt trái tim [Chất liệu 100% b",CHUA_CO,,,
vigor,3,3,颜色,"Xanh lam sông băng, Trắng thanh lịch, Sao đen, Hồng sa mạc, Quả bơ, Cam sức sống",CHUA_CO,,,
vegetarian,3,2,包装规格,"1 gói 48 miếng thịt hầm và rau củ kết hợp ""More Vegetarian"", 1 gói 96 miếng thịt",CHUA_CO,,,
hongqing,3,3,原料与配料,"Trà xanh hongqing, hoa nhài, hoa bạch lan",CHUA_CO,,,
huahai,3,3,花型,"Cỏ tiên (top1), Hoa anh đào (top3), Wanran (khuyến nghị!), Cuộc sống hạnh phúc (",CHUA_CO,,,
zhenzuan,3,1,容量,"Bình thủy tinh chống đầy hơi 160ML, Bình chống đầy hơi PPSU 240ML, Bình sữa Zhen",GIU,,,
sicily,3,3,花型,"Xám đá [100% Tencel giả một mất mười], Gypsophila Purple-Dawn Silver [100% Tence",CHUA_CO,,,
side,3,1,颜色,8028. Hộp ngắn trong suốt hình vuông nhỏ 1 PET cao trong suốt có thể xếp chồng l,CHUA_CO,,,
shuke,3,2,颜色,"Cotton hoa nghệ thuật, Bóng bay Shuke, Thiên nga giữa hồ, Ánh lá xanh rực rỡ, Mà",CHUA_CO,,,
fengqiuhuang,3,3,花型,"Giữa hè [80 miếng có trọng lượng cao], Indigo Naturalis [trọng lượng cao 80 miến",CHUA_CO,,,
shunshun,3,1,颜色,"Ôm Gấu 19 [Bốn Mùa], Ôm Gấu 21 [Bốn Mùa], Ôm Gấu 25 [Bốn Mùa], Ôm Gấu 19 [Phong ",CHUA_CO,,,
zhiyi,3,3,花型,"Sweet Joy [Cấp độ ngủ khỏa thân dành cho bà mẹ và trẻ sơ sinh hạng A], Bazaar [C",CHUA_CO,,,
zhensha,3,1,产品规格,"Mặt nạ làm dịu natri hyaluronate Zhensha B5 (đóng hộp), Mặt nạ làm dịu natri hya",CHUA_CO,,,
melbourne-peach,3,3,花型,"Melbourne-Màu xám bí ẩn [mát mẻ và thoáng khí để ngủ khỏa thân], Melbourne-Dream",CHUA_CO,,,
melbourne-starry,3,3,花型,"Melbourne-Màu xám bí ẩn [mát mẻ và thoáng khí để ngủ khỏa thân], Melbourne-Dream",CHUA_CO,,,
poly,3,2,颜色,"Giẻ có thể tháo rời [Matcha xanh]1, Giẻ có thể tháo rời [Bầu trời xanh]1, Giẻ có",CHUA_CO,,,
polyamide,3,3,主面料成分的含量,Sợi polyamide (Nilon)2,CHUA_CO,,,
plug-in,3,2,颜色,"Giao diện Type-C dòng Apple 15-17 thế hệ thứ 3, Giao diện Type-C dòng Apple 15-1",CHUA_CO,,,
iwen,3,1,花型,"Iven - Trắng nhạt - Xám vừa, Trà sữa xanh Aiven-Bentley, Iwen - Hoa huệ thung lũ",CHUA_CO,,,
chitu,3,1,颜色,"Red Rabbit 9PRO Phiên Bản Giới Hạn Năm Nhâm Dần, Thỏ Đỏ 9PRO Tiêu Chuẩn Trắng, R",GIU,,,
chick,3,2,颜色,"Bộ tài khoản vui nhộn (ngẫu nhiên) CY-97, Chú Gấu Dễ Thương Thợ Thủ Công Nhỏ 811",CHUA_CO,,,
huan,3,2,颜色,"Đen than chì [Bộ bản lề lò xo da cừu-Bạc-HD], Xám nhạt [Bộ bản lề lò xo da cừu-B",CHUA_CO,,,
shuyu,3,1,颜色,"Áo liền quần hồng phấn ngọt ngào, Áo liền quần màu xanh sương mù (Shuyu), Phỉ Hồ",CHUA_CO,,,
feizixiao,3,2,包装规格,"Fujian Wuyishan Tongmuguan Yellow Bud Jin Junmei, Huaxiangzhengshan Souchong, tr",GIU,,,
solution,3,3,产品规格,"【Giải pháp Jianrong M8-D8】Mặt trước & Nội thất, 【M8 Giải Pháp Thông Minh】Chế Độ ",CHUA_CO,,,
wish,3,3,花型,Sunny Day Kitten [Loại A dành cho bà mẹ và trẻ sơ sinh ngủ khỏa thân thân thiện ,GIU,,,
cambridge,3,1,颜色,"Màu xám đá kiểu Nhật Hàn, San hô nhạt kiểu Nhật Hàn, Hoa sen xanh kiểu Nhật Hàn,",GIU,,,
wujiatai,3,1,包装规格,Trà cống phẩm Wujiatai,CHUA_CO,,,
wukong,3,2,颜色,"Vòng vàng kính thiên văn màu đỏ (một gói), Vòng vàng kính thiên văn màu bạc (một",CHUA_CO,,,
cadillac,3,3,颜色,"Một miếng cản trước [vui lòng để lại tin nhắn khi đặt hàng các mẫu khác], Một mả",CHUA_CO,,,
polka,3,3,颜色,Polka Dot Angel Cat [Vỏ màu trắng IMD],CHUA_CO,,,
checkers,3,2,颜色,"HT-097桌面足球赛游戏【大礼盒】, 【彩盒】987-122弹珠保龄球, 556-201欢乐锤豆豆【礼盒】, 【彩盒】556-44萌叶叠叠玩, HT-076 ",CHUA_CO,,,
qimeng,3,3,花型,"Wu Anxin (thủ công thêu một chữ cotton), Ngôi nhà bí ngô (thủ công thêu một chữ ",CHUA_CO,,,
huapu,3,3,生产厂家,Công ty TNHH trà Menghai Huapu,CHUA_CO,,,
qiaoying,3,3,产品规格,"Mặt nạ tinh dầu Bodie Jingrun Zhencui (mới) 25ml, Mặt nạ dưỡng ẩm Bodie Hyaluron",GIU,,,
cailu,3,1,颜色,"Ngôi sao Tài lộc [Single Shell], Fuqi Cailu [vỏ đơn], Người Yêu Màu Hồng [Vỏ Đơn",CHUA_CO,,,
zhiming,3,3,生产厂家,"Cung cấp bởi Fujian Zhiming Tường Trading Co., Ltd.",CHUA_CO,,,
sicilia,3,3,花型,"Dream Pink Snow Green Purple [100% Tencel tận hưởng mượt mà], TS Pure White [100",CHUA_CO,,,
canxi,3,2,原料与配料,"Xi-rô mạch nha, bột gạo nếp, nước uống, bột đậu đỏ (xi-rô mạch nha, đậu nành, đậ",CHUA_CO,,,
power,3,2,充电宝3c认证,Chứng nhận 3c của Power Bank1,GIU,,,
capy,3,3,花型,"Dòng hoa nhí - Trầm hương, Dòng hoa nhí - Thung lũng Dâu tây, Bộ sưu tập hoa nhí",CHUA_CO,,,
willow,3,3,花型,Sữa rửa mặt Willow Gỗ Trà đen Axit amin Làm sạch Mật ong Nam nữ Làm sạch sâu nhẹ,CHUA_CO,,,
chery,3,3,颜色,"Một miếng cản trước [vui lòng để lại tin nhắn khi đặt hàng các mẫu khác], Một mả",GIU,,,
chess,3,3,颜色,"Bộ tài khoản vui nhộn (ngẫu nhiên) CY-97, Chú Gấu Dễ Thương Thợ Thủ Công Nhỏ 811",CHUA_CO,,,
qianli,3,3,包装规格,"Hộp quà tặng sáu loại trà Qianli Jiangshan2, Lễ Trà Cao Cấp ""Bảy Loại Trà Nổi Ti",HANVIET,Thiên Lý,,
huaxi,3,3,生产厂家,"Thỏ Hoa Nhài [Cotton 100% cho Mẹ và Bé], [100 bông dành cho bà mẹ và trẻ sơ sinh",GIU,,,
huaxi-milkshake,3,1,花型,"Huaxi-Milkshake Trắng + Bột, Huaxi-Milkshake Trắng + Xanh, Huaxi-Milkshake Trắng",CHUA_CO,,,
huangkouxiang,3,2,包装规格,"Trà Tieguanyin thơm 500g mỗi pound, Huangkouxiang Tieguanyin số 1 mỗi catty 500g",CHUA_CO,,,
qianqianhuahai,3,3,花型,Sunny Day Kitten [Loại A dành cho bà mẹ và trẻ sơ sinh ngủ khỏa thân thân thiện ,CHUA_CO,,,
puzi,3,3,生产厂家,Công ty TNHH thực phẩm Yanjin Puzi,GIU,,,
whisper,3,3,花型,"Cỏ tiên, Thỏ cành hoa, Hồng xinh đẹp, khuôn mặt đẹp, Gấu bông hoa, Thanh Huân, M",GIU,,,
melon,3,3,包装规格,"Trà Nhân Sâm Năm Quý [5g x 30 túi]/túi, Trà Nhân Sâm Liubao [5g x 30 túi]/túi, T",CHUA_CO,,,
meihao,3,2,包装规格,"Wan Shi Shunli Pastry-6 mỗi hộp, Bánh ngọt liên kết quả hồng ngon-6 cái một hộp,",CHUA_CO,,,
feihe,3,3,包装规格,"Bánh đôi Pu'er (Trà chín Pu'er + Trà thô Pu'er)1, Bánh đôi rồng và phượng (Trà T",CHUA_CO,,,
sinensis,3,2,包装规格,"[Lựa chọn chất lượng] Hoa cúc 50g, [Lựa Chọn Chất Lượng] Lá Bồ Công Anh 50g, [Lự",CHUA_CO,,,
sinsin,3,3,颜色,"48 mẫu [búp bê] 1 hộp ngẫu nhiên, Thiên đường chim bay, 1 hộp ngẫu nhiên, 12 mẫu",CHUA_CO,,,
sight,3,1,颜色,"[Không có chức năng, không có điểm] Một súng vịt 1 ống ngắm 12 hộp thương mại đi",CHUA_CO,,,
feather,3,3,产品名称,Mặt nạ dưỡng ẩm chuyên sâu HUNMUI Han Lunmei Feather,CHUA_CO,,,
afufu,3,1,产品规格,Mặt nạ chống nhăn làm săn chắc da Afu Black Truffle 10 miếng/hộp [Có thể kiểm tr,CHUA_CO,,,
zhongtai,3,2,净重（规格）,"[Hai mươi món ăn nhẹ tuổi thơ] 30 gói, [Hai mươi món ăn nhẹ tuổi thơ] 60 gói, [H",CHUA_CO,,,
meilifan,3,1,产品规格,"Mặt nạ nho Meili Fanhai 5 miếng/hộp có mã chống hàng giả chính thức, Mặt nạ máu ",CHUA_CO,,,
promax,3,3,适用机型,"iPhone 6, iPhone 11, iPhone 12, iPhone 8, iPhone 7, iPhone X, iPhone162, iPhone1",GIU,,,
walfger,3,1,颜色,"Bộ 8 màu wdấu xám đậm, Bộ đồ 8 màu Walkger màu đen, Bộ 8 màu Walfger xám nhạt, B",CHUA_CO,,,
chenguang,3,3,花型,"Tề Vũ - Tím Sương Cẩm (Loại A, cấp độ mẹ và bé, 100% cotton) đã qua kiểm định ch",CHUA_CO,,,
chaoan,3,3,生产厂家,"Quận Triều Châu Chaoan Amber Food Co., Ltd.",CHUA_CO,,,
chaofeng,3,3,包装规格,"Trà chính của He Li 500g, Xiangrui [Bộ trà cao cấp sáu tầng và sáu tầng], Sáu lo",CHUA_CO,,,
puzzle,3,2,颜色,"1618-91 Bếp nhỏ dễ thương, 1618-68 Quán bar nhỏ vui nhộn, Máy tính tiền vui nhộn",CHUA_CO,,,
qian,3,2,花型,"Bi Han + Biển Hoa Fangfei [Bộ bốn món nhung sữa có trọng lượng cao], Beihan + Ng",GIU,,,
qiancha,3,3,包装规格,"Trà Nhân Sâm Năm Quý [5g x 30 túi]/túi, Trà Nhân Sâm Liubao [5g x 30 túi]/túi, T",CHUA_CO,,,
huichao,3,1,颜色,"[Yuetong chính hãng] Ace Driver, [Yuetong chính hãng] Tài xế cứu hỏa và cảnh sát",CHUA_CO,,,
eyebrow,3,3,包装规格,"【Huaxiang Dahongpao】 Đơn giá 75, [Hương thơm mạnh mẽ Dahongpao] Đơn giá 105, [Zh",CHUA_CO,,,
cashier,3,1,颜色,"Loại pin [Bộ 57 món] Little Yellow Duck Cashier (hộp thương mại điện tử), Có thể",CHUA_CO,,,
chameleon-gatling,3,1,颜色,Hộp thương mại điện tử - Slinging Barrett lớn (81cm) Màu xám - 10 viên đạn mềm +,CHUA_CO,,,
pulse,3,3,颜色,"Súng hơi 115-1 98K, 115-5 Laifu Soft Shotgun [Màu sắc ngẫu nhiên], 115-10 khẩu s",CHUA_CO,,,
hydrosol,3,2,产品规格,"[5A] [Đóng chai] Rong biển hạt nhỏ 250g+không quà tặng, [5A] [Đóng chai] Rong bi",CHUA_CO,,,
wanran,3,3,花型,"Cỏ tiên (top1), Hoa anh đào (top3), Wanran (khuyến nghị!), Cuộc sống hạnh phúc (",CHUA_CO,,,
carolina,3,2,颜色,"Xám trắng, Xanh Bắc Carolina - Bề mặt bóng, Gấu trúc đen trắng, Đen đỏ, Khói đen",GIU,,,
carat,3,2,包装规格,"Túi đi học carat sonic màu xanh, Túi đi học cỡ lớn màu xanh Sonic, Túi đi học mũ",CHUA_CO,,,
weimeng,3,2,花型,"Cà phê Fengyu [100% cotton jacquard, nhẹ sang trọng và cao cấp], Màu xanh lá cây",CHUA_CO,,,
smooth,3,2,产品名称,"BEOTUA Peach Smooth Repair Son dưỡng môi 4g, Son dưỡng môi và son dưỡng môi đàn ",CHUA_CO,,,
smoothie,3,3,产品规格,"Kiểm soát dầu lâu dài 150g + lưới tạo bọt, Kiểm soát dầu và loại bỏ mụn 150g + l",CHUA_CO,,,
snack,3,3,颜色,"Weilong Konjac làm mới và đóng gói số lượng, hương vị hỗn hợp ngẫu nhiên 20 gói ",THAY,đồ ăn vặt,,
exfoliating,3,2,产品规格,"Mặt nạ chanh 25ml/miếng [Chỉ bán hàng xuất khẩu ngoại thương, cấm bán hàng trong",CHUA_CO,,,
snowman,3,3,颜色,"Mặt nạ chanh 25ml/miếng [Chỉ bán hàng xuất khẩu ngoại thương, cấm bán hàng trong",CHUA_CO,,,
siro,3,3,原料与配料,21 số lần chải chặt Siro quay,GIU,,,
sishen,3,3,包装规格,"25 gói trà ô long đào, 25 gói trà ô long đào trắng, 25 gói trà vỏ quýt Sydney, 2",CHUA_CO,,,
moshang,3,3,花型,"Chó dachshund, Nơ bướm trái tim, Hoa chấm bi, Nơ bướm dâu tây, Thiên đường dâu t",CHUA_CO,,,
levsa,3,2,产品名称,Chất tẩy rửa lọc axit amin Levsa,CHUA_CO,,,
moth,3,3,颜色,"48 mẫu [búp bê] 1 hộp ngẫu nhiên, Thiên đường chim bay, 1 hộp ngẫu nhiên, 12 mẫu",CHUA_CO,,,
mother,3,3,颜色,"Hộp rượu vang đỏ đơn, Hộp mẹ rượu vang đỏ, Hộp đơn màu đen, Hộp mẹ con màu đen, ",CHUA_CO,,,
motocross,3,1,颜色,"{Beach Motocross} túi opp màu trắng, {Beach Motocross} túi opp màu đỏ, {Beach Mo",CHUA_CO,,,
seasons-beige-bao,3,1,颜色,"60224-Bốn Mùa-Màu Be-Hộp Quà, 60222-Bốn Mùa-Màu Be-Hộp Quà, 60220-Bốn Mùa-Màu Be",CHUA_CO,,,
sawduozai,3,2,包装规格,"500g cụm đơn loài Song (Hộp quà Triều Châu), Honey Orchid No. 7 500g đóng hộp 14",CHUA_CO,,,
tay-xanh,3,2,颜色,"Dài tay-màu trắng, Dài tay-xanh navy, Dài tay-đỏ tươi, Dài tay-xanh đậu, Dài tay",CHUA_CO,,,
taste,3,2,净重（规格）,"[Ba mươi loại] 120 gói, [Ba mươi loại] 90 gói, [Ba mươi loại] 60 gói, Zhou Chang",CHUA_CO,,,
zui,3,2,包装规格,"Bình gốm đôi Shanchuan Fengwu có túi xách Longjing, Bình đôi gốm sứ phong cách T",CHUA_CO,,,
zhulan,3,3,包装规格,"2026 New Tea A10: Bán chạy nhất dành riêng cho thương mại điện tử, Trà Mao Feng ",CHUA_CO,,,
zhuzhu,3,3,颜色,"48 mẫu [búp bê] 1 hộp ngẫu nhiên, Thiên đường chim bay, 1 hộp ngẫu nhiên, 12 mẫu",CHUA_CO,,,
zhongyuan,3,3,生产厂家,Công ty TNHH chè Vân Nam Zhongyuan,GIU,,,
match,3,2,包装规格,"Bánh gà vỏ quýt [Mềm]-250g 1 túi lớn nhỏ dùng thử thơm ngon (-), Bánh gà vỏ quýt",CHUA_CO,,,
marriage,3,2,花型,"Bi Han + Biển Hoa Fangfei [Bộ bốn món nhung sữa có trọng lượng cao], Beihan + Ng",CHUA_CO,,,
maotao,3,3,包装规格,"Trà Ô Long Đào [Con dấu 8 mặt 20 túi], Trà Nữ Thần Liubao [Con dấu tám mặt 20 gó",CHUA_CO,,,
zixiaoge,2,2,花型,"Bầu trời trong xanh [Loại A thân thiện với làn da-có thể ngủ khỏa thân], Khói bụ",CHUA_CO,,,
zorona,2,1,颜色,"C611 Solona nhuộm cà vạt đen, C611 Solona nhuộm cà vạt màu trắng, C611 Zorona mà",CHUA_CO,,,
zhuo,2,1,产品规格,"50g Sữa rửa mặt dưỡng ẩm phục hồi sức sống, Sữa rửa mặt làm mới kiểm soát dầu Le",CHUA_CO,,,
smile,2,1,颜色,"Màu đỏ (Phong cách hình ảnh chính), Màu xanh lá cây (Phong cách hình ảnh chính),",CHUA_CO,,,
sofier,2,1,花型,"Sofier - Cà phê sữa, Sofier - Bột trà, Sofir - Phù Lục",CHUA_CO,,,
fangzhong,2,1,颜色,"Hộp cao A4, Hộp lùn A4, Nắp hộp cao A4, Nắp hộp A4 thấp, Nắp A4 [có thể được tra",CHUA_CO,,,
skeleton,2,1,颜色,"1:22 Xe thể thao Farah màu đỏ điều khiển từ xa (sạc bốn chiều), 1:22 Xe thể thao",CHUA_CO,,,
active,2,2,产品规格,"Mặt Nạ Tinh Dầu Hoa Hồng Tái Tạo Da - Dạng Tấm 25ml, KISSMWAH Kirin Mushroom Sil",CHUA_CO,,,
marseille,2,1,颜色,"LF - Trắng - 35-46, LF - Đen trắng nền trắng - 35-46, LF-36-45-Hoa trắng Marseil",CHUA_CO,,,
zhuben,2,2,产品名称,Sữa rửa mặt tạo bọt mềm Zhuben Qinghuan,GIU,,,
zhuanwen,2,2,产品厂家厂址,"Boxin Tea, Tầng 3, Tòa nhà Lulu, Làng Zhuanwen, Huyện Anxi, Tỉnh Phúc Kiến",CHUA_CO,,,
mauve,2,2,颜色,"làm trắng, Màu trắng nguyên bản, màu đen, màu xanh hải quân, màu xám, đại dương ",CHUA_CO,,,
matumi,2,1,颜色,"Màu hồng nhạt bao bì thông thường, Cà phê bao bì thông thường, Hồng nhạt + hộp q",CHUA_CO,,,
matu,2,1,颜色,"Màu hồng nhạt bao bì thông thường, Cà phê bao bì thông thường, Hồng nhạt + hộp q",CHUA_CO,,,
mandyini,2,2,花型,"Thỏ đồng quê [Dày dặn, vải chải lông mềm mại, thân thiện với da, không dễ xù lôn",CHUA_CO,,,
mansen-light,2,2,花型,"Trà sữa Manson-Bentley Blue [Thưởng thức mềm mượt và thân thiện với làn da, Mans",CHUA_CO,,,
mansen-fragrant,2,2,花型,"Mansen-Tro núi [Từ chối cái nóng và mềm mượt, ngủ khỏa thân cả đêm mà không đổ m",CHUA_CO,,,
mansen,2,1,花型,"Mansen Hồng [Loại A 100% cotton dệt sợi màu], Bông Yisen [Loại A 100% cotton dệt",CHUA_CO,,,
meibei,2,1,包装规格,"160g bánh bao nhỏ (tổng cộng 8 miếng), 200g bánh bao nhỏ (tổng cộng 10 miếng), 4",GIU,,,
huyi,2,2,花型,"Tri Hải, Sâm Kiến, Vân Đào, Vụn sao, Đinh Hòa, Đêm trò chuyện, Cam mờ, Huyi, Góc",CHUA_CO,,,
hututu,2,2,花型,Thơ sứ màu xanh và trắng [nhung bông tuyết nâng cấp thân thiện với da nhung ấm á,CHUA_CO,,,
puteda,2,1,规格,"Sàng vuông số 21, Sàng vuông số 31, Sàng vuông số 51, Sàng vuông số 11, Sàng vuô",CHUA_CO,,,
purslane,2,2,产品规格,"Mặt nạ cam huyết Beauty Image/25ml, Mặt nạ dưỡng ẩm axit hyaluronic cà chua 25g,",CHUA_CO,,,
wanning,2,2,花型,"phong cách hiện đại, Gấu Hepburn, giấc mơ gấm, rất nhiều, Hiểu, nước biển sâu, m",CHUA_CO,,,
cha-matcha,2,2,颜色,"Dây kéo tươi nhỏ màu trắng sữa, Space black-khóa kéo tươi nhỏ, Bầu trời xanh-khó",CHUA_CO,,,
cesele,2,1,颜色,"Hộp thương mại điện tử trái cây vuông Setele 4 trái cây [lớn], Hộp thương mại đi",CHUA_CO,,,
changqing,2,2,产品厂家厂址,"Số 112-2, Anbian, làng Sancong, thị trấn Changqing, huyện Anxi, tỉnh Phúc Kiến",CHUA_CO,,,
changkeng,2,2,产品厂家厂址,"Changkeng 3 Village, Anxi County, Fujian Province",CHUA_CO,,,
changjiang,2,2,净重（规格）,"[Hai mươi món ăn nhẹ tuổi thơ] 30 gói, [Hai mươi món ăn nhẹ tuổi thơ] 60 gói, [H",CHUA_CO,,,
cave,2,1,颜色,"[Môi bóng đào Fantasy] J811 Quả nhân sâm, 【Son Gương Hoa Đào】L01 Đồng Cỏ, [Son m",CHUA_CO,,,
huaying-light,2,2,花型,"Cà phê Huaying-Light [100% Cotton Jacquard], Huagu [100% cotton jacquard], Hương",CHUA_CO,,,
husky-cotton,2,1,颜色,"Xe đường phố-bông trắng, Xe đường phố-bông đen, TREAT mèo-trắng 100% cotton, TRE",CHUA_CO,,,
hydroxypropyl,2,2,原料与配料,"Xi-rô mạch nha, bột gạo nếp, nước uống, bột đậu đỏ (xi-rô mạch nha, đậu nành, đậ",CHUA_CO,,,
punch,2,1,颜色,"Tựa đầu đục lỗ kiểu bong bóng màu đen quý phái, Tựa đầu đục lỗ kiểu bong bóng mà",CHUA_CO,,,
pullover,2,2,款式,phong cách pullover,CHUA_CO,,,
chana,2,2,颜色,"Tình yêu đầu tiên Gardenia [1 chai], Hoa nhài tươi [1 chai], Quê hương Osmanthus",CHUA_CO,,,
chat,2,1,容量,"Chai thủy tinh 160ml, một chai [có logo thương hiệu] [có thể tùy chỉnh theo yêu ",CHUA_CO,,,
chasing,2,2,花型,Jing-Xingtu-Advanced Blue-Cotton Platinum Edition [Nâng cấp vải Jacquard sang tr,THEO_CUM,,,
charming,2,2,颜色,"Tựa đầu màu đen bí ẩn, Tựa đầu màu xám không gian, Tựa đầu Macaran, Tựa đầu cà p",GIU,,,
wanshixinglong,2,1,包装规格,"Wanshi Xinglong Souchong [125g * 1 lon], Wanshi Xinglong Souchong [hai lon tổng ",CHUA_CO,,,
promise-ya,2,2,花型,"Promise-Fragrant Leaf Powder [Vải cotton, thân thiện với làn da và mềm mại], Pro",CHUA_CO,,,
icelandic,2,2,产品类别,trà icelandic,CHUA_CO,,,
promise-roland,2,2,花型,"Promise-Fragrant Leaf Powder [Vải cotton, thân thiện với làn da và mềm mại], Pro",CHUA_CO,,,
promise-fragrant,2,1,花型,"Promise-Fragrant Leaf Powder [Vải cotton, thân thiện với làn da và mềm mại], Pro",CHUA_CO,,,
cation-xanh,2,1,花型,"Bột dải mật độ cation---ycj, Dải mật độ cation màu cam --- ycj, Dải mật độ catio",CHUA_CO,,,
weiyang,2,1,产品厂家厂址,"Số 13 Weiyang, làng Weiyang, thị trấn Futian, huyện Anxi, thành phố Tuyền Châu, ",CHUA_CO,,,
wedding,2,1,包装规格,"喜糖试吃全店随便选, Kẹo cứng hương đào trắng Hongyuan 500g, khoảng 120 miếng, Kẹo sữa Wan",CHUA_CO,,,
cedar,2,2,产品规格,"[Boquanya] Mặt nạ dưỡng ẩm Cucumber Centella Cedar 25 g/miếng, [Boquanya] Mặt nạ",CHUA_CO,,,
wawa,2,2,净重（规格）,"[Hai mươi món ăn nhẹ tuổi thơ] 30 gói, [Hai mươi món ăn nhẹ tuổi thơ] 60 gói, [H",CHUA_CO,,,
washed,2,2,颜色,"[Washed Black] BOXY phiên bản ngắn và rộng, [Đen] BOXY phiên bản ngắn và rộng, [",THEO_CUM,,,
huiji,2,2,产品规格,"Sữa Rửa Mặt Mật Ong Làm Sạch Sâu, Dưỡng Ẩm, Giảm Mụn, Chiết Xuất Trà Đen Tuyết v",CHUA_CO,,,
innisfree,2,2,产品名称,Sữa rửa mặt axit amin làm sạch tinh chất trà xanh Innisfree,GIU,,,
infusion,2,2,产品规格,"Sữa rửa mặt amino acid, Bộ dưỡng ẩm & trị mụn: [Sữa rửa mặt + Nước cân bằng Ice ",GIU,,,
porsche,2,2,颜色,"8970-1 Tàu sân bay 6 trong 1 [138 mảnh ghép], 8970-2 Thế giới Khủng long 6 trong",CHUA_CO,,,
pork,2,1,包装规格,"Lard Crisps [2 Túi Lớn] - Mẫu Lạp Xưởng Heo, Lard Crisps [5 Túi Lớn] Gói Tiết Ki",CHUA_CO,,,
prince,2,2,生产厂家,"Hồ Nam Spicy Prince Food Co., Ltd.",GIU,,,
presbyopia,2,2,颜色,Bao bì hộp quà tặng Presbyopia T,CHUA_CO,,,
professional,2,1,颜色,[E-sports Professional Edition-White] 5.3 Chip tốc độ cao lõi kép thể thao điện ,CHUA_CO,,,
pro-full,2,1,颜色,"i12-trọn bộ cấu hình cao [màu trắng], i7s-trọn bộ cấu hình cao [màu trắng], i9s-",CHUA_CO,,,
caramen,2,2,颜色,"xanh ô liu, cà phê caramen, màu hồng san hô, ngô ngọt ngào, vải đỏ, Màu xám cao ",CHUA_CO,,,
cartoon,2,2,颜色,"Xe trộn chó con, Xe ben hổ nhỏ, Máy xúc gấu nhỏ, Xe thang heo con, Xe thang gấu ",CHUA_CO,,,
carter,2,2,花型,"Chó dachshund, Nơ bướm trái tim, Hoa chấm bi, Nơ bướm dâu tây, Thiên đường dâu t",CHUA_CO,,,
weaver,2,2,花型,"Benny Dog [mô hình bà mẹ và trẻ sơ sinh được nâng cấp 7A], KT Meow [mẫu mẹ và bé",CHUA_CO,,,
propolis,2,2,产品规格,"Mặt nạ tinh chất tươi mát dưỡng ẩm lô hội Gong Pei, Mặt nạ dạng tấm 25ml (Chỉ dà",THAY,keo ong,,
huayang,2,2,产品名称,Jiao Wei Huayang Boudoir Dream Warm Lipstick,CHUA_CO,,,
huayan,2,2,产品名称,Mặt nạ dưỡng ẩm và làm dịu da ba protein Huayan JUYOU,GIU,,,
huqiu,2,2,产品厂家厂址,"Số 24, Chợ Nông sản, Thị trấn Huqiu, Huyện Anxi, Tỉnh Phúc Kiến",CHUA_CO,,,
potter,2,2,颜色,"màu đen cùng màu, dây kéo màu đen bạc, ống kính vạn hoa, đá xanh, Màu xanh đậm c",CHUA_CO,,,
potala,2,1,花型,"Mẫu cơ bản - Trang viên Cacao, Mẫu cơ bản - Phê Ni, Mẫu cơ bản - Vãn Đường, Mẫu ",CHUA_CO,,,
wenli,2,1,净重（规格）,"[Hai mươi món ăn nhẹ tuổi thơ] 30 gói, [Hai mươi món ăn nhẹ tuổi thơ] 60 gói, [H",CHUA_CO,,,
huaziyun,2,2,生产厂家,Công ty TNHH Kinh doanh Kỹ thuật số Huangshan Huaziyun,CHUA_CO,,,
qianchen,2,2,花型,"Senman-Milk White [Bông loại A, an toàn khi ngủ khỏa thân], Duoduo - hồng nhạt [",CHUA_CO,,,
qanmi,2,1,颜色,"Quần áo che rắm Qanmi [7A kháng khuẩn + 250g cotton co giãn thoải mái], Quần áo ",CHUA_CO,,,
chaomi,2,2,颜色,"Đội xây dựng kỹ thuật 3389-40, Xe cứu hỏa thành phố chiến binh 125-23, Xe xây dự",CHUA_CO,,,
walfger-lucao,2,2,花型,"Walfger-vàng xanh, Walfger-vàng ngỗng, Walfger-hồng ngọc, Walfger-Lucao, Walfger",CHUA_CO,,,
changan,2,1,颜色分类,"Ống kính đơn - dành riêng cho Changan (vui lòng lưu ý model + cấu hình + năm), Ố",GIU,,,
cardamom,2,2,颜色,"Bột khói [5A kháng khuẩn + không xương] quần áo túi jacquard 6226, Áo khoác túi ",CHUA_CO,,,
wenjun,2,2,生产厂家,"Fengqiu County Wenjun Food Co., Ltd.",CHUA_CO,,,
welongfeng,2,2,包装规格,"Weilong Konjac Shuang 15+3g trộn ngẫu nhiên nhiều vị 20 gói không hộp, Weilong K",CHUA_CO,,,
weizhiyuan,2,2,生产厂家,Công ty TNHH thực phẩm Yiyang Weizhiyuan,GIU,,,
imd-west,2,1,颜色,"IMD lỗ lớn Hút từ tính-Cây đũa thần Star Minion, Lỗ lớn IMD hút từ - cây đũa thầ",CHUA_CO,,,
imd-strawberry,2,1,颜色,"Lỗ lớn IMD-Strawberry Little Black Cat Single Shell, Lỗ lớn IMD-Mèo đen dâu + Vò",CHUA_CO,,,
innocent,2,2,规格,"Loại nhà máy bán buôn hàng tháng hàng triệu miếng dán nén nóng (5 miếng/hộp), Ưu",CHUA_CO,,,
wine,2,1,产品规格,"Mặt nạ phát sáng Skin Source No. 1 225G (bản sao của Mặt nạ Keyun_Lan số 8), Mặt",CHUA_CO,,,
windmill,2,1,颜色,"Nhà trên cây mộc mạc MZ-322 (721 miếng), [Phiên bản chiếu sáng] Nhà trên cây đồn",CHUA_CO,,,
wind,2,2,颜色,"Model nâng cấp [1 chai 260ML]-Hilton, Nâng cấp [1 chai 260ML]-Gardenia, Nâng cấp",THEO_CUM,,,
qianpiao,2,1,包装规格,KK5 Juan Piao Yu Meng Piao Xue Ration Model 2026 New Tea - Hương thơm mạnh 3 hươ,CHUA_CO,,,
qianmo,2,2,花型,Phô mai và phô mai [loại A bà mẹ và trẻ sơ sinh/thân thiện với làn da và mềm mại,CHUA_CO,,,
huaxiangzhengshan,2,2,五大红茶明细表,"Fujian Wuyishan Tongmuguan Yellow Bud Jin Junmei, Huaxiangzhengshan Souchong, tr",CHUA_CO,,,
qianka,2,2,花型,"Senman-Milk White [Bông loại A, an toàn khi ngủ khỏa thân], Duoduo - hồng nhạt [",CHUA_CO,,,
qieqile,2,2,颜色,"1618-91 Bếp nhỏ dễ thương, 1618-68 Quán bar nhỏ vui nhộn, Máy tính tiền vui nhộn",CHUA_CO,,,
volt,2,2,电源,12 volt,CHUA_CO,,,
wanchun,2,2,花型,"Sweet Joy [Cấp độ ngủ khỏa thân dành cho bà mẹ và trẻ sơ sinh hạng A], Bazaar [C",CHUA_CO,,,
chaozhou,2,2,包装规格,"500g cụm đơn loài Song (Hộp quà Triều Châu), Honey Orchid No. 7 500g đóng hộp 14",HANVIET,Triều Châu,,
capybara,2,2,形象,Capybara,CHUA_CO,,,
with,2,1,颜色,"M91 Qiang [Tuổi thọ pin dài từ nguồn + Giảm tiếng ồn thông minh ANC], M91 Purple",CHUA_CO,,,
inu,2,2,产品规格,"Sữa rửa mặt in hoa, Sữa Rửa Mặt Hana Ume Sake 120g, Sữa Rửa Mặt Bọt Mịn Huayin 1",CHUA_CO,,,
pooh,2,1,花型,"Hương Vịt - Hồng - (100% cotton dày dặn, chải lông), Hương Thầm - Tím - (100% co",CHUA_CO,,,
pongee,2,1,颜色,"12 inch tùy chỉnh, Tùy chỉnh 16 inch, In hoa đầy đủ, 17 inch, Túi trước 13 inch,",CHUA_CO,,,
camellia-xanh,2,2,花型,"Phong cách lông vũ nhẹ - Màu nâu nhạt, Nhẹ - Xanh Bentley, Lông vũ nhẹ - Màu xám",CHUA_CO,,,
camellia-bentley,2,1,花型,"Phong cách lông vũ nhẹ - Màu nâu nhạt, Nhẹ - Xanh Bentley, Lông vũ nhẹ - Màu xám",CHUA_CO,,,
wohaojia,2,1,颜色分类,"Sữa rửa mặt tạo bọt Woaojia 300ml (nắp thường), Chất tẩy rửa tạo bọt WoHaojia 65",CHUA_CO,,,
wuma,2,1,产品厂家厂名,"Phúc Kiến Wuma Tea Co., Ltd.1",CHUA_CO,,,
cam-xe,2,1,颜色,"Xe địa hình màu đỏ-xe trần, Xe địa hình màu cam-xe trần, Xe địa hình xanh-xe trầ",CHUA_CO,,,
calo,2,2,生产厂商,Calo,CHUA_CO,,,
canruo,2,2,颜色,"[Ying Meng Pink] Mặt bóng thời trang, [Canruo Orange] Mặt bóng thời trang, [Dany",CHUA_CO,,,
canngling,2,1,颜色,"Màu đen [có dây buộc], Màu cam [có dây buộc], Yuanfeng Blue [có dây buộc], Màu t",CHUA_CO,,,
cane,2,2,包装规格,"Phù điêu Wufu (Năm tổ hợp trà chính 300g), Bộ trà đất sét tím + (240g bốn loại t",CHUA_CO,,,
wireless,2,1,颜色,Champagne phiên bản tiếng Anh [khử tiếng ồn ANC trong kho màn hình màu thông min,CHUA_CO,,,
winnie,2,2,花型,"Bộ chăn ga gối cotton sợi dài - Xám đêm (Mẫu bốn mùa), Bộ chăn ga gối cotton sợi",CHUA_CO,,,
ism,2,2,产品规格,"Sữa rửa mặt Chuman Salicylic Acid 750g, Sữa rửa mặt cho nam Ocean ism 300g, Sữa ",CHUA_CO,,,
polyme,2,2,材质,PU/Polyme polyurethane,CHUA_CO,,,
pop,2,2,颜色,"Chú gấu xanh dễ thương1, Chú gấu xanh dễ thương2, Bột gấu dễ thương, gấu táo, gấ",GIU,,,
indus,2,1,花型,"Melbourne-Starry Sky Blue [Từ chối ngủ khỏa thân nóng và mượt để thoát mồ hôi], ",CHUA_CO,,,
white-large,2,1,颜色,"Trắng Ngà - Kiểu Hẹp (Đóng Gói Lẻ) [Siêu Dày, Không Mùi], Trắng Ngà - Cỡ Vừa (Gó",CHUA_CO,,,
caiwei,2,2,花型,"Chuntingxu Pro [Chất liệu cotton thoải mái, thân thiện với làn da và ngủ khỏa th",CHUA_CO,,,
isabella,2,2,花型,"Sweet Joy [Cấp độ ngủ khỏa thân dành cho bà mẹ và trẻ sơ sinh hạng A], Bazaar [C",CHUA_CO,,,
huamannong,2,2,产品规格,"Mặt nạ collagen Stratopora có tác dụng chữa bệnh NHA GENE, Mặt nạ làm săn chắc c",CHUA_CO,,,
huanxi,2,2,包装规格,"Wan Shi Shunli Pastry-6 mỗi hộp, Bánh ngọt liên kết quả hồng ngon-6 cái một hộp,",CHUA_CO,,,
huanliang,2,2,产品规格,"Mặt nạ dưỡng ẩm và dưỡng ẩm Ruweiying 10 miếng, Mặt nạ sửa chữa dầu ô liu Ruwei ",CHUA_CO,,,
huanhuan,2,2,花型,"Dòng hoa nhí - Trầm hương, Dòng hoa nhí - Thung lũng Dâu tây, Bộ sưu tập hoa nhí",CHUA_CO,,,
qiaolin,2,1,颜色,"Bộ quần short núi tuyết màu trắng, Bộ quần short núi tuyết màu đen, Bộ quần shor",CHUA_CO,,,
qianxiangxing,2,2,包装规格,"Hộp quà tặng Dahongpao 18 lọ vân gỗ, Bộ quà tặng Niu Lan Keng Rou Gui, Bộ quà tặ",CHUA_CO,,,
qin,2,2,颜色分类,"BYD GM 01-8228, BYD GM 02-8238, Nhân dân tệ BYD/Dành riêng cho cá heo-1017, BYD ",GIU,,,
qimiao,2,1,包装规格,"[Giảm giá số lượng lớn, liên hệ bộ phận chăm sóc khách hàng] Hương vị hỗn hợp 20",CHUA_CO,,,
voyage,2,1,颜色,"Kích thước nhỏ [vào và ra an toàn] mẫu màu đỏ, Mẫu nhỏ [may mắn] màu đỏ, Kích th",CHUA_CO,,,
chenxi,2,2,花型,"碧从锦簇【加厚保暖 防静电不掉毛】, 春时在宴【加厚保暖 防静电不掉毛】, 落日浪漫【加厚保暖 防静电不掉毛】, 森蔓绿【加厚保暖 防静电不掉毛】, 树与蝉鸣【",CHUA_CO,,,
chiffon,2,2,面料名称,chiffon,CHUA_CO,,,
iraq,2,2,颜色,"(Tám Yi) 156 màu trắng, (Tám Yi) 156 màu đen, (Tám Iraq) 156 màu xanh lá cây, (T",CHUA_CO,,,
polyphenylstyrene,2,2,材质,Polyphenylstyrene (PS),CHUA_CO,,,
wow,2,2,规格,"Vodka việt quất, Hũ sữa nướng, Câu cá hoa quả, Matcha Latte, Bạc hà mát lạnh, Đỉ",GIU,,,
qilong,2,1,净重（规格）,"[Ba mươi loại] 120 gói, [Ba mươi loại] 90 gói, [Ba mươi loại] 60 gói, Zhou Chang",CHUA_CO,,,
qilixiang,2,2,颜色,"[Bảng màu toàn diện khuôn mặt] # 02 Peach Blossom Face (thân thiện với da khô), ",CHUA_CO,,,
huachen,2,2,花型,"Màu nhỏ tình yêu [nâng cấp nhung tuyết thân thiện với làn da nhung ấm áp], Edelw",CHUA_CO,,,
hovenia,2,2,包装规格,"Trà Nhân Sâm Năm Quý [5g x 30 túi]/túi, Trà Nhân Sâm Liubao [5g x 30 túi]/túi, T",CHUA_CO,,,
huangge,2,2,花型,Sợi hai lớp màu xanh ngọc lục bảo | Loại A dành cho bà mẹ và trẻ sơ sinh/Thoải m,CHUA_CO,,,
hoodie-xanh,2,1,颜色,"Áo nỉ hoa xám, Quần thẳng - Xám hoa, Quần ống đứng rút dây bên trong - họa tiết ",CHUA_CO,,,
chicago,2,2,颜色,"Màu đen sang trọng, xám nhạt nâu, xanh ô liu, Màu đen và nâu cà phê thanh lịch, ",CHUA_CO,,,
chixiaodou,2,2,包装规格,"200ml đóng hộp * hoa nhài, 200ml lon * thai cúc, 200ml đóng hộp * hoa hồng, Đóng",CHUA_CO,,,
chitosan,2,2,核心成分,"B5, axit hyaluronic, collagen, Bisabolol, Arbutin, Centella asiatica, Chitosan, ",CHUA_CO,,,
ivy,2,2,花型,"Xanh lam trong trẻo + Xám củ sen [mẫu hot], Xanh không gian sâu + Xanh Ti [bán c",CHUA_CO,,,
jd.com,2,2,下游供货平台,"Pinduoduo, Douyin, Kuaishou, JD.com, Tmall, Taobao",CHUA_CO,,,
polyester-cotton,2,2,材质,Hỗn hợp polyester-cotton (TC),CHUA_CO,,,
wujiang,2,2,生产厂家,Công ty TNHH Trà núi Hà Nam Wujiang,CHUA_CO,,,
butter,2,2,颜色,"Milk White 618 [Hộp trẻ em sáu bánh có thể đi được], Sakura Pink 618 [Hộp đựng đ",CHUA_CO,,,
calm,2,2,颜色,Sứ trắng kem mềm丨Phiên bản hàng đầu [Hiệu ứng âm thanh toàn cảnh vòm 10.000 nhân,CHUA_CO,,,
calabash,2,1,容量,"Chai thẳng (100ml) đóng gói riêng lẻ, Chai thẳng + nắp (100ml) đóng gói riêng, C",CHUA_CO,,,
building,2,2,颜色,"1618-91 Bếp nhỏ dễ thương, 1618-68 Quán bar nhỏ vui nhộn, Máy tính tiền vui nhộn",GIU,,,
busaidao,2,1,颜色,"A5-1 màu xanh lam mát mẻ, Màu cam A5-1, A5-1 Ben xám bạc, Màu trắng đậm A5-1, A5",CHUA_CO,,,
buno,2,1,颜色,"Ba lô vải kaki, Ba lô vải bố màu tím nhạt, Ba lô vải bố màu xám nhạt, Ba lô Buno",CHUA_CO,,,
bunny-phong,2,1,颜色,"Gấu Rainbow Xanh - Phong Cách Xuân Thu, Gấu cầu vồng màu vàng phong cách xuân th",CHUA_CO,,,
xanh-trung,2,1,颜色,"[Hình chữ nhật] mèo màu hồng nhỏ, [Hình chữ nhật] Mèo màu hồng cỡ trung bình, [H",CHUA_CO,,,
xianghe,2,2,包装规格,"Hộp Quà Hươu Jin Junmei 18 Hũ Nhỏ 250g, Hộp quà Trung Thu: 18 lon Trà đen Jin Ju",CHUA_CO,,,
plant,2,2,产品名称,Sữa Rửa Mặt Renrenhe Ingenious Plant Complex Purifying,THEO_CUM,thực vật,,
plane,2,1,颜色,"[Hai gói] CHÀO trắng + lớn LE đen, [Gói hai] THEY White + Big LE White,, [Gói ha",CHUA_CO,,,
point,2,2,颜色,"Sunset Purple [Hoa văn sợi carbon siêu mỏng thu hút từ tính], Đen than chì [Hoa ",CHUA_CO,,,
wuyuanjian,2,2,包装规格,"Trọng lượng mẫu khoảng [30g], [Carbon nướng Dahongpao] Đơn giá 40 nhân dân tệ, [",CHUA_CO,,,
bull,2,1,净重（规格）,"[Xé tay/5 góc/Mommy/Drummy] Trộn 4 loại * 10 gói, [Xé tay/5 góc/Mommy/Drummy] Tr",CHUA_CO,,,
c-care,2,1,产品规格,"Sữa rửa mặt C Ka Double Tube (trong) Lưới tạo bọt 100g, C Coffee Double Tube Fac",CHUA_CO,,,
c,2,2,颜色分类,"9118 lọc màng dầu thủy tinh, 8628 lọc màng dầu thủy tinh, Chất chống đông dưới 0",GIU,,,
wushan,2,2,包装规格,"500 Đầu Trà Đại Hồng Bào Số 8 [Thành phần trà], 500g trà Đại Hồng Bào số 11 hươn",CHUA_CO,,,
xiajiao,2,2,产品厂家厂址,"Cạnh cầu Xiajiao, làng Đông Trường, trấn Phượng Hoàng, quận Triều An, thành phố ",CHUA_CO,,,
chevrolet,2,2,尺寸,"Kiểu 1, Kiểu 2, Kiểu dáng 3, Kiểu 4, Kiểu 5, Kiểu 6, Kiểu dáng 7, Bộ 1, Bộ 2, Me",CHUA_CO,,,
xiandian,2,2,产品厂家厂址,"Số 14-1, Changwei, làng Xiandian, thị trấn Xingtian, thành phố Wuyishan, tỉnh Ph",CHUA_CO,,,
xiangshengpu,2,2,包装规格,"Bánh đôi trà trắng (Vỏ quýt Trà trắng Fude Trà trắng Dao), Pu'er Double Cake (Da",CHUA_CO,,,
pip,2,1,颜色,"Màu xám nhạt, Hồng phấn, Màu xanh đậm, Màu vàng, Màu nâu, 【Kiểu B】 Màu xanh lá c",CHUA_CO,,,
vip,2,1,包装规格,"Trà Tieguanyin thơm 500g mỗi pound, Huangkouxiang Tieguanyin số 1 mỗi catty 500g",CHUA_CO,,,
huai,2,2,福建省泉州市核心产地,"Xiping, Huqiu, Xianghua, Gande, Jiandou, Changkeng (Changqing), Longjuan, Hutou,",CHUA_CO,,,
huafang,2,2,颜色,"k364—K369 Dream Shop trọn bộ 6 kiểu, K400-K405 bán trọn bộ 6 mẫu xe đẩy, Bộ 6 mẫ",CHUA_CO,,,
huadong,2,1,颜色,"i12 (kim loại trần), Cấu hình đơn giản thế hệ thứ ba (kim loại trần), Cấu hình đ",CHUA_CO,,,
huadian,2,2,花型,"Altay Hoa Quý [100 sợi bông sợi dài, in hoa văn tinh xảo], Yili Huadian [100 sợi",CHUA_CO,,,
qilin,2,2,产品规格,"Mặt nạ làm săn chắc và đàn hồi chống nhăn Sarinsa 25ml*10 miếng trong hộp, Mặt n",CHUA_CO,,,
qinglian,2,2,花型,"Sweet Joy [Cấp độ ngủ khỏa thân dành cho bà mẹ và trẻ sơ sinh hạng A], Bazaar [C",CHUA_CO,,,
chu-lemon,2,2,花型,"Cà phê bóng hoa, Thung lũng sơn, Hương thơm đậm đà và bóng cà phê loãng, Chu-Lem",CHUA_CO,,,
chrysanthemum,2,2,包装规格,"[Mẫu nâng cấp] Trà thơm đôi nhân sâm Cistanche deserticola Eucommiaxiong 15g, [M",CHUA_CO,,,
please,2,2,颜色,"Vỏ tai nghe Bluetooth M Cream Cheese, Vỏ tai nghe Bluetooth trong suốt và mượt m",CHUA_CO,,,
jialisi,2,2,花型,"Mọi điều ước đều thành hiện thực [100% cotton, có độ co rút, hỗ trợ xử lý bằng l",CHUA_CO,,,
japonica,2,2,包装规格,"200ml đóng hộp * hoa nhài, 200ml lon * thai cúc, 200ml đóng hộp * hoa hồng, Đóng",CHUA_CO,,,
xanh-xanh,2,2,颜色,"hoa màu nâu, hoa đen, lưới đen, Tên chung của bệnh viễn thị bí ngô, kẹo màu xanh",CHUA_CO,,,
xiangjian,2,2,包装规格,"Trà Xanh High Mountain 250g (Hộp Quà Cao Cấp Có Lớp Nhựa), Biluochun 250g (Thiên",CHUA_CO,,,
xiaobu,2,2,花型,"Hoa nhẹ nhàng [100% cotton hai mặt], Avril Lavigne [100% cotton hai mặt], Khủng ",CHUA_CO,,,
pingru,2,1,净重（规格）,"[Hai mươi món ăn nhẹ tuổi thơ] 30 gói, [Hai mươi món ăn nhẹ tuổi thơ] 60 gói, [H",CHUA_CO,,,
pingjiang,2,2,生产厂家,Công ty TNHH Thực phẩm Jinzi huyện Pingjiang,HANVIET,Bình Giang,,
jiaoting,2,2,产品厂家厂址,"Số 3, Duba, làng Jiaoting, đường Wuyi, thị trấn Xingtian, thành phố Wuyishan, th",CHUA_CO,,,
jiadu,2,1,颜色,"Xe cứu hỏa phun đa chức năng Tianying [kiểu nhựa], Xe cứu hỏa phun nước đa chức ",CHUA_CO,,,
jiangshanruhua,2,2,包装规格,"Sáu loại trà nổi tiếng từ ngàn dặm sông núi theo phong cách Trung Hoa, Lưới cửa ",CHUA_CO,,,
pingguo,2,1,颜色,"Loại c kỹ thuật số miệng phẳng-túi, Hộp pha lê miệng phẳng kỹ thuật số Type-C, H",CHUA_CO,,,
pinggang,2,2,产品厂家厂址,"Số 9 Pinggang, Làng Nanan, Thị trấn Xingtian, Thành phố Vũ Di Sơn",CHUA_CO,,,
plada,2,1,包装规格,"喜糖试吃全店随便选, Kẹo cứng hương đào trắng Hongyuan 500g, khoảng 120 miếng, Kẹo sữa Wan",CHUA_CO,,,
placenta,2,2,产品名称,Mặt nạ trẻ hóa axit Hyaluronic Beehive Sheep Placenta,CHUA_CO,,,
pit,2,2,包装规格,"250g Trà Hồng Vân (hàng chính hãng, quy mô lớn), 250g Dahongpao (chất lượng cao)",CHUA_CO,,,
xiangde,2,1,净重（规格）,"[Hai mươi món ăn nhẹ tuổi thơ] 30 gói, [Hai mươi món ăn nhẹ tuổi thơ] 60 gói, [H",CHUA_CO,,,
xiangcha,2,1,包装规格,26# Trà Selen Xiangcha ---- Trà Mới 2026 Trà Mùa Xuân Mưa Trước Đặc Biệt Lá Xanh,CHUA_CO,,,
bubbly,2,2,花型,"Thỏ Phô Mai Ngủ Ngon 【Vải loại A, mềm mại, thân thiện với da, không xù lông】, Gi",CHUA_CO,,,
brushing,2,1,花型,"[Đánh dày 100 lần] Disena ~ Màu cà phê, [Đánh dày 100 lần] Disena~Bean Green, [Đ",CHUA_CO,,,
xianglv,2,1,包装规格,"Trà/trà xanh giá đáy cuộn chỉ, Trà Xanh Biluochun Maojian Xianglv Số 12, Trà Xan",CHUA_CO,,,
broco,2,1,颜色,"Hộp quà lớn Xe đua kéo lùi Big G [509 hạt], Hộp quà lớn Bugatti xe đua [510 hạt]",CHUA_CO,,,
buddy,2,2,颜色,"Bộ đồ dài tay/cho bé tập bò - Màu hổ phách quyến rũ, Tay áo dài/Crawling Buddy -",CHUA_CO,,,
buckthorn,2,2,包装规格,"Trà Nhân Sâm Năm Quý [5g x 30 túi]/túi, Trà Nhân Sâm Liubao [5g x 30 túi]/túi, T",CHUA_CO,,,
vibrant,2,2,颜色,"Vibrant White Orange 016 [Thanh buộc rộng + USB + Giá đỡ cốc gấp], Tính khí Trắn",CHUA_CO,,,
vodka,2,2,规格,"Vodka việt quất, Hũ sữa nướng, Câu cá hoa quả, Matcha Latte, Bạc hà mát lạnh, Đỉ",CHUA_CO,,,
hongpai,2,1,净重（规格）,"[Hai mươi món ăn nhẹ tuổi thơ] 30 gói, [Hai mươi món ăn nhẹ tuổi thơ] 60 gói, [H",CHUA_CO,,,
hoshino,2,2,颜色,"1 # hơi say màu hồng, 2 # Hoa hồng hoàng hôn, 3 # Quả hồng hoàng hôn, 4 # mười đ",CHUA_CO,,,
hologram,2,2,颜色,"Mẫu kinh điển nhãn vàng, Đen vàng, Toàn bộ màu trắng, Bạch kim, Hologram, Bạc, X",CHUA_CO,,,
hollow,2,1,颜色,"Rắn rỗng [mạ điện màu cam], Con rắn nhỏ rỗng [mạ điện bạc], Con rắn nhỏ rỗng [mạ",CHUA_CO,,,
holiday,2,2,花型,"Cụm hoa [100% cotton, thân thiện với da và thoáng khí], Xiancao [100% cotton Tân",CHUA_CO,,,
chocoal,2,1,包装规格,"160g bánh bao nhỏ (tổng cộng 8 miếng), 200g bánh bao nhỏ (tổng cộng 10 miếng), 4",CHUA_CO,,,
buckman,2,2,花型,"vương quốc rừng, đất lang thang, Thế giới vui nhộn xanh, phi hành gia, xe kỹ thu",CHUA_CO,,,
xianglan,2,2,生产厂家,Nhà máy trà Wuyishan Xianglan,CHUA_CO,,,
xiangjun,2,1,颜色,"Hộp quà lớn Xe đua kéo lùi Big G [509 hạt], Hộp quà lớn Bugatti xe đua [510 hạt]",CHUA_CO,,,
xiangjiang,2,2,包装规格,"Bánh quy nguyên hộp 72g [đóng gói riêng], Bánh quy vị Matcha hộp 72g [đóng gói r",CHUA_CO,,,
jing,2,1,产品规格,"Mặt nạ pha lê làm đầy collagen rong biển, Mặt nạ tảo biển pha lê Jing Shang Han ",GIU,,,
jinfu,2,2,包装规格,"Bộ bàn ăn 8 hương vị và 8 món [đề xuất để tiết kiệm chi phí], Bộ bát đĩa gồm 6 m",CHUA_CO,,,
jinfang,2,2,生产厂家,"An Huy Chuan Jinfang Health Industry Co., Ltd.",CHUA_CO,,,
jincu-ka,2,2,花型,"Tình yêu bướm, hương thơm bí mật, hoa, có mùi thơm, Phượng hoàng tìm kiếm phượng",CHUA_CO,,,
pianran-milk,2,2,花型,"Senman-Milk White [Bông loại A, an toàn khi ngủ khỏa thân], Duoduo - hồng nhạt [",CHUA_CO,,,
xianhao,2,1,包装规格,"XH8细绿显毫碧螺春2026年新茶——特细绿显毫浓香高回甘耐泡款, W1 Rizhao Yunwu Xiangzhengmei Trà Xanh 2026 Tr",CHUA_CO,,,
braun,2,2,包装规格,"勐海布朗山金针【自饮推荐】, Trân phẩm ủ 15 năm tại hầm rượu cổ [Được những người bạn trà lâu ",CHUA_CO,,,
braised,2,2,制作工艺,braised,CHUA_CO,,,
xiaohua,2,2,花型,"Flower Bear-Mx [Bông dày được mã hóa, thân thiện với làn da khi ngủ khỏa thân], ",CHUA_CO,,,
pineapple,2,2,包装规格,"Bộ bàn ăn 8 hương vị và 8 món [đề xuất để tiết kiệm chi phí], Bộ bát đĩa gồm 6 m",CHUA_CO,,,
jilian,2,2,产品规格,"Sữa rửa mặt óc chó Peptide nhỏ Han Jilian 947, Lưới tạo bọt",GIU,,,
jili,2,2,颜色,"I12 trọn bộ, Trọn bộ i11, Trọn bộ i9s, Trọn bộ Jie Li thế hệ thứ 2, Trọn bộ Jerr",CHUA_CO,,,
jihetang,2,2,广州协和冷敷贴,Quảng Châu Jihetang,CHUA_CO,,,
jiguangbao,2,1,规格,"Loại nén lạnh y tế [Trắng cổ điển] loại 5 miếng, Một loại [đầu tiên nhìn thấy mà",CHUA_CO,,,
piming,2,1,包装规格,"[Hộp quà gốm sứ Junzi Piming] Xiaoya Jinjunmei 250g*1 chiếc, [Hộp Quà Gốm Sứ Jun",CHUA_CO,,,
pingyin,2,1,包装规格,"Lựa chọn nhân tạo nụ hoa Pingyin 500g mỗi catty, Lựa chọn nhân tạo nụ hoa Phnom ",HANVIET,Bình Âm,,
chu-xanh,2,2,花型,"Cà phê Huaying-Light [100% Cotton Jacquard], Huagu [100% cotton jacquard], Hương",CHUA_CO,,,
chunxi,2,2,花型,"Bóng tối màu xanh, Bóng tối, Ailen Xanh, Paris Spring, Thời trang trẻ trung, màu",CHUA_CO,,,
universe,2,1,颜色,"[Màu xám titan] Họa tiết da voi, [Star Universe Blue] Họa tiết da voi, 【Cam Đan ",CHUA_CO,,,
qiusi,2,1,花型,"Qiusi màu xanh ô liu [thủ công dệt jacquard nhuộm sợi ba lớp 100% cotton], Lá ch",CHUA_CO,,,
hongrui,2,2,包装规格,"Hongrui Li 1020g (8 túi, 3 loại hạt), Tianxi Ruixiang 1285g (7 túi 3 hạt lớn), P",CHUA_CO,,,
qingcha,2,2,颜色,"Tình yêu đầu tiên Gardenia [1 chai], Hoa nhài tươi [1 chai], Quê hương Osmanthus",CHUA_CO,,,
qingwu,2,2,颜色,"[Xanh Qingwu] Cảm giác kim loại trần ★ Không dính dấu vân tay ★ Mờ siêu mỏng, [H",CHUA_CO,,,
qingwan,2,2,花型,"Locke Manor-Red [100% cotton, thân thiện với da, mềm mại và thoải mái], Chanson ",CHUA_CO,,,
qingtuan,2,2,生产厂家,Công ty TNHH Thực phẩm An Huy Qingtuan,CHUA_CO,,,
qingshui,2,2,颜色,"G01 # mùa hè mát mẻ, G02 # Trà Đen Băng ngọt, G03 # Dreamer Qingshui White Peach",CHUA_CO,,,
qingrun,2,2,产品规格,"KISSMWAH青少年积雪草氨基酸控油洗面奶100g, Whsa硫磺控油净澈洁面乳100g, KISSMWAH硫磺净颜控油洁面乳100g, Whsa蛇胆硫磺氨基",CHUA_CO,,,
qingqiaohuameng,2,2,花型,"Locke Manor-Red [100% cotton, thân thiện với da, mềm mại và thoải mái], Chanson ",CHUA_CO,,,
xiaolongya,2,1,包装规格,"A7纯芽翠芽绣花针2026年新茶——明前纯单芽高山20孔特细绿短绣花针芯子, B2小龙芽2026年新茶——圆竹高山特绿肥小纯芽芯, YZ4 khẩu phần ",CHUA_CO,,,
piece,2,2,产品规格,"Hộp Mặt nạ dưỡng ẩm đa tác dụng Tanya Tremella 25ml*5 miếng, Mặt nạ dưỡng ẩm đa ",CHUA_CO,,,
pick,2,1,颜色,"Màu gỗ 38cm, hướng dẫn miễn phí, Dây thay thế, Màu gỗ đào 38cm để gửi hướng dẫn,",CHUA_CO,,,
jieli,2,2,颜色,"021 Màu Đen mát mẻ [300 mAh/Jerry tiêu thụ điện năng thấp], 021 Màu xanh lá cây ",GIU,,,
highlight,2,2,腮红、高光,ptqxshna、ptshggs,GIU,,,
hokkaido,2,2,规格,"Vodka việt quất, Hũ sữa nướng, Câu cá hoa quả, Matcha Latte, Bạc hà mát lạnh, Đỉ",CHUA_CO,,,
hoa-xanh,2,2,花型,"Thỏ vườn mùa xuân, Mùa hoa, Hoa quả mùa hè, Họa tiết da báo đơn giản, Vườn hoa h",CHUA_CO,,,
qinse,2,2,花型,"Gió mùa xuân cách xa mười dặm, Tình yêu bất tận, Qinse thế kỷ, Whitehead cùng nh",CHUA_CO,,,
qiyu,2,1,花型,"(100% cotton nguyên chất cấp độ mẹ và bé, đã qua kiểm định chất lượng) Quy Chù H",CHUA_CO,,,
qiyi,2,1,产品名称,HEAIQI Qiyi Phấn Nở Lạnh Làm Săn Chắc Da + HEAIQI Qiyi Nước Pha Trộn Làm Sáng Da,GIU,,,
udong,2,1,包装规格,"Mùi phân vịt núi thấp, Thơm phân vịt Trung Sơn, Thơm phân vịt núi, Hương hoa lan",CHUA_CO,,,
xiaotaotao,2,2,花型,"Đang chờ [thân thiện với làn da và thoải mái, không vón cục, không phai màu], Hư",CHUA_CO,,,
jimmy,2,2,花型,"Bích Thành Xuân Nê, Trang điểm đậm hoặc nhẹ, Hoa Đài Dệt Mộng - Cà phê, Bột Lạc ",CHUA_CO,,,
jilinsa,2,2,产品规格,"Mặt nạ chống nhăn, làm săn chắc và đàn hồi Jilinsa 10 miếng/hộp, Mặt nạ chống nh",CHUA_CO,,,
phalaenopsis,2,2,花型,"Little Daisy [Loại A siêu mềm, ngủ khỏa thân], Aisha [Loại A siêu mềm, ngủ khỏa ",CHUA_CO,,,
peugeot,2,2,颜色,"Một miếng cản trước [vui lòng để lại tin nhắn khi đặt hàng các mẫu khác], Một mả",CHUA_CO,,,
qingliya,2,2,特妆产品名称,Mặt nạ làm trắng và chống tàn nhang Qingliya,CHUA_CO,,,
hongguan,2,2,生产厂家,Công ty TNHH Thực phẩm Hongguan (Phúc Kiến),CHUA_CO,,,
qingyang,2,2,颜色,"[Năng lượng mặt trời] Hương thơm xoay tròn ★ Loại bỏ aldehyd và khử mùi, [Rồng c",CHUA_CO,,,
us,2,2,是否跨境外贸,"Có, chúng tôi có đủ trình độ chuyên môn và có các chứng nhận quốc tế như EU CE, ",CHUA_CO,,,
qiuyu,2,1,颜色,"Star (bông kháng khuẩn có nguồn gốc thực vật), Moon (bông kháng khuẩn có nguồn g",CHUA_CO,,,
rabbit-dream,2,2,花型,"Magic Rabbit-Dream Purple [Hộp quà hoạt hình thêu bông dài Tân Cương 100S], Magi",CHUA_CO,,,
rabbit-blue,2,2,花型,"Cà phê anh đào cà phê, Gấu nhỏ họa tiết da báo, Thương hiệu thời thượng Xiaoxian",CHUA_CO,,,
quirky,2,2,花型,"Màu nhỏ tình yêu [nâng cấp nhung tuyết thân thiện với làn da nhung ấm áp], Edelw",CHUA_CO,,,
twin,2,1,产品规格,"Mặt nạ làm dịu và dễ chịu rong biển-Hộp 25ml × 5 miếng, Mặt nạ làm dịu và dễ chị",CHUA_CO,,,
chunya,2,1,花型,"Lớp bé loại A/Desha, Loại A trẻ sơ sinh/Qinglan Nuancui, Lớp bé loại A/Hyper Blu",CHUA_CO,,,
turtle,2,1,包装规格,"500 Đầu Trà Đại Hồng Bào Số 8 [Thành phần trà], 500g trà Đại Hồng Bào số 11 hươn",CHUA_CO,,,
tuocha,2,2,形状,Tuocha,HANVIET,Đà Trà,,
jinniya,2,1,产品规格,"Sữa rửa mặt Jinniya Salicylic Acid Oil Control Amino Acid 500g, Sữa rửa mặt Jiny",GIU,,,
jinmeng,2,2,花型,"Sweet Joy [Cấp độ ngủ khỏa thân dành cho bà mẹ và trẻ sơ sinh hạng A], Bazaar [C",CHUA_CO,,,
jinlan,2,2,花型,"';'; Mocha ';'; Jinlan, ';'; Ou Fan ';'; Lạc Đà Vàng, ';'; Khu vườn xinh đẹp'; '",CHUA_CO,,,
pentaphyllum,2,2,包装规格,"Cổ Xoắn xanh lam3, Tờ rơi Gynostemma pentaphyllum",THEO_CUM,,,
pentagram,2,2,颜色,"Cung cấp thiết bị đầu cuối, Dành riêng cho doanh nghiệp vi mô, Thả vận chuyển, k",CHUA_CO,,,
borosilicat,2,1,容量,"Lỗ SS 80ML borosilicat cao (ánh trăng trắng), Lỗ S 160ML borosilicat cao (ánh tr",GIU,,,
xiaokalong,2,2,颜色,"Rắn xanh nhỏ dài tay, Gấu sọc dài tay quý ông, gấu sọc dài tay, Gấu trắng dài ta",CHUA_CO,,,
qitian,2,1,颜色,"Vòng vàng kính thiên văn màu đỏ (một gói), Vòng vàng kính thiên văn màu bạc (một",CHUA_CO,,,
tuning,2,1,产品规格,"Bột mặt nạ làm sáng hoa hồng lãng mạn Han Ji 500g, Han Ji Romance Rose Brighteni",CHUA_CO,,,
helina,2,1,产品规格,"Mặt nạ huyết thanh GIK21 thế hệ thứ ba, Skin Future 377 Whitening Mask 5 miếng, ",CHUA_CO,,,
hi-fi,2,2,类型,"Mẫu tiêu chuẩn [mặc không cảm giác + chất lượng âm thanh Hi-Fi độ nét cao], Mô h",GIU,,,
heytea,2,1,包装规格,"1 lon Heytea Type A (chứa lá trà Dahongpao, có thông tin sản xuất), 1 lon Heytea",CHUA_CO,,,
hehe,2,2,包装规格,"Trà Tieguanyin thơm 500g mỗi pound, Huangkouxiang Tieguanyin số 1 mỗi catty 500g",CHUA_CO,,,
tulou,2,2,产品厂家厂址,"Tầng 3 và 4, Số 54 Tulou, Làng Tây Bình, Thị trấn Tây Bình, Huyện An Tây, Thành ",CHUA_CO,,,
cleaning,2,2,产品名称,Baizhentang Axit Amino Cleaning Oil Control Cleanser,CHUA_CO,,,
pechoin,2,2,产品名称,Bình làm sạch dưỡng ẩm Pechoin (Thế hệ mới),GIU,,,
jinhao,2,2,包装规格,"Kim vàng nhỏ 1 catty 90 nhân dân tệ vận chuyển số lượng lớn, Kim vàng lớn thông ",CHUA_CO,,,
perrin,2,2,花型,"Màu xanh tưởng tượng + màu xám đơn giản, Tím tưởng tượng + Công tước, Perrin Gre",CHUA_CO,,,
xiaosong,2,2,包装规格,"500g đầu trà thơm vịt số 9 [nguyên liệu pha trà], 500g đầu trà thơm vị vịt số 10",CHUA_CO,,,
xiaoshun,2,1,颜色,"Trắng 【Hoa 】, Đen 【Hoa 】, Trắng 【Xiaoshun】, Đen 【Xiaoshun】, Trắng 【Con mèo nhấp ",CHUA_CO,,,
bomb,2,2,颜色,"[Môi bóng đào Fantasy] J811 Quả nhân sâm, 【Son Gương Hoa Đào】L01 Đồng Cỏ, [Son m",CHUA_CO,,,
bounce,2,1,颜色,"Athens White [Thanh kéo rộng Bounce mới được nâng cấp], Bột thanh lịch [thanh ké",CHUA_CO,,,
qixia,2,2,花型,"Sweet Joy [Cấp độ ngủ khỏa thân dành cho bà mẹ và trẻ sơ sinh hạng A], Bazaar [C",CHUA_CO,,,
hip-hop,2,2,花型,"Lan Mạt [100% cotton chải kỹ, thân thiện với da, thoải mái ngủ trần], Gao Xidi [",GIU,,,
rainforest,2,2,包装规格,"Trà trắng Iceland 1 miếng, Ánh trăng trắng 1, Trà chín núi nâu 1 miếng, Fengqing",CHUA_CO,,,
treasures,2,2,包装规格,"(Phiên bản nâng cấp) Trà bảy kho báu Shayuanzi Cuscuta 30 túi, (Phiên bản nâng c",THEO_CUM,,,
travertine,2,2,颜色,"rượu vang đỏ, nâu, màu xanh lá cây, nâu sẫm, vàng, đen, travertine xanh, bạc, mà",CHUA_CO,,,
trumpet-con,2,1,颜色,"Cánh bướm nhỏ [mang theo pin của riêng bạn], Cánh bướm nhỏ [phiên bản pin], Cánh",CHUA_CO,,,
trotter,2,2,花型,"Oreo Kitten [Loại A dành cho bà mẹ và trẻ sơ sinh/thân thiện với làn da, mềm mại",CHUA_CO,,,
triple,2,2,颜色分类,"C309 ghi hình kép 1080P (ống kính trước + ống kính trong), C309 ba bản ghi 1080P",CHUA_CO,,,
jiuran,2,2,生产厂家,Công ty TNHH trà Vân Nam Jiuran,CHUA_CO,,,
jiuqu,2,1,包装规格,"【Tuyển Chọn Đặc Biệt】Trà Đen Osmanthus Jiuqu (Một Kilo, Hai Hộp) Kèm Túi Quà Tặn",CHUA_CO,,,
patin,2,2,颜色,"Bánh xe trượt băng màu trắng với màu tím/rắn chống sốc, Bánh xe màu trắng với mà",GIU,,,
pat,2,2,颜色,"Dao vỗ bằng thép không gỉ (bao bì hộp màu), Mô hình mạ điện (bao bì hộp màu), Da",CHUA_CO,,,
pastel,2,1,颜色,"A5-1 màu xanh lam mát mẻ, Màu cam A5-1, A5-1 Ben xám bạc, Màu trắng đậm A5-1, A5",CHUA_CO,,,
pemba,2,1,颜色,"A5-1 màu xanh lam mát mẻ, Màu cam A5-1, A5-1 Ben xám bạc, Màu trắng đậm A5-1, A5",CHUA_CO,,,
xiaoxue,2,1,包装规格,KK5 Juan Piao Yu Meng Piao Xue Ration Model 2026 New Tea - Hương thơm mạnh 3 hươ,CHUA_CO,,,
xiaoxiaole,2,2,净重（规格）,"[Hai mươi món ăn nhẹ tuổi thơ] 30 gói, [Hai mươi món ăn nhẹ tuổi thơ] 60 gói, [H",CHUA_CO,,,
bones,2,2,尺寸,"gói đơn, Thêm xương sao, Thêm Star Bones Puppy",CHUA_CO,,,
blue-with,2,1,颜色,"[Đen-có logo] Hiệu ứng động từ tính lỏng, [Cam có logo] Hiệu ứng động từ tính lỏ",CHUA_CO,,,
helili,2,2,包装规格,"Sáu loại trà (nhiều 750g), Hộp quà tặng năm loại trà nổi tiếng của Trung Quốc xi",CHUA_CO,,,
racing,2,1,颜色,"Phiên bản có thể sạc lại của Spray Racing (điều khiển từ xa 6 kênh), Xe địa hình",GIU,,,
rattle-single,2,1,颜色,"Gấu nâu [Mười bộ nhạc cụ lục lạc] Hộp màu Trung Quốc, Gấu nâu [Bộ sáu nhạc cụ lụ",CHUA_CO,,,
cluster,2,2,包装规格,"Bánh trà hỗn hợp 500g, khoảng 90 miếng, Trà Pu-erh Thô, 500g, Khoảng 90 Lá., Trà",CHUA_CO,,,
clover,2,2,产品规格,Sữa rửa mặt Clover 300g2,CHUA_CO,,,
xil,2,2,花型,"Huang Xiaoge [Không có bóng-không thu nhỏ-không phai màu], Lưới lớn màu xám đơn ",CHUA_CO,,,
xihuan,2,1,颜色,"Ôm Gấu 19 [Bốn Mùa], Ôm Gấu 21 [Bốn Mùa], Ôm Gấu 25 [Bốn Mùa], Ôm Gấu 19 [Phong ",CHUA_CO,,,
job's,2,2,茶种类,Trà Đậu Đỏ và Trà Giọt Lệ Job's Tears,CHUA_CO,,,
paratu,2,2,花型,"Thỏ Peter [Loại A dành cho mẹ và bé], Màu tím đầu hè [Loại A, cấp độ an toàn cho",CHUA_CO,,,
paw,2,2,花型,"Thỏ Hoa Nhài [Cotton 100% cho Mẹ và Bé], [100 bông dành cho bà mẹ và trẻ sơ sinh",CHUA_CO,,,
pavilion,2,2,颜色,"Nhà trên cây mộc mạc MZ-322 (721 miếng), [Phiên bản chiếu sáng] Nhà trên cây đồn",CHUA_CO,,,
patrol,2,2,花型,"Thỏ Hoa Nhài [Cotton 100% cho Mẹ và Bé], [100 bông dành cho bà mẹ và trẻ sơ sinh",CHUA_CO,,,
jinxiu,2,2,包装规格,"Trà Tốt, Quà Tốt: Bốn Loại Trà Nổi Tiếng, He Li Shuang Dou Bốn loại trà nổi tiến",CHUA_CO,,,
quanya,2,2,产品规格,"[Boquanya] Mặt nạ dưỡng ẩm Cucumber Centella Cedar 25 g/miếng, [Boquanya] Mặt nạ",CHUA_CO,,,
quadi,2,2,产品名称,Mặt Nạ Dưỡng Ẩm và Kiểm Soát Dầu Quadi Kinetic Support Youth,GIU,,,
ralink,2,1,规格尺寸,"Senna/Grevia/Grevia, Toyota CHR/Yize, Toyota Ralink/Corolla/Sư tử châu Á/Ling Sh",CHUA_CO,,,
harajuku,2,2,风格,Harajuku,GIU,,,
happi,2,1,花型,"Lan Mạt [100% cotton chải kỹ, thân thiện với da, thoải mái ngủ trần], Gao Xidi [",CHUA_CO,,,
hd-mobile,2,1,规格尺寸,"Phiên bản HD-Internet APP di động không có thẻ, Phiên bản HD-Mobile APP Internet",CHUA_CO,,,
cockatiel,2,1,颜色,"Sáu cửa hàng trong mơ của K364-369, K478-K483 Cửa Hàng Xem Đường Hai Lớp - Sáu K",CHUA_CO,,,
cobalt,2,2,颜色,"[Bộ nút camera đa năng] Silicone lỏng thật [Xanh da trời], [Bộ nút camera đa năn",CHUA_CO,,,
collage,2,1,颜色,"Rain or Shine Diary Blue [Khuyến nghị], Green Smiley Hi [Được đề xuất], Gấu Kahi",CHUA_CO,,,
trang-sky,2,2,花型,"Bột đậu nhạt màu xám than chì [100% cotton mềm mại và thoải mái], Micamel Mocha ",CHUA_CO,,,
jizhi,2,1,包装规格,"Fortune Ying Jin Jun Mei 18 lon nhỏ mỗi hộp 250g, Fortune Orange Jin Junmei 18 l",CHUA_CO,,,
jumei,2,2,产品名称,Bánh mousse làm sạch axit amin Jumei Hanxi,CHUA_CO,,,
juliet,2,2,花型,"Phấn Úc - Loại A 100% cotton, vải xô hai lớp siêu mềm, Chó Dachshund - Loại A 10",CHUA_CO,,,
jukang,2,2,生产厂家,Công ty TNHH Thực phẩm Hà Bắc Jukang,CHUA_CO,,,
ju,2,2,颜色,"Ngôi sao Tài lộc [Single Shell], Fuqi Cailu [vỏ đơn], Người Yêu Màu Hồng [Vỏ Đơn",GIU,,,
jogger,2,1,颜色,"TZ0249 # Bộ đồ chó táo màu xám, TZ0249 # Bộ đồ chó Teddy màu xám, TZ0237 # Bộ bá",GIU,,,
xiaoxiao,2,1,净重（规格）,"[Ba mươi loại] 120 gói, [Ba mươi loại] 90 gói, [Ba mươi loại] 60 gói, Zhou Chang",CHUA_CO,,,
xiaoxiangfeng,2,2,颜色,"Hộp Baina màu be [24L], Hộp Baina màu be [66L], Hộp Baina màu be [100L], Hộp Bai",THAY,phong cách Chanel,,
hazel,2,2,成分,phù thủy hazel,CHUA_CO,,,
kady,2,2,生产厂家,Công ty TNHH công nghệ thực phẩm Kady Quảng Đông,CHUA_CO,,,
parasol-titan,2,1,尺寸,"Parasol-titan bạc cỡ lớn 140*80cm (chính hãng và chính hãng), Parasol-titan bạc ",CHUA_CO,,,
papaya,2,2,产品规格,Sữa rửa mặt làm sạch và dưỡng ẩm Papaya (Mới) 100g,CHUA_CO,,,
bobi,2,2,花型,"Sweet Joy [Mềm mại thân thiện với da - Không xù lông], Bạt [Mềm mại thân thiện v",CHUA_CO,,,
bluexun,2,1,颜色,"Jerry 6973 thế hệ thứ 2 đầy đủ tính năng, đổi tên và định vị + phát hiện trong t",CHUA_CO,,,
xingdou,2,2,颜色,"Sáu cửa hàng trong mơ của K364-369, K478-K483 Cửa Hàng Xem Đường Hai Lớp - Sáu K",CHUA_CO,,,
xingchen,2,2,花型,"Yêu em gấu [100% cotton/thân thiện với làn da và mềm mại/phù hợp với học sinh], ",CHUA_CO,,,
jujube,2,1,包装规格,"[Mẫu nâng cấp] Trà thơm đôi nhân sâm Cistanche deserticola Eucommiaxiong 15g, [M",CHUA_CO,,,
juexiu,2,2,生产厂家,"Côn Minh Juexiu Tea Co., Ltd.",CHUA_CO,,,
jue,2,2,包装规格,"桂花乌龙茶（3克X15包）, Hoa nhài tuyệt đối (gói 3g x 15), Cam Xanh Pu'er (3g x 15 gói), Ô",CHUA_CO,,,
junxingtang,2,2,生产厂家,Công ty TNHH Dược phẩm An Huy Junxingtang,CHUA_CO,,,
pasha,2,2,包装规格,"Trà thơm dẻo: 108g/6g * 18 tuo/hộp, Trà nấu ngọt: 126g/7g * 18 bánh/hộp, Trà nấu",CHUA_CO,,,
pasaidao,2,1,颜色,"A5-1 màu xanh lam mát mẻ, Màu cam A5-1, A5-1 Ben xám bạc, Màu trắng đậm A5-1, A5",CHUA_CO,,,
partner,2,2,花型,"Hoa nhẹ nhàng [100% cotton hai mặt], Avril Lavigne [100% cotton hai mặt], Khủng ",CHUA_CO,,,
jizhong,2,2,生产厂家,Công ty TNHH Công nghiệp Sức khỏe Jizhong An Huy,CHUA_CO,,,
clove,2,2,包装规格,"Trà Nhân Sâm Năm Quý [5g x 30 túi]/túi, Trà Nhân Sâm Liubao [5g x 30 túi]/túi, T",CHUA_CO,,,
kaimo,2,1,产品规格,Mặt nạ dưỡng axit Hyaluronic Kaimo Binna một mảnh,GIU,,,
trang-retro,2,2,花型,"Bột đậu nhạt màu xám than chì [100% cotton mềm mại và thoải mái], Micamel Mocha ",CHUA_CO,,,
triacetate,2,1,主面料成分,Sợi triacetate (triacetate),CHUA_CO,,,
refresh,2,1,颜色,"Bộ 2 dải ốp bậc cửa trước chữ Y [Đúc PP - Vân sợi carbon], Bộ 2 miếng bảo vệ bệ ",CHUA_CO,,,
harry,2,2,颜色,"màu đen cùng màu, dây kéo màu đen bạc, ống kính vạn hoa, đá xanh, Màu xanh đậm c",CHUA_CO,,,
harpdog,2,1,颜色,"Màu trắng, Màu nâu chó, [White Harpdog Brown Harpdog] Một cặp",CHUA_CO,,,
harmonica,2,1,产品类别,Harmonica/harmonica/máy ghi âm,GIU,,,
harem,2,2,款式,Quần harem,GIU,,,
ren-hoa,2,2,颜色,"HBBX01-chip áo vest ren chữ, HBBX02-Áo ren tình yêu vui tươi, HBBX03-Áo ren-Magi",CHUA_CO,,,
concord,2,2,广州协和冷敷贴,Quảng Châu Jihetang,CHUA_CO,,,
complex,2,2,产品名称,Sữa Rửa Mặt Renrenhe Ingenious Plant Complex Purifying,CHUA_CO,,,
companion,2,1,花型,"Ren dập nổi-Kumakoyu Tingfeng [Đi qua mùa đông cùng bạn-nhung], Ren dập nổi - Ic",CHUA_CO,,,
panax,2,2,分区比例,Phân vùng Panax Notoginseng,CHUA_CO,,,
palm,2,2,花型,Shuangpan-Moka Brown Land Brown [Mẫu bốn mùa] Loại A dành cho bà mẹ và trẻ sơ si,GIU,,,
junfeng,2,1,包装规格,"Hoa nhài tuyết 100g, Hoa nhài tuyết 250g, Tuyết hoa nhài 250g/can, Hoa nhài tuyế",CHUA_CO,,,
kage,2,2,花型,"Lanhuang Xiaoge, Mi Xiaoge, lưới màu xanh nhạt, lưới xanh1, lưới nghệ, Lưới kem ",CHUA_CO,,,
commando,2,2,颜色,"Súng bắn đạn mềm trận đấu hỏa lực 621-104, Súng ném vỏ chương trình không gian 2",CHUA_CO,,,
toyama,2,2,花型,"Danh mục A-Vanilla Blue [Khuyến nghị hấp dẫn], Danh mục A-Flowing White [Khuyến ",CHUA_CO,,,
transparent,2,1,颜色,"Thương hiệu hợp thời trang Transparent Black-3281 [Biểu tượng móc], Thương hiệu ",GIU,,,
translucent,2,2,产品规格,Mặt nạ chăm sóc đặc biệt Winona Soothing Moisturizing 6 miếng (một miếng không h,CHUA_CO,,,
transforming,2,1,颜色,"Cơ chế biến dạng [kiểu ngẫu nhiên], Mecha War League [Hộp quà], Mecha Alliance [",CHUA_CO,,,
haoshun,2,1,颜色分类,"Chất tẩy rửa bọt vàng Haoshun (650ML), Chất tẩy rửa bọt trắng Haoshun (450ML)",GIU,,,
haoshi,2,2,生产厂家,"Sơn Đông Haoshi Food Co., Ltd.",CHUA_CO,,,
haoqiacun,2,2,生产厂家,Công ty TNHH Thực phẩm Hồ Nam Haoqiacun,CHUA_CO,,,
remover,2,2,产品规格,"Đặt mua 2 chai sữa rửa mặt và được giảm giá, Đặt mua 3 chai sữa rửa mặt và được ",CHUA_CO,,,
rejuvenation,2,2,产品规格,"Mặt nạ dưỡng da rạng rỡ số 1 225G (mặt nạ Keyun*lan số 8 được khắc lại), Mặt nạ ",CHUA_CO,,,
xingmang,2,2,花型,"Yining (mềm mại, thân thiện với da - có thể ngủ không cần mặc - không xù lông), ",CHUA_CO,,,
blue-shuanghua,2,2,花型,(Khuyên dùng cho xương sườn) Gypsophila Purple-Dawn Silver [100% Tencel Silky Na,CHUA_CO,,,
blue-phong,2,2,颜色,"Mười bảo vệ góc thép bao bọc chống nén tối cao-màu đen quý phái, Mười bảo vệ góc",CHUA_CO,,,
xinmingxiang,2,1,包装规格,"Xinmingxiang véo nửa cân và lấy một lon (khu vực sản xuất cốt lõi, hương hoa dàn",CHUA_CO,,,
kaji,2,2,风格,Ami Kaji,CHUA_CO,,,
kaimo-hyaluronic,2,1,产品规格,"Mặt nạ dưỡng ẩm và làm sáng da Kaimo-Hyaluronic acid 28g/cái, Mặt nạ làm sáng da",CHUA_CO,,,
ousiyun,2,2,产品规格,Sữa rửa mặt làm trắng và chống tàn nhang Ousiyun (377+577 kiểu) 500ml,CHUA_CO,,,
xinyue,2,2,生产厂家,Nhà trà Xinyue,CHUA_CO,,,
birantang,2,2,产品名称,Mặt nạ dưỡng ẩm hoa trà Birantang,GIU,,,
xixi,2,2,花型,"Bộ chăn ga gối cotton sợi dài - Xám đêm (Mẫu bốn mùa), Bộ chăn ga gối cotton sợi",GIU,,,
xiuben,2,2,生产厂家,Công ty TNHH Công nghiệp Trà Xiuben Túc Châu Centennial,GIU,,,
kaimiao,2,2,产品名称,Mặt nạ dưỡng trắng da dạng bột đông khô axit hyaluronic Kaimiao (công thức nâng ,CHUA_CO,,,
kaidimao,2,2,花型,"West Highland [Chất lượng loại A, thân thiện với da, thoải mái khi ngủ], Thỏ vườ",CHUA_CO,,,
kaidi,2,2,花型,"Bánh ngọt Ngọt Ngào Gé Gé - Đỏ [Vải satin sợi dài], Bánh ngọt Ngọt Ngào Gé Gé - ",CHUA_CO,,,
kalan,2,2,颜色,"Màu đen huyền bí, Xám không gian đậm, Màu cà phê quyến rũ, Hoa anh đào, Ma Kalan",CHUA_CO,,,
oubia,2,2,花型,"Lá Bạch Quả - Xanh Dương [Loại A, cấp độ mẹ và bé], Chanh xanh bạc hà [Loại A dà",CHUA_CO,,,
bitter,2,2,包装规格,"Trà Nhân Sâm Năm Quý [5g x 30 túi]/túi, Trà Nhân Sâm Liubao [5g x 30 túi]/túi, T",CHUA_CO,,,
xingyun,2,2,颜色,"CP190-101 # Good Xingyun, CP190-102 # Yakli, CP190-103 # nhung hồng",CHUA_CO,,,
xiping,2,2,福建省泉州市核心产地,"Xiping, Huqiu, Xianghua, Gande, Jiandou, Changkeng (Changqing), Longjuan, Hutou,",CHUA_CO,,,
xingxi,2,2,老白茶部分原料产地,"Trà trắng Phúc Đỉnh tươi, thơm và mềm: Nodou, Taimushan, Bailin, Guanyang, Panxi",CHUA_CO,,,
xingwu,2,1,颜色,"0009C-Anh hùng vũ trụ, 0009D-Anh hùng vũ trụ, Bộ mặt nạ siêu nhân 6055, 209-22- ",CHUA_CO,,,
communication,2,2,生产厂家,"Yunnan Kaiming Ancient Rhyme Culture Communication Co., Ltd.",CHUA_CO,,,
xizhi,2,2,产品名称,Mặt nạ dưỡng ẩm axit hyaluronic MINSHZEE Ming Xizhi,GIU,,,
half,2,2,花型,"Tea Master [100% cotton nguyên chất, một giả sẽ bị phạt mười], Giỏ dã ngoại [100",GIU,,,
hanxi,2,2,产品名称,Bánh mousse làm sạch axit amin Jumei Hanxi,CHUA_CO,,,
hanlu,2,1,包装规格,Trầm hương táo tàu 2015 bánh trà trắng cũ 10g mẫu trà khuyến nghị chính đơn giá ,CHUA_CO,,,
constellation,2,2,颜色,"[Thỏ hoa Khaki] Bộ đồ cotton lưng cao bảo bụng, [Hoa hồng] Bộ đồ cotton bảo vệ b",CHUA_CO,,,
tou,2,2,产品名称,Sữa Rửa Mặt Bùn Tuyết Lan Ji Mei An Ji Qing Tou,THEO_CUM,,,
tot,2,1,颜色,"Màu hồng tot nb, Màu đen tot Nb",CHUA_CO,,,
trang-m,2,2,颜色,"0171. Hộp vuông màu trắng-1 cái nhỏ có thể xếp chồng lên nhau, 0172. Hộp vuông t",CHUA_CO,,,
trang-little,2,2,颜色,"0171. Hộp vuông màu trắng-1 cái nhỏ có thể xếp chồng lên nhau, 0172. Hộp vuông t",CHUA_CO,,,
trail,2,2,包装规格,"Hộp Quà Hươu Jin Junmei 18 Hũ Nhỏ 250g, Hộp quà Trung Thu: 18 lon Trà đen Jin Ju",GIU,,,
trai-hoa,2,2,颜色,"Dây kéo tươi nhỏ màu trắng sữa, Space black-khóa kéo tươi nhỏ, Bầu trời xanh-khó",CHUA_CO,,,
order,2,2,颜色,"100 Bột Xám (Bột Xám Lạnh), [Đã được hàng ngàn người mua lại] Son bóng dạng thỏi",CHUA_CO,,,
orange-kaki,2,2,花型,Màu xanh lam đá sạc-xanh lam tiếng Phạn [thích hợp để ngủ khỏa thân mà không bị ,CHUA_CO,,,
orang,2,1,颜色,"[6 mẫu xe ngẫu nhiên 1] xe thể thao hai cửa, [Đỏ] SF90-Đóng gói, [Vàng] SF90-Đón",CHUA_CO,,,
karen,2,2,产品规格,"Kim vi tảo biển thêu Kain (12 lần), Mặt nạ thêu Kain, Cá hồi thêu Kain, Mặt nạ a",CHUA_CO,,,
overlord,2,2,净重（规格）,"[Ba mươi loại] 120 gói, [Ba mươi loại] 90 gói, [Ba mươi loại] 60 gói, Zhou Chang",CHUA_CO,,,
oppe,2,2,产品名称,Sữa rửa mặt nam O'KADY Oppe Amino Acid Sea Salt,GIU,,,
kapi,2,2,花型,"Bi Han + Biển Hoa Fangfei [Bộ bốn món nhung sữa có trọng lượng cao], Beihan + Ng",CHUA_CO,,,
bicheng,2,2,花型,"Cỏ yên tĩnh, Ngôi sao may mắn-Xanh, Tranh trẻ em, Bột làm vườn vui vẻ ngộ nghĩnh",CHUA_CO,,,
xiyan,2,2,花型,"Cụm hoa [100% cotton, thân thiện với da và thoáng khí], Xiancao [100% cotton Tân",CHUA_CO,,,
xixiangyuan,2,2,生产厂家,Công ty TNHH Công nghệ sinh học Phúc Kiến Xixiangyuan,CHUA_CO,,,
xueya,2,1,包装规格,"2026 Mingqian (10# Snow Bud Maojian) - Số lượng lớn 500g, 2026 Mingqian (2# Xuey",CHUA_CO,,,
xueqing,2,1,包装规格,"Xanh tuyết 2-C, Trà thơm, Trà thơm số 1, Xanh tuyết A-9, Tuyết Xanh B-5, Tuyết Q",CHUA_CO,,,
xuefeng,2,1,颜色,"Phiên bản tiêu chuẩn của Cloud Ink Black * 24 giờ, Phiên bản tiêu chuẩn Xuefeng ",CHUA_CO,,,
kangte,2,1,产品规格,Hộp băng keo sửa chữa Chuangfukang Collagen 5 miếng [có thể kiểm tra chống hàng ,CHUA_CO,,,
kauf-bentley,2,2,花型,"Kauf-Bentley màu xanh, Kauf-Xám cao cấp, Kaufu-xanh biển + tro núi, Kaufu-xanh x",CHUA_CO,,,
katherine,2,2,花型,"Katherine [Không xù lông/Phai màu, Không tĩnh điện], Robin [không xù lông/pha mà",CHUA_CO,,,
ong-trunk,2,2,颜色,"886-Cloud Milky White-THÂN, 886-Mực Xám Đá-TRUNK, 886-Bột béo đào-TRUNK, 886-Gạo",CHUA_CO,,,
orff,2,1,颜色,"Bộ 9 nhạc cụ giáo dục sớm (mẫu gỗ dẻ gai), Bộ 8 nhạc cụ giáo dục sớm (mẫu gỗ lộc",GIU,,,
xishi,2,1,包装规格,"喜糖试吃全店随便选, Kẹo cứng hương đào trắng Hongyuan 500g, khoảng 120 miếng, Kẹo sữa Wan",CHUA_CO,,,
xiqia,2,2,净重（规格）,"[Hai mươi món ăn nhẹ tuổi thơ] 30 gói, [Hai mươi món ăn nhẹ tuổi thơ] 60 gói, [H",CHUA_CO,,,
xuan-xanh,2,1,花型,"Hoa mùa xuan-xanh [Từ chối cái nóng và mềm mượt, ngủ khỏa thân và thoát mồ hôi],",CHUA_CO,,,
bi-a,2,2,颜色,"772-122兔兔收纳包, 772-140酷乐猫诊所板装, 603-1 Đồ chơi ăn sáng bổ dưỡng, Bếp nhỏ ngon 603-1",CHUA_CO,,,
beta-carotene,2,2,原料与配料,"Thành phần: Bột mì, Đường trắng, Dầu thực vật, Glucose ăn được, Maltodextrin, Tr",CHUA_CO,,,
yali,2,2,生产厂家,Trà Yali Baihua,CHUA_CO,,,
resurrection,2,2,产品名称,Mặt nạ dưỡng ẩm & trẻ hóa da Rong Qingcheng Resurrection Grass,THEO_CUM,,,
restructured,2,2,产品规格,"Mousse làm sạch hoa trà Zhengcai Amino Acid 300ml, Viên nén làm sạch axit amin Z",CHUA_CO,,,
resources,2,2,产品规格,"Mặt nạ làm săn chắc da Collagen Good Night (5g x 20 miếng/hộp), Mặt nạ làm mờ nư",CHUA_CO,,,
haiqing-bentley,2,2,花型,Màu xanh lam đá sạc-xanh lam tiếng Phạn [thích hợp để ngủ khỏa thân mà không bị ,CHUA_CO,,,
hana,2,1,产品规格,"Sữa rửa mặt in hoa, Sữa Rửa Mặt Hana Ume Sake 120g, Sữa Rửa Mặt Bọt Mịn Huayin 1",GIU,,,
rhubarb,2,1,颜色,"Màu đen (khóa vàng), Màu xám voi (khóa vàng), Kaki (khóa vàng), Màu tím (khóa và",CHUA_CO,,,
rhodiola,2,2,产品规格,"Sữa rửa mặt thực vật Net, Nước bifid, sữa bifid, Nang tóc-dầu gội đầu, Mặt nạ dư",CHUA_CO,,,
congcaoji,2,2,花型,"Flower Bear-Mx [Bông dày được mã hóa, thân thiện với làn da khi ngủ khỏa thân], ",CHUA_CO,,,
cordyceps,2,2,包装规格,"Trà rễ súng vàng bổ dưỡng Wanming (100g, 20 gói chai vuông nắp vàng), Trà đen ca",CHUA_CO,,,
keluili,2,2,花型,"Năm hoa nở - Màu Champagne [Vải dệt jacquard 100% cotton, mềm mại, thân thiện vớ",CHUA_CO,,,
keel,2,2,规格,"92cm AWM (hộp màu), 92cm AWM (hộp có cửa sổ), 84cm 98K (hộp màu), 84cm 98K (hộp ",CHUA_CO,,,
olan,2,2,颜色,"A5-1 màu xanh lam mát mẻ, Màu cam A5-1, A5-1 Ben xám bạc, Màu trắng đậm A5-1, A5",CHUA_CO,,,
oktoberfest,2,1,颜色,"2122 Bayern sân khách, 2122 Phiên bản lễ hội bia Bayern, 2122 Bayern trên sân nh",CHUA_CO,,,
ripple,2,2,花型,"Jensen-Yellow (Thiết kế viền vỏ chải dày bằng cotton loại A), Jensen-Pink (Thiết",CHUA_CO,,,
guoaotang,2,2,生产厂家,Công ty TNHH Công nghiệp Y tế An Huy Guoaotang,CHUA_CO,,,
rina,2,1,花型,"Reina màu trắng sữa/xanh nước biển, đã kiểm định chất lượng, cotton nguyên chất ",GIU,,,
courtyard,2,2,产品规格,"30g [hai loại ngẫu nhiên] sữa dưỡng thể, 60g [Axit amin] Sữa rửa mặt, 500g [Bong",CHUA_CO,,,
convertible,2,1,颜色,"[6 mẫu xe ngẫu nhiên 1] xe thể thao hai cửa, [Đỏ] SF90-Đóng gói, [Vàng] SF90-Đón",CHUA_CO,,,
hachimi,2,1,颜色,"Bộ đồ liền thân Hachimi màu xám hoa (cài chéo), Bộ 4 món đồ liền thân Hachimi mà",CHUA_CO,,,
haiyu,2,1,花型,"Tình yêu Baroque, Epson, Sáng ngời nhàn nhã, Tina, Haiyu Dream-Blue Grey, Haiyu ",CHUA_CO,,,
haiqingshan,2,1,花型,"Xám trung bình xám nhạt [Tân Cương cotton thân thiện với làn da và mềm mại], Xám",CHUA_CO,,,
rhapsody,2,2,颜色,"Sáu cửa hàng trong mơ của K364-369, K478-K483 Cửa Hàng Xem Đường Hai Lớp - Sáu K",CHUA_CO,,,
risuli,2,2,产品名称,Mặt nạ dưỡng ẩm làm dịu da LESULESO Risuli Susixuecao,CHUA_CO,,,
cotton-sleeping,2,1,花型,"Fange - Sọc Xanh Trắng [100% Cotton - Siêu Mềm Mại, Thoải Mái Khi Ngủ], Sketch -",CHUA_CO,,,
cotton-cherry,2,2,花型,"Tranh sơn dầu biển bông, Không-Chupu, Bông-trà gấu, Phô mai cotton-kem (m), Cott",CHUA_CO,,,
keshan,2,1,包装规格,"500g Trà Ô Long Tieguanyin Thơm Ngát, Hạng 7.5 [Nguyên Liệu Pha Trà Điện Tử], 50",CHUA_CO,,,
kernel,2,1,包装规格,"[Mẫu nâng cấp] Trà thơm đôi nhân sâm Cistanche deserticola Eucommiaxiong 15g, [M",CHUA_CO,,,
ona'jungle,2,2,产品名称,ONA'JUNGLE O'Nai Jungle Mặt nạ dưỡng ẩm Oligopeptide Collagen,CHUA_CO,,,
xylophone,2,1,颜色,"【Gõ đàn 8 âm Gấu Con】Đàn và trống 2 trong 1, (Mẫu mới) Hộp màu [Đàn cầu vồng - T",CHUA_CO,,,
berg,2,2,花型,"Cỏ tiên, Gấu Padin, Điều ước của trái tim, Vườn nhàn nhã, Chiến đấu điểm sóng, T",CHUA_CO,,,
yamano,2,2,花型,"Baifu Blue [Sợi hai lớp thân thiện với da ren cotton kiểu Pháp], Bạc hà hơi mát ",CHUA_CO,,,
yamaichi,2,2,产品厂家厂名,Công ty TNHH phát triển văn hóa trà Wuyi Yamaichi.,CHUA_CO,,,
yanxiang,2,2,包装规格,"Dahongpao PVC đóng hộp 25 gói, Tự uống sản phẩm mới đặc biệt (Yanxiang) Dahongpa",CHUA_CO,,,
yanshushi,2,1,产品规格,"Astaxanthin, Centella asiatica, rau diếp biển, Đá lạnh đậm đà, Loại ứng dụng Fuy",CHUA_CO,,,
official,2,2,颜色,[Phiên bản hàng đầu Air7 chính thức] Giảm tiếng ồn tiêu chuẩn Mic đơn ★ Âm thanh,CHUA_CO,,,
kengjian,2,1,包装规格,"Nước hoa phong lan Zhilan Yushu cổ tích (8,5g * 2 bong bóng), Có hoặc không có h",CHUA_CO,,,
kissaki,2,1,包装规格,"Weilong Konjac Shuang 15+3g trộn ngẫu nhiên nhiều vị 20 gói không hộp, Weilong K",CHUA_CO,,,
kirishima,2,1,花型,"Bốn Mùa [Thêu Tinh Xảo 100S] Nhẹ Nhàng Như Ánh Sáng - Tím Mộng Mơ, Four Seasons ",CHUA_CO,,,
keck,2,1,颜色,"A5-1 màu xanh lam mát mẻ, Màu cam A5-1, A5-1 Ben xám bạc, Màu trắng đậm A5-1, A5",CHUA_CO,,,
kaufu-xanh,2,1,花型,"Kauf-Bentley màu xanh, Kauf-Xám cao cấp, Kaufu-xanh biển + tro núi, Kaufu-xanh x",CHUA_CO,,,
yage,2,2,包装规格,"1 gói túi bong bóng nhỏ cho mỗi kiểu dáng, (10 gói) Bộ sưu tập-Dahongpao, (10 gó",CHUA_CO,,,
yangshan,2,2,产品厂家厂址,"Làng Yangshan, thị trấn Gande, huyện Anxi",CHUA_CO,,,
bibi,2,2,颜色,"Áo khoác bướm Bibi gấu (có khăn thấm nước bọt), Quần áo bướm bằng len cotton thế",GIU,,,
biba,2,2,产品规格,"25ml * 5 miếng (mặt nạ), 50g/chai (kem trị tàn nhang), 2ml * 10 que/hộp (ném nhỏ",GIU,,,
tourmaline,2,1,颜色,"Đen than chì [Bộ bản lề lò xo da cừu-Bạc-HD], Xám nhạt [Bộ bản lề lò xo da cừu-B",CHUA_CO,,,
beidou,2,2,包装规格,"Trọng lượng mẫu khoảng [30g], [Carbon nướng Dahongpao] Đơn giá 40 nhân dân tệ, [",CHUA_CO,,,
yanmei,2,2,产品名称,Mặt nạ ngủ làm săn chắc da trà đen Dr. Yanmei Rose,GIU,,,
guru,2,1,规格,"Mô hình phát sáng [khủng long nhỏ], Mô hình phát sáng [Gấu trúc khổng lồ dễ thươ",CHUA_CO,,,
guosy,2,1,包装规格,"Hoa nở phú quý (đỏ)-Zhengshan Xiaosang 250g, Lapsang Souchong 50 túi hộp quà 250",CHUA_CO,,,
guohong,2,1,净重（规格）,"[Ba mươi loại] 120 gói, [Ba mươi loại] 90 gói, [Ba mươi loại] 60 gói, Zhou Chang",CHUA_CO,,,
guoguo,2,2,颜色,"Khủng long Lele, gấu chim cánh cụt, gấu khăn quàng cổ, Chú chó con Duoduo, Gấu t",CHUA_CO,,,
robin,2,2,花型,"Katherine [Không xù lông/Phai màu, Không tĩnh điện], Robin [không xù lông/pha mà",CHUA_CO,,,
roaming,2,2,颜色,"100 Bột Xám (Bột Xám Lạnh), [Đã được hàng ngàn người mua lại] Son bóng dạng thỏi",CHUA_CO,,,
rona,2,2,花型,"Benny Dog [mô hình bà mẹ và trẻ sơ sinh được nâng cấp 7A], KT Meow [mẫu mẹ và bé",CHUA_CO,,,
crinkle,2,1,花型,"Muối biển ca cao-ym, Hoa nhài trà trắng-ym, Mây bùn khoai môn-ym, Sữa dày Zhizhi",CHUA_CO,,,
creeper,2,1,规格,"2kg Cát tinh khiết - Hồng, 2kg Xanh Cát Tinh Khiết2, 2kg Cát Tinh Khiết-Tím, 2kg",CHUA_CO,,,
creation,2,1,包装规格,500g thực thể thương mại điện tử hương hoa lan hút ẩm mùi vị vịt trà nguyên chất,CHUA_CO,,,
bebelia,2,2,花型,"Lan Mạt [100% cotton chải kỹ, thân thiện với da, thoải mái ngủ trần], Gao Xidi [",CHUA_CO,,,
kezi,2,1,包装规格,"喜糖试吃全店随便选, Kẹo cứng hương đào trắng Hongyuan 500g, khoảng 120 miếng, Kẹo sữa Wan",CHUA_CO,,,
officinale,2,2,包装规格,"Trà rễ súng vàng bổ dưỡng Wanming (100g, 20 gói chai vuông nắp vàng), Trà đen ca",CHUA_CO,,,
berry-grey,2,2,花型,"Xám đá [100% Tencel ngủ khỏa thân], Gypsophila Purple-Dawn Silver [100% Tencel n",CHUA_CO,,,
guanyang,2,2,老白茶部分原料产地,"Trà trắng Phúc Đỉnh tươi, thơm và mềm: Nodou, Taimushan, Bailin, Guanyang, Panxi",CHUA_CO,,,
guniujiangmaofeng,2,1,包装规格,Son môi Lihua Golden Needle số 1 (Thu hoạch đầu núi cao ở khu vực sản xuất cốt l,CHUA_CO,,,
gummy,2,2,花型,"Yêu em gấu [100% cotton/thân thiện với làn da và mềm mại/phù hợp với học sinh], ",CHUA_CO,,,
gulu,2,1,颜色,"Bộ liền thân ngựa con màu xám mousse 1 chiếc, Bộ 3 áo liền quần ngựa con màu xám",CHUA_CO,,,
rola,2,2,花型,"Cỏ tiên, Gấu Padin, Điều ước của trái tim, Vườn nhàn nhã, Chiến đấu điểm sóng, T",CHUA_CO,,,
tinware,2,1,颜色,"Màu đen (khóa vàng), Màu xám voi (khóa vàng), Kaki (khóa vàng), Màu tím (khóa và",CHUA_CO,,,
tinker,2,2,形象,Tinker Bell,CHUA_CO,,,
cui-ka,2,2,花型,"Giữa hè [80 miếng có trọng lượng cao], Indigo Naturalis [trọng lượng cao 80 miến",CHUA_CO,,,
yehei,2,2,颜色,"8733 Yao Ye Black [Không nhãn], 8733 Frost Moon White [Không nhãn], 8731 Yao Yeh",CHUA_CO,,,
oceanism,2,2,产品规格,"Sữa rửa mặt axit salicylic Chuman 750g, Sữa rửa mặt Fan Yongchen Niacinamide 300",CHUA_CO,,,
kors,2,1,颜色,"Giày Mike Duck toàn màu trắng, Giày Mike Duck màu bạc, Giày Mike Duck toàn màu đ",CHUA_CO,,,
konon,2,2,包装规格,"Phù điêu Wufu (Năm tổ hợp trà chính 300g), Bộ trà đất sét tím + (240g bốn loại t",CHUA_CO,,,
konggu,2,1,花型,"Mùa hoa Altay [100 bông dài in tinh tế], Yili Huadian [100 bông dài in tinh tế],",CHUA_CO,,,
kokoxili,2,2,花型,"Sương mù xanh làm cho hoàn hảo, tinh dầu bạc hà lung linh, rừng đảo, soda cam, K",CHUA_CO,,,
kia-xiang,2,2,花型,"Mèo con bên kia bờ-Ngày nắng, Bờ kia - điểm sóng muối biển, Bờ kia-Thỏ Barbie, B",CHUA_CO,,,
khaki-smiley,2,1,颜色,"Bộ ba món áo len vest khối màu xanh H, Bộ ba món áo len vest màu vàng H, Bộ ba m",CHUA_CO,,,
nougat,2,1,包装规格,"喜糖试吃全店随便选, Kẹo cứng hương đào trắng Hongyuan 500g, khoảng 120 miếng, Kẹo sữa Wan",CHUA_CO,,,
notoginseng,2,2,分区比例,Phân vùng Panax Notoginseng,CHUA_CO,,,
batik,2,2,工艺,Batik,GIU,,,
beetle,2,1,颜色,"1:22 Xe thể thao Farah màu đỏ điều khiển từ xa (sạc bốn chiều), 1:22 Xe thể thao",GIU,,,
barley,2,1,包装规格,"[Mẫu nâng cấp] Trà thơm đôi nhân sâm Cistanche deserticola Eucommiaxiong 15g, [M",CHUA_CO,,,
note,2,2,药（械）准字,Máy móc Gui Note 20242140318,CHUA_CO,,,
koko,2,2,花型,"Bộ sưu tập Mèo con - Hồng [Lựa chọn hàng đầu cho mẹ và bé, an toàn khi ngủ trần]",CHUA_CO,,,
kokang,2,1,包装规格,"Trà chín Menghai Golden Bud Golden Needle 2018 500g, Trà nấu cung điện Menghai 2",CHUA_CO,,,
nongxiangyunxi,2,1,包装规格,"500g Trà Ô Long Tieguanyin Thơm Ngát, Hạng 7.5 [Nguyên Liệu Pha Trà Điện Tử], 50",CHUA_CO,,,
nuoxiu,2,1,产品规格,"Màng xanh 25ml/g*10 viên, Miếng dán phục hồi Centella Asiatica B5 25g*10 miếng, ",CHUA_CO,,,
nubi,2,2,花型,"Thỏ gấu mật ong, Công viên khủng long, Gấu chăm sóc, gấu len, con chó hạnh phúc,",CHUA_CO,,,
nuannuan,2,1,颜色,"Nuannuan quần cạp cao nhỏ trà sữa cơm, Xiaotu Mengyu quần lưng cao trà sữa cơm, ",CHUA_CO,,,
beiqin,2,1,尺寸大小,"S (lỗ tròn 0-3 tháng/Beiqin đời thứ ba cùng mẫu), M (lỗ tròn 3-6 tháng/Beiqin đờ",GIU,,,
tongka,2,1,颜色,"Đen quý phái 【Tựa đầu】, Màu nâu hạt dẻ [tựa đầu], Núi lửa đỏ 【Tựa đầu】, Màu nâu ",CHUA_CO,,,
romance,2,2,产品规格,"Bột mặt nạ làm sáng hoa hồng lãng mạn Han Ji 500g, Han Ji Romance Rose Brighteni",CHUA_CO,,,
roman-xanh,2,1,花型,"Trắng sữa lắc Roman, Roman-Hồng mềm, Roman-Xanh lam nổi, Bột Xám Roman-Ya, Roman",CHUA_CO,,,
cups,2,2,产品名称,Mặt Nạ Dưỡng Ẩm BISUTANG Eight Cups of Water,CHUA_CO,,,
niuguo,2,1,容量,"240ml bột ngọt ngào, 240ml màu xanh da trời, 240ml xanh lục, 240ml màu xám đậm, ",CHUA_CO,,,
kuding,2,1,包装规格,"[Cao cấp] Chà là đỏ khô 80g, [Thùng cao] Tơ ngô 15g, [Thùng Cao] Trà Tre Lá Xanh",CHUA_CO,,,
ningxiang-shuanghua,2,2,花型,(Khuyên dùng cho xương sườn) Gypsophila Purple-Dawn Silver [100% Tencel Silky Na,CHUA_CO,,,
nohara,2,1,花型,"Tiểu Tân họa tiết da báo - màu cà phê, Cá sấu nhỏ họa tiết da báo - Xanh dương, ",CHUA_CO,,,
barji,2,1,产品类别,Hộp đựng đồ Barji,CHUA_CO,,,
bayi,2,1,颜色,"(Bayi) T35 trắng, (Ba Yi) T35 Kaki, (Bayi) T35 đen, tay áo dài màu trắng",CHUA_CO,,,
year,2,2,颜色,"da lộn màu vàng, Vải hai lớp vàng đen, Da lộn hai lớp màu vàng nâu, Double Pocke",CHUA_CO,,,
yazhongya,2,2,包装规格,"Trà/trà xanh giá đáy cuộn chỉ, Trà Xanh Biluochun Maojian Xianglv Số 12, Trà Xan",CHUA_CO,,,
yifutang,2,1,生产厂家,"Chiết Giang Yifutang Tea Industry Co., Ltd.",GIU,,,
kota,2,2,包装规格,"Hương vị quế, Hương vị Zhengshan Kota, Thưởng thức áo choàng đỏ, Hương vị Jin Ju",CHUA_CO,,,
kumquat,2,2,包装规格,"Trà Tieguanyin 100g, Trà xanh Long Tỉnh 80g, Biluochun 100g, Xinyang Maojian 100",CHUA_CO,,,
kulomi,2,1,颜色,"Bộ tài khoản vui nhộn (ngẫu nhiên) CY-97, Chú Gấu Dễ Thương Thợ Thủ Công Nhỏ 811",CHUA_CO,,,
niwa,2,1,颜色,"A5-1 màu xanh lam mát mẻ, Màu cam A5-1, A5-1 Ben xám bạc, Màu trắng đậm A5-1, A5",CHUA_CO,,,
niuniu,2,1,规格,"Dưa hấu, nho xanh, cam ngọt, nho [4 Thùng], Cam ngọt, dưa hấu, hoa anh đào, nho ",CHUA_CO,,,
noyena,2,1,容量,"Thỏ cà rốt Noena (250ml) hai tay cầm, Ennis Strawberry Rabbit (250ml) hai tay cầ",CHUA_CO,,,
guaiguai,2,2,颜色,"Little Snowman [Khăn ướt kháng khuẩn 7A không xương + khăn nước bọt], Thỏ Con Gu",CHUA_CO,,,
rosewood,2,1,颜色,"29 khối xây dựng (Beech/Red Rosewood/Sapele), 82 khối xây dựng màu sắc, 100 khối",CHUA_CO,,,
ruicai,2,2,花型,"HY-Xiangyun Ruicai, HY-Fuxi Tongle, HY-Tình yêu từ cái nhìn đầu tiên, HY-bạn khô",CHUA_CO,,,
ruian,2,2,产地,Chiết Giang Ruian,CHUA_CO,,,
cub,2,2,花型,Phô mai và phô mai [loại A bà mẹ và trẻ sơ sinh/thân thiện với làn da và mềm mại,CHUA_CO,,,
counter,2,1,颜色,"Màu hồng nhạt bao bì thông thường, Cà phê bao bì thông thường, Hồng nhạt + hộp q",CHUA_CO,,,
roewe,2,2,颜色,"Audi, Bảo Quân, Honda, BYD, zen tiêu chuẩn, Buick, Trumpchi, Độc giả lớn, Cánh Đ",CHUA_CO,,,
gris,2,2,花型,"Thời đại Bắc Âu, Gris, Hắc Tiểu Cách, Cam Xiaoge, Họa tiết quả trám màu xám, Họa",CHUA_CO,,,
gugen,2,2,生产厂家,Nhà máy trà Gugen Tang,CHUA_CO,,,
rongsheng,2,1,产品规格,Rongsheng Kirin Thức khuya Mặt nạ làm đẹp 28 mlx30 miếng/hộp,GIU,,,
rover,2,2,颜色,"Audi, Bảo Quân, Honda, BYD, zen tiêu chuẩn, Buick, Trumpchi, Độc giả lớn, Cánh Đ",GIU,,,
greenery,2,2,花型,"Cụm hoa [100% cotton, thân thiện với da và thoáng khí], Xiancao [100% cotton Tân",CHUA_CO,,,
cushion,2,2,颜色,"9003 Đệm hơi màu đen thời trang có thanh buộc không logo, 9003 Galaxy Grey Không",THEO_CUM,,,
curtain,2,2,颜色,"[Môi bóng đào Fantasy] J811 Quả nhân sâm, 【Son Gương Hoa Đào】L01 Đồng Cỏ, [Son m",CHUA_CO,,,
curry,2,2,花型,"Dải xanh đậm1, Họa tiết kẻ ô tím nhỏ, Sọc xám dày - phối hợp, Mi Mi Tiêu, Xanh đ",CHUA_CO,,,
curcumin,2,2,产品规格,"Mặt Nạ Collagen Tái Xây Dựng Chống Nhăn, Làm Săn Chắc Da (Chống Nhăn), Mặt Nạ Dư",CHUA_CO,,,
ruixiang,2,2,包装规格,"Hongrui Li 1020g (8 túi, 3 loại hạt), Tianxi Ruixiang 1285g (7 túi 3 hạt lớn), P",CHUA_CO,,,
cuiyun,2,1,包装规格,"10 gói Đa Hồng Bào (Bộ sưu tập Đa Hồng Bào), 10 gói trà Kim Quân Mê (Bộ sưu tập ",CHUA_CO,,,
daddy,2,2,颜色,"Giày Papa màu hồng, Giày Daddy-đen, Giày Daddy-màu xám, Daddy Shoes-Pink [Đóng h",GIU,,,
crossing,2,2,尺寸,"跨境沙纹黑1.5(opp一个装）, 跨境沙纹米1.5(opp一个装）, 跨境沙纹灰1.5(opp一个装）, Họa tiết cát xuyên biên gi",CHUA_CO,,,
s-class,2,1,尺寸,"Tựa đầu {S-class Shuxiang}, Dựa vào eo {S-level Shuxiang}, Tựa đầu và thắt lưng ",GIU,,,
basic,2,2,颜色,[Phiên bản cơ bản thế hệ Air7] Giảm tiếng ồn gốc bốn dấu ★ Chất lượng âm thanh v,GIU,,,
basha,2,2,花型,"Sweet Joy [Mềm mại thân thiện với da - Không xù lông], Bạt [Mềm mại thân thiện v",CHUA_CO,,,
barrog,2,2,花型,"Không gian ấn tượng, Không gian sáng tạo, Barrog, Cành mận ngọt, Dưa hấu nhỏ, Cu",CHUA_CO,,,
banke,2,2,生产厂商,Công ty TNHH Công nghệ Banke Thâm Quyến,CHUA_CO,,,
niketon,2,2,相似,Niketon,CHUA_CO,,,
kylin,2,2,产品名称,Mặt nạ trẻ hóa Han Se Kylin,CHUA_CO,,,
niang,2,2,颜色,"388-380A-Nhà vui chơi y tế, Nhà chơi 388-380C-BBQ, 506-119-Nhà chơi tủ, 7979-111",THEO_CUM,,,
tiss,2,1,花型,"Xám đá [100% Tencel ngủ khỏa thân], Gypsophila Purple-Dawn Silver [100% Tencel n",CHUA_CO,,,
tiramisu,2,2,包装规格,"Bánh mì nướng cắt dày [nguyên bản] 10 gói, Bánh mì nướng cắt dày [khoai môn] 10 ",CHUA_CO,,,
tip,2,2,包装规格,"Xinmingxiang véo nửa cân và lấy một lon (khu vực sản xuất cốt lõi, hương hoa dàn",THAY,đầu,,
green-kaki,2,2,花型,Màu xanh lam đá sạc-xanh lam tiếng Phạn [thích hợp để ngủ khỏa thân mà không bị ,CHUA_CO,,,
barbo,2,1,颜色,"A5-1 màu xanh lam mát mẻ, Màu cam A5-1, A5-1 Ben xám bạc, Màu trắng đậm A5-1, A5",CHUA_CO,,,
yichen,2,2,生产厂家,Công ty TNHH Trà Ganpu Xinhui Yichen Giang Môn,CHUA_CO,,,
yimeitang,2,2,生产厂家,"Triều Châu Yimeitang Health Technology Co., Ltd.",CHUA_CO,,,
yilin,2,2,生产厂家,Công ty TNHH Công nghiệp Trà Fuding Yilin,CHUA_CO,,,
balm,2,2,产品规格,"Kiểm soát dầu lâu dài 150g + lưới tạo bọt, Kiểm soát dầu và loại bỏ mụn 150g + l",THEO_CUM,,,
nhung-kaki,2,2,花型,"Thỏ nhung-kaki dày dặn, Thỏ dày nhung-Magic Black, Thỏ nhung dày màu xanh đậm, T",CHUA_CO,,,
l-ascorbic,2,1,产品规格,"Viên nén tinh chất rắn rovc (10 cái/hộp), Viên nén tinh chất rắn VC (10 miếng/hộ",CHUA_CO,,,
kyushu,2,1,颜色,"Mặt dây chuyền ngọc bích xanh bùng nổ [Ra vào an toàn], Mặt dây chuyền ngọc bích",CHUA_CO,,,
laiena,2,1,产品规格,"Mặt nạ huyết thanh GIK21 thế hệ thứ ba, Skin Future 377 Whitening Mask 5 miếng, ",CHUA_CO,,,
lactobacillus,2,2,包装规格,"50 miếng [hộp đầy đủ] bánh hoa hồng hương vị hỗn hợp, Gói 40 miếng [Giá trị lớn]",CHUA_CO,,,
yidie,2,1,花型,"Hoa Mộng Mạn - Hồng [Vải 100% cotton, mẫu A dệt jacquard, mẫu B chải lông], Lời ",CHUA_CO,,,
baosite,2,2,生产厂家,"Shanxi Yifen Baosite Food Co., Ltd.",CHUA_CO,,,
baosaidao,2,1,颜色,"A5-1 màu xanh lam mát mẻ, Màu cam A5-1, A5-1 Ben xám bạc, Màu trắng đậm A5-1, A5",CHUA_CO,,,
grilled,2,2,包装规格,"Weilong Konjac Shuang 15+3g trộn ngẫu nhiên nhiều vị 20 gói không hộp, Weilong K",CHUA_CO,,,
grevia,2,1,规格尺寸,"Senna/Grevia/Grevia, Toyota CHR/Yize, Toyota Ralink/Corolla/Sư tử châu Á/Ling Sh",CHUA_CO,,,
rufei,2,2,产品名称,Sữa rửa mặt làm sạch và dưỡng ẩm axit amin Rufei,GIU,,,
lanhong,2,1,产品规格,"Mặt nạ phát sáng Skin Source No. 1 225G (bản sao của Mặt nạ Keyun_Lan số 8), Mặt",CHUA_CO,,,
language-indigo,2,1,花型,"Bột đậu nhẹ bằng lụa [Váy và ga trải giường dày], Silk Talk-Bean Paste [Váy và g",CHUA_CO,,,
natsuya,2,1,花型,"Cà phê bóng hoa, Thung lũng sơn, Hương thơm đậm đà và bóng cà phê loãng, Chu-Lem",CHUA_CO,,,
natsuno,2,1,花型,"Senman-Milk White [Bông loại A, an toàn khi ngủ khỏa thân], Duoduo - hồng nhạt [",CHUA_CO,,,
ruoyu,2,2,花型,"Ruoyu Chiba, Một trái tim-xám, Thỏ cổ tích-hồng, Eilinger-cà phê, Gấu Ruidi-xanh",CHUA_CO,,,
daijia,2,1,产品规格,"Mặt nạ collagen chống nhăn Daijia một miếng, Mặt nạ/hộp chống nhăn Daijia, Mặt n",CHUA_CO,,,
dahonggan,2,1,包装规格,"Huy chương vàng Danghonggan, túi 500g, Quả cam Dahonggan huy chương vàng, lon 45",CHUA_CO,,,
tianxiang,2,2,包装规格,Trầm hương táo tàu 2015 bánh trà trắng cũ 10g mẫu trà khuyến nghị chính đơn giá ,CHUA_CO,,,
tilan,2,2,花型,"Xanh lam trong trẻo + Xám củ sen [mẫu hot], Xanh không gian sâu + Xanh Ti [bán c",CHUA_CO,,,
tila,2,1,花型,"Xanh không gian sâu + Xanh Tila — [Hạng A / 100% cotton sợi dài hai mặt], Bột tr",CHUA_CO,,,
culture,2,2,生产厂家,"Yunnan Kaiming Ancient Rhyme Culture Communication Co., Ltd.",CHUA_CO,,,
saidao,2,1,颜色,"A5-1 màu xanh lam mát mẻ, Màu cam A5-1, A5-1 Ben xám bạc, Màu trắng đậm A5-1, A5",CHUA_CO,,,
gongyuan,2,2,产品厂家厂名,"Wuyishan Gongyuan Tea Industry Co., Ltd.",CHUA_CO,,,
neiliao,2,2,产品厂家厂址,"Tầng 1, Số 20, Ngõ Neiliao, Làng Sanlun, Thị trấn Mingjian, Quận Nam Đầu, Đài Lo",CHUA_CO,,,
nhung-xanh,2,2,颜色,"Bộ túi đôi PY-2008 đen-đen, PY-2008 bộ túi đôi màu xanh quân đội, Bộ túi đôi PY-",CHUA_CO,,,
bare,2,2,尺寸,"跨境沙纹黑1.5(opp一个装）, 跨境沙纹米1.5(opp一个装）, 跨境沙纹灰1.5(opp一个装）, Họa tiết cát xuyên biên gi",CHUA_CO,,,
lanxi,2,2,花型,"Wu Anxin (thủ công thêu một chữ cotton), Ngôi nhà bí ngô (thủ công thêu một chữ ",CHUA_CO,,,
laimi,2,2,花型,"Milo Sweetheart [100% Cotton Class A dành cho bà mẹ và trẻ sơ sinh], Fengxuelanx",CHUA_CO,,,
baojun,2,2,颜色,"Một miếng cản trước [vui lòng để lại tin nhắn khi đặt hàng các mẫu khác], Một mả",CHUA_CO,,,
baoding,2,2,产地,Hà Bắc Baoding,CHUA_CO,,,
grant,2,1,花型,"Nếu mưa, Chiba, Một tâm một ý - Xám, Thỏ Tiên Nữ - Hồng, Ailinger - Cà phê, Gấu ",CHUA_CO,,,
samoyed,2,1,容量,"Thân chai thủy tinh đơn 160mL (thế hệ thứ 3), Chai thủy tinh đơn thân 240mL (thế",CHUA_CO,,,
dahai,2,2,原料与配料,"Luo Han Guo, Pang Dahai, Trứng cây thông, Bạc hà, Lá loquat, Rễ bồ công anh, Cam",THEO_CUM,,,
dajinzhen,2,2,包装规格,"Dahongpao PVC đóng hộp 25 gói, Tự uống sản phẩm mới đặc biệt (Yanxiang) Dahongpa",HANVIET,Đại Kim Châm,,
dajin,2,2,包装规格,"0.5kg Nước Trà Đen CTC Assam - Giá $13, Giá một catty trà đen Dian số 1 14 nhân ",CHUA_CO,,,
cynomorium,2,1,包装规格,"[Gói Tăng Cường Sức Bền] Trà Hỗn Hợp Bát Bổ Nhím Nai 10g*10 gói, [Gói nâng cao] ",THAY,tỏa dương,,
cyberpunk,2,2,风格,"Nhật Bản và Hàn Quốc, phong cách châu Âu và Mỹ, phong cách hàn quốc, phong cách ",CHUA_CO,,,
tianlan,2,2,颜色,"Màu xanh lá, Màu đen, Xanh da trời, Xanh ngọc, Màu đen không có LOGO, Tianlan kh",CHUA_CO,,,
danhu,2,2,包装规格,"Đầu trà thơm cứt vịt 250g, Hai lựa chọn hương thơm phân vịt, Phong lan mật ong, ",CHUA_CO,,,
baodao,2,1,颜色,"Xe công trình Warrior City 125-31, Đội Kỹ thuật Thành phố 669-112, Đội thám hiểm",CHUA_CO,,,
yili,2,2,花型,"Altay Hoa Quý [100 sợi bông sợi dài, in hoa văn tinh xảo], Yili Huadian [100 sợi",CHUA_CO,,,
yihucha,2,2,生产厂家,Công ty TNHH trà Vân Nam Yihucha,CHUA_CO,,,
laoshan,2,2,产品类别,trà xanh laoshan,CHUA_CO,,,
yingshuang,2,2,花型,(Khuyên dùng cho xương sườn) Gypsophila Purple-Dawn Silver [100% Tencel Silky Na,CHUA_CO,,,
yingrun,2,2,产品名称,Mặt nạ ống nghiệm phát sáng Bonertou Zhenxiang Yingrun,CHUA_CO,,,
yinggang,2,2,花型,"Viễn Đại—Xám—【Túi xách tinh xảo】, Allen - Trắng - [Túi xách tay tinh xảo], Chunp",CHUA_CO,,,
tianjingfu,2,2,供货商,"Cửa hàng trà Tianjingfu, quận Cận Bình, thành phố Sán Đầu",CHUA_CO,,,
tie-dye,2,1,颜色,"DH - Bộ áo sơ mi kẻ caro cổ denim tay dài màu đỏ, DH - Bộ áo sơ mi kẻ caro cổ de",THAY,loang màu,,
samba,2,2,颜色,"Màu trắng, Màu đen, Tím cổ đại, Xanh lam cổ điển, Xám tro, Xanh Biển ca cao, Xan",GIU,,,
salona,2,2,面料名称,Salona,CHUA_CO,,,
sanlun,2,2,产品厂家厂址,"Tầng 1, Số 20, Ngõ Neiliao, Làng Sanlun, Thị trấn Mingjian, Quận Nam Đầu, Đài Lo",CHUA_CO,,,
sanjiang,2,1,包装规格,"Số 8 (Nguyên liệu thu hoạch tại Cổ Tỉnh Đầu)/250g, Số 8 (Nguyên liệu thu hoạch t",CHUA_CO,,,
bangbang,2,2,包装规格,"Quả óc chó vỏ giấy 50g, Quả óc chó giấy 120g, Hạt macadamia 50g, Hạt macadamia 6",CHUA_CO,,,
banana,2,2,花型,Màu xám cổ điển + Champagne [Nhung sữa dày/Ấm áp thân thiện với làn da/Thoải mái,CHUA_CO,,,
yiming,2,2,产品厂家厂名,Công ty TNHH trà sinh thái Wuyishan Yiming,CHUA_CO,,,
language,2,2,花型,"Màu nhỏ tình yêu [nâng cấp nhung tuyết thân thiện với làn da nhung ấm áp], Edelw",CHUA_CO,,,
lanya,2,2,包装规格,"Bốn lon bốn Hộp quà trà lớn 400g (Longjing Biluochun Alpine Green Tea Maojian), ",CHUA_CO,,,
lanxin,2,2,花型,"Cà phê Fengyu [100% cotton jacquard, nhẹ sang trọng và cao cấp], Màu xanh lá cây",CHUA_CO,,,
nanan,2,2,产品厂家厂址,"Số 9 Pinggang, Làng Nanan, Thị trấn Xingtian, Thành phố Vũ Di Sơn",CHUA_CO,,,
nana,2,2,产品名称,Mặt nạ dưỡng ẩm Se Nana Hyaluronic Acid,GIU,,,
dasheng,2,1,颜色,"Vòng vàng kính thiên văn màu đỏ (một gói), Vòng vàng kính thiên văn màu bạc (một",GIU,,,
dart,2,2,颜色,"Súng hơi 115-1 98K, 115-5 Laifu Soft Shotgun [Màu sắc ngẫu nhiên], 115-10 khẩu s",CHUA_CO,,,
thousand,2,1,花型,"Màu hồng phấn nhạt (màu trơn), Nâu nhạt - trà sữa - chải (phối hai màu), Trà sữa",GIU,,,
glutathione,2,2,产品规格,Mặt nạ chiết xuất tươi làm trắng da Gongpei Avocado 25ml (chỉ dành cho bán hàng ,CHUA_CO,,,
glutamate,2,2,成分,"Dầu dừa natri glycinate, octyl/decylglucoside, serine, arginine, glutamate, prol",CHUA_CO,,,
glucose,2,2,原料与配料,"Thành phần: Bột mì, Đường trắng, Dầu thực vật, Glucose ăn được, Maltodextrin, Tr",CHUA_CO,,,
sandi,2,2,包装规格,"Trọng lượng mẫu khoảng [30g], [Carbon nướng Dahongpao] Đơn giá 40 nhân dân tệ, [",CHUA_CO,,,
danxian,2,2,包装规格,"Yima Danxian Longjing 250g [hộp quà tặng hộp sắt đôi cao cấp], Shanchuan Fengwu ",CHUA_CO,,,
del-light,2,2,花型,"Bột màu xám Dell-Ya, Dell-Xanh đầy sao, Rượu sâm panh Del-Light, Ngọc trắng Dail",CHUA_CO,,,
teether,2,1,容量,"Bình sữa PPSU cai sữa cỡ lớn 300ml (0-3 tháng) TB-D01 (có mã cào), Bình sữa PPSU",CHUA_CO,,,
naruto,2,1,颜色,"Trắng (lớn NK)-tay ngắn, Đen (lớn NK)-tay ngắn, Trắng (nhỏ NK)-tay ngắn, Đen (nh",GIU,,,
nanzhi,2,2,花型,"Orchid Bear [100% cotton chải kỹ, thân thiện với làn da và thoải mái], Macira [1",GIU,,,
lantern,2,2,颜色,Không Xịt [Chạy Bằng Pin] Xanh Dương & Trắng - Súng Phát Âm Thanh & Ánh Sáng [Hi,CHUA_CO,,,
lanling,2,1,花型,"Xanh cỏ caro nhỏ, Đỏ cam caro nhỏ, Sọc rộng trắng xanh lục, Hồng tình đầu, Đậu đ",CHUA_CO,,,
lcl,2,2,包装规格,"[Hộp đầy] Cua cay 20g*48 gói, [Full box] Hương vị rau mùi 20g*48 gói, [Full box]",CHUA_CO,,,
laze,2,2,颜色,"Trắng (kiểu mờ), Màu đen (mẫu mờ), Màu vàng (kiểu mờ), Màu xanh lam (kiểu mờ), M",CHUA_CO,,,
naili,2,2,花型,"Mèo con chữa lành, Asakusa, Chó con cắm trại, Hắc Cách Kitty, Bạc hà nho, Hoa nh",CHUA_CO,,,
nafu,2,2,包装规格,"Fortune Ying Jin Jun Mei 18 lon nhỏ mỗi hộp 250g, Fortune Orange Jin Junmei 18 l",CHUA_CO,,,
yinqin,2,2,产品规格,KISSMWAH Bose Yinqin Moisturizing Anti-Wrinkle Essence Mask-Đóng hộp 30ml × 5 mi,CHUA_CO,,,
yinlai,2,2,生产厂商,Công ty TNHH Công nghệ Điện tử Đông Quan Yinlai,CHUA_CO,,,
baiming,2,2,生产厂家,Nhà máy trà đá xanh Wuyishan Baiming,CHUA_CO,,,
bailu,2,2,包装规格,Trầm hương táo tàu 2015 bánh trà trắng cũ 10g mẫu trà khuyến nghị chính đơn giá ,CHUA_CO,,,
bald,2,2,净重（规格）,"[Hai mươi món ăn nhẹ tuổi thơ] 30 gói, [Hai mươi món ăn nhẹ tuổi thơ] 60 gói, [H",CHUA_CO,,,
bala,2,2,颜色,"Sáu cửa hàng trong mơ của K364-369, K478-K483 Cửa Hàng Xem Đường Hai Lớp - Sáu K",CHUA_CO,,,
bajia,2,1,颜色,"Màu đen, Màu trắng, Hoa màu xám, Xanh huỳnh quang, Màu tím, Màu đỏ, Xanh quân độ",CHUA_CO,,,
yining,2,2,花型,"Yining (mềm mại, thân thiện với da - có thể ngủ không cần mặc - không xù lông), ",CHUA_CO,,,
nafer,2,2,产品规格,"Mặt nạ collagen Stratopora có tác dụng chữa bệnh NHA GENE, Mặt nạ làm săn chắc c",CHUA_CO,,,
nanomet,2,2,尺寸大小,"Cây thánh giá phẳng ở giữa, Cây thánh giá phẳng trên cạnh, V giữa chéo [chống bắ",CHUA_CO,,,
lanyun,2,2,包装规格,"Lapsang Souchong hương mật hoa (jin/38 nhân dân tệ), Lanyun Lapsang Souchong (ji",CHUA_CO,,,
lavalier,2,2,使用方式,người mặc áo lavalier,CHUA_CO,,,
bainiaochaofeng,2,2,包装规格,"Sáu loại trà nổi tiếng từ ngàn dặm sông núi theo phong cách Trung Hoa, Lưới cửa ",CHUA_CO,,,
yipin,2,2,包装规格,"Mixiang Jin Junmei số 1 50g số lượng lớn (45 nhân dân tệ/catty), Mixiang Jin Jun",CHUA_CO,,,
moyu,2,1,花型,"Bột dải mật độ cation---ycj, Dải mật độ cation màu cam --- ycj, Dải mật độ catio",CHUA_CO,,,
lavigne,2,2,花型,"Hoa nhẹ nhàng [100% cotton hai mặt], Avril Lavigne [100% cotton hai mặt], Khủng ",CHUA_CO,,,
than-nghe,2,1,颜色,"Phiên bản cấu hình hàng đầu [âm thanh vòm 360 °, nghe bài hát trong 20 giờ, 5.3 ",CHUA_CO,,,
sanxiang,2,1,包装规格,"7,5 nhân dân tệ/catty Yunwu Fragrant Tea (lô từ 90 kg/túi), 8,5 nhân dân tệ/catt",CHUA_CO,,,
girly,2,2,颜色,"bạc sang trọng, màu trắng sáng, Đen đầy sao, màu hồng nữ tính, màu xanh thanh lị",CHUA_CO,,,
goatskin-silver-daze,2,1,颜色,"Thang da cừu-mặt bạc hỗ trợ kitty, Tianti da cừu-mặt bạc hỗ trợ Kitty + dây cầm ",CHUA_CO,,,
gm,2,1,颜色分类,"BYD GM 01-8228, BYD GM 02-8238, Nhân dân tệ BYD/Dành riêng cho cá heo-1017, BYD ",GIU,,,
sausage,2,2,花型,"Màu nhỏ tình yêu [nâng cấp nhung tuyết thân thiện với làn da nhung ấm áp], Edelw",THEO_CUM,,,
sauce,2,2,包装规格,"Big Devil Konjac chay bụng có lông Liubiju vị sốt mè 18g hộp 20 gói, Big Devil K",CHUA_CO,,,
dayuling,2,2,包装规格,"Túi vàng Lê Sơn 150g, Túi vàng Dayuling 150g, Túi vàng Alishan 150g, Ô long đông",HANVIET,Đại Vũ Lĩnh,,
daydream,2,1,颜色,"100 Bột Xám (Bột Xám Lạnh), [Đã được hàng ngàn người mua lại] Son bóng dạng thỏi",CHUA_CO,,,
muyue,2,2,花型,"Tranh thêu năm dây màu cam trung cổ, Vàng champagne-năm sợi thêu, Tranh thêu năm",CHUA_CO,,,
league,2,2,颜色,"Cơ chế biến dạng [kiểu ngẫu nhiên], Mecha War League [Hộp quà], Mecha Alliance [",CHUA_CO,,,
leader-small,2,1,包装规格,"2026--2#Mingqiantou Picking Nectar--500g (số lượng lớn), 2026---3 # Mingqiantou ",CHUA_CO,,,
mr,2,2,颜色,"Gói đơn màu trắng kem, Gói đơn màu xanh bong bóng, Túi đựng bột đơn Sweetheart, ",GIU,,,
yishui,2,2,生产厂家,Yishui,CHUA_CO,,,
yisheng,2,2,生产厂家,Trà cao cấp Yisheng,CHUA_CO,,,
dengrong,2,1,净重（规格）,"[Hai mươi món ăn nhẹ tuổi thơ] 30 gói, [Hai mươi món ăn nhẹ tuổi thơ] 60 gói, [H",CHUA_CO,,,
tens,2,1,花型,"Xám đá [100% Tencel ngủ khỏa thân], Gypsophila Purple-Dawn Silver [100% Tencel n",XEM_TAY,,,
tengjiao,2,1,净重（规格）,"[Gói kết hợp] Dải cay + miếng cay + que cay + lát cay, tổng cộng 4 gói lớn 100g,",THAY,tiêu xanh,,
danya,2,2,颜色,"[Ying Meng Pink] Mặt bóng thời trang, [Canruo Orange] Mặt bóng thời trang, [Dany",CHUA_CO,,,
ginsenoside,2,2,产品规格,"Mặt Nạ Tinh Dầu Hoa Hồng Tái Tạo Da - Dạng Tấm 25ml, KISSMWAH Kirin Mushroom Sil",CHUA_CO,,,
ginnya,2,2,产品规格,"Sữa rửa mặt làm trắng da Nian Kou 377 100g, Sữa rửa mặt làm trắng da Nian Kou 37",CHUA_CO,,,
glina,2,2,产品规格,"Miếng dán nếp gấp mũi vi tinh thể 5 cặp/hộp, Miếng dán họa tiết tinh thể vi mô I",CHUA_CO,,,
sarinsa,2,2,产品规格,"Mặt nạ làm săn chắc và đàn hồi chống nhăn Sarinsa 25ml*10 miếng trong hộp, Mặt n",CHUA_CO,,,
delta,2,1,颜色,"Hộp quà lớn Xe đua kéo lùi Big G [509 hạt], Hộp quà lớn Bugatti xe đua [510 hạt]",CHUA_CO,,,
development,2,2,生产厂家,"Bozhou Shangshan Health Industry Development Co., Ltd.",CHUA_CO,,,
yiren,2,2,产品名称,"Mặt Nạ Bùn Chiết Xuất Thực Vật Yiren Yimian, Làm Sạch Sâu và Tái Tạo Da.",CHUA_CO,,,
bago,2,2,颜色,"01 # Bánh quy Bago, 02 # Hạnh nhân bạn sữa giòn, 03 # Lê Mai bí mật, 04 # Cashme",CHUA_CO,,,
baiyan,2,2,产品名称,Mặt nạ dưỡng ẩm Baiyan Hyaluronic Acid làm đầy và trẻ hóa,GIU,,,
babo,2,1,颜色,"A5-1 màu xanh lam mát mẻ, Màu cam A5-1, A5-1 Ben xám bạc, Màu trắng đậm A5-1, A5",CHUA_CO,,,
baihua,2,2,生产厂家,Trà Yali Baihua,CHUA_CO,,,
baihong,2,2,产品厂家厂名,Công ty TNHH trà Baihong,CHUA_CO,,,
tears,2,2,茶种类,Trà Đậu Đỏ và Trà Giọt Lệ Job's Tears,CHUA_CO,,,
dean,2,2,花型,"Island Qingcha [Mẹ và bé loại A có thể ngủ khỏa thân siêu mềm], Sweet Tea Diary ",CHUA_CO,,,
scene,2,1,颜色,"811-364 Mengqu Duck Kitchen 【Hộp quà Trung Quốc】, 811-368 Bếp nhỏ Mengmeng Duck ",CHUA_CO,,,
gia-rankin,2,2,花型,"Angelina-Băng Xanh, Bột đậu Ba Tư, Hương hoa vàng hồng quyến rũ, Hương hoa dịu d",CHUA_CO,,,
sawdozi,2,2,包装规格,"Đầu trà thơm cứt vịt 250g, Hai lựa chọn hương thơm phân vịt, Phong lan mật ong, ",CHUA_CO,,,
second,2,2,产品规格,Hộp băng keo sửa chữa Chuangfukang Collagen 5 miếng [có thể kiểm tra chống hàng ,CHUA_CO,,,
season,2,2,花型,"Vũ Nhiên [100% cotton, mềm mại, thoáng khí, thân thiện với da, thoải mái ngủ trầ",CHUA_CO,,,
seal,2,2,颜色分类,"BYD GM 01-8228, BYD GM 02-8238, Nhân dân tệ BYD/Dành riêng cho cá heo-1017, BYD ",GIU,,,
geliannacollagen,2,2,产品规格,"Mặt nạ Ceramide Beauty Red V 5 cái/hộp, Mặt nạ tai Collagen hoa hồng đỏ chiết xu",CHUA_CO,,,
york,2,1,颜色,"Màu trắng bốn thần thú, Màu đen bốn thần thú, Màu trắng New York, Màu đen New Yo",GIU,,,
yongxingtang,2,2,生产厂家,Công ty TNHH công nghệ y tế An Huy Yongxingtang,CHUA_CO,,,
level,2,1,包装规格,"Xinmingxiang véo nửa cân và lấy một lon (khu vực sản xuất cốt lõi, hương hoa dàn",CHUA_CO,,,
moss,2,2,颜色,"Màu đỏ (Phong cách hình ảnh chính), Màu xanh lá cây (Phong cách hình ảnh chính),",CHUA_CO,,,
lf-xanh,2,1,颜色,"LF - Trắng - 35-46, LF - Đen trắng nền trắng - 35-46, LF-36-45-Hoa trắng Marseil",CHUA_CO,,,
ligustrum,2,2,颜色,"[Bảng màu toàn diện khuôn mặt] # 02 Peach Blossom Face (thân thiện với da khô), ",CHUA_CO,,,
mongo,2,2,颜色,"210g - Đen Giặt, Đã giặt và nhuộm đen, Đã giặt và màu trắng nhạt, Đã giặt và rác",CHUA_CO,,,
gilt,2,2,颜色,"1# Trà Sữa Cam (Cam Sai) [Cam Kem], 2# Màu nude đa năng [Thân thiện với da màu v",CHUA_CO,,,
seagull,2,2,颜色,"Nhãn không cổ trắng, Nhãn màu trắng ngọc trai không có cổ áo, Nhãn không cổ màu ",GIU,,,
taoren,2,1,颜色,"Ôm Gấu 19 [Bốn Mùa], Ôm Gấu 21 [Bốn Mùa], Ôm Gấu 25 [Bốn Mùa], Ôm Gấu 19 [Phong ",CHUA_CO,,,
tanya,2,1,产品规格,"Hộp Mặt nạ dưỡng ẩm đa tác dụng Tanya Tremella 25ml*5 miếng, Mặt nạ dưỡng ẩm đa ",GIU,,,
didi,2,2,颜色,"Phiên bản in màu đen, Không in ấn, Thảm lót cốp xe một lớp Didi Driving",GIU,,,
moriya,2,2,花型,Giữa Giấc mơ và Chiếc gương [Loại A dành cho bà mẹ và trẻ sơ sinh/siêu mềm và nh,CHUA_CO,,,
more,2,1,包装规格,"1 gói 48 miếng thịt hầm và rau củ kết hợp ""More Vegetarian"", 1 gói 96 miếng thịt",CHUA_CO,,,
licture,2,1,产品规格,"Nguồn cơ số 1 Mặt nạ dưỡng ẩm và trẻ hóa 225g [Dưỡng ẩm và khóa nước, dưỡng ẩm v",CHUA_CO,,,
lianma,2,2,生产厂商,Lianma Thâm Quyến,CHUA_CO,,,
lianghe,2,2,生产厂家,Công ty TNHH Dược phẩm An Huy Lianghe,CHUA_CO,,,
moonlight-rock,2,2,花型,"Xám đá [100% Tencel ngủ khỏa thân], Gypsophila Purple-Dawn Silver [100% Tencel n",CHUA_CO,,,
yiyuan,2,2,生产厂家,Công ty TNHH công nghệ sinh học Zhongxiang Yiyuan,GIU,,,
babu,2,2,花型,"Milo Sweetheart [100% Cotton Class A dành cho bà mẹ và trẻ sơ sinh], Fengxuelanx",CHUA_CO,,,
avril,2,2,花型,"Hoa nhẹ nhàng [100% cotton hai mặt], Avril Lavigne [100% cotton hai mặt], Khủng ",CHUA_CO,,,
tangerine,2,2,包装规格,"Trà trắng vỏ quýt cam 2015 Tribute, Trà Trắng Jasmine 2021 Hoa Mẫu Đơn Trắng, Tr",CHUA_CO,,,
tay-cherry,2,1,颜色,"DXCK43 - Quần ngắn tay - Cute Dog Channel, DXCK42-Quần ngắn tay-Skateboard Deer,",CHUA_CO,,,
tatar,2,1,包装规格,Hương vị nguyên bản [Mì Tàu Tartary Vàng] 2500g 2.5kg gói - Trà Mì Tàu Tartary c,CHUA_CO,,,
seedcao,2,2,产品规格,Mặt nạ dưỡng ẩm và phục hồi chuyên sâu Centella SeedCao 28ml/miếng,CHUA_CO,,,
sedan,2,2,适用车型,"Sedan/SUV/xe doanh nhân/van, v.v.",CHUA_CO,,,
second-pulse,2,2,产品规格,"敷尔佳DNA钠水光焕采紧塑面膜5片/盒 有官方防伪码, 敷尔佳胶原璀璨嘭弹乳霜面膜5片/盒（钢铁侠面膜） 有官方防伪码, 【2.0】敷尔佳舒安水500ml 有官",CHUA_CO,,,
taiwei,2,2,生产厂家,"Ôn Châu Taiwei Food Co., Ltd.",CHUA_CO,,,
bada,2,2,包装规格,"Bộ Quà Tặng Trà Cao Cấp ""Ngàn Dặm Sông Núi"" (330g), Hộp quà sáu tầng Guochao Jia",CHUA_CO,,,
back,2,2,花型,Giữa Giấc mơ và Chiếc gương [Loại A dành cho bà mẹ và trẻ sơ sinh/siêu mềm và nh,CHUA_CO,,,
babylon,2,2,花型,"Lá Bạch Quả - Xanh Dương [Loại A, cấp độ mẹ và bé], Chanh xanh bạc hà [Loại A dà",CHUA_CO,,,
babydoll,2,2,颜色,Bộ (áo babydoll hoa nhí + quần legging cotton),CHUA_CO,,,
yocoo,2,1,颜色,"Bộ liền thân vải cotton lông cừu Yoco họa tiết động vật nền vàng, vai xẻ, Bộ liề",CHUA_CO,,,
yo,2,1,颜色,"con lạc đà, Màu hoa, Hương hoa chim, Yo Yo Luming, Hoa dành dành, Hoa nhí cổ điể",CHUA_CO,,,
youke,2,1,颜色,"Bộ liền thân vải cotton lông cừu Yoco họa tiết động vật nền vàng, vai xẻ, Bộ liề",CHUA_CO,,,
liang,2,1,产品规格,"Mặt nạ dưỡng ẩm lụa Xiu Zi Liang Mei 25g, Mặt nạ làm sáng da lụa Xiu Zi Liang Me",CHUA_CO,,,
monaco,2,2,花型,"';'; Mocha ';'; Jinlan, ';'; Ou Fan ';'; Lạc Đà Vàng, ';'; Khu vườn xinh đẹp'; '",CHUA_CO,,,
moliqingyan,2,1,产品名称,Mặt nạ chống nhăn làm săn chắc da collagen Moliqingyan + Dung môi axit Hyaluroni,CHUA_CO,,,
baa,2,1,花型,"Cỏ tiên, Gấu Padin, Điều ước của trái tim, Vườn nhàn nhã, Chiến đấu điểm sóng, T",CHUA_CO,,,
youduo,2,2,花型,"Berlin Dream-Green [thân thiện với làn da và mềm mại, thích hợp để ngủ khỏa thân",CHUA_CO,,,
taotao,2,2,花型,"100% Lenzing Tencel—Xanh mùi tây, 100% Lenzing Tencel—vàng phô mai—nâu cát, 100%",CHUA_CO,,,
sensing,2,2,产品规格,"[Phiên bản 2.0] Mặt nạ phục hồi men vi sinh 5 miếng, [Phiên bản 2.0] Mặt nạ sửa ",CHUA_CO,,,
senman-milk,2,2,花型,"Senman-Milk White [Bông loại A, an toàn khi ngủ khỏa thân], Duoduo - hồng nhạt [",CHUA_CO,,,
senjishe,2,2,产品名称,Kem làm sạch axit amin Senjishe Dr.,GIU,,,
gaozi,2,2,产品名称,Mặt nạ dưỡng ẩm và sửa chữa ánh sáng nước Gaozi,CHUA_CO,,,
sena,2,2,花型,"Altay Hoa Quý [100 sợi bông sợi dài, in hoa văn tinh xảo], Yili Huadian [100 sợi",CHUA_CO,,,
selenium,2,2,富硒藤茶,Đầu búp trà mây,CHUA_CO,,,
youchengzhu,2,1,规格,"Bộ ba mảnh màu trắng tinh khiết [ga trải giường, vỏ chăn, vỏ gối], Bộ bốn mảnh m",CHUA_CO,,,
yuanyang,2,1,颜色,"Kèn trứng cá muối đen, Da sáp đen cỡ nhỏ, Da sáp dầu đen cỡ nhỏ [chuỗi Yuanyang]",CHUA_CO,,,
limin,2,1,净重（规格）,"[Ba mươi loại] 120 gói, [Ba mươi loại] 90 gói, [Ba mươi loại] 60 gói, Zhou Chang",CHUA_CO,,,
monyland,2,2,花型,"Đại Lan Cách [Tiết kiệm, dễ phối đồ], Jian Ai [Phối đồ tiết kiệm, không lo lắng]",CHUA_CO,,,
yong,2,2,净重（规格）,"[Hai mươi món ăn nhẹ tuổi thơ] 30 gói, [Hai mươi món ăn nhẹ tuổi thơ] 60 gói, [H",CHUA_CO,,,
mistiao-light,2,2,花型,Miaotiao-Powder [Loại A dành cho bà mẹ và trẻ sơ sinh/mềm mại/thân thiện với làn,CHUA_CO,,,
sesaidao,2,1,颜色,"A5-1 màu xanh lam mát mẻ, Màu cam A5-1, A5-1 Ben xám bạc, Màu trắng đậm A5-1, A5",CHUA_CO,,,
serenity,2,2,颜色,"Màu trắng (cỡ nhỏ có nắp), Màu trắng (cỡ vừa có nắp), Màu trắng (kiểu phẳng lớn ",CHUA_CO,,,
ganeto,2,1,规格,"Miếng dán nén lạnh làm mát thuốc an thần y tế thương hiệu cơ khí loại I, Lựa chọ",CHUA_CO,,,
garland,2,2,颜色,"Cừu sao, Gấu trăng sao, Dù, gấu trúc đỏ đen, Đầu gấu trúc màu nâu, máy bay nhỏ, ",CHUA_CO,,,
september,2,2,容量,"喂养套装七件套【英文包装】, Bình sữa Silicone 240mL (cùng kiểu Shixi 7,2 cm), Bình sữa silico",CHUA_CO,,,
tacos,2,1,包装规格,"[Giảm giá số lượng lớn, liên hệ bộ phận chăm sóc khách hàng] Hương vị hỗn hợp 20",CHUA_CO,,,
t-shirt,2,1,颜色,"Trắng [400G tay ngắn nặng], Màu đen [400G tay ngắn nặng], Màu cát [400G tay ngắn",THEO_CUM,áo thun,,
dieshiqiao,2,2,产地,Thành phố dệt may gia đình Giang Tô Nam Thông Dieshiqiao,CHUA_CO,,,
direct,2,2,颜色,"Loại c kỹ thuật số miệng phẳng-túi, Hộp pha lê miệng phẳng kỹ thuật số Type-C, H",CHUA_CO,,,
dior,2,2,颜色,"2628 Phiên bản giới hạn năm con rắn, 1618 trắng đỏ, 1618 muội than, 1618 trắng x",GIU,,,
aurora-xanh,2,1,花型,"Aurora-hồng, Aurora-trắng, Aurora-tím, Aurora-vàng, Aurora-xanh lục, Aurora-xanh",CHUA_CO,,,
yuanbao,2,1,颜色,"Khăn lau bọt biển Yuanbao (1 gói khỏa thân), Khăn lau bọt biển Yuanbao (10 túi)",CHUA_CO,,,
yuechen,2,1,容量,"[Yuechen Gray] Đi kèm núm vú giả*1 + quả bóng trọng lực*1, dung tích 240ml, [Dud",CHUA_CO,,,
mocha-xanh,2,1,花型,"Mocha-Đỏ, Mocha - Hồng, Mocha - Cà phê, Mocha-Xanh dương, Mocha-Xanh lá",CHUA_CO,,,
lika,2,1,产品规格,"Mặt nạ dưỡng ẩm làm dịu da cam Shelika 25ml, Mặt nạ dưỡng ẩm hoa hồng Lika 25ml,",CHUA_CO,,,
yuexi,2,2,花型,"Màu nhỏ tình yêu [nâng cấp nhung tuyết thân thiện với làn da nhung ấm áp], Edelw",CHUA_CO,,,
dino,2,2,花型,"Bóng tối màu xanh, Bóng tối, Ailen Xanh, Paris Spring, Thời trang trẻ trung, màu",CHUA_CO,,,
sycamore,2,2,花型,"100% cotton - trắng + xanh đậu - không vón cục và không phai màu, 100% cotton - ",CHUA_CO,,,
sword,2,2,颜色,"Kiếm đôi phát sáng cắm điện [hộp màu], 【Kiếm Bướm - Mech Đỏ & Trắng】Hiệu Ứng Ánh",GIU,,,
shadow-milk,2,2,花型,"Cà phê Huaying-Light [100% Cotton Jacquard], Huagu [100% cotton jacquard], Hương",CHUA_CO,,,
shacao,2,1,颜色,"Hoa sen lớn [boxwood + phước lành] màu đỏ, Hoa Sen Lớn [Gỗ Đào + Tài Lộc] Đỏ, Ho",CHUA_CO,,,
g-xanh,2,2,颜色,"Xe địa hình màu đỏ-xe trần, Xe địa hình màu cam-xe trần, Xe địa hình xanh-xe trầ",CHUA_CO,,,
shabu,2,1,颜色,"811-364 Mengqu Duck Kitchen 【Hộp quà Trung Quốc】, 811-368 Bếp nhỏ Mengmeng Duck ",CHUA_CO,,,
shanli,2,2,颜色,"Tựa đầu đục lỗ kiểu bong bóng màu đen quý phái, Tựa đầu đục lỗ kiểu bong bóng mà",GIU,,,
shanhe,2,2,包装规格,"Trà Tốt, Quà Tốt: Bốn Loại Trà Nổi Tiếng, He Li Shuang Dou Bốn loại trà nổi tiến",CHUA_CO,,,
shangqiu,2,2,生产厂家,Công ty TNHH Thực phẩm xe buýt sang trọng (Shangqiu),CHUA_CO,,,
linuo,2,2,生产厂家,Công ty Dược phẩm Linuo Trịnh Châu,CHUA_CO,,,
mistrip-purple,2,2,花型,Miaotiao-Powder [Loại A dành cho bà mẹ và trẻ sơ sinh/mềm mại/thân thiện với làn,CHUA_CO,,,
mistrip-orange,2,2,花型,Miaotiao-Powder [Loại A dành cho bà mẹ và trẻ sơ sinh/mềm mại/thân thiện với làn,CHUA_CO,,,
mistrip-green,2,2,花型,Miaotiao-Powder [Loại A dành cho bà mẹ và trẻ sơ sinh/mềm mại/thân thiện với làn,CHUA_CO,,,
mistrip-blue,2,2,花型,Miaotiao-Powder [Loại A dành cho bà mẹ và trẻ sơ sinh/mềm mại/thân thiện với làn,CHUA_CO,,,
futian,2,2,产品厂家厂址,"Số 13 Weiyang, làng Weiyang, thị trấn Futian, huyện Anxi, thành phố Tuyền Châu, ",CHUA_CO,,,
fulin,2,1,包装规格,"Fortune Ying Jin Jun Mei 18 lon nhỏ mỗi hộp 250g, Fortune Orange Jin Junmei 18 l",CHUA_CO,,,
diyed,2,2,是否能够DIY,không1,CHUA_CO,,,
sweetheart-milk,2,2,花型,"Senman-Milk White [Bông loại A, an toàn khi ngủ khỏa thân], Duoduo - hồng nhạt [",CHUA_CO,,,
sundries,2,1,颜色,"1 màu trong suốt + nhãn dán hoạt hình ba chiều [Home Sundries Storage Master], 1",CHUA_CO,,,
disneyland,2,1,颜色,"Trọng lực (100% cotton), Lãng mạn buổi sáng (100% cotton, Cuộc gặp gỡ của Yu Sen",CHUA_CO,,,
lingyu,2,2,花型,"Chuyển động của thú cưng hoa, rococo, thù lao, Thưởng thức biển hoa, sự đồng hàn",CHUA_CO,,,
lingyao,2,2,老白茶部分原料产地,"Trà trắng Phúc Đỉnh tươi, thơm và mềm: Nodou, Taimushan, Bailin, Guanyang, Panxi",CHUA_CO,,,
miya,2,2,花型,"Promise-Fragrant Leaf Powder [Vải cotton, thân thiện với làn da và mềm mại], Pro",CHUA_CO,,,
asi-xuecao,2,2,产品规格,"Mặt nạ dưỡng ẩm đông khô SEOMOU Oligopeptide Hyaluronic Acid [5 miếng/hộp], Mặt ",CHUA_CO,,,
attack-phong,2,2,产品规格,"Mặt nạ đá nho biển tấn công dễ thương-Phong cách xanh, Mặt nạ đánh thức săn chắc",CHUA_CO,,,
yufeng,2,2,净重（规格）,"[Hai mươi món ăn nhẹ tuổi thơ] 30 gói, [Hai mươi món ăn nhẹ tuổi thơ] 60 gói, [H",GIU,,,
yufang,2,2,生产厂家,"Bozhou Yufang Tea Biotechnology Co., Ltd.",CHUA_CO,,,
yueyue,2,2,花型,"Oreo Kitten [Loại A dành cho bà mẹ và trẻ sơ sinh/thân thiện với làn da, mềm mại",CHUA_CO,,,
yueyang,2,2,生产厂家,Công ty TNHH Thực phẩm Yiran huyện Yueyang,CHUA_CO,,,
yueyan,2,2,产品名称,Son môi Áo Mưa Yueyan,CHUA_CO,,,
livquan,2,2,产品规格,"Mặt nạ đá làm dịu và dưỡng ẩm Ceramide 4ml*20 miếng, Mặt Nạ Ngủ Dưỡng Ẩm Oligope",GIU,,,
yueshui,2,2,产品规格,"Mặt nạ collagen trẻ hóa Gelianna Gelina (Trắng), Mặt nạ collagen trẻ hóa DASSFN ",CHUA_CO,,,
assam,2,2,包装规格,"500g trà đen Ceylon, 500g trà đen Assam, 500g Trà đen Ceylon cực mạnh, Trà đen C",CHUA_CO,,,
asiuba,2,2,产品规格,"Mặt nạ dưỡng ẩm và dưỡng ẩm axit hyaluronic [Mặt nạ xanh], Mặt nạ dưỡng ẩm làm đ",CHUA_CO,,,
yuelin,2,2,产品厂家厂名,Công ty TNHH Trà Yuelin Triều Châu,CHUA_CO,,,
yuejinghui,2,2,供货商,Cửa hàng trà Yuejinghui,CHUA_CO,,,
yulan,2,1,花型,"Hồng Ngọc Bích + Xám Thanh Lịch [Tuyển Chọn Bông Xinjiang Lông Dài Loại A, Ngủ T",CHUA_CO,,,
yuku,2,1,净重（规格）,"[Ba mươi loại] 120 gói, [Ba mươi loại] 90 gói, [Ba mươi loại] 60 gói, Zhou Chang",CHUA_CO,,,
lipstick,2,2,产品名称,Jiao Wei Huayang Boudoir Dream Warm Lipstick,GIU,,,
liuyang,2,1,生产厂家,Công ty TNHH Thực phẩm Liuyang Xixin,CHUA_CO,,,
liuwu,2,1,包装规格,"Bộ Sưu Tập Súp Bốn Thần (25 túi nhỏ * 10g), Trà đào năm ngón và trà poria (25 gó",CHUA_CO,,,
mingxin,2,2,特妆产品名称,Mặt nạ dưỡng trắng da và chống nám Mingxin,CHUA_CO,,,
mingrun,2,2,包装规格,"2 túi * 250g Túi Ziplock trà xanh Alpine (Thương hiệu Shu Mingrun), 2 túi * 250g",GIU,,,
miracle,2,2,花型,"Cụm hoa [100% cotton, thân thiện với da và thoáng khí], Xiancao [100% cotton Tân",CHUA_CO,,,
shangqing,2,2,颜色,"màu xám nhạt, Trắng, màu đen, màu xám đậm, Shangqing, sương mù xanh",CHUA_CO,,,
fuwa,2,2,颜色,"Mèo Ba Tư màu hồng, Màu hồng nhạt màu vàng vịt, Hoàng đế màu hồng, Thỏ màu hồng ",CHUA_CO,,,
miltiorrhiza,2,2,包装规格,"[Lựa chọn chất lượng] Hoa cúc 50g, [Lựa Chọn Chất Lượng] Lá Bồ Công Anh 50g, [Lự",CHUA_CO,,,
mino,2,2,包装规格,"125g Zhengshan Kosa (25 gói), 250g Zhengshan Mino (50 gói), 500g Zhengshan Xiaob",CHUA_CO,,,
domico,2,1,容量,Bình giữ nhiệt hình thỏ trượt tuyết Pink Winter [Ruột thép không gỉ 316/Vòi hút ,CHUA_CO,,,
dolaimi,2,2,花型,"Thỏ Peter [Loại A dành cho mẹ và bé], Màu tím đầu hè [Loại A, cấp độ an toàn cho",CHUA_CO,,,
suli,2,1,花型,"Yoshino Tsukishima-Cedar Xanh, Hơi thở của thiên nhiên-Bột yến mạch Naked, Norma",CHUA_CO,,,
fuyuan,2,2,产品规格,"Astaxanthin, Centella asiatica, rau diếp biển, Đá lạnh đậm đà, Loại ứng dụng Fuy",CHUA_CO,,,
shaun,2,2,花型,"Chăm sóc gấu, gấu len, con chó hạnh phúc, Phong cách màu xanh, Kiểu lạc đà, Phon",CHUA_CO,,,
doodle,2,2,颜色,"1 # Yến mạch Bang Bang, 2 # Đường đá nghiền, 3 # Ô long Bobo, 4 # tomato doodle,",CHUA_CO,,,
dongping,2,2,老白茶部分原料产地,"Trà trắng Phúc Đỉnh tươi, thơm và mềm: Nodou, Taimushan, Bailin, Guanyang, Panxi",CHUA_CO,,,
donglai,2,2,包装规格,"[30 loại trà Hộp quà trà Ping An Joy], [30 loại trà, hộp quà trà Dajidi], [Hộp q",GIU,,,
miniso,2,2,产区,Miniso Oolong miền Bắc,GIU,,,
minion,2,1,颜色,"IMD lỗ lớn Hút từ tính-Cây đũa thần Star Minion, Lỗ lớn IMD hút từ - cây đũa thầ",CHUA_CO,,,
litingji,2,2,产品名称,Mặt nạ dưỡng ẩm và làm đẹp da Litingji Dendrobium,CHUA_CO,,,
lithospermum,2,1,产品规格,"Mặt nạ bùn làm sạch và kiểm soát dầu Shiyue Lithospermum 120g, Mặt Nạ Bùn Đen Ki",CHUA_CO,,,
liyuan,2,2,生产厂家,Công ty TNHH Công nghệ Nông nghiệp Ningde Liyuan,CHUA_CO,,,
lixiang,2,2,五种混搭茶叶明细表,"Năm 2025, trà Long Tỉnh thời nhà Minh, trà mới Lixiang Biluochun, trà hoa nhài t",CHUA_CO,,,
livi,2,1,花型,"Livi màu cà phê đậm, Livi màu cà phê nhạt, Phấn ballet Dove, Đa Phù Cát Cánh Tím",CHUA_CO,,,
yuhelu,2,1,颜色,"Khăn yếm và mũ (kiểu bướm) của Bò Hà Lan cần đặt hàng riêng., Màu latte (áo cánh",CHUA_CO,,,
dongguan,2,2,生产厂家,"Dongguan Fengxi Food Co., Ltd.",CHUA_CO,,,
studio,2,2,适用场景,"ngoài trời, nhà, phòng tắm khách sạn, studio chụp ảnh cưới",CHUA_CO,,,
shanyu,2,1,包装规格,"Hộp quà tặng trà Trà Cổ Nhân Anh Tuyền Anh Tuyền (Tieguanyin) An Sĩ Thanh Hương,",CHUA_CO,,,
fulu,2,1,颜色,"Bầu Fulu bán chạy, Bán nóng ra vào an toàn, Bán nóng màu trắng ra vào an toàn, B",CHUA_CO,,,
stress,2,2,产品类别,Bóng xả stress,GIU,,,
double-barrel,2,2,颜色,"Súng hơi 115-1 98K, 115-5 Laifu Soft Shotgun [Màu sắc ngẫu nhiên], 115-10 khẩu s",CHUA_CO,,,
stream,2,2,花型,"Jensen-Yellow (Thiết kế viền vỏ chải dày bằng cotton loại A), Jensen-Pink (Thiết",THAY,truyền phát,,
yunjian,2,2,花型,"Những bông hoa yên tĩnh [thân thiện với làn da * có thể ngủ khỏa thân], Mo Yu Yu",CHUA_CO,,,
yuncaoxiang,2,2,花型,"phong cách hiện đại, Gấu Hepburn, giấc mơ gấm, rất nhiều, Hiểu, nước biển sâu, m",CHUA_CO,,,
yuncao,2,2,花型,"""Extra Thick"" Snow Orchid Heart - [Chống vón cục - Bền màu], Happy Valley ""Extra",CHUA_CO,,,
live,2,2,产品规格,"Sữa rửa mặt kiểm soát dầu Jinshuang (mới) 168g, Sữa rửa mặt bằng than hoạt tính ",CHUA_CO,,,
lola,2,2,花型,"Hoa Tưởng Dung [Chất lượng cao, không rụng lông, chống tĩnh điện], Bách Thảo Viê",CHUA_CO,,,
loka-ka,2,2,花型,"Một Monica [không bóng/không co lại], Lưới Tianzi màu xanh lam [không bóng/không",CHUA_CO,,,
loda,2,1,颜色,"Jerry 6973 thế hệ thứ 2 đầy đủ tính năng, đổi tên và định vị + phát hiện trong t",GIU,,,
shiguiping,2,2,原料产地及类型选择,Có những khu vực sản xuất như Núi Wudong ở thị trấn Fenghuang và làng Shiguiping,CHUA_CO,,,
drunken,2,2,净重（规格）,"[Hai mươi món ăn nhẹ tuổi thơ] 30 gói, [Hai mươi món ăn nhẹ tuổi thơ] 60 gói, [H",CHUA_CO,,,
dropship,2,2,服务,Hỗ trợ dropship,THAY,giao hộ,,
fujie,2,1,产品名称,Sữa rửa mặt làm mới kiểm soát dầu Le Fujie,CHUA_CO,,,
fugui,2,2,生产厂家,Công ty TNHH thực phẩm Longhai Fugui Lion,CHUA_CO,,,
fugt,2,1,颜色,"A5-1 màu xanh lam mát mẻ, Màu cam A5-1, A5-1 Ben xám bạc, Màu trắng đậm A5-1, A5",CHUA_CO,,,
shenjia,2,2,生产厂家,Công ty TNHH Thực phẩm Hồ Bắc Shenjia,CHUA_CO,,,
storage,2,1,颜色,"1 màu trong suốt + nhãn dán hoạt hình ba chiều [Home Sundries Storage Master], 1",CHUA_CO,,,
doraemon,2,2,颜色,"Cắm hoa mẫu đơn nở rộ 120L, 50*40*60cm, Hoa huệ 120L hạ chí 50*40*60, Cỏ bốn lá ",GIU,,,
dreamer,2,2,颜色,"G01 # mùa hè mát mẻ, G02 # Trà Đen Băng ngọt, G03 # Dreamer Qingshui White Peach",CHUA_CO,,,
yunjin,2,2,花型,"Thỏ Hoa Nhài [Cotton 100% cho Mẹ và Bé], [100 bông dành cho bà mẹ và trẻ sơ sinh",CHUA_CO,,,
militaris,2,2,包装规格,"Trà rễ súng vàng bổ dưỡng Wanming (100g, 20 gói chai vuông nắp vàng), Trà đen ca",CHUA_CO,,,
milimet,2,2,包装规格,[Trà mới 2026 Mingqian Biluochun Hương thơm mạnh mẽ và có khả năng pha chế] A1 M,CHUA_CO,,,
miliampe,2,2,电源容量,miliampe,CHUA_CO,,,
miley,2,1,颜色,"Áo liền quần gấu cầu vồng, Áo liền quần họa tiết graffiti Van Gogh, Áo liền quần",CHUA_CO,,,
minglong,2,2,生产厂家,Nhà máy Trà Minglong huyện Xinchang,CHUA_CO,,,
love-coffee,2,2,花型,"Mùa hoa Altay [100 bông dài in tinh tế], Yili Huadian [100 bông dài in tinh tế],",CHUA_CO,,,
louvre,2,2,花型,"碧从锦簇【加厚保暖 防静电不掉毛】, 春时在宴【加厚保暖 防静电不掉毛】, 落日浪漫【加厚保暖 防静电不掉毛】, 森蔓绿【加厚保暖 防静电不掉毛】, 树与蝉鸣【",CHUA_CO,,,
millennium,2,1,花型,"Bột màu xám Dell-Ya, Dell-Xanh đầy sao, Rượu sâm panh Del-Light, Ngọc trắng Dail",CHUA_CO,,,
yunshang-xiangyun,2,1,花型,"Nàng tiên hoa Yunshang, Yunshang-Hoa Lê Mùa Thu, Cà phê Yunshang-Love, Yunshang-",CHUA_CO,,,
yunshang-houndstooth,2,1,花型,"Nàng tiên hoa Yunshang, Yunshang-Hoa Lê Mùa Thu, Cà phê Yunshang-Love, Yunshang-",CHUA_CO,,,
anti-repairing,2,1,产品规格,"KISSMWAH Ice American Double Anti-Repairing Night Mask-Pish 25ml, KISSMWAH Ice A",CHUA_CO,,,
anti-mask-pit,2,2,产品规格,EQED Collagen Blue Copper Peptide Revitalizing Double Mask-Đóng hộp 30ml × 5 miế,CHUA_CO,,,
military,2,1,颜色,"Khủng long biến hình H25 [2 màu ngẫu nhiên], Khủng long biến hình H27 [2 màu ngẫ",CHUA_CO,,,
yunqi-vanilla,2,1,花型,"Yunqi - Xanh & Trắng, Mousse Yunqi-Mocha, Bột đào trà trắng Yunqi, Cà phê sữa Yu",CHUA_CO,,,
yunqi-daisy,2,1,花型,"Yunqi - Xanh & Trắng, Mousse Yunqi-Mocha, Bột đào trà trắng Yunqi, Cà phê sữa Yu",CHUA_CO,,,
ares,2,2,颜色,"Cơ chế biến dạng [kiểu ngẫu nhiên], Mecha War League [Hộp quà], Mecha Alliance [",CHUA_CO,,,
dream-pink,2,2,花型,"Hoa nhẹ nhàng [100% cotton hai mặt], Avril Lavigne [100% cotton hai mặt], Khủng ",CHUA_CO,,,
stripes-little,2,1,颜色,"Sơn hồng N2 [đỏ], Sơn hoa hồng N2 [tím], 550 Three Stripes-Little Duck [Đen và T",CHUA_CO,,,
sheng-cocoa,2,1,花型,"[Bốn Mùa] Đảo Mặt Trăng Mi Sheng-Cocoa Brown, [Bốn Mùa] Đảo Mặt Trăng Mi Sheng-X",CHUA_CO,,,
fu'erjia,2,1,产品规格,"敷尔佳DNA钠水光焕采紧塑面膜5片/盒 有官方防伪码, 敷尔佳胶原璀璨嘭弹乳霜面膜5片/盒（钢铁侠面膜） 有官方防伪码, 【2.0】敷尔佳舒安水500ml 有官",CHUA_CO,,,
shell-trong,2,2,颜色,"Vỏ không gian trong suốt-Vỏ không gian bướm vàng, Vỏ không gian trong suốt-Vỏ kh",CHUA_CO,,,
driver,2,2,颜色,"Trình điều khiển gấu màu be hộp Gap, Gap Box Beige Bear Co-Pilot, Gap Box Black ",CHUA_CO,,,
dressing,2,2,规格,"Loại nén lạnh y tế [Trắng cổ điển] loại 5 miếng, Một loại [đầu tiên nhìn thấy mà",CHUA_CO,,,
dunmase,2,1,包装规格,"喜糖试吃全店随便选, Kẹo cứng hương đào trắng Hongyuan 500g, khoảng 120 miếng, Kẹo sữa Wan",CHUA_CO,,,
dulcis,2,2,包装规格,"Trà Nhân Sâm Năm Quý [5g x 30 túi]/túi, Trà Nhân Sâm Liubao [5g x 30 túi]/túi, T",CHUA_CO,,,
drop,2,2,颜色,"809 Xe Đồ Thêu Đơn - Hồng, 809 Xe thêu ca rô đơn - Xanh, 809 Thêu xe ca rô đơn -",CHUA_CO,,,
stars,2,2,花型,"Tea Master [100% cotton nguyên chất, một giả sẽ bị phạt mười], Giỏ dã ngoại [100",CHUA_CO,,,
starman,2,1,颜色,"IMD lỗ lớn Hút từ tính-Cây đũa thần Star Minion, Lỗ lớn IMD hút từ - cây đũa thầ",CHUA_CO,,,
starfall,2,1,颜色,"Súng bắn đạn mềm 333-84 Mẹ chồng [ba màu ngẫu nhiên], 6001 Xuanbian Warrior Alli",CHUA_CO,,,
straight,2,2,包装规格,"2026 Mingqian (10# Snow Bud Maojian) - Số lượng lớn 500g, 2026 Mingqian (2# Xuey",CHUA_CO,,,
shichai,2,2,产品规格,"Axit hyaluronic bột đông khô nguyên khối, Mặt nạ Niacinamide dạng viên, Mặt nạ d",CHUA_CO,,,
shiba,2,2,颜色,"1 # Trà sữa nhẹ đào trắng, 2 # Trà cam hoàng hôn, 3 # Trà đào ổi, 4 # Shiba Saku",CHUA_CO,,,
for,2,2,花型,"Bi Han + Biển Hoa Fangfei [Bộ bốn món nhung sữa có trọng lượng cao], Beihan + Ng",CHUA_CO,,,
foodie,2,1,净重（规格）,"[Ba mươi loại] 120 gói, [Ba mươi loại] 90 gói, [Ba mươi loại] 60 gói, Zhou Chang",CHUA_CO,,,
flowers-milk,2,1,花型,"Thắt nơ màu trắng sữa xanh [nhung sữa có trọng lượng cao không dễ rụng]1, Little",CHUA_CO,,,
flowers,2,2,花型,"Locke Manor-Red [100% cotton, thân thiện với da, mềm mại và thoải mái], Lời giới",CHUA_CO,,,
yuzi,2,1,花型,"Màu hồng phấn nhạt (màu trơn), Nâu nhạt - trà sữa - chải (phối hai màu), Trà sữa",GIU,,,
five-finger,2,2,包装规格,"Trà Nhân Sâm Năm Quý [5g x 30 túi]/túi, Trà Nhân Sâm Liubao [5g x 30 túi]/túi, T",CHUA_CO,,,
flow,2,2,花型,"""Extra Thick"" Snow Orchid Heart - [Chống vón cục - Bền màu], Happy Valley ""Extra",CHUA_CO,,,
duba,2,2,产品厂家厂址,"Số 3, Duba, làng Jiaoting, đường Wuyi, thị trấn Xingtian, thành phố Wuyishan, th",CHUA_CO,,,
dye,2,2,颜色,"C611 Solona nhuộm cà vạt đen, C611 Solona nhuộm cà vạt màu trắng, C611 Zorona mà",CHUA_CO,,,
dust,2,1,颜色分类,"3inch Tiểu Đệ Nhất Đỏ [2 Hành Động], 3inch Tiểu Thanh Gia Phong Cách Xanh [2 Hàn",CHUA_CO,,,
zhangping,2,2,包装规格,"[Khoảng 100 miếng bánh trà nhỏ/catty], (Pha 30 bánh chè nhỏ) 500g, Trà ô long vỏ",CHUA_CO,,,
mickeymickey,2,2,形象,Chuột MickeyMickey,CHUA_CO,,,
mickey,2,2,颜色,"M01-Máy xúc, M02-Cần trục, M03-mặt cười, M04-Cô bé, M05-Sư tử nhỏ, M06-gấu màu b",CHUA_CO,,,
michael,2,1,颜色,"Giày Mike Duck toàn màu trắng, Giày Mike Duck màu bạc, Giày Mike Duck toàn màu đ",CHUA_CO,,,
micamel,2,2,花型,"Bột đậu nhạt màu xám than chì [100% cotton mềm mại và thoải mái], Micamel Mocha ",CHUA_CO,,,
mile,2,1,颜色,"Star (bông kháng khuẩn có nguồn gốc thực vật), Moon (bông kháng khuẩn có nguồn g",CHUA_CO,,,
aobeiyan,2,2,特妆产品名称,Mặt nạ làm trắng da và chống nhăn Aobeiyan,GIU,,,
formula,2,2,颜色,"Phiên bản có thể sạc lại của Spray Racing (điều khiển từ xa 6 kênh), Xe địa hình",CHUA_CO,,,
shiling,2,2,广州狮岭双肩包工厂,Quảng Châu nhà máy sản xuất túi vải nylon,CHUA_CO,,,
steak,2,2,包装规格,"Khoai tây chiên Lay's [1 gói] 12g / Hương vị nguyên bản, Khoai tây chiên Lay's [",CHUA_CO,,,
starship,2,2,颜色,"8970-1 Tàu sân bay 6 trong 1 [138 mảnh ghép], 8970-2 Thế giới Khủng long 6 trong",CHUA_CO,,,
luoyu-kabaitiao,2,2,花型,"Fange - Sọc Xanh Trắng [100% Cotton - Siêu Mềm Mại, Thoải Mái Khi Ngủ], Sketch -",CHUA_CO,,,
luoying,2,2,花型,"Luoying đầy màu sắc [Vải sáp mềm loại A * Sợi hai lớp mềm kháng khuẩn], Manmanzh",CHUA_CO,,,
luoyang,2,2,产地,"Luoyang, Henan",CHUA_CO,,,
luoda,2,2,芯片类型,Luoda,CHUA_CO,,,
zangshan,2,1,包装规格,500g thực thể thương mại điện tử hương hoa lan hút ẩm mùi vị vịt trà nguyên chất,CHUA_CO,,,
zaizai,2,2,花型,"Cụm hoa [100% cotton, thân thiện với da và thoáng khí], Xiancao [100% cotton Tân",CHUA_CO,,,
amusement,2,2,颜色,"[Thỏ hoa Khaki] Bộ đồ cotton lưng cao bảo bụng, [Hoa hồng] Bộ đồ cotton bảo vệ b",CHUA_CO,,,
aman,2,2,花型,"Yoshino Tsukishima-Cedar Xanh, Hơi thở của thiên nhiên-Bột yến mạch Naked, Norma",CHUA_CO,,,
altay,2,2,花型,"Altay Hoa Quý [100 sợi bông sợi dài, in hoa văn tinh xảo], Yili Huadian [100 sợi",CHUA_CO,,,
microphone,2,1,颜色,Gà con hoạt hình màu vàng [Giáo dục sớm kể chuyện + Bluetooth không dây + Hát + ,THAY,micro,,
anrun,2,1,产品规格,"(Hồ chứa nhỏ) Mặt nạ dưỡng ẩm Anrun 5 miếng, (Small Reservoir Pro) Mặt nạ dưỡng ",GIU,,,
yuyi,2,2,生产厂家,"Lu'an Yu'an District Yuyi Tea Co., Ltd.",CHUA_CO,,,
duel,2,2,颜色,"Súng hơi 115-1 98K, 115-5 Laifu Soft Shotgun [Màu sắc ngẫu nhiên], 115-10 khẩu s",CHUA_CO,,,
flavescens,2,2,成分,"Axit amin, axit salicylic, panthenol, sophora flavescens, lô hội",CHUA_CO,,,
flashlink,2,2,颜色,"Phiên bản nhập cảnh màu đen [Hiệu ứng âm thanh nhập cảnh Bluetooth 4.2+], Phiên ",CHUA_CO,,,
fog,2,2,产品名称,MYG Silky Fog Air Glaze K502,CHUA_CO,,,
zhenggefu,2,2,生产厂家,"Zhangzhou Zhenggefu Food Co., Ltd.",CHUA_CO,,,
allen,2,2,花型,"Viễn Đại—Xám—【Túi xách tinh xảo】, Allen - Trắng - [Túi xách tay tinh xảo], Chunp",CHUA_CO,,,
stegosaurus,2,2,颜色,"Tấm bọc chân xe màu trắng một mảnh, Ngôi sao trắng và mây chân bó một mảnh, Khăn",CHUA_CO,,,
steel,2,2,包装规格,"Trà rễ súng vàng bổ dưỡng Wanming (100g, 20 gói chai vuông nắp vàng), Trà đen ca",CHUA_CO,,,
floating,2,2,颜色,"[Môi bóng đào Fantasy] J811 Quả nhân sâm, 【Son Gương Hoa Đào】L01 Đồng Cỏ, [Son m",CHUA_CO,,,
flip-top,2,1,规格,"350ml, 650ml, 2000ml, Nắp trắng 1200ml, Nắp cam 1200ml, Nắp xanh 1200ml, Nắp màu",THAY,nắp lật,,
flint,2,2,颜色,"Kiếm đôi phát sáng cắm điện [hộp màu], 【Kiếm Bướm - Mech Đỏ & Trắng】Hiệu Ứng Ánh",CHUA_CO,,,
shihou,2,2,产品名称,Miếng dán collagen vi tinh thể nước ngưng tụ SEOMOU Shihou dành cho nếp gấp mũi,GIU,,,
shooting,2,2,颜色,"Súng hơi cảnh sát B999-43, Bộ giải đấu bắn súng B999-45, Súng bắn đạn xốp mềm 33",CHUA_CO,,,
shizi,2,1,产品规格,"Mặt nạ làm dịu và trẻ hóa mật ong thơ ca Fiber, Mặt nạ dưỡng ẩm axit Hyaluronic ",GIU,,,
shitun,2,2,老白茶部分原料产地,"Trà trắng Phúc Đỉnh tươi, thơm và mềm: Nodou, Taimushan, Bailin, Guanyang, Panxi",CHUA_CO,,,
flanging,2,2,流行元素,Flanging,CHUA_CO,,,
miaojie,2,2,洗碗布,"Khăn rửa chén không dính dầu, khăn rửa chén Miaojie, miếng bọt biển rửa chén, kh",CHUA_CO,,,
luxi,2,1,产品规格,Mặt nạ bùn trà xanh Han Luxi 120g,GIU,,,
luvie,2,1,花型,"Hepburn - Champagne, Hepburn - Tím nhạt, Bình yên - Xanh dương, Cửu Ảnh - Cà phê",CHUA_CO,,,
lushan,2,2,包装规格,"100g * 1 bánh [Iceland 2020], 100g * 1 bánh [Iceland Spring Rhyme 2019], 100 gra",HANVIET,Lư Sơn,,
lvmingfeng,2,2,生产厂家,Công ty TNHH trà Lvmingfeng huyện Songyang,CHUA_CO,,,
lyena,2,1,产品规格,"Mặt nạ huyết thanh GIK21 thế hệ thứ ba, Skin Future 377 Whitening Mask 5 miếng, ",CHUA_CO,,,
shuaishi,2,1,包装规格,"40 miếng trứng hầm Hillbilly của [Shuai], 30 miếng trứng hầm Hillbilly của [Shua",CHUA_CO,,,
show,2,2,产品规格,"Màng xanh 25ml/g*10 viên, Miếng dán phục hồi Centella Asiatica B5 25g*10 miếng, ",CHUA_CO,,,
eastern,2,2,尺寸,"12inch (Miễn phí lên máy bay cho hãng hàng không Spring), 14 (China Eastern Airl",CHUA_CO,,,
spelling,2,1,花型,"Màu trơn - Xám đậm, Màu trơn - xám nhạt, Ngọc bích ánh sáng kép + Khaki, Kết hợp",CHUA_CO,,,
split,2,2,颜色,"Cuộc phiêu lưu trong rừng, Câu chuyện rừng, Vòng cổ chuối mật ong yêu tinh folio",CHUA_CO,,,
meteoite,2,1,颜色,"Trắng ngà [kiểu ngang] kiểu mở kho trước, Bột Corn [kiểu ngang] kiểu mở kho trướ",CHUA_CO,,,
metal,2,2,规格尺寸,"Máy ghi âm [bare metal], Máy ghi âm + Ứng dụng (APP) + Thẻ SIM 3G, Máy ghi âm + ",GIU,,,
mibe,2,2,颜色,"[Hệ thống hấp thụ sốc túi khí] Xám tím, [Hệ thống hấp thụ sốc túi khí] Mibe",CHUA_CO,,,
miaotiao-powder,2,2,花型,Miaotiao-Powder [Loại A dành cho bà mẹ và trẻ sơ sinh/mềm mại/thân thiện với làn,CHUA_CO,,,
anbian,2,2,产品厂家厂址,"Số 112-2, Anbian, Làng Sancun, Thị trấn Trường Khánh, Huyện Anxi, Tỉnh Phúc Kiến",CHUA_CO,,,
zhaocai,2,1,颜色,"Mặt dây chuyền ngọc bích xanh bùng nổ [Ra vào an toàn], Mặt dây chuyền ngọc bích",CHUA_CO,,,
zhangsheng,2,2,包装规格,"Pu'er Double Cake 714g (Puban Zhangsheng Pupu Chenxiang Tea Knife), Bánh đôi trà",CHUA_CO,,,
zhenghong,2,2,颜色,"Đơn: 1 # nữ thần đỏ, Đơn: 2 # net cà chua đỏ, Đơn: 3 # Queen Zhenghong, Đơn: 4 #",CHUA_CO,,,
zhenghe,2,2,老白茶部分原料产地,"Trà trắng Phúc Đỉnh tươi, thơm và mềm: Nodou, Taimushan, Bailin, Guanyang, Panxi",CHUA_CO,,,
menghualu,2,2,花型,"Hương hoa đầy cành [100% cotton], Anna Garden [100% vải cotton], Kẹo đá Happy Ro",CHUA_CO,,,
menwork,2,2,3,MenWork Quần Áo Ba Lô Nam Ba Lô Sang Trọng Thường Ngày Ba Lô Nam Ba Lô Nam Ba Lô,CHUA_CO,,,
ames,2,1,包装规格,"喜糖试吃全店随便选, Kẹo cứng hương đào trắng Hongyuan 500g, khoảng 120 miếng, Kẹo sữa Wan",CHUA_CO,,,
americano,2,2,产品规格,"Mặt nạ cà chua làm trắng Yue Yan 5 miếng, Miếng dán lạnh Yue Yan Mei, 5 miếng (V",CHUA_CO,,,
duozai,2,2,包装规格,"500g đầu trà thơm vịt số 9 [nguyên liệu pha trà], 500g đầu trà thơm vị vịt số 10",CHUA_CO,,,
shouzhuo,2,2,生产厂家,Công ty TNHH Trà Shouzhuo Côn Minh,CHUA_CO,,,
fesini,2,2,产品名称,Mặt nạ dưỡng ẩm cao Fesini Sodium Hyaluronic Acid,CHUA_CO,,,
fisini,2,2,产品名称,Mặt nạ làm săn chắc dưỡng ẩm cao da FACELIVE Fisini Collagen,GIU,,,
fengsung,2,2,花型,"Senman-Milk White [Bông loại A, an toàn khi ngủ khỏa thân], Duoduo - hồng nhạt [",CHUA_CO,,,
electroplated,2,1,颜色,[Mạ điện trong suốt] Vỏ mềm chống rơi - Đi kèm lưới chống bụi - Đi kèm phim dán ,CHUA_CO,,,
elastin,2,1,主面料成分含量,Top: 54% cotton 39% polyester 7% polyurethane elastin Quần: 54% cotton 39% polye,CHUA_CO,,,
sopg-cotton,2,1,颜色,"Xe đường phố-bông trắng, Xe đường phố-bông đen, TREAT mèo-trắng 100% cotton, TRE",CHUA_CO,,,
spatula,2,2,尺寸,"316 [thìa lật] màu đen, làm từ gỗ mun siêu dày., Muỗng canh gỗ mun đen siêu dày ",CHUA_CO,,,
zheng'anxi,2,1,包装规格,"500g Trà Ô Long Tieguanyin Thơm Ngát, Hạng 7.5 [Nguyên Liệu Pha Trà Điện Tử], 50",CHUA_CO,,,
mengyoutuan,2,2,花型,"Mèo cam [Cấp độ A dành cho mẹ và bé / Siêu mềm mại, có thể ngủ trần], Thỏ mềm mà",CHUA_CO,,,
methisa,2,1,产品规格,"Peptide đồng xanh làm đẹp, Axit Hyaluronic Meili Rongyan [Phong cách hình ảnh ch",CHUA_CO,,,
alloy,2,2,颜色,"28cm 【Hợp kim đen】Xe địa hình leo núi dẫn động hai bánh, 28cm 【Alloy Red】Xe địa ",CHUA_CO,,,
fighting,2,1,颜色,"Khủng long biến hình H25 [2 màu ngẫu nhiên], Khủng long biến hình H27 [2 màu ngẫ",CHUA_CO,,,
fighter,2,2,颜色,"706-83 [Tím] Xe tải biến hình, 706-83 [Đỏ] Xe tải biến hình, 706-83 [Xanh] Xe tả",CHUA_CO,,,
field,2,2,颜色,"01 # Trà đen hoa hồng, 02 # Fried Field Red (nhìn tốt), 03 # Màu nâu đỏ mát mẻ, ",GIU,,,
ficeli,2,1,产品名称,Miếng dán sửa chữa thực vật Ficeli Ficeli,CHUA_CO,,,
shoubi,2,2,包装规格,"Bộ bàn ăn 8 hương vị và 8 món [đề xuất để tiết kiệm chi phí], Bộ bát đĩa gồm 6 m",CHUA_CO,,,
shuangpin-bamboo,2,2,花型,Shuangpan-Moka Brown Land Brown [Mẫu bốn mùa] Loại A dành cho bà mẹ và trẻ sơ si,CHUA_CO,,,
shuangpan-xanh,2,2,花型,Shuangpan-Moka Brown Land Brown [Mẫu bốn mùa] Loại A dành cho bà mẹ và trẻ sơ si,CHUA_CO,,,
shuangpan-tre,2,2,花型,Shuangpan-Moka Brown Land Brown [Mẫu bốn mùa] Loại A dành cho bà mẹ và trẻ sơ si,CHUA_CO,,,
ekdoin,2,2,产品规格,"敷尔佳DNA钠水光焕采紧塑面膜5片/盒 有官方防伪码, 敷尔佳胶原璀璨嘭弹乳霜面膜5片/盒（钢铁侠面膜） 有官方防伪码, 【2.0】敷尔佳舒安水500ml 有官",CHUA_CO,,,
eight,2,2,产品名称,Mặt Nạ Dưỡng Ẩm BISUTANG Eight Cups of Water,CHUA_CO,,,
eiffel,2,1,颜色,"Hộp rượu vang đỏ đơn, Hộp mẹ rượu vang đỏ, Hộp đơn màu đen, Hộp mẹ con màu đen, ",CHUA_CO,,,
airsoft,2,2,颜色,"Súng hơi 115-1 98K, 115-5 Laifu Soft Shotgun [Màu sắc ngẫu nhiên], 115-10 khẩu s",CHUA_CO,,,
magellan,2,2,花型,"Lá Bạch Quả - Xanh Dương [Loại A, cấp độ mẹ và bé], Chanh xanh bạc hà [Loại A dà",CHUA_CO,,,
menglu,2,2,颜色,"Bộ tài khoản vui nhộn (ngẫu nhiên) CY-97, Chú Gấu Dễ Thương Thợ Thủ Công Nhỏ 811",CHUA_CO,,,
mengli,2,2,花型,"Mèo cam [Cấp độ A dành cho mẹ và bé / Siêu mềm mại, có thể ngủ trần], Thỏ mềm mà",CHUA_CO,,,
eminem,2,2,颜色,"2301 màu vàng mẹ điện, 2301 xám trắng, 2301 xám Yuanzu, 2301 xám chuột, A2301 tr",CHUA_CO,,,
fengfang,2,1,颜色,"Sáu cửa hàng trong mơ của K364-369, K478-K483 Cửa Hàng Xem Đường Hai Lớp - Sáu K",CHUA_CO,,,
ferment,2,2,产品规格,"Mặt nạ Zhiduofuyan (kiểu Tian) - 25ml/cái ""Giá đặc biệt"", Mặt Nạ Dưỡng Da Chống ",CHUA_CO,,,
fengxuelanxin,2,2,花型,"Milo Sweetheart [100% Cotton Class A dành cho bà mẹ và trẻ sơ sinh], Fengxuelanx",CHUA_CO,,,
shuangpan-moka,2,2,花型,Shuangpan-Moka Brown Land Brown [Mẫu bốn mùa] Loại A dành cho bà mẹ và trẻ sơ si,CHUA_CO,,,
shuili,2,2,产品厂家厂名,Hương trà Phúc Kiến Shuili,CHUA_CO,,,
shui,2,2,产品名称,Sữa Rửa Mặt Tẩy Trang Dưỡng Ẩm & Cấp Ẩm Vitamin C Shui Yun Meng,CHUA_CO,,,
shuangzi,2,2,净重（规格）,"[Hai mươi món ăn nhẹ tuổi thơ] 30 gói, [Hai mươi món ăn nhẹ tuổi thơ] 60 gói, [H",CHUA_CO,,,
shuangpin-land,2,2,花型,Shuangpan-Moka Brown Land Brown [Mẫu bốn mùa] Loại A dành cho bà mẹ và trẻ sơ si,CHUA_CO,,,
mengdu,2,2,生产厂家,Công ty TNHH Thực phẩm Công nghiệp Cừu Mengdu Nội Mông,GIU,,,
mengtongshan,2,1,包装规格,"A7纯芽翠芽绣花针2026年新茶——明前纯单芽高山20孔特细绿短绣花针芯子, B2小龙芽2026年新茶——圆竹高山特绿肥小纯芽芯, YZ4 khẩu phần ",CHUA_CO,,,
mengqi,2,1,颜色,"Bộ tài khoản vui nhộn (ngẫu nhiên) CY-97, Chú Gấu Dễ Thương Thợ Thủ Công Nhỏ 811",CHUA_CO,,,
mengna,2,1,颜色,"Bộ tài khoản vui nhộn (ngẫu nhiên) CY-97, Chú Gấu Dễ Thương Thợ Thủ Công Nhỏ 811",CHUA_CO,,,
mengmeng,2,2,花型,"Ông Elephant-Blue, Ông Elephant-Màu xanh vàng sữa, Chó chấm bi màu, Chó ngộ nghĩ",CHUA_CO,,,
zhenxinpa,2,1,包装规格,"【7 miếng】Bánh mì ăn sáng Zhenxinpa, 【16 miếng】Bánh mì ăn sáng Zhenxinpa, 【30 miế",CHUA_CO,,,
al,2,2,产品名称,Gel làm sạch nhẹ nhàng axit amin của Dr. Al,CHUA_CO,,,
shunshui,2,2,包装规格,"Hộp gỗ Sheng Shihao Li 30 lon [Jin Junmei], Sáu loại trà nổi tiếng xuyên biên gi",CHUA_CO,,,
shunfeng,2,2,包装规格,"Hộp gỗ Sheng Shihao Li 30 lon [Jin Junmei], Sáu loại trà nổi tiếng xuyên biên gi",CHUA_CO,,,
shuiyang,2,1,产品规格,"Làm trong suốt da đẹp 30g, Mặt nạ trị tàn nhang làm trắng da Yizhichun Shuiyang ",CHUA_CO,,,
sifang,2,2,包装规格,"Hàng trăm Chim Đối Mặt Phượng Hoàng-Ba Trà Nổi Tiếng 363g, Royal Style Dragon Su",CHUA_CO,,,
fengba,2,1,颜色,"A5-1 màu xanh lam mát mẻ, Màu cam A5-1, A5-1 Ben xám bạc, Màu trắng đậm A5-1, A5",CHUA_CO,,,
zhixia,2,1,花型,Zhixia Pearl White Grey [lụa lạnh rửa bằng nước mát | công nghệ jacquard lụa sán,CHUA_CO,,,
zhiton,2,2,生产厂家,Công ty TNHH Thực phẩm Zhiton Quảng Châu,CHUA_CO,,,
zhimingxiang,2,2,产品厂家厂名,"Nhà cung cấp của Fujian Zhimingxiang Trading Co., Ltd.",CHUA_CO,,,
zhilanxiang,2,1,包装规格,"500g đầu trà thơm vịt số 9 [nguyên liệu pha trà], 500g đầu trà thơm vị vịt số 10",CHUA_CO,,,
melanin,2,2,颜色,"HW42 họa tiết da báo mùa thu và mùa đông [họa tiết da màu nâu], HW42 họa tiết da",CHUA_CO,,,
maihui,2,2,生产厂家,Công ty TNHH Thực phẩm Maihui (Trịnh Châu),CHUA_CO,,,
magnolia,2,2,规格,"Magnolia (tiêu chuẩn 1 lọ tinh dầu lát gỗ), Gulong (tiêu chuẩn 1 chai gỗ lát tin",CHUA_CO,,,
mamba,2,2,颜色,"Cửa sổ nhỏ silicon lỏng từ tính tốt [màu đỏ tía], Cửa sổ nhỏ bằng silicon lỏng F",GIU,,,
maltodextrin,2,2,原料与配料,"Thành phần: Bột mì, Đường trắng, Dầu thực vật, Glucose ăn được, Maltodextrin, Tr",CHUA_CO,,,
mengge,2,2,花型,"Đang chờ [thân thiện với làn da và thoải mái, không vón cục, không phai màu], Hư",CHUA_CO,,,
encora,2,1,颜色,"Màu đen 【 J4701 】, Màu nâu [J4701], Màu be [J4701], Encora Red 【 J4701 】, Màu đe",CHUA_CO,,,
songjian,2,2,花型,"[Bốn Mùa] Đảo Mặt Trăng Mi Sheng-Cocoa Brown, [Bốn Mùa] Đảo Mặt Trăng Mi Sheng-X",CHUA_CO,,,
fangcheng,2,1,颜色,"Hộp quà lớn Xe đua kéo lùi Big G [509 hạt], Hộp quà lớn Bugatti xe đua [510 hạt]",CHUA_CO,,,
shurun,2,2,产品规格,"Hoa hồng VC dưỡng ẩm #10 viên (túi), Chamomile Vitamin Shurun #10 viên (túi)",CHUA_CO,,,
elk,2,2,花型,"Bi Han + Biển Hoa Fangfei [Bộ bốn món nhung sữa có trọng lượng cao], Beihan + Ng",CHUA_CO,,,
ennis,2,1,容量,"Thỏ cà rốt Noena (250ml) hai tay cầm, Ennis Strawberry Rabbit (250ml) hai tay cầ",CHUA_CO,,,
english,2,2,颜色,Champagne phiên bản tiếng Anh [khử tiếng ồn ANC trong kho màn hình màu thông min,THEO_CUM,,,
sour,2,1,包装规格,"[1 túi] Chân gà da hổ --- cay, [1 túi]Da hổ và chân gà - om, [Phong cách khách h",CHUA_CO,,,
sorbat,2,2,原料与配料,"Bột mì, đường trắng, nước uống, chất làm đặc, bột đậu đỏ [xi-rô mạch nha, đậu Hà",CHUA_CO,,,
feifeng,2,2,包装规格,"Trà chính của He Li, Dragon Feifeng Dance [Năm món quà trà lớn trên ba tầng], Hạ",CHUA_CO,,,
meijiang,2,1,包装规格,"Số 8 (Nguyên liệu thu hoạch tại Cổ Tỉnh Đầu)/250g, Số 8 (Nguyên liệu thu hoạch t",CHUA_CO,,,
meihe,2,2,生产厂家,Công ty TNHH trà Giang Môn Meihe,CHUA_CO,,,
ali,2,2,产品规格,Mặt nạ làm săn chắc da chống nhăn và đàn hồi Astaxanthin Bei Lingmei (do Ali cun,CHUA_CO,,,
algae,2,2,产品名称,Z:SEA Ocean Supreme Blue Algae Water Gel làm sạch kiểm soát dầu lâu dài,CHUA_CO,,,
zhenmei,2,1,包装规格,"A4日照云雾绿茶2026年新茶——雨前头采特细特绿浓豆香高山云雾茶, LX5龙香茶2026年新茶 松阳龙井43#香茶——雨前特细浓豆香高山云雾茶, C4龙香茶2",CHUA_CO,,,
shuangpin-kem,2,2,花型,Shuangpan-Moka Brown Land Brown [Mẫu bốn mùa] Loại A dành cho bà mẹ và trẻ sơ si,CHUA_CO,,,
shupu,2,1,包装规格,"500g Pu'er số 3 Shupu số 14, 500g Pu'er số 1 Shupu số 16, 500g trà Pu'er hóa thạ",CHUA_CO,,,
fatini,2,2,产品名称,Mặt nạ gạo Fatini feotznw,GIU,,,
sissi,2,2,花型,"Ấm áp như mùa hè-[Cotton], Silk-Geyun Space-【Cotton 】, Cam tươi-[Bông], Rèm Mùa ",CHUA_CO,,,
snowy,2,2,包装规格,Premium Snowy 125g*2 lon,CHUA_CO,,,
engineering,2,1,颜色,"Khủng long biến hình H25 [2 màu ngẫu nhiên], Khủng long biến hình H27 [2 màu ngẫ",CHUA_CO,,,
endless,2,2,颜色,"1 # Thích uống trà sữa (màu khỏa thân), 2 # Endless Valley Brown (Sôcôla), 3 # B",CHUA_CO,,,
man'e,2,1,包装规格,"500g Pu'er số 3 Shupu số 14, 500g Pu'er số 1 Shupu số 16, 500g trà Pu'er hóa thạ",CHUA_CO,,,
manlong,2,2,颜色,"[Gió giữa hoa] Manlong Guiyu-120ML, [Gió giữa hoa] Hẹn hò với hoa hồng-120ML, [G",CHUA_CO,,,
mdf,2,2,颜色,"Khung thép Houndstooth có tấm đế và nắp, Khung thép đáy mềm, Khung thép Houndsto",CHUA_CO,,,
mcnuggets,2,1,包装规格,"Khoai tây chiên Lay's [1 gói] 12g / Hương vị nguyên bản, Khoai tây chiên Lay's [",CHUA_CO,,,
zhongxi,2,2,生产厂家,Công ty TNHH thực phẩm Yiwu Zhongxi,CHUA_CO,,,
zhongan,2,2,生产厂家,"Hồ Nam Zhongan Tea Industry Co., Ltd.",CHUA_CO,,,
aishi,2,2,花型,"Matcha xanh sữa vàng, Phô mai xanh nhạt Bandilan, Vàng phô mai xanh nhạt, Ashi c",CHUA_CO,,,
sika,2,2,颜色,"Quần áo trẻ em ngẫu nhiên, papamama baby clothes, quần áo trẻ em thắt nơ, quần á",CHUA_CO,,,
sijiqing,2,2,货源类型,Hàng Châu Sijiqing,CHUA_CO,,,
singapore,2,2,毛重,Việt Nam Lào Campuchia Thái Lan Myanmar Malaysia Singapore Indonesia Brunei Phil,GIU,,,
snoopy,2,2,颜色,"Chữ BY lớn [34*30*16], Chữ H lớn [34*30*16], M lớn màu đen【34*30*16】, Đen cổ điể",CHUA_CO,,,
zicui-golden,2,2,产品规格,Mặt nạ dưỡng ẩm và trong mờ Ou Zicui-Golden Caviar 25gx5 miếng,CHUA_CO,,,
acetate,2,2,材质,Sợi acetate,GIU,,,
abu,2,2,花型,"Trái tim nhiều màu, Sự khởi đầu, Hoa nở mùa xuân, Tùng Thảo Tập, Gleier, Hoa nở ",CHUA_CO,,,
zongzong,2,1,净重（规格）,"[Ba mươi loại] 120 gói, [Ba mươi loại] 90 gói, [Ba mươi loại] 60 gói, Zhou Chang",CHUA_CO,,,
zirconium,2,2,颜色,"Zirconium Moon White (Mẫu hiển thị kỹ thuật số), Màu cam đen (mẫu hiển thị kỹ th",CHUA_CO,,,
zizi,2,2,包装规格,"30 gói-[Hộp đầy đủ tiết kiệm chi phí hơn] Hương vị hỗn hợp, 5 gói - nhiều hương ",CHUA_CO,,,
manzhi,2,2,颜色,"Cừu sao, Gấu trăng sao, Dù, Gấu cà phê trắng, gấu trúc khổng lồ, phi công, gấu l",CHUA_CO,,,
manyu,2,2,花型,"Những đám mây mềm mại [cộng với mã hóa nhung, lưu trữ nhiệt và giữ ấm], Quả dâu ",CHUA_CO,,,
masayama,2,1,包装规格,"Da Hong Pao 22 gói, Biluochun 30 gói, Dahongpao 30 gói, 30 gói trà đen Lapsang S",CHUA_CO,,,
martha,2,2,颜色,"Giá đỡ cốc mới - cùng màu với xe nguyên bản [Trắng ngà] Đồ đạc trong xe tốt, Giá",CHUA_CO,,,
zhuoyao,2,1,产品规格,"Sữa rửa mặt dưỡng ẩm cho nam giới 50g, Sữa rửa mặt thanh lọc hoạt tính Amino Aci",CHUA_CO,,,
ailen,2,2,颜色,"trắng, đen, Màu xám thể thao, màu xanh hải quân, màu cát, Xanh quân đội, màu tha",CHUA_CO,,,
zhiyuan,2,2,生产厂家,Công ty TNHH Thực phẩm Yiyang Wei Zhiyuan,CHUA_CO,,,
zhucheng,2,2,生产厂家,Công ty TNHH Công nghiệp Trà Ya'an Zhucheng,CHUA_CO,,,
smith,2,1,颜色,"Trắng hồng, Lụa xanh, Trắng đỏ, Trắng đen, Xanh lá cây, Xanh tím than, Đỏ rượu v",CHUA_CO,,,
smiley,2,2,颜色,"Bí ngô đầy màu sắc [Bộ em bé có ren], Smiley Yellow Pear [Bộ em bé có ren], Cher",CHUA_CO,,,
champs,2,2,花型,"Bốn Mùa [Thêu Tinh Xảo 100S] Nhẹ Nhàng Như Ánh Sáng - Tím Mộng Mơ, Four Seasons ",CHUA_CO,,,
castle,2,2,颜色,"Gấu Rainbow Xanh - Phong Cách Xuân Thu, Gấu cầu vồng màu vàng phong cách xuân th",CHUA_CO,,,
century,2,2,颜色,"Cỏ bốn lá xanh (bộ đồ cạp cao), Cỏ bốn lá màu hồng (bộ đồ lưng cao), Ngôi sao và",CHUA_CO,,,
huilian,2,1,颜色,"七代（pods 4)Type-c+（弹窗+入耳检测+电量显示+改名定位+磁吸无线充电）, 七代（pods 4)Type-c+蓝讯降噪尊享版（ANC降噪+通透+光",CHUA_CO,,,
ziqi,2,2,包装规格,"[30 loại trà Hộp quà trà Ping An Joy], [30 loại trà, hộp quà trà Dajidi], [Hộp q",CHUA_CO,,,
mask-sheet,2,2,产品规格,"Zhiduo Fuyan Whitening and Removal Mask (Tianzi Model)-Gói 25ml, Zhiduo Fuyan Wh",CHUA_CO,,,
manor-red,2,2,花型,"Locke Manor-Red [100% cotton, thân thiện với da, mềm mại và thoải mái], Chanson ",CHUA_CO,,,
manson-olive,2,2,花型,"Trà sữa Manson-Bentley Blue [Thưởng thức mềm mượt và thân thiện với làn da, Mans",CHUA_CO,,,
mcgoni,2,1,产品名称,Sữa rửa axit amin McGoni Camellia,CHUA_CO,,,
mazda,2,2,颜色,"Audi, Bảo Quân, Honda, BYD, zen tiêu chuẩn, Buick, Trumpchi, Độc giả lớn, Cánh Đ",CHUA_CO,,,
falcon,2,2,颜色,"8970-1 Tàu sân bay 6 trong 1 [138 mảnh ghép], 8970-2 Thế giới Khủng long 6 trong",CHUA_CO,,,
fala,2,1,颜色,"A5-1 màu xanh lam mát mẻ, Màu cam A5-1, A5-1 Ben xám bạc, Màu trắng đậm A5-1, A5",CHUA_CO,,,
slide,2,2,颜色,"Bàn chữ nhật mới 2026 - Ưu đãi đặc biệt (Trực tiếp tại nhà máy), Bàn Xếp Hình Đa",GIU,,,
mansen-tro,2,2,花型,"Mansen-Tro núi [Từ chối cái nóng và mềm mượt, ngủ khỏa thân cả đêm mà không đổ m",CHUA_CO,,,
mansen-mountain,2,2,花型,"Trà sữa Manson-Bentley Blue [Thưởng thức mềm mượt và thân thiện với làn da, Mans",CHUA_CO,,,
marilyn,2,2,花型,"xanh hoàng gia xám nhạt, Quả cam xanh kho báu, Màu xám nhạt đậu xanh, Bột đậu mà",CHUA_CO,,,
a+caramel,1,1,花型,"Hạng A+ Knight Black, A cấp + Bánh đậu xốp, Hạng A + Đỏ đậu xám nhạt, Cấp A + Xá",CHUA_CO,,,
a-mist,1,1,花型,"Danh mục A-Vanilla Blue [Khuyến nghị hấp dẫn], Danh mục A-Flowing White [Khuyến ",CHUA_CO,,,
a-oatmeal,1,1,花型,"Danh mục A-Vanilla Blue [Khuyến nghị hấp dẫn], Danh mục A-Flowing White [Khuyến ",CHUA_CO,,,
a-pillar,1,1,颜色,"Bộ 2 dải ốp bậc cửa trước chữ Y [Đúc PP - Vân sợi carbon], Bộ 2 miếng bảo vệ bệ ",CHUA_CO,,,
a-rum,1,1,花型,"Danh mục A-Vanilla Blue [Khuyến nghị hấp dẫn], Danh mục A-Flowing White [Khuyến ",CHUA_CO,,,
ad-kaki,1,1,颜色,"AD-Blue, AD-màu xám, AD-đen, AD-kaki, Để biết thêm phong cách, vui lòng liên hệ ",CHUA_CO,,,
adidas,1,1,相似,Adidas Nike,GIU,,,
adventurer,1,1,颜色,"99-6 Xe địa hình Pioneer hai chiều [không dùng điện], 599-51 Xe điều khiển từ xa",CHUA_CO,,,
zipper,1,1,颜色,"Dây kéo màu xanh da trời [móc dày], Dây kéo màu trắng sữa [móc dày], Dây kéo hoa",CHUA_CO,,,
ziqing,1,1,颜色,"Màu đỏ, Màu xanh, Màu đỏ thịt, Màu xanh lam, Hộp quà màu đỏ, Hộp quà màu xanh la",CHUA_CO,,,
afuma,1,1,产品规格,Mặt nạ chống nhăn làm săn chắc da Afu Black Truffle 10 miếng/hộp [Có thể kiểm tr,CHUA_CO,,,
afumu,1,1,产品规格,Mặt nạ chống nhăn làm săn chắc da Afu Black Truffle 10 miếng/hộp [Có thể kiểm tr,CHUA_CO,,,
afuro,1,1,产品规格,Mặt nạ chống nhăn làm săn chắc da Afu Black Truffle 10 miếng/hộp [Có thể kiểm tr,CHUA_CO,,,
afurose,1,1,产品规格,Mặt nạ chống nhăn làm săn chắc da Afu Black Truffle 10 miếng/hộp [Có thể kiểm tr,CHUA_CO,,,
afuxuancai,1,1,产品规格,Mặt nạ chống nhăn làm săn chắc da Afu Black Truffle 10 miếng/hộp [Có thể kiểm tr,CHUA_CO,,,
age-freezing,1,1,产品规格,"Thạch ngủ đông khô chiết xuất Ice Skin (4ml*100 túi/hộp), Thạch ngủ đông khô (4g",CHUA_CO,,,
ags,1,1,包装规格,"500g Trà Ô Long Tieguanyin Thơm Ngát, Hạng 7.5 [Nguyên Liệu Pha Trà Điện Tử], 50",CHUA_CO,,,
agulia,1,1,产品规格,Sữa rửa mặt bong bóng dưỡng ẩm axit amin Agulia 800ml,CHUA_CO,,,
acerola,1,1,花型,"100% Lenzing Tencel—Xanh mùi tây, 100% Lenzing Tencel—vàng phô mai—nâu cát, 100%",CHUA_CO,,,
acre,1,1,花型,"Tea Master [100% cotton nguyên chất, một giả sẽ bị phạt mười], Giỏ dã ngoại [100",GIU,,,
zhuyu,1,1,颜色,"Knight Black (nâng cấp khóa kéo cổ điển), Màu xanh lá cây đậm (nâng cấp khóa kéo",CHUA_CO,,,
mark,1,1,花型,"Xanh Blues, Họa tiết da báo xám, Chó Schnauzer xám đen, Cá voi và biển, Sọc đen ",GIU,,,
marquise,1,1,规格,"9 Series 2-7 Bộ 4 Miếng Dán Kim Cương Laser Hình Ngôi Sao, MTX-24 laser trắng lớ",CHUA_CO,,,
mars,1,1,生产厂家,Công ty TNHH Thực phẩm Mars (Gia Hưng)),CHUA_CO,,,
marble,1,1,颜色,"HT-097桌面足球赛游戏【大礼盒】, 【彩盒】987-122弹珠保龄球, 556-201欢乐锤豆豆【礼盒】, 【彩盒】556-44萌叶叠叠玩, HT-076 ",CHUA_CO,,,
mardo,1,1,颜色,"25686 # đen, 25686#dải đen trắng, 25686#trời xanh/nâu, 25686#Màu xanh rêu/nâu, 2",CHUA_CO,,,
maria,1,1,花型,"Miller [Cotton chải kỹ, thân thiện với da và tinh tế], Chunuan [Cotton chải kỹ, ",CHUA_CO,,,
marigelle,1,1,花型,"Vườn Anna, Lời tâm sự thủy triều, Ký ức hương thảo, Lô Na Tinh Hà, Lễ hội Mèo, S",CHUA_CO,,,
mansen-olive,1,1,花型,"Mansen-Tro núi [Từ chối cái nóng và mềm mượt, ngủ khỏa thân cả đêm mà không đổ m",CHUA_CO,,,
mansenka,1,1,花型,"Mansen Hồng [Loại A 100% cotton dệt sợi màu], Bông Yisen [Loại A 100% cotton dệt",CHUA_CO,,,
marsala,1,1,颜色,"Màu đen đậm [Chất liệu PC + dây kéo chống cháy nổ] LH168, Yunyu White [Chất liệu",CHUA_CO,,,
martini,1,1,颜色,"1 # Nguyên chất, mát mẻ và trắng (lớp học trang điểm giả), 2#Nước soda đào hồng ",CHUA_CO,,,
maruko-chan,1,1,花型,"Mèo con chữa lành, Asakusa, Chó con cắm trại, Hắc Cách Kitty, Bạc hà nho, Hoa nh",CHUA_CO,,,
marvel,1,1,流行元素,"hoa tulip, Phim hoạt hình, nhà máy, hoa, tình yêu, thắt nơ, văn bản, tạo ra một ",CHUA_CO,,,
manzhu,1,1,花型,"Cỏ Wangyou-[Không bóng không phai], Thành phố Wrangler-[Không có bóng không phai",CHUA_CO,,,
a-gardenia,1,1,花型,"Danh mục A-Vanilla Blue [Khuyến nghị hấp dẫn], Danh mục A-Flowing White [Khuyến ",CHUA_CO,,,
acacia-xanh,1,1,花型,"Acacia-Xanh LZ, Mèo dâu LZ, Gấu bơ LZ, Nhà của Katie LZ, Hoàng hôn hoa hồng LZ, ",CHUA_CO,,,
mask-pies,1,1,产品规格,"Zhiduo Fuyan Whitening and Removal Mask (Tianzi Model)-Gói 25ml, Zhiduo Fuyan Wh",CHUA_CO,,,
mask-pigment,1,1,产品规格,"Zhiduo Hyaluronic Acid Moisturizing Mask-Miếng 25ml, Zhiduo Seaweed Soft Moistur",CHUA_CO,,,
mask-pish,1,1,产品规格,"KISSMWAH Ice American Double Anti-Repairing Night Mask-Pish 25ml, KISSMWAH Ice A",CHUA_CO,,,
manshan,1,1,花型,"Những bông hoa yên tĩnh [thân thiện với làn da * có thể ngủ khỏa thân], Mo Yu Yu",CHUA_CO,,,
manson-fanxing,1,1,花型,"Manson-trà sữa xám sáng, Trà sữa xanh Manson-Bentley, Manson-Fanxing màu xanh sữ",CHUA_CO,,,
manson-xingdai,1,1,花型,"Manson-trà sữa xám sáng, Trà sữa xanh Manson-Bentley, Manson-Fanxing màu xanh sữ",CHUA_CO,,,
manta-custard,1,1,花型,"Little Daisy [Loại A siêu mềm, ngủ khỏa thân], Aisha [Loại A siêu mềm, ngủ khỏa ",CHUA_CO,,,
manor-blue,1,1,花型,"Southern France Manor-White [Nhung sữa đặc/Nghề chạm khắc ba chiều], Nam nước Ph",CHUA_CO,,,
manor-green,1,1,花型,"Southern France Manor-White [Nhung sữa đặc/Nghề chạm khắc ba chiều], Nam nước Ph",CHUA_CO,,,
manor-grey,1,1,颜色,"Ngôn ngữ hoa-Be, Chunxiao-Hồng, Fuli-xanh xám, phong cách lan Nhật Bản, Bộ sưu t",CHUA_CO,,,
manor-pink,1,1,花型,"Southern France Manor-White [Nhung sữa đặc/Nghề chạm khắc ba chiều], Nam nước Ph",CHUA_CO,,,
mason,1,1,包装规格,"Trà lá dâu tằm (150g/lon), 3 lon trà lá dâu tằm (150 g/lon * 3 lon), Trà lá dâu ",CHUA_CO,,,
master's,1,1,包装规格,"Fortune Ying Jin Jun Mei 18 lon nhỏ mỗi hộp 250g, Fortune Orange Jin Junmei 18 l",CHUA_CO,,,
masterbatch,1,1,颜色分类,"Masterbatch 2 lít/thùng (20 lít/nước), Nước đầu 2 lít/thùng (đóng gói trực tiếp)",CHUA_CO,,,
mastermind,1,1,颜色,"[Môi bóng đào Fantasy] J811 Quả nhân sâm, 【Son Gương Hoa Đào】L01 Đồng Cỏ, [Son m",CHUA_CO,,,
mataoyan,1,1,包装规格,"Trà Da Hong Pao, Hộp Quà Đơn Giản, 150g, Trà hộp quà màu đỏ Jinjunmei 250g/hộp, ",CHUA_CO,,,
matching,1,1,花型,"Màu hồng phấn nhạt (màu trơn), Nâu nhạt - trà sữa - chải (phối hai màu), Trà sữa",CHUA_CO,,,
mate,1,1,包装规格,"Túi hoa cúc Chamomile (1.5g x 30 túi)/túi, Phiên bản tiếng Anh Blue Butterfly Fl",GIU,,,
matou,1,1,包装规格,"30 # Lửa than thơm Dahongpao, 30 # áo choàng đỏ thơm, 40 # Dahongpao nguyên bản,",CHUA_CO,,,
matsutake,1,1,产品规格,"Bột Mặt nạ mềm Fesia Rose 500g, Bột mặt nạ mềm Fesia Hyaluronic Acid 500g, Bột m",THAY,tùng nhung,,
manor-white,1,1,花型,"Southern France Manor-White [Nhung sữa đặc/Nghề chạm khắc ba chiều], Nam nước Ph",CHUA_CO,,,
manor-xanh,1,1,颜色,"Ngôn ngữ hoa-Be, Chunxiao-Hồng, Fuli-xanh xám, phong cách lan Nhật Bản, Bộ sưu t",CHUA_CO,,,
manrui,1,1,花型,"Thỏ vườn mùa xuân, Mùa hoa, Hoa quả mùa hè, Họa tiết da báo đơn giản, Vườn hoa h",CHUA_CO,,,
mansa,1,1,花型,"Hương thơm đậm đà và cà phê có bóng nhẹ [Vải jacquard cotton loại A], Senman-Mil",CHUA_CO,,,
mansen-milkshake,1,1,花型,"Manson-trà sữa xám sáng, Trà sữa xanh Manson-Bentley, Manson-Fanxing màu xanh sữ",CHUA_CO,,,
mane,1,1,包装规格,"Trà Nhân Sâm Năm Quý [5g x 30 túi]/túi, Trà Nhân Sâm Liubao [5g x 30 túi]/túi, T",CHUA_CO,,,
manfei,1,1,包装规格,"104 Trà Pu'er Thô: Manfei Spring 2026, 106 Trà Pu'er Thô: Daxueshan Mùa Xuân 202",CHUA_CO,,,
manggang,1,1,部分原料山头,"Xishuangbanna, Laobanzhang, Laoman'e, Yiwu, Mahe, Kuafengzhai, Mintang, Naka, Na",CHUA_CO,,,
maybe,1,1,颜色,"206701 Maybe Bear - Nâu cà phê, 206701 Gấu Mofei - Xanh lá, 207201 Gấu nhỏ đoàn ",CHUA_CO,,,
mc,1,1,适用 场景,"Váy dạ hội, Váy dạ tiệc thường niên, Váy dự tiệc cưới, Váy cho MC, Váy dự tiệc, ",GIU,,,
mcdonald's,1,1,花型,"Mây mịn như nhung [Mặt A nhung bong bóng + Mặt B nhung sữa], Sweetheart Mochi [M",CHUA_CO,,,
maserati,1,1,颜色,Màu đen đậm [Dây kéo chống cháy nổ PC chắc chắn và có khả năng chịu lực cao] LH1,CHUA_CO,,,
mania,1,1,颜色,"HT-097桌面足球赛游戏【大礼盒】, 【彩盒】987-122弹珠保龄球, 556-201欢乐锤豆豆【礼盒】, 【彩盒】556-44萌叶叠叠玩, HT-076 ",CHUA_CO,,,
manjushahua-xanh,1,1,花型,"Phong cách hoàng gia-Rankin, Phong cách hoàng gia-Vàng tím, Nhẹ nhàng hoa lá - X",CHUA_CO,,,
mankouxiang,1,1,包装规格,"Trà Jinjunmei Fugui Yingmen 5 lon tròn 2#, 250g, Trà Quan Âm Sắt đóng hộp 250g, ",CHUA_CO,,,
manlip,1,1,产品名称,HERORANGE Manlip Lip Matte Glaze,CHUA_CO,,,
manmanzhihua,1,1,花型,"Luoying đầy màu sắc [Vải sáp mềm loại A * Sợi hai lớp mềm kháng khuẩn], Manmanzh",CHUA_CO,,,
manmi,1,1,花型,"Bột tình yêu, yêu màu xanh, Bướm đầy màu sắc màu xanh, Quả quýt lá dài mùa hè, L",CHUA_CO,,,
manni,1,1,花型,"Bóng tối màu xanh, Bóng tối, Ailen Xanh, Paris Spring, Thời trang trẻ trung, màu",CHUA_CO,,,
mamiao,1,1,产地,"Thị trấn Mamiao, huyện Huying, thành phố An Khánh, tỉnh An Huy",CHUA_CO,,,
man-ice,1,1,花型,"Camellia Man-kem cám lúa mì nâu, Hoa trà kéo dài buổi sáng sương mù, Camellia Ma",CHUA_CO,,,
man-kem,1,1,花型,"Camellia Man-kem cám lúa mì nâu, Hoa trà kéo dài buổi sáng sương mù, Camellia Ma",CHUA_CO,,,
manager,1,1,花型,"Yêu em gấu [100% cotton/thân thiện với làn da và mềm mại/phù hợp với học sinh], ",CHUA_CO,,,
medi,1,1,产品规格,"Mặt nạ khẩn cấp JM (Ngày hết hạn: 2028), Mặt nạ mật ong JM (Ngày hết hạn: 2028),",CHUA_CO,,,
medla,1,1,颜色,"1 # Bột Bạch đậu khấu, 2 # Medla, 3 # nhung đỏ, 4 # Hạt dẻ xào đường, 5 # Trà ca",CHUA_CO,,,
medusa,1,1,花型,"Lý Tiểu Long, Mùa xuân ở Milan, Màu thu dễ chịu, Xám cuộc sống thanh lịch, Gạo s",GIU,,,
mega,1,1,颜色,"Kèn Trumpet Màu Xanh Da Trời [Dài 40 Rộng 28 Cao 23cm] Không Có Bánh Xe, Sakura ",GIU,,,
meidailin,1,1,产品规格,Mặt nạ dưỡng ẩm Meidailin Collagen Hyaluronic Acid 170ml * 10 miếng/túi,CHUA_CO,,,
mandala,1,1,花型,"';'; Mocha ';'; Jinlan, ';'; Ou Fan ';'; Lạc Đà Vàng, ';'; Khu vườn xinh đẹp'; '",CHUA_CO,,,
mandy,1,1,花型,"Những bông hoa yên tĩnh [thân thiện với làn da * có thể ngủ khỏa thân], Mo Yu Yu",CHUA_CO,,,
mandy-mibai,1,1,花型,"Màu trắng nhạt nâng cao, Cao cấp-Xám đậm, Magic Feather-Xám nhạt, Lông vũ màu xa",CHUA_CO,,,
mandy-mihui,1,1,花型,"Màu trắng nhạt nâng cao, Cao cấp-Xám đậm, Magic Feather-Xám nhạt, Lông vũ màu xa",CHUA_CO,,,
mandy-xanh,1,1,花型,"Màu trắng nhạt nâng cao, Cao cấp-Xám đậm, Magic Feather-Xám nhạt, Lông vũ màu xa",CHUA_CO,,,
mala,1,1,颜色,"Mặt dây chuyền ngọc bích xanh bùng nổ [Ra vào an toàn], Mặt dây chuyền ngọc bích",XEM_TAY,,,
malaysia,1,1,毛重,Việt Nam Lào Campuchia Thái Lan Myanmar Malaysia Singapore Indonesia Brunei Phil,GIU,,,
maldives,1,1,规格,"Gói 9 hộp 1, Gói 9 hộp 2, Gói 9 hộp thứ ba, Sáu hộp [Al-phô-miến-Pooh-dâu-táo], ",CHUA_CO,,,
meilin,1,1,花型,"Monica [Bông chải kỹ, ngủ khỏa thân], Xiancao 【Bông chải kỹ, ngủ khỏa thân], You",CHUA_CO,,,
meimei,1,1,颜色,"Một Xiaomi Mianmian Bing [bao bì hộp màu], B Nai Fu Meimei Di [Bao bì hộp màu], ",CHUA_CO,,,
meina,1,1,花型,"Đôi Meina, Bột KT họa tiết da báo, bánh dâu tây, Trẻ trung và rực rỡ, Vườn Gra, ",CHUA_CO,,,
meitan,1,1,生产厂家,Công ty TNHH trà Meitan Yongjian,HANVIET,Mi Đàm,,
meiwu,1,1,Old flower,Nhà máy túi Gaobeidian Meiwu,CHUA_CO,,,
meixiang,1,1,包装规格,"Tieguanyin Red A1 một hộp 250g [Chụp hai hộp để gửi túi quà], Tieguanyin Red A2 ",CHUA_CO,,,
meiye,1,1,颜色,"Trắng ngà [mở đa chức năng phía trước], Xám sắt titan [mở đa chức năng phía trướ",CHUA_CO,,,
manhe,1,1,花型,"Allen-White-[100% cotton, bao bì tinh tế], Spring Pie-[100% cotton, bao bì tinh ",CHUA_CO,,,
meizhan,1,1,包装规格,"Zhengshan Koso 500g, Trà dại loại nhỏ 500g, Zhengshan Xiaoshan dải mỏng 500g, Ji",CHUA_CO,,,
meizhanjin,1,1,包装规格,"【Huaxiang Dahongpao】 Đơn giá 75, [Hương thơm mạnh mẽ Dahongpao] Đơn giá 105, [Zh",CHUA_CO,,,
malic,1,1,原料与配料,axit malic,CHUA_CO,,,
malili,1,1,包装规格,"Lapsang Souchong hương mật hoa (jin/38 nhân dân tệ), Lanyun Lapsang Souchong (ji",CHUA_CO,,,
mallow,1,1,颜色,"Trắng - không có túi, Trắng - có túi, Cổ áo lớn màu trắng - không có túi, Xanh d",CHUA_CO,,,
malone,1,1,花型,"Nếu mưa, Chiba, Một tâm một ý - Xám, Thỏ Tiên Nữ - Hồng, Ailinger - Cà phê, Gấu ",CHUA_CO,,,
maltol,1,1,原料与配料,"Bột mì, đường trắng, trứng tươi, muối ăn, dầu thực vật, bột bò, phụ gia thực phẩ",CHUA_CO,,,
malva,1,1,包装规格,"[Đóng hộp] 15 gram râu ngô, [Đóng hộp] Trà tre xanh lá tre 15g, [Đóng hộp] Hoa h",CHUA_CO,,,
mama,1,1,颜色,"Bí Ngô Trắng [100% Cotton + Kháng Khuẩn 5A + Không Đường May] 6052, Bí ngô đáy g",CHUA_CO,,,
mahe,1,1,部分原料山头,"Xishuangbanna, Laobanzhang, Laoman'e, Yiwu, Mahe, Kuafengzhai, Mintang, Naka, Na",CHUA_CO,,,
maid,1,1,产品规格,"Mặt nạ làm dịu Peptide đồng xanh 5 cái/hộp [Hộp đầy đủ gửi trong túi xách], Mặt ",CHUA_CO,,,
maijiao,1,1,产品规格,[Chỉ bán hàng ngoại thương] Mặt nạ chiết xuất tươi dưỡng ẩm lô hội Gongpei (ngoạ,CHUA_CO,,,
memo,1,1,花型,"Gấu bánh sữa [Loại A dành cho bà mẹ và trẻ sơ sinh mềm và nếp], Cửa hàng kẻ sọc ",CHUA_CO,,,
meihong,1,1,颜色,"thạch anh núi, hồng san hô, Yang Meihong, đại dương sâu xanh, Qian Mi Xing, bùn ",CHUA_CO,,,
manbing,1,1,颜色,"Sáu cửa hàng trong mơ của K364-369, K478-K483 Cửa Hàng Xem Đường Hai Lớp - Sáu K",CHUA_CO,,,
manchun,1,1,花型,"Amy, gấu chấm bi, nơ tình yêu, Vườn bán đảo, Thỏ dâu, thủ bếp mèo, Lễ trà, Bánh ",CHUA_CO,,,
mengbai,1,1,生产厂家,"Nhà Máy trà làng Mengbai, thị trấn Jingxin, Huyện Menglian, Thành phố Pu'er",CHUA_CO,,,
maileduo,1,1,生产厂家,Công ty TNHH thực phẩm Longhai Maileduo,CHUA_CO,,,
mailite,1,1,生产厂家,Công ty TNHH Thực phẩm Mailite Fuyang,CHUA_CO,,,
maiti,1,1,花型,"Thỏ Đào Trắng [Vải loại A, 0 formaldehyde, 0 mùi lạ], Cherry chấm bi [Vải loại A",CHUA_CO,,,
makaran,1,1,颜色,"Tựa đầu màu đen bí ẩn, Tựa đầu màu xám không gian, Tựa đầu Macaran, Tựa đầu cà p",CHUA_CO,,,
machete,1,1,颜色,"Áo khoác màu xanh lam, Áo khoác màu vàng, Quần Machete màu mơ, Áo khoác màu tím1",CHUA_CO,,,
machine,1,1,颜色,"Dinosaur-224 Nội dung tiếng Trung và tiếng Anh, Dinosaur-510 nội dung tiếng Trun",CHUA_CO,,,
machun,1,1,包装规格,"500g cụm đơn loài Song (Hộp quà Triều Châu), Honey Orchid No. 7 500g đóng hộp 14",CHUA_CO,,,
macira,1,1,花型,"Orchid Bear [100% cotton chải kỹ, thân thiện với làn da và thoải mái], Macira [1",CHUA_CO,,,
mengbubu,1,1,花型,"Mengbubu [nhung dày - ấm áp và thoải mái], Cuộc Đón Gặp Hoa [Thêm Nhung Và Làm D",CHUA_CO,,,
mengchong,1,1,颜色,"Ưu đãi đặc biệt: Hộp mù Thần Tài May Mắn - Số lượng có hạn, hết hàng là hết!, Mộ",CHUA_CO,,,
mengdie-milk,1,1,花型,"Mengdie-Pink Jade [Cấp độ ngủ khỏa thân hạng A], Mengdie-Xám bạc [Cấp độ ngủ khỏ",CHUA_CO,,,
mengdie-pink,1,1,花型,"Mengdie-Pink Jade [Cấp độ ngủ khỏa thân hạng A], Mengdie-Xám bạc [Cấp độ ngủ khỏ",CHUA_CO,,,
mengdie-sky,1,1,花型,"Mengdie-Pink Jade [Cấp độ ngủ khỏa thân hạng A], Mengdie-Xám bạc [Cấp độ ngủ khỏ",CHUA_CO,,,
meiyizhi,1,1,生产厂家,Công ty TNHH Công nghệ sinh học Meiyizhi (Phúc Kiến),CHUA_CO,,,
meiyue,1,1,颜色分类,"100 miếng/gói mặt nạ thanh toán, 100 miếng/gói mặt nạ Baizisheng, 100 miếng/gói ",CHUA_CO,,,
madou,1,1,颜色,"2 # Cầu Jiu Xin Qiao C423, 01#Lychee Sweet Peach C588, 02#Trà đen hoa hồng C588,",CHUA_CO,,,
magician,1,1,规格,"Mô hình phát sáng [khủng long nhỏ], Mô hình phát sáng [Gấu trúc khổng lồ dễ thươ",CHUA_CO,,,
magnesium,1,1,规格,"Máy 1 Miếng dán nén lạnh phục hồi vết đỏ dưỡng ẩm, Máy 1 Miếng dán nén lạnh dưỡn",CHUA_CO,,,
m-gradient,1,1,颜色,"Vỏ tai nghe Bluetooth chuỗi ngôi sao gradient M, Tai nghe Bluetooth Wavy Butt Do",CHUA_CO,,,
m-trong,1,1,颜色,"Phong cách S-grey, Phong cách M-màu xám, L ngắn màu xám trong suốt, Kiểu trong s",CHUA_CO,,,
ma'anshan,1,1,包装规格,"104 Trà Pu'er Thô: Manfei Spring 2026, 106 Trà Pu'er Thô: Daxueshan Mùa Xuân 202",CHUA_CO,,,
mac-kem,1,1,颜色,"Big Mac, Mẫu cao cực lớn, Mẫu cao cỡ lớn, Mẫu cao cỡ trung, Mẫu phẳng cỡ lớn, Mẫ",CHUA_CO,,,
mengman,1,1,花型,"Sweet Joy [Nhà máy trực tiếp - Giao hàng trực tiếp từ nhà máy], Bart [Factory Di",CHUA_CO,,,
mengmenggou,1,1,花型,"Loại A - [Hello Pink Katie] Vải voan hai lớp mềm mại như bông, thân thiện với da",CHUA_CO,,,
mengqun,1,1,花型,"Ông Elephant-Blue, Ông Elephant-Màu xanh vàng sữa, Chó chấm bi màu, Chó ngộ nghĩ",CHUA_CO,,,
mengtou,1,1,产品名称,Sữa rửa mặt axit amin làm sạch sâu Mengtou Lixue1,CHUA_CO,,,
mengxilan,1,1,产品名称,Son môi ba màu Mengxilan Gold Diamond,GIU,,,
memphis,1,1,花型,"Huang Xiaoge [Không có bóng-không thu nhỏ-không phai màu], Lưới lớn màu xám đơn ",CHUA_CO,,,
men-ping,1,1,颜色,"Mặt dây chuyền ngọc bích xanh bùng nổ [Ra vào an toàn], Mặt dây chuyền ngọc bích",CHUA_CO,,,
men-quan,1,1,颜色,"Mặt dây chuyền ngọc bích xanh bùng nổ [Ra vào an toàn], Mặt dây chuyền ngọc bích",CHUA_CO,,,
men-ra,1,1,颜色,"Mặt dây chuyền ngọc bích xanh bùng nổ [Ra vào an toàn], Mặt dây chuyền ngọc bích",CHUA_CO,,,
mi-dudu,1,1,颜色,"In hình hoa và lá toàn thân, In hoa toàn thân với đầu gấu hoạt hình, In hoa toàn",CHUA_CO,,,
mi-leaf,1,1,颜色,"In hình hoa và lá toàn thân, In hoa toàn thân với đầu gấu hoạt hình, In hoa toàn",CHUA_CO,,,
mi-shy,1,1,颜色,"In hình hoa và lá toàn thân, In hoa toàn thân với đầu gấu hoạt hình, In hoa toàn",CHUA_CO,,,
mengxin,1,1,花型,"Luoying đầy màu sắc [Vải sáp mềm loại A * Sợi hai lớp mềm kháng khuẩn], Manmanzh",CHUA_CO,,,
mengxing,1,1,花型,"Oreo Kitten [Loại A dành cho bà mẹ và trẻ sơ sinh/thân thiện với làn da, mềm mại",CHUA_CO,,,
mengxiong,1,1,颜色,"Máy bong bóng đặc biệt [16 phần], 30 gói cô đặc, 4 chai [bong bóng 50ml], Khủng ",CHUA_CO,,,
mengyi,1,1,颜色,"811-364 Mengqu Duck Kitchen 【Hộp quà Trung Quốc】, 811-368 Bếp nhỏ Mengmeng Duck ",CHUA_CO,,,
mengyuxiang,1,1,颜色,"Ngôn ngữ hoa-Be, Chunxiao-Hồng, Fuli-xanh xám, phong cách lan Nhật Bản, Bộ sưu t",CHUA_CO,,,
mengyuxing,1,1,花型,"Mengyu Blue [100% cotton sợi dài chải kỹ thủ công], Màu xám kiều mạch [100% cott",CHUA_CO,,,
mengze,1,1,花型,"Wu Anxin (thủ công thêu một chữ cotton), Ngôi nhà bí ngô (thủ công thêu một chữ ",CHUA_CO,,,
mengzhou,1,1,生产厂家,Công ty TNHH Thực phẩm Mengzhou Jinziyang,CHUA_CO,,,
mentos,1,1,包装规格,Mentos dải 37g,GIU,,,
meow-blue,1,1,花型,"Naifumiao-Fenka [Sợi hai lớp nhăn siêu mềm, thân thiện với da, thoáng khí và khô",CHUA_CO,,,
menglian,1,1,生产厂家,"Nhà Máy trà làng Mengbai, thị trấn Jingxin, Huyện Menglian, Thành phố Pu'er",CHUA_CO,,,
menglijiao,1,1,产品名称,Mặt nạ dưỡng ẩm và làm sáng da chiết xuất hoa hồng Menglijiao,GIU,,,
macron,1,1,颜色,"Màu đen, Trắng be, Màu xám, Nâu Bella, Vàng sữa, Đỏ rượu, Màu xanh navy, Xanh lá",GIU,,,
lyenaikedo,1,1,产品规格,"Mặt nạ huyết thanh GIK21 thế hệ thứ ba, Skin Future 377 Whitening Mask 5 miếng, ",CHUA_CO,,,
lynk,1,1,规格尺寸,"Mô hình Volkswagen/Jetta, BMW/mini mẫu, Toyota/Lexus, Mô hình Volvo, Mẫu xe Merc",GIU,,,
lysate,1,1,产品规格,"Mặt nạ Zhiduofuyan (kiểu Tian) - 25ml/cái ""Giá đặc biệt"", Mặt Nạ Dưỡng Da Chống ",CHUA_CO,,,
luodi,1,1,颜色,"Bể cá hạnh phúc màu xanh, Bể cá hạnh phúc màu hồng, Happy Aquarium Blue + Tuốc n",CHUA_CO,,,
luofan,1,1,颜色,"洛凡美皙凡士林温变焕采润唇膏（新）2.7g, 泊泉雅男士舒润保湿护唇膏2.7g, Son dưỡng môi bảo vệ Luofan Beauty Vase",CHUA_CO,,,
mac-socks,1,1,颜色,"Hộp đựng đồ lót lớn [Không có lưới] Túi đựng hương thơm miễn phí, Hộp quần lót l",CHUA_CO,,,
macarlan,1,1,颜色,"Đen kinh điển, Xám không gian, Cà phê quyến rũ, Hoa anh đào, Macarlan",CHUA_CO,,,
macaron-xanh,1,1,颜色,"12inch quả bóng sáu màu, 14inch quả bóng sáu màu, 16inch quả bóng sáu màu, 20inc",CHUA_CO,,,
macaron-xe,1,1,颜色,"Xe địa hình màu đỏ-xe trần, Xe địa hình màu cam-xe trần, Xe địa hình xanh-xe trầ",CHUA_CO,,,
luyangyuan,1,1,包装规格,Trà lê Luyangyuan Luo Han Guo Fat Dahai2,CHUA_CO,,,
lvtao,1,1,产品厂家厂址,"Trà Boxin, Tầng 3, Tòa nhà Lvtao, Đường Wenxing, huyện Anxi, thành phố Tuyền Châ",CHUA_CO,,,
lvyuan,1,1,生产厂家,"Quận Triều Châu Chaoan Lvyuan Food Industry Co., Ltd.",CHUA_CO,,,
meteor,1,1,颜色,"Meteor Black [Khóa Kéo góc vuông chống xước cổ điển], Đen và trắng [kiểu khóa ké",CHUA_CO,,,
methyl,1,1,主要成分,Propylene glycol methyl ether,CHUA_CO,,,
mexico,1,1,原产国/地区,Mexico,CHUA_CO,,,
mi-cartoon,1,1,颜色,"In hình hoa và lá toàn thân, In hoa toàn thân với đầu gấu hoạt hình, In hoa toàn",CHUA_CO,,,
lover,1,1,颜色,"[Môi bóng đào Fantasy] J811 Quả nhân sâm, 【Son Gương Hoa Đào】L01 Đồng Cỏ, [Son m",CHUA_CO,,,
loy,1,1,花型,"Mùa xuân nở rộ khắp vườn [100% cotton - có thể mặc ngủ], Aphrodite [100% cotton ",CHUA_CO,,,
loyi,1,1,颜色,"Hộp quà lớn Xe đua kéo lùi Big G [509 hạt], Hộp quà lớn Bugatti xe đua [510 hạt]",CHUA_CO,,,
luanfengheming,1,1,花型,"Nhà Đường Rồng Phượng, Rồng Phượng mừng mừng, Một trận đấu hay giữa rồng và phượ",CHUA_CO,,,
lux,1,1,颜色,"[Yuetong chính hãng] Ace Driver, [Yuetong chính hãng] Tài xế cứu hỏa và cảnh sát",CHUA_CO,,,
luge,1,1,花型,"Mocha [100% cotton, mềm mại và thân thiện với da, thích hợp cho giấc ngủ thường]",CHUA_CO,,,
lugu,1,1,产品厂家厂址,"Quận Lugu, huyện Nantou, tỉnh Đài Loan",CHUA_CO,,,
luguang-dark,1,1,花型,"Cà phê Huaying-Light [100% Cotton Jacquard], Huagu [100% cotton jacquard], Hương",CHUA_CO,,,
lujieshi,1,1,颜色分类,"Chất tẩy rửa bọt 650ml, Sữa rửa mặt Lujieshi 300ml",CHUA_CO,,,
lumen,1,1,产品规格,"KISSMWAH青少年积雪草氨基酸控油洗面奶100g, Whsa硫磺控油净澈洁面乳100g, KISSMWAH硫磺净颜控油洁面乳100g, Whsa蛇胆硫磺氨基",CHUA_CO,,,
miaodiao-powder,1,1,花型,"Thẻ ánh sáng bí mật [Loại A dành cho bà mẹ và trẻ sơ sinh], Dải dày đặc màu xám ",CHUA_CO,,,
mibai-size,1,1,颜色,"Royal Blue-Trung cấp 5-6, Trung học cơ sở, Đen-trung cấp 5-6, trung học cơ sở, H",CHUA_CO,,,
mibai-trung,1,1,颜色,"Royal Blue-Trung cấp 5-6, Trung học cơ sở, Đen-trung cấp 5-6, trung học cơ sở, H",CHUA_CO,,,
mica,1,1,颜色,"574Ánh sáng trong đêm tối, 574 trắng xám bạc, 574 trắng xanh nâu, 574 vỏ bột đào",CHUA_CO,,,
meteo,1,1,颜色,"Meteo màu, Chú chó sọc, Công viên khủng long, Trăng lưỡi liềm",CHUA_CO,,,
lycopene,1,1,颜色,"B củ cải đỏ, C Lycopene",CHUA_CO,,,
lubikin,1,1,颜色,"[6 mẫu xe ngẫu nhiên 1] xe thể thao hai cửa, [Đỏ] SF90-Đóng gói, [Vàng] SF90-Đón",CHUA_CO,,,
lucasman,1,1,花型,"';'; Mocha ';'; Jinlan, ';'; Ou Fan ';'; Lạc Đà Vàng, ';'; Khu vườn xinh đẹp'; '",CHUA_CO,,,
lucifer,1,1,颜色,"Ba lô Lucifer (màu xám), Ba lô mèo tuyệt vời (màu hồng), Ba lô Mary Cat (màu hồn",CHUA_CO,,,
luffa,1,1,产品规格,"[5A] [Đóng chai] Rong biển hạt nhỏ 250g+không quà tặng, [5A] [Đóng chai] Rong bi",CHUA_CO,,,
lufthansa,1,1,颜色,"Đêm đen, Lufthansa trắng, Xám thông minh, Màu vàng đồng",CHUA_CO,,,
lost,1,1,花型,"Luoying đầy màu sắc [Vải sáp mềm loại A * Sợi hai lớp mềm kháng khuẩn], Manmanzh",GIU,,,
microcrown,1,1,产品名称,Mặt nạ dưỡng ẩm Cloud Microcrown Chitin,CHUA_CO,,,
micromolecule,1,1,产品规格,"KISSMWAH Ice American Double Anti-Repairing Night Mask-Pish 25ml, KISSMWAH Ice A",CHUA_CO,,,
microneedle,1,1,规格,"Loại nhà máy bán buôn hàng tháng hàng triệu miếng dán nén nóng (5 miếng/hộp), Ưu",CHUA_CO,,,
miao-blue,1,1,花型,"Semporna (100% Lenzing Tencel, mềm mại như lụa, thoải mái tận hưởng giấc ngủ trầ",CHUA_CO,,,
miao-purple,1,1,花型,"Semporna (100% Lenzing Tencel, mềm mại như lụa, thoải mái tận hưởng giấc ngủ trầ",CHUA_CO,,,
luming,1,1,颜色,"con lạc đà, Màu hoa, Hương hoa chim, Yo Yo Luming, Hoa dành dành, Hoa nhí cổ điể",CHUA_CO,,,
lumingfeng,1,1,生产厂家,Công ty TNHH Trà Lumingfeng huyện Songyang,CHUA_CO,,,
luminous-tyrannosaurus,1,1,规格,"[Thiết kế gốc]--Phim hoạt hình Nezha [Đường kính mềm và dày 20cm], [Thiết kế ban",CHUA_CO,,,
luna-xanh,1,1,花型,"Bột màu xám Dell-Ya, Dell-Xanh đầy sao, Rượu sâm panh Del-Light, Ngọc trắng Dail",CHUA_CO,,,
lunmei,1,1,产品名称,Mặt nạ dưỡng ẩm chuyên sâu HUNMUI Han Lunmei Feather,CHUA_CO,,,
migu,1,1,颜色,"Cà vạt Migu, Chó con denim",CHUA_CO,,,
lounge,1,1,花型,"Hoa nhẹ nhàng [100% cotton hai mặt], Avril Lavigne [100% cotton hai mặt], Khủng ",CHUA_CO,,,
love-blue,1,1,花型,"Ruoyu Chiba, Một trái tim-xám, Thỏ cổ tích-hồng, Eilinger-cà phê, Gấu Ruidi-xanh",CHUA_CO,,,
love-blue-cotton,1,1,颜色,"Love Love-Yellow-Cotton một mảnh, Love Love-Pink-Cotton nguyên chất, Love love-b",CHUA_CO,,,
love-green,1,1,花型,"Mùa hoa Altay [100 bông dài in tinh tế], Yili Huadian [100 bông dài in tinh tế],",CHUA_CO,,,
love-milk,1,1,花型,"Mengdie-Pink Jade [Cấp độ ngủ khỏa thân hạng A], Mengdie-Xám bạc [Cấp độ ngủ khỏ",CHUA_CO,,,
love-pink-cotton,1,1,颜色,"Love Love-Yellow-Cotton một mảnh, Love Love-Pink-Cotton nguyên chất, Love love-b",CHUA_CO,,,
love-yellow-cotton,1,1,颜色,"Love Love-Yellow-Cotton một mảnh, Love Love-Pink-Cotton nguyên chất, Love love-b",CHUA_CO,,,
longshantang,1,1,生产厂家,Công ty TNHH chế biến trà Ganzhou Longshantang,CHUA_CO,,,
longtuan,1,1,产品厂家厂名,"Wuyishan Longtuan Jiaming Tea Industry Co., Ltd.",CHUA_CO,,,
longtuanjiaming,1,1,产品厂家厂名,Công ty TNHH Trà Wuyishan Longtuanjiaming,CHUA_CO,,,
mikag,1,1,花型,"Lan Xiaoge [An toàn cho mẹ và bé, ngủ thoải mái không lo lắng], Sọc đen trắng [A",CHUA_CO,,,
mikaqi,1,1,颜色,"Mi Deep Blue 4162 [Chạy Nhẹ Nhanh/Đa Năng Bốn Mùa], Đen và xám 4162 [chạy nhanh/",CHUA_CO,,,
milai-lan,1,1,花型,"Wu Anxin (thủ công thêu một chữ cotton), Ngôi nhà bí ngô (thủ công thêu một chữ ",CHUA_CO,,,
micaan-dm,1,1,花型,"Màu trơn tro núi-DM [cotton dài sợi cấp bà mẹ và trẻ sơ sinh], Cao cấp xám-dm [b",CHUA_CO,,,
microcapsule,1,1,产品规格,Mặt nạ chống nhăn làm săn chắc da Afu Black Truffle 10 miếng/hộp [Có thể kiểm tr,CHUA_CO,,,
longing,1,1,花型,"Màu xám đậm [Đã kiểm tra chất lượng, mềm và như sáp, thân thiện với da, không vó",CHUA_CO,,,
llanjing,1,1,级别,LF Llanjing Tencel,CHUA_CO,,,
loca,1,1,花型,"Xanh lam hoàng hôn, Màu cà phê hoàng hôn, Allen xanh lam, Mùa xuân Paris, Xanh l",CHUA_CO,,,
longwen,1,1,包装规格,"Hộp quà 4 lon hoa văn rồng xanh, [Gói 8] Hộp quà Kirin, Áo choàng đỏ-5g, Quế-5g,",CHUA_CO,,,
longzi,1,1,花型,"Chúc may mắn và phước lành [lớp bà mẹ và trẻ sơ sinh - ngủ khỏa thân loại A], Ho",CHUA_CO,,,
loofah,1,1,产品规格,"[5A] [Đóng chai] Rong biển hạt nhỏ 250g+không quà tặng, [5A] [Đóng chai] Rong bi",CHUA_CO,,,
loloco,1,1,花型,"Phong cách hoàng gia-Rankin, Phong cách hoàng gia-Vàng tím, Nhẹ nhàng hoa lá - X",CHUA_CO,,,
lomi,1,1,颜色,"388-380A-Nhà vui chơi y tế, Nhà chơi 388-380C-BBQ, 506-119-Nhà chơi tủ, 7979-111",CHUA_CO,,,
lomond,1,1,花型,"Bích Thành Xuân Nê, Trang điểm đậm hoặc nhẹ, Hoa Đài Dệt Mộng - Cà phê, Bột Lạc ",CHUA_CO,,,
long-orange,1,1,花型,"Ruoyu Chiba, Một trái tim-xám, Thỏ cổ tích-hồng, Eilinger-cà phê, Gấu Ruidi-xanh",CHUA_CO,,,
millai,1,1,花型,"Wu Anxin (thủ công thêu một chữ cotton), Ngôi nhà bí ngô (thủ công thêu một chữ ",CHUA_CO,,,
millan,1,1,包装规格,"500g đầu trà thơm vịt số 9 [nguyên liệu pha trà], 500g đầu trà thơm vị vịt số 10",CHUA_CO,,,
miller,1,1,花型,"Miller [Cotton chải kỹ, thân thiện với da và tinh tế], Chunuan [Cotton chải kỹ, ",CHUA_CO,,,
millet,1,1,包装规格,"ES6肥春浓香肥黄金芽2026年新茶浓奶香黄亮浓香耐泡款, FN5 Spring Tail Golden Bud 2026 Trà mới - Hương sữ",CHUA_CO,,,
midy,1,1,颜色,Áo Cổ Trụ Cotton Nguyên Chất [Kháng Khuẩn 5A + Không Gọng] Hình Xe Hơi Khủng Lon,CHUA_CO,,,
mignonette,1,1,颜色,"01 # màu cồn cát, 02#chim bồ câu máu đỏ, 03#Mignonette, 04#táo đen, 05#sóng xám,",CHUA_CO,,,
mincai,1,1,生产企业,"Mincai, Lâm Nghi, Sơn Đông",CHUA_CO,,,
lockeland,1,1,花型,"phô mai xanh, sương mù ánh trăng xanh, Trà sữa phô mai, trắng xanh xám, màu xám ",CHUA_CO,,,
logic,1,1,功能,"khác1, Lắp ráp1, câu đố1, điện, lắp ráp2, DIY, Câu đố2, Rút lại, Tương thích, Mở",GIU,,,
lokania,1,1,花型,"Bóng tối màu xanh, Bóng tối, Ailen Xanh, Paris Spring, Thời trang trẻ trung, màu",CHUA_CO,,,
lokko,1,1,产品名称,Mặt nạ dưỡng ẩm và làm dịu Lokko Recombinant Collagen,CHUA_CO,,,
liuyinghuo,1,1,颜色,"[Môi bóng đào Fantasy] J811 Quả nhân sâm, 【Son Gương Hoa Đào】L01 Đồng Cỏ, [Son m",CHUA_CO,,,
living,1,1,产品规格,"[Boquanya] Sữa rửa mặt kiểm soát dầu dành cho nam giới 100g (mới), [Bo Quanya] K",CHUA_CO,,,
mingjian-jin,1,1,包装规格,"1 gói túi bong bóng nhỏ cho mỗi kiểu dáng, (10 gói) Bộ sưu tập-Dahongpao, (10 gó",CHUA_CO,,,
mingjian-maojian,1,1,包装规格,"1 gói túi bong bóng nhỏ cho mỗi kiểu dáng, (10 gói) Bộ sưu tập-Dahongpao, (10 gó",CHUA_CO,,,
milia,1,1,颜色,"M01 # cá khô, M02 # Meo meo, M03 # Mèo tốt, M04 # Goode Cat Ning, M05 # mèo sữa,",CHUA_CO,,,
mililit,1,1,净含量,120 mililit.,CHUA_CO,,,
longbao,1,1,颜色,"K001-thỏ cà rốt bộ ngắn, K002-bộ điện thoại ngắn, K003-bộ ngắn rồng xám, K004-Gấ",CHUA_CO,,,
longchong,1,1,包装规格,"Nước hoa phong lan Zhilan Yushu cổ tích (8,5g * 2 bong bóng), Có hoặc không có h",CHUA_CO,,,
longdon,1,1,包装规格,"Dahongpao PVC đóng hộp 25 gói, Tự uống sản phẩm mới đặc biệt (Yanxiang) Dahongpa",CHUA_CO,,,
longfeiteng,1,1,生产厂商,Công ty TNHH Công nghệ Longfeiteng Huệ Châu,CHUA_CO,,,
longhao,1,1,包装规格,KK5 Juan Piao Yu Meng Piao Xue Ration Model 2026 New Tea - Hương thơm mạnh 3 hươ,CHUA_CO,,,
liu-trang,1,1,花型,"Loại A 60S-Tương lai Coastal Blue-Quiet Home, Loại A 60S-Bột ven biển tương lai-",CHUA_CO,,,
liubai,1,1,包装规格,"Trà Wan Ming Jin Gun Guben (Túi Trà 150g đóng hộp), Trà Gu Ben Hard Man dược phẩ",CHUA_CO,,,
liuguang,1,1,产品规格,"Mặt nạ làm dịu Peptide đồng xanh 5 cái/hộp [Hộp đầy đủ gửi trong túi xách], Mặt ",CHUA_CO,,,
liuma,1,1,颜色,"811-364 Mengqu Duck Kitchen 【Hộp quà Trung Quốc】, 811-368 Bếp nhỏ Mengmeng Duck ",CHUA_CO,,,
lisa,1,1,花型,"Bóng tối màu xanh, Bóng tối, Ailen Xanh, Paris Spring, Thời trang trẻ trung, màu",CHUA_CO,,,
liwang,1,1,生产厂家,Công ty TNHH Thực phẩm Hồ Bắc Liwang,CHUA_CO,,,
liyidong,1,1,颜色,"1 # Trà sữa nhẹ đào trắng, 2 # Trà cam hoàng hôn, 3 # Trà đào ổi, 4 # Shiba Saku",CHUA_CO,,,
liyu,1,1,花型,"Semporna (100% Lenzing Tencel, mềm mại như lụa, thoải mái tận hưởng giấc ngủ trầ",CHUA_CO,,,
liz,1,1,花型,"Katherine [Không xù lông/Phai màu, Không tĩnh điện], Robin [không xù lông/pha mà",CHUA_CO,,,
lizard,1,1,颜色,"[Thằn lằn 230g cotton nguyên chất] Trắng, [Lizard 230g cotton nguyên chất] màu đ",CHUA_CO,,,
lithus,1,1,皮质特征,Da Lithus,CHUA_CO,,,
minhang,1,1,生产厂家,Công ty TNHH Kẹo Bufandi Fanmeile (Trung Quốc) Chi nhánh Thượng Hải Minhang,CHUA_CO,,,
minifigure,1,1,颜色,"[Hình vuông ngẫu nhiên 2cm]/1 cái, nhân vật minifigure ngẫu nhiên/1 cái, hỗ trợ ",CHUA_CO,,,
minivan,1,1,适用对象,"Xe gia đình, xe minivan",CHUA_CO,,,
mima,1,1,颜色,"Áo sơ mi kẻ xanh, Quần Mima",CHUA_CO,,,
mimosa,1,1,颜色,"Gardenia, hoa nhài, hoa lan Nam Phi1, trà trắng, quả mọng, mimosa, hoa hồng, táo",CHUA_CO,,,
lisolysin,1,1,产品名称,Mặt nạ dưỡng ẩm bằng peptide cá hồi Lisolysin,CHUA_CO,,,
lisoo,1,1,产品规格,"Lisu Blue Guard 60 viên*1 hộp, Lisuyike 60 miếng * 1 hộp, Lisu Fubing 60 miếng *",CHUA_CO,,,
listening,1,1,颜色,"Vỏ tai nghe Bluetooth chuỗi ngôi sao gradient M, Tai nghe Bluetooth Wavy Butt Do",CHUA_CO,,,
lisuli,1,1,产品名称,LESULESO Lisuli dung dịch axit tranexamic,GIU,,,
lisuyike,1,1,产品规格,"Lisu Blue Guard 60 viên*1 hộp, Lisuyike 60 miếng * 1 hộp, Lisu Fubing 60 miếng *",CHUA_CO,,,
litchi,1,1,包装规格,"Trà Ô Long Đào [Con dấu 8 mặt 20 túi], Trà Nữ Thần Liubao [Con dấu tám mặt 20 gó",THAY,vân sần,,
lite,1,1,包装规格,"[Số lượng bán hàng sang trọng]-5 túi vị mè, 【Thức ăn khô tốt cho sức khỏe】-10 tú",GIU,,,
lingtou,1,1,包装规格,"Mật ong cây cổ thụ 100g, Cứt vịt cây cổ thụ cao cấp 100g đóng hộp2, Trà Lá Đỏ La",CHUA_CO,,,
lingya,1,1,花型,"Thỏ Hoa [Không xù lông - Không phai màu], Ấn tượng ánh sáng lấp lánh [Không xù l",CHUA_CO,,,
miqi,1,1,规格,"Còi phát sáng hỗn hợp tóc, Còi chó con phát sáng, Tiếng còi chậm phát sáng, Còi ",CHUA_CO,,,
mirese,1,1,颜色,"Màu đen [lưới cạnh], Đen và trắng [lưới cạnh], Màu trắng [lưới cạnh], Quả mơ [lư",CHUA_CO,,,
mirrorless,1,1,比例,"Gói máy ảnh mirrorless [một bộ pin sạc] tặng kèm pin AA + tua vít, Gói pin sạc k",CHUA_CO,,,
mishi,1,1,产品名称,Máu rửa mặt làm mới da Mishi Fullerene,CHUA_CO,,,
mislan,1,1,颜色,"Stars (bông thực vật), Moon (Bông Gốc Thực Vật), Star track (bông thực vật), Mis",CHUA_CO,,,
mist-blue,1,1,花型,"Váy Bunny [Lớp mẹ và trẻ sơ sinh A mềm mại và thoải mái], Su Jin [Lớp A dành cho",CHUA_CO,,,
mingyouji,1,1,包装规格,"500g cụm đơn loài Song (Hộp quà Triều Châu), Honey Orchid No. 7 500g đóng hộp 14",CHUA_CO,,,
linlan,1,1,颜色,"Ngôn ngữ hoa-Be, Chunxiao-Hồng, Fuli-xanh xám, phong cách lan Nhật Bản, Bộ sưu t",CHUA_CO,,,
linna,1,1,花型,"K02顽皮狗-蓝（有小号）, 麦吉粉（有小号）, 511魅影-橘（有小号）, 516格调生活-蓝（有小号）, 512魅影-粉（有小号）, K01顽皮狗-桔, K",CHUA_CO,,,
lio-blue,1,1,花型,"Melbourne-Màu xám bí ẩn [mát mẻ và thoáng khí để ngủ khỏa thân], Melbourne-Dream",CHUA_CO,,,
liofil,1,1,产品规格,"Màng băng ceramide 4ml * 20, Mặt nạ bọt bơ 4g * 12, Mặt nạ bọt cà rốt 4g * 12, M",CHUA_CO,,,
lion's,1,1,包装规格,"Trà Nhân Sâm Năm Quý [5g x 30 túi]/túi, Trà Nhân Sâm Liubao [5g x 30 túi]/túi, T",CHUA_CO,,,
lingchu-xanh,1,1,花型,"Senman-Milk White [Bông loại A, an toàn khi ngủ khỏa thân], Duoduo - hồng nhạt [",CHUA_CO,,,
linglan,1,1,颜色,"Ngôn ngữ hoa-Be, Chunxiao-Hồng, Fuli-xanh xám, phong cách lan Nhật Bản, Bộ sưu t",CHUA_CO,,,
mitsubishi,1,1,颜色,"Một miếng cản trước [vui lòng để lại tin nhắn khi đặt hàng các mẫu khác], Một mả",GIU,,,
mitsui,1,1,产品规格,Mặt nạ axit hyaluronic Mitsui [Một hộp/30 miếng],GIU,,,
miura,1,1,菱格包,Túi Miura chính hãng,CHUA_CO,,,
miyake,1,1,日韩风格,túi miyake,CHUA_CO,,,
miying,1,1,花型,"Berlin Dream-Green [thân thiện với làn da và mềm mại, thích hợp để ngủ khỏa thân",CHUA_CO,,,
minoda,1,1,包装规格,"Hạt giống núi cao 500g, Hương thơm 500g, Mixiang Zhengshan Xiaoong 500g, Hạt giố",CHUA_CO,,,
minsheng,1,1,生产厂家,"Zhangzhou Minsheng Tea Industry Co., Ltd.",CHUA_CO,,,
mintang,1,1,部分原料山头,"Xishuangbanna, Laobanzhang, Laoman'e, Yiwu, Mahe, Kuafengzhai, Mintang, Naka, Na",CHUA_CO,,,
lishi,1,1,产品名称,Lao Lishi hoa nở thạch son môi,GIU,,,
mobilization,1,1,规格,"Bộ đồ mài bánh 8 miếng cỡ 3C IBMS0006, Công chúa lâu đài 10 mảnh ABS3C số IBMS00",CHUA_CO,,,
lingmei-aloe,1,1,产品规格,"Mặt nạ Đen Tinh Chất Bei Lingmei-Snail 25ml/1 miếng, Mặt nạ da bé mịn và dưỡng ẩ",CHUA_CO,,,
lingmei-hyaluronic,1,1,产品规格,"Mặt nạ Đen Tinh Chất Bei Lingmei-Snail 25ml/1 miếng, Mặt nạ da bé mịn và dưỡng ẩ",CHUA_CO,,,
lingmei-snail,1,1,产品规格,"Mặt nạ Đen Tinh Chất Bei Lingmei-Snail 25ml/1 miếng, Mặt nạ da bé mịn và dưỡng ẩ",CHUA_CO,,,
lingmei-xiaobai,1,1,产品规格,Sữa rửa mặt Bei Lingmei-Xiaobai Tube Oxy,CHUA_CO,,,
lingmeng,1,1,花型,"Jensen-Yellow (Thiết kế viền vỏ chải dày bằng cotton loại A), Jensen-Pink (Thiết",CHUA_CO,,,
lingpai,1,1,规格尺寸,"Honda Accord, Honda CRV/Haoying, Honda Crown Road/UR-V, Honda Sibolui, Honda Ody",CHUA_CO,,,
lingren,1,1,颜色,"Giẻ có thể tháo rời [Matcha xanh]1, Giẻ có thể tháo rời [Bầu trời xanh]1, Giẻ có",CHUA_CO,,,
lingshang,1,1,规格尺寸,"Senna/Grevia/Grevia, Toyota CHR/Yize, Toyota Ralink/Corolla/Sư tử châu Á/Ling Sh",CHUA_CO,,,
lilisa,1,1,花型,"Benika, Mùa hoa rực rỡ, Flar, Hoa Đô - Tím Mạn Mạn, Hoa Đô - Xám nhạt, Lilisa, T",CHUA_CO,,,
lily-pink,1,1,花型,"Lily-Pink Jade (Lông thỏ loại A trộn nhung sữa), Velvet Dream Butterfly-Milk Whi",CHUA_CO,,,
mocha-metallic,1,1,花型,"【Dùng Được Cả Bốn Mùa】Mocha - Be, [Bốn Mùa] Vườn Bí Mật-Ca, [Bốn Mùa] Vườn Bí Mậ",CHUA_CO,,,
modern,1,1,花型,"Modern Forest-Lan [thân thiện với làn da và mềm mại, thích hợp để ngủ khỏa thân]",CHUA_CO,,,
modern-ca,1,1,花型,"Wilderness-Orange [Bông loại A chất lượng cao, ấm áp và thân thiện với làn da hơ",CHUA_CO,,,
moezhu,1,1,花型,"Giữa giấc mơ và gương | Cấp độ A dành cho mẹ và bé / Mềm mại thân thiện với da, ",CHUA_CO,,,
mofei,1,1,颜色,"206701 Maybe Bear - Nâu cà phê, 206701 Gấu Mofei - Xanh lá, 207201 Gấu nhỏ đoàn ",CHUA_CO,,,
lima,1,1,颜色,"A5-1 màu xanh lam mát mẻ, Màu cam A5-1, A5-1 Ben xám bạc, Màu trắng đậm A5-1, A5",CHUA_CO,,,
lina,1,1,花型,"Máccio - Kim Đà, Máccidô - Vàng hồng, Thịnh Thế Mẫu Đơn, Thiên cảnh tuyệt đẹp - ",CHUA_CO,,,
lincoln,1,1,规格尺寸,"Mô hình Volkswagen/Jetta, BMW/mini mẫu, Toyota/Lexus, Mô hình Volvo, Mẫu xe Merc",CHUA_CO,,,
life-ca,1,1,花型,"Miller [Cotton chải kỹ, thân thiện với da và tinh tế], Chunuan [Cotton chải kỹ, ",CHUA_CO,,,
life-chunchen,1,1,花型,"Clear Sky-Milkshake White [Mềm và như sáp, thân thiện với da, không vón cục, khô",CHUA_CO,,,
life-ice,1,1,花型,"Clear Sky-Milkshake White [Mềm và như sáp, thân thiện với da, không vón cục, khô",CHUA_CO,,,
life-lilac,1,1,花型,"Clear Sky-Milkshake White [Mềm và như sáp, thân thiện với da, không vón cục, khô",CHUA_CO,,,
lift,1,1,产品规格,Mặt nạ collagen nâng cơ Red Honey Lift 5 miếng [đóng hộp],CHUA_CO,,,
moli,1,1,花型,"Thỏ đồng quê [Dày dặn, vải chải lông mềm mại, thân thiện với da, không dễ xù lôn",CHUA_CO,,,
moment-apricot,1,1,花型,"Moment - Ocean Blue [Rất mềm mại, rất thân thiện với làn da, có thể ngủ khỏa thâ",CHUA_CO,,,
moment-blue,1,1,花型,Màu xám cổ điển + Champagne [Nhung sữa dày/Ấm áp thân thiện với làn da/Thoải mái,CHUA_CO,,,
moments,1,1,花型,"Moment - Ocean Blue [Rất mềm mại, rất thân thiện với làn da, có thể ngủ khỏa thâ",CHUA_CO,,,
mondelez,1,1,生产厂家,Công ty TNHH Thực phẩm Mondelez (Bắc Kinh),GIU,,,
miyou,1,1,花型,"Bán Hạ - [Chất liệu cotton chải kỹ, thân thiện với da, thoải mái khi ngủ], Bán H",CHUA_CO,,,
miyu,1,1,花型,"Những bông hoa yên tĩnh [thân thiện với làn da * có thể ngủ khỏa thân], Mo Yu Yu",CHUA_CO,,,
mob,1,1,花型,"Quái vú-tím phô mai, Cà phê Giờ-Nơ, Cà phê Giờ Cà phê Sữa, Bánh sừng bò cà phê s",CHUA_CO,,,
lifu,1,1,产品规格,"【Baizhentang】 Sữa rửa mặt kiểm soát dầu axit amin 500g, 【Baizhentang】 Mousse làm",CHUA_CO,,,
ligerita,1,1,花型,"Vườn Monet [100% Lyocell Tencel, mát lạnh như lụa, thích hợp ngủ không mặc đồ], ",CHUA_CO,,,
lightsaber,1,1,颜色,"【Phần 15 Số 7】Pin đặc biệt cho Lightsaber, [Thanh kiếm đơn màu xanh/không có hiệ",CHUA_CO,,,
lihai,1,1,包装规格,Son môi Lihua Golden Needle số 1 (Thu hoạch đầu núi cao ở khu vực sản xuất cốt l,CHUA_CO,,,
lihua,1,1,包装规格,Son môi Lihua Golden Needle số 1 (Thu hoạch đầu núi cao ở khu vực sản xuất cốt l,CHUA_CO,,,
lfl-heart,1,1,颜色,"YYL-GD Bộ đồ dài tay nơ hồng, YYL-GD Bộ đồ dài tay nơ bướm màu tím, XBR - Bộ đồ ",CHUA_CO,,,
liama,1,1,颜色,"A5-1 màu xanh lam mát mẻ, Màu cam A5-1, A5-1 Ben xám bạc, Màu trắng đậm A5-1, A5",CHUA_CO,,,
liangcao,1,1,生产厂家,Công ty TNHH công nghệ sinh học An Huy Tianming Liangcao,CHUA_CO,,,
monica-orange,1,1,花型,"Chase/Xanh-Xám, Chase/Dias-Grey, Chasing/Kẻ sọc hồng hoa cà, Đuổi theo/Baroque, ",CHUA_CO,,,
monica-xanh,1,1,花型,"Chase/Xanh-Xám, Chase/Dias-Grey, Chasing/Kẻ sọc hồng hoa cà, Đuổi theo/Baroque, ",CHUA_CO,,,
monyilan,1,1,花型,"Monyilan + Xanh nhạt [Tiêu chuẩn A dành cho mẹ và bé, thân thiện với da, có thể ",CHUA_CO,,,
mood,1,1,花型,"漫步云端【100%纯棉 亲肤透气】, 梦里星光-灰【100%纯棉 亲肤透气】, 妙语花香【100%纯棉 亲肤透气】, 木棉花-绿【100%纯棉 亲肤透气】, 天",CHUA_CO,,,
moffe,1,1,花型,"Hoa nhẹ nhàng [100% cotton hai mặt], Avril Lavigne [100% cotton hai mặt], Khủng ",CHUA_CO,,,
moisture,1,1,产品规格,"Mặt nạ máu cam/25g, Mặt nạ sữa dưỡng ẩm (mới) 25g, Mặt nạ dưỡng ẩm/25g, Mặt nạ d",CHUA_CO,,,
mojito,1,1,花型,"Huang Xiaoge [Không có bóng-không thu nhỏ-không phai màu], Lưới lớn màu xám đơn ",CHUA_CO,,,
lily-xanh,1,1,花型,"Lily-Pink Jade (Lông thỏ loại A trộn nhung sữa), Velvet Dream Butterfly-Milk Whi",CHUA_CO,,,
moq,1,1,尺寸,"18inch, 20 inch [MOQ]",CHUA_CO,,,
liangpi,1,1,净重（规格）,"Gói hỗn hợp 5-Ma La Tiao, 420 túi (Khoảng 10 hương vị), Gân bò bác sĩ*50 gói, Hư",CHUA_CO,,,
lianlian,1,1,包装规格,"Bộ bàn ăn 8 hương vị và 8 món [đề xuất để tiết kiệm chi phí], Bộ bát đĩa gồm 6 m",CHUA_CO,,,
library,1,1,颜色,"AI-M76 Đen Tối AI Library Phiên Bản Dịch [Ultimate Edition] (Một màu, lô tối thi",CHUA_CO,,,
lico,1,1,规格,Mặt Nạ Ngủ Laiko Rice 3g (Sản Phẩm Xuất Khẩu - Không Bán Trong Nước. Việc mua hà,CHUA_CO,,,
lidani,1,1,平替品牌,Lidani,CHUA_CO,,,
liema,1,1,颜色,"A5-1 màu xanh lam mát mẻ, Màu cam A5-1, A5-1 Ben xám bạc, Màu trắng đậm A5-1, A5",CHUA_CO,,,
leisure,1,1,花型,"Bi Han + Biển Hoa Fangfei [Bộ bốn món nhung sữa có trọng lượng cao], Beihan + Ng",THEO_CUM,,,
leolan,1,1,产品名称,Sữa rửa mặt làm mềm da mặt Leolan,CHUA_CO,,,
morando-pink,1,1,花型,"Locke Manor-Red [100% cotton, thân thiện với da, mềm mại và thoải mái], Lời giới",CHUA_CO,,,
morey,1,1,花型,"A Gấu túi [Sợi cao cấp, mật độ cao - định lượng cao], A Ak [Sợi cao cấp, mật độ ",CHUA_CO,,,
morgan,1,1,花型,"Lạc Thần - Trắng + Ngọc Hồng, Lạc Thần - Xanh Biếc, Lạc Thần - Tím đậu đỏ, Lạc T",CHUA_CO,,,
morita,1,1,花型,"Thế giới chấm bi, Tình yêu như những vì sao, Biển như rừng, Biển cam, Tình yêu n",CHUA_CO,,,
moro,1,1,容量,"[Bột Bordeaux] 300ML, 【Xanh ôliu 】 300ML, [Moro Blue] 300ML",CHUA_CO,,,
mongolia,1,1,原产地,Mongolia Trung,CHUA_CO,,,
moni,1,1,花型,"Dải màu xám đậm [ngủ khỏa thân bằng cotton chải kỹ], Dark Grey Middle Lưới [Bông",CHUA_CO,,,
lesen,1,1,花型,"[Đánh dày 100 lần] Disena ~ Màu cà phê, [Đánh dày 100 lần] Disena~Bean Green, [Đ",CHUA_CO,,,
leucine,1,1,成分,"Dầu dừa natri glycinate, octyl/decylglucoside, serine, arginine, glutamate, prol",CHUA_CO,,,
levsha,1,1,产品规格,"Sữa rửa mặt axit amin Lefusha 120g, Sữa rửa mặt axit amin Levsha 60g",CHUA_CO,,,
leyuanfa,1,1,产品厂家厂名,Trang trại chè Leyuanfa,CHUA_CO,,,
lezhi,1,1,花型,"Bột tình yêu, yêu màu xanh, Bướm đầy màu sắc màu xanh, Quả quýt lá dài mùa hè, L",CHUA_CO,,,
lezhilan,1,1,花型,"Bột tình yêu, yêu màu xanh, Bướm đầy màu sắc màu xanh, Quả quýt lá dài mùa hè, L",CHUA_CO,,,
leap,1,1,颜色,"[Môi bóng đào Fantasy] J811 Quả nhân sâm, 【Son Gương Hoa Đào】L01 Đồng Cỏ, [Son m",XEM_TAY,,,
leather,1,1,颜色,"100 Bột Xám (Bột Xám Lạnh), [Đã được hàng ngàn người mua lại] Son bóng dạng thỏi",CHUA_CO,,,
leaves,1,1,颜色,Áo Cổ Trụ Cotton Nguyên Chất [Kháng Khuẩn 5A + Không Gọng] Hình Xe Hơi Khủng Lon,CHUA_CO,,,
lecithin,1,1,原料与配料,"Thành phần: Bột mì, Đường trắng, Dầu thực vật, Glucose ăn được, Maltodextrin, Tr",CHUA_CO,,,
lectin,1,1,产品名称,Skin Love Code: Mặt nạ tinh chất làm dịu Scallop Lectin,CHUA_CO,,,
lede,1,1,生产企业,Công ty TNHH Thiết bị Y tế Hồ Nam Lede,CHUA_CO,,,
mother-in-law,1,1,颜色,"Hộp đơn thời trang [hạt trắng] tích hợp đơn giản, Hộp đơn thời trang [xanh da tr",CHUA_CO,,,
mou-bao-xiao-bear,1,1,花型,"Chó con vui vẻ, Chó dachshund sao, Gấu rừng, Gấu nhỏ1, Tây nguyên dễ thương, Gấu",CHUA_CO,,,
mouse,1,1,颜色,"Máy bong bóng đặc biệt [16 phần], 30 gói cô đặc, 4 chai [bong bóng 50ml], Khủng ",CHUA_CO,,,
mooni,1,1,花型,"Dải màu xám đậm [ngủ khỏa thân bằng cotton chải kỹ], Dark Grey Middle Lưới [Bông",CHUA_CO,,,
muscoblin,1,1,产品规格,"Mặt nạ làm dịu và sửa chữa Muscoblin Polypeptide1, Trang trí vết thương màng sin",CHUA_CO,,,
muse,1,1,花型,"Nơ - Nơ kẻ caro | Mềm mại thân thiện với da / Không xù lông, Nơ - Trái tim bảy m",CHUA_CO,,,
muses,1,1,花型,"Nơ - Nơ kẻ caro | Mềm mại thân thiện với da / Không xù lông, Nơ - Trái tim bảy m",CHUA_CO,,,
mushan,1,1,颜色,"Màu đen, Trắng be, Màu xám, Nâu Bella, Vàng sữa, Đỏ rượu, Màu xanh navy, Xanh lá",CHUA_CO,,,
moutguard,1,1,尺寸大小,"Núm vú ống hút lệch tâm (12+ tháng) - Phù hợp với bình sữa SEEXI 7.2mm., Ống hút",CHUA_CO,,,
mouth,1,1,净重（规格）,"Weilong Konjac làm mới và đóng gói số lượng, hương vị hỗn hợp ngẫu nhiên 20 gói ",GIU,,,
moxa,1,1,花型,"100% Lenzing Tencel—Xanh mùi tây, 100% Lenzing Tencel—vàng phô mai—nâu cát, 100%",CHUA_CO,,,
moyan,1,1,花型,"Lý Tiểu Long, Mùa xuân ở Milan, Màu thu dễ chịu, Xám cuộc sống thanh lịch, Gạo s",CHUA_CO,,,
moyuan,1,1,颜色,"Giẻ có thể tháo rời [Matcha xanh]1, Giẻ có thể tháo rời [Bầu trời xanh]1, Giẻ có",CHUA_CO,,,
mozart,1,1,颜色,"1 # Nguyên chất, mát mẻ và trắng (lớp học trang điểm giả), 2#Nước soda đào hồng ",CHUA_CO,,,
mufen,1,1,花型,"60 bông dài sang trọng-Bentley Blue, 60 bông nhung dài sang trọng màu xám cao cấ",CHUA_CO,,,
mujimano,1,1,包装规格,"Trọng lượng mẫu khoảng [30g], [Carbon nướng Dahongpao] Đơn giá 40 nhân dân tệ, [",CHUA_CO,,,
morph,1,1,颜色,"Thiết bị Thăng Hoa Zeta + 6 Huy Chương + Thẻ, Thiết bị Thăng Hoa Bóng Tối + Huy ",CHUA_CO,,,
morphy,1,1,花型,"Morphy [100% cotton, thân thiện với làn da và mềm mại, thích hợp để ngủ khỏa thâ",CHUA_CO,,,
mosen,1,1,花型,"A Gấu túi [Sợi cao cấp, mật độ cao - định lượng cao], A Ak [Sợi cao cấp, mật độ ",CHUA_CO,,,
moshan,1,1,花型,"Hoa mùa xuan-xanh [Từ chối cái nóng và mềm mượt, ngủ khỏa thân và thoát mồ hôi],",CHUA_CO,,,
multi-action,1,1,产品规格,"Pha lê nguyên chất 30g, Xóa mụn 50g, Kim Thượng 50g, Sữa rửa mặt làm sáng da nữ ",CHUA_CO,,,
multi-collagen,1,1,产品规格,"Mặt nạ mắt kem dưỡng da collagen dạng nước [5 cặp/hộp], DASSFN Multi-Collagen Mo",CHUA_CO,,,
multi-effect,1,1,产品规格,"Sữa rửa mặt làm mới và làm sạch cho nam Zhiduo 100g, Kem rửa mặt dành cho nam ki",CHUA_CO,,,
multi-hyaluronic,1,1,产品规格,"Mặt nạ Collagen xốp y tế NHA GENE (5 cái/hộp), Mặt nạ đá dịu da NHA multi-hyalur",CHUA_CO,,,
lef,1,1,花型,"YAG McLaren - Cà phê, YAG Angus, YAG Thời gian Philadelphia, YAG Xanh Lá, YAG Ka",CHUA_CO,,,
left,1,1,花型,"Bánh quế-Trắng sữa [Bánh quế bông loại A], Bánh quế-Mituo [bánh quế bông loại A]",CHUA_CO,,,
lefujie,1,1,产品规格,"50g Sữa rửa mặt dưỡng ẩm phục hồi sức sống, Sữa rửa mặt làm mới kiểm soát dầu Le",CHUA_CO,,,
lefusha,1,1,产品规格,"Sữa rửa mặt axit amin Lefusha 120g, Sữa rửa mặt axit amin Levsha 60g",CHUA_CO,,,
lego,1,1,颜色,"Hộp Lego xanh 4 lớp, Trong suốt ô bên trong, Màu xanh lục ca rô bên trong",GIU,,,
lehu,1,1,颜色,"HT-097桌面足球赛游戏【大礼盒】, 【彩盒】987-122弹珠保龄球, 556-201欢乐锤豆豆【礼盒】, 【彩盒】556-44萌叶叠叠玩, HT-076 ",CHUA_CO,,,
leico,1,1,规格,Mặt Nạ Ngủ Laiko Rice 3g (Sản Phẩm Xuất Khẩu - Không Bán Trong Nước. Việc mua hà,CHUA_CO,,,
lazada,1,1,花型,"Tương Tư LZ, Mèo dâu LZ, Gấu bơ lz, Nhà Kitty LZ, Hoa hồng hoàng hôn LZ, Chúc ng",CHUA_CO,,,
muma,1,1,花型,"Gấu hoa nhí, Ghi chú thú cưng, Cửa hàng kẻ sọc Mèo Kate, Gấu nhỏ cổ điển, Chó lạ",CHUA_CO,,,
mummy,1,1,产品规格,Mặt nạ chống nhăn làm săn chắc da Afu Black Truffle 10 miếng/hộp [Có thể kiểm tr,CHUA_CO,,,
mun-xanh,1,1,花型,"trà, Mực nhuộm Qingyun-Ca, đường trà, Màu xám ca rô, con báo cổ điển, Làm hài lò",CHUA_CO,,,
musa,1,1,产品名称,Mặt nạ làm săn chắc và đàn hồi chống nhăn Musa,CHUA_CO,,,
muxiang,1,1,包装规格,Trầm hương táo tàu 2015 bánh trà trắng cũ 10g mẫu trà khuyến nghị chính đơn giá ,CHUA_CO,,,
muxue,1,1,花型,"';'; Mocha ';'; Jinlan, ';'; Ou Fan ';'; Lạc Đà Vàng, ';'; Khu vườn xinh đẹp'; '",CHUA_CO,,,
leader-large,1,1,包装规格,"2026--2#Mingqiantou Picking Nectar--500g (số lượng lớn), 2026---3 # Mingqiantou ",CHUA_CO,,,
leaf-blue,1,1,花型,"Treasure Garden [Kết cấu cấp mẹ và bé đích thực NUK], Aisha Fangfei [Kết cấu cấp",CHUA_CO,,,
leaf-khaki,1,1,花型,"Lily-Pink Jade (Lông thỏ loại A trộn nhung sữa), Velvet Dream Butterfly-Milk Whi",CHUA_CO,,,
las,1,1,花型,"Vàng ngỗng hồng ngọc, Vàng ngỗng xanh cổ, Màu sương xanh xám, Ngọc hồng (màu trơ",CHUA_CO,,,
muye,1,1,花型,"碧从锦簇【加厚保暖 防静电不掉毛】, 春时在宴【加厚保暖 防静电不掉毛】, 落日浪漫【加厚保暖 防静电不掉毛】, 森蔓绿【加厚保暖 防静电不掉毛】, 树与蝉鸣【",CHUA_CO,,,
muyuan,1,1,产品属性,"Mặt nạ dành cho nữ, mặt nạ Centella asiuba, làm mới, dưỡng ẩm, làm dịu và duy tr",GIU,,,
muyun,1,1,颜色,"Phiên bản không khóa - Trắng Mộc Vân - Cỡ nhỏ - [32*24*18], Phiên bản không khóa",CHUA_CO,,,
myanmar,1,1,毛重,Việt Nam Lào Campuchia Thái Lan Myanmar Malaysia Singapore Indonesia Brunei Phil,CHUA_CO,,,
mystery,1,1,颜色,[Phiên bản nâng cấp màu trắng ngà] Chất lượng âm thanh ban đầu 丨 Cuộc gọi HD khô,CHUA_CO,,,
myth,1,1,颜色,"Mũ vô địch không đèn, Mũ vô địch có đèn, Mũ vô địch không có đèn, dải màu và đèn",CHUA_CO,,,
mz-danny,1,1,花型,"MZ - Nơ bướm màu tím 【Vải loại A, thân thiện với da, mềm mại, không xù lông】, MZ",CHUA_CO,,,
mz-sao,1,1,花型,"MZ - Nơ bướm màu tím 【Vải loại A, thân thiện với da, mềm mại, không xù lông】, MZ",CHUA_CO,,,
n'er,1,1,花型,"Màu Đôn Hoàng-Bình minh bạc (Lanjing Tencel nhập khẩu từ Áo), Xám xanh lam-Xám s",CHUA_CO,,,
mule,1,1,款式,Giày Mule,GIU,,,
nanji,1,1,颜色,"Màu cà phê, Xám Nam Cực, màu đen, Phiên bản nâng cấp màu cà phê [99% khách hàng ",CHUA_CO,,,
nannuoshan,1,1,部分原料山头,"Xishuangbanna, Laobanzhang, Laoman'e, Yiwu, Mahe, Kuafengzhai, Mintang, Naka, Na",CHUA_CO,,,
nanping,1,1,产品厂家厂址,"Số 3, Duba, làng Jiaoting, đường Wuyi, thị trấn Xingtian, thành phố Wuyishan, th",CHUA_CO,,,
naferre,1,1,产品规格,"Mặt nạ Collagen xốp y tế NHA GENE (5 cái/hộp), Mặt nạ đá dịu da NHA multi-hyalur",CHUA_CO,,,
naham,1,1,部分原料山头,"Xishuangbanna, Laobanzhang, Laoman'e, Yiwu, Mahe, Kuafengzhai, Mintang, Naka, Na",CHUA_CO,,,
naifu,1,1,花型,"Naifumiao-Fenka [Sợi hai lớp nhăn siêu mềm, thân thiện với da, thoáng khí và khô",CHUA_CO,,,
naifumiao,1,1,花型,"Naifumiao-Fenka [Sợi hai lớp nhăn siêu mềm, thân thiện với da, thoáng khí và khô",CHUA_CO,,,
naifumiao-fenka,1,1,花型,"Naifumiao-Fenka [Sợi hai lớp nhăn siêu mềm, thân thiện với da, thoáng khí và khô",CHUA_CO,,,
naifumiao-ka,1,1,花型,"Naifumiao-Fenka [Sợi hai lớp nhăn siêu mềm, thân thiện với da, thoáng khí và khô",CHUA_CO,,,
nailan,1,1,花型,"Qinghuan [thân thiện với làn da và mềm mại], Nailan Puffs [thân thiện với làn da",CHUA_CO,,,
naiqi,1,1,颜色,"Bộ tài khoản vui nhộn (ngẫu nhiên) CY-97, Chú Gấu Dễ Thương Thợ Thủ Công Nhỏ 811",CHUA_CO,,,
nair,1,1,产品规格,"Mặt nạ dưỡng ẩm làm dịu da cam Shelika 25ml, Mặt nạ dưỡng ẩm hoa hồng Lika 25ml,",CHUA_CO,,,
naka,1,1,部分原料山头,"Xishuangbanna, Laobanzhang, Laoman'e, Yiwu, Mahe, Kuafengzhai, Mintang, Naka, Na",CHUA_CO,,,
nam-dahongpao,1,1,包装规格,"Trà ngon Giang Nam-Dahongpao, Trà ngon Giang Nam-Jin Junmei, Giang Nam Trà Tốt-T",CHUA_CO,,,
nam-jin,1,1,包装规格,"Trà ngon Giang Nam-Dahongpao, Trà ngon Giang Nam-Jin Junmei, Giang Nam Trà Tốt-T",CHUA_CO,,,
mussels,1,1,产品规格,"Centella asiatica, phim trắng, rau diếp biển, Astaxanthin, Đá lạnh đậm đà, bảo v",CHUA_CO,,,
nanchu-ka,1,1,花型,"Jensen-Yellow (Thiết kế viền vỏ chải dày bằng cotton loại A), Jensen-Pink (Thiết",CHUA_CO,,,
latzi,1,1,净重（规格）,"[Hai mươi món ăn nhẹ tuổi thơ] 30 gói, [Hai mươi món ăn nhẹ tuổi thơ] 60 gói, [H",CHUA_CO,,,
latzzi,1,1,净重（规格）,"[Hai mươi món ăn nhẹ tuổi thơ] 30 gói, [Hai mươi món ăn nhẹ tuổi thơ] 60 gói, [H",CHUA_CO,,,
launcher,1,1,规格,"Phóng 1 tên lửa flash, Phóng 2 đèn flash tên lửa, Phóng 3 đèn flash tên lửa, Phó",CHUA_CO,,,
laureth,1,1,成分,Natri laureth sunfat,CHUA_CO,,,
lauroyl,1,1,成分原料,Axit amin bột yến mạch natri Lauroyl,CHUA_CO,,,
lauryl,1,1,成分原料,Lauryl natri hydroxethyl astetate,CHUA_CO,,,
lanyan,1,1,花型,"hoa lan, hoa oải hương, hoa tulip, mùa tình yêu, Thỏ hoa, Lanyan, Thú cưng dễ th",CHUA_CO,,,
lanyin,1,1,花型,"Bướm [tinh tế, thoải mái, mềm mại và thân thiện với làn da], Alisa [tinh tế, tho",CHUA_CO,,,
lanyingdie-grey,1,1,花型,"雾绒-白【精梳新疆全棉 亲肤裸睡】, 伯伦-白【精梳新疆全棉 亲肤裸睡】, 杜言【精梳新疆全棉 亲肤裸睡】, 繁花然【精梳新疆全棉 亲肤裸睡】, 乐禧【精梳新疆",CHUA_CO,,,
lanyu,1,1,花型,"Melbourne-Màu xám bí ẩn [mát mẻ và thoáng khí để ngủ khỏa thân], Melbourne-Dream",CHUA_CO,,,
laobanzhang,1,1,部分原料山头,"Xishuangbanna, Laobanzhang, Laoman'e, Yiwu, Mahe, Kuafengzhai, Mintang, Naka, Na",CHUA_CO,,,
nancongyan,1,1,产品厂家厂名,Nhà máy Trà Wuyi Nancongyan,CHUA_CO,,,
nanfa,1,1,花型,"Southern France Manor-White [Nhung sữa đặc/Nghề chạm khắc ba chiều], Nam nước Ph",CHUA_CO,,,
nanfeng,1,1,花型,Jing-Xingtu-Advanced Blue-Cotton Platinum Edition [Nâng cấp vải Jacquard sang tr,CHUA_CO,,,
nangong,1,1,花型,"Những bông hoa yên tĩnh [thân thiện với làn da * có thể ngủ khỏa thân], Mo Yu Yu",CHUA_CO,,,
nanyang,1,1,生产厂家,Công ty TNHH Dược phẩm Nanyang Linuo,CHUA_CO,,,
nanzaki,1,1,包装规格,"500g Trà Ô Long Tieguanyin Thơm Ngát, Hạng 7.5 [Nguyên Liệu Pha Trà Điện Tử], 50",CHUA_CO,,,
laocun,1,1,生产厂家,Công ty TNHH Thực phẩm Zhangzhou Laocun Kou,CHUA_CO,,,
laogen,1,1,生产厂家,"Vân Nam Lin Laogen Tea Industry Co., Ltd.",CHUA_CO,,,
laoman'e,1,1,部分原料山头,"Xishuangbanna, Laobanzhang, Laoman'e, Yiwu, Mahe, Kuafengzhai, Mintang, Naka, Na",CHUA_CO,,,
laosheng,1,1,包装规格,"Bộ 5 vị cổ điển (nấu nếp/nấu chín/thô Pu/Trà đỏ/Trà trắng), Sự kết hợp của 8 hươ",CHUA_CO,,,
laoshoumei,1,1,包装规格,"2019 [đóng hộp] nội dung ròng 500g, 2019 [Túi] Khối lượng tịnh 252g, 2019 [Bán b",HANVIET,Lão Thọ Mi,,
laoshuyunxiang,1,1,包装规格,"500g đầu trà thơm cặn vịt số 12 [nguyên liệu trà sữa], 500g đầu trà thơm cặn vịt",CHUA_CO,,,
lanqing,1,1,花型,"Ice Silk-Fruit Green Cheese [Từ chối ngủ khỏa thân và nóng bỏng mượt mà], Ice Si",CHUA_CO,,,
naphthalene,1,1,颜色,Dung tích siêu lớn 100g [naphthalene thơm thanh lịch] lưu hương lâu★Loại bỏ alde,CHUA_CO,,,
napoleon,1,1,花型,"Mocha [100% cotton, mềm mại và thân thiện với da, thích hợp cho giấc ngủ thường]",CHUA_CO,,,
narcis,1,1,包装规格,"【Huaxiang Dahongpao】 Đơn giá 75, [Hương thơm mạnh mẽ Dahongpao] Đơn giá 105, [Zh",CHUA_CO,,,
nary,1,1,花型,"Chú chó Nary [Bộ đồ vải cotton nguyên chất dùng cho lễ tốt nghiệp], Mộ Lạc Tinh ",CHUA_CO,,,
nam-xanh,1,1,颜色,"Nam-màu trắng, Nam-xanh đậu, Nam-màu đen, Nam-màu xám, Nam màu xanh sương mù, Nữ",CHUA_CO,,,
nanchi,1,1,包装规格,"Hộp sắt = 64 gói nhỏ * 7.8g, Hộp gỗ Nanchi Bìa cứng: 250g * 2 lon, Hộp quà cao c",CHUA_CO,,,
nanchu-grey,1,1,花型,"Jensen-Yellow (Thiết kế viền vỏ chải dày bằng cotton loại A), Jensen-Pink (Thiết",CHUA_CO,,,
lanji,1,1,产品规格,"Mặt nạ thay đổi màu ấm trẻ hóa vitamin C Lanjimei Một mảnh, Mặt nạ thay đổi màu ",GIU,,,
lanka,1,1,原产地,Sri Lanka,GIU,,,
laila,1,1,花型,"Đôi Meina, Bột KT họa tiết da báo, bánh dâu tây, Trẻ trung và rực rỡ, Vườn Gra, ",CHUA_CO,,,
laiyin-mi,1,1,花型,"Một lá biết thu, Hoa bóng loang lất, Laiyin-Mi, Rio - Nâu, Thanh Hoan Tập - Đỏ, ",CHUA_CO,,,
lam-xe,1,1,颜色,"Xe địa hình màu đỏ-xe trần, Xe địa hình màu cam-xe trần, Xe địa hình xanh-xe trầ",CHUA_CO,,,
lantian,1,1,福建省泉州市核心产地,"Xiping, Huqiu, Xianghua, Gande, Jiandou, Changkeng (Changqing), Longjuan, Hutou,",CHUA_CO,,,
lanting-m,1,1,花型,"đường trà, Wangdi-Ka, Đồng hoa sai, bướm nữ thần mặt trăng, vườn gỗ mun, Hương h",CHUA_CO,,,
lantuo,1,1,花型,"';'; Mocha ';'; Jinlan, ';'; Ou Fan ';'; Lạc Đà Vàng, ';'; Khu vườn xinh đẹp'; '",CHUA_CO,,,
lanxinya,1,1,花型,"Cà phê Fengyu [100% cotton jacquard, nhẹ sang trọng và cao cấp], Màu xanh lá cây",CHUA_CO,,,
lane,1,1,颜色,"Vườn Hoa Màu Hồng Cherry 232 Chiếc-Hộp Màu, Hộp màu hồng Rose Lane 239 chiếc, Hộ",CHUA_CO,,,
langde,1,1,花型,"A Gấu túi [Sợi cao cấp, mật độ cao - định lượng cao], A Ak [Sợi cao cấp, mật độ ",CHUA_CO,,,
langqian,1,1,产品厂家厂址,"Số 7 Songlinghou, Làng Langqian, Thị trấn Dương Trang, Thành phố Vũ Di Sơn",CHUA_CO,,,
nav-tay,1,1,颜色,"Trắng ROHSE-Tay ngắn, Xanh Navy ROHSE-Tay ngắn, Xanh ĐẬU ROHSE-Ngắn tay, Màu đen",CHUA_CO,,,
navigator,1,1,花型,"Bi Han + Biển Hoa Fangfei [Bộ bốn món nhung sữa có trọng lượng cao], Beihan + Ng",THAY,định vị,,
nawa,1,1,颜色,"A5-1 màu xanh lam mát mẻ, Màu cam A5-1, A5-1 Ben xám bạc, Màu trắng đậm A5-1, A5",CHUA_CO,,,
nantou,1,1,产品厂家厂址,"Quận Lugu, huyện Nantou, tỉnh Đài Loan",CHUA_CO,,,
lamella,1,1,颜色,"màu vàng, màu đỏ, Đỏ và đen, màu xanh lá cây, Bàn chải bánh xe + Bàn chải nội th",CHUA_CO,,,
lan-danfei,1,1,花型,"Trà sữa nâu nhạt, Gặp gỡ cà phê Maillard, Encounter-Island Blue, Gặp gỡ những ng",CHUA_CO,,,
lan-dimeng,1,1,花型,"Bentley Blue-Dimeng, Fanxing Lan-Dimeng, Xám cao cấp-Dimeng, Mi Ca-Dimeng, Đậu m",CHUA_CO,,,
landai,1,1,产品名称,Mặt nạ làm săn chắc da chống nhăn SIWLDAI Shiwei Landai Bose,CHUA_CO,,,
lace-huaman,1,1,花型,Sợi ren nhăn cà phê-Bowtie [cotton đã giặt siêu mềm/mềm mại và thân thiện với da,CHUA_CO,,,
lace-lanting,1,1,花型,"Ren nhỏ-chấm sóng trắng hồng [Bông siêu mềm/mềm mại, thân thiện với làn da], Ren",CHUA_CO,,,
lace-love,1,1,花型,"Ren Little Lace-Love Strawberry, Ren ren màu trái tim tình yêu, Ren ren sóng bướ",CHUA_CO,,,
lace-tulip,1,1,花型,"Ren nhỏ-chấm sóng trắng hồng [Bông siêu mềm/mềm mại, thân thiện với làn da], Ren",CHUA_CO,,,
nephrite,1,1,花型,"màu xanh nhạt, màu hoa cà, Cà phê sữa, quả Kiwi, chất nephrite, bầu trời xanh, m",CHUA_CO,,,
ness,1,1,花型,"Bò [ảnh chính], Cà phê ấm, Ngựa vằn, Ness màu đen, Dâu tây văn nghệ X, Lưới mơ D",CHUA_CO,,,
network,1,1,颜色,"Phấn hoa trắng/anh đào 8838 cô gái mạng đôi, White/Candy Green 8838 Double Net G",CHUA_CO,,,
newmi,1,1,花型,Màu xám cổ điển + Champagne [Nhung sữa dày/Ấm áp thân thiện với làn da/Thoải mái,CHUA_CO,,,
nasolabial,1,1,产品规格,"Shi Tiao Microcrystalline Collagen Nasolabial Folds (5 cặp/hộp), Miếng dán chăm ",CHUA_CO,,,
language-green,1,1,花型,"Melbourne-Màu xám bí ẩn [mát mẻ và thoáng khí để ngủ khỏa thân], Melbourne-Dream",CHUA_CO,,,
lanhuang,1,1,花型,"Lanhuang Xiaoge, Mi Xiaoge, lưới màu xanh nhạt, lưới xanh1, lưới nghệ, Lưới kem ",CHUA_CO,,,
lanifangko,1,1,产品名称,Mặt nạ dưỡng ẩm Lanifangko Provitamin B5,CHUA_CO,,,
ngay-lapsang,1,1,包装规格,"Hoa nở phú quý (đỏ)-Zhengshan Xiaosang 250g, Lapsang Souchong 50 túi hộp quà 250",CHUA_CO,,,
nguimay,1,1,花型,"Đào trắng khoai môn tím [Vải lụa băng mát lạnh / Mềm mượt thoáng khí], Cacao trắ",CHUA_CO,,,
nhau-big,1,1,花型,"Thắt nút lớn màu đỏ, Cửa chào mừng-Big Red, thỏa mãn, Quanxi-đỏ lớn, Chúc mừng đ",CHUA_CO,,,
nhi-dimeng,1,1,花型,"Bentley Blue-Dimeng, Fanxing Lan-Dimeng, Xám cao cấp-Dimeng, Mi Ca-Dimeng, Đậu m",CHUA_CO,,,
lagu,1,1,花型,"Lá vàng [Dày dặn giữ ấm - Chống tĩnh điện], Xuân Hoa Thu Thực [Dày dặn giữ ấm - ",CHUA_CO,,,
laifeng,1,1,生产厂家,Hợp tác xã chuyên nghiệp trồng chè nho làng Laifeng Kudaohe,HANVIET,Lai Phượng,,
l'oreal,1,1,品牌类型,L'Oreal,CHUA_CO,,,
l-trong,1,1,颜色,"Phong cách S-grey, Phong cách M-màu xám, L ngắn màu xám trong suốt, Kiểu trong s",CHUA_CO,,,
l-vitamin,1,1,产品规格,"Viên nén tinh chất rắn rovc (10 cái/hộp), Viên nén tinh chất rắn VC (10 miếng/hộ",CHUA_CO,,,
nhung-magic,1,1,花型,"Thỏ nhung-kaki dày dặn, Thỏ dày nhung-Magic Black, Thỏ nhung dày màu xanh đậm, T",CHUA_CO,,,
nhung-qingai,1,1,花型,"Bột đậu nhẹ bằng lụa [Váy và ga trải giường dày], Silk Talk-Bean Paste [Váy và g",CHUA_CO,,,
nhung-yunyanhui,1,1,花型,"Bột đậu nhẹ bằng lụa [Váy và ga trải giường dày], Silk Talk-Bean Paste [Váy và g",CHUA_CO,,,
nhung-yunzi,1,1,花型,"Bột đậu nhẹ bằng lụa [Váy và ga trải giường dày], Silk Talk-Bean Paste [Váy và g",CHUA_CO,,,
niacamide,1,1,产品规格,"Mặt nạ làm săn chắc và đàn hồi da Bellintha chống nhăn 25ml * 10 miếng, Jiefuqua",CHUA_CO,,,
nepal,1,1,包装体积,Nga Dubai Nhật Bản Hàn Quốc Síp Nigeria Ghana Nam Phi Suriname Saudi Arabia Keny,CHUA_CO,,,
lambo-xanh,1,1,颜色,[23CM] Lambo-đỏ tươi [chuyển đổi điều khiển từ xa + hiển thị khiêu vũ bằng một n,CHUA_CO,,,
niujiang,1,1,包装规格,Son môi Lihua Golden Needle số 1 (Thu hoạch đầu núi cao ở khu vực sản xuất cốt l,CHUA_CO,,,
nianjian,1,1,包装规格,"Xinmingxiang véo nửa cân và lấy một lon (khu vực sản xuất cốt lõi, hương hoa dàn",CHUA_CO,,,
nigeria,1,1,包装体积,Nga Dubai Nhật Bản Hàn Quốc Síp Nigeria Ghana Nam Phi Suriname Saudi Arabia Keny,CHUA_CO,,,
labbubu,1,1,花型,"Hoa lưu ly nở rộ, Đầy tình yêu thương, Hương Thầm, Hươu phát tài, Phong cách sốn",CHUA_CO,,,
labeiwang,1,1,花型,"Giữa giấc mơ và gương | Cấp độ A dành cho mẹ và bé / Mềm mại thân thiện với da, ",CHUA_CO,,,
labo,1,1,产品规格,"Sữa rửa mặt dưỡng ẩm cho nam giới 50g, Sữa rửa mặt thanh lọc hoạt tính Amino Aci",CHUA_CO,,,
labub,1,1,颜色,"Vương miện trắng be yêu, Tình yêu vương miện nghệ, Tình yêu vương miện màu xanh ",CHUA_CO,,,
lace-haiyan,1,1,花型,Sợi ren nhăn cà phê-Bowtie [cotton đã giặt siêu mềm/mềm mại và thân thiện với da,CHUA_CO,,,
kurokawa,1,1,颜色,"[Song of Lin Hai] Pure Ancient Dragon, [Song of Lin Hai] Qingchu Gardenia, 【Song",CHUA_CO,,,
kylie,1,1,箱包形状,Hình Kylie,CHUA_CO,,,
kylin-biluochun,1,1,包装规格,"Hộp quà 4 lon hoa văn rồng xanh, [Gói 8] Hộp quà Kirin, Áo choàng đỏ-5g, Quế-5g,",CHUA_CO,,,
kylin-dahongpao,1,1,包装规格,"Hộp quà 4 lon hoa văn rồng xanh, [Gói 8] Hộp quà Kirin, Áo choàng đỏ-5g, Quế-5g,",CHUA_CO,,,
nilon,1,1,材质成分,Sợi polyamide (Nilon)2,CHUA_CO,,,
nimbus,1,1,颜色,"574Ánh sáng trong đêm tối, 574 trắng xám bạc, 574 trắng xanh nâu, 574 vỏ bột đào",CHUA_CO,,,
nina,1,1,花型,"Chuyển động của thú cưng hoa, rococo, thù lao, Thưởng thức biển hoa, sự đồng hàn",CHUA_CO,,,
nine,1,1,花型,"Giang sơn lộng lẫy-100 bông dài hai mặt, Dragon and Phoenix He Cai-100 bông dài ",CHUA_CO,,,
kylin-jin,1,1,包装规格,"Hộp quà 4 lon hoa văn rồng xanh, [Gói 8] Hộp quà Kirin, Áo choàng đỏ-5g, Quế-5g,",CHUA_CO,,,
kylin-long,1,1,包装规格,"Hộp quà 4 lon hoa văn rồng xanh, [Gói 8] Hộp quà Kirin, Áo choàng đỏ-5g, Quế-5g,",CHUA_CO,,,
kylin-mao,1,1,包装规格,"Hộp quà 4 lon hoa văn rồng xanh, [Gói 8] Hộp quà Kirin, Áo choàng đỏ-5g, Quế-5g,",CHUA_CO,,,
kylin-narcissus,1,1,包装规格,"Hộp quà 4 lon hoa văn rồng xanh, [Gói 8] Hộp quà Kirin, Áo choàng đỏ-5g, Quế-5g,",CHUA_CO,,,
kylin-palace,1,1,包装规格,"Hộp quà 4 lon hoa văn rồng xanh, [Gói 8] Hộp quà Kirin, Áo choàng đỏ-5g, Quế-5g,",CHUA_CO,,,
kylin-qilan,1,1,包装规格,"Hộp quà 4 lon hoa văn rồng xanh, [Gói 8] Hộp quà Kirin, Áo choàng đỏ-5g, Quế-5g,",CHUA_CO,,,
kylin-tieguanyin,1,1,包装规格,"Hộp quà 4 lon hoa văn rồng xanh, [Gói 8] Hộp quà Kirin, Áo choàng đỏ-5g, Quế-5g,",CHUA_CO,,,
kylin-zhengshan,1,1,包装规格,"Hộp quà 4 lon hoa văn rồng xanh, [Gói 8] Hộp quà Kirin, Áo choàng đỏ-5g, Quế-5g,",CHUA_CO,,,
kyoho,1,1,包装规格,"喜糖试吃全店随便选, Kẹo cứng hương đào trắng Hongyuan 500g, khoảng 120 miếng, Kẹo sữa Wan",CHUA_CO,,,
kubi,1,1,花型,"Bích Thành Xuân Nê, Trang điểm đậm hoặc nhẹ, Hoa Đài Dệt Mộng - Cà phê, Bột Lạc ",CHUA_CO,,,
kudaohe,1,1,生产厂家,Hợp tác xã chuyên nghiệp trồng chè nho làng Laifeng Kudaohe,CHUA_CO,,,
kude,1,1,包装规格,"Tieguanyin 70g/10 bong bóng, Dahongpao 40g/8 bong bóng, Trà đen hạt nhỏ 50g/10 b",GIU,,,
ninja,1,1,颜色,"Bậc thầy về súng (chụp 16 vòng và một hộp trưng bày), Máy bay chiến đấu Thunder ",CHUA_CO,,,
nirland,1,1,花型,Màu xám cổ điển + Champagne [Nhung sữa dày/Ấm áp thân thiện với làn da/Thoải mái,CHUA_CO,,,
nishang,1,1,花型,"Semporna (100% Lenzing Tencel, mềm mại như lụa, thoải mái tận hưởng giấc ngủ trầ",CHUA_CO,,,
nitrous,1,1,颜色,"[Môi bóng đào Fantasy] J811 Quả nhân sâm, 【Son Gương Hoa Đào】L01 Đồng Cỏ, [Son m",CHUA_CO,,,
kuiyu,1,1,花型,"Tea Master [100% cotton nguyên chất, một giả sẽ bị phạt mười], Giỏ dã ngoại [100",CHUA_CO,,,
kuka,1,1,花型,"Chupu [100% cotton] RL, Flower Fairy Rabbit [100% cotton] RL, Bó hoa mèo [100% c",CHUA_CO,,,
kunle,1,1,净重（规格）,"[Ba mươi loại] 120 gói, [Ba mươi loại] 90 gói, [Ba mươi loại] 60 gói, Zhou Chang",CHUA_CO,,,
kunlu,1,1,包装规格,"Spring Rhyme 357g (trà thô) 24 năm, Island 357g (trà thô) 25 năm, Da Xueshan 357",CHUA_CO,,,
kuo,1,1,生产厂家,Công ty TNHH Trà Kuo Hương Côn Minh,CHUA_CO,,,
koukoujia,1,1,生产厂家,"Hồ Nam Koukoujia Food Co., Ltd.",CHUA_CO,,,
niyu,1,1,花型,"Dải màu xám đậm [ngủ khỏa thân bằng cotton chải kỹ], Dark Grey Middle Lưới [Bông",CHUA_CO,,,
nod,1,1,白毫银针部分原料产地,"Trà trắng Fuding tươi, thơm và mềm: Nod, Taimu Mountain, Bai Lin, Guanyang, Feng",CHUA_CO,,,
nodou,1,1,老白茶部分原料产地,"Trà trắng Phúc Đỉnh tươi, thơm và mềm: Nodou, Taimushan, Bailin, Guanyang, Panxi",CHUA_CO,,,
noena,1,1,容量,"Thỏ cà rốt Noena (250ml) hai tay cầm, Ennis Strawberry Rabbit (250ml) hai tay cầ",CHUA_CO,,,
nokia,1,1,颜色,Nokia vui nhộn [Khối Rubik thẳng màu trắng cổ],GIU,,,
ning'anbao,1,1,生产厂家,Công ty TNHH Công nghệ Y tế Ning'anbao Ninh Hạ,CHUA_CO,,,
ningde,1,1,生产厂家,Công ty TNHH Công nghệ Nông nghiệp Ningde Liyuan,CHUA_CO,,,
ningxiang,1,1,花型,"Mùa hoa Altay [100 bông dài in tinh tế], Yili Huadian [100 bông dài in tinh tế],",CHUA_CO,,,
ningxiang-frost,1,1,花型,"Gypsophila Purple-Dawn Silver [100% Tence-Zongxiang Silky], Xám đá [100% Tencel-",CHUA_CO,,,
kylin-jasmine,1,1,包装规格,"Hộp quà 4 lon hoa văn rồng xanh, [Gói 8] Hộp quà Kirin, Áo choàng đỏ-5g, Quế-5g,",CHUA_CO,,,
krispie,1,1,产品类别,Trái cây Krispie gạo,CHUA_CO,,,
kt-ka,1,1,花型,"Naifumiao-Fenka [Sợi hai lớp nhăn siêu mềm, thân thiện với da, thoáng khí và khô",CHUA_CO,,,
kt-lanka,1,1,花型,"Naifumiao-Fenka [Sợi hai lớp nhăn siêu mềm, thân thiện với da, thoáng khí và khô",CHUA_CO,,,
kt-pink,1,1,花型,"Naifumiao-Fenka [Sợi hai lớp nhăn siêu mềm, thân thiện với da, thoáng khí và khô",CHUA_CO,,,
kuafengzhai,1,1,部分原料山头,"Xishuangbanna, Laobanzhang, Laoman'e, Yiwu, Mahe, Kuafengzhai, Mintang, Naka, Na",CHUA_CO,,,
kuai,1,1,平台,"Pinduoduo, Douyin, Xiaohongshu, Kuai Shou",CHUA_CO,,,
kobei,1,1,产品名称,Mặt nạ lụa hoa sen tuyết Kobei,CHUA_CO,,,
kochung,1,1,包装规格,"Hộp quà All Things Chunsheng Trà Long Tỉnh 200g, Hộp quà tất cả mọi thứ Chunshen",CHUA_CO,,,
kojic,1,1,产品规格,Sữa Rửa Mặt Tẩy Tế Bào Chết Dừa 100g [Chỉ dành cho bán hàng ngoại thương xuyên b,CHUA_CO,,,
norwegian,1,1,颜色,"Trắng ngà [Pima Cotton Thin Style], Đen cổ điển [Phong cách mỏng cotton Pima], M",CHUA_CO,,,
not,1,1,颜色,"1# Trà Sữa Cam (Cam Sai) [Cam Kem], 2# Màu nude đa năng [Thân thiện với da màu v",CHUA_CO,,,
note-orca,1,1,颜色,"Sáu cửa hàng trong mơ của K364-369, K478-K483 Cửa Hàng Xem Đường Hai Lớp - Sáu K",CHUA_CO,,,
noyna,1,1,容量,"Thỏ cà rốt Noena (250ml) hai tay cầm, Ennis Strawberry Rabbit (250ml) hai tay cầ",CHUA_CO,,,
niushou,1,1,产品厂家厂名,Công ty TNHH trà sinh thái Wuyishan Niushou,CHUA_CO,,,
niuwei,1,1,净重（规格）,"[Xé tay/5 góc/Mommy/Drummy] Trộn 4 loại * 10 gói, [Xé tay/5 góc/Mommy/Drummy] Tr",CHUA_CO,,,
kuge,1,1,产品规格,"(100 miếng) Mặt nạ ngủ collagen trứng cá muối Kuge, (100 miếng) Mặt nạ ngủ đóng ",CHUA_CO,,,
octyl,1,1,成分,"Dầu dừa natri glycinate, octyl/decylglucoside, serine, arginine, glutamate, prol",CHUA_CO,,,
ode,1,1,花型,"Orchid Bear [100% cotton chải kỹ, thân thiện với làn da và thoải mái], Macira [1",CHUA_CO,,,
odin,1,1,花型,"Cam cao cấp--210 miếng xuất khẩu sang Canada, Odin Gold--210 chiếc được xuất khẩ",CHUA_CO,,,
nuancui,1,1,花型,"Lớp bé loại A/Desha, Loại A trẻ sơ sinh/Qinglan Nuancui, Lớp bé loại A/Hyper Blu",CHUA_CO,,,
nuanlu,1,1,颜色,"Nhà trên cây mộc mạc MZ-322 (721 miếng), [Phiên bản chiếu sáng] Nhà trên cây đồn",CHUA_CO,,,
nuanyang-blue,1,1,花型,"Một Monica [không bóng/không co lại], Lưới Tianzi màu xanh lam [không bóng/không",CHUA_CO,,,
nubby,1,1,花型,"Chăm sóc gấu, gấu len, con chó hạnh phúc, Phong cách màu xanh, Kiểu lạc đà, Phon",CHUA_CO,,,
nuonuo,1,1,颜色,"k364—K369 Dream Shop trọn bộ 6 kiểu, K400-K405 bán trọn bộ 6 mẫu xe đẩy, Bộ 6 mẫ",CHUA_CO,,,
nuoxiang,1,1,包装规格,"[Khoảng 100 miếng bánh trà nhỏ/catty], (Pha 30 bánh chè nhỏ) 500g, Trà ô long vỏ",CHUA_CO,,,
nut,1,1,包装规格,"喜糖试吃全店随便选, Kẹo cứng hương đào trắng Hongyuan 500g, khoảng 120 miếng, Kẹo sữa Wan",CHUA_CO,,,
nonaitic,1,1,产品规格,40g thanh màng bùn làm sạch axit nonaitic,THAY,azelaic,,
nongxiangyun,1,1,包装规格,"500g Trà Ô Long Tieguanyin Thơm Ngát, Hạng 7.5 [Nguyên Liệu Pha Trà Điện Tử], 50",CHUA_CO,,,
nongyuan,1,1,包装规格,"Chanh Cay Vị Chua 500g, Tỏi chanh 500g, Chanh Cay 500g, [2 pound, 2 lon lớn] Mắm",CHUA_CO,,,
kouzhiyue,1,1,产品名称,Mặt nạ dưỡng ẩm nước-dầu chiết xuất ô liu Kouzhiyue,CHUA_CO,,,
kqi,1,1,花型,"Bầu trời xanh xám [cấp độ ngủ khỏa thân mềm mại và thân thiện hơn], Bột thanh lị",CHUA_CO,,,
krabs,1,1,颜色,"Gói đơn màu trắng kem, Gói đơn màu xanh bong bóng, Túi đựng bột đơn Sweetheart, ",CHUA_CO,,,
kitten-rhine,1,1,颜色,"T269 máy chơi game-trắng, Máy chơi game T269-Đen, Máy chơi game T269-Kaki, Máy c",CHUA_CO,,,
kloe,1,1,花型,"Họa tiết hoa nhí West Highland, Mèo hoa nhí cherry, Tiệc vui vẻ, Gấu Amman, Chó ",CHUA_CO,,,
klsl,1,1,颜色,"Viền đỏ màu đen, Màu đen trơn, Mặt cười, Thể thao, Hành trình an toàn, Mắt ma th",CHUA_CO,,,
knife,1,1,包装规格,"Pu'er Double Cake 714g (Puban Zhangsheng Pupu Chenxiang Tea Knife), Bánh đôi trà",CHUA_CO,,,
knot-back,1,1,颜色,"Sóc hươu lưng lưới dài tay một mảnh, Tình yêu lưng lưới dài tay một mảnh, Cherry",CHUA_CO,,,
komnon,1,1,包装规格,"Hộp quà Zhengshan Komnon 300g, Hộp quà Dahongpao 250g, Hộp quà Jin Junmei 300g",CHUA_CO,,,
konglong,1,1,包装规格,"Trà Da Hong Pao, Hộp Quà Đơn Giản, 150g, Trà hộp quà màu đỏ Jinjunmei 250g/hộp, ",CHUA_CO,,,
konxiang,1,1,生产厂家,"Côn Minh Konxiang Tea Co., Ltd.",CHUA_CO,,,
korean,1,1,规格,Mặt Nạ Ngủ Laiko Rice 3g (Sản Phẩm Xuất Khẩu - Không Bán Trong Nước. Việc mua hà,CHUA_CO,,,
korome,1,1,颜色,"Bộ tài khoản vui nhộn (ngẫu nhiên) CY-97, Chú Gấu Dễ Thương Thợ Thủ Công Nhỏ 811",CHUA_CO,,,
kissing,1,1,颜色,"Túi đựng đồ hình gấu Tulip loại F [không bao gồm xô chống thấm nước], Túi đựng đ",CHUA_CO,,,
kit,1,1,颜色,"811-364 Mengqu Duck Kitchen 【Hộp quà Trung Quốc】, 811-368 Bếp nhỏ Mengmeng Duck ",CHUA_CO,,,
kite,1,1,颜色,"Full Flower Bunny (Bộ bảo vệ bụng cạp cao), Good Luck Spirit Snake (Bộ bảo vệ bụ",CHUA_CO,,,
oasis,1,1,颜色,"Khinh hạm tên lửa dẫn đường 74cm/túi quà/tự chơi 1800 cái, Khinh hạm tên lửa dẫn",CHUA_CO,,,
oath,1,1,产品名称,Mặt Nạ Thảo Dược Làm Đẹp Da Thủ Công Flower Oath,CHUA_CO,,,
oatmeal,1,1,花型,"[Bốn Mùa] Đảo Mặt Trăng Mi Sheng-Cocoa Brown, [Bốn Mùa] Đảo Mặt Trăng Mi Sheng-X",CHUA_CO,,,
kaya,1,1,花型,"Thanh Nguyệt 【Vải loại A, mềm mại, thân thiện với da, không xù lông】, Mocha [Vải",CHUA_CO,,,
kazi,1,1,容量,"Jidi xanh 240ml, Jidi xanh 300ml, Bột Kazi 300ml, Lorraine Xanh 240ml, Lorraine ",CHUA_CO,,,
kilo,1,1,包装规格,"【Tuyển Chọn Đặc Biệt】Trà Đen Osmanthus Jiuqu (Một Kilo, Hai Hộp) Kèm Túi Quà Tặn",CHUA_CO,,,
kindergarten,1,1,花型,"Hoa nhẹ nhàng [100% cotton hai mặt], Avril Lavigne [100% cotton hai mặt], Khủng ",CHUA_CO,,,
kinetic,1,1,产品名称,Mặt Nạ Dưỡng Ẩm và Kiểm Soát Dầu Quadi Kinetic Support Youth,GIU,,,
kings,1,1,颜色,"99-6 Xe địa hình Pioneer hai chiều [không dùng điện], 599-51 Xe điều khiển từ xa",CHUA_CO,,,
kemu,1,1,手柄材质,Kemu,CHUA_CO,,,
kenji,1,1,颜色,"8970-1 Tàu sân bay 6 trong 1 [138 mảnh ghép], 8970-2 Thế giới Khủng long 6 trong",CHUA_CO,,,
kenya,1,1,包装体积,Nga Dubai Nhật Bản Hàn Quốc Síp Nigeria Ghana Nam Phi Suriname Saudi Arabia Keny,CHUA_CO,,,
keo-phong,1,1,规格,24 miếng mười hai cung hoàng đạo/24 miếng trong hộp/chụp theo bội số của 24 (gửi,CHUA_CO,,,
ofuhou,1,1,包装规格,"500g đầu trà thơm vịt số 9 [nguyên liệu pha trà], 500g đầu trà thơm vị vịt số 10",CHUA_CO,,,
ohm,1,1,阻抗,32 ohm,CHUA_CO,,,
nuts,1,1,包装规格,"9 loại trái cây, túi 500g, loại A, 9 loại trái cây, túi 500g, loại B, 8 trái cây",CHUA_CO,,,
o'gulia,1,1,产品名称,Sữa rửa mặt bong bóng làm sạch axit amin O'GULIA,CHUA_CO,,,
o'nai,1,1,产品名称,ONA'JUNGLE O'Nai Jungle Mặt nạ dưỡng ẩm Oligopeptide Collagen,CHUA_CO,,,
o'pei,1,1,产品名称,Mặt nạ than hoạt tính than hoạt tính O'KADY O'Pei,CHUA_CO,,,
kem-be,1,1,花型,"Cà phê anh đào cà phê, Gấu nhỏ họa tiết da báo, Thương hiệu thời thượng Xiaoxian",CHUA_CO,,,
kem-xl,1,1,颜色,"Đã qua sử dụng màu đen-không có nắp-kích thước trung bình, Đã qua sử dụng màu đe",CHUA_CO,,,
kart,1,1,颜色,"10 thanh bong bóng hoạt hình, Súng cao su đôi phát sáng lớn 10, Ngâm trong nước ",CHUA_CO,,,
kasa,1,1,花型,"Máccio - Kim Đà, Máccidô - Vàng hồng, Thịnh Thế Mẫu Đơn, Thiên cảnh tuyệt đẹp - ",CHUA_CO,,,
kasano,1,1,花型,"Chú chó Nary [Bộ đồ vải cotton nguyên chất dùng cho lễ tốt nghiệp], Mộ Lạc Tinh ",CHUA_CO,,,
kasiya,1,1,花型,"Katherine [Không xù lông/Phai màu, Không tĩnh điện], Robin [không xù lông/pha mà",CHUA_CO,,,
ollie,1,1,花型,"tổ tình yêu, Gấu Ollie, những ngày lễ đầy màu sắc, Thời trang hợp thời trang, tì",GIU,,,
oly,1,1,面料名称,Oly lông cừu,CHUA_CO,,,
olympic,1,1,颜色,"đen/ngà, tất cả màu trắng, trắng bên trong đen, Đen và trắng, cam, màu xanh bạc ",CHUA_CO,,,
onay,1,1,产品名称,Mặt nạ dưỡng da ONA'JUNGLE Onay Jungle Vitamin B5,CHUA_CO,,,
odlin,1,1,花型,"Cỏ Tiên Yên Ảm [100% bông Tân Cương, dùng được quanh năm], Như Mộng Hoa Quý [100",CHUA_CO,,,
odyssey,1,1,规格尺寸,"Honda Accord, Honda CRV/Haoying, Honda Crown Road/UR-V, Honda Sibolui, Honda Ody",GIU,,,
keo-xanh,1,1,花型,"Ruoyu Chiba, Một trái tim-xám, Thỏ cổ tích-hồng, Eilinger-cà phê, Gấu Ruidi-xanh",CHUA_CO,,,
keratin,1,1,产品规格,"Mặt nạ Collagen xốp y tế NHA GENE (5 cái/hộp), Mặt nạ đá dịu da NHA multi-hyalur",CHUA_CO,,,
keren,1,1,花型,"Nàng tiên hoa Yunshang, Yunshang-Hoa Lê Mùa Thu, Cà phê Yunshang-Love, Yunshang-",CHUA_CO,,,
kawa,1,1,颜色,"Vỏ tai nghe Bluetooth chuỗi ngôi sao gradient M, Tai nghe Bluetooth Wavy Butt Do",CHUA_CO,,,
ope,1,1,产品名称,Mặt nạ dưỡng ẩm O'KADY Ope Astragalus Collagen,GIU,,,
katu,1,1,花型,"Gentleman Puppy [Loại A dành cho bà mẹ và trẻ sơ sinh, mềm mại, thoải mái và tho",CHUA_CO,,,
kauf-cream,1,1,花型,"Kauf-Bentley màu xanh, Kauf-Xám cao cấp, Kaufu-xanh biển + tro núi, Kaufu-xanh x",CHUA_CO,,,
kauf-sky,1,1,花型,"Kauf-Bentley màu xanh, Kauf-Xám cao cấp, Kaufu-xanh biển + tro núi, Kaufu-xanh x",CHUA_CO,,,
kania,1,1,花型,"Wu Anxin (thủ công thêu một chữ cotton), Ngôi nhà bí ngô (thủ công thêu một chữ ",CHUA_CO,,,
kanier,1,1,颜色,"Bộ tài khoản vui nhộn (ngẫu nhiên) CY-97, Chú Gấu Dễ Thương Thợ Thủ Công Nhỏ 811",CHUA_CO,,,
open-top,1,1,颜色,"Hộp đựng áo ngực có nắp - Bao gồm túi thơm, Có nắp đậy [Hộp đựng đồ lót 10 ngăn]",CHUA_CO,,,
ophir,1,1,花型,"';'; Mocha ';'; Jinlan, ';'; Ou Fan ';'; Lạc Đà Vàng, ';'; Khu vườn xinh đẹp'; '",CHUA_CO,,,
opp,1,1,规格类型,"khỏa thân, Túi OPP, gói 4 cái",GIU,,,
optimus,1,1,颜色,"Hộp quà lớn Xe đua kéo lùi Big G [509 hạt], Hộp quà lớn Bugatti xe đua [510 hạt]",GIU,,,
okra,1,1,产品规格,"Mặt nạ nho Meili Fanhai 5 miếng/hộp có mã chống hàng giả chính thức, Mặt nạ máu ",CHUA_CO,,,
ola,1,1,形象,Ola,CHUA_CO,,,
olaf,1,1,形象,Olaf,CHUA_CO,,,
kelian,1,1,产品名称,Mặt nạ bùn làm dịu nhẹ nhàng Kelian Cui Mugwort,CHUA_CO,,,
kelp,1,1,净重（规格）,"Weilong Konjac làm mới và đóng gói số lượng, hương vị hỗn hợp ngẫu nhiên 20 gói ",CHUA_CO,,,
kem-ba,1,1,颜色,"Kem-ba màu phân đoạn, Kem-màu cầu vồng, Bánh mì kẹp thịt, Cầu vồng ngôi sao, Mây",CHUA_CO,,,
osmanthus-dung,1,1,颜色,"Tình yêu đầu tiên Gardenia [1 chai], Hoa nhài tươi [1 chai], Quê hương Osmanthus",CHUA_CO,,,
osprey,1,1,颜色,"Ưu đãi đặc biệt: Hộp mù Thần Tài May Mắn - Số lượng có hạn, hết hàng là hết!, Mộ",CHUA_CO,,,
ostao,1,1,颜色,"A5-1 màu xanh lam mát mẻ, Màu cam A5-1, A5-1 Ben xám bạc, Màu trắng đậm A5-1, A5",CHUA_CO,,,
ostero,1,1,颜色,"A5-1 màu xanh lam mát mẻ, Màu cam A5-1, A5-1 Ben xám bạc, Màu trắng đậm A5-1, A5",CHUA_CO,,,
otoman,1,1,颜色,"Đèn chiếu hình ngón tay (nhiều mẫu, giao ngẫu nhiên), Đèn chiếu hình ngón tay (h",CHUA_CO,,,
otome,1,1,颜色,"W1503/4 ngẫu nhiên một hộp hoa, W1603/4 Hộp hoa ngẫu nhiên - phiên bản nâng cấp,",CHUA_CO,,,
otosskin,1,1,规格,"Băng vết thương y tế OTOSKIN [Loại II], Màng đen y tế OTOSKIN [Loại 2], Collagen",CHUA_CO,,,
or,1,1,颜色,"Rain or Shine Diary Blue [Khuyến nghị], Green Smiley Hi [Được đề xuất], Gấu Kahi",CHUA_CO,,,
orange-khaki,1,1,花型,Qianshilan-Fanxing Blue [Thích hợp để ngủ khỏa thân mà không bị bóng và phai màu,CHUA_CO,,,
orange-q,1,1,颜色,"Bộ lắp ráp phi hành gia 620 mảnh [Hộp màu - Phiên bản sưu tầm], Phiên bản Orange",CHUA_CO,,,
orchard,1,1,颜色,"Jumpsuit ngắn tay mùa hè mát mẻ [Happy Paradise], Áo liền quần ngắn tay mùa hè m",CHUA_CO,,,
orchid-green,1,1,花型,"Mùa hoa Altay [100 bông dài in tinh tế], Yili Huadian [100 bông dài in tinh tế],",CHUA_CO,,,
orchid-purple,1,1,花型,"Mùa hoa Altay [100 bông dài in tinh tế], Yili Huadian [100 bông dài in tinh tế],",CHUA_CO,,,
orfi,1,1,花型,"';'; Mocha ';'; Jinlan, ';'; Ou Fan ';'; Lạc Đà Vàng, ';'; Khu vườn xinh đẹp'; '",CHUA_CO,,,
oni,1,1,花型,"Mùa xuân nở rộ khắp vườn [100% cotton - có thể mặc ngủ], Aphrodite [100% cotton ",CHUA_CO,,,
opal,1,1,产品规格,"Mặt nạ trẻ hóa Han Se Kylin 10 miếng/hộp, Mặt nạ Sarinsa chống nhăn và co giãn 1",CHUA_CO,,,
oros,1,1,花型,"Sọc Oros, Xanh Vân Tứ Xuyên, Sọc xanh đỏ, Sọc xanh lá cà phê, Họa tiết kẻ ô Wale",CHUA_CO,,,
orris,1,1,包装规格,"Trà trắng già, Bạc hà Puer, trà đen bạc hà, Mùi phân vịt chanh, Bánh xanh hoa nh",CHUA_CO,,,
kapibara,1,1,花型,"Công chúa mèo, hồng thơm [Nhung sữa thân thiện với da], Công chúa mèo hồng xám [",CHUA_CO,,,
kapila,1,1,颜色,"Bộ tài khoản vui nhộn (ngẫu nhiên) CY-97, Chú Gấu Dễ Thương Thợ Thủ Công Nhỏ 811",CHUA_CO,,,
kapok,1,1,颜色,"W1503/4 ngẫu nhiên một hộp hoa, W1603/4 Hộp hoa ngẫu nhiên - phiên bản nâng cấp,",CHUA_CO,,,
kapok-green,1,1,花型,"漫步云端【100%纯棉 亲肤透气】, 梦里星光-灰【100%纯棉 亲肤透气】, 妙语花香【100%纯棉 亲肤透气】, 木棉花-绿【100%纯棉 亲肤透气】, 天",CHUA_CO,,,
kaqi,1,1,花型,"Xanh nhạt + kem trứng, Bolan + xám nhạt, Xanh Azure + Xanh nhạt, Bentley+màu xám",CHUA_CO,,,
kara,1,1,颜色,"Áo khoác bướm bông tinh khiết-bóng bay hoa hồng, Áo khoác bướm cotton tinh khiết",CHUA_CO,,,
karl,1,1,花型,"YAG McLaren - Cà phê, YAG Angus, YAG Thời gian Philadelphia, YAG Xanh Lá, YAG Ka",CHUA_CO,,,
karst,1,1,颜色,"01 # Bánh quy Bago, 02 # Hạnh nhân bạn sữa giòn, 03 # Lê Mai bí mật, 04 # Cashme",CHUA_CO,,,
kaki-aner,1,1,颜色,"Quả mơ-ANER, Màu xanh đậm-ANER, Kaki-ANER",CHUA_CO,,,
kaki-puff,1,1,颜色,"Kaki-Puff Shell-M chữ cái, Đen-Puff Shell-M chữ cái, Vỏ puff trắng cổ-chữ M, Tru",CHUA_CO,,,
kaki-vai,1,1,颜色,"Khóa kéo bên hông màu kaki-vai Piana, Phong cách kaki đơn giản-Vai Piana, Dây ké",CHUA_CO,,,
kala,1,1,颜色,"K001-thỏ cà rốt bộ ngắn, K002-bộ điện thoại ngắn, K003-bộ ngắn rồng xám, K004-Gấ",CHUA_CO,,,
osaka,1,1,包装规格,"[1 que] Hương vị hỗn hợp, 【1 chế】 Osaka kiểu Nhật, [1 que] vị chanh sảng khoái, ",CHUA_CO,,,
oshu,1,1,产品名称,Mặt nạ bông Nước Collagen Oshu Fei Haisheng,CHUA_CO,,,
kalandahong,1,1,颜色,"Màu đỏ (Phong cách hình ảnh chính), Màu xanh lá cây (Phong cách hình ảnh chính),",CHUA_CO,,,
kalandra,1,1,颜色,"Màu đỏ (Phong cách hình ảnh chính), Màu xanh lá cây (Phong cách hình ảnh chính),",CHUA_CO,,,
kalimba,1,1,颜色,"【Gõ đàn 8 âm Gấu Con】Đàn và trống 2 trong 1, (Mẫu mới) Hộp màu [Đàn cầu vồng - T",CHUA_CO,,,
kalomi,1,1,颜色,"388-380A-Nhà vui chơi y tế, Nhà chơi 388-380C-BBQ, 506-119-Nhà chơi tủ, 7979-111",CHUA_CO,,,
kaman-xanh,1,1,花型,"trà, Mực nhuộm Qingyun-Ca, đường trà, Màu xám ca rô, con báo cổ điển, Làm hài lò",CHUA_CO,,,
kami,1,1,颜色,"Túi rơm kỳ nghỉ-Mika năm sợi roi, Túi rơm nghỉ mát-Mika mỏng, Túi rơm nghỉ mát-K",CHUA_CO,,,
kaifeng,1,1,生产厂家,Công ty TNHH thực phẩm Kaifeng Jinsong,CHUA_CO,,,
kailis,1,1,花型,"A Gấu túi [Sợi cao cấp, mật độ cao - định lượng cao], A Ak [Sợi cao cấp, mật độ ",CHUA_CO,,,
oushufei,1,1,产品规格,"Mặt nạ biển 5 cái/hộp, Mặt nạ chống nhăn vàng Oushufei 30ml*3 miếng",CHUA_CO,,,
out,1,1,颜色,"100 Bột Xám (Bột Xám Lạnh), [Đã được hàng ngàn người mua lại] Son bóng dạng thỏi",CHUA_CO,,,
outing,1,1,颜色,"Gấu Rainbow Xanh - Phong Cách Xuân Thu, Gấu cầu vồng màu vàng phong cách xuân th",CHUA_CO,,,
outlet,1,1,花型,"Bích Thành Xuân Nê, Trang điểm đậm hoặc nhẹ, Hoa Đài Dệt Mộng - Cà phê, Bột Lạc ",GIU,,,
oval,1,1,包装规格,"1. 0 bánh mì nướng giòn (vị caramel muối biển) 35g, 2.0 bánh mì nướng giòn (hươn",CHUA_CO,,,
ovaltine,1,1,花型,"Tùng Thảo Tập, Trong vườn hoa, Vườn Na Uy, Mưa Giấc Mơ Thời Gian, Phong cách oxy",CHUA_CO,,,
oriole,1,1,颜色,"Khóa lắc sữa bạc, khóa bạc đen, Khóa bạc bột mẫu đơn, Khóa bạc bạch đàn xanh, Kh",CHUA_CO,,,
orlean,1,1,包装规格,"50g vú gà [nước hoa nguyên bản], 50g vú gà [Hương vị Orlean], 50g vú gà [hương v",CHUA_CO,,,
kaimu,1,1,产品名称,Mặt nạ làm sáng da Kaimu Hyaluronic Acid 28g,CHUA_CO,,,
kaisheng,1,1,包装规格,"Bộ 5 vị cổ điển (nấu nếp/nấu chín/thô Pu/Trà đỏ/Trà trắng), Sự kết hợp của 8 hươ",CHUA_CO,,,
kaishim,1,1,产品名称,Mặt nạ làm sáng da bằng bột khô đông lạnh Kaishim Hyaluronic Acid (phiên bản nân,CHUA_CO,,,
kaiti,1,1,花型,"Sweet Joy [Mềm mại thân thiện với da - Không xù lông], Bạt [Mềm mại thân thiện v",CHUA_CO,,,
kajimi,1,1,花型,"Gấu Yêu Bạn [Loại A dành cho mẹ và bé - thân thiện với da, có thể ngủ không cần ",CHUA_CO,,,
ka-kaki,1,1,花型,"Tình yêu đơn giản trong suốt-màu xám, Màu xám nhạt yêu ngay từ cái nhìn đầu tiên",CHUA_CO,,,
kaba,1,1,生产企业,Công ty TNHH Công nghệ Văn hóa Gấu Kaba Thượng Hải,GIU,,,
kabai,1,1,颜色,"Trắng đỏ, Kabai, Đen trắng",CHUA_CO,,,
kacchi,1,1,颜色,"Màu đen [A12] KC, Kacchi [A12] KC, Màu trắng [A12] KC, Màu xám [A12] KC, Màu xan",CHUA_CO,,,
kadage,1,1,花型,"Lanhuang Xiaoge, Mi Xiaoge, lưới màu xanh nhạt, lưới xanh1, lưới nghệ, Lưới kem ",CHUA_CO,,,
pacani,1,1,颜色,"[6 mẫu xe ngẫu nhiên 1] xe thể thao hai cửa, [Đỏ] SF90-Đóng gói, [Vàng] SF90-Đón",CHUA_CO,,,
padin,1,1,花型,"Cỏ tiên, Gấu Padin, Điều ước của trái tim, Vườn nhàn nhã, Chiến đấu điểm sóng, T",CHUA_CO,,,
paha,1,1,尺寸,"Túi đơn, Mặt dây chuyền vịt đổ xăng, Mặt dây chuyền cá tráp biển, Mặt dây chuyền",CHUA_CO,,,
paibarbet,1,1,派巴贝特,Paibarbet1,GIU,,,
ouda,1,1,花型,"A Gấu túi [Sợi cao cấp, mật độ cao - định lượng cao], A Ak [Sợi cao cấp, mật độ ",CHUA_CO,,,
ouren,1,1,生产厂家,Công ty TNHH Thực phẩm Phúc Kiến Ouren,GIU,,,
kadema,1,1,花型,"Mọi điều ước đều thành hiện thực [100% cotton, có độ co rút, hỗ trợ xử lý bằng l",CHUA_CO,,,
kadira,1,1,颜色,"Viền đỏ màu đen, Màu đen trơn, Mặt cười, Thể thao, Hành trình an toàn, Mắt ma th",CHUA_CO,,,
kafe,1,1,颜色,"Vàng sương mù, Hoa xám, Cacao cà phê, Xanh ngọc lam, Đặt trước màu vàng sương mù",CHUA_CO,,,
kafeo,1,1,花型,"Hạnh Phúc Vượng [Loại A, cấp độ mẹ và bé], Người tuyết nhỏ [Loại A, cấp độ an to",CHUA_CO,,,
kagu,1,1,花型,"gấu nhồi bông, H lớn, thỏ hồng, đen và trắng di, V đen trắng, Kagu, Gấu nâu, Gấu",CHUA_CO,,,
kahi,1,1,颜色,"Rain or Shine Diary Blue [Khuyến nghị], Green Smiley Hi [Được đề xuất], Gấu Kahi",CHUA_CO,,,
kai-di-la-ce,1,1,颜色,"Audi, Bảo Quân, Honda, BYD, zen tiêu chuẩn, Buick, Trumpchi, Độc giả lớn, Cánh Đ",CHUA_CO,,,
junhong,1,1,颜色,"W1503/4 ngẫu nhiên một hộp hoa, W1603/4 Hộp hoa ngẫu nhiên - phiên bản nâng cấp,",CHUA_CO,,,
junlintianxia,1,1,包装规格,"Hàng trăm Chim Đối Mặt Phượng Hoàng-Ba Trà Nổi Tiếng 363g, Royal Style Dragon Su",CHUA_CO,,,
junwei,1,1,颜色,"Ưu đãi đặc biệt: Hộp mù Thần Tài May Mắn - Số lượng có hạn, hết hàng là hết!, Mộ",CHUA_CO,,,
pal,1,1,颜色,"Zoo - Kiểu Dây Dắt, Mũ Gấu - Kiểu Dây Buộc, Thỏ mộc mạc - Kiểu dây xích, Hổ Thêu",CHUA_CO,,,
panasonic,1,1,包装规格,"Nước hoa phong lan Zhilan Yushu cổ tích (8,5g * 2 bong bóng), Có hoặc không có h",CHUA_CO,,,
pandas,1,1,颜色,"VV1508 series 12 loại Pandas đỏ (ngẫu nhiên), VV1508 Gấu Trúc Đỏ 12 kiểu, Ghế bậ",CHUA_CO,,,
pandora,1,1,花型,"Nếu mưa, Chiba, Một tâm một ý - Xám, Thỏ Tiên Nữ - Hồng, Ailinger - Cà phê, Gấu ",CHUA_CO,,,
overture-pink,1,1,花型,"Váy Bunny [Lớp mẹ và trẻ sơ sinh A mềm mại và thoải mái], Su Jin [Lớp A dành cho",CHUA_CO,,,
ovis,1,1,花型,"Zhuochua, Ovis, Thỏ Peter, Sữa lắc dâu tây, Phi Hoa Lệnh, Người đẹp hoa lệ, Kinh",CHUA_CO,,,
jura,1,1,颜色,"Jumpsuit ngắn tay mùa hè mát mẻ [Happy Paradise], Áo liền quần ngắn tay mùa hè m",CHUA_CO,,,
jushuitan,1,1,分销服务,"Hỗ trợ kết nối rep, Jushuitan, Wangdiantong, kết nối Qimen, giao hàng biểu mẫu n",CHUA_CO,,,
juventus,1,1,颜色,"Màu đen, Màu xám, Màu xanh lam, Màu xanh lá, Màu đen acmilan, Paris màu đen, Màu",CHUA_CO,,,
juxiu,1,1,生产厂家,Công ty TNHH Trà Juxiu Côn Minh,CHUA_CO,,,
juyu,1,1,颜色,"Ngũ cốc trắng [phong cách thời trang đơn giản nâng cấp miệng sạc ngăn cốc], Bột ",CHUA_CO,,,
k-style,1,1,初高中大容量双肩背包,K-style Mới xuất hiện nam nữ cặp đi học trung học sinh tiểu học sinh lớp sáu ba ,THAY,phong cách Hàn Quốc,,
jucai,1,1,包装规格,"Fortune Ying Jin Jun Mei 18 lon nhỏ mỗi hộp 250g, Fortune Orange Jin Junmei 18 l",CHUA_CO,,,
judydoll,1,1,花型,"Katherine [Không xù lông/Phai màu, Không tĩnh điện], Robin [không xù lông/pha mà",GIU,,,
juice,1,1,包装规格,"喜糖试吃全店随便选, Kẹo cứng hương đào trắng Hongyuan 500g, khoảng 120 miếng, Kẹo sữa Wan",CHUA_CO,,,
panmei,1,1,产品规格,"Mặt nạ nho Meili Fanhai 5 miếng/hộp có mã chống hàng giả chính thức, Mặt nạ máu ",CHUA_CO,,,
panxi,1,1,老白茶部分原料产地,"Trà trắng Phúc Đỉnh tươi, thơm và mềm: Nodou, Taimushan, Bailin, Guanyang, Panxi",CHUA_CO,,,
papa,1,1,颜色,"Giày Papa màu hồng, Giày Daddy-đen, Giày Daddy-màu xám, Daddy Shoes-Pink [Đóng h",CHUA_CO,,,
parakeet,1,1,颜色,"Sáu cửa hàng trong mơ của K364-369, K478-K483 Cửa Hàng Xem Đường Hai Lớp - Sáu K",CHUA_CO,,,
paisley-muguo,1,1,花型,"Phong cách ấn tượng-Bột lá thơm [Vải cotton mềm mại và thân thiện với làn da], S",CHUA_CO,,,
pajani,1,1,颜色,"8970-1 Tàu sân bay 6 trong 1 [138 mảnh ghép], 8970-2 Thế giới Khủng long 6 trong",CHUA_CO,,,
pakistan,1,1,毛重,Việt Nam Lào Campuchia Thái Lan Myanmar Malaysia Singapore Indonesia Brunei Phil,CHUA_CO,,,
jiucu,1,1,包装规格,"【Tuyển Chọn Đặc Biệt】Trà Đen Osmanthus Jiuqu (Một Kilo, Hai Hộp) Kèm Túi Quà Tặn",CHUA_CO,,,
juliye,1,1,花型,"Tea Master [100% cotton nguyên chất, một giả sẽ bị phạt mười], Giỏ dã ngoại [100",CHUA_CO,,,
jump,1,1,颜色,"[Yuetong chính hãng] Ace Driver, [Yuetong chính hãng] Tài xế cứu hỏa và cảnh sát",CHUA_CO,,,
jumping,1,1,颜色,"[Cún con dễ thương + giá đỡ từ tính], [Cún con dễ thương] Vỏ mềm từ tính rỗng, [",CHUA_CO,,,
jixuecao,1,1,产品规格,[Chỉ bán hàng ngoại thương] Mặt nạ chiết xuất tươi dưỡng ẩm lô hội Gongpei (ngoạ,THAY,rau má,,
jixuegrass,1,1,产品规格,"Mặt nạ làm trắng da 5 miếng/hộp, Mật ong hoàng gia vàng 5 viên/hộp, Peptide vàng",THAY,rau má,,
jo,1,1,花型,"Nếu mưa, Chiba, Một tâm một ý - Xám, Thỏ Tiên Nữ - Hồng, Ailinger - Cà phê, Gấu ",CHUA_CO,,,
partula,1,1,包装规格,"[Cao cấp] Chà là đỏ khô 80g, [Thùng cao] Tơ ngô 15g, [Thùng Cao] Trà Tre Lá Xanh",CHUA_CO,,,
pass,1,1,颜色分类,"[Phiên bản Châu Âu] Kép 1080P+WIFI+GPS+4G, [Phiên bản Hoa Kỳ] Kép 1080P+WIFI+GPS",CHUA_CO,,,
pasta,1,1,尺寸,"thìa keo, Thìa nấu ăn lá keo, Muỗng nhỏ Acacia, Muỗng gia vị lá keo, Rổ lọc lá k",CHUA_CO,,,
paste-cotton,1,1,花型,Jing-Xingtu-Advanced Blue-Cotton Platinum Edition [Nâng cấp vải Jacquard sang tr,CHUA_CO,,,
pangpang,1,1,颜色,"Cốc bơm hơi bánh tuyết Nuomi 32cm, Cốc bơm hơi bánh tuyết Nuomi 65cm, Cốc bơm hơ",CHUA_CO,,,
panhong,1,1,颜色,"leo đỉnh cam, leo núi đỉnh đen, Panhong màu vàng chanh, Leo đỉnh xanh tự nhiên, ",CHUA_CO,,,
pani,1,1,颜色,"A5-1 màu xanh lam mát mẻ, Màu cam A5-1, A5-1 Ben xám bạc, Màu trắng đậm A5-1, A5",CHUA_CO,,,
panini,1,1,颜色,"Hoa quê hương (một mảnh), Sư tử xanh (một mảnh có thể mở tệp), Sư tử vàng (một m",CHUA_CO,,,
panlong,1,1,产品规格,"Mặt nạ nho Meili Fanhai 5 miếng/hộp có mã chống hàng giả chính thức, Mặt nạ máu ",CHUA_CO,,,
jiulongkeng,1,1,部分原料正岩核心山场,"Niulankeng, Huiyuankeng, Daoshuikeng, Liuxiangjian, Wuyuanjian, Jiulongkeng, Zhu",CHUA_CO,,,
jiutu,1,1,生产厂家,Nhà máy chè Wuyishan Jiutu (chủ doanh nghiệp cá nhân),CHUA_CO,,,
jinrun,1,1,产品规格,"Sữa rửa mặt 168g, Sữa rửa mặt 80g, Mousse làm sạch 150g, Toner (Mới) 120ml, Sữa ",CHUA_CO,,,
jinshengli,1,1,包装规格,"Hongrui Li 1020g (8 túi, 3 loại hạt), Tianxi Ruixiang 1285g (7 túi 3 hạt lớn), P",CHUA_CO,,,
jinsong,1,1,生产厂家,Công ty TNHH thực phẩm Kaifeng Jinsong,CHUA_CO,,,
jinxi,1,1,花型,"Monica [Bông chải kỹ, ngủ khỏa thân], Xiancao 【Bông chải kỹ, ngủ khỏa thân], You",CHUA_CO,,,
pc-xanh,1,1,颜色,"Khung nhôm cổ điển-màu bạc, Khung nhôm cổ điển - màu đen, Khung nhôm cổ điển - t",CHUA_CO,,,
pd-xanh,1,1,颜色,"Lông vũ màu đen, Lông trắng, Giày hợp thời trang màu cà phê, Giày hợp thời trang",CHUA_CO,,,
parrot,1,1,颜色,"Sáu cửa hàng trong mơ của K364-369, K478-K483 Cửa Hàng Xem Đường Hai Lớp - Sáu K",CHUA_CO,,,
parsley,1,1,花型,Rock Grey [Bộ bốn món 100% Lyocell Tencel - Thoải mái khi ngủ khỏa thân - Tận hư,CHUA_CO,,,
joker,1,1,颜色,"(Chữ nhỏ) trắng, (Chữ nhỏ) đen, (Đầu sư tử nhỏ) trắng, (Đầu sư tử nhỏ) đen, (Móc",CHUA_CO,,,
jolly,1,1,尺寸,"Sẽ không chọn? Chọn tôi [Đặt hàng ghi chú mô hình] Tùy chỉnh cao cấp 1:1, Tùy ch",CHUA_CO,,,
joy-dream,1,1,花型,"Isabella-Dream [có thể ngủ khỏa thân-không có bóng], Erman-Dream [có thể ngủ khỏ",CHUA_CO,,,
joyoung,1,1,包装规格,Bộ quà tặng phối hợp Joyoung Sữa đậu nành & Jinzai Xiaoyu 2200g (12 túi sữa đậu ,CHUA_CO,,,
jinziyang,1,1,生产厂家,Công ty TNHH Thực phẩm Mengzhou Jinziyang,CHUA_CO,,,
jishu,1,1,产品名称,Sữa rửa mặt nhẹ axit amin Jishu,GIU,,,
jinyinyinxiang,1,1,包装规格,"Mặt hàng trà đen 2 tầng Xiaozhong số 102 #, Trà đen (hương vị mạnh Souchong) Mã ",CHUA_CO,,,
jinyue,1,1,生产企业,Đài Jinyue,CHUA_CO,,,
jinyumantang,1,1,花型,"Bi Han + Biển Hoa Fangfei [Bộ bốn món nhung sữa có trọng lượng cao], Beihan + Ng",CHUA_CO,,,
jinzhen,1,1,包装规格,"Hongrui Li 1020g (8 túi, 3 loại hạt), Tianxi Ruixiang 1285g (7 túi 3 hạt lớn), P",CHUA_CO,,,
jinzhou,1,1,生产厂家,Công ty TNHH Thực phẩm Jinzhou Shi'an,CHUA_CO,,,
jingyue,1,1,花型,"Tea Master [100% cotton nguyên chất, một giả sẽ bị phạt mười], Giỏ dã ngoại [100",CHUA_CO,,,
jinjiang,1,1,生产厂家,"Hanchuan Jinjiang Fuyuan Food Co., Ltd.",HANVIET,Tấn Giang,,
jinjin,1,1,包装规格,"Fortune Ying Jin Jun Mei 18 lon nhỏ mỗi hộp 250g, Fortune Orange Jin Junmei 18 l",CHUA_CO,,,
jinjue,1,1,花型,"Máccio - Kim Đà, Máccidô - Vàng hồng, Thịnh Thế Mẫu Đơn, Thiên cảnh tuyệt đẹp - ",CHUA_CO,,,
pebble,1,1,颜色,"Ba lô thế hệ thứ hai chất lượng cao - màu đen cổ điển, Ba lô thế hệ thứ hai chất",CHUA_CO,,,
penglai,1,1,颜色,"8970-1 Tàu sân bay 6 trong 1 [138 mảnh ghép], 8970-2 Thế giới Khủng long 6 trong",CHUA_CO,,,
pat-a-cake,1,1,2,Bóng Pat-a-Cake in đầy màu sắc để quảng cáo trên mặt đất,CHUA_CO,,,
jiugui,1,1,净重（规格）,"[Hai mươi món ăn nhẹ tuổi thơ] 30 gói, [Hai mươi món ăn nhẹ tuổi thơ] 60 gói, [H",CHUA_CO,,,
jiujiu,1,1,产品名称,Nhật ký Jiujiu Sweetheart Bear Velvet Mist Lip Mud,GIU,,,
jiulingba,1,1,包装规格,"Bộ Quà Tặng Trà Cao Cấp ""Ngàn Dặm Sông Núi"" (330g), Hộp quà sáu tầng Guochao Jia",CHUA_CO,,,
jiulong,1,1,包装规格,"Hộp quà màu xanh nhạt Zhengshan Xiaosao 250g, Lapsang Souchong đỏ mới, Thời đại ",CHUA_CO,,,
jinluodian,1,1,包装规格,"0.5kg Nước Trà Đen CTC Assam - Giá $13, Giá một catty trà đen Dian số 1 14 nhân ",CHUA_CO,,,
jinma,1,1,包装规格,"Vị cay [Đậu hũ hôi 20g * 20 gói] Đóng hộp, Vị tỏi [Đậu phụ hôi 20g * 20 gói] Đón",CHUA_CO,,,
jinneng,1,1,产品规格,"Than đá mát lạnh 130g, Kiểm soát dầu đá núi lửa 130g, Toner kiểm soát dầu 130g, ",CHUA_CO,,,
jinqiao,1,1,生产厂家,"Bắc Kinh Zhang Yiyuan Jinqiao Tea Co., Ltd.",CHUA_CO,,,
jing-xingtu-bean,1,1,花型,Jing-Xingtu-Advanced Blue-Cotton Platinum Edition [Nâng cấp vải Jacquard sang tr,CHUA_CO,,,
jing-xingtu-dark,1,1,花型,Jing-Xingtu-Advanced Blue-Cotton Platinum Edition [Nâng cấp vải Jacquard sang tr,CHUA_CO,,,
jing-xingtu-ka,1,1,花型,Jing-Xingtu-Advanced Blue-Cotton Platinum Edition [Nâng cấp vải Jacquard sang tr,CHUA_CO,,,
jing-xingtu-red-cotton,1,1,花型,Jing-Xingtu-Advanced Blue-Cotton Platinum Edition [Nâng cấp vải Jacquard sang tr,CHUA_CO,,,
peptit,1,1,核心成分,peptit,CHUA_CO,,,
perching,1,1,颜色,"Sáu cửa hàng trong mơ của K364-369, K478-K483 Cửa Hàng Xem Đường Hai Lớp - Sáu K",CHUA_CO,,,
persian,1,1,颜色,"Persian Blue [Mở hai mặt + có thể mở rộng + đa chức năng], Màu trà sữa [mở hai m",CHUA_CO,,,
persimmon,1,1,原料与配料,Lá trà tươi khổng lồ từ cây trà lồng (Persimmon).,CHUA_CO,,,
peanut,1,1,包装规格,"喜糖试吃全店随便选, Kẹo cứng hương đào trắng Hongyuan 500g, khoảng 120 miếng, Kẹo sữa Wan",CHUA_CO,,,
peanuts,1,1,包装规格,"喜糖试吃全店随便选, Kẹo cứng hương đào trắng Hongyuan 500g, khoảng 120 miếng, Kẹo sữa Wan",CHUA_CO,,,
jinxiu-graphite-cotton,1,1,花型,Jing-Xingtu-Advanced Blue-Cotton Platinum Edition [Nâng cấp vải Jacquard sang tr,CHUA_CO,,,
jinyike,1,1,生产厂家,Công ty TNHH Thực phẩm Tứ Xuyên Jinyike,CHUA_CO,,,
phalanx,1,1,花型,"Hoa, Gấu búp bê, Giai điệu tình yêu đầu tiên, Rồng bay thế kỷ, Fei Le Xiong Bao,",CHUA_CO,,,
jinghui,1,1,颜色,"sữa trắng, màu đen sang trọng, Trung tâm Jinghui, màu xanh ô liu, màu xanh đậm, ",CHUA_CO,,,
jingming-red,1,1,花型,"Mùa xuân và Jingming-Red, Ánh trăng Latte-Trắng, Moonlight Latte-Xám đậm, Qimuli",CHUA_CO,,,
jingrun,1,1,产品规格,"Mặt nạ tinh dầu Bodie Jingrun Zhencui (mới) 25ml, Mặt nạ dưỡng ẩm Bodie Hyaluron",CHUA_CO,,,
jingshang,1,1,产品名称,Mặt nạ pha lê làm đầy collagen rong biển Jingshang Hanji,CHUA_CO,,,
jingxin,1,1,生产厂家,"Nhà Máy trà làng Mengbai, thị trấn Jingxin, Huyện Menglian, Thành phố Pu'er",CHUA_CO,,,
jingya,1,1,颜色,"Ngôi sao Tài lộc [Single Shell], Fuqi Cailu [vỏ đơn], Người Yêu Màu Hồng [Vỏ Đơn",CHUA_CO,,,
jin'an,1,1,产品规格,"Mặt nạ vitamin C 25g [Chỉ bán hàng xuất khẩu ngoại thương, cấm bán hàng trong nư",CHUA_CO,,,
jinbuda,1,1,1,Giày nam Jinbuda,CHUA_CO,,,
philadelphia,1,1,花型,"YAG McLaren - Cà phê, YAG Angus, YAG Thời gian Philadelphia, YAG Xanh Lá, YAG Ka",CHUA_CO,,,
philippines,1,1,毛重,Việt Nam Lào Campuchia Thái Lan Myanmar Malaysia Singapore Indonesia Brunei Phil,GIU,,,
phone-blue,1,1,颜色,"[Màu hồng] Xe điện thoại nghe nhạc giáo dục sớm cỡ lớn 6820, [Màu xanh] Xe điện ",CHUA_CO,,,
phone-pink,1,1,颜色,"[Màu hồng] Xe điện thoại nghe nhạc giáo dục sớm cỡ lớn 6820, [Màu xanh] Xe điện ",CHUA_CO,,,
penrose,1,1,颜色,"Hộp quà lớn Xe đua kéo lùi Big G [509 hạt], Hộp quà lớn Bugatti xe đua [510 hạt]",CHUA_CO,,,
peony-coffee,1,1,花型,"Hoa cà phê (phổ biến lớn! Không có nhiều hàng trong kho, bạn cần nhanh lên), Hoa",CHUA_CO,,,
peppa,1,1,颜色,"Gấu lấp lánh mới, Kẹp tóc tai gấu thời trang mới nhất., Dòng sản phẩm khuôn riên",CHUA_CO,,,
pineapple-matcha,1,1,包装规格,"Wan Shi Shunli Pastry-6 mỗi hộp, Bánh ngọt liên kết quả hồng ngon-6 cái một hộp,",CHUA_CO,,,
pinell-blue,1,1,花型,"【Hoàng đế FN】 Một bông hoa dàng-Đậu đỏ, 【Hoàng đế FN】 Một bông hoa màu cam, 【Hoà",CHUA_CO,,,
pianpian,1,1,花型,"Bướm [tinh tế, thoải mái, mềm mại và thân thiện với làn da], Alisa [tinh tế, tho",CHUA_CO,,,
pianran,1,1,花型,"Senman-Milk White [Bông loại A, an toàn khi ngủ khỏa thân], Duoduo - hồng nhạt [",CHUA_CO,,,
jinda,1,1,生产厂家,"Zhangzhou Jinda Food Co., Ltd.",CHUA_CO,,,
jindao,1,1,生产厂家,Công ty TNHH trà Anhua County Jindao,GIU,,,
jinfengwang,1,1,颜色,"Khủng long biến hình H25 [2 màu ngẫu nhiên], Khủng long biến hình H27 [2 màu ngẫ",CHUA_CO,,,
jing-green,1,1,花型,"Melbourne-Màu xám bí ẩn [mát mẻ và thoáng khí để ngủ khỏa thân], Melbourne-Dream",CHUA_CO,,,
jing-xingtu-advanced,1,1,花型,Jing-Xingtu-Advanced Blue-Cotton Platinum Edition [Nâng cấp vải Jacquard sang tr,CHUA_CO,,,
jiechun,1,1,包装规格,"500g cụm đơn loài Song (Hộp quà Triều Châu), Honey Orchid No. 7 500g đóng hộp 14",CHUA_CO,,,
jielun,1,1,颜色,"[Yuetong chính hãng] Ace Driver, [Yuetong chính hãng] Tài xế cứu hỏa và cảnh sát",CHUA_CO,,,
jieruikou,1,1,规格,"Máy 1 Miếng dán nén lạnh phục hồi vết đỏ dưỡng ẩm, Máy 1 Miếng dán nén lạnh dưỡn",CHUA_CO,,,
pickled,1,1,制作工艺,pickled,CHUA_CO,,,
pickup,1,1,颜色,"A5-1 màu xanh lam mát mẻ, Màu cam A5-1, A5-1 Ben xám bạc, Màu trắng đậm A5-1, A5",CHUA_CO,,,
pieces,1,1,花型,"Moon Blue Grey [Chăm sóc nhẹ nhàng khi ngủ khỏa thân], Ánh Trăng Xanh Ba Mảnh [N",CHUA_CO,,,
pfaff,1,1,花型,"Xanh lam caro to, Câu chuyện tình yêu, Hoa tulip, thời gian ấm áp, lá vàng, Tai ",CHUA_CO,,,
pillow,1,1,花型,"Chuntingxu Pro [Chất liệu cotton thoải mái, thân thiện với làn da và ngủ khỏa th",CHUA_CO,,,
pilosula,1,1,原料与配料,"Astragalus, Pueraria lobata, Gardenia, Codonopsis pilosula, v.v.",CHUA_CO,,,
pin-brahma,1,1,花型,"Trắng + Xám nhạt, Màu xanh Bentley, Bột kem, Xanh lam đá nhạt xanh lam sao Phạn,",CHUA_CO,,,
jietu,1,1,规格尺寸,"Mô hình Volkswagen/Jetta, BMW/mini mẫu, Toyota/Lexus, Mô hình Volvo, Mẫu xe Merc",GIU,,,
jieyu,1,1,花型,"đường trà, Wangdi-Ka, Đồng hoa sai, bướm nữ thần mặt trăng, vườn gỗ mun, Hương h",CHUA_CO,,,
jigixiong,1,1,颜色,"8000 gấu màu be, 8013 Gấu dễ thương, 8014 Gấu con, 8006 Gấu dễ thương, 8002 ôm g",CHUA_CO,,,
jihu,1,1,尺寸,"Sẽ không chọn? Chọn tôi [Đặt hàng ghi chú mô hình] Tùy chỉnh cao cấp 1:1, Tùy ch",CHUA_CO,,,
jilian-iced,1,1,产品规格,Mặt nạ đêm muộn Han Jilian-Iced American Caffeine,CHUA_CO,,,
jiantouhoukui,1,1,包装规格,"2026 trà mới thương mại điện tử đầu vải đóng hộp 250g, 2026 trà mới số lượng túi",CHUA_CO,,,
jiantu,1,1,花型,"Wu Anxin (thủ công thêu một chữ cotton), Ngôi nhà bí ngô (thủ công thêu một chữ ",CHUA_CO,,,
jianxi,1,1,花型,"Dòng màu trơn_xanh nhạt + xám nhạt, Dòng màu trơn_bột đậu + xám nhạt, Dòng màu t",GIU,,,
jianxilan,1,1,花型,"[Xám đậm + Xám nhạt] 100% cotton đã giặt, [Trắng sữa + Xanh da trời] 100% cotton",CHUA_CO,,,
jiaogudan,1,1,包装规格,"[Lựa chọn chất lượng] Hoa cúc 50g, [Lựa Chọn Chất Lượng] Lá Bồ Công Anh 50g, [Lự",CHUA_CO,,,
pin-moonlight,1,1,花型,"Trắng + Xám nhạt, Màu xanh Bentley, Bột kem, Xanh lam đá nhạt xanh lam sao Phạn,",CHUA_CO,,,
pin-quiet,1,1,花型,Shuangpan-Moka Brown Land Brown [Mẫu bốn mùa] Loại A dành cho bà mẹ và trẻ sơ si,CHUA_CO,,,
pind,1,1,包装规格,"Hộp quà 2A Biluochun 250g, Pind Natural - Hộp quà tặng Trà xanh Biluochun 400g, ",CHUA_CO,,,
jiaguo,1,1,包装规格,"Hỗn hợp 12 vị ngẫu nhiên 1kg (khoảng 1000 miếng), Hương bạc hà 1kg (khoảng 1000 ",CHUA_CO,,,
jiaji,1,1,材质,EVA + vải Oxford + vải Jiaji,CHUA_CO,,,
jiaohua,1,1,花型,"';'; Mocha ';'; Jinlan, ';'; Ou Fan ';'; Lạc Đà Vàng, ';'; Khu vườn xinh đẹp'; '",CHUA_CO,,,
jiapele,1,1,生产厂家,Công ty TNHH thực phẩm Phúc Kiến Jiapele,CHUA_CO,,,
jiashili,1,1,生产厂家,Công ty TNHH Tập đoàn Thực phẩm Jiashili Quảng Đông,GIU,,,
jiazhihui,1,1,生产厂家,"Dongguan Jiazhihui Food Co., Ltd.",CHUA_CO,,,
jiebai,1,1,颜色,"[Phiên bản tiêu chuẩn, màu đen đậm] Bluetooth 5.0, [Phiên bản tiêu chuẩn Jian Ji",CHUA_CO,,,
jiandou,1,1,福建省泉州市核心产地,"Xiping, Huqiu, Xianghua, Gande, Jiandou, Changkeng (Changqing), Longjuan, Hutou,",CHUA_CO,,,
jiang,1,1,尺寸,"Sẽ không chọn? Chọn tôi [Đặt hàng ghi chú mô hình] Tùy chỉnh cao cấp 1:1, Tùy ch",CHUA_CO,,,
jiangjiang,1,1,包装规格,"Trà Wan Ming Jin Gun Guben (Túi Trà 150g đóng hộp), Trà Gu Ben Hard Man dược phẩ",CHUA_CO,,,
jiangmuxiang,1,1,包装规格,"500g đầu trà thơm cặn vịt số 12 [nguyên liệu trà sữa], 500g đầu trà thơm cặn vịt",CHUA_CO,,,
pink-moon,1,1,颜色,"Ngọn hải đăng Angel Eyes-Black-Moon, Angel Eyes-Ngọn hải đăng mặt trăng trắng cổ",CHUA_CO,,,
pink-sanding,1,1,花型,"Màu hồng phấn nhạt (màu trơn), Nâu nhạt - trà sữa - chải (phối hai màu), Trà sữa",CHUA_CO,,,
pink-tang,1,1,颜色,"Dinosaur-224 Nội dung tiếng Trung và tiếng Anh, Dinosaur-510 nội dung tiếng Trun",CHUA_CO,,,
pinqiuxiang,1,1,包装规格,"Trà Tieguanyin thơm 500g mỗi pound, Huangkouxiang Tieguanyin số 1 mỗi catty 500g",CHUA_CO,,,
pinting,1,1,包装规格,"[Hộp quà gốm sứ Junzi Piming] Xiaoya Jinjunmei 250g*1 chiếc, [Hộp Quà Gốm Sứ Jun",CHUA_CO,,,
plato,1,1,花型,"Màu tím đầu hè [Vải loại A], Fengxuelanxin [Vải loại A], Lucky Horse Run [Vải lo",CHUA_CO,,,
playhouse,1,1,颜色,"388-380A-Nhà vui chơi y tế, Nhà chơi 388-380C-BBQ, 506-119-Nhà chơi tủ, 7979-111",CHUA_CO,,,
plexiglass,1,1,材质,Acrylic/Plexiglass,CHUA_CO,,,
plug,1,1,颜色,"Loại c kỹ thuật số miệng phẳng-túi, Hộp pha lê miệng phẳng kỹ thuật số Type-C, H",CHUA_CO,,,
pinxiangyuan,1,1,生产厂家,Công ty TNHH Thực phẩm Yangjiang Pinxiangyuan,CHUA_CO,,,
pipa,1,1,颜色,"772-122兔兔收纳包, 772-140酷乐猫诊所板装, 603-1 Đồ chơi ăn sáng bổ dưỡng, Bếp nhỏ ngon 603-1",CHUA_CO,,,
piquan,1,1,产品规格,"Mặt nạ chanh 25ml/miếng [Chỉ bán hàng xuất khẩu ngoại thương, cấm bán hàng trong",CHUA_CO,,,
pitaya,1,1,颜色,Thẻ màu [Bạn có thể ghi trực tiếp số màu] [Có hoặc không có nhãn] [Có logo Apple,CHUA_CO,,,
pinell-orange,1,1,花型,"【Hoàng đế FN】 Một bông hoa dàng-Đậu đỏ, 【Hoàng đế FN】 Một bông hoa màu cam, 【Hoà",CHUA_CO,,,
pinell-pink,1,1,花型,"【Hoàng đế FN】 Một bông hoa dàng-Đậu đỏ, 【Hoàng đế FN】 Một bông hoa màu cam, 【Hoà",CHUA_CO,,,
jiangyue,1,1,花型,"豹纹高克重 软糯亲肤 柔软舒适】, 蝶语花恋高克重 软糯亲肤 柔软舒适】, 都市夜曲高克重 软糯亲肤 柔软舒适】, 繁花梦语高克重 软糯亲肤 柔软舒适】, 飞行",CHUA_CO,,,
jiangzang,1,1,包装规格,"26 tháng 3 năm 2015 Bánh trà Pu thô Iceland 357g số 16, Ngày 26 tháng 3 năm 2015",CHUA_CO,,,
jianlong,1,1,颜色,"{Xe kéo lùi khủng long} Jialong, {Xe kéo lùi khủng long} Rồng cánh, {Xe kéo lùi ",CHUA_CO,,,
jianshan,1,1,包装规格,"Nước hoa phong lan Zhilan Yushu cổ tích (8,5g * 2 bong bóng), Có hoặc không có h",CHUA_CO,,,
jiada,1,1,净重（规格）,"[Hai mươi món ăn nhẹ tuổi thơ] 30 gói, [Hai mươi món ăn nhẹ tuổi thơ] 60 gói, [H",CHUA_CO,,,
jiaer,1,1,纯棉短袖,Áo phông ngắn tay giống ngôi sao nổi tiếng trên mạng Wang Jiaer,THEO_CUM,,,
jessica,1,1,花型,"Bích Thành Xuân Nê, Trang điểm đậm hoặc nhẹ, Hoa Đài Dệt Mộng - Cà phê, Bột Lạc ",CHUA_CO,,,
ji'an,1,1,进口地,Jiangxi Ji'an tự sản xuất,CHUA_CO,,,
jane-xanh,1,1,花型,"Đá + Xám, Màu xanh hoàng gia + xám nhạt, Trái cây xanh + kaki, lưới đen trắng, l",CHUA_CO,,,
japanese,1,1,花型,Phô mai và phô mai [loại A bà mẹ và trẻ sơ sinh/thân thiện với làn da và mềm mại,CHUA_CO,,,
jasmine-dung,1,1,颜色,"Tình yêu đầu tiên Gardenia [1 chai], Hoa nhài tươi [1 chai], Quê hương Osmanthus",CHUA_CO,,,
jialang,1,1,产品名称,Sữa rửa mặt axit amin kép KAVERN Jialang,GIU,,,
jiali-xanh,1,1,花型,"Ruoyu Chiba, Một trái tim-xám, Thỏ cổ tích-hồng, Eilinger-cà phê, Gấu Ruidi-xanh",CHUA_CO,,,
jialifufu,1,1,包装规格,"30 lon Shengshi Haoli [Jin Junmei], Jialifufu Dahongpao 30 lon [hiệu suất chi ph",CHUA_CO,,,
jialiyuan,1,1,生产厂家,Công ty TNHH Thực phẩm Giang Châu Jialiyuan,CHUA_CO,,,
jiaming,1,1,产品厂家厂名,"Wuyishan Longtuan Jiaming Tea Industry Co., Ltd.",CHUA_CO,,,
jiamu,1,1,包装规格,"104 Trà Pu'er Thô: Manfei Spring 2026, 106 Trà Pu'er Thô: Daxueshan Mùa Xuân 202",CHUA_CO,,,
jian'an,1,1,产品厂家厂址,"Số 859-16, Đường Nam Jian'an, Thị trấn Chengxiang, Huyện Anxi, Tỉnh Phúc Kiến",CHUA_CO,,,
jensen-blue,1,1,花型,"Wilderness-Orange [Bông loại A chất lượng cao, ấm áp và thân thiện với làn da hơ",CHUA_CO,,,
jensen-grey,1,1,花型,"Jensen-Yellow (Thiết kế viền vỏ chải dày bằng cotton loại A), Jensen-Pink (Thiết",CHUA_CO,,,
jensen-orange,1,1,花型,"Wilderness-Orange [Bông loại A chất lượng cao, ấm áp và thân thiện với làn da hơ",CHUA_CO,,,
plasma,1,1,颜色,"01 # Hoa hồng đêm băng giá, 02 # Trà sữa đêm băng giá, 03 # Hạt dẻ đêm băng giá,",CHUA_CO,,,
jason,1,1,花型,"Mùa xuân nở rộ khắp vườn [100% cotton - có thể mặc ngủ], Aphrodite [100% cotton ",CHUA_CO,,,
jazzmine,1,1,包装规格,"Trà Hoa Nhài (Hương Thơm) Cao Cấp Mới [Hàng Mùa Xuân] 14 Túi/Hộp, Sản phẩm mới h",CHUA_CO,,,
jeep,1,1,颜色,"Audi, Bảo Quân, Honda, BYD, zen tiêu chuẩn, Buick, Trumpchi, Độc giả lớn, Cánh Đ",GIU,,,
jellyfish,1,1,产品规格,"Mặt nạ ốc sên JM 1 hộp (10 miếng) chính hãng có màng nhựa, Mặt nạ tổ yến JM 1 hộ",CHUA_CO,,,
jenbergh,1,1,花型,"Bích Thành Xuân Nê, Trang điểm đậm hoặc nhẹ, Hoa Đài Dệt Mộng - Cà phê, Bột Lạc ",CHUA_CO,,,
iwaka,1,1,包装规格,"Trà mới Tieguanyin PVC đóng hộp 25 gói, Trà đỏ mới Tieguanyin 25 gói/hộp, Sản ph",CHUA_CO,,,
iwen-mountain,1,1,花型,"Iven - Trắng nhạt - Xám vừa, Trà sữa xanh Aiven-Bentley, Iwen - Hoa huệ thung lũ",CHUA_CO,,,
podie,1,1,产品规格,"Mặt nạ tinh dầu Bodie Jingrun Zhencui (mới) 25ml, Mặt nạ dưỡng ẩm Bodie Hyaluron",CHUA_CO,,,
poem,1,1,颜色,"[Môi bóng đào Fantasy] J811 Quả nhân sâm, 【Son Gương Hoa Đào】L01 Đồng Cỏ, [Son m",CHUA_CO,,,
poetic,1,1,颜色,"W1503/4 ngẫu nhiên một hộp hoa, W1603/4 Hộp hoa ngẫu nhiên - phiên bản nâng cấp,",CHUA_CO,,,
poker,1,1,尺寸,"Hộp đựng bông tai (3,5*3,5*1,8cm), Hộp đựng bông tai mới (3,5 * 3,5 * 2cm), Hộp ",CHUA_CO,,,
poli,1,1,产品名称,Sữa rửa mặt trẻ hóa lưu huỳnh HANBOLI Han Poli,CHUA_CO,,,
planer,1,1,规格,"Dao trái cây 4 inch màu đen TZ-46 Đen, Dao làm bếp 6 inch màu đen TZ-46 Đen, Bộ ",CHUA_CO,,,
planetarium,1,1,花型,"Hoa nhẹ nhàng [100% cotton hai mặt], Avril Lavigne [100% cotton hai mặt], Khủng ",CHUA_CO,,,
jensen-pink,1,1,花型,"Jensen-Yellow (Thiết kế viền vỏ chải dày bằng cotton loại A), Jensen-Pink (Thiết",CHUA_CO,,,
jensen-yellow,1,1,花型,"Jensen-Yellow (Thiết kế viền vỏ chải dày bằng cotton loại A), Jensen-Pink (Thiết",CHUA_CO,,,
jacquard-xanh,1,1,颜色,"màu xanh lá cây, màu xanh, tím, hồng, Jacquard Puppy Xanh, Jacquard Puppy màu và",CHUA_CO,,,
jacque-phong,1,1,花型,"Loại A 60S-Tương lai Coastal Blue-Quiet Home, Loại A 60S-Bột ven biển tương lai-",CHUA_CO,,,
jacques-haoyue,1,1,花型,"Jacques - Phấn phủ mặt ngọc bích / Xám thanh lịch, Jacques - Phấn Ngọc Bích Rạng",CHUA_CO,,,
jacques-haoyuebai,1,1,花型,"Jacques - Phấn phủ mặt ngọc bích / Xám thanh lịch, Jacques - Phấn Ngọc Bích Rạng",CHUA_CO,,,
jacques-lin,1,1,花型,"Jacques - Phấn phủ mặt ngọc bích / Xám thanh lịch, Jacques - Phấn Ngọc Bích Rạng",CHUA_CO,,,
jaguar,1,1,颜色,"Một miếng cản trước [vui lòng để lại tin nhắn khi đặt hàng các mẫu khác], Một mả",CHUA_CO,,,
ireland,1,1,花型,"Nếu mưa, Chiba, Một tâm một ý - Xám, Thỏ Tiên Nữ - Hồng, Ailinger - Cà phê, Gấu ",CHUA_CO,,,
ironclad,1,1,颜色,"Cơ chế biến dạng [kiểu ngẫu nhiên], Mecha War League [Hộp quà], Mecha Alliance [",CHUA_CO,,,
pollock,1,1,花型,"Bích Thành Xuân Nê, Trang điểm đậm hoặc nhẹ, Hoa Đài Dệt Mộng - Cà phê, Bột Lạc ",CHUA_CO,,,
polya,1,1,花型,"Katherine [Không xù lông/Phai màu, Không tĩnh điện], Robin [không xù lông/pha mà",CHUA_CO,,,
polyester-brocade,1,1,颜色,"Giẻ có thể tháo rời [Matcha xanh]1, Giẻ có thể tháo rời [Bầu trời xanh]1, Giẻ có",CHUA_CO,,,
polyester-spandex,1,1,面料名称,Hỗn hợp polyester-spandex,CHUA_CO,,,
polyge-bentley,1,1,花型,"Trà sữa Manson-Bentley Blue [Thưởng thức mềm mượt và thân thiện với làn da, Mans",CHUA_CO,,,
plush,1,1,颜色,"Phiên bản màu nâu sẫm tiết kiệm chi phí, Phiên bản màu be tiết kiệm chi phí, Phi",XEM_TAY,,,
pluxing,1,1,产品类别,Siêu nhân Pluxing,CHUA_CO,,,
pochacco,1,1,颜色,"Sáu cửa hàng trong mơ của K364-369, K478-K483 Cửa Hàng Xem Đường Hai Lớp - Sáu K",CHUA_CO,,,
isoleucine,1,1,成分,"Dầu dừa natri glycinate, octyl/decylglucoside, serine, arginine, glutamate, prol",CHUA_CO,,,
israel,1,1,毛重,Việt Nam Lào Campuchia Thái Lan Myanmar Malaysia Singapore Indonesia Brunei Phil,CHUA_CO,,,
iven,1,1,花型,"Iven - Trắng nhạt - Xám vừa, Trà sữa xanh Aiven-Bentley, Iwen - Hoa huệ thung lũ",CHUA_CO,,,
insert,1,1,颜色,Đồ chơi xếp chồng hình nhím [Liên hệ bộ phận Chăm sóc Khách hàng để biết thêm th,CHUA_CO,,,
interactive,1,1,颜色,"Nâng cấp siêu lớn-Vàng [Điều khiển bằng giọng nói] Cảm biến cử chỉ, ca hát và nh",CHUA_CO,,,
intercontinental,1,1,颜色,"Yunxiang Yajin-Tinh dầu nhập khẩu Pháp [Hilton] 200ML, Yunxiang Yajin-Tinh dầu n",CHUA_CO,,,
international,1,1,产品厂家厂名,"Đài Loan Hanchen International Co., Ltd.",CHUA_CO,,,
polysaccharide,1,1,成分,"Nước, dầu hạt hoa trà, axit amin, Tremella Polysaccharide, v. V.",CHUA_CO,,,
polysaccharides,1,1,成分原料,"Hoa violet, Hoa cúc, Ylan, Collagen, Khoáng sản, Allantoin, Dừa cạn, Bồ đề, Hoa ",CHUA_CO,,,
polystyren,1,1,材质,Polystyren (PS),CHUA_CO,,,
polyvinyl,1,1,主面料成分2,Sợi Polyvinyl Alcohol (Vinylon),CHUA_CO,,,
police,1,1,颜色,"Ưu đãi đặc biệt: Hộp mù Thần Tài May Mắn - Số lượng có hạn, hết hàng là hết!, Mộ",CHUA_CO,,,
polin,1,1,2,Túi hạt đậu polen túi yên ngựa polin túi da Pháp Tonca túi đeo chéo một bên vai,CHUA_CO,,,
pollanka,1,1,花型,"Những bông hoa yên tĩnh [thân thiện với làn da * có thể ngủ khỏa thân], Mo Yu Yu",CHUA_CO,,,
pollingen,1,1,1,[Xuyên biên giới] Túi hạt đậu POLENE Pollingen mới túi xô cao cấp cảm giác thích,CHUA_CO,,,
jacquard-kaki,1,1,颜色,"Vải Jacquard-vàng đen, Vải Jacquard màu xám đậm, Vải Jacquard màu xám nhạt, Màu ",CHUA_CO,,,
inz,1,1,规格尺寸,"Honda Accord, Honda CRV/Haoying, Honda Crown Road/UR-V, Honda Sibolui, Honda Ody",CHUA_CO,,,
iphonex,1,1,苹果型号,"iPhone 122, iPhone 7, iPhoneX, iPhone14, iPhone 6s, iPhone Xs2, iPhone 6 Plus, i",CHUA_CO,,,
ipl,1,1,适用症状,"Các vết thương không mãn tính (như vết thương nông, vết cắt nhỏ, vết trầy xước, ",CHUA_CO,,,
ipxs,1,1,适用型号,"iPhone Duo, IP17/IP18, IP17Pro/IP18Pro, IP17Pro Max/IP18Pro Max, IP17Air, IP16E/",CHUA_CO,,,
inch-ghi,1,1,规格尺寸,"Không có cảm ứng-5,5 inch-ghi trước đơn không có thẻ, Ghi âm kép với cảm ứng-5.5",CHUA_CO,,,
industrial,1,1,生产厂商,"Thâm Quyến Dongfang Tiancheng Industrial Co., Ltd.",CHUA_CO,,,
pooney,1,1,花型,"Hoa tulip tím [Nhung sữa dày dặn, thân thiện với da, giữ ấm], Sô cô la hạt [Lót ",CHUA_CO,,,
popo,1,1,花型,"Yêu em gấu [100% cotton/thân thiện với làn da và mềm mại/phù hợp với học sinh], ",CHUA_CO,,,
poppy,1,1,颜色,"[Môi bóng đào Fantasy] J811 Quả nhân sâm, 【Son Gương Hoa Đào】L01 Đồng Cỏ, [Son m",CHUA_CO,,,
popsicle,1,1,尺寸,"38x38x38mm (màng bảo vệ ruy băng 30), 40X40X40mm (màng bảo vệ ruy băng 30), 50x5",CHUA_CO,,,
populus,1,1,颜色,"Màu đen quyến rũ [Bao da ngủ thông minh], Màu xanh đậm [Bao da ngủ thông minh]1,",CHUA_CO,,,
polygonat,1,1,包装规格,"Trà thơm nhân sâm và Polygonatum Eucommiaxiong 15 lon (225g), Trà thơm nhân sâm ",CHUA_CO,,,
polyhedron,1,1,颜色,"Túi đựng còi chim + dây buộc, Hộp màu còi vịt chuối, Loa nhỏ/mảnh màu cam, Loa n",CHUA_CO,,,
isabella-dream,1,1,花型,"Isabella-Dream [có thể ngủ khỏa thân-không có bóng], Erman-Dream [có thể ngủ khỏ",CHUA_CO,,,
ishigaya,1,1,包装规格,"Hộp quà màu xanh nhạt Zhengshan Xiaosao 250g, Lapsang Souchong đỏ mới, Thời đại ",CHUA_CO,,,
isolating,1,1,产品规格,Mặt nạ chăm sóc đặc biệt Winona Soothing Moisturizing 6 miếng (một miếng không h,CHUA_CO,,,
inertia,1,1,颜色,"Xe địa hình nhào lộn quán tính [không vỏ] giao ngẫu nhiên một chiếc, Xe địa hình",CHUA_CO,,,
infiniti,1,1,颜色,"Audi, Bảo Quân, Honda, BYD, zen tiêu chuẩn, Buick, Trumpchi, Độc giả lớn, Cánh Đ",CHUA_CO,,,
influencer,1,1,铁罐包装,"Các sản phẩm trà bán chạy nhất hiện nay, được giới influencer livestream yêu thí",CHUA_CO,,,
inman-xanh,1,1,花型,"Ruoyu Chiba, Một trái tim-xám, Thỏ cổ tích-hồng, Eilinger-cà phê, Gấu Ruidi-xanh",CHUA_CO,,,
innosense,1,1,规格,"Loại nhà máy bán buôn hàng tháng hàng triệu miếng dán nén nóng (5 miếng/hộp), Ưu",CHUA_CO,,,
ilan,1,1,香味,Hương Ilan,CHUA_CO,,,
imagesimage,1,1,颜色,"洛凡美皙凡士林温变焕采润唇膏（新）2.7g, 泊泉雅男士舒润保湿护唇膏2.7g, Son dưỡng môi bảo vệ Luofan Beauty Vase",CHUA_CO,,,
immortal,1,1,产品厂家厂名,Công ty TNHH trà Anxi Three Immortal,CHUA_CO,,,
poster,1,1,花型,"My Melody - Đào Ngọt Ngào, Hellokitty-Người yêu Loli, Chấm bi cầu vồng, Nhật ký ",CHUA_CO,,,
pot,1,1,颜色,"811-364 Mengqu Duck Kitchen 【Hộp quà Trung Quốc】, 811-368 Bếp nhỏ Mengmeng Duck ",GIU,,,
potato,1,1,包装规格,"Vị bơ mật ong [1 gói], Hương vị cổ điển [1 gói], Vị cà chua [1 gói], Thịt bò Nhậ",CHUA_CO,,,
powder-sitting,1,1,颜色,"Gói đơn màu trắng kem, Gói đơn màu xanh bong bóng, Túi đựng bột đơn Sweetheart, ",CHUA_CO,,,
powder-standing,1,1,颜色,"Gói đơn màu trắng kem, Gói đơn màu xanh bong bóng, Túi đựng bột đơn Sweetheart, ",CHUA_CO,,,
pond,1,1,产品规格,"Mặt nạ cam huyết Beauty Image/25ml, Mặt nạ dưỡng ẩm axit hyaluronic cà chua 25g,",THEO_CUM,,,
pool,1,1,颜色,"100 Bột Xám (Bột Xám Lạnh), [Đã được hàng ngàn người mua lại] Son bóng dạng thỏi",CHUA_CO,,,
interrupt,1,1,颜色,1 gói [Bold Interrupt] Củ Dưa Lựu Tự Nhiên Nguyên Chất/8- 10cm,CHUA_CO,,,
progress,1,1,花型,"[Bốn Mùa] Đảo Mặt Trăng Mi Sheng-Cocoa Brown, [Bốn Mùa] Đảo Mặt Trăng Mi Sheng-X",CHUA_CO,,,
projection,1,1,颜色,"Máy chiếu màu tím + vòng cổ + vòng tay, Máy chiếu Xiaomei màu hồng + dây chuyền ",CHUA_CO,,,
proline,1,1,成分,"Dầu dừa natri glycinate, octyl/decylglucoside, serine, arginine, glutamate, prol",CHUA_CO,,,
promise,1,1,花型,"Promise-Fragrant Leaf Powder [Vải cotton, thân thiện với làn da và mềm mại], Pro",CHUA_CO,,,
prague,1,1,花型,"Hakimi [100% cotton / siêu mềm mại, thân thiện với da], Chấm bi nơ bướm [100% co",CHUA_CO,,,
praha,1,1,花型,"Bragg-Mountain Grey [Loại A cotton tinh khiết] mềm mại và thân thiện với làn da,",CHUA_CO,,,
prairie,1,1,颜色,"Áo liền quần dài tay sư tử thảo nguyên H191, H191 Prairie Lion dài tay romper M0",CHUA_CO,,,
pre-qingming,1,1,包装规格,[Trà mới 2026 Mingqian Biluochun Hương thơm mạnh mẽ và có khả năng pha chế] A1 M,CHUA_CO,,,
pre-sale,1,1,颜色,"Màu đỏ (Phong cách hình ảnh chính), Màu xanh lá cây (Phong cách hình ảnh chính),",CHUA_CO,,,
preface,1,1,花型,"Ren nhỏ-chấm sóng trắng hồng [Bông siêu mềm/mềm mại, thân thiện với làn da], Ren",CHUA_CO,,,
preferred,1,1,生产厂家,"Yunnan Chu Preferred (Yunnan) Food Co., Ltd.",CHUA_CO,,,
preppy,1,1,产品名称,Sữa rửa mặt Life Preppy,THAY,học đường,,
prime,1,1,颜色,"Hộp quà lớn Xe đua kéo lùi Big G [509 hạt], Hộp quà lớn Bugatti xe đua [510 hạt]",GIU,,,
porcini,1,1,包装规格,"Một hộp vị cay 210g (khoảng 16g × 13 gói nhỏ), Hương vị cay 200g mỗi hộp (khoảng",CHUA_CO,,,
port,1,1,颜色,[Cổng C nguyên bản thuần túy thế hệ thứ năm] Giảm tiếng ồn ANC thông minh ★ Hiệu,CHUA_CO,,,
poseidon,1,1,颜色,"6108 trắng, 6108 đen, 6108 màu xám gai dầu, 6108 màu xanh hải quân, 6108 ngỗng v",CHUA_CO,,,
proton,1,1,颜色,"Một miếng cản trước [vui lòng để lại tin nhắn khi đặt hàng các mẫu khác], Một mả",CHUA_CO,,,
printing,1,1,印刷工艺,In lụa pad (pad printing),CHUA_CO,,,
prize,1,1,包装规格,"Trọng lượng mẫu khoảng [30g], [Carbon nướng Dahongpao] Đơn giá 40 nhân dân tệ, [",CHUA_CO,,,
pro+ghi,1,1,颜色分类,"Máy ghi âm lái xe thông minh 70mai A810 Pro, Máy ghi âm lái xe thông minh 70mai ",CHUA_CO,,,
imperial,1,1,包装规格,"10 gói Đa Hồng Bào (Bộ sưu tập Đa Hồng Bào), 10 gói trà Kim Quân Mê (Bộ sưu tập ",CHUA_CO,,,
import,1,1,产品规格,"冰肤之萃胶原蛋白沁润面膜（上下脸膜布）【5片/盒】, Gelianna格莲娜麦角硫因胶原蛋白舒缓油敷面膜【5片/盒】, Mặt nạ dưỡng ẩm chốn",CHUA_CO,,,
in-hailan,1,1,花型,"Quầy không in-dải nhỏ màu hồng và trắng, Quầy không in-dải phấn màu, Quầy không ",CHUA_CO,,,
in-henlik,1,1,花型,"Quầy không in-dải nhỏ màu hồng và trắng, Quầy không in-dải phấn màu, Quầy không ",CHUA_CO,,,
in-laws,1,1,包装规格,"喜糖试吃全店随便选, Kẹo cứng hương đào trắng Hongyuan 500g, khoảng 120 miếng, Kẹo sữa Wan",CHUA_CO,,,
in-milan,1,1,花型,"Quầy không in-dải nhỏ màu hồng và trắng, Quầy không in-dải phấn màu, Quầy không ",CHUA_CO,,,
in-thanh,1,1,花型,"Quầy không in-dải nhỏ màu hồng và trắng, Quầy không in-dải phấn màu, Quầy không ",CHUA_CO,,,
hyuna,1,1,颜色,"801 # anh đào, 802 # Đỏ Trung Quốc, 803 # Màu Cà Chua, 804 # sức sống cam, 901 #",CHUA_CO,,,
iapple,1,1,适用型号,"Apple 17 Pro Max, Apple 17 Pro, Apple 17AIR, táo 17, Táo 16, táo 16 pro, Apple 1",CHUA_CO,,,
ibisha,1,1,产品类别,Ibisha Magic Sand Đồ chơi trẻ em Cát,CHUA_CO,,,
ibiza,1,1,生产企业,Công ty TNHH Vật liệu Mới Ibiza (Thiên Tân),GIU,,,
pro-vitamin,1,1,产品规格,Mặt Nạ Phục Hồi Belle Beauty Pro-Vitamin B5 Chiết Xuất Rau Má (Dành Cho Tài Xế) ,CHUA_CO,,,
promise-blue,1,1,花型,"Promise-Fragrant Leaf Powder [Vải cotton, thân thiện với làn da và mềm mại], Pro",CHUA_CO,,,
promise-cedar,1,1,花型,"Promise-Fragrant Leaf Powder [Vải cotton, thân thiện với làn da và mềm mại], Pro",CHUA_CO,,,
promise-fresh,1,1,花型,"Promise-Fragrant Leaf Powder [Vải cotton, thân thiện với làn da và mềm mại], Pro",CHUA_CO,,,
promise-milkshake,1,1,花型,"Kết hợp hai màu-sữa lắc trắng + hồng, Kết hợp hai màu - sữa trắng + trà sữa, Kết",CHUA_CO,,,
icebose,1,1,颜色,"Tùy chỉnh độc quyền OEM/ODM, 01#Đường Rye, 02#icebose cam, 03#Cành trà quế, 04#B",CHUA_CO,,,
icebreaker,1,1,颜色,"1618-91 Bếp nhỏ dễ thương, 1618-68 Quán bar nhỏ vui nhộn, Máy tính tiền vui nhộn",CHUA_CO,,,
icy,1,1,产品规格,"100g男士微米劲炭洁面乳, Sữa rửa mặt dưỡng ẩm cho nam 50g, Sữa rửa mặt thanh lọc hoạt tính",CHUA_CO,,,
iger,1,1,花型,"Bò [ảnh chính], Cà phê ấm, Ngựa vằn, Ness màu đen, Dâu tây văn nghệ X, Lưới mơ D",CHUA_CO,,,
hyde,1,1,花型,"Nơ xanh, Truyện cổ tích kẻ sọc, Bướm mưa, Dâu tây ngộ nghĩnh, Anh đào ngọt ngào ",CHUA_CO,,,
hydrangea,1,1,包装规格,"Trà mới Tieguanyin PVC đóng hộp 25 gói, Trà đỏ mới Tieguanyin 25 gói/hộp, Sản ph",CHUA_CO,,,
promise-seaweed,1,1,花型,"Promise-Fragrant Leaf Powder [Vải cotton, thân thiện với làn da và mềm mại], Pro",CHUA_CO,,,
promise-tro,1,1,花型,"Promise-Fragrant Leaf Powder [Vải cotton, thân thiện với làn da và mềm mại], Pro",CHUA_CO,,,
propionat,1,1,原料与配料,"Xi-rô mạch nha, bột gạo nếp, nước uống, bột đậu đỏ (xi-rô mạch nha, đậu nành, đậ",CHUA_CO,,,
propionate,1,1,原料与配料,"Thành phần: Bột mì, Đậu Hà Lan, Bột hạt dẻ, Dầu thực vật, Nước, Glucose, Muối, H",CHUA_CO,,,
propylene,1,1,主要成分,Propylene glycol methyl ether,CHUA_CO,,,
prosperous,1,1,花型,"Bi Han + Biển Hoa Fangfei [Bộ bốn món nhung sữa có trọng lượng cao], Beihan + Ng",CHUA_CO,,,
hydroxethyl,1,1,成分原料,Lauryl natri hydroxethyl astetate,CHUA_CO,,,
hymey's,1,1,产品规格,"Mặt nạ trị mụn đầu đen Fanzhen (Mới) 60g, Mặt Nạ Than Tre Boquanya Hút Mụn Đầu Đ",CHUA_CO,,,
hynsocha,1,1,产品名称,Mặt nạ dưỡng ẩm làm đẹp HyNSOCHA Hyaluronic Acid Liquid,CHUA_CO,,,
hyper,1,1,花型,"Lớp bé loại A/Desha, Loại A trẻ sơ sinh/Qinglan Nuancui, Lớp bé loại A/Hyper Blu",CHUA_CO,,,
hyuga,1,1,名称,Đĩa từ tính Hyuga,CHUA_CO,,,
hurricane,1,1,比例,"Sạc pin điều khiển từ xa tuốc nơ vít 45 phút, Sạc pin điều khiển từ xa tuốc nơ v",CHUA_CO,,,
hutou,1,1,福建省泉州市核心产地,"Xiping, Huqiu, Xianghua, Gande, Jiandou, Changkeng (Changqing), Longjuan, Hutou,",CHUA_CO,,,
hutu,1,1,花型,"Ngôn ngữ hoa tuyết anh đào [Nâng cấp lông tuyết mềm mại thân thiện với da, giữ ấ",CHUA_CO,,,
prussian,1,1,颜色,"Màu xanh Prussian, màu xanh nhạt",CHUA_CO,,,
pterosa,1,1,颜色,"Biến dạng hợp kim mạ điện 【Tyrannosaurus rex 】, Biến dạng hợp kim mạ điện 【Stego",CHUA_CO,,,
pterosaur,1,1,颜色,"Cơ chế biến dạng [kiểu ngẫu nhiên], Mecha War League [Hộp quà], Mecha Alliance [",CHUA_CO,,,
pu-er,1,1,包装规格,"[Hộp quà màu đỏ cát tường] Quýt xanh nhỏ 250g, [Hộp quà Chengxiang màu cam] Xiao",CHUA_CO,,,
puban,1,1,包装规格,"Pu'er Double Cake 714g (Puban Zhangsheng Pupu Chenxiang Tea Knife), Bánh đôi trà",CHUA_CO,,,
pubanzhang,1,1,包装规格,"顺风顺水30罐大红袍, 鸿运当头陶瓷双罐金骏眉, 礼韵大红袍礼盒装, 鸿运当头十大茗茶, Hộp quà tặng bốn loại trà nổi tiếng",CHUA_CO,,,
puchao,1,1,包装规格,UHA Puchao 50g*10 miếng (hộp đầy đủ),GIU,,,
pudao,1,1,颜色,"Vỏ tai nghe Bluetooth M Cream Cheese, Vỏ tai nghe Bluetooth trong suốt và mượt m",CHUA_CO,,,
huxiaoyan,1,1,包装规格,"Nước hoa mạnh Dahongpao (jin/43 nhân dân tệ), Dahongpao êm dịu và thơm (jin/65 n",CHUA_CO,,,
huying,1,1,产地,"Thị trấn Mamiao, huyện Huying, thành phố An Khánh, tỉnh An Huy",CHUA_CO,,,
hy-duy,1,1,花型,"HY-Xiangyun Ruicai, HY-Fuxi Tongle, HY-Tình yêu từ cái nhìn đầu tiên, HY-bạn khô",CHUA_CO,,,
hy-fuxi,1,1,花型,"HY-Xiangyun Ruicai, HY-Fuxi Tongle, HY-Tình yêu từ cái nhìn đầu tiên, HY-bạn khô",CHUA_CO,,,
hy-xanh,1,1,颜色,"Lông vũ màu đen, Lông trắng, Giày hợp thời trang màu cà phê, Giày hợp thời trang",CHUA_CO,,,
hy-xiangyun,1,1,花型,"HY-Xiangyun Ruicai, HY-Fuxi Tongle, HY-Tình yêu từ cái nhìn đầu tiên, HY-bạn khô",CHUA_CO,,,
huikong,1,1,膜布材质,Mặt nạ trị mụn kiểm soát dầu YISCOKIN Huikong 11,CHUA_CO,,,
huimingxin,1,1,生产厂家,Công ty TNHH trà Huimingxin,CHUA_CO,,,
pulada,1,1,包装规格,"喜糖试吃全店随便选, Kẹo cứng hương đào trắng Hongyuan 500g, khoảng 120 miếng, Kẹo sữa Wan",CHUA_CO,,,
pulong,1,1,包装规格,"26 tháng 3 năm 2015 Bánh trà Pu thô Iceland 357g số 16, Ngày 26 tháng 3 năm 2015",CHUA_CO,,,
puo,1,1,产品规格,"Mặt nạ dưỡng ẩm và làm đẹp POUQuR Aloe Vera (Tấm), Mặt nạ dưỡng ẩm làm đẹp Blueb",CHUA_CO,,,
puppy-general,1,1,颜色,"[Mẫu vải lanh bốn mùa] Đệm ghế trước chó con dễ thương Tây Nguyên (tờ đơn), [Mẫu",CHUA_CO,,,
provence,1,1,花型,"Ấm áp như mùa hè-[Cotton], Silk-Geyun Space-【Cotton 】, Cam tươi-[Bông], Rèm Mùa ",CHUA_CO,,,
prune,1,1,花型,"[100% cotton] trắng + xanh đậu - không vón cục, không phai màu, [100% cotton] Tr",CHUA_CO,,,
prussia,1,1,颜色,"Y8603 màu xám gai, Y8603 màu xanh đậm, Y8603 màu xám than, Y8603 màu mơ, Y10890 ",CHUA_CO,,,
hydroactive,1,1,产品规格,"Sữa rửa mặt dưỡng ẩm cho nam giới 50g, Sữa rửa mặt thanh lọc hoạt tính Amino Aci",CHUA_CO,,,
huhushengwei,1,1,花型,"Bi Han + Biển Hoa Fangfei [Bộ bốn món nhung sữa có trọng lượng cao], Beihan + Ng",CHUA_CO,,,
huicheng,1,1,净重（规格）,"[Ba mươi loại] 120 gói, [Ba mươi loại] 90 gói, [Ba mươi loại] 60 gói, Zhou Chang",CHUA_CO,,,
huarun,1,1,生产厂家,Công ty TNHH Y học cổ truyền An Huy Huarun,CHUA_CO,,,
huatian,1,1,花型,"Wu Anxin (thủ công thêu một chữ cotton), Ngôi nhà bí ngô (thủ công thêu một chữ ",CHUA_CO,,,
huaweiyi,1,1,花型,"Tea Master [100% cotton nguyên chất, một giả sẽ bị phạt mười], Giỏ dã ngoại [100",CHUA_CO,,,
huiyuankeng,1,1,部分原料正岩核心山场,"Niulankeng, Huiyuankeng, Daoshuikeng, Liuxiangjian, Wuyuanjian, Jiulongkeng, Zhu",CHUA_CO,,,
huiyuantang,1,1,生产厂家,Công nghệ sinh học Huiyuantang,GIU,,,
hulk,1,1,形象,Hulk,CHUA_CO,,,
hunqing,1,1,原料与配料,"Trà xanh hunqing, hoa nhài tươi, hoa lan trắng",CHUA_CO,,,
purple-with,1,1,颜色,"[Đen-có logo] Hiệu ứng động từ tính lỏng, [Cam có logo] Hiệu ứng động từ tính lỏ",CHUA_CO,,,
purple-zip,1,1,颜色,"Haoyue White-zipper [Giao diện sạc USB giá đỡ cốc gấp], Mô hình khóa kéo màu đen",CHUA_CO,,,
puse,1,1,花型,"Ye Yu đầy màu sắc [Thoải mái và thoáng khí—có thể ngủ khỏa thân], Tulip [thoải m",CHUA_CO,,,
pusheng,1,1,包装规格,"Bộ 5 vị cổ điển (nấu nếp/nấu chín/thô Pu/Trà đỏ/Trà trắng), Sự kết hợp của 8 hươ",CHUA_CO,,,
puto,1,1,颜色,"Độ phân giải cao và dung lượng lớn [màu trong suốt một gói], Độ phân giải cao và",CHUA_CO,,,
puffle,1,1,颜色,"Gối Đầu lưới phồng màu be, Lưới phồng eo màu be, Gối Đầu lưới Puffle niêm phong ",CHUA_CO,,,
huuyin,1,1,产品规格,"Sữa rửa mặt cam cho nam Huuyin 130g, Sữa rửa mặt mờ cho nam Hua Yin 130g, Làm sạ",CHUA_CO,,,
qianqian's,1,1,花型,"Ruoyu Chiba, Một trái tim-xám, Thỏ cổ tích-hồng, Eilinger-cà phê, Gấu Ruidi-xanh",CHUA_CO,,,
qianqian-cam,1,1,花型,"Ruoyu Chiba, Một trái tim-xám, Thỏ cổ tích-hồng, Eilinger-cà phê, Gấu Ruidi-xanh",CHUA_CO,,,
qianshilan-fanxing,1,1,花型,Qianshilan-Fanxing Blue [Thích hợp để ngủ khỏa thân mà không bị bóng và phai màu,CHUA_CO,,,
qianshu,1,1,花型,"Monica [Bông chải kỹ, ngủ khỏa thân], Xiancao 【Bông chải kỹ, ngủ khỏa thân], You",CHUA_CO,,,
puyang,1,1,产地,"Puyang, Hà Nam, Trung Quốc",CHUA_CO,,,
puye,1,1,原料与配料,Lá tràm tươi Qihong Puye,CHUA_CO,,,
pyjama,1,1,规格,"Miếng dán nén lạnh làm mát thuốc an thần y tế thương hiệu cơ khí loại I, Lựa chọ",CHUA_CO,,,
qatar,1,1,毛重,Việt Nam Lào Campuchia Thái Lan Myanmar Malaysia Singapore Indonesia Brunei Phil,CHUA_CO,,,
qiancao,1,1,花型,"Trà sữa nâu nhạt, Gặp gỡ cà phê Maillard, Encounter-Island Blue, Gặp gỡ những ng",CHUA_CO,,,
qianchuan,1,1,产品厂家厂名,Nhà máy trà Wuyishan Qianchuan,CHUA_CO,,,
qianfu,1,1,包装规格,"Bộ Quà Tặng Trà Cao Cấp ""Ngàn Dặm Sông Núi"" (330g), Hộp quà sáu tầng Guochao Jia",CHUA_CO,,,
purichuang,1,1,生产厂商,Công ty TNHH Công nghệ Purichuang Thâm Quyến,CHUA_CO,,,
purity,1,1,产品规格,"[Đóng hộp] 5 miếng mặt nạ, Mousse làm sạch thanh lọc 100ml, Sữa Rửa Mặt Purity 1",CHUA_CO,,,
huaying-milk,1,1,花型,"Senman-Milk White [Bông loại A, an toàn khi ngủ khỏa thân], Duoduo - hồng nhạt [",CHUA_CO,,,
huaying-qianka,1,1,花型,"Hương thơm đậm đà và cà phê có bóng nhẹ [Vải jacquard cotton loại A], Senman-Mil",CHUA_CO,,,
hug,1,1,包装规格,"Hoa hồng đỏ sẫm rang khô 50g [Xuất xứ Vân Nam], 50g hoa hồng đỏ sẫm đông khô [có",CHUA_CO,,,
qie,1,1,包装规格,"五级龙井D 500g, Long Tỉnh C cấp 5 500g, Long Tỉnh B cấp 5 500g, Long Tỉnh cấp 5 A 50",CHUA_CO,,,
qiangguo,1,1,颜色,"Ưu đãi đặc biệt: Hộp mù Thần Tài May Mắn - Số lượng có hạn, hết hàng là hết!, Mộ",CHUA_CO,,,
qianhang,1,1,尺寸,"Khung máy bay giá rẻ 14 inch [hai thanh giằng] phù hợp với chiều cao dưới 160, 1",CHUA_CO,,,
qianhua,1,1,花型,"Chó dachshund, Nơ bướm trái tim, Hoa chấm bi, Nơ bướm dâu tây, Thiên đường dâu t",CHUA_CO,,,
qianjiao,1,1,产品名称,Son môi thay đổi nhiệt độ BOB Qianjiao Baimei,GIU,,,
huawu,1,1,颜色,"Vườn Hoa Màu Hồng Cherry 232 Chiếc-Hộp Màu, Hộp màu hồng Rose Lane 239 chiếc, Hộ",CHUA_CO,,,
huaxi-sakura,1,1,花型,"Huaxi-Milkshake Trắng + Bột, Huaxi-Milkshake Trắng + Xanh, Huaxi-Milkshake Trắng",CHUA_CO,,,
huaxia,1,1,颜色,"HT-097桌面足球赛游戏【大礼盒】, 【彩盒】987-122弹珠保龄球, 556-201欢乐锤豆豆【礼盒】, 【彩盒】556-44萌叶叠叠玩, HT-076 ",CHUA_CO,,,
huaxiangchun,1,1,包装规格,Trầm hương táo tàu 2015 bánh trà trắng cũ 10g mẫu trà khuyến nghị chính đơn giá ,CHUA_CO,,,
huaxiangmanyuan,1,1,花型,"Treasure Garden [Kết cấu cấp mẹ và bé đích thực NUK], Aisha Fangfei [Kết cấu cấp",CHUA_CO,,,
huaxin,1,1,花型,"Hoa nhẹ nhàng [100% cotton hai mặt], Avril Lavigne [100% cotton hai mặt], Khủng ",CHUA_CO,,,
huangju,1,1,包装规格,"[Cao cấp] Chà là đỏ khô 80g, [Thùng cao] Tơ ngô 15g, [Thùng Cao] Trà Tre Lá Xanh",CHUA_CO,,,
huangkou,1,1,包装规格,"35 # Xiaozheng Tieguanyin 500g [Khối lượng thương mại điện tử], 40 # Loại bỏ Tie",CHUA_CO,,,
huangqi,1,1,包装规格,Truyền Bá Vàng vuông và Súng Vàng để nuôi dưỡng trà Cistanche Huangqi (túi trà đ,CHUA_CO,,,
huangque,1,1,工厂,Nhà máy may dệt kim Suning Huangque,CHUA_CO,,,
qianlixiang,1,1,包装规格,"200ml đóng hộp * hoa nhài, 200ml lon * thai cúc, 200ml đóng hộp * hoa hồng, Đóng",CHUA_CO,,,
huangxin,1,1,颜色分类,"Frog Panda 6 gói + 2 cam, keo không dấu vết miễn phí, Frog Panda 6 gói + 2 chồi ",CHUA_CO,,,
huangyali,1,1,颜色,"(Quả dứa jacquard) Bộ đồ một mảnh mùa hè, (Cỏ biển jacquard) Bộ đồ một mảnh mùa ",CHUA_CO,,,
huangyun,1,1,颜色,"W1503/4 ngẫu nhiên một hộp hoa, W1603/4 Hộp hoa ngẫu nhiên - phiên bản nâng cấp,",CHUA_CO,,,
huangzhixiang,1,1,包装规格,"500g đầu trà thơm vịt số 9 [nguyên liệu pha trà], 500g đầu trà thơm vị vịt số 10",CHUA_CO,,,
huanyi,1,1,首饰收纳盒,Công ty TNHH Sản phẩm Bao bì Yiwu Huanyi,CHUA_CO,,,
hualan,1,1,花型,"Nữ thần ánh trăng [Chất lượng loại A], Pink Beauty [Chất lượng loại A], Dung hoa",CHUA_CO,,,
hualian,1,1,颜色,"Màu trắng, Màu hồng, Màu đỏ, Màu tím, Màu xám, Màu đen, Màu vàng, Đỏ cam, Xanh t",CHUA_CO,,,
hualu,1,1,花型,"cỏ tình nhân, Nhẹ nhàng như ngọc, Hương thơm thỏ con dễ thương, nơ, Ấm áp như mù",CHUA_CO,,,
huaman,1,1,生产厂家,Công ty TNHH trà hoa An Huy Huaman Tang,CHUA_CO,,,
huamange,1,1,花型,"Ấm áp như mùa hè-[Cotton], Silk-Geyun Space-【Cotton 】, Cam tươi-[Bông], Rèm Mùa ",CHUA_CO,,,
qiaonan,1,1,花型,"Morphy [100% cotton, thân thiện với làn da và mềm mại, thích hợp để ngủ khỏa thâ",CHUA_CO,,,
qiaoqiao,1,1,颜色,"k364—K369 Dream Shop trọn bộ 6 kiểu, K400-K405 bán trọn bộ 6 mẫu xe đẩy, Bộ 6 mẫ",CHUA_CO,,,
qiaoshou,1,1,生产企业,Nhà máy đồ chơi Shahe Qiaoshou,CHUA_CO,,,
qiaqia,1,1,生产厂家,Công ty TNHH Thực phẩm Qiaqia,GIU,,,
qibao,1,1,包装规格,"(Phiên bản nâng cấp) Trà bảy kho báu Shayuanzi Cuscuta 30 túi, (Phiên bản nâng c",GIU,,,
qidan,1,1,包装规格,"【Huaxiang Dahongpao】 Đơn giá 75, [Hương thơm mạnh mẽ Dahongpao] Đơn giá 105, [Zh",CHUA_CO,,,
huadu,1,1,花型,"Ye Yu đầy màu sắc [Thoải mái và thoáng khí—có thể ngủ khỏa thân], Tulip [thoải m",CHUA_CO,,,
huafei,1,1,花型,"Benny Dog [mô hình bà mẹ và trẻ sơ sinh được nâng cấp 7A], KT Meow [mẫu mẹ và bé",CHUA_CO,,,
huajian,1,1,花型,"Hoa Tulip Tím [Dày và nhung hai mặt để giữ ấm và giữ ấm liên tục]1, Sống động [D",CHUA_CO,,,
huakai,1,1,花型,"Flower Bear-Mx [Bông dày được mã hóa, thân thiện với làn da khi ngủ khỏa thân], ",CHUA_CO,,,
hongyunxin,1,1,生产厂家,"Phúc Kiến Hongyunxin Tea Industry Co., Ltd.",CHUA_CO,,,
huamantang,1,1,生产厂家,Công ty TNHH Trà thơm An Huy Huamantang,CHUA_CO,,,
huameng,1,1,花型,"Mengbubu [nhung dày - ấm áp và thoải mái], Cuộc Đón Gặp Hoa [Thêm Nhung Và Làm D",CHUA_CO,,,
huamo,1,1,花型,"Treasure Garden [Kết cấu cấp mẹ và bé đích thực NUK], Aisha Fangfei [Kết cấu cấp",CHUA_CO,,,
huangcun,1,1,产品厂家厂址,"Số 27-2, Làng Huangcun, Thị trấn Xingcun, Thành phố Vũ Di Sơn",CHUA_CO,,,
huangdan,1,1,包装规格,"500g Trà Ô Long Tieguanyin Thơm Ngát, Hạng 7.5 [Nguyên Liệu Pha Trà Điện Tử], 50",CHUA_CO,,,
houttuynia,1,1,颜色,"[Bảng màu toàn diện khuôn mặt] # 02 Peach Blossom Face (thân thiện với da khô), ",CHUA_CO,,,
hsk,1,1,颜色,"Một miếng cản trước [vui lòng để lại tin nhắn khi đặt hàng các mẫu khác], Một mả",CHUA_CO,,,
qimengyuncai,1,1,花型,"Zi Ji [thích hợp để ngủ khỏa thân], Thú cưng [thích hợp để ngủ khỏa thân], Sakur",CHUA_CO,,,
qimuli,1,1,花型,"Mùa xuân và Jingming-Red, Ánh trăng Latte-Trắng, Moonlight Latte-Xám đậm, Qimuli",CHUA_CO,,,
qianxia,1,1,花型,"Trắng + Xanh Đậu [100% cotton, thân thiện với da và thoải mái], Brueland sycamor",CHUA_CO,,,
qiaocha,1,1,包装规格,"Túi hoa cúc Chamomile (1.5g x 30 túi)/túi, Phiên bản tiếng Anh Blue Butterfly Fl",CHUA_CO,,,
hongyu,1,1,生产厂家,Công ty TNHH Sản phẩm Đậu nành Hongyu (Zaozhuang),CHUA_CO,,,
holy,1,1,颜色,"Sữa lắc trắng (tiêu chuẩn gốc), Đen cao cấp (tiêu chuẩn gốc), Phấn hoa anh đào (",CHUA_CO,,,
hornet,1,1,颜色,"Hộp quà lớn Xe đua kéo lùi Big G [509 hạt], Hộp quà lớn Bugatti xe đua [510 hạt]",CHUA_CO,,,
hoth,1,1,颜色,"Bộ sợi bông co giãn hoa tím, Bộ sợi bông co giãn cầu vồng, Bộ sợi bông co giãn b",CHUA_CO,,,
hongmeng,1,1,生产厂商,Công ty TNHH Năng lượng Mới Quảng Đông Hongmeng,CHUA_CO,,,
hongqiaomei,1,1,包装规格,"200ml đóng hộp * hoa nhài, 200ml lon * thai cúc, 200ml đóng hộp * hoa hồng, Đóng",CHUA_CO,,,
qingge,1,1,花型,"""Extra Thick"" Snow Orchid Heart - [Chống vón cục - Bền màu], Happy Valley ""Extra",CHUA_CO,,,
qingguo,1,1,颜色,"Sáu cửa hàng trong mơ của K364-369, K478-K483 Cửa Hàng Xem Đường Hai Lớp - Sáu K",CHUA_CO,,,
qinghe,1,1,花型,"Chuntingxu Pro [Chất liệu cotton thoải mái, thân thiện với làn da và ngủ khỏa th",CHUA_CO,,,
qingka,1,1,花型,"Jazz Black [Vải Jacquard cotton đã giặt/Không vón cục và không phai màu], Sữa lắ",CHUA_CO,,,
qingkong,1,1,花型,"Clear Sky-Milkshake White [Mềm và như sáp, thân thiện với da, không vón cục, khô",CHUA_CO,,,
qinglan,1,1,花型,"Lớp bé loại A/Desha, Loại A trẻ sơ sinh/Qinglan Nuancui, Lớp bé loại A/Hyper Blu",CHUA_CO,,,
qinglian-dream,1,1,花型,"Isabella-Dream [có thể ngủ khỏa thân-không có bóng], Erman-Dream [có thể ngủ khỏ",CHUA_CO,,,
qingling,1,1,产品名称,Qingling PANDAS BEUTY Perilla Amino Acid Làm sạch bùn,CHUA_CO,,,
qihongmaofeng,1,1,包装规格,"2026 New Tea A10: Bán chạy nhất dành riêng cho thương mại điện tử, Trà Mao Feng ",CHUA_CO,,,
qilanmo,1,1,包装规格,"Cừu vịt thơm Dancong trà gãy, Lõi trà thơm, Trà Tieguanyin vụn, Bọt trà đen hoa,",CHUA_CO,,,
qingyunli,1,1,包装规格,"Hongrui Li 1020g (8 túi, 3 loại hạt), Tianxi Ruixiang 1285g (7 túi 3 hạt lớn), P",CHUA_CO,,,
qingzi,1,1,花型,"';'; Mocha ';'; Jinlan, ';'; Ou Fan ';'; Lạc Đà Vàng, ';'; Khu vườn xinh đẹp'; '",CHUA_CO,,,
qinluwu,1,1,颜色,"Vườn Hoa Màu Hồng Cherry 232 Chiếc-Hộp Màu, Hộp màu hồng Rose Lane 239 chiếc, Hộ",CHUA_CO,,,
qinglong,1,1,颜色,"Chấm cà phê A001, Gấu mũ xanh A002, A004-Hua Thanh Long, A005 Cậu bé Qinglong, A",CHUA_CO,,,
qingqianliu,1,1,包装规格,"200ml đóng hộp * hoa nhài, 200ml lon * thai cúc, 200ml đóng hộp * hoa hồng, Đóng",CHUA_CO,,,
qingqing,1,1,花型,"Monica [Bông chải kỹ, ngủ khỏa thân], Xiancao 【Bông chải kỹ, ngủ khỏa thân], You",CHUA_CO,,,
qingrunxiang,1,1,生产厂家,Nhà máy trà Qingrunxiang Côn Minh,CHUA_CO,,,
qingshiyan,1,1,包装规格,"Nước hoa phong lan Zhilan Yushu cổ tích (8,5g * 2 bong bóng), Có hoặc không có h",CHUA_CO,,,
qingsi,1,1,花型,"Treasure Garden [Kết cấu cấp mẹ và bé đích thực NUK], Aisha Fangfei [Kết cấu cấp",CHUA_CO,,,
qing-oil,1,1,产品规格,"Loại cơ dầu trong-1 lon (7g không đóng gói), Loại dầu hỗn hợp trong-1 lon (7g kh",CHUA_CO,,,
qingchu,1,1,颜色,"[Song of Lin Hai] Pure Ancient Dragon, [Song of Lin Hai] Qingchu Gardenia, 【Song",CHUA_CO,,,
qingfen,1,1,花型,"Người tuyết nhỏ [Loại A dành cho bà mẹ và trẻ sơ sinh], Happy Wang [Hạng A dành ",CHUA_CO,,,
hongshengli,1,1,包装规格,"Hongrui Li 1020g (8 túi, 3 loại hạt), Tianxi Ruixiang 1285g (7 túi 3 hạt lớn), P",CHUA_CO,,,
hongxiang,1,1,颜色,"W1503/4 ngẫu nhiên một hộp hoa, W1603/4 Hộp hoa ngẫu nhiên - phiên bản nâng cấp,",CHUA_CO,,,
hongxinda,1,1,生产厂商,Công ty TNHH Công nghệ Đông Quan Hongxinda,CHUA_CO,,,
hongyan,1,1,颜色,"Hongyan [giẫm lên mềm], Màu xanh nhạt [giẫm lên mềm], Sữa trắng [giẫm lên mềm], ",CHUA_CO,,,
qiushi,1,1,花型,"Hương hoa đầy cành [100% cotton], Anna Garden [100% vải cotton], Kẹo đá Happy Ro",CHUA_CO,,,
qiusi-bentley,1,1,花型,"Phong cách ấn tượng-Bột lá thơm [Vải cotton mềm mại và thân thiện với làn da], S",CHUA_CO,,,
qingxi,1,1,颜色,"Nhà trên cây mộc mạc MZ-322 (721 miếng), [Phiên bản chiếu sáng] Nhà trên cây đồn",CHUA_CO,,,
qingxin,1,1,颜色,"01 # Giấc mơ đen tối, 02 # Gỗ mun đêm tối, 03 # Tao Jian Qingxin, 04 # Cuộn tran",CHUA_CO,,,
qingya,1,1,花型,"Một Monica [không bóng/không co lại], Lưới Tianzi màu xanh lam [không bóng/không",CHUA_CO,,,
honeydew,1,1,颜色,"M01 # cá khô, M02 # Meo meo, M03 # Mèo tốt, M04 # Goode Cat Ning, M05 # mèo sữa,",CHUA_CO,,,
hongfuyuan,1,1,生产厂家,Nhà Máy trà Menghai Hongfuyuan,CHUA_CO,,,
hongguang,1,1,包装规格,"喜糖试吃全店随便选, Kẹo cứng hương đào trắng Hongyuan 500g, khoảng 120 miếng, Kẹo sữa Wan",CHUA_CO,,,
honghua,1,1,颜色,"W1503/4 ngẫu nhiên một hộp hoa, W1603/4 Hộp hoa ngẫu nhiên - phiên bản nâng cấp,",CHUA_CO,,,
hippoly,1,1,鞋垫材质,Hippoly,CHUA_CO,,,
history,1,1,颜色,"Vỏ tai nghe Bluetooth chuỗi ngôi sao gradient M, Tai nghe Bluetooth Wavy Butt Do",CHUA_CO,,,
qingyi,1,1,产品规格,"HF Sữa rửa mặt làm trắng 300g, Sữa rửa mặt kiểm soát dầu HF Qingyi 300g (loại ki",CHUA_CO,,,
qingying,1,1,产品规格,"Sữa rửa mặt làm sạch da mụn 100g, Tinh Chất Qingying 30ml, Kem trị mụn dưỡng ẩm ",GIU,,,
qingyue-maillard,1,1,花型,"Qingyue-mật ong đậu đỏ, Qingyue-xanh da trời, Qingyue-Bột nước trái cây, Qingyue",CHUA_CO,,,
qingyue-xanh,1,1,花型,"Qingyue-mật ong đậu đỏ, Qingyue-xanh da trời, Qingyue-Bột nước trái cây, Qingyue",CHUA_CO,,,
qingyun-ca,1,1,花型,"trà, Mực nhuộm Qingyun-Ca, đường trà, Màu xám ca rô, con báo cổ điển, Làm hài lò",CHUA_CO,,,
qinyuan,1,1,花型,"Vân Thủy Gian [100% cotton dày dặn, chải lông], Ái Lục Dải [100% cotton dày dặn,",CHUA_CO,,,
hitea,1,1,包装规格,"花茶礼盒（7种口味14包茶）, Hộp quà tặng trà hoa lưu niệm 4 lon (chứa 4 lon trà), Hộp quà tặ",GIU,,,
hoa-be,1,1,颜色,"Ngôn ngữ hoa-Be, Chunxiao-Hồng, Fuli-xanh xám, phong cách lan Nhật Bản, Bộ sưu t",CHUA_CO,,,
hoa-dorid,1,1,花型,"Bột đậu Lorna, Hoa-Tím, Victoria-Xám, Victoria-màu trắng nhạt, Victoria-Tím, Bướ",CHUA_CO,,,
hodgepodge,1,1,包装规格,"【Bình Lớn 1 lb】Chân Gà Không Xương: Chua Cay, [1 pound, 1 lon lớn] Chân gà không",CHUA_CO,,,
hoh,1,1,花型,"Huang Xiaoge [Không có bóng-không thu nhỏ-không phai màu], Lưới lớn màu xám đơn ",CHUA_CO,,,
hohenschwangau,1,1,颜色,"Ưu đãi đặc biệt: Hộp mù Thần Tài May Mắn - Số lượng có hạn, hết hàng là hết!, Mộ",CHUA_CO,,,
holder,1,1,颜色,"[Màu xám titan] Họa tiết da voi, [Star Universe Blue] Họa tiết da voi, 【Cam Đan ",CHUA_CO,,,
hole,1,1,颜色,"Giá đỡ ngôi sao từ tính IMD, Lỗ lớn IMD hút từ-mặt trăng + khung mặt trăng, Big ",CHUA_CO,,,
highlander,1,1,规格尺寸,"Senna/Grevia/Grevia, Toyota CHR/Yize, Toyota Ralink/Corolla/Sư tử châu Á/Ling Sh",CHUA_CO,,,
hike,1,1,花型,"Tea Master [100% cotton nguyên chất, một giả sẽ bị phạt mười], Giỏ dã ngoại [100",CHUA_CO,,,
hill,1,1,包装规格,"100g * 1 bánh [Iceland 2020], 100g * 1 bánh [Iceland Spring Rhyme 2019], 100 gra",CHUA_CO,,,
qishan,1,1,颜色,"1618-91 Bếp nhỏ dễ thương, 1618-68 Quán bar nhỏ vui nhộn, Máy tính tiền vui nhộn",CHUA_CO,,,
qiti,1,1,花型,"Vải nhung sữa màu xám + bao bì, Vải nhung sữa màu xám đậm + bao bì, Màu hồng ngọ",CHUA_CO,,,
qitongluo,1,1,包装规格,"Trà rễ súng vàng bổ dưỡng Wanming (100g, 20 gói chai vuông nắp vàng), Trà đen ca",CHUA_CO,,,
qiulin,1,1,颜色,"Nhà trên cây mộc mạc MZ-322 (721 miếng), [Phiên bản chiếu sáng] Nhà trên cây đồn",CHUA_CO,,,
qiuyanrong,1,1,产品规格,Mặt nạ lụa axit Hyaluronic Qiuyanrong 30ml,CHUA_CO,,,
qiuyu-xanh,1,1,花型,"trà, Mực nhuộm Qingyun-Ca, đường trà, Màu xám ca rô, con báo cổ điển, Làm hài lò",CHUA_CO,,,
qiuyue,1,1,花型,"Miller [Cotton chải kỹ, thân thiện với da và tinh tế], Chunuan [Cotton chải kỹ, ",CHUA_CO,,,
hill-blue,1,1,花型,"Lá Bạch Quả - Xanh Dương [Loại A, cấp độ mẹ và bé], Chanh xanh bạc hà [Loại A dà",CHUA_CO,,,
hipi,1,1,花型,"Cà phê anh đào cà phê, Gấu nhỏ họa tiết da báo, Thương hiệu thời thượng Xiaoxian",CHUA_CO,,,
heritage,1,1,包装规格,"[Quà lưu niệm năm con ngựa] 500g, [Bộ Cam Good Rhyme] 500g, [Bộ Đỏ Haoyun] 500g,",CHUA_CO,,,
hermes,1,1,颜色,"Màu trắng, Trắng phối tím, Màu xanh lá, Màu vàng, Màu đen, Màu đỏ cam, Màu tím, ",CHUA_CO,,,
hero,1,1,颜色,813-13(1) [Có hiệu ứng ánh sáng và âm thanh] Xe trộn cỡ trung [2 màu gửi ngẫu nh,CHUA_CO,,,
heroes,1,1,净重（规格）,"[Hai mươi món ăn nhẹ tuổi thơ] 30 gói, [Hai mươi món ăn nhẹ tuổi thơ] 60 gói, [H",CHUA_CO,,,
hesi,1,1,颜色分类,"HiSilicon 12 inch 2K + sony335, 12 inch 2K HiSilicon + sony335 + Điều khiển bằng",CHUA_CO,,,
qixiang,1,1,包装规格,"Mixiang Jin Junmei số 1 50g số lượng lớn (45 nhân dân tệ/catty), Mixiang Jin Jun",CHUA_CO,,,
qiyalu,1,1,产品名称,Miếng dán mặt nạ dưỡng ẩm collagen thực vật Qiyalu,CHUA_CO,,,
qizi,1,1,产品规格,"Hoa Hồng 1000g [Dưỡng trắng và làm sáng da], Cúc La Mã 1000g [Làm Dịu], Than Tre",HANVIET,Thất Tử,,
qizizhonghong,1,1,包装规格,"Trà thơm dẻo: 108g/6g * 18 tuo/hộp, Trà nấu ngọt: 126g/7g * 18 bánh/hộp, Trà nấu",CHUA_CO,,,
qu,1,1,颜色,"Xe thương mại đa chức năng 7742 [màu đen], Xe thương mại đa chức năng 7742 [màu ",CHUA_CO,,,
qinyu,1,1,花型,"Chuyển động của thú cưng hoa, rococo, thù lao, Thưởng thức biển hoa, sự đồng hàn",CHUA_CO,,,
hedgehog,1,1,颜色,Đồ chơi xếp chồng hình nhím [Liên hệ bộ phận Chăm sóc Khách hàng để biết thêm th,CHUA_CO,,,
heehee,1,1,花型,"Người tuyết nhỏ [Loại A dành cho bà mẹ và trẻ sơ sinh], Happy Wang [Hạng A dành ",CHUA_CO,,,
hefei,1,1,生产厂家,Công ty TNHH thực phẩm Hefei Quanpinci,CHUA_CO,,,
hefeng,1,1,花型,"Ren hoa văn cổ điển - Nơ hồng [Dành cho mẹ và bé, thân thiện với da, thích hợp n",CHUA_CO,,,
hefengyu,1,1,特妆产品名称,Chất tẩy rửa kiểm soát dầu làm trắng Hefengyu,GIU,,,
hetai,1,1,生产厂商,Điện tử Hetai,CHUA_CO,,,
hexingwang,1,1,生产厂家,"Công ty TNHH Công nghệ sinh học Hexingwang, huyện Anxi, Phúc Kiến",CHUA_CO,,,
hey,1,1,花型,"Shining hey (màu tinh khiết) [sai số kích thước ± 5 cm], Bột Sakura (màu tinh kh",CHUA_CO,,,
hide,1,1,花型,"Oreo Kitten [Loại A dành cho bà mẹ và trẻ sơ sinh/thân thiện với làn da, mềm mại",CHUA_CO,,,
hemming,1,1,工艺,Hemming,CHUA_CO,,,
quge,1,1,花型,"Treasure Garden [Kết cấu cấp mẹ và bé đích thực NUK], Aisha Fangfei [Kết cấu cấp",CHUA_CO,,,
quicksand,1,1,花型,"Wu Anxin (thủ công thêu một chữ cotton), Ngôi nhà bí ngô (thủ công thêu một chữ ",CHUA_CO,,,
quiet-bentley,1,1,花型,"Phong cách ấn tượng-Bột lá thơm [Vải cotton mềm mại và thân thiện với làn da], S",CHUA_CO,,,
rabbit-lan,1,1,花型,"Locke Manor-Red [100% cotton, thân thiện với da, mềm mại và thoải mái], Chanson ",CHUA_CO,,,
qiusi-coffee,1,1,花型,"Phong cách ấn tượng-Bột lá thơm [Vải cotton mềm mại và thân thiện với làn da], S",CHUA_CO,,,
qiusi-muguo,1,1,花型,"Phong cách ấn tượng-Bột lá thơm [Vải cotton mềm mại và thân thiện với làn da], S",CHUA_CO,,,
heirloom,1,1,包装规格,"Hộp Quà Hươu Jin Junmei 18 Hũ Nhỏ 250g, Hộp quà Trung Thu: 18 lon Trà đen Jin Ju",CHUA_CO,,,
heiyuan,1,1,包装规格,"Trà Wan Ming Jin Gun Guben (Túi Trà 150g đóng hộp), Trà Gu Ben Hard Man dược phẩ",CHUA_CO,,,
heli-double,1,1,包装规格,"Bốn loại trà tuyệt vời của thế giới1, Hộp quà tặng trà kết hợp, Bốn loại trà tuy",CHUA_CO,,,
helie,1,1,包装规格,"Trà Jinjunmei Fugui Yingmen 5 lon tròn 2#, 250g, Trà Quan Âm Sắt đóng hộp 250g, ",CHUA_CO,,,
hawthorne,1,1,花型,"Hawthorne, Bước một bước, nở một bông hoa, Rừng Hoàng Hôn, Manchester - Xám, Man",CHUA_CO,,,
hazelwood,1,1,颜色,"27931-vàng đất, 27931 - Gỗ tần bì Hazelwood",CHUA_CO,,,
hazy,1,1,花型,"Oreo Kitten [Loại A dành cho bà mẹ và trẻ sơ sinh/thân thiện với làn da, mềm mại",CHUA_CO,,,
radio,1,1,尺寸,"Kiểu 1, Kiểu 2, Kiểu dáng 3, Kiểu 4, Kiểu 5, Kiểu 6, Kiểu dáng 7, Bộ 1, Bộ 2, Me",CHUA_CO,,,
rag,1,1,产品类别,rag,CHUA_CO,,,
rainfront,1,1,包装规格,"A4日照云雾绿茶2026年新茶——雨前头采特细特绿浓豆香高山云雾茶, LX5龙香茶2026年新茶 松阳龙井43#香茶——雨前特细浓豆香高山云雾茶, C4龙香茶2",CHUA_CO,,,
quanpinci,1,1,生产厂家,Công ty TNHH thực phẩm Hefei Quanpinci,CHUA_CO,,,
hengfeng,1,1,生产厂家,"Zhangzhou Hengfeng Tea Industry Co., Ltd.",CHUA_CO,,,
hengfu,1,1,生产厂家,Nhà máy chè Menghai Hengfu,CHUA_CO,,,
hengxing,1,1,生产厂家,"An Huy Ma Hengxing Banya Co., Ltd.",CHUA_CO,,,
hengyu,1,1,生产厂家,Công ty TNHH Thực phẩm Yiyang Hengyu,CHUA_CO,,,
hercules,1,1,包装规格,"Hương vị ban đầu 300g (túi quà tặng)., Hương vị bơ 300g (túi quà)., Bánh hạt đấu",CHUA_CO,,,
rankin,1,1,花型,"';'; Mocha ';'; Jinlan, ';'; Ou Fan ';'; Lạc Đà Vàng, ';'; Khu vườn xinh đẹp'; '",CHUA_CO,,,
raoping,1,1,产品厂家厂址,"Huyện Raoping, tỉnh Quảng Đông",CHUA_CO,,,
rapid,1,1,颜色,"CY226 Ghế Đơn - Đen [Sưởi Ấm Bằng Dây ☆ 12/24V Phổ Thông] Phiên Bản Vải Sợi, CY2",CHUA_CO,,,
hd-internet,1,1,规格尺寸,"Phiên bản HD-Internet APP di động không có thẻ, Phiên bản HD-Mobile APP Internet",CHUA_CO,,,
heart-rice,1,1,花型,"Oreo Kitten [Loại A dành cho bà mẹ và trẻ sơ sinh/thân thiện với làn da, mềm mại",CHUA_CO,,,
heating,1,1,颜色,"CY226 Ghế Đơn - Đen [Sưởi Ấm Bằng Dây ☆ 12/24V Phổ Thông] Phiên Bản Vải Sợi, CY2",CHUA_CO,,,
hebi,1,1,生产厂家,Công ty TNHH thực phẩm Hebi Xiangzhiwang,CHUA_CO,,,
haoyun,1,1,包装规格,"[Quà lưu niệm năm con ngựa] 500g, [Bộ Cam Good Rhyme] 500g, [Bộ Đỏ Haoyun] 500g,",CHUA_CO,,,
hard,1,1,包装规格,"Trà Wan Ming Jin Gun Guben (Túi Trà 150g đóng hộp), Trà Gu Ben Hard Man dược phẩ",CHUA_CO,,,
rate,1,1,颜色,"Phiên bản chuẩn air4, Phiên bản giảm tiếng ồn chủ động air4, Bản phối hàng đầu, ",CHUA_CO,,,
raw,1,1,原料与配料,"Jinjunmei, Lapsang Souchong, Dahongpao, Trà chín Banzhang, Iceland Raw Pu, Phoen",THEO_CUM,,,
rabbit-light,1,1,花型,"Magic Rabbit-Dream Purple [Hộp quà hoạt hình thêu bông dài Tân Cương 100S], Magi",CHUA_CO,,,
rabbit-yunrou,1,1,花型,"Magic Rabbit-Dream Purple [Hộp quà hoạt hình thêu bông dài Tân Cương 100S], Magi",CHUA_CO,,,
rack,1,1,尺寸大小,"[Vòi phun] Tích hợp [cỡ nòng 50], [Đầu hút] Đầu hút tích hợp + bi trọng lực [cỡ ",CHUA_CO,,,
radarobd,1,1,规格尺寸,"Dây nguồn bật lửa thuốc lá, Dây nguồn bước xuống, Dây nguồn USB, Dây nguồn radar",CHUA_CO,,,
heige,1,1,颜色,"Màu đen [mẫu gương làm đẹp LED], Màu be [Gương làm đẹp LED], Màu hồng [mẫu gương",CHUA_CO,,,
ren-lanting,1,1,花型,"Ren Little Lace-Love Strawberry, Ren ren màu trái tim tình yêu, Ren ren sóng bướ",CHUA_CO,,,
rebel,1,1,颜色,"1# Trà Sữa Cam (Cam Sai) [Cam Kem], 2# Màu nude đa năng [Thân thiện với da màu v",CHUA_CO,,,
record,1,1,颜色分类,"C309 ghi hình kép 1080P (ống kính trước + ống kính trong), C309 ba bản ghi 1080P",CHUA_CO,,,
red-carton,1,1,颜色,"Puff Shell-White-Carton Boy, Puff Shell-Black-Carton Boy, Puff Shell-Trung Quốc ",CHUA_CO,,,
hawk,1,1,颜色,"[Yuetong chính hãng] Ace Driver, [Yuetong chính hãng] Tài xế cứu hỏa và cảnh sát",CHUA_CO,,,
hanzo,1,1,花型,"Hanzo y, Duson y, Gỗ đàn hương núi xa, Trà trắng ấm áp",CHUA_CO,,,
haobi,1,1,颜色,"Màu đen đậm [Bao da thông minh & Bảo vệ bản lề], Rui Red [Bao da thông minh & Bả",CHUA_CO,,,
haobiluochun,1,1,包装规格,"Tieguanyin 100 g/túi, Dahongpao 80 g/túi, Jin Junmei 80 g/túi, Trà đen hạt nhỏ 1",CHUA_CO,,,
haodao,1,1,颜色,"Mẫu phân phối] Satin Lip Cream S01 (1.9ml), Mẫu phân phối] Satin Lip Cream S02 (",CHUA_CO,,,
haoli,1,1,包装规格,"30 lon Shengshi Haoli [Jin Junmei], Jialifufu Dahongpao 30 lon [hiệu suất chi ph",CHUA_CO,,,
haomaojian,1,1,包装规格,"Tieguanyin 100 g/túi, Dahongpao 80 g/túi, Jin Junmei 80 g/túi, Trà đen hạt nhỏ 1",CHUA_CO,,,
reddy,1,1,花型,"Hoa nhẹ nhàng [100% cotton hai mặt], Avril Lavigne [100% cotton hai mặt], Khủng ",CHUA_CO,,,
redness,1,1,产品规格,Mặt nạ chăm sóc đặc biệt Winona Soothing Moisturizing 6 miếng (một miếng không h,CHUA_CO,,,
refill,1,1,产品规格,Mặt nạ chống nhăn làm săn chắc da Afu Black Truffle 10 miếng/hộp [Có thể kiểm tr,CHUA_CO,,,
reflective,1,1,颜色,"[Màng phản quang cho thú cưng rỗng] Chống thấm nước, chống nắng và siêu bền, [Na",CHUA_CO,,,
rand,1,1,花型,"';'; Mocha ';'; Jinlan, ';'; Ou Fan ';'; Lạc Đà Vàng, ';'; Khu vườn xinh đẹp'; '",CHUA_CO,,,
remala,1,1,颜色,"A5-1 màu xanh lam mát mẻ, Màu cam A5-1, A5-1 Ben xám bạc, Màu trắng đậm A5-1, A5",CHUA_CO,,,
haoms,1,1,生产厂家,"Hàng Châu Haoms Food Co., Ltd.",CHUA_CO,,,
haoxianghuaxiang,1,1,包装规格,Trầm hương táo tàu 2015 bánh trà trắng cũ 10g mẫu trà khuyến nghị chính đơn giá ,CHUA_CO,,,
haoyin,1,1,颜色,"AI-M118 Jet Black (Đối thoại thông minh) - Thiết kế mới, không rò rỉ âm thanh. S",CHUA_CO,,,
haoying,1,1,规格尺寸,"Honda Accord, Honda CRV/Haoying, Honda Crown Road/UR-V, Honda Sibolui, Honda Ody",GIU,,,
handai,1,1,花型,"Ren dập nổi-Kumakoyu Tingfeng [Đi qua mùa đông cùng bạn-nhung], Ren dập nổi - Ic",CHUA_CO,,,
handle,1,1,规格,"Bộ đồ mài bánh 8 miếng cỡ 3C IBMS0006, Công chúa lâu đài 10 mảnh ABS3C số IBMS00",CHUA_CO,,,
handmade-organic,1,1,包装规格,"Trọng lượng mẫu khoảng [30g], [Carbon nướng Dahongpao] Đơn giá 40 nhân dân tệ, [",CHUA_CO,,,
hangbai,1,1,包装规格,"200ml đóng hộp * hoa nhài, 200ml lon * thai cúc, 200ml đóng hộp * hoa hồng, Đóng",CHUA_CO,,,
removing,1,1,产品规格,"Sữa Rửa Mặt C Coffee Purifying Double Tube (90g), Sữa Rửa Mặt C Coffee Acne Remo",CHUA_CO,,,
ren-alien,1,1,颜色,"Cổ áo phong bì cotton có ren X301-Pink Fox, Cổ áo bọc bông có ren X305-Cú, Hộp q",CHUA_CO,,,
ren-chanson,1,1,花型,"Ren Little Lace-Love Strawberry, Ren ren màu trái tim tình yêu, Ren ren sóng bướ",CHUA_CO,,,
ren-halloween,1,1,颜色,"Cổ áo phong bì cotton có ren X301-Pink Fox, Cổ áo bọc bông có ren X305-Cú, Hộp q",CHUA_CO,,,
ren-huamanchun,1,1,花型,"Latte muối biển ren, Lưới nhỏ ren hồng, Ren-Huamanchun, Cụm hoa ren, Ren lưới re",CHUA_CO,,,
ren-hyuna,1,1,花型,"Ren dập nổi-Kumakoyu Tingfeng [Đi qua mùa đông cùng bạn-nhung], Ren dập nổi - Ic",CHUA_CO,,,
ren-khoai,1,1,花型,"Lace-Sea Salt Latte [thân thiện với làn da, thoải mái và siêu mềm], Lưới nhỏ màu",CHUA_CO,,,
ren-love,1,1,颜色,"Cổ áo phong bì cotton có ren X301-Pink Fox, Cổ áo bọc bông có ren X305-Cú, Hộp q",CHUA_CO,,,
ren-magic,1,1,颜色,"HBBX01-chip áo vest ren chữ, HBBX02-Áo ren tình yêu vui tươi, HBBX03-Áo ren-Magi",CHUA_CO,,,
ren-patchwork,1,1,花型,"Ren dập nổi-Kumakoyu Tingfeng [Đi qua mùa đông cùng bạn-nhung], Ren dập nổi - Ic",CHUA_CO,,,
ren-tulip,1,1,花型,"Ren Little Lace-Love Strawberry, Ren ren màu trái tim tình yêu, Ren ren sóng bướ",CHUA_CO,,,
hangbaiju,1,1,包装规格,"[Lựa chọn chất lượng] Hoa cúc 50g, [Lựa Chọn Chất Lượng] Lá Bồ Công Anh 50g, [Lự",CHUA_CO,,,
hangcui,1,1,生产厂家,Công ty TNHH Trà Hàng Châu Hangcui,CHUA_CO,,,
hanjie,1,1,包装规格,"Hộp trà Hanjie bồ công anh 18 vị Jinfang (túi trà 150g), Hộp trà nút thắt cổ xưa",GIU,,,
hanlun,1,1,特妆产品名称,Mặt nạ ngủ dưỡng ẩm làm trắng da Hanlun Meiyu HUNMUI,GIU,,,
hantang,1,1,生产厂家,"Công ty TNHH Công nghiệp Trà Anxi Hantang, tỉnh Phúc Kiến",CHUA_CO,,,
hakka,1,1,包装规格,"[1 túi] Chân gà da hổ --- cay, [1 túi]Da hổ và chân gà - om, [Phong cách khách h",CHUA_CO,,,
halter,1,1,颜色,"Pro4-Small Four [Trắng] Đóng hộp, Pro4-Small Four [Giao diện C màu trắng] Đóng h",THAY,yếm,,
ren-white,1,1,颜色,"Cổ áo phong bì cotton có ren X301-Pink Fox, Cổ áo bọc bông có ren X305-Cú, Hộp q",CHUA_CO,,,
renate,1,1,产品规格,Mặt nạ bùn làm sạch lỗ chân lông Bibaiya Renate 100g,CHUA_CO,,,
renewing,1,1,产品规格,"Mặt nạ lụa dưỡng ẩm SEOMOU nicotinamide (miếng đơn), SEOMOU Xiong Guoxi Renewing",CHUA_CO,,,
relah,1,1,颜色,"A5-1 màu xanh lam mát mẻ, Màu cam A5-1, A5-1 Ben xám bạc, Màu trắng đậm A5-1, A5",CHUA_CO,,,
rella,1,1,颜色,"A5-1 màu xanh lam mát mẻ, Màu cam A5-1, A5-1 Ben xám bạc, Màu trắng đậm A5-1, A5",CHUA_CO,,,
reservoir,1,1,产品规格,"(Hồ chứa nhỏ) Mặt nạ dưỡng ẩm Anrun 5 miếng, (Small Reservoir Pro) Mặt nạ dưỡng ",GIU,,,
hammer,1,1,颜色,Trộn và kết hợp các kiểu dáng trong 50 hộp (giá thầu tối thiểu là 50 hộp) (kiểu ,CHUA_CO,,,
han-powder,1,1,花型,"雾绒-白【精梳新疆全棉 亲肤裸睡】, 伯伦-白【精梳新疆全棉 亲肤裸睡】, 杜言【精梳新疆全棉 亲肤裸睡】, 繁花然【精梳新疆全棉 亲肤裸睡】, 乐禧【精梳新疆",CHUA_CO,,,
hanada,1,1,颜色,"Hanada Bunny [Quần áo cotton màu], Gấu Xingyue [Quần áo cotton màu], Bữa tiệc gấ",CHUA_CO,,,
hanako,1,1,产品规格,"[Phiên bản bùng nổ] Sữa rửa mặt axit amin y tế, Sữa rửa mặt y tế + Mạng tạo bọt,",CHUA_CO,,,
hanchan,1,1,产品名称,Mặt nạ dưỡng ẩm làm đẹp quả việt quất Hanchan,CHUA_CO,,,
hanchen,1,1,产品厂家厂名,"Đài Loan Hanchen International Co., Ltd.",CHUA_CO,,,
hanchuan,1,1,生产厂家,"Hanchuan Jinjiang Fuyuan Food Co., Ltd.",CHUA_CO,,,
hailange,1,1,花型,"[Xám đậm + Xám nhạt] 100% cotton đã giặt, [Trắng sữa + Xanh da trời] 100% cotton",CHUA_CO,,,
haima,1,1,颜色,"Một miếng cản trước [vui lòng để lại tin nhắn khi đặt hàng các mẫu khác], Một mả",CHUA_CO,,,
hainan,1,1,花型,"漫步云端【100%纯棉 亲肤透气】, 梦里星光-灰【100%纯棉 亲肤透气】, 妙语花香【100%纯棉 亲肤透气】, 木棉花-绿【100%纯棉 亲肤透气】, 天",CHUA_CO,,,
haiqing-bentleyland,1,1,花型,Qianshilan-Fanxing Blue [Thích hợp để ngủ khỏa thân mà không bị bóng và phai màu,CHUA_CO,,,
resin,1,1,材质,Nhựa resin,CHUA_CO,,,
resolute,1,1,颜色,"Toàn bộ bằng nhôm chống mài mòn [bạc không gian], Toàn bộ nhôm chống mài mòn [Re",CHUA_CO,,,
return,1,1,包装规格,"GGM Longan Xiang Jin Junmei 2026 trà mới - trà đen cây già béo, mềm và thơm, GPP",CHUA_CO,,,
reunion,1,1,颜色,"206701 Maybe Bear - Nâu cà phê, 206701 Gấu Mofei - Xanh lá, 207201 Gấu nhỏ đoàn ",CHUA_CO,,,
hairpin,1,1,颜色,"[Cún con dễ thương + giá đỡ từ tính], [Cún con dễ thương] Vỏ mềm từ tính rỗng, [",CHUA_CO,,,
hairy,1,1,包装规格,"Big Devil Konjac chay bụng có lông Liubiju vị sốt mè 18g hộp 20 gói, Big Devil K",CHUA_CO,,,
haisheng,1,1,产品名称,Mặt nạ bông Nước Collagen Oshu Fei Haisheng,CHUA_CO,,,
haitai,1,1,生产厂家,Công nghiệp hoa cúc Haitai,CHUA_CO,,,
haixi,1,1,产品厂家厂名,Công nghiệp chè sinh thái Haixi,CHUA_CO,,,
haiyan,1,1,产品规格,"男士三合一600ml【魅蓝香氛】, 男士洗面奶【300g】, 硫磺控油洗面奶100g/支, 硫磺净肤沐浴露【500ml】, 三合一硫磺净螨液体香皂【500ml】",CHUA_CO,,,
h,1,1,产品厂家厂址,"Tỉnh Phúc Kiến, thành phố Tuyền Châu, huyện An Khê, thị trấn Thành H厢, đường Hà ",GIU,,,
h-da,1,1,颜色,"H-Đen trắng1, H-đen, H-Đen trắng2, H-da đen, H- Xám đen, H- Xám cam, H-Đen Cam, ",CHUA_CO,,,
rhinestone,1,1,颜色,"Apple 20W-bộ năm chiếc nơ sắt, Bộ 5 món táo 20W-màu hồng kem bướm, Bộ 5 chiếc Ap",THAY,đá,,
rhode,1,1,颜色,"Gardenia, hoa nhài, hoa lan Nam Phi1, trà trắng, quả mọng, mimosa, hoa hồng, táo",GIU,,,
rhone,1,1,花型,"bài hát tình yêu mùa đông, in họa tiết da báo, Bơi trong đại dương, nơ đen, Hua ",CHUA_CO,,,
rhythm-blue,1,1,花型,"Wilderness-Orange [Bông loại A chất lượng cao, ấm áp và thân thiện với làn da hơ",CHUA_CO,,,
rhythm-ca,1,1,花型,"Wilderness-Orange [Bông loại A chất lượng cao, ấm áp và thân thiện với làn da hơ",CHUA_CO,,,
repairing,1,1,产品规格,"Sữa rửa mặt làm trắng da Nian Kou 377 100g, Sữa rửa mặt làm trắng da Nian Kou 37",CHUA_CO,,,
replenishing,1,1,产品规格,"Mặt nạ làm dịu và dễ chịu rong biển-Hộp 25ml × 5 miếng, Mặt nạ làm dịu và dễ chị",CHUA_CO,,,
replica,1,1,产品规格,"Mặt nạ phát sáng Skin Source No. 1 225G (bản sao của Mặt nạ Keyun_Lan số 8), Mặt",CHUA_CO,,,
rilakkuma,1,1,尺寸大小,"[Núm vú bị vỡ] 1 lỗ tròn (0-3 tháng), [Núm vú bị vỡ] 2 lỗ tròn (3-6 tháng), [Núm",CHUA_CO,,,
rine,1,1,花型,"Tử Xuân, ngày nắng, sóng hồng, bản vẽ màu chì, Alice, kem, Sóng bùn khoai môn, p",CHUA_CO,,,
hada,1,1,产品规格,"Sữa rửa mặt dưỡng ẩm cho nam giới 50g, Sữa rửa mặt thanh lọc hoạt tính Amino Aci",CHUA_CO,,,
hadaken,1,1,产品规格,"50g Sữa rửa mặt dưỡng ẩm phục hồi sức sống, Sữa rửa mặt làm mới kiểm soát dầu Le",CHUA_CO,,,
haday,1,1,产品规格,"50g Sữa rửa mặt dưỡng ẩm phục hồi sức sống, Sữa rửa mặt làm mới kiểm soát dầu Le",CHUA_CO,,,
hadayin,1,1,产品规格,"50g Sữa rửa mặt dưỡng ẩm phục hồi sức sống, Sữa rửa mặt làm mới kiểm soát dầu Le",CHUA_CO,,,
haibo,1,1,鞋垫材质,Lót giày Haibo Li,CHUA_CO,,,
haiboli,1,1,鞋垫材质,Haiboli,CHUA_CO,,,
haifeng,1,1,生产厂家,Công ty TNHH Thực phẩm Haifeng (Tianjin),CHUA_CO,,,
haig,1,1,颜色,"Màu đen [mẫu gương làm đẹp LED], Màu be [Gương làm đẹp LED], Màu hồng [mẫu gương",CHUA_CO,,,
guogang,1,1,包装规格,"Trà chín Menghai Golden Bud Golden Needle 2018 500g, Trà nấu cung điện Menghai 2",CHUA_CO,,,
ring,1,1,颜色,"[Mẫu vải lanh bốn mùa] Đệm ghế trước chó con dễ thương Tây Nguyên (tờ đơn), [Mẫu",CHUA_CO,,,
rio,1,1,花型,"Một lá biết thu, Hoa bóng loang lất, Laiyin-Mi, Rio - Nâu, Thanh Hoan Tập - Đỏ, ",CHUA_CO,,,
rising,1,1,包装规格,"Bộ Quà Tặng 65 Mẫu Trà ""Rising Success"" - Hộp Quà Gỗ Giỏ Tre, Gói nếm 13 bong bó",CHUA_CO,,,
riverside,1,1,花型,"Monica [Bông chải kỹ, ngủ khỏa thân], Xiancao 【Bông chải kỹ, ngủ khỏa thân], You",CHUA_CO,,,
revered,1,1,产品规格,"Mặt nạ chanh 25ml/miếng [Chỉ bán hàng xuất khẩu ngoại thương, cấm bán hàng trong",CHUA_CO,,,
roca,1,1,花型,"Cam Emma, Vân sam xanh lục, Xám trên bầu trời, Màu Kaki sữa, Xanh lam, Xám Đế Đô",CHUA_CO,,,
guosetianxiang,1,1,包装规格,"Bộ Quà Tặng Trà Cao Cấp ""Ngàn Dặm Sông Núi"" (330g), Hộp quà sáu tầng Guochao Jia",CHUA_CO,,,
guowei,1,1,颜色,"Ưu đãi đặc biệt: Hộp mù Thần Tài May Mắn - Số lượng có hạn, hết hàng là hết!, Mộ",CHUA_CO,,,
guoxi,1,1,产品规格,"Mặt nạ lụa dưỡng ẩm SEOMOU nicotinamide (miếng đơn), SEOMOU Xiong Guoxi Renewing",CHUA_CO,,,
guoxiang,1,1,包装规格,"Hạt giống núi cao 500g, Hương thơm 500g, Mixiang Zhengshan Xiaoong 500g, Hạt giố",CHUA_CO,,,
guwangkeng,1,1,包装规格,"Mixiang Jin Junmei số 1 50g số lượng lớn (45 nhân dân tệ/catty), Mixiang Jin Jun",CHUA_CO,,,
guyun,1,1,包装规格,"Hộp quà tặng cao cấp Guyun Dahongpao 150g kèm túi đựng, Có giá quét mã vạch",CHUA_CO,,,
guifu,1,1,包装规格,"Ô long cánh đồng hoa 105g [3,5g * 30 gói], Guifu Lanxiang 90g [3g * 30 gói], Hoa",CHUA_CO,,,
guizhen,1,1,包装规格,"Trà lễ Dahongpao một hộp 22 gói, Trà quà tặng Biluochun một hộp 30 gói, Trà nghi",CHUA_CO,,,
gujing,1,1,包装规格,"Nước hoa phong lan Zhilan Yushu cổ tích (8,5g * 2 bong bóng), Có hoặc không có h",CHUA_CO,,,
rocafu,1,1,花型,"Tím lưu ly, Nâu hạt dẻ, Xám hoang dã, Thiếu nữ Berlin, Xanh Bắc cực, màu xanh bạ",CHUA_CO,,,
rockmi,1,1,容量,"[Phong cách chống nghẹt thở] Rockmi 300ML, [Thanh toán trực tiếp] Vàng sâm panh ",CHUA_CO,,,
roda,1,1,颜色,"Jerry 6973 thế hệ thứ 2 đầy đủ tính năng, đổi tên và định vị + phát hiện trong t",CHUA_CO,,,
roden,1,1,颜色,"6108 trắng, 6108 đen, 6108 màu xám gai dầu, 6108 màu xanh hải quân, 6108 ngỗng v",CHUA_CO,,,
rodrigo,1,1,花型,"Đôi Meina, Bột KT họa tiết da báo, bánh dâu tây, Trẻ trung và rực rỡ, Vườn Gra, ",CHUA_CO,,,
riddles,1,1,颜色,"[Môi bóng đào Fantasy] J811 Quả nhân sâm, 【Son Gương Hoa Đào】L01 Đồng Cỏ, [Son m",CHUA_CO,,,
roofani,1,1,颜色,"Màu da J21A (không có LOGO), J21A màu tím (không có LOGO), J21A màu đen (không c",CHUA_CO,,,
room,1,1,花型,"Bi Han + Biển Hoa Fangfei [Bộ bốn món nhung sữa có trọng lượng cao], Beihan + Ng",CHUA_CO,,,
root,1,1,包装规格,"Túi hoa cúc Chamomile (1.5g x 30 túi)/túi, Phiên bản tiếng Anh Blue Butterfly Fl",CHUA_CO,,,
rosea,1,1,产品规格,"Sữa rửa mặt thực vật Net, Nước bifid, sữa bifid, Nang tóc-dầu gội đầu, Mặt nạ dư",CHUA_CO,,,
rolls,1,1,净重（规格）,"[Hai mươi món ăn nhẹ tuổi thơ] 30 gói, [Hai mươi món ăn nhẹ tuổi thơ] 60 gói, [H",CHUA_CO,,,
gulf,1,1,颜色,"Bộ xe hợp kim thành phố [12pcs], Bộ xe đua hợp kim A [12 chiếc], Bộ xe đua hợp k",CHUA_CO,,,
guniujiang,1,1,包装规格,Son môi Lihua Golden Needle số 1 (Thu hoạch đầu núi cao ở khu vực sản xuất cốt l,CHUA_CO,,,
gunship,1,1,颜色,"Bậc thầy về súng (chụp 16 vòng và một hộp trưng bày), Máy bay chiến đấu Thunder ",CHUA_CO,,,
guangyun,1,1,产品规格,"Mặt nạ dưỡng da rạng rỡ số 1 225G (mặt nạ Keyun*lan số 8 được khắc lại), Mặt nạ ",CHUA_CO,,,
guannei,1,1,包装规格,"Trọng lượng mẫu khoảng [30g], [Carbon nướng Dahongpao] Đơn giá 40 nhân dân tệ, [",CHUA_CO,,,
guanshengyuan,1,1,生产厂家,"Thượng Hải Guanshengyuan Food Co., Ltd. Chi nhánh Fengxian",GIU,,,
guapi,1,1,产品类别,Lu'an Guapi,CHUA_CO,,,
roly-poly,1,1,产品类别,roly-poly,CHUA_CO,,,
roman-ya,1,1,花型,"Trắng sữa lắc Roman, Roman-Hồng mềm, Roman-Xanh lam nổi, Bột Xám Roman-Ya, Roman",CHUA_CO,,,
roaming-blue,1,1,花型,"Cụm hoa [100% cotton, thân thiện với da và thoáng khí], Xiancao [100% cotton Tân",CHUA_CO,,,
roast,1,1,包装规格,"18g konjac làm mới và hương vị cay, 18g konjac làm mới và vị cay, 18g Konjac Shu",CHUA_CO,,,
guava,1,1,颜色,"2 # Cầu Jiu Xin Qiao C423, 01#Lychee Sweet Peach C588, 02#Trà đen hoa hồng C588,",CHUA_CO,,,
guben,1,1,包装规格,"Trà Wan Ming Jin Gun Guben (Túi Trà 150g đóng hộp), Trà Gu Ben Hard Man dược phẩ",GIU,,,
gudewil,1,1,花型,"tổ tình yêu, Gấu Ollie, những ngày lễ đầy màu sắc, Thời trang hợp thời trang, tì",CHUA_CO,,,
gugubao,1,1,颜色,"811-364 Mengqu Duck Kitchen 【Hộp quà Trung Quốc】, 811-368 Bếp nhỏ Mengmeng Duck ",CHUA_CO,,,
guidong,1,1,部分原料正岩核心山场,"Niulankeng, Huiyuankeng, Daoshuikeng, Liuxiangjian, Wuyuanjian, Jiulongkeng, Zhu",CHUA_CO,,,
guifongzhai,1,1,包装规格,"Trà thơm dẻo: 108g/6g * 18 tuo/hộp, Trà nấu ngọt: 126g/7g * 18 bánh/hộp, Trà nấu",CHUA_CO,,,
grimm,1,1,花型,"Những bông hoa yên tĩnh [thân thiện với làn da * có thể ngủ khỏa thân], Mo Yu Yu",CHUA_CO,,,
grinch,1,1,颜色,"Cổ áo phong bì cotton có ren X301-Pink Fox, Cổ áo bọc bông có ren X305-Cú, Hộp q",CHUA_CO,,,
griss,1,1,花型,"Cỏ tiên, Gấu Padin, Điều ước của trái tim, Vườn nhàn nhã, Chiến đấu điểm sóng, T",CHUA_CO,,,
grizzly,1,1,颜色,"Q121 Grizzly Bear - Đường khâu không xương được nâng cấp, Q123: Avatar động vật ",CHUA_CO,,,
grogu,1,1,颜色,"Q121 Grizzly Bear - Đường khâu không xương được nâng cấp, Q123: Avatar động vật ",CHUA_CO,,,
rongyu,1,1,颜色,"Cuộc phiêu lưu trong rừng 60g áo liền quần cotton mỏng, Câu chuyện rừng 60g áo l",CHUA_CO,,,
rongyu-bean,1,1,花型,"Bột đậu nhẹ bằng lụa [Váy và ga trải giường dày], Silk Talk-Bean Paste [Váy và g",CHUA_CO,,,
rongyu-camel,1,1,花型,"Bột đậu nhẹ bằng lụa [Váy và ga trải giường dày], Silk Talk-Bean Paste [Váy và g",CHUA_CO,,,
rongyu-light,1,1,花型,"Bột đậu nhẹ bằng lụa [Váy và ga trải giường dày], Silk Talk-Bean Paste [Váy và g",CHUA_CO,,,
roof,1,1,颜色,"Hộp quà thiên đường mái hồng [với 4 con búp bê từ tính], Hộp Quà Blue Roof Park ",CHUA_CO,,,
grove,1,1,花型,"Xanh lam trong trẻo + Xám củ sen [mẫu hot], Xanh không gian sâu + Xanh Ti [bán c",CHUA_CO,,,
grumpy,1,1,颜色,"Trắng 【Lingge Bạo lực Bear 】, Trắng [Lingge Grumpy Bear], Trắng 【Thỏ dâu hình th",CHUA_CO,,,
guaiacum,1,1,产品规格,"Mặt nạ chống nhăn, làm săn chắc và đàn hồi Jilinsa 10 miếng/hộp, Mặt nạ chống nh",CHUA_CO,,,
green-leaves,1,1,花型,"Màu Đôn Hoàng-Bình minh bạc (Lanjing Tencel nhập khẩu từ Áo), Xám xanh lam-Xám s",CHUA_CO,,,
green-nen,1,1,花型,"Gypsophila Purple-Dawn Silver [100% Tence-Zongxiang Silky], Xám đá [100% Tencel-",CHUA_CO,,,
green-square,1,1,颜色,"Hình chữ nhật màu hồng cỡ nhỏ có nắp, Hình chữ nhật màu vàng cỡ nhỏ có nắp, Hình",CHUA_CO,,,
green-tender,1,1,花型,(Khuyên dùng cho xương sườn) Gypsophila Purple-Dawn Silver [100% Tencel Silky Na,CHUA_CO,,,
rougui,1,1,产品类别,Vũy Rougui,HANVIET,Nhục Quế,,
rouhui,1,1,花型,"Wu Anxin (thủ công thêu một chữ cotton), Ngôi nhà bí ngô (thủ công thêu một chữ ",CHUA_CO,,,
round,1,1,颜色,"[Môi bóng đào Fantasy] J811 Quả nhân sâm, 【Son Gương Hoa Đào】L01 Đồng Cỏ, [Son m",CHUA_CO,,,
rovc,1,1,产品规格,"Viên nén tinh chất rắn rovc (10 cái/hộp), Viên nén tinh chất rắn VC (10 miếng/hộ",CHUA_CO,,,
roner,1,1,花型,"Benny Dog [Phiên bản mẹ và bé nâng cấp 7A], KT Mèo [Phiên bản mẹ và bé nâng cấp ",CHUA_CO,,,
rongancheng,1,1,产品规格,"[Phiên bản mới] Mặt nạ lột vàng Bei Lingmei 80ml-kèm thìa nhỏ, [Có thìa] Mặt nạ ",CHUA_CO,,,
rongchuan,1,1,生产厂家,"Công ty TNHH Công nghiệp Trà Rongchuan, huyện Songyang",CHUA_CO,,,
rongyao,1,1,产品规格,Kem làm sạch da sâu cho nam Rongyao 160g,CHUA_CO,,,
guard,1,1,产品规格,"Lisu Blue Guard 60 viên*1 hộp, Lisuyike 60 miếng * 1 hộp, Lisu Fubing 60 miếng *",CHUA_CO,,,
grey-trail,1,1,花型,"Kết hợp hai màu-sữa lắc trắng + hồng, Kết hợp hai màu - sữa trắng + trà sữa, Kết",CHUA_CO,,,
grey-ultimate,1,1,颜色,"6634典雅黑-旗舰版, 6634 Elite Grey-Ultimate Edition, 6634 Xanh Rừng - Phiên Bản Flagsh",CHUA_CO,,,
grids,1,1,花型,"Một Monica [không bóng/không co lại], Lưới Tianzi màu xanh lam [không bóng/không",CHUA_CO,,,
grie,1,1,花型,"Mọi điều ước đều thành hiện thực [100% cotton, có độ co rút, hỗ trợ xử lý bằng l",CHUA_CO,,,
griei,1,1,花型,"Kỷ niệm ngọt ngào [Tuyển chọn 100% bông Tân Cương], Đồ nhỏ xinh phong cách Hàn Q",CHUA_CO,,,
grapefruit,1,1,颜色,"洛凡美皙凡士林温变焕采润唇膏（新）2.7g, 泊泉雅男士舒润保湿护唇膏2.7g, Son dưỡng môi bảo vệ Luofan Beauty Vase",CHUA_CO,,,
ruffles,1,1,流行元素,"Khóa kéo1, Ruffles",CHUA_CO,,,
ruhua,1,1,花型,"Sweet Joy [Cấp độ ngủ khỏa thân dành cho bà mẹ và trẻ sơ sinh hạng A], Bazaar [C",CHUA_CO,,,
ruhua-dream,1,1,花型,"Isabella-Dream [có thể ngủ khỏa thân-không có bóng], Erman-Dream [có thể ngủ khỏ",CHUA_CO,,,
ruidi-xanh,1,1,花型,"Ruoyu Chiba, Một trái tim-xám, Thỏ cổ tích-hồng, Eilinger-cà phê, Gấu Ruidi-xanh",CHUA_CO,,,
ruifang,1,1,规格尺寸,"Senna/Grevia/Grevia, Toyota CHR/Yize, Toyota Ralink/Corolla/Sư tử châu Á/Ling Sh",CHUA_CO,,,
ruifeng,1,1,花型,"HY-Xiangyun Ruicai, HY-Fuxi Tongle, HY-Tình yêu từ cái nhìn đầu tiên, HY-bạn khô",CHUA_CO,,,
ruifeng-jin,1,1,花型,"Chúc may mắn và phước lành [lớp bà mẹ và trẻ sơ sinh - ngủ khỏa thân loại A], Ho",CHUA_CO,,,
rosemary,1,1,包装规格,"Trà Nhân Sâm Năm Quý [5g x 30 túi]/túi, Trà Nhân Sâm Liubao [5g x 30 túi]/túi, T",CHUA_CO,,,
rotten,1,1,产品名称,Son kem lì Velvet Lip Glaze 03#Rotten Tomatoes hương kem sữa Novo,CHUA_CO,,,
group,1,1,生产厂家,"Huangshan Maofeng Tea Group Co., Ltd.",CHUA_CO,,,
s-grey,1,1,颜色,"Phong cách S-grey, Phong cách M-màu xám, L ngắn màu xám trong suốt, Kiểu trong s",CHUA_CO,,,
s-level,1,1,尺寸,"Tựa đầu {S-class Shuxiang}, Dựa vào eo {S-level Shuxiang}, Tựa đầu và thắt lưng ",CHUA_CO,,,
ruihe,1,1,生产厂商,Công ty TNHH Công nghệ Ruihe Thâm Quyến,CHUA_CO,,,
ruins,1,1,颜色,"Màu xanh lá, Màu đen, Nâu Sói, ACU kỹ thuật số, Sa mạc kỹ thuật số, Rằn ri bọ cạ",CHUA_CO,,,
ruishe,1,1,颜色,"(Quả dứa jacquard) Bộ đồ một mảnh mùa hè, (Cỏ biển jacquard) Bộ đồ một mảnh mùa ",CHUA_CO,,,
ruishengli,1,1,包装规格,"Hongrui Li 1020g (8 túi, 3 loại hạt), Tianxi Ruixiang 1285g (7 túi 3 hạt lớn), P",CHUA_CO,,,
ruishi-dahongpao,1,1,包装规格,"(Hương vị mật ong đậm đà) Jinjunmei hộp quà 250g, (Boss khuyên dùng) Hương thơm ",CHUA_CO,,,
ruishi-jin,1,1,包装规格,"(Hương vị mật ong đậm đà) Jinjunmei hộp quà 250g, (Boss khuyên dùng) Hương thơm ",CHUA_CO,,,
ruishi-lapsang,1,1,包装规格,"(Hương vị mật ong đậm đà) Jinjunmei hộp quà 250g, (Boss khuyên dùng) Hương thơm ",CHUA_CO,,,
runmutang,1,1,生产厂家,Công ty TNHH Trang trại Trà Phúc Kiến Runmutang,CHUA_CO,,,
runpin,1,1,生产厂家,"Chiết Giang Runpin Tea Industry Co., Ltd.",CHUA_CO,,,
runrouli,1,1,产品规格,"Mặt nạ than hoạt tính hút mụn đầu đen 120g, Bùn rong biển làm sạch sâu và loại b",CHUA_CO,,,
ruo,1,1,花型,"Màu xanh nước suối với màu xanh ô liu [100S bông nhung dài bốn mùa], Bầu trời đầ",CHUA_CO,,,
ruofu,1,1,产品规格,Mặt nạ dưỡng ẩm qua đêm Ruofu Yeast (30ml+2g) x 5 miếng (mặt nạ cong 2 bước màu ,GIU,,,
ruojie,1,1,花型,"Vườn Monet [100% Lyocell Tencel, mát lạnh như lụa, thích hợp ngủ không mặc đồ], ",CHUA_CO,,,
rubikken,1,1,颜色,"Rồng Trung Quốc màu trắng [Hộp màu/3 cửa mở được], Rồng Trung Quốc màu vàng kim ",CHUA_CO,,,
ruoyuan,1,1,包装规格,Hộp quà tặng Ruoyu Lapsang Souchong 250g: Được giảm giá nhiều hơn khi mua nguyên,CHUA_CO,,,
gray-ai,1,1,颜色,"XP6 Gray-AI Dịch 165 Ngôn Ngữ, XP6 Black-AI Dịch 165 ngôn ngữ",CHUA_CO,,,
great,1,1,规格尺寸,"Mô hình Volkswagen/Jetta, BMW/mini mẫu, Toyota/Lexus, Mô hình Volvo, Mẫu xe Merc",CHUA_CO,,,
greech,1,1,包装规格,"喜糖试吃全店随便选, Kẹo cứng hương đào trắng Hongyuan 500g, khoảng 120 miếng, Kẹo sữa Wan",CHUA_CO,,,
greedy,1,1,净重（规格）,"[Ba mươi loại] 120 gói, [Ba mươi loại] 90 gói, [Ba mươi loại] 60 gói, Zhou Chang",CHUA_CO,,,
green-ca,1,1,花型,"Chase/Xanh-Xám, Chase/Dias-Grey, Chasing/Kẻ sọc hồng hoa cà, Đuổi theo/Baroque, ",CHUA_CO,,,
green-cotton,1,1,花型,Jing-Xingtu-Advanced Blue-Cotton Platinum Edition [Nâng cấp vải Jacquard sang tr,CHUA_CO,,,
green-giao,1,1,颜色,"006 Trắng Sữa - Giao Diện USB + Giá Đỡ Ly Co Nhiệt + Móc Treo Bên Hông, Bột Hoàn",CHUA_CO,,,
gouqi,1,1,产品名称,Son môi Gouqi Lip Cream Lip Gloss,CHUA_CO,,,
gra,1,1,花型,"Đôi Meina, Bột KT họa tiết da báo, bánh dâu tây, Trẻ trung và rực rỡ, Vườn Gra, ",CHUA_CO,,,
grab,1,1,颜色,"Xe kéo máy xúc đa năng 168-64 (1 mẫu ngẫu nhiên), cần cẩu nâng 168-70, 168-76 Xe",CHUA_CO,,,
grabber,1,1,颜色,"Xe kéo máy xúc đa năng 168-64 (1 mẫu ngẫu nhiên), cần cẩu nâng 168-70, 168-76 Xe",CHUA_CO,,,
ruyi-cam,1,1,花型,"Ruoyu Chiba, Một trái tim-xám, Thỏ cổ tích-hồng, Eilinger-cà phê, Gấu Ruidi-xanh",CHUA_CO,,,
ruyuan,1,1,包装规格,Hộp quà tặng Ruoyu Lapsang Souchong 250g: Được giảm giá nhiều hơn khi mua nguyên,CHUA_CO,,,
rye,1,1,颜色,"Tùy chỉnh độc quyền OEM/ODM, 01#Đường Rye, 02#icebose cam, 03#Cành trà quế, 04#B",CHUA_CO,,,
ryoei,1,1,花型,"Jensen-Yellow (Thiết kế viền vỏ chải dày bằng cotton loại A), Jensen-Pink (Thiết",CHUA_CO,,,
safinman,1,1,产品规格,"(100 miếng) Mặt nạ ngủ collagen trứng cá muối Kuge, (100 miếng) Mặt nạ ngủ đóng ",CHUA_CO,,,
grade,1,1,包装规格,Son môi Lihua Golden Needle số 1 (Thu hoạch đầu núi cao ở khu vực sản xuất cốt l,GIU,,,
grail,1,1,颜色,"Sữa lắc trắng (tiêu chuẩn gốc), Đen cao cấp (tiêu chuẩn gốc), Phấn hoa anh đào (",CHUA_CO,,,
grammy,1,1,花型,"Mùa xuân nở rộ khắp vườn [100% cotton - có thể mặc ngủ], Aphrodite [100% cotton ",CHUA_CO,,,
grand,1,1,包装规格,"Trọng lượng mẫu khoảng [30g], [Carbon nướng Dahongpao] Đơn giá 40 nhân dân tệ, [",GIU,,,
grant-xanh,1,1,花型,"Ruoyu Chiba, Một trái tim-xám, Thỏ cổ tích-hồng, Eilinger-cà phê, Gấu Ruidi-xanh",CHUA_CO,,,
gongzang,1,1,包装规格,"Trà trắng vỏ quýt cam 2015 Tribute, Trà Trắng Jasmine 2021 Hoa Mẫu Đơn Trắng, Tr",GIU,,,
goode,1,1,颜色,"M01 # cá khô, M02 # Meo meo, M03 # Mèo tốt, M04 # Goode Cat Ning, M05 # mèo sữa,",CHUA_CO,,,
goodies,1,1,包装规格,"喜糖试吃全店随便选, Kẹo cứng hương đào trắng Hongyuan 500g, khoảng 120 miếng, Kẹo sữa Wan",CHUA_CO,,,
sage,1,1,颜色,"Màu đen sang trọng, xám nhạt nâu, xanh ô liu, Màu đen và nâu cà phê thanh lịch, ",CHUA_CO,,,
sailing,1,1,颜色,"Bộ đồ dài tay xếp ly màu trắng [dây đeo], Bộ đồ dài tay xếp ly màu xanh [dây đeo",CHUA_CO,,,
sajyo,1,1,花型,"Livi màu cà phê đậm, Livi màu cà phê nhạt, Phấn ballet Dove, Đa Phù Cát Cánh Tím",CHUA_CO,,,
sake,1,1,产品规格,"Sữa rửa mặt in hoa, Sữa Rửa Mặt Hana Ume Sake 120g, Sữa Rửa Mặt Bọt Mịn Huayin 1",CHUA_CO,,,
sale,1,1,花型,"Xanh lam trong trẻo + Xám củ sen [mẫu hot], Xanh không gian sâu + Xanh Ti [bán c",CHUA_CO,,,
salicylate,1,1,产品规格,Sữa rửa mặt axit amin Salicylate nicotinamide,CHUA_CO,,,
ruoxiang,1,1,生产厂家,Công ty TNHH Trà Ruoxiang Côn Minh,CHUA_CO,,,
goose,1,1,颜色,"Cuộc phiêu lưu trong rừng 60g áo liền quần cotton mỏng, Câu chuyện rừng 60g áo l",CHUA_CO,,,
goose-phong,1,1,颜色,"Gấu Rainbow Xanh - Phong Cách Xuân Thu, Gấu cầu vồng màu vàng phong cách xuân th",CHUA_CO,,,
gordon,1,1,包装规格,"[Cao cấp] Chà là đỏ khô 80g, [Thùng cao] Tơ ngô 15g, [Thùng Cao] Trà Tre Lá Xanh",CHUA_CO,,,
gore,1,1,花型,"Livi màu cà phê đậm, Livi màu cà phê nhạt, Phấn ballet Dove, Đa Phù Cát Cánh Tím",CHUA_CO,,,
gou,1,1,花型,"Hoa tulip tím [Nhung sữa dày dặn, thân thiện với da, giữ ấm], Sô cô la hạt [Lót ",CHUA_CO,,,
goudingzhen,1,1,生产厂商,Công ty TNHH Công nghệ Goudingzhen Thâm Quyến,CHUA_CO,,,
goddess,1,1,产品规格,"Zhiduo Fuyan Whitening and Removal Mask (Tianzi Model)-Gói 25ml, Zhiduo Fuyan Wh",CHUA_CO,,,
godsend-red,1,1,花型,"Xiangyun Ruicai cotton tinh khiết, Rồng phượng đại hạnh phúc vàng 100% cotton, R",CHUA_CO,,,
gohanmi,1,1,颜色,"Hộp đựng quần lót không chia ngăn cỡ nhỏ [Có thể chứa 8-10 chiếc quần lót/tất], ",CHUA_CO,,,
sancong,1,1,产品厂家厂址,"Số 112-2, Anbian, làng Sancong, thị trấn Changqing, huyện Anxi, tỉnh Phúc Kiến",CHUA_CO,,,
sancun,1,1,产品厂家厂址,"Số 112-2, Anbian, Làng Sancun, Thị trấn Trường Khánh, Huyện Anxi, Tỉnh Phúc Kiến",CHUA_CO,,,
sandaen,1,1,比例,"Pin đơn [miễn phí pin điều khiển từ xa + bảo hành], Pin kép [miễn phí pin điều k",CHUA_CO,,,
s-trong,1,1,颜色,"Phong cách S-grey, Phong cách M-màu xám, L ngắn màu xám trong suốt, Kiểu trong s",CHUA_CO,,,
sadoodo,1,1,颜色,"K496【Xe địa hình tốc độ cao vùng núi】165 chi tiết, K497【Xe địa hình cao nguyên】1",CHUA_CO,,,
saerimu,1,1,花型,"Gặp gỡ hoa hồng, Hoa sự Berlin, Thành phố mùa xuân nở rộ, Mộng biển hoa nở rộ, T",CHUA_CO,,,
saffron,1,1,产品规格,"Mặt nạ cam huyết Beauty Image/25ml, Mặt nạ dưỡng ẩm axit hyaluronic cà chua 25g,",CHUA_CO,,,
sao-xanh,1,1,花型,"Chase/Xanh-Xám, Chase/Dias-Grey, Chasing/Kẻ sọc hồng hoa cà, Đuổi theo/Baroque, ",CHUA_CO,,,
sao-xiameng,1,1,花型,"Màu trắng tinh khiết có cạnh rộng tiêu chuẩn năm sao, Tiêu chuẩn năm sao-đơn giả",CHUA_CO,,,
sanghong,1,1,包装规格,"Hỗn hợp nhiều vị 0.5kg khoảng 90 miếng, Trà đen Osmanthus 0.5kg khoảng 90 miếng,",CHUA_CO,,,
sangu,1,1,产品厂家厂址,"Khu nghỉ dưỡng Sangu, thành phố Vũ Di Sơn",CHUA_CO,,,
goldgrass,1,1,颜色,"W1503/4 ngẫu nhiên một hộp hoa, W1603/4 Hộp hoa ngẫu nhiên - phiên bản nâng cấp,",CHUA_CO,,,
gongcun,1,1,产品厂家厂址,"Số 81-2 Maoping, Làng Gongcun, Thành phố Wuyishan, tỉnh Phật Giáo",CHUA_CO,,,
glowing,1,1,产品规格,"Sữa rửa mặt dưỡng ẩm cho nam giới 50g, Sữa rửa mặt thanh lọc hoạt tính Amino Aci",GIU,,,
glucoside,1,1,产品名称,Nghiên cứu về mousse làm sạch axit amin glucoside,GIU,,,
glue-milkshake,1,1,规格,24 miếng mười hai cung hoàng đạo/24 miếng trong hộp/chụp theo bội số của 24 (gửi,CHUA_CO,,,
sanjie,1,1,包装规格,"Trà nhân sâm Shibao [5g/30 túi], Trà Yigan [5g/30 túi], Trà dưa lá dâu tằm [5g/3",CHUA_CO,,,
sanpin,1,1,花型,"Mi Xiaoge YCJ [Có thể ngủ khỏa thân đã được kiểm tra chất lượng], Lime lưới YCJ ",CHUA_CO,,,
sanqihua,1,1,包装规格,"200ml đóng hộp * hoa nhài, 200ml lon * thai cúc, 200ml đóng hộp * hoa hồng, Đóng",CHUA_CO,,,
sanqing,1,1,包装规格,"Trà Wan Ming Jin Gun Guben (Túi Trà 150g đóng hộp), Trà Gu Ben Hard Man dược phẩ",CHUA_CO,,,
salon,1,1,规格,"Miếng dán nén lạnh làm mát thuốc an thần y tế thương hiệu cơ khí loại I, Lựa chọ",GIU,,,
goodness,1,1,包装规格,"喜糖试吃全店随便选, Kẹo cứng hương đào trắng Hongyuan 500g, khoảng 120 miếng, Kẹo sữa Wan",CHUA_CO,,,
google,1,1,颜色分类,"Bản đồ AutoNavi Trung Quốc đại lục, Bản đồ Google đa ngôn ngữ quốc tế",CHUA_CO,,,
sansui,1,1,产品厂家厂名,Công ty TNHH Công nghiệp trà người Wuyishan Sansui,CHUA_CO,,,
santa,1,1,产品规格,"Mặt nạ chanh 25ml/miếng [Chỉ bán hàng xuất khẩu ngoại thương, cấm bán hàng trong",CHUA_CO,,,
santorini,1,1,花型,"Phong cách hoàng gia-Rankin, Phong cách hoàng gia-Vàng tím, Nhẹ nhàng hoa lá - X",CHUA_CO,,,
santorini-langkin,1,1,花型,"Máccio - Kim Đà, Máccidô - Vàng hồng, Thịnh Thế Mẫu Đơn, Thiên cảnh tuyệt đẹp - ",CHUA_CO,,,
glycation,1,1,产品规格,"Mặt nạ tinh chất tươi mát dưỡng ẩm lô hội Gong Pei, Mặt nạ dạng tấm 25ml (Chỉ dà",CHUA_CO,,,
glycine,1,1,成分,"Dầu dừa natri glycinate, octyl/decylglucoside, serine, arginine, glutamate, prol",CHUA_CO,,,
glycol,1,1,主要成分,Propylene glycol methyl ether,CHUA_CO,,,
goat,1,1,产品规格,Mặt nạ trị tàn nhang làm trắng da và chống nhăn 5 miếng [Thức khuya để loại bỏ m,CHUA_CO,,,
gizzard,1,1,包装规格,"Túi hoa cúc Chamomile (1.5g x 30 túi)/túi, Phiên bản tiếng Anh Blue Butterfly Fl",CHUA_CO,,,
gleier,1,1,花型,"Trái tim nhiều màu, Sự khởi đầu, Hoa nở mùa xuân, Tùng Thảo Tập, Gleier, Hoa nở ",CHUA_CO,,,
sanyuan,1,1,颜色,"574Ánh sáng trong đêm tối, 574 trắng xám bạc, 574 trắng xanh nâu, 574 vỏ bột đào",CHUA_CO,,,
sanyuanqing,1,1,花型,"Màu xanh bạc hà [Lanjing Tencel khỏa thân ngủ mượt], Màu xanh chàm [Lanjing Tenc",CHUA_CO,,,
sanzhui,1,1,生产厂家,Công ty TNHH Trà Nhân Dân Sanzhui Wuyishan.,CHUA_CO,,,
sao-fuyu,1,1,花型,"Màu trắng tinh khiết có cạnh rộng tiêu chuẩn năm sao, Tiêu chuẩn năm sao-đơn giả",CHUA_CO,,,
sao-jingchuan,1,1,花型,"Màu trắng tinh khiết có cạnh rộng tiêu chuẩn năm sao, Tiêu chuẩn năm sao-đơn giả",CHUA_CO,,,
sao-orange,1,1,花型,"Chase/Xanh-Xám, Chase/Dias-Grey, Chasing/Kẻ sọc hồng hoa cà, Đuổi theo/Baroque, ",CHUA_CO,,,
schizochytrium,1,1,产品规格,Mặt nạ collagen Schizochytrium dược phẩm NHA GENE [5 miếng/hộp],CHUA_CO,,,
scraper,1,1,尺寸,"【Tay cầm màu xanh】 Cái chao hai màu, [Tay cầm màu xanh] Xẻng hai màu, [Tay cầm m",CHUA_CO,,,
saponin,1,1,产品名称,"Mặt Nạ Làm Dịu, Phục Hồi & Tái Tạo Da KISSMWAH Ginseng Saponin",CHUA_CO,,,
glenna,1,1,产品规格,"Mặt nạ bùn đậu xanh dạng đá 120 g/hộp, Mặt nạ làm sạch bùn khoáng đá chiết xuất ",GIU,,,
gll,1,1,包装规格,"Trà mới Tieguanyin PVC đóng hộp 25 gói, Trà đỏ mới Tieguanyin 25 gói/hộp, Sản ph",CHUA_CO,,,
global,1,1,颜色分类,"[Phiên bản Châu Âu] Kép 1080P+WIFI+GPS+4G, [Phiên bản Hoa Kỳ] Kép 1080P+WIFI+GPS",CHUA_CO,,,
glory,1,1,颜色,"W1503/4 ngẫu nhiên một hộp hoa, W1603/4 Hộp hoa ngẫu nhiên - phiên bản nâng cấp,",CHUA_CO,,,
giraffe,1,1,颜色,"Quần áo hình thỏ Xixi bướm [không có mũ trùm đầu, mũ được bán riêng], Little Bun",CHUA_CO,,,
girl's,1,1,颜色,"[Môi bóng đào Fantasy] J811 Quả nhân sâm, 【Son Gương Hoa Đào】L01 Đồng Cỏ, [Son m",CHUA_CO,,,
sateen,1,1,花型,"Bánh ngọt Ngọt Ngào Gé Gé - Đỏ [Vải satin sợi dài], Bánh ngọt Ngọt Ngào Gé Gé - ",CHUA_CO,,,
sau-gps,1,1,颜色分类,"Mặt trước xe 4K, 4K xe phía trước-GPS, 4K xe phía trước xe phía sau, 4K xe phía ",CHUA_CO,,,
sau-huatutuan,1,1,颜色,"E49-Nắp Sau-Nhóm Gấu Nhỏ, E50-nắp lưng-thỏ hồng và tím, E51-nắp sau-điểm sóng, E",CHUA_CO,,,
sau-supernova,1,1,颜色,"E49-Nắp Sau-Nhóm Gấu Nhỏ, E50-nắp lưng-thỏ hồng và tím, E51-nắp sau-điểm sóng, E",CHUA_CO,,,
saudi,1,1,包装体积,Nga Dubai Nhật Bản Hàn Quốc Síp Nigeria Ghana Nam Phi Suriname Saudi Arabia Keny,CHUA_CO,,,
sawdozai,1,1,包装规格,"Đầu trà thơm cứt vịt 250g, Hai lựa chọn hương thơm phân vịt, Phong lan mật ong, ",CHUA_CO,,,
sansheng,1,1,花型,"Bi Han + Biển Hoa Fangfei [Bộ bốn món nhung sữa có trọng lượng cao], Beihan + Ng",CHUA_CO,,,
girls,1,1,颜色,"[Girls] Vỏ mềm silicon có nhung, [Girls-Black] Vỏ mềm silicon có lông, [Girls-Or",CHUA_CO,,,
girls-black,1,1,颜色,"[Girls] Vỏ mềm silicon có nhung, [Girls-Black] Vỏ mềm silicon có lông, [Girls-Or",CHUA_CO,,,
girls-blue,1,1,颜色,"[Girls] Vỏ mềm silicon có nhung, [Girls-Black] Vỏ mềm silicon có lông, [Girls-Or",CHUA_CO,,,
girls-green,1,1,颜色,"[Girls] Vỏ mềm silicon có nhung, [Girls-Black] Vỏ mềm silicon có lông, [Girls-Or",CHUA_CO,,,
girls-orange,1,1,颜色,"[Girls] Vỏ mềm silicon có nhung, [Girls-Black] Vỏ mềm silicon có lông, [Girls-Or",CHUA_CO,,,
girls-purple,1,1,颜色,"[Girls] Vỏ mềm silicon có nhung, [Girls-Black] Vỏ mềm silicon có lông, [Girls-Or",CHUA_CO,,,
girls-red,1,1,颜色,"[Girls] Vỏ mềm silicon có nhung, [Girls-Black] Vỏ mềm silicon có lông, [Girls-Or",CHUA_CO,,,
germain,1,1,颜色,"Gardenia, hoa nhài, hoa lan Nam Phi1, trà trắng, quả mọng, mimosa, hoa hồng, táo",CHUA_CO,,,
get,1,1,颜色,"Vỏ tai nghe Bluetooth M Cream Cheese, Vỏ tai nghe Bluetooth trong suốt và mượt m",CHUA_CO,,,
ghana,1,1,包装体积,Nga Dubai Nhật Bản Hàn Quốc Síp Nigeria Ghana Nam Phi Suriname Saudi Arabia Keny,CHUA_CO,,,
ghost,1,1,净重（规格）,"[Hai mươi món ăn nhẹ tuổi thơ] 30 gói, [Hai mươi món ăn nhẹ tuổi thơ] 60 gói, [H",CHUA_CO,,,
gian-phong,1,1,花型,"Phong cách ren động vật, Dream Rose Garden-phong cách ren, Flower Shadow Dream W",CHUA_CO,,,
scarlett,1,1,颜色,"01 # Màu trà Mỹ, 02 # quế Mary, 03 # Dấu vết màu nâu có thể được tìm thấy, 04 # ",CHUA_CO,,,
scepter,1,1,产品规格,Mặt nạ chống nhăn làm săn chắc da Afu Black Truffle 10 miếng/hộp [Có thể kiểm tr,CHUA_CO,,,
schenier,1,1,颜色,Đầu bàn chải 3D Flexible Fit + Bàn chải rửa xe tay cầm cong [Cực dày & cực chắc ,CHUA_CO,,,
schisandra,1,1,包装规格,"[Cao cấp] Chà là đỏ khô 80g, [Thùng cao] Tơ ngô 15g, [Thùng Cao] Trà Tre Lá Xanh",CHUA_CO,,,
gian-xanh,1,1,花型,"Matcha xanh sữa vàng, Phô mai xanh nhạt Bandilan, Vàng phô mai xanh nhạt, Ashi c",CHUA_CO,,,
gianrong,1,1,方案,Gianrong,CHUA_CO,,,
giaozuo,1,1,产地,Huyện Giaozuo Wen,CHUA_CO,,,
giilin,1,1,产地,giilin,CHUA_CO,,,
ginkgo-anna,1,1,花型,"Lông vũ nhẹ-màu xanh Bentley, Cà phê trắng sữa nhẹ, Lông vũ nhẹ-Màu xám thanh lị",CHUA_CO,,,
gelia,1,1,花型,"Mùa xuân nở rộ khắp vườn [100% cotton - có thể mặc ngủ], Aphrodite [100% cotton ",CHUA_CO,,,
seattle-coffee,1,1,花型,"K02顽皮狗-蓝（有小号）, 麦吉粉（有小号）, 511魅影-橘（有小号）, 516格调生活-蓝（有小号）, 512魅影-粉（有小号）, K01顽皮狗-桔, K",CHUA_CO,,,
seattle-kem,1,1,花型,"Seattle-xám núi, Seattle-kem bột, Seattle-Sữa lắc trắng, Sofia-Sữa lắc trắng, So",CHUA_CO,,,
second-hand,1,1,花型,"Lạc Khả - Ấm Áp | Vải loại A / Mềm mại thân thiện với da, không xù lông, Lạc Khắ",CHUA_CO,,,
sbl,1,1,颜色,"Viền đỏ màu đen, Màu đen trơn, Mặt cười, Thể thao, Hành trình an toàn, Mắt ma th",CHUA_CO,,,
scallion-milk,1,1,花型,"Senman-Milk White [Bông loại A, an toàn khi ngủ khỏa thân], Duoduo - hồng nhạt [",CHUA_CO,,,
scallop,1,1,产品名称,Skin Love Code: Mặt nạ tinh chất làm dịu Scallop Lectin,CHUA_CO,,,
scarlet,1,1,颜色,"Hộp quà tặng bộ sưu tập Scarlet, Hộp quà bộ sưu tập màu xanh lá cây, Hộp quà bộ ",CHUA_CO,,,
girl-blue,1,1,花型,Màu xám cổ điển + Champagne [Nhung sữa dày/Ấm áp thân thiện với làn da/Thoải mái,CHUA_CO,,,
girl-orange,1,1,颜色,"[Girls] Vỏ mềm silicon có nhung, [Girls-Black] Vỏ mềm silicon có lông, [Girls-Or",CHUA_CO,,,
girl-red,1,1,颜色,"[Girls] Vỏ mềm silicon có nhung, [Girls-Black] Vỏ mềm silicon có lông, [Girls-Or",CHUA_CO,,,
senyao,1,1,颜色,"Cuộc phiêu lưu trong rừng 60g áo liền quần cotton mỏng, Câu chuyện rừng 60g áo l",CHUA_CO,,,
seedecrass,1,1,产品规格,Giáo sư Xiaomei-Mặt nạ bong bóng Centella Seedecrass,CHUA_CO,,,
gelinna,1,1,产品规格,"Mặt nạ Collagen trẻ hóa Gelianna (Trắng), Mặt nạ collagen dưỡng ẩm Gelianna Geli",CHUA_CO,,,
gen-shi-ge-tune,1,1,花型,"Chó con vui vẻ, Chó dachshund sao, Gấu rừng, Gấu nhỏ1, Tây nguyên dễ thương, Gấu",CHUA_CO,,,
gently,1,1,花型,"Allen-White-[100% cotton, bao bì tinh tế], Spring Pie-[100% cotton, bao bì tinh ",CHUA_CO,,,
geral,1,1,花型,"Livi màu cà phê đậm, Livi màu cà phê nhạt, Phấn ballet Dove, Đa Phù Cát Cánh Tím",CHUA_CO,,,
germ,1,1,花型,"[Bốn Mùa] Đảo Mặt Trăng Mi Sheng-Cocoa Brown, [Bốn Mùa] Đảo Mặt Trăng Mi Sheng-X",CHUA_CO,,,
garo-cam,1,1,花型,"Ruoyu Chiba, Một trái tim-xám, Thỏ cổ tích-hồng, Eilinger-cà phê, Gấu Ruidi-xanh",CHUA_CO,,,
seedwort,1,1,规格,Mặt Nạ Ngủ Laiko Rice 3g (Sản Phẩm Xuất Khẩu - Không Bán Trong Nước. Việc mua hà,CHUA_CO,,,
seek,1,1,花型,"Oreo Kitten [Loại A dành cho bà mẹ và trẻ sơ sinh/thân thiện với làn da, mềm mại",CHUA_CO,,,
segrass,1,1,产品规格,"Mặt nạ làm săn chắc và đàn hồi da Bellintha chống nhăn 25ml * 10 miếng, Jiefuqua",CHUA_CO,,,
seine,1,1,花型,"Benika, Mùa hoa rực rỡ, Flar, Hoa Đô - Tím Mạn Mạn, Hoa Đô - Xám nhạt, Lilisa, T",CHUA_CO,,,
sel,1,1,花型,"A Gấu túi [Sợi cao cấp, mật độ cao - định lượng cao], A Ak [Sợi cao cấp, mật độ ",CHUA_CO,,,
selena,1,1,花型,"Phương Thảo Tập [Viền kép], Trà trắng [viền kép], Lan Đình Tự [Hai viền hoa], Ma",CHUA_CO,,,
scraper-opp,1,1,颜色,"094 Scraper-OPP với bao bì đơn, 094 Cấy-Bao bì vỉ đơn, 161-Máy cạo (30*9*2cm), L",CHUA_CO,,,
seabuckthorn,1,1,包装规格,"Trà hoa đỗ trọng vàng nhân sâm, Trà Hoa Nam Dâm, Hoàng Cầm và Thuộc Dục - 15 Hộp",CHUA_CO,,,
setele,1,1,颜色,"Hộp thương mại điện tử trái cây vuông Setele 4 trái cây [lớn], Hộp thương mại đi",CHUA_CO,,,
semporna,1,1,花型,"Semporna (100% Lenzing Tencel, mềm mại như lụa, thoải mái tận hưởng giấc ngủ trầ",CHUA_CO,,,
senason,1,1,花型,"Mùa hoa Altay [100 bông dài in tinh tế], Yili Huadian [100 bông dài in tinh tế],",CHUA_CO,,,
gauze,1,1,花型,"Chuntingxu Pro [Chất liệu cotton thoải mái, thân thiện với làn da và ngủ khỏa th",CHUA_CO,,,
ge-blue,1,1,花型,"Chase/Xanh-Xám, Chase/Dias-Grey, Chasing/Kẻ sọc hồng hoa cà, Đuổi theo/Baroque, ",CHUA_CO,,,
ge-green,1,1,花型,"Chase/Xanh-Xám, Chase/Dias-Grey, Chasing/Kẻ sọc hồng hoa cà, Đuổi theo/Baroque, ",CHUA_CO,,,
gear,1,1,颜色,"9708 thanh kiếm ánh sáng và âm thanh điện [đỏ và xanh lam], 9708 Thanh kiếm ánh ",CHUA_CO,,,
gefrey,1,1,花型,"Lá Bạch Quả - Xanh Dương [Loại A, cấp độ mẹ và bé], Chanh xanh bạc hà [Loại A dà",CHUA_CO,,,
geisha,1,1,颜色,"[Môi bóng đào Fantasy] J811 Quả nhân sâm, 【Son Gương Hoa Đào】L01 Đồng Cỏ, [Son m",CHUA_CO,,,
gelanna,1,1,产品规格,"Mặt nạ Ceramide Beauty Red V 5 cái/hộp, Mặt nạ tai Collagen hoa hồng đỏ chiết xu",CHUA_CO,,,
gaoshantou,1,1,包装规格,"XH8细绿显毫碧螺春2026年新茶——特细绿显毫浓香高回甘耐泡款, W1 Rizhao Yunwu Xiangzhengmei Trà Xanh 2026 Tr",CHUA_CO,,,
gaoshanyouxi,1,1,包装规格,"GGM Longan Xiang Jin Junmei 2026 trà mới - trà đen cây già béo, mềm và thơm, GPP",CHUA_CO,,,
senmatsu,1,1,花型,"Màu hồng phấn nhạt (màu trơn), Nâu nhạt - trà sữa - chải (phối hai màu), Trà sữa",CHUA_CO,,,
sensory,1,1,产品名称,Bộ sơn môi gương mật ong mềm mại hình con bướm Sensory Party Six Pack,CHUA_CO,,,
senticosus,1,1,包装规格,"200ml đóng hộp * hoa nhài, 200ml lon * thai cúc, 200ml đóng hộp * hoa hồng, Đóng",CHUA_CO,,,
sentry,1,1,颜色分类,"[Ống kính kép] Phiên bản kết nối APP độ nét cực cao 3,16 inch 4K không có thẻ, [",CHUA_CO,,,
shadow-phong,1,1,花型,"Hương thơm đậm đà, thân thiện với làn da và phong cách nút bấm mềm mại, Hoa nở -",CHUA_CO,,,
shalika,1,1,产品规格,"Mặt nạ dưỡng ẩm làm dịu da cam Shelika 25ml, Mặt nạ dưỡng ẩm hoa hồng Lika 25ml,",CHUA_CO,,,
seoul,1,1,花型,"Trái tim nhiều màu, Sự khởi đầu, Hoa nở mùa xuân, Tùng Thảo Tập, Gleier, Hoa nở ",GIU,,,
sequoia,1,1,颜色,"Sữa lắc trắng (tiêu chuẩn gốc), Đen cao cấp (tiêu chuẩn gốc), Phấn hoa anh đào (",CHUA_CO,,,
garden-blue,1,1,花型,"Những bông hoa yên tĩnh [thân thiện với làn da * có thể ngủ khỏa thân], Mo Yu Yu",CHUA_CO,,,
garden-lace,1,1,花型,"Phong cách ren động vật, Dream Rose Garden-phong cách ren, Flower Shadow Dream W",CHUA_CO,,,
garden-m,1,1,花型,"Cà phê anh đào cà phê, Gấu nhỏ họa tiết da báo, Thương hiệu thời thượng Xiaoxian",CHUA_CO,,,
garden-phong,1,1,花型,"Phong cách ren động vật, Dream Rose Garden-phong cách ren, Flower Shadow Dream W",CHUA_CO,,,
garden-pink,1,1,花型,"Những bông hoa yên tĩnh [thân thiện với làn da * có thể ngủ khỏa thân], Mo Yu Yu",CHUA_CO,,,
garden-powder,1,1,花型,"Monica [Bông chải kỹ, ngủ khỏa thân], Xiancao 【Bông chải kỹ, ngủ khỏa thân], You",CHUA_CO,,,
games,1,1,颜色,"HT-097桌面足球赛游戏【大礼盒】, 【彩盒】987-122弹珠保龄球, 556-201欢乐锤豆豆【礼盒】, 【彩盒】556-44萌叶叠叠玩, HT-076 ",CHUA_CO,,,
gammaso,1,1,颜色,"Thiết bị Thăng Hoa Zeta + 6 Huy Chương + Thẻ, Thiết bị Thăng Hoa Bóng Tối + Huy ",CHUA_CO,,,
gan-trung,1,1,颜色,"Trắng kem, Trắng thanh lịch, Màu đen đặc bí ẩn, Màu đen bí ẩn, Nhảy múa trắng tr",CHUA_CO,,,
ganfengqing,1,1,包装规格,RRR Phơi nắng Fengqing Dianhong 2026 Trà mới Hương mật ong Nụ lụa vàng thể hiện ,CHUA_CO,,,
serine,1,1,成分,"Dầu dừa natri glycinate, octyl/decylglucoside, serine, arginine, glutamate, prol",CHUA_CO,,,
sessele,1,1,颜色,"Hộp thương mại điện tử trái cây vuông Setele 4 trái cây [lớn], Hộp thương mại đi",CHUA_CO,,,
shanlishan,1,1,生产厂家,Công ty TNHH trà núi Huangshan Shanlishan,CHUA_CO,,,
sexeross,1,1,产品规格,"Màng băng dưỡng ẩm và dưỡng ẩm đông khô dạng viên nén duy nhất (30 ml/miếng), Mặ",CHUA_CO,,,
ganlu,1,1,包装规格,"Trà Tuyết Hoa Nhài Alpine Loại 5A 1# - 250g x 1 Túi, Trà Tuyết Hoa Nhài Alpine L",CHUA_CO,,,
ganyuan,1,1,净重（规格）,"[Hai mươi món ăn nhẹ tuổi thơ] 30 gói, [Hai mươi món ăn nhẹ tuổi thơ] 60 gói, [H",CHUA_CO,,,
ganzhou,1,1,生产厂家,Công ty TNHH chế biến trà Ganzhou Longshantang,CHUA_CO,,,
ganzi,1,1,净重（规格）,"[Hạt khô có mùi 16g] 8 gói, [Hương vị hỗn hợp 16g] 8 gói, [Ganzi có mùi 16g] 12 ",CHUA_CO,,,
gaobeidian,1,1,Old flower,Nhà máy túi Gaobeidian Meiwu,CHUA_CO,,,
gabrielle,1,1,花型,"Nếu mưa, Chiba, Một tâm một ý - Xám, Thỏ Tiên Nữ - Hồng, Ailinger - Cà phê, Gấu ",CHUA_CO,,,
gabrielle-lan,1,1,花型,"Nếu mưa, Chiba, Một tâm một ý - Xám, Thỏ Tiên Nữ - Hồng, Ailinger - Cà phê, Gấu ",CHUA_CO,,,
gac,1,1,颜色,"Một miếng cản trước [vui lòng để lại tin nhắn khi đặt hàng các mẫu khác], Một mả",GIU,,,
gacha,1,1,颜色,"6 mẫu quả cầu pha lê Ước nguyện hoa sao (đóng gói hộp màu riêng), k520 Quả cầu p",CHUA_CO,,,
gaga,1,1,颜色,"Hươu cao cổ lá xanh [Vỏ bọc eo cao bằng vải cotton chải kỹ], Yellow Gaga [Vỏ bọc",CHUA_CO,,,
shacalo,1,1,颜色,"Hoa sen lớn [boxwood + phước lành] màu đỏ, Hoa Sen Lớn [Gỗ Đào + Tài Lộc] Đỏ, Ho",CHUA_CO,,,
shacha,1,1,花型,"Đu đủ xanh-trắng Matcha, Đào hồng-trắng nữ tính, Màu tím thanh lịch-màu vàng ấm ",CHUA_CO,,,
shadow-dream,1,1,花型,"Isabella-Dream [có thể ngủ khỏa thân-không có bóng], Erman-Dream [có thể ngủ khỏ",CHUA_CO,,,
shadow-middle,1,1,花型,"Hoa mùa xuan-xanh [Từ chối cái nóng và mềm mượt, ngủ khỏa thân và thoát mồ hôi],",CHUA_CO,,,
fuzimei,1,1,产品规格,"Sữa rửa mặt axit amin Centella Asiatica Hàn Quốc 60g, Sữa rửa mặt Han Ji Niacina",CHUA_CO,,,
fwood,1,1,颜色,"Shell White [Phiên bản nâng cấp của giá đỡ cốc, móc trước sạc USB, tách khô và ư",CHUA_CO,,,
fuka,1,1,花型,"tổ tình yêu, Gấu Ollie, những ngày lễ đầy màu sắc, Thời trang hợp thời trang, tì",CHUA_CO,,,
fuli-xanh,1,1,颜色,"Ngôn ngữ hoa-Be, Chunxiao-Hồng, Fuli-xanh xám, phong cách lan Nhật Bản, Bộ sưu t",CHUA_CO,,,
gaida,1,1,花型,"A Gấu túi [Sợi cao cấp, mật độ cao - định lượng cao], A Ak [Sợi cao cấp, mật độ ",CHUA_CO,,,
gaiwan,1,1,包装规格,"Năm loại trà hảo hạng 250g + Bộ ấm trà tử sa - ấm Phượng Minh, Năm loại trà hảo ",XEM_TAY,,,
gaiwans,1,1,冲泡方式,"Ly thủy tinh, gaiwans, cold brew",CHUA_CO,,,
galaxy-caramel,1,1,花型,"Galaxy màu xám, Galaxy-Caramel, Galaxy-kaki, Galaxy-Xanh",CHUA_CO,,,
galaxy-kaki,1,1,花型,"Galaxy màu xám, Galaxy-Caramel, Galaxy-kaki, Galaxy-Xanh",CHUA_CO,,,
galaxy-xanh,1,1,花型,"Galaxy màu xám, Galaxy-Caramel, Galaxy-kaki, Galaxy-Xanh",CHUA_CO,,,
fusion,1,1,颜色,"[Yuetong chính hãng] Ace Driver, [Yuetong chính hãng] Tài xế cứu hỏa và cảnh sát",CHUA_CO,,,
future,1,1,产品规格,"Mặt nạ huyết thanh GIK21 thế hệ thứ ba, Skin Future 377 Whitening Mask 5 miếng, ",GIU,,,
fuxiang,1,1,花型,"Zi Ji [thích hợp để ngủ khỏa thân], Thú cưng [thích hợp để ngủ khỏa thân], Sakur",CHUA_CO,,,
shangrao,1,1,产地,"Shangrao, Giang Tây",CHUA_CO,,,
shangshan,1,1,生产厂家,"Bozhou Shangshan Health Industry Development Co., Ltd.",CHUA_CO,,,
shangyuan,1,1,生产厂家,Công ty TNHH thực phẩm Fuyang Shangyuan,CHUA_CO,,,
shanshui-yellow,1,1,颜色,"16833-Những người bạn của Shanshui-Yellow, 16833-Những người bạn của Phong tranh",CHUA_CO,,,
fuller's,1,1,产品规格,"Mặt nạ dưỡng ẩm Niacinamide [5 cái/hộp], Mặt nạ axit Hyaluronic [5 cái/hộp], Mặt",CHUA_CO,,,
fulllerene,1,1,产品名称,Mặt nạ đá dưỡng ẩm đông lạnh fulllerene SEOMOU,CHUA_CO,,,
fun-yellow,1,1,花型,"Cherry Sweet Fun-Yellow [Viền vỏ cotton, thân thiện với da và mềm mại], Lưới sữa",CHUA_CO,,,
funan,1,1,产品厂家厂址,"Số 1, Đường Yanjiang, Làng Funan, Thị trấn Fenghuang, Quận Triều An, Thành phố T",CHUA_CO,,,
funk,1,1,颜色,"1 # Lâu đài cổ gặp gỡ, 2 # Earl Rose, 3 # Rừng sương mù, 4 # Cảnh báo nhịp tim, ",CHUA_CO,,,
fuchun,1,1,生产厂家,Nhà máy chè Fuchun thành phố Hàng Châu,CHUA_CO,,,
fudge,1,1,颜色,"01 # Quả đào ngọt ngào mâm xôi, 02 # Cà chua đường, 03 # Rồng chim lạnh, 04 # Ma",CHUA_CO,,,
fuerga,1,1,产品规格,"Mặt nạ trắng Fulljia 5 miếng 1 hộp có mã chống giả chính hãng, Fulljia Black Mas",CHUA_CO,,,
sharing,1,1,包装规格,"[Số lượng bán hàng sang trọng]-5 túi vị mè, 【Thức ăn khô tốt cho sức khỏe】-10 tú",CHUA_CO,,,
shark,1,1,颜色,"Bao bì mới-Turion Warrior [Đồng hồ biến hình], Bao bì mới-Chiến giáp Yanlong [Đồ",GIU,,,
shea,1,1,规格,Mặt Nạ Ngủ Laiko Rice 3g (Sản Phẩm Xuất Khẩu - Không Bán Trong Nước. Việc mua hà,CHUA_CO,,,
shallow,1,1,花型,"Melbourne-Màu xám bí ẩn [mát mẻ và thoáng khí để ngủ khỏa thân], Melbourne-Dream",CHUA_CO,,,
shamo,1,1,颜色,"Màu đen (đi kèm với phim thấu kính thủy tinh), Màu xanh đậm (đi kèm với phim thấ",CHUA_CO,,,
fuxinghao,1,1,颜色,"706-83 [Tím] Xe tải biến hình, 706-83 [Đỏ] Xe tải biến hình, 706-83 [Xanh] Xe tả",CHUA_CO,,,
fuzhuan,1,1,种类,Trà hoa vàng Fuzhuan,HANVIET,Phục Chuyên,,
shelica,1,1,产品规格,"Zhiduo Blue Copper Peptide Moisturizing Anti-Wrinkle Mask-Miếng 25ml, Mặt Nạ Dưỡ",CHUA_CO,,,
fufu,1,1,花型,"Orchid Bear [100% cotton chải kỹ, thân thiện với làn da và thoải mái], Macira [1",GIU,,,
fujifilm,1,1,花型,"Giao hưởng đen trắng, Nâu sẫm tinh tế, Lâu đài cổ, Họa tiết kẻ caro màu nâu rừng",CHUA_CO,,,
fujijiao,1,1,包装规格,"[1 túi] Chân gà da hổ --- cay, [1 túi]Da hổ và chân gà - om, [Phong cách khách h",CHUA_CO,,,
frone,1,1,颜色,"[Yuetong chính hãng] Ace Driver, [Yuetong chính hãng] Tài xế cứu hỏa và cảnh sát",CHUA_CO,,,
frozen,1,1,系列,Frozen,GIU,,,
shell-black-carton,1,1,颜色,"Puff Shell-White-Carton Boy, Puff Shell-Black-Carton Boy, Puff Shell-Trung Quốc ",CHUA_CO,,,
shell-black-sun,1,1,颜色,"Màu bạc Shell-Black-Sun Moon Planet, Màu bạc vỏ trắng-mặt trời mặt trăng hành ti",CHUA_CO,,,
shell-clear,1,1,颜色,"Space Shell-Màn hình dọc Cảnh biển trong suốt, Space Shell-Clear-Màn hình dọc Cả",CHUA_CO,,,
shell-pink-cat,1,1,颜色,"Nuomi Shell-Pink-Cat Claw Love kt, Vỏ gạo nếp-xanh lá-móng vuốt mèo tình yêu kt,",CHUA_CO,,,
shell-purple-cat,1,1,颜色,"Nuomi Shell-Pink-Cat Claw Love kt, Vỏ gạo nếp-xanh lá-móng vuốt mèo tình yêu kt,",CHUA_CO,,,
shell-rose,1,1,颜色,"Gạo Nếp-Vỏ Tím [Love Bobo], Gạo nếp vỏ vàng nhạt [sóng tình yêu], Nuomi Shell-Ro",CHUA_CO,,,
shell-tea-carton,1,1,颜色,"Puff Shell-White-Carton Boy, Puff Shell-Black-Carton Boy, Puff Shell-Trung Quốc ",CHUA_CO,,,
shell-transparent-hollow,1,1,颜色,"Mèo không gian vỏ trong suốt rỗng we4327, Con chó Space Shell-Transparent-Hollow",CHUA_CO,,,
shell-transparent-wall,1,1,颜色,Quái vật nhỏ phá vỡ không gian Shell-Transparent-Wall,CHUA_CO,,,
shanruhua,1,1,包装规格,"Bốn loại trà tuyệt vời của thế giới1, Hộp quà tặng trà kết hợp, Bốn loại trà tuy",CHUA_CO,,,
shell-trung,1,1,颜色,"Puff Shell-White-Carton Boy, Puff Shell-Black-Carton Boy, Puff Shell-Trung Quốc ",CHUA_CO,,,
shell-white-carton,1,1,颜色,"Puff Shell-White-Carton Boy, Puff Shell-Black-Carton Boy, Puff Shell-Trung Quốc ",CHUA_CO,,,
fruitful,1,1,颜色,"Cuộc phiêu lưu trong rừng 60g áo liền quần cotton mỏng, Câu chuyện rừng 60g áo l",CHUA_CO,,,
ft,1,1,尺寸规格,"1.8m giường (6,0 ft.), 2.0m giường (6,6ft)",CHUA_CO,,,
fu-bentley,1,1,花型,"Phong cách ấn tượng-Bột lá thơm [Vải cotton mềm mại và thân thiện với làn da], S",CHUA_CO,,,
fu-fragrant,1,1,花型,"Phong cách ấn tượng-Bột lá thơm [Vải cotton mềm mại và thân thiện với làn da], S",CHUA_CO,,,
fubing,1,1,产品规格,"Lisu Blue Guard 60 viên*1 hộp, Lisuyike 60 miếng * 1 hộp, Lisu Fubing 60 miếng *",CHUA_CO,,,
fragrance-dung,1,1,颜色,"Tình yêu đầu tiên Gardenia [1 chai], Hoa nhài tươi [1 chai], Quê hương Osmanthus",CHUA_CO,,,
france,1,1,花型,"Southern France Manor-White [Nhung sữa đặc/Nghề chạm khắc ba chiều], Nam nước Ph",CHUA_CO,,,
freckle,1,1,颜色,"100 Bột Xám (Bột Xám Lạnh), [Đã được hàng ngàn người mua lại] Son bóng dạng thỏi",CHUA_CO,,,
free,1,1,花型,"Một Monica [không bóng/không co lại], Lưới Tianzi màu xanh lam [không bóng/không",GIU,,,
sheng-xanh,1,1,花型,"[Bốn Mùa] Đảo Mặt Trăng Mi Sheng-Cocoa Brown, [Bốn Mùa] Đảo Mặt Trăng Mi Sheng-X",CHUA_CO,,,
shengkuo,1,1,Tote Bag,Nhà máy túi Shengkuo ở thành phố mới Baigou,CHUA_CO,,,
shengshi-longfang,1,1,包装规格,"Trà Tốt, Quà Tốt: Bốn Loại Trà Nổi Tiếng, He Li Shuang Dou Bốn loại trà nổi tiến",CHUA_CO,,,
shengshihao,1,1,包装规格,"Quà tặng Shengshihao hộp gỗ 30 lon [Jin Junmei], Quà tặng gia đình có 30 lon quạ",CHUA_CO,,,
sheepskin-red,1,1,颜色,"Mắt bầu trời da cừu màu đỏ rượu vang-dây buộc khóa da nơ đen, Mắt bầu trời da cừ",CHUA_CO,,,
forever,1,1,花型,"豹纹高克重 软糯亲肤 柔软舒适】, 蝶语花恋高克重 软糯亲肤 柔软舒适】, 都市夜曲高克重 软糯亲肤 柔软舒适】, 繁花梦语高克重 软糯亲肤 柔软舒适】, 飞行",CHUA_CO,,,
forget-me-not,1,1,花型,"Tea Master [100% cotton nguyên chất, một giả sẽ bị phạt mười], Giỏ dã ngoại [100",CHUA_CO,,,
flower-green,1,1,花型,"Hoa nhẹ nhàng [100% cotton hai mặt], Avril Lavigne [100% cotton hai mặt], Khủng ",CHUA_CO,,,
flower-phong,1,1,花型,"Phong cách ren động vật, Dream Rose Garden-phong cách ren, Flower Shadow Dream W",CHUA_CO,,,
fluff,1,1,花型,"Oreo Kitten [Loại A dành cho bà mẹ và trẻ sơ sinh/thân thiện với làn da, mềm mại",CHUA_CO,,,
freedouble,1,1,颜色,"Quần áo trẻ em ngẫu nhiên, papamama baby clothes, quần áo trẻ em thắt nơ, quần á",CHUA_CO,,,
freeze-dried,1,1,产品名称,Mặt nạ ngủ dưỡng ẩm và trong suốt SEOMOU Freeze-Dried,THAY,đông khô,,
friends,1,1,花型,"Yêu em gấu [100% cotton/thân thiện với làn da và mềm mại/phù hợp với học sinh], ",CHUA_CO,,,
frisbee-cyclone,1,1,规格,"Đĩa bay cạnh tranh dành cho người lớn-nhiều màu sắc, Cạnh Tranh Dành cho người l",CHUA_CO,,,
frize,1,1,尺寸,"gói đơn, Gói đơn + mặt dây chuyền hình chú chó con Bichon Frize dễ thương, Gói đ",CHUA_CO,,,
foods,1,1,生产厂家,Công ty TNHH Pepsi Foods (Trung Quốc),CHUA_CO,,,
footprint,1,1,颜色,"Quần áo trẻ em ngẫu nhiên, papamama baby clothes, quần áo trẻ em thắt nơ, quần á",CHUA_CO,,,
shi'an,1,1,生产厂家,Công ty TNHH Thực phẩm Jinzhou Shi'an,CHUA_CO,,,
shiburetinol,1,1,产品规格,"Mặt nạ dưỡng ẩm axit hyaluronic [miếng], Mặt nạ bột khô đông lạnh axit hyaluroni",CHUA_CO,,,
shichuchuan,1,1,产品规格,"Miếng dán chống nhăn trán Shihe Collagen (10 miếng/hộp), Miếng dán chống nhăn Ge",CHUA_CO,,,
shifulerene,1,1,产品规格,"Mặt nạ dưỡng ẩm axit hyaluronic (5 miếng/hộp), Mặt nạ làm đẹp da khô đông lạnh a",CHUA_CO,,,
five-grain,1,1,产品名称,Sữa Rửa Mặt Nhẹ Nhàng Herbal Five-Grain Amino Acid Hàn Quốc,CHUA_CO,,,
five-spice,1,1,包装规格,"250g BBQ Five-Spice Hỗn Hợp Ba Hương Vị, 0.5kg Hỗn hợp ba hương vị BBQ năm gia v",CHUA_CO,,,
flush,1,1,包装规格,"Nụ vàng mới hái năm 2026 (450/jin), Trà Mầm Vàng First Flush 2026 (Hương Thơm Nồ",CHUA_CO,,,
foguoyan,1,1,部分原料正岩核心山场,"Niulankeng, Huiyuankeng, Daoshuikeng, Liuxiangjian, Wuyuanjian, Jiulongkeng, Zhu",CHUA_CO,,,
foil,1,1,产品名称,Son môi đổi màu HelloKiss Gold Foil,CHUA_CO,,,
folds,1,1,产品规格,"Shi Tiao Microcrystalline Collagen Nasolabial Folds (5 cặp/hộp), Miếng dán chăm ",CHUA_CO,,,
flavonoid,1,1,成分原料,"Hoa violet, Hoa cúc, Ylan, Collagen, Khoáng sản, Allantoin, Dừa cạn, Bồ đề, Hoa ",CHUA_CO,,,
shiman,1,1,特妆产品名称,Mặt nạ làm trắng da ngọc trai Ou Shiman,GIU,,,
shimmer,1,1,颜色,"1# Trà Sữa Cam (Cam Sai) [Cam Kem], 2# Màu nude đa năng [Thân thiện với da màu v",CHUA_CO,,,
shinhu,1,1,产品规格,"Phim băng Shinhu Fullerene [đóng gói], Mặt nạ làm đẹp da khô đông lạnh axit hyal",CHUA_CO,,,
shiquan,1,1,产品规格,"Mặt nạ dưỡng da rạng rỡ số 1 225G (mặt nạ Keyun*lan số 8 được khắc lại), Mặt nạ ",CHUA_CO,,,
shennei,1,1,产品厂家厂址,"Số 320, Shennei, Làng Daidi, Thị trấn Longjuan, Huyện Anxi, Thành phố Tuyền Châu",CHUA_CO,,,
shenzun,1,1,颜色,"AU66-36 biến dạng Mecha Alliance, Hang Biến Hình Liên Minh Mecha AU66-80, Liên m",CHUA_CO,,,
shepherd,1,1,颜色,"Áo khoác bướm bông tinh khiết-bóng bay hoa hồng, Áo khoác bướm cotton tinh khiết",CHUA_CO,,,
shepherds,1,1,颜色,"A5-1 màu xanh lam mát mẻ, Màu cam A5-1, A5-1 Ben xám bạc, Màu trắng đậm A5-1, A5",CHUA_CO,,,
forest-lan,1,1,花型,"Modern Forest-Lan [thân thiện với làn da và mềm mại, thích hợp để ngủ khỏa thân]",CHUA_CO,,,
flange,1,1,花型,"Lá Bạch Quả - Xanh Dương [Loại A, cấp độ mẹ và bé], Chanh xanh bạc hà [Loại A dà",CHUA_CO,,,
flar,1,1,花型,"Benika, Mùa hoa rực rỡ, Flar, Hoa Đô - Tím Mạn Mạn, Hoa Đô - Xám nhạt, Lilisa, T",CHUA_CO,,,
figuera,1,1,花型,"Lý Tiểu Long, Mùa xuân ở Milan, Màu thu dễ chịu, Xám cuộc sống thanh lịch, Gạo s",CHUA_CO,,,
filins,1,1,花型,"Tea Master [100% cotton nguyên chất, một giả sẽ bị phạt mười], Giỏ dã ngoại [100",CHUA_CO,,,
filo,1,1,花型,"Vườn Anna, Lời tâm sự thủy triều, Ký ức hương thảo, Lô Na Tinh Hà, Lễ hội Mèo, S",CHUA_CO,,,
filos,1,1,花型,"Wu Anxin (thủ công thêu một chữ cotton), Ngôi nhà bí ngô (thủ công thêu một chữ ",CHUA_CO,,,
final,1,1,颜色,[Phiên bản nâng cấp màu trắng ngà] Chất lượng âm thanh ban đầu 丨 Cuộc gọi HD khô,CHUA_CO,,,
shiwei,1,1,产品名称,Mặt nạ làm săn chắc da chống nhăn SIWLDAI Shiwei Landai Bose,CHUA_CO,,,
shoes-pink,1,1,颜色,"Giày Papa màu hồng, Giày Daddy-đen, Giày Daddy-màu xám, Daddy Shoes-Pink [Đóng h",CHUA_CO,,,
shiitake,1,1,包装规格,"250g nấm khô và đậu phụ1, 500g nấm khô và đậu phụ1, Đậu phụ nấm Shiitake, 1000g,",THEO_CUM,,,
shilina,1,1,产品名称,Mặt nạ ngủ chăm sóc ban đêm Shilina,CHUA_CO,,,
flexible,1,1,颜色,Đầu bàn chải 3D Flexible Fit + Bàn chải rửa xe tay cầm cong [Cực dày & cực chắc ,CHUA_CO,,,
flexo,1,1,工艺,In flexo,CHUA_CO,,,
flip,1,1,颜色,"1618-91 Bếp nhỏ dễ thương, 1618-68 Quán bar nhỏ vui nhộn, Máy tính tiền vui nhộn",THEO_CUM,nắp gập,,
floral-beige,1,1,颜色,"[Floral-Beige] Jumpsuit dài tay siêu mềm, [Phút mùa thu-Xanh] Jumpsuit dài tay s",CHUA_CO,,,
flow-dream,1,1,花型,"Isabella-Dream [có thể ngủ khỏa thân-không có bóng], Erman-Dream [có thể ngủ khỏ",CHUA_CO,,,
fiat,1,1,颜色,"Một miếng cản trước [vui lòng để lại tin nhắn khi đặt hàng các mẫu khác], Một mả",CHUA_CO,,,
fifi,1,1,花型,"Lý Tiểu Long, Mùa xuân ở Milan, Màu thu dễ chịu, Xám cuộc sống thanh lịch, Gạo s",CHUA_CO,,,
fengshuike,1,1,部分原料正岩核心山场,"Niulankeng, Huiyuankeng, Daoshuikeng, Liuxiangjian, Wuyuanjian, Jiulongkeng, Zhu",CHUA_CO,,,
fengtu,1,1,产品规格,"Mặt nạ Collagen xốp y tế NHA GENE (5 cái/hộp), Mặt nạ đá dịu da NHA multi-hyalur",CHUA_CO,,,
fengxian,1,1,生产厂家,"Thượng Hải Guanshengyuan Food Co., Ltd. Chi nhánh Fengxian",CHUA_CO,,,
fino,1,1,产品规格,"Màng xanh 25ml/g*10 viên, Miếng dán phục hồi Centella Asiatica B5 25g*10 miếng, ",CHUA_CO,,,
fir,1,1,颜色,"Raspberry Purple [Mang theo nhẹ] + [Dây kéo YKK], Obsidian Yellow [Túi nhẹ] + [D",CHUA_CO,,,
fireworks,1,1,颜色,"Bộ đồ liền thân hình bướm 100% cotton - Gấu thêu màu vàng, Bộ đồ liền thân hình ",CHUA_CO,,,
ferrag,1,1,花型,"Nhà Ngôi Sao & Mặt Trăng [Bộ 100% cotton dùng cho lễ tốt nghiệp], Tiểu Đậu Đinh ",CHUA_CO,,,
ferrero,1,1,生产厂家,Ferrero,CHUA_CO,,,
shouxing,1,1,生产厂家,Nhà máy chế biến trà Wangfu Shouxing ở quận Chun'an,CHUA_CO,,,
showing,1,1,包装规格,"XH8细绿显毫碧螺春2026年新茶——特细绿显毫浓香高回甘耐泡款, W1 Rizhao Yunwu Xiangzhengmei Trà Xanh 2026 Tr",CHUA_CO,,,
shiting,1,1,产品规格,Mặt nạ ánh sáng thức khuya Fu Shiting 80g,GIU,,,
five-vitamin,1,1,产品规格,"[Phiên bản mới] Mặt nạ lột vàng Bei Lingmei 80ml-kèm thìa nhỏ, [Có thìa] Mặt nạ ",CHUA_CO,,,
fivefold,1,1,产品规格,"[Fanzhen] Mặt nạ làm trắng và chống tàn nhang (Mới) 25ml, Mặt nạ chống nhăn 25g,",CHUA_CO,,,
flagship-titan,1,1,颜色,"Mẫu cổ điển-đen, Mẫu cổ điển-màu bạc, Mẫu cổ điển-màu đỏ, Mẫu cổ điển-vàng hồng,",CHUA_CO,,,
fenmei,1,1,调香师,Thụy Sĩ Fenmei,CHUA_CO,,,
fenny,1,1,花型,"Mùa xuân nở rộ khắp vườn [100% cotton - có thể mặc ngủ], Aphrodite [100% cotton ",CHUA_CO,,,
fenyu,1,1,花型,"Thỏ Hoa Nhài [Cotton 100% cho Mẹ và Bé], [100 bông dành cho bà mẹ và trẻ sơ sinh",CHUA_CO,,,
fera,1,1,花型,"Xanh lam hoàng hôn, Màu cà phê hoàng hôn, Allen xanh lam, Mùa xuân Paris, Xanh l",CHUA_CO,,,
fengchao,1,1,颜色,"40 ô lưới, kích thước 22.5*17.5*1.5cm, 42 ô lưới, kích thước 23.1*16.5*1.8cm, 10",CHUA_CO,,,
fenge,1,1,花型,"Những đám mây mềm mại [cộng với mã hóa nhung, lưu trữ nhiệt và giữ ấm], Quả dâu ",CHUA_CO,,,
fengfang-chunfengfang,1,1,颜色,"Nhà trên cây mộc mạc MZ-322 (721 miếng), [Phiên bản chiếu sáng] Nhà trên cây đồn",CHUA_CO,,,
fengfang-cung,1,1,颜色,"Nhà trên cây mộc mạc MZ-322 (721 miếng), [Phiên bản chiếu sáng] Nhà trên cây đồn",CHUA_CO,,,
fengfang-qiufeng,1,1,颜色,"Nhà trên cây mộc mạc MZ-322 (721 miếng), [Phiên bản chiếu sáng] Nhà trên cây đồn",CHUA_CO,,,
shuangpan-pumpkin,1,1,花型,"Dệt kim màu trơn-trắng, Đan màu đặc-xanh đậu, Đan màu đặc-nhân đậu, Đan màu trơn",CHUA_CO,,,
shuangpin-be,1,1,花型,"Shuangpin-trắng xanh đen, Shuangpin-Haze ash, Shuangpin-Disha, Màu trơn-xám cao ",CHUA_CO,,,
shuangpin-benbai,1,1,花型,"Trắng + Xám nhạt, Màu xanh Bentley, Bột kem, Xanh lam đá nhạt xanh lam sao Phạn,",CHUA_CO,,,
shuangpin-bentley,1,1,花型,"Trắng + Xám nhạt, Màu xanh Bentley, Bột kem, Xanh lam đá nhạt xanh lam sao Phạn,",CHUA_CO,,,
shuangpin-bong,1,1,花型,"Shuangpin-trắng xanh đen, Shuangpin-Haze ash, Shuangpin-Disha, Màu trơn-xám cao ",CHUA_CO,,,
shougu,1,1,软底阿甘鞋,"Giày thể thao Đức tăng chiều cao trong, dùng ngoài trời, bốn mùa của Shougu",GIU,,,
fi,1,1,适用型号,"iPhone 17 / 18, iPhone 17 Pro / 18 Pro, iPhone 17 Pro Max / 18 Pro Max, iPhone 1",CHUA_CO,,,
shunyi,1,1,颜色,"Quả hồng táo tàu trái ngực trắng shunyi, Trắng, Trung Quốc ở ngực trái, Màu trắn",CHUA_CO,,,
shuoxo,1,1,颜色,"Tai nghe ngủ thiết kế nắp trượt Shuoxo, Tai nghe ngủ thiết kế trượt cực đen",CHUA_CO,,,
shuangpin-carbon,1,1,花型,"Shuangpin-trắng xanh đen, Shuangpin-Haze ash, Shuangpin-Disha, Màu trơn-xám cao ",CHUA_CO,,,
shuangpin-disha,1,1,花型,"Shuangpin-trắng xanh đen, Shuangpin-Haze ash, Shuangpin-Disha, Màu trơn-xám cao ",CHUA_CO,,,
shuangpin-hailan,1,1,花型,"Shuangpin-trắng xanh đen, Shuangpin-Haze ash, Shuangpin-Disha, Màu trơn-xám cao ",CHUA_CO,,,
shuangpin-haze,1,1,花型,"Shuangpin-trắng xanh đen, Shuangpin-Haze ash, Shuangpin-Disha, Màu trơn-xám cao ",CHUA_CO,,,
shuangpin-xanh,1,1,花型,"Dệt kim màu trơn-trắng, Đan màu đặc-xanh đậu, Đan màu đặc-nhân đậu, Đan màu trơn",CHUA_CO,,,
shuangqiu,1,1,生产厂家,"Wuyishan Shuangqiu Rock Tea Industry Co., Ltd.",CHUA_CO,,,
shuangzai,1,1,净重（规格）,"[Ba mươi loại] 120 gói, [Ba mươi loại] 90 gói, [Ba mươi loại] 60 gói, Zhou Chang",CHUA_CO,,,
shue,1,1,花型,"Màu Đôn Hoàng-Bình minh bạc (Lanjing Tencel nhập khẩu từ Áo), Xám xanh lam-Xám s",CHUA_CO,,,
shuiguanghuanliang,1,1,产品规格,"Dưỡng ẩm 10 miếng/hộp, Dầu ô liu sửa chữa 5 miếng/hộp, Shuiguanghuanliang 8 miến",CHUA_CO,,,
shuijingu,1,1,包装规格,"500 Đầu Trà Đại Hoàng Bào Số 8 [Nguyên liệu trà], 500g Dahongpao số 11 hương vị ",CHUA_CO,,,
fengxin,1,1,花型,"Đào nửa chín [200s Lanjing Tiansi ngủ khỏa thân mượt mà], Bột Bắc Âu màu hồng nh",CHUA_CO,,,
fengyu,1,1,花型,"Cà phê Fengyu [100% cotton jacquard, nhẹ sang trọng và cao cấp], Màu xanh lá cây",CHUA_CO,,,
fengzhou,1,1,产品厂家厂名,"Tuyền Châu Fengzhou Tea Industry Co., Ltd.",CHUA_CO,,,
fengzhu,1,1,颜色,"Nhà trên cây mộc mạc MZ-322 (721 miếng), [Phiên bản chiếu sáng] Nhà trên cây đồn",CHUA_CO,,,
shulin,1,1,颜色,2023ysl Yang Shulin Tote Đen,GIU,,,
shulu,1,1,包装规格,"Trà rễ súng vàng bổ dưỡng Wanming (100g, 20 gói chai vuông nắp vàng), Trà đen ca",CHUA_CO,,,
fengfang-six,1,1,颜色,"Nhà trên cây mộc mạc MZ-322 (721 miếng), [Phiên bản chiếu sáng] Nhà trên cây đồn",CHUA_CO,,,
fengfang-winter,1,1,颜色,"Nhà trên cây mộc mạc MZ-322 (721 miếng), [Phiên bản chiếu sáng] Nhà trên cây đồn",CHUA_CO,,,
fengfang-yu,1,1,颜色,"Nhà trên cây mộc mạc MZ-322 (721 miếng), [Phiên bản chiếu sáng] Nhà trên cây đồn",CHUA_CO,,,
fenghua,1,1,花型,"Hương hoa đầy cành [100% cotton], Anna Garden [100% vải cotton], Kẹo đá Happy Ro",CHUA_CO,,,
fenglanda,1,1,规格尺寸,"Senna/Grevia/Grevia, Toyota CHR/Yize, Toyota Ralink/Corolla/Sư tử châu Á/Ling Sh",CHUA_CO,,,
fengqiu,1,1,生产厂家,"Fengqiu County Wenjun Food Co., Ltd.",CHUA_CO,,,
fengshengshuiqi,1,1,包装规格,"[30 loại trà Hộp quà trà Ping An Joy], [30 loại trà, hộp quà trà Dajidi], [Hộp q",CHUA_CO,,,
feil,1,1,容量,"Bình 300mL, núm vú 6m+, màu vàng Phil, Bình 300mL, núm vú 9m+, màu vàng Phil, Bì",CHUA_CO,,,
feile,1,1,花型,"Monica [Bông chải kỹ, ngủ khỏa thân], Xiancao 【Bông chải kỹ, ngủ khỏa thân], You",CHUA_CO,,,
feiqijia,1,1,特此声明,Cát không gian Feiqijia,CHUA_CO,,,
feishiyi,1,1,产品规格,"Bột Mặt nạ mềm Fesia Rose 500g, Bột mặt nạ mềm Fesia Hyaluronic Acid 500g, Bột m",CHUA_CO,,,
feisoni,1,1,产品名称,Miếng dán phục hồi axit hyaluronic FACLIVE Feisoni astaxanthin,CHUA_CO,,,
shumingrun,1,1,包装规格,"2 túi trà hoa nhài X250g túi ziplock (thương hiệu Shumingrun), 2 túi X250g túi z",CHUA_CO,,,
shunfengshunshui,1,1,包装规格,"Hộp quà tặng Sheng Shihao Li Jin Junmei2, Bốn loại trà nổi tiếng của Shuanglong ",CHUA_CO,,,
shuyan,1,1,产品规格,"Sữa rửa mặt phục hồi nhẹ nhàng 120g, Bọt rửa mặt sửa chữa Te'an 150ml, Dầu tẩy t",CHUA_CO,,,
feizi,1,1,加工工艺,Một nụ và hai hoặc ba lá vào đầu mùa xuân | Héo khô tự nhiên | Kiểm soát nhiệt đ,CHUA_CO,,,
feizixiaoxiaozong,1,1,包装规格,"Lapsang Souchong hương mật hoa (jin/38 nhân dân tệ), Lanyun Lapsang Souchong (ji",CHUA_CO,,,
fendai,1,1,花型,"Cà phê anh đào cà phê, Gấu nhỏ họa tiết da báo, Thương hiệu thời thượng Xiaoxian",CHUA_CO,,,
fendi,1,1,花型,"Wu Anxin (thủ công thêu một chữ cotton), Ngôi nhà bí ngô (thủ công thêu một chữ ",CHUA_CO,,,
fengcai,1,1,花型,"Chúc may mắn và phước lành [lớp bà mẹ và trẻ sơ sinh - ngủ khỏa thân loại A], Ho",CHUA_CO,,,
faw,1,1,规格,"Đĩa bay cao su mềm 【Không gian', Đĩa bay cao su mềm [khủng long], Đĩa bay cao su",CHUA_CO,,,
fearless,1,1,颜色,"99-6 Xe địa hình Pioneer hai chiều [không dùng điện], 599-51 Xe điều khiển từ xa",CHUA_CO,,,
feast,1,1,颜色,"W1503/4 ngẫu nhiên một hộp hoa, W1603/4 Hộp hoa ngẫu nhiên - phiên bản nâng cấp,",CHUA_CO,,,
siamensis,1,1,原料与配料,Lá Cissus Siamensis,CHUA_CO,,,
siamese,1,1,颜色,"Đồ bơi liền thân hình trái tim đào hồng., Lan Tao Trái Tim Gắn Kết, Trái Tim Đỏ ",CHUA_CO,,,
sibolui,1,1,规格尺寸,"Honda Accord, Honda CRV/Haoying, Honda Crown Road/UR-V, Honda Sibolui, Honda Ody",CHUA_CO,,,
sicilian,1,1,花型,"Xám đá [100% Tencel mượt mà như lụa, ngủ trần thoải mái], Tím Mãn Thiên Tinh - B",CHUA_CO,,,
sidian,1,1,比例,"Sạc pin điều khiển từ xa tuốc nơ vít 45 phút, Sạc pin điều khiển từ xa tuốc nơ v",CHUA_CO,,,
shuiyunmeng,1,1,产品名称,Mousse làm sạch axit amin Shuiyunmeng Camellia,GIU,,,
shuk,1,1,颜色,"Áo liền quần gấu cầu vồng, Áo liền quần họa tiết graffiti Van Gogh, Áo liền quần",CHUA_CO,,,
feather-bean,1,1,花型,"Lông vũ nhẹ-màu xanh Bentley, Cà phê trắng sữa nhẹ, Lông vũ nhẹ-Màu xám thanh lị",CHUA_CO,,,
feather-kaki,1,1,花型,"Màu trắng nhạt nâng cao, Cao cấp-Xám đậm, Magic Feather-Xám nhạt, Lông vũ màu xa",CHUA_CO,,,
feather-xanh,1,1,花型,"Màu trắng nhạt nâng cao, Cao cấp-Xám đậm, Magic Feather-Xám nhạt, Lông vũ màu xa",CHUA_CO,,,
fanxiang,1,1,颜色,"388-380A-Nhà vui chơi y tế, Nhà chơi 388-380C-BBQ, 506-119-Nhà chơi tủ, 7979-111",CHUA_CO,,,
fanying,1,1,颜色,"Model nâng cấp [1 chai 260ML]-Hilton, Nâng cấp [1 chai 260ML]-Gardenia, Nâng cấp",CHUA_CO,,,
far,1,1,颜色,"Bạc [Bướm lấp lánh], Hồng [Bướm lấp lánh], Vàng [Bướm lấp lánh], Đen [Bướm lấp l",CHUA_CO,,,
fara,1,1,颜色,"1:22 Xe thể thao Farah màu đỏ điều khiển từ xa (sạc bốn chiều), 1:22 Xe thể thao",CHUA_CO,,,
silent,1,1,容量,"240ml_Ngũ cốc ngọc trai (6-12 tháng) núm vú giả có bi trọng lực, 240ml_Đường hạt",CHUA_CO,,,
silia,1,1,花型,"Ấm áp như mùa hè-[Cotton], Silk-Geyun Space-【Cotton 】, Cam tươi-[Bông], Rèm Mùa ",CHUA_CO,,,
silk-aqua,1,1,花型,"Ice Silk-Fruit Green Cheese [Từ chối ngủ khỏa thân và nóng bỏng mượt mà], Ice Si",CHUA_CO,,,
silk-bihu,1,1,花型,"Ice Silk-Fruit Green Cheese [Từ chối ngủ khỏa thân và nóng bỏng mượt mà], Ice Si",CHUA_CO,,,
silk-cheese,1,1,花型,"Ice Silk-Fruit Green Cheese [Từ chối ngủ khỏa thân và nóng bỏng mượt mà], Ice Si",CHUA_CO,,,
silk-coconut,1,1,花型,"Ice Silk-Fruit Green Cheese [Từ chối ngủ khỏa thân và nóng bỏng mượt mà], Ice Si",CHUA_CO,,,
silk-domi,1,1,花型,"Ấm áp như mùa hè-[Cotton], Silk-Geyun Space-【Cotton 】, Cam tươi-[Bông], Rèm Mùa ",CHUA_CO,,,
shushu,1,1,产品规格,"Màng nước nhỏ tấn 5 miếng không hộp/rời, Màng nước nhỏ tấn 5 miếng có hộp, Mặt n",CHUA_CO,,,
shuya,1,1,颜色,"Ca rô trắng, Caro Xám, Caro đen, Cây Xám, Hoàng Shuya, Gấu bắc cực, Cây tam giác",CHUA_CO,,,
siyifa,1,1,生产厂家,"Zhangzhou Siyifa Food Co., Ltd.",CHUA_CO,,,
siyin,1,1,生产厂家,Nhà máy trà Vân Nam Siyin,CHUA_CO,,,
siyue,1,1,花型,"Huang Xiaoge [Không có bóng-không thu nhỏ-không phai màu], Lưới lớn màu xám đơn ",CHUA_CO,,,
skallmen,1,1,产品名称,Sữa rửa mặt làm sạch da mặt kiểm soát dầu lâu dài SKALLMen,CHUA_CO,,,
skatman,1,1,颜色,"250g bông nặng-đen ad skatman, 250g bông tinh khiết nặng-người trượt ván ad trắn",CHUA_CO,,,
silk-fruit,1,1,花型,"Ice Silk-Fruit Green Cheese [Từ chối ngủ khỏa thân và nóng bỏng mượt mà], Ice Si",CHUA_CO,,,
silk-geyun,1,1,花型,"Ấm áp như mùa hè-[Cotton], Silk-Geyun Space-【Cotton 】, Cam tươi-[Bông], Rèm Mùa ",CHUA_CO,,,
silk-kanoch,1,1,花型,"Ấm áp như mùa hè-[Cotton], Silk-Geyun Space-【Cotton 】, Cam tươi-[Bông], Rèm Mùa ",CHUA_CO,,,
silk-locke,1,1,花型,"Ấm áp như mùa hè-[Cotton], Silk-Geyun Space-【Cotton 】, Cam tươi-[Bông], Rèm Mùa ",CHUA_CO,,,
silk-milkshake,1,1,花型,"Ice Silk-Fruit Green Cheese [Từ chối ngủ khỏa thân và nóng bỏng mượt mà], Ice Si",CHUA_CO,,,
silk-regis,1,1,花型,"Ấm áp như mùa hè-[Cotton], Silk-Geyun Space-【Cotton 】, Cam tươi-[Bông], Rèm Mùa ",CHUA_CO,,,
silk-strawberry,1,1,花型,"Ấm áp như mùa hè-[Cotton], Silk-Geyun Space-【Cotton 】, Cam tươi-[Bông], Rèm Mùa ",CHUA_CO,,,
silk-tangram,1,1,花型,"Ấm áp như mùa hè-[Cotton], Silk-Geyun Space-【Cotton 】, Cam tươi-[Bông], Rèm Mùa ",CHUA_CO,,,
simple,1,1,花型,"Aimer Q [Chống tĩnh điện, không rụng lông], Kim Ngọc Mãn Đường N 【Chống tĩnh điệ",CHUA_CO,,,
sigongfang,1,1,生产厂家,Công ty TNHH Trà Menghai Sigongfang,CHUA_CO,,,
sihai,1,1,包装规格,"26 tháng 3 năm 2015 Bánh trà Pu thô Iceland 357g số 16, Ngày 26 tháng 3 năm 2015",CHUA_CO,,,
sky-rose,1,1,花型,"Clear Sky-Milkshake White [Mềm và như sáp, thân thiện với da, không vón cục, khô",CHUA_CO,,,
sky-sky,1,1,花型,"Moment - Ocean Blue [Rất mềm mại, rất thân thiện với làn da, có thể ngủ khỏa thâ",CHUA_CO,,,
sky-vanxing,1,1,花型,"Clear Sky-Milkshake White [Mềm và như sáp, thân thiện với da, không vón cục, khô",CHUA_CO,,,
sishi,1,1,容量,Bình sữa PPSU Sishi cho trẻ sơ sinh 240ml (kèm núm ti 3-6 tháng) - Giao hàng the,GIU,,,
faro,1,1,颜色,"A5-1 màu xanh lam mát mẻ, Màu cam A5-1, A5-1 Ben xám bạc, Màu trắng đậm A5-1, A5",CHUA_CO,,,
faroe,1,1,颜色,"A5-1 màu xanh lam mát mẻ, Màu cam A5-1, A5-1 Ben xám bạc, Màu trắng đậm A5-1, A5",CHUA_CO,,,
farrow,1,1,颜色,"A5-1 màu xanh lam mát mẻ, Màu cam A5-1, A5-1 Ben xám bạc, Màu trắng đậm A5-1, A5",CHUA_CO,,,
fart,1,1,颜色,"Màu xanh lá cây [Fart cá và ếch có ve], Màu hồng [áo khoác ngắn tay công chúa th",XEM_TAY,,,
fati,1,1,花型,"Bích Thành Xuân Nê, Trang điểm đậm hoặc nhẹ, Hoa Đài Dệt Mộng - Cà phê, Bột Lạc ",CHUA_CO,,,
fange,1,1,花型,"Fange - Sọc Xanh Trắng [100% Cotton - Siêu Mềm Mại, Thoải Mái Khi Ngủ], Sketch -",CHUA_CO,,,
fanghua,1,1,花型,"Little Daisy [Loại A siêu mềm, ngủ khỏa thân], Aisha [Loại A siêu mềm, ngủ khỏa ",CHUA_CO,,,
fanghua-jin,1,1,包装规格,"Hoa nở phú quý (đỏ)-Zhengshan Xiaosang 250g, Lapsang Souchong 50 túi hộp quà 250",CHUA_CO,,,
fanghua-lapsang,1,1,包装规格,"Hoa nở phú quý (đỏ)-Zhengshan Xiaosang 250g, Lapsang Souchong 50 túi hộp quà 250",CHUA_CO,,,
sita-dark,1,1,花型,"Cà phê Huaying-Light [100% Cotton Jacquard], Huagu [100% cotton jacquard], Hương",CHUA_CO,,,
six-in-one,1,1,颜色,"HT-097桌面足球赛游戏【大礼盒】, 【彩盒】987-122弹珠保龄球, 556-201欢乐锤豆豆【礼盒】, 【彩盒】556-44萌叶叠叠玩, HT-076 ",CHUA_CO,,,
sixi,1,1,尺寸大小,"Núm vú lỗ tròn (không có khe cắm thẻ), Núm vú giả lỗ tròn (có khe cắm thẻ), Núm ",GIU,,,
fanglei,1,1,生产厂家,Công ty TNHH phát triển công nghệ hoa hồng Sơn Đông Fanglei,CHUA_CO,,,
fangxin,1,1,花型,"';'; Mocha ';'; Jinlan, ';'; Ou Fan ';'; Lạc Đà Vàng, ';'; Khu vườn xinh đẹp'; '",CHUA_CO,,,
fangyuan,1,1,花型,"Xấu tính, mèo ca rô xanh, gấu trái tim xanh, Hoa thú cưng dễ thương, Thiên đường",CHUA_CO,,,
fanhai,1,1,产品规格,"Mặt nạ nho Meili Fanhai 5 miếng/hộp có mã chống hàng giả chính thức, Mặt nạ máu ",CHUA_CO,,,
fanhua,1,1,花型,"Mùa hoa Altay [100 bông dài in tinh tế], Yili Huadian [100 bông dài in tinh tế],",CHUA_CO,,,
fanmeile,1,1,生产厂家,Công ty TNHH Kẹo Bufandi Fanmeile (Trung Quốc) Chi nhánh Thượng Hải Minhang,CHUA_CO,,,
fanmi,1,1,产品规格,"Mặt nạ nho Meili Fanhai 5 miếng/hộp có mã chống hàng giả chính thức, Mặt nạ máu ",CHUA_CO,,,
faclive,1,1,产品名称,Miếng dán phục hồi axit hyaluronic FACLIVE Feisoni astaxanthin,CHUA_CO,,,
factory,1,1,花型,"Sweet Joy [Nhà máy trực tiếp - Giao hàng trực tiếp từ nhà máy], Bart [Factory Di",GIU,,,
fake,1,1,花型,"Xám đá [100% Tencel giả một mất mười], Gypsophila Purple-Dawn Silver [100% Tence",CHUA_CO,,,
sky-bentley,1,1,花型,"Clear Sky-Milkshake White [Mềm và như sáp, thân thiện với da, không vón cục, khô",CHUA_CO,,,
sky-cream,1,1,花型,"Clear Sky-Milkshake White [Mềm và như sáp, thân thiện với da, không vón cục, khô",CHUA_CO,,,
sky-cute,1,1,花型,"Moment - Ocean Blue [Rất mềm mại, rất thân thiện với làn da, có thể ngủ khỏa thâ",CHUA_CO,,,
sky-milkshake,1,1,花型,"Clear Sky-Milkshake White [Mềm và như sáp, thân thiện với da, không vón cục, khô",CHUA_CO,,,
sky-mountain,1,1,花型,"Clear Sky-Milkshake White [Mềm và như sáp, thân thiện với da, không vón cục, khô",CHUA_CO,,,
sky-pine,1,1,花型,"Moment - Ocean Blue [Rất mềm mại, rất thân thiện với làn da, có thể ngủ khỏa thâ",CHUA_CO,,,
sleeping-kaki,1,1,花型,"Walfger-xanh ô liu, Walfger-xám nhạt, Walfger-màu mơ, Walfger-xanh sương mù, Wal",CHUA_CO,,,
fan-green,1,1,花型,"Hoa cà phê (phổ biến lớn! Không có nhiều hàng trong kho, bạn cần nhanh lên), Hoa",CHUA_CO,,,
fanboer,1,1,产品规格,"Mặt nạ nho Meili Fanhai 5 miếng/hộp có mã chống hàng giả chính thức, Mặt nạ máu ",CHUA_CO,,,
fanda,1,1,产品规格,"Mặt nạ nho Meili Fanhai 5 miếng/hộp có mã chống hàng giả chính thức, Mặt nạ máu ",CHUA_CO,,,
fangcao,1,1,包装规格,"Trà Wan Ming Jin Gun Guben (Túi Trà 150g đóng hộp), Trà Gu Ben Hard Man dược phẩ",CHUA_CO,,,
extraordinary,1,1,适用型号,"Huawei Mate XT, Huawei Mate XTS Extraordinary Master",GIU,,,
eye,1,1,产品规格,"Mặt nạ mắt kem dưỡng da collagen dạng nước [5 cặp/hộp], DASSFN Multi-Collagen Mo",GIU,,,
eyes-black-moon,1,1,颜色,"Ngọn hải đăng Angel Eyes-Black-Moon, Angel Eyes-Ngọn hải đăng mặt trăng trắng cổ",CHUA_CO,,,
slinging,1,1,颜色,Hộp thương mại điện tử - Slinging Barrett lớn (81cm) Màu xám - 10 viên đạn mềm +,CHUA_CO,,,
slot,1,1,尺码,"39 có hàng lớn, 40 nhà máy tóc thẳng, 41Chuỗi cung ứng mạnh mẽ, 42 Quanh năm luô",CHUA_CO,,,
slow,1,1,颜色,"Bộ áo liền quần Slow Cow Folio, Bộ áo liền quần Elephant Folio tốt, Bộ áo liền q",CHUA_CO,,,
slr,1,1,适用产品类型,Túi đựng máy ảnh SLR,GIU,,,
sm-kaki,1,1,花型,"Trà trắng-xanh cỏ, Hoa hồng sương mù, Xanh lục xanh lục, Xanh hoa cúc-xám nhạt, ",CHUA_CO,,,
skimmer,1,1,尺寸,"Thìa chà nhám tay cầm màu đen SS-3041, Thìa chà nhám tay cầm màu đen SS-3042, Th",CHUA_CO,,,
skinny,1,1,产品类别,giày bốt Skinny,CHUA_CO,,,
skoda,1,1,颜色,"Audi, Bảo Quân, Honda, BYD, zen tiêu chuẩn, Buick, Trumpchi, Độc giả lớn, Cánh Đ",CHUA_CO,,,
smash,1,1,颜色,"811-364 Mengqu Duck Kitchen 【Hộp quà Trung Quốc】, 811-368 Bếp nhỏ Mengmeng Duck ",CHUA_CO,,,
smiling,1,1,花型,Giữa Giấc mơ và Chiếc gương [Loại A dành cho bà mẹ và trẻ sơ sinh/siêu mềm và nh,CHUA_CO,,,
eyes-brown-moon,1,1,颜色,"Ngọn hải đăng Angel Eyes-Black-Moon, Angel Eyes-Ngọn hải đăng mặt trăng trắng cổ",CHUA_CO,,,
eyes-burgundy-moon,1,1,颜色,"Ngọn hải đăng Angel Eyes-Black-Moon, Angel Eyes-Ngọn hải đăng mặt trăng trắng cổ",CHUA_CO,,,
eyes-green-moon,1,1,颜色,"Ngọn hải đăng Angel Eyes-Black-Moon, Angel Eyes-Ngọn hải đăng mặt trăng trắng cổ",CHUA_CO,,,
eyes-klein,1,1,颜色,"Ngọn hải đăng Angel Eyes-Black-Moon, Angel Eyes-Ngọn hải đăng mặt trăng trắng cổ",CHUA_CO,,,
eyes-lotus,1,1,颜色,"Ngọn hải đăng Angel Eyes-Black-Moon, Angel Eyes-Ngọn hải đăng mặt trăng trắng cổ",CHUA_CO,,,
fa,1,1,生产厂家,Công ty TNHH thực phẩm Xinneng Fa,CHUA_CO,,,
facebook,1,1,颜色,"Dài tay mặt nạ xanh da bò, Tay dài Facebook màu đen, Tay dài mặt nạ màu trắng, T",CHUA_CO,,,
euphratica,1,1,颜色,"Màu đen quyến rũ [Bao da ngủ thông minh], Màu xanh đậm [Bao da ngủ thông minh]1,",CHUA_CO,,,
euradous,1,1,花型,"Cỏ tiên yên tĩnh, Cỏ tiên, Dongli Platycodon, Hoa nhỏ xinh, Hoa trà giữa mùa hè,",CHUA_CO,,,
evelyn-zuma,1,1,花型,"Cà phê Vàng - Thời đại Bạch kim [Chọn lọc bông sợi dài Tân Cương loại A, cấp độ ",CHUA_CO,,,
event,1,1,花型,"Đám cưới ren nhung sữa phong cách-Romantic Happy Event, Kiểu ren nhung sữa thắt ",CHUA_CO,,,
smoky,1,1,花型,"Bốn Mùa [Thêu Tinh Xảo 100S] Nhẹ Nhàng Như Ánh Sáng - Tím Mộng Mơ, Four Seasons ",CHUA_CO,,,
snacks,1,1,净重（规格）,"[Ba mươi loại] 120 gói, [Ba mươi loại] 90 gói, [Ba mươi loại] 60 gói, Zhou Chang",CHUA_CO,,,
sky-warm,1,1,花型,"Moment - Ocean Blue [Rất mềm mại, rất thân thiện với làn da, có thể ngủ khỏa thâ",CHUA_CO,,,
ether,1,1,主要成分,Propylene glycol methyl ether,CHUA_CO,,,
ethyl,1,1,原料与配料,"Bột mì, đường trắng, trứng tươi, muối ăn, dầu thực vật, bột bò, phụ gia thực phẩ",CHUA_CO,,,
encounter-island,1,1,花型,"Trà sữa nâu nhạt, Gặp gỡ cà phê Maillard, Encounter-Island Blue, Gặp gỡ những ng",CHUA_CO,,,
encounter-vanilla,1,1,花型,"Trà sữa nâu nhạt, Gặp gỡ cà phê Maillard, Encounter-Island Blue, Gặp gỡ những ng",CHUA_CO,,,
energizing,1,1,产品名称,Mặt nạ làm sáng da PROYA Energizing,CHUA_CO,,,
evra,1,1,系列,Son môi Evra,CHUA_CO,,,
exhaust,1,1,产品规格,"Mặt nạ làm săn chắc và đàn hồi da Bellintha chống nhăn (mới) 25mlx10 miếng, Mặt ",CHUA_CO,,,
experience,1,1,产品规格,"Poria Pet Skin Silky Brightening Mask Experience Pack 30g, Mặt nạ dưỡng da mềm m",CHUA_CO,,,
expert,1,1,颜色,"811-364 Mengqu Duck Kitchen 【Hộp quà Trung Quốc】, 811-368 Bếp nhỏ Mengmeng Duck ",CHUA_CO,,,
expo,1,1,产品厂家厂址,"Tea Expo, Anxi County, Tuyền Châu, Phúc Kiến",CHUA_CO,,,
era,1,1,颜色,"[Gió giữa hoa] Mưa cây dành dành, [Gió giữa hoa] Cuộc hẹn với hoa hồng, [Gió giữ",CHUA_CO,,,
erhuan,1,1,产品厂家厂址,"Số 588, đường Erhuan South",CHUA_CO,,,
erinaceus,1,1,包装规格,"25 gói trà ô long đào, 25 gói trà ô long đào trắng, 25 gói trà vỏ quýt Sydney, 2",CHUA_CO,,,
soaring,1,1,包装规格,"Trà Tốt, Quà Tốt: Bốn Loại Trà Nổi Tiếng, He Li Shuang Dou Bốn loại trà nổi tiến",CHUA_CO,,,
sofia,1,1,花型,"Bích Thành Xuân Nê, Trang điểm đậm hoặc nhẹ, Hoa Đài Dệt Mộng - Cà phê, Bột Lạc ",CHUA_CO,,,
sofir,1,1,花型,"Sofier - Cà phê sữa, Sofier - Bột trà, Sofir - Phù Lục",CHUA_CO,,,
solid,1,1,产品名称,Son bóng Novo Glazed Mirror Solid,GIU,,,
enjoy,1,1,适用型号,"mate20, mate20pro, mate30, mate30pro, mate40, mate40pro, mate50, mate50pro, mate",CHUA_CO,,,
enlerene,1,1,产品规格,"Mặt nạ dưỡng ẩm chiết xuất từ da băng Olive Extract [5 cái/hộp], Mặt nạ dưỡng ẩm",CHUA_CO,,,
epson,1,1,花型,"Tình yêu Baroque, Epson, Sáng ngời nhàn nhã, Tina, Haiyu Dream-Blue Grey, Haiyu ",CHUA_CO,,,
elixir,1,1,包装规格,"Trà rễ súng vàng bổ dưỡng Wanming (100g, 20 gói chai vuông nắp vàng), Trà đen ca",CHUA_CO,,,
em-phi,1,1,规格,"Đĩa bay cạnh tranh dành cho người lớn-nhiều màu sắc, Cạnh Tranh Dành cho người l",CHUA_CO,,,
emeishan,1,1,原料产地及类型选择,Lưỡi chim nụ đơn núi cao Emeishan Tứ Xuyên; nó được biết đến như vũ công trong t,CHUA_CO,,,
solona-khaki,1,1,颜色,"Bông mơ, Cool Solona - Xám (Ưu đãi đặc biệt trong thời gian có hạn), Bông màu nâ",CHUA_CO,,,
somei,1,1,产品规格,Sữa rửa mặt làm sạch lưu huỳnh Dr. Somei 100ml,CHUA_CO,,,
songaricum,1,1,包装规格,"[Gói Tăng Cường Sức Bền] Trà Hỗn Hợp Bát Bổ Nhím Nai 10g*10 gói, [Gói nâng cao] ",CHUA_CO,,,
songlinghou,1,1,产品厂家厂址,"Số 7 Songlinghou, Làng Langqian, Thị trấn Dương Trang, Thành phố Vũ Di Sơn",CHUA_CO,,,
snooker,1,1,花型,"Dải màu xám đậm [ngủ khỏa thân bằng cotton chải kỹ], Dark Grey Middle Lưới [Bông",CHUA_CO,,,
snowdrop,1,1,产品规格,"Mặt nạ Astragalus Niacinamide 25ml x 5 tờ, Mặt nạ Astragalus Vaseline 25ml x 5 t",CHUA_CO,,,
erman-dream,1,1,花型,"Isabella-Dream [có thể ngủ khỏa thân-không có bóng], Erman-Dream [có thể ngủ khỏ",CHUA_CO,,,
erya,1,1,生产厂家,Công ty TNHH công nghiệp trà Xinyang Erya,CHUA_CO,,,
essential,1,1,产品规格,"Bột Mặt nạ mềm Fesia Rose 500g, Bột mặt nạ mềm Fesia Hyaluronic Acid 500g, Bột m",CHUA_CO,,,
eden-xanh,1,1,花型,"Hương Vịt - Hồng - (100% cotton dày dặn, chải lông), Hương Thầm - Tím - (100% co",CHUA_CO,,,
edgar,1,1,花型,"Mùa xuân nở rộ khắp vườn [100% cotton - có thể mặc ngủ], Aphrodite [100% cotton ",CHUA_CO,,,
edge-peeping,1,1,颜色,"Đen than chì [Bộ bản lề lò xo da cừu-Bạc-HD], Xám nhạt [Bộ bản lề lò xo da cừu-B",CHUA_CO,,,
emerald,1,1,颜色,"8Y882 Bãi Cui leo núi, 8Y882 mũ xanh trắng, Bộ Đồ Leo Núi + Mũ Emerald Trắng 8Y8",CHUA_CO,,,
empowering,1,1,产品规格,"Mặt nạ cam huyết Beauty Image/25ml, Mặt nạ dưỡng ẩm axit hyaluronic cà chua 25g,",CHUA_CO,,,
enamel,1,1,颜色,"[Xám Men] Kích thước vừa có tay cầm [Giấy A5, đựng trang sức, hai lớp], [Secret ",CHUA_CO,,,
encounter-dogwood,1,1,花型,"Trà sữa nâu nhạt, Gặp gỡ cà phê Maillard, Encounter-Island Blue, Gặp gỡ những ng",CHUA_CO,,,
eighteen,1,1,包装规格,"Hộp trà Hanjie bồ công anh 18 vị Jinfang (túi trà 150g), Hộp trà nút thắt cổ xưa",CHUA_CO,,,
eightfold,1,1,产品规格,"Mặt nạ collagen Stratopora có tác dụng chữa bệnh NHA GENE, Mặt nạ làm săn chắc c",CHUA_CO,,,
sorbitol,1,1,原料与配料,"Thành phần: Bột mì, Đậu Hà Lan, Bột hạt dẻ, Dầu thực vật, Nước, Glucose, Muối, H",CHUA_CO,,,
sorona,1,1,颜色,"Màu mơ [Solona mát mẻ], Xám sắt [Solona mát mẻ], Màu xanh lá cây đậm [Solona mát",GIU,,,
soshuang,1,1,花型,"Màu tinh khiết màu tím tuyết [loại A dày 100% cotton], Ánh sáng rực rỡ của hoàng",CHUA_CO,,,
soul,1,1,颜色,"Raspberry Purple [Mang theo nhẹ] + [Dây kéo YKK], Obsidian Yellow [Túi nhẹ] + [D",CHUA_CO,,,
soft-ballet,1,1,花型,"Mềm mại - Bánh thỏ trái tim 【Vải loại A, thân thiện với da, mềm mại】, Mềm mại - ",CHUA_CO,,,
soft-row,1,1,花型,"Mềm mại - Bánh thỏ trái tim 【Vải loại A, thân thiện với da, mềm mại】, Mềm mại - ",CHUA_CO,,,
solar,1,1,颜色,"Black* Lighthouse [Chỉ dành cho phiên bản tiếng Anh, cung cấp xuyên biên giới], ",CHUA_CO,,,
spreading,1,1,净重（规格）,"[Hai mươi món ăn nhẹ tuổi thơ] 30 gói, [Hai mươi món ăn nhẹ tuổi thơ] 60 gói, [H",CHUA_CO,,,
spring-gold,1,1,花型,"Xiangyun Ruicai cotton tinh khiết, Rồng phượng đại hạnh phúc vàng 100% cotton, R",CHUA_CO,,,
spring-red,1,1,花型,"Xiangyun Ruicai cotton tinh khiết, Rồng phượng đại hạnh phúc vàng 100% cotton, R",CHUA_CO,,,
south,1,1,产品厂家厂址,"Số 588, đường Erhuan South",CHUA_CO,,,
southern,1,1,花型,"Southern France Manor-White [Nhung sữa đặc/Nghề chạm khắc ba chiều], Nam nước Ph",CHUA_CO,,,
soying,1,1,花型,"Suying - Vườn Hoa Màu Sắc [Siêu mềm mại, an toàn cho mẹ và bé ngủ không mặc đồ],",CHUA_CO,,,
spa,1,1,属性,"Mặt nạ dưỡng da chuyên dụng cho spa, mặt nạ cấp ẩm và dưỡng ẩm, mặt nạ dưỡng ẩm ",GIU,,,
spacewalk,1,1,花型,"Mengbubu [nhung dày - ấm áp và thoải mái], Cuộc Đón Gặp Hoa [Thêm Nhung Và Làm D",CHUA_CO,,,
sparrow,1,1,形象,Thuyền trưởng Jack Sparrow,CHUA_CO,,,
sparse,1,1,花型,"Hoa nhẹ nhàng [100% cotton hai mặt], Avril Lavigne [100% cotton hai mặt], Khủng ",CHUA_CO,,,
specs,1,1,颜色,"[Everything Big Orange] Bộ quần yếm (Có thể tháo rời), [Tận hưởng thời gian] Bộ ",CHUA_CO,,,
sophia,1,1,花型,"Huang Xiaoge [Không có bóng-không thu nhỏ-không phai màu], Lưới lớn màu xám đơn ",CHUA_CO,,,
eke,1,1,产品规格,"Astaxanthin, Centella asiatica, rau diếp biển, Đá lạnh đậm đà, Loại ứng dụng Fuy",CHUA_CO,,,
elements,1,1,颜色,"Cuộc phiêu lưu trong rừng, Câu chuyện rừng, Vòng cổ chuối mật ong yêu tinh folio",CHUA_CO,,,
elena,1,1,花型,"Mùa xuân nở rộ khắp vườn [100% cotton - có thể mặc ngủ], Aphrodite [100% cotton ",CHUA_CO,,,
elephant-blue,1,1,花型,"Ông Elephant-Blue, Ông Elephant-Màu xanh vàng sữa, Chó chấm bi màu, Chó ngộ nghĩ",CHUA_CO,,,
easter,1,1,产品规格,"Mặt nạ tinh dầu Bodie Jingrun Zhencui (mới) 25ml, Mặt nạ dưỡng ẩm Bodie Hyaluron",CHUA_CO,,,
ectoin,1,1,产品规格,"Centella asiatica, phim trắng, rau diếp biển, Astaxanthin, Đá lạnh đậm đà, bảo v",CHUA_CO,,,
duojia,1,1,花型,"Allen-White-[100% cotton, bao bì tinh tế], Spring Pie-[100% cotton, bao bì tinh ",CHUA_CO,,,
duoxin,1,1,产品名称,Sữa rửa mặt làm mới hai màu axit amin Duoxin,CHUA_CO,,,
duoxing,1,1,净重（规格）,"[Hai mươi món ăn nhẹ tuổi thơ] 30 gói, [Hai mươi món ăn nhẹ tuổi thơ] 60 gói, [H",CHUA_CO,,,
edition-black,1,1,颜色,[E-sports Professional Edition-White] 5.3 Chip tốc độ cao lõi kép thể thao điện ,CHUA_CO,,,
edition-cool,1,1,颜色,[E-sports Professional Edition-White] 5.3 Chip tốc độ cao lõi kép thể thao điện ,CHUA_CO,,,
edition-pure,1,1,颜色,[E-sports Professional Edition-White] 5.3 Chip tốc độ cao lõi kép thể thao điện ,CHUA_CO,,,
edition-white,1,1,颜色,[E-sports Professional Edition-White] 5.3 Chip tốc độ cao lõi kép thể thao điện ,CHUA_CO,,,
eggplant,1,1,产品名称,Mặt nạ làm sạch và thanh lọc da mặt MAZO Eggplant,CHUA_CO,,,
eh,1,1,颜色,Bảo quản lâu eh hum,CHUA_CO,,,
dynasky,1,1,颜色,"1:22 Xe thể thao Farah màu đỏ điều khiển từ xa (sạc bốn chiều), 1:22 Xe thể thao",CHUA_CO,,,
dynasty,1,1,包装规格,"茉莉花茶花香白芽小泡礼盒装66号, 安溪清香铁观音小泡礼盒装66号, 武夷山花香正山小种小泡礼盒装66号, 福鼎老白茶寿眉小泡礼盒装66号, 武夷山果香英红九号",CHUA_CO,,,
spirit,1,1,颜色,"Full Flower Bunny (Bộ bảo vệ bụng cạp cao), Good Luck Spirit Snake (Bộ bảo vệ bụ",CHUA_CO,,,
sports,1,1,颜色,"[Washed Black] BOXY phiên bản ngắn và rộng, [Đen] BOXY phiên bản ngắn và rộng, [",CHUA_CO,,,
spotted,1,1,产品名称,TOOT DODO Star Spotted Mist Velvet Mist Lip Glaze,CHUA_CO,,,
durian,1,1,花型,"phong cách hiện đại, Gấu Hepburn, giấc mơ gấm, rất nhiều, Hiểu, nước biển sâu, m",CHUA_CO,,,
dusk,1,1,花型,"Pink Bobo [thân thiện với làn da, sáp siêu mềm có thể ngủ khỏa thân], Cheese ngh",CHUA_CO,,,
duson,1,1,花型,"Hanzo y, Duson y, Gỗ đàn hương núi xa, Trà trắng ấm áp",CHUA_CO,,,
duyer,1,1,颜色,"Gardenia, hoa nhài, hoa lan Nam Phi1, trà trắng, quả mọng, mimosa, hoa hồng, táo",CHUA_CO,,,
dwelling,1,1,颜色,"W1503/4 ngẫu nhiên một hộp hoa, W1603/4 Hộp hoa ngẫu nhiên - phiên bản nâng cấp,",CHUA_CO,,,
dynamic,1,1,花型,"Ye Yu đầy màu sắc [Thoải mái và thoáng khí—có thể ngủ khỏa thân], Tulip [thoải m",CHUA_CO,,,
dudile,1,1,颜色,"Sáu cửa hàng trong mơ của K364-369, K478-K483 Cửa Hàng Xem Đường Hai Lớp - Sáu K",CHUA_CO,,,
square-red,1,1,颜色,"Sáu cửa hàng trong mơ của K364-369, K478-K483 Cửa Hàng Xem Đường Hai Lớp - Sáu K",CHUA_CO,,,
squirrel,1,1,颜色,Áo Cổ Trụ Cotton Nguyên Chất [Kháng Khuẩn 5A + Không Gọng] Hình Xe Hơi Khủng Lon,GIU,,,
sri,1,1,原产地,Sri Lanka,GIU,,,
ssangssang,1,1,花型,"Mùa xuân nở rộ khắp vườn [100% cotton - có thể mặc ngủ], Aphrodite [100% cotton ",CHUA_CO,,,
stand,1,1,颜色,"[Cún con dễ thương + giá đỡ từ tính], [Cún con dễ thương] Vỏ mềm từ tính rỗng, [",CHUA_CO,,,
stand-transparent-bdkj,1,1,颜色,"Bàn ăn Bench Stand-Transparent-BDKJ Apple, Bàn ghế đứng-Transparent-BDKJ Bàn ăn ",CHUA_CO,,,
star-blue,1,1,花型,Màu xám cổ điển + Champagne [Nhung sữa dày/Ấm áp thân thiện với làn da/Thoải mái,CHUA_CO,,,
spicy-salad,1,1,包装规格,"Vị thịt bò-góc giòn tuyệt vời 5 kg, Cuộn rau cay 5 kg, Bánh pancake Xiaomi vị th",CHUA_CO,,,
early,1,1,包装规格,"30 # Lửa than thơm Dahongpao, 30 # áo choàng đỏ thơm, 40 # Dahongpao nguyên bản,",CHUA_CO,,,
dual,1,1,产品规格,"KISSMWAH Ice American Double Anti-Repairing Night Mask-Pish 25ml, KISSMWAH Ice A",CHUA_CO,,,
dual-channel,1,1,颜色分类,"Camera hành trình D8 kênh đôi (Mặt trước & Nội thất), D8 Camera Trước & Sau Hai ",CHUA_CO,,,
drain,1,1,尺寸大小,"[Vòi phun] Tích hợp [cỡ nòng 50], [Đầu hút] Đầu hút tích hợp + bi trọng lực [cỡ ",CHUA_CO,,,
dream-blue,1,1,花型,"Tình yêu Baroque, Epson, Sáng ngời nhàn nhã, Tina, Haiyu Dream-Blue Grey, Haiyu ",CHUA_CO,,,
dream-champagne,1,1,花型,"Tình yêu Baroque, Epson, Sáng ngời nhàn nhã, Tina, Haiyu Dream-Blue Grey, Haiyu ",CHUA_CO,,,
dumei,1,1,产品规格,"Sữa rửa mặt làm sạch lưu huỳnh Dr. Dumei, Sữa rửa mặt thanh lọc lưu huỳnh Dr. Do",GIU,,,
dundun-xanh,1,1,花型,"Ruoyu Chiba, Một trái tim-xám, Thỏ cổ tích-hồng, Eilinger-cà phê, Gấu Ruidi-xanh",CHUA_CO,,,
dune,1,1,颜色,"giấy trắng cổ điển, màu đen cổ điển, màu xanh hải quân cổ điển, Trà hồng cổ điển",CHUA_CO,,,
dress,1,1,颜色,"Bộ tài khoản vui nhộn (ngẫu nhiên) CY-97, Chú Gấu Dễ Thương Thợ Thủ Công Nhỏ 811",GIU,,,
drigom,1,1,面料名称,Còn Drigom thì sao?,CHUA_CO,,,
driving,1,1,颜色,"Phiên bản in màu đen, Không in ấn, Thảm lót cốp xe một lớp Didi Driving",CHUA_CO,,,
starway,1,1,花型,"Wu Anxin (thủ công thêu một chữ cotton), Ngôi nhà bí ngô (thủ công thêu một chữ ",CHUA_CO,,,
stationery,1,1,颜色,"K496【Xe địa hình tốc độ cao vùng núi】165 chi tiết, K497【Xe địa hình cao nguyên】1",CHUA_CO,,,
stella,1,1,花型,"Xanh Bentley, Xám cao cấp, Xanh biển + Xám núi, Xám xanh + trà sữa, Trà sữa + Xá",CHUA_CO,,,
spun,1,1,颜色,[Gói đơn] Màu xám thanh lịch - Vải Oxford được ưa chuộng [Cửa sổ đơn - Cửa đôi] ,CHUA_CO,,,
square-lily,1,1,颜色,"Sáu cửa hàng trong mơ của K364-369, K478-K483 Cửa Hàng Xem Đường Hai Lớp - Sáu K",CHUA_CO,,,
stripes,1,1,图案,* **Bow tie:** Nơ đeo cổ * **Diamond:** Kim cương * **Stripes:** Sọc,CHUA_CO,,,
stevia,1,1,包装规格,"200ml đóng hộp * hoa nhài, 200ml lon * thai cúc, 200ml đóng hộp * hoa hồng, Đóng",CHUA_CO,,,
stick,1,1,净重（规格）,"[Ba mươi loại] 120 gói, [Ba mươi loại] 90 gói, [Ba mươi loại] 60 gói, Zhou Chang",GIU,,,
stickers,1,1,颜色,"[Màng phản quang cho thú cưng rỗng] Chống thấm nước, chống nắng và siêu bền, [Na",CHUA_CO,,,
dream-light,1,1,花型,"Hương thơm đậm đà và cà phê có bóng nhẹ [Vải jacquard cotton loại A], Senman-Mil",CHUA_CO,,,
dream-xanh,1,1,花型,"Bướm tình yêu hoa xanh trắng, Bướm tình yêu hoa nổi màu xanh, Bướm tình yêu Hoa-",CHUA_CO,,,
dreamman,1,1,花型,"Sweet Joy [Cấp độ ngủ khỏa thân dành cho bà mẹ và trẻ sơ sinh hạng A], Bazaar [C",CHUA_CO,,,
dreams,1,1,产品名称,Sweet Dreams Light Mist Son Mud,CHUA_CO,,,
dreamyunduo,1,1,颜色,"Quần áo trẻ em ngẫu nhiên, papamama baby clothes, quần áo trẻ em thắt nơ, quần á",CHUA_CO,,,
doremi,1,1,花型,"Màu tím đầu hè [Vải loại A], Fengxuelanxin [Vải loại A], Lucky Horse Run [Vải lo",CHUA_CO,,,
doremon,1,1,流行元素,"động vật, phim hoạt hình, hoa, Người nổi tiếng trên Internet, doremon",CHUA_CO,,,
store,1,1,花型,"Yêu em gấu [100% cotton/thân thiện với làn da và mềm mại/phù hợp với học sinh], ",GIU,,,
stratopora,1,1,产品规格,"Mặt nạ collagen Stratopora có tác dụng chữa bệnh NHA GENE, Mặt nạ làm săn chắc c",CHUA_CO,,,
stratoporus,1,1,产品规格,"Sữa Rửa Mặt Mật Ong Làm Sạch Sâu, Dưỡng Ẩm, Giảm Mụn, Chiết Xuất Trà Đen Tuyết v",CHUA_CO,,,
starburst,1,1,花型,Giữa Giấc mơ và Chiếc gương [Loại A dành cho bà mẹ và trẻ sơ sinh/siêu mềm và nh,CHUA_CO,,,
dslr,1,1,适用对象,"MP3, Điện thoại di động, MP4, Máy ảnh, Máy ảnh DSLR, Giám sát, Máy chơi game PSP",CHUA_CO,,,
success,1,1,包装规格,"Bộ Quà Tặng 65 Mẫu Trà ""Rising Success"" - Hộp Quà Gỗ Giỏ Tre, Gói nếm 13 bong bó",CHUA_CO,,,
suit,1,1,颜色,"Bộ Lycra Liền Mạch - Cỏ Bốn Lá Kitty, Bộ đồ chơi nhồi bông hoa không xương Lycra",CHUA_CO,,,
straw,1,1,容量,"Shell Slide Cup 330ml(25.2.1 bắt đầu phát hành thế hệ thứ hai), Cốc nắp trượt vỏ",CHUA_CO,,,
streamer-jade,1,1,花型,"Jensen-Yellow (Thiết kế viền vỏ chải dày bằng cotton loại A), Jensen-Pink (Thiết",CHUA_CO,,,
streamer-ji,1,1,花型,"Camellia Man-kem cám lúa mì nâu, Hoa trà kéo dài buổi sáng sương mù, Camellia Ma",CHUA_CO,,,
doumei,1,1,产品规格,"Sữa rửa mặt làm sạch lưu huỳnh Dr. Dumei, Sữa rửa mặt thanh lọc lưu huỳnh Dr. Do",CHUA_CO,,,
douying,1,1,颜色,"388-380A-Nhà vui chơi y tế, Nhà chơi 388-380C-BBQ, 506-119-Nhà chơi tủ, 7979-111",CHUA_CO,,,
domo,1,1,颜色,"[Màu hồng] Xe điện thoại nghe nhạc giáo dục sớm cỡ lớn 6820, [Màu xanh] Xe điện ",CHUA_CO,,,
dongchang,1,1,产品厂家厂址,"Cạnh cầu góc dưới, làng Dongchang, thị trấn Fenghuang, quận Chao'an, thành phố T",CHUA_CO,,,
dongding,1,1,颜色,"246 # Trà đen Dongding, 247 # Ô long mơ, 248 # mã não ngủ",CHUA_CO,,,
dongdongle,1,1,1,Hộp mù Dongdongle,CHUA_CO,,,
strike,1,1,颜色,"DXCK43 - Quần ngắn tay - Cute Dog Channel, DXCK42-Quần ngắn tay-Skateboard Deer,",CHUA_CO,,,
string,1,1,颜色,"Sáu cửa hàng trong mơ của K364-369, K478-K483 Cửa Hàng Xem Đường Hai Lớp - Sáu K",CHUA_CO,,,
strip-green,1,1,花型,"Thẻ ánh sáng bí mật [Loại A dành cho bà mẹ và trẻ sơ sinh], Dải dày đặc màu xám ",CHUA_CO,,,
strip-orange,1,1,花型,"Thẻ ánh sáng bí mật [Loại A dành cho bà mẹ và trẻ sơ sinh], Dải dày đặc màu xám ",CHUA_CO,,,
stripe,1,1,花型,"Flower Bear-Mx [Bông dày được mã hóa, thân thiện với làn da khi ngủ khỏa thân], ",CHUA_CO,,,
sunlight,1,1,花型,"Oreo Kitten [Loại A dành cho bà mẹ và trẻ sơ sinh/thân thiện với làn da, mềm mại",CHUA_CO,,,
sunrise,1,1,颜色,"1 # Nguyên chất, mát mẻ và trắng (lớp học trang điểm giả), 2#Nước soda đào hồng ",CHUA_CO,,,
sunscreen,1,1,产品规格,Mặt nạ chăm sóc đặc biệt Winona Soothing Moisturizing 6 miếng (một miếng không h,CHUA_CO,,,
strips,1,1,花型,"Gentleman Puppy [Loại A dành cho bà mẹ và trẻ sơ sinh, mềm mại, thoải mái và tho",THEO_CUM,,,
stuffing,1,1,包装规格,"Gói chia thịt bò Sam's [40 miếng] 20 gói, Gói chia thịt bò Sam's [20 miếng] 10 g",CHUA_CO,,,
dongfeng,1,1,颜色,"Kẹp kính kẹp đôi [mẫu không tiêu chuẩn], Kẹp kính kẹp đôi 【công chú】, Kẹp kính k",GIU,,,
dongjia,1,1,包装规格,"Số 8 (Nguyên liệu thu hoạch tại Cổ Tỉnh Đầu)/250g, Số 8 (Nguyên liệu thu hoạch t",CHUA_CO,,,
dongli,1,1,花型,"Cỏ tiên yên tĩnh, Cỏ tiên, Dongli Platycodon, Hoa nhỏ xinh, Hoa trà giữa mùa hè,",CHUA_CO,,,
dodge,1,1,颜色,"Trắng - không có túi, Trắng - có túi, Cổ áo lớn màu trắng - không có túi, Xanh d",CHUA_CO,,,
dodi,1,1,颜色,"[Màu hồng] Xe điện thoại nghe nhạc giáo dục sớm cỡ lớn 6820, [Màu xanh] Xe điện ",CHUA_CO,,,
dog-pink,1,1,颜色,"Biển báo đậu xe gấp màu đen cho chó bay, Biển báo đậu xe gấp màu hồng cho chó ba",CHUA_CO,,,
doggy,1,1,花型,"Mèo Cherry 【Chất lượng mẹ và bé - Không xù lông, không phai màu】, Cherry Doggy [",CHUA_CO,,,
style-bentley,1,1,花型,"Giấy dán tường Style-Bentley Blue [Khắc trọng lượng cao, Ngủ khỏa thân thân thiệ",CHUA_CO,,,
stylish,1,1,花型,Phô mai và phô mai [loại A bà mẹ và trẻ sơ sinh/thân thiện với làn da và mềm mại,CHUA_CO,,,
suan,1,1,包装规格,"[Cao cấp] Chà là đỏ khô 80g, [Thùng cao] Tơ ngô 15g, [Thùng Cao] Trà Tre Lá Xanh",CHUA_CO,,,
sublimator,1,1,颜色,"Thiết bị Thăng Hoa Zeta + 6 Huy Chương + Thẻ, Thiết bị Thăng Hoa Bóng Tối + Huy ",CHUA_CO,,,
suyun,1,1,花型,"碧从锦簇【加厚保暖 防静电不掉毛】, 春时在宴【加厚保暖 防静电不掉毛】, 落日浪漫【加厚保暖 防静电不掉毛】, 森蔓绿【加厚保暖 防静电不掉毛】, 树与蝉鸣【",CHUA_CO,,,
suzaku,1,1,颜色,"Màu xanh lá, Màu xám đậm, Màu xám xanh lam, Màu vàng xanh lam, Xám cao cấp, Màu ",CHUA_CO,,,
sun-dried,1,1,包装规格,"Số 8 (Nguyên liệu thu hoạch tại Cổ Tỉnh Đầu)/250g, Số 8 (Nguyên liệu thu hoạch t",CHUA_CO,,,
sun-lan,1,1,花型,"Yêu em gấu [100% cotton/thân thiện với làn da và mềm mại/phù hợp với học sinh], ",CHUA_CO,,,
sun-pink,1,1,花型,"Yêu em gấu [100% cotton/thân thiện với làn da và mềm mại/phù hợp với học sinh], ",CHUA_CO,,,
doll,1,1,颜色,"1618-91 Bếp nhỏ dễ thương, 1618-68 Quán bar nhỏ vui nhộn, Máy tính tiền vui nhộn",CHUA_CO,,,
dolly,1,1,形象,Dolly,CHUA_CO,,,
dom-phong,1,1,颜色,"Màu đen-xu hướng, Ngũ cốc trắng-xu hướng, Xu hướng bạc sang trọng, Màu đỏ rượu v",CHUA_CO,,,
domi,1,1,容量,Bình giữ nhiệt hình thỏ trượt tuyết Pink Winter [Ruột thép không gỉ 316/Vòi hút ,CHUA_CO,,,
disney,1,1,流行元素,"động vật, khác1, kim cương giả, hoa tulip, phim hoạt hình, Disney, kẹo mút, Dây ",GIU,,,
display,1,1,颜色,"Sáu cửa hàng trong mơ của K364-369, K478-K483 Cửa Hàng Xem Đường Hai Lớp - Sáu K",CHUA_CO,,,
distressed,1,1,颜色,"210g - Đen đã giặt, Đã giặt và nhuộm đen, Đã giặt và màu trắng nhạt, Vàng chanh ",THEO_CUM,làm cũ,,
district,1,1,生产厂家,"Lu'an Yu'an District Yuyi Tea Co., Ltd.",CHUA_CO,,,
disu,1,1,包装规格,"Fortune Ying Jin Jun Mei 18 lon nhỏ mỗi hộp 250g, Fortune Orange Jin Junmei 18 l",CHUA_CO,,,
sunfat,1,1,成分,Natri laureth sunfat,CHUA_CO,,,
suning,1,1,工厂,Nhà máy may dệt kim Suning Huangque,CHUA_CO,,,
divogreen,1,1,颜色,"A5-1 màu xanh lam mát mẻ, Màu cam A5-1, A5-1 Ben xám bạc, Màu trắng đậm A5-1, A5",CHUA_CO,,,
diwei,1,1,花型,"""Extra Thick"" Snow Orchid Heart - [Chống vón cục - Bền màu], Happy Valley ""Extra",CHUA_CO,,,
diwulan,1,1,花型,"Lily-Pink Jade (Lông thỏ loại A trộn nhung sữa), Velvet Dream Butterfly-Milk Whi",CHUA_CO,,,
diwuwu,1,1,花型,"Lily-Pink Jade (Lông thỏ loại A trộn nhung sữa), Velvet Dream Butterfly-Milk Whi",CHUA_CO,,,
diwuwu-khaki,1,1,花型,"Lily-Pink Jade (Lông thỏ loại A trộn nhung sữa), Velvet Dream Butterfly-Milk Whi",CHUA_CO,,,
diwuwu-pink,1,1,花型,"Lily-Pink Jade (Lông thỏ loại A trộn nhung sữa), Velvet Dream Butterfly-Milk Whi",CHUA_CO,,,
doanh-biluochun,1,1,包装规格,"Hộp quà tặng 12 lon nhỏ Biluochun, Sản phẩm tự nhiên (Lan)-Biluochun 400g, Hộp q",CHUA_CO,,,
dingsheng,1,1,包装规格,"Bánh hoa đào đậu đỏ hồng 40g, Bánh chữ hạnh phúc 40g, Purple Love You Hương Cam ",CHUA_CO,,,
dingyao,1,1,包装规格,"Sáu lớp tốt lành (Sáu loại trà chính + Bộ trà biến đổi lò nung), Sáu tầng ngàn d",CHUA_CO,,,
dingye,1,1,生产厂家,Công ty TNHH Trà Fuding Dingye,CHUA_CO,,,
dingyuan,1,1,生产厂家,"Dingyuan County Xinnutang Food Co., Ltd.",CHUA_CO,,,
dingzhuang,1,1,产品名称,Kem dưỡng môi sương mù nhung Dingzhuang,CHUA_CO,,,
support,1,1,产品名称,Mặt Nạ Dưỡng Ẩm và Kiểm Soát Dầu Quadi Kinetic Support Youth,GIU,,,
suriname,1,1,包装体积,Nga Dubai Nhật Bản Hàn Quốc Síp Nigeria Ghana Nam Phi Suriname Saudi Arabia Keny,CHUA_CO,,,
susixuecao,1,1,产品名称,Mặt nạ dưỡng ẩm làm dịu da LESULESO Risuli Susixuecao,CHUA_CO,,,
suyan,1,1,产品规格,"Mặt nạ làm trắng da và chống tàn nhang Zhengcai (trắng 377) 28ml*5, Mặt nạ dưỡng",CHUA_CO,,,
taibao,1,1,包装规格,"Trà rễ súng vàng bổ dưỡng Wanming (100g, 20 gói chai vuông nắp vàng), Trà đen ca",CHUA_CO,,,
taihe,1,1,生产厂家,Công ty TNHH Trà Zhenyuan Taihe,CHUA_CO,,,
taijia,1,1,供货商,Nông nghiệp Phúc Kiến Taijia,CHUA_CO,,,
swan-bentley,1,1,花型,"Lông vũ nhẹ-màu xanh Bentley, Cà phê trắng sữa nhẹ, Lông vũ nhẹ-Màu xám thanh lị",CHUA_CO,,,
swan-light,1,1,花型,"Lông vũ nhẹ-màu xanh Bentley, Cà phê trắng sữa nhẹ, Lông vũ nhẹ-Màu xám thanh lị",CHUA_CO,,,
swan-milkshake,1,1,花型,"Lông vũ nhẹ-màu xanh Bentley, Cà phê trắng sữa nhẹ, Lông vũ nhẹ-Màu xám thanh lị",CHUA_CO,,,
swan-pure,1,1,颜色,"Bộ đồ cotton Alice ở xứ sở thần tiên, Bộ đồ ren nấm-cotton nguyên chất, Bộ đồ re",CHUA_CO,,,
swarovski,1,1,花型,"Người Sao [Loại A, cấp độ mẹ và bé, an toàn khi ngủ không mặc đồ], Gấu Chữ Cái [",CHUA_CO,,,
sweetberry,1,1,颜色,"01 # Đào Ô Long, 02 # trà hoa hồng, 03 # Cam sữa Nhật Bản, 04 # hạt dẻ đỏ hạt dẻ",CHUA_CO,,,
sweetheart-lilac,1,1,花型,"Cà phê bóng hoa, Thung lũng sơn, Hương thơm đậm đà và bóng cà phê loãng, Chu-Lem",CHUA_CO,,,
sweetheartism,1,1,花型,"Morphy [100% cotton, thân thiện với làn da và mềm mại, thích hợp để ngủ khỏa thâ",CHUA_CO,,,
swift,1,1,颜色,"{Xe kéo lùi khủng long} Jialong, {Xe kéo lùi khủng long} Rồng cánh, {Xe kéo lùi ",CHUA_CO,,,
sunway,1,1,颜色,Thùng rác lật Sunway màu đen,CHUA_CO,,,
suoxi,1,1,Crossbody,Nhà máy túi Baigou Xincheng Suoxi,CHUA_CO,,,
superfiber,1,1,颜色,"Màu cà phê, Cà phê nhờn, Nâu vàng dập nổi, Da dầu dập nổi, Màu đen dập nổi (supe",CHUA_CO,,,
supply,1,1,主要下游平台,"ebay, Amazon, wish, AliExpress, Trạm độc lập, LAZADA, Siêu thị Tmall Taobao Micr",CHUA_CO,,,
talk-bean,1,1,花型,"Bột đậu nhẹ bằng lụa [Váy và ga trải giường dày], Silk Talk-Bean Paste [Váy và g",CHUA_CO,,,
talk-hoa,1,1,花型,"Phong cách ren động vật, Dream Rose Garden-phong cách ren, Flower Shadow Dream W",CHUA_CO,,,
symphony,1,1,规格,"1 hộp giới hạn vàng, Dòng màu tắc kè hoa [1 hộp màu tím], Dòng màu tắc kè hoa [1",CHUA_CO,,,
dinosaur-m,1,1,花型,Màu xám cổ điển + Champagne [Nhung sữa dày/Ấm áp thân thiện với làn da/Thoải mái,CHUA_CO,,,
dio,1,1,花型,"Màu tím đầu hè [Vải loại A], Fengxuelanxin [Vải loại A], Lucky Horse Run [Vải lo",CHUA_CO,,,
dipper-dream,1,1,花型,"Isabella-Dream [có thể ngủ khỏa thân-không có bóng], Erman-Dream [có thể ngủ khỏ",CHUA_CO,,,
disant,1,1,面料名称,Disant Tough,CHUA_CO,,,
discovery,1,1,类型,Tai nghe Bluetooth in-ear không dây dòng S18 Discovery,GIU,,,
dielianhuajian,1,1,花型,"豹纹高克重 软糯亲肤 柔软舒适】, 蝶语花恋高克重 软糯亲肤 柔软舒适】, 都市夜曲高克重 软糯亲肤 柔软舒适】, 繁花梦语高克重 软糯亲肤 柔软舒适】, 飞行",CHUA_CO,,,
difeier,1,1,花型,"';'; Mocha ';'; Jinlan, ';'; Ou Fan ';'; Lạc Đà Vàng, ';'; Khu vườn xinh đẹp'; '",CHUA_CO,,,
digaio,1,1,颜色,"Đi-gao toàn đen, Diaga màu đen, Bạc Digaio, Đi-gao xám xanh trắng, Đi-gao màu xá",CHUA_CO,,,
t-xanh,1,1,规格,"4 kg cát tinh khiết màu hồng, 4 kg cát nguyên t-xanh lam, 4 kg cát tinh khiết mà",CHUA_CO,,,
tablets,1,1,包装规格,Trầm hương táo tàu 2015 bánh trà trắng cũ 10g mẫu trà khuyến nghị chính đơn giá ,THEO_CUM,,,
tackles,1,1,颜色,"Vỏ tai nghe Bluetooth chuỗi ngôi sao gradient M, Tai nghe Bluetooth Wavy Butt Do",CHUA_CO,,,
taco,1,1,包装规格,"[Giảm giá số lượng lớn, liên hệ bộ phận chăm sóc khách hàng] Hương vị hỗn hợp 20",CHUA_CO,,,
tag,1,1,颜色,"Màu trơn-màu trắng, Màu trơn-đen, Màu trơn-màu xám hải âu mới, Màu trơn - tím nh",CHUA_CO,,,
taimu,1,1,白毫银针部分原料产地,"Trà trắng Fuding tươi, thơm và mềm: Nod, Taimu Mountain, Bai Lin, Guanyang, Feng",CHUA_CO,,,
taimushan,1,1,老白茶部分原料产地,"Trà trắng Phúc Đỉnh tươi, thơm và mềm: Nodou, Taimushan, Bailin, Guanyang, Panxi",CHUA_CO,,,
taishan,1,1,规格,"Giá đỡ khay gỗ cẩm lai (304), Thang nâng khay hình dạng đặc biệt (304), Kẹp chuy",CHUA_CO,,,
digital,1,1,颜色,"1618-91 Bếp nhỏ dễ thương, 1618-68 Quán bar nhỏ vui nhộn, Máy tính tiền vui nhộn",CHUA_CO,,,
diilan,1,1,产品名称,Kem làm sạch axit amin Diilan,GIU,,,
dijin,1,1,颜色,"Giẻ có thể tháo rời [Matcha xanh]1, Giẻ có thể tháo rời [Bầu trời xanh]1, Giẻ có",CHUA_CO,,,
dilia,1,1,花型,"Bích Thành Xuân Nê, Trang điểm đậm hoặc nhẹ, Hoa Đài Dệt Mộng - Cà phê, Bột Lạc ",CHUA_CO,,,
dilio-grey,1,1,花型,"Melbourne-Màu xám bí ẩn [mát mẻ và thoáng khí để ngủ khỏa thân], Melbourne-Dream",CHUA_CO,,,
dilong,1,1,颜色,"[Bảng màu toàn diện khuôn mặt] # 02 Peach Blossom Face (thân thiện với da khô), ",CHUA_CO,,,
dingdangwang,1,1,花型,"Qinghuan [thân thiện với làn da và mềm mại], Nailan Puffs [thân thiện với làn da",CHUA_CO,,,
dianfeng,1,1,包装规格,"Trà Wan Ming Jin Gun Guben (Túi Trà 150g đóng hộp), Trà Gu Ben Hard Man dược phẩ",CHUA_CO,,,
dianshang,1,1,花型,"';'; Mocha ';'; Jinlan, ';'; Ou Fan ';'; Lạc Đà Vàng, ';'; Khu vườn xinh đẹp'; '",CHUA_CO,,,
taitung,1,1,产品类别,Vua khỉ Taitung,CHUA_CO,,,
tajia,1,1,产品名称,Mặt nạ làm săn chắc da Tajia Collagen,CHUA_CO,,,
tale,1,1,花型,"Câu chuyện kẹo dẻo - Xanh dương, Câu chuyện kẹo dẻo - Tím, Candy Fairy Tale - Mà",CHUA_CO,,,
talk,1,1,颜色,"[Môi bóng đào Fantasy] J811 Quả nhân sâm, 【Son Gương Hoa Đào】L01 Đồng Cỏ, [Son m",GIU,,,
diary-dream,1,1,花型,"Isabella-Dream [có thể ngủ khỏa thân-không có bóng], Erman-Dream [có thể ngủ khỏ",CHUA_CO,,,
diary-m,1,1,花型,"Trái tim kho báu quốc gia--Ren cotton thoải mái kiểu K--, Cô gái yêu--ren cotton",CHUA_CO,,,
dias,1,1,花型,"Lá Bạch Quả - Xanh Dương [Loại A, cấp độ mẹ và bé], Chanh xanh bạc hà [Loại A dà",CHUA_CO,,,
dias-grey,1,1,花型,"Chase/Xanh-Xám, Chase/Dias-Grey, Chasing/Kẻ sọc hồng hoa cà, Đuổi theo/Baroque, ",CHUA_CO,,,
dick,1,1,花型,"Bích Thành Xuân Nê, Trang điểm đậm hoặc nhẹ, Hoa Đài Dệt Mộng - Cà phê, Bột Lạc ",CHUA_CO,,,
didaipai,1,1,产品应用01,Đầu ghi lái xe WiFi Đầu ghi USB Camera xuyên biên giới từ tính hội nghị thể thao,CHUA_CO,,,
dielianhua-be,1,1,花型,"Phong cách ấn tượng-Bột lá thơm [Vải cotton mềm mại và thân thiện với làn da], S",CHUA_CO,,,
desha,1,1,花型,"Lớp bé loại A/Desha, Loại A trẻ sơ sinh/Qinglan Nuancui, Lớp bé loại A/Hyper Blu",CHUA_CO,,,
desire,1,1,颜色,"Pure Desire Lip Glaze X Qinghuan NICE, Cô gái oxy X Qinghuan PRO",GIU,,,
dessert,1,1,花型,"Xiancao (mô hình bùng nổ!), Hoa anh đào (phong cách bùng nổ!), Lần đầu tiên tận ",CHUA_CO,,,
detective,1,1,颜色,"[Yuetong chính hãng] Ace Driver, [Yuetong chính hãng] Tài xế cứu hỏa và cảnh sát",CHUA_CO,,,
detong,1,1,生产厂商,Mai Detong,CHUA_CO,,,
tanks,1,1,颜色,"Phiên bản có thể sạc lại của Spray Racing (điều khiển từ xa 6 kênh), Xe địa hình",CHUA_CO,,,
tanyue,1,1,外观尺寸,"10-17款途观【打孔车壁安装】含配件, 10-17款途观【打孔车壁安装】含配件+带标, 18-25款途观L【原车孔位】, 18-25款途观L【原车孔位】带标,",GIU,,,
taomi,1,1,颜色,"01 # đào sữa muối, 02 # trà cam quýt, 03 # hạnh nhân hun khói, 04 # Taomi Xing, ",CHUA_CO,,,
taimei,1,1,颜色,"Gấu nhỏ Taimei, hoa mẫu đơn, màu be, xám",CHUA_CO,,,
dewei,1,1,花型,"Màu tím đầu hè [Vải loại A], Fengxuelanxin [Vải loại A], Lucky Horse Run [Vải lo",CHUA_CO,,,
deweiqi,1,1,产品规格,"Kim vi tảo biển thêu Kain (12 lần), Mặt nạ thêu Kain, Cá hồi thêu Kain, Mặt nạ a",CHUA_CO,,,
deyuan,1,1,生产厂家,Nhà máy trà Yingde Deyuan,CHUA_CO,,,
diaga,1,1,颜色,"Đi-gao toàn đen, Diaga màu đen, Bạc Digaio, Đi-gao xám xanh trắng, Đi-gao màu xá",CHUA_CO,,,
delihua,1,1,生产厂商,Công ty TNHH Công nghệ Kỹ thuật số Delihua Thâm Quyến,CHUA_CO,,,
dell-xanh,1,1,花型,"Bột màu xám Dell-Ya, Dell-Xanh đầy sao, Rượu sâm panh Del-Light, Ngọc trắng Dail",CHUA_CO,,,
dell-ya,1,1,花型,"Bột màu xám Dell-Ya, Dell-Xanh đầy sao, Rượu sâm panh Del-Light, Ngọc trắng Dail",CHUA_CO,,,
tasting,1,1,包装规格,"Fortune Ying Jin Jun Mei 18 lon nhỏ mỗi hộp 250g, Fortune Orange Jin Junmei 18 l",CHUA_CO,,,
taupe,1,1,颜色,"Màu đen sang trọng, xám nhạt nâu, xanh ô liu, Màu đen và nâu cà phê thanh lịch, ",CHUA_CO,,,
tawny,1,1,颜色分类,"3inch Tiểu Đệ Nhất Đỏ [2 Hành Động], 3inch Tiểu Thanh Gia Phong Cách Xanh [2 Hàn",CHUA_CO,,,
tay-baobao,1,1,颜色,"DXCK43 - Quần ngắn tay - Cute Dog Channel, DXCK42-Quần ngắn tay-Skateboard Deer,",CHUA_CO,,,
tay-con,1,1,颜色,"DXCK43 - Quần ngắn tay - Cute Dog Channel, DXCK42-Quần ngắn tay-Skateboard Deer,",CHUA_CO,,,
tay-elephant,1,1,颜色,"DXCK43 - Quần ngắn tay - Cute Dog Channel, DXCK42-Quần ngắn tay-Skateboard Deer,",CHUA_CO,,,
tammy,1,1,颜色,"màu be, màu xám, Hoa mẫu đơn (bản in nâng cấp), Gấu Tammy (bản in nâng cấp)",CHUA_CO,,,
tang-meng,1,1,花型,"Isabella-Dream [có thể ngủ khỏa thân-không có bóng], Erman-Dream [có thể ngủ khỏ",CHUA_CO,,,
tanglishan,1,1,包装规格,"104 Trà Pu'er Thô: Manfei Spring 2026, 106 Trà Pu'er Thô: Daxueshan Mùa Xuân 202",CHUA_CO,,,
tay-megalodon,1,1,颜色,"DXCK43 - Quần ngắn tay - Cute Dog Channel, DXCK42-Quần ngắn tay-Skateboard Deer,",CHUA_CO,,,
tay-nuan,1,1,颜色,"DXCK43 - Quần ngắn tay - Cute Dog Channel, DXCK42-Quần ngắn tay-Skateboard Deer,",CHUA_CO,,,
dengtang,1,1,颜色,"Nhà trên cây mộc mạc MZ-322 (721 miếng), [Phiên bản chiếu sáng] Nhà trên cây đồn",CHUA_CO,,,
dengwei,1,1,花型,"Wu Anxin (thủ công thêu một chữ cotton), Ngôi nhà bí ngô (thủ công thêu một chữ ",CHUA_CO,,,
dengying,1,1,包装规格,"Quả óc chó vỏ giấy 50g, Quả óc chó giấy 120g, Hạt macadamia 50g, Hạt macadamia 6",CHUA_CO,,,
dayu,1,1,净重（规格）,"[Hai mươi món ăn nhẹ tuổi thơ] 30 gói, [Hai mươi món ăn nhẹ tuổi thơ] 60 gói, [H",CHUA_CO,,,
death,1,1,净重（规格）,"[Hai mươi món ăn nhẹ tuổi thơ] 30 gói, [Hai mươi món ăn nhẹ tuổi thơ] 60 gói, [H",CHUA_CO,,,
tay-quiet,1,1,颜色,"DXCK43 - Quần ngắn tay - Cute Dog Channel, DXCK42-Quần ngắn tay-Skateboard Deer,",CHUA_CO,,,
tay-skateboard,1,1,颜色,"DXCK43 - Quần ngắn tay - Cute Dog Channel, DXCK42-Quần ngắn tay-Skateboard Deer,",CHUA_CO,,,
tay-snooze,1,1,颜色,"DXCK43 - Quần ngắn tay - Cute Dog Channel, DXCK42-Quần ngắn tay-Skateboard Deer,",CHUA_CO,,,
te'an,1,1,产品规格,"Sữa rửa mặt phục hồi nhẹ nhàng 120g, Bọt rửa mặt sửa chữa Te'an 150ml, Dầu tẩy t",CHUA_CO,,,
team,1,1,颜色,DANMOLU Xiong Xiong Pai Team Lip Glaze,GIU,,,
tarot,1,1,花型,"Hiệp sĩ Tarot, Hoa cúc thơm màu hồng, Xám đêm, Nhân vật cuộc sống xám đậm, Màu x",GIU,,,
tass,1,1,颜色,"Hồng Anna, Xanh non, Màu vàng sữa, Xám Tass, Xin Dai Lan",CHUA_CO,,,
devour,1,1,颜色,"Màu tím sáng [Phiên bản giới hạn vô địch], Devour Black [Phiên bản giới hạn vô đ",CHUA_CO,,,
dew,1,1,2,Ba lô Mountain Dew,GIU,,,
defu,1,1,生产厂家,Công ty TNHH Công nghiệp Trà Yingde Defu Ming,CHUA_CO,,,
del-thanh,1,1,花型,"Hoa xanh đầy sao tuyệt đẹp, Màu hồng lãng mạn tuyệt đẹp, Màu be tuyệt đẹp, Màu t",CHUA_CO,,,
delaiyan,1,1,产品规格,"(100 miếng) Mặt nạ ngủ collagen trứng cá muối Kuge, (100 miếng) Mặt nạ ngủ đóng ",CHUA_CO,,,
danmax,1,1,包装规格,"喜糖试吃全店随便选, Kẹo cứng hương đào trắng Hongyuan 500g, khoảng 120 miếng, Kẹo sữa Wan",CHUA_CO,,,
danny,1,1,颜色,"McQueen lè lưỡi [có âm thanh, ánh sáng và hiệu ứng kéo lùi], McQueen Cười [Có lự",CHUA_CO,,,
danyan,1,1,颜色,"G01 # mùa hè mát mẻ, G02 # Trà Đen Băng ngọt, G03 # Dreamer Qingshui White Peach",CHUA_CO,,,
daoshuikeng,1,1,部分原料正岩核心山场,"Niulankeng, Huiyuankeng, Daoshuikeng, Liuxiangjian, Wuyuanjian, Jiulongkeng, Zhu",CHUA_CO,,,
tence-zongxiang,1,1,花型,"Gypsophila Purple-Dawn Silver [100% Tence-Zongxiang Silky], Xám đá [100% Tencel-",CHUA_CO,,,
tencel-khi,1,1,花型,Rock Grey [Bộ bốn món 100% Lyocell Tencel - Thoải mái khi ngủ khỏa thân - Tận hư,CHUA_CO,,,
tencent-zongxiang,1,1,花型,"Gypsophila Purple-Dawn Silver [100% Tence-Zongxiang Silky], Xám đá [100% Tencel-",CHUA_CO,,,
tengchong,1,1,产区,"Trà Ô Long Tengchong, Vân Nam",CHUA_CO,,,
teppanyaki,1,1,包装规格,"[1 que] Hương vị hỗn hợp, 【1 chế】 Osaka kiểu Nhật, [1 que] vị chanh sảng khoái, ",CHUA_CO,,,
tay-hai,1,1,颜色,"DXCK43 - Quần ngắn tay - Cute Dog Channel, DXCK42-Quần ngắn tay-Skateboard Deer,",CHUA_CO,,,
tay-happy,1,1,颜色,"DXCK43 - Quần ngắn tay - Cute Dog Channel, DXCK42-Quần ngắn tay-Skateboard Deer,",CHUA_CO,,,
tay-kaka,1,1,颜色,"DXCK43 - Quần ngắn tay - Cute Dog Channel, DXCK42-Quần ngắn tay-Skateboard Deer,",CHUA_CO,,,
tay-lanyin,1,1,颜色,"DXCK43 - Quần ngắn tay - Cute Dog Channel, DXCK42-Quần ngắn tay-Skateboard Deer,",CHUA_CO,,,
tiandian,1,1,花型,Vịt con xanh dương [Vải sợi đôi 100% cotton loại A / Mềm mại thân thiện với da /,CHUA_CO,,,
tiandichun,1,1,生产厂家,Công ty TNHH Trà Tiandichun Thanh Đảo,GIU,,,
tequila,1,1,颜色,"1 # Nguyên chất, mát mẻ và trắng (lớp học trang điểm giả), 2#Nước soda đào hồng ",CHUA_CO,,,
ternsu,1,1,包装规格,[Khoảng 18 gói] Bánh quy sữa Ternsu 400g/hộp/BBZ1625,CHUA_CO,,,
terracotta,1,1,颜色,"[Đen-có logo] Hiệu ứng động từ tính lỏng, [Cam có logo] Hiệu ứng động từ tính lỏ",CHUA_CO,,,
terry,1,1,面料名称,vải terry,CHUA_CO,,,
tertiary-butylhydroquinone,1,1,原料与配料,"Thành phần: Bắp, Dầu chuyên dụng cho bắp rang (Dầu cọ, Dầu dừa, Hương liệu nhân ",CHUA_CO,,,
tether,1,1,颜色,"Quần áo bướm mùa xuân và mùa thu Tether Pastoral Bunny, Quần áo bướm mùa xuân và",CHUA_CO,,,
tetrapeptide,1,1,产品规格,"Mặt nạ chống nhăn, làm săn chắc và đàn hồi Jilinsa 10 miếng/hộp, Mặt nạ chống nh",CHUA_CO,,,
texture,1,1,颜色,"Mẫu màu đen, trắng và xám [Mẫu sợi carbon Kevlar], Sọc xanh trắng [hoa văn sợi c",CHUA_CO,,,
thanh-yahei,1,1,层数（规格）,"[Mẫu chống trượt nâng cấp] Giỏ thoát nước có thanh súng màu xám, [Mẫu chống trượ",CHUA_CO,,,
thickened,1,1,花型,"Thỏ cầu vồng [Nhung sữa dày], Thỏ may mắn [Nhung sữa dày], Benbenxiong-mi [nhung",CHUA_CO,,,
thickening,1,1,花型,"Thanh lịch [Lớp A cộng với nhung và làm dày], Care Bears [Loại A plus nhung và d",CHUA_CO,,,
tejialai,1,1,净重（规格）,"[Hai mươi món ăn nhẹ tuổi thơ] 30 gói, [Hai mươi món ăn nhẹ tuổi thơ] 60 gói, [H",CHUA_CO,,,
telescopic,1,1,颜色,Không Xịt [Chạy Bằng Pin] Xanh Dương & Trắng - Súng Phát Âm Thanh & Ánh Sáng [Hi,CHUA_CO,,,
decylglucoside,1,1,成分,"Dầu dừa natri glycinate, octyl/decylglucoside, serine, arginine, glutamate, prol",CHUA_CO,,,
tianshui,1,1,花型,"TS màu trắng tinh khiết, Màu xám Paris + màu xám bóng, Xanh sữa bạc hà + xanh xa",CHUA_CO,,,
things-xanh,1,1,颜色,"2114-Bamboo Dragonfly-Hồng, 2114-Chuồn chuồn tre-Vàng nhạt, 2034-Mini Things-Hồn",CHUA_CO,,,
thinking,1,1,花型,"Hoa Tulip Tím [Dày và nhung hai mặt để giữ ấm và giữ ấm liên tục]1, Sống động [D",CHUA_CO,,,
three-piece,1,1,花型,"Haze Grey [Loại A-Cấp bà mẹ và trẻ sơ sinh], Trắng, xanh và xám [Loại A dành cho",CHUA_CO,,,
thu-xanh,1,1,颜色,"[Floral-Beige] Jumpsuit dài tay siêu mềm, [Phút mùa thu-Xanh] Jumpsuit dài tay s",CHUA_CO,,,
data,1,1,颜色分类,"Ống kính danh sách cao 1080P, 1080P HD ống kính kép, Ống kính danh sách siêu 2K,",CHUA_CO,,,
dates,1,1,包装规格,"喜糖试吃全店随便选, Kẹo cứng hương đào trắng Hongyuan 500g, khoảng 120 miếng, Kẹo sữa Wan",CHUA_CO,,,
dance-bean,1,1,花型,"【Hoàng đế FN】 Một bông hoa dàng-Đậu đỏ, 【Hoàng đế FN】 Một bông hoa màu cam, 【Hoà",CHUA_CO,,,
dance-blue,1,1,花型,"【Hoàng đế FN】 Một bông hoa dàng-Đậu đỏ, 【Hoàng đế FN】 Một bông hoa màu cam, 【Hoà",CHUA_CO,,,
dance-kaki,1,1,花型,"Bột đậu Lorna, Hoa-tím, Victoria-xám, Victoria-trắng be, Victoria-tím, Bướm Nhảy",CHUA_CO,,,
dance-orange,1,1,花型,"【Hoàng đế FN】 Một bông hoa dàng-Đậu đỏ, 【Hoàng đế FN】 Một bông hoa màu cam, 【Hoà",CHUA_CO,,,
dance-pink,1,1,花型,"【Hoàng đế FN】 Một bông hoa dàng-Đậu đỏ, 【Hoàng đế FN】 Một bông hoa màu cam, 【Hoà",CHUA_CO,,,
tiancai,1,1,颜色,"G01 # mùa hè mát mẻ, G02 # Trà Đen Băng ngọt, G03 # Dreamer Qingshui White Peach",GIU,,,
tiancheng,1,1,生产厂商,"Thâm Quyến Dongfang Tiancheng Industrial Co., Ltd.",CHUA_CO,,,
tianci,1,1,颜色,"Cắm hoa mẫu đơn nở rộ 120L, 50*40*60cm, Hoa huệ 120L hạ chí 50*40*60, Cỏ bốn lá ",CHUA_CO,,,
tiandi,1,1,包装规格,"26 tháng 3 năm 2015 Bánh trà Pu thô Iceland 357g số 16, Ngày 26 tháng 3 năm 2015",CHUA_CO,,,
tianjin,1,1,生产厂家,Công ty TNHH Thực phẩm Haifeng (Tianjin),CHUA_CO,,,
tiankai,1,1,花型,"Hồng xinh đẹp, Nữ thần ánh trăng, khuôn mặt đẹp, Trang viên ca cao, Thanh Huân, ",CHUA_CO,,,
tiankuo,1,1,包装规格,110g chân cay (nghệ sĩ nhảy hàng đầu Tiankuo),CHUA_CO,,,
dance-purple,1,1,花型,"【Hoàng đế FN】 Một bông hoa dàng-Đậu đỏ, 【Hoàng đế FN】 Một bông hoa màu cam, 【Hoà",CHUA_CO,,,
dancing,1,1,花型,"Bi Han + Biển Hoa Fangfei [Bộ bốn món nhung sữa có trọng lượng cao], Beihan + Ng",CHUA_CO,,,
danghonggan,1,1,包装规格,"Huy chương vàng Danghonggan, túi 500g, Quả cam Dahonggan huy chương vàng, lon 45",CHUA_CO,,,
dangxian-mingqian,1,1,包装规格,"Hộp quà tặng trà Long Tỉnh Mingqian2, Hộp quà tặng Yima Dangxian-Mingqian Longji",CHUA_CO,,,
daisy-lan,1,1,花型,"tổ tình yêu, Gấu Ollie, những ngày lễ đầy màu sắc, Thời trang hợp thời trang, tì",CHUA_CO,,,
daizi,1,1,花型,"Hoa mùa xuan-xanh [Từ chối cái nóng và mềm mượt, ngủ khỏa thân và thoát mồ hôi],",CHUA_CO,,,
daji,1,1,包装规格,"喜糖试吃全店随便选, Kẹo cứng hương đào trắng Hongyuan 500g, khoảng 120 miếng, Kẹo sữa Wan",CHUA_CO,,,
dajiang,1,1,花型,"Cỏ tiên, Gấu Padin, Điều ước của trái tim, Vườn nhàn nhã, Chiến đấu điểm sóng, T",CHUA_CO,,,
tianmen,1,1,货源类型,Tianmen Hồ Bắc,CHUA_CO,,,
tianming,1,1,生产厂家,Công ty TNHH công nghệ sinh học An Huy Tianming Liangcao,CHUA_CO,,,
tianmu,1,1,包装规格,"Phù điêu Wufu (Năm tổ hợp trà chính 300g), Bộ trà đất sét tím + (240g bốn loại t",CHUA_CO,,,
tianqing,1,1,包装规格,"Trà Xanh High Mountain 250g (Hộp Quà Cao Cấp Có Lớp Nhựa), Biluochun 250g (Thiên",CHUA_CO,,,
tianqinglan,1,1,颜色,"Màu đen yên tĩnh (Chống trầy xước và dày*Phiên bản bán chạy nhất), Màu đen yên t",CHUA_CO,,,
dail,1,1,花型,"Bột màu xám Dell-Ya, Dell-Xanh đầy sao, Rượu sâm panh Del-Light, Ngọc trắng Dail",CHUA_CO,,,
dailai,1,1,产品规格,"(100 miếng) Mặt nạ ngủ collagen trứng cá muối Kuge, (100 miếng) Mặt nạ ngủ đóng ",CHUA_CO,,,
dailan-dm,1,1,花型,"Màu trơn tro núi-DM [cotton dài sợi cấp bà mẹ và trẻ sơ sinh], Cao cấp xám-dm [b",CHUA_CO,,,
cyclone,1,1,颜色,"777-3 Đánh tôi vịt, Cyclone WarArmor [Màu sắc ngẫu nhiên], Dấu vết chiến đấu cơ,",CHUA_CO,,,
cypress,1,1,包装规格,"Mật ong cây cổ thụ 100g, Cứt vịt cây cổ thụ cao cấp 100g đóng hộp2, Trà Lá Đỏ La",CHUA_CO,,,
dajidi,1,1,包装规格,"[30 loại trà Hộp quà trà Ping An Joy], [30 loại trà, hộp quà trà Dajidi], [Hộp q",CHUA_CO,,,
dajinya,1,1,包装规格,"0.5kg Nước Trà Đen CTC Assam - Giá $13, Giá một catty trà đen Dian số 1 14 nhân ",CHUA_CO,,,
dalang,1,1,产地,Đông Quan Dalang,CHUA_CO,,,
damascus,1,1,产品规格,"Bát mặt nạ Gậy mặt nạ Muỗng mặt nạ, Bột mặt nạ dưỡng ẩm hoa cúc Bei Lingmei 500g",CHUA_CO,,,
damingjia,1,1,生产厂家,Cửa hàng đặc sản trà ô long Damingjia,CHUA_CO,,,
daffodil,1,1,包装规格,"500 Đầu Trà Đại Hồng Bào Số 8 [Thành phần trà], 500g trà Đại Hồng Bào số 11 hươn",CHUA_CO,,,
dafulle,1,1,净重（规格）,"[Hai mươi món ăn nhẹ tuổi thơ] 30 gói, [Hai mươi món ăn nhẹ tuổi thơ] 60 gói, [H",CHUA_CO,,,
tianyan,1,1,颜色,"Mắt bầu trời da cừu màu đỏ rượu vang-dây buộc khóa da nơ đen, Mắt bầu trời da cừ",CHUA_CO,,,
tianyuan,1,1,花型,"Cỏ tiên yên tĩnh, Cỏ tiên, Dongli Platycodon, Hoa nhỏ xinh, Hoa trà giữa mùa hè,",CHUA_CO,,,
tie-milk,1,1,花型,"Thắt nơ màu trắng sữa xanh [nhung sữa có trọng lượng cao không dễ rụng]1, Little",CHUA_CO,,,
tianjiang,1,1,包装规格,"Nước hoa phong lan Zhilan Yushu cổ tích (8,5g * 2 bong bóng), Có hoặc không có h",CHUA_CO,,,
crotch,1,1,颜色,"Bộ đồ modal không xương cạp cao xanh trái cây, Bộ đồ modal không xương cạp cao m",CHUA_CO,,,
da-trung,1,1,颜色,"Mắt to TPU da-đen lưng gấu DYJ1069, Mắt to TPU da-trắng cổ-đen lưng gấu DYJ1069 ",CHUA_CO,,,
da-xanh,1,1,颜色,"Mắt to TPU da-đen lưng gấu DYJ1069, Mắt to TPU da-trắng cổ-đen lưng gấu DYJ1069 ",CHUA_CO,,,
da-yicha,1,1,包装规格,"26 tháng 3 năm 2015 Bánh trà Pu thô Iceland 357g số 16, Ngày 26 tháng 3 năm 2015",CHUA_CO,,,
cuiyun-biluochun,1,1,包装规格,"1 gói túi bong bóng nhỏ cho mỗi kiểu dáng, (10 gói) Bộ sưu tập-Dahongpao, (10 gó",CHUA_CO,,,
cuiyun-lapsang,1,1,包装规格,"1 gói túi bong bóng nhỏ cho mỗi kiểu dáng, (10 gói) Bộ sưu tập-Dahongpao, (10 gó",CHUA_CO,,,
tiktok,1,1,2,"Tùy chỉnh son môi bán buôn, xuyên biên giới Amazon, Temu, TikTok bán chạy, dành ",GIU,,,
time-lapse,1,1,颜色,"Vườn Hoa Màu Hồng Cherry 232 Chiếc-Hộp Màu, Hộp màu hồng Rose Lane 239 chiếc, Hộ",CHUA_CO,,,
timeless,1,1,产品名称,Mặt nạ chống nhăn Shui Yun Meng Timeless Renewal,CHUA_CO,,,
times,1,1,包装规格,"喜糖试吃全店随便选, Kẹo cứng hương đào trắng Hongyuan 500g, khoảng 120 miếng, Kẹo sữa Wan",CHUA_CO,,,
tiantian,1,1,净重（规格）,"[Hai mươi món ăn nhẹ tuổi thơ] 30 gói, [Hai mươi món ăn nhẹ tuổi thơ] 60 gói, [H",CHUA_CO,,,
tiantianwa,1,1,净重（规格）,"[Hai mươi món ăn nhẹ tuổi thơ] 30 gói, [Hai mươi món ăn nhẹ tuổi thơ] 60 gói, [H",CHUA_CO,,,
tianxi,1,1,包装规格,"Hongrui Li 1020g (8 túi, 3 loại hạt), Tianxi Ruixiang 1285g (7 túi 3 hạt lớn), P",CHUA_CO,,,
tianxian,1,1,颜色,"[Bảng màu toàn diện khuôn mặt] # 02 Peach Blossom Face (thân thiện với da khô), ",CHUA_CO,,,
tianxin,1,1,包装规格,"Nước hoa phong lan Zhilan Yushu cổ tích (8,5g * 2 bong bóng), Có hoặc không có h",CHUA_CO,,,
daidi,1,1,产品厂家厂址,"Số 320, Shennei, Làng Daidi, Thị trấn Longjuan, Huyện Anxi, Thành phố Tuyền Châu",CHUA_CO,,,
creek,1,1,花型,"A Gấu túi [Sợi cao cấp, mật độ cao - định lượng cao], A Ak [Sợi cao cấp, mật độ ",CHUA_CO,,,
crescent,1,1,包装规格,"Vị thịt bò-góc giòn tuyệt vời 5 kg, Cuộn rau cay 5 kg, Bánh pancake Xiaomi vị th",CHUA_CO,,,
couldo,1,1,嵌条工艺,Miếng chèn nhiệt độ cao Couldo của Đức,CHUA_CO,,,
counter-silver,1,1,颜色,"[Nâng cấp xuất sắc] Counter-Silver, [Nâng cấp cao cấp] Boutique - Đỏ",CHUA_CO,,,
country,1,1,颜色,"Khinh hạm tên lửa dẫn đường 74cm/túi quà/tự chơi 1800 cái, Khinh hạm tên lửa dẫn",GIU,,,
cuba,1,1,花型,"Sợi Cuba (đơn đặt hàng bùng nổ!), Màu nâu sô cô la (nổ đơn hàng!), Yến mạch (nổ ",CHUA_CO,,,
cuhk,1,1,规格,CUHK,CHUA_CO,,,
cranxiang,1,1,包装规格,"500 Đầu Trà Đại Hồng Bào Số 8 [Thành phần trà], 500g trà Đại Hồng Bào số 11 hươn",CHUA_CO,,,
crawling,1,1,颜色,"Bộ đồ dài tay/cho bé tập bò - Màu hổ phách quyến rũ, Tay áo dài/Crawling Buddy -",CHUA_CO,,,
cream-square,1,1,颜色,"Hình chữ nhật màu hồng cỡ nhỏ có nắp, Hình chữ nhật màu vàng cỡ nhỏ có nắp, Hình",CHUA_CO,,,
tinglan,1,1,产品名称,Sữa rửa mặt kiểm soát dầu cho nam Bo Zi Tinglan,CHUA_CO,,,
tipsy,1,1,花型,"Ren dập nổi-Kumakoyu Tingfeng [Đi qua mùa đông cùng bạn-nhung], Ren dập nổi - Ic",CHUA_CO,,,
tielianyuan,1,1,花型,"Thỏ Barbie [Vải voan hai lớp loại A / Mềm mại thân thiện với da / Thoáng khí, th",CHUA_CO,,,
tiffany-pink,1,1,花型,"Locke Manor-Red [100% cotton, thân thiện với da, mềm mại và thoải mái], Chanson ",CHUA_CO,,,
tifni,1,1,颜色,"Màu xanh con công (kiểu bánh) phụ kiện thiết kế đơn giản (kiểu bánh), Hoa anh đà",CHUA_CO,,,
crom,1,1,材质,kim loại mạ crom,CHUA_CO,,,
cow,1,1,颜色,"Bộ áo liền quần Slow Cow Folio, Bộ áo liền quần Elephant Folio tốt, Bộ áo liền q",CHUA_CO,,,
cowboy,1,1,颜色,"16109-2 màu đen, 16109-2 Cowboy",CHUA_CO,,,
coxilla,1,1,花型,"';'; Mocha ';'; Jinlan, ';'; Ou Fan ';'; Lạc Đà Vàng, ';'; Khu vườn xinh đẹp'; '",CHUA_CO,,,
cracked,1,1,颜色,"Loại c kỹ thuật số miệng phẳng-túi, Hộp pha lê miệng phẳng kỹ thuật số Type-C, H",CHUA_CO,,,
cracker,1,1,净重（规格）,"[Hai mươi món ăn nhẹ tuổi thơ] 30 gói, [Hai mươi món ăn nhẹ tuổi thơ] 60 gói, [H",CHUA_CO,,,
crackling,1,1,颜色,"[Môi bóng đào Fantasy] J811 Quả nhân sâm, 【Son Gương Hoa Đào】L01 Đồng Cỏ, [Son m",CHUA_CO,,,
crane-white-standard,1,1,颜色,"4D-E1 có chi tiết kiểm soát giá, Máy xúc E1 - phiên bản phổ thông - màu vàng + đ",CHUA_CO,,,
together,1,1,花型,"豹纹高克重 软糯亲肤 柔软舒适】, 蝶语花恋高克重 软糯亲肤 柔软舒适】, 都市夜曲高克重 软糯亲肤 柔软舒适】, 繁花梦语高克重 软糯亲肤 柔软舒适】, 飞行",CHUA_CO,,,
tomatoes,1,1,产品名称,Son kem lì Velvet Lip Glaze 03#Rotten Tomatoes hương kem sữa Novo,CHUA_CO,,,
tombra,1,1,花型,"Ấm áp như mùa hè-[Cotton], Silk-Geyun Space-【Cotton 】, Cam tươi-[Bông], Rèm Mùa ",CHUA_CO,,,
tongmeng,1,1,颜色,"Cuộc phiêu lưu trong rừng 60g áo liền quần cotton mỏng, Câu chuyện rừng 60g áo l",CHUA_CO,,,
tina,1,1,花型,"Tình yêu Baroque, Epson, Sáng ngời nhàn nhã, Tina, Haiyu Dream-Blue Grey, Haiyu ",CHUA_CO,,,
ting-lace,1,1,花型,"Phong cách ren động vật, Dream Rose Garden-phong cách ren, Flower Shadow Dream W",CHUA_CO,,,
tingfang,1,1,花型,"Semporna (100% Lenzing Tencel, mềm mại như lụa, thoải mái tận hưởng giấc ngủ trầ",CHUA_CO,,,
tingfeng,1,1,花型,"Ren dập nổi-Kumakoyu Tingfeng [Đi qua mùa đông cùng bạn-nhung], Ren dập nổi - Ic",CHUA_CO,,,
tingji,1,1,产品名称,Mặt nạ dưỡng ẩm làm đẹp Li Tingji Dendrobium,CHUA_CO,,,
cottage,1,1,花型,"""Extra Thick"" Snow Orchid Heart - [Chống vón cục - Bền màu], Happy Valley ""Extra",CHUA_CO,,,
cotton-kaki,1,1,颜色,"Màu cardigan cotton-hồng, Màu cardigan cotton-xanh nhạt, Màu cardigan cotton-đậu",CHUA_CO,,,
cotton-kem,1,1,花型,"Tranh sơn dầu biển bông, Không-Chupu, Bông-trà gấu, Phô mai cotton-kem (m), Cott",CHUA_CO,,,
cotton-linen,1,1,花型,"Hoa Thời Đại [Tỉ lệ vàng cotton-linen, dệt jacquard tinh xảo], Họa tiết hoa hồng",THAY,cotton-lanh,,
convertible-lyuben-lyuben,1,1,颜色,"[6 mẫu xe ngẫu nhiên 1] xe thể thao hai cửa, [Đỏ] SF90-Đóng gói, [Vàng] SF90-Đón",CHUA_CO,,,
convertible-lyuben-lyuben-boxed,1,1,颜色,"[6 mẫu xe ngẫu nhiên 1] xe thể thao hai cửa, [Đỏ] SF90-Đóng gói, [Vàng] SF90-Đón",CHUA_CO,,,
conxian,1,1,包装规格,"200ml đóng hộp * hoa nhài, 200ml lon * thai cúc, 200ml đóng hộp * hoa hồng, Đóng",CHUA_CO,,,
tongxintang,1,1,生产厂家,Công ty TNHH Công nghiệp Y tế An Huy Tongxintang,CHUA_CO,,,
tongya,1,1,包装规格,"Trà đen số 1 (15 tệ mỗi catty cho cả miếng, 23kg / hộp) mã số 1016, Jin Junmei (",CHUA_CO,,,
tool,1,1,颜色,"811-364 Mengqu Duck Kitchen 【Hộp quà Trung Quốc】, 811-368 Bếp nhỏ Mengmeng Duck ",CHUA_CO,,,
topstrendy,1,1,短袖男t恤,Áo thun nam ngắn tay cổ lọ 2025 Áo polo cảm giác băng dễ mặc nhất cho mùa hè dàn,CHUA_CO,,,
tornado,1,1,净重（规格）,"[Ba mươi loại] 120 gói, [Ba mươi loại] 90 gói, [Ba mươi loại] 60 gói, Zhou Chang",CHUA_CO,,,
toronto,1,1,花型,"Mùa xuân nở rộ khắp vườn [100% cotton - có thể mặc ngủ], Aphrodite [100% cotton ",CHUA_CO,,,
torreya,1,1,包装规格,"Quả óc chó vỏ giấy 50g, Quả óc chó giấy 120g, Hạt macadamia 50g, Hạt macadamia 6",CHUA_CO,,,
tivnielam,1,1,颜色,"Màu trắng, Màu vàng gừng, Màu hồng, Màu xanh lục đậm, Màu xanh navy, Màu cam, Mà",CHUA_CO,,,
tiyanshe,1,1,产品名称,Tiyanshe Blue Bronze Star Crystal Moisturizing Luxury Mask,GIU,,,
color-dawn,1,1,花型,(Khuyên dùng cho xương sườn) Gypsophila Purple-Dawn Silver [100% Tencel Silky Na,CHUA_CO,,,
column,1,1,包装规格,"Bộ 5 vị cổ điển (nấu nếp/nấu chín/thô Pu/Trà đỏ/Trà trắng), Sự kết hợp của 8 hươ",CHUA_CO,,,
coolmi,1,1,颜色,"Bộ tài khoản vui nhộn (ngẫu nhiên) CY-97, Chú Gấu Dễ Thương Thợ Thủ Công Nhỏ 811",CHUA_CO,,,
copy,1,1,颜色,"[Môi bóng đào Fantasy] J811 Quả nhân sâm, 【Son Gương Hoa Đào】L01 Đồng Cỏ, [Son m",CHUA_CO,,,
cordata,1,1,颜色,"[Bảng màu toàn diện khuôn mặt] # 02 Peach Blossom Face (thân thiện với da khô), ",CHUA_CO,,,
cordia,1,1,颜色,"Shell White [Phiên bản nâng cấp của giá đỡ cốc, móc trước sạc USB, tách khô và ư",CHUA_CO,,,
cordon,1,1,颜色,"Kiểu khóa kéo màu trắng, Kiểu khóa kéo màu đen, Màu xám sắt-khóa kéo, Màu xanh x",CHUA_CO,,,
confession,1,1,花型,"Sweet Joy [Cấp độ ngủ khỏa thân dành cho bà mẹ và trẻ sơ sinh hạng A], Bazaar [C",CHUA_CO,,,
confetti,1,1,颜色,"Màu đen, Màu trắng, Màu trắng tinh khiết, Gấu trúc đỏ mặt trước và mặt sau màu đ",CHUA_CO,,,
congjing-pink,1,1,花型,"Melbourne-Màu xám bí ẩn [mát mẻ và thoáng khí để ngủ khỏa thân], Melbourne-Dream",CHUA_CO,,,
touron,1,1,外观尺寸,"10-17款途观【打孔车壁安装】含配件, 10-17款途观【打孔车壁安装】含配件+带标, 18-25款途观L【原车孔位】, 18-25款途观L【原车孔位】带标,",CHUA_CO,,,
touzi,1,1,包装规格,"Trà Tuyết Hoa Nhài Alpine Loại 5A 1# - 250g x 1 Túi, Trà Tuyết Hoa Nhài Alpine L",CHUA_CO,,,
touzi-large,1,1,包装规格,"2026--2#Mingqiantou Picking Nectar--500g (số lượng lớn), 2026---3 # Mingqiantou ",CHUA_CO,,,
tower,1,1,颜色,"Vịt con lê (gửi khăn nước bọt), Strawberry Tower (gửi khăn thấm nước bọt), Túi d",CHUA_CO,,,
tongshuang,1,1,包装规格,"Trà Wan Ming Jin Gun Guben (Túi Trà 150g đóng hộp), Trà Gu Ben Hard Man dược phẩ",CHUA_CO,,,
cosmos,1,1,颜色,"W1503/4 ngẫu nhiên một hộp hoa, W1603/4 Hộp hoa ngẫu nhiên - phiên bản nâng cấp,",CHUA_CO,,,
tpu-klein,1,1,颜色,"TPU viền thẳng-trắng cổ-cát lún tối giản ZBTPU395 trắng, Diềm TPU-Đỏ Trung Quốc-",CHUA_CO,,,
tra-tai,1,1,颜色,"Ghế dài đôi giá đỡ trong suốt màu đen-dây buộc tai búp bê luck, Ghế dài đôi giá ",CHUA_CO,,,
come,1,1,尺寸,"gói đơn, Túi + Mặt dây chuyền Vịt Come on",CHUA_CO,,,
compound,1,1,产品规格,"Mặt nạ bùn làm sạch và kiểm soát dầu Shiyue Lithospermum 120g, Mặt Nạ Bùn Đen Ki",GIU,,,
concave,1,1,包装规格,"500g đầu trà thơm cặn vịt số 12 [nguyên liệu trà sữa], 500g đầu trà thơm cặn vịt",CHUA_CO,,,
cocoyl,1,1,成分,"Nước, kali cocoyl glycinate, glycerin, v.v.",CHUA_CO,,,
coffee-bear,1,1,颜色,"Bộ ba món áo len vest khối màu xanh H, Bộ ba món áo len vest màu vàng H, Bộ ba m",CHUA_CO,,,
trai+da,1,1,颜色,"Maillard Brown [Mẫu di động có giới hạn], Pearl Aqua Blue-[Có khóa + lót nhung n",CHUA_CO,,,
trang-cam,1,1,颜色,"Gấu thời trang-màu xanh, Gấu thời trang-xanh, Gấu thời trang-cam",CHUA_CO,,,
total,1,1,规格,"Bộ đồ mài bánh 8 miếng cỡ 3C IBMS0006, Công chúa lâu đài 10 mảnh ABS3C số IBMS00",CHUA_CO,,,
conglai,1,1,花型,"Quả bóng lông sinh nhật [nhung ấm áp hai mặt, thân thiện với làn da và tinh tế],",CHUA_CO,,,
conquering,1,1,颜色,"201-44A [Màu trắng] Xe cảnh sát tám bánh có cửa mở được., 201-44B [Màu đen] Xe c",CHUA_CO,,,
conqueror,1,1,颜色,"201-44A [Màu trắng] Xe cảnh sát tám bánh có cửa mở được., 201-44B [Màu đen] Xe c",CHUA_CO,,,
contributory,1,1,是否一般纳税人,Không.2,CHUA_CO,,,
convertible-lyuben-lboxed,1,1,颜色,"[6 mẫu xe ngẫu nhiên 1] xe thể thao hai cửa, [Đỏ] SF90-Đóng gói, [Vàng] SF90-Đón",CHUA_CO,,,
collection-powder,1,1,花型,"Oreo Kitten [Loại A dành cho bà mẹ và trẻ sơ sinh/thân thiện với làn da, mềm mại",CHUA_CO,,,
tranh-tinh,1,1,颜色,"Trắng-Màu trơn ngắn tay-100% cotton, Đen-Màu trơn ngắn tay-100% cotton, Màu xanh",CHUA_CO,,,
tranh-xanh,1,1,颜色,"16833-Những người bạn của Shanshui-Yellow, 16833-Những người bạn của Phong tranh",CHUA_CO,,,
coin,1,1,包装规格,Trầm hương táo tàu 2015 bánh trà trắng cũ 10g mẫu trà khuyến nghị chính đơn giá ,CHUA_CO,,,
coix,1,1,原料与配料,"Nhân sâm, Đậu Adzuki, Hạt Coix, Hạt Gorgon, Đào năm ngón, Yam",THAY,ý dĩ,,
colander,1,1,尺寸,"跨境专供【小叶相思木--平圆勺】24.3*7.2cm, 小叶8件套（含桶含搁勺器）880g, 马占8件套（含桶含搁勺器）840g, [Gỗ keo lá nhỏ",CHUA_CO,,,
collar,1,1,颜色,"Cuộc phiêu lưu trong rừng 60g áo liền quần cotton mỏng, Câu chuyện rừng 60g áo l",CHUA_CO,,,
coal,1,1,花型,"Tea Master [100% cotton nguyên chất, một giả sẽ bị phạt mười], Giỏ dã ngoại [100",CHUA_CO,,,
coastal,1,1,花型,"Loại A 60S-Tương lai Coastal Blue-Quiet Home, Loại A 60S-Bột ven biển tương lai-",CHUA_CO,,,
coban,1,1,花型,"Mẫu sang trọng nhẹ nhàng - Xám đậm phối xám nhạt, Mẫu sang trọng nhẹ nhàng - Xan",CHUA_CO,,,
transform,1,1,颜色,"Khủng long biến hình H25 [2 màu ngẫu nhiên], Khủng long biến hình H27 [2 màu ngẫ",CHUA_CO,,,
transformers,1,1,产品类别,Dòng sản phẩm Transformers,GIU,,,
translation,1,1,颜色,"Phiên bản dịch M79 Twilight Purple Belt AI (100 lô tối hạn), M79 New Face Skin B",CHUA_CO,,,
transporter,1,1,颜色,"Kéo lại mẫu xe mô phỏng (24 cái/hộp), vui lòng đặt hàng theo bội số của 24, Xe đ",CHUA_CO,,,
trap,1,1,颜色,"[Môi bóng đào Fantasy] J811 Quả nhân sâm, 【Son Gương Hoa Đào】L01 Đồng Cỏ, [Son m",CHUA_CO,,,
toy,1,1,类型,Đồ chơi cát Power Toy,GIU,,,
tpu-hoa,1,1,颜色,"Kết cấu da TPU-đen-kết cấu da tối PWTPU2141, Kết cấu da TPU-hồng-kết cấu da tối ",CHUA_CO,,,
coco-chunchen,1,1,花型,"Clear Sky-Milkshake White [Mềm và như sáp, thân thiện với da, không vón cục, khô",CHUA_CO,,,
coco-fairy,1,1,花型,"Clear Sky-Milkshake White [Mềm và như sáp, thân thiện với da, không vón cục, khô",CHUA_CO,,,
coco-ice,1,1,花型,"Clear Sky-Milkshake White [Mềm và như sáp, thân thiện với da, không vón cục, khô",CHUA_CO,,,
coco-lilac,1,1,花型,"Clear Sky-Milkshake White [Mềm và như sáp, thân thiện với da, không vón cục, khô",CHUA_CO,,,
coco-moonlight,1,1,花型,"Clear Sky-Milkshake White [Mềm và như sáp, thân thiện với da, không vón cục, khô",CHUA_CO,,,
clip,1,1,颜色,"Lều sư tử [vải da đào], Lều thỏ [vải da đào], Đệm bò sư tử, Chiếu băng sư tử, Đệ",GIU,,,
clip-on,1,1,颜色,"Dây đeo tai kẹp có LOGO màu trắng, Dây đeo tai kẹp có LOGO màu đen, Kẹp Trắng Un",THAY,kẹp tai,,
clo,1,1,主面料成分2,Sợi CLO (cloylon),CHUA_CO,,,
cloth,1,1,颜色,"Màu đen (phong cách cổ điển Oxford), Khaki (Oxford Cloth Classic) - Sách bán chạ",CHUA_CO,,,
cloud-feel,1,1,花型,"Bột dải mật độ cation---ycj, Dải mật độ cation màu cam --- ycj, Dải mật độ catio",CHUA_CO,,,
tri-acid,1,1,产品规格,"Mặt nạ chống nhăn, làm săn chắc và đàn hồi Jilinsa 10 miếng/hộp, Mặt nạ chống nh",CHUA_CO,,,
triangle,1,1,颜色,"Cầu vồng ngắn leo-màu xanh, Mèo vương miện màu đỏ rượu, Gấu uống nước ngắn màu v",CHUA_CO,,,
tribute,1,1,包装规格,"Trà trắng vỏ quýt cam 2015 Tribute, Trà Trắng Jasmine 2021 Hoa Mẫu Đơn Trắng, Tr",CHUA_CO,,,
tricerato,1,1,颜色,"Biến dạng hợp kim mạ điện 【Tyrannosaurus rex 】, Biến dạng hợp kim mạ điện 【Stego",CHUA_CO,,,
trickster,1,1,净重（规格）,"[Ba mươi loại] 120 gói, [Ba mươi loại] 90 gói, [Ba mươi loại] 60 gói, Zhou Chang",CHUA_CO,,,
trang-xingyao,1,1,颜色,"Người mẫu nổi tiếng Internet 807-vàng hồng, Người mẫu nổi tiếng Internet 807-Xin",CHUA_CO,,,
tulip-purple,1,1,花型,"Cỏ Wangyou-[Không bóng không phai], Thành phố Wrangler-[Không có bóng không phai",CHUA_CO,,,
tulip-xanh,1,1,花型,"Lông vũ nhẹ-màu xanh Bentley, Cà phê trắng sữa nhẹ, Lông vũ nhẹ-Màu xám thanh lị",CHUA_CO,,,
tuner,1,1,产品规格,"Bột mặt nạ làm sáng hoa hồng lãng mạn Han Ji 500g, Han Ji Romance Rose Brighteni",CHUA_CO,,,
tungmu,1,1,包装规格,"Lapsang Souchong hương mật hoa (jin/38 nhân dân tệ), Lanyun Lapsang Souchong (ji",CHUA_CO,,,
triple-record,1,1,颜色分类,"E3 WiFi ba camera - Trước 4K + Hồng ngoại trong xe 720P + Sau 720P + Sạc xe hơi,",CHUA_CO,,,
triumphant,1,1,颜色,"Ghế trước đệm màu trắng đẹp, Đệm tựa lưng màu trắng đẹp cá tính, Đệm màu trắng l",CHUA_CO,,,
truman,1,1,花型,"Nếu mưa, Chiba, Một tâm một ý - Xám, Thỏ Tiên Nữ - Hồng, Ailinger - Cà phê, Gấu ",CHUA_CO,,,
tsukishima-cedar,1,1,花型,"Yoshino Tsukishima-Cedar Xanh, Hơi thở của thiên nhiên-Bột yến mạch Naked, Norma",CHUA_CO,,,
treble,1,1,类型,"Thế hệ thứ 2 [thời lượng pin ngắn 5 giờ + âm trầm EV + vô số màn hình] ✦ ♢, Thế ",CHUA_CO,,,
cloylon,1,1,主面料成分2,Sợi CLO (cloylon),CHUA_CO,,,
cluster-gray,1,1,花型,"Lựa chọn ngành mùa hè [Số lượng cao và mật độ cao], Lựa chọn ngành công nghiệp C",CHUA_CO,,,
clam,1,1,产品规格,"Lisu Blue Guard 60 viên*1 hộp, Lisuyike 60 miếng * 1 hộp, Lisu Fubing 60 miếng *",CHUA_CO,,,
clara,1,1,花型,"Clara-Mi [Bông sợi dài Tân Cương 100% loại A mật độ cao, thân thiện với da, đạt ",CHUA_CO,,,
clara-mi,1,1,花型,"Clara-Mi [Bông sợi dài Tân Cương 100% loại A mật độ cao, thân thiện với da, đạt ",CHUA_CO,,,
cockscomb,1,1,包装规格,"Trọng lượng mẫu khoảng [30g], [Carbon nướng Dahongpao] Đơn giá 40 nhân dân tệ, [",CHUA_CO,,,
cocktail,1,1,颜色,"Màu đỏ (Phong cách hình ảnh chính), Màu xanh lá cây (Phong cách hình ảnh chính),",GIU,,,
tsuyoi,1,1,花型,"Ren dập nổi-Kumakoyu Tingfeng [Đi qua mùa đông cùng bạn-nhung], Ren dập nổi - Ic",CHUA_CO,,,
tuantuan,1,1,颜色,"Ôm Gấu 19 [Bốn Mùa], Ôm Gấu 21 [Bốn Mùa], Ôm Gấu 25 [Bốn Mùa], Ôm Gấu 19 [Phong ",CHUA_CO,,,
tucker,1,1,颜色,"Khinh hạm tên lửa dẫn đường 74cm/túi quà/tự chơi 1800 cái, Khinh hạm tên lửa dẫn",CHUA_CO,,,
classy,1,1,规格,"Miếng dán nén lạnh làm mát thuốc an thần y tế thương hiệu cơ khí loại I, Lựa chọ",THAY,sang trọng,,
clem,1,1,包装规格,"[Gói Tăng Cường Sức Bền] Trà Hỗn Hợp Bát Bổ Nhím Nai 10g*10 gói, [Gói nâng cao] ",CHUA_CO,,,
climber,1,1,颜色,"99-6 Xe địa hình Pioneer hai chiều [không dùng điện], 599-51 Xe điều khiển từ xa",CHUA_CO,,,
clinic,1,1,颜色,"811-364 Mengqu Duck Kitchen 【Hộp quà Trung Quốc】, 811-368 Bếp nhỏ Mengmeng Duck ",CHUA_CO,,,
cinnamomum,1,1,包装规格,"Trọng lượng mẫu khoảng [30g], [Carbon nướng Dahongpao] Đơn giá 40 nhân dân tệ, [",CHUA_CO,,,
cinnamomumc,1,1,包装规格,"Mingxiang Lapsang Souchong 250g, Mingxiang Jinjunmei 250g, Mingxiang Dahongpao 2",CHUA_CO,,,
cinnamoroll,1,1,花型,"Gấu ba lô, Tiến sĩ Gấu, Cá lớn, Điệp Luyến Hoa, Hương thảo, Phong cách, Hải Lan ",CHUA_CO,,,
cinquefoil,1,1,包装规格,"[Cao cấp] Chà là đỏ khô 80g, [Thùng cao] Tơ ngô 15g, [Thùng Cao] Trà Tre Lá Xanh",CHUA_CO,,,
circular,1,1,颜色,"Hộp thương mại điện tử trái cây vuông Setele 4 trái cây [lớn], Hộp thương mại đi",CHUA_CO,,,
tuguka,1,1,颜色,Trộn và kết hợp các kiểu dáng trong 50 hộp (giá thầu tối thiểu là 50 hộp) (kiểu ,CHUA_CO,,,
tulip-anna,1,1,花型,"Lông vũ nhẹ-màu xanh Bentley, Cà phê trắng sữa nhẹ, Lông vũ nhẹ-Màu xám thanh lị",CHUA_CO,,,
tulip-bentley,1,1,花型,"Lông vũ nhẹ-màu xanh Bentley, Cà phê trắng sữa nhẹ, Lông vũ nhẹ-Màu xám thanh lị",CHUA_CO,,,
tulip-pink,1,1,花型,"Cỏ Wangyou-[Không bóng không phai], Thành phố Wrangler-[Không có bóng không phai",CHUA_CO,,,
uni-president,1,1,生产厂家,Công ty TNHH Doanh nghiệp Uni-President Hợp Phì,CHUA_CO,,,
unit,1,1,尺寸,"跨境沙纹黑1.5(opp一个装）, 跨境沙纹米1.5(opp一个装）, 跨境沙纹灰1.5(opp一个装）, Họa tiết cát xuyên biên gi",CHUA_CO,,,
tuotuo,1,1,花型,"Bánh quế-Trắng sữa [Bánh quế bông loại A], Bánh quế-Mituo [bánh quế bông loại A]",CHUA_CO,,,
turanka,1,1,公司,Quần áo trẻ em Huzhou Zhili Turanka,CHUA_CO,,,
cissus,1,1,原料与配料,Lá Cissus Siamensis,CHUA_CO,,,
cist,1,1,颜色,813-13(1) [Có hiệu ứng ánh sáng và âm thanh] Xe trộn cỡ trung [2 màu gửi ngẫu nh,CHUA_CO,,,
citroen,1,1,颜色,"Audi, Bảo Quân, Honda, BYD, zen tiêu chuẩn, Buick, Trumpchi, Độc giả lớn, Cánh Đ",CHUA_CO,,,
citrus,1,1,颜色,"Little Citrus Butterfly Onesie [Không bao gồm mũ trùm đầu, mũ trùm đầu được bán ",CHUA_CO,,,
civic,1,1,规格尺寸,"Honda Accord, Honda CRV/Haoying, Honda Crown Road/UR-V, Honda Sibolui, Honda Ody",GIU,,,
cixinglin,1,1,生产厂家,Công ty TNHH Dược phẩm An Huy Cixinglin,CHUA_CO,,,
chunyeo,1,1,花型,"Chấm bi [Cotton mềm mại như mây, thân thiện với da], Nho pha lê [Vải cotton mềm ",CHUA_CO,,,
chunyun,1,1,包装规格,"104 Trà Pu'er Thô: Manfei Spring 2026, 106 Trà Pu'er Thô: Daxueshan Mùa Xuân 202",CHUA_CO,,,
tweed,1,1,颜色,"màu trắng tinh khiết, Bột hoa anh thảo, màu vàng kem, cà chua đỏ, dâu tằm tím, m",GIU,,,
twenty-one,1,1,产品名称,Mặt nạ dạng viên nang SKALL Twenty-One Peptide,CHUA_CO,,,
tyococo,1,1,规格,"Xanh lá thông thường, Xanh dương thông thường, Màu tím thông thường, Màu cam thô",CHUA_CO,,,
u-xiaofang,1,1,颜色,8028. Hộp ngắn trong suốt hình vuông nhỏ 1 PET cao trong suốt có thể xếp chồng l,CHUA_CO,,,
ulmoides,1,1,包装规格,"Trà nhân sâm ngũ bảo phiên bản tiếng Anh (5g x 30 túi)/túi, Trà nhân sâm Liubao ",CHUA_CO,,,
chupu,1,1,花型,"Chupu [100% cotton] RL, Flower Fairy Rabbit [100% cotton] RL, Bó hoa mèo [100% c",CHUA_CO,,,
chuqing-blue,1,1,花型,"Miller [Cotton chải kỹ, thân thiện với da và tinh tế], Chunuan [Cotton chải kỹ, ",CHUA_CO,,,
chutian,1,1,生产厂家,Công ty TNHH Thực phẩm Hà Nam Chutian,CHUA_CO,,,
chuyun,1,1,产品规格,"(100 miếng) Mặt nạ ngủ collagen trứng cá muối Kuge, (100 miếng) Mặt nạ ngủ đóng ",CHUA_CO,,,
cinderella,1,1,花型,"Flower Bear-Mx [Bông dày được mã hóa, thân thiện với làn da khi ngủ khỏa thân], ",CHUA_CO,,,
cinnamom,1,1,包装规格,"【Huaxiang Dahongpao】 Đơn giá 75, [Hương thơm mạnh mẽ Dahongpao] Đơn giá 105, [Zh",CHUA_CO,,,
chunchen,1,1,花型,"Lớp bé loại A/Desha, Loại A trẻ sơ sinh/Qinglan Nuancui, Lớp bé loại A/Hyper Blu",CHUA_CO,,,
chunfuying,1,1,净重（规格）,"[Hai mươi món ăn nhẹ tuổi thơ] 30 gói, [Hai mươi món ăn nhẹ tuổi thơ] 60 gói, [H",CHUA_CO,,,
chunghung,1,1,花型,"Thỏ đồng quê [Dày dặn, vải chải lông mềm mại, thân thiện với da, không dễ xù lôn",CHUA_CO,,,
chunhua,1,1,花型,"Hương hoa đầy cành [100% cotton], Anna Garden [100% vải cotton], Kẹo đá Happy Ro",CHUA_CO,,,
chunmaofengzi-small,1,1,包装规格,"2026--2#Mingqiantou Picking Nectar--500g (số lượng lớn), 2026---3 # Mingqiantou ",CHUA_CO,,,
ultra-hydrating,1,1,产品名称,Mặt nạ dưỡng ẩm siêu cấp Winona Ultra-Hydrating,CHUA_CO,,,
ultraman,1,1,颜色,"Đèn ngón tay chiếu Nezha [Phong cách tóc hỗn hợp], Đèn chiếu ngón tay Ultraman [",GIU,,,
ume,1,1,产品规格,"Sữa rửa mặt in hoa, Sữa Rửa Mặt Hana Ume Sake 120g, Sữa Rửa Mặt Bọt Mịn Huayin 1",GIU,,,
umei,1,1,包装规格,"200ml đóng hộp * hoa nhài, 200ml lon * thai cúc, 200ml đóng hộp * hoa hồng, Đóng",CHUA_CO,,,
chunmeng,1,1,颜色,"W1503/4 ngẫu nhiên một hộp hoa, W1603/4 Hộp hoa ngẫu nhiên - phiên bản nâng cấp,",CHUA_CO,,,
chunmi,1,1,包装规格,"Xanh mật ong mùa thu, Hương hoa lan mật ong mùa thu, Hương Lan mật ong mùa đông,",CHUA_CO,,,
chunpai,1,1,花型,"Viễn Đại—Xám—【Túi xách tinh xảo】, Allen - Trắng - [Túi xách tay tinh xảo], Chunp",CHUA_CO,,,
chuntingxu,1,1,花型,"Chuntingxu Pro [Chất liệu cotton thoải mái, thân thiện với làn da và ngủ khỏa th",CHUA_CO,,,
chunuan,1,1,花型,"Miller [Cotton chải kỹ, thân thiện với da và tinh tế], Chunuan [Cotton chải kỹ, ",CHUA_CO,,,
chunxiao,1,1,花型,"Monica [Bông chải kỹ, ngủ khỏa thân], Xiancao 【Bông chải kỹ, ngủ khỏa thân], You",CHUA_CO,,,
chu-xiao,1,1,花型,"Quái vú-tím phô mai, Cà phê Giờ-Nơ, Cà phê Giờ Cà phê Sữa, Bánh sừng bò cà phê s",CHUA_CO,,,
chua-salad,1,1,包装规格,"Vị thịt bò-góc giòn tuyệt vời 5 kg, Cuộn rau cay 5 kg, Bánh pancake Xiaomi vị th",CHUA_CO,,,
chuanchuan,1,1,包装规格,"Big Devil Konjac chay bụng có lông Liubiju vị sốt mè 18g hộp 20 gói, Big Devil K",CHUA_CO,,,
chuang,1,1,颜色,"Đi dạo trong tuyết để tìm hoa mận, Vải gấm Trương trắng, Thuốc nhuộm màu xanh, Đ",CHUA_CO,,,
use,1,1,颜色,"Loại c kỹ thuật số miệng phẳng-túi, Hộp pha lê miệng phẳng kỹ thuật số Type-C, H",CHUA_CO,,,
uysa-cotton,1,1,颜色,"Xe đường phố-bông trắng, Xe đường phố-bông đen, TREAT mèo-trắng 100% cotton, TRE",CHUA_CO,,,
uzi,1,1,颜色,"【Hộp quà xách tay】Súng trường lắp ráp nam châm phát triển trí tuệ 8093A, 【Hộp qu",CHUA_CO,,,
v-xanh,1,1,颜色,"7101A-Áo thun cổ tròn, Cổ tròn-trắng ấm, Cổ tròn-xanh xám, Cổ tròn-xám sắt, Cổ t",CHUA_CO,,,
valentine,1,1,适用节日,"Ngày Valentine, Tết Nguyên Đán, Ngày của Cha, Ngày của Mẹ, Ngày Nhà giáo, Ngày đ",GIU,,,
uae,1,1,包装规格,"Nguyên bản 2500g số lượng lớn (khoảng 425 miếng), Hương vị nguyên bản 500g số lư",CHUA_CO,,,
vang-xu,1,1,颜色,"Màu đen-xu hướng, Ngũ cốc trắng-xu hướng, Xu hướng bạc sang trọng, Màu đỏ rượu v",CHUA_CO,,,
chuanghui,1,1,净重（规格）,"[Ba mươi loại] 120 gói, [Ba mươi loại] 90 gói, [Ba mươi loại] 60 gói, Zhou Chang",CHUA_CO,,,
chuanle,1,1,颜色,"811-364 Mengqu Duck Kitchen 【Hộp quà Trung Quốc】, 811-368 Bếp nhỏ Mengmeng Duck ",CHUA_CO,,,
chuanxiang,1,1,净重（规格）,"Weilong Konjac làm mới và đóng gói số lượng, hương vị hỗn hợp ngẫu nhiên 20 gói ",CHUA_CO,,,
chubai,1,1,颜色,"[Song of Lin Hai] Pure Ancient Dragon, [Song of Lin Hai] Qingchu Gardenia, 【Song",CHUA_CO,,,
chubby,1,1,颜色,"HBBX01-chip áo vest ren chữ, HBBX02-Áo ren tình yêu vui tươi, HBBX03-Áo ren-Magi",CHUA_CO,,,
chun'an,1,1,生产厂家,Nhà máy chế biến trà Wangfu Shouxing ở quận Chun'an,CHUA_CO,,,
chloe,1,1,花型,"K02顽皮狗-蓝（有小号）, 麦吉粉（有小号）, 511魅影-橘（有小号）, 516格调生活-蓝（有小号）, 512魅影-粉（有小号）, K01顽皮狗-桔, K",CHUA_CO,,,
vanity,1,1,颜色,"54684 Túi treo [Xe quán tính của nhà cung cấp dịch vụ thành phố] 030-67, 54685 t",CHUA_CO,,,
vanxi,1,1,花型,"Mary-bướm trắng, Mary-bướm hồng, Mary-bướm xanh lam, Mary-xám bướm, Audrey-xám c",CHUA_CO,,,
vanxing,1,1,花型,"Xanh hoàng gia xám nhạt (không vón cục - không phai màu), Dusty Rose & Light Gre",CHUA_CO,,,
variety,1,1,颜色,"0009C-Anh hùng vũ trụ, 0009D-Anh hùng vũ trụ, Bộ mặt nạ siêu nhân 6055, 209-22- ",CHUA_CO,,,
vat,1,1,套件数量,【Có Hóa Đơn VAT Chính Thức】Gỗ Wenge Tuổi Trưởng Thành + Hộp Quà Tặng,CHUA_CO,,,
vegan,1,1,颜色,"Màu đen tráng men [Mẫu màu trơn-Miếng da đơn đáy] Lỗ thấu kính lớn, Burgundy [Mà",GIU,,,
unlabel,1,1,颜色,"026#-Đen [Phiên bản tiêu chuẩn]-Không nhãn-50L, 026#-Ngụy trang [Phiên bản tiêu ",CHUA_CO,,,
chunmaojian,1,1,包装规格,"2026 Mingqian (10# Snow Bud Maojian) - Số lượng lớn 500g, 2026 Mingqian (2# Xuey",CHUA_CO,,,
view,1,1,包装规格,"Nhỏ pc Biluochun 10 túi 50g, Nhỏ pc Tieguanyin 10 túi 70g, Pc nhỏ Dragon View 10",CHUA_CO,,,
viffman,1,1,花型,"Xanh lam hoàng hôn, Màu cà phê hoàng hôn, Allen xanh lam, Mùa xuân Paris, Xanh l",CHUA_CO,,,
vilonca,1,1,产品名称,Sữa rửa mặt thanh lọc axit amin VILONCA,CHUA_CO,,,
vincelger,1,1,花型,"Treasure Garden [Kết cấu cấp mẹ và bé đích thực NUK], Aisha Fangfei [Kết cấu cấp",CHUA_CO,,,
vei,1,1,花型,Mật Đóa Dạng 【100% vải cotton chải lông / mềm mại thân thiện với da / thoáng khí,CHUA_CO,,,
velaro,1,1,尺寸,"Kiểu 1, Kiểu 2, Kiểu dáng 3, Kiểu 4, Kiểu 5, Kiểu 6, Kiểu dáng 7, Bộ 1, Bộ 2, Me",CHUA_CO,,,
venice,1,1,花型,"Máccio - Kim Đà, Máccidô - Vàng hồng, Thịnh Thế Mẫu Đơn, Thiên cảnh tuyệt đẹp - ",CHUA_CO,,,
venom,1,1,产品名称,Mặt nạ vàng chống nhăn Shangduo Retinol Snake Venom Peptide,THEO_CUM,,,
vera-meng,1,1,花型,"Isabella-Dream [có thể ngủ khỏa thân-không có bóng], Erman-Dream [có thể ngủ khỏ",CHUA_CO,,,
verano,1,1,尺寸,"Kiểu 1, Kiểu 2, Kiểu dáng 3, Kiểu 4, Kiểu 5, Kiểu 6, Kiểu dáng 7, Bộ 1, Bộ 2, Me",CHUA_CO,,,
verbenone,1,1,产品规格,Mặt nạ chống nhăn làm săn chắc da Afu Black Truffle 10 miếng/hộp [Có thể kiểm tr,CHUA_CO,,,
vermilion,1,1,颜色,"Màu đen quyến rũ [Bao da ngủ thông minh], Màu xanh đậm [Bao da ngủ thông minh]1,",CHUA_CO,,,
version,1,1,颜色,"4D-E1 có chi tiết kiểm soát giá, Máy xúc E1 - phiên bản phổ thông - màu vàng + đ",CHUA_CO,,,
version-l,1,1,颜色,[Cổng C nguyên bản thuần túy thế hệ thứ năm] Giảm tiếng ồn ANC thông minh ★ Hiệu,CHUA_CO,,,
valley-dream,1,1,花型,"Isabella-Dream [có thể ngủ khỏa thân-không có bóng], Erman-Dream [có thể ngủ khỏ",CHUA_CO,,,
valli,1,1,颜色,"Hộp quà 727 trắng bốn mùa, Hộp quà 727 gạo bốn mùa, Hộp quà 723 trắng bốn mùa, H",CHUA_CO,,,
victoria-grey,1,1,花型,"Lily-Pink Jade (Lông thỏ loại A trộn nhung sữa), Velvet Dream Butterfly-Milk Whi",CHUA_CO,,,
victoria-kaki,1,1,花型,"Bột đậu Lorna, Hoa-Tím, Victoria-Xám, Victoria-màu trắng nhạt, Victoria-Tím, Bướ",CHUA_CO,,,
victoria-khaki,1,1,花型,"Lily-Pink Jade (Lông thỏ loại A trộn nhung sữa), Velvet Dream Butterfly-Milk Whi",CHUA_CO,,,
victorian,1,1,花型,"Bột đậu Lorna, Hoa-tím, Victoria-xám, Victoria-trắng be, Victoria-tím, Bướm Nhảy",CHUA_CO,,,
chopard,1,1,花型,"Ye Yu đầy màu sắc [Thoải mái và thoáng khí—có thể ngủ khỏa thân], Tulip [thoải m",CHUA_CO,,,
chrome,1,1,材质,4 Chrome,CHUA_CO,,,
chu-li,1,1,花型,"Quái vú-tím phô mai, Cà phê Giờ-Nơ, Cà phê Giờ Cà phê Sữa, Bánh sừng bò cà phê s",CHUA_CO,,,
chu-music,1,1,花型,"Quái vú-tím phô mai, Cà phê Giờ-Nơ, Cà phê Giờ Cà phê Sữa, Bánh sừng bò cà phê s",CHUA_CO,,,
chu-shattered,1,1,花型,"Quái vú-tím phô mai, Cà phê Giờ-Nơ, Cà phê Giờ Cà phê Sữa, Bánh sừng bò cà phê s",CHUA_CO,,,
chu-sincere,1,1,花型,"Quái vú-tím phô mai, Cà phê Giờ-Nơ, Cà phê Giờ Cà phê Sữa, Bánh sừng bò cà phê s",CHUA_CO,,,
chimpanzee,1,1,尺寸,"gói đơn, Thêm mặt dây chuyền hình cún con, Thêm Vẻ Đẹp Quyến Rũ Như Chimpanzee",CHUA_CO,,,
chinchilla,1,1,花型,"Phô mai kem sữa1, Tình yêu đầu đời, Chó phồng, Tương Tư, Nhà chữ cái, Hoa anh đà",CHUA_CO,,,
chinensis,1,1,包装规格,"[Cao cấp] Chà là đỏ khô 80g, [Thùng cao] Tơ ngô 15g, [Thùng Cao] Trà Tre Lá Xanh",CHUA_CO,,,
chinoiserie,1,1,适用场景,"Tiệc đính hôn, đám cưới Chinoiserie mới: sắp xếp bàn tráng miệng, trưng bày đĩa ",CHUA_CO,,,
vida,1,1,花型,"A Gấu túi [Sợi cao cấp, mật độ cao - định lượng cao], A Ak [Sợi cao cấp, mật độ ",CHUA_CO,,,
vienna-xanh,1,1,花型,"Vienna-màu xám quý ông, Vienna-xanh nước, Vienna-bột đậu, Vienna-xám không gian,",CHUA_CO,,,
wake,1,1,颜色,Áo Cổ Trụ Cotton Nguyên Chất [Kháng Khuẩn 5A + Không Gọng] Hình Xe Hơi Khủng Lon,CHUA_CO,,,
vinylon,1,1,主面料成分2,Sợi Polyvinyl Alcohol (Vinylon),CHUA_CO,,,
violent,1,1,颜色,"Màu đen-túi đơn, Màu nâu-túi đơn, Đen-với gấu ruy băng, Nâu-với gấu ruy băng, Bộ",CHUA_CO,,,
chirp,1,1,颜色,"Áo dài tay sọc nhỏ ấm áp màu xanh che mông, Áo dài tay Chirp đầy màu sắc che cơm",CHUA_CO,,,
chitang,1,1,花型,"Xanh lam trong trẻo + Xám củ sen [mẫu hot], Xanh không gian sâu + Xanh Ti [bán c",CHUA_CO,,,
chitin,1,1,产品名称,Mặt nạ dưỡng ẩm Cloud Microcrown Chitin,CHUA_CO,,,
chive-milk,1,1,花型,"Cà phê Huaying-Light [100% Cotton Jacquard], Huagu [100% cotton jacquard], Hương",CHUA_CO,,,
chiye,1,1,包装规格,"500g đầu trà thơm vịt số 9 [nguyên liệu pha trà], 500g đầu trà thơm vị vịt số 10",CHUA_CO,,,
chic,1,1,颜色,"100 Bột Xám (Bột Xám Lạnh), [Đã được hàng ngàn người mua lại] Son bóng dạng thỏi",GIU,,,
chichitaotao,1,1,花型,"Xám đá [100% Tencel mượt mà như lụa, ngủ trần thoải mái], Tím Mãn Thiên Tinh - B",CHUA_CO,,,
chichizhi,1,1,花型,"Nhật ký của Jenny, Họa tiết kẻ caro cổ điển, Muối biển cacao, Mousse Blues, Sô c",CHUA_CO,,,
virgin,1,1,颜色,"[Cốc kẹp bình bú] Màng tinh khiết kẹp chân không cảm giác thích thú, [Cốc bình s",CHUA_CO,,,
vita-orange,1,1,花型,"K02顽皮狗-蓝（有小号）, 麦吉粉（有小号）, 511魅影-橘（有小号）, 516格调生活-蓝（有小号）, 512魅影-粉（有小号）, K01顽皮狗-桔, K",CHUA_CO,,,
vittoria,1,1,花型,"Livi màu cà phê đậm, Livi màu cà phê nhạt, Phấn ballet Dove, Đa Phù Cát Cánh Tím",CHUA_CO,,,
vivian,1,1,花型,"Ren hoa hồng - Yêu ngay từ cái nhìn đầu tiên, Ren hoa hồng - Hoa Nhan, Ren hoa h",CHUA_CO,,,
vivman,1,1,花型,"Bóng tối màu xanh, Bóng tối, Ailen Xanh, Paris Spring, Thời trang trẻ trung, màu",CHUA_CO,,,
cheechee,1,1,颜色,Trộn và kết hợp các kiểu dáng trong 50 hộp (giá thầu tối thiểu là 50 hộp) (kiểu ,CHUA_CO,,,
chidel,1,1,净重（规格）,"[Ba mươi loại] 120 gói, [Ba mươi loại] 90 gói, [Ba mươi loại] 60 gói, Zhou Chang",CHUA_CO,,,
chifu,1,1,包装规格,"Trà lễ Dahongpao một hộp 22 gói, Trà quà tặng Biluochun một hộp 30 gói, Trà nghi",CHUA_CO,,,
chigan,1,1,包装规格,"Trọng lượng mẫu khoảng [30g], [Carbon nướng Dahongpao] Đơn giá 40 nhân dân tệ, [",HANVIET,Xích Cam,,
chihua,1,1,产品规格,"Mặt nạ Astragalus Niacinamide 25ml x 5 tờ, Mặt nạ Astragalus Vaseline 25ml x 5 t",CHUA_CO,,,
chihuahua,1,1,颜色分类,"Husky (lớn), Gấu trúc khổng lồ (lớn), Labrador (cỡ lớn), Chihuahua (lớn), Mèo tr",CHUA_CO,,,
childlike,1,1,产品名称,Sữa tắm Cologne dành cho nam giới Childlike,CHUA_CO,,,
chima,1,1,包装规格,"10 miếng khoai tây chiên Qima nhiều hương vị, 20 miếng khoai tây chiên Qima hươn",CHUA_CO,,,
chime,1,1,颜色,"Model nâng cấp [1 chai 260ML]-Hilton, Nâng cấp [1 chai 260ML]-Gardenia, Nâng cấp",CHUA_CO,,,
chenpisi,1,1,包装规格,"200ml đóng hộp * hoa nhài, 200ml lon * thai cúc, 200ml đóng hộp * hoa hồng, Đóng",CHUA_CO,,,
chenran,1,1,生产厂家,Công ty TNHH Trà Yaan Chenran,CHUA_CO,,,
chenyuexi,1,1,颜色,"Màu tinh khiết hình thang-** màu đen cổ điển [nhỏ], Màu tinh khiết hình thang-**",CHUA_CO,,,
voucher,1,1,特殊提货凭证,Mã voucher SMS,CHUA_CO,,,
voyager,1,1,花型,"Huang Xiaoge [Không có bóng-không thu nhỏ-không phai màu], Lưới lớn màu xám đơn ",CHUA_CO,,,
w-laser,1,1,颜色,"Apple 20W-bộ năm chiếc nơ sắt, Bộ 5 món táo 20W-màu hồng kem bướm, Bộ 5 chiếc Ap",CHUA_CO,,,
wahaha,1,1,规格,24 miếng mười hai cung hoàng đạo/24 miếng trong hộp/chụp theo bội số của 24 (gửi,CHUA_CO,,,
walfger-caramel,1,1,花型,"Walvage-Màu xanh ô liu [Mẹ và bé Walvage-mềm, ngủ khỏa thân thoải mái và khỏe mạ",CHUA_CO,,,
chegia,1,1,适用对象,Chegia,CHUA_CO,,,
cheilitis,1,1,规格,"Một loại nén lạnh phục hồi da nhạy cảm (5 miếng/hộp), Mặt nạ phục hồi da cấp mỹ ",CHUA_CO,,,
chenglong,1,1,花型,"Chenglong và Phoenix, Bay đôi cánh, Rồng vàng phượng vàng, Trăm con thiên niên k",CHUA_CO,,,
chengnan,1,1,花型,"漫步云端【100%纯棉 亲肤透气】, 梦里星光-灰【100%纯棉 亲肤透气】, 妙语花香【100%纯棉 亲肤透气】, 木棉花-绿【100%纯棉 亲肤透气】, 天",CHUA_CO,,,
chao'an,1,1,产品厂家厂址,"Cạnh cầu góc dưới, làng Dongchang, thị trấn Fenghuang, quận Chao'an, thành phố T",CHUA_CO,,,
chaofu,1,1,生产厂家,"Changsha Chaofu Food Co., Ltd.",CHUA_CO,,,
walker,1,1,花型,"A Gấu túi [Sợi cao cấp, mật độ cao - định lượng cao], A Ak [Sợi cao cấp, mật độ ",CHUA_CO,,,
walkger,1,1,颜色,"Bộ 8 màu wdấu xám đậm, Bộ đồ 8 màu Walkger màu đen, Bộ 8 màu Walfger xám nhạt, B",CHUA_CO,,,
wall,1,1,规格尺寸,"Mô hình Volkswagen/Jetta, BMW/mini mẫu, Toyota/Lexus, Mô hình Volvo, Mẫu xe Merc",CHUA_CO,,,
walvage-blue,1,1,花型,"Walvage-Màu xanh ô liu [Mẹ và bé Walvage-mềm, ngủ khỏa thân thoải mái và khỏe mạ",CHUA_CO,,,
wanchun-meng,1,1,花型,"Isabella-Dream [có thể ngủ khỏa thân-không có bóng], Erman-Dream [có thể ngủ khỏ",CHUA_CO,,,
cherry-blue,1,1,花型,"Mèo mặt to [siêu mềm và thân thiện với da], Starry Bunny [Siêu mềm và thân thiện",CHUA_CO,,,
cherry-yellow,1,1,花型,"Mèo mặt to [siêu mềm và thân thiện với da], Starry Bunny [Siêu mềm và thân thiện",CHUA_CO,,,
chiaki,1,1,花型,"niềm vui, Xấu tính, Người yêu hoa, Cửa hàng chó dễ thương, Molan, nhảy múa duyên",CHUA_CO,,,
checkered,1,1,花型,"Người tuyết nhỏ [Loại A dành cho bà mẹ và trẻ sơ sinh], Happy Wang [Hạng A dành ",CHUA_CO,,,
wangdiantong,1,1,分销服务,"Hỗ trợ kết nối rep, Jushuitan, Wangdiantong, kết nối Qimen, giao hàng biểu mẫu n",CHUA_CO,,,
chariot,1,1,颜色,"706-83 [Tím] Xe tải biến hình, 706-83 [Đỏ] Xe tải biến hình, 706-83 [Xanh] Xe tả",GIU,,,
charlie,1,1,花型,"Yêu em gấu [100% cotton/thân thiện với làn da và mềm mại/phù hợp với học sinh], ",CHUA_CO,,,
che-xl,1,1,颜色,"Đã qua sử dụng màu đen-không có nắp-kích thước trung bình, Đã qua sử dụng màu đe",CHUA_CO,,,
chang'an,1,1,花型,"Lá Bạch Quả - Xanh Dương [Loại A, cấp độ mẹ và bé], Chanh xanh bạc hà [Loại A dà",CHUA_CO,,,
changchun,1,1,颜色,"Màu đen sang trọng, xám nhạt nâu, xanh ô liu, Màu đen và nâu cà phê thanh lịch, ",CHUA_CO,,,
changhai,1,1,生产厂家,Nhà máy chè Changhai thành phố Hengzhou,CHUA_CO,,,
wangfu,1,1,生产厂家,Nhà máy chế biến trà Wangfu Shouxing ở quận Chun'an,CHUA_CO,,,
wanghui,1,1,生产厂家,Công ty TNHH Thực phẩm Hồ Nam Wanghui,CHUA_CO,,,
wangmei,1,1,包装规格,"Bánh hoa đào đậu đỏ hồng 40g, Bánh chữ hạnh phúc 40g, Purple Love You Hương Cam ",CHUA_CO,,,
wangpingan,1,1,包装规格,"Bánh hoa đào đậu đỏ hồng 40g, Bánh chữ hạnh phúc 40g, Purple Love You Hương Cam ",CHUA_CO,,,
wangxing,1,1,花型,"Thỏ Tiên Hoa 【Vải loại A, thân thiện với da, mềm mại, không xù lông】, Chó con đá",CHUA_CO,,,
wangxingfu,1,1,包装规格,"Bánh hoa đào đậu đỏ hồng 40g, Bánh chữ hạnh phúc 40g, Purple Love You Hương Cam ",CHUA_CO,,,
wangxingren,1,1,颜色,"[Ca Xingxing] Bộ áo liền quần cotton gạc màu, [Grey Star] Jumpsuit cotton gạc mà",CHUA_CO,,,
wangyou,1,1,花型,"Cỏ Wangyou-[Không bóng không phai], Thành phố Wrangler-[Không có bóng không phai",CHUA_CO,,,
wales,1,1,花型,"Sọc Oros, Xanh Vân Tứ Xuyên, Sọc xanh đỏ, Sọc xanh lá cà phê, Họa tiết kẻ ô Wale",CHUA_CO,,,
chafu,1,1,包装规格,"Trà lễ Dahongpao một hộp 22 gói, Trà quà tặng Biluochun một hộp 30 gói, Trà nghi",CHUA_CO,,,
chajingtang,1,1,生产厂家,"Shengzhou Chajingtang Tea Industry Co., Ltd.",CHUA_CO,,,
challenge,1,1,颜色,"HT-097桌面足球赛游戏【大礼盒】, 【彩盒】987-122弹珠保龄球, 556-201欢乐锤豆豆【礼盒】, 【彩盒】556-44萌叶叠叠玩, HT-076 ",CHUA_CO,,,
cd,1,1,规格,"1 khẩu súng, 4 đĩa bay, 1 đĩa CD, 1 con quay [4 màu tùy chọn] túi, 1 súng, 4 đĩa",GIU,,,
changing,1,1,产品名称,Son môi NOVO Qinrun Warm Changing Essence,CHUA_CO,,,
changsha,1,1,生产厂家,"Changsha Chaofu Food Co., Ltd.",HANVIET,Trường Sa,,
changshu,1,1,产地,Changshu,CHUA_CO,,,
changwei,1,1,产品厂家厂址,"Số 14-1, Changwei, làng Xiandian, thị trấn Xingtian, thành phố Wuyishan, tỉnh Ph",CHUA_CO,,,
channel,1,1,颜色,"DXCK43 - Quần ngắn tay - Cute Dog Channel, DXCK42-Quần ngắn tay-Skateboard Deer,",CHUA_CO,,,
cereal's,1,1,特妆产品名称,Sữa rửa mặt làm trắng da FIVE CEREAL'S,CHUA_CO,,,
wanning-meng,1,1,花型,"Isabella-Dream [có thể ngủ khỏa thân-không có bóng], Erman-Dream [có thể ngủ khỏ",CHUA_CO,,,
wansongtang,1,1,生产厂家,Wansongtang,CHUA_CO,,,
wararmor,1,1,颜色,"777-3 Đánh tôi vịt, Cyclone WarArmor [Màu sắc ngẫu nhiên], Dấu vết chiến đấu cơ,",CHUA_CO,,,
wanfeng,1,1,花型,"Benny Dog [mô hình bà mẹ và trẻ sơ sinh được nâng cấp 7A], KT Meow [mẫu mẹ và bé",CHUA_CO,,,
wang+xiong+tan+gao+te,1,1,颜色,"[Yuetong chính hãng] Ace Driver, [Yuetong chính hãng] Tài xế cứu hỏa và cảnh sát",CHUA_CO,,,
wangdi-ka,1,1,花型,"đường trà, Wangdi-Ka, Đồng hoa sai, bướm nữ thần mặt trăng, vườn gỗ mun, Hương h",CHUA_CO,,,
catch,1,1,花型,"Tea Master [100% cotton nguyên chất, một giả sẽ bị phạt mười], Giỏ dã ngoại [100",CHUA_CO,,,
cats,1,1,花型,"""Extra Thick"" Snow Orchid Heart - [Chống vón cục - Bền màu], Happy Valley ""Extra",CHUA_CO,,,
carmine,1,1,颜色,Túi cưới màu đỏ Carmine túi vuông nhỏ,CHUA_CO,,,
carnation,1,1,颜色,"Sáu cửa hàng trong mơ của K364-369, K478-K483 Cửa Hàng Xem Đường Hai Lớp - Sáu K",CHUA_CO,,,
carnival,1,1,适用型号,"oppo reno5pro, oppo reno6 (khung kim loại), oppo reno6pro, oppo reno6pro+, oppo ",CHUA_CO,,,
carnon,1,1,花型,"Thỏ Hoa Nhài [Cotton 100% cho Mẹ và Bé], [100 bông dành cho bà mẹ và trẻ sơ sinh",CHUA_CO,,,
warsaw,1,1,花型,"Cỏ Wangyou-[Không bóng không phai], Thành phố Wrangler-[Không có bóng không phai",CHUA_CO,,,
water-fanxing,1,1,花型,"Trà sữa Manson-Bentley Blue [Thưởng thức mềm mượt và thân thiện với làn da, Mans",CHUA_CO,,,
wavo,1,1,产品类别,Giày wavo,CHUA_CO,,,
wavy,1,1,颜色,"Vỏ tai nghe Bluetooth chuỗi ngôi sao gradient M, Tai nghe Bluetooth Wavy Butt Do",CHUA_CO,,,
wax,1,1,颜色,[Cây lau nhà bằng sáp] Quét sạch bụi và loại bỏ bụi | Sơn mài bảo vệ (không có b,CHUA_CO,,,
wangyuan,1,1,颜色,Áo Cổ Trụ Cotton Nguyên Chất [Kháng Khuẩn 5A + Không Gọng] Hình Xe Hơi Khủng Lon,CHUA_CO,,,
wanhe,1,1,花型,"Vũ Nhiên [100% cotton, mềm mại, thoáng khí, thân thiện với da, thoải mái ngủ trầ",CHUA_CO,,,
wanliyang,1,1,生产厂家,Nhà máy thực phẩm Wanliyang của huyện Yueyang (Hợp tác xã tổng hợp),CHUA_CO,,,
centimet,1,1,包装规格,"Cừu vịt thơm Dancong trà gãy, Lõi trà thơm, Trà Tieguanyin vụn, Bọt trà đen hoa,",CHUA_CO,,,
casno,1,1,花型,"Thời đại Bắc Âu, Gris, Hắc Tiểu Cách, Cam Xiaoge, Họa tiết quả trám màu xám, Họa",CHUA_CO,,,
webby,1,1,颜色,"Vương miện trắng be yêu, Tình yêu vương miện nghệ, Tình yêu vương miện màu xanh ",CHUA_CO,,,
carousel,1,1,颜色,"HBBX01-chip áo vest ren chữ, HBBX02-Áo ren tình yêu vui tươi, HBBX03-Áo ren-Magi",CHUA_CO,,,
carriage,1,1,颜色,"809 Xe Đồ Thêu Đơn - Hồng, 809 Xe thêu ca rô đơn - Xanh, 809 Thêu xe ca rô đơn -",CHUA_CO,,,
casa,1,1,花型,"Angelina-Băng Xanh, Bột đậu Ba Tư, Hương hoa vàng hồng quyến rũ, Hương hoa dịu d",CHUA_CO,,,
case,1,1,颜色,"Ốp lưng Apple 18 Space - Trong suốt, Ốp lưng Apple 18 Pro Space - Trong suốt, Ốp",CHUA_CO,,,
carabiner,1,1,颜色,"[Xám] Túi leo núi dung tích lớn 55L, [Xám xanh] Túi leo núi dung tích lớn 55L, [",CHUA_CO,,,
wechat,1,1,人群,"Douyin, Cửa hàng WeChat, Pinduoduo, Xiaohongshu, JD.com, Kuaishou, dropshipping,",CHUA_CO,,,
weiguang,1,1,花型,"雾绒-白【精梳新疆全棉 亲肤裸睡】, 伯伦-白【精梳新疆全棉 亲肤裸睡】, 杜言【精梳新疆全棉 亲肤裸睡】, 繁花然【精梳新疆全棉 亲肤裸睡】, 乐禧【精梳新疆",CHUA_CO,,,
weilai,1,1,尺寸,"Sẽ không chọn? Chọn tôi [Đặt hàng ghi chú mô hình] Tùy chỉnh cao cấp 1:1, Tùy ch",CHUA_CO,,,
weimengka,1,1,花型,"Cà phê Fengyu [100% cotton jacquard, nhẹ sang trọng và cao cấp], Màu xanh lá cây",CHUA_CO,,,
weiyi,1,1,花型,"豹纹高克重 软糯亲肤 柔软舒适】, 蝶语花恋高克重 软糯亲肤 柔软舒适】, 都市夜曲高克重 软糯亲肤 柔软舒适】, 繁花梦语高克重 软糯亲肤 柔软舒适】, 飞行",CHUA_CO,,,
warcraft,1,1,产品类别,Dòng Warcraft,CHUA_CO,,,
warhawk,1,1,颜色,"Ưu đãi đặc biệt: Hộp mù Thần Tài May Mắn - Số lượng có hạn, hết hàng là hết!, Mộ",CHUA_CO,,,
warhawk-green,1,1,颜色,"237 Súng tiểu liên điện nhấp nháy màu xanh với dây đeo, 3816-Súng âm thanh và án",CHUA_CO,,,
warhawk-red,1,1,颜色,"237 Súng tiểu liên điện nhấp nháy màu xanh với dây đeo, 3816-Súng âm thanh và án",CHUA_CO,,,
catal,1,1,规格,"[Màu hồng] Kiểu cơ bản: 2 kg cát 39 phụ kiện bàn cát, [Màu hồng] Hộp quà cát Men",CHUA_CO,,,
wendy,1,1,花型,"Yêu em gấu [100% cotton/thân thiện với làn da và mềm mại/phù hợp với học sinh], ",CHUA_CO,,,
wenge,1,1,套件数量,【Có Hóa Đơn VAT Chính Thức】Gỗ Wenge Tuổi Trưởng Thành + Hộp Quà Tặng,CHUA_CO,,,
carbonate,1,1,原料与配料,"Thành phần: Bột mì, Đậu Hà Lan, Bột hạt dẻ, Dầu thực vật, Nước, Glucose, Muối, H",CHUA_CO,,,
cards,1,1,颜色,"1618-91 Bếp nhỏ dễ thương, 1618-68 Quán bar nhỏ vui nhộn, Máy tính tiền vui nhộn",GIU,,,
caribbean,1,1,系列,Cướp biển vùng Caribbean,CHUA_CO,,,
caribe,1,1,系列,Thám hiểm biển Caribe,CHUA_CO,,,
carlo,1,1,花型,"Thỏ Hoa [Không xù lông - Không phai màu], Ấn tượng ánh sáng lấp lánh [Không xù l",CHUA_CO,,,
canteen,1,1,颜色,"Sáu cửa hàng trong mơ của K364-369, K478-K483 Cửa Hàng Xem Đường Hai Lớp - Sáu K",CHUA_CO,,,
cao-classic-marshmallow,1,1,颜色,"Ba lô thế hệ thứ hai chất lượng cao - màu đen cổ điển, Ba lô thế hệ thứ hai chất",CHUA_CO,,,
cao-dune,1,1,颜色,"Ba lô thế hệ thứ hai chất lượng cao - màu đen cổ điển, Ba lô thế hệ thứ hai chất",CHUA_CO,,,
wenqu,1,1,颜色,"388-380A-Nhà vui chơi y tế, Nhà chơi 388-380C-BBQ, 506-119-Nhà chơi tủ, 7979-111",CHUA_CO,,,
weoxo,1,1,容量,"Hồng đào 80mL, Xanh tươi 80mL, Xanh oxy 80mL, Hồng đào 160mL, Xanh tươi 160mL, X",CHUA_CO,,,
whack-a-mole,1,1,颜色,"Cây đàn guitar nhỏ dễ thương 669-127, Đàn guitar vân gỗ mô phỏng 890-B51, Đàn gu",CHUA_CO,,,
wear,1,1,颜色,"9003 Đệm hơi màu đen thời trang có thanh buộc không logo, 9003 Galaxy Grey Không",CHUA_CO,,,
weave,1,1,花型,"Fange - Sọc Xanh Trắng [100% Cotton - Siêu Mềm Mại, Thoải Mái Khi Ngủ], Sketch -",CHUA_CO,,,
weaver-phong,1,1,花型,"Phong cách ren động vật, Dream Rose Garden-phong cách ren, Flower Shadow Dream W",CHUA_CO,,,
wine-full,1,1,颜色,"Mắt bầu trời da cừu màu đỏ rượu vang-dây buộc khóa da nơ đen, Mắt bầu trời da cừ",CHUA_CO,,,
wing,1,1,尺寸大小,"Núm vú không ống hút chữ thập [đóng hộp], Núm vú không ống hút lỗ Y [đóng hộp], ",CHUA_CO,,,
wings,1,1,净重（规格）,"[Hai mươi món ăn nhẹ tuổi thơ] 30 gói, [Hai mươi món ăn nhẹ tuổi thơ] 60 gói, [H",GIU,,,
wings-khaki,1,1,花型,"Modern Forest-Lan [thân thiện với làn da và mềm mại, thích hợp để ngủ khỏa thân]",CHUA_CO,,,
wings-pink,1,1,花型,"Modern Forest-Lan [thân thiện với làn da và mềm mại, thích hợp để ngủ khỏa thân]",CHUA_CO,,,
whisper-blue,1,1,花型,"Allen-White-[100% cotton, bao bì tinh tế], Spring Pie-[100% cotton, bao bì tinh ",CHUA_CO,,,
whisper-green,1,1,颜色,"Rain or Shine Diary Blue [Khuyến nghị], Green Smiley Hi [Được đề xuất], Gấu Kahi",CHUA_CO,,,
whispers,1,1,花型,"Wu Anxin (thủ công thêu một chữ cotton), Ngôi nhà bí ngô (thủ công thêu một chữ ",CHUA_CO,,,
white-blue,1,1,颜色,"Chiến Thánh (phiên bản wifi), Little White-Blue (phiên bản wifi), Little White-P",CHUA_CO,,,
white-champagne,1,1,花型,"Kết hợp hai màu-sữa lắc trắng + hồng, Kết hợp hai màu - sữa trắng + trà sữa, Kết",CHUA_CO,,,
white-mask,1,1,产品规格,"敷尔佳DNA钠水光焕采紧塑面膜5片/盒 有官方防伪码, 敷尔佳胶原璀璨嘭弹乳霜面膜5片/盒（钢铁侠面膜） 有官方防伪码, 【2.0】敷尔佳舒安水500ml 有官",CHUA_CO,,,
white-middle,1,1,颜色,"Ba lớp màu trắng ngà cực lớn (90% người mua lựa chọn), Ba lớp màu kem cực lớn (9",CHUA_CO,,,
white-pink,1,1,颜色,"Chiến Thánh (phiên bản wifi), Little White-Blue (phiên bản wifi), Little White-P",CHUA_CO,,,
white-zipper,1,1,颜色,"Haoyue White-zipper [Giao diện sạc USB giá đỡ cốc gấp], Mô hình khóa kéo màu đen",CHUA_CO,,,
whitehead,1,1,花型,"Gió mùa xuân cách xa mười dặm, Tình yêu bất tận, Qinse thế kỷ, Whitehead cùng nh",CHUA_CO,,,
wen,1,1,产地,Huyện Giaozuo Wen,CHUA_CO,,,
wilderness-orange,1,1,花型,"Wilderness-Orange [Bông loại A chất lượng cao, ấm áp và thân thiện với làn da hơ",CHUA_CO,,,
wildflower,1,1,花型,"Thỏ Hoa Nhài [Cotton 100% cho Mẹ và Bé], [100 bông dành cho bà mẹ và trẻ sơ sinh",CHUA_CO,,,
willfa,1,1,规格尺寸,"Senna/Grevia/Grevia, Toyota CHR/Yize, Toyota Ralink/Corolla/Sư tử châu Á/Ling Sh",CHUA_CO,,,
william-ge,1,1,花型,"Wilderness-Orange [Bông loại A chất lượng cao, ấm áp và thân thiện với làn da hơ",CHUA_CO,,,
cao-tay,1,1,颜色,"Bộ hộp xếp chồng tay cầm vuông dài 2 cao-2 cực cao-1 A, 2 Cao - 1 Dài - Hộp xếp ",CHUA_CO,,,
cao-ym,1,1,花型,"Muối biển ca cao-ym, Hoa nhài trà trắng-ym, Mây bùn khoai môn-ym, Sữa dày Zhizhi",CHUA_CO,,,
caoantang,1,1,特妆产品名称,Sữa rửa mặt làm sạch và làm trắng da Caoantang,GIU,,,
capibala,1,1,花型,"Bi Han + Biển Hoa Fangfei [Bộ bốn món nhung sữa có trọng lượng cao], Beihan + Ng",CHUA_CO,,,
capilla,1,1,颜色,"Bộ tài khoản vui nhộn (ngẫu nhiên) CY-97, Chú Gấu Dễ Thương Thợ Thủ Công Nhỏ 811",CHUA_CO,,,
cappuccino,1,1,花型,"Little Daisy [Loại A siêu mềm, ngủ khỏa thân], Aisha [Loại A siêu mềm, ngủ khỏa ",CHUA_CO,,,
camellia-yanzi,1,1,花型,"Camellia-mint green [sữa nhung dày dặn, chống tĩnh điện, không bong tróc], Camel",CHUA_CO,,,
cammel,1,1,花型,"sương trăng xanh, mù sương mù, Trà sữa kết hợp đôi màu xám vừa, Phô mai đôi màu ",CHUA_CO,,,
campuchia,1,1,毛重,Việt Nam Lào Campuchia Thái Lan Myanmar Malaysia Singapore Indonesia Brunei Phil,GIU,,,
camry,1,1,规格尺寸,"Senna/Grevia/Grevia, Toyota CHR/Yize, Toyota Ralink/Corolla/Sư tử châu Á/Ling Sh",GIU,,,
can-xanh,1,1,颜色,"7101A-Áo thun cổ tròn, Cổ tròn-trắng ấm, Cổ tròn-xanh xám, Cổ tròn-xám sắt, Cổ t",CHUA_CO,,,
wind-green,1,1,花型,"Cỏ tiên (top1), Hoa anh đào (top3), Wanran (khuyến nghị!), Cuộc sống hạnh phúc (",CHUA_CO,,,
wrangler,1,1,花型,"Cỏ Wangyou-[Không bóng không phai], Thành phố Wrangler-[Không có bóng không phai",CHUA_CO,,,
wish-cream,1,1,花型,"Bragg-Mountain Grey [Loại A cotton tinh khiết] mềm mại và thân thiện với làn da,",CHUA_CO,,,
cangye,1,1,颜色,"Màu đen phiên bản cao, Màu trắng cao, Màu tím bản cao, Màu hồng cao, Phiên bản c",CHUA_CO,,,
cangyue,1,1,花型,"Bột dải mật độ cation---ycj, Dải mật độ cation màu cam --- ycj, Dải mật độ catio",CHUA_CO,,,
cangzhou,1,1,产地,Cangzhou,CHUA_CO,,,
canopy-lubikin,1,1,颜色,"[6 mẫu xe ngẫu nhiên 1] xe thể thao hai cửa, [Đỏ] SF90-Đóng gói, [Vàng] SF90-Đón",CHUA_CO,,,
calofu,1,1,花型,"Hoa mộc lan, Xám mocha, Hồng quyến rũ, Hoa hồng tím, Kho báu mây, Thỏ con, Sọc s",CHUA_CO,,,
wish-fragrant,1,1,花型,"Bragg-Mountain Grey [Loại A cotton tinh khiết] mềm mại và thân thiện với làn da,",CHUA_CO,,,
wish-graphite,1,1,花型,"Bragg-Mountain Grey [Loại A cotton tinh khiết] mềm mại và thân thiện với làn da,",CHUA_CO,,,
wish-mountain,1,1,花型,"Bragg-Mountain Grey [Loại A cotton tinh khiết] mềm mại và thân thiện với làn da,",CHUA_CO,,,
wish-porcelain,1,1,花型,"Bragg-Mountain Grey [Loại A cotton tinh khiết] mềm mại và thân thiện với làn da,",CHUA_CO,,,
wish-qingdai,1,1,花型,"Bragg-Mountain Grey [Loại A cotton tinh khiết] mềm mại và thân thiện với làn da,",CHUA_CO,,,
wish-wind,1,1,花型,"Bragg-Mountain Grey [Loại A cotton tinh khiết] mềm mại và thân thiện với làn da,",CHUA_CO,,,
wizard,1,1,颜色,"Cuộc phiêu lưu trong rừng, Câu chuyện rừng, Vòng cổ chuối mật ong yêu tinh folio",CHUA_CO,,,
woaojia,1,1,颜色分类,"Sữa rửa mặt tạo bọt Woaojia 300ml (nắp thường), Chất tẩy rửa tạo bọt WoHaojia 65",CHUA_CO,,,
wilderness-green,1,1,花型,"Wilderness-Orange [Bông loại A chất lượng cao, ấm áp và thân thiện với làn da hơ",CHUA_CO,,,
wonderland-princess-cotton,1,1,颜色,"Alice in Wonderland-Princess-Cotton Set, Bộ đồ công chúa nấm ren nhỏ, Bộ đồ công",CHUA_CO,,,
camellia-angora,1,1,花型,"Camellia-mint green [sữa nhung dày dặn, chống tĩnh điện, không bong tróc], Camel",CHUA_CO,,,
camellia-caramel,1,1,花型,"Camellia-mint green [sữa nhung dày dặn, chống tĩnh điện, không bong tróc], Camel",CHUA_CO,,,
camellia-first,1,1,花型,"Camellia-mint green [sữa nhung dày dặn, chống tĩnh điện, không bong tróc], Camel",CHUA_CO,,,
camellia-mint,1,1,花型,"Camellia-mint green [sữa nhung dày dặn, chống tĩnh điện, không bong tróc], Camel",CHUA_CO,,,
camellia-mist,1,1,花型,"Camellia-mint green [sữa nhung dày dặn, chống tĩnh điện, không bong tróc], Camel",CHUA_CO,,,
camellia-navy,1,1,花型,"Camellia-mint green [sữa nhung dày dặn, chống tĩnh điện, không bong tróc], Camel",CHUA_CO,,,
camellia-platinum,1,1,花型,"Camellia-mint green [sữa nhung dày dặn, chống tĩnh điện, không bong tróc], Camel",CHUA_CO,,,
camellia-willow,1,1,花型,"Camellia-mint green [sữa nhung dày dặn, chống tĩnh điện, không bong tróc], Camel",CHUA_CO,,,
cactus,1,1,颜色,"Bí Ngô Trắng [100% Cotton + Kháng Khuẩn 5A + Không Đường May] 6052, Bí ngô đáy g",CHUA_CO,,,
caibobo,1,1,花型,"Thỏ Hoa Nhài [Cotton 100% cho Mẹ và Bé], [100 bông dành cho bà mẹ và trẻ sơ sinh",CHUA_CO,,,
caici,1,1,产品规格,Mặt nạ làm dịu hoa cúc Caici 25mlX1 miếng,CHUA_CO,,,
caige,1,1,花型,"Gấu cổ điển [Vải loại A thân thiện với da và mềm mại], Bản ghi nhớ thú cưng dễ t",CHUA_CO,,,
wooden,1,1,颜色,"[Thỏ hoa Khaki] Bộ đồ cotton lưng cao bảo bụng, [Hoa hồng] Bộ đồ cotton bảo vệ b",CHUA_CO,,,
woodland,1,1,颜色,"Đào tạo--Giấc mơ Trung Quốc, Đào tạo--Xiaohua, Đào tạo--Woodland, Huấn luyện--Co",CHUA_CO,,,
workshop,1,1,颜色,"Vườn Hoa Màu Hồng Cherry 232 Chiếc-Hộp Màu, Hộp màu hồng Rose Lane 239 chiếc, Hộ",CHUA_CO,,,
xanh-dimeng,1,1,花型,"Bentley Blue-Dimeng, Fanxing Lan-Dimeng, Xám cao cấp-Dimeng, Mi Ca-Dimeng, Đậu m",CHUA_CO,,,
wubaocha,1,1,包装规格,"Túi trà Wubao 5g 20 túi (chỉ đặt hàng ngoại thương xuyên biên giới, không giao h",CHUA_CO,,,
wudongjiao,1,1,包装规格,"500g đầu trà thơm vịt số 9 [nguyên liệu pha trà], 500g đầu trà thơm vị vịt số 10",CHUA_CO,,,
wuduo,1,1,包装规格,"500g đầu trà thơm cặn vịt số 12 [nguyên liệu trà sữa], 500g đầu trà thơm cặn vịt",CHUA_CO,,,
cailan,1,1,颜色,"Xanh quân đội, đen, trắng, màu xám đậm, Cailan, Hồ nước xanh, màu xanh nhạt",CHUA_CO,,,
calming,1,1,产品规格,"Mật ong 25ml/viên [Chỉ dành cho xuất khẩu, cấm bán trong nước. Mua hàng đồng ngh",CHUA_CO,,,
butt,1,1,颜色,"Vỏ tai nghe Bluetooth chuỗi ngôi sao gradient M, Tai nghe Bluetooth Wavy Butt Do",GIU,,,
butterfly-milk,1,1,花型,"Lily-Pink Jade (Lông thỏ loại A trộn nhung sữa), Velvet Dream Butterfly-Milk Whi",CHUA_CO,,,
butterfly-sky,1,1,花型,"Lily-Pink Jade (Lông thỏ loại A trộn nhung sữa), Velvet Dream Butterfly-Milk Whi",CHUA_CO,,,
butterfly-xanh,1,1,颜色,"Màu hồng, Màu tím nhạt, trời xanh, Bướm Báo Đốm - Tím, Bướm da báo - Xanh quân đ",CHUA_CO,,,
wuji,1,1,产品厂家厂名,Công ty TNHH Trà Phúc Kiến Wuji,CHUA_CO,,,
wujie,1,1,产品厂家厂址,"Số 11, Đường Wujie, Quận Nam Đầu, Đài Loan",CHUA_CO,,,
wujing,1,1,颜色,"Tình yêu đầu tiên Gardenia [1 chai], Hoa nhài tươi [1 chai], Quê hương Osmanthus",CHUA_CO,,,
wuling,1,1,颜色,"Kẹp kính kẹp đôi [mẫu không tiêu chuẩn], Kẹp kính kẹp đôi 【công chú】, Kẹp kính k",CHUA_CO,,,
wuniu,1,1,本款龙井和产地简介,"Chủ yếu được sản xuất ở khu vực Phật lớn của Xinchang, Thiệu Hưng, tỉnh Chiết Gi",CHUA_CO,,,
wonderful,1,1,花型,"Yêu em gấu [100% cotton/thân thiện với làn da và mềm mại/phù hợp với học sinh], ",CHUA_CO,,,
wusu,1,1,颜色,"201 # hạt dẻ, 202 # cà phê sữa, 203 # thanh long, 204 # Wusu, 206 # đỏ Tây Tạng,",CHUA_CO,,,
wuying,1,1,花型,"Hoa mùa xuan-xanh [Từ chối cái nóng và mềm mượt, ngủ khỏa thân và thoát mồ hôi],",CHUA_CO,,,
ca-dimeng,1,1,花型,"Bentley Blue-Dimeng, Fanxing Lan-Dimeng, Xám cao cấp-Dimeng, Mi Ca-Dimeng, Đậu m",CHUA_CO,,,
cabu,1,1,花型,"Màu tím Cabu [Vải loại A mềm mại, thân thiện với da], Mèo Trái Tim [Vải loại A m",CHUA_CO,,,
cachi,1,1,颜色,"Màu trắng, Màu đen, Màu xám than, Màu trắng màu cachi, Màu xanh lục sương mù",CHUA_CO,,,
bulk-white,1,1,颜色,"Số lượng lớn-Đen (40 cốc hút hai mặt vuông), Bulk-White (40 giác hút hai mặt vuô",CHUA_CO,,,
bulldog,1,1,花型,"Cỏ tiên (top1), Hoa anh đào (top3), Wanran (khuyến nghị!), Cuộc sống hạnh phúc (",CHUA_CO,,,
bumblebee,1,1,颜色,"Khủng long biến hình H25 [2 màu ngẫu nhiên], Khủng long biến hình H27 [2 màu ngẫ",GIU,,,
bump,1,1,颜色,"HT-097桌面足球赛游戏【大礼盒】, 【彩盒】987-122弹珠保龄球, 556-201欢乐锤豆豆【礼盒】, 【彩盒】556-44萌叶叠叠玩, HT-076 ",CHUA_CO,,,
bundle,1,1,产品名称,MSMEESHU Honey Bundle Jelly dưỡng ẩm môi,CHUA_CO,,,
wuzhai,1,1,包装规格,"Trà trắng hoa nhài bánh nhỏ 200g (1 hộp), Trà Phổ Nhĩ chín vỏ quýt bánh nhỏ 200g",HANVIET,Ngũ Trại,,
xanh-c,1,1,颜色,"Màu xám đậm-chữ C chuyển động một lớp liền nhau, Xanh-C chuyển động một lớp dính",CHUA_CO,,,
xanh-ca,1,1,花型,"Tre xanh-ca rô màu, Tre xanh-Thanh trái cây, Lưới trúc xanh-cam, Tre xanh lam ca",CHUA_CO,,,
xanh-cam,1,1,花型,"Tre xanh-ca rô màu, Tre xanh-Thanh trái cây, Lưới trúc xanh-cam, Tre xanh lam ca",CHUA_CO,,,
xanh-caro,1,1,花型,"Tre xanh-ca rô màu, Tre xanh-Thanh trái cây, Lưới trúc xanh-cam, Tre xanh lam ca",CHUA_CO,,,
xanh-champagne,1,1,花型,"Kết hợp hai màu-sữa lắc trắng + hồng, Kết hợp hai màu - sữa trắng + trà sữa, Kết",CHUA_CO,,,
xanh-eo,1,1,颜色,"1620-vàng xanh-góc vuông (số lượng lớn), 1620-vàng xanh-góc tròn (số lượng lớn),",CHUA_CO,,,
xanh-extra,1,1,颜色,"[Hình chữ nhật] mèo màu hồng nhỏ, [Hình chữ nhật] Mèo màu hồng cỡ trung bình, [H",CHUA_CO,,,
xanh-thanh,1,1,花型,"Tre xanh-ca rô màu, Tre xanh-Thanh trái cây, Lưới trúc xanh-cam, Tre xanh lam ca",CHUA_CO,,,
xanh-tim,1,1,颜色,"Vỏ bạc màu-đen-tim TB, Vỏ bạc màu-trắng-tim TB, Vỏ bạc màu-màu xanh-tim TB, Vỏ b",CHUA_CO,,,
xanh-vi,1,1,颜色,"Mở rộng vi mô màu đen cổ điển, Trắng cổ điển-vi mở rộng, Màu xám đậm-vi mở rộng,",CHUA_CO,,,
burn,1,1,包装规格,"18g konjac làm mới và hương vị cay, 18g konjac làm mới và vị cay, 18g Konjac Shu",GIU,,,
business,1,1,颜色,[Business Black] [Mẫu dây kéo được lựa chọn cẩn thận] Hai lớp dày chống xước và ,THEO_CUM,,,
buggy,1,1,颜色,"1:22 Xe thể thao Farah màu đỏ điều khiển từ xa (sạc bốn chiều), 1:22 Xe thể thao",CHUA_CO,,,
bugse,1,1,花型,"Màu tinh khiết màu tím tuyết [loại A dày 100% cotton], Ánh sáng rực rỡ của hoàng",CHUA_CO,,,
bujia,1,1,包装规格,"Nguyên bản 2500g số lượng lớn (khoảng 425 miếng), Hương vị nguyên bản 500g số lư",CHUA_CO,,,
bujian,1,1,包装规格,"Xinmingxiang véo nửa cân và lấy một lon (khu vực sản xuất cốt lõi, hương hoa dàn",HANVIET,Bố Tiêm,,
xanh-xu,1,1,颜色,"Màu đen-xu hướng, Ngũ cốc trắng-xu hướng, Xu hướng bạc sang trọng, Màu đỏ rượu v",CHUA_CO,,,
xanxay,1,1,颜色,Bộ đồ Gió Thơm Xanxay,CHUA_CO,,,
xi-haiqing,1,1,花型,"Hoa mùa xuan-xanh [Từ chối cái nóng và mềm mượt, ngủ khỏa thân và thoát mồ hôi],",CHUA_CO,,,
xi-ming,1,1,花型,"Hoa mùa xuan-xanh [Từ chối cái nóng và mềm mượt, ngủ khỏa thân và thoát mồ hôi],",CHUA_CO,,,
xiaguang,1,1,颜色,"[Xiaguang Orange] Hộp đựng đồ dưới bảng điều khiển trung tâm 1 gói, [Yunduo Whit",CHUA_CO,,,
xiandi,1,1,产品厂家厂址,"Tòa nhà 2, số 2, đường Xiandi, thị trấn Xingtian, thành phố Wuyishan",CHUA_CO,,,
xiangbrai,1,1,颜色,"Màu trắng sữa, Màu đen, Nắp trắng phối hoa trắng, Màu trà sữa, Màu nâu phủ vải t",CHUA_CO,,,
bulang,1,1,包装规格,"Trà thơm dẻo: 108g/6g * 18 tuo/hộp, Trà nấu ngọt: 126g/7g * 18 bánh/hộp, Trà nấu",CHUA_CO,,,
buleu,1,1,花型,"Xám ánh kim [Phù hợp để ngủ không mặc đồ], Trà sữa [phù hợp để ngủ không mặc gì]",CHUA_CO,,,
bulk,1,1,颜色,"Bộ hộp xếp chồng tay cầm vuông dài 2 cao-2 cực cao-1 A, 2 Cao - 1 Dài - Hộp xếp ",CHUA_CO,,,
bulk-grass,1,1,颜色,"Số lượng lớn-Đen (40 cốc hút hai mặt vuông), Bulk-White (40 giác hút hai mặt vuô",CHUA_CO,,,
bulk-lake,1,1,颜色,"Số lượng lớn-Đen (40 cốc hút hai mặt vuông), Bulk-White (40 giác hút hai mặt vuô",CHUA_CO,,,
bulk-orange,1,1,颜色,"Số lượng lớn-Đen (40 cốc hút hai mặt vuông), Bulk-White (40 giác hút hai mặt vuô",CHUA_CO,,,
bulk-pink,1,1,颜色,"Số lượng lớn-Đen (40 cốc hút hai mặt vuông), Bulk-White (40 giác hút hai mặt vuô",CHUA_CO,,,
bulk-red,1,1,颜色,"Số lượng lớn-Đen (40 cốc hút hai mặt vuông), Bulk-White (40 giác hút hai mặt vuô",CHUA_CO,,,
bulk-sky,1,1,颜色,"Số lượng lớn-Đen (40 cốc hút hai mặt vuông), Bulk-White (40 giác hút hai mặt vuô",CHUA_CO,,,
bubolimi,1,1,花型,"Bobo xanh, Mèo con trong bụi hoa, Bubolimi, Tím Bobo, Điểm lấp lánh như sao trời",CHUA_CO,,,
xiangchataotou,1,1,包装规格,"9,5 nhân dân tệ/jin Songyang Xiangchataotou [ 25kg / hộp], 13 nhân dân tệ/jin Tr",CHUA_CO,,,
xiangfeng,1,1,花型,"Bi Han + Biển Hoa Fangfei [Bộ bốn món nhung sữa có trọng lượng cao], Beihan + Ng",CHUA_CO,,,
xiangfu,1,1,生产厂家,Công ty TNHH Trà Xiangfu thành phố Giang Môn,CHUA_CO,,,
xianggui,1,1,包装规格,"Kim vàng nhỏ 1 catty 90 nhân dân tệ vận chuyển số lượng lớn, Kim vàng lớn thông ",CHUA_CO,,,
xianghuayun,1,1,包装规格,"500g Trà Ô Long Tieguanyin Thơm Ngát, Hạng 7.5 [Nguyên Liệu Pha Trà Điện Tử], 50",CHUA_CO,,,
xiangli,1,1,颜色,"k364—K369 Dream Shop trọn bộ 6 kiểu, K400-K405 bán trọn bộ 6 mẫu xe đẩy, Bộ 6 mẫ",CHUA_CO,,,
bueno,1,1,颜色,"Ba lô vải kaki, Ba lô vải bố màu tím nhạt, Ba lô vải bố màu xám nhạt, Ba lô Buno",CHUA_CO,,,
bufandi,1,1,生产厂家,Công ty TNHH Kẹo Bufandi Fanmeile (Trung Quốc) Chi nhánh Thượng Hải Minhang,CHUA_CO,,,
buffy,1,1,花型,"Nếu mưa, Chiba, Một tâm một ý - Xám, Thỏ Tiên Nữ - Hồng, Ailinger - Cà phê, Gấu ",CHUA_CO,,,
bronze,1,1,产品名称,Tiyanshe Blue Bronze Star Crystal Moisturizing Luxury Mask,CHUA_CO,,,
brooklyn,1,1,花型,"Yêu em gấu [100% cotton/thân thiện với làn da và mềm mại/phù hợp với học sinh], ",CHUA_CO,,,
brother,1,1,花型,"Quả bóng lông sinh nhật [nhung ấm áp hai mặt, thân thiện với làn da và tinh tế],",CHUA_CO,,,
brothers,1,1,包装规格,"500g đầu trà thơm vịt số 9 [nguyên liệu pha trà], 500g đầu trà thơm vị vịt số 10",CHUA_CO,,,
xianglong,1,1,包装规格,"Bộ Quà Tặng Trà Cao Cấp ""Ngàn Dặm Sông Núi"" (330g), Hộp quà sáu tầng Guochao Jia",CHUA_CO,,,
xiangluo,1,1,包装规格,Son môi Lihua Golden Needle số 1 (Thu hoạch đầu núi cao ở khu vực sản xuất cốt l,HANVIET,Hương Loa,,
xiangmanting-be,1,1,花型,"Phong cách ấn tượng-Bột lá thơm [Vải cotton mềm mại và thân thiện với làn da], S",CHUA_CO,,,
xiangmi,1,1,颜色,"W1503/4 ngẫu nhiên một hộp hoa, W1603/4 Hộp hoa ngẫu nhiên - phiên bản nâng cấp,",CHUA_CO,,,
xiangpin,1,1,产品规格,"Mặt nạ dưỡng ẩm làm dịu lô hội Duanlan 25ml/miếng, Mặt nạ làm dịu cỏ xanh nam Xi",CHUA_CO,,,
xiangsheng,1,1,包装规格,"顺风顺水30罐大红袍, 鸿运当头陶瓷双罐金骏眉, 礼韵大红袍礼盒装, 鸿运当头十大茗茶, Hộp quà tặng bốn loại trà nổi tiếng",CHUA_CO,,,
xiangsi,1,1,花型,"Niềm vui của chú thỏ | Loại A dành cho mẹ và bé / Mềm mại thân thiện với da, khô",THAY,tương tư,,
xiangzhengmei,1,1,包装规格,"XH8细绿显毫碧螺春2026年新茶——特细绿显毫浓香高回甘耐泡款, W1 Rizhao Yunwu Xiangzhengmei Trà Xanh 2026 Tr",CHUA_CO,,,
brownie,1,1,花型,"My Melody - Đào Ngọt Ngào, Hellokitty-Người yêu Loli, Chấm bi cầu vồng, Nhật ký ",GIU,,,
bru,1,1,花型,Loại A bà mẹ và trẻ sơ sinh màu tinh khiết phong cách Nhật Bản & [sữa & trà] siê,CHUA_CO,,,
brueland,1,1,花型,"Trắng + Xanh Đậu [100% cotton, thân thiện với da và thoải mái], Brueland sycamor",CHUA_CO,,,
bruga,1,1,花型,"Đá + Xám, Màu xanh hoàng gia + xám nhạt, Trái cây xanh + kaki, lưới đen trắng, l",CHUA_CO,,,
bruland,1,1,花型,"100% cotton - trắng + xanh đậu - không vón cục và không phai màu, 100% cotton - ",CHUA_CO,,,
brunei,1,1,毛重,Việt Nam Lào Campuchia Thái Lan Myanmar Malaysia Singapore Indonesia Brunei Phil,CHUA_CO,,,
brushed,1,1,花型,"Màu hồng phấn nhạt (màu trơn), Nâu nhạt - trà sữa - chải (phối hai màu), Trà sữa",CHUA_CO,,,
branch,1,1,颜色,"Sáu cửa hàng trong mơ của K364-369, K478-K483 Cửa Hàng Xem Đường Hai Lớp - Sáu K",CHUA_CO,,,
bread,1,1,颜色,"ATH02 Rồng non, ATH03 Bread Dog (giá thanh lý), ATH04 táo đỏ (giá thanh lý), ATH",CHUA_CO,,,
xiangzhiwang,1,1,生产厂家,Công ty TNHH thực phẩm Hebi Xiangzhiwang,CHUA_CO,,,
xianlaishicha,1,1,包装规格,"500g cụm đơn loài Song (Hộp quà Triều Châu), Honey Orchid No. 7 500g đóng hộp 14",CHUA_CO,,,
xianlemei,1,1,包装规格,"Xoài khô 100g, Xoài khô 60g, Dâu tây khô 50g, Dứa khô 50g, Đào vàng khô 60g, Quả",CHUA_CO,,,
xiaoan,1,1,包装规格,"【Zhengshan Xiaoan】 Gói nếm 50g, [Lapsang Souchong] 250g mỗi túi, 【Zhengshan Xiao",CHUA_CO,,,
xiaobai,1,1,产品名称,Sữa rửa mặt axit amin ống Xiaobai,CHUA_CO,,,
xiaobo,1,1,包装规格,"125g Zhengshan Kosa (25 gói), 250g Zhengshan Mino (50 gói), 500g Zhengshan Xiaob",CHUA_CO,,,
xiaodu,1,1,颜色,"I2 đen (kiểu dáng thông thường), I2 tím (kiểu thông thường), I2 tím (Xiaodu AI),",CHUA_CO,,,
breath,1,1,颜色,"Bầu trời trắng đầy sao, Bầu trời đầy sao đen, Trắng đầy sao [3D + chip], Đen đầy",CHUA_CO,,,
bright-dream,1,1,花型,"Isabella-Dream [có thể ngủ khỏa thân-không có bóng], Erman-Dream [có thể ngủ khỏ",CHUA_CO,,,
brilliant,1,1,颜色,"Công nghệ xanh huỳnh quang + tấm carbon + đáy cao su, Công nghệ Ziweixing + tấm ",CHUA_CO,,,
brocade,1,1,花型,"Wu Anxin (thủ công thêu một chữ cotton), Ngôi nhà bí ngô (thủ công thêu một chữ ",CHUA_CO,,,
brocade-jade,1,1,花型,"Jensen-Yellow (Thiết kế viền vỏ chải dày bằng cotton loại A), Jensen-Pink (Thiết",CHUA_CO,,,
boxed,1,1,产品规格,"[Đỏ hộp] Sữa rửa mặt làm trắng da 120g, [Boxed White] Sữa Rửa Mặt Làm Trắng Da 1",CHUA_CO,,,
xiaofang,1,1,包装规格,Trầm hương táo tàu 2015 bánh trà trắng cũ 10g mẫu trà khuyến nghị chính đơn giá ,CHUA_CO,,,
xiaog,1,1,花型,"lưới dâu tằm, lưới vôi, Lưới kem, lưới ô liu, lưới đen trắng, Huang Xiaog, Đậu đ",CHUA_CO,,,
xiaoheige,1,1,花型,"Mi Xiaoge YCJ [Có thể ngủ khỏa thân đã được kiểm tra chất lượng], Lime lưới YCJ ",CHUA_CO,,,
xiaojiajian,1,1,包装规格,Jasmine Xiaojiajian A2,CHUA_CO,,,
xiaojinya,1,1,包装规格,"0.5kg Nước Trà Đen CTC Assam - Giá $13, Giá một catty trà đen Dian số 1 14 nhân ",CHUA_CO,,,
xiaojun,1,1,颜色,"2298 đen lớn, 2298 Kaki lớn, 2298 lớn màu xám, 2298 Hắc Diệp, 2298 thẻ nhỏ có th",CHUA_CO,,,
xiangxue,1,1,花型,"Lớp bé loại A/Desha, Loại A trẻ sơ sinh/Qinglan Nuancui, Lớp bé loại A/Hyper Blu",CHUA_CO,,,
xiangying,1,1,花型,Hoa Y - Tím [100% cotton phong cách sang trọng nhẹ nhàng / Loại A chuẩn an toàn ,CHUA_CO,,,
xiangzhao,1,1,生产厂家,Ngành trà Xiangzhao,CHUA_CO,,,
brachio,1,1,颜色,"Biến dạng hợp kim mạ điện 【Tyrannosaurus rex 】, Biến dạng hợp kim mạ điện 【Stego",CHUA_CO,,,
brachiosaurus,1,1,颜色,"Khóa kéo hai chiều hình gấu Koala hồng., Khóa kéo hai chiều chữ màu xám, Dây kéo",CHUA_CO,,,
bragg-benbai,1,1,花型,"Bragg-Mountain Grey [Loại A cotton tinh khiết] mềm mại và thân thiện với làn da,",CHUA_CO,,,
bragg-bentley,1,1,花型,"Bragg-Mountain Grey [Loại A cotton tinh khiết] mềm mại và thân thiện với làn da,",CHUA_CO,,,
bragg-mountain,1,1,花型,"Bragg-Mountain Grey [Loại A cotton tinh khiết] mềm mại và thân thiện với làn da,",CHUA_CO,,,
borory,1,1,产品规格,"Mặt nạ trẻ hóa Han Se Kylin 10 miếng/hộp, Mặt nạ Sarinsa chống nhăn và co giãn 1",CHUA_CO,,,
borun,1,1,花型,Mật Đóa Dạng 【100% vải cotton chải lông / mềm mại thân thiện với da / thoáng khí,CHUA_CO,,,
xiaolongzhu,1,1,包装规格,"104 Trà Pu'er Thô: Manfei Spring 2026, 106 Trà Pu'er Thô: Daxueshan Mùa Xuân 202",CHUA_CO,,,
xiaolu-xanh,1,1,颜色,"Sạc trực tiếp USB) Máy kể chuyện điện thoại di động Xiaolu-xanh, Sạc trực tiếp U",CHUA_CO,,,
xiaomeng,1,1,尺寸大小,"防呛吸嘴(保温杯/水杯), 直通吸嘴（保温杯/水杯）, Ống uống trực tiếp (bình chân không), Ống uống trực ",CHUA_CO,,,
xiaomiao,1,1,花型,"Monica [Bông chải kỹ, ngủ khỏa thân], Xiancao 【Bông chải kỹ, ngủ khỏa thân], You",CHUA_CO,,,
xiaoming,1,1,花型,"trà, Mực nhuộm Qingyun-Ca, đường trà, Màu xám ca rô, con báo cổ điển, Làm hài lò",CHUA_CO,,,
xiaochigan,1,1,包装规格,"Lapsang Souchong hương mật hoa (jin/38 nhân dân tệ), Lanyun Lapsang Souchong (ji",CHUA_CO,,,
xiaochong,1,1,包装规格,"金骏眉云芽, Zhengshan Xiaosan2, Trà đen số 2, Jin Junmei ba nụ, Trà đen số 1, Jinjunm",HANVIET,Tiểu Chủng,,
xiaodai,1,1,花型,"Ren nhỏ-chấm sóng trắng hồng [Bông siêu mềm/mềm mại, thân thiện với làn da], Ren",CHUA_CO,,,
xiaodou,1,1,净重（规格）,"[Ba mươi loại] 120 gói, [Ba mươi loại] 90 gói, [Ba mươi loại] 60 gói, Zhou Chang",CHUA_CO,,,
xiaoshan,1,1,包装规格,"Zhengshan Koso 500g, Trà dại loại nhỏ 500g, Zhengshan Xiaoshan dải mỏng 500g, Ji",CHUA_CO,,,
boss,1,1,包装规格,"(Hương vị mật ong đậm đà) Jinjunmei hộp quà 250g, (Boss khuyên dùng) Hương thơm ",CHUA_CO,,,
bottle,1,1,产品规格,Nước Rửa Mặt Nian Kou Purple Laser Bottle 377 - 0165,GIU,,,
boudoir,1,1,产品名称,Jiao Wei Huayang Boudoir Dream Warm Lipstick,CHUA_CO,,,
boundary,1,1,包装规格,"Gói nếm thử hộp sắt Boundary 30g [6 bong bóng], 90g Bộ Sưu Tập 2014 Hộp Sắt Real",CHUA_CO,,,
bourgogne,1,1,颜色,"Màu trắng nhạt 826, Bourgogne 826, Cà phê 826, Đen 826",CHUA_CO,,,
bolong,1,1,生产厂商,Công ty TNHH Bolong,CHUA_CO,,,
bolranc,1,1,花型,"Nếu mưa, Chiba, Một tâm một ý - Xám, Thỏ Tiên Nữ - Hồng, Ailinger - Cà phê, Gấu ",CHUA_CO,,,
bomei,1,1,产品规格,Mặt nạ dưỡng ẩm làm trắng da và chống tàn nhang Dr. Bomei 377 28ml*5 miếng,CHUA_CO,,,
bonanza,1,1,包装规格,"1. 0 bánh mì nướng giòn (vị caramel muối biển) 35g, 2.0 bánh mì nướng giòn (hươn",CHUA_CO,,,
xiaosongzong,1,1,包装规格,"500g đầu trà thơm cặn vịt số 12 [nguyên liệu trà sữa], 500g đầu trà thơm cặn vịt",CHUA_CO,,,
xiaotaoqi,1,1,颜色,"1 # Xiaotaoqi, 2 # Du Du mơ, 3 # Đậu Dưa Mật Ong, 4 # xám hồng nâu, 5 # Bầu khôn",CHUA_CO,,,
xiaojv,1,1,颜色,"Nhà trên cây mộc mạc MZ-322 (721 miếng), [Phiên bản chiếu sáng] Nhà trên cây đồn",CHUA_CO,,,
xiaoku,1,1,颜色,"811-364 Mengqu Duck Kitchen 【Hộp quà Trung Quốc】, 811-368 Bếp nhỏ Mengmeng Duck ",CHUA_CO,,,
xiaoling,1,1,净重（规格）,"[Hai mươi món ăn nhẹ tuổi thơ] 30 gói, [Hai mươi món ăn nhẹ tuổi thơ] 60 gói, [H",GIU,,,
xiaolong,1,1,花型,"Hương hoa đầy cành [100% cotton], Anna Garden [100% vải cotton], Kẹo đá Happy Ro",GIU,,,
bold,1,1,颜色,1 gói [Bold Interrupt] Củ Dưa Lựu Tự Nhiên Nguyên Chất/8- 10cm,CHUA_CO,,,
bolkena,1,1,花型,"Bích Thành Xuân Nê, Trang điểm đậm hoặc nhẹ, Hoa Đài Dệt Mộng - Cà phê, Bột Lạc ",CHUA_CO,,,
blue-tide,1,1,颜色,"Yuanfeng Blue-Tide Stone Island, Đảo đá thương hiệu thời thượng màu hồng và dịu ",CHUA_CO,,,
blue-trung,1,1,颜色,"Royal Blue-Trung cấp 5-6, Trung học cơ sở, Đen-trung cấp 5-6, trung học cơ sở, H",CHUA_CO,,,
blues-ym,1,1,花型,"Muối biển ca cao-ym, Hoa nhài trà trắng-ym, Mây bùn khoai môn-ym, Sữa dày Zhizhi",CHUA_CO,,,
boneless,1,1,颜色,"Bộ Lycra Liền Mạch - Cỏ Bốn Lá Kitty, Bộ đồ chơi nhồi bông hoa không xương Lycra",CHUA_CO,,,
bonnilan,1,1,花型,"Những bông hoa yên tĩnh [thân thiện với làn da * có thể ngủ khỏa thân], Mo Yu Yu",CHUA_CO,,,
borage,1,1,产品规格,"Mặt nạ chống nhăn, làm săn chắc và đàn hồi Jilinsa 10 miếng/hộp, Mặt nạ chống nh",CHUA_CO,,,
born,1,1,颜色,"M01 # cá khô, M02 # Meo meo, M03 # Mèo tốt, M04 # Goode Cat Ning, M05 # mèo sữa,",CHUA_CO,,,
bobo-lan,1,1,花型,"Bướm [tinh tế, thoải mái, mềm mại và thân thiện với làn da], Alisa [tinh tế, tho",CHUA_CO,,,
boboka,1,1,花型,"Thỏ Barbie [Vải voan hai lớp loại A / Mềm mại thân thiện với da / Thoáng khí, th",CHUA_CO,,,
bochengli,1,1,生产厂商,Công nghệ Bochengli Thâm Quyến,CHUA_CO,,,
bocuan,1,1,生产厂商,Bocuan dài,CHUA_CO,,,
xiaoxiaosu,1,1,包装规格,"12 gói [Giá sự kiện]-[Hương vị hỗn hợp.], Gói 3O[Ưu đãi lớn]-[Hương vị hỗn hợp.]",GIU,,,
xiaoxing,1,1,颜色,"1618-91 Bếp nhỏ dễ thương, 1618-68 Quán bar nhỏ vui nhộn, Máy tính tiền vui nhộn",CHUA_CO,,,
xiaoyamaofeng,1,1,包装规格,"Trà Maofeng A2 2026 mới - trà xanh hương lan mạnh mẽ, tiết kiệm chi phí, non và ",CHUA_CO,,,
bobbi,1,1,花型,"""Extra Thick"" Snow Orchid Heart - [Chống vón cục - Bền màu], Happy Valley ""Extra",CHUA_CO,,,
bobby,1,1,花型,Bobby Dog [100% cotton nguyên chất / Thiết kế dành riêng cho học sinh / Dùng đượ,CHUA_CO,,,
blue-cotton,1,1,花型,Jing-Xingtu-Advanced Blue-Cotton Platinum Edition [Nâng cấp vải Jacquard sang tr,CHUA_CO,,,
blue-dimeng,1,1,花型,"Bentley Blue-Dimeng, Fanxing Lan-Dimeng, Xám cao cấp-Dimeng, Mi Ca-Dimeng, Đậu m",CHUA_CO,,,
blue-grey,1,1,花型,"Xanh đậu xám đậm [mềm và như sáp, thân thiện với da, thích hợp để ngủ khỏa thân]",CHUA_CO,,,
blue-knight,1,1,颜色,"Áo liền quần cổ áo hiệp sĩ trắng, Bộ áo liền quần có ve áo màu hồng-Knight, Áo l",CHUA_CO,,,
xidi,1,1,花型,"Lan Mạt [100% cotton chải kỹ, thân thiện với da, thoải mái ngủ trần], Gao Xidi [",CHUA_CO,,,
xifen,1,1,花型,"Dòng màu trơn _ xanh nhạt xám nhạt, Dòng đồng màu _ bột đậu màu xám nhạt, Dòng m",CHUA_CO,,,
xihong,1,1,颜色,"606 # Big choáng váng, 617 # ôm gấu lớn, 220 # nửa chín khỏa thân, 215 # Khỏa th",CHUA_CO,,,
xike,1,1,生产厂家,Công ty TNHH thực phẩm Hà Nam Xike,CHUA_CO,,,
xiaoxiang-be,1,1,花型,"Trắng + Xanh Đậu [100% cotton, thân thiện với da và thoải mái], Brueland sycamor",CHUA_CO,,,
xiaoxiang-off-white,1,1,花型,"Trắng + Xanh Đậu [100% cotton, thân thiện với da và thoải mái], Brueland sycamor",CHUA_CO,,,
xiaoxiang-xanh,1,1,花型,"Trắng + Xanh Đậu [100% cotton, thân thiện với da và thoải mái], Brueland sycamor",CHUA_CO,,,
bohemia,1,1,颜色,"Ca rô trắng, Caro Xám, Caro đen, Cây Xám, Hoàng Shuya, Gấu bắc cực, Cây tam giác",CHUA_CO,,,
bojingtang,1,1,生产厂家,Công ty TNHH dược phẩm An Huy Bojingtang,CHUA_CO,,,
bolanmeng,1,1,产品规格,"Sữa rửa mặt hoa trà, Sữa rửa mặt dưỡng ẩm axit amin Bolanmeng",CHUA_CO,,,
block,1,1,颜色,"1618-91 Bếp nhỏ dễ thương, 1618-68 Quán bar nhỏ vui nhộn, Máy tính tiền vui nhộn",CHUA_CO,,,
xingmei,1,1,产品名称,Mặt nạ cam máu dưỡng ẩm Xingmei,GIU,,,
xingtou,1,1,尺寸,"Màu trắng tinh khiết 1 gói [PP dày], Trắng trong suốt 1 gói [PP dày], Xingtou 1 ",CHUA_CO,,,
ximuyuan,1,1,产品名称,Mặt nạ tinh chất phục hồi nhẹ nhàng Ximuyuan Camellia,GIU,,,
xincheng,1,1,Crossbody,Nhà máy túi Baigou Xincheng Suoxi,CHUA_CO,,,
xincongtuo,1,1,包装规格,"500g Trà Ô Long Tieguanyin Thơm Ngát, Hạng 7.5 [Nguyên Liệu Pha Trà Điện Tử], 50",CHUA_CO,,,
xingchen-coffee,1,1,颜色,"[Floral-Beige] Jumpsuit dài tay siêu mềm, [Phút mùa thu-Xanh] Jumpsuit dài tay s",CHUA_CO,,,
xingdai,1,1,花型,"Kauf-Bentley màu xanh, Kauf-Xám cao cấp, Kaufu-xanh biển + tro núi, Kaufu-xanh x",CHUA_CO,,,
xinghua,1,1,花型,"Mèo cam [Cấp độ A dành cho mẹ và bé / Siêu mềm mại, có thể ngủ trần], Thỏ mềm mà",CHUA_CO,,,
xiaozhulin,1,1,包装规格,"【Huaxiang Dahongpao】 Đơn giá 75, [Hương thơm mạnh mẽ Dahongpao] Đơn giá 105, [Zh",CHUA_CO,,,
xiaozijie,1,1,花型,Sunny Day Kitten [Loại A dành cho bà mẹ và trẻ sơ sinh ngủ khỏa thân thân thiện ,CHUA_CO,,,
xichang,1,1,生产厂家,Công ty TNHH Thực phẩm Xichang Huaxiang,CHUA_CO,,,
xicong,1,1,包装规格,"Nước hoa phong lan Zhilan Yushu cổ tích (8,5g * 2 bong bóng), Có hoặc không có h",CHUA_CO,,,
bluestar,1,1,颜色,"K001-thỏ cà rốt bộ ngắn, K002-bộ điện thoại ngắn, K003-bộ ngắn rồng xám, K004-Gấ",CHUA_CO,,,
bob,1,1,花型,"Phong cách Nhật Bản - Kem cam sữa, Tóc bob màu kem phong cách Nhật Bản, Phong cá",GIU,,,
bobabykids,1,1,产品名称,Mặt nạ dưỡng ẩm Bobabykids,CHUA_CO,,,
xingkong,1,1,颜色,[Mẫu dây kéo chống cháy nổ nâng cấp thế hệ thứ 5] màu đen doanh nhân [dây kéo ch,CHUA_CO,,,
xinglan,1,1,花型,"Pink Bobo [thân thiện với làn da, sáp siêu mềm có thể ngủ khỏa thân], Cheese ngh",CHUA_CO,,,
xingli,1,1,厂址,"Tầng 2, Tòa nhà 7, Khu công nghiệp tự kinh doanh Hunan Xingli, Khu khoa học và c",CHUA_CO,,,
blue-middle,1,1,颜色,"Ba lớp màu trắng ngà cực lớn (90% người mua lựa chọn), Ba lớp màu kem cực lớn (9",CHUA_CO,,,
blue-pc,1,1,颜色,"Mẫu nâng cấp màu bạc--8005 hoàn toàn bằng nhôm, Mẫu nâng cấp vàng--8005 toàn nhô",CHUA_CO,,,
blue-quiet,1,1,花型,"Loại A 60S-Tương lai Coastal Blue-Quiet Home, Loại A 60S-Bột ven biển tương lai-",CHUA_CO,,,
blue-sitting,1,1,颜色,"Gói đơn màu trắng kem, Gói đơn màu xanh bong bóng, Túi đựng bột đơn Sweetheart, ",CHUA_CO,,,
blue-sleeping,1,1,颜色,"Sơn kim loại đệm hơi vỏ-bạc-mèo con đang ngủ DSCBL2424, Vỏ đệm hơi sơn kim loại-",CHUA_CO,,,
blue-standing,1,1,颜色,"Gói đơn màu trắng kem, Gói đơn màu xanh bong bóng, Túi đựng bột đơn Sweetheart, ",CHUA_CO,,,
blue-stone,1,1,颜色,"Yuanfeng Blue-Tide Stone Island, Đảo đá thương hiệu thời thượng màu hồng và dịu ",CHUA_CO,,,
blue-tang,1,1,颜色,"Dinosaur-224 Nội dung tiếng Trung và tiếng Anh, Dinosaur-510 nội dung tiếng Trun",CHUA_CO,,,
blanche,1,1,花型,"Tùng Thảo Tập, Trong vườn hoa, Vườn Na Uy, Mưa Giấc Mơ Thời Gian, Phong cách oxy",CHUA_CO,,,
blanks,1,1,包装规格,KK5 Juan Piao Yu Meng Piao Xue Ration Model 2026 New Tea - Hương thơm mạnh 3 hươ,CHUA_CO,,,
blazing,1,1,颜色,"Biến dạng cơ khí thay đổi đặc biệt (chụp 10 vòng một hộp trưng bày), Bộ giáp kỹ ",CHUA_CO,,,
blind,1,1,颜色,"Kích thước lớn dày 2 vách ngăn [36*27*14], Kích thước lớn, dày dặn, 1 ngăn [36*2",THEO_CUM,,,
bling,1,1,产品规格,"Bei Lingmei [Mặt nạ làm trắng da và làm dịu tàn nhang 10 miếng/hộp], Mặt nạ dưỡn",CHUA_CO,,,
xingzhifang,1,1,生产厂家,"Bozhou Xingzhifang Food Co., Ltd.",CHUA_CO,,,
blocks,1,1,花型,"Oreo Kitten [Loại A dành cho bà mẹ và trẻ sơ sinh/thân thiện với làn da, mềm mại",CHUA_CO,,,
blood,1,1,产品规格,[Chỉ bán hàng ngoại thương] Mặt nạ chiết xuất tươi dưỡng ẩm lô hội Gongpei (ngoạ,CHUA_CO,,,
blossoms,1,1,花型,"Bi Han + Biển Hoa Fangfei [Bộ bốn món nhung sữa có trọng lượng cao], Beihan + Ng",CHUA_CO,,,
blu-ray,1,1,颜色,"Hộp đựng 5.5 trong suốt 2000 chiếc mỗi hộp, Hộp đựng 7.5 trong suốt, 800 cái mỗi",CHUA_CO,,,
blue-champagne,1,1,花型,(Khuyên dùng cho xương sườn) Gypsophila Purple-Dawn Silver [100% Tencel Silky Na,CHUA_CO,,,
bite,1,1,容量,"Bình sữa PPSU cai sữa cỡ lớn 300ml (0-3 tháng) TB-D01 (có mã cào), Bình sữa PPSU",GIU,,,
biteyue,1,1,容量,"Bình sữa PPSU cai sữa cỡ lớn 300ml (0-3 tháng) TB-D01 (có mã cào), Bình sữa PPSU",CHUA_CO,,,
biwang,1,1,生产厂家,Công ty TNHH thực phẩm Biwang Quảng Đông,CHUA_CO,,,
xinhai,1,1,花型,"Treasure Garden [Kết cấu cấp mẹ và bé đích thực NUK], Aisha Fangfei [Kết cấu cấp",CHUA_CO,,,
xinliang,1,1,生产厂家,Công ty TNHH Thực phẩm Hồ Bắc Xinliang,CHUA_CO,,,
xinlin,1,1,净重（规格）,"[Hai mươi món ăn nhẹ tuổi thơ] 30 gói, [Hai mươi món ăn nhẹ tuổi thơ] 60 gói, [H",CHUA_CO,,,
xinluo,1,1,包装规格,"Bộ bàn ăn 8 hương vị và 8 món [đề xuất để tiết kiệm chi phí], Bộ bát đĩa gồm 6 m",CHUA_CO,,,
xinneng,1,1,生产厂家,Công ty TNHH thực phẩm Xinneng Fa,CHUA_CO,,,
xinnutang,1,1,生产厂家,"Dingyuan County Xinnutang Food Co., Ltd.",CHUA_CO,,,
xinghuang,1,1,颜色,"Trắng ngà [Pima Cotton Thin Style], Đen cổ điển [Phong cách mỏng cotton Pima], M",CHUA_CO,,,
xinwen,1,1,生产厂家,Nhà máy trà Yongde Xinwen,CHUA_CO,,,
xinxiulin,1,1,风格1,Cùng mẫu với Xinxiulin,CHUA_CO,,,
bixin,1,1,颜色,"Gấu Bixin 70233, 70234 táo hồng, 70235 chanh vàng, 70236 Lê Xanh Ngọt Ngào, 7023",CHUA_CO,,,
bizhou-grey,1,1,花型,"雾绒-白【精梳新疆全棉 亲肤裸睡】, 伯伦-白【精梳新疆全棉 亲肤裸睡】, 杜言【精梳新疆全棉 亲肤裸睡】, 繁花然【精梳新疆全棉 亲肤裸睡】, 乐禧【精梳新疆",CHUA_CO,,,
black-ai,1,1,颜色,"XP6 Gray-AI Dịch 165 Ngôn Ngữ, XP6 Black-AI Dịch 165 ngôn ngữ",CHUA_CO,,,
black-giao,1,1,颜色,"006 Trắng Sữa - Giao Diện USB + Giá Đỡ Ly Co Nhiệt + Móc Treo Bên Hông, Bột Hoàn",CHUA_CO,,,
black-m,1,1,颜色,"Dấu E đen, Dấu E màu hồng, Dấu hiệu Black-M",CHUA_CO,,,
blackening,1,1,产品规格,"Bei Lingmei [Mặt nạ làm trắng da và làm dịu tàn nhang 10 miếng/hộp], Mặt nạ dưỡn",CHUA_CO,,,
biran,1,1,产品规格,"Mặt nạ dưỡng ẩm Camellia 25ml * 10 miếng, Biran Tang Camellia Moisturizing Mask ",CHUA_CO,,,
birantangyuan,1,1,产品规格,Mặt nạ centella asiatica Birantangyuan B5 10 miếng mỗi hộp,CHUA_CO,,,
birds,1,1,包装规格,"Hộp quà tặng sáu loại trà Qianli Jiangshan2, Lễ Trà Cao Cấp ""Bảy Loại Trà Nổi Ti",GIU,,,
xinyu-green,1,1,花型,"Miller [Cotton chải kỹ, thân thiện với da và tinh tế], Chunuan [Cotton chải kỹ, ",CHUA_CO,,,
xinyuan,1,1,生产厂家,Xinyuan Baihua2,CHUA_CO,,,
xiongxiong,1,1,花型,"Benny Dog [mô hình bà mẹ và trẻ sơ sinh được nâng cấp 7A], KT Meow [mẫu mẹ và bé",CHUA_CO,,,
xiongxiongzi,1,1,花型,"Gấu bánh sữa [Loại A dành cho bà mẹ và trẻ sơ sinh mềm và nếp], Cửa hàng kẻ sọc ",CHUA_CO,,,
xiongzi,1,1,花型,"Gấu cổ điển [Vải loại A thân thiện với da và mềm mại], Bản ghi nhớ thú cưng dễ t",CHUA_CO,,,
bisa,1,1,颜色,"Sáu cửa hàng trong mơ của K364-369, K478-K483 Cửa Hàng Xem Đường Hai Lớp - Sáu K",CHUA_CO,,,
biscuit,1,1,颜色,"H51202D hình voi lá (cotton nguyên chất không đường may), H51202C lá nấm (cotton",CHUA_CO,,,
bisha-champagne,1,1,花型,"Trà sữa Manson-Bentley Blue [Thưởng thức mềm mượt và thân thiện với làn da, Mans",CHUA_CO,,,
bishan,1,1,花型,"Lớp bé loại A/Desha, Loại A trẻ sơ sinh/Qinglan Nuancui, Lớp bé loại A/Hyper Blu",CHUA_CO,,,
bishiyankan,1,1,包装规格,"【Huaxiang Dahongpao】 Đơn giá 75, [Hương thơm mạnh mẽ Dahongpao] Đơn giá 105, [Zh",CHUA_CO,,,
bishiyuan,1,1,部分原料正岩核心山场,"Niulankeng, Huiyuankeng, Daoshuikeng, Liuxiangjian, Wuyuanjian, Jiulongkeng, Zhu",CHUA_CO,,,
bisutan,1,1,特妆产品名称,Mặt nạ làm trắng và chống tàn nhang Bisutan,CHUA_CO,,,
bimozan,1,1,生产厂家,Thực phẩm Giang Tây Bimozan 137****9002,CHUA_CO,,,
binchotan,1,1,产品规格,"Sữa rửa mặt in hoa, Sữa Rửa Mặt Hana Ume Sake 120g, Sữa Rửa Mặt Bọt Mịn Huayin 1",CHUA_CO,,,
xishuangbanna,1,1,部分原料山头,"Xishuangbanna, Laobanzhang, Laoman'e, Yiwu, Mahe, Kuafengzhai, Mintang, Naka, Na",HANVIET,Tây Song Bản Nạp,,
xiuer,1,1,包装规格,"500g cụm đơn loài Song (Hộp quà Triều Châu), Honey Orchid No. 7 500g đóng hộp 14",CHUA_CO,,,
xiufu,1,1,特妆产品名称,Mặt nạ trị tàn nhang làm trắng da Yuanquan Xiufu,CHUA_CO,,,
xiuren,1,1,生产厂家,Công ty TNHH Dược phẩm An Huy Xiuren Tang,CHUA_CO,,,
xiwei,1,1,花型,"Flower Bear-Mx [Bông dày được mã hóa, thân thiện với làn da khi ngủ khỏa thân], ",CHUA_CO,,,
xixi-mi,1,1,花型,"Modern Forest-Lan [thân thiện với làn da và mềm mại, thích hợp để ngủ khỏa thân]",CHUA_CO,,,
xinran,1,1,PM,Vật dụng hàng ngày Xinran,CHUA_CO,,,
binna,1,1,产品规格,Mặt nạ dưỡng axit Hyaluronic Kaimo Binna một mảnh,CHUA_CO,,,
bio,1,1,产品规格,"Mặt nạ collagen trẻ hóa Gelianna Gelina (Trắng), Mặt nạ collagen trẻ hóa DASSFN ",GIU,,,
bio-velvet,1,1,颜色,"Ocher Brown [Tựa đầu] Lông cừu sinh học DuPont hai lớp, Noble Black [Tựa đầu] Lô",CHUA_CO,,,
biobalance,1,1,包装规格,"喜糖试吃全店随便选, Kẹo cứng hương đào trắng Hongyuan 500g, khoảng 120 miếng, Kẹo sữa Wan",CHUA_CO,,,
bichon,1,1,尺寸,"gói đơn, Gói đơn + mặt dây chuyền hình chú chó con Bichon Frize dễ thương, Gói đ",CHUA_CO,,,
bida,1,1,颜色,"772-122兔兔收纳包, 772-140酷乐猫诊所板装, 603-1 Đồ chơi ăn sáng bổ dưỡng, Bếp nhỏ ngon 603-1",CHUA_CO,,,
bie,1,1,花型,"vương quốc rừng, đất lang thang, Thế giới vui nhộn xanh, phi hành gia, xe kỹ thu",CHUA_CO,,,
bifida,1,1,产品规格,"Mặt nạ Zhiduofuyan (kiểu Tian) - 25ml/cái ""Giá đặc biệt"", Mặt Nạ Dưỡng Da Chống ",CHUA_CO,,,
xiyun,1,1,花型,"Miller [Cotton chải kỹ, thân thiện với da và tinh tế], Chunuan [Cotton chải kỹ, ",CHUA_CO,,,
xizizi,1,1,生产厂家,"Quảng Châu Xizizi Thực Phẩm Co., Ltd.",CHUA_CO,,,
xtra,1,1,规格,Nhỏ/Vừa/Lớn/Rất Lớn/Xtra Lớn,CHUA_CO,,,
xuanbian,1,1,颜色,"Súng bắn đạn mềm 333-84 Mẹ chồng [ba màu ngẫu nhiên], 6001 Xuanbian Warrior Alli",CHUA_CO,,,
xuanwu,1,1,颜色,"Màu tím mờ [lõi kép 6.0], Xuanwu Black [lõi kép 6.0], Da thân thiện [lõi kép 6.0",CHUA_CO,,,
xiqian,1,1,包装规格,"500 Đầu Trà Đại Hoàng Bào Số 8 [Nguyên liệu trà], 500g Dahongpao số 11 hương vị ",CHUA_CO,,,
xirizao,1,1,包装规格,"A4日照云雾绿茶2026年新茶——雨前头采特细特绿浓豆香高山云雾茶, LX5龙香茶2026年新茶 松阳龙井43#香茶——雨前特细浓豆香高山云雾茶, C4龙香茶2",CHUA_CO,,,
xishanxiang,1,1,包装规格,"喜糖试吃全店随便选, Kẹo cứng hương đào trắng Hongyuan 500g, khoảng 120 miếng, Kẹo sữa Wan",CHUA_CO,,,
y-main,1,1,颜色,"Bộ 2 dải ốp bậc cửa trước chữ Y [Đúc PP - Vân sợi carbon], Bộ 2 miếng bảo vệ bệ ",CHUA_CO,,,
y-rear,1,1,颜色,"Bộ 2 dải ốp bậc cửa trước chữ Y [Đúc PP - Vân sợi carbon], Bộ 2 miếng bảo vệ bệ ",CHUA_CO,,,
y-xanh,1,1,颜色,"N20-Hồng, N20-đen, N20-Màu xanh, S020 màu cam, S020 đen, S020 xanh, Y-cam, Y-đen",CHUA_CO,,,
yaan,1,1,生产厂家,Công ty TNHH Trà Yaan Chenran,HANVIET,Nhã An,,
xuebai,1,1,颜色,"Đàn piano gõ 8 âm ba trong một—đi kèm với điểm piano màu xanh ngọc lam, Đàn pian",CHUA_CO,,,
xuejiayang,1,1,特妆产品名称,Mặt nạ làm trắng và chống tàn nhang Xuejiayang,CHUA_CO,,,
xueshan,1,1,包装规格,"Spring Rhyme 357g (trà thô) 24 năm, Island 357g (trà thô) 25 năm, Da Xueshan 357",CHUA_CO,,,
xueyan,1,1,包装规格,"200ml đóng hộp * hoa nhài, 200ml lon * thai cúc, 200ml đóng hộp * hoa hồng, Đóng",CHUA_CO,,,
xufuji,1,1,包装规格,"喜糖试吃全店随便选, Kẹo cứng hương đào trắng Hongyuan 500g, khoảng 120 miếng, Kẹo sữa Wan",CHUA_CO,,,
xujinhuan,1,1,包装规格,"Nước hoa phong lan Zhilan Yushu cổ tích (8,5g * 2 bong bóng), Có hoặc không có h",CHUA_CO,,,
xun-lundao,1,1,包装规格,"2026--9 mùi hương-Pekoe Silver Needle Snow-500g (số lượng lớn), 2026--9 Xun-Lund",CHUA_CO,,,
xixiaole,1,1,颜色,"HT-097桌面足球赛游戏【大礼盒】, 【彩盒】987-122弹珠保龄球, 556-201欢乐锤豆豆【礼盒】, 【彩盒】556-44萌叶叠叠玩, HT-076 ",CHUA_CO,,,
xixin,1,1,生产厂家,Công ty TNHH Thực phẩm Liuyang Xixin,CHUA_CO,,,
xiyin,1,1,平台,"Xiyin, shein, ozon, temu, tiktok, Amazon, xuyên biên giới, bán buôn, phân phối, ",CHUA_CO,,,
xiyu,1,1,产品规格,"Mặt nạ đá làm dịu và dưỡng ẩm Ceramide 4ml*20 miếng, Mặt Nạ Ngủ Dưỡng Ẩm Oligope",CHUA_CO,,,
bingo,1,1,花型,"Bingo sọc xanh lá mỏng, Kẻ mảnh brulan, Xanh cỏ sọc nhỏ, Đỏ hoa hồng sọc nhỏ đen",CHUA_CO,,,
xxxxxxl,1,1,尺码,"S., M, tôi, XL., xxl2, xxl1, XXXXXXL",CHUA_CO,,,
bihailan,1,1,花型,Zhixia Pearl White Grey [lụa lạnh rửa bằng nước mát | công nghệ jacquard lụa sán,CHUA_CO,,,
bihulan,1,1,花型,"Ice Silk-Fruit Green Cheese [Từ chối ngủ khỏa thân và nóng bỏng mượt mà], Ice Si",CHUA_CO,,,
bijitoukui,1,1,包装规格,"Bánh hoa đào đậu đỏ hồng 40g, Bánh chữ hạnh phúc 40g, Purple Love You Hương Cam ",CHUA_CO,,,
bik,1,1,花型,"Thỏ vườn mùa xuân, Mùa hoa, Hoa quả mùa hè, Họa tiết da báo đơn giản, Vườn hoa h",CHUA_CO,,,
bilimei,1,1,产品规格,Mặt nạ Bilimei Vitamin C gốc B5 10 miếng/hộp,CHUA_CO,,,
bill,1,1,花型,"vương quốc rừng, đất lang thang, Thế giới vui nhộn xanh, phi hành gia, xe kỹ thu",CHUA_CO,,,
billy,1,1,花型,"Cụm hoa [100% cotton, thân thiện với da và thoáng khí], Xiancao [100% cotton Tân",CHUA_CO,,,
biloba,1,1,花型,"Hương hoa đầy cành [100% cotton], Anna Garden [100% vải cotton], Kẹo đá Happy Ro",CHUA_CO,,,
biloba-bentley,1,1,花型,"Lông vũ nhẹ-màu xanh Bentley, Cà phê trắng sữa nhẹ, Lông vũ nhẹ-Màu xám thanh lị",CHUA_CO,,,
beta,1,1,颜色,"Thiết bị Thăng Hoa Zeta + 6 Huy Chương + Thẻ, Thiết bị Thăng Hoa Bóng Tối + Huy ",CHUA_CO,,,
betsy,1,1,花型,"Betsy [Vải nhung sữa loại A dành cho mẹ và bé], Voi bông xốp [Vải nhung sữa loại",CHUA_CO,,,
bian-hotel,1,1,花型,"Satin xám [chống nhăn và có thể giặt được], Satin trắng [chống nhăn và có thể gi",CHUA_CO,,,
biaoan,1,1,产品名称,Miếng dán dưỡng ẩm chống nhăn da trán BIAOQUAN BIAOAN,CHUA_CO,,,
y-aminobutyric,1,1,营养成分,"axit y-aminobutyric, hạt táo tàu",CHUA_CO,,,
y-cam,1,1,颜色,"N20-Hồng, N20-đen, N20-Màu xanh, S020 màu cam, S020 đen, S020 xanh, Y-cam, Y-đen",CHUA_CO,,,
yancha,1,1,包装规格,"Sáu loại trà nổi tiếng từ ngàn dặm sông núi theo phong cách Trung Hoa, Lưới cửa ",CHUA_CO,,,
yangjiang,1,1,生产厂家,Công ty TNHH Thực phẩm Yangjiang Pinxiangyuan,HANVIET,Dương Giang,,
yanji,1,1,颜色,"【Mountain Edge】Rồng Cổ Hoang Dã, 【Mountain Edge】Hoa hồng bằng gỗ mun, 【Mountain ",CHUA_CO,,,
yanjiang,1,1,产品厂家厂址,"Số 1, Đường Yanjiang, Làng Funan, Thị trấn Fenghuang, Quận Triều An, Thành phố T",CHUA_CO,,,
yanjinpu,1,1,生产厂家,Công ty TNHH Thực phẩm Giang Tây Yanjinpu,CHUA_CO,,,
yanjinpuza,1,1,包装规格,"Big Devil Konjac chay bụng có lông Liubiju vị sốt mè 18g hộp 20 gói, Big Devil K",CHUA_CO,,,
yadao,1,1,包装规格,RRR Phơi nắng Fengqing Dianhong 2026 Trà mới Hương mật ong Nụ lụa vàng thể hiện ,CHUA_CO,,,
yadie-mint,1,1,花型,"Mary-bướm trắng, Mary-bướm hồng, Mary-bướm xanh lam, Mary-xám bướm, Audrey-xám c",CHUA_CO,,,
yadie-xanh,1,1,花型,"Mary-bướm trắng, Mary-bướm hồng, Mary-bướm xanh lam, Mary-xám bướm, Audrey-xám c",CHUA_CO,,,
yado,1,1,包装规格,RRR Phơi nắng Fengqing Dianhong 2026 Trà mới Hương mật ong Nụ lụa vàng thể hiện ,CHUA_CO,,,
yafeng,1,1,花型,"Những bông hoa yên tĩnh [thân thiện với làn da * có thể ngủ khỏa thân], Mo Yu Yu",CHUA_CO,,,
yahei,1,1,层数（规格）,"[Mẫu chống trượt nâng cấp] Giỏ thoát nước có thanh súng màu xám, [Mẫu chống trượ",CHUA_CO,,,
yak,1,1,鞋垫材质,da yak,CHUA_CO,,,
yakli,1,1,颜色,"CP190-101 # Good Xingyun, CP190-102 # Yakli, CP190-103 # nhung hồng",CHUA_CO,,,
xuuyan,1,1,生产厂家,Trang trại trà Anji Xuuyan,CHUA_CO,,,
xuxu,1,1,颜色,"5207H双面球拍【两拍+1吸盘球+1软球】, Bóng hút cọ 899-85 [Mẫu dạ quang], 899-88 Bóng hút cọ [k",CHUA_CO,,,
bergamot,1,1,包装规格,"Trọng lượng mẫu khoảng [30g], [Carbon nướng Dahongpao] Đơn giá 40 nhân dân tệ, [",CHUA_CO,,,
berkley,1,1,花型,"Vườn Anna, Lời tâm sự thủy triều, Ký ức hương thảo, Lô Na Tinh Hà, Lễ hội Mèo, S",CHUA_CO,,,
beluga,1,1,规格,"[Tay cầm nhỏ và giá đựng dao nhỏ] Bộ 5 món White Elephant [đóng hộp], Bộ 5 dao k",CHUA_CO,,,
ben-kaki,1,1,花型,Màu xanh lam đá sạc-xanh lam tiếng Phạn [thích hợp để ngủ khỏa thân mà không bị ,CHUA_CO,,,
benbai-dm,1,1,花型,"Màu trơn tro núi-DM [cotton dài sợi cấp bà mẹ và trẻ sơ sinh], Cao cấp xám-dm [b",CHUA_CO,,,
bibaiya-double,1,1,产品规格,"Rong Qingcheng Amino Acid Camellia Cleansing Sữa rửa mặt 500ml, Sữa rửa mặt Biba",CHUA_CO,,,
bibaiya-ginseng,1,1,产品规格,Mặt nạ chống nhăn Bibaiya-Ginseng 25ml * 10 miếng,CHUA_CO,,,
bibaya,1,1,产品规格,Không có trên Taobao - Sữa rửa mặt chứa axit amin than hoạt tính Bibaya Men 130g,CHUA_CO,,,
biberia,1,1,产品规格,Mặt nạ bùn làm sạch lỗ chân lông Biberia Azelaic Acid 100g,CHUA_CO,,,
bibo,1,1,净重（规格）,"[Ba mươi loại] 120 gói, [Ba mươi loại] 90 gói, [Ba mươi loại] 60 gói, Zhou Chang",CHUA_CO,,,
biboya,1,1,产品规格,Sữa rửa mặt Biboya Double Amino Acid Cleansing 500ml,CHUA_CO,,,
bicarbonate,1,1,原料与配料,"Thành phần: Bột mì, Đậu Hà Lan, Bột hạt dẻ, Dầu thực vật, Nước, Glucose, Muối, H",CHUA_CO,,,
benoy,1,1,花型,"Màu tím đầu hè [Vải loại A], Fengxuelanxin [Vải loại A], Lucky Horse Run [Vải lo",CHUA_CO,,,
benshan,1,1,包装规格,"Lapsang Souchong hương mật hoa (jin/38 nhân dân tệ), Lanyun Lapsang Souchong (ji",CHUA_CO,,,
benzene,1,1,具体材质,Đổi benzene,CHUA_CO,,,
yan-mu,1,1,花型,"60 bông dài sang trọng-Bentley Blue, 60 bông nhung dài sang trọng màu xám cao cấ",CHUA_CO,,,
bench,1,1,颜色,"Bàn ăn Bench Stand-Transparent-BDKJ Apple, Bàn ghế đứng-Transparent-BDKJ Bàn ăn ",CHUA_CO,,,
benetton,1,1,花型,"Màu tím đầu hè [Vải loại A], Fengxuelanxin [Vải loại A], Lucky Horse Run [Vải lo",CHUA_CO,,,
benika,1,1,花型,"Benika, Mùa hoa rực rỡ, Flar, Hoa Đô - Tím Mạn Mạn, Hoa Đô - Xám nhạt, Lilisa, T",CHUA_CO,,,
benji,1,1,产品名称,Mặt nạ khô đông lạnh Benji Revitalizing Polypeptide Protein,GIU,,,
benming,1,1,颜色,"Mẫu phân phối] Satin Lip Cream S01 (1.9ml), Mẫu phân phối] Satin Lip Cream S02 (",CHUA_CO,,,
benner,1,1,花型,"Thỏ Peter [Loại A dành cho mẹ và bé], Màu tím đầu hè [Loại A, cấp độ an toàn cho",CHUA_CO,,,
bennica,1,1,花型,"Trắng + Xanh Đậu [100% cotton, thân thiện với da và thoải mái], Brueland sycamor",CHUA_CO,,,
beidouxing,1,1,花型,"Sweet Joy [Mềm mại thân thiện với da - Không xù lông], Bạt [Mềm mại thân thiện v",CHUA_CO,,,
beihan+beihan+amour,1,1,花型,"Bi Han + Biển Hoa Fangfei [Bộ bốn món nhung sữa có trọng lượng cao], Beihan + Ng",CHUA_CO,,,
yanxuan,1,1,包装规格,"Hộp quà Dahongpao 250g, [Siêu tiết kiệm chi phí] Dahongpao 500g kèm túi đựng, [T",CHUA_CO,,,
yanzi,1,1,净重（规格）,"[Hai mươi món ăn nhẹ tuổi thơ] 30 gói, [Hai mươi món ăn nhẹ tuổi thơ] 60 gói, [H",CHUA_CO,,,
yanzike,1,1,部分原料正岩核心山场,"Niulankeng, Huiyuankeng, Daoshuikeng, Liuxiangjian, Wuyuanjian, Jiulongkeng, Zhu",CHUA_CO,,,
yamabuki,1,1,花型,"Màu hồng phấn nhạt (màu trơn), Nâu nhạt - trà sữa - chải (phối hai màu), Trà sữa",CHUA_CO,,,
benzene+ps,1,1,具体材质,Thay đổi benzene+ps,CHUA_CO,,,
ber,1,1,颜色,"Bộ đồ dài tay/cho bé tập bò - Màu hổ phách quyến rũ, Tay áo dài/Crawling Buddy -",CHUA_CO,,,
beret,1,1,花型,"Vườn Alice hồng, Mèo Trái Tim, Du hành giữa các vì sao, Tiệm bánh ngọt Beibei, C",CHUA_CO,,,
beilingmei,1,1,产品规格,Mặt nạ xé da chống nhăn Beilingmei Gold 120g,CHUA_CO,,,
beimo,1,1,花型,"[Đánh dày 100 lần] Disena ~ Màu cà phê, [Đánh dày 100 lần] Disena~Bean Green, [Đ",CHUA_CO,,,
beino,1,1,花型,"Ấm áp đầu hè - Cam 【Vải loại A, mềm mại, thân thiện với da, không xù lông】, Trái",CHUA_CO,,,
belingmei,1,1,产品名称,Mặt nạ tái tạo tinh chất cỏ tuyết BELINGMEI,CHUA_CO,,,
bear-mx,1,1,花型,"Flower Bear-Mx [Bông dày được mã hóa, thân thiện với làn da khi ngủ khỏa thân], ",CHUA_CO,,,
bear-powder,1,1,花型,"Locke Manor-Red [100% cotton, thân thiện với da, mềm mại và thoải mái], Chanson ",CHUA_CO,,,
yatu,1,1,颜色,"1618-91 Bếp nhỏ dễ thương, 1618-68 Quán bar nhỏ vui nhộn, Máy tính tiền vui nhộn",CHUA_CO,,,
yaxuan-blue,1,1,花型,"Những bông hoa yên tĩnh [thân thiện với làn da * có thể ngủ khỏa thân], Mo Yu Yu",CHUA_CO,,,
yayuan,1,1,花型,"Cụm hoa [100% cotton, thân thiện với da và thoáng khí], Xiancao [100% cotton Tân",CHUA_CO,,,
yayuan-blue,1,1,花型,"Berlin Dream-Green [thân thiện với làn da và mềm mại, thích hợp để ngủ khỏa thân",CHUA_CO,,,
yanjinpuzi,1,1,生产厂家,Công ty TNHH Thực phẩm Yanjinpuzi,GIU,,,
yanlong,1,1,颜色,"Bao bì mới-Turion Warrior [Đồng hồ biến hình], Bao bì mới-Chiến giáp Yanlong [Đồ",CHUA_CO,,,
yanmu,1,1,颜色,"Son môi màu nhung sương mù RUYI Nho giáo (04 # củ cải kem), Son môi màu nhung sư",CHUA_CO,,,
yanse,1,1,产品名称,Sữa rửa mặt dưỡng ẩm axit hyaluronic Yanse,CHUA_CO,,,
benbenxiong,1,1,花型,"Mengbubu [nhung dày - ấm áp và thoải mái], Cuộc Đón Gặp Hoa [Thêm Nhung Và Làm D",CHUA_CO,,,
benbenxiong-mi,1,1,花型,"Thỏ cầu vồng [Nhung sữa dày], Thỏ may mắn [Nhung sữa dày], Benbenxiong-mi [nhung",CHUA_CO,,,
be-classic,1,1,颜色,"Túi đôi có khóa kéo hai lớp thế hệ thứ sáu [Phong cách chéo lưới 30 màu đen], Tú",CHUA_CO,,,
be-smiley,1,1,颜色,"Bộ ba món áo len vest khối màu xanh H, Bộ ba món áo len vest màu vàng H, Bộ ba m",CHUA_CO,,,
bear-ca,1,1,花型,"Ấm áp như mùa hè-[Cotton], Silk-Geyun Space-【Cotton 】, Cam tươi-[Bông], Rèm Mùa ",CHUA_CO,,,
bari,1,1,颜色,"Hộp đựng cọ trang điểm, Tủ đựng mỹ phẩm nâng cấp 3.0-Sakura White, Hộp trưng bày",CHUA_CO,,,
barni,1,1,花型,"Bánh quế-Trắng sữa [Bánh quế bông loại A], Bánh quế-Mituo [bánh quế bông loại A]",CHUA_CO,,,
bed,1,1,颜色,"Hà mã hồng [39 bộ] giường y tế miễn phí cho búp bê, Hà mã hồng [58 bộ] giường y ",CHUA_CO,,,
beehive,1,1,产品名称,Mặt nạ trẻ hóa axit Hyaluronic Beehive Sheep Placenta,CHUA_CO,,,
before,1,1,包装规格,"XH8细绿显毫碧螺春2026年新茶——特细绿显毫浓香高回甘耐泡款, W1 Rizhao Yunwu Xiangzhengmei Trà Xanh 2026 Tr",CHUA_CO,,,
bawang,1,1,包装规格,"Trà xanh hoa nhài thơm cao 500g (lựa chọn hàng đầu cho hiệu suất chi phí), Jasmi",GIU,,,
yedou-grey,1,1,花型,"Jensen-Yellow (Thiết kế viền vỏ chải dày bằng cotton loại A), Jensen-Pink (Thiết",CHUA_CO,,,
yefenfei,1,1,花型,"Vườn Monet [100% Lyocell Tencel, mát lạnh như lụa, thích hợp ngủ không mặc đồ], ",CHUA_CO,,,
yeli,1,1,花型,"Ren dập nổi-Kumakoyu Tingfeng [Đi qua mùa đông cùng bạn-nhung], Ren dập nổi - Ic",CHUA_CO,,,
yerba,1,1,包装规格,"Túi hoa cúc Chamomile (1.5g x 30 túi)/túi, Phiên bản tiếng Anh Blue Butterfly Fl",GIU,,,
yerifei,1,1,包装规格,"Trà Wan Ming Jin Gun Guben (Túi Trà 150g đóng hộp), Trà Gu Ben Hard Man dược phẩ",CHUA_CO,,,
yaoyehong,1,1,颜色,"[Màu đen đa năng] Ba lô ngoài trời sức chứa lớn, [Yaoyehong] Ba lô ngoài trời sứ",CHUA_CO,,,
beihan+youth,1,1,花型,"Bi Han + Biển Hoa Fangfei [Bộ bốn món nhung sữa có trọng lượng cao], Beihan + Ng",CHUA_CO,,,
barbi,1,1,尺寸大小,"Bình sữa PPSU 160mL đi kèm núm vú S (0-3 tháng) Phil Yellow, Bình PPSU 240mL đi ",CHUA_CO,,,
barcode,1,1,花型,"豹纹高克重 软糯亲肤 柔软舒适】, 蝶语花恋高克重 软糯亲肤 柔软舒适】, 都市夜曲高克重 软糯亲肤 柔软舒适】, 繁花梦语高克重 软糯亲肤 柔软舒适】, 飞行",CHUA_CO,,,
banpen,1,1,包装规格,"Trà thơm dẻo: 108g/6g * 18 tuo/hộp, Trà nấu ngọt: 126g/7g * 18 bánh/hộp, Trà nấu",CHUA_CO,,,
banqu,1,1,包装规格,"Kim vàng nhỏ 1 catty 90 nhân dân tệ vận chuyển số lượng lớn, Kim vàng lớn thông ",CHUA_CO,,,
bantianyao,1,1,包装规格,"Trọng lượng mẫu khoảng [30g], [Carbon nướng Dahongpao] Đơn giá 40 nhân dân tệ, [",CHUA_CO,,,
bashu,1,1,产品规格,"[Miếng] Mặt nạ dưa chuột Centella Asiatica 30ml, [Miếng] Mặt nạ tinh chất dạng b",CHUA_CO,,,
basque,1,1,颜色,"k364—K369 Dream Shop trọn bộ 6 kiểu, K400-K405 bán trọn bộ 6 mẫu xe đẩy, Bộ 6 mẫ",CHUA_CO,,,
bat,1,1,颜色,"Tiêu chuẩn mặt nạ nhỏ màu nâu/bạc, Nhãn mặt nạ nhỏ màu sô cô la/vàng, Nhãn mặt n",CHUA_CO,,,
baoniaochaofeng,1,1,包装规格,Mở cửa đón nhận phước lành từ sáu loại trà nổi tiếng và nhận ngay bộ trà sứ cela,CHUA_CO,,,
baozhu,1,1,花型,"Bi Han + Biển Hoa Fangfei [Bộ bốn món nhung sữa có trọng lượng cao], Beihan + Ng",CHUA_CO,,,
yierjia,1,1,生产厂家,Công ty TNHH Thực phẩm Hợp Phì Yierjia,CHUA_CO,,,
yifen,1,1,生产厂家,"Shanxi Yifen Baosite Food Co., Ltd.",CHUA_CO,,,
yigan,1,1,包装规格,"Trà nhân sâm Shibao [5g/30 túi], Trà Yigan [5g/30 túi], Trà dưa lá dâu tằm [5g/3",CHUA_CO,,,
yige,1,1,花型,"Mùa xuân nở rộ khắp vườn [100% cotton - có thể mặc ngủ], Aphrodite [100% cotton ",CHUA_CO,,,
yazhuang,1,1,颜色,"388-380A-Nhà vui chơi y tế, Nhà chơi 388-380C-BBQ, 506-119-Nhà chơi tủ, 7979-111",CHUA_CO,,,
bazaar-dream,1,1,花型,"Isabella-Dream [có thể ngủ khỏa thân-không có bóng], Erman-Dream [có thể ngủ khỏ",CHUA_CO,,,
yingmen-cotton,1,1,花型,"Xiangyun Ruicai cotton tinh khiết, Rồng phượng đại hạnh phúc vàng 100% cotton, R",CHUA_CO,,,
yingsha,1,1,花型,"Lớp bé loại A/Desha, Loại A trẻ sơ sinh/Qinglan Nuancui, Lớp bé loại A/Hyper Blu",CHUA_CO,,,
baoer,1,1,规格,"Mẫu baby 304 giá đặc biệt [25x15cm], 304 giá đặc biệt [29x20cm], 304 giá đặc biệ",CHUA_CO,,,
baofeiquan,1,1,产品规格,"Mặt nạ dưỡng ẩm làm dịu da cam Shelika 25ml, Mặt nạ dưỡng ẩm hoa hồng Lika 25ml,",CHUA_CO,,,
baolige-bean,1,1,花型,"Trà sữa Manson-Bentley Blue [Thưởng thức mềm mượt và thân thiện với làn da, Mans",CHUA_CO,,,
ballad,1,1,花型,"Tea Master [100% cotton nguyên chất, một giả sẽ bị phạt mười], Giỏ dã ngoại [100",CHUA_CO,,,
ballplayer,1,1,颜色,"DXCK43 - Quần ngắn tay - Cute Dog Channel, DXCK42-Quần ngắn tay-Skateboard Deer,",CHUA_CO,,,
yilianyoumeng,1,1,花型,"""Extra Thick"" Snow Orchid Heart - [Chống vón cục - Bền màu], Happy Valley ""Extra",CHUA_CO,,,
yiling,1,1,净重（规格）,"[Hai mươi món ăn nhẹ tuổi thơ] 30 gói, [Hai mươi món ăn nhẹ tuổi thơ] 60 gói, [H",CHUA_CO,,,
yilong,1,1,IP名称,Thánh Yilong,CHUA_CO,,,
yiluying,1,1,产品规格,"Niacinamide Làm trắng da 25g (Mới) [Fanzhen], Mặt nạ vô hình làm trắng và chống ",CHUA_CO,,,
yimai,1,1,生产厂家,Công ty TNHH Trà Phúc Kiến Yimai,CHUA_CO,,,
yimian,1,1,产品名称,"Mặt Nạ Bùn Chiết Xuất Thực Vật Yiren Yimian, Làm Sạch Sâu và Tái Tạo Da.",CHUA_CO,,,
yichun,1,1,产地,"Yichun, Giang Tây",CHUA_CO,,,
yide,1,1,生产企业,Công ty TNHH Công nghệ sinh học Dược phẩm Yide Quảng Châu,CHUA_CO,,,
baozi,1,1,颜色,"Bông bột gỗ hoạt hình [Váy hoa nhí gấu], Bông bồi bột gỗ hoạt hình [Gấu Gương], ",CHUA_CO,,,
yinxiao,1,1,颜色,"Blue Dot lõi trắng [HD Yinxiao] sẽ được sử dụng vào khoảng 988 giờ, B01 đen kim ",CHUA_CO,,,
yingchi,1,1,生产厂家,Công nghiệp trà Yingchi,CHUA_CO,,,
yingchun,1,1,颜色,"Vườn Hoa Màu Hồng Cherry 232 Chiếc-Hộp Màu, Hộp màu hồng Rose Lane 239 chiếc, Hộ",CHUA_CO,,,
balman,1,1,花型,"Thỏ tình yêu, Cỏ tiên, Gấu nhỏ trái tim, Balman, Thời gian ở Paris, Bánh quy chó",CHUA_CO,,,
bambu,1,1,包装规格,"Bộ Sưu Tập Súp Bốn Thần (25 túi nhỏ * 10g), Trà đào năm ngón và trà poria (25 gó",CHUA_CO,,,
bandilan,1,1,花型,"Matcha xanh sữa vàng, Phô mai xanh nhạt Bandilan, Vàng phô mai xanh nhạt, Ashi c",CHUA_CO,,,
bandyland,1,1,花型,"Bandyland + Phô mai xanh nhạt, Phô mai xanh nhạt + kem trứng, Xanh trà xanh + ke",CHUA_CO,,,
bangbangniu,1,1,净重（规格）,"[Ba mươi loại] 120 gói, [Ba mươi loại] 90 gói, [Ba mươi loại] 60 gói, Zhou Chang",CHUA_CO,,,
banglongzhai,1,1,包装规格,"104 Trà Pu'er Thô: Manfei Spring 2026, 106 Trà Pu'er Thô: Daxueshan Mùa Xuân 202",CHUA_CO,,,
bangua,1,1,颜色,"Ngôi sao Tài lộc [Single Shell], Fuqi Cailu [vỏ đơn], Người Yêu Màu Hồng [Vỏ Đơn",CHUA_CO,,,
baiyintang,1,1,生产厂家,An Huy Baiyintang,CHUA_CO,,,
baiyu,1,1,花型,"Lớp bé loại A/Desha, Loại A trẻ sơ sinh/Qinglan Nuancui, Lớp bé loại A/Hyper Blu",CHUA_CO,,,
baizisheng,1,1,颜色分类,"100 miếng/gói mặt nạ thanh toán, 100 miếng/gói mặt nạ Baizisheng, 100 miếng/gói ",CHUA_CO,,,
yingfen,1,1,花型,"Ren dập nổi-Kumakoyu Tingfeng [Đi qua mùa đông cùng bạn-nhung], Ren dập nổi - Ic",CHUA_CO,,,
yinglan,1,1,花型,"Phong cách nút kiểu màu xám không in của Yanyu, Kiểu nút màu xanh ngọc không in,",CHUA_CO,,,
yingmen,1,1,包装规格,"Trà Jinjunmei Fugui Yingmen 5 lon tròn 2#, 250g, Trà Quan Âm Sắt đóng hộp 250g, ",CHUA_CO,,,
yiwuzhengshan,1,1,生产厂家,Nhà Máy trà Menghai Yiwuzhengshan,CHUA_CO,,,
yingying,1,1,颜色,"1# Trà Sữa Cam (Cam Sai) [Cam Kem], 2# Màu nude đa năng [Thân thiện với da màu v",CHUA_CO,,,
yingzi-grey,1,1,花型,"Berlin Dream-Green [thân thiện với làn da và mềm mại, thích hợp để ngủ khỏa thân",CHUA_CO,,,
yingzi-meter,1,1,花型,"Cherry Sweet Fun-Yellow [Viền vỏ cotton, thân thiện với da và mềm mại], Lưới sữa",CHUA_CO,,,
yinh,1,1,花型,"Vườn Monet [100% Lyocell Tencel, mát lạnh như lụa, thích hợp ngủ không mặc đồ], ",CHUA_CO,,,
baizixichun,1,1,花型,"Xiangyun Ruicai cotton tinh khiết, Rồng phượng đại hạnh phúc vàng 100% cotton, R",CHUA_CO,,,
baji,1,1,颜色,"811-364 Mengqu Duck Kitchen 【Hộp quà Trung Quốc】, 811-368 Bếp nhỏ Mengmeng Duck ",CHUA_CO,,,
bajiaoting,1,1,产品厂家厂址,"Một lon trà, số 22, đường Bajiaoting, núi Wuyi",CHUA_CO,,,
bakery,1,1,颜色,"k364—K369 Dream Shop trọn bộ 6 kiểu, K400-K405 bán trọn bộ 6 mẫu xe đẩy, Bộ 6 mẫ",CHUA_CO,,,
balance,1,1,属性,New Balance,GIU,,,
balata,1,1,颜色,"Sáu cửa hàng trong mơ của K364-369, K478-K483 Cửa Hàng Xem Đường Hai Lớp - Sáu K",CHUA_CO,,,
bainian,1,1,生产厂家,"Tuyền Châu Bainian Xiuben Tea Industry Co., Ltd.",CHUA_CO,,,
yinjunmei,1,1,包装规格,"Trà đen số 1 (15 tệ mỗi catty cho cả miếng, 23kg / hộp) mã số 1016, Jin Junmei (",CHUA_CO,,,
yinlian,1,1,颜色,"Sáu cửa hàng trong mơ của K364-369, K478-K483 Cửa Hàng Xem Đường Hai Lớp - Sáu K",CHUA_CO,,,
yinman,1,1,花型,"Nếu mưa, Chiba, Một tâm một ý - Xám, Thỏ Tiên Nữ - Hồng, Ailinger - Cà phê, Gấu ",CHUA_CO,,,
yinuo,1,1,白桃乌龙茶,Công ty TNHH Trà Hứa Châu Yinuo,CHUA_CO,,,
yizi,1,1,生产厂家,Công ty TNHH Thực phẩm Yizi Tô Châu,GIU,,,
yinzhu,1,1,花型,"Lớp bé loại A/Desha, Loại A trẻ sơ sinh/Qinglan Nuancui, Lớp bé loại A/Hyper Blu",CHUA_CO,,,
yipinshijia,1,1,包装规格,"Bộ Quà Tặng Trà Cao Cấp ""Ngàn Dặm Sông Núi"" (330g), Hộp quà sáu tầng Guochao Jia",CHUA_CO,,,
yipintianxia-souchong,1,1,包装规格,"Bốn loại trà tuyệt vời của thế giới1, Hộp quà tặng trà kết hợp, Bốn loại trà tuy",CHUA_CO,,,
yiquyue,1,1,颜色,"Bộ đồ dài tay/cho bé tập bò - Màu hổ phách quyến rũ, Tay áo dài/Crawling Buddy -",CHUA_CO,,,
bairuixiang,1,1,包装规格,"Trọng lượng mẫu khoảng [30g], [Carbon nướng Dahongpao] Đơn giá 40 nhân dân tệ, [",CHUA_CO,,,
baishan,1,1,花型,"Nước suối xanh nhạt [Thương hiệu cao cấp nhẹ satin đảm bảo tinh tế và ấm áp], Và",CHUA_CO,,,
baishancao,1,1,颜色,"W1503/4 ngẫu nhiên một hộp hoa, W1603/4 Hộp hoa ngẫu nhiên - phiên bản nâng cấp,",CHUA_CO,,,
baitang,1,1,花型,"Senman-Milk White [Bông loại A, an toàn khi ngủ khỏa thân], Duoduo - hồng nhạt [",CHUA_CO,,,
baixiang,1,1,包装规格,"Bộ Quà Tặng Trà Cao Cấp ""Ngàn Dặm Sông Núi"" (330g), Hộp quà sáu tầng Guochao Jia",CHUA_CO,,,
baixianji,1,1,颜色,Son môi đổi màu anh đào đỏ Baixianji,CHUA_CO,,,
baixueshan,1,1,颜色,"Cốc trà sữa trắng, Cốc trà sữa đen, Trắng NSV, Màu đen NSV, Mèo trắng, Mèo đen, ",CHUA_CO,,,
baiya,1,1,包装规格,26# Trà Selen Xiangcha ---- Trà Mới 2026 Trà Mùa Xuân Mưa Trước Đặc Biệt Lá Xanh,CHUA_CO,,,
baichuan,1,1,花型,"漫步云端【100%纯棉 亲肤透气】, 梦里星光-灰【100%纯棉 亲肤透气】, 妙语花香【100%纯棉 亲肤透气】, 木棉花-绿【100%纯棉 亲肤透气】, 天",CHUA_CO,,,
yisen,1,1,花型,"Mansen Hồng [Loại A 100% cotton dệt sợi màu], Bông Yisen [Loại A 100% cotton dệt",CHUA_CO,,,
yisenka,1,1,花型,"Mansen Hồng [Loại A 100% cotton dệt sợi màu], Bông Yisen [Loại A 100% cotton dệt",CHUA_CO,,,
yixiantian,1,1,包装规格,"30 # Lửa than thơm Dahongpao, 30 # áo choàng đỏ thơm, 40 # Dahongpao nguyên bản,",CHUA_CO,,,
yixinlian,1,1,花型,"Mengbubu [nhung dày - ấm áp và thoải mái], Cuộc Đón Gặp Hoa [Thêm Nhung Và Làm D",CHUA_CO,,,
yixue,1,1,净重（规格）,"[Hai mươi món ăn nhẹ tuổi thơ] 30 gói, [Hai mươi món ăn nhẹ tuổi thơ] 60 gói, [H",CHUA_CO,,,
yixun,1,1,花型,"Mực thừa từ nghiên, Mô Tùng Nhiễm Pro, Hàn Sa Ký, Tím núi hoàng hôn, Tranh Ukiyo",CHUA_CO,,,
baiji,1,1,颜色,"Đen và xanh 4504 [thể thao hợp thời trang và đa năng/thể thao thông thường], Trắ",CHUA_CO,,,
baiju,1,1,颜色,"Phấn hoa trắng/anh đào 8838 cô gái mạng đôi, White/Candy Green 8838 Double Net G",CHUA_CO,,,
bailin,1,1,老白茶部分原料产地,"Trà trắng Phúc Đỉnh tươi, thơm và mềm: Nodou, Taimushan, Bailin, Guanyang, Panxi",CHUA_CO,,,
bailongma,1,1,生产厂家,Công ty TNHH Thực phẩm Sơn Đông Bailongma,CHUA_CO,,,
babella,1,1,产品名称,Sữa rửa mặt trẻ hóa Babella Jingyao,CHUA_CO,,,
babibunny,1,1,花型,"Loại A - [Hello Pink Katie] Vải voan hai lớp mềm mại như bông, thân thiện với da",CHUA_CO,,,
baboge,1,1,产品规格,"Mặt nạ làm sạch bùn trà Baboge 140g, Bàn chải silicon (có túi)",CHUA_CO,,,
yiye,1,1,生产厂家,Công ty TNHH chè Yunan Yiye,CHUA_CO,,,
yiyou,1,1,生产厂家,Hợp tác xã chuyên nghiệp nông nghiệp Menghai Yiyou,GIU,,,
yiyu,1,1,花型,"Bốn Mùa [Thêu Tinh Xảo 100S] Nhẹ Nhàng Như Ánh Sáng - Tím Mộng Mơ, Four Seasons ",CHUA_CO,,,
yiyuantang,1,1,特妆产品名称,Sữa rửa mặt làm trắng da Yiyuantang,CHUA_CO,,,
yize,1,1,规格尺寸,"Senna/Grevia/Grevia, Toyota CHR/Yize, Toyota Ralink/Corolla/Sư tử châu Á/Ling Sh",CHUA_CO,,,
ylan,1,1,成分原料,"Hoa violet, Hoa cúc, Ylan, Collagen, Khoáng sản, Allantoin, Dừa cạn, Bồ đề, Hoa ",CHUA_CO,,,
yoco,1,1,颜色,"Bộ liền thân vải cotton lông cừu Yoco họa tiết động vật nền vàng, vai xẻ, Bộ liề",CHUA_CO,,,
baby's,1,1,颜色,"Bầu trời trắng đầy sao, Bầu trời đầy sao đen, Trắng đầy sao [3D + chip], Đen đầy",CHUA_CO,,,
backgammon,1,1,颜色,"1618-91 Bếp nhỏ dễ thương, 1618-68 Quán bar nhỏ vui nhộn, Máy tính tiền vui nhộn",CHUA_CO,,,
bacon,1,1,包装规格,"[4 hộp lớn] Bánh mì gà và giăm bông thông, Bán chạy! [4 hộp lớn] Thịt xông khói ",CHUA_CO,,,
badong,1,1,包装规格,"[Lựa chọn chất lượng] Hoa cúc 50g, [Lựa Chọn Chất Lượng] Lá Bồ Công Anh 50g, [Lự",CHUA_CO,,,
avenue,1,1,颜色,"Model nâng cấp [1 chai 260ML]-Hilton, Nâng cấp [1 chai 260ML]-Gardenia, Nâng cấp",CHUA_CO,,,
awakening,1,1,产品规格,"敷尔佳DNA钠水光焕采紧塑面膜5片/盒 有官方防伪码, 敷尔佳胶原璀璨嘭弹乳霜面膜5片/盒（钢铁侠面膜） 有官方防伪码, 【2.0】敷尔佳舒安水500ml 有官",CHUA_CO,,,
award,1,1,净重（规格）,"[Ba mươi loại] 120 gói, [Ba mươi loại] 90 gói, [Ba mươi loại] 60 gói, Zhou Chang",CHUA_CO,,,
axe,1,1,颜色,Rìu Chiến Bão - Xanh Tinh Vực [Biến Hình Một Nút Bấm + Ánh Sáng Bảy Màu + Phun S,CHUA_CO,,,
yogurt,1,1,花型,"Vườn Anna, Lời tâm sự thủy triều, Ký ức hương thảo, Lô Na Tinh Hà, Lễ hội Mèo, S",CHUA_CO,,,
yongde,1,1,生产厂家,Nhà máy trà Yongde Xinwen,CHUA_CO,,,
yongdeli,1,1,生产厂家,Công ty TNHH thực phẩm Phúc Kiến Yongdeli,GIU,,,
yongjian,1,1,生产厂家,Công ty TNHH trà Meitan Yongjian,CHUA_CO,,,
yongxiang,1,1,生产厂家,Công ty TNHH Công nghiệp Trà Yongxiang,CHUA_CO,,,
yixi,1,1,产品规格,"Mặt nạ than hoạt tính hút mụn đầu đen 120g, Bùn rong biển làm sạch sâu và loại b",CHUA_CO,,,
babbi,1,1,尺寸大小,"Bình sữa PPSU 160mL đi kèm núm vú S (0-3 tháng) Phil Yellow, Bình PPSU 240mL đi ",CHUA_CO,,,
aurora-benbai,1,1,花型,"Bragg-Mountain Grey [Loại A cotton tinh khiết] mềm mại và thân thiện với làn da,",CHUA_CO,,,
aurora-bentley,1,1,花型,"Bragg-Mountain Grey [Loại A cotton tinh khiết] mềm mại và thân thiện với làn da,",CHUA_CO,,,
aurora-cheese,1,1,花型,"Bragg-Mountain Grey [Loại A cotton tinh khiết] mềm mại và thân thiện với làn da,",CHUA_CO,,,
aurora-elegant,1,1,花型,"Bragg-Mountain Grey [Loại A cotton tinh khiết] mềm mại và thân thiện với làn da,",CHUA_CO,,,
aurora-mountain,1,1,花型,"Bragg-Mountain Grey [Loại A cotton tinh khiết] mềm mại và thân thiện với làn da,",CHUA_CO,,,
aurora-wind,1,1,花型,"Bragg-Mountain Grey [Loại A cotton tinh khiết] mềm mại và thân thiện với làn da,",CHUA_CO,,,
youfei,1,1,产品规格,"[Phiên bản bùng nổ] Sữa rửa mặt axit amin y tế, Sữa rửa mặt y tế + Mạng tạo bọt,",CHUA_CO,,,
youga-light,1,1,花型,"Hương thơm đậm đà và cà phê có bóng nhẹ [Vải jacquard cotton loại A], Senman-Mil",CHUA_CO,,,
yougan,1,1,包装规格,"Bộ Sưu Tập Súp Bốn Thần (25 túi nhỏ * 10g), Trà đào năm ngón và trà poria (25 gó",CHUA_CO,,,
yougu,1,1,生产厂家,Công ty TNHH Phát triển Nông nghiệp Chiết Giang Yougu Chun,CHUA_CO,,,
youjiayan,1,1,产品名称,Mặt nạ làm săn chắc da chống nhăn Youjiayan Restructured Collagen,CHUA_CO,,,
youka,1,1,净重（规格）,"[Hai mươi món ăn nhẹ tuổi thơ] 30 gói, [Hai mươi món ăn nhẹ tuổi thơ] 60 gói, [H",CHUA_CO,,,
youkago,1,1,净重（规格）,"[Hai mươi món ăn nhẹ tuổi thơ] 30 gói, [Hai mươi món ăn nhẹ tuổi thơ] 60 gói, [H",CHUA_CO,,,
youkesi,1,1,颜色,"Bộ liền thân vải cotton lông cừu Yoco họa tiết động vật nền vàng, vai xẻ, Bộ liề",CHUA_CO,,,
yizu,1,1,包装规格,"Hương vị hỗn hợp 20 gói (2-4 hương vị), Tôm tươi thái lát 5g * 20 gói, Vòng hành",CHUA_CO,,,
yuanwei,1,1,花型,"Paris Pink Island [Phiên bản nâng cấp 7A dành cho mẹ và bé, thiết kế ngủ trần], ",CHUA_CO,,,
youlan,1,1,花型,"Treasure Garden [Kết cấu cấp mẹ và bé đích thực NUK], Aisha Fangfei [Kết cấu cấp",CHUA_CO,,,
youliang,1,1,净重（规格）,"[Hai mươi món ăn nhẹ tuổi thơ] 30 gói, [Hai mươi món ăn nhẹ tuổi thơ] 60 gói, [H",CHUA_CO,,,
youlu,1,1,花型,"Hương hoa đầy cành [100% cotton], Anna Garden [100% vải cotton], Kẹo đá Happy Ro",CHUA_CO,,,
youmeng,1,1,花型,"Wu Anxin (thủ công thêu một chữ cotton), Ngôi nhà bí ngô (thủ công thêu một chữ ",CHUA_CO,,,
young,1,1,花型,Rock Grey [Bộ bốn món 100% Lyocell Tencel - Thoải mái khi ngủ khỏa thân - Tận hư,CHUA_CO,,,
youruo,1,1,花型,"Monica [Bông chải kỹ, ngủ khỏa thân], Xiancao 【Bông chải kỹ, ngủ khỏa thân], You",CHUA_CO,,,
youshang,1,1,产品名称,Son môi hai đầu Han Youshang,GIU,,,
youthful,1,1,产品名称,Mặt nạ Li Yi Ke Yan Ji Yuan Youthful Radiance,CHUA_CO,,,
youyoumeipai,1,1,颜色,"811-364 Mengqu Duck Kitchen 【Hộp quà Trung Quốc】, 811-368 Bếp nhỏ Mengmeng Duck ",CHUA_CO,,,
youyu,1,1,花型,"Wu Anxin (thủ công thêu một chữ cotton), Ngôi nhà bí ngô (thủ công thêu một chữ ",CHUA_CO,,,
youyuan,1,1,生产厂家,Nhà máy Trà Youyuan Menghai,CHUA_CO,,,
yoshino,1,1,花型,"Yoshino Tsukishima-Cedar Xanh, Hơi thở của thiên nhiên-Bột yến mạch Naked, Norma",CHUA_CO,,,
aymeina,1,1,花型,"Ấm áp như mùa hè-[Cotton], Silk-Geyun Space-【Cotton 】, Cam tươi-[Bông], Rèm Mùa ",CHUA_CO,,,
azurit,1,1,颜色,"bóng đen, Trăng lưỡi liềm trắng, azurit, sương mù xanh, rêu xanh, màu cam hoàng ",CHUA_CO,,,
babaoli,1,1,净重（规格）,"[Ba mươi loại] 120 gói, [Ba mươi loại] 90 gói, [Ba mươi loại] 60 gói, Zhou Chang",CHUA_CO,,,
yu-haiqing,1,1,花型,"Hoa mùa xuan-xanh [Từ chối cái nóng và mềm mượt, ngủ khỏa thân và thoát mồ hôi],",CHUA_CO,,,
yu-huang,1,1,花型,"Tre xanh-ca rô màu, Tre xanh-Thanh trái cây, Lưới trúc xanh-cam, Tre xanh lam ca",CHUA_CO,,,
aurora-yunchuan,1,1,花型,"Bragg-Mountain Grey [Loại A cotton tinh khiết] mềm mại và thân thiện với làn da,",CHUA_CO,,,
authentic,1,1,花型,"Treasure Garden [Kết cấu cấp mẹ và bé đích thực NUK], Aisha Fangfei [Kết cấu cấp",THEO_CUM,chính gốc,,
autobots,1,1,颜色,Trộn và kết hợp các kiểu dáng trong 50 hộp (giá thầu tối thiểu là 50 hộp) (kiểu ,GIU,,,
autonavi,1,1,颜色分类,"Bản đồ AutoNavi Trung Quốc đại lục, Bản đồ Google đa ngôn ngữ quốc tế",GIU,,,
avalon,1,1,规格尺寸,"Senna/Grevia/Grevia, Toyota CHR/Yize, Toyota Ralink/Corolla/Sư tử châu Á/Ling Sh",GIU,,,
avatar,1,1,颜色,"Q121 Grizzly Bear - Đường khâu không xương được nâng cấp, Q123: Avatar động vật ",CHUA_CO,,,
astetate,1,1,成分原料,Lauryl natri hydroxethyl astetate,CHUA_CO,,,
astros,1,1,规格,"[Thiết kế gốc]--Phim hoạt hình Nezha [Đường kính mềm và dày 20cm], [Thiết kế ban",CHUA_CO,,,
asuka,1,1,颜色,"Ưu đãi đặc biệt: Hộp mù Thần Tài May Mắn - Số lượng có hạn, hết hàng là hết!, Mộ",CHUA_CO,,,
ateman,1,1,规格,"[Thiết kế gốc]--Phim hoạt hình Nezha [Đường kính mềm và dày 20cm], [Thiết kế ban",CHUA_CO,,,
yuanbaolong,1,1,颜色,"gấu thêu, Gấu so sánh, Gấu sao và mặt trăng, đuổi dù, Chú gấu nhỏ dễ thương, gấu",CHUA_CO,,,
yuandai-gray,1,1,花型,"Allen-White-[100% cotton, bao bì tinh tế], Spring Pie-[100% cotton, bao bì tinh ",CHUA_CO,,,
yuankangtang,1,1,生产厂家,Công ty TNHH Thương mại Vân Nam Yuankangtang,CHUA_CO,,,
yuanquan,1,1,特妆产品名称,Mặt nạ trị tàn nhang làm trắng da Yuanquan Xiufu,CHUA_CO,,,
atv,1,1,颜色,"Xe thiếc 6,8 CM [kết hợp kiểu dáng], Máy bay nhỏ 5.2CM [phối hợp nhiều kiểu], Má",CHUA_CO,,,
aubeyan,1,1,产品规格,Mặt nạ dưỡng ẩm nha đam Aubeyan,CHUA_CO,,,
audrey-champagne,1,1,花型,"Mary-bướm trắng, Mary-bướm hồng, Mary-bướm xanh lam, Mary-xám bướm, Audrey-xám c",CHUA_CO,,,
aura,1,1,颜色,"1# Trà Sữa Cam (Cam Sai) [Cam Kem], 2# Màu nude đa năng [Thân thiện với da màu v",CHUA_CO,,,
ash,1,1,花型,"Clear Sky-Milkshake White [Mềm và như sáp, thân thiện với da, không vón cục, khô",CHUA_CO,,,
ash-dm,1,1,花型,"Mountain Ash-DM [Loại bông sợi dài dành cho bà mẹ và trẻ sơ sinh], Fanxing Blue-",CHUA_CO,,,
ashi,1,1,花型,"Matcha xanh sữa vàng, Phô mai xanh nhạt Bandilan, Vàng phô mai xanh nhạt, Ashi c",CHUA_CO,,,
yue-mu,1,1,花型,"Qingyue-mật ong đậu đỏ, Qingyue-xanh da trời, Qingyue-Bột nước trái cây, Qingyue",CHUA_CO,,,
yuebai,1,1,花型,"Allen-White-[100% cotton, bao bì tinh tế], Spring Pie-[100% cotton, bao bì tinh ",CHUA_CO,,,
yuechuang,1,1,产品规格,"Mặt nạ Zhiduofuyan (kiểu Tian) - 25ml/cái ""Giá đặc biệt"", Mặt Nạ Dưỡng Da Chống ",CHUA_CO,,,
yuedong,1,1,花型,"Shining hey (màu tinh khiết) [sai số kích thước ± 5 cm], Bột Sakura (màu tinh kh",CHUA_CO,,,
yuege,1,1,花型,"An Lan, Hé Hạ, Hoa Hi, Cẩm Thời, Cẩm Vận, Bối cảnh, Lục Hạnh, Tịch Nguyệt, Ước h",CHUA_CO,,,
yuehong,1,1,颜色,"đen1, trắng1, màu lục lam nhạt, hồng trắng, Màu vàng kem, màu trắng cổ, titan mà",CHUA_CO,,,
yuejia,1,1,生产厂商,Công ty TNHH Điện tử Yuejia Thâm Quyến,CHUA_CO,,,
yuejiang,1,1,颜色,"8970-1 Tàu sân bay 6 trong 1 [138 mảnh ghép], 8970-2 Thế giới Khủng long 6 trong",CHUA_CO,,,
yu'an,1,1,生产厂家,"Lu'an Yu'an District Yuyi Tea Co., Ltd.",CHUA_CO,,,
yueshi,1,1,花型,Màu xám cổ điển + Champagne [Nhung sữa dày/Ấm áp thân thiện với làn da/Thoải mái,CHUA_CO,,,
asiatium,1,1,成分,Chiết xuất Centella asiatium,THEO_CUM,,,
asics,1,1,形象,Asics,CHUA_CO,,,
asitic,1,1,产品规格,"Mặt nạ Centella asitic Salicylic Acid, Mặt nạ làm đẹp vitamin C",CHUA_CO,,,
aspartate,1,1,成分,"Dầu dừa natri glycinate, octyl/decylglucoside, serine, arginine, glutamate, prol",CHUA_CO,,,
assa,1,1,生产厂家,Thực phẩm Assa Jiao,CHUA_CO,,,
aries,1,1,花型,"Allen-White-[100% cotton, bao bì tinh tế], Spring Pie-[100% cotton, bao bì tinh ",CHUA_CO,,,
army,1,1,净重（规格）,"[Ba mươi loại] 120 gói, [Ba mươi loại] 90 gói, [Ba mươi loại] 60 gói, Zhou Chang",CHUA_CO,,,
aromatherapy,1,1,颜色,"Model nâng cấp [1 chai 260ML]-Hilton, Nâng cấp [1 chai 260ML]-Gardenia, Nâng cấp",CHUA_CO,,,
yuetguang,1,1,花型,Bobby Dog [100% cotton nguyên chất / Thiết kế dành riêng cho học sinh / Dùng đượ,CHUA_CO,,,
yueyouquan,1,1,特妆产品名称,YUEYOQUER Yueyouquan Snow Skin Kem dưỡng trắng da chống tàn nhang,CHUA_CO,,,
yuanzhan,1,1,生产厂家,Công ty TNHH trà Yuanzhan,CHUA_CO,,,
yucca,1,1,花型,"Little Daisy [Loại A siêu mềm, ngủ khỏa thân], Aisha [Loại A siêu mềm, ngủ khỏa ",CHUA_CO,,,
yucheng,1,1,生产厂家,"Cầu tàu Ôn Châu Chen Yucheng Food Co., Ltd.",CHUA_CO,,,
yuchun,1,1,生产厂家,"Tô Châu Gu Yuchun Tea Industry Co., Ltd.",GIU,,,
athens-coffee,1,1,花型,"Trà sữa Manson-Bentley Blue [Thưởng thức mềm mượt và thân thiện với làn da, Mans",CHUA_CO,,,
yunchu,1,1,花型,"Bột Yuyan · Màu tím khoai môn [Loại A 100% cotton cho bà mẹ và trẻ em, Bột Yuyan",CHUA_CO,,,
yunfuxiang,1,1,生产厂家,Công ty TNHH trà Menghai Yunfuxiang,CHUA_CO,,,
yunhe,1,1,产地,Chiết Giang Yunhe,CHUA_CO,,,
yunhua-songjian,1,1,花型,"[Bốn Mùa] Đảo Mặt Trăng Mi Sheng-Cocoa Brown, [Bốn Mùa] Đảo Mặt Trăng Mi Sheng-X",CHUA_CO,,,
yunjian-middle,1,1,花型,"Hoa mùa xuan-xanh [Từ chối cái nóng và mềm mượt, ngủ khỏa thân và thoát mồ hôi],",CHUA_CO,,,
yuga-milk,1,1,花型,"Senman-Milk White [Bông loại A, an toàn khi ngủ khỏa thân], Duoduo - hồng nhạt [",CHUA_CO,,,
yuge,1,1,颜色,Bộ đồ thỏ mềm Yuge,CHUA_CO,,,
yuhang,1,1,颜色,"Cốc trà sữa trắng, Cốc trà sữa đen, Trắng NSV, Màu đen NSV, Mèo trắng, Mèo đen, ",CHUA_CO,,,
yuhei,1,1,颜色,"Ice White [Mạng kép USB + Giá đỡ cốc + Chống cháy nổ], Lá Tre Xanh [Mạng Kép USB",CHUA_CO,,,
yujing-grey,1,1,花型,"Hoa cà phê (phổ biến lớn! Không có nhiều hàng trong kho, bạn cần nhanh lên), Hoa",CHUA_CO,,,
yujing-orange,1,1,花型,"Hoa cà phê (phổ biến lớn! Không có nhiều hàng trong kho, bạn cần nhanh lên), Hoa",CHUA_CO,,,
yukoufa,1,1,生产厂家,"Zhangzhou Yukoufa Food Co., Ltd.",CHUA_CO,,,
yul,1,1,产品类别,Enshi Yul,CHUA_CO,,,
yueke,1,1,生产厂家,Công ty TNHH Trà Yueke tỉnh Phúc Kiến,CHUA_CO,,,
yuemian,1,1,颜色,"01 # Xing Yuemian, 02 # Little Pear Red, 03 # Đi sớm vào mùa thu, 04 # Biết sươn",CHUA_CO,,,
yueshe,1,1,颜色,"Nhà trên cây mộc mạc MZ-322 (721 miếng), [Phiên bản chiếu sáng] Nhà trên cây đồn",CHUA_CO,,,
yunqi-pudding,1,1,花型,"Yunqi - Xanh & Trắng, Mousse Yunqi-Mocha, Bột đào trà trắng Yunqi, Cà phê sữa Yu",CHUA_CO,,,
yunsha,1,1,花型,"Màu Đôn Hoàng-Bình minh bạc (Lanjing Tencel nhập khẩu từ Áo), Xám xanh lam-Xám s",CHUA_CO,,,
yumeku,1,1,花型,"Vườn Anna, Lời tâm sự thủy triều, Ký ức hương thảo, Lô Na Tinh Hà, Lễ hội Mèo, S",CHUA_CO,,,
yun-lapsang,1,1,包装规格,"Hoa nở phú quý (đỏ)-Zhengshan Xiaosang 250g, Lapsang Souchong 50 túi hộp quà 250",CHUA_CO,,,
yunan,1,1,生产厂家,Công ty TNHH chè Yunan Yiye,CHUA_CO,,,
aromatherapy-alpine,1,1,颜色,"Model nâng cấp [1 chai 260ML]-Hilton, Nâng cấp [1 chai 260ML]-Gardenia, Nâng cấp",CHUA_CO,,,
aromatherapy-oud,1,1,颜色,"Model nâng cấp [1 chai 260ML]-Hilton, Nâng cấp [1 chai 260ML]-Gardenia, Nâng cấp",CHUA_CO,,,
arrivalcyme,1,1,精品托特包手提托特包,Túi đeo chéo polene cánh New ArrivalCyme polene da bò tote Túi satchel sức chứa ,CHUA_CO,,,
arrow,1,1,净重（规格）,"[Ba mươi loại] 120 gói, [Ba mươi loại] 90 gói, [Ba mươi loại] 60 gói, Zhou Chang",CHUA_CO,,,
art,1,1,花型,"Miller [Cotton chải kỹ, thân thiện với da và tinh tế], Chunuan [Cotton chải kỹ, ",CHUA_CO,,,
arts,1,1,颜色,"HT-097桌面足球赛游戏【大礼盒】, 【彩盒】987-122弹珠保龄球, 556-201欢乐锤豆豆【礼盒】, 【彩盒】556-44萌叶叠叠玩, HT-076 ",CHUA_CO,,,
asagawa,1,1,花型,"Jensen-Yellow (Thiết kế viền vỏ chải dày bằng cotton loại A), Jensen-Pink (Thiết",CHUA_CO,,,
asajiao,1,1,生产厂家,Thực phẩm Asajiao,CHUA_CO,,,
application,1,1,产品规格,Hộp băng keo sửa chữa Chuangfukang Collagen 5 miếng [có thể kiểm tra chống hàng ,CHUA_CO,,,
arabia,1,1,包装体积,Nga Dubai Nhật Bản Hàn Quốc Síp Nigeria Ghana Nam Phi Suriname Saudi Arabia Keny,CHUA_CO,,,
aragon,1,1,颜色,"01 # Thạch trà Ô Long, 02 # Trà đá dâu, 03 # Quả mơ màu nâu cam khỏa thân, 04 # ",CHUA_CO,,,
yunshang-ziwei,1,1,花型,"Nàng tiên hoa Yunshang, Yunshang-Hoa Lê Mùa Thu, Cà phê Yunshang-Love, Yunshang-",CHUA_CO,,,
yunsi,1,1,花型,"Bột tình yêu, yêu màu xanh, Bướm đầy màu sắc màu xanh, Quả quýt lá dài mùa hè, L",CHUA_CO,,,
yunlan,1,1,花型,"Monica [Bông chải kỹ, ngủ khỏa thân], Xiancao 【Bông chải kỹ, ngủ khỏa thân], You",CHUA_CO,,,
yunman-ka,1,1,花型,"Jensen-Yellow (Thiết kế viền vỏ chải dày bằng cotton loại A), Jensen-Pink (Thiết",CHUA_CO,,,
yunmengtu,1,1,花型,"Trái tim kho báu quốc gia--Ren cotton thoải mái kiểu K--, Cô gái yêu--ren cotton",CHUA_CO,,,
arashiyama,1,1,花型,"Ruoyu Chiba, Một trái tim-xám, Thỏ cổ tích-hồng, Eilinger-cà phê, Gấu Ruidi-xanh",CHUA_CO,,,
archie,1,1,花型,"Mềm mại - Bánh thỏ trái tim 【Vải loại A, thân thiện với da, mềm mại】, Mềm mại - ",CHUA_CO,,,
arctic,1,1,颜色,"Màu xám đậm (tay ngắn nặng 520g), Arctic White (Tay ngắn hạng nặng 520g), Màu đe",GIU,,,
arginine,1,1,成分,"Dầu dừa natri glycinate, octyl/decylglucoside, serine, arginine, glutamate, prol",CHUA_CO,,,
aofuhou,1,1,包装规格,"500g đầu trà thơm cặn vịt số 12 [nguyên liệu trà sữa], 500g đầu trà thơm cặn vịt",CHUA_CO,,,
aokong,1,1,颜色,"Ưu đãi đặc biệt: Hộp mù Thần Tài May Mắn - Số lượng có hạn, hết hàng là hết!, Mộ",CHUA_CO,,,
aopi,1,1,产品规格,Mặt nạ chống nhăn xương cựa aopi 10 miếng/hộp,CHUA_CO,,,
aovis,1,1,花型,"Lá Bạch Quả - Xanh Dương [Loại A, cấp độ mẹ và bé], Chanh xanh bạc hà [Loại A dà",CHUA_CO,,,
yunqi-lilac,1,1,花型,"Yunqi - Xanh & Trắng, Mousse Yunqi-Mocha, Bột đào trà trắng Yunqi, Cà phê sữa Yu",CHUA_CO,,,
yunqi-mocha,1,1,花型,"Yunqi - Xanh & Trắng, Mousse Yunqi-Mocha, Bột đào trà trắng Yunqi, Cà phê sữa Yu",CHUA_CO,,,
yunqi-peach,1,1,花型,"Yunqi - Xanh & Trắng, Mousse Yunqi-Mocha, Bột đào trà trắng Yunqi, Cà phê sữa Yu",CHUA_CO,,,
yunshang-celadon,1,1,花型,"Nàng tiên hoa Yunshang, Yunshang-Hoa Lê Mùa Thu, Cà phê Yunshang-Love, Yunshang-",CHUA_CO,,,
yunshang-chuye,1,1,花型,"Nàng tiên hoa Yunshang, Yunshang-Hoa Lê Mùa Thu, Cà phê Yunshang-Love, Yunshang-",CHUA_CO,,,
yunshang-cocoa,1,1,花型,"Nàng tiên hoa Yunshang, Yunshang-Hoa Lê Mùa Thu, Cà phê Yunshang-Love, Yunshang-",CHUA_CO,,,
yunshang-da,1,1,花型,"Nàng tiên hoa Yunshang, Yunshang-Hoa Lê Mùa Thu, Cà phê Yunshang-Love, Yunshang-",CHUA_CO,,,
aoyu,1,1,生产企业,Công ty TNHH Thủ công Mỹ nghệ Aoyu Yên Thành,GIU,,,
apartment,1,1,净重（规格）,"[Hai mươi món ăn nhẹ tuổi thơ] 30 gói, [Hai mươi món ăn nhẹ tuổi thơ] 60 gói, [H",CHUA_CO,,,
aphrodite,1,1,花型,"Mùa xuân nở rộ khắp vườn [100% cotton - có thể mặc ngủ], Aphrodite [100% cotton ",CHUA_CO,,,
apocynum,1,1,包装规格,"[Lựa chọn chất lượng] Hoa cúc 50g, [Lựa Chọn Chất Lượng] Lá Bồ Công Anh 50g, [Lự",CHUA_CO,,,
appetizing,1,1,净重（规格）,"[Hai mươi món ăn nhẹ tuổi thơ] 30 gói, [Hai mươi món ăn nhẹ tuổi thơ] 60 gói, [H",CHUA_CO,,,
applexsmax,1,1,适用型号,"Táo 18, Táo 18PRO, Táo 18PROMAX, Apple 17PROMAX, Apple 17PRO, táo 17, Apple 17AI",CHUA_CO,,,
anti-repair,1,1,产品名称,Mặt Nạ Ngủ Ban Đêm KISSMWAH Ice American Double Anti-Repair,CHUA_CO,,,
anti-sleeping,1,1,产品规格,"KISSMWAH Ice American Double Anti-Repairing Night Mask-Pish 25ml, KISSMWAH Ice A",CHUA_CO,,,
anti-staying,1,1,产品规格,"KISSMWAH Ice American Double Mặt nạ chống làm thêm giờ 25ml, KISSMWAH Microphân ",CHUA_CO,,,
yunshang-huatian,1,1,花型,"Nàng tiên hoa Yunshang, Yunshang-Hoa Lê Mùa Thu, Cà phê Yunshang-Love, Yunshang-",CHUA_CO,,,
yunshang-love,1,1,花型,"Nàng tiên hoa Yunshang, Yunshang-Hoa Lê Mùa Thu, Cà phê Yunshang-Love, Yunshang-",CHUA_CO,,,
yunshang-wisteria,1,1,花型,"Nàng tiên hoa Yunshang, Yunshang-Hoa Lê Mùa Thu, Cà phê Yunshang-Love, Yunshang-",CHUA_CO,,,
yunxiu,1,1,花型,"雾绒-白【精梳新疆全棉 亲肤裸睡】, 伯伦-白【精梳新疆全棉 亲肤裸睡】, 杜言【精梳新疆全棉 亲肤裸睡】, 繁花然【精梳新疆全棉 亲肤裸睡】, 乐禧【精梳新疆",CHUA_CO,,,
yunyan,1,1,颜色,"Obsidian Black [Phiên bản nâng cấp], Yunyan White [Phiên bản nâng cấp], Da gel [",CHUA_CO,,,
antler,1,1,产品规格,"Mặt nạ trẻ hóa Han Se Kylin 10 miếng/hộp, Mặt nạ Sarinsa chống nhăn và co giãn 1",CHUA_CO,,,
anxin,1,1,花型,"Wu Anxin (thủ công thêu một chữ cotton), Ngôi nhà bí ngô (thủ công thêu một chữ ",CHUA_CO,,,
anxiu,1,1,产品名称,Mặt nạ trị mụn Yusu Anxiu,GIU,,,
aochi,1,1,产品名称,Sữa rửa mặt thanh lọc Amino Acid Aochi,CHUA_CO,,,
aodo,1,1,产品规格,"Mặt nạ ánh sáng nước tinh chất axit hyaluronic Bibaiya [5 miếng] mẫu thoát nước,",CHUA_CO,,,
anhua,1,1,生产厂家,Công ty TNHH trà Anhua County Jindao,HANVIET,An Hóa,,
anion,1,1,主要成分,"Chất hoạt động bề mặt anion, chất hoạt động bề mặt không ion, dung môi, chất ức ",CHUA_CO,,,
yupintianxia,1,1,包装规格,"Trà Tốt, Quà Tốt: Bốn Loại Trà Nổi Tiếng, He Li Shuang Dou Bốn loại trà nổi tiến",CHUA_CO,,,
yuqiantou,1,1,包装规格,"WY6白玉仙奶白茶2026年新茶————雨前特白嫩直高山黄绿色奶香款, Trà xanh trắng hình chim phượng A0, trà mới ",CHUA_CO,,,
yushu,1,1,包装规格,"Nước hoa phong lan Zhilan Yushu cổ tích (8,5g * 2 bong bóng), Có hoặc không có h",CHUA_CO,,,
yusu,1,1,产品名称,Mặt nạ trị mụn Yusu Anxiu,CHUA_CO,,,
yusui,1,1,产品规格,"Mặt nạ bùn làm sạch và kiểm soát dầu Shiyue Lithospermum 120g, Mặt Nạ Bùn Đen Ki",CHUA_CO,,,
yunshang-anh,1,1,花型,"Nàng tiên hoa Yunshang, Yunshang-Hoa Lê Mùa Thu, Cà phê Yunshang-Love, Yunshang-",CHUA_CO,,,
yunshang-breeze,1,1,花型,"Nàng tiên hoa Yunshang, Yunshang-Hoa Lê Mùa Thu, Cà phê Yunshang-Love, Yunshang-",CHUA_CO,,,
anne,1,1,花型,"Bích Thành Xuân Nê, Trang điểm đậm hoặc nhẹ, Hoa Đài Dệt Mộng - Cà phê, Bột Lạc ",CHUA_CO,,,
anping,1,1,产品厂家厂址,"Số 2, Đường Anping Đông, Thị trấn Xiping, Quận Anxi",CHUA_CO,,,
anqina,1,1,产品名称,Sữa rửa mặt dưỡng ẩm Anqina,CHUA_CO,,,
antello,1,1,花型,"Tùng Thảo Tập, Trong vườn hoa, Vườn Na Uy, Mưa Giấc Mơ Thời Gian, Phong cách oxy",CHUA_CO,,,
angeli,1,1,容量,Bình giữ nhiệt hình thỏ trượt tuyết Pink Winter [Ruột thép không gỉ 316/Vòi hút ,CHUA_CO,,,
angelina-bing,1,1,花型,"Phong cách hoàng gia-Rankin, Phong cách hoàng gia-Vàng tím, Nhẹ nhàng hoa lá - X",CHUA_CO,,,
yuyu,1,1,花型,"Thỏ cầu vồng [Nhung sữa dày], Thỏ may mắn [Nhung sữa dày], Benbenxiong-mi [nhung",CHUA_CO,,,
yuyuan,1,1,生产厂家,Công ty TNHH Công nghệ Sinh học Yuyuan Tang Fuyang,CHUA_CO,,,
yuzai,1,1,净重（规格）,"[Hai mươi món ăn nhẹ tuổi thơ] 30 gói, [Hai mươi món ăn nhẹ tuổi thơ] 60 gói, [H",CHUA_CO,,,
yuzaisu,1,1,净重（规格）,"[Hai mươi món ăn nhẹ tuổi thơ] 30 gói, [Hai mươi món ăn nhẹ tuổi thơ] 60 gói, [H",CHUA_CO,,,
yuzhitang,1,1,产品规格,"[Phiên bản bùng nổ] Sữa rửa mặt axit amin y tế, Sữa rửa mặt y tế + Mạng tạo bọt,",CHUA_CO,,,
yuzhongya,1,1,包装规格,Trà xanh cuộn đáy 500g giá đặc biệt số 8.5 [loại trà uống/loại thương mại điện t,CHUA_CO,,,
yuzhou,1,1,生产厂家,Nhà máy thực phẩm Thái Bình Dương Yuzhou,CHUA_CO,,,
yuzhu,1,1,花型,"Hoa mùa xuan-xanh [Từ chối cái nóng và mềm mượt, ngủ khỏa thân và thoát mồ hôi],",THAY,ngọc trúc,,
yunxia,1,1,花型,"Sweet Joy [Cấp độ ngủ khỏa thân dành cho bà mẹ và trẻ sơ sinh hạng A], Bazaar [C",CHUA_CO,,,
yunxiangma,1,1,包装规格,"500 Đầu Trà Đại Hồng Bào Số 8 [Thành phần trà], 500g trà Đại Hồng Bào số 11 hươn",CHUA_CO,,,
zhen-milk,1,1,花型,"Zhen-Sữa lắc, trời xanh [Từ chối cái nóng và mềm mượt, ngủ khỏa thân cả đêm mà k",CHUA_CO,,,
zhen-sky,1,1,花型,"Zhen-Sữa lắc, trời xanh [Từ chối cái nóng và mềm mượt, ngủ khỏa thân cả đêm mà k",CHUA_CO,,,
zhen-tro,1,1,花型,"Zhen-Sữa lắc, trời xanh [Từ chối cái nóng và mềm mượt, ngủ khỏa thân cả đêm mà k",CHUA_CO,,,
zhen-xingdai,1,1,花型,"Zhen-Sữa lắc, trời xanh [Từ chối cái nóng và mềm mượt, ngủ khỏa thân cả đêm mà k",CHUA_CO,,,
zhen-zhong,1,1,花型,"Zhen-Sữa lắc, trời xanh [Từ chối cái nóng và mềm mượt, ngủ khỏa thân cả đêm mà k",CHUA_CO,,,
zhenbo,1,1,容量,"Bình thủy tinh chống đầy hơi 160ML, Bình chống đầy hơi PPSU 240ML, Bình sữa Zhen",CHUA_CO,,,
zhencui,1,1,产品规格,"Mặt nạ tinh dầu Bodie Jingrun Zhencui (mới) 25ml, Mặt nạ dưỡng ẩm Bodie Hyaluron",CHUA_CO,,,
zangchun,1,1,颜色,"Vườn Hoa Màu Hồng Cherry 232 Chiếc-Hộp Màu, Hộp màu hồng Rose Lane 239 chiếc, Hộ",CHUA_CO,,,
zangqing,1,1,颜色,"nhồi máu cơ tim, màu đen, Wu LAN, mạng khu vực hiện trường, người Hui, người She",CHUA_CO,,,
zao,1,1,本款龙井和产地简介,"Chủ yếu được sản xuất ở khu vực Phật lớn của Xinchang, Thiệu Hưng, tỉnh Chiết Gi",CHUA_CO,,,
zaozhuang,1,1,生产厂家,Công ty TNHH Sản phẩm Đậu nành Hongyu (Zaozhuang),CHUA_CO,,,
zeng,1,1,净重（规格）,"[Hai mươi món ăn nhẹ tuổi thơ] 30 gói, [Hai mươi món ăn nhẹ tuổi thơ] 60 gói, [H",CHUA_CO,,,
zha,1,1,颜色,"Gấu đỏ và xanh trong suốt lấp lánh, Kẹp tai hình gấu thời trang., Gấu vàng nhỏ, ",CHUA_CO,,,
yuta,1,1,花型,"A Gấu túi [Sợi cao cấp, mật độ cao - định lượng cao], A Ak [Sợi cao cấp, mật độ ",CHUA_CO,,,
yuxintang,1,1,产品规格,"[Phiên bản bùng nổ] Sữa rửa mặt axit amin y tế, Sữa rửa mặt y tế + Mạng tạo bọt,",CHUA_CO,,,
anna-cherry,1,1,花型,"Anna - Họa tiết da báo [Siêu mềm mại, cấp độ mẹ và bé], Anna - chấm bi [siêu mềm",CHUA_CO,,,
anchor,1,1,颜色,"[Đen-có logo] Hiệu ứng động từ tính lỏng, [Cam có logo] Hiệu ứng động từ tính lỏ",CHUA_CO,,,
alphard,1,1,规格尺寸,"Senna/Grevia/Grevia, Toyota CHR/Yize, Toyota Ralink/Corolla/Sư tử châu Á/Ling Sh",CHUA_CO,,,
am-pixel,1,1,颜色,"am - Xanh Denim, am - phiên bản hợp tác đen trắng, AM trắng đen, AM viền trắng đ",CHUA_CO,,,
angeyi,1,1,产品规格,"Sữa rửa mặt tinh khiết axit Madeline 100g, FLOWERWAY mặt nạ tưới collagen trẻ em",CHUA_CO,,,
anghar,1,1,花型,"Bích Thành Xuân Nê, Trang điểm đậm hoặc nhẹ, Hoa Đài Dệt Mộng - Cà phê, Bột Lạc ",CHUA_CO,,,
angular,1,1,规格,"Một loại nén lạnh phục hồi da nhạy cảm (5 miếng/hộp), Mặt nạ phục hồi da cấp mỹ ",CHUA_CO,,,
angus-green,1,1,花型,"Melbourne-Màu xám bí ẩn [mát mẻ và thoáng khí để ngủ khỏa thân], Melbourne-Dream",CHUA_CO,,,
angus-grey,1,1,花型,"Melbourne-Màu xám bí ẩn [mát mẻ và thoáng khí để ngủ khỏa thân], Melbourne-Dream",CHUA_CO,,,
angus-lan,1,1,花型,"Tình yêu hoa lan, Mở rộ trong chớp mắt, Milo - Xám, Angus-Lan, Hương Vịt - Hồng,",CHUA_CO,,,
angus-yellow,1,1,花型,"Melbourne-Màu xám bí ẩn [mát mẻ và thoáng khí để ngủ khỏa thân], Melbourne-Dream",CHUA_CO,,,
amore,1,1,产地,Công ty TNHH Mỹ phẩm Amore (Thượng Hải),CHUA_CO,,,
ampaton,1,1,容量,Bình giữ nhiệt hình thỏ trượt tuyết Pink Winter [Ruột thép không gỉ 316/Vòi hút ,CHUA_CO,,,
ampoules,1,1,产品规格,"Mặt nạ trắng Fulljia 5 miếng 1 hộp có mã chống giả chính hãng, Fulljia Black Mas",CHUA_CO,,,
zhen-bentley,1,1,花型,"Zhen-Sữa lắc, trời xanh [Từ chối cái nóng và mềm mượt, ngủ khỏa thân cả đêm mà k",CHUA_CO,,,
zhen-haiqingshan,1,1,花型,"Zhen-Sữa lắc, trời xanh [Từ chối cái nóng và mềm mượt, ngủ khỏa thân cả đêm mà k",CHUA_CO,,,
zhen-indus,1,1,花型,"Zhen-Sữa lắc, trời xanh [Từ chối cái nóng và mềm mượt, ngủ khỏa thân cả đêm mà k",CHUA_CO,,,
zhendianhong,1,1,包装规格,RRR Phơi nắng Fengqing Dianhong 2026 Trà mới Hương mật ong Nụ lụa vàng thể hiện ,CHUA_CO,,,
zheng,1,1,颜色,"Hộp bốn vùng, Hộp đi bộ PET, Hộp Trăng Mất [Vuông], Hộp Trăng Mất [Hình chữ nhật",CHUA_CO,,,
amine,1,1,属性词,"Làm trắng, chống tàn nhang, dưỡng ẩm, làm săn chắc, chống nhăn, làm trắng, làm s",CHUA_CO,,,
amman,1,1,花型,"Họa tiết hoa nhí West Highland, Mèo hoa nhí cherry, Tiệc vui vẻ, Gấu Amman, Chó ",CHUA_CO,,,
all-in-one,1,1,尺寸大小,"Núm vú lệch tâm S (1 lỗ nhỏ giọt 0-3 tháng), Núm vú lệch tâm cỡ M (2 lỗ nhỏ giọt",CHUA_CO,,,
allantoin,1,1,成分原料,"Hoa violet, Hoa cúc, Ylan, Collagen, Khoáng sản, Allantoin, Dừa cạn, Bồ đề, Hoa ",CHUA_CO,,,
allen-white,1,1,花型,"Allen-White-[100% cotton, bao bì tinh tế], Spring Pie-[100% cotton, bao bì tinh ",CHUA_CO,,,
zhengfang,1,1,包装规格,"Bốn loại trà tuyệt vời của thế giới1, Hộp quà tặng trà kết hợp, Bốn loại trà tuy",CHUA_CO,,,
zhengfu,1,1,生产厂家,Công ty TNHH Trà Zhengfu Phúc Kiến (Bao bì),CHUA_CO,,,
zhengjie,1,1,净重（规格）,"[Ba mươi loại] 120 gói, [Ba mươi loại] 90 gói, [Ba mươi loại] 60 gói, Zhou Chang",CHUA_CO,,,
zhengmao,1,1,花型,"Hương hoa đầy cành [100% cotton], Anna Garden [100% vải cotton], Kẹo đá Happy Ro",CHUA_CO,,,
zhangshu,1,1,产品厂家厂址,Hồ chứa Zhangshu đường phố Wuyi,CHUA_CO,,,
amy,1,1,花型,"Amy, gấu chấm bi, nơ tình yêu, Vườn bán đảo, Thỏ dâu, thủ bếp mèo, Lễ trà, Bánh ",CHUA_CO,,,
an'an,1,1,产品名称,Sữa rửa mặt tẩy tế bào chết và trẻ hóa da mặt bằng dưa chuột mới nguyên chất An',GIU,,,
analog,1,1,颜色,"Cổng tròn 3.5 phổ thông Android, Tai nghe điều chỉnh dây loại c (tín hiệu analog",CHUA_CO,,,
anay,1,1,产品名称,Mặt nạ dưỡng ẩm Anay Jungle Hyaluronic Acid nicotinamide,CHUA_CO,,,
aircraft-blue,1,1,颜色,"T269 máy chơi game-trắng, Máy chơi game T269-Đen, Máy chơi game T269-Kaki, Máy c",CHUA_CO,,,
aircraft-klein,1,1,颜色,"T269 máy chơi game-trắng, Máy chơi game T269-Đen, Máy chơi game T269-Kaki, Máy c",CHUA_CO,,,
airliner,1,1,颜色,"Phiên bản có thể sạc lại của Spray Racing (điều khiển từ xa 6 kênh), Xe địa hình",CHUA_CO,,,
airplane,1,1,颜色,"Bậc thầy về súng (chụp 16 vòng và một hộp trưng bày), Máy bay chiến đấu Thunder ",CHUA_CO,,,
allure-blue,1,1,花型,"漫步云端【100%纯棉 亲肤透气】, 梦里星光-灰【100%纯棉 亲肤透气】, 妙语花香【100%纯棉 亲肤透气】, 木棉花-绿【100%纯棉 亲肤透气】, 天",CHUA_CO,,,
allure-powder,1,1,花型,"漫步云端【100%纯棉 亲肤透气】, 梦里星光-灰【100%纯棉 亲肤透气】, 妙语花香【100%纯棉 亲肤透气】, 木棉花-绿【100%纯棉 亲肤透气】, 天",CHUA_CO,,,
alpenliebe,1,1,包装规格,"喜糖试吃全店随便选, Kẹo cứng hương đào trắng Hongyuan 500g, khoảng 120 miếng, Kẹo sữa Wan",CHUA_CO,,,
al-may,1,1,规格,"Gói 9 hộp 1, Gói 9 hộp 2, Gói 9 hộp thứ ba, Sáu hộp [Al-phô-miến-Pooh-dâu-táo], ",CHUA_CO,,,
aland,1,1,花型,"A Gấu túi [Sợi cao cấp, mật độ cao - định lượng cao], A Ak [Sợi cao cấp, mật độ ",CHUA_CO,,,
alcohol,1,1,主面料成分2,Sợi Polyvinyl Alcohol (Vinylon),CHUA_CO,,,
aldehyd,1,1,颜色,"[Năng lượng mặt trời] Hương thơm xoay tròn ★ Loại bỏ aldehyd và khử mùi, [Rồng c",CHUA_CO,,,
zhenshy,1,1,产品规格,"Mặt nạ axit tranexamic [SSK*10 miếng], Mặt nạ axit Tranexamic 5% [5 miếng], Xịt ",CHUA_CO,,,
zhenyan,1,1,产品名称,Mặt nạ dưỡng ẩm Da Fuyan B5 Zhenyan,CHUA_CO,,,
zhenyuan,1,1,生产厂家,Công ty TNHH Trà Zhenyuan Taihe,CHUA_CO,,,
zhenzhen,1,1,包装规格,"Quà tặng ba con sóc Hongrui, Quà Tặng Rồng Ba Con Sóc, Quà tặng ba con sóc vàng ",CHUA_CO,,,
zhicha,1,1,花型,"Nước suối xanh nhạt [Thương hiệu cao cấp nhẹ satin đảm bảo tinh tế và ấm áp], Và",CHUA_CO,,,
zhongdu,1,1,防水性能,Chất chống thấm nước Zhongdu,CHUA_CO,,,
zhongjijiachuang,1,1,产品名称,Sữa rửa mặt làm sạch axit amin Zhongjijiachuang,CHUA_CO,,,
zhongmiao,1,1,生产厂家,Công ty TNHH Công nghệ Thực phẩm Trấn Châu Zhongmiao,CHUA_CO,,,
zhicheng,1,1,生产厂家,Công ty TNHH Thực phẩm Sức khỏe Hồ Nam Zhicheng,CHUA_CO,,,
zhidaxing,1,1,花型,"Hương hoa đầy cành [100% cotton], Anna Garden [100% vải cotton], Kẹo đá Happy Ro",CHUA_CO,,,
zhihetang,1,1,生产厂家,Công ty TNHH Công nghệ sinh học Quảng Đông Zhihetang,CHUA_CO,,,
zhilan,1,1,包装规格,"Nước hoa phong lan Zhilan Yushu cổ tích (8,5g * 2 bong bóng), Có hoặc không có h",CHUA_CO,,,
zhita,1,1,规格尺寸,"Honda Accord, Honda CRV/Haoying, Honda Crown Road/UR-V, Honda Sibolui, Honda Ody",CHUA_CO,,,
zhiwei,1,1,生产厂家,Công ty TNHH nhà máy trà Pu'er Zhiwei,CHUA_CO,,,
zhenjia,1,1,颜色,"Biến dạng cơ khí thay đổi đặc biệt (chụp 10 vòng một hộp trưng bày), Bộ giáp kỹ ",CHUA_CO,,,
zhenlong,1,1,包装规格,"Nước hoa phong lan Zhilan Yushu cổ tích (8,5g * 2 bong bóng), Có hoặc không có h",CHUA_CO,,,
zhenmao,1,1,生产厂家,Nhà máy Trà Hengxian Zhenmao,CHUA_CO,,,
zhenmeng,1,1,生产厂家,"Trùng Khánh Zhenmeng Thực Phẩm Co., Ltd.",CHUA_CO,,,
alibaba,1,1,销售方式,Bán hàng Alibaba,CHUA_CO,,,
alisa,1,1,花型,"Bướm [tinh tế, thoải mái, mềm mại và thân thiện với làn da], Alisa [tinh tế, tho",CHUA_CO,,,
alison,1,1,规格尺寸,"Honda Accord, Honda CRV/Haoying, Honda Crown Road/UR-V, Honda Sibolui, Honda Ody",CHUA_CO,,,
ailinger,1,1,花型,"Nếu mưa, Chiba, Một tâm một ý - Xám, Thỏ Tiên Nữ - Hồng, Ailinger - Cà phê, Gấu ",CHUA_CO,,,
ailu,1,1,花型,"Hồng Ngọc Bích + Xám Thanh Lịch [Tuyển Chọn Bông Xinjiang Lông Dài Loại A, Ngủ T",CHUA_CO,,,
aimer,1,1,花型,"Aimer Q [Chống tĩnh điện, không rụng lông], Kim Ngọc Mãn Đường N 【Chống tĩnh điệ",CHUA_CO,,,
aerospace,1,1,颜色,"Bậc thầy về súng (chụp 16 vòng và một hộp trưng bày), Máy bay chiến đấu Thunder ",CHUA_CO,,,
aiven-bentley,1,1,花型,"Iven - Trắng nhạt - Xám vừa, Trà sữa xanh Aiven-Bentley, Iwen - Hoa huệ thung lũ",CHUA_CO,,,
aiyinong,1,1,花型,"Wu Anxin (thủ công thêu một chữ cotton), Ngôi nhà bí ngô (thủ công thêu một chữ ",CHUA_CO,,,
aiyu,1,1,花型,"A Gấu túi [Sợi cao cấp, mật độ cao - định lượng cao], A Ak [Sợi cao cấp, mật độ ",CHUA_CO,,,
ak,1,1,花型,"A Gấu túi [Sợi cao cấp, mật độ cao - định lượng cao], A Ak [Sợi cao cấp, mật độ ",GIU,,,
akari-haiqing,1,1,花型,"Hoa mùa xuan-xanh [Từ chối cái nóng và mềm mượt, ngủ khỏa thân và thoát mồ hôi],",CHUA_CO,,,
akita,1,1,颜色,"1618-91 Bếp nhỏ dễ thương, 1618-68 Quán bar nhỏ vui nhộn, Máy tính tiền vui nhộn",THAY,Bồ Điền,,
aibi,1,1,花型,"Aibi - Trà sữa, Aibi-Mika, Abby - Xám than tao nhã, Vương miện hoàng gia - màu c",CHUA_CO,,,
aibi-mika,1,1,花型,"Aibi - Trà sữa, Aibi-Mika, Abby - Xám than tao nhã, Vương miện hoàng gia - màu c",CHUA_CO,,,
aida,1,1,花型,"Chú chó Nary [Bộ đồ vải cotton nguyên chất dùng cho lễ tốt nghiệp], Mộ Lạc Tinh ",GIU,,,
aide,1,1,生产厂商,Công ty TNHH Công nghệ Aide (Huệ Châu),CHUA_CO,,,
aige,1,1,花型,"Dải màu xám đậm [ngủ khỏa thân bằng cotton chải kỹ], Dark Grey Middle Lưới [Bông",CHUA_CO,,,
zhongcha,1,1,本款龙井和产地简介,"Chủ yếu được sản xuất ở khu vực Phật lớn của Xinchang, Thiệu Hưng, tỉnh Chiết Gi",CHUA_CO,,,
zidu,1,1,花型,Loại A bà mẹ và trẻ sơ sinh màu tinh khiết phong cách Nhật Bản & [sữa & trà] siê,CHUA_CO,,,
ziji,1,1,花型,"Hoa nhảy nhẹ nhàng [thích hợp khi ngủ khỏa thân], Luoying [thích hợp để ngủ khỏa",CHUA_CO,,,
zile,1,1,容量,"Bình sữa Silicone 240mL (cùng kiểu Shixi 7,2 cm), Bình sữa silicon loại A 150ml ",CHUA_CO,,,
zimu,1,1,容量,"Bình sữa PP cổ rộng 50mm - 300ml - Xanh Teal, Bình sữa trẻ em Zimu 50 miệng rộng",CHUA_CO,,,
zini,1,1,产品名称,Ehmznv Han Zini than tre bùn hấp thụ mụn đầu đen mặt nạ,CHUA_CO,,,
zhongxiang,1,1,生产厂家,Công ty TNHH công nghệ sinh học Zhongxiang Yiyuan,CHUA_CO,,,
zhongxinshu,1,1,生产厂商,Công ty TNHH Công nghiệp Đông Quan Zhongxinshu,CHUA_CO,,,
zhongxiong,1,1,花型,"Orchid Bear [100% cotton chải kỹ, thân thiện với làn da và thoải mái], Macira [1",CHUA_CO,,,
zhongxueqing,1,1,颜色,"Tóc pha màu macaron [khoảng 100 chiếc], Tóc pha màu sáng [khoảng 100 chiếc], Tóc",CHUA_CO,,,
zhongzhilanxiang,1,1,包装规格,"500g đầu trà thơm vịt số 9 [nguyên liệu pha trà], 500g đầu trà thơm vị vịt số 10",CHUA_CO,,,
zhuangzi,1,1,规格,"Máy 1 Miếng dán nén lạnh phục hồi vết đỏ dưỡng ẩm, Máy 1 Miếng dán nén lạnh dưỡn",CHUA_CO,,,
zhuanzhuanle,1,1,颜色,"811-364 Mengqu Duck Kitchen 【Hộp quà Trung Quốc】, 811-368 Bếp nhỏ Mengmeng Duck ",CHUA_CO,,,
zhukeng,1,1,部分原料正岩核心山场,"Niulankeng, Huiyuankeng, Daoshuikeng, Liuxiangjian, Wuyuanjian, Jiulongkeng, Zhu",CHUA_CO,,,
zhiyi-dream,1,1,花型,"Isabella-Dream [có thể ngủ khỏa thân-không có bóng], Erman-Dream [có thể ngủ khỏ",CHUA_CO,,,
zhizhi-ym,1,1,花型,"Muối biển ca cao-ym, Hoa nhài trà trắng-ym, Mây bùn khoai môn-ym, Sữa dày Zhizhi",CHUA_CO,,,
aigrace,1,1,花型,"Wu Anxin (thủ công thêu một chữ cotton), Ngôi nhà bí ngô (thủ công thêu một chữ ",CHUA_CO,,,
a-taoxi,1,1,花型,"Danh mục A-Vanilla Blue [Khuyến nghị hấp dẫn], Danh mục A-Flowing White [Khuyến ",CHUA_CO,,,
ab-jian,1,1,花型,"Lanhuang Xiaoge, Mi Xiaoge, lưới màu xanh nhạt, lưới xanh1, lưới nghệ, Lưới kem ",CHUA_CO,,,
abbas,1,1,颜色,"Một miếng cản trước [vui lòng để lại tin nhắn khi đặt hàng các mẫu khác], Một mả",CHUA_CO,,,
abby,1,1,花型,"Aibi - Trà sữa, Aibi-Mika, Abby - Xám than tao nhã, Vương miện hoàng gia - màu c",CHUA_CO,,,
abs+pc+pp+silicon,1,1,具体材质,ABS+PC+PP+silicon,CHUA_CO,,,
a-flowing,1,1,花型,"Danh mục A-Vanilla Blue [Khuyến nghị hấp dẫn], Danh mục A-Flowing White [Khuyến ",CHUA_CO,,,
zuiyan,1,1,包装规格,"Lao Cong Narcissus 250g [Đầy vần đá], Wuyishan Dahongpao 250g [tiết kiệm chi phí",CHUA_CO,,,
zuma,1,1,花型,"Ruoyu Chiba, Một trái tim-xám, Thỏ cổ tích-hồng, Eilinger-cà phê, Gấu Ruidi-xanh",CHUA_CO,,,
zuo,1,1,产品规格,"[Boquanya] Mặt nạ nữ Collagen (Mới) 28g, [Boquanya] Mặt nạ Collagen sang trọng G",GIU,,,
zuoxiang,1,1,产品规格,"[Boquanya] Mặt nạ Collagen Lady mạ vàng 28g, [Boquanya] Mặt nạ Polypeptide Colla",CHUA_CO,,,
a-yabai,1,1,花型,"Kết cấu nhung sữa chạm khắc loại A-Yabai, Lạc đà nhẹ nhàng kết cấu nhung sữa chạ",CHUA_CO,,,
zhuli,1,1,产品厂家厂址,"Số 31, Zhuli, Làng Zheyang, Wuyi, Thành phố Vũ Di Sơn, Tỉnh Phúc Kiến",CHUA_CO,,,
zhuochua,1,1,花型,"Zhuochua, Ovis, Thỏ Peter, Sữa lắc dâu tây, Phi Hoa Lệnh, Người đẹp hoa lệ, Kinh",CHUA_CO,,,
acridine,1,1,颜色,"811-364 Mengqu Duck Kitchen 【Hộp quà Trung Quốc】, 811-368 Bếp nhỏ Mengmeng Duck ",CHUA_CO,,,
acta,1,1,芯片类型,Acta,CHUA_CO,,,
ad-blue,1,1,颜色,"AD-Blue, AD-màu xám, AD-đen, AD-kaki, Để biết thêm phong cách, vui lòng liên hệ ",CHUA_CO,,,
acai,1,1,花型,(Khuyên dùng cho xương sườn) Gypsophila Purple-Dawn Silver [100% Tencel Silky Na,CHUA_CO,,,
acanthopanax,1,1,包装规格,"200ml đóng hộp * hoa nhài, 200ml lon * thai cúc, 200ml đóng hộp * hoa hồng, Đóng",CHUA_CO,,,
accord-mingqian,1,1,包装规格,"1 gói túi bong bóng nhỏ cho mỗi kiểu dáng, (10 gói) Bộ sưu tập-Dahongpao, (10 gó",CHUA_CO,,,
accord-palace,1,1,包装规格,"1 gói túi bong bóng nhỏ cho mỗi kiểu dáng, (10 gói) Bộ sưu tập-Dahongpao, (10 gó",CHUA_CO,,,
accord-zhenxuan,1,1,包装规格,"1 gói túi bong bóng nhỏ cho mỗi kiểu dáng, (10 gói) Bộ sưu tập-Dahongpao, (10 gó",CHUA_CO,,,
zongxiang,1,1,花型,"Xám đá [100% Tencel 丨 mịn mượt], Gypsophila Purple-Dawn Silver [100% Tencel 丨 Th",CHUA_CO,,,
zongzi,1,1,包装规格,"Đầu trà thơm cứt vịt 250g, Hai lựa chọn hương thơm phân vịt, Phong lan mật ong, ",CHUA_CO,,,
zisu,1,1,花型,"Anh Chi [100% cotton nguyên chất / Đền gấp 10 nếu là hàng giả], Ánh Sáng Nhẹ [10",CHUA_CO,,,
ziweixing,1,1,颜色,"Công nghệ xanh huỳnh quang + tấm carbon + đáy cao su, Công nghệ Ziweixing + tấm ",CHUA_CO,,,
zixi,1,1,规格,"1 hộp giới hạn vàng, Dòng màu tắc kè hoa [1 hộp màu tím], Dòng màu tắc kè hoa [1",CHUA_CO,,,
zixuan,1,1,花型,"Thỏ Hoa Nhài [Cotton 100% cho Mẹ và Bé], [100 bông dành cho bà mẹ và trẻ sơ sinh",CHUA_CO,,,
ziying,1,1,花型,"Monica [Bông chải kỹ, ngủ khỏa thân], Xiancao 【Bông chải kỹ, ngủ khỏa thân], You",CHUA_CO,,,
ziyitang,1,1,生产厂家,Công ty TNHH Dược phẩm An Huy Ziyitang,CHUA_CO,,,
ziyun,1,1,花型,"Bi Han + Biển Hoa Fangfei [Bộ bốn món nhung sữa có trọng lượng cao], Beihan + Ng",CHUA_CO,,,
zizaiyi,1,1,花型,"Chó đốm ya/100% cotton, Sọc mảnh phong cách Bắc Âu/100% cotton, Cao Hy Địa Chó C",CHUA_CO,,,
a-vanilla,1,1,花型,"Danh mục A-Vanilla Blue [Khuyến nghị hấp dẫn], Danh mục A-Flowing White [Khuyến ",CHUA_CO,,,
