kieu,product_id,category,name_zh,val_zh,val_vi,so_zh,so_vi
vi_thua_so,959192226769,auto,尺寸,"三折棉-灰色（151*55cm）, 三折棉-棕色（151*55cm)","70% off cotton-xám (151*55cm), 70% off cotton nâu (151*55cm)",55 55 151 151,55 55 70 70 151 151
vi_thieu_so,895818189903,auto,尺寸,"黑色普通款, 黑色升级双拉链款, 黑色加厚双拉链款, 黑色加厚4拉链款","Phong cách đen thông thường, Dây kéo đôi nâng cấp màu đen, Dây kéo đôi dày màu đen, Màu đen, hạng nặng, kiểu bốn dây kéo",4,
vi_thieu_so,639544253848,auto,尺寸,"遮阳伞-钛银大号140*80cm（原版正品）, 遮阳伞-钛银小号125*65cm（原版正品）, 开口款遮阳伞-钛银大号（原版正品）, 开口款遮阳伞-钛银小号（原版正品）, 弯杆遮阳伞-钛银大号（原版正品）, 弯杆遮阳伞-钛银小号（原版正品）, 弯杆开口遮阳伞-钛银大号, 弯杆开口遮阳伞-钛银小号, 弯杆开口遮阳伞-钛金大号, 弯杆开口遮阳伞-镭射大号, 遮阳伞-涂银大号140*80cm（原版正品）, 遮阳伞-涂银小号125*65cm（原版正品）, 开口款遮阳伞-涂银大号, 开口款遮阳伞-涂银小号","Parasol-titan bạc cỡ lớn 140*80cm (chính hãng và chính hãng), Parasol-titan bạc cỡ nhỏ 125*65cm (chính hãng và chính hãng), Dù che nắng kiểu mở-titan bạc cỡ lớn (chính hãng và chính hãng), Dù che nắng kiểu mở-titan bạc cỡ nhỏ (chính hãng và chính hãn",1 1 1 2 2 2 2 2 4 4 4 4 65 65 80 80 125 125 140 140,1 1 2 2 2 2 2 4 4 4 4 65 65 80 80 125 125 140 140
doi_nam,768008456940,auto,尺寸,"款式1, 款式2, 款式3, 款式4, 款式5, 款式6, 款式7, 套装1, 套装2, 奔驰w24, 宝马5系 X5 E53 E39, 宝马 X5 X6后备箱开关, 宝马 x5 x6, 宝马 3系 5系 多功能旋钮, 奥迪Q7 汽车后行李箱按钮, 奥迪A6l C5, 奥迪A6A6L Q7年车窗按钮, 奥迪A6A6L 05-11款电子手刹, 奥迪A6 C5空调, 奥迪A2 A3 A8L, 雷诺空调控制面板, 雪佛兰AC中控贴纸 CD广播音频按钮, 07-11款A6/A6L 左驾专用, 04-06","Kiểu 1, Kiểu 2, Kiểu dáng 3, Kiểu 4, Kiểu 5, Kiểu 6, Kiểu dáng 7, Bộ 1, Bộ 2, Mercedes-Benz W24, BMW 5 Series X5 E53 E39, Công tắc cốp BMW X5 X6, BMWxx5x6, Núm vặn đa chức năng BMW 3 Series 5 Series, Nút cốp sau xe Audi Q7, Audi A6l C5, Công tắc cửa ",1 1 2 2 2 3 3 3 3 3 3 3 3 4 4 4 4 4 5 5 5 5 5 5 5 5 5 5 5 5 5 5 6 6 6 6 6 6 6 6 6 6 6 6 6 6 6 6 6 6 6 7 7 7 7 7 7 8 9 9 10 11 11 11 11 24 39 53 111 2000 2004,1 1 1 2 2 2 2 3 3 3 3 3 3 3 3 4 4 4 4 4 5 5 5 5 5 5 5 5 5 5 5 5 5 6 6 6 6 6 6 6 6 6 6 6 6 6 6 6 6 6 6 6 7 7 7 7 7 7 8 9 11 11 11 24 39 53 111 2000 2004 2005 2009 2010 2011
khac_so,932538618729,auto,尺寸,"跨境沙纹黑1.5(opp一个装）, 跨境沙纹1.5袋子对装, 跨境1.5沙纹电商盒一对装, 1.5 沙纹吸塑+纸卡, 跨境沙纹米1.5(opp一个装）, 跨境沙纹灰1.5(opp一个装）, 加厚沙纹2.0（OPP袋一个装）, 跨境沙纹2.0袋子对装, 跨竟2.0沙纹电商盒一对装, 加厚沙纹2.0（纸卡+吸塑）, 加厚沙纹镜面2.0（OPP袋一个装）, R字沙纹加厚2.0(OPP一个装）, R沙纹3D铁片加厚(opp一个装), 加厚木纹2.0（OPP袋一个装）, ,3D夜光扣镜面单孔（OPP袋一个","跨境沙纹黑1.5(opp一个装）, 跨境沙纹米1.5(opp一个装）, 跨境沙纹灰1.5(opp一个装）, Họa tiết cát xuyên biên giới 1,5 túi đóng gói lại với nhau, Cặp hộp thương mại điện tử xuyên biên giới 1,5 mẫu cát, 1. Gói vỉ 5 miếng dán họa tiết cát + Thẻ giấy, Cát dày 2.0 (một túi OPPO), Bộ tú",1.5 1.5 1.5 1.5 1.5 1.5 2 2 2 2 2 2 2 2 3 3 3 5 5 104 105 105 105 105 106 107,1 1.5 1.5 1.5 1.5 1.5 2 2 2 2 2 2 2 2 3 3 3 5 5 5 104 105 105 105 105 106 107
vi_thua_so,988263386898,auto,颜色,"兔毛豹纹立体猫咪坐垫前排, 兔毛豹纹立体猫咪坐垫靠背, 兔毛豹纹立体猫咪坐垫后排, 兔毛豹纹立体猫咪坐垫后排迷你, 兔毛豹纹猫咪头枕, 兔毛豹纹猫咪腰靠, 兔毛豹纹头枕-无飘带, 兔毛豹纹腰靠-无飘带, 兔毛豹纹立体猫咪坐垫3件套, 兔毛豹纹立体猫咪坐垫7件套","Lông thỏ in hình da báo đệm mèo ba chiều hàng ghế trước, Đệm và tựa lưng ghế mèo ba chiều in hình da báo lông thỏ, Đệm ngồi cho mèo ba chiều in hình da báo lông thỏ ghế sau, Gối ôm mini hình mèo 3D in họa tiết da báo lông thỏ., Tựa đầu mèo in hình da",3 7,3 3 7
vi_thua_so,660650792629,auto,颜色分类,"玻璃油膜净9118, 玻璃油膜净8628, 防冻零下40度油膜9781, 0度以上四季通用油膜9780","9118 lọc màng dầu thủy tinh, 8628 lọc màng dầu thủy tinh, Chất chống đông dưới 0 độ, màng dầu 40, 9781, Màng dầu All-Season 9780 (Thích hợp với nhiệt độ trên 0°C)",0 40 8628 9118 9780 9781,0 0 40 8628 9118 9780 9781
vi_thua_so,995160302824,auto,颜色,"双面刷头+通水拼接杆(38.5cm~160cm), 5面开花刷头+通水拼接杆(38.5cm~160cm), 十二件套【通水拼接杆+2面刷+其他配件】, 十二件套【通水拼接杆+5面刷+其他配件】, 十五件套【通水拼接杆+双面刷+其他配件】, 十八件套A款【通水拼接杆+双面刷+其他配件】, 十八件套B款【通水拼接杆+双面刷+其他配件】, 双面刷头, 5面开花刷头, 伸缩杆(128cm~229cm), 通水伸缩杆(127cm~300cm), 通水拼接杆(38.5cm~160cm), 双面刷头+伸缩杆(","Đầu bàn chải hai mặt + thanh nối nước (38,5cm~160cm), Đầu cọ hoa 5 mặt + que nối nước (38,5cm~160cm), Bộ 12 món [que nối nước + 2 chổi cạnh + phụ kiện khác], Bộ 12 món [que nối nước + cọ 5 mặt + các phụ kiện khác], Bộ 15 món [que nối nước + cọ hai mặ",2 5 5 5 5 5 5 38.5 38.5 38.5 101 101 127 127 127 128 128 128 160 160 160 168 168 229 229 229 300 300 300,2 5 5 5 5 5 5 12 12 15 18 18 38.5 38.5 38.5 101 101 127 127 127 128 128 128 160 160 160 168 168 229 229 229 300 300 300
khac_so,633156351171,auto,颜色,"加长款三合一红色, 加长款三合一黄色, 加长款三合一蓝色, 黑色三合一不可伸缩【可旋转刷头+海绵手柄+刨冰铲头】, 蓝色三合一不可伸缩【可旋转刷头+海绵手柄+刨冰铲头】, 黄色三合一不可伸缩【可旋转刷头+海绵手柄+刨冰铲头】, 彩色牛津雪铲红色, 彩色牛津雪铲蓝色, 橙色菱格款三合一雪铲, 塑料管红色, 塑料管蓝色, 铝管红色, 铝管蓝色, 伸缩铝管红色, 伸缩铝管蓝色, 破冰款铝管红色, 破冰款伸缩铝管红色, 2001带毛刷红色, 2001带毛刷蓝色, AT-018S可拆卸不可伸缩, AT-0","Đỏ 3 trong 1, Dài Hơn, Chiều dài mở rộng 3 trong 1 màu vàng, Màu xanh 3 trong 1 có chiều dài mở rộng, Đen 3 trong 1 không thể thu vào [Đầu bàn chải xoay + Tay cầm xốp + Muỗng đá bào], Bộ dụng cụ làm sạch 3 trong 1 màu xanh dương không thể thu gọn [Đầ",2 7 13 18 19 20 20 21 21 21 22 22 98 126 126 137 137 137 137 2001 2001 3113 3113 3114 3114 3908 3909 3910,1 1 1 1 1 2 3 3 3 3 3 13 18 19 20 20 21 21 21 22 22 98 126 126 137 137 137 137 2001 2001 3113 3113 3114 3114 3908 3909 3910
vi_thieu_so,688372703024,auto,颜色,"黑色头枕1个装, 灰色头枕1个装, 咖啡色头枕1个装, 棕色头枕1个装, 米白色头枕一个装, 酒红色头枕一个装, 深米色头枕1个装, 火山红头枕1个装（暗红）, 黑色腰靠1个装, 灰色腰靠1个装, 咖啡色腰靠1个装, 棕色腰靠1个装, 米白色腰靠1个装, 酒红色腰靠1个装, 火山红头枕腰靠1个装（暗红）, 深米色腰靠1一个装, 【尊享版】黑色头枕1个装, 【尊享版】灰色头枕1个装, 【尊享版】咖啡色头枕1个装, 【尊享版】棕色头枕1个装, 【尊享版】米白色头枕1个装, 【尊享版】火山红头枕1个装","Gối đầu màu đen 1 gói, Gối đầu màu xám 1 gói, Gối đầu màu nâu 1 gói1, Gối đầu màu nâu 1 gói2, Gối đầu màu be một gói, Bộ tựa đầu màu đỏ tía, Gối đầu màu be đậm 1 gói, Tựa Đầu Volcano Red, Đóng Gói Lẻ (Đỏ Đậm), 1 bộ thắt lưng màu đen, 1 gói tựa lưng m",1 1 1 1 1 1 1 1 1 1 1 1 1 1 1 1 1 1 1 1 1 1 1 1 1 1 1 1 1 1 1 1,1 1 1 1 1 1 1 1 1 1 1 1 1 1 1 1 1 1 1 1 1 1 1 1 1 1 1 1 1
vi_thieu_so,965656287248,auto,颜色分类,"【高品质发财款】1个装opp+-送胶贴, 【高品质如意款】1个装opp+-送胶贴, 【高品质】2个装opp+-送胶贴","【Lucky Fortune cao cấp】Gói OPP đơn + Miếng dán dính miễn phí, [Mẫu Ruyi chất lượng cao] 1 cái, đóng gói OPP + - tặng kèm miếng dán keo, [Chất lượng cao] 2 miếng dán dính opp+-miễn phí",1 1 2,1 2
khac_so,984453619096,auto,颜色分类,"5寸无线投屏导航款（无卡）, 5寸无线投屏导航款+胎压检测, 5寸无线投屏导航款+前后记录仪（无卡）, 5寸无线投屏导航款+前后记录仪+胎压检测（无卡）, 6.86寸无线投屏导航款（无卡）, 6.86寸无线投屏导航款+胎压检测, 6.86寸线投屏导航款+前后记录仪（无卡）, 6.86寸无线投屏导航款+前后记录仪+胎压检测（无卡）, 7寸无线投屏导航款（无卡）, 7寸无线投屏导航款+胎压检测, 7寸线投屏导航款+前后记录仪（无卡）, 7寸无线投屏导航款+前后记录仪+胎压检测（无卡）","5inch Mô hình điều hướng trình chiếu màn hình không dây (không có thẻ), 5inch Điều hướng chiếu màn hình không dây + phát hiện áp suất lốp, 5inch Màn hình chiếu không dây, tích hợp định vị + camera trước và sau (không kèm thẻ nhớ), Hệ Thống Định Vị Mà",5 5 5 5 6.86 6.86 6.86 6.86 7 7 7 7,1 2 3 5 5 5 6.86 6.86 6.86 7 7 7
vi_thieu_so,963678357075,auto,颜色分类,"4.3寸双镜头, 2.4寸双镜头, 3.5寸单镜头, 3.5寸双镜头, 4.3寸单镜头电子狗, 4.3寸双镜头电子狗, 5寸触屏单镜头, 5寸触屏双镜头, 2.4寸单镜头","4.3inch x Ống kính kép, 2.4inch x Ống kính kép, 3.5inch Ống kính đơn, 3.5inch x Ống kính kép, Chó điện tử ống kính đơn, Thiết bị theo dõi chó điện tử ống kính kép, 5inch Màn hình cảm ứng ống kính đơn, 5inch Màn Hình Cảm Ứng Hai Ống Kính, 2.4inch Ống ",2.4 2.4 3.5 3.5 4.3 4.3 4.3 5 5,2.4 2.4 3.5 3.5 4.3 5 5
vi_thieu_so,818148996747,auto,颜色分类,"3.97寸普清(单录), 3.97寸普清(双录), 4.3寸高清IPS屏(单录), 4.3寸高清IPS屏(双录), 32G内存卡, 16G内存卡","3.97inch Pu Qing (ghi âm đơn), 3.97inch Ghi âm thông thường (ghi âm kép), Màn hình IPS HD (ghi hình đơn), Màn hình 4.3inch HD IPS (ghi kép), thẻ nhớ 32G, thẻ nhớ 16G",3.97 3.97 4.3 4.3 16 32,3.97 3.97 4.3 16 32
khac_so,977204432754,auto,拍照像素,200万,2 triệu1,200,1 2
khac_so,977204432754,auto,摄像像素,200万,2 triệu2,200,2 2
khac_so,855755419559,auto,拍照像素,100万,1 triệu1,100,1 1
khac_so,855755419559,auto,摄像像素,100万,1 triệu2,100,1 2
vi_thieu_so,778630764761,auto,颜色分类,"3.97寸普清(单录), 3.97寸普清(双录), 4.3寸高清IPS屏(单录), 4.3寸高清IPS屏(双录), 4.7寸 单镜头, 4.7寸 双镜头, 32G内存卡, 16G内存卡","3.97inch Pu Qing (ghi âm đơn), 3.97inch Ghi âm thông thường (ghi âm kép), Màn hình IPS HD (ghi hình đơn), Màn hình 4.3inch HD IPS (ghi kép), 4.7inch ống kính đơn, 4.7inch Ống Kính Kép, thẻ nhớ 32G, thẻ nhớ 16G",3.97 3.97 4.3 4.3 4.7 4.7 16 32,3.97 3.97 4.3 4.7 4.7 16 32
khac_so,812513162472,auto,颜色分类,"10寸流媒体单录, 10寸流媒体双录, 10寸流媒体2.5D玻璃双录1080P+后拉720P, 10寸2.5D玻璃1080P+后拉720P＋声控＋WiFiP, 10寸流媒体2.5D玻璃1080P+后拉1080P＋声控, 5.5寸2.5D玻璃 流媒体-按键款-不带内存卡, 5.5寸 2.5D玻璃-触摸屏-不带内存卡, 5.5寸 2.5D玻璃-触摸屏-声控-不带内存, 5.5寸 2.5D玻璃-触摸屏-声控-带32G内存","Ghi đơn phương tiện truyền trực tuyến 10 inch, Ghi kép phương tiện truyền trực tuyến 10 inch, 10 inch phương tiện truyền thông 2.5D thủy tinh ghi kép 1080P sau kéo 720P, Màn hình 10 inch, kính 2.5D, độ phân giải 1080P + camera lùi 720P + điều khiển b",2.5 2.5 2.5 2.5 2.5 2.5 2.5 5.5 5.5 5.5 5.5 10 10 10 10 10 32 720 720 1080 1080 1080 1080,2.5 2.5 2.5 2.5 2.5 2.5 2.5 2.5 5.5 5.5 5.5 10 10 10 10 10 32 720 720 1080 1080 1080 1080
khac_so,726574752419,auto,拍照像素,200万,2 triệu1,200,1 2
khac_so,726574752419,auto,摄像像素,200万,2 triệu2,200,2 2
khac_so,947005579395,auto,主镜头光圈,F1.55,F1.5,1.55,1.5
vi_thua_so,964211383719,bags,颜色,"满天星白, 满天星黑, 满天星白【立体+芯片】, 满天星黑【立体+芯片】, 更多款式联系客服, 满天星白【顶级版本】相似度98, 满天星黑【顶级版本】相似度98","Bầu trời trắng đầy sao, Bầu trời đầy sao đen, Trắng đầy sao [3D + chip], Đen đầy sao [3D + Chip], Để biết thêm phong cách, vui lòng liên hệ bộ phận chăm sóc khách hàng, Baby's Breath White [Phiên bản hàng đầu] - Độ tương đồng 98%, Gypsophila Black [P",98 98,3 3 98 98
khac_so,817360816882,auto,拍照像素,200万,2 triệu1,200,1 2
khac_so,817360816882,auto,摄像像素,200万,2 triệu2,200,2 2
vi_thieu_so,795927233220,auto,颜色分类,"5.5寸高清IPS屏(单录), 5.5寸高清IPS屏(双录)","Màn hình IPS HD (ghi hình đơn), Màn hình 5.5inch HD IPS (ghi kép)",5.5 5.5,5.5
khac_so,615737508095,auto,拍照像素,1800万,18 triệu1,1800,1 18
khac_so,615737508095,auto,摄像像素,1800万,18 triệu2,1800,2 18
vi_thieu_so,816453566360,auto,颜色分类,"5.5寸高清IPS屏(单录), 5.5寸高清IPS屏(双录)","Màn hình IPS HD (ghi hình đơn), Màn hình 5.5inch HD IPS (ghi kép)",5.5 5.5,5.5
khac_so,965347101317,auto,颜色分类,"F1单录前4k+WIFI+车充, F1单录前4k+GPS+WIFI+车充, F1单录前4k+WIFI+ACC降压盒, F1单录前4k+GPS+WIFI+ACC降压盒, F1两录前4k+后1080P+WIFI+车充, F1两录前4k+后1080P+GPS+WIFI+车充, F1两录前4k+后1080P+WIFI+ACC降压盒, F1两录前4k+后1080P+GPS+WIFI+ACC降压盒, H1单录前3k+WIFI+车充, H1单录前3k+车充+WIFI+GPS, H1单录前3k+WIFI+ACC","Ghi âm đơn F1 trước 4k+WIFI+bộ sạc xe hơi, Ghi âm đơn F1 trước 4k+GPS+WIFI+bộ sạc xe hơi, Ghi âm đơn F1 trước hộp giảm tốc 4k+WIFI+ACC, Ghi âm đơn F1 trước hộp giảm tốc 4k+GPS+WIFI+ACC, F 0.05kg Ghi trước 4k+Post 1080P+WIFI+Bộ sạc xe hơi, F 0.05kg Gh",1 1 1 1 1 1 1 1 1 1 1 1 1 1 1 1 2.5 2.5 2.5 2.5 3 3 3 3 4 4 4 4 4 4 4 4 1080 1080 1080 1080 1080 1080 1080 1080,0.05 0.05 0.05 0.05 0.05 0.05 0.05 0.05 1 1 1 1 1 1 1 1 2.5 2.5 2.5 2.5 3 3 3 3 4 4 4 4 4 4 4 4 1080 1080 1080 1080 1080 1080 1080 1080
khac_so,863849181249,auto,拍照像素,200万,2 triệu1,200,1 2
khac_so,863849181249,auto,摄像像素,200万,2 triệu2,200,2 2
vi_thua_so,973949313939,auto,规格尺寸,"三录4K+1080P+1080P+24小时停车监控, 双录4K+1080P+24小时停车监控, 32G内存卡（不含主机）, 64G内存卡（不含主机）","Ghi hình ba kênh: 4K + 1080P + 1080P kèm theo chức năng giám sát đỗ xe 24/24., Ghi hình kép 4K+1080P với chức năng giám sát đỗ xe 24 giờ., Thẻ nhớ 32GB (Không bao gồm máy chủ), Thẻ nhớ 64GB (Không bao gồm máy chủ)",4 4 24 24 32 64 1080 1080 1080,4 4 24 24 24 32 64 1080 1080 1080
khac_so,864520859272,auto,拍照像素,300万,3 triệu1,300,1 3
khac_so,864520859272,auto,摄像像素,300万,3 triệu2,300,2 3
khac_so,875867913670,auto,颜色分类,"7寸房车无线显示器+一个星光全彩摄像头倒车影像, 7寸叉车无线显示器+两个星光全彩摄像头倒车影像, 7寸铲车无线显示器+三个星光全彩摄像头倒车影像, 7寸货车无线显示器+四个星光全彩摄像头倒车影像, 10寸房车无线显示器+一个星光全彩摄像头倒车影像, 10寸叉车无线显示器+两个星光全彩摄像头倒车影像, 10寸铲车无线显示器+三个星光全彩摄像头倒车影像, 10寸货车无线显示器+四个星光全彩摄像头倒车影像","Màn hình không dây RV + Camera đủ màu Starlight để đảo ngược1, Màn hình không dây xe nâng 7inch + hai camera full color starlight đảo ngược hình ảnh, 7inch Màn hình không dây cho xe nâng + Hình ảnh đảo ngược camera ba màu Starlight, Màn hình không dâ",7 7 7 7 10 10 10 10,1 2 7 7 7 10 10 10
khac_so,928638632791,auto,拍照像素,1200万,12 triệu1,1200,1 12
khac_so,928638632791,auto,摄像像素,1200万,12 triệu2,1200,2 12
khac_so,797819752452,auto,电源,3.5米5V1安车充导电,4m Dẫn điện sạc xe hơi V1,1 3.5 5,1 4
vi_thua_so,964213783478,bags,颜色,"满天星白色【立体+芯片】, 满天星黑色【立体+芯片】, 满天星黑色【顶级版本】相似度98, 满天星白色【顶级版本】相似度98, 满天星黑, 满天星白色, 黑红色, 黑配灰色, 白红色, 多彩色, 兰配灰色, 灰色, 更多款式联系客服","Trắng đầy sao [3D + chip], Đen đầy sao [3D + Chip], Gypsophila Black [Phiên Bản Hàng Đầu] Độ Tương Tự 98%, Gypsophila White [Phiên Bản Hàng Đầu] Độ Tương Tự 98%, Bầu trời đầy sao đen, Trắng đầy sao, đen đỏ, màu đen với màu xám, trắng đỏ, nhiều màu, m",98 98,3 3 98 98
vi_thieu_so,757844514957,bags,货号,8749艾尚【23-12】270-1.5,8749 Aishang [23] 270-1.5,1.5 12 23 270 8749,1.5 23 270 8749
khac_so,626547829807,bags,颜色,"3030升级版蓝色, 3030升级版灰色, 3030升级版红色, 3030升级版黑色, 3030折叠包黑色, 3030折叠包橘色, 3030折叠包蓝色, 3030折叠包深蓝色, 3030折叠包绿色, 3030普通版蓝色, 3030普通版灰色, 3030普通版黑色, 黑色三件套, 灰色三件套, 蓝色三件套, 3030pu版不带挂件黑色, 3030pu版不带挂件灰色, 3030塔斯隆面料黑色, 3030塔斯隆面料米白色, 3030塔斯隆面料绿色, 3030塔斯隆面料蓝色, 3030塔斯隆面料黄色","3030 phiên bản nâng cấp màu xanh, 3030 phiên bản nâng cấp màu xám, 3030 phiên bản nâng cấp màu đỏ, 3030 phiên bản nâng cấp màu đen, -2929.999999999% off gói xếp chồng lên nhau màu đen, Gói xếp chồng màu cam -2929.999999999% off, Gói xếp chồng màu xan",3030 3030 3030 3030 3030 3030 3030 3030 3030 3030 3030 3030 3030 3030 3030 3030 3030 3030 3030,2930 2930 2930 2930 3030 3030 3030 3030 3030 3030 3030 3030 3030 3030 3030 3030 3030 3030
vi_thua_so,910071179286,bags,颜色,"宝蓝色-中号5-6年级、初中, 黑色-中号5-6年级、初中, 粉色-中号5-6年级、初中, 米白-中号5-6年级、初中, 宝蓝色-大号初高中、大学生、成人, 黑色-大号初高中、大学生、成人, 粉色-大号初高中、大学生、成人, 米白-大号初高中、大学生、成人","Royal Blue-Trung cấp 5-6, Trung học cơ sở, Đen-trung cấp 5-6, trung học cơ sở, Hồng-trung cấp 5-6, trung học cơ sở, Mibai-trung cấp 5-6, trung học cơ sở, Royal Blue-Trường trung học cơ sở lớn, sinh viên đại học, người lớn, Màu đen-size lớn dành cho h",5 5 5 5 6 6 6 6,2 2 3 3 5 5 5 5 6 6 6 6
vi_thua_so,997458361677,bags,洗涤方式,.,.1,,1
vi_thua_so,997458361677,bags,表面工艺,.,.2,,2
khac_so,993923060025,bags,尺寸,"22寸（1027-1）, 24寸（1027-1）, 26寸（1027-2）, 28寸（1027-3）, 30寸（1027-3）, 32寸（1027-4）, 34寸（1027-4）, 36寸（1027-5）, 38寸（1027-5）, 40寸（1027-5）, 50寸（1027-5）","22inch (1027-10), 24inch (1027-10), 26inch (1027-2), 28inch (1027-3), 30inch (1027-3), 32inch (1027-4), 34inch (1027-4), 36inch (1027-5), 38inch (1027-5), 40inch (1027-5), 50inch (1027-5)",1 1 2 3 3 4 4 5 5 5 5 22 24 26 28 30 32 34 36 38 40 50 1027 1027 1027 1027 1027 1027 1027 1027 1027 1027 1027,2 3 3 4 4 5 5 5 5 10 10 22 24 26 28 30 32 34 36 38 40 50 1027 1027 1027 1027 1027 1027 1027 1027 1027 1027 1027
vi_thua_so,702917746355,bags,尺寸,"20寸【4轮五五开可登机】, 22寸【5轮三七开可托运】, 24寸【5轮三七开可托运】, 26寸【5轮三七开可托运】, 28寸【5轮三七开可托运】, 30寸【5轮三七开可托运】, 32寸【5轮三七开可托运】, 34寸【5轮三七开可托运】, 36寸【5轮三七开可托运】, 38寸【5轮三七开可托运】, 40寸【5轮三七开可托运】, 50寸【5轮三七开可托运】, 60寸【5轮三七开可托运】, 80寸【5轮三七开可托运】, 100寸【5轮三七开可托运】","20inch [4 vòng lên máy bay 50/50], 22inch [Có thể kiểm tra 5 vòng Sanqi], 24inch [Có thể kiểm tra 5 vòng Sanqi], 26inch [Có thể kiểm tra 5 vòng Sanqi], 28inch [Có thể kiểm tra 5 vòng Sanqi], 30inch [Có thể kiểm tra 5 vòng Sanqi], 32inch [Có thể kiểm ",4 5 5 5 5 5 5 5 5 5 5 5 5 5 5 20 22 24 26 28 30 32 34 36 38 40 50 60 80 100,4 5 5 5 5 5 5 5 5 5 5 5 5 5 5 20 22 24 26 28 30 32 34 36 38 40 50 50 50 60 80 100
vi_thua_so,918625765243,bags,箱体结构,前开盖/五五开拉杆箱,Nắp mở phía trước/hộp thanh kéo mở 50-50,,50 50
vi_thua_so,972104905681,bags,尺寸,"20寸【四轮承载+干湿分离/双网隔层】, 22寸【五轮承载+三七开加厚+干湿分离/双网隔层】, 24寸【五轮承载+三七开加厚+干湿分离/双网隔层】, 26寸【五轮承载+三七开加厚+干湿分离/双网隔层】, 30寸【五轮承载+三七开加厚+干湿分离/双网隔层】","20inch [Chịu tải bốn bánh + tách khô và ướt/ngăn lưới đôi], 22inch [Chịu tải năm bánh + dày 37 inch + tách khô và ướt/ngăn lưới đôi], 24inch [Chịu tải năm bánh + dày 37 inch + tách khô và ướt/ngăn lưới đôi], 26inch [Chịu tải năm bánh + dày 37 inch + ",20 22 24 26 30,20 22 24 26 30 37 37 37 37
vi_thua_so,922100090961,bags,品牌,DK-侧开一九分大容量行李箱,DK-vali công suất lớn 19 điểm mở bên,,19
vi_thua_so,909382592112,bags,箱体结构,五五开 宽拉杆20寸可登机行李箱,"Vali kéo 50/50, thanh kéo rộng 20inch, vali xách tay lên máy bay.",20,20 50 50
vi_thua_so,951904424799,bags,箱体结构,三七开,37%,,37
khac_so,989000194070,bags,货号,a12.861,a12.861,12.861,12861
vi_thieu_so,634989319419,bags,货号,宏信 8015全铝机长箱,Số model,8015,
khac_so,894754265784,bags,尺寸,"14寸（廉航登机箱）【2节拉杆-1.6米以下适用】, 14寸（廉航登机箱）【2节拉杆-高配内衬升级版】, 14寸（廉航登机箱）【3节拉杆-1.6米以上适用】, 14寸（廉航登机箱）【3节拉杆-高配内衬升级版】, 16寸（可放15.6寸电脑）【2节拉杆-1.6米以下适用】, 16寸（可放15.6寸电脑）【2节拉杆-高配内衬升级版】, 16寸（可放15.6寸电脑）【3节拉杆-1.6米以上适用】, 16寸（可放15.6寸电脑）【3节拉杆-高配内衬升级版】","14 inch (khung máy bay giá rẻ) [2 thanh giằng-áp dụng cho dưới 1,6 mét], 14 inch (khung máy bay giá rẻ) [2 thanh giằng-phiên bản nâng cấp của lớp lót cao cấp], 14 inch (khung máy bay giá rẻ) [3 thanh giằng-áp dụng trên 1,6 mét], 14 inch (khung máy ba",1.6 1.6 1.6 1.6 2 2 2 2 3 3 3 3 14 14 14 14 15.6 15.6 15.6 15.6 16 16 16 16,1 1.6 1.6 1.6 2 2 2 2 3 3 3 3 6 14 14 14 14 15.6 15.6 15.6 15.6 16 16 16 16
vi_thua_so,839562361805,bags,发货速度,日产万件，48h发货,"10.000 chiếc mỗi ngày, vận chuyển trong vòng 48 giờ",48,48 10000
vi_thua_so,990266517226,bags,尺寸,"20寸【五五开 可登机 常规四轮无干湿分离】, 22寸【 常规四轮无干湿分离】, 24寸【弹簧减震刹车五轮＋干湿分离+双层防爆拉链】, 26寸【弹簧减震刹车五轮＋干湿分离+双层防爆拉链】, 28寸【弹簧减震刹车五轮＋干湿分离+双层防爆拉链】, 30寸【弹簧减震刹车五轮＋干湿分离+双层防爆拉链】, 32寸【弹簧减震刹车五轮＋干湿分离+双层防爆拉链】, 34寸【弹簧减震刹车五轮＋干湿分离+双层防爆拉链】, 36寸【弹簧减震刹车五轮＋干湿分离+双层防爆拉链】, 40寸【弹簧减震刹车五轮＋干湿分离+双层","20inch [50/50, có thể lên máy bay, bốn bánh thông thường không có ngăn khô và ướt], 22inch [Bốn bánh thông thường không có phân tách khô và ướt], 24inch [Phuộc nhún giảm xóc lò xo, phanh 5 bánh + Chống thấm nước, chống ẩm + Khóa kéo hai lớp chống chá",20 22 24 26 28 30 32 34 36 40 50,5 5 5 5 5 5 5 5 5 20 22 24 26 28 30 32 34 36 40 50 50 50
vi_thieu_so,993046877913,bags,颜色,"006牛奶白-USB接口+收缩杯架+侧挂钩, 006茱萸粉-USB接口+收缩杯架+侧挂钩, 006经典黑-USB接口+收缩杯架+侧挂钩, 006柠檬黄-USB接口+收缩杯架+侧挂钩, 006薄荷绿-USB接口+收缩杯架+侧挂钩","006 Trắng Sữa - Giao Diện USB + Giá Đỡ Ly Co Nhiệt + Móc Treo Bên Hông, Bột Hoàng Hoa Sơn (Cornus officinalis) - Giao diện USB + Giá đỡ cốc co nhiệt + Móc treo bên hông, 006 Classic Black-Giao diện USB + Giá đỡ cốc co lại + Móc bên, 006 vàng chanh - ",6 6 6 6 6,6 6 6 6
vi_thieu_so,1000156982508,bags,尺寸,"20寸plus加厚设计【37分增大容量50%同样尺寸更大容量+双层防爆拉链】, 22寸托运箱plus加厚设计【37分增大容量50%同样尺寸更大容量+双层防爆拉链】, 24寸托运箱plus加厚设计【37分增大容量50%同样尺寸更大容量+双层防爆拉链】, 26寸托运箱plus加厚设计【37分增大容量50%同样尺寸更大容量+双层防爆拉链】","20inch Thiết Kế Dày Dặn Hơn [Dung Tích Lớn Hơn 37%, Cùng Kích Cỡ, Thêm Không Gian + Khóa Kéo Chống Nổ Hai Lớp], 22inch Hộp vận chuyển cộng với thiết kế dày [37 điểm tăng sức chứa lên 50%, cùng kích thước, sức chứa lớn hơn + dây kéo chống cháy nổ hai ",20 22 24 26 37 37 37 37 50 50 50 50,20 22 24 26 37 37 37 37 50 50 50
vi_thua_so,664295756977,bags,尺寸,"20寸【四轮 可登机】, 24寸【五轮+三七分大容量】, 26寸【五轮+三七分大容量】, 28寸【五轮+三七分大容量】, 30寸【五轮+三七分大容量】, 34寸【五轮+三七分大容量】","20 inch [bốn bánh có thể lên máy bay], 24inch [Năm bánh xe + 37 điểm sức chứa lớn], 26inch [Năm bánh xe + 37 điểm sức chứa lớn], 28inch [Năm bánh xe + 37 điểm sức chứa lớn], 30inch [Năm bánh xe + 37 điểm sức chứa lớn], 34inch [Năm bánh xe + 37 điểm s",20 24 26 28 30 34,20 24 26 28 30 34 37 37 37 37 37
vi_thua_so,760479589710,bags,箱体结构,铝框/三七开,Khung nhôm/37%,,37
khac_so,876070015822,beauty,颜色,"100 格雷粉 （清冷灰粉）, 【千人复购】固体唇蜜568, 【热销TOP】1990中古棕 复古时髦棕, 粉雾口红笔111皮革粉, 粉雾口红笔122焦茶棕, 粉雾口红笔133雀斑棕, 粉雾口红笔144烟熏棕, 粉雾口红笔166野山楂, 粉雾口红笔188春豆蔻, 持光成膜固体唇蜜500灰粉海, 持光成膜固体唇蜜501玫瑰池, 持光成膜固体唇蜜502日晒海, 持光成膜固体唇蜜503钻石海, 持光成膜固体唇蜜504粉冰川, 持光成膜固体唇蜜561裸米茶, 持光成膜固体唇蜜562浓澳白, 持光成膜固体唇","100 Bột Xám (Bột Xám Lạnh), [Đã được hàng ngàn người mua lại] Son bóng dạng thỏi 568, 【Bán Chạy】Nâu Vintage thập niên 90 - Nâu Retro Chic, Bút son môi dạng phấn 111 Leather Powder, Bút son môi dạng bột 122 Jiao Tea Brown, Bút son môi dạng bột 133 Fre",100 111 122 133 144 150 151 152 154 155 166 188 500 501 502 503 504 558 559 560 561 562 564 565 567 568 1990 1990 1990,90 100 111 122 133 144 150 151 152 154 155 166 188 500 501 502 503 504 558 559 560 561 562 564 565 567 568 1990 1990
khac_so,644878901349,beauty,型号,801.802.803.804.901.902.903.904.905.906,801.802.803.804.901.902.903.904.905.906,801.802 803.804 901.902 903.904 905.906,8.01803e+29
khac_so,737957726467,beauty,非特化妆品备案证号,粤G妆网备字2023232475,Lưới trang điểm Quảng Đông G chuẩn bị từ 20232475,2.02323e+09,2.02325e+07
khac_so,822893988590,beauty,产品规格,"JM急救面膜（日期到28年）, JM蜂蜜面膜（日期到28年）, JM珍珠面膜（日期到2028年）, Sur诗梅迪玻尿酸面膜（日期到2026年12月）, 小鲸鱼面膜补水M（日期到2028年）, 小鲸鱼面膜提亮B（日期到2028年）, 小鲸鱼面修护U（日期到2028年）, 小鲸鱼面膜益生菌滋润P（日期到2028年）","Mặt nạ khẩn cấp JM (Ngày hết hạn: 2028), Mặt nạ mật ong JM (Ngày hết hạn: 2028), Mặt nạ ngọc trai JM (ngày đến năm 2028), Mặt nạ axit hyaluronic Sur Poetry Medi (Hạn sử dụng: tháng 12 năm 2026), Mặt nạ Little Whale Hydrating M (hạn sử dụng đến 2028),",12 28 28 2026 2028 2028 2028 2028 2028,12 2026 2028 2028 2028 2028 2028 2028 2028
khac_so,714481716034,beauty,非特化妆品备案证号,粤G妆网备字2024247097,Lưới trang điểm Quảng Đông G chuẩn bị từ 20247097,2.02425e+09,2.02471e+07
khac_so,837841684494,beauty,货号,AOPY.01.01.195,AOPY.01.01.195,1.01 195,1.01195
khac_so,999665622158,beauty,货号,CA00101051/CA00101052,CA 001 01 051 / CA 001 01 052,101051 101052,1 1 1 1 51 52
khac_so,613497235190,beauty,货号,1.004.080.003,1.004.080.003,1.004 80.003,1.00408e+09
vi_thua_so,991559808533,electronics,颜色,"【深邃黑◆王炸版】4核5.49芯片+定向传音降噪不漏音+千元杜比全景无损音效+电竞通话零感延迟, 【油画肤◆王炸版】4核5.49芯片+定向传音降噪不漏音+千元杜比全景无损音效+电竞通话零感延迟, 【岩云白◆王炸版】4核5.49芯片+定向传音降噪不漏音+千元杜比全景无损音效+电竞通话零感延迟",[Màu đen đậm ◆ Phiên bản King Fried] Chip 4 nhân 5.49 + truyền âm thanh định hướng và giảm tiếng ồn mà không rò rỉ âm thanh + hiệu ứng âm thanh toàn cảnh không bị mất Dolby nghìn nhân dân tệ + độ trễ cảm giác bằng 0 trong các cuộc gọi thể thao điện t,4 4 4 5.49 5.49 5.49,0 0 0 4 4 4 5.49 5.49 5.49
vi_thua_so,970068097273,electronics,颜色,"【深邃黑◆王炸版】4核5.49芯片+定向传音降噪不漏音+千元杜比全景无损音效+电竞通话零感延迟, 【油画肤◆王炸版】4核5.49芯片+定向传音降噪不漏音+千元杜比全景无损音效+电竞通话零感延迟, 【岩云白◆王炸版】4核5.49芯片+定向传音降噪不漏音+千元杜比全景无损音效+电竞通话零感延迟",[Màu đen đậm ◆ Phiên bản King Fried] Chip 4 nhân 5.49 + truyền âm thanh định hướng và giảm tiếng ồn mà không rò rỉ âm thanh + hiệu ứng âm thanh toàn cảnh không bị mất Dolby nghìn nhân dân tệ + độ trễ cảm giác bằng 0 trong các cuộc gọi thể thao điện t,4 4 4 5.49 5.49 5.49,0 0 0 4 4 4 5.49 5.49 5.49
vi_thua_so,990327538522,electronics,颜色,"柔霜瓷白丨顶配版【万元级环绕全景音效+全新5.4无延迟芯片+双麦超清通话降噪+双电池超长续航】, 沉静雾黑丨顶配版【万元级环绕全景音效+全新5.4无延迟芯片+双麦超清通话降噪+双电池超长续航】, 晨光明肤丨顶配版【万元级环绕全景音效+全新5.4无延迟芯片+双麦超清通话降噪+双电池超长续航】","Sứ trắng kem mềm丨Phiên bản hàng đầu [Hiệu ứng âm thanh toàn cảnh vòm 10.000 nhân dân tệ + chip không độ trễ 5.4 mới + giảm tiếng ồn cuộc gọi siêu rõ bằng mic kép + thời lượng pin dài pin kép], Calm Mist Black丨Phiên bản hàng đầu [Hiệu ứng âm thanh toà",5.4 5.4 5.4,5.4 5.4 5.4 10000 10000 10000
vi_thua_so,979568622444,electronics,颜色,"炫酷黑【3年质保左右可佩戴用坏包赔手机通用, 云朵白 【3年质保左右可佩戴用坏包赔手机通用, 肌肤色【3年质保左右可佩戴用坏包赔手机通用","Màu đen mát [bảo hành 3 năm, có thể đeo được khoảng 3 năm, điện thoại sẽ được bồi thường nếu bị hao mòn., Yunduo White [bảo hành 3 năm, có thể đeo được khoảng 3 năm, điện thoại sẽ được bồi thường nếu bị hao mòn., Màu da [Bảo hành 3 năm, có thể đeo đư",3 3 3,3 3 3 3 3 3
vi_thieu_so,786192078980,electronics,颜色,"3代苹果15-17系列-Type-C接口, 2代苹果15-17系列-Type-C接口, 2代直插-3.5-圆头接口, 2代直插-苹果-弹窗接口, 2代TYPE-C接口【数字全兼容版本】, 3代直插-3.5-圆头接口, 3代直插-苹果弹窗接口, 3代TYPE-C接口【数字全兼容版本】, 有线耳机泡沫袋","Giao diện Type-C dòng Apple 15-17 thế hệ thứ 3, Giao diện Type-C dòng Apple 15-17 thế hệ thứ 2, Giao diện đầu tròn plug-in trực tiếp thế hệ thứ 2, Giao diện cửa sổ bật lên trong dòng Apple-thế hệ thứ 2, Giao diện TYPE-C thế hệ thứ 2 [phiên bản kỹ thu",2 2 2 2 3 3 3 3 3.5 3.5 15 15 17 17,2 2 2 2 3 3 3 3 15 15 17 17
vi_thua_so,978946364150,electronics,颜色,"黑色+万元级无损音效+双降噪不漏音, 白色+万元级无损音效+双降噪不漏音, 肤色+万元级无损音效+双降噪不漏音","Đen + Chất lượng âm thanh lossless (Đáng giá hàng ngàn đô) + Khử tiếng ồn kép, Không rò rỉ âm thanh, Trắng + Chất lượng âm thanh lossless (Đáng giá hàng ngàn đô) + Khử tiếng ồn kép, Không rò rỉ âm thanh, Tông màu da + hiệu ứng âm thanh lossless trị g",,10000
vi_thua_so,840707915373,electronics,颜色,"Z4Ultra【米白】IMAX影院全景音◆久戴不痛, i24骑士黑色-LED灯显-短柄小巧-售后无忧_升级款-万元级杜比MAX音质-增强续航, i24大米黄色-LED灯显-短柄小巧-售后无忧_升级款-万元级杜比MAX音质-增强续航, i24玫瑰金色-LED灯显-短柄小巧-售后无忧_升级款-万元级杜比MAX音质-增强续航, i24甘蓝紫色-LED灯显-短柄小巧-售后无忧_升级款-万元级杜比MAX音质-增强续航, i01丨星耀黑【舒适不漏音★HiFi级音质★长续航】, i01丨樱花粉【舒适不漏音★H","Z4Ultra [Off-White] Âm thanh toàn cảnh rạp chiếu phim IMAX ◆ Không đau sau khi đeo lâu dài, i24 Knight Black - Màn hình đèn LED - Tay cầm ngắn & nhỏ gọn - Dịch vụ hậu mãi không cần lo lắng _ Phiên bản nâng cấp - Chất lượng âm thanh Dolby MAX (Tương đ",1 1 2 4 24 24 24 24 80 360,1 1 2 4 24 24 24 24 80 360 10000 10000 10000 10000
vi_thua_so,999371324809,electronics,颜色,"【黑色+旗舰版】HiFi高清音质+追剧游戏低延迟+UFT定向传音不漏音+超长续航+零感舒适佩戴, 【肤色+旗舰版】HiFi高清音质+追剧游戏低延迟+UFT定向传音不漏音+超长续航+零感舒适佩戴, 【黑色+至尊版】杜比ACS全景音效+游戏通话零感延迟+CNS智能降噪+智能UFT2.0定向传音不漏音, 【肤色+至尊版】杜比ACS全景音效+游戏通话零感延迟+CNS智能降噪+智能UFT2.0定向传音不漏音, 【至尊版】+音质续航性能大幅提升","[Black + Ultimate Edition] Chất lượng âm thanh độ phân giải cao HiFi + độ trễ thấp cho các trò chơi kịch tính + truyền âm thanh định hướng UFT mà không rò rỉ âm thanh + thời lượng pin siêu dài + không cảm giác và thoải mái khi đeo, [Màu da + Phiên bả",2 2,0 0 2 2
vi_thua_so,888466095457,bags,尺寸,"金扣18CM中号菜篮子(2.0mm厚度或以上头层牛皮）, 银扣18CM大号菜篮子(2.0mm厚度或以上头层牛皮）, 金扣22CM大号菜篮子(2.0mm厚度或以上头层牛皮）","Giỏ đựng rau củ cỡ vừa, khóa vàng, 18cm (da bò lớp đầu, độ dày 2.0mm trở lên)., Giỏ đựng rau củ lớn khóa bạc 18CM (da bò lớp 1 dày 2.0mm trở lên), Giỏ đựng rau củ lớn 22CM khóa vàng (da bò lớp đầu dày 2.0mm trở lên)",2 2 2 18 18 22,1 2 2 2 18 18 22
vi_thua_so,738038612181,bags,洗涤方式,.,.1,,1
vi_thua_so,738038612181,bags,表面工艺,.,.2,,2
vi_thua_so,996084255241,bags,洗涤方式,.,.1,,1
vi_thua_so,996084255241,bags,表面工艺,.,.2,,2
khac_so,845893759138,bags,重量,0.685kg,0.685kg,0.685,685
vi_thieu_so,638654924783,beauty,颜色,"6102-1号姨妈色, 6102-2号西柚红, 6102-3号想你色, 6102-4号珊瑚红, 6102-5号豆沙色, 6102-6号紫调豆沙, 6102-7号鎏金色, 6102-8号奶茶色, 6102-9号小辣椒色, 6102-10号999正红色, 6102-11号奶橘色","6102-màu Dì số 1, 6102-2 bưởi đỏ, 6102-3 nhớ bạn, 6102-4 San Hô Đỏ, 6102-5 màu đậu, Bột đậu màu tím số 6102, 6102-số 7 màu vàng, 6102-8 màu trà sữa, 6102-9 màu Ớt nhỏ, 6102-Số 10 999 Đỏ, Màu Cam Sữa số 6102",1 2 3 4 5 6 7 8 9 10 11 999 6102 6102 6102 6102 6102 6102 6102 6102 6102 6102 6102,1 2 3 4 5 7 8 9 10 999 6102 6102 6102 6102 6102 6102 6102 6102 6102 6102 6102
khac_so,686721538456,beauty,产品规格,"敷尔佳白-膜5片/盒 有官方防伪码, 敷尔佳黑-膜5片/盒 有官方防伪码, 敷尔佳重组3型胶原蛋白膜5片/盒 有官方防伪码, 敷尔佳白膜次抛30支/盒 有官方防伪码, 敷尔佳小喷雾60g 有官方防伪码, 敷尔佳积雪草膜 5片/盒 有官方防伪码, 敷尔佳B5膜 5片/盒 有官方防伪码, 敷尔佳多元益生修复贴5片/盒 有官方防伪码, 敷尔佳DNA钠水光焕采紧塑面膜5片/盒 有官方防伪码, 敷尔佳清痘膜 5片/盒（新老包装随机发） 有官方防伪码, 敷尔佳灯泡膜 5片/盒 有官方防伪码, 敷尔佳发光膜 ","敷尔佳DNA钠水光焕采紧塑面膜5片/盒 有官方防伪码, 敷尔佳胶原璀璨嘭弹乳霜面膜5片/盒（钢铁侠面膜） 有官方防伪码, 【2.0】敷尔佳舒安水500ml 有官方防伪码, 敷尔佳乳糖酸控油敛肤水100ml 有官方防伪码, 敷尔佳乳糖酸控油敛肤乳50g 有官方防伪, 敷尔佳乳糖酸控油敛肤精华液30g 有官方防伪码, 敷尔佳姜黄净痘精华液（效期到27年2月） 有官方防伪码, 敷尔佳绵润洁颜泡泡150ml 有官方防伪码, 【2.0】敷尔佳积雪草舒缓修护精粹水100ml 有官方防伪码, 【2.0】敷尔佳",1.3 1.5 2 2 2 2 2 2 3 3 5 5 5 5 5 5 5 5 5 5 5 5 5 5 5 5 5 5 5 5 5 5 6 10 11 26 27 27 27.1 30 30 30 30 30 50 50 50 60 70 70 70 70 70 70 90 100 100 100 150 150 500,1 1.3 1.5 2 2 2 2 2 2 3 3 5 5 5 5 5 5 5 5 5 5 5 5 5 5 5 5 5 5 5 5 5 5 6 10 11 26 27 27 27 30 30 30 30 30 50 50 50 60 70 70 70 70 70 70 90 100 100 100 150 150 500
vi_thieu_so,680926219885,beauty,产品名称,BEILINGMEI贝玲美原B5积雪草精萃焕颜面膜,Mặt nạ tái tạo tinh chất cỏ tuyết BELINGMEI,5,
vi_thieu_so,726775385612,beauty,产品规格,"薇诺娜舒敏保湿特护面膜6片（单片无盒）, 薇诺娜舒敏保湿特护面膜6片1盒 防伪可查, 薇诺娜2代舒敏保湿特护霜50g 有官方防伪码, 薇诺娜2代舒敏保湿特护霜10g, 薇诺娜2代舒敏保湿特护霜2g×10袋, 薇诺娜2代舒敏保湿特护霜2g×25袋, 薇诺娜舒敏保湿特护滋润霜第二代50g 防伪可查, 薇诺娜2代清透防嗮乳50g 有官方防伪码, 薇诺娜2代清透防嗮乳15g 有官方防伪码, 薇诺娜2代清透防嗮乳2g×10袋, 薇诺娜清透水感防嗮乳50g 防伪可查, 薇诺娜舒敏保湿特护洁面乳100g 有官","Mặt nạ chăm sóc đặc biệt Winona Soothing Moisturizing 6 miếng (một miếng không hộp), Mặt Nạ Dưỡng Ẩm Dịu Nhẹ Winona Chăm Sóc Đặc Biệt, 6 miếng/hộp, Chống Hàng Giả và Có Thể Xác Minh., Kem dưỡng ẩm đặc biệt Winona thế hệ thứ 2 50g có mã chống hàng giả",1 1 1 1 1 1 1 2 2 2 2 2 2 2 2 2 2 2 2 5 6 6 6 6 6 6 6 6 6 8 10 10 10 10 12 15 15 15 15 20 20 25 30 30 30 30 30 30 30 30 30 30 30 30 30 50 50 50 50 50 50 50 50 50 50 50 50 50 50 50 60 60 80 80 80 80 80 100 100 120 120 120 120 120 120 150 150 150 200 300,1 1 1 1 2 2 2 2 2 2 2 2 2 2 2 2 5 6 6 6 6 6 6 6 6 6 8 10 10 10 10 12 15 15 15 15 20 20 25 30 30 30 30 30 30 30 30 30 30 30 30 30 50 50 50 50 50 50 50 50 50 50 50 50 50 50 50 60 60 80 80 80 80 80 100 100 120 120 120 120 120 120 150 150 150 200 300
vi_thua_so,987640511543,beauty,产品规格,二十一天多肽胶囊免洗面膜21条/盒,Mặt nạ đắp mặt dạng viên nang polypeptide 21 ngày 21 cái/hộp,21,21 21
khac_so,653407736788,beauty,产品规格,"急救面膜（日期28年）, 珍珠（日期到28年）, 蜂蜜（日期到28年）","Mặt nạ cứu hộ khẩn cấp (Hạn sử dụng: 2028), Ngọc trai (ngày đến 28 năm), Mật ong (có niên đại từ 28 năm)",28 28 28,28 28 2028
vi_thieu_so,862247160098,beauty,产品规格,"敷尔佳白膜5片1盒 有官方防伪码, 敷尔佳黑膜5片1盒 有官方防伪码, 敷尔佳绿膜5片1盒 有官方防伪码, 敷尔佳灯泡膜5片1盒 有官方防伪码, 敷尔佳积雪草面膜5片/盒 防伪可查, 敷尔佳积雪草舒缓修护面膜5片/盒 防伪可查, 敷尔佳小喷雾60g 防伪可查, 敷尔佳2.0清痘膜5片1盒 有官方防伪码, 敷尔佳乳糖酸面膜5片1盒 有官方防伪码, 敷尔佳媄白面膜5片1盒 有官方防伪码, 敷尔佳B5面膜5片1盒 有官方防伪码, 敷尔佳依克多因熬夜膜5片/盒 防伪可查, 敷尔佳乳糖酸次抛30支1盒 防","Mặt nạ trắng Fulljia 5 miếng 1 hộp có mã chống giả chính hãng, Fulljia Black Mask 5 miếng 1 hộp có mã chống giả chính hãng, Mặt nạ Fuljia Green 5 miếng 1 hộp có mã chống hàng chính hãng, Phim bóng đèn Fulljia 5 miếng 1 hộp có mã chống giả chính hãng,",1 1 1 1 1 1 1 1 1 1 1 1 1 1 1 1 2 2 3 5 5 5 5 5 5 5 5 5 5 5 5 5 30 30 50 60 70 70 70 70 70 90 100 150,1 1 1 1 1 1 1 1 1 1 1 2 2 3 5 5 5 5 5 5 5 5 5 5 5 5 5 30 30 50 60 70 70 70 70 70 90 100 150
vi_thieu_so,898059544525,beauty,产品规格,"胶原炮面膜1组（黄金膜+精华面膜）, 胶原炮面膜盒装/三组","Bộ Mặt Nạ Collagen Cannon (Mặt Nạ Vàng + Mặt Nạ Tinh Chất), Hộp mặt nạ Collagen Cannon/bộ ba",1,
vi_thua_so,1000204317632,beauty,货号,.,.1,,1
vi_thua_so,1000204317632,beauty,产品认证类型,.,.2,,2
vi_thua_so,1000204317632,beauty,膜布材质,.,.3,,3
khac_so,810311517526,beauty,非特化妆品备案证号,粤g妆网备字2022025803,Thư pháp chuẩn bị lưới trang điểm Quảng Đông 20225803,2.02203e+09,2.02258e+07
vi_thua_so,874815424255,beauty,适用症状,非慢性创面(如浅表性创面、小创口、擦伤、I度或浅II度的烧烫伤创面、激光/光子/果酸换肤/微整形术后,"Các vết thương không mãn tính (như vết thương nông, vết cắt nhỏ, vết trầy xước, bỏng độ 1 hoặc bỏng độ 2 nông và vết thương sau khi điều trị bằng laser/IPL/lột da hóa học/các thủ thuật thẩm mỹ xâm lấn tối thiểu).",,1 2
khac_so,540719277993,beauty,非特化妆品备案证号,粤G妆网备字2022025803,Thư pháp chuẩn bị lưới trang điểm Quảng Đông G 20225803,2.02203e+09,2.02258e+07
vi_thieu_so,987004593044,beauty,产品规格,"阿芙黑松露紧致抗皱面膜10片/盒【防伪可查】, 阿芙白松露焕亮丝滑面膜10片/盒【防伪可查】, 阿芙玫瑰水润透亮面膜10片/盒【防伪可查】, 阿芙积雪草舒缓保湿面膜10片/盒【防伪可查】, 阿芙极光美白淡斑修护油敷膜6片/盒【防伪可查】, 阿芙11籽淡纹紧致下颚提拉面膜6片1盒【防伪可查】, 阿芙11籽焕亮淡纹提拉精华油蜜面膜6片/盒【防伪可查】, 阿芙权杖提拉紧致眼部精华油10ml 防伪可查, 阿芙11籽抗皱紧致精华油5ml【防伪可查】, 阿芙11籽精华油60ml（正装30ml+替换装30ml","Mặt nạ chống nhăn làm săn chắc da Afu Black Truffle 10 miếng/hộp [Có thể kiểm tra chống hàng giả], Mặt nạ làm sáng da Afuro White Truffle 10 miếng/hộp [có thể kiểm tra chống hàng giả], Mặt nạ dưỡng ẩm & làm sáng da Afurose 10 tờ/hộp [Có thể xác minh ",1 5 5 6 6 6 10 10 10 10 10 11 11 11 11 11 11 15 30 30 30 50 60 100 100 120 120 200,5 5 6 6 6 10 10 10 10 10 11 11 11 11 11 11 15 30 30 30 50 60 100 100 120 120 200
vi_thieu_so,1001279182385,beauty,产品规格,"蜗牛精华净颜润肌黑面膜25ml*1片, 八杯水玻尿酸面膜25ml*1片, 水婴儿肌面膜25ml*1片, 红绷带提拉面膜16g*5片, 甘菊补水面膜25ml*10片, 人参抗皱面膜25ml*10片, 玻尿酸精华水光面膜5片, 原B5积雪草面膜25ml*10片, 山茶花补水养颜面膜25ml*10片","Mặt nạ đen làm sạch và dưỡng ẩm Snail Essence 25ml * 1 miếng, Mặt nạ axit hyaluronic tám cốc nước 25ml * 1 miếng, Mặt nạ dưỡng da dạng nước cho bé 25ml * 1 miếng, Mặt nạ nâng cơ băng đỏ 16g*5 miếng, Mặt nạ dưỡng ẩm hoa cúc 25ml*10 miếng, Mặt nạ chống",1 1 1 5 5 5 10 10 10 10 16 25 25 25 25 25 25 25,1 1 1 5 5 10 10 10 10 16 25 25 25 25 25 25 25
khac_so,999062975103,beauty,货号,CA00101051/CA00101052,CA 001 01 051 / CA 001 01 052,101051 101052,1 1 1 1 51 52
vi_thieu_so,661145212141,beauty,生产许可证号,粤G妆网备字2017000001,Số hồ sơ mỹ phẩm không đặc biệt,2.017e+09,
vi_thua_so,750877275012,beauty,产品规格,"冰肤之萃红玫瑰胶原挂耳面膜, 神经酰胺美颜红V脸面膜5片/盒, 冰肤之萃胶原紧致嫩肤面膜 （5片/盒）, 冰肤之萃胶原淡纹提拉紧致膜5片/盒, 冰肤之萃胶原紧致抗皱面膜（盒装）, 冰肤之萃多肽紧致淡纹颈膜【5片/盒】, DASSFN三重胶原紧塑修容膜（5片/盒）, Gelianna格莲娜胶原蛋白弹力紧致抗皱提升面膜（4片/盒）, Gelianna格莲娜红蜜提拉紧致胶原面膜（5片/盒）, Gelianna格莲娜胶原淡纹提拉紧致膜5片/盒","DASSFN三重胶原紧塑修容膜（5片/盒）, Mặt nạ tai Collagen hoa hồng đỏ chiết xuất Ice Skin1, Mặt nạ Ceramide Beauty Red V 5 cái/hộp, Mặt nạ làm săn chắc và trẻ hóa da Ice Skin Collagen (5 cái/hộp), Ice Skin Extract Collagen Light Pattern nâng cơ mặt nạ 5 miếng/hộp, ",4 5 5 5 5 5 5 5,1 4 5 5 5 5 5 5 5
khac_so,673520153991,beauty,非特化妆品备案证号,粤G妆网备字2022025803,Thư pháp chuẩn bị lưới trang điểm Quảng Đông G 20225803,2.02203e+09,2.02258e+07
vi_thua_so,607612827226,beauty,产品规格,"玻尿酸款300ml（到2026年8月2：1送中样）, VT老虎洗面奶300ml（好日期）","Axit Hyaluronic 300ml (Tặng mẫu 1:1 miễn phí đến ngày 2 tháng 8 năm 2026), Sữa rửa mặt VT Tiger 300ml (hàng mới)",1 2 8 300 300 2026,1 1 2 8 300 300 2026
khac_so,990094986285,beauty,货号,01.02.02.260,01.02.02.260,1.02 2.26,1.02 2260
khac_so,989233264365,beauty,货号,01.02.02.298,01.02.02.298,1.02 2.298,1.02 2298
vi_thua_so,974652599210,electronics,颜色,"【德国柏林大师调音】蓝牙耳机2025新款百元价格千元音质, 星空黑【至尊版】影院级IMAX环绕音, 暖星云【至尊版】影院级IMAX环绕音, 流光紫【至尊版】影院级IMAX环绕音","[Được điều chỉnh bởi bậc thầy ở Berlin, Đức] Tai nghe Bluetooth mẫu mới 2025 với giá 100 nhân dân tệ và chất lượng âm thanh 1.000 nhân dân tệ, Starry Sky Black [Phiên bản cực đỉnh] Âm thanh vòm IMAX cấp độ rạp chiếu phim, Warm Nebula [Extreme Edition",2025,100 1000 2025
vi_thua_so,989913247722,electronics,颜色,"柔霜瓷白丨顶配版【万元级环绕全景音效+全新5.4无延迟芯片+双麦超清通话降噪+双电池超长续航】, 沉静雾黑丨顶配版【万元级环绕全景音效+全新5.4无延迟芯片+双麦超清通话降噪+双电池超长续航】, 晨光明肤丨顶配版【万元级环绕全景音效+全新5.4无延迟芯片+双麦超清通话降噪+双电池超长续航】","Sứ trắng kem mềm丨Phiên bản hàng đầu [Hiệu ứng âm thanh toàn cảnh vòm 10.000 nhân dân tệ + chip không độ trễ 5.4 mới + giảm tiếng ồn cuộc gọi siêu rõ bằng mic kép + thời lượng pin dài pin kép], Calm Mist Black丨Phiên bản hàng đầu [Hiệu ứng âm thanh toà",5.4 5.4 5.4,5.4 5.4 5.4 10000 10000 10000
vi_thua_so,939074249337,electronics,颜色,"【旗舰版丨暖阳肤】环绕9D音效★ANC物理降噪★双核双芯片低延迟, 【旗舰版丨暗夜黑】环绕9D音效★ANC物理降噪★双核双芯片低延迟, 【旗舰版丨象牙白】环绕9D音效★ANC物理降噪★双核双芯片低延迟, 【高配版丨暖阳肤】环绕杜比3.0无损音效★高清ANC物理降噪★进口四核芯片★超长续航, 【高配版丨暗夜黑】环绕杜比3.0无损音效★高清ANC物理降噪★进口四核芯片★超长续航, 【高配版丨象牙白】环绕杜比3.0无损音效★高清ANC物理降噪★进口四核芯片★超长续航, 【臻享版丨暖日肤】专享万元级杜比","[Phiên bản Flagship | Da ấm] Hiệu ứng âm thanh vòm 9D ★ Giảm tiếng ồn vật lý ANC ★ Độ trễ thấp của chip kép lõi kép, [Phiên bản cuối cùng | Đêm tối đen] Hiệu ứng âm thanh vòm 9D ★ Giảm tiếng ồn vật lý ANC ★ Độ trễ thấp của chip kép lõi kép, [Phiên bả",3 3 3 5.4 5.4 5.4 9 9 9 120 120 120,3 3 3 5.4 5.4 5.4 9 9 9 120 120 120 10000 10000 10000
khac_so,929897625351,electronics,适用型号,"iPhone 17, iPhone 17Air, iPhone 17Pro/18Pro, iPhone 17Pro Max/18Pro Max, iPhone 16e/17e, iPhone 16, iPhone 16Pro, iPhone 16Plus, iPhone 16Pro Max, iPhone 15, iPhone 15Pro, iPhone 15Plus, iPhone 15Pro Max, iPhone 14, iPhone 14Pro, iPhone 14Plus, iPhon","iPhone XR, iPhone XS Max, iPhone 171, iPhone 17Air, iPhone 17Pro/18Pro, iPhone 17Pro Max/18Pro Max, iPhone 16e/17e, iPhone 161, iPhone 16Pro, iPhone 16Plus, iPhone 16Pro Max, iPhone 151, iPhone 15Pro, iPhone 15Plus, iPhone 15Pro Max, iPhone 141, iPho",2 3 7 7 8 8 11 11 11 12 12 12 12 13 13 13 13 14 14 14 14 15 15 15 15 16 16 16 16 16 17 17 17 17 17 18 18,2 3 7 7 8 8 11 11 11 12 12 12 12 13 13 13 13 14 14 14 14 15 15 15 15 16 16 16 16 16 17 17 17 17 18 18 171
khac_so,863162506372,electronics,适用型号,"iPhone 18, iPhone 18 Pro, iPhone 18 Pro Max, iPhone 17, iPhone Air, iPhone 17 Pro, iPhone 17 Pro Max, iPhone 17e, iPhone 16 E, iPhone 16, iPhone 16 Pro, iPhone 16 Pro Max, iPhone 16 Plus, iPhone 15, iPhone 15 Pro, iPhone 15 Pro Max, iPhone 15 Plus, i","iPhone 15 Pro, iPhone 181, iPhone 18 Pro1, iPhone 18 Pro Max1, iPhone 171, iPhone Air1, iPhone 17 Pro1, iPhone 17 Pro Max1, iPhone 17e1, iPhone 16 E, iPhone 161, iPhone 16 Pro1, iPhone 16 Pro Max1, iPhone 16 Plus1, iPhone 151, iPhone 15 Pro Max1, iPh",11 11 11 12 12 12 13 13 13 14 14 14 14 15 15 15 15 16 16 16 16 16 17 17 17 17 18 18 18,1 1 1 1 11 11 11 12 12 12 13 13 13 14 14 14 14 15 15 15 15 16 16 16 16 16 17 17 17 18 18 18 171
khac_so,977981788987,electronics,适用机型,"iPhone 16, iPhone 14, iPhone 17, iPhone 13, iPhone 13 Pro Max, iPhone 13 Pro, iPhone 14 Pro, iPhone 14 Pro Max, iPhone 15 Pro, iPhone 15 Pro Max, iPhone 16 Pro, iPhone 18 Pro Max, iPhone 16 Pro Max, iPhone 17 Pro, iPhone 17 Pro Max, iPhone 18 Pro","iPhone 16, iPhone 14, iPhone 17, iPhone 13 Pro Max, iPhone 13 Pro, iPhone 14 Pro, iPhone 14 Pro Max, iPhone 15 Pro, iPhone 15 Pro Max, iPhone 16 Pro, iPhone 18 Pro Max, iPhone 16 Pro Max, iPhone 17 Pro, iPhone 17 Pro Max, iPhone 18 Pro, iPhone 132",13 13 13 14 14 14 15 15 16 16 16 17 17 17 18 18,13 13 14 14 14 15 15 16 16 16 17 17 17 18 18 132
khac_so,852961937988,electronics,适用型号,"iPhone17, iPhone17 Pro, iPhone17Pro Max, iPhone17 Air, iPhone17 E, iPhone16, iPhone16 Pro, iPhone16Pro Max, iPhone16 Plus, iPhone16 E, iPhone15, iPhone15 Pro, iPhone15Pro Max, iPhone15 Plus, iPhone14, iPhone14 Pro, iPhone14Pro Max, iPhone14 Plus, iPh","iPhone17 Pro, iPhone17Pro Max, iPhone17 Air, iPhone17 E, iPhone16, iPhone16 Pro, iPhone16Pro Max, iPhone16 Plus, iPhone16 E, iPhone15, iPhone15 Pro, iPhone15Pro Max, iPhone15 Plus, iPhone14, iPhone14 Pro, iPhone14Pro Max, iPhone14 Plus, iPhone13, iPh",11 11 11 12 12 12 12 13 13 13 13 14 14 14 14 15 15 15 15 16 16 16 16 16 17 17 17 17 17,11 11 11 12 12 12 12 13 13 13 13 14 14 14 14 15 15 15 15 16 16 16 16 16 17 17 17 17 171
vi_thieu_so,674259571869,electronics,适用型号,"iPhone 18 Pro max 6.9寸, iPhone 18 Pro 6.3寸, iPhone 17 Pro max 6.9寸, iPhone 17 Pro 6.3寸, iPhone 17 Air 6.5寸, iPhone 17 6.3寸, iPhone 16 Pro max 6.9寸, iPhone 16 Pro 6.3寸, iPhone 16 Plus 6.7寸, iPhone 16 6.1寸, iPhone 15 Pro max 6.7寸, iPhone 15 Pro 6.1寸, i","iPhone 18 Pro tối đa 6.9inch, iPhone 18Pro 6.3inch, iPhone 17 Pro tối đa 6.9inch, iPhone 17 Pro 6.3inch, iPhone 17 Air 6.5inch, iPhone 17 6.3inch, IPhone 16 Pro max 6.9 inch, IPhone 16 Pro 6,3 inch, IPhone 16 Plus 6,7 inch, IPhone 16 6.1 inch, iPhone",5.4 5.4 6.1 6.1 6.1 6.1 6.1 6.1 6.1 6.1 6.1 6.1 6.3 6.3 6.3 6.3 6.5 6.5 6.7 6.7 6.7 6.7 6.7 6.7 6.7 6.9 6.9 6.9 11 11 12 12 12 12 13 13 13 13 14 14 14 14 15 15 15 15 16 16 16 16 17 17 17 17 18 18,5.4 5.4 6.1 6.1 6.1 6.1 6.1 6.1 6.1 6.1 6.1 6.1 6.3 6.3 6.3 6.3 6.5 6.5 6.7 6.7 6.7 6.7 6.7 6.7 6.7 6.9 6.9 6.9 11 11 12 12 12 13 13 13 14 14 14 14 15 15 15 15 16 16 16 16 17 17 17 17 18 18
vi_thua_so,925876889162,fashion,颜色,"纯棉白色64短袖, 纯棉卡其64短袖, 纯棉雾蓝64短袖, 纯棉浅灰64短袖, 纯棉深灰64短袖, 纯棉黑色64短袖, 纯棉白色85短袖, 纯棉杏色85短袖, 纯棉雾蓝85短袖, 纯棉浅灰85短袖, 纯棉深灰85短袖, 纯棉黑色85短袖, 纯棉白色41短袖, 纯棉卡其41短袖, 纯棉雾蓝41短袖, 纯棉浅灰41短袖, 纯棉深灰41短袖, 纯棉黑色41短袖","Áo thun tay ngắn trắng cotton 100% số 64., Áo thun ngắn tay cotton khaki 64., Áo thun tay ngắn 64, chất liệu cotton 100%, màu xanh sương mù., Áo thun tay ngắn 64, chất liệu cotton 100%, màu xám nhạt., Áo thun tay ngắn màu xám đậm, chất liệu cotton 10",41 41 41 41 41 41 64 64 64 64 64 64 85 85 85 85 85 85,41 41 41 41 41 41 64 64 64 64 64 64 85 85 85 85 85 85 100 100 100 100 100 100 100 100 100 100 100 100 100 100 100
vi_thua_so,813578693107,fashion,颜色,"NKD--纯色短袖黑色, NKD--纯色短袖白色, NKD--纯色短袖秀红, NKD--纯色短袖红色, NKD--纯色短袖深灰, NKD--纯色短袖浅绿, NKD--纯色短袖黄色, NKD--纯色短袖雾霾蓝, NKD--纯色短袖杏色, NKD--纯色短袖白色+白色2件装, NKD--纯色短袖黑色+黑色2件装, NKD--纯色短袖黑色+白色2件装, NKD--纯色短袖秀红+白色2件装, NKD--纯色短袖秀红+黑色2件装, NKD--纯色短袖秀红+红色2件装, NKD--纯色短袖秀红+黄色2件装,","NKD--Đen tay ngắn màu trơn, NKD--Tay ngắn màu trơn màu trắng, NKD--Tay ngắn màu trơn hiển thị màu đỏ, NKD--Tay ngắn màu trơn màu đỏ, NKD--Tay ngắn màu trơn màu xám đậm, NKD--Tay ngắn màu trơn màu xanh nhạt, NKD--Tay ngắn màu trơn màu vàng, NKD--Màu x",2 2 2 2 2 2 2 2 2 2 2,2 2 2 2 2 2 2 2 2 2 2 2
vi_thua_so,820275842353,fashion,颜色,"白色圆领短袖纯棉, 深灰圆领短袖纯棉, 豆绿圆领短袖纯棉, 砖红圆领短袖纯棉, 卡其圆领短袖纯棉, 雾蓝圆领短袖纯棉, 黑色圆领短袖纯棉, 粉色圆领短袖纯棉, 藏青圆领短袖纯棉, 浅灰圆领短袖纯棉, 黄色圆领短袖纯棉","Màu trắng cổ tròn tay ngắn 100% cotton, Xám đậm cổ tròn tay ngắn cotton, Xanh đậu cổ tròn tay ngắn cotton, Màu đỏ gạch cổ tròn tay ngắn cotton tinh khiết, Kaki cổ tròn tay ngắn cotton, Màu xanh sương mù cổ tròn tay ngắn cotton tinh khiết, Màu đen cổ ",,100 100 100
vi_thua_so,914331601781,fashion,颜色,"纯棉250克-黑色, 纯棉250克-白色, 纯棉200克-黑色, 纯棉200克-白色","Cotton tinh khiết 250g-đen, Cotton tinh khiết 250g-trắng, 100% cotton 200g-đen, 100% cotton 200g-trắng",200 200 250 250,100 100 200 200 250 250
khac_so,964253747515,fashion,尺码,"155-160/84-88【80-90斤】, 165-170/84-88【90-100斤】, 165-170/92-96【100-120斤】, 165-170/100【120-140斤】, 175/84-88【90-110斤】, 175/92-96【110-130斤】, 175/100【130-150斤】, 175/104-108【150-170斤】, 180-185/92-96【120-140斤】, 180-185/100【140-160斤】, 180-185/104-108【160-180斤","155-160/84-88【 40-45kg 】phù hợp với, 165-170/84-88 [ 45-50kg năm ], 165-170/92-96 [ 50-60kg ], 165-170/100 [ 60-70kg ], 175/84-88【 45-55kg 】bạn, 175/92-96【 55-65kg cỡ】, 175/100【 65-75kg 】bạn, 175/104-108【 75-85kg 】có sẵn, 180-185/92-96 [180-185/92-96",80 84 84 84 88 88 88 90 90 90 92 92 92 96 96 96 100 100 100 100 100 104 104 108 108 110 110 112 116 120 120 120 130 130 140 140 140 150 150 155 160 160 160 165 165 165 170 170 170 170 175 175 175 175 180 180 180 180 180 185 185 185 190 210,40 45 45 45 50 50 55 55 60 60 65 65 70 70 75 75 80 80 84 84 84 85 88 88 88 90 90 92 92 92 92 96 96 96 96 100 100 100 104 104 105 108 108 112 116 155 160 165 165 165 170 170 170 175 175 175 175 180 180 180 180 185 185 185 185 190
vi_thua_so,875757636360,fashion,颜色,"黑色圆领短袖纯棉, 白色圆领短袖纯棉, 深灰圆领短袖纯棉, 砖红圆领短袖纯棉, 雾蓝圆领短袖纯棉, 浅灰圆领短袖纯棉, 卡其圆领短袖纯棉, 桔色圆领短袖纯棉, 军绿圆领短袖纯棉, 咖啡圆领短袖纯棉, 草绿圆领短袖纯棉","Màu đen cổ tròn tay ngắn 100% cotton, Màu trắng cổ tròn tay ngắn 100% cotton, Xám đậm cổ tròn tay ngắn cotton, Màu đỏ gạch cổ tròn tay ngắn cotton tinh khiết, Màu xanh sương mù cổ tròn tay ngắn cotton tinh khiết, Xám nhạt cổ tròn tay ngắn cotton, Kak",,100 100 100
vi_thua_so,912871663451,fashion,颜色,"纯棉250克-黑色, 纯棉250克-白色, 纯棉200克-黑色, 纯棉200克-白色","Cotton tinh khiết 250g-đen, Cotton tinh khiết 250g-trắng, 100% cotton 200g-đen, 100% cotton 200g-trắng",200 200 250 250,100 100 200 200 250 250
khac_so,770567893191,fashion,货号,"919S24,616S24,929S25","919S24,616S24,929S25",24 24 25 616 919 929,24.616 24.929 25 919
vi_thieu_so,976311103631,food,保质期,9月,tháng chín,9,
vi_thieu_so,981094463626,food,保质期,9月,tháng chín,9,
vi_thua_so,927996903636,food,口味,"双汇【玉米热狗肠】32g*5支,双汇【香辣香脆肠】32g*5支,双汇【随机混合味】32g*10支,双","Shuanghui [Xúc xích chó ngô] 32g*5 miếng, Shuanghui [Xúc xích giòn cay] 32g*5 miếng, Shuanghui [Hương vị hỗn hợp ngẫu nhiên] 32g*10 miếng, Shuanghui [Hương vị hỗn hợp ngẫu nhiên] 32g*10 miếng",5 5 10 32 32 32,5 5 10 10 32 32 32 32
vi_thieu_so,922762856433,food,保质期,5月,tháng năm,5,
vi_thua_so,763701720238,food,包装规格,"【量贩轻奢】-5袋芝麻味, 【健康干粮】-10袋芝麻味, 【简餐轻食】-20袋芝麻味, 【户外专享】-30袋芝麻味, 【快乐分享】-40袋芝麻味, 【抗疫储粮】-50袋芝麻味, 【量贩轻奢】-5袋花生味, 【健康干粮】-10袋花生味, 【简餐轻食】-20袋花生味, 【户外专享】-30袋花生味, 【快乐分享】-40袋花生味, 【抗疫储粮】-50袋花生味, 【量贩轻奢】-5袋葱油味, 【健康干粮】-10袋葱油味, 【简餐轻食】-20袋葱油味, 【户外专享】-30袋葱油味, 【快乐分享】-40袋葱油味","[Số lượng bán hàng sang trọng]-5 túi vị mè, 【Thức ăn khô tốt cho sức khỏe】-10 túi vị mè, [Bữa ăn nhẹ]-20 túi vị mè, 【Độc quyền ngoài trời】-30 túi vị mè, [Chia Sẻ Niềm Vui] - 40 túi hương mè, [Bảo quản thực phẩm chống dịch bệnh]-50 túi vị mè, [Bán hàn",5 5 5 5 5 5 5 10 10 10 10 10 10 10 20 20 20 20 20 20 20 30 30 30 30 30 30 30 40 40 40 40 40 40 40 50 50 50 50 50 50 50,5 5 5 5 5 5 5 10 10 10 10 10 10 10 19 20 20 20 20 20 20 20 30 30 30 30 30 30 30 40 40 40 40 40 40 40 50 50 50 50 50 50 50
khac_so,715158151247,food,生产许可证编号,SC10835068106988,Sc1035068106988,1.08351e+13,1.03507e+12
khac_so,824463554193,food,生产日期,2025年010月01日 至 2025年11月10日,Ngày 1 tháng 1 năm 2025 đến ngày 10 tháng 11 năm 2025,1 10 10 11 2025 2025,1 1 10 11 2025 2025
vi_thua_so,610143680523,food,包装规格,"500大红袍茶头8号【茶饮原料】, 500克浓香大红袍11号【电商款茶饮原料】, 500克浓香大红袍13号【电商实体茶饮原料】, 500克韵香大红袍13号【电商款茶饮原料】, 500克清香大红袍15号【电商实体茶饮原料】, 500克大红袍浓香水仙15号【电商款茶饮原料】, 500克大红袍清香奇兰19号【电商实体茶饮原料】, 500克浓香水仙大红袍19号【电商款茶饮原料】, 500克大红袍清香肉桂20号【电商款茶饮原料】, 500克大红袍韵香武夷岩茶22号【茶饮原料】, 500克浓香耐冲大红袍24","500 Đầu Trà Đại Hồng Bào Số 8 [Thành phần trà], 500g trà Đại Hồng Bào số 11 hương vị đậm đà [Nguyên liệu trà pha chế cho thương mại điện tử], 500g trà Đại Hồng Bào số 13 hương vị đậm đà [Nguyên liệu trà pha chế trực tiếp cho e-commerce], 500g Yunxian",8 11 13 13 15 15 16 19 19 20 22 24 25 26 26 28 30 30 32 35 38 40 42 45 46 48 48 50 56 60 62 65 70 75 80 80 95 100 105 105 105 105 112 125 130 135 140 155 160 165 180 185 200 200 240 250 260 280 300 305 350 350 380 400 500 500 500 500 500 500 500 500 500 500 500 500 500 500 500 500 500 500 500 500 500 500 500 500 500 500 500 500 500 500 500 500 500 500 500 500 500 500 500 500 500 500 500 500 500 500 500 500 500 500 500 500 500 500 500 500 500 500 600 800,0.5 0.5 8 11 13 13 15 15 16 19 19 20 22 24 25 26 26 28 30 30 32 35 38 40 42 45 46 48 48 50 56 60 62 65 70 75 80 80 95 100 105 105 105 105 112 125 130 135 140 155 160 165 180 185 200 200 240 250 260 280 300 305 350 350 380 400 500 500 500 500 500 500 500 500 500 500 500 500 500 500 500 500 500 500 500 500 500 500 500 500 500 500 500 500 500 500 500 500 500 500 500 500 500 500 500 500 500 500 500 500 500 500 500 500 500 500 500 500 500 500 500 500 500 500 600 800
khac_so,575397323629,food,生产日期,2026年04月10日至26年06月4日,Ngày 10 tháng 4 năm 2026 đến ngày 4 tháng 6 năm 2026,4 4 6 10 26 2026,4 4 6 10 2026 2026
vi_thua_so,806967033262,food,包装规格,"纸包2017年金花茯砖茶坨100克, 纸包2014年金花千两茶坨100克, 2017年金花茯砖茶坨100克, 2017年金花荷香茯砖茶坨100克, 2014年金花千两茶坨100克, 2017年天尖散茶100克","Trà bánh gạch Fu hoa vàng 2017 bọc giấy, 100g, Bánh Trà Hoa Vàng 2014 0kg Bọc Giấy 100g, Trà bánh gạch hoa vàng Fu 2017 100g, Trà Bánh Gạch Hoa Sen Vàng Ngát Hương 2017, 100g, Bánh Trà Hoa Vàng 0kg 2014 100g, Trà rời Tianjian 2017 100g",100 100 100 100 100 100 2014 2014 2017 2017 2017 2017,0 0 100 100 100 100 100 100 2014 2014 2017 2017 2017 2017
vi_thua_so,760128144692,food,货号,鸿运当头十大名茶无茶具,Top 10 loại trà nổi tiếng không có bộ trà1,,1 10
vi_thua_so,520366936160,food,包装规格,"FN5春尾黄金芽2026年新茶——黄亮浓奶香黄金芽口粮茶, CW5雨前春黄金芽2026年新茶——高性价比黄亮浓奶香黄金芽口粮茶, BBB肥春黄金芽2026年新茶高性价比黄亮浓香耐泡黄金芽口粮茶, ES5春小芽黄金芽2026年新茶浓奶香黄亮浓香耐泡款, EEE小芽春黄金芽2026年新茶高性价比黄亮浓香耐泡黄金芽口粮茶, ES6肥春浓香肥黄金芽2026年新茶浓奶香黄亮浓香耐泡款, FFF小芽春黄金芽2026年新茶——高性价比浓香耐泡黄金芽口粮茶, MMM小芽春黄金芽2026年新茶—高性价比浓香耐泡黄","ES6肥春浓香肥黄金芽2026年新茶浓奶香黄亮浓香耐泡款, FN5 Spring Tail Golden Bud 2026 Trà mới - Hương sữa mạnh mẽ màu vàng tươi Trà tỷ lệ nụ vàng, CW5 Yuqian Spring Golden Bud 2026 New Tea - Trà tỷ lệ nụ vàng hương sữa dày sáng màu vàng tiết kiệm chi phí, BBB Fat Spring Gol",1 1 1 2 2 3 3 4 5 5 5 5 5 5 6 7 10 12 13 15 2026 2026 2026 2026 2026 2026 2026 2026 2026 2026 2026 2026 2026 2026 2026 2026 2026 2026 2026 2026 2026 2026 2026 2026 2026,0.05 0.05 1 1 1 2 2 3 3 4 5 5 5 5 5 5 6 7 10 12 13 15 2026 2026 2026 2026 2026 2026 2026 2026 2026 2026 2026 2026 2026 2026 2026 2026 2026 2026 2026 2026 2026 2026 2026 2026 2026
vi_thua_so,852712052372,food,货号,三斤三大茗茶牛皮袋大份量,1.6kg Phần lớn túi da bò trà lớn,,1.6
vi_thieu_so,999925684632,food,包装规格,"茗香正山小种250g, 茗香金骏眉250g, 茗香大红袍250g, 茗香铁观音250g, 【岩韵新款】18罐大红袍, 【茗香】茉莉花茶250g, 【茗香】金奖肉桂250g, 【黑檀木】大红袍250g, 【黑檀木】金骏眉250g, 【黑檀木】正山小种250g, 【黑檀木18罐】正岩肉桂, 【黑檀木30罐】大红袍150g","Mingxiang Lapsang Souchong 250g, Mingxiang Jinjunmei 250g, Mingxiang Dahongpao 250g, Mingxiang Thiêng Quan Âm 250g, [Yanyun New Style] 18 lon Dahongpao, [Mingxiang] Trà hoa nhài 250g, [Mingxiang] CinnamomumC, [Gỗ mun] Đahongpao 250g, [Gỗ mun] Jin Jun",18 18 30 150 250 250 250 250 250 250 250 250 250,18 18 30 150 250 250 250 250 250 250 250 250
vi_thua_so,677104583886,food,包装规格,"130元一斤, 150元一斤, 200元一斤, 240元一斤, 260元一斤, 300元一斤, 350元一斤, 430元一斤, 480元一斤, 550元一斤, 600元一斤, 700元一斤, 800元一斤","130 nhân dân tệ 0.5kg, 150 nhân dân tệ 0.5kg, 200 nhân dân tệ 0.5kg, 240 nhân dân tệ 0.5kg, 260 nhân dân tệ 0.5kg, 300 nhân dân tệ 0.5kg, 350 nhân dân tệ 0.5kg, 430 nhân dân tệ 0.5kg, 480 nhân dân tệ 0.5kg, 550 nhân dân tệ 0.5kg, 600 nhân dân tệ 0.5k",130 150 200 240 260 300 350 430 480 550 600 700 800,0.5 0.5 0.5 0.5 0.5 0.5 0.5 0.5 0.5 0.5 0.5 0.5 0.5 130 150 200 240 260 300 350 430 480 550 600 700 800
khac_so,811678586263,food,生产许可证编号,SC11434160333975,Sc1143416033975,1.14342e+13,1.14342e+12
vi_thua_so,591418435904,food,包装规格,"焖煮枣香 2015年老白茶饼10g茶样主推款 单价95元/饼, 2026年头采白毫银针1#散茶10g茶样 主推款 单价650元/斤, 2026年精制白毫银针2#散茶10g茶样 单价600元/斤, 2026年白毫银针3#散茶10g茶样 单价390元/斤, 2026年荒野特级白牡丹散茶10g茶样 单价300元/斤, 2026年一级白牡丹散茶10g茶样 单价180元/斤, 花香甘醇2022年白牡丹饼10g茶样 主推款 单价85元/饼, Yao香 2008年老白茶饼10g茶样 单价380元/饼, 202","Trầm hương táo tàu 2015 bánh trà trắng cũ 10g mẫu trà khuyến nghị chính đơn giá 95 nhân dân tệ/bánh, Mẫu trà rời Pekoe Silver Needle 1# tuyển chọn đầu tiên năm 2026, 10g, sản phẩm được ưu tiên giới thiệu, giá gốc 650 tệ/500g., 2026 Kim bạc Pekoe tinh",1 2 2 2 2 2 2 2 2 2 3 3 6 6 10 10 10 10 10 10 10 10 10 10 10 10 10 10 10 10 10 10 10 10 10 10 10 10 10 10 10 10 10 10 10 10 10 10 10 10 10 10 10 10 10 10 10 10 10 10 30 30 42 56 62 62 75 80 80 80 85 88 90 95 102 125 128 130 135 139 145 155 160 165 180 180 180 180 188 188 220 235 255 300 350 360 380 390 450 580 600 650 660 700 730 830 850 880 960 1020 1300 1300 1500 2005 2008 2009 2010 2013 2013 2014 2015 2015 2016 2016 2016 2016 2016 2016 2017 2017 2017 2017 2018 2018 2019 2019 2019 2020 2020 2020 2020 2022 2022 2022 2022 2022 2022 2023 2023 2023 2023 2023 2023 2024 2024 2024 2024 2024 2025 2025 2025 2025 2026 2026 2026 2026 2026 3300,1 1 1 1.1 2 2 2 2 2 2 2 2 2 3 3 6 6 10 10 10 10 10 10 10 10 10 10 10 10 10 10 10 10 10 10 10 10 10 10 10 10 10 10 10 10 10 10 10 10 10 10 10 10 10 10 10 10 10 10 10 10 10 10 30 30 42 56 62 62 75 80 80 80 85 88 90 95 102 125 128 130 135 139 145 155 160 165 180 180 180 180 188 188 220 235 255 300 350 360 380 390 450 500 500 500 500 500 500 580 600 650 660 700 730 830 850 880 960 1020 1300 1300 1500 2005 2008 2009 2010 2013 2013 2014 2015 2015 2016 2016 2016 2016 2016 2016 2017 2017 2017 2017 2018 2018 2019 2019 2019 2020 2020 2020 2020 2022 2022 2022 2022 2022 2022 2023 2023 2023 2023 2023 2023 2024 2024 2024 2024 2024 2025 2025 2025 2025 2026 2026 2026 2026 2026 3300
vi_thieu_so,1012080880159,food,包装规格,黑糖姜枣茶【1盒共10包1小包15g】1盒150g,"Trà gừng táo tàu đường đen [1 hộp gồm 10 gói, mỗi gói nhỏ 15g] 1 hộp 150g",1 1 1 10 15 150,1 1 10 15 150
vi_thieu_so,998503508887,food,包装规格,"（升级版）沙苑子菟丝子七宝茶30包, （升级版）沙苑子菟丝子七宝茶60包, （升级版）沙苑子菟丝子七宝茶90包, （升级版）沙苑子菟丝子七宝茶120包, （低配版）沙苑子菟丝子五宝茶15包, 26味顶配珍材【25包】经典蓄力, 26味顶配珍材【50包】 且长且硬（赠送精品鲜人参1支）, 26味顶配珍材【100包】直到天亮（赠送精品鲜人参3支）","(Phiên bản nâng cấp) Trà bảy kho báu Shayuanzi Cuscuta 30 túi, (Phiên bản nâng cấp) Trà bảy kho báu Shayuanzi Cuscuta 60 túi, (Phiên bản nâng cấp) Shayuanzi Cuscuta Seven Treasures Tea 90 túi, (Phiên bản nâng cấp) Trà Shayuanzi Cuscuta Qibao 120 túi,",1 3 15 25 26 26 26 30 50 60 90 100 120,3 15 25 26 26 26 30 50 60 90 100 120
vi_thua_so,642113322682,food,香型,.,.1,,1
vi_thua_so,642113322682,food,加工工艺,.,.2,,2
vi_thua_so,642113322682,food,茶叶形态,.,.3,,3
khac_so,856150145028,food,包装规格,"经典5味套装（糯香熟/陈香熟/生普/红茶/白茶）, 一次喝遍云南茶8味组合（大部分人的首选)）, 糯香普洱熟茶5柱（爆款年销售10W+）, 糯香普洱熟茶（内分独立小饼）, 9味药食同源（内分独立小饼）, 糯香普洱熟茶+布袋（内分独立小饼）, 普洱故熟茶（内分独立小饼）, 陈皮普洱熟茶（内分独立小饼）, 昔归生茶（内分独立小饼）, 陈皮白茶（内分独立小饼）, 月夜美人白茶（内分独立小饼）, 景迈蜜韵白茶（内分独立小饼）, 晒红茶 红茶（内分独立小饼）, 玫瑰普洱熟茶（内分独立小饼）, 菊花普洱熟茶","Bộ 5 vị cổ điển (nấu nếp/nấu chín/thô Pu/Trà đỏ/Trà trắng), Sự kết hợp của 8 hương vị trà Vân Nam trong một thức uống (sự lựa chọn hàng đầu của hầu hết mọi người)), 5 cột trà chín Xiang Pu'er (mẫu nóng với doanh số hàng năm trên 100.000+), Trà Pu'er ",5 5 8 9 10 10,5 5 8 9 10 100000
vi_thieu_so,1059323301982,food,包装规格,"玫瑰乌龙茶每1小包3g【发20包】, 玫瑰乌龙茶每1小包3g【发30包】, 玫瑰乌龙茶每1小包3g【发50包】","Trà ô long hoa hồng, mỗi gói nhỏ 3g [Giao 20 gói], Trà ô long hoa hồng, mỗi gói nhỏ 3g [Giao 30 gói], Trà ô long hoa hồng, mỗi gói nhỏ 3g [Giao 50 gói]",1 1 1 3 3 3 20 30 50,3 3 3 20 30 50
vi_thua_so,821788563621,food,包装规格,"26年明前580（大佛黄版 一芽一叶豆香浓郁）, 26年明前480（一芽一两叶初展）, 26年明前380（香气浓郁滋味足）, 26年明前320（香气持久耐泡）, 26年明前240（性价比礼品款）, 26年明前180（实体店走量款）, 26年雨前140（店主强推款）, 雨前100（企业招待个人自用）, 雨后80（福利采购电商跑量）, 龙3（防暑降温福利茶）, 龙4（清香甘甜）, 龙5（奶茶基地调饮原料）, 龙6（大货常年供应）","26 năm nhà Minh 580 (Bản Phật vàng, hương đậu đậm đà một nụ một lá), Mingqian 480, 26 tuổi (một chồi 0.05kg lá mở đầu tiên), 26 năm Mingqian 380 (hương thơm đậm đà và hương vị đậm đà), 26 năm Mingqian 320 (mùi thơm lâu và bong bóng bền), 26 năm Mingq",3 4 5 6 26 26 26 26 26 26 26 80 100 140 180 240 320 380 480 580,0.05 3 4 5 6 26 26 26 26 26 26 26 80 100 140 180 240 320 380 480 580
vi_thieu_so,945722451617,food,包装规格,"冰岛白茶 1个, 白月光 1个, 布朗山熟茶 1个, 凤庆晒红 1个, 班章生茶 1个, 刺梨红茶 1个, 茶花白茶1个, 茉莉青饼 1个, 柠檬红茶1个, 青柑普洱 1个, 雨林孔雀生茶 1个, 桂花红茶 1个, 薄荷白茶1个, 玫瑰红茶 1个, 冰岛甜生普 1个 【8克/袋】, 古树晒红 1个 【7克/袋】, 玫瑰熟茶 1个 【7克/片】, 月光白 老白茶 【7克/片】, 古树晒红龙珠 1个, 班章龙珠 1个, 冰岛熟普龙珠 1个, 森林白茶龙珠 1个","Trà trắng Iceland 1 miếng, Ánh trăng trắng 1, Trà chín núi nâu 1 miếng, Fengqing mặt trời đỏ 1 cái, Trà thô Banzhang 1 miếng, Trà đen lựu gai - Đơn, Trà Trắng Camellia, Một Phần, Bánh Trà Xanh Jasmine - Lẻ, 1 tách trà đen chanh, Tàu Hỏa Xanh Mandarin",1 1 1 1 1 1 1 1 1 1 1 1 1 1 1 1 1 1 1 1 1 7 7 7 8,1 1 1 1 1 1 1 1 1 1 1 1 1 1 7 7 7 8
vi_thua_so,588619814189,food,包装规格,"新明乡捏尖半斤送铁罐（核心产区，栀子花香）, 新明乡捏尖一斤送铁罐（核心产区，栀子花香）, 捏尖特级半斤送铁罐（芽嫩显毫，兰香浓郁）, 捏尖特级一斤送铁罐（芽嫩显毫，兰香浓郁）, 捏尖一级半斤送铁罐（条索挺秀，滋味醇厚）, 捏尖一级一斤送铁罐（条索挺秀，滋味醇厚）, 捏尖二级半斤送铁罐（实体店主推性价比款）, 捏尖二级一斤送铁罐（实体店主推性价比款）, 捏尖三级一斤装（口粮茶浓郁耐泡）, 捏尖四号一斤装（企业招待用茶）, 捏尖五号一斤装（电商走量款）, 布尖一级半斤送铁罐（芽嫩显毫，条索匀整）,","Xinmingxiang véo nửa cân và lấy một lon (khu vực sản xuất cốt lõi, hương hoa dành dành), Xinmingxiang Nianjian 0.5kg đi kèm hộp sắt (khu vực sản xuất lõi, hương hoa dành dành)., Bóp đầu nửa catty loại đặc biệt rồi cho vào lon sắt (nụ non và hương lan",,0.5 0.5 0.5 0.5 0.5 0.5 0.5 0.5 0.5 0.5 0.5 0.5 2 2 4 5
khac_so,996491955953,food,包装规格,"一号红茶（整件拿货15元每斤，46斤/箱）货号1016, 金骏眉 (整件拿货24.5元每斤，45斤/箱）货号1086, 桂圆香金骏眉 货号1566, 银骏眉 货号1096, 浓香金骏眉（五斤起每斤52元）货号1556, 统芽B金骏眉（五斤起每斤78元）货号1546","Trà đen số 1 (15 tệ mỗi catty cho cả miếng, 23kg / hộp) mã số 1016, Jin Junmei (toàn bộ là 24,5 nhân dân tệ mỗi catty, 22.5kg / hộp) số mặt hàng 1086, Hương Thơm Long Tinh Junmei Mã Số 1566, Yinjunmei Mã số 1096, Jinjunmei có hương vị đậm đà (52 nhân",15 24.5 45 46 52 78 1016 1086 1096 1546 1556 1566,1 2.5 2.5 15 22.5 23 24.5 52 78 1016 1086 1096 1546 1556 1566
vi_thieu_so,736235937709,food,生产日期,2026年6月,tháng sáu năm 2026,6 2026,2026
vi_thua_so,40233041945,food,包装规格,"鸭屎香茶头250克, 鸭屎香二选, 蜜兰香, 鸭屎香, 鸭屎香蜜兰香, 清香鸭屎香, 浓香单丛, 鸭屎香B, 中火清香单丛, 蜜兰香C, 清香玉兰香, 浓香蜜桃香, 浓香八仙鸭屎香, 清香乌叶, 清香鸭屎香D, 浓香型蜜兰香, 轻火浓香乌叶, 浓香蜜兰香, 轻火浓香鸭屎香, 浓香蜜兰香1号, 韵香型鸭屎香, 中山熟香蜜兰香, 中山清香鸭屎香, 浓香桃仁香, 抽湿A级, 中山花香清香鸭屎香, 高山熟香赤叶, 锯朵仔凹富后, 中山高香清香鸭屎香, 抽湿AA级, 乌岽韵香宋种赤叶蜜兰, 韵香鸭屎香, ","Đầu trà thơm cứt vịt 250g, Hai lựa chọn hương thơm phân vịt, Phong lan mật ong, hương thơm phân vịt, Thược dược mật ong vịt, Hương thơm mùi phân vịt thơm, Hương thơm mạnh mẽ cụm đơn, Phân vịt thơm B, Hương thơm lửa trung bình cụm đơn, Mật lan hương C",1 2 3 4 250,0.5 0.5 1 2 3 4 250
vi_thua_so,830122356318,food,包装规格,"500克单丛宋种（潮州礼盒）, 蜜兰香7号500g罐装14E001, 蜜兰香500g罐装（秀二）, 清香大乌叶500g(好彩头铝膜袋礼盒装）, 特级东方红500g(潮州礼盒装）, 特级兰花香250g潮州印象礼盒（红）礼盒装, 凤凰春蜜兰500g洁春-闲来食茶-橙色, 高山春茶兄弟仔500g罐装2X-019, 高山鸭屎香250g+老枞蜜兰香250g, 罐装500g雪片白叶蜜兰香 163罐, 锯朵仔500g罐装（茗友集罐）, 一斤罐装凹富后14E004, 宋种一号500g洁罐装TC002, 宋种二号","500g cụm đơn loài Song (Hộp quà Triều Châu), Honey Orchid No. 7 500g đóng hộp 14E001, Dâu tây hun khói 500g (Xiuer), Trà Đen Lá Lớn Hương Thơm 500g (Hộp Quà Nhôm May Mắn), Trà Đỏ Phương Đông Cao Cấp 500g (Hộp Quà Triều Châu), Hộp Quà Tặng ấn tượng Ch",1 2 2 2 2 4 7 14 14 19 163 250 250 250 500 500 500 500 500 500 500 500 500 500 500 500,0.5 1 1 2 2 2 2 2 3 4 7 14 14 19 163 250 250 250 500 500 500 500 500 500 500 500 500 500 500 500
vi_thua_so,1013515300092,food,包装规格,"十五年陈老窖藏臻品【老茶友挚爱】, 2006年樟香老熟普【广东茶友挚爱】, 宫廷普洱（普通款）, 宫廷普洱, 一级普洱, 易武 3 号【经典均衡，甜润入心】, 易武 5号【醇厚有力，越陈越香】, 金针普洱, 金芽普洱, 勐海布朗山宫廷【自饮推荐】, 勐海布朗山金针【自饮推荐】, 勐海布朗山 1号【自饮推荐】, 勐海布朗山3号【自饮推荐】, 布朗山 5号【绵滑●醇厚●耐泡】","勐海布朗山金针【自饮推荐】, Trân phẩm ủ 15 năm tại hầm rượu cổ [Được những người bạn trà lâu năm yêu thích], Phổ Nhĩ hương long não lâu năm 2006 [Được những người yêu trà Quảng Đông yêu thích], Phổ Nhĩ cung đình (loại thông thường), Phổ Nhĩ cung đình, Phổ Nhĩ cấp",1 3 3 5 5 2006,1 1 3 3 5 5 15 2006
vi_thua_so,650267667590,food,包装规格,"茉莉花茶花香白芽小泡礼盒装66号, 安溪清香铁观音小泡礼盒装66号, 武夷山花香正山小种小泡礼盒装66号, 福鼎老白茶寿眉小泡礼盒装66号, 武夷山果香英红九号小泡礼盒装66号, 武夷山蜜香金骏眉小泡礼盒装68号, 板栗香毛尖绿茶小泡礼盒装70号, 绿豆香碧螺春绿茶小泡礼盒装70号, 福鼎老白茶白牡丹小泡礼盒装70号, 福鼎老白茶月光白毫银针小泡礼盒装139号, 凤凰高山乌岽老枞鸭屎香礼盒装300号, 凤凰高山乌岽小宋种礼盒装300号, 凤凰高山乌岽老枞杏仁香小泡礼盒装420号, 凤凰高山乌岽老","茉莉花茶花香白芽小泡礼盒装66号, 安溪清香铁观音小泡礼盒装66号, 武夷山花香正山小种小泡礼盒装66号, 福鼎老白茶寿眉小泡礼盒装66号, 武夷山果香英红九号小泡礼盒装66号, 武夷山蜜香金骏眉小泡礼盒装68号, 板栗香毛尖绿茶小泡礼盒装70号, 绿豆香碧螺春绿茶小泡礼盒装70号, 福鼎老白茶白牡丹小泡礼盒装70号, 福鼎老白茶月光白毫银针小泡礼盒装139号, 凤凰高山乌岽老枞鸭屎香礼盒装300号, 凤凰高山乌岽小宋种礼盒装300号, 凤凰高山乌岽老枞杏仁香小泡礼盒装420号, 凤凰高山乌岽老",16 16 36 40 55 65 66 66 66 66 66 68 70 70 70 80 80 80 100 120 138 139 158 180 182 200 228 268 300 300 300 420 620 800,0.5 0.5 0.5 0.5 0.5 0.5 0.5 0.5 0.5 0.5 0.5 0.5 16 16 36 40 55 65 66 66 66 66 66 68 70 70 70 80 80 80 100 120 138 139 158 180 182 200 228 268 300 300 300 420 620 800
vi_thua_so,641510771572,food,包装规格,"A2毛峰2026年新茶——高性价比浓兰香绿嫩耐泡一芽一两叶毛峰, A3毛峰——2026年新茶特香绿一芽一两叶浓兰香毛峰, A4毛峰——2026年新茶高山特绿小一芽一两叶浓兰香高回甘毛峰, YQM5小芽毛峰2026年新茶—— 雨前特绿浓兰香肥嫩一芽一两叶毛峰, YQM6小芽毛峰2026年新茶—— 雨前特绿浓兰香肥嫩一芽一两叶毛峰, FYM1肥芽毛峰2026年新茶——高山特绿肥米芽特浓兰香毛峰, FYM2肥芽毛峰2026年新茶——高山特绿肥米芽特浓兰香毛峰, FYM5肥芽毛峰2026年新茶——高山特","Trà Maofeng A2 2026 mới - trà xanh hương lan mạnh mẽ, tiết kiệm chi phí, non và có khả năng pha chế, một nụ và 0.05kg lá Maofeng, A3 Maofeng - Trà Maofeng mới 2026, loại trà xanh một búp đặc biệt, hương thơm lan mạnh mẽ 0.05kg., A4 Maofeng - 2026 trà",0 1 1 2 2 2 3 4 5 5 6 2026 2026 2026 2026 2026 2026 2026 2026 2026 2026 2026,0 0.05 0.05 0.05 0.05 0.05 1 1 2 2 2 3 4 5 5 6 2026 2026 2026 2026 2026 2026 2026 2026 2026 2026 2026
vi_thieu_so,1080076309265,food,冲泡方式,1. 取 1 包代用茶，放入杯中 2. 倒入 200‑300ml 沸水，85‑100℃最佳 3. 加,"1. Lấy 1 gói trà thay thế, cho vào cốc. Đổ 200‑300ml nước sôi, 85‑100 ℃ Tuyệt vời nhất 3. Thêm",1 1 2 3 85 100 200 300,1 1 3 85 100 200 300
vi_thua_so,761309399789,food,产品标准号,.,.1,,1
vi_thua_so,761309399789,food,货号,.,.2,,2
vi_thieu_so,1056227859135,home,尺寸,1个装系列【高品质加厚3MM-抗摔抗氧化】,"Bộ sản phẩm gồm một món [Chất lượng cao, độ dày 3mm – chống va đập và chống oxy hóa].",1 3,3
khac_so,992089860645,home,货号,B020101055/B020101230,B 020 101 055/B 020 101 230,2.01011e+07 2.01012e+07,20 20 55 101 101 230
khac_so,1014957116308,home,毛重,0.007,0.007,0.007,7
vi_thua_so,1068543321683,home,规格,16cm*11cm*5cm,16CM*11CM*5CM (16CM*11CM*5CM),5 11 16,5 5 11 11 16 16
khac_so,1063895686474,home,容量,0.005,0.005,0.005,5
khac_so,747025981561,home,颜色,"耳塞盒3.5*3.5*1.7CM, 小锁扣6.7*4.9*2.3CM, 粉扑盒11.5*9.2*2.7CM, 四方盒4.5*4.5*1.9CM, 四方盒5.5*5.5*2CM, 四方盒6.5*6.5*2CM, 四方盒7.5*7.5*2.6CM, 四方盒8.5*8.5*2.5CM, 四方盒9.5*9.5*2.8CM, 10.5方盒10.5*10.5*3CM, 11.5方盒11.5*11.5*3.6CM, 中锁扣9*6.5*3CM, A38G空盒17.3*10*2.3, 小长PP12.4*6.5*2","Hộp nhét tai 3.5*3.5*1.7cm, Khóa nhỏ 6.7*4.9*2.3cm, Hộp phấn 11,5*9.2*2.7cm, Hộp vuông 4.5*4.5*1.9cm, Hộp vuông 5.5*5.5*2cm, Hộp vuông 6.5*6.5*2cm, Hộp vuông 7.5*7.5*2.6cm, Hộp vuông 8.5*8.5*2.5CM, Hộp vuông 9.5*9.5*2.8cm, 10,5 hộp vuông 10,5*10,5*3c",1 1 1 1 1 1 1 1.2 1.25 1.3 1.3 1.3 1.3 1.4 1.4 1.4 1.4 1.4 1.5 1.5 1.5 1.5 1.5 1.5 1.5 1.5 1.5 1.5 1.5 1.5 1.5 1.5 1.5 1.5 1.5 1.5 1.5 1.5 1.5 1.5 1.5 1.5 1.5 1.5 1.5 1.5 1.5 1.5 1.5 1.5 1.5 1.5 1.5 1.5 1.5 1.5 1.5 1.5 1.6 1.6 1.6 1.6 1.6 1.7 1.7 1.7 1.7 1.7 1.7 1.7 1.7 1.7 1.7 1.7 1.7 1.7 1.7 1.7 1.7 1.7 1.7 1.7 1.7 1.8 1.8 1.8 1.8 1.8 1.8 1.8 1.8 1.8 1.8 1.8 1.8 1.9 1.9 1.9 1.9 2 2 2 2 2 2 2 2 2 2 2 2 2 2.1 2.2 2.2 2.2 2.2 2.2 2.2 2.3 2.3 2.3 2.4 2.4 2.4 2.5 2.5 2.5 2.5 2.5 2.5 2.6 2.6 2.6 2.7 2.7 2.7 2.7 2.8 2.8 2.8 2.8 3 3 3 3 3 3 3 3 3 3 3 3 3 3 3 3 3.1 3.1 3.1 3.1 3.1 3.1 3.2 3.2 3.3 3.3 3.3 3.3 3.3 3.4 3.4 3.4 3.4 3.4 3.4 3.5 3.5 3.5 3.5 3.5 3.5 3.5 3.5 3.5 3.5 3.6 3.6 3.6 3.8 3.8 3.8 3.8 4 4 4 4 4 4 4 4.2 4.2 4.2 4.2 4.3 4.4 4.5 4.5 4.5 4.5 4.5 4.5 4.5 4.5 4.5 4.5 4.5 4.5 4.5 4.6 4.6 4.6 4.6 4.6 4.7 4.7 4.7 4.8 4.9 5 5 5 5 5 5 5.1 5.1 5.1 5.1 5.2 5.2 5.2 5.2 5.3 5.4 5.4 5.4 5.5 5.5 5.5 5.5 5.5 5.5 5.5 5.5 5.5 5.5 5.5 5.5 5.5 5.5 5.5 5.5 5.5 5.5 5.5 5.6 5.6 5.7 5.7 5.7 5.7 5.8 5.8 6 6 6 6 6 6 6 6 6 6 6 6 6.1 6.1 6.1 6.2 6.2 6.2 6.3 6.3 6.4 6.4 6.5 6.5 6.5 6.5 6.5 6.5 6.5 6.5 6.5 6.5 6.5 6.5 6.5 6.5 6.5 6.5 6.5 6.5 6.5 6.5 6.5 6.5 6.5 6.5 6.5 6.7 6.7 6.8 6.8 6.9 6.9 6.9 6.9 7 7 7 7 7 7 7.1 7.2 7.2 7.2 7.2 7.2 7.2 7.5 7.5 7.5 7.5 7.5 7.5 7.5 7.5 7.5 7.5 7.5 7.5 7.5 7.5 7.7 7.7 7.7 7.8 7.8 7.9 7.9 8 8 8 8 8 8 8 8 8 8 8 8.1 8.3 8.3 8.4 8.4 8.4 8.4 8.5 8.5 8.5 8.5 8.5 8.5 8.5 8.5 8.5 8.5 8.5 8.5 8.5 8.5 8.5 8.5 8.5 8.5 8.5 8.7 8.7 8.8 8.8 8.9 9 9 9 9 9 9 9 9 9.1 9.1 9.2 9.2 9.2 9.5 9.5 9.5 9.5 9.5 9.5 9.5 9.5 9.5 9.5 9.5 9.7 9.8 9.8 9.9 9.9 10 10 10 10 10 10 10 10 10.1 10.2 10.3 10.5 10.5 10.5 10.5 10.5 10.5 10.5 10.5 10.5 10.5 10.5 10.5 10.5 10.5 10.7 10.7 10.7 10.8 10.8 10.9 11 11 11 11 11 11 11 11 11.1 11.2 11.3 11.5 11.5 11.5 11.5 11.5 11.5 11.5 11.5 11.5 11.5 11.5 11.6 11.7 11.8 11.8 11.8 11.8 11.8 11.9 12 12 12 12 12.4 12.5 12.5 12.5 12.5 12.5 12.5 12.5 12.5 12.5 12.5 12.5 12.5 12.5 12.5 12.5 12.6 12.6 12.6 12.7 12.7 12.8 12.8 13 13 13 13 13 13.2 13.2 13.2 13.2 13.2 13.2 13.3 13.3 13.5 13.5 13.5 13.5 13.5 13.5 13.5 13.5 13.6 13.7 13.7 13.7 13.8 14 14 14.2 14.3 14.4 14.4 14.5 14.5 14.5 14.5 14.5 14.5 14.5 14.5 14.5 14.5 14.5 14.6 14.7 14.8 14.8 14.8 14.8 14.9 15 15 15 15.2 15.4 15.5 15.5 15.5 15.5 15.5 15.5 15.5 15.5 15.5 15.5 15.5 15.5 15.5 15.6 15.6 15.9 16 16 16 16 16 16.2 16.4 16.4 16.4 16.4 16.4 16.5 16.5 16.5 16.5 16.5 17 17.1 17.1 17.2 17.2 17.3 17.4 17.4 17.5 17.5 17.5 17.5 17.5 17.7 18 18 18 18 18 18.1 18.2 18.3 18.4 18.4 18.5 18.5 18.5 18.6 19 19 19 19 19 19 19 19 19.1 19.1 19.4 19.5 19.5 19.6 19.8 20 20 20 20 20 20.5 20.5 20.5 20.7 21 21 21.5 21.7 21.8 22 22 22 22 22.2 22.3 22.3 22.5 22.5 22.5 22.5 22.7 22.8 23 23.1 23.2 24 24 24 24 24 24 25 25 25.7 25.8 25.8 26 26 26 26.5 26.5 26.5 27.1 27.1 27.5 28 28.8 30 30.5 31.8 33 34 36 38 38 65 70 75 80 80 85 90 90 100 110 165 175 210 508 512 568 701 702 703 704 705 706 707 708 709 712 716 1265 1427 1555 1555 1565 1565 1575 1585 1595 1672 1842 1842 1950 2247 2350 2750 3055 3065 3350 3565 3575 3585 3595 5530 7060 8060 9060 9735 10519 11522 12514 12525 14514 16514 40105,1 1 1 1 1 1 1 1 1.2 1.25 1.3 1.3 1.3 1.3 1.4 1.4 1.4 1.4 1.4 1.5 1.5 1.5 1.5 1.5 1.5 1.5 1.5 1.5 1.5 1.5 1.5 1.5 1.5 1.5 1.5 1.5 1.5 1.5 1.5 1.5 1.5 1.5 1.5 1.5 1.5 1.5 1.5 1.5 1.5 1.5 1.5 1.5 1.5 1.5 1.5 1.5 1.5 1.5 1.6 1.6 1.6 1.6 1.6 1.7 1.7 1.7 1.7 1.7 1.7 1.7 1.7 1.7 1.7 1.7 1.7 1.7 1.7 1.7 1.7 1.7 1.7 1.7 1.7 1.8 1.8 1.8 1.8 1.8 1.8 1.8 1.8 1.8 1.8 1.8 1.8 1.9 1.9 1.9 1.9 2 2 2 2 2 2 2 2 2 2 2 2 2 2.1 2.2 2.2 2.2 2.2 2.2 2.2 2.3 2.3 2.3 2.4 2.4 2.4 2.5 2.5 2.5 2.5 2.5 2.5 2.6 2.6 2.6 2.7 2.7 2.7 2.7 2.8 2.8 2.8 2.8 3 3 3 3 3 3 3 3 3 3 3 3 3 3 3 3 3.1 3.1 3.1 3.1 3.1 3.1 3.2 3.2 3.3 3.3 3.3 3.3 3.3 3.4 3.4 3.4 3.4 3.4 3.4 3.5 3.5 3.5 3.5 3.5 3.5 3.5 3.5 3.5 3.5 3.6 3.6 3.6 3.8 3.8 3.8 3.8 4 4 4 4 4 4 4 4.2 4.2 4.2 4.2 4.3 4.4 4.5 4.5 4.5 4.5 4.5 4.5 4.5 4.5 4.5 4.5 4.5 4.5 4.5 4.6 4.6 4.6 4.6 4.6 4.7 4.7 4.7 4.8 4.9 5 5 5 5 5 5 5 5.1 5.1 5.1 5.1 5.2 5.2 5.2 5.2 5.3 5.4 5.4 5.4 5.5 5.5 5.5 5.5 5.5 5.5 5.5 5.5 5.5 5.5 5.5 5.5 5.5 5.5 5.5 5.5 5.5 5.5 5.5 5.6 5.6 5.7 5.7 5.7 5.7 5.8 5.8 6 6 6 6 6 6 6 6 6 6 6 6 6.1 6.1 6.1 6.2 6.2 6.2 6.3 6.3 6.4 6.4 6.5 6.5 6.5 6.5 6.5 6.5 6.5 6.5 6.5 6.5 6.5 6.5 6.5 6.5 6.5 6.5 6.5 6.5 6.5 6.5 6.5 6.5 6.5 6.5 6.5 6.7 6.7 6.8 6.8 6.9 6.9 6.9 6.9 7 7 7 7 7 7 7.1 7.2 7.2 7.2 7.2 7.2 7.2 7.5 7.5 7.5 7.5 7.5 7.5 7.5 7.5 7.5 7.5 7.5 7.5 7.5 7.5 7.7 7.7 7.7 7.8 7.8 7.9 7.9 8 8 8 8 8 8 8 8 8 8 8 8.1 8.3 8.3 8.4 8.4 8.4 8.4 8.5 8.5 8.5 8.5 8.5 8.5 8.5 8.5 8.5 8.5 8.5 8.5 8.5 8.5 8.5 8.5 8.5 8.5 8.5 8.7 8.7 8.8 8.8 8.9 9 9 9 9 9 9 9 9 9.1 9.1 9.2 9.2 9.2 9.5 9.5 9.5 9.5 9.5 9.5 9.5 9.5 9.5 9.5 9.5 9.7 9.8 9.8 9.9 9.9 10 10 10 10 10 10 10 10 10.1 10.2 10.3 10.5 10.5 10.5 10.5 10.5 10.5 10.5 10.5 10.5 10.5 10.5 10.5 10.5 10.5 10.7 10.7 10.7 10.8 10.8 10.9 11 11 11 11 11 11 11 11 11.1 11.2 11.3 11.5 11.5 11.5 11.5 11.5 11.5 11.5 11.5 11.5 11.5 11.5 11.6 11.7 11.8 11.8 11.8 11.8 11.8 11.9 12 12 12 12 12.4 12.5 12.5 12.5 12.5 12.5 12.5 12.5 12.5 12.5 12.5 12.5 12.5 12.5 12.5 12.5 12.6 12.6 12.6 12.7 12.7 12.8 12.8 13 13 13 13 13 13.2 13.2 13.2 13.2 13.2 13.2 13.3 13.3 13.5 13.5 13.5 13.5 13.5 13.5 13.5 13.5 13.6 13.7 13.7 13.7 13.8 14 14 14.2 14.3 14.4 14.4 14.5 14.5 14.5 14.5 14.5 14.5 14.5 14.5 14.5 14.5 14.5 14.6 14.7 14.8 14.8 14.8 14.8 14.9 15 15 15 15.2 15.4 15.5 15.5 15.5 15.5 15.5 15.5 15.5 15.5 15.5 15.5 15.5 15.5 15.5 15.6 15.6 15.9 16 16 16 16 16 16.2 16.4 16.4 16.4 16.4 16.4 16.5 16.5 16.5 16.5 16.5 17 17.1 17.1 17.2 17.2 17.3 17.4 17.4 17.5 17.5 17.5 17.5 17.5 17.7 18 18 18 18 18 18.1 18.2 18.3 18.4 18.4 18.5 18.5 18.5 18.6 19 19 19 19 19 19 19 19 19.1 19.1 19.4 19.5 19.5 19.6 19.8 20 20 20 20 20 20.5 20.5 20.5 20.7 21 21 21.5 21.7 21.8 22 22 22 22 22.2 22.3 22.3 22.5 22.5 22.5 22.5 22.7 22.8 23 23.1 23.2 24 24 24 24 24 24 25 25 25.7 25.8 25.8 26 26 26 26.5 26.5 26.5 27.1 27.1 27.5 28 28.8 30 30.5 31.8 33 34 36 38 38 65 70 75 80 80 85 90 90 100 110 165 175 210 508 512 568 701 702 703 704 705 706 707 708 709 712 716 1265 1427 1555 1555 1565 1565 1575 1585 1595 1672 1842 1842 1950 2247 2350 2750 3055 3065 3350 3565 3575 3585 3595 5530 7060 8060 9060 9735 10519 11522 12514 12525 14514 16514 40105
khac_so,1056699222927,home,容量,0.004,0.004,0.004,4
khac_so,787513294738,home,颜色,"运费联系客服修改, 3.5方盒3.5*3.5*1.8cm, 颜料盒小6.6*6.2*0.85cm, 20方盒20*20*1.5cm, 3555方盒5.5*5.5*3.5cm, J6.5方盒6.5*6.5*3.5cm, 3.4小方盒3.4*3.4*2.1cm, 3.5耳塞盒3.5*3.5*1.6cm, 4.5方盒4.5*4.5*1.9cm, 5.5方盒5.5*5.5*2cm, 6.5方盒6.5*6.5*2cm, 7.5方盒7.5*7.5*2.6cm, 8.5方盒8.5*8.5*2.5cm, 9.5","Vận chuyển liên hệ dịch vụ khách hàng để sửa đổi, Hộp vuông 3.5, kích thước 3.5*3.5*1.8cm, Hộp sơn nhỏ 6.6*6.2*0.85cm, 20 hộp vuông 20*20*1.5cm, Hộp vuông 3555 5,5 * 5,5 * 3,5cm, Hộp vuông J6.5 * 6.5*3.5cm, 3.4 Hộp vuông nhỏ 3.4*3.4*2.1cm, 3.5 tai ng",0.85 1.5 1.5 1.5 1.5 1.5 1.5 1.5 1.5 1.5 1.5 1.5 1.5 1.5 1.5 1.5 1.5 1.5 1.5 1.5 1.6 1.6 1.6 1.8 1.8 1.8 1.8 1.8 1.8 1.8 1.9 2 2 2.1 2.5 2.6 2.8 3 3 3 3.4 3.4 3.4 3.5 3.5 3.5 3.5 3.5 3.5 3.5 3.5 3.5 3.5 3.5 3.5 3.6 4 4.5 4.5 4.5 5.5 5.5 5.5 5.5 5.5 5.5 5.5 5.5 5.5 6.2 6.5 6.5 6.5 6.5 6.5 6.5 6.6 7.5 7.5 7.5 7.5 7.5 7.5 7.5 7.5 8.5 8.5 8.5 8.5 8.5 8.5 8.5 8.5 8.9 8.9 9.5 9.5 9.5 9.5 9.5 9.5 9.5 9.5 10.3 10.3 10.5 10.5 10.5 10.5 10.5 10.5 10.5 10.5 11 11 11 11 11.5 11.5 11.5 11.5 11.5 11.5 12 12.5 12.5 12.5 12.5 12.5 13 13.5 13.5 13.5 13.5 13.5 14 14.5 14.5 14.5 15 15 15 15.5 15.5 15.5 16 18 18 18 18.5 18.5 20 20 20 22.5 22.5 26.5 26.5 3555 5530 6530 7535 8535 9535 10540,0.85 1.5 1.5 1.5 1.5 1.5 1.5 1.5 1.5 1.5 1.5 1.5 1.5 1.5 1.5 1.5 1.5 1.5 1.5 1.5 1.5 1.6 1.6 1.6 1.8 1.8 1.8 1.8 1.8 1.8 1.8 1.9 2 2 2.1 2.5 2.6 2.8 3 3 3 3.4 3.4 3.4 3.5 3.5 3.5 3.5 3.5 3.5 3.5 3.5 3.5 3.5 3.5 3.5 3.6 4 4.5 4.5 4.5 5.5 5.5 5.5 5.5 5.5 5.5 5.5 5.5 5.5 6.2 6.5 6.5 6.5 6.5 6.5 6.6 7.5 7.5 7.5 7.5 7.5 7.5 7.5 7.5 8.5 8.5 8.5 8.5 8.5 8.5 8.5 8.5 8.9 8.9 9.5 9.5 9.5 9.5 9.5 9.5 9.5 9.5 10.3 10.3 10.5 10.5 10.5 10.5 10.5 10.5 10.5 10.5 11 11 11 11 11.5 11.5 11.5 11.5 11.5 11.5 12 12.5 12.5 12.5 12.5 12.5 13 13.5 13.5 13.5 13.5 13.5 14 14.5 14.5 14.5 15 15 15 15.5 15.5 15.5 16 18 18 18 18.5 18.5 20 20 20 22.5 22.5 26.5 26.5 3555 5530 6530 7535 8535 9535 10540
khac_so,815245422984,home,规格,"F90, F70, F80, 迷你文具盒, 小格盒, 耳塞盒3.5*3.5*1.7CM, 大28空盒, 9.5方盒9.5*9.5*2.8CM, 12.5长方盒12.5*10.2*3.3CM, 19长方盒19*13*2.2CM, 双扣空盒16.5*8.4*1.7CM, 5.5方盒5.5*5.5*1.9CM, 6.5方盒6.5*6.5*2CM, 7.5方盒7.5*7.5*2.5CM, D712空盒, 圆孔锁扣8*5.4*3CM, 24长方盒24*16*3CM, 叠加小盒5.8*5*1.3CM, 17","大28空盒, 16539长方盒, 17539长方盒, F901, F701, F801, Hộp văn phòng phẩm mini1, Hộp ca rô nhỏ1, Hộp nhét tai 3.5*3.5*1.7cm1, 9.5 hộp vuông 9.5*9.5*2.8cm1, 12.5 hộp hình chữ ngày 12.5*10.2*3.3cm1, 19 hộp hình chữ ngày 19*13*2.2cm1, Hộp rỗng hai nút 16.5*8.4*1.",1 1 1 1 1 1 1 1.2 1.25 1.3 1.4 1.5 1.5 1.5 1.5 1.5 1.5 1.5 1.5 1.5 1.5 1.5 1.5 1.5 1.6 1.7 1.7 1.7 1.7 1.7 1.7 1.7 1.7 1.7 1.7 1.7 1.7 1.7 1.7 1.7 1.7 1.8 1.8 1.8 1.8 1.8 1.8 1.9 1.9 1.9 2 2 2 2 2 2 2 2 2 2.1 2.1 2.2 2.2 2.3 2.3 2.3 2.3 2.3 2.4 2.4 2.4 2.5 2.5 2.5 2.5 2.6 2.6 2.6 2.6 2.6 2.6 2.7 2.8 2.8 2.8 2.8 2.9 3 3 3 3 3 3 3 3 3.1 3.1 3.1 3.1 3.1 3.2 3.3 3.4 3.4 3.4 3.4 3.5 3.5 3.5 3.5 3.5 3.6 4 4 4.1 4.2 4.2 4.2 4.3 4.3 4.5 4.5 4.5 4.5 4.5 4.5 4.5 4.5 4.6 4.6 4.6 4.6 4.7 4.8 4.9 4.9 5 5 5 5.1 5.2 5.2 5.2 5.2 5.2 5.4 5.4 5.5 5.5 5.5 5.5 5.5 5.5 5.7 5.8 5.8 5.8 5.8 5.8 5.8 5.8 5.9 6 6 6 6 6 6 6 6 6.1 6.1 6.2 6.3 6.4 6.4 6.4 6.5 6.5 6.5 6.5 6.5 6.5 6.5 6.5 6.5 6.7 6.8 6.8 6.8 6.9 6.9 7 7 7 7.2 7.2 7.2 7.2 7.3 7.3 7.5 7.5 7.5 7.5 7.5 7.5 7.5 7.5 7.8 7.9 8 8 8 8 8 8 8.1 8.1 8.4 8.4 8.5 8.5 8.5 8.5 8.5 8.5 8.5 8.5 8.6 8.6 8.7 8.8 9 9 9 9 9 9 9.1 9.2 9.5 9.5 9.5 9.5 9.5 9.5 9.5 9.7 9.8 9.8 9.8 9.9 10 10 10 10.1 10.2 10.3 10.5 10.5 10.5 10.5 10.5 10.5 10.5 10.5 10.5 10.7 10.8 10.8 10.8 10.8 11 11 11 11 11.1 11.2 11.3 11.4 11.5 11.5 11.5 11.5 11.5 11.5 11.5 11.6 11.7 11.7 11.7 11.7 11.7 11.9 12 12 12.4 12.5 12.5 12.5 12.5 12.5 12.5 12.5 12.5 12.6 12.6 12.8 12.8 12.9 13 13 13 13 13.2 13.3 13.3 13.5 13.5 13.5 13.6 13.7 14 14 14.3 14.3 14.5 14.5 14.5 14.5 14.5 14.5 14.5 14.6 14.6 14.7 14.8 14.8 14.8 14.9 15 15 15 15.1 15.4 15.5 15.5 15.5 15.5 15.5 15.6 15.6 15.8 15.9 16 16 16 16 16.1 16.1 16.1 16.1 16.1 16.2 16.5 16.5 16.5 16.5 17.1 17.2 17.3 17.4 17.5 17.5 17.5 17.5 18 18 18.1 18.3 18.4 18.5 18.6 18.9 19 19 19 19 19 19 19.5 19.5 19.5 19.7 20 20 20 20.5 20.8 21 21 21.5 21.8 22 22.2 22.3 22.7 23 23.1 24 24 24 24 24 25 25 25.8 26 26 26.7 27.1 27.5 28 28 29.8 30.6 32.3 34 36 38 38 70 80 90 110 210 508 512 701 702 703 704 705 706 707 708 709 712 716 1265 1672 1842 1842 1950 2350 2750 3055 3065 3350 3565 3575 3585 3595 5530 9735 12514 14514 16514 16539 17539 40105,1 1 1 1 1 1 1 1 1 1 1 1 1 1 1 1 1 1 1 1 1 1 1 1 1 1 1 1 1 1 1 1 1 1 1 1 1 1 1 1 1 1 1 1 1 1 1 1 1 1 1 1 1 1 1 1 1 1 1 1 1 1 1 1 1 1 1 1 1 1 1 1 1 1 1 1 1 1 1 1 1 1 1 1 1 1 1 1 1 1 1 1 1 1 1 1 1 1 1 1 1 1 1 1 1 1 1 1 1 1 1 1 1 1 1 1 1 1 1 1 1 1 1 1 1 1 1 1 1 1 1 1 1 1 1 1 1 1 1 1 1 1 1 1 1 1 1 1.2 1.25 1.3 1.4 1.5 1.5 1.5 1.5 1.5 1.5 1.5 1.5 1.5 1.5 1.5 1.5 1.5 1.6 1.7 1.7 1.7 1.7 1.7 1.7 1.7 1.7 1.7 1.7 1.7 1.7 1.7 1.7 1.7 1.71 1.8 1.8 1.8 1.8 1.8 1.8 1.9 1.9 1.9 2 2 2 2 2 2 2 2 2 2 2.1 2.1 2.2 2.2 2.3 2.3 2.3 2.3 2.31 2.4 2.4 2.4 2.5 2.5 2.5 2.5 2.6 2.6 2.6 2.6 2.6 2.6 2.7 2.8 2.8 2.8 2.8 2.9 3 3 3 3 3 3 3 3 3.1 3.1 3.1 3.1 3.1 3.2 3.3 3.4 3.4 3.4 3.4 3.5 3.5 3.5 3.5 3.5 3.6 4 4 4.1 4.2 4.2 4.2 4.3 4.3 4.5 4.5 4.5 4.5 4.5 4.5 4.5 4.5 4.6 4.6 4.6 4.6 4.7 4.8 4.9 4.9 5 5 5 5.1 5.2 5.2 5.2 5.2 5.21 5.4 5.4 5.5 5.5 5.5 5.5 5.5 5.5 5.71 5.8 5.8 5.8 5.8 5.8 5.8 5.8 5.9 6 6 6 6 6 6 6 6 6.1 6.1 6.2 6.3 6.4 6.4 6.4 6.5 6.5 6.5 6.5 6.5 6.5 6.5 6.5 6.5 6.7 6.8 6.8 6.8 6.9 6.9 7 7 7 7.2 7.2 7.2 7.2 7.3 7.3 7.5 7.5 7.5 7.5 7.5 7.5 7.5 7.5 7.8 7.9 8 8 8 8 8 8 8.1 8.1 8.4 8.4 8.5 8.5 8.5 8.5 8.5 8.5 8.5 8.5 8.6 8.6 8.7 8.8 9 9 9 9 9 9 9.1 9.2 9.5 9.5 9.5 9.5 9.5 9.5 9.5 9.7 9.8 9.8 9.8 9.9 10 10 10 10.1 10.2 10.3 10.5 10.5 10.5 10.5 10.5 10.5 10.5 10.5 10.5 10.7 10.8 10.8 10.8 10.8 11 11 11 11.1 11.2 11.3 11.4 11.5 11.5 11.5 11.5 11.5 11.5 11.5 11.6 11.7 11.7 11.7 11.7 11.7 11.9 12 12.4 12.5 12.5 12.5 12.5 12.5 12.5 12.5 12.5 12.6 12.6 12.8 12.8 12.9 13 13 13 13 13.2 13.3 13.3 13.5 13.5 13.5 13.6 13.7 14 14 14.3 14.3 14.5 14.5 14.5 14.5 14.5 14.5 14.5 14.6 14.6 14.7 14.8 14.8 14.8 14.9 15 15 15 15.1 15.4 15.5 15.5 15.5 15.5 15.51 15.6 15.6 15.8 15.9 16 16 16 16 16.1 16.1 16.1 16.1 16.1 16.2 16.5 16.5 16.5 16.5 17.1 17.2 17.3 17.4 17.5 17.5 17.5 17.5 18 18 18.1 18.3 18.4 18.5 18.6 18.9 19 19 19 19 19 19 19.5 19.5 19.5 19.7 20 20 20 20.51 20.8 21 21 21.5 21.8 22 22.2 22.3 22.7 23 23.1 24 24 24 24 24 25 25 25.8 26 26 26.7 27.1 27.5 28 28 29.8 30.6 32.3 34 36 38 38 110 111 121 210 701 701 702 703 704 705 706 707 708 709 801 901 1672 1842 1842 1950 2350 2750 3350 3565 5081 5121 5530 7121 7161 9735 12514 12651 14514 16514 16539 17539 30551 30651 35751 35851 35951 401051
vi_thua_so,1066234064561,home,颜色,5.5*5.5*2cm,"5,5*5,5*2CM (5,5*5,5*2CM)",2 5.5 5.5,2 2 5.5 5.5 5.5 5.5
vi_thieu_so,863463270288,home,颜色,"8028.矮透盒-方小 1个 PET高透明可叠加, 8027.矮透盒-小号 1个 PET高透明可叠加, 8026.矮透盒-中号 1个 PET高透明可叠加, 8025.矮透盒-长条 1个 PET高透明可叠加, 8024.矮透盒-大号 1个 PET高透明可叠加, 8023.矮透盒-特长 1个 PET高透明可叠加, 8022.矮透盒-巨长 1个 PET高透明可叠加, 8030.白盖透明盒-小号 1个 PET高透明可叠加, 8029.白盖透明盒-大号 1个 PET高透明可叠加, 0173.A.透明方盒-","8028. Hộp ngắn trong suốt hình vuông nhỏ 1 PET cao trong suốt có thể xếp chồng lên nhau, 8027. Hộp trong suốt ngắn-nhỏ 1 PET trong suốt cao có thể xếp chồng lên nhau, 8026. Hộp trong suốt ngắn-1 PET có độ trong suốt cao có thể xếp chồng lên nhau, 802",1 1 1 1 1 1 1 1 1 1 1 1 1 1 1 1 1 1 1 1 1 1 1 1 1 1 1 1 1 1 1 1 1 1 1 1 1 1 1 1 1 1 1 1 1 1 1 1 1 3 3 4 4 5 5 6 6 6 7 7 9 9 12 16 173 174 181 182 188 1110 1110 4054 4175 4230 4263 4264 4265 4266 4267 4268 4269 4391 4501 4502 4665 4666 4667 4668 4669 4684 4684 4685 4686 4687 4850 4876 4877 4878 4880 4993 8022 8023 8024 8025 8026 8027 8028 8029 8030 8037 8038 8178 8179 8180,1 1 1 1 1 1 1 1 1 1 1 1 1 1 1 1 1 1 1 1 1 1 1 1 1 1 1 1 1 1 1 1 1 1 1 1 1 1 1 1 1 1 1 1 1 1 3 3 4 4 5 5 6 6 6 7 7 9 9 12 16 173 174 181 182 188 1110 1110 4054 4175 4230 4263 4264 4265 4266 4267 4268 4269 4391 4501 4502 4665 4666 4667 4668 4669 4684 4684 4685 4686 4687 4850 4876 4877 4878 4880 4993 8022 8023 8024 8025 8026 8027 8028 8029 8030 8037 8038 8178 8179 8180
vi_thieu_so,1047935837894,home,颜色,"0.4小方盒紫底白盖16*10*7.5cm, 0.4小方盒粉底白盖16*10*7.5cm, 0.4小方桶蓝底白盖16*10*7.5cm, 0.4小方桶16*10*7.5cm, 0.5小方盒(粉底透明盖)13.4*10.4*7.6cm, 0.5小方盒(蓝底透明盖)13.4*10.4*7.6cm, 0.5小方盒(透明粉盖)13.8*10.5*7.6cm, 0.5小方盒(透明蓝盖)13.8*10.5*7.6cm, 0.5小方盒(透明紫盖)13.8*10.5*7.6cm, 0.5小方盒颜色随机13.8*","Hộp vuông nhỏ 0.4, đáy tím nắp trắng, 16*10*7.5cm, Hộp vuông nhỏ đựng kem nền nắp trắng 16*10*7.5cm, Thùng vuông nhỏ 0.4, đáy xanh nắp trắng, 16*10*7.5cm, Thùng vuông nhỏ 0.4 16*10*7.5cm, Hộp vuông nhỏ 0.5 (nắp trong suốt đựng kem nền) 13.4*10.4*7.6c",0.4 0.4 0.4 0.4 0.5 0.5 0.5 0.5 0.5 0.5 0.6 0.6 0.6 0.7 0.7 0.7 0.7 0.8 0.8 0.8 0.8 7.5 7.5 7.5 7.5 7.6 7.6 7.6 7.6 7.6 7.6 8.3 8.3 8.3 8.3 9.1 9.1 9.1 9.7 9.7 9.7 9.7 10 10 10 10 10.4 10.4 10.5 10.5 10.5 10.5 10.5 10.5 10.5 11.4 11.4 11.4 11.4 11.8 11.8 11.8 13 13 13 13 13 13 13 13.4 13.4 13.8 13.8 13.8 13.8 15 15 15 15 15 15 15 15.5 15.5 16 16 16 16 17.3 17.3 17.3 18.5 18.5 18.5 18.5 19 19 19 19 19 19.5 19.5 20 20 20 24 24 25 25 25 29 29 34 34,0.4 0.4 0.4 0.5 0.5 0.5 0.5 0.5 0.5 0.6 0.6 0.6 0.7 0.7 0.7 0.7 0.8 0.8 0.8 0.8 7.5 7.5 7.5 7.5 7.6 7.6 7.6 7.6 7.6 7.6 8.3 8.3 8.3 8.3 9.1 9.1 9.1 9.7 9.7 9.7 9.7 10 10 10 10 10.4 10.4 10.5 10.5 10.5 10.5 10.5 10.5 10.5 11.4 11.4 11.4 11.4 11.8 11.8 11.8 13 13 13 13 13 13 13 13.4 13.4 13.8 13.8 13.8 13.8 15 15 15 15 15 15 15 15.5 15.5 16 16 16 16 17.3 17.3 17.3 18.5 18.5 18.5 18.5 19 19 19 19 19 19.5 19.5 20 20 20 24 24 25 25 25 29 29 34 34
khac_so,815191489462,home,毛重,2.185,2.185,2.185,2185
khac_so,1057792737021,home,容量,0.004,0.004,0.004,4
vi_thua_so,1047276227542,home,颜色,"1层（1大抽+分格层）, 2层（2小抽+1竖抽+分格层）, 2层（2大抽+分格层）, 3层（3大抽+分格层）, 3层（1大抽+2小抽+1竖抽+分格层）, 3层（2大抽+2小抽+分格层）, 4层（1大抽+4小抽+1竖抽+分格层）, 4层（3大抽+2小抽+分格层）, 4层（4大抽+分格层）","1 tầng (1 ngăn kéo lớn + tầng chia ngăn), 2 tầng (2 ngăn kéo nhỏ + 1 ngăn kéo đứng + tầng chia ngăn), 2 tầng (2 ngăn kéo lớn + 1 kệ chia ngăn), 3 tầng (3 ngăn kéo lớn + 1 kệ chia ngăn), 3 tầng (1 ngăn kéo lớn + 2 ngăn kéo nhỏ + 1 ngăn kéo dọc + tầng ",1 1 1 1 1 1 1 2 2 2 2 2 2 2 2 3 3 3 3 3 4 4 4 4 4,1 1 1 1 1 1 1 1 1 1 2 2 2 2 2 2 2 2 3 3 3 3 3 4 4 4 4 4
khac_so,991916823356,home,颜色,"象牙白-窄款（单个装）【特厚 0异味】, 象牙白-中号（单个装）【特厚 0异味】, 象牙白-大号（单个装）【特厚 0异味】, 象牙白-特大号（单个装）【特厚 0异味】, 象牙白-中号/单个装（带盖磨砂款）【特厚 0异味】, 象牙白-大号/单个装（带盖磨砂款）【特厚 0异味】, 象牙白-特大号/单个装（带盖磨砂款）【特厚 0异味】, 象牙白-窄款（两个装）【特厚 0异味】, 象牙白-中号（两个装）【特厚 0异味】, 象牙白-大号（两个装）【特厚 0异味】, 象牙白-特大号（两个装）【特厚 0异味】","Trắng Ngà - Kiểu Hẹp (Đóng Gói Lẻ) [Siêu Dày, Không Mùi], Trắng Ngà - Cỡ Vừa (Gói Đơn) [Siêu Dày, Không Mùi], Trắng Ngà - Lớn (Đóng Gói Lẻ) [Siêu Dày, Không Mùi], Ivory White - Extra Large (Gói đơn) [Siêu dày, không mùi], Trắng Ngà - Cỡ Vừa/Gói Đơn (",0 0 0 0 0 0 0 0 0 0 0 0 0 0 0 0 0 0 0 0 0,0 0 0 0 0 0 2 2 2 4 4
vi_thieu_so,872106550222,home,颜色,"3.4小方盒3.4*3.1*2.3CM, 3.5方盒（1.8高）3.5*3.5*1.8CM, 3.5耳塞盒3.5*3.5*1.8CM, 4.5方盒4.5*4.5*1.9CM, 5.5方盒5.5*5.5*2CM, 6.5方盒6.5*6.5*1.9CM, 7.5方盒7.5*7.5*2.5CM, 8.5方盒8.5*8.5*2.4CM, 9.5方盒9.5*9.5*2.8CM, 10.5方盒10.5*10.5*3CM, 11.0方盒11*11*3.3cm, 11.5方盒11.5*11.5*3.6CM, 4","3.4 hộp vuông nhỏ 3.4*3.1*2.3CM, Hộp vuông 3,5 (1,8 cao) 3,5 * 3,5 * 1,8CM, Hộp đựng nút tai 3.5 3.5*3.5*1.8CM, Hộp vuông 4,5 4,5 * 4,5 * 1,9CM, Hộp vuông 5,5 5,5 * 5,5 * 2CM, Hộp vuông 6,5 6,5 * 6,5 * 1,9CM, Hộp vuông 7,5 7,5 * 7,5 * 2,5CM, Hộp vuôn",1.8 1.8 1.8 1.8 1.8 1.9 1.9 2 2 2 2 2.1 2.3 2.3 2.3 2.3 2.4 2.5 2.5 2.5 2.5 2.6 2.8 2.8 3 3.1 3.2 3.3 3.4 3.4 3.4 3.5 3.5 3.5 3.5 3.5 3.5 3.6 4 4.4 4.5 4.5 4.5 4.5 4.5 4.5 5 5.2 5.5 5.5 5.5 5.5 5.5 5.6 5.6 5.9 6.1 6.5 6.5 6.5 6.5 6.5 6.5 6.6 6.6 7.5 7.5 7.5 7.5 7.5 7.5 7.6 7.6 8.5 8.5 8.5 8.5 8.5 8.5 9.1 9.1 9.5 9.5 9.5 9.5 9.5 10 10.5 10.5 10.5 10.5 10.5 11 11 11 11.5 11.5 11.5 11.5 11.5 12.5 12.5 12.5 12.5 12.7 12.8,1.8 1.8 1.8 1.8 1.8 1.9 1.9 2 2 2 2 2.1 2.3 2.3 2.3 2.3 2.4 2.5 2.5 2.5 2.5 2.6 2.8 2.8 3 3.1 3.2 3.3 3.4 3.4 3.4 3.5 3.5 3.5 3.5 3.5 3.5 3.6 4 4.4 4.5 4.5 4.5 4.5 4.5 4.5 5 5.2 5.5 5.5 5.5 5.5 5.5 5.6 5.9 6.1 6.5 6.5 6.5 6.5 6.5 6.5 6.6 7.5 7.5 7.5 7.5 7.5 7.5 7.6 8.5 8.5 8.5 8.5 8.5 8.5 9.1 9.1 9.5 9.5 9.5 9.5 9.5 10 10.5 10.5 10.5 10.5 10.5 11 11 11 11.5 11.5 11.5 11.5 11.5 12.5 12.5 12.5 12.5 12.7 12.8
vi_thua_so,978453924690,home,规格,"5.5*5.5*2CM（2000个/箱）, 6.5*6.5*2CM（1500个/箱）, 9.5*9.5*2.8CM（420个/箱）, 8.5*8.5*2.5CM（600个/箱）, 4.5*4.5*2CM（2000个/箱）, 7.5*7.5*2.5CM（800个/箱）, 10.5*10.5*3CM（360个/箱）, 11.5*11.5*3.5CM（240个/箱）, 3.5*3.5*1.7cm（2500/箱）, 3cm高5.5方盒, 3cm高6.5方盒, 4.5*4.5*2CM吊孔盒（1750/箱）","5,5 * 5,5 * 2CM (2000 miếng/thùng)1, 6,5 * 6,5 * 2CM (1500 cái/thùng)1, 9,5*9,5*2,8CM (420 miếng/thùng)1, 8,5 * 8,5 * 2,5CM (600 miếng/thùng)1, 4,5 * 4,5 * 2CM (2000 chiếc/thùng)1, 7,5 * 7,5 * 2,5CM (800 miếng/thùng)1, 10,5*10,5*3CM (360 miếng/thùng)",1.7 1.8 2 2 2 2 2.5 2.5 2.8 3 3 3 3.5 3.5 3.5 3.5 3.5 4.5 4.5 4.5 4.5 4.5 5.5 5.5 5.5 5.5 6.5 6.5 6.5 7.5 7.5 8.5 8.5 9.5 9.5 10.5 10.5 11.5 11.5 240 360 420 600 800 1500 1750 2000 2000 2500 3500,1 1 1.7 1.8 2 2 2 2 2.5 2.5 2.8 3 3 3 3.5 3.5 3.5 3.5 3.5 4.5 4.5 4.5 4.5 4.5 5.5 5.5 5.5 5.5 5.5 6.5 6.5 6.5 6.5 7.5 7.5 8.5 8.5 9.5 9.5 10.5 10.5 11.5 11.5 240 360 420 600 800 1500 1750 2000 2000 2500 3500
vi_thua_so,978453924690,home,规格型号,"3.5*3.5*1.7cm（2500/箱）, 3.5*3.5*1.8cm耳塞盒3500个/件, 4.5*4.5*2CM（2000个/箱）, 4.5方盒扣好发货, 5.5*5.5*2CM（2000个/箱）, 5.5方盒扣好发货, 4.5*4.5*2CM吊孔盒（1750/箱）, 6.5*6.5*2CM（1500个/箱）, 7.5*7.5*2.5CM（800个/箱）, 8.5*8.5*2.5CM（600个/箱）, 9.5*9.5*2.8CM（420个/箱）, 10.5*10.5*3CM（360个/箱）","3,5*3,5*1,7cm (2500/thùng)2, Hộp đựng nút bịt tai kích thước 3.5*3.5*1.8cm, 3500 cái/hộp.2, 4,5 * 4,5 * 2CM (2000 chiếc/thùng)2, Hộp vuông 4.5 inch, có khóa cài đi kèm.2, 5,5 * 5,5 * 2CM (2000 miếng/thùng)2, Hộp vuông 5.5 inch, có khóa cài đi kèm.2, ",1.7 1.8 2 2 2 2 2.5 2.5 2.8 3 3 3 3.5 3.5 3.5 3.5 3.5 4.5 4.5 4.5 4.5 4.5 5.5 5.5 5.5 5.5 6.5 6.5 6.5 7.5 7.5 8.5 8.5 9.5 9.5 10.5 10.5 11.5 11.5 240 360 420 600 800 1500 1750 2000 2000 2500 3500,1.7 1.8 2 2 2 2 2 2 2.5 2.5 2.8 3 3 3 3.5 3.5 3.5 3.5 3.5 4.5 4.5 4.5 4.5 4.5 5.5 5.5 5.5 5.5 5.5 6.5 6.5 6.5 6.5 7.5 7.5 8.5 8.5 9.5 9.5 10.5 10.5 11.5 11.5 240 360 420 600 800 1500 1750 2000 2000 2500 3500
vi_thieu_so,929536754418,home,颜色,"0171.白方盒-小号1个可叠加, 0172.白方盒-中号1个可叠加, 0173.白方盒-大号1个可叠加, 0188.白方盒-高款1个可叠加, 0179.白长盒-矮款小号1个可叠加, 0180.白长盒-矮款大号1个可叠加, 0181.白长盒-高款小号1个可叠加, 0182.白长盒-高款大号1个可叠加, 8291.厚方白盒-S小号1个可叠加, 8292.厚方白盒-M中号1个可叠加, 8293.厚方白盒-L大号1个可叠加, 8294.厚方白盒-XL加大1个可叠加, 8295.厚方白盒-XXL特大1个","0171. Hộp vuông màu trắng-1 cái nhỏ có thể xếp chồng lên nhau, 0172. Hộp vuông trắng-1 vừa có thể xếp chồng lên nhau, 0173. Hộp vuông màu trắng-1 lớn có thể xếp chồng lên nhau, 0188. Hộp vuông trắng - kiểu dáng cao 1 có thể xếp chồng lên nhau, 0179. ",1 1 1 1 1 1 1 1 1 1 1 1 1 1 1 1 1 1 1 1 1 1 1 1 1 1 1 1 1 1 21 28 28 35 141 141 171 172 173 179 180 181 182 188 211 211 4403 4404 4405 4406 4407 4432 4446 4447 4448 4449 4823 4824 4825 4826 8110 8251 8252 8253 8254 8255 8256 8291 8292 8293 8294 8295,1 1 1 1 1 1 1 1 1 1 1 1 1 1 1 1 1 1 1 1 1 1 1 1 1 1 1 1 1 21 28 28 35 141 141 171 172 173 179 180 181 182 188 211 211 4403 4404 4405 4406 4407 4432 4446 4447 4448 4449 4823 4824 4825 4826 8110 8251 8252 8253 8254 8255 8256 8291 8292 8293 8294 8295
khac_so,673703466464,home,价格段,40元-79.9元,"40 nhân dân tệ-79, 9 nhân dân tệ",40 79.9,9 40 79
vi_thieu_so,673703466464,home,颜色,"化妆刷收纳盒, 3.0升级化妆品收纳柜-樱花白, 琉光柜奶白色-1只装, 3.0升级化妆品收纳柜-臻巧棕, 特大号-锌钡白, 格纹化妆柜樱花白, 格纹化妆柜臻巧棕, 奶油米-三层隔板-层距可调节, 升级款--化妆品收纳柜, 化妆刷收纳盒 透明+化妆品收纳柜 白色, 化妆刷收纳盒 透明+化妆品收纳盒 透明橙, 化妆刷收纳盒 透明+琉光柜 奶白色, 化妆刷收纳盒+旋转桌面收纳盒 白色","Hộp đựng cọ trang điểm, Tủ đựng mỹ phẩm nâng cấp 3.0-Sakura White, Hộp trưng bày màu trắng sữa - Gói đơn, Tủ đựng mỹ phẩm nâng cấp 3.0-Zhenqiao Brown, Màu trắng bari kẽm cực lớn, Tủ trang điểm kẻ sọc hoa anh đào trắng, Bàn Trang Điểm Họa Tiết Ca-rô -",1 3 3,3 3
khac_so,571970906344,home,毛重,0.175,0.175,0.175,175
vi_thua_so,1028842901090,home,型号,五层首饰盒,Hộp đựng trang sức 5 tầng1,,1 5
vi_thua_so,1028842901090,home,货号,五层首饰盒,Hộp đựng trang sức 5 tầng2,,2 5
vi_thieu_so,1002275214224,home,颜色,"36*27*13cm可上墙【大号透明2层隔板】, 36*27*13cm可上墙【大号透明1层隔板】, 36*27*13cm可上墙【大号透明无隔板】, 27*22*12cm壁挂式【小号透明1层隔板】, 27*22*12cm壁挂式【小号透明无隔板】, 27*18*22cm（2个隔板, 27*18*22cm（无隔板）, 30*18*25cm（2个隔板）, 36*27*22（无隔板）, 40*30*25cm（无隔板）, 40*30*25cm（1隔板）, 40*30*25cm（2隔板）, 40*30*25c","36*27*13cm, có thể gắn lên tường [Kệ trong suốt, hai tầng, kích thước lớn]., 36*27*13cm, có thể gắn lên tường [kệ lớn, trong suốt, một tầng]., 36*27*13cm có thể treo tường [Cỡ lớn trong suốt không vách ngăn], Kệ treo tường [trong suốt, 1 tầng, kích t",1 1 1 2 2 2 2 3 12 12 13 13 13 18 18 18 22 22 22 22 22 25 25 25 25 25 27 27 27 27 27 27 27 27 30 30 30 30 30 36 36 36 36 40 40 40 40,1 1 2 2 2 3 12 12 13 13 13 18 18 18 22 22 22 22 22 25 25 25 25 25 27 27 27 27 27 27 27 27 30 30 30 30 30 36 36 36 36 40 40 40 40
vi_thieu_so,1004499358435,home,颜色,"【灰色】18格盘, 【灰色】9格盘, 【灰色】3合1盘, 【灰色】长条, 【灰色】12格盘, 【灰色】15格盘, 【灰色】正6格, 【米色】3格盘, 【米色】6格盘, 【米色】18格盘, 【米色】9格盘, 【米色】3合1盘, 【米色】长条, 【米色】12格盘, 【米色】15格盘, 【米色】空盘, 【米色】正6格, 【黑色】空盘, 【黑色】3格盘, 【黑色】6格盘, 【黑色】18格盘, 【黑色】3合1盘, 【黑色】正6格, 【粉色】空盘, 【粉色】3格盘, 【粉色】6格盘, 【粉色】9格盘, 【粉","【Xám】Khay 18 ô, 【Xám】Khay 9 ô, 【Xám】Khay 3 trong 1, 【Xám】Dải dài, 【Xám】Khay 12 ô, 【Xám】Khay 15 ô, 【Xám】Lục giác chuẩn, 【Màu be】Khay 3 ngăn, 【Màu be】Khay 6 ngăn, 【Màu be】Khay 18 ô, 【Màu be】Khay 9 ô, 【Màu be】Khay 3 trong 1, 【Màu be】Dạng thanh dài, 【Màu",1 1 1 1 3 3 3 3 3 3 3 6 6 6 6 6 6 6 9 9 9 12 12 15 15 18 18 18 18,1 1 1 1 3 3 3 3 3 3 3 6 6 6 6 9 9 9 12 12 15 15 18 18 18 18
khac_so,974770743071,home,毛重,0.241 0.313,0.241 0.313,0.241 0.313,241 313
vi_thua_so,588263602703,home,规格,"连体盒, 迷你方桶20*14.8*6.2CM, 0.8方桶蓝底白盖, 小号方桶蓝底白盖, 0.8方桶透明款, 大方桶透明款, 中方桶透明款, 小方桶透明款, 特大方桶透明款, 0.5方盒透明款, 0.5方盒蓝底透明盖, 0.8粉底白盖, 0.8方桶半透款颜色随机, 小方桶半透款颜色随机, 中方桶半透款颜色随机, 大方桶半透款颜色随机, 特大方桶半透款颜色随机, 0.5小方盒粉底透明盖, 0.7方盒透明款, 0.7方盒粉底透明盖, 0.7方盒蓝底透明盖, 0.6方桶粉底白盖, 0.6方桶透明款, ","迷你方桶20*14.8*6.2CM, Hộp liền thân1, 0.8 thùng vuông nền xanh nắp trắng1, Thùng vuông cỡ nhỏ nền xanh lam nắp trắng1, 0.8 thùng vuông kiểu trong suốt1, Thùng vuông lớn mẫu trong suốt1, Thùng vuông kiểu trong suốt1, Thùng vuông nhỏ mẫu trong suốt1, Thùn",0.5 0.5 0.5 0.5 0.5 0.5 0.6 0.6 0.6 0.7 0.7 0.7 0.8 0.8 0.8 0.8 6.2 14.8 20,0.5 0.5 0.5 0.5 0.5 0.5 0.6 0.6 0.6 0.7 0.7 0.7 0.8 0.8 0.8 0.8 1 6.2 14.8 20
khac_so,645309988001,home,箱装数量,"15,30","15,30",15 30,15.3
vi_thieu_so,1030687853477,home,颜色,"5.5长方盒5.5*4*2cm, 5.5方盒5.5*5.5*1.9cm, 5.5方盒B款5.5*5.5*1.7cm, L-5.5方盒2格5.5*5.5*1.7cm, 1555长方盒5.5*4*1.5cm, 1555方盒5.5*5.5*1.5cm, 3055方盒5.5*5.5*3CM","Hộp chữ nhật 5.5, kích thước 5.5*4*2CM, Hộp vuông 5.5, kích thước 5.5*5.5*1.9CM, Hộp vuông loại B, kích thước 5,5 x 5,5 x 1,7 cm., Hộp vuông L-5.5 2 ngăn 5.5*5.5*1.7cm, 1555 hộp hình chữ nhật 5.5*4*1.5cm, Hộp vuông 1555 5.5*5.5*1.5cm, 3055 hộp vuông ",1.5 1.5 1.7 1.7 1.9 2 2 3 4 4 5.5 5.5 5.5 5.5 5.5 5.5 5.5 5.5 5.5 5.5 5.5 5.5 5.5 5.5 5.5 5.5 1555 1555 3055,1.5 1.5 1.7 1.7 1.9 2 2 3 4 4 5.5 5.5 5.5 5.5 5.5 5.5 5.5 5.5 5.5 5.5 5.5 5.5 5.5 5.5 5.5 1555 1555 3055
vi_thieu_so,989782197087,home,颜色,"4抽眼镜收纳盒1个装, 4抽眼镜收纳盒2个装, 4抽眼镜收纳盒1个装【白色】","Hộp đựng kính 4 gói 1 gói, Hộp đựng kính 4 chiếc, Hộp đựng kính 4 ngăn 1 gói [màu trắng]",1 1 2 4 4 4,1 1 4 4 4
vi_thua_so,1080277462896,home,材质,纯棉,100% cotton2,,2 100
vi_thua_so,1080277462896,home,被面材质,纯棉,100% cotton4,,4 100
vi_thua_so,1080277462896,home,床单面料材质,纯棉,100% cotton3,,3 100
vi_thua_so,1080277462896,home,枕套材质,纯棉,100% cotton1,,1 100
vi_thua_so,1067594354422,home,尺寸规格,"0.9m床单三件套【被套150X200】, 1.2m床单四件套【被套150X200】, 1.5m床单四件套【被套150x200】, 1.5m床单四件套【被套180X220】, 1.8m床单四件套【被套180X220】, 1.5m床单四件套【被套200X230】, 1.8m床单四件套【被套200X230】, 2.0m床单四件套【被套220x240】, 1.2m床笠三件套【被套150X200】, 1.2m床笠四件套【被套150X200】, 1.5m床笠四件套【被套180X220】, 1.8m床笠四件","Bộ ga trải giường 3 món 0.9m [Vỏ chăn 150x200], Bộ chăn ga gối đệm kích thước 1,2m (bao gồm vỏ chăn kích thước 150x200)., Bộ ga trải giường 4 món 1.5m [Vỏ chăn 150x200], Bộ ga trải giường 4 món 1.5m [Vỏ chăn 180x220], Bộ ga trải giường 4 món 1.8m [Vỏ",0.9 1.2 1.2 1.2 1.5 1.5 1.5 1.5 1.5 1.8 1.8 1.8 1.8 1.8 2 150 150 150 150 150 150 180 180 180 180 180 200 200 200 200 200 200 200 200 200 200 200 220 220 220 220 220 220 220 220 230 230 230 230 230 240 240 240,0.9 1 1.2 1.2 1.2 1.5 1.5 1.5 1.5 1.5 1.8 1.8 1.8 1.8 1.8 2 2 3 3 4 4 4 4 4 4 4 4 4 4 150 150 150 150 150 150 180 180 180 180 180 200 200 200 200 200 200 200 200 200 200 200 220 220 220 220 220 220 220 220 230 230 230 230 230 240 240 240
vi_thua_so,1060934671983,home,材质,纯棉,100% cotton1,,1 100
vi_thua_so,1060934671983,home,被面材质,纯棉,100% cotton2,,2 100
vi_thua_so,1060934671983,home,床单面料材质,纯棉,100% cotton3,,3 100
vi_thua_so,1060934671983,home,枕套材质,纯棉,100% cotton4,,4 100
khac_so,1007489253486,home,尺寸规格,"0.9m床单款三件套（被套150x200cm）, 1.2m床单款三件套（被套150x200cm）1.2m床单款三件套（被套150x200cm）, 1.5m床单款四件套（被套150*200cm）1.5m床单款四件套（被套150*200cm）, 1.8m床单款四件套（被套180x220cm）, 2.0m床单款四件套（被套200x230cm）, 2.2m床单款四件套（被套220x240cm）, 1.2m床笠款三件套（被套150x200cm）, 1.2m床笠款四件套（被套150x200cm）, 1.5m","Bộ 3 món ga trải giường 0.9m (vỏ chăn 150x200cm), Bộ ba món ga trải giường 1.2m (vỏ chăn 150x200cm) Bộ ba món ga trải giường 1.2m (vỏ chăn 150x200cm), Bộ chăn ga gối 4 món kiểu ga trải giường 1.5m (vỏ chăn 150*200cm) Bộ chăn ga gối 4 món kiểu ga trải",0.9 1.2 1.2 1.2 1.2 1.5 1.5 1.5 1.5 1.5 1.8 1.8 1.8 1.8 2 2.2 48 74 150 150 150 150 150 150 150 150 150 180 180 180 180 200 200 200 200 200 200 200 200 200 200 200 200 200 220 220 220 220 220 220 220 230 230 230 230 240 240 240,0.9 1.2 1.2 1.2 1.2 1.5 1.5 1.5 1.5 1.5 1.8 1.8 1.8 1.8 2.2 3 3 4 4 4 4 4 4 4 4 4 48 74 150 150 150 150 150 150 150 150 150 180 180 180 180 200 200 200 200 200 200 200 200 200 200 200 200 200 220 220 220 220 220 220 220 230 230 230 230 240 240 240
khac_so,1000548719212,home,尺寸规格,"150*200cm单被套, 180*220cm单被套, 200*230cm单被套, 220*240cm单被套, 0.9m【床单款】三件套【被套150*200】, 1.2m【床单款】三件套【被套150*200】, 1.5m【床单款】四件套【被套150*200】, 1.5m【床单款】四件套【被套180*220】, 1.5m【床单款】四件套【被套200*230】, 1.8m【床单款】四件套【被套200*230】, 2.0m【床单款】四件套【被套220*240】, 1.2m【床笠款】三件套【被套150*","Vỏ chăn đơn kích thước 150x200cm, Vỏ chăn đơn kích thước 180*220cm, Vỏ chăn đơn kích thước 200*230cm, Vỏ chăn đơn kích thước 220*240cm, Bộ ba món [kiểu ga trải giường] 0.9m [bao gồm vỏ chăn 150*200], Bộ ba món [kiểu ga trải giường] 1.2m [bao gồm vỏ c",0.9 1.2 1.2 1.5 1.5 1.5 1.5 1.5 1.5 1.8 1.8 1.8 1.8 2 150 150 150 150 150 150 180 180 180 180 200 200 200 200 200 200 200 200 200 200 200 220 220 220 220 220 220 220 230 230 230 230 230 240 240 240,0.9 1 1.2 1.5 1.5 1.5 1.5 1.5 1.5 1.8 1.8 1.8 1.8 2 2 4 4 4 4 4 4 4 4 4 150 150 150 150 150 150 180 180 180 180 200 200 200 200 200 200 200 200 200 200 200 220 220 220 220 220 220 220 230 230 230 230 230 240 240 240
vi_thua_so,1002245231187,home,材质,纯棉,100% cotton2,,2 100
vi_thua_so,1002245231187,home,被面材质,纯棉,100% cotton4,,4 100
vi_thua_so,1002245231187,home,床单面料材质,纯棉,100% cotton3,,3 100
vi_thua_so,1002245231187,home,枕套材质,纯棉,100% cotton1,,1 100
vi_thua_so,1074485028355,home,材质,纯棉,100% cotton1,,1 100
vi_thua_so,1074485028355,home,被面材质,纯棉,100% cotton2,,2 100
vi_thua_so,1074485028355,home,床单面料材质,纯棉,100% cotton4,,4 100
vi_thua_so,1074485028355,home,枕套材质,纯棉,100% cotton3,,3 100
vi_thua_so,923675475578,home,材质,纯棉,100% cotton1,,1 100
vi_thua_so,923675475578,home,被面材质,纯棉,100% cotton2,,2 100
vi_thua_so,923675475578,home,床单面料材质,纯棉,100% cotton3,,3 100
vi_thua_so,923675475578,home,枕套材质,纯棉,100% cotton4,,4 100
khac_so,1081849362353,home,尺寸规格,"150x200cm单被套, 180x220cm单被套, 200x230cm单被套, 220x240cm单被套, 1.2m床单款三件套（被套150x200cm）, 1.2m床单款四件套（被套150x200cm）, 1.5m床单款四件套（被套180x220cm）, 1.8m床单款四件套（被套180x220cm）, 1.8m床单款四件套（被套200x230cm）, 2.0m床单款四件套（被套220x240cm）, 1.5m床单款四件套（被套150X200cm）, 2.0m床单款四件套（被套200x23","Vỏ chăn đơn 150x200cm, Vỏ chăn đơn, kích thước 180x220cm., Vỏ chăn đơn, kích thước 200x230cm., Vỏ chăn đơn 220x240CM, Bộ 3 món ga trải giường 1.2m (vỏ chăn 150x200cm), Bộ chăn ga gối 4 món (vỏ chăn 150x200cm) dành cho giường 1.2m, Bộ ga trải giường 1",1.2 1.2 1.2 1.5 1.5 1.5 1.5 1.8 1.8 1.8 1.8 2 2 2.2 150 150 150 150 150 150 180 180 180 180 200 200 200 200 200 200 200 200 200 200 220 220 220 220 220 220 220 220 230 230 230 230 240 240 240 240,1.2 1.2 1.2 1.5 1.5 1.5 1.8 1.8 1.8 1.8 2 2.2 3 4 4 4 4 4 4 4 4 4 150 150 150 150 150 150 180 180 180 180 200 200 200 200 200 200 200 200 200 200 220 220 220 220 220 220 220 220 230 230 230 230 240 240 240 240
vi_thua_so,1070350298537,home,材质,纯棉,100% cotton1,,1 100
vi_thua_so,1070350298537,home,枕套材质,纯棉,100% cotton2,,2 100
vi_thua_so,1070350298537,home,被面材质,纯棉,100% cotton3,,3 100
vi_thua_so,1070350298537,home,床单面料材质,纯棉,100% cotton4,,4 100
vi_thua_so,1033978843809,home,被面材质,纯棉,100% cotton1,,1 100
vi_thua_so,1033978843809,home,床单面料材质,纯棉,100% cotton4,,4 100
vi_thua_so,1033978843809,home,枕套材质,纯棉,100% cotton2,,2 100
vi_thua_so,743798711934,home,花型,"安暖如夏--【全棉】, 帛-格韵空间-【全棉】, 鲜橙多-【全棉】, 窗帘季风-【全棉】, 足球小将-【全棉】, 帛-花仙兔-【全棉】, 蝶扑衣-【全棉】, 帛-草莓物语【全棉】, 帽子小奶狗-【全棉】, ay美伊娜多-【全棉】, 故事小黄花-【全棉】, 帛-莫兰迪-【全棉】, 普罗旺斯【全棉】, 银杏果实【全棉】, 帛-太空奇遇-【全棉】, 童梦乐园-【全棉】, 格瑞-【全棉】, 帛-奇幻曲【全棉】, 茜茜公主-【全棉】, 帛-木几小格--【全棉】, 帛-草莓派-【全棉】, 呆萌宝贝-【全棉】","Ấm áp như mùa hè-[Cotton], Silk-Geyun Space-【Cotton 】, Cam tươi-[Bông], Rèm Mùa Mưa-[Cotton], Người Chơi Bóng Đá - [Cotton], Thỏ Tiên Hoa Lụa-[Cotton], Quần áo bướm-[Cotton], Silk-Strawberry Story [Cotton], Mũ chó con-[bông], ayMeina Duo-[Bông], Câu ",,100 100
vi_thua_so,1012382225495,home,材质,纯棉,100% cotton4,,4 100
vi_thua_so,1012382225495,home,货号,纯棉-四件套-J,Bộ 4 món - 100% cotton - J,,4 100
vi_thua_so,1012382225495,home,被面材质,纯棉,100% cotton3,,3 100
vi_thua_so,1012382225495,home,床单面料材质,纯棉,100% cotton2,,2 100
vi_thua_so,1012382225495,home,枕套材质,纯棉,100% cotton1,,1 100
vi_thua_so,1053753364304,home,材质,纯棉,100% cotton2,,2 100
vi_thua_so,1053753364304,home,货号,A类新疆全棉zzg swj,"Loại A, 100% cotton Tân Cương zzg swj",,100
vi_thua_so,1053753364304,home,被面材质,纯棉,100% cotton4,,4 100
vi_thua_so,1053753364304,home,床单面料材质,纯棉,100% cotton1,,1 100
vi_thua_so,1053753364304,home,枕套材质,纯棉,100% cotton3,,3 100
vi_thua_so,850207047765,home,花型,"米洛甜心【全棉A类母婴级】, 风雪兰心【全棉A类母婴级】, 奶油猫【全棉A类母婴级】, 机灵猫【全棉A类母婴级】, 嘟嘟猫【全棉A类母婴级】, 可圈可点【全棉A类母婴级】, 长耳朵兔【全棉A类母婴级】, 丛林兔【全棉A类母婴级】, 欢乐熊 【全棉A类母婴级】, 花小兔 【全棉A类母婴级】, 彼岸花开 【全棉A类母婴级】, 彼得兔 【全棉A类母婴级】, 灿烂时光 【全棉A类母婴级】, 初夏《桔》 【全棉A类母婴级】, 初夏《紫》 【全棉A类母婴级】, 哆来咪 【全棉A类母婴级】, 方格日记 【全棉","Milo Sweetheart [100% Cotton Class A dành cho bà mẹ và trẻ sơ sinh], Fengxuelanxin [Loại bông A, tiêu chuẩn cho mẹ và bé], Cream Cat [100% Cotton Loại A dành cho Mẹ và Trẻ sơ sinh], Mèo thông minh [100% Cotton loại A dành cho bà mẹ và trẻ sơ sinh], D",,100 100 100 100 100 100
khac_so,972232211147,home,尺寸规格,"1.5米床单款四件套【适合200x230被芯】, 1.8米床单款四件套【适合200x230被芯】, 2.0米床单款四件套【适合220x240被芯】, 1.5米床笠款四件套【适合200x230被芯】, 1.8米床笠款四件套【适合200x230被芯】, 1.8米床笠款四件套【适合220x240被芯】, 2米床笠款四件套【适合220x240被芯】, 兔兔绒随机枕套一对【48x74】, 1.8x2m单独床笠, 1.2米床单款三件套【适合150x200被芯】","Bộ ga trải giường bốn mảnh [Thích hợp cho lõi chăn 200x230]1, Bộ ga trải giường bốn mảnh [Thích hợp cho lõi chăn 200x230]2, Bộ ga trải giường bốn mảnh [Thích hợp cho lõi chăn 220x240], Bộ ga giường bốn mảnh [phù hợp với ruột chăn kích thước 200x230 c",1.2 1.5 1.5 1.8 1.8 1.8 1.8 2 2 2 48 74 150 200 200 200 200 200 220 220 220 230 230 230 230 240 240 240,1 1 1.2 1.8 1.8 2 2 2 2 48 74 150 200 200 200 200 200 220 220 220 230 230 230 230 240 240 240
vi_thua_so,1050518743875,home,材质,纯棉,100% cotton2,,2 100
vi_thua_so,1050518743875,home,被面材质,纯棉,100% cotton3,,3 100
vi_thua_so,1050518743875,home,床单面料材质,纯棉,100% cotton1,,1 100
vi_thua_so,1050518743875,home,枕套材质,纯棉,100% cotton4,,4 100
vi_thua_so,1013547612107,home,材质,纯棉,100% cotton1,,1 100
vi_thua_so,1013547612107,home,货号,禧之鸿-全棉三层棉,Hỷ Chi Hồng - Khăn bông ba lớp 100% cotton,,100
vi_thua_so,1013547612107,home,被面材质,纯棉,100% cotton3,,3 100
vi_thua_so,1013547612107,home,床单面料材质,纯棉,100% cotton4,,4 100
vi_thua_so,1013547612107,home,枕套材质,纯棉,100% cotton2,,2 100
vi_thua_so,740564044879,home,材质,纯棉,100% cotton1,,1 100
vi_thua_so,740564044879,home,被面材质,纯棉,100% cotton2,,2 100
vi_thua_so,740564044879,home,床单面料材质,纯棉,100% cotton3,,3 100
vi_thua_so,740564044879,home,枕套材质,纯棉,100% cotton4,,4 100
khac_so,1032824071344,home,尺寸规格,"0.9床单款三件套-被套150*200cm, 1.2床单款三件套-被套150*200cm, 1.5床单款四件套-被套150*200cm, 1.8床单款四件套-被套180*220cm, 2.0床单款四件套-被套200*230cm, 床笠款-1.5床四件套-被套180*220cm, 床笠款-1.8床四件套-被套180*220cm, 床笠款-1.5床四件套-被套200*230cm, 床笠款-1.8床四件套-被套200*230cm, 枕套一对48*74cm","Bộ 3 món ga trải giường 0.9 - vỏ chăn 150*200cm, 1.2 Bộ ba món ga trải giường - vỏ chăn 150*200cm, Bộ 4 món ga trải giường 1.5 - vỏ chăn 150*200cm, Bộ 4 món ga trải giường 1.8m - vỏ chăn 180*220cm, Bộ chăn ga gối 2.0 - Vỏ chăn 200*230cm, Bộ chăn ga g",0.9 1.2 1.5 1.5 1.5 1.8 1.8 1.8 2 48 74 150 150 150 180 180 180 200 200 200 200 200 200 220 220 220 230 230 230,0.9 1 1.2 1.5 1.5 1.8 1.8 1.8 2 3 4 4 4 4 4 4 5 48 74 150 150 150 180 180 180 200 200 200 200 200 200 220 220 220 230 230 230
khac_so,1050988461299,home,尺寸规格,"1.2米三件套【被套150*200cm+床单160*230cm+枕套一只】小号, 1.5米四件套【被套150*200cm+床单200*230cm+枕套一对】小号, 1.8米四件套【被套180*220cm+床单230*245cm+枕套一对】中号, 2.0米四件套【被套200*230cm+床单230*245cm+枕套一对】标准, 2.2米四件套【被套220*240cm+床单230*245cm+枕套一对】加大, 床笠款1.5米【被套200*230cm+床笠150*200cm+枕套一对】四件套, 床笠款","Bộ 1.5m món [vỏ chăn 150*200cm + ga trải giường 160*230cm + một vỏ gối] cỡ nhỏ, Bộ 1.9m món [vỏ chăn 150*200cm + ga trải giường 200*230cm + 1 cặp vỏ gối] kích thước nhỏ, Bộ 2.2m món [vỏ chăn 180*220cm + ga trải giường 230*245cm + 1 cặp vỏ gối] cỡ tru",1.2 1.5 1.5 1.8 1.8 2 2.2 48 74 150 150 150 150 160 180 180 180 200 200 200 200 200 200 200 200 200 200 220 220 220 230 230 230 230 230 230 230 230 230 240 245 245 245,1 1 1.5 1.5 1.8 1.9 2.2 2.4 2.6 48 74 150 150 150 150 160 180 180 180 200 200 200 200 200 200 200 200 200 200 220 220 220 230 230 230 230 230 230 230 230 230 240 245 245 245
vi_thua_so,867980227703,home,材质,纯棉,100% cotton1,,1 100
vi_thua_so,867980227703,home,花型,"简森-黄（A类全棉加厚磨毛 贝壳边设计）, 简森-粉（A类全棉加厚磨毛 贝壳边设计）, 简森-灰（A类全棉加厚磨毛 贝壳边设计）, 南初-咖（A类全棉加厚磨毛 贝壳边设计）, 南初-灰（A类全棉加厚磨毛 贝壳边设计）, 夏末-绿（A类全棉加厚磨毛 贝壳边设计）, 风叶-黄（A类全棉加厚磨毛 贝壳边设计）, 菱梦织锦-玉（A类全棉加厚磨毛 贝壳边设计）, 浅川菱影（A类全棉加厚磨毛 贝壳边设计）, 素纹流光-蓝（A类全棉加厚磨毛 贝壳边设计）, 素纹流光-玉（A类全棉加厚磨毛 贝壳边设计）, 图纹","Jensen-Yellow (Thiết kế viền vỏ chải dày bằng cotton loại A), Jensen-Pink (Thiết kế viền vỏ chải dày bằng cotton loại A), Jensen-grey (Thiết kế viền vỏ chải dày bằng cotton loại A), Nanchu-Ka (Thiết kế viền vỏ chải dày bằng cotton loại A), Nanchu-gre",,100 100
vi_thua_so,867980227703,home,被面材质,纯棉,100% cotton2,,2 100
vi_thua_so,867980227703,home,床单面料材质,纯棉,100% cotton3,,3 100
vi_thua_so,867980227703,home,枕套材质,纯棉,100% cotton4,,4 100
khac_so,1025109049537,home,尺寸规格,"150*200单被套, 180*220单被套, 200*230单被套, 220*240单被套, 【床单款】0.9床三件套-被套150*200, 【床单款】1.2床三件套-被套150*200, 【床单款】1.5床四件套-被套150*200, 【床单款】1.5床四件套-被套180*220, 【床单款】1.8床四件套-被套200*230, 【床单款】2.0床四件套-被套220*240, 【床笠款】1.2三件套-被套150*200, 【床笠款】1.5床四件套-被套150*200, 【床笠款】1.5床四件","Vỏ chăn đơn 150*200, Vỏ chăn đơn 180*220, Vỏ chăn đơn 200*230, Vỏ chăn đơn 220*240, 【Kiểu ga trải giường】Bộ 3 món cho giường 0.9m - Vỏ chăn 150*200, 【Kiểu ga trải giường】Bộ 3 món cho giường 1.2m - Vỏ chăn 150*200, 【Kiểu ga trải giường】Bộ 4 món cho gi",0.9 1.2 1.2 1.5 1.5 1.5 1.5 1.5 1.8 1.8 1.8 2 48 74 150 150 150 150 150 150 180 180 180 200 200 200 200 200 200 200 200 200 200 220 220 220 220 220 220 230 230 230 230 240 240 240,0.9 1 1 1.2 1.2 1.5 1.5 1.5 1.8 1.8 1.8 2 3 3 3 4 4 4 4 4 4 4 4 4 5 5 48 74 150 150 150 150 150 150 180 180 180 200 200 200 200 200 200 200 200 200 200 220 220 220 220 220 220 230 230 230 230 240 240 240
vi_thua_so,1025109049537,home,被面材质,纯棉,100% cotton2,,2 100
vi_thua_so,1025109049537,home,床单面料材质,纯棉,100% cotton1,,1 100
vi_thua_so,1025109049537,home,枕套材质,纯棉,100% cotton3,,3 100
vi_thua_so,1017512790299,home,材质,纯棉,100% cotton2,,2 100
vi_thua_so,1017512790299,home,被面材质,纯棉,100% cotton4,,4 100
vi_thua_so,1017512790299,home,床单面料材质,纯棉,100% cotton3,,3 100
vi_thua_so,1017512790299,home,枕套材质,纯棉,100% cotton1,,1 100
vi_thua_so,1073845353107,home,材质,纯棉,100% cotton2,,2 100
vi_thua_so,1073845353107,home,被面材质,纯棉,100% cotton1,,1 100
vi_thua_so,1073845353107,home,床单面料材质,纯棉,100% cotton3,,3 100
vi_thua_so,1073845353107,home,枕套材质,纯棉,100% cotton4,,4 100
vi_thua_so,766680095256,home,枕套材质,纯棉,100% cotton1,,1 100
vi_thua_so,766680095256,home,被面材质,纯棉,100% cotton2,,2 100
vi_thua_so,766680095256,home,床单面料材质,纯棉,100% cotton3,,3 100
vi_thua_so,1078719344832,home,材质,纯棉,100% cotton2,,2 100
vi_thua_so,1078719344832,home,被面材质,纯棉,100% cotton3,,3 100
vi_thua_so,1078719344832,home,床单面料材质,纯棉,100% cotton4,,4 100
vi_thua_so,1078719344832,home,枕套材质,全棉,100% cotton1,,1 100
vi_thua_so,1058904329881,home,材质,纯棉,100% cotton2,,2 100
vi_thua_so,1058904329881,home,花型,"【全棉贡缎提花】花屿—芭比粉A类亲肤裸睡级2026—新款高密新疆一级长绒棉, 【全棉贡缎提花】花屿—香芋紫A类亲肤裸睡级2026—新款高密新疆一级长绒棉, 【全棉贡缎提花】花屿—奶油黄A类亲肤裸睡级2026—新款高密新疆一级长绒棉, 【全棉贡缎提花】花屿—淡雅蓝A类亲肤裸睡级2026—新款高密新疆一级长绒棉, 【全棉贡缎提花】花屿—清新绿A类亲肤裸睡级2026—新款高密新疆一级长绒棉, 【全棉贡缎提花】繁花—白茶桃粉+月光色A类亲肤裸睡级2026—新款高密新疆一级长绒棉, 【全棉贡缎提花】繁花—","【Vải satin jacquard 100% cotton】Hoa Đảo — Hồng Barbie, cấp A thân thiện với da, chuẩn ngủ trần 2026 — Mẫu mới, cotton sợi dài cấp 1 Tân Cương mật độ cao, 【Vải satin jacquard 100% cotton】Hoa Đảo — Tím khoai môn, loại A thân thiện với da, cấp độ ngủ tr",2026 2026 2026 2026 2026 2026 2026 2026 2026 2026 2026,1 1 1 1 1 1 1 1 1 1 1 100 100 100 100 100 100 100 100 100 100 100 2026 2026 2026 2026 2026 2026 2026 2026 2026 2026 2026
vi_thua_so,1058904329881,home,被面材质,纯棉,100% cotton1,,1 100
vi_thua_so,1058904329881,home,床单面料材质,纯棉,100% cotton3,,3 100
vi_thua_so,1058904329881,home,枕套材质,纯棉,100% cotton4,,4 100
khac_so,1007487765513,home,尺寸规格,"160*210cm单被套, 180*220cm单被套, 200*230cm单被套, 220*240cm单被套, 0.9至1.2m床单款三件套被套150*200, 1.5m床单款四件套被套180*220, 1.5米至1.8m床单款四件套被套200.230, 2.0米2.2米m床单款四件套被套220*240, 1.5m床笠款四件套被套200*230床笠150*200, 1.8m床笠款四件套被套200.230床笠180*200, 1.8加大床笠四件套-被套220*240床笠180*200","Vỏ chăn đơn, kích thước 160 x 210 cm., Vỏ chăn đơn, kích thước 180 x 220 cm., Vỏ chăn đơn, kích thước 200 x 230 cm., Vỏ chăn đơn, kích thước 220 x 240 cm., Bộ 3 món ga trải giường 0.9-1.2m, vỏ chăn 150*200, Bộ chăn ga gối 4 món, ga trải giường 1.5m, ",0.9 1.2 1.5 1.5 1.5 1.8 1.8 1.8 2 2.2 150 150 160 180 180 180 180 200 200 200 200 200 200 200.23 200.23 210 220 220 220 220 220 230 230 240 240 240,0.9 1.2 1.5 1.5 1.5 1.8 1.8 1.8 2.22 3 4 4 4 4 4 4 150 150 160 180 180 180 180 200 200 200 200 200 200 200 210 220 220 220 220 220 230 230 230 240 240 240 200230
vi_thua_so,1080528532078,home,被面材质,纯棉,100% cotton2,,2 100
vi_thua_so,1080528532078,home,床单面料材质,纯棉,100% cotton3,,3 100
vi_thua_so,1080528532078,home,枕套材质,全棉,100% cotton1,,1 100
khac_so,1016434345073,home,尺寸规格,"150x200cm丨单被套, 180x220cm丨单被套, 200x230cm丨单被套, 0.9宿舍床单款三件套-被套150x200cm, 1.2床单款三件套-被套150x200cm, 1.5m床单四件套-被套150*200cm, 1.5床单款四件套-被套180x220cm, 1.8m床单四件套-被套180*220cm, 1.8床单款四件套-被套200x230cm, 2.0m床单四件套-被套200*230cm, 1.5m床笠四件套-被套200*230cm, 1.8m床笠四件套-被套200*230","150x200cm | Vỏ chăn đơn, 180x220cm | Vỏ chăn đơn, 200x230cm | Vỏ chăn đơn, Bộ chăn ga gối đệm 3 món cho ký túc xá - Vỏ chăn 150x200cm, 1.2 Bộ ba món ga trải giường - vỏ chăn 150x200cm, Bộ ga trải giường 4 món 1.5m - vỏ chăn 150*200cm, Bộ 4 món ga trả",0.9 1.2 1.5 1.5 1.5 1.8 1.8 1.8 2 150 150 150 150 180 180 180 200 200 200 200 200 200 200 200 200 220 220 220 230 230 230 230 230,1.2 1.5 1.5 1.5 1.8 1.8 1.8 2 3 4 4 4 4 4 4 4 150 150 150 150 180 180 180 200 200 200 200 200 200 200 200 200 220 220 220 230 230 230 230 230
vi_thua_so,891447278106,home,材质,纯棉,100% cotton1,,1 100
vi_thua_so,891447278106,home,被面材质,纯棉,100% cotton2,,2 100
vi_thua_so,1074706487897,home,材质,纯棉,100% cotton2,,2 100
vi_thua_so,1074706487897,home,被面材质,纯棉,100% cotton1,,1 100
vi_thua_so,1074706487897,home,床单面料材质,纯棉,100% cotton4,,4 100
vi_thua_so,1074706487897,home,枕套材质,纯棉,100% cotton3,,3 100
vi_thua_so,1074664050906,home,材质,纯棉,100% cotton3,,3 100
vi_thua_so,1074664050906,home,被面材质,纯棉,100% cotton2,,2 100
vi_thua_so,1074664050906,home,床单面料材质,全棉,100% cotton1,,1 100
vi_thua_so,1074664050906,home,枕套材质,纯棉,100% cotton4,,4 100
khac_so,1006881614830,home,尺寸规格,"1.2床单三件套被套150*200, 1.35床单四件套被套180*220, 1.5床单四件套被套200*230, 1.8床单四件套被套200*230, 2.0床单四件套被套220*240, 1.5床笠四件套被套200*230, 1.8床笠四件套被套200*230","Bộ ga trải giường 1,2 mét gồm ba món kèm vỏ chăn 150*200, Bộ ga trải giường 4 món 1.35, vỏ chăn 180*220, Bộ ga trải giường 4 món 1.5, vỏ chăn 200*230, Bộ ga trải giường 4 món 1.8m, vỏ chăn 200*2302, Bộ chăn ga gối 2.0, bao gồm vỏ chăn, kích thước 220",1.2 1.35 1.5 1.5 1.8 1.8 2 150 180 200 200 200 200 200 220 220 230 230 230 230 240,1.2 1.35 1.5 1.5 1.8 1.8 2 4 4 4 4 150 180 200 200 200 200 200 220 220 230 230 240 2301 2302
vi_thua_so,1078529289079,home,材质,纯棉,100% cotton3,,3 100
vi_thua_so,1078529289079,home,被面材质,纯棉,100% cotton2,,2 100
vi_thua_so,1078529289079,home,床单面料材质,纯棉,100% cotton1,,1 100
vi_thua_so,1078529289079,home,枕套材质,纯棉,100% cotton4,,4 100
khac_so,956188209499,home,尺寸规格,"0.9m床单款三件套-被套150*200, 1.2床单款三件套-被套150x200, 1.5床单款四件套-被套150x200, 1.8床单款四件套-被套180*220, 1.5床单款四件套-被套200*230, 1.8床单款四件套-被套200x230, 2.0床单款四件套-被套220x240, 1.5床笠款四件套-被套150*200, 1.8床笠款四件套-被套180*220, 1.5床笠款四件套-被套200*230, 1.8床笠款四件套-被套200*230, 2.0床笠款四件套-被套200*23","Bộ 3 món ga trải giường 0.9m - vỏ chăn 150*200, 1.2 Bộ ba món ga trải giường - vỏ chăn 150x200, Bộ 4 món ga trải giường 1.5m - vỏ chăn 150x200, Bộ chăn ga gối 1.8m - vỏ chăn 180*2202, Bộ 4 món ga trải giường 1.5m - vỏ chăn 200*230, Bộ 4 món ga trải g",0.9 1 1.2 1.5 1.5 1.5 1.5 1.8 1.8 1.8 1.8 2 2 2 2 2 2 150 150 150 150 150 150 180 180 180 180 200 200 200 200 200 200 200 200 200 200 200 200 200 200 220 220 220 220 220 220 220 230 230 230 230 230 230 230 240 240 240 240,0.9 1 1.2 1.5 1.5 1.5 1.5 1.8 1.8 1.8 1.8 2 2 2 2 2 3 4 4 4 4 4 4 4 4 150 150 150 150 150 150 180 180 180 180 200 200 200 200 200 200 200 200 200 200 200 200 200 200 220 220 220 220 220 220 220 230 230 230 230 230 230 230 240 240 240 240
khac_so,903680787190,home,尺寸规格,"1.5m床单款四件套【被套200x230cm床单245x245cm枕套48x74cm】, 1.8m床单款四件套【被套200x230cm床单245x245cm枕套48x74cm】, 2.0m床单款四件套【被套220x240cm床单245x245cm枕套48x74cm】, 1.5m床裙款四件套【被套200x230cm床裙150x200cm枕套48x74cm】, 1.8m床裙款四件套【被套200x230cm床裙180x200cm枕套48x74cm】, 2.0m床裙款四件套【被套220x240cm床裙2","Bộ 4 chiếc mẫu ga giường 1,5 m [Bộ chăn ga gối 200x230cm bìa gối 45x245cm 48x74cm], Bộ 4 chiếc mẫu ga giường 1,8 m [vỏ chăn 200x230cm vỏ gối 245x245cm 48x74cm], Bộ 4 chiếc mẫu ga trải giường 2.0m [Bộ chăn ga trải giường 220x240cm bìa gối 24x245cm 48x",1.2 1.5 1.5 1.5 1.8 1.8 1.8 2 2 48 48 48 48 48 48 48 48 48 74 74 74 74 74 74 74 74 74 150 150 150 180 180 180 200 200 200 200 200 200 200 200 200 200 200 200 220 220 220 220 230 230 230 230 230 230 240 240 245 245 245 245 245 245,1.2 1.5 1.5 1.5 1.8 1.8 1.8 2 2 4 4 4 4 4 4 4 4 24 45 48 48 48 48 48 48 48 48 48 74 74 74 74 74 74 74 74 74 150 150 150 180 180 180 200 200 200 200 200 200 200 200 200 200 200 200 220 220 220 220 230 230 230 230 230 230 240 240 245 245 245 245
vi_thua_so,1080261223898,home,被面材质,纯棉,100% cotton2,,2 100
vi_thua_so,1080261223898,home,床单面料材质,纯棉,100% cotton3,,3 100
vi_thua_so,1080261223898,home,枕套材质,纯棉,100% cotton1,,1 100
vi_thua_so,1043528750478,home,货号,新款A类60支长绒棉纯棉提花贡缎大提花四件套光泽绸缎感轻奢风,"Bộ chăn ga gối 4 món mẫu mới, cotton sợi dài 60s loại A, 100% cotton, dệt jacquard lụa satin, họa tiết jacquard lớn, bề mặt bóng mượt như lụa, phong cách sang trọng nhẹ nhàng.",60,4 60 100
vi_thua_so,1043528750478,home,花型,"花漪-紫【l全棉轻奢风 /A类母婴级】, 枝漫-奶白【l全棉轻奢风 /A类母婴级】, 湫波-绿【l全棉轻奢风 /A类母婴级】, 湫波-蓝【l全棉轻奢风 /A类母婴级】, 湫波-青提【l全棉轻奢风 /A类母婴级】, 丝涟-奶白【l全棉轻奢风 /A类母婴级】, 素简-咖【l全棉轻奢风 /A类母婴级】, 素简-奶白【l全棉轻奢风 /A类母婴级】, 缃影-紫【l全棉轻奢风 /A类母婴级】, 枝漫-灰【l全棉轻奢风 /A类母婴级】, 枝漫-咖【l全棉轻奢风 /A类母婴级】, 香草-淡雅紫【R全棉轻奢风 /","Hoa Y - Tím [100% cotton phong cách sang trọng nhẹ nhàng / Loại A chuẩn an toàn cho mẹ và bé], Chi Mạn - Trắng sữa [100% cotton phong cách sang trọng nhẹ nhàng / Loại A chuẩn an toàn cho mẹ và bé], Qiu Bo - Xanh lá [100% cotton phong cách sang trọng ",,100 100 100 100 100 100 100 100 100 100 100 100 100 100 100 100 100 100 100 100 100 100 100 100 100 100 100 100
khac_so,1050167570348,home,尺寸规格,"宿舍床三件套包括（被套+床单+枕套）, 宿舍床四件套包括（枕芯+三件套）, 宿舍床五件套包括（1.8斤夏被+枕芯+三件套）, 宿舍床五件套包括（3斤被+枕芯+三件套）, 宿舍床五件套包括（4斤被+枕芯+三件套）, 宿舍床五件套包括（5斤被+枕芯+三件套）, 宿舍床五件套包括（6斤被+枕芯+三件套）, 宿舍床五件套包括（8斤被+枕芯+三件套）, 0.9m床六件套包括（1.8斤夏被+床垫+枕芯+三件套）, 0.9m床六件套包括（3斤被+床垫+枕芯+三件套）, 0.9m床六件套包括（4斤被+床垫+枕芯","Bộ ba món chăn ga gối ký túc xá bao gồm (vỏ chăn + ga trải giường + vỏ gối), Bộ chăn ga gối 4 món cho giường ký túc xá bao gồm (ruột gối + bộ 3 món), Bộ 5 món giường ký túc xá bao gồm ( 0.9kg chăn hè + ruột gối + bộ 3 món), Bộ 5 món giường ký túc xá ",0.9 0.9 0.9 0.9 0.9 0.9 1.2 1.2 1.2 1.2 1.2 1.2 1.8 1.8 1.8 3 3 3 4 4 4 5 5 5 6 6 6 8 8 8,0.9 0.9 0.9 0.9 0.9 0.9 0.9 0.9 0.9 1 1.2 1.2 1.2 1.2 1.2 1.2 1.5 1.5 2 2 2 2 2.5 2.5 3 3 3 3 3 3 3 3 3 3 3 3 3 3 3 3 3 3 3 4 4 4 4 5 5 5 5 5 5 6 6 6 6 6 6 6 6 6 6 6 6
vi_thua_so,848278973396,home,花型,"吾安心（全棉一字绣工艺）, 南瓜屋（全棉一字绣工艺）, 云梦泽（全棉一字绣工艺）, 费洛斯（全棉一字绣工艺）, 米莱（全棉一字绣工艺）, 爱意浓（全棉一字绣工艺）, 林见兔（全棉一字绣工艺）, 米莱-兰（全棉一字绣工艺）, 米莱-紫（全棉一字绣工艺）, 花恬（全棉一字绣工艺）, 幽羽（全棉一字绣工艺）, 登威熊（全棉一字绣工艺）, 芬迪（全棉一字绣工艺）, 晚秋（全棉一字绣工艺）, 花意（全棉一字绣工艺）, 空间（全棉一字绣工艺）, 卡尼亚（全棉一字绣工艺）, 克莱尔（全棉一字绣工艺）, 向阳花","Wu Anxin (thủ công thêu một chữ cotton), Ngôi nhà bí ngô (thủ công thêu một chữ cotton), Yun Mengze (thủ công thêu một chữ cotton), Filos (quy trình thêu một từ cotton), Millai (quy trình thêu một chữ cotton), Aiyinong (thủ công thêu một chữ cotton),",,100 100 100 100 100
vi_thua_so,1043807142470,home,货号,120s长绒棉全棉四件套,Bộ chăn ga gối 4 món 100% cotton sợi dài 120s,120,4 100 120
vi_thua_so,1043807142470,home,被面材质,纯棉,100% cotton1,,1 100
vi_thua_so,1043807142470,home,床单面料材质,纯棉,100% cotton2,,2 100
vi_thua_so,1043807142470,home,枕套材质,纯棉,100% cotton3,,3 100
vi_thua_so,803140169565,home,材质,纯棉,100% cotton1,,1 100
khac_so,803140169565,home,尺寸规格,"0.9床【床单三件套】被套150x200cm, 1.0床【床单三件套】被套150x200cm, 1.2床【床单三件套】被套160x210cm, 1.35床【床单三件套】被套160x210cm, 1.5床【床单四件套】被套180X220cm, 1.5床【床单四件套】被套200X230cm, 1.8床【床单四件套】被套200X230cm, 1.2床【床笠三件套】被套160x210cm, 1.5床【床笠四件套】被套200X230cm, 1.8床【床笠四件套】被套200X230cm, 2.0m床【床单四","0.9 giường [bộ ga trải giường ba mảnh] vỏ chăn 150x200cm, 1.0 giường [bộ ga trải giường ba mảnh] vỏ chăn 150x200cm, 1. 2 giường [Bộ ga giường 3 món] vỏ chăn 160x210cm1, 1.35 giường [bộ ga trải giường ba mảnh] vỏ chăn 160x210cm, 1,5 giường [bộ ga trải",0.9 1 1.2 1.2 1.35 1.5 1.5 1.5 1.8 1.8 2 150 150 160 160 160 180 200 200 200 200 200 200 210 210 210 220 220 230 230 230 230 240,0.9 1 1 1 1 1 1 1 1.35 1.5 1.5 2 2 2 2 3 3 4 4 4 4 5 8 8 150 150 160 160 160 180 200 200 200 200 200 200 210 210 210 220 220 230 230 230 230 240
vi_thua_so,803140169565,home,被面材质,纯棉,100% cotton2,,2 100
vi_thua_so,803140169565,home,床单面料材质,纯棉,100% cotton3,,3 100
vi_thua_so,1009774625717,home,纯棉四件套不起球,全棉四件套100全棉,Bộ chăn ga gối 4 món 100% cotton1,100,1 4 100
vi_thua_so,1009774625717,home,枕套材质,纯棉,100% cotton1,,1 100
vi_thua_so,1009774625717,home,被面材质,纯棉,100% cotton2,,2 100
vi_thua_so,1009774625717,home,床单面料材质,纯棉,100% cotton3,,3 100
vi_thua_so,1009774625717,home,宿舍床品三件套,床上四件套全棉100纯棉,Bộ chăn ga gối 4 món 100% cotton2,100,2 4 100
khac_so,986929277628,home,尺寸规格,"150X200cm单被套, 180X220cm单被套, 200X230cm单被套, 1.2米三件套（被套150X200）, 1.5米四件套（被套150X200）, 1.8米四件套（被套180X220）, 2.0米四件套（被套200X230）","Vỏ chăn đơn 150X200cm, Vỏ chăn đơn 180X220cm, Vỏ chăn đơn 200X230cm, Bộ 1.5m món (vỏ chăn 150X200), Bộ 1.9m món (vỏ chăn 150X200), Bộ 2.2m món (vỏ chăn 180X220), Bộ 2.4m món (vỏ chăn 200X230)",1.2 1.5 1.8 2 150 150 150 180 180 200 200 200 200 200 220 220 230 230,1.5 1.9 2.2 2.4 150 150 150 180 180 200 200 200 200 200 220 220 230 230
vi_thua_so,1013097729488,home,材质,纯棉,100% cotton1,,1 100
vi_thua_so,1013097729488,home,被面材质,纯棉,100% cotton2,,2 100
vi_thua_so,1073164291989,home,尺寸规格,"【单被套】150x200cm, 【单被套】180x220cm, 【单被套】200x230cm, 1.2m床单三件套【被套150x200cm】, 1.5m床单四件套【被套180x220cm】, 1.8m床单四件套【被套200x230cm】, 2.0m床单四件套【被套220x240cm】, 1.5m床笠四件套【被套200x230cm】, 1.8m床笠四件套【被套200x230cm】","【Chỉ vỏ chăn】150x200cm, 【Vỏ chăn đơn】180X220CM, 【Chăn đơn】200x230cm, Bộ ga trải giường 3 món 1.2m [Vỏ chăn 150x200cm], Bộ ga trải giường 4 món 1,5m [vỏ chăn 180x220cm], Bộ ga trải giường 4 món 1.8m [Vỏ chăn 200x230cm]2, Bộ chăn ga gối đệm kích thước ",1.2 1.5 1.5 1.8 1.8 2 150 150 180 180 200 200 200 200 200 200 220 220 220 230 230 230 230 240,1 1.2 1.5 1.5 1.8 1.8 2 2 3 4 4 4 4 150 150 180 180 200 200 200 200 200 200 220 220 220 230 230 230 230 240
vi_thua_so,1063549343053,home,被面材质,纯棉,100% cotton1,,1 100
vi_thua_so,1063549343053,home,床单面料材质,纯棉,100% cotton3,,3 100
vi_thua_so,1063549343053,home,枕套材质,纯棉,100% cotton2,,2 100
vi_thua_so,779684462722,home,材质,纯棉,100% cotton1,,1 100
vi_thua_so,779684462722,home,被面材质,纯棉,100% cotton2,,2 100
vi_thua_so,779684462722,home,床单面料材质,纯棉,100% cotton3,,3 100
vi_thua_so,779684462722,home,枕套材质,纯棉,100% cotton4,,4 100
vi_thua_so,825531852668,home,材质,纯棉,100% cotton1,,1 100
vi_thua_so,825531852668,home,被面材质,纯棉,100% cotton2,,2 100
vi_thua_so,825531852668,home,床单面料材质,纯棉,100% cotton3,,3 100
vi_thua_so,825531852668,home,枕套材质,纯棉,100% cotton4,,4 100
khac_so,1077719122033,home,尺寸规格,"单被套150X200cm, 单被套180X220cm, 单被套200X230cm, 【被套+枕套】150X200cm, 【被套+枕套】180X220cm, 【被套+枕套】200X230cm, 1.2米三件套, 1.5米四件套, 1.8米四件套, 2米四件套, 小孩被套1.1米X1.5米","Vỏ chăn đơn 150x200cm, Vỏ chăn đơn 180x220cm, Vỏ chăn đơn 200x230cm, 【Vỏ chăn + vỏ gối】150x200cm, 【Vỏ chăn + vỏ gối】180x220cm, 【Vỏ chăn + vỏ gối】200X230CM, 1.5m bộ, Bộ 1.9m món, 2.2m bộ, 2.4m bộ sản phẩm, Bộ chăn ga trẻ em 1.1m X 1.5m",1.1 1.2 1.5 1.5 1.8 2 150 150 180 180 200 200 200 200 220 220 230 230,1.1 1.5 1.5 1.9 2.2 2.4 150 150 180 180 200 200 200 200 220 220 230 230
vi_thua_so,1075335434402,home,货号,梦露丝工厂｜轻奢a类100S长绒棉四件套贡缎全棉高支,"Nhà máy Mộng Lộ Tư | Bộ chăn ga gối 4 món cotton sợi dài 100S hạng A cao cấp, vải satin, 100% cotton, sợi cao cấp",100,4 100 100
vi_thua_so,1075335434402,home,被面材质,纯棉,100% cotton3,,3 100
vi_thua_so,1075335434402,home,床单面料材质,纯棉,100% cotton2,,2 100
vi_thua_so,1075335434402,home,枕套材质,纯棉,100% cotton1,,1 100
vi_thua_so,1075035289874,home,材质,纯棉,100% cotton2,,2 100
vi_thua_so,1075035289874,home,花型,"全棉贡缎提花/花屿—芭比粉A类亲肤裸睡级2026—新款高密新疆一级长绒棉, 全棉贡缎提花/花屿—香芋紫A类亲肤裸睡级2026—新款高密新疆一级长绒棉, 全棉贡缎提花/花屿—奶油黄A类亲肤裸睡级2026—新款高密新疆一级长绒棉, 全棉贡缎提花/花屿—淡雅蓝A类亲肤裸睡级2026—新款高密新疆一级长绒棉, 全棉贡缎提花/花屿—清新绿A类亲肤裸睡级2026—新款高密新疆一级长绒棉, 全棉贡缎提花/繁花—白茶桃粉+月光色A类亲肤裸睡级2026—新款高密新疆一级长绒棉, 全棉贡缎提花/繁花—北极蓝+浅灰银","Vải satin jacquard 100% cotton / Hoa Đảo — Hồng Barbie, loại A, thân thiện với da, cấp độ ngủ trần 2026 — Mẫu mới, mật độ cao, bông sợi dài cấp 1 Tân Cương, Vải satin jacquard 100% cotton / Hoa Đảo — Tím khoai môn, loại A, thân thiện với da, cấp độ n",2026 2026 2026 2026 2026 2026 2026 2026 2026 2026 2026,1 1 1 1 1 1 1 1 1 1 1 100 100 100 100 100 100 100 100 100 100 100 2026 2026 2026 2026 2026 2026 2026 2026 2026 2026 2026
vi_thua_so,1075035289874,home,被面材质,纯棉,100% cotton1,,1 100
vi_thua_so,1075035289874,home,枕套材质,全棉,100% cotton3,,3 100
khac_so,899647445220,home,尺寸规格,"1.2米学生宿舍上下铺三件套（被罩1个+床单1个+枕套1个）, 1.5米 3件套（被罩1个+床单1个+枕套1个）, 1.8米 3件套（被罩1个+床单1个+枕套1个】, 2.0米 3件套（被罩1个+床单1个+枕套1个）1）, 1.5X2m 单件 被 套, 1.8X2.3m 单件 被 套, 2X2.3m 单件 被 套, 1.5米四件套（被罩1个+床单1个+枕套2个）, 1.8米四件套（被罩1个+床单1个+枕套2个）, 2.0米四件套（被罩1个+床单1个+枕套2个）","1,2 mét giường tầng ký túc xá sinh viên ba mảnh (chăn bông, 1 ga trải giường, 1 vỏ gối), Bộ 3 mảnh 1,5 mét (vỏ chăn, 1 ga trải giường, 1 vỏ gối), Bộ 3 mảnh 1,8 m (vỏ chăn, 1 ga trải giường, 1 vỏ gối], Bộ 3 mảnh 2.0 m (1 ga trải giường, 1 vỏ gối) 1), ",1 1 1 1 1 1 1 1 1 1 1 1 1 1 1 1 1 1 1 1.2 1.5 1.5 1.5 1.8 1.8 1.8 2 2 2 2 2 2 2 2.3 2.3 3 3 3,1 1 1 1 1 1 1 1 1 1 1 1 1 1 1 1.2 1.5 1.5 1.5 1.8 1.8 2 2 2 2 2 2 2 2.3 2.3 3 3 3 8
vi_thua_so,1002500051122,home,货号,全棉贝壳边 禧之鸿,Viền vỏ sò 100% cotton Xīzhīhóng,,100
vi_thua_so,905320890575,home,材质,纯棉,100% cotton1,,1 100
vi_thua_so,905320890575,home,被面材质,纯棉,100% cotton2,,2 100
vi_thua_so,905320890575,home,床单面料材质,纯棉,100% cotton3,,3 100
vi_thua_so,905320890575,home,枕套材质,纯棉,100% cotton4,,4 100
vi_thua_so,669434526100,home,材质,纯棉,100% cotton1,,1 100
vi_thua_so,669434526100,home,被面材质,纯棉,100% cotton2,,2 100
vi_thua_so,669434526100,home,床单面料材质,纯棉,100% cotton3,,3 100
vi_thua_so,669434526100,home,枕套材质,纯棉,100% cotton4,,4 100
vi_thua_so,1074693709239,home,材质,纯棉,100% cotton2,,2 100
vi_thua_so,1074693709239,home,被面材质,纯棉,100% cotton4,,4 100
vi_thua_so,1074693709239,home,床单面料材质,纯棉,100% cotton3,,3 100
vi_thua_so,1074693709239,home,枕套材质,纯棉,100% cotton1,,1 100
khac_so,892947102028,home,尺寸规格,"1.5m床单款四件套【被套200x230cm床单245x245cm枕套48x74cm】, 1.8m床单款四件套【被套200x230cm床单245x245cm枕套48x74cm】, 2.0m床单款四件套【被套220x240cm床单245x265cm枕套48x74cm】, 1.5m床笠款四件套【被套200x230cm床笠150x200cm枕套48x74cm】, 1.8m床笠款四件套【被套200x230cm床笠180x200cm枕套48x74cm】, 1.2m床单款三件套【被套150x200cm床单1","Bộ 4 chiếc mẫu ga giường 1,5 m [Bộ chăn ga gối 200x230cm bìa gối 45x245cm 48x74cm], Bộ 4 chiếc mẫu ga giường 1,8 m [vỏ chăn 200x230cm vỏ gối 245x245cm 48x74cm], Bộ 4 chiếc mẫu ga trải giường 2.0m [Bộ chăn ga trải giường 220x240cm bìa gối 45x265cm 48x",1.2 1.5 1.5 1.8 1.8 2 48 48 48 48 48 48 74 74 74 74 74 74 150 150 180 180 200 200 200 200 200 200 200 220 230 230 230 230 230 240 245 245 245 245 245 265,1.2 1.5 1.5 1.8 1.8 2 4 4 4 4 4 45 45 48 48 48 48 48 48 74 74 74 74 74 74 150 150 180 180 200 200 200 200 200 200 200 220 230 230 230 230 230 240 245 245 245 265
khac_so,1010749760261,home,货号,20250918润锦云,18/09/2025 Runjin Yun,2.02509e+07,9 18 2025
khac_so,1010749760261,home,尺寸规格,"1.5m床单款四件套（被套200*230CM）, 1.8m床单款四件套（被套200*230CM）, 2.0m床单款四件套（被套220*240CM）, 1.5m床笠款四件套（被套200*230CM）, 1.8m床笠款四件套（被套200*230CM）, 特殊1.8m床笠款四件套（被套220*240CM）","Bộ chăn ga gối cho giường 1,5m (vỏ chăn kích thước 200*230cm)., Bộ chăn ga gối đệm cho giường 1,8m (vỏ chăn kích thước 200*230cm)., Bộ chăn ga gối 4 món (ga trải giường 220*240cm), Bộ ga trải giường 1.5m gồm 4 món (vỏ chăn 200*230cm), Bộ chăn ga gối ",1.5 1.5 1.8 1.8 1.8 2 200 200 200 200 220 220 230 230 230 230 240 240,1.5 1.5 1.8 1.8 1.8 4 4 4 4 200 200 200 200 220 220 230 230 230 230 240 240
vi_thua_so,1010749760261,home,被面材质,纯棉,100% cotton3,,3 100
vi_thua_so,1010749760261,home,床单面料材质,纯棉,100% cotton2,,2 100
vi_thua_so,1010749760261,home,枕套材质,纯棉,100% cotton1,,1 100
vi_thua_so,1072536705354,home,材质,纯棉,100% cotton3,,3 100
vi_thua_so,1072536705354,home,枕套材质,纯棉,100% cotton1,,1 100
vi_thua_so,1072536705354,home,被面材质,纯棉,100% cotton2,,2 100
vi_thua_so,1006550578108,home,材质,纯棉,100% cotton2,,2 100
vi_thua_so,1006550578108,home,被面材质,纯棉,100% cotton4,,4 100
vi_thua_so,1006550578108,home,床单面料材质,纯棉,100% cotton3,,3 100
vi_thua_so,1006550578108,home,枕套材质,纯棉,100% cotton1,,1 100
vi_thua_so,913901743951,home,尺寸规格,"1.2m床单款三件套（被套150cmX200cm）, 1.5m床单款四件套（被套200cmX230cm）, 1.8m床单款四件套（被套200cmX230cm）, 2.0m床单款四件套（被套220cmX240cm）, 1.2m床笠款三件套（被套150cmX200cm）, 1.5m床笠款四件套（被套200cmX230cm）, 1.8m床笠款四件套（被套200cmX230cm）, 1.8m床笠款被套加大四件套（被套220cmX240cm）, 单被套150cmX200cm, 单被套200cmX230cm","Bộ ba mảnh ga giường 1,2 m (vỏ chăn 150cmX200cm), Bộ 4 chiếc ga trải giường 1,5 m (vỏ chăn 200cmX230cm), Bộ 4 chiếc ga giường 1,8 m (vỏ chăn 200cmX230cm)1, Bộ 4 chiếc mẫu ga trải giường 2.0m (vỏ chăn 220cm X240 cm), Bộ ba chiếc khăn trải giường 1,2 m",1.2 1.2 1.5 1.5 1.8 1.8 1.8 2 48 74 150 150 150 200 200 200 200 200 200 200 200 220 220 220 230 230 230 230 230 240 240 240,1 1.2 1.2 1.5 1.5 1.8 1.8 1.8 2 2 4 4 4 4 4 4 48 74 150 150 150 200 200 200 200 200 200 200 200 220 220 220 230 230 230 230 230 240 240 240
vi_thua_so,707700664932,home,材质,纯棉,100% cotton1,,1 100
vi_thua_so,707700664932,home,被面材质,纯棉,100% cotton2,,2 100
vi_thua_so,707700664932,home,床单面料材质,纯棉,100% cotton3,,3 100
vi_thua_so,707700664932,home,枕套材质,纯棉,100% cotton4,,4 100
vi_thua_so,1017934001660,home,材质,纯棉,100% cotton1,,1 100
vi_thua_so,1017934001660,home,被面材质,纯棉,100% cotton3,,3 100
vi_thua_so,1017934001660,home,床单面料材质,纯棉,100% cotton4,,4 100
vi_thua_so,1017934001660,home,枕套材质,纯棉,100% cotton2,,2 100
vi_thua_so,1066603449576,home,材质,纯棉,100% cotton4,,4 100
vi_thua_so,1066603449576,home,花型,"【全棉贡缎提花】花屿—芭比粉, 【全棉贡缎提花】花屿—香芋紫, 【全棉贡缎提花】花屿—奶油黄, 【全棉贡缎提花】花屿—淡雅蓝, 【全棉贡缎提花】花屿—清新绿, 【全棉贡缎提花】繁花—白茶桃粉+月光色, 【全棉贡缎提花】繁花—北极蓝+浅灰银, 【全棉贡缎提花】繁花—罗兰紫+浅灰银, 【全棉贡缎提花】繁花—裸粉+格调灰, 【全棉贡缎提花】繁花—奶绿+浅绿灰, 【全棉贡缎提花】繁花—乳白色+亚麻驼","【Vải satin jacquard 100% cotton】Hoa Đảo—Hồng Barbie, 【Vải satin jacquard 100% cotton】Hoa Đảo—Tím khoai môn, 【Vải satin jacquard 100% cotton】Hoa Đảo—Vàng kem, 【Vải satin jacquard 100% cotton】Hoa Đảo—Xanh nhạt thanh lịch, 【Vải satin jacquard 100% cotto",,100 100 100 100 100 100 100 100 100 100
vi_thua_so,1066603449576,home,被面材质,纯棉,100% cotton1,,1 100
vi_thua_so,1066603449576,home,床单面料材质,纯棉,100% cotton3,,3 100
vi_thua_so,1066603449576,home,枕套材质,纯棉,100% cotton2,,2 100
vi_thua_so,1082777781984,home,床单面料材质,纯棉,100% cotton1,,1 100
vi_thua_so,1082777781984,home,枕套材质,全棉,100% cotton2,,2 100
khac_so,949505424127,home,尺寸规格,"0.9m床单款学生三件套被套150x200, 1.2m床单四件套被套150x200, 1.5m床单四件套被套180x220, 1.8m床单四件套被套180x220, 1.5m床单四件套被套200x230, 1.8m床单四件套被套200x230, 1.5m床笠四件套被套180x220, 1.8m床笠四件套被套180x220, 1.5m床笠四件套被套200x230, 1.8m床笠四件套被套200x230","Vỏ chăn 3 mảnh kiểu ga trải giường học sinh 0,9m 150x200, Vỏ chăn bốn mảnh ga trải giường 1,2m 150x200, Ga trải giường 1,5m Vỏ chăn bốn mảnh 180x2201, Vỏ chăn bốn mảnh ga trải giường 1,8m 180x220, Ga trải giường 1,5m Vỏ chăn bốn mảnh 200x230, Ga trải",0.9 1.2 1.5 1.5 1.5 1.5 1.8 1.8 1.8 1.8 150 150 180 180 180 180 200 200 200 200 200 200 220 220 220 220 230 230 230 230,0.9 1.2 1.5 1.5 1.5 1.5 1.8 1.8 1.8 1.8 3 4 4 150 150 180 180 180 180 200 200 200 200 200 200 220 220 220 230 230 230 2201 2301
vi_thua_so,1075527038196,home,被面材质,纯棉,100% cotton1,,1 100
vi_thua_so,1075527038196,home,床单面料材质,纯棉,100% cotton2,,2 100
vi_thua_so,1075527038196,home,枕套材质,纯棉,100% cotton3,,3 100
vi_thua_so,1019429406373,home,被面材质,纯棉,100% cotton3,,3 100
vi_thua_so,1019429406373,home,床单面料材质,纯棉,100% cotton1,,1 100
vi_thua_so,1019429406373,home,枕套材质,纯棉,100% cotton2,,2 100
vi_thua_so,802429578349,home,材质,纯棉,100% cotton1,,1 100
vi_thua_so,802429578349,home,被面材质,纯棉,100% cotton2,,2 100
vi_thua_so,802429578349,home,床单面料材质,纯棉,100% cotton3,,3 100
vi_thua_so,802429578349,home,枕套材质,纯棉,100% cotton4,,4 100
vi_thua_so,796315307082,home,材质,纯棉,100% cotton1,,1 100
vi_thua_so,796315307082,home,被面材质,纯棉,100% cotton2,,2 100
vi_thua_so,796315307082,home,床单面料材质,纯棉,100% cotton3,,3 100
vi_thua_so,796315307082,home,枕套材质,纯棉,100% cotton4,,4 100
vi_thua_so,820866302877,home,材质,纯棉,100% cotton1,,1 100
vi_thua_so,820866302877,home,被面材质,纯棉,100% cotton2,,2 100
vi_thua_so,820866302877,home,床单面料材质,纯棉,100% cotton3,,3 100
vi_thua_so,820866302877,home,枕套材质,纯棉,100% cotton4,,4 100
vi_thua_so,1026774216147,home,被面材质,纯棉,100% cotton2,,2 100
vi_thua_so,1026774216147,home,床单面料材质,纯棉,100% cotton1,,1 100
vi_thua_so,1041048866017,home,被面材质,纯棉,100% cotton2,,2 100
vi_thua_so,1041048866017,home,床单面料材质,纯棉,100% cotton3,,3 100
vi_thua_so,1041048866017,home,枕套材质,纯棉,100% cotton1,,1 100
khac_so,1081964101854,home,尺寸规格,"软糯亲肤单被套150*200, 软糯亲肤单被套180*220, 软糯亲肤单被套200*230, 学生宿舍三件套/被套150*200, 1.2床单三件套/被套150*200, 1.5床笠四件套/被套150*200, 1.5床笠四件套/被套180*220, 1.8床笠四件套/被套180*220, 1.5床笠四件套【被套2米*2.3米, 1.8床笠四件套【被套2米*2.3米","Vỏ chăn đơn mềm mại, thân thiện với da 150*200, Vỏ chăn đơn mềm mại, thân thiện với da 180*220, Vỏ chăn đơn mềm mại, thân thiện với da 200*230, Bộ 3 món ký túc xá sinh viên / Vỏ chăn 150*200, 1.2 Bộ ga trải giường 3 món/vỏ chăn 150*200, Bộ ga bọc đệm",1.2 1.5 1.5 1.5 1.8 1.8 2 2 2.3 2.3 150 150 150 150 180 180 180 200 200 200 200 200 220 220 220 230,1.2 1.5 1.5 1.5 1.8 2 2 2.3 2.3 3 3 4 4 4 150 150 150 150 180 180 180 200 200 200 200 200 220 220 220 230
vi_thua_so,893382547516,home,花型,"磨毛四件套, 全棉四件套, 贡缎四件套, 沙发垫, 夏被, 冬被, 毛毯","Bộ bốn chiếc chải, Bộ bốn chiếc 100% cotton, Bộ bốn chi tiết satin, Đệm sofa, Chăn mùa hè, Chăn mùa đông, Thảm lông",,100
vi_thua_so,1024151002004,home,被面材质,纯棉,100% cotton2,,2 100
vi_thua_so,1024151002004,home,床单面料材质,纯棉,100% cotton3,,3 100
vi_thua_so,1024151002004,home,枕套材质,纯棉,100% cotton1,,1 100
khac_so,938679923750,home,尺寸规格,"0.9m床三件套【150X200cm被套+床单+枕套1只】, 1.2m床三件套【150X200cm被套+床单+枕套1只】, 1.5m床四件套【200X230cm被套+床单+枕套2只】, 1.8m床四件套【200X230cm被套+床单+枕套2只】, 2.0m床四件套【220X240cm被套+床单+枕套2只】, 床笠款-1.5m床四件套【200X230cm被套+床笠+枕套2只】, 床笠款-1.8m床四件套【200X230cm被套+床笠+枕套2只】","Bộ ba chiếc giường 0,9 m [150x200cm vỏ chăn ga gối 1 chiếc], Bộ ba chiếc giường 1,2 m [150x200cm vỏ chăn ga gối 1 chiếc], Bộ 4 chiếc giường 1,5 m [Bộ chăn ga gối 2 chiếc 200x230cm], Bộ 4 chiếc giường 1,8 m [Bộ chăn ga gối 2 chiếc 200x230cm], Bộ 4 chi",0.9 1 1 1.2 1.5 1.5 1.8 1.8 2 2 2 2 2 2 150 150 200 200 200 200 200 200 220 230 230 230 230 240,0.9 1 1 1.2 1.5 1.5 1.8 1.8 2 2 2 2 2 2 4 4 4 4 4 20 150 150 200 200 200 200 200 200 230 230 230 230 240
khac_so,762016864219,home,尺寸规格,"1.2m床单三件套 被套1.5*2.0m床单1.6*2.3m枕套*1, 1.5m床单四件套 被套2.0*2.3m床单2.3*2.45m枕套*2, 1.8m床单四件套 被套2.0*2.3m床单2.3*2.45m枕套*2, 2.0m床单四件套 被套2.2*2.4m床单2.3*2.65m枕套*2, 1.5m床笠四件套 被套2.0*2.3m床笠1.5*2.0m枕套*2, 1.8m床笠四件套 被套2.0*2.3m床笠1.8*2.0m枕套*2, 单被套 1.5*2.0m, 单被套 1.8*2.2m, 单被套","Bộ chăn ga gối 1,2 m Bộ chăn ga gối 3 tấm 1,5*2,0 m Bộ chăn ga gối 1,6*2.3m * 1, Bộ chăn ga gối ga giường 1,5 m bộ 4 chiếc 2.0 * ga gối 2.3*2.45m * 2, Bộ chăn ga gối ga gối 4 mảnh 1,8 m 2.0 * ga gối 2.3*2.45m * 2, Bộ chăn ga gối 4 tấm 2.0m 2.2*2.4m g",1 1.2 1.5 1.5 1.5 1.5 1.5 1.6 1.8 1.8 1.8 1.8 2 2 2 2 2 2 2 2 2 2 2 2 2 2 2 2.2 2.2 2.2 2.3 2.3 2.3 2.3 2.3 2.3 2.3 2.3 2.3 2.4 2.4 2.45 2.45 2.65,1 1.2 1.5 1.5 1.5 1.5 1.5 1.6 1.8 1.8 1.8 1.8 2 2 2 2 2 2 2 2 2 2 2 2 2 2 2 2.2 2.2 2.2 2.3 2.3 2.3 2.3 2.3 2.3 2.3 2.4 2.4 2.45 2.45 2.65 3 4 4 4 4 4
vi_thua_so,970904606019,home,尺寸规格,"0.9-1.2m宿舍床单款三件套（被套150x200cm+床单160*230cm+枕套一只）, 1.2m床单款四件套（被套150x200cm+床单180*230cm+枕套一对）, 1.5m-1.8m床单款四件套（被套180x220cm+床单235*250cm+枕套一对）, 1.5m-1.8m床单款四件套（被套200x230cm+床单235*250cm+枕套一对）, 2.0m床单款四件套（被套220x240cm+床单235*250cm+枕套一对）, 1.2m床笠款四件套（被套150x200cm+床","Bộ ga trải giường ba mảnh 0,9-1,2m (vỏ chăn 150x200cm + ga trải giường 160 * 230cm + một vỏ gối), Bộ ga trải giường 1,2m gồm bốn món (vỏ chăn 150x200cm + ga trải giường 180*230cm + cặp vỏ gối), Bộ ga trải giường 4 món 1,5m-1,8m (vỏ chăn 180x220cm+ga ",0.9 1.2 1.2 1.2 1.5 1.5 1.5 1.5 1.8 1.8 1.8 1.8 1.8 2 120 150 150 150 150 150 150 160 180 180 180 180 180 180 180 180 200 200 200 200 200 200 200 200 200 200 200 200 200 200 220 220 220 220 220 220 220 230 230 230 230 230 230 235 235 235 240 240 240 250 250 250,0.9 1.2 1.2 1.2 1.5 1.5 1.5 1.5 1.8 1.8 1.8 1.8 1.8 2 2 2 4 4 4 120 150 150 150 150 150 150 160 180 180 180 180 180 180 180 180 200 200 200 200 200 200 200 200 200 200 200 200 200 200 220 220 220 220 220 220 220 230 230 230 230 230 230 235 235 235 240 240 240 250 250 250
vi_thua_so,956630154771,home,材质,纯棉,100% cotton1,,1 100
vi_thua_so,956630154771,home,尺寸规格,"1.2m床-床单款三件套（被套150*200cm）, 1.5m床-床单款四件套（被套200*230cm）, 1.8m床-床单款四件套（被套200*230cm）, 2.0m床-床单款四件套（被套220*240cm）, 1.2m床-床笠款三件套（被套150*200cm）, 1.5m床-床笠款四件套（被套200*230cm）, 1.8m床-床笠款四件套（被套200*230cm）, 1.8m床笠款加大四件套（被套220*240cm）, 单被套-150*200cm, 单被套-200*230cm, 单被套-","Bộ 3 món ga trải giường 1.2m (vỏ chăn 150*200cm)1, Giường kích thước 1,5m – bộ chăn ga gối đệm gồm bốn món (vỏ chăn kích thước 200*230cm)., Bộ chăn ga gối 4 món cho giường 1.8m (vỏ chăn 200*230cm), Bộ 4 món ga trải giường 2.0m (vỏ chăn 220*240cm), Bộ",1.2 1.2 1.5 1.5 1.8 1.8 1.8 2 150 150 150 200 200 200 200 200 200 200 200 220 220 220 230 230 230 230 230 240 240 240,1 1.2 1.2 1.5 1.5 1.8 1.8 1.8 2 2 3 3 4 4 4 4 4 150 150 150 200 200 200 200 200 200 200 200 220 220 220 230 230 230 230 230 240 240 240
vi_thua_so,956630154771,home,被面材质,纯棉,100% cotton4,,4 100
vi_thua_so,956630154771,home,床单面料材质,纯棉,100% cotton3,,3 100
vi_thua_so,956630154771,home,枕套材质,纯棉,100% cotton2,,2 100
vi_thua_so,1064386344238,home,花型,"纳瑞小狗【全棉面料一套用毕业】, 暮洛星【全棉面料一套用毕业】, 橘子格【全棉面料一套用毕业】, 贝母星空【全棉面料一套用毕业】, 珍妮小兔【全棉面料一套用毕业】, 耀眼星格【全棉面料一套用毕业】, 月球摘星【全棉面料一套用毕业】, 心软曲奇【全棉面料一套用毕业】, 摇滚小狗【全棉面料一套用毕业】, 云月小熊【全棉面料一套用毕业】, 兔子探险【全棉面料一套用毕业】, 优雅小猫【全棉面料一套用毕业】, 雪瑞宝贝【全棉面料一套用毕业】, 星格悦己【全棉面料一套用毕业】, 兔子警官【全棉面料一套用毕业","Chú chó Nary [Bộ đồ vải cotton nguyên chất dùng cho lễ tốt nghiệp], Mộ Lạc Tinh [Bộ đồ vải cotton nguyên chất dùng cho lễ tốt nghiệp], Bộ đồ vải cotton họa tiết kẻ caro cam [dùng cho lễ tốt nghiệp], Bối Mẫu Tinh Không [Bộ đồ vải cotton nguyên chất dù",,100
vi_thua_so,1064386344238,home,床单面料材质,纯棉,100% cotton2,,2 100
vi_thua_so,1064386344238,home,枕套材质,全棉,100% cotton1,,1 100
vi_thua_so,1080202697273,home,材质,纯棉,100% cotton2,,2 100
vi_thua_so,1080202697273,home,被面材质,纯棉,100% cotton4,,4 100
vi_thua_so,1080202697273,home,床单面料材质,纯棉,100% cotton1,,1 100
vi_thua_so,1080202697273,home,枕套材质,纯棉,100% cotton3,,3 100
vi_thua_so,1056318068494,home,尺寸规格,"0.9m床【床单三件套】-适合150x200cm被芯*, 1.0m床【床单三件套】-适合150x200cm被芯*, 1.2m床【床单三件套】-适合150x200cm被芯*, 1.5m床【床单四件套】-适合150x200cm被芯*, 1.8m床【床单四件套】-适合180x220cm被芯*, 2.0m床【床单四件套】-适合200x230cm被芯*, 2.2m床【床单四件套】-适合220x240cm被芯*, 0.9-1.2m床四件套【三件套+1只枕芯】*, 0.9-1.2m床五件套【三件套+1只枕芯+","Giường 0.9m [Bộ ga trải giường 3 món] - Phù hợp với ruột chăn 150x200cm*, Giường 1.0m [Bộ ga trải giường 3 món] - Phù hợp với ruột chăn 150x200cm*, Bộ chăn ga gối đệm ba món, kích thước 1,2m – phù hợp với chăn bông kích thước 150x200cm., Giường 1.5m ",0.9 0.9 0.9 0.9 0.9 1 1 1 1 1 1 1 1 1 1 1 1 1 1 1 1.2 1.2 1.2 1.2 1.2 1.5 1.8 2 2.2 4 4 4 4 150 150 150 150 180 200 200 200 200 200 220 220 230 240,0.9 0.9 0.9 0.9 0.9 1 1 1 1 1 1 1 1 1 1 1 1 1 1 1 1.2 1.2 1.2 1.2 1.2 1.5 1.8 2 2 2 2 2 2.2 3 3 3 3 3 3 3 4 4 4 4 5 6 6 6 150 150 150 150 180 200 200 200 200 200 220 220 230 240
vi_thua_so,1078829002704,home,被面材质,纯棉,100% cotton1,,1 100
vi_thua_so,1078829002704,home,床单面料材质,纯棉,100% cotton3,,3 100
vi_thua_so,1078829002704,home,枕套材质,纯棉,100% cotton2,,2 100
vi_thua_so,1072213011438,home,被面材质,纯棉,100% cotton2,,2 100
vi_thua_so,1072213011438,home,床单面料材质,纯棉,100% cotton3,,3 100
vi_thua_so,1072213011438,home,枕套材质,纯棉,100% cotton1,,1 100
vi_thua_so,1080897896768,home,材质,纯棉,100% cotton1,,1 100
vi_thua_so,1080897896768,home,被面材质,纯棉,100% cotton2,,2 100
vi_thua_so,1080897896768,home,床单面料材质,纯棉,100% cotton4,,4 100
vi_thua_so,1080897896768,home,枕套材质,纯棉,100% cotton3,,3 100
vi_thua_so,1074585687312,home,材质,纯棉,100% cotton1,,1 100
vi_thua_so,1074585687312,home,被面材质,纯棉,100% cotton2,,2 100
vi_thua_so,1074585687312,home,床单面料材质,纯棉,100% cotton3,,3 100
vi_thua_so,1079522716456,home,材质,纯棉,100% cotton1,,1 100
vi_thua_so,1079522716456,home,被面材质,纯棉,100% cotton3,,3 100
vi_thua_so,1079522716456,home,床单面料材质,纯棉,100% cotton4,,4 100
vi_thua_so,1079522716456,home,枕套材质,纯棉,100% cotton2,,2 100
vi_thua_so,801969584456,home,尺寸规格,"1.2m床单款三件套（被套150x200cm）, 1.2m床单款四件套（被套150X200cm）, 1.5m床单款四件套（被套150X200cm）, 1.5m床单款四件套（被套180X220cm）, 1.5m床单款四件套（被套200X230cm）, 1.8m床单款四件套（被套180X220cm）, 1.8m床单款四件套（被套200X230cm）, 2.0m床单款四件套（被套220X240cm）, 1.2m床笠款三件套（被套150X200cm）, 1.2m床笠款四件套（被套150X200cm）, ","Bộ ba mảnh ga giường 1,2 m (vỏ chăn 150x200cm), Bộ bốn mảnh ga giường 1,2 m (vỏ chăn 150X200cm), Bộ bốn mảnh ga trải giường 1,5 m (vỏ chăn 150x200cm), Bộ bốn mảnh ga giường 1,5 m (vỏ chăn 180x220cm), Bộ bốn mảnh ga trải giường 1,5 m (vỏ chăn 200x230c",1.2 1.2 1.2 1.2 1.5 1.5 1.5 1.5 1.5 1.5 1.8 1.8 1.8 1.8 1.8 2 48 74 150 150 150 150 150 150 150 180 180 180 180 180 200 200 200 200 200 200 200 200 200 200 200 200 220 220 220 220 220 220 220 220 230 230 230 230 230 240 240 240,1 1.2 1.2 1.2 1.2 1.5 1.5 1.5 1.5 1.5 1.5 1.8 1.8 1.8 1.8 1.8 2 2 4 4 4 4 4 4 4 4 4 48 74 150 150 150 150 150 150 150 180 180 180 180 180 200 200 200 200 200 200 200 200 200 200 200 200 220 220 220 220 220 220 220 220 230 230 230 230 230 240 240 240
khac_so,833203031215,home,尺寸规格,"150*210【单被套】, 180*220【单被套】, 200*230【单被套】, 220*240【单被套】, 150*210被套＋枕套一对, 180*220被套＋枕套一对, 200*230被套＋枕套一对, 220*240被套＋枕套一对, 1.5米床四件套【4.8斤左右，被套150×210】, 1.8米床四件套【5.2斤左右，被套180×220】, 2.0床四件套【5.6斤左右，被套200×230】, 2.0床四件套【6斤左右，被套240×220","150*210 [vỏ chăn đơn], 180*220 [vỏ chăn đơn], 200*230 [vỏ chăn đơn], 220*240 [vỏ chăn đơn], Cặp vỏ chăn + vỏ gối 150*210, Cặp vỏ chăn + vỏ gối 180*220, Cặp vỏ chăn + vỏ gối 200*230, Cặp vỏ chăn + vỏ gối 220*240, Bộ chăn ga gối đệm bốn món [khoảng 2.4",1.5 1.8 2 2 4.8 5.2 5.6 6 150 150 150 180 180 180 200 200 200 210 210 210 220 220 220 220 220 220 230 230 230 240 240 240,1.8 2 2 2.4 2.6 2.8 3 150 150 150 180 180 180 200 200 200 210 210 210 220 220 220 220 220 220 230 230 230 240 240 240
vi_thua_so,1032974114838,home,花型,"宝蓝+月白兰【60支高支高密全棉 】, 藏青+卡其【60支高支高密全棉 】, 藏青+月白兰【60支高支高密全棉 】, 藏青色【60支高支高密全棉 】, 粉色【60支高支高密全棉 】, 粉色+玉色【60支高支高密全棉 】, 果绿+卡其【60支高支高密全棉 】, 果绿+香芋紫【60支高支高密全棉 】, 红驼+卡其【60支高支高密全棉 】, 红驼+月白兰【60支高支高密全棉 】, 红驼色【60支高支高密全棉 】, 灰绿+果绿【60支高支高密全棉 】, 灰绿+香芋紫【60支高支高密全棉 】, 灰紫+卡其","Xanh ngọc + Trắng ngà [60 sợi, mật độ cao, 100% cotton], Xanh tím than + Kaki [Sợi 60s, mật độ cao, 100% cotton], Xanh tím than + Trắng ngà [60 sợi, mật độ cao, 100% cotton], Xanh tím than [100% cotton sợi 60s, mật độ cao], Màu hồng [60 sợi, mật độ c",60 60 60 60 60 60 60 60 60 60 60 60 60 60 60 60 60 60 60 60,60 60 60 60 60 60 60 60 60 60 60 60 60 60 60 60 60 60 60 60 100 100 100 100 100 100 100 100 100 100 100 100 100 100 100 100 100 100 100 100
vi_thua_so,1032974114838,home,被面材质,纯棉,100% cotton1,,1 100
vi_thua_so,1032974114838,home,床单面料材质,纯棉,100% cotton3,,3 100
vi_thua_so,1032974114838,home,枕套材质,纯棉,100% cotton2,,2 100
vi_thua_so,1038164467361,home,材质,纯棉,100% cotton1,,1 100
vi_thua_so,1038164467361,home,货号,纯棉-四件套-J,Bộ 4 món - 100% cotton - J,,4 100
vi_thua_so,1038164467361,home,被面材质,纯棉,100% cotton3,,3 100
vi_thua_so,1038164467361,home,床单面料材质,纯棉,100% cotton4,,4 100
vi_thua_so,1038164467361,home,枕套材质,纯棉,100% cotton2,,2 100
vi_thua_so,774055491084,home,材质,纯棉,100% cotton1,,1 100
vi_thua_so,774055491084,home,被面材质,纯棉,100% cotton2,,2 100
vi_thua_so,774055491084,home,床单面料材质,纯棉,100% cotton3,,3 100
vi_thua_so,774055491084,home,枕套材质,纯棉,100% cotton4,,4 100
vi_thua_so,625585712595,home,材质,纯棉,100% cotton1,,1 100
vi_thua_so,625585712595,home,被面材质,纯棉,100% cotton2,,2 100
vi_thua_so,625585712595,home,床单面料材质,纯棉,100% cotton3,,3 100
vi_thua_so,625585712595,home,枕套材质,纯棉,100% cotton4,,4 100
khac_so,1052138135026,home,尺寸规格,"150x200cm丨单被套, 180x220cm丨单被套, 200x230cm丨单被套, 0.9宿舍床单款三件套-被套150x200cm, 1.2床单款三件套-被套150x200cm, 1.5m床单四件套-被套150*200cm, 1.5床单款四件套-被套180x220cm, 1.8m床单四件套-被套180*220cm, 1.8床单款四件套-被套200x230cm, 2.0m床单四件套-被套200*230cm, 1.5m床笠四件套-被套200*230cm, 1.8m床笠四件套-被套200*230","150x200cm | Vỏ chăn đơn, 180x220cm | Vỏ chăn đơn, 200x230cm | Vỏ chăn đơn, Bộ chăn ga gối đệm 3 món cho ký túc xá - Vỏ chăn 150x200cm, 1.2 Bộ ba món ga trải giường - vỏ chăn 150x200cm, Bộ ga trải giường 4 món 1.5m - vỏ chăn 150*200cm, Bộ 4 món ga trả",0.9 1.2 1.5 1.5 1.5 1.8 1.8 1.8 2 150 150 150 150 180 180 180 200 200 200 200 200 200 200 200 200 220 220 220 230 230 230 230 230,1.2 1.5 1.5 1.5 1.8 1.8 1.8 2 3 4 4 4 4 4 4 4 150 150 150 150 180 180 180 200 200 200 200 200 200 200 200 200 220 220 220 230 230 230 230 230
vi_thua_so,1044166160260,home,货号,水星家纺纯棉四件套 单人双人全棉床上用品厂家直销 礼品四件套批发,"Bộ chăn ga gối 4 món cotton nguyên chất Thủy Tinh, đồ dùng giường ngủ 100% cotton cho giường đơn và giường đôi, bán trực tiếp từ nhà máy, bán sỉ bộ quà tặng 4 món.",,4 4 100
vi_thua_so,1044166160260,home,床单面料材质,全棉,100% cotton1,,1 100
vi_thua_so,1044166160260,home,枕套材质,全棉,100% cotton2,,2 100
vi_thua_so,1083240661081,home,材质,全棉双层纱,Vải xô hai lớp 100% cotton,,100
vi_thua_so,1058483203915,home,材质,纯棉,100% cotton2,,2 100
vi_thua_so,1058483203915,home,被面材质,纯棉,100% cotton4,,4 100
vi_thua_so,1058483203915,home,床单面料材质,纯棉,100% cotton3,,3 100
vi_thua_so,1058483203915,home,枕套材质,纯棉,100% cotton1,,1 100
vi_thua_so,1077926691764,home,货号,a类母婴级100支全棉长绒棉贡缎卡通毛巾绣,"Khăn thêu hoạt hình vải satin cotton sợi dài 100% cotton 100 sợi, cấp độ mẹ và bé loại A",100,100 100
khac_so,1060339324897,home,尺寸规格,"1.2m床单款三件套（被套150x200）, 1.2m床单款四件套（被套150x200）, 1.5m床单款四件套（被套150x200）, 1.5m床单款四件套（被套180x220）, 1.5m床单款四件套（被套200x230）, 1.8m床单款四件套（被套180x220）, 1.8m床单款四件套（被套200x230）, 2.0m床单款四件套（被套220x240）, 1.2m床笠款三件套（被套150X200）, 1.2m床笠款四件套（被套150X200）, 1.5m床笠款四件套（被套150x200","Bộ 3 món ga trải giường 1.2m (vỏ chăn 150x200), Bộ 4 món ga trải giường 1.2m (vỏ chăn 150x200), Bộ chăn ga gối 4 món (ga trải giường 150x200), Bộ chăn ga gối 4 món (ga trải giường 180x220) cho giường 1.5m, Bộ ga giường 1,5m (vỏ chăn 200x230), Bộ chăn",1.2 1.2 1.2 1.2 1.5 1.5 1.5 1.5 1.5 1.5 1.5 1.8 1.8 1.8 1.8 1.8 1.8 1.8 2 2 2.2 2.3 2.3 2.5 150 150 150 150 150 150 180 180 180 180 200 200 200 200 200 200 200 200 200 200 220 220 220 220 220 220 230 230 230 230 240 240,1.2 1.2 1.2 1.2 1.5 1.5 1.5 1.5 1.5 1.5 1.8 1.8 1.8 1.8 1.8 1.8 2 2 2.2 2.3 2.3 2.5 3 3 4 4 4 4 4 4 4 4 4 4 4 4 150 150 150 150 150 150 180 180 180 180 200 200 200 200 200 200 200 200 200 200 220 220 220 220 220 220 230 230 230 230 240 240
vi_thua_so,1033856398996,home,被面材质,纯棉,100% cotton2,,2 100
vi_thua_so,1033856398996,home,床单面料材质,纯棉,100% cotton3,,3 100
vi_thua_so,1033856398996,home,枕套材质,纯棉,100% cotton1,,1 100
vi_thua_so,796289775730,home,材质,纯棉,100% cotton1,,1 100
vi_thua_so,796289775730,home,被面材质,纯棉,100% cotton2,,2 100
vi_thua_so,796289775730,home,床单面料材质,纯棉,100% cotton3,,3 100
vi_thua_so,796289775730,home,枕套材质,纯棉,100% cotton4,,4 100
vi_thua_so,1074345861522,home,被面材质,纯棉,100% cotton2,,2 100
vi_thua_so,1074345861522,home,床单面料材质,纯棉,100% cotton3,,3 100
vi_thua_so,1074345861522,home,枕套材质,纯棉,100% cotton1,,1 100
vi_thua_so,1019868745390,home,材质,纯棉,100% cotton4,,4 100
vi_thua_so,1019868745390,home,被面材质,纯棉,100% cotton3,,3 100
vi_thua_so,1019868745390,home,床单面料材质,纯棉,100% cotton2,,2 100
vi_thua_so,1019868745390,home,枕套材质,纯棉,100% cotton1,,1 100
khac_so,955889573716,home,尺寸规格,"1.2米三件套【被套150x200 床单160x230 枕套1只】, 1.5米床单四件套【被套150x200 床单200x230 枕套2只】, 1.8米床单四件套【被套180x220 床单230x230 枕套2只】, 2.0米床单四件套【被套200x230 床单230x230 枕套2只】, 2.2米床单四件套【被套220x240 床单230x250 枕套2只】, 1.5m床笠款四件套【适用1.5米床被套200x230 】, 1.8m床笠款四件套【适用1.8米床被套200x230 】","1.5m bộ [vỏ chăn 150x200, ga trải giường 160x230, vỏ gối 1 chiếc], 1.5m Bộ ga trải giường 4 món [Vỏ chăn 150x200, ga trải giường 200x230, 2 vỏ gối], 1.8m Bộ ga trải giường 4 món [vỏ chăn 180x220, ga trải giường 230x230, 2 vỏ gối], 2.0m Bộ ga trải giư",1 1.2 1.5 1.5 1.5 1.8 1.8 1.8 2 2 2 2 2 2.2 150 150 160 180 200 200 200 200 200 200 220 220 230 230 230 230 230 230 230 230 230 230 240 250,1 1.5 1.5 1.5 1.5 1.8 1.8 1.8 2 2 2 2 2.2 4 4 4 4 4 150 150 160 180 200 200 200 200 200 200 220 220 230 230 230 230 230 230 230 230 230 230 240 250
vi_thua_so,1075300095515,home,床单面料材质,纯棉,100% cotton1,,1 100
vi_thua_so,1075300095515,home,枕套材质,全棉,100% cotton2,,2 100
vi_thua_so,1032960886002,home,尺寸规格,"150x200cm单被套【精梳全棉舒适亲肤】, 180x220cm单被套【精梳全棉舒适亲肤】, 200X230cm单被套【精梳全棉舒适亲肤】, 220x240cm单被套【精梳全棉舒适亲肤】, 1.2m床单三件套【床单160x230被套150x200】, 1.5米床单四件套【床单230x245被套200x230】, 1.8米床单四件套【床单230x245被套200x230】, 2.0米床单四件套【床单230x245被套220x240】, 1.5米床笠四件套【床笠150x200被套200x230】,","Vỏ chăn đơn kích thước 150x200cm [chất liệu cotton đã qua xử lý, mềm mại và thân thiện với da]., Vỏ chăn đơn 180x220cm [100% cotton chải kỹ, thoải mái, thân thiện với da], Vỏ chăn đơn kích thước 200x230cm [được làm từ vải cotton chải kỹ, mang lại cảm",1.2 1.5 1.5 1.8 1.8 2 150 150 150 160 180 180 200 200 200 200 200 200 200 200 200 220 220 220 230 230 230 230 230 230 230 230 230 240 240 245 245 245,1.2 1.5 1.5 1.8 1.8 2 3 4 4 4 4 4 100 100 150 150 150 160 180 180 200 200 200 200 200 200 200 200 200 220 220 220 230 230 230 230 230 230 230 230 230 240 240 245 245 245
vi_thua_so,1057184784134,home,被面材质,纯棉,100% cotton2,,2 100
vi_thua_so,1057184784134,home,床单面料材质,纯棉,100% cotton3,,3 100
vi_thua_so,1057184784134,home,枕套材质,纯棉,100% cotton1,,1 100
khac_so,904475156767,home,尺寸规格,"1.2m床单款三件套【被套150*200cm床单160*230cm枕套1只】, 1.5m床单款四件套【被套150*200cm床单180*230cm枕套2只】, 1.8m床单款四件套【被套180*220cm床单235*245cm枕套2只】, 2.0m床单款四件套【被套200*230cm床单235*245cm枕套2只】, 2.2m床单款四件套【被套220*240cm床单235*245cm枕套2只】, 1.5m床笠款四件套【被套150*200cm床笠150*200cm枕套2只】, 1.5m床笠款四件套","Bộ ba chiếc ga giường 1,2 m [vỏ chăn 150*200cm ga gối 160*230cm 1 chiếc], Bộ 4 chiếc ga trải giường 1,5 m [vỏ chăn 150*200cm ga trải giường 180*230cm vỏ gối 2 chiếc], Bộ 4 chiếc ga trải giường 1,8 m [vỏ chăn 180*220cm ga trải giường 235*245cm vỏ gối ",1 1.2 1.5 1.5 1.5 1.8 1.8 1.8 2 2 2 2 2 2 2 2 2 2.2 48 74 150 150 150 150 150 150 160 180 180 180 180 180 180 200 200 200 200 200 200 200 200 200 200 200 200 220 220 220 220 230 230 230 230 230 230 235 235 235 240 245 245 245,1 1.2 1.5 1.5 1.5 1.8 1.8 1.8 2 2 2 2 2 2 2 2 2.2 4 4 4 4 4 4 4 48 74 150 150 150 150 150 150 160 180 180 180 180 180 180 200 200 200 200 200 200 200 200 200 200 200 200 220 220 220 220 230 230 230 230 230 230 235 235 235 240 245 245 245
khac_so,1003336555926,home,尺寸规格,"1.2米三件套【被套150x200 床单160x230 枕套1只】, 1.5米床单四件套【被套150x200 床单200x230 枕套2只】, 1.8米床单四件套【被套180x220 床单200x230 枕套2只】, 2.0米床单四件套【被套200x230 床单230x230 枕套2只】, 2.2米床单四件套【被套220x240 床单230x250 枕套2只】, 1.5m床笠款四件套【适用1.5米床被套220x240 】, 1.8m床笠款四件套【适用1.8米床被套200x230 】","1.5m bộ [vỏ chăn 150x200, ga trải giường 160x230, vỏ gối 1 chiếc], 1.5m Bộ ga trải giường 4 món [Vỏ chăn 150x200, ga trải giường 200x230, 2 vỏ gối], 1.8m Bộ ga trải giường bốn món [vỏ chăn 180x220, ga trải giường 200x230, 2 vỏ gối], 2.0m Bộ ga trải g",1 1.2 1.5 1.5 1.5 1.8 1.8 1.8 2 2 2 2 2 2.2 150 150 160 180 200 200 200 200 200 200 220 220 220 230 230 230 230 230 230 230 230 240 240 250,1 1.5 1.5 1.5 1.5 1.8 1.8 1.8 2 2 2 2 2.2 4 4 4 4 150 150 160 180 200 200 200 200 200 200 220 220 220 230 230 230 230 230 230 230 230 240 240 250
khac_so,1081349548788,home,尺寸规格,"宿舍床三件套【1床单+1被套+1枕套】, 宿舍床四件套【床单+被套+枕套+1枕芯】, 宿舍床五件套【含1.8斤夏被+枕芯+三件套】, 宿舍床五件套【含3斤被+枕芯+三件套】, 宿舍床五件套【含4斤被+枕芯+三件套】, 宿舍床五件套【含5斤被+枕芯+三件套】, 宿舍床五件套【含6斤被+枕芯+三件套】, 0.9m床六件套【含1.8斤夏被+床垫+枕芯+三件套】, 1.2m床六件套【含1.8斤夏被+床垫+枕芯+三件套】, 0.9m床六件套【含3斤被+床垫+枕芯+三件套】, 0.9m床六件套【含4斤被+床","Bộ 3 món ga giường ký túc xá [1 ga trải giường + 1 vỏ chăn + 1 vỏ gối], Bộ 4 món ga giường ký túc xá [Ga trải giường + Vỏ chăn + Vỏ gối + 1 ruột gối], Bộ 5 món giường ký túc xá [bao gồm 0.9kg chăn hè + ruột gối + bộ 3 món], Bộ 5 món giường ký túc xá ",0.9 0.9 0.9 0.9 0.9 1 1 1 1 1.2 1.2 1.2 1.2 1.2 1.8 1.8 1.8 3 3 3 4 4 4 5 5 5 6 6 6,0.9 0.9 0.9 0.9 0.9 0.9 0.9 0.9 1 1 1 1 1.2 1.2 1.2 1.2 1.2 1.5 1.5 1.5 2 2 2 2.5 2.5 2.5 3 3 3 3 3 3 3 3 3 3 3 3 3 3 3 3 3 4 5 5 5 5 5 6 6 6 6 6 6 6 6
khac_so,1045324828119,home,尺寸规格,"160*210cm单被套, 180*220cm单被套, 200*230cm单被套, 220*240cm单被套, 1.2m床单款三件套被套160*210, 1.5m床单款四件套被套180*220, 1.5米至1.8m床单款四件套被套200.230, 2.0米2.2米m床单款四件套被套220*240, 1.5m床笠款四件套被套200*230床笠150*200, 1.8m床笠款四件套被套200.230床笠180*200","Vỏ chăn đơn, kích thước 160 x 210 cm., Vỏ chăn đơn, kích thước 180 x 220 cm., Vỏ chăn đơn, kích thước 200 x 230 cm., Vỏ chăn đơn, kích thước 220 x 240 cm., Bộ chăn ga gối 3 món kiểu ga trải giường 1.2m, vỏ chăn 160*210, Bộ chăn ga gối 4 món, ga trải ",1.2 1.5 1.5 1.5 1.8 1.8 2 2.2 150 160 160 180 180 180 200 200 200 200 200.23 200.23 210 210 220 220 220 220 230 230 240 240,1.2 1.5 1.5 1.5 1.8 1.8 2.22 3 4 4 4 4 4 150 160 160 180 180 180 200 200 200 200 200 210 210 220 220 220 220 230 230 230 240 240 200230
vi_thua_so,1078197237393,home,材质,纯棉,100% cotton4,,4 100
vi_thua_so,1078197237393,home,被面材质,纯棉,100% cotton1,,1 100
vi_thua_so,1078197237393,home,床单面料材质,纯棉,100% cotton2,,2 100
vi_thua_so,1078197237393,home,枕套材质,纯棉,100% cotton3,,3 100
vi_thua_so,1036247164602,home,被面材质,纯棉,100% cotton3,,3 100
vi_thua_so,1036247164602,home,床单面料材质,纯棉,100% cotton1,,1 100
vi_thua_so,1036247164602,home,枕套材质,纯棉,100% cotton2,,2 100
vi_thua_so,1029876680530,home,被面材质,纯棉,100% cotton1,,1 100
vi_thua_so,1029876680530,home,床单面料材质,纯棉,100% cotton2,,2 100
vi_thua_so,1029876680530,home,枕套材质,全棉,100% cotton3,,3 100
vi_thua_so,1062788876911,home,材质,纯棉,100% cotton2,,2 100
vi_thua_so,1062788876911,home,被面材质,纯棉,100% cotton1,,1 100
vi_thua_so,1062788876911,home,床单面料材质,纯棉,100% cotton4,,4 100
vi_thua_so,1062788876911,home,枕套材质,纯棉,100% cotton3,,3 100
vi_thua_so,1010669708184,home,花型,"暗香-粉—（纯棉加厚磨毛）, 暗香-紫—（纯棉加厚磨毛）, 草莓兔兔-粉—（纯棉加厚磨毛, 草莓兔兔-蓝—（纯棉加厚磨毛, 格言—（纯棉加厚磨毛, 花晓—（纯棉加厚磨毛, 简森—（纯棉加厚磨毛, 锦簇—（纯棉加厚磨毛, 凯瑟琳—（纯棉加厚磨毛, 考拉—（纯棉加厚磨毛, 罗宾—（纯棉加厚磨毛, 莫奈—（纯棉加厚磨毛, 淘气熊—（纯棉加厚磨毛, 维尼小熊-粉—（纯棉加厚磨毛, 维尼小熊-蓝—（纯棉加厚磨毛, 西海岸—（纯棉加厚磨毛, 伊甸-灰—（纯棉加厚磨毛, 伊甸-绿—（纯棉加厚磨毛, 云漫-灰—","Hương Vịt - Hồng - (100% cotton dày dặn, chải lông), Hương Thầm - Tím - (100% cotton dày dặn, chải lông), Thỏ Dâu - Hồng - (100% cotton, dày dặn, chải lông), Thỏ Dâu Tây - Xanh - (100% cotton dày dặn, chải lông), Câu nói—(100% cotton dày dặn, chải lô",,100 100 100 100 100 100 100 100 100 100 100 100 100 100 100 100 100 100 100 100 100
vi_thua_so,1073313526103,home,材质,全棉双层纱,Vải xô hai lớp 100% cotton,,100
vi_thua_so,1073313526103,home,被面材质,纯棉,100% cotton3,,3 100
vi_thua_so,1073313526103,home,床单面料材质,纯棉,100% cotton2,,2 100
vi_thua_so,1073313526103,home,枕套材质,纯棉,100% cotton1,,1 100
vi_thua_so,1080106097528,home,材质,纯棉,100% cotton3,,3 100
vi_thua_so,1080106097528,home,货号,厂家直销 秋冬季A面全棉B面牛奶绒四件套,"Bán trực tiếp từ nhà máy, bộ chăn ga gối 4 món mùa thu đông, mặt A 100% cotton, mặt B nhung sữa.",,4 100
vi_thua_so,1080106097528,home,被面材质,纯棉,100% cotton2,,2 100
vi_thua_so,1080106097528,home,床单面料材质,纯棉,100% cotton4,,4 100
vi_thua_so,1080106097528,home,枕套材质,纯棉,100% cotton1,,1 100
khac_so,1024410787559,home,尺寸规格,"1.2m床单三件套被套150x200, 1.5m床单四件套被套150x200, 1.8m床单四件套被套180x220, 2.0m床单四件套被套200x230, 1.5m床笠四件套被套150x200, 1.5m床笠四件套被套180x220, 1.5m床笠四件套被套200x230, 1.8m床笠四件套被套180x220, 1.8m床笠四件套被套200x230, 150x200cm单被套, 180x220cm单被套, 200x230cm单被套","Bộ ga trải giường 3 món 1.2m, vỏ chăn 150x200, Bộ ga trải giường 4 món 1.5m, vỏ chăn 150x2002, Bộ chăn ga gối đệm 4 món, kích thước 1,8m, kèm vỏ chăn kích thước 180x220., Bộ ga trải giường 4 món 2.0m, vỏ chăn 200x230, Bộ ga trải giường 4 món 1.5m, vỏ",1.2 1.5 1.5 1.5 1.5 1.8 1.8 1.8 2 150 150 150 150 180 180 180 180 200 200 200 200 200 200 200 200 220 220 220 220 230 230 230 230,1.2 1.5 1.5 1.5 1.5 1.8 1.8 1.8 2 3 4 4 4 4 4 4 150 150 150 150 180 180 180 180 200 200 200 200 200 200 220 220 220 220 230 230 230 230 2001 2002
vi_thua_so,1021010301857,home,材质,纯棉,100% cotton3,,3 100
vi_thua_so,1021010301857,home,被面材质,纯棉,100% cotton2,,2 100
vi_thua_so,1021010301857,home,床单面料材质,纯棉,100% cotton1,,1 100
vi_thua_so,953452324338,home,材质,纯棉,100% cotton1,,1 100
vi_thua_so,953452324338,home,被面材质,纯棉,100% cotton2,,2 100
vi_thua_so,953452324338,home,床单面料材质,纯棉,100% cotton3,,3 100
vi_thua_so,953452324338,home,枕套材质,纯棉,100% cotton4,,4 100
vi_thua_so,1079351053459,home,床单面料材质,全棉,100% cotton1,,1 100
vi_thua_so,1079351053459,home,枕套材质,全棉,100% cotton2,,2 100
vi_thua_so,987249766591,home,材质,纯棉,100% cotton4,,4 100
khac_so,987249766591,home,尺寸规格,"1.2床单三件套被套150*200, 1.5床单四件套被套200*230, 1.8床单四件套被套200*230, 2.0床单四件套被套220*240, 1.5床笠四件套被套200*230, 1.8床笠四件套被套200*230","Bộ ga trải giường 1,2 mét gồm ba món kèm vỏ chăn 150*200, Bộ ga trải giường 4 món 1.5, vỏ chăn 200*230, Bộ ga trải giường 4 món 1.8m, vỏ chăn 200*2301, Bộ chăn ga gối 2.0, bao gồm vỏ chăn, kích thước 220*240., Bộ chăn ga gối 1,5 người, bao gồm vỏ chă",1.2 1.5 1.5 1.8 1.8 2 150 200 200 200 200 200 220 230 230 230 230 240,1.2 1.5 1.5 1.8 1.8 2 4 4 4 150 200 200 200 200 200 220 230 230 240 2301 2302
vi_thua_so,987249766591,home,被面材质,纯棉,100% cotton1,,1 100
vi_thua_so,987249766591,home,床单面料材质,纯棉,100% cotton2,,2 100
vi_thua_so,987249766591,home,枕套材质,纯棉,100% cotton3,,3 100
khac_so,858060864008,home,尺寸规格,"0.9-1.2米床五件套（床单+被套+枕套+3斤夏被+枕芯）, 0.9-1.2米床五件套（床单+被套+枕套+4斤春秋被+枕芯）, 0.9-1.2米床五件套（床单+被套+枕套+6斤冬被+枕芯）, 0.9米床六件套（三件套+4斤春秋被+枕芯+床垫）, 0.9米床六件套（三件套+6斤冬被+枕芯+床垫）, 1.2米床六件套（三件套+4斤春秋被+枕芯+床垫）, 1.2米床六件套（三件套+6斤冬被+枕芯+床垫）, 1.5米床七件套（四件套+2枕芯+4斤夏被）, 1.5米床七件套（四件套+2枕芯+6斤春秋被）","0.9- 1.2m Bộ giường 5 món (tấm + vỏ chăn + vỏ gối + 1.5kg chăn mùa hè + lõi gối), 0.9- 1.2m Bộ giường 5 món (tấm + vỏ chăn + vỏ gối + 2kg chăn mùa xuân thu + lõi gối), 0.9- 1.2m Bộ giường 5 món (tấm + vỏ chăn + vỏ gối + 3kg chăn mùa đông + lõi gối), ",0.9 0.9 0.9 0.9 0.9 1.2 1.2 1.2 1.2 1.2 1.5 1.5 1.5 1.5 1.5 1.5 1.8 1.8 1.8 1.8 1.8 1.8 2 2 2 2 2 2 2 2 2 2 2 2 2 2 2 2 3 4 4 4 4 4 6 6 6 6 6 6 6 6 6 6 8 8 8 8 8,0.9 0.9 0.9 0.9 0.9 1.2 1.2 1.2 1.2 1.2 1.5 1.5 1.5 1.5 1.5 1.5 1.5 1.8 1.8 1.8 1.8 1.8 1.8 2 2 2 2 2 2 2 2 2 2 2 2 2 2 2 2 2 2 2 2 2 3 3 3 3 3 3 3 3 3 3 4 4 4 4 4 4 4 4 4 4 4 4 4 4 4 4 4 4 4 5 5 5 8 8 8 8
vi_thua_so,1015563716003,home,货号,纯棉-四件套-J,Bộ 4 món - 100% cotton - J,,4 100
vi_thua_so,1015563716003,home,被面材质,纯棉,100% cotton3,,3 100
vi_thua_so,1015563716003,home,床单面料材质,纯棉,100% cotton1,,1 100
vi_thua_so,1015563716003,home,枕套材质,纯棉,100% cotton2,,2 100
vi_thua_so,1079932682634,home,被面材质,纯棉,100% cotton3,,3 100
vi_thua_so,1079932682634,home,床单面料材质,纯棉,100% cotton2,,2 100
vi_thua_so,1079932682634,home,枕套材质,纯棉,100% cotton1,,1 100
vi_thua_so,1036248657044,home,材质,纯棉,100% cotton3,,3 100
vi_thua_so,1036248657044,home,被面材质,纯棉,100% cotton1,,1 100
vi_thua_so,1036248657044,home,床单面料材质,纯棉,100% cotton2,,2 100
vi_thua_so,1036248657044,home,枕套材质,纯棉,100% cotton4,,4 100
khac_so,1076131964393,home,尺寸规格,"【床单款】1.5四件套-被套200x230, 【床单款】1.8四件套-被套200x230, 【床单款】2.0四件套-被套220x240, 【床笠款】1.5四件套-被套200x230, 【床笠款】1.8四件套-被套200x230, 【床盖款】1.5四件套-被套200x230, 【床盖款】1.8四件套-被套200x230, 【床盖款】2.0四件套-被套220x240","【Bộ ga trải giường】Bộ 4 món 1.5m - Vỏ chăn 200x230, 【Kiểu ga trải giường】Bộ 4 món 1.8m - Vỏ chăn 200x230, 【Kiểu ga trải giường】Bộ 4 món 2.0 - Vỏ chăn 220x2402, 【Bộ ga chun】Bộ 4 món 1.5m - Vỏ chăn 200x230, 【Bộ ga chun】Bộ 4 món 1.8m - Vỏ chăn 200x230, ",1.5 1.5 1.5 1.8 1.8 1.8 2 2 200 200 200 200 200 200 220 220 230 230 230 230 230 230 240 240,1.5 1.5 1.5 1.8 1.8 1.8 2 2 4 4 4 4 4 4 4 4 200 200 200 200 200 200 220 220 230 230 230 230 230 230 2401 2402
vi_thua_so,692081780005,home,材质,纯棉,100% cotton1,,1 100
khac_so,692081780005,home,尺寸规格,"1.2m床单款三件套（被套155*210 床单180*230cm), 1.35m床单款四件套（被套180*220 床单230*245cm), 1.5m1.8m床单款四件套（被套200*230 床单230*245cm), 2.0m床单款四件套（被套220*240 床单245*265cm), 1.5m床笠款四件套（被套200*230 床笠150*200cm), 1.8m床笠款四件套（被套200*230 床笠180*200cm), 单被套155*205cm, 单被套180*220cm, 单被套200*","Bộ ba mảnh ga giường 1,2 m (vỏ chăn 155*210 ga giường 180*230cm), Bộ bốn mảnh ga trải giường 1.35m (vỏ chăn 180*220 ga trải giường 230*245cm), Bộ bốn mảnh ga trải giường 1, 5m1.8m (vỏ chăn 200*230 ga trải giường 230*245cm), Bộ bốn mảnh ga trải giường",1.2 1.35 1.5 1.5 1.8 1.8 2 150 155 155 180 180 180 180 200 200 200 200 200 200 205 210 220 220 220 220 230 230 230 230 230 230 230 240 240 245 245 245 265,1 1.2 1.35 1.5 1.8 1.8 2 5 150 155 155 180 180 180 180 200 200 200 200 200 200 205 210 220 220 220 220 230 230 230 230 230 230 230 240 240 245 245 245 265
vi_thua_so,692081780005,home,被面材质,纯棉,100% cotton2,,2 100
vi_thua_so,692081780005,home,床单面料材质,纯棉,100% cotton3,,3 100
vi_thua_so,692081780005,home,枕套材质,纯棉,100% cotton4,,4 100
khac_so,1067826213332,home,规格,12.112,12.112,12.112,12112
vi_thieu_so,574956325151,home,套件数量,"201不锈钢厨具, 304不锈钢厨具（把子抛光2次）, 316不锈钢系列","đồ dùng nhà bếp bằng thép không gỉ 201, Đồ dùng nhà bếp bằng thép không gỉ 304 (tay cầm được đánh bóng hai lần), Dòng thép không gỉ 316",2 201 304 316,201 304 316
khac_so,748339829636,home,颜色,"抽取式抹布 【抹茶绿】, 抽取式抹布 【天空蓝】, 抽取式抹布 【星空灰】, 抽取式抹布 【樱花粉】, 抽取式抹布【抹茶绿】, 抽取式抹布【天空蓝】, 抽取式抹布【星空灰】, 抽取式抹布【樱花粉】, 抽取式抹布【橘黄】, 抽取式抹布【抹茶绿】英文款, 抽取式抹布【天空蓝】英文款, 抽取式抹布【星空灰】英文款, 抽取式抹布【樱花粉】英文款, 抽取式抹布【黄色】英文款, 【樱花粉】20*20cmX20片, 【柚子黄】20*20cmX20片, 【天空蓝】20*20cmX20片, 【抹茶绿】20*20c","Giẻ có thể tháo rời [Matcha xanh]1, Giẻ có thể tháo rời [Bầu trời xanh]1, Giẻ có thể tháo rời [Xám bầu trời đầy sao]1, Khăn lau có thể tháo rời [phấn hoa anh đào]1, Giẻ có thể tháo rời [Matcha xanh]2, Giẻ có thể tháo rời [Bầu trời xanh]2, Giẻ có thể ",15 20 20 20 20 20 20 20 20 20 20 20 20 20 20 20 20 20 20 20 20 20 20 20 20 20 20 20 20 20 20 20 20 20 20 20 20 20 20 20 20 20 20 20 20 20 20 20 20 20 20 20 20 20 20 20 20 20 20 20 20 20 20 20 20 20 20 20 20 20 20 20 20 20 20 20 20 20 20 20 20 20 20 20 20 20 20 20 20 20 20 20 20 20 20 20 20 20 20 20 20 20 20 20 20 20 20 20 20 20 20 20 20 20 20 20 20 20 20 20 20 20 20 20 20 20 20 20 20 20 20 20 20 20 20 20 20 20 20 20 20 20 20 20 20 20 20 20 20 20 20 20 20 20 20 20 20 20 20 20 20 20 20 20 20 20 20 20 20 20 20 20 20 20 20 20 20 20 20 20 20 20 20 20 20 20 20 20 20 20 20 20 20 20 20 20 20 20 25 25 25 25 25 25 25 25 25 25 25 25 25 25 25 25 25 25 25 25 25 25 25 25 25 25 25 25 25 25 25 25 25 25 25 25 25 25 25 25 25 25 25 25 25 25 25 25 25 25 25 25 25 25 25 25 25 25 25 28 28 28 28 28 28 28 28 30 30 30 30 30 30 30 30 30 30 30 30 30 50 50 50 50 50 50 50 50 50 50 50 50 50 50 50 500,15 20 20 20 20 20 20 20 20 20 20 20 20 20 20 20 20 20 20 20 20 20 20 20 20 20 20 20 20 20 20 20 20 20 20 20 20 20 20 20 20 20 20 20 20 20 20 20 20 20 20 20 20 20 20 20 20 20 20 20 20 20 20 20 20 20 20 20 20 20 20 20 20 20 20 20 20 20 20 20 20 20 20 20 20 20 20 20 20 20 20 20 20 20 20 20 20 20 20 20 20 20 20 20 20 20 20 20 20 20 20 20 20 20 20 20 20 20 20 20 20 20 20 20 20 20 20 20 20 20 20 20 20 20 20 20 20 20 20 20 20 20 20 20 20 20 20 20 20 20 20 20 20 20 20 20 20 20 20 20 20 20 20 20 20 20 20 20 20 20 20 20 20 20 20 20 20 20 20 20 20 20 20 20 20 20 20 20 20 20 20 20 20 20 20 20 25 25 25 25 25 25 25 25 25 25 25 25 25 25 25 25 25 25 25 25 25 25 25 25 25 25 25 25 25 25 25 25 25 25 25 25 25 25 25 25 25 25 25 25 25 25 25 25 25 25 25 25 25 25 25 25 25 25 25 28 28 28 28 28 28 28 28 30 30 30 30 30 30 30 30 30 30 30 30 30 50 50 50 50 50 50 50 50 50 50 50 50 50 50 50 100 100 100 500
khac_so,830896212916,mother_baby,适合身高,"73cm肩扣两用裆, 80cm肩扣两用裆, 90cm肩扣两用裆, 100cm肩扣两用裆, 110cm圆领封裆, 120cm圆领封裆, 130cm圆领封裆","Khóa vai 73cm dùng hai đũng, Khuy vai 80cm dùng hai đũng quần, Đũng quần hai cách sử dụng khóa vai 90cm, 100cm khóa vai dùng hai đũng quần, 100 cm cổ tròn bịt kín đáy quần, 120cm cổ tròn bịt kín đáy quần, Cổ tròn 130cm bịt kín đáy quần",73 80 90 100 110 120 130,73 80 90 100 100 120 130
vi_thua_so,1062999779442,mother_baby,主面料成分,纯棉,100% cotton2,,2 100
khac_so,863449792333,mother_baby,重量,0.125kg,0.125kg,0.125,125
vi_thieu_so,962616644068,mother_baby,适合身高,"80cm, 90cm, 100cm, 110cm, 120cm, 80cm-120cm/1手5件","80cm, 90cm, 100cm, 110 cm, 120cm, 80cm-120cm/5 miếng mỗi lô",1 5 80 80 90 100 110 120 120,5 80 80 90 100 110 120 120
vi_thieu_so,963350820103,mother_baby,适合身高,"80cm, 90cm, 100cm, 110cm, 120cm, 80cm-120cm/1手5件","80cm, 90cm, 100 cm, 110 cm, 120cm, 80cm-120cm/5 miếng mỗi lô",1 5 80 80 90 100 110 120 120,5 80 80 90 100 110 120 120
vi_thua_so,1070434407683,mother_baby,颜色,"对开包领麻灰【纯棉+无骨+抗菌】连体衣, 对开翻领麻灰【纯棉+无骨+抗菌】连体衣, 套头翻领麻灰【纯棉+无骨+抗菌】连体衣","Áo liền thân cổ bẻ, màu xám lanh [100% cotton + đường may không đường may nổi + kháng khuẩn], Áo liền thân cổ bẻ mở hai bên màu xám lanh [100% cotton + không đường may + kháng khuẩn], Áo liền quần cổ bẻ chui đầu màu xám lanh [100% cotton + đường may ",,100 100 100
vi_thua_so,952441191287,mother_baby,颜色,"豆蔻紫【无骨+5A抗菌】纯棉提花6026, 果绿【无骨+5A抗菌】纯棉提花6026, 酒红【无骨+5A抗菌】纯棉提花6026, 咖啡色【无骨+5A抗菌】纯棉提花6026, 浅咖色【无骨+5A抗菌】纯棉提花6026, 雾蓝【无骨+5A抗菌】纯棉提花6026, 烟粉【无骨+5A抗菌】纯棉提花6026, 樱粉【无骨+5A抗菌】纯棉提花6025, 黄色【无骨+5A抗菌】纯棉提花6025, 浅雾蓝【无骨+5A抗菌】纯棉提花6025, 萌新绿【无骨+5A抗菌】纯棉提花6025, 浅紫【无骨+5A抗菌】纯棉提","Bạch đậu khấu tím [không xương 5A kháng khuẩn] 100% cotton jacquard 6026, Màu xanh lá cây [không xương 5A kháng khuẩn] 100% cotton jacquard 6026, Rượu vang đỏ [Không xương 5A kháng khuẩn] 100% cotton jacquard 6026, Màu cà phê [không xương 5A kháng kh",5 5 5 5 5 5 5 5 5 5 5 5 6025 6025 6025 6025 6025 6026 6026 6026 6026 6026 6026 6026,5 5 5 5 5 5 5 5 5 5 5 5 100 100 100 6025 6025 6025 6025 6025 6026 6026 6026 6026 6026 6026 6026
vi_thieu_so,947437667702,mother_baby,适合身高,"80cm, 90cm, 100cm, 110cm, 120cm, 80cm-120cm/1手5件","80cm, 90cm, 100cm, 110cm, 120cm, 80cm-120cm/5 cái mỗi lô",1 5 80 80 90 100 110 120 120,5 80 80 90 100 110 120 120
vi_thieu_so,887858727945,mother_baby,适合身高,"80cm, 90cm, 100cm, 110cm, 120cm, 80cm-120cm/1手5件","80cm, 90cm, 100cm, 110cm, 120cm, 80cm-120cm/5 cái mỗi lô",1 5 80 80 90 100 110 120 120,5 80 80 90 100 110 120 120
khac_so,1025800317072,mother_baby,颜色,"178麻灰80-110预售【弯刀裤】, 180浅丁香粉现货【7A抑菌】, 秋款-入园裤树莓粉80-100预售【全码A类，软糯不勒】, 180杏色现货【7A抑菌】, 秋款-入园裤麻灰110.140-150预售【全码A类，软糯不勒】, 180麻灰色100-110预售【7A抑菌】, 180藏青色现货【7A抑菌】, 秋款-入园裤黑色100-150预售【全码A类，软糯不勒】, 秋款-入园裤藏青100-150预售【全码A类，软糯不勒】, 983麻灰色现货【凉感抑菌】, 983米杏色现货【凉感抑菌】, 125","178麻灰80-110预售【弯刀裤】, 秋款-入园裤树莓粉80-100预售【全码A类，软糯不勒】, 秋款-入园裤麻灰110.140-150预售【全码A类，软糯不勒】, 180麻灰色100-110预售【7A抑菌】, 秋款-入园裤黑色100-150预售【全码A类，软糯不勒】, 180 Bột hồng nhạt, hàng có sẵn [Kháng khuẩn 7A], 180 màu be, hàng có sẵn [Kháng khuẩn 7A], 180 màu xanh tím than,",7 7 7 7 80 80 100 100 100 100 110 110 110.14 125 150 150 150 178 178 178 180 180 180 180 983 983,7 7 7 7 80 80 100 100 100 100 110 110 125 150 150 150 178 178 178 180 180 180 180 983 983 110140
khac_so,995773337572,mother_baby,尺码,73.80.90.100,73.80.90.100,73.8 90.1,73.8 90100
vi_thua_so,725461274384,mother_baby,颜色,"红色（主图款）, 绿色（主图款）, 深海蓝（抗静电版）, 云雾灰（抗静电版）, 淡紫雾色（抗静电版）, 黑白系条纹（100%棉版）, 黄绿色（100%棉版）, 奶黄色（100%棉版）, 乳蓝色（100%棉版）, 浅丁香粉（100%棉版）, 鸡尾酒绿（速干T）, 橘粉色（速干T）, 藏青色（速干T）, 奶油白（速干T）, 淡紫雾色（速干T）, 藏青色预售12天（甄选新疆阳光棉）, 麻灰预售12天（甄选新疆阳光棉）, 沙漠橙预售12天（甄选新疆阳光棉）, 海石竹粉预售12天（甄选新疆阳光棉）, 卡兰","Màu đỏ (Phong cách hình ảnh chính), Màu xanh lá cây (Phong cách hình ảnh chính), Màu xanh biển sâu (phiên bản chống tĩnh điện), Màu xám mây (phiên bản chống tĩnh điện), Màu sương mù hoa cà (phiên bản chống tĩnh điện), Sọc đen trắng (phiên bản 100% co",12 12 12 12 12 12 12 12 12 100 100 100 100 100 100 100 100 100,12 12 12 12 12 12 12 12 12 100 100 100 100 100 100 100 100 100 100
vi_thieu_so,695703089064,electronics,适用型号,"iPhone 16 Pro max 6.9寸, iPhone 16 Pro 6.3寸, iPhone 16 Plus 6.7寸, iPhone 16 6.1寸, iPhone 15 Pro max 6.7寸, iPhone 15 Pro 6.1寸, iPhone 15 Plus 6.7寸, iPhone 15 6.1寸, iPhone 14 Pro max, iPhone 14 Pro, iPhone 14 Plus, iPhone 14, iPhone 13 mini 5.4寸, iPhone","iPhone 16 Pro tối đa 6.9inch, iPhone 16 Pro (Phiên bản Mỹ), iPhone 16 Plus, iPhone 16 6.1inch, iPhone 15 Pro tối đa 6.7inch, iPhone 15 Pro, iPhone 15 Plus 6.7inch, iPhone 15 6.1inch, iPhone 14 Pro max, IPhone 14 Pro, iPhone 14 Plus, IPhone 14, IPhone",5.4 5.4 5.8 6.1 6.1 6.1 6.1 6.1 6.1 6.1 6.1 6.1 6.3 6.5 6.7 6.7 6.7 6.7 6.7 6.9 11 11 11 12 12 12 12 13 13 13 13 14 14 14 14 15 15 15 15 16 16 16 16,5.4 5.4 6.1 6.1 6.1 6.1 6.1 6.1 6.1 6.5 6.7 6.7 6.7 6.7 6.9 11 11 11 12 12 12 12 13 13 13 13 14 14 14 14 15 15 15 15 16 16 16 16
khac_so,975943560649,electronics,适用型号,"iPhone18PROMAX, iPhone18PRO, iPhone18, iPhone17PROMAX, iPhone17PRO, iPhone17AIR, iPhone17, iPhone16PRO MAX, iPhone16PRO, iPhone16PLUS, iPhone16, iPhone16E/17E通用, iPhone15PRO MAX, iPhone15PRO, iPhone15PLUS, iPhone15, iPhone14PRO MAX, iPhone14PRO, iPho","iPhone18, iPhone16E/17E通用, iPhone18PROMAX, iPhone18PRO, iPhone17PROMAX, iPhone17PRO1, iPhone17AIR, iPhone171, iPhone16PRO MAX, iPhone16PRO, iPhone16PLUS, iPhone161, iPhone15PRO MAX, iPhone15PRO, iPhone15PLUS, iPhone15, iPhone14PRO MAX, iPhone14PRO, i",11 11 11 12 12 12 13 13 13 14 14 14 14 15 15 15 15 16 16 16 16 16 17 17 17 17 17 18 18 18,11 11 11 12 12 12 13 13 13 14 14 14 14 15 15 15 15 16 16 16 16 17 17 17 17 18 18 18 161 171
khac_so,995101985338,electronics,适用型号,"iPhone 17/iPhone 18, iPhone 17 Pro Max/iPhone 18 Pro Max, iPhone 17 Pro/iPhone 18 Pro, iPhone Air, iPhone 16 Pro Max, iPhone 16 Pro, iPhone 16 Plus, iPhone 16, iPhone 16e/iPhone17e, iPhone 15 Pro Max, iPhone 15 Pro, iPhone 15, iPhone 15 Plus/iPhone 1","iPhone 17/iPhone 18, iPhone 17 Pro Max/iPhone 18 Pro Max, iPhone 17 Pro/iPhone 18 Pro, iPhone Air, iPhone 16e/iPhone17e, iPhone 13 /iPhone14, iPhone 16 Pro Max, iPhone 16 Pro, iPhone 16 Plus, iPhone 16, iPhone 15 Pro Max, iPhone 15 Pro, iPhone 151, i",12 12 12 13 13 13 14 14 14 14 15 15 15 15 16 16 16 16 16 17 17 17 17 18 18 18,12 12 12 13 13 13 14 14 14 14 15 15 15 16 16 16 16 16 17 17 17 17 18 18 18 151
khac_so,995101985338,electronics,适用机型,"iPhone 18, iPhone 12, iPhone 14, iPhone 15, iPhone 17, iPhone 15 Plus, iPhone 13, iPhone 12 Pro, iPhone 12 Pro Max, iPhone 13 Pro Max, iPhone 13 Pro, iPhone 14 Pro, iPhone 14 Pro Max, iPhone 14 Plus, iPhone 15 Pro, iPhone 15 Pro Max, iPhone 16 Pro, i","iPhone 18, iPhone 14, iPhone 17, iPhone 15 Plus, iPhone 13 Pro Max, iPhone 13 Pro, iPhone 14 Pro, iPhone 14 Pro Max, iPhone 14 Plus, iPhone 15 Pro, iPhone 15 Pro Max, iPhone 16 Pro, iPhone 18 Pro Max, iPhone 16 Pro Max, iPhone 16 Plus, iPhone 17 Pro,",12 12 12 13 13 13 14 14 14 14 15 15 15 15 16 16 16 17 17 17 18 18 18,12 12 12 13 13 13 14 14 14 14 15 15 15 16 16 16 17 17 17 18 18 18 152
vi_thua_so,975325072386,electronics,适用型号,"iPhone 17, iPhone 17 Pro, iPhone 17 ProMax, iphone 16, iphone 16E, iphone 16 pro, iphone 16 promax, iphone 16 plus, iphone 15, iphone 15 pro, iphone 15 promax, iphone 15 Plus, iphone 14, iphone 14 pro, iphone 14 promax, iphone 14 Plus, iphone 13, iph","iPhone 17, iPhone 17 Pro, iPhone 17 ProMax, iphone 16, iphone 16E, iphone 16 pro, iphone 16 promax, iphone 16 plus, iphone 15, iphone 15 pro, iphone 15 promax, iphone 15 Plus, iphone 14, iphone 14 pro, iphone 14 pro max, iphone 14 Plus, iphone 131, i",1 1 2 2 3 3 3 3 4 5 5 5 5 5 5 5 5 5 5 5 5 5 5 5 5 6 6 6 6 6 7 7 7 7 7 7 7 8 8 8 8 8 8 9 9 9 9 9 10 10 10 10 10 10 10 10 11 11 11 11 11 11 11 11 11 11 11 11 12 12 12 12 12 12 12 12 12 12 12 12 12 12 12 13 13 13 13 13 13 13 13 13 13 13 14 14 14 14 14 14 14 14 14 14 14 14 15 15 15 15 15 15 15 15 16 16 16 16 16 16 16 17 17 17 17 17 17 18 18 19 19 20 20 30 30 30 30 30 30 30 30 30 40 40 40 40 40 40 40 40 40 50 50 50 50 50 50 50 50 50 50 50 50 50 60 60 60 60 60 60 60 60 60 60 60 60 60 60 60 60 70 70 70 70 70 70 70 70 70 70 70 70 70 72 80 80 80 80 80 80 80 80 90 90 90 90 90 93 93 96 97 100 100 100 100 100 100 200 200 200 200 300 300 400 400,1 1 2 2 3 3 3 3 4 5 5 5 5 5 5 5 5 5 5 5 5 5 5 5 5 6 6 6 6 6 7 7 7 7 7 7 7 8 8 8 8 8 8 9 9 9 9 9 10 10 10 10 10 10 10 10 11 11 11 11 11 11 11 11 11 11 11 11 12 12 12 12 12 12 12 12 12 12 12 12 12 12 12 13 13 13 13 13 13 13 13 13 13 13 14 14 14 14 14 14 14 14 14 14 14 14 15 15 15 15 15 15 15 15 16 16 16 16 16 16 16 17 17 17 17 17 17 18 18 19 19 20 20 30 30 30 30 30 30 30 30 30 40 40 40 40 40 40 40 40 40 50 50 50 50 50 50 50 50 50 50 50 50 50 60 60 60 60 60 60 60 60 60 60 60 60 60 60 60 60 70 70 70 70 70 70 70 70 70 70 70 70 70 72 80 80 80 80 80 80 80 80 90 90 90 90 90 93 93 96 97 100 100 100 100 100 100 200 200 200 200 300 300 400 400 2020
vi_thua_so,754684448018,electronics,电源容量,"ZT-01一万毫安充电宝（3C认证）, ZT-02二万毫安充电宝（3C认证）","ZT-01 10k sạc dự phòng mAh (chứng nhận 3C), ZT-02 20k sạc dự phòng mAh (chứng nhận 3C)",1 2 3 3,1 2 3 3 10 20
vi_thua_so,894125355574,fashion,颜色,"(三)T15-黑色, (三)T15-白色, （十二）992-黑色, （十二）992-白色, （十二）993-黑色, （十二）993白色","(Ba) T15-Đen, (Ba) T15-Trắng, (12) 992-Đen, (12) 992-trắng, (12) 993-Đen, (12) 993 trắng",15 15 992 992 993 993,12 12 12 12 15 15 992 992 993 993
khac_so,894816776898,fashion,误差范围,0.001,0.001,0.001,1
vi_thua_so,899700624386,fashion,主面料成分,纯棉,100% cotton1,,1 100
vi_thua_so,899700624386,fashion,面料名称,纯棉,100% cotton2,,2 100
vi_thua_so,794807570508,fashion,颜色,"街头汽车-白纯棉, 街头汽车-黑纯棉, TREAT猫-白纯棉, TREAT猫-黑纯棉, 美式汽车-白纯棉, 美式汽车-黑纯棉, 拿砖熊-白纯棉, 拿砖熊-黑纯棉, 花猫猫-白纯棉, 花猫猫-黑纯棉, LUCKY熊-白纯棉, LUCKY熊-黑纯棉, 滑板BOY-白纯棉, 滑板BOY-黑纯棉, 沙滩巴士-白纯棉, 沙滩巴士-黑纯棉, 哈士奇-白纯棉, 哈士奇-黑纯棉, SOPG字母-白纯棉, SOPG字母-黑纯棉, UYSA字母-白纯棉, UYSA-黑纯棉, 胸标Impress-白纯棉, 胸标Imp","Xe đường phố-bông trắng, Xe đường phố-bông đen, TREAT mèo-trắng 100% cotton, TREAT mèo-đen 100% cotton, Xe hơi kiểu Mỹ-cotton trắng, Xe hơi kiểu Mỹ-cotton đen, Lấy gấu gạch-bông trắng, Lấy gạch gấu bông đen, Hoa mèo mèo trắng cotton, Hoa mèo mèo đen ",,100 100 100 100 100 100 100 100 100 100 100
vi_thua_so,900991140465,fashion,颜色,"纯棉黑-560, 纯棉白-560, 纯棉灰-560, 纯棉卡其-560, 纯棉灰蓝-560, 纯棉咖啡-560, 纯棉白色-纯白T","100% cotton đen-560, Trắng 100% cotton-560, Xám 100% cotton-560, Kashi cotton-560, 100% cotton xám xanh lam-560, Cà phê cotton-560, 100% cotton trắng-trắng T",560 560 560 560 560 560,100 100 100 100 100 560 560 560 560 560 560
khac_so,951428153149,fashion,尺码,"M【100-110斤】, L【110-125斤】, XL【125-140斤】, XXL【140-160斤】, XXXL【160-180斤】, XXXXL【180-195斤】","M 【 50-55kg 】, L【 55-62.5kg 】., XL [ 62.5-70kg ], XXL [ 70-80kg ], XXXL【 80-90kg 】Tôi, XXXXL [ 90-97.5kg ]_x008c",100 110 110 125 125 140 140 160 160 180 180 195,8 50 55 55 62.5 62.5 70 70 80 80 90 90 97.5
khac_so,903335368868,fashion,误差范围,0.001,0.001,0.001,1
vi_thua_so,722092947752,fashion,类别,五分袖T恤,Áo thun tay lỡ (tay 5/4),,4 5
vi_thua_so,812958742310,fashion,颜色,"卡其圆领短袖纯棉, 浅灰圆领短袖纯棉, 豆绿圆领短袖纯棉, 深灰圆领短袖纯棉, 雾蓝圆领短袖纯棉, 白色圆领短袖纯棉, 黑色圆领短袖纯棉, 砖红圆领短袖纯棉, 黄色圆领短袖纯棉","Kaki cổ tròn tay ngắn cotton, Xám nhạt cổ tròn tay ngắn cotton, Xanh đậu cổ tròn tay ngắn cotton, Xám đậm cổ tròn tay ngắn cotton, Màu xanh sương mù cổ tròn tay ngắn cotton tinh khiết, Màu trắng cổ tròn tay ngắn 100% cotton, Màu đen cổ tròn tay ngắn ",,100 100
vi_thua_so,966094324357,fashion,克重,300g/m²及以上,300g/m2 trở lên,300,2 300
vi_thua_so,716713475127,fashion,面料名称,纯棉,100% cotton1,,1 100
vi_thieu_so,722232613799,fashion,属性1,1688定制，支持1件贴标、换洗水唛、换吊牌、换包装，30件可以加印花,"Tùy chỉnh 1688: Hỗ trợ ghi nhãn từng mảnh, thay thế nhãn giặt, thay thế thẻ treo và tùy chỉnh bao bì. Có in ấn cho đơn hàng từ 30 chiếc trở lên.",1 30 1688,30 1688
vi_thua_so,892716552055,fashion,颜色,"卡其200短袖纯棉, 豆绿200短袖纯棉, 黑色200短袖纯棉, 白色200短袖纯棉, 深灰200短袖纯棉, 咖啡200短袖纯棉","Kaki 200 tay ngắn cotton, Đậu xanh 200 tay ngắn cotton, 100% cotton ngắn tay màu đen 200, Trắng 200 tay ngắn 100% cotton, Xám đậm 200 tay ngắn cotton, Cà phê 200 tay ngắn cotton",200 200 200 200 200 200,100 100 200 200 200 200 200 200
vi_thua_so,919254026313,fashion,主面料成分,纯棉,100% cotton1,,1 100
vi_thua_so,919254026313,fashion,面料名称,纯棉,100% cotton2,,2 100
vi_thua_so,892057578375,fashion,面料名称,纯棉,100% cotton1,,1 100
vi_thua_so,822830655480,fashion,颜色,"纯棉短袖-白色, 纯棉短袖-黑色","100% cotton ngắn tay-trắng, 100% cotton ngắn tay-đen",,100 100
vi_thua_so,889749120833,fashion,颜色,"纯棉--白色, 纯棉--杏色, 纯棉--黑色, 纯棉--浅紫色, 纯棉--卡其色, 纯棉--浅灰, 纯棉--矿石蓝, 纯棉--蒂芙尼蓝, 纯棉--宝蓝, 纯棉--咖啡色, 纯棉--铁灰, 纯棉--牛油果绿, 纯棉--草绿, 纯棉--丛林绿, 纯棉--藏蓝, 纯棉--粉色, 纯棉--洋红, 纯棉--桃粉, 纯棉--红色","100% cotton-trắng, 100% cotton-màu mơ, 100% cotton-đen, 100% cotton-màu tím nhạt, Khaki cotton tinh khiết, 100% cotton-xám nhạt, Màu xanh khoáng chất cotton tinh khiết, Màu xanh Tiffany cotton tinh khiết, 100% cotton-xanh sapphire, 100% cotton-màu cà",,100 100 100 100 100 100 100 100 100 100 100 100 100 100
vi_thua_so,859880327492,fashion,尺码,"S【建议90-130斤】纯棉 小领口, M【建议130-150斤】纯棉 小领口, L【建议150-160斤】纯棉 小领口, XL【建议160-180斤】纯棉 小领口, 2XL【建议180-200斤】纯棉 小领口, 3XL【建议200-230斤】纯棉 小领口","S [Khuyến nghị 90-130 kg] Cổ áo nhỏ bằng cotton tinh khiết, M [Đề nghị 130-150 kg] Cổ áo nhỏ bằng cotton tinh khiết, L [đề nghị 150-160 kg] 100% cotton cổ áo nhỏ, XL [đề nghị 160-180 kg] 100% cotton cổ áo nhỏ, 2XL [đề nghị 180-200 kg] 100% cotton cổ ",2 3 90 130 130 150 150 160 160 180 180 200 200 230,2 3 90 100 100 100 100 130 130 150 150 160 160 180 180 200 200 230
vi_thua_so,900014872737,fashion,面料名称,纯棉,100% cotton1,,1 100
vi_thua_so,979964494631,fashion,颜色,"A1051-hei, A1051-tian局域网, A1051-shen回族, A1051-lv, A1051-jun lv, A1051-bai, A1051-zang清, A1051-jiu香港","A1051-tôi, Mạng LAN A1051-tian, A1051-shen Hui người, A1051-lv, A1051-tháng 6 lv, A1051-bài, A1051-zangqing, A1051-jiu Hồng Kông",1051 1051 1051 1051 1051 1051 1051 1051,6 1051 1051 1051 1051 1051 1051 1051 1051
vi_thua_so,711533838913,fashion,主面料成分的含量,100%全棉,100% 100% cotton,100,100 100
vi_thua_so,633846074267,food,包装规格,"喜糖试吃全店随便选, 宏源白桃味硬糖500g约120粒, 旺仔牛奶糖500g约150粒, 阿尔卑斯混合口味500g约130粒, KDV紫皮糖500g约70粒, 徐福记酥心糖500g约40粒, 徐福记棉花糖500g约60个, 大白兔奶糖500g约80粒, 宏光平安喜乐枣500g约35包, 多品牌混合糖果500g【套餐A】, 多品牌混合糖果500g【套餐B】, 巧克力500g约100粒, 悠哈奶糖500g约100粒, 朴拉达生椰奶芙500g约40颗, 徐福记果汁橡皮糖500g约35包, 好想你枣生贵","喜糖试吃全店随便选, Kẹo cứng hương đào trắng Hongyuan 500g, khoảng 120 miếng, Kẹo sữa Wangzai 500g, khoảng 150 miếng, Hương vị hỗn hợp Alpine 500g, khoảng 130 viên, Đường tím KDV 500g, khoảng 70 miếng, Kẹo giòn Xu Fuji 500g, khoảng 40 miếng, Kẹo dẻo Xufuji 50",20 24 28 30 30 30 30 30 32 34 35 35 35 35 35 35 35 35 35 36 40 40 40 40 40 40 40 40 42 45 45 45 50 50 50 50 50 50 50 50 55 55 60 60 60 60 60 60 60 64 65 65 65 65 70 70 70 70 75 75 75 80 80 80 80 80 80 80 80 88 88 90 90 100 100 100 100 100 110 120 120 130 130 150 250 250 250 250 250 400 400 400 468 500 500 500 500 500 500 500 500 500 500 500 500 500 500 500 500 500 500 500 500 500 500 500 500 500 500 500 500 500 500 500 500 500 500 500 500 500 500 500 500 500 500 500 500 500 500 500 500 500 500 500 500 500 500 500 500 500 500 500 500 500 500 500 500 500 500 500 500 500 500 500 500 500 500 500 500 500 500 500 500 500 500 500,2 4 11 20 24 28 30 30 30 30 30 32 34 35 35 35 35 35 35 35 35 35 36 40 40 40 40 40 40 40 40 42 45 45 45 50 50 50 50 50 50 50 50 55 55 60 60 60 60 60 60 60 64 65 65 65 65 70 70 70 70 75 75 75 80 80 80 80 80 80 80 80 88 88 90 90 100 100 100 100 100 110 120 120 130 130 150 250 250 250 250 250 400 400 400 468 500 500 500 500 500 500 500 500 500 500 500 500 500 500 500 500 500 500 500 500 500 500 500 500 500 500 500 500 500 500 500 500 500 500 500 500 500 500 500 500 500 500 500 500 500 500 500 500 500 500 500 500 500 500 500 500 500 500 500 500 500 500 500 500 500 500 500 500 500 500 500 500 500 500 500 500 500 500 500 500 500 500 500
khac_so,737254413426,food,生产许可证编号,SC12435068109249,Sc1235068109249,1.24351e+13,1.23507e+12
vi_thieu_so,891114225179,food,保质期,6月,tháng sáu,6,
vi_thua_so,912917391108,food,包装规格,"【约20颗】五香味(独立包装), 【约20颗】盐焗味(独立包装), 【约50颗】盐焗味(独立包装), 【约50颗】五香味(独立包装), 【约50颗】混合味(独立包装), 【一斤装】盐焗味(独立包装), 【一斤装】五香味(独立包装), 【一斤装】混合味(独立包装), 【约90颗】盐焗味(独立包装), 【约90颗】五香味(独立包装), 【约90颗】混合味(独立包装), 【约100颗】五香味(独立包装), 【约100颗】混合味(独立包装), 【约100颗】盐焗味(独立包装), 【约110颗】五香味(独","[Khoảng 20 miếng] Năm hương vị (đóng gói riêng lẻ), [Khoảng 20 miếng] Hương vị muối nướng (đóng gói riêng lẻ), [Khoảng 50 miếng] Hương vị muối nướng (đóng gói riêng lẻ), [Khoảng 50 miếng] Năm hương vị (đóng gói riêng lẻ), [Khoảng 50 miếng] Hương vị h",20 20 50 50 50 90 90 90 100 100 100 110 110,0.5 0.5 0.5 20 20 50 50 50 90 90 90 100 100 100 110 110
vi_thieu_so,980057658847,food,保质期,9月,tháng chín,9,
vi_thieu_so,875559798789,food,包装规格,"【香辣10包】-7g/1包（以克重为准）, 【香辣20包】-7g/1包（以克重为准）, 【麻辣20包】-7g/1包（以克重为准）, 【酱汁20包】-7g/1包（以克重为准）, 【混合20包】-7g/1包（以克重为准）, 【香辣40包】-7g/1包（以克重为准）, 【麻辣40包】-7g/1包（以克重为准）, 【酱汁40包】-7g/1包（以克重为准）, 【混合40包】-7g/1包（以克重为准）","【Hương Cay Gắt - Gói 10 Hộp】 - 7g/Hộp (Trọng lượng có thể chênh lệch đôi chút), [Hương vị cay 20 gói] - 7g/gói (Trọng lượng có thể thay đổi đôi chút), 【Gia Vị Cay Nóng - Gói 20 Hộp】 - 7g/Hộp (Trọng Lượng Thực Tế), 【Nước Chấm 20 Gói】- 7g/gói (Cân theo",1 1 1 1 1 1 1 1 1 7 7 7 7 7 7 7 7 7 10 20 20 20 20 40 40 40 40,7 7 7 7 7 7 7 7 7 10 20 20 20 20 40 40 40 40
khac_so,948587006974,food,包装规格,"【三味混合100包】约1斤 买50包送50包, 【三味混合150包】约1.5斤 买75包送75包, 【三味混合200包】约2斤 买100包送100包, 【三味混合300包】约3斤 买150包送150包, 【三味混合400包】约4斤 买200包送200包, 【三味混合500包】约5斤 买250包送250包, 【三味混合50包】约250g 买25包送25包, 【整箱100包】约1斤 买50包送50包 生椰拿铁味, 【整箱200包】约2斤 买100包送100包 生椰拿铁味, 【整箱300包】约3斤 买","[3 hương vị trộn 100 gói] Khoảng 0.5kg Mua 50 gói tặng 50 gói, [3 hương vị trộn 150 gói] Khoảng 0.75kg Mua 75 gói tặng 75 gói, [3 hương vị trộn 200 gói] Khoảng 1.0kg Mua 100 gói tặng 100 gói, [3 hương vị trộn 300 gói] Khoảng 1.5kg Mua 150 gói tặng 15",1 1 1 1 1.5 2 2 2 2 3 3 4 5 25 25 25 50 50 50 50 50 50 50 50 50 75 75 100 100 100 100 100 100 100 100 100 100 100 100 150 150 150 150 150 200 200 200 200 200 200 250 250 250 300 300 400 500,0.5 0.5 0.5 0.5 0.75 1 1 1 1 1.5 1.5 2 2.5 3 3 3 3 3 3 3 25 25 25 50 50 50 50 50 50 50 50 50 75 75 100 100 100 100 100 100 100 100 100 100 100 100 150 150 150 150 150 200 200 200 200 200 200 250 250 250 300 300 400 500
vi_thua_so,829192641234,food,生产日期,店铺产品多数为最近两个月日期，一般不超过质保的三分之一，承诺不超过二分之一，订单超七千元可查具体日期,"Hầu hết các sản phẩm trong cửa hàng đều có ngày sản xuất trong vòng hai tháng gần đây, thường không quá một phần ba thời gian bảo hành, và cam kết không quá một nửa thời gian bảo hành. Nếu đơn hàng vượt quá 7.000 tệ, có thể kiểm tra ngày sản xuất cụ ",,7000
vi_thieu_so,986475031044,food,保质期,9月,tháng chín,9,
khac_so,941013354084,food,包装规格,"【1斤1大罐】无骨鸡爪：酸辣, 【1斤1大罐】无骨鸡爪：加辣, 【1斤1大罐】无骨鸡爪：蒜香, 【2斤2大罐】无骨鸡爪：酸辣+加辣, 【2斤2大罐】无骨鸡爪：酸辣+蒜香, 【2斤2大罐】无骨鸡爪：加辣+蒜香, 【1斤1大罐】大杂烩6合1：川香, 【1斤1大罐】大杂烩6合1：微辣, 【2斤2大罐】大杂烩：微辣, 【2斤2大罐】大杂烩：川香, 【2斤2大罐】大杂烩：微辣+川香, 热销【3斤3大罐】大杂烩：微辣, 【3斤3大罐】大杂烩：川香, 【1斤1大罐】贡菜鸡爪：椒麻, 【1斤1大罐】贡菜鸡爪：酸","【Bình Lớn 1 lb】Chân Gà Không Xương: Chua Cay, [1 pound, 1 lon lớn] Chân gà không xương: Cực Cay, [1 pound, 1 lon lớn] Chân gà không xương: Hương vị tỏi, 【2 Jin (khoảng 2,2 lbs) 2 Lọ Lớn】Chân gà không xương: Nóng & Chua + Cực cay, 【2 lbs, 2 Hũ Lớn】Châ",1 1 1 1 1 1 1 1 1 1 1 1 1 1 1 1 2 2 2 2 2 2 2 2 2 2 2 2 3 3 3 3 6 6,1 1 1 1 1 1 1 1 1 1 1 1 1 1 1 2 2 2 2 2 2 2 2 2 2 2 2 2.2 2.2 3 3 3 3 6 6
khac_so,809807188098,food,生产许可证编号,SC10434022505369,Sc1044022505369,1.0434e+13,1.04402e+12
vi_thua_so,861192968967,food,包装规格,"猫耳酥一斤, 猫耳酥五斤【实惠装】, 猫耳酥十斤【批发囤货】","Bánh tai mèo 0.5kg, Bánh Giòn Tai Mèo 2.5kg [Gói Tiết Kiệm], Bánh Giòn Tai Mèo 5kg [Hàng Sỉ Có Sẵn]",,0.5 2.5 5
khac_so,672898111862,food,生产许可证编号,SC10835068106322,Sc1035068106322,1.08351e+13,1.03507e+12
vi_thieu_so,867999257499,food,包装规格,"混合口味（240g约56个）, 混合口味【1斤约112个】, 混合口味【2斤约225个】, 青梅味【240g约56个】, 蓝莓味【240g约56个】, 菠萝味【240g约56个】, 苹果味【240g约56个】, 葡萄味【240g约56个】, 可乐味【240g约56个】, 柠檬味【240g约56个】, 巧克力味【240g约56个】, 青梅味【480g约112个】, 蓝莓味【480g约112个】, 苹果味【480g约112个】, 葡萄味【480g约112个】, 柠檬味【480g约112个】, 菠萝味","Hương vị hỗn hợp (khoảng 56 trong 240g), Hương vị hỗn hợp [khoảng 112 mỗi catty], Hương vị hỗn hợp [2 kg khoảng 225], Vị mận xanh [khoảng 56 trong 240g], Vị việt quất [khoảng 56 trong 240g], Vị dứa [khoảng 56 trong 240g], Vị táo [khoảng 56 trong 240g",1 2 56 56 56 56 56 56 56 56 56 112 112 112 112 112 112 112 112 112 225 240 240 240 240 240 240 240 240 240 480 480 480 480 480 480 480 480,2 56 56 56 56 56 56 56 56 56 112 112 112 112 112 112 112 112 112 225 240 240 240 240 240 240 240 240 240 480 480 480 480 480 480 480 480
vi_thua_so,948623480671,food,包装规格,"1.0面包丁 （海盐焦糖味）35g, 2.0面包丁（咸香芝士味）35g, 3.0面包丁（黄油蒜香味）35g, 玉米粒总动员 50g, 干脆玉米芝士角 20g, 有点干货的黄油曲奇饼干 36g, 贝果脆 30g, 有识之士的芝士夹心饼干 45g, 经常椭斜的椭圆芝士脆 30g, 洋气脆脆圈 30g, 红糖肉桂搓圆饼 35g","1. 0 bánh mì nướng giòn (vị caramel muối biển) 35g, 2.0 bánh mì nướng giòn (hương vị phô mai thơm lừng) 35g, 3.0 bánh mì nướng giòn (hương bơ tỏi) 35g, Hạt Ngô Bonanza 50g, Bánh phồng bắp rang bơ giòn 20g, Bánh quy bơ với chút hương vị thơm ngon - 36",1 2 3 20 30 30 30 35 35 35 35 36 45 50,0 1 2 3 20 30 30 30 35 35 35 35 36 45 50
khac_so,984664694824,food,包装规格,"【1袋】虎皮鸡爪---香辣, 【1袋】虎皮凤爪--卤香, 【新客款】泡椒味无骨鸡爪 200克（限购一单）, 【软糯弹牙】一斤蒜香一大罐, 【软糯弹牙】酸辣一斤一大罐, 【追剧吃着上头】一斤藤椒一大罐, 蒜香+酸甜 1000g, 蒜香+酸辣 1000g, 【吃肉不吐骨头】二斤蒜香二大罐, 酸辣1500g, 【办公解馋下午茶】酸辣两斤两大罐, 【小孩孕妇可吃】二斤藤椒二大罐, 【大口吃肉大口喝酒】一斤蒜香+一斤酸辣, 【巨量装】一斤蒜香+一斤藤椒, 【量大过瘾吃到爽】蒜香三斤三大罐, 【吃肉不吐骨头","[1 túi] Chân gà da hổ --- cay, [1 túi]Da hổ và chân gà - om, [Phong cách khách hàng mới] Chân gà không xương vị tiêu dưa chua 200g (giới hạn mua một lần), [Mềm và dai] 0.5kg Một lọ tỏi lớn, [Mềm và dai] Chua cay 0.5kg lon lớn, [Ăn trong khi xem phim]",1 1 5 5 5 5 200 500 500 500 1000 1000 1500,0.5 0.5 0.5 0.5 0.5 0.5 0.5 1 1 1 1 1 1 1 1 1.5 1.5 2 2 2.5 2.5 2.5 2.5 2.5 2.5 5 5 5 200 500 500 500 1000 1000 1500
vi_thua_so,861198924113,food,包装规格,"裸装海鲜锅巴一斤, 裸装香辣锅巴一斤, 裸装海鲜锅巴五斤, 裸装香辣锅巴五斤, 裸装海鲜锅巴十斤, 裸装香辣锅巴十斤","Bánh gạo hải sản khỏa thân một catty, Bánh gạo cay khỏa thân, Gỏi cơm giòn hải sản 2.5kg, Vỏ cơm cay trần 2.5kg, Gỏi cơm giòn hải sản 5kg, Vỏ cơm cay trần 5kg",,2.5 2.5 5 5
khac_so,561244806559,food,包装规格,"4.5g 德芙 500g（丝滑）, 4.5g 德芙 500g（黑巧）, 4.5g 德芙 500g（混合味）","4,5g Dove 500g (mượt), 4,5g Dove 500g (đen), 4. Sôcôla Dove 5g 500g (Hương vị hỗn hợp)",4.5 4.5 4.5 500 500 500,4 4.5 4.5 5 500 500 500
vi_thua_so,847509454105,food,包装规格,"核桃饼800g*1盒-约35包, 杏仁饼800g*1盒约35包, 腰果饼800g*1盒约35包, 香脆腰果饼250g(半斤)/约11包, 香脆杏仁饼250g(半斤)/约11包, 香脆核桃饼250g(半斤)/约11包, 随机混合250g(半斤)/约11包, 香脆腰果饼500g(一斤)/约22包, 香脆杏仁饼500g(一斤)/约22包, 香脆核桃饼500g(一斤)/约22包, 随机混合500g(一斤)/约22包, 香脆腰果饼1000g(二斤)/约44包, 香脆杏仁饼1000g(二斤)/约44包, 香","Bánh óc chó 800g * 1 hộp-khoảng 35 gói, Bánh hạnh nhân 800g*1 hộp khoảng 35 gói, Bánh hạt điều 800g*1 hộp khoảng 35 gói, Bánh hạt điều giòn 250g (nửa pound)/khoảng 11 gói, Bánh hạnh nhân giòn 250g (nửa pound)/khoảng 11 gói, Bánh óc chó giòn 250g (nửa",1 1 1 11 11 11 11 22 22 22 22 35 35 35 44 44 44 44 250 250 250 250 500 500 500 500 800 800 800 1000 1000 1000 1000,0.5 0.5 0.5 0.5 1 1 1 1 1 1 1 11 11 11 11 22 22 22 22 35 35 35 44 44 44 44 250 250 250 250 500 500 500 500 800 800 800 1000 1000 1000 1000
vi_thua_so,880884855000,food,产品类别,驴打滚,21,,21
vi_thua_so,880884855000,food,3,驴打滚,22,,22
vi_thieu_so,981068800430,food,包装规格,"高蛋白【10根】低脂鸡肉肠原味10根, 【10根】低脂鸡肉肠黑椒味10根, 尝鲜【10根】低脂鸡肉肠玉米味10根, 新口味【共10根】笋尖鸡肉肠仅9.8, 双口味【20根】低脂鸡肉肠原味10根+黑椒味10根, 【20根】低脂鸡肉肠黑椒味20根, 【20根】低脂鸡肉肠原味20根, 【20根】低脂鸡肉肠玉米味20根, 低脂肪【共20根】笋尖鸡肉肠, 混合装【23根】低脂鸡肉肠原味7根+黑椒味8根+玉米味8根, 【40根】低脂鸡肉肠原味20根+黑椒味20根, 【40根】低脂鸡肉肠黑椒味40根, 【40","Thịt Xông Khói Gà Ít Mỡ Hương Vị Nguyên Bản, Giàu Protein [10 Miếng], [10 miếng] Xúc xích gà ít béo hương tiêu đen 10 miếng, Hãy thử [10 que] xúc xích gà ít béo vị ngô 10 que, Hương vị mới: Xúc xích gà & măng (10 que) - Chỉ $9,8!, Double Flavor [20 Q",7 8 8 9.8 10 10 10 10 10 10 10 10 10 16 16 18 20 20 20 20 20 20 20 20 20 20 23 40 40 40 40 40 40 40 40 40 40 50 80 80 80,7 8 8 9.8 10 10 10 10 10 10 10 10 16 16 18 20 20 20 20 20 20 20 20 20 20 23 40 40 40 40 40 40 40 40 40 40 50 80 80 80
khac_so,769504516102,food,生产许可证编号,SC12435068110360,Sc1235068110360,1.24351e+13,1.23507e+12
vi_thieu_so,872800600709,food,包装规格,"亚麻籽核桃酥200g, 亚麻籽核桃酥250g, 亚麻籽核桃酥350g, 亚麻籽核桃酥600g, 散装称重 10kg1箱","Bánh óc chó hạt lanh 200g, Hạt lanh óc chó giòn 250g, Hạt lanh óc chó giòn 350g, Hạt lanh óc chó giòn 600g, Đóng gói số lượng lớn, trọng lượng 10kg/ hộp.",1 10 200 250 350 600,10 200 250 350 600
khac_so,625455353294,food,包装规格,"小金针1斤90元散装发货, 普通大金针1斤65元散装发货, 小金丝1斤90元散装发货, 金芽1斤85散装发货, 古树红茶烤红1斤30元散装发货, 70理条1斤36元散装发货, 中国红配方四1斤80元散装发货, 晒红古树野红1斤78元散装发货, 烤红古树野红1斤99元散装发货, 中国红配方五42元1斤, 金锣红茶83元散装500克, 半曲红茶83元散装500克, 70金豪假金丝500克散装, 老滇红1号散装500克, 老滇红2号散装500克, 中国红弯散装500克, 香归金丝散装500克, 古树红","Kim vàng nhỏ 1 catty 90 nhân dân tệ vận chuyển số lượng lớn, Kim vàng lớn thông thường 1kg 65 nhân dân tệ vận chuyển với số lượng lớn, Dây vàng nhỏ 1 catty 90 nhân dân tệ vận chuyển số lượng lớn, Golden Bud 1 catty 85 giao hàng số lượng lớn, Trà đen ",1 1 1 1 1 1 1 1 1 1 1 1 2 30 30 36 42 65 70 70 78 80 83 83 85 90 90 99 500 500 500 500 500 500 500 500 500,0.5 1 1 1 1 1 1 1 1 1 1 2 4 30 30 36 42 65 70 70 78 80 83 83 85 90 90 99 500 500 500 500 500 500 500 500 500
khac_so,950776982457,food,包装规格,"绿茶半斤袋装（无赠品）, 绿茶250g铁盒装（1罐无赠品）, 绿茶500g袋装（无赠品）, 绿茶1000g袋装（买一斤送一斤直发2斤）, 绿茶500g袋装（买一斤送半斤直发1.5斤）, 绿茶500g铁盒装(买一斤送半斤直发1.5斤）, 绿茶500g铁盒装（2罐无赠送）","Túi trà xanh nửa cân (không quà tặng), Trà xanh 250g hộp sắt (1 lon không kèm quà), Túi trà xanh 500g (không quà tặng), Trà xanh túi 1000g (mua 0.5kg tặng 0.5kg 1.0kg tóc thẳng), Trà xanh túi 500g (mua 0.5kg tặng nửa pound 0.75kg ), Trà xanh 500g hộp",1 1.5 1.5 2 2 250 500 500 500 500 1000,0.5 0.5 0.5 0.5 0.75 0.75 1 1 2 250 500 500 500 500 1000
vi_thieu_so,594647017238,food,包装规格,"2026年--2#明前头采甘露--500克（散装）, 2026年---3#明前头采甘露（500克散装）, 2026年--明前4#头采柴火甘露（栗香）（500克散装）, 2026年--明前7#头采柴火甘露（栗香）（500克散装）, 2026年---明前头采9#甘露（500克散装）, 2026年---明前1#全芽碧螺春（500克散装）, 2026年---明前3#碧螺春全芽（500克散装）, 2026年---明前碧螺春1#栗香（500克散装）, 2026年---明前（2#福鼎碧螺春）（500克散装）,","2026--2#Mingqiantou Picking Nectar--500g (số lượng lớn), 2026---3 # Mingqiantou Picking Nectar (500g số lượng lớn), 2026--Mingqian 4#Mật hoa củi Toucai (Hương hạt dẻ) (500g số lượng lớn), 2026--7 trước nhà Minh#Mật hoa củi Toucai (Hương hạt dẻ) (500g",1 1 1 1 1 1 2 2 2 2 2 2 2 3 3 3 3 3 4 4 5 5 5 5 6 7 7 8 9 9 9 9 10 11 12 500 500 500 500 500 500 500 500 500 500 500 500 500 500 500 500 500 500 500 500 500 500 500 500 500 500 500 500 500 500 500 500 500 500 500 500 500 2026 2026 2026 2026 2026 2026 2026 2026 2026 2026 2026 2026 2026 2026 2026 2026 2026 2026 2026 2026 2026 2026 2026 2026 2026 2026 2026 2026 2026 2026 2026 2026 2026 2026 2026 2026 2026,1 1 1 1 1 2 2 2 2 2 2 2 3 3 3 3 3 4 4 5 5 5 5 6 7 7 8 9 9 9 9 10 11 12 500 500 500 500 500 500 500 500 500 500 500 500 500 500 500 500 500 500 500 500 500 500 500 500 500 500 500 500 500 500 500 500 500 500 500 500 500 2026 2026 2026 2026 2026 2026 2026 2026 2026 2026 2026 2026 2026 2026 2026 2026 2026 2026 2026 2026 2026 2026 2026 2026 2026 2026 2026 2026 2026 2026 2026 2026 2026 2026 2026 2026 2026
vi_thua_so,594118626507,food,包装规格,"2级2号龙井(2026新茶）, 2级1号龙井500g(2026新茶）, 1级2号龙井（2026新茶)-拿货优选, 1级1号龙井500g(2026新茶）, 特级肆号龙井500g(2026新茶）, 特级叁号龙井500g(2026新茶）, 特级贰号龙井500g(2026新茶）, 特级壹号龙井500g(2026新茶）, 精品叁号龙井500g(2026新茶）, 精品贰号龙井(2026新茶）, 精品壹号龙井(2026新茶）, 野生手工贰号龙井(2026新茶）, 4级1号龙井(2026新茶）, 3级2号龙井（","Long Tỉnh cấp 2 số 2 (trà mới 2026), Long Tỉnh 2 Số 1 500g (trà mới 2026), Trà Long Tỉnh Số 2 Loại 1 (Trà Mới 2026) - Lựa Chọn Tốt Nhất Để Mua, Trà Long Tỉnh hạng 1 số 1 500g (trà mới 2026), Long Tỉnh Đặc Biệt Số 4, 500g (Trà mới năm 2026), Long Tỉnh",1 1 1 1 1 1 2 2 2 2 2 3 3 4 500 500 500 500 500 500 500 2026 2026 2026 2026 2026 2026 2026 2026 2026 2026 2026 2026 2026 2026 2026,1 1 1 1 1 1 1 1 2 2 2 2 2 2 2 2 3 3 3 3 4 4 500 500 500 500 500 500 500 2026 2026 2026 2026 2026 2026 2026 2026 2026 2026 2026 2026 2026 2026 2026
vi_thua_so,652034819087,food,包装规格,"浓香大红袍（斤/43元）, 醇香大红袍（斤/65元）, 花香水仙（斤/105元）, 花香大红袍（斤/105元）, 果香大红袍（斤/135元）, 兰花香水仙（斤/130元）, 高山黄玫瑰（斤/170元）, 高山奇兰（斤/145元）, 六年陈茶（斤/195元）, 纯种大红袍（斤/180元）, 花果香肉桂（斤/135元）, 慧苑水仙（斤/200元）, 莲花峰肉桂（斤/215元）, 一等奖大红袍（斤/335元）, 老枞水仙（斤/650元）, 燕子窠肉桂（斤/585元）, 正岩肉桂（斤/685元）, 慧苑","Nước hoa mạnh Dahongpao (jin/43 nhân dân tệ), Dahongpao êm dịu và thơm (jin/65 nhân dân tệ), Nước hoa hoa thủy tiên (jin/105 nhân dân tệ), Trà Ô Long Da Hồng Hương Hoa (mỗi 500g/105 RMB), Áo choàng đỏ thơm (jin/135 nhân dân tệ), Nước hoa hoa lan tiên",43 43 43 65 65 65 105 105 130 135 135 145 170 180 195 195 200 215 285 335 350 585 650 685 1800 1800,43 43 43 65 65 65 105 105 130 135 135 145 170 180 195 195 200 215 285 335 350 500 500 585 650 685 900 1800 1800
vi_thua_so,718790342521,food,包装规格,"江南壹号-大红袍（无手提袋）, 大红袍手提袋","Giang Nam số 1 - Dahongpao (không có túi xách), Túi tote Dahongpao",,1
vi_thieu_so,839260972164,food,包装规格,"【30种茶+平安喜乐茶礼盒】, 【30种茶+大吉大利茶礼盒】, 【吉茶礼盒30种茶】+手提袋, 【喜乐礼盒30种茶】+手提袋, 【30种茶+好运礼袋】, 顺风顺水（21种茶）+木质高端茶盒, 木质盒装+配礼袋/需要联系客服, 风生水起（21种茶）+木质高端茶盒, 事事上上签（21种茶）+木质高端茶盒, 今日无事（21种茶）+木质高端茶盒, 紫气东来（21种茶）+木质高端茶盒, 平安喜乐（21种茶）+木质高端茶盒, 时来运转（21种茶）+木质高端茶盒, 随机茶饼【5颗】","[30 loại trà Hộp quà trà Ping An Joy], [30 loại trà, hộp quà trà Dajidi], [Hộp quà trà Ji 30 loại trà] Túi xách, [Hộp quà niềm vui 30 loại trà] Túi xách, [30 loại túi quà trà may mắn], Shunfeng Shunshui (21 loại trà) Hộp trà cao cấp bằng gỗ, Hộp gỗ l",5 21 21 21 21 21 21 21 30 30 30 30 30,5 21 21 21 21 21 21 30 30 30 30 30
vi_thua_so,608874970198,food,包装规格,"安溪清香铁观音小泡礼盒装, 茉莉花茶花香白芽小泡礼盒装, 福鼎老白茶寿眉小泡礼盒装, 武夷山果香英红九号小泡礼盒装, 武夷山花香正山小种小泡礼盒装, 武夷山蜜香金骏眉小泡礼盒装, 福鼎老白茶白牡丹小泡礼盒装, 绿豆香碧螺春绿茶小泡礼盒装, 板栗香毛尖绿茶小泡礼盒装, 福鼎老白茶月光白毫银针小泡礼盒装139号, 鸭屎香【送礼选择】小泡182克礼盒装, 如意鸭屎香一斤两罐礼盒装, 清香鸭屎香一斤两罐送礼装, 浓香蜜兰香一斤两罐送礼装, 老枞蜜兰香一斤四罐装, 一斤四罐装高山白色鸭屎香凤凰单丛, 山语","Hộp quà tặng trà Trà Cổ Nhân Anh Tuyền Anh Tuyền (Tieguanyin) An Sĩ Thanh Hương, túi nhỏ., Hộp quà tặng bông trà trắng hương hoa nhài, búp trà nhỏ., Hộp quà tặng trà trắng Fuding Shoumei bọt nhỏ., Hộp quà tặng bong bóng nhỏ Wuyishan Fruity Yinghong s",1 1 2 2 16 16 26 26 96 96 100 139 182 260 260 500 500,0.5 0.5 1 1 2 2 9 16 16 26 26 96 96 100 139 182 260 260 500 500
vi_thua_so,643124283098,food,包装规格,"正山小种红茶 一斤, A款正山小种红茶 一斤","Trà đen Lapsang Souchong 0.5kg, Trà đen Lapsang Souchong loại A 0.5kg",,0.5 0.5
khac_so,785977365956,food,货号,恩施硒茶袋装（26年新茶）,Túi trà Enshi Selenium (Mùa vụ mới 2026),26,2026
vi_thua_so,976323805540,food,包装规格,"【巩固装】鹿茸锁阳八宝茶10g*10包, 【加强装】鹿茸锁阳八宝茶10g*20包, 【生龙活虎】鹿茸锁阳八宝茶10g*30包, 【女友求饶】二十四宝茶15g*10包, 【女友求饶】二十四宝茶15g*20包, 【女友求饶】二十四宝茶15g*30包, 【女友腿软】二十四宝茶15g*40包, 【女友腿软】二十四宝茶15g*60包, 【女友求饶】二十四宝茶15g*90包","[Gói Tăng Cường Sức Bền] Trà Hỗn Hợp Bát Bổ Nhím Nai 10g*10 gói, [Gói nâng cao] Trà tám báu vật nhung hươu Cynomorium 10g*20 gói, 【Sống Động & Tràn Năng】 Trà Hỗn Hợp Bạch Tuyết & Cynomorium Songaricum Tám Bất Tắc 10g x 30 Túi, [Bạn Gái Xin Phép] Trà ",10 10 10 10 10 15 15 15 15 15 15 20 20 30 30 40 60 90,10 10 10 10 10 15 15 15 15 15 15 20 20 24 24 24 24 24 24 30 30 40 60 90
vi_thua_so,657237269330,food,包装规格,"茶饮/卷底价绿茶专用, 绿茶碧螺春毛尖香绿12号, 绿茶碧螺春毛尖香绿16号, 绿茶香绿18号, 绿茶香绿22号, 绿茶香绿25号, 绿茶豆香龙井28号, 绿茶碧螺春30号, 绿茶毛尖35号, 绿茶香绿35号, 绿茶碧螺春40号, 绿茶香绿45号, 绿茶龙井45号, 绿茶毛尖45号, 绿茶香绿50号, 绿茶龙井52号, 绿茶香绿55号, 绿茶碧螺春60号, 绿茶毛尖60号, 绿茶龙井60号, 绿茶高山绿豆香 碧螺春60号, 绿茶香绿70号, 绿茶毛尖75号, 绿茶龙井85号, 绿茶碧螺春90号,","Trà/trà xanh giá đáy cuộn chỉ, Trà Xanh Biluochun Maojian Xianglv Số 12, Trà Xanh Biluochun Maojian Xianglv Số 16, Hương trà xanh số 18, Trà Xanh Hương Thơm Xanh Số 22, Trà Xanh Hương Thơm Xanh Số 25, Trà Xanh Long Tỉnh Hương Vị Đậu Nành Số 28, Trà X",12 12 16 18 22 25 28 30 35 35 40 45 45 45 50 52 55 60 60 60 60 70 75 85 90 100 102 120 120 160 220 260 300 450 550 550 800,0.5 0.5 4 4 12 12 16 18 22 25 28 30 35 35 40 45 45 45 50 52 55 60 60 60 60 70 75 85 90 100 102 120 120 160 220 260 300 450 550 550 800
vi_thieu_so,638289370291,food,联系方式,159****6852,Thông tin liên hệ của nhà sản xuất sản phẩm,1.5906e+10,
vi_thua_so,522131859791,food,包装规格,"五级龙井C每斤32元样品, 五级龙井B每斤36元样品, 五级龙井A每斤40元样品, 四级龙井B每斤46元样品, 四级龙井A每斤58元样品, 三级龙井B每斤80元样品, 三级龙井A每斤100元样品, 二级龙井B每斤120元样品, 二级龙井A每斤150元样品, 一级龙井B每斤188元样品, 一级龙井A每斤230元样品, 特级龙井C每斤300元样品, 特级龙井B每斤360元样品, 特级龙井A每斤420元样品, 特级龙井AA每斤550元样品, 精品龙井AA每斤880元样品, 手工龙井AAA每斤1280元","Mẫu Longjing C cấp 5 32 nhân dân tệ mỗi catty, Mẫu Longjing B cấp 5 36 nhân dân tệ mỗi catty, Mẫu Longjing A cấp 5 là 40 nhân dân tệ/catty, Mẫu Longjing B hạng 4 46 nhân dân tệ mỗi catty, Mẫu Longjing cấp 4 A 58 nhân dân tệ mỗi catty, Mẫu Longjing B ",32 36 40 46 58 80 100 120 150 188 230 300 360 420 550 880 1280 1880 2680,1.1 1.1 4 4 5 5 5 32 36 40 46 58 80 100 120 150 188 230 300 360 420 500 500 550 880 1280 1880 2680
vi_thua_so,989019147428,food,包装规格,"混装各种口感一斤约90个, 桂花红茶一斤约90个, 茉莉花茶一斤约90个, 柠檬红茶一斤约90个, 柠檬红茶2号一斤约90个, 玫瑰大红袍一斤约90个, 桂花白茶一斤约90个, 桂花单丛一斤约90个, 茉莉红茶一斤约90个, 茉莉白茶一斤约90个, 柠檬普洱一斤约90个, 灵芝陈皮红茶一斤约90个, 菊花红茶一斤约90个, 玫瑰普洱一斤约90个, 桂花普洱一斤约90个, 灵芝普洱一斤约90个, 荷叶白茶一斤约90个, 灵芝白茶一斤约90个, 菊花白茶一斤约90个, 菊花普洱一斤约90个, 普洱熟","Hỗn hợp nhiều vị 0.5kg khoảng 90 miếng, Trà đen Osmanthus 0.5kg khoảng 90 miếng, Trà hoa nhài 0.5kg khoảng 90 miếng, Trà đen chanh 0.5kg khoảng 90 miếng, Trà đen chanh số 2 0.5kg khoảng 90 miếng, Hoa Hồng Dahongpao 0.5kg khoảng 90 miếng, Trà trắng Os",2 90 90 90 90 90 90 90 90 90 90 90 90 90 90 90 90 90 90 90 90 90 90 90 90 90 90 90 90 90 90 90 90 90 90,0.5 0.5 0.5 0.5 0.5 0.5 0.5 0.5 0.5 0.5 0.5 0.5 0.5 0.5 0.5 0.5 0.5 0.5 0.5 0.5 0.5 0.5 0.5 0.5 0.5 0.5 0.5 0.5 0.5 0.5 0.5 0.5 0.5 0.5 2 90 90 90 90 90 90 90 90 90 90 90 90 90 90 90 90 90 90 90 90 90 90 90 90 90 90 90 90 90 90 90 90 90 90
khac_so,989381918268,food,包装规格,"500克电商实体兰香抽湿鸭屎香净茶一斤价40号, 500克电商抽湿鸭屎香50号, 500克电商实体兰香抽湿鸭屎香净茶一斤价60号, 500克电商实体兰香抽湿鸭屎香净茶一斤价70号, 500克花香抽湿鸭屎香净茶85号, 500克高山花香抽湿鸭屎香100号, 500克高山花香抽湿鸭屎香净茶120号, 500克凤凰高山茶抽湿鸭屎香150号, 500克乌岽通天香抽湿鸭屎香185号, 500克乌岽宋种香抽湿鸭屎香220号, 500克老枞宋种抽湿鸭屎香280号, 加拍鸭屎香一斤两罐装空罐12号, 加装1斤藏","500g thực thể thương mại điện tử hương hoa lan hút ẩm mùi vị vịt trà nguyên chất 0.5kg giá số 40, 500g hương vị phân vịt hút ẩm thương mại điện tử số 50, 500g thực thể thương mại điện tử hương hoa lan hút ẩm mùi vị vịt trà nguyên chất 0.5kg giá số 60",1 1 12 40 50 60 70 85 100 120 150 185 220 280 500 500 500 500 500 500 500 500 500 500 500,0.5 0.5 0.5 0.5 0.5 0.5 0.5 12 40 50 60 70 85 100 120 150 185 220 280 500 500 500 500 500 500 500 500 500 500 500
vi_thieu_so,561633451442,food,包装规格,"正山小种2号, 红茶2号, 金骏眉云芽, 金骏眉三芽, 红茶1号, 金骏眉二芽, 正山小种C-8, 金骏眉W-1, 精品小种2A, 金骏眉, 金骏眉AAA, 明前精品小种5A, 正山小种2号（150克/罐）, 红茶2号（150克/罐）, 滇红2号, 滇红毛峰, 滇红金毫, 滇红白芽, 滇红金芽, 滇红大金针","金骏眉云芽, Zhengshan Xiaosan2, Trà đen số 2, Jin Junmei ba nụ, Trà đen số 1, Jinjunmei hai nụ, C-8, W-1 Jin Junmei, Loại nhỏ nhỏ 2A, Kim Tuấn Lông mày2, Jin Junmei AAA, Trước Thời Nhà Minh, loại nhỏ 5A, Zhengshan Xiaochong số 2 (150 g/lon), Trà đen số 2 ",1 1 2 2 2 2 2 2 5 8 150 150,1 1 2 2 2 2 2 5 8 150 150
vi_thua_so,979356968653,food,包装规格,"千里江山六大茗茶礼盒装330g, 国潮江山六层礼盒装345g, 遇见九层八大茗茶360g, 壹品世家礼盒装399g, 百鸟朝凤礼盒装375g, 龙腾盛世一号礼盒装345g, 龙腾盛世二号礼盒装333g, 马到福到臻茗韵 十三茶礼160g, 马上有福礼盒装大红袍250g, 马上有福礼盒装熟普茶饼357g, 马上有福礼盒装福鼎白茶饼350g, 和礼四大茗茶364g, 国色天香双层手提款三大茶320g, 龙凤呈祥小罐礼盒装大红袍, 百祥千福八大茗茶220g, 祥龙献瑞礼盒装十三款茶","Bộ Quà Tặng Trà Cao Cấp ""Ngàn Dặm Sông Núi"" (330g), Hộp quà sáu tầng Guochao Jiangshan 345g, Gặp gỡ Trà Tám Jiulingba 360g, Hộp quà Yipinshijia 399g, ""Bộ quà tặng Chim tôn sùng Phượng hoàng"" 375g, Hộp quà Longteng Shengshi số 1 345g, Hộp quà Long Ten",160 220 250 320 330 333 345 345 350 357 360 364 375 399,1 2 13 160 220 250 320 330 333 345 345 350 357 360 364 375 399
vi_thua_so,555187344672,food,产品标准号,.,.1,,1
vi_thua_so,555187344672,food,货号,.,.2,,2
vi_thua_so,555187344672,food,适用场景,.,.3,,3
vi_thua_so,555187344672,food,口感,.,.5,,5
vi_thua_so,555187344672,food,冲泡方式,.,.6,,6
vi_thua_so,555187344672,food,功效,.,.7,,7
vi_thua_so,555187344672,food,适用人群,.,.8,,8
khac_so,1054416682286,food,生产日期,2023.1月,Tháng 1 năm 2023,2023.1,1 2023
vi_thua_so,1054416682286,food,包装规格,"头春鸭屎香3号半斤袋装, 头春鸭屎香3号一斤袋装, 头春鸭屎香3号罐装半斤2盒, 头春鸭屎香3号罐装一斤4盒","Đầu xuân hương vẹt số 3, túi 250g, Đầu xuân hương vẹt số 3 0.5kg đóng gói dạng túi, Đầu xuân hương vị vẹt số 3, đóng hộp nửa cân, 2 hộp, Đầu xuân hương vị vẹt số 3 đóng hộp 1 cân 4 hộp",2 3 3 3 3 4,0.5 1 2 3 3 3 3 4 250
khac_so,1068783765722,food,包装规格,"【250g】金骏眉罐装半斤, 【500g】金骏眉罐装一斤, 【250g】金骏眉袋装半斤, 【500g】金骏眉袋装一斤, 【250g】金骏眉礼盒装半斤, 【500g】金骏眉礼盒装一斤, 散茶箱装【10斤】","【250g】Trà Kim Tuấn Mi đóng hộp nửa cân, 【500g】Trà Kim Tuấn Mi đóng hộp 0.5kg, 【250g】Trà Kim Tuấn Mi dạng túi, nửa cân, 【500g】Trà Kim Tuấn Mi dạng túi 0.5kg, 【250g】Trà Kim Tuấn Mi hộp quà tặng nửa cân, 【500g】Hộp quà Trà Kim Tuấn Mi 0.5kg, Trà rời đóng",10 250 250 250 500 500 500,0.5 0.5 0.5 5 250 250 250 500 500 500
vi_thua_so,1074034179391,food,包装规格,"125g品质好茶一大罐, 250g品质好茶两大罐半斤, 251g两大罐+手提袋, 500g品质好茶一斤四大罐","125g trà chất lượng cao, đựng trong một hộp lớn., 250g trà chất lượng cao, hai hộp lớn, nửa cân., 251g hai hộp lớn + túi xách, 500g trà chất lượng cao 0.5kg bốn hộp lớn",125 250 251 500,0.5 125 250 251 500
vi_thieu_so,1003037105399,food,产品厂家厂址,福建武夷山市兴田镇仙店路2号2幢,"Số 2, đường Tiên Điếm, trấn Hưng Điền, thành phố Vũ Di Sơn, tỉnh Phúc Kiến",2 2,2
khac_so,782137921977,food,生产日期,2026年4月8日至26年6月4日,Ngày 8 tháng 4 năm 2026 đến ngày 4 tháng 6 năm 2026,4 4 6 8 26 2026,4 4 6 8 2026 2026
khac_so,1013294857905,food,包装规格,"多口味混装随机发500g, 一杯冲泡刚刚好(1斤约160片), 口粮款--陈皮普洱熟茶1 斤（棉纸）, 口粮款--陈皮普洱生茶 1 斤（棉纸）, 口粮款--班章五寨 1 斤（普洱茶生茶）, 口粮款--班章五寨 1 斤（普洱茶熟茶）, 口粮款--陈皮白茶 1 斤（棉纸）, 口粮款--糯香普洱熟茶1 斤（棉纸）, 品鉴款--糯香白茶1斤（绵纸）, 品鉴款--咖啡普洱1 斤（棉纸）, 品鉴款--陈皮红茶 1 斤（棉纸）, 品鉴款--灵芝陈皮普洱熟茶 1 斤（棉纸）, 品鉴款--柠檬红茶1 斤（棉纸）,","Hỗn hợp nhiều hương vị, giao ngẫu nhiên 500g, Một tách pha vừa đủ ( 0.5kg khoảng 160 viên), Mẫu dùng hàng ngày -- Trà Phổ Nhĩ chín Trần Bì 0.5kg (giấy cotton)2, Mẫu dùng hàng ngày--Trà Phổ Nhĩ sống vỏ quýt 0.5kg (giấy lụa), Mẫu tiêu dùng -- Ban Chươn",1 1 1 1 1 1 1 1 1 1 1 1 1 1 1 1 1 1 1 1 1 1 1 1 1 1 1 1 1 1 1 1 1 160 500,0.5 0.5 0.5 0.5 0.5 0.5 0.5 0.5 0.5 0.5 0.5 0.5 0.5 0.5 0.5 0.5 0.5 0.5 0.5 0.5 0.5 0.5 0.5 0.5 0.5 0.5 0.5 0.5 0.5 0.5 0.5 0.5 0.5 2 160 500
vi_thua_so,595554669873,food,包装规格,"2026年头采鲜香黄金芽（450/斤）, 2026年头采浓香黄金芽（380/斤）, 2026年明前早春黄金芽（350元）, 2026年明前鲜香型黄金芽（240元）, 2026年明前手工黄金芽（220元）, 2026年雨前鲜香型黄金芽（160元）, 2026年雨前浓香型黄金芽（130元）, 2026年雨前黄金芽（90元）","Nụ vàng mới hái năm 2026 (450/jin), Trà Mầm Vàng First Flush 2026 (Hương Thơm Nồng) - Giá $380 mỗi Jin (khoảng 500g), Nụ Vàng Đầu Xuân Trước Tế Đô 2026 (¥350), 2026 Mingqian Hương Thơm Tươi Mát Nụ Vàng (240 tệ), 2026 Nụ vàng thủ công Mingqian (220 tệ",90 130 160 220 240 350 380 450 2026 2026 2026 2026 2026 2026 2026 2026,90 130 160 220 240 350 380 450 500 2026 2026 2026 2026 2026 2026 2026 2026
khac_so,897671603522,food,净含量（规格）,125.250.500,125.250.500,125.25 500,1.2525e+08
vi_thua_so,973395605592,food,包装规格,"开门纳福六大名茶送青瓷茶具, 千里江山国风画卷六大名茶, 祥瑞六层六大茗茶送四色窑变茶具, 一鹿高升五层礼盒装送侧把拉丝茶具, 百鸟朝凤四层送蓝色窑变茶具, 龙腾盛世四层四大茗茶, 国风双陶瓷罐金骏眉一斤装大份量, 双龙御品四大茗茶16小罐手提箱礼盒, 鸿运当头十大茗茶无茶具","Mở cửa đón nhận phước lành từ sáu loại trà nổi tiếng và nhận ngay bộ trà sứ celadon., Cuộn tranh sáu loại trà nổi tiếng trên ngàn dặm sông núi phong cách Trung Hoa, Sáu loại trà chính sáu lớp Xiangrui đi kèm với bộ trà nung bốn màu, Hộp quà năm tầng ",16,0.5 10 16
vi_thieu_so,1000385958387,food,包装规格,"金骏眉富贵迎门5圆罐2#茶叶250克, 铁观音盒装茶叶250克, 大红袍简易礼盒装1#茶叶150克, 兰花香铁盒装2#茶叶一盒250克, 小种简易摆泡礼盒装茶叶250克, 铁观音茶礼礼盒装茶叶500克, 和礼铁观音礼盒装2&茶叶500克, 马到成功大红袍礼盒装3#茶叶250克, 大美中国礼盒装2#茶叶250克, 小青柑礼盒装, 铁观音富贵迎门礼盒装2#茶叶500克, 如意铁观音礼盒装2#茶叶500克, 手工两铁礼盒装4*茶叶250克, 铁观音礼盒装6#茶叶250克, 黄色手工礼盒装4#茶叶50克","Trà Jinjunmei Fugui Yingmen 5 lon tròn 2#, 250g, Trà Quan Âm Sắt đóng hộp 250g, Hộp quà tặng đơn giản Da Hong Pao, Trà loại 1, 150g, Trà Thơm Lan, Hộp Thiếc, Loại #2, 250g mỗi hộp, Trà hộp bong bóng đơn giản Souchong 250g, Trà Thiếu Quan Âm hộp quà t",1 2 2 2 2 2 2 3 4 4 5 5 5 6 6 6 7 8 50 150 250 250 250 250 250 250 250 250 250 250 250 500 500 500 500 500,1 2 2 2 2 2 2 3 4 4 5 5 5 6 6 7 8 50 150 250 250 250 250 250 250 250 250 250 250 250 500 500 500 500 500
vi_thua_so,648954765148,food,包装规格,"抽湿鸭屎香【代发热销】38元一斤价, 一等抽湿鸭屎香48元一斤价, 二等抽湿鸭屎香65元一斤价, 三等抽湿鸭屎香85元一斤价, 四等抽湿鸭屎香110元一斤价, 五等抽湿鸭屎香130元一斤价, 六等抽湿鸭屎香160元一斤价, 七等抽湿鸭屎香180元一斤价, 八等抽湿鸭屎香200元一斤价, 九等抽湿鸭屎香260元一斤价, 加拍一斤两罐装空罐12元, 加拍一斤四罐装金色空罐【送礼首选】, 加拍一斤四罐装红色空罐【送礼首选】","Nước hoa vị phân vịt hút ẩm [Bán chạy thay mặt] giá 38 nghìn 0.5kg, Nước hoa vị phân vịt khử ẩm hạng nhất, giá 0.5kg 48 tệ., Nước hoa vị phân vịt loại 2, giá 65 tệ 0.5kg, Mùi thơm phân vịt ướt hạng ba 85 nhân dân tệ/catty, Mùi thơm phân vịt ẩm cấp 4 ",12 38 48 65 85 110 130 160 180 200 260,0.5 0.5 0.5 0.5 0.5 2 4 12 38 48 65 85 110 130 160 180 200 260
vi_thua_so,1009348223833,food,货号,三斤三大茗茶牛皮袋大份量,"1.5kg Ba loại trà hảo hạng, túi da bò, số lượng lớn",,1.5
khac_so,1009348223833,food,包装规格,"金骏眉袋装500g, 正山小种袋装500g, 大红袍袋装500g, 三斤装三大名茶袋装, 三大茗茶【3斤+飘逸茶具1套+龙凤杯2个+试喝 6泡】","Trà Kim Tuấn Mi dạng túi 500g, Trà Chính Sơn Tiểu Chủng đóng túi 500g, Đại Hồng Bào đóng gói 500g, 1.5kg Gói ba loại trà nổi tiếng, Ba loại trà hảo hạng【 1.5kg + 1 bộ trà cụ Piao Yi + 2 chén Long Phụng + 6 lô dùng thử】",1 2 3 6 500 500 500,1 1.5 1.5 2 6 500 500 500
vi_thua_so,814583323257,food,包装规格,"木纹十八罐大红袍礼盒, 牛栏坑肉桂礼盒装, 竹语清风大红袍礼盒, 千香星大红袍礼盒, 礼韵大红袍礼盒装, 马到成功普洱熟茶, 鸿运当头十大茗茶, 飞鹤白茶饼山水礼盒, 鸿运当头-九罐大红袍带茶具, 马上福到五大龙珠","Hộp quà tặng Dahongpao 18 lọ vân gỗ, Bộ quà tặng Niu Lan Keng Rou Gui, Bộ quà tặng trà áo choàng đỏ Bamboo Whisper, Hộp quà tặng Qianxiangxing Dahongpao, Bộ quà tặng trà Li Yun Da Hong Pao, Trà Pu-erh chín thành công tức thì, Mười loại trà hàng đầu, ",,18
vi_thieu_so,1057820071744,food,包装规格,"桂花乌龙茶每1小包3g【发10包】, 桂花乌龙茶每1小包3g【发20包】, 桂花乌龙茶每1小包3g【发30包】, 桂花乌龙茶每1小包3g【发50包】","Trà Ô Long hoa quế mỗi gói nhỏ 3g [Giao 10 gói], Trà Ô Long hoa quế mỗi gói nhỏ 3g [Giao 20 gói], Trà Ô Long hoa quế mỗi gói nhỏ 3g [Giao 30 gói], Trà Ô Long hoa quế, mỗi gói nhỏ 3g [Giao 50 gói]",1 1 1 1 3 3 3 3 10 20 30 50,3 3 3 3 10 20 30 50
vi_thua_so,650550899045,food,包装规格,"500大红袍茶头8号【茶饮原料】, 500克浓香大红袍11号【电商款茶饮原料】, 500克浓香大红袍13号【电商实体茶饮原料】, 500克韵香大红袍13号【电商款茶饮原料】, 500克清香大红袍15号【电商实体茶饮原料】, 500克大红袍浓香水仙15号【电商款茶饮原料】, 500克大红袍清香奇兰19号【电商实体茶饮原料】, 500克浓香水仙大红袍19号【电商款茶饮原料】, 500克大红袍清香肉桂20号【电商款茶饮原料】, 500克大红袍韵香武夷岩茶22号【茶饮原料】, 500克浓香耐冲大红袍24","500 Đầu Trà Đại Hoàng Bào Số 8 [Nguyên liệu trà], 500g Dahongpao số 11 hương vị đậm đà [Nguyên liệu trà thương mại điện tử], 500g Dahongpao số 13 hương vị đậm đà [Nguyên liệu trà thô dùng trong trà pha chế, thương mại điện tử], 500g Yunxiang Dahongpa",8 11 13 13 15 15 19 19 20 22 24 25 26 28 30 30 32 35 38 40 42 45 46 48 50 56 60 62 65 70 75 80 80 95 100 105 105 105 105 125 130 135 140 155 160 165 180 185 200 200 240 260 280 300 305 350 350 380 400 500 500 500 500 500 500 500 500 500 500 500 500 500 500 500 500 500 500 500 500 500 500 500 500 500 500 500 500 500 500 500 500 500 500 500 500 500 500 500 500 500 500 500 500 500 500 500 500 500 500 500 500 500 500 500 500 500 500 600 800,0.5 8 11 13 13 15 15 19 19 20 22 24 25 26 28 30 30 32 35 38 40 42 45 46 48 50 56 60 62 65 70 75 80 80 95 100 105 105 105 105 125 130 135 140 155 160 165 180 185 200 200 240 260 280 300 305 350 350 380 400 500 500 500 500 500 500 500 500 500 500 500 500 500 500 500 500 500 500 500 500 500 500 500 500 500 500 500 500 500 500 500 500 500 500 500 500 500 500 500 500 500 500 500 500 500 500 500 500 500 500 500 500 500 500 500 500 500 500 600 800
khac_so,648877268822,food,包装规格,"一斤价CTC阿萨红茶饮原料13元, 一斤价1号滇红茶14元, 一斤价2号滇红茶15.5元, 一斤价3号滇红茶18.5元, 一斤价5号滇红茶20元, 一斤价6号滇红茶26元, 一斤价7号滇红茶33元, 一斤价8号滇红茶42元, 一斤价9号理条大金针滇红茶40元, 一斤价10号滇红茶55元, 一斤价11号糯米香滇红茶57元, 一斤价12号滇红茶67元, 一斤价13号理条大金针滇红茶70元, 一斤价14号滇红茶82元, 一斤价15号滇红茶宝塔97元, 一斤价16号滇红茶100元, 一斤价17号小金芽滇","0.5kg Nước Trà Đen CTC Assam - Giá $13, Giá một catty trà đen Dian số 1 14 nhân dân tệ, Giá một catty trà đen Dian số 2 15,5 nhân dân tệ, Giá một catty trà đen Dian số 3 18,5 nhân dân tệ, Giá một catty trà đen Dian số 5 20 nhân dân tệ, Giá một catty ",1 1 2 3 5 6 7 8 9 10 11 12 13 13 14 14 15 15.5 16 16 16 17 18 18.5 19 20 20 21 26 33 40 42 55 57 67 70 80 80 82 85 90 97 100 110 138 152 182 250,0.5 0.5 0.5 0.5 0.5 1 1 2 3 4 5 6 7 8 9 10 11 12 13 13 14 14 15 15.5 16 16 16 17 18 18.5 19 20 20 26 33 40 42 55 57 67 70 80 80 82 85 90 97 100 110 138 152 182 250
vi_thua_so,1046481211333,food,包装规格,"Men energy tea 5g*30tea bags, Liver cleanse tea 5g*30tea bags, Prostate Tea 5g*30tea bags, Kidney cleanse tea 15g*10tea bags, lung cleanse smoker tea 5g*30tea bags, Hem guard tea 5g*30tea bags, Turmeric ginger cinnamon tea 2g*30tea bags, X-power tea ","Trà tăng cường năng lượng cho nam giới, 5g/gói, 30 gói., Trà thanh lọc gan 5g*30 túi trà, Trà hỗ trợ tuyến tiền liệt, 5g/túi, 30 túi., Trà thanh lọc thận 15g*10 túi trà, Trà thanh lọc phổi dành cho người hút thuốc 5g*30 túi trà, Trà bảo vệ đường viền",1.5 1.5 1.5 1.5 2 2 3 3 3 3 5 5 5 5 5 5 5 5 5 5 5 5 5 5 5 5 8 8 10 10 10 10 10 10 14 14 15 15 15 15 15 15 20 20 20 20 20 20 20 20 20 20 20 20 20 20 25 30 30 30 30 30 30 30 30 30,1.5 1.5 1.5 1.5 2 2 3 3 3 3 3 5 5 5 5 5 5 5 5 5 5 5 5 5 5 5 5 8 8 10 10 10 10 10 10 14 14 14 14 15 15 15 15 15 15 20 20 20 20 20 20 20 20 20 20 20 20 20 20 25 30 30 30 30 30 30 30 30 30
vi_thua_so,1003676643528,food,包装规格,"古风十罐（五大茗茶250克）, 古风十五罐（五大茗茶380克）, 珍藏八罐（金骏眉+正山小种400克）","Mười hộp trà cổ phong (Năm loại trà hảo hạng 250 gram), Hộp 15 trà cổ phong (Năm loại trà hảo hạng 380 gram), Bộ sưu tập 8 hộp (Kim Tuấn Mi + Chính Sơn Tiểu Chủng 400 gram)",250 380 400,8 15 250 380 400
khac_so,638126493017,food,生产许可证编号,SC11435078216720,Sc1143507816720,1.14351e+13,1.14351e+12
vi_thua_so,638126493017,food,包装规格,"浓香大红袍（一斤一袋）, 醇香大红袍（一斤一袋）, 醇香肉桂（一斤一袋）, 浓香水仙（一斤一袋）","Nước hoa mạnh Dahongpao (1 túi), Dahongpao êm dịu và thơm (1 túi), Quế mềm (0.5kg túi), Nước hoa cô đặc hoa thủy tiên ( 0.5kg túi)",,0.5 0.5 1 1
vi_thua_so,44087350764,food,包装规格,"B1绿龙井2026年新茶——浓香耐泡高性价比口粮款, B2绿龙井2026年新茶——浓香耐泡高性价比口粮款, A0绿龙井2026年新茶——浓香耐泡口粮款, B3绿龙井2026年新茶——浓香耐泡朵形好的口粮款, C3绿龙井2026年新茶——浓香耐泡特绿一芽一两叶, D3绿龙井2026年新茶——浓豆香高山特小款, D4绿龙井2026年新茶——浓豆香高山特小款, KKK绿龙井2026年新茶——高山浓豆香特小一芽一两叶款, D5绿龙井2026年新茶——高山浓豆香特小一芽一两叶款, MMM绿龙井2026年新","B2绿龙井2026年新茶——浓香耐泡高性价比口粮款, B3绿龙井2026年新茶——浓香耐泡朵形好的口粮款, C3绿龙井2026年新茶——浓香耐泡特绿一芽一两叶, Trà Xanh Rồng Biển B1 2026 Mới - Hương thơm nồng nàn, kéo dài và tiết kiệm chi phí., Trà Long Tỉnh Xanh A0 2026 Mới - Hương thơm nồng nàn và tỷ lệ pha bền, D3 Trà Mới 20",0 1 2 3 3 3 4 5 2026 2026 2026 2026 2026 2026 2026 2026 2026 2026,0 0.05 0.05 0.05 1 2 3 3 3 4 5 2026 2026 2026 2026 2026 2026 2026 2026 2026 2026
khac_so,994315465935,food,包装规格,"500克英红九号16号, 500克英红九号19号, 500克英红九号27号, 500克英红九号33号, 500克英红九号42号, 500克英红九号50号, 500克英红九号55号, 500克英红九号60号, 500克英红九号75号, 500克英红九号80号, 500克英红九号90号, 500克英红九号115号, 景耀滇红茶一斤两罐装, 山隐【滇红茶16泡装】80克伴手礼盒, 景耀袋装系列滇红茶250g, 加装1斤两罐空罐【勿单拍】, 加装1斤小泡装【空包装勿单拍】默认包7克, 加装1斤四罐空罐红","500g Yinghong số 9 số 16, 500g Yinghong số 9 số 19, 500g Yinghong số 9 số 27, 500g Yinghong số 9 số 33, 500g Yinghong số 9 số 42, 500g Yinghong số 9 số 50, 500g Yinghong số 9 số 55, 500g Yinghong số 9 số 60, 500g Yinghong số 9 số 75, 500g Yinghong số",1 1 1 1 7 16 16 19 27 33 42 50 55 60 75 80 80 90 100 100 115 250 500 500 500 500 500 500 500 500 500 500 500 500,0.5 0.5 0.5 1 7 9 9 9 9 9 9 9 9 9 9 9 9 16 16 19 27 33 42 50 55 60 75 80 80 90 100 100 115 250 500 500 500 500 500 500 500 500 500 500 500 500
vi_thua_so,1001630674290,food,包装规格,"【特级纯芽丨薯香蜜香】一斤, 【特级纯芽丨薯香, 【特级纯芽丨薯香蜜香】","[Nụ thuần khiết loại đặc biệt丨Hương mật khoai tây] 0.5kg, 【Hoa nụ nguyên chất loại đặc biệt丨Hương thơm khoai tây】, [Nụ thuần khiết loại đặc biệt丨Hương mật ong khoai tây]",,0.5
vi_thieu_so,1052014310452,food,加工工艺,1. 采摘：严格选成熟中开面枝叶，保证茶汤浓度与香气基础 2. 萎凋：适度晾晒、摊放，散失多余水分,"1. Thu hái: Lựa chọn kỹ lưỡng những nhánh lá đã chín, có mặt chín đều, đảm bảo nồng độ và hương thơm cơ bản của trà. Ủi: phơi khô vừa phải, trải phẳng để làm mất đi lượng nước dư thừa.",1 2,1
vi_thua_so,666582045744,food,产品标准号,.,.1,,1
vi_thua_so,666582045744,food,货号,.,.2,,2
vi_thieu_so,666582045744,food,包装规格,"流传金方18味蒲公英汉结茶盒装（袋泡茶150克）, 流传金方18味蒲公英源古结结茶盒装（袋泡茶150克）, 流传金方十八味蒲公英汉结茶（抽拉盒袋泡茶200克）","Hộp trà Hanjie bồ công anh 18 vị Jinfang (túi trà 150g), Hộp trà nút thắt cổ xưa (túi trà 150g), Trà Bướm Hoa Chuanjin Fang Eighteen Hương (trà túi lọc hộp rút 200g)",18 18 150 150 200,18 150 150 200
khac_so,1068658563522,home,容量,0.005,0.005,0.005,5
vi_thieu_so,798673521086,home,颜色,"L24空盒19.2*13*3.6cm, 22.5长方盒22.5*13*2cm, 20.5长方盒20.5*14*3cm, 22长方盒22*15*3cm, 24长方盒24*16*3cm, 26长方盒26*18*3cm, 032空盒19.5*11.5*5.5cm, 2315空盒23*15*5.3cm, 36空盒26.5*16.7*4.1cm","Hộp rỗng L24 19,2*13*3,6cm, Hộp chữ nhật 22,5 22,5*13*2cm, Hộp hình chữ nhật 20.5*14*3cm, 22 hộp hình chữ nhật 22*15*3cm, 24 hộp hình chữ nhật 24*16*3cm, 26 hộp hình chữ nhật 26*18*3cm, 032 hộp rỗng 19,5*11,5*5,5cm, 2315 hộp rỗng 23*15*5.3cm, 36 hộp ",2 3 3 3 3 3.6 4.1 5.3 5.5 11.5 13 13 14 15 15 16 16.7 18 19.2 19.5 20.5 20.5 22 22 22.5 22.5 23 24 24 24 26 26 26.5 32 36 2315,2 3 3 3 3 3.6 4.1 5.3 5.5 11.5 13 13 14 15 15 16 16.7 18 19.2 19.5 20.5 22 22 22.5 22.5 23 24 24 24 26 26 26.5 32 36 2315
khac_so,1013870590243,home,毛重,0.007,0.007,0.007,7
vi_thieu_so,871078654052,home,颜色,"8291.厚方白盒-小号 1个 可叠加, 8292.厚方白盒-中号 1个 可叠加, 8293.厚方白盒-大号 1个 可叠加, 8294.厚方白盒-加大 1个 可叠加, 8295.厚方白盒-特大 1个 可叠加, 0171.白方盒-小号 1个 可叠加, 0172.白方盒-中号 1个 可叠加, 0173.白方盒-大号 1个 可叠加, 0188.白方盒-高款 1个 可叠加, 0179.白长盒-矮款小号 1个 可叠加, 0180.白长盒-矮款大号 1个 可叠加, 0181.白长盒-高款小号 1个 可叠加,","8291. Hộp màu trắng hình vuông dày 1 nhỏ có thể xếp chồng lên nhau, 8292. Hộp trắng hình vuông du-1 vừa có thể xếp chồng lên nhau, 8293. Hộp trắng vuông dầy lớn-1 lớn có thể xếp chồng lên nhau, 8294. Hộp trắng hình vuông dầy có thể xếp chồng lên nhau",1 1 1 1 1 1 1 1 1 1 1 1 1 171 172 173 179 180 181 182 188 8291 8292 8293 8294 8295,1 1 1 1 1 1 1 1 1 1 1 171 172 173 179 180 181 182 188 8291 8292 8293 8294 8295
vi_thua_so,1034634114431,home,颜色,"210*150*55mm, 255*190*65mm, 290*210*75mm, 335*250*85mm, 350*265*90mm, 380*295*90mm, 410*320*105mm, 190*125*50mm, 150*115*45mm","210*150*55MM (210*150*55MM), 255*190*65mm (255*190*65mm), 290*210*75mm, 335*250*85mm, 350*265*90mm (350*265*90mm), 380*295*90mm, 410*320*105mm (410*320*105mm), 190*125*50mm, 150*115*45mm",45 50 55 65 75 85 90 90 105 115 125 150 150 190 190 210 210 250 255 265 290 295 320 335 350 380 410,45 50 55 55 65 65 75 85 90 90 90 105 105 115 125 150 150 150 190 190 190 210 210 210 250 255 255 265 265 290 295 320 320 335 350 350 380 410 410
vi_thieu_so,1056994050950,home,尺寸,1个装系列【高品质加厚3MM-抗摔抗氧化】,"Bộ sản phẩm gồm một món [Chất lượng cao, độ dày 3mm – chống va đập và chống oxy hóa].",1 3,3
vi_thieu_so,927688058205,home,颜色,"中号（27*22*18）横竖2用, 大号（36*22*27）横竖2用, 特大号（36*27*25）横竖2用, 加大号（40*25*30）横竖2用, 巨大号（45*33*33）横竖2用","Trung bình (27*22*18) ngang và dọc 2, Lớn (36*22*27) ngang và dọc 2, Kích thước cực lớn (36*27*25) có thể sử dụng được cả theo chiều ngang và chiều dọc, Số tăng (40*25*30) ngang và dọc 2, Số khổng lồ (45*33*33) ngang và dọc 2",2 2 2 2 2 18 22 22 25 25 27 27 27 30 33 33 36 36 40 45,2 2 2 2 18 22 22 25 25 27 27 27 30 33 33 36 36 40 45
khac_so,740323940301,home,颜色,"1.5高15.5方盒15.5*15.5*1.5CM, 7.0小长方盒透明7*5.4*1.5cm, 8.0小长方盒透明8*6.2*1.5cm, 9.0小长方盒9*7.1*1.6CM, 10.0小长方盒透明10*7.7*1.5cm, 11.0长方盒透明11*8.5*1.5CM, B01空盒15.5*11.2*1.7CM, B02空盒18.3*13.2*1.7CM, B03空盒21.8*15.5*1.7CM, B04空盒25.8*18.4*1.7CM, H-B05空盒31.1*22.9*1.7CM, ","1,5 cao 15,5 hộp vuông 15,5 * 15,5 * 1,5CM, 7.0 hộp chữ nhật nhỏ trong suốt 7*5.4*1.5cm, 8.0 hộp chữ nhật nhỏ trong suốt 8*6.2*1.5cm, 9.0 hộp hình chữ nhật nhỏ 9*7.1*1.6CM, 10.0 hộp chữ nhật nhỏ trong suốt 10*7.7*1.5cm, 11.0 hộp chữ nhật trong suốt 1",1 1.3 1.3 1.3 1.4 1.4 1.4 1.4 1.5 1.5 1.5 1.5 1.5 1.5 1.5 1.5 1.5 1.5 1.5 1.5 1.5 1.5 1.5 1.5 1.5 1.5 1.6 1.6 1.6 1.6 1.7 1.7 1.7 1.7 1.7 1.7 1.7 1.7 1.7 1.7 1.7 1.7 1.7 1.7 1.7 1.8 1.9 2 2 2.2 2.2 2.7 3 3 3.1 3.5 3.6 3.8 4 4 4 4 4.4 4.5 4.5 4.5 4.5 4.5 4.8 5 5 5 5.1 5.1 5.1 5.3 5.4 5.4 5.4 5.4 5.4 5.5 5.5 5.5 5.5 5.5 5.5 5.6 5.7 5.7 5.7 6 6.1 6.2 6.5 6.5 6.5 6.5 6.5 6.5 6.5 6.5 6.7 6.9 6.9 6.9 7 7 7.1 7.5 7.5 7.5 7.5 7.5 7.7 7.9 8 8 8 8.4 8.4 8.5 8.5 8.5 8.5 8.5 9 9 9 9 9.5 9.5 9.5 10 10 10 10.4 10.4 10.5 10.6 10.6 10.9 11 11 11.2 11.3 11.7 12 12.5 13 13 13 13.2 14.5 14.8 15.5 15.5 15.5 15.5 15.5 16 16 16.5 17.1 17.2 17.5 17.5 18 18.3 18.4 18.6 19 19 19 19 21.8 22 22.3 22.3 22.9 25.7 25.8 26 30.5 31.1 33.5 34 65 75 80 85 90 100 508 512 568 712 716 1555 1555 1565 1565 1575 1585 1595 3430 5575 5585 5595 10519 10519 12514 14514 16514 55105,1 1 1.3 1.3 1.3 1.4 1.4 1.4 1.4 1.5 1.5 1.5 1.5 1.5 1.5 1.5 1.5 1.5 1.5 1.5 1.5 1.5 1.5 1.5 1.5 1.5 1.6 1.6 1.6 1.6 1.7 1.7 1.7 1.7 1.7 1.7 1.7 1.7 1.7 1.7 1.7 1.7 1.7 1.7 1.7 1.8 1.9 2 2 2.2 2.2 2.7 3 3 3.1 3.5 3.6 3.8 4 4 4 4 4.4 4.5 4.5 4.5 4.5 4.5 4.8 5 5 5 5 5.1 5.1 5.1 5.3 5.4 5.4 5.4 5.4 5.4 5.5 5.5 5.5 5.5 5.5 5.5 5.6 5.7 5.7 5.7 6 6.1 6.2 6.5 6.5 6.5 6.5 6.5 6.5 6.5 6.5 6.7 6.9 6.9 6.9 7 7 7.1 7.5 7.5 7.5 7.5 7.5 7.7 7.9 8 8 8 8.4 8.4 8.5 8.5 8.5 8.5 8.5 9 9 9 9 9.5 9.5 9.5 10 10 10 10.4 10.4 10.5 10.6 10.6 10.9 11 11 11.2 11.3 11.7 12 12.5 13 13 13 13.2 14.5 14.8 15.5 15.5 15.5 15.5 15.5 16 16 16.5 17.1 17.2 17.5 17.5 18 18.3 18.4 18.6 19 19 19 19 21.8 22 22.3 22.3 22.9 25.7 25.8 26 30.5 31.1 33.5 34 65 75 80 85 90 100 508 512 568 712 716 1555 1555 1565 1565 1575 1585 1595 3430 5575 5585 5595 10519 10519 12514 14514 16514 55105
khac_so,959999012692,home,颜色,"叠加收纳盒1个（横款）, 叠加收纳盒2个装（横款独立盒装）, 叠加收纳盒3个装（横款独立盒装）, 叠加收纳盒4个装（横款独立盒装）, 叠加收纳盒5个装（横款独立盒装）, 叠加收纳盒6个装（横款独立盒装）, 叠加收纳盒1个（竖款）, 叠加收纳盒2个装（竖款独立盒装）, 叠加收纳盒3个装（竖款独立盒装）, 叠加收纳盒4个装（竖款独立盒装）, 叠加收纳盒5个装（竖款独立盒装）, 叠加收纳盒6个装（竖款独立盒装）, 叠加收纳盒1个（奶白横款）, 叠加收纳盒2个装（奶白横款独立盒装）, 叠加收纳盒3个装（","1 hộp đựng đồ xếp chồng (kiểu ngang), Hộp đựng xếp chồng lên nhau, 2 chiếc (hộp độc lập nằm ngang), Hộp đựng xếp chồng lên nhau, 3 chiếc (hộp độc lập nằm ngang), Hộp đựng xếp chồng lên nhau, 4 chiếc (hộp độc lập nằm ngang), Hộp đựng đồ có thể xếp chồ",1 1 1 1 2 2 2 2 3 3 3 3 4 4 4 4 5 5 5 6 6 6,1 1 1 2 2 2 2 3 3 3 3 3 3 3 3 4 4 4 4 5 5 5 6 6 6
vi_thua_so,1055612226544,home,颜色,"2.5x2.5x2cm, 2.8*2.8*2.2cm, 3.3*3.3*3.3cm, 4.5x4.5x4.5cm, 5*5*5cm, 5.5*5.5*5.5cm, 圆角5.5*5.5*5.5cm, 6.0x6.0x6.0cm, 6.5x6.5x6.5cm, 7*7*7cm, 7.5x7.5x7.5cm, 8x8x8cm, 8.5x8.5x8.5cm, 9*9*9cm, 10x10x10cm, 12x12x12cm, 15x15x15cm, 5*5*4cm, 5.5*5.5*4.5cm, 7.5*","2,5X2,5X2CM 2,5X2,5X2CM, 2,8*2,8*2,2cm, 3.3*3.3*3.3cm (3.3*3.3*3.3cm), 4,5x4,5x4,5cm., 5*5*5 cm, 5,5*5,5*5,5CM, Bo tròn 5.5*5.5*5.5cm, 6,0X6,0X6,0cm, 6,5x6,5x6,5cm, 7*7*7CM, 7,5x7,5x7,5cm, 8X8X8CM, 8,5x8,5x8,5CM, 9*9*9 cm, 10X10X10 cm, 12x12x12CM 12x",2 2.2 2.5 2.5 2.8 2.8 3.3 3.3 3.3 4 4 4 4.5 4.5 4.5 4.5 5 5 5 5 5 5.5 5.5 5.5 5.5 5.5 5.5 5.5 5.5 6 6 6 6 6.3 6.5 6.5 6.5 7 7 7 7.5 7.5 7.5 7.5 7.5 8 8 8 8 8 8 8.5 8.5 8.5 9 9 9 10 10 10 10 10 10 10 10 10 10 11 11 12 12 12 12 12 12 15 15 15 15 15 15 15 15 19,2 2 2.2 2.5 2.5 2.5 2.5 2.8 2.8 3.3 3.3 3.3 3.3 3.3 3.3 4 4 4 4.5 4.5 4.5 4.5 5 5 5 5 5 5.5 5.5 5.5 5.5 5.5 5.5 5.5 5.5 6 6 6 6 6.3 6.5 6.5 6.5 7 7 7 7.5 7.5 7.5 7.5 7.5 8 8 8 8 8 8 8.5 8.5 8.5 9 9 9 10 10 10 10 10 10 10 10 10 10 11 11 12 12 12 12 12 12 12 12 12 12 12 15 15 15 15 15 15 15 15 19 19
khac_so,919913077118,home,价格段,40元-79.9元,"40 nhân dân tệ-79, 9 nhân dân tệ",40 79.9,9 40 79
vi_thua_so,1026680414335,home,尺寸,"小号【25*16*13】不带轮, 中号【31*19.5*15.5】不带轮, 大号【36*23*17.5】不带轮, 加大号【41*26.5*20】不带轮, 超大号【47.5*31*22】不带轮, 巨大号【52.5*35.5*25】有轮无提手, 特大号【56*39*27】有轮无提手, 小号【25*17*13】不带轮, 中号【29*20*15】不带轮, 大号【34*25*18】不带轮, 加大号【40*29*21】不带轮, 特大号【45*33*25】4个滑轮, 超大号【51*37*29】4个滑轮, 小号","Cỡ nhỏ [25*16*13] không có bánh xe, Cỡ trung [31*19.5*15.5] không có bánh xe, Cỡ lớn [36*23*17.5] không có bánh xe, Cỡ lớn [41*26.5*20] không có bánh xe, Cỡ siêu lớn [47.5*31*22] không có bánh xe, Cỡ lớn [52.5*35.5*25] có bánh xe, không có tay cầm, C",4 4 13 13 15 15.5 16 17 17 17.5 18 19.5 20 20 21 22 23 24 25 25 25 25 25 25 26.5 27 29 29 29 30 30 31 31 31 32 33 34 35.5 36 37 38.5 38.5 39 40 40 41 42 42 44.4 44.4 45 47.5 51 51 51 52.5 56 63.5 63.5,1 2 2 2 2 2 2 3 3 3 3 3 3 4 4 13 13 15 15.5 16 17 17 17.5 18 19.5 20 20 21 22 23 24 25 25 25 25 25 25 26.5 27 29 29 29 30 30 31 31 31 32 33 34 35.5 36 37 38.5 38.5 39 40 40 41 42 42 44.4 44.4 45 47.5 51 51 51 52.5 56 63.5 63.5
khac_so,588512234295,home,规格,"F90, F70, F80, 迷你文具盒, 大5格, 双层8格空盒23*16*6, 粉扑盒11.5*9.2*2.7, 锁扣盒-蓝扣14.4*8.4*3.4, 大15格空盒28*17*5.6, 6格空盒16.4*11.8*5.8, 锁扣盒-粉扣14.4*8.4*3.4, 中号锁扣盒9*6.5*3CM, 小锁扣6.7*4.9*2.3, 耳塞盒3.5*3.5*1.7CM, A38G17.5*10*2.2CM, A210G空盒30*20*6CM, 小长PP盒12.4*6.5*2.5, 方盒9.5*9.5","F901, F701, F801, hộp văn phòng phẩm mini1, Lớn 5 ngăn1, Hộp rỗng 2 lớp 8 ngăn 23*16*61, Hộp đựng phấn 11.5*9.2*2.71, Hộp khóa-khóa màu xanh 14.4*8.4*3.41, Hộp rỗng lớn 15 ô 28*17*5.61, Hộp rỗng 6 ngăn 16.4*11.8*5.81, Hộp khóa-khóa hồng 14.4*8.4*3.41",1 1 1 1 1 1 1 1.2 1.25 1.3 1.4 1.4 1.4 1.5 1.5 1.5 1.5 1.5 1.5 1.5 1.5 1.5 1.5 1.5 1.5 1.5 1.5 1.5 1.5 1.5 1.6 1.6 1.7 1.7 1.7 1.7 1.7 1.7 1.7 1.7 1.7 1.7 1.7 1.7 1.7 1.7 1.7 1.7 1.8 1.8 1.8 1.8 1.8 1.8 1.9 1.9 1.9 1.9 2 2 2 2 2 2 2 2 2 2 2 2.1 2.2 2.2 2.2 2.2 2.2 2.3 2.3 2.3 2.4 2.4 2.4 2.5 2.5 2.5 2.5 2.6 2.6 2.6 2.6 2.7 2.7 2.7 2.8 2.8 2.8 2.8 3 3 3 3 3 3 3 3 3 3 3 3 3 3 3.1 3.1 3.1 3.1 3.1 3.2 3.3 3.3 3.3 3.4 3.4 3.4 3.4 3.4 3.4 3.5 3.5 3.5 3.6 4 4 4 4.2 4.2 4.2 4.2 4.3 4.5 4.5 4.5 4.5 4.5 4.6 4.6 4.6 4.6 4.6 4.7 4.7 4.7 4.9 4.9 5 5 5 5 5 5.1 5.2 5.2 5.2 5.2 5.4 5.4 5.5 5.5 5.5 5.5 5.5 5.5 5.6 5.7 5.8 5.8 5.8 6 6 6 6 6 6 6 6.1 6.2 6.3 6.3 6.4 6.4 6.5 6.5 6.5 6.5 6.5 6.5 6.5 6.5 6.5 6.5 6.5 6.5 6.7 6.7 6.8 6.8 6.9 6.9 6.9 7 7 7 7.1 7.2 7.2 7.2 7.2 7.2 7.2 7.3 7.5 7.5 7.5 7.5 7.5 7.5 7.5 7.7 7.7 7.8 7.9 8 8 8 8 8 8 8 8 8.1 8.4 8.4 8.4 8.5 8.5 8.5 8.5 8.5 8.5 8.5 8.5 8.5 8.7 8.7 8.8 8.8 8.9 9 9 9 9 9 9 9.1 9.2 9.2 9.5 9.5 9.5 9.5 9.5 9.5 9.7 9.8 9.8 9.9 10 10 10 10 10 10.1 10.2 10.3 10.5 10.5 10.5 10.5 10.5 10.5 10.5 10.5 10.5 10.6 10.7 10.7 10.7 10.8 10.8 10.9 11 11 11 11 11.1 11.2 11.3 11.5 11.5 11.5 11.5 11.5 11.5 11.5 11.5 11.6 11.8 11.8 11.9 12 12 12 12.4 12.5 12.5 12.5 12.5 12.5 12.5 12.5 12.5 12.5 12.6 12.6 12.7 12.8 12.8 13 13 13.2 13.2 13.2 13.2 13.3 13.3 13.5 13.5 13.5 13.6 13.7 13.7 14 14 14.2 14.3 14.4 14.4 14.5 14.5 14.5 14.5 14.5 14.5 14.5 14.5 14.5 14.6 14.7 14.8 14.8 14.8 14.9 15 15 15 15.2 15.5 15.5 15.5 15.5 15.5 15.5 15.5 15.5 15.5 15.5 15.5 15.5 15.6 15.9 16 16 16 16 16 16.2 16.4 16.4 16.5 16.5 16.5 17 17.1 17.2 17.4 17.5 17.5 17.5 17.5 17.5 17.7 18 18 18.1 18.3 18.4 18.4 18.5 19 19 19 19 19 19 19.1 19.1 19.5 19.5 19.6 20 20 20.5 20.5 20.7 21 21 21.5 21.7 21.8 22 22 22 22.2 22.3 22.7 23 23.1 24 24 24 24 24 25 25 25.8 26 26 26.5 27.1 28 28 30 30.5 33 34 38 38 70 80 90 110 210 508 512 701 702 703 704 705 706 707 708 709 712 716 1265 1672 1842 1842 1950 2247 2350 2750 3055 3065 3350 3565 3575 3585 3595 5530 5575 5585 5595 9735 12514 14514 16514 40105 55105,1 1 1 1 1 1 1 1 1 1 1 1 1 1.2 1.25 1.3 1.4 1.4 1.4 1.5 1.5 1.5 1.5 1.5 1.5 1.5 1.5 1.5 1.5 1.5 1.5 1.5 1.5 1.5 1.5 1.5 1.6 1.6 1.7 1.7 1.7 1.7 1.7 1.7 1.7 1.7 1.7 1.7 1.7 1.7 1.7 1.7 1.7 1.7 1.8 1.8 1.8 1.8 1.8 1.81 1.9 1.9 1.9 1.9 2 2 2 2 2 2 2 2 2 2 2 2 2.1 2.2 2.2 2.2 2.2 2.2 2.3 2.3 2.3 2.4 2.4 2.4 2.5 2.5 2.5 2.5 2.6 2.6 2.6 2.6 2.7 2.7 2.7 2.8 2.8 2.8 2.8 3 3 3 3 3 3 3 3 3 3 3 3 3 3 3.1 3.1 3.1 3.1 3.1 3.2 3.3 3.3 3.3 3.4 3.4 3.4 3.4 3.4 3.4 3.5 3.5 3.5 3.6 4 4 4 4.2 4.2 4.2 4.2 4.3 4.5 4.5 4.5 4.5 4.5 4.6 4.6 4.6 4.6 4.6 4.7 4.7 4.7 4.9 4.9 5 5 5 5 5 5.1 5.2 5.2 5.2 5.2 5.4 5.4 5.5 5.5 5.5 5.5 5.5 5.5 5.6 5.7 5.8 5.8 5.8 6 6 6 6 6 6 6.1 6.2 6.3 6.3 6.4 6.4 6.5 6.5 6.5 6.5 6.5 6.5 6.5 6.5 6.5 6.5 6.5 6.5 6.7 6.7 6.8 6.8 6.9 6.9 6.9 7 7 7 7.1 7.2 7.2 7.2 7.2 7.2 7.2 7.3 7.5 7.5 7.5 7.5 7.5 7.5 7.5 7.7 7.7 7.8 7.9 8 8 8 8 8 8 8 8 8.1 8.4 8.4 8.4 8.5 8.5 8.5 8.5 8.5 8.5 8.5 8.5 8.5 8.7 8.7 8.8 8.8 8.9 9 9 9 9 9 9 9.1 9.2 9.2 9.5 9.5 9.5 9.5 9.5 9.5 9.7 9.8 9.8 9.9 10 10 10 10 10 10.1 10.2 10.3 10.5 10.5 10.5 10.5 10.5 10.5 10.5 10.5 10.5 10.6 10.7 10.7 10.7 10.8 10.8 10.9 11 11 11 11 11.1 11.2 11.3 11.5 11.5 11.5 11.5 11.5 11.5 11.5 11.5 11.6 11.8 11.8 11.9 12 12 12 12.4 12.5 12.5 12.5 12.5 12.5 12.5 12.5 12.5 12.5 12.6 12.6 12.7 12.8 12.8 13 13 13.2 13.2 13.2 13.2 13.3 13.3 13.5 13.5 13.5 13.6 13.7 13.7 14 14 14.2 14.3 14.4 14.4 14.5 14.5 14.5 14.5 14.5 14.5 14.5 14.5 14.5 14.6 14.7 14.8 14.8 14.8 14.9 15 15 15 15.2 15.5 15.5 15.5 15.5 15.5 15.5 15.5 15.5 15.5 15.5 15.5 15.5 15.6 15.9 16 16 16 16 16 16.2 16.4 16.4 16.5 16.5 16.5 17 17.1 17.2 17.4 17.5 17.5 17.5 17.5 17.5 17.7 18 18 18.1 18.3 18.4 18.4 18.5 19 19 19 19 19 19 19.1 19.1 19.5 19.5 19.6 20 20 20.5 20.5 20.7 21 21 21.5 21.7 21.8 22 22 22 22.2 22.3 22.7 23 23.1 24 24 24 24 24 25 25 25.8 26 26 26.5 27.1 28 28 30 30.5 33 34 38 38 61 70 80 90 110 210 508 512 701 702 703 704 705 706 707 708 709 712 716 1265 1672 1842 1842 1950 2247 2350 2750 3055 3065 3350 3565 3575 3585 3595 5530 5575 5585 5595 9735 12514 14514 16514 40105 55105
khac_so,588512234295,home,规格型号,"1.5高15.5方盒15.5*15.5*1.5CM, 小锁扣6.7*4.9*2.3, 粉扑盒11.5*9.2*2.7, 锁扣盒-蓝扣14.4*8.4*3.4, 锁扣盒-粉扣14.4*8.4*3.4, 6格空盒16.4*11.8*5.8, 双层8格空盒23*16*6, 大15格空盒28*17*5.6, 中号锁扣盒9*6.5*3CM, 大长pp14.7*7.5*2, 小长PP盒12.4*6.5*2.5, A38G17.5*10*2.2CM, A210G空盒30*20*6CM, 方盒9.5*9.5*2","1,5 cao 15,5 hộp vuông 15,5 * 15,5 * 1,5CM2, Khóa nhỏ 6.7*4.9*2.32, Hộp đựng phấn 11.5*9.2*2.72, Hộp khóa-khóa màu xanh 14.4*8.4*3.42, Hộp khóa-khóa hồng 14.4*8.4*3.42, Hộp rỗng 6 ngăn 16.4*11.8*5.82, Hộp rỗng 2 lớp 8 ngăn 23*16*62, Hộp rỗng lớn 15 ô",1 1 1 1 1 1 1 1.2 1.25 1.3 1.4 1.4 1.4 1.5 1.5 1.5 1.5 1.5 1.5 1.5 1.5 1.5 1.5 1.5 1.5 1.5 1.5 1.5 1.5 1.5 1.6 1.6 1.7 1.7 1.7 1.7 1.7 1.7 1.7 1.7 1.7 1.7 1.7 1.7 1.7 1.7 1.7 1.7 1.8 1.8 1.8 1.8 1.8 1.8 1.9 1.9 1.9 1.9 2 2 2 2 2 2 2 2 2 2 2 2.1 2.2 2.2 2.2 2.2 2.2 2.3 2.3 2.3 2.4 2.4 2.4 2.5 2.5 2.5 2.5 2.6 2.6 2.6 2.6 2.7 2.7 2.7 2.8 2.8 2.8 2.8 3 3 3 3 3 3 3 3 3 3 3 3 3 3 3.1 3.1 3.1 3.1 3.1 3.2 3.3 3.3 3.3 3.4 3.4 3.4 3.4 3.4 3.4 3.5 3.5 3.5 3.6 4 4 4 4.2 4.2 4.2 4.2 4.3 4.5 4.5 4.5 4.5 4.5 4.6 4.6 4.6 4.6 4.6 4.7 4.7 4.7 4.9 4.9 5 5 5 5 5 5.1 5.2 5.2 5.2 5.2 5.4 5.4 5.5 5.5 5.5 5.5 5.5 5.5 5.6 5.7 5.8 5.8 5.8 6 6 6 6 6 6 6 6.1 6.2 6.3 6.3 6.4 6.4 6.5 6.5 6.5 6.5 6.5 6.5 6.5 6.5 6.5 6.5 6.5 6.5 6.7 6.7 6.8 6.8 6.9 6.9 6.9 7 7 7 7.1 7.2 7.2 7.2 7.2 7.2 7.2 7.3 7.5 7.5 7.5 7.5 7.5 7.5 7.5 7.7 7.7 7.8 7.9 8 8 8 8 8 8 8 8 8.1 8.4 8.4 8.4 8.5 8.5 8.5 8.5 8.5 8.5 8.5 8.5 8.5 8.7 8.7 8.8 8.8 8.9 9 9 9 9 9 9 9.1 9.2 9.2 9.5 9.5 9.5 9.5 9.5 9.5 9.7 9.8 9.8 9.9 10 10 10 10 10 10.1 10.2 10.3 10.5 10.5 10.5 10.5 10.5 10.5 10.5 10.5 10.5 10.6 10.7 10.7 10.7 10.8 10.8 10.9 11 11 11 11 11.1 11.2 11.3 11.5 11.5 11.5 11.5 11.5 11.5 11.5 11.5 11.6 11.8 11.8 11.9 12 12 12 12.4 12.5 12.5 12.5 12.5 12.5 12.5 12.5 12.5 12.5 12.6 12.6 12.7 12.8 12.8 13 13 13.2 13.2 13.2 13.2 13.3 13.3 13.5 13.5 13.5 13.6 13.7 13.7 14 14 14.2 14.3 14.4 14.4 14.5 14.5 14.5 14.5 14.5 14.5 14.5 14.5 14.5 14.6 14.7 14.8 14.8 14.8 14.9 15 15 15 15.2 15.5 15.5 15.5 15.5 15.5 15.5 15.5 15.5 15.5 15.5 15.5 15.5 15.6 15.9 16 16 16 16 16 16.2 16.4 16.4 16.5 16.5 16.5 17 17.1 17.2 17.4 17.5 17.5 17.5 17.5 17.5 17.7 18 18 18.1 18.3 18.4 18.4 18.5 19 19 19 19 19 19 19.1 19.1 19.5 19.5 19.6 20 20 20.5 20.5 20.7 21 21 21.5 21.7 21.8 22 22 22 22.2 22.3 22.7 23 23.1 24 24 24 24 24 25 25 25.8 26 26 26.5 27.1 28 28 30 30.5 33 34 38 38 70 80 90 110 210 508 512 701 702 703 704 705 706 707 708 709 712 716 1265 1672 1842 1842 1950 2247 2350 2750 3055 3065 3350 3565 3575 3585 3595 5530 5575 5585 5595 9735 12514 14514 16514 40105 55105,1 1 1 1 1 1 1 1.2 1.25 1.3 1.4 1.4 1.4 1.5 1.5 1.5 1.5 1.5 1.5 1.5 1.5 1.5 1.5 1.5 1.5 1.5 1.5 1.5 1.5 1.5 1.6 1.6 1.7 1.7 1.7 1.7 1.7 1.7 1.7 1.7 1.7 1.7 1.7 1.7 1.7 1.7 1.7 1.72 1.8 1.8 1.8 1.8 1.8 1.8 1.9 1.9 1.9 1.9 2 2 2 2 2 2 2 2 2 2 2 2 2 2 2 2.1 2.2 2.2 2.2 2.2 2.2 2.3 2.3 2.32 2.4 2.4 2.4 2.5 2.5 2.5 2.5 2.6 2.6 2.6 2.6 2.7 2.7 2.7 2.8 2.8 2.8 2.8 3 3 3 3 3 3 3 3 3 3 3 3 3 3 3.1 3.1 3.1 3.1 3.1 3.2 3.3 3.3 3.3 3.4 3.4 3.4 3.4 3.4 3.4 3.5 3.5 3.5 3.6 4 4 4 4.2 4.2 4.2 4.2 4.3 4.5 4.5 4.5 4.5 4.5 4.6 4.6 4.6 4.6 4.6 4.7 4.7 4.7 4.9 4.9 5 5 5 5 5 5.1 5.2 5.2 5.2 5.2 5.4 5.4 5.5 5.5 5.5 5.5 5.5 5.5 5.6 5.7 5.8 5.8 5.8 6 6 6 6 6 6 6.1 6.2 6.3 6.3 6.4 6.4 6.5 6.5 6.5 6.5 6.5 6.5 6.5 6.5 6.5 6.5 6.5 6.5 6.7 6.7 6.8 6.8 6.9 6.9 6.9 7 7 7 7.1 7.2 7.2 7.2 7.2 7.2 7.2 7.3 7.5 7.5 7.5 7.5 7.5 7.5 7.5 7.7 7.7 7.8 7.9 8 8 8 8 8 8 8 8 8.1 8.4 8.4 8.4 8.5 8.5 8.5 8.5 8.5 8.5 8.5 8.5 8.5 8.7 8.7 8.8 8.8 8.9 9 9 9 9 9 9 9.1 9.2 9.2 9.5 9.5 9.5 9.5 9.5 9.5 9.7 9.8 9.8 9.9 10 10 10 10 10 10.1 10.2 10.3 10.5 10.5 10.5 10.5 10.5 10.5 10.5 10.5 10.5 10.6 10.7 10.7 10.7 10.8 10.8 10.9 11 11 11 11 11.1 11.2 11.3 11.5 11.5 11.5 11.5 11.5 11.5 11.5 11.5 11.6 11.8 11.8 11.9 12 12 12 12.4 12.5 12.5 12.5 12.5 12.5 12.5 12.5 12.5 12.5 12.6 12.6 12.7 12.8 12.8 13 13 13.2 13.2 13.2 13.2 13.3 13.3 13.5 13.5 13.5 13.6 13.7 13.7 14 14 14.2 14.3 14.4 14.4 14.5 14.5 14.5 14.5 14.5 14.5 14.5 14.5 14.5 14.6 14.7 14.8 14.8 14.8 14.9 15 15 15 15.2 15.5 15.5 15.5 15.5 15.5 15.5 15.5 15.5 15.5 15.5 15.5 15.5 15.6 15.9 16 16 16 16 16 16.2 16.4 16.4 16.5 16.5 16.5 17 17.1 17.2 17.4 17.5 17.5 17.5 17.5 17.5 17.7 18 18 18.1 18.3 18.4 18.4 18.5 19 19 19 19 19 19 19.1 19.1 19.5 19.5 19.6 20 20 20.5 20.5 20.7 21 21 21.5 21.7 21.8 22 22 22 22.2 22.3 22.7 23 23.1 24 24 24 24 24 25 25 25.8 26 26 26.5 27.1 28 28 30 30.5 33 34 38 38 62 70 80 90 110 210 508 512 701 702 703 704 705 706 707 708 709 712 716 1265 1672 1842 1842 1950 2247 2350 2750 3055 3065 3350 3565 3575 3585 3595 5530 5575 5585 5595 9735 12514 14514 16514 40105 55105
vi_thieu_so,943283226259,home,颜色,"奶油白单排【升级加大款】, 奶油黄单排【升级加大款】, 奶油白单排【常规款】, 奶油黄单排【常规款】, 标准款单个装-1个装, 加大款单个装-1个装, 60粒胶1片装, 32粒加长胶1片装, 全透明1个装, 月光白1个装, 奶油黄1个装, 奶油白双层阶梯款, 奶油黄双层阶梯款, 特大号【奶油白三层阶梯款】, 特大号【奶油黄三层阶梯款】, 三层盲盒架, 奶油白+笔筒套装, 卡片收纳展示盒-白色底座, 卡片收纳展示盒-黄色底座, 卡片收纳展示盒-粉色底座, 圆形保护盒-月光白, 圆形保护盒-奶油黄,","Hàng đơn màu trắng kem [nâng cấp và mở rộng], Hàng đơn màu vàng kem [nâng cấp và mở rộng], Hàng đơn màu trắng kem [kiểu thông thường], Hàng đơn màu vàng kem [kiểu thông thường], Gói đơn tiêu chuẩn-1 gói, Gói đơn cỡ lớn - 1 gói, 60 viên keo trong 1 mi",1 1 1 1 1 1 1 32 60,1 1 1 1 1 1 32 60
khac_so,674174815179,home,尺寸,"椭圆盒12.6*8.4*4, 耳塞盒3.5*3.5*1.7CM, 小锁扣6.7*4.9*2.3, 粉扑盒11.5*9.*2.6, 加厚粉扑盒11.3*9*2.7cm, 四方盒4.5*4.5*1.9, 四方盒5.5*5.5*2, 四方盒6.5*6.5*2, 四方盒7.5*7.5*2.6, 四方盒8.5*8.5*2.5, 四方盒9.5*9.5*2.8, 小长PP12.4*6.5*2.5, 中锁扣9*6.5*3, A38G盒17.3*10*2.3, 锁扣盒蓝扣14.4*8.4*3.4, 锁扣盒粉扣14","Hộp hình elip 12.6*8.4*4, Hộp nhét tai 3.5*3.5*1.7cm, Khóa nhỏ 6,7*4,9*2.3, Hộp phấn phủ 11,5*9.*2,6, Hộp phấn dày 11,3 * 9 * 2,7cm, Hộp vuông 4.5*4.5*1.9, Hộp vuông 5.5*5.5*2, Hộp vuông 6.5*6.5*2, Hộp vuông 7.5*7.5*2.6, Hộp vuông 8.5*8.5*2.5, Hộp vu",1 1 1 1 1 1 1 1 1 1.2 1.2 1.2 1.25 1.3 1.3 1.3 1.3 1.4 1.4 1.4 1.4 1.4 1.5 1.5 1.5 1.5 1.5 1.5 1.5 1.5 1.5 1.5 1.5 1.5 1.5 1.5 1.5 1.5 1.5 1.5 1.5 1.5 1.5 1.5 1.5 1.5 1.5 1.5 1.5 1.5 1.5 1.5 1.5 1.5 1.5 1.5 1.5 1.5 1.5 1.5 1.5 1.5 1.5 1.5 1.6 1.6 1.6 1.6 1.6 1.7 1.7 1.7 1.7 1.7 1.7 1.7 1.7 1.7 1.7 1.7 1.7 1.7 1.7 1.7 1.7 1.7 1.8 1.8 1.8 1.8 1.8 1.8 1.8 1.8 1.8 1.8 1.8 1.8 1.9 1.9 1.9 1.9 1.9 2 2 2 2 2 2 2 2 2 2 2 2 2 2.1 2.2 2.2 2.2 2.2 2.2 2.2 2.3 2.3 2.3 2.3 2.3 2.3 2.4 2.4 2.4 2.5 2.5 2.5 2.5 2.5 2.5 2.6 2.6 2.6 2.6 2.7 2.7 2.7 2.7 2.8 2.8 2.8 2.8 3 3 3 3 3 3 3 3 3 3 3 3 3 3 3 3 3.1 3.1 3.1 3.1 3.1 3.1 3.2 3.2 3.3 3.3 3.3 3.3 3.3 3.4 3.4 3.4 3.4 3.4 3.4 3.5 3.5 3.5 3.5 3.5 3.5 3.5 3.5 3.5 3.5 3.6 3.6 3.6 3.8 3.8 3.8 3.8 3.8 3.8 4 4 4 4 4 4 4 4 4.2 4.2 4.2 4.2 4.3 4.4 4.5 4.5 4.5 4.5 4.5 4.5 4.5 4.5 4.5 4.6 4.6 4.6 4.6 4.6 4.7 4.7 4.7 4.8 4.9 4.9 4.9 5 5 5 5 5 5 5 5.1 5.1 5.1 5.1 5.2 5.2 5.2 5.2 5.3 5.4 5.4 5.4 5.5 5.5 5.5 5.5 5.5 5.5 5.5 5.5 5.5 5.5 5.5 5.6 5.6 5.7 5.7 5.7 5.7 5.8 5.8 5.8 5.8 6 6 6 6 6 6 6 6 6.1 6.1 6.1 6.1 6.2 6.2 6.2 6.3 6.3 6.4 6.4 6.5 6.5 6.5 6.5 6.5 6.5 6.5 6.5 6.5 6.5 6.5 6.5 6.5 6.5 6.5 6.5 6.5 6.5 6.5 6.5 6.5 6.5 6.7 6.7 6.7 6.8 6.8 6.9 6.9 6.9 6.9 7 7 7 7 7 7 7.1 7.2 7.2 7.2 7.2 7.2 7.2 7.2 7.5 7.5 7.5 7.5 7.5 7.5 7.5 7.5 7.5 7.5 7.5 7.5 7.5 7.5 7.7 7.7 7.7 7.8 7.8 7.9 7.9 8 8 8 8 8 8 8 8 8 8 8 8.1 8.3 8.3 8.4 8.4 8.4 8.4 8.5 8.5 8.5 8.5 8.5 8.5 8.5 8.5 8.5 8.5 8.5 8.5 8.5 8.5 8.5 8.5 8.5 8.5 8.7 8.7 8.8 8.8 8.9 9 9 9 9 9 9 9 9 9 9 9.1 9.1 9.2 9.5 9.5 9.5 9.5 9.5 9.5 9.5 9.5 9.5 9.5 9.5 9.7 9.8 9.8 9.9 9.9 10 10 10 10 10 10 10 10 10 10.1 10.2 10.3 10.5 10.5 10.5 10.5 10.5 10.5 10.5 10.5 10.5 10.5 10.5 10.5 10.6 10.6 10.6 10.6 10.7 10.7 10.7 10.8 10.8 10.8 10.9 11 11 11 11 11 11 11 11 11.1 11.2 11.3 11.3 11.5 11.5 11.5 11.5 11.5 11.5 11.5 11.5 11.5 11.5 11.5 11.6 11.7 11.8 11.8 11.9 12 12 12 12 12.4 12.5 12.5 12.5 12.5 12.5 12.5 12.5 12.5 12.5 12.5 12.5 12.5 12.5 12.5 12.5 12.6 12.6 12.6 12.7 12.7 12.8 12.8 12.9 12.9 12.9 13 13 13 13 13.2 13.2 13.2 13.2 13.2 13.2 13.3 13.3 13.5 13.5 13.5 13.5 13.5 13.5 13.5 13.6 13.7 13.7 13.7 13.8 14 14 14.2 14.3 14.4 14.4 14.5 14.5 14.5 14.5 14.5 14.5 14.5 14.5 14.5 14.5 14.5 14.6 14.7 14.8 14.8 14.8 14.8 14.9 15 15 15 15.2 15.4 15.5 15.5 15.5 15.5 15.5 15.5 15.5 15.5 15.5 15.5 15.5 15.5 15.5 15.6 15.6 15.9 16 16 16 16 16 16.2 16.2 16.4 16.4 16.5 16.5 16.5 16.5 16.5 17 17.1 17.1 17.2 17.2 17.3 17.4 17.4 17.5 17.5 17.5 17.5 17.5 17.5 17.7 18 18 18 18 18 18.1 18.2 18.3 18.4 18.4 18.5 18.5 18.5 18.6 18.9 18.9 18.9 19 19 19 19 19 19 19.1 19.1 19.4 19.5 19.5 19.6 19.8 20 20 20 20 20.5 20.5 20.5 20.7 21 21 21.5 21.7 21.8 22 22 22 22 22.2 22.3 22.3 22.5 22.5 22.5 22.5 22.7 22.8 23 23.1 23.2 24 24 24 24 24 24 24 24 24 25 25 25.7 25.8 25.8 26 26 26 26.5 26.5 26.5 27.1 27.1 27.5 28 28.8 30 30.5 31.8 33 34 36 38 38 65 70 75 80 80 85 90 90 100 110 165 175 210 508 512 568 701 702 703 704 705 706 707 708 709 712 716 1265 1427 1555 1555 1565 1565 1575 1585 1595 1672 1842 1842 1950 2247 2350 2750 3055 3065 3350 3565 3575 3585 3595 5530 7060 8060 9735 10519 10519 11522 12514 12525 14514 16514 16539 17539 40105,1 1 1 1 1 1 1 1 1 1 1.2 1.2 1.2 1.25 1.3 1.3 1.3 1.3 1.4 1.4 1.4 1.4 1.4 1.5 1.5 1.5 1.5 1.5 1.5 1.5 1.5 1.5 1.5 1.5 1.5 1.5 1.5 1.5 1.5 1.5 1.5 1.5 1.5 1.5 1.5 1.5 1.5 1.5 1.5 1.5 1.5 1.5 1.5 1.5 1.5 1.5 1.5 1.5 1.5 1.5 1.5 1.5 1.5 1.5 1.6 1.6 1.6 1.6 1.6 1.7 1.7 1.7 1.7 1.7 1.7 1.7 1.7 1.7 1.7 1.7 1.7 1.7 1.7 1.7 1.7 1.7 1.8 1.8 1.8 1.8 1.8 1.8 1.8 1.8 1.8 1.8 1.8 1.8 1.9 1.9 1.9 1.9 1.9 2 2 2 2 2 2 2 2 2 2 2 2 2 2.1 2.2 2.2 2.2 2.2 2.2 2.2 2.3 2.3 2.3 2.3 2.3 2.3 2.4 2.4 2.4 2.5 2.5 2.5 2.5 2.5 2.5 2.6 2.6 2.6 2.6 2.7 2.7 2.7 2.7 2.8 2.8 2.8 2.8 3 3 3 3 3 3 3 3 3 3 3 3 3 3 3 3 3.1 3.1 3.1 3.1 3.1 3.1 3.2 3.2 3.3 3.3 3.3 3.3 3.3 3.4 3.4 3.4 3.4 3.4 3.4 3.5 3.5 3.5 3.5 3.5 3.5 3.5 3.5 3.5 3.5 3.6 3.6 3.6 3.8 3.8 3.8 3.8 3.8 3.8 4 4 4 4 4 4 4 4 4.2 4.2 4.2 4.2 4.3 4.4 4.5 4.5 4.5 4.5 4.5 4.5 4.5 4.5 4.5 4.6 4.6 4.6 4.6 4.6 4.7 4.7 4.7 4.8 4.9 4.9 4.9 5 5 5 5 5 5 5 5 5.1 5.1 5.1 5.1 5.2 5.2 5.2 5.2 5.3 5.4 5.4 5.4 5.5 5.5 5.5 5.5 5.5 5.5 5.5 5.5 5.5 5.5 5.5 5.6 5.6 5.7 5.7 5.7 5.7 5.8 5.8 5.8 5.8 6 6 6 6 6 6 6 6 6.1 6.1 6.1 6.1 6.2 6.2 6.2 6.3 6.3 6.4 6.4 6.5 6.5 6.5 6.5 6.5 6.5 6.5 6.5 6.5 6.5 6.5 6.5 6.5 6.5 6.5 6.5 6.5 6.5 6.5 6.5 6.5 6.5 6.7 6.7 6.7 6.8 6.8 6.9 6.9 6.9 6.9 7 7 7 7 7 7 7.1 7.2 7.2 7.2 7.2 7.2 7.2 7.2 7.5 7.5 7.5 7.5 7.5 7.5 7.5 7.5 7.5 7.5 7.5 7.5 7.5 7.5 7.7 7.7 7.7 7.8 7.8 7.9 7.9 8 8 8 8 8 8 8 8 8 8 8 8.1 8.3 8.3 8.4 8.4 8.4 8.4 8.5 8.5 8.5 8.5 8.5 8.5 8.5 8.5 8.5 8.5 8.5 8.5 8.5 8.5 8.5 8.5 8.5 8.5 8.7 8.7 8.8 8.8 8.9 9 9 9 9 9 9 9 9 9 9 9.1 9.1 9.2 9.5 9.5 9.5 9.5 9.5 9.5 9.5 9.5 9.5 9.5 9.5 9.7 9.8 9.8 9.9 9.9 10 10 10 10 10 10 10 10 10 10.1 10.2 10.3 10.5 10.5 10.5 10.5 10.5 10.5 10.5 10.5 10.5 10.5 10.5 10.5 10.6 10.6 10.6 10.6 10.7 10.7 10.7 10.8 10.8 10.8 10.9 11 11 11 11 11 11 11 11 11.1 11.2 11.3 11.3 11.5 11.5 11.5 11.5 11.5 11.5 11.5 11.5 11.5 11.5 11.5 11.6 11.7 11.8 11.8 11.9 12 12 12 12 12.4 12.5 12.5 12.5 12.5 12.5 12.5 12.5 12.5 12.5 12.5 12.5 12.5 12.5 12.5 12.5 12.6 12.6 12.6 12.7 12.7 12.8 12.8 12.9 12.9 12.9 13 13 13 13 13.2 13.2 13.2 13.2 13.2 13.2 13.3 13.3 13.5 13.5 13.5 13.5 13.5 13.5 13.5 13.6 13.7 13.7 13.7 13.8 14 14 14.2 14.3 14.4 14.4 14.5 14.5 14.5 14.5 14.5 14.5 14.5 14.5 14.5 14.5 14.5 14.6 14.7 14.8 14.8 14.8 14.8 14.9 15 15 15 15.2 15.4 15.5 15.5 15.5 15.5 15.5 15.5 15.5 15.5 15.5 15.5 15.5 15.5 15.5 15.6 15.6 15.9 16 16 16 16 16 16.2 16.2 16.4 16.4 16.5 16.5 16.5 16.5 16.5 17 17.1 17.1 17.2 17.2 17.3 17.4 17.4 17.5 17.5 17.5 17.5 17.5 17.5 17.7 18 18 18 18 18 18.1 18.2 18.3 18.4 18.4 18.5 18.5 18.5 18.6 18.9 18.9 18.9 19 19 19 19 19 19 19.1 19.1 19.4 19.5 19.5 19.6 19.8 20 20 20 20 20.5 20.5 20.5 20.7 21 21 21.5 21.7 21.8 22 22 22 22 22.2 22.3 22.3 22.5 22.5 22.5 22.5 22.7 22.8 23 23.1 23.2 24 24 24 24 24 24 24 24 24 25 25 25.7 25.8 25.8 26 26 26 26.5 26.5 26.5 27.1 27.1 27.5 28 28.8 30 30.5 31.8 33 34 36 38 38 65 70 75 80 80 85 90 90 100 110 165 175 210 508 512 568 701 702 703 704 705 706 707 708 709 712 716 1265 1427 1555 1555 1565 1565 1575 1585 1595 1672 1842 1842 1950 2247 2350 2750 3055 3065 3350 3565 3575 3585 3595 5530 7060 8060 9735 10519 10519 11522 12514 12525 14514 16514 16539 17539 40105
khac_so,1071219659140,home,毛重,0.007,0.007,0.007,7
khac_so,1005630695691,home,毛重,0.007,0.007,0.007,7
khac_so,1002770986721,home,规格,"耳塞盒3.5*3.5*1.7cm, 大28空盒, 5.5方盒5.5*5.5*2CM, 4.5方盒4.5*4.5*1.9CM, 7.5方盒7.5*7.5*2.6CM, 9.5方盒9.5*9.5*2.8CM, 圆孔锁扣盒8*5.4*3cm, 12.5长方盒12.5*10.2*3.3CM, 大号新一格10.6*7.3*1.8cm, 6.5方盒6.5*6.5*2CM, 8.5方盒8.5*8.5*2.5CM, 小号文具盒15.1*6.5*4.6cm, 9.5长方盒9.5*6.5*2.6CM, 7.5长方盒","Hộp đựng nút tai 3.5*3.5*1.7cm1, Hộp rỗng cỡ lớn 281, Hộp vuông 5.5, 5.5*5.5*2CM1, Hộp vuông 4.5, kích thước 4.5*4.5*1.9CM1, Hộp vuông 7.5, kích thước 7.5*7.5*2.6CM1, Hộp vuông 9.5, kích thước 9.5*9.5*2.8CM1, Hộp khóa lỗ tròn 8*5.4*3cm1, Hộp hình chữ",0.8 0.8 0.8 1 1 1 1 1 1.3 1.3 1.4 1.4 1.4 1.4 1.5 1.5 1.5 1.5 1.5 1.5 1.5 1.5 1.5 1.5 1.5 1.5 1.5 1.5 1.5 1.5 1.5 1.5 1.5 1.5 1.5 1.5 1.5 1.5 1.5 1.5 1.5 1.5 1.5 1.5 1.5 1.5 1.5 1.5 1.5 1.5 1.5 1.5 1.6 1.6 1.6 1.6 1.6 1.6 1.7 1.7 1.7 1.7 1.7 1.7 1.7 1.7 1.7 1.7 1.7 1.7 1.7 1.8 1.8 1.8 1.8 1.8 1.8 1.8 1.8 1.8 1.8 1.8 1.8 1.8 1.8 1.8 1.8 1.9 1.9 2 2 2 2 2 2 2 2 2 2 2 2 2 2.1 2.1 2.1 2.1 2.2 2.3 2.3 2.3 2.4 2.4 2.4 2.5 2.5 2.5 2.5 2.6 2.6 2.6 2.6 2.6 2.6 2.8 2.8 2.9 3 3 3 3 3 3 3 3.1 3.1 3.3 3.3 3.4 3.4 3.4 3.4 3.4 3.5 3.5 3.5 3.5 3.5 3.5 3.5 3.5 3.5 3.5 3.5 3.5 3.5 3.5 3.6 3.6 3.8 3.8 3.8 3.8 3.9 4 4 4 4 4 4.3 4.3 4.3 4.4 4.5 4.5 4.5 4.5 4.5 4.5 4.5 4.5 4.5 4.5 4.5 4.5 4.5 4.5 4.6 4.6 4.6 4.7 4.8 4.9 5 5 5 5 5 5 5 5 5 5 5 5 5 5 5.1 5.1 5.2 5.2 5.2 5.3 5.4 5.4 5.5 5.5 5.5 5.5 5.5 5.5 5.5 5.5 5.5 5.5 5.5 5.5 5.6 5.8 5.9 6 6 6 6 6 6.2 6.2 6.2 6.2 6.3 6.3 6.4 6.4 6.5 6.5 6.5 6.5 6.5 6.5 6.5 6.5 6.5 6.5 6.5 6.5 6.5 6.5 6.5 6.5 6.5 6.5 6.5 6.6 6.8 6.9 6.9 6.9 6.9 7 7 7 7 7 7 7.1 7.2 7.3 7.3 7.5 7.5 7.5 7.5 7.5 7.5 7.5 7.5 7.5 7.5 7.5 7.5 7.5 7.5 7.5 7.5 7.5 7.5 7.5 7.5 7.7 7.9 7.9 7.9 7.9 7.9 8 8 8 8 8 8 8 8 8.2 8.5 8.5 8.5 8.5 8.5 8.5 8.5 8.5 8.5 8.5 8.5 8.5 8.5 8.5 8.5 8.5 8.5 8.6 8.6 8.7 8.9 9 9 9 9 9 9 9.1 9.5 9.5 9.5 9.5 9.5 9.5 9.5 9.5 9.5 9.5 9.5 9.6 9.7 9.9 9.9 9.9 10 10 10 10 10 10.2 10.2 10.3 10.5 10.5 10.5 10.5 10.5 10.5 10.5 10.5 10.5 10.5 10.5 10.5 10.6 10.6 10.6 11 11 11 11 11.2 11.3 11.4 11.5 11.5 11.5 11.5 11.5 11.5 11.5 11.5 11.5 12 12 12.4 12.5 12.5 12.5 12.5 12.5 12.5 12.5 12.5 12.5 12.5 12.5 12.5 12.5 12.6 12.7 12.7 12.8 12.8 12.9 13 13 13.2 13.2 13.2 13.3 13.5 13.5 13.5 13.5 13.5 13.7 13.8 14 14.2 14.3 14.4 14.5 14.5 14.5 14.5 14.6 14.6 14.8 14.8 14.8 14.8 14.9 15 15 15.1 15.4 15.5 15.5 15.5 15.5 15.5 15.5 15.6 15.6 15.8 16 16.5 16.5 16.5 16.5 16.5 17 17 17.4 17.4 17.5 18 18 18 18 18 18.1 18.2 18.3 18.4 18.5 18.5 18.5 18.6 18.9 19 19.4 19.5 19.5 19.8 20 20 20 20.5 21 21.8 22 22 22 22.3 22.5 22.5 22.5 22.5 22.7 22.8 22.9 23 23.1 23.2 24 25 25.7 25.8 25.8 26 26 26.5 26.5 27 27.1 28 28.8 29.6 31.1 31.5 31.8 32.3 32.3 38 38 65 70 75 80 80 85 90 90 100 165 175 701 702 703 704 705 706 707 708 709 1555 1555 1565 1575 1585 1595 1950 2350 2750 3055 3065 3350 3575 3585 3595 7060 8060 9060 10519 10519 11522 12514 12525 14514 16514 16539 17539 40105,0.8 0.8 0.8 1 1 1 1 1 1 1 1 1 1 1 1 1 1 1 1 1 1 1 1.3 1.3 1.4 1.4 1.4 1.4 1.5 1.5 1.5 1.5 1.5 1.5 1.5 1.5 1.5 1.5 1.5 1.5 1.5 1.5 1.5 1.5 1.5 1.5 1.5 1.5 1.5 1.5 1.5 1.5 1.5 1.5 1.5 1.5 1.5 1.5 1.5 1.5 1.5 1.5 1.5 1.5 1.51 1.6 1.6 1.6 1.6 1.6 1.6 1.7 1.7 1.7 1.7 1.7 1.7 1.7 1.7 1.7 1.7 1.7 1.7 1.7 1.8 1.8 1.8 1.8 1.8 1.8 1.8 1.8 1.8 1.8 1.8 1.8 1.8 1.8 1.8 1.8 1.9 1.9 2 2 2 2 2 2 2 2 2 2 2 2 2 2.1 2.1 2.1 2.1 2.2 2.3 2.3 2.3 2.4 2.4 2.4 2.5 2.5 2.5 2.5 2.6 2.6 2.6 2.6 2.6 2.6 2.8 2.8 2.9 3 3 3 3 3 3 3 3.1 3.1 3.3 3.3 3.4 3.4 3.4 3.4 3.4 3.5 3.5 3.5 3.5 3.5 3.5 3.5 3.5 3.5 3.5 3.5 3.5 3.5 3.5 3.6 3.6 3.8 3.8 3.8 3.8 3.9 4 4 4 4 4 4.3 4.3 4.3 4.4 4.5 4.5 4.5 4.5 4.5 4.5 4.5 4.5 4.5 4.5 4.5 4.5 4.5 4.5 4.6 4.6 4.6 4.7 4.8 4.9 5 5 5 5 5 5 5 5 5 5 5 5 5 5 5.1 5.1 5.2 5.2 5.2 5.3 5.4 5.4 5.5 5.5 5.5 5.5 5.5 5.5 5.5 5.5 5.5 5.5 5.5 5.6 5.8 5.9 6 6 6 6 6 6.2 6.2 6.2 6.2 6.3 6.3 6.4 6.4 6.5 6.5 6.5 6.5 6.5 6.5 6.5 6.5 6.5 6.5 6.5 6.5 6.5 6.5 6.5 6.5 6.5 6.5 6.5 6.6 6.8 6.9 6.9 6.9 6.9 7 7 7 7 7 7 7.1 7.2 7.3 7.3 7.5 7.5 7.5 7.5 7.5 7.5 7.5 7.5 7.5 7.5 7.5 7.5 7.5 7.5 7.5 7.5 7.5 7.5 7.7 7.9 7.9 7.9 7.9 7.9 8 8 8 8 8 8 8 8 8.2 8.5 8.5 8.5 8.5 8.5 8.5 8.5 8.5 8.5 8.5 8.5 8.5 8.5 8.5 8.5 8.5 8.5 8.6 8.6 8.7 8.9 9 9 9 9 9 9 9.1 9.5 9.5 9.5 9.5 9.5 9.5 9.5 9.5 9.5 9.5 9.5 9.6 9.7 9.9 9.9 9.9 10 10 10 10 10 10.2 10.2 10.3 10.5 10.5 10.5 10.5 10.5 10.5 10.5 10.5 10.5 10.5 10.5 10.6 10.6 10.6 11 11 11 11 11.2 11.3 11.4 11.5 11.5 11.5 11.5 11.5 11.5 11.5 12 12 12.4 12.5 12.5 12.5 12.5 12.5 12.5 12.5 12.5 12.5 12.5 12.5 12.5 12.6 12.7 12.7 12.8 12.8 12.9 13 13 13.2 13.2 13.2 13.3 13.5 13.5 13.5 13.5 13.7 13.8 14 14.2 14.3 14.4 14.5 14.5 14.5 14.5 14.6 14.6 14.8 14.8 14.8 14.8 14.9 15 15 15.1 15.4 15.5 15.5 15.5 15.5 15.5 15.5 15.6 15.6 15.8 16 16.5 16.5 16.5 16.5 16.5 17 17 17.4 17.4 17.5 18 18 18 18 18.1 18.2 18.3 18.4 18.5 18.5 18.5 18.6 18.9 19 19.4 19.5 19.5 19.8 20 20 20.5 21 21.8 22 22 22 22.3 22.5 22.5 22.5 22.5 22.7 22.8 22.9 23 23.1 23.2 24 25 25.7 25.8 25.8 26 26 26.5 26.5 27 27.1 28 28.8 29.6 31.1 31.5 31.8 32.3 32.3 38 38 65 70 75 80 80 85 90 90 100 165 175 701 702 703 704 705 706 707 708 709 1555 1555 1565 1575 1585 1595 1950 2350 2750 3055 3065 3350 3575 3585 3595 7060 8060 9060 10519 10519 11522 12514 12525 14514 16514 16539 17539 40105
khac_so,1002770986721,home,规格型号,"3.4小方盒3.4*3.4*2.4cm, 耳塞盒3.5*3.5*1.7cm, 圆形耳塞盒4.3*4.3*1.7cm, 小格盒3.4*3.1*2.4cm, H-3.5方盒3.5*3.5*1.8CM, 4.5方盒B款4.5*4.5*1.7cm, 5.5方盒B款5.5*5.5*1.7cm, 6.5方盒B款6.5*6.5*1.7cm, 5.0长方盒5*3.9*1.5cm, 6.0长方盒6*4.6*1.5cm, 7.0小长方盒7*5.5*1.5cm, 8.0小长方盒8*6.2*1.5cm, 9.0小长方盒","Hộp vuông nhỏ 3.4, kích thước 3.4*3.4*2.4cm2, Hộp đựng nút tai 3.5*3.5*1.7cm2, Hộp đựng nút tai tròn 4.3*4.3*1.7cm2, Hộp lưới nhỏ 3,4 * 3,1 * 2,4cm2, Hộp vuông H-3.5 3.5*3.5*1.8CM2, Hộp vuông 4,5, loại B, kích thước 4,5 x 4,5 x 1,7 cm.2, Hộp vuông lo",0.8 0.8 0.8 1 1 1 1 1 1.3 1.3 1.4 1.4 1.4 1.4 1.5 1.5 1.5 1.5 1.5 1.5 1.5 1.5 1.5 1.5 1.5 1.5 1.5 1.5 1.5 1.5 1.5 1.5 1.5 1.5 1.5 1.5 1.5 1.5 1.5 1.5 1.5 1.5 1.5 1.5 1.5 1.5 1.5 1.5 1.5 1.5 1.5 1.5 1.6 1.6 1.6 1.6 1.6 1.6 1.7 1.7 1.7 1.7 1.7 1.7 1.7 1.7 1.7 1.7 1.7 1.7 1.7 1.8 1.8 1.8 1.8 1.8 1.8 1.8 1.8 1.8 1.8 1.8 1.8 1.8 1.8 1.8 1.8 1.9 1.9 2 2 2 2 2 2 2 2 2 2 2 2 2 2.1 2.1 2.1 2.1 2.2 2.3 2.3 2.3 2.4 2.4 2.4 2.5 2.5 2.5 2.5 2.6 2.6 2.6 2.6 2.6 2.6 2.8 2.8 2.9 3 3 3 3 3 3 3 3.1 3.1 3.3 3.3 3.4 3.4 3.4 3.4 3.4 3.5 3.5 3.5 3.5 3.5 3.5 3.5 3.5 3.5 3.5 3.5 3.5 3.5 3.5 3.6 3.6 3.8 3.8 3.8 3.8 3.9 4 4 4 4 4 4.3 4.3 4.3 4.4 4.5 4.5 4.5 4.5 4.5 4.5 4.5 4.5 4.5 4.5 4.5 4.5 4.5 4.5 4.6 4.6 4.6 4.7 4.8 4.9 5 5 5 5 5 5 5 5 5 5 5 5 5 5 5.1 5.1 5.2 5.2 5.2 5.3 5.4 5.4 5.5 5.5 5.5 5.5 5.5 5.5 5.5 5.5 5.5 5.5 5.5 5.5 5.6 5.8 5.9 6 6 6 6 6 6.2 6.2 6.2 6.2 6.3 6.3 6.4 6.4 6.5 6.5 6.5 6.5 6.5 6.5 6.5 6.5 6.5 6.5 6.5 6.5 6.5 6.5 6.5 6.5 6.5 6.5 6.5 6.6 6.8 6.9 6.9 6.9 6.9 7 7 7 7 7 7 7.1 7.2 7.3 7.3 7.5 7.5 7.5 7.5 7.5 7.5 7.5 7.5 7.5 7.5 7.5 7.5 7.5 7.5 7.5 7.5 7.5 7.5 7.5 7.5 7.7 7.9 7.9 7.9 7.9 7.9 8 8 8 8 8 8 8 8 8.2 8.5 8.5 8.5 8.5 8.5 8.5 8.5 8.5 8.5 8.5 8.5 8.5 8.5 8.5 8.5 8.5 8.5 8.6 8.6 8.7 8.9 9 9 9 9 9 9 9.1 9.5 9.5 9.5 9.5 9.5 9.5 9.5 9.5 9.5 9.5 9.5 9.6 9.7 9.9 9.9 9.9 10 10 10 10 10 10.2 10.2 10.3 10.5 10.5 10.5 10.5 10.5 10.5 10.5 10.5 10.5 10.5 10.5 10.5 10.6 10.6 10.6 11 11 11 11 11.2 11.3 11.4 11.5 11.5 11.5 11.5 11.5 11.5 11.5 11.5 11.5 12 12 12.4 12.5 12.5 12.5 12.5 12.5 12.5 12.5 12.5 12.5 12.5 12.5 12.5 12.5 12.6 12.7 12.7 12.8 12.8 12.9 13 13 13.2 13.2 13.2 13.3 13.5 13.5 13.5 13.5 13.5 13.7 13.8 14 14.2 14.3 14.4 14.5 14.5 14.5 14.5 14.6 14.6 14.8 14.8 14.8 14.8 14.9 15 15 15.1 15.4 15.5 15.5 15.5 15.5 15.5 15.5 15.6 15.6 15.8 16 16.5 16.5 16.5 16.5 16.5 17 17 17.4 17.4 17.5 18 18 18 18 18 18.1 18.2 18.3 18.4 18.5 18.5 18.5 18.6 18.9 19 19.4 19.5 19.5 19.8 20 20 20 20.5 21 21.8 22 22 22 22.3 22.5 22.5 22.5 22.5 22.7 22.8 22.9 23 23.1 23.2 24 25 25.7 25.8 25.8 26 26 26.5 26.5 27 27.1 28 28.8 29.6 31.1 31.5 31.8 32.3 32.3 38 38 65 70 75 80 80 85 90 90 100 165 175 701 702 703 704 705 706 707 708 709 1555 1555 1565 1575 1585 1595 1950 2350 2750 3055 3065 3350 3575 3585 3595 7060 8060 9060 10519 10519 11522 12514 12525 14514 16514 16539 17539 40105,0.8 0.8 0.8 1 1 1 1 1 1.3 1.3 1.4 1.4 1.4 1.4 1.5 1.5 1.5 1.5 1.5 1.5 1.5 1.5 1.5 1.5 1.5 1.5 1.5 1.5 1.5 1.5 1.5 1.5 1.5 1.5 1.5 1.5 1.5 1.5 1.5 1.5 1.5 1.5 1.5 1.5 1.5 1.5 1.5 1.5 1.5 1.5 1.52 1.6 1.6 1.6 1.6 1.6 1.6 1.7 1.7 1.7 1.7 1.7 1.7 1.7 1.7 1.7 1.7 1.7 1.7 1.7 1.8 1.8 1.8 1.8 1.8 1.8 1.8 1.8 1.8 1.8 1.8 1.8 1.8 1.8 1.8 1.8 1.9 1.9 2 2 2 2 2 2 2 2 2 2 2 2 2 2 2 2 2 2 2 2 2 2 2 2 2 2 2 2.1 2.1 2.1 2.1 2.2 2.3 2.3 2.3 2.4 2.4 2.4 2.5 2.5 2.5 2.5 2.6 2.6 2.6 2.6 2.6 2.6 2.8 2.8 2.9 3 3 3 3 3 3 3 3.1 3.1 3.3 3.3 3.4 3.4 3.4 3.4 3.4 3.5 3.5 3.5 3.5 3.5 3.5 3.5 3.5 3.5 3.5 3.5 3.5 3.5 3.5 3.6 3.6 3.8 3.8 3.8 3.8 3.9 4 4 4 4 4 4.3 4.3 4.3 4.4 4.5 4.5 4.5 4.5 4.5 4.5 4.5 4.5 4.5 4.5 4.5 4.5 4.5 4.5 4.6 4.6 4.6 4.7 4.8 4.9 5 5 5 5 5 5 5 5 5 5 5 5 5 5 5.1 5.1 5.2 5.2 5.2 5.3 5.4 5.4 5.5 5.5 5.5 5.5 5.5 5.5 5.5 5.5 5.5 5.5 5.5 5.6 5.8 5.9 6 6 6 6 6 6.2 6.2 6.2 6.2 6.3 6.3 6.4 6.4 6.5 6.5 6.5 6.5 6.5 6.5 6.5 6.5 6.5 6.5 6.5 6.5 6.5 6.5 6.5 6.5 6.5 6.5 6.5 6.6 6.8 6.9 6.9 6.9 6.9 7 7 7 7 7 7 7.1 7.2 7.3 7.3 7.5 7.5 7.5 7.5 7.5 7.5 7.5 7.5 7.5 7.5 7.5 7.5 7.5 7.5 7.5 7.5 7.5 7.5 7.7 7.9 7.9 7.9 7.9 7.9 8 8 8 8 8 8 8 8 8.2 8.5 8.5 8.5 8.5 8.5 8.5 8.5 8.5 8.5 8.5 8.5 8.5 8.5 8.5 8.5 8.5 8.5 8.6 8.6 8.7 8.9 9 9 9 9 9 9 9.1 9.5 9.5 9.5 9.5 9.5 9.5 9.5 9.5 9.5 9.5 9.5 9.6 9.7 9.9 9.9 9.9 10 10 10 10 10 10.2 10.2 10.3 10.5 10.5 10.5 10.5 10.5 10.5 10.5 10.5 10.5 10.5 10.5 10.6 10.6 10.6 11 11 11 11 11.2 11.3 11.4 11.5 11.5 11.5 11.5 11.5 11.5 11.5 12 12 12.4 12.5 12.5 12.5 12.5 12.5 12.5 12.5 12.5 12.5 12.5 12.5 12.5 12.6 12.7 12.7 12.8 12.8 12.9 13 13 13.2 13.2 13.2 13.3 13.5 13.5 13.5 13.5 13.7 13.8 14 14.2 14.3 14.4 14.5 14.5 14.5 14.5 14.6 14.6 14.8 14.8 14.8 14.8 14.9 15 15 15.1 15.4 15.5 15.5 15.5 15.5 15.5 15.5 15.6 15.6 15.8 16 16.5 16.5 16.5 16.5 16.5 17 17 17.4 17.4 17.5 18 18 18 18 18.1 18.2 18.3 18.4 18.5 18.5 18.5 18.6 18.9 19 19.4 19.5 19.5 19.8 20 20 20.5 21 21.8 22 22 22 22.3 22.5 22.5 22.5 22.5 22.7 22.8 22.9 23 23.1 23.2 24 25 25.7 25.8 25.8 26 26 26.5 26.5 27 27.1 28 28.8 29.6 31.1 31.5 31.8 32.3 32.3 38 38 65 70 75 80 80 85 90 90 100 165 175 701 702 703 704 705 706 707 708 709 1555 1555 1565 1575 1585 1595 1950 2350 2750 3055 3065 3350 3575 3585 3595 7060 8060 9060 10519 10519 11522 12514 12525 14514 16514 16539 17539 40105
khac_so,1007098487207,home,规格,"5.5方盒 外径5.5*5.5*2CM, 6.5方盒 外径6.5*6.5*2CM, 9.5方盒 外径9.5*9.5*2.8CM, 11四方盒 外径11*11*3.3cm, 6.5长方盒 外径6.5*4.5*2cm, 8.5长方盒 外径8.5*6*2.5cm, 耳塞盒 外径3.5*3.5*1.7CM, 11.5长方盒 外径11.5*8.5*2.8cm, 7.5长方盒 外径7.5*5*2.1cm, 5.5长方盒 外径5.5*4*2cm, 4.5长方盒 外径4.5*3.5*2cm, 10.5长方盒 外","Hộp vuông 5.5, kích thước ngoài 5.5*5.5*2cm1, Hộp vuông 6.5, kích thước ngoài 6.5*6.5*2cm2, Hộp vuông 9.5, kích thước ngoài 9.5*9.5*2.8cm2, 11 Hộp vuông, kích thước ngoài 11*11*3.3cm2, Hộp chữ nhật 6.5, kích thước ngoài 6.5*4.5*2cm1, Hộp chữ nhật 8.5",1.7 1.8 1.8 1.9 2 2 2 2 2 2.1 2.2 2.4 2.5 2.5 2.5 2.5 2.6 2.6 2.7 2.7 2.8 2.8 3 3.3 3.3 3.4 3.5 3.5 3.5 3.5 3.5 3.5 3.6 3.8 3.9 3.9 4 4.5 4.5 4.5 4.5 4.5 4.5 5 5.5 5.5 5.5 5.5 5.5 6 6.5 6.5 6.5 6.5 6.5 6.5 6.6 7 7 7.5 7.5 7.5 7.5 7.5 7.5 7.5 8 8.1 8.4 8.5 8.5 8.5 8.5 8.5 8.5 8.5 8.5 8.5 9 9.1 9.2 9.5 9.5 9.5 9.5 9.5 10.1 10.2 10.5 10.5 10.5 10.5 10.5 10.5 11 11 11 11.1 11.1 11.5 11.5 11.5 11.5 11.5 11.5 11.5 12.5 12.5 12.5 12.5 12.5 70 80 90 91 10519 11522 12525,1 1 1.7 1.8 1.8 1.9 2 2 2 2 2 2.1 2.2 2.4 2.5 2.5 2.5 2.5 2.6 2.6 2.7 2.7 2.8 2.8 3 3.3 3.3 3.4 3.5 3.5 3.5 3.5 3.5 3.5 3.6 3.8 3.9 3.9 4 4.5 4.5 4.5 4.5 5 5.5 5.5 5.5 5.5 5.5 6 6.5 6.5 6.5 6.5 6.5 6.5 6.6 7 7 7.5 7.5 7.5 7.5 7.5 7.5 7.5 8 8.1 8.4 8.5 8.5 8.5 8.5 8.5 8.5 8.5 8.5 8.5 9 9.1 9.2 9.5 9.5 9.5 9.5 9.5 10.1 10.2 10.5 10.5 10.5 10.5 10.5 10.5 11 11 11 11.1 11.1 11.5 11.5 11.5 11.5 11.5 11.5 11.5 12.5 12.5 12.5 12.5 12.5 70 80 90 91 10519 11522 12525
khac_so,1007098487207,home,规格型号,"耳塞盒 外径3.5*3.5*1.7CM, 3.5方盒 外径3.4*3.5*1.8cm, 4.5方盒 外径4.5*4.5*1.9CM, 5.5方盒 外径5.5*5.5*2CM, 6.5方盒 外径6.5*6.5*2CM, F70圆角盒 外径7*7*3.9cm, 7.5方盒 外径7.5*7.5*2.6CM, F80圆角盒 外径8.1*8*3.9cm, 8.5方盒 外径8.5*8.5*2.4CM, F90圆角盒 外径9.1*9*3.8cm, 9.5方盒 外径9.5*9.5*2.8CM, 10.5方盒 外","Hộp đựng nút tai, kích thước ngoài 3.5*3.5*1.7cm2, Hộp vuông kích thước 3,5, kích thước bên ngoài là 3,4 x 3,5 x 1,8 cm.2, Hộp vuông, kích thước bên ngoài là 4,5 x 4,5 x 1,9 cm.2, Hộp vuông 5.5, kích thước ngoài 5.5*5.5*2cm2, Hộp vuông 6.5, kích thướ",1.7 1.8 1.8 1.9 2 2 2 2 2 2.1 2.2 2.4 2.5 2.5 2.5 2.5 2.6 2.6 2.7 2.7 2.8 2.8 3 3.3 3.3 3.4 3.5 3.5 3.5 3.5 3.5 3.5 3.6 3.8 3.9 3.9 4 4.5 4.5 4.5 4.5 4.5 4.5 5 5.5 5.5 5.5 5.5 5.5 6 6.5 6.5 6.5 6.5 6.5 6.5 6.6 7 7 7.5 7.5 7.5 7.5 7.5 7.5 7.5 8 8.1 8.4 8.5 8.5 8.5 8.5 8.5 8.5 8.5 8.5 8.5 9 9.1 9.2 9.5 9.5 9.5 9.5 9.5 10.1 10.2 10.5 10.5 10.5 10.5 10.5 10.5 11 11 11 11.1 11.1 11.5 11.5 11.5 11.5 11.5 11.5 11.5 12.5 12.5 12.5 12.5 12.5 70 80 90 91 10519 11522 12525,1.7 1.8 1.8 1.9 2 2 2 2 2 2 2 2.1 2.2 2.4 2.5 2.5 2.5 2.5 2.6 2.6 2.7 2.7 2.8 2.8 3 3.3 3.3 3.4 3.5 3.5 3.5 3.5 3.5 3.5 3.6 3.8 3.9 3.9 4 4.5 4.5 4.5 4.5 5 5.5 5.5 5.5 5.5 5.5 6 6.5 6.5 6.5 6.5 6.5 6.5 6.6 7 7 7.5 7.5 7.5 7.5 7.5 7.5 7.5 8 8.1 8.4 8.5 8.5 8.5 8.5 8.5 8.5 8.5 8.5 8.5 9 9.1 9.2 9.5 9.5 9.5 9.5 9.5 10.1 10.2 10.5 10.5 10.5 10.5 10.5 10.5 11 11 11 11.1 11.1 11.5 11.5 11.5 11.5 11.5 11.5 11.5 12.5 12.5 12.5 12.5 12.5 70 80 90 91 10519 11522 12525
vi_thua_so,1040107778365,home,规格,33×25.5×12.5cm,33×25.5×12.5cm (33 x 25.5 x 12.5 cm),12.5 25.5 33,12.5 12.5 25.5 25.5 33 33
khac_so,741639521970,home,箱装数量,"9,12,24","9,12,24",9 12 24,9.12 24
vi_thieu_so,741639521970,home,颜色,"方高箱子, 方矮箱子, 方形盖子, 加长高箱, 加长矮箱, 加长盖子, XL高箱子, XL矮箱子, XL盖子, 中号箱【7095】, 中号盖子【7095-1盖】, 小号箱【7096】, 小号盖子【7096-1盖】, XL高箱子+盖子, XL矮箱子+盖子, 加长高箱+盖子, 加长矮箱+盖子, 方高箱子+盖子, 方矮箱子+盖子, 方中号箱子+盖子, 窄小号箱子+盖子【7096】, 可配内长55cm架子【方高箱1个+方中号1个】, 可配内长65cm架子【方高箱2个】, 可配内长65cm架子【方矮箱2个","Hộp cao vuông, Hộp ngắn vuông, Nắp vuông, Hộp cao kéo dài, Hộp ngắn dài, Nắp mở rộng, Hộp cao XL, Hộp lùn XL, Nắp XL, Hộp vừa 【 7095 】, Nắp vừa 【 7095-1 Nắp 】, Hộp nhỏ 【 7096 】, Nắp nhỏ [7096-1 nắp], Nắp hộp cao XL, Nắp hộp XL lùn, Nắp hộp mở rộng, N",1 1 1 1 1 1 1 1 1 1 1 2 2 2 2 2 2 2 2 2 2 2 2 4 55 65 65 75 75 85 95 95 95 105 105 105 7095 7095 7096 7096 7096,1 1 1 1 1 1 1 1 1 2 2 2 2 2 2 2 2 2 2 2 2 4 55 65 65 75 75 85 95 95 95 105 105 105 7095 7095 7096 7096 7096
vi_thieu_so,985859133103,home,货号,长款pu2,Da PU dài,2,
vi_thua_so,621540732345,home,规格,"连体盒, 小号蓝底白盖, 迷你方桶20*14.8*6.2CM, 0.8方桶蓝底白盖, 0.8方桶透明款, 大方桶透明款, 中方桶透明款, 小方桶透明款, 特大方桶透明款, 0.5方盒透明款, 0.5方盒蓝底透明盖, 0.8粉底白盖, 0.8方桶半透款颜色随机, 小方桶半透款颜色随机, 中方桶半透款颜色随机, 大方桶半透款颜色随机, 特大方桶半透款颜色随机, 0.5小方盒粉底透明盖, 0.7方盒透明款, 0.7方盒粉底透明盖, 0.7方盒蓝底透明盖, 0.6方桶粉底白盖, 0.6方桶透明款, 中号","迷你方桶20*14.8*6.2CM, Hộp liền thân1, Cỡ nhỏ nền xanh lam nắp trắng1, 0.8 thùng vuông nền xanh nắp trắng1, 0.8 thùng vuông kiểu trong suốt1, Thùng vuông lớn mẫu trong suốt1, Thùng vuông kiểu trong suốt1, Thùng vuông nhỏ mẫu trong suốt1, Thùng vuông cực ",0.4 0.4 0.4 0.4 0.5 0.5 0.5 0.5 0.5 0.5 0.6 0.6 0.6 0.7 0.7 0.7 0.8 0.8 0.8 0.8 6.2 7.5 7.5 7.5 7.5 10 10 10 10 14.8 16 16 16 16 20,0.4 0.4 0.4 0.4 0.5 0.5 0.5 0.5 0.5 0.5 0.6 0.6 0.6 0.7 0.7 0.7 0.8 0.8 0.8 0.8 1 6.2 7.5 7.5 7.5 7.5 10 10 10 10 14.8 16 16 16 16 20
vi_thua_so,1076217524308,home,透明度,百分百,100%,,100
khac_so,705980387135,home,货号,"6401,6402,6403,6404,6405,6406,6407,6408,6409,6701，","6401,6402,6403,6404,6405,6406,6407,6408,6409,6701，",6401 6402 6403 6404 6405 6406 6407 6408 6409 6701,6401.64 6403.64 6405.64 6407.64 6409.67
khac_so,664459380663,home,规格,"28*21*9,28*21*14,34.5*26*9,34.5*26*20","28*21*9,28*21*14,34.5*26*9,34.5*26*20",9 9 14 20 21 21 26 26 28 28 34.5 34.5,5 5 9.28 9.34 14.34 20 21 21 26 26 28
khac_so,934022763576,home,毛重,0.175kg,0.175kg,0.175,175
khac_so,826665683151,home,规格,"2号方筛, 3号方筛, 5号方筛, 1号方筛, 4号方筛, 加厚6号24*18*7.2cm, 普通款1252号210mm*152mm*52mm, 普通款1253号252mm*188mm*63mm, 普通款1254号290mm*213mm*68mm, 普通款1255号335mm*252mm*82mm, 普通款1256号355mm*273mm*85mm, 普通款1257号378mm*298mm*92mm, 普特大1258号412mm*325mm*107mm, 白色特厚1262-45.5*34.5*1","Sàng vuông số 21, Sàng vuông số 31, Sàng vuông số 51, Sàng vuông số 11, Sàng vuông số 41, Dày cỡ 6 24*18*7.2cm1, Mẫu thông thường số 1252 210mm * 152mm * 52mm1, Mẫu thông thường số 1253 252mm * 188mm * 63mm1, Mẫu thông thường số 1254 290mm * 213mm * ",1 1 1 1 2 2 3 3 4 4 5 5 6 7.2 7.5 7.5 8.7 9.5 10 11.5 12 13 14.3 14.5 15 15 18 21 22 24 24.5 25.3 27.5 28.5 28.5 29.4 32 32.5 33 34.5 37.5 38 38 38 38.5 40 43 45.5 50 52 53 53 53 63 68 82 85 92 107 152 188 210 213 252 252 273 290 298 325 335 355 378 412 1252 1253 1254 1255 1256 1257 1258 1259 1260 1261 1262 1263,1 1 1 1 2 2 3 3 4 4 5 5 5 6 7.2 7.5 7.5 8.7 9.5 10 11.5 12 13 14.3 14.5 15 15 18 21 22 24 24.5 25.3 27.5 28.5 28.5 29.4 32 32.5 33 34.5 37.5 38 38 38 38 40 43 45.5 50 52 53 53 53 63 68 82 85 92 107 152 188 210 213 252 252 273 290 298 325 335 355 378 412 1252 1253 1254 1255 1256 1257 1258 1259 1260 1261 1262 1263
khac_so,826665683151,home,规格型号,"普通款1252号210mm*152mm*52mm, 普通款1253号252mm*188mm*63mm, 普通款1254号290mm*213mm*68mm, 普通款1255号335mm*252mm*82mm, 普通款1256号355mm*273mm*85mm, 普通款1257号378mm*298mm*92mm, 普特大1258号412mm*325mm*107mm, 加厚1号50*37.5*14.5cm, 加厚2号43*32.5*13mm, 加厚3号38*28.5*11.5cm, 加厚4号32*24","Mẫu thông thường số 1252 210mm * 152mm * 52mm2, Mẫu thông thường số 1253 252mm * 188mm * 63mm2, Mẫu thông thường số 1254 290mm * 213mm * 68mm2, Mẫu thông thường số 1255 335mm * 252mm * 82mm2, Mẫu thông thường số 1256 355mm * 273mm * 85mm2, Mẫu thông ",1 1 1 1 2 2 3 3 4 4 5 5 6 7.2 7.5 7.5 8.7 9.5 10 11.5 12 13 14.3 14.5 15 15 18 21 22 24 24.5 25.3 27.5 28.5 28.5 29.4 32 32.5 33 34.5 37.5 38 38 38 38.5 40 43 45.5 50 52 53 53 53 63 68 82 85 92 107 152 188 210 213 252 252 273 290 298 325 335 355 378 412 1252 1253 1254 1255 1256 1257 1258 1259 1260 1261 1262 1263,1 1 1 1 2 2 3 3 4 4 5 5 5 6 7.2 7.5 7.5 8.7 9.5 10 11.5 12 13 14.3 14.5 15 15 18 21 22 24 24.5 25.3 27.5 28.5 28.5 29.4 32 32.5 33 34.5 37.5 38 38 38 38 40 43 45.5 50 52 53 53 53 63 68 82 85 92 107 152 188 210 213 252 252 273 290 298 325 335 355 378 412 1252 1253 1254 1255 1256 1257 1258 1259 1260 1261 1262 1263
khac_so,1010671800807,home,毛重,0.702 1.013 1.266,0.702 1.013 1.266,0.702 1.013 1.266,702 1013 1266
vi_thua_so,956658143600,home,颜色,"奶油白无格无盖, 奶油白十格无盖, 奶油白十五格无盖, 奶油色盖子","Trắng kem, không kẻ, không nắp, Màu trắng kem, mười ô, không nắp, Trắng kem 15 ô không nắp, Nắp màu kem",,15
khac_so,919097245722,home,货号,"5521,5522,5523,5524,5525,5526","5521,5522,5523,5524,5525,5526",5521 5522 5523 5524 5525 5526,5521.55 5523.55 5525.55
khac_so,651216674146,home,规格,"2粒蛋挞直径7厘米食品级【专为耐用 加厚打造】, 3粒蛋挞直径7厘米食品级【专为耐用 加厚打造】, 4粒蛋挞直径7厘米食品级【专为耐用 加厚打造】, 6粒蛋挞直径7厘米食品级【专为耐用 加厚打造】, 1粒蛋挞直径7厘米食品级【专为耐用 加厚打造】, 8粒蛋挞直径5.5厘米食品级【专为耐用 加厚打造】","2 bánh tart trứng đường kính 7cm cấp thực phẩm [được làm đặc biệt để bền và đặc hơn]1, 3 bánh tart trứng đường kính 7cm cấp thực phẩm [được sản xuất đặc biệt để có độ bền và độ dày cao]1, 4 bánh tart trứng đường kính 7cm cấp thực phẩm [được làm đặc b",1 2 3 4 5.5 6 7 7 7 7 7 8,1 1 2 3 4 6 7 7 7 7 7 8
khac_so,651216674146,home,规格型号,"1粒蛋挞直径7厘米食品级【专为耐用 加厚打造】, 2粒蛋挞直径7厘米食品级【专为耐用 加厚打造】, 3粒蛋挞直径7厘米食品级【专为耐用 加厚打造】, 4粒蛋挞直径7厘米食品级【专为耐用 加厚打造】, 6粒蛋挞直径7厘米食品级【专为耐用 加厚打造】, 8粒蛋挞直径5.5厘米食品级【专为耐用 加厚打造】","1 bánh tart trứng đường kính 7cm cấp thực phẩm [được sản xuất đặc biệt để có độ bền và độ đặc cao]2, 2 bánh tart trứng đường kính 7cm cấp thực phẩm [được làm đặc biệt để bền và đặc hơn]2, 3 bánh tart trứng đường kính 7cm cấp thực phẩm [được sản xuất ",1 2 3 4 5.5 6 7 7 7 7 7 8,1 2 2 3 4 6 7 7 7 7 7 8
vi_thieu_so,712457054677,home,颜色,"可拆10格蓝扣12.9*6.7*2.2CM, 可拆10格粉扣12.9*6.7*2.2CM, 圆8格透明10.4*2.7CM, 圆8格粉色10.4*2.7CM, 圆8格蓝色10.4*2.7CM, 圆8格桔色10.4*2.7CM, 小8格13.7*6.8*2.8CM, 可拆小15格蓝扣17*10*2.3CM, 可拆小15格粉扣17*10*2.3CM, 小5格8.1*5.5*1.7CM, 大5格27.5*16.4*5.6, 甲片盒13*5*1.5CM, 10格空盒（无插片）12.9*6.7*2.2CM","Khóa màu xanh 10 lưới có thể tháo rời 12,9*6,7*2,2 cm, Khóa bột 10 ô có thể tháo rời 12,9*6,7*2,2 cm, Hình tròn 8 lưới trong suốt 10,4*2.7cm, Tròn 8 ô màu hồng 10,4*2.7cm, Hình tròn 8 lưới màu xanh 10,4*2.7cm, Hình tròn 8 ô màu cam 10,4*2.7cm, 8 ô nh",1 1 1 1 1 1 1 1 1 1 1 1 1 1 1 1 1 1.1 1.1 1.2 1.2 1.5 1.5 1.5 1.5 1.5 1.5 1.5 1.5 1.5 1.5 1.5 1.6 1.6 1.6 1.6 1.7 1.7 1.7 1.7 1.7 1.7 1.7 1.7 1.7 1.7 1.7 1.7 1.7 1.7 1.75 1.75 1.75 1.75 1.8 1.8 1.8 1.8 1.8 1.8 1.8 1.8 1.8 1.8 1.8 1.9 1.9 1.9 1.9 1.9 1.9 1.9 2 2 2 2 2 2.1 2.1 2.1 2.1 2.1 2.2 2.2 2.2 2.2 2.2 2.2 2.2 2.2 2.2 2.2 2.2 2.2 2.2 2.2 2.2 2.2 2.2 2.3 2.3 2.3 2.3 2.3 2.3 2.3 2.3 2.3 2.3 2.5 2.6 2.6 2.6 2.7 2.7 2.7 2.7 2.7 2.7 2.7 2.7 2.7 2.7 2.7 2.7 2.7 2.8 3 3 3 3 3 3 3 3.1 3.1 3.2 3.2 3.2 3.3 3.3 3.5 3.5 3.6 3.6 3.6 3.6 3.9 4 4 4 4 4 4 4 4 4.1 4.3 4.5 4.5 4.5 4.5 4.6 4.7 4.9 5 5 5 5 5 5 5 5 5 5 5.5 5.5 5.6 5.6 5.8 6 6 6 6 6 6 6 6.1 6.3 6.3 6.4 6.4 6.5 6.5 6.5 6.6 6.6 6.7 6.7 6.7 6.7 6.7 6.7 6.7 6.7 6.7 6.8 6.8 7 7 7.2 7.3 7.5 7.6 7.7 8 8 8 8 8 8 8 8 8 8 8 8 8.1 8.5 8.6 8.7 9 9 9 9.4 9.4 9.7 9.7 9.8 9.8 9.8 9.8 10 10 10 10 10 10 10 10 10 10 10 10 10 10 10 10 10 10 10 10 10 10 10 10 10 10 10.2 10.3 10.3 10.4 10.4 10.4 10.4 10.4 10.4 10.5 10.5 10.5 10.6 10.6 10.6 10.7 10.7 10.7 10.7 10.8 10.9 11 11 11 11.3 11.3 11.5 11.6 11.7 11.7 11.8 11.8 12 12 12 12 12 12 12 12.5 12.6 12.8 12.8 12.8 12.8 12.8 12.8 12.8 12.8 12.9 12.9 12.9 12.9 12.9 12.9 12.9 12.9 12.9 12.9 12.9 12.9 12.9 13 13 13 13 13 13 13 13 13 13 13 13 13 13 13 13.1 13.1 13.1 13.1 13.2 13.2 13.2 13.3 13.5 13.5 13.5 13.5 13.6 13.7 14 14 14 14 14.1 14.1 14.1 14.3 14.3 14.4 14.6 14.6 14.7 14.8 14.9 14.9 15 15 15 15 15 15 15 15 15 15 15 15 15 15 15.4 15.7 15.8 16 16 16.4 16.4 16.5 16.5 16.5 16.5 16.5 16.5 16.6 16.8 16.8 16.8 16.9 17 17 17 17 17 17 17 17 17.3 17.3 17.3 17.4 17.4 17.4 17.4 17.4 17.5 17.5 17.5 17.5 17.5 17.5 17.5 17.6 17.6 17.6 17.7 17.7 18 18 18 18 18 18.9 18.9 18.9 18.9 19 19 19 19 19 19 19 19.2 19.3 19.4 19.5 19.5 19.5 20 20 20 20 20 20 20.2 20.7 20.7 20.8 20.8 20.8 20.8 20.8 20.8 21 21 21 21 21.1 21.1 21.1 21.1 21.2 21.5 22 22 22 22.3 22.5 22.5 23 23 23.1 23.3 23.3 23.3 23.4 23.4 24 24 24 24 24 24 24 24 24 24 24 24 24 24 25 25 25.3 25.5 26 26 26.2 26.2 27.4 27.5 27.5 27.5 27.5 28 28 28 28 28 28 28 28 28 30 30 30 30 30 32 32.3 34 36 36 42 42 56 56 56 275 633 1235 1515 2435 2438 2438 3018 5530,1 1 1 1 1 1 1 1 1 1 1 1 1 1 1 1 1 1.1 1.1 1.2 1.2 1.5 1.5 1.5 1.5 1.5 1.5 1.5 1.5 1.5 1.5 1.5 1.6 1.6 1.6 1.6 1.7 1.7 1.7 1.7 1.7 1.7 1.7 1.7 1.7 1.7 1.7 1.7 1.7 1.7 1.75 1.75 1.75 1.75 1.8 1.8 1.8 1.8 1.8 1.8 1.8 1.8 1.8 1.8 1.8 1.9 1.9 1.9 1.9 1.9 1.9 1.9 2 2 2 2 2 2.1 2.1 2.1 2.1 2.1 2.2 2.2 2.2 2.2 2.2 2.2 2.2 2.2 2.2 2.2 2.2 2.2 2.2 2.2 2.2 2.2 2.2 2.3 2.3 2.3 2.3 2.3 2.3 2.3 2.3 2.3 2.3 2.5 2.6 2.6 2.6 2.7 2.7 2.7 2.7 2.7 2.7 2.7 2.7 2.7 2.7 2.7 2.7 2.7 2.8 3 3 3 3 3 3 3 3.1 3.1 3.2 3.2 3.2 3.3 3.3 3.5 3.5 3.6 3.6 3.6 3.6 3.9 4 4 4 4 4 4 4 4.1 4.3 4.5 4.5 4.5 4.5 4.6 4.7 4.9 5 5 5 5 5 5 5 5 5 5 5.5 5.5 5.6 5.6 5.8 6 6 6 6 6 6 6 6.1 6.3 6.3 6.4 6.4 6.5 6.5 6.5 6.6 6.6 6.7 6.7 6.7 6.7 6.7 6.7 6.7 6.7 6.7 6.8 6.8 7 7 7.2 7.3 7.5 7.6 7.7 8 8 8 8 8 8 8 8 8 8 8 8 8.1 8.5 8.6 8.7 9 9 9 9.4 9.4 9.7 9.7 9.8 9.8 9.8 9.8 10 10 10 10 10 10 10 10 10 10 10 10 10 10 10 10 10 10 10 10 10 10 10 10 10 10 10.2 10.3 10.3 10.4 10.4 10.4 10.4 10.4 10.4 10.5 10.5 10.5 10.6 10.6 10.6 10.7 10.7 10.7 10.7 10.8 10.9 11 11 11 11.3 11.3 11.5 11.6 11.7 11.7 11.8 11.8 12 12 12 12 12 12 12 12.5 12.6 12.8 12.8 12.8 12.8 12.8 12.8 12.8 12.8 12.9 12.9 12.9 12.9 12.9 12.9 12.9 12.9 12.9 12.9 12.9 12.9 12.9 13 13 13 13 13 13 13 13 13 13 13 13 13 13 13 13.1 13.1 13.1 13.1 13.2 13.2 13.2 13.3 13.5 13.5 13.5 13.5 13.6 13.7 14 14 14 14 14.1 14.1 14.1 14.3 14.3 14.4 14.6 14.6 14.7 14.8 14.9 14.9 15 15 15 15 15 15 15 15 15 15 15 15 15 15 15.4 15.7 15.8 16 16 16.4 16.4 16.5 16.5 16.5 16.5 16.5 16.5 16.6 16.8 16.8 16.8 16.9 17 17 17 17 17 17 17 17 17.3 17.3 17.3 17.4 17.4 17.4 17.4 17.4 17.5 17.5 17.5 17.5 17.5 17.5 17.5 17.6 17.6 17.6 17.7 17.7 18 18 18 18 18 18.9 18.9 18.9 18.9 19 19 19 19 19 19 19 19.2 19.3 19.4 19.5 19.5 19.5 20 20 20 20 20 20 20.2 20.7 20.7 20.8 20.8 20.8 20.8 20.8 20.8 21 21 21 21 21.1 21.1 21.1 21.1 21.2 21.5 22 22 22 22.3 22.5 22.5 23 23 23.1 23.3 23.3 23.3 23.4 23.4 24 24 24 24 24 24 24 24 24 24 24 24 24 24 25 25 25.3 25.5 26 26 26.2 26.2 27.4 27.5 27.5 27.5 27.5 28 28 28 28 28 28 28 28 28 30 30 30 30 30 32 32.3 34 36 36 42 42 56 56 56 275 633 1235 1515 2435 2438 2438 3018 5530
khac_so,740270512363,home,颜色,"耳塞盒3.5*3.5*1.7CM, 4.5方盒4.5*4.5*1.9CM, 5.5方盒5.5*5.5*2CM, 6.5方盒6.5*6.5*2CM, 7.5方盒7.5*7.5*2.6CM, 8.3长方盒8.3*6.2*3.2cm, 8.5方盒8.5*8.5*2.5CM, 9.5方盒9.5*9.5*2.8CM, 10.5方盒10.5*10.5*3CM, 11.0方盒11*11*3.3CM, 11.5方盒11.5*11.5*3.6CM, 1.5高7.5方盒7.5*7.5*1.5CM, 1.5高8.5方","Hộp nhét tai 3.5*3.5*1.7cm, 4.5 Hộp vuông 4.5*4.5*1.9cm, Hộp vuông 5.5 5.5*5.5*2cm, Hộp vuông 6.5 6.5*6.5*2cm, Hộp vuông 7.5 7.5*7.5*2.6cm, 8.3 hộp hình chữ nhật 8.3*6.2*3.2cm, 8.5 Hộp vuông 8.5*8.5*2.5CM, 9.5 hộp vuông 9.5*9.5*2.8cm, 10,5 hộp vuông ",1.3 1.4 1.5 1.5 1.5 1.5 1.5 1.5 1.5 1.5 1.5 1.5 1.5 1.5 1.5 1.5 1.5 1.5 1.5 1.5 1.5 1.5 1.5 1.5 1.5 1.5 1.5 1.5 1.5 1.5 1.5 1.5 1.5 1.5 1.6 1.7 1.7 1.7 1.7 1.7 1.8 1.8 1.8 1.8 1.8 1.8 1.8 1.8 1.8 1.8 1.8 1.9 1.9 2 2 2 2 2 2 2 2.1 2.1 2.1 2.2 2.5 2.5 2.5 2.5 2.6 2.6 2.6 2.6 2.8 2.8 3 3 3 3 3 3 3 3 3.2 3.3 3.3 3.5 3.5 3.5 3.5 3.5 3.5 3.5 3.5 3.5 3.6 3.8 3.8 3.8 3.8 3.8 4 4 4 4 4.4 4.5 4.5 4.5 4.5 4.5 4.5 4.5 4.5 4.5 4.5 4.5 4.5 4.5 4.5 4.5 5 5 5 5 5 5.4 5.4 5.4 5.4 5.5 5.5 5.5 5.5 5.5 5.5 5.5 5.5 5.5 5.5 5.5 5.5 5.5 5.7 6 6.1 6.2 6.4 6.4 6.5 6.5 6.5 6.5 6.5 6.5 6.5 6.5 6.5 6.5 6.5 6.5 6.5 6.5 6.5 6.5 6.5 6.5 6.5 7 7 7.5 7.5 7.5 7.5 7.5 7.5 7.5 7.5 7.5 7.5 7.5 7.5 7.5 7.5 7.5 7.5 7.5 7.5 7.5 7.5 7.5 7.5 7.9 8 8 8 8.3 8.3 8.4 8.4 8.4 8.4 8.5 8.5 8.5 8.5 8.5 8.5 8.5 8.5 8.5 8.5 8.5 8.5 8.5 8.5 8.5 8.5 8.8 9 9 9.1 9.2 9.5 9.5 9.5 9.5 9.5 9.5 9.5 9.5 9.5 9.5 9.5 9.5 9.5 9.5 9.5 10 10 10 10 10.2 10.4 10.4 10.4 10.4 10.5 10.5 10.5 10.5 10.5 10.5 10.5 10.5 10.5 10.5 10.5 10.6 10.6 10.8 11 11 11 11 11 11 11.5 11.5 11.5 11.5 11.5 11.5 11.5 11.5 11.5 12 12.5 12.5 12.5 12.5 12.5 12.5 12.5 12.5 12.5 12.5 12.5 12.8 13 13.5 13.5 13.5 13.5 13.5 13.5 13.5 14 14.5 14.5 14.5 14.5 14.5 14.5 14.5 14.5 14.5 14.8 15 15.5 15.5 15.5 15.5 15.5 15.5 15.5 15.5 15.5 16 16.2 16.5 17 17.5 17.5 18 18 18 18.5 18.5 20 20 20 22.5 22.5 26.5 26.5 31.5 32.3 65 70 75 80 85 90 165 175 568 1555 1555 1565 1565 1575 1585 1595 3055 3065 3565 3575 3585 3595 4575 4585 4595 5575 5585 5595 10519 10519 11522 12525 16539 17539 40105 45105 55105,1 1.3 1.4 1.5 1.5 1.5 1.5 1.5 1.5 1.5 1.5 1.5 1.5 1.5 1.5 1.5 1.5 1.5 1.5 1.5 1.5 1.5 1.5 1.5 1.5 1.5 1.5 1.5 1.5 1.5 1.5 1.5 1.5 1.5 1.6 1.7 1.7 1.7 1.7 1.7 1.8 1.8 1.8 1.8 1.8 1.8 1.8 1.8 1.8 1.8 1.8 1.9 1.9 2 2 2 2 2 2 2 2.1 2.1 2.1 2.2 2.5 2.5 2.5 2.5 2.6 2.6 2.6 2.6 2.8 2.8 3 3 3 3 3 3 3 3 3.2 3.3 3.3 3.5 3.5 3.5 3.5 3.5 3.5 3.5 3.5 3.5 3.6 3.8 3.8 3.8 3.8 3.8 4 4 4 4 4.4 4.5 4.5 4.5 4.5 4.5 4.5 4.5 4.5 4.5 4.5 4.5 4.5 4.5 4.5 4.5 5 5 5 5 5 5 5.4 5.4 5.4 5.4 5.5 5.5 5.5 5.5 5.5 5.5 5.5 5.5 5.5 5.5 5.5 5.5 5.5 5.7 6 6.1 6.2 6.4 6.4 6.5 6.5 6.5 6.5 6.5 6.5 6.5 6.5 6.5 6.5 6.5 6.5 6.5 6.5 6.5 6.5 6.5 6.5 6.5 7 7 7.5 7.5 7.5 7.5 7.5 7.5 7.5 7.5 7.5 7.5 7.5 7.5 7.5 7.5 7.5 7.5 7.5 7.5 7.5 7.5 7.5 7.5 7.9 8 8 8 8.3 8.3 8.4 8.4 8.4 8.4 8.5 8.5 8.5 8.5 8.5 8.5 8.5 8.5 8.5 8.5 8.5 8.5 8.5 8.5 8.5 8.5 8.8 9 9 9.1 9.2 9.5 9.5 9.5 9.5 9.5 9.5 9.5 9.5 9.5 9.5 9.5 9.5 9.5 9.5 9.5 10 10 10 10 10.2 10.4 10.4 10.4 10.4 10.5 10.5 10.5 10.5 10.5 10.5 10.5 10.5 10.5 10.5 10.5 10.6 10.6 10.8 11 11 11 11 11 11 11.5 11.5 11.5 11.5 11.5 11.5 11.5 11.5 11.5 12 12.5 12.5 12.5 12.5 12.5 12.5 12.5 12.5 12.5 12.5 12.5 12.8 13 13.5 13.5 13.5 13.5 13.5 13.5 13.5 14 14.5 14.5 14.5 14.5 14.5 14.5 14.5 14.5 14.5 14.8 15 15.5 15.5 15.5 15.5 15.5 15.5 15.5 15.5 15.5 16 16.2 16.5 17 17.5 17.5 18 18 18 18.5 18.5 20 20 20 22.5 22.5 26.5 26.5 31.5 32.3 65 70 75 80 85 90 165 175 568 1555 1555 1565 1565 1575 1585 1595 3055 3065 3565 3575 3585 3595 4575 4585 4595 5575 5585 5595 10519 10519 11522 12525 16539 17539 40105 45105 55105
khac_so,918686099399,home,型号,"2521,2522","2521,2522",2521 2522,2521.25
khac_so,918686099399,home,货号,"2251,2252","2251,2252",2251 2252,2251.23
khac_so,663799144518,home,规格,"28*21*9,28*21*14,34.5*26*9,34.5*26*20","28*21*9,28*21*14,34.5*26*9,34.5*26*20",9 9 14 20 21 21 26 26 28 28 34.5 34.5,5 5 9.28 9.34 14.34 20 21 21 26 26 28
khac_so,670190693749,home,容量,0.919,0.919,0.919,919
khac_so,1069420444724,home,箱装数量,"18,20,24,20，42","18,20,24,20，42",18 20 20 24 42,18.2 24.2 42
vi_thua_so,1009046653915,home,尺寸,"耳塞盒, 3.5*3.5*1.7, 5.5*5.5*2(高透款）, 5.5*5.5*2（蓝光款）, 4.5*4.5*2, 5.5*5.5*2（2000/箱扣盖款）, 5.5*5.5*3, 6.5*6.5*3cm, 6.5*6.5*3.5cm, 5.5*5.5*2(7.7克高品质）, 6.5*6.5*2CM, 小高盒3.5*2.2*7CM","Hộp đựng nút tai, 3.5*3.5*1.7, 5.5*5.5*2 (loại trong suốt cao), 5.5*5.5*2 (phiên bản ánh sáng xanh), 4.5*4.5*2, 5,5*5,5*2 (2000 cái/hộp, có nắp cài), 5.5*5.5*3, 6,5*6,5*3CM (6,5*6,5*3CM), 6,5 x 6,5 x 3,5 cm (tương đương khoảng 2,56 x 2,56 x 1,38 inch",1.7 2 2 2 2 2 2 2.2 3 3 3.5 3.5 3.5 3.5 4.5 4.5 5.5 5.5 5.5 5.5 5.5 5.5 5.5 5.5 5.5 5.5 6.5 6.5 6.5 6.5 6.5 6.5 7 7.7 2000,1.38 1.7 2 2 2 2 2 2 2.2 2.56 2.56 3 3 3 3.5 3.5 3.5 3.5 4.5 4.5 5.5 5.5 5.5 5.5 5.5 5.5 5.5 5.5 5.5 5.5 6.5 6.5 6.5 6.5 6.5 6.5 6.5 6.5 7 7.7 2000
khac_so,901146223237,home,颜色,"2高-2特高-1长-方形把手叠加盒-套装A, 2高-1长-方形把手叠加盒-套装B, 2矮-1高-1长-方形把手叠加盒-套装D, 2高-2特高-方形把手叠加盒-套装K, 2特高-1长-方形把手叠加盒-套装E, 2矮-1高-2特高-1长-方形把手叠加盒-套装G, 2特高-2长-方形把手叠加盒-套装F, {其它套装可联系客服定制}, （裸装）高款-方形把手-叠加抽屉, 裸装-特高款-方形把手-叠加抽屉-19.8CM, 裸装-加长款-方形把手-叠加抽屉-8.5CM, 高款-2个装-方形把手-叠加抽屉, ","Bộ hộp xếp chồng tay cầm vuông dài 2 cao-2 cực cao-1 A, 2 Cao - 1 Dài - Hộp xếp chồng có tay cầm hình chữ nhật - Bộ B, 2 ngắn-1 cao-1 dài-tay cầm vuông xếp chồng bộ D, 2 Cao - 2 Cao Cấp - Hộp xếp chồng có tay cầm vuông - Bộ K, Bộ 2 hộp xếp chồng hình",1 1 1 1 1 1 1 2 2 2 2 2 2 2 2 2 2 2 2 2 4 4 6 6 8 8.5 10 19.8,1 1 1 1 1 1 2 2 2 2 2 2 2 2 2 2 2 2 2 2 4 4 6 6 8 8.5 10 19.8
vi_thua_so,1044308091806,home,颜色,"40*40*47mm, 4.0套盒【20小盒+1外盒】","40*40*47MM (40*40*47MM), Bộ 4.0 [20 hộp nhỏ + 1 hộp lớn]",1 4 20 40 40 47,1 4 20 40 40 40 40 47 47
vi_thua_so,1062049903113,home,材质,纯棉,100% cotton1,,1 100
vi_thua_so,1062049903113,home,被面材质,纯棉,100% cotton2,,2 100
vi_thua_so,1062049903113,home,床单面料材质,纯棉,100% cotton3,,3 100
vi_thua_so,1062049903113,home,枕套材质,纯棉,100% cotton4,,4 100
vi_thua_so,1034049187420,home,被面材质,纯棉,100% cotton2,,2 100
vi_thua_so,1034049187420,home,床单面料材质,纯棉,100% cotton3,,3 100
vi_thua_so,1034049187420,home,枕套材质,纯棉,100% cotton1,,1 100
vi_thua_so,1068210059926,home,材质,纯棉,100% cotton1,,1 100
vi_thua_so,1068210059926,home,被面材质,纯棉,100% cotton2,,2 100
vi_thua_so,1068210059926,home,床单面料材质,纯棉,100% cotton3,,3 100
vi_thua_so,1068210059926,home,枕套材质,纯棉,100% cotton4,,4 100
vi_thua_so,1057908087640,home,材质,纯棉,100% cotton1,,1 100
vi_thua_so,1057908087640,home,被面材质,纯棉,100% cotton4,,4 100
vi_thua_so,1057908087640,home,床单面料材质,纯棉,100% cotton2,,2 100
vi_thua_so,1057908087640,home,枕套材质,纯棉,100% cotton3,,3 100
vi_thua_so,1019161512415,home,材质,纯棉,100% cotton4,,4 100
vi_thua_so,1019161512415,home,被面材质,纯棉,100% cotton2,,2 100
vi_thua_so,1019161512415,home,床单面料材质,纯棉,100% cotton3,,3 100
vi_thua_so,1019161512415,home,枕套材质,纯棉,100% cotton1,,1 100
vi_thua_so,1078241183975,home,材质,纯棉,100% cotton3,,3 100
vi_thua_so,1078241183975,home,被面材质,纯棉,100% cotton4,,4 100
vi_thua_so,1078241183975,home,床单面料材质,纯棉,100% cotton1,,1 100
vi_thua_so,1078241183975,home,枕套材质,纯棉,100% cotton2,,2 100
vi_thua_so,1060390364662,home,材质,纯棉,100% cotton4,,4 100
vi_thua_so,1060390364662,home,被面材质,纯棉,100% cotton1,,1 100
vi_thua_so,1060390364662,home,床单面料材质,纯棉,100% cotton2,,2 100
vi_thua_so,1060390364662,home,枕套材质,纯棉,100% cotton3,,3 100
khac_so,920913778400,home,尺寸规格,"0.9床3件套是（枕套，床单，被罩, 0.9床五件套（3斤的被子加枕芯）, 0.9床五件套（6斤的被子加枕芯）, 0.9床六件套（床垫+夏被+枕芯）, 0.9床六件套（3斤被子+床垫+枕芯）, 0.9床六件套（4斤被子+床垫+枕芯）, 0.9床六件套（6斤被子+床垫+枕芯）, 1.2床六件套（夏被+床垫+枕芯）, 1.2床六件套（4斤被+床垫+枕芯）, 1.2床六件套（6斤被+床垫+枕芯）, 1.8的床八件套（夏被+床垫+枕芯）, 1.8的床八件套（4斤被+床垫+枕芯）, 1.8的床八件套（6斤","Bộ 3 món giường 0,9m bao gồm (Vỏ gối, Ga trải giường phẳng, Vỏ chăn), Bộ 5 chiếc giường 0.9 (chăn 3 kg và lõi gối), Bộ 5 chiếc giường 0.9 (chăn 6 kg và lõi gối), 0.9 giường sáu mảnh (nệm chăn mùa hè lõi gối), 0.9 giường sáu mảnh (lõi gối nệm 3 kg), 0",0.9 0.9 0.9 0.9 0.9 0.9 0.9 0.9 1.2 1.2 1.2 1.5 1.5 1.5 1.8 1.8 1.8 1.8 1.8 3 3 3 4 4 4 4 4 6 6 6 6 6 8 8 10,0.9 0.9 0.9 0.9 0.9 0.9 0.9 0.9 1 1.2 1.2 1.2 1.5 1.5 1.5 1.8 1.8 1.8 1.8 1.8 3 3 3 3 4 4 4 4 5 5 5 6 6 6 6 6 6 6 8 8 8 8 8 8 10
khac_so,977879129168,home,尺寸规格,"1.2m床单三件套被套150x200, 1.5m床单四件套被套150x200, 1.8m床单四件套被套180x220, 2.0m床单四件套被套200x230, 1.5m床笠四件套被套150x200, 1.5m床笠四件套被套180x220, 1.5m床笠四件套被套200x230, 1.8m床笠四件套被套180x220, 1.8m床笠四件套被套200x230, 150*200单被套, 180*220单被套, 200*230单被套, 枕套一只48*74cm, 枕套一对48*74cm","Bộ ga giường 1.2m gồm ba món, vỏ chăn 150x200, Ga trải giường 1,5m Vỏ chăn bốn mảnh 150x2001, Ga trải giường 1,8m Vỏ chăn bốn mảnh 180x2201, Ga trải giường 2.0m vỏ chăn bốn mảnh 200x230, Ga trải giường 1,5m vỏ chăn bốn mảnh 150x2002, Ga trải giường 1",1.2 1.5 1.5 1.5 1.5 1.8 1.8 1.8 2 48 48 74 74 150 150 150 150 180 180 180 180 200 200 200 200 200 200 200 200 220 220 220 220 230 230 230 230,1.2 1.5 1.5 1.5 1.5 1.8 1.8 1.8 2 48 48 74 74 150 150 150 150 180 180 180 180 200 200 200 200 200 200 200 220 220 220 230 230 230 230 2001 2201
vi_thua_so,1044160024935,home,材质,纯棉,100% cotton3,,3 100
vi_thua_so,1044160024935,home,被面材质,纯棉,100% cotton1,,1 100
vi_thua_so,1044160024935,home,床单面料材质,纯棉,100% cotton2,,2 100
vi_thua_so,1044160024935,home,枕套材质,纯棉,100% cotton4,,4 100
vi_thua_so,1067336393119,home,材质,纯棉,100% cotton4,,4 100
vi_thua_so,1067336393119,home,被面材质,纯棉,100% cotton3,,3 100
vi_thua_so,1067336393119,home,床单面料材质,纯棉,100% cotton1,,1 100
vi_thua_so,1067336393119,home,枕套材质,纯棉,100% cotton2,,2 100
vi_thua_so,1076482784631,home,材质,纯棉,100% cotton1,,1 100
vi_thua_so,1076482784631,home,被面材质,纯棉,100% cotton3,,3 100
vi_thua_so,1076482784631,home,床单面料材质,纯棉,100% cotton2,,2 100
vi_thua_so,1076482784631,home,枕套材质,纯棉,100% cotton4,,4 100
vi_thua_so,1025068686335,home,材质,纯棉,100% cotton2,,2 100
vi_thua_so,1025068686335,home,被面材质,纯棉,100% cotton4,,4 100
vi_thua_so,1025068686335,home,床单面料材质,纯棉,100% cotton1,,1 100
vi_thua_so,1025068686335,home,枕套材质,纯棉,100% cotton3,,3 100
khac_so,992159453391,home,花型,"深灰+深灰, 深灰+银灰, 淡奶粉+果绿色, 奶昔白+粉, 深蓝+浅蓝, 白+深灰, 深紫+浅紫, 黑+墨绿, 黄+卡其, 粉小格, 卡其格, 蓝格时代, 摩登格调, 渐变蓝, 蓝中格, 绿小格, 仙草2, 深紫+浅紫2, 果绿+绿, 蓝小格, 经典格, 可爱狗, 熊熊派, 格调, 星星, 咖小格","星星, 咖小格, Xám đậm + xám đậm, Xám đậm + xám bạc, Sữa bột bay hơi + trái cây xanh, Sữa lắc trắng + bột, xanh đậm + xanh nhạt, trắng + xám đậm, Tím đậm + tím nhạt, đen + xanh đậm, Vàng + kaki, lưới màu hồng, Kaki, Kỷ nguyên lưới màu xanh, Phong cách hiện",2 2,1
khac_so,992159453391,home,尺寸规格,"1.2米三件套(被套150×200), 1.5米四件套(被套150 ×200), 1.8米四件套(被套180×220), 2米四件套(被套200×230)","Bộ 1.5m món (vỏ chăn 150×200), Bộ 1.9m món (vỏ chăn 150×200), Bộ 2.2m món (vỏ chăn 180×220), Bộ 2.4m món (vỏ chăn 200×230)",1.2 1.5 1.8 2 150 150 180 200 200 200 220 230,1.5 1.9 2.2 2.4 150 150 180 200 200 200 220 230
vi_thua_so,1077883231698,home,材质,纯棉,100% cotton4,,4 100
vi_thua_so,1077883231698,home,被面材质,纯棉,100% cotton2,,2 100
vi_thua_so,1077883231698,home,床单面料材质,纯棉,100% cotton1,,1 100
vi_thua_so,1077883231698,home,枕套材质,全棉,100% cotton3,,3 100
vi_thua_so,1017580152978,home,材质,纯棉,100% cotton3,,3 100
vi_thua_so,1017580152978,home,被面材质,纯棉,100% cotton1,,1 100
vi_thua_so,1017580152978,home,床单面料材质,纯棉,100% cotton4,,4 100
vi_thua_so,1017580152978,home,枕套材质,纯棉,100% cotton2,,2 100
vi_thua_so,886058980506,home,材质,纯棉,100% cotton1,,1 100
vi_thua_so,886058980506,home,被面材质,纯棉,100% cotton2,,2 100
vi_thua_so,886058980506,home,床单面料材质,纯棉,100% cotton3,,3 100
vi_thua_so,886058980506,home,枕套材质,纯棉,100% cotton4,,4 100
vi_thua_so,1041421896486,home,货号,纯棉-四件套-J,Bộ 4 món - 100% cotton - J,,4 100
vi_thua_so,1041421896486,home,被面材质,纯棉,100% cotton1,,1 100
vi_thua_so,1041421896486,home,床单面料材质,纯棉,100% cotton2,,2 100
vi_thua_so,1041421896486,home,枕套材质,纯棉,100% cotton3,,3 100
vi_thua_so,1077704503242,home,材质,纯棉,100% cotton2,,2 100
vi_thua_so,1077704503242,home,被面材质,纯棉,100% cotton3,,3 100
vi_thua_so,1077704503242,home,床单面料材质,纯棉,100% cotton4,,4 100
vi_thua_so,1077704503242,home,枕套材质,纯棉,100% cotton1,,1 100
vi_thua_so,1061965567647,home,材质,纯棉,100% cotton1,,1 100
vi_thua_so,1061965567647,home,被面材质,纯棉,100% cotton2,,2 100
vi_thua_so,1061965567647,home,床单面料材质,纯棉,100% cotton3,,3 100
vi_thua_so,1061965567647,home,枕套材质,纯棉,100% cotton4,,4 100
khac_so,935074556831,home,尺寸规格,"1.2床单三件套【被套150x200床单160x230】, 1.2床单四件套【被套150x200床单160x230】, 1.5-1.8床单四件套【被套200x230床单230x240】, 2.0床单四件套【被套220x240床单230x240】, 1.5床笠四件套【被套200x230床笠150x200】, 1.8床笠四件套【被套200x230床笠180x200】","1.2 Bộ ba tấm [vỏ chăn 150x200 tấm 160x230], 1.2 Bộ khăn trải giường bốn mảnh [vỏ chăn 150x200 tấm 160x230], Bộ khăn trải giường 4 mảnh 1, 5-1, 8 [vỏ chăn 200x230 tấm 230x240], Bộ 4 tấm 2.0 [vỏ chăn 220x240 tấm 230x240], Bộ khăn trải giường 1.5 bốn m",1.2 1.2 1.5 1.5 1.8 1.8 2 150 150 150 160 160 180 200 200 200 200 200 200 200 220 230 230 230 230 230 230 230 240 240 240,1 1 1.2 1.2 1.5 1.8 2 4 4 5 8 150 150 150 160 160 180 200 200 200 200 200 200 200 220 230 230 230 230 230 230 230 240 240 240
vi_thua_so,1074460944669,home,尺寸规格,"0.9m床单三件套-【被套150X200】, 1.2m床单四件套-【被套150X200】, 1.5m床单四件套-【被套150x200】, 1.5m床单四件套-【被套180X220】, 1.8m床单四件套-【被套180X220】, 1.5m床单四件套-【被套200X230】, 1.8m床单四件套-【被套200X230】, 2.0m床单四件套-【被套220x240】, 1.2m床笠三件套-【被套150X200】, 1.2m床笠四件套-【被套150X200】, 1.5m床笠四件套-【被套180X220","Bộ ga trải giường 3 món 0.9m - [Vỏ chăn 150X200], Bộ ga trải giường 4 món 1.2m - [Vỏ chăn 150x200], Bộ ga trải giường 4 món 1.5m - [Vỏ chăn 150x200], Bộ ga giường 1,5m (gồm bốn món) - [vỏ chăn 180x220], Bộ ga trải giường 4 món 1.8m - [Vỏ chăn 180x220",0.9 1.2 1.2 1.2 1.5 1.5 1.5 1.5 1.5 1.8 1.8 1.8 1.8 1.8 2 150 150 150 150 150 150 180 180 180 180 180 200 200 200 200 200 200 200 200 200 200 200 220 220 220 220 220 220 220 220 230 230 230 230 230 240 240 240,0.9 1 1.2 1.2 1.2 1.5 1.5 1.5 1.5 1.5 1.8 1.8 1.8 1.8 1.8 2 2 3 4 4 4 4 4 4 4 4 4 4 150 150 150 150 150 150 180 180 180 180 180 200 200 200 200 200 200 200 200 200 200 200 220 220 220 220 220 220 220 220 230 230 230 230 230 240 240 240
vi_thua_so,1068539404839,home,材质,纯棉,100% cotton1,,1 100
vi_thua_so,1068539404839,home,被面材质,纯棉,100% cotton4,,4 100
vi_thua_so,1068539404839,home,床单面料材质,纯棉,100% cotton2,,2 100
vi_thua_so,1068539404839,home,枕套材质,纯棉,100% cotton3,,3 100
vi_thua_so,1015163631470,home,货号,全棉提花面料亲肤柔软kbl,"Vải jacquard 100% cotton, mềm mại thân thiện với da kbl",,100
vi_thua_so,1015163631470,home,被面材质,纯棉,100% cotton2,,2 100
vi_thua_so,1015163631470,home,床单面料材质,纯棉,100% cotton3,,3 100
vi_thua_so,1015163631470,home,枕套材质,纯棉,100% cotton1,,1 100
vi_thua_so,1076884165474,home,材质,纯棉,100% cotton2,,2 100
vi_thua_so,1076884165474,home,被面材质,纯棉,100% cotton1,,1 100
vi_thua_so,1076884165474,home,床单面料材质,纯棉,100% cotton3,,3 100
vi_thua_so,1076884165474,home,枕套材质,纯棉,100% cotton4,,4 100
vi_thua_so,1030715585046,home,花型,"半夏-其【精梳全棉亲肤裸睡】, 半夏-兰【精梳全棉亲肤裸睡】, 白日梦想家-黑【精梳全棉水洗工艺亲肤裸睡】, 半夏米灰【精梳全棉水洗工艺亲肤裸睡】, 半夏粉色【精梳全棉水洗工艺亲肤裸睡】, 半夏果绿【精梳全棉水洗工艺亲肤裸睡】, 半夏布鲁兰【精梳全棉水洗工艺亲肤裸睡】, 半夏浅兰【精梳全棉水洗工艺亲肤裸睡】, 半夏深灰【精梳全棉水洗工艺亲肤裸睡】, 半夏奶茶【精梳全棉水洗工艺亲肤裸睡】, 山林【精梳全棉亲肤裸睡】, 格律-兰【精梳全棉亲肤裸睡】, 巴菲条【精梳全棉亲肤裸睡】, 米优-粉【精梳全棉","Bán Hạ - [Chất liệu cotton chải kỹ, thân thiện với da, thoải mái khi ngủ], Bán Hạ - Lan [100% cotton chải kỹ, thân thiện với da, thoải mái khi ngủ], Người mơ mộng ban ngày - Đen [Cotton chải kỹ, công nghệ giặt nước, thân thiện với da, thoải mái ngủ t",,100 100 100 100 100 100 100 100
vi_thua_so,1030715585046,home,枕套材质,全棉,100% cotton,,100
vi_thua_so,1080099853527,home,材质,纯棉,100% cotton2,,2 100
vi_thua_so,1080099853527,home,被面材质,纯棉,100% cotton3,,3 100
vi_thua_so,1080099853527,home,床单面料材质,纯棉,100% cotton1,,1 100
vi_thua_so,1080099853527,home,枕套材质,全棉,100% cotton4,,4 100
vi_thua_so,1054313420408,home,材质,纯棉,100% cotton1,,1 100
vi_thua_so,1054313420408,home,被面材质,纯棉,100% cotton4,,4 100
vi_thua_so,1054313420408,home,床单面料材质,纯棉,100% cotton2,,2 100
vi_thua_so,1054313420408,home,枕套材质,纯棉,100% cotton3,,3 100
vi_thua_so,828178215934,home,材质,纯棉,100% cotton1,,1 100
vi_thua_so,828178215934,home,被面材质,纯棉,100% cotton2,,2 100
vi_thua_so,828178215934,home,床单面料材质,纯棉,100% cotton3,,3 100
vi_thua_so,828178215934,home,枕套材质,纯棉,100% cotton4,,4 100
khac_so,1027753257459,home,尺寸规格,"1.2m床单款三件套(被套150*200）, 1.5m床单款四件套（被套200*230）, 1.8m床单款四件套（被套200*230）, 1.5m床裙款四件套（被套200*230）, 1.8m床裙款四件套（被套200*230）, 1.5m床笠款四件套（被套200*230）, 1.8m床笠款四件套（被套200*230）","Bộ chăn ga gối 3 món (ga trải giường 150*200), Bộ chăn ga gối 4 món (ga trải giường 1.5m, vỏ chăn 200*230), Bộ chăn ga gối 4 món cho giường 1.8m (vỏ chăn 200*230), Bộ chăn ga gối 4 món kiểu váy giường 1.5m (vỏ chăn 200*230), Bộ chăn ga gối 4 món kiểu",1.2 1.5 1.5 1.5 1.8 1.8 1.8 150 200 200 200 200 200 200 200 230 230 230 230 230 230,1.5 1.5 1.5 1.8 1.8 1.8 3 4 4 4 4 4 4 150 200 200 200 200 200 200 200 230 230 230 230 230 230
vi_thua_so,1029074157104,home,被面材质,纯棉,100% cotton3,,3 100
vi_thua_so,1029074157104,home,床单面料材质,纯棉,100% cotton2,,2 100
vi_thua_so,1029074157104,home,枕套材质,全棉,100% cotton1,,1 100
vi_thua_so,1008552380818,home,货号,全棉四件套,Bộ chăn ga gối 4 món 100% cotton,,4 100
vi_thieu_so,992655699253,home,花型,"宾利蓝+奶茶【100%全棉 细腻亲肤】, 果绿+奶茶【100%全棉 细腻亲肤】, 奶昔白+海清【100%全棉 细腻亲肤】, 奶昔白+果绿【100%全棉 细腻亲肤】, 奶昔白+奶茶【100%全棉 细腻亲肤】, 山灰+中灰【100%全棉 细腻亲肤】, 天空蓝+海青【100%全棉 细腻亲肤】, 中灰+奶茶【100%全棉 细腻亲肤】, 宾利蓝+山灰【A类母婴级别 100%新疆全棉面料, 宾利蓝+天空蓝【A类母婴级别 100%新疆全棉面料, 薄荷绿+高级灰【A类母婴级别 100%新疆全棉面料, 高级灰+奶","Bentley Blue + Trà sữa [100% cotton, tinh tế và thân thiện với làn da], Trái cây xanh + trà sữa [100% cotton, tinh tế và thân thiện với làn da], Milkshake White + Haiqing [100% cotton, tinh tế và thân thiện với làn da], Sữa lắc trắng + trái cây xanh ",100 100 100 100 100 100 100 100 100 100 100 100 100 100 100 100 100 100,100 100 100 100 100 100 100 100 100 100 100 100 100 100
vi_thua_so,1074520877631,home,材质,纯棉,100% cotton1,,1 100
vi_thua_so,1074520877631,home,被面材质,纯棉,100% cotton2,,2 100
vi_thua_so,1074520877631,home,床单面料材质,纯棉,100% cotton4,,4 100
vi_thua_so,1074520877631,home,枕套材质,纯棉,100% cotton3,,3 100
vi_thua_so,898205144352,home,尺寸规格,"1.2米床单款四件套：被套150x200cm, 1.5米床单款四件套：被套200x230cm, 1.8米床单款四件套：被套200x230cm, 2.0米床单款四件套：被套220x240cm, 1.2米床笠款四件套：被套150x200cm, 1.5米床笠款四件套：被套200x230cm, 1.8米床笠款四件套：被套200x230cm, 1.8米床笠款四件套：大被套220x240cm","1.2m Bộ ga trải giường 4 món: vỏ chăn 150x200cm1, 1.5m Bộ ga trải giường 4 món: vỏ chăn 200x230cm1, 1.8m Bộ ga trải giường 4 món: vỏ chăn 200x230cm1, 2.0m Bộ ga trải giường 4 món: vỏ chăn 220x240cm, 1.2m Bộ ga trải giường 4 món: vỏ chăn 150x200cm2, 1",1.2 1.2 1.5 1.5 1.8 1.8 1.8 2 150 150 200 200 200 200 200 200 220 220 230 230 230 230 240 240,1 1 1 1.2 1.2 1.5 1.5 1.8 1.8 1.8 2 2 2 2 4 4 4 4 4 4 4 4 150 150 200 200 200 200 200 200 220 220 230 230 230 230 240 240
khac_so,1013811524862,home,尺寸规格,"150x200cm单被套, 180x220cm单被套, 200x230cm单被套, 【床单款】0.9至1.2米三件套-被套150x200, 【床单款】1.5米四件套-被套180x220, 【床单款】1.8至2.0米四件套-被套200x230, 【床单款】2.0至2.2米四件套-被套220x240, 【床笠款】0.9三件套-被套150x200床笠90*200, 【床笠款】1.2三件套-被套150x200床笠120*200, 【床笠款】1.5四件套-被套180x220床笠150*200, 【床笠款】","Vỏ chăn đơn 150x200cm, Vỏ chăn đơn, kích thước 180x220cm., Vỏ chăn đơn, kích thước 200x230cm., 【Bộ ga trải giường】0.9 đến 1.5m bộ - vỏ chăn 150x200, 【Bộ ga trải giường】 1.9m bộ - vỏ chăn 180x220, 【Bộ ga trải giường】1.8 đến 2.4m bộ - vỏ chăn 200x230, ",0.9 0.9 1.2 1.2 1.5 1.5 1.5 1.8 1.8 1.8 2 2 2 2.2 90 120 150 150 150 150 150 150 180 180 180 180 180 200 200 200 200 200 200 200 200 200 200 200 200 200 200 200 220 220 220 220 220 220 220 230 230 230 230 240 240 240,0.9 0.9 1.2 1.5 1.5 1.5 1.8 1.8 1.8 1.9 2 2 2.4 2.6 3 3 4 4 4 4 4 90 120 150 150 150 150 150 150 180 180 180 180 180 200 200 200 200 200 200 200 200 200 200 200 200 200 200 200 220 220 220 220 220 220 220 230 230 230 230 240 240 240
vi_thua_so,1062563894597,home,材质,纯棉,100% cotton1,,1 100
vi_thua_so,1062563894597,home,被面材质,纯棉,100% cotton3,,3 100
vi_thua_so,1062563894597,home,床单面料材质,纯棉,100% cotton4,,4 100
vi_thua_so,1062563894597,home,枕套材质,纯棉,100% cotton2,,2 100
khac_so,1077709866594,home,尺寸规格,"单被套150X200cm, 单被套180X220cm, 单被套200X230cm, 【被套+枕套】150X200cm, 【被套+枕套】180X220cm, 【被套+枕套】200X230cm, 1.2米三件套, 1.5米四件套, 1.8米四件套, 2米四件套, 小孩被套1.1米X1.5米","Vỏ chăn đơn 150x200cm, Vỏ chăn đơn 180x220cm, Vỏ chăn đơn 200x230cm, 【Vỏ chăn + vỏ gối】150x200cm, 【Vỏ chăn + vỏ gối】180x220cm, 【Vỏ chăn + vỏ gối】200X230CM, 1.5m bộ, Bộ 1.9m món, 2.2m bộ, 2.4m bộ sản phẩm, Bộ chăn ga trẻ em 1.1m X 1.5m",1.1 1.2 1.5 1.5 1.8 2 150 150 180 180 200 200 200 200 220 220 230 230,1.1 1.5 1.5 1.9 2.2 2.4 150 150 180 180 200 200 200 200 220 220 230 230
vi_thua_so,1011785616113,home,材质,纯棉,100% cotton2,,2 100
vi_thua_so,1011785616113,home,被面材质,纯棉,100% cotton3,,3 100
vi_thua_so,1011785616113,home,床单面料材质,纯棉,100% cotton4,,4 100
vi_thua_so,1011785616113,home,枕套材质,纯棉,100% cotton1,,1 100
khac_so,1059442341551,home,尺寸规格,"宿舍床三件套【被套150x200cm】【不起球-不褪色-不缩水】, 1.2床三件套【被套150x200cm】【不起球-不褪色-不缩水】, 1.5床四件套【被套150x200cm】【不起球-不褪色-不缩水】, 1.8床四件套【被套180x220cm】【不起球-不褪色-不缩水】, 2.0床四件套【被套200x230cm】【不起球-不褪色-不缩水】, 床笠款-1.5床四件套【被套180x220cm】【不起球-不褪色-不缩水】, 床笠款-1.5床四件套【被套200x230cm】【不起球-不褪色-不缩水】","Bộ 3 món chăn ga gối ký túc xá [Vỏ chăn 150x200cm] [Không xù lông - Không phai màu - Không co rút], 1.2 Bộ chăn ga gối (3 món) [Vỏ chăn 150x200cm] [Chống bám bẩn, bền màu và chống co rút], Bộ chăn ga gối 1,5 người [vỏ chăn 150x200cm] [chống xù lông, ",1.2 1.5 1.5 1.5 1.8 1.8 1.8 2 150 150 150 180 180 180 200 200 200 200 200 200 220 220 220 230 230 230,1 1 1.2 1.5 1.8 1.8 1.8 2 3 3 4 4 4 4 4 4 5 5 150 150 150 180 180 180 200 200 200 200 200 200 220 220 220 230 230 230
vi_thua_so,1073445302444,home,材质,纯棉,100% cotton2,,2 100
vi_thua_so,1073445302444,home,花型,"春色满园【纯棉-可裸睡】, 阿芙朵【纯棉-可裸睡】, 埃德加【纯棉-可裸睡】, 爱莲娜【纯棉-可裸睡】, 贝加尔【纯棉-可裸睡】, 多伦多【纯棉-可裸睡】, 芬妮【纯棉-可裸睡】, 枫叶絮【纯棉-可裸睡】, 格莱美【纯棉-可裸睡】, 格利亚【纯棉-可裸睡】, 花恋【纯棉-可裸睡】, 花香四溢【纯棉-可裸睡】, 花颜朵朵【纯棉-可裸睡】, 加州风情【纯棉-可裸睡】, 杰森【纯棉-可裸睡】, 卢卡斯【纯棉-可裸睡】, 洛伊【纯棉-可裸睡】, 梦菲【纯棉-可裸睡】, 梦若菲【纯棉-可裸睡】, 莫尔【纯","Mùa xuân nở rộ khắp vườn [100% cotton - có thể mặc ngủ], Aphrodite [100% cotton - có thể mặc ngủ], Edgar [100% cotton - có thể mặc ngủ], Elena [100% cotton - có thể mặc ngủ], Bạch Ngọc [100% cotton - có thể mặc ngủ], Toronto [100% cotton - có thể mặc",,100 100 100 100 100 100 100 100 100 100 100 100 100 100 100 100 100 100 100 100 100 100 100 100 100 100 100 100 100 100 100
vi_thua_so,1073445302444,home,被面材质,纯棉,100% cotton3,,3 100
vi_thua_so,1073445302444,home,床单面料材质,纯棉,100% cotton1,,1 100
vi_thieu_so,737703132004,home,花型,"玉颜粉+典雅灰【甄选A类新疆长绒棉 裸睡0负担】, 玉颜粉+香芋紫【甄选A类新疆长绒棉 裸睡0负担】, 玉颜粉【甄选A类新疆长绒棉 裸睡0负担】, 香芋紫【甄选A类新疆长绒棉 裸睡0负担】, 香芋紫+奶昔白【甄选A类新疆长绒棉 裸睡0负担】, 奶昔白+南瓜桔【甄选A类新疆长绒棉 裸睡0负担】, 典雅灰【甄选A类新疆长绒棉 裸睡0负担】, 雾霾蓝【甄选A类新疆长绒棉 裸睡0负担】, 奶昔白【甄选A类新疆长绒棉 裸睡0负担】, 典雅灰+粉末白【甄选A类新疆长绒棉 裸睡0负担】, 帝王灰【甄选A类新疆","Hồng Ngọc Bích + Xám Thanh Lịch [Tuyển Chọn Bông Xinjiang Lông Dài Loại A, Ngủ Trần Thoải Mái Không Gây Khó Chịu], Hồng Ngọc Bích + Tím Taro [Tuyển chọn loại bông Xinjiang sợi dài Class A, thoải mái tuyệt đối khi ngủ trần trụi], Bột Ngọc Bích Làm Đẹp",0 0 0 0 0 0 0 0 0 0 0 0 0 0 0 0 0 0 0 0 0 0 0 0,
vi_thua_so,968538662167,home,花型,"静-星途-高级蓝-全棉铂金版【升级款重磅全棉 简约轻奢大提花】, 静-星途-红-全棉铂金版【升级款重磅全棉 简约轻奢大提花】, 静-星途-墨绿-全棉铂金版【升级款重磅全棉 简约轻奢大提花】, 静-星途-豆沙-全棉铂金版【升级款重磅全棉 简约轻奢大提花】, 静-星途-咖--全棉铂金版【升级款重磅全棉 简约轻奢大提花】, 静-星途-流年--全棉铂金版【升级款重磅全棉 简约轻奢大提花】, Q时光里-高级蓝黑-全棉三层纱【100%全棉 简约轻奢大提花】, Q时光里-豆沙-全棉三层纱【100%全棉 简约轻","Jing-Xingtu-Advanced Blue-Cotton Platinum Edition [Nâng cấp vải Jacquard sang trọng nhẹ nhàng đơn giản bằng vải cotton nặng], Jing-Xingtu-Red-Cotton Phiên bản bạch kim [Nâng cấp vải Jacquard sang trọng nhẹ nhàng đơn giản bằng vải cotton nặng], Jing-X",100 100 100 100 100 100 100 100,100 100 100 100 100 100 100 100 100
vi_thua_so,1024676875132,home,货号,纯棉-四件套-J,Bộ 4 món - 100% cotton - J,,4 100
vi_thua_so,1024676875132,home,被面材质,纯棉,100% cotton2,,2 100
vi_thua_so,1024676875132,home,床单面料材质,纯棉,100% cotton1,,1 100
vi_thua_so,1024676875132,home,枕套材质,纯棉,100% cotton3,,3 100
vi_thua_so,1030435299479,home,材质,纯棉,100% cotton2,,2 100
vi_thua_so,1030435299479,home,被面材质,纯棉,100% cotton3,,3 100
vi_thua_so,1030435299479,home,床单面料材质,纯棉,100% cotton4,,4 100
vi_thua_so,1030435299479,home,枕套材质,全棉,100% cotton1,,1 100
khac_so,849998580627,home,尺寸规格,"【床单款】1.2米床三件套【被套适合150*200被芯】, 【床单款】1.5米床四件套【被套适合200*230被芯】, 【床单款】1.8米床四件套【被套适合200*230被芯】, 【床单款】2.0米床四件套【被套适合220*240被芯】, 【床笠款】1.5米床四件套【被套适合200*230被芯】, 【床笠款】1.8米床四件套【被套适合200*230被芯】, 0.9宿舍五件套（6斤冬被+被套+床单+枕套+枕芯）, 0.9宿舍六件套（6斤冬被+被套+床单+枕套+枕芯+保护垫）, 1.2m床五件套（6","[kiểu ga trải giường] Bộ giường 1.2m ba mảnh [vỏ chăn phù hợp với lõi chăn 150*200], [Phong cách ga trải giường] Bộ giường 1.5m bốn mảnh [vỏ chăn phù hợp với lõi chăn 200*230], [Phong cách ga trải giường] Bộ giường 1.8m bốn mảnh [vỏ chăn phù hợp với ",0.9 0.9 1.2 1.2 1.2 1.5 1.5 1.5 1.5 1.5 1.5 1.5 1.8 1.8 1.8 1.8 1.8 1.8 1.8 2 2 2 2 2 2 2 2 2 2 2 2 2 2 2 2 2 2 2 2 2 2 2 2 2 2 2 6 6 6 6 6 6 6 6 6 6 6 6 8 8 8 150 200 200 200 200 200 220 230 230 230 230 240,0.9 0.9 1.2 1.2 1.2 1.5 1.5 1.5 1.5 1.5 1.5 1.5 1.8 1.8 1.8 1.8 1.8 1.8 1.8 2 2 2 2 2 2 2 2 2 2 2 2 2 2 2 2 2 2 2 2 2 2 2 2 2 2 2 2 2 2 2 2 2 3 3 3 3 3 3 3 3 5 5 6 6 6 150 200 200 200 200 200 220 230 230 230 230 240
vi_thua_so,1027722228335,home,被面材质,纯棉,100% cotton3,,3 100
vi_thua_so,1027722228335,home,床单面料材质,纯棉,100% cotton1,,1 100
vi_thua_so,1027722228335,home,枕套材质,纯棉,100% cotton2,,2 100
vi_thua_so,1057756573478,home,被面材质,纯棉,100% cotton2,,2 100
vi_thua_so,1057756573478,home,床单面料材质,纯棉,100% cotton1,,1 100
vi_thua_so,1057756573478,home,枕套材质,纯棉,100% cotton3,,3 100
vi_thieu_so,1014989587067,home,尺寸规格,"150x200cm【单件被套 建议拍2套换洗】, 180x220cm【单件被套 建议拍2套换洗】, 200x230cm【单件被套 建议拍2套换洗】, 被套【150x200cm】送床单+1只枕套【适合学生宿舍0.9/1.2床】, 被套【150x200cm】送床单+2只枕套【适合1.5m床】, 被套【180x220cm】送床单+2只枕套【适合1.8m床】, 被套【200x230cm】送床单+2只枕套【适合2.0m床】","150x200cm【Vỏ chăn đơn, nên mua 2 bộ để thay đổi】, 180x220cm [Chỉ vỏ chăn, khuyến nghị mua 2 bộ để thay đổi], 200x230cm [Vỏ chăn đơn; chúng tôi khuyên bạn nên mua hai bộ để dễ dàng thay đổi và giặt)., Bộ chăn ga [150x200cm] tặng kèm ga trải giường + 1",0.9 1 1.2 1.5 1.8 2 2 2 2 2 2 2 150 150 150 180 180 200 200 200 200 200 220 220 230 230,0.9 1 1.2 1.5 1.8 2 2 2 2 2 2 150 150 150 180 180 200 200 200 200 200 220 220 230 230
vi_thua_so,1016117799906,home,花型,"天丝-薄荷少女-绿（春夏）, 全棉-薄荷少女-绿（四季款）, 全棉磨毛-薄荷少女-绿（秋冬）, 天丝-薄荷少女-粉（春夏）, 全棉-薄荷少女-粉（四季款）, 全棉磨毛-薄荷少女-粉（秋冬）","Tencel - Bạc hà thiếu nữ - Xanh lá (Xuân Hè), 100% cotton - Bạc hà thiếu nữ - Xanh lá (Mẫu bốn mùa), 100% cotton chải lông - Bé gái bạc hà - Xanh lá (Thu Đông), Tencel - Bạc hà thiếu nữ - Hồng (Xuân Hè), 100% cotton - Bạc hà thiếu nữ - Hồng (Mẫu bốn ",,100 100 100 100
vi_thua_so,1016117799906,home,被面材质,纯棉,100% cotton1,,1 100
vi_thua_so,1016117799906,home,床单面料材质,纯棉,100% cotton2,,2 100
vi_thua_so,1016117799906,home,枕套材质,纯棉,100% cotton3,,3 100
vi_thua_so,890069035797,home,尺寸规格,"0.9m床【床单款三件套】-适合150*200cm被芯, 1.2m床【床单款三件套】-适合150*200cm被芯, 1.5m床【床单款四件套】-适合200*230cm被芯, 1.8m床【床单款四件套】-适合200*230cm被芯, 2.0m床【床单款四件套】-适合220*240cm被芯, 1.5m床【床笠款四件套】-适合200*230cm被芯, 1.8m床【床笠款四件套】-适合200*230cm被芯","Giường 0.9m [bộ ba mẫu ga trải giường]-phù hợp với lõi chăn 150*200cm, Giường 1,2 m [bộ ba mẫu ga trải giường]-phù hợp với vỏ chăn 150*200cm, Giường 1,5 m [bộ 4 chiếc kiểu ga trải giường]-phù hợp với vỏ chăn 200*230cm1, Giường 1,8 m [bộ bốn mảnh kiểu",0.9 1.2 1.5 1.5 1.8 1.8 2 150 150 200 200 200 200 200 200 220 230 230 230 230 240,0.9 1 1.2 1.5 1.5 1.8 1.8 2 2 4 4 4 150 150 200 200 200 200 200 200 220 230 230 230 230 240
vi_thua_so,1028552698665,home,品牌,A类全棉四件套纯棉单被套,"Bộ chăn ga gối 4 món 100% cotton loại A, vỏ chăn đơn cotton nguyên chất",,4 100
khac_so,1049127732160,home,尺寸规格,"床单三件套/被套1.5*2.0/床单120*230/枕套*1/宿舍专用0.9M宽的床, 加大床单三件套/适合0.9/1.0/1.2米宽的床/被套1.5*2.0/床单1.6*2.3/枕套*1, 四件套/适用1.5和1.8米宽的床/被套2.0*2.3/床单2.3*2.45/枕套一对, 六件套含床单三件套+配套4斤棉花被+3斤棉花垫+枕芯, 六件套含床单三件套+配套5斤棉花被+3斤棉花垫+枕芯, 六件套含床单三件套+配套4斤棉花被+4斤棉花垫+枕芯, 六件套含床单三件套+配套5斤棉花被+4斤棉花垫+枕","Bộ ga trải giường 3 món/vỏ chăn 1.5*2.0/ga trải giường 120*230/vỏ gối*1/dành riêng cho ký túc xá, giường rộng 0.9M, Bộ ga trải giường cỡ lớn 3 món/Phù hợp với giường rộng 0.9/1.0/ 1.2m/Vỏ chăn 1.5*2.0/Ga trải giường 1.6*2.3/Vỏ gối*1, Bộ 4 món/Phù hợp",0.9 0.9 1 1 1 1.2 1.5 1.5 1.5 1.6 1.8 2 2 2 2.3 2.3 2.3 2.45 3 3 3 4 4 4 4 4 4 5 5 5 6 120 230,0.9 0.9 1 1 1 1.2 1.5 1.5 1.5 1.5 1.5 1.5 1.6 1.8 2 2 2 2 2 2 2 2 2 2.3 2.3 2.3 2.45 2.5 2.5 3 3 3 3 3 3 3 3 3 4 5 6 6 6 6 6 7 120 230
vi_thua_so,947436756706,home,材质,纯棉,100% cotton1,,1 100
vi_thua_so,947436756706,home,被面材质,纯棉,100% cotton2,,2 100
vi_thua_so,947436756706,home,床单面料材质,纯棉,100% cotton3,,3 100
vi_thua_so,947436756706,home,枕套材质,纯棉,100% cotton4,,4 100
vi_thua_so,1064124861944,home,材质,纯棉,100% cotton2,,2 100
vi_thua_so,1064124861944,home,被面材质,纯棉,100% cotton1,,1 100
vi_thua_so,1064124861944,home,床单面料材质,纯棉,100% cotton3,,3 100
vi_thua_so,1064124861944,home,枕套材质,纯棉,100% cotton4,,4 100
vi_thua_so,1066773858997,home,材质,纯棉,100% cotton3,,3 100
vi_thua_so,1066773858997,home,床单面料材质,纯棉,100% cotton1,,1 100
vi_thua_so,1066773858997,home,枕套材质,纯棉,100% cotton2,,2 100
vi_thua_so,1005477314741,home,材质,纯棉,100% cotton4,,4 100
vi_thua_so,1005477314741,home,被面材质,纯棉,100% cotton1,,1 100
vi_thua_so,1005477314741,home,床单面料材质,纯棉,100% cotton2,,2 100
vi_thua_so,1005477314741,home,枕套材质,纯棉,100% cotton3,,3 100
khac_so,963395737019,home,尺寸规格,"1.2床单三件套-被套150x200, 1.5床单四件套-被套150x200, 1.8床单四件套-被套180x220, 1.5床单四件套-被套200x230, 1.8床单四件套-被套200x230, 2.0床单四件套-被套220x240, 1.5床笠四件套-被套150x200, 1.5床笠四件套-被套180x220, 1.8床笠四件套-被套180x220, 1.5床笠四件套-被套200x230, 1.8床笠四件套-被套200x230","1.2 Bộ ga trải giường 3 món - vỏ chăn 150x200, Bộ ga trải giường 4 món 1.5 - vỏ chăn 150x200, Bộ ga trải giường 4 món 1.8m - vỏ chăn 180x2201, Bộ ga trải giường 1.5m 4 món - vỏ chăn 200x230, Bộ ga trải giường 1.8m 4 món - vỏ chăn 200x230, Bộ chăn ga ",1.2 1.5 1.5 1.5 1.5 1.5 1.8 1.8 1.8 1.8 2 150 150 150 180 180 180 200 200 200 200 200 200 200 220 220 220 220 230 230 230 230 240,1.2 1.5 1.5 1.5 1.5 1.5 1.8 1.8 1.8 1.8 2 3 4 4 4 4 4 4 4 150 150 150 180 180 180 200 200 200 200 200 200 200 220 220 230 230 230 230 240 2201 2202
khac_so,1072931331744,home,尺寸规格,"0.9米床学生三件套（被套150*200cm+床单120*230cm+枕套*1）+赠礼品袋*1, 0.9米床笠款三件套（被套150*200cm+床笠0.9*200cm+枕套*1）+赠礼品袋*1, 1.2米床单三件套（被套150*200cm+床单160*230cm+枕套*1）+赠礼品袋*1, 春夏：0.9m床单四件套【三件套+约3斤被芯】+赠礼品袋*1, 秋冬：0.9m床单四件套【三件套+约5斤被芯】+赠礼品袋*1, 春夏：0.9m床笠四件套【三件套+约3斤被芯】+赠礼品袋*1, 秋冬：0.9m床","0.9m Bộ 3 món chăn ga gối cho sinh viên (vỏ chăn 150*200cm + ga trải giường 120*230cm + vỏ gối*1) + tặng kèm túi quà*1, 0.9m Bộ ba món ga bọc (vỏ chăn 150*200cm + ga bọc 0.9*200cm + vỏ gối *1) + tặng kèm túi quà *1, 1.2m Bộ ga trải giường 3 món (vỏ c",0.9 0.9 0.9 0.9 0.9 0.9 0.9 0.9 0.9 0.9 0.9 1 1 1 1 1 1 1 1 1 1 1 1 1 1 1 1 1 1 1 1.2 1.5 1.5 1.8 1.8 2 3 3 3 3 5 5 5 5 120 150 150 150 150 150 150 160 180 200 200 200 200 200 200 200 200 200 200 200 200 220 230 230 230 230 230 230 230 230 240 245 245 245 270,0.9 0.9 0.9 0.9 0.9 0.9 0.9 0.9 0.9 0.9 0.9 1 1 1 1 1 1 1 1 1 1 1 1 1 1 1 1 1 1.2 1.5 1.5 1.5 1.5 1.5 1.5 1.8 1.8 2 2.5 2.5 2.5 2.5 3 3 3 3 3 3 3 3 3 4 4 4 4 4 4 4 4 5 5 5 5 11 12 120 150 150 150 150 150 150 160 180 200 200 200 200 200 200 200 200 200 200 200 200 220 230 230 230 230 230 230 230 230 240 245 245 245 270
vi_thua_so,1042819655948,home,被面材质,纯棉,100% cotton1,,1 100
vi_thua_so,1042819655948,home,床单面料材质,纯棉,100% cotton2,,2 100
khac_so,1059571842950,home,尺寸规格,"0.9/1.2米三件套【被套1.5*2m】, 1.5米四件套【被套1.5*2m】, 1.8米四件套【被套1.8*2.2m】, 2.0米四件套【被套2*2.3m】","0.9/ 1.5m bộ [vỏ chăn 1.5*2m], 1.9m bộ [vỏ chăn 1.5*2m], 2.2m bộ [vỏ chăn 1.8*2.2m], 2.4m bộ [vỏ chăn 2*2.3m]",0.9 1.2 1.5 1.5 1.5 1.8 1.8 2 2 2 2 2.2 2.3,0.9 1.5 1.5 1.5 1.8 1.9 2 2 2 2.2 2.2 2.3 2.4
khac_so,946890774068,home,尺寸规格,"小号1.2米三件套【被套150*200cm床单180*230cm枕套48*74cm一只】, 小号1.5米四件套【被套150*200cm床单180*230cm枕套48*74cm一对】, 中号1.8米四件套【被套180*220cm床单230*250cm枕套48*74cm一对】, 标准2.0米四件套【被套200*230cm床单230*250cm枕套48*74cm一对】, 加大2.2米四件套【被套220*240cm床单240*250cm枕套48*74cm一对】, 床笠款1.5米四件套【被套200*230","Bộ 1.5m món cỡ nhỏ [vỏ chăn 150*200cm, ga trải giường 180*230cm, vỏ gối 48*74cm], Bộ 1.9m món cỡ nhỏ [vỏ chăn 150*200cm, ga trải giường 180*230cm, cặp vỏ gối 48*74cm], Bộ 2.2m món cỡ vừa [vỏ chăn 180*220cm ga trải giường 230*250cm vỏ gối 48*74cm đôi]",1.2 1.5 1.5 1.8 1.8 2 2.2 48 48 48 48 48 48 48 74 74 74 74 74 74 74 150 150 150 180 180 180 180 200 200 200 200 200 200 200 220 220 230 230 230 230 230 230 230 240 240 250 250 250,1.5 1.9 1.9 2.2 2.2 2.4 2.6 48 48 48 48 48 48 48 74 74 74 74 74 74 74 150 150 150 180 180 180 180 200 200 200 200 200 200 200 220 220 230 230 230 230 230 230 230 240 240 250 250 250
vi_thua_so,1010510520172,home,材质,纯棉,100% cotton2,,2 100
vi_thua_so,1010510520172,home,被面材质,纯棉,100% cotton1,,1 100
vi_thua_so,1010510520172,home,床单面料材质,纯棉,100% cotton3,,3 100
vi_thua_so,1010510520172,home,枕套材质,纯棉,100% cotton4,,4 100
vi_thua_so,666066202094,home,材质,纯棉,100% cotton1,,1 100
vi_thua_so,666066202094,home,被面材质,纯棉,100% cotton2,,2 100
vi_thua_so,666066202094,home,床单面料材质,纯棉,100% cotton3,,3 100
vi_thua_so,666066202094,home,枕套材质,纯棉,100% cotton4,,4 100
vi_thua_so,1048075261976,home,材质,纯棉,100% cotton2,,2 100
vi_thua_so,1048075261976,home,被面材质,纯棉,100% cotton4,,4 100
vi_thua_so,1048075261976,home,床单面料材质,纯棉,100% cotton3,,3 100
vi_thua_so,1048075261976,home,枕套材质,纯棉,100% cotton1,,1 100
vi_thua_so,1075969672680,home,材质,纯棉,100% cotton2,,2 100
vi_thua_so,1075969672680,home,被面材质,纯棉,100% cotton3,,3 100
vi_thua_so,1075969672680,home,床单面料材质,纯棉,100% cotton4,,4 100
vi_thua_so,1075969672680,home,枕套材质,纯棉,100% cotton1,,1 100
vi_thua_so,1015816074972,home,被面材质,纯棉,100% cotton1,,1 100
vi_thua_so,1015816074972,home,床单面料材质,纯棉,100% cotton2,,2 100
vi_thua_so,1015816074972,home,枕套材质,纯棉,100% cotton3,,3 100
khac_so,1001850017697,home,尺寸规格,"1.2床单款三件套【被套150*200】, 1.5床单款四件套【被套150*200】, 1.8床单款四件套【被套180*220】, 2.0床单款四件套【被套200*230】, 1.5床笠款四件套【被套180*220】, 1.5床笠款四件套【被套200*230】, 1.8床笠款四件套【被套200*230】, 宿舍三件套+枕芯1+3斤春夏被, 宿舍三件套+枕芯1+5斤春秋被, 宿舍三件套+枕芯1+6斤冬季被, 1.5米被套四件套+枕芯2+3斤春夏被, 1.5米被套四件套+枕芯2+5斤春秋被, 1.5","1.2 Bộ ga trải giường 3 món [vỏ chăn 150*200], Bộ 4 tấm 1,5 tấm [vỏ chăn 150*200], Bộ 4 tấm 1,8 tấm [vỏ chăn 180*220], Bộ ga trải giường 2.0 bốn món [vỏ chăn 200*230], Bộ 4 ga trải giường 1.5 [vỏ chăn 180*220], 1,5 bộ ga trải giường gồm bốn [vỏ chăn ",1 1 1 1.2 1.5 1.5 1.5 1.5 1.5 1.5 1.8 1.8 1.8 1.8 1.8 2 2 2 2 2 2 2 2 2 2 2 2 2 3 3 4 5 5 5 6 6 6 7 7 8 150 150 180 180 200 200 200 200 200 220 220 230 230 230,1 1 1 1.2 1.5 1.5 1.5 1.5 1.5 1.5 1.5 1.5 1.8 1.8 1.8 1.8 1.8 2 2 2 2 2 2 2 2 2 2 2 2 2 2 2.5 2.5 2.5 3 3 3 3 3.5 3.5 4 4 4 4 4 150 150 180 180 200 200 200 200 200 220 220 230 230 230
khac_so,892163233283,home,尺寸规格,"120x150cm单被套【双面100%亲肤水洗棉磨毛工艺加厚保暖】, 150x200cm单被套【双面100%亲肤水洗棉磨毛工艺加厚保暖】, 180x220cm单被套【双面100%亲肤水洗棉磨毛工艺加厚保暖】, 200x230cm单被套【双面100%亲肤水洗棉磨毛工艺加厚保暖】, 220x240cm单被套【双面100%亲肤水洗棉磨毛工艺加厚保暖】, 0.9m床单三件套【被套150*200cm床单160*230cm】, 1.2m床单三件套【被套150*200cm床单160*230cm】, 1.5m床","Vỏ chăn đơn 120x150cm, Vỏ chăn đơn 150x200cm, Vỏ chăn đơn 180x220cm, Vỏ chăn đơn 200x230cm, Vỏ chăn đơn 220x240cm, Bộ ba tấm ga giường 0.9m [vỏ chăn 150*200cm ga giường 160*230cm], Bộ ba tấm ga giường 1,2 m [vỏ chăn 150*200cm ga giường 160*230cm], Bộ",0.9 1.2 1.5 1.5 1.8 1.8 2 100 100 100 100 100 120 150 150 150 150 150 160 160 180 180 200 200 200 200 200 200 200 200 200 200 220 220 220 230 230 230 230 230 230 230 230 230 230 230 230 240 240 250,0.9 1.2 1.5 1.5 1.8 1.8 2 4 120 150 150 150 150 150 160 160 180 180 200 200 200 200 200 200 200 200 200 200 220 220 220 230 230 230 230 230 230 230 230 230 230 230 230 240 240 250
vi_thua_so,953440363454,home,被面材质,纯棉,100% cotton2,,2 100
vi_thua_so,953440363454,home,床单面料材质,纯棉,100% cotton3,,3 100
vi_thua_so,953440363454,home,枕套材质,纯棉,100% cotton1,,1 100
khac_so,1052158352769,home,尺寸规格,"150X200cm单被套, 180X220cm单被套, 200X230cm单被套, 1.2米三件套（被套150X200）, 1.5米四件套（被套150X200）, 1.8米四件套（被套180X220）, 2.0米四件套（被套200X230）","Vỏ chăn đơn 150x200cm, Vỏ chăn đơn, kích thước 180x220cm., Vỏ chăn đơn, kích thước 200x230cm., 1.5m bộ (vỏ chăn 150x200), 1.9m bộ (vỏ chăn 150x200), 2.2m bộ (vỏ chăn 180x220), 2.4m bộ (vỏ chăn 200x230)",1.2 1.5 1.8 2 150 150 150 180 180 200 200 200 200 200 220 220 230 230,1.5 1.9 2.2 2.4 150 150 150 180 180 200 200 200 200 200 220 220 230 230
khac_so,989288156149,home,尺寸规格,"1.5m-床单款四件套【适合200*230被子】, 1.8m-床单款四件套【适合200*230被子】, 2.0m-床单款四件套【适合220*240被子】, 【床笠款】1.5m床四件套【适合200*230被子】, 【床笠款】1.8m床四件套【适合200*230被子】, 1.5m-床六件套【四件套+2个靠垫套】不含芯, 1.8m-床六件套【四件套+2个靠垫套】不含芯, 2.0m-床六件套【四件套+2个靠垫套】不含芯, 1.5m床七件套【四件套+4斤被子+2枕芯】, 1.5m床七件套【四件套+6斤被子","Bộ ga trải giường bốn mảnh 1,5m [thích hợp cho chăn 200*230], Bộ ga trải giường bốn mảnh 1,8m [thích hợp cho chăn 200*230], Bộ ga trải giường 2.0m bốn mảnh [phù hợp với chăn 220*240], [Bộ ga giường bốn mảnh] Giường 1.5m [phù hợp với chăn kích thước 2",1.5 1.5 1.5 1.5 1.5 1.5 1.5 1.8 1.8 1.8 1.8 1.8 1.8 1.8 2 2 2 2 2 2 2 2 2 2 2 2 2 2 2 2 2 2 2 4 4 6 6 6 8 8 8 10 10 10 200 200 200 200 220 230 230 230 230 240,1.5 1.5 1.5 1.5 1.5 1.5 1.5 1.8 1.8 1.8 1.8 1.8 1.8 1.8 2 2 2 2 2 2 2 2 2 2 2 2 2 2 2 2 2 2 2 2 2 3 3 3 4 4 4 4 4 4 5 5 5 6 6 6 200 200 200 200 220 230 230 230 230 240
vi_thua_so,745450906858,home,材质,纯棉,100% cotton1,,1 100
vi_thua_so,745450906858,home,被面材质,纯棉,100% cotton2,,2 100
vi_thua_so,745450906858,home,床单面料材质,纯棉,100% cotton3,,3 100
vi_thua_so,745450906858,home,枕套材质,纯棉,100% cotton4,,4 100
vi_thua_so,1027297570030,home,床单面料材质,纯棉,100% cotton2,,2 100
vi_thua_so,1027297570030,home,枕套材质,全棉,100% cotton1,,1 100
vi_thua_so,1084159180716,home,被面材质,纯棉,100% cotton2,,2 100
vi_thua_so,1084159180716,home,床单面料材质,纯棉,100% cotton3,,3 100
vi_thua_so,1084159180716,home,枕套材质,纯棉,100% cotton1,,1 100
vi_thua_so,1068974947255,home,材质,纯棉,100% cotton1,,1 100
vi_thua_so,1068974947255,home,被面材质,纯棉,100% cotton2,,2 100
vi_thua_so,624722900003,home,材质,纯棉,100% cotton1,,1 100
vi_thua_so,624722900003,home,被面材质,纯棉,100% cotton2,,2 100
vi_thua_so,624722900003,home,床单面料材质,纯棉,100% cotton3,,3 100
vi_thua_so,624722900003,home,枕套材质,纯棉,100% cotton4,,4 100
vi_thua_so,1053066418727,home,尺寸规格,"1.5m床单款四件套【适合200*230被芯】, 1.8m床单款四件套【适合200*230被芯】, 2.0m床单款四件套【适合220*240被芯】, 1.2m床单叁件套【适合150*200被芯】","Bộ 4 món ga trải giường 1.5m [phù hợp ruột chăn 200*230], Bộ chăn ga gối 4 món 1.8m [phù hợp ruột chăn 200*230], Bộ chăn ga gối 4 món 2.0M [phù hợp ruột chăn 220*240], Bộ ga trải giường 3 món 1.2m [phù hợp với ruột chăn 150*200]",1.2 1.5 1.8 2 150 200 200 200 220 230 230 240,1.2 1.5 1.8 2 3 4 4 4 150 200 200 200 220 230 230 240
khac_so,953332133365,home,尺寸规格,"150*200cm单被套, 180*220cm单被套, 200*230cm单被套, 220*240cm单被套, 1.2m床单款三件套被套1.5*2.0, 1.5m床单款四件套被套1.5*2.0, 1.8m床单款四件套被套1.8*2.2, 2.0m床单款四件套被套2*2.3, 2.2m床单款四件套被套2.2*2.4, 0.9床笠(被套1.5)三件套, 1.2床笠(被套1.5)四件套, 1.5床笠(被套1.5)四件套, 1.5床笠(被套1.8)四件套, 1.5床笠(被套2.0)四件套, 1.8床笠(","Vỏ chăn đơn 150*200cm, Vỏ chăn đơn, kích thước 180 x 220 cm., Vỏ chăn đơn, kích thước 200 x 230 cm., Vỏ chăn đơn, kích thước 220 x 240 cm., Bộ 3 món ga trải giường 1.2m, vỏ chăn 1.5*2.0, Bộ ga trải giường 1,5m, gồm bốn món, vỏ chăn kích thước 1,5 x 2",0.9 1.2 1.2 1.5 1.5 1.5 1.5 1.5 1.5 1.5 1.5 1.5 1.8 1.8 1.8 1.8 1.8 1.8 1.8 2 2 2 2 2 2 2 2 2 2.2 2.2 2.2 2.2 2.2 2.3 2.4 150 180 200 200 220 220 230 240,0.9 1.2 1.2 1.5 1.5 1.5 1.5 1.5 1.5 1.5 1.5 1.8 1.8 1.8 1.8 1.8 1.8 1.8 2 2 2 2 2 2 2 2 2.2 2.2 2.2 2.2 2.2 2.3 2.4 3 3 4 4 4 4 4 4 4 4 150 180 200 200 220 220 230 240
khac_so,1079268148191,home,尺寸规格,"学生宿舍床三件套【被套150*200cm 床单160*220cm枕套1只】适合1.5*2.0被芯, 1.2米床单款四件套【被套150*200cm 床单180*220cm枕套2只】适合1.5*2.0被芯, 1.5米床（大床单四件套）【被套150*200 床单235*245 枕套2只】适合1.5*2.0被芯, 1.8米床单款四件套【被套180*220 床单235*245 枕套2只】适合1.8*2.2被芯, 2.0米床单款四件套【被套200*230 床单235*245枕套2只】适合2*2.3被芯, 2","Bộ 3 món ga giường ký túc xá sinh viên [Vỏ chăn 150*200cm, ga trải giường 160*220cm, 1 vỏ gối] phù hợp với ruột chăn 1.5*2.0, 1.2m Bộ ga trải giường 4 món [vỏ chăn 150*200cm, ga trải giường 180*220cm, 2 vỏ gối] phù hợp với ruột chăn 1.5*2.0m, 1.5m Bộ",1 1.2 1.2 1.5 1.5 1.5 1.5 1.5 1.5 1.8 1.8 1.8 1.8 2 2 2 2 2 2 2 2 2 2 2.2 2.2 2.2 2.3 2.4 150 150 150 150 150 150 160 180 180 180 200 200 200 200 200 200 200 200 200 200 220 220 220 220 220 220 220 230 230 230 230 235 235 235 235 240 240 240 245 245 245 245,1 1.2 1.2 1.5 1.5 1.5 1.5 1.5 1.5 1.8 1.8 1.8 1.8 2 2 2 2 2 2 2 2 2 2.2 2.2 2.2 2.3 2.4 3 3 4 4 4 4 4 4 4 150 150 150 150 150 150 160 180 180 180 200 200 200 200 200 200 200 200 200 200 220 220 220 220 220 220 220 230 230 230 230 235 235 235 235 240 240 240 245 245 245 245
vi_thua_so,684039486082,home,尺寸规格,"1.2m床单款三件套【被套1.5x2.0m床单1.8x2.3m枕套48x74cm一只】【已质检】, 1.5m床单款四件套【被套1.5x2.0m床单1.8x2.3m枕套48x74cm一对】【已质检】, 1.8m床单款四件套【被套1.8x2.2m床单2.3x2.5m枕套48x74cm一对】【已质检】, 2.0m床单款四件套【被套2.0x2.3m床单2.3x2.5m枕套48x74cm一对】【已质检】, 2.2m床单款四件套【被套2.2x2.4m床单2.3x2.5m枕套48x74cm一对】【已质检】, ","Bộ ga giường 3 món cỡ 1.2m [Vỏ chăn 1.5x2.0m, ga trải giường 1.8x2.3m, vỏ gối 48x74cm một chiếc] [Đã kiểm tra chất lượng], Bộ ga trải giường 4 món cỡ 1.5m [Vỏ chăn 1.5x2.0m, ga trải giường 1.8x2.3m, vỏ gối 48x74cm (cặp)] [Đã kiểm tra chất lượng], Bộ ",1.2 1.2 1.5 1.5 1.5 1.5 1.5 1.5 1.5 1.5 1.8 1.8 1.8 1.8 1.8 1.8 1.8 1.8 2 2 2 2 2 2 2 2 2.2 2.2 2.2 2.2 2.2 2.3 2.3 2.3 2.3 2.3 2.3 2.3 2.3 2.4 2.5 2.5 2.5 48 48 48 48 48 48 74 74 74 74 74 74 150 180 200 200 220 220 230 240,1.2 1.2 1.5 1.5 1.5 1.5 1.5 1.5 1.5 1.5 1.8 1.8 1.8 1.8 1.8 1.8 1.8 1.8 2 2 2 2 2 2 2 2 2 2 2.2 2.2 2.2 2.2 2.2 2.3 2.3 2.3 2.3 2.3 2.3 2.3 2.3 2.4 2.5 2.5 2.5 3 4 4 4 4 48 48 48 48 48 48 74 74 74 74 74 74 150 180 200 200 220 220 230 240
vi_thua_so,1073534717924,home,材质,纯棉,100% cotton1,,1 100
vi_thua_so,1073534717924,home,被面材质,纯棉,100% cotton3,,3 100
vi_thua_so,1073534717924,home,床单面料材质,纯棉,100% cotton4,,4 100
vi_thua_so,1073534717924,home,枕套材质,纯棉,100% cotton2,,2 100
vi_thua_so,1002233984335,home,花型,"原野-桔【全棉磨毛优质A类 更保暖更亲肤】, 简森-蓝【全棉磨毛优质A类 更保暖更亲肤】, 原野-绿【全棉磨毛优质A类 更保暖更亲肤】, 简森-桔【全棉磨毛优质A类 更保暖更亲肤】, 摩登-咖【全棉磨毛优质A类 更保暖更亲肤】, 威廉-格【全棉磨毛优质A类 更保暖更亲肤】, 叶语-粉【全棉磨毛优质A类 更保暖更亲肤】, 叶语-咖【全棉磨毛优质A类 更保暖更亲肤】, 叶语-绿【全棉磨毛优质A类 更保暖更亲肤】, 韵律-灰【全棉磨毛优质A类 更保暖更亲肤】, 韵律-咖【全棉磨毛优质A类 更保暖更亲肤","Wilderness-Orange [Bông loại A chất lượng cao, ấm áp và thân thiện với làn da hơn], Jensen-Blue [Chất liệu cotton loại A cao cấp, ấm áp và thân thiện với làn da hơn], Wilderness-Green [Chất liệu cotton loại A cao cấp, ấm áp và thân thiện với làn da h",,100 100 100 100
vi_thua_so,1078717872089,home,床单面料材质,全棉,100% cotton1,,1 100
vi_thua_so,1078717872089,home,枕套材质,全棉,100% cotton2,,2 100
vi_thua_so,1064148114869,home,货号,全棉提花面料亲肤柔软kbl,"Vải jacquard 100% cotton, mềm mại thân thiện với da kbl",,100
vi_thua_so,1064148114869,home,被面材质,纯棉,100% cotton2,,2 100
vi_thua_so,1064148114869,home,床单面料材质,纯棉,100% cotton3,,3 100
vi_thua_so,1064148114869,home,枕套材质,纯棉,100% cotton1,,1 100
vi_thua_so,1084806356587,home,材质,纯棉,100% cotton3,,3 100
vi_thua_so,1084806356587,home,被面材质,纯棉,100% cotton1,,1 100
vi_thua_so,1084806356587,home,床单面料材质,纯棉,100% cotton2,,2 100
vi_thua_so,1084806356587,home,枕套材质,纯棉,100% cotton4,,4 100
vi_thua_so,1066419136212,home,材质,全棉,100% cotton,,100
vi_thua_so,1046084633674,home,花型,"幽幽仙草【全棉新疆棉四季可用】, 如梦花季【全棉新疆棉四季可用】, 东篱桔梗【全棉新疆棉四季可用】, 花漫溪【全棉新疆棉四季可用】, 旷野风眠【全棉新疆棉四季可用】, 旋律【全棉新疆棉四季可用】, 浅草繁花【全棉新疆棉四季可用】, 花漫盈香【全棉新疆棉四季可用】, 紫叶倾城【全棉新疆棉四季可用】, 故事小黄花【全棉新疆棉四季可用】, 摩菲-红【全棉新疆棉四季可用】, 邻家小院【全棉新疆棉四季可用】, 菲尔庄园【全棉新疆棉四季可用】, 甜桔【全棉新疆棉四季可用】, 繁花簇【全棉新疆棉四季可用】, ","Cỏ Tiên Yên Ảm [100% bông Tân Cương, dùng được quanh năm], Như Mộng Hoa Quý [100% cotton Tân Cương, dùng được bốn mùa], Đông Lí Cát Cánh [100% bông Tân Cương, dùng được quanh năm], Hoa Mạn Khê [100% cotton Tân Cương, dùng được quanh năm], Ngủ say giấ",1 2,1 2 100 100 100 100 100 100 100 100 100 100 100 100 100 100 100 100 100 100 100 100 100 100 100 100 100 100 100 100 100 100 100 100 100 100 100 100 100 100 100 100 100 100 100 100 100 100 100 100 100
vi_thua_so,1046084633674,home,被面材质,纯棉,100% cotton2,,2 100
vi_thua_so,1046084633674,home,床单面料材质,纯棉,100% cotton3,,3 100
vi_thua_so,1046084633674,home,枕套材质,纯棉,100% cotton1,,1 100
vi_thua_so,1061880970471,home,被面材质,纯棉,100% cotton1,,1 100
vi_thua_so,1061880970471,home,床单面料材质,纯棉,100% cotton3,,3 100
vi_thua_so,1061880970471,home,枕套材质,纯棉,100% cotton2,,2 100
khac_so,1071816009800,home,适用床型,0.9米1.2米1.5米1.8米宽 床用,1.02m 1.68m Giường rộng,0.9 1.2 1.5 1.8,1.02 1.68
vi_thua_so,883516263051,home,尺寸规格,"0.9-1.2m床单款三件套（被套150x200cm+床单160*230cm+枕套一只）, 1.2m床单款四件套（被套150x200cm+床单180*230cm+枕套一对）, 1.5m-1.8m床单款四件套（被套180x220cm+床单235*250cm+枕套一对）, 1.5m-1.8m床单款四件套（被套200x230cm+床单235*250cm+枕套一对）, 2.0m床单款四件套（被套220x240cm+床单235*250cm+枕套一对）, 1.2m床笠款四件套（被套150x200cm+床笠1","Bộ ga trải giường 3 món 0,9-1,2m (vỏ chăn 150x200cm + ga trải giường 160*230cm + 1 vỏ gối), Bộ ga trải giường 1,2m gồm 4 món (vỏ chăn 150x200cm + ga trải giường 180*230cm + một cặp vỏ gối), Bộ ga trải giường 4 mảnh 1,5m-1,8m (vỏ chăn 180x220cm + ga t",0.9 1.2 1.2 1.2 1.5 1.5 1.5 1.5 1.8 1.8 1.8 1.8 1.8 2 120 150 150 150 150 150 150 160 180 180 180 180 180 180 180 180 200 200 200 200 200 200 200 200 200 200 200 200 200 200 220 220 220 220 220 220 220 230 230 230 230 230 230 235 235 235 240 240 240 250 250 250,0.9 1 1.2 1.2 1.2 1.5 1.5 1.5 1.5 1.8 1.8 1.8 1.8 1.8 2 2 2 3 4 4 4 4 4 4 4 120 150 150 150 150 150 150 160 180 180 180 180 180 180 180 180 200 200 200 200 200 200 200 200 200 200 200 200 200 200 220 220 220 220 220 220 220 230 230 230 230 230 230 235 235 235 240 240 240 250 250 250
vi_thua_so,1074429714605,home,材质,纯棉,100% cotton2,,2 100
vi_thua_so,1074429714605,home,被面材质,纯棉,100% cotton3,,3 100
vi_thua_so,1074429714605,home,床单面料材质,纯棉,100% cotton4,,4 100
vi_thua_so,1074429714605,home,枕套材质,纯棉,100% cotton1,,1 100
vi_thua_so,1028908249755,home,材质,纯棉,100% cotton1,,1 100
khac_so,1028908249755,home,尺寸规格,"【单品】160x210单被套, 【单品】200x230单被套, 【单品】220x240单被套, 1.2m床单款三件套【被套160*210cm/床单180*240cm/枕套48*74cm*1】, 1.5m床单款四件套【被套200*230cm/床单245*250cm/枕套48*74cm*2】, 1.8m床单款四件套【被套200*230cm/床单245*250cm/枕套48*74cm*2】, 2.0m床单款四件套【被套220*240cm/床单250*270cm/枕套48*74cm*2】, 1.2m床笠","【Sản phẩm】Vỏ chăn đơn 160x210, 【Sản phẩm】Vỏ chăn đơn 200x230, 【Sản phẩm】Vỏ chăn đơn 220x240, Bộ 3 món ga trải giường 1.2m [Vỏ chăn 160*210cm/Ga trải giường 180*240cm/Vỏ gối 48*74cm*1], Bộ chăn ga gối 4 món cho giường 1.5m [Vỏ chăn 200*230cm/Ga trải g",1 1 1.2 1.2 1.5 1.5 1.8 1.8 1.8 2 2 2 2 2 2 2 48 48 48 48 48 48 48 48 74 74 74 74 74 74 74 74 120 150 160 160 160 180 180 180 200 200 200 200 200 200 200 200 200 210 210 210 220 220 220 230 230 230 230 230 240 240 240 240 245 245 250 250 250 270,1 1 1.2 1.2 1.5 1.5 1.8 1.8 1.8 2 2 2 2 2 2 3 3 4 4 4 4 4 48 48 48 48 48 48 48 48 74 74 74 74 74 74 74 74 120 150 160 160 160 180 180 180 200 200 200 200 200 200 200 200 200 210 210 210 220 220 220 230 230 230 230 230 240 240 240 240 245 245 250 250 250 270
vi_thua_so,1028908249755,home,被面材质,纯棉,100% cotton2,,2 100
vi_thua_so,1028908249755,home,床单面料材质,纯棉,100% cotton3,,3 100
vi_thua_so,1028908249755,home,枕套材质,纯棉,100% cotton4,,4 100
vi_thua_so,1032877451688,home,材质,纯棉,100% cotton3,,3 100
vi_thua_so,1032877451688,home,被面材质,纯棉,100% cotton4,,4 100
vi_thua_so,1032877451688,home,床单面料材质,纯棉,100% cotton2,,2 100
vi_thua_so,1032877451688,home,枕套材质,纯棉,100% cotton1,,1 100
vi_thua_so,1032560825450,home,被面材质,纯棉,100% cotton3,,3 100
vi_thua_so,1032560825450,home,床单面料材质,纯棉,100% cotton1,,1 100
vi_thua_so,1032560825450,home,枕套材质,纯棉,100% cotton2,,2 100
vi_thua_so,1080621609431,home,尺寸规格,"0.9m床单三件套【被套150X200】, 1.2m床单四件套【被套150X200】, 1.5m床单四件套【被套150x200】, 1.5m床单四件套【被套180X220】, 1.8m床单四件套【被套180X220】, 1.5m床单四件套【被套200X230】, 1.8m床单四件套【被套200X230】, 2.0m床单四件套【被套220x240】, 1.2m床笠三件套【被套150X200】, 1.2m床笠四件套【被套150X200】, 1.5m床笠四件套【被套180X220】, 1.8m床笠四件","Bộ ga trải giường 3 món 0.9m [Vỏ chăn 150x200], Bộ chăn ga gối đệm kích thước 1,2m (bao gồm vỏ chăn kích thước 150x200)., Bộ ga trải giường 4 món 1.5m [Vỏ chăn 150x200], Bộ ga trải giường 4 món 1.5m [Vỏ chăn 180x220], Bộ ga trải giường 4 món 1.8m [Vỏ",0.9 1.2 1.2 1.2 1.5 1.5 1.5 1.5 1.5 1.8 1.8 1.8 1.8 1.8 2 150 150 150 150 150 150 180 180 180 180 180 200 200 200 200 200 200 200 200 200 200 200 220 220 220 220 220 220 220 220 230 230 230 230 230 240 240 240,0.9 1 1.2 1.2 1.2 1.5 1.5 1.5 1.5 1.5 1.8 1.8 1.8 1.8 1.8 2 2 3 3 4 4 4 4 4 4 4 4 4 4 150 150 150 150 150 150 180 180 180 180 180 200 200 200 200 200 200 200 200 200 200 200 220 220 220 220 220 220 220 220 230 230 230 230 230 240 240 240
khac_so,899983643752,home,尺寸规格,"1.2床单款三件套被套150*200, 1.5床单四件套-被套200*230, 1.8床单四件套-被套200*230, 2.0床单款四件套被套220*240, 0.9床笠三件套-被套150*200, 1.5床笠款四件套被套200*230, 1.8床笠款四件套被套200*230","1.2 Bộ chăn ba mảnh mẫu ga trải giường 150*200, 1.5 Bộ chăn ga gối bốn mảnh 200*230, 1.8 Bộ chăn ga gối bốn mảnh 200*2301, 2.0 Bộ chăn ga trải giường bốn mảnh 220*240, 0.9 Bộ khăn trải giường ba mảnh-vỏ chăn 150*200, 1.5 Bộ chăn ga trải giường bốn mả",0.9 1.2 1.5 1.5 1.8 1.8 2 150 150 200 200 200 200 200 200 220 230 230 230 230 240,0.9 1.2 1.5 1.5 1.8 1.8 2 150 150 200 200 200 200 200 200 220 230 230 230 240 2301
vi_thua_so,1063704277681,home,材质,纯棉,100% cotton3,,3 100
vi_thua_so,1063704277681,home,货号,YMQ-A类全棉皱皱纱四件套,Bộ chăn ga gối 4 món vải gân nhăn 100% cotton loại A YMQ,,4 100
vi_thua_so,1063704277681,home,花型,"蓝色小鸭【A类全棉双层纱面料/亲肤柔软/透气舒适】, 甜崽熊熊【A类全棉双层纱面料/亲肤柔软/透气舒适】, 海盐星星【A类全棉双层纱面料/亲肤柔软/透气舒适】, 蓝宝猫咪【A类全棉双层纱面料/亲肤柔软/透气舒适】, 芝士小黑豆【A类全棉双层纱面料/亲肤柔软/透气舒适】, 芝士小彩豆【A类全棉双层纱面料/亲肤柔软/透气舒适】, 玫玫小花【A类全棉双层纱面料/亲肤柔软/透气舒适】, 彩虹星星【A类全棉双层纱面料/亲肤柔软/透气舒适】, 紫菊盛开【A类全棉双层纱面料/亲肤柔软/透气舒适】, 花海公园【","Vịt con xanh dương [Vải sợi đôi 100% cotton loại A / Mềm mại thân thiện với da / Thoáng khí, thoải mái], Gấu con ngọt ngào [Vải xô hai lớp 100% cotton loại A / Mềm mại thân thiện với da / Thoáng khí, thoải mái], Ngôi sao muối biển [Vải gạc hai lớp 10",,100 100 100 100 100 100 100 100 100 100 100 100 100 100 100 100 100 100 100 100 100 100 100 100 100 100 100 100 100 100 100 100 100 100 100 100 100 100 100 100 100 100 100 100
vi_thua_so,1063704277681,home,被面材质,纯棉,100% cotton4,,4 100
vi_thua_so,1063704277681,home,床单面料材质,纯棉,100% cotton1,,1 100
vi_thua_so,1063704277681,home,枕套材质,纯棉,100% cotton2,,2 100
vi_thua_so,692636533462,home,材质,纯棉,100% cotton1,,1 100
vi_thua_so,692636533462,home,被面材质,纯棉,100% cotton2,,2 100
vi_thua_so,692636533462,home,床单面料材质,纯棉,100% cotton3,,3 100
vi_thua_so,692636533462,home,枕套材质,纯棉,100% cotton4,,4 100
vi_thua_so,1081339049674,home,床单面料材质,纯棉,100% cotton1,,1 100
vi_thua_so,1081339049674,home,枕套材质,纯棉,100% cotton2,,2 100
khac_so,959695863496,home,尺寸规格,"【1.2米床单款三件套】被套150*200cm, 【1.5米床单款四件套】被套150*200cm, 【1.8米床单款四件套】被套180*220cm, 【2.0米床单款四件套】被套200*230cm, 【1.5米床笠款四件套】被套200*230cm, 【1.8米床笠款四件套】被套200*230cm","[Bộ ba bộ 1.2m ga trải giường] Vỏ chăn 150*200cm, [Bộ 1.5m ga trải giường 4 món] Vỏ chăn 150*200cm, [Bộ 1.8m ga trải giường bốn mảnh] Vỏ chăn 180*220cm, [Bộ 2.0m ga trải giường 4 món] Vỏ chăn 200*230cm, [Bộ ga trải giường bốn món] Vỏ chăn 200*230cm1,",1.2 1.5 1.5 1.8 1.8 2 150 150 180 200 200 200 200 200 220 230 230 230,1 1.2 1.5 1.8 2 2 4 4 150 150 180 200 200 200 200 200 220 230 230 230
vi_thua_so,1059950743825,home,床单面料材质,全棉,100% cotton2,,2 100
vi_thua_so,1059950743825,home,枕套材质,全棉,100% cotton1,,1 100
vi_thua_so,1039216232557,home,材质,纯棉,100% cotton4,,4 100
vi_thua_so,1039216232557,home,货号,纯棉-四件套-J,Bộ 4 món - 100% cotton - J,,4 100
khac_so,1039216232557,home,尺寸规格,"【单品】160x210单被套, 【单品】200x230单被套, 【单品】220x240单被套, 1.2m床单款三件套【被套160*210cm/床单180*240cm/枕套48*74cm*1】, 1.5m床单款四件套【被套200*230cm/床单245*250cm/枕套48*74cm*2】, 1.8m床单款四件套【被套200*230cm/床单245*250cm/枕套48*74cm*2】, 2.0m床单款四件套【被套220*240cm/床单250*270cm/枕套48*74cm*2】, 1.2m床笠","【Sản phẩm】Vỏ chăn đơn 160x210, 【Sản phẩm】Vỏ chăn đơn 200x230, 【Sản phẩm】Vỏ chăn đơn 220x240, Bộ 3 món ga trải giường 1.2m [Vỏ chăn 160*210cm/Ga trải giường 180*240cm/Vỏ gối 48*74cm*1], Bộ chăn ga gối 4 món cho giường 1.5m [Vỏ chăn 200*230cm/Ga trải g",1 1 1.2 1.2 1.5 1.5 1.8 1.8 1.8 2 2 2 2 2 2 2 48 48 48 48 48 48 48 48 74 74 74 74 74 74 74 74 120 150 160 160 160 180 180 180 200 200 200 200 200 200 200 200 200 210 210 210 220 220 220 230 230 230 230 230 240 240 240 240 245 245 250 250 250 270,1 1 1.2 1.2 1.5 1.5 1.8 1.8 1.8 2 2 2 2 2 2 3 3 4 4 4 4 4 48 48 48 48 48 48 48 48 74 74 74 74 74 74 74 74 120 150 160 160 160 180 180 180 200 200 200 200 200 200 200 200 200 210 210 210 220 220 220 230 230 230 230 230 240 240 240 240 245 245 250 250 250 270
vi_thua_so,1039216232557,home,被面材质,纯棉,100% cotton3,,3 100
vi_thua_so,1039216232557,home,床单面料材质,纯棉,100% cotton1,,1 100
vi_thua_so,1039216232557,home,枕套材质,纯棉,100% cotton2,,2 100
vi_thua_so,1033475685675,home,材质,纯棉,100% cotton2,,2 100
vi_thua_so,1033475685675,home,货号,全棉贝壳边,Viền vỏ sò 100% cotton,,100
vi_thua_so,1033475685675,home,被面材质,纯棉,100% cotton4,,4 100
vi_thua_so,1033475685675,home,床单面料材质,纯棉,100% cotton1,,1 100
vi_thua_so,1033475685675,home,枕套材质,纯棉,100% cotton3,,3 100
vi_thua_so,1052823803470,home,材质,全棉双层纱,Vải xô hai lớp 100% cotton,,100
vi_thua_so,1052823803470,home,被面材质,纯棉,100% cotton2,,2 100
vi_thua_so,1052823803470,home,床单面料材质,纯棉,100% cotton3,,3 100
vi_thua_so,1052823803470,home,枕套材质,纯棉,100% cotton1,,1 100
vi_thua_so,1079731985361,home,尺寸规格,"宿舍三件套-被套+床单+枕套, 宿舍四件套-三件套+枕芯, 宿舍五件套-三件套+枕芯+夏被, 宿舍五件套-三件套+枕芯+三斤被, 宿舍五件套-三件套+枕芯+四斤被, 宿舍五件套-三件套+枕芯+五斤被, 宿舍五件套-三件套+枕芯+六斤被, 宿舍六件套-褥子+枕芯+夏被, 宿舍六件套-褥子+枕芯+三斤被, 宿舍六件套-褥子+枕芯+四斤被, 宿舍六件套-褥子+枕芯+五斤被, 宿舍六件套-褥子+枕芯+六斤被","Bộ 3 món ký túc xá - Vỏ chăn + ga trải giường + vỏ gối, Bộ chăn ga gối ký túc xá - bộ 3 món + ruột gối, Bộ 5 món ký túc xá - Bộ 3 món + ruột gối + chăn hè, Bộ 5 món ký túc xá - bộ 3 món + ruột gối + 1.5kg chăn, Bộ 5 món ký túc xá - bộ 3 món + ruột gố",,1.5 1.5 2 2 2.5 2.5 3 3 3 3 3 3 3 3 3 5 5 5 5 5 6 6 6 6 6
khac_so,1079522450735,home,尺寸规格,"【床单款】0.9-1.2床三件套-被套150x200, 【床单款】1.5床四件套-被套200x230, 【床单款】1.8床四件套-被套200x230, 【床单款】2.0四件套-被套220x240, 【床盖款】1.2床三件套-被套150x200床盖160x230, 【床盖款】1.5四件套-被套200x230床盖245x245, 【床盖款】1.8床四件套-被套200x230床盖245x245, 【床盖款】2.0床四件套-被套220x240床盖245x270, 【床笠款】1.5床四件套-被套200x2","【Kiểu ga trải giường】Bộ 3 món cho giường 0.9-1.2m - Vỏ chăn 150x200, 【Bộ ga trải giường】Bộ 4 món cho giường 1.5m - Vỏ chăn 200X230, 【Kiểu ga trải giường】Bộ 4 món cho giường 1.8m - Vỏ chăn 200X230, 【Kiểu ga trải giường】Bộ 4 món 2.0 - Vỏ chăn 220x240, ",0.9 1.2 1.2 1.5 1.5 1.5 1.8 1.8 1.8 2 2 150 150 160 200 200 200 200 200 200 200 200 220 220 230 230 230 230 230 230 230 240 240 245 245 245 245 245 270,0.9 1 1.2 1.5 1.5 1.5 1.8 1.8 1.8 2 2 2 3 3 4 4 4 4 4 4 4 4 150 150 160 200 200 200 200 200 200 200 200 220 220 230 230 230 230 230 230 230 240 240 245 245 245 245 245 270
vi_thua_so,1025270067156,home,材质,纯棉,100% cotton1,,1 100
vi_thua_so,1025270067156,home,被面材质,纯棉,100% cotton4,,4 100
vi_thua_so,1025270067156,home,床单面料材质,纯棉,100% cotton3,,3 100
vi_thua_so,1025270067156,home,枕套材质,纯棉,100% cotton2,,2 100
vi_thua_so,1058581998974,home,被面材质,纯棉,100% cotton2,,2 100
vi_thua_so,1058581998974,home,床单面料材质,纯棉,100% cotton3,,3 100
vi_thua_so,1058581998974,home,枕套材质,纯棉,100% cotton1,,1 100
vi_thua_so,1074455599864,home,材质,纯棉,100% cotton1,,1 100
vi_thua_so,1074455599864,home,被面材质,纯棉,100% cotton2,,2 100
vi_thua_so,1004780076727,home,材质,纯棉,100% cotton1,,1 100
vi_thua_so,1004780076727,home,被面材质,纯棉,100% cotton2,,2 100
vi_thua_so,1004780076727,home,床单面料材质,纯棉,100% cotton3,,3 100
vi_thua_so,1004780076727,home,枕套材质,纯棉,100% cotton4,,4 100
khac_so,963389683985,home,尺寸规格,"0.9米床五件套（床单+被套+枕套+3斤被芯+枕芯）, 0.9米床五件套（床单+被套+枕套+4斤被芯+枕芯）, 0.9米床五件套（床单+被套+枕套+6斤被芯+枕芯）, 0.9米床六件套（床单+被套+枕套+4斤被芯+枕芯+床垫）, 0.9米床六件套（床单+被套+枕套+6斤被芯+枕芯+床垫）, 1.2米床五件套（床单+被套+枕套+4斤被芯+枕芯）, 1.2米床五件套（床单+被套+枕套+6斤被芯+枕芯）, 1.2米床六件套（床单+被套+枕套+4斤被芯+枕芯+床垫）, 1.2米床六件套（床单+被套+枕套","Bộ giường 0.9m năm (ga trải giường + vỏ chăn + vỏ gối + 1.5kg lõi chăn + lõi gối), Bộ giường 0.9m năm (ga trải giường + vỏ chăn + vỏ gối + 2kg lõi chăn + lõi gối), Bộ giường 0.9m năm (ga trải giường + vỏ chăn + vỏ gối + 3kg lõi chăn + lõi gối), Bộ gi",0.9 0.9 0.9 0.9 0.9 1.2 1.2 1.2 1.2 1.5 1.5 1.5 1.5 1.8 1.8 1.8 1.8 2 2 2 2 2 2 2 2 2 2 2 2 3 4 4 4 4 4 4 4 4 6 6 6 6 6 6 6 6 6 8,0.9 0.9 0.9 0.9 0.9 1.2 1.2 1.2 1.2 1.5 1.5 1.5 1.5 1.5 1.8 1.8 1.8 1.8 2 2 2 2 2 2 2 2 2 2 2 2 2 2 2 2 2 2 2 2 3 3 3 3 3 3 3 3 3 4 4 4 4 4 6 6 6 6 7 7 7 7
vi_thua_so,1002737934819,home,被面材质,纯棉,100% cotton2,,2 100
vi_thua_so,1002737934819,home,床单面料材质,纯棉,100% cotton3,,3 100
vi_thua_so,1002737934819,home,枕套材质,纯棉,100% cotton1,,1 100
vi_thua_so,1075097132210,home,材质,纯棉,100% cotton2,,2 100
vi_thua_so,1075097132210,home,被面材质,纯棉,100% cotton3,,3 100
vi_thua_so,1075097132210,home,床单面料材质,纯棉,100% cotton4,,4 100
vi_thua_so,1075097132210,home,枕套材质,纯棉,100% cotton1,,1 100
vi_thua_so,872917960962,home,花型,"祥云瑞彩纯棉, 龙凤大喜金纯棉, 龙凤大喜红纯棉, 喜结良缘纯棉, 龙凤争艳100支纯棉, 龙凤盛宴100支纯棉, 凤冠霞帔加床旗贡缎, 传世之禧纯棉, 情缘纯棉, 婚嫁贺喜纯棉, 欢欢喜喜100支, 龙凤如意纯棉, 喜事-金纯棉, 喜事登门纯棉, 执子之手纯棉, 真情挚爱纯棉, 花样年华纯棉, 欢喜龙凤100支纯棉, 喜事-红, 禧绣盈门-金纯棉, 喜乐-红纯棉, 喜事到家纯棉, 天赐良缘-红140支, 龙凤佳人100支纯棉, 往后余生100支纯棉, 永结同心纯棉, 盛世龙凤纯棉, 龙凤报喜1","Xiangyun Ruicai cotton tinh khiết, Rồng phượng đại hạnh phúc vàng 100% cotton, Rồng phượng đại hạnh phúc màu đỏ cotton tinh khiết, Kết hôn 100% cotton, 100 bông tinh khiết, Lễ hội rồng phượng 100 bông, Phượng vương miện và vải sa tanh, Bông tinh khiế",100 100 100 100 100 100 100 100 140 140,100 100 100 100 100 100 100 100 100 100 100 100 100 100 100 100 100 100 100 100 100 140 140
khac_so,1073466339410,home,货号,20260814-RZ,14/08/2026-RZ.,2.02608e+07,8 14 2026
vi_thua_so,1073466339410,home,被面材质,纯棉,100% cotton2,,2 100
vi_thua_so,1073466339410,home,床单面料材质,纯棉,100% cotton1,,1 100
vi_thua_so,1073466339410,home,枕套材质,纯棉,100% cotton3,,3 100
vi_thua_so,1009164245633,home,材质,纯棉,100% cotton4,,4 100
vi_thua_so,1009164245633,home,被面材质,纯棉,100% cotton2,,2 100
vi_thua_so,1009164245633,home,床单面料材质,纯棉,100% cotton3,,3 100
vi_thua_so,1009164245633,home,枕套材质,纯棉,100% cotton1,,1 100
vi_thua_so,1073257927002,home,材质,纯棉,100% cotton4,,4 100
vi_thua_so,1073257927002,home,货号,HC-A类提花全棉磨毛四件套,Bộ chăn ga gối 4 món cotton 100% dệt jacquard chải lông loại HC-A,,4 100
vi_thua_so,1073257927002,home,被面材质,纯棉,100% cotton1,,1 100
vi_thua_so,1073257927002,home,床单面料材质,纯棉,100% cotton2,,2 100
vi_thua_so,1073257927002,home,枕套材质,纯棉,100% cotton3,,3 100
khac_so,896672005946,home,尺寸规格,"1.2m床-床单款三件套（被套150*200cm）, 1.5m床-床单款四件套（被套200*230cm）, 1.8m床-床单款四件套（被套200*230cm）, 2.0m床-床单款四件套（被套220*240cm）, 【不退换】1.5m床-床笠款四件套（被套200*230cm）, 【不退换】1.8m床-床笠款四件套（被套200*230cm）","Bộ ga trải giường 3 mảnh 1,2m (vỏ chăn 150*200cm), Giường 1,5m - Bộ ga trải giường 4 mảnh (vỏ chăn 200*230cm), Giường 1,8m - Bộ ga trải giường 4 mảnh (vỏ chăn 200*230cm), Bộ ga trải giường 2,0m gồm bốn món (vỏ chăn 220*240cm), [Không đổi trả] Bộ ga g",1.2 1.5 1.5 1.8 1.8 2 150 200 200 200 200 200 220 230 230 230 230 240,1 1.2 1.5 1.8 1.8 2 3 4 4 4 4 5 150 200 200 200 200 200 220 230 230 230 230 240
vi_thua_so,1063819036804,home,被面材质,纯棉,100% cotton3,,3 100
vi_thua_so,1063819036804,home,床单面料材质,纯棉,100% cotton2,,2 100
vi_thua_so,1063819036804,home,枕套材质,纯棉,100% cotton1,,1 100
khac_so,821890169306,home,尺寸规格,"1.5m床/床单款（被套200*230）, 1.8m床/床单款（被套200*230）, 2.0m床/床单款（被套220*240）, 1.5床笠【定制款不退换】被套200*230四件套, 1.8床笠【定制款不退换】被套200*230四件套, 1.8床笠【定制款不退换】被套220*240四件套","Giường/ga trải giường 1,5 m (vỏ chăn 200*230), Giường/ga trải giường 1,8 m (vỏ chăn 200*230), Giường/ga trải giường 2.0m (vỏ chăn 220*240), 1. 5 ga trải giường [các mẫu tùy chỉnh không được trả lại] vỏ chăn 200*230 bộ bốn món, Ga trải giường 1.8m [Đơ",1.5 1.5 1.8 1.8 1.8 2 200 200 200 200 220 220 230 230 230 230 240 240,1 1.5 1.8 1.8 1.8 2 5 200 200 200 200 220 220 230 230 230 230 240 240
vi_thua_so,886366820095,home,材质,纯棉,100% cotton1,,1 100
vi_thua_so,886366820095,home,被面材质,纯棉,100% cotton2,,2 100
vi_thua_so,886366820095,home,床单面料材质,纯棉,100% cotton3,,3 100
vi_thua_so,886366820095,home,枕套材质,纯棉,100% cotton4,,4 100
vi_thieu_so,670931255756,home,尺寸规格,"1.2米床单款【被套：150*200cm】三件套, 1.5米床单款【被套：200*230cm】四件套, 1.8米床单款【被套：200*230cm】四件套, 2.0米床单款【被套：220*240cm】四件套, 1.5米床笠款【被套：200*230cm】四件套, 1.8米床笠款【被套：200*230cm】四件套, 1.8米床笠款【被套220*240cm】四件套","Mẫu Ga Trải Giường 1.2 m [Vỏ chăn: 150*200cm] Bộ ba mảnh, Mẫu Ga Trải Giường 1.5 m [Vỏ chăn: 200*230cm] Bộ bốn mảnh, Mẫu Ga Trải Giường 1.8 m [Vỏ chăn: 200*230cm] Bộ bốn mảnh, Mẫu Ga Trải Giường 2.0 M [Vỏ chăn: 220*240cm] Bộ bốn mảnh, Bộ Khăn trải gi",1.2 1.5 1.5 1.8 1.8 1.8 2 150 200 200 200 200 200 220 220 230 230 230 230 240 240,1.2 1.5 1.5 1.8 1.8 2 150 200 200 200 200 200 220 220 230 230 230 230 240 240
vi_thua_so,1012435483216,home,被面材质,纯棉,100% cotton2,,2 100
vi_thua_so,1012435483216,home,床单面料材质,纯棉,100% cotton1,,1 100
vi_thua_so,1012435483216,home,枕套材质,纯棉,100% cotton3,,3 100
vi_thua_so,1072371801536,home,货号,2025-2-27-5-TS,2025-2-27-5-TS (2025-Tháng 2-27-5-TS),2 5 27 2025,2 2 5 5 27 27 2025 2025
vi_thua_so,1076366477649,home,材质,纯棉,100% cotton1,,1 100
vi_thua_so,1076366477649,home,被面材质,纯棉,100% cotton2,,2 100
vi_thua_so,1076366477649,home,床单面料材质,纯棉,100% cotton4,,4 100
vi_thua_so,1076366477649,home,枕套材质,纯棉,100% cotton3,,3 100
vi_thua_so,1032107708006,home,花型,"星星童话园【亲肤全棉面料舒适透气】, 蓝色泡芙狗【亲肤全棉面料舒适透气】, 甜心樱桃狗【亲肤全棉面料舒适透气】, 甜蜜纪念日【A类全棉面料亲肤舒适】, 绿茵【亲肤全棉面料舒适透气】, 黑白西高地【亲肤全棉面料舒适透气】, 暮洛星【亲肤全棉面料舒适透气】, 兔影【升级加密全棉更柔软更亲肤】, 油画意境【加厚加密全棉柔软耐磨】, 绿底蝴蝶结【亲肤全棉面料舒适透气】, 丛草集【亲肤全棉面料舒适透气】, 蓝色星光【亲肤全棉面料舒适透气】, 费尔岛小狗【亲肤全棉面料舒适透气】, 微动【亲肤全棉面料舒适透气","Vườn Cổ Tích Ngôi Sao [Vải cotton 100% thân thiện với da, thoải mái và thoáng khí], Chó Puff màu xanh dương [Vải cotton 100% thân thiện với da, thoải mái và thoáng khí], Chó Anh Đào Ngọt Ngào [Vải cotton thân thiện với da, thoải mái và thoáng khí], K",1 1,1 1 100 100 100 100 100 100 100 100 100 100 100 100 100 100 100
vi_thua_so,1032107708006,home,被面材质,纯棉,100% cotton1,,1 100
vi_thua_so,1032107708006,home,床单面料材质,纯棉,100% cotton3,,3 100
vi_thua_so,1032107708006,home,枕套材质,全棉,100% cotton2,,2 100
vi_thua_so,1032122116412,home,床单面料材质,纯棉,100% cotton1,,1 100
vi_thua_so,1032122116412,home,枕套材质,纯棉,100% cotton2,,2 100
vi_thieu_so,954235236054,home,尺寸规格,"150x200cm-单件被套【建议拍2套换洗】, 180x220cm-单件被套【建议拍2套换洗】, 200x230cm-单件被套【建议拍2套换洗】, 被套【150x200cm】送床单+1枕套【适合学生宿舍】, 被套【150x200cm】送床单+2枕套【适合1.5床】, 被套【180x220cm】送床单+2枕套【适合1.8床】, 被套【200x230cm】送床单+2枕套【适合2.0床】","150x200cm - Vỏ chăn đơn [Nên mua 2 bộ để thay đổi], 180x220cm - Vỏ chăn đơn [Chúng tôi khuyên bạn nên mua hai bộ để dễ dàng thay đổi và giặt giũ]., Vỏ chăn đơn, kích thước 200x230cm [nên mua 2 bộ để thay đổi]., Bộ chăn ga [150x200cm] tặng kèm ga trải",1 1.5 1.8 2 2 2 2 2 2 2 150 150 150 180 180 200 200 200 200 200 220 220 230 230,1 1.5 1.8 2 2 2 2 2 2 150 150 150 180 180 200 200 200 200 200 220 220 230 230
vi_thua_so,1033317325606,home,材质,纯棉,100% cotton3,,3 100
vi_thua_so,1033317325606,home,货号,纯棉-四件套-G,Bộ chăn ga gối 4 món - 100% cotton - G,,4 100
vi_thua_so,1033317325606,home,被面材质,纯棉,100% cotton2,,2 100
vi_thua_so,1033317325606,home,床单面料材质,纯棉,100% cotton4,,4 100
vi_thua_so,1033317325606,home,枕套材质,纯棉,100% cotton1,,1 100
khac_so,1025453147053,home,尺寸规格,"1.1X1.5单被套, 1.5X2.0单被套, 1.6X2.1单被套, 1.8X2.0单被套, 1.8X2.2单被套, 2.0X2.3单被套, 0.9三件套【被套150X200cm】, 1.2三件套【被套150X200cm】, 1.5四件套【被套150X200cm】, 1.8四件套【被套180X220cm】, 2.0四件套【被套200X220cm】","Vỏ chăn đơn 1.1x1.5, Vỏ chăn đơn 1.5x2.0, Vỏ chăn đơn 1.6x2.1, Vỏ chăn đơn 1.8x2.0, Vỏ chăn đơn 1.8x2.2, Vỏ chăn đơn 2.0x2.3, Bộ 3 món 0.9 [Vỏ chăn 150x200cm], 1.2 Bộ ba món [vỏ chăn 150x200cm], Bộ 4 món 1.5 [Vỏ chăn 150X200cm], 1.8 bộ gồm bốn món [v",0.9 1.1 1.2 1.5 1.5 1.5 1.6 1.8 1.8 1.8 2 2 2 2 2.1 2.2 2.3 150 150 150 180 200 200 200 200 220 220,0.9 1.1 1.2 1.5 1.5 1.5 1.6 1.8 1.8 1.8 2 2 2 2.1 2.2 2.3 3 4 150 150 150 180 200 200 200 200 220 220
vi_thua_so,894454641000,home,花型,"摩菲【全棉亲肤柔软适合裸睡】, 安可【全棉亲肤柔软适合裸睡】, 柏林梦境【全棉亲肤柔软适合裸睡】, 彩条精灵【全棉亲肤柔软适合裸睡】, 粉桃之恋【全棉亲肤柔软适合裸睡】, 花知晓【全棉亲肤柔软适合裸睡】, 加州阳光【全棉亲肤柔软适合裸睡】, 蓝色甜星【全棉亲肤柔软适合裸睡】, 萝莉三宝【全棉亲肤柔软适合裸睡】, 米洛【全棉亲肤柔软适合裸睡】, 魔法伙伴【全棉亲肤柔软适合裸睡】, 奶昔蓝【全棉亲肤柔软适合裸睡】, 奶油阿布【全棉亲肤柔软适合裸睡】, 奇趣欢乐园【全棉亲肤柔软适合裸睡】, 汽车乐园【","Morphy [100% cotton, thân thiện với làn da và mềm mại, thích hợp để ngủ khỏa thân], Encore [100% cotton, thân thiện với làn da và mềm mại, thích hợp để ngủ khỏa thân], Berlin Dream [100% cotton, thân thiện với làn da và mềm mại, thích hợp để ngủ khỏa",,100 100 100 100 100 100 100 100 100 100 100 100 100 100 100 100 100 100 100 100 100
vi_thua_so,1024729535370,home,材质,纯棉,100% cotton4,,4 100
vi_thua_so,1024729535370,home,被面材质,纯棉,100% cotton2,,2 100
vi_thua_so,1024729535370,home,床单面料材质,纯棉,100% cotton3,,3 100
vi_thua_so,1024729535370,home,枕套材质,纯棉,100% cotton1,,1 100
vi_thua_so,1064802298880,home,货号,LB-花田诗梦纯棉全棉四件套,LB-Hoa Điền Thi Mộng bộ chăn ga gối 4 món 100% cotton,,4 100
vi_thua_so,1064802298880,home,被面材质,纯棉,100% cotton3,,3 100
vi_thua_so,1064802298880,home,床单面料材质,纯棉,100% cotton2,,2 100
vi_thua_so,1064802298880,home,枕套材质,纯棉,100% cotton1,,1 100
vi_thua_so,1015462147168,home,材质,纯棉,100% cotton4,,4 100
vi_thua_so,1015462147168,home,花型,"宝蓝+月白兰【60支高支高密全棉 】, 藏青+卡其【60支高支高密全棉 】, 藏青+月白兰【60支高支高密全棉 】, 藏青色【60支高支高密全棉 】, 粉色【60支高支高密全棉 】, 粉色+玉色【60支高支高密全棉 】, 果绿+卡其【60支高支高密全棉 】, 果绿+香芋紫【60支高支高密全棉 】, 红驼+卡其【60支高支高密全棉 】, 红驼+月白兰【60支高支高密全棉 】, 红驼色【60支高支高密全棉 】, 灰绿+果绿【60支高支高密全棉 】, 灰绿+香芋紫【60支高支高密全棉 】, 灰紫+卡其","Xanh ngọc + Trắng ngà [60 sợi, mật độ cao, 100% cotton], Xanh tím than + Kaki [Sợi 60s, mật độ cao, 100% cotton], Xanh tím than + Trắng ngà [60 sợi, mật độ cao, 100% cotton], Xanh tím than [100% cotton sợi 60s, mật độ cao], Màu hồng [60 sợi, mật độ c",60 60 60 60 60 60 60 60 60 60 60 60 60 60 60 60 60 60 60 60,60 60 60 60 60 60 60 60 60 60 60 60 60 60 60 60 60 60 60 60 100 100 100 100 100 100 100 100 100 100 100 100 100 100 100 100 100 100 100 100
vi_thua_so,1015462147168,home,被面材质,纯棉,100% cotton2,,2 100
vi_thua_so,1015462147168,home,床单面料材质,纯棉,100% cotton3,,3 100
vi_thua_so,1015462147168,home,枕套材质,纯棉,100% cotton1,,1 100
vi_thua_so,903919567809,home,尺寸规格,"0.9m床【床单款三件套】适合150x200cm被芯, 1.2m床【床单款三件套】适合150x200cm被芯, 1.5m床【床单款四件套】适合200x230cm被芯, 1.8m床【床单款四件套】适合200x230cm被芯, 2.0m床【床单款四件套】适合220x240cm被芯, 1.5m床【床笠款四件套】适合200x230cm被芯, 1.8m床【床笠款四件套】适合200x230cm被芯","Giường 0.9m [bộ ba mẫu ga trải giường] phù hợp với lõi chăn 150x200cm, Giường 1,2 m [bộ ba mẫu ga trải giường] phù hợp với lõi chăn 150x200cm, Giường 1,5 m [bộ 4 chiếc kiểu ga trải giường] phù hợp với lõi chăn 200x230cm1, Giường 1,8 m [bộ 4 chiếc kiể",0.9 1.2 1.5 1.5 1.8 1.8 2 150 150 200 200 200 200 200 200 220 230 230 230 230 240,0.9 1 1 1.2 1.5 1.5 1.8 1.8 2 2 2 4 4 4 4 4 150 150 200 200 200 200 200 200 220 230 230 230 230 240
vi_thua_so,786615480888,home,材质,纯棉,100% cotton1,,1 100
vi_thua_so,786615480888,home,被面材质,纯棉,100% cotton2,,2 100
vi_thua_so,786615480888,home,床单面料材质,纯棉,100% cotton3,,3 100
vi_thua_so,786615480888,home,枕套材质,纯棉,100% cotton4,,4 100
khac_so,999977186515,home,尺寸规格,"0.9m宿舍床三件套—适合150x200cm被子, 1.2m床床单款三件套—适合150x200cm被子, 1.5m床床单款四件套—适合200x230cm被子, 1.8m床床单款四件套—适合200x230cm被子, 2.0m床床单款四件套—适合220x240cm被子, 1.5m床床笠款四件套—适合200x230cm被子, 1.8m床床笠款四件套—适合200x230cm被子, 小被标单1.5m床床单款四件套—适合150x200cm被子, 加大床笠1.8m床床笠款四件套—适合220x240cm被子","Bộ giường ngủ ba mảnh 0,9m - phù hợp với chăn 150x200cm, Bộ ga trải giường 3 món 1,2m - phù hợp với chăn 150x200cm, Bộ ga trải giường 1,5m 4 món - phù hợp với chăn 200x230cm, Bộ ga trải giường 4 món 1,8m - phù hợp với chăn bông 200x230cm, Bộ ga trải ",0.9 1.2 1.5 1.5 1.5 1.8 1.8 1.8 2 150 150 150 200 200 200 200 200 200 200 220 220 230 230 230 230 240 240,0.9 1 1.2 1.5 1.5 1.8 1.8 1.8 2 3 4 4 4 4 4 4 4 5 150 150 150 200 200 200 200 200 200 200 220 220 230 230 230 230 240 240
vi_thua_so,781122776600,home,材质,纯棉,100% cotton1,,1 100
vi_thua_so,781122776600,home,被面材质,纯棉,100% cotton2,,2 100
vi_thua_so,781122776600,home,床单面料材质,纯棉,100% cotton3,,3 100
vi_thua_so,781122776600,home,枕套材质,纯棉,100% cotton4,,4 100
vi_thua_so,1070219299351,home,花型,"萌宝礼袋【A类全棉 亲肤透气 超柔裸睡】, KT蛋糕【A类全棉 亲肤透气 超柔裸睡】, 甜酷小狗【A类全棉 亲肤透气 超柔裸睡】, 小宠生活【A类全棉 亲肤透气 超柔裸睡】","Túi quà cho bé yêu [Loại A, 100% cotton, thân thiện với da, thoáng khí, siêu mềm mại, thoải mái ngủ trần], Bánh KT [Loại A, 100% cotton, thân thiện với da, thoáng khí, siêu mềm mại, thoải mái ngủ trần], Chú chó ngọt ngào cá tính [Loại A 100% cotton, ",,100 100 100 100
vi_thua_so,1070219299351,home,枕套材质,纯棉,100% cotton2,,2 100
vi_thua_so,1070219299351,home,被面材质,纯棉,100% cotton3,,3 100
vi_thua_so,1070219299351,home,床单面料材质,纯棉,100% cotton1,,1 100
vi_thua_so,1081461116253,home,被面材质,纯棉,100% cotton2,,2 100
vi_thua_so,1081461116253,home,床单面料材质,纯棉,100% cotton1,,1 100
vi_thua_so,1081461116253,home,枕套材质,纯棉,100% cotton3,,3 100
vi_thua_so,869651540225,home,尺寸规格,"被套单件：150x200cm, 被套单件：180x220cm, 被套单件：200x230cm, 被套单件：220x240cm, 1.2m床【床单款三件套】-适合150*200cm被芯, 1.5m床【床单款四件套】-适合200*230cm被芯, 1.8m床【床单款四件套】-适合200*230cm被芯, 2.0m床【床单款四件套】-适合220*240cm被芯, 1.5m床【床笠款四件套】-适合200*230cm被芯, 1.8m床【床笠款四件套】-适合200*230cm被芯","Vỏ chăn đơn: 150x200cm, Vỏ chăn đơn: 180x220cm, Vỏ chăn đơn: 200x230cm, Vỏ chăn đơn: 220x240cm, Giường 1,2 m [bộ ba mẫu ga trải giường]-phù hợp với vỏ chăn 150*200cm, Giường 1,5 m [bộ 4 chiếc kiểu ga trải giường]-phù hợp với vỏ chăn 200*230cm1, Giườn",1.2 1.5 1.5 1.8 1.8 2 150 150 180 200 200 200 200 200 200 200 220 220 220 230 230 230 230 230 240 240,1 1.2 1.5 1.5 1.8 1.8 2 2 4 4 4 150 150 180 200 200 200 200 200 200 200 220 220 220 230 230 230 230 230 240 240
vi_thua_so,914643618615,home,尺寸,"小叶相思木锅铲, 小叶相思木料理铲, 小叶相思木小汤勺, 小叶相思木调味勺, 小叶相思木漏勺, 小叶相思木沙拉叉, 小叶相思木沙拉勺, 小叶相思木三线方铲, 小叶相思木意粉勺, 小叶相思木三线捞面勺, 小叶相思木角勺, 小叶相思木汤勺, 相思木收纳桶, 勺托, 短柄饭勺, A款五件套, D款五件套, E款五件套, A款六件套, C款六件套, D款六件套, A款七件套, C款七件套, D款七件套, E款七件套, A款八件套, A款九件套, C款九件套, A款十件套, A款十一件套, A款十二件套","thìa keo, Thìa nấu ăn lá keo, Muỗng nhỏ Acacia, Muỗng gia vị lá keo, Rổ lọc lá keo, Nĩa salad lá keo, Thìa Salad Acacia, Xẻng vuông ba dòng lá nhỏ Acacia, Muỗng ăn mì pasta lá keo, Thìa mì ba đường bằng gỗ keo, Thìa góc lá keo, Thìa lá keo, Thùng đựn",,8 12
khac_so,691674022586,home,颜色,"【1/1】53.5X32.5高2cm, 【1/1】53.5X32.5高4cm, 【1/1】53.5X32.5高6.5cm, 【1/1】53.5X32.5高10cm, 【1/1】53.5X32.5高15cm, 【1/1】53.5X32.5高20cm, 【2/1】32.5*26.5高2cm, 【2/1】32.5*26.5高4cm, 【2/1】32.5*26.5高6.5cm, 【2/1】32.5*26.5高10cm, 【2/1】32.5*26.5高15cm, 【2/1】32.5*26.5高20cm, ","[1/1] 5X32.5 Cao 2cm, [1/1] 53, 5x 32, 5 cao 4cm, [1/1] 53, 5x 32, 5 cao 6,5 cm, [1/1] 53, 5x 32, 5 cao 10cm, [1/1] 53, 5x 32, 5 cao 15cm, [1/1] 5X32,5 Cao 20cm, 【 2/1 】 32.5*26.5 Cao 2cm, 【 2/1 】 32.5*26.5 Cao 4cm, 【 2/1 】 32,5*26,5 cao 6,5 cm, 【 2/",1 1 1 1 1 1 1 1 1 1 1 1 1 1 1 1 1 1 1 1 1 1 1 1 1 1 1 1 1 1 1 1 1 1 1 1 1 1 1 1 2 2 2 2 2 2 2 2 2 3 3 3 3 3 4 4 4 4 4 4 4 6 6 6 6 6 6.5 6.5 6.5 6.5 6.5 6.5 9 9 9 9 10 10 10 10 10 10 11 11 11 15 15 15 15 15 15 16.5 16.5 16.5 16.5 16.5 16.5 16.5 16.5 17.5 17.5 17.5 17.5 17.5 17.5 17.5 17.5 17.5 17.5 17.5 20 20 20 20 20 26.5 26.5 26.5 26.5 26.5 26.5 26.5 26.5 26.5 26.5 32.5 32.5 32.5 32.5 32.5 32.5 32.5 32.5 32.5 32.5 32.5 32.5 32.5 32.5 32.5 32.5 53.5 53.5 53.5 53.5 53.5 53.5,1 1 1 1 1 1 1 1 1 1 1 1 1 1 1 1 1 1 1 1 1 1 1 1 1 1 1 1 1 1 1 1 1 1 1 1 1 1 1 1 2 2 2 2 2 2 2 2 2 3 3 3 3 3 4 4 4 4 4 4 4 5 5 5 5 5 5 5 5 5 5 6 6 6 6 6 6.5 6.5 6.5 6.5 6.5 6.5 9 9 9 9 10 10 10 10 10 10 11 11 11 15 15 15 15 15 15 16.5 16.5 16.5 16.5 16.5 16.5 16.5 16.5 17.5 17.5 17.5 17.5 17.5 17.5 17.5 17.5 17.5 17.5 17.5 20 20 20 20 20 26.5 26.5 26.5 26.5 26.5 26.5 26.5 26.5 26.5 26.5 32 32 32 32 32.5 32.5 32.5 32.5 32.5 32.5 32.5 32.5 32.5 32.5 32.5 32.5 53 53 53 53
khac_so,623805317234,home,颜色,"【直角】10*7*3cm, 单面元宝巾, 双面元宝巾【加厚】, PVA海绵擦, 手持PVA海绵擦【粉色】, 手持PVA海绵擦【绿色】, 手持PVA海绵擦【白色】, 八字双面海绵擦【红色】, 八字双面海绵擦【蓝色】, 八字双面海绵擦【灰色】","Quy cách, Khăn thỏi một mặt, Khăn thỏi hai mặt [dày], Chà xát bọt biển PVA, Cọ xát bọt biển PVA cầm tay [màu hồng], Cọ xát bọt biển PVA cầm tay [màu xanh lá cây], Cọ xát bọt biển PVA cầm tay [màu trắng], Miếng bọt biển lau hai mặt hình số 8 [đỏ], Miế",3 7 10,8 8 8
khac_so,963566779310,home,尺寸,"木柄1两, 木柄2两（深款）, 木柄2两（浅款）, 木柄3两, 木柄4两, 木柄6两, 木柄8两, 木柄10两, 木柄12两, 木柄16两, 木柄1号铲, 木柄2号铲, 木柄3号铲, 木柄4号铲, 钢柄1两（长款）, 钢柄2两（长款）, 钢柄2两（浅）, 钢柄3两（长款）, 钢柄4两（长款）, 钢柄2两（短款）, 钢柄3两（短款）, 钢柄4两（短款）, 钢柄6两, 钢柄8两, 钢柄10两, 钢柄12两, 钢柄16两, 钢柄1号铲, 钢柄2号铲, 钢柄3号铲, 钢柄4号铲, 钢柄17铲, 加长木柄","tay cầm bằng gỗ 0.05kg, Tay cầm bằng gỗ 0.1kg (kiểu sâu), Tay cầm bằng gỗ 0.1kg (kiểu nhẹ), tay cầm bằng gỗ 0.15kg, tay cầm bằng gỗ 0.2kg, tay cầm bằng gỗ 0.3kg, tay cầm bằng gỗ 0.4kg, tay cầm bằng gỗ 0.5kg, tay cầm bằng gỗ 0.6kg, Tay cầm bằng gỗ 0.8",1 1 1 1 1 1.5 1.5 1.5 1.5 1.5 1.5 1.5 2 2 2 2 2 2 2 2 3 3 3 3 3 3 4 4 4 4 4 6 6 6 8 8 8 10 10 10 12 12 12 16 16 16 17 17 17 18 19 20 77 88 100 115 304 304 304 304 304 304 304,0.05 0.05 0.1 0.1 0.1 0.1 0.1 0.15 0.15 0.15 0.2 0.2 0.2 0.3 0.3 0.3 0.4 0.4 0.4 0.5 0.5 0.5 0.6 0.6 0.6 0.8 0.8 0.8 1 1 1 1.5 1.5 1.5 1.5 1.5 1.5 1.5 2 2 2 3 3 3 4 4 17 17 17 18 19 20 77 88 100 115 304 304 304 304 304 304 304
khac_so,834848116090,home,重量,0.018kg,0.018kg,0.018,18
vi_thieu_so,821102225164,home,颜色,"【单层加厚】【1片装】不伤锅/强去污, 【单层加厚】【3片装】不伤锅/强去污, 【单层加厚】【5片装】不伤锅/强去污, 【单层加厚】【12片装】不伤锅/强去污, 【单层加厚】【6片装】不伤锅/强去污, 【单层加厚】【8片装】不伤锅/强去污, 【单层加厚】【9片装】不伤锅/强去污, 【单层加厚】【10片装】不伤锅/强去污, 【单层加厚】【15片装】不伤锅/强去污, 【单层加厚】【20片装】不伤锅/强去污, 【单层加厚】【21片装】不伤锅/强去污, 【单层加厚】【30片装】不伤锅/强去污, 【单层加","[Dày một lớp] [1 miếng] Không làm hỏng nồi/khử nhiễm mạnh, [Dày một lớp] [3 miếng] Không làm hỏng nồi/khử nhiễm mạnh, [Dày một lớp] [5 miếng] Không làm hỏng nồi/khử nhiễm mạnh, [Dày một lớp] [12 miếng] Không làm hỏng nồi/khử nhiễm mạnh, [Dày một lớp]",1 1 1 2 3 3 3 4 5 5 5 6 6 8 8 9 9 10 10 12 12 12 12 12 12 12 15 15 16 16 16 16 16 20 20 21 21 30 50,1 1 2 3 3 3 4 5 5 5 6 6 8 8 9 9 10 10 12 12 12 12 12 12 12 15 15 16 16 16 16 16 20 20 21 21 30 50
khac_so,691823475174,home,重量,0.035,0.035,0.035,35
vi_thieu_so,1004992508614,home,规格,"304加厚【25x15cm】食品级不锈钢 (适合宝宝辅食使用）, 304加厚【29x20cm】食品级不锈钢 (适合1-2人使用）, 304加厚【34x23cm】食品级不锈钢 (适合1-3人使用）, 304加厚【39x28cm】食品级不锈钢 (适合2-3人使用）, 304加厚【46x30cm】食品级不锈钢 (适合2-5人使用）, 304加厚【40x60cm】食品级不锈钢, 304加厚【49x60cm】食品级不锈钢, 304加厚【46x30cm】8件套装, 304加厚【40x60cm】三件套, 30","Thép không gỉ loại 304, dày hơn [25x15cm] (loại dùng được trong thực phẩm, phù hợp để chế biến thức ăn cho trẻ em)., Thép không gỉ 304, loại dày [29x20cm] (loại dùng được cho thực phẩm, phù hợp cho 1-2 người)., Thép không gỉ loại 304, dày hơn [34x23c",1 1 1 1 2 2 2 2 2 2 3 3 3 3 5 5 8 8 15 15 20 20 23 23 25 25 28 28 29 29 30 30 30 30 34 34 39 39 40 40 40 40 46 46 46 46 49 49 49 49 60 60 60 60 60 60 60 60 304 304 304 304 304 304 304 304 304 304 316 316 316 316 316 316 316 316 316 316,1 1 1 1 2 2 2 2 2 2 3 3 3 3 5 5 8 8 15 15 20 20 23 23 25 25 28 28 29 29 30 30 30 30 34 34 39 39 40 40 40 40 46 46 46 46 49 49 49 49 60 60 60 60 60 60 60 60 304 304 304 304 304 304 304 304 304 304 316 316 316 316 316 316 316 316 316
vi_thieu_so,1072508158553,home,规格,"整木黑金檀【0胶无拼接】36*25*2.5cm, 整木黑金檀【0胶无拼接】40*28*2.5cm, 整木黑金檀【0胶无拼接】45*30*2.5cm, 整木黑金檀【0胶无拼接】50*32*2.5cm","Gỗ tự nhiên Đen Kim Đàn [Không keo, không ghép nối] 36*25*2.5cm, Gỗ tự nhiên đen vàng [không keo, không ghép nối] 40*28*2.5cm, Gỗ tự nhiên Đen Kim Đàn [Không keo, không ghép nối] 45*30*2.5cm, Gỗ tự nhiên Đen Kim Đàn [Không keo, không ghép nối] 50*32*",0 0 0 0 2.5 2.5 2.5 2.5 25 28 30 32 36 40 45 50,2.5 2.5 2.5 2.5 25 28 30 32 36 40 45 50
khac_so,694912376432,home,规格,"中号352*270*10mm【食品级.抗菌防霉】, 家用中号370*280*15【食品级.抗菌防霉】, 家用加厚中号360*280*20【抗菌防霉】, 葱姜蒜辅料302*202*10mm【食品级.抗菌防霉】, 家用大号400*300*15【抗菌防霉】买1送2, 家用中号/450*300*10【食品级.抗菌防霉】买一送2, 家用加大款/450*300*15【食品级.抗菌防霉】买一送2, 特大号/500*350*10【食品级.抗菌防霉】买一送2, 特大号/500*350*15【食品级.抗菌防霉】买一","Trung bình 352*270*10mm [cấp thực phẩm. Kháng khuẩn và chống nấm mốc]1, Trang chủ trung bình 370*280*15 【Cấp thực phẩm. Kháng khuẩn và chống nấm mỏ】1, Gia dụng dày vừa phải 360*280*20 [kháng khuẩn và chống nấm mốc]1, Phụ kiện hành lá, gừng và tỏi 302",1 1 1 1 1 1 1 2 2 2 2 2 2 2 2 2 2 2 2 2 2 2 2 2 10 10 10 10 15 15 15 15 15 20 20 20 20 20 20 25 25 30 30 30 30 30 202 270 280 280 280 280 280 300 300 300 300 300 300 300 300 302 350 350 350 350 352 360 360 360 370 370 400 400 400 400 400 400 450 450 450 450 450 500 500 500 500 600 600 600,1 1 1 1 1 1 1 2 2 2 2 2 2 2 10 10 10 10 15 15 15 15 15 20 20 20 20 20 20 21 21 21 21 21 21 21 21 21 21 25 25 30 30 30 30 30 202 270 280 280 280 280 280 300 300 300 300 300 300 300 300 302 350 350 350 350 352 360 360 360 370 370 400 400 400 400 400 400 450 450 450 450 450 500 500 500 500 600 600 600
vi_thieu_so,982554428122,home,规格,"304特价宝宝款【25x15cm】, 304特价款【29x20cm】, 304特价款【39x28cm】, 304特价款【34x23cm】, 304特价款【46x30cm】, 304特价款+特大型【46x30cm】, 304特价款+特大号【8件套装】, 304可擀面超大号【40*60cm】, 304特价款【49*60cm】, 316学生一人可用【29x20cm】, 316租房可用【39x28cm】, 【25x15cm】, 316单身使用可用【34x23cm】, 316情侣合租可用【46x30cm】","Mẫu baby 304 giá đặc biệt [25x15cm], 304 giá đặc biệt [29x20cm], 304 giá đặc biệt [39x28cm], 304 giá đặc biệt [34x23cm], 304 giá đặc biệt [46x30cm], 304 giá đặc biệt + cực lớn [46x30cm], 304 Giá Đặc Biệt + Extra Large [Bộ 8 món], 304 kích thước cực l",8 8 15 15 15 20 20 23 23 25 25 25 28 28 28 29 29 30 30 30 34 34 39 39 39 40 40 46 46 46 49 49 60 60 60 60 304 304 304 304 304 304 304 304 304 316 316 316 316 316 316 316 316 316,8 8 15 15 15 20 20 23 23 25 25 25 28 28 28 29 29 30 30 30 34 34 39 39 39 40 40 46 46 46 49 49 60 60 60 60 304 304 304 304 304 304 304 304 304 316 316 316 316 316 316 316 316
khac_so,1000312798601,home,规格,"中号348*270*6mm【食品级.抗菌防霉】, 家用中号370*280*10【食品级.抗菌防霉】, 家用加厚中号360*280*15【抗菌防霉】, 家用大号400*300*11【抗菌防霉】买1送2, 家用中号/450*300*7【食品级.抗菌防霉】买一送2, 家用加大款/450*300*10【食品级.抗菌防霉】买一送2, 特大号/500*350*5【食品级.抗菌防霉】买一送2, 特大号/500*350*10【食品级.抗菌防霉】买一送2, 商用特大600*400*10【抗菌防霉】买1送2, 【加","Kích thước trung bình 348*270*6mm [loại dùng cho thực phẩm. Kháng khuẩn và chống nấm mốc], Hộp đựng rác gia dụng cỡ vừa 370*280*10 [Chất liệu an toàn thực phẩm, kháng khuẩn và chống nấm mốc]., Tấm lót sàn gia dụng dày dặn, kích thước vừa 360*280*15 [",1 1 1 1 1 1 1 2 2 2 2 2 2 2 2 2 2 2 2 2 2 2 2 2 5 6 7 10 10 10 10 11 15 15 15 15 15 15 20 20 25 25 25 25 25 270 280 280 280 280 280 300 300 300 300 300 300 300 300 348 350 350 350 350 360 360 360 370 370 400 400 400 400 400 400 450 450 450 450 450 500 500 500 500 600 600 600,1 1 1 1 1 1 1 1 1 1 1 1 2 2 2 2 2 2 2 2 2 2 2 2 2 5 6 7 10 10 10 10 11 15 15 15 15 15 15 20 20 25 25 25 25 25 270 280 280 280 280 280 300 300 300 300 300 300 300 300 348 350 350 350 350 360 360 360 370 370 400 400 400 400 400 400 450 450 450 450 450 500 500 500 500 600 600 600
khac_so,844217741327,home,规格,"304加厚【25x15cm】食品级不锈钢 (适合宝宝辅食使用）, 304加厚【29x20cm】食品级不锈钢 (适合1-2人使用）, 304加厚【34x23cm】食品级不锈钢 (适合1-3人使用）, 304加厚【39x28cm】食品级不锈钢 (适合2-3人使用）, 304加厚【46x30cm】食品级不锈钢 (适合2-5人使用）, 304加厚【40x60cm】食品级不锈钢, 304加厚【49x60cm】食品级不锈钢, 304加厚【46x30cm】8件套装, 304加厚【40x60cm】三件套, 30","Thép không gỉ cấp thực phẩm dày 304 [25x15cm] (thích hợp cho thực phẩm bổ sung cho trẻ em), Thép không gỉ cấp thực phẩm dày 304 [29x20cm] (thích hợp cho 1-2 người), Thép không gỉ cấp thực phẩm dày 304 [34x23cm] (thích hợp cho 1-3 người), Thép không g",1 1 1 1 2 2 2 2 2 2 3 3 3 3 5 5 8 8 15 15 20 20 23 23 25 25 28 28 29 29 30 30 30 30 34 34 39 39 40 40 40 40 46 46 46 46 49 49 49 49 60 60 60 60 60 60 60 60 304 304 304 304 304 304 304 304 304 304 316 316 316 316 316 316 316 316 316 316,1 1 1 1 1 1 1 2 2 2 2 2 2 2 2 2 3 3 3 3 5 5 8 8 15 15 20 20 23 23 25 25 28 28 29 29 30 30 30 30 34 34 39 39 40 40 40 40 46 46 46 46 49 49 49 49 60 60 60 60 60 60 60 60 304 304 304 304 304 304 304 316 316 316 316 316 316 316
vi_thieu_so,962626168335,mother_baby,适合身高,"80cm, 90cm, 100cm, 110cm, 120cm, 80cm-120cm/1手5件","80cm, 90cm, 100 cm, 110 cm, 120cm, 80cm-120cm/5 miếng mỗi lô",1 5 80 80 90 100 110 120 120,5 80 80 90 100 110 120 120
vi_thieu_so,725413095182,mother_baby,适合身高,"80cm, 90cm, 100cm, 110cm, 120cm, 80cm-120cm/1手5件","80cm, 90cm, 100cm, 110cm, 120cm, 80cm-120cm/5 miếng mỗi lô",1 5 80 80 90 100 110 120 120,5 80 80 90 100 110 120 120
vi_thieu_so,968977912677,mother_baby,适合身高,"80cm, 90cm, 100cm, 110cm, 120cm, 80cm-120cm/1手5套","80cm, 90cm, 100 cm, 110 cm, 120cm, 80cm-120cm/5 bộ mỗi lô",1 5 80 80 90 100 110 120 120,5 80 80 90 100 110 120 120
vi_thua_so,880538847507,mother_baby,颜色,"恐龙汽车【5A抗菌+无骨】纯棉立领套6032, 圣诞雪人【5A抗菌+无骨】纯棉立领套6032, 醒狮【5A抗菌+无骨】纯棉立领套6032, 鲸鱼【5A抗菌+无骨】纯棉立领套6031, 大象狮子【5A抗菌+无骨】纯棉立领套6032, 蜡笔水果【5A抗菌+无骨】纯棉立领套6032, 树叶【5A抗菌+无骨】纯棉立领套6032, 树叶熊【5A抗菌+无骨】纯棉立领套6031, 飞机火车【5A抗菌+无骨】纯棉立领套6031, 驯鹿小熊【5A抗菌+无骨】纯棉立领套6031, 南瓜【5A抗菌+无骨】纯棉立领套6","Áo Cổ Trụ Cotton Nguyên Chất [Kháng Khuẩn 5A + Không Gọng] Hình Xe Hơi Khủng Long 6032, Bộ đồ cổ trụ Noel Người Tuyết [Kháng khuẩn 5A + Liền mạch] 100% Cotton 6032, Lion Wake [Kháng khuẩn 5A + Không xương] Vỏ cổ áo cotton nguyên chất 6032, Whale [Khá",5 5 5 5 5 5 5 5 5 5 5 5 5 5 5 5 5 5 5 5 5 5 5 5 5 5 5 5 6031 6031 6031 6031 6031 6031 6031 6031 6031 6032 6032 6032 6032 6032 6032 6032 6032 6032 6032 6032 6032 8038 60313 60317 60317 60317 60317 60317,5 5 5 5 5 5 5 5 5 5 5 5 5 5 5 5 5 5 5 5 5 5 5 5 5 5 5 5 100 100 100 100 100 100 100 100 100 100 100 100 100 100 100 100 6031 6031 6031 6031 6031 6031 6031 6031 6031 6032 6032 6032 6032 6032 6032 6032 6032 6032 6032 6032 6032 8038 60313 60317 60317 60317 60317 60317
vi_thieu_so,1066881048543,mother_baby,主面料成分含量,马甲65%再生纤维 13%尼龙 13%腈纶 6%羊毛 3%氨纶上59%棉 39%涤2%氨纶裤50棉,"Áo gile: 65% sợi tái chế, 13% nylon, 13% acrylic, 6% len, 3% spandex. Quần: 50% cotton, 39% polyester, 2% spandex.",2 3 6 13 13 39 50 59 65,2 3 6 13 13 39 50 65
vi_thua_so,1011517644515,mother_baby,面料名称,纯棉,100% cotton1,,1 100
khac_so,780143051783,mother_baby,颜色,"马宝宝夏款蓝20, 马宝宝夏款蓝22, 马宝宝夏款蓝26, 马宝四季蓝色20, 马宝保暖蓝色20, 马宝四季蓝色22, 马宝保暖蓝色22, 马宝四季蓝色26, 马宝保暖蓝色26, 祥云马四季蓝20, 祥云马四季蓝22, 祥云马四季蓝26, 马宝四季咖色20, 马宝保暖咖色20, 马宝四季咖色22, 马宝保暖咖色22, 马宝四季咖色26, 马宝保暖咖色26, 祥云马四季咖20, 祥云马四季咖22, 祥云马四季咖26, 夏款粉祥云马20, 夏款粉祥云马22, 夏款粉祥云马26, 马宝四季粉色20, ","Ma Baobao Mùa Hè Xanh 20, Ma Baobao Mùa Hè Xanh 22, Ma Baobao Mùa Hè Xanh 26, Mabo Bốn Mùa Xanh 20, Mabo Xanh Ấm 20, Mabo Bốn Mùa Xanh 22, Mabo Xanh Ấm 22, Mabo Bốn Mùa Xanh 26, Mabo Xanh Ấm 26, Xiangyunma Bốn Mùa Xanh 20, Xiangyunma Bốn Mùa Xanh 22,",20 20 20 20 20 20 20 20 20 20 20 20 20 20 20 22 22 22 22 22 22 22 22 22 22 22 22 22 22 22 26 26 26 26 26 26 26 26 26 26 26 26 26 26 26,20 20 20 20 20 20 20 20 20 20 20 20 20 20 20 22 22 22 22 22 22 22 22 22 22 22 22 22 22 26 26 26 26 26 26 26 26 26 26 26 26 26 26 26 2022
vi_thua_so,1065685743606,mother_baby,颜色,"蝶衣花漫【A类+纯棉+无骨+7A抗菌】, 花朵趣味【A类+纯棉+无骨+7A抗菌】, 秋怡夏语【A类+纯棉+无骨+7A抗菌】, 水果乐甜【A类+纯棉+无骨+7A抗菌】, 摇摇乐梦【A类+纯棉+无骨+7A抗菌】, 优雅公主【A类+纯棉+无骨+7A抗菌】","Điệp Y Hoa Mạn [Loại A + 100% cotton + không đường may + kháng khuẩn 7A], Họa tiết hoa ngộ nghĩnh [Loại A + 100% cotton + không đường may + kháng khuẩn 7A], Thu Di Hạ Ngữ [Loại A + 100% cotton + không đường may nổi + kháng khuẩn 7A], Vui Vịt Ngọt [Lo",7 7 7 7 7 7,7 7 7 7 7 7 100 100 100 100 100
khac_so,862226882481,mother_baby,重量,0.125kg,0.125kg,0.125,125
vi_thua_so,880306091847,mother_baby,颜色,"蓝色【5A抗菌+无骨】纯棉提花3126, 青色【5A抗菌+无骨】纯棉提花3126, 黄色【5A抗菌+无骨】纯棉提花3126, 粉色【5A抗菌+无骨】纯棉提花3126","Màu xanh lam [5A kháng khuẩn không xương] 100% cotton jacquard 3126, Màu lục lam [5A kháng khuẩn không xương] cotton jacquard 3126, Màu vàng [5A kháng khuẩn không xương] 100% cotton jacquard 3126, Màu hồng [5A kháng khuẩn không xương] 100% cotton jac",5 5 5 5 3126 3126 3126 3126,5 5 5 5 100 100 100 3126 3126 3126 3126
vi_thua_so,1068520460247,mother_baby,主面料成分,纯棉,100% cotton1,,1 100
vi_thua_so,1067888440611,mother_baby,主面料成分,纯棉,100% cotton1,,1 100
vi_thua_so,1061063630909,mother_baby,颜色,"YYL-GD蝴蝶结长袖套装粉红色, YYL-GD蝴蝶结长袖套装紫色, XBR-波点小猫长袖套装粉红色, XBR-波点小猫长袖套装白色, XBR-波点小猫长袖套装紫色, YYL-女孩字母长袖套装白色, YYL-女孩字母长袖套装粉红色, YYL-烫钻蝴蝶长袖套装粉红色, YYL-烫钻蝴蝶长袖套装白色, YYL-LOVE烫钻长袖套装蓝色, YYL-LOVE烫钻长袖套装粉红色, YYL-蝴蝶结长袖套装紫色, YYL-蝴蝶结长袖套装棕色, TXT-烫钻蝴蝶长袖套装米色, TXT-烫钻蝴蝶长袖套装粉色, T","YYL-GD Bộ đồ dài tay nơ hồng, YYL-GD Bộ đồ dài tay nơ bướm màu tím, XBR - Bộ đồ dài tay chấm bi mèo con màu hồng, XBR - Bộ đồ dài tay chấm bi mèo con màu trắng, XBR - Bộ đồ dài tay chấm bi mèo con màu tím, YYL - Bộ đồ dài tay in chữ cái cho bé gái mà",,3
vi_thua_so,1072307907004,mother_baby,主面料成分,纯棉,100% cotton2,,2 100
vi_thua_so,1072307907004,mother_baby,面料名称,全棉,100% cotton1,,1 100
khac_so,859782264577,mother_baby,货号,127.123,127.123,127.123,127123
vi_thua_so,1013892117523,mother_baby,颜色,"8154奔腾小马（A类纯棉无骨）, 1997苹果熊（A类纯棉无骨）, 6323花草熊（A类纯棉无骨）, 6325蜡笔绵羊（A类纯棉无骨）, 7077皇冠（A类纯棉无骨）, 7078森林小熊（A类纯棉无骨）, 7079云间星梦（A类纯棉无骨）, 8332蘑菇伞（A类纯棉无骨）, 8333繁星（A类纯棉无骨）, 8334极地小熊（A类纯棉无骨）","8154 Pegasus (vải cotton nguyên chất loại A, không đường may), 1997 Apple Bear (vải cotton nguyên chất loại A, không đường may nổi), 6323 Gấu Hoa (Loại A, 100% cotton, không đường may), 6325 Cừu Sáp (Loại A, 100% cotton, không đường may), 7077 Crown ",1997 6323 6325 7077 7078 7079 8154 8332 8333 8334,100 100 1997 6323 6325 7077 7078 7079 8154 8332 8333 8334
vi_thua_so,1067696873512,mother_baby,主面料成分,纯棉,100% cotton1,,1 100
vi_thua_so,1060478130410,mother_baby,主面料成分,纯棉,100% cotton1,,1 100
vi_thua_so,1013307523184,mother_baby,颜色,"粉色小花【A类+无骨+纯棉】, 咖色小兔【A类+无骨+纯棉】, 毛绒小熊【A类+无骨+纯棉】, 南瓜小象【A类+无骨+纯棉】, 深林小鹿【A类+无骨+纯棉】, 深色小狗【A类+无骨+纯棉】, 松果宝贝【A类+无骨+纯棉】, 一只小熊【A类+无骨+纯棉】","Hoa nhỏ màu hồng [Loại A + Không đường may + 100% cotton], Thỏ con màu nâu [Loại A + Không đường may + 100% cotton], Gấu bông nhỏ [Loại A + Không gọng + Cotton nguyên chất], Voi bí ngô [Loại A + Không xương + 100% cotton], Hươu rừng sâu [Loại A + Khô",,100 100 100 100 100 100
khac_so,903857226232,mother_baby,适合身高,"52cm 【0-1个月，建议体重2.5-3.5kg】, 59cm 【1-3月，建议体重3.5-6.8kg】, 66cm 【3-6个月，建议体重6.8-8.5kg】","52cm [0-1 tháng, cân nặng khuyến nghị 2, 5-3, 5kg], 59cm [1-3 tháng, cân nặng khuyến nghị 3, 5-6, 8kg], 66cm [3-6 tháng, cân nặng khuyến nghị 6, 8-8, 5kg]",0 1 1 2.5 3 3 3.5 3.5 6 6.8 6.8 8.5 52 59 66,0 1 1 2 3 3 3 3 5 5 5 5 6 6 6 8 8 8 52 59 66
vi_thua_so,1072005932476,mother_baby,主面料成分,纯棉,100% cotton2,,2 100
vi_thua_so,1072005932476,mother_baby,面料名称,纯棉,100% cotton1,,1 100
vi_thieu_so,992091771598,mother_baby,适合身高,"80cm, 90cm, 100cm, 110cm, 120cm, 80cm-120cm/1手5件","80 cm, 90 cm, 100 cm, 110 cm, 120 cm, 80cm-120cm/5 miếng mỗi lô",1 5 80 80 90 100 110 120 120,5 80 80 90 100 110 120 120
vi_thua_so,1066926795585,mother_baby,主面料成分含量,上衣：60 棉38 涤2氨纶 裤子：全涤,"Áo: 60% cotton, 38% polyester, 2% spandex Quần: 100% polyester",2 38 60,2 38 60 100
khac_so,1073476462622,mother_baby,适合身高,"52cm(4-7斤), 59cm(7-11斤), 66cm(11-14斤), 73cm(14-17斤), 80cm(17-20斤), 90cm(20-23斤)","52cm( 2-3.5kg ), 59cm( 3.5-5.5kg ) (59cm), 66cm( 5.5-7kg ), 73cm( 7-8.5kg ), 80cm( 8.5-10kg ), 90cm( 10-11.5kg )",4 7 7 11 11 14 14 17 17 20 20 23 52 59 66 73 80 90,2 3.5 3.5 5.5 5.5 7 7 8.5 8.5 10 10 11.5 52 59 59 66 73 80 90
vi_thieu_so,1014655568560,mother_baby,颜色,"花灰哈基米爬服1件（斜襟）, 花灰哈基米爬服4件套（斜襟）, 按扣橡果爬服1件（对襟）, 按扣牛角包爬服1件（对襟）, 按扣蜡笔小狗连体衣1件（斜襟）, 按扣抱抱熊爬服1件（斜襟, 按扣抱抱熊爬服4件套（斜襟, 按扣小熊爬服1件（斜襟）, 按扣考拉爬服1件（斜襟）, 花灰五星连体衣1件, 月亮睡衣（手感加柔，对襟）","Bộ đồ liền thân Hachimi màu xám hoa (cài chéo), Bộ 4 món đồ liền thân Hachimi màu xám hoa (cổ chéo), Bộ đồ liền thân họa tiết quả sồi cài nút bấm 1 bộ (cài trước), Bộ body liền thân kiểu bánh sừng bò cài nút (cài trước), Bộ liền thân hình chú chó sáp",1 1 1 1 1 1 1 1 4 4,1 1 1 1 4 4
vi_thieu_so,717227438041,mother_baby,颜色,"【白色】mini敞篷警车899-62, 【绿色】mini敞篷跑车899-60, 【粉色】mini敞篷跑车899-60, 【蓝色】mini敞篷跑车899-60, 【灰色】mini敞篷跑车899-60, 【蓝色】899-25惯性皮卡车, 【绿色】899-25惯性皮卡车, 【红色】899-25惯性皮卡车, 【白色】899-63惯性皮卡警车, 【黑色】899-63惯性皮卡警车, 【黑色】899-45装甲车, 【卡其色】899-45装甲车, 【绿色】899-45装甲车, 【黑色】899-27惯性坦克车, ","[Trắng] xe cảnh sát mui trần mini 899-62, [Xanh lục] Xe thể thao mui trần mini 899-60, [Màu hồng] Xe thể thao mui trần mini 899-60, [Màu xanh] Xe thể thao mui trần mini 899-60, [Xám] Xe thể thao mui trần mini 899-60, [Blue] Xe bán tải quán tính 899, ",25 25 25 27 27 45 45 45 60 60 60 60 62 63 63 899 899 899 899 899 899 899 899 899 899 899 899 899 899 899,45 45 45 60 60 60 60 62 899 899 899 899 899 899 899 899 899 899 899 899 899 899 899
vi_thieu_so,947277523917,mother_baby,颜色,"无喷雾【电池款】蓝白-声光枪【音效+灯光】送电池, 无喷雾【充电款】蓝白-声光枪【音效+灯光】送充电套装, 带喷雾【充电款】战警-声光枪【音效+灯光+震动伸缩+喷雾】_送充电套装, 带喷雾【电池款】战警-声光枪【音效+灯光+震动伸缩+喷雾】_送电池, 无喷雾【老款+需自备电池】黑色-声光枪_需自备3个电池, 中文彩盒-带喷雾【充电款】战警-声光枪【音效+灯光+震动伸缩+喷雾】_送电池, 新款-绿色（喷雾+震动+灯光）普通电池, 新款-绿色（喷雾+震动+灯光）充电电池+充电器, 新款-蓝色（喷雾+","Không Xịt [Chạy Bằng Pin] Xanh Dương & Trắng - Súng Phát Âm Thanh & Ánh Sáng [Hiệu Ứng Âm Thanh + Đèn] Kèm Pin, Không Phun [Mẫu Sạc Điện] Xanh Dương và Trắng - Súng Phát Âm Thanh và Ánh Sáng [Hiệu Ứng Âm Thanh + Ánh Sáng] Tặng Bộ Sạc Miễn Phí, Chức n",3 3 5,3 3
khac_so,888584387423,mother_baby,重量,0.738kg,0.738kg,0.738,738
vi_thieu_so,583370490530,mother_baby,颜色,"款式混发（单价是1个的价格）, 小花, 男孩女孩, 冰激凌, 马, 鱼, 蝴蝶, 猫头鹰, 草莓, 衣服, 蛋糕, 小太阳, 棒棒糖, 小熊, 小狗","Phong cách hỗn hợp (giá cho một sản phẩm), Hoa nhỏ, Bé trai bé gái, Kem, Ngựa, Cá, Bướm, Cú, Dâu tây, Quần áo, Bánh ngọt, Mặt trời nhỏ, Kẹo mút, Gấu nhỏ, Chó con",1,
vi_thieu_so,1026681010355,mother_baby,规格,"12色【0甲醛配方】99.9%抗菌率+一键开盖+易撕膜设计, 24色【0甲醛配方】99.9%抗菌率+一键开盖+易撕膜设计, 36色【0甲醛配方】99.9%抗菌率+一键开盖+易撕膜设计, 12色【0甲醛模具套装】粘土+印模*10个+玩偶配件*3套, 24色【0甲醛模具套装】粘土+印模*10个+玩偶配件*4套, 36色【0甲醛模具套装】粘土+印模*10个+玩偶配件*5套, 【经典款12色】盒装+补充装+印模*8个+玩偶配件*3套, 【经典款12色】盒装+印模*8个+玩偶配件*3套, 【经典款 24色","12 màu [không chứa formaldehyde] tỷ lệ kháng khuẩn 99,9% + mở bằng một nút bấm + thiết kế màng dễ xé., 24 màu 【Công thức không formaldehyde】Tỷ lệ kháng khuẩn 99.9% + Mở nắp một chạm + Thiết kế dễ bóc màng, 36 màu [không chứa formaldehyde] tỷ lệ kháng",0 0 0 0 0 0 3 3 3 3 3 4 5 8 8 8 8 10 10 10 12 12 12 12 24 24 24 24 36 36 99.9 99.9 99.9,3 3 3 3 3 4 5 8 8 8 8 10 10 10 12 12 12 12 24 24 24 24 36 36 99.9 99.9 99.9
vi_thieu_so,997803265797,mother_baby,颜色,"单独磁力车1只（2个颜色随机发）, 反重力磁吸轨道车54PCS-【精美礼盒】, 反重力磁吸轨道车73PCS-【精美礼盒】, 反重力磁吸轨道车60PCS-【精美礼盒】, 反重力磁吸轨道车79PCS-【精美礼盒】, 反重力磁吸轨道车107PCS-【精美礼盒】, 反重力磁吸轨道车126PCS-【精美礼盒】, 反重力磁吸轨道车130PCS-【精美礼盒】, 反重力磁吸轨道车149PCS-【精美礼盒】, 反重力磁吸轨道车150PCS-【精美礼盒】, 反重力磁吸轨道车169PCS-【精美礼盒】, 反重力磁吸轨","Xe nam châm đơn (2 màu, giao ngẫu nhiên), Xe lửa từ trường chống trọng lực 54 CÁI-[Hộp quà tinh tế], Xe lửa từ trường chống trọng lực 73PCS-[Hộp quà tinh tế], Xe lửa từ trường chống trọng lực 60 CÁI-[Hộp quà tinh tế], Xe lửa từ trường chống trọng lực",1 2 10 14 18 54 54 60 60 73 73 79 79 107 107 126 126 130 130 149 149 150 150 169 169,2 10 14 18 54 54 60 60 73 73 79 79 107 107 126 126 130 130 149 149 150 150 169 169
khac_so,1055301543399,mother_baby,比例,"单电套餐【一组充电电池】送5号电池+螺丝刀, ,双电套餐【二组充电电池】送5号电池+螺丝刀, 三电套餐【三组充电电池】送5号电池+螺丝刀, 四电套餐【四组充电电池】送5号电池+螺丝刀","Gói máy ảnh mirrorless [một bộ pin sạc] tặng kèm pin AA + tua vít, Gói pin sạc kép [2 bộ pin sạc] tặng kèm pin AA + tua vít, Gói ba pin sạc [Ba bộ pin sạc] tặng kèm pin AA + tua vít, Gói 4 pin sạc [4 bộ pin sạc] tặng kèm pin AA + tua vít",5 5 5 5,2 4 4
vi_thua_so,1069786904999,mother_baby,颜色,"[无收纳盒]立体蘑菇钉(10卡片+480蘑菇钉+镊子), [带收纳盒]立体蘑菇钉(10卡片+480蘑菇钉+镊子), 60颗蘑菇钉（颜色随机）, 10个卡片（不重复）","[Không kèm hộp đựng] Đinh nấm 3D (10 thẻ + 480 đinh nấm + nhíp), [Kèm hộp đựng] Đinh nấm 3D (10 thẻ + 480 đinh nấm + nhíp), 60 đinh nấm (màu sắc ngẫu nhiên), 10 thẻ (không trùng lặp)",10 10 10 60 480 480,3 3 10 10 10 60 480 480
khac_so,803831685370,shoes,颜色,"24-088OILU黑色【简装】, 24-088OILU绿色【简装】, 24-088OILU灰色【简装】, 24-088OILU黑色【盒装】, 24-088OILU绿色【盒装】, 24-088OILU灰色【盒装】","24-08OILU Đen [Bìa mềm], 24-08OILU Green 【Bìa mềm 】, 24-08OILU Xám [Bìa mềm], 24-08OILU đen [đóng hộp], 24-08OILU Green [Đóng hộp], 24-08OILU màu xám [đóng hộp]",24 24 24 24 24 24 88 88 88 88 88 88,8 8 8 8 8 8 24 24 24 24 24 24
khac_so,979661082082,shoes,货号,零零八零128-2,0080128-2,2 128,2 80128
vi_thua_so,1068912768082,shoes,品牌,.,.1,,1
vi_thua_so,1068912768082,shoes,质检单位,.,.2,,2
vi_thieu_so,907007318209,shoes,尺码,"38, 39, 40, 41, 42, 43, 44, 45, 46定做不支持退换","38, 39, 40, 41, 42, 43, 44, 45, Các mặt hàng tùy chỉnh là không thể trả lại và không thể trao đổi.",38 39 40 41 42 43 44 45 46,38 39 40 41 42 43 44 45
khac_so,981858630577,shoes,包装体积,0.008,0.008,0.008,8
khac_so,883235275481,shoes,包装体积,0.006,0.006,0.006,6
khac_so,938036021282,shoes,包装体积,0.001,0.001,0.001,1
vi_thua_so,895681436242,shoes,质检单位,.,.1,,1
vi_thua_so,895681436242,shoes,闭合方式,.,.2,,2
vi_thua_so,963331259644,shoes,颜色,"定制头层牛皮版-白卡色增高7cm, 定制头层牛皮版-黑色增高7cm","Phiên bản da bò lớp 1 tùy chỉnh - màu trắng thẻ tăng chiều cao thêm 7cm, Phiên bản da bò lớp 1 tùy chỉnh - màu đen, tăng thêm 7cm",7 7,1 1 7 7
vi_thua_so,1063015845802,shoes,品牌,.,.2,,2
vi_thua_so,1063015845802,shoes,货号,.,.1,,1
khac_so,1075054664981,shoes,毛重,"0,6","0,6",0 6,0.6
vi_thua_so,1068864463658,shoes,品牌,.,.2,,2
vi_thua_so,1068864463658,shoes,货号,.,.1,,1
vi_thua_so,1068864463658,shoes,毛重,.,.4,,4
vi_thua_so,1068864463658,shoes,包装体积,.,.3,,3
khac_so,782417418584,shoes,包装体积,0.008,0.008,0.008,8
vi_thua_so,1062448264368,shoes,颜色,"白色, 粉色, 黑色, 灰色, 绿色, 紫色, 白色-海螺, 粉色-海螺, 黑色-海螺, 灰色-海螺, 咖色-海螺, 绿色-海螺, 白色-斜纹, 粉色-斜纹, 黑色-斜纹, 红色-斜纹, 黄色-斜纹, 灰色-斜纹, 咖色-斜纹, 绿色-斜纹, 粉色-叁零柒, 黄色-叁零柒, 橘色-叁零柒, 绿色-叁零柒, 黑色-叁零柒, 灰色-叁零柒, 深蓝-叁零柒, 红色-叁零柒, 粉色-错层, 黑色-错层, 红色-错层, 黄色-错层, 绿色-错层, 米白-错层, 随机款","Màu trắng, Màu hồng, màu đen, màu xám, Xanh lá cây, Màu tím, Trắng - Ốc biển, Hồng - Ốc biển, Đen - Ốc biển, Xám - Ốc xà cừ, Màu nâu - Ốc biển, Xanh lá - Ốc biển, Trắng - Vải chéo, Hồng - vải chéo, Đen - vân chéo, Đỏ - Vải chéo, Vàng - vân chéo, Xám ",,307 307 307 307 307 307 307 307
vi_thua_so,890757027980,mother_baby,颜色,"枪械大师（拍16发一展示盒）, 雷霆战机（拍16发一展示盒）, 导弹军团（拍16发一展示盒）, 工程重装（拍16发一展示盒）, 筑梦航天（拍16发一展示盒）, 消防勇士（拍16发一展示盒）, 铠甲战龙（拍16发一展示盒）, 轨道复兴（拍16发一展示盒）, 黄金飞机（拍16发一展示盒）, 疾速机车池（拍16发一展示盒）, 陆战黄金坦克（拍16发一展示盒）, 武器大师黄金枪（拍16发一展示盒）, 机甲龙蛋（拍12发一展示盒）, 惊喜盲蛋（拍12发一展示盒）, 烈火战警（拍16发一展示盒）, 防爆战警","Bậc thầy về súng (chụp 16 vòng và một hộp trưng bày), Máy bay chiến đấu Thunder (chụp 16 vòng và một hộp hiển thị), Quân đoàn tên lửa (chụp 16 vòng và một hộp hiển thị), Lắp đặt lại kỹ thuật (chụp 16 vòng và một hộp trưng bày), Dream Weaver Aerospace",12 12 16 16 16 16 16 16 16 16 16 16 16 16 16 16 16 16 16 16 16 16 16 16 16 16 16 16 16 16 16 16 16 16 16 24,12 12 16 16 16 16 16 16 16 16 16 16 16 16 16 16 16 16 16 16 16 16 16 16 16 16 16 16 16 16 16 16 16 16 16 24 10000
vi_thieu_so,978573178308,mother_baby,颜色,"电商盒-大号抛壳巴雷特（81cm）灰色- 10软弹+10弹壳, 电商盒-大号巴雷特【沙色】82厘米（电商盒） 10软弹+10弹壳, 电商盒-大号巴雷特【变色龙】82厘米（电商盒） 10软弹+10弹壳, 【弹鼓版】电商盒-大号抛壳巴雷特（81cm）灰色-10软弹+10弹壳, 【弹鼓版】电商盒-大号巴雷特【沙色】82厘米（电商盒） 10软弹+10弹壳, 【弹鼓版】电商盒-大号巴雷特【变色龙】82厘米（电商盒） 10软弹+10弹壳, 【加长版】电商盒-加大号巴雷特【灰色】100厘米（电商盒）10软弹+","Hộp thương mại điện tử - Slinging Barrett lớn (81cm) Màu xám - 10 viên đạn mềm + 10 hộp đạn, Hộp Thương Mại Điện Tử - Barrett Lớn [Màu Cát] 82cm (Hộp Thương Mại Điện Tử) 10 Viên Đạn Mềm + 10 Vỏ Đạn, Hộp Thương Mại Điện Tử - Barrett Lớn [Chameleon] 82",9 9 9 9 9 9 9 9 10 10 10 10 10 10 10 10 10 10 10 10 10 10 10 10 10 10 10 10 10 10 10 10 10 10 10 10 10 10 10 10 10 10 10 10 18 18 18 18 18 18 18 18 18 18 18 18 18 18 20 20 20 20 20 20 20 20 24 24 24 24 24 24 24 24 24 24 24 37 37 37 37 75 75 75 75 77 77 77 77 77 77 77 80 80 81 81 82 82 82 82 82 83 83 83 83 84 84 92 92 92 92 92 98 98 100 100 100 100 100 100 416 416 416 416 416 416 416 416 416 416 416 416 416 416 416 416 416 416 416 416 416 416 416 416 416 416 416,9 9 9 9 9 9 9 9 10 10 10 10 10 10 10 10 10 10 10 10 10 10 10 10 10 10 10 10 10 10 10 10 10 10 10 10 10 10 10 10 10 10 10 10 18 18 18 18 18 18 18 18 18 18 18 18 18 18 20 20 20 20 20 20 20 20 24 24 24 24 24 24 24 24 24 24 24 37 37 37 37 75 75 75 75 77 77 77 77 77 77 77 80 80 81 81 82 82 82 82 82 83 83 83 84 84 92 92 92 92 92 98 98 100 100 100 100 100 100 416 416 416 416 416 416 416 416 416 416 416 416 416 416 416 416 416 416 416 416 416 416 416 416 416 416 416
khac_so,1055487403277,mother_baby,货号,860.861.862,860.861.862,860.861 862,8.60862e+08
vi_thieu_so,677379376497,mother_baby,规格,"烧烤串串12件套43g, 烧烤串串12件套【带烧烤炉】97g, 烧烤串串20件套75g, 烧烤串串20件套【带烧烤炉】129g, 仿真烧烤21件套96g, 仿真烧烤21件套【带烧烤炉】150g, 仿真烧烤27件套130g, 仿真烧烤27件套【带烧烤炉】184g, 仿真烧烤29件套128g, 仿真烧烤29件套【带烧烤炉】181g, 仿真烧烤35件套163g, 仿真烧烤35件套【带烧烤炉】217g, 仿真烧烤58件套250g, 仿真烧烤58件套【带烧烤炉】305g, 仿真烧烤64件套286g, 仿真","Bộ 12 món xiên nướng 43g, Bộ 12 món xiên nướng [có bếp nướng] 97g, Bộ xiên nướng 20 món 75g, Bộ 20 món xiên nướng [có bếp nướng] 129g, Bộ 21 món nướng giả 96g, Bộ 21 món thịt nướng mô phỏng [có bếp nướng] 150g, Bộ thịt nướng mô phỏng 27 món 130g, Bộ ",12 12 20 20 21 21 27 27 29 29 35 35 43 58 58 64 64 72 72 75 95 95 96 97 101 101 109 109 128 128 128 129 130 142 142 150 163 181 184 217 250 286 305 319 341 374 406 441 461 475 496 530,12 12 20 20 21 21 27 27 29 29 35 35 43 58 58 64 64 72 72 75 95 95 96 97 101 101 109 109 128 128 128 129 130 142 142 150 181 184 217 250 286 305 319 341 374 406 441 461 475 496 530
khac_so,803760181916,mother_baby,规格,"5斤装粉色沙+手提箱+142模具配件, 5斤装蓝色沙+手提箱+142模具配件, 5斤装紫色沙+手提箱+142模具配件, 5斤装绿色沙+手提箱+142模具配件, 5斤装沙色沙+手提箱+142模具配件, 5斤装粉色沙-塑料沙盘+82模具配件, 5斤装蓝色沙-塑料沙盘+82模具配件, 5斤装紫色沙-塑料沙盘+82模具配件, 5斤装绿色沙-塑料沙盘+82模具配件, 10斤装粉色沙+手提箱+182模具配件, 10斤装蓝色沙+手提箱+182模具配件, 10斤装紫色沙+手提箱+182模具配件, 10斤装绿色沙","5 kg Cát Hồng + Vali + phụ kiện Khuôn 142, 5 kg cát xanh, vali, phụ kiện Khuôn 142, 5 kg cát tím + Vali + phụ kiện Khuôn 142, 5 kg cát xanh + Vali + phụ kiện Khuôn 142, Túi đựng cát 5 kg, vali, phụ kiện Khuôn 142, Bàn cát nhựa màu hồng 5 kg Phụ kiện ",2 2 2 5 5 5 5 5 5 5 5 5 5 5 5 5 5 10 10 10 10 10 10 10 10 82 82 82 82 110 110 110 110 142 142 142 142 142 182 182 182 182,1 2 2 2 2 5 5 5 5 5 5 5 5 5 5 5 5 5 5 5 5 5 5 10 10 10 10 82 82 82 82 110 110 110 110 142 142 142 142 142 182 182 182 182
vi_thieu_so,683300720308,mother_baby,颜色,"968-11城市守将套装【超大礼盒】, 968-8工程威将套装【超大礼盒】, 968-10 环卫圣将套装【 超大礼盒】, 大礼盒消防车套装125-23, 大礼盒军事主题套装125-25, 大礼盒工程车路标套装125-21, 大礼盒警车主题套装125-51, 大礼盒黄红工程车套装125-3C, 大礼盒环卫车套装125-27, 125-127环卫车套装【大礼盒】, 125-125军事车套装【大礼盒】, 125-123消防车套装【大礼盒】, 125-121工程车套装【大礼盒】, 813-4中号工程吊车","Bộ Chỉ Huy Thành Phố 968-11 [Hộp Quà Siêu Lớn], Bộ Kỹ Thuật Tổng Hợp 968-8 [Hộp Quà Siêu Lớn], 968-10 Bộ Vệ Sinh Tổng Hợp [Hộp Quà Cực Lớn], Bộ xe cứu hỏa hộp quà lớn 125-23, Hộp quà lớn chủ đề quân đội set 125-25, Hộp quà lớn kỹ thuật xe biển báo đư",1 1 1 1 1 1 1 1 1 1 1 1 1 1 1 1 1 1 1 1 1 1 1 1 1 1 1 1 1 1 1 1 1 1 1 1 1 1 1 1 1 1 1 1 1 1 1 1 2 2 2 2 2 2 2 2 2 2 2 2 2 2 2 2 2 2 2 2 2 2 2 2 2 2 2 2 2 2 2 2 2 2 2 2 2 2 2 2 2 2 2 2 2 2 2 2 2 3 3 3 3 3 3 4 4 4 4 4 4 4 5 5 5 6 6 6 6 6 6 6 7 7 8 8 8 8 10 10 10 10 11 11 11 11 11 12 12 13 13 13 13 14 14 15 15 15 16 17 17 18 18 19 19 19 20 20 20 20 20 21 21 21 21 22 22 22 22 22 22 23 23 23 24 24 25 26 26 27 27 27 28 28 29 30 30 30 30 31 31 32 32 33 36 37 37 37 37 37 37 37 37 51 57 58 66 67 74 75 75 76 76 77 78 79 80 96 97 98 98 99 100 102 102 103 104 105 111 112 113 114 115 116 121 123 125 125 125 125 125 125 125 125 125 125 125 125 125 125 125 125 125 125 125 125 125 125 125 125 125 125 125 125 125 125 125 125 127 194 217 408 409 777 777 777 777 777 777 777 777 777 777 811 811 811 811 811 811 811 811 811 811 811 811 811 811 811 811 813 813 813 813 813 813 813 813 813 813 813 813 813 813 813 813 813 813 813 813 813 813 814 814 814 814 814 814 814 814 814 814 814 814 814 814 814 814 815 815 815 815 815 815 815 815 815 817 817 817 898 968 968 968 987 987 987 987 998 3389 3389 3389 5523 6399 6399 6399 6399,1 1 1 1 1 1 1 1 1 1 1 1 1 1 1 1 1 1 1 1 1 1 1 1 1 1 1 1 1 1 1 1 1 1 1 1 1 1 1 1 1 1 1 1 1 1 2 2 2 2 2 2 2 2 2 2 2 2 2 2 2 2 2 2 2 2 2 2 2 2 2 2 2 2 2 2 2 2 2 2 2 2 2 2 2 2 2 2 2 2 2 2 2 2 2 3 3 3 3 3 3 4 4 4 4 4 4 4 5 5 5 6 6 6 6 6 6 6 7 7 8 8 8 8 10 10 10 10 11 11 11 11 11 12 12 13 13 13 13 14 14 15 15 15 16 17 17 18 18 19 19 19 20 20 20 20 20 21 21 21 21 22 22 22 22 22 22 23 23 23 24 24 25 26 26 27 27 27 28 28 29 30 30 30 30 31 31 32 32 33 36 37 37 37 37 37 37 37 37 51 57 58 66 67 74 75 75 76 76 77 78 79 80 96 97 98 98 99 100 102 102 103 104 105 111 112 113 114 115 116 121 123 125 125 125 125 125 125 125 125 125 125 125 125 125 125 125 125 125 125 125 125 125 125 125 125 125 125 125 125 125 125 125 125 127 194 217 408 409 777 777 777 777 777 777 777 777 777 777 811 811 811 811 811 811 811 811 811 811 811 811 811 811 811 811 813 813 813 813 813 813 813 813 813 813 813 813 813 813 813 813 813 813 813 813 813 813 814 814 814 814 814 814 814 814 814 814 814 814 814 814 814 814 815 815 815 815 815 815 815 815 815 817 817 817 898 968 968 968 987 987 987 987 998 3389 3389 3389 5523 6399 6399 6399 6399
vi_thieu_so,970958095144,mother_baby,颜色,"JQ566-D喷雾声光冲锋枪【绿色】, JQ566-D喷雾声光冲锋枪【蓝色】, JQ566-D喷雾声光冲锋枪【绿色】+3节5号+背带, JQ566-D喷雾声光冲锋枪【蓝色】+3节5号+背带, JQ566-D喷雾声光冲锋枪【绿色】+3节5号充电套装+背带, JQ566-D喷雾声光冲锋枪【蓝色】+3节5号充电套装+背带, 237闪光电动冲锋枪+送背带, 237蓝色闪光电动冲锋枪+送背带+3节5号, 237蓝色闪光电动冲锋枪+送背带+3节5号充电套装, 8619-蓝色电动枪, 8619-蓝色电动枪+送","Súng tiểu liên phun âm thanh và ánh sáng JQ566-D [xanh]1, Súng tiểu liên phun âm thanh và ánh sáng JQ566-D [xanh]2, Súng máy tiểu liên âm thanh và ánh sáng JQ566-D [xanh] + 3 đoạn số 5 + dây đeo, Súng máy tiểu liên phun âm thanh và ánh sáng JQ566-D [",3 3 3 3 3 3 3 3 3 3 5 5 5 5 5 5 5 5 5 5 237 237 237 566 566 566 566 566 566 8619 8619 8619 8699 8699 8699,3 3 3 3 3 3 3 3 3 3 5 5 5 5 5 5 5 5 237 237 237 566 566 566 566 566 566 8619 8619 8619 8699 8699 8699
vi_thieu_so,1025411009727,mother_baby,规格,"自备电池, +3个5号电池, +充电套装","Tự mang theo pin, +3 pin AA, Bộ sạc",3 5,3
vi_thua_so,841998109536,mother_baby,规格,立体拼图,câu đố 3D,,3
khac_so,970834276739,mother_baby,规格,"12色糖果包装（22厘米）约55克, 24色糖果包装（22厘米）约110克, 36色糖果包装（22厘米）约165克, 12色自封袋（23厘米）约85克, 24色自封袋（23厘米）约170克, 36色自封袋（23厘米）约250克, 12色自封袋（30厘米）商超款约135克, 24色自封袋（30厘米）商超款约260克, 36色自封袋（30厘米）商超款约390克","Bao bì kẹo 12 màu ( 22cm ) khoảng 55g, Bao bì kẹo 24 màu (NE1), Khoảng 110g, Bao bì kẹo 36 màu ( 22cm ) khoảng 165g, Túi ziplock 12 màu ( 23cm ) khoảng 85 gram, Túi ziplock 24 màu ( 23cm ) khoảng 170 gram, Túi ziplock 36 màu ( 23cm ) khoảng 250g, Túi",12 12 12 22 22 22 23 23 23 24 24 24 30 30 30 36 36 36 55 85 110 135 165 170 250 260 390,1 12 12 12 22 22 23 23 23 24 24 24 36 36 36 55 85 110 135 165 170 250 260 390
khac_so,851889283826,mother_baby,颜色,"54684 挂袋装【城市服务者惯性车】090-67, 54685 挂袋装【城市服务者+垃圾桶惯性车】090-67A, 55146挂袋装【城市环卫队+垃圾桶惯性车】090-69A, 54686 挂袋装【城市环卫惯性车】090-69, 54687 挂袋装【城市消防惯性车】090-71, 54688 挂袋装【军事车队惯性车】090-73, 53808挂袋装【回力城市环卫队】832-C9, 54681 挂袋装【回力城市运输者】832-C27, 54680 挂袋装【回力战争保卫者军事车】832-C26, ","54684 Túi treo [Xe quán tính của nhà cung cấp dịch vụ thành phố] 030-67, 54685 túi treo [thùng rác xe tải thành phố] 090-67A, 55146 Túi treo [Đội vệ sinh đô thị + Xe quán tính thùng rác] 090-69A, 54686 Túi treo [Xe làm quán tính vệ sinh đô thị] 090-6",2 7 9 13 13 15 19 22 23 24 25 26 27 51 67 67 69 69 71 73 77 90 90 90 90 90 90 90 90 91 130 312 388 599 832 832 832 832 832 832 832 832 832 832 6661 6664 53498 53539 53808 53979 54575 54665 54666 54670 54674 54675 54676 54677 54678 54679 54680 54681 54682 54684 54685 54686 54687 54688 55036 55146,2 7 9 13 13 15 19 22 23 24 25 26 27 30 30 30 51 67 67 69 69 71 73 77 90 90 90 90 90 91 130 312 388 599 832 832 832 832 832 832 832 832 832 832 6661 6664 53498 53539 53808 53979 54575 54665 54666 54670 54674 54675 54676 54677 54678 54679 54680 54681 54682 54684 54685 54686 54687 54688 55036 55146
vi_thieu_so,1064455290748,mother_baby,颜色,"专用7号电池15粒, 可伸缩红色发光剑无声/袋装, 可伸缩蓝发光剑无声/袋装, 可伸缩蓝色/有声效不含电池, 可伸缩红色/有声效不含电池, 可伸缩七彩/有声效不含电池, 红色发光陀螺剑一剑1陀螺opp, 蓝色发光陀螺剑一剑1陀螺opp, 彩盒装电池版加厚钛银激光剑7色可伸缩/不含电池, 彩盒装电池版加厚古铜激光剑7色可伸缩/不含电池, 彩盒装电池版加厚玫瑰金激光剑7色可伸缩/不含电池, 彩盒装电池版加厚钛乌激光剑7色可伸缩/不含电池, 彩盒装Type—C充电版彩盒装+加厚钛银激光剑7色可伸缩, ","15 viên pin AA chuyên dụng, Kiếm phát sáng màu đỏ có thể thu gọn, không tiếng ồn / đóng gói trong túi, Kiếm phát sáng xanh có thể thu gọn, không tiếng ồn / đóng gói trong túi, Có thể kéo dài, màu xanh dương, có hiệu ứng âm thanh, không kèm pin, Có th",1 1 7 7 7 7 7 7 7 7 7 15,7 7 7 7 7 7 7 7 15
khac_so,860236343575,mother_baby,颜色,"趣味手账套装(随机)CY-97, 萌萌熊小工匠811-360, 萌萌蛙甜品站811-361, 甜心熊饰品屋811-362, 萌医兔兔小诊所811-363, 萌奇鸡萌趣厨房8337, 萌趣鸭欢乐厨房811-364, 果蔬大集会811-367, 萌萌鸭小厨房811-368, 烧烤派对811-369, 蛙蛙果蔬店811-370, 趣味过家家811-400A, 呱呱蛙厨房套装811-400B, 烹饪小厨师811-402, 美味披萨店(随机)539-52, 牙科小卫士(随机)539-55, 可爱小厨房套装","Bộ tài khoản vui nhộn (ngẫu nhiên) CY-97, Chú Gấu Dễ Thương Thợ Thủ Công Nhỏ 811-360, Trạm tráng miệng ếch dễ thương 811-361, Nhà Phụ Kiện Gấu Sweetheart 811-362, Phòng khám Thỏ bác sĩ dễ thương 811-363, Nhà Bếp Gà Mengqi Dễ Thương 8337, Vịt Dễ Thươn",1 1 2 2 3 3 3 3 4 5 6 7 7 7 7 7 7 7 7 7 7 7 7 7 7 7 7 8 8 11 12 12 12 12 12 12 12 16 16 16 17 23 26 26 30 35 37 46 47 50 51 51 52 52 53 53 54 54 54 55 55 56 60 75 80 87 87 88 90 91 93 96 97 112 115 118 121 124 125 125 125 129 130 142 150 151 153 155 159 160 160 165 166 170 172 173 174 180 181 183 186 203 203 203 203 203 205 206 211 212 213 219 225 226 226 227 237 242 243 244 247 251 252 256 258 276 276 277 278 288 311 311 311 311 311 324 328 329 357 360 361 362 363 364 367 368 369 370 373 377 377 384 390 391 400 400 402 526 531 535 536 539 539 539 540 542 543 556 556 556 556 556 556 556 556 556 556 556 556 556 556 556 556 556 556 636 636 636 636 636 718 772 772 772 772 772 811 811 811 811 811 811 811 811 811 811 811 811 811 811 811 811 811 811 811 811 811 811 811 811 811 811 857 857 857 868 880 889 912 920 921 922 991 1028 1618 1618 2009 2010 2011 2012 2013 2021 2024 2025 2026 2353 2353 2353 2353 2818 2858 5539 5540 6038 6048 6504 6603 6604 6605 6607 6641 6685 6686 6687 6688 8058 8331 8337 8862 8900 89026 89028 89047 89049 89215 89216,1 1 2 2 3 3 3 3 4 5 6 7 7 7 7 7 7 7 7 7 7 7 7 7 7 7 7 8 8 11 12 12 12 12 12 12 12 16 16 16 17 23 26 26 30 35 37 46 47 50 51 51 52 52 53 53 54 54 54 55 55 56 60 75 80 87 87 88 90 91 93 96 97 112 115 118 121 124 125 125 125 129 130 142 150 151 153 155 159 160 160 165 166 170 172 173 174 180 181 183 186 203 203 203 203 203 205 206 211 212 213 219 225 226 226 227 237 242 243 244 247 251 252 256 258 276 276 277 278 288 311 311 311 311 311 324 328 329 356 356 357 360 361 362 363 364 367 368 369 370 373 377 377 384 390 391 400 400 402 526 531 535 536 539 539 539 540 542 543 556 556 556 556 556 556 556 556 556 556 556 556 556 556 556 556 636 636 636 636 636 718 772 772 772 772 772 811 811 811 811 811 811 811 811 811 811 811 811 811 811 811 811 811 811 811 811 811 811 811 811 811 811 857 857 857 868 880 889 912 920 921 922 991 1028 1618 1618 2009 2010 2011 2012 2013 2021 2024 2025 2026 2353 2353 2353 2353 2818 2858 5539 5540 6038 6048 6504 6603 6604 6605 6607 6641 6685 6686 6687 6688 8058 8331 8337 8862 8900 89026 89028 89047 89049 89215 89216
vi_thua_so,1059395652412,mother_baby,颜色,"8814十二星生肖幸运积木花【单小盒价格,拍12发一展示盒】, 8817十二星座幸福多肉积木花【单小盒价格,拍12发一展示盒】, 8735透明花枝积木花【单小盒价格,拍12发一展示盒】, 8856花枝系列积木花【单小盒价格,拍12发一展示盒】, 9093花枝系列积木花【单小盒价格,拍12发一展示盒】, 9094花枝系列积木花【单小盒价格,拍12发一展示盒】, 9095花枝系列积木花【单小盒价格,拍12发一展示盒】, 8938多肉盆栽积木花【单小盒价格,拍12发一展示盒】, 8940多肉盆栽积木花","8814 Bộ xếp hình hoa may mắn 12 con giáp [Giá hộp nhỏ đơn, mua 12 cái được tặng 1 hộp trưng bày], 8817 Bộ xếp hình hoa sen đá may mắn 12 chòm sao [Giá hộp nhỏ, mua 12 cái giao kèm hộp trưng bày], 8735 Bộ xếp hình cành hoa trong suốt [Giá hộp nhỏ đơn,",12 12 12 12 12 12 12 12 12 12 8735 8814 8817 8856 8938 8940 8942 9093 9094 9095,1 1 12 12 12 12 12 12 12 12 12 12 12 12 8735 8814 8817 8856 8938 8940 8942 9093 9094 9095
vi_thua_so,1081333093932,mother_baby,颜色,"8841黄蜂战士大礼盒【766PCS】, 8844秦天战士大礼盒【884PCS】, 8843秦天战士积木【805PCS】, 8840黄蜂战士积木【617PCS】, C5237机甲黄蜂积木【441PCS】, C5239机甲秦天积木【438PCS】, C5324悟空(黑)积木【489PCS】, C5323悟空(红)积木【489PCS】, 10096跑车小颗粒积木【411PCS】, 10098超跑小颗粒积木【420PCS】, K2053主战坦克小颗粒积木【342PCS】, K2056巡洋舰小颗粒积木【","8841 Hộp quà lớn Chiến binh Ong Vàng [766 chi tiết], 8844 Hộp quà tặng lớn Chiến binh Tần Thiên [884 Mảnh ghép], 8843 Bộ xếp hình Chiến binh Tần Thiên [805 mảnh], 8840 Bộ xếp hình Chiến binh Ong Vàng [617 mảnh], C5237 Bộ xếp hình Robot Wasp [441 mảnh",12 12 12 12 12 12 12 284 297 300 303 307 307 307 313 314 317 318 321 322 323 342 352 354 354 395 398 403 411 413 414 420 427 429 438 441 454 458 459 489 489 617 766 805 884 2053 2055 2056 2057 2059 2060 2062 2076 2077 2078 2079 2153 2154 2155 2156 2213 2215 2224 2225 2226 2241 2242 2243 3135 3136 3137 3138 5237 5239 5323 5324 8814 8817 8840 8841 8843 8844 8856 8938 9093 9094 9095 10096 10097 10098,1 1 12 12 12 12 12 12 12 12 12 284 297 300 303 307 307 307 313 314 317 318 321 322 323 342 352 354 354 395 398 403 411 413 414 420 427 429 438 441 454 458 459 489 489 617 766 805 884 2053 2055 2056 2057 2059 2060 2062 2076 2077 2078 2079 2153 2154 2155 2156 2213 2215 2224 2225 2226 2241 2242 2243 3135 3136 3137 3138 5237 5239 5323 5324 8814 8817 8840 8841 8843 8844 8856 8938 9093 9094 9095 10096 10097 10098
vi_thua_so,1051144322320,mother_baby,规格,24.3*28.5cm,"24,3*28,5cm (24,3 x 28,5 cm)",24.3 28.5,24.3 24.3 28.5 28.5
khac_so,640124760494,mother_baby,规格,"1斤高端魔力沙, 英文版2斤高端魔力沙, 亲子抱抱桶-1斤沙+10个模具, 高端魔力沙50斤乐园款, 高端魔力沙30斤乐园款, 通过新国标魔力沙定制","通过新国标魔力沙定制, 0.5kg Cát ma thuật sang trọng, Phiên bản tiếng Anh 1.0kg Cát ma thuật sang trọng, Xô ôm cha mẹ con - 0.5kg cát + 10 khuôn, Cát ma thuật cao cấp - Phiên bản thiên đường1, Cát ma thuật cao cấp - Phiên bản thiên đường2",1 1 2 10 30 50,0.5 0.5 1 1 10
vi_thieu_so,958067965756,mother_baby,颜色,"125-21大礼盒工程车路标套装, 125-23大礼盒消防车套装, 125-25大礼盒军事主题套装, 125-27大礼盒环卫车套装, 125-51城市警察套装【超大礼盒】, 168-408超大工程车路标套装【大礼盒】, 168-409超大礼盒消防8件套【大礼盒】, 125-20大礼盒工程车8只套装, 125-22大礼盒消防车8只套装, 125-24大礼盒军事车8只套装, 125-26大礼盒环卫车8只套装, 125-29消防套装【超大礼盒】, 125-30城市工程车套装【超大礼盒】, 125-31","Bộ quà tặng lớn 125-21: Xe công trình và bộ biển báo giao thông, Bộ đồ chơi xe cứu hỏa hộp quà lớn 125-23, Bộ quà tặng lớn chủ đề quân sự 125-25, Bộ xe vệ sinh môi trường hộp quà lớn 125-27, 125-51 Bộ đồ cảnh sát thành phố [Hộp quà siêu lớn], Bộ biển",1 1 1 1 1 1 1 1 2 2 2 2 2 2 2 2 3 3 4 4 4 4 8 8 8 8 8 8 8 8 8 8 8 18 20 21 22 23 24 24 25 26 27 28 29 30 30 31 32 32 33 36 37 40 51 57 58 65 67 68 75 76 77 78 79 80 100 102 103 104 105 113 114 115 116 125 125 125 125 125 125 125 125 125 125 125 125 125 125 125 125 125 125 125 125 125 125 125 125 125 125 125 125 125 125 125 125 125 125 125 168 168 168 168 168 168 168 168 168 168 168 220 408 409 415 416 418 420 421 422 425 426 427 813 813 898 898 3389 3389 3389 6399 6399,1 1 1 1 1 1 2 2 2 2 2 2 2 2 3 3 4 4 4 4 8 8 8 8 8 8 8 8 8 8 8 18 20 21 22 23 24 24 25 26 27 28 29 30 30 31 32 32 33 36 37 40 51 57 58 65 67 68 75 76 77 78 79 80 100 102 103 104 105 113 114 116 125 125 125 125 125 125 125 125 125 125 125 125 125 125 125 125 125 125 125 125 125 125 125 125 125 125 125 125 125 125 125 125 125 125 168 168 168 168 168 168 168 168 168 168 168 220 408 409 415 416 418 420 421 422 425 426 427 813 813 898 898 3389 3389 3389 6399 6399
vi_thieu_so,849540881288,mother_baby,规格,"A冲天小火箭 1头带灯, A冲天小火箭 2头带灯, A冲天小火箭 3头带灯, A冲天小火箭 4头带灯, A冲天小火箭 6头带灯, A冲天小火箭 8头带灯, A冲天小火箭 9头带灯, A冲天小火箭 1头无灯, A冲天小火箭 2头无灯, A冲天小火箭 3头无灯, A冲天小火箭 4头无灯, A冲天小火箭两套 2头带灯, A冲天小火箭两套 4头带灯, A冲天小火箭两套 6头带灯, A冲天小火箭两套 8头带灯","Một tên lửa nhỏ có đèn, Một tên lửa nhỏ Chongtian 2 đầu có đèn, Tên lửa nhỏ A Chongtian 3 đầu có đèn, Một tên lửa nhỏ Chongtian 4 đầu có đèn, Tên lửa nhỏ A Chongtian 6 đầu có đèn, Tên lửa nhỏ A Chongtian 8 đầu có đèn, Tên lửa nhỏ A Chongtian 9 đầu có",1 1 2 2 2 3 3 4 4 4 6 6 8 8 9,2 2 2 3 3 4 4 4 6 6 8 8 9
vi_thieu_so,980556529982,mother_baby,颜色,"8899-16【粉】六面鼓, 8899-16【粉】六面鼓+3节5号 +螺丝刀, 8899-16【粉】六面鼓+3节5号充电套装 +螺丝刀, 8899-16【绿】六面鼓, 8899-16【绿】六面鼓+3节5号 +螺丝刀, 8899-16【绿】六面鼓 +3节5号充电套装+螺丝刀, 8899-16【黄】六面鼓, 8899-16【黄】六面鼓+3节5号 +螺丝刀, 8899-16【黄】六面鼓 +3节5号充电套装+螺丝刀, HJ-9036【绿】电动音乐手拍鼓, HJ-9036【绿】电动音乐手拍鼓+3节5号+螺","8899-16 [Hồng] Trống sáu mặt, 8899-16 [Hồng] Trống sáu mặt + 3 phần số 5 + tuốc nơ vít, 8899-16 [Hồng] Trống sáu mặt + Bộ sạc 3 phần số 5 + tuốc nơ vít, 8899-16 [Xanh] Trống sáu mặt, 8899-16 [Xanh] Trống sáu mặt + 3 phần số 5 + tuốc nơ vít, 8899-16 [",3 3 3 3 3 3 3 3 3 3 3 3 3 3 3 3 5 5 5 5 5 5 5 5 5 5 5 5 5 5 7 7 16 16 16 16 16 16 16 16 16 2205 2205 2205 8899 8899 8899 8899 8899 8899 8899 8899 8899 8936 8936 8936 9036 9036 9036 9036 9036 9036 9036 9036 9036,3 3 3 3 3 3 3 3 3 3 3 3 3 3 3 3 5 5 5 5 5 5 5 5 7 16 16 16 16 16 16 16 16 16 2205 2205 2205 8899 8899 8899 8899 8899 8899 8899 8899 8899 8936 8936 8936 9036 9036 9036 9036 9036 9036 9036 9036 9036
vi_thieu_so,982608575557,mother_baby,比例,"1块大锂电池续航45分钟+USB充电, 2块大锂电池续航90分钟+USB充电, 3块大锂电池续航135分钟+USB充电, 4块大锂电池续航180分钟+USB充电","Pin lithium lớn, thời lượng pin 45 phút + sạc USB, Pin lithium lớn 2 viên, thời lượng pin 90 phút + sạc USB, Pin lithium lớn 3 viên, thời lượng pin 135 phút + sạc USB, 4 pin lithium dung lượng lớn, cho thời gian sử dụng lên đến 180 phút + có thể sạc ",1 2 3 4 45 90 135 180,2 3 4 45 90 135 180
khac_so,1039828007959,mother_baby,颜色,"绿色1只枪+1只飞机, 蓝色1只枪+1只飞机, 粉色1只枪+1只飞机","Một khẩu súng màu xanh + một chiếc máy bay1, Một khẩu súng màu xanh + một chiếc máy bay2, Một khẩu súng màu hồng + một chiếc máy bay",1 1 1 1 1 1,1 2
vi_thieu_so,1060068954360,mother_baby,颜色,"K496【极速山麓越野车】165颗粒, K497【高原越野车】182颗粒, K498【沙漠越野车】163颗粒, K499【猛虎越野车】164颗粒, K500【军事越野车】165颗粒, K501【防爆特警车】187颗粒, 【K496-501越野车每款1只单独彩盒】, K335【向日葵】88颗粒, K336【红玫瑰】99颗粒, K337【康乃馨】99颗粒, K338【风铃草】98颗粒, K339【芙蓉】95颗粒, K340【紫泡泡】108颗粒, K335-340每款1只, K364【汉堡小店】207","K496【Xe địa hình tốc độ cao vùng núi】165 chi tiết, K497【Xe địa hình cao nguyên】182 viên, K498【Xe địa hình sa mạc】163 mảnh, K499【Xe địa hình Hổ Mạnh】164 mảnh, K500【Xe địa hình quân sự】165 mảnh, K501【Xe cảnh sát đặc nhiệm chống nổ】187 mảnh, 【Xe địa hìn",1 1 1 1 1 1 1 1 1 1 1 1 1 1 1 1 1 1 1 1 1 1 1 1 1 1 1 1 1 1 2 3 4 5 6 6 71 86 88 90 95 98 99 99 99 108 108 124 128 130 132 133 134 137 137 138 138 139 143 143 145 145 145 145 146 146 147 147 148 149 150 153 153 156 158 158 158 159 159 160 161 161 162 163 164 164 165 165 166 168 168 168 170 172 174 181 181 182 186 187 187 194 195 197 198 198 202 204 204 205 205 206 207 207 211 212 214 217 217 223 223 224 225 228 228 236 241 241 249 254 254 264 265 273 274 275 277 277 280 281 283 283 285 288 288 288 289 290 291 302 303 304 304 307 311 313 315 318 319 319 323 325 327 329 335 335 335 336 337 337 337 337 338 339 340 340 341 341 342 342 343 347 348 352 352 352 352 353 353 353 354 355 356 357 357 357 357 358 358 359 360 360 361 362 363 363 363 363 364 364 365 366 367 367 367 368 368 368 369 369 370 370 370 371 371 372 373 374 375 375 384 385 387 397 400 400 401 402 403 404 404 405 405 406 406 407 408 409 410 411 411 412 412 413 414 415 416 417 417 418 418 419 420 420 421 422 423 423 424 424 425 426 427 427 428 429 429 429 436 436 437 438 439 440 441 441 448 448 449 450 451 452 453 453 456 460 460 461 462 463 464 465 465 466 466 467 468 469 470 471 471 472 472 473 474 475 476 477 477 478 478 479 480 481 482 483 483 496 496 497 498 499 500 501 501 502 502 503 504 505 506 507 507 508 508 509 510 511 512 513 513 514 514 515 516 517 518 519 519 520 520 521 522 523 524 525 525 530 530 531 532 533 534 535 535 536 536 537 538 539 540 541 541 542 542 543 544 545 546 547 547 548 548 549 550 551 552 553 553 554 554 555 556 557 558 559 559 560 560 561 562 563 564 565 565,1 1 1 1 1 1 1 1 1 1 1 1 1 1 1 1 1 1 1 1 1 1 1 1 1 1 1 1 1 2 3 4 5 6 6 71 86 88 90 95 98 99 99 99 108 108 124 128 130 132 133 134 137 137 138 138 139 143 143 145 145 145 145 146 146 147 147 148 149 150 153 153 156 158 158 158 159 159 160 161 161 162 163 164 164 165 165 166 168 168 168 170 172 174 181 181 182 186 187 187 194 195 197 198 198 202 204 204 205 205 206 207 207 211 212 214 217 217 223 223 224 225 228 228 236 241 241 249 254 254 264 265 273 274 275 277 277 280 281 283 283 285 288 288 288 289 290 291 302 303 304 304 307 311 313 315 318 319 319 323 325 327 329 335 335 335 336 337 337 337 337 338 339 340 340 341 341 342 342 343 347 348 352 352 352 352 353 353 353 354 355 356 357 357 357 357 358 358 359 360 360 361 362 363 363 363 363 364 364 365 366 367 367 367 368 368 368 369 369 370 370 370 371 371 372 373 374 375 375 384 385 387 397 400 400 401 402 403 404 404 405 405 406 406 407 408 409 410 411 411 412 412 413 414 415 416 417 417 418 418 419 420 420 421 422 423 423 424 424 425 426 427 427 428 429 429 429 436 436 437 438 439 440 441 441 448 448 449 450 451 452 453 453 456 460 460 461 462 463 464 465 465 466 466 467 468 469 470 471 471 472 472 473 474 475 476 477 477 478 478 479 480 481 482 483 483 496 496 497 498 499 500 501 501 502 502 503 504 505 506 507 507 508 508 509 510 511 512 513 513 514 514 515 516 517 518 519 519 520 520 521 522 523 524 525 525 530 530 531 532 533 534 535 535 536 536 537 538 539 540 541 541 542 542 543 544 545 546 547 547 548 548 549 550 551 552 553 553 554 554 555 556 557 558 559 559 560 560 561 562 563 564 565 565
vi_thieu_so,739760836148,mother_baby,颜色,"7742多功能商务车【黑色】, 7742多功能商务车【白色】, 7742多功能商务车【黑色】+10粒电子+螺丝刀, 7742多功能商务车【白色】+10粒电子+螺丝刀, 7759四开门声光皮卡六轮减震【红】, 7759四开门声光皮卡六轮减震【蓝】, 7759四开门声光皮卡六轮减震【黄】, 7762六开门【白色】声光警报商务车, 7762六开门【红色】声光警报商务车, 7762六开门【黑色】声光警报商务车, 7737 五开门声光警车, 7737 五开门声光救护车, 7731mini小汽车【蓝色】, ","Xe thương mại đa chức năng 7742 [màu đen], Xe thương mại đa chức năng 7742 [màu trắng], Xe thương mại đa chức năng 7742 [Đen] 10 tuốc nơ vít điện tử, Xe thương mại đa chức năng 7742 [Trắng] 10 tuốc nơ vít điện tử, 7759 Xe bán tải bốn cửa giảm xóc sáu",10 10 23 23 571 571 2205 2206 2206 2206 7723 7723 7729 7731 7731 7731 7733 7733 7733 7735 7735 7735 7737 7737 7742 7742 7742 7742 7759 7759 7759 7760 7760 7762 7762 7762 7769 7769 7769 7769 7769 7772 7772 7774 7774 7774 7774 7777 7777 8601 8601 8601,10 10 23 571 571 2205 2206 2206 2206 7723 7723 7729 7731 7731 7731 7733 7733 7733 7735 7735 7735 7737 7737 7742 7742 7742 7742 7759 7759 7759 7760 7760 7762 7762 7762 7769 7769 7769 7769 7769 7772 7772 7774 7774 7774 7774 7777 7777 8601 8601 8601
vi_thua_so,1064568911184,mother_baby,规格,"【粉色】二斤沙子+39配件+中号沙盘, 【紫色】二斤沙子+39配件+中号沙盘, 【蓝色】二斤沙子+39配件+中号沙盘, 【沙色】二斤沙子+39配件+中号沙盘, 【绿色】二斤沙子+39配件+中号沙盘, 【橘色】二斤沙子+39配件+中号沙盘, 【粉色】五斤沙子+76配件+大号沙盘, 【紫色】五斤沙子+76配件+大号沙盘, 【蓝色】五斤沙子+76配件+大号沙盘, 【沙色】五斤沙子+76配件+大号沙盘, 【绿色】五斤沙子+76配件+大号沙盘, 【橘色】五斤沙子+76配件+大号沙盘, 【粉色】十斤沙子+1","【Hồng】 1.0kg Cát + 39 phụ kiện + Bàn cát cỡ trung, 【Tím】 1.0kg Cát + 39 phụ kiện + Bàn cát cỡ trung, 【Xanh dương】 1.0kg Cát + 39 phụ kiện + Bàn cát cỡ trung, 【Màu cát】 1.0kg Cát + 39 phụ kiện + Bàn cát cỡ trung, 【Xanh lá】 1.0kg Cát + 39 phụ kiện + Bà",39 39 39 39 39 39 39 39 39 39 39 39 76 76 76 76 76 76 76 132 132 132 132 132 132,1 1 1 1 1 1 1 1 1 1 1 1 1.5 1.5 1.5 1.5 1.5 1.5 2.5 2.5 2.5 2.5 2.5 2.5 2.5 5 5 5 5 5 5 39 39 39 39 39 39 39 39 39 39 39 39 76 76 76 76 76 76 76 132 132 132 132 132 132
khac_so,1049713137734,mother_baby,规格,"4斤纯沙-粉色, 4斤纯沙-蓝色, 4斤纯沙-紫色, 4斤纯沙-绿色, 4斤纯沙-沙色, 5斤装粉色-塑料沙盘+72配件, 5斤装蓝色-塑料沙盘+72配件, 5斤装紫色-塑料沙盘+72配件, 5斤装粉色沙+手提箱+129模具配件, 5斤装蓝色沙+手提箱+129模具配件, 5斤装紫色沙+手提箱+129模具配件, 5斤装绿色沙+手提箱+129模具配件, 5斤装沙色+手提箱+129模具配件, 5斤装粉色沙+充气大沙盘+收纳盒+160模具配件, 5斤装蓝色沙+充气大沙盘+收纳盒+160模具配件, 5斤装","2kg Cát tinh khiết - Hồng, 2kg Xanh Cát Tinh Khiết2, 2kg Cát Tinh Khiết-Tím, 2kg Xanh Cát Tinh Khiết1, 2kg Cát Tinh Khiết - Màu Cát, 2.5kg Bàn Cát Nhựa Hồng + 72 Phụ Kiện, 2.5kg Bộ mô hình cát nhựa màu xanh dương + 72 phụ kiện, 2.5kg Bàn Cát Nhựa Tím",1 1 2 3 4 4 4 4 4 4 5 5 5 5 5 5 5 5 5 5 5 7 10 10 10 10 10 10 10 12 12 24 24 72 72 72 129 129 129 129 129 160 160 160 168 168 168 170 170 170 206 206,1 1 1 1 2 2 2 2 2 2 2.5 2.5 2.5 2.5 2.5 2.5 2.5 2.5 2.5 2.5 2.5 3 3.5 4 5 5 5 5 5 5 5 12 12 24 24 72 72 72 129 129 129 129 129 160 160 160 168 168 168 170 170 170 206 206
vi_thieu_so,712815220656,mother_baby,颜色,"烈焰红-M416手动软弹枪【标配】, 迷彩绿-M416手动软弹枪【标配】, 烈焰红-M416手动软弹枪【高配】, 迷彩绿-M416手动软弹枪【高配】, 【礼盒装】烈焰红-M416手动软弹枪【高配】, 【礼盒装】迷彩绿-M416手动软弹枪【高配】, 烈焰红-M416手动软弹枪【满配】, 迷彩绿-M416手动软弹枪【满配】, 【礼盒装】烈焰红-M416手动软弹枪【满配】, 【礼盒装】迷彩绿-M416手动软弹枪【满配】, 烈焰红-M416电动软弹枪【标配】, 迷彩绿-M416电动软弹枪【标配】, 烈焰","Súng bắn mềm thủ công Flame Red-M416 [tiêu chuẩn], Súng bắn mềm bằng tay ngụy trang xanh-M416 [tiêu chuẩn], Súng bắn mềm thủ công Flame Red-M416 [cấu hình cao], Súng bắn mềm bằng tay ngụy trang xanh-M416 [cấu hình cao], [Hộp quà] Súng bắn đạn mềm bằn",416 416 416 416 416 416 416 416 416 416 416 416 416 416 416 416 416 416 416 416 416 416 416 416 416 416,416 416 416 416 416 416 416 416 416 416 416 416 416 416 416 416 416 416 416 416 416 416 416
khac_so,1045059673021,mother_baby,颜色,"48款公仔-随机1盒, 飞鸟随机1盒, 12款昆虫-1509整套, 12款熊猫-1508整套, 12款动物-1502整套, 24款汽车-整套, 48款-公仔整套, 01 迷你达达熊, 02 迷你玫玫熊, 03 迷你杰杰猫, 04 迷你黛黛兔, 05 迷你琦琦狗, 06 迷你贝贝狐, 07 迷你唐唐鸭, 08 迷你黛黛鸭, 09 迷你黄黄狗, 10 迷你飞飞狗, 11 迷你奇奇鼠, 12 迷你妮妮鼠, 13 迷你桂玉狗, 14 迷你恰恰狗, 15 迷你美乐兔, 16 迷你库库兔, 17 迷你KV猫","48 mẫu búp bê - 1 hộp ngẫu nhiên, Hộp ngẫu nhiên chim bay, 12 mẫu côn trùng - 1509 trọn bộ, Bộ 12 mẫu gấu trúc-1508, 12 mẫu thiết kế hình động vật - bộ hoàn chỉnh 1502., Xe ô tô đời 2024 - trọn bộ, 48 mẫu - Trọn bộ búp bê, 01 Gấu Dada Mini, 02 Gấu hồ",1 1 1 1 1 1 1 1 1 1 2 2 2 2 2 2 2 2 3 3 3 3 3 3 3 3 4 4 4 4 4 4 4 4 5 5 5 5 5 5 5 5 6 6 6 6 6 6 6 6 7 7 7 7 8 8 8 8 9 9 9 9 10 10 10 10 11 11 11 11 12 12 12 12 12 12 12 13 14 15 16 17 18 19 20 21 22 23 24 24 25 26 27 28 29 30 31 32 33 34 35 36 37 38 39 40 41 42 43 44 45 46 47 48 48 48 87 93 95 114 116 121 128 130 130 132 133 135 137 139 140 142 142 143 146 152 154 157 171 189 1502 1502 1502 1502 1502 1502 1502 1502 1502 1502 1502 1502 1502 1508 1508 1508 1508 1508 1508 1508 1508 1508 1508 1508 1508 1508 1509 1509 1509 1509 1509 1509 1509 1509 1509 1509 1509 1509 1509 1531 1531 1531 1531 1531 1531 1532 1532 1532 1532 1532 1532 1533 1533 1533 1533 1533 1533 1534 1534 1534 1534 1534 1534,1 1 1 1 1 1 1 1 1 2 2 2 2 2 2 2 2 3 3 3 3 3 3 3 3 4 4 4 4 4 4 4 4 5 5 5 5 5 5 5 5 6 6 6 6 6 6 6 6 7 7 7 7 8 8 8 8 9 9 9 9 10 10 10 10 11 11 11 11 12 12 12 12 12 12 12 13 14 15 16 17 18 19 20 21 22 23 24 25 26 27 28 29 30 31 32 33 34 35 36 37 38 39 40 41 42 43 44 45 46 47 48 48 48 87 93 95 114 116 121 128 130 130 132 133 135 137 139 140 142 142 143 146 152 154 157 171 189 1502 1502 1502 1502 1502 1502 1502 1502 1502 1502 1502 1502 1502 1508 1508 1508 1508 1508 1508 1508 1508 1508 1508 1508 1508 1508 1509 1509 1509 1509 1509 1509 1509 1509 1509 1509 1509 1509 1509 1531 1531 1531 1531 1531 1531 1532 1532 1532 1532 1532 1532 1533 1533 1533 1533 1533 1533 1534 1534 1534 1534 1534 1534 2024
khac_so,1070701000173,mother_baby,容量,"白色礼盒150+240ML, 蓝色礼盒150+240ML, 绿色礼盒150+240ML, 白色150ML, 白色240ML, 白色330ML, 粉色150ML, 粉色240ML, 粉色330ML, 蓝色150ML, 蓝色240ML, 蓝色330ML, 紫色150ML, 紫色240ML, 紫色330ML, 绿色150ML, 绿色240ML, 绿色330ML, 0段奶嘴拆开单个, 1段奶嘴拆开单个, 2段奶嘴拆开单个, 3段奶嘴拆开单个, Y段奶嘴拆开单个, 0段原盒两个装, 1段原盒两个装, 2段","Hộp quà màu trắng 150+240ML, Hộp quà màu xanh 150+240ML, Hộp quà màu xanh lá 150+240ML, Trắng 150ML, Trắng 240ML, Trắng 330ML, Hồng 150ML, Hồng 240ML, Màu hồng 330ML, Màu xanh 150ML, Màu xanh 240ML, Xanh dương 330ML, Tím 150ML, Màu tím 240ML, Màu tím",0 0 1 1 2 2 3 3 150 150 150 150 150 150 150 150 240 240 240 240 240 240 240 240 330 330 330 330 330,0 1 1 2 2 2 3 3 150 150 150 150 150 150 150 150 240 240 240 240 240 240 240 240 330 330 330 330 330
vi_thieu_so,1047535688623,mother_baby,容量,"240ml (0-6个月), 300ml(6个月以上), 0-6个月用圆孔奶嘴2个, 6个月以上用十字孔奶嘴2个, 吸嘴2个, 鸭嘴2个","240ml (0-6 tháng), 300ML (dành cho trẻ từ 6 tháng tuổi trở lên), Hai loại núm vú giả có lỗ tròn, dùng cho trẻ từ 0 đến 6 tháng tuổi., 2 núm ti có lỗ chữ thập dùng cho bé trên 6 tháng tuổi, 2 vòi hút, 2 cái mỏ vịt",0 0 2 2 2 2 6 6 6 6 240 300,0 0 2 2 2 6 6 6 6 240 300
khac_so,895836832848,mother_baby,容量,"210ML配奶嘴, 210ML配吸嘴, 280ML配奶嘴, 280ML配吸嘴, 210ML配奶嘴+鸭嘴, 210ML配奶嘴+吸嘴, 210ML配吸嘴+鸭嘴, 280ML配奶嘴+鸭嘴, 280ML配奶嘴+吸嘴, 280ML配吸嘴+鸭嘴, 210ML配奶嘴+奶嘴*2, 210ML配奶嘴+鸭嘴+吸嘴, 210ML配奶嘴+吸嘴*2, 210ML配吸嘴+吸嘴*2, 280ML配奶嘴+奶嘴*2, 280ML配奶嘴+鸭嘴+吸嘴, 280ML配奶嘴+吸嘴*2, 280ML配吸嘴+吸嘴*2","210ML kèm núm vú giả1, 210ML có vòi hút, 280ML kèm núm vú giả1, 280ML có vòi hút, 210ML với núm vú giả1, 210ML kèm núm vú giả2, 210ML với miệng vịt, 28 0ML với núm vú giả, 280ML kèm núm vú giả2, 280ML có vòi phun mỏ vịt, 210ML với núm vú giả * 21, 21",2 2 2 2 2 2 210 210 210 210 210 210 210 210 210 280 280 280 280 280 280 280 280 280,0 2 2 2 2 2 2 28 210 210 210 210 210 210 210 210 210 280 280 280 280 280 280 280 280
vi_thua_so,1039086870780,mother_baby,容量,"PPSU 240ml奶瓶, PPSU 240ml吸水杯（配直吸管）, PPSU 330ml奶瓶, PPSU 330ml吸水杯（配直吸管）, PPSU 240ml 三用款配吸管球（送直吸管）, PPSU 330ml 三用款配吸管球（送直吸管）","Bình sữa PPSU 240ml, Cốc hút nước PPSU 240ml (kèm ống hút thẳng), Bình sữa PPSU 330ml, Cốc hút nước PPSU 330ml (kèm ống hút thẳng), Bình PPSU 240ml đa năng kèm ống hút và nút chặn (tặng kèm ống hút thẳng), PPSU 330ml, mẫu 3 trong 1, kèm ống hút và nú",240 240 240 330 330 330,1 3 240 240 240 330 330 330
vi_thua_so,991615369096,mother_baby,属性二,百日奶瓶,bình sữa 100 ngày,,100
vi_thieu_so,696037929925,mother_baby,容量,"硅胶奶瓶240mL（7.2cm世喜同款）, A款硅胶奶瓶（240mL/7.0cm口径）, B款硅胶奶瓶（240mL/7.0cm口径）, PP奶瓶300ml（7.2cm/世喜同款）, 吸水嘴/7.2cm适配世喜【9月+】, 鸭嘴/7.2cm适配世喜【6月+】, 奶嘴（S圆0-3月）/7.2cm适配世喜, 奶嘴（M圆3-6月）/7.2cm适配世喜, 奶嘴（L圆6月+）/7.2cm适配世喜, 奶嘴（XL十字9月+）/7.2cm适配世喜, 重力球吸管【带收纳盒, 喂养套装七件套【英文包装】","喂养套装七件套【英文包装】, Bình sữa Silicone 240mL (cùng kiểu Shixi 7,2 cm), Bình sữa silicon loại A (đường kính 240mL/7.0cm), Bình sữa silicon loại B (đường kính 240mL/7.0cm), Bình sữa PP 300ml(7.2cm/cùng kiểu Shixi), Đầu hút nước/7.2cm phù hợp cho Shixi [Septe",0 3 3 6 6 6 7 7 7.2 7.2 7.2 7.2 7.2 7.2 7.2 7.2 9 9 240 240 240 300,0 3 3 6 6 6 7 7 7.2 7.2 7.2 7.2 7.2 7.2 7.2 7.2 9 240 240 240 300
vi_thieu_so,856167426636,mother_baby,尺寸大小,"【吸嘴】一体式【50口径】, 【吸嘴】一体式吸嘴+重力球【50口径】, 奶嘴-咖啡色【50口径】, 鸭嘴-咖啡色【50口径】, 分体式鸭嘴+重力球【50口径】, 叶片吸管组【50口径】, 一体式重力球【咖色】, 【奶嘴】分体式L码十字孔【50口径】, 【吸嘴】分体式【50口径】, 鸭嘴【50口径】, 奶嘴 【50口径】, 分体式吸嘴【50口径】, 分体式吸嘴+重力球【50口径】, 一体式吸嘴【50口径】, 一体式吸嘴+重力球【50口径】, 一体式重力球, 一体式吸嘴+直吸管【50口径】, 玻璃奶","[Vòi phun] Tích hợp [cỡ nòng 50], [Đầu hút] Đầu hút tích hợp + bi trọng lực [cỡ nòng 50], Núm vú giả - Nâu cà phê [Đường kính 50mm], Duckbill - Nâu Cà Phê [Cỡ 50], Mỏ vịt chia đôi + bóng trọng lực [cỡ nòng 50], Bộ ống hút Blade [cỡ 50], Bóng trọng lự",0 0 1 2 3 3 3 6 6 6 6 6 7 7 9 10 10 10 12 12 12 50 50 50 50 50 50 50 50 50 50 50 50 50 50 50 50 60 60 60 60 60 60 60 60 60 60 60 60 60 60 60 73 73 316 1100 1126 1713 6680 18152 68791 68791 68791 68798 68798 69355,0 0 1 2 3 3 3 6 6 6 7 7 9 10 10 10 12 12 12 50 50 50 50 50 50 50 50 50 50 50 50 50 50 50 50 60 60 60 60 60 60 60 60 60 60 60 60 60 60 60 73 73 316 1100 1126 1713 6680 18152 68791 68791 68791 68798 68798 69355
vi_thua_so,1042701689033,mother_baby,尺寸大小,"【0-1个月】SS号(圆孔)独立盒子装, 【1-3个月】S号(圆孔)独立盒子装, 【3-6个月】M码(Y孔)独立盒子装, 【6月以上】L码(Y孔)独立盒子装, 【9月以上LL码(Y孔)独立盒子装, 【12月以上】3L码(Y孔)独立盒子装, 吸管式奶嘴(小十字 6个月+)送盒+刷, 吸管式奶嘴(中十字9个月+)送盒+刷, 吸管式奶嘴(大十字 12个月+)送盒+刷, 奶嘴重力球(硅胶头)(原装奶嘴用)送盒+刷, 离乳奶嘴(Y孔 6月+)送盒, 离乳鸭嘴(双11 8月+)送盒, 离乳吸嘴(十字孔9月+","【0-1 tháng tuổi】Size SS (lỗ tròn), đóng gói hộp riêng, 【1-3 tháng】Cỡ S (lỗ tròn), đóng hộp riêng, 【3-6 tháng】Cỡ M (lỗ chữ Y), đóng hộp riêng, 【Từ tháng 6 trở đi】Cỡ L (lỗ chữ Y), đóng hộp riêng, 【Cỡ LL (lỗ chữ Y) từ tháng 9 trở đi, đóng hộp riêng】, 【D",0 1 1 2 3 3 3 6 6 6 6 6 8 9 9 9 11 12 12 12 36,0 1 1 2 3 3 3 6 6 6 6 6 8 9 9 9 11 11 12 12 12 36
vi_thua_so,955625155711,mother_baby,容量,"180ML百日晶护瓶PPSU防摔款-自带S(0-3月), 240ML百日晶护瓶PPSU防摔款-自带M(3-6月), 180ML自带S奶嘴+SS奶嘴（早产儿0-3月）, 180ML自带S奶嘴+M奶嘴（0-6月）, 240ML自带M奶嘴+S奶嘴（0-6月）, 240ML自带M奶嘴+L奶嘴（3-12月）, SS号百日晶护瓶奶嘴, S号百日晶护瓶奶嘴, M号百日晶护瓶奶嘴, L号百日晶护瓶奶嘴, SS号百日晶护瓶奶嘴(2个装）, S号百日晶护瓶奶嘴(2个装）, M号百日晶护瓶奶嘴(2个装）, L号百日晶","Bình sữa PPSU chống rơi 180ML - Kèm size S (0-3 tháng), Bình sữa PPSU chống rơi 240ML, chất liệu trong suốt, kèm núm ti M (3-6 tháng), 180ML kèm núm ti S + núm ti SS (cho trẻ sinh non 0-3 tháng), 180ML đi kèm núm vú S + núm vú M (0-6 tháng), 240ML đi",0 0 0 0 2 2 2 2 3 3 3 3 6 6 6 12 180 180 180 240 240 240,0 0 0 0 2 2 2 2 3 3 3 3 6 6 6 12 100 180 180 180 240 240 240
khac_so,899285036630,mother_baby,装箱数量,180ml78个/箱 240ml75/箱 300ml72个/箱,180ml78 cái/hộp 240ml7 5/hộp 300ml72 cái/hộp,72 75 78 180 240 300,5 7 72 78 180 240 300
vi_thieu_so,1069693879667,mother_baby,容量,"180ml【0-1月】自带SS+温奶底垫, 180ml【1-3月】自带S+温奶底垫, 180ml【3-6月】自带M+温奶底垫, 180ml【0-3月】自带SS+S码奶嘴*2+温奶底垫, 180ml【1-6月】自带S+M码奶嘴*2+温奶底垫, 240ml【1-3月】自带S+温奶底垫, 240ml【1-6月】自带S+M码奶嘴*2+温奶底垫, 240ml【1-6月】自带S+M码奶嘴+L码奶嘴+吸管+手柄+温奶底垫, 240ml【3-6月】自带M+温奶底垫, 240ml【3-6月+】自带M+L码奶嘴*2","180ml [0-1 tháng] Tự kèm SS + đế giữ ấm sữa, 180ml【1-3 tháng】Tự kèm đế giữ nhiệt S+, 180ml [3-6 tháng] Tự kèm đế giữ nhiệt M+, 180ml [0-3 tháng tuổi] đi kèm với 2 núm vú cỡ SS+S + đế giữ ấm., 180ml [1-6 tháng] Tặng kèm 2 núm ti S+M + đế giữ nhiệt bìn",0 0 1 1 1 1 1 1 2 2 2 2 2 3 3 3 3 3 3 6 6 6 6 6 6 6 6 6 6 6 6 6 6 12 12 12 12 180 180 180 180 180 240 240 240 240 240 240 240 240 240 240 300 300 300,0 0 1 1 1 1 1 1 2 2 2 2 2 3 3 3 3 3 3 6 6 6 6 6 6 6 6 6 6 6 6 6 12 12 12 12 180 180 180 180 180 240 240 240 240 240 240 240 240 240 240 300 300 300
vi_thieu_so,1069764695608,mother_baby,尺寸大小,"鸭嘴+重力球｜双11孔｜6个月以上｜送盒+刷, 学饮嘴+重力球｜V字孔｜9个月以上｜送盒+刷, 防喷嘴+直饮管｜V字孔｜12月以上｜送盒+刷, 直饮嘴+重力球｜大圆孔｜12月以上｜送盒+刷, 直饮嘴+直饮管｜大圆孔｜18月以上｜送盒+刷, S号奶嘴+重力球｜1滴孔｜0-3个月｜送盒+刷, M号奶嘴+重力球｜2滴孔｜3-6个月｜送盒+刷, L号奶嘴+重力球｜3滴孔｜6-9个月｜送盒+刷, LL号奶嘴+重力球｜Y字孔｜9-12个月｜送盒+刷, (2只)鸭嘴+重力球｜双11孔｜6个月以上｜送盒+刷, ","重力球吸管(搭配奶嘴用), 直饮吸管(搭配奶嘴用), Mỏ vịt + bi trọng lực | 11 lỗ | Từ 6 tháng tuổi trở lên | Tặng hộp + bàn chải, Bộ tập uống + bi trọng lực | Lỗ chữ V | Từ 9 tháng tuổi trở lên | Tặng hộp + cọ rửa, Chống văng + ống hút trực tiếp | Lỗ chữ V | Từ tháng 12 trở",0 1 2 2 2 2 2 2 2 3 3 3 6 6 6 6 9 9 9 9 9 11 11 12 12 12 12 12 12 12 18 18 18,0 2 2 2 2 2 2 2 3 3 3 6 6 6 6 9 9 9 9 9 11 11 12 12 12 12 12 12 12 18 18 18
vi_thua_so,895479305057,mother_baby,尺寸大小,"(6.4CM )160ML百日玻璃奶瓶+排气阀, (6.4CM )240ML百日玻璃奶瓶+排气阀, (6.4CM )V吸防喷直饮水嘴, (6.4CM )护唇鸭嘴 裸装, (6.4CM )十字孔奶嘴 裸装, (6.4CM )6.4三滴孔奶嘴 裸装, (6.4CM )两滴孔奶嘴 裸装, (6.4CM )一滴孔奶嘴 裸装, 纳米色直饮吸管 长度可以裁剪, 纳米色一体重力球吸管 裸装, (6.4CM )纳米色160ML玻璃奶瓶防摔套, (6.4CM )纳米色240ML玻璃奶瓶防摔套, (6.4CM )棕","(6.4CM) van xả bình thủy tinh 160ML, (6.4CM )240ML thủy tinh 100 ngày van xả bình, (6.4CM) Vòi uống nước trực tiếp chống phun V, (6.4CM) bảo vệ môi và mỏ vịt, (6.4CM) Núm vú có lỗ chữ thập, (6.4CM )6.4 Núm vú ba lỗ trần, (6.4CM) Núm vú hai lỗ trần, (",6.4 6.4 6.4 6.4 6.4 6.4 6.4 6.4 6.4 6.4 6.4 6.4 6.4 6.4 6.4 6.4 6.4 6.4 6.4 6.4 160 160 160 160 240 240 240 240,6.4 6.4 6.4 6.4 6.4 6.4 6.4 6.4 6.4 6.4 6.4 6.4 6.4 6.4 6.4 6.4 6.4 6.4 6.4 6.4 100 160 160 160 160 240 240 240 240
khac_so,1074597221434,mother_baby,容量,"【新生儿奶瓶】160ml(SS号奶嘴 0-1个月), 【奶瓶】160ml(S号奶嘴 1-3个月), 【奶瓶】160ml(M号奶嘴 3-6个月), 【鸭嘴杯】160ml(6个月以上)双11孔 +重力球, 【奶瓶】240ml(L号奶嘴 6个月以上)送重力球, 【鸭嘴杯】240ml(6个月以上)双11孔 +重力球, 【学饮杯】240ml(9个月以上)双11孔 +重力球, 【畅饮直饮杯】240ml(12个月以上)双11孔 +直饮管, 【防喷直饮杯】240ml(12个月以上)V字孔 +直饮管, 【直饮杯】","【Bình sữa trẻ sơ sinh】160ml (Núm ti cỡ SS, 0-1 tháng), 【Bình sữa】160ml (Núm ti cỡ S, 1-3 tháng), 【Bình sữa】160ml (Núm ti cỡ M, 3-6 tháng), 【Cốc mỏ vịt】160ml (dành cho bé từ 6 tháng tuổi trở lên) 2 lỗ + bi trọng lực, 【Bình sữa】240ml (Núm ti cỡ L, cho ",0 1 1 3 3 6 6 6 6 6 6 9 9 11 11 11 11 11 11 11 12 12 12 12 18 18 160 160 160 160 240 240 240 240 240 240 300 300 300 300 300 300,0 1 1 2 2 2 2 2 2 3 3 6 6 6 6 6 6 9 9 11 12 12 12 12 18 18 160 160 160 160 240 240 240 240 240 240 300 300 300 300 300 300
vi_thieu_so,901097892620,mother_baby,容量,"奶瓶210ml, 吸嘴杯210ml, 奶瓶210ml+鸭嘴1个【两用】, 奶瓶210ml+吸嘴1个【两用】, 奶瓶210ml+鸭嘴1个+吸嘴1个【三用】, 吸嘴杯210ml+鸭嘴1个+奶嘴1个【三用】, 奶瓶210ml+奶嘴2个, 奶瓶210ml+吸嘴2个, 吸嘴杯210ml+吸嘴2个, 吸嘴杯210ml+鸭嘴1个【两用】, 奶瓶280ml, 吸嘴杯280ml, 奶瓶280ml+鸭嘴1个【两用】, 奶瓶280ml+吸嘴1个【两用】, 奶瓶280ml+鸭嘴1个+吸嘴1个【三用】, 吸嘴杯280ml","Bình sữa 210ml, Cốc hút 210ml, Bình sữa 210ml 1 mỏ vịt [lưỡng dụng], Bình sữa trẻ em 210ml đầu hút 1 [công dụng kép], Bình sữa 210ml mỏ vịt 1 vòi hút [ba công dụng], Cốc miệng hút 210ml mỏ vịt 1 núm vú giả [ba công dụng], Bình sữa 210ml núm vú giả 2 ",1 1 1 1 1 1 1 1 1 1 1 1 1 1 2 2 2 2 2 2 210 210 210 210 210 210 210 210 210 210 280 280 280 280 280 280 280 280 280 280,1 1 1 1 1 1 1 1 1 1 2 2 2 2 2 2 210 210 210 210 210 210 210 210 210 210 280 280 280 280 280 280 280 280 280 280
vi_thieu_so,881190142053,mother_baby,容量,"奶瓶210ml, 吸嘴杯210ml, 奶瓶210ml+鸭嘴1个【两用】, 奶瓶210ml+吸嘴1个【两用】, 奶瓶210ml+鸭嘴1个+吸嘴1个【三用】, 吸嘴杯210ml+鸭嘴1个+奶嘴1个【三用】, 奶瓶210ml+奶嘴2个, 奶瓶210ml+吸嘴2个, 吸嘴杯210ml+吸嘴2个, 吸嘴杯210ml+鸭嘴1个【两用】, 奶瓶280ml, 吸嘴杯280ml, 奶瓶280ml+鸭嘴1个【两用】, 奶瓶280ml+吸嘴1个【两用】, 奶瓶280ml+鸭嘴1个+吸嘴1个【三用】, 吸嘴杯280ml","Bình sữa 210ml, Cốc hút 210ml, Bình sữa 210ml 1 mỏ vịt [lưỡng dụng], Bình sữa trẻ em 210ml đầu hút 1 [công dụng kép], Bình sữa 210ml mỏ vịt 1 vòi hút [ba công dụng], Cốc miệng hút 210ml mỏ vịt 1 núm vú giả [ba công dụng], Bình sữa 210ml núm vú giả 2 ",1 1 1 1 1 1 1 1 1 1 1 1 1 1 2 2 2 2 2 2 210 210 210 210 210 210 210 210 210 210 280 280 280 280 280 280 280 280 280 280,1 1 1 1 1 1 1 1 1 1 2 2 2 2 2 2 210 210 210 210 210 210 210 210 210 210 280 280 280 280 280 280 280 280 280 280
vi_thua_so,1037537103691,mother_baby,容量,"鸭嘴杯300ml, 【两用装】鸭嘴杯300ml+吸嘴","Cốc mỏ vịt 300ml, 【Bộ 2 trong 1】Cốc mỏ vịt 300ml + ống hút",300 300,1 2 300 300
vi_thua_so,1068233228192,mother_baby,尺寸大小,"【0-1个月】SS号(圆孔)独立盒子装, 适配贝亲奶瓶 【含衔奶嘴S码】圆孔 1-3个月, 【3-6个月】M码(Y孔)独立盒子装, 【6月以上】L码(Y孔)独立盒子装, 【9月以上LL码(Y孔)独立盒子装, 【12月以上】3L码(Y孔)独立盒子装, 吸管式奶嘴(小十字 6个月+)送盒+刷, 吸管式奶嘴(中十字9个月+)送盒+刷, 吸管式奶嘴(大十字 12个月+)送盒+刷, 奶嘴重力球(硅胶头)(原装奶嘴用)送盒+刷, 离乳奶嘴(Y孔 6月+)送盒, 离乳鸭嘴(双11 8月+)送盒, 离乳吸嘴(十","【0-1 tháng tuổi】Size SS (lỗ tròn), đóng gói hộp riêng, Tương thích với bình sữa Pigeon [kèm núm ti cỡ S] lỗ tròn, 1-3 tháng, 【3-6 tháng】Cỡ M (lỗ chữ Y), đóng hộp riêng, 【Từ tháng 6 trở đi】Cỡ L (lỗ chữ Y), đóng hộp riêng, 【Cỡ LL (lỗ chữ Y) từ tháng 9 ",0 1 1 3 3 3 6 6 6 6 8 9 9 9 11 12 12 12,0 1 1 3 3 3 6 6 6 6 8 9 9 9 11 11 12 12 12
khac_so,1073731238533,mother_baby,容量,"【鸭嘴杯一套】160ml( 6个月以上)双11孔+重力球, 【鸭嘴杯一套】240ml(6个月以上)双11孔+重力球, 【鸭嘴杯一套】300ml(6个月以上)双11孔+重力球, 【学饮杯一套】240ml(9个月以上)双11孔+重力球, 【学饮杯一套】300ml(9个月以上)双11孔+重力球, 【畅饮直饮杯】240ml(12个月以上)双11孔 +直饮管, 【畅饮直饮杯】300ml(12个月以上)双11孔 +直饮管, 【防喷直饮杯】240ml(12个月以上)V字孔 +直饮管, 【防喷直饮杯】300ml","【Bộ cốc mỏ vịt】160ml (dành cho bé từ 6 tháng tuổi trở lên) 2 lỗ + bi trọng lực, 【Bộ cốc mỏ vịt】240ml (dành cho bé từ 6 tháng tuổi trở lên) 11 lỗ + bi trọng lực, 【Bộ cốc mỏ vịt】300ml (dành cho bé từ 6 tháng tuổi trở lên) 11 lỗ + bi trọng lực, 【Bộ cốc ",6 6 6 6 6 9 9 11 11 11 11 11 11 11 12 12 12 12 18 18 160 240 240 240 240 240 240 300 300 300 300 300 300,2 2 2 2 2 6 6 6 6 6 9 9 11 11 12 12 12 12 18 18 160 240 240 240 240 240 240 300 300 300 300 300 300
vi_thieu_so,1046611327449,mother_baby,尺寸大小,"【厌奶专用】1滴 S号奶嘴(0-3个月), 【厌奶专用】2滴 M号奶嘴(3-6个月), 【厌奶专用】3滴 L号奶嘴(6-9个月), 【厌奶专用】十字孔奶嘴(12个月以上), 【带吸管】小十字孔奶嘴(3-6个月), 【带吸管】中十字孔奶嘴(6个月以上), 【带吸管】大十字孔奶嘴(9个月以上), 【带吸管】鸭嘴奶嘴(6个月以上), 【带吸管】学饮吸嘴(9个月以上), 【带吸管】防喷直饮(12个月以上), 【带吸管】直饮吸管(18个月以上), 4段手柄-咖色(内部螺牙一样齐), 2段手柄-咖色(内部螺","【Dành riêng cho bé chán bú】Núm ti cỡ S (0-3 tháng) 1 giọt, 【Dành riêng cho bé chán bú】Núm ti 2 giọt cỡ M (3-6 tháng), 【Dành riêng cho bé chán bú】Núm ti 3 giọt cỡ L (6-9 tháng), 【Dành riêng cho bé chán bú】Núm ti lỗ chữ thập (12 tháng trở lên), 【Kèm ốn",0 1 2 2 2 3 3 3 3 4 4 6 6 6 6 6 6 9 9 9 9 12 12 18,0 1 2 2 3 3 3 3 4 4 6 6 6 6 6 6 9 9 9 9 12 12 18
vi_thua_so,672390827013,mother_baby,尺寸大小,"0个月以上 SS号-1只装BA129, 1-3个月以上 S号-1只装BA130, 3-6个月 M号-1只装BA131, 6-9个月 L号-1只装BA132, 9-15个月 LL号-1只装BA133, 15个月以上 LLL号-1只装BA138, 1-3个月 S号-2只装BA134, 3-6个月 M号-2只装BA135, 6-9个月 L号-2只装BA136, 9-15个月 LL号-2只装BA137, 15个月以上 LLL号-2只装BA139, 玻璃奶瓶-160ml（配SS号-0个月以上）AA260,","0 tháng trở lên số SS-1 gói BA129, 1-3 tháng tuổi trở lên, cỡ S - 1 gói BA130, 3-6 tháng M-1 gói BA131, 6-9 tháng L Số-1 gói BA132, 9-15 tháng LL số-1 gói BA133, Hơn 15 tháng, Số ll-1 gói BA138, 1-3 tháng S-2 gói BA134, 3-6 tháng M-2 gói BA135, 6-9 t",0 0 0 1 1 1 1 1 1 1 1 2 2 2 2 2 3 3 3 3 3 3 6 6 6 6 6 6 6 9 9 9 9 12 15 15 15 15 129 130 131 132 133 134 135 136 137 138 139 160 160 187 188 191 192 240 240 240 240 260 261,0 0 0 1 1 1 1 1 1 1 1 1 2 2 2 2 2 3 3 3 3 3 3 6 6 6 6 6 6 6 9 9 9 9 12 15 15 15 15 129 130 131 132 133 134 135 136 137 138 139 160 160 187 188 191 192 240 240 240 240 260 261
vi_thieu_so,902099586890,mother_baby,容量,"子母50宽口PP奶瓶-300ml-绿蓝色, 子母50宽口PP奶瓶-300ml-橙粉色, 子母70广口硅胶奶瓶-250ml-橙粉色, 子母70广口硅胶奶瓶-250ml-蓝色, 子母奶瓶奶嘴配件70mm广口无牙圈-裸嘴入透明opp袋, 子母奶瓶奶嘴配件50mm宽口无牙圈-裸嘴入透明opp袋","Bình sữa PP cổ rộng 50mm - 300ml - Xanh Teal, Bình sữa trẻ em Zimu 50 miệng rộng PP-300ml-màu hồng cam, Bình sữa silicon cổ rộng 70mm - 250ml - Cam hồng, Bình sữa silicon cổ rộng (Dòng Mẹ & Con) - 250ml - Xanh dương, Phụ kiện núm vú bình sữa cho bé V",50 50 50 70 70 70 250 250 300 300,50 50 50 70 70 250 250 300 300
vi_thua_so,1009787959344,mother_baby,容量,"N1065灰色240ml(三用款), N1065咖色240ml(三用款), N1064灰色300ml, N1064咖色300ml, N1069灰色180ml, N1069咖色180ml, N1070灰色360ml, n1070咖色360ml","N1065 màu xám 240ml (loại 3 trong 1), N1065 màu nâu 240ml (loại 3 trong 1), N1064 màu xám 300ml, N1064 màu nâu 300ml, N1069 màu xám 180ml, N1069 màu nâu 180ml, N1070 màu xám 360ml, n1070 màu cà phê 360ml",180 180 240 240 300 300 360 360 1064 1064 1065 1065 1069 1069 1070 1070,1 1 3 3 180 180 240 240 300 300 360 360 1064 1064 1065 1065 1069 1069 1070 1070
vi_thua_so,1038353307808,mother_baby,容量,"PPSU 240ml奶瓶, PPSU 240ml吸水杯（配直吸管）, PPSU 240ml 三用款配吸管球（送直吸管）, PPSU 330ml奶瓶, PPSU 330ml吸水杯（配直吸管）, PPSU 330ml 三用款配吸管球（送直吸管）","Bình sữa PPSU 240ml, Cốc hút nước PPSU 240ml (kèm ống hút thẳng), Bình PPSU 240ml đa năng kèm ống hút và nút chặn (tặng kèm ống hút thẳng), Bình sữa PPSU 330ml, Cốc hút nước PPSU 330ml (kèm ống hút thẳng), PPSU 330ml, mẫu 3 trong 1, kèm ống hút và nú",240 240 240 330 330 330,1 3 240 240 240 330 330 330
vi_thieu_so,940115959193,mother_baby,尺寸大小,"SS（圆孔0-1月）带收纳盒, S(圆孔1-3月）带收纳盒, M(圆孔3-6月）带收纳盒, L(圆孔6月）带收纳盒, Y(Y孔6月）带收纳盒, XL(十字9月+）带收纳盒, 一体式奶嘴（6月+/送收纳盒）, 一体中心吸水嘴（9月+/送收纳盒）, 一体式鸭嘴（9月+/送收纳盒）","SS (lỗ tròn 0-1 tháng) kèm hộp đựng, S (Lỗ Tròn 1-3 Tháng) kèm Hộp Đựng, M (Lỗ Tròn 3-6 Tháng) kèm Hộp Đựng, L (Lỗ Tròn Tháng Sáu) kèm Hộp Đựng, Y(Y lỗ tháng 6) có hộp đựng, XL (Cross September+) kèm hộp đựng, Núm vú giả tích hợp (tháng 6/hộp lưu trữ",0 1 1 3 3 6 6 6 6 9 9 9,0 1 1 3 3 6 6 6 9 9
khac_so,1041009104395,shoes,包装体积,0.008,0.008,0.008,8
khac_so,1060204888541,shoes,包装体积,0.005,0.005,0.005,5
vi_thieu_so,1045733079205,shoes,尺码,"36(偏小0.5码), 37(偏小0.5码), 37.5(偏小0.5码), 38(偏小0.5码), 39.5(偏小0.5码), 39(偏小0.5码), 40(偏小0.5码), 40.5(偏小0.5码), 41.5(偏小0.5码), 42(偏小0.5码), 42.5(偏小0.5码), 43.5(偏小0.5码), 44(偏小0.5码), 45(偏小0.5码), 46(偏小0.5码), 47(偏小0.5码)","36 (nhỏ hơn 0,5 cỡ), 37 (nhỏ hơn 0.5 cỡ), 37.5 (size nhỏ hơn nửa cỡ), 38 (nhỏ hơn 0.5 size), 39.5 (mẫu này nhỏ hơn 0.5 size), 39 (nhỏ hơn 0.5 size), 40 (size nhỏ hơn 0.5), 40.5 (nhỏ hơn 0.5 cỡ), 41.5 (mẫu này nhỏ hơn 0.5 size so với thông thường), 42",0.5 0.5 0.5 0.5 0.5 0.5 0.5 0.5 0.5 0.5 0.5 0.5 0.5 0.5 0.5 0.5 36 37 37.5 38 39 39.5 40 40.5 41.5 42 42.5 43.5 44 45 46 47,0.5 0.5 0.5 0.5 0.5 0.5 0.5 0.5 0.5 0.5 0.5 0.5 0.5 0.5 0.5 36 37 37.5 38 39 39.5 40 40.5 41.5 42 42.5 43.5 44 45 46 47
khac_so,928545637622,shoes,毛重,0.545,0.545,0.545,545
khac_so,734900835803,shoes,包装体积,0.006,0.006,0.006,6
khac_so,815391909568,shoes,毛重,0.879,0.879,0.879,879
khac_so,888527537030,shoes,包装体积,0.017,0.017,0.017,17
vi_thieu_so,1060262470547,shoes,尺码,"36(偏小0.5码), 37(偏小0.5码), 37.5(偏小0.5码), 38(偏小0.5码), 39(偏小0.5码), 39.5(偏小0.5码), 40(偏小0.5码), 40.5(偏小0.5码), 41.5(偏小0.5码), 42(偏小0.5码), 42.5(偏小0.5码), 43.5(偏小0.5码), 44(偏小0.5码), 44.5(偏小0.5码), 45(偏小0.5码)","36 (nhỏ hơn 0,5 cỡ), 37 (nhỏ hơn 0.5 cỡ), 37.5 (size nhỏ hơn nửa cỡ), 38 (nhỏ hơn 0.5 size), 39 (nhỏ hơn 0.5 size), 39.5 (mẫu này nhỏ hơn 0.5 size), 40 (size nhỏ hơn 0.5), 40.5 (nhỏ hơn 0.5 cỡ), 41.5 (mẫu này nhỏ hơn 0.5 size so với thông thường), 42",0.5 0.5 0.5 0.5 0.5 0.5 0.5 0.5 0.5 0.5 0.5 0.5 0.5 0.5 0.5 36 37 37.5 38 39 39.5 40 40.5 41.5 42 42.5 43.5 44 44.5 45,0.5 0.5 0.5 0.5 0.5 0.5 0.5 0.5 0.5 0.5 0.5 0.5 0.5 0.5 36 37 37.5 38 39 39.5 40 40.5 41.5 42 42.5 43.5 44 44.5 45
vi_thieu_so,1038242875569,shoes,颜色,"320厚底板鞋男卡其, 320厚底板鞋男黑色","Giày đế dày nam 320 màu kaki, Giày thể thao đế dày, dành cho nam, màu đen.",320 320,320
vi_thua_so,1070057603615,shoes,颜色,"跨境外贸--B30黑白, 跨境外贸--B30黑色, 跨境外贸--B30白色, 跨境外贸--B30蓝黑, 跨境外贸--B30灰白, 跨境外贸--B30深灰黑, 跨境外贸--B30灰, 跨境外贸--B30蓝灰, 跨境外贸--B30黄绿, 跨境外贸--B30黑灰, 跨境外贸--B30奶灰, 跨境外贸--B30浅蓝紫, 跨境外贸--B30冰蓝, 跨境外贸--B30立体黑, 跨境外贸--B30立体灰蓝, 跨境外贸--B30立体白黑, 跨境外贸--B30立体浅灰, 跨境外贸--B30黑色礼盒, 跨境外贸--","Thương mại điện tử xuyên biên giới -- B30 đen trắng, Thương mại điện tử xuyên biên giới -- B30 màu đen, Thương mại điện tử xuyên biên giới -- B30 màu trắng, Thương mại điện tử xuyên biên giới -- B30 xanh đen, Thương mại điện tử xuyên biên giới -- B30",30 30 30 30 30 30 30 30 30 30 30 30 30 30 30 30 30 30 30 30 30 30 30 30 30 30 30 30 30 30,3 3 3 3 30 30 30 30 30 30 30 30 30 30 30 30 30 30 30 30 30 30 30 30 30 30 30 30 30 30 30 30 30 30
khac_so,997216778578,shoes,货号,GTB1405054512,GTB 140 505 4512,1.40505e+09,140 505 4512
khac_so,1083342493142,shoes,货号,K14—20250914,K14—14/09/2025,14 2.02509e+07,9 14 14 2025
vi_thieu_so,995159985665,shoes,颜色,"一代白灰, 一代黑白, 三代蓝色, 三代红色, 三代树莓, 三代黄色, 一代银白, 一代金属, 一代红棕, 一代米白红, 一代灰棕, 三代白灰, 三代桃红黑, 三代白绿, 三代黑白, 1代白红蓝, 1代白红绿, 1代蓝色, 1代草绿, 新款棕色, 新款黑色","Một thế hệ tro trắng, Một thế hệ đen trắng., Xanh thế hệ thứ ba, Ba thế hệ màu đỏ, Ba thế hệ quả mâm xôi, Ba thế hệ vàng, Một thế hệ bạc., Một thế hệ kim loại., Một thế hệ màu nâu đỏ, Thế hệ đầu tiên màu đỏ nhạt, Một thế hệ màu nâu xám, Ba thế hệ tro",1 1 1 1,1 1 1
vi_thua_so,1074209168796,shoes,毛重,.,.1,,1
vi_thua_so,1074209168796,shoes,包装体积,.,.2,,2
vi_thua_so,1074209168796,shoes,形象,.,.3,,3
vi_thua_so,1027345847914,shoes,颜色,"图一, 图二布面皮头, 图三黑色白色鞋带, 图四, 图五, 图六, 图七斜纹布面, 图八, 图九, 图十, 图十一, 图十二, 图十四网面, 图十五, 图十九, 图二十一, 图二十七, 图二十八, 图三十一, 图三十三, 图三十五, 36, 37, 更多颜色，找客服备注","Hình 1, Hình 2: Đầu da bọc vải, Hình 3 dây giày đen trắng, Hình 4, Hình 5, Hình 6, Hình 7: Vải dệt chéo, Hình 8, Hình 9, Hình 10, Hình 11, Hình 12, Hình 14: Mặt lưới, Hình 15, Hình 19, Hình 21, Hình 27, Hình 28, Hình 31, Hình 33, Hình 35, 362, 372, N",36 37,1 2 3 4 5 6 7 8 9 10 14 36 37
khac_so,823721279351,shoes,包装体积,0.006,0.006,0.006,6
khac_so,1078523438615,shoes,包装体积,0.012,0.012,0.012,12
khac_so,987801525210,shoes,包装体积,0.002,0.002,0.002,2
