ten_zh,ten_vi_pho_bien,so_cap,so_san_pham,so_cach_dich,so_cach_dich_sau_chuan_hoa,pct_cach_pho_bien_nhat,cac_cach_dich
品牌,Thương hiệu,15834,15834,3,2,99.5,Thương hiệu: 10355; thương hiệu: 5395; 品牌: 84
货号,Số mặt hàng,14295,14286,9,8,54.9,Số mặt hàng: 7165; Mã sản phẩm: 3214; Mã hàng: 3093; số mặt hàng: 679; 货号: 130; Mã số sản phẩm: 9
颜色,Màu sắc,11447,11419,6,5,99.7,Màu sắc: 7805; màu sắc: 3607; 颜色: 28; màu: 5; Mẫu mã: 1; Số tạp chí: 1
风格,Phong cách,10945,10944,3,2,99.8,Phong cách: 7305; phong cách: 3620; 风格: 20
是否跨境出口专供货源,Có xuất khẩu xuyên biên giới dành riêng cho nguồn hàng không,9001,9001,24,24,48.6,Có xuất khẩu xuyên biên giới dành riêng cho nguồn hàng không: 4378; Có phải là nguồn hàng chuyên cung cấp cho xuất khẩu xuyên biên giới không?: 1913; Có cung cấp đặc biệt hàng hóa xuất khẩu xuyên biên giới hay không: 796; Có nên cung cấp nguồn cung độc quyền cho xuất khẩu xuyên biên giới hay không: 741; Có độc quyền cung cấp hàng hóa xuất khẩu xuyên biên giới hay không: 428; Có nên cung cấp nguồn cung đặc biệt cho xuất khẩu xuyên biên giới hay không: 283
功能,Chức năng,7892,7892,3,2,99.7,Chức năng: 7164; chức năng: 708; 功能: 20
材质,Chất liệu,7714,7714,4,3,65.6,Chất liệu: 5059; vật liệu: 1543; Vật liệu: 1034; 材质: 78
图案,Hoa văn,7686,7686,6,5,43.6,Hoa văn: 3351; Họa tiết: 2084; mẫu: 1128; Mẫu: 982; mô hình: 135; 图案: 6
有可授权的自有品牌,Thương hiệu riêng được ủy quyền,7261,7261,8,7,51.3,Thương hiệu riêng được ủy quyền: 3724; Có thương hiệu riêng được ủy quyền.: 1156; Có thương hiệu riêng được ủy quyền: 1109; Có những thương hiệu tư nhân được cấp phép.: 1020; Có những thương hiệu riêng có thể được ủy quyền: 151; Có sẵn cho ủy quyền nhãn hiệu riêng.: 58
产地,Xuất xứ,7039,7039,6,5,52.2,Xuất xứ: 3675; Nguồn gốc: 2440; nguồn gốc: 818; 产地: 96; Nơi xuất xứ: 8; Thông số kỹ thuật: 2
适用场景,Kịch bản áp dụng,6927,6927,4,4,51.6,Kịch bản áp dụng: 3573; Các tình huống áp dụng: 2264; Các tình huống sử dụng: 1069; 适用场景: 21
流行元素,Yếu tố phổ biến,5631,5631,5,4,62.9,Yếu tố phổ biến: 3541; Các yếu tố phổ biến: 1091; Yếu tố thịnh hành: 965; 流行元素: 31; các yếu tố phổ biến: 3
主要下游平台,Nền tảng hạ lưu chính,5614,5614,6,6,47.6,Nền tảng hạ lưu chính: 2673; Các nền tảng hạ lưu chính: 1346; Các nền tảng downstream chính: 1167; Các nền tảng hạ nguồn chính: 388; 主要下游平台: 33; Nền tảng hạ nguồn chính: 7
款式,Kiểu dáng,5391,5391,6,4,68.0,Kiểu dáng: 3654; phong cách: 1116; hình dạng: 460; 款式: 96; Phong cách: 55; kiểu dáng: 10
主要销售地区,Khu vực bán hàng chính,5320,5320,2,2,99.3,Khu vực bán hàng chính: 5284; 主要销售地区: 36
是否进口,Có nhập khẩu không,5023,5023,5,5,74.1,Có nhập khẩu không: 3723; Có nên nhập khẩu hay không: 974; Có nên nhập khẩu không: 254; Nó có được nhập khẩu không?: 68; 是否进口: 4
适用性别,Giới tính áp dụng,4782,4782,4,4,70.8,Giới tính áp dụng: 3388; Dành cho giới tính: 1391; 适用性别: 2; Mẫu mã: 1
上市年份季节,Mùa năm niêm yết,4719,4719,5,5,46.4,Mùa năm niêm yết: 2189; Năm và mùa ra mắt: 1515; Năm và mùa phát hành: 938; Danh sách năm và mùa: 56; 上市年份季节: 21
货源类别,Loại nguồn,4614,4614,8,8,43.2,Loại nguồn: 1993; Loại nguồn hàng: 1454; Nguồn gốc sản phẩm: 484; Danh mục cung cấp: 457; Hạng mục cung cấp: 215; Danh mục nguồn: 5
产品类别,Danh mục sản phẩm,4455,4455,3,2,98.9,Danh mục sản phẩm: 4041; danh mục sản phẩm: 365; 产品类别: 49
适合季节,Phù hợp với mùa,4356,4356,3,2,55.7,Phù hợp với mùa: 2239; Thích hợp cho mùa: 1931; phù hợp với mùa: 186
加工定制,Gia công tùy chỉnh,3709,3709,5,5,42.1,Gia công tùy chỉnh: 1563; Gia công theo yêu cầu: 1125; Xử lý và tùy chỉnh: 907; Xử lý và tùy biến: 80; 加工定制: 34
尺码,Kích cỡ,3697,3697,5,3,86.6,Kích cỡ: 2693; kích cỡ: 510; Kích thước: 435; kích thước: 50; 尺码: 9
是否库存,Có tồn kho không,3342,3341,6,5,44.5,Có tồn kho không: 1488; Có hàng không: 1020; Nó có trong kho không?: 608; Có hàng không?: 171; Có còn hàng không: 48; 是否库存: 7
规格,Quy cách,2881,2880,7,6,52.2,Quy cách: 1504; Thông số kỹ thuật: 961; đặc điểm kỹ thuật: 397; 规格: 8; Tần số phát: 6; Đặc điểm kỹ thuật: 4
里料质地,Kết cấu lót,2861,2861,3,3,99.1,Kết cấu lót: 2834; Kết cấu lớp lót: 19; 里料质地: 8
保质期,Thời hạn sử dụng,2769,2769,3,2,99.7,Thời hạn sử dụng: 1915; thời hạn sử dụng: 845; 保质期: 9
面料名称,Tên vải,2538,2538,3,3,80.9,Tên vải: 2053; Tên chất liệu vải: 458; 面料名称: 27
主面料成分,Thành phần vải chính,2508,2508,2,2,99.5,Thành phần vải chính: 2495; 主面料成分: 13
是否IP授权,Ủy quyền IP: Có hay Không?,2420,2420,8,8,50.9,Ủy quyền IP: Có hay Không?: 1231; Có được cấp phép IP không: 744; Có ủy quyền IP không: 178; 是否IP授权: 119; Cho dù ủy quyền IP: 91; IP có được ủy quyền hay không: 51
库存类型,Loại hàng tồn kho,2403,2403,2,2,99.8,Loại hàng tồn kho: 2398; 库存类型: 5
容量,Công suất,2397,2395,6,5,65.9,Công suất: 1049; Dung lượng: 575; công suất: 530; năng lực: 191; 容量: 50; Mẫu mã: 2
袖长,Dài tay áo,2355,2355,4,3,53.6,Dài tay áo: 1262; Chiều dài tay áo: 1081; chiều dài tay áo: 10; 袖长: 2
鞋面材质,Chất liệu mặt giày,2308,2308,3,3,76.3,Chất liệu mặt giày: 1762; Chất liệu trên: 525; 鞋面材质: 21
鞋底材质,Chất liệu đế giày,2307,2307,5,5,88.6,Chất liệu đế giày: 2043; Chất liệu đế: 228; Vật liệu đế: 29; 鞋底材质: 6; Chất liệu duy nhất: 1
厚薄,Dày mỏng,2296,2296,4,3,51.4,Dày mỏng: 1179; Độ dày: 982; độ dày: 129; 厚薄: 6
内里材质,Chất liệu bên trong,2266,2266,4,4,66.4,Chất liệu bên trong: 1504; Chất liệu lót trong: 718; Vật liệu bên trong: 31; 内里材质: 13
上市年份季节（上市时间）,Năm và mùa ra mắt (thời điểm ra mắt),2239,2239,6,6,65.3,Năm và mùa ra mắt (thời điểm ra mắt): 1462; Mùa năm niêm yết (thời gian niêm yết): 740; Năm và mùa ra mắt (thời gian ra mắt): 28; 上市年份季节（上市时间）: 5; Năm và mùa phát hành (thời điểm phát hành): 3; Năm và mùa phát hành (thời gian phát hành): 1
毛重,Trọng lượng tịnh,2202,2202,5,4,39.8,Trọng lượng tịnh: 877; Trọng lượng lông: 756; Tổng trọng lượng: 418; tổng trọng lượng: 147; 毛重: 4
最晚发货时间,Thời gian giao hàng muộn nhất,2199,2199,4,4,76.1,Thời gian giao hàng muộn nhất: 1673; Thời gian giao hàng mới nhất: 509; 最晚发货时间: 15; Thời gian vận chuyển mới nhất: 2
适用人群,Đám đông áp dụng,2162,2162,5,5,39.0,Đám đông áp dụng: 844; Người áp dụng: 755; Đối tượng sử dụng: 290; Những người áp dụng: 214; 适用人群: 59
穿着方式,Cách mặc,2118,2118,5,3,57.5,Cách mặc: 945; Cách ăn mặc: 810; cách mặc: 273; cách ăn mặc: 67; Phương pháp mặc: 23
鞋头形状,Hình dạng mũi giày,2101,2101,3,2,76.4,Hình dạng mũi giày: 1605; Hình dạng ngón chân: 473; hình dạng ngón chân: 23
鞋底工艺,Công nghệ đế giày,2098,2098,6,6,94.4,Công nghệ đế giày: 1980; Nghề thủ công duy nhất: 81; Công nghệ đế: 24; Nghề làm đế giày: 6; Tay nghề làm đế giày: 6; 鞋底工艺: 1
最快出货时间,Thời gian vận chuyển nhanh nhất,2058,2058,3,3,56.7,Thời gian vận chuyển nhanh nhất: 1167; Thời gian giao hàng sớm nhất: 890; 最快出货时间: 1
鞋垫材质,Chất liệu lót giày,2030,2030,4,4,87.4,Chất liệu lót giày: 1775; Chất liệu đế: 220; Vật liệu đế: 28; 鞋垫材质: 7
鞋帮高度,Chiều cao thân giày,1983,1983,8,8,42.0,Chiều cao thân giày: 833; Chiều cao giày: 681; Chiều cao trên: 437; Chiều cao của phần trên: 26; 鞋帮高度: 2; Chiều cao phần trên của giày: 2
闭合方式,Cách đóng,1970,1970,8,8,74.0,Cách đóng: 1457; Phương pháp đóng: 451; Phương pháp đóng cửa: 38; Phương thức đóng cửa: 11; Phương thức đóng đơn hàng: 6; Phương thức đóng hàng: 4
开盖方式,Cách mở nắp,1962,1962,4,4,58.7,Cách mở nắp: 1152; Phương pháp mở: 805; 开盖方式: 4; Phương thức mở: 1
鞋跟高度,Chiều cao gót giày,1958,1958,5,5,76.7,Chiều cao gót giày: 1502; Chiều cao gót chân: 345; Chiều cao gót của giày: 103; Chiều cao gót: 7; Chiều cao của gót chân: 1
克重,Trọng lượng,1922,1922,7,5,47.3,Trọng lượng: 885; Trọng lượng gram: 509; Khối lượng: 466; trọng lượng: 24; trọng lượng gram: 21; 克重: 15
是否连帽,Có mũ liền không,1921,1921,9,9,51.3,Có mũ liền không: 986; Có mũ không: 397; Có nên đội mũ trùm đầu hay không: 351; Có mũ trùm đầu hay không: 145; Có mũ hay không: 20; Dù có mũ trùm đầu hay không: 11
鞋跟形状,Hình dạng gót giày,1884,1884,3,2,76.4,Hình dạng gót giày: 1440; Hình dạng gót chân: 336; hình dạng gót chân: 108
加印LOGO,In LOGO,1864,1864,5,4,58.9,In LOGO: 892; In thêm logo: 642; In logo: 206; In biểu tượng: 99; LOGO in: 25
上市年份/季节,Năm/mùa niêm yết,1843,1843,6,4,63.1,Năm/mùa niêm yết: 954; Năm/Mùa ra mắt: 349; Năm/Mùa phát hành: 284; Năm/Mùa niêm yết: 209; Năm/mùa ra mắt: 40; 上市年份/季节: 7
工艺,Công nghệ,1834,1834,5,5,58.8,Công nghệ: 1078; thủ công: 434; Tay nghề thủ công: 297; 工艺: 17; tay nghề: 8
适用年龄段,Nhóm tuổi áp dụng,1828,1828,4,3,56.0,Nhóm tuổi áp dụng: 897; Độ tuổi phù hợp: 804; Nhóm Tuổi áp dụng: 126; 适用年龄段: 1
是否外贸,Có phải hàng xuất khẩu không,1811,1811,8,7,41.9,Có phải hàng xuất khẩu không: 758; Có phải ngoại thương không: 521; Có nên xuất khẩu hay không: 357; Có Phải Ngoại Thương không: 117; Nó dành cho ngoại thương phải không?: 30; Đó có phải là ngoại thương không?: 14
货源类型,Loại nguồn,1805,1805,7,7,47.0,Loại nguồn: 849; Loại nguồn hàng: 453; Nguồn cung cấp: 429; Loại cung cấp: 33; Loại nguồn cung cấp: 23; 货源类型: 15
领标,nhãn,1797,1797,9,8,69.1,nhãn: 865; Nhãn cổ áo: 453; Nhãn: 377; Nhận giá thầu: 45; người lãnh đạo: 19; Nhãn chì: 13
吊牌,Thẻ treo,1795,1795,3,3,96.6,Thẻ treo: 1734; thẻ: 47; 吊牌: 14
适用运动,Dùng cho thể thao,1762,1762,5,5,43.8,Dùng cho thể thao: 772; Thể thao áp dụng: 573; Các môn thể thao áp dụng: 396; Thích hợp cho thể thao: 20; 适用运动: 1
开口深度,Độ sâu mở,1761,1761,4,3,55.5,Độ sâu mở: 785; Độ sâu miệng: 783; độ sâu mở: 192; 开口深度: 1
是否专利货源,Có phải là nguồn cấp bằng sáng chế không,1686,1686,10,9,59.0,Có phải là nguồn cấp bằng sáng chế không: 995; Nguồn được cấp bằng sáng chế?: 346; Đây có phải là nguồn hàng được cấp bằng sáng chế không?: 276; Đây có phải là một nguồn cung cấp được cấp bằng sáng chế không?: 32; Nguồn hàng được cấp bằng sáng chế?: 21; Nguồn hàng có được cấp bằng sáng chế không: 5
尺寸,Kích thước,1646,1646,4,3,82.8,Kích thước: 1335; kích cỡ: 278; kích thước: 28; 尺寸: 5
硬度,Độ cứng,1535,1535,3,2,99.7,Độ cứng: 869; độ cứng: 661; 硬度: 5
质检报告,Báo cáo kiểm tra chất lượng,1427,1427,3,3,55.2,Báo cáo kiểm tra chất lượng: 788; Báo cáo kiểm định chất lượng: 633; 质检报告: 6
领型,Kiểu cổ áo,1424,1424,4,3,93.3,Kiểu cổ áo: 1329; Loại cổ áo: 75; loại cổ áo: 18; 领型: 2
主面料成分含量,Nội dung thành phần vải chính,1403,1403,6,6,41.6,Nội dung thành phần vải chính: 583; Thành phần chính của vải: 464; Thành phần vải chính: 275; Hàm lượng thành phần vải chính: 78; 主面料成分含量: 2; Thành phần thành phần vải chính: 1
原产地,Xuất xứ,1389,1389,8,6,48.2,Xuất xứ: 669; Nguồn gốc xuất xứ: 256; nơi xuất xứ: 221; nguồn gốc: 198; Nơi xuất xứ: 24; nước xuất xứ: 12
有无夹层,Có lớp xen kẽ không,1375,1375,8,7,56.4,Có lớp xen kẽ không: 775; Có tầng lửng không?: 306; Có hoặc không có gác lửng: 135; Có hoặc không có tầng lửng: 77; Có hoặc không có lớp xen kẽ: 74; Có tầng lửng không: 4
售卖方式,Phương thức bán hàng,1369,1369,4,3,82.1,Phương thức bán hàng: 947; Cách thức bán hàng: 220; Phương Thức Bán Hàng: 177; 售卖方式: 25
生产日期,Ngày sản xuất,1364,1364,3,2,99.4,Ngày sản xuất: 1140; ngày sản xuất: 216; 生产日期: 8
包装规格,Thông số kỹ thuật đóng gói,1363,1363,3,3,83.8,Thông số kỹ thuật đóng gói: 1142; Quy cách đóng gói: 216; 包装规格: 5
安全等级,Cấp độ an toàn,1351,1351,7,6,52.8,Cấp độ an toàn: 527; Mức độ bảo mật: 466; mức độ bảo mật: 248; mức độ an ninh: 88; cấp độ an ninh: 11; 安全等级: 10
净含量（规格）,Nội dung tịnh (thông số kỹ thuật),1347,1347,9,8,65.4,Nội dung tịnh (thông số kỹ thuật): 688; Hàm lượng tịnh (quy cách): 221; Nội dung Tịnh (Thông số kỹ thuật): 193; Nội dung ròng (đặc điểm kỹ thuật): 143; Nội dung ròng (thông số kỹ thuật): 80; Hàm lượng tịnh (thông số kỹ thuật): 9
外袋种类,Loại túi bên ngoài,1340,1340,2,2,99.9,Loại túi bên ngoài: 1338; 外袋种类: 2
质检单位,Đơn vị kiểm tra chất lượng,1321,1321,1,1,100.0,Đơn vị kiểm tra chất lượng: 1321
品牌类型,Loại hình thương hiệu,1290,1290,3,3,66.4,Loại hình thương hiệu: 857; Loại thương hiệu: 408; 品牌类型: 25
包内部结构,Cấu trúc bên trong gói,1278,1278,3,3,54.5,Cấu trúc bên trong gói: 696; Cấu trúc bên trong của túi: 581; 包内部结构: 1
特殊用途化妆品,Mỹ phẩm công dụng đặc biệt,1270,1270,5,5,70.0,Mỹ phẩm công dụng đặc biệt: 889; Mỹ phẩm chuyên dùng: 192; Mỹ phẩm chuyên dụng: 163; Mỹ phẩm mục đích đặc biệt: 22; 特殊用途化妆品: 4
产品上市时间,Thời gian đưa ra thị trường sản phẩm,1269,1269,4,4,38.8,Thời gian đưa ra thị trường sản phẩm: 492; Thời điểm sản phẩm ra mắt thị trường: 431; Thời gian ra mắt sản phẩm: 343; 产品上市时间: 3
型号,Số model,1261,1261,8,5,40.1,Số model: 420; Mẫu mã: 333; Mô hình: 196; mô hình: 127; Số Model: 86; 型号: 49
净含量,Hàm lượng tịnh,1256,1256,5,4,64.5,Hàm lượng tịnh: 810; Nội dung tịnh: 154; nội dung ròng: 124; Nội dung ròng: 122; 净含量: 46
适用肤质,Loại da phù hợp,1245,1245,4,4,67.6,Loại da phù hợp: 842; Loại da áp dụng: 242; Phù hợp với loại da: 151; 适用肤质: 10
价格段,Phân khúc giá,1236,1236,6,5,64.2,Phân khúc giá: 786; Dải giá: 417; Phân đoạn giá: 15; Phạm vi giá: 10; phân khúc giá: 7; 价格段: 1
版型,Kiểu dáng,1209,1209,6,5,61.2,Kiểu dáng: 740; Phiên bản: 329; phiên bản: 126; mẫu: 8; mô hình: 4; 版型: 2
生产许可证编号,Số giấy phép sản xuất,1207,1207,2,2,98.3,Số giấy phép sản xuất: 1187; 生产许可证编号: 20
袖型,Kiểu tay áo,1200,1200,2,2,98.2,Kiểu tay áo: 1179; Loại tay áo: 21
适合年龄段,Phù hợp với lứa tuổi,1198,1198,4,4,53.4,Phù hợp với lứa tuổi: 640; Phù hợp với độ tuổi: 463; Nhóm tuổi phù hợp: 92; 适合年龄段: 3
储藏方法,Phương pháp bảo quản,1193,1193,3,3,65.0,Phương pháp bảo quản: 775; Phương pháp lưu trữ: 415; 储藏方法: 3
适合身高,Phù hợp với chiều cao,1193,1193,2,2,99.9,Phù hợp với chiều cao: 1192; 适合身高: 1
图片实拍,Ảnh chụp thực tế,1178,1178,6,6,39.0,Ảnh chụp thực tế: 459; Ảnh thật: 457; Hình ảnh thật: 161; Ảnh chụp thật: 87; Hình ảnh thực tế: 13; Ảnh thật của sản phẩm.: 1
原料与配料,Nguyên liệu và thành phần,1159,1159,3,3,98.2,Nguyên liệu và thành phần: 1138; Nguyên liệu và nguyên liệu: 16; 原料与配料: 5
毛头/杂余线头是否修剪,Có cắt tỉa sợi lông/sợi thừa không,1159,1159,10,10,39.2,Có cắt tỉa sợi lông/sợi thừa không: 454; Đầu lông/sợi linh tinh có được cắt tỉa không: 440; Có cắt tỉa phần đuôi tóc/sợi thừa hay không: 120; Có nên cắt bỏ chỉ thừa hay chỉ vụn?: 87; Phần đuôi tóc và các sợi khác có được cắt tỉa hay không: 31; Đầu tóc/sợi ren có được cắt tỉa không?: 14
非特化妆品备案证号,Số hồ sơ mỹ phẩm không đặc biệt,1146,1146,5,5,66.6,Số hồ sơ mỹ phẩm không đặc biệt: 763; Số giấy chứng nhận đăng ký mỹ phẩm không đặc biệt: 331; 非特化妆品备案证号: 31; Số giấy chứng nhận đăng ký mỹ phẩm bổ sung: 20; Số chứng chỉ đăng ký mỹ phẩm bổ sung: 1
化妆品功效,Hiệu quả mỹ phẩm,1137,1137,3,3,68.2,Hiệu quả mỹ phẩm: 775; Hiệu quả thẩm mỹ: 357; 化妆品功效: 5
生产厂家,Nhà sản xuất,1130,1130,3,2,98.9,Nhà sản xuất: 954; nhà sản xuất: 164; 生产厂家: 12
箱包大小,Kích thước túi,1124,1124,2,2,99.9,Kích thước túi: 1123; 箱包大小: 1
平车针距12~14针/3cm,"Máy may phẳng, khoảng cách mũi 12~14 mũi/3cm",1120,1120,11,10,39.0,"Máy may phẳng, khoảng cách mũi 12~14 mũi/3cm: 437; Khoảng cách kim phẳng 12 ~ 14 kim/3cm: 376; Khoảng cách kim xoay phẳng 12 ~ 14 mũi/3cm: 97; Khoảng cách kim phẳng 12 ~ 14 Kim/3cm: 58; Bước kim xoay phẳng 12 ~ 14 mũi/3cm: 48; Bước kim dẹt 12~14 mũi/3cm: 39"
箱包形状,Hình dạng túi,1117,1117,2,2,99.9,Hình dạng túi: 1116; 箱包形状: 1
生产许可证号,Số giấy phép sản xuất,1103,1103,2,2,98.5,Số giấy phép sản xuất: 1086; 生产许可证号: 17
产品规格,Thông số kỹ thuật sản phẩm,1089,1089,3,3,97.6,Thông số kỹ thuật sản phẩm: 1063; 产品规格: 17; Thông số sản phẩm: 9
主面料成分的含量,Nội dung của thành phần vải chính,1083,1083,6,5,67.9,Nội dung của thành phần vải chính: 589; Hàm lượng các thành phần vải chính: 225; Nội dung của Thành phần vải chính: 146; Hàm lượng thành phần vải chính: 120; 主面料成分的含量: 2; Thành phần vải chính: 1
有无质检报告,Có báo cáo kiểm tra chất lượng không,1080,1080,3,2,99.9,Có báo cáo kiểm tra chất lượng không: 741; Có báo cáo kiểm tra chất lượng không?: 338; 有无质检报告: 1
原创设计货源,Nguồn thiết kế ban đầu,1080,1080,3,3,70.1,Nguồn thiết kế ban đầu: 757; Nguồn thiết kế gốc: 307; Nguồn cung cấp thiết kế ban đầu: 16
肩带根数,Số dây đeo vai,1066,1066,3,3,57.8,Số dây đeo vai: 616; Số lượng dây đeo vai: 449; 肩带根数: 1
皮质特征,Đặc điểm vỏ não,1059,1059,7,7,69.8,Đặc điểm vỏ não: 739; Đặc điểm da: 247; 皮质特征: 33; Đặc điểm Cortical: 24; Đặc tính da: 10; Đặc điểm của chất liệu da: 5
材质功能,Chức năng chất liệu,1056,1056,2,2,67.0,Chức năng chất liệu: 708; Chức năng vật liệu: 348
贸易属性,Thuộc tính thương mại,1048,1048,4,3,95.9,Thuộc tính thương mại: 909; thuộc tính thương mại: 96; đặc tính thương mại: 42; 贸易属性: 1
重量,Trọng lượng,1044,1044,6,5,73.9,Trọng lượng: 475; trọng lượng: 296; cân nặng: 217; 重量: 54; Số tạp chí: 1; Mẫu mã: 1
淘货类别,Chủng loại Taohuo,1030,1030,4,3,67.0,Chủng loại Taohuo: 690; Danh mục mua sắm: 215; Danh mục taobao: 111; Danh mục Taobao: 14
类别,Thể loại,1027,1027,5,4,55.4,Thể loại: 569; chủng loại: 177; Danh mục: 177; danh mục: 94; 类别: 10
商品条形码,Mã vạch sản phẩm,1023,1023,3,3,52.8,Mã vạch sản phẩm: 540; Mã vạch hàng hóa: 446; 商品条形码: 37
适用年龄,Độ tuổi áp dụng,1010,1010,4,3,63.2,Độ tuổi áp dụng: 567; Độ tuổi phù hợp: 364; Độ Tuổi áp dụng: 71; 适用年龄: 8
颜色分类,Phân loại màu sắc,1005,1005,4,3,99.2,Phân loại màu sắc: 979; phân loại màu sắc: 18; 颜色分类: 7; sắp xếp theo màu sắc: 1
箱装数量,Số lượng hộp,1004,1004,3,3,64.9,Số lượng hộp: 652; Số lượng đóng thùng: 348; 箱装数量: 4
适合人群,Phù hợp với đám đông,999,999,5,5,76.2,Phù hợp với đám đông: 761; Thích hợp cho đám đông: 221; Dành cho đám đông: 11; Phù hợp với nhiều đối tượng.: 4; 适合人群: 2
支持订制,Hỗ trợ tùy chỉnh,996,996,3,3,90.3,Hỗ trợ tùy chỉnh: 899; Hỗ trợ tùy biến: 96; 支持订制: 1
AQL抽检标准,Tiêu chuẩn lấy mẫu AQL,980,980,6,6,57.4,Tiêu chuẩn lấy mẫu AQL: 563; Tiêu chuẩn kiểm tra mẫu AQL: 396; Tiêu chuẩn kiểm tra AQL: 16; Tiêu chuẩn kiểm tra lấy mẫu AQL: 3; Tiêu chuẩn kiểm tra ngẫu nhiên AQL: 1; AQL抽检标准: 1
产品名称,Tên sản phẩm,973,973,3,2,95.3,Tên sản phẩm: 840; tên sản phẩm: 87; 产品名称: 46
印染工艺,Công nghệ in và nhuộm,956,956,4,4,50.0,Công nghệ in và nhuộm: 478; Quy trình in và nhuộm: 247; Quá trình in và nhuộm: 228; 印染工艺: 3
尺寸规格,Kích thước,956,956,4,4,60.3,Kích thước: 576; Kích thước thông số kỹ thuật: 247; Thông số kích thước: 132; 尺寸规格: 1
织造工艺,Công nghệ dệt,956,956,3,3,74.4,Công nghệ dệt: 711; Quá trình dệt: 225; 织造工艺: 20
适用范围,Phạm vi áp dụng,955,955,3,3,86.3,Phạm vi áp dụng: 824; Phạm vi ứng dụng: 129; 适用范围: 2
花型,Hoa văn,953,953,6,5,50.1,Hoa văn: 477; Hình hoa: 245; Loại hoa: 193; Mẫu: 29; loại hoa: 7; 花型: 2
适用季节,Mùa thích hợp,952,952,3,3,53.0,Mùa thích hợp: 505; Mùa áp dụng: 436; 适用季节: 11
闭合款式,Kiểu dáng đóng,951,951,8,7,39.6,Kiểu dáng đóng: 377; Kiểu dáng đóng kín: 346; phong cách khép kín: 138; Kiểu dáng kín: 69; Phong cách kín: 10; Phong cách khép kín: 6
产品认证,Chứng nhận sản phẩm,949,949,2,2,99.7,Chứng nhận sản phẩm: 946; 产品认证: 3
箱包潮流款式,Túi xách kiểu dáng thời thượng,948,948,7,7,57.6,Túi xách kiểu dáng thời thượng: 546; Kiểu túi hợp thời trang: 279; Phong cách hành lý hợp thời trang: 113; 箱包潮流款式: 3; Những kiểu túi xách hợp thời trang: 3; Những kiểu túi hợp thời trang: 3
收纳场景,Cảnh lưu trữ,920,920,4,4,52.0,Cảnh lưu trữ: 478; Các tình huống lưu trữ: 335; Giải pháp lưu trữ: 104; 收纳场景: 3
包装体积,Khối lượng đóng gói,916,916,3,3,52.8,Khối lượng đóng gói: 484; Thể tích đóng gói: 431; 包装体积: 1
款式细节,Chi tiết kiểu dáng,909,909,2,2,73.6,Chi tiết kiểu dáng: 669; Chi tiết phong cách: 240
形状,Hình dạng,907,907,3,2,97.8,Hình dạng: 591; hình dạng: 296; 形状: 20
是否一般纳税人,Có phải là người nộp thuế giá trị gia tăng hay không,903,903,15,14,51.1,Có phải là người nộp thuế giá trị gia tăng hay không: 461; Có phải người nộp thuế chung không: 206; Có phải là đối tượng nộp thuế chung hay không: 76; Đây có phải là một người nộp thuế chung?: 49; Cho dù đó là người nộp thuế chung: 40; Cho dù đó là một thuế nhân nói chung: 28
包装种类,Loại bao bì,895,895,4,4,94.5,Loại bao bì: 846; 包装种类: 47; Mã hàng: 1; Mẫu mã: 1
开合方式,Cách mở và đóng,892,892,4,4,42.5,Cách mở và đóng: 379; Phương pháp mở và đóng: 277; Phương pháp đóng mở: 224; 开合方式: 12
专利,Bằng sáng chế,884,884,3,2,99.8,Bằng sáng chế: 812; bằng sáng chế: 70; 专利: 2
是否礼盒装,Có đóng hộp quà không,882,882,12,11,51.2,Có đóng hộp quà không: 452; Có hộp quà không: 203; Cho dù đó là hộp quà tặng: 96; Có nên tặng hộp quà không: 64; Quà tặng có đóng hộp hay không: 30; Đây có phải là hộp quà tặng không?: 16
印花主题,Chủ đề in hoa,850,850,6,4,67.4,Chủ đề in hoa: 573; Chủ đề in: 162; In chủ đề: 99; chủ đề in: 11; Chủ đề in ấn: 4; Chủ Đề In Ấn: 1
产品标准号,Số tiêu chuẩn sản phẩm,826,826,3,3,82.8,Số tiêu chuẩn sản phẩm: 684; Mã tiêu chuẩn sản phẩm: 134; 产品标准号: 8
误差范围,Phạm vi lỗi,815,815,5,4,89.0,Phạm vi lỗi: 648; biên độ sai số: 88; phạm vi lỗi: 77; biên độ lỗi: 1; 误差范围: 1
背负系统,Hệ thống mang,766,766,5,3,61.1,Hệ thống mang: 451; Hệ thống ba lô: 159; Hệ thống vận chuyển: 137; hệ thống mang: 17; hệ thống ba lô: 2
商品特性,Đặc tính sản phẩm,709,709,4,4,43.3,Đặc tính sản phẩm: 307; Đặc điểm hàng hóa: 257; Tính năng sản phẩm: 133; Đặc tính hàng hóa: 12
储存条件,Điều kiện lưu trữ,700,700,4,3,58.7,Điều kiện lưu trữ: 402; Điều kiện bảo quản: 286; điều kiện lưu trữ: 9; 储存条件: 3
鞋底厚度,Độ dày đế giày,691,691,3,3,57.2,Độ dày đế giày: 395; Độ dày đế: 294; 鞋底厚度: 2
口径规格,Thông số kỹ thuật cỡ nòng,679,679,5,4,55.1,Thông số kỹ thuật cỡ nòng: 283; Thông số đường kính miệng: 251; Thông số kỹ thuật Cỡ nòng: 91; Thông số cỡ nòng: 51; 口径规格: 3
形象,Hình ảnh,671,671,3,2,99.6,Hình ảnh: 594; hình ảnh: 74; 形象: 3
容纳电脑尺寸,Kích thước máy tính chứa,668,668,6,6,46.3,Kích thước máy tính chứa: 309; Kích thước máy tính: 136; Chứa vừa kích thước máy tính.: 120; Kích thước máy tính phù hợp: 83; phù hợp với kích thước máy tính: 19; 容纳电脑尺寸: 1
是否专供外贸,Có dành riêng cho ngoại thương không,656,656,7,6,48.2,Có dành riêng cho ngoại thương không: 261; Có chuyên cung cấp cho xuất khẩu không?: 176; Nó có dành riêng cho ngoại thương không?: 153; Có dành riêng cho Ngoại Thương không: 55; Nó chỉ dành riêng cho ngoại thương?: 9; Nó chỉ dành riêng cho ngoại thương thôi phải không?: 1
面料工艺,Công nghệ vải,647,647,1,1,100.0,Công nghệ vải: 647
面料支数,Số chỉ vải,644,644,3,3,50.3,Số chỉ vải: 324; Số lượng vải: 309; 面料支数: 11
使用方式,Cách sử dụng,620,620,4,4,82.9,Cách sử dụng: 514; việc sử dụng: 54; Phương thức sử dụng: 49; 使用方式: 3
级别,Cấp độ,616,616,4,3,85.2,Cấp độ: 418; cấp độ: 107; mức độ: 86; 级别: 5
被面材质,Chất liệu vỏ chăn,610,610,3,3,64.1,Chất liệu vỏ chăn: 391; Chất liệu chăn bông: 212; 被面材质: 7
床单面料材质,Chất liệu vải ga trải giường,602,602,2,2,98.8,Chất liệu vải ga trải giường: 595; 床单面料材质: 7
元素,Yếu tố,600,600,5,4,45.8,Yếu tố: 253; Nguyên tố: 225; phần tử: 51; thành phần: 49; yếu tố: 22
枕套材质,Chất liệu vỏ gối,597,597,2,2,98.8,Chất liệu vỏ gối: 590; 枕套材质: 7
3C配置类别,Danh mục cấu hình 3C,573,573,2,2,99.5,Danh mục cấu hình 3C: 570; 3C配置类别: 3
是否有导购视频,Có video hướng dẫn mua sắm không,560,560,4,3,70.5,Có video hướng dẫn mua sắm không: 267; Có video hướng dẫn mua hàng không?: 164; Có video hướng dẫn mua sắm không?: 128; 是否有导购视频: 1
是否带柄,Có kèm tay cầm không,559,559,5,5,42.2,Có kèm tay cầm không: 236; Có tay cầm không: 215; Cho dù có tay cầm: 93; Có nên mang theo tay cầm hay không: 13; Có Tay Cầm hay Không: 2
原产国/地区,Quốc gia/Khu vực xuất xứ,558,558,5,3,82.3,Quốc gia/Khu vực xuất xứ: 242; Quốc gia/khu vực xuất xứ: 217; Nước xuất xứ/khu vực: 52; 原产国/地区: 39; Nước Xuất xứ/khu vực: 8
续航时间,Thời lượng pin,555,555,3,3,51.9,Thời lượng pin: 288; Tuổi thọ pin: 265; 续航时间: 2
防水性能,Hiệu suất chống nước,550,550,3,3,51.3,Hiệu suất chống nước: 282; Hiệu suất chống thấm nước: 265; 防水性能: 3
芯片类型,Loại chip,550,550,3,2,99.1,Loại chip: 524; loại chip: 21; 芯片类型: 5
模具类型,Loại khuôn,550,550,1,1,100.0,Loại khuôn: 550
蓝牙协议,Giao thức Bluetooth,550,550,1,1,100.0,Giao thức Bluetooth: 550
鞋跟款式,Kiểu dáng gót giày,537,537,4,4,48.4,Kiểu dáng gót giày: 260; Kiểu gót chân: 148; Kiểu gót giày: 101; Kiểu gót: 28
滚轮样式,Kiểu dáng con lăn,535,535,4,4,64.3,Kiểu dáng con lăn: 344; Kiểu con lăn: 121; Kiểu bánh xe cuộn: 60; Kiểu lăn: 10
是否单双耳,Có phải đôi tai đơn không,533,533,3,3,54.0,Có phải đôi tai đơn không: 288; Dù là tai đơn hay tai đôi: 230; Đây có phải là một đôi tai không?: 15
锁的类型,Các loại khóa,533,533,3,2,61.0,Các loại khóa: 285; Loại khóa: 208; Các Loại khóa: 40
是否有扩展层,Có lớp mở rộng không,526,526,2,1,100.0,Có lớp mở rộng không: 331; Có lớp mở rộng không?: 195
内存容量,Dung lượng bộ nhớ,525,525,3,2,99.6,Dung lượng bộ nhớ: 459; dung lượng bộ nhớ: 64; 内存容量: 2
是否有专利,Có bằng sáng chế không?,525,525,2,1,100.0,Có bằng sáng chế không?: 302; Có bằng sáng chế không: 223
传输范围,Phạm vi truyền tải,524,524,3,3,56.9,Phạm vi truyền tải: 298; Phạm vi truyền dẫn: 151; Phạm vi truyền: 75
拍摄角度,Góc chụp,520,520,3,2,99.8,Góc chụp: 327; góc chụp: 192; 拍摄角度: 1
储存卡,Thẻ lưu trữ,518,518,4,3,61.2,Thẻ lưu trữ: 307; thẻ nhớ: 200; thẻ lưu trữ: 10; 储存卡: 1
无骨工艺,Công nghệ không xương,517,517,7,7,74.1,Công nghệ không xương: 383; Quá trình không xương: 84; Tay nghề không xương: 36; Thủ công không xương: 11; 无骨工艺: 1; Quá trình không có xương: 1
是否有动漫形象,Có hình ảnh anime không,517,517,8,6,60.2,Có hình ảnh anime không: 209; Có hình ảnh nhân vật anime không?: 146; Có hình ảnh anime không?: 57; Nó có nhân vật anime không?: 51; Có hình ảnh Anime không: 45; Có hình ảnh hoạt hình không?: 5
是否商场同款,Có phải là mẫu tương tự ở trung tâm thương mại không?,509,509,10,10,72.3,Có phải là mẫu tương tự ở trung tâm thương mại không?: 368; Có phải là phong cách tương tự trong trung tâm mua sắm?: 54; Có phải kiểu dáng giống như bán ở trung tâm mua sắm không?: 38; Có phải là phong cách tương tự ở trung tâm mua sắm không?: 16; Có phải là phong cách tương tự ở trung tâm thương mại?: 15; Có phải là phong cách tương tự ở trung tâm thương mại không?: 10
影像分辨率,Độ phân giải hình ảnh,509,509,2,2,99.6,Độ phân giải hình ảnh: 507; 影像分辨率: 2
拍照像素,Pixel máy ảnh,507,507,5,5,59.6,Pixel máy ảnh: 302; Pixel ảnh: 200; Điểm ảnh ảnh: 3; 拍照像素: 1; Điểm ảnh: 1
包装方式,Cách đóng gói,506,506,3,3,67.2,Cách đóng gói: 340; Phương pháp đóng gói: 158; 包装方式: 8
镜头数量,Số lượng ống kính,504,504,2,2,99.2,Số lượng ống kính: 500; 镜头数量: 4
适用对象,Đối tượng áp dụng,501,501,4,4,55.1,Đối tượng áp dụng: 276; Đối tượng sử dụng: 184; Thích hợp cho:: 35; 适用对象: 6
主镜头光圈,Khẩu độ ống kính chính,493,493,1,1,100.0,Khẩu độ ống kính chính: 493
裤长,Chiều dài quần,492,492,4,3,91.9,Chiều dài quần: 273; chiều dài quần: 179; Quần dài: 39; 裤长: 1
是否含糖,Có chứa đường không,481,481,2,2,59.0,Có chứa đường không: 284; Nó có chứa đường không?: 197
安装位置,Vị trí lắp đặt,477,477,1,1,100.0,Vị trí lắp đặt: 477
数据传输接口,Giao diện truyền dữ liệu,470,470,1,1,100.0,Giao diện truyền dữ liệu: 470
操作方式,Phương thức hoạt động,470,470,3,3,97.9,Phương thức hoạt động: 460; Chế độ hoạt động: 8; 操作方式: 2
数据存储时间,Thời gian lưu trữ dữ liệu,466,466,1,1,100.0,Thời gian lưu trữ dữ liệu: 466
装箱数量,Số lượng đóng gói,460,460,3,3,61.3,Số lượng đóng gói: 282; Số lượng đóng thùng: 174; 装箱数量: 4
适用机型,Các mô hình áp dụng,455,455,5,5,51.9,Các mô hình áp dụng: 236; Mô hình áp dụng: 201; 适用机型: 10; Các mẫu máy áp dụng: 5; Các dòng máy áp dụng: 3
屏幕尺寸,Kích thước màn hình,454,454,1,1,100.0,Kích thước màn hình: 454
适用型号,Các mô hình áp dụng,453,453,6,5,54.3,Các mô hình áp dụng: 246; Số model áp dụng: 193; Mô hình áp dụng: 8; Số Model áp dụng: 4; Các mẫu máy áp dụng: 1; Các mẫu áp dụng: 1
规格类型,Loại thông số kỹ thuật,451,451,4,4,59.4,Loại thông số kỹ thuật: 268; Loại quy cách: 94; Loại đặc điểm kỹ thuật: 48; 规格类型: 41
类型,Loại,449,449,4,3,68.6,Loại: 254; kiểu: 126; loại: 54; 类型: 15
套装件数,Số lượng bộ sản phẩm,444,444,5,5,45.3,Số lượng bộ sản phẩm: 201; Số lượng bộ: 148; Số lượng miếng trong bộ: 84; Số lượng sản phẩm trong bộ: 8; 套装件数: 3
质检报告编号,Số báo cáo kiểm tra chất lượng,440,440,2,2,97.3,Số báo cáo kiểm tra chất lượng: 428; Số báo cáo kiểm định chất lượng: 12
材质成分,Thành phần vật liệu,435,435,3,3,53.8,Thành phần vật liệu: 234; Thành phần chất liệu: 112; 材质成分: 89
套装类型,Loại bộ sản phẩm,426,426,6,5,46.9,Loại bộ sản phẩm: 200; Loại hình bộ đồ: 133; Loại gói: 55; Loại bộ: 26; Loại hình Bộ đồ: 10; Loại vest: 2
具体材质,Vật liệu cụ thể,414,414,3,3,70.3,Vật liệu cụ thể: 291; Chất liệu cụ thể: 120; 具体材质: 3
能力培养,Đào tạo năng lực,405,405,6,5,44.9,Đào tạo năng lực: 182; Phát triển năng lực: 122; phát triển khả năng: 68; Phát triển khả năng: 24; Rèn luyện khả năng: 8; 能力培养: 1
外贸类型,Loại hình xuất khẩu,401,401,5,4,51.6,Loại hình xuất khẩu: 207; Loại hình ngoại thương: 169; Loại hình Ngoại Thương: 20; Loại ngoại thương: 4; 外贸类型: 1
传输速率,Tốc độ truyền tải,400,400,5,4,72.2,Tốc độ truyền tải: 229; tốc độ truyền tải: 60; Tốc độ truyền: 54; Tỷ lệ chuyển khoản: 54; 传输速率: 3
制作工艺,Quy trình sản xuất,387,387,3,3,54.0,Quy trình sản xuất: 209; Thủ công chế tạo: 174; 制作工艺: 4
口味,Vị,381,381,5,4,51.2,Vị: 195; Hương vị: 83; hương vị: 55; nếm thử: 46; 口味: 2
起泡程度,Mức độ phồng rộp,373,373,4,4,64.1,Mức độ phồng rộp: 239; Mức độ tạo bọt: 70; Độ tạo bọt: 60; 起泡程度: 4
塑料新料占比,Tỷ lệ vật liệu nhựa mới,368,368,4,3,77.2,Tỷ lệ vật liệu nhựa mới: 261; Tỷ lệ nhựa nguyên sinh: 83; Tỷ Lệ Vật liệu nhựa mới: 23; 塑料新料占比: 1
网络类型,Loại mạng,368,368,2,1,100.0,Loại mạng: 332; loại mạng: 36
礼盒内容,Nội dung hộp quà,368,368,3,3,79.6,Nội dung hộp quà: 293; Nội dung của hộp quà tặng: 43; Nội dung hộp quà tặng: 32
帮面内里材质,Chất liệu lót bên trong,366,366,6,6,37.7,Chất liệu lót bên trong: 138; Chất liệu bên trong thân giày: 134; Lớp lót chất liệu trên: 41; Chất liệu bề mặt bên trong: 27; Chất liệu bên trong bề mặt trợ giúp: 20; Chất liệu bên trong của phần trên: 6
专利类型,Loại bằng sáng chế,360,360,1,1,100.0,Loại bằng sáng chế: 360
成分,Thành phần,357,357,3,2,96.4,Thành phần: 241; thành phần: 103; 成分: 13
使用场景,Kịch bản sử dụng,352,352,4,4,82.1,Kịch bản sử dụng: 289; 使用场景: 61; Sử dụng cảnh: 1; Các tình huống sử dụng: 1
热卖月份,Tháng nóng,334,334,5,5,53.0,Tháng nóng: 177; Tháng bán chạy: 94; Tháng bán chạy nhất: 56; tháng bán nóng: 5; 热卖月份: 2
净度,Độ trong,291,291,6,5,46.4,Độ trong: 135; Sự rõ ràng: 74; Độ tinh khiết: 62; sự rõ ràng: 13; 净度: 4; Rõ ràng: 3
包装,Đóng gói,276,276,6,4,63.0,Đóng gói: 171; Bao bì: 76; gói: 15; bao bì: 6; 包装: 5; đóng gói: 3
是否跨境货源,Có nguồn hàng xuyên biên giới không,275,275,11,11,58.5,Có nguồn hàng xuyên biên giới không: 161; Cho dù đó là nguồn cung cấp xuyên biên giới: 47; Cho dù cung cấp xuyên biên giới: 23; Nguồn cung cấp có xuyên biên giới hay không: 20; Đây có phải là nguồn cung cấp xuyên biên giới không?: 8; Có phải là nguồn hàng xuyên biên giới không: 7
风格类型,Loại phong cách,269,269,5,4,61.7,Loại phong cách: 165; kiểu phong cách: 52; Kiểu dáng: 45; Phong cách: 6; loại phong cách: 1
食品工艺,Công nghệ thực phẩm,265,265,5,4,96.6,Công nghệ thực phẩm: 156; công nghệ thực phẩm: 100; Đồ thủ công thực phẩm: 4; 食品工艺: 3; thủ công thực phẩm: 2
裙长,Chiều dài,265,265,4,4,57.7,Chiều dài: 153; Váy dài: 101; Chiều dài váy: 10; 裙长: 1
夹层数量,Số lớp xen kẽ,263,263,2,2,94.7,Số lớp xen kẽ: 249; 夹层数量: 14
是否智能,Nó có thông minh không?,259,259,3,3,83.8,Nó có thông minh không?: 217; 是否智能: 38; Có phải là thông minh không?: 4
组合形式,Hình thức kết hợp,257,257,3,2,78.2,Hình thức kết hợp: 167; Dạng kết hợp: 56; hình thức kết hợp: 34
产品类型,Loại sản phẩm,253,253,4,3,87.7,Loại sản phẩm: 220; 产品类型: 29; loại sản phẩm: 2; Loại hình sản phẩm: 2
智能交互方式,Cách tương tác thông minh,251,251,5,5,64.5,Cách tương tác thông minh: 162; Chế độ tương tác thông minh: 63; Phương pháp tương tác thông minh: 11; 智能交互方式: 10; Cách thức tương tác thông minh: 5
茶种类,Các loại trà,249,249,5,4,67.9,Các loại trà: 166; Loại trà: 75; 茶种类: 4; các loại trà: 3; Mẫu mã: 1
包装形式,Hình thức đóng gói,248,248,4,4,84.7,Hình thức đóng gói: 210; Mẫu đóng gói: 31; 包装形式: 6; Mẫu mã: 1
包装系列,Dòng bao bì,241,241,3,3,76.3,Dòng bao bì: 184; Dòng sản phẩm đóng gói: 51; Dòng sản phẩm bao bì: 6
功效,Hiệu quả,241,241,5,4,82.6,Hiệu quả: 199; Tác dụng: 24; 功效: 9; tác dụng: 8; Hiệu ứng: 1
裙型,Kiểu váy,239,239,4,3,96.2,Kiểu váy: 147; kiểu váy: 83; Loại váy: 8; 裙型: 1
安装方式,Phương pháp cài đặt,239,239,4,4,55.2,Phương pháp cài đặt: 132; Cách lắp đặt: 78; Phương thức cài đặt: 19; 安装方式: 10
腰型,Dáng thắt lưng,237,237,6,5,57.4,Dáng thắt lưng: 136; hình dạng vòng eo: 47; Hình dáng vòng eo: 28; Hình dạng vòng eo: 13; Kiểu eo: 12; 腰型: 1
耳机类别,Danh mục tai nghe,237,237,3,3,92.8,Danh mục tai nghe: 220; Loại tai nghe: 13; 耳机类别: 4
核心成分,Thành phần cốt lõi,233,233,3,2,94.8,Thành phần cốt lõi: 114; thành phần cốt lõi: 107; 核心成分: 12
材质工艺,Chất liệu và công nghệ chế tác,233,233,3,3,50.2,Chất liệu và công nghệ chế tác: 117; Công nghệ vật liệu: 94; Chất liệu và tay nghề: 22
适用送礼场合,Những dịp tặng quà thích hợp,227,227,7,5,37.4,Những dịp tặng quà thích hợp: 67; Phù hợp cho các dịp tặng quà: 50; Thích hợp cho các dịp tặng quà: 36; 适用送礼场合: 30; Những Dịp tặng quà thích hợp: 18; Thích hợp cho những dịp tặng quà: 14
有无拉杆,Có hoặc không có thanh kéo,224,224,4,4,63.8,Có hoặc không có thanh kéo: 143; Có hoặc không có thanh giằng: 73; Có cần kéo không: 5; 有无拉杆: 3
表面工艺,Công nghệ bề mặt,224,224,2,2,95.1,Công nghệ bề mặt: 213; 表面工艺: 11
口感,Vị giác,222,222,5,4,49.1,Vị giác: 94; Hương vị: 86; hương vị: 23; Nếm thử: 10; 口感: 9
门襟,Vạt áo,214,214,7,7,55.6,Vạt áo: 119; túi khóa kéo: 41; túi: 28; túi quần: 19; túi đựng: 3; túi áo: 2
玩具材质,Chất liệu đồ chơi,208,208,3,2,99.5,Chất liệu đồ chơi: 204; chất liệu đồ chơi: 3; 玩具材质: 1
包大小,Kích thước gói hàng,206,206,4,4,70.9,Kích thước gói hàng: 146; Kích thước gói: 31; kích thước túi: 26; 包大小: 3
特色功能,Tính năng đặc biệt,205,205,5,5,43.4,Tính năng đặc biệt: 89; Tính năng nổi bật: 66; Chức năng nổi bật: 27; Tính năng: 20; 特色功能: 3
全国工业生产许可证编号,Số giấy phép sản xuất công nghiệp quốc gia,204,204,3,3,56.9,Số giấy phép sản xuất công nghiệp quốc gia: 116; Số giấy phép sản xuất công nghiệp toàn quốc: 84; 全国工业生产许可证编号: 4
主要下游销售地区1,Các khu vực bán hàng hạ nguồn chính 1,203,203,7,7,56.2,Các khu vực bán hàng hạ nguồn chính 1: 114; Khu vực bán hàng hạ nguồn chính 1: 50; Khu vực bán hàng chính hạ nguồn 1: 17; Các khu vực bán hàng chính hạ nguồn 1: 11; Khu vực bán hàng hạ lưu chính 1: 9; 主要下游销售地区1: 1
跨境风格类型,Loại phong cách xuyên biên giới,203,203,4,4,67.0,Loại phong cách xuyên biên giới: 136; Kiểu dáng xuyên biên giới: 43; Kiểu phong cách xuyên biên giới: 23; 跨境风格类型: 1
是否同时支持两部手机,Nó có hỗ trợ hai điện thoại di động cùng một lúc không?,202,202,5,4,61.4,Nó có hỗ trợ hai điện thoại di động cùng một lúc không?: 115; Nó có hỗ trợ hai điện thoại cùng lúc không: 71; Nó có hỗ trợ hai điện thoại di động cùng một lúc không: 9; 是否同时支持两部手机: 5; Nó có hỗ trợ hai điện thoại cùng một lúc không: 2
规格尺寸,Kích thước thông số kỹ thuật,199,199,6,6,62.8,Kích thước thông số kỹ thuật: 125; Thông số kỹ thuật và kích thước: 39; Thông số kích thước: 18; Thông số kỹ thuật: 15; Kích thước đặc điểm kỹ thuật: 1; 规格尺寸: 1
专利及著作权申请时间,Thời gian nộp đơn đăng ký bằng sáng chế và bản quyền,192,192,4,4,51.6,Thời gian nộp đơn đăng ký bằng sáng chế và bản quyền: 99; Thời gian đăng ký sáng chế và bản quyền: 50; Thời gian nộp đơn xin cấp bằng sáng chế và bản quyền: 39; Bằng sáng chế và thời gian nộp đơn bản quyền: 4
系列,Dòng sản phẩm,190,190,5,5,62.1,Dòng sản phẩm: 118; loạt: 65; 系列: 5; loạt phim: 1; Mẫu mã: 1
印刷工艺,quá trình in ấn,189,189,3,3,56.1,quá trình in ấn: 106; Công nghệ in ấn: 72; 印刷工艺: 11
层数,Số lớp,188,188,3,3,56.9,Số lớp: 107; Số tầng: 68; 层数: 13
保修期,Thời hạn bảo hành,187,187,3,3,69.0,Thời hạn bảo hành: 129; Thời gian bảo hành: 52; 保修期: 6
主面料成分2,Thành phần vải chính 2,187,187,1,1,100.0,Thành phần vải chính 2: 187
记录仪安装类型,Kiểu cài đặt máy ghi âm,185,185,4,4,70.8,Kiểu cài đặt máy ghi âm: 131; Loại cài đặt máy ghi âm: 36; Loại cài đặt của máy ghi âm: 14; 记录仪安装类型: 4
是否支持到店安装,Nó có hỗ trợ cài đặt trong cửa hàng không?,183,183,3,3,62.3,Nó có hỗ trợ cài đặt trong cửa hàng không?: 114; Nó có hỗ trợ cài đặt tại cửa hàng không?: 64; 是否支持到店安装: 5
是否折叠,Có thể gập lại không,180,180,6,6,42.8,Có thể gập lại không: 77; Có gấp không: 66; Có nên gấp hay không: 20; Có nên gấp lại không: 14; Có nên gập lại không: 2; Nó có thể gập lại được không: 1
滑轮,Ròng rọc,180,180,3,2,57.2,Ròng rọc: 91; Bánh xe ròng rọc: 77; ròng rọc: 12
可否手提,Có thể xách tay được không?,180,180,6,5,42.8,Có thể xách tay được không?: 77; Có thể xách tay không: 65; Nó có thể được mang theo?: 30; Có thể mang bằng tay được không?: 5; Nó có thể được mang bằng tay?: 2; Nó có thể được mang bằng tay: 1
主要下游销售地区2,Các khu vực bán hàng hạ nguồn chính 2,177,177,6,6,69.5,Các khu vực bán hàng hạ nguồn chính 2: 123; Khu vực bán hàng chính hạ nguồn 2: 19; Khu vực bán hàng hạ nguồn chính 2: 19; Các khu vực bán hàng chính hạ nguồn 2: 8; Khu vực bán hàng hạ lưu chính 2: 7; 主要下游销售地区2: 1
智能连接方式,Phương thức kết nối thông minh,177,177,3,3,93.8,Phương thức kết nối thông minh: 166; 智能连接方式: 8; Cách kết nối thông minh: 3
采摘时间,Thời gian chọn,177,177,8,6,42.4,Thời gian chọn: 73; Thời điểm hái quả: 40; Thời gian hái: 27; Thời gian chọn hàng: 15; thời gian hái: 12; 采摘时间: 7
是否多功能,Có đa chức năng không,177,177,2,2,79.7,Có đa chức năng không: 141; Nó có đa chức năng không?: 36
3C证书编号,Số chứng chỉ 3C,172,171,3,2,98.8,Số chứng chỉ 3C: 166; số chứng chỉ 3C: 4; 3C证书编号: 2
1,1,167,167,1,1,100.0,1: 167
等级,lớp,167,167,5,4,48.5,lớp: 79; Cấp bậc: 78; cấp độ: 4; 等级: 4; Lớp: 2
产区,Khu vực sản xuất,167,167,2,2,99.4,Khu vực sản xuất: 166; 产区: 1
耐泡程度,Mức độ chống bọt,166,166,6,6,55.4,Mức độ chống bọt: 92; Khả năng chống bọt: 27; Độ bền khi pha trà: 25; Khả năng chống tạo bọt: 18; Khả năng chống bong bóng: 3; 耐泡程度: 1
质地,Kết cấu,166,166,3,2,98.8,Kết cấu: 110; kết cấu: 54; 质地: 2
商品3C认证码,Mã chứng nhận sản phẩm 3C,163,163,6,6,45.4,Mã chứng nhận sản phẩm 3C: 74; Mã chứng nhận 3C của sản phẩm: 49; Mã xác thực 3C hàng hóa: 25; Mã xác thực sản phẩm 3C: 9; Mã chứng nhận 3C sản phẩm: 4; 商品3C认证码: 2
洁面分类,Phân loại làm sạch,162,162,2,2,90.7,Phân loại làm sạch: 147; 洁面分类: 15
主面料成分2含量,Thành phần vải chính 2 Nội dung,159,159,7,5,59.7,Thành phần vải chính 2 Nội dung: 65; Thành phần vải chính 2: 51; Thành phần vải chính 2 nội dung: 15; Thành phần vải chính 2 Nội Dung: 15; Nội dung thành phần vải chính 2: 9; Thành phần vải chính 2 hàm lượng: 3
产品厂家厂址,Địa chỉ nhà sản xuất sản phẩm,156,156,4,4,82.7,Địa chỉ nhà sản xuất sản phẩm: 129; Địa chỉ nhà máy sản xuất sản phẩm: 24; Địa chỉ nhà máy của nhà sản xuất sản phẩm: 2; 产品厂家厂址: 1
种类,Chủng loại,156,156,6,5,58.3,Chủng loại: 91; loại: 56; 种类: 6; sắp xếp: 1; đa dạng: 1; Loại: 1
2,2,153,153,3,3,98.7,2: 151; Mẫu mã: 1; Thông số kỹ thuật: 1
产品厂家厂名,Tên nhà sản xuất sản phẩm,152,152,3,3,98.0,Tên nhà sản xuất sản phẩm: 149; 产品厂家厂名: 2; Tên nhà máy sản xuất sản phẩm: 1
加工方式,Cách chế biến,152,148,5,5,40.1,Cách chế biến: 61; 加工方式: 35; Phương pháp xử lý: 22; Phương thức gia công: 22; Phương pháp chế biến: 12
产品形态,Hình thái sản phẩm,151,151,4,4,54.3,Hình thái sản phẩm: 82; Hình thức sản phẩm: 32; Mẫu sản phẩm: 27; 产品形态: 10
版权,Bản quyền,150,150,3,2,99.3,Bản quyền: 125; bản quyền: 24; 版权: 1
洗涤方式,Phương pháp giặt,149,149,3,3,69.8,Phương pháp giặt: 104; Cách giặt: 40; 洗涤方式: 5
是否电动,Có phải là xe điện không,148,148,6,4,48.6,Có phải là xe điện không: 49; Có phải là điện không: 48; Nó có điện không?: 20; Có Phải Là điện không: 13; Có phải là điện không?: 11; Có phải là điện?: 7
AI能力,Khả năng AI,147,147,2,2,97.3,Khả năng AI: 143; AI能力: 4
智能等级,Trình độ thông minh,147,147,3,3,95.2,Trình độ thông minh: 140; 智能等级: 4; Cấp độ thông minh: 3
面料密度,Mật độ vải,144,144,2,2,98.6,Mật độ vải: 142; 面料密度: 2
产地-国内,Xuất xứ-Trong nước,143,143,8,7,57.3,Xuất xứ-Trong nước: 46; Xuất Xứ-Trong nước: 36; Xuất xứ - Nội địa: 19; Nguồn gốc - Trung Quốc nội địa: 17; Xuất xứ - Trong nước: 13; Nguồn gốc - Trong nước: 7
电压,Điện áp,143,143,3,2,86.7,Điện áp: 94; điện áp: 30; 电压: 19
填充物,Chất độn,140,140,4,3,69.3,Chất độn: 79; đổ đầy: 41; chất độn: 18; điền: 2
产品系列,Dòng sản phẩm,139,139,2,2,76.3,Dòng sản phẩm: 106; 产品系列: 33
特殊用途化妆品证号,Số giấy chứng nhận mỹ phẩm chuyên dụng,134,134,5,5,63.4,Số giấy chứng nhận mỹ phẩm chuyên dụng: 85; Số chứng nhận mỹ phẩm chuyên dùng: 28; Số giấy phép mỹ phẩm chuyên dụng: 18; Số chứng chỉ mỹ phẩm mục đích đặc biệt: 2; 特殊用途化妆品证号: 1
3,3,133,133,4,4,97.7,3: 130; Thông số kỹ thuật: 1; Mẫu mã: 1; Bộ trang trí lưu ly: 1
苹果型号,Model Apple,132,132,6,5,46.2,Model Apple: 61; mô hình táo: 49; Mẫu Apple: 17; Mô hình Apple: 3; 苹果型号: 1; mô hình Apple: 1
运动系列,Dòng sản phẩm thể thao,122,122,3,3,47.5,Dòng sản phẩm thể thao: 58; Dòng thể thao: 47; Chuỗi thể thao: 17
尺寸大小,Kích thước,120,120,5,3,50.0,Kích thước: 59; Kích thước kích thước: 42; Kích thước Kích thước: 16; 尺寸大小: 2; kích thước: 1
进口地,Nơi nhập khẩu,119,119,3,3,65.5,Nơi nhập khẩu: 78; Nhập khẩu: 31; 进口地: 10
加工工艺,Công nghệ xử lý,116,116,3,3,63.8,Công nghệ xử lý: 74; Quy trình gia công: 31; 加工工艺: 11
领口形状,Hình dạng cổ áo,116,116,6,4,78.4,Hình dạng cổ áo: 90; hình dạng đường viền cổ áo: 12; Hình dạng đường viền cổ áo: 6; hình dạng cổ: 5; hình dạng đường viền cổ: 2; hình dạng cổ áo: 1
特妆产品名称,Tên sản phẩm trang điểm đặc biệt,114,114,2,2,98.2,Tên sản phẩm trang điểm đặc biệt: 112; 特妆产品名称: 2
年份,Năm,113,113,4,3,81.4,Năm: 79; Năm sản xuất: 19; năm: 13; 年份: 2
适用汽车品牌,Thương hiệu xe áp dụng,112,112,1,1,100.0,Thương hiệu xe áp dụng: 112
是否礼盒,Có phải hộp quà không,112,112,6,6,58.0,Có phải hộp quà không: 65; Có hộp quà không: 18; Tùy chọn hộp quà tặng: 16; Cho dù đó là một hộp quà tặng: 7; Hộp quà tặng hay không: 4; Đó có phải là một hộp quà tặng?: 2
特殊功效,Hiệu ứng đặc biệt,112,112,4,4,53.6,Hiệu ứng đặc biệt: 60; Tác dụng đặc biệt: 47; Chức năng đặc biệt: 4; 特殊功效: 1
茶区,Khu vực trà,111,111,5,3,71.2,Khu vực trà: 64; Khu trà: 18; khu vực trà: 15; khu trà: 13; 茶区: 1
外观造型,Ngoại hình,111,111,3,2,73.0,Ngoại hình: 61; Thiết kế ngoại hình: 30; ngoại hình: 20
茶叶生产工艺,Quy trình sản xuất Chè,111,111,4,3,59.5,Quy trình sản xuất Chè: 38; Quy trình sản xuất trà: 30; Quy trình sản xuất chè: 28; Công nghệ sản xuất trà: 15
加盟分销门槛,Ngưỡng phân phối nhượng quyền,106,106,4,3,76.4,Ngưỡng phân phối nhượng quyền: 54; Ngưỡng phân phối Nhượng Quyền: 27; 加盟分销门槛: 22; Tham gia ngưỡng phân phối: 3
前进方式,Cách tiến về phía trước,103,103,6,6,47.6,Cách tiến về phía trước: 49; Cách di chuyển: 30; đường đi phía trước: 15; phương pháp chuyển tiếp: 5; phương pháp nâng cao: 3; Con đường phía trước: 1
特殊提货凭证,Phiếu giao hàng đặc biệt,100,100,5,5,58.0,Phiếu giao hàng đặc biệt: 58; Phiếu nhận hàng đặc biệt: 27; Phiếu nhận xe đặc biệt: 9; Giấy chứng nhận bán tải đặc biệt: 5; Biên nhận giao hàng đặc biệt: 1
上市时间,Thời gian niêm yết,98,98,6,6,54.1,Thời gian niêm yết: 53; Thời gian đưa ra thị trường: 21; Thời gian trên thị trường: 13; 上市时间: 5; Thời gian có mặt trên thị trường: 4; Thời điểm ra mắt: 2
适用体型,Loại cơ thể áp dụng,98,98,4,4,38.8,Loại cơ thể áp dụng: 38; Loại cơ thể phù hợp: 34; Kiểu cơ thể phù hợp: 24; 适用体型: 2
是否瑕疵,Có khiếm khuyết không,97,97,5,5,41.2,Có khiếm khuyết không: 40; Có lỗi không: 33; Liệu nó có bị lỗi hay không: 15; Nó có bị lỗi không?: 8; Liệu nó có bị lỗi không: 1
外包装,Bao bì bên ngoài,97,97,3,3,73.2,Bao bì bên ngoài: 71; 外包装: 24; Bao bì ngoài: 2
传输数率,Tỷ lệ truyền số,96,96,5,4,52.1,Tỷ lệ truyền số: 32; 传输数率: 28; Tỷ Lệ Truyền số: 18; Tốc độ truyền: 14; Số lượng truyền dẫn: 4
口径形状,Hình dạng cỡ nòng,95,95,4,2,71.6,Hình dạng cỡ nòng: 55; Hình dạng đường kính: 27; Hình dạng Cỡ nòng: 12; hình dạng cỡ nòng: 1
奶嘴流速,Tốc độ chảy núm vú,94,94,5,4,50.0,Tốc độ chảy núm vú: 44; Tốc độ dòng chảy của núm vú giả: 26; tốc độ dòng chảy của núm vú giả: 21; Tốc độ dòng chảy của núm vú: 2; Tốc độ chảy núm vú giả: 1
适用学龄,Thích hợp tuổi đi học,92,92,4,4,52.2,Thích hợp tuổi đi học: 48; Áp dụng cho lứa tuổi đi học: 28; Áp dụng cho độ tuổi đi học: 15; Thích hợp cho trường mầm non: 1
用途,用途,91,91,6,5,38.5,用途: 35; Công dụng: 31; mục đích: 12; Mục đích: 7; Mục đích sử dụng: 4; sử dụng: 2
内包装,Bao bì bên trong,90,90,3,2,71.1,Bao bì bên trong: 59; 内包装: 26; bao bì bên trong: 5
品种,Giống,88,88,4,3,51.1,Giống: 45; Sự đa dạng: 18; sự đa dạng: 15; đa dạng: 10
鞋底硬度,Độ cứng của đế giày,88,88,2,2,98.9,Độ cứng của đế giày: 87; 鞋底硬度: 1
分类,Phân loại,88,88,5,4,85.2,Phân loại: 72; chủng loại: 8; sắp xếp: 4; phân loại: 3; danh mục: 1
清真食品,Thực phẩm Halal,81,81,2,1,100.0,Thực phẩm Halal: 62; Thực phẩm halal: 19
外壳材质,Chất liệu vỏ ngoài,78,78,3,3,57.7,Chất liệu vỏ ngoài: 45; Chất liệu vỏ: 28; 外壳材质: 5
特产,Đặc sản,76,76,6,4,69.7,Đặc sản: 45; Chuyên ngành: 11; đặc sản: 8; 特产: 7; chuyên ngành: 4; Chuyên môn: 1
发光玩具类型,Loại đồ chơi phát sáng,75,75,2,2,98.7,Loại đồ chơi phát sáng: 74; 发光玩具类型: 1
电池容量,Dung lượng pin,75,75,3,2,94.7,Dung lượng pin: 66; dung lượng pin: 5; 电池容量: 4
适用车型,Mô hình áp dụng,73,73,6,6,35.6,Mô hình áp dụng: 26; Các dòng máy áp dụng: 15; Các mô hình áp dụng: 12; Các mẫu máy áp dụng: 8; Các mẫu áp dụng: 7; 适用车型: 5
床品规格标准,床品规格标准,73,73,2,2,97.3,床品规格标准: 71; Tiêu chuẩn quy cách chăn ga gối đệm: 2
是否独立包装,Nó có được đóng gói riêng lẻ không?,73,73,6,6,63.0,Nó có được đóng gói riêng lẻ không?: 46; Cho dù nó được đóng gói riêng lẻ: 15; Có nên đóng gói độc lập hay không: 7; Có được đóng gói độc lập hay không: 3; Liệu nó có được đóng gói riêng lẻ hay không: 1; Liệu nó có được đóng gói riêng hay không: 1
置物用品类型,Loại đồ dùng,73,73,3,3,50.7,Loại đồ dùng: 37; Loại vật tư lưu trữ: 33; Loại vật dụng để đồ: 3
是否开裆,Có mở đũng không,72,72,7,7,40.3,Có mở đũng không: 29; Có mở đáy quần không: 27; Có nên mở đáy quần hay không: 8; Mở đáy quần hay không?: 5; Có phải là không đáy không?: 1; Có nên mở đáy quần không: 1
特殊工艺,Thủ công đặc biệt,71,71,3,3,62.0,Thủ công đặc biệt: 44; Quy trình đặc biệt: 26; quá trình đặc biệt: 1
供电方式,Cách cung cấp điện,70,70,4,4,44.3,Cách cung cấp điện: 31; Chế độ cấp nguồn: 19; Cách cấp nguồn: 19; 供电方式: 1
专利及著作权,Bằng sáng chế và bản quyền,70,70,3,2,62.9,Bằng sáng chế và bản quyền: 43; Bằng sáng chế và quyền tác giả: 26; Bằng sáng chế và Bản quyền: 1
特产品类,Danh mục sản phẩm đặc biệt,69,69,3,3,43.5,Danh mục sản phẩm đặc biệt: 30; Chủng loại đặc sản: 22; Danh mục sản phẩm đặc sản: 17
手柄材质,Chất liệu tay cầm,69,69,4,4,62.3,Chất liệu tay cầm: 43; Xử lý vật liệu: 16; Vật liệu xử lý: 8; 手柄材质: 2
是否能够DIY,Có thể DIY không,69,69,6,6,42.0,Có thể DIY không: 29; Có thể tự làm được không: 21; Liệu nó có thể tự làm được không: 10; Liệu bạn có thể tự làm không: 4; Liệu nó có thể là DIY không: 3; Liệu nó có thể được DIYed: 2
只数,Số chỉ,69,69,6,4,52.2,Số chỉ: 36; Chỉ số: 17; Chỉ đếm: 7; chỉ đếm: 4; Chỉ cần đếm: 3; chỉ số: 2
裤腰,Cạp quần,69,69,3,3,84.1,Cạp quần: 58; dây thắt lưng: 6; Thắt lưng: 5
裤门襟,Quần vạt,68,68,4,4,45.6,Quần vạt: 31; Cửa quần: 27; Túi quần: 5; Quần bay: 5
净重（规格）,Trọng lượng tịnh (thông số kỹ thuật),68,68,4,3,75.0,Trọng lượng tịnh (thông số kỹ thuật): 49; Trọng lượng tịnh (đặc điểm kỹ thuật): 16; Trọng lượng tịnh (Thông số kỹ thuật): 2; Trọng lượng tịnh (lưới): 1
电池类型,Loại pin,67,67,3,2,97.0,Loại pin: 60; loại pin: 5; 电池类型: 2
鞋头款式,Kiểu mũi giày,66,66,4,4,66.7,Kiểu mũi giày: 44; Kiểu ngón chân: 19; 鞋头款式: 2; Kiểu dáng mũi giày: 1
原料和配料,Nguyên liệu và thành phần,66,66,2,2,98.5,Nguyên liệu và thành phần: 65; Nguyên liệu và nguyên liệu: 1
防滑性能,Khả năng chống trượt,66,66,3,3,62.1,Khả năng chống trượt: 41; Hiệu suất chống trượt: 23; 防滑性能: 2
遥控方式,Cách điều khiển từ xa,66,66,2,2,54.5,Cách điều khiển từ xa: 36; Phương pháp điều khiển từ xa: 30
最大输出功率,Công suất đầu ra tối đa,65,65,1,1,100.0,Công suất đầu ra tối đa: 65
额定容量,Công suất định mức,65,65,2,1,100.0,Công suất định mức: 39; công suất định mức: 26
电芯类型,Loại pin,65,65,2,2,90.8,Loại pin: 59; Loại tế bào pin: 6
充电功率,Công suất sạc,65,65,3,3,75.4,Công suất sạc: 49; sạc điện: 15; Nguồn sạc: 1
输入电压,Điện áp đầu vào,65,65,2,1,100.0,Điện áp đầu vào: 61; điện áp đầu vào: 4
生产厂商,Nhà sản xuất,65,65,2,1,100.0,Nhà sản xuất: 57; nhà sản xuất: 8
充电协议,Giao thức sạc,64,64,2,2,96.9,Giao thức sạc: 62; 充电协议: 2
电源容量,Công suất điện,64,64,3,3,65.6,Công suất điện: 42; Công suất cung cấp điện: 21; 电源容量: 1
奶嘴类型,Loại núm vú giả,63,63,2,2,96.8,Loại núm vú giả: 61; 奶嘴类型: 2
执行质量标准,Thực hiện các tiêu chuẩn chất lượng,63,63,3,2,88.9,Thực hiện các tiêu chuẩn chất lượng: 53; Thực hiện tiêu chuẩn chất lượng: 7; Thực hiện các tiêu chuẩn chất lượng.: 3
使用位置,Sử dụng vị trí,61,61,3,3,91.8,Sử dụng vị trí: 56; Vị trí sử dụng: 4; Nơi sử dụng: 1
承重,Chịu tải,61,61,4,3,86.9,Chịu tải: 52; 承重: 6; Chịu lực: 2; chịu tải: 1
LOGO印刷,In LOGO,60,60,3,1,100.0,In LOGO: 40; in logo: 11; In logo: 9
特殊备案号成分,Thành phần số đăng ký đặc biệt,60,60,2,2,51.7,Thành phần số đăng ký đặc biệt: 31; Thành phần số kỷ lục đặc biệt: 29
特色,Đặc trưng,59,59,4,3,45.8,Đặc trưng: 27; 特色: 15; tính năng: 12; Tính năng: 5
香型,Hương thơm,59,59,5,5,76.3,Hương thơm: 45; Loại hương thơm: 6; 香型: 5; Mẫu mã: 2; Nước hoa: 1
透明度,sự minh bạch,58,58,4,4,51.7,sự minh bạch: 30; Độ trong suốt: 14; 透明度: 13; Mã hàng: 1
成分原料,Nguyên liệu thành phần,57,57,3,3,47.4,Nguyên liệu thành phần: 27; Thành phần: 21; 成分原料: 9
奶嘴孔型,Kiểu lỗ núm vú,57,57,3,3,70.2,Kiểu lỗ núm vú: 40; Loại lỗ núm vú giả: 15; 奶嘴孔型: 2
容积,Thể tích,56,56,4,3,64.3,Thể tích: 36; Khối lượng: 14; âm lượng: 5; khối lượng: 1
外观尺寸,Ngoại hình kích thước,55,55,4,4,50.9,Ngoại hình kích thước: 28; Kích thước ngoại hình: 15; Kích thước bề ngoài: 7; 外观尺寸: 5
厚度,độ dày,55,55,3,2,87.3,độ dày: 32; Độ dày: 16; 厚度: 7
外部材质,Chất liệu bên ngoài,54,54,4,3,77.8,Chất liệu bên ngoài: 42; vật liệu bên ngoài: 9; Vật liệu bên ngoài: 2; 外部材质: 1
属性2,Thuộc tính 2,54,54,3,3,63.0,Thuộc tính 2: 34; 属性2: 19; Mẫu mã: 1
附加功能,Tính năng bổ sung,54,54,4,4,53.7,Tính năng bổ sung: 29; Chức năng bổ sung: 13; Các tính năng bổ sung: 10; 附加功能: 2
服装款式细节,Chi tiết phong cách quần áo,53,53,4,4,60.4,Chi tiết phong cách quần áo: 32; Chi tiết kiểu dáng quần áo: 12; Chi tiết kiểu quần áo: 6; 服装款式细节: 3
筒高,Chiều cao ống,53,53,3,2,96.2,Chiều cao ống: 35; chiều cao ống: 16; Chiều cao thùng: 2
是否仅供跨境,Nó chỉ dành cho xuyên biên giới,52,52,7,7,57.7,Nó chỉ dành cho xuyên biên giới: 30; Nó chỉ dành cho xuyên biên giới thôi sao?: 15; Nó chỉ dành riêng cho thương mại xuyên biên giới?: 3; Nó chỉ dành cho việc sử dụng xuyên biên giới?: 1; Nó chỉ dành cho sử dụng xuyên biên giới phải không?: 1; Nó chỉ dành cho việc sử dụng xuyên biên giới phải không?: 1
电源,Nguồn điện,52,52,4,3,69.2,Nguồn điện: 29; 电源: 14; nguồn điện: 7; cung cấp điện: 2
是否加绒,Có lót lông không,52,52,3,3,55.8,Có lót lông không: 29; Có nên thêm nhung hay không: 12; Có nên thêm nhung không: 11
香味,Hương thơm,51,51,4,3,72.5,Hương thơm: 33; nước hoa: 11; hương thơm: 4; mùi thơm: 3
表面处理,Xử lý bề mặt,51,51,2,2,90.2,Xử lý bề mặt: 46; 表面处理: 5
是否填充,Có đầy không,51,51,4,4,41.2,Có đầy không: 21; Có lấp đầy không: 20; Có nên điền hay không: 5; Có nên điền vào không: 5
是否充气,Có cần bơm hơi không,51,51,5,4,39.2,Có cần bơm hơi không: 20; Có bơm hơi không: 14; Có nên thổi phồng hay không: 10; Có Bơm Hơi không: 6; Có nên bơm hơi hay không: 1
用品品类,Danh mục sản phẩm,51,51,5,5,49.0,Danh mục sản phẩm: 25; Loại đồ dùng: 16; Danh mục vật tư: 7; Danh mục cung cấp: 2; 用品品类: 1
茶叶形态,Hình dạng lá trà,49,49,3,3,65.3,Hình dạng lá trà: 32; Hình thái của lá trà: 12; 茶叶形态: 5
额定电流,Đánh giá hiện tại,49,49,4,3,51.0,Đánh giá hiện tại: 25; Dòng điện định mức: 12; 额定电流: 11; dòng điện định mức: 1
属性1,Thuộc tính 1,49,49,2,2,57.1,Thuộc tính 1: 28; 属性1: 21
是否加工定制,Có gia công tùy chỉnh không,49,49,5,4,38.8,Có gia công tùy chỉnh không: 16; Có nên xử lý tùy chỉnh hay không: 14; Có gia công theo yêu cầu không: 11; Có nên xử lý và tùy chỉnh hay không: 5; Có gia công Tùy chỉnh không: 3
件数,件数,47,47,8,8,25.5,件数: 12; Số lượng: 10; Số lượng sản phẩm: 9; Số lượng mảnh: 7; Số lượng miếng: 5; Mẫu mã: 2
冲泡方式,Cách pha chế,47,47,5,5,59.6,Cách pha chế: 28; Phương pháp ủ: 10; 冲泡方式: 4; Phương pháp pha chế: 4; Phương pháp ủ bia: 1
玩具类型,loại đồ chơi,46,46,2,1,100.0,loại đồ chơi: 23; Loại đồ chơi: 23
产品质量等级,Sản phẩm chất lượng lớp,46,46,4,4,54.3,Sản phẩm chất lượng lớp: 25; Cấp độ chất lượng sản phẩm: 14; Mức chất lượng sản phẩm: 6; Lớp chất lượng sản phẩm: 1
彩泥类别,Loại đất sét màu,46,46,3,3,58.7,Loại đất sét màu: 27; Các loại đất nặn: 13; Danh mục đất sét màu: 6
专利号,Số bằng sáng chế,45,45,1,1,100.0,Số bằng sáng chế: 45
适用部位,Các bộ phận áp dụng,45,45,3,3,53.3,Các bộ phận áp dụng: 24; Bộ phận áp dụng: 16; 适用部位: 5
IP名称,Tên IP,45,45,1,1,100.0,Tên IP: 45
是否地理标志产品,Sản phẩm chỉ dẫn địa lý,45,45,7,7,68.9,Sản phẩm chỉ dẫn địa lý: 31; Có phải là sản phẩm có chỉ dẫn địa lý không: 5; Đây có phải là sản phẩm có chỉ dẫn địa lý không?: 4; Đây có phải là sản phẩm chỉ dẫn địa lý không?: 2; Đây có phải là sản phẩm chỉ định địa lý không?: 1; Cho dù sản phẩm logo địa lý: 1
流行靴款,Giày bốt phổ biến,45,45,3,3,44.4,Giày bốt phổ biến: 20; Các mẫu giày bốt thịnh hành: 18; Kiểu bốt thịnh hành: 7
配件,phụ kiện,44,44,4,3,81.8,phụ kiện: 28; Phụ kiện: 8; 配件: 7; Mẫu mã: 1
靴筒材质,Chất liệu thân bốt,43,43,4,4,44.2,Chất liệu thân bốt: 19; Chất liệu ủng: 14; Chất liệu khởi động: 6; Chất liệu bốt: 4
货号1,货号1,43,43,2,2,62.8,货号1: 27; Mục số 1: 16
靴筒内里材质,Chất liệu lót bên trong ống bốt,43,43,7,7,41.9,Chất liệu lót bên trong ống bốt: 18; Chất liệu lót bên trong ủng: 17; Chất liệu lót bên trong bốt: 4; Vật liệu bên trong khởi động: 1; Chất liệu lót bên trong giày: 1; Chất liệu bên trong ủng: 1
货号2,Mục số 2,42,42,2,2,52.4,Mục số 2: 22; 货号2: 20
摄像像素,Điểm ảnh của máy ảnh,42,42,5,5,73.8,Điểm ảnh của máy ảnh: 31; 摄像像素: 5; Điểm ảnh máy ảnh: 3; Pixel của máy ảnh: 2; Pixel máy ảnh: 1
膜布材质,Chất liệu vải màng,42,42,2,2,57.1,Chất liệu vải màng: 24; 膜布材质: 18
彩泥颜色数,Số lượng màu đất sét màu,42,42,5,4,52.4,Số lượng màu đất sét màu: 16; Số lượng màu đất nặn: 11; Số lượng màu của đất sét màu: 7; Số lượng màu Đất sét màu: 6; Số màu của đất sét màu: 2
面料,面料,42,42,5,4,33.3,面料: 11; Chất liệu: 10; vải: 9; Chất liệu vải: 7; Vải: 5
场景,Cảnh,41,41,5,4,75.6,Cảnh: 26; 场景: 6; cảnh: 5; Bối cảnh: 3; Mẫu mã: 1
省份,Tỉnh,41,41,6,5,58.5,Tỉnh: 18; 省份: 13; tỉnh: 6; Mẫu mã: 2; Số tạp chí: 1; Dòng sản phẩm: 1
是否一次性,Có dùng một lần không,40,40,6,6,42.5,Có dùng một lần không: 17; Đây có phải là một lần sử dụng?: 16; Có phải một lần không?: 2; Có phải là một lần không?: 2; 是否一次性: 2; Có phải là sử dụng một lần?: 1
控制方式,Cách kiểm soát,39,39,6,5,38.5,Cách kiểm soát: 15; Phương pháp kiểm soát: 9; Cách điều khiển: 6; phương pháp kiểm soát: 5; 控制方式: 2; Phương pháp điều khiển: 2
摆放方式,Cách đặt,39,39,5,5,64.1,Cách đặt: 25; Phương pháp đặt hàng: 6; Phương pháp vị trí: 4; Phương pháp sắp xếp: 2; Phương pháp định vị: 2
香水座材质,Chất liệu đế nước hoa,39,39,3,3,69.2,Chất liệu đế nước hoa: 27; Chất liệu đựng nước hoa: 11; 香水座材质: 1
积木净重,Khối xây dựng khối lượng tịnh,39,39,5,4,46.2,Khối xây dựng khối lượng tịnh: 15; Trọng lượng tịnh của khối xếp hình: 12; Trọng lượng tịnh của khối xây dựng: 6; Khối xây dựng trọng lượng tịnh: 3; Khối xây dựng Khối lượng tịnh: 3
名称,Tên,39,39,3,2,71.8,Tên: 14; tên: 14; 名称: 11
香调,Hương thơm,39,39,2,2,71.8,Hương thơm: 28; Nước hoa: 11
积木粒(片）数,Số lượng khối xây dựng (mảnh),38,38,5,5,42.1,Số lượng khối xây dựng (mảnh): 16; Số lượng mảnh ghép (viên): 12; Số lượng mảnh ghép: 4; Số khối xây dựng (mảnh): 3; Số lượng khối xây dựng: 3
分类类型,Loại phân loại,38,38,2,2,94.7,Loại phân loại: 36; Kiểu phân loại: 2
主要成分,Thành phần chính,38,38,4,3,89.5,Thành phần chính: 31; Các thành phần chính của: 3; thành phần chính: 3; 主要成分: 1
产品型号,Mẫu sản phẩm,37,37,2,2,89.2,Mẫu sản phẩm: 33; 产品型号: 4
内衣内裤类别,Loại đồ lót quần lót,37,37,5,5,56.8,Loại đồ lót quần lót: 21; Danh mục đồ lót: 5; Danh mục đồ lót và đồ lót: 4; Danh mục đồ lót và quần lót: 4; Quần lót và danh mục đồ lót: 3
挥发时长,Thời gian bay hơi,37,37,1,1,100.0,Thời gian bay hơi: 37
产品认证类型,Loại chứng nhận sản phẩm,37,37,2,2,59.5,Loại chứng nhận sản phẩm: 22; 产品认证类型: 15
是否绿色食品,Có phải là thực phẩm xanh không,36,36,4,3,72.2,Có phải là thực phẩm xanh không: 19; Có Phải Là thực phẩm xanh không: 7; Đây có phải là thực phẩm xanh không?: 6; Đó có phải là thực phẩm xanh không?: 4
产品等级,Lớp sản phẩm,36,36,5,5,36.1,Lớp sản phẩm: 13; Cấp độ sản phẩm: 9; Cấp sản phẩm: 9; 产品等级: 3; Loại sản phẩm: 2
属性3,Thuộc tính 3,36,36,2,2,52.8,Thuộc tính 3: 19; 属性3: 17
是否中华老字号,Có phải là thương hiệu lâu đời của Trung Quốc,36,36,5,5,58.3,Có phải là thương hiệu lâu đời của Trung Quốc: 21; Đây có phải là một thương hiệu Trung Quốc lâu đời?: 5; Có phải là thương hiệu lâu đời của Trung Hoa không?: 5; Đây có phải là một thương hiệu lâu đời của Trung Quốc?: 4; Đây có phải là số nhân vật cũ của Trung Quốc không?: 1
长度,长度,35,35,3,2,85.7,长度: 30; Chiều dài: 3; chiều dài: 2
属性,属性,35,35,6,5,40.0,属性: 14; thuộc tính: 7; Thuộc tính: 5; tính chất: 4; tài sản: 3; đặc tính: 2
适合场地,Phù hợp với địa điểm,35,35,3,3,60.0,Phù hợp với địa điểm: 21; Địa điểm thích hợp: 7; Địa điểm phù hợp: 7
是否为有机食品,Có phải là thực phẩm hữu cơ không,35,35,4,3,77.1,Có phải là thực phẩm hữu cơ không: 21; Có phải là thực phẩm hữu cơ không?: 6; Đây có phải là thực phẩm hữu cơ không?: 5; Nó có phải là thực phẩm hữu cơ không?: 3
地理标志产品证书编号,Số giấy chứng nhận sản phẩm chỉ dẫn địa lý,35,35,6,6,60.0,Số giấy chứng nhận sản phẩm chỉ dẫn địa lý: 21; Số chứng nhận sản phẩm địa lý: 5; Số chứng nhận sản phẩm chỉ dẫn địa lý: 4; Số Chứng Nhận Sản Phẩm Chỉ Định Địa Lý: 3; 地理标志产品证书编号: 1; Số chứng chỉ sản phẩm logo địa lý: 1
是否清真食品,Có phải là thực phẩm Halal không,35,35,7,6,54.3,Có phải là thực phẩm Halal không: 16; Đó có phải là thực phẩm halal không?: 10; Có Phải Là thực phẩm Halal không: 3; Đây có phải là thực phẩm hợp pháp không?: 2; Đây có phải là thực phẩm halal không?: 2; Đó có phải là thức ăn halal không?: 1
充电接口类型,Loại giao diện sạc,35,35,2,2,91.4,Loại giao diện sạc: 32; 充电接口类型: 3
是否有盖,是否有盖,34,34,3,3,91.2,是否有盖: 31; Có nắp không: 2; Có bìa không?: 1
壁厚,壁厚,34,34,4,4,91.2,壁厚: 31; độ dày của tường: 1; Độ dày tường: 1; Độ dày thành: 1
多米诺类型,Loại Domino,34,34,4,3,41.2,Loại Domino: 14; Loại hình domino: 12; Kiểu Domino: 6; Loại hình Domino: 2
高度,高度,34,34,3,2,88.2,高度: 30; Chiều cao: 3; chiều cao: 1
外径,外径,33,33,3,2,90.9,外径: 30; Đường kính ngoài: 2; đường kính ngoài: 1
销售方式,销售方式,33,33,3,3,81.8,销售方式: 27; Cách bán hàng: 3; Phương thức bán hàng: 3
塑料品种,塑料品种,33,33,2,2,90.9,塑料品种: 30; Các loại nhựa: 3
内径,内径,33,33,3,3,90.9,内径: 30; Đường kính trong: 2; đường kính bên trong: 1
宽度,宽度,33,33,3,2,90.9,宽度: 30; Chiều rộng: 2; chiều rộng: 1
格数,Số ô,33,33,4,4,48.5,Số ô: 16; Số lượng ô lưới: 12; 格数: 3; Số lượng tế bào: 2
是否支持一件代发,Nó có hỗ trợ dropshipping không?,33,33,8,6,36.4,Nó có hỗ trợ dropshipping không?: 12; Có hỗ trợ giao hàng tận nơi không: 7; Có hỗ trợ dropshipping không?: 5; Có hỗ trợ dropshipping hay không: 4; Có hỗ trợ dropshipping không: 2; Có Hỗ trợ giao hàng tận nơi không: 1
是否量贩装,Có phải là hàng đóng gói số lượng lớn không,32,32,6,6,31.2,Có phải là hàng đóng gói số lượng lớn không: 10; Có nên bán số lượng lớn hay không: 7; Nó có sẵn với số lượng lớn không?: 6; Đây có phải là gói số lượng lớn không?: 4; Gói số lượng lớn?: 4; 是否量贩装: 1
规格型号,Model quy cách,32,32,4,4,46.9,Model quy cách: 15; Thông số kỹ thuật và mẫu mã: 7; Thông số kỹ thuật và mô hình: 5; Mô hình đặc điểm kỹ thuật: 5
是否静态模型,Có phải là mô hình tĩnh không,32,32,5,4,62.5,Có phải là mô hình tĩnh không: 17; Cho dù đó là mô hình tĩnh: 9; Có Phải Là mô hình tĩnh không: 3; 是否静态模型: 2; Cho dù mô hình tĩnh: 1
塑料积木类型,Loại khối xây dựng bằng nhựa,32,32,2,2,65.6,Loại khối xây dựng bằng nhựa: 21; Loại khối xếp hình nhựa: 11
日生产量,日生产量,32,32,3,3,90.6,日生产量: 29; Sản lượng hàng ngày: 2; Sản xuất hàng ngày: 1
铲具类型,Loại xẻng,31,31,2,2,61.3,Loại xẻng: 19; Loại dụng cụ xúc: 12
防水程度,Mức độ chống thấm nước,31,31,3,2,58.1,Mức độ chống thấm nước: 14; 防水程度: 13; Mức Độ chống thấm nước: 4
智能能力,Năng lực thông minh,31,31,3,3,80.6,Năng lực thông minh: 25; 智能能力: 5; Khả năng thông minh: 1
智能感知与远程升级,Cảm biến thông minh và nâng cấp từ xa,31,31,2,2,83.9,Cảm biến thông minh và nâng cấp từ xa: 26; 智能感知与远程升级: 5
生产企业,Công ty sản xuất,31,31,3,3,54.8,Công ty sản xuất: 17; Doanh nghiệp sản xuất: 10; Nhà sản xuất: 4
是否属于礼品,Có thuộc quà không,30,30,5,5,60.0,Có thuộc quà không: 18; Có phải là quà tặng không: 5; Cho dù đó là một món quà: 3; Đó có phải là một món quà?: 2; Đây có phải là một món quà?: 2
耳机输出音源,Nguồn âm thanh đầu ra tai nghe,30,30,4,4,70.0,Nguồn âm thanh đầu ra tai nghe: 21; Nguồn đầu ra tai nghe: 4; Nguồn âm thanh đầu ra của tai nghe: 4; 耳机输出音源: 1
可否印LOG,可否印LOG,30,30,1,1,100.0,可否印LOG: 30
适用场地,Địa điểm áp dụng,30,30,2,2,50.0,Địa điểm áp dụng: 15; Sân chơi phù hợp: 15
传输半径,传输半径,30,30,4,3,53.3,传输半径: 10; Bán kính truyền: 9; bán kính truyền: 7; Bán kính truyền tải: 4
专利号或版权登记证号,Số bằng sáng chế hoặc số đăng ký bản quyền,29,29,2,2,55.2,Số bằng sáng chế hoặc số đăng ký bản quyền: 16; Số bằng sáng chế hoặc số giấy chứng nhận đăng ký bản quyền: 13
是否无线耳机,Có phải tai nghe không dây không,29,29,7,6,55.2,Có phải tai nghe không dây không: 12; Tai nghe không dây có: 7; Có phải Tai nghe không dây không: 4; Dù là tai nghe không dây: 2; Cho dù tai nghe không dây: 2; Đó có phải là tai nghe không dây không?: 1
提拎类型,Kiểu mang,29,29,2,2,93.1,Kiểu mang: 27; Kiểu mang theo: 2
锁具配置,Cấu hình khóa,29,29,2,2,93.1,Cấu hình khóa: 27; 锁具配置: 2
表层材质,Chất liệu bề mặt,29,29,2,2,55.2,Chất liệu bề mặt: 16; Vật liệu bề mặt: 13
层数（规格）,Số lớp (thông số kỹ thuật),29,29,4,3,69.0,Số lớp (thông số kỹ thuật): 19; Số lớp (quy cách): 6; Số lớp (đặc điểm kỹ thuật): 3; Số lớp (Thông số kỹ thuật): 1
佩戴方式,Cách đeo,28,28,3,3,53.6,Cách đeo: 15; Phương pháp đeo: 10; Cách mặc: 3
外箱规格,Thông số kỹ thuật hộp bên ngoài,28,28,3,3,42.9,Thông số kỹ thuật hộp bên ngoài: 12; Kích thước thùng ngoài: 8; Thông số hộp bên ngoài: 8
商家编码,Mã doanh nghiệp,27,27,3,3,37.0,Mã doanh nghiệp: 10; 商家编码: 9; Mã thương gia: 8
数据存储容量,Dung lượng lưu trữ dữ liệu,27,27,3,3,81.5,Dung lượng lưu trữ dữ liệu: 22; 数据存储容量: 4; Khả năng lưu trữ dữ liệu: 1
插头直径,Đường kính phích cắm,27,27,2,1,100.0,Đường kính phích cắm: 25; Đường Kính phích cắm: 2
插头类型,Loại phích cắm,27,27,1,1,100.0,Loại phích cắm: 27
售后服务,Dịch vụ sau bán hàng,27,27,2,2,96.3,Dịch vụ sau bán hàng: 26; 售后服务: 1
香气,hương thơm,26,26,3,2,69.2,hương thơm: 9; Hương thơm: 9; 香气: 8
是否含模具,Nó có bao gồm nấm mốc không?,26,26,3,3,50.0,Nó có bao gồm nấm mốc không?: 13; Có kèm khuôn mẫu không: 11; Nó có chứa nấm mốc không?: 2
包装清单,Danh sách bao bì,26,26,5,4,50.0,Danh sách bao bì: 13; Danh sách gói hàng: 6; 包装清单: 3; Danh sách đóng gói: 3; danh sách đóng gói: 1
标准类型,loại tiêu chuẩn,26,26,2,1,100.0,loại tiêu chuẩn: 15; Loại tiêu chuẩn: 11
外贸出口认证,Chứng nhận xuất khẩu,26,26,3,3,50.0,Chứng nhận xuất khẩu: 13; Chứng nhận xuất khẩu ngoại thương: 11; 外贸出口认证: 2
有无麦克风,Có micro không,26,26,3,2,53.8,Có micro không: 13; Có hoặc không có micro: 12; Có micro không?: 1
科技,Công nghệ,26,26,2,1,100.0,Công nghệ: 22; công nghệ: 4
营养成分,Thành phần dinh dưỡng,25,25,5,4,80.0,Thành phần dinh dưỡng: 16; thành phần dinh dưỡng: 4; chất dinh dưỡng: 2; hàm lượng dinh dưỡng: 2; Thông tin dinh dưỡng: 1
去污能力,Khả năng khử nhiễm,25,25,3,3,72.0,Khả năng khử nhiễm: 18; Khả năng tẩy rửa: 5; 去污能力: 2
领型设计,Thiết kế cổ áo,25,25,2,2,96.0,Thiết kế cổ áo: 24; 领型设计: 1
箱规,箱规,25,25,5,5,44.0,箱规: 11; Kích thước hộp: 9; Máy đo hộp: 2; Quy định hộp: 2; Kích thước thùng: 1
包装选择及茶叶等级,Lựa chọn bao bì và loại trà,25,25,5,5,36.0,Lựa chọn bao bì và loại trà: 9; 包装选择及茶叶等级: 9; Tùy chọn đóng gói và loại trà: 5; Lựa chọn bao bì và cấp độ trà: 1; Mẫu mã: 1
适用人群类型,Loại đối tượng phù hợp,25,25,5,5,48.0,Loại đối tượng phù hợp: 12; Các loại người áp dụng: 5; Loại dân số áp dụng: 5; Loại hình đối tượng áp dụng: 2; Các loại dân số áp dụng: 1
产品厂家联系方式,Thông tin liên hệ của nhà sản xuất sản phẩm,24,24,3,3,79.2,Thông tin liên hệ của nhà sản xuất sản phẩm: 19; Thông tin liên hệ nhà sản xuất sản phẩm: 3; 产品厂家联系方式: 2
我们能为您提供什么,Chúng tôi có thể cung cấp cho bạn những gì,24,24,5,5,45.8,Chúng tôi có thể cung cấp cho bạn những gì: 11; 我们能为您提供什么: 8; Những gì chúng tôi có thể cung cấp cho bạn: 2; Chúng tôi có thể cung cấp cho quý khách những gì?: 2; Chúng tôi có thể cung cấp những gì cho bạn: 1
塑料材质分类,Phân loại vật liệu nhựa,24,24,2,2,50.0,Phân loại vật liệu nhựa: 12; Phân loại chất liệu nhựa: 12
是否支持代理加盟,Có hỗ trợ tham gia đại lý không,23,23,4,4,69.6,Có hỗ trợ tham gia đại lý không: 16; Có hỗ trợ nhượng quyền đại lý hay không: 4; Bạn có hỗ trợ đại lý không?: 2; Nó có hỗ trợ nhượng quyền đại lý không?: 1
声道,Kênh âm thanh,23,23,6,4,47.8,Kênh âm thanh: 7; Kênh: 6; 声道: 4; kênh âm thanh: 4; kênh: 1; giọng nói: 1
外形,外形,22,22,1,1,100.0,外形: 22
成分含量,Hàm lượng thành phần,22,22,3,3,50.0,Hàm lượng thành phần: 11; Thành phần: 10; 成分含量: 1
床品套件,Bộ chăn ga gối,22,22,4,3,54.5,Bộ chăn ga gối: 7; bộ đồ giường: 6; Bộ đồ giường: 6; bộ chăn ga gối đệm: 3
豆制品种类,Loại sản phẩm từ đậu nành,22,22,3,3,45.5,Loại sản phẩm từ đậu nành: 10; Các loại sản phẩm đậu nành: 9; Các loại sản phẩm từ đậu nành: 3
供货商,Nhà cung cấp,22,22,3,2,68.2,Nhà cung cấp: 9; 供货商: 7; nhà cung cấp: 6
频响范围,Dải tần số đáp ứng,21,21,4,4,57.1,Dải tần số đáp ứng: 12; Dải đáp ứng tần số: 6; Dải tần đáp ứng: 2; 频响范围: 1
支数,Số lượng,21,21,2,2,90.5,Số lượng: 19; 支数: 2
喇叭直径,Đường kính sừng,21,21,3,2,57.1,Đường kính sừng: 10; Đường kính loa: 9; Đường Kính sừng: 2
含糖种类,Loại có chứa đường,21,21,2,2,61.9,Loại có chứa đường: 13; Các loại đường: 8
耳塞/耳罩材质,Chất liệu nút tai/bịt tai,20,20,2,2,95.0,Chất liệu nút tai/bịt tai: 19; Chất liệu nút tai/cup tai: 1
适用身高,Chiều cao áp dụng,20,20,2,2,80.0,Chiều cao áp dụng: 16; 适用身高: 4
是否包跟,Có bao gồm gót chân không?,19,19,5,5,36.8,Có bao gồm gót chân không?: 7; Có quấn gót không: 6; Có nên theo dõi hay không: 3; Có bao gồm gót chân hay không: 2; Có nên theo dõi không: 1
货号3,货号3,19,19,2,2,57.9,货号3: 11; Mục số 3: 8
品类,Loại sản phẩm,19,19,4,3,52.6,Loại sản phẩm: 10; Chủng loại: 6; danh mục: 2; Danh mục: 1
适用床尺寸,Kích thước giường áp dụng,19,19,3,3,78.9,Kích thước giường áp dụng: 15; 适用床尺寸: 2; Kích thước giường phù hợp: 2
形状形态,hình dạng,19,19,1,1,100.0,hình dạng: 19
鞋跟高,Gót giày cao,19,19,3,3,52.6,Gót giày cao: 10; giày cao gót: 7; Cao gót giày: 2
包型,Loại túi,19,19,2,2,84.2,Loại túi: 16; 包型: 3
拖鞋种类,Các loại dép,19,19,2,2,73.7,Các loại dép: 14; Loại dép lê: 5
结构类型,Loại cấu trúc,19,19,1,1,100.0,Loại cấu trúc: 19
高度类型,Loại Chiều Cao,19,19,5,4,84.2,Loại Chiều Cao: 9; Loại chiều cao: 7; 高度类型: 1; Số tạp chí: 1; Mã hàng: 1
是否拼装,Có lắp ráp không,18,18,4,4,55.6,Có lắp ráp không: 10; Có nên lắp ráp hay không: 5; Có nên tập hợp hay không: 2; Có cần lắp ráp không: 1
市场价,Giá thị trường,18,18,1,1,100.0,Giá thị trường: 18
盖体材质,Chất liệu nắp đậy,18,18,2,2,94.4,Chất liệu nắp đậy: 17; Chất liệu bìa: 1
内部材质,Chất liệu bên trong,18,18,2,2,94.4,Chất liệu bên trong: 17; Vật liệu bên trong: 1
导线长度,Chiều dài dây,18,18,2,1,100.0,Chiều dài dây: 17; chiều dài dây: 1
置物架分类,Phân loại giá để đồ,18,18,5,4,55.6,Phân loại giá để đồ: 9; Phân loại kệ: 4; Phân loại kệ để đồ: 3; 置物架分类: 1; Phân loại Giá để đồ: 1
成套自动喂食,Trọn bộ cho ăn tự động,18,18,4,4,61.1,Trọn bộ cho ăn tự động: 11; Bộ cho ăn tự động hoàn chỉnh: 3; Bộ cấp liệu tự động hoàn chỉnh: 2; Bộ cấp thức ăn tự động: 2
是否带USB,Có USB không,18,18,4,4,38.9,Có USB không: 7; Có nên mang theo USB không: 5; Có kèm USB không: 4; Nó có USB không?: 2
耳机线材质,Chất liệu dây tai nghe,18,18,2,2,55.6,Chất liệu dây tai nghe: 10; Chất liệu cáp tai nghe: 8
是否含遥控,Có kèm điều khiển từ xa không?,17,17,4,3,70.6,Có kèm điều khiển từ xa không?: 7; Có kèm điều khiển từ xa không: 5; Nó có bao gồm điều khiển từ xa không?: 4; Nó có bao gồm điều khiển từ xa?: 1
内置胸垫,Miếng đệm ngực tích hợp,17,17,3,3,76.5,Miếng đệm ngực tích hợp: 13; 内置胸垫: 3; Tích hợp miếng đệm ngực: 1
分格设计,Thiết kế chia ngăn,17,17,4,4,41.2,Thiết kế chia ngăn: 7; Thiết kế phân khu: 6; Thiết kế lưới: 3; 分格设计: 1
是否手工,Có phải làm thủ công không?,17,17,2,2,94.1,Có phải làm thủ công không?: 16; Nó có phải được làm thủ công không?: 1
失真率,Tỷ lệ biến dạng,17,17,2,1,100.0,Tỷ lệ biến dạng: 16; tỷ lệ biến dạng: 1
动漫角色,Nhân vật anime,16,16,3,1,100.0,Nhân vật anime: 9; Nhân vật Anime: 4; nhân vật anime: 3
品名,Tên sản phẩm,16,16,2,2,62.5,Tên sản phẩm: 10; 品名: 6
功率,Công suất,16,16,5,4,50.0,Công suất: 8; Quyền lực: 4; 功率: 2; sức mạnh: 1; quyền lực: 1
口径大小,Kích thước cỡ nòng,16,16,5,5,43.8,Kích thước cỡ nòng: 7; 口径大小: 4; Kích thước đường kính miệng: 3; Mẫu mã: 1; Kích thước: 1
套装数量,Số lượng bộ,16,16,3,3,81.2,Số lượng bộ: 13; Đặt số lượng: 2; 套装数量: 1
关键词,từ khóa,15,15,3,2,66.7,từ khóa: 7; 关键词: 5; Từ khóa: 3
接口类型,Loại giao diện,15,15,1,1,100.0,Loại giao diện: 15
适用位置,Vị trí áp dụng,15,15,2,2,80.0,Vị trí áp dụng: 12; Vị trí sử dụng: 3
产品名称2,Tên sản phẩm 2,15,15,4,4,60.0,Tên sản phẩm 2: 9; 产品名称2: 4; Mẫu mã: 1; Thông số kỹ thuật: 1
安装类型,Kiểu cài đặt,15,15,3,3,46.7,Kiểu cài đặt: 7; Loại lắp đặt: 5; 安装类型: 3
是否有分隔,Có phân chia không,15,15,2,2,60.0,Có phân chia không: 9; Có sự tách biệt không?: 6
定制,Tùy chỉnh,14,14,6,5,50.0,Tùy chỉnh: 6; 定制: 4; tùy chỉnh: 1; được cá nhân hóa: 1; Mẫu mã: 1; Đặt làm: 1
功能特性,Tính năng và đặc điểm,14,14,3,3,50.0,Tính năng và đặc điểm: 7; Tính năng chức năng: 5; 功能特性: 2
被里材质,被里材质,14,14,4,4,57.1,被里材质: 8; Chất liệu chăn bông: 4; Chất liệu ruột chăn: 1; Chất liệu bên trong chăn: 1
造型设计,Thiết kế,14,14,3,3,57.1,Thiết kế: 8; thiết kế tạo kiểu: 3; Thiết kế kiểu dáng: 3
是否防水,Có chống thấm nước không,14,14,2,2,57.1,Có chống thấm nước không: 8; Nó có chống thấm nước không?: 6
平替品牌,Thương hiệu thay thế phẳng,14,14,5,4,42.9,Thương hiệu thay thế phẳng: 6; 平替品牌: 4; Thương hiệu phẳng: 2; thương hiệu thay thế: 1; Thương hiệu thay thế: 1
车模型比例,Tỷ lệ mô hình xe,14,14,4,3,71.4,Tỷ lệ mô hình xe: 10; Tỷ lệ mô hình xe hơi: 2; 车模型比例: 1; tỷ lệ mô hình xe hơi: 1
耳机材质,Chất liệu tai nghe,14,14,2,2,78.6,Chất liệu tai nghe: 11; 耳机材质: 3
面料次成分,Thành phần phụ của vải,14,14,3,3,50.0,Thành phần phụ của vải: 7; Thành phần phụ vải: 6; Các thành phần phụ của vải: 1
面料主成分,Thành phần chính của vải,14,14,2,2,57.1,Thành phần chính của vải: 8; Thành phần vải chính: 6
拼砌玩具类型,Loại đồ chơi xây dựng,14,14,3,3,50.0,Loại đồ chơi xây dựng: 7; Loại đồ chơi lắp ráp: 5; Các loại đồ chơi xây dựng: 2
套件数量,Số lượng bộ dụng cụ,13,13,3,2,84.6,Số lượng bộ dụng cụ: 10; Số lượng bộ: 2; Số lượng Bộ dụng cụ: 1
支持定制,Hỗ trợ tùy chỉnh,13,13,2,2,92.3,Hỗ trợ tùy chỉnh: 12; 支持定制: 1
结构特征,Đặc điểm cấu trúc,13,13,2,2,92.3,Đặc điểm cấu trúc: 12; 结构特征: 1
外观图案,Hoa văn ngoại hình,13,13,4,4,46.2,Hoa văn ngoại hình: 6; 外观图案: 5; Mẫu xuất hiện: 1; Mẫu ngoại hình: 1
有无中文标签,有无中文标签,13,13,2,2,53.8,有无中文标签: 7; Có nhãn Trung Quốc không: 6
弹性,Độ đàn hồi,13,13,2,1,100.0,Độ đàn hồi: 11; độ đàn hồi: 2
上衣款式,Kiểu áo,13,13,2,2,53.8,Kiểu áo: 7; Phong cách hàng đầu: 6
属性二,属性二,13,13,4,4,46.2,属性二: 6; Thuộc tính hai: 3; Thuộc tính 2: 3; Thuộc tính II: 1
销售单位换算比,Tỷ lệ chuyển đổi đơn vị bán hàng,13,13,3,3,69.2,Tỷ lệ chuyển đổi đơn vị bán hàng: 9; 销售单位换算比: 3; Tỷ lệ chuyển đổi đơn hàng bán hàng: 1
外底材料,Chất liệu đế ngoài,13,13,2,2,92.3,Chất liệu đế ngoài: 12; Vật liệu đế ngoài: 1
充电方式,Cách sạc,13,13,2,2,69.2,Cách sạc: 9; Phương pháp sạc: 4
产品名称1,Tên sản phẩm 1,13,13,3,3,61.5,Tên sản phẩm 1: 8; 产品名称1: 4; Dòng sản phẩm: 1
组装方式,Phương pháp lắp ráp,13,13,3,3,46.2,Phương pháp lắp ráp: 6; Cách lắp ráp: 6; 组装方式: 1
null,null,12,12,1,1,100.0,null: 12
是否可充电,Có sạc được không,12,12,3,3,50.0,Có sạc được không: 6; Nó có thể sạc lại được không?: 5; Có thể sạc lại được không?: 1
属性一,属性一,12,12,3,3,50.0,属性一: 6; Thuộc tính một: 4; Thuộc tính 1: 2
产品名,Tên sản phẩm,12,12,4,3,66.7,Tên sản phẩm: 7; 产品名: 3; tên sản phẩm: 1; Số tạp chí: 1
属性三,属性三,12,12,4,4,58.3,属性三: 7; Thuộc tính ba: 2; Thuộc tính 3: 2; Mẫu mã: 1
规格分类,Phân loại quy cách,12,12,3,2,75.0,Phân loại quy cách: 6; 规格分类: 3; Phân loại Quy cách: 3
可装调料类型,Loại gia vị có thể đóng gói,12,12,2,2,75.0,Loại gia vị có thể đóng gói: 9; Các loại gia vị có thể đựng: 3
特点,đặc điểm,12,12,3,2,66.7,đặc điểm: 5; 特点: 4; Đặc điểm: 3
像素,Pixel,12,12,3,2,66.7,Pixel: 6; điểm ảnh: 4; pixel: 2
电源类型,Loại nguồn điện,12,12,1,1,100.0,Loại nguồn điện: 12
卖点2,Điểm bán hàng 2,11,11,3,3,54.5,Điểm bán hàng 2: 6; 卖点2: 4; Điểm nổi bật 2: 1
上衣袖长,Áo dài tay áo,11,11,2,2,63.6,Áo dài tay áo: 7; Chiều dài tay áo trên cùng: 4
直径,Đường kính,11,11,3,1,100.0,Đường kính: 6; đường kính: 3; Đường Kính: 2
卖点1,Điểm bán hàng 1,11,11,2,2,81.8,Điểm bán hàng 1: 9; 卖点1: 2
产品,sản phẩm,11,11,3,2,90.9,sản phẩm: 6; Sản phẩm: 4; 产品: 1
卖点3,Điểm bán hàng 3,11,11,2,2,72.7,Điểm bán hàng 3: 8; 卖点3: 3
床品风格,Phong cách chăn ga gối đệm,11,11,3,3,63.6,Phong cách chăn ga gối đệm: 7; Kiểu giường: 2; 床品风格: 2
刀尖角度,Góc mũi dao,11,11,4,3,54.5,Góc mũi dao: 6; Góc lưỡi dao: 2; Góc đầu dụng cụ: 2; góc lưỡi dao: 1
刀柄长,Chiều dài cán dao,11,11,3,3,54.5,Chiều dài cán dao: 6; Tay cầm dài: 3; Cán dao dài: 2
刀身材质,Chất liệu thân dao,11,11,2,2,54.5,Chất liệu thân dao: 6; Chất liệu lưỡi dao: 5
全刀长最大值,Chiều dài dao đầy đủ tối đa,11,11,3,3,54.5,Chiều dài dao đầy đủ tối đa: 6; Tổng chiều dài lưỡi tối đa: 3; Giá trị lớn nhất của chiều dài toàn bộ lưỡi dao: 2
适用送礼关系,Quan hệ quà tặng áp dụng,11,11,6,5,45.5,Quan hệ quà tặng áp dụng: 3; Quan hệ Quà Tặng áp dụng: 2; Phù hợp để tặng quà trong các mối quan hệ: 2; Mối quan hệ tặng quà áp dụng: 2; Thích hợp cho các mối quan hệ tặng quà: 1; Áp dụng cho các mối quan hệ tặng quà: 1
帮面材质,Chất liệu thân giày,11,11,3,3,72.7,Chất liệu thân giày: 8; Chất liệu trên: 2; Giúp vật liệu bề mặt: 1
中底材料,Chất liệu đế giữa,11,11,2,2,90.9,Chất liệu đế giữa: 10; Vật liệu đế giữa: 1
适用节日,Lễ hội áp dụng,11,11,4,4,45.5,Lễ hội áp dụng: 5; Ngày lễ áp dụng: 3; Phù hợp cho các dịp lễ: 2; Các ngày lễ áp dụng: 1
防晒指数,Chỉ số chống nắng,11,11,1,1,100.0,Chỉ số chống nắng: 11
版本,Phiên bản,11,11,2,2,90.9,Phiên bản: 10; 版本: 1
适用床型,Loại giường phù hợp,11,11,4,4,63.6,Loại giường phù hợp: 7; Loại giường áp dụng: 2; 适用床型: 1; Thông số kỹ thuật: 1
刃长,Chiều dài lưỡi,11,11,2,2,72.7,Chiều dài lưỡi: 8; Chiều dài lưỡi dao: 3
适用手机机型,Các kiểu điện thoại di động áp dụng,10,10,3,3,50.0,Các kiểu điện thoại di động áp dụng: 5; Các mẫu điện thoại di động áp dụng: 4; 适用手机机型: 1
食品生产许可证编号,Số giấy phép sản xuất thực phẩm,10,10,3,3,60.0,Số giấy phép sản xuất thực phẩm: 6; 食品生产许可证编号: 3; Mẫu mã: 1
统一换算单位,Đơn vị chuyển đổi thống nhất,10,10,2,2,90.0,Đơn vị chuyển đổi thống nhất: 9; 统一换算单位: 1
送礼用途,Công dụng tặng quà,10,10,3,3,50.0,Công dụng tặng quà: 5; Mục đích tặng quà: 3; Dùng để tặng quà: 2
区域,Khu vực,10,10,3,2,60.0,Khu vực: 4; 区域: 4; khu vực: 2
原料产地及类型选择,Nguồn gốc nguyên liệu và lựa chọn loại,10,10,4,4,70.0,Nguồn gốc nguyên liệu và lựa chọn loại: 7; Mẫu mã: 1; Lựa chọn nguồn gốc và loại nguyên liệu.: 1; Xuất xứ và lựa chọn loại nguyên liệu: 1
奶瓶是否带柄,Chai có tay cầm không?,10,10,5,5,30.0,Chai có tay cầm không?: 3; 奶瓶是否带柄: 3; Bình sữa có tay cầm không: 2; Bình có tay cầm không?: 1; Thông số kỹ thuật: 1
适用场合,Phù hợp với các dịp,10,10,3,3,40.0,Phù hợp với các dịp: 4; Các dịp áp dụng: 3; Những dịp áp dụng: 3
箱体结构,箱体结构,10,10,2,2,50.0,箱体结构: 5; Cấu trúc hộp: 5
包装结构,Cấu trúc bao bì,10,10,2,2,60.0,Cấu trúc bao bì: 6; 包装结构: 4
配件种类,Loại phụ kiện,10,10,3,3,50.0,Loại phụ kiện: 5; 配件种类: 3; Các loại phụ kiện: 2
适用,Áp dụng,10,10,2,2,70.0,Áp dụng: 7; 适用: 3
面料质地,Kết cấu vải,10,10,2,2,60.0,Kết cấu vải: 6; 面料质地: 4
款式工艺,Công nghệ kiểu dáng,10,10,5,5,50.0,Công nghệ kiểu dáng: 5; Phong cách thủ công: 2; 款式工艺: 1; Phong cách & Tay nghề: 1; Phong cách và sự khéo léo: 1
安装方式·,Phương pháp cài đặt ·,9,9,2,2,88.9,Phương pháp cài đặt ·: 8; Phương pháp cài đặt: 1
类型2,类型2,9,9,2,2,55.6,类型2: 5; Loại 2: 4
套餐类型,Loại gói,9,9,1,1,100.0,Loại gói: 9
画面视角,Góc nhìn màn hình,9,9,3,3,66.7,Góc nhìn màn hình: 6; 画面视角: 2; Góc nhìn hình ảnh: 1
适用纸巾,Giấy ăn dùng được,9,9,3,3,44.4,Giấy ăn dùng được: 4; Thích hợp cho khăn giấy: 3; Khăn giấy thích hợp: 2
产品规格1,Thông số kỹ thuật sản phẩm 1,9,9,2,2,88.9,Thông số kỹ thuật sản phẩm 1: 8; Thông số kỹ thuật sản phẩm1: 1
面料次成分含量,Hàm lượng thành phần phụ của vải,9,9,4,4,44.4,Hàm lượng thành phần phụ của vải: 4; Hàm lượng thành phần phụ vải: 3; Hàm lượng thành phần vải: 1; Nội dung thành phần phụ của vải: 1
车型品牌,Thương hiệu mô hình,9,9,4,4,33.3,Thương hiệu mô hình: 3; Thương hiệu xe hơi: 2; Thương hiệu xe: 2; Thương hiệu mẫu xe: 2
适合肤质,Phù hợp với loại da,9,9,1,1,100.0,Phù hợp với loại da: 9
产品应用01,Ứng dụng sản phẩm 01,9,9,2,2,88.9,Ứng dụng sản phẩm 01: 8; 产品应用01: 1
有机食品,Thực phẩm hữu cơ,9,9,2,2,77.8,Thực phẩm hữu cơ: 7; 有机食品: 2
气味,mùi,9,9,3,2,77.8,mùi: 6; 气味: 2; Mùi: 1
供货服务优势,Ưu điểm của dịch vụ cung cấp,9,9,2,2,77.8,Ưu điểm của dịch vụ cung cấp: 7; 供货服务优势: 2
结构造型,Cấu trúc và hình dạng,9,9,2,2,55.6,Cấu trúc và hình dạng: 5; Mô hình hóa cấu trúc: 4
床品适用,Dùng cho chăn ga gối đệm,9,9,5,5,44.4,Dùng cho chăn ga gối đệm: 4; 床品适用: 2; Thích hợp làm chăn ga gối đệm: 1; Thích hợp làm giường ngủ: 1; Thích hợp làm ga trải giường: 1
微波炉,Lò vi sóng,8,8,1,1,100.0,Lò vi sóng: 8
比例,tỷ lệ,8,8,3,2,75.0,tỷ lệ: 4; Tỷ lệ: 2; Tỉ lệ: 2
款式风格材质,"Phong cách, thiết kế và chất liệu",8,8,2,2,87.5,"Phong cách, thiết kế và chất liệu: 7; 款式风格材质: 1"
药（械）准字,Tiêu chuẩn y học (thiết bị),8,8,5,4,62.5,Tiêu chuẩn y học (thiết bị): 3; Tiêu chuẩn Y Học (thiết bị): 2; Thuốc (thiết bị) được phê duyệt: 1; Lệnh phê duyệt thuốc (thiết bị): 1; Phê duyệt thuốc (thiết bị): 1
使用寿命,Tuổi thọ sử dụng,8,8,1,1,100.0,Tuổi thọ sử dụng: 8
产品名称3,Tên sản phẩm 3,8,8,2,2,75.0,Tên sản phẩm 3: 6; 产品名称3: 2
原料成分,Thành phần nguyên liệu,8,8,3,3,62.5,Thành phần nguyên liệu: 5; 原料成分: 2; Nguyên liệu thô: 1
可折叠性,Khả năng gập lại,8,8,2,2,75.0,Khả năng gập lại: 6; 可折叠性: 2
类型1,Loại 1,8,8,2,2,50.0,Loại 1: 4; 类型1: 4
造型,Tạo hình,8,8,4,4,50.0,Tạo hình: 4; 造型: 2; tạo kiểu: 1; hình dạng: 1
面膜纸类别,Loại giấy mặt nạ,8,8,1,1,100.0,Loại giấy mặt nạ: 8
保护套质地,Kết cấu vỏ bảo vệ,8,8,1,1,100.0,Kết cấu vỏ bảo vệ: 8
是否保温,Có giữ nhiệt không,8,8,1,1,100.0,Có giữ nhiệt không: 8
主体形状,Hình dáng cơ thể chính,8,8,2,2,75.0,Hình dáng cơ thể chính: 6; Hình dạng chính: 2
显示屏,Màn hình hiển thị,8,8,4,3,75.0,Màn hình hiển thị: 5; hiển thị: 1; 显示屏: 1; màn hình hiển thị: 1
盒子层数,Số lớp hộp,8,8,1,1,100.0,Số lớp hộp: 8
装饰元素,Yếu tố trang trí,8,8,3,2,87.5,Yếu tố trang trí: 6; phần tử trang trí: 1; yếu tố trang trí: 1
功能场景人群,Đối tượng mục tiêu kịch bản chức năng,8,8,3,3,50.0,Đối tượng mục tiêu kịch bản chức năng: 4; Kịch bản chức năng & Đối tượng mục tiêu: 3; 功能场景人群: 1
弹药类型,Loại đạn dược,8,8,2,2,87.5,Loại đạn dược: 7; 弹药类型: 1
是否开刃,Có nên mài sắc hay không,8,8,3,3,62.5,Có nên mài sắc hay không: 5; Có mài sắc không: 2; Có nên mài giũa hay không?: 1
产品应用,Ứng dụng sản phẩm,7,7,1,1,100.0,Ứng dụng sản phẩm: 7
转化率,tỷ lệ chuyển đổi,7,7,2,1,100.0,tỷ lệ chuyển đổi: 4; Tỷ lệ chuyển đổi: 3
食品接触安全等级,Cấp độ an toàn tiếp xúc thực phẩm,7,7,2,2,71.4,Cấp độ an toàn tiếp xúc thực phẩm: 5; Mức độ an toàn khi tiếp xúc với thực phẩm: 2
视频信号,Tín hiệu video,7,7,3,2,85.7,Tín hiệu video: 5; tín hiệu video: 1; 视频信号: 1
双肩包,双肩包,7,7,3,2,57.1,双肩包: 3; ba lô: 2; Ba lô: 2
保暖性能,Khả năng giữ ấm,7,7,1,1,100.0,Khả năng giữ ấm: 7
生产周期,Chu kỳ sản xuất,7,7,3,2,85.7,Chu kỳ sản xuất: 3; chu kỳ sản xuất: 3; 生产周期: 1
有无内胆,Có hoặc không có lớp lót,7,7,2,2,71.4,Có hoặc không có lớp lót: 5; Có lót trong không: 2
适合车型,Thích hợp cho các mẫu xe,7,7,2,2,71.4,Thích hợp cho các mẫu xe: 5; Thích hợp cho các mẫu xe ô tô: 2
是否带调料,Có kèm gia vị không,7,7,3,2,71.4,Có kèm gia vị không: 3; Nó có đi kèm với gia vị không?: 2; Có kèm gia vị không?: 2
供货方式,Phương thức cung cấp,7,7,1,1,100.0,Phương thức cung cấp: 7
填充材质,Chất liệu làm đầy,7,7,4,3,42.9,Chất liệu làm đầy: 3; Vật liệu làm đầy: 2; 填充材质: 1; vật liệu làm đầy: 1
是否套装,Có nên thiết lập hay không,7,7,2,2,71.4,Có nên thiết lập hay không: 5; Có bộ không: 2
拉链,dây kéo,7,7,3,3,71.4,dây kéo: 5; Khóa kéo: 1; 拉链: 1
产品质感,Chất lượng sản phẩm,7,7,3,3,57.1,Chất lượng sản phẩm: 4; Kết cấu sản phẩm: 2; 产品质感: 1
生产品类,Danh mục sản phẩm,6,6,2,2,66.7,Danh mục sản phẩm: 4; Chủng loại sản xuất: 2
222,222,6,6,1,1,100.0,222: 6
绿色食品,Thực phẩm xanh,6,6,3,2,66.7,Thực phẩm xanh: 3; 绿色食品: 2; thực phẩm xanh: 1
服装口袋样式,Kiểu túi quần áo,6,6,3,3,50.0,Kiểu túi quần áo: 3; Phong cách túi quần áo: 2; Kiểu túi may mặc: 1
统一单位换算,Chuyển đổi đơn vị thống nhất,6,6,2,2,83.3,Chuyển đổi đơn vị thống nhất: 5; 统一单位换算: 1
物理形态,hình thức vật lý,6,6,3,3,66.7,hình thức vật lý: 4; dạng vật lý: 1; 物理形态: 1
压缩性能,Hiệu suất nén,6,6,3,3,66.7,Hiệu suất nén: 4; 压缩性能: 1; Khả năng nén: 1
食品生产许可证号,食品生产许可证号,6,6,2,2,83.3,食品生产许可证号: 5; Số giấy phép sản xuất thực phẩm: 1
饮水方式,Cách uống nước,6,6,3,3,66.7,Cách uống nước: 4; 饮水方式: 1; Phương pháp uống: 1
产品重量,Trọng lượng sản phẩm,6,6,2,2,83.3,Trọng lượng sản phẩm: 5; Trọng lượng của sản phẩm: 1
里料成分,Thành phần lót,6,6,2,2,83.3,Thành phần lót: 5; Thành phần lớp lót: 1
可可脂/可可含量,Hàm lượng bơ ca cao/ca cao,6,6,1,1,100.0,Hàm lượng bơ ca cao/ca cao: 6
面料主成分含量,Hàm lượng thành phần chính của vải,6,6,4,4,50.0,Hàm lượng thành phần chính của vải: 3; Thành phần chính của vải: 1; Thành phần vải chính: 1; Nội dung thành phần chính của vải: 1
袖型设计,Thiết kế tay áo,6,6,1,1,100.0,Thiết kế tay áo: 6
季节,Mùa,6,6,3,2,83.3,Mùa: 4; mùa: 1; 季节: 1
是否支持分销,Có hỗ trợ phân phối không,6,6,3,3,50.0,Có hỗ trợ phân phối không: 3; Có hỗ trợ phân phối hay không: 2; 是否支持分销: 1
套装款式,Kiểu bộ đồ,6,6,3,3,50.0,Kiểu bộ đồ: 3; Kiểu dáng bộ đồ: 2; Phong cách phù hợp: 1
是否为进口,Cho dù nó được nhập khẩu,6,6,4,4,33.3,Cho dù nó được nhập khẩu: 2; Nó có phải được nhập khẩu không?: 2; Liệu nó có được nhập khẩu hay không: 1; Có phải là hàng nhập khẩu: 1
耳机类型,Loại tai nghe,6,6,2,2,83.3,Loại tai nghe: 5; 耳机类型: 1
女包工厂,xưởng túi xách nữ,6,6,2,2,50.0,xưởng túi xách nữ: 3; 女包工厂: 3
装箱数,装箱数,6,6,4,4,33.3,装箱数: 2; Số lượng hộp: 2; Số lượng đóng thùng: 1; Số lượng đóng gói: 1
充电功能,Chức năng sạc,6,6,2,2,83.3,Chức năng sạc: 5; 充电功能: 1
腿围,Vòng bắp chân,6,6,1,1,100.0,Vòng bắp chân: 6
售卖平台,Nền tảng bán hàng,6,6,1,1,100.0,Nền tảng bán hàng: 6
产品资质,Trình độ sản phẩm,5,5,3,3,60.0,Trình độ sản phẩm: 3; 产品资质: 1; Chứng nhận sản phẩm: 1
干茶,trà khô,5,5,3,2,80.0,trà khô: 2; Trà khô: 2; 干茶: 1
适用类型,Loại áp dụng,5,5,2,2,80.0,Loại áp dụng: 4; Loại hình áp dụng: 1
里料成分含量,Hàm lượng thành phần lót,5,5,3,3,40.0,Hàm lượng thành phần lót: 2; Thành phần lót bên trong: 2; Hàm lượng thành phần lớp lót: 1
适用品牌,Thương hiệu áp dụng,5,5,1,1,100.0,Thương hiệu áp dụng: 5
服务,服务,5,5,3,2,60.0,服务: 2; Dịch vụ: 2; dịch vụ: 1
密度,mật độ,5,5,3,2,80.0,mật độ: 3; 密度: 1; Mật độ: 1
时尚男鞋,Giày nam thời trang,5,5,3,3,60.0,Giày nam thời trang: 3; 时尚男鞋: 1; Số tạp chí: 1
定制服务,定制服务,5,5,2,2,60.0,定制服务: 3; Dịch vụ tùy chỉnh: 2
误差,Lỗi,5,5,2,2,60.0,Lỗi: 3; 误差: 2
表面纹理,Kết cấu bề mặt,5,5,2,1,100.0,Kết cấu bề mặt: 3; kết cấu bề mặt: 2
条形码,mã vạch,5,5,3,2,60.0,mã vạch: 2; 条形码: 2; Mã vạch: 1
箱包外袋种类,Loại túi bên ngoài hành lý,5,5,3,3,40.0,Loại túi bên ngoài hành lý: 2; Các loại túi đựng hành lý bên ngoài: 2; Các loại túi đựng hành lý: 1
大小,Kích thước,5,5,2,2,60.0,Kích thước: 3; kích cỡ: 2
打样周期,Chu kỳ kiểm chứng,5,5,4,4,40.0,Chu kỳ kiểm chứng: 2; Thời gian kiểm chứng: 1; Chu kỳ kiểm tra: 1; Chu kỳ kiểm duyệt: 1
是否为预包装食品,Đó có phải là thực phẩm đóng gói sẵn không?,5,5,3,3,60.0,Đó có phải là thực phẩm đóng gói sẵn không?: 3; Có phải là thực phẩm đóng gói sẵn không: 1; Có phải là thực phẩm đã được đóng gói sẵn không?: 1
廓形,廓形,5,5,3,2,60.0,廓形: 3; Hình bóng: 1; hình bóng: 1
面料材质,Chất liệu vải,5,5,3,3,60.0,Chất liệu vải: 3; 面料材质: 1; Mẫu mã: 1
裙摆样式,Kiểu váy,5,5,2,2,80.0,Kiểu váy: 4; Kiểu dáng tà váy: 1
加工类型,Loại hình xử lý,5,5,3,3,40.0,Loại hình xử lý: 2; Loại xử lý: 2; Loại hình gia công: 1
镜头,Ống kính,5,5,3,2,80.0,Ống kính: 2; ống kính: 2; 镜头: 1
是否有背部缓冲棉,Có bông đệm lưng không,5,5,2,2,80.0,Có bông đệm lưng không: 4; Có bông đệm ở mặt sau không?: 1
采摘季节,采摘季节,5,5,3,3,40.0,采摘季节: 2; mùa thu hoạch: 2; Mùa hái: 1
盒身材质,Chất liệu hộp,5,5,2,2,60.0,Chất liệu hộp: 3; Chất liệu vỏ hộp: 2
111,111,5,5,1,1,100.0,111: 5
只换不修,Chỉ thay đổi mà không sửa chữa,5,5,3,3,60.0,"Chỉ thay đổi mà không sửa chữa: 3; Chỉ thay thế chứ không sửa chữa: 1; Chỉ thay thế, không sửa chữa: 1"
裙类别,Danh mục váy,5,5,3,2,60.0,Danh mục váy: 2; loại váy: 2; Loại váy: 1
面膜分类,面膜分类,5,5,3,3,40.0,面膜分类: 2; Phân loại mặt nạ dưỡng da: 2; Phân loại mặt nạ: 1
品质,品质,5,5,3,2,60.0,品质: 2; Chất lượng: 2; chất lượng: 1
属性词,Động từ,5,5,2,2,80.0,Động từ: 4; 属性词: 1
灵敏度,Độ nhạy,5,5,3,3,40.0,Độ nhạy: 2; 灵敏度: 2; độ nhạy cảm: 1
数量,数量,5,5,3,3,40.0,数量: 2; số tiền: 2; Số lượng: 1
巧克力形状,hình dạng sô cô la,5,5,1,1,100.0,hình dạng sô cô la: 5
产品装箱,Đóng gói sản phẩm,5,5,2,2,80.0,Đóng gói sản phẩm: 4; 产品装箱: 1
可拆卸性,Khả năng tháo rời,5,5,2,2,60.0,Khả năng tháo rời: 3; 可拆卸性: 2
阻抗,Trở kháng,5,5,3,2,60.0,Trở kháng: 2; 阻抗: 2; trở kháng: 1
方案,kế hoạch,5,5,2,2,80.0,kế hoạch: 4; 方案: 1
跨境资质可做,Có thể làm bằng cấp xuyên biên giới,5,5,3,3,60.0,Có thể làm bằng cấp xuyên biên giới: 3; 跨境资质可做: 1; Có thể thực hiện các yêu cầu về năng lực xuyên biên giới.: 1
生产,Sản xuất,5,5,2,2,60.0,Sản xuất: 3; 生产: 2
承重性能,Khả năng chịu tải,4,4,2,2,75.0,Khả năng chịu tải: 3; Hiệu suất chịu tải: 1
一件代发,Giao hàng tận nơi,4,4,3,3,50.0,Giao hàng tận nơi: 2; 一件代发: 1; Dropshipping: 1
地方风味,Hương vị địa phương,4,4,2,1,100.0,Hương vị địa phương: 2; hương vị địa phương: 2
茶叶种类,Các loại trà,4,4,1,1,100.0,Các loại trà: 4
图案LOG0打印,In LOGO theo mẫu,4,4,3,3,50.0,In LOGO theo mẫu: 2; In mẫu LOG0: 1; 图案LOG0打印: 1
气压流量,Áp suất không khí lưu lượng,4,4,1,1,100.0,Áp suất không khí lưu lượng: 4
食品接触安全认证,Chứng nhận an toàn tiếp xúc thực phẩm,4,4,2,2,50.0,Chứng nhận an toàn tiếp xúc thực phẩm: 2; Chứng nhận an toàn tiếp xúc với thực phẩm: 2
一件代发/密文,Dropshipping/Mã hóa,4,4,2,2,50.0,Dropshipping/Mã hóa: 2; 一件代发/密文: 2
待机时间,Thời gian chờ,4,4,2,2,75.0,Thời gian chờ: 3; 待机时间: 1
首饰盒,Thông số kỹ thuật,4,4,4,4,25.0,Thông số kỹ thuật: 1; Hộp trang sức: 1; Hộp đựng trang sức: 1; hộp đựng đồ trang sức: 1
装箱,Đóng gói,4,4,3,2,75.0,Đóng gói: 2; đóng gói: 1; 装箱: 1
材质属性,Thuộc tính vật liệu,4,4,2,2,50.0,Thuộc tính vật liệu: 2; Tính chất vật liệu: 2
条码,mã vạch,4,4,2,2,75.0,mã vạch: 3; 条码: 1
适用人群场景,Các tình huống đối tượng mục tiêu áp dụng,4,4,1,1,100.0,Các tình huống đối tượng mục tiêu áp dụng: 4
材质说明,Mô tả chất liệu,4,4,2,2,75.0,Mô tả chất liệu: 3; Mô tả vật liệu: 1
精准词,精准词,4,4,2,2,75.0,精准词: 3; những từ chính xác: 1
语言,Ngôn ngữ,4,4,2,2,75.0,Ngôn ngữ: 3; 语言: 1
语言支持,hỗ trợ ngôn ngữ,4,4,1,1,100.0,hỗ trợ ngôn ngữ: 4
内部结构,Cấu trúc bên trong,4,4,2,1,100.0,Cấu trúc bên trong: 2; cấu trúc bên trong: 2
类目,Danh mục,4,4,3,2,75.0,Danh mục: 2; danh mục: 1; chủng loại: 1
相似,tương tự,4,4,2,1,100.0,tương tự: 2; Tương tự: 2
球类玩具类型,Các loại đồ chơi bóng,4,4,3,3,50.0,Các loại đồ chơi bóng: 2; Các loại đồ chơi hình quả bóng: 1; 球类玩具类型: 1
起球性能,Khả năng chống xù lông,4,4,2,2,75.0,Khả năng chống xù lông: 3; 起球性能: 1
持续工作时长,Thời lượng làm việc liên tục,4,4,1,1,100.0,Thời lượng làm việc liên tục: 4
普洱生产工艺,Công nghệ sản xuất Pu'er,4,4,3,3,50.0,Công nghệ sản xuất Pu'er: 2; 普洱生产工艺: 1; Quy trình sản xuất trà Phổ Nhĩ: 1
直播货源,Cung cấp trực tiếp,4,4,2,2,75.0,Cung cấp trực tiếp: 3; 直播货源: 1
适用人群类别,Nhóm đối tượng áp dụng,4,4,4,4,25.0,Nhóm đối tượng áp dụng: 1; Loại dân số áp dụng: 1; Danh mục đám đông áp dụng: 1; Đối tượng áp dụng: 1
商品材质,商品材质,4,4,2,2,75.0,商品材质: 3; Chất liệu sản phẩm: 1
产品尺寸,Kích thước sản phẩm,4,4,2,2,75.0,Kích thước sản phẩm: 3; 产品尺寸: 1
产品应用02,Ứng dụng sản phẩm 02,4,4,2,2,75.0,Ứng dụng sản phẩm 02: 3; 产品应用02: 1
水袋兼容性,Khả năng tương thích của bàng quang hydrat hóa,4,4,2,2,50.0,Khả năng tương thích của bàng quang hydrat hóa: 2; 水袋兼容性: 2
膜布特性,Đặc tính vải màng,4,4,2,2,75.0,Đặc tính vải màng: 3; 膜布特性: 1
汤色,汤色,4,4,2,2,50.0,汤色: 2; Màu súp: 2
产品属性,Thuộc tính sản phẩm,4,4,2,2,75.0,Thuộc tính sản phẩm: 3; 产品属性: 1
充气速度,Tốc độ bơm hơi,4,4,1,1,100.0,Tốc độ bơm hơi: 4
充气管长,Chiều dài ống nạp,4,4,1,1,100.0,Chiều dài ống nạp: 4
分辨率,bản độ phân giải,4,4,4,4,25.0,bản độ phân giải: 1; giải pháp: 1; độ phân giải: 1; bản nghị: 1
单件净重,Trọng lượng tịnh của một mảnh,4,4,3,3,50.0,Trọng lượng tịnh của một mảnh: 2; 单件净重: 1; Trọng lượng tịnh đơn: 1
主要销往国家和地区,Các quốc gia và khu vực bán hàng chính,4,4,1,1,100.0,Các quốc gia và khu vực bán hàng chính: 4
显示类型,Loại hiển thị,4,4,1,1,100.0,Loại hiển thị: 4
夜视,夜视,4,4,3,2,50.0,夜视: 2; tầm nhìn ban đêm: 1; Tầm nhìn ban đêm: 1
口袋样式,kiểu túi,4,4,3,3,50.0,kiểu túi: 2; Phong cách bỏ túi: 1; Phong cách túi: 1
提拎部件,Bộ phận mang,4,4,2,2,50.0,Bộ phận mang: 2; Bộ phận nâng: 2
年龄,tuổi,4,4,3,3,50.0,tuổi: 2; Tuổi tác: 1; độ tuổi: 1
鞋类类型,Loại giày,4,4,1,1,100.0,Loại giày: 4
背包,ba lô,4,4,2,1,100.0,ba lô: 3; Ba lô: 1
代发平台,Nền tảng dropshipping,4,4,3,3,50.0,Nền tảng dropshipping: 2; 代发平台: 1; Nền tảng giao hàng: 1
人群,đám đông,4,4,2,1,100.0,đám đông: 3; Đám đông: 1
是否现货,Có hàng không?,4,4,4,3,50.0,Có hàng không?: 1; Nó có trong kho không?: 1; Có hàng không: 1; Có hàng sẵn không: 1
包装层次,Bao bì lớp,4,4,2,2,75.0,Bao bì lớp: 3; Mức độ đóng gói: 1
关键词1,Từ khóa 1,4,4,2,2,50.0,Từ khóa 1: 2; 关键词1: 2
关键词-3,Từ khóa-3,4,4,1,1,100.0,Từ khóa-3: 4
关键词3,Từ khóa 3,4,4,2,2,50.0,Từ khóa 3: 2; 关键词3: 2
关键词2,Từ khóa 2,4,4,2,2,50.0,Từ khóa 2: 2; 关键词2: 2
体积,体积,4,4,2,2,50.0,体积: 2; Khối lượng: 2
电流,Dòng điện,4,4,1,1,100.0,Dòng điện: 4
电源型式,Loại nguồn điện,4,4,1,1,100.0,Loại nguồn điện: 4
货号4,货号4,4,4,2,2,75.0,货号4: 3; Mục số 4: 1
主要出口国家和地区,Các quốc gia và khu vực xuất khẩu chính,4,4,1,1,100.0,Các quốc gia và khu vực xuất khẩu chính: 4
别名,Tên khác,4,4,3,3,50.0,Tên khác: 2; Biệt danh: 1; Bí danh: 1
是否带帽子,是否带帽子,4,4,2,2,50.0,是否带帽子: 2; Có đội mũ hay không: 2
电源线长,Dây nguồn dài,4,4,1,1,100.0,Dây nguồn dài: 4
关键词-1,Từ khóa-1,4,4,2,2,75.0,Từ khóa-1: 3; 关键词-1: 1
加绒类型,Loại lót lông,4,4,2,2,75.0,Loại lót lông: 3; 加绒类型: 1
关键词-2,Từ khóa-2,4,4,2,2,50.0,Từ khóa-2: 2; 关键词-2: 2
定型性能,Định hình hiệu suất,4,4,2,2,50.0,Định hình hiệu suất: 2; 定型性能: 2
执行标准,执行标准,4,4,2,2,50.0,执行标准: 2; Tiêu chuẩn thực thi: 2
面料厚薄（克重）,Độ dày vải (trọng lượng gram),4,4,2,2,75.0,Độ dày vải (trọng lượng gram): 3; Độ dày vải (trọng lượng gam): 1
OEM/OEM定制,Tùy chỉnh OEM/OEM,4,4,2,2,50.0,Tùy chỉnh OEM/OEM: 2; OEM/OEM定制: 2
是否出口,Có xuất khẩu không,4,4,2,2,75.0,Có xuất khẩu không: 3; Có nên xuất khẩu hay không: 1
是否含有代可可脂,Nó có chứa chất thay thế bơ ca cao không?,4,4,1,1,100.0,Nó có chứa chất thay thế bơ ca cao không?: 4
安全认证,Chứng nhận an toàn,4,4,2,2,50.0,Chứng nhận an toàn: 2; chứng nhận bảo mật: 2
内衣质地,内衣质地,4,4,3,3,50.0,内衣质地: 2; Kết cấu đồ lót: 1; Chất liệu đồ lót: 1
衣门襟,Túi quần áo,4,4,4,4,25.0,Túi quần áo: 1; 衣门襟: 1; Mã hàng: 1; Vạt áo: 1
02,02,3,3,1,1,100.0,02: 3
01,01,3,3,1,1,100.0,01: 3
表面特性,Đặc điểm bề mặt,3,3,2,2,66.7,Đặc điểm bề mặt: 2; Đặc tính bề mặt: 1
手感,cảm giác,3,3,3,3,33.3,cảm giác: 1; 手感: 1; Cảm giác cầm nắm: 1
降噪程度,Mức độ giảm tiếng ồn,3,3,2,2,66.7,Mức độ giảm tiếng ồn: 2; 降噪程度: 1
是否带锁,Có kèm khóa không,3,3,2,2,66.7,Có kèm khóa không: 2; Cho dù có khóa: 1
孔型,孔型,3,3,2,2,66.7,孔型: 2; Loại lỗ: 1
妆效,Hiệu ứng trang điểm,3,3,1,1,100.0,Hiệu ứng trang điểm: 3
镂空透气男鞋,Mẫu mã,3,3,3,3,33.3,"Mẫu mã: 1; Giày nam thoáng khí, thiết kế khoét lỗ: 1; 镂空透气男鞋: 1"
下游供货平台,下游供货平台,3,3,2,2,66.7,下游供货平台: 2; Nền tảng cung ứng hạ nguồn: 1
是否支持定制,是否支持定制,3,3,3,3,33.3,是否支持定制: 1; Có hỗ trợ tùy chỉnh hay không: 1; Có hỗ trợ tùy chỉnh không: 1
奶瓶,奶瓶,3,3,3,3,33.3,奶瓶: 1; Bình sữa: 1; bình sữa em bé: 1
套装内容,Nội dung bộ,3,3,3,3,33.3,Nội dung bộ: 1; Nội dung bộ sản phẩm: 1; Đặt nội dung: 1
配料,Thành phần,3,3,1,1,100.0,Thành phần: 3
配件类型,Loại phụ kiện,3,3,1,1,100.0,Loại phụ kiện: 3
外箱尺寸/cm,Kích thước hộp bên ngoài/cm,3,3,2,2,66.7,Kích thước hộp bên ngoài/cm: 2; 外箱尺寸/cm: 1
智能等级证书编号,Số chứng chỉ cấp độ thông minh,3,3,1,1,100.0,Số chứng chỉ cấp độ thông minh: 3
遥控距离,Khoảng cách điều khiển từ xa,3,3,1,1,100.0,Khoảng cách điều khiển từ xa: 3
造型主题,Chủ đề,3,3,1,1,100.0,Chủ đề: 3
有效期,Thời hạn hiệu lực,3,3,1,1,100.0,Thời hạn hiệu lực: 3
外观颜色,Màu sắc ngoại hình,3,3,3,3,33.3,Màu sắc ngoại hình: 1; Kích thước: 1; Mã hàng: 1
镜头数,Số lượng ống kính,3,3,3,3,33.3,Số lượng ống kính: 1; 镜头数: 1; Số ống kính: 1
适用物品,Các mặt hàng áp dụng,3,3,2,2,66.7,Các mặt hàng áp dụng: 2; Các vật phẩm phù hợp: 1
适用手机,Điện thoại di động thích hợp,3,3,2,2,66.7,Điện thoại di động thích hợp: 2; Điện thoại di động áp dụng: 1
产品1,产品1,3,3,2,2,66.7,产品1: 2; Sản phẩm 1: 1
基础风格,Phong cách cơ bản,3,3,1,1,100.0,Phong cách cơ bản: 3
坚果种类,Các loại hạt,3,3,1,1,100.0,Các loại hạt: 3
适用空间,Không gian sử dụng,3,3,3,3,33.3,Không gian sử dụng: 1; Không gian áp dụng: 1; Thông số kỹ thuật: 1
款式2,Kiểu 2,3,3,2,2,66.7,Kiểu 2: 2; Phong cách 2: 1
模特实拍,Mô hình trong ảnh thật,3,3,3,3,33.3,Mô hình trong ảnh thật: 1; Ảnh chụp người mẫu thực tế: 1; 模特实拍: 1
适用产品,Sản phẩm áp dụng,3,3,2,2,66.7,Sản phẩm áp dụng: 2; 适用产品: 1
流行风格,Mẫu mã,3,3,3,3,33.3,Mẫu mã: 1; Phong cách thịnh hành: 1; phong cách phổ biến: 1
商品编码,Mã hàng hóa,3,3,1,1,100.0,Mã hàng hóa: 3
商品属性,Thuộc tính sản phẩm,3,3,2,2,66.7,Thuộc tính sản phẩm: 2; 商品属性: 1
洗面奶,Sữa rửa mặt,3,3,2,1,100.0,Sữa rửa mặt: 2; sữa rửa mặt: 1
轮子,Bánh xe,3,3,2,2,66.7,Bánh xe: 2; 轮子: 1
车型,Mẫu xe,3,3,1,1,100.0,Mẫu xe: 3
混批起批量,Lô hỗn hợp,3,3,2,2,66.7,"Lô hỗn hợp: 2; Bán sỉ, mua số lượng lớn: 1"
收纳容量,收纳容量,3,3,2,2,66.7,收纳容量: 2; Dung tích lưu trữ: 1
后帮款式,Kiểu dáng gót giày,3,3,2,2,66.7,Kiểu dáng gót giày: 2; Kiểu cổ sau: 1
叶底,Đáy lá,3,3,2,1,100.0,Đáy lá: 2; đáy lá: 1
进货日期,Ngày mua hàng,3,3,1,1,100.0,Ngày mua hàng: 3
可拆洗性,Có thể tháo rời và giặt được,3,3,1,1,100.0,Có thể tháo rời và giặt được: 3
生长季节,生长季节,3,3,3,3,33.3,生长季节: 1; Mùa sinh trưởng: 1; Mùa trồng: 1
生产许可证,Giấy phép sản xuất,3,3,2,2,66.7,Giấy phép sản xuất: 2; 生产许可证: 1
瓶身材质,Chất liệu thân chai,3,3,1,1,100.0,Chất liệu thân chai: 3
现货批发,Bán buôn giao ngay,3,3,1,1,100.0,Bán buôn giao ngay: 3
环保安全,Mẫu mã,3,3,3,3,33.3,Mẫu mã: 1; Bảo vệ và an toàn môi trường: 1; Bảo vệ môi trường và an toàn: 1
发票,hóa đơn,3,3,2,1,100.0,hóa đơn: 2; Hóa đơn: 1
跨境,Đa quốc gia,3,3,3,3,33.3,Đa quốc gia: 1; Mẫu mã: 1; 跨境: 1
用途3,Sử dụng 3,3,3,3,3,33.3,Sử dụng 3: 1; Mục đích 3: 1; Mục đích sử dụng 3: 1
佩戴舒适度,Mặc thoải mái,3,3,1,1,100.0,Mặc thoải mái: 3
WIFI,WIFI,3,3,1,1,100.0,WIFI: 3
搜索词,Thuật ngữ tìm kiếm,3,3,3,3,33.3,Thuật ngữ tìm kiếm: 1; Cụm từ tìm kiếm: 1; 搜索词: 1
礼服摆型,Váy xòe,3,3,2,2,66.7,Váy xòe: 2; Tư thế ăn mặc: 1
短袖男t恤,áo thun nam tay ngắn,3,3,3,2,66.7,áo thun nam tay ngắn: 1; Áo thun nam tay ngắn: 1; 短袖男t恤: 1
厂址,厂址,3,3,2,2,66.7,厂址: 2; Địa chỉ nhà máy: 1
使用特性,Đặc điểm sử dụng,3,3,1,1,100.0,Đặc điểm sử dụng: 3
供货模式,Chế độ cung cấp,3,3,2,2,66.7,Chế độ cung cấp: 2; 供货模式: 1
卫生许可证,卫生许可证,3,3,2,2,66.7,卫生许可证: 2; Giấy phép vệ sinh: 1
系列2,Loạt 2,3,3,3,3,33.3,Loạt 2: 1; Chuỗi 2: 1; 系列2: 1
系列1,Loạt 1,3,3,2,2,66.7,Loạt 1: 2; 系列1: 1
箱规/瓶,Kích thước hộp/chai,3,3,1,1,100.0,Kích thước hộp/chai: 3
箱包硬度,Độ cứng hành lý,3,3,2,2,66.7,Độ cứng hành lý: 2; Độ cứng của túi: 1
保修时间,Thời gian bảo hành,3,3,1,1,100.0,Thời gian bảo hành: 3
侧帮款式,Kiểu dáng hông bên,3,3,2,2,66.7,Kiểu dáng hông bên: 2; Kiểu cổ bên: 1
供货类型,Loại cung cấp,3,3,3,3,33.3,Loại cung cấp: 1; Loại hình cung cấp: 1; Loại hình cung cấp hàng hóa: 1
襟型,Loại cổ áo,3,3,3,3,33.3,Loại cổ áo: 1; Hình nắp: 1; Kiểu cổ áo: 1
包装材质,包装材质,3,3,2,2,66.7,包装材质: 2; Vật liệu đóng gói: 1
包装尺寸,Kích thước của gói,3,3,2,2,66.7,Kích thước của gói: 2; 包装尺寸: 1
纯棉,纯棉,3,3,3,3,33.3,纯棉: 1; bông nguyên chất: 1; 100% cotton: 1
控制类型,loại điều khiển,3,3,3,2,66.7,loại điều khiển: 1; kiểu điều khiển: 1; Kiểu điều khiển: 1
功能2,Chức năng 2,3,3,2,2,66.7,Chức năng 2: 2; 功能2: 1
网面男鞋,网面男鞋,3,3,3,3,33.3,网面男鞋: 1; Thông số kỹ thuật: 1; Giày nam lưới: 1
结构耐用性,结构耐用性,3,3,2,2,66.7,结构耐用性: 2; Độ bền kết cấu: 1
其他,khác,3,3,3,2,66.7,khác: 1; 其他: 1; Khác: 1
肩带样式,Kiểu dây đeo vai,3,3,1,1,100.0,Kiểu dây đeo vai: 3
联系方式,Phương thức liên hệ,3,3,2,2,66.7,Phương thức liên hệ: 2; Thông tin liên hệ: 1
内长,Chiều dài bên trong,3,3,2,2,66.7,Chiều dài bên trong: 2; 内长: 1
英文名,英文名,3,3,2,2,66.7,英文名: 2; tên tiếng anh: 1
内部填充料,内部填充料,3,3,3,3,33.3,内部填充料: 1; Vật liệu làm đầy bên trong: 1; Chất độn bên trong: 1
行车记录仪,行车记录仪,3,3,2,2,66.7,行车记录仪: 2; Máy ghi âm lái xe: 1
净重,Trọng lượng tịnh,3,3,1,1,100.0,Trọng lượng tịnh: 3
鞋子,Mẫu mã,3,3,3,3,33.3,Mẫu mã: 1; 鞋子: 1; giày: 1
鞋型宽度,Độ rộng giày,3,3,1,1,100.0,Độ rộng giày: 3
折叠功能,Chức năng gấp,3,3,2,2,66.7,Chức năng gấp: 2; 折叠功能: 1
抗震强度,抗震强度,3,3,2,2,66.7,抗震强度: 2; Cường độ địa chấn: 1
扫描频率,扫描频率,3,3,2,2,66.7,扫描频率: 2; Tần số quét: 1
食品生产许可证,Giấy phép sản xuất thực phẩm,3,3,2,2,66.7,Giấy phép sản xuất thực phẩm: 2; 食品生产许可证: 1
03,03,3,3,2,2,66.7,03: 2; Mẫu mã: 1
普洱茶年份,Năm trà Pu'er,2,2,2,2,50.0,Năm trà Pu'er: 1; Trà Phổ Nhĩ theo niên đại: 1
无线耳机,Tai nghe không dây,2,2,1,1,100.0,Tai nghe không dây: 2
盖材质,Chất liệu nắp,2,2,2,2,50.0,Chất liệu nắp: 1; Chất liệu bìa: 1
晚发货时间,Thời gian giao hàng muộn,2,2,2,2,50.0,Thời gian giao hàng muộn: 1; 晚发货时间: 1
显示方式,显示方式,2,2,1,1,100.0,显示方式: 2
发声性能,Hiệu suất âm thanh,2,2,2,2,50.0,Hiệu suất âm thanh: 1; Hiệu suất phát âm: 1
333,333,2,2,1,1,100.0,333: 2
玫瑰花茶,玫瑰花茶,2,2,2,2,50.0,玫瑰花茶: 1; Trà hoa hồng: 1
电池,pin,2,2,1,1,100.0,pin: 2
用途2,用途2,2,2,2,2,50.0,用途2: 1; Mục đích 2: 1
24寸,24寸,2,2,2,2,50.0,24寸: 1; 24inch: 1
240ml包装尺寸,240ml包装尺寸,2,2,2,2,50.0,240ml包装尺寸: 1; Kích thước bao bì 240ml: 1
电机类型,Loại động cơ,2,2,1,1,100.0,Loại động cơ: 2
温感特性,Đặc tính nhiệt,2,2,1,1,100.0,Đặc tính nhiệt: 2
四件套a类母婴级,四件套a类母婴级,2,2,2,2,50.0,"四件套a类母婴级: 1; Bộ bốn món, loại A dành cho bà mẹ và trẻ sơ sinh: 1"
童装男童,童装男童,2,2,2,2,50.0,童装男童: 1; Quần áo trẻ em bé trai: 1
接口,giao diện,2,2,2,1,100.0,giao diện: 1; Giao diện: 1
穿着舒适度,Độ thoải mái khi mặc,2,2,1,1,100.0,Độ thoải mái khi mặc: 2
食品安全认证,Chứng nhận an toàn thực phẩm,2,2,1,1,100.0,Chứng nhận an toàn thực phẩm: 2
品名1,Tên sản phẩm 1,2,2,1,1,100.0,Tên sản phẩm 1: 2
大容量行李箱,Vali sức chứa lớn,2,2,1,1,100.0,Vali sức chứa lớn: 2
按产品分,Phân loại theo sản phẩm,2,2,2,2,50.0,Phân loại theo sản phẩm: 1; Theo sản phẩm: 1
成色,chất lượng,2,2,2,2,50.0,chất lượng: 1; Màu mịn: 1
男士t恤,男士t恤,2,2,1,1,100.0,男士t恤: 2
时尚,时尚,2,2,2,2,50.0,时尚: 1; Thời trang: 1
性能,Hiệu năng,2,2,2,2,50.0,Hiệu năng: 1; hiệu suất: 1
含镜性,含镜性,2,2,1,1,100.0,含镜性: 2
套件 适用,Thông số kỹ thuật,2,2,2,2,50.0,Thông số kỹ thuật: 1; Bộ sản phẩm phù hợp: 1
夹心类型,Loại bánh sandwich,2,2,1,1,100.0,Loại bánh sandwich: 2
多媒体播放器,Trình phát đa phương tiện,2,2,1,1,100.0,Trình phát đa phương tiện: 2
循环次数,循环次数,2,2,1,1,100.0,循环次数: 2
可选镜头,可选镜头,2,2,2,2,50.0,可选镜头: 1; Ống kính tùy chọn: 1
工厂,nhà máy,2,2,2,1,100.0,nhà máy: 1; Nhà máy: 1
香水座外形,Hình dạng hộp đựng nước hoa,2,2,2,2,50.0,Hình dạng hộp đựng nước hoa: 1; Hình dáng đế nước hoa: 1
香水分类,Phân loại nước hoa,2,2,1,1,100.0,Phân loại nước hoa: 2
清洗方式,Phương pháp làm sạch,2,2,1,1,100.0,Phương pháp làm sạch: 2
手机壳批发,Bán buôn vỏ điện thoại di động,2,2,2,2,50.0,Bán buôn vỏ điện thoại di động: 1; Bán buôn ốp điện thoại di động: 1
磁吸功能,Chức năng từ tính,2,2,1,1,100.0,Chức năng từ tính: 2
服务内容,Nội dung dịch vụ,2,2,1,1,100.0,Nội dung dịch vụ: 2
卖点,Điểm bán hàng,2,2,1,1,100.0,Điểm bán hàng: 2
奶嘴,Núm ti,2,2,2,2,50.0,Núm ti: 1; 奶嘴: 1
症状,Triệu chứng,2,2,2,2,50.0,Triệu chứng: 1; 症状: 1
口感质地,Hương vị và kết cấu,2,2,1,1,100.0,Hương vị và kết cấu: 2
汽车屏幕,Màn hình xe hơi,2,2,1,1,100.0,Màn hình xe hơi: 2
外观风格,Phong cách ngoại hình,2,2,1,1,100.0,Phong cách ngoại hình: 2
最大压力,áp suất tối đa,2,2,1,1,100.0,áp suất tối đa: 2
吊牌价,Giá thẻ,2,2,1,1,100.0,Giá thẻ: 2
支持代发,支持代发,2,2,1,1,100.0,支持代发: 2
厂名,厂名,2,2,1,1,100.0,厂名: 2
斜挎包,斜挎包,2,2,1,1,100.0,斜挎包: 2
双肩包小批量订货,Ba lô đặt hàng số lượng nhỏ,2,2,1,1,100.0,Ba lô đặt hàng số lượng nhỏ: 2
商品类型,Loại sản phẩm,2,2,1,1,100.0,Loại sản phẩm: 2
应用场景,Kịch bản ứng dụng,2,2,1,1,100.0,Kịch bản ứng dụng: 2
双肩包女,ba lô nữ,2,2,2,2,50.0,ba lô nữ: 1; 双肩包女: 1
大口径,Cỡ nòng lớn,2,2,1,1,100.0,Cỡ nòng lớn: 2
定制方式,Phương pháp tùy chỉnh,2,2,1,1,100.0,Phương pháp tùy chỉnh: 2
夜视行车记录仪,夜视行车记录仪,2,2,2,2,50.0,夜视行车记录仪: 1; Máy ghi âm lái xe tầm nhìn ban đêm: 1
是否线控,是否线控,2,2,2,2,50.0,是否线控: 1; Có nên sử dụng điều khiển dòng hay không: 1
特此声明,Xin thông báo.,2,2,2,2,50.0,Xin thông báo.: 1; Xin tuyên bố: 1
广州狮岭双肩包工厂,Nhà máy ba lô Quảng Châu Shiling,2,2,1,1,100.0,Nhà máy ba lô Quảng Châu Shiling: 2
是否源头厂家,Cho dù đó là nhà sản xuất nguồn,2,2,2,2,50.0,Cho dù đó là nhà sản xuất nguồn: 1; Có nguồn nhà sản xuất không: 1
是否外贸专供,Có dành riêng cho ngoại thương không,2,2,1,1,100.0,Có dành riêng cho ngoại thương không: 2
批发,Bán buôn,2,2,2,1,100.0,Bán buôn: 1; bán buôn: 1
印花类型,Kiểu in,2,2,1,1,100.0,Kiểu in: 2
是否含润滑剂,Nó có chứa chất bôi trơn không?,2,2,1,1,100.0,Nó có chứa chất bôi trơn không?: 2
打底衫,打底衫,2,2,1,1,100.0,打底衫: 2
特征,tính năng,2,2,2,2,50.0,tính năng: 1; 特征: 1
手机壳质地,Kết cấu vỏ điện thoại,2,2,1,1,100.0,Kết cấu vỏ điện thoại: 2
平台,nền tảng,2,2,1,1,100.0,nền tảng: 2
女包,túi xách nữ,2,2,2,2,50.0,túi xách nữ: 1; 女包: 1
有无防雨罩,Có hoặc không có che mưa,2,2,2,2,50.0,Có hoặc không có che mưa: 1; Có che mưa không: 1
密封性能,Khả năng kín,2,2,2,2,50.0,Khả năng kín: 1; Hiệu suất niêm phong: 1
福建省泉州市核心产地,福建省泉州市核心产地,2,2,2,2,50.0,"福建省泉州市核心产地: 1; Nguồn gốc cốt lõi của thành phố Tuyền Châu, tỉnh Phúc Kiến: 1"
单鞋,Giày bệt,2,2,2,2,50.0,Giày bệt: 1; 单鞋: 1
男装,男装,2,2,2,2,50.0,男装: 1; Quần áo nam: 1
定位,定位,2,2,1,1,100.0,定位: 2
短袖T恤男,Áo thun nam ngắn tay,2,2,1,1,100.0,Áo thun nam ngắn tay: 2
安装方式：,Phương pháp cài đặt:,2,2,1,1,100.0,Phương pháp cài đặt:: 2
化妆品成份,Thành phần mỹ phẩm,2,2,1,1,100.0,Thành phần mỹ phẩm: 2
箱,箱,2,2,1,1,100.0,箱: 2
糕点种类,Các loại bánh ngọt,2,2,2,2,50.0,Các loại bánh ngọt: 1; 糕点种类: 1
包包,包包,2,2,1,1,100.0,包包: 2
结构工艺,Cấu trúc và công nghệ,2,2,2,2,50.0,Cấu trúc và công nghệ: 1; Công nghệ kết cấu: 1
线长,Chiều dài đường dây,2,2,2,2,50.0,Chiều dài đường dây: 1; Chiều dài đường: 1
功能属性,Thuộc tính chức năng,2,2,1,1,100.0,Thuộc tính chức năng: 2
包包韩国小众,包包韩国小众,2,2,1,1,100.0,包包韩国小众: 2
刷子种类,刷子种类,2,2,1,1,100.0,刷子种类: 2
制造商,nhà sản xuất,2,2,1,1,100.0,nhà sản xuất: 2
别称,别称,2,2,1,1,100.0,别称: 2
耳机,Tai nghe,2,2,2,2,50.0,Tai nghe: 1; 耳机: 1
色号,Số màu,2,2,2,1,100.0,Số màu: 1; số màu: 1
写保护开关,Công tắc bảo vệ ghi,2,2,1,1,100.0,Công tắc bảo vệ ghi: 2
苹果磁吸保护套,苹果磁吸保护套,2,2,1,1,100.0,苹果磁吸保护套: 2
蓝牙耳机,Tai nghe Bluetooth,2,2,1,1,100.0,Tai nghe Bluetooth: 2
冷藏杯,Cốc lạnh,2,2,2,2,50.0,Cốc lạnh: 1; Cốc giữ nhiệt: 1
养生茶,养生茶,2,2,1,1,100.0,养生茶: 2
行李箱,Hành lý,2,2,1,1,100.0,Hành lý: 2
表面处理工艺,Mẫu mã,2,2,2,2,50.0,Mẫu mã: 1; Công nghệ xử lý bề mặt: 1
衣长,Chiều dài áo,2,2,1,1,100.0,Chiều dài áo: 2
内裤适用年龄,Độ tuổi phù hợp khi mặc quần lót,2,2,1,1,100.0,Độ tuổi phù hợp khi mặc quần lót: 2
充电宝3c认证,Chứng nhận 3c của Power Bank,2,2,2,2,50.0,Chứng nhận 3c của Power Bank: 1; Chứng nhận 3C cho sạc dự phòng: 1
装箱规格,Quy cách đóng gói,2,2,2,2,50.0,Quy cách đóng gói: 1; 装箱规格: 1
装箱尺寸,Kích thước đóng gói,2,2,1,1,100.0,Kích thước đóng gói: 2
裤子分类,Mẫu mã,2,2,2,2,50.0,Mẫu mã: 1; Mã sản phẩm: 1
保护类型,保护类型,2,2,1,1,100.0,保护类型: 2
便携式触摸屏,Xách tay màn hình cảm ứng,2,2,1,1,100.0,Xách tay màn hình cảm ứng: 2
证书,Giấy chứng nhận,2,2,1,1,100.0,Giấy chứng nhận: 2
记录仪,Máy ghi âm,2,2,1,1,100.0,Máy ghi âm: 2
认证资质,Trình độ chứng nhận,2,2,2,2,50.0,Trình độ chứng nhận: 1; Chứng nhận và năng lực: 1
货号-1,货号-1,2,2,2,2,50.0,货号-1: 1; Mục số-1: 1
货号+,Mã sản phẩm,2,2,2,2,50.0,Mã sản phẩm: 1; Mã sản phẩm+: 1
货名4,Tên hàng 4,2,2,2,2,50.0,Tên hàng 4: 1; 货名4: 1
货名,货名,2,2,1,1,100.0,货名: 2
优势,优势,2,2,2,2,50.0,优势: 1; lợi thế: 1
代发,代发,2,2,1,1,100.0,代发: 2
跨境批发,跨境批发,2,2,1,1,100.0,跨境批发: 2
跨境外贸,跨境外贸,2,2,2,2,50.0,跨境外贸: 1; Thương mại nước ngoài xuyên biên giới: 1
跨境充电宝,Sạc dự phòng xuyên biên giới,2,2,1,1,100.0,Sạc dự phòng xuyên biên giới: 2
产品编号,Số sản phẩm,2,2,2,2,50.0,Số sản phẩm: 1; 产品编号: 1
车挂,móc treo xe,2,2,1,1,100.0,móc treo xe: 2
铝框,铝框,2,2,2,2,50.0,铝框: 1; Khung nhôm: 1
跨境资质,跨境资质,2,2,1,1,100.0,跨境资质: 2
跨境证书,跨境证书,2,2,1,1,100.0,跨境证书: 2
跨境服务,跨境服务,2,2,2,2,50.0,跨境服务: 1; Dịch vụ xuyên biên giới: 1
适合床尺寸,适合床尺寸,2,2,2,2,50.0,适合床尺寸: 1; Phù hợp với kích thước giường: 1
适合年龄,Phù hợp với độ tuổi,2,2,2,1,100.0,Phù hợp với độ tuổi: 1; phù hợp với độ tuổi: 1
输出参数,输出参数,2,2,1,1,100.0,输出参数: 2
适应运动,Thích ứng với chuyển động,2,2,1,1,100.0,Thích ứng với chuyển động: 2
书包,书包,2,2,2,2,50.0,书包: 1; túi đi học: 1
适用处理方式,Phương pháp xử lý áp dụng,2,2,2,2,50.0,Phương pháp xử lý áp dụng: 1; 适用处理方式: 1
产品分类,产品分类,2,2,2,2,50.0,产品分类: 1; Danh mục sản phẩm: 1
主要销往地区,Khu vực bán hàng chính,2,2,1,1,100.0,Khu vực bán hàng chính: 2
适用症状,Triệu chứng áp dụng,2,2,2,2,50.0,Triệu chứng áp dụng: 1; Các triệu chứng áp dụng: 1
五大红茶明细表,Năm danh sách trà đỏ,2,2,2,2,50.0,Năm danh sách trà đỏ: 1; 五大红茶明细表: 1
主图来源,Nguồn hình ảnh chính,2,2,2,2,50.0,Nguồn hình ảnh chính: 1; Mẫu mã: 1
适用饰品类型,Loại trang sức áp dụng,2,2,2,2,50.0,Loại trang sức áp dụng: 1; Dòng sản phẩm: 1
适用脚型,Loại chân phù hợp,2,2,1,1,100.0,Loại chân phù hợp: 2
主题,Chủ đề,2,2,1,1,100.0,Chủ đề: 2
部分原料山头,Một số nguyên liệu thô được lấy từ đỉnh núi.,2,2,2,2,50.0,Một số nguyên liệu thô được lấy từ đỉnh núi.: 1; 部分原料山头: 1
速度,tốc độ,2,2,1,1,100.0,tốc độ: 2
里料材质,Vật liệu lót,2,2,2,2,50.0,Vật liệu lót: 1; Chất liệu lót: 1
配皮材质,Chất liệu da,2,2,1,1,100.0,Chất liệu da: 2
配料表,Bảng thành phần,2,2,2,2,50.0,Bảng thành phần: 1; 配料表: 1
配合奶瓶口径,Phù hợp với đường kính cổ bình sữa,2,2,1,1,100.0,Phù hợp với đường kính cổ bình sữa: 2
一瓶三用,Một chai ba công dụng,2,2,1,1,100.0,Một chai ba công dụng: 2
销售渠道类型,销售渠道类型,2,2,2,2,50.0,销售渠道类型: 1; Loại kênh bán hàng: 1
阻燃性,khả năng chống cháy,2,2,2,2,50.0,khả năng chống cháy: 1; Chất chống cháy: 1
长袖,tay áo dài,2,2,1,1,100.0,tay áo dài: 2
降噪性能,Hiệu suất giảm tiếng ồn,2,2,1,1,100.0,Hiệu suất giảm tiếng ồn: 2
obn,obn,2,2,1,1,100.0,obn: 2
PC+TPU防摔保护,Bảo vệ chống rơi PC + TPU,2,2,2,2,50.0,Bảo vệ chống rơi PC + TPU: 1; PC+TPU防摔保护: 1
非内销,Không bán trong nước,2,2,2,2,50.0,Không bán trong nước: 1; Mẫu mã: 1
零食网红爆款,Những món ăn nhẹ được người nổi tiếng trên mạng ưa chuộng,2,2,1,1,100.0,Những món ăn nhẹ được người nổi tiếng trên mạng ưa chuộng: 2
零食散装发批,Đồ ăn nhẹ số lượng lớn,2,2,1,1,100.0,Đồ ăn nhẹ số lượng lớn: 2
面料类型,面料类型,2,2,2,2,50.0,面料类型: 1; Loại vải: 1
面料手感,面料手感,2,2,2,2,50.0,面料手感: 1; Cảm giác khi chạm vào chất liệu vải: 1
面料成分,Thành phần vải,2,2,1,1,100.0,Thành phần vải: 2
WiFi,WiFi,2,2,1,1,100.0,WiFi: 2
IP授权类型,Loại ủy quyền IP,2,2,1,1,100.0,Loại ủy quyền IP: 2
GPS,GPS,2,2,1,1,100.0,GPS: 2
鞋子女鞋百搭,"Giày nữ, kiểu dáng đa năng.",2,2,1,1,100.0,"Giày nữ, kiểu dáng đa năng.: 2"
鞋子女鞋,Giày nữ,2,2,1,1,100.0,Giày nữ: 2
鞋筒高度,Chiều cao trục giày,2,2,2,2,50.0,Chiều cao trục giày: 1; Chiều cao ống giày: 1
鞋底平整性,Độ phẳng của đế giày,2,2,1,1,100.0,Độ phẳng của đế giày: 2
OEM,OEM,2,2,1,1,100.0,OEM: 2
风格属性,Thuộc tính phong cách,2,2,1,1,100.0,Thuộc tính phong cách: 2
123,123,2,2,1,1,100.0,123: 2
嵌条工艺,Quá trình chèn,1,1,1,1,100.0,Quá trình chèn: 1
岩白色钛灰色硬壳磨砂,岩白色钛灰色硬壳磨砂,1,1,1,1,100.0,岩白色钛灰色硬壳磨砂: 1
属性定制,Tùy chỉnh thuộc tính,1,1,1,1,100.0,Tùy chỉnh thuộc tính: 1
支持跨境贴标代发,Hỗ trợ ghi nhãn và vận chuyển xuyên biên giới,1,1,1,1,100.0,Hỗ trợ ghi nhãn và vận chuyển xuyên biên giới: 1
支持模式,Chế độ hỗ trợ,1,1,1,1,100.0,Chế độ hỗ trợ: 1
支持服务,Dịch vụ hỗ trợ,1,1,1,1,100.0,Dịch vụ hỗ trợ: 1
支持手机,支持手机,1,1,1,1,100.0,支持手机: 1
新4K高清10寸流媒,Phương tiện phát trực tuyến 4K HD 10 inch mới,1,1,1,1,100.0,Phương tiện phát trực tuyến 4K HD 10 inch mới: 1
文化风格,Phong cách văn hóa,1,1,1,1,100.0,Phong cách văn hóa: 1
整理,Sắp xếp,1,1,1,1,100.0,Sắp xếp: 1
数据传输率,Tốc độ truyền dữ liệu,1,1,1,1,100.0,Tốc độ truyền dữ liệu: 1
教程配套,Phụ kiện đi kèm hướng dẫn,1,1,1,1,100.0,Phụ kiện đi kèm hướng dẫn: 1
收纳箱收纳衣服,收纳箱收纳衣服,1,1,1,1,100.0,收纳箱收纳衣服: 1
收纳箱子,收纳箱子,1,1,1,1,100.0,收纳箱子: 1
收纳盒桌面,收纳盒桌面,1,1,1,1,100.0,收纳盒桌面: 1
收纳盒大容量,Hộp lưu trữ dung lượng lớn,1,1,1,1,100.0,Hộp lưu trữ dung lượng lớn: 1
收纳盒,hộp lưu trữ,1,1,1,1,100.0,hộp lưu trữ: 1
收纳,Đựng đồ,1,1,1,1,100.0,Đựng đồ: 1
支架手机壳,Vỏ điện thoại đứng,1,1,1,1,100.0,Vỏ điện thoại đứng: 1
展开尺寸,展开尺寸,1,1,1,1,100.0,展开尺寸: 1
屏幕,màn hình,1,1,1,1,100.0,màn hình: 1
尺寸重量,Kích thước và trọng lượng,1,1,1,1,100.0,Kích thước và trọng lượng: 1
富硒藤茶,Trà nho giàu selenium,1,1,1,1,100.0,Trà nho giàu selenium: 1
密封性,Khả năng kín,1,1,1,1,100.0,Khả năng kín: 1
寄送样品,Gửi mẫu,1,1,1,1,100.0,Gửi mẫu: 1
宿舍床品三件套,Bộ chăn ga gối đệm 3 món,1,1,1,1,100.0,Bộ chăn ga gối đệm 3 món: 1
宽电压,Điện áp rộng,1,1,1,1,100.0,Điện áp rộng: 1
宽松t恤,Áo thun rộng rãi,1,1,1,1,100.0,Áo thun rộng rãi: 1
日韩风格,phong cách Nhật Bản và Hàn Quốc,1,1,1,1,100.0,phong cách Nhật Bản và Hàn Quốc: 1
日系大容量书包男,Túi đi học nam sức chứa lớn phong cách Nhật Bản,1,1,1,1,100.0,Túi đi học nam sức chứa lớn phong cách Nhật Bản: 1
无,无,1,1,1,1,100.0,无: 1
旅行包收纳箱航空箱,"Hộp đựng túi du lịch, thùng đựng hành lý chuyên dụng cho máy bay.",1,1,1,1,100.0,"Hộp đựng túi du lịch, thùng đựng hành lý chuyên dụng cho máy bay.: 1"
方胖子,Fang béo,1,1,1,1,100.0,Fang béo: 1
新款超薄磨砂硬壳磁吸,新款超薄磨砂硬壳磁吸,1,1,1,1,100.0,新款超薄磨砂硬壳磁吸: 1
新款儿童玩具卡头PV,Đồ chơi trẻ em mẫu mới đầu thẻ PV,1,1,1,1,100.0,Đồ chơi trẻ em mẫu mới đầu thẻ PV: 1
新款10寸流媒体行车,Phương tiện truyền thông trực tuyến 10 inch mới,1,1,1,1,100.0,Phương tiện truyền thông trực tuyến 10 inch mới: 1
定制打样,Xác minh tùy chỉnh,1,1,1,1,100.0,Xác minh tùy chỉnh: 1
定制彩盒,定制彩盒,1,1,1,1,100.0,定制彩盒: 1
定制工艺、定制服务,定制工艺、定制服务,1,1,1,1,100.0,定制工艺、定制服务: 1
是否为特殊用途化妆品,Đây có phải là một loại mỹ phẩm có mục đích đặc biệt không?,1,1,1,1,100.0,Đây có phải là một loại mỹ phẩm có mục đích đặc biệt không?: 1
是否为抛货,Đó có phải là sản phẩm dùng một lần hay không,1,1,1,1,100.0,Đó có phải là sản phẩm dùng một lần hay không: 1
星星人展示盒,星星人展示盒,1,1,1,1,100.0,星星人展示盒: 1
明前芽头,Búp trước thời nhà Minh,1,1,1,1,100.0,Búp trước thời nhà Minh: 1
时间,时间,1,1,1,1,100.0,时间: 1
时尚潮色,Màu sành điệu thời trang,1,1,1,1,100.0,Màu sành điệu thời trang: 1
旧款条码,Mã vạch cũ,1,1,1,1,100.0,Mã vạch cũ: 1
小白鞋女,giày trắng nữ,1,1,1,1,100.0,giày trắng nữ: 1
小白鞋,Giày trắng,1,1,1,1,100.0,Giày trắng: 1
小狗小熊收纳箱,Mẫu mã,1,1,1,1,100.0,Mẫu mã: 1
小包尺寸,小包尺寸,1,1,1,1,100.0,小包尺寸: 1
小众简约女士小包密文,小众简约女士小包密文,1,1,1,1,100.0,小众简约女士小包密文: 1
安装与组装,安装与组装,1,1,1,1,100.0,安装与组装: 1
安全标准,tiêu chuẩn an toàn,1,1,1,1,100.0,tiêu chuẩn an toàn: 1
是否可定制颜色,Có thể tùy chỉnh màu sắc,1,1,1,1,100.0,Có thể tùy chỉnh màu sắc: 1
是否可定制,是否可定制,1,1,1,1,100.0,是否可定制: 1
是否可堆叠,是否可堆叠,1,1,1,1,100.0,是否可堆叠: 1
是否可以套装,Có thể kết hợp được không?,1,1,1,1,100.0,Có thể kết hợp được không?: 1
是否免费寄样,是否免费寄样,1,1,1,1,100.0,是否免费寄样: 1
家居防滑耐磨两穿凉拖,家居防滑耐磨两穿凉拖,1,1,1,1,100.0,家居防滑耐磨两穿凉拖: 1
家居拖鞋,家居拖鞋,1,1,1,1,100.0,家居拖鞋: 1
客户类型,Loại khách hàng,1,1,1,1,100.0,Loại khách hàng: 1
实际包装,Bao bì thực tế,1,1,1,1,100.0,Bao bì thực tế: 1
实用,Thiết thực,1,1,1,1,100.0,Thiết thực: 1
宝宝连体衣,宝宝连体衣,1,1,1,1,100.0,宝宝连体衣: 1
宝宝衣服绅士,Quần áo trẻ em quý ông,1,1,1,1,100.0,Quần áo trẻ em quý ông: 1
宝宝衣服,宝宝衣服,1,1,1,1,100.0,宝宝衣服: 1
婴儿连体衣绅士,婴儿连体衣绅士,1,1,1,1,100.0,婴儿连体衣绅士: 1
婴儿套装,婴儿套装,1,1,1,1,100.0,婴儿套装: 1
奶瓶类型,Loại bình sữa,1,1,1,1,100.0,Loại bình sữa: 1
奶瓶口径,奶瓶口径,1,1,1,1,100.0,奶瓶口径: 1
是否含润滑液,Nó có chứa chất bôi trơn không?,1,1,1,1,100.0,Nó có chứa chất bôi trơn không?: 1
是否可高温消毒,Có thể tiệt trùng ở nhiệt độ cao không?,1,1,1,1,100.0,Có thể tiệt trùng ở nhiệt độ cao không?: 1
是否可开模,Có thể mở khuôn không,1,1,1,1,100.0,Có thể mở khuôn không: 1
定制内容,Nội dung tùy chỉnh,1,1,1,1,100.0,Nội dung tùy chỉnh: 1
定制充电宝,Sạc dự phòng tùy chỉnh,1,1,1,1,100.0,Sạc dự phòng tùy chỉnh: 1
定制LOGO,定制LOGO,1,1,1,1,100.0,定制LOGO: 1
定做电话,Điện thoại tùy chỉnh,1,1,1,1,100.0,Điện thoại tùy chỉnh: 1
安阳a类童装,安阳a类童装,1,1,1,1,100.0,安阳a类童装: 1
女士背包,ba lô nữ,1,1,1,1,100.0,ba lô nữ: 1
女包定制,女包定制,1,1,1,1,100.0,女包定制: 1
是否带盖,是否带盖,1,1,1,1,100.0,是否带盖: 1
是否带后台,Có kèm hậu trường không,1,1,1,1,100.0,Có kèm hậu trường không: 1
是否工厂,Đây có phải là nhà máy không?,1,1,1,1,100.0,Đây có phải là nhà máy không?: 1
是否定制,Có nên tùy chỉnh hay không,1,1,1,1,100.0,Có nên tùy chỉnh hay không: 1
是否定位,Có định vị không,1,1,1,1,100.0,Có định vị không: 1
是否孕妇可用,Có sẵn cho phụ nữ mang thai,1,1,1,1,100.0,Có sẵn cho phụ nữ mang thai: 1
安全性,安全性,1,1,1,1,100.0,安全性: 1
宁夏特产八宝茶,Trà tám báu vật đặc sản Ninh Hạ,1,1,1,1,100.0,Trà tám báu vật đặc sản Ninh Hạ: 1
学生行李箱,vali học sinh,1,1,1,1,100.0,vali học sinh: 1
学生书包,学生书包,1,1,1,1,100.0,学生书包: 1
学习能力,khả năng học tập,1,1,1,1,100.0,khả năng học tập: 1
存储类型,Loại lưu trữ,1,1,1,1,100.0,Loại lưu trữ: 1
婴幼儿衣服春秋,婴幼儿衣服春秋,1,1,1,1,100.0,婴幼儿衣服春秋: 1
婴幼儿服装,Quần áo trẻ sơ sinh,1,1,1,1,100.0,Quần áo trẻ sơ sinh: 1
套件适用,套件适用,1,1,1,1,100.0,套件适用: 1
是否支持定制logo,是否支持定制logo,1,1,1,1,100.0,是否支持定制logo: 1
是否支持外贸,Có hỗ trợ ngoại thương không,1,1,1,1,100.0,Có hỗ trợ ngoại thương không: 1
是否支持代加工,Có hỗ trợ xử lý thay thế không,1,1,1,1,100.0,Có hỗ trợ xử lý thay thế không: 1
是否批量定制,Có nên tùy chỉnh hàng loạt hay không,1,1,1,1,100.0,Có nên tùy chỉnh hàng loạt hay không: 1
奶瓶保温杯,奶瓶保温杯,1,1,1,1,100.0,奶瓶保温杯: 1
奶嘴口径,Đường kính núm ti,1,1,1,1,100.0,Đường kính núm ti: 1
女鞋软底不累脚,Giày nữ đế mềm không gây mỏi chân.,1,1,1,1,100.0,Giày nữ đế mềm không gây mỏi chân.: 1
女鞋百搭,Giày nữ dễ phối,1,1,1,1,100.0,Giày nữ dễ phối: 1
女鞋德训,Giày tập quân đội Đức dành cho nữ,1,1,1,1,100.0,Giày tập quân đội Đức dành cho nữ: 1
女鞋夏轻便,giày mùa hè nữ,1,1,1,1,100.0,giày mùa hè nữ: 1
女鞋,女鞋,1,1,1,1,100.0,女鞋: 1
女式运动鞋,giày thể thao nữ,1,1,1,1,100.0,giày thể thao nữ: 1
大容量背包,Ba lô sức chứa lớn,1,1,1,1,100.0,Ba lô sức chứa lớn: 1
大容量旅行双肩包,Ba lô du lịch sức chứa lớn,1,1,1,1,100.0,Ba lô du lịch sức chứa lớn: 1
大容量学生双肩背包,大容量学生双肩背包,1,1,1,1,100.0,大容量学生双肩背包: 1
大容量ins风背包,大容量ins风背包,1,1,1,1,100.0,大容量ins风背包: 1
是否源头工厂,是否源头工厂,1,1,1,1,100.0,是否源头工厂: 1
是否有雷达,Có Radar không,1,1,1,1,100.0,Có Radar không: 1
是否有添加,Có bổ sung gì không?,1,1,1,1,100.0,Có bổ sung gì không?: 1
套装组合,Bộ kết hợp,1,1,1,1,100.0,Bộ kết hợp: 1
套装清单,套装清单,1,1,1,1,100.0,套装清单: 1
套装构成,套装构成,1,1,1,1,100.0,套装构成: 1
套装明细,套装明细,1,1,1,1,100.0,套装明细: 1
智力开发,Phát triển trí tuệ,1,1,1,1,100.0,Phát triển trí tuệ: 1
普洱茶,trà Pu'er,1,1,1,1,100.0,trà Pu'er: 1
是否防静电,是否防静电,1,1,1,1,100.0,是否防静电: 1
是否适合送礼,Nó có phù hợp để tặng quà không?,1,1,1,1,100.0,Nó có phù hợp để tặng quà không?: 1
是否跨境批发,Có bán buôn xuyên biên giới không,1,1,1,1,100.0,Có bán buôn xuyên biên giới không: 1
是否跨境外贸,Dù ngoại thương xuyên biên giới,1,1,1,1,100.0,Dù ngoại thương xuyên biên giới: 1
是否跨境,Có xuyên biên giới không,1,1,1,1,100.0,Có xuyên biên giới không: 1
太空沙,cát không gian,1,1,1,1,100.0,cát không gian: 1
太空棉,bông không gian,1,1,1,1,100.0,bông không gian: 1
天猫商城著名品牌,天猫商城著名品牌,1,1,1,1,100.0,天猫商城著名品牌: 1
大红袍品种茶树品名,大红袍品种茶树品名,1,1,1,1,100.0,大红袍品种茶树品名: 1
大容量衣物收纳箱,Hộp đựng quần áo dung tích lớn,1,1,1,1,100.0,Hộp đựng quần áo dung tích lớn: 1
多样方式1,多样方式1,1,1,1,1,100.0,多样方式1: 1
多样方式,Cách đa dạng,1,1,1,1,100.0,Cách đa dạng: 1
多口味八宝茶,Trà bát bảo đa hương vị,1,1,1,1,100.0,Trà bát bảo đa hương vị: 1
多功能旅行双肩背包,多功能旅行双肩背包,1,1,1,1,100.0,多功能旅行双肩背包: 1
多件套,多件套,1,1,1,1,100.0,多件套: 1
外贸资质,Chứng chỉ ngoại thương,1,1,1,1,100.0,Chứng chỉ ngoại thương: 1
外贸男鞋,Giày nam xuất khẩu,1,1,1,1,100.0,Giày nam xuất khẩu: 1
外贸爆款男鞋,外贸爆款男鞋,1,1,1,1,100.0,外贸爆款男鞋: 1
外贸打包方式,Phương pháp đóng gói ngoại thương,1,1,1,1,100.0,Phương pháp đóng gói ngoại thương: 1
外贸,thương mại nước ngoài,1,1,1,1,100.0,thương mại nước ngoài: 1
最大写入速度,Tốc độ viết tối đa,1,1,1,1,100.0,Tốc độ viết tối đa: 1
更换面料,Thay vải,1,1,1,1,100.0,Thay vải: 1
更换内衬,Thay thế lớp lót,1,1,1,1,100.0,Thay thế lớp lót: 1
备注,Ghi chú,1,1,1,1,100.0,Ghi chú: 1
备案证号,Số giấy chứng nhận đăng ký,1,1,1,1,100.0,Số giấy chứng nhận đăng ký: 1
备案编码,备案编码,1,1,1,1,100.0,备案编码: 1
备案编号,备案编号,1,1,1,1,100.0,备案编号: 1
备案人,备案人,1,1,1,1,100.0,备案人: 1
最小包装数,Số lượng gói tối thiểu,1,1,1,1,100.0,Số lượng gói tối thiểu: 1
最小包,最小包,1,1,1,1,100.0,最小包: 1
最大读取速度,Tốc độ đọc tối đa,1,1,1,1,100.0,Tốc độ đọc tối đa: 1
最大噪音,Tiếng ồn tối đa,1,1,1,1,100.0,Tiếng ồn tối đa: 1
外观材质,Chất liệu ngoại hình,1,1,1,1,100.0,Chất liệu ngoại hình: 1
外观一致性,Sự đồng nhất về ngoại hình,1,1,1,1,100.0,Sự đồng nhất về ngoại hình: 1
外观,外观,1,1,1,1,100.0,外观: 1
外箱尺寸,Kích thước hộp bên ngoài,1,1,1,1,100.0,Kích thước hộp bên ngoài: 1
外形尺寸,外形尺寸,1,1,1,1,100.0,外形尺寸: 1
多样方式2,多样方式2,1,1,1,1,100.0,多样方式2: 1
场合,dịp,1,1,1,1,100.0,dịp: 1
地区,khu vực,1,1,1,1,100.0,khu vực: 1
土家神茶,土家神茶,1,1,1,1,100.0,土家神茶: 1
圆领短袖T恤批发,Bán buôn áo thun tay ngắn cổ tròn,1,1,1,1,100.0,Bán buôn áo thun tay ngắn cổ tròn: 1
图片来源,Nguồn hình ảnh,1,1,1,1,100.0,Nguồn hình ảnh: 1
材质优势,材质优势,1,1,1,1,100.0,材质优势: 1
本款龙井和产地简介,Giới thiệu về Long Tỉnh và nguồn gốc của nó,1,1,1,1,100.0,Giới thiệu về Long Tỉnh và nguồn gốc của nó: 1
服饰工艺,服饰工艺,1,1,1,1,100.0,服饰工艺: 1
服务项目,Dự án dịch vụ,1,1,1,1,100.0,Dự án dịch vụ: 1
服务支持,Hỗ trợ dịch vụ,1,1,1,1,100.0,Hỗ trợ dịch vụ: 1
有问题联系客服,Mẫu mã,1,1,1,1,100.0,Mẫu mã: 1
有机认证,Chứng nhận hữu cơ,1,1,1,1,100.0,Chứng nhận hữu cơ: 1
外壳,Vỏ ngoài,1,1,1,1,100.0,Vỏ ngoài: 1
复古背包,ba lô cổ điển,1,1,1,1,100.0,ba lô cổ điển: 1
复古翻盖腋下单肩女包,Túi đeo vai cổ điển,1,1,1,1,100.0,Túi đeo vai cổ điển: 1
核心词修饰词,核心词修饰词,1,1,1,1,100.0,核心词修饰词: 1
标题,tiêu đề,1,1,1,1,100.0,tiêu đề: 1
标配一套配置,Cấu hình tiêu chuẩn,1,1,1,1,100.0,Cấu hình tiêu chuẩn: 1
标识,biểu tượng,1,1,1,1,100.0,biểu tượng: 1
标签,thẻ,1,1,1,1,100.0,thẻ: 1
标准,标准,1,1,1,1,100.0,标准: 1
枸杞八宝茶,Trà tám kho báu Wolfberry,1,1,1,1,100.0,Trà tám kho báu Wolfberry: 1
板鞋男,giày thể thao nam,1,1,1,1,100.0,giày thể thao nam: 1
来图定制,Tùy chỉnh theo bản vẽ,1,1,1,1,100.0,Tùy chỉnh theo bản vẽ: 1
条,Sọc,1,1,1,1,100.0,Sọc: 1
束脚裤,Thông số kỹ thuật,1,1,1,1,100.0,Thông số kỹ thuật: 1
材质环保性,Độ thân thiện với môi trường của vật liệu,1,1,1,1,100.0,Độ thân thiện với môi trường của vật liệu: 1
堆叠承重,堆叠承重,1,1,1,1,100.0,堆叠承重: 1
堆叠性能,Hiệu suất xếp chồng,1,1,1,1,100.0,Hiệu suất xếp chồng: 1
垫脚材质,Chất liệu đế lót chân,1,1,1,1,100.0,Chất liệu đế lót chân: 1
型号618,型号618,1,1,1,1,100.0,型号618: 1
四季通用,Thông dụng bốn mùa,1,1,1,1,100.0,Thông dụng bốn mùa: 1
四件套轻奢高级感,Bộ bốn món mang lại cảm giác sang trọng nhẹ nhàng và cao cấp,1,1,1,1,100.0,Bộ bốn món mang lại cảm giác sang trọng nhẹ nhàng và cao cấp: 1
四件套,Mã hàng,1,1,1,1,100.0,Mã hàng: 1
器具类型,Loại dụng cụ,1,1,1,1,100.0,Loại dụng cụ: 1
喷雾性能,喷雾性能,1,1,1,1,100.0,喷雾性能: 1
商超工作服印花,Quần áo bảo hộ lao động in hoa,1,1,1,1,100.0,Quần áo bảo hộ lao động in hoa: 1
款式1,Kiểu 1,1,1,1,1,100.0,Kiểu 1: 1
款型,Phong cách,1,1,1,1,100.0,Phong cách: 1
款号,Mã sản phẩm,1,1,1,1,100.0,Mã sản phẩm: 1
欧美复古,欧美复古,1,1,1,1,100.0,欧美复古: 1
欧盟检测,欧盟检测,1,1,1,1,100.0,欧盟检测: 1
模型比例,Tỷ lệ mô hình,1,1,1,1,100.0,Tỷ lệ mô hình: 1
梦旅者,du khách trong mơ,1,1,1,1,100.0,du khách trong mơ: 1
桌面收纳盒,hộp lưu trữ máy tính để bàn,1,1,1,1,100.0,hộp lưu trữ máy tính để bàn: 1
核桃多肽清洁洗面奶,核桃多肽清洁洗面奶,1,1,1,1,100.0,核桃多肽清洁洗面奶: 1
江苏南通家纺四件套,"Bộ chăn ga gối đệm bốn món Nantong, Giang Tô.",1,1,1,1,100.0,"Bộ chăn ga gối đệm bốn món Nantong, Giang Tô.: 1"
氨基酸洗面奶,氨基酸洗面奶,1,1,1,1,100.0,氨基酸洗面奶: 1
氨基酸去角质洗面奶,氨基酸去角质洗面奶,1,1,1,1,100.0,氨基酸去角质洗面奶: 1
毛质硬度,Độ cứng của tóc,1,1,1,1,100.0,Độ cứng của tóc: 1
毛绒分类,Phân loại lông nhung,1,1,1,1,100.0,Phân loại lông nhung: 1
每箱数量,Số lượng mỗi hộp,1,1,1,1,100.0,Số lượng mỗi hộp: 1
每箱,Mỗi thùng,1,1,1,1,100.0,Mỗi thùng: 1
武夷肉桂部分原料山场,武夷肉桂部分原料山场,1,1,1,1,100.0,武夷肉桂部分原料山场: 1
正肩,Vai thẳng,1,1,1,1,100.0,Vai thẳng: 1
款式二,款式二,1,1,1,1,100.0,款式二: 1
款式三,款式三,1,1,1,1,100.0,款式三: 1
款式一,款式一,1,1,1,1,100.0,款式一: 1
图片,Hình ảnh,1,1,1,1,100.0,Hình ảnh: 1
图,图,1,1,1,1,100.0,图: 1
国际码,mã quốc tế,1,1,1,1,100.0,mã quốc tế: 1
四路记录仪,四路记录仪,1,1,1,1,100.0,四路记录仪: 1
洗碗海绵擦,Miếng bọt biển rửa chén,1,1,1,1,100.0,Miếng bọt biển rửa chén: 1
洗碗布,Khăn lau bát đĩa,1,1,1,1,100.0,Khăn lau bát đĩa: 1
洁面慕斯,Mousse làm sạch,1,1,1,1,100.0,Mousse làm sạch: 1
洁面乳,sữa rửa mặt,1,1,1,1,100.0,sữa rửa mặt: 1
洁净毛孔温和保湿,Làm sạch lỗ chân lông và dưỡng ẩm nhẹ nhàng.,1,1,1,1,100.0,Làm sạch lỗ chân lông và dưỡng ẩm nhẹ nhàng.: 1
注意事项,Những vấn đề cần chú ý,1,1,1,1,100.0,Những vấn đề cần chú ý: 1
泡泡玛特展示盒,泡泡玛特展示盒,1,1,1,1,100.0,泡泡玛特展示盒: 1
法国跨境专供Pole,法国跨境专供Pole,1,1,1,1,100.0,法国跨境专供Pole: 1
沥水篮,rổ thoát nước,1,1,1,1,100.0,rổ thoát nước: 1
沙子属性,沙子属性,1,1,1,1,100.0,沙子属性: 1
汽车腰靠,Tựa lưng ô tô,1,1,1,1,100.0,Tựa lưng ô tô: 1
汽车用品,Vật tư ô tô,1,1,1,1,100.0,Vật tư ô tô: 1
汽车挂件,Phụ kiện ô tô,1,1,1,1,100.0,Phụ kiện ô tô: 1
汽车头枕,tựa đầu ô tô,1,1,1,1,100.0,tựa đầu ô tô: 1
汽车内饰,nội thất ô tô,1,1,1,1,100.0,nội thất ô tô: 1
测速功能,Chức năng đo tốc độ,1,1,1,1,100.0,Chức năng đo tốc độ: 1
商品条码,Mã vạch sản phẩm,1,1,1,1,100.0,Mã vạch sản phẩm: 1
商品名称2,Tên sản phẩm 2,1,1,1,1,100.0,Tên sản phẩm 2: 1
商品 条形码,商品 条形码,1,1,1,1,100.0,商品 条形码: 1
商品,商品,1,1,1,1,100.0,商品: 1
商务通勤学生包,商务通勤学生包,1,1,1,1,100.0,商务通勤学生包: 1
商务通勤,商务通勤,1,1,1,1,100.0,商务通勤: 1
商务出行,Đi công tác,1,1,1,1,100.0,Đi công tác: 1
商务休闲学生包,商务休闲学生包,1,1,1,1,100.0,商务休闲学生包: 1
流行,phổ biến,1,1,1,1,100.0,phổ biến: 1
派巴贝特,Paibarbet,1,1,1,1,100.0,Paibarbet: 1
洛丽塔公主裙,Váy công chúa Lolita,1,1,1,1,100.0,Váy công chúa Lolita: 1
洗面奶温和,洗面奶温和,1,1,1,1,100.0,洗面奶温和: 1
洗面奶氨基酸,洗面奶氨基酸,1,1,1,1,100.0,洗面奶氨基酸: 1
洗衣凝珠盒子,hộp đựng hạt giặt,1,1,1,1,100.0,hộp đựng hạt giặt: 1
哈衣爬服套装,哈衣爬服套装,1,1,1,1,100.0,哈衣爬服套装: 1
哈衣爬服,哈衣爬服,1,1,1,1,100.0,哈衣爬服: 1
品牌标识,品牌标识,1,1,1,1,100.0,品牌标识: 1
呼吸灯,Đèn thở,1,1,1,1,100.0,Đèn thở: 1
味型定制,味型定制,1,1,1,1,100.0,味型定制: 1
清爽不紧绷,Làm mới và không căng,1,1,1,1,100.0,Làm mới và không căng: 1
清洗性能,Hiệu suất làm sạch,1,1,1,1,100.0,Hiệu suất làm sạch: 1
清洁性能,Hiệu suất làm sạch,1,1,1,1,100.0,Hiệu suất làm sạch: 1
清洁介质,清洁介质,1,1,1,1,100.0,清洁介质: 1
深层清洁补水保湿控油,深层清洁补水保湿控油,1,1,1,1,100.0,深层清洁补水保湿控油: 1
深层洁净保湿不紧绷,深层洁净保湿不紧绷,1,1,1,1,100.0,深层洁净保湿不紧绷: 1
海藻面膜,海藻面膜,1,1,1,1,100.0,海藻面膜: 1
测量范围,Phạm vi đo,1,1,1,1,100.0,Phạm vi đo: 1
测量精度,Độ chính xác đo,1,1,1,1,100.0,Độ chính xác đo: 1
片数,Số lượng miếng,1,1,1,1,100.0,Số lượng miếng: 1
爆辣变态辣零食,Đồ ăn nhẹ gia vị bất thường,1,1,1,1,100.0,Đồ ăn nhẹ gia vị bất thường: 1
爆款头层牛皮大托特女,爆款头层牛皮大托特女,1,1,1,1,100.0,爆款头层牛皮大托特女: 1
熟茶白茶原料年份,Năm nguyên liệu chè trắng nấu chè,1,1,1,1,100.0,Năm nguyên liệu chè trắng nấu chè: 1
热销,Bán chạy,1,1,1,1,100.0,Bán chạy: 1
热搜词,Từ khóa tìm kiếm phổ biến,1,1,1,1,100.0,Từ khóa tìm kiếm phổ biến: 1
热卖,Bán nóng,1,1,1,1,100.0,Bán nóng: 1
潮流轻便学生包,潮流轻便学生包,1,1,1,1,100.0,潮流轻便学生包: 1
滋味,滋味,1,1,1,1,100.0,滋味: 1
源头工厂,nhà máy nguồn,1,1,1,1,100.0,nhà máy nguồn: 1
湖南特产,Chuyên môn Hunan,1,1,1,1,100.0,Chuyên môn Hunan: 1
游戏屋类别,Thể loại nhà game,1,1,1,1,100.0,Thể loại nhà game: 1
游园圆情发明GM,GM phát minh chuyến tham quan vườn,1,1,1,1,100.0,GM phát minh chuyến tham quan vườn: 1
哑光雾面,Mặt mờ mờ,1,1,1,1,100.0,Mặt mờ mờ: 1
哈衣爬服纯棉套装,哈衣爬服纯棉套装,1,1,1,1,100.0,哈衣爬服纯棉套装: 1
吸管类型,吸管类型,1,1,1,1,100.0,吸管类型: 1
含糖说明,含糖说明,1,1,1,1,100.0,含糖说明: 1
后跟高度,chiều cao gót chân,1,1,1,1,100.0,chiều cao gót chân: 1
名称3,Tên 3,1,1,1,1,100.0,Tên 3: 1
名称2,Tên 2,1,1,1,1,100.0,Tên 2: 1
名称1,Tên 1,1,1,1,1,100.0,Tên 1: 1
合作,Hợp tác,1,1,1,1,100.0,Hợp tác: 1
号码配置,Cấu hình số,1,1,1,1,100.0,Cấu hình số: 1
台湾茶,Trà Đài Loan,1,1,1,1,100.0,Trà Đài Loan: 1
特性,đặc điểm,1,1,1,1,100.0,đặc điểm: 1
版权登记号,Số đăng ký bản quyền,1,1,1,1,100.0,Số đăng ký bản quyền: 1
片装箱规,Quy định đóng gói,1,1,1,1,100.0,Quy định đóng gói: 1
发货单位,Đơn vị vận chuyển,1,1,1,1,100.0,Đơn vị vận chuyển: 1
发货产地,Nơi xuất xứ hàng hóa,1,1,1,1,100.0,Nơi xuất xứ hàng hóa: 1
发货,发货,1,1,1,1,100.0,发货: 1
玩法类型,Loại trò chơi,1,1,1,1,100.0,Loại trò chơi: 1
玩具类别,Danh mục đồ chơi,1,1,1,1,100.0,Danh mục đồ chơi: 1
特级莓茶,Tên sản phẩm,1,1,1,1,100.0,Tên sản phẩm: 1
特点+功能,特点+功能,1,1,1,1,100.0,特点+功能: 1
特殊功能,Tính năng đặc biệt,1,1,1,1,100.0,Tính năng đặc biệt: 1
台湾乌龙茶正宗高山,台湾乌龙茶正宗高山,1,1,1,1,100.0,台湾乌龙茶正宗高山: 1
可选规格,Thông số kỹ thuật có sẵn,1,1,1,1,100.0,Thông số kỹ thuật có sẵn: 1
可拆卸设计,Thiết kế có thể tháo rời,1,1,1,1,100.0,Thiết kế có thể tháo rời: 1
可折叠收纳箱,Hộp đựng đồ gấp gọn,1,1,1,1,100.0,Hộp đựng đồ gấp gọn: 1
生产工艺,Quy trình sản xuất,1,1,1,1,100.0,Quy trình sản xuất: 1
生产地址,生产地址,1,1,1,1,100.0,生产地址: 1
生产产地,Xuất xứ sản xuất,1,1,1,1,100.0,Xuất xứ sản xuất: 1
瓶口口径,瓶口口径,1,1,1,1,100.0,瓶口口径: 1
球拍支架手机壳,Vỏ điện thoại có giá đỡ vợt,1,1,1,1,100.0,Vỏ điện thoại có giá đỡ vợt: 1
珠宝盒,hộp đựng đồ trang sức,1,1,1,1,100.0,hộp đựng đồ trang sức: 1
珠宝收纳盒,Hộp đựng trang sức,1,1,1,1,100.0,Hộp đựng trang sức: 1
珍珠项链礼品盒,珍珠项链礼品盒,1,1,1,1,100.0,珍珠项链礼品盒: 1
玻璃奶瓶,bình sữa thủy tinh,1,1,1,1,100.0,bình sữa thủy tinh: 1
现货,Điểm,1,1,1,1,100.0,Điểm: 1
口感特点,Đặc điểm về hương vị.,1,1,1,1,100.0,Đặc điểm về hương vị.: 1
变色功能,Chức năng thay đổi màu sắc,1,1,1,1,100.0,Chức năng thay đổi màu sắc: 1
发货速度,Tốc độ vận chuyển,1,1,1,1,100.0,Tốc độ vận chuyển: 1
发货毛重/净重,Vận chuyển Tổng trọng lượng/Trọng lượng tịnh,1,1,1,1,100.0,Vận chuyển Tổng trọng lượng/Trọng lượng tịnh: 1
发货时效,thời gian giao hàng,1,1,1,1,100.0,thời gian giao hàng: 1
发货尺寸,Kích thước vận chuyển,1,1,1,1,100.0,Kích thước vận chuyển: 1
双闪发光,Sáng hai màu,1,1,1,1,100.0,Sáng hai màu: 1
双镜头,Ống kính kép,1,1,1,1,100.0,Ống kính kép: 1
双肩背包,双肩背包,1,1,1,1,100.0,双肩背包: 1
双肩包一件代发,Ba lô,1,1,1,1,100.0,Ba lô: 1
双肩休闲背包,双肩休闲背包,1,1,1,1,100.0,双肩休闲背包: 1
双耳无线蓝牙耳机,Tai nghe Bluetooth không dây hai tai,1,1,1,1,100.0,Tai nghe Bluetooth không dây hai tai: 1
双核三模式,Hai lõi ba chế độ,1,1,1,1,100.0,Hai lõi ba chế độ: 1
双排,双排,1,1,1,1,100.0,双排: 1
双层纱四件套,双层纱四件套,1,1,1,1,100.0,双层纱四件套: 1
参考有效期,参考有效期,1,1,1,1,100.0,参考有效期: 1
用途1,用途1,1,1,1,1,100.0,用途1: 1
生茶原料年份,生茶原料年份,1,1,1,1,100.0,生茶原料年份: 1
生成许可证编码,Tạo mã giấy phép,1,1,1,1,100.0,Tạo mã giấy phép: 1
男士T恤速干,Áo thun nam nhanh khô,1,1,1,1,100.0,Áo thun nam nhanh khô: 1
男士POLO衫,Áo sơ mi POLO nam,1,1,1,1,100.0,Áo sơ mi POLO nam: 1
电镀,Mạ điện,1,1,1,1,100.0,Mạ điện: 1
电源线尺寸,Kích thước dây nguồn,1,1,1,1,100.0,Kích thước dây nguồn: 1
电源线,dây nguồn,1,1,1,1,100.0,dây nguồn: 1
电源电压,Điện áp nguồn,1,1,1,1,100.0,Điện áp nguồn: 1
电源接口类型,Loại giao diện nguồn,1,1,1,1,100.0,Loại giao diện nguồn: 1
电池配置,Mẫu mã,1,1,1,1,100.0,Mẫu mã: 1
电池规格,电池规格,1,1,1,1,100.0,电池规格: 1
电池数量,电池数量,1,1,1,1,100.0,电池数量: 1
电子玩具类别,Danh mục đồ chơi điện tử,1,1,1,1,100.0,Danh mục đồ chơi điện tử: 1
发声原理,Nguyên lý âm thanh,1,1,1,1,100.0,Nguyên lý âm thanh: 1
发光舞台表演翅膀,Cánh phát sáng biểu diễn sân khấu,1,1,1,1,100.0,Cánh phát sáng biểu diễn sân khấu: 1
登机箱,登机箱,1,1,1,1,100.0,登机箱: 1
男鞋断码名牌；男鞋透,男鞋断码名牌；男鞋透,1,1,1,1,100.0,男鞋断码名牌；男鞋透: 1
男长袖T恤,Áo thun nam dài tay,1,1,1,1,100.0,Áo thun nam dài tay: 1
男装短袖T恤,Áo thun nam tay ngắn,1,1,1,1,100.0,Áo thun nam tay ngắn: 1
男装t恤,áo thun nam,1,1,1,1,100.0,áo thun nam: 1
男款短袖t恤,áo thun nam ngắn tay,1,1,1,1,100.0,áo thun nam ngắn tay: 1
男式鞋子,Giày nam,1,1,1,1,100.0,Giày nam: 1
男式阿甘鞋,Giày Forrest Gump nam,1,1,1,1,100.0,Giày Forrest Gump nam: 1
男式休闲鞋,Giày thể thao nam,1,1,1,1,100.0,Giày thể thao nam: 1
男士运动鞋,giày thể thao nam,1,1,1,1,100.0,giày thể thao nam: 1
男士短袖,Nam tay ngắn,1,1,1,1,100.0,Nam tay ngắn: 1
男士服装,男士服装,1,1,1,1,100.0,男士服装: 1
男士休闲单鞋,Giày lười nam,1,1,1,1,100.0,Giày lười nam: 1
男士休闲,Thời trang nam thường ngày,1,1,1,1,100.0,Thời trang nam thường ngày: 1
厨房小工具,厨房小工具,1,1,1,1,100.0,厨房小工具: 1
厨房厨具,dụng cụ nhà bếp,1,1,1,1,100.0,dụng cụ nhà bếp: 1
原配奶嘴型号,原配奶嘴型号,1,1,1,1,100.0,原配奶嘴型号: 1
原装自带奶嘴型号,原装自带奶嘴型号,1,1,1,1,100.0,原装自带奶嘴型号: 1
原料配料,原料配料,1,1,1,1,100.0,原料配料: 1
原料年份产区,Năm sản xuất nguyên liệu của khu vực sản xuất,1,1,1,1,100.0,Năm sản xuất nguyên liệu của khu vực sản xuất: 1
原料产地,Nguồn gốc nguyên liệu,1,1,1,1,100.0,Nguồn gốc nguyên liệu: 1
原料,nguyên liệu thô,1,1,1,1,100.0,nguyên liệu thô: 1
原厂,Nguyên bản,1,1,1,1,100.0,Nguyên bản: 1
白茶普洱茶茉莉花绿茶,白茶普洱茶茉莉花绿茶,1,1,1,1,100.0,白茶普洱茶茉莉花绿茶: 1
白茶,Trà trắng,1,1,1,1,100.0,Trà trắng: 1
白色蕾丝连衣裙,Váy ren trắng,1,1,1,1,100.0,Váy ren trắng: 1
白牡丹部分原料产地,白牡丹部分原料产地,1,1,1,1,100.0,白牡丹部分原料产地: 1
白毫银针部分原料产地,Nguồn gốc nguyên liệu làm Bạc Kim Baihao,1,1,1,1,100.0,Nguồn gốc nguyên liệu làm Bạc Kim Baihao: 1
白毫银针,白毫银针,1,1,1,1,100.0,白毫银针: 1
白桃乌龙茶,Trà Ô Long Đào Trắng,1,1,1,1,100.0,Trà Ô Long Đào Trắng: 1
厂家复古拼色德训鞋,厂家复古拼色德训鞋,1,1,1,1,100.0,厂家复古拼色德训鞋: 1
印花工艺,Công nghệ in hoa văn,1,1,1,1,100.0,Công nghệ in hoa văn: 1
直播代发,Phát trực tiếp,1,1,1,1,100.0,Phát trực tiếp: 1
目前就5个颜色可以过,Hiện tại chỉ có 5 màu.,1,1,1,1,100.0,Hiện tại chỉ có 5 màu.: 1
盒装箱规,盒装箱规,1,1,1,1,100.0,盒装箱规: 1
皮鞋女,Giày da nữ,1,1,1,1,100.0,Giày da nữ: 1
皮面厚底男鞋,Giày nam đế dày mặt da,1,1,1,1,100.0,Giày nam đế dày mặt da: 1
皮质风格人群,皮质风格人群,1,1,1,1,100.0,皮质风格人群: 1
皮质、风格、人群,"Da thuộc, phong cách, đám đông",1,1,1,1,100.0,"Da thuộc, phong cách, đám đông: 1"
皮质,皮质,1,1,1,1,100.0,皮质: 1
皮箱拉杆箱男26寸,Xe đẩy hành lý bằng da nam,1,1,1,1,100.0,Xe đẩy hành lý bằng da nam: 1
百洁布魔力擦,Miếng cọ rửa đa năng siêu mạnh,1,1,1,1,100.0,Miếng cọ rửa đa năng siêu mạnh: 1
参数,thông số,1,1,1,1,100.0,thông số: 1
秋季女鞋,Giày nữ mùa thu,1,1,1,1,100.0,Giày nữ mùa thu: 1
福鼎白茶,福鼎白茶,1,1,1,1,100.0,福鼎白茶: 1
福建省泉州市安溪县龙,福建省泉州市安溪县龙,1,1,1,1,100.0,福建省泉州市安溪县龙: 1
礼盒送礼,Hộp quà tặng,1,1,1,1,100.0,Hộp quà tặng: 1
礼品,quà tặng,1,1,1,1,100.0,quà tặng: 1
磁吸轨道车,磁吸轨道车,1,1,1,1,100.0,磁吸轨道车: 1
码段,Đoạn mã,1,1,1,1,100.0,Đoạn mã: 1
短袖polo衫,áo polo tay ngắn,1,1,1,1,100.0,áo polo tay ngắn: 1
真空吸力,Hút chân không,1,1,1,1,100.0,Hút chân không: 1
原产国,Quốc gia xuất xứ,1,1,1,1,100.0,Quốc gia xuất xứ: 1
压制松紧,Đàn hồi ép,1,1,1,1,100.0,Đàn hồi ép: 1
厂家联系电话,厂家联系电话,1,1,1,1,100.0,厂家联系电话: 1
厂家直销,Bán hàng trực tiếp tại nhà máy,1,1,1,1,100.0,Bán hàng trực tiếp tại nhà máy: 1
卡头PVC儿童城市回,Thẻ đầu PVC trẻ em trở lại thành phố,1,1,1,1,100.0,Thẻ đầu PVC trẻ em trở lại thành phố: 1
南通家纺四件套,Bộ đồ dệt gia dụng Nam Thông bốn món,1,1,1,1,100.0,Bộ đồ dệt gia dụng Nam Thông bốn món: 1
卖点二,Điểm bán hàng thứ hai,1,1,1,1,100.0,Điểm bán hàng thứ hai: 1
卖点三,Điểm bán hàng thứ ba,1,1,1,1,100.0,Điểm bán hàng thứ ba: 1
卖点一,Điểm nổi bật số một,1,1,1,1,100.0,Điểm nổi bật số một: 1
单重,单重,1,1,1,1,100.0,单重: 1
单耳续航,Thời lượng pin của một tai nghe,1,1,1,1,100.0,Thời lượng pin của một tai nghe: 1
空间,không gian,1,1,1,1,100.0,không gian: 1
税,税,1,1,1,1,100.0,税: 1
秒变17手机壳,Biến thành 17 vỏ điện thoại trong vài giây,1,1,1,1,100.0,Biến thành 17 vỏ điện thoại trong vài giây: 1
科教玩具类型,Loại đồ chơi khoa học và giáo dục,1,1,1,1,100.0,Loại đồ chơi khoa học và giáo dục: 1
秋款男鞋,Giày nam mùa thu,1,1,1,1,100.0,Giày nam mùa thu: 1
华为正品耳机,Tai nghe chính hãng Huawei,1,1,1,1,100.0,Tai nghe chính hãng Huawei: 1
半亩花田洗面奶,半亩花田洗面奶,1,1,1,1,100.0,半亩花田洗面奶: 1
半亩花田洗发水,Dầu gội cánh đồng hoa nửa mẫu Anh,1,1,1,1,100.0,Dầu gội cánh đồng hoa nửa mẫu Anh: 1
半亩花田,Nửa mẫu ruộng hoa,1,1,1,1,100.0,Nửa mẫu ruộng hoa: 1
十字架,Cây Thánh Giá,1,1,1,1,100.0,Cây Thánh Giá: 1
化妆品收纳盒,化妆品收纳盒,1,1,1,1,100.0,化妆品收纳盒: 1
马卡龙彩色,Màu macaron,1,1,1,1,100.0,Màu macaron: 1
化妆品备案编号,Số đăng ký mỹ phẩm,1,1,1,1,100.0,Số đăng ký mỹ phẩm: 1
化妆品备案,Đăng ký mỹ phẩm,1,1,1,1,100.0,Đăng ký mỹ phẩm: 1
箱规重量,Số tạp chí,1,1,1,1,100.0,Số tạp chí: 1
箱规数量,箱规数量,1,1,1,1,100.0,箱规数量: 1
箱规尺寸,Kích thước thùng,1,1,1,1,100.0,Kích thước thùng: 1
箱数,Số hộp,1,1,1,1,100.0,Số hộp: 1
高支高密,高支高密,1,1,1,1,100.0,高支高密: 1
印刷LOGO,In biểu tượng,1,1,1,1,100.0,In biểu tượng: 1
卡通、动漫类型,Phim hoạt hình và các loại hình vẽ hoạt hình,1,1,1,1,100.0,Phim hoạt hình và các loại hình vẽ hoạt hình: 1
紫金藤茶,Trà Tử Kim Đằng,1,1,1,1,100.0,Trà Tử Kim Đằng: 1
紫色莓茶,Trà dâu tím,1,1,1,1,100.0,Trà dâu tím: 1
系列3,Dòng sản phẩm Series 3,1,1,1,1,100.0,Dòng sản phẩm Series 3: 1
糯米香小茶饼,Bánh trà nhỏ thơm nếp,1,1,1,1,100.0,Bánh trà nhỏ thơm nếp: 1
糖种类,Loại đường,1,1,1,1,100.0,Loại đường: 1
高清行车记录仪,Máy ghi âm lái xe HD,1,1,1,1,100.0,Máy ghi âm lái xe HD: 1
精品托特包手提托特包,Túi xách cao cấp,1,1,1,1,100.0,Túi xách cao cấp: 1
粘贴残留性,Cặn dính,1,1,1,1,100.0,Cặn dính: 1
类型3,类型3,1,1,1,1,100.0,类型3: 1
类别3,Thể loại 3,1,1,1,1,100.0,Thể loại 3: 1
类别2,Thể loại 2,1,1,1,1,100.0,Thể loại 2: 1
类别1,Thể loại 1,1,1,1,1,100.0,Thể loại 1: 1
单品规格,单品规格,1,1,1,1,100.0,单品规格: 1
单个承重,单个承重,1,1,1,1,100.0,单个承重: 1
华强北新款蓝牙耳机,Tai nghe Bluetooth mới của Huaqiangbei,1,1,1,1,100.0,Tai nghe Bluetooth mới của Huaqiangbei: 1
华强北,Hoa Cường Bắc,1,1,1,1,100.0,Hoa Cường Bắc: 1
纱织,sợi dệt,1,1,1,1,100.0,sợi dệt: 1
化妆包,化妆包,1,1,1,1,100.0,化妆包: 1
化妆,化妆,1,1,1,1,100.0,化妆: 1
包裹部位,包裹部位,1,1,1,1,100.0,包裹部位: 1
包装重量,Trọng lượng đóng gói,1,1,1,1,100.0,Trọng lượng đóng gói: 1
包装袋,túi đóng gói,1,1,1,1,100.0,túi đóng gói: 1
纯色体恤,Áo thun màu trơn,1,1,1,1,100.0,Áo thun màu trơn: 1
纯色t恤,áo thun màu trơn,1,1,1,1,100.0,áo thun màu trơn: 1
纯棉短袖,Cộc tay 100% cotton,1,1,1,1,100.0,Cộc tay 100% cotton: 1
纯棉四件套全棉,纯棉四件套全棉,1,1,1,1,100.0,纯棉四件套全棉: 1
纯棉四件套不起球,Bộ bốn món cotton 100% không xù lông.,1,1,1,1,100.0,Bộ bốn món cotton 100% không xù lông.: 1
纯棉四件套a类,Bộ bốn món cotton 100% loại A,1,1,1,1,100.0,Bộ bốn món cotton 100% loại A: 1
纯棉全棉四件套,Bộ bốn món cotton 100%,1,1,1,1,100.0,Bộ bốn món cotton 100%: 1
纯棉t恤男,纯棉t恤男,1,1,1,1,100.0,纯棉t恤男: 1
纯度,Độ tinh khiết,1,1,1,1,100.0,Độ tinh khiết: 1
红色箱子陪嫁箱旅行包,"Hộp Đỏ Đựng Đồ Cưới, Túi Du Lịch",1,1,1,1,100.0,"Hộp Đỏ Đựng Đồ Cưới, Túi Du Lịch: 1"
包包收纳盒,Hộp đựng túi xách,1,1,1,1,100.0,Hộp đựng túi xách: 1
包包尺寸,Kích thước túi,1,1,1,1,100.0,Kích thước túi: 1
飞盘,như chơi đùa,1,1,1,1,100.0,như chơi đùa: 1
动物分类,Phân loại động vật,1,1,1,1,100.0,Phân loại động vật: 1
加盟分销门槛 无门,Ngưỡng phân phối nhượng quyền Không có ngưỡng,1,1,1,1,100.0,Ngưỡng phân phối nhượng quyền Không có ngưỡng: 1
结构特性,Đặc điểm cấu trúc,1,1,1,1,100.0,Đặc điểm cấu trúc: 1
结构形式,结构形式,1,1,1,1,100.0,结构形式: 1
香菜小葱收纳盒,香菜小葱收纳盒,1,1,1,1,100.0,香菜小葱收纳盒: 1
结婚陪嫁行李箱红色,vali cưới màu đỏ,1,1,1,1,100.0,vali cưới màu đỏ: 1
结婚,đám cưới,1,1,1,1,100.0,đám cưới: 1
经营模式,Mô hình kinh doanh,1,1,1,1,100.0,Mô hình kinh doanh: 1
细节,Chi tiết,1,1,1,1,100.0,Chi tiết: 1
细圈磁吸简约高级感,Vòng mỏng hút từ tính đơn giản và cao cấp,1,1,1,1,100.0,Vòng mỏng hút từ tính đơn giản và cao cấp: 1
细分风格,Phong cách phân khúc,1,1,1,1,100.0,Phong cách phân khúc: 1
3C编码,3C编码,1,1,1,1,100.0,3C编码: 1
纸盒,纸盒,1,1,1,1,100.0,纸盒: 1
美拉德亮面翻盖腋下包,美拉德亮面翻盖腋下包,1,1,1,1,100.0,美拉德亮面翻盖腋下包: 1
美式,mỹ,1,1,1,1,100.0,mỹ: 1
美妆工具分类,Danh mục dụng cụ làm đẹp,1,1,1,1,100.0,Danh mục dụng cụ làm đẹp: 1
网红单品,Các mặt hàng nổi tiếng trên Internet,1,1,1,1,100.0,Các mặt hàng nổi tiếng trên Internet: 1
网红代发工厂,Nhà máy đại lý nổi tiếng trên mạng,1,1,1,1,100.0,Nhà máy đại lý nổi tiếng trên mạng: 1
缸体规格,Thông số kỹ thuật khối xi lanh,1,1,1,1,100.0,Thông số kỹ thuật khối xi lanh: 1
绿色食品认证编号,Số chứng nhận thực phẩm xanh,1,1,1,1,100.0,Số chứng nhận thực phẩm xanh: 1
加工能力,Công suất chế biến,1,1,1,1,100.0,Công suất chế biến: 1
加工周期,加工周期,1,1,1,1,100.0,加工周期: 1
功能部位,Bộ phận chức năng,1,1,1,1,100.0,Bộ phận chức năng: 1
300ml包装尺寸,300ml包装尺寸,1,1,1,1,100.0,300ml包装尺寸: 1
功能1,Chức năng 1,1,1,1,1,100.0,Chức năng 1: 1
功效1,Hiệu quả 1,1,1,1,1,100.0,Hiệu quả 1: 1
包装内袋,Túi bên trong của bao bì,1,1,1,1,100.0,Túi bên trong của bao bì: 1
包装logo,Logo bao bì,1,1,1,1,100.0,Logo bao bì: 1
30*30cm克重,Trọng lượng 30*30 cm,1,1,1,1,100.0,Trọng lượng 30*30 cm: 1
刷毛特性,Đặc tính chải,1,1,1,1,100.0,Đặc tính chải: 1
刷子颜色,màu cọ,1,1,1,1,100.0,màu cọ: 1
24寸行李箱22寸,24inch x Hành lý 22inch,1,1,1,1,100.0,24inch x Hành lý 22inch: 1
制鞋工艺,Công nghệ sản xuất giày,1,1,1,1,100.0,Công nghệ sản xuất giày: 1
20寸,20寸,1,1,1,1,100.0,20寸: 1
2025新款记录仪,Máy ghi âm mới 2025,1,1,1,1,100.0,Máy ghi âm mới 2025: 1
初高中大容量双肩背包,Ba lô dung tích lớn dành cho trường trung học,1,1,1,1,100.0,Ba lô dung tích lớn dành cho trường trung học: 1
分销渠道,kênh phân phối,1,1,1,1,100.0,kênh phân phối: 1
分销服务,Dịch vụ phân phối,1,1,1,1,100.0,Dịch vụ phân phối: 1
耳饰包装盒，发夹包装,耳饰包装盒，发夹包装,1,1,1,1,100.0,耳饰包装盒，发夹包装: 1
耳机款式,耳机款式,1,1,1,1,100.0,耳机款式: 1
2024新款行车记录,2024 kỷ lục lái xe mới,1,1,1,1,100.0,2024 kỷ lục lái xe mới: 1
耐热性能,Khả năng chịu nhiệt,1,1,1,1,100.0,Khả năng chịu nhiệt: 1
耐温范围,耐温范围,1,1,1,1,100.0,耐温范围: 1
老白茶部分原料产地,Nguồn gốc của một số nguyên liệu trà trắng cũ,1,1,1,1,100.0,Nguồn gốc của một số nguyên liệu trà trắng cũ: 1
美秘意,Bí quyết làm đẹp,1,1,1,1,100.0,Bí quyết làm đẹp: 1
自定义,Tùy chỉnh,1,1,1,1,100.0,Tùy chỉnh: 1
腮红、高光,"Phấn má hồng, phấn highlight",1,1,1,1,100.0,"Phấn má hồng, phấn highlight: 1"
能否定制,能否定制,1,1,1,1,100.0,能否定制: 1
能否套装,Bạn có thể đặt nó,1,1,1,1,100.0,Bạn có thể đặt nó: 1
胶原灌注面膜抖音同款,Mặt nạ tưới collagen cùng mẫu với Douyin,1,1,1,1,100.0,Mặt nạ tưới collagen cùng mẫu với Douyin: 1
背胶类型,Loại keo,1,1,1,1,100.0,Loại keo: 1
背法场景结构,背法场景结构,1,1,1,1,100.0,背法场景结构: 1
背法、场景、结构,"Phương pháp mang, bối cảnh, cấu trúc",1,1,1,1,100.0,"Phương pháp mang, bối cảnh, cấu trúc: 1"
背带长短,Chiều dài dây đeo,1,1,1,1,100.0,Chiều dài dây đeo: 1
背带特点,Đặc điểm của dây đeo,1,1,1,1,100.0,Đặc điểm của dây đeo: 1
背包尺寸,背包尺寸,1,1,1,1,100.0,背包尺寸: 1
肩带背法,肩带背法,1,1,1,1,100.0,肩带背法: 1
肉类产品,Sản phẩm thịt,1,1,1,1,100.0,Sản phẩm thịt: 1
前后录像,Video trước và sau,1,1,1,1,100.0,Video trước và sau: 1
剂型,Dạng bào chế,1,1,1,1,100.0,Dạng bào chế: 1
刻度,quy mô,1,1,1,1,100.0,quy mô: 1
花茶独立小包装,Mẫu mã,1,1,1,1,100.0,Mẫu mã: 1
分销2,Phân phối 2,1,1,1,1,100.0,Phân phối 2: 1
分销,Phân phối,1,1,1,1,100.0,Phân phối: 1
分格收纳盒,Hộp đựng đồ có ngăn,1,1,1,1,100.0,Hộp đựng đồ có ngăn: 1
分区比例,Tỷ lệ phân vùng,1,1,1,1,100.0,Tỷ lệ phân vùng: 1
刀具类型,Loại dao,1,1,1,1,100.0,Loại dao: 1
出风口,Cửa thoát gió,1,1,1,1,100.0,Cửa thoát gió: 1
出口跨境专供,Xuất khẩu cung cấp độc quyền xuyên biên giới,1,1,1,1,100.0,Xuất khẩu cung cấp độc quyền xuyên biên giới: 1
出口国家,Nước xuất khẩu,1,1,1,1,100.0,Nước xuất khẩu: 1
芦荟面膜,Mặt nạ lô hội,1,1,1,1,100.0,Mặt nạ lô hội: 1
芒果乌龙茶,Trà Xoài Ô Long,1,1,1,1,100.0,Trà Xoài Ô Long: 1
0寸wifi手机互联,0inch kết nối điện thoại di động wifi,1,1,1,1,100.0,0inch kết nối điện thoại di động wifi: 1
舒适男鞋,Giày nam thoải mái,1,1,1,1,100.0,Giày nam thoải mái: 1
自重,tự trọng,1,1,1,1,100.0,tự trọng: 1
自有品牌,自有品牌,1,1,1,1,100.0,自有品牌: 1
自带快充线,Tặng kèm cáp sạc nhanh,1,1,1,1,100.0,Tặng kèm cáp sạc nhanh: 1
冷泡果茶,冷泡果茶,1,1,1,1,100.0,冷泡果茶: 1
黑色链条重量,Trọng lượng dây xích đen,1,1,1,1,100.0,Trọng lượng dây xích đen: 1
内饰,nội thất,1,1,1,1,100.0,nội thất: 1
茶包,茶包,1,1,1,1,100.0,茶包: 1
茉莉红茶,Trà đen hoa nhài,1,1,1,1,100.0,Trà đen hoa nhài: 1
苹果黄芪水,苹果黄芪水,1,1,1,1,100.0,苹果黄芪水: 1
苹果蓝牙耳机,Tai nghe Bluetooth của Apple,1,1,1,1,100.0,Tai nghe Bluetooth của Apple: 1
苹果耳机,tai nghe apple,1,1,1,1,100.0,tai nghe apple: 1
食品生产许可编号,食品生产许可编号,1,1,1,1,100.0,食品生产许可编号: 1
苹果,táo,1,1,1,1,100.0,táo: 1
英文品牌,英文品牌,1,1,1,1,100.0,英文品牌: 1
英文关键词,Từ khóa tiếng Anh,1,1,1,1,100.0,Từ khóa tiếng Anh: 1
芽尖莓茶,芽尖莓茶,1,1,1,1,100.0,芽尖莓茶: 1
芽尖碎芽,mẹo nụ nụ bị gãy,1,1,1,1,100.0,mẹo nụ nụ bị gãy: 1
花边领口,Cổ viền hoa,1,1,1,1,100.0,Cổ viền hoa: 1
花茶礼盒,Hộp quà trà hoa,1,1,1,1,100.0,Hộp quà trà hoa: 1
蔻家托特包,蔻家托特包,1,1,1,1,100.0,蔻家托特包: 1
蓝牙芯片,Chip Bluetooth,1,1,1,1,100.0,Chip Bluetooth: 1
3C认证码,Mã chứng nhận 3C,1,1,1,1,100.0,Mã chứng nhận 3C: 1
蓝牙版本,Phiên bản Bluetooth,1,1,1,1,100.0,Phiên bản Bluetooth: 1
菱格包,Túi kim cương,1,1,1,1,100.0,Túi kim cương: 1
菊花决明子茶,Trà hoa cúc và quyết minh tử,1,1,1,1,100.0,Trà hoa cúc và quyết minh tử: 1
莆田运动鞋；鞋子男鞋,Giày thể thao Putian; giày nam,1,1,1,1,100.0,Giày thể thao Putian; giày nam: 1
茶饼,bánh trà,1,1,1,1,100.0,bánh trà: 1
茶汤,Súp trà,1,1,1,1,100.0,Súp trà: 1
茶叶品类属性,茶叶品类属性,1,1,1,1,100.0,茶叶品类属性: 1
茶叶包装,茶叶包装,1,1,1,1,100.0,茶叶包装: 1
茶叶,Trà,1,1,1,1,100.0,Trà: 1
茶包独立小包装,Mẫu mã,1,1,1,1,100.0,Mẫu mã: 1
减负轻便学生背包,减负轻便学生背包,1,1,1,1,100.0,减负轻便学生背包: 1
我们还能做什么,Chúng ta có thể làm gì khác,1,1,1,1,100.0,Chúng ta có thể làm gì khác: 1
冷泡茶,冷泡茶,1,1,1,1,100.0,冷泡茶: 1
内衣内裤收纳盒尺寸,Kích thước hộp đựng đồ lót,1,1,1,1,100.0,Kích thước hộp đựng đồ lót: 1
内衣内裤收纳盒克重,内衣内裤收纳盒克重,1,1,1,1,100.0,内衣内裤收纳盒克重: 1
内胆类型,Loại lót bên trong,1,1,1,1,100.0,Loại lót bên trong: 1
内存卡,thẻ nhớ,1,1,1,1,100.0,thẻ nhớ: 1
养生茶包,养生茶包,1,1,1,1,100.0,养生茶包: 1
我们还能为您服务,我们还能为您服务,1,1,1,1,100.0,我们还能为您服务: 1
街头男装,Trang Phục Nam đường phố,1,1,1,1,100.0,Trang Phục Nam đường phố: 1
行车记录器4k,máy ghi âm lái xe 4k,1,1,1,1,100.0,máy ghi âm lái xe 4k: 1
行车记录仪高清夜视W,Máy ghi âm lái xe HD tầm nhìn ban đêm W,1,1,1,1,100.0,Máy ghi âm lái xe HD tầm nhìn ban đêm W: 1
行车记录仪声控ADA,Máy ghi âm lái xe ADA điều khiển bằng giọng nói,1,1,1,1,100.0,Máy ghi âm lái xe ADA điều khiển bằng giọng nói: 1
行李箱定制,Tùy chỉnh hành lý,1,1,1,1,100.0,Tùy chỉnh hành lý: 1
行李箱万向轮静音皮箱,"Vali Hành Lý Bánh Xe Đa Năng, Bền Bỉ, Chất Liệu Da Cao Cấp, Êm Ái.",1,1,1,1,100.0,"Vali Hành Lý Bánh Xe Đa Năng, Bền Bỉ, Chất Liệu Da Cao Cấp, Êm Ái.: 1"
情侣鞋,giày đôi,1,1,1,1,100.0,giày đôi: 1
行李包旅行箱拉杆箱,Túi hành lý vali kéo vali,1,1,1,1,100.0,Túi hành lý vali kéo vali: 1
蟠桃唇蜜J口红L,Son bóng Peach Kiss J Lipstick L,1,1,1,1,100.0,Son bóng Peach Kiss J Lipstick L: 1
蜜桃乌龙茶商用,Trà Ô Long Đào - Loại Thương Mại,1,1,1,1,100.0,Trà Ô Long Đào - Loại Thương Mại: 1
其他款,Phong cách khác,1,1,1,1,100.0,Phong cách khác: 1
其他名称,Tên khác,1,1,1,1,100.0,Tên khác: 1
其他2,Khác 2,1,1,1,1,100.0,Khác 2: 1
其他1,Khác 1,1,1,1,1,100.0,Khác 1: 1
六大乌龙茶明细表,六大乌龙茶明细表,1,1,1,1,100.0,六大乌龙茶明细表: 1
公司,Công ty,1,1,1,1,100.0,Công ty: 1
表面效果,Hiệu ứng bề mặt,1,1,1,1,100.0,Hiệu ứng bề mặt: 1
悬挂形式,Hình thức treo,1,1,1,1,100.0,Hình thức treo: 1
补水面膜,补水面膜,1,1,1,1,100.0,补水面膜: 1
性别,Giới tính,1,1,1,1,100.0,Giới tính: 1
衣物收纳筐,Mẫu mã,1,1,1,1,100.0,Mẫu mã: 1
衣物收纳盒,Hộp đựng quần áo,1,1,1,1,100.0,Hộp đựng quần áo: 1
衣架保险柜,Két sắt treo quần áo,1,1,1,1,100.0,Két sắt treo quần áo: 1
快递,快递,1,1,1,1,100.0,快递: 1
内衬,lớp lót,1,1,1,1,100.0,lớp lót: 1
内衣内裤收纳盒箱规,内衣内裤收纳盒箱规,1,1,1,1,100.0,内衣内裤收纳盒箱规: 1
全皮料款,Mẫu chất liệu da,1,1,1,1,100.0,Mẫu chất liệu da: 1
全皮,全皮,1,1,1,1,100.0,全皮: 1
全棉短袖T恤,Áo thun cotton ngắn tay,1,1,1,1,100.0,Áo thun cotton ngắn tay: 1
全国工业生产许可证编,Số giấy phép sản xuất công nghiệp quốc gia,1,1,1,1,100.0,Số giấy phép sản xuất công nghiệp quốc gia: 1
全PU 重量,Trọng lượng PU đầy đủ,1,1,1,1,100.0,Trọng lượng PU đầy đủ: 1
充电性能,Hiệu suất sạc,1,1,1,1,100.0,Hiệu suất sạc: 1
快充、大容量,"Sạc nhanh, dung lượng lớn",1,1,1,1,100.0,"Sạc nhanh, dung lượng lớn: 1"
装箱重量,Trọng lượng đóng gói,1,1,1,1,100.0,Trọng lượng đóng gói: 1
装箱规格/产品参数,装箱规格/产品参数,1,1,1,1,100.0,装箱规格/产品参数: 1
德训男鞋,Giày Tập Luyện Quân Đội Đức Cho Nam Giới,1,1,1,1,100.0,Giày Tập Luyện Quân Đội Đức Cho Nam Giới: 1
装箱箱规,Thông số kỹ thuật hộp đóng gói,1,1,1,1,100.0,Thông số kỹ thuật hộp đóng gói: 1
循环录像,Video vòng lặp,1,1,1,1,100.0,Video vòng lặp: 1
装箱个数,Số lượng hộp,1,1,1,1,100.0,Số lượng hộp: 1
被罩适用,Vỏ chăn phù hợp,1,1,1,1,100.0,Vỏ chăn phù hợp: 1
被子重量,Trọng lượng chăn,1,1,1,1,100.0,Trọng lượng chăn: 1
其它,khác,1,1,1,1,100.0,khác: 1
订制颜色,Màu sắc tùy chỉnh,1,1,1,1,100.0,Màu sắc tùy chỉnh: 1
订制尺寸,Kích thước tùy chỉnh,1,1,1,1,100.0,Kích thước tùy chỉnh: 1
角度,Góc,1,1,1,1,100.0,Góc: 1
视频格式,định dạng video,1,1,1,1,100.0,định dạng video: 1
视频分辨率,Độ phân giải video,1,1,1,1,100.0,Độ phân giải video: 1
规格（长*宽cm）,规格（长*宽cm）,1,1,1,1,100.0,规格（长*宽cm）: 1
裤子类型,Kiểu quần,1,1,1,1,100.0,Kiểu quần: 1
徒步包,Túi đi bộ,1,1,1,1,100.0,Túi đi bộ: 1
儿童卡头袋装城市小汽,Túi đựng thẻ trẻ em,1,1,1,1,100.0,Túi đựng thẻ trẻ em: 1
储物柜,Tủ đựng đồ,1,1,1,1,100.0,Tủ đựng đồ: 1
做工,做工,1,1,1,1,100.0,做工: 1
倒车可视,Đảo ngược có thể nhìn thấy,1,1,1,1,100.0,Đảo ngược có thể nhìn thấy: 1
保鲜盒,hộp đựng đồ giòn,1,1,1,1,100.0,hộp đựng đồ giòn: 1
公主裙,Váy công chúa,1,1,1,1,100.0,Váy công chúa: 1
八宝茶,Trà Bát Bảo,1,1,1,1,100.0,Trà Bát Bảo: 1
全皮料款重量,Trọng lượng da nguyên miếng,1,1,1,1,100.0,Trọng lượng da nguyên miếng: 1
使用周期,使用周期,1,1,1,1,100.0,使用周期: 1
首饰珠宝盒,首饰珠宝盒,1,1,1,1,100.0,首饰珠宝盒: 1
保护套,Vỏ bảo vệ,1,1,1,1,100.0,Vỏ bảo vệ: 1
保健食品标志,Biểu tượng thực phẩm chức năng,1,1,1,1,100.0,Biểu tượng thực phẩm chức năng: 1
保健功能,Chức năng sức khỏe,1,1,1,1,100.0,Chức năng sức khỏe: 1
录像功能,录像功能,1,1,1,1,100.0,录像功能: 1
使用部位,使用部位,1,1,1,1,100.0,使用部位: 1
语音提示,语音提示,1,1,1,1,100.0,语音提示: 1
详细,详细,1,1,1,1,100.0,详细: 1
弹射竹蜻蜓,弹射竹蜻蜓,1,1,1,1,100.0,弹射竹蜻蜓: 1
许可证编号,Số giấy phép,1,1,1,1,100.0,Số giấy phép: 1
许可编码,mã giấy phép,1,1,1,1,100.0,mã giấy phép: 1
记录仪2,Máy ghi âm 2,1,1,1,1,100.0,Máy ghi âm 2: 1
记录仪1,Máy ghi âm 1,1,1,1,1,100.0,Máy ghi âm 1: 1
弹力等级,Mức độ đàn hồi,1,1,1,1,100.0,Mức độ đàn hồi: 1
张家界莓茶,张家界莓茶,1,1,1,1,100.0,张家界莓茶: 1
仓储情况,Tình hình kho bãi,1,1,1,1,100.0,Tình hình kho bãi: 1
人仔类型,人仔类型,1,1,1,1,100.0,人仔类型: 1
亲肤柔护,亲肤柔护,1,1,1,1,100.0,亲肤柔护: 1
产地（国内）,Xuất xứ (trong nước),1,1,1,1,100.0,Xuất xứ (trong nước): 1
产品风格,Kiểu dáng sản phẩm,1,1,1,1,100.0,Kiểu dáng sản phẩm: 1
货号001,Mã số 001,1,1,1,1,100.0,Mã số 001: 1
货号-2,货号-2,1,1,1,1,100.0,货号-2: 1
张家界特产,Mẫu mã,1,1,1,1,100.0,Mẫu mã: 1
货号++,Mã sản phẩm++,1,1,1,1,100.0,Mã sản phẩm++: 1
开盖方式1,开盖方式1,1,1,1,1,100.0,开盖方式1: 1
调香师,Máy pha nước hoa,1,1,1,1,100.0,Máy pha nước hoa: 1
读取速度,Tốc độ đọc,1,1,1,1,100.0,Tốc độ đọc: 1
语音播报,Phát giọng nói,1,1,1,1,100.0,Phát giọng nói: 1
使用时段,Thời gian sử dụng,1,1,1,1,100.0,Thời gian sử dụng: 1
使用方法,Cách sử dụng,1,1,1,1,100.0,Cách sử dụng: 1
使用多久有效果,使用多久有效果,1,1,1,1,100.0,使用多久有效果: 1
产品类目,产品类目,1,1,1,1,100.0,产品类目: 1
产品的类别,产品的类别,1,1,1,1,100.0,产品的类别: 1
贴标,Ghi nhãn,1,1,1,1,100.0,Ghi nhãn: 1
质量等级,cấp chất lượng,1,1,1,1,100.0,cấp chất lượng: 1
质量与做工,Chất lượng và tay nghề,1,1,1,1,100.0,Chất lượng và tay nghề: 1
质检标准,质检标准,1,1,1,1,100.0,质检标准: 1
质地温和,质地温和,1,1,1,1,100.0,质地温和: 1
质保,质保,1,1,1,1,100.0,质保: 1
货源、代工、发货,"Nguồn hàng, OEM, giao hàng",1,1,1,1,100.0,"Nguồn hàng, OEM, giao hàng: 1"
货品,Hàng hóa,1,1,1,1,100.0,Hàng hóa: 1
开模定制,Thiết kế và sản xuất khuôn mẫu tùy chỉnh,1,1,1,1,100.0,Thiết kế và sản xuất khuôn mẫu tùy chỉnh: 1
开关logo,chuyển đổi logo,1,1,1,1,100.0,chuyển đổi logo: 1
手机互联前后左右四录,Bốn bản ghi trước và sau khi kết nối điện thoại di động,1,1,1,1,100.0,Bốn bản ghi trước và sau khi kết nối điện thoại di động: 1
休闲活泼的多口袋学生,休闲活泼的多口袋学生,1,1,1,1,100.0,休闲活泼的多口袋学生: 1
代理类型,Loại hình đại lý,1,1,1,1,100.0,Loại hình đại lý: 1
手持奶瓶,Bình sữa cầm tay,1,1,1,1,100.0,Bình sữa cầm tay: 1
跨境新款跨境,Xuyên biên giới mới xuyên biên giới,1,1,1,1,100.0,Xuyên biên giới mới xuyên biên giới: 1
跨境批发双肩包,跨境批发双肩包,1,1,1,1,100.0,跨境批发双肩包: 1
手感/触感,Cảm giác khi chạm vào,1,1,1,1,100.0,Cảm giác khi chạm vào: 1
跨境女士包包定制,跨境女士包包定制,1,1,1,1,100.0,跨境女士包包定制: 1
跨境大码,Kích thước Plus xuyên biên giới,1,1,1,1,100.0,Kích thước Plus xuyên biên giới: 1
手工,Thủ công,1,1,1,1,100.0,Thủ công: 1
手办展示盒,手办展示盒,1,1,1,1,100.0,手办展示盒: 1
跨境专供,跨境专供,1,1,1,1,100.0,跨境专供: 1
跟高,Chiều cao gót chân,1,1,1,1,100.0,Chiều cao gót chân: 1
跟底款式,Kiểu đế gót,1,1,1,1,100.0,Kiểu đế gót: 1
超级快充,sạc siêu nhanh,1,1,1,1,100.0,sạc siêu nhanh: 1
超大容量行李箱密码箱,Vali hành lý sức chứa cực lớn,1,1,1,1,100.0,Vali hành lý sức chứa cực lớn: 1
起泡抹布,Giẻ tạo bọt,1,1,1,1,100.0,Giẻ tạo bọt: 1
贴牌,OEM,1,1,1,1,100.0,OEM: 1
所属分类,Phân loại,1,1,1,1,100.0,Phân loại: 1
产品结构,Cấu trúc sản phẩm,1,1,1,1,100.0,Cấu trúc sản phẩm: 1
轮子样式,phong cách bánh xe,1,1,1,1,100.0,phong cách bánh xe: 1
轮子数量,Số lượng bánh xe,1,1,1,1,100.0,Số lượng bánh xe: 1
轨道规格,Thông số kỹ thuật của ray,1,1,1,1,100.0,Thông số kỹ thuật của ray: 1
轨道火车玩具,轨道火车玩具,1,1,1,1,100.0,轨道火车玩具: 1
车载挂件,车载挂件,1,1,1,1,100.0,车载挂件: 1
车贴类型,Loại hình dán xe,1,1,1,1,100.0,Loại hình dán xe: 1
户外登山包,户外登山包,1,1,1,1,100.0,户外登山包: 1
车内饰品,phụ kiện nội thất ô tô,1,1,1,1,100.0,phụ kiện nội thất ô tô: 1
车内镜头角度,Góc ống kính trên ô tô,1,1,1,1,100.0,Góc ống kính trên ô tô: 1
车内录像,Video trong xe,1,1,1,1,100.0,Video trong xe: 1
跳跳玩具类别,Loại đồ chơi nhảy,1,1,1,1,100.0,Loại đồ chơi nhảy: 1
床笠款四件套,床笠款四件套,1,1,1,1,100.0,床笠款四件套: 1
跨境速卖通,跨境速卖通,1,1,1,1,100.0,跨境速卖通: 1
床品四件套a类,Bộ chăn ga gối đệm 4 món loại A,1,1,1,1,100.0,Bộ chăn ga gối đệm 4 món loại A: 1
床单被罩四件套,床单被罩四件套,1,1,1,1,100.0,床单被罩四件套: 1
床单被罩三件套,床单被罩三件套,1,1,1,1,100.0,床单被罩三件套: 1
产品款式,产品款式,1,1,1,1,100.0,产品款式: 1
产品标题3,Tiêu đề sản phẩm 3,1,1,1,1,100.0,Tiêu đề sản phẩm 3: 1
产品标题2,Tiêu đề sản phẩm 2,1,1,1,1,100.0,Tiêu đề sản phẩm 2: 1
产品标题1,Tiêu đề sản phẩm 1,1,1,1,1,100.0,Tiêu đề sản phẩm 1: 1
产品标准代号,产品标准代号,1,1,1,1,100.0,产品标准代号: 1
产品条码,Mã vạch sản phẩm,1,1,1,1,100.0,Mã vạch sản phẩm: 1
产品条形码,Mã vạch sản phẩm,1,1,1,1,100.0,Mã vạch sản phẩm: 1
产品材质,产品材质,1,1,1,1,100.0,产品材质: 1
产品执行标准,产品执行标准,1,1,1,1,100.0,产品执行标准: 1
产品应用场景02,产品应用场景02,1,1,1,1,100.0,产品应用场景02: 1
输出功电流总功率,Công suất đầu ra dòng điện tổng công suất,1,1,1,1,100.0,Công suất đầu ra dòng điện tổng công suất: 1
输入参数,输入参数,1,1,1,1,100.0,输入参数: 1
软糖果批摆摊,Quầy bán buôn kẹo mềm,1,1,1,1,100.0,Quầy bán buôn kẹo mềm: 1
软硬度,Độ cứng và mềm,1,1,1,1,100.0,Độ cứng và mềm: 1
软底阿甘鞋,Chi tiết dòng sản phẩm,1,1,1,1,100.0,Chi tiết dòng sản phẩm: 1
轮数,Số vòng đấu,1,1,1,1,100.0,Số vòng đấu: 1
适合性别,Phù hợp với giới tính,1,1,1,1,100.0,Phù hợp với giới tính: 1
床上用品 适用,Bộ đồ giường áp dụng,1,1,1,1,100.0,Bộ đồ giường áp dụng: 1
床上用品 套件 适用,Mẫu mã,1,1,1,1,100.0,Mẫu mã: 1
适合场所,Nơi thích hợp,1,1,1,1,100.0,Nơi thích hợp: 1
运动鞋秋季；男生鞋子,运动鞋秋季；男生鞋子,1,1,1,1,100.0,运动鞋秋季；男生鞋子: 1
运动鞋男,giày thể thao nam,1,1,1,1,100.0,giày thể thao nam: 1
运动鞋,Giày thể thao,1,1,1,1,100.0,Giày thể thao: 1
运动男鞋,运动男鞋,1,1,1,1,100.0,运动男鞋: 1
过滤网,Bộ lọc,1,1,1,1,100.0,Bộ lọc: 1
边缘处理,Xử lý cạnh,1,1,1,1,100.0,Xử lý cạnh: 1
输出接口,Giao diện đầu ra,1,1,1,1,100.0,Giao diện đầu ra: 1
广州双肩包源头工厂,广州双肩包源头工厂,1,1,1,1,100.0,广州双肩包源头工厂: 1
产品特色,Tính năng sản phẩm,1,1,1,1,100.0,Tính năng sản phẩm: 1
产品特点,Đặc điểm sản phẩm,1,1,1,1,100.0,Đặc điểm sản phẩm: 1
产品特性,Tính năng sản phẩm,1,1,1,1,100.0,Tính năng sản phẩm: 1
产品版本,Phiên bản sản phẩm,1,1,1,1,100.0,Phiên bản sản phẩm: 1
产品工艺,产品工艺,1,1,1,1,100.0,产品工艺: 1
产品属性3,产品属性3,1,1,1,1,100.0,产品属性3: 1
产品属性2,Thuộc tính sản phẩm 2,1,1,1,1,100.0,Thuộc tính sản phẩm 2: 1
产品属性1,产品属性1,1,1,1,1,100.0,产品属性1: 1
产品属性*,Thuộc tính sản phẩm *,1,1,1,1,100.0,Thuộc tính sản phẩm *: 1
产品图案,产品图案,1,1,1,1,100.0,产品图案: 1
产品品类,Danh mục sản phẩm,1,1,1,1,100.0,Danh mục sản phẩm: 1
产品名称美白洗面奶,Tên sản phẩm Sữa rửa mặt làm trắng,1,1,1,1,100.0,Tên sản phẩm Sữa rửa mặt làm trắng: 1
产品名称4,Tên sản phẩm 4,1,1,1,1,100.0,Tên sản phẩm 4: 1
适用产品类型,Loại sản phẩm áp dụng,1,1,1,1,100.0,Loại sản phẩm áp dụng: 1
适用于车型,Áp dụng cho các mẫu xe,1,1,1,1,100.0,Áp dụng cho các mẫu xe: 1
适用于,Thích hợp cho,1,1,1,1,100.0,Thích hợp cho: 1
适用 场景,Các tình huống áp dụng,1,1,1,1,100.0,Các tình huống áp dụng: 1
广州协和冷敷贴,Miếng dán lạnh Concord Quảng Châu,1,1,1,1,100.0,Miếng dán lạnh Concord Quảng Châu: 1
适应年龄,Độ tuổi thích ứng,1,1,1,1,100.0,Độ tuổi thích ứng: 1
适合用途,Thích hợp để sử dụng,1,1,1,1,100.0,Thích hợp để sử dụng: 1
云南鲜花饼,Bánh hoa Vân Nam,1,1,1,1,100.0,Bánh hoa Vân Nam: 1
书包ins小众,书包ins小众,1,1,1,1,100.0,书包ins小众: 1
扩展功能,Mở rộng chức năng,1,1,1,1,100.0,Mở rộng chức năng: 1
乐福鞋,乐福鞋,1,1,1,1,100.0,乐福鞋: 1
打底衫男,áo sơ mi nam đáy,1,1,1,1,100.0,áo sơ mi nam đáy: 1
适用地方,Nơi áp dụng,1,1,1,1,100.0,Nơi áp dụng: 1
适用人数,Số người áp dụng,1,1,1,1,100.0,Số người áp dụng: 1
产品包装尺寸,Kích thước bao bì sản phẩm,1,1,1,1,100.0,Kích thước bao bì sản phẩm: 1
产品包装,Bao bì sản phẩm,1,1,1,1,100.0,Bao bì sản phẩm: 1
产品功能,Chức năng sản phẩm,1,1,1,1,100.0,Chức năng sản phẩm: 1
产品功效,Hiệu quả sản phẩm,1,1,1,1,100.0,Hiệu quả sản phẩm: 1
产品别名,Biệt danh sản phẩm,1,1,1,1,100.0,Biệt danh sản phẩm: 1
手柄特色,Tính năng xử lý,1,1,1,1,100.0,Tính năng xử lý: 1
产品净含量,产品净含量,1,1,1,1,100.0,产品净含量: 1
产品主体材质,Chất liệu thân sản phẩm,1,1,1,1,100.0,Chất liệu thân sản phẩm: 1
产品应用场景,Cảnh ứng dụng sản phẩm,1,1,1,1,100.0,Cảnh ứng dụng sản phẩm: 1
主面料产地是否进口,Vải chính có được nhập khẩu không?,1,1,1,1,100.0,Vải chính có được nhập khẩu không?: 1
主要销往平台,Nền tảng bán hàng chính,1,1,1,1,100.0,Nền tảng bán hàng chính: 1
常规功能,常规功能,1,1,1,1,100.0,常规功能: 1
主要适用范围,Phạm vi áp dụng chính,1,1,1,1,100.0,Phạm vi áp dụng chính: 1
主要材质,Vật liệu chính,1,1,1,1,100.0,Vật liệu chính: 1
带线,Có cáp,1,1,1,1,100.0,Có cáp: 1
适用渠道,Các kênh áp dụng,1,1,1,1,100.0,Các kênh áp dụng: 1
适用月龄,适用月龄,1,1,1,1,100.0,适用月龄: 1
产品专利,Bằng sáng chế sản phẩm,1,1,1,1,100.0,Bằng sáng chế sản phẩm: 1
产品 名称,产品 名称,1,1,1,1,100.0,产品 名称: 1
亚马逊速卖通国际站k,亚马逊速卖通国际站k,1,1,1,1,100.0,亚马逊速卖通国际站k: 1
亚克力广告牌尺寸,Acrylic biển quảng cáo kích thước,1,1,1,1,100.0,Acrylic biển quảng cáo kích thước: 1
五种铁观音明细表,Năm danh sách Tieguanyin,1,1,1,1,100.0,Năm danh sách Tieguanyin: 1
五种混搭茶叶明细表,Danh sách năm loại trà trộn và kết hợp,1,1,1,1,100.0,Danh sách năm loại trà trộn và kết hợp: 1
五种武夷系列明细表,Danh sách năm loại dòng Wuyi,1,1,1,1,100.0,Danh sách năm loại dòng Wuyi: 1
带密码锁,Với khóa mật khẩu,1,1,1,1,100.0,Với khóa mật khẩu: 1
主要下游市场,Các thị trường hạ nguồn chính,1,1,1,1,100.0,Các thị trường hạ nguồn chính: 1
主控方案,主控方案,1,1,1,1,100.0,主控方案: 1
主成分含量,主成分含量,1,1,1,1,100.0,主成分含量: 1
帆布鞋,帆布鞋,1,1,1,1,100.0,帆布鞋: 1
主体尺寸,Kích thước cơ thể,1,1,1,1,100.0,Kích thước cơ thể: 1
丰尚45度肤感磁吸手,丰尚45度肤感磁吸手,1,1,1,1,100.0,丰尚45度肤感磁吸手: 1
中秋伴手礼,Quà tặng Trung Thu,1,1,1,1,100.0,Quà tặng Trung Thu: 1
中底材质,Chất liệu đế giữa,1,1,1,1,100.0,Chất liệu đế giữa: 1
透明收纳盒,透明收纳盒,1,1,1,1,100.0,透明收纳盒: 1
透明内防摔磁吸手机壳,Ốp điện thoại từ tính chống rơi bên trong trong suốt,1,1,1,1,100.0,Ốp điện thoại từ tính chống rơi bên trong trong suốt: 1
帆布配色重量,帆布配色重量,1,1,1,1,100.0,帆布配色重量: 1
适用车型年份,Năm mẫu áp dụng,1,1,1,1,100.0,Năm mẫu áp dụng: 1
持久滋润,持久滋润,1,1,1,1,100.0,持久滋润: 1
乌龙茶干茶形状,乌龙茶干茶形状,1,1,1,1,100.0,乌龙茶干茶形状: 1
主题元素,Yếu tố chủ đề,1,1,1,1,100.0,Yếu tố chủ đề: 1
拥有的产品资质,Trình độ sản phẩm sở hữu,1,1,1,1,100.0,Trình độ sản phẩm sở hữu: 1
东方美人,Người đẹp phương Đông,1,1,1,1,100.0,Người đẹp phương Đông: 1
业务,kinh doanh,1,1,1,1,100.0,kinh doanh: 1
不脱妆,Không tẩy trang,1,1,1,1,100.0,Không tẩy trang: 1
不沾杯,不沾杯,1,1,1,1,100.0,不沾杯: 1
拉链品牌,Thương hiệu khóa kéo,1,1,1,1,100.0,Thương hiệu khóa kéo: 1
造型类别,Loại tạo kiểu,1,1,1,1,100.0,Loại tạo kiểu: 1
造型是否卡通、动漫,Mô hình cho dù đó là phim hoạt hình hay hoạt hình,1,1,1,1,100.0,Mô hình cho dù đó là phim hoạt hình hay hoạt hình: 1
拉杆箱20寸登机箱包,Hành lý & Túi xách tay,1,1,1,1,100.0,Hành lý & Túi xách tay: 1
通途,通途,1,1,1,1,100.0,通途: 1
通讯功能,Chức năng giao tiếp,1,1,1,1,100.0,Chức năng giao tiếp: 1
通用,Thông dụng,1,1,1,1,100.0,Thông dụng: 1
透气男鞋,透气男鞋,1,1,1,1,100.0,透气男鞋: 1
透明防摔壳,Vỏ chống rơi trong suốt,1,1,1,1,100.0,Vỏ chống rơi trong suốt: 1
透明防摔卡包手机壳,Ốp điện thoại túi đựng thẻ chống rơi trong suốt,1,1,1,1,100.0,Ốp điện thoại túi đựng thẻ chống rơi trong suốt: 1
透明磁吸手机壳,Ốp điện thoại từ tính trong suốt,1,1,1,1,100.0,Ốp điện thoại từ tính trong suốt: 1
主要功效,主要功效,1,1,1,1,100.0,主要功效: 1
金花,hoa vàng,1,1,1,1,100.0,hoa vàng: 1
重力感应,Cảm biến trọng lực,1,1,1,1,100.0,Cảm biến trọng lực: 1
重,nặng,1,1,1,1,100.0,nặng: 1
抽屉收纳,Sắp xếp ngăn kéo,1,1,1,1,100.0,Sắp xếp ngăn kéo: 1
采摘海拔,采摘海拔,1,1,1,1,100.0,采摘海拔: 1
酒店宾馆宿舍床上全套,Bộ giường ngủ ký túc xá khách sạn,1,1,1,1,100.0,Bộ giường ngủ ký túc xá khách sạn: 1
配置清单,Danh sách cấu hình,1,1,1,1,100.0,Danh sách cấu hình: 1
抽屉性能,抽屉性能,1,1,1,1,100.0,抽屉性能: 1
抹布厨房专用,Vải lau nhà bếp,1,1,1,1,100.0,Vải lau nhà bếp: 1
抹布 洗碗神器,Dụng cụ rửa chén bằng giẻ,1,1,1,1,100.0,Dụng cụ rửa chén bằng giẻ: 1
部分普洱茶原料山头,部分普洱茶原料山头,1,1,1,1,100.0,部分普洱茶原料山头: 1
部分小青柑原料产区,部分小青柑原料产区,1,1,1,1,100.0,部分小青柑原料产区: 1
部分原料正岩核心山场,"Một số nguyên liệu thô được thu thập từ các vùng núi cao nguyên bản, có nguồn gốc rõ ràng.",1,1,1,1,100.0,"Một số nguyên liệu thô được thu thập từ các vùng núi cao nguyên bản, có nguồn gốc rõ ràng.: 1"
中国,Trung Quốc,1,1,1,1,100.0,Trung Quốc: 1
丝印logo,Logo lụa,1,1,1,1,100.0,Logo lụa: 1
东方美人蜜香花香,"Nàng thơ phương Đông, hương mật hoa ngọt ngào",1,1,1,1,100.0,"Nàng thơ phương Đông, hương mật hoa ngọt ngào: 1"
上新类型,Loại mới,1,1,1,1,100.0,Loại mới: 1
三用双肩背包,Ba lô ba lô,1,1,1,1,100.0,Ba lô ba lô: 1
一键代发,Dropshipping bằng một cú nhấp chuột,1,1,1,1,100.0,Dropshipping bằng một cú nhấp chuột: 1
一瓶两用,Một chai cho hai mục đích,1,1,1,1,100.0,Một chai cho hai mục đích: 1
抱枕枕靠类型,Loại gối,1,1,1,1,100.0,Loại gối: 1
一次性床上四件套,Bộ 4 món ga trải giường dùng một lần,1,1,1,1,100.0,Bộ 4 món ga trải giường dùng một lần: 1
一件代发/定制,Dropshipping/Tùy chỉnh,1,1,1,1,100.0,Dropshipping/Tùy chỉnh: 1
·1,·1,1,1,1,1,100.0,·1: 1
type,type,1,1,1,1,100.0,type: 1
title,Title,1,1,1,1,100.0,Title: 1
折叠后尺寸,折叠后尺寸,1,1,1,1,100.0,折叠后尺寸: 1
销售地区,销售地区,1,1,1,1,100.0,销售地区: 1
银丝抹布,giẻ bạc,1,1,1,1,100.0,giẻ bạc: 1
跨境销售,Bán hàng xuyên biên giới,1,1,1,1,100.0,Bán hàng xuyên biên giới: 1
铝合金,铝合金,1,1,1,1,100.0,铝合金: 1
铁罐包装,Bao bì lon thiếc,1,1,1,1,100.0,Bao bì lon thiếc: 1
降压线,dòng bước xuống,1,1,1,1,100.0,dòng bước xuống: 1
阿甘鞋,Giày Forrest Gump,1,1,1,1,100.0,Giày Forrest Gump: 1
支持一件代发,Hỗ trợ giao hàng tận nơi,1,1,1,1,100.0,Hỗ trợ giao hàng tận nơi: 1
防滑厚底,Đế dày chống trượt,1,1,1,1,100.0,Đế dày chống trượt: 1
防水usb充电,Không thấm nước usb sạc,1,1,1,1,100.0,Không thấm nước usb sạc: 1
防摔手机壳,Vỏ điện thoại di động chống rơi,1,1,1,1,100.0,Vỏ điện thoại di động chống rơi: 1
防摔,Chống rơi,1,1,1,1,100.0,Chống rơi: 1
防护等级,防护等级,1,1,1,1,100.0,防护等级: 1
闪钻磁吸手机壳,闪钻磁吸手机壳,1,1,1,1,100.0,闪钻磁吸手机壳: 1
门襟设计,Thiết kế nẹp áo,1,1,1,1,100.0,Thiết kế nẹp áo: 1
长裤,Quần dài,1,1,1,1,100.0,Quần dài: 1
长袖男t恤,áo thun nam dài tay,1,1,1,1,100.0,áo thun nam dài tay: 1
长袖爬服,长袖爬服,1,1,1,1,100.0,长袖爬服: 1
长袖T恤打底衫卫衣,Áo thun dài tayÁo sơ mi đáyÁo nỉ,1,1,1,1,100.0,Áo thun dài tayÁo sơ mi đáyÁo nỉ: 1
支付定制吗？,Trả tiền cho cá nhân hóa?,1,1,1,1,100.0,Trả tiền cho cá nhân hóa?: 1
镜头芯片,Chip ống kính,1,1,1,1,100.0,Chip ống kính: 1
搜索属性,Tính năng tìm kiếm,1,1,1,1,100.0,Tính năng tìm kiếm: 1
slippers,slippers,1,1,1,1,100.0,slippers: 1
sandals,sandals,1,1,1,1,100.0,sandals: 1
polo衫,áo polo,1,1,1,1,100.0,áo polo: 1
搜索,搜索,1,1,1,1,100.0,搜索: 1
name,name,1,1,1,1,100.0,name: 1
led,led,1,1,1,1,100.0,led: 1
flip flops,flip flops,1,1,1,1,100.0,flip flops: 1
dashcamera,dashcamera,1,1,1,1,100.0,dashcamera: 1
dash cam,dash cam,1,1,1,1,100.0,dash cam: 1
coach系列,Dòng coach,1,1,1,1,100.0,Dòng coach: 1
c,c,1,1,1,1,100.0,c: 1
box,box,1,1,1,1,100.0,box: 1
b,b,1,1,1,1,100.0,b: 1
a,a,1,1,1,1,100.0,a: 1
YYK-Q108,YYK-Q108,1,1,1,1,100.0,YYK-Q108: 1
PRUIS,PRUIS,1,1,1,1,100.0,PRUIS: 1
PP材质,Chất liệu PP,1,1,1,1,100.0,Chất liệu PP: 1
PM,PM,1,1,1,1,100.0,PM: 1
插头,Phích cắm,1,1,1,1,100.0,Phích cắm: 1
OuterID,OuterID,1,1,1,1,100.0,OuterID: 1
Old flower,Old flower,1,1,1,1,100.0,Old flower: 1
面料克重,Trọng lượng vải,1,1,1,1,100.0,Trọng lượng vải: 1
非特殊备案号成分,Thành phần số kỷ lục không đặc biệt,1,1,1,1,100.0,Thành phần số kỷ lục không đặc biệt: 1
推荐理由,推荐理由,1,1,1,1,100.0,推荐理由: 1
青年男装,Trang phục nam thanh niên,1,1,1,1,100.0,Trang phục nam thanh niên: 1
控油保湿洁面乳,控油保湿洁面乳,1,1,1,1,100.0,控油保湿洁面乳: 1
排水性能,Khả năng thoát nước,1,1,1,1,100.0,Khả năng thoát nước: 1
隐藏式,ẩn,1,1,1,1,100.0,ẩn: 1
降噪频宽,降噪频宽,1,1,1,1,100.0,降噪频宽: 1
降噪耳机,tai nghe chống ồn,1,1,1,1,100.0,tai nghe chống ồn: 1
降噪深度,降噪深度,1,1,1,1,100.0,降噪深度: 1
鞋子女款夏季,Giày nữ mùa hè,1,1,1,1,100.0,Giày nữ mùa hè: 1
鞋子女款,giày nữ,1,1,1,1,100.0,giày nữ: 1
鞋内长,Chiều dài bên trong giày,1,1,1,1,100.0,Chiều dài bên trong giày: 1
靴款品名,Tên sản phẩm khởi động,1,1,1,1,100.0,Tên sản phẩm khởi động: 1
捆数,Số bó,1,1,1,1,100.0,Số bó: 1
挥发形式,Dạng dễ bay hơi,1,1,1,1,100.0,Dạng dễ bay hơi: 1
指示灯,đèn báo,1,1,1,1,100.0,đèn báo: 1
面料功能,Chức năng vải,1,1,1,1,100.0,Chức năng vải: 1
广州协和,Quảng Châu Concord,1,1,1,1,100.0,Quảng Châu Concord: 1
T恤定制,Áo phông tùy chỉnh,1,1,1,1,100.0,Áo phông tùy chỉnh: 1
T恤,Áo phông,1,1,1,1,100.0,Áo phông: 1
Tote Bag,Tote Bag,1,1,1,1,100.0,Tote Bag: 1
TF内存卡,Thẻ nhớ TF,1,1,1,1,100.0,Thẻ nhớ TF: 1
SGG,SGG,1,1,1,1,100.0,SGG: 1
Q80,Q80,1,1,1,1,100.0,Q80: 1
Polo衫男t恤,Áo thun nam Polo,1,1,1,1,100.0,Áo thun nam Polo: 1
LOGO,LOGO,1,1,1,1,100.0,LOGO: 1
广告衫印花,Áo quảng cáo in hoa,1,1,1,1,100.0,Áo quảng cáo in hoa: 1
HM20,HM20,1,1,1,1,100.0,HM20: 1
平底鞋,căn hộ,1,1,1,1,100.0,căn hộ: 1
G-SENSOR,G-SENSOR,1,1,1,1,100.0,G-SENSOR: 1
Crossbody,Crossbody,1,1,1,1,100.0,Crossbody: 1
Bags,Bags,1,1,1,1,100.0,Bags: 1
Backpack,Backpack,1,1,1,1,100.0,Backpack: 1
A类,A类,1,1,1,1,100.0,A类: 1
APP手机互联WiF,Internet di động APP WiF,1,1,1,1,100.0,Internet di động APP WiF: 1
APP,APP,1,1,1,1,100.0,APP: 1
鞋子男休闲鞋,giày nam thông thường,1,1,1,1,100.0,giày nam thông thường: 1
小葱收纳盒,小葱收纳盒,1,1,1,1,100.0,小葱收纳盒: 1
鞋子女鞋春季,Giày nữ mùa xuân,1,1,1,1,100.0,Giày nữ mùa xuân: 1
帆布棕色,Vải bố màu nâu,1,1,1,1,100.0,Vải bố màu nâu: 1
鞋子女秋,giày mùa thu nữ,1,1,1,1,100.0,giày mùa thu nữ: 1
50个箱规,50 kích cỡ hộp,1,1,1,1,100.0,50 kích cỡ hộp: 1
50pcs塞纸箱规,"Thông số kỹ thuật thùng carton nhồi hàng, 50 cái.",1,1,1,1,100.0,"Thông số kỹ thuật thùng carton nhồi hàng, 50 cái.: 1"
4k dash,4k dash,1,1,1,1,100.0,4k dash: 1
4K记录仪,Máy ghi 4K,1,1,1,1,100.0,Máy ghi 4K: 1
4K四录360度行车,4K bốn lần lái xe 360 độ,1,1,1,1,100.0,4K bốn lần lái xe 360 độ: 1
40升 40L40l,40 lít 40L40l,1,1,1,1,100.0,40 lít 40L40l: 1
3寸IPS屏四镜头W,3寸IPS屏四镜头W,1,1,1,1,100.0,3寸IPS屏四镜头W: 1
3C证书号,Số chứng chỉ 3C,1,1,1,1,100.0,Số chứng chỉ 3C: 1
韩国丽菲欧胶原面膜,Mặt nạ collagen Lifeiou Hàn Quốc,1,1,1,1,100.0,Mặt nạ collagen Lifeiou Hàn Quốc: 1
韦雪同款韩国丽菲欧,Wei Xue cùng mẫu với Lifeiou Hàn Quốc,1,1,1,1,100.0,Wei Xue cùng mẫu với Lifeiou Hàn Quốc: 1
鞋面结构,鞋面结构,1,1,1,1,100.0,鞋面结构: 1
帆布拼色重量,Trọng lượng phù hợp với màu canvas,1,1,1,1,100.0,Trọng lượng phù hợp với màu canvas: 1
鞋盒尺寸,Kích thước hộp giày,1,1,1,1,100.0,Kích thước hộp giày: 1
工具,công cụ,1,1,1,1,100.0,công cụ: 1
工作电压电流,Điện áp làm việc hiện tại,1,1,1,1,100.0,Điện áp làm việc hiện tại: 1
Magsa磁吸壳精孔,Vỏ từ tính Magsa lỗ mịn,1,1,1,1,100.0,Vỏ từ tính Magsa lỗ mịn: 1
工作电压,điện áp làm việc,1,1,1,1,100.0,điện áp làm việc: 1
风格1,Phong cách 1,1,1,1,1,100.0,Phong cách 1: 1
额定输入功率,Công suất đầu vào định mức,1,1,1,1,100.0,Công suất đầu vào định mức: 1
额定电压,Điện áp định mức,1,1,1,1,100.0,Điện áp định mức: 1
颜色变化特性,Đặc điểm thay đổi màu sắc,1,1,1,1,100.0,Đặc điểm thay đổi màu sắc: 1
颗粒类型,Loại hạt,1,1,1,1,100.0,Loại hạt: 1
顺丰速递一键代发,SF Express vận chuyển bằng một cú nhấp chuột,1,1,1,1,100.0,SF Express vận chuyển bằng một cú nhấp chuột: 1
顺丰速发,SF Express,1,1,1,1,100.0,SF Express: 1
音质,chất lượng âm thanh,1,1,1,1,100.0,chất lượng âm thanh: 1
音效,hiệu ứng âm thanh,1,1,1,1,100.0,hiệu ứng âm thanh: 1
音乐时间,音乐时间,1,1,1,1,100.0,音乐时间: 1
ADAs,ADAs,1,1,1,1,100.0,ADAs: 1
618#,618#,1,1,1,1,100.0,618#: 1
6,6,1,1,1,1,100.0,6: 1
50个箱规重量塞纸,50个箱规重量塞纸,1,1,1,1,100.0,50个箱规重量塞纸: 1
50个箱规重量不塞纸,50个箱规重量不塞纸,1,1,1,1,100.0,50个箱规重量不塞纸: 1
首饰珠宝收纳盒,Hộp đựng trang sức,1,1,1,1,100.0,Hộp đựng trang sức: 1
黑芝麻丸,Bánh mè đen,1,1,1,1,100.0,Bánh mè đen: 1
17保护壳,17 vỏ bảo vệ,1,1,1,1,100.0,17 vỏ bảo vệ: 1
17PROMAX橙,17PROMAX cam,1,1,1,1,100.0,17PROMAX cam: 1
160000毫安,160000mA,1,1,1,1,100.0,160000mA: 1
1265,1265,1,1,1,1,100.0,1265: 1
1256,1256,1,1,1,1,100.0,1256: 1
工作温度,Nhiệt độ làm việc,1,1,1,1,100.0,Nhiệt độ làm việc: 1
120ml包装尺寸,Kích thước bao bì 120ml,1,1,1,1,100.0,Kích thước bao bì 120ml: 1
10英寸行车记录仪,Máy ghi âm lái xe 10 inch,1,1,1,1,100.0,Máy ghi âm lái xe 10 inch: 1
10寸全屏行车记录仪,10寸全屏行车记录仪,1,1,1,1,100.0,10寸全屏行车记录仪: 1
1080P,1080P,1,1,1,1,100.0,1080P: 1
100个不塞纸箱规,100 miếng thước đo thùng carton không bị chặn,1,1,1,1,100.0,100 miếng thước đo thùng carton không bị chặn: 1
饼干单独小包装,饼干单独小包装,1,1,1,1,100.0,饼干单独小包装: 1
饺子盒,Mẫu mã,1,1,1,1,100.0,Mẫu mã: 1
高清记录仪,Máy ghi HD,1,1,1,1,100.0,Máy ghi HD: 1
3C认证,Chứng nhận 3C,1,1,1,1,100.0,Chứng nhận 3C: 1
首饰收纳盒,hộp đựng đồ trang sức,1,1,1,1,100.0,hộp đựng đồ trang sức: 1
首饰包装盒，珠宝盒,首饰包装盒，珠宝盒,1,1,1,1,100.0,首饰包装盒，珠宝盒: 1
首谷德训鞋女款,Thông số kỹ thuật,1,1,1,1,100.0,Thông số kỹ thuật: 1
馅料类型,Loại chiết rót,1,1,1,1,100.0,Loại chiết rót: 1
饼干零食大全,饼干零食大全,1,1,1,1,100.0,饼干零食大全: 1
饼干散装发批,饼干散装发批,1,1,1,1,100.0,饼干散装发批: 1
2024新款时尚百搭,2024 thời trang mới dễ phối,1,1,1,1,100.0,2024 thời trang mới dễ phối: 1
20*20cm克重,20*20cm克重,1,1,1,1,100.0,20*20cm克重: 1
黄杨木车挂,黄杨木车挂,1,1,1,1,100.0,黄杨木车挂: 1
麂皮,Da lộn,1,1,1,1,100.0,Da lộn: 1
高跟凉拖鞋,giày cao gót,1,1,1,1,100.0,giày cao gót: 1
高级戒指收纳盒,高级戒指收纳盒,1,1,1,1,100.0,高级戒指收纳盒: 1
高级感双肩包,Ba lô cao cấp,1,1,1,1,100.0,Ba lô cao cấp: 1
高硼硅玻璃,Thủy tinh borosilicate cao cấp,1,1,1,1,100.0,Thủy tinh borosilicate cao cấp: 1
香菜收纳盒,hộp đựng rau mùi,1,1,1,1,100.0,hộp đựng rau mùi: 1
