tap,ten_thuoc_tinh,gia_tri_zh,gia_tri_vi,nhan,ten_vi,zh_ten,vi_ten,cos_gia_tri,cos_ten_gia_tri,cos_lech_cung_ten
tang1,功能,耐高温,Chịu nhiệt độ cao,DUNG,Chức năng,功能: 耐高温,Chức năng: Chịu nhiệt độ cao,0.861110270023346,0.9003496170043945,0.5622793436050415
tang1,功能,防刮擦,Chống trầy xước,DUNG,Chức năng,功能: 防刮擦,Chức năng: Chống trầy xước,0.7081848382949829,0.8129470944404602,0.5973526239395142
tang1,产品上市时间,2021年夏,Mùa hè năm 2021,DUNG,Thời gian ra mắt sản phẩm,产品上市时间: 2021年夏,Thời gian ra mắt sản phẩm: Mùa hè năm 2021,0.9149565696716309,0.9234038591384888,0.9149565696716309
tang1,化妆品功效,补水,Cấp nước,DUNG,Công dụng mỹ phẩm,化妆品功效: 补水,Công dụng mỹ phẩm: Cấp nước,0.7389482259750366,0.8326143026351929,0.3870413899421692
tang1,尺寸规格,【床单款】1.5四件套-被套200x230,[Bộ ga trải giường]Bộ 4 món 1.5m - Vỏ chăn 200x230,DUNG,Kích thước,尺寸规格: 【床单款】1.5四件套-被套200x230,Kích thước: [Bộ ga trải giường]Bộ 4 món 1.5m - Vỏ chăn 200x230,0.7771962285041809,0.7783145904541016,0.6031875610351562
tang1,产品上市时间,2026年夏,Mùa hè năm 2026,DUNG,Thời gian ra mắt sản phẩm,产品上市时间: 2026年夏,Thời gian ra mắt sản phẩm: Mùa hè năm 2026,0.9029314517974854,0.9285145998001099,0.5272405743598938
tang1,鞋头形状,无鞋头,Không có mũi giày,DUNG,Hình dạng mũi giày,鞋头形状: 无鞋头,Hình dạng mũi giày: Không có mũi giày,0.8330675959587097,0.8578571677207947,0.5461083054542542
tang1,功能,防割,Chống cắt,DUNG,Chức năng,功能: 防割,Chức năng: Chống cắt,0.7059144377708435,0.8448665142059326,0.6243627071380615
tang1,保修期,6个月,6 tháng,DUNG,Thời hạn bảo hành,保修期: 6个月,Thời hạn bảo hành: 6 tháng,0.9384928941726685,0.9225071668624878,0.4274992346763611
tang1,工艺,热压,Ép nóng,DUNG,Công nghệ,工艺: 热压,Công nghệ: Ép nóng,0.5600041151046753,0.7350834608078003,0.4350730776786804
tang1,适用送礼场合,公关策划,Lập kế hoạch quan hệ công chúng,DUNG,Những dịp tặng quà thích hợp,适用送礼场合: 公关策划,Những dịp tặng quà thích hợp: Lập kế hoạch quan hệ công chúng,0.6722177267074585,0.7444031238555908,0.3980623185634613
tang1,保修时间,180天,180 ngày,DUNG,Thời gian bảo hành,保修时间: 180天,Thời gian bảo hành: 180 ngày,0.9835776090621948,0.9401516914367676,0.9835776090621948
tang1,材质功能,可机洗,Có thể giặt bằng máy,DUNG,Chức năng chất liệu,材质功能: 可机洗,Chức năng chất liệu: Có thể giặt bằng máy,0.8237900733947754,0.8931195139884949,0.40503495931625366
tang1,尺寸,联系客服,Liên hệ CSKH,DUNG,Kích thước,尺寸: 联系客服,Kích thước: Liên hệ CSKH,0.772246241569519,0.7853519320487976,0.51975417137146
tang1,保质期,36个月,36 tháng,DUNG,Thời hạn sử dụng,保质期: 36个月,Thời hạn sử dụng: 36 tháng,0.932899534702301,0.8998399972915649,0.5541654825210571
tang1,适用型号,苹果XS,Apple XS,SAI,Dòng máy tương thích,适用型号: 苹果XS,Dòng máy tương thích: Apple XS,0.7732356786727905,0.7796921730041504,0.3440830111503601
tang1,风格,奶油风,Phong cách kem,DUNG,Phong cách,风格: 奶油风,Phong cách: Phong cách kem,0.5853852033615112,0.7428248524665833,0.48685717582702637
tang1,最快出货时间,1-3天,1-3 ngày,DUNG,Thời gian giao hàng sớm nhất,最快出货时间: 1-3天,Thời gian giao hàng sớm nhất: 1-3 ngày,0.9896051287651062,0.909241795539856,0.7084299921989441
tang1,口径形状,十字孔,Lỗ chữ thập,DUNG,Hình dạng cỡ nòng,口径形状: 十字孔,Hình dạng cỡ nòng: Lỗ chữ thập,0.5995020270347595,0.7078187465667725,0.5279651880264282
tang1,化妆品功效,去角质,Tẩy tế bào chết,DUNG,Công dụng mỹ phẩm,化妆品功效: 去角质,Công dụng mỹ phẩm: Tẩy tế bào chết,0.7871296405792236,0.8185222148895264,0.7196933627128601
tang1,是否进口,非进口,Không nhập khẩu,DUNG,Có phải hàng nhập khẩu không,是否进口: 非进口,Có phải hàng nhập khẩu không: Không nhập khẩu,0.8160028457641602,0.8394833207130432,0.8160028457641602
tang1,化妆品功效,卸妆,Tẩy trang,DUNG,Công dụng mỹ phẩm,化妆品功效: 卸妆,Công dụng mỹ phẩm: Tẩy trang,0.7169126272201538,0.7838543653488159,0.4430774450302124
tang1,电池类型,锂聚合物电池,Pin lithium polymer,DUNG,Loại pin,电池类型: 锂聚合物电池,Loại pin: Pin lithium polymer,0.5017801523208618,0.643787145614624,0.482532262802124
tang1,适合人群,大码,Cỡ to,DUNG,Đối tượng phù hợp,适合人群: 大码,Đối tượng phù hợp: Cỡ to,0.580927848815918,0.8354052305221558,0.5130212903022766
tang1,功能,可定制,Có thể tùy chỉnh,DUNG,Chức năng,功能: 可定制,Chức năng: Có thể tùy chỉnh,0.814391016960144,0.8764636516571045,0.4403780996799469
tang1,鞋垫材质,人造皮革,Da nhân tạo,DUNG,Chất liệu lót giày,鞋垫材质: 人造皮革,Chất liệu lót giày: Da nhân tạo,0.7463175058364868,0.8261103630065918,0.7463175058364868
tang1,使用场景,妆前保湿,Dưỡng ẩm trước khi trang điểm,DUNG,Tình huống sử dụng,使用场景: 妆前保湿,Tình huống sử dụng: Dưỡng ẩm trước khi trang điểm,0.8604934215545654,0.8633027672767639,0.4310142397880554
tang1,功能,防臭,Chống hôi,DUNG,Chức năng,功能: 防臭,Chức năng: Chống hôi,0.7756568193435669,0.8680164813995361,0.5424844622612
tang1,保修期,3个月,3 tháng,DUNG,Thời hạn bảo hành,保修期: 3个月,Thời hạn bảo hành: 3 tháng,0.9439654350280762,0.9225526452064514,0.7395830750465393
tang1,款式,斜挎包,túi đeo chéo,DUNG,Kiểu dáng,款式: 斜挎包,Kiểu dáng: túi đeo chéo,0.6582731604576111,0.7504450678825378,0.4970114827156067
tang1,鞋面材质,飞织,Dệt bay,SAI,Chất liệu mặt giày,鞋面材质: 飞织,Chất liệu mặt giày: Dệt bay,0.566533625125885,0.7557047605514526,0.5495414733886719
tang1,上市年份季节,2022年冬季,Mùa đông năm 2022,DUNG,Năm/mùa ra mắt,上市年份季节: 2022年冬季,Năm/mùa ra mắt: Mùa đông năm 2022,0.8834120035171509,0.8174006938934326,0.7346421480178833
tang1,颜色,黑白,Đen trắng,DUNG,Màu sắc,颜色: 黑白,Màu sắc: Đen trắng,0.7429090738296509,0.8023357391357422,0.5264333486557007
tang1,质地,润泽,Dưỡng ẩm,SAI,Kết cấu,质地: 润泽,Kết cấu: Dưỡng ẩm,0.4554446041584015,0.7026581764221191,0.37749218940734863
tang1,颜色,象牙白,Trắng ngà,DUNG,Màu sắc,颜色: 象牙白,Màu sắc: Trắng ngà,0.419208288192749,0.6585603952407837,0.29562026262283325
tang1,功能,多功能,Đa chức năng,DUNG,Chức năng,功能: 多功能,Chức năng: Đa chức năng,0.846139669418335,0.9018401503562927,0.5740478038787842
tang1,定型性能,高,cao,DUNG,Định hình hiệu suất,定型性能: 高,Định hình hiệu suất: cao,0.628753662109375,0.8338315486907959,0.628753662109375
tang1,尺寸,30寸,30 inch,DUNG,Kích thước,尺寸: 30寸,Kích thước: 30 inch,0.9075084328651428,0.9289727210998535,0.4240379333496094
tang1,形象,闪电,Tia chớp,DUNG,Hình tượng,形象: 闪电,Hình tượng: Tia chớp,0.5266605615615845,0.6841744184494019,0.3057113587856293
tang1,适用型号,苹果7PLUS,Apple 7PLUS,SAI,Dòng máy tương thích,适用型号: 苹果7PLUS,Dòng máy tương thích: Apple 7PLUS,0.9531886577606201,0.900398313999176,0.4112035632133484
tang1,箱包形状,水饺型,Loại bánh bao,SAI,Hình dạng túi,箱包形状: 水饺型,Hình dạng túi: Loại bánh bao,0.5686784982681274,0.7018624544143677,0.49908551573753357
tang1,主要下游平台,淘宝,Taobao,DUNG,Nền tảng hạ nguồn chính,主要下游平台: 淘宝,Nền tảng hạ nguồn chính: Taobao,0.5848536491394043,0.7098756432533264,0.30507028102874756
tang1,主要销售地区,拉丁美洲,Châu Mỹ Latinh,DUNG,Khu vực bán hàng chính,主要销售地区: 拉丁美洲,Khu vực bán hàng chính: Châu Mỹ Latinh,0.7973408699035645,0.8650652170181274,0.367048442363739
tang1,主面料成分的含量,30%及以下,30% trở xuống,DUNG,Tỉ lệ thành phần vải chính,主面料成分的含量: 30%及以下,Tỉ lệ thành phần vải chính: 30% trở xuống,0.9053319692611694,0.8876643180847168,0.5112903118133545
tang1,功能,前车车距侦测,Phát hiện khoảng cách xe phía trước,DUNG,Chức năng,功能: 前车车距侦测,Chức năng: Phát hiện khoảng cách xe phía trước,0.8479268550872803,0.8812975883483887,0.4740232527256012
tang1,专利及著作权,外观设计,Thiết kế ngoại hình,DUNG,Bằng sáng chế và bản quyền,专利及著作权: 外观设计,Bằng sáng chế và bản quyền: Thiết kế ngoại hình,0.8067624568939209,0.8876132965087891,0.6944156885147095
tang1,适用运动,篮球,Bóng rổ,DUNG,Dùng cho thể thao,适用运动: 篮球,Dùng cho thể thao: Bóng rổ,0.6650538444519043,0.7949537038803101,0.7234225273132324
tang1,产区,闽南乌龙,Ô long Nam Phúc Kiến,DUNG,Khu vực sản xuất,产区: 闽南乌龙,Khu vực sản xuất: Ô long Nam Phúc Kiến,0.43598565459251404,0.6204953193664551,0.43598565459251404
tang1,误差范围,无误差,Không có lỗi,SAI,Sai số,误差范围: 无误差,Sai số: Không có lỗi,0.7753062844276428,0.7698647975921631,0.7753062844276428
tang1,品牌类型,日韩品牌,Thương hiệu Nhật Hàn,DUNG,Loại hình thương hiệu,品牌类型: 日韩品牌,Loại hình thương hiệu: Thương hiệu Nhật Hàn,0.7587090730667114,0.7813795804977417,0.7587090730667114
tang1,尺寸规格,【床单款】2.0四件套-被套220x240,[Kiểu ga trải giường]Bộ 4 món 2.0 - Vỏ chăn 220x240,DUNG,Kích thước,尺寸规格: 【床单款】2.0四件套-被套220x240,Kích thước: [Kiểu ga trải giường]Bộ 4 món 2.0 - Vỏ chăn 220x240,0.7644282579421997,0.7633492350578308,0.6598643064498901
tang1,尺寸规格,【床笠款】1.5四件套-被套180x220,[Bộ ga chun]Bộ 4 món 1.5m - Vỏ chăn 180x220,DUNG,Kích thước,尺寸规格: 【床笠款】1.5四件套-被套180x220,Kích thước: [Bộ ga chun]Bộ 4 món 1.5m - Vỏ chăn 180x220,0.6844326257705688,0.694907009601593,0.6187439560890198
tang1,功能,前车碰撞预警,Cảnh báo va chạm xe phía trước,DUNG,Chức năng,功能: 前车碰撞预警,Chức năng: Cảnh báo va chạm xe phía trước,0.8681389093399048,0.8896887898445129,0.37043052911758423
tang1,加工方式,来样加工,来样加工,SAI,Hình thức gia công,加工方式: 来样加工,Hình thức gia công: 来样加工,1.0,0.9318597912788391,0.4656487703323364
tang1,风格,电竞游戏,Trò chơi thể thao điện tử,DUNG,Phong cách,风格: 电竞游戏,Phong cách: Trò chơi thể thao điện tử,0.750648558139801,0.8194888234138489,0.4284825325012207
tang1,拍照像素,300万,3 triệu,SAI,Độ phân giải chụp ảnh,拍照像素: 300万,Độ phân giải chụp ảnh: 3 triệu,0.7384229898452759,0.762094259262085,0.7491582036018372
tang1,适用人群,儿童,trẻ em,DUNG,Đối tượng sử dụng,适用人群: 儿童,Đối tượng sử dụng: trẻ em,0.8591147661209106,0.8592897653579712,0.4212148189544678
tang1,开盖方式,拉链搭扣,Khóa kéo,SAI,Cách mở nắp,开盖方式: 拉链搭扣,Cách mở nắp: Khóa kéo,0.5884981155395508,0.7151219844818115,0.4898602366447449
tang1,适用型号,苹果8PLUS,Apple 8PLUS,SAI,Dòng máy tương thích,适用型号: 苹果8PLUS,Dòng máy tương thích: Apple 8PLUS,0.9437227249145508,0.89348304271698,0.36028411984443665
tang1,风格,南美风,phong cách Nam Mỹ,DUNG,Phong cách,风格: 南美风,Phong cách: phong cách Nam Mỹ,0.7596088647842407,0.8497886657714844,0.4897001385688782
tang1,被面材质,天丝（莱赛尔纤维）,Tencel (sợi Lyocell),DUNG,Chất liệu vỏ chăn,被面材质: 天丝（莱赛尔纤维）,Chất liệu vỏ chăn: Tencel (sợi Lyocell),0.6231966018676758,0.7403353452682495,0.6231966018676758
tang1,原料和配料,查看详情,Xem chi tiết,DUNG,Nguyên liệu và thành phần,原料和配料: 查看详情,Nguyên liệu và thành phần: Xem chi tiết,0.812537431716919,0.899019718170166,0.812537431716919
tang1,材质功能,抑菌,Kháng khuẩn,DUNG,Chức năng chất liệu,材质功能: 抑菌,Chức năng chất liệu: Kháng khuẩn,0.6539173126220703,0.8326702117919922,0.405117005109787
tang1,发光玩具类型,LED灯玩具,Đồ chơi đèn LED,DUNG,Loại đồ chơi phát sáng,发光玩具类型: LED灯玩具,Loại đồ chơi phát sáng: Đồ chơi đèn LED,0.8799800872802734,0.8364263772964478,0.7172461748123169
tang1,印花主题,文字思想,Ý tưởng văn bản,SAI,Chủ đề hình in,印花主题: 文字思想,Chủ đề hình in: Ý tưởng văn bản,0.6834503412246704,0.7466887831687927,0.40311384201049805
tang1,上市年份/季节,2025年夏季,Mùa hè năm 2025,DUNG,Năm/mùa ra mắt,上市年份/季节: 2025年夏季,Năm/mùa ra mắt: Mùa hè năm 2025,0.8976777791976929,0.8472835421562195,0.8976777791976929
tang1,内里材质,猪皮,Da heo,DUNG,Chất liệu bên trong,内里材质: 猪皮,Chất liệu bên trong: Da heo,0.3255390524864197,0.7506020665168762,0.4404706060886383
tang1,智能能力,不具备,Không có sẵn,SAI,Năng lực thông minh,智能能力: 不具备,Năng lực thông minh: Không có sẵn,0.7004843950271606,0.8075308799743652,0.7004843950271606
tang1,功能,支持快充,Hỗ trợ sạc nhanh,DUNG,Chức năng,功能: 支持快充,Chức năng: Hỗ trợ sạc nhanh,0.8194519281387329,0.8412370681762695,0.4736161231994629
tang1,主要下游平台,快手,Kuaishou,DUNG,Nền tảng hạ nguồn chính,主要下游平台: 快手,Nền tảng hạ nguồn chính: Kuaishou,0.3011959195137024,0.5540953874588013,0.6279847621917725
tang1,款式,包边,Viền,DUNG,Kiểu dáng,款式: 包边,Kiểu dáng: Viền,0.4768492579460144,0.7331233024597168,0.43497830629348755
tang1,款式,玛丽珍鞋,Giày Mary Jane,DUNG,Kiểu dáng,款式: 玛丽珍鞋,Kiểu dáng: Giày Mary Jane,0.7116823792457581,0.7611325979232788,0.3146207928657532
tang1,风格,青春流行,Thời trang trẻ trung,DUNG,Phong cách,风格: 青春流行,Phong cách: Thời trang trẻ trung,0.6107272505760193,0.7436356544494629,0.2779291868209839
tang1,加工方式,来图加工,来图加工,SAI,Hình thức gia công,加工方式: 来图加工,Hình thức gia công: 来图加工,0.9999999403953552,0.9147911071777344,0.9999999403953552
tang1,芯片类型,华为,Huawei,DUNG,Loại chip,芯片类型: 华为,Loại chip: Huawei,0.756088376045227,0.8170533180236816,0.38002365827560425
tang1,工艺,高温定型,Định hình nhiệt độ cao,DUNG,Công nghệ,工艺: 高温定型,Công nghệ: Định hình nhiệt độ cao,0.7611172199249268,0.8020414113998413,0.35082513093948364
tang1,适用运动,网球,Quần vợt,DUNG,Dùng cho thể thao,适用运动: 网球,Dùng cho thể thao: Quần vợt,0.6414142847061157,0.7467175722122192,0.4230145514011383
tang1,颜色,浅紫色,Màu tím nhạt,DUNG,Màu sắc,颜色: 浅紫色,Màu sắc: Màu tím nhạt,0.710246205329895,0.7815889120101929,0.4555477499961853
tang1,影像分辨率,4K及以上,4K trở lên,DUNG,Độ phân giải hình ảnh,影像分辨率: 4K及以上,Độ phân giải hình ảnh: 4K trở lên,0.9724991321563721,0.9073607325553894,0.9724991321563721
tang1,产品类型,前后双录行车记录仪,Camera hành trình ghi hình kép trước sau,DUNG,Loại sản phẩm,产品类型: 前后双录行车记录仪,Loại sản phẩm: Camera hành trình ghi hình kép trước sau,0.6845070123672485,0.7313718199729919,0.5436508059501648
tang1,保质期,365天,365 ngày,DUNG,Thời hạn sử dụng,保质期: 365天,Thời hạn sử dụng: 365 ngày,0.983035683631897,0.9050757884979248,0.8641389608383179
tang1,材质,合金,Hợp kim,DUNG,Chất liệu,材质: 合金,Chất liệu: Hợp kim,0.6864486932754517,0.8645168542861938,0.3846913278102875
tang1,克重,800g（含）~1000g（不含）,800g (bao gồm) ~ 1000g (không bao gồm),DUNG,Trọng lượng,克重: 800g（含）~1000g（不含）,Trọng lượng: 800g (bao gồm) ~ 1000g (không bao gồm),0.9207011461257935,0.8876781463623047,0.859760582447052
tang1,箱包潮流款式,波士顿包,Túi Boston,DUNG,Kiểu túi thời trang,箱包潮流款式: 波士顿包,Kiểu túi thời trang: Túi Boston,0.5751214027404785,0.7595420479774475,0.5317110419273376
tang1,袖长,五分袖/中袖,Tay áo năm tấc/tay lỡ,SAI,Chiều dài tay áo,袖长: 五分袖/中袖,Chiều dài tay áo: Tay áo năm tấc/tay lỡ,0.6763569116592407,0.7646251916885376,0.4444403648376465
tang1,款式,豆豆鞋,Giày hạt đậu,SAI,Kiểu dáng,款式: 豆豆鞋,Kiểu dáng: Giày hạt đậu,0.6082704067230225,0.7224021553993225,0.38086503744125366
tang1,鞋面材质,TPU+人造革+织物,TPU + da nhân tạo + vải,DUNG,Chất liệu mặt giày,鞋面材质: TPU+人造革+织物,Chất liệu mặt giày: TPU + da nhân tạo + vải,0.9102091193199158,0.8949683308601379,0.5195792317390442
tang1,颜色,白红,Trắng đỏ,DUNG,Màu sắc,颜色: 白红,Màu sắc: Trắng đỏ,0.473893940448761,0.7691203355789185,0.1764850616455078
tang1,款式,连体衣,Bộ liền thân,DUNG,Kiểu dáng,款式: 连体衣,Kiểu dáng: Bộ liền thân,0.6725831627845764,0.7742232084274292,0.44750720262527466
tang1,功能,带提手,Có tay cầm,DUNG,Chức năng,功能: 带提手,Chức năng: Có tay cầm,0.7494180202484131,0.821014404296875,0.4376550018787384
tang1,风格,优雅风,Phong cách thanh lịch,DUNG,Phong cách,风格: 优雅风,Phong cách: Phong cách thanh lịch,0.6690412759780884,0.7655093669891357,0.6948521137237549
tang1,使用场景,夜间使用,Sử dụng vào ban đêm,DUNG,Tình huống sử dụng,使用场景: 夜间使用,Tình huống sử dụng: Sử dụng vào ban đêm,0.9441986680030823,0.9276829957962036,0.49120649695396423
tang1,质检单位,厂家自检,Nhà sản xuất tự kiểm tra,DUNG,Đơn vị kiểm tra chất lượng,质检单位: 厂家自检,Đơn vị kiểm tra chất lượng: Nhà sản xuất tự kiểm tra,0.8157167434692383,0.844089925289154,0.4752202033996582
tang1,印染工艺,活性印花,In hoa văn hoạt tính,DUNG,Công nghệ in và nhuộm,印染工艺: 活性印花,Công nghệ in và nhuộm: In hoa văn hoạt tính,0.6467007398605347,0.67646324634552,0.5193824768066406
tang1,类型,超轻黏土,Đất sét siêu nhẹ,DUNG,Loại,类型: 超轻黏土,Loại: Đất sét siêu nhẹ,0.7283105254173279,0.7668478488922119,0.4509417414665222
tang1,功能,不粘锅,Chảo chống dính,SAI,Chức năng,功能: 不粘锅,Chức năng: Chảo chống dính,0.5720767378807068,0.6434004306793213,0.43396899104118347
tang1,适用场景,聚会,bữa tiệc,DUNG,Dịp sử dụng,适用场景: 聚会,Dịp sử dụng: bữa tiệc,0.7691646814346313,0.7738673090934753,0.5682141780853271
tang1,适用送礼场合,开业典礼,Lễ khai trương,DUNG,Những dịp tặng quà thích hợp,适用送礼场合: 开业典礼,Những dịp tặng quà thích hợp: Lễ khai trương,0.8989617824554443,0.8217436671257019,0.8717592358589172
tang1,功能,刹车轮,Bánh xe phanh,DUNG,Chức năng,功能: 刹车轮,Chức năng: Bánh xe phanh,0.4338228702545166,0.7176614999771118,0.36446303129196167
tang1,功能,防螨,Chống mạt bụi,DUNG,Chức năng,功能: 防螨,Chức năng: Chống mạt bụi,0.6453649401664734,0.7858694791793823,0.41357553005218506
tang1,元素,公主,Công chúa,DUNG,Yếu tố,元素: 公主,Yếu tố: Công chúa,0.6749781370162964,0.7176520228385925,0.44293737411499023
tang1,主要销售地区,国内,Trong nước,DUNG,Khu vực bán hàng chính,主要销售地区: 国内,Khu vực bán hàng chính: Trong nước,0.67876136302948,0.8247497081756592,0.4594414234161377
tang1,鞋面材质,网面,Lưới,DUNG,Chất liệu mặt giày,鞋面材质: 网面,Chất liệu mặt giày: Lưới,0.4569951593875885,0.7572250366210938,0.3897351920604706
tang1,功能,防爆锁,Khóa chống cháy nổ,SAI,Chức năng,功能: 防爆锁,Chức năng: Khóa chống cháy nổ,0.7289754152297974,0.8003978729248047,0.32997047901153564
tang1,领型,V领,Cổ chữ V,DUNG,Kiểu cổ áo,领型: V领,Kiểu cổ áo: Cổ chữ V,0.749864399433136,0.7938202023506165,0.5217088460922241
tang1,颜色,桔色,Màu cam,DUNG,Màu sắc,颜色: 桔色,Màu sắc: Màu cam,0.5254051685333252,0.6849097013473511,0.5906956195831299
tang1,鞋垫材质,乳胶,Cao su thiên nhiên,DUNG,Chất liệu lót giày,鞋垫材质: 乳胶,Chất liệu lót giày: Cao su thiên nhiên,0.4535093307495117,0.7291163206100464,0.39175915718078613
tang1,尺寸规格,180*220cm单被套,"Vỏ chăn đơn, kích thước 180 x 220 cm",DUNG,Kích thước,尺寸规格: 180*220cm单被套,"Kích thước: Vỏ chăn đơn, kích thước 180 x 220 cm",0.797446608543396,0.7866355776786804,0.5610105395317078
tang1,颜色,浅棕色,Màu nâu nhạt,DUNG,Màu sắc,颜色: 浅棕色,Màu sắc: Màu nâu nhạt,0.726115345954895,0.7662858963012695,0.4154542088508606
tang1,是否单双耳,单边免提,Một mặt rảnh tay,SAI,Tai nghe một bên hay hai bên,是否单双耳: 单边免提,Tai nghe một bên hay hai bên: Một mặt rảnh tay,0.48736876249313354,0.6548058986663818,0.5321030616760254
tang1,上市年份季节,2021年夏季,Mùa hè năm 2021,DUNG,Năm/mùa ra mắt,上市年份季节: 2021年夏季,Năm/mùa ra mắt: Mùa hè năm 2021,0.9178972840309143,0.8271805047988892,0.5949842929840088
tang1,功能,变道辅助,Hỗ trợ chuyển làn,DUNG,Chức năng,功能: 变道辅助,Chức năng: Hỗ trợ chuyển làn,0.6861976385116577,0.7912939190864563,0.41134214401245117
tang1,产品类别,其他收纳盒,Các loại hộp đựng khác,DUNG,Danh mục sản phẩm,产品类别: 其他收纳盒,Danh mục sản phẩm: Các loại hộp đựng khác,0.8374688625335693,0.7826947569847107,0.651758074760437
tang1,材质,液态硅胶,Silicone lỏng,DUNG,Chất liệu,材质: 液态硅胶,Chất liệu: Silicone lỏng,0.6622063517570496,0.7666043043136597,0.3725559413433075
tang1,图片实拍,官方图片,Hình ảnh chính thức,DUNG,Ảnh chụp thực tế,图片实拍: 官方图片,Ảnh chụp thực tế: Hình ảnh chính thức,0.7691340446472168,0.7929134368896484,0.766762375831604
tang1,产品类别,饰品收纳盒,Hộp đựng trang sức,DUNG,Danh mục sản phẩm,产品类别: 饰品收纳盒,Danh mục sản phẩm: Hộp đựng trang sức,0.7864487171173096,0.7272555828094482,0.6871823668479919
tang1,颜色,牛仔蓝,Xanh denim,DUNG,Màu sắc,颜色: 牛仔蓝,Màu sắc: Xanh denim,0.5576916933059692,0.6799501180648804,0.44001349806785583
tang1,颜色,黑色小号,Màu đen cỡ nhỏ,DUNG,Màu sắc,颜色: 黑色小号,Màu sắc: Màu đen cỡ nhỏ,0.7104801535606384,0.8203538060188293,0.37374553084373474
tang1,面料名称,丝光棉,Bông đánh thuê,SAI,Tên vải,面料名称: 丝光棉,Tên vải: Bông đánh thuê,0.41090524196624756,0.5925614833831787,0.41090524196624756
tang1,工艺,复合,Hợp chất,SAI,Công nghệ,工艺: 复合,Công nghệ: Hợp chất,0.5668169260025024,0.6901824474334717,0.3916856050491333
tang1,功能,情景模拟,Mô phỏng tình huống,DUNG,Chức năng,功能: 情景模拟,Chức năng: Mô phỏng tình huống,0.8588827848434448,0.8687270879745483,0.47923752665519714
tang1,颜色,樱桃红,màu đỏ anh đào,DUNG,Màu sắc,颜色: 樱桃红,Màu sắc: màu đỏ anh đào,0.5517513751983643,0.7200000286102295,0.2860817313194275
tang1,颜色分类,32G内存卡,Thẻ nhớ 32G,DUNG,Phân loại màu sắc,颜色分类: 32G内存卡,Phân loại màu sắc: Thẻ nhớ 32G,0.9138482213020325,0.8942450284957886,0.4217243790626526
tang1,摆放方式,座式,Kiểu ngồi,SAI,Cách đặt,摆放方式: 座式,Cách đặt: Kiểu ngồi,0.774673581123352,0.813190221786499,0.774673581123352
tang1,流行元素,蕾丝,Ren,DUNG,Yếu tố thịnh hành,流行元素: 蕾丝,Yếu tố thịnh hành: Ren,0.4559166133403778,0.6286709904670715,0.4608457088470459
tang1,款式,后盖款,Bìa sau,SAI,Kiểu dáng,款式: 后盖款,Kiểu dáng: Bìa sau,0.48111218214035034,0.7558954358100891,0.46064481139183044
tang1,产品类别,碧螺春,Biluochun,DUNG,Danh mục sản phẩm,产品类别: 碧螺春,Danh mục sản phẩm: Biluochun,0.32803428173065186,0.5450073480606079,0.3084479868412018
tang1,上市年份季节,2021年秋季,Mùa thu năm 2021,DUNG,Năm/mùa ra mắt,上市年份季节: 2021年秋季,Năm/mùa ra mắt: Mùa thu năm 2021,0.8469072580337524,0.7958486080169678,0.5842601656913757
tang1,鞋垫材质,头层猪皮,Da heo lớp đầu,DUNG,Chất liệu lót giày,鞋垫材质: 头层猪皮,Chất liệu lót giày: Da heo lớp đầu,0.6269329786300659,0.754570722579956,0.4412749111652374
tang1,适用送礼场合,周年庆典,Lễ kỷ niệm,DUNG,Những dịp tặng quà thích hợp,适用送礼场合: 周年庆典,Những dịp tặng quà thích hợp: Lễ kỷ niệm,0.7617900371551514,0.7835257053375244,0.7617900371551514
tang1,拍照像素,600万,6 triệu,SAI,Độ phân giải chụp ảnh,拍照像素: 600万,Độ phân giải chụp ảnh: 6 triệu,0.84494948387146,0.8254073262214661,0.6724269986152649
tang1,功效,不易脱色,Không dễ khử màu,SAI,Hiệu quả,功效: 不易脱色,Hiệu quả: Không dễ khử màu,0.7347562313079834,0.7112201452255249,0.46357589960098267
tang1,加工方式,包装定制,包装定制,SAI,Hình thức gia công,加工方式: 包装定制,Hình thức gia công: 包装定制,1.000000238418579,0.9129591584205627,0.5090561509132385
tang1,面料支数,80支,80 sợi,SAI,Chi số sợi vải,面料支数: 80支,Chi số sợi vải: 80 sợi,0.8290133476257324,0.8412736654281616,0.701847493648529
tang1,风格,简约现代,Đơn giản hiện đại,DUNG,Phong cách,风格: 简约现代,Phong cách: Đơn giản hiện đại,0.765938401222229,0.8382910490036011,0.2899806499481201
tang1,是否智能,智能,thông minh,DUNG,Có phải loại thông minh không,是否智能: 智能,Có phải loại thông minh không: thông minh,0.8049039840698242,0.7753387093544006,0.8049039840698242
tang1,使用场景,睡前护肤,Chăm sóc da trước khi đi ngủ,DUNG,Tình huống sử dụng,使用场景: 睡前护肤,Tình huống sử dụng: Chăm sóc da trước khi đi ngủ,0.9414708614349365,0.8957780599594116,0.439708948135376
tang1,材质,木,gỗ,DUNG,Chất liệu,材质: 木,Chất liệu: gỗ,0.6815807819366455,0.8896920680999756,0.36429378390312195
tang1,特殊功效,营养,Dinh dưỡng,DUNG,Hiệu ứng đặc biệt,特殊功效: 营养,Hiệu ứng đặc biệt: Dinh dưỡng,0.7617413997650146,0.8131887912750244,0.7617413997650146
tang1,尺寸规格,【床笠款】1.8四件套-被套180x220,[Bộ ga chun]Bộ 4 món 1.8m - Vỏ chăn 180x220,DUNG,Kích thước,尺寸规格: 【床笠款】1.8四件套-被套180x220,Kích thước: [Bộ ga chun]Bộ 4 món 1.8m - Vỏ chăn 180x220,0.6880612969398499,0.6961018443107605,0.5271889567375183
tang1,产品上市时间,2016年春,Mùa xuân năm 2016,DUNG,Thời gian ra mắt sản phẩm,产品上市时间: 2016年春,Thời gian ra mắt sản phẩm: Mùa xuân năm 2016,0.9187158346176147,0.9122068881988525,0.4568856358528137
tang1,提拎类型,单肩,Một bên vai,DUNG,Kiểu mang,提拎类型: 单肩,Kiểu mang: Một bên vai,0.6744824647903442,0.6197023391723633,0.4432636499404907
tang1,工艺,拼贴/拼接,Cắt dán/ghép nối,DUNG,Công nghệ,工艺: 拼贴/拼接,Công nghệ: Cắt dán/ghép nối,0.7044658660888672,0.7434915900230408,0.3973456621170044
tang1,工艺,烫印,Dập nóng,DUNG,Công nghệ,工艺: 烫印,Công nghệ: Dập nóng,0.5265676975250244,0.6493105888366699,0.49288827180862427
tang1,颜色,玫瑰金,Vàng hồng,DUNG,Màu sắc,颜色: 玫瑰金,Màu sắc: Vàng hồng,0.5468170046806335,0.7084287405014038,0.3013916015625
tang1,适用型号,苹果16pro,Apple 16pro,SAI,Dòng máy tương thích,适用型号: 苹果16pro,Dòng máy tương thích: Apple 16pro,0.9519971609115601,0.8797245621681213,0.42598721385002136
tang1,风格,田园,Nông thôn,SAI,Phong cách,风格: 田园,Phong cách: Nông thôn,0.5795820355415344,0.8474382758140564,0.33535996079444885
tang1,功能,支撑,Hỗ trợ,DUNG,Chức năng,功能: 支撑,Chức năng: Hỗ trợ,0.6117973327636719,0.7993918061256409,0.47387415170669556
tang1,功能,可透视,Có thể nhìn xuyên thấu,DUNG,Chức năng,功能: 可透视,Chức năng: Có thể nhìn xuyên thấu,0.8472499847412109,0.885075032711029,0.45086610317230225
tang1,产品形态,泥膜,Màng bùn,SAI,Hình thái sản phẩm,产品形态: 泥膜,Hình thái sản phẩm: Màng bùn,0.4810953438282013,0.6644507646560669,0.49691241979599
tang1,流行元素,糖果色彩,Màu kẹo,DUNG,Yếu tố thịnh hành,流行元素: 糖果色彩,Yếu tố thịnh hành: Màu kẹo,0.42975756525993347,0.6935703754425049,0.3134889602661133
tang1,产品认证类型,详询客服,Liên hệ CSKH,DUNG,Loại chứng nhận sản phẩm,产品认证类型: 详询客服,Loại chứng nhận sản phẩm: Liên hệ CSKH,0.6371819972991943,0.737774133682251,0.6371819972991943
tang1,尺寸规格,【床笠款】1.5四件套-被套150x200,[Bộ ga chun]Bộ 4 món 1.5m - Vỏ chăn 150x200,DUNG,Kích thước,尺寸规格: 【床笠款】1.5四件套-被套150x200,Kích thước: [Bộ ga chun]Bộ 4 món 1.5m - Vỏ chăn 150x200,0.6860480308532715,0.6835379600524902,0.672310471534729
tang1,款式,圆头款,Kiểu đầu tròn,DUNG,Kiểu dáng,款式: 圆头款,Kiểu dáng: Kiểu đầu tròn,0.6641139984130859,0.767558217048645,0.40318527817726135
tang1,适用运动,跑步,Chạy bộ,DUNG,Dùng cho thể thao,适用运动: 跑步,Dùng cho thể thao: Chạy bộ,0.8130427598953247,0.820639967918396,0.5598303079605103
tang1,开盖方式,敞口,Hở,DUNG,Cách mở nắp,开盖方式: 敞口,Cách mở nắp: Hở,0.5414848327636719,0.7791683673858643,0.5745322704315186
tang1,外观造型,工程车,Xe kỹ thuật,SAI,Ngoại hình,外观造型: 工程车,Ngoại hình: Xe kỹ thuật,0.6575389504432678,0.8006799817085266,0.59980309009552
tang1,产品类别,高跟鞋,Giày cao gót,DUNG,Danh mục sản phẩm,产品类别: 高跟鞋,Danh mục sản phẩm: Giày cao gót,0.7872294187545776,0.7754043340682983,0.4275643229484558
tang1,材质,海绵,Miếng bọt biển,DUNG,Chất liệu,材质: 海绵,Chất liệu: Miếng bọt biển,0.5692940950393677,0.7544547319412231,0.42102909088134766
tang1,屏幕尺寸,8英寸,8inch,DUNG,Kích thước màn hình,屏幕尺寸: 8英寸,Kích thước màn hình: 8inch,0.913090705871582,0.9259878396987915,0.7027750015258789
tang1,颜色,雾霾蓝,Xanh lam sương khói,DUNG,Màu sắc,颜色: 雾霾蓝,Màu sắc: Xanh lam sương khói,0.6143071055412292,0.7222609519958496,0.36725714802742004
tang1,重量,见详情页,Xem trang chi tiết,DUNG,Trọng lượng,重量: 见详情页,Trọng lượng: Xem trang chi tiết,0.7999666333198547,0.8311676979064941,0.7999666333198547
tang1,功能,托运箱,hộp vận chuyển,SAI,Chức năng,功能: 托运箱,Chức năng: hộp vận chuyển,0.7439504265785217,0.7857794761657715,0.3878641724586487
tang1,主要销售地区,韩国,Hàn Quốc,DUNG,Khu vực bán hàng chính,主要销售地区: 韩国,Khu vực bán hàng chính: Hàn Quốc,0.7785724997520447,0.8823311924934387,0.5011568069458008
tang1,适用运动,露营,cắm trại,DUNG,Dùng cho thể thao,适用运动: 露营,Dùng cho thể thao: cắm trại,0.7464154958724976,0.8378468751907349,0.4038156270980835
tang1,图案,品牌LOGO,LOGO thương hiệu,DUNG,Hoa văn,图案: 品牌LOGO,Hoa văn: LOGO thương hiệu,0.9164373874664307,0.8420412540435791,0.4538102149963379
tang1,功能,芳香,Thơm,DUNG,Chức năng,功能: 芳香,Chức năng: Thơm,0.584541916847229,0.8225367069244385,0.7032157182693481
tang1,生产日期,2026年,2026,DUNG,Ngày sản xuất,生产日期: 2026年,Ngày sản xuất: 2026,0.9331866502761841,0.9045572280883789,0.41618651151657104
tang1,款式,软壳,vỏ mềm,DUNG,Kiểu dáng,款式: 软壳,Kiểu dáng: vỏ mềm,0.6476925611495972,0.7716439962387085,0.4346153140068054
tang1,适用送礼场合,节日,Lễ hội,DUNG,Những dịp tặng quà thích hợp,适用送礼场合: 节日,Những dịp tặng quà thích hợp: Lễ hội,0.7103595733642578,0.7854608297348022,0.41510578989982605
tang1,适用学龄,初中,Trung học cơ sở,DUNG,Thích hợp tuổi đi học,适用学龄: 初中,Thích hợp tuổi đi học: Trung học cơ sở,0.6673740148544312,0.7778955698013306,0.7066619396209717
tang1,产品类别,勺铲套件,Bộ dụng cụ xẻng thìa,DUNG,Danh mục sản phẩm,产品类别: 勺铲套件,Danh mục sản phẩm: Bộ dụng cụ xẻng thìa,0.6003012657165527,0.6084809303283691,0.2853483557701111
tang1,保质期,270天,270 ngày,DUNG,Thời hạn sử dụng,保质期: 270天,Thời hạn sử dụng: 270 ngày,0.9836015701293945,0.9075736403465271,0.7651604413986206
tang1,适用送礼场合,生日,Sinh nhật,DUNG,Những dịp tặng quà thích hợp,适用送礼场合: 生日,Những dịp tặng quà thích hợp: Sinh nhật,0.9009204506874084,0.8186944127082825,0.5796324014663696
tang1,功能,画面畸形修正,Sửa lỗi biến dạng màn hình,DUNG,Chức năng,功能: 画面畸形修正,Chức năng: Sửa lỗi biến dạng màn hình,0.7711144685745239,0.816289484500885,0.5853064656257629
tang1,产品类别,杂物收纳盒,Hộp đựng đồ lặt vặt,DUNG,Danh mục sản phẩm,产品类别: 杂物收纳盒,Danh mục sản phẩm: Hộp đựng đồ lặt vặt,0.7449476718902588,0.7069430351257324,0.3315661549568176
tang1,适用场景,子母箱,Hộp mẹ con,DUNG,Dịp sử dụng,适用场景: 子母箱,Dịp sử dụng: Hộp mẹ con,0.5869958996772766,0.7185376882553101,0.452328622341156
tang1,风格,田园风,Phong cách đồng quê,DUNG,Phong cách,风格: 田园风,Phong cách: Phong cách đồng quê,0.6876614093780518,0.7862926721572876,0.5068026781082153
tang1,适用范围,换洗衣物,Quần áo thay,DUNG,Phạm vi áp dụng,适用范围: 换洗衣物,Phạm vi áp dụng: Quần áo thay,0.7996433973312378,0.7600990533828735,0.8093012571334839
tang1,风格,简约风格,Phong cách đơn giản,DUNG,Phong cách,风格: 简约风格,Phong cách: Phong cách đơn giản,0.7756874561309814,0.8076182007789612,0.5863860845565796
tang1,功能,便携,Di động,DUNG,Chức năng,功能: 便携,Chức năng: Di động,0.5565484762191772,0.7320356965065002,0.412054181098938
tang1,安装位置,挡风玻璃,Kính chắn gió,DUNG,Vị trí lắp đặt,安装位置: 挡风玻璃,Vị trí lắp đặt: Kính chắn gió,0.7153569459915161,0.8076720833778381,0.7303214073181152
tang1,生产日期,持续更新,Cập nhật liên tục,DUNG,Ngày sản xuất,生产日期: 持续更新,Ngày sản xuất: Cập nhật liên tục,0.9067922830581665,0.9179115295410156,0.5266543626785278
tang1,流行靴款,马丁靴,Giày Martin,DUNG,Giày bốt phổ biến,流行靴款: 马丁靴,Giày bốt phổ biến: Giày Martin,0.6186927556991577,0.723800778388977,0.577568769454956
tang1,颜色,橄榄绿,Xanh ô liu,DUNG,Màu sắc,颜色: 橄榄绿,Màu sắc: Xanh ô liu,0.5160060524940491,0.7010713815689087,0.3783608078956604
tang1,保质期,24个月,24 tháng,DUNG,Thời hạn sử dụng,保质期: 24个月,Thời hạn sử dụng: 24 tháng,0.9250278472900391,0.8928204774856567,0.9250278472900391
tang1,产品类别,化妆品收纳盒,Hộp đựng mỹ phẩm,DUNG,Danh mục sản phẩm,产品类别: 化妆品收纳盒,Danh mục sản phẩm: Hộp đựng mỹ phẩm,0.8185572624206543,0.7405920624732971,0.2521280348300934
tang1,适用机型,iPhone13/14通用,Phổ biến cho iPhone13/14,SAI,Dòng máy tương thích,适用机型: iPhone13/14通用,Dòng máy tương thích: Phổ biến cho iPhone13/14,0.8497491478919983,0.8199129700660706,0.6216853857040405
tang1,适用运动,户外登山,Leo núi ngoài trời,DUNG,Dùng cho thể thao,适用运动: 户外登山,Dùng cho thể thao: Leo núi ngoài trời,0.7238130569458008,0.8053673505783081,0.495929479598999
tang1,适用范围,书籍杂志,Sách và tạp chí,DUNG,Phạm vi áp dụng,适用范围: 书籍杂志,Phạm vi áp dụng: Sách và tạp chí,0.7033689618110657,0.8155261278152466,0.34180498123168945
tang1,箱包形状,心形,Hình trái tim,DUNG,Hình dạng túi,箱包形状: 心形,Hình dạng túi: Hình trái tim,0.7312198877334595,0.8094741702079773,0.4793063998222351
tang1,材质,草编,Đan cói,DUNG,Chất liệu,材质: 草编,Chất liệu: Đan cói,0.2936490774154663,0.6347100734710693,0.3307097554206848
tang1,适用范围,书本,Sách,DUNG,Phạm vi áp dụng,适用范围: 书本,Phạm vi áp dụng: Sách,0.5930407047271729,0.8405687212944031,0.44964611530303955
tang1,香调,花香调,Hương hoa,DUNG,Hương thơm,香调: 花香调,Hương thơm: Hương hoa,0.5899598002433777,0.741650402545929,0.5899598002433777
tang1,适用人群,中青年,trẻ và trung niên,DUNG,Đối tượng sử dụng,适用人群: 中青年,Đối tượng sử dụng: trẻ và trung niên,0.6312709450721741,0.7993407249450684,0.4544309973716736
tang1,原料与配料,茶叶,Trà,DUNG,Nguyên liệu và thành phần,原料与配料: 茶叶,Nguyên liệu và thành phần: Trà,0.6001579761505127,0.8167521953582764,0.6001579761505127
tang1,产品类型,迷你行车记录仪,Camera hành trình mini,DUNG,Loại sản phẩm,产品类型: 迷你行车记录仪,Loại sản phẩm: Camera hành trình mini,0.7657985687255859,0.7790493965148926,0.5999732613563538
tang1,上市年份季节,2026年冬季,Mùa đông năm 2026,DUNG,Năm/mùa ra mắt,上市年份季节: 2026年冬季,Năm/mùa ra mắt: Mùa đông năm 2026,0.9035021066665649,0.8464030027389526,0.5538268089294434
tang1,功能,充电口,cổng sạc,DUNG,Chức năng,功能: 充电口,Chức năng: cổng sạc,0.7640388011932373,0.8443571925163269,0.5321844816207886
tang1,标准类型,英标,Tiêu chuẩn Anh,DUNG,Loại tiêu chuẩn,标准类型: 英标,Loại tiêu chuẩn: Tiêu chuẩn Anh,0.5998843908309937,0.7798710465431213,0.4696933329105377
tang1,产品类型,广角行车记录仪,Camera hành trình góc rộng,DUNG,Loại sản phẩm,产品类型: 广角行车记录仪,Loại sản phẩm: Camera hành trình góc rộng,0.7149697542190552,0.7688252925872803,0.38664868474006653
tang1,适合身高,100码,100 thước,SAI,Phù hợp với chiều cao,适合身高: 100码,Phù hợp với chiều cao: 100 thước,0.7482731342315674,0.917500376701355,0.6643968820571899
tang1,款式,基础款,Phong cách cơ bản,DUNG,Kiểu dáng,款式: 基础款,Kiểu dáng: Phong cách cơ bản,0.6183567047119141,0.7729865312576294,0.46308261156082153
tang1,主要销售地区,国内电商,Thương mại điện tử trong nước,DUNG,Khu vực bán hàng chính,主要销售地区: 国内电商,Khu vực bán hàng chính: Thương mại điện tử trong nước,0.6711698770523071,0.8001521825790405,0.2958716154098511
tang1,口味,香辣味,Vị thơm cay,DUNG,Hương vị,口味: 香辣味,Hương vị: Vị thơm cay,0.6585593819618225,0.7673314809799194,0.6585593819618225
tang1,款式,吊带款,Kiểu dây đeo,DUNG,Kiểu dáng,款式: 吊带款,Kiểu dáng: Kiểu dây đeo,0.650747537612915,0.733460009098053,0.4659503698348999
tang1,风格,小众,Thiểu số,SAI,Phong cách,风格: 小众,Phong cách: Thiểu số,0.6103297472000122,0.7563297748565674,0.41885894536972046
tang1,上市年份季节,2020年夏季,Mùa hè năm 2020,DUNG,Năm/mùa ra mắt,上市年份季节: 2020年夏季,Năm/mùa ra mắt: Mùa hè năm 2020,0.9020617008209229,0.8073593378067017,0.6162604093551636
tang1,材质,ABS材质,Chất liệu ABS,DUNG,Chất liệu,材质: ABS材质,Chất liệu: Chất liệu ABS,0.9365766048431396,0.9180188179016113,0.4965639114379883
tang1,材质功能,抗紫外线,Chống tia cực tím,DUNG,Chức năng chất liệu,材质功能: 抗紫外线,Chức năng chất liệu: Chống tia cực tím,0.7062053680419922,0.8421370387077332,0.7062053680419922
tang1,风格,网红风,Phong cách hot trend,DUNG,Phong cách,风格: 网红风,Phong cách: Phong cách hot trend,0.6392293572425842,0.7242335081100464,0.43487274646759033
tang1,尺寸,18寸,18 inch,DUNG,Kích thước,尺寸: 18寸,Kích thước: 18 inch,0.9292383193969727,0.9318463802337646,0.6605674028396606
tang1,箱包形状,枕头型,Loại gối,DUNG,Hình dạng túi,箱包形状: 枕头型,Hình dạng túi: Loại gối,0.6714746952056885,0.7585558295249939,0.45311275124549866
tang1,材质功能,免烫,Không cần ủi,DUNG,Chức năng chất liệu,材质功能: 免烫,Chức năng chất liệu: Không cần ủi,0.7442398071289062,0.8206031322479248,0.6397945880889893
tang1,颜色,墨绿,Xanh mực,SAI,Màu sắc,颜色: 墨绿,Màu sắc: Xanh mực,0.5561529397964478,0.7226414084434509,0.4241029620170593
tang1,发光玩具类型,其他发光玩具,Đồ chơi phát sáng khác,DUNG,Loại đồ chơi phát sáng,发光玩具类型: 其他发光玩具,Loại đồ chơi phát sáng: Đồ chơi phát sáng khác,0.9233344793319702,0.868025541305542,0.7303308248519897
tang1,鞋跟高度,低跟[小于3cm(含)],Gót thấp [dưới 3cm (bao gồm)],DUNG,Chiều cao gót giày,鞋跟高度: 低跟[小于3cm(含)],Chiều cao gót giày: Gót thấp [dưới 3cm (bao gồm)],0.8782190084457397,0.8984616994857788,0.6344593167304993
tang1,颜色,奶白色,Màu trắng sữa,DUNG,Màu sắc,颜色: 奶白色,Màu sắc: Màu trắng sữa,0.7567448616027832,0.8166689872741699,0.5514765381813049
tang1,主要销售地区,日本,Nhật Bản,DUNG,Khu vực bán hàng chính,主要销售地区: 日本,Khu vực bán hàng chính: Nhật Bản,0.9046690464019775,0.8907234072685242,0.6902672052383423
tang1,材质成分,聚酯纤维（涤纶）:100%,Sợi polyester (polyester): 100%,DUNG,Thành phần vật liệu,材质成分: 聚酯纤维（涤纶）:100%,Thành phần vật liệu: Sợi polyester (polyester): 100%,0.8227788805961609,0.8275425434112549,0.6544011831283569
tang1,供电方式,无需供电,Không cần nguồn điện,DUNG,Cách cung cấp điện,供电方式: 无需供电,Cách cung cấp điện: Không cần nguồn điện,0.937536358833313,0.9111045598983765,0.3913993239402771
tang1,颜色,湖蓝色,Màu xanh nước hồ,DUNG,Màu sắc,颜色: 湖蓝色,Màu sắc: Màu xanh nước hồ,0.7181971669197083,0.7812587022781372,0.45417165756225586
tang1,皮质特征,复合牛皮,Da bò tổng hợp,DUNG,Đặc điểm da,皮质特征: 复合牛皮,Đặc điểm da: Da bò tổng hợp,0.6029171943664551,0.7043493986129761,0.41011083126068115
tang1,适用送礼场合,颁奖纪念,Giải thưởng kỷ niệm,SAI,Những dịp tặng quà thích hợp,适用送礼场合: 颁奖纪念,Những dịp tặng quà thích hợp: Giải thưởng kỷ niệm,0.7587363719940186,0.8125325441360474,0.5683152079582214
tang1,产品质量等级,优等品,Sản phẩm cao cấp,SAI,Sản phẩm chất lượng lớp,产品质量等级: 优等品,Sản phẩm chất lượng lớp: Sản phẩm cao cấp,0.5832566022872925,0.6827424764633179,0.5621448159217834
tang1,尺寸,32寸,32 inch,DUNG,Kích thước,尺寸: 32寸,Kích thước: 32 inch,0.9356241822242737,0.9407161474227905,0.5883654356002808
tang1,鞋底工艺,硫化鞋,Giày lưu hóa,DUNG,Công nghệ đế giày,鞋底工艺: 硫化鞋,Công nghệ đế giày: Giày lưu hóa,0.6339514255523682,0.6814364194869995,0.5699662566184998
tang1,风格,商务精英,Kinh doanh ưu tú,DUNG,Phong cách,风格: 商务精英,Phong cách: Kinh doanh ưu tú,0.5204335451126099,0.7323870658874512,0.3918018937110901
tang1,表层材质,冰丝,Sợi lạnh,SAI,Chất liệu bề mặt,表层材质: 冰丝,Chất liệu bề mặt: Sợi lạnh,0.5649521946907043,0.7793722748756409,0.5649521946907043
tang1,鞋头款式,露趾,Giày hở ngón,DUNG,Kiểu mũi giày,鞋头款式: 露趾,Kiểu mũi giày: Giày hở ngón,0.6198693513870239,0.7562354803085327,0.6198693513870239
tang1,风格,运动休闲,Thể thao thoải mái,DUNG,Phong cách,风格: 运动休闲,Phong cách: Thể thao thoải mái,0.785718560218811,0.8520483374595642,0.4396563172340393
tang1,颜色,玫瑰金,vàng hồng,DUNG,Màu sắc,颜色: 玫瑰金,Màu sắc: vàng hồng,0.5467195510864258,0.7127707004547119,0.369600772857666
tang1,风格,国潮,Quốc triều,SAI,Phong cách,风格: 国潮,Phong cách: Quốc triều,0.4524082541465759,0.7348982691764832,0.3418563902378082
tang1,功能,除臭,Khử mùi,DUNG,Chức năng,功能: 除臭,Chức năng: Khử mùi,0.7991641759872437,0.8875421285629272,0.429311066865921
tang1,核心成分,胶原蛋白,Collagen,DUNG,Thành phần cốt lõi,核心成分: 胶原蛋白,Thành phần cốt lõi: Collagen,0.5544832944869995,0.7671307921409607,0.4241792559623718
tang1,拍照像素,400万,4 triệu,SAI,Độ phân giải chụp ảnh,拍照像素: 400万,Độ phân giải chụp ảnh: 4 triệu,0.7505950927734375,0.7681340575218201,0.6018005609512329
tang1,产品类别,抽屉收纳盒,Hộp đựng đồ ngăn kéo,DUNG,Danh mục sản phẩm,产品类别: 抽屉收纳盒,Danh mục sản phẩm: Hộp đựng đồ ngăn kéo,0.7264800071716309,0.685821533203125,0.3972923159599304
tang1,产品类别,收纳整理箱,Hộp đựng đồ,DUNG,Danh mục sản phẩm,产品类别: 收纳整理箱,Danh mục sản phẩm: Hộp đựng đồ,0.7573015093803406,0.7188923358917236,0.4194212555885315
tang1,产品类别,文具收纳盒,Hộp đựng văn phòng phẩm,DUNG,Danh mục sản phẩm,产品类别: 文具收纳盒,Danh mục sản phẩm: Hộp đựng văn phòng phẩm,0.760271430015564,0.7116968631744385,0.400928795337677
tang1,成分原料,胶原蛋白,collagen,DUNG,Nguyên liệu thành phần,成分原料: 胶原蛋白,Nguyên liệu thành phần: collagen,0.6470074653625488,0.804192304611206,0.6470074653625488
tang1,淘货类别,商务绅士（35岁以上）,Quý ông doanh nhân (trên 35 tuổi),DUNG,Phân khúc khách hàng,淘货类别: 商务绅士（35岁以上）,Phân khúc khách hàng: Quý ông doanh nhân (trên 35 tuổi),0.8592078685760498,0.7535185217857361,0.8296602964401245
tang1,适用场景,旅游,du lịch,DUNG,Dịp sử dụng,适用场景: 旅游,Dịp sử dụng: du lịch,0.843025803565979,0.8213320970535278,0.47119826078414917
tang1,屏幕尺寸,4.0英寸,4.0 inch,DUNG,Kích thước màn hình,屏幕尺寸: 4.0英寸,Kích thước màn hình: 4.0 inch,0.9448176622390747,0.9403707981109619,0.671085774898529
tang1,颜色,浅蓝,màu xanh nhạt,DUNG,Màu sắc,颜色: 浅蓝,Màu sắc: màu xanh nhạt,0.5786581039428711,0.7777464985847473,0.4193992018699646
tang1,年份,5年(含)-10年(不含),5 năm (bao gồm)-10 năm (không bao gồm),DUNG,Năm,年份: 5年(含)-10年(不含),Năm: 5 năm (bao gồm)-10 năm (không bao gồm),0.9333465695381165,0.9108844995498657,0.783126711845398
tang1,织造工艺,平纹,Vân phẳng,DUNG,Công nghệ dệt,织造工艺: 平纹,Công nghệ dệt: Vân phẳng,0.521491527557373,0.6688275933265686,0.521491527557373
tang1,风格,复古腔调,Giai điệu cổ điển,DUNG,Phong cách,风格: 复古腔调,Phong cách: Giai điệu cổ điển,0.6594407558441162,0.7514918446540833,0.5958434343338013
tang1,尺寸,1个装,1 gói,SAI,Kích thước,尺寸: 1个装,Kích thước: 1 gói,0.7784432768821716,0.7975057363510132,0.48081448674201965
tang1,用品品类,水杯/训练杯,Cốc nước/Cốc tập luyện,DUNG,Danh mục sản phẩm,用品品类: 水杯/训练杯,Danh mục sản phẩm: Cốc nước/Cốc tập luyện,0.751220703125,0.733206570148468,0.3828270435333252
tang1,颜色,白蓝,Trắng xanh,DUNG,Màu sắc,颜色: 白蓝,Màu sắc: Trắng xanh,0.49937671422958374,0.7499287128448486,0.3917917013168335
tang1,加工方式,LOGO贴牌,LOGO OEM,DUNG,Hình thức gia công,加工方式: LOGO贴牌,Hình thức gia công: LOGO OEM,0.7283393740653992,0.8013449907302856,0.5077483654022217
tang1,适用型号,苹果16plus,Apple 16plus,SAI,Dòng máy tương thích,适用型号: 苹果16plus,Dòng máy tương thích: Apple 16plus,0.9407410621643066,0.8768196702003479,0.38955119252204895
tang1,种类,汽车清洁刷,bàn chải lau xe,DUNG,Chủng loại,种类: 汽车清洁刷,Chủng loại: bàn chải lau xe,0.6618928909301758,0.7567734122276306,0.36663615703582764
tang1,跨境风格类型,舒适休闲,Thoải mái và giản dị,DUNG,Loại phong cách xuyên biên giới,跨境风格类型: 舒适休闲,Loại phong cách xuyên biên giới: Thoải mái và giản dị,0.7415195107460022,0.7568917274475098,0.503878116607666
tang1,材质工艺,胶粘,Dán keo,DUNG,Chất liệu và công nghệ chế tác,材质工艺: 胶粘,Chất liệu và công nghệ chế tác: Dán keo,0.40380793809890747,0.7313324213027954,0.40380793809890747
tang1,耳机类型,头戴式耳机,tai nghe,SAI,Loại tai nghe,耳机类型: 头戴式耳机,Loại tai nghe: tai nghe,0.6600455045700073,0.7400266528129578,0.6600455045700073
tang1,颜色,古董白,màu trắng cổ,DUNG,Màu sắc,颜色: 古董白,Màu sắc: màu trắng cổ,0.6655887961387634,0.8118214011192322,0.4549684226512909
tang1,产品类别,小皮鞋,Giày da nhỏ,DUNG,Danh mục sản phẩm,产品类别: 小皮鞋,Danh mục sản phẩm: Giày da nhỏ,0.717095673084259,0.7325161695480347,0.4386564791202545
tang1,鞋底材质,橡塑,Cao su non,SAI,Chất liệu đế giày,鞋底材质: 橡塑,Chất liệu đế giày: Cao su non,0.35931721329689026,0.7306174039840698,0.5257595181465149
tang1,织造工艺,贡缎,Vải gông,SAI,Công nghệ dệt,织造工艺: 贡缎,Công nghệ dệt: Vải gông,0.48941728472709656,0.6566205024719238,0.42199766635894775
tang1,颜色,香芋紫,Tím khoai môn,DUNG,Màu sắc,颜色: 香芋紫,Màu sắc: Tím khoai môn,0.41110503673553467,0.6546962261199951,0.4316375255584717
tang1,颜色分类,柠檬黄,Vàng chanh,DUNG,Phân loại màu sắc,颜色分类: 柠檬黄,Phân loại màu sắc: Vàng chanh,0.47683146595954895,0.7033889293670654,0.28263595700263977
tang1,流行元素,翻边,Gập mép,DUNG,Yếu tố thịnh hành,流行元素: 翻边,Yếu tố thịnh hành: Gập mép,0.4695608615875244,0.5639680624008179,0.4051295816898346
tang1,图案,抽象,Trừu tượng,DUNG,Hoa văn,图案: 抽象,Hoa văn: Trừu tượng,0.4205802083015442,0.5850935578346252,0.3212411403656006
tang1,床品套件,四件套,Bộ bốn món,DUNG,Bộ đồ giường,床品套件: 四件套,Bộ đồ giường: Bộ bốn món,0.699040412902832,0.7853125929832458,0.699040412902832
tang1,原料与配料,茉莉花茶,Trà hoa nhài,DUNG,Nguyên liệu và thành phần,原料与配料: 茉莉花茶,Nguyên liệu và thành phần: Trà hoa nhài,0.5736197233200073,0.686810314655304,0.3883688449859619
tang1,鞋跟高度,中跟[3-6cm(含)],Gót giày trung bình [3-6cm (bao gồm)],DUNG,Chiều cao gót giày,鞋跟高度: 中跟[3-6cm(含)],Chiều cao gót giày: Gót giày trung bình [3-6cm (bao gồm)],0.8269246220588684,0.874556839466095,0.817822277545929
tang1,货源类型,国内一二线品牌,Thương hiệu nội địa hạng nhất và hạng hai,DUNG,Loại nguồn hàng,货源类型: 国内一二线品牌,Loại nguồn hàng: Thương hiệu nội địa hạng nhất và hạng hai,0.7312955856323242,0.7714489102363586,0.7657977938652039
tang1,产品上市时间,2021年春,Mùa xuân năm 2021,DUNG,Thời gian ra mắt sản phẩm,产品上市时间: 2021年春,Thời gian ra mắt sản phẩm: Mùa xuân năm 2021,0.9145512580871582,0.9216139316558838,0.619940996170044
tang1,鞋底工艺,缝制鞋,May giày,SAI,Công nghệ đế giày,鞋底工艺: 缝制鞋,Công nghệ đế giày: May giày,0.6237360239028931,0.7193028330802917,0.4695751965045929
tang1,使用方式,悬挂式,Kiểu treo,DUNG,Cách sử dụng,使用方式: 悬挂式,Cách sử dụng: Kiểu treo,0.6377267837524414,0.7831956744194031,0.3427112102508545
tang1,颜色,浅灰,Xám nhạt,DUNG,Màu sắc,颜色: 浅灰,Màu sắc: Xám nhạt,0.6205004453659058,0.7508460283279419,0.5141916871070862
tang1,产品类别,生普,Sinh phổ,SAI,Danh mục sản phẩm,产品类别: 生普,Danh mục sản phẩm: Sinh phổ,0.4288685917854309,0.6356620192527771,0.4049907922744751
tang1,生产日期,2026年3月9日,Ngày 9 tháng 3 năm 2026,DUNG,Ngày sản xuất,生产日期: 2026年3月9日,Ngày sản xuất: Ngày 9 tháng 3 năm 2026,0.9462291598320007,0.9000557065010071,0.677013635635376
tang1,毛质硬度,适中,Trung bình,DUNG,Độ cứng của tóc,毛质硬度: 适中,Độ cứng của tóc: Trung bình,0.696085512638092,0.7792607545852661,0.696085512638092
tang1,功能,NFC功能,Chức năng NFC,DUNG,Chức năng,功能: NFC功能,Chức năng: Chức năng NFC,0.942754328250885,0.9127225279808044,0.4234563708305359
tang1,适用范围,零食,Đồ ăn vặt,DUNG,Phạm vi áp dụng,适用范围: 零食,Phạm vi áp dụng: Đồ ăn vặt,0.8116289377212524,0.8232219815254211,0.46655717492103577
tang1,用途,通用包装,通用包装,SAI,用途,用途: 通用包装,用途: 通用包装,0.9999999403953552,1.000000238418579,0.41806697845458984
tang1,适用送礼场合,乔迁,Tân gia,DUNG,Những dịp tặng quà thích hợp,适用送礼场合: 乔迁,Những dịp tặng quà thích hợp: Tân gia,0.41385701298713684,0.6460943818092346,0.3972335457801819
tang1,面料工艺,剪毛,Cắt lông,DUNG,Công nghệ vải,面料工艺: 剪毛,Công nghệ vải: Cắt lông,0.8189436197280884,0.7933584451675415,0.8189436197280884
tang1,流行元素,魔术贴,Băng dính gai,DUNG,Yếu tố thịnh hành,流行元素: 魔术贴,Yếu tố thịnh hành: Băng dính gai,0.4456228017807007,0.5563678741455078,0.46938419342041016
tang1,3C配置类别,14岁以下的黏土玩具,Đồ chơi đất sét dưới 14 tuổi,DUNG,Danh mục cấu hình 3C,3C配置类别: 14岁以下的黏土玩具,Danh mục cấu hình 3C: Đồ chơi đất sét dưới 14 tuổi,0.8217508792877197,0.7582371234893799,0.7589722275733948
tang1,颜色,土黄色,Màu vàng đất,DUNG,Màu sắc,颜色: 土黄色,Màu sắc: Màu vàng đất,0.6445574164390564,0.724872350692749,0.3611488342285156
tang1,产品类别,洁面乳,Sữa rửa mặt,DUNG,Danh mục sản phẩm,产品类别: 洁面乳,Danh mục sản phẩm: Sữa rửa mặt,0.7062087059020996,0.7037225961685181,0.43022048473358154
tang1,流行元素,鳄鱼纹,Vân cá sấu,DUNG,Yếu tố thịnh hành,流行元素: 鳄鱼纹,Yếu tố thịnh hành: Vân cá sấu,0.4140254557132721,0.5503865480422974,0.3866879343986511
tang1,功能,充电口,Cổng sạc,DUNG,Chức năng,功能: 充电口,Chức năng: Cổng sạc,0.7572291493415833,0.8166871070861816,0.524849534034729
tang1,套餐类型,官方标配,Cấu hình tiêu chuẩn chính thức,DUNG,Loại gói,套餐类型: 官方标配,Loại gói: Cấu hình tiêu chuẩn chính thức,0.6653871536254883,0.7105382084846497,0.7094601392745972
tang1,适用型号,苹果17pro,Apple 17pro,SAI,Dòng máy tương thích,适用型号: 苹果17pro,Dòng máy tương thích: Apple 17pro,0.9594681262969971,0.8878675699234009,0.44144710898399353
tang1,款式,支架款,Loại khung,SAI,Kiểu dáng,款式: 支架款,Kiểu dáng: Loại khung,0.5235058665275574,0.7092944383621216,0.46989598870277405
tang1,标准类型,德标,Tiêu chuẩn Đức,DUNG,Loại tiêu chuẩn,标准类型: 德标,Loại tiêu chuẩn: Tiêu chuẩn Đức,0.4833713173866272,0.7732595205307007,0.4208351969718933
tang1,适用范围,文件,tài liệu,DUNG,Phạm vi áp dụng,适用范围: 文件,Phạm vi áp dụng: tài liệu,0.6339366436004639,0.8087731599807739,0.4601952135562897
tang1,适合场地,地板,Sàn nhà,DUNG,Phù hợp với địa điểm,适合场地: 地板,Phù hợp với địa điểm: Sàn nhà,0.6599950790405273,0.7903189659118652,0.5234804153442383
tang1,附加功能,无线充电,Sạc không dây,DUNG,Tính năng bổ sung,附加功能: 无线充电,Tính năng bổ sung: Sạc không dây,0.7605099081993103,0.8259333372116089,0.5434464812278748
tang1,主面料成分的含量,71%(含)-80%(含),71% (bao gồm)-80% (bao gồm),DUNG,Tỉ lệ thành phần vải chính,主面料成分的含量: 71%(含)-80%(含),Tỉ lệ thành phần vải chính: 71% (bao gồm)-80% (bao gồm),0.9308294057846069,0.874556303024292,0.6030333042144775
tang1,加工方式,清加工（来料加工）,清加工（来料加工）,SAI,Hình thức gia công,加工方式: 清加工（来料加工）,Hình thức gia công: 清加工（来料加工）,1.0000001192092896,0.9318414330482483,0.41022413969039917
tang1,安装方式,无需安装,Không cần cài đặt,SAI,Cách lắp đặt,安装方式: 无需安装,Cách lắp đặt: Không cần cài đặt,0.9242599010467529,0.9131277203559875,0.4846648573875427
tang1,用途,蓝牙耳机,Tai nghe Bluetooth,DUNG,用途,用途: 蓝牙耳机,用途: Tai nghe Bluetooth,0.6866904497146606,0.7919571399688721,0.6866904497146606
tang1,摄像像素,100万,1 triệu,SAI,Điểm ảnh của máy ảnh,摄像像素: 100万,Điểm ảnh của máy ảnh: 1 triệu,0.7866750955581665,0.7645547389984131,0.7866750955581665
tang1,适用型号,苹果SE3,Apple SE3,SAI,Dòng máy tương thích,适用型号: 苹果SE3,Dòng máy tương thích: Apple SE3,0.957059919834137,0.9027968645095825,0.4417382776737213
tang1,风格类型,日韩休闲,Nhật Hàn thoải mái,DUNG,Loại phong cách,风格类型: 日韩休闲,Loại phong cách: Nhật Hàn thoải mái,0.6677716970443726,0.7705364227294922,0.4329071640968323
tang1,风格,学院风,Phong cách học đường,DUNG,Phong cách,风格: 学院风,Phong cách: Phong cách học đường,0.7215447425842285,0.7890781164169312,0.5084078311920166
tang1,适用年龄,婴幼（0-3岁）,Trẻ sơ sinh (0-3 tuổi),DUNG,Độ tuổi áp dụng,适用年龄: 婴幼（0-3岁）,Độ tuổi áp dụng: Trẻ sơ sinh (0-3 tuổi),0.8469975590705872,0.8609712719917297,0.4637599289417267
tang1,适用型号,苹果SE2,Apple SE2,SAI,Dòng máy tương thích,适用型号: 苹果SE2,Dòng máy tương thích: Apple SE2,0.9544054865837097,0.8979802131652832,0.3430960178375244
tang1,材质,软胶,Keo mềm,SAI,Chất liệu,材质: 软胶,Chất liệu: Keo mềm,0.6252892017364502,0.7597906589508057,0.3420075476169586
tang1,电源容量,10000毫安,10000 mAh,DUNG,Công suất điện,电源容量: 10000毫安,Công suất điện: 10000 mAh,0.8134616017341614,0.8786258101463318,0.576224684715271
tang1,风格,欧式风,Phong cách châu Âu,DUNG,Phong cách,风格: 欧式风,Phong cách: Phong cách châu Âu,0.8082023859024048,0.8052999973297119,0.3154660761356354
tang1,功能,不易褪色,Không dễ phai,DUNG,Chức năng,功能: 不易褪色,Chức năng: Không dễ phai,0.6173800230026245,0.7981783151626587,0.5405958890914917
tang1,适用型号,苹果16promax,Apple 16promax,SAI,Dòng máy tương thích,适用型号: 苹果16promax,Dòng máy tương thích: Apple 16promax,0.9467358589172363,0.8981053233146667,0.4874363839626312
tang1,适用人群,成人,Người lớn,DUNG,Đối tượng sử dụng,适用人群: 成人,Đối tượng sử dụng: Người lớn,0.7772854566574097,0.8532013893127441,0.5469921231269836
tang1,颜色,姜黄色,Màu vàng gừng,DUNG,Màu sắc,颜色: 姜黄色,Màu sắc: Màu vàng gừng,0.5385515689849854,0.6488350629806519,0.3695599436759949
tang1,流行元素,铆钉,Đinh tán,DUNG,Yếu tố thịnh hành,流行元素: 铆钉,Yếu tố thịnh hành: Đinh tán,0.43247270584106445,0.5636917352676392,0.36232784390449524
tang1,专利类型,外观设计专利,Bằng sáng chế thiết kế xuất hiện,SAI,Loại bằng sáng chế,专利类型: 外观设计专利,Loại bằng sáng chế: Bằng sáng chế thiết kế xuất hiện,0.751408576965332,0.7571398615837097,0.6763577461242676
tang1,印花主题,环保,Bảo vệ môi trường,DUNG,Chủ đề hình in,印花主题: 环保,Chủ đề hình in: Bảo vệ môi trường,0.6201281547546387,0.7654147148132324,0.4271690845489502
tang1,风格,甜美风,Phong cách ngọt ngào,DUNG,Phong cách,风格: 甜美风,Phong cách: Phong cách ngọt ngào,0.7464791536331177,0.8288636207580566,0.38042062520980835
tang1,有效期,2年,2 năm,DUNG,Thời hạn hiệu lực,有效期: 2年,Thời hạn hiệu lực: 2 năm,0.9602420330047607,0.9360798001289368,0.9602420330047607
tang1,质地,水光,Thủy quang,SAI,Kết cấu,质地: 水光,Kết cấu: Thủy quang,0.4950253665447235,0.6627565026283264,0.41963261365890503
tang1,传输速率,30帧每秒,30 khung hình mỗi giây,DUNG,Tốc độ truyền,传输速率: 30帧每秒,Tốc độ truyền: 30 khung hình mỗi giây,0.9417155385017395,0.9387532472610474,0.8377740383148193
tang1,适用型号,苹果16E,Apple 16E,SAI,Dòng máy tương thích,适用型号: 苹果16E,Dòng máy tương thích: Apple 16E,0.9546070694923401,0.9000881910324097,0.35461169481277466
tang1,风格,网红潮流风,Xu hướng nổi tiếng trên mạng,DUNG,Phong cách,风格: 网红潮流风,Phong cách: Xu hướng nổi tiếng trên mạng,0.7737584710121155,0.7870753407478333,0.48539552092552185
tang1,工艺,丝光,Sợi quang,SAI,Công nghệ,工艺: 丝光,Công nghệ: Sợi quang,0.5871565937995911,0.7307001948356628,0.32605940103530884
tang1,领型,POLO领,Cổ áo POLO,DUNG,Kiểu cổ áo,领型: POLO领,Kiểu cổ áo: Cổ áo POLO,0.7914201021194458,0.831577479839325,0.442068874835968
tang1,产品类型,夜视行车记录仪,Camera hành trình ban đêm,DUNG,Loại sản phẩm,产品类型: 夜视行车记录仪,Loại sản phẩm: Camera hành trình ban đêm,0.7629668712615967,0.8023301362991333,0.5638126134872437
tang1,传输速率,30帧,30 khung hình,DUNG,Tốc độ truyền,传输速率: 30帧,Tốc độ truyền: 30 khung hình,0.8969011306762695,0.9284011125564575,0.5741255283355713
tang1,供电方式,电池,Pin,DUNG,Cách cung cấp điện,供电方式: 电池,Cách cung cấp điện: Pin,0.4736662209033966,0.7924457788467407,0.5497982501983643
tang1,面料支数,50支,50 chiếc,SAI,Chi số sợi vải,面料支数: 50支,Chi số sợi vải: 50 chiếc,0.8241567015647888,0.8528196215629578,0.720862865447998
tang1,生产日期,近期生产,Sản xuất gần đây,DUNG,Ngày sản xuất,生产日期: 近期生产,Ngày sản xuất: Sản xuất gần đây,0.7911388874053955,0.884823203086853,0.4743143320083618
tang1,产品类别,衣物收纳箱,hộp đựng quần áo,DUNG,Danh mục sản phẩm,产品类别: 衣物收纳箱,Danh mục sản phẩm: hộp đựng quần áo,0.8314737677574158,0.7720540165901184,0.4793330729007721
tang1,电源容量,20000毫安,20000 mAh,DUNG,Công suất điện,电源容量: 20000毫安,Công suất điện: 20000 mAh,0.8030008673667908,0.8827366232872009,0.6103209853172302
tang1,风格,可爱风,Phong cách dễ thương,DUNG,Phong cách,风格: 可爱风,Phong cách: Phong cách dễ thương,0.7503475546836853,0.8120608329772949,0.32327306270599365
tang1,产品形态,乳霜&凝胶面膜,Mặt nạ kem & gel,DUNG,Hình thái sản phẩm,产品形态: 乳霜&凝胶面膜,Hình thái sản phẩm: Mặt nạ kem & gel,0.6899151802062988,0.720459520816803,0.3742949962615967
tang1,图案,碎花,Hoa nhỏ,DUNG,Hoa văn,图案: 碎花,Hoa văn: Hoa nhỏ,0.5361932516098022,0.6372225284576416,0.4086129665374756
tang1,工艺,彩绘,sơn,SAI,Công nghệ,工艺: 彩绘,Công nghệ: sơn,0.5310293436050415,0.7157505750656128,0.5306401252746582
tang1,年份,1年(含)-3年(不含),1 năm (bao gồm)-3 năm (không bao gồm),DUNG,Năm,年份: 1年(含)-3年(不含),Năm: 1 năm (bao gồm)-3 năm (không bao gồm),0.919147789478302,0.8744324445724487,0.78794264793396
tang1,尺寸,单包,gói đơn,DUNG,Kích thước,尺寸: 单包,Kích thước: gói đơn,0.7216161489486694,0.8058906197547913,0.33916813135147095
tang1,风格,国潮,xu hướng quốc gia,SAI,Phong cách,风格: 国潮,Phong cách: xu hướng quốc gia,0.48711246252059937,0.732385516166687,0.39369046688079834
tang1,风格,现代风,phong cách hiện đại,DUNG,Phong cách,风格: 现代风,Phong cách: phong cách hiện đại,0.712600827217102,0.8050704002380371,0.4862733483314514
tang1,材质,水钻,kim cương giả,DUNG,Chất liệu,材质: 水钻,Chất liệu: kim cương giả,0.3885100483894348,0.6473745107650757,0.32409852743148804
tang1,适用范围,耳机线,Dây tai nghe,DUNG,Phạm vi áp dụng,适用范围: 耳机线,Phạm vi áp dụng: Dây tai nghe,0.7670682668685913,0.7913068532943726,0.5236860513687134
tang1,产地,其他（自填）,Khác (tự điền),DUNG,Xuất xứ,产地: 其他（自填）,Xuất xứ: Khác (tự điền),0.8538315296173096,0.8290244340896606,0.8538315296173096
tang1,跨境风格类型,舒适休闲,Thoải mái giản dị,DUNG,Loại phong cách xuyên biên giới,跨境风格类型: 舒适休闲,Loại phong cách xuyên biên giới: Thoải mái giản dị,0.7510467171669006,0.7569466829299927,0.4710729122161865
tang1,开盖方式,抽带,Dây rút,DUNG,Cách mở nắp,开盖方式: 抽带,Cách mở nắp: Dây rút,0.5783429145812988,0.7339644432067871,0.560869574546814
tang1,颜色,白色【230长绒棉】,Trắng [230 bông dài],DUNG,Màu sắc,颜色: 白色【230长绒棉】,Màu sắc: Trắng [230 bông dài],0.7346574664115906,0.7751939296722412,0.34127283096313477
tang1,适合身高,59码,Cỡ 59,DUNG,Phù hợp với chiều cao,适合身高: 59码,Phù hợp với chiều cao: Cỡ 59,0.7478249669075012,0.8928195238113403,0.7619930505752563
tang1,款式,圆头款,Kiểu mũi tròn,DUNG,Kiểu dáng,款式: 圆头款,Kiểu dáng: Kiểu mũi tròn,0.6171308755874634,0.713691234588623,0.4230860471725464
tang1,功能,情景模拟,Mô phỏng kịch bản,SAI,Chức năng,功能: 情景模拟,Chức năng: Mô phỏng kịch bản,0.755860447883606,0.7951467037200928,0.5192895531654358
tang1,裙长,短裙,Váy ngắn,DUNG,Chiều dài váy,裙长: 短裙,Chiều dài váy: Váy ngắn,0.7500660419464111,0.8145679831504822,0.5516794919967651
tang1,功能,按摩,Massage,DUNG,Chức năng,功能: 按摩,Chức năng: Massage,0.8577626943588257,0.9165606498718262,0.4172845482826233
tang1,标准类型,日标,Tiêu chuẩn Nhật Bản,DUNG,Loại tiêu chuẩn,标准类型: 日标,Loại tiêu chuẩn: Tiêu chuẩn Nhật Bản,0.46850085258483887,0.7604938745498657,0.4191218614578247
tang1,功能,保暖发热,"Giữ ấm, tỏa nhiệt",DUNG,Chức năng,功能: 保暖发热,"Chức năng: Giữ ấm, tỏa nhiệt",0.7934867739677429,0.8645997047424316,0.4939457178115845
tang1,妆效,不粘杯,Cốc chống dính,SAI,Hiệu ứng trang điểm,妆效: 不粘杯,Hiệu ứng trang điểm: Cốc chống dính,0.5754714012145996,0.703475832939148,0.5754714012145996
tang1,安装位置,挡风玻璃,kính chắn gió,DUNG,Vị trí lắp đặt,安装位置: 挡风玻璃,Vị trí lắp đặt: kính chắn gió,0.7303214073181152,0.8283385038375854,0.7335476875305176
tang1,里料质地,锦纶,Nylon,DUNG,Chất liệu lót,里料质地: 锦纶,Chất liệu lót: Nylon,0.466663658618927,0.6659301519393921,0.466663658618927
tang1,颜色,黑色【230长绒棉】,Màu đen [230 bông dài],DUNG,Màu sắc,颜色: 黑色【230长绒棉】,Màu sắc: Màu đen [230 bông dài],0.7726520299911499,0.8017558455467224,0.36250102519989014
tang1,款式细节,螺纹领口,Đường viền cổ áo có ren,SAI,Chi tiết kiểu dáng,款式细节: 螺纹领口,Chi tiết kiểu dáng: Đường viền cổ áo có ren,0.5413608551025391,0.684972882270813,0.4150662422180176
tang1,适合身高,100码,100 cỡ,SAI,Phù hợp với chiều cao,适合身高: 100码,Phù hợp với chiều cao: 100 cỡ,0.753983199596405,0.8993648886680603,0.41127318143844604
tang1,专利及著作权,实用新型,Mô hình tiện ích,SAI,Bằng sáng chế và bản quyền,专利及著作权: 实用新型,Bằng sáng chế và bản quyền: Mô hình tiện ích,0.5041733980178833,0.7279349565505981,0.4545801281929016
tang1,型号,收纳箱,Hộp đựng đồ,DUNG,Model,型号: 收纳箱,Model: Hộp đựng đồ,0.786776065826416,0.7856711149215698,0.47989848256111145
tang1,最晚发货时间,16-30天,16-30 ngày,DUNG,Thời gian giao hàng muộn nhất,最晚发货时间: 16-30天,Thời gian giao hàng muộn nhất: 16-30 ngày,0.9905000925064087,0.9309955835342407,0.9905000925064087
tang1,材质,亚克力（pmma）,Acrylic (PMMA),DUNG,Chất liệu,材质: 亚克力（pmma）,Chất liệu: Acrylic (PMMA),0.6788398027420044,0.8256183862686157,0.3240651786327362
tang1,适用运动,网球,quần vợt,DUNG,Dùng cho thể thao,适用运动: 网球,Dùng cho thể thao: quần vợt,0.6236152648925781,0.7689834833145142,0.4500913918018341
tang1,风格类型,私服名媛,Máy chủ riêng,SAI,Loại phong cách,风格类型: 私服名媛,Loại phong cách: Máy chủ riêng,0.5143106579780579,0.6939904689788818,0.43829280138015747
tang1,功能,带盖子,Có nắp đậy,DUNG,Chức năng,功能: 带盖子,Chức năng: Có nắp đậy,0.6461214423179626,0.7876332998275757,0.44851812720298767
tang1,包装方式,网袋,Túi lưới,DUNG,Cách đóng gói,包装方式: 网袋,Cách đóng gói: Túi lưới,0.6617443561553955,0.7454041242599487,0.561762809753418
tang1,鞋面材质,网层布面,Vải lưới,DUNG,Chất liệu mặt giày,鞋面材质: 网层布面,Chất liệu mặt giày: Vải lưới,0.6112656593322754,0.7984644174575806,0.4412282705307007
tang1,功能,凉感,Cảm giác mát lạnh,DUNG,Chức năng,功能: 凉感,Chức năng: Cảm giác mát lạnh,0.812248706817627,0.874879777431488,0.3744758665561676
tang1,功能,前车起步提醒,Nhắc nhở khởi động xe phía trước,DUNG,Chức năng,功能: 前车起步提醒,Chức năng: Nhắc nhở khởi động xe phía trước,0.8601836562156677,0.8689910173416138,0.3677874803543091
tang1,是否同时支持两部手机,支持同时连接两部手机,Hỗ trợ kết nối hai điện thoại di động cùng một lúc,DUNG,Có hỗ trợ kết nối hai điện thoại cùng lúc không,是否同时支持两部手机: 支持同时连接两部手机,Có hỗ trợ kết nối hai điện thoại cùng lúc không: Hỗ trợ kết nối hai điện thoại di động cùng một lúc,0.9065064191818237,0.8740977048873901,0.9137968420982361
tang1,容量,咨询,Tư vấn,SAI,Dung tích,容量: 咨询,Dung tích: Tư vấn,0.8418377637863159,0.7912219166755676,0.3761100769042969
tang1,尺寸,34寸,34 inch,DUNG,Kích thước,尺寸: 34寸,Kích thước: 34 inch,0.9390036463737488,0.9357194304466248,0.44232505559921265
tang1,生产日期,近一个月,Gần một tháng,DUNG,Ngày sản xuất,生产日期: 近一个月,Ngày sản xuất: Gần một tháng,0.885654091835022,0.8916007876396179,0.49332448840141296
tang1,功能,轨道偏移预警,Cảnh báo bù đắp quỹ đạo,SAI,Chức năng,功能: 轨道偏移预警,Chức năng: Cảnh báo bù đắp quỹ đạo,0.6346997022628784,0.765464186668396,0.4738759994506836
tang1,适用范围,电线,Dây điện,DUNG,Phạm vi áp dụng,适用范围: 电线,Phạm vi áp dụng: Dây điện,0.7591712474822998,0.8152986764907837,0.5227881073951721
tang1,储存卡,SD卡,Thẻ SD,DUNG,Thẻ nhớ,储存卡: SD卡,Thẻ nhớ: Thẻ SD,0.8550900816917419,0.8618553876876831,0.8550900816917419
tang1,鞋跟形状,细跟,Gót chân mỏng,SAI,Hình dạng gót giày,鞋跟形状: 细跟,Hình dạng gót giày: Gót chân mỏng,0.661826491355896,0.7608748078346252,0.554767906665802
tang1,箱装数量,多款,Nhiều mẫu,DUNG,Số lượng mỗi thùng,箱装数量: 多款,Số lượng mỗi thùng: Nhiều mẫu,0.8450227975845337,0.8223240375518799,0.5353966355323792
tang1,流行元素,油画,tranh sơn dầu,DUNG,Yếu tố thịnh hành,流行元素: 油画,Yếu tố thịnh hành: tranh sơn dầu,0.8089603185653687,0.7493511438369751,0.43798863887786865
tang1,尺寸规格,220x240cm单被套,Vỏ chăn đơn 220x240cm,DUNG,Kích thước,尺寸规格: 220x240cm单被套,Kích thước: Vỏ chăn đơn 220x240cm,0.8351410627365112,0.8063241839408875,0.5528744459152222
tang1,储存卡,SD卡,thẻ SD,DUNG,Thẻ nhớ,储存卡: SD卡,Thẻ nhớ: thẻ SD,0.8829535841941833,0.8783610463142395,0.8829535841941833
tang1,类别,圆领短袖T恤,Áo thun ngắn tay cổ tròn,DUNG,Danh mục,类别: 圆领短袖T恤,Danh mục: Áo thun ngắn tay cổ tròn,0.6678583025932312,0.6608390808105469,0.534225344657898
tang1,产品类别,塑料收纳箱,hộp đựng bằng nhựa,DUNG,Danh mục sản phẩm,产品类别: 塑料收纳箱,Danh mục sản phẩm: hộp đựng bằng nhựa,0.7857383489608765,0.6907548904418945,0.48197871446609497
tang1,腰型,宽松腰,Cạp rộng,DUNG,Kiểu eo,腰型: 宽松腰,Kiểu eo: Cạp rộng,0.4599011540412903,0.6601738929748535,0.4599011540412903
tang1,适用运动,健身,Tập thể dục,DUNG,Dùng cho thể thao,适用运动: 健身,Dùng cho thể thao: Tập thể dục,0.8109343647956848,0.8402523398399353,0.5082192420959473
tang1,主面料成分2,氨纶,Spandex,DUNG,Thành phần vải chính 2,主面料成分2: 氨纶,Thành phần vải chính 2: Spandex,0.48635563254356384,0.7683367729187012,0.48635563254356384
tang1,颜色,咖啡,Cà phê,DUNG,Màu sắc,颜色: 咖啡,Màu sắc: Cà phê,0.8062452673912048,0.8825527429580688,0.4362800121307373
tang1,箱包潮流款式,子母包,Túi mẹ con,DUNG,Kiểu túi thời trang,箱包潮流款式: 子母包,Kiểu túi thời trang: Túi mẹ con,0.5246343612670898,0.7129619121551514,0.5458644032478333
tang1,风格,极简风,Phong cách tối giản,DUNG,Phong cách,风格: 极简风,Phong cách: Phong cách tối giản,0.7514912486076355,0.8229390978813171,0.4795452654361725
tang1,风格,极简风,phong cách tối giản,DUNG,Phong cách,风格: 极简风,Phong cách: phong cách tối giản,0.7514677047729492,0.8339180946350098,0.5538458228111267
tang1,材质成分,氨纶:5%,Vải thun: 5%,DUNG,Thành phần vật liệu,材质成分: 氨纶:5%,Thành phần vật liệu: Vải thun: 5%,0.801500678062439,0.8106065988540649,0.7569425106048584
tang1,茶种类,茉莉花茶,trà hoa nhài,DUNG,Loại trà,茶种类: 茉莉花茶,Loại trà: trà hoa nhài,0.5935938358306885,0.6771283149719238,0.5935938358306885
tang1,价格段,30-40元,30-40 nhân dân tệ,DUNG,Phân khúc giá,价格段: 30-40元,Phân khúc giá: 30-40 nhân dân tệ,0.8869519829750061,0.8883576393127441,0.8869519829750061
tang1,颜色分类,柠檬黄,màu vàng chanh,DUNG,Phân loại màu sắc,颜色分类: 柠檬黄,Phân loại màu sắc: màu vàng chanh,0.5206785202026367,0.704547107219696,0.3049527406692505
tang1,款式,户外休闲鞋,Giày thể thao ngoài trời,DUNG,Kiểu dáng,款式: 户外休闲鞋,Kiểu dáng: Giày thể thao ngoài trời,0.8152993321418762,0.8424196839332581,0.45554405450820923
tang1,主面料成分含量,50%（含）-70%（不含）,50% (bao gồm)-70% (không bao gồm),DUNG,Tỉ lệ thành phần vải chính,主面料成分含量: 50%（含）-70%（不含）,Tỉ lệ thành phần vải chính: 50% (bao gồm)-70% (không bao gồm),0.9248867034912109,0.8879515528678894,0.5872384309768677
tang1,产品类别,勺铲套件,bộ thìa và thìa,SAI,Danh mục sản phẩm,产品类别: 勺铲套件,Danh mục sản phẩm: bộ thìa và thìa,0.5088008642196655,0.5729032754898071,0.4960106611251831
tang1,织造工艺,色织,Dệt sợi màu,DUNG,Công nghệ dệt,织造工艺: 色织,Công nghệ dệt: Dệt sợi màu,0.6645296812057495,0.7640873193740845,0.3807939887046814
tang1,风格,艺术,nghệ thuật,DUNG,Phong cách,风格: 艺术,Phong cách: nghệ thuật,0.8636906743049622,0.867815375328064,0.47178804874420166
tang1,颜色,普通金,Vàng thông thường,DUNG,Màu sắc,颜色: 普通金,Màu sắc: Vàng thông thường,0.7667279243469238,0.8272721171379089,0.3975921869277954
tang1,功能,静音,Im lặng,SAI,Chức năng,功能: 静音,Chức năng: Im lặng,0.6833915710449219,0.7974671721458435,0.480679452419281
tang1,颜色,黑白色,Đen trắng,DUNG,Màu sắc,颜色: 黑白色,Màu sắc: Đen trắng,0.7521244287490845,0.802643895149231,0.6063675880432129
tang1,颜色,普通银,Bạc thông thường,DUNG,Màu sắc,颜色: 普通银,Màu sắc: Bạc thông thường,0.7174191474914551,0.7918221354484558,0.3983922302722931
tang1,风格,青春校园,khuôn viên thanh niên,SAI,Phong cách,风格: 青春校园,Phong cách: khuôn viên thanh niên,0.5497299432754517,0.6756033301353455,0.455266535282135
tang1,风格,青春校园,Khuôn viên thanh niên,SAI,Phong cách,风格: 青春校园,Phong cách: Khuôn viên thanh niên,0.5297682285308838,0.6936002373695374,0.5640329122543335
tang1,风格,运动休闲,Thể thao và giải trí,DUNG,Phong cách,风格: 运动休闲,Phong cách: Thể thao và giải trí,0.4942631423473358,0.7899463772773743,0.3934793174266815
tang1,包装系列,组合系列,Chuỗi kết hợp,SAI,Dòng bao bì,包装系列: 组合系列,Dòng bao bì: Chuỗi kết hợp,0.7232623100280762,0.7820805311203003,0.7232623100280762
tang1,智能交互方式,触控交互,Tương tác cảm ứng,DUNG,Cách tương tác thông minh,智能交互方式: 触控交互,Cách tương tác thông minh: Tương tác cảm ứng,0.7378387451171875,0.8188847303390503,0.7378387451171875
tang1,适用型号,苹果16E,Táo 16E,SAI,Dòng máy tương thích,适用型号: 苹果16E,Dòng máy tương thích: Táo 16E,0.7311527729034424,0.7964333891868591,0.5561412572860718
tang1,屏幕尺寸,9.66英寸,9.66 inch,DUNG,Kích thước màn hình,屏幕尺寸: 9.66英寸,Kích thước màn hình: 9.66 inch,0.9656896591186523,0.9530974626541138,0.6526280641555786
tang1,适用型号,苹果11promax,Apple 11promax,SAI,Dòng máy tương thích,适用型号: 苹果11promax,Dòng máy tương thích: Apple 11promax,0.9485683441162109,0.8851680159568787,0.538994550704956
tang1,功能,分格,Phân chia ô,SAI,Chức năng,功能: 分格,Chức năng: Phân chia ô,0.6625788807868958,0.7606711983680725,0.3366587162017822
tang1,适用型号,苹果17promax,Apple 17promax,SAI,Dòng máy tương thích,适用型号: 苹果17promax,Dòng máy tương thích: Apple 17promax,0.9523639678955078,0.9002748727798462,0.8093857169151306
tang1,适用场景,宴会,bữa tiệc,DUNG,Dịp sử dụng,适用场景: 宴会,Dịp sử dụng: bữa tiệc,0.8254214525222778,0.8173762559890747,0.523246169090271
tang1,鞋跟款式,方跟,Gót vuông,DUNG,Kiểu gót giày,鞋跟款式: 方跟,Kiểu gót giày: Gót vuông,0.44497472047805786,0.7370048761367798,0.44497472047805786
tang1,适用场景,沙滩,Bãi biển,DUNG,Dịp sử dụng,适用场景: 沙滩,Dịp sử dụng: Bãi biển,0.7118613123893738,0.7870099544525146,0.4717194437980652
tang1,类别,T恤,Áo phông,DUNG,Danh mục,类别: T恤,Danh mục: Áo phông,0.5860053300857544,0.6263612508773804,0.5593518018722534
tang1,口感,醇和回甘,Rượu và ngọt,SAI,Hương vị,口感: 醇和回甘,Hương vị: Rượu và ngọt,0.5250301361083984,0.7659574747085571,0.4468909502029419
tang1,领型设计,POLO领,cổ áo POLO,DUNG,Thiết kế cổ áo,领型设计: POLO领,Thiết kế cổ áo: cổ áo POLO,0.7908576726913452,0.8637961745262146,0.7908576726913452
tang1,特色功能,会发光,Sẽ tỏa sáng,SAI,Tính năng đặc biệt,特色功能: 会发光,Tính năng đặc biệt: Sẽ tỏa sáng,0.8210248947143555,0.8583396077156067,0.886386513710022
tang1,尺寸,40寸,40 inch,DUNG,Kích thước,尺寸: 40寸,Kích thước: 40 inch,0.910852313041687,0.932857871055603,0.31743842363357544
tang1,尺寸,带挂件,Có mặt dây chuyền,SAI,Kích thước,尺寸: 带挂件,Kích thước: Có mặt dây chuyền,0.6373076438903809,0.7391663789749146,0.47121328115463257
tang1,规格尺寸,无卡,Không có thẻ,DUNG,Kích thước thông số kỹ thuật,规格尺寸: 无卡,Kích thước thông số kỹ thuật: Không có thẻ,0.7258033156394958,0.7801401615142822,0.4295620024204254
tang1,颜色,乳白色,Màu trắng sữa,DUNG,Màu sắc,颜色: 乳白色,Màu sắc: Màu trắng sữa,0.7186664342880249,0.7914621829986572,0.43827807903289795
tang1,彩泥类别,橡皮泥及工具套装,Bộ dụng cụ và nhựa dẻo,DUNG,Loại đất sét màu,彩泥类别: 橡皮泥及工具套装,Loại đất sét màu: Bộ dụng cụ và nhựa dẻo,0.6807576417922974,0.5876917243003845,0.6807576417922974
tang1,安装方式,拼装,Lắp ráp,DUNG,Cách lắp đặt,安装方式: 拼装,Cách lắp đặt: Lắp ráp,0.5735334157943726,0.7996300458908081,0.398479163646698
tang1,开合方式,滑盖,Trượt nắp,DUNG,Cách mở và đóng,开合方式: 滑盖,Cách mở và đóng: Trượt nắp,0.5149216055870056,0.7155812978744507,0.4073658883571625
tang1,奶嘴流速,快,Nhanh lên,SAI,Tốc độ dòng chảy của núm vú giả,奶嘴流速: 快,Tốc độ dòng chảy của núm vú giả: Nhanh lên,0.7495374083518982,0.7829340696334839,0.6345770955085754
tang1,风格,欧式风,phong cách châu Âu,DUNG,Phong cách,风格: 欧式风,Phong cách: phong cách châu Âu,0.8144868016242981,0.816452145576477,0.4610995054244995
tang1,保质期,300天,300 ngày,DUNG,Thời hạn sử dụng,保质期: 300天,Thời hạn sử dụng: 300 ngày,0.979448139667511,0.9123570919036865,0.7703006267547607
tang1,上市年份/季节,2023年,Năm 2023,DUNG,Năm/mùa ra mắt,上市年份/季节: 2023年,Năm/mùa ra mắt: Năm 2023,0.9717856049537659,0.8917583227157593,0.9717856049537659
tang1,面料工艺,针织布,Vải dệt kim,DUNG,Công nghệ vải,面料工艺: 针织布,Công nghệ vải: Vải dệt kim,0.6200412511825562,0.7300941944122314,0.6200412511825562
tang1,跨境风格类型,甜美清新,Ngọt ngào tươi mới,DUNG,Loại phong cách xuyên biên giới,跨境风格类型: 甜美清新,Loại phong cách xuyên biên giới: Ngọt ngào tươi mới,0.6704903244972229,0.7315563559532166,0.6032124757766724
tang1,主要销售地区,国内,trong nước,DUNG,Khu vực bán hàng chính,主要销售地区: 国内,Khu vực bán hàng chính: trong nước,0.6665109992027283,0.8430358171463013,0.67876136302948
tang1,裙长,中裙,Váy vừa,DUNG,Chiều dài váy,裙长: 中裙,Chiều dài váy: Váy vừa,0.4924093186855316,0.730933666229248,0.5660964250564575
tang1,原料与配料,详情见外包装,Xem bao bì bên ngoài để biết chi tiết,DUNG,Nguyên liệu và thành phần,原料与配料: 详情见外包装,Nguyên liệu và thành phần: Xem bao bì bên ngoài để biết chi tiết,0.7836269736289978,0.8187603950500488,0.34043291211128235
tang1,风格,小香风,Phong cách thơm nhỏ,SAI,Phong cách,风格: 小香风,Phong cách: Phong cách thơm nhỏ,0.6700078248977661,0.7854610085487366,0.4146140217781067
tang1,颜色,迷彩,Rằn ri,DUNG,Màu sắc,颜色: 迷彩,Màu sắc: Rằn ri,0.4961240887641907,0.7437149286270142,0.5046262741088867
tang1,包装形式,罐装,Đóng hộp,DUNG,Hình thức đóng gói,包装形式: 罐装,Hình thức đóng gói: Đóng hộp,0.6157138347625732,0.7733100652694702,0.6200709342956543
tang1,产品上市时间,2017年夏,Mùa hè năm 2017,DUNG,Thời gian ra mắt sản phẩm,产品上市时间: 2017年夏,Thời gian ra mắt sản phẩm: Mùa hè năm 2017,0.911700963973999,0.9138716459274292,0.7612483501434326
tang1,功能,除异味,Khử mùi hôi,DUNG,Chức năng,功能: 除异味,Chức năng: Khử mùi hôi,0.8142803907394409,0.8913981914520264,0.49951115250587463
tang1,功能,电量显示,Chỉ báo mức pin,DUNG,Chức năng,功能: 电量显示,Chức năng: Chỉ báo mức pin,0.790924072265625,0.8172261714935303,0.5987006425857544
tang1,提拎类型,手提,Di động,SAI,Kiểu mang,提拎类型: 手提,Kiểu mang: Di động,0.5412640571594238,0.6298351287841797,0.563977837562561
tang1,流行元素,皮带扣,Khóa thắt lưng,DUNG,Yếu tố thịnh hành,流行元素: 皮带扣,Yếu tố thịnh hành: Khóa thắt lưng,0.5882548093795776,0.6437123417854309,0.381403386592865
tang1,级别,二级,Cấp độ 2,DUNG,Cấp độ,级别: 二级,Cấp độ: Cấp độ 2,0.7377513647079468,0.7972934246063232,0.7377513647079468
tang1,风格,街潮,Triều đường phố,SAI,Phong cách,风格: 街潮,Phong cách: Triều đường phố,0.5141788721084595,0.7420222163200378,0.47394031286239624
tang1,闭合方式,套筒,Ống lót,SAI,Kiểu đóng,闭合方式: 套筒,Kiểu đóng: Ống lót,0.4739789366722107,0.7371219396591187,0.47468382120132446
tang1,年份,3年(含)-5年(不含),3 năm (bao gồm)-5 năm (không bao gồm),DUNG,Năm,年份: 3年(含)-5年(不含),Năm: 3 năm (bao gồm)-5 năm (không bao gồm),0.9268031120300293,0.89576655626297,0.9268031120300293
tang1,茶叶生产工艺,生茶,Trà thô,SAI,Quy trình sản xuất Chè,茶叶生产工艺: 生茶,Quy trình sản xuất Chè: Trà thô,0.6080584526062012,0.6777627468109131,0.6115056276321411
tang1,生产日期,最新,Mới nhất,DUNG,Ngày sản xuất,生产日期: 最新,Ngày sản xuất: Mới nhất,0.8426305055618286,0.9026820063591003,0.8085435032844543
tang1,表层材质,冰丝,lụa băng,DUNG,Chất liệu bề mặt,表层材质: 冰丝,Chất liệu bề mặt: lụa băng,0.48517492413520813,0.7264961004257202,0.48517492413520813
tang1,起泡程度,无泡洁面,Làm sạch không tạo bọt,DUNG,Độ tạo bọt,起泡程度: 无泡洁面,Độ tạo bọt: Làm sạch không tạo bọt,0.7351207733154297,0.7608587741851807,0.7351207733154297
tang1,尺寸规格,220x240cm单被套,Vỏ chăn đơn 220x240CM,DUNG,Kích thước,尺寸规格: 220x240cm单被套,Kích thước: Vỏ chăn đơn 220x240CM,0.8334112167358398,0.802442193031311,0.5415619015693665
tang1,鞋跟形状,细跟,Gót nhọn,DUNG,Hình dạng gót giày,鞋跟形状: 细跟,Hình dạng gót giày: Gót nhọn,0.554767906665802,0.7353984117507935,0.661826491355896
tang1,颜色,橄榄绿,màu xanh ô liu,DUNG,Màu sắc,颜色: 橄榄绿,Màu sắc: màu xanh ô liu,0.5800262689590454,0.717230498790741,0.4353068768978119
tang1,款式,套头款,Kiểu áo chui đầu,DUNG,Kiểu dáng,款式: 套头款,Kiểu dáng: Kiểu áo chui đầu,0.5675715208053589,0.6979459524154663,0.44666606187820435
tang1,省份,福建省,Tỉnh Phúc Kiến,DUNG,Tỉnh,省份: 福建省,Tỉnh: Tỉnh Phúc Kiến,0.5075656175613403,0.6499708890914917,0.5075656175613403
tang1,风格,现代风,Phong cách hiện đại,DUNG,Phong cách,风格: 现代风,Phong cách: Phong cách hiện đại,0.7032172083854675,0.7848728895187378,0.3709433376789093
tang1,尺寸规格,1.8m床笠款四件套被套200*230,"Bộ chăn ga gối 4 món kiểu ga chun 1.8m, vỏ chăn 200*230",DUNG,Kích thước,尺寸规格: 1.8m床笠款四件套被套200*230,"Kích thước: Bộ chăn ga gối 4 món kiểu ga chun 1.8m, vỏ chăn 200*230",0.6714696288108826,0.6907048225402832,0.6481280326843262
tang1,功能,发光,Phát sáng,DUNG,Chức năng,功能: 发光,Chức năng: Phát sáng,0.8043946623802185,0.894064724445343,0.43322208523750305
tang1,鞋底材质,防滑橡胶,Cao su chống trượt,DUNG,Chất liệu đế giày,鞋底材质: 防滑橡胶,Chất liệu đế giày: Cao su chống trượt,0.6718704104423523,0.8273833990097046,0.29674315452575684
tang1,适合身高,59码,Kích thước 59,DUNG,Phù hợp với chiều cao,适合身高: 59码,Phù hợp với chiều cao: Kích thước 59,0.7619930505752563,0.9203963875770569,0.4792555868625641
tang1,保质期,240天,240 ngày,DUNG,Thời hạn sử dụng,保质期: 240天,Thời hạn sử dụng: 240 ngày,0.9832056164741516,0.906440258026123,0.4433034658432007
tang1,淘货类别,商务绅士（35岁以上）,Quý ông kinh doanh (trên 35 tuổi),DUNG,Phân khúc khách hàng,淘货类别: 商务绅士（35岁以上）,Phân khúc khách hàng: Quý ông kinh doanh (trên 35 tuổi),0.8296602964401245,0.7451196312904358,0.8592078685760498
tang1,适用范围,零食,đồ ăn nhẹ,DUNG,Phạm vi áp dụng,适用范围: 零食,Phạm vi áp dụng: đồ ăn nhẹ,0.7866965532302856,0.8110618591308594,0.4632848799228668
tang1,颜色,藏蓝,Xanh tím than,DUNG,Màu sắc,颜色: 藏蓝,Màu sắc: Xanh tím than,0.38012707233428955,0.6651005744934082,0.33770161867141724
tang1,功效,持久,Kéo dài,SAI,Hiệu quả,功效: 持久,Hiệu quả: Kéo dài,0.5523033142089844,0.835792064666748,0.47828537225723267
tang1,尺寸规格,1.8床笠四件套-被套200*230,"Bộ ga trải giường 4 món, kích thước 1.8m – bao gồm vỏ chăn kích thước 200*230",DUNG,Kích thước,尺寸规格: 1.8床笠四件套-被套200*230,"Kích thước: Bộ ga trải giường 4 món, kích thước 1.8m – bao gồm vỏ chăn kích thước 200*230",0.7269901037216187,0.7343746423721313,0.5839499235153198
tang1,净含量（规格）,357克,357g,DUNG,Khối lượng tịnh (quy cách),净含量（规格）: 357克,Khối lượng tịnh (quy cách): 357g,0.955078125,0.871708869934082,0.42611151933670044
tang1,功能,防污,Chống bẩn,DUNG,Chức năng,功能: 防污,Chức năng: Chống bẩn,0.7852083444595337,0.886085033416748,0.517868161201477
tang1,材质功能,防污,Chống bám bẩn,DUNG,Chức năng chất liệu,材质功能: 防污,Chức năng chất liệu: Chống bám bẩn,0.7893880605697632,0.883685827255249,0.7893880605697632
tang1,风格,气质熟女,Người phụ nữ trưởng thành có khí chất,DUNG,Phong cách,风格: 气质熟女,Phong cách: Người phụ nữ trưởng thành có khí chất,0.7699055075645447,0.8141311407089233,0.5068001747131348
tang1,鞋跟高度,中跟[3-6cm(含)],Gót vừa [3-6cm (tính cả)],DUNG,Chiều cao gót giày,鞋跟高度: 中跟[3-6cm(含)],Chiều cao gót giày: Gót vừa [3-6cm (tính cả)],0.8056817054748535,0.880853533744812,0.7221886515617371
tang1,尺寸规格,1.5床笠四件套-被套200*230,Bộ ga bọc đệm 1.5m 4 món - vỏ chăn 200*230,DUNG,Kích thước,尺寸规格: 1.5床笠四件套-被套200*230,Kích thước: Bộ ga bọc đệm 1.5m 4 món - vỏ chăn 200*230,0.7517721652984619,0.7408030033111572,0.6047776937484741
tang1,图案,萌趣动物,Động vật dễ thương,DUNG,Hoa văn,图案: 萌趣动物,Hoa văn: Động vật dễ thương,0.742640495300293,0.7252060770988464,0.533086895942688
tang1,流行元素,铆钉,đinh tán,DUNG,Yếu tố thịnh hành,流行元素: 铆钉,Yếu tố thịnh hành: đinh tán,0.45022687315940857,0.586267352104187,0.5246298313140869
tang1,质地,水光,ánh sáng nước,SAI,Kết cấu,质地: 水光,Kết cấu: ánh sáng nước,0.6741964817047119,0.7288734912872314,0.4950253665447235
tang1,鞋底材质,牛筋,Gân bò,DUNG,Chất liệu đế giày,鞋底材质: 牛筋,Chất liệu đế giày: Gân bò,0.48568278551101685,0.7593055963516235,0.361112117767334
tang1,净含量（规格）,250克,250g,DUNG,Khối lượng tịnh (quy cách),净含量（规格）: 250克,Khối lượng tịnh (quy cách): 250g,0.9375677108764648,0.8399025201797485,0.7078749537467957
tang1,上市年份季节,2021年冬季,Mùa đông năm 2021,DUNG,Năm/mùa ra mắt,上市年份季节: 2021年冬季,Năm/mùa ra mắt: Mùa đông năm 2021,0.9131532311439514,0.8245749473571777,0.7210253477096558
tang1,克重,3000g（含）-3500g（不含）,3000g (bao gồm) - 3500g (không bao gồm),DUNG,Trọng lượng,克重: 3000g（含）-3500g（不含）,Trọng lượng: 3000g (bao gồm) - 3500g (không bao gồm),0.8936401009559631,0.873965859413147,0.7485551238059998
tang1,型号,空盒,Hộp rỗng,DUNG,Model,型号: 空盒,Model: Hộp rỗng,0.7080219388008118,0.7476254105567932,0.5565502643585205
tang1,适用型号,苹果6PLUS,Apple 6PLUS,SAI,Dòng máy tương thích,适用型号: 苹果6PLUS,Dòng máy tương thích: Apple 6PLUS,0.9513376951217651,0.8947603702545166,0.3537147343158722
tang1,尺寸规格,200*230单被套,Vỏ chăn đơn 200*230,DUNG,Kích thước,尺寸规格: 200*230单被套,Kích thước: Vỏ chăn đơn 200*230,0.826225757598877,0.8060131072998047,0.4521024227142334
tang1,尺寸,无规格,Không có thông số kỹ thuật,DUNG,Kích thước,尺寸: 无规格,Kích thước: Không có thông số kỹ thuật,0.6776814460754395,0.8193683624267578,0.40647101402282715
tang1,款式,篮球鞋,Giày bóng rổ,DUNG,Kiểu dáng,款式: 篮球鞋,Kiểu dáng: Giày bóng rổ,0.7448936700820923,0.8036516904830933,0.42397719621658325
tang1,风格,酷炫,Mát mẻ,SAI,Phong cách,风格: 酷炫,Phong cách: Mát mẻ,0.3612249791622162,0.6776695847511292,0.30778682231903076
tang1,材质功能,抑菌,kháng khuẩn,DUNG,Chức năng chất liệu,材质功能: 抑菌,Chức năng chất liệu: kháng khuẩn,0.6430832147598267,0.820643961429596,0.44217151403427124
tang1,款式,软壳,Ốp mềm,DUNG,Kiểu dáng,款式: 软壳,Kiểu dáng: Ốp mềm,0.5656012296676636,0.724362850189209,0.4558299779891968
tang1,吊牌,剪吊牌,Cắt thẻ,SAI,Thẻ treo,吊牌: 剪吊牌,Thẻ treo: Cắt thẻ,0.6441644430160522,0.7167302370071411,0.6441644430160522
tang1,风格,工业风,Phong cách công nghiệp,DUNG,Phong cách,风格: 工业风,Phong cách: Phong cách công nghiệp,0.7851587533950806,0.8451284170150757,0.5110211372375488
tang1,功能,清洁,Làm sạch,DUNG,Chức năng,功能: 清洁,Chức năng: Làm sạch,0.8705316781997681,0.9219678640365601,0.43585455417633057
tang1,风格,治愈风,Phong cách chữa lành,DUNG,Phong cách,风格: 治愈风,Phong cách: Phong cách chữa lành,0.6612417697906494,0.8331336975097656,0.40597742795944214
tang1,使用方式,半入耳式,Bán trong tai,SAI,Cách sử dụng,使用方式: 半入耳式,Cách sử dụng: Bán trong tai,0.572719931602478,0.691322922706604,0.4595474898815155
tang1,产品类别,正山小种,Chủng loại Zhengshan,SAI,Danh mục sản phẩm,产品类别: 正山小种,Danh mục sản phẩm: Chủng loại Zhengshan,0.3908475637435913,0.5256417393684387,0.3474922776222229
tang1,领型,立领,Cổ đứng,DUNG,Kiểu cổ áo,领型: 立领,Kiểu cổ áo: Cổ đứng,0.4842095375061035,0.6928554773330688,0.33406347036361694
tang1,控制方式,力控,Kiểm soát lực,DUNG,Cách kiểm soát,控制方式: 力控,Cách kiểm soát: Kiểm soát lực,0.6997264623641968,0.8087676763534546,0.6997264623641968
tang1,产品类别,内衣收纳盒,Hộp đựng đồ lót,DUNG,Danh mục sản phẩm,产品类别: 内衣收纳盒,Danh mục sản phẩm: Hộp đựng đồ lót,0.7513839602470398,0.7000319957733154,0.37299615144729614
tang1,尺寸规格,1.5m床笠款四件套被套200*230,"Bộ chăn ga gối 4 món kiểu ga chun 1.5m, vỏ chăn 200*230",DUNG,Kích thước,尺寸规格: 1.5m床笠款四件套被套200*230,"Kích thước: Bộ chăn ga gối 4 món kiểu ga chun 1.5m, vỏ chăn 200*230",0.6656429171562195,0.6824530363082886,0.6572197079658508
tang1,运动系列,小白鞋系列,Dòng giày trắng,DUNG,Dòng sản phẩm thể thao,运动系列: 小白鞋系列,Dòng sản phẩm thể thao: Dòng giày trắng,0.6664324998855591,0.7344143390655518,0.6038365364074707
tang1,保修期,1个月,1 tháng,DUNG,Thời hạn bảo hành,保修期: 1个月,Thời hạn bảo hành: 1 tháng,0.9188421964645386,0.9199179410934448,0.9188421964645386
tang1,颜色,普通黑,Đen bình thường,DUNG,Màu sắc,颜色: 普通黑,Màu sắc: Đen bình thường,0.7634824514389038,0.829839825630188,0.4982464909553528
tang1,功能,定位,Định vị,DUNG,Chức năng,功能: 定位,Chức năng: Định vị,0.7228549718856812,0.8604939579963684,0.417219340801239
tang1,容量,10L-20L（含）,10L-20L (bao gồm),DUNG,Dung tích,容量: 10L-20L（含）,Dung tích: 10L-20L (bao gồm),0.9625502824783325,0.9074873924255371,0.3475642800331116
tang1,图案,广告logo,Logo quảng cáo,DUNG,Hoa văn,图案: 广告logo,Hoa văn: Logo quảng cáo,0.8596257567405701,0.8165419101715088,0.4955553710460663
tang1,产品类别,玛丽珍鞋,giày mary jane,DUNG,Danh mục sản phẩm,产品类别: 玛丽珍鞋,Danh mục sản phẩm: giày mary jane,0.7773071527481079,0.7495625019073486,0.3440597951412201
tang1,肩带根数,无肩带,Không dây đeo vai,DUNG,Số dây đeo vai,肩带根数: 无肩带,Số dây đeo vai: Không dây đeo vai,0.8231967687606812,0.7954243421554565,0.35090726613998413
tang1,层数,单,Đơn,DUNG,Số lớp,层数: 单,Số lớp: Đơn,0.6969097256660461,0.7461884617805481,0.5301108360290527
tang1,风格类型,日韩休闲,Giải trí Nhật Bản và Hàn Quốc,SAI,Loại phong cách,风格类型: 日韩休闲,Loại phong cách: Giải trí Nhật Bản và Hàn Quốc,0.5222529172897339,0.7420965433120728,0.39227503538131714
tang1,尺寸规格,【床单款】1.5四件套-被套180x220,[Kiểu ga trải giường]Bộ 4 món 1.5m - Vỏ chăn 180x220,DUNG,Kích thước,尺寸规格: 【床单款】1.5四件套-被套180x220,Kích thước: [Kiểu ga trải giường]Bộ 4 món 1.5m - Vỏ chăn 180x220,0.7648786306381226,0.7858980298042297,0.526099681854248
tang1,适用送礼场合,旅游纪念,Đài tưởng niệm du lịch,SAI,Những dịp tặng quà thích hợp,适用送礼场合: 旅游纪念,Những dịp tặng quà thích hợp: Đài tưởng niệm du lịch,0.73653244972229,0.7497608661651611,0.4299836754798889
tang1,核心成分,积雪草,Centella asiatica,DUNG,Thành phần cốt lõi,核心成分: 积雪草,Thành phần cốt lõi: Centella asiatica,0.3525768518447876,0.6066291332244873,0.3525768518447876
tang1,尺寸规格,150*200单被套,Vỏ chăn đơn 150*200,DUNG,Kích thước,尺寸规格: 150*200单被套,Kích thước: Vỏ chăn đơn 150*200,0.8094689249992371,0.7925354838371277,0.5921304821968079
tang1,适合身高,120码,120 thước,SAI,Phù hợp với chiều cao,适合身高: 120码,Phù hợp với chiều cao: 120 thước,0.77424156665802,0.9093338251113892,0.5998129844665527
tang1,功能,行人防撞预警,Cảnh báo chống va chạm cho người đi bộ,DUNG,Chức năng,功能: 行人防撞预警,Chức năng: Cảnh báo chống va chạm cho người đi bộ,0.8371967077255249,0.857208251953125,0.4579707384109497
tang1,鞋垫材质,天然皮革,Da tự nhiên,DUNG,Chất liệu lót giày,鞋垫材质: 天然皮革,Chất liệu lót giày: Da tự nhiên,0.729037880897522,0.8215933442115784,0.42525315284729004
tang1,开合方式,可开合仓盖,Có thể mở và đóng nắp kho,SAI,Cách mở và đóng,开合方式: 可开合仓盖,Cách mở và đóng: Có thể mở và đóng nắp kho,0.7347919344902039,0.7325230240821838,0.5597406029701233
tang1,风格,无印风,Phong cách Muji,DUNG,Phong cách,风格: 无印风,Phong cách: Phong cách Muji,0.46161407232284546,0.6443319320678711,0.42605939507484436
tang1,产品形态,冻膜,Màng thạch,SAI,Hình thái sản phẩm,产品形态: 冻膜,Hình thái sản phẩm: Màng thạch,0.41895344853401184,0.6512655019760132,0.5190317630767822
tang1,尺寸,16寸,16 inch,DUNG,Kích thước,尺寸: 16寸,Kích thước: 16 inch,0.9302276372909546,0.9367139339447021,0.43605002760887146
tang1,口径规格,广口径,Đường kính rộng,SAI,Đường kính miệng,口径规格: 广口径,Đường kính miệng: Đường kính rộng,0.697239339351654,0.7591646909713745,0.697239339351654
tang1,适用送礼场合,节日,ngày lễ,DUNG,Những dịp tặng quà thích hợp,适用送礼场合: 节日,Những dịp tặng quà thích hợp: ngày lễ,0.7701348066329956,0.8116271495819092,0.3999486565589905
tang1,最晚发货时间,30天以上,Hơn 30 ngày,DUNG,Thời gian giao hàng muộn nhất,最晚发货时间: 30天以上,Thời gian giao hàng muộn nhất: Hơn 30 ngày,0.8921708464622498,0.8866466283798218,0.8921708464622498
tang1,净含量,5片,5 miếng,DUNG,Khối lượng tịnh,净含量: 5片,Khối lượng tịnh: 5 miếng,0.8321268558502197,0.813556432723999,0.37092360854148865
tang1,风格,美式复古,Kiểu Mỹ cổ điển,DUNG,Phong cách,风格: 美式复古,Phong cách: Kiểu Mỹ cổ điển,0.7298389077186584,0.7928985953330994,0.5495045185089111
tang1,版型,适中,Vừa phải,DUNG,Form dáng,版型: 适中,Form dáng: Vừa phải,0.589120090007782,0.7071551084518433,0.4487760066986084
tang1,箱包潮流款式,凯莉包,Túi Kelly,DUNG,Kiểu túi thời trang,箱包潮流款式: 凯莉包,Kiểu túi thời trang: Túi Kelly,0.5443756580352783,0.748600959777832,0.5361154079437256
tang1,尺寸规格,1.5m床【床单款四件套】-适合200x230cm被芯,Giường 1.5m [Bộ 4 món ga trải giường] - Phù hợp với ruột chăn 200x230cm,DUNG,Kích thước,尺寸规格: 1.5m床【床单款四件套】-适合200x230cm被芯,Kích thước: Giường 1.5m [Bộ 4 món ga trải giường] - Phù hợp với ruột chăn 200x230cm,0.7619849443435669,0.7724803686141968,0.5884945392608643
tang1,形状,饼茶,trà bánh,DUNG,Hình dạng,形状: 饼茶,Hình dạng: trà bánh,0.6418575048446655,0.7723469138145447,0.26230698823928833
tang1,鞋面材质,绒面,Vải nhung,DUNG,Chất liệu mặt giày,鞋面材质: 绒面,Chất liệu mặt giày: Vải nhung,0.5287816524505615,0.7653847336769104,0.5362873673439026
tang1,类型,隐藏式,Kiểu ẩn,DUNG,Loại,类型: 隐藏式,Loại: Kiểu ẩn,0.7774851322174072,0.855266809463501,0.3387185335159302
tang1,尺寸,单包,Túi đơn,DUNG,Kích thước,尺寸: 单包,Kích thước: Túi đơn,0.6441546678543091,0.8133449554443359,0.462859570980072
tang1,主面料成分含量,80%（含）-90%（不含）,80% (bao gồm)-90% (không bao gồm),DUNG,Tỉ lệ thành phần vải chính,主面料成分含量: 80%（含）-90%（不含）,Tỉ lệ thành phần vải chính: 80% (bao gồm)-90% (không bao gồm),0.916151225566864,0.8889198303222656,0.8015359044075012
tang1,标准类型,美标,Tiêu chuẩn Mỹ,DUNG,Loại tiêu chuẩn,标准类型: 美标,Loại tiêu chuẩn: Tiêu chuẩn Mỹ,0.5904074311256409,0.8301565647125244,0.48197370767593384
tang1,容纳电脑尺寸,13英寸,13inch,DUNG,Kích thước laptop vừa,容纳电脑尺寸: 13英寸,Kích thước laptop vừa: 13inch,0.9353848695755005,0.8283522129058838,0.745208740234375
tang1,制作工艺,卤味,Vị kho,DUNG,Quy trình sản xuất,制作工艺: 卤味,Quy trình sản xuất: Vị kho,0.43513089418411255,0.5674799680709839,0.5451773405075073
tang1,颜色,黑色升级版,Phiên bản nâng cấp màu đen,DUNG,Màu sắc,颜色: 黑色升级版,Màu sắc: Phiên bản nâng cấp màu đen,0.8512072563171387,0.8597082495689392,0.3933563828468323
tang1,是否同时支持两部手机,支持同时连接两部手机,Hỗ trợ kết nối đồng thời với hai điện thoại di động,DUNG,Có hỗ trợ kết nối hai điện thoại cùng lúc không,是否同时支持两部手机: 支持同时连接两部手机,Có hỗ trợ kết nối hai điện thoại cùng lúc không: Hỗ trợ kết nối đồng thời với hai điện thoại di động,0.9137968420982361,0.878787636756897,0.909553050994873
tang1,材质,棉麻,Vải lanh,SAI,Chất liệu,材质: 棉麻,Chất liệu: Vải lanh,0.5633615255355835,0.7481723427772522,0.5236095190048218
tang1,颜色,浅绿,Xanh lục nhạt,DUNG,Màu sắc,颜色: 浅绿,Màu sắc: Xanh lục nhạt,0.6534472703933716,0.7518147826194763,0.3800625801086426
tang1,产品类别,包头,Bao Đầu,SAI,Danh mục sản phẩm,产品类别: 包头,Danh mục sản phẩm: Bao Đầu,0.3842605948448181,0.6437208652496338,0.3791101574897766
tang1,质检报告编号,请咨询客服,Vui lòng tham khảo dịch vụ khách hàng,DUNG,Số báo cáo kiểm tra chất lượng,质检报告编号: 请咨询客服,Số báo cáo kiểm tra chất lượng: Vui lòng tham khảo dịch vụ khách hàng,0.761044979095459,0.7459244728088379,0.761044979095459
tang1,是否手工,非手工,Không phải làm thủ công,DUNG,Có phải làm thủ công không?,是否手工: 非手工,Có phải làm thủ công không?: Không phải làm thủ công,0.7686232328414917,0.7703874707221985,0.7686232328414917
tang1,款式,印花款,Kiểu in,DUNG,Kiểu dáng,款式: 印花款,Kiểu dáng: Kiểu in,0.6311655044555664,0.7901514768600464,0.4792427718639374
tang1,提拎类型,斜挎,đeo chéo,DUNG,Kiểu mang,提拎类型: 斜挎,Kiểu mang: đeo chéo,0.5154575109481812,0.5957634449005127,0.5154575109481812
tang1,适合身高,110码,110 thước,SAI,Phù hợp với chiều cao,适合身高: 110码,Phù hợp với chiều cao: 110 thước,0.754989743232727,0.9225367307662964,0.3548070788383484
tang1,特色功能,发光,tỏa sáng,DUNG,Tính năng đặc biệt,特色功能: 发光,Tính năng đặc biệt: tỏa sáng,0.6827908158302307,0.8468557596206665,0.38287830352783203
tang1,颜色,灰蓝,xám xanh,DUNG,Màu sắc,颜色: 灰蓝,Màu sắc: xám xanh,0.5556086301803589,0.7222985029220581,0.5490292310714722
tang1,前进方式,回力,Lực rút,SAI,Cách tiến về phía trước,前进方式: 回力,Cách tiến về phía trước: Lực rút,0.6063695549964905,0.7287297248840332,0.6063695549964905
tang1,层数,单层,Một lớp,DUNG,Số lớp,层数: 单层,Số lớp: Một lớp,0.6425881385803223,0.7166991233825684,0.6425881385803223
tang1,颜色,浅紫,màu tím nhạt,DUNG,Màu sắc,颜色: 浅紫,Màu sắc: màu tím nhạt,0.5463707447052002,0.7689609527587891,0.447263240814209
tang1,层数,单层,một lớp,DUNG,Số lớp,层数: 单层,Số lớp: một lớp,0.6512322425842285,0.7144523859024048,0.5220074653625488
tang1,尺寸规格,1.8m床【床单款四件套】-适合200x230cm被芯,Giường 1.8m [Bộ 4 món ga trải giường] - Phù hợp với ruột chăn 200x230cm,DUNG,Kích thước,尺寸规格: 1.8m床【床单款四件套】-适合200x230cm被芯,Kích thước: Giường 1.8m [Bộ 4 món ga trải giường] - Phù hợp với ruột chăn 200x230cm,0.7661560773849487,0.781399130821228,0.6496214866638184
tang1,包装形式,罐装,đóng hộp,DUNG,Hình thức đóng gói,包装形式: 罐装,Hình thức đóng gói: đóng hộp,0.59876948595047,0.7658058404922485,0.6157138347625732
tang1,功能,夜光,Phát sáng trong bóng tối,DUNG,Chức năng,功能: 夜光,Chức năng: Phát sáng trong bóng tối,0.5675160884857178,0.7714434862136841,0.6043373346328735
tang1,适用送礼场合,旅游纪念,Quà lưu niệm du lịch,DUNG,Những dịp tặng quà thích hợp,适用送礼场合: 旅游纪念,Những dịp tặng quà thích hợp: Quà lưu niệm du lịch,0.7754655480384827,0.8195875883102417,0.3344140648841858
tang1,数据存储时间,循环录影,Ghi hình tuần hoàn,DUNG,Thời gian lưu trữ dữ liệu,数据存储时间: 循环录影,Thời gian lưu trữ dữ liệu: Ghi hình tuần hoàn,0.754433810710907,0.8243690133094788,0.489820659160614
tang1,鞋垫材质,乳胶,mủ cao su,DUNG,Chất liệu lót giày,鞋垫材质: 乳胶,Chất liệu lót giày: mủ cao su,0.48798513412475586,0.751017689704895,0.48798513412475586
tang1,鞋面材质,飞织布,Vải dệt bay,SAI,Chất liệu mặt giày,鞋面材质: 飞织布,Chất liệu mặt giày: Vải dệt bay,0.6373203992843628,0.7401361465454102,0.6469442844390869
tang1,安装方式,吸盘式,Loại cốc hút,DUNG,Cách lắp đặt,安装方式: 吸盘式,Cách lắp đặt: Loại cốc hút,0.5836969614028931,0.7651078104972839,0.4996923506259918
tang1,适用场景,下午茶,Trà chiều,DUNG,Dịp sử dụng,适用场景: 下午茶,Dịp sử dụng: Trà chiều,0.6648701429367065,0.6325688362121582,0.5161391496658325
tang1,尺寸规格,【床笠款】1.8四件套-被套220x240,[Bộ ga chun]Bộ 4 món 1.8m - Vỏ chăn 220x240,DUNG,Kích thước,尺寸规格: 【床笠款】1.8四件套-被套220x240,Kích thước: [Bộ ga chun]Bộ 4 món 1.8m - Vỏ chăn 220x240,0.7004336714744568,0.6917175054550171,0.6726970672607422
tang1,颜色,纯白色,Màu trắng tinh khiết,DUNG,Màu sắc,颜色: 纯白色,Màu sắc: Màu trắng tinh khiết,0.7405832409858704,0.7785698175430298,0.4525810480117798
tang1,颜色,奶茶色,Màu trà sữa,DUNG,Màu sắc,颜色: 奶茶色,Màu sắc: Màu trà sữa,0.7151691913604736,0.7895426750183105,0.47733554244041443
tang1,主面料成分,氨纶,Vải thun,DUNG,Thành phần vải chính,主面料成分: 氨纶,Thành phần vải chính: Vải thun,0.5258519649505615,0.73377525806427,0.3998376727104187
tang1,类型,仿真厨房类,Nhà bếp mô phỏng,DUNG,Loại,类型: 仿真厨房类,Loại: Nhà bếp mô phỏng,0.7652629017829895,0.8374799489974976,0.453776478767395
tang1,使用位置,中控台,Bảng điều khiển trung tâm,DUNG,Sử dụng vị trí,使用位置: 中控台,Sử dụng vị trí: Bảng điều khiển trung tâm,0.6549696326255798,0.7782531976699829,0.6549696326255798
tang1,成分含量,71%(含)-80%(含),71% (đã bao gồm)-80% (đã bao gồm),DUNG,Hàm lượng thành phần,成分含量: 71%(含)-80%(含),Hàm lượng thành phần: 71% (đã bao gồm)-80% (đã bao gồm),0.8996164798736572,0.9007830619812012,0.8996164798736572
tang1,适用型号,苹果7,iPhone 7,DUNG,Dòng máy tương thích,适用型号: 苹果7,Dòng máy tương thích: iPhone 7,0.8727751970291138,0.8253257274627686,0.534699022769928
tang1,发光玩具类型,其他发光玩具,Các loại đồ chơi phát sáng khác,DUNG,Loại đồ chơi phát sáng,发光玩具类型: 其他发光玩具,Loại đồ chơi phát sáng: Các loại đồ chơi phát sáng khác,0.9221075773239136,0.8650559186935425,0.7296905517578125
tang1,颜色,焦糖色,Màu caramel,DUNG,Màu sắc,颜色: 焦糖色,Màu sắc: Màu caramel,0.6585221290588379,0.7701736688613892,0.4537229835987091
tang1,鞋面材质,绒面,Mặt nhung,DUNG,Chất liệu mặt giày,鞋面材质: 绒面,Chất liệu mặt giày: Mặt nhung,0.522294282913208,0.7442659139633179,0.40799933671951294
tang1,颜色,浅紫色,màu tím nhạt,DUNG,Màu sắc,颜色: 浅紫色,Màu sắc: màu tím nhạt,0.6853168606758118,0.7750484347343445,0.5557807683944702
tang1,功能,教育功能,Chức năng giáo dục,DUNG,Chức năng,功能: 教育功能,Chức năng: Chức năng giáo dục,0.8394732475280762,0.8664676547050476,0.40638574957847595
tang1,功能,夜间安全反光,Phản quang an toàn ban đêm,DUNG,Chức năng,功能: 夜间安全反光,Chức năng: Phản quang an toàn ban đêm,0.8303080797195435,0.8551737070083618,0.7661611437797546
tang1,颜色,白绿,Trắng xanh,DUNG,Màu sắc,颜色: 白绿,Màu sắc: Trắng xanh,0.623881459236145,0.7934404015541077,0.5089302062988281
tang1,填充物,记忆棉,Bông nhớ,DUNG,Chất độn,填充物: 记忆棉,Chất độn: Bông nhớ,0.6197141408920288,0.6804119944572449,0.3805432617664337
tang1,材质,棉麻,Vải cotton lanh,DUNG,Chất liệu,材质: 棉麻,Chất liệu: Vải cotton lanh,0.5604028105735779,0.737005352973938,0.4047023057937622
tang1,功能,侧开盖,Nắp mở bên hông,DUNG,Chức năng,功能: 侧开盖,Chức năng: Nắp mở bên hông,0.6657019257545471,0.7646749019622803,0.3884698152542114
tang1,颜色,浅灰,màu xám nhạt,DUNG,Màu sắc,颜色: 浅灰,Màu sắc: màu xám nhạt,0.5865530967712402,0.7483579516410828,0.4607151448726654
tang1,规格尺寸,32G卡【高速卡】,Thẻ 32G [thẻ tốc độ cao],DUNG,Kích thước thông số kỹ thuật,规格尺寸: 32G卡【高速卡】,Kích thước thông số kỹ thuật: Thẻ 32G [thẻ tốc độ cao],0.8573381900787354,0.8450340032577515,0.5904513597488403
tang1,适用学龄,大学,Đại học,DUNG,Thích hợp tuổi đi học,适用学龄: 大学,Thích hợp tuổi đi học: Đại học,0.768938422203064,0.8094296455383301,0.570865273475647
tang1,尺寸,14寸,14 inch,DUNG,Kích thước,尺寸: 14寸,Kích thước: 14 inch,0.9293079376220703,0.9358755350112915,0.4371526837348938
tang1,适合身高,110码,Cỡ 110,DUNG,Phù hợp với chiều cao,适合身高: 110码,Phù hợp với chiều cao: Cỡ 110,0.7371464967727661,0.9004971981048584,0.4380907416343689
tang1,规格尺寸,64G卡【高速卡】,Thẻ 64G [thẻ tốc độ cao],DUNG,Kích thước thông số kỹ thuật,规格尺寸: 64G卡【高速卡】,Kích thước thông số kỹ thuật: Thẻ 64G [thẻ tốc độ cao],0.8479260206222534,0.8330016136169434,0.7483882904052734
tang1,锁的类型,挂锁,ổ khóa,DUNG,Loại khóa,锁的类型: 挂锁,Loại khóa: ổ khóa,0.6321329474449158,0.7498613595962524,0.6793554425239563
tang1,使用位置,后备箱,Cốp xe,DUNG,Sử dụng vị trí,使用位置: 后备箱,Sử dụng vị trí: Cốp xe,0.6355948448181152,0.7602181434631348,0.5191887617111206
tang1,功能,固定测速,Kiểm tra tốc độ cố định,DUNG,Chức năng,功能: 固定测速,Chức năng: Kiểm tra tốc độ cố định,0.7867410182952881,0.859115719795227,0.48353272676467896
tang1,尺寸规格,1.8m床单款四件套被套180*220,"Bộ chăn ga gối 4 món, ga trải giường 1.8m, vỏ chăn 180*220",DUNG,Kích thước,尺寸规格: 1.8m床单款四件套被套180*220,"Kích thước: Bộ chăn ga gối 4 món, ga trải giường 1.8m, vỏ chăn 180*220",0.7657548785209656,0.7670963406562805,0.6476086974143982
tang1,产品类别,高跟鞋,giày cao gót,DUNG,Danh mục sản phẩm,产品类别: 高跟鞋,Danh mục sản phẩm: giày cao gót,0.8336026072502136,0.7751559019088745,0.4679565131664276
tang1,产品类型,360度全景行车记录仪,Camera hành trình toàn cảnh 360 độ,DUNG,Loại sản phẩm,产品类型: 360度全景行车记录仪,Loại sản phẩm: Camera hành trình toàn cảnh 360 độ,0.8538625240325928,0.8256544470787048,0.4002821445465088
tang1,颜色,高级灰,Xám cao cấp,DUNG,Màu sắc,颜色: 高级灰,Màu sắc: Xám cao cấp,0.6623282432556152,0.7686666250228882,0.4147661626338959
tang1,功能,保温,Giữ nhiệt,DUNG,Chức năng,功能: 保温,Chức năng: Giữ nhiệt,0.737466037273407,0.852796196937561,0.4797099530696869
tang1,箱包形状,贝壳型,Loại vỏ sò,DUNG,Hình dạng túi,箱包形状: 贝壳型,Hình dạng túi: Loại vỏ sò,0.5774811506271362,0.7455486059188843,0.49476104974746704
tang1,颜色,全黑,Toàn bộ màu đen,DUNG,Màu sắc,颜色: 全黑,Màu sắc: Toàn bộ màu đen,0.7825608849525452,0.8859261274337769,0.36323222517967224
tang1,元素,背带,Dây đeo,DUNG,Yếu tố,元素: 背带,Yếu tố: Dây đeo,0.6861337423324585,0.7127150297164917,0.7087085247039795
tang1,颜色,海军蓝,màu xanh hải quân,DUNG,Màu sắc,颜色: 海军蓝,Màu sắc: màu xanh hải quân,0.6243176460266113,0.7828412652015686,0.4977659285068512
tang1,尺寸,30寸,30inch,DUNG,Kích thước,尺寸: 30寸,Kích thước: 30inch,0.9120481014251709,0.9297512173652649,0.4624009132385254
tang1,塑料新料占比,80%—99%新料,80%—99% nguyên liệu mới,DUNG,Tỷ lệ vật liệu nhựa mới,塑料新料占比: 80%—99%新料,Tỷ lệ vật liệu nhựa mới: 80%—99% nguyên liệu mới,0.9371099472045898,0.8537805080413818,0.9197519421577454
tang1,箱包潮流款式,饺子包,Túi đựng bánh bao,SAI,Kiểu túi thời trang,箱包潮流款式: 饺子包,Kiểu túi thời trang: Túi đựng bánh bao,0.5973538160324097,0.626172661781311,0.5399613380432129
tang1,流行元素,隐形支架,khung vô hình,DUNG,Yếu tố thịnh hành,流行元素: 隐形支架,Yếu tố thịnh hành: khung vô hình,0.5721281170845032,0.5985727310180664,0.3858473300933838
tang1,尺寸规格,1.2m床单款三件套被套150*200,"Bộ 3 món ga trải giường 1.2m, vỏ chăn 150*200",DUNG,Kích thước,尺寸规格: 1.2m床单款三件套被套150*200,"Kích thước: Bộ 3 món ga trải giường 1.2m, vỏ chăn 150*200",0.7963449954986572,0.7844173908233643,0.5483822822570801
tang1,尺寸规格,1.2m床【床单款三件套】-适合150x200cm被芯,Giường 1.2m [Bộ 3 món ga trải giường] - Phù hợp với ruột chăn 150x200cm,DUNG,Kích thước,尺寸规格: 1.2m床【床单款三件套】-适合150x200cm被芯,Kích thước: Giường 1.2m [Bộ 3 món ga trải giường] - Phù hợp với ruột chăn 150x200cm,0.7493170499801636,0.7617776989936829,0.6590574979782104
tang1,鞋垫材质,人造毛,Lông nhân tạo,DUNG,Chất liệu lót giày,鞋垫材质: 人造毛,Chất liệu lót giày: Lông nhân tạo,0.7446727156639099,0.81434166431427,0.4585222601890564
tang1,尺码,XL建议130-155斤,Khuyến nghị XL 65-77.5kg,DUNG,Kích cỡ,尺码: XL建议130-155斤,Kích cỡ: Khuyến nghị XL 65-77.5kg,0.8201599717140198,0.8549860715866089,0.7924580574035645
tang1,质检单位,厂家自检,Kiểm tra chất lượng tự thực hiện bởi nhà sản xuất,DUNG,Đơn vị kiểm tra chất lượng,质检单位: 厂家自检,Đơn vị kiểm tra chất lượng: Kiểm tra chất lượng tự thực hiện bởi nhà sản xuất,0.8051725625991821,0.8321353197097778,0.6562869548797607
tang1,茶区,普洱茶区,Khu vực trà Pu'er,DUNG,Khu vực trà,茶区: 普洱茶区,Khu vực trà: Khu vực trà Pu'er,0.6135753393173218,0.6856085062026978,0.6644967794418335
tang1,流行元素,气囊,Túi khí,SAI,Yếu tố thịnh hành,流行元素: 气囊,Yếu tố thịnh hành: Túi khí,0.5696191787719727,0.6719734072685242,0.4439891576766968
tang1,尺寸规格,2.0m床单款四件套被套200*230,"Bộ ga trải giường 2.0m gồm bốn món, vỏ chăn 200*230",DUNG,Kích thước,尺寸规格: 2.0m床单款四件套被套200*230,"Kích thước: Bộ ga trải giường 2.0m gồm bốn món, vỏ chăn 200*230",0.7780070304870605,0.7748891115188599,0.7171133756637573
tang1,产品类别,寿眉,Lông mày trường sinh,SAI,Danh mục sản phẩm,产品类别: 寿眉,Danh mục sản phẩm: Lông mày trường sinh,0.4166017770767212,0.6022560596466064,0.2718884348869324
tang1,颜色,时尚单箱【玫瑰金】简易内置,Hộp đơn thời trang [vàng hồng] tích hợp đơn giản,SAI,Màu sắc,颜色: 时尚单箱【玫瑰金】简易内置,Màu sắc: Hộp đơn thời trang [vàng hồng] tích hợp đơn giản,0.6957821846008301,0.7195255756378174,0.38912683725357056
tang1,风格,时尚风,phong cách thời trang,DUNG,Phong cách,风格: 时尚风,Phong cách: phong cách thời trang,0.7049579620361328,0.8032423257827759,0.6925079226493835
tang1,风格,北欧,Bắc Âu,DUNG,Phong cách,风格: 北欧,Phong cách: Bắc Âu,0.7387946844100952,0.8669275641441345,0.4165952503681183
tang1,鞋底硬度,软底,Đế mềm,DUNG,Độ cứng của đế giày,鞋底硬度: 软底,Độ cứng của đế giày: Đế mềm,0.5818468928337097,0.8235558271408081,0.5818468928337097
tang1,颜色分类,二合一,2 trong 1,DUNG,Phân loại màu sắc,颜色分类: 二合一,Phân loại màu sắc: 2 trong 1,0.6008639931678772,0.7646521329879761,0.46442222595214844
tang1,类型,汽车泡沫清洗剂,Chất làm sạch bọt xe hơi,DUNG,Loại,类型: 汽车泡沫清洗剂,Loại: Chất làm sạch bọt xe hơi,0.7652032971382141,0.7935564517974854,0.38467904925346375
tang1,图案,动漫卡通,Hoạt hình anime,DUNG,Hoa văn,图案: 动漫卡通,Hoa văn: Hoạt hình anime,0.7478013634681702,0.6605504751205444,0.4739028215408325
tang1,采摘时间,明后,Ngày sau ngày mai,SAI,Thời gian hái,采摘时间: 明后,Thời gian hái: Ngày sau ngày mai,0.5620312094688416,0.7702926397323608,0.5620312094688416
tang1,芯片类型,络达,Luô Đa,SAI,Loại chip,芯片类型: 络达,Loại chip: Luô Đa,0.4274406433105469,0.7152021527290344,0.3137800991535187
tang1,容量,5L-10L（含）,5L-10L (bao gồm),DUNG,Dung tích,容量: 5L-10L（含）,Dung tích: 5L-10L (bao gồm),0.9639059901237488,0.9079378843307495,0.739150881767273
tang1,屏幕尺寸,9.66英寸,9.66inch,DUNG,Kích thước màn hình,屏幕尺寸: 9.66英寸,Kích thước màn hình: 9.66inch,0.9690302610397339,0.9496389627456665,0.5751106142997742
tang1,尺寸规格,1.2床单三件套-被套150*200,1.2 Bộ ga trải giường 3 món - vỏ chăn 150*200,DUNG,Kích thước,尺寸规格: 1.2床单三件套-被套150*200,Kích thước: 1.2 Bộ ga trải giường 3 món - vỏ chăn 150*200,0.7804923057556152,0.7699699401855469,0.6169885396957397
tang1,颜色,浅紫,Tím nhạt,DUNG,Màu sắc,颜色: 浅紫,Màu sắc: Tím nhạt,0.5963930487632751,0.7802658677101135,0.3978484869003296
tang1,适用型号,苹果15promax,Apple 15promax,SAI,Dòng máy tương thích,适用型号: 苹果15promax,Dòng máy tương thích: Apple 15promax,0.9479596614837646,0.8986294269561768,0.41873687505722046
tang1,适用型号,苹果13promax,Apple 13promax,SAI,Dòng máy tương thích,适用型号: 苹果13promax,Dòng máy tương thích: Apple 13promax,0.9461863040924072,0.8841472864151001,0.49981194734573364
tang1,外包装,纸箱,Thùng carton,DUNG,Bao bì bên ngoài,外包装: 纸箱,Bao bì bên ngoài: Thùng carton,0.6365109086036682,0.7728373408317566,0.6365109086036682
tang1,织造工艺,平纹,Vải dệt trơn,DUNG,Công nghệ dệt,织造工艺: 平纹,Công nghệ dệt: Vải dệt trơn,0.46822670102119446,0.6339508891105652,0.4238125681877136
tang1,颜色分类,64G内存卡,Thẻ nhớ 64G,DUNG,Phân loại màu sắc,颜色分类: 64G内存卡,Phân loại màu sắc: Thẻ nhớ 64G,0.9018923044204712,0.8816308975219727,0.3571694493293762
tang1,摆放方式,座式,loại chỗ ngồi,SAI,Cách đặt,摆放方式: 座式,Cách đặt: loại chỗ ngồi,0.733717679977417,0.8027448654174805,0.733717679977417
tang1,风格,性感风,Phong cách gợi cảm,DUNG,Phong cách,风格: 性感风,Phong cách: Phong cách gợi cảm,0.7510454654693604,0.7910575866699219,0.536435604095459
tang1,材质,铝合金,Hợp kim nhôm,DUNG,Chất liệu,材质: 铝合金,Chất liệu: Hợp kim nhôm,0.5965346097946167,0.7605197429656982,0.49090999364852905
tang1,图案,几何,Hình học,DUNG,Hoa văn,图案: 几何,Hoa văn: Hình học,0.6986881494522095,0.7165877819061279,0.41697192192077637
tang1,款式,基本款,Mẫu cơ bản,DUNG,Kiểu dáng,款式: 基本款,Kiểu dáng: Mẫu cơ bản,0.6930022835731506,0.8594821095466614,0.39459413290023804
tang1,风格,职业,Nghề nghiệp,SAI,Phong cách,风格: 职业,Phong cách: Nghề nghiệp,0.7620894908905029,0.8339017629623413,0.48067837953567505
tang1,颜色,浅黄色,Màu vàng nhạt,DUNG,Màu sắc,颜色: 浅黄色,Màu sắc: Màu vàng nhạt,0.712570071220398,0.7713019847869873,0.3748505115509033
tang1,尺寸,无挂件,Không có phụ kiện,DUNG,Kích thước,尺寸: 无挂件,Kích thước: Không có phụ kiện,0.7413966655731201,0.8581112623214722,0.349467009305954
tang1,功能,GPS导航,Điều hướng GPS,DUNG,Chức năng,功能: GPS导航,Chức năng: Điều hướng GPS,0.8384642601013184,0.8635977506637573,0.3990985155105591
tang1,风格,原创,bản gốc,SAI,Phong cách,风格: 原创,Phong cách: bản gốc,0.6309508085250854,0.7271877527236938,0.4454672038555145
tang1,颜色,果绿,Xanh trái cây,DUNG,Màu sắc,颜色: 果绿,Màu sắc: Xanh trái cây,0.5931605696678162,0.7539358139038086,0.2956121563911438
tang1,保质期,540天,540 ngày,DUNG,Thời hạn sử dụng,保质期: 540天,Thời hạn sử dụng: 540 ngày,0.9803586006164551,0.9054669141769409,0.6259863376617432
tang1,尺寸规格,150*200cm【单被套】,150*200cm [vỏ chăn đơn],DUNG,Kích thước,尺寸规格: 150*200cm【单被套】,Kích thước: 150*200cm [vỏ chăn đơn],0.8208943605422974,0.8156592845916748,0.5840787887573242
tang1,款式,全包防摔,Bảo hiểm toàn diện chống rơi,SAI,Kiểu dáng,款式: 全包防摔,Kiểu dáng: Bảo hiểm toàn diện chống rơi,0.6906381845474243,0.7501158714294434,0.3953520655632019
tang1,领型,立领,cổ áo đứng,DUNG,Kiểu cổ áo,领型: 立领,Kiểu cổ áo: cổ áo đứng,0.45631787180900574,0.6845787763595581,0.42404821515083313
tang1,款式,套头款,phong cách áo thun,SAI,Kiểu dáng,款式: 套头款,Kiểu dáng: phong cách áo thun,0.4781709909439087,0.6670393943786621,0.5851672887802124
tang1,特色功能,会发光,Sẽ phát sáng,SAI,Tính năng đặc biệt,特色功能: 会发光,Tính năng đặc biệt: Sẽ phát sáng,0.886386513710022,0.8985040783882141,0.4195588529109955
tang1,款式,户外休闲鞋,giày thường ngày ngoài trời,DUNG,Kiểu dáng,款式: 户外休闲鞋,Kiểu dáng: giày thường ngày ngoài trời,0.7541099190711975,0.7988259196281433,0.6918195486068726
tang1,适用型号,苹果14promax,Apple 14promax,SAI,Dòng máy tương thích,适用型号: 苹果14promax,Dòng máy tương thích: Apple 14promax,0.9443489909172058,0.887706995010376,0.4717593193054199
tang1,尺寸规格,200*230cm【单被套】,200*230cm [vỏ chăn đơn],DUNG,Kích thước,尺寸规格: 200*230cm【单被套】,Kích thước: 200*230cm [vỏ chăn đơn],0.8469146490097046,0.8364770412445068,0.7206087112426758
tang1,鞋垫材质,超纤皮,Da siêu sợi,DUNG,Chất liệu lót giày,鞋垫材质: 超纤皮,Chất liệu lót giày: Da siêu sợi,0.744560956954956,0.7927190065383911,0.744560956954956
tang1,颜色,宝蓝,màu xanh hoàng gia,DUNG,Màu sắc,颜色: 宝蓝,Màu sắc: màu xanh hoàng gia,0.3855867385864258,0.6707123517990112,0.2916448712348938
tang1,适用型号,苹果17Air,Apple 17Air,SAI,Dòng máy tương thích,适用型号: 苹果17Air,Dòng máy tương thích: Apple 17Air,0.9626199007034302,0.8982717394828796,0.5123134255409241
tang1,挥发时长,61-90日,Ngày 61-90,SAI,Thời gian bay hơi,挥发时长: 61-90日,Thời gian bay hơi: Ngày 61-90,0.9331488609313965,0.808543860912323,0.9331488609313965
tang1,尺寸规格,2.0床单四件套-被套200*230,Bộ bốn món gồm ga trải giường kích thước 2.0 mét – vỏ chăn kích thước 200*230,DUNG,Kích thước,尺寸规格: 2.0床单四件套-被套200*230,Kích thước: Bộ bốn món gồm ga trải giường kích thước 2.0 mét – vỏ chăn kích thước 200*230,0.7238712310791016,0.7498841285705566,0.6547858119010925
tang1,开盖方式,密码,mật khẩu,SAI,Cách mở nắp,开盖方式: 密码,Cách mở nắp: mật khẩu,0.8700502514839172,0.8568873405456543,0.542029082775116
tang1,鞋面材质,网层布面,Bề mặt vải lưới,DUNG,Chất liệu mặt giày,鞋面材质: 网层布面,Chất liệu mặt giày: Bề mặt vải lưới,0.6773532032966614,0.8011519908905029,0.4430834650993347
tang1,适用型号,苹果18,Táo 18,SAI,Dòng máy tương thích,适用型号: 苹果18,Dòng máy tương thích: Táo 18,0.5814659595489502,0.7069610357284546,0.5240222215652466
tang1,产品类别,小种红茶,Trà đen hạt nhỏ,SAI,Danh mục sản phẩm,产品类别: 小种红茶,Danh mục sản phẩm: Trà đen hạt nhỏ,0.61077481508255,0.6349328756332397,0.3830900192260742
tang1,容量,10L-20L（含）,10L-20L (đã bao gồm),DUNG,Dung tích,容量: 10L-20L（含）,Dung tích: 10L-20L (đã bao gồm),0.9395448565483093,0.917599618434906,0.6737501621246338
tang1,材质成分,精梳棉:100%,Bông chải kỹ: 100%,DUNG,Thành phần vật liệu,材质成分: 精梳棉:100%,Thành phần vật liệu: Bông chải kỹ: 100%,0.7647351026535034,0.7373319268226624,0.6211982369422913
tang1,适合身高,130码,130 cỡ,SAI,Phù hợp với chiều cao,适合身高: 130码,Phù hợp với chiều cao: 130 cỡ,0.8212308883666992,0.9306720495223999,0.61436927318573
tang1,闭合款式,双排扣,Hai hàng cúc,DUNG,Kiểu cài áo,闭合款式: 双排扣,Kiểu cài áo: Hai hàng cúc,0.4869018495082855,0.6683129072189331,0.4869018495082855
tang1,容纳电脑尺寸,8英寸,8 inch,DUNG,Kích thước laptop vừa,容纳电脑尺寸: 8英寸,Kích thước laptop vừa: 8 inch,0.9340717792510986,0.8338409662246704,0.6553820371627808
tang1,多米诺类型,标准多米诺,Domino tiêu chuẩn,DUNG,Loại Domino,多米诺类型: 标准多米诺,Loại Domino: Domino tiêu chuẩn,0.7295345067977905,0.7509764432907104,0.5444601774215698
tang1,套装件数,多件套,Bộ nhiều món,DUNG,Số món trong bộ,套装件数: 多件套,Số món trong bộ: Bộ nhiều món,0.6918642520904541,0.755886971950531,0.6918642520904541
tang1,类别,纯色T恤,Áo thun màu trơn,DUNG,Danh mục,类别: 纯色T恤,Danh mục: Áo thun màu trơn,0.6763022541999817,0.6323180198669434,0.32283955812454224
tang1,安装位置,前玻璃,kính phía trước,DUNG,Vị trí lắp đặt,安装位置: 前玻璃,Vị trí lắp đặt: kính phía trước,0.8416050672531128,0.8707458972930908,0.5987387895584106
tang1,适用型号,苹果8,iPhone 8,DUNG,Dòng máy tương thích,适用型号: 苹果8,Dòng máy tương thích: iPhone 8,0.8759093284606934,0.8265835046768188,0.3769654929637909
tang1,包装方式,普通包装,Bao bì thông thường,DUNG,Cách đóng gói,包装方式: 普通包装,Cách đóng gói: Bao bì thông thường,0.823422908782959,0.8228145241737366,0.49663376808166504
tang1,箱包形状,贝壳型,Loại vỏ,SAI,Hình dạng túi,箱包形状: 贝壳型,Hình dạng túi: Loại vỏ,0.5813892483711243,0.7609953880310059,0.4531305432319641
tang1,适合身高,120码,Cỡ 120,DUNG,Phù hợp với chiều cao,适合身高: 120码,Phù hợp với chiều cao: Cỡ 120,0.7471861243247986,0.871856153011322,0.6417055130004883
tang1,货源类型,国内一二线品牌,Các thương hiệu nội địa hạng nhất và hạng hai,DUNG,Loại nguồn hàng,货源类型: 国内一二线品牌,Loại nguồn hàng: Các thương hiệu nội địa hạng nhất và hạng hai,0.7657977938652039,0.7857491970062256,0.2580466866493225
tang1,颜色,铁灰色,Màu xám sắt,DUNG,Màu sắc,颜色: 铁灰色,Màu sắc: Màu xám sắt,0.5838453769683838,0.6764492988586426,0.32412290573120117
tang1,图案,波点,điểm sóng,SAI,Hoa văn,图案: 波点,Hoa văn: điểm sóng,0.6226801872253418,0.6711364984512329,0.34309276938438416
tang1,尺寸规格,枕套一对48*74cm,Một cặp vỏ gối 48*74cm,DUNG,Kích thước,尺寸规格: 枕套一对48*74cm,Kích thước: Một cặp vỏ gối 48*74cm,0.756191611289978,0.754973828792572,0.5520905256271362
tang1,开盖方式,抽带搭扣,Dây rút khóa,SAI,Cách mở nắp,开盖方式: 抽带搭扣,Cách mở nắp: Dây rút khóa,0.5363937616348267,0.702443540096283,0.5400055050849915
tang1,使用场景,密集护理,chăm sóc đặc biệt,DUNG,Tình huống sử dụng,使用场景: 密集护理,Tình huống sử dụng: chăm sóc đặc biệt,0.6692358255386353,0.7846629619598389,0.4626796841621399
tang1,功能,睡眠模式,Chế độ ngủ,DUNG,Chức năng,功能: 睡眠模式,Chức năng: Chế độ ngủ,0.764245867729187,0.842487096786499,0.43278878927230835
tang1,材质,木质,Gỗ,DUNG,Chất liệu,材质: 木质,Chất liệu: Gỗ,0.7243596315383911,0.856600284576416,0.4246214032173157
tang1,净度,见贴标,Xem nhãn,DUNG,Độ sạch,净度: 见贴标,Độ sạch: Xem nhãn,0.7064623832702637,0.8158005475997925,0.4590897858142853
tang1,材质,亲肤水洗棉,"Vải cotton giặt mềm mại, thân thiện với da",DUNG,Chất liệu,材质: 亲肤水洗棉,"Chất liệu: Vải cotton giặt mềm mại, thân thiện với da",0.650941789150238,0.740428626537323,0.3357120752334595
tang1,功能,睡眠模式,chế độ ngủ,DUNG,Chức năng,功能: 睡眠模式,Chức năng: chế độ ngủ,0.7732351422309875,0.8475633859634399,0.5421286821365356
tang1,净度,干净,Sạch sẽ,DUNG,Độ sạch,净度: 干净,Độ sạch: Sạch sẽ,0.7971046566963196,0.8767735958099365,0.4908074736595154
tang1,置物用品类型,置物袋,Túi đựng đồ,DUNG,Loại đồ dùng,置物用品类型: 置物袋,Loại đồ dùng: Túi đựng đồ,0.753218412399292,0.7808725833892822,0.655403733253479
tang1,适用送礼场合,生日,sinh nhật,DUNG,Những dịp tặng quà thích hợp,适用送礼场合: 生日,Những dịp tặng quà thích hợp: sinh nhật,0.8992787599563599,0.8237590789794922,0.6607164740562439
tang1,产品类别,衣物收纳箱,Hộp đựng quần áo,DUNG,Danh mục sản phẩm,产品类别: 衣物收纳箱,Danh mục sản phẩm: Hộp đựng quần áo,0.8301053047180176,0.7752162218093872,0.3132525682449341
tang1,颜色分类,32G内存卡,thẻ nhớ 32G,DUNG,Phân loại màu sắc,颜色分类: 32G内存卡,Phân loại màu sắc: thẻ nhớ 32G,0.9210436940193176,0.8951279520988464,0.9210436940193176
tang1,尺寸规格,180*220cm单被套,Vỏ chăn đơn 180*220cm,DUNG,Kích thước,尺寸规格: 180*220cm单被套,Kích thước: Vỏ chăn đơn 180*220cm,0.827055811882019,0.8022794723510742,0.5594249367713928
tang1,适合身高,130码,Cỡ 130,DUNG,Phù hợp với chiều cao,适合身高: 130码,Phù hợp với chiều cao: Cỡ 130,0.7868332266807556,0.9026795029640198,0.37656450271606445
tang1,适合身高,52码,Cỡ 52,DUNG,Phù hợp với chiều cao,适合身高: 52码,Phù hợp với chiều cao: Cỡ 52,0.7431106567382812,0.8829333782196045,0.46391230821609497
tang1,流行元素,石头纹,Vân đá,DUNG,Yếu tố thịnh hành,流行元素: 石头纹,Yếu tố thịnh hành: Vân đá,0.5276925563812256,0.6534470319747925,0.31981512904167175
tang1,颜色,藏蓝色,Màu xanh lam đậm,DUNG,Màu sắc,颜色: 藏蓝色,Màu sắc: Màu xanh lam đậm,0.5451410412788391,0.7217541337013245,0.47960782051086426
tang1,尺寸规格,1.5m床单款四件套被套150*200,"Bộ chăn ga gối 4 món, ga trải giường 1.5m, vỏ chăn 150*200",DUNG,Kích thước,尺寸规格: 1.5m床单款四件套被套150*200,"Kích thước: Bộ chăn ga gối 4 món, ga trải giường 1.5m, vỏ chăn 150*200",0.7506732940673828,0.7579413652420044,0.7472747564315796
tang1,容量,20L-30L（含）,20L-30L (bao gồm),DUNG,Dung tích,容量: 20L-30L（含）,Dung tích: 20L-30L (bao gồm),0.970859944820404,0.9255801439285278,0.4525499939918518
tang1,适用范围,洗漱用品,Đồ dùng vệ sinh cá nhân,DUNG,Phạm vi áp dụng,适用范围: 洗漱用品,Phạm vi áp dụng: Đồ dùng vệ sinh cá nhân,0.8384631276130676,0.8312984704971313,0.5997468829154968
tang1,是否同时支持两部手机,支持同时连接两部手机,Hỗ trợ kết nối 2 điện thoại di động cùng lúc,DUNG,Có hỗ trợ kết nối hai điện thoại cùng lúc không,是否同时支持两部手机: 支持同时连接两部手机,Có hỗ trợ kết nối hai điện thoại cùng lúc không: Hỗ trợ kết nối 2 điện thoại di động cùng lúc,0.909553050994873,0.8753622770309448,0.9065064191818237
tang1,上市年份季节,2020年冬季,Mùa đông năm 2020,DUNG,Năm/mùa ra mắt,上市年份季节: 2020年冬季,Năm/mùa ra mắt: Mùa đông năm 2020,0.9081215858459473,0.8148486614227295,0.8056689500808716
tang1,特殊提货凭证,提货券,Phiếu giao hàng,SAI,Phiếu giao hàng đặc biệt,特殊提货凭证: 提货券,Phiếu giao hàng đặc biệt: Phiếu giao hàng,0.6702117919921875,0.7190324068069458,0.6702117919921875
tang1,风格,美式复古,cổ điển Mỹ,DUNG,Phong cách,风格: 美式复古,Phong cách: cổ điển Mỹ,0.6792228817939758,0.7676773071289062,0.5754828453063965
tang1,颜色,宝蓝,Xanh ngọc,SAI,Màu sắc,颜色: 宝蓝,Màu sắc: Xanh ngọc,0.4570797085762024,0.7058398723602295,0.34880709648132324
tang1,货号,亚克力收纳盒,Hộp đựng đồ acrylic,DUNG,Mã sản phẩm,货号: 亚克力收纳盒,Mã sản phẩm: Hộp đựng đồ acrylic,0.7116094827651978,0.7105628252029419,0.6215430498123169
tang1,产品类别,豆豆鞋,Giày lười,DUNG,Danh mục sản phẩm,产品类别: 豆豆鞋,Danh mục sản phẩm: Giày lười,0.5812979936599731,0.6667361855506897,0.36331066489219666
tang1,款式,便携,Tiện dụng,DUNG,Kiểu dáng,款式: 便携,Kiểu dáng: Tiện dụng,0.6242625713348389,0.8106290698051453,0.490462988615036
tang1,化妆品功效,祛痘,Trị mụn,DUNG,Công dụng mỹ phẩm,化妆品功效: 祛痘,Công dụng mỹ phẩm: Trị mụn,0.7650869488716125,0.8116462230682373,0.6628995537757874
tang1,适用人群,老人,ông già,SAI,Đối tượng sử dụng,适用人群: 老人,Đối tượng sử dụng: ông già,0.8208784461021423,0.818101704120636,0.475210040807724
tang1,种类,吐司,Bánh mì nướng,DUNG,Chủng loại,种类: 吐司,Chủng loại: Bánh mì nướng,0.5177937746047974,0.6470400094985962,0.40246450901031494
tang1,套装件数,多件套,Bộ nhiều chi tiết,DUNG,Số món trong bộ,套装件数: 多件套,Số món trong bộ: Bộ nhiều chi tiết,0.6328995227813721,0.7446386814117432,0.6328995227813721
tang1,颜色分类,默认,Mặc định,DUNG,Phân loại màu sắc,颜色分类: 默认,Phân loại màu sắc: Mặc định,0.8174170851707458,0.8643721342086792,0.392093300819397
tang1,尺寸规格,2.0m床【床单款四件套】-适合220x240cm被芯,"Giường 2.0m [bộ ga trải giường, gồm bốn món] – phù hợp với ruột chăn kích thước 220x240cm",DUNG,Kích thước,尺寸规格: 2.0m床【床单款四件套】-适合220x240cm被芯,"Kích thước: Giường 2.0m [bộ ga trải giường, gồm bốn món] – phù hợp với ruột chăn kích thước 220x240cm",0.7531765699386597,0.7620212435722351,0.6335752010345459
tang1,特色功能,射击,bắn súng,DUNG,Tính năng đặc biệt,特色功能: 射击,Tính năng đặc biệt: bắn súng,0.7809931039810181,0.8698253631591797,0.5434161424636841
tang1,颜色,天蓝,Xanh da trời,DUNG,Màu sắc,颜色: 天蓝,Màu sắc: Xanh da trời,0.39292678236961365,0.7184597253799438,0.35242342948913574
tang1,产品类型,夜视行车记录仪,Camera hành trình tầm nhìn ban đêm,DUNG,Loại sản phẩm,产品类型: 夜视行车记录仪,Loại sản phẩm: Camera hành trình tầm nhìn ban đêm,0.7517617344856262,0.7925509810447693,0.7629668712615967
tang1,洗涤方式,手洗,Rửa tay,SAI,Phương pháp giặt,洗涤方式: 手洗,Phương pháp giặt: Rửa tay,0.8707680702209473,0.8682224750518799,0.6252962946891785
tang1,主要下游平台,快手,Tay nhanh,SAI,Nền tảng hạ nguồn chính,主要下游平台: 快手,Nền tảng hạ nguồn chính: Tay nhanh,0.6279847621917725,0.6408423185348511,0.517017126083374
tang1,尺寸规格,1.8床单四件套-被套180*220,Bộ ga trải giường 4 món 1.8m - Vỏ chăn 180*220,DUNG,Kích thước,尺寸规格: 1.8床单四件套-被套180*220,Kích thước: Bộ ga trải giường 4 món 1.8m - Vỏ chăn 180*220,0.7859677076339722,0.7760195732116699,0.6371139883995056
tang1,风格,日式风,phong cách Nhật Bản,DUNG,Phong cách,风格: 日式风,Phong cách: phong cách Nhật Bản,0.7914161682128906,0.8117451667785645,0.6395735740661621
tang1,填充物,海绵,bọt biển,DUNG,Chất độn,填充物: 海绵,Chất độn: bọt biển,0.5364006161689758,0.6971616744995117,0.38541489839553833
tang1,印花主题,动物图案,Hình động vật,DUNG,Chủ đề hình in,印花主题: 动物图案,Chủ đề hình in: Hình động vật,0.8116798400878906,0.8026994466781616,0.42027005553245544
tang1,鞋跟高,高跟[6-8cm(含)],Giày cao gót [6-8cm (đã bao gồm)],SAI,Gót giày cao,鞋跟高: 高跟[6-8cm(含)],Gót giày cao: Giày cao gót [6-8cm (đã bao gồm)],0.8686753511428833,0.8608047962188721,0.7775987386703491
tang1,加工方式,LOGO贴牌,LOGO dán nhãn riêng,DUNG,Hình thức gia công,加工方式: LOGO贴牌,Hình thức gia công: LOGO dán nhãn riêng,0.795095682144165,0.8056315183639526,0.5089319348335266
tang1,功能,凉感,cảm giác mát mẻ,DUNG,Chức năng,功能: 凉感,Chức năng: cảm giác mát mẻ,0.7418506741523743,0.8416686058044434,0.5057653784751892
tang1,系列,公主系列,Dòng công chúa,DUNG,Dòng sản phẩm,系列: 公主系列,Dòng sản phẩm: Dòng công chúa,0.6204388737678528,0.7359747290611267,0.6625120639801025
tang1,颜色,驼色,con lạc đà,SAI,Màu sắc,颜色: 驼色,Màu sắc: con lạc đà,0.43259692192077637,0.6856083869934082,0.37610965967178345
tang1,产品类别,滇红,Đỏ Vân Nam,SAI,Danh mục sản phẩm,产品类别: 滇红,Danh mục sản phẩm: Đỏ Vân Nam,0.3370947241783142,0.49174752831459045,0.29127785563468933
tang1,口味,香辣味,cay,DUNG,Hương vị,口味: 香辣味,Hương vị: cay,0.34550178050994873,0.753239631652832,0.6168859601020813
tang1,适用型号,苹果14pro,Apple 14pro,SAI,Dòng máy tương thích,适用型号: 苹果14pro,Dòng máy tương thích: Apple 14pro,0.946715235710144,0.8671178817749023,0.565423846244812
tang1,适用型号,苹果15pro,Apple 15pro,SAI,Dòng máy tương thích,适用型号: 苹果15pro,Dòng máy tương thích: Apple 15pro,0.9530772566795349,0.8828372955322266,0.6477688550949097
tang1,流行元素,隐形支架,Giá đỡ tàng hình,DUNG,Yếu tố thịnh hành,流行元素: 隐形支架,Yếu tố thịnh hành: Giá đỡ tàng hình,0.7345995903015137,0.7208987474441528,0.4055909514427185
tang1,适用机型,iPhone12/12Pro通用,Phổ biến cho iPhone12/12Pro,SAI,Dòng máy tương thích,适用机型: iPhone12/12Pro通用,Dòng máy tương thích: Phổ biến cho iPhone12/12Pro,0.8356015086174011,0.8185746669769287,0.8886936902999878
tang1,保质期,90天,90 ngày,DUNG,Thời hạn sử dụng,保质期: 90天,Thời hạn sử dụng: 90 ngày,0.9811115860939026,0.9028875231742859,0.7186440825462341
tang1,功能,智能APP操作,Hoạt động ứng dụng thông minh,SAI,Chức năng,功能: 智能APP操作,Chức năng: Hoạt động ứng dụng thông minh,0.8022434115409851,0.8613755106925964,0.4459007978439331
tang1,风格,原创,Nguyên bản,DUNG,Phong cách,风格: 原创,Phong cách: Nguyên bản,0.6493987441062927,0.7239252328872681,0.4346230626106262
tang1,包装方式,白盒,Hộp trắng,DUNG,Cách đóng gói,包装方式: 白盒,Cách đóng gói: Hộp trắng,0.6404741406440735,0.7854500412940979,0.4908865988254547
tang1,材质,树脂,Nhựa,DUNG,Chất liệu,材质: 树脂,Chất liệu: Nhựa,0.525681734085083,0.8009466528892517,0.4846113324165344
tang1,产品类别,薯片,khoai tây chiên,DUNG,Danh mục sản phẩm,产品类别: 薯片,Danh mục sản phẩm: khoai tây chiên,0.4213981032371521,0.5632474422454834,0.46219897270202637
tang1,产品类别,钢丝球,Bóng dây thép,SAI,Danh mục sản phẩm,产品类别: 钢丝球,Danh mục sản phẩm: Bóng dây thép,0.5748624801635742,0.66962730884552,0.4721885919570923
tang1,材质成分,氨纶:5%,氨纶:5%,SAI,Thành phần vật liệu,材质成分: 氨纶:5%,Thành phần vật liệu: 氨纶:5%,1.0,0.9721463322639465,0.6827661991119385
tang1,加工方式,来样定制,Mẫu tùy chỉnh,SAI,Hình thức gia công,加工方式: 来样定制,Hình thức gia công: Mẫu tùy chỉnh,0.665848433971405,0.7825377583503723,0.5010814070701599
tang1,产品类别,包头,Bít mũi,DUNG,Danh mục sản phẩm,产品类别: 包头,Danh mục sản phẩm: Bít mũi,0.39269721508026123,0.6012839674949646,0.32376760244369507
tang1,适用型号,苹果13MINI,Apple 13MINI,SAI,Dòng máy tương thích,适用型号: 苹果13MINI,Dòng máy tương thích: Apple 13MINI,0.9477553963661194,0.8935966491699219,0.5396397113800049
tang1,功能,小巧便携,Nhỏ và di động,DUNG,Chức năng,功能: 小巧便携,Chức năng: Nhỏ và di động,0.788896918296814,0.8248178958892822,0.788896918296814
tang1,奶嘴孔型,小圆孔,Lỗ tròn nhỏ,DUNG,Kiểu lỗ núm vú,奶嘴孔型: 小圆孔,Kiểu lỗ núm vú: Lỗ tròn nhỏ,0.7316269874572754,0.7168172597885132,0.7316269874572754
tang1,裙长,中裙,váy giữa,SAI,Chiều dài váy,裙长: 中裙,Chiều dài váy: váy giữa,0.6344749927520752,0.781404435634613,0.6344749927520752
tang1,风格,小众,Niche,DUNG,Phong cách,风格: 小众,Phong cách: Niche,0.552672803401947,0.7418887615203857,0.4323115944862366
tang1,颜色,暗紫色,Màu tím đậm,DUNG,Màu sắc,颜色: 暗紫色,Màu sắc: Màu tím đậm,0.6369211673736572,0.7411606311798096,0.45208942890167236
tang1,尺寸规格,1.5床单四件套-被套150*200,Bộ ga trải giường 4 món 1.5 - vỏ chăn 150*200,DUNG,Kích thước,尺寸规格: 1.5床单四件套-被套150*200,Kích thước: Bộ ga trải giường 4 món 1.5 - vỏ chăn 150*200,0.7938513159751892,0.7703559398651123,0.5910524725914001
tang1,AI能力,语音识别,nhận dạng giọng nói,DUNG,Khả năng AI,AI能力: 语音识别,Khả năng AI: nhận dạng giọng nói,0.8197118043899536,0.8891667127609253,0.8197118043899536
tang1,主面料成分,锦纶/尼龙,Nylon/Nylon,DUNG,Thành phần vải chính,主面料成分: 锦纶/尼龙,Thành phần vải chính: Nylon/Nylon,0.7521294355392456,0.81076580286026,0.5308911800384521
tang1,尺寸规格,1.8m床【床笠款四件套】-适合200x230cm被芯,Giường 1.8m [bộ ga trải giường bốn món] - phù hợp với ruột chăn kích thước 200x230cm,DUNG,Kích thước,尺寸规格: 1.8m床【床笠款四件套】-适合200x230cm被芯,Kích thước: Giường 1.8m [bộ ga trải giường bốn món] - phù hợp với ruột chăn kích thước 200x230cm,0.7515996098518372,0.7502872943878174,0.7560930848121643
tang1,适用年龄,婴幼（0-3岁）,Trẻ sơ sinh và trẻ mới biết đi (0-3 tuổi),DUNG,Độ tuổi áp dụng,适用年龄: 婴幼（0-3岁）,Độ tuổi áp dụng: Trẻ sơ sinh và trẻ mới biết đi (0-3 tuổi),0.7532675266265869,0.8045109510421753,0.4511552155017853
tang1,图案,其他/other,Khác/other,DUNG,Hoa văn,图案: 其他/other,Hoa văn: Khác/other,0.8626486659049988,0.754425048828125,0.4774594306945801
tang1,鞋跟高度,低跟[小于3cm(含)],Gót thấp [dưới 3cm (tính cả)],DUNG,Chiều cao gót giày,鞋跟高度: 低跟[小于3cm(含)],Chiều cao gót giày: Gót thấp [dưới 3cm (tính cả)],0.8769258260726929,0.8970129489898682,0.7281506657600403
tang1,风格,日式复古,Kiểu Nhật cổ điển,DUNG,Phong cách,风格: 日式复古,Phong cách: Kiểu Nhật cổ điển,0.7029724717140198,0.7944527268409729,0.3699597716331482
tang1,净重（规格）,500克,500g,DUNG,Trọng lượng tịnh (thông số kỹ thuật),净重（规格）: 500克,Trọng lượng tịnh (thông số kỹ thuật): 500g,0.9292926788330078,0.905719518661499,0.47452929615974426
tang1,材质成分,其它:100%,Khác: 100%,DUNG,Thành phần vật liệu,材质成分: 其它:100%,Thành phần vật liệu: Khác: 100%,0.8555279970169067,0.8902446031570435,0.6294029951095581
tang1,功能,抗压,Chống nén,DUNG,Chức năng,功能: 抗压,Chức năng: Chống nén,0.6162378191947937,0.836895227432251,0.4179670214653015
tang1,产品类别,烹饪铲,Xẻng nấu ăn,DUNG,Danh mục sản phẩm,产品类别: 烹饪铲,Danh mục sản phẩm: Xẻng nấu ăn,0.5819128751754761,0.6278972625732422,0.5840158462524414
tang1,洁面分类,洁面摩丝,Mousse làm sạch,DUNG,Loại sữa rửa mặt,洁面分类: 洁面摩丝,Loại sữa rửa mặt: Mousse làm sạch,0.650519609451294,0.6224390864372253,0.650519609451294
tang1,规格尺寸,无内存,Không có bộ nhớ,DUNG,Kích thước thông số kỹ thuật,规格尺寸: 无内存,Kích thước thông số kỹ thuật: Không có bộ nhớ,0.7854194045066833,0.8732990622520447,0.7442497611045837
tang1,材质成分,棉:95%,Bông:95%,DUNG,Thành phần vật liệu,材质成分: 棉:95%,Thành phần vật liệu: Bông:95%,0.8584451675415039,0.8128582239151001,0.6494109630584717
tang1,材质成分,棉:95%,棉:95%,SAI,Thành phần vật liệu,材质成分: 棉:95%,Thành phần vật liệu: 棉:95%,1.0000001192092896,0.9583767652511597,0.6572026014328003
tang1,功能,NFC功能,chức năng NFC,DUNG,Chức năng,功能: NFC功能,Chức năng: chức năng NFC,0.9042401909828186,0.8956619501113892,0.49293309450149536
tang1,颜色,民族风,Phong cách dân tộc,DUNG,Màu sắc,颜色: 民族风,Màu sắc: Phong cách dân tộc,0.7150574922561646,0.844714343547821,0.3037866950035095
tang1,产品类别,工装鞋,Giày công sở,SAI,Danh mục sản phẩm,产品类别: 工装鞋,Danh mục sản phẩm: Giày công sở,0.7419847846031189,0.7134303450584412,0.37133434414863586
tang1,鞋底材质,天然橡胶,Cao su thiên nhiên,DUNG,Chất liệu đế giày,鞋底材质: 天然橡胶,Chất liệu đế giày: Cao su thiên nhiên,0.6203761100769043,0.8210002183914185,0.48305782675743103
tang1,图案,方格,Lưới ô vuông,SAI,Hoa văn,图案: 方格,Hoa văn: Lưới ô vuông,0.5296329259872437,0.6618615388870239,0.4891987442970276
tang1,裙长,短裙,váy,SAI,Chiều dài váy,裙长: 短裙,Chiều dài váy: váy,0.38803839683532715,0.7390152215957642,0.38803839683532715
tang1,尺寸,29寸,29 inch,DUNG,Kích thước,尺寸: 29寸,Kích thước: 29 inch,0.9398834705352783,0.9434044361114502,0.4513273239135742
tang1,去污能力,去油渍,Loại bỏ vết dầu,DUNG,Khả năng khử nhiễm,去污能力: 去油渍,Khả năng khử nhiễm: Loại bỏ vết dầu,0.8406718969345093,0.7969820499420166,0.8099918365478516
tang1,尺寸,可定制,Có thể được tùy chỉnh,DUNG,Kích thước,尺寸: 可定制,Kích thước: Có thể được tùy chỉnh,0.8150608539581299,0.8916529417037964,0.5280115604400635
tang1,裙长,中长裙,Váy dài vừa,DUNG,Chiều dài váy,裙长: 中长裙,Chiều dài váy: Váy dài vừa,0.6733585000038147,0.719321608543396,0.6054543256759644
tang1,颜色,雾灰,sương mù màu xám,SAI,Màu sắc,颜色: 雾灰,Màu sắc: sương mù màu xám,0.5583943128585815,0.7073405981063843,0.3633459806442261
tang1,颜色,海军蓝,Xanh hải quân,DUNG,Màu sắc,颜色: 海军蓝,Màu sắc: Xanh hải quân,0.5368856191635132,0.749148964881897,0.4401874244213104
tang1,适用学龄,初中,trung học cơ sở,DUNG,Thích hợp tuổi đi học,适用学龄: 初中,Thích hợp tuổi đi học: trung học cơ sở,0.6776739358901978,0.7864146828651428,0.6673740148544312
tang1,功能,保鲜,Bảo quản,DUNG,Chức năng,功能: 保鲜,Chức năng: Bảo quản,0.7212070226669312,0.8415732383728027,0.38486248254776
tang1,尺寸,50寸,50 inch,DUNG,Kích thước,尺寸: 50寸,Kích thước: 50 inch,0.8988461494445801,0.9234176874160767,0.487363338470459
tang1,使用场景,熬夜修复,Thường xuyên thức khuya để sửa chữa,SAI,Tình huống sử dụng,使用场景: 熬夜修复,Tình huống sử dụng: Thường xuyên thức khuya để sửa chữa,0.6753875613212585,0.7357800006866455,0.43437036871910095
tang1,尺寸规格,1.5m床【床笠款四件套】-适合200x230cm被芯,Giường 1.5m [Bộ 4 món ga bọc chun] - Phù hợp với ruột chăn 200x230cm,DUNG,Kích thước,尺寸规格: 1.5m床【床笠款四件套】-适合200x230cm被芯,Kích thước: Giường 1.5m [Bộ 4 món ga bọc chun] - Phù hợp với ruột chăn 200x230cm,0.7227792739868164,0.7349540591239929,0.598112940788269
tang1,置物用品类型,置物盒,Hộp đựng đồ,DUNG,Loại đồ dùng,置物用品类型: 置物盒,Loại đồ dùng: Hộp đựng đồ,0.740631103515625,0.7629283666610718,0.740631103515625
tang1,置物用品类型,置物箱,Hộp đựng đồ,DUNG,Loại đồ dùng,置物用品类型: 置物箱,Loại đồ dùng: Hộp đựng đồ,0.7525332570075989,0.7672044634819031,0.6885803937911987
tang1,风格,撞色风,Phong cách màu sắc tương phản,DUNG,Phong cách,风格: 撞色风,Phong cách: Phong cách màu sắc tương phản,0.7008848190307617,0.749285101890564,0.4336985945701599
tang1,产品形态,撕拉面膜,Mặt nạ xé,DUNG,Hình thái sản phẩm,产品形态: 撕拉面膜,Hình thái sản phẩm: Mặt nạ xé,0.5788029432296753,0.6754105687141418,0.39517590403556824
tang1,耳机类别,入耳式耳机,Tai nghe nhét trong tai,DUNG,Loại tai nghe,耳机类别: 入耳式耳机,Loại tai nghe: Tai nghe nhét trong tai,0.6895813941955566,0.719353973865509,0.6566194295883179
tang1,风格,国潮风,Phong cách quốc triều,SAI,Phong cách,风格: 国潮风,Phong cách: Phong cách quốc triều,0.5077418684959412,0.7160248160362244,0.46104148030281067
tang1,适用型号,苹果8,Apple 8,SAI,Dòng máy tương thích,适用型号: 苹果8,Dòng máy tương thích: Apple 8,0.9155909419059753,0.8650297522544861,0.4051820635795593
tang1,原料与配料,武夷红茶,Trà đen Vũ,SAI,Nguyên liệu và thành phần,原料与配料: 武夷红茶,Nguyên liệu và thành phần: Trà đen Vũ,0.4924905300140381,0.6606138944625854,0.4020426273345947
tang1,3C配置类别,14岁以下的电玩具,Đồ chơi điện tử dành cho trẻ em dưới 14 tuổi,DUNG,Danh mục cấu hình 3C,3C配置类别: 14岁以下的电玩具,Danh mục cấu hình 3C: Đồ chơi điện tử dành cho trẻ em dưới 14 tuổi,0.902456521987915,0.852276086807251,0.9307008981704712
tang1,尺码,M建议80-105斤,Đề xuất M 40-52.5kg,DUNG,Kích cỡ,尺码: M建议80-105斤,Kích cỡ: Đề xuất M 40-52.5kg,0.7671588659286499,0.8629518747329712,0.5064355134963989
tang1,适用运动,篮球,bóng rổ,DUNG,Dùng cho thể thao,适用运动: 篮球,Dùng cho thể thao: bóng rổ,0.7234225273132324,0.7949298620223999,0.5625392198562622
tang1,颜色,浅粉色,Màu hồng nhạt,DUNG,Màu sắc,颜色: 浅粉色,Màu sắc: Màu hồng nhạt,0.7299841046333313,0.7724214196205139,0.4681152105331421
tang1,口味,其他口味,Hương vị khác,DUNG,Hương vị,口味: 其他口味,Hương vị: Hương vị khác,0.854128360748291,0.8459856510162354,0.5618895292282104
tang1,款式,休闲小白鞋,Giày trắng casual,DUNG,Kiểu dáng,款式: 休闲小白鞋,Kiểu dáng: Giày trắng casual,0.7490655183792114,0.7951054573059082,0.44056564569473267
tang1,AI能力,图像识别,Nhận dạng hình ảnh,DUNG,Khả năng AI,AI能力: 图像识别,Khả năng AI: Nhận dạng hình ảnh,0.8234561681747437,0.872944712638855,0.8234561681747437
tang1,颜色,荧光绿,màu xanh huỳnh quang,DUNG,Màu sắc,颜色: 荧光绿,Màu sắc: màu xanh huỳnh quang,0.618289589881897,0.737923264503479,0.5135945081710815
tang1,类别,运动背心,Áo ba lỗ thể thao,DUNG,Danh mục,类别: 运动背心,Danh mục: Áo ba lỗ thể thao,0.6336691379547119,0.6272211074829102,0.6679913997650146
tang1,风格,英伦风,Phong cách Anh,DUNG,Phong cách,风格: 英伦风,Phong cách: Phong cách Anh,0.7540565729141235,0.8134797811508179,0.5360422134399414
tang1,锁的类型,挂锁,Khóa treo,DUNG,Loại khóa,锁的类型: 挂锁,Loại khóa: Khóa treo,0.6793554425239563,0.7561862468719482,0.6321329474449158
tang1,类型,车身贴,Dán thân xe,DUNG,Loại,类型: 车身贴,Loại: Dán thân xe,0.7026950120925903,0.8097990155220032,0.36875271797180176
tang1,适用送礼场合,周年庆典,lễ kỷ niệm,DUNG,Những dịp tặng quà thích hợp,适用送礼场合: 周年庆典,Những dịp tặng quà thích hợp: lễ kỷ niệm,0.7483397722244263,0.7861148715019226,0.44397562742233276
tang1,皮质特征,荔纹皮,Da vải thiều,DUNG,Đặc điểm da,皮质特征: 荔纹皮,Đặc điểm da: Da vải thiều,0.4311586022377014,0.5863544940948486,0.4311586022377014
tang1,产品上市时间,2017年秋,Mùa thu năm 2017,DUNG,Thời gian ra mắt sản phẩm,产品上市时间: 2017年秋,Thời gian ra mắt sản phẩm: Mùa thu năm 2017,0.8420153260231018,0.9009804725646973,0.4373954236507416
tang1,执行质量标准,咨询,tư vấn,SAI,Thực hiện các tiêu chuẩn chất lượng,执行质量标准: 咨询,Thực hiện các tiêu chuẩn chất lượng: tư vấn,0.8288015127182007,0.8426342606544495,0.8288015127182007
tang1,适用型号,苹果12MINI,Apple 12MINI,SAI,Dòng máy tương thích,适用型号: 苹果12MINI,Dòng máy tương thích: Apple 12MINI,0.9567798972129822,0.904183030128479,0.46493974328041077
tang1,流行元素,挂绳,Dây buộc,SAI,Yếu tố thịnh hành,流行元素: 挂绳,Yếu tố thịnh hành: Dây buộc,0.625819742679596,0.6157525181770325,0.6636001467704773
tang1,箱包潮流款式,单肩斜挎包,Túi đeo chéo vai,DUNG,Kiểu túi thời trang,箱包潮流款式: 单肩斜挎包,Kiểu túi thời trang: Túi đeo chéo vai,0.5956403613090515,0.6531733274459839,0.5364649295806885
tang1,记录仪安装类型,专车专用,Phạm vi phủ sóng xe chuyên dụng,SAI,Kiểu lắp camera hành trình,记录仪安装类型: 专车专用,Kiểu lắp camera hành trình: Phạm vi phủ sóng xe chuyên dụng,0.6427847743034363,0.6624119877815247,0.7887485027313232
tang1,鞋底材质,发泡橡胶,Cao su xốp,DUNG,Chất liệu đế giày,鞋底材质: 发泡橡胶,Chất liệu đế giày: Cao su xốp,0.4696758985519409,0.7432136535644531,0.4776134490966797
tang1,适用场景,跑步运动,Chạy bộ thể thao,DUNG,Dịp sử dụng,适用场景: 跑步运动,Dịp sử dụng: Chạy bộ thể thao,0.7274693846702576,0.7734251618385315,0.4399908185005188
tang1,颜色,图片色,Màu như hình,DUNG,Màu sắc,颜色: 图片色,Màu sắc: Màu như hình,0.7030225992202759,0.7965745329856873,0.38027873635292053
tang1,口味,麻辣味,Vị cay tê,DUNG,Hương vị,口味: 麻辣味,Hương vị: Vị cay tê,0.6184406280517578,0.7456970810890198,0.3923809826374054
tang1,颜色,沙漠金,vàng sa mạc,DUNG,Màu sắc,颜色: 沙漠金,Màu sắc: vàng sa mạc,0.6855108737945557,0.793571949005127,0.30957722663879395
tang1,款式,内增高鞋,Giày độn đế,DUNG,Kiểu dáng,款式: 内增高鞋,Kiểu dáng: Giày độn đế,0.6182305812835693,0.695906937122345,0.34422045946121216
tang1,材质,高透PET,PET trong suốt cao,DUNG,Chất liệu,材质: 高透PET,Chất liệu: PET trong suốt cao,0.8170289397239685,0.8793990015983582,0.28753402829170227
tang1,颜色,白灰色,Màu xám trắng,DUNG,Màu sắc,颜色: 白灰色,Màu sắc: Màu xám trắng,0.6241263151168823,0.7244799137115479,0.5250802040100098
tang1,储藏方法,干燥通风,Thông gió khô,DUNG,Phương pháp bảo quản,储藏方法: 干燥通风,Phương pháp bảo quản: Thông gió khô,0.8292033672332764,0.8665646314620972,0.5247805118560791
tang1,款式,高跟单鞋,giày cao gót,DUNG,Kiểu dáng,款式: 高跟单鞋,Kiểu dáng: giày cao gót,0.7180073857307434,0.7887303233146667,0.5142286419868469
tang1,流行元素,水钻,Pha lê,DUNG,Yếu tố thịnh hành,流行元素: 水钻,Yếu tố thịnh hành: Pha lê,0.4156489074230194,0.6371499300003052,0.40330004692077637
tang1,材质,莱赛尔纤维,Sợi Lythell,SAI,Chất liệu,材质: 莱赛尔纤维,Chất liệu: Sợi Lythell,0.5925750136375427,0.7651599645614624,0.4295812249183655
tang1,上市时间,2024年,Năm 2024,DUNG,Thời gian niêm yết,上市时间: 2024年,Thời gian niêm yết: Năm 2024,0.9596114158630371,0.8547576665878296,0.9596114158630371
tang1,规格尺寸,128G卡【高速卡】,Thẻ 128G [thẻ tốc độ cao],DUNG,Kích thước thông số kỹ thuật,规格尺寸: 128G卡【高速卡】,Kích thước thông số kỹ thuật: Thẻ 128G [thẻ tốc độ cao],0.8484094142913818,0.8353583812713623,0.49368736147880554
tang1,适用型号,苹果7,Táo 7,SAI,Dòng máy tương thích,适用型号: 苹果7,Dòng máy tương thích: Táo 7,0.5811769962310791,0.716492235660553,0.5255216360092163
tang1,功效,不易脱色,Không dễ bị đổi màu,DUNG,Hiệu quả,功效: 不易脱色,Hiệu quả: Không dễ bị đổi màu,0.8295117616653442,0.8494536876678467,0.5297726392745972
tang1,适用学龄,高中,Trung học phổ thông,DUNG,Thích hợp tuổi đi học,适用学龄: 高中,Thích hợp tuổi đi học: Trung học phổ thông,0.643496036529541,0.7919603586196899,0.5362324714660645
tang1,储藏方法,冷冻,Đông lạnh,DUNG,Phương pháp bảo quản,储藏方法: 冷冻,Phương pháp bảo quản: Đông lạnh,0.6948094964027405,0.8440840840339661,0.551487386226654
tang1,多米诺类型,认知多米诺,Domino nhận thức,DUNG,Loại Domino,多米诺类型: 认知多米诺,Loại Domino: Domino nhận thức,0.7239526510238647,0.769007682800293,0.5165755152702332
tang1,茶区,临沧茶区,Khu vực trà Lincang,DUNG,Khu vực trà,茶区: 临沧茶区,Khu vực trà: Khu vực trà Lincang,0.5918774604797363,0.6586140394210815,0.5918774604797363
tang1,产区,广东乌龙,Ô long Quảng Đông,DUNG,Khu vực sản xuất,产区: 广东乌龙,Khu vực sản xuất: Ô long Quảng Đông,0.4575640857219696,0.6538357734680176,0.39214062690734863
tang1,功能,包裹性,Độ ôm,DUNG,Chức năng,功能: 包裹性,Chức năng: Độ ôm,0.5444557666778564,0.7432918548583984,0.4846273958683014
tang1,颜色,米灰色,Màu xám be,DUNG,Màu sắc,颜色: 米灰色,Màu sắc: Màu xám be,0.4529244303703308,0.650718092918396,0.5085061192512512
tang1,印染工艺,色织,Nhuộm sợi,DUNG,Công nghệ in và nhuộm,印染工艺: 色织,Công nghệ in và nhuộm: Nhuộm sợi,0.6165408492088318,0.7600911855697632,0.4153009057044983
tang1,颜色,远峰蓝,Xa đỉnh xanh lam,SAI,Màu sắc,颜色: 远峰蓝,Màu sắc: Xa đỉnh xanh lam,0.4695571959018707,0.6799961924552917,0.3255898952484131
tang1,尺寸,不带挂件,Không có phụ kiện,DUNG,Kích thước,尺寸: 不带挂件,Kích thước: Không có phụ kiện,0.7082555890083313,0.8295247554779053,0.48381340503692627
tang1,颜色,方格,hình vuông,SAI,Màu sắc,颜色: 方格,Màu sắc: hình vuông,0.6375651359558105,0.8310647010803223,0.42922791838645935
tang1,产品上市时间,2024年,2024,DUNG,Thời gian ra mắt sản phẩm,产品上市时间: 2024年,Thời gian ra mắt sản phẩm: 2024,0.9210085272789001,0.954730749130249,0.39410901069641113
tang1,箱包形状,椭圆形,Hình bầu dục,DUNG,Hình dạng túi,箱包形状: 椭圆形,Hình dạng túi: Hình bầu dục,0.6355087161064148,0.757707953453064,0.586275577545166
tang1,织造工艺,缎纹,Hoa văn sa tanh,DUNG,Công nghệ dệt,织造工艺: 缎纹,Công nghệ dệt: Hoa văn sa tanh,0.4161611795425415,0.6060041189193726,0.4469083547592163
tang1,适用范围,书本,sách,DUNG,Phạm vi áp dụng,适用范围: 书本,Phạm vi áp dụng: sách,0.7446107864379883,0.8438783288002014,0.5447179079055786
tang1,颜色,玫红,Đỏ hoa hồng,SAI,Màu sắc,颜色: 玫红,Màu sắc: Đỏ hoa hồng,0.4820946753025055,0.6607027053833008,0.4384801387786865
tang1,款式,拼接款,Phong cách chắp vá,SAI,Kiểu dáng,款式: 拼接款,Kiểu dáng: Phong cách chắp vá,0.4875470995903015,0.6388576030731201,0.4537869989871979
tang1,颜色,荧光绿,Xanh huỳnh quang,DUNG,Màu sắc,颜色: 荧光绿,Màu sắc: Xanh huỳnh quang,0.5987030267715454,0.7446802258491516,0.44599175453186035
tang1,颜色,深紫色,Màu tím đậm,DUNG,Màu sắc,颜色: 深紫色,Màu sắc: Màu tím đậm,0.7065843343734741,0.7752282619476318,0.4914086163043976
tang1,颜色,大象灰,Voi xám,SAI,Màu sắc,颜色: 大象灰,Màu sắc: Voi xám,0.3464493155479431,0.6072182655334473,0.40194880962371826
tang1,主面料成分2,氨纶,vải thun,DUNG,Thành phần vải chính 2,主面料成分2: 氨纶,Thành phần vải chính 2: vải thun,0.5156936645507812,0.7654227614402771,0.47086837887763977
tang1,适用范围,书籍杂志,sách và tạp chí,DUNG,Phạm vi áp dụng,适用范围: 书籍杂志,Phạm vi áp dụng: sách và tạp chí,0.7298924326896667,0.8094980716705322,0.6661578416824341
tang1,尺码,L【建议120-140斤】,L [đề nghị 120-140 kg],SAI,Kích cỡ,尺码: L【建议120-140斤】,Kích cỡ: L [đề nghị 120-140 kg],0.8393751382827759,0.8452309370040894,0.7893294095993042
tang1,鞋底厚度,3cm~5cm(含),3cm~5cm (bao gồm cả),DUNG,Độ dày đế giày,鞋底厚度: 3cm~5cm(含),Độ dày đế giày: 3cm~5cm (bao gồm cả),0.9559775590896606,0.9150848388671875,0.8024447560310364
tang1,印刷工艺,无印刷,Không in ấn,DUNG,Quá trình in ấn,印刷工艺: 无印刷,Quá trình in ấn: Không in ấn,0.8030966520309448,0.8495001792907715,0.4439510703086853
tang1,颜色,大红色,Màu đỏ đậm,DUNG,Màu sắc,颜色: 大红色,Màu sắc: Màu đỏ đậm,0.6986424922943115,0.8045202493667603,0.4318051338195801
tang1,规格尺寸,无内存卡,Không có thẻ nhớ,DUNG,Kích thước thông số kỹ thuật,规格尺寸: 无内存卡,Kích thước thông số kỹ thuật: Không có thẻ nhớ,0.8309524059295654,0.8538247346878052,0.7527042031288147
tang1,风格,经典风,Phong cách cổ điển,DUNG,Phong cách,风格: 经典风,Phong cách: Phong cách cổ điển,0.6557179689407349,0.7751417756080627,0.3179793357849121
tang1,标准类型,法标,Tiêu chuẩn Pháp,DUNG,Loại tiêu chuẩn,标准类型: 法标,Loại tiêu chuẩn: Tiêu chuẩn Pháp,0.4844505190849304,0.7712725400924683,0.3753528594970703
tang1,颜色,大象灰,con voi màu xám,SAI,Màu sắc,颜色: 大象灰,Màu sắc: con voi màu xám,0.454873263835907,0.584919810295105,0.35277971625328064
tang1,闭合方式,旋转扣,Khóa xoay,DUNG,Kiểu đóng,闭合方式: 旋转扣,Kiểu đóng: Khóa xoay,0.6657372713088989,0.7958647012710571,0.39927762746810913
tang1,鞋面材质,飞织布,Vải bay,SAI,Chất liệu mặt giày,鞋面材质: 飞织布,Chất liệu mặt giày: Vải bay,0.5857535004615784,0.7443004846572876,0.541958212852478
tang1,鞋面材质,飞织网布,Vải lưới dệt bay,SAI,Chất liệu mặt giày,鞋面材质: 飞织网布,Chất liệu mặt giày: Vải lưới dệt bay,0.6909109354019165,0.7760170698165894,0.39065855741500854
tang1,风格,唯美,Đẹp,DUNG,Phong cách,风格: 唯美,Phong cách: Đẹp,0.570326566696167,0.7253808975219727,0.34861844778060913
tang1,颜色,奶杏色,Màu mơ sữa,DUNG,Màu sắc,颜色: 奶杏色,Màu sắc: Màu mơ sữa,0.6181042790412903,0.6947856545448303,0.42016926407814026
tang1,风格,民族风,phong cách dân tộc,DUNG,Phong cách,风格: 民族风,Phong cách: phong cách dân tộc,0.7255743741989136,0.8257179260253906,0.4361182749271393
tang1,适用型号,苹果18PRO,Táo 18PRO,SAI,Dòng máy tương thích,适用型号: 苹果18PRO,Dòng máy tương thích: Táo 18PRO,0.8068514466285706,0.7804793119430542,0.8068514466285706
tang1,适用场景,家用收纳,Đựng đồ gia dụng,DUNG,Dịp sử dụng,适用场景: 家用收纳,Dịp sử dụng: Đựng đồ gia dụng,0.789216935634613,0.7773449420928955,0.6056475043296814
tang1,电源容量,20000毫安,20000mA,SAI,Công suất điện,电源容量: 20000毫安,Công suất điện: 20000mA,0.8329837322235107,0.8523058891296387,0.5995441675186157
tang1,规格类型,标准,Tiêu chuẩn,DUNG,Loại quy cách,规格类型: 标准,Loại quy cách: Tiêu chuẩn,0.8241428136825562,0.7682344913482666,0.47226154804229736
tang1,上市年份季节,2020年秋季,Mùa thu năm 2020,DUNG,Năm/mùa ra mắt,上市年份季节: 2020年秋季,Năm/mùa ra mắt: Mùa thu năm 2020,0.8353121280670166,0.7774788737297058,0.5927451252937317
tang1,产品类别,杂物收纳筐,Giỏ đựng đồ lặt vặt,DUNG,Danh mục sản phẩm,产品类别: 杂物收纳筐,Danh mục sản phẩm: Giỏ đựng đồ lặt vặt,0.7173237800598145,0.7047524452209473,0.4127318263053894
tang1,风格,复古腔调,điểm nhấn retro,DUNG,Phong cách,风格: 复古腔调,Phong cách: điểm nhấn retro,0.6430896520614624,0.7646584510803223,0.6044282913208008
tang1,是否单双耳,单边免提,Rảnh tay ở một bên,DUNG,Tai nghe một bên hay hai bên,是否单双耳: 单边免提,Tai nghe một bên hay hai bên: Rảnh tay ở một bên,0.5321030616760254,0.6442769765853882,0.48736876249313354
tang1,颜色,白黑色,Trắng đen,DUNG,Màu sắc,颜色: 白黑色,Màu sắc: Trắng đen,0.7055646181106567,0.8280553817749023,0.5467785000801086
tang1,风格,小香风,Xiaoxiangphong,SAI,Phong cách,风格: 小香风,Phong cách: Xiaoxiangphong,0.35112687945365906,0.5910770893096924,0.3330257833003998
tang1,适用场景,逛街,mua sắm,DUNG,Dịp sử dụng,适用场景: 逛街,Dịp sử dụng: mua sắm,0.7895646691322327,0.7408292293548584,0.324215292930603
tang1,工艺,彩绘,Sơn màu,DUNG,Công nghệ,工艺: 彩绘,Công nghệ: Sơn màu,0.6493866443634033,0.7338341474533081,0.584118127822876
tang1,套餐类型,官方标配,Tiêu chuẩn chính thức,DUNG,Loại gói,套餐类型: 官方标配,Loại gói: Tiêu chuẩn chính thức,0.7094601392745972,0.7413877844810486,0.6653871536254883
tang1,适用型号,苹果18PROMAX,Táo 18PROMAX,SAI,Dòng máy tương thích,适用型号: 苹果18PROMAX,Dòng máy tương thích: Táo 18PROMAX,0.7723199725151062,0.7773813009262085,0.3211439251899719
tang1,主要销售地区,拉丁美洲,Châu Mỹ La tinh,DUNG,Khu vực bán hàng chính,主要销售地区: 拉丁美洲,Khu vực bán hàng chính: Châu Mỹ La tinh,0.8121432065963745,0.8804728984832764,0.41486409306526184
tang1,风格类型,街头潮人,Hipster đường phố,DUNG,Loại phong cách,风格类型: 街头潮人,Loại phong cách: Hipster đường phố,0.7461133003234863,0.7975790500640869,0.3220129609107971
tang1,专利类型,外观设计专利,Bằng sáng chế thiết kế,DUNG,Loại bằng sáng chế,专利类型: 外观设计专利,Loại bằng sáng chế: Bằng sáng chế thiết kế,0.7360599040985107,0.7707188129425049,0.650334894657135
tang1,形象,蜘蛛侠,Người Nhện,DUNG,Hình tượng,形象: 蜘蛛侠,Hình tượng: Người Nhện,0.5344587564468384,0.6882264018058777,0.3776148557662964
tang1,风格,法式,Pháp,DUNG,Phong cách,风格: 法式,Phong cách: Pháp,0.4937806725502014,0.8601169586181641,0.5007006525993347
tang1,核心成分,熊果苷,Arbutin,DUNG,Thành phần cốt lõi,核心成分: 熊果苷,Thành phần cốt lõi: Arbutin,0.2746502757072449,0.5563737154006958,0.3465844392776489
tang1,适用场景,通勤,Đi làm,DUNG,Dịp sử dụng,适用场景: 通勤,Dịp sử dụng: Đi làm,0.739712119102478,0.7500698566436768,0.739712119102478
tang1,风格,少女风,Phong cách thiếu nữ,DUNG,Phong cách,风格: 少女风,Phong cách: Phong cách thiếu nữ,0.6974397897720337,0.805472731590271,0.6054404377937317
tang1,保质期,9999天,9999 ngày,DUNG,Thời hạn sử dụng,保质期: 9999天,Thời hạn sử dụng: 9999 ngày,0.9841075539588928,0.9091588258743286,0.5397893786430359
tang1,尺码,M【建议100-120斤】,M [Đề nghị 100-120 kg],SAI,Kích cỡ,尺码: M【建议100-120斤】,Kích cỡ: M [Đề nghị 100-120 kg],0.8400448560714722,0.8622996807098389,0.8293613791465759
tang1,上市时间,2020年,Năm 2020,DUNG,Thời gian niêm yết,上市时间: 2020年,Thời gian niêm yết: Năm 2020,0.9474951028823853,0.8144088983535767,0.7638562321662903
tang1,流行元素,爱心,tình yêu,SAI,Yếu tố thịnh hành,流行元素: 爱心,Yếu tố thịnh hành: tình yêu,0.6149234175682068,0.7011492848396301,0.4850919544696808
tang1,手柄材质,木,Gỗ,DUNG,Chất liệu tay cầm,手柄材质: 木,Chất liệu tay cầm: Gỗ,0.6265937685966492,0.8645945191383362,0.6237648725509644
tang1,鞋面材质,超纤皮（革）,Da siêu sợi,DUNG,Chất liệu mặt giày,鞋面材质: 超纤皮（革）,Chất liệu mặt giày: Da siêu sợi,0.6783469915390015,0.805146336555481,0.34729352593421936
tang1,风格,小众,hốc,SAI,Phong cách,风格: 小众,Phong cách: hốc,0.4170975685119629,0.6819625496864319,0.5065950155258179
tang1,颜色,深蓝,màu xanh đậm,DUNG,Màu sắc,颜色: 深蓝,Màu sắc: màu xanh đậm,0.5825305581092834,0.7757241725921631,0.5163402557373047
tang1,适用对象,儿童(0-12岁),Trẻ em (0-12 tuổi),DUNG,Đối tượng áp dụng,适用对象: 儿童(0-12岁),Đối tượng áp dụng: Trẻ em (0-12 tuổi),0.8362561464309692,0.884750247001648,0.8362561464309692
tang1,尺寸规格,1.8m床笠款四件套【被套200*230cm】,Bộ 4 món ga bọc đệm 1.8m [Vỏ chăn 200*230cm],DUNG,Kích thước,尺寸规格: 1.8m床笠款四件套【被套200*230cm】,Kích thước: Bộ 4 món ga bọc đệm 1.8m [Vỏ chăn 200*230cm],0.7797846794128418,0.7723718881607056,0.7199950218200684
tang1,花型,浅蓝,Xanh nhạt,DUNG,Hoa văn,花型: 浅蓝,Hoa văn: Xanh nhạt,0.5771611332893372,0.6493192911148071,0.3191964626312256
tang1,风格,仙女,cổ tích,SAI,Phong cách,风格: 仙女,Phong cách: cổ tích,0.4447450041770935,0.6790614724159241,0.34339022636413574
tang1,原料与配料,茶叶鲜叶,Lá trà tươi,DUNG,Nguyên liệu và thành phần,原料与配料: 茶叶鲜叶,Nguyên liệu và thành phần: Lá trà tươi,0.6701189279556274,0.8113073110580444,0.46311715245246887
tang1,颜色,暗紫色,màu tím đậm,DUNG,Màu sắc,颜色: 暗紫色,Màu sắc: màu tím đậm,0.5896309614181519,0.7232543230056763,0.5052617788314819
tang1,开合方式,带盖,Có nắp,DUNG,Cách mở và đóng,开合方式: 带盖,Cách mở và đóng: Có nắp,0.5919151306152344,0.7539502382278442,0.48028284311294556
tang1,尺寸规格,【床笠款】1.2三件套-被套150x200,[Bộ ga chun]Bộ 3 món 1.2m - Vỏ chăn 150x200,DUNG,Kích thước,尺寸规格: 【床笠款】1.2三件套-被套150x200,Kích thước: [Bộ ga chun]Bộ 3 món 1.2m - Vỏ chăn 150x200,0.6642181873321533,0.6751691699028015,0.5524178743362427
tang1,质检单位,质检,Kiểm tra chất lượng,DUNG,Đơn vị kiểm tra chất lượng,质检单位: 质检,Đơn vị kiểm tra chất lượng: Kiểm tra chất lượng,0.7248101234436035,0.7834045886993408,0.6256688833236694
tang1,特殊功效,营养,dinh dưỡng,DUNG,Hiệu ứng đặc biệt,特殊功效: 营养,Hiệu ứng đặc biệt: dinh dưỡng,0.7876605987548828,0.8206281065940857,0.7876605987548828
tang1,适用年龄,老年（61岁以上）,Người cao tuổi (trên 61 tuổi),DUNG,Độ tuổi áp dụng,适用年龄: 老年（61岁以上）,Độ tuổi áp dụng: Người cao tuổi (trên 61 tuổi),0.8991515636444092,0.8705957531929016,0.4937513470649719
tang1,货号,bk男鞋,giày nam bk,DUNG,Mã sản phẩm,货号: bk男鞋,Mã sản phẩm: giày nam bk,0.9022068977355957,0.8870818614959717,0.32776057720184326
tang1,产品上市时间,2023年春,Mùa xuân năm 2023,DUNG,Thời gian ra mắt sản phẩm,产品上市时间: 2023年春,Thời gian ra mắt sản phẩm: Mùa xuân năm 2023,0.9057092070579529,0.9311076998710632,0.5592246651649475
tang1,风格,艺术,Nghệ thuật,DUNG,Phong cách,风格: 艺术,Phong cách: Nghệ thuật,0.8544164896011353,0.8563798666000366,0.4118569493293762
tang1,类型,西式糕点,bánh ngọt phương Tây,DUNG,Loại,类型: 西式糕点,Loại: bánh ngọt phương Tây,0.7483086585998535,0.820469856262207,0.28355681896209717
tang1,产品类别,刀具套装,Bộ dao,DUNG,Danh mục sản phẩm,产品类别: 刀具套装,Danh mục sản phẩm: Bộ dao,0.5467724800109863,0.6346570253372192,0.3960018754005432
tang1,款式细节,三本针,Kim ba cuốn,SAI,Chi tiết kiểu dáng,款式细节: 三本针,Chi tiết kiểu dáng: Kim ba cuốn,0.4834291934967041,0.664061427116394,0.3645057678222656
tang1,数据存储时间,7天,7 ngày,DUNG,Thời gian lưu trữ dữ liệu,数据存储时间: 7天,Thời gian lưu trữ dữ liệu: 7 ngày,0.9682807922363281,0.944406270980835,0.4425961971282959
tang1,适用场景,儿童礼物,quà tặng trẻ em,DUNG,Dịp sử dụng,适用场景: 儿童礼物,Dịp sử dụng: quà tặng trẻ em,0.9004101753234863,0.8604802489280701,0.44807666540145874
tang1,流行元素,立体,Lập thể,SAI,Yếu tố thịnh hành,流行元素: 立体,Yếu tố thịnh hành: Lập thể,0.6360223293304443,0.6740273833274841,0.40734240412712097
tang1,尺寸,60寸,60 inch,DUNG,Kích thước,尺寸: 60寸,Kích thước: 60 inch,0.9128749966621399,0.9293584823608398,0.43434029817581177
tang1,颜色,黑色无挂件,Màu đen không có đồ treo,DUNG,Màu sắc,颜色: 黑色无挂件,Màu sắc: Màu đen không có đồ treo,0.8039571046829224,0.8205170631408691,0.36481785774230957
tang1,主面料成分含量,70%（含）-80%（不含）,70% (bao gồm)-80% (không bao gồm),DUNG,Tỉ lệ thành phần vải chính,主面料成分含量: 70%（含）-80%（不含）,Tỉ lệ thành phần vải chính: 70% (bao gồm)-80% (không bao gồm),0.9254060387611389,0.8906835317611694,0.5203601717948914
tang1,箱包潮流款式,手提包,túi xách,DUNG,Kiểu túi thời trang,箱包潮流款式: 手提包,Kiểu túi thời trang: túi xách,0.7802495956420898,0.7294795513153076,0.687531590461731
tang1,尺寸规格,1.5m床笠款四件套【被套200*230cm】,"Bộ ga trải giường 1.5m (bao gồm vỏ chăn, kích thước 200*230cm)",DUNG,Kích thước,尺寸规格: 1.5m床笠款四件套【被套200*230cm】,"Kích thước: Bộ ga trải giường 1.5m (bao gồm vỏ chăn, kích thước 200*230cm)",0.7274792194366455,0.7329928874969482,0.6127558946609497
tang1,产品上市时间,2013年春,Mùa xuân năm 2013,DUNG,Thời gian ra mắt sản phẩm,产品上市时间: 2013年春,Thời gian ra mắt sản phẩm: Mùa xuân năm 2013,0.933775782585144,0.9118626117706299,0.4581783711910248
tang1,容量,40L-50L（含）,40L-50L (bao gồm),DUNG,Dung tích,容量: 40L-50L（含）,Dung tích: 40L-50L (bao gồm),0.9661555290222168,0.9112664461135864,0.46474653482437134
tang1,容量,40L-50L（含）,40L-50L (đã bao gồm),DUNG,Dung tích,容量: 40L-50L（含）,Dung tích: 40L-50L (đã bao gồm),0.9456807971000671,0.9201421737670898,0.3829079866409302
tang1,颜色,黑色【230克长绒棉纯棉】,Màu đen [230g bông cotton dài],DUNG,Màu sắc,颜色: 黑色【230克长绒棉纯棉】,Màu sắc: Màu đen [230g bông cotton dài],0.8011173009872437,0.8163635730743408,0.4141591787338257
tang1,尺寸规格,单被套200x230cm,Vỏ chăn đơn 200x230cm,DUNG,Kích thước,尺寸规格: 单被套200x230cm,Kích thước: Vỏ chăn đơn 200x230cm,0.8257438540458679,0.7964381575584412,0.5490539073944092
tang1,颜色,远峰蓝,Đỉnh cao xanh lam,SAI,Màu sắc,颜色: 远峰蓝,Màu sắc: Đỉnh cao xanh lam,0.4754682183265686,0.7017327547073364,0.3684456944465637
tang1,适用年龄,婴幼（0-3岁）,Trẻ sơ sinh và trẻ nhỏ (0-3 tuổi),DUNG,Độ tuổi áp dụng,适用年龄: 婴幼（0-3岁）,Độ tuổi áp dụng: Trẻ sơ sinh và trẻ nhỏ (0-3 tuổi),0.8379920721054077,0.8555737733840942,0.7675023078918457
tang1,尺寸规格,2.0m床单款四件套【被套220*240cm】,"Bộ chăn ga gối kích thước 2.0m (bao gồm vỏ chăn, kích thước 220*240cm)",DUNG,Kích thước,尺寸规格: 2.0m床单款四件套【被套220*240cm】,"Kích thước: Bộ chăn ga gối kích thước 2.0m (bao gồm vỏ chăn, kích thước 220*240cm)",0.7278794646263123,0.745417594909668,0.7037494778633118
tang1,面料名称,真丝,Lụa thật,DUNG,Tên vải,面料名称: 真丝,Tên vải: Lụa thật,0.6321370005607605,0.7424346208572388,0.4543401002883911
tang1,颜色,黄棕色,Màu nâu vàng,DUNG,Màu sắc,颜色: 黄棕色,Màu sắc: Màu nâu vàng,0.6568354964256287,0.727162778377533,0.6121433973312378
tang1,颜色,牛仔蓝,màu xanh denim,DUNG,Màu sắc,颜色: 牛仔蓝,Màu sắc: màu xanh denim,0.5601578950881958,0.6859309077262878,0.513135552406311
tang1,适用型号,苹果15plus,Apple 15plus,SAI,Dòng máy tương thích,适用型号: 苹果15plus,Dòng máy tương thích: Apple 15plus,0.9348248243331909,0.8764244318008423,0.6728358864784241
tang1,颜色,8.5四角盒8.5*6.7*3.6CM,"Hộp vuông 8.5, kích thước 8.5*6.7*3.6CM",DUNG,Màu sắc,颜色: 8.5四角盒8.5*6.7*3.6CM,"Màu sắc: Hộp vuông 8.5, kích thước 8.5*6.7*3.6CM",0.8005551099777222,0.8116441965103149,0.6616147756576538
tang1,用品品类,鸭嘴杯,Cốc mỏ vịt,DUNG,Danh mục sản phẩm,用品品类: 鸭嘴杯,Danh mục sản phẩm: Cốc mỏ vịt,0.39540213346481323,0.5201582908630371,0.4761210083961487
tang1,尺寸规格,220*240cm单被套,Vỏ chăn đơn 220*240cm,DUNG,Kích thước,尺寸规格: 220*240cm单被套,Kích thước: Vỏ chăn đơn 220*240cm,0.8400989770889282,0.8094193935394287,0.5678654909133911
tang1,拍照像素,1800万,18 triệu,SAI,Độ phân giải chụp ảnh,拍照像素: 1800万,Độ phân giải chụp ảnh: 18 triệu,0.8053292036056519,0.8088173866271973,0.6903879046440125
tang1,特色功能,多场景模拟,Mô phỏng đa kịch bản,SAI,Tính năng đặc biệt,特色功能: 多场景模拟,Tính năng đặc biệt: Mô phỏng đa kịch bản,0.8519982099533081,0.8653334975242615,0.8328659534454346
tang1,款式,基础款,Mô hình cơ bản,DUNG,Kiểu dáng,款式: 基础款,Kiểu dáng: Mô hình cơ bản,0.5979119539260864,0.7431477308273315,0.4667288661003113
tang1,跨境风格类型,性感辣妹,Hot girl gợi cảm,DUNG,Loại phong cách xuyên biên giới,跨境风格类型: 性感辣妹,Loại phong cách xuyên biên giới: Hot girl gợi cảm,0.7486782073974609,0.7237886190414429,0.4754505455493927
tang1,表层材质,亚麻,Vải lanh,DUNG,Chất liệu bề mặt,表层材质: 亚麻,Chất liệu bề mặt: Vải lanh,0.42919886112213135,0.7088907957077026,0.42919886112213135
tang1,鞋垫材质,羊毛,Len,DUNG,Chất liệu lót giày,鞋垫材质: 羊毛,Chất liệu lót giày: Len,0.4065459668636322,0.7352784872055054,0.48535168170928955
tang1,风格,日系风,Phong cách Nhật Bản,DUNG,Phong cách,风格: 日系风,Phong cách: Phong cách Nhật Bản,0.6892418265342712,0.7802375555038452,0.6046752333641052
tang1,风格,日系清新,Tươi tắn kiểu Nhật,DUNG,Phong cách,风格: 日系清新,Phong cách: Tươi tắn kiểu Nhật,0.7150101065635681,0.8309624791145325,0.47736623883247375
tang1,遥控方式,体感,Cảm giác cơ thể,SAI,Cách điều khiển từ xa,遥控方式: 体感,Cách điều khiển từ xa: Cảm giác cơ thể,0.7973012924194336,0.8361881971359253,0.7973012924194336
tang1,风格,自然风,Phong cách tự nhiên,DUNG,Phong cách,风格: 自然风,Phong cách: Phong cách tự nhiên,0.7235107421875,0.8576568961143494,0.5293329358100891
tang1,类别,休闲T恤,Áo phông thông thường,DUNG,Danh mục,类别: 休闲T恤,Danh mục: Áo phông thông thường,0.5282763242721558,0.5608632564544678,0.5332646369934082
tang1,工艺,高温定型,Cài đặt nhiệt độ cao,SAI,Công nghệ,工艺: 高温定型,Công nghệ: Cài đặt nhiệt độ cao,0.6555059552192688,0.7233458161354065,0.7611172199249268
tang1,材质工艺,粘胶,Keo dán,DUNG,Chất liệu và công nghệ chế tác,材质工艺: 粘胶,Chất liệu và công nghệ chế tác: Keo dán,0.3978012800216675,0.7002482414245605,0.5586986541748047
tang1,专利类型,外观设计专利,Bằng sáng chế thiết kế ngoại hình,DUNG,Loại bằng sáng chế,专利类型: 外观设计专利,Loại bằng sáng chế: Bằng sáng chế thiết kế ngoại hình,0.8180686831474304,0.807052731513977,0.6622306108474731
tang1,原料与配料,见配料表,Xem danh sách thành phần,DUNG,Nguyên liệu và thành phần,原料与配料: 见配料表,Nguyên liệu và thành phần: Xem danh sách thành phần,0.6845545768737793,0.8429145216941833,0.46399229764938354
tang1,安全等级,C类,Loại C,DUNG,Cấp độ an toàn,安全等级: C类,Cấp độ an toàn: Loại C,0.8584452867507935,0.9241640567779541,0.3642438054084778
tang1,内里材质,二层猪皮,Da heo lớp thứ hai,DUNG,Chất liệu bên trong,内里材质: 二层猪皮,Chất liệu bên trong: Da heo lớp thứ hai,0.6341990828514099,0.7765200734138489,0.41485685110092163
tang1,适用场景,日常办公,Văn phòng hàng ngày,DUNG,Dịp sử dụng,适用场景: 日常办公,Dịp sử dụng: Văn phòng hàng ngày,0.844348669052124,0.8051650524139404,0.5058125257492065
tang1,适合场地,硬地,Sàn cứng,DUNG,Phù hợp với địa điểm,适合场地: 硬地,Phù hợp với địa điểm: Sàn cứng,0.6678022742271423,0.844005286693573,0.4430616497993469
tang1,智能交互方式,语音交互,Tương tác bằng giọng nói,DUNG,Cách tương tác thông minh,智能交互方式: 语音交互,Cách tương tác thông minh: Tương tác bằng giọng nói,0.7971742749214172,0.8176305294036865,0.7971742749214172
tang1,保质期,5年,5 năm,DUNG,Thời hạn sử dụng,保质期: 5年,Thời hạn sử dụng: 5 năm,0.977401852607727,0.8958194255828857,0.5312795639038086
tang1,颜色,白色【230克长绒棉纯棉】,Trắng [230g cotton dài cotton tinh khiết],DUNG,Màu sắc,颜色: 白色【230克长绒棉纯棉】,Màu sắc: Trắng [230g cotton dài cotton tinh khiết],0.7595071792602539,0.7876096963882446,0.4497217535972595
tang1,风格,浮世绘,Ukiyo-e,DUNG,Phong cách,风格: 浮世绘,Phong cách: Ukiyo-e,0.2890946865081787,0.5955572724342346,0.36800938844680786
tang1,尺码,XL【建议140-160斤】,XL [đề nghị 140-160 kg],SAI,Kích cỡ,尺码: XL【建议140-160斤】,Kích cỡ: XL [đề nghị 140-160 kg],0.868888258934021,0.8537421822547913,0.808334469795227
tang1,容量,0L-5L（含）,0L-5L (bao gồm),DUNG,Dung tích,容量: 0L-5L（含）,Dung tích: 0L-5L (bao gồm),0.9625023007392883,0.9127737283706665,0.4753033518791199
tang1,货号,长袖T恤,Áo thun dài tay,DUNG,Mã sản phẩm,货号: 长袖T恤,Mã sản phẩm: Áo thun dài tay,0.6921790242195129,0.7390549182891846,0.3912990093231201
tang1,产品类型,前后双录行车记录仪,Camera hành trình ghi hình kép trước và sau,DUNG,Loại sản phẩm,产品类型: 前后双录行车记录仪,Loại sản phẩm: Camera hành trình ghi hình kép trước và sau,0.6975703239440918,0.7385775446891785,0.6602822542190552
tang1,闭合方式,一字拖,Dép xỏ ngón,SAI,Kiểu đóng,闭合方式: 一字拖,Kiểu đóng: Dép xỏ ngón,0.5074158310890198,0.664364218711853,0.496650755405426
tang1,品牌类型,日韩品牌,Thương hiệu Nhật Bản và Hàn Quốc,DUNG,Loại hình thương hiệu,品牌类型: 日韩品牌,Loại hình thương hiệu: Thương hiệu Nhật Bản và Hàn Quốc,0.767407238483429,0.767859935760498,0.5790777206420898
tang1,材质,液态硅胶,silicone lỏng,DUNG,Chất liệu,材质: 液态硅胶,Chất liệu: silicone lỏng,0.6218715310096741,0.7407224178314209,0.320029616355896
tang1,颜色,深空灰,Xám không gian,DUNG,Màu sắc,颜色: 深空灰,Màu sắc: Xám không gian,0.5899530649185181,0.7012996077537537,0.3422967791557312
tang1,颜色,白灰,Bạch Hôi,SAI,Màu sắc,颜色: 白灰,Màu sắc: Bạch Hôi,0.3559473752975464,0.651333749294281,0.3909074664115906
tang1,场景,户外,ngoài trời,DUNG,Cảnh,场景: 户外,Cảnh: ngoài trời,0.8877742886543274,0.8901719450950623,0.6582565903663635
tang1,尺寸规格,1.8m床单款四件套【被套200*230cm】,Bộ chăn ga gối kích thước 1.8m (gồm bốn món) [vỏ chăn: 200*230cm],DUNG,Kích thước,尺寸规格: 1.8m床单款四件套【被套200*230cm】,Kích thước: Bộ chăn ga gối kích thước 1.8m (gồm bốn món) [vỏ chăn: 200*230cm],0.7738527655601501,0.7781193852424622,0.6222425103187561
tang1,颜色,浅蓝,Xanh lam nhạt,DUNG,Màu sắc,颜色: 浅蓝,Màu sắc: Xanh lam nhạt,0.5928094387054443,0.7532241940498352,0.5387164354324341
tang1,材质成分,聚酯纤维（涤纶）:45%,Sợi polyester (polyester): 45%,DUNG,Thành phần vật liệu,材质成分: 聚酯纤维（涤纶）:45%,Thành phần vật liệu: Sợi polyester (polyester): 45%,0.8057112693786621,0.830032229423523,0.6059181690216064
tang1,颜色,白色【230长绒棉】,Màu trắng [bông 230 dài],DUNG,Màu sắc,颜色: 白色【230长绒棉】,Màu sắc: Màu trắng [bông 230 dài],0.7637850046157837,0.7836422324180603,0.45156413316726685
tang1,尺寸规格,1.5m床【床笠款四件套】-适合200x230cm被芯,Giường 1.5 m [bộ 4 chiếc kiểu ga trải giường]-phù hợp với vỏ chăn 200x230cm,SAI,Kích thước,尺寸规格: 1.5m床【床笠款四件套】-适合200x230cm被芯,Kích thước: Giường 1.5 m [bộ 4 chiếc kiểu ga trải giường]-phù hợp với vỏ chăn 200x230cm,0.7268538475036621,0.7386280298233032,0.6061780452728271
tang1,材质,牛仔布,Vải bò,DUNG,Chất liệu,材质: 牛仔布,Chất liệu: Vải bò,0.6144894361495972,0.7727582454681396,0.4158811569213867
tang1,适用人群,老年,tuổi già,SAI,Đối tượng sử dụng,适用人群: 老年,Đối tượng sử dụng: tuổi già,0.7369265556335449,0.8409172892570496,0.7369265556335449
tang1,热卖月份,十月,Tháng 10,DUNG,Tháng bán chạy,热卖月份: 十月,Tháng bán chạy: Tháng 10,0.8980787396430969,0.8692905902862549,0.5640484094619751
tang1,遥控方式,体感,cảm giác cơ thể,SAI,Cách điều khiển từ xa,遥控方式: 体感,Cách điều khiển từ xa: cảm giác cơ thể,0.788374662399292,0.8420205116271973,0.788374662399292
tang1,件数,4件,4 miếng,DUNG,件数,件数: 4件,件数: 4 miếng,0.7681347131729126,0.8674560189247131,0.627200186252594
tang1,服装款式细节,开衩,Xẻ tà,DUNG,Chi tiết phong cách quần áo,服装款式细节: 开衩,Chi tiết phong cách quần áo: Xẻ tà,0.4511546790599823,0.7196480631828308,0.4511546790599823
tang1,货号,冰箱收纳盒,hộp đựng tủ lạnh,DUNG,Mã sản phẩm,货号: 冰箱收纳盒,Mã sản phẩm: hộp đựng tủ lạnh,0.7838440537452698,0.7741134166717529,0.42074349522590637
tang1,面料名称,丝光棉,Bông được đánh bóng,DUNG,Tên vải,面料名称: 丝光棉,Tên vải: Bông được đánh bóng,0.4322143495082855,0.6220365762710571,0.47925227880477905
tang1,颜色,白色大号,Màu trắng cỡ lớn,DUNG,Màu sắc,颜色: 白色大号,Màu sắc: Màu trắng cỡ lớn,0.8059456944465637,0.8373479843139648,0.3797105550765991
tang1,口味,巧克力味,Vị sô cô la,DUNG,Hương vị,口味: 巧克力味,Hương vị: Vị sô cô la,0.5806188583374023,0.7401250004768372,0.6328021287918091
tang1,颜色,玫红,Hồng cánh sen,DUNG,Màu sắc,颜色: 玫红,Màu sắc: Hồng cánh sen,0.4059656262397766,0.6221814155578613,0.40618473291397095
tang1,颜色,经典黑,Đen kinh điển,DUNG,Màu sắc,颜色: 经典黑,Màu sắc: Đen kinh điển,0.6741253733634949,0.7690531015396118,0.39615142345428467
tang1,材质,食品级液态硅胶,Silicone lỏng cấp thực phẩm,DUNG,Chất liệu,材质: 食品级液态硅胶,Chất liệu: Silicone lỏng cấp thực phẩm,0.7072335481643677,0.7733849883079529,0.35313349962234497
tang1,颜色,桔红色,Màu đỏ cam,DUNG,Màu sắc,颜色: 桔红色,Màu sắc: Màu đỏ cam,0.574169397354126,0.6758465766906738,0.46669697761535645
tang1,鞋跟款式,细跟,Giày cao gót,SAI,Kiểu gót giày,鞋跟款式: 细跟,Kiểu gót giày: Giày cao gót,0.5425291061401367,0.6627488732337952,0.5425291061401367
tang1,颜色,天空蓝,Xanh da trời,DUNG,Màu sắc,颜色: 天空蓝,Màu sắc: Xanh da trời,0.5326048135757446,0.7040935754776001,0.5120856761932373
tang1,材质成分,棉:55%,Bông:55%,DUNG,Thành phần vật liệu,材质成分: 棉:55%,Thành phần vật liệu: Bông:55%,0.821360170841217,0.8044232130050659,0.6450572609901428
tang1,材质,棉麻,Bông và vải lanh,DUNG,Chất liệu,材质: 棉麻,Chất liệu: Bông và vải lanh,0.5487911701202393,0.7192322611808777,0.5651164054870605
tang1,货号,纸巾盒,Hộp đựng khăn giấy,DUNG,Mã sản phẩm,货号: 纸巾盒,Mã sản phẩm: Hộp đựng khăn giấy,0.7408685684204102,0.7068260908126831,0.3556033670902252
tang1,种类,面包,Bánh mì,DUNG,Chủng loại,种类: 面包,Chủng loại: Bánh mì,0.5653036832809448,0.7253061532974243,0.5748123526573181
tang1,尺码,40男,40 nam,DUNG,Kích cỡ,尺码: 40男,Kích cỡ: 40 nam,0.7553818225860596,0.8961710929870605,0.44019538164138794
tang1,颜色,纯黑色,Màu đen trơn,DUNG,Màu sắc,颜色: 纯黑色,Màu sắc: Màu đen trơn,0.6962690949440002,0.7579396963119507,0.40411701798439026
tang1,箱包形状,椭圆形,hình bầu dục,DUNG,Hình dạng túi,箱包形状: 椭圆形,Hình dạng túi: hình bầu dục,0.6227838397026062,0.7611312866210938,0.6139891743659973
tang1,流行元素,素面,Trơn,DUNG,Yếu tố thịnh hành,流行元素: 素面,Yếu tố thịnh hành: Trơn,0.35904571413993835,0.5460264682769775,0.3212534189224243
tang1,风格,青春潮流,Xu hướng trẻ trung,DUNG,Phong cách,风格: 青春潮流,Phong cách: Xu hướng trẻ trung,0.6623678207397461,0.7944592237472534,0.4400322437286377
tang1,最快出货时间,5天,5 ngày,DUNG,Thời gian giao hàng sớm nhất,最快出货时间: 5天,Thời gian giao hàng sớm nhất: 5 ngày,0.9719855785369873,0.90313321352005,0.370746910572052
tang1,功能,固定测速,Đo tốc độ cố định,DUNG,Chức năng,功能: 固定测速,Chức năng: Đo tốc độ cố định,0.8248146176338196,0.8790961503982544,0.4496663212776184
tang1,主面料成分,腈纶,Sợi acrylic,DUNG,Thành phần vải chính,主面料成分: 腈纶,Thành phần vải chính: Sợi acrylic,0.4862159788608551,0.7267950773239136,0.5212076902389526
tang1,颜色,土黄,Màu vàng đất,DUNG,Màu sắc,颜色: 土黄,Màu sắc: Màu vàng đất,0.5012555122375488,0.7295685410499573,0.29425519704818726
tang1,口味,甜味,Vị ngọt,DUNG,Hương vị,口味: 甜味,Hương vị: Vị ngọt,0.681037425994873,0.8537647128105164,0.6016163229942322
tang1,颜色,雾色,màu sương mù,DUNG,Màu sắc,颜色: 雾色,Màu sắc: màu sương mù,0.6677635908126831,0.7960101366043091,0.5084592700004578
tang1,鞋底材质,橡塑,Cao su và nhựa,DUNG,Chất liệu đế giày,鞋底材质: 橡塑,Chất liệu đế giày: Cao su và nhựa,0.5684045553207397,0.7642677426338196,0.35931721329689026
tang1,原料与配料,红茶,trà đen,DUNG,Nguyên liệu và thành phần,原料与配料: 红茶,Nguyên liệu và thành phần: trà đen,0.6148338317871094,0.7467055916786194,0.5813615322113037
tang1,元素,糖果,Kẹo,DUNG,Yếu tố,元素: 糖果,Yếu tố: Kẹo,0.427992582321167,0.6469556093215942,0.4109773635864258
tang1,标准类型,欧标,Tiêu chuẩn Châu Âu,DUNG,Loại tiêu chuẩn,标准类型: 欧标,Loại tiêu chuẩn: Tiêu chuẩn Châu Âu,0.6081138849258423,0.7947319746017456,0.48417797684669495
tang1,皮质特征,PU皮,da PU,DUNG,Đặc điểm da,皮质特征: PU皮,Đặc điểm da: da PU,0.7141355276107788,0.8839201927185059,0.4764382243156433
tang1,保修期,无保修,Không có bảo hành,DUNG,Thời hạn bảo hành,保修期: 无保修,Thời hạn bảo hành: Không có bảo hành,0.8723424673080444,0.8792885541915894,0.4638128876686096
tang1,颜色,蓝,Xanh lam,DUNG,Màu sắc,颜色: 蓝,Màu sắc: Xanh lam,0.5432722568511963,0.738055944442749,0.3588917553424835
tang1,功能,保鲜,Giữ tươi,DUNG,Chức năng,功能: 保鲜,Chức năng: Giữ tươi,0.6785579919815063,0.8308300375938416,0.3955466151237488
tang1,功能,防霉,Chống nấm mốc,DUNG,Chức năng,功能: 防霉,Chức năng: Chống nấm mốc,0.6440505981445312,0.7943779230117798,0.371370792388916
tang1,功能,防螨,Chống mạt,DUNG,Chức năng,功能: 防螨,Chức năng: Chống mạt,0.6077910661697388,0.7696940898895264,0.6088876724243164
tang1,产品类别,正山小种,Trà Chính Sơn Tiểu Chủng,DUNG,Danh mục sản phẩm,产品类别: 正山小种,Danh mục sản phẩm: Trà Chính Sơn Tiểu Chủng,0.5090562105178833,0.5624837279319763,0.33341750502586365
tang1,功能,防盗刷,Bàn chải chống trộm,SAI,Chức năng,功能: 防盗刷,Chức năng: Bàn chải chống trộm,0.697994589805603,0.7660257816314697,0.4531615376472473
tang1,尺寸规格,180*220单被套,Vỏ chăn đơn 180*220,DUNG,Kích thước,尺寸规格: 180*220单被套,Kích thước: Vỏ chăn đơn 180*220,0.8175876140594482,0.7990261912345886,0.7617778778076172
tang1,产品类别,百洁布,Vải cọ rửa,DUNG,Danh mục sản phẩm,产品类别: 百洁布,Danh mục sản phẩm: Vải cọ rửa,0.5500394105911255,0.6352825164794922,0.31575000286102295
tang1,原料与配料,炒青绿茶,Trà xanh xào,SAI,Nguyên liệu và thành phần,原料与配料: 炒青绿茶,Nguyên liệu và thành phần: Trà xanh xào,0.5657104253768921,0.6409691572189331,0.540639340877533
tang1,适用场景,家用收纳,Lưu trữ tại nhà,DUNG,Dịp sử dụng,适用场景: 家用收纳,Dịp sử dụng: Lưu trữ tại nhà,0.7346888780593872,0.76118403673172,0.5533174276351929
tang1,防水程度,防泼水,防泼水,SAI,Mức độ chống thấm nước,防水程度: 防泼水,Mức độ chống thấm nước: 防泼水,0.9999999403953552,0.9420212507247925,0.7827610969543457
tang1,功能,防泼水,Không thấm nước,SAI,Chức năng,功能: 防泼水,Chức năng: Không thấm nước,0.7007775902748108,0.8031013011932373,0.5260502696037292
tang1,颜色,商务黑,Đen công sở,DUNG,Màu sắc,颜色: 商务黑,Màu sắc: Đen công sở,0.6568681597709656,0.7497437000274658,0.3727343678474426
tang1,尺码,40 标准尺码,40 kích cỡ tiêu chuẩn,DUNG,Kích cỡ,尺码: 40 标准尺码,Kích cỡ: 40 kích cỡ tiêu chuẩn,0.8644248247146606,0.8801886439323425,0.6190516948699951
tang1,颜色,中国红,Đỏ Trung Quốc,DUNG,Màu sắc,颜色: 中国红,Màu sắc: Đỏ Trung Quốc,0.5669720768928528,0.7396027445793152,0.3755159378051758
tang1,颜色,灰黑,Xám đen,DUNG,Màu sắc,颜色: 灰黑,Màu sắc: Xám đen,0.620614767074585,0.7826752066612244,0.4225761592388153
tang1,风格,新中式,Phong cách Tân Trung Hoa,DUNG,Phong cách,风格: 新中式,Phong cách: Phong cách Tân Trung Hoa,0.6272310018539429,0.6889894604682922,0.5634965896606445
tang1,生产日期,新,mới,DUNG,Ngày sản xuất,生产日期: 新,Ngày sản xuất: mới,0.8867018222808838,0.925879180431366,0.504982054233551
tang1,类型,防撞条,Thanh chống va đập,DUNG,Loại,类型: 防撞条,Loại: Thanh chống va đập,0.6423835754394531,0.7259957194328308,0.521954357624054
tang1,产区,闽南乌龙,Ô Long Phúc Kiến Nam,DUNG,Khu vực sản xuất,产区: 闽南乌龙,Khu vực sản xuất: Ô Long Phúc Kiến Nam,0.3923480808734894,0.5889075994491577,0.43064451217651367
tang1,形象,闪电麦坤,Tia chớp McQueen,DUNG,Hình tượng,形象: 闪电麦坤,Hình tượng: Tia chớp McQueen,0.44461730122566223,0.601662278175354,0.5132915377616882
tang1,元素,亲子,Cha mẹ con,DUNG,Yếu tố,元素: 亲子,Yếu tố: Cha mẹ con,0.7549946904182434,0.7035292983055115,0.481346994638443
tang1,图案,萌趣动物,Động vật ngộ nghĩnh,DUNG,Hoa văn,图案: 萌趣动物,Hoa văn: Động vật ngộ nghĩnh,0.7855119705200195,0.7579032182693481,0.41648125648498535
tang1,风格,气质熟女,Nữ trưởng thành khí chất,DUNG,Phong cách,风格: 气质熟女,Phong cách: Nữ trưởng thành khí chất,0.7388049364089966,0.803508460521698,0.6123296022415161
tang1,流行元素,图腾,Vật tổ,DUNG,Yếu tố thịnh hành,流行元素: 图腾,Yếu tố thịnh hành: Vật tổ,0.5166271328926086,0.6206150054931641,0.3598063290119171
tang1,尺码,L建议105-130斤,L khuyến nghị 52.5-65kg,DUNG,Kích cỡ,尺码: L建议105-130斤,Kích cỡ: L khuyến nghị 52.5-65kg,0.8685289621353149,0.8985028266906738,0.5930501818656921
tang1,流行元素,图腾,Tượng đài,SAI,Yếu tố thịnh hành,流行元素: 图腾,Yếu tố thịnh hành: Tượng đài,0.5501344799995422,0.660362958908081,0.38497233390808105
tang1,净含量,散装称重销售,Bán hàng cân số lượng lớn,SAI,Khối lượng tịnh,净含量: 散装称重销售,Khối lượng tịnh: Bán hàng cân số lượng lớn,0.6843745708465576,0.6945853233337402,0.4319511651992798
tang1,净含量（规格）,散装称重,Cân số lượng lớn,SAI,Khối lượng tịnh (quy cách),净含量（规格）: 散装称重,Khối lượng tịnh (quy cách): Cân số lượng lớn,0.6237547993659973,0.6149059534072876,0.4894513487815857
tang1,是否一次性,不支持一次性,Không được hỗ trợ cho sử dụng một lần,SAI,Có dùng một lần không,是否一次性: 不支持一次性,Có dùng một lần không: Không được hỗ trợ cho sử dụng một lần,0.8476659059524536,0.8123606443405151,0.8476659059524536
tang1,开盖方式,抽带,dây rút,DUNG,Cách mở nắp,开盖方式: 抽带,Cách mở nắp: dây rút,0.5965241193771362,0.7548073530197144,0.5783429145812988
tang1,颜色,粉红,Hồng phấn,DUNG,Màu sắc,颜色: 粉红,Màu sắc: Hồng phấn,0.5430364012718201,0.7233713865280151,0.2839646339416504
tang1,款式细节,针织袖,Tay áo dệt kim,DUNG,Chi tiết kiểu dáng,款式细节: 针织袖,Chi tiết kiểu dáng: Tay áo dệt kim,0.603600800037384,0.6957141757011414,0.3289586305618286
tang1,尺码,43 标准尺码,43 kích cỡ tiêu chuẩn,DUNG,Kích cỡ,尺码: 43 标准尺码,Kích cỡ: 43 kích cỡ tiêu chuẩn,0.8524105548858643,0.8836684823036194,0.6110037565231323
tang1,售后服务,店铺三包,Cửa hàng ba gói,SAI,Dịch vụ sau bán hàng,售后服务: 店铺三包,Dịch vụ sau bán hàng: Cửa hàng ba gói,0.7222172021865845,0.7761790156364441,0.6980623006820679
tang1,适用年龄,0-3个月,0-3 tháng,DUNG,Độ tuổi áp dụng,适用年龄: 0-3个月,Độ tuổi áp dụng: 0-3 tháng,0.9833647012710571,0.933620810508728,0.40248966217041016
tang1,刷子颜色,支持定制,Hỗ trợ tùy chỉnh,DUNG,Màu cọ,刷子颜色: 支持定制,Màu cọ: Hỗ trợ tùy chỉnh,0.8066939115524292,0.7898871302604675,0.8066939115524292
tang1,颜色,枫叶红,lá phong đỏ,DUNG,Màu sắc,颜色: 枫叶红,Màu sắc: lá phong đỏ,0.5560486316680908,0.6936683654785156,0.3471599519252777
tang1,生产日期,2026年3月,tháng 3 năm 2026,DUNG,Ngày sản xuất,生产日期: 2026年3月,Ngày sản xuất: tháng 3 năm 2026,0.9351597428321838,0.9140943884849548,0.44363126158714294
tang1,开合方式,滑盖,nắp trượt,DUNG,Cách mở và đóng,开合方式: 滑盖,Cách mở và đóng: nắp trượt,0.5525140166282654,0.7274846434593201,0.5165458917617798
tang1,尺码,S【建议80-100斤】,S [Đề nghị 80-100 kg],SAI,Kích cỡ,尺码: S【建议80-100斤】,Kích cỡ: S [Đề nghị 80-100 kg],0.8486385345458984,0.8656966686248779,0.7222350835800171
tang1,加盟分销门槛,一件代发,Dropship,DUNG,Ngưỡng phân phối nhượng quyền,加盟分销门槛: 一件代发,Ngưỡng phân phối nhượng quyền: Dropship,0.4975924491882324,0.570165753364563,0.9999999403953552
tang1,风格,都市风,Phong cách đô thị,DUNG,Phong cách,风格: 都市风,Phong cách: Phong cách đô thị,0.6413760185241699,0.8013520240783691,0.3861173093318939
tang1,收纳场景,药盒,Hộp thuốc,DUNG,Không gian sử dụng,收纳场景: 药盒,Không gian sử dụng: Hộp thuốc,0.7294249534606934,0.7844352722167969,0.7294249534606934
tang1,形象,Rapunzel乐佩公主/长发公主,Công chúa Rapunzel,DUNG,Hình tượng,形象: Rapunzel乐佩公主/长发公主,Hình tượng: Công chúa Rapunzel,0.6822393536567688,0.7475570440292358,0.367206335067749
tang1,运动系列,板鞋系列,Dòng giày sneaker,DUNG,Dòng sản phẩm thể thao,运动系列: 板鞋系列,Dòng sản phẩm thể thao: Dòng giày sneaker,0.6709848642349243,0.708713710308075,0.4334768056869507
tang1,适用范围,换洗衣物,Thay quần áo,SAI,Phạm vi áp dụng,适用范围: 换洗衣物,Phạm vi áp dụng: Thay quần áo,0.8093012571334839,0.7658505439758301,0.6772341132164001
tang1,尺码,44 标准尺码,44 kích cỡ tiêu chuẩn,DUNG,Kích cỡ,尺码: 44 标准尺码,Kích cỡ: 44 kích cỡ tiêu chuẩn,0.8578572273254395,0.874985933303833,0.6233367919921875
tang1,颜色,商务灰,Xám thương mại,DUNG,Màu sắc,颜色: 商务灰,Màu sắc: Xám thương mại,0.6410182118415833,0.749849259853363,0.4420458972454071
tang1,款式,直筒裙,váy thẳng,DUNG,Kiểu dáng,款式: 直筒裙,Kiểu dáng: váy thẳng,0.6627154350280762,0.7639123201370239,0.4744013547897339
tang1,产品类别,塑料收纳箱,Hộp nhựa đựng đồ,DUNG,Danh mục sản phẩm,产品类别: 塑料收纳箱,Danh mục sản phẩm: Hộp nhựa đựng đồ,0.773887038230896,0.7167141437530518,0.38805443048477173
tang1,颜色分类,透明色,Màu trong suốt,DUNG,Phân loại màu sắc,颜色分类: 透明色,Phân loại màu sắc: Màu trong suốt,0.7718229293823242,0.8044223189353943,0.46165335178375244
tang1,材质功能,抗紫外线,chống tia cực tím,DUNG,Chức năng chất liệu,材质功能: 抗紫外线,Chức năng chất liệu: chống tia cực tím,0.6962490081787109,0.8530784845352173,0.5685950517654419
tang1,颜色,白蓝色,Trắng xanh,DUNG,Màu sắc,颜色: 白蓝色,Màu sắc: Trắng xanh,0.5665487051010132,0.742615818977356,0.42052993178367615
tang1,颜色,彩虹,Cầu vồng,DUNG,Màu sắc,颜色: 彩虹,Màu sắc: Cầu vồng,0.5225391387939453,0.7771757245063782,0.29420390725135803
tang1,分类,汽车挂饰,Treo trang trí ô tô,DUNG,Phân loại,分类: 汽车挂饰,Phân loại: Treo trang trí ô tô,0.713249146938324,0.7468315362930298,0.8148936033248901
tang1,克重,300g(含)-350g(不含),300g (bao gồm)-350g (không bao gồm),DUNG,Trọng lượng,克重: 300g(含)-350g(不含),Trọng lượng: 300g (bao gồm)-350g (không bao gồm),0.9350621104240417,0.8987183570861816,0.8571627140045166
tang1,适合身高,59码,59 yard,SAI,Phù hợp với chiều cao,适合身高: 59码,Phù hợp với chiều cao: 59 yard,0.7706973552703857,0.8932307958602905,0.42037713527679443
tang1,容量,50L-60L（含）,50L-60L (đã bao gồm),DUNG,Dung tích,容量: 50L-60L（含）,Dung tích: 50L-60L (đã bao gồm),0.9495401382446289,0.9221198558807373,0.4482020139694214
tang1,外贸类型,进口,Nhập khẩu,DUNG,Loại hình ngoại thương,外贸类型: 进口,Loại hình ngoại thương: Nhập khẩu,0.8675259947776794,0.8451650142669678,0.8675259947776794
tang1,克重,300g（不含）以下,Dưới 300g (không bao gồm),DUNG,Trọng lượng,克重: 300g（不含）以下,Trọng lượng: Dưới 300g (không bao gồm),0.911644458770752,0.8778746724128723,0.7336077690124512
tang1,膜布材质,天丝,Tencel,DUNG,Chất liệu vải màng,膜布材质: 天丝,Chất liệu vải màng: Tencel,0.43293890357017517,0.6538856029510498,0.43293890357017517
tang1,颜色,沙色,Màu cát,DUNG,Màu sắc,颜色: 沙色,Màu sắc: Màu cát,0.48574283719062805,0.758975625038147,0.47389495372772217
tang1,风格,软妹,Cô gái dịu dàng,DUNG,Phong cách,风格: 软妹,Phong cách: Cô gái dịu dàng,0.5442138314247131,0.7012967467308044,0.3334249258041382
tang1,主面料成分的含量,31%(含)-50%(含),31% (bao gồm)-50% (bao gồm),DUNG,Tỉ lệ thành phần vải chính,主面料成分的含量: 31%(含)-50%(含),Tỉ lệ thành phần vải chính: 31% (bao gồm)-50% (bao gồm),0.9269979000091553,0.8763814568519592,0.9269979000091553
tang1,款式,A字型款,kiểu dáng chữ A,DUNG,Kiểu dáng,款式: A字型款,Kiểu dáng: kiểu dáng chữ A,0.8491278886795044,0.8461816310882568,0.4588698446750641
tang1,容量,20L-30L（含）,20L-30L (đã bao gồm),DUNG,Dung tích,容量: 20L-30L（含）,Dung tích: 20L-30L (đã bao gồm),0.9504665732383728,0.9298028945922852,0.726320207118988
tang1,颜色,黑色带挂件,Màu đen kèm đồ treo,DUNG,Màu sắc,颜色: 黑色带挂件,Màu sắc: Màu đen kèm đồ treo,0.7285895943641663,0.7909358739852905,0.4240298271179199
tang1,尺寸,18寸,18inch,DUNG,Kích thước,尺寸: 18寸,Kích thước: 18inch,0.933164119720459,0.9329478740692139,0.5723283290863037
tang1,材质,木质,gỗ,DUNG,Chất liệu,材质: 木质,Chất liệu: gỗ,0.7324134111404419,0.8696756362915039,0.49206578731536865
tang1,电池类型,软包,Túi mềm,SAI,Loại pin,电池类型: 软包,Loại pin: Túi mềm,0.6196757555007935,0.7686500549316406,0.6196757555007935
tang1,尺码,2XL【建议160-180斤】,2XL [đề nghị 160-180 kg],SAI,Kích cỡ,尺码: 2XL【建议160-180斤】,Kích cỡ: 2XL [đề nghị 160-180 kg],0.8957785964012146,0.88746577501297,0.6211206316947937
tang1,颜色,黑色【230长绒棉】,Màu Đen [bông 230 dài],DUNG,Màu sắc,颜色: 黑色【230长绒棉】,Màu sắc: Màu Đen [bông 230 dài],0.7238574624061584,0.7658562660217285,0.38365936279296875
tang1,品种,夹心饼干,bánh quy sandwich,DUNG,Giống,品种: 夹心饼干,Giống: bánh quy sandwich,0.5371186137199402,0.6747510433197021,0.5045101046562195
tang1,颜色,碳灰金,Vàng xám carbon,DUNG,Màu sắc,颜色: 碳灰金,Màu sắc: Vàng xám carbon,0.6244106292724609,0.7500395774841309,0.27576953172683716
tang1,安装位置,车窗玻璃,Kính cửa sổ ô tô,DUNG,Vị trí lắp đặt,安装位置: 车窗玻璃,Vị trí lắp đặt: Kính cửa sổ ô tô,0.7684366703033447,0.8249101638793945,0.6836752891540527
tang1,风格,法式,tiếng Pháp,SAI,Phong cách,风格: 法式,Phong cách: tiếng Pháp,0.6110435724258423,0.7981783151626587,0.5067384243011475
tang1,适用型号,苹果 14,Táo 14,SAI,Dòng máy tương thích,适用型号: 苹果 14,Dòng máy tương thích: Táo 14,0.5869153738021851,0.7324428558349609,0.5816311836242676
tang1,材质,全新PET,PET hoàn toàn mới,DUNG,Chất liệu,材质: 全新PET,Chất liệu: PET hoàn toàn mới,0.8574677109718323,0.9018129110336304,0.4248688817024231
tang1,颜色,咖啡,cà phê,DUNG,Màu sắc,颜色: 咖啡,Màu sắc: cà phê,0.8357657194137573,0.8807953596115112,0.41940414905548096
tang1,生产日期,最新日期,Ngày mới nhất,DUNG,Ngày sản xuất,生产日期: 最新日期,Ngày sản xuất: Ngày mới nhất,0.8519695997238159,0.8302831649780273,0.724653422832489
tang1,3C配置类别,14岁以下的电玩具,Đồ chơi điện dưới 14 tuổi,DUNG,Danh mục cấu hình 3C,3C配置类别: 14岁以下的电玩具,Danh mục cấu hình 3C: Đồ chơi điện dưới 14 tuổi,0.9595581293106079,0.8757849931716919,0.902456521987915
tang1,产品类型,贴片面膜,mặt nạ vá,SAI,Loại sản phẩm,产品类型: 贴片面膜,Loại sản phẩm: mặt nạ vá,0.5481164455413818,0.7004991769790649,0.3642885386943817
tang1,热卖月份,十二月,Tháng mười hai,DUNG,Tháng bán chạy,热卖月份: 十二月,Tháng bán chạy: Tháng mười hai,0.7484970688819885,0.7820578813552856,0.5762536525726318
tang1,颜色,奶瓶,Bình sữa,DUNG,Màu sắc,颜色: 奶瓶,Màu sắc: Bình sữa,0.6489995718002319,0.7873576283454895,0.4741649627685547
tang1,鞋底材质,发泡橡胶,cao su xốp,DUNG,Chất liệu đế giày,鞋底材质: 发泡橡胶,Chất liệu đế giày: cao su xốp,0.4775449335575104,0.7445250749588013,0.4939407408237457
tang1,耳机类别,入耳式耳机,Tai nghe nhét tai,DUNG,Loại tai nghe,耳机类别: 入耳式耳机,Loại tai nghe: Tai nghe nhét tai,0.6860793828964233,0.722059965133667,0.6895813941955566
tang1,外部材质,麂皮绒,da lộn,DUNG,Chất liệu bên ngoài,外部材质: 麂皮绒,Chất liệu bên ngoài: da lộn,0.3651483952999115,0.7417762875556946,0.3651483952999115
tang1,颜色,曜石黑,Đen đá,DUNG,Màu sắc,颜色: 曜石黑,Màu sắc: Đen đá,0.5687645673751831,0.7335179448127747,0.4064558446407318
tang1,风格,暗黑风,Gió tối đen,SAI,Phong cách,风格: 暗黑风,Phong cách: Gió tối đen,0.7163417339324951,0.8203659057617188,0.3354668617248535
tang1,产品形态,泥膜,màng bùn,SAI,Hình thái sản phẩm,产品形态: 泥膜,Hình thái sản phẩm: màng bùn,0.55644690990448,0.673636794090271,0.55644690990448
tang1,尺寸规格,220*240cm单被套,"Vỏ chăn đơn, kích thước 220 x 240 cm",DUNG,Kích thước,尺寸规格: 220*240cm单被套,"Kích thước: Vỏ chăn đơn, kích thước 220 x 240 cm",0.8108150959014893,0.7959418892860413,0.5666741132736206
tang1,箱包潮流款式,贝壳包,Túi vỏ sò,DUNG,Kiểu túi thời trang,箱包潮流款式: 贝壳包,Kiểu túi thời trang: Túi vỏ sò,0.5344337224960327,0.647836446762085,0.5255204439163208
tang1,风格,电竞游戏,trò chơi thể thao điện tử,DUNG,Phong cách,风格: 电竞游戏,Phong cách: trò chơi thể thao điện tử,0.789467453956604,0.8142741918563843,0.36970365047454834
tang1,适用场景,沙滩,bãi biển,DUNG,Dịp sử dụng,适用场景: 沙滩,Dịp sử dụng: bãi biển,0.8153678774833679,0.8069155216217041,0.5710858106613159
tang1,尺寸规格,单被套180x220cm,Vỏ chăn đơn 180x220cm,DUNG,Kích thước,尺寸规格: 单被套180x220cm,Kích thước: Vỏ chăn đơn 180x220cm,0.8034791946411133,0.7873538732528687,0.6529125571250916
tang1,尺寸规格,1.5m床单款四件套【被套200*230cm】,Bộ chăn ga gối 4 món ga trải giường 1.5m [Vỏ chăn 200*230cm],DUNG,Kích thước,尺寸规格: 1.5m床单款四件套【被套200*230cm】,Kích thước: Bộ chăn ga gối 4 món ga trải giường 1.5m [Vỏ chăn 200*230cm],0.774666965007782,0.7810075283050537,0.6118392944335938
tang1,适用型号,iPhone 17 6.3寸,iPhone 17 6.3inch,DUNG,Dòng máy tương thích,适用型号: iPhone 17 6.3寸,Dòng máy tương thích: iPhone 17 6.3inch,0.9804186820983887,0.9063641428947449,0.7142724990844727
tang1,适用型号,iPhone 17 Pro 6.3寸,iPhone 17 Pro 6.3inch,DUNG,Dòng máy tương thích,适用型号: iPhone 17 Pro 6.3寸,Dòng máy tương thích: iPhone 17 Pro 6.3inch,0.9807834625244141,0.9119852185249329,0.46387770771980286
tang1,容积,详情,Chi tiết,DUNG,Thể tích,容积: 详情,Thể tích: Chi tiết,0.7160796523094177,0.8014501929283142,0.7160796523094177
tang1,适用型号,iPhone 17 Pro max 6.9寸,iPhone 17 Pro tối đa 6.9inch,SAI,Dòng máy tương thích,适用型号: iPhone 17 Pro max 6.9寸,Dòng máy tương thích: iPhone 17 Pro tối đa 6.9inch,0.9283045530319214,0.8580150604248047,0.5358262062072754
tang1,尺寸规格,1.8m床【床笠款四件套】-适合200x230cm被芯,Giường 1.8 m [bộ 4 chiếc kiểu ga trải giường]-phù hợp với vỏ chăn 200x230cm,SAI,Kích thước,尺寸规格: 1.8m床【床笠款四件套】-适合200x230cm被芯,Kích thước: Giường 1.8 m [bộ 4 chiếc kiểu ga trải giường]-phù hợp với vỏ chăn 200x230cm,0.7276622653007507,0.7450095415115356,0.5895372629165649
tang1,颜色,高级灰,Màu xám cao cấp,DUNG,Màu sắc,颜色: 高级灰,Màu sắc: Màu xám cao cấp,0.691886842250824,0.767044186592102,0.4401503801345825
tang1,特色功能,益智,Câu đố,SAI,Tính năng đặc biệt,特色功能: 益智,Tính năng đặc biệt: Câu đố,0.5353431701660156,0.7331900596618652,0.42864054441452026
tang1,箱包大小,MINI/迷你,MINI/Mini,DUNG,Kích thước túi,箱包大小: MINI/迷你,Kích thước túi: MINI/Mini,0.9378061294555664,0.906958281993866,0.9328847527503967
tang1,颜色,草绿色,Màu xanh cỏ,DUNG,Màu sắc,颜色: 草绿色,Màu sắc: Màu xanh cỏ,0.5993576049804688,0.7297870516777039,0.358443945646286
tang1,耳机类别,头戴式耳机,Tai nghe,SAI,Loại tai nghe,耳机类别: 头戴式耳机,Loại tai nghe: Tai nghe,0.6964581608772278,0.7536829710006714,0.6606442332267761
tang1,风格,复古,Cổ điển,DUNG,Phong cách,风格: 复古,Phong cách: Cổ điển,0.6264997720718384,0.7593175172805786,0.5230953693389893
tang1,尺寸规格,单被套200*230cm,Vỏ chăn đơn 200*230cm,DUNG,Kích thước,尺寸规格: 单被套200*230cm,Kích thước: Vỏ chăn đơn 200*230cm,0.8270256519317627,0.7996203899383545,0.4839937090873718
tang1,材质成分,涤纶（聚酯纤维）:100%,Polyester (sợi polyester): 100%,DUNG,Thành phần vật liệu,材质成分: 涤纶（聚酯纤维）:100%,Thành phần vật liệu: Polyester (sợi polyester): 100%,0.8296809196472168,0.8249117136001587,0.6942846179008484
tang1,净含量,25ml*5片,25ml * 5 miếng,DUNG,Khối lượng tịnh,净含量: 25ml*5片,Khối lượng tịnh: 25ml * 5 miếng,0.8929150104522705,0.8558628559112549,0.5429568290710449
tang1,生产日期,见产品包装,Xem bao bì sản phẩm,DUNG,Ngày sản xuất,生产日期: 见产品包装,Ngày sản xuất: Xem bao bì sản phẩm,0.8218445777893066,0.8463809490203857,0.3848855495452881
tang1,适用型号,苹果12promax,Apple 12promax,SAI,Dòng máy tương thích,适用型号: 苹果12promax,Dòng máy tương thích: Apple 12promax,0.9482297301292419,0.8945077657699585,0.5301805734634399
tang1,适用型号,苹果6S,Apple 6S,SAI,Dòng máy tương thích,适用型号: 苹果6S,Dòng máy tương thích: Apple 6S,0.9420086741447449,0.8532096147537231,0.560180127620697
tang1,产品类别,百洁布,Miếng cọ rửa,DUNG,Danh mục sản phẩm,产品类别: 百洁布,Danh mục sản phẩm: Miếng cọ rửa,0.511198878288269,0.607491135597229,0.3245803415775299
tang1,材质,PP材质,Chất liệu PP,DUNG,Chất liệu,材质: PP材质,Chất liệu: Chất liệu PP,0.9126862287521362,0.9178804159164429,0.5396888852119446
tang1,最快出货时间,1（天）,1 (ngày),DUNG,Thời gian giao hàng sớm nhất,最快出货时间: 1（天）,Thời gian giao hàng sớm nhất: 1 (ngày),0.8850945830345154,0.8674126863479614,0.6509750485420227
tang1,产品类别,首饰收纳盒,Hộp đựng trang sức,DUNG,Danh mục sản phẩm,产品类别: 首饰收纳盒,Danh mục sản phẩm: Hộp đựng trang sức,0.7880805730819702,0.7207380533218384,0.4177558720111847
tang1,套装款式,裙套装,Bộ váy,DUNG,Kiểu bộ đồ,套装款式: 裙套装,Kiểu bộ đồ: Bộ váy,0.610877513885498,0.7033116817474365,0.610877513885498
tang1,适用型号,苹果13pro,Apple 13pro,SAI,Dòng máy tương thích,适用型号: 苹果13pro,Dòng máy tương thích: Apple 13pro,0.9440858364105225,0.8668127059936523,0.34218525886535645
tang1,款式细节,螺纹领口,Cổ áo ren,SAI,Chi tiết kiểu dáng,款式细节: 螺纹领口,Chi tiết kiểu dáng: Cổ áo ren,0.522468626499176,0.635306715965271,0.40490055084228516
tang1,级别,三级,Cấp độ 3,DUNG,Cấp độ,级别: 三级,Cấp độ: Cấp độ 3,0.6586095690727234,0.7887169718742371,0.5199939608573914
tang1,颜色,古董白,Trắng cổ,DUNG,Màu sắc,颜色: 古董白,Màu sắc: Trắng cổ,0.5425946116447449,0.7745815515518188,0.5112284421920776
tang1,箱包潮流款式,法棍包,Túi đựng gậy,SAI,Kiểu túi thời trang,箱包潮流款式: 法棍包,Kiểu túi thời trang: Túi đựng gậy,0.5969598889350891,0.6533032655715942,0.45081591606140137
tang1,包装形式,罐装,được đóng hộp,DUNG,Hình thức đóng gói,包装形式: 罐装,Hình thức đóng gói: được đóng hộp,0.6200709342956543,0.7623927593231201,0.59876948595047
tang1,产品类别,碧螺春,Bích Loa Xuân,DUNG,Danh mục sản phẩm,产品类别: 碧螺春,Danh mục sản phẩm: Bích Loa Xuân,0.46080464124679565,0.5959571599960327,0.3302411735057831
tang1,颜色,商务银,Bạc công sở,DUNG,Màu sắc,颜色: 商务银,Màu sắc: Bạc công sở,0.6264954805374146,0.7577981948852539,0.36085769534111023
tang1,类型,裸机,kim loại trần,SAI,Loại,类型: 裸机,Loại: kim loại trần,0.3653191328048706,0.559070348739624,0.42779064178466797
tang1,流行元素,糖果色彩,màu kẹo,DUNG,Yếu tố thịnh hành,流行元素: 糖果色彩,Yếu tố thịnh hành: màu kẹo,0.680640459060669,0.7175390720367432,0.4095868170261383
tang1,外观造型,越野车,Xe địa hình,DUNG,Ngoại hình,外观造型: 越野车,Ngoại hình: Xe địa hình,0.7021185755729675,0.8176931142807007,0.555456280708313
tang1,适用场景,校外培训,Đào tạo ngoài trường,DUNG,Dịp sử dụng,适用场景: 校外培训,Dịp sử dụng: Đào tạo ngoài trường,0.8293715119361877,0.8239845633506775,0.42999380826950073
tang1,颜色,L-9060长方盒9.2*8.5*6CM,Hộp chữ nhật L-9060 9.2*8.5*6CM,DUNG,Màu sắc,颜色: L-9060长方盒9.2*8.5*6CM,Màu sắc: Hộp chữ nhật L-9060 9.2*8.5*6CM,0.8641243577003479,0.8495634198188782,0.3386659324169159
tang1,颜色,白色【230长绒棉】,Màu trắng [230 bông sợi dài],DUNG,Màu sắc,颜色: 白色【230长绒棉】,Màu sắc: Màu trắng [230 bông sợi dài],0.7761938571929932,0.7896124124526978,0.4208890497684479
tang1,风格,禅意,Thiền,DUNG,Phong cách,风格: 禅意,Phong cách: Thiền,0.5679307579994202,0.8091102838516235,0.28185760974884033
tang1,专利及著作权,实用新型,Mẫu thiết kế mới thực tế,SAI,Bằng sáng chế và bản quyền,专利及著作权: 实用新型,Bằng sáng chế và bản quyền: Mẫu thiết kế mới thực tế,0.5728709697723389,0.7354811429977417,0.5041733980178833
tang1,热卖月份,二月,Tháng hai,DUNG,Tháng bán chạy,热卖月份: 二月,Tháng bán chạy: Tháng hai,0.9125487804412842,0.8594704866409302,0.5154603719711304
tang1,图案,3D效果,hiệu ứng 3D,DUNG,Hoa văn,图案: 3D效果,Hoa văn: hiệu ứng 3D,0.9360917806625366,0.8264760375022888,0.4795331358909607
tang1,功能,疲劳驾驶提醒,Nhắc nhở lái xe mệt mỏi,DUNG,Chức năng,功能: 疲劳驾驶提醒,Chức năng: Nhắc nhở lái xe mệt mỏi,0.8810087442398071,0.8915766477584839,0.4019894599914551
tang1,类别,T恤,Áo thun,DUNG,Danh mục,类别: T恤,Danh mục: Áo thun,0.5593518018722534,0.6700537204742432,0.40473318099975586
tang1,成分,绿茶,trà xanh,DUNG,Thành phần,成分: 绿茶,Thành phần: trà xanh,0.6368931531906128,0.7800585031509399,0.32357046008110046
tang1,电源容量,10000毫安,10000mA,SAI,Công suất điện,电源容量: 10000毫安,Công suất điện: 10000mA,0.834269642829895,0.85509192943573,0.8395620584487915
tang1,规格尺寸,标配,Tiêu chuẩn,DUNG,Kích thước thông số kỹ thuật,规格尺寸: 标配,Kích thước thông số kỹ thuật: Tiêu chuẩn,0.6185863018035889,0.7760960459709167,0.4906560182571411
tang1,使用方式,折叠式,Có thể gập lại,DUNG,Cách sử dụng,使用方式: 折叠式,Cách sử dụng: Có thể gập lại,0.6447653770446777,0.7958884239196777,0.5960831046104431
tang1,颜色,卡其绿,Xanh kaki,DUNG,Màu sắc,颜色: 卡其绿,Màu sắc: Xanh kaki,0.4706845283508301,0.7029927372932434,0.38677921891212463
tang1,材质,绒面,da lộn,DUNG,Chất liệu,材质: 绒面,Chất liệu: da lộn,0.4012076258659363,0.6901953220367432,0.4455067813396454
tang1,上市年份季节,2020年春季,Mùa xuân năm 2020,DUNG,Năm/mùa ra mắt,上市年份季节: 2020年春季,Năm/mùa ra mắt: Mùa xuân năm 2020,0.8882817029953003,0.8162794709205627,0.7246339321136475
tang1,产品规格,烟酰胺面膜单片,Mặt nạ nicotinamide nguyên khối,SAI,Quy cách sản phẩm,产品规格: 烟酰胺面膜单片,Quy cách sản phẩm: Mặt nạ nicotinamide nguyên khối,0.5644985437393188,0.6176106333732605,0.4568805694580078
tang1,上市时间,2019年,Năm 2019,DUNG,Thời gian niêm yết,上市时间: 2019年,Thời gian niêm yết: Năm 2019,0.9432251453399658,0.8014642596244812,0.761137068271637
tang1,功能,音乐/发声,Âm nhạc/âm thanh,DUNG,Chức năng,功能: 音乐/发声,Chức năng: Âm nhạc/âm thanh,0.8400815725326538,0.8678312301635742,0.4416738748550415
tang1,皮质特征,磨砂皮,da nubuck,DUNG,Đặc điểm da,皮质特征: 磨砂皮,Đặc điểm da: da nubuck,0.3696818947792053,0.6456072330474854,0.4820345640182495
tang1,适用场景,室内外通用,Dùng được cả trong nhà và ngoài trời,DUNG,Dịp sử dụng,适用场景: 室内外通用,Dịp sử dụng: Dùng được cả trong nhà và ngoài trời,0.6960200667381287,0.8178350925445557,0.44360947608947754
tang1,销售方式,普通销售,普通销售,SAI,销售方式,销售方式: 普通销售,销售方式: 普通销售,1.0,1.0,1.0
tang1,适合场地,跑道,Đường chạy,DUNG,Phù hợp với địa điểm,适合场地: 跑道,Phù hợp với địa điểm: Đường chạy,0.7942641973495483,0.8327486515045166,0.6110553741455078
tang1,颜色,玫红,hoa hồng đỏ,SAI,Màu sắc,颜色: 玫红,Màu sắc: hoa hồng đỏ,0.5111985802650452,0.6521841287612915,0.3841562271118164
tang1,生产日期,见包装喷码,Xem mã đóng gói,DUNG,Ngày sản xuất,生产日期: 见包装喷码,Ngày sản xuất: Xem mã đóng gói,0.647361695766449,0.7763751745223999,0.3652776777744293
tang1,箱包潮流款式,盒子包,túi hộp,DUNG,Kiểu túi thời trang,箱包潮流款式: 盒子包,Kiểu túi thời trang: túi hộp,0.758905291557312,0.7592315673828125,0.6678130626678467
tang1,产品类别,路由器收纳盒,Hộp đựng router,DUNG,Danh mục sản phẩm,产品类别: 路由器收纳盒,Danh mục sản phẩm: Hộp đựng router,0.7875857949256897,0.7242258787155151,0.293720006942749
tang1,承重,150斤,75kg,DUNG,Chịu tải,承重: 150斤,Chịu tải: 75kg,0.7569987773895264,0.8118546009063721,0.7519459128379822
tang1,尺寸规格,1.8m床【床单款四件套】-适合200x230cm被芯,Giường 1.8 m [bộ bốn mảnh mẫu ga trải giường]-phù hợp với lõi chăn 200x230cm,DUNG,Kích thước,尺寸规格: 1.8m床【床单款四件套】-适合200x230cm被芯,Kích thước: Giường 1.8 m [bộ bốn mảnh mẫu ga trải giường]-phù hợp với lõi chăn 200x230cm,0.7912654280662537,0.8021532893180847,0.7487374544143677
tang1,开合方式,可开合仓盖,Nắp ngăn có thể mở và đóng được,DUNG,Cách mở và đóng,开合方式: 可开合仓盖,Cách mở và đóng: Nắp ngăn có thể mở và đóng được,0.7030504941940308,0.7081801295280457,0.579850435256958
tang1,功能,多点连接,Nhiều kết nối,DUNG,Chức năng,功能: 多点连接,Chức năng: Nhiều kết nối,0.7991921901702881,0.8691598176956177,0.40161842107772827
tang1,功效,修饰肤色,Chỉnh sửa màu da,DUNG,Hiệu quả,功效: 修饰肤色,Hiệu quả: Chỉnh sửa màu da,0.7844075560569763,0.7404155731201172,0.5253947973251343
tang1,茶叶生产工艺,生茶,trà thô,SAI,Quy trình sản xuất Chè,茶叶生产工艺: 生茶,Quy trình sản xuất Chè: trà thô,0.6115056276321411,0.6768014430999756,0.6080584526062012
tang1,热卖月份,一月,Tháng 1,DUNG,Tháng bán chạy,热卖月份: 一月,Tháng bán chạy: Tháng 1,0.8813328146934509,0.8643229603767395,0.5935850143432617
tang1,前进方式,回力,Kéo lại,SAI,Cách tiến về phía trước,前进方式: 回力,Cách tiến về phía trước: Kéo lại,0.5098894834518433,0.7207973003387451,0.6667245626449585
tang1,颜色,时尚黑,Đen thời trang,DUNG,Màu sắc,颜色: 时尚黑,Màu sắc: Đen thời trang,0.6727686524391174,0.7567284107208252,0.287000834941864
tang1,工艺,染色,Nhuộm,DUNG,Công nghệ,工艺: 染色,Công nghệ: Nhuộm,0.6603155732154846,0.7970089316368103,0.3679490387439728
tang1,颜色,海鸥灰,màu xám hải âu,DUNG,Màu sắc,颜色: 海鸥灰,Màu sắc: màu xám hải âu,0.4983578622341156,0.651610255241394,0.33249637484550476
tang1,箱包形状,心形,hình trái tim,DUNG,Hình dạng túi,箱包形状: 心形,Hình dạng túi: hình trái tim,0.7199941277503967,0.8156166076660156,0.5739628672599792
tang1,风格,童趣卡通,Phim hoạt hình trẻ thơ,DUNG,Phong cách,风格: 童趣卡通,Phong cách: Phim hoạt hình trẻ thơ,0.7205328345298767,0.80184406042099,0.3670998215675354
tang1,分类类型,车用香薰,Xông hương dùng cho xe,DUNG,Loại phân loại,分类类型: 车用香薰,Loại phân loại: Xông hương dùng cho xe,0.7823846340179443,0.7961465120315552,0.7409992218017578
tang1,颜色,克莱因蓝,Klein xanh lam,DUNG,Màu sắc,颜色: 克莱因蓝,Màu sắc: Klein xanh lam,0.5218454599380493,0.7246371507644653,0.40333932638168335
tang1,产品类别,沙琪玛,Shaqima,DUNG,Danh mục sản phẩm,产品类别: 沙琪玛,Danh mục sản phẩm: Shaqima,0.5430735349655151,0.7175705432891846,0.26810893416404724
tang1,颜色,时尚灰,Xám thời trang,DUNG,Màu sắc,颜色: 时尚灰,Màu sắc: Xám thời trang,0.6061074733734131,0.7220929861068726,0.3373830020427704
tang1,颜色,沙漠金,Vàng sa mạc,DUNG,Màu sắc,颜色: 沙漠金,Màu sắc: Vàng sa mạc,0.6992303729057312,0.7934982776641846,0.3305014669895172
tang1,颜色,孔雀蓝,Xanh lông công,DUNG,Màu sắc,颜色: 孔雀蓝,Màu sắc: Xanh lông công,0.45865753293037415,0.6528388857841492,0.30717504024505615
tang1,尺寸规格,单被套150*200cm,Vỏ chăn đơn 150*200cm,DUNG,Kích thước,尺寸规格: 单被套150*200cm,Kích thước: Vỏ chăn đơn 150*200cm,0.805274486541748,0.7822163701057434,0.532936692237854
tang1,颜色,牛油果绿,bơ xanh,SAI,Màu sắc,颜色: 牛油果绿,Màu sắc: bơ xanh,0.5349229574203491,0.6734494566917419,0.38813918828964233
tang1,颜色,荣耀银,Bạc vinh quang,DUNG,Màu sắc,颜色: 荣耀银,Màu sắc: Bạc vinh quang,0.45318567752838135,0.6384986639022827,0.3441917896270752
tang1,品种,曲奇饼干,Bánh quy,DUNG,Giống,品种: 曲奇饼干,Giống: Bánh quy,0.4690537452697754,0.6353113055229187,0.5073180198669434
tang1,风格,田园风,Phong cách bình dị,DUNG,Phong cách,风格: 田园风,Phong cách: Phong cách bình dị,0.5869737863540649,0.7178966403007507,0.46490609645843506
tang1,制作工艺,手工,Thủ công,DUNG,Quy trình sản xuất,制作工艺: 手工,Quy trình sản xuất: Thủ công,0.7377961874008179,0.8032358884811401,0.45443081855773926
tang1,皮质特征,超纤皮,Da sợi nhỏ,DUNG,Đặc điểm da,皮质特征: 超纤皮,Đặc điểm da: Da sợi nhỏ,0.5497051477432251,0.6721552610397339,0.4985475540161133
tang1,产品类别,滇红,Điện Hồng,SAI,Danh mục sản phẩm,产品类别: 滇红,Danh mục sản phẩm: Điện Hồng,0.3117562532424927,0.5253456830978394,0.26801827549934387
tang1,颜色,纯白色,màu trắng tinh khiết,DUNG,Màu sắc,颜色: 纯白色,Màu sắc: màu trắng tinh khiết,0.7513295412063599,0.7813558578491211,0.4214460253715515
tang1,表面工艺,修面皮,Da mặt đã được chăm sóc,SAI,Công nghệ bề mặt,表面工艺: 修面皮,Công nghệ bề mặt: Da mặt đã được chăm sóc,0.6556746959686279,0.7171989679336548,0.6556746959686279
tang1,腰型,松紧腰,Cạp chun,DUNG,Kiểu eo,腰型: 松紧腰,Kiểu eo: Cạp chun,0.33659130334854126,0.5894556045532227,0.33659130334854126
tang1,流行元素,立体,Ba chiều,DUNG,Yếu tố thịnh hành,流行元素: 立体,Yếu tố thịnh hành: Ba chiều,0.48161476850509644,0.6240712404251099,0.4491303563117981
tang1,颜色,浅咖,Cà phê nhạt,DUNG,Màu sắc,颜色: 浅咖,Màu sắc: Cà phê nhạt,0.5990403890609741,0.7541673183441162,0.49334365129470825
tang1,功能,吸汗,Hút mồ hôi,DUNG,Chức năng,功能: 吸汗,Chức năng: Hút mồ hôi,0.7757493853569031,0.8717027902603149,0.5168676972389221
tang1,尺寸规格,单被套220x240cm,Vỏ chăn đơn 220x240cm,DUNG,Kích thước,尺寸规格: 单被套220x240cm,Kích thước: Vỏ chăn đơn 220x240cm,0.8238882422447205,0.7951240539550781,0.5609939098358154
tang1,包内部结构,相机插袋,Túi cắm máy ảnh,DUNG,Cấu trúc bên trong túi,包内部结构: 相机插袋,Cấu trúc bên trong túi: Túi cắm máy ảnh,0.750565767288208,0.7790576219558716,0.750565767288208
tang1,面料支数,80支,80 miếng,SAI,Chi số sợi vải,面料支数: 80支,Chi số sợi vải: 80 miếng,0.8573464751243591,0.8524764776229858,0.8638635277748108
tang1,功能,多U口输出,Đầu ra đa cổng U,SAI,Chức năng,功能: 多U口输出,Chức năng: Đầu ra đa cổng U,0.7981560826301575,0.8334920406341553,0.41992175579071045
tang1,颜色,时尚银,Bạc thời trang,DUNG,Màu sắc,颜色: 时尚银,Màu sắc: Bạc thời trang,0.6000962853431702,0.7478808164596558,0.4261530637741089
tang1,流行元素,皮带装饰,Trang trí bằng dây đai,DUNG,Yếu tố thịnh hành,流行元素: 皮带装饰,Yếu tố thịnh hành: Trang trí bằng dây đai,0.7373005747795105,0.7717570066452026,0.5298564434051514
tang1,礼盒内容,服装+配件/用品,Phụ kiện/vật tư quần áo,SAI,Nội dung hộp quà,礼盒内容: 服装+配件/用品,Nội dung hộp quà: Phụ kiện/vật tư quần áo,0.8769683241844177,0.8818457126617432,0.8769683241844177
tang1,产品类别,帆布鞋,Giày Vải bạt,DUNG,Danh mục sản phẩm,产品类别: 帆布鞋,Danh mục sản phẩm: Giày Vải bạt,0.6245032548904419,0.651370644569397,0.40627729892730713
tang1,适用场景,约会,ngày,SAI,Dịp sử dụng,适用场景: 约会,Dịp sử dụng: ngày,0.49574747681617737,0.6150496602058411,0.45022326707839966
tang1,滚轮样式,单向轮,Bánh xe một chiều,DUNG,Kiểu bánh xe,滚轮样式: 单向轮,Kiểu bánh xe: Bánh xe một chiều,0.6431550979614258,0.7088986039161682,0.46980488300323486
tang1,原料与配料,红茶,Trà đen,DUNG,Nguyên liệu và thành phần,原料与配料: 红茶,Nguyên liệu và thành phần: Trà đen,0.5878318548202515,0.7230041027069092,0.5031144618988037
tang1,包装,裸装,Không bao bì,DUNG,Đóng gói,包装: 裸装,Đóng gói: Không bao bì,0.5581203103065491,0.7221120595932007,0.505255937576294
tang1,颜色,奶油色,Màu kem,DUNG,Màu sắc,颜色: 奶油色,Màu sắc: Màu kem,0.5623109340667725,0.7400147914886475,0.48148271441459656
tang1,特色功能,动态光效,Hiệu ứng ánh sáng động,DUNG,Tính năng đặc biệt,特色功能: 动态光效,Tính năng đặc biệt: Hiệu ứng ánh sáng động,0.7302138805389404,0.8001520037651062,0.6416237354278564
tang1,功能,流动测速,Đo tốc độ dòng chảy,SAI,Chức năng,功能: 流动测速,Chức năng: Đo tốc độ dòng chảy,0.803385853767395,0.8432817459106445,0.38069772720336914
tang1,食品工艺,冷萃,Chiết lạnh,DUNG,Công nghệ chế biến,食品工艺: 冷萃,Công nghệ chế biến: Chiết lạnh,0.5182389616966248,0.7173078060150146,0.6151257157325745
tang1,适用型号,苹果X/XS,Apple X/XS,SAI,Dòng máy tương thích,适用型号: 苹果X/XS,Dòng máy tương thích: Apple X/XS,0.954196572303772,0.8858944773674011,0.525145411491394
tang1,颜色,时尚白,Trắng thời trang,DUNG,Màu sắc,颜色: 时尚白,Màu sắc: Trắng thời trang,0.6202189326286316,0.7788782715797424,0.4670657813549042
tang1,风格,简约北欧风,Phong cách Bắc Âu tối giản,DUNG,Phong cách,风格: 简约北欧风,Phong cách: Phong cách Bắc Âu tối giản,0.8299283981323242,0.8101184368133545,0.4565039277076721
tang1,口感,清醇甘鲜,Ngọt trong,SAI,Hương vị,口感: 清醇甘鲜,Hương vị: Ngọt trong,0.44680190086364746,0.6938194036483765,0.47927242517471313
tang1,颜色,豆绿,Xanh đậu,DUNG,Màu sắc,颜色: 豆绿,Màu sắc: Xanh đậu,0.510763943195343,0.7317394018173218,0.5193216800689697
tang1,货号,行车记录仪,Camera hành trình,DUNG,Mã sản phẩm,货号: 行车记录仪,Mã sản phẩm: Camera hành trình,0.6861122846603394,0.7200366854667664,0.34050852060317993
tang1,尺寸,36寸,36 inch,DUNG,Kích thước,尺寸: 36寸,Kích thước: 36 inch,0.9344326257705688,0.9352092742919922,0.46775561571121216
tang1,颜色,抹茶绿,Xanh matcha,DUNG,Màu sắc,颜色: 抹茶绿,Màu sắc: Xanh matcha,0.42169246077537537,0.6543715596199036,0.3725525736808777
tang1,规格,请参考详情,Vui lòng tham khảo chi tiết,DUNG,Quy cách,规格: 请参考详情,Quy cách: Vui lòng tham khảo chi tiết,0.860048770904541,0.858664870262146,0.5970553159713745
tang1,功能,sos救生哨,còi cứu sinh sos,DUNG,Chức năng,功能: sos救生哨,Chức năng: còi cứu sinh sos,0.7478390336036682,0.7859219312667847,0.5042548179626465
tang1,适用型号,苹果13pro,Táo 13pro,SAI,Dòng máy tương thích,适用型号: 苹果13pro,Dòng máy tương thích: Táo 13pro,0.7875282168388367,0.7802214622497559,0.49777647852897644
tang1,口感,醇厚鲜爽,Êm dịu tươi mát,DUNG,Hương vị,口感: 醇厚鲜爽,Hương vị: Êm dịu tươi mát,0.6583516597747803,0.7810578346252441,0.7294062376022339
tang1,屏幕尺寸,4.0英寸,4.0inch,DUNG,Kích thước màn hình,屏幕尺寸: 4.0英寸,Kích thước màn hình: 4.0inch,0.9426397085189819,0.9419363737106323,0.9426397085189819
tang1,适合场地,野外,Dã ngoại,DUNG,Phù hợp với địa điểm,适合场地: 野外,Phù hợp với địa điểm: Dã ngoại,0.662883460521698,0.8504228591918945,0.662883460521698
tang1,产品类别,蛋黄酥,Bánh lòng đỏ trứng,DUNG,Danh mục sản phẩm,产品类别: 蛋黄酥,Danh mục sản phẩm: Bánh lòng đỏ trứng,0.5131117105484009,0.5818769335746765,0.337497353553772
tang1,适用场景,野餐,dã ngoại,DUNG,Dịp sử dụng,适用场景: 野餐,Dịp sử dụng: dã ngoại,0.7551150321960449,0.7474086284637451,0.431739866733551
tang1,颜色,米黑,Mễ Hắc,SAI,Màu sắc,颜色: 米黑,Màu sắc: Mễ Hắc,0.41805535554885864,0.6841684579849243,0.37547439336776733
tang1,风格,萌宠,Thú cưng dễ thương,DUNG,Phong cách,风格: 萌宠,Phong cách: Thú cưng dễ thương,0.6379257440567017,0.8184196949005127,0.40197432041168213
tang1,尺码,M【建议110-130斤】,M [đề nghị 110-130 kg],SAI,Kích cỡ,尺码: M【建议110-130斤】,Kích cỡ: M [đề nghị 110-130 kg],0.8348121643066406,0.8455703258514404,0.4706237316131592
tang1,材质,灯芯绒,vải nhung,SAI,Chất liệu,材质: 灯芯绒,Chất liệu: vải nhung,0.47868654131889343,0.6673506498336792,0.402860164642334
tang1,材质,针织布,vải dệt kim,DUNG,Chất liệu,材质: 针织布,Chất liệu: vải dệt kim,0.6087139248847961,0.7626752853393555,0.44422683119773865
tang1,颜色,灰白,Xám trắng,DUNG,Màu sắc,颜色: 灰白,Màu sắc: Xám trắng,0.6555644869804382,0.7592195272445679,0.5790752172470093
tang1,类型,无线遥控,Điều khiển từ xa không dây,DUNG,Loại,类型: 无线遥控,Loại: Điều khiển từ xa không dây,0.7250397205352783,0.7574535012245178,0.45187050104141235
tang1,图案,其他/other,Khác/khác,DUNG,Hoa văn,图案: 其他/other,Hoa văn: Khác/khác,0.8458754420280457,0.7627213597297668,0.5557697415351868
tang1,款式细节,针织袖,tay áo dệt kim,DUNG,Chi tiết kiểu dáng,款式细节: 针织袖,Chi tiết kiểu dáng: tay áo dệt kim,0.5946887135505676,0.7081657648086548,0.5946887135505676
tang1,拖鞋种类,一字拖,Dép quai ngang,DUNG,Các loại dép,拖鞋种类: 一字拖,Các loại dép: Dép quai ngang,0.40192216634750366,0.6030102968215942,0.40192216634750366
tang1,净度,干净,sạch sẽ,DUNG,Độ sạch,净度: 干净,Độ sạch: sạch sẽ,0.8815577030181885,0.8853589296340942,0.6867451667785645
tang1,生产日期,2026年3月份-2026年12月份,Tháng 3 năm 2026-12 năm 2026,DUNG,Ngày sản xuất,生产日期: 2026年3月份-2026年12月份,Ngày sản xuất: Tháng 3 năm 2026-12 năm 2026,0.887967586517334,0.8802378177642822,0.4584525227546692
tang1,产品类别,抽屉收纳盒,hộp đựng ngăn kéo,DUNG,Danh mục sản phẩm,产品类别: 抽屉收纳盒,Danh mục sản phẩm: hộp đựng ngăn kéo,0.7182968258857727,0.6777523756027222,0.4322310984134674
tang1,颜色,大象灰,Xám voi,DUNG,Màu sắc,颜色: 大象灰,Màu sắc: Xám voi,0.3341645896434784,0.6203079223632812,0.35622864961624146
tang1,适用型号,苹果15plus,Táo 15plus,SAI,Dòng máy tương thích,适用型号: 苹果15plus,Dòng máy tương thích: Táo 15plus,0.7932831048965454,0.7869065403938293,0.5003655552864075
tang1,颜色,钛灰色,Màu xám titan,DUNG,Màu sắc,颜色: 钛灰色,Màu sắc: Màu xám titan,0.46679478883743286,0.6566914319992065,0.3893160820007324
tang1,适用范围,圣诞树收纳,Cây thông Noel cất giữ,SAI,Phạm vi áp dụng,适用范围: 圣诞树收纳,Phạm vi áp dụng: Cây thông Noel cất giữ,0.7973877191543579,0.8233299851417542,0.38767915964126587
tang1,适用部位,出风口,Cửa thoát khí,SAI,Các bộ phận áp dụng,适用部位: 出风口,Các bộ phận áp dụng: Cửa thoát khí,0.5819564461708069,0.7035195827484131,0.5819564461708069
tang1,颜色,薰衣草,hoa oải hương,DUNG,Màu sắc,颜色: 薰衣草,Màu sắc: hoa oải hương,0.6026915311813354,0.7721349000930786,0.3622971773147583
tang1,适用位置,仪表台,Bảng điều khiển,DUNG,Vị trí áp dụng,适用位置: 仪表台,Vị trí áp dụng: Bảng điều khiển,0.6726483106613159,0.7604811787605286,0.6726483106613159
tang1,颜色,灰白色,Màu xám trắng,DUNG,Màu sắc,颜色: 灰白色,Màu sắc: Màu xám trắng,0.6814069747924805,0.7556407451629639,0.4476092457771301
tang1,产品类别,薯片,Khoai tây chiên,DUNG,Danh mục sản phẩm,产品类别: 薯片,Danh mục sản phẩm: Khoai tây chiên,0.4230193495750427,0.5675743818283081,0.448885440826416
tang1,颜色,粉色大号,Màu hồng cỡ lớn,DUNG,Màu sắc,颜色: 粉色大号,Màu sắc: Màu hồng cỡ lớn,0.7377952933311462,0.7751054763793945,0.5234222412109375
tang1,产品类别,钢丝球,Bùi nhùi thép,DUNG,Danh mục sản phẩm,产品类别: 钢丝球,Danh mục sản phẩm: Bùi nhùi thép,0.4986291229724884,0.5716809034347534,0.4040333032608032
tang1,3C配置类别,14岁以下的电玩具,Đồ chơi điện cho trẻ dưới 14 tuổi,DUNG,Danh mục cấu hình 3C,3C配置类别: 14岁以下的电玩具,Danh mục cấu hình 3C: Đồ chơi điện cho trẻ dưới 14 tuổi,0.9307008981704712,0.8573524355888367,0.7746285200119019
tang1,尺寸规格,1.5m床笠款四件套被套180*220,"Bộ ga trải giường kích thước 1.5m, gồm bốn món, vỏ chăn kích thước 180*220",DUNG,Kích thước,尺寸规格: 1.5m床笠款四件套被套180*220,"Kích thước: Bộ ga trải giường kích thước 1.5m, gồm bốn món, vỏ chăn kích thước 180*220",0.7120926976203918,0.7275476455688477,0.5888530015945435
tang1,颜色,大红,Đỏ tươi,DUNG,Màu sắc,颜色: 大红,Màu sắc: Đỏ tươi,0.49549081921577454,0.7061398029327393,0.3758384585380554
tang1,适用型号,苹果14plus,Apple 14plus,SAI,Dòng máy tương thích,适用型号: 苹果14plus,Dòng máy tương thích: Apple 14plus,0.9274133443832397,0.8699851036071777,0.49887046217918396
tang1,类型,仿真医生玩具,Đồ chơi bác sĩ mô phỏng,DUNG,Loại,类型: 仿真医生玩具,Loại: Đồ chơi bác sĩ mô phỏng,0.8600848913192749,0.8690427541732788,0.3889463543891907
tang1,风格,气质熟女,"Phụ nữ trưởng thành, khí chất",DUNG,Phong cách,风格: 气质熟女,"Phong cách: Phụ nữ trưởng thành, khí chất",0.7606574296951294,0.8141972422599792,0.4545096755027771
tang1,加工方式,贴牌加工,Gia công OEM,DUNG,Hình thức gia công,加工方式: 贴牌加工,Hình thức gia công: Gia công OEM,0.6032710075378418,0.7339286804199219,0.5824969410896301
tang1,填充物,合成纤维,Sợi tổng hợp,DUNG,Chất độn,填充物: 合成纤维,Chất độn: Sợi tổng hợp,0.6336309909820557,0.6890494227409363,0.3850082755088806
tang1,风格,文艺国风,Văn nghệ phong cách dân tộc,DUNG,Phong cách,风格: 文艺国风,Phong cách: Văn nghệ phong cách dân tộc,0.5294055938720703,0.6518445014953613,0.3724803328514099
tang1,电池类型,锂离子电池,Pin lithium-ion,DUNG,Loại pin,电池类型: 锂离子电池,Loại pin: Pin lithium-ion,0.4738623797893524,0.6654860973358154,0.41935020685195923
tang1,功效,变色,sự đổi màu,DUNG,Hiệu quả,功效: 变色,Hiệu quả: sự đổi màu,0.8295984864234924,0.788311243057251,0.6348772644996643
tang1,适用范围,文件,tập tin,SAI,Phạm vi áp dụng,适用范围: 文件,Phạm vi áp dụng: tập tin,0.7981150150299072,0.8583589792251587,0.5062055587768555
tang1,主面料成分2含量,30%（不含）-50%（含）,30% (không bao gồm)-50% (bao gồm),DUNG,Tỉ lệ thành phần vải chính 2,主面料成分2含量: 30%（不含）-50%（含）,Tỉ lệ thành phần vải chính 2: 30% (không bao gồm)-50% (bao gồm),0.9180599451065063,0.8776799440383911,0.9180599451065063
tang1,形状,散茶,Trà rời,DUNG,Hình dạng,形状: 散茶,Hình dạng: Trà rời,0.6008517146110535,0.7719683647155762,0.38168492913246155
tang1,特妆产品名称,肤研美白祛斑面膜,Mặt nạ làm trắng da và xóa tàn nhang,DUNG,Tên sản phẩm mỹ phẩm công dụng đặc biệt,特妆产品名称: 肤研美白祛斑面膜,Tên sản phẩm mỹ phẩm công dụng đặc biệt: Mặt nạ làm trắng da và xóa tàn nhang,0.6309038400650024,0.7122679948806763,0.6139655709266663
tang1,特妆产品名称,肤研美白祛斑面膜,Mặt nạ làm trắng da và tàn nhang,SAI,Tên sản phẩm mỹ phẩm công dụng đặc biệt,特妆产品名称: 肤研美白祛斑面膜,Tên sản phẩm mỹ phẩm công dụng đặc biệt: Mặt nạ làm trắng da và tàn nhang,0.6139655709266663,0.7002532482147217,0.5147165060043335
tang1,类别,长袖T恤,áo thun dài tay,DUNG,Danh mục,类别: 长袖T恤,Danh mục: áo thun dài tay,0.7154955267906189,0.701478123664856,0.5069625377655029
tang1,颜色,砖红色,Màu đỏ gạch,DUNG,Màu sắc,颜色: 砖红色,Màu sắc: Màu đỏ gạch,0.694790780544281,0.7303594946861267,0.32141315937042236
tang1,图案,抽象画,Tranh trừu tượng,DUNG,Hoa văn,图案: 抽象画,Hoa văn: Tranh trừu tượng,0.6486787796020508,0.6451894044876099,0.5201401114463806
tang1,化妆品功效,祛痘,mụn trứng cá,SAI,Công dụng mỹ phẩm,化妆品功效: 祛痘,Công dụng mỹ phẩm: mụn trứng cá,0.6326487064361572,0.7851646542549133,0.7650869488716125
tang1,颜色,灰蓝色,Màu xanh xám,DUNG,Màu sắc,颜色: 灰蓝色,Màu sắc: Màu xanh xám,0.6199883818626404,0.722987174987793,0.42484980821609497
tang1,形象,闪电,tia sét,DUNG,Hình tượng,形象: 闪电,Hình tượng: tia sét,0.3863174319267273,0.6638620495796204,0.3863174319267273
tang1,穿着方式,侧拉链,Khóa kéo bên hông,DUNG,Cách mặc,穿着方式: 侧拉链,Cách mặc: Khóa kéo bên hông,0.6572368144989014,0.7846750020980835,0.44545525312423706
tang1,使用场景,换季维稳,Ổn định theo mùa,SAI,Tình huống sử dụng,使用场景: 换季维稳,Tình huống sử dụng: Ổn định theo mùa,0.7442053556442261,0.8065032958984375,0.3716549873352051
tang1,适合场地,公路,Đường cao tốc,SAI,Phù hợp với địa điểm,适合场地: 公路,Phù hợp với địa điểm: Đường cao tốc,0.7004132270812988,0.8264723420143127,0.45813244581222534
tang1,尺寸规格,【床单款】2.2四件套-被套220x240,[Bộ ga trải giường]Bộ 4 món 2.2 - Vỏ chăn 220x240,DUNG,Kích thước,尺寸规格: 【床单款】2.2四件套-被套220x240,Kích thước: [Bộ ga trải giường]Bộ 4 món 2.2 - Vỏ chăn 220x240,0.7540918588638306,0.7620154619216919,0.6507049798965454
tang1,收纳场景,民宿,Nhà nghỉ,DUNG,Không gian sử dụng,收纳场景: 民宿,Không gian sử dụng: Nhà nghỉ,0.7198565006256104,0.6807501316070557,0.5304863452911377
tang1,地理标志产品证书编号,闽知公告〔2021〕2号,Thông báo Minzhi [2021] Số 2,DUNG,Số giấy chứng nhận sản phẩm chỉ dẫn địa lý,地理标志产品证书编号: 闽知公告〔2021〕2号,Số giấy chứng nhận sản phẩm chỉ dẫn địa lý: Thông báo Minzhi [2021] Số 2,0.638696551322937,0.7270247936248779,0.638696551322937
tang1,规格类型,5米,5m,DUNG,Loại quy cách,规格类型: 5米,Loại quy cách: 5m,0.9630357623100281,0.8751364946365356,0.5264875888824463
tang1,传输范围,5米,5 mét,DUNG,Phạm vi truyền tải,传输范围: 5米,Phạm vi truyền tải: 5 mét,0.9525036811828613,0.9173399209976196,0.9525036811828613
tang1,织造工艺,平纹,dệt trơn,DUNG,Công nghệ dệt,织造工艺: 平纹,Công nghệ dệt: dệt trơn,0.48972994089126587,0.6512046456336975,0.46822670102119446
tang1,颜色,商务白,Trắng thương mại,DUNG,Màu sắc,颜色: 商务白,Màu sắc: Trắng thương mại,0.6547068357467651,0.8171562552452087,0.3849775195121765
tang1,使用方式,挂脖式,Phong cách dây,SAI,Cách sử dụng,使用方式: 挂脖式,Cách sử dụng: Phong cách dây,0.6060956716537476,0.7446514368057251,0.507717490196228
tang1,颜色,黑色小号,kèn đen,SAI,Màu sắc,颜色: 黑色小号,Màu sắc: kèn đen,0.5269342660903931,0.6887178421020508,0.42470115423202515
tang1,颜色,耀石黑,Đen đá,DUNG,Màu sắc,颜色: 耀石黑,Màu sắc: Đen đá,0.45029741525650024,0.7001103162765503,0.35932302474975586
tang1,颜色,黑色【230长绒棉】,Màu đen [230 bông sợi dài],DUNG,Màu sắc,颜色: 黑色【230长绒棉】,Màu sắc: Màu đen [230 bông sợi dài],0.787441611289978,0.8011517524719238,0.3550085723400116
tang1,功能,可伸缩,Có thể kéo dài,DUNG,Chức năng,功能: 可伸缩,Chức năng: Có thể kéo dài,0.646479070186615,0.7887074947357178,0.5403105616569519
tang1,数据存储时间,每10分钟1G,1G mỗi 10 phút,DUNG,Thời gian lưu trữ dữ liệu,数据存储时间: 每10分钟1G,Thời gian lưu trữ dữ liệu: 1G mỗi 10 phút,0.9675885438919067,0.9470190405845642,0.9675885438919067
tang1,防水程度,防泼水,Chống nước,SAI,Mức độ chống thấm nước,防水程度: 防泼水,Mức độ chống thấm nước: Chống nước,0.7827610969543457,0.8269417881965637,0.4012777805328369
tang1,产品类别,工装鞋,Giày trang phục công sở,SAI,Danh mục sản phẩm,产品类别: 工装鞋,Danh mục sản phẩm: Giày trang phục công sở,0.7022372484207153,0.6904941201210022,0.3718137741088867
tang1,颜色,黑白,đen và trắng,DUNG,Màu sắc,颜色: 黑白,Màu sắc: đen và trắng,0.7848544716835022,0.8436644673347473,0.45112061500549316
tang1,产品类别,正山小种,Lapsang souchong,DUNG,Danh mục sản phẩm,产品类别: 正山小种,Danh mục sản phẩm: Lapsang souchong,0.30349814891815186,0.5059508085250854,0.3586232662200928
tang1,颜色,牛油果绿,Xanh bơ,DUNG,Màu sắc,颜色: 牛油果绿,Màu sắc: Xanh bơ,0.5283628702163696,0.6962038278579712,0.39662832021713257
tang1,尺码,4XL建议205-220斤,4XL đề nghị 102.5-110kg,DUNG,Kích cỡ,尺码: 4XL建议205-220斤,Kích cỡ: 4XL đề nghị 102.5-110kg,0.864209771156311,0.8993016481399536,0.40511447191238403
tang1,产品类别,工装鞋,giày đi làm,SAI,Danh mục sản phẩm,产品类别: 工装鞋,Danh mục sản phẩm: giày đi làm,0.7726304531097412,0.6925510168075562,0.5386770963668823
tang1,尺寸规格,220*240cm【单被套】,220*240cm [vỏ chăn đơn],DUNG,Kích thước,尺寸规格: 220*240cm【单被套】,Kích thước: 220*240cm [vỏ chăn đơn],0.8570626974105835,0.8419562578201294,0.6121578812599182
tang1,产品类别,洗碗巾,Khăn lau bát đĩa,DUNG,Danh mục sản phẩm,产品类别: 洗碗巾,Danh mục sản phẩm: Khăn lau bát đĩa,0.6916401982307434,0.6475741863250732,0.4085765480995178
tang1,材质,真丝,lụa,DUNG,Chất liệu,材质: 真丝,Chất liệu: lụa,0.43376725912094116,0.7382708787918091,0.43376725912094116
tang1,置物用品类型,置物箱,hộp lưu trữ,DUNG,Loại đồ dùng,置物用品类型: 置物箱,Loại đồ dùng: hộp lưu trữ,0.6885803937911987,0.7164760828018188,0.658119797706604
tang1,尺寸规格,220*240单被套,Vỏ chăn đơn 220*240,DUNG,Kích thước,尺寸规格: 220*240单被套,Kích thước: Vỏ chăn đơn 220*240,0.829807460308075,0.8082163333892822,0.7380379438400269
tang1,原料与配料,鲜茶叶,Trà tươi,DUNG,Nguyên liệu và thành phần,原料与配料: 鲜茶叶,Nguyên liệu và thành phần: Trà tươi,0.7335549592971802,0.8158344030380249,0.7372449636459351
tang1,功能,保鲜,Bảo quản tươi,DUNG,Chức năng,功能: 保鲜,Chức năng: Bảo quản tươi,0.707024097442627,0.8274192214012146,0.3866661787033081
tang1,传输速率,高速,Tốc độ cao,DUNG,Tốc độ truyền,传输速率: 高速,Tốc độ truyền: Tốc độ cao,0.7359398603439331,0.8634102940559387,0.455035924911499
tang1,芯片类型,高通,Qualcomm,DUNG,Loại chip,芯片类型: 高通,Loại chip: Qualcomm,0.5813997387886047,0.7637614011764526,0.5813997387886047
tang1,功能,限速标志提醒,Dấu hiệu giới hạn tốc độ nhắc nhở,SAI,Chức năng,功能: 限速标志提醒,Chức năng: Dấu hiệu giới hạn tốc độ nhắc nhở,0.8890051245689392,0.8876807689666748,0.42849066853523254
tang1,主面料成分2,粘胶纤维,Sợi viscose,DUNG,Thành phần vải chính 2,主面料成分2: 粘胶纤维,Thành phần vải chính 2: Sợi viscose,0.5521911382675171,0.7657060623168945,0.3628239035606384
tang1,风格,公主,công chúa,DUNG,Phong cách,风格: 公主,Phong cách: công chúa,0.7034934163093567,0.8424437642097473,0.3658342957496643
tang1,成分,烟酰胺,Niacinamide,DUNG,Thành phần,成分: 烟酰胺,Thành phần: Niacinamide,0.4411102533340454,0.6918458342552185,0.38670986890792847
tang1,尺寸规格,1.5m床【床单款四件套】-适合200x230cm被芯,Giường 1.5 m [bộ 4 chiếc kiểu ga trải giường]-phù hợp với lõi chăn 200x230cm,DUNG,Kích thước,尺寸规格: 1.5m床【床单款四件套】-适合200x230cm被芯,Kích thước: Giường 1.5 m [bộ 4 chiếc kiểu ga trải giường]-phù hợp với lõi chăn 200x230cm,0.7766858339309692,0.7857193946838379,0.6795839071273804
tang1,适用学龄,高中,trường trung học,DUNG,Thích hợp tuổi đi học,适用学龄: 高中,Thích hợp tuổi đi học: trường trung học,0.7167969942092896,0.7694462537765503,0.6112114191055298
tang1,采摘时间,雨前,Trước cơn mưa,SAI,Thời gian hái,采摘时间: 雨前,Thời gian hái: Trước cơn mưa,0.9329015016555786,0.8758018612861633,0.7822198867797852
tang1,主面料成分,粘胶纤维（粘纤）,Sợi viscose (sợi viscose),DUNG,Thành phần vải chính,主面料成分: 粘胶纤维（粘纤）,Thành phần vải chính: Sợi viscose (sợi viscose),0.5658104419708252,0.7349389791488647,0.5071712136268616
tang1,面料名称,雪纺,Voan,DUNG,Tên vải,面料名称: 雪纺,Tên vải: Voan,0.3225077986717224,0.6375105381011963,0.3085363805294037
tang1,花型,驼色,Màu lạc đà,DUNG,Hoa văn,花型: 驼色,Hoa văn: Màu lạc đà,0.5773121118545532,0.5788503289222717,0.33923768997192383
tang1,颜色,驼色,Màu camel,DUNG,Màu sắc,颜色: 驼色,Màu sắc: Màu camel,0.542272686958313,0.7514848709106445,0.441161572933197
tang1,适用型号,苹果6,iPhone 6,DUNG,Dòng máy tương thích,适用型号: 苹果6,Dòng máy tương thích: iPhone 6,0.8725104331970215,0.8264010548591614,0.5143404603004456
tang1,尺码,3XL【建议180-200斤】,3XL [đề nghị 180-200 kg],SAI,Kích cỡ,尺码: 3XL【建议180-200斤】,Kích cỡ: 3XL [đề nghị 180-200 kg],0.9024540185928345,0.8941423892974854,0.7219224572181702
tang1,颜色,雾蓝,Xanh lam sương mù,DUNG,Màu sắc,颜色: 雾蓝,Màu sắc: Xanh lam sương mù,0.5236095190048218,0.7136617302894592,0.5133805274963379
tang1,口径形状,大圆孔,Lỗ tròn lớn,DUNG,Hình dạng cỡ nòng,口径形状: 大圆孔,Hình dạng cỡ nòng: Lỗ tròn lớn,0.6932343244552612,0.7920948266983032,0.5363019704818726
tang1,尺寸规格,单被套180*220cm,Vỏ chăn đơn 180*220cm,DUNG,Kích thước,尺寸规格: 单被套180*220cm,Kích thước: Vỏ chăn đơn 180*220cm,0.8074957132339478,0.7913515567779541,0.6279886960983276
tang1,尺寸规格,1.8m床【床单款四件套】-适合200x230cm被芯,Giường 1.8m [bộ ga trải giường gồm 4 mảnh] - phù hợp với lõi chăn 200x230cm,DUNG,Kích thước,尺寸规格: 1.8m床【床单款四件套】-适合200x230cm被芯,Kích thước: Giường 1.8m [bộ ga trải giường gồm 4 mảnh] - phù hợp với lõi chăn 200x230cm,0.7910293936729431,0.7968212366104126,0.6298053860664368
tang1,风格,都市风,phong cách thành thị,DUNG,Phong cách,风格: 都市风,Phong cách: phong cách thành thị,0.6528249382972717,0.8221412897109985,0.49530160427093506
tang1,风格,中性风,Phong cách trung tính,DUNG,Phong cách,风格: 中性风,Phong cách: Phong cách trung tính,0.6058952808380127,0.8352848887443542,0.409021258354187
tang1,款式,床裙式,Kiểu váy giường,DUNG,Kiểu dáng,款式: 床裙式,Kiểu dáng: Kiểu váy giường,0.7006789445877075,0.7802332639694214,0.3877173364162445
tang1,耳塞/耳罩材质,液态硅胶,Silicon lỏng,DUNG,Chất liệu nút tai/bịt tai,耳塞/耳罩材质: 液态硅胶,Chất liệu nút tai/bịt tai: Silicon lỏng,0.6343479156494141,0.7525331974029541,0.6343479156494141
tang1,材质,皮膜,màng,DUNG,Chất liệu,材质: 皮膜,Chất liệu: màng,0.4866270422935486,0.7356191873550415,0.3456869125366211
tang1,颜色,深蓝,Xanh lam đậm,DUNG,Màu sắc,颜色: 深蓝,Màu sắc: Xanh lam đậm,0.5827943086624146,0.7459846138954163,0.34846270084381104
tang1,风格,街头风,phong cách đường phố,DUNG,Phong cách,风格: 街头风,Phong cách: phong cách đường phố,0.7326123714447021,0.8498825430870056,0.5253794193267822
tang1,产品类别,抹布,Khăn lau,DUNG,Danh mục sản phẩm,产品类别: 抹布,Danh mục sản phẩm: Khăn lau,0.402794748544693,0.6255420446395874,0.5385464429855347
tang1,颜色,032空盒19.8*11.8*5.5CM,032 hộp rỗng 19.8*11.8*5.5CM,DUNG,Màu sắc,颜色: 032空盒19.8*11.8*5.5CM,Màu sắc: 032 hộp rỗng 19.8*11.8*5.5CM,0.8829070925712585,0.8797954320907593,0.3935835361480713
tang1,皮质特征,修面皮,Cạo da,SAI,Đặc điểm da,皮质特征: 修面皮,Đặc điểm da: Cạo da,0.5650702714920044,0.6716817617416382,0.5650702714920044
tang1,保质期,150天,150 ngày,DUNG,Thời hạn sử dụng,保质期: 150天,Thời hạn sử dụng: 150 ngày,0.978105902671814,0.9132968187332153,0.6123931407928467
tang1,图案,星空,Bầu trời sao,DUNG,Hoa văn,图案: 星空,Hoa văn: Bầu trời sao,0.6993900537490845,0.7286822199821472,0.44916534423828125
tang1,包内部结构,相机插袋,Túi Cắm máy ảnh,DUNG,Cấu trúc bên trong túi,包内部结构: 相机插袋,Cấu trúc bên trong túi: Túi Cắm máy ảnh,0.7001533508300781,0.7699830532073975,0.7499521374702454
tang1,皮质特征,修面,Mặt cắt,SAI,Đặc điểm da,皮质特征: 修面,Đặc điểm da: Mặt cắt,0.5508435368537903,0.7172383069992065,0.40728023648262024
tang1,流行靴款,时装靴,Giày bốt thời trang,DUNG,Giày bốt phổ biến,流行靴款: 时装靴,Giày bốt phổ biến: Giày bốt thời trang,0.7074158787727356,0.7022533416748047,0.7074158787727356
tang1,颜色,时尚黑拉链款,Kiểu dáng khóa kéo màu đen thời trang,DUNG,Màu sắc,颜色: 时尚黑拉链款,Màu sắc: Kiểu dáng khóa kéo màu đen thời trang,0.7350447177886963,0.7735824584960938,0.4701594114303589
tang1,风格,唯美,Thẩm mỹ,DUNG,Phong cách,风格: 唯美,Phong cách: Thẩm mỹ,0.5165494680404663,0.7104188799858093,0.42251136898994446
tang1,专利类型,外观专利,Bằng sáng chế kiểu dáng công nghiệp,DUNG,Loại bằng sáng chế,专利类型: 外观专利,Loại bằng sáng chế: Bằng sáng chế kiểu dáng công nghiệp,0.6443315744400024,0.7181553840637207,0.7974210977554321
tang1,风格,时尚风,Phong cách thời trang,DUNG,Phong cách,风格: 时尚风,Phong cách: Phong cách thời trang,0.6912844777107239,0.7934520840644836,0.41309478878974915
tang1,颜色,时尚银拉链款,Kiểu khóa kéo bạc thời trang,DUNG,Màu sắc,颜色: 时尚银拉链款,Màu sắc: Kiểu khóa kéo bạc thời trang,0.6789646148681641,0.7518908977508545,0.37686294317245483
tang1,颜色,USB水杯架【浪漫粉】隔层内置,Giá đỡ cốc nước USB [màu hồng lãng mạn] có ngăn tích hợp,DUNG,Màu sắc,颜色: USB水杯架【浪漫粉】隔层内置,Màu sắc: Giá đỡ cốc nước USB [màu hồng lãng mạn] có ngăn tích hợp,0.6919836401939392,0.7025786638259888,0.41777199506759644
tang1,印花主题,动物图案,in hình động vật,DUNG,Chủ đề hình in,印花主题: 动物图案,Chủ đề hình in: in hình động vật,0.7736101150512695,0.8275507688522339,0.43813270330429077
tang1,领型,一字领,Cổ chữ I,SAI,Kiểu cổ áo,领型: 一字领,Kiểu cổ áo: Cổ chữ I,0.606334924697876,0.7080250382423401,0.5069513320922852
tang1,颜色,浅粉,Hồng nhạt,DUNG,Màu sắc,颜色: 浅粉,Màu sắc: Hồng nhạt,0.5533164739608765,0.7516223192214966,0.40795010328292847
tang1,颜色,时尚白拉链款,Kiểu dáng khóa kéo màu trắng thời trang,DUNG,Màu sắc,颜色: 时尚白拉链款,Màu sắc: Kiểu dáng khóa kéo màu trắng thời trang,0.7093257904052734,0.7575541734695435,0.5640944242477417
tang1,颜色,时尚灰拉链款,Kiểu khóa kéo màu xám thời trang,DUNG,Màu sắc,颜色: 时尚灰拉链款,Màu sắc: Kiểu khóa kéo màu xám thời trang,0.634265661239624,0.701595664024353,0.44026267528533936
tang1,尺寸规格,1.8m床单款四件套,Bộ ga trải giường 4 món 1.8m,DUNG,Kích thước,尺寸规格: 1.8m床单款四件套,Kích thước: Bộ ga trải giường 4 món 1.8m,0.8223769664764404,0.7857023477554321,0.6235828995704651
tang1,颜色,时尚单箱【白+黑】简易内置,Hộp đơn thời trang [trắng + đen] tích hợp đơn giản,SAI,Màu sắc,颜色: 时尚单箱【白+黑】简易内置,Màu sắc: Hộp đơn thời trang [trắng + đen] tích hợp đơn giản,0.7745072245597839,0.7786721587181091,0.4772416949272156
tang1,适合身高,80cm-120cm/1手5件,80cm-120cm/1 tay 5 miếng,SAI,Phù hợp với chiều cao,适合身高: 80cm-120cm/1手5件,Phù hợp với chiều cao: 80cm-120cm/1 tay 5 miếng,0.9185463190078735,0.9112981557846069,0.5279481410980225
tang1,颜色,时尚单箱【天空蓝】简易内置,Hộp đơn thời trang [xanh da trời] tích hợp đơn giản,SAI,Màu sắc,颜色: 时尚单箱【天空蓝】简易内置,Màu sắc: Hộp đơn thời trang [xanh da trời] tích hợp đơn giản,0.6635230779647827,0.7000534534454346,0.2951292395591736
tang1,颜色,奶昔白,Sữa lắc trắng,DUNG,Màu sắc,颜色: 奶昔白,Màu sắc: Sữa lắc trắng,0.5974350571632385,0.7119461894035339,0.3514925241470337
tang1,功能,蓝牙连接,Kết nối Bluetooth,DUNG,Chức năng,功能: 蓝牙连接,Chức năng: Kết nối Bluetooth,0.7653200030326843,0.8146811127662659,0.4399222731590271
tang1,功能,储能回弹,Phục hồi lưu trữ năng lượng,SAI,Chức năng,功能: 储能回弹,Chức năng: Phục hồi lưu trữ năng lượng,0.7186511754989624,0.8001091480255127,0.4189896881580353
tang1,电源容量,5000毫安,5000 mAh,DUNG,Công suất điện,电源容量: 5000毫安,Công suất điện: 5000 mAh,0.8321182727813721,0.8776599168777466,0.6404911279678345
tang1,功能,sos救生哨,Còi cứu sinh sos,DUNG,Chức năng,功能: sos救生哨,Chức năng: Còi cứu sinh sos,0.7060917615890503,0.7663556337356567,0.46285027265548706
tang1,尺码,XL（建议140-160斤穿）,XL (đề nghị mặc 140-160 kg),SAI,Kích cỡ,尺码: XL（建议140-160斤穿）,Kích cỡ: XL (đề nghị mặc 140-160 kg),0.8984637260437012,0.8878719806671143,0.7560921907424927
tang1,适用型号,苹果15pro,Táo 15pro,SAI,Dòng máy tương thích,适用型号: 苹果15pro,Dòng máy tương thích: Táo 15pro,0.7976540923118591,0.8015592098236084,0.5908105373382568
tang1,颜色,浅粉,hồng nhạt,DUNG,Màu sắc,颜色: 浅粉,Màu sắc: hồng nhạt,0.5349427461624146,0.7489868998527527,0.37508994340896606
tang1,适用型号,iPhone 15 6.1寸,IPhone 15 6.1 inch,DUNG,Dòng máy tương thích,适用型号: iPhone 15 6.1寸,Dòng máy tương thích: IPhone 15 6.1 inch,0.9626127481460571,0.8736453056335449,0.4635738730430603
tang1,尺寸规格,1.5m床笠款四件套【被套200*230cm】,Bộ bốn ga trải giường 1.5m [vỏ chăn 200*230cm],DUNG,Kích thước,尺寸规格: 1.5m床笠款四件套【被套200*230cm】,Kích thước: Bộ bốn ga trải giường 1.5m [vỏ chăn 200*230cm],0.7842278480529785,0.7687177658081055,0.6079187393188477
tang1,生产日期,2026年04月1日至26年06月4日,Ngày 1 tháng 4 năm 2026 đến ngày 4 tháng 6 năm 26,DUNG,Ngày sản xuất,生产日期: 2026年04月1日至26年06月4日,Ngày sản xuất: Ngày 1 tháng 4 năm 2026 đến ngày 4 tháng 6 năm 26,0.9258556365966797,0.9034149646759033,0.7283366918563843
tang1,裤长,九分裤,Quần lửng,SAI,Chiều dài quần,裤长: 九分裤,Chiều dài quần: Quần lửng,0.5311801433563232,0.7099478244781494,0.5311801433563232
tang1,风格,酷炫,mát mẻ,SAI,Phong cách,风格: 酷炫,Phong cách: mát mẻ,0.4435471296310425,0.6839451789855957,0.34718626737594604
tang1,鞋底工艺,硫化鞋,giày lưu hóa,DUNG,Công nghệ đế giày,鞋底工艺: 硫化鞋,Công nghệ đế giày: giày lưu hóa,0.6599855422973633,0.6859684586524963,0.6339514255523682
tang1,产品类别,缝隙刷,Bàn chải khe hở,DUNG,Danh mục sản phẩm,产品类别: 缝隙刷,Danh mục sản phẩm: Bàn chải khe hở,0.6148314476013184,0.621685266494751,0.4771565794944763
tang1,颜色,浅粉色,hồng nhạt,DUNG,Màu sắc,颜色: 浅粉色,Màu sắc: hồng nhạt,0.6337119340896606,0.7505931258201599,0.4630824625492096
tang1,风格,创意风,Phong cách sáng tạo,DUNG,Phong cách,风格: 创意风,Phong cách: Phong cách sáng tạo,0.7218644022941589,0.7890810966491699,0.5825741291046143
tang1,安装位置,后视镜正前方吸附在玻璃上面,Mặt trước của gương chiếu hậu được gắn vào kính,SAI,Vị trí lắp đặt,安装位置: 后视镜正前方吸附在玻璃上面,Vị trí lắp đặt: Mặt trước của gương chiếu hậu được gắn vào kính,0.7777148485183716,0.8104006052017212,0.6506929397583008
tang1,颜色,彩色,Màu sắc,DUNG,Màu sắc,颜色: 彩色,Màu sắc: Màu sắc,0.7756189107894897,0.8051371574401855,0.6168498992919922
tang1,风格类型,私服名媛,Nhà mạng xã hội máy chủ riêng,SAI,Loại phong cách,风格类型: 私服名媛,Loại phong cách: Nhà mạng xã hội máy chủ riêng,0.43003949522972107,0.6311250925064087,0.3165406286716461
tang1,特色功能,仿真,Mô phỏng,DUNG,Tính năng đặc biệt,特色功能: 仿真,Tính năng đặc biệt: Mô phỏng,0.7348520755767822,0.8041727542877197,0.42878788709640503
tang1,颜色分类,4K双录【4K+1K】超清+免走线,Ghi kép 4K [4K+1K] cực rõ + không cần nối dây,DUNG,Phân loại màu sắc,颜色分类: 4K双录【4K+1K】超清+免走线,Phân loại màu sắc: Ghi kép 4K [4K+1K] cực rõ + không cần nối dây,0.7904798984527588,0.7821741104125977,0.7084413766860962
tang1,颜色,全白,Toàn bộ màu trắng,DUNG,Màu sắc,颜色: 全白,Màu sắc: Toàn bộ màu trắng,0.8030900955200195,0.8691515922546387,0.3888300955295563
tang1,箱包潮流款式,单肩手提包,túi xách đeo vai,DUNG,Kiểu túi thời trang,箱包潮流款式: 单肩手提包,Kiểu túi thời trang: túi xách đeo vai,0.7207076549530029,0.6902456283569336,0.6012197732925415
tang1,颜色,米蓝色,Màu xanh lục nhạt,SAI,Màu sắc,颜色: 米蓝色,Màu sắc: Màu xanh lục nhạt,0.5603188872337341,0.689319372177124,0.46925902366638184
tang1,工艺,压印,In ấn,SAI,Công nghệ,工艺: 压印,Công nghệ: In ấn,0.6665288209915161,0.7486078143119812,0.44179198145866394
tang1,穿着方式,后拉链,Khóa kéo sau,DUNG,Cách mặc,穿着方式: 后拉链,Cách mặc: Khóa kéo sau,0.74083012342453,0.8274723291397095,0.74083012342453
tang1,容量,30L-40L（含）,30L-40L (bao gồm),DUNG,Dung tích,容量: 30L-40L（含）,Dung tích: 30L-40L (bao gồm),0.9706789255142212,0.9174954295158386,0.49352210760116577
tang1,结构类型,抽屉式,Kiểu ngăn kéo,DUNG,Loại cấu trúc,结构类型: 抽屉式,Loại cấu trúc: Kiểu ngăn kéo,0.6607226729393005,0.7874097228050232,0.6088918447494507
tang1,材质功能,免烫,Không ủi,DUNG,Chức năng chất liệu,材质功能: 免烫,Chức năng chất liệu: Không ủi,0.6397945880889893,0.8171529769897461,0.4212132692337036
tang1,适用年龄,0-6个月,0-6 tháng,DUNG,Độ tuổi áp dụng,适用年龄: 0-6个月,Độ tuổi áp dụng: 0-6 tháng,0.9834150075912476,0.929207444190979,0.4531329870223999
tang1,净重（规格）,250克,250 gram,DUNG,Trọng lượng tịnh (thông số kỹ thuật),净重（规格）: 250克,Trọng lượng tịnh (thông số kỹ thuật): 250 gram,0.903554379940033,0.8924790620803833,0.903554379940033
tang1,产品类别,面膜纸,Giấy mặt nạ,DUNG,Danh mục sản phẩm,产品类别: 面膜纸,Danh mục sản phẩm: Giấy mặt nạ,0.7025174498558044,0.7102781534194946,0.2828800678253174
tang1,颜色,粉,Hồng,DUNG,Màu sắc,颜色: 粉,Màu sắc: Hồng,0.4476891756057739,0.7208177447319031,0.38413333892822266
tang1,产品形态,粉状面膜,Mặt nạ dạng bột,DUNG,Hình thái sản phẩm,产品形态: 粉状面膜,Hình thái sản phẩm: Mặt nạ dạng bột,0.6725783348083496,0.7407310605049133,0.48682481050491333
tang1,鞋跟高度,无跟（0-1CM）,Không gót (0-1CM),DUNG,Chiều cao gót giày,鞋跟高度: 无跟（0-1CM）,Chiều cao gót giày: Không gót (0-1CM),0.8833021521568298,0.9178391695022583,0.645196795463562
tang1,颜色,深紫,màu tím đậm,DUNG,Màu sắc,颜色: 深紫,Màu sắc: màu tím đậm,0.514623761177063,0.7468171715736389,0.378659725189209
tang1,工艺,针织,đan,DUNG,Công nghệ,工艺: 针织,Công nghệ: đan,0.4543628692626953,0.6993116140365601,0.4543628692626953
tang1,特色功能,声光互动,Tương tác âm thanh và ánh sáng,DUNG,Tính năng đặc biệt,特色功能: 声光互动,Tính năng đặc biệt: Tương tác âm thanh và ánh sáng,0.7965821027755737,0.8444085121154785,0.5044681429862976
tang1,口味,巧克力味,hương vị sô cô la,DUNG,Hương vị,口味: 巧克力味,Hương vị: hương vị sô cô la,0.6619951128959656,0.7339532971382141,0.6161739826202393
tang1,颜色,浅黄色,màu vàng nhạt,DUNG,Màu sắc,颜色: 浅黄色,Màu sắc: màu vàng nhạt,0.7003383636474609,0.7779829502105713,0.469536155462265
tang1,功能,GPS导航,Định vị GPS,DUNG,Chức năng,功能: GPS导航,Chức năng: Định vị GPS,0.7840114831924438,0.8484998345375061,0.36756831407546997
tang1,颜色,天蓝,bầu trời xanh,DUNG,Màu sắc,颜色: 天蓝,Màu sắc: bầu trời xanh,0.5081037878990173,0.7518343329429626,0.3820423483848572
tang1,颜色,玫粉色,hoa hồng hồng,SAI,Màu sắc,颜色: 玫粉色,Màu sắc: hoa hồng hồng,0.4894372522830963,0.6318187713623047,0.4915027618408203
tang1,尺寸规格,1.2m床【床单款三件套】适合150x200cm被芯,Giường 1.2m [Bộ 3 món ga trải giường] phù hợp với ruột chăn 150x200cm,DUNG,Kích thước,尺寸规格: 1.2m床【床单款三件套】适合150x200cm被芯,Kích thước: Giường 1.2m [Bộ 3 món ga trải giường] phù hợp với ruột chăn 150x200cm,0.7412696480751038,0.7574347257614136,0.6091507077217102
tang1,质检单位,内部自检,Tự kiểm tra nội bộ,DUNG,Đơn vị kiểm tra chất lượng,质检单位: 内部自检,Đơn vị kiểm tra chất lượng: Tự kiểm tra nội bộ,0.9124665260314941,0.885498046875,0.9124665260314941
tang1,箱包潮流款式,贝壳包,túi vỏ,DUNG,Kiểu túi thời trang,箱包潮流款式: 贝壳包,Kiểu túi thời trang: túi vỏ,0.5591671466827393,0.6662964224815369,0.4564211964607239
tang1,克重,800g（含）~1000g（不含）,800g (đã bao gồm)~1000g (độc quyền),SAI,Trọng lượng,克重: 800g（含）~1000g（不含）,Trọng lượng: 800g (đã bao gồm)~1000g (độc quyền),0.859760582447052,0.841805100440979,0.7855215072631836
tang1,风格,中国传统,Truyền thống Trung Quốc,DUNG,Phong cách,风格: 中国传统,Phong cách: Truyền thống Trung Quốc,0.6592322587966919,0.7634375095367432,0.5337674021720886
tang1,包装选择及茶叶等级,拉链袋散装、铁罐装、独立泡袋装、礼盒装、散茶箱装；【多规格茶叶选择有：特级、一级、二级、三级】,拉链袋散装、铁罐装、独立泡袋装、礼盒装、散茶箱装；[多规格茶叶选择有：特级、一级、二级、三级],SAI,Lựa chọn bao bì và loại trà,包装选择及茶叶等级: 拉链袋散装、铁罐装、独立泡袋装、礼盒装、散茶箱装；【多规格茶叶选择有：特级、一级、二级、三级】,Lựa chọn bao bì và loại trà: 拉链袋散装、铁罐装、独立泡袋装、礼盒装、散茶箱装；[多规格茶叶选择有：特级、一级、二级、三级],0.9965143203735352,0.9472667574882507,0.9965143203735352
tang1,产品系列,贴片面膜,贴片面膜,SAI,Dòng sản phẩm,产品系列: 贴片面膜,Dòng sản phẩm: 贴片面膜,1.0,0.9352982044219971,1.0
tang1,印染工艺,色织,Sợi nhuộm,DUNG,Công nghệ in và nhuộm,印染工艺: 色织,Công nghệ in và nhuộm: Sợi nhuộm,0.5653395056724548,0.7304461002349854,0.5683948993682861
tang1,腰型,宽松腰,eo lỏng lẻo,SAI,Kiểu eo,腰型: 宽松腰,Kiểu eo: eo lỏng lẻo,0.536790668964386,0.6764755845069885,0.536790668964386
tang1,外观造型,飞机,Máy bay,DUNG,Ngoại hình,外观造型: 飞机,Ngoại hình: Máy bay,0.808951199054718,0.8729283809661865,0.5101725459098816
tang1,适用型号,小米15,Xiaomi 15,DUNG,Dòng máy tương thích,适用型号: 小米15,Dòng máy tương thích: Xiaomi 15,0.8494694232940674,0.8240518569946289,0.4198399782180786
tang1,电源容量,50000毫安,50000 mAh,DUNG,Công suất điện,电源容量: 50000毫安,Công suất điện: 50000 mAh,0.8113958239555359,0.8906258344650269,0.6840851306915283
tang1,产品类别,碧螺春,Bi Lo Chun,DUNG,Danh mục sản phẩm,产品类别: 碧螺春,Danh mục sản phẩm: Bi Lo Chun,0.3559873104095459,0.5586868524551392,0.2873871326446533
tang1,适用型号,苹果14pro,Táo 14pro,SAI,Dòng máy tương thích,适用型号: 苹果14pro,Dòng máy tương thích: Táo 14pro,0.7544100880622864,0.775490403175354,0.29786786437034607
tang1,材质,PU皮,Da PU,DUNG,Chất liệu,材质: PU皮,Chất liệu: Da PU,0.7138841152191162,0.8935603499412537,0.39505141973495483
tang1,上市年份/季节,2024年夏,Mùa hè năm 2024,DUNG,Năm/mùa ra mắt,上市年份/季节: 2024年夏,Năm/mùa ra mắt: Mùa hè năm 2024,0.9034864902496338,0.8808577656745911,0.6980562210083008
tang1,颜色,4585方盒8.4*8.4*4.5cm,Hộp vuông 4585 8.4*8.4*4.5cm,DUNG,Màu sắc,颜色: 4585方盒8.4*8.4*4.5cm,Màu sắc: Hộp vuông 4585 8.4*8.4*4.5cm,0.8454644680023193,0.8330690860748291,0.5657079219818115
tang1,尺码,XXL（建议160-180斤穿）,XXL (nên mặc 160-180 kg),SAI,Kích cỡ,尺码: XXL（建议160-180斤穿）,Kích cỡ: XXL (nên mặc 160-180 kg),0.9057866334915161,0.887764573097229,0.6509798169136047
tang1,收纳场景,旅行收纳,Sắp xếp đồ dùng du lịch,DUNG,Không gian sử dụng,收纳场景: 旅行收纳,Không gian sử dụng: Sắp xếp đồ dùng du lịch,0.8216784000396729,0.7801178693771362,0.8216784000396729
tang1,使用位置,座椅后背,Lưng ghế,DUNG,Sử dụng vị trí,使用位置: 座椅后背,Sử dụng vị trí: Lưng ghế,0.7039644718170166,0.7806656956672668,0.6744077205657959
tang1,颜色,4575方盒7.5*7.5*4.5cm,Hộp vuông 4575 7.5 * 7.5 * 4.5cm,DUNG,Màu sắc,颜色: 4575方盒7.5*7.5*4.5cm,Màu sắc: Hộp vuông 4575 7.5 * 7.5 * 4.5cm,0.8359643816947937,0.8289377689361572,0.4349374771118164
tang1,包装,手提礼盒,Hộp quà xách tay,DUNG,Đóng gói,包装: 手提礼盒,Đóng gói: Hộp quà xách tay,0.8054390549659729,0.8127685785293579,0.5408002138137817
tang1,适用型号,iPhone 13 Pro max 6.7寸,IPhone 13 Pro max 6.7 inch,DUNG,Dòng máy tương thích,适用型号: iPhone 13 Pro max 6.7寸,Dòng máy tương thích: IPhone 13 Pro max 6.7 inch,0.9796338081359863,0.8932258486747742,0.3844795823097229
tang1,材质,泡芙棉,Bông xốp,DUNG,Chất liệu,材质: 泡芙棉,Chất liệu: Bông xốp,0.5355059504508972,0.7016749382019043,0.3614809513092041
tang1,尺寸规格,200x230cm【单件被套】,200x230cm [vỏ chăn đơn],DUNG,Kích thước,尺寸规格: 200x230cm【单件被套】,Kích thước: 200x230cm [vỏ chăn đơn],0.833849310874939,0.8304606676101685,0.6736207008361816
tang1,颜色,薄荷绿铝框卡扣款,"Khung nhôm màu xanh bạc hà, kiểu khóa cài",DUNG,Màu sắc,颜色: 薄荷绿铝框卡扣款,"Màu sắc: Khung nhôm màu xanh bạc hà, kiểu khóa cài",0.6117217540740967,0.6825636625289917,0.4553833305835724
tang1,颜色,珍珠白,Trắng ngọc trai,DUNG,Màu sắc,颜色: 珍珠白,Màu sắc: Trắng ngọc trai,0.4931439161300659,0.6966110467910767,0.39665788412094116
tang1,生产厂商,东莞市,Thành phố Đông Quan,DUNG,生产厂商,生产厂商: 东莞市,生产厂商: Thành phố Đông Quan,0.5158340930938721,0.7701282501220703,0.4162844121456146
tang1,货号,厂家定制定做跨境,"Sản xuất theo yêu cầu, đặt hàng riêng, xuất khẩu xuyên biên giới",DUNG,Mã sản phẩm,货号: 厂家定制定做跨境,"Mã sản phẩm: Sản xuất theo yêu cầu, đặt hàng riêng, xuất khẩu xuyên biên giới",0.6987025737762451,0.729049801826477,0.3927226662635803
tang1,货号,M印花,M in,DUNG,Mã sản phẩm,货号: M印花,Mã sản phẩm: M in,0.6503540277481079,0.7866010665893555,0.4107629656791687
tang1,颜色,珍珠白,ngọc trai trắng,DUNG,Màu sắc,颜色: 珍珠白,Màu sắc: ngọc trai trắng,0.5575093626976013,0.7061591148376465,0.3598487973213196
tang1,适用型号,iPhone 12 Pro max 6.7寸,IPhone 12 Pro max 6.7 inch,DUNG,Dòng máy tương thích,适用型号: iPhone 12 Pro max 6.7寸,Dòng máy tương thích: IPhone 12 Pro max 6.7 inch,0.9763280749320984,0.8846327066421509,0.6418623924255371
tang1,颜色,4.5长方盒4.5*3.5*2CM,4.5 hình chữ ngày hộp 4.5*3.5*2cm,SAI,Màu sắc,颜色: 4.5长方盒4.5*3.5*2CM,Màu sắc: 4.5 hình chữ ngày hộp 4.5*3.5*2cm,0.8139265775680542,0.8133577108383179,0.31238630414009094
tang1,风格,萌系,dễ thương,DUNG,Phong cách,风格: 萌系,Phong cách: dễ thương,0.6302133798599243,0.7635687589645386,0.48873773217201233
tang1,颜色,7.5长方盒7.5*5*2.1CM,7.5 hình chữ nhật hộp 7.5*5*2.1cm,DUNG,Màu sắc,颜色: 7.5长方盒7.5*5*2.1CM,Màu sắc: 7.5 hình chữ nhật hộp 7.5*5*2.1cm,0.8610420227050781,0.8528196811676025,0.4052503705024719
tang1,适用型号,苹果14plus,Táo 14plus,SAI,Dòng máy tương thích,适用型号: 苹果14plus,Dòng máy tương thích: Táo 14plus,0.7677606344223022,0.771687924861908,0.4844464659690857
tang1,食品工艺,冷萃,pha lạnh,DUNG,Công nghệ chế biến,食品工艺: 冷萃,Công nghệ chế biến: pha lạnh,0.4938260614871979,0.7129454612731934,0.4938260614871979
tang1,颜色,珍珠粉,bột ngọc trai,SAI,Màu sắc,颜色: 珍珠粉,Màu sắc: bột ngọc trai,0.5125697255134583,0.6975555419921875,0.3802929222583771
tang1,颜色,纯白,Trắng tinh,DUNG,Màu sắc,颜色: 纯白,Màu sắc: Trắng tinh,0.4505952298641205,0.7279647588729858,0.4247601330280304
tang1,印花主题,抽象图案,Mô hình trừu tượng,DUNG,Chủ đề hình in,印花主题: 抽象图案,Chủ đề hình in: Mô hình trừu tượng,0.531029462814331,0.6530747413635254,0.5807143449783325
tang1,可装调料类型,固体调料,Gia vị rắn,DUNG,Loại gia vị có thể đóng gói,可装调料类型: 固体调料,Loại gia vị có thể đóng gói: Gia vị rắn,0.603658139705658,0.7051898241043091,0.603658139705658
tang1,货源类型,工厂,nhà máy,DUNG,Loại nguồn hàng,货源类型: 工厂,Loại nguồn hàng: nhà máy,0.7765759229660034,0.8768555521965027,0.40764808654785156
tang1,适用型号,荣耀400,Danh dự 400,SAI,Dòng máy tương thích,适用型号: 荣耀400,Dòng máy tương thích: Danh dự 400,0.5926258563995361,0.631618320941925,0.32641395926475525
tang1,上市年份季节,2019年冬季,Mùa đông năm 2019,DUNG,Năm/mùa ra mắt,上市年份季节: 2019年冬季,Năm/mùa ra mắt: Mùa đông năm 2019,0.9089192152023315,0.7995812892913818,0.6328148245811462
tang1,颜色,8060长方盒7.8*7.7*5.5CM,Hộp chữ nhật 8060 7.8*7.7*5.5CM,DUNG,Màu sắc,颜色: 8060长方盒7.8*7.7*5.5CM,Màu sắc: Hộp chữ nhật 8060 7.8*7.7*5.5CM,0.8590025901794434,0.8477294445037842,0.31538116931915283
tang1,尺码,39 标准尺码,"39, kích cỡ tiêu chuẩn",DUNG,Kích cỡ,尺码: 39 标准尺码,"Kích cỡ: 39, kích cỡ tiêu chuẩn",0.8876566886901855,0.8820687532424927,0.5366756916046143
tang1,口味,甜味,vị ngọt,DUNG,Hương vị,口味: 甜味,Hương vị: vị ngọt,0.6895448565483093,0.8495091795921326,0.5462536811828613
tang1,形状,锥形,Hình nón,DUNG,Hình dạng,形状: 锥形,Hình dạng: Hình nón,0.4985542297363281,0.7179020643234253,0.6395986676216125
tang1,面料支数,50支,50 miếng,SAI,Chi số sợi vải,面料支数: 50支,Chi số sợi vải: 50 miếng,0.8441459536552429,0.8360852003097534,0.7245551347732544
tang1,款式细节,烫钻,Đá nóng,SAI,Chi tiết kiểu dáng,款式细节: 烫钻,Chi tiết kiểu dáng: Đá nóng,0.5377360582351685,0.6897932887077332,0.3771616816520691
tang1,功能,变形,Biến dạng,DUNG,Chức năng,功能: 变形,Chức năng: Biến dạng,0.7247022390365601,0.8270928859710693,0.4440850019454956
tang1,工艺,纯手工,Hoàn toàn thủ công,DUNG,Công nghệ,工艺: 纯手工,Công nghệ: Hoàn toàn thủ công,0.8039292097091675,0.8281803727149963,0.45528677105903625
tang1,尺寸规格,1.2m床【床单款三件套】-适合150x200cm被芯,Giường 1.2 m [bộ ba mẫu ga trải giường]-phù hợp với lõi chăn 150x200cm,DUNG,Kích thước,尺寸规格: 1.2m床【床单款三件套】-适合150x200cm被芯,Kích thước: Giường 1.2 m [bộ ba mẫu ga trải giường]-phù hợp với lõi chăn 150x200cm,0.7814757227897644,0.7923896312713623,0.6193460822105408
tang1,尺码,M（建议100-120斤穿）,M (Nên mặc 100-120 kg),SAI,Kích cỡ,尺码: M（建议100-120斤穿）,Kích cỡ: M (Nên mặc 100-120 kg),0.840575098991394,0.8496199250221252,0.4873220920562744
tang1,流行元素,镶钻,Đính đá,DUNG,Yếu tố thịnh hành,流行元素: 镶钻,Yếu tố thịnh hành: Đính đá,0.5559087991714478,0.6760612726211548,0.5093460083007812
tang1,颜色,45105方盒10.4*10.4*4.5cm,45105 hộp vuông 10.4*10.4*4.5cm,DUNG,Màu sắc,颜色: 45105方盒10.4*10.4*4.5cm,Màu sắc: 45105 hộp vuông 10.4*10.4*4.5cm,0.8480463027954102,0.837906002998352,0.3604099452495575
tang1,流行元素,3D/立体图案,Mô hình 3D/lập thể,DUNG,Yếu tố thịnh hành,流行元素: 3D/立体图案,Yếu tố thịnh hành: Mô hình 3D/lập thể,0.7973788976669312,0.7539136409759521,0.43054187297821045
tang1,功效,长效保湿,Dưỡng ẩm lâu dài,DUNG,Hiệu quả,功效: 长效保湿,Hiệu quả: Dưỡng ẩm lâu dài,0.8080391883850098,0.8315731883049011,0.4184839725494385
tang1,专利类型,外观专利,Bằng sáng chế xuất hiện,SAI,Loại bằng sáng chế,专利类型: 外观专利,Loại bằng sáng chế: Bằng sáng chế xuất hiện,0.6724542379379272,0.7055391073226929,0.6247122287750244
tang1,颜色,象牙白铝框卡扣款,"Khung nhôm màu trắng ngà, kiểu khóa cài",DUNG,Màu sắc,颜色: 象牙白铝框卡扣款,"Màu sắc: Khung nhôm màu trắng ngà, kiểu khóa cài",0.6089890003204346,0.6648278832435608,0.4170772433280945
tang1,产品上市时间,2026年秋,Mùa thu năm 2026,DUNG,Thời gian ra mắt sản phẩm,产品上市时间: 2026年秋,Thời gian ra mắt sản phẩm: Mùa thu năm 2026,0.845028281211853,0.9102668762207031,0.492836058139801
tang1,风格,小香风,Ít hương thơm,SAI,Phong cách,风格: 小香风,Phong cách: Ít hương thơm,0.5529487133026123,0.7000885605812073,0.3153591752052307
tang1,塑料积木类型,小颗粒,Hạt nhỏ,DUNG,Loại khối xây dựng bằng nhựa,塑料积木类型: 小颗粒,Loại khối xây dựng bằng nhựa: Hạt nhỏ,0.7077445387840271,0.6595333814620972,0.7077445387840271
tang1,洗涤方式,擦拭,lau,DUNG,Phương pháp giặt,洗涤方式: 擦拭,Phương pháp giặt: lau,0.42402181029319763,0.805828332901001,0.7296860814094543
tang1,风格,喜庆,lễ hội,DUNG,Phong cách,风格: 喜庆,Phong cách: lễ hội,0.6142347455024719,0.774121880531311,0.39063817262649536
tang1,颜色,红棕色,Màu nâu đỏ,DUNG,Màu sắc,颜色: 红棕色,Màu sắc: Màu nâu đỏ,0.6418483257293701,0.7197559475898743,0.5826916098594666
tang1,颜色,灰蓝,Xám xanh lam,DUNG,Màu sắc,颜色: 灰蓝,Màu sắc: Xám xanh lam,0.6024622321128845,0.7300602793693542,0.4627317488193512
tang1,功能,刹车轮,bánh xe phanh,DUNG,Chức năng,功能: 刹车轮,Chức năng: bánh xe phanh,0.5673796534538269,0.758252739906311,0.4798129200935364
tang1,鞋跟高度,超高跟（8CM以上）,Giày cao gót siêu cao (trên 8CM),DUNG,Chiều cao gót giày,鞋跟高度: 超高跟（8CM以上）,Chiều cao gót giày: Giày cao gót siêu cao (trên 8CM),0.8872511386871338,0.8685016632080078,0.609445333480835
tang1,价格段,40-50元,40-50 nhân dân tệ,DUNG,Phân khúc giá,价格段: 40-50元,Phân khúc giá: 40-50 nhân dân tệ,0.8887342810630798,0.8857718706130981,0.675944447517395
tang1,功能,变形,biến dạng,DUNG,Chức năng,功能: 变形,Chức năng: biến dạng,0.7980464696884155,0.8712114095687866,0.46012914180755615
tang1,尺寸规格,1.8m床笠款四件套【被套200*230cm】,Bộ bốn ga trải giường 1.8m [vỏ chăn 200*230cm],DUNG,Kích thước,尺寸规格: 1.8m床笠款四件套【被套200*230cm】,Kích thước: Bộ bốn ga trải giường 1.8m [vỏ chăn 200*230cm],0.7798227071762085,0.7687476873397827,0.6859084367752075
tang1,型号,专车专用,Chuyên dùng xe đặc biệt,SAI,Model,型号: 专车专用,Model: Chuyên dùng xe đặc biệt,0.8128412961959839,0.8410012722015381,0.36878544092178345
tang1,颜色,灰蓝色,xám xanh,DUNG,Màu sắc,颜色: 灰蓝色,Màu sắc: xám xanh,0.5560832023620605,0.7099957466125488,0.33789587020874023
tang1,克重,180g及以下,180g trở xuống,DUNG,Trọng lượng,克重: 180g及以下,Trọng lượng: 180g trở xuống,0.9021775722503662,0.8674848079681396,0.9021775722503662
tang1,风格,民族,Dân tộc,DUNG,Phong cách,风格: 民族,Phong cách: Dân tộc,0.7151432037353516,0.8613731861114502,0.3704121708869934
tang1,原料与配料,茶树鲜叶,Cây trà lá tươi,DUNG,Nguyên liệu và thành phần,原料与配料: 茶树鲜叶,Nguyên liệu và thành phần: Cây trà lá tươi,0.7135735154151917,0.8098325729370117,0.5138564109802246
tang1,使用场景,换季维稳,Duy trì sự ổn định trong quá trình thay đổi mùa,DUNG,Tình huống sử dụng,使用场景: 换季维稳,Tình huống sử dụng: Duy trì sự ổn định trong quá trình thay đổi mùa,0.7808626890182495,0.8230249881744385,0.38930612802505493
tang1,尺寸规格,1.5m床笠款四件套【被套200*230cm】,Bộ bốn mảnh khăn trải giường 1.5 m [vỏ chăn 200*230cm],DUNG,Kích thước,尺寸规格: 1.5m床笠款四件套【被套200*230cm】,Kích thước: Bộ bốn mảnh khăn trải giường 1.5 m [vỏ chăn 200*230cm],0.7664609551429749,0.7412043809890747,0.6680130958557129
tang1,颜色,白灰红,Trắng xám đỏ,DUNG,Màu sắc,颜色: 白灰红,Màu sắc: Trắng xám đỏ,0.551250696182251,0.7103508710861206,0.31390565633773804
tang1,风格,法式风,Phong cách Pháp,DUNG,Phong cách,风格: 法式风,Phong cách: Phong cách Pháp,0.7169328927993774,0.8305413126945496,0.7169328927993774
tang1,年份,10年及以上,10 năm trở lên,DUNG,Năm,年份: 10年及以上,Năm: 10 năm trở lên,0.9449819326400757,0.8995915651321411,0.6158934235572815
tang1,功能,按摩,massage,DUNG,Chức năng,功能: 按摩,Chức năng: massage,0.8586316704750061,0.9181420803070068,0.4844302535057068
tang1,功能,吸水,Hút nước,DUNG,Chức năng,功能: 吸水,Chức năng: Hút nước,0.7365070581436157,0.8832029104232788,0.49513769149780273
tang1,尺码,42 标准尺码,"42, kích cỡ tiêu chuẩn",DUNG,Kích cỡ,尺码: 42 标准尺码,"Kích cỡ: 42, kích cỡ tiêu chuẩn",0.8820140361785889,0.8760495185852051,0.6403429508209229
tang1,产品标准号,见内包装,Xem bao bì bên trong,DUNG,Số tiêu chuẩn sản phẩm,产品标准号: 见内包装,Số tiêu chuẩn sản phẩm: Xem bao bì bên trong,0.8120597004890442,0.8138809204101562,0.8120597004890442
tang1,尺寸规格,1.5m床【床笠款四件套】-适合200x230cm被芯,Giường 1.5m [Bộ ga trải giường 4 mảnh] - Phù hợp với lõi chăn 200x230cm,DUNG,Kích thước,尺寸规格: 1.5m床【床笠款四件套】-适合200x230cm被芯,Kích thước: Giường 1.5m [Bộ ga trải giường 4 mảnh] - Phù hợp với lõi chăn 200x230cm,0.7310404777526855,0.7423491477966309,0.6242673397064209
tang1,尺寸,带挂件,Kèm đồ treo,DUNG,Kích thước,尺寸: 带挂件,Kích thước: Kèm đồ treo,0.6620374917984009,0.7538366317749023,0.47836726903915405
tang1,适用型号,iPhone 17 Air 6.5寸,iPhone 17 Air 6.5inch,DUNG,Dòng máy tương thích,适用型号: iPhone 17 Air 6.5寸,Dòng máy tương thích: iPhone 17 Air 6.5inch,0.9804826378822327,0.9094162583351135,0.5583637952804565
tang1,适用部位,车侧,bên xe,DUNG,Các bộ phận áp dụng,适用部位: 车侧,Các bộ phận áp dụng: bên xe,0.6670355200767517,0.7701195478439331,0.46388500928878784
tang1,裙型,一步裙,Váy một bước,SAI,Kiểu váy,裙型: 一步裙,Kiểu váy: Váy một bước,0.7197379469871521,0.7725319266319275,0.45109838247299194
tang1,风格,城市趣野,thành phố vui vẻ,SAI,Phong cách,风格: 城市趣野,Phong cách: thành phố vui vẻ,0.6219256520271301,0.7772889137268066,0.37008148431777954
tang1,功能,车内装饰,Trang trí nội thất xe,DUNG,Chức năng,功能: 车内装饰,Chức năng: Trang trí nội thất xe,0.9237459897994995,0.903910756111145,0.5346810817718506
tang1,工艺,染色,Nhuộm màu,DUNG,Công nghệ,工艺: 染色,Công nghệ: Nhuộm màu,0.7769781351089478,0.8263214826583862,0.4875803589820862
tang1,品种,夹心饼干,Bánh quy kẹp,DUNG,Giống,品种: 夹心饼干,Giống: Bánh quy kẹp,0.5351108312606812,0.6508564949035645,0.5371186137199402
tang1,送礼用途,促销赠品,Quà tặng khuyến mãi,DUNG,Công dụng tặng quà,送礼用途: 促销赠品,Công dụng tặng quà: Quà tặng khuyến mãi,0.8258209228515625,0.8412766456604004,0.7869877815246582
tang1,产品规格,冰肤之萃烟酰胺面膜单片,Mặt nạ Niacinamide dạng viên,SAI,Quy cách sản phẩm,产品规格: 冰肤之萃烟酰胺面膜单片,Quy cách sản phẩm: Mặt nạ Niacinamide dạng viên,0.49388790130615234,0.5454387068748474,0.4965786635875702
tang1,跨境风格类型,个性街头,Đường phố cá tính,DUNG,Loại phong cách xuyên biên giới,跨境风格类型: 个性街头,Loại phong cách xuyên biên giới: Đường phố cá tính,0.8678747415542603,0.7990606427192688,0.46342992782592773
tang1,规格尺寸,不配卡【需自配内存卡】,Không đi kèm thẻ [yêu cầu thẻ nhớ của riêng bạn],DUNG,Kích thước thông số kỹ thuật,规格尺寸: 不配卡【需自配内存卡】,Kích thước thông số kỹ thuật: Không đi kèm thẻ [yêu cầu thẻ nhớ của riêng bạn],0.7938809394836426,0.8182798027992249,0.4578985869884491
tang1,鞋底材质,复合底,Đế tổng hợp,DUNG,Chất liệu đế giày,鞋底材质: 复合底,Chất liệu đế giày: Đế tổng hợp,0.491351842880249,0.7806029319763184,0.47610798478126526
tang1,颜色,耀石黑铝框卡扣款,Khung nhôm màu đen Obsidian kiểu gắn vào,DUNG,Màu sắc,颜色: 耀石黑铝框卡扣款,Màu sắc: Khung nhôm màu đen Obsidian kiểu gắn vào,0.5338078737258911,0.6453790068626404,0.47389087080955505
tang1,风格,学院风,Phong cách đại học,DUNG,Phong cách,风格: 学院风,Phong cách: Phong cách đại học,0.7368394136428833,0.8148725628852844,0.5287272930145264
tang1,材质,牛仔布,vải denim,DUNG,Chất liệu,材质: 牛仔布,Chất liệu: vải denim,0.5522578358650208,0.72029709815979,0.5522578358650208
tang1,颜色,黑色小号,"Đen, Nhỏ",DUNG,Màu sắc,颜色: 黑色小号,"Màu sắc: Đen, Nhỏ",0.5528432130813599,0.736963152885437,0.4264252781867981
tang1,颜色,果绿色,Màu xanh hoa quả,DUNG,Màu sắc,颜色: 果绿色,Màu sắc: Màu xanh hoa quả,0.6554847955703735,0.7758626937866211,0.30636298656463623
tang1,挥发时长,31-60日,31-60 ngày,DUNG,Thời gian bay hơi,挥发时长: 31-60日,Thời gian bay hơi: 31-60 ngày,0.9535911083221436,0.8414713740348816,0.9535911083221436
tang1,类别,彩泥套装,Bộ đất sét màu,DUNG,Danh mục,类别: 彩泥套装,Danh mục: Bộ đất sét màu,0.5574710369110107,0.5930160284042358,0.3158342242240906
tang1,承重,200斤,100kg,DUNG,Chịu tải,承重: 200斤,Chịu tải: 100kg,0.741878867149353,0.7985086441040039,0.6756687164306641
tang1,颜色,黑色中号,Màu đen cỡ vừa,DUNG,Màu sắc,颜色: 黑色中号,Màu sắc: Màu đen cỡ vừa,0.6312923431396484,0.7601876258850098,0.3678629398345947
tang1,热卖月份,十一月,Tháng mười một,DUNG,Tháng bán chạy,热卖月份: 十一月,Tháng bán chạy: Tháng mười một,0.8339977264404297,0.8075262904167175,0.571193277835846
tang1,颜色,深咖,Cà phê đậm,DUNG,Màu sắc,颜色: 深咖,Màu sắc: Cà phê đậm,0.6043100357055664,0.7465189695358276,0.31677791476249695
tang1,颜色,商务白铝框卡扣款,"Khung nhôm trắng kinh doanh, kiểu lắp ráp nhanh",SAI,Màu sắc,颜色: 商务白铝框卡扣款,"Màu sắc: Khung nhôm trắng kinh doanh, kiểu lắp ráp nhanh",0.6072602868080139,0.6779007315635681,0.36702612042427063
tang1,颜色,湖蓝,Xanh nước biển,DUNG,Màu sắc,颜色: 湖蓝,Màu sắc: Xanh nước biển,0.5150985717773438,0.7367265224456787,0.31587448716163635
tang1,袖长,五分袖/中袖,Tay áo nửa chiều dài/tay áo vừa,DUNG,Chiều dài tay áo,袖长: 五分袖/中袖,Chiều dài tay áo: Tay áo nửa chiều dài/tay áo vừa,0.6932751536369324,0.7453067302703857,0.6705812215805054
tang1,包装,裸装,trần truồng,SAI,Đóng gói,包装: 裸装,Đóng gói: trần truồng,0.505255937576294,0.7939016819000244,0.42901796102523804
tang1,适用型号,苹果12pro,Táo 12pro,SAI,Dòng máy tương thích,适用型号: 苹果12pro,Dòng máy tương thích: Táo 12pro,0.7729312777519226,0.785212516784668,0.5264064073562622
tang1,颜色,商务黑铝框卡扣款,"Khung nhôm đen kiểu khóa cài, phong cách doanh nhân",DUNG,Màu sắc,颜色: 商务黑铝框卡扣款,"Màu sắc: Khung nhôm đen kiểu khóa cài, phong cách doanh nhân",0.6605195999145508,0.7261305451393127,0.38126927614212036
tang1,屏幕尺寸,7英寸,7 inch,DUNG,Kích thước màn hình,屏幕尺寸: 7英寸,Kích thước màn hình: 7 inch,0.9328906536102295,0.9342971444129944,0.6913163661956787
tang1,颜色,黑绿,Đen xanh lá,DUNG,Màu sắc,颜色: 黑绿,Màu sắc: Đen xanh lá,0.5930230617523193,0.7308251857757568,0.35415196418762207
tang1,产品类别,凤凰单枞,Phượng hoàng Đan Công,SAI,Danh mục sản phẩm,产品类别: 凤凰单枞,Danh mục sản phẩm: Phượng hoàng Đan Công,0.2795751392841339,0.4555971920490265,0.3353736400604248
tang1,专利类型,外观,Ngoại hình,SAI,Loại bằng sáng chế,专利类型: 外观,Loại bằng sáng chế: Ngoại hình,0.7983720898628235,0.8494873046875,0.6238542795181274
tang1,花型,炭烤起司,Phô mai nướng than,DUNG,Hoa văn,花型: 炭烤起司,Hoa văn: Phô mai nướng than,0.46868592500686646,0.5286850929260254,0.45168429613113403
tang1,进口地,详情咨询客服,Tư vấn dịch vụ khách hàng để biết chi tiết,DUNG,Nơi nhập khẩu,进口地: 详情咨询客服,Nơi nhập khẩu: Tư vấn dịch vụ khách hàng để biết chi tiết,0.798505425453186,0.800927996635437,0.798505425453186
tang1,颜色,黑,Đen,DUNG,Màu sắc,颜色: 黑,Màu sắc: Đen,0.5766539573669434,0.789786159992218,0.49177271127700806
tang1,颜色,冰川蓝,Xanh lam sông băng,DUNG,Màu sắc,颜色: 冰川蓝,Màu sắc: Xanh lam sông băng,0.5487380027770996,0.6976959109306335,0.33138203620910645
tang1,颜色,湖蓝色,hồ xanh,SAI,Màu sắc,颜色: 湖蓝色,Màu sắc: hồ xanh,0.6125882267951965,0.7628670930862427,0.3664068281650543
tang1,材质,优质TPU,TPU chất lượng cao,DUNG,Chất liệu,材质: 优质TPU,Chất liệu: TPU chất lượng cao,0.9421169757843018,0.9278562068939209,0.36627915501594543
tang1,颜色,4595方盒9.5*9.5*4.5cm,Hộp vuông 4595 9.5 * 9.5 * 4.5cm,DUNG,Màu sắc,颜色: 4595方盒9.5*9.5*4.5cm,Màu sắc: Hộp vuông 4595 9.5 * 9.5 * 4.5cm,0.8381810188293457,0.8384056091308594,0.32095929980278015
tang1,颜色,黄,Vàng,DUNG,Màu sắc,颜色: 黄,Màu sắc: Vàng,0.37385857105255127,0.697740912437439,0.24748548865318298
tang1,颜色,8.3长方盒8.3*6.2*3.2cm,8.3 hộp hình chữ nhật 8.3*6.2*3.2cm,DUNG,Màu sắc,颜色: 8.3长方盒8.3*6.2*3.2cm,Màu sắc: 8.3 hộp hình chữ nhật 8.3*6.2*3.2cm,0.8661239147186279,0.8415157794952393,0.36554232239723206
tang1,适用型号,苹果 14 Pro,Apple 14 Pro,SAI,Dòng máy tương thích,适用型号: 苹果 14 Pro,Dòng máy tương thích: Apple 14 Pro,0.9538154602050781,0.8779067993164062,0.7007739543914795
tang1,功能,可透视,Xem qua,SAI,Chức năng,功能: 可透视,Chức năng: Xem qua,0.538564920425415,0.7219539880752563,0.3850230872631073
tang1,加工方式,来图定制,Tùy chỉnh hình ảnh,SAI,Hình thức gia công,加工方式: 来图定制,Hình thức gia công: Tùy chỉnh hình ảnh,0.6644042134284973,0.7649960517883301,0.688639760017395
tang1,品牌类型,欧美品牌,Thương hiệu Âu Mỹ,DUNG,Loại hình thương hiệu,品牌类型: 欧美品牌,Loại hình thương hiệu: Thương hiệu Âu Mỹ,0.8157700896263123,0.8243871927261353,0.8157700896263123
tang1,颜色,豆绿色,Màu xanh đậu,DUNG,Màu sắc,颜色: 豆绿色,Màu sắc: Màu xanh đậu,0.6249234080314636,0.7669349908828735,0.4452635645866394
tang1,加盟分销门槛,一件代发,一件代发,SAI,Ngưỡng phân phối nhượng quyền,加盟分销门槛: 一件代发,Ngưỡng phân phối nhượng quyền: 一件代发,0.9999999403953552,0.768921971321106,0.4975924491882324
tang1,原料和配料,鸡肉,gà,DUNG,Nguyên liệu và thành phần,原料和配料: 鸡肉,Nguyên liệu và thành phần: gà,0.5782321691513062,0.7877262830734253,0.5782321691513062
tang1,产品类别,杂物收纳盒,Hộp đựng đồ linh tinh,DUNG,Danh mục sản phẩm,产品类别: 杂物收纳盒,Danh mục sản phẩm: Hộp đựng đồ linh tinh,0.7025777697563171,0.6584652662277222,0.6865745782852173
tang1,种类,鸡爪,Chân gà,DUNG,Chủng loại,种类: 鸡爪,Chủng loại: Chân gà,0.5151888132095337,0.6729860305786133,0.3977961540222168
tang1,产品类别,杂物收纳盒,Hộp lưu trữ linh tinh,DUNG,Danh mục sản phẩm,产品类别: 杂物收纳盒,Danh mục sản phẩm: Hộp lưu trữ linh tinh,0.6217840909957886,0.6363856792449951,0.408078670501709
tang1,拍照像素,600万,600 triệu,SAI,Độ phân giải chụp ảnh,拍照像素: 600万,Độ phân giải chụp ảnh: 600 triệu,0.9759283065795898,0.8669331073760986,0.635124921798706
tang1,奶嘴类型,慢,chậm,DUNG,Loại núm vú giả,奶嘴类型: 慢,Loại núm vú giả: chậm,0.8617042303085327,0.78416907787323,0.49713727831840515
tang1,功能,小巧便携,Nhỏ gọn tiện dụng,DUNG,Chức năng,功能: 小巧便携,Chức năng: Nhỏ gọn tiện dụng,0.8863106369972229,0.9101508855819702,0.3901313245296478
tang1,口感,鲜醇高爽,Tươi mát,DUNG,Hương vị,口感: 鲜醇高爽,Hương vị: Tươi mát,0.5553337335586548,0.7576950788497925,0.5423707365989685
tang1,热卖月份,六月,Tháng 6,DUNG,Tháng bán chạy,热卖月份: 六月,Tháng bán chạy: Tháng 6,0.8974612355232239,0.868607759475708,0.5334492921829224
tang1,开盖方式,魔术贴,Miếng dán ma thuật,SAI,Cách mở nắp,开盖方式: 魔术贴,Cách mở nắp: Miếng dán ma thuật,0.7245007753372192,0.8090540170669556,0.35580387711524963
tang1,类型,裸机,Kim loại trần,SAI,Loại,类型: 裸机,Loại: Kim loại trần,0.37371987104415894,0.5511447191238403,0.37371987104415894
tang1,洗涤方式,机洗,Giặt máy,DUNG,Phương pháp giặt,洗涤方式: 机洗,Phương pháp giặt: Giặt máy,0.7617166042327881,0.8411608934402466,0.6414109468460083
tang1,产品类别,透明收纳箱,Hộp đựng đồ trong suốt,DUNG,Danh mục sản phẩm,产品类别: 透明收纳箱,Danh mục sản phẩm: Hộp đựng đồ trong suốt,0.7860120534896851,0.7149545550346375,0.6149262189865112
tang1,款式,充电,Sạc,DUNG,Kiểu dáng,款式: 充电,Kiểu dáng: Sạc,0.8433611392974854,0.8601974248886108,0.508201003074646
tang1,储藏方法,阴凉干燥处,nơi khô mát,DUNG,Phương pháp bảo quản,储藏方法: 阴凉干燥处,Phương pháp bảo quản: nơi khô mát,0.857567548751831,0.9062871932983398,0.646906852722168
tang1,功效,自然立体,Lập thể tự nhiên,SAI,Hiệu quả,功效: 自然立体,Hiệu quả: Lập thể tự nhiên,0.7078614234924316,0.7764564752578735,0.44813716411590576
tang1,颜色,裤子,Quần,DUNG,Màu sắc,颜色: 裤子,Màu sắc: Quần,0.567741870880127,0.8016849756240845,0.4282606244087219
tang1,尺寸规格,180*220cm【单被套】,180*220cm [vỏ chăn đơn],DUNG,Kích thước,尺寸规格: 180*220cm【单被套】,Kích thước: 180*220cm [vỏ chăn đơn],0.8388577699661255,0.8282270431518555,0.5541242957115173
tang1,附加功能,带把手,Có tay cầm,DUNG,Tính năng bổ sung,附加功能: 带把手,Tính năng bổ sung: Có tay cầm,0.7341351509094238,0.8395640850067139,0.6301964521408081
tang1,鞋跟高,高跟[6-8cm(含)],Giày cao gót [6-8cm (bao gồm)],SAI,Gót giày cao,鞋跟高: 高跟[6-8cm(含)],Gót giày cao: Giày cao gót [6-8cm (bao gồm)],0.8783923983573914,0.8695213198661804,0.8686753511428833
tang1,茶种类,苦荞茶,Trà kiều mạch,DUNG,Loại trà,茶种类: 苦荞茶,Loại trà: Trà kiều mạch,0.5185031890869141,0.6018575429916382,0.5522603392601013
tang1,净含量,30ml*5片,30ml * 5 miếng,DUNG,Khối lượng tịnh,净含量: 30ml*5片,Khối lượng tịnh: 30ml * 5 miếng,0.9019729495048523,0.8592579364776611,0.9019729495048523
tang1,科技,透气技术,Công nghệ thoáng khí,DUNG,Công nghệ,科技: 透气技术,Công nghệ: Công nghệ thoáng khí,0.7869512438774109,0.8335421085357666,0.7869512438774109
tang1,颜色,五环黑,Ngũ Hoàn Đen,DUNG,Màu sắc,颜色: 五环黑,Màu sắc: Ngũ Hoàn Đen,0.397514283657074,0.6222066283226013,0.34827619791030884
tang1,风格,工业风,phong cách công nghiệp,DUNG,Phong cách,风格: 工业风,Phong cách: phong cách công nghiệp,0.7930947542190552,0.8553726673126221,0.462039053440094
tang1,鞋帮高度,高帮,Giày cổ cao,DUNG,Chiều cao cổ giày,鞋帮高度: 高帮,Chiều cao cổ giày: Giày cổ cao,0.5290687680244446,0.7658843994140625,0.45958513021469116
tang1,是否可充电,可充电,Có thể sạc lại,DUNG,Có sạc được không,是否可充电: 可充电,Có sạc được không: Có thể sạc lại,0.8600271940231323,0.7845892906188965,0.7208285331726074
tang1,收纳场景,室内,Trong nhà,DUNG,Không gian sử dụng,收纳场景: 室内,Không gian sử dụng: Trong nhà,0.8161782026290894,0.8047853708267212,0.4881936311721802
tang1,适用人群,少年,cậu bé,SAI,Đối tượng sử dụng,适用人群: 少年,Đối tượng sử dụng: cậu bé,0.6700367331504822,0.7609622478485107,0.7073365449905396
tang1,颜色,苍岭绿,Xanh lục,DUNG,Màu sắc,颜色: 苍岭绿,Màu sắc: Xanh lục,0.43655678629875183,0.6251617074012756,0.34832775592803955
tang1,尺码,L（建议120-140斤穿）,L (đề nghị mặc 120-140 kg),SAI,Kích cỡ,尺码: L（建议120-140斤穿）,Kích cỡ: L (đề nghị mặc 120-140 kg),0.8917739391326904,0.8827728033065796,0.5278537273406982
tang1,尺码,39男,39 nam,DUNG,Kích cỡ,尺码: 39男,Kích cỡ: 39 nam,0.7885321974754333,0.9085906744003296,0.42836111783981323
tang1,尺寸规格,单被套150x200cm,Vỏ chăn đơn 150x200cm,DUNG,Kích thước,尺寸规格: 单被套150x200cm,Kích thước: Vỏ chăn đơn 150x200cm,0.8020172715187073,0.7795337438583374,0.5449842214584351
tang1,流行靴款,马丁靴,Giày bốt Martin,DUNG,Giày bốt phổ biến,流行靴款: 马丁靴,Giày bốt phổ biến: Giày bốt Martin,0.7102745771408081,0.708207368850708,0.6186927556991577
tang1,风格,欧式古典风,Phong cách cổ điển châu Âu,DUNG,Phong cách,风格: 欧式古典风,Phong cách: Phong cách cổ điển châu Âu,0.7649461030960083,0.768181324005127,0.49256449937820435
tang1,智能能力,自学习,tự học,DUNG,Năng lực thông minh,智能能力: 自学习,Năng lực thông minh: tự học,0.8860746622085571,0.8530743718147278,0.8860746622085571
tang1,我们能为您提供什么,免费设计、贴牌定制、oem/odm、品牌代工、散装散茶现货批发、分销代理、一件代发、极速出货,免费设计、贴牌定制、oem/odm、品牌代工、散装散茶现货批发、分销代理、一件代发、极速出货,SAI,Chúng tôi có thể cung cấp cho bạn những gì,我们能为您提供什么: 免费设计、贴牌定制、oem/odm、品牌代工、散装散茶现货批发、分销代理、一件代发、极速出货,Chúng tôi có thể cung cấp cho bạn những gì: 免费设计、贴牌定制、oem/odm、品牌代工、散装散茶现货批发、分销代理、一件代发、极速出货,1.0000001192092896,0.983137309551239,0.7687671780586243
tang1,颜色,土黄,Vàng đất,DUNG,Màu sắc,颜色: 土黄,Màu sắc: Vàng đất,0.4633954167366028,0.6939923763275146,0.30666279792785645
tang1,颜色,9.5长方盒9.5*6.5*2.6CM,9.5 hình chữ ngày hộp 9.5*6.5*2.6cm,SAI,Màu sắc,颜色: 9.5长方盒9.5*6.5*2.6CM,Màu sắc: 9.5 hình chữ ngày hộp 9.5*6.5*2.6cm,0.8146054148674011,0.8256030082702637,0.33211982250213623
tang1,主面料成分含量,80%（含）-90%（不含）,80% (bao gồm) - 90% (không bao gồm),DUNG,Tỉ lệ thành phần vải chính,主面料成分含量: 80%（含）-90%（不含）,Tỉ lệ thành phần vải chính: 80% (bao gồm) - 90% (không bao gồm),0.9088158011436462,0.8899787664413452,0.5638378262519836
tang1,适用场景,逛街,Mua sắm,DUNG,Dịp sử dụng,适用场景: 逛街,Dịp sử dụng: Mua sắm,0.7787282466888428,0.7483634352684021,0.6694166660308838
tang1,鞋面材质,网布面,Mặt lưới,DUNG,Chất liệu mặt giày,鞋面材质: 网布面,Chất liệu mặt giày: Mặt lưới,0.6359462141990662,0.8032488822937012,0.4746234118938446
tang1,鞋面材质,网布面,Bề mặt lưới,DUNG,Chất liệu mặt giày,鞋面材质: 网布面,Chất liệu mặt giày: Bề mặt lưới,0.6683344841003418,0.7943923473358154,0.4006786346435547
tang1,颜色,Z637黑色,Z637 màu đen,DUNG,Màu sắc,颜色: Z637黑色,Màu sắc: Z637 màu đen,0.9136642813682556,0.9052561521530151,0.3206239938735962
tang1,制作工艺,腌制,ngâm,SAI,Quy trình sản xuất,制作工艺: 腌制,Quy trình sản xuất: ngâm,0.5169428586959839,0.7259387969970703,0.5169428586959839
tang1,尺码,41 标准尺码,41 kích thước tiêu chuẩn,DUNG,Kích cỡ,尺码: 41 标准尺码,Kích cỡ: 41 kích thước tiêu chuẩn,0.8636994361877441,0.8742989301681519,0.503902018070221
tang1,颜色,郁金香,hoa tulip,DUNG,Màu sắc,颜色: 郁金香,Màu sắc: hoa tulip,0.565226674079895,0.7541836500167847,0.369140625
tang1,颜色,大红色,màu đỏ tươi,DUNG,Màu sắc,颜色: 大红色,Màu sắc: màu đỏ tươi,0.6166498064994812,0.7531226873397827,0.5120207071304321
tang1,洗涤方式,机洗/手洗,Giặt máy/giặt tay,DUNG,Phương pháp giặt,洗涤方式: 机洗/手洗,Phương pháp giặt: Giặt máy/giặt tay,0.8377702236175537,0.8708232641220093,0.8377702236175537
tang1,货号,棉短袖,Cộc tay cotton,DUNG,Mã sản phẩm,货号: 棉短袖,Mã sản phẩm: Cộc tay cotton,0.5740780830383301,0.6178511381149292,0.3546467423439026
tang1,适用送礼场合,颁奖纪念,Kỷ niệm giải thưởng,DUNG,Những dịp tặng quà thích hợp,适用送礼场合: 颁奖纪念,Những dịp tặng quà thích hợp: Kỷ niệm giải thưởng,0.8605241179466248,0.8420062065124512,0.5824685096740723
tang1,花型,奶昔白,Trắng sữa lắc,DUNG,Hoa văn,花型: 奶昔白,Hoa văn: Trắng sữa lắc,0.5576843619346619,0.5716550946235657,0.43385520577430725
tang1,产品类别,面贴式,Kiểu dán mặt,DUNG,Danh mục sản phẩm,产品类别: 面贴式,Danh mục sản phẩm: Kiểu dán mặt,0.6751077175140381,0.7187015414237976,0.322223961353302
tang1,尺码,S（建议75-100斤穿）,S (khuyến nghị 75-100 kg mặc),SAI,Kích cỡ,尺码: S（建议75-100斤穿）,Kích cỡ: S (khuyến nghị 75-100 kg mặc),0.8727482557296753,0.8710742592811584,0.6256762742996216
tang1,产品认证类型,非特化妆品备案,非特化妆品备案,SAI,Loại chứng nhận sản phẩm,产品认证类型: 非特化妆品备案,Loại chứng nhận sản phẩm: 非特化妆品备案,1.0,0.89840167760849,1.0
tang1,流行元素,肤感,Cảm giác da,DUNG,Yếu tố thịnh hành,流行元素: 肤感,Yếu tố thịnh hành: Cảm giác da,0.8145976066589355,0.7905269861221313,0.45855534076690674
tang1,面料名称,聚酰胺纤维(锦纶),Sợi polyamit (nylon),DUNG,Tên vải,面料名称: 聚酰胺纤维(锦纶),Tên vải: Sợi polyamit (nylon),0.5225043892860413,0.6390643119812012,0.4714145064353943
tang1,包装选择及茶叶等级,拉链袋散装、铁罐装、独立泡袋装、礼盒装、散茶箱装；【多规格茶叶选择有：特级、一级、二级、三级】,"Túi dây kéo số lượng lớn, lon sắt, túi bong bóng độc lập, hộp quà tặng, hộp trà rời, [Nhiều loại trà để lựa chọn: loại đặc biệt, hạng nhất, hạng hai, hạng ba]",SAI,Lựa chọn bao bì và loại trà,包装选择及茶叶等级: 拉链袋散装、铁罐装、独立泡袋装、礼盒装、散茶箱装；【多规格茶叶选择有：特级、一级、二级、三级】,"Lựa chọn bao bì và loại trà: Túi dây kéo số lượng lớn, lon sắt, túi bong bóng độc lập, hộp quà tặng, hộp trà rời, [Nhiều loại trà để lựa chọn: loại đặc biệt, hạng nhất, hạng hai, hạng ba]",0.7412846684455872,0.7742932438850403,0.7412846684455872
tang1,适用节日,元旦,Ngày đầu năm mới,DUNG,Lễ hội áp dụng,适用节日: 元旦,Lễ hội áp dụng: Ngày đầu năm mới,0.8014371395111084,0.7290722727775574,0.6569633483886719
tang1,颜色,森林绿,Xanh lá rừng,DUNG,Màu sắc,颜色: 森林绿,Màu sắc: Xanh lá rừng,0.6410693526268005,0.7774366140365601,0.2841663956642151
tang1,用途,非喜糖专用,Không kẹo cưới chuyên dụng,SAI,用途,用途: 非喜糖专用,用途: Không kẹo cưới chuyên dụng,0.6200088262557983,0.756911039352417,0.6666765809059143
tang1,颜色,丁香灰,Màu xám hoa cà,DUNG,Màu sắc,颜色: 丁香灰,Màu sắc: Màu xám hoa cà,0.41031613945961,0.6341228485107422,0.34501317143440247
tang1,颜色,森林绿,rừng xanh,DUNG,Màu sắc,颜色: 森林绿,Màu sắc: rừng xanh,0.7219191193580627,0.8211543560028076,0.30102095007896423
tang1,淘货类别,青春流行（18-40岁）,Thanh niên phổ biến (18-40 tuổi),SAI,Phân khúc khách hàng,淘货类别: 青春流行（18-40岁）,Phân khúc khách hàng: Thanh niên phổ biến (18-40 tuổi),0.7868497371673584,0.6983970403671265,0.7868497371673584
tang1,风格,青春校园,Khu vực sinh viên,SAI,Phong cách,风格: 青春校园,Phong cách: Khu vực sinh viên,0.5908250212669373,0.7472571730613708,0.4263972043991089
tang1,颜色,全黑,tất cả màu đen,DUNG,Màu sắc,颜色: 全黑,Màu sắc: tất cả màu đen,0.75653076171875,0.8469991087913513,0.3833346664905548
tang1,声道,双声道,Hai kênh,DUNG,Kênh âm thanh,声道: 双声道,Kênh âm thanh: Hai kênh,0.6365028023719788,0.7777233123779297,0.6365028023719788
tang1,功能,USB充电,Sạc USB,DUNG,Chức năng,功能: USB充电,Chức năng: Sạc USB,0.8886692523956299,0.8966088891029358,0.4491991400718689
tang1,颜色,霜绿,sương giá xanh,DUNG,Màu sắc,颜色: 霜绿,Màu sắc: sương giá xanh,0.48053881525993347,0.6721674799919128,0.31707268953323364
tang1,颜色,雾霾蓝,sương mù xanh,DUNG,Màu sắc,颜色: 雾霾蓝,Màu sắc: sương mù xanh,0.6257286667823792,0.7196641564369202,0.3981713056564331
tang1,颜色,丁香紫,Tím đinh hương,DUNG,Màu sắc,颜色: 丁香紫,Màu sắc: Tím đinh hương,0.567589282989502,0.7615880370140076,0.39588749408721924
tang1,是否有分隔,有分隔,Có ngăn,DUNG,Có phân chia không,是否有分隔: 有分隔,Có phân chia không: Có ngăn,0.7283223271369934,0.752079963684082,0.7283223271369934
tang1,生产日期,最新日期,ngày mới nhất,DUNG,Ngày sản xuất,生产日期: 最新日期,Ngày sản xuất: ngày mới nhất,0.849510133266449,0.8147885799407959,0.849510133266449
tang1,尺码,3XL【建议190-215斤】,3XL [khuyến nghị 190-215 kg],SAI,Kích cỡ,尺码: 3XL【建议190-215斤】,Kích cỡ: 3XL [khuyến nghị 190-215 kg],0.9213441610336304,0.9018268585205078,0.4896343946456909
tang1,产品类别,弹力球,Bóng đàn hồi,DUNG,Danh mục sản phẩm,产品类别: 弹力球,Danh mục sản phẩm: Bóng đàn hồi,0.6299399137496948,0.6901081800460815,0.4146413207054138
tang1,花型,雾霾灰,Xám khói,DUNG,Hoa văn,花型: 雾霾灰,Hoa văn: Xám khói,0.5722266435623169,0.5673694014549255,0.31864115595817566
tang1,功能,AI语音助手,Trợ lý giọng nói AI,DUNG,Chức năng,功能: AI语音助手,Chức năng: Trợ lý giọng nói AI,0.9063196778297424,0.8877427577972412,0.4092556834220886
tang1,彩泥类别,橡皮泥,Nhựa dẻo,DUNG,Loại đất sét màu,彩泥类别: 橡皮泥,Loại đất sét màu: Nhựa dẻo,0.4730721116065979,0.5429854393005371,0.4730721116065979
tang1,热卖月份,五月,Tháng 5,DUNG,Tháng bán chạy,热卖月份: 五月,Tháng bán chạy: Tháng 5,0.8365787267684937,0.8576405644416809,0.5302516222000122
tang1,尺寸规格,1.8m床【床单款四件套】-适合200x230cm被芯,Bộ ga giường 1.8m [bộ 4 món] - phù hợp với ruột chăn kích thước 200x230cm,DUNG,Kích thước,尺寸规格: 1.8m床【床单款四件套】-适合200x230cm被芯,Kích thước: Bộ ga giường 1.8m [bộ 4 món] - phù hợp với ruột chăn kích thước 200x230cm,0.7863404750823975,0.7863953709602356,0.6693650484085083
tang1,印花主题,中国文化,Văn hóa Trung Quốc,DUNG,Chủ đề hình in,印花主题: 中国文化,Chủ đề hình in: Văn hóa Trung Quốc,0.7197490930557251,0.7742595076560974,0.7197490930557251
tang1,采摘时间,雨后,Sau cơn mưa,SAI,Thời gian hái,采摘时间: 雨后,Thời gian hái: Sau cơn mưa,0.9067623019218445,0.86534583568573,0.7800353169441223
tang1,风格,欧式古典风,phong cách cổ điển châu Âu,DUNG,Phong cách,风格: 欧式古典风,Phong cách: phong cách cổ điển châu Âu,0.7756029367446899,0.7782979011535645,0.3982962369918823
tang1,尺码,XXL建议155-180斤,Khuyến nghị XXL 77.5-90kg,DUNG,Kích cỡ,尺码: XXL建议155-180斤,Kích cỡ: Khuyến nghị XXL 77.5-90kg,0.8186750411987305,0.8626231551170349,0.36288487911224365
tang1,功能,除异味,Loại bỏ mùi hôi,DUNG,Chức năng,功能: 除异味,Chức năng: Loại bỏ mùi hôi,0.8675705194473267,0.9035211205482483,0.65069580078125
tang1,产品类别,内衣收纳盒,hộp đựng đồ lót,DUNG,Danh mục sản phẩm,产品类别: 内衣收纳盒,Danh mục sản phẩm: hộp đựng đồ lót,0.7712763547897339,0.7139830589294434,0.6822347640991211
tang1,储藏方法,阴凉干燥处,Nơi khô mát,DUNG,Phương pháp bảo quản,储藏方法: 阴凉干燥处,Phương pháp bảo quản: Nơi khô mát,0.8394564986228943,0.9031343460083008,0.6809609532356262
tang1,功能,防静电,Chống tĩnh điện,DUNG,Chức năng,功能: 防静电,Chức năng: Chống tĩnh điện,0.8183735013008118,0.8796324133872986,0.4906196594238281
tang1,流行元素,爱心,Trái tim,DUNG,Yếu tố thịnh hành,流行元素: 爱心,Yếu tố thịnh hành: Trái tim,0.4708964228630066,0.6090766191482544,0.4402904510498047
tang1,形状,正方形,hình vuông,DUNG,Hình dạng,形状: 正方形,Hình dạng: hình vuông,0.6967154741287231,0.8154938220977783,0.44029876589775085
tang1,件数,3-4件,3-4 miếng,DUNG,件数,件数: 3-4件,件数: 3-4 miếng,0.8527404069900513,0.9201693534851074,0.8052306771278381
tang1,适用人群,母婴级,Cấp độ an toàn cho mẹ và bé,DUNG,Đối tượng sử dụng,适用人群: 母婴级,Đối tượng sử dụng: Cấp độ an toàn cho mẹ và bé,0.6821597814559937,0.8241946697235107,0.4023488461971283
tang1,产品类别,毛尖,Mao Tiêm,DUNG,Danh mục sản phẩm,产品类别: 毛尖,Danh mục sản phẩm: Mao Tiêm,0.30858004093170166,0.5598893761634827,0.4146692752838135
tang1,附加功能,防尘盖,Nắp chống bụi,DUNG,Tính năng bổ sung,附加功能: 防尘盖,Tính năng bổ sung: Nắp chống bụi,0.6285661458969116,0.7815370559692383,0.45597267150878906
tang1,规格尺寸,32G高速U3卡,Thẻ U3 tốc độ cao 32G,DUNG,Kích thước thông số kỹ thuật,规格尺寸: 32G高速U3卡,Kích thước thông số kỹ thuật: Thẻ U3 tốc độ cao 32G,0.9115678071975708,0.8859917521476746,0.37739306688308716
tang1,功能,防刺穿,Chống đâm xuyên,DUNG,Chức năng,功能: 防刺穿,Chức năng: Chống đâm xuyên,0.772880494594574,0.8640972375869751,0.4715571403503418
tang1,颜色分类,32G高速内存卡,Thẻ nhớ tốc độ cao 32G,DUNG,Phân loại màu sắc,颜色分类: 32G高速内存卡,Phân loại màu sắc: Thẻ nhớ tốc độ cao 32G,0.902363121509552,0.8838433027267456,0.4498268961906433
tang1,数据存储时间,4个小时,4 giờ,DUNG,Thời gian lưu trữ dữ liệu,数据存储时间: 4个小时,Thời gian lưu trữ dữ liệu: 4 giờ,0.8158040046691895,0.9395785331726074,0.6234960556030273
tang1,填充物,乳胶,Cao su,DUNG,Chất độn,填充物: 乳胶,Chất độn: Cao su,0.4235641658306122,0.6505368947982788,0.48183760046958923
tang1,功能,闪光,Lấp lánh,DUNG,Chức năng,功能: 闪光,Chức năng: Lấp lánh,0.5761237740516663,0.8004668951034546,0.3935590088367462
tang1,适用送礼关系,长辈,Người lớn tuổi,DUNG,Quan hệ quà tặng áp dụng,适用送礼关系: 长辈,Quan hệ quà tặng áp dụng: Người lớn tuổi,0.7374936938285828,0.7852926254272461,0.5060027837753296
tang1,流行元素,气囊,túi khí,SAI,Yếu tố thịnh hành,流行元素: 气囊,Yếu tố thịnh hành: túi khí,0.5984108448028564,0.6891533732414246,0.3181816637516022
tang1,使用场景,婚礼,đám cưới,DUNG,Tình huống sử dụng,使用场景: 婚礼,Tình huống sử dụng: đám cưới,0.851581335067749,0.8720899820327759,0.4008721113204956
tang1,使用场景,晒后修复,Phục hồi da sau khi tắm nắng,DUNG,Tình huống sử dụng,使用场景: 晒后修复,Tình huống sử dụng: Phục hồi da sau khi tắm nắng,0.8403273224830627,0.8392407894134521,0.5491467118263245
tang1,香水座材质,锌合金,Hợp kim kẽm,DUNG,Chất liệu đế nước hoa,香水座材质: 锌合金,Chất liệu đế nước hoa: Hợp kim kẽm,0.5367670655250549,0.6588123440742493,0.4004794955253601
tang1,适用机型,三星,Samsung,DUNG,Dòng máy tương thích,适用机型: 三星,Dòng máy tương thích: Samsung,0.8364190459251404,0.8004841208457947,0.8364190459251404
tang1,花型,奶茶芝士,Trà sữa phô mai,DUNG,Hoa văn,花型: 奶茶芝士,Hoa văn: Trà sữa phô mai,0.5698668360710144,0.6084911227226257,0.3975774645805359
tang1,特色功能,射击,Bắn súng,DUNG,Tính năng đặc biệt,特色功能: 射击,Tính năng đặc biệt: Bắn súng,0.6776930093765259,0.8333191275596619,0.4856097102165222
tang1,流行元素,翻边,Viền lật,DUNG,Yếu tố thịnh hành,流行元素: 翻边,Yếu tố thịnh hành: Viền lật,0.6165852546691895,0.6703088283538818,0.4087536633014679
tang1,尺寸,锅铲,Xẻng nấu ăn,DUNG,Kích thước,尺寸: 锅铲,Kích thước: Xẻng nấu ăn,0.5415177345275879,0.7127869129180908,0.3621230125427246
tang1,口径形状,中圆孔,Lỗ tròn vừa,DUNG,Hình dạng cỡ nòng,口径形状: 中圆孔,Hình dạng cỡ nòng: Lỗ tròn vừa,0.6102221012115479,0.7240498065948486,0.6102221012115479
tang1,产品类别,锅碟碗刷,Bàn chải bát đĩa,DUNG,Danh mục sản phẩm,产品类别: 锅碟碗刷,Danh mục sản phẩm: Bàn chải bát đĩa,0.645871102809906,0.6360955238342285,0.35101059079170227
tang1,产品类别,锅巴,Bánh gạo,SAI,Danh mục sản phẩm,产品类别: 锅巴,Danh mục sản phẩm: Bánh gạo,0.4157298803329468,0.5388943552970886,0.36394381523132324
tang1,颜色,粉色小号,Màu hồng cỡ nhỏ,DUNG,Màu sắc,颜色: 粉色小号,Màu sắc: Màu hồng cỡ nhỏ,0.7010325193405151,0.7797260284423828,0.5052993297576904
tang1,箱包形状,圆筒型,Loại hình trụ,DUNG,Hình dạng túi,箱包形状: 圆筒型,Hình dạng túi: Loại hình trụ,0.6596662998199463,0.7601689100265503,0.6596662998199463
tang1,鞋垫材质,头层猪皮,Lớp da heo đầu tiên,DUNG,Chất liệu lót giày,鞋垫材质: 头层猪皮,Chất liệu lót giày: Lớp da heo đầu tiên,0.431071400642395,0.6563332080841064,0.44714921712875366
tang1,颜色,牛仔裤,Quần jean,DUNG,Màu sắc,颜色: 牛仔裤,Màu sắc: Quần jean,0.5918606519699097,0.7418474555015564,0.4781395494937897
tang1,产品名称,氨基酸洗面奶,Sữa rửa mặt axit amin,DUNG,Tên sản phẩm,产品名称: 氨基酸洗面奶,Tên sản phẩm: Sữa rửa mặt axit amin,0.6967119574546814,0.7395665645599365,0.6967119574546814
tang1,皮质特征,复合牛皮,Da bò composite,DUNG,Đặc điểm da,皮质特征: 复合牛皮,Đặc điểm da: Da bò composite,0.5772180557250977,0.7203582525253296,0.4294508695602417
tang1,箱包潮流款式,铂金包,Túi bạch kim,SAI,Kiểu túi thời trang,箱包潮流款式: 铂金包,Kiểu túi thời trang: Túi bạch kim,0.5854219198226929,0.6640274524688721,0.5104087591171265
tang1,尺码,XXXL（建议180-200斤穿）,XXXL (nên mặc 180-200 kg),SAI,Kích cỡ,尺码: XXXL（建议180-200斤穿）,Kích cỡ: XXXL (nên mặc 180-200 kg),0.8811658620834351,0.876883864402771,0.7368226051330566
tang1,货号,bk男鞋,Giày nam BK,DUNG,Mã sản phẩm,货号: bk男鞋,Mã sản phẩm: Giày nam BK,0.7792985439300537,0.8254625797271729,0.7792985439300537
tang1,功能,带滑轮,Có bánh xe trượt,DUNG,Chức năng,功能: 带滑轮,Chức năng: Có bánh xe trượt,0.7359635829925537,0.829990804195404,0.4644441604614258
tang1,适用年龄段,中年（40-60周岁）,Người trung niên (40-60 tuổi),DUNG,Nhóm tuổi áp dụng,适用年龄段: 中年（40-60周岁）,Nhóm tuổi áp dụng: Người trung niên (40-60 tuổi),0.9113759398460388,0.8569286465644836,0.8962602615356445
tang1,适用年龄段,中年（40-60周岁）,Tuổi trung niên (40-60 tuổi),DUNG,Nhóm tuổi áp dụng,适用年龄段: 中年（40-60周岁）,Nhóm tuổi áp dụng: Tuổi trung niên (40-60 tuổi),0.8962602615356445,0.8570574522018433,0.9113759398460388
tang1,塑料新料占比,60%——80%新料,60%——80% vật liệu mới,DUNG,Tỷ lệ vật liệu nhựa mới,塑料新料占比: 60%——80%新料,Tỷ lệ vật liệu nhựa mới: 60%——80% vật liệu mới,0.9305996894836426,0.8685217499732971,0.9418551921844482
tang1,尺寸规格,150*200cm【单件被套】,150*200cm [Vỏ chăn đơn],DUNG,Kích thước,尺寸规格: 150*200cm【单件被套】,Kích thước: 150*200cm [Vỏ chăn đơn],0.7871267795562744,0.7951725125312805,0.6754571199417114
tang1,适合场地,野外,Hoang dã,DUNG,Phù hợp với địa điểm,适合场地: 野外,Phù hợp với địa điểm: Hoang dã,0.5302333235740662,0.7625977993011475,0.6347060799598694
tang1,品种,酥性饼干,Bánh quy giòn,DUNG,Giống,品种: 酥性饼干,Giống: Bánh quy giòn,0.5560930967330933,0.6658625602722168,0.49934929609298706
tang1,尺寸规格,1.8m床单款四件套,Bộ bốn món ga trải giường 1.8m,DUNG,Kích thước,尺寸规格: 1.8m床单款四件套,Kích thước: Bộ bốn món ga trải giường 1.8m,0.8173065185546875,0.7866024971008301,0.6512352824211121
tang1,颜色,米粉色,Màu hồng phấn,DUNG,Màu sắc,颜色: 米粉色,Màu sắc: Màu hồng phấn,0.6285390853881836,0.6880520582199097,0.375851035118103
tang1,颜色,石墨黑,đen than chì,DUNG,Màu sắc,颜色: 石墨黑,Màu sắc: đen than chì,0.5200681686401367,0.6871815919876099,0.3687645196914673
tang1,尺寸,32寸,32inch,DUNG,Kích thước,尺寸: 32寸,Kích thước: 32inch,0.9353423118591309,0.9404261112213135,0.6633535027503967
tang1,颜色,元祖灰,Xám nguyên bản,DUNG,Màu sắc,颜色: 元祖灰,Màu sắc: Xám nguyên bản,0.40454867482185364,0.6262661814689636,0.3818402886390686
tang1,适合场地,天然草地,Cỏ tự nhiên,DUNG,Phù hợp với địa điểm,适合场地: 天然草地,Phù hợp với địa điểm: Cỏ tự nhiên,0.6441344022750854,0.7684608101844788,0.7815972566604614
tang1,颜色,咖色小熊,Gấu nhỏ màu cà phê,DUNG,Màu sắc,颜色: 咖色小熊,Màu sắc: Gấu nhỏ màu cà phê,0.6625422239303589,0.7289695739746094,0.398040235042572
tang1,服装款式细节,开衩,khe,SAI,Chi tiết phong cách quần áo,服装款式细节: 开衩,Chi tiết phong cách quần áo: khe,0.43421679735183716,0.7230979800224304,0.43421679735183716
tang1,袖长,七分袖,Tay bảy tấc,SAI,Chiều dài tay áo,袖长: 七分袖,Chiều dài tay áo: Tay bảy tấc,0.6176808476448059,0.7895854115486145,0.5706868171691895
tang1,积木粒(片）数,100-200粒(片),100-200 viên (viên),DUNG,Số lượng khối xây dựng (mảnh),积木粒(片）数: 100-200粒(片),Số lượng khối xây dựng (mảnh): 100-200 viên (viên),0.8151687383651733,0.733604907989502,0.8151687383651733
tang1,皮质特征,修面皮,Da cạo râu,SAI,Đặc điểm da,皮质特征: 修面皮,Đặc điểm da: Da cạo râu,0.5145177245140076,0.6601899862289429,0.3697541356086731
tang1,置物用品类型,置物袋,túi lưu trữ,DUNG,Loại đồ dùng,置物用品类型: 置物袋,Loại đồ dùng: túi lưu trữ,0.698318362236023,0.7321820259094238,0.7444858551025391
tang1,上市年份/季节,2026年,năm 2026,DUNG,Năm/mùa ra mắt,上市年份/季节: 2026年,Năm/mùa ra mắt: năm 2026,0.9371822476387024,0.8987720608711243,0.9371822476387024
tang1,容量,5L-10L（含）,5L-10L (đã bao gồm),DUNG,Dung tích,容量: 5L-10L（含）,Dung tích: 5L-10L (đã bao gồm),0.9385921955108643,0.9175673723220825,0.3726295828819275
tang1,保质期,9个月,9 tháng,DUNG,Thời hạn sử dụng,保质期: 9个月,Thời hạn sử dụng: 9 tháng,0.9457516670227051,0.8971502780914307,0.4430992603302002
tang1,颜色,米灰,Màu xám gạo,DUNG,Màu sắc,颜色: 米灰,Màu sắc: Màu xám gạo,0.5185720920562744,0.6733276844024658,0.27349281311035156
tang1,箱包潮流款式,邮差包,Túi đưa thư,DUNG,Kiểu túi thời trang,箱包潮流款式: 邮差包,Kiểu túi thời trang: Túi đưa thư,0.6967547535896301,0.7178024053573608,0.36271554231643677
tang1,颜色,白蓝色,Màu xanh lam trắng,DUNG,Màu sắc,颜色: 白蓝色,Màu sắc: Màu xanh lam trắng,0.6289393901824951,0.7438080310821533,0.38705140352249146
tang1,克重,3000g（含）-3500g（不含）,3000g (bao gồm)-3500g (không bao gồm),DUNG,Trọng lượng,克重: 3000g（含）-3500g（不含）,Trọng lượng: 3000g (bao gồm)-3500g (không bao gồm),0.9451931715011597,0.9072258472442627,0.7866407632827759
tang1,使用位置,中控台,bảng điều khiển trung tâm,DUNG,Sử dụng vị trí,使用位置: 中控台,Sử dụng vị trí: bảng điều khiển trung tâm,0.6564346551895142,0.7846372723579407,0.46423545479774475
tang1,拍照像素,3400万,34 triệu,SAI,Độ phân giải chụp ảnh,拍照像素: 3400万,Độ phân giải chụp ảnh: 34 triệu,0.7368482351303101,0.7745158672332764,0.6368048191070557
tang1,尺寸规格,1.8m床单款四件套【被套200*230】,Bộ bốn mảnh ga trải giường 1.8 m [vỏ chăn 200*230],DUNG,Kích thước,尺寸规格: 1.8m床单款四件套【被套200*230】,Kích thước: Bộ bốn mảnh ga trải giường 1.8 m [vỏ chăn 200*230],0.8228957653045654,0.8089978694915771,0.654992938041687
tang1,适用车型,通用款,Mô hình phổ quát,SAI,Mô hình áp dụng,适用车型: 通用款,Mô hình áp dụng: Mô hình phổ quát,0.5230318307876587,0.5702477693557739,0.5230318307876587
tang1,使用方式,折叠式,Kiểu gấp,DUNG,Cách sử dụng,使用方式: 折叠式,Cách sử dụng: Kiểu gấp,0.6456426382064819,0.7891935110092163,0.4769649803638458
tang1,尺寸规格,0.9m宿舍床【床单款三件套】-适合150x200cm被芯,Giường ký túc xá 0.9m [bộ ga trải giường ba món] - phù hợp với ruột chăn 150x200cm,DUNG,Kích thước,尺寸规格: 0.9m宿舍床【床单款三件套】-适合150x200cm被芯,Kích thước: Giường ký túc xá 0.9m [bộ ga trải giường ba món] - phù hợp với ruột chăn 150x200cm,0.7507880926132202,0.7499219179153442,0.6021791696548462
tang1,尺寸规格,1.5m床【床单款四件套】-适合200x230cm被芯,Giường 1.5m [bộ ga trải giường gồm 4 mảnh] - phù hợp với lõi chăn 200x230cm,DUNG,Kích thước,尺寸规格: 1.5m床【床单款四件套】-适合200x230cm被芯,Kích thước: Giường 1.5m [bộ ga trải giường gồm 4 mảnh] - phù hợp với lõi chăn 200x230cm,0.7898226976394653,0.7913104295730591,0.59486985206604
tang1,款式,篮球鞋,giày bóng rổ,DUNG,Kiểu dáng,款式: 篮球鞋,Kiểu dáng: giày bóng rổ,0.7587061524391174,0.8164432644844055,0.3618818521499634
tang1,安装位置,汽车挡风玻璃,kính chắn gió ô tô,DUNG,Vị trí lắp đặt,安装位置: 汽车挡风玻璃,Vị trí lắp đặt: kính chắn gió ô tô,0.7617670297622681,0.819625198841095,0.7320016622543335
tang1,克重,300g（不含）以下,300g (không bao gồm) và các loại nhỏ hơn,DUNG,Trọng lượng,克重: 300g（不含）以下,Trọng lượng: 300g (không bao gồm) và các loại nhỏ hơn,0.8975086212158203,0.873617947101593,0.6601889133453369
tang1,功能,轻量缓震,Giảm chấn nhẹ,DUNG,Chức năng,功能: 轻量缓震,Chức năng: Giảm chấn nhẹ,0.7777446508407593,0.8417056202888489,0.48027652502059937
tang1,执行质量标准,一等品,Hạng nhất,DUNG,Thực hiện các tiêu chuẩn chất lượng,执行质量标准: 一等品,Thực hiện các tiêu chuẩn chất lượng: Hạng nhất,0.5931988954544067,0.7683502435684204,0.5907837152481079
tang1,面料名称,丝光棉,Bông Mercerized,DUNG,Tên vải,面料名称: 丝光棉,Tên vải: Bông Mercerized,0.34442371129989624,0.5486676692962646,0.46603918075561523
tang1,皮质特征,油蜡皮,Da sáp dầu,DUNG,Đặc điểm da,皮质特征: 油蜡皮,Đặc điểm da: Da sáp dầu,0.6123573780059814,0.701911211013794,0.4131110906600952
tang1,产品上市时间,2025年秋,Mùa thu năm 2025,DUNG,Thời gian ra mắt sản phẩm,产品上市时间: 2025年秋,Thời gian ra mắt sản phẩm: Mùa thu năm 2025,0.8474655151367188,0.9060249328613281,0.4714376926422119
tang1,颜色,石墨灰,màu xám than chì,DUNG,Màu sắc,颜色: 石墨灰,Màu sắc: màu xám than chì,0.47717511653900146,0.6397525072097778,0.41035348176956177
tang1,产品上市时间,2025年春,Mùa xuân năm 2025,DUNG,Thời gian ra mắt sản phẩm,产品上市时间: 2025年春,Thời gian ra mắt sản phẩm: Mùa xuân năm 2025,0.8964263200759888,0.9225785136222839,0.7763192057609558
tang1,尺码,58/195/4XL适合200-220斤,58/195/4XL vừa vặn 100-110kg,DUNG,Kích cỡ,尺码: 58/195/4XL适合200-220斤,Kích cỡ: 58/195/4XL vừa vặn 100-110kg,0.823676347732544,0.8667260408401489,0.6310425996780396
tang1,鞋头形状,无鞋头,Không có ngón chân,SAI,Hình dạng mũi giày,鞋头形状: 无鞋头,Hình dạng mũi giày: Không có ngón chân,0.7662640810012817,0.8317526578903198,0.7662640810012817
tang1,包装体积,实物为准,Sản phẩm thực tế là chuẩn,DUNG,Thể tích đóng gói,包装体积: 实物为准,Thể tích đóng gói: Sản phẩm thực tế là chuẩn,0.6926418542861938,0.7644048929214478,0.6281301379203796
tang1,是否含糖,不添加蔗糖,Không thêm sucrose,DUNG,Có chứa đường không,是否含糖: 不添加蔗糖,Có chứa đường không: Không thêm sucrose,0.7939946055412292,0.8187679052352905,0.7939946055412292
tang1,上市年份/季节,2025年夏,Mùa hè năm 2025,DUNG,Năm/mùa ra mắt,上市年份/季节: 2025年夏,Năm/mùa ra mắt: Mùa hè năm 2025,0.8961063623428345,0.8450422286987305,0.7358075380325317
tang1,鞋跟高,超高跟[大于8cm],Giày cao gót siêu cao [lớn hơn 8cm],SAI,Gót giày cao,鞋跟高: 超高跟[大于8cm],Gót giày cao: Giày cao gót siêu cao [lớn hơn 8cm],0.8887542486190796,0.8755230903625488,0.7622878551483154
tang1,货号,简约收纳盒,Hộp đựng đồ đơn giản,DUNG,Mã sản phẩm,货号: 简约收纳盒,Mã sản phẩm: Hộp đựng đồ đơn giản,0.8246816992759705,0.7901922464370728,0.41520780324935913
tang1,适用送礼关系,同事,Đồng nghiệp,DUNG,Quan hệ quà tặng áp dụng,适用送礼关系: 同事,Quan hệ quà tặng áp dụng: Đồng nghiệp,0.8043621778488159,0.810636579990387,0.7131744623184204
tang1,工艺,扎染,Nhuộm cà vạt,SAI,Công nghệ,工艺: 扎染,Công nghệ: Nhuộm cà vạt,0.4166194796562195,0.6769173741340637,0.2531101107597351
tang1,尺寸,80寸,80 inch,DUNG,Kích thước,尺寸: 80寸,Kích thước: 80 inch,0.9066309928894043,0.9255335330963135,0.4035669267177582
tang1,3C配置类别,14岁以下的黏土玩具,Đồ chơi đất nặn dành cho trẻ em dưới 14 tuổi,DUNG,Danh mục cấu hình 3C,3C配置类别: 14岁以下的黏土玩具,Danh mục cấu hình 3C: Đồ chơi đất nặn dành cho trẻ em dưới 14 tuổi,0.7589722275733948,0.7305856943130493,0.831208348274231
tang1,鞋面材质,超纤皮（革）,Da Microfiber (da nhân tạo),DUNG,Chất liệu mặt giày,鞋面材质: 超纤皮（革）,Chất liệu mặt giày: Da Microfiber (da nhân tạo),0.5327104926109314,0.7582302689552307,0.4631594717502594
tang1,适用型号,iPhone 12 Pro 6.1寸,IPhone 12 Pro 6.1 inch,DUNG,Dòng máy tương thích,适用型号: iPhone 12 Pro 6.1寸,Dòng máy tương thích: IPhone 12 Pro 6.1 inch,0.9595563411712646,0.8781810998916626,0.24710679054260254
tang1,肩带根数,无肩带,không dây,DUNG,Số dây đeo vai,肩带根数: 无肩带,Số dây đeo vai: không dây,0.6912821531295776,0.8165262937545776,0.4119166135787964
tang1,鞋垫材质,超纤皮,Da vi sợi,DUNG,Chất liệu lót giày,鞋垫材质: 超纤皮,Chất liệu lót giày: Da vi sợi,0.5314618349075317,0.7007440328598022,0.4004039764404297
tang1,食品工艺,冷萃,bia lạnh,SAI,Công nghệ chế biến,食品工艺: 冷萃,Công nghệ chế biến: bia lạnh,0.5077048540115356,0.6645271182060242,0.5182389616966248
tang1,尺码,XXXL建议180-205斤,Khuyến nghị XXXL 90-102.5kg,DUNG,Kích cỡ,尺码: XXXL建议180-205斤,Kích cỡ: Khuyến nghị XXXL 90-102.5kg,0.813615083694458,0.8444521427154541,0.809662938117981
tang1,适用型号,iPhone 13 6.1寸,IPhone 13 6.1 inch,DUNG,Dòng máy tương thích,适用型号: iPhone 13 6.1寸,Dòng máy tương thích: IPhone 13 6.1 inch,0.961851954460144,0.8725553750991821,0.47371000051498413
tang1,适用型号,iPhone 13 Pro 6.1寸,IPhone 13 Pro 6.1 inch,DUNG,Dòng máy tương thích,适用型号: iPhone 13 Pro 6.1寸,Dòng máy tương thích: IPhone 13 Pro 6.1 inch,0.9630295038223267,0.8820372223854065,0.5462031364440918
tang1,附加功能,无线充电,sạc không dây,DUNG,Tính năng bổ sung,附加功能: 无线充电,Tính năng bổ sung: sạc không dây,0.7470762729644775,0.839618444442749,0.724169909954071
tang1,产品类别,手风琴,Đàn phong cầm,DUNG,Danh mục sản phẩm,产品类别: 手风琴,Danh mục sản phẩm: Đàn phong cầm,0.540955662727356,0.5990343689918518,0.480196475982666
tang1,颜色,赤兔红,Xích Thố Đỏ,DUNG,Màu sắc,颜色: 赤兔红,Màu sắc: Xích Thố Đỏ,0.46926531195640564,0.6052185297012329,0.2743104100227356
tang1,面料名称,竹纤维,Sợi tre,DUNG,Tên vải,面料名称: 竹纤维,Tên vải: Sợi tre,0.5355655550956726,0.6828598976135254,0.2875863313674927
tang1,适用送礼场合,开业典礼,lễ khai mạc,SAI,Những dịp tặng quà thích hợp,适用送礼场合: 开业典礼,Những dịp tặng quà thích hợp: lễ khai mạc,0.8717592358589172,0.8266127705574036,0.8989617824554443
tang1,包装方式,电商盒,Hộp thương mại điện tử,DUNG,Cách đóng gói,包装方式: 电商盒,Cách đóng gói: Hộp thương mại điện tử,0.6635898351669312,0.757421612739563,0.6635898351669312
tang1,门襟,无扣,Không khuy,DUNG,Vạt áo,门襟: 无扣,Vạt áo: Không khuy,0.57337886095047,0.7244164347648621,0.57337886095047
tang1,热卖月份,七月,Tháng 7,DUNG,Tháng bán chạy,热卖月份: 七月,Tháng bán chạy: Tháng 7,0.8971691131591797,0.8838232755661011,0.5431537628173828
tang1,洗涤方式,手洗,Giặt tay,DUNG,Phương pháp giặt,洗涤方式: 手洗,Phương pháp giặt: Giặt tay,0.8741487860679626,0.8611244559288025,0.4189329743385315
tang1,适用型号,iPhone 15 Pro 6.1寸,IPhone 15 Pro 6.1 inch,DUNG,Dòng máy tương thích,适用型号: iPhone 15 Pro 6.1寸,Dòng máy tương thích: IPhone 15 Pro 6.1 inch,0.9639140367507935,0.8880974054336548,0.41435810923576355
tang1,适用型号,iPhone 15 Pro max 6.7寸,IPhone 15 Pro max 6.7 inch,DUNG,Dòng máy tương thích,适用型号: iPhone 15 Pro max 6.7寸,Dòng máy tương thích: IPhone 15 Pro max 6.7 inch,0.9778757095336914,0.8931634426116943,0.8177896738052368
tang1,款式细节,贴布装饰,Miếng dán trang trí,DUNG,Chi tiết kiểu dáng,款式细节: 贴布装饰,Chi tiết kiểu dáng: Miếng dán trang trí,0.6932598352432251,0.7295299172401428,0.47070109844207764
tang1,玩具类型,玩具车,Xe đồ chơi,DUNG,Loại đồ chơi,玩具类型: 玩具车,Loại đồ chơi: Xe đồ chơi,0.8091522455215454,0.8386853337287903,0.8091522455215454
tang1,类型,电池,pin,DUNG,Loại,类型: 电池,Loại: pin,0.4996890425682068,0.8089051246643066,0.4287498891353607
tang1,流行元素,编织纹,Mẫu bện,DUNG,Yếu tố thịnh hành,流行元素: 编织纹,Yếu tố thịnh hành: Mẫu bện,0.47097402811050415,0.6106894016265869,0.4174157381057739
tang1,风格,动漫,Anime,DUNG,Phong cách,风格: 动漫,Phong cách: Anime,0.80914705991745,0.8539465665817261,0.4133247137069702
tang1,产品上市时间,2024年春,Mùa xuân năm 2024,DUNG,Thời gian ra mắt sản phẩm,产品上市时间: 2024年春,Thời gian ra mắt sản phẩm: Mùa xuân năm 2024,0.8992289900779724,0.9301549196243286,0.6088553667068481
tang1,产品类别,洁面乳,chất tẩy rửa,SAI,Danh mục sản phẩm,产品类别: 洁面乳,Danh mục sản phẩm: chất tẩy rửa,0.6309903264045715,0.6304721832275391,0.3606153130531311
tang1,产品系列,洁面乳,sữa rửa mặt,DUNG,Dòng sản phẩm,产品系列: 洁面乳,Dòng sản phẩm: sữa rửa mặt,0.7014316916465759,0.7532138228416443,0.7014316916465759
tang1,货号,豆干,Đậu phụ khô,DUNG,Mã sản phẩm,货号: 豆干,Mã sản phẩm: Đậu phụ khô,0.49815165996551514,0.6231657862663269,0.35032278299331665
tang1,颜色,石墨灰,Màu xám than chì,DUNG,Màu sắc,颜色: 石墨灰,Màu sắc: Màu xám than chì,0.48904091119766235,0.6488586068153381,0.424885630607605
tang1,流行元素,手工,thủ công,DUNG,Yếu tố thịnh hành,流行元素: 手工,Yếu tố thịnh hành: thủ công,0.8110358715057373,0.7343717813491821,0.4868120551109314
tang1,场景,旅行,Du lịch,DUNG,Cảnh,场景: 旅行,Cảnh: Du lịch,0.8508590459823608,0.7967404127120972,0.4892229437828064
tang1,净度,询问客服,Hỏi nhân viên hỗ trợ khách hàng,DUNG,Độ sạch,净度: 询问客服,Độ sạch: Hỏi nhân viên hỗ trợ khách hàng,0.8539274334907532,0.7926487326622009,0.4273180365562439
tang1,尺寸,100寸,100 inch,DUNG,Kích thước,尺寸: 100寸,Kích thước: 100 inch,0.8936599493026733,0.9219982624053955,0.3094722330570221
tang1,产品类别,洗碗巾,Khăn rửa bát,DUNG,Danh mục sản phẩm,产品类别: 洗碗巾,Danh mục sản phẩm: Khăn rửa bát,0.720738410949707,0.6534109115600586,0.3444939851760864
tang1,箱包大小,MINI/迷你,MINI/mini,DUNG,Kích thước túi,箱包大小: MINI/迷你,Kích thước túi: MINI/mini,0.9328847527503967,0.9048881530761719,0.5761884450912476
tang1,领型,方领,Cổ vuông,DUNG,Kiểu cổ áo,领型: 方领,Kiểu cổ áo: Cổ vuông,0.3454191982746124,0.6847841739654541,0.29945802688598633
tang1,毛重,询客服,Hỏi dịch vụ khách hàng,DUNG,Trọng lượng cả bì,毛重: 询客服,Trọng lượng cả bì: Hỏi dịch vụ khách hàng,0.802405595779419,0.6602560877799988,0.6691694855690002
tang1,安装方式,手动,hướng dẫn sử dụng,SAI,Cách lắp đặt,安装方式: 手动,Cách lắp đặt: hướng dẫn sử dụng,0.5935443043708801,0.7965394258499146,0.5222158432006836
tang1,产品类别,手办收纳盒,Hộp đựng đồ làm bằng tay,SAI,Danh mục sản phẩm,产品类别: 手办收纳盒,Danh mục sản phẩm: Hộp đựng đồ làm bằng tay,0.7576838731765747,0.6971105337142944,0.6622930765151978
tang1,规格型号,2350文件盒22.7*16.5*5.2CM,2350 hộp tài liệu 22.7*16.5*5.2cm,DUNG,Model quy cách,规格型号: 2350文件盒22.7*16.5*5.2CM,Model quy cách: 2350 hộp tài liệu 22.7*16.5*5.2cm,0.885918378829956,0.8535667657852173,0.5577406287193298
tang1,主面料成分含量,100棉,100% cotton,DUNG,Tỉ lệ thành phần vải chính,主面料成分含量: 100棉,Tỉ lệ thành phần vải chính: 100% cotton,0.693550169467926,0.8321717381477356,0.422889769077301
tang1,颜色,玫瑰金色,Màu vàng hồng,DUNG,Màu sắc,颜色: 玫瑰金色,Màu sắc: Màu vàng hồng,0.621482253074646,0.7448749542236328,0.5784796476364136
tang1,颜色,浅卡其,Kaki nhạt,DUNG,Màu sắc,颜色: 浅卡其,Màu sắc: Kaki nhạt,0.46650010347366333,0.7494825124740601,0.3563607931137085
tang1,产品类别,手办收纳盒,Hộp đựng mô hình,DUNG,Danh mục sản phẩm,产品类别: 手办收纳盒,Danh mục sản phẩm: Hộp đựng mô hình,0.6768370270729065,0.6697107553482056,0.7215269804000854
tang1,颜色,少女粉,màu hồng nữ tính,DUNG,Màu sắc,颜色: 少女粉,Màu sắc: màu hồng nữ tính,0.522881269454956,0.7176194190979004,0.24508708715438843
tang1,颜色,浅卡其,kaki nhạt,DUNG,Màu sắc,颜色: 浅卡其,Màu sắc: kaki nhạt,0.5039113163948059,0.7577579617500305,0.3412919044494629
tang1,风格,宫廷风,Phong cách cung đình,DUNG,Phong cách,风格: 宫廷风,Phong cách: Phong cách cung đình,0.7456757426261902,0.8056286573410034,0.5803682208061218
tang1,生产日期,新茶,Trà mới,DUNG,Ngày sản xuất,生产日期: 新茶,Ngày sản xuất: Trà mới,0.7958420515060425,0.8603411316871643,0.7055424451828003
tang1,颜色,5.5长方盒5.5*4*2CM,5.5 hình chữ ngày hộp 5.5*4*2cm,SAI,Màu sắc,颜色: 5.5长方盒5.5*4*2CM,Màu sắc: 5.5 hình chữ ngày hộp 5.5*4*2cm,0.819043755531311,0.8200643062591553,0.3803732693195343
tang1,尺寸规格,200*230cm【单件被套】,200*230cm [Vỏ chăn đơn chiếc],DUNG,Kích thước,尺寸规格: 200*230cm【单件被套】,Kích thước: 200*230cm [Vỏ chăn đơn chiếc],0.8592104911804199,0.8456467390060425,0.6705456972122192
tang1,类型,西式糕点,Bánh ngọt kiểu phương Tây,DUNG,Loại,类型: 西式糕点,Loại: Bánh ngọt kiểu phương Tây,0.7156141996383667,0.8078161478042603,0.36663001775741577
tang1,流行元素,新年,Năm mới,DUNG,Yếu tố thịnh hành,流行元素: 新年,Yếu tố thịnh hành: Năm mới,0.8645827770233154,0.7646059393882751,0.43537554144859314
tang1,功能,电量数显,Hiển thị kỹ thuật số mức pin,DUNG,Chức năng,功能: 电量数显,Chức năng: Hiển thị kỹ thuật số mức pin,0.640181303024292,0.7707791328430176,0.40820345282554626
tang1,颜色,经典黑,màu đen cổ điển,DUNG,Màu sắc,颜色: 经典黑,Màu sắc: màu đen cổ điển,0.6414502263069153,0.8015469312667847,0.38069063425064087
tang1,产品上市时间,2023年秋,Mùa thu năm 2023,DUNG,Thời gian ra mắt sản phẩm,产品上市时间: 2023年秋,Thời gian ra mắt sản phẩm: Mùa thu năm 2023,0.8578858375549316,0.9159142971038818,0.5561307668685913
tang1,适用送礼场合,所有地方,Tất cả các nơi,DUNG,Những dịp tặng quà thích hợp,适用送礼场合: 所有地方,Những dịp tặng quà thích hợp: Tất cả các nơi,0.8996262550354004,0.8604954481124878,0.3870150148868561
tang1,风格,现代,Hiện đại,DUNG,Phong cách,风格: 现代,Phong cách: Hiện đại,0.7068088054656982,0.8453032970428467,0.38616156578063965
tang1,款式,半包式,một nửa gói,SAI,Kiểu dáng,款式: 半包式,Kiểu dáng: một nửa gói,0.7322068214416504,0.8220111727714539,0.47222036123275757
tang1,适用人群,学生,học sinh,DUNG,Đối tượng sử dụng,适用人群: 学生,Đối tượng sử dụng: học sinh,0.8772677183151245,0.8433984518051147,0.6086697578430176
tang1,热卖月份,九月,Tháng 9,DUNG,Tháng bán chạy,热卖月份: 九月,Tháng bán chạy: Tháng 9,0.8811848759651184,0.8786983489990234,0.5526631474494934
tang1,适用人群,少年,thanh thiếu niên,DUNG,Đối tượng sử dụng,适用人群: 少年,Đối tượng sử dụng: thanh thiếu niên,0.7073365449905396,0.792142391204834,0.6739122867584229
tang1,风格,文艺,Văn nghệ,DUNG,Phong cách,风格: 文艺,Phong cách: Văn nghệ,0.6033735871315002,0.748657763004303,0.4255530834197998
tang1,颜色,浅棕色,màu nâu nhạt,DUNG,Màu sắc,颜色: 浅棕色,Màu sắc: màu nâu nhạt,0.7074838876724243,0.7624966502189636,0.44709891080856323
tang1,核心成分,积雪草,Centella của châu Á,SAI,Thành phần cốt lõi,核心成分: 积雪草,Thành phần cốt lõi: Centella của châu Á,0.3206036686897278,0.5476844906806946,0.3090425133705139
tang1,筒高,中筒,Vớ cổ trung,DUNG,Chiều cao ống,筒高: 中筒,Chiều cao ống: Vớ cổ trung,0.5506121516227722,0.7542343139648438,0.5326662063598633
tang1,适用人群,所有人,Tất cả mọi người,DUNG,Đối tượng sử dụng,适用人群: 所有人,Đối tượng sử dụng: Tất cả mọi người,0.8274785280227661,0.8693041205406189,0.4912593364715576
tang1,安装方式,组装,lắp ráp,DUNG,Cách lắp đặt,安装方式: 组装,Cách lắp đặt: lắp ráp,0.7164385914802551,0.8248944878578186,0.6135879755020142
tang1,风格,街头,Đường phố,DUNG,Phong cách,风格: 街头,Phong cách: Đường phố,0.7679803967475891,0.8608628511428833,0.44174352288246155
tang1,流行元素,纽扣,Cúc áo,DUNG,Yếu tố thịnh hành,流行元素: 纽扣,Yếu tố thịnh hành: Cúc áo,0.5087889432907104,0.6402776837348938,0.4799843430519104
tang1,肩带根数,三根,ba,SAI,Số dây đeo vai,肩带根数: 三根,Số dây đeo vai: ba,0.3731940686702728,0.8046859502792358,0.35127386450767517
tang1,颜色,浅粉色,màu hồng nhạt,DUNG,Màu sắc,颜色: 浅粉色,Màu sắc: màu hồng nhạt,0.7173163890838623,0.7705565690994263,0.3749399185180664
tang1,颜色,藕粉,Hồng củ sen,DUNG,Màu sắc,颜色: 藕粉,Màu sắc: Hồng củ sen,0.3474051356315613,0.6063992977142334,0.2774973511695862
tang1,颜色,薰衣草,Hoa oải hương,DUNG,Màu sắc,颜色: 薰衣草,Màu sắc: Hoa oải hương,0.605263352394104,0.771241307258606,0.3567870855331421
tang1,产区,福建乌龙,Trà Ô Long Phúc Kiến,DUNG,Khu vực sản xuất,产区: 福建乌龙,Khu vực sản xuất: Trà Ô Long Phúc Kiến,0.3607308268547058,0.5786285400390625,0.3607308268547058
tang1,品种,薄脆饼干,bánh quy giòn,DUNG,Giống,品种: 薄脆饼干,Giống: bánh quy giòn,0.5558037757873535,0.6472828388214111,0.543243408203125
tang1,开合方式,分格盖,Nắp ngăn chứa,DUNG,Cách mở và đóng,开合方式: 分格盖,Cách mở và đóng: Nắp ngăn chứa,0.45767396688461304,0.670738697052002,0.4406343102455139
tang1,材质,纱布,Vải gạc,DUNG,Chất liệu,材质: 纱布,Chất liệu: Vải gạc,0.5491410493850708,0.7269653677940369,0.48581191897392273
tang1,适用人群,成人,người lớn,DUNG,Đối tượng sử dụng,适用人群: 成人,Đối tượng sử dụng: người lớn,0.8042534589767456,0.8495011329650879,0.7772854566574097
tang1,流行元素,蕾丝,ren,DUNG,Yếu tố thịnh hành,流行元素: 蕾丝,Yếu tố thịnh hành: ren,0.49001821875572205,0.6979700326919556,0.37662187218666077
tang1,颜色,纯黑色,màu đen tuyền,DUNG,Màu sắc,颜色: 纯黑色,Màu sắc: màu đen tuyền,0.6519392132759094,0.7217936515808105,0.3784677982330322
tang1,容量,30L-40L（含）,30L-40L (đã bao gồm),DUNG,Dung tích,容量: 30L-40L（含）,Dung tích: 30L-40L (đã bao gồm),0.9518226981163025,0.9255467653274536,0.47973519563674927
tang1,产品上市时间,2022年,năm 2022,DUNG,Thời gian ra mắt sản phẩm,产品上市时间: 2022年,Thời gian ra mắt sản phẩm: năm 2022,0.9391921758651733,0.9435970783233643,0.6239408254623413
tang1,开合方式,分格盖,Nắp chia ngăn,DUNG,Cách mở và đóng,开合方式: 分格盖,Cách mở và đóng: Nắp chia ngăn,0.6063640117645264,0.731563925743103,0.424890398979187
tang1,款式,纯色款,Mẫu màu trơn,DUNG,Kiểu dáng,款式: 纯色款,Kiểu dáng: Mẫu màu trơn,0.6736512184143066,0.7773197293281555,0.4195672273635864
tang1,袖长,五分袖,tay áo năm phần tư,SAI,Chiều dài tay áo,袖长: 五分袖,Chiều dài tay áo: tay áo năm phần tư,0.6837926506996155,0.8128917813301086,0.6837926506996155
tang1,运动系列,休闲系列,Chuỗi giải trí,SAI,Dòng sản phẩm thể thao,运动系列: 休闲系列,Dòng sản phẩm thể thao: Chuỗi giải trí,0.5519164800643921,0.7436627149581909,0.5220825672149658
tang1,风格,摩登潮酷,Sành điệu hiện đại,DUNG,Phong cách,风格: 摩登潮酷,Phong cách: Sành điệu hiện đại,0.60918128490448,0.7548689842224121,0.6429519653320312
tang1,奶嘴流速,慢,Chậm,DUNG,Tốc độ dòng chảy của núm vú giả,奶嘴流速: 慢,Tốc độ dòng chảy của núm vú giả: Chậm,0.7843020558357239,0.8089184165000916,0.6553356051445007
tang1,内衣内裤类别,内衣套装,Bộ đồ lót,DUNG,Loại đồ lót quần lót,内衣内裤类别: 内衣套装,Loại đồ lót quần lót: Bộ đồ lót,0.7248862981796265,0.6885138750076294,0.561089038848877
tang1,适用人群,中青年,người trẻ và trung niên,DUNG,Đối tượng sử dụng,适用人群: 中青年,Đối tượng sử dụng: người trẻ và trung niên,0.6517959833145142,0.8151848316192627,0.46560874581336975
tang1,袖型,插肩袖,tay áo raglan,DUNG,Kiểu tay áo,袖型: 插肩袖,Kiểu tay áo: tay áo raglan,0.480163037776947,0.6188502311706543,0.5193830728530884
tang1,使用位置,后备箱,thân xe,SAI,Sử dụng vị trí,使用位置: 后备箱,Sử dụng vị trí: thân xe,0.5817005634307861,0.7200162410736084,0.5817005634307861
tang1,款式,平面,Mặt phẳng,DUNG,Kiểu dáng,款式: 平面,Kiểu dáng: Mặt phẳng,0.65305095911026,0.7661457657814026,0.4802711009979248
tang1,穿着方式,侧拉链,dây kéo bên,DUNG,Cách mặc,穿着方式: 侧拉链,Cách mặc: dây kéo bên,0.698872447013855,0.8043132424354553,0.6572368144989014
tang1,保质期,4年,4 năm,DUNG,Thời hạn sử dụng,保质期: 4年,Thời hạn sử dụng: 4 năm,0.968755841255188,0.8945909142494202,0.5065336227416992
tang1,功能,益智,Trí tuệ,DUNG,Chức năng,功能: 益智,Chức năng: Trí tuệ,0.6109752058982849,0.7569524049758911,0.40918028354644775
tang1,层数,1层,tầng 1,SAI,Số lớp,层数: 1层,Số lớp: tầng 1,0.9088726043701172,0.8115324378013611,0.9088726043701172
tang1,产品类别,布艺收纳箱,Hộp đựng vải,DUNG,Danh mục sản phẩm,产品类别: 布艺收纳箱,Danh mục sản phẩm: Hộp đựng vải,0.6987214088439941,0.6774413585662842,0.3662075400352478
tang1,适用送礼场合,乔迁,Chúc mừng tân gia,DUNG,Những dịp tặng quà thích hợp,适用送礼场合: 乔迁,Những dịp tặng quà thích hợp: Chúc mừng tân gia,0.5314968824386597,0.6955225467681885,0.39924347400665283
tang1,尺寸规格,48x74cm枕套一对,Một cặp vỏ gối kích thước 48x74cm,DUNG,Kích thước,尺寸规格: 48x74cm枕套一对,Kích thước: Một cặp vỏ gối kích thước 48x74cm,0.8130772709846497,0.787083625793457,0.4885489344596863
tang1,材质,海绵,Mút xốp,DUNG,Chất liệu,材质: 海绵,Chất liệu: Mút xốp,0.42812681198120117,0.6642082333564758,0.5311713814735413
tang1,年份,1年(含)-3年(不含),1 năm (bao gồm) - 3 năm (không bao gồm),DUNG,Năm,年份: 1年(含)-3年(不含),Năm: 1 năm (bao gồm) - 3 năm (không bao gồm),0.890412449836731,0.8475605249404907,0.7707657814025879
tang1,功能,情绪互动,Tương tác cảm xúc,DUNG,Chức năng,功能: 情绪互动,Chức năng: Tương tác cảm xúc,0.7376450300216675,0.8054691553115845,0.4477483928203583
tang1,克重,400g及以上其他,400g trở lên khác,DUNG,Trọng lượng,克重: 400g及以上其他,Trọng lượng: 400g trở lên khác,0.9399899244308472,0.881676435470581,0.6159074306488037
tang1,耳塞/耳罩材质,布面,Mặt vải,DUNG,Chất liệu nút tai/bịt tai,耳塞/耳罩材质: 布面,Chất liệu nút tai/bịt tai: Mặt vải,0.6077055931091309,0.7647734880447388,0.6077055931091309
tang1,功能,便携,di động,DUNG,Chức năng,功能: 便携,Chức năng: di động,0.5745986700057983,0.7457180023193359,0.4621574878692627
tang1,颜色,海藻绿,Xanh tảo biển,DUNG,Màu sắc,颜色: 海藻绿,Màu sắc: Xanh tảo biển,0.5431389808654785,0.7146720290184021,0.34796392917633057
tang1,适用型号,荣耀300,Danh dự 300,SAI,Dòng máy tương thích,适用型号: 荣耀300,Dòng máy tương thích: Danh dự 300,0.6256100535392761,0.666817843914032,0.3427060842514038
tang1,化妆品功效,祛痘,Loại bỏ mụn trứng cá,DUNG,Công dụng mỹ phẩm,化妆品功效: 祛痘,Công dụng mỹ phẩm: Loại bỏ mụn trứng cá,0.6833928823471069,0.765594482421875,0.43194156885147095
tang1,款式,布鞋,Giày vải,DUNG,Kiểu dáng,款式: 布鞋,Kiểu dáng: Giày vải,0.6558970212936401,0.7686173915863037,0.6048980355262756
tang1,外观造型,消防车,Xe cứu hỏa,DUNG,Ngoại hình,外观造型: 消防车,Ngoại hình: Xe cứu hỏa,0.7720159292221069,0.8545475006103516,0.7720159292221069
tang1,颜色,典雅黑,Đen thanh lịch,DUNG,Màu sắc,颜色: 典雅黑,Màu sắc: Đen thanh lịch,0.5757486820220947,0.7168270349502563,0.36439135670661926
tang1,尺码,XL【建议120-135斤】,XL [đề nghị 120-135 kg],SAI,Kích cỡ,尺码: XL【建议120-135斤】,Kích cỡ: XL [đề nghị 120-135 kg],0.870370626449585,0.8586053848266602,0.6567983627319336
tang1,颜色,卡其灰,Màu xám kaki,DUNG,Màu sắc,颜色: 卡其灰,Màu sắc: Màu xám kaki,0.4219619631767273,0.6894015073776245,0.37712815403938293
tang1,尺码,5XL【建议180-200斤】,5XL [khuyến nghị 180-200 kg],SAI,Kích cỡ,尺码: 5XL【建议180-200斤】,Kích cỡ: 5XL [khuyến nghị 180-200 kg],0.9221028089523315,0.894239068031311,0.6721888780593872
tang1,化妆品功效,去角质,tẩy tế bào chết,DUNG,Công dụng mỹ phẩm,化妆品功效: 去角质,Công dụng mỹ phẩm: tẩy tế bào chết,0.7196933627128601,0.8233633041381836,0.6133485436439514
tang1,规格类型,便携装/旅行装,Kích thước di động/du lịch,DUNG,Loại quy cách,规格类型: 便携装/旅行装,Loại quy cách: Kích thước di động/du lịch,0.7175450325012207,0.773381769657135,0.4061177968978882
tang1,适用运动,登山,leo núi,DUNG,Dùng cho thể thao,适用运动: 登山,Dùng cho thể thao: leo núi,0.6025698781013489,0.8271093368530273,0.6045674085617065
tang1,适用场景,约会,Cuộc hẹn,DUNG,Dịp sử dụng,适用场景: 约会,Dịp sử dụng: Cuộc hẹn,0.7675490975379944,0.7702913284301758,0.395450234413147
tang1,功能,挂钩设计,Thiết kế móc treo,DUNG,Chức năng,功能: 挂钩设计,Chức năng: Thiết kế móc treo,0.6894949078559875,0.7590326070785522,0.42836451530456543
tang1,保质期,10个月,10 tháng,DUNG,Thời hạn sử dụng,保质期: 10个月,Thời hạn sử dụng: 10 tháng,0.9248801469802856,0.8930270671844482,0.59086674451828
tang1,材质,冰丝,Vải lụa băng,DUNG,Chất liệu,材质: 冰丝,Chất liệu: Vải lụa băng,0.4842197597026825,0.6865185499191284,0.40882444381713867
tang1,适用体型,苹果型,Loại táo,DUNG,Loại cơ thể áp dụng,适用体型: 苹果型,Loại cơ thể áp dụng: Loại táo,0.5807168483734131,0.7149195671081543,0.5807168483734131
tang1,规格型号,14.5长方盒（2.0）14.5*10*2CM,14.5 hình chữ ngày hộp (2.0)14.5*10*2CM,SAI,Model quy cách,规格型号: 14.5长方盒（2.0）14.5*10*2CM,Model quy cách: 14.5 hình chữ ngày hộp (2.0)14.5*10*2CM,0.820307195186615,0.7910444736480713,0.6476304531097412
tang1,适用型号,苹果7PLUS/8PLUS,Apple 7PLUS/8PLUS,SAI,Dòng máy tương thích,适用型号: 苹果7PLUS/8PLUS,Dòng máy tương thích: Apple 7PLUS/8PLUS,0.9434182643890381,0.896957516670227,0.2987358570098877
tang1,风格,性感,gợi cảm,DUNG,Phong cách,风格: 性感,Phong cách: gợi cảm,0.7549810409545898,0.8233394026756287,0.4176132082939148
tang1,颜色,白,Màu trắng,DUNG,Màu sắc,颜色: 白,Màu sắc: Màu trắng,0.6894461512565613,0.8576472401618958,0.5565767288208008
tang1,颜色,黑色红带,ruy băng đỏ đen,SAI,Màu sắc,颜色: 黑色红带,Màu sắc: ruy băng đỏ đen,0.588110089302063,0.7158656716346741,0.44285064935684204
tang1,版型,裙摆型,Loại váy,SAI,Form dáng,版型: 裙摆型,Form dáng: Loại váy,0.6705146431922913,0.7587411999702454,0.4399260878562927
tang1,适用型号,苹果18promax,Apple 18promax,SAI,Dòng máy tương thích,适用型号: 苹果18promax,Dòng máy tương thích: Apple 18promax,0.9378845691680908,0.8872860670089722,0.575858473777771
tang1,颜色,黑色带挂件,Màu đen có mặt dây chuyền,SAI,Màu sắc,颜色: 黑色带挂件,Màu sắc: Màu đen có mặt dây chuyền,0.6816999912261963,0.7456332445144653,0.4616796374320984
tang1,产品类别,帆布鞋,Giày vải,DUNG,Danh mục sản phẩm,产品类别: 帆布鞋,Danh mục sản phẩm: Giày vải,0.6437957286834717,0.6771996021270752,0.36181962490081787
tang1,颜色,白兰,Bạch Lan,DUNG,Màu sắc,颜色: 白兰,Màu sắc: Bạch Lan,0.5751672387123108,0.7956013679504395,0.32394126057624817
tang1,尺寸,16寸,16inch,DUNG,Kích thước,尺寸: 16寸,Kích thước: 16inch,0.9258867502212524,0.9347786903381348,0.46564793586730957
tang1,鞋面材质,头层牛皮（除牛反绒,Da bò lớp đầu (trừ da lộn bò),DUNG,Chất liệu mặt giày,鞋面材质: 头层牛皮（除牛反绒,Chất liệu mặt giày: Da bò lớp đầu (trừ da lộn bò),0.7087944746017456,0.8120067715644836,0.4347536861896515
tang1,适用型号,苹果15promax,Táo 15promax,SAI,Dòng máy tương thích,适用型号: 苹果15promax,Dòng máy tương thích: Táo 15promax,0.7871971130371094,0.7977827787399292,0.5066186189651489
tang1,花型,深灰抹茶,Xám đậm matcha,DUNG,Hoa văn,花型: 深灰抹茶,Hoa văn: Xám đậm matcha,0.5196573734283447,0.6043752431869507,0.35004520416259766
tang1,适用场景,休闲健步,Đi bộ thư giãn,DUNG,Dịp sử dụng,适用场景: 休闲健步,Dịp sử dụng: Đi bộ thư giãn,0.7846290469169617,0.7814496755599976,0.5026851296424866
tang1,口径形状,一字孔,Lỗ chữ,SAI,Hình dạng cỡ nòng,口径形状: 一字孔,Hình dạng cỡ nòng: Lỗ chữ,0.6578961610794067,0.7461881637573242,0.5503191947937012
tang1,适用人群,儿童,Trẻ em,DUNG,Đối tượng sử dụng,适用人群: 儿童,Đối tượng sử dụng: Trẻ em,0.8625560998916626,0.8642412424087524,0.49216315150260925
tang1,款式细节,徽章,Huy hiệu,DUNG,Chi tiết kiểu dáng,款式细节: 徽章,Chi tiết kiểu dáng: Huy hiệu,0.6798340082168579,0.7932442426681519,0.33265456557273865
tang1,适用型号,苹果14promax,Táo 14promax,SAI,Dòng máy tương thích,适用型号: 苹果14promax,Dòng máy tương thích: Táo 14promax,0.773042619228363,0.7804988026618958,0.5386841297149658
tang1,适用型号,苹果14ProMax,Apple 14ProMax,SAI,Dòng máy tương thích,适用型号: 苹果14ProMax,Dòng máy tương thích: Apple 14ProMax,0.9508436322212219,0.8833678960800171,0.6408990621566772
tang1,面料名称,德绒,Vải nhung Đức,DUNG,Tên vải,面料名称: 德绒,Tên vải: Vải nhung Đức,0.5142621994018555,0.7200718522071838,0.3822104334831238
tang1,适用型号,苹果13promax,Táo 13promax,SAI,Dòng máy tương thích,适用型号: 苹果13promax,Dòng máy tương thích: Táo 13promax,0.7840978503227234,0.7853028774261475,0.8944783806800842
tang1,适用型号,苹果13ProMax,Apple 13ProMax,SAI,Dòng máy tương thích,适用型号: 苹果13ProMax,Dòng máy tương thích: Apple 13ProMax,0.9474765062332153,0.8770396709442139,0.7843670845031738
tang1,口味,混合口味,Hương vị hỗn hợp,DUNG,Hương vị,口味: 混合口味,Hương vị: Hương vị hỗn hợp,0.7735282182693481,0.82548987865448,0.5771087408065796
tang1,适用型号,苹果12promax,Táo 12promax,SAI,Dòng máy tương thích,适用型号: 苹果12promax,Dòng máy tương thích: Táo 12promax,0.774605393409729,0.7834073305130005,0.6165974140167236
tang1,适用型号,苹果12pro,Apple 12 pro,SAI,Dòng máy tương thích,适用型号: 苹果12pro,Dòng máy tương thích: Apple 12 pro,0.8894227743148804,0.842835009098053,0.5360493659973145
tang1,执行质量标准,标准,tiêu chuẩn,DUNG,Thực hiện các tiêu chuẩn chất lượng,执行质量标准: 标准,Thực hiện các tiêu chuẩn chất lượng: tiêu chuẩn,0.7990809679031372,0.8294205665588379,0.5671979188919067
tang1,面料支数,30支,30 miếng,SAI,Chi số sợi vải,面料支数: 30支,Chi số sợi vải: 30 miếng,0.8642971515655518,0.8442907333374023,0.6457281708717346
tang1,颜色,黑灰色,màu xám đen,DUNG,Màu sắc,颜色: 黑灰色,Màu sắc: màu xám đen,0.6619380116462708,0.7622368335723877,0.4215654730796814
tang1,颜色,黑灰,Đen xám,DUNG,Màu sắc,颜色: 黑灰,Màu sắc: Đen xám,0.5183082222938538,0.7088656425476074,0.32124608755111694
tang1,类别,休闲T恤,Áo thun mặc thường ngày,DUNG,Danh mục,类别: 休闲T恤,Danh mục: Áo thun mặc thường ngày,0.5244072079658508,0.5879174470901489,0.5590906143188477
tang1,适用型号,苹果12ProMax,Apple 12ProMax,SAI,Dòng máy tương thích,适用型号: 苹果12ProMax,Dòng máy tương thích: Apple 12ProMax,0.9560291767120361,0.8882145285606384,0.5249110460281372
tang1,适用型号,苹果11pro,Táo 11pro,SAI,Dòng máy tương thích,适用型号: 苹果11pro,Dòng máy tương thích: Táo 11pro,0.7785484790802002,0.785298764705658,0.5047462582588196
tang1,颜色,白灰,Trắng xám,DUNG,Màu sắc,颜色: 白灰,Màu sắc: Trắng xám,0.5232329368591309,0.7153497338294983,0.3739517331123352
tang1,类别,POLO衫,áo sơ mi POLO,DUNG,Danh mục,类别: POLO衫,Danh mục: áo sơ mi POLO,0.7835958003997803,0.7415924072265625,0.44764673709869385
tang1,尺寸规格,1.5m床单款四件套【被套200*230】,Bộ bốn mảnh ga trải giường 1.5 m [vỏ chăn 200*230],DUNG,Kích thước,尺寸规格: 1.5m床单款四件套【被套200*230】,Kích thước: Bộ bốn mảnh ga trải giường 1.5 m [vỏ chăn 200*230],0.821058988571167,0.8058550953865051,0.6050893068313599
tang1,适用型号,苹果 17,táo 17,SAI,Dòng máy tương thích,适用型号: 苹果 17,Dòng máy tương thích: táo 17,0.6811407804489136,0.7651820182800293,0.7240365147590637
tang1,香味,栀子花香,Hương hoa dành dành,DUNG,Hương thơm,香味: 栀子花香,Hương thơm: Hương hoa dành dành,0.5366067886352539,0.6793133616447449,0.5366067886352539
tang1,功能,保暖发热,Ấm áp và nhiệt độ,SAI,Chức năng,功能: 保暖发热,Chức năng: Ấm áp và nhiệt độ,0.6241489052772522,0.8194596767425537,0.5127735733985901
tang1,适用型号,苹果 15 Pro Max,Apple 15 Pro Max,SAI,Dòng máy tương thích,适用型号: 苹果 15 Pro Max,Dòng máy tương thích: Apple 15 Pro Max,0.956877589225769,0.8805649280548096,0.30135613679885864
tang1,适用型号,苹果 15 Pro,Apple 15 Pro,SAI,Dòng máy tương thích,适用型号: 苹果 15 Pro,Dòng máy tương thích: Apple 15 Pro,0.957795262336731,0.8889902830123901,0.5480080246925354
tang1,适用型号,苹果 13 Pro,Apple 13 Pro,SAI,Dòng máy tương thích,适用型号: 苹果 13 Pro,Dòng máy tương thích: Apple 13 Pro,0.9557731747627258,0.8780057430267334,0.5598572492599487
tang1,颜色,白粉,bột màu trắng,SAI,Màu sắc,颜色: 白粉,Màu sắc: bột màu trắng,0.6431186199188232,0.7957504987716675,0.47666850686073303
tang1,颜色,墨绿,màu xanh đậm,DUNG,Màu sắc,颜色: 墨绿,Màu sắc: màu xanh đậm,0.6141408681869507,0.736863374710083,0.6134037971496582
tang1,功能,吸水,hấp thụ nước,DUNG,Chức năng,功能: 吸水,Chức năng: hấp thụ nước,0.8044667840003967,0.8742411136627197,0.4846310019493103
tang1,执行质量标准,合格,Đủ điều kiện,DUNG,Thực hiện các tiêu chuẩn chất lượng,执行质量标准: 合格,Thực hiện các tiêu chuẩn chất lượng: Đủ điều kiện,0.701102614402771,0.7979114055633545,0.5057023763656616
tang1,上市年份季节,2018年春季,Mùa xuân năm 2018,DUNG,Năm/mùa ra mắt,上市年份季节: 2018年春季,Năm/mùa ra mắt: Mùa xuân năm 2018,0.8958483934402466,0.8102706074714661,0.7805396914482117
tang1,主要销往国家和地区,主要销往欧美 俄罗斯 东南亚 港澳台等国家和地区,"Chủ yếu được bán cho các quốc gia và khu vực bao gồm Châu Âu, Hoa Kỳ, Nga, Đông Nam Á, Hồng Kông, Macau và Đài Loan",DUNG,Các quốc gia và khu vực bán hàng chính,主要销往国家和地区: 主要销往欧美 俄罗斯 东南亚 港澳台等国家和地区,"Các quốc gia và khu vực bán hàng chính: Chủ yếu được bán cho các quốc gia và khu vực bao gồm Châu Âu, Hoa Kỳ, Nga, Đông Nam Á, Hồng Kông, Macau và Đài Loan",0.8364643454551697,0.8476040363311768,0.8364643454551697
tang1,产品类别,英德红茶,Trà đen Yingde,DUNG,Danh mục sản phẩm,产品类别: 英德红茶,Danh mục sản phẩm: Trà đen Yingde,0.5280548334121704,0.6369244456291199,0.3587242066860199
tang1,颜色,咖啡棕,Nâu cà phê,DUNG,Màu sắc,颜色: 咖啡棕,Màu sắc: Nâu cà phê,0.5313517451286316,0.7307256460189819,0.34606269001960754
tang1,颜色,咖啡棕,cà phê nâu,DUNG,Màu sắc,颜色: 咖啡棕,Màu sắc: cà phê nâu,0.6311017274856567,0.7617235779762268,0.4083556830883026
tang1,颜色分类,枪色,Màu súng,SAI,Phân loại màu sắc,颜色分类: 枪色,Phân loại màu sắc: Màu súng,0.7560605406761169,0.8325302004814148,0.3153824210166931
tang1,属性2,源头超级工厂跨境爆款英文包装外贸跨境院线专供小批量一站式服务品牌代加工大牌平替来料定制贴牌蔻美鼎尖,源头超级工厂跨境爆款英文包装外贸跨境院线专供小批量一站式服务品牌代加工大牌平替来料定制贴牌蔻美鼎尖,SAI,Thuộc tính 2,属性2: 源头超级工厂跨境爆款英文包装外贸跨境院线专供小批量一站式服务品牌代加工大牌平替来料定制贴牌蔻美鼎尖,Thuộc tính 2: 源头超级工厂跨境爆款英文包装外贸跨境院线专供小批量一站式服务品牌代加工大牌平替来料定制贴牌蔻美鼎尖,1.0,0.9360091090202332,1.0
tang1,颜色,枣红,Ngày đỏ,SAI,Màu sắc,颜色: 枣红,Màu sắc: Ngày đỏ,0.41703367233276367,0.6109315156936646,0.35096994042396545
tang1,颜色,花色,Màu hoa,DUNG,Màu sắc,颜色: 花色,Màu sắc: Màu hoa,0.6301751732826233,0.8279343843460083,0.39567381143569946
tang1,颜色,花灰色,Hoa màu xám,SAI,Màu sắc,颜色: 花灰色,Màu sắc: Hoa màu xám,0.6362562775611877,0.6864290237426758,0.4877111315727234
tang1,规格尺寸,64G高速U3卡,Thẻ U3 tốc độ cao 64G,DUNG,Kích thước thông số kỹ thuật,规格尺寸: 64G高速U3卡,Kích thước thông số kỹ thuật: Thẻ U3 tốc độ cao 64G,0.8991129398345947,0.8745008707046509,0.35630953311920166
tang1,屏幕尺寸,1.5英寸,1.5 inch,DUNG,Kích thước màn hình,屏幕尺寸: 1.5英寸,Kích thước màn hình: 1.5 inch,0.9496395587921143,0.9496474862098694,0.660995364189148
tang1,颜色分类,64G高速内存卡,Thẻ nhớ tốc độ cao 64G,DUNG,Phân loại màu sắc,颜色分类: 64G高速内存卡,Phân loại màu sắc: Thẻ nhớ tốc độ cao 64G,0.889602780342102,0.8718380928039551,0.4584294855594635
tang1,尺寸规格,枕套一个48*74cm,Một chiếc vỏ gối 48*74cm,DUNG,Kích thước,尺寸规格: 枕套一个48*74cm,Kích thước: Một chiếc vỏ gối 48*74cm,0.7500318884849548,0.748300313949585,0.6713789701461792
tang1,箱包形状,枕头型,loại gối,DUNG,Hình dạng túi,箱包形状: 枕头型,Hình dạng túi: loại gối,0.6520175933837891,0.76973557472229,0.5110184550285339
tang1,鞋面材质,漆皮,Da bóng,DUNG,Chất liệu mặt giày,鞋面材质: 漆皮,Chất liệu mặt giày: Da bóng,0.47084712982177734,0.7737171053886414,0.5507354736328125
tang1,皮质特征,压花皮,da dập nổi,DUNG,Đặc điểm da,皮质特征: 压花皮,Đặc điểm da: da dập nổi,0.48859405517578125,0.6774944067001343,0.3260592222213745
tang1,尺寸规格,2.0m床单款四件套,Bộ ga trải giường 2.0M gồm 4 món,DUNG,Kích thước,尺寸规格: 2.0m床单款四件套,Kích thước: Bộ ga trải giường 2.0M gồm 4 món,0.7857637405395508,0.7601064443588257,0.5385274887084961
tang1,鞋跟高度,高跟[6-8cm(含)],Giày cao gót [6-8cm (tính cả)],SAI,Chiều cao gót giày,鞋跟高度: 高跟[6-8cm(含)],Chiều cao gót giày: Giày cao gót [6-8cm (tính cả)],0.8769564628601074,0.8850647211074829,0.8769564628601074
tang1,材质,灯芯绒,Nhung kẻ,DUNG,Chất liệu,材质: 灯芯绒,Chất liệu: Nhung kẻ,0.32130080461502075,0.6586493849754333,0.49226799607276917
tang1,尺寸规格,1.5m床单款四件套,Bộ chăn ga gối 4 món 1.5m,DUNG,Kích thước,尺寸规格: 1.5m床单款四件套,Kích thước: Bộ chăn ga gối 4 món 1.5m,0.8194029331207275,0.7768420577049255,0.8119280934333801
tang1,安装位置,前档风玻璃,kính chắn gió phía trước,DUNG,Vị trí lắp đặt,安装位置: 前档风玻璃,Vị trí lắp đặt: kính chắn gió phía trước,0.7766598463058472,0.8127232789993286,0.6281497478485107
tang1,筒高,高筒,ống cao,SAI,Chiều cao ống,筒高: 高筒,Chiều cao ống: ống cao,0.6745482683181763,0.8095602989196777,0.543896496295929
tang1,花型,姜黄,Vàng nghệ,DUNG,Hoa văn,花型: 姜黄,Hoa văn: Vàng nghệ,0.337083101272583,0.537279486656189,0.25082576274871826
tang1,储藏方法,干燥 通风 无异味 避免阳光直射,"Khô và thông gió, không có mùi, tránh ánh nắng trực tiếp",DUNG,Phương pháp bảo quản,储藏方法: 干燥 通风 无异味 避免阳光直射,"Phương pháp bảo quản: Khô và thông gió, không có mùi, tránh ánh nắng trực tiếp",0.9100874662399292,0.9376378655433655,0.7006052732467651
tang1,功能,多U口输出,Đầu ra nhiều cổng USB,DUNG,Chức năng,功能: 多U口输出,Chức năng: Đầu ra nhiều cổng USB,0.7572202682495117,0.826450765132904,0.425141304731369
tang1,送礼用途,广告礼品,Quà tặng quảng cáo,DUNG,Công dụng tặng quà,送礼用途: 广告礼品,Công dụng tặng quà: Quà tặng quảng cáo,0.8677353262901306,0.851460337638855,0.6895406246185303
tang1,鞋帮高度,高帮,Cao cổ,DUNG,Chiều cao cổ giày,鞋帮高度: 高帮,Chiều cao cổ giày: Cao cổ,0.45958513021469116,0.7934601306915283,0.4031510353088379
tang1,外观造型,工程车,Xe công trình,DUNG,Ngoại hình,外观造型: 工程车,Ngoại hình: Xe công trình,0.8136723041534424,0.8621742725372314,0.48093006014823914
tang1,我们能为您提供什么,免费设计、贴牌定制、oem/odm、品牌代工、散装散茶现货批发、分销代理、一件代发、极速出货,"Thiết kế miễn phí, tùy chỉnh OEM, OEM/ODM, OEM thương hiệu, bán buôn trà rời số lượng lớn, đại lý phân phối, dropship, vận chuyển nhanh",DUNG,Chúng tôi có thể cung cấp cho bạn những gì,我们能为您提供什么: 免费设计、贴牌定制、oem/odm、品牌代工、散装散茶现货批发、分销代理、一件代发、极速出货,"Chúng tôi có thể cung cấp cho bạn những gì: Thiết kế miễn phí, tùy chỉnh OEM, OEM/ODM, OEM thương hiệu, bán buôn trà rời số lượng lớn, đại lý phân phối, dropship, vận chuyển nhanh",0.7687671780586243,0.8068186044692993,1.0000001192092896
tang1,尺码,4XL【建议165-180斤】,4XL [đề nghị 165-180 kg],SAI,Kích cỡ,尺码: 4XL【建议165-180斤】,Kích cỡ: 4XL [đề nghị 165-180 kg],0.8973967432975769,0.8899717330932617,0.7206506729125977
tang1,最快出货时间,当天,Cùng ngày,DUNG,Thời gian giao hàng sớm nhất,最快出货时间: 当天,Thời gian giao hàng sớm nhất: Cùng ngày,0.7350157499313354,0.8283940553665161,0.6009604930877686
tang1,颜色,骷髅头,Đầu lâu,DUNG,Màu sắc,颜色: 骷髅头,Màu sắc: Đầu lâu,0.5723423957824707,0.7411371469497681,0.37524810433387756
tang1,产品类别,骑士靴,Bốt kỵ sĩ,DUNG,Danh mục sản phẩm,产品类别: 骑士靴,Danh mục sản phẩm: Bốt kỵ sĩ,0.38359302282333374,0.5476453304290771,0.26669472455978394
tang1,加工工艺,炒青,Xào rau xanh,SAI,Công nghệ chế biến,加工工艺: 炒青,Công nghệ chế biến: Xào rau xanh,0.4710252285003662,0.5808495879173279,0.36506786942481995
tang1,功效,自然立体,Ba chiều tự nhiên,SAI,Hiệu quả,功效: 自然立体,Hiệu quả: Ba chiều tự nhiên,0.6648971438407898,0.7545233964920044,0.41127723455429077
tang1,特殊功效,膳食纤维,Chất xơ,DUNG,Hiệu ứng đặc biệt,特殊功效: 膳食纤维,Hiệu ứng đặc biệt: Chất xơ,0.6386705040931702,0.743132472038269,0.6386705040931702
tang1,箱包潮流款式,马鞍包,Túi yên ngựa,DUNG,Kiểu túi thời trang,箱包潮流款式: 马鞍包,Kiểu túi thời trang: Túi yên ngựa,0.6056625247001648,0.6206547021865845,0.5217055678367615
tang1,适用型号,华为 Mate 50 Pro,Huawei Mate 50 Pro,DUNG,Dòng máy tương thích,适用型号: 华为 Mate 50 Pro,Dòng máy tương thích: Huawei Mate 50 Pro,0.9514915943145752,0.8694324493408203,0.7921239137649536
tang1,颜色,军蓝,Màu xanh quân đội,DUNG,Màu sắc,颜色: 军蓝,Màu sắc: Màu xanh quân đội,0.6352839469909668,0.7942494750022888,0.285564124584198
tang1,工艺,胶粘,Chất kết dính,SAI,Công nghệ,工艺: 胶粘,Công nghệ: Chất kết dính,0.647430419921875,0.7327706813812256,0.5159275531768799
tang1,形状形态,条状,dải,DUNG,Hình dạng,形状形态: 条状,Hình dạng: dải,0.47735992074012756,0.7235329151153564,0.47735992074012756
tang1,箱包潮流款式,云朵包,túi đám mây,DUNG,Kiểu túi thời trang,箱包潮流款式: 云朵包,Kiểu túi thời trang: túi đám mây,0.5682741403579712,0.689490795135498,0.45812439918518066
tang1,产品类别,杂物收纳盒,hộp đựng đồ lặt vặt,DUNG,Danh mục sản phẩm,产品类别: 杂物收纳盒,Danh mục sản phẩm: hộp đựng đồ lặt vặt,0.7622686624526978,0.7173762321472168,0.48375028371810913
tang1,风格,商务风,Phong cách kinh doanh,DUNG,Phong cách,风格: 商务风,Phong cách: Phong cách kinh doanh,0.675369381904602,0.7875269651412964,0.43233153223991394
tang1,颜色,香槟色,sâm panh,DUNG,Màu sắc,颜色: 香槟色,Màu sắc: sâm panh,0.46800392866134644,0.6913900375366211,0.5536830425262451
tang1,颜色,香槟色,Màu sâm panh,DUNG,Màu sắc,颜色: 香槟色,Màu sắc: Màu sâm panh,0.49655306339263916,0.6936478018760681,0.5763782858848572
tang1,尺寸规格,单被套 2.0*2.3m,Vỏ chăn đơn 2.0*2.3m,DUNG,Kích thước,尺寸规格: 单被套 2.0*2.3m,Kích thước: Vỏ chăn đơn 2.0*2.3m,0.8037464618682861,0.7944158911705017,0.5408029556274414
tang1,颜色,背带裤,Quần yếm,DUNG,Màu sắc,颜色: 背带裤,Màu sắc: Quần yếm,0.5455223917961121,0.6958634853363037,0.4099135994911194
tang1,玩具类型,拼装积木,Bộ xếp hình lắp ráp,DUNG,Loại đồ chơi,玩具类型: 拼装积木,Loại đồ chơi: Bộ xếp hình lắp ráp,0.6911643743515015,0.7619317770004272,0.5342276096343994
tang1,克重,5000g（含）以上,5000g (bao gồm) trở lên,DUNG,Trọng lượng,克重: 5000g（含）以上,Trọng lượng: 5000g (bao gồm) trở lên,0.9530478715896606,0.9147623181343079,0.7233718037605286
tang1,产品类别,饰品收纳盒,hộp đựng trang sức,DUNG,Danh mục sản phẩm,产品类别: 饰品收纳盒,Danh mục sản phẩm: hộp đựng trang sức,0.7963317036628723,0.7378681898117065,0.6157850027084351
tang1,款式,背带款,Kiểu dây đeo,DUNG,Kiểu dáng,款式: 背带款,Kiểu dáng: Kiểu dây đeo,0.6678071022033691,0.7558773159980774,0.4318535625934601
tang1,铲具类型,不锈钢铲,Xẻng inox,DUNG,Loại xẻng,铲具类型: 不锈钢铲,Loại xẻng: Xẻng inox,0.45634227991104126,0.6372674703598022,0.5888612270355225
tang1,颜色,紫罗兰,tím,DUNG,Màu sắc,颜色: 紫罗兰,Màu sắc: tím,0.3328753113746643,0.6711147427558899,0.3623463809490204
tang1,功能,储能回弹,Làn sóng tái khởi động của ngành lưu trữ năng lượng,SAI,Chức năng,功能: 储能回弹,Chức năng: Làn sóng tái khởi động của ngành lưu trữ năng lượng,0.613623857498169,0.6922776699066162,0.4855723977088928
tang1,材质,棉布,Vải cotton,DUNG,Chất liệu,材质: 棉布,Chất liệu: Vải cotton,0.643562912940979,0.7774055600166321,0.37721872329711914
tang1,尺码,L【建议105-120斤】,L [đề nghị 105-120 kg],SAI,Kích cỡ,尺码: L【建议105-120斤】,Kích cỡ: L [đề nghị 105-120 kg],0.8368534445762634,0.8535939455032349,0.5868554711341858
tang1,尺寸,颜色随机,Màu sắc ngẫu nhiên,DUNG,Kích thước,尺寸: 颜色随机,Kích thước: Màu sắc ngẫu nhiên,0.8710362911224365,0.8703712224960327,0.38659152388572693
tang1,尺码,L【建议120-140斤】,L [Khuyến nghị 60-70kg],DUNG,Kích cỡ,尺码: L【建议120-140斤】,Kích cỡ: L [Khuyến nghị 60-70kg],0.8422769904136658,0.8729915618896484,0.6327024102210999
tang1,制作工艺,风干/干制,Sấy khô/sấy khô bằng không khí,DUNG,Quy trình sản xuất,制作工艺: 风干/干制,Quy trình sản xuất: Sấy khô/sấy khô bằng không khí,0.6755475997924805,0.7459640502929688,0.3754435181617737
tang1,发光玩具类型,LED灯玩具,Đồ chơi đèn Led,DUNG,Loại đồ chơi phát sáng,发光玩具类型: LED灯玩具,Loại đồ chơi phát sáng: Đồ chơi đèn Led,0.8605786561965942,0.8248593807220459,0.7001379728317261
tang1,颜色,天空蓝,bầu trời xanh,DUNG,Màu sắc,颜色: 天空蓝,Màu sắc: bầu trời xanh,0.7512003183364868,0.8042111396789551,0.3161804676055908
tang1,尺寸规格,220x240cm单被套,Vỏ chăn đơn kích thước 220x240cm,DUNG,Kích thước,尺寸规格: 220x240cm单被套,Kích thước: Vỏ chăn đơn kích thước 220x240cm,0.8267056941986084,0.7980697154998779,0.5666877031326294
tang1,产品类型,单镜头行车记录仪,Camera hành trình một ống kính,DUNG,Loại sản phẩm,产品类型: 单镜头行车记录仪,Loại sản phẩm: Camera hành trình một ống kính,0.6704748272895813,0.7213447093963623,0.3204325735569
tang1,颜色,子母箱【白+黑】简易内置,Hộp mẹ và con [trắng và đen] tích hợp đơn giản,SAI,Màu sắc,颜色: 子母箱【白+黑】简易内置,Màu sắc: Hộp mẹ và con [trắng và đen] tích hợp đơn giản,0.7422250509262085,0.7432655096054077,0.4561774730682373
tang1,适用型号,小米 14,Xiaomi 14,DUNG,Dòng máy tương thích,适用型号: 小米 14,Dòng máy tương thích: Xiaomi 14,0.8521533012390137,0.8205633163452148,0.3451603651046753
tang1,颜色,深灰橘,Xám đậm cam,DUNG,Màu sắc,颜色: 深灰橘,Màu sắc: Xám đậm cam,0.5165442228317261,0.689441442489624,0.3899906873703003
tang1,织造工艺,喷气,Phun khí,SAI,Công nghệ dệt,织造工艺: 喷气,Công nghệ dệt: Phun khí,0.572513997554779,0.7164770364761353,0.45072516798973083
tang1,颜色分类,4K双录【4K+1K】超清+免走线,Ghi kép 4K [4K 1K] siêu rõ ràng không cần định tuyến,SAI,Phân loại màu sắc,颜色分类: 4K双录【4K+1K】超清+免走线,Phân loại màu sắc: Ghi kép 4K [4K 1K] siêu rõ ràng không cần định tuyến,0.7540873289108276,0.7501673102378845,0.440923273563385
tang1,裙型,蓬蓬裙,Váy phồng,DUNG,Kiểu váy,裙型: 蓬蓬裙,Kiểu váy: Váy phồng,0.5033883452415466,0.7035561800003052,0.5062670707702637
tang1,颜色,小奶牛,con bò nhỏ,DUNG,Màu sắc,颜色: 小奶牛,Màu sắc: con bò nhỏ,0.6105257868766785,0.7488057613372803,0.36925750970840454
tang1,奶嘴类型,液态奶嘴,Núm ti lỏng,SAI,Loại núm vú giả,奶嘴类型: 液态奶嘴,Loại núm vú giả: Núm ti lỏng,0.5517174601554871,0.642410397529602,0.40015745162963867
tang1,口感,浓香,Hương thơm mạnh mẽ,DUNG,Hương vị,口感: 浓香,Hương vị: Hương thơm mạnh mẽ,0.6316509246826172,0.8020135164260864,0.5035436749458313
tang1,制作工艺,热加工,Xử lý nhiệt,DUNG,Quy trình sản xuất,制作工艺: 热加工,Quy trình sản xuất: Xử lý nhiệt,0.6850007772445679,0.7614930868148804,0.48810455203056335
tang1,元素,背带,dây đeo,DUNG,Yếu tố,元素: 背带,Yếu tố: dây đeo,0.7087085247039795,0.7279402613639832,0.4541892111301422
tang1,鞋跟高度,中跟[3-6cm(含)],Gót vừa [3-6cm (đã bao gồm)],DUNG,Chiều cao gót giày,鞋跟高度: 中跟[3-6cm(含)],Chiều cao gót giày: Gót vừa [3-6cm (đã bao gồm)],0.817822277545929,0.8854864239692688,0.7302931547164917
tang1,电源容量,5000毫安,5000mA,SAI,Công suất điện,电源容量: 5000毫安,Công suất điện: 5000mA,0.8404842615127563,0.8528217673301697,0.6326908469200134
tang1,面膜纸类别,未压缩型,Loại không nén,DUNG,Loại giấy mặt nạ,面膜纸类别: 未压缩型,Loại giấy mặt nạ: Loại không nén,0.7141034603118896,0.739595890045166,0.7141034603118896
tang1,箱包潮流款式,戴妃包,Túi Đại Phi,SAI,Kiểu túi thời trang,箱包潮流款式: 戴妃包,Kiểu túi thời trang: Túi Đại Phi,0.3602293133735657,0.5772141218185425,0.5094261169433594
tang1,颜色,浅绿,màu xanh nhạt,DUNG,Màu sắc,颜色: 浅绿,Màu sắc: màu xanh nhạt,0.7022094130516052,0.8141194581985474,0.48000064492225647
tang1,花型,深灰+浅灰,Xám đậm + Xám nhạt,DUNG,Hoa văn,花型: 深灰+浅灰,Hoa văn: Xám đậm + Xám nhạt,0.7637118101119995,0.7220844030380249,0.44320356845855713
tang1,图案,图案,Mẫu,DUNG,Hoa văn,图案: 图案,Hoa văn: Mẫu,0.5854083299636841,0.6995558142662048,0.5447820425033569
tang1,款式,户外休闲鞋,Giày thường ngày ngoài trời,DUNG,Kiểu dáng,款式: 户外休闲鞋,Kiểu dáng: Giày thường ngày ngoài trời,0.7834126353263855,0.8175805807113647,0.411668062210083
tang1,适用人群,亲子,Gia đình,DUNG,Đối tượng sử dụng,适用人群: 亲子,Đối tượng sử dụng: Gia đình,0.6174517273902893,0.7899138927459717,0.460796058177948
tang1,颜色,薰衣草紫,hoa oải hương màu tím,DUNG,Màu sắc,颜色: 薰衣草紫,Màu sắc: hoa oải hương màu tím,0.4830767810344696,0.6702051758766174,0.24666303396224976
tang1,印刷工艺,热转印,In chuyển nhiệt,DUNG,Quá trình in ấn,印刷工艺: 热转印,Quá trình in ấn: In chuyển nhiệt,0.7694255113601685,0.8208301067352295,0.7694255113601685
tang1,款式,平面,phẳng,DUNG,Kiểu dáng,款式: 平面,Kiểu dáng: phẳng,0.6146541833877563,0.7760022282600403,0.4228858947753906
tang1,颜色,藏蓝色,Màu xanh hải quân,DUNG,Màu sắc,颜色: 藏蓝色,Màu sắc: Màu xanh hải quân,0.49674540758132935,0.6537315845489502,0.3926016092300415
tang1,印刷工艺,热转印,Truyền nhiệt,DUNG,Quá trình in ấn,印刷工艺: 热转印,Quá trình in ấn: Truyền nhiệt,0.591092586517334,0.7837418913841248,0.5509527325630188
tang1,风格,多巴胺风,Phong cách Dopamine,DUNG,Phong cách,风格: 多巴胺风,Phong cách: Phong cách Dopamine,0.5231894850730896,0.7539856433868408,0.344829797744751
tang1,最快出货时间,3天内,Trong vòng 3 ngày,DUNG,Thời gian giao hàng sớm nhất,最快出货时间: 3天内,Thời gian giao hàng sớm nhất: Trong vòng 3 ngày,0.9472143054008484,0.8866126537322998,0.5511537790298462
tang1,适用型号,苹果14Pro,Apple 14Pro,SAI,Dòng máy tương thích,适用型号: 苹果14Pro,Dòng máy tương thích: Apple 14Pro,0.9460020661354065,0.8757038712501526,0.5189453959465027
tang1,膜布材质,服帖,服帖,SAI,Chất liệu vải màng,膜布材质: 服帖,Chất liệu vải màng: 服帖,1.0,0.8431301116943359,1.0
tang1,风格,少年,thiếu niên,DUNG,Phong cách,风格: 少年,Phong cách: thiếu niên,0.753229022026062,0.8267233371734619,0.3256763219833374
tang1,尺码,M【建议110-130斤】,M [Khuyến nghị 55-65kg],DUNG,Kích cỡ,尺码: M【建议110-130斤】,Kích cỡ: M [Khuyến nghị 55-65kg],0.802653431892395,0.8447035551071167,0.7735151052474976
tang1,适用送礼关系,朋友,Bạn bè,DUNG,Quan hệ quà tặng áp dụng,适用送礼关系: 朋友,Quan hệ quà tặng áp dụng: Bạn bè,0.7046459913253784,0.7845767736434937,0.7046459913253784
tang1,类型,热销女包,热销女包,SAI,Loại,类型: 热销女包,Loại: 热销女包,0.9999999403953552,0.9698079824447632,0.4446897506713867
tang1,产品规格,虾青素,Astaxanthin,DUNG,Quy cách sản phẩm,产品规格: 虾青素,Quy cách sản phẩm: Astaxanthin,0.4200977683067322,0.6185778379440308,0.32210347056388855
tang1,款式,低帮板鞋,Giày sneaker cổ thấp,DUNG,Kiểu dáng,款式: 低帮板鞋,Kiểu dáng: Giày sneaker cổ thấp,0.7198226451873779,0.7635868787765503,0.6280568242073059
tang1,款式,帽子款,Kiểu mũ,DUNG,Kiểu dáng,款式: 帽子款,Kiểu dáng: Kiểu mũ,0.6422630548477173,0.7761483192443848,0.40603628754615784
tang1,特色功能,发光闪光,đèn flash phát sáng,DUNG,Tính năng đặc biệt,特色功能: 发光闪光,Tính năng đặc biệt: đèn flash phát sáng,0.715532660484314,0.8328994512557983,0.33976757526397705
tang1,规格,盒,hộp,DUNG,Quy cách,规格: 盒,Quy cách: hộp,0.7340186834335327,0.8095192909240723,0.49364614486694336
tang1,颜色,12.5长方盒12.5*10.2*3.3CM,12.5 hộp hình chữ ngày 12.5*10.2*3.3cm,SAI,Màu sắc,颜色: 12.5长方盒12.5*10.2*3.3CM,Màu sắc: 12.5 hộp hình chữ ngày 12.5*10.2*3.3cm,0.7844600081443787,0.7980408668518066,0.37605997920036316
tang1,颜色,USB水杯架【可可粉】隔层内置,Giá đựng cốc nước USB [bột ca cao] tích hợp ngăn,SAI,Màu sắc,颜色: USB水杯架【可可粉】隔层内置,Màu sắc: Giá đựng cốc nước USB [bột ca cao] tích hợp ngăn,0.651297390460968,0.6929805278778076,0.440582275390625
tang1,服装款式细节,嵌花,Hoa khảm,DUNG,Chi tiết phong cách quần áo,服装款式细节: 嵌花,Chi tiết phong cách quần áo: Hoa khảm,0.5030789375305176,0.771288275718689,0.5030789375305176
tang1,尺寸规格,150x200cm【单件被套】,150x200cm [Vỏ chăn đơn chiếc],DUNG,Kích thước,尺寸规格: 150x200cm【单件被套】,Kích thước: 150x200cm [Vỏ chăn đơn chiếc],0.8363245725631714,0.8311749696731567,0.5503009557723999
tang1,风格类型,私服名媛,Máy chủ riêng xã hội,SAI,Loại phong cách,风格类型: 私服名媛,Loại phong cách: Máy chủ riêng xã hội,0.49181869626045227,0.6671338081359863,0.49181869626045227
tang1,生产日期,最新一个月,Tháng mới nhất,DUNG,Ngày sản xuất,生产日期: 最新一个月,Ngày sản xuất: Tháng mới nhất,0.8613104820251465,0.8854401111602783,0.5383354425430298
tang1,颜色,11.0长方盒透明11*8.5*1.5CM,11.0 hộp hình chữ ngày trong suốt 11*8.5*1.5cm,SAI,Màu sắc,颜色: 11.0长方盒透明11*8.5*1.5CM,Màu sắc: 11.0 hộp hình chữ ngày trong suốt 11*8.5*1.5cm,0.7748018503189087,0.7889468669891357,0.3485570549964905
tang1,原料与配料,茶叶,trà,DUNG,Nguyên liệu và thành phần,原料与配料: 茶叶,Nguyên liệu và thành phần: trà,0.6297800540924072,0.8402270674705505,0.5273107290267944
tang1,颜色,USB水杯架【可可蓝】隔层内置,Giá đỡ cốc nước USB [xanh ca cao] tích hợp ngăn,DUNG,Màu sắc,颜色: USB水杯架【可可蓝】隔层内置,Màu sắc: Giá đỡ cốc nước USB [xanh ca cao] tích hợp ngăn,0.6542913317680359,0.6556433439254761,0.3090735375881195
tang1,形象,蜘蛛侠,Người nhện,DUNG,Hình tượng,形象: 蜘蛛侠,Hình tượng: Người nhện,0.5746040344238281,0.7004262804985046,0.39645734429359436
tang1,颜色,子母箱【玫瑰金】简易内置,Hộp mẹ [vàng hồng] tích hợp đơn giản,SAI,Màu sắc,颜色: 子母箱【玫瑰金】简易内置,Màu sắc: Hộp mẹ [vàng hồng] tích hợp đơn giản,0.6678239703178406,0.6938595175743103,0.3626096844673157
tang1,产品类型,唇釉,son bóng,DUNG,Loại sản phẩm,产品类型: 唇釉,Loại sản phẩm: son bóng,0.44629335403442383,0.7137235999107361,0.3186871409416199
tang1,规格型号,11.5方盒11.5*11.5*3.6CM,11.5 Hộp vuông 11.5*11.5*3.6cm,DUNG,Model quy cách,规格型号: 11.5方盒11.5*11.5*3.6CM,Model quy cách: 11.5 Hộp vuông 11.5*11.5*3.6cm,0.804160475730896,0.8026807308197021,0.6940597891807556
tang1,肩带根数,三根,Ba gốc,SAI,Số dây đeo vai,肩带根数: 三根,Số dây đeo vai: Ba gốc,0.6257647275924683,0.7646799087524414,0.419496089220047
tang1,款式,德比鞋（正装皮鞋）,Giày Derby (giày da trang trọng),DUNG,Kiểu dáng,款式: 德比鞋（正装皮鞋）,Kiểu dáng: Giày Derby (giày da trang trọng),0.6180787682533264,0.7116990685462952,0.4060370922088623
tang1,尺码,39女,39 nữ,DUNG,Kích cỡ,尺码: 39女,Kích cỡ: 39 nữ,0.8697213530540466,0.8965269327163696,0.43195924162864685
tang1,核心成分,积雪草,Centella châu Á,DUNG,Thành phần cốt lõi,核心成分: 积雪草,Thành phần cốt lõi: Centella châu Á,0.2869389057159424,0.548565685749054,0.30674418807029724
tang1,尺码,M【建议90-105斤】,M [Khuyến nghị 90-105 kg],SAI,Kích cỡ,尺码: M【建议90-105斤】,Kích cỡ: M [Khuyến nghị 90-105 kg],0.8730684518814087,0.8829706311225891,0.6089026927947998
tang1,风格,街头风,Phong cách đường phố,DUNG,Phong cách,风格: 街头风,Phong cách: Phong cách đường phố,0.7443877458572388,0.8387390971183777,0.5096637010574341
tang1,颜色,USB水杯架【可可黑】隔层内置,Giá đỡ cốc nước USB [Coco Black] tích hợp ngăn,DUNG,Màu sắc,颜色: USB水杯架【可可黑】隔层内置,Màu sắc: Giá đỡ cốc nước USB [Coco Black] tích hợp ngăn,0.7314879894256592,0.742138147354126,0.35615718364715576
tang1,适用机型,iPhone12/12Pro通用,iPhone12/12Pro phổ thông,DUNG,Dòng máy tương thích,适用机型: iPhone12/12Pro通用,Dòng máy tương thích: iPhone12/12Pro phổ thông,0.8886936902999878,0.8475273251533508,0.621933102607727
tang1,筒高,低筒,Ống thấp,SAI,Chiều cao ống,筒高: 低筒,Chiều cao ống: Ống thấp,0.6282756924629211,0.8178373575210571,0.6282756924629211
tang1,原料与配料,茶树叶,Lá trà,DUNG,Nguyên liệu và thành phần,原料与配料: 茶树叶,Nguyên liệu và thành phần: Lá trà,0.5374388694763184,0.8032996654510498,0.5590626001358032
tang1,适用场景,街拍,Ảnh chụp đường phố,DUNG,Dịp sử dụng,适用场景: 街拍,Dịp sử dụng: Ảnh chụp đường phố,0.8229532241821289,0.7855595350265503,0.4826231300830841
tang1,容纳电脑尺寸,14寸,14inch,DUNG,Kích thước laptop vừa,容纳电脑尺寸: 14寸,Kích thước laptop vừa: 14inch,0.9294251203536987,0.8308970928192139,0.6639372110366821
tang1,床单面料材质,全棉,Bông,DUNG,Chất liệu vải ga trải giường,床单面料材质: 全棉,Chất liệu vải ga trải giường: Bông,0.43121427297592163,0.6192680597305298,0.43121427297592163
tang1,形状形态,片状,vảy,SAI,Hình dạng,形状形态: 片状,Hình dạng: vảy,0.4521822929382324,0.6962988376617432,0.4521822929382324
tang1,款式,分体式,Thiết kế tách rời,DUNG,Kiểu dáng,款式: 分体式,Kiểu dáng: Thiết kế tách rời,0.5906107425689697,0.7682005167007446,0.41114580631256104
tang1,尺寸规格,1.5m床笠款【被套200*230cm】4件套【不起球-不褪色】,Bộ 4 món ga bọc đệm 1.5m [vỏ chăn 200*230cm] [chống xù lông - không phai màu],DUNG,Kích thước,尺寸规格: 1.5m床笠款【被套200*230cm】4件套【不起球-不褪色】,Kích thước: Bộ 4 món ga bọc đệm 1.5m [vỏ chăn 200*230cm] [chống xù lông - không phai màu],0.7188969850540161,0.7217777967453003,0.5512886047363281
tang1,产品上市时间,2023年夏,Mùa hè năm 2023,DUNG,Thời gian ra mắt sản phẩm,产品上市时间: 2023年夏,Thời gian ra mắt sản phẩm: Mùa hè năm 2023,0.9183734655380249,0.9335453510284424,0.4892768859863281
tang1,口味,其他口味,Các hương vị khác,DUNG,Hương vị,口味: 其他口味,Hương vị: Các hương vị khác,0.8836913108825684,0.8306492567062378,0.5970672369003296
tang1,适用年龄,老年（61岁以上）,Người cao tuổi (từ 61 tuổi trở lên),DUNG,Độ tuổi áp dụng,适用年龄: 老年（61岁以上）,Độ tuổi áp dụng: Người cao tuổi (từ 61 tuổi trở lên),0.8827341794967651,0.8753597736358643,0.43550825119018555
tang1,颜色,深蓝,Xanh đậm,DUNG,Màu sắc,颜色: 深蓝,Màu sắc: Xanh đậm,0.555770993232727,0.7420423030853271,0.3937319815158844
tang1,传输速率,稳定,Ổn định,DUNG,Tốc độ truyền,传输速率: 稳定,Tốc độ truyền: Ổn định,0.6679881811141968,0.8571747541427612,0.42291468381881714
tang1,款式,床盖式,Loại phủ giường,DUNG,Kiểu dáng,款式: 床盖式,Kiểu dáng: Loại phủ giường,0.6754435896873474,0.7852979898452759,0.444336861371994
tang1,皮质特征,磨砂皮,Da nubuck,DUNG,Đặc điểm da,皮质特征: 磨砂皮,Đặc điểm da: Da nubuck,0.37953123450279236,0.6445474624633789,0.40068569779396057
tang1,颜色,USB水杯架【天空蓝】隔层内置,Giá đỡ cốc nước USB [Sky Blue] tích hợp ngăn,DUNG,Màu sắc,颜色: USB水杯架【天空蓝】隔层内置,Màu sắc: Giá đỡ cốc nước USB [Sky Blue] tích hợp ngăn,0.7027179002761841,0.7081878185272217,0.49601197242736816
tang1,原料与配料,茶树叶,lá trà,DUNG,Nguyên liệu và thành phần,原料与配料: 茶树叶,Nguyên liệu và thành phần: lá trà,0.5559448599815369,0.8129625916481018,0.37550854682922363
tang1,适用运动,登山,Leo núi,DUNG,Dùng cho thể thao,适用运动: 登山,Dùng cho thể thao: Leo núi,0.609695315361023,0.8023714423179626,0.4472716748714447
tang1,款式细节,三本针,Ba kim,SAI,Chi tiết kiểu dáng,款式细节: 三本针,Chi tiết kiểu dáng: Ba kim,0.32317912578582764,0.6489149928092957,0.4834291934967041
tang1,尺寸规格,1.5m床笠款四件套,Bộ ga trải giường 1.5m bốn món,DUNG,Kích thước,尺寸规格: 1.5m床笠款四件套,Kích thước: Bộ ga trải giường 1.5m bốn món,0.7634742856025696,0.7268283367156982,0.5576269626617432
tang1,食品工艺,窨制,hút thuốc,SAI,Công nghệ chế biến,食品工艺: 窨制,Công nghệ chế biến: hút thuốc,0.32615748047828674,0.5823209285736084,0.3255530893802643
tang1,功能,多功能,đa chức năng,DUNG,Chức năng,功能: 多功能,Chức năng: đa chức năng,0.8611958026885986,0.9063127040863037,0.40118664503097534
tang1,特色功能,亲子互动,Tương tác giữa cha mẹ và con cái,DUNG,Tính năng đặc biệt,特色功能: 亲子互动,Tính năng đặc biệt: Tương tác giữa cha mẹ và con cái,0.8169665932655334,0.8560672402381897,0.4706724286079407
tang1,颜色,USB水杯架【星空银】隔层内置,Giá đỡ cốc nước USB [Starry Sky Silver] Tích hợp ngăn,DUNG,Màu sắc,颜色: USB水杯架【星空银】隔层内置,Màu sắc: Giá đỡ cốc nước USB [Starry Sky Silver] Tích hợp ngăn,0.6843453645706177,0.7100394368171692,0.3783029317855835
tang1,适用场景,居家,nhà,DUNG,Dịp sử dụng,适用场景: 居家,Dịp sử dụng: nhà,0.6987577676773071,0.7838141918182373,0.6336369514465332
tang1,质地,混合材质,Chất liệu hỗn hợp,DUNG,Kết cấu,质地: 混合材质,Kết cấu: Chất liệu hỗn hợp,0.7968692779541016,0.8494798541069031,0.5129860043525696
tang1,颜色,大号白色,Cỡ lớn màu trắng,DUNG,Màu sắc,颜色: 大号白色,Màu sắc: Cỡ lớn màu trắng,0.7616848945617676,0.8233233094215393,0.42768770456314087
tang1,箱包形状,圆筒型,Hình trụ tròn,DUNG,Hình dạng túi,箱包形状: 圆筒型,Hình dạng túi: Hình trụ tròn,0.6380536556243896,0.7766185998916626,0.5819538831710815
tang1,颜色,USB水杯架【星耀黑】隔层内置,Giá đỡ cốc nước USB [Xingyao Black] Tích hợp ngăn,DUNG,Màu sắc,颜色: USB水杯架【星耀黑】隔层内置,Màu sắc: Giá đỡ cốc nước USB [Xingyao Black] Tích hợp ngăn,0.6733807325363159,0.6983657479286194,0.4676216244697571
tang1,流行靴款,时装靴,giày bốt thời trang,DUNG,Giày bốt phổ biến,流行靴款: 时装靴,Giày bốt phổ biến: giày bốt thời trang,0.7030805349349976,0.7237147092819214,0.5497310161590576
tang1,颜色,褐色,Màu nâu,DUNG,Màu sắc,颜色: 褐色,Màu sắc: Màu nâu,0.613635778427124,0.747626781463623,0.3460838198661804
tang1,流行靴款,时装靴,Bốt thời trang,DUNG,Giày bốt phổ biến,流行靴款: 时装靴,Giày bốt phổ biến: Bốt thời trang,0.558762788772583,0.7150850296020508,0.558762788772583
tang1,鞋头形状,扁头,Đầu dẹt,DUNG,Hình dạng mũi giày,鞋头形状: 扁头,Hình dạng mũi giày: Đầu dẹt,0.5229477286338806,0.7318055629730225,0.45758551359176636
tang1,奶瓶,奶瓶,奶瓶,SAI,奶瓶,奶瓶: 奶瓶,奶瓶: 奶瓶,1.000000238418579,1.0000001192092896,1.000000238418579
tang1,功能,可拆卸,Có thể tháo rời,DUNG,Chức năng,功能: 可拆卸,Chức năng: Có thể tháo rời,0.8783204555511475,0.9152500629425049,0.5014386177062988
tang1,使用方式,半入耳式,bán trong tai,SAI,Cách sử dụng,使用方式: 半入耳式,Cách sử dụng: bán trong tai,0.5623419284820557,0.6804258823394775,0.5623419284820557
tang1,使用方式,悬挂式,treo,DUNG,Cách sử dụng,使用方式: 悬挂式,Cách sử dụng: treo,0.3427112102508545,0.7322714328765869,0.3753635883331299
tang1,面料名称,涤氨混纺,Hỗn hợp polyester và amoniac,SAI,Tên vải,面料名称: 涤氨混纺,Tên vải: Hỗn hợp polyester và amoniac,0.4822179079055786,0.6662147045135498,0.4743717312812805
tang1,保质期,60个月,60 tháng,DUNG,Thời hạn sử dụng,保质期: 60个月,Thời hạn sử dụng: 60 tháng,0.9406130313873291,0.9005848169326782,0.5872994661331177
tang1,生产日期,见喷码,Xem in phun,DUNG,Ngày sản xuất,生产日期: 见喷码,Ngày sản xuất: Xem in phun,0.5334473848342896,0.7451540231704712,0.5448597073554993
tang1,适用型号,荣耀100,Danh dự 100,SAI,Dòng máy tương thích,适用型号: 荣耀100,Dòng máy tương thích: Danh dự 100,0.5910160541534424,0.6477696895599365,0.3483227491378784
tang1,工艺,立体裁剪,Cắt ba chiều,DUNG,Công nghệ,工艺: 立体裁剪,Công nghệ: Cắt ba chiều,0.5763933658599854,0.7355769276618958,0.420511931180954
tang1,刀尖角度,60°以上,Trên 60 °,DUNG,Góc mũi dao,刀尖角度: 60°以上,Góc mũi dao: Trên 60 °,0.8884862661361694,0.8119338750839233,0.8884862661361694
tang1,颜色,USB水杯架【浪漫粉】隔层内置,Giá đựng cốc nước USB [màu hồng lãng mạn] tích hợp ngăn,DUNG,Màu sắc,颜色: USB水杯架【浪漫粉】隔层内置,Màu sắc: Giá đựng cốc nước USB [màu hồng lãng mạn] tích hợp ngăn,0.6873447895050049,0.7090756297111511,0.4539675712585449
tang1,容量,240ml/ppsu奶瓶（L号奶嘴）猫头鹰221,Bình sữa 240ml/PPSU (núm ti cỡ L) hình cú mèo 221,DUNG,Dung tích,容量: 240ml/ppsu奶瓶（L号奶嘴）猫头鹰221,Dung tích: Bình sữa 240ml/PPSU (núm ti cỡ L) hình cú mèo 221,0.7279643416404724,0.7375679016113281,0.4864097535610199
tang1,口味,牛奶味,Vị sữa bò,DUNG,Hương vị,口味: 牛奶味,Hương vị: Vị sữa bò,0.7126511335372925,0.7795765399932861,0.6107320785522461
tang1,厚薄,厚,dày,DUNG,Độ dày,厚薄: 厚,Độ dày: dày,0.6872754096984863,0.759274423122406,0.6872754096984863
tang1,尺寸规格,1.8m床单款【被套180*220cm】4件套【不起球-不褪色】,Bộ 4 món ga trải giường 1.8m [Vỏ chăn 180*220cm] [Không xù lông - Không phai màu],DUNG,Kích thước,尺寸规格: 1.8m床单款【被套180*220cm】4件套【不起球-不褪色】,Kích thước: Bộ 4 món ga trải giường 1.8m [Vỏ chăn 180*220cm] [Không xù lông - Không phai màu],0.777991771697998,0.7869750261306763,0.6047590970993042
tang1,颜色,USB水杯架【玫瑰金】隔层内置,Giá đựng cốc nước USB [vàng hồng] tích hợp ngăn,DUNG,Màu sắc,颜色: USB水杯架【玫瑰金】隔层内置,Màu sắc: Giá đựng cốc nước USB [vàng hồng] tích hợp ngăn,0.6554179787635803,0.6900374889373779,0.45845767855644226
tang1,主面料成分,牛奶蛋白纤维,Chất xơ protein sữa,DUNG,Thành phần vải chính,主面料成分: 牛奶蛋白纤维,Thành phần vải chính: Chất xơ protein sữa,0.675643801689148,0.8103004693984985,0.4566590487957001
tang1,铲具类型,不锈钢铲,xẻng thép không gỉ,DUNG,Loại xẻng,铲具类型: 不锈钢铲,Loại xẻng: xẻng thép không gỉ,0.5888612270355225,0.6804423332214355,0.45634227991104126
tang1,容量,240ml/ppsu奶瓶（L号奶嘴）马来熊220,"Bình sữa cho bé 240ml/PPSU (núm ti cỡ L), Gấu Malayan 220",DUNG,Dung tích,容量: 240ml/ppsu奶瓶（L号奶嘴）马来熊220,"Dung tích: Bình sữa cho bé 240ml/PPSU (núm ti cỡ L), Gấu Malayan 220",0.7620620727539062,0.7778798937797546,0.6956576108932495
tang1,智能感知与远程升级,不具备,不具备,SAI,Cảm biến thông minh và nâng cấp từ xa,智能感知与远程升级: 不具备,Cảm biến thông minh và nâng cấp từ xa: 不具备,1.0,0.8930085897445679,1.0
tang1,功能,美化外观,Làm đẹp ngoại hình,DUNG,Chức năng,功能: 美化外观,Chức năng: Làm đẹp ngoại hình,0.7949782609939575,0.8650307655334473,0.5645555257797241
tang1,颜色,USB水杯架【白+玫】隔层内置,Giá đỡ cốc nước USB [hoa hồng trắng] tích hợp ngăn,SAI,Màu sắc,颜色: USB水杯架【白+玫】隔层内置,Màu sắc: Giá đỡ cốc nước USB [hoa hồng trắng] tích hợp ngăn,0.6937687993049622,0.6998085975646973,0.3933742046356201
tang1,颜色,时尚拉链【酒红】隔层内里,Lớp lót ngăn khóa kéo thời trang [màu đỏ tía],DUNG,Màu sắc,颜色: 时尚拉链【酒红】隔层内里,Màu sắc: Lớp lót ngăn khóa kéo thời trang [màu đỏ tía],0.6267227530479431,0.6737203598022461,0.3598604202270508
tang1,颜色,USB水杯架【白+黑】隔层内置,Giá đỡ cốc nước USB [trắng và đen] tích hợp ngăn,DUNG,Màu sắc,颜色: USB水杯架【白+黑】隔层内置,Màu sắc: Giá đỡ cốc nước USB [trắng và đen] tích hợp ngăn,0.749299168586731,0.743380069732666,0.28862088918685913
tang1,颜色,时尚单箱【谷物白】简易内置,Hộp đơn thời trang [Ngũ cốc trắng] Tích hợp đơn giản,SAI,Màu sắc,颜色: 时尚单箱【谷物白】简易内置,Màu sắc: Hộp đơn thời trang [Ngũ cốc trắng] Tích hợp đơn giản,0.6204420328140259,0.6596609354019165,0.3492000699043274
tang1,箱包潮流款式,盒子包,Túi hộp,DUNG,Kiểu túi thời trang,箱包潮流款式: 盒子包,Kiểu túi thời trang: Túi hộp,0.7111300230026245,0.7416857481002808,0.4297843277454376
tang1,型号,见详情或咨询客服,Xem chi tiết hoặc tham khảo dịch vụ khách hàng,DUNG,Model,型号: 见详情或咨询客服,Model: Xem chi tiết hoặc tham khảo dịch vụ khách hàng,0.8346614837646484,0.7520639896392822,0.4492063820362091
tang1,颜色,时尚单箱【白+黑】简易内置,Hộp đơn thời trang [trắng và đen] tích hợp đơn giản,SAI,Màu sắc,颜色: 时尚单箱【白+黑】简易内置,Màu sắc: Hộp đơn thời trang [trắng và đen] tích hợp đơn giản,0.7556936740875244,0.7601644992828369,0.4797365069389343
tang1,产品形态,冻膜,phim đông lạnh,SAI,Hình thái sản phẩm,产品形态: 冻膜,Hình thái sản phẩm: phim đông lạnh,0.5883561968803406,0.7326250076293945,0.5785614252090454
tang1,颜色,时尚单箱【白+玫】简易内置,Hộp đơn thời trang [hoa hồng trắng] tích hợp đơn giản,SAI,Màu sắc,颜色: 时尚单箱【白+玫】简易内置,Màu sắc: Hộp đơn thời trang [hoa hồng trắng] tích hợp đơn giản,0.6893936991691589,0.714470624923706,0.29145389795303345
tang1,颜色,USB水杯架【谷物白】隔层内置,Giá đỡ cốc nước USB [màu trắng hạt] tích hợp ngăn,DUNG,Màu sắc,颜色: USB水杯架【谷物白】隔层内置,Màu sắc: Giá đỡ cốc nước USB [màu trắng hạt] tích hợp ngăn,0.715595543384552,0.7151944637298584,0.4538990259170532
tang1,件数,4件,4件,SAI,件数,件数: 4件,件数: 4件,1.0,0.9999998807907104,0.7681347131729126
tang1,颜色,时尚单箱【浪漫粉】简易内置,Hộp đơn thời trang [Bột lãng mạn] Tích hợp đơn giản,SAI,Màu sắc,颜色: 时尚单箱【浪漫粉】简易内置,Màu sắc: Hộp đơn thời trang [Bột lãng mạn] Tích hợp đơn giản,0.6540511250495911,0.7090075016021729,0.3648150563240051
tang1,颜色,时尚单箱【星耀黑】简易内置,Hộp đơn thời trang [Xingyao Black] Tích hợp đơn giản,SAI,Màu sắc,颜色: 时尚单箱【星耀黑】简易内置,Màu sắc: Hộp đơn thời trang [Xingyao Black] Tích hợp đơn giản,0.6662486791610718,0.7047427296638489,0.4110982120037079
tang1,颜色,时尚单箱【星空银】简易内置,Hộp đơn thời trang [Starry Sky Silver] Tích hợp đơn giản,SAI,Màu sắc,颜色: 时尚单箱【星空银】简易内置,Màu sắc: Hộp đơn thời trang [Starry Sky Silver] Tích hợp đơn giản,0.6772561073303223,0.7223923206329346,0.5507082939147949
tang1,壁厚,见详情页,见详情页,SAI,壁厚,壁厚: 见详情页,壁厚: 见详情页,0.9999998807907104,1.0,0.4709171652793884
tang1,种类,洗车拖把,Cây lau rửa xe,DUNG,Chủng loại,种类: 洗车拖把,Chủng loại: Cây lau rửa xe,0.6912462115287781,0.7717446088790894,0.6708729267120361
tang1,颜色,时尚单箱【天空蓝】简易内置,Hộp đơn thời trang [Sky Blue] Tích hợp đơn giản,SAI,Màu sắc,颜色: 时尚单箱【天空蓝】简易内置,Màu sắc: Hộp đơn thời trang [Sky Blue] Tích hợp đơn giản,0.6889868378639221,0.7303005456924438,0.39623624086380005
tang1,容量,240ml/ppsu奶瓶（M号奶嘴）丛林小兔218,Bình sữa 240ml/PPSU (núm ti cỡ M) Thỏ rừng 218,DUNG,Dung tích,容量: 240ml/ppsu奶瓶（M号奶嘴）丛林小兔218,Dung tích: Bình sữa 240ml/PPSU (núm ti cỡ M) Thỏ rừng 218,0.7536540031433105,0.7745313048362732,0.40543994307518005
tang1,颜色,时尚单箱【墨竹绿】简易内置,Hộp đơn thời trang [Mozhu Green] Tích hợp đơn giản,SAI,Màu sắc,颜色: 时尚单箱【墨竹绿】简易内置,Màu sắc: Hộp đơn thời trang [Mozhu Green] Tích hợp đơn giản,0.6555300951004028,0.7012749910354614,0.41852086782455444
tang1,颜色,705空盒19.8*13.2*10cm,705 hộp rỗng 19.8*13.2*10cm,DUNG,Màu sắc,颜色: 705空盒19.8*13.2*10cm,Màu sắc: 705 hộp rỗng 19.8*13.2*10cm,0.8946038484573364,0.8909912109375,0.39434850215911865
tang1,产品类别,洗碗巾,khăn lau bát đĩa,DUNG,Danh mục sản phẩm,产品类别: 洗碗巾,Danh mục sản phẩm: khăn lau bát đĩa,0.683863639831543,0.6331313848495483,0.29251620173454285
tang1,类别,早教/幼教故事机,Máy kể chuyện giáo dục sớm/mầm non,DUNG,Danh mục,类别: 早教/幼教故事机,Danh mục: Máy kể chuyện giáo dục sớm/mầm non,0.8409385681152344,0.7944064140319824,0.3262621760368347
tang1,尺寸规格,1.5m床单款四件套【被套200*230cm】,Bộ ga trải giường 1.5m gồm 4 món [vỏ chăn 200*230cm],DUNG,Kích thước,尺寸规格: 1.5m床单款四件套【被套200*230cm】,Kích thước: Bộ ga trải giường 1.5m gồm 4 món [vỏ chăn 200*230cm],0.8164410591125488,0.8013536930084229,0.6694588661193848
tang1,产品名称,KNIYEA金妮雅积雪草洗面奶,Sữa rửa mặt KNIYEA Centella Asiatica,DUNG,Tên sản phẩm,产品名称: KNIYEA金妮雅积雪草洗面奶,Tên sản phẩm: Sữa rửa mặt KNIYEA Centella Asiatica,0.7015165686607361,0.7197549939155579,0.44091325998306274
tang1,容量,60ml硅胶奶瓶（裸装）,"Bình sữa silicon cho bé, dung tích 60ml (không kèm bao bì)",DUNG,Dung tích,容量: 60ml硅胶奶瓶（裸装）,"Dung tích: Bình sữa silicon cho bé, dung tích 60ml (không kèm bao bì)",0.6655106544494629,0.6835228204727173,0.4379367232322693
tang1,颜色分类,128G内存卡,Thẻ nhớ 128G,DUNG,Phân loại màu sắc,颜色分类: 128G内存卡,Phân loại màu sắc: Thẻ nhớ 128G,0.9061607122421265,0.8799334168434143,0.5167720317840576
tang1,款式,女式单肩包,Túi đeo một vai nữ,DUNG,Kiểu dáng,款式: 女式单肩包,Kiểu dáng: Túi đeo một vai nữ,0.7468239665031433,0.7802135944366455,0.4754028618335724
tang1,颜色分类,清新绿,Xanh lá tươi,DUNG,Phân loại màu sắc,颜色分类: 清新绿,Phân loại màu sắc: Xanh lá tươi,0.6192078590393066,0.7487890720367432,0.33468306064605713
tang1,适用送礼关系,客户,Khách hàng,DUNG,Quan hệ quà tặng áp dụng,适用送礼关系: 客户,Quan hệ quà tặng áp dụng: Khách hàng,0.8474358320236206,0.8341491222381592,0.4647965431213379
tang1,尺寸规格,1.2m床单款三件套,Bộ 3 món ga trải giường 1.2m,DUNG,Kích thước,尺寸规格: 1.2m床单款三件套,Kích thước: Bộ 3 món ga trải giường 1.2m,0.8041725754737854,0.7791381478309631,0.4989846348762512
tang1,鞋跟高度,低跟[小于3cm(含)],Gót thấp [nhỏ hơn 3cm (bao gồm)],DUNG,Chiều cao gót giày,鞋跟高度: 低跟[小于3cm(含)],Chiều cao gót giày: Gót thấp [nhỏ hơn 3cm (bao gồm)],0.8793025016784668,0.8995735049247742,0.6383095383644104
tang1,风格,日系风,phong cách Nhật Bản,DUNG,Phong cách,风格: 日系风,Phong cách: phong cách Nhật Bản,0.7455588579177856,0.7995269298553467,0.5579894781112671
tang1,闭合方式,套趾,Xỏ ngón,DUNG,Kiểu đóng,闭合方式: 套趾,Kiểu đóng: Xỏ ngón,0.5233331322669983,0.6795804500579834,0.4756740927696228
tang1,功效,清洁,sạch sẽ,SAI,Hiệu quả,功效: 清洁,Hiệu quả: sạch sẽ,0.8244932293891907,0.7920594215393066,0.8244932293891907
tang1,尺寸规格,1.8m床单款四件套【被套200*230cm】,Bộ ga trải giường 1.8m gồm 4 món [vỏ chăn 200*230cm],DUNG,Kích thước,尺寸规格: 1.8m床单款四件套【被套200*230cm】,Kích thước: Bộ ga trải giường 1.8m gồm 4 món [vỏ chăn 200*230cm],0.8179024457931519,0.8046440482139587,0.6798550486564636
tang1,容量,240ml/ppsu奶瓶（M号奶嘴）树懒宝宝219,"Bình sữa trẻ em 240ml/PPSU (núm vú cỡ M), Sloth Baby 219",DUNG,Dung tích,容量: 240ml/ppsu奶瓶（M号奶嘴）树懒宝宝219,"Dung tích: Bình sữa trẻ em 240ml/PPSU (núm vú cỡ M), Sloth Baby 219",0.6817463040351868,0.7128413915634155,0.4496612250804901
tang1,统一换算单位,个,Cái,DUNG,Đơn vị chuyển đổi thống nhất,统一换算单位: 个,Đơn vị chuyển đổi thống nhất: Cái,0.5314785838127136,0.7733859419822693,0.5314785838127136
tang1,上市年份季节,2019年春季,Mùa xuân năm 2019,DUNG,Năm/mùa ra mắt,上市年份季节: 2019年春季,Năm/mùa ra mắt: Mùa xuân năm 2019,0.8845324516296387,0.7995920181274414,0.5472559928894043
tang1,款式,充电,phí,SAI,Kiểu dáng,款式: 充电,Kiểu dáng: phí,0.5068604946136475,0.6665602326393127,0.39214134216308594
tang1,数据存储时间,循环录影,Ghi vòng lặp,DUNG,Thời gian lưu trữ dữ liệu,数据存储时间: 循环录影,Thời gian lưu trữ dữ liệu: Ghi vòng lặp,0.7479899525642395,0.8095638751983643,0.3983895480632782
tang1,壁厚,不规则,不规则,SAI,壁厚,壁厚: 不规则,壁厚: 不规则,1.0000001192092896,1.0,0.4709171652793884
tang1,容纳电脑尺寸,11英寸,11inch,DUNG,Kích thước laptop vừa,容纳电脑尺寸: 11英寸,Kích thước laptop vừa: 11inch,0.9225207567214966,0.8190529346466064,0.6899253129959106
tang1,适用型号,荣耀300 Pro,Danh dự 300 Pro,SAI,Dòng máy tương thích,适用型号: 荣耀300 Pro,Dòng máy tương thích: Danh dự 300 Pro,0.6946570873260498,0.7245082855224609,0.3192668557167053
tang1,储藏方法,置于阴凉干燥处,Đặt ở nơi khô mát,DUNG,Phương pháp bảo quản,储藏方法: 置于阴凉干燥处,Phương pháp bảo quản: Đặt ở nơi khô mát,0.8981617093086243,0.8999348878860474,0.7905721068382263
tang1,风格,动漫,Hoạt hình,DUNG,Phong cách,风格: 动漫,Phong cách: Hoạt hình,0.6848204135894775,0.7842642068862915,0.3943527340888977
tang1,风格,动漫,anime,DUNG,Phong cách,风格: 动漫,Phong cách: anime,0.7716691493988037,0.8338392972946167,0.48082149028778076
tang1,3C配置类别,14岁以下的木制玩具,Đồ chơi bằng gỗ dưới 14 tuổi,DUNG,Danh mục cấu hình 3C,3C配置类别: 14岁以下的木制玩具,Danh mục cấu hình 3C: Đồ chơi bằng gỗ dưới 14 tuổi,0.916046679019928,0.8343588709831238,0.8537377119064331
tang1,适用型号,iPhone 15 Plus 6.7寸,IPhone 15 Plus 6.7 inch,DUNG,Dòng máy tương thích,适用型号: iPhone 15 Plus 6.7寸,Dòng máy tương thích: IPhone 15 Plus 6.7 inch,0.9731445908546448,0.8977898359298706,0.3905661106109619
tang1,面料支数,50支,50支,SAI,Chi số sợi vải,面料支数: 50支,Chi số sợi vải: 50支,1.000000238418579,0.8857239484786987,0.8441459536552429
tang1,尺寸规格,1.2m床单款【被套150*200cm】3件套【不起球-不褪色】,"Bộ ga giường 1.2m [vỏ chăn 150*200cm], bộ 3 món [chống xù lông, bền màu]",DUNG,Kích thước,尺寸规格: 1.2m床单款【被套150*200cm】3件套【不起球-不褪色】,"Kích thước: Bộ ga giường 1.2m [vỏ chăn 150*200cm], bộ 3 món [chống xù lông, bền màu]",0.7329480648040771,0.7648194432258606,0.5718123316764832
tang1,款式细节,罗纹底摆,Vạt dưới gân,SAI,Chi tiết kiểu dáng,款式细节: 罗纹底摆,Chi tiết kiểu dáng: Vạt dưới gân,0.44865021109580994,0.6648492217063904,0.5506423711776733
tang1,图案,手绘,Vẽ tay,DUNG,Hoa văn,图案: 手绘,Hoa văn: Vẽ tay,0.7752963900566101,0.7610950469970703,0.488780677318573
tang1,颜色,4536空盒23.7*14.3*5.2CM,4536 hộp rỗng 23.7*14.3*5.2CM,DUNG,Màu sắc,颜色: 4536空盒23.7*14.3*5.2CM,Màu sắc: 4536 hộp rỗng 23.7*14.3*5.2CM,0.8634381294250488,0.8827171325683594,0.43566256761550903
tang1,工艺,无骨,Không xương,SAI,Công nghệ,工艺: 无骨,Công nghệ: Không xương,0.7317802309989929,0.7614586353302002,0.3590252995491028
tang1,颜色,白粉,Bột trắng,SAI,Màu sắc,颜色: 白粉,Màu sắc: Bột trắng,0.6391046643257141,0.7886050939559937,0.5087373852729797
tang1,适用型号,iPhone 12 6.1寸,IPhone 12 6.1 inch,DUNG,Dòng máy tương thích,适用型号: iPhone 12 6.1寸,Dòng máy tương thích: IPhone 12 6.1 inch,0.9576453566551208,0.8641481399536133,0.5507862567901611
tang1,包装方式,网袋,túi lưới,DUNG,Cách đóng gói,包装方式: 网袋,Cách đóng gói: túi lưới,0.6835440993309021,0.7525497674942017,0.5605178475379944
tang1,食品工艺,冷萃,Làm lạnh để chiết xuất,DUNG,Công nghệ chế biến,食品工艺: 冷萃,Công nghệ chế biến: Làm lạnh để chiết xuất,0.6151257157325745,0.7154172658920288,0.4018070101737976
tang1,适用型号,苹果17Pro,Apple 17 Pro,SAI,Dòng máy tương thích,适用型号: 苹果17Pro,Dòng máy tương thích: Apple 17 Pro,0.9326923489570618,0.863635778427124,0.5970563888549805
tang1,颜色,白色无挂件,Màu trắng không có đồ treo,DUNG,Màu sắc,颜色: 白色无挂件,Màu sắc: Màu trắng không có đồ treo,0.8239876627922058,0.8278239965438843,0.4028245806694031
tang1,花型,清绿+奶黄,Xanh ngọc + Vàng kem,DUNG,Hoa văn,花型: 清绿+奶黄,Hoa văn: Xanh ngọc + Vàng kem,0.6190785765647888,0.6217716932296753,0.3601318299770355
tang1,刀身材质,3Cr系列钢,Thép dòng 3Cr,DUNG,Chất liệu thân dao,刀身材质: 3Cr系列钢,Chất liệu thân dao: Thép dòng 3Cr,0.812292218208313,0.7838483452796936,0.812292218208313
tang1,颜色,海鸥灰,Xám hải âu,DUNG,Màu sắc,颜色: 海鸥灰,Màu sắc: Xám hải âu,0.35955607891082764,0.6292012929916382,0.4079393744468689
tang1,款式,包边,viền,DUNG,Kiểu dáng,款式: 包边,Kiểu dáng: viền,0.478839635848999,0.7390754818916321,0.45457759499549866
tang1,风格类型,简约格调,Phong cách tối giản,DUNG,Loại phong cách,风格类型: 简约格调,Loại phong cách: Phong cách tối giản,0.8062971830368042,0.8027695417404175,0.48024502396583557
tang1,功能,不粘锅,chảo chống dính,SAI,Chức năng,功能: 不粘锅,Chức năng: chảo chống dính,0.6638392806053162,0.7588303089141846,0.454551637172699
tang1,颜色,海蓝色,biển xanh,SAI,Màu sắc,颜色: 海蓝色,Màu sắc: biển xanh,0.596794605255127,0.7939937114715576,0.3588405251502991
tang1,印花主题,3D效果,Hiệu ứng 3D,DUNG,Chủ đề hình in,印花主题: 3D效果,Chủ đề hình in: Hiệu ứng 3D,0.9330998063087463,0.8395905494689941,0.5665527582168579
tang1,颜色,石墨灰,Xám than chì,DUNG,Màu sắc,颜色: 石墨灰,Màu sắc: Xám than chì,0.3672507405281067,0.6458250880241394,0.38557812571525574
tang1,组合形式,假两件,Giả hai chiếc,SAI,Hình thức kết hợp,组合形式: 假两件,Hình thức kết hợp: Giả hai chiếc,0.8583889007568359,0.8215605020523071,0.8583889007568359
tang1,流行元素,彩虹,cầu vồng,DUNG,Yếu tố thịnh hành,流行元素: 彩虹,Yếu tố thịnh hành: cầu vồng,0.5386160612106323,0.6557058691978455,0.4337359666824341
tang1,售卖平台,跨境，京东，天猫，淘宝，抖音支持铺货,"Hỗ trợ bán hàng xuyên biên giới, trên JD, Tmall, Taobao, Douyin",DUNG,Nền tảng bán hàng,售卖平台: 跨境，京东，天猫，淘宝，抖音支持铺货,"Nền tảng bán hàng: Hỗ trợ bán hàng xuyên biên giới, trên JD, Tmall, Taobao, Douyin",0.6590257883071899,0.6778135299682617,0.6590257883071899
tang1,奶嘴类型,圆孔,Lỗ tròn,DUNG,Loại núm vú giả,奶嘴类型: 圆孔,Loại núm vú giả: Lỗ tròn,0.6221104860305786,0.6586748957633972,0.6221104860305786
tang1,规格尺寸,128G高速U3卡,Thẻ U3 tốc độ cao 128G,DUNG,Kích thước thông số kỹ thuật,规格尺寸: 128G高速U3卡,Kích thước thông số kỹ thuật: Thẻ U3 tốc độ cao 128G,0.9019002914428711,0.8747118711471558,0.4631924033164978
tang1,颜色分类,4K【2160P】前录超清+免走线,4K [2160P] ghi trước siêu rõ ràng không cần định tuyến,SAI,Phân loại màu sắc,颜色分类: 4K【2160P】前录超清+免走线,Phân loại màu sắc: 4K [2160P] ghi trước siêu rõ ràng không cần định tuyến,0.8561835885047913,0.8361971378326416,0.5273677110671997
tang1,鞋面材质,二层牛皮（除牛反绒）,Da bò hai lớp (ngoại trừ nhung bò),SAI,Chất liệu mặt giày,鞋面材质: 二层牛皮（除牛反绒）,Chất liệu mặt giày: Da bò hai lớp (ngoại trừ nhung bò),0.7243527770042419,0.8347828388214111,0.4224386215209961
tang1,区域,湖州织里童装,Quần áo trẻ em Huzhou Zhili,DUNG,Khu vực,区域: 湖州织里童装,Khu vực: Quần áo trẻ em Huzhou Zhili,0.6006468534469604,0.7113337516784668,0.6006468534469604
tang1,功能,轨道偏移预警,Cảnh báo sai lệch quỹ đạo,SAI,Chức năng,功能: 轨道偏移预警,Chức năng: Cảnh báo sai lệch quỹ đạo,0.7497704029083252,0.814414918422699,0.39544814825057983
tang1,产品质量等级,一等品,Hàng loại nhất,DUNG,Sản phẩm chất lượng lớp,产品质量等级: 一等品,Sản phẩm chất lượng lớp: Hàng loại nhất,0.6213805675506592,0.7246313691139221,0.6296788454055786
tang1,生产日期,批次更新,Cập nhật hàng loạt,SAI,Ngày sản xuất,生产日期: 批次更新,Ngày sản xuất: Cập nhật hàng loạt,0.8364202976226807,0.8568585515022278,0.4065817594528198
tang1,屏幕尺寸,4.3英寸,4.3 inch,DUNG,Kích thước màn hình,屏幕尺寸: 4.3英寸,Kích thước màn hình: 4.3 inch,0.9486868977546692,0.9475229978561401,0.7400204539299011
tang1,适用型号,苹果6SPLUS,Apple 6SPLUS,SAI,Dòng máy tương thích,适用型号: 苹果6SPLUS,Dòng máy tương thích: Apple 6SPLUS,0.9529182314872742,0.8898192048072815,0.2808314561843872
tang1,功能,无感佩戴,Mặc mà không cảm thấy,DUNG,Chức năng,功能: 无感佩戴,Chức năng: Mặc mà không cảm thấy,0.7638071775436401,0.7904953956604004,0.5883002281188965
tang1,风格,无印风,Phong cách không in,SAI,Phong cách,风格: 无印风,Phong cách: Phong cách không in,0.6964795589447021,0.8071327209472656,0.39031222462654114
tang1,功能,厨房清洁,dọn dẹp nhà bếp,DUNG,Chức năng,功能: 厨房清洁,Chức năng: dọn dẹp nhà bếp,0.8362115621566772,0.8482213616371155,0.3290400207042694
tang1,袖型,喇叭袖,Tay loe,DUNG,Kiểu tay áo,袖型: 喇叭袖,Kiểu tay áo: Tay loe,0.3219320476055145,0.6502225995063782,0.3219320476055145
tang1,毛重,找客服咨询,Liên hệ bộ phận chăm sóc khách hàng để được tư vấn,DUNG,Trọng lượng cả bì,毛重: 找客服咨询,Trọng lượng cả bì: Liên hệ bộ phận chăm sóc khách hàng để được tư vấn,0.8088253140449524,0.6903836131095886,0.8088253140449524
tang1,风格,油画,Tranh sơn dầu,DUNG,Phong cách,风格: 油画,Phong cách: Tranh sơn dầu,0.827666163444519,0.8338087797164917,0.4269865155220032
tang1,风格,简约风格,Phong cách tối giản,DUNG,Phong cách,风格: 简约风格,Phong cách: Phong cách tối giản,0.8042619228363037,0.816870927810669,0.4734475016593933
tang1,款式,单肩包,túi đeo vai,DUNG,Kiểu dáng,款式: 单肩包,Kiểu dáng: túi đeo vai,0.6929757595062256,0.7408719062805176,0.5119896531105042
tang1,规格,36空盒27.1*17.4*4.5CM,36 hộp rỗng 27.1 * 17.4 * 4.5CM,DUNG,Quy cách,规格: 36空盒27.1*17.4*4.5CM,Quy cách: 36 hộp rỗng 27.1 * 17.4 * 4.5CM,0.872977614402771,0.8712590932846069,0.5440313220024109
tang1,适用场景,运动潮流,Thể thao thời thượng,DUNG,Dịp sử dụng,适用场景: 运动潮流,Dịp sử dụng: Thể thao thời thượng,0.6843606233596802,0.7674727439880371,0.3759227395057678
tang1,产品类别,玩具篮球,bóng rổ đồ chơi,DUNG,Danh mục sản phẩm,产品类别: 玩具篮球,Danh mục sản phẩm: bóng rổ đồ chơi,0.7275408506393433,0.6944453716278076,0.2962440848350525
tang1,功能,厨房清洁,vệ sinh nhà bếp,DUNG,Chức năng,功能: 厨房清洁,Chức năng: vệ sinh nhà bếp,0.7774739265441895,0.8459192514419556,0.40356582403182983
tang1,上市年份季节,2018年冬季,Mùa đông năm 2018,DUNG,Năm/mùa ra mắt,上市年份季节: 2018年冬季,Năm/mùa ra mắt: Mùa đông năm 2018,0.9121771454811096,0.8076626062393188,0.731570839881897
tang1,容量,0L-5L（含）,0L-5L (đã bao gồm),DUNG,Dung tích,容量: 0L-5L（含）,Dung tích: 0L-5L (đã bao gồm),0.931590735912323,0.9205982089042664,0.5086955428123474
tang1,尺码,2XL【建议135-150斤】,2XL [đề nghị 135-150 kg],SAI,Kích cỡ,尺码: 2XL【建议135-150斤】,Kích cỡ: 2XL [đề nghị 135-150 kg],0.8953174948692322,0.8985354900360107,0.7613962888717651
tang1,货号,源头旗舰店无痕代发,"Cửa hàng flagship chính hãng, giao hàng không dấu vết",SAI,Mã sản phẩm,货号: 源头旗舰店无痕代发,"Mã sản phẩm: Cửa hàng flagship chính hãng, giao hàng không dấu vết",0.5895763635635376,0.6635438203811646,0.35801565647125244
tang1,颜色,子母箱【浪漫粉】简易内置,Hộp mẹ và con [bột lãng mạn] tích hợp đơn giản,SAI,Màu sắc,颜色: 子母箱【浪漫粉】简易内置,Màu sắc: Hộp mẹ và con [bột lãng mạn] tích hợp đơn giản,0.66960608959198,0.6979117393493652,0.3287751078605652
tang1,功能,多点连接,Kết nối đa điểm,DUNG,Chức năng,功能: 多点连接,Chức năng: Kết nối đa điểm,0.8733940124511719,0.8951287865638733,0.515095055103302
tang1,闭合方式,旋转扣,khóa xoay,DUNG,Kiểu đóng,闭合方式: 旋转扣,Kiểu đóng: khóa xoay,0.6537312269210815,0.7986371517181396,0.4744189977645874
tang1,颜色,15.5长方盒（3.0）15.5*6.4*3CM,15.5 hộp hình chữ ngày (3.0)15.5*6.4*3cm,SAI,Màu sắc,颜色: 15.5长方盒（3.0）15.5*6.4*3CM,Màu sắc: 15.5 hộp hình chữ ngày (3.0)15.5*6.4*3cm,0.8356497883796692,0.8194259405136108,0.4467719495296478
tang1,年份,1年(含)-3年(不含),1 năm (đã bao gồm) -3 năm (độc quyền),SAI,Năm,年份: 1年(含)-3年(不含),Năm: 1 năm (đã bao gồm) -3 năm (độc quyền),0.8424094915390015,0.8115624189376831,0.890412449836731
tang1,玩具类型,玩具车,xe đồ chơi,DUNG,Loại đồ chơi,玩具类型: 玩具车,Loại đồ chơi: xe đồ chơi,0.81219482421875,0.8435052633285522,0.5551764369010925
tang1,颜色,远峰蓝,Đỉnh xa màu xanh,SAI,Màu sắc,颜色: 远峰蓝,Màu sắc: Đỉnh xa màu xanh,0.49244025349617004,0.6988275051116943,0.41036009788513184
tang1,织造工艺,缎纹,satin,DUNG,Công nghệ dệt,织造工艺: 缎纹,Công nghệ dệt: satin,0.48487579822540283,0.6784362196922302,0.48487579822540283
tang1,风格,北欧,Phong cách Bắc Âu,DUNG,Phong cách,风格: 北欧,Phong cách: Phong cách Bắc Âu,0.7059152126312256,0.837562620639801,0.4080309271812439
tang1,适用送礼场合,4S店,cửa hàng 4S,DUNG,Những dịp tặng quà thích hợp,适用送礼场合: 4S店,Những dịp tặng quà thích hợp: cửa hàng 4S,0.9301127195358276,0.8535068035125732,0.39772772789001465
tang1,分类,汽车挂饰,đồ trang trí xe hơi,DUNG,Phân loại,分类: 汽车挂饰,Phân loại: đồ trang trí xe hơi,0.8148936033248901,0.8097017407417297,0.713249146938324
tang1,鞋跟形状,方跟,gót vuông,DUNG,Hình dạng gót giày,鞋跟形状: 方跟,Hình dạng gót giày: gót vuông,0.4343053102493286,0.7621803283691406,0.4343053102493286
tang1,工艺,丝光,được đánh bóng,DUNG,Công nghệ,工艺: 丝光,Công nghệ: được đánh bóng,0.3796887695789337,0.6947053670883179,0.36691492795944214
tang1,颜色,绿色恐龙,khủng long xanh,DUNG,Màu sắc,颜色: 绿色恐龙,Màu sắc: khủng long xanh,0.6340785026550293,0.7621470093727112,0.45910847187042236
tang1,特色功能,发光,ánh sáng,DUNG,Tính năng đặc biệt,特色功能: 发光,Tính năng đặc biệt: ánh sáng,0.7648887038230896,0.8608475923538208,0.7648887038230896
tang1,颜色,玫瑰花,hoa hồng,DUNG,Màu sắc,颜色: 玫瑰花,Màu sắc: hoa hồng,0.6161298155784607,0.7487541437149048,0.48534905910491943
tang1,颜色,大红,màu đỏ tươi,DUNG,Màu sắc,颜色: 大红,Màu sắc: màu đỏ tươi,0.47979164123535156,0.7460839152336121,0.36950165033340454
tang1,颜色,水鸭绿,màu xanh mòng két,DUNG,Màu sắc,颜色: 水鸭绿,Màu sắc: màu xanh mòng két,0.46490007638931274,0.6410259008407593,0.469484806060791
tang1,风格,国潮新风,Xu hướng quốc gia mới,SAI,Phong cách,风格: 国潮新风,Phong cách: Xu hướng quốc gia mới,0.5739316940307617,0.7317267656326294,0.4294533133506775
tang1,型号,方盒,Hộp vuông,DUNG,Model,型号: 方盒,Model: Hộp vuông,0.5851304531097412,0.704633891582489,0.36645621061325073
tang1,款式,A字型款,Kiểu dáng chữ A,DUNG,Kiểu dáng,款式: A字型款,Kiểu dáng: Kiểu dáng chữ A,0.8482342958450317,0.8475323915481567,0.5505014657974243
tang1,颜色,白色小号,Màu trắng cỡ nhỏ,DUNG,Màu sắc,颜色: 白色小号,Màu sắc: Màu trắng cỡ nhỏ,0.7234631776809692,0.8251820206642151,0.3322552442550659
tang1,材质成分,其它:100%,其它:100%,SAI,Thành phần vật liệu,材质成分: 其它:100%,Thành phần vật liệu: 其它:100%,1.0,0.9573056697845459,0.6758286952972412
tang1,尺寸规格,单件被套200*230cm【不起球-不褪色】,Vỏ chăn đơn 200*230cm [Không xù lông - Không phai màu],DUNG,Kích thước,尺寸规格: 单件被套200*230cm【不起球-不褪色】,Kích thước: Vỏ chăn đơn 200*230cm [Không xù lông - Không phai màu],0.7518244385719299,0.7450314164161682,0.6291384100914001
tang1,图案,方格,Caro vuông,DUNG,Hoa văn,图案: 方格,Hoa văn: Caro vuông,0.4992845058441162,0.6375729441642761,0.35912030935287476
tang1,流行元素,水钻,Đá pha lê,DUNG,Yếu tố thịnh hành,流行元素: 水钻,Yếu tố thịnh hành: Đá pha lê,0.474398672580719,0.6640231013298035,0.3367982506752014
tang1,颜色,706空盒22.8*15.6*11cm,706 hộp rỗng 22.8*15.6*11cm,DUNG,Màu sắc,颜色: 706空盒22.8*15.6*11cm,Màu sắc: 706 hộp rỗng 22.8*15.6*11cm,0.8427895307540894,0.856680154800415,0.3415917158126831
tang1,适用型号,苹果16ProMax,Apple 16ProMax,SAI,Dòng máy tương thích,适用型号: 苹果16ProMax,Dòng máy tương thích: Apple 16ProMax,0.9569014310836792,0.8933613300323486,0.5421707630157471
tang1,花型,深灰抹茶,Mát trà xám đậm,SAI,Hoa văn,花型: 深灰抹茶,Hoa văn: Mát trà xám đậm,0.5889059901237488,0.6373670697212219,0.3834853768348694
tang1,去污能力,去水渍,Loại bỏ vết nước,DUNG,Khả năng khử nhiễm,去污能力: 去水渍,Khả năng khử nhiễm: Loại bỏ vết nước,0.7993516325950623,0.808387041091919,0.6798417568206787
tang1,容量,100L-150L（含）,100L-150L (đã bao gồm),DUNG,Dung tích,容量: 100L-150L（含）,Dung tích: 100L-150L (đã bao gồm),0.9432631134986877,0.9170923233032227,0.5091214776039124
tang1,产品类型,护肤品,sản phẩm chăm sóc da,DUNG,Loại sản phẩm,产品类型: 护肤品,Loại sản phẩm: sản phẩm chăm sóc da,0.8442079424858093,0.8841632604598999,0.3206561803817749
tang1,最快出货时间,通用款,Mẫu dùng chung,DUNG,Thời gian giao hàng sớm nhất,最快出货时间: 通用款,Thời gian giao hàng sớm nhất: Mẫu dùng chung,0.659186065196991,0.8004503846168518,0.3831210732460022
tang1,容量,50L-60L（含）,50L-60L (bao gồm),DUNG,Dung tích,容量: 50L-60L（含）,Dung tích: 50L-60L (bao gồm),0.9674785733222961,0.9135743379592896,0.4509103000164032
tang1,风格,新中式,Phong cách Trung Quốc mới,DUNG,Phong cách,风格: 新中式,Phong cách: Phong cách Trung Quốc mới,0.7131767272949219,0.7481483221054077,0.47743815183639526
tang1,尺寸规格,1.8m床笠款【被套200*230cm】4件套【不起球-不褪色】,Bộ 4 món ga chun 1.8m [vỏ chăn 200*230cm] [không xù lông - không phai màu],DUNG,Kích thước,尺寸规格: 1.8m床笠款【被套200*230cm】4件套【不起球-不褪色】,Kích thước: Bộ 4 món ga chun 1.8m [vỏ chăn 200*230cm] [không xù lông - không phai màu],0.6956668496131897,0.6981841921806335,0.5151641964912415
tang1,风格,新中式,Kiểu Trung mới,DUNG,Phong cách,风格: 新中式,Phong cách: Kiểu Trung mới,0.7229150533676147,0.7671563029289246,0.49658751487731934
tang1,安装位置,前档风玻璃,Kính chắn gió phía trước,DUNG,Vị trí lắp đặt,安装位置: 前档风玻璃,Vị trí lắp đặt: Kính chắn gió phía trước,0.7652491927146912,0.8026392459869385,0.566947340965271
tang1,容量,330ml/ppsu奶瓶（LL号奶嘴）胡桃夹子224,Bình sữa cho bé 330ml/PPSU (núm ti LL) – Nutcracker 224,DUNG,Dung tích,容量: 330ml/ppsu奶瓶（LL号奶嘴）胡桃夹子224,Dung tích: Bình sữa cho bé 330ml/PPSU (núm ti LL) – Nutcracker 224,0.6269806027412415,0.6562214493751526,0.4490697979927063
tang1,容量,330ml/ppsu奶瓶（LL号奶嘴）马戏团225,Bình sữa 330ml/PPSU (núm ti cỡ LL) Rạp xiếc 225,DUNG,Dung tích,容量: 330ml/ppsu奶瓶（LL号奶嘴）马戏团225,Dung tích: Bình sữa 330ml/PPSU (núm ti cỡ LL) Rạp xiếc 225,0.7895129919052124,0.8004480600357056,0.44208526611328125
tang1,容量,330ml/ppsu奶瓶（L号奶嘴）淑女豹222,"Bình sữa PPSU 330ml (núm ti cỡ L), mẫu Gentle Leopard 222",DUNG,Dung tích,容量: 330ml/ppsu奶瓶（L号奶嘴）淑女豹222,"Dung tích: Bình sữa PPSU 330ml (núm ti cỡ L), mẫu Gentle Leopard 222",0.7208421230316162,0.7576263546943665,0.47358936071395874
tang1,容量,330ml/ppsu奶瓶（L号奶嘴）绅士豹223,"Bình sữa PPSU 330ml (núm vú cỡ L), Gentleman Leopard 223",DUNG,Dung tích,容量: 330ml/ppsu奶瓶（L号奶嘴）绅士豹223,"Dung tích: Bình sữa PPSU 330ml (núm vú cỡ L), Gentleman Leopard 223",0.7517606019973755,0.7821847200393677,0.46174126863479614
tang1,产品上市时间,2018年,Năm 2018,DUNG,Thời gian ra mắt sản phẩm,产品上市时间: 2018年,Thời gian ra mắt sản phẩm: Năm 2018,0.9565787315368652,0.9307057857513428,0.501666247844696
tang1,容纳电脑尺寸,15.6英寸,15.6 inch,DUNG,Kích thước laptop vừa,容纳电脑尺寸: 15.6英寸,Kích thước laptop vừa: 15.6 inch,0.9659367203712463,0.8282192349433899,0.6017305850982666
tang1,闭合方式,套筒,tay áo,SAI,Kiểu đóng,闭合方式: 套筒,Kiểu đóng: tay áo,0.48931053280830383,0.6869378089904785,0.491086483001709
tang1,材质,绒布,Vải nhung,DUNG,Chất liệu,材质: 绒布,Chất liệu: Vải nhung,0.5469688177108765,0.74758380651474,0.45965200662612915
tang1,颜色,Z637米色,Z637 màu be,DUNG,Màu sắc,颜色: Z637米色,Màu sắc: Z637 màu be,0.8733240365982056,0.8731347322463989,0.4412783086299896
tang1,尺寸规格,1.8m床笠款四件套,Bộ chăn ga gối 4 món kiểu ga chun 1.8m,DUNG,Kích thước,尺寸规格: 1.8m床笠款四件套,Kích thước: Bộ chăn ga gối 4 món kiểu ga chun 1.8m,0.6868371963500977,0.676417350769043,0.537804901599884
tang1,图案,文字,Văn bản,DUNG,Hoa văn,图案: 文字,Hoa văn: Văn bản,0.6196056604385376,0.7176996469497681,0.5181864500045776
tang1,电源容量,10000毫安,10000 mA,SAI,Công suất điện,电源容量: 10000毫安,Công suất điện: 10000 mA,0.8395620584487915,0.8462148904800415,0.6077205538749695
tang1,尺寸规格,2.0m床单款【被套200*230cm】4件套【不起球-不褪色】,Bộ 4 món ga trải giường 2.0m [Vỏ chăn 200*230cm] [Không xù lông - Không phai màu],DUNG,Kích thước,尺寸规格: 2.0m床单款【被套200*230cm】4件套【不起球-不褪色】,Kích thước: Bộ 4 món ga trải giường 2.0m [Vỏ chăn 200*230cm] [Không xù lông - Không phai màu],0.774231493473053,0.7779316306114197,0.5810658931732178
tang1,风格,酒店风,phong cách khách sạn,DUNG,Phong cách,风格: 酒店风,Phong cách: phong cách khách sạn,0.7949744462966919,0.8768484592437744,0.5806112885475159
tang1,开合方式,带盖,Có nắp đậy,DUNG,Cách mở và đóng,开合方式: 带盖,Cách mở và đóng: Có nắp đậy,0.5893474817276001,0.7578085660934448,0.5095916986465454
tang1,净含量,散装称重销售,散装称重销售,SAI,Khối lượng tịnh,净含量: 散装称重销售,Khối lượng tịnh: 散装称重销售,1.0,0.8496331572532654,0.6843745708465576
tang1,图案,环保数码印花,In kỹ thuật số thân thiện với môi trường,DUNG,Hoa văn,图案: 环保数码印花,Hoa văn: In kỹ thuật số thân thiện với môi trường,0.7763875722885132,0.7621337175369263,0.4260067939758301
tang1,颜色,酒红拼蓝,Màu đỏ tía và màu xanh,DUNG,Màu sắc,颜色: 酒红拼蓝,Màu sắc: Màu đỏ tía và màu xanh,0.5593817830085754,0.6962386965751648,0.38053447008132935
tang1,领标,已剪标,Nhãn đã được gỡ bỏ,DUNG,Nhãn cổ áo,领标: 已剪标,Nhãn cổ áo: Nhãn đã được gỡ bỏ,0.688044011592865,0.6718661785125732,0.688044011592865
tang1,开盖方式,敞口,Mở,DUNG,Cách mở nắp,开盖方式: 敞口,Cách mở nắp: Mở,0.5745322704315186,0.749663233757019,0.3013135492801666
tang1,香味,花香,Hương hoa,DUNG,Hương thơm,香味: 花香,Hương thơm: Hương hoa,0.6525396108627319,0.8248684406280518,0.6525396108627319
tang1,功能,教育功能,chức năng giáo dục,DUNG,Chức năng,功能: 教育功能,Chức năng: chức năng giáo dục,0.8487728238105774,0.865972638130188,0.45010077953338623
tang1,运动系列,经典系列,Dòng cổ điển,DUNG,Dòng sản phẩm thể thao,运动系列: 经典系列,Dòng sản phẩm thể thao: Dòng cổ điển,0.6229171752929688,0.7187436819076538,0.6229171752929688
tang1,颜色,子母箱【墨竹绿】简易内置,Hộp mẹ và con [màu xanh lá cây tre] tích hợp đơn giản,SAI,Màu sắc,颜色: 子母箱【墨竹绿】简易内置,Màu sắc: Hộp mẹ và con [màu xanh lá cây tre] tích hợp đơn giản,0.635480523109436,0.656914472579956,0.359058141708374
tang1,颜色,子母箱【白+玫】简易内置,Hộp mẹ và con [hoa hồng trắng] tích hợp đơn giản,SAI,Màu sắc,颜色: 子母箱【白+玫】简易内置,Màu sắc: Hộp mẹ và con [hoa hồng trắng] tích hợp đơn giản,0.6696232557296753,0.6925061941146851,0.4569123089313507
tang1,积木粒(片）数,100-200粒(片),100-200 viên (miếng),DUNG,Số lượng khối xây dựng (mảnh),积木粒(片）数: 100-200粒(片),Số lượng khối xây dựng (mảnh): 100-200 viên (miếng),0.8622123003005981,0.760385274887085,0.8622123003005981
tang1,产品类别,收纳整理箱,Hộp lưu trữ,DUNG,Danh mục sản phẩm,产品类别: 收纳整理箱,Danh mục sản phẩm: Hộp lưu trữ,0.7143334150314331,0.7170802354812622,0.3855901062488556
tang1,颜色分类,2K【1600P】前录高清+免走线,2K [1600P] HD được ghi sẵn + không cần nối dây,DUNG,Phân loại màu sắc,颜色分类: 2K【1600P】前录高清+免走线,Phân loại màu sắc: 2K [1600P] HD được ghi sẵn + không cần nối dây,0.8021053671836853,0.816187858581543,0.4492378234863281
tang1,图案,千鸟格,con chó săn,SAI,Hoa văn,图案: 千鸟格,Hoa văn: con chó săn,0.3161294758319855,0.4944935441017151,0.34296923875808716
tang1,颜色分类,2K【1600P】前录高清+免走线,2K [1600P] ghi trước HD miễn phí định tuyến,SAI,Phân loại màu sắc,颜色分类: 2K【1600P】前录高清+免走线,Phân loại màu sắc: 2K [1600P] ghi trước HD miễn phí định tuyến,0.8209561109542847,0.8096902370452881,0.444612592458725
tang1,价格段,100-200元,100-200 nhân dân tệ,DUNG,Phân khúc giá,价格段: 100-200元,Phân khúc giá: 100-200 nhân dân tệ,0.8936024904251099,0.8849496245384216,0.7635138034820557
tang1,花型,米白+清绿,Trắng ngà + Xanh nhạt,DUNG,Hoa văn,花型: 米白+清绿,Hoa văn: Trắng ngà + Xanh nhạt,0.6192488670349121,0.6580041646957397,0.39768874645233154
tang1,颜色,707空盒25.8*18.2*12cm,707 hộp rỗng 25.8*18.2*12cm,DUNG,Màu sắc,颜色: 707空盒25.8*18.2*12cm,Màu sắc: 707 hộp rỗng 25.8*18.2*12cm,0.8657783269882202,0.875586748123169,0.4355170726776123
tang1,尺码,43男,43 nam,DUNG,Kích cỡ,尺码: 43男,Kích cỡ: 43 nam,0.7813458442687988,0.9134116768836975,0.4124378263950348
tang1,茶种类,冲泡茶,Pha trà,SAI,Loại trà,茶种类: 冲泡茶,Loại trà: Pha trà,0.6087716221809387,0.6898620128631592,0.5319456458091736
tang1,前进方式,滑行,Trượt,DUNG,Cách tiến về phía trước,前进方式: 滑行,Cách tiến về phía trước: Trượt,0.591888964176178,0.7735452055931091,0.591888964176178
tang1,安装方式,卡扣式,Gắn vào,SAI,Cách lắp đặt,安装方式: 卡扣式,Cách lắp đặt: Gắn vào,0.5425083637237549,0.7763711810112,0.5425083637237549
tang1,茶种类,莓茶,trà quả mọng,SAI,Loại trà,茶种类: 莓茶,Loại trà: trà quả mọng,0.5580508708953857,0.635479211807251,0.533130407333374
tang1,产品规格,玻尿酸冻干粉面膜单片,Mặt nạ bột đông khô axit hyaluronic đơn,DUNG,Quy cách sản phẩm,产品规格: 玻尿酸冻干粉面膜单片,Quy cách sản phẩm: Mặt nạ bột đông khô axit hyaluronic đơn,0.6658115983009338,0.6787418127059937,0.45421332120895386
tang1,货号,彩绘3,Tranh vẽ màu 3,DUNG,Mã sản phẩm,货号: 彩绘3,Mã sản phẩm: Tranh vẽ màu 3,0.7737419605255127,0.7778075933456421,0.4062812030315399
tang1,主面料成分含量,50%（含）-70%（不含）,50% (đã bao gồm)-70% (độc quyền),SAI,Tỉ lệ thành phần vải chính,主面料成分含量: 50%（含）-70%（不含）,Tỉ lệ thành phần vải chính: 50% (đã bao gồm)-70% (độc quyền),0.8221679329872131,0.8423119783401489,0.7804611921310425
tang1,颜色,深海蓝,Xanh biển đậm,DUNG,Màu sắc,颜色: 深海蓝,Màu sắc: Xanh biển đậm,0.5918916463851929,0.7609148025512695,0.2672469913959503
tang1,颜色,摩卡色,Màu mocha,DUNG,Màu sắc,颜色: 摩卡色,Màu sắc: Màu mocha,0.5249914526939392,0.7996740341186523,0.35605141520500183
tang1,产品上市时间,2017年春,Mùa xuân năm 2017,DUNG,Thời gian ra mắt sản phẩm,产品上市时间: 2017年春,Thời gian ra mắt sản phẩm: Mùa xuân năm 2017,0.9171450734138489,0.9143024682998657,0.7661266922950745
tang1,风格,摇滚,đá,SAI,Phong cách,风格: 摇滚,Phong cách: đá,0.4549196660518646,0.6935604810714722,0.3771062195301056
tang1,产品上市时间,2017年春,Mùa xuân 2017,DUNG,Thời gian ra mắt sản phẩm,产品上市时间: 2017年春,Thời gian ra mắt sản phẩm: Mùa xuân 2017,0.927375316619873,0.9205394387245178,0.693594217300415
tang1,口径形状,Y字孔,Lỗ chữ Y,DUNG,Hình dạng cỡ nòng,口径形状: Y字孔,Hình dạng cỡ nòng: Lỗ chữ Y,0.820551335811615,0.8012572526931763,0.5969039797782898
tang1,形象,巴斯光年,Buzz Lightyear,DUNG,Hình tượng,形象: 巴斯光年,Hình tượng: Buzz Lightyear,0.3667986989021301,0.5502844452857971,0.16526581346988678
tang1,生产厂商,东莞市鑫盛迪利电子有限公司,Công ty TNHH Điện tử Đông Quan Xinsheng Dili,DUNG,生产厂商,生产厂商: 东莞市鑫盛迪利电子有限公司,生产厂商: Công ty TNHH Điện tử Đông Quan Xinsheng Dili,0.6101316809654236,0.7852057218551636,0.341678649187088
tang1,质地,漆光,Sơn bóng,DUNG,Kết cấu,质地: 漆光,Kết cấu: Sơn bóng,0.5406731367111206,0.7127333879470825,0.5503731369972229
tang1,尺寸规格,1.8m床笠款四件套【被套200*230cm】,Bộ khăn trải giường 1.8 m bốn mảnh [vỏ chăn 200*230cm],DUNG,Kích thước,尺寸规格: 1.8m床笠款四件套【被套200*230cm】,Kích thước: Bộ khăn trải giường 1.8 m bốn mảnh [vỏ chăn 200*230cm],0.7650768160820007,0.7449974417686462,0.7280870079994202
tang1,风格,中式婚庆风,phong cách đám cưới Trung Quốc,DUNG,Phong cách,风格: 中式婚庆风,Phong cách: phong cách đám cưới Trung Quốc,0.7592285871505737,0.7786595821380615,0.5134025812149048
tang1,适合场地,小道,Con đường nhỏ,DUNG,Phù hợp với địa điểm,适合场地: 小道,Phù hợp với địa điểm: Con đường nhỏ,0.7506235837936401,0.821936845779419,0.36742907762527466
tang1,适用场景,室外,Ngoài trời,DUNG,Dịp sử dụng,适用场景: 室外,Dịp sử dụng: Ngoài trời,0.9399842023849487,0.8842489719390869,0.5697001218795776
tang1,风格,仙女,Tiên nữ,DUNG,Phong cách,风格: 仙女,Phong cách: Tiên nữ,0.5612122416496277,0.7431958317756653,0.3852086067199707
tang1,功能,提神,Giải khát,SAI,Chức năng,功能: 提神,Chức năng: Giải khát,0.5428857803344727,0.7182968854904175,0.39159244298934937
tang1,颜色,茉莉花,Hoa nhài,DUNG,Màu sắc,颜色: 茉莉花,Màu sắc: Hoa nhài,0.5087462067604065,0.700254499912262,0.2772834897041321
tang1,产品上市时间,2017年冬,Mùa đông năm 2017,DUNG,Thời gian ra mắt sản phẩm,产品上市时间: 2017年冬,Thời gian ra mắt sản phẩm: Mùa đông năm 2017,0.8887031078338623,0.9116109609603882,0.5036598443984985
tang1,颜色,复古铝框款【白/玫】,Khung nhôm cổ điển [trắng/hồng],DUNG,Màu sắc,颜色: 复古铝框款【白/玫】,Màu sắc: Khung nhôm cổ điển [trắng/hồng],0.5976998805999756,0.6597598195075989,0.3837205767631531
tang1,花型,纯黑色,Đen tuyền,DUNG,Hoa văn,花型: 纯黑色,Hoa văn: Đen tuyền,0.567923903465271,0.5822142362594604,0.46861129999160767
tang1,颜色分类,2K双录【2K+1K】高清+免走线,Ghi kép 2K [2K 1K] HD không cần định tuyến,SAI,Phân loại màu sắc,颜色分类: 2K双录【2K+1K】高清+免走线,Phân loại màu sắc: Ghi kép 2K [2K 1K] HD không cần định tuyến,0.7580755949020386,0.7539471387863159,0.3964918851852417
tang1,筒高,短筒,Ống ngắn,SAI,Chiều cao ống,筒高: 短筒,Chiều cao ống: Ống ngắn,0.710906445980072,0.8035168051719666,0.48751944303512573
tang1,领型,一字领,Cổ áo một từ,SAI,Kiểu cổ áo,领型: 一字领,Kiểu cổ áo: Cổ áo một từ,0.6663750410079956,0.6706363558769226,0.5494239330291748
tang1,主面料成分,莫代尔纤维,Sợi Modal,DUNG,Thành phần vải chính,主面料成分: 莫代尔纤维,Thành phần vải chính: Sợi Modal,0.5250867605209351,0.7336124777793884,0.41233623027801514
tang1,工艺,布艺,Vải nghệ thuật,SAI,Công nghệ,工艺: 布艺,Công nghệ: Vải nghệ thuật,0.6976757049560547,0.7600510120391846,0.4626477360725403
tang1,适用型号,苹果6,Táo 6,SAI,Dòng máy tương thích,适用型号: 苹果6,Dòng máy tương thích: Táo 6,0.5944679975509644,0.7252148389816284,0.5714573860168457
tang1,面料名称,莱卡,Lycra,DUNG,Tên vải,面料名称: 莱卡,Tên vải: Lycra,0.5495404005050659,0.7417486310005188,0.3250941038131714
tang1,容量,160ml猫狗狂欢216,160ml Lễ hội Mèo và Chó 216,DUNG,Dung tích,容量: 160ml猫狗狂欢216,Dung tích: 160ml Lễ hội Mèo và Chó 216,0.7308435440063477,0.7514353394508362,0.41021448373794556
tang1,颜色,米黄,Vàng be,DUNG,Màu sắc,颜色: 米黄,Màu sắc: Vàng be,0.39885348081588745,0.6405535936355591,0.3062213063240051
tang1,颜色,纯色【黑色】,Màu trơn [màu đen],DUNG,Màu sắc,颜色: 纯色【黑色】,Màu sắc: Màu trơn [màu đen],0.6351847648620605,0.7465648651123047,0.5498997569084167
tang1,颜色,纯色【白色】,Màu trơn [màu trắng],DUNG,Màu sắc,颜色: 纯色【白色】,Màu sắc: Màu trơn [màu trắng],0.6555533409118652,0.7479321956634521,0.6575021743774414
tang1,塑料新料占比,60%——80%新料,60%——80% nguyên liệu mới,DUNG,Tỷ lệ vật liệu nhựa mới,塑料新料占比: 60%——80%新料,Tỷ lệ vật liệu nhựa mới: 60%——80% nguyên liệu mới,0.9418551921844482,0.8633435964584351,0.9305996894836426
tang1,印染工艺,色织提花,Dệt jacquard sợi nhuộm,DUNG,Công nghệ in và nhuộm,印染工艺: 色织提花,Công nghệ in và nhuộm: Dệt jacquard sợi nhuộm,0.5719166398048401,0.6519528031349182,0.5546988248825073
tang1,颜色,纯色【灰色】,Màu trơn [màu xám],DUNG,Màu sắc,颜色: 纯色【灰色】,Màu sắc: Màu trơn [màu xám],0.5760452747344971,0.7216397523880005,0.6097766757011414
tang1,特殊工艺,针织,đan móc,SAI,Thủ công đặc biệt,特殊工艺: 针织,Thủ công đặc biệt: đan móc,0.5087743997573853,0.7320635318756104,0.5087743997573853
tang1,容量,160ml田园野趣217,160ml Vui Vẻ Mộc Mạc 217,DUNG,Dung tích,容量: 160ml田园野趣217,Dung tích: 160ml Vui Vẻ Mộc Mạc 217,0.740849494934082,0.7549445033073425,0.4930630326271057
tang1,图片实拍,官方图片,hình ảnh chính thức,DUNG,Ảnh chụp thực tế,图片实拍: 官方图片,Ảnh chụp thực tế: hình ảnh chính thức,0.766762375831604,0.7864487171173096,0.7691340446472168
tang1,闭合方式,按扣,Nút bấm,DUNG,Kiểu đóng,闭合方式: 按扣,Kiểu đóng: Nút bấm,0.6448020339012146,0.8133723735809326,0.4384138286113739
tang1,功能,带滑轮,Với ròng rọc,SAI,Chức năng,功能: 带滑轮,Chức năng: Với ròng rọc,0.5815116763114929,0.7033550143241882,0.5039288401603699
tang1,面料名称,针织面料,Vải dệt kim,DUNG,Tên vải,面料名称: 针织面料,Tên vải: Vải dệt kim,0.6176292896270752,0.7382990121841431,0.5672407150268555
tang1,颜色,14.5长方盒（1.8）14.5*10*1.8CM,Hộp hình chữ ngày 14.5 (1.8)14.5*10*1.8cm,SAI,Màu sắc,颜色: 14.5长方盒（1.8）14.5*10*1.8CM,Màu sắc: Hộp hình chữ ngày 14.5 (1.8)14.5*10*1.8cm,0.78593909740448,0.7842208743095398,0.34686779975891113
tang1,颜色,6.5长方盒6.4*4.5*2CM,Hộp hình chữ ngày 6.5 6.4*4.5*2cm,SAI,Màu sắc,颜色: 6.5长方盒6.4*4.5*2CM,Màu sắc: Hộp hình chữ ngày 6.5 6.4*4.5*2cm,0.7638764381408691,0.7806318998336792,0.2676554322242737
tang1,鞋底厚度,1.5cm(含)-3.5cm(不含),1.5cm (bao gồm) - 3.5cm (không bao gồm),DUNG,Độ dày đế giày,鞋底厚度: 1.5cm(含)-3.5cm(不含),Độ dày đế giày: 1.5cm (bao gồm) - 3.5cm (không bao gồm),0.9345709085464478,0.9043924808502197,0.8391907215118408
tang1,用品品类,水杯/训练杯,Cốc nước/cốc đào tạo,SAI,Danh mục sản phẩm,用品品类: 水杯/训练杯,Danh mục sản phẩm: Cốc nước/cốc đào tạo,0.7319929599761963,0.699517011642456,0.7319929599761963
tang1,颜色,白黑色,Màu đen trắng,DUNG,Màu sắc,颜色: 白黑色,Màu sắc: Màu đen trắng,0.7742078304290771,0.8366199731826782,0.4570942521095276
tang1,颜色,纯白,màu trắng tinh khiết,DUNG,Màu sắc,颜色: 纯白,Màu sắc: màu trắng tinh khiết,0.7218470573425293,0.7945386171340942,0.4796539545059204
tang1,适合身高,140码,140 thước,SAI,Phù hợp với chiều cao,适合身高: 140码,Phù hợp với chiều cao: 140 thước,0.7955431938171387,0.9208043217658997,0.5714731812477112
tang1,颜色,708空盒28.8*20.5*12.7cm,708 hộp rỗng 28.8*20.5*12.7cm,DUNG,Màu sắc,颜色: 708空盒28.8*20.5*12.7cm,Màu sắc: 708 hộp rỗng 28.8*20.5*12.7cm,0.878150463104248,0.8775873780250549,0.2395704835653305
tang1,用品品类,水杯/训练杯,Cốc nước/cốc tập uống,DUNG,Danh mục sản phẩm,用品品类: 水杯/训练杯,Danh mục sản phẩm: Cốc nước/cốc tập uống,0.7769768238067627,0.7220757007598877,0.751220703125
tang1,颜色,白黑绿,Trắng đen xanh lá,DUNG,Màu sắc,颜色: 白黑绿,Màu sắc: Trắng đen xanh lá,0.7474135160446167,0.8114157915115356,0.3753676116466522
tang1,风格,原创,nguyên bản,DUNG,Phong cách,风格: 原创,Phong cách: nguyên bản,0.6149479746818542,0.7240515947341919,0.522075891494751
tang1,成分,水杨酸,axit salicylic,DUNG,Thành phần,成分: 水杨酸,Thành phần: axit salicylic,0.48332715034484863,0.7062036395072937,0.3211929202079773
tang1,尺寸规格,单件被套180*220cm【不起球-不褪色】,Vỏ chăn đơn 180*220cm [Không xù lông - Không phai màu],DUNG,Kích thước,尺寸规格: 单件被套180*220cm【不起球-不褪色】,Kích thước: Vỏ chăn đơn 180*220cm [Không xù lông - Không phai màu],0.7377257943153381,0.7425392270088196,0.4989056885242462
tang1,颜色,黑蓝,Đen xanh lam,DUNG,Màu sắc,颜色: 黑蓝,Màu sắc: Đen xanh lam,0.5805877447128296,0.7301123738288879,0.3223741054534912
tang1,适用送礼场合,乔迁,chuyển nhà,DUNG,Những dịp tặng quà thích hợp,适用送礼场合: 乔迁,Những dịp tặng quà thích hợp: chuyển nhà,0.7441296577453613,0.8046568632125854,0.3556998670101166
tang1,颜色,子母箱【天空蓝】简易内置,Hộp mẹ và con [Sky Blue] Tích hợp đơn giản,SAI,Màu sắc,颜色: 子母箱【天空蓝】简易内置,Màu sắc: Hộp mẹ và con [Sky Blue] Tích hợp đơn giản,0.6783259510993958,0.720757246017456,0.39584559202194214
tang1,适用场景,健身器材,Thiết bị tập thể dục,DUNG,Dịp sử dụng,适用场景: 健身器材,Dịp sử dụng: Thiết bị tập thể dục,0.876278281211853,0.8365241289138794,0.4270952641963959
tang1,使用方式,座式,Kiểu Ngồi,SAI,Cách sử dụng,使用方式: 座式,Cách sử dụng: Kiểu Ngồi,0.7231080532073975,0.8624181747436523,0.5473048686981201
tang1,颜色,黑色无挂件,Màu đen không có phụ kiện,DUNG,Màu sắc,颜色: 黑色无挂件,Màu sắc: Màu đen không có phụ kiện,0.7955796718597412,0.8170354962348938,0.41511452198028564
tang1,尺码,42男,42 nam,DUNG,Kích cỡ,尺码: 42男,Kích cỡ: 42 nam,0.7814350128173828,0.9104644060134888,0.3757823705673218
tang1,风格,萌系,Dòng dễ thương,DUNG,Phong cách,风格: 萌系,Phong cách: Dòng dễ thương,0.5659307241439819,0.7080310583114624,0.4728955030441284
tang1,鞋面材质,布面,vải,DUNG,Chất liệu mặt giày,鞋面材质: 布面,Chất liệu mặt giày: vải,0.5402634143829346,0.7953829169273376,0.4636238217353821
tang1,适用送礼场合,乔迁,tân gia,DUNG,Những dịp tặng quà thích hợp,适用送礼场合: 乔迁,Những dịp tặng quà thích hợp: tân gia,0.39924347400665283,0.6843395233154297,0.3538796305656433
tang1,风格,甜美学院风,Phong cách học đường ngọt ngào,DUNG,Phong cách,风格: 甜美学院风,Phong cách: Phong cách học đường ngọt ngào,0.8106329441070557,0.8316925168037415,0.5475850105285645
tang1,颜色,10.5长方盒10.5*7.5*2.5CM,10.5 Hộp hình chữ ngày 10.5*7.5*2.5cm,SAI,Màu sắc,颜色: 10.5长方盒10.5*7.5*2.5CM,Màu sắc: 10.5 Hộp hình chữ ngày 10.5*7.5*2.5cm,0.7344980239868164,0.7548540830612183,0.543534517288208
tang1,货号,纯棉-四件套-J,Bộ 4 món - 100% cotton - J,DUNG,Mã sản phẩm,货号: 纯棉-四件套-J,Mã sản phẩm: Bộ 4 món - 100% cotton - J,0.7584136128425598,0.7309333086013794,0.360615611076355
tang1,颜色,黑色单包,Túi đơn màu đen,DUNG,Màu sắc,颜色: 黑色单包,Màu sắc: Túi đơn màu đen,0.750987708568573,0.8018572330474854,0.46630537509918213
tang1,尺寸规格,180x220cm【单件被套】,180x220cm [Vỏ chăn đơn],DUNG,Kích thước,尺寸规格: 180x220cm【单件被套】,Kích thước: 180x220cm [Vỏ chăn đơn],0.8039926290512085,0.808260440826416,0.6474857330322266
tang1,货号,国际A类标准 | 0甲醛0荧光剂 | 工厂直销款,Tiêu chuẩn quốc tế hạng A | 0 formaldehyde 0 chất huỳnh quang | Nhà máy bán hàng trực tiếp,DUNG,Mã sản phẩm,货号: 国际A类标准 | 0甲醛0荧光剂 | 工厂直销款,Mã sản phẩm: Tiêu chuẩn quốc tế hạng A | 0 formaldehyde 0 chất huỳnh quang | Nhà máy bán hàng trực tiếp,0.8032957911491394,0.8189845085144043,0.30479562282562256
tang1,规格型号,10.5方盒10.5*10.5*3CM,10.5 hộp vuông 10.5*10.5*3cm,DUNG,Model quy cách,规格型号: 10.5方盒10.5*10.5*3CM,Model quy cách: 10.5 hộp vuông 10.5*10.5*3cm,0.8566556572914124,0.8234983682632446,0.5615325570106506
tang1,开合方式,铝框,Khung nhôm,DUNG,Cách mở và đóng,开合方式: 铝框,Cách mở và đóng: Khung nhôm,0.602074146270752,0.7090754508972168,0.49324026703834534
tang1,颜色,灰绿色,Màu xanh lục xám,DUNG,Màu sắc,颜色: 灰绿色,Màu sắc: Màu xanh lục xám,0.6206635236740112,0.7014979124069214,0.41466209292411804
tang1,图案,抽象,trừu tượng,DUNG,Hoa văn,图案: 抽象,Hoa văn: trừu tượng,0.5236703157424927,0.6371031403541565,0.41436755657196045
tang1,口味,卤味,thức ăn om,SAI,Hương vị,口味: 卤味,Hương vị: thức ăn om,0.4935057759284973,0.7149047255516052,0.5921041369438171
tang1,尺寸规格,单件被套150*200cm【不起球-不褪色】,Vỏ chăn đơn 150*200cm [Không xù lông - Không phai màu],DUNG,Kích thước,尺寸规格: 单件被套150*200cm【不起球-不褪色】,Kích thước: Vỏ chăn đơn 150*200cm [Không xù lông - Không phai màu],0.7283863425254822,0.7314320206642151,0.5285899639129639
tang1,颜色,709空盒31.8*23.2*13.8cm,709 trống 31.8*23.2*13.8cm,SAI,Màu sắc,颜色: 709空盒31.8*23.2*13.8cm,Màu sắc: 709 trống 31.8*23.2*13.8cm,0.7966452240943909,0.802881121635437,0.3790273070335388
tang1,供电方式,锂电池,Pin lithium,DUNG,Cách cung cấp điện,供电方式: 锂电池,Cách cung cấp điện: Pin lithium,0.49741899967193604,0.7293330430984497,0.49741899967193604
tang1,功能,多层分隔,Phân chia nhiều tầng,DUNG,Chức năng,功能: 多层分隔,Chức năng: Phân chia nhiều tầng,0.8298414945602417,0.8874684572219849,0.37590163946151733
tang1,包装方式,卡通箱,Hộp hoạt hình,SAI,Cách đóng gói,包装方式: 卡通箱,Cách đóng gói: Hộp hoạt hình,0.715740978717804,0.7390213012695312,0.7547486424446106
tang1,尺寸规格,1.2m床【床单款三件套】-适合150x200cm被芯,Giường 1.2m [bộ ga trải giường 3 món] - phù hợp với lõi chăn 150x200cm,DUNG,Kích thước,尺寸规格: 1.2m床【床单款三件套】-适合150x200cm被芯,Kích thước: Giường 1.2m [bộ ga trải giường 3 món] - phù hợp với lõi chăn 150x200cm,0.7888140678405762,0.787456214427948,0.5943137407302856
tang1,置物架分类,壁挂,Treo tường,DUNG,Phân loại giá để đồ,置物架分类: 壁挂,Phân loại giá để đồ: Treo tường,0.7094815969467163,0.6884080171585083,0.7094815969467163
tang1,流行元素,镭射,Tia laser,DUNG,Yếu tố thịnh hành,流行元素: 镭射,Yếu tố thịnh hành: Tia laser,0.5194941163063049,0.6901452541351318,0.37770217657089233
tang1,颜色,黑红,Đen đỏ,DUNG,Màu sắc,颜色: 黑红,Màu sắc: Đen đỏ,0.6105353236198425,0.7558525204658508,0.478345662355423
tang1,类别,长袖打底衫,áo sơ mi dài tay,SAI,Danh mục,类别: 长袖打底衫,Danh mục: áo sơ mi dài tay,0.6102802157402039,0.6158959865570068,0.443855345249176
tang1,款式,V领款,Kiểu cổ chữ V,DUNG,Kiểu dáng,款式: V领款,Kiểu dáng: Kiểu cổ chữ V,0.5644413828849792,0.7727360725402832,0.41057777404785156
tang1,包内部结构,相机插袋,túi đựng máy ảnh,DUNG,Cấu trúc bên trong túi,包内部结构: 相机插袋,Cấu trúc bên trong túi: túi đựng máy ảnh,0.7571924328804016,0.8059489130973816,0.7001533508300781
tang1,颜色,商务灰铝框卡扣款,"Khung nhôm xám kinh doanh, kiểu khóa cài",DUNG,Màu sắc,颜色: 商务灰铝框卡扣款,"Màu sắc: Khung nhôm xám kinh doanh, kiểu khóa cài",0.6344437003135681,0.7131388187408447,0.36023014783859253
tang1,风格,甜美学院,Học viện ngọt ngào,SAI,Phong cách,风格: 甜美学院,Phong cách: Học viện ngọt ngào,0.726727306842804,0.8390799760818481,0.3158993124961853
tang1,颜色,黑灰色,Màu xám đen,DUNG,Màu sắc,颜色: 黑灰色,Màu sắc: Màu xám đen,0.6619978547096252,0.7624441981315613,0.44830605387687683
tang1,适合身高,140码,Cỡ 140,DUNG,Phù hợp với chiều cao,适合身高: 140码,Phù hợp với chiều cao: Cỡ 140,0.7691054344177246,0.8831896185874939,0.6230545043945312
tang1,功能,闪光,đèn flash,DUNG,Chức năng,功能: 闪光,Chức năng: đèn flash,0.6452488899230957,0.7801576852798462,0.4555438160896301
tang1,形象,闪电麦坤,Tia chớp Maikun,DUNG,Hình tượng,形象: 闪电麦坤,Hình tượng: Tia chớp Maikun,0.5132915377616882,0.6190643906593323,0.3699309527873993
tang1,产品规格,黄瓜面膜单片,Mặt nạ dưa chuột một miếng,DUNG,Quy cách sản phẩm,产品规格: 黄瓜面膜单片,Quy cách sản phẩm: Mặt nạ dưa chuột một miếng,0.5619112253189087,0.5963659882545471,0.5285924673080444
tang1,功能,保暖发热,Giữ ấm và làm nóng,DUNG,Chức năng,功能: 保暖发热,Chức năng: Giữ ấm và làm nóng,0.7564526796340942,0.8548291325569153,0.4257943034172058
tang1,颜色,黄棕色,Nâu vàng,DUNG,Màu sắc,颜色: 黄棕色,Màu sắc: Nâu vàng,0.4191766083240509,0.6412972211837769,0.4233384132385254
tang1,鞋底厚度,3.5cm及以上,3.5cm trở lên,DUNG,Độ dày đế giày,鞋底厚度: 3.5cm及以上,Độ dày đế giày: 3.5cm trở lên,0.9699594378471375,0.9130825996398926,0.7603458166122437
tang1,适用送礼场合,公关策划,Quy hoạch quan hệ công chúng,DUNG,Những dịp tặng quà thích hợp,适用送礼场合: 公关策划,Những dịp tặng quà thích hợp: Quy hoạch quan hệ công chúng,0.643241822719574,0.7395635843276978,0.409173846244812
tang1,颜色,桃红,màu hồng,DUNG,Màu sắc,颜色: 桃红,Màu sắc: màu hồng,0.482826828956604,0.7316725254058838,0.3646999001502991
tang1,功能,画面畸形修正,Hiệu chỉnh biến dạng màn hình,DUNG,Chức năng,功能: 画面畸形修正,Chức năng: Hiệu chỉnh biến dạng màn hình,0.7963528037071228,0.8067872524261475,0.38583192229270935
tang1,尺寸规格,1.5m床单款【被套150*200cm】4件套【不起球-不褪色】,Bộ 4 món ga trải giường 1.5m [Vỏ chăn 150*200cm] [Không xù lông - Không phai màu],DUNG,Kích thước,尺寸规格: 1.5m床单款【被套150*200cm】4件套【不起球-不褪色】,Kích thước: Bộ 4 món ga trải giường 1.5m [Vỏ chăn 150*200cm] [Không xù lông - Không phai màu],0.7731469869613647,0.7786364555358887,0.5536977648735046
tang1,适合身高,52码,52 yard,SAI,Phù hợp với chiều cao,适合身高: 52码,Phù hợp với chiều cao: 52 yard,0.7671680450439453,0.887785792350769,0.3414609432220459
tang1,主要销售地区,"南美, 东南亚, 东北亚, 中东, 非洲, 其他","Nam Mỹ, Đông Nam Á, Đông Bắc Á, Trung Đông, Châu Phi, Các khu vực khác",DUNG,Khu vực bán hàng chính,"主要销售地区: 南美, 东南亚, 东北亚, 中东, 非洲, 其他","Khu vực bán hàng chính: Nam Mỹ, Đông Nam Á, Đông Bắc Á, Trung Đông, Châu Phi, Các khu vực khác",0.8459990620613098,0.8830292224884033,0.42279252409935
tang1,产品类别,粘土,Đất sét,DUNG,Danh mục sản phẩm,产品类别: 粘土,Danh mục sản phẩm: Đất sét,0.5592896938323975,0.6000446081161499,0.30712413787841797
tang1,颜色,桃粉色,Màu hồng đào,DUNG,Màu sắc,颜色: 桃粉色,Màu sắc: Màu hồng đào,0.6226181983947754,0.7315720915794373,0.44676750898361206
tang1,颜色,麻灰,Xám tro,DUNG,Màu sắc,颜色: 麻灰,Màu sắc: Xám tro,0.4073474407196045,0.6859434247016907,0.4275389313697815
tang1,鞋垫材质,麻,vải lanh,DUNG,Chất liệu lót giày,鞋垫材质: 麻,Chất liệu lót giày: vải lanh,0.41711845993995667,0.7171633243560791,0.4169679880142212
tang1,颜色,子母箱【星耀黑】简易内置,Hộp mẹ và con [Xingyao Black] Tích hợp đơn giản,SAI,Màu sắc,颜色: 子母箱【星耀黑】简易内置,Màu sắc: Hộp mẹ và con [Xingyao Black] Tích hợp đơn giản,0.6315017938613892,0.6653573513031006,0.38921108841896057
tang1,功能,防油去污,Chống dầu khử nhiễm,SAI,Chức năng,功能: 防油去污,Chức năng: Chống dầu khử nhiễm,0.7738505601882935,0.8702915906906128,0.5070144534111023
tang1,颜色,22.5长方盒22.5*13.2*2CM,Hộp chữ nhật 22.5 22.5 * 13.2 * 2CM,DUNG,Màu sắc,颜色: 22.5长方盒22.5*13.2*2CM,Màu sắc: Hộp chữ nhật 22.5 22.5 * 13.2 * 2CM,0.8082168102264404,0.8073921799659729,0.37416037917137146
tang1,产品类别,凤凰单枞,Phượng Hoàng Đan Công,SAI,Danh mục sản phẩm,产品类别: 凤凰单枞,Danh mục sản phẩm: Phượng Hoàng Đan Công,0.2968221604824066,0.4698444902896881,0.36273473501205444
tang1,尺寸大小,鸭嘴,Mỏ vịt,DUNG,Kích thước,尺寸大小: 鸭嘴,Kích thước: Mỏ vịt,0.37832850217819214,0.6521314978599548,0.29878854751586914
tang1,颜色,W-14850空盒14.8*6.8*5CM,W-14850 hộp rỗng 14.8*6.8*5CM,DUNG,Màu sắc,颜色: W-14850空盒14.8*6.8*5CM,Màu sắc: W-14850 hộp rỗng 14.8*6.8*5CM,0.9161338806152344,0.9144877791404724,0.4511716365814209
tang1,功效,持久,bền lâu,DUNG,Hiệu quả,功效: 持久,Hiệu quả: bền lâu,0.6768004894256592,0.8110700845718384,0.6033515930175781
tang1,颜色,W-17250空盒17.2*7.8*5CM,W-17250 hộp rỗng 17.2*7.8*5CM,DUNG,Màu sắc,颜色: W-17250空盒17.2*7.8*5CM,Màu sắc: W-17250 hộp rỗng 17.2*7.8*5CM,0.921654999256134,0.9152718782424927,0.3994663655757904
tang1,颜色,5.5*5.5*2厘米【10个】,5.5*5.5* 2cm [10 cái],DUNG,Màu sắc,颜色: 5.5*5.5*2厘米【10个】,Màu sắc: 5.5*5.5* 2cm [10 cái],0.924820065498352,0.9370107650756836,0.41650715470314026
tang1,工艺,碎花,In hoa,SAI,Công nghệ,工艺: 碎花,Công nghệ: In hoa,0.4040602743625641,0.6687148809432983,0.3821309804916382
tang1,材质,毛呢,len,SAI,Chất liệu,材质: 毛呢,Chất liệu: len,0.36528077721595764,0.6936783790588379,0.4204813241958618
tang1,尺寸规格,1.2m床单款三件套【被套150*200】,Bộ ba mảnh ga trải giường 1.2 m [vỏ chăn 150*200],DUNG,Kích thước,尺寸规格: 1.2m床单款三件套【被套150*200】,Kích thước: Bộ ba mảnh ga trải giường 1.2 m [vỏ chăn 150*200],0.7952502965927124,0.7851712703704834,0.6775658130645752
tang1,上衣款式,T恤,áo thun,DUNG,Kiểu áo,上衣款式: T恤,Kiểu áo: áo thun,0.6978203058242798,0.7307989597320557,0.6978203058242798
tang1,流行元素,鳄鱼纹,mô hình cá sấu,DUNG,Yếu tố thịnh hành,流行元素: 鳄鱼纹,Yếu tố thịnh hành: mô hình cá sấu,0.38985204696655273,0.5139108300209045,0.4318018853664398
tang1,型号,多型号,Nhiều mẫu mã,DUNG,Model,型号: 多型号,Model: Nhiều mẫu mã,0.8497772216796875,0.8517270088195801,0.37203899025917053
tang1,颜色,子母箱【星空银】简易内置,Hộp mẹ và con [Starry Sky Silver] Tích hợp đơn giản,SAI,Màu sắc,颜色: 子母箱【星空银】简易内置,Màu sắc: Hộp mẹ và con [Starry Sky Silver] Tích hợp đơn giản,0.654473066329956,0.6938284635543823,0.43773022294044495
tang1,颜色,蒂芙尼蓝,Xanh Tiffany,DUNG,Màu sắc,颜色: 蒂芙尼蓝,Màu sắc: Xanh Tiffany,0.4792243242263794,0.7169837951660156,0.4031694531440735
tang1,颜色,鲸鱼,Cá voi,DUNG,Màu sắc,颜色: 鲸鱼,Màu sắc: Cá voi,0.4128655791282654,0.7528469562530518,0.33631178736686707
tang1,附加功能,带抽屉,Có ngăn kéo,DUNG,Tính năng bổ sung,附加功能: 带抽屉,Tính năng bổ sung: Có ngăn kéo,0.7442346215248108,0.8406176567077637,0.5534507036209106
tang1,系列,公主系列,loạt công chúa,DUNG,Dòng sản phẩm,系列: 公主系列,Dòng sản phẩm: loạt công chúa,0.6759816408157349,0.7578029632568359,0.28234171867370605
tang1,产品类别,鲜花饼,bánh hoa,DUNG,Danh mục sản phẩm,产品类别: 鲜花饼,Danh mục sản phẩm: bánh hoa,0.5344657897949219,0.6573163866996765,0.37252360582351685
tang1,穿着方式,魔术贴,Velcro,DUNG,Cách mặc,穿着方式: 魔术贴,Cách mặc: Velcro,0.3771328926086426,0.6688206195831299,0.44549834728240967
tang1,颜色,白绿,trắng xanh,DUNG,Màu sắc,颜色: 白绿,Màu sắc: trắng xanh,0.6773707866668701,0.8066034913063049,0.4503304362297058
tang1,适用型号,苹果15ProMax,Apple 15ProMax,SAI,Dòng máy tương thích,适用型号: 苹果15ProMax,Dòng máy tương thích: Apple 15ProMax,0.9532691240310669,0.8907817006111145,0.5300118923187256
tang1,领型,高领/堆堆领,Cổ cao/cổ cọc,DUNG,Kiểu cổ áo,领型: 高领/堆堆领,Kiểu cổ áo: Cổ cao/cổ cọc,0.6755223274230957,0.776904821395874,0.4765983819961548
tang1,系列,公主系列,Dòng sản phẩm Princess,DUNG,Dòng sản phẩm,系列: 公主系列,Dòng sản phẩm: Dòng sản phẩm Princess,0.6625120639801025,0.6938586235046387,0.40151160955429077
tang1,尺码,52/180/XL适合140-160斤,52/180/XL vừa vặn 70-80kg,DUNG,Kích cỡ,尺码: 52/180/XL适合140-160斤,Kích cỡ: 52/180/XL vừa vặn 70-80kg,0.845708966255188,0.8824771642684937,0.5644444823265076
tang1,净含量,5片/盒,5 miếng/hộp,DUNG,Khối lượng tịnh,净含量: 5片/盒,Khối lượng tịnh: 5 miếng/hộp,0.8543081283569336,0.8173561096191406,0.7564316987991333
tang1,产品类别,保鲜盒,Hộp bảo quản,DUNG,Danh mục sản phẩm,产品类别: 保鲜盒,Danh mục sản phẩm: Hộp bảo quản,0.7083209753036499,0.6786506175994873,0.6564286947250366
tang1,尺码,41男,41 nam,DUNG,Kích cỡ,尺码: 41男,Kích cỡ: 41 nam,0.7756796479225159,0.9103588461875916,0.5062089562416077
tang1,颜色,1.8高12.5挂钩盒12.8*9.1*1.8CM,1.8 cao 12.5 hộp móc 12.8*9.1*1.8CM,DUNG,Màu sắc,颜色: 1.8高12.5挂钩盒12.8*9.1*1.8CM,Màu sắc: 1.8 cao 12.5 hộp móc 12.8*9.1*1.8CM,0.7699514627456665,0.7820875644683838,0.48999732732772827
tang1,风格,商务精英,tinh hoa doanh nghiệp,DUNG,Phong cách,风格: 商务精英,Phong cách: tinh hoa doanh nghiệp,0.5247454643249512,0.7069374322891235,0.4125058650970459
tang1,图案,五角星,Ngôi sao năm cánh,DUNG,Hoa văn,图案: 五角星,Hoa văn: Ngôi sao năm cánh,0.6880013942718506,0.6566681861877441,0.3539968729019165
tang1,尺寸规格,2.0m床单款四件套【被套220*240】,Bộ bốn mảnh ga trải giường 2.0m [vỏ chăn 220*240],DUNG,Kích thước,尺寸规格: 2.0m床单款四件套【被套220*240】,Kích thước: Bộ bốn mảnh ga trải giường 2.0m [vỏ chăn 220*240],0.814312219619751,0.791612446308136,0.6708337068557739
tang1,适用学龄,大学,Trường đại học,DUNG,Thích hợp tuổi đi học,适用学龄: 大学,Thích hợp tuổi đi học: Trường đại học,0.734010636806488,0.7900424599647522,0.734010636806488
tang1,加工工艺,小种红茶,Trà đen Souchong,DUNG,Công nghệ chế biến,加工工艺: 小种红茶,Công nghệ chế biến: Trà đen Souchong,0.44794830679893494,0.630275309085846,0.4495700001716614
tang1,面料,柔软舒适,"Mềm mại, thoải mái",DUNG,Vải,面料: 柔软舒适,"Vải: Mềm mại, thoải mái",0.8216771483421326,0.8729753494262695,0.5182545185089111
tang1,货号,HK3裸机,Kim loại trần HK3,SAI,Mã sản phẩm,货号: HK3裸机,Mã sản phẩm: Kim loại trần HK3,0.701744794845581,0.6910693645477295,0.3424208164215088
tang1,储藏方法,阴凉干燥处,Nơi khô ráo và thoáng mát,DUNG,Phương pháp bảo quản,储藏方法: 阴凉干燥处,Phương pháp bảo quản: Nơi khô ráo và thoáng mát,0.8260504007339478,0.9066035747528076,0.5611004829406738
tang1,颜色,降落伞,Dù,DUNG,Màu sắc,颜色: 降落伞,Màu sắc: Dù,0.3404619097709656,0.6568701863288879,0.34399324655532837
tang1,鞋底材质,高弹EVA,EVA đàn hồi cao,DUNG,Chất liệu đế giày,鞋底材质: 高弹EVA,Chất liệu đế giày: EVA đàn hồi cao,0.822577714920044,0.866938054561615,0.3713063597679138
tang1,工艺,拼贴/拼接,Cắt dán/Nối,DUNG,Công nghệ,工艺: 拼贴/拼接,Công nghệ: Cắt dán/Nối,0.7260288000106812,0.7497957944869995,0.5325024127960205
tang1,功能,保温,Cách nhiệt,DUNG,Chức năng,功能: 保温,Chức năng: Cách nhiệt,0.6931439638137817,0.852392315864563,0.48458975553512573
tang1,款式,小皮鞋,giày da nhỏ,DUNG,Kiểu dáng,款式: 小皮鞋,Kiểu dáng: giày da nhỏ,0.7300899028778076,0.7965390682220459,0.5757046937942505
tang1,尺寸规格,180*220cm【单件被套】,180*220cm[Vỏ chăn đơn],DUNG,Kích thước,尺寸规格: 180*220cm【单件被套】,Kích thước: 180*220cm[Vỏ chăn đơn],0.8069267272949219,0.8116292953491211,0.6204084157943726
tang1,前进方式,回力,Hồi lực,SAI,Cách tiến về phía trước,前进方式: 回力,Cách tiến về phía trước: Hồi lực,0.6667245626449585,0.7483159303665161,0.5098894834518433
tang1,适用型号,苹果18pro,táo 18pro,SAI,Dòng máy tương thích,适用型号: 苹果18pro,Dòng máy tương thích: táo 18pro,0.822238028049469,0.795089066028595,0.4530092477798462
tang1,图案,字母/数字/文字,Chữ cái/số/văn bản,DUNG,Hoa văn,图案: 字母/数字/文字,Hoa văn: Chữ cái/số/văn bản,0.7543244957923889,0.7536672353744507,0.4220963716506958
tang1,功能,隔热,Cách nhiệt,DUNG,Chức năng,功能: 隔热,Chức năng: Cách nhiệt,0.7644301652908325,0.8609578609466553,0.43941551446914673
tang1,颜色,8.5长方盒8.5*6.1*2.5CM,8.5 Hộp hình chữ ngày 8.5*6.1*2.5cm,SAI,Màu sắc,颜色: 8.5长方盒8.5*6.1*2.5CM,Màu sắc: 8.5 Hộp hình chữ ngày 8.5*6.1*2.5cm,0.7773416638374329,0.7817276120185852,0.4251328408718109
tang1,制作工艺,烘烤,nướng,DUNG,Quy trình sản xuất,制作工艺: 烘烤,Quy trình sản xuất: nướng,0.6570332646369934,0.7922837734222412,0.5633553266525269
tang1,颜色,枣红色,Màu đỏ táo,DUNG,Màu sắc,颜色: 枣红色,Màu sắc: Màu đỏ táo,0.6342380046844482,0.7063149213790894,0.3404165506362915
tang1,适用场景,骑行运动,Thể thao đạp xe,DUNG,Dịp sử dụng,适用场景: 骑行运动,Dịp sử dụng: Thể thao đạp xe,0.7059755325317383,0.7768890261650085,0.464307963848114
tang1,功效,自然,Tự nhiên,DUNG,Hiệu quả,功效: 自然,Hiệu quả: Tự nhiên,0.8775315284729004,0.8591400384902954,0.6269588470458984
tang1,工艺,复合,phức tạp,SAI,Công nghệ,工艺: 复合,Công nghệ: phức tạp,0.5280069708824158,0.649101734161377,0.5053460597991943
tang1,颜色,子母箱【谷物白】简易内置,Hộp mẹ và con [Ngũ cốc trắng] Tích hợp đơn giản,SAI,Màu sắc,颜色: 子母箱【谷物白】简易内置,Màu sắc: Hộp mẹ và con [Ngũ cốc trắng] Tích hợp đơn giản,0.6192041635513306,0.6540690064430237,0.3163093328475952
tang1,尺码,3XL【建议150-165斤】,3XL [đề nghị 150-165 kg],SAI,Kích cỡ,尺码: 3XL【建议150-165斤】,Kích cỡ: 3XL [đề nghị 150-165 kg],0.9030359983444214,0.8995652794837952,0.6374760270118713
tang1,型号,8228透明,8228 trong suốt,DUNG,Model,型号: 8228透明,Model: 8228 trong suốt,0.9132323861122131,0.8722177743911743,0.9132323861122131
tang1,流行元素,腰带,Thắt lưng,DUNG,Yếu tố thịnh hành,流行元素: 腰带,Yếu tố thịnh hành: Thắt lưng,0.6413863897323608,0.695411205291748,0.482774019241333
tang1,智能感知与远程升级,AI视听感知（摄像头/语音）,Nhận thức nghe nhìn AI (camera/giọng nói),DUNG,Cảm biến thông minh và nâng cấp từ xa,智能感知与远程升级: AI视听感知（摄像头/语音）,Cảm biến thông minh và nâng cấp từ xa: Nhận thức nghe nhìn AI (camera/giọng nói),0.8105005025863647,0.836382269859314,0.8105005025863647
tang1,材质,塑料+铝合金,Hợp kim nhựa + nhôm,SAI,Chất liệu,材质: 塑料+铝合金,Chất liệu: Hợp kim nhựa + nhôm,0.7609619498252869,0.8365107774734497,0.47239330410957336
tang1,箱包形状,横款方形,Hình vuông ngang,DUNG,Hình dạng túi,箱包形状: 横款方形,Hình dạng túi: Hình vuông ngang,0.6584383249282837,0.7740225195884705,0.4829426407814026
tang1,塑料新料占比,80%—99%新料,80%-99% vật liệu mới,DUNG,Tỷ lệ vật liệu nhựa mới,塑料新料占比: 80%—99%新料,Tỷ lệ vật liệu nhựa mới: 80%-99% vật liệu mới,0.9197519421577454,0.8563587069511414,0.9371099472045898
tang1,热卖月份,八月,Tháng 8,DUNG,Tháng bán chạy,热卖月份: 八月,Tháng bán chạy: Tháng 8,0.8737729787826538,0.8785051703453064,0.5581690669059753
tang1,开盖方式,拉链搭扣,khóa kéo,SAI,Cách mở nắp,开盖方式: 拉链搭扣,Cách mở nắp: khóa kéo,0.6106605529785156,0.7241930961608887,0.6106605529785156
tang1,八宝茶,八宝茶,Trà Bát Bảo,DUNG,Trà Bát Bảo,八宝茶: 八宝茶,Trà Bát Bảo: Trà Bát Bảo,0.4992210268974304,0.6682026386260986,0.4992210268974304
tang1,型号,拼豆收纳盒,Hộp đựng hạt ghép hình,DUNG,Model,型号: 拼豆收纳盒,Model: Hộp đựng hạt ghép hình,0.636894941329956,0.6486157178878784,0.6406353116035461
tang1,面料名称,索罗娜,Solona,DUNG,Tên vải,面料名称: 索罗娜,Tên vải: Solona,0.6819953322410583,0.8005852699279785,0.1952669620513916
tang1,产品类别,松糕鞋,Giày đế xốp,DUNG,Danh mục sản phẩm,产品类别: 松糕鞋,Danh mục sản phẩm: Giày đế xốp,0.5604795217514038,0.6102167963981628,0.4154479503631592
tang1,适用型号,苹果15Pro,Apple 15Pro,SAI,Dòng máy tương thích,适用型号: 苹果15Pro,Dòng máy tương thích: Apple 15Pro,0.953127384185791,0.8888400197029114,0.4778672456741333
tang1,产品类别,帆布鞋,giày vải,DUNG,Danh mục sản phẩm,产品类别: 帆布鞋,Danh mục sản phẩm: giày vải,0.6448134183883667,0.6769842505455017,0.33674079179763794
tang1,风格,森系,Phong cách rừng,DUNG,Phong cách,风格: 森系,Phong cách: Phong cách rừng,0.5086644887924194,0.8131839036941528,0.35580793023109436
tang1,形状,饼茶,bánh trà,DUNG,Hình dạng,形状: 饼茶,Hình dạng: bánh trà,0.6377520561218262,0.7748364806175232,0.24420318007469177
tang1,贸易属性,外贸,Hàng xuất khẩu,DUNG,Thuộc tính thương mại,贸易属性: 外贸,Thuộc tính thương mại: Hàng xuất khẩu,0.7285909652709961,0.7819732427597046,0.6662567853927612
tang1,颜色,棕色大号,"Nâu, Lớn",DUNG,Màu sắc,颜色: 棕色大号,"Màu sắc: Nâu, Lớn",0.5176241993904114,0.6945568323135376,0.3861549198627472
tang1,主面料成分的含量,96%以上,Hơn 96%,DUNG,Tỉ lệ thành phần vải chính,主面料成分的含量: 96%以上,Tỉ lệ thành phần vải chính: Hơn 96%,0.9604918956756592,0.8841491937637329,0.5759390592575073
tang1,材质,棉纱,Sợi bông,DUNG,Chất liệu,材质: 棉纱,Chất liệu: Sợi bông,0.5381839275360107,0.7376450300216675,0.42222946882247925
tang1,风格,卡通萌趣,Hoạt hình dễ thương,DUNG,Phong cách,风格: 卡通萌趣,Phong cách: Hoạt hình dễ thương,0.7209593653678894,0.8054293990135193,0.5452812910079956
tang1,适用场景,正装,Trang phục lịch sự,DUNG,Dịp sử dụng,适用场景: 正装,Dịp sử dụng: Trang phục lịch sự,0.6143119931221008,0.7221913933753967,0.49040889739990234
tang1,防水程度,正常,Bình thường,DUNG,Mức độ chống thấm nước,防水程度: 正常,Mức độ chống thấm nước: Bình thường,0.7873570322990417,0.9021351337432861,0.41695958375930786
tang1,品牌类型,欧美品牌,Thương hiệu châu Âu và Mỹ,DUNG,Loại hình thương hiệu,品牌类型: 欧美品牌,Loại hình thương hiệu: Thương hiệu châu Âu và Mỹ,0.7993828058242798,0.7781556248664856,0.5643037557601929
tang1,收纳场景,橱柜,Tủ bếp,DUNG,Không gian sử dụng,收纳场景: 橱柜,Không gian sử dụng: Tủ bếp,0.6705249547958374,0.6810983419418335,0.5623449683189392
tang1,鞋底材质,橡胶+MD+TPU,Cao su + MD + TPU,DUNG,Chất liệu đế giày,鞋底材质: 橡胶+MD+TPU,Chất liệu đế giày: Cao su + MD + TPU,0.7710374593734741,0.8849446773529053,0.7710374593734741
tang1,彩泥类别,橡皮泥,Đất nặn,DUNG,Loại đất sét màu,彩泥类别: 橡皮泥,Loại đất sét màu: Đất nặn,0.46986210346221924,0.5527170300483704,0.46986210346221924
tang1,花型,樱桃,Anh đào,DUNG,Hoa văn,花型: 樱桃,Hoa văn: Anh đào,0.5404521226882935,0.6042169332504272,0.27791863679885864
tang1,箱包形状,横款方形,Kiểu ngang hình vuông,DUNG,Hình dạng túi,箱包形状: 横款方形,Hình dạng túi: Kiểu ngang hình vuông,0.6420595049858093,0.7721059322357178,0.5034973621368408
tang1,手柄材质,榉木,gỗ sồi,SAI,Chất liệu tay cầm,手柄材质: 榉木,Chất liệu tay cầm: gỗ sồi,0.6603209972381592,0.7983367443084717,0.6250072121620178
tang1,产品类别,椰子鞋,Giày dừa,SAI,Danh mục sản phẩm,产品类别: 椰子鞋,Danh mục sản phẩm: Giày dừa,0.6013762950897217,0.633818507194519,0.42015528678894043
tang1,尺码,3XL推荐（165-180斤）,Khuyến nghị 3XL (165-180 kg),SAI,Kích cỡ,尺码: 3XL推荐（165-180斤）,Kích cỡ: Khuyến nghị 3XL (165-180 kg),0.8845852613449097,0.901980996131897,0.7372962236404419
tang1,颜色,棕色带挂件,Màu nâu kèm đồ treo,DUNG,Màu sắc,颜色: 棕色带挂件,Màu sắc: Màu nâu kèm đồ treo,0.6675018072128296,0.7224788665771484,0.39547649025917053
tang1,闭合款式,一粒扣,Một cúc,DUNG,Kiểu cài áo,闭合款式: 一粒扣,Kiểu cài áo: Một cúc,0.5910841226577759,0.7042462229728699,0.5910841226577759
tang1,面料名称,棉涤,Bông polyester,SAI,Tên vải,面料名称: 棉涤,Tên vải: Bông polyester,0.46887528896331787,0.6545413732528687,0.378620982170105
tang1,款式,全包防摔,Bao gồm tất cả chống rơi,SAI,Kiểu dáng,款式: 全包防摔,Kiểu dáng: Bao gồm tất cả chống rơi,0.6971026659011841,0.775597333908081,0.444743812084198
tang1,送礼用途,会议礼品,Quà tặng hội nghị,DUNG,Công dụng tặng quà,送礼用途: 会议礼品,Công dụng tặng quà: Quà tặng hội nghị,0.8659040927886963,0.8655468225479126,0.7119539976119995
tang1,主面料成分的含量,棉100%,100% cotton,DUNG,Tỉ lệ thành phần vải chính,主面料成分的含量: 棉100%,Tỉ lệ thành phần vải chính: 100% cotton,0.8789409399032593,0.8773833513259888,0.6643317937850952
tang1,适用体型,梨型,Hình quả lê,DUNG,Loại cơ thể áp dụng,适用体型: 梨型,Loại cơ thể áp dụng: Hình quả lê,0.5714188814163208,0.6939936876296997,0.5714188814163208
tang1,颜色,桔色,cam,DUNG,Màu sắc,颜色: 桔色,Màu sắc: cam,0.4737970232963562,0.6796579360961914,0.3686881363391876
tang1,风格,商务风,Phong cách doanh nhân,DUNG,Phong cách,风格: 商务风,Phong cách: Phong cách doanh nhân,0.717218816280365,0.8046704530715942,0.5056017637252808
tang1,适用型号,小米15 Pro,Xiaomi 15 Pro,DUNG,Dòng máy tương thích,适用型号: 小米15 Pro,Dòng máy tương thích: Xiaomi 15 Pro,0.8911926746368408,0.8543068170547485,0.5063530206680298
tang1,核心成分,传明酸,axit tranexamic,DUNG,Thành phần cốt lõi,核心成分: 传明酸,Thành phần cốt lõi: axit tranexamic,0.4896634519100189,0.6996384263038635,0.22667308151721954
tang1,颜色,桔红,Đỏ cam,DUNG,Màu sắc,颜色: 桔红,Màu sắc: Đỏ cam,0.447845458984375,0.650153636932373,0.28664517402648926
tang1,颜色,奶黄色,Màu vàng sữa,DUNG,Màu sắc,颜色: 奶黄色,Màu sắc: Màu vàng sữa,0.6705331802368164,0.750640332698822,0.4397599697113037
tang1,适用型号,小米 14 Pro,Xiaomi 14 Pro,DUNG,Dòng máy tương thích,适用型号: 小米 14 Pro,Dòng máy tương thích: Xiaomi 14 Pro,0.8949123024940491,0.8411960005760193,0.4643845856189728
tang1,尺寸,26寸【送箱套送贴纸】,26inch [Miễn phí bìa hộp và nhãn dán miễn phí],SAI,Kích thước,尺寸: 26寸【送箱套送贴纸】,Kích thước: 26inch [Miễn phí bìa hộp và nhãn dán miễn phí],0.8071216344833374,0.8354663848876953,0.4160267114639282
tang1,颜色,飞行员,phi công,DUNG,Màu sắc,颜色: 飞行员,Màu sắc: phi công,0.6346640586853027,0.7926163673400879,0.3643740713596344
tang1,款式,拼接款,Phong cách ghép,DUNG,Kiểu dáng,款式: 拼接款,Kiểu dáng: Phong cách ghép,0.582329273223877,0.7188897132873535,0.45500609278678894
tang1,颜色,冰蓝色-英伦风款,Màu xanh băng phong cách Anh,DUNG,Màu sắc,颜色: 冰蓝色-英伦风款,Màu sắc: Màu xanh băng phong cách Anh,0.7022556662559509,0.7544218301773071,0.4926081895828247
tang1,颜色,奢华银-英伦风款,Bạc sang trọng phong cách Anh,DUNG,Màu sắc,颜色: 奢华银-英伦风款,Màu sắc: Bạc sang trọng phong cách Anh,0.662796139717102,0.7363967299461365,0.45022445917129517
tang1,保质期,五年,Năm năm,DUNG,Thời hạn sử dụng,保质期: 五年,Thời hạn sử dụng: Năm năm,0.8498398065567017,0.8629430532455444,0.8498398065567017
tang1,颜色,奢华银-豪华款,Mẫu bạc sang trọng-sang trọng,DUNG,Màu sắc,颜色: 奢华银-豪华款,Màu sắc: Mẫu bạc sang trọng-sang trọng,0.7419832348823547,0.7955930233001709,0.3796923756599426
tang1,滚轮样式,静音双排轮,Bánh xe đôi im lặng,DUNG,Kiểu bánh xe,滚轮样式: 静音双排轮,Kiểu bánh xe: Bánh xe đôi im lặng,0.6327186226844788,0.7327662110328674,0.4815683364868164
tang1,功能,静音,tắt tiếng,SAI,Chức năng,功能: 静音,Chức năng: tắt tiếng,0.6915345191955566,0.818647027015686,0.4772716164588928
tang1,茶种类,八宝茶,Trà tám báu,DUNG,Loại trà,茶种类: 八宝茶,Loại trà: Trà tám báu,0.5200449824333191,0.7125276327133179,0.4414134621620178
tang1,风格,青春流行,Xu hướng trẻ trung,DUNG,Phong cách,风格: 青春流行,Phong cách: Xu hướng trẻ trung,0.6322318315505981,0.7507201433181763,0.41456472873687744
tang1,适用场景,校外培训,Đào tạo ngoài khuôn viên trường,DUNG,Dịp sử dụng,适用场景: 校外培训,Dịp sử dụng: Đào tạo ngoài khuôn viên trường,0.8416664004325867,0.8190449476242065,0.6015846133232117
tang1,尺寸大小,L号（6个月以上）,Cỡ L (dành cho bé từ 6 tháng tuổi trở lên),DUNG,Kích thước,尺寸大小: L号（6个月以上）,Kích thước: Cỡ L (dành cho bé từ 6 tháng tuổi trở lên),0.8226386904716492,0.8915629386901855,0.6394392251968384
tang1,颜色,冰蓝色-豪华款,Mẫu màu xanh băng sang trọng,DUNG,Màu sắc,颜色: 冰蓝色-豪华款,Màu sắc: Mẫu màu xanh băng sang trọng,0.6306518316268921,0.7012312412261963,0.3709045648574829
tang1,颜色,雾蓝,sương mù xanh,DUNG,Màu sắc,颜色: 雾蓝,Màu sắc: sương mù xanh,0.5357962250709534,0.7148361802101135,0.4701694846153259
tang1,颜色,雾灰粉带,Thắt lưng bột màu xám sương mù,SAI,Màu sắc,颜色: 雾灰粉带,Màu sắc: Thắt lưng bột màu xám sương mù,0.4696073830127716,0.628130316734314,0.3575494587421417
tang1,形状,八角,Bát giác,DUNG,Hình dạng,形状: 八角,Hình dạng: Bát giác,0.4182884097099304,0.723221480846405,0.311556339263916
tang1,年份,5年(含)-10年(不含),5 năm (bao gồm) - 10 năm (không bao gồm),DUNG,Năm,年份: 5年(含)-10年(不含),Năm: 5 năm (bao gồm) - 10 năm (không bao gồm),0.9103515148162842,0.8858258724212646,0.6989389657974243
tang1,主面料成分,雪纺,voan,DUNG,Thành phần vải chính,主面料成分: 雪纺,Thành phần vải chính: voan,0.34252411127090454,0.7064957618713379,0.44519752264022827
tang1,采摘时间,雨前,Trước mưa,SAI,Thời gian hái,采摘时间: 雨前,Thời gian hái: Trước mưa,0.9294804334640503,0.8823568224906921,0.793290376663208
tang1,采摘时间,雨前,Trước khi trời mưa,SAI,Thời gian hái,采摘时间: 雨前,Thời gian hái: Trước khi trời mưa,0.9226350784301758,0.8771074414253235,0.9294804334640503
tang1,采摘时间,雨前,Trước Mùa Mưa,SAI,Thời gian hái,采摘时间: 雨前,Thời gian hái: Trước Mùa Mưa,0.7822198867797852,0.8347259163856506,0.9226350784301758
tang1,功能,隐形增高,Tăng chiều cao ẩn,DUNG,Chức năng,功能: 隐形增高,Chức năng: Tăng chiều cao ẩn,0.8794246315956116,0.9217048287391663,0.4385071396827698
tang1,产品类别,勺铲套件,Bộ muỗng và xẻng,DUNG,Danh mục sản phẩm,产品类别: 勺铲套件,Danh mục sản phẩm: Bộ muỗng và xẻng,0.5526986122131348,0.595319926738739,0.3276575803756714
tang1,生产日期,随货更新,Cập nhật với hàng,DUNG,Ngày sản xuất,生产日期: 随货更新,Ngày sản xuất: Cập nhật với hàng,0.8395861983299255,0.8618911504745483,0.53206866979599
tang1,材质,陶瓷,Gốm sứ,DUNG,Chất liệu,材质: 陶瓷,Chất liệu: Gốm sứ,0.5953172445297241,0.7601667046546936,0.3862488865852356
tang1,适用年龄,3个月以上,3 tháng trở lên,DUNG,Độ tuổi áp dụng,适用年龄: 3个月以上,Độ tuổi áp dụng: 3 tháng trở lên,0.9172515869140625,0.9199380278587341,0.6429483890533447
tang1,裙型,大摆型,Hình con lắc lớn,SAI,Kiểu váy,裙型: 大摆型,Kiểu váy: Hình con lắc lớn,0.6245356798171997,0.7464314699172974,0.414100706577301
tang1,功能,限速标志提醒,Nhắc nhở biển báo giới hạn tốc độ,DUNG,Chức năng,功能: 限速标志提醒,Chức năng: Nhắc nhở biển báo giới hạn tốc độ,0.8833245038986206,0.8687340021133423,0.41649770736694336
tang1,特色功能,多场景模拟,Mô phỏng đa cảnh,SAI,Tính năng đặc biệt,特色功能: 多场景模拟,Tính năng đặc biệt: Mô phỏng đa cảnh,0.8328659534454346,0.8585004806518555,0.4434206187725067
tang1,颜色,子母箱【星空银】简易内置,Hộp mẹ và con [Bạc bầu trời đầy sao] Tích hợp đơn giản,SAI,Màu sắc,颜色: 子母箱【星空银】简易内置,Màu sắc: Hộp mẹ và con [Bạc bầu trời đầy sao] Tích hợp đơn giản,0.6037450432777405,0.6725271344184875,0.30732810497283936
tang1,产品规格,5片/盒,5 cái/hộp,DUNG,Quy cách sản phẩm,产品规格: 5片/盒,Quy cách sản phẩm: 5 cái/hộp,0.8250658512115479,0.8217189311981201,0.41382232308387756
tang1,适合人群,大码,Cộng với kích thước,SAI,Đối tượng phù hợp,适合人群: 大码,Đối tượng phù hợp: Cộng với kích thước,0.5130212903022766,0.74603271484375,0.580927848815918
tang1,袖型,公主袖,tay áo công chúa,DUNG,Kiểu tay áo,袖型: 公主袖,Kiểu tay áo: tay áo công chúa,0.6254613399505615,0.7490782737731934,0.4184393286705017
tang1,裙型,公主裙,Váy công chúa,DUNG,Kiểu váy,裙型: 公主裙,Kiểu váy: Váy công chúa,0.5997341871261597,0.7419157028198242,0.49001631140708923
tang1,热卖月份,四月,Tháng tư,DUNG,Tháng bán chạy,热卖月份: 四月,Tháng bán chạy: Tháng tư,0.8389594554901123,0.8191296458244324,0.5944071412086487
tang1,产品类别,防尘盒,Hộp chống bụi,DUNG,Danh mục sản phẩm,产品类别: 防尘盒,Danh mục sản phẩm: Hộp chống bụi,0.7308908700942993,0.6700552105903625,0.5950236320495605
tang1,功能,防冲击,Chống va đập,DUNG,Chức năng,功能: 防冲击,Chức năng: Chống va đập,0.734926164150238,0.8648284673690796,0.5470389723777771
tang1,形象,Cinderella仙蒂公主/灰姑娘,Công chúa Lọ Lem,DUNG,Hình tượng,形象: Cinderella仙蒂公主/灰姑娘,Hình tượng: Công chúa Lọ Lem,0.42890357971191406,0.5829799771308899,0.3241063356399536
tang1,功能,闪光,Đèn flash,SAI,Chức năng,功能: 闪光,Chức năng: Đèn flash,0.6672321557998657,0.7800602912902832,0.38956356048583984
tang1,款式,长裤款,Quần dài,DUNG,Kiểu dáng,款式: 长裤款,Kiểu dáng: Quần dài,0.651394784450531,0.7540878057479858,0.5646129846572876
tang1,形状,长方体,hình khối,SAI,Hình dạng,形状: 长方体,Hình dạng: hình khối,0.6291586756706238,0.767143964767456,0.5229473114013672
tang1,流行元素,镶钻,kim cương,SAI,Yếu tố thịnh hành,流行元素: 镶钻,Yếu tố thịnh hành: kim cương,0.5140023231506348,0.6364948749542236,0.4015084207057953
tang1,系列,镜面口红,Son môi mặt gương,DUNG,Dòng sản phẩm,系列: 镜面口红,Dòng sản phẩm: Son môi mặt gương,0.7505824565887451,0.7620480060577393,0.5712233781814575
tang1,风格,南美风,phong cách nam mỹ,DUNG,Phong cách,风格: 南美风,Phong cách: phong cách nam mỹ,0.6083173751831055,0.7755832076072693,0.49896061420440674
tang1,产品类别,柑普,Cam quýt,SAI,Danh mục sản phẩm,产品类别: 柑普,Danh mục sản phẩm: Cam quýt,0.36949193477630615,0.532036304473877,0.31817373633384705
tang1,适用人群,大众 通用,"Volkswagen, Tập đoàn General Motors",SAI,Đối tượng sử dụng,适用人群: 大众 通用,"Đối tượng sử dụng: Volkswagen, Tập đoàn General Motors",0.564411997795105,0.699682354927063,0.39646244049072266
tang1,主面料成分,锦纶/尼龙,nylon,DUNG,Thành phần vải chính,主面料成分: 锦纶/尼龙,Thành phần vải chính: nylon,0.6312719583511353,0.7896765470504761,0.4546630084514618
tang1,颜色,银黑,Bạc đen,DUNG,Màu sắc,颜色: 银黑,Màu sắc: Bạc đen,0.6502331495285034,0.7818425893783569,0.28352653980255127
tang1,尺码,L推荐（120-135斤）,L khuyến nghị (120-135 kg),SAI,Kích cỡ,尺码: L推荐（120-135斤）,Kích cỡ: L khuyến nghị (120-135 kg),0.9410977363586426,0.9174898862838745,0.7072644233703613
tang1,颜色,铁灰,màu xám sắt,DUNG,Màu sắc,颜色: 铁灰,Màu sắc: màu xám sắt,0.4843643009662628,0.6850346326828003,0.3180597424507141
tang1,颜色,小猫,Mèo con,DUNG,Màu sắc,颜色: 小猫,Màu sắc: Mèo con,0.4212772846221924,0.7004697322845459,0.42227378487586975
tang1,颜色,钛灰色,màu xám titan,DUNG,Màu sắc,颜色: 钛灰色,Màu sắc: màu xám titan,0.5342679619789124,0.6644454002380371,0.4350971281528473
tang1,颜色,枫叶红,Lá phong đỏ,DUNG,Màu sắc,颜色: 枫叶红,Màu sắc: Lá phong đỏ,0.5624997615814209,0.7000982761383057,0.3532627522945404
tang1,尺寸规格,【床笠款】1.5四件套【被套200*230床笠150*200枕套48*74*2】,"[Bộ ga chun]Bộ 4 món 1.5m[Vỏ chăn 200*230, ga chun 150*200, vỏ gối 48*74*2]",DUNG,Kích thước,尺寸规格: 【床笠款】1.5四件套【被套200*230床笠150*200枕套48*74*2】,"Kích thước: [Bộ ga chun]Bộ 4 món 1.5m[Vỏ chăn 200*230, ga chun 150*200, vỏ gối 48*74*2]",0.684422492980957,0.7240002155303955,0.560846209526062
tang1,原料与配料,中小叶种绿茶,Trà xanh lá vừa và nhỏ,DUNG,Nguyên liệu và thành phần,原料与配料: 中小叶种绿茶,Nguyên liệu và thành phần: Trà xanh lá vừa và nhỏ,0.6392012238502502,0.7341973185539246,0.326174795627594
tang1,开盖方式,抽带搭扣,Khóa dây rút,SAI,Cách mở nắp,开盖方式: 抽带搭扣,Cách mở nắp: Khóa dây rút,0.5395900011062622,0.7048041820526123,0.5671794414520264
tang1,颜色,钛灰,Màu xám titan,DUNG,Màu sắc,颜色: 钛灰,Màu sắc: Màu xám titan,0.4494832158088684,0.6789493560791016,0.412661075592041
tang1,鞋帮高度,中帮(7cm以上),Giày cổ lửng (cao trên 7cm),SAI,Chiều cao cổ giày,鞋帮高度: 中帮(7cm以上),Chiều cao cổ giày: Giày cổ lửng (cao trên 7cm),0.6688867211341858,0.7683735489845276,0.5114802122116089
tang1,材质,化纤水洗棉,Vải cotton sợi tổng hợp giặt nước,DUNG,Chất liệu,材质: 化纤水洗棉,Chất liệu: Vải cotton sợi tổng hợp giặt nước,0.5769945383071899,0.7015103101730347,0.580020546913147
tang1,尺寸规格,【床笠款】1.8四件套-被套150x200,[Bộ ga chun]Bộ 4 món 1.8m - Vỏ chăn 150x200,DUNG,Kích thước,尺寸规格: 【床笠款】1.8四件套-被套150x200,Kích thước: [Bộ ga chun]Bộ 4 món 1.8m - Vỏ chăn 150x200,0.6897916793823242,0.6854257583618164,0.6121751666069031
tang1,适用节日,圣诞节,Giáng sinh,DUNG,Lễ hội áp dụng,适用节日: 圣诞节,Lễ hội áp dụng: Giáng sinh,0.8599467277526855,0.7797565460205078,0.6119364500045776
tang1,屏幕尺寸,1.5英寸,1.5inch,DUNG,Kích thước màn hình,屏幕尺寸: 1.5英寸,Kích thước màn hình: 1.5inch,0.9399003386497498,0.944337010383606,0.6701070070266724
tang1,领型,吊带,Dây đeo,SAI,Kiểu cổ áo,领型: 吊带,Kiểu cổ áo: Dây đeo,0.6347703337669373,0.7465716004371643,0.4599299430847168
tang1,适用年龄,中年（36-60岁）,Tuổi trung niên (36-60 tuổi),DUNG,Độ tuổi áp dụng,适用年龄: 中年（36-60岁）,Độ tuổi áp dụng: Tuổi trung niên (36-60 tuổi),0.8861624002456665,0.8565691709518433,0.422050416469574
tang1,功能,多U口输出,Đầu ra cổng Multi-U,SAI,Chức năng,功能: 多U口输出,Chức năng: Đầu ra cổng Multi-U,0.811592161655426,0.8282701969146729,0.4544542133808136
tang1,产品类别,金观音,Quan Âm Vàng,SAI,Danh mục sản phẩm,产品类别: 金观音,Danh mục sản phẩm: Quan Âm Vàng,0.42485499382019043,0.6294156312942505,0.3203012943267822
tang1,颜色,金棕色,Màu nâu vàng kim,DUNG,Màu sắc,颜色: 金棕色,Màu sắc: Màu nâu vàng kim,0.6313611268997192,0.7194266319274902,0.4900483191013336
tang1,颜色,金属包角-酒红色,Góc kim loại-màu đỏ tía,DUNG,Màu sắc,颜色: 金属包角-酒红色,Màu sắc: Góc kim loại-màu đỏ tía,0.6568478345870972,0.7063673138618469,0.45159560441970825
tang1,产品类别,妈妈鞋,Giày cho mẹ,DUNG,Danh mục sản phẩm,产品类别: 妈妈鞋,Danh mục sản phẩm: Giày cho mẹ,0.7983102798461914,0.7772252559661865,0.3919464647769928
tang1,颜色,金属包角-纯洁白,Góc kim loại-màu trắng tinh khiết,DUNG,Màu sắc,颜色: 金属包角-纯洁白,Màu sắc: Góc kim loại-màu trắng tinh khiết,0.7074698209762573,0.7414344549179077,0.43360304832458496
tang1,颜色,金属包角-玫瑰金,Góc kim loại - vàng hồng,DUNG,Màu sắc,颜色: 金属包角-玫瑰金,Màu sắc: Góc kim loại - vàng hồng,0.5924845337867737,0.6481646299362183,0.40973949432373047
tang1,颜色,金属包角-深灰色,Góc kim loại-màu xám đậm,DUNG,Màu sắc,颜色: 金属包角-深灰色,Màu sắc: Góc kim loại-màu xám đậm,0.6376392841339111,0.6892045736312866,0.4742010831832886
tang1,风格,中式,Phong cách Trung Hoa,DUNG,Phong cách,风格: 中式,Phong cách: Phong cách Trung Hoa,0.6986338496208191,0.7536228895187378,0.4202318787574768
tang1,图案,小狗,Chó con,DUNG,Hoa văn,图案: 小狗,Hoa văn: Chó con,0.40270233154296875,0.6110084056854248,0.47240230441093445
tang1,产品类别,松糕鞋,Giày đế bệt,SAI,Danh mục sản phẩm,产品类别: 松糕鞋,Danh mục sản phẩm: Giày đế bệt,0.5505803823471069,0.6108562350273132,0.338872492313385
tang1,货源类型,杭州意法,Hàng Châu Yifa,DUNG,Loại nguồn hàng,货源类型: 杭州意法,Loại nguồn hàng: Hàng Châu Yifa,0.43328285217285156,0.6427587270736694,0.3161665201187134
tang1,尺寸规格,【床笠款】1.8四件套【被套200*230床笠180*200枕套48*74*2】,"[Bộ ga trải giường 4 món 1.8m][Vỏ chăn 200*230, ga bọc 180*200, vỏ gối 48*74*2]",DUNG,Kích thước,尺寸规格: 【床笠款】1.8四件套【被套200*230床笠180*200枕套48*74*2】,"Kích thước: [Bộ ga trải giường 4 món 1.8m][Vỏ chăn 200*230, ga bọc 180*200, vỏ gối 48*74*2]",0.7494140267372131,0.7514013051986694,0.7380257844924927
tang1,颜色,宝石蓝--挂钩+钢护角,Màu xanh sapphire - móc + bảo vệ góc bằng thép,DUNG,Màu sắc,颜色: 宝石蓝--挂钩+钢护角,Màu sắc: Màu xanh sapphire - móc + bảo vệ góc bằng thép,0.6264792084693909,0.6958057284355164,0.35375499725341797
tang1,产品类别,云雾茶,Trà mây,SAI,Danh mục sản phẩm,产品类别: 云雾茶,Danh mục sản phẩm: Trà mây,0.4815228581428528,0.6461336016654968,0.3425886929035187
tang1,颜色,金属包角-尊贵黑,Góc kim loại-màu đen quý phái,DUNG,Màu sắc,颜色: 金属包角-尊贵黑,Màu sắc: Góc kim loại-màu đen quý phái,0.6744482517242432,0.710314154624939,0.42911791801452637
tang1,颜色,金属包角-奢华银,Góc Kim Loại - Bạc Sang Trọng,DUNG,Màu sắc,颜色: 金属包角-奢华银,Màu sắc: Góc Kim Loại - Bạc Sang Trọng,0.6265696287155151,0.6715643405914307,0.46389734745025635
tang1,颜色,金属包角-冰蓝色,Góc kim loại-màu xanh băng,DUNG,Màu sắc,颜色: 金属包角-冰蓝色,Màu sắc: Góc kim loại-màu xanh băng,0.654870867729187,0.7037485837936401,0.46475207805633545
tang1,功能,吸汗,Thấm hút mồ hôi,DUNG,Chức năng,功能: 吸汗,Chức năng: Thấm hút mồ hôi,0.7494907379150391,0.8722350001335144,0.39200475811958313
tang1,容量,80ML【恒压导气款】0+个月,80ML[Loại dẫn khí áp suất ổn định]0+ tháng,DUNG,Dung tích,容量: 80ML【恒压导气款】0+个月,Dung tích: 80ML[Loại dẫn khí áp suất ổn định]0+ tháng,0.8437972068786621,0.8469768762588501,0.5542078614234924
tang1,颜色,来图定制,Tùy chỉnh theo hình ảnh,DUNG,Màu sắc,颜色: 来图定制,Màu sắc: Tùy chỉnh theo hình ảnh,0.6819842457771301,0.7380372285842896,0.35605713725090027
tang1,功能,吸汗,Thấm mồ hôi,DUNG,Chức năng,功能: 吸汗,Chức năng: Thấm mồ hôi,0.7435510158538818,0.8623619079589844,0.39726293087005615
tang1,颜色,0.5小方盒【颜色随机】,Hộp vuông nhỏ 0.5 [màu ngẫu nhiên],DUNG,Màu sắc,颜色: 0.5小方盒【颜色随机】,Màu sắc: Hộp vuông nhỏ 0.5 [màu ngẫu nhiên],0.8182270526885986,0.8187495470046997,0.5191287994384766
tang1,鞋底工艺,固特异,Goodyear,DUNG,Công nghệ đế giày,鞋底工艺: 固特异,Công nghệ đế giày: Goodyear,0.3444109559059143,0.651491105556488,0.3303484618663788
tang1,颜色,0.5小方盒透明粉盖,Hộp vuông nhỏ 0.5 có nắp bột trong suốt,SAI,Màu sắc,颜色: 0.5小方盒透明粉盖,Màu sắc: Hộp vuông nhỏ 0.5 có nắp bột trong suốt,0.7546014785766602,0.7676085233688354,0.3598982095718384
tang1,口感,醇厚顺滑,"Đậm đà, mượt mà",DUNG,Hương vị,口感: 醇厚顺滑,"Hương vị: Đậm đà, mượt mà",0.7336857318878174,0.8292160034179688,0.682898998260498
tang1,适用纸巾,抽取式纸巾,Khăn giấy có thể tháo rời,SAI,Giấy ăn dùng được,适用纸巾: 抽取式纸巾,Giấy ăn dùng được: Khăn giấy có thể tháo rời,0.7229974269866943,0.708630383014679,0.7229974269866943
tang1,适合身高,80cm 【9-18个月，建议体重8.5-10kg】,"80cm [9-18 tháng, cân nặng khuyến nghị 8.5-10kg]",DUNG,Phù hợp với chiều cao,适合身高: 80cm 【9-18个月，建议体重8.5-10kg】,"Phù hợp với chiều cao: 80cm [9-18 tháng, cân nặng khuyến nghị 8.5-10kg]",0.9526475071907043,0.948553204536438,0.6371526718139648
tang1,颜色,酒红蓝带,Ruy băng màu đỏ tía và màu xanh,SAI,Màu sắc,颜色: 酒红蓝带,Màu sắc: Ruy băng màu đỏ tía và màu xanh,0.4711368680000305,0.63742995262146,0.3531734347343445
tang1,颜色,酒红色-豪华款,Mẫu xe sang trọng màu đỏ tía,SAI,Màu sắc,颜色: 酒红色-豪华款,Màu sắc: Mẫu xe sang trọng màu đỏ tía,0.6284077167510986,0.7098543047904968,0.3479423522949219
tang1,颜色,冲电口+折叠杯架+侧挂钩+冰蓝色,Cổng sạc + giá đỡ cốc gấp + móc bên + màu xanh băng,DUNG,Màu sắc,颜色: 冲电口+折叠杯架+侧挂钩+冰蓝色,Màu sắc: Cổng sạc + giá đỡ cốc gấp + móc bên + màu xanh băng,0.6740285158157349,0.7145500183105469,0.41174060106277466
tang1,颜色,冲电口+折叠杯架+侧挂钩+奢华银,Cổng sạc + giá đỡ cốc gấp + móc bên hông + màu bạc sang trọng,DUNG,Màu sắc,颜色: 冲电口+折叠杯架+侧挂钩+奢华银,Màu sắc: Cổng sạc + giá đỡ cốc gấp + móc bên hông + màu bạc sang trọng,0.7130758166313171,0.7536704540252686,0.5349454879760742
tang1,颜色,冲电口+折叠杯架+侧挂钩+尊贵黑,Cổng sạc + giá đỡ cốc gấp + móc bên + màu đen quý phái,DUNG,Màu sắc,颜色: 冲电口+折叠杯架+侧挂钩+尊贵黑,Màu sắc: Cổng sạc + giá đỡ cốc gấp + móc bên + màu đen quý phái,0.736359715461731,0.7756616473197937,0.4565798044204712
tang1,颜色,冲电口+折叠杯架+侧挂钩+深灰色,Cổng sạc + giá đỡ cốc gấp + móc bên + màu xám đậm,DUNG,Màu sắc,颜色: 冲电口+折叠杯架+侧挂钩+深灰色,Màu sắc: Cổng sạc + giá đỡ cốc gấp + móc bên + màu xám đậm,0.6969533562660217,0.742475152015686,0.4141830801963806
tang1,颜色,酒红色-英伦风款,Phong cách Burgundy-Anh,DUNG,Màu sắc,颜色: 酒红色-英伦风款,Màu sắc: Phong cách Burgundy-Anh,0.6036159992218018,0.6948263645172119,0.44027066230773926
tang1,颜色,冲电口+折叠杯架+侧挂钩+玫瑰金,Cổng sạc + giá đỡ cốc gấp + móc bên + vàng hồng,DUNG,Màu sắc,颜色: 冲电口+折叠杯架+侧挂钩+玫瑰金,Màu sắc: Cổng sạc + giá đỡ cốc gấp + móc bên + vàng hồng,0.7167669534683228,0.7505024671554565,0.4396629333496094
tang1,颜色,冲电口+折叠杯架+侧挂钩+纯洁白,Cổng sạc + giá đỡ cốc gấp + móc bên + màu trắng tinh khiết,DUNG,Màu sắc,颜色: 冲电口+折叠杯架+侧挂钩+纯洁白,Màu sắc: Cổng sạc + giá đỡ cốc gấp + móc bên + màu trắng tinh khiết,0.7411134243011475,0.7721169590950012,0.4085305631160736
tang1,颜色,9060长方盒透黑9.2*8.5*6CM,Hộp chữ nhật 9060 màu đen trong suốt 9.2*8.5*6CM,DUNG,Màu sắc,颜色: 9060长方盒透黑9.2*8.5*6CM,Màu sắc: Hộp chữ nhật 9060 màu đen trong suốt 9.2*8.5*6CM,0.8259098529815674,0.8054863214492798,0.408127099275589
tang1,颜色,酒红色--挂钩+钢护角,Burgundy--móc + bảo vệ góc thép,DUNG,Màu sắc,颜色: 酒红色--挂钩+钢护角,Màu sắc: Burgundy--móc + bảo vệ góc thép,0.6191186308860779,0.665528416633606,0.45254087448120117
tang1,颜色,冲电口+折叠杯架+侧挂钩+酒红色,Cổng sạc + giá đỡ cốc gấp + móc bên + màu đỏ rượu vang,DUNG,Màu sắc,颜色: 冲电口+折叠杯架+侧挂钩+酒红色,Màu sắc: Cổng sạc + giá đỡ cốc gấp + móc bên + màu đỏ rượu vang,0.7592227458953857,0.7893096208572388,0.341378390789032
tang1,适合身高,80cm（16-19斤合适）,80cm(8-9.5kg phù hợp),DUNG,Phù hợp với chiều cao,适合身高: 80cm（16-19斤合适）,Phù hợp với chiều cao: 80cm(8-9.5kg phù hợp),0.8919023275375366,0.8975473642349243,0.7536336183547974
tang1,风格,酒店风,Phong cách khách sạn,DUNG,Phong cách,风格: 酒店风,Phong cách: Phong cách khách sạn,0.7832479476928711,0.8583150506019592,0.5820993185043335
tang1,风格,都市风,phong cách đô thị,DUNG,Phong cách,风格: 都市风,Phong cách: phong cách đô thị,0.6452689170837402,0.8129621744155884,0.4119996428489685
tang1,尺寸,22寸【送箱套送贴纸】,22inch [Miễn phí bìa hộp và nhãn dán miễn phí],SAI,Kích thước,尺寸: 22寸【送箱套送贴纸】,Kích thước: 22inch [Miễn phí bìa hộp và nhãn dán miễn phí],0.8152552247047424,0.8360720276832581,0.8152552247047424
tang1,风格,都市,Thành phố,DUNG,Phong cách,风格: 都市,Phong cách: Thành phố,0.6857852339744568,0.8517709970474243,0.4863777458667755
tang1,颜色,55105方盒10.4*10.4*5.4cm,55105 hộp vuông 10.4*10.4*5.4cm,DUNG,Màu sắc,颜色: 55105方盒10.4*10.4*5.4cm,Màu sắc: 55105 hộp vuông 10.4*10.4*5.4cm,0.8444840908050537,0.8359544277191162,0.34522998332977295
tang1,电源容量,30000毫安,30000mA,SAI,Công suất điện,电源容量: 30000毫安,Công suất điện: 30000mA,0.8413559198379517,0.8650597929954529,0.6703420877456665
tang1,箱包潮流款式,机车包,Túi xe máy,DUNG,Kiểu túi thời trang,箱包潮流款式: 机车包,Kiểu túi thời trang: Túi xe máy,0.6421554088592529,0.7015395164489746,0.38731956481933594
tang1,净含量,1000克,1000g,DUNG,Khối lượng tịnh,净含量: 1000克,Khối lượng tịnh: 1000g,0.9193209409713745,0.8535597324371338,0.5408250093460083
tang1,产品类别,折叠收纳箱,Thùng đựng đồ gấp gọn,DUNG,Danh mục sản phẩm,产品类别: 折叠收纳箱,Danh mục sản phẩm: Thùng đựng đồ gấp gọn,0.763028085231781,0.7112632989883423,0.6250531673431396
tang1,尺码,L（120-140斤）,L(120-140 kg),SAI,Kích cỡ,尺码: L（120-140斤）,Kích cỡ: L(120-140 kg),0.9800435900688171,0.9111629724502563,0.5609960556030273
tang1,风格,通勤,đi lại,SAI,Phong cách,风格: 通勤,Phong cách: đi lại,0.7171614170074463,0.7877050638198853,0.43562453985214233
tang1,颜色,子母箱【浪漫粉】简易内置,Hộp mẹ và con [Hồng lãng mạn] Tích hợp đơn giản,SAI,Màu sắc,颜色: 子母箱【浪漫粉】简易内置,Màu sắc: Hộp mẹ và con [Hồng lãng mạn] Tích hợp đơn giản,0.6018689274787903,0.6585819125175476,0.35318833589553833
tang1,内里材质,透气棉布,Vải cotton thoáng khí,DUNG,Chất liệu bên trong,内里材质: 透气棉布,Chất liệu bên trong: Vải cotton thoáng khí,0.762111246585846,0.8529719114303589,0.3613123297691345
tang1,尺寸规格,单被套150*200,Vỏ chăn đơn 150*200,DUNG,Kích thước,尺寸规格: 单被套150*200,Kích thước: Vỏ chăn đơn 150*200,0.8098021149635315,0.7856782078742981,0.6161342859268188
tang1,外形,透明长方盒,透明长方盒,SAI,外形,外形: 透明长方盒,外形: 透明长方盒,1.0000001192092896,1.0,1.0000001192092896
tang1,图案,迷彩,ngụy trang,SAI,Hoa văn,图案: 迷彩,Hoa văn: ngụy trang,0.4610709846019745,0.6195763349533081,0.36843734979629517
tang1,颜色分类,双镜头2K+1080P+WIFI+触摸屏,Ống kính kép 2K+1080P+WIFI+màn hình cảm ứng,DUNG,Phân loại màu sắc,颜色分类: 双镜头2K+1080P+WIFI+触摸屏,Phân loại màu sắc: Ống kính kép 2K+1080P+WIFI+màn hình cảm ứng,0.8680177927017212,0.8729794025421143,0.5498462915420532
tang1,铲具类型,木质铲,xẻng gỗ,DUNG,Loại xẻng,铲具类型: 木质铲,Loại xẻng: xẻng gỗ,0.604383647441864,0.6722774505615234,0.604383647441864
tang1,图案,迷彩,Ngụy trang,SAI,Hoa văn,图案: 迷彩,Hoa văn: Ngụy trang,0.4495963156223297,0.6088957190513611,0.4495963156223297
tang1,功能,抗扭转,Chống xoắn,DUNG,Chức năng,功能: 抗扭转,Chức năng: Chống xoắn,0.6477834582328796,0.8318711519241333,0.3946988880634308
tang1,货源类型,国内一二线品牌,Các thương hiệu hàng đầu trong nước,DUNG,Loại nguồn hàng,货源类型: 国内一二线品牌,Loại nguồn hàng: Các thương hiệu hàng đầu trong nước,0.7703393697738647,0.7646762132644653,0.3469628691673279
tang1,款式,连体衣,bộ đồ liền thân,DUNG,Kiểu dáng,款式: 连体衣,Kiểu dáng: bộ đồ liền thân,0.6840678453445435,0.7843111753463745,0.3715200126171112
tang1,储存条件,冷冻,Đóng băng,DUNG,Điều kiện lưu trữ,储存条件: 冷冻,Điều kiện lưu trữ: Đóng băng,0.6590887308120728,0.7914527654647827,0.6590887308120728
tang1,型号,木纹,Vân gỗ,DUNG,Model,型号: 木纹,Model: Vân gỗ,0.5647478103637695,0.6508113145828247,0.4081694483757019
tang1,款式,吊带款,Kiểu áo yếm,SAI,Kiểu dáng,款式: 吊带款,Kiểu dáng: Kiểu áo yếm,0.5256173610687256,0.6479192972183228,0.5266367197036743
tang1,类别,运动背心,áo vest thể thao,DUNG,Danh mục,类别: 运动背心,Danh mục: áo vest thể thao,0.6679913997650146,0.6725120544433594,0.5152640342712402
tang1,适用场景,运动潮流,Xu hướng thể thao,DUNG,Dịp sử dụng,适用场景: 运动潮流,Dịp sử dụng: Xu hướng thể thao,0.7685291767120361,0.8057045340538025,0.7685291767120361
tang1,适用场合,卫浴间,Phòng tắm,DUNG,Phù hợp với các dịp,适用场合: 卫浴间,Phù hợp với các dịp: Phòng tắm,0.8095929622650146,0.7839076519012451,0.8095929622650146
tang1,口味,辣味,Vị cay,DUNG,Hương vị,口味: 辣味,Hương vị: Vị cay,0.6379044055938721,0.787926971912384,0.509285569190979
tang1,功能,抗冲击,Chống va đập,DUNG,Chức năng,功能: 抗冲击,Chức năng: Chống va đập,0.6581389904022217,0.841726541519165,0.6319623589515686
tang1,风格,软妹,cô gái dịu dàng,DUNG,Phong cách,风格: 软妹,Phong cách: cô gái dịu dàng,0.5476536750793457,0.7100965976715088,0.4472424387931824
tang1,裙型,吊带裙,Váy hai dây,DUNG,Kiểu váy,裙型: 吊带裙,Kiểu váy: Váy hai dây,0.5270811915397644,0.6409143805503845,0.5440412759780884
tang1,功能,车载,Xe hơi,DUNG,Chức năng,功能: 车载,Chức năng: Xe hơi,0.6086235642433167,0.7961935997009277,0.4663355350494385
tang1,款式,打底裤,Quần mặc trong,DUNG,Kiểu dáng,款式: 打底裤,Kiểu dáng: Quần mặc trong,0.6520901322364807,0.6949161291122437,0.45092058181762695
tang1,颜色,小号白色,Cỡ nhỏ màu trắng,DUNG,Màu sắc,颜色: 小号白色,Màu sắc: Cỡ nhỏ màu trắng,0.7370486259460449,0.8152090907096863,0.41206568479537964
tang1,尺寸规格,单被套150X200cm,Vỏ chăn đơn 150X200cm,DUNG,Kích thước,尺寸规格: 单被套150X200cm,Kích thước: Vỏ chăn đơn 150X200cm,0.8098157644271851,0.7831671237945557,0.6984738111495972
tang1,适用部位,车窗,cửa sổ ô tô,DUNG,Các bộ phận áp dụng,适用部位: 车窗,Các bộ phận áp dụng: cửa sổ ô tô,0.8086990714073181,0.7844808101654053,0.8086990714073181
tang1,产品类别,亚克力收纳盒,Hộp đựng acrylic,DUNG,Danh mục sản phẩm,产品类别: 亚克力收纳盒,Danh mục sản phẩm: Hộp đựng acrylic,0.6812598705291748,0.6664713621139526,0.6505677700042725
tang1,分类类型,车用香水,nước hoa ô tô,DUNG,Loại phân loại,分类类型: 车用香水,Loại phân loại: nước hoa ô tô,0.7925360202789307,0.8143092393875122,0.7476504445075989
tang1,面料名称,有机棉,Bông hữu cơ,DUNG,Tên vải,面料名称: 有机棉,Tên vải: Bông hữu cơ,0.5913348197937012,0.722334086894989,0.42810559272766113
tang1,适用部位,车尾,phía sau xe,DUNG,Các bộ phận áp dụng,适用部位: 车尾,Các bộ phận áp dụng: phía sau xe,0.8159111738204956,0.7844556570053101,0.6558728814125061
tang1,是否连帽,有帽可拆,Mũ trùm đầu có thể tháo rời,DUNG,Có mũ liền không,是否连帽: 有帽可拆,Có mũ liền không: Mũ trùm đầu có thể tháo rời,0.7370282411575317,0.713580846786499,0.7370282411575317
tang1,是否连帽,有帽可拆,Có mũ có thể tháo rời,DUNG,Có mũ liền không,是否连帽: 有帽可拆,Có mũ liền không: Có mũ có thể tháo rời,0.8094347715377808,0.7664281129837036,0.8094347715377808
tang1,功能,车内装饰,Trang trí nội thất,DUNG,Chức năng,功能: 车内装饰,Chức năng: Trang trí nội thất,0.7631542682647705,0.80486661195755,0.4458097219467163
tang1,款式,低帮板鞋,giày thể thao cổ thấp,DUNG,Kiểu dáng,款式: 低帮板鞋,Kiểu dáng: giày thể thao cổ thấp,0.7310312986373901,0.7691498398780823,0.4738443195819855
tang1,颜色,复古铝框款【中国红】,Khung nhôm cổ điển [màu đỏ Trung Quốc],DUNG,Màu sắc,颜色: 复古铝框款【中国红】,Màu sắc: Khung nhôm cổ điển [màu đỏ Trung Quốc],0.6104633808135986,0.6682387590408325,0.3808886706829071
tang1,是否有分隔,有分隔,Có sự tách biệt,SAI,Có phân chia không,是否有分隔: 有分隔,Có phân chia không: Có sự tách biệt,0.8399644494056702,0.8025824427604675,0.8399644494056702
tang1,功能,大容量,công suất lớn,SAI,Chức năng,功能: 大容量,Chức năng: công suất lớn,0.764325737953186,0.802502453327179,0.38655295968055725
tang1,安装位置,车内后视镜,Gương chiếu hậu trong xe,DUNG,Vị trí lắp đặt,安装位置: 车内后视镜,Vị trí lắp đặt: Gương chiếu hậu trong xe,0.8608518242835999,0.8498687744140625,0.649175226688385
tang1,适用场景,夜宵,Đồ ăn nhẹ đêm khuya,DUNG,Dịp sử dụng,适用场景: 夜宵,Dịp sử dụng: Đồ ăn nhẹ đêm khuya,0.6988518238067627,0.7485957741737366,0.4142721891403198
tang1,花型,月光蓝,Xanh ánh trăng,DUNG,Hoa văn,花型: 月光蓝,Hoa văn: Xanh ánh trăng,0.5378508567810059,0.594753086566925,0.36464521288871765
tang1,颜色,USB水杯架【可可白】隔层内置,Giá đỡ cốc nước USB [Ca cao trắng] tích hợp ngăn,DUNG,Màu sắc,颜色: USB水杯架【可可白】隔层内置,Màu sắc: Giá đỡ cốc nước USB [Ca cao trắng] tích hợp ngăn,0.7087748050689697,0.7213301658630371,0.31788578629493713
tang1,净重（规格）,20包,20 gói,DUNG,Trọng lượng tịnh (thông số kỹ thuật),净重（规格）: 20包,Trọng lượng tịnh (thông số kỹ thuật): 20 gói,0.8814204931259155,0.8574234247207642,0.5336693525314331
tang1,颜色,USB水杯架【可可白】隔层内置,Giá đỡ cốc nước USB [trắng cacao] có ngăn tích hợp,DUNG,Màu sắc,颜色: USB水杯架【可可白】隔层内置,Màu sắc: Giá đỡ cốc nước USB [trắng cacao] có ngăn tích hợp,0.7024425268173218,0.7075121402740479,0.31436294317245483
tang1,适用场景,跑步运动,Thể thao chạy bộ,DUNG,Dịp sử dụng,适用场景: 跑步运动,Dịp sử dụng: Thể thao chạy bộ,0.6775273084640503,0.7581071257591248,0.4911041259765625
tang1,系列,口红,son môi,DUNG,Dòng sản phẩm,系列: 口红,Dòng sản phẩm: son môi,0.6926839351654053,0.7221704125404358,0.4580853581428528
tang1,颜色,USB水杯架【可可粉】隔层内置,Giá đỡ cốc nước USB [bột coca] có ngăn tích hợp,SAI,Màu sắc,颜色: USB水杯架【可可粉】隔层内置,Màu sắc: Giá đỡ cốc nước USB [bột coca] có ngăn tích hợp,0.6851176023483276,0.6908278465270996,0.3817758560180664
tang1,外观造型,越野车,xe địa hình,DUNG,Ngoại hình,外观造型: 越野车,Ngoại hình: xe địa hình,0.705115556716919,0.8183795213699341,0.7021185755729675
tang1,流行元素,扎染,Tie thuốc nhuộm,SAI,Yếu tố thịnh hành,流行元素: 扎染,Yếu tố thịnh hành: Tie thuốc nhuộm,0.3489193618297577,0.6051795482635498,0.37737709283828735
tang1,净含量,100mL(含)-200mL(含),100mL (bao gồm)-200mL (bao gồm),DUNG,Khối lượng tịnh,净含量: 100mL(含)-200mL(含),Khối lượng tịnh: 100mL (bao gồm)-200mL (bao gồm),0.9391812086105347,0.868476390838623,0.43890586495399475
tang1,生产日期,最新批次,Lô mới nhất,DUNG,Ngày sản xuất,生产日期: 最新批次,Ngày sản xuất: Lô mới nhất,0.7759647369384766,0.8561243414878845,0.537123441696167
tang1,颜色,奶咖,Cà phê sữa,DUNG,Màu sắc,颜色: 奶咖,Màu sắc: Cà phê sữa,0.6157073974609375,0.7718508243560791,0.3972897529602051
tang1,净含量,100mL(含)-200mL(含),100mL (đã bao gồm)-200mL (đã bao gồm),DUNG,Khối lượng tịnh,净含量: 100mL(含)-200mL(含),Khối lượng tịnh: 100mL (đã bao gồm)-200mL (đã bao gồm),0.9141634106636047,0.8519934415817261,0.9391812086105347
tang1,颜色,USB水杯架【可可绿】隔层内置,Giá đỡ cốc nước USB [xanh ca cao] có ngăn tích hợp,DUNG,Màu sắc,颜色: USB水杯架【可可绿】隔层内置,Màu sắc: Giá đỡ cốc nước USB [xanh ca cao] có ngăn tích hợp,0.692010760307312,0.6887077689170837,0.4557393193244934
tang1,产品类别,超轻粘土,Đất sét siêu nhẹ,DUNG,Danh mục sản phẩm,产品类别: 超轻粘土,Danh mục sản phẩm: Đất sét siêu nhẹ,0.7446052432060242,0.6810721158981323,0.40134137868881226
tang1,颜色,尊贵黑-豪华款,Mẫu sang trọng màu đen quý phái,DUNG,Màu sắc,颜色: 尊贵黑-豪华款,Màu sắc: Mẫu sang trọng màu đen quý phái,0.7042219638824463,0.778563380241394,0.3600618839263916
tang1,筒高,低筒,Giày cổ thấp,DUNG,Chiều cao ống,筒高: 低筒,Chiều cao ống: Giày cổ thấp,0.7148661613464355,0.7722747325897217,0.6186043620109558
tang1,产品类别,起泡胶,Keo tạo bọt,DUNG,Danh mục sản phẩm,产品类别: 起泡胶,Danh mục sản phẩm: Keo tạo bọt,0.5842655897140503,0.6117701530456543,0.37567999958992004
tang1,颜色,USB水杯架【可可蓝】隔层内置,Giá đỡ cốc nước USB [màu xanh coca] có ngăn tích hợp,DUNG,Màu sắc,颜色: USB水杯架【可可蓝】隔层内置,Màu sắc: Giá đỡ cốc nước USB [màu xanh coca] có ngăn tích hợp,0.6463538408279419,0.6489336490631104,0.633399486541748
tang1,风格,费尔岛风,Phong cách Fair Isle,DUNG,Phong cách,风格: 费尔岛风,Phong cách: Phong cách Fair Isle,0.5463948249816895,0.6784230470657349,0.33295461535453796
tang1,适合身高,90cm 【1-2岁，建议体重9.5-13kg】,"90cm [1-2 tuổi, cân nặng khuyến nghị 9.5-13kg]",DUNG,Phù hợp với chiều cao,适合身高: 90cm 【1-2岁，建议体重9.5-13kg】,"Phù hợp với chiều cao: 90cm [1-2 tuổi, cân nặng khuyến nghị 9.5-13kg]",0.9557754397392273,0.9534121751785278,0.40583547949790955
tang1,数据存储容量,最大支持64G,Hỗ trợ tối đa 64G,DUNG,Dung lượng lưu trữ dữ liệu,数据存储容量: 最大支持64G,Dung lượng lưu trữ dữ liệu: Hỗ trợ tối đa 64G,0.9523272514343262,0.9285953044891357,0.9523272514343262
tang1,产品规格,定制专属链接，个人使用勿拍,"Liên kết độc quyền được cá nhân hóa, vui lòng không chụp ảnh để sử dụng cá nhân",SAI,Quy cách sản phẩm,产品规格: 定制专属链接，个人使用勿拍,"Quy cách sản phẩm: Liên kết độc quyền được cá nhân hóa, vui lòng không chụp ảnh để sử dụng cá nhân",0.8376567363739014,0.8142329454421997,0.32375210523605347
tang1,数据存储时间,最大256GB,Lên đến 256GB,DUNG,Thời gian lưu trữ dữ liệu,数据存储时间: 最大256GB,Thời gian lưu trữ dữ liệu: Lên đến 256GB,0.9055078625679016,0.9136397242546082,0.3869078755378723
tang1,颜色,更多款式联系客服,"Để biết thêm phong cách, vui lòng liên hệ bộ phận chăm sóc khách hàng",DUNG,Màu sắc,颜色: 更多款式联系客服,"Màu sắc: Để biết thêm phong cách, vui lòng liên hệ bộ phận chăm sóc khách hàng",0.770098090171814,0.8092890977859497,0.4699016809463501
tang1,材质,贴纸,Giấy dán,DUNG,Chất liệu,材质: 贴纸,Chất liệu: Giấy dán,0.7428388595581055,0.8342433571815491,0.4626658856868744
tang1,适用部位,前档,Bánh trước,SAI,Các bộ phận áp dụng,适用部位: 前档,Các bộ phận áp dụng: Bánh trước,0.6876634955406189,0.6947563886642456,0.5810333490371704
tang1,织造工艺,贡缎,贡缎,SAI,Công nghệ dệt,织造工艺: 贡缎,Công nghệ dệt: 贡缎,1.0,0.9200233221054077,0.37612184882164
tang1,织造工艺,贡缎,satin dâng cúng,SAI,Công nghệ dệt,织造工艺: 贡缎,Công nghệ dệt: satin dâng cúng,0.4150208830833435,0.6169745922088623,1.0
tang1,净含量（规格）,100克,100 gram,DUNG,Khối lượng tịnh (quy cách),净含量（规格）: 100克,Khối lượng tịnh (quy cách): 100 gram,0.8756016492843628,0.8139104843139648,0.6627050042152405
tang1,适用型号,iPhone 16 6.1寸,IPhone 16 6.1 inch,DUNG,Dòng máy tương thích,适用型号: iPhone 16 6.1寸,Dòng máy tương thích: IPhone 16 6.1 inch,0.9615943431854248,0.8789713382720947,0.49880295991897583
tang1,颜色,G1001卡其,G1001 kaki,DUNG,Màu sắc,颜色: G1001卡其,Màu sắc: G1001 kaki,0.7822520732879639,0.8187150955200195,0.38666215538978577
tang1,包装,手提礼盒,Hộp quà di động,SAI,Đóng gói,包装: 手提礼盒,Đóng gói: Hộp quà di động,0.7954511642456055,0.792611300945282,0.7954511642456055
tang1,适用型号,iPhone 16 Plus 6.7寸,IPhone 16 Plus 6.7 inch,DUNG,Dòng máy tương thích,适用型号: iPhone 16 Plus 6.7寸,Dòng máy tương thích: IPhone 16 Plus 6.7 inch,0.9725618362426758,0.9018598794937134,0.6068885326385498
tang1,颜色,G1001黑色,G1001 màu đen,DUNG,Màu sắc,颜色: G1001黑色,Màu sắc: G1001 màu đen,0.9136557579040527,0.9008429050445557,0.3637734055519104
tang1,风格,暗黑风,gió đen,SAI,Phong cách,风格: 暗黑风,Phong cách: gió đen,0.6938319206237793,0.8034205436706543,0.41382700204849243
tang1,颜色,墨灰轻绒,Xám mực nhung nhẹ,DUNG,Màu sắc,颜色: 墨灰轻绒,Màu sắc: Xám mực nhung nhẹ,0.6645699143409729,0.7222541570663452,0.3992846608161926
tang1,产品类别,贡眉,Lông mày,SAI,Danh mục sản phẩm,产品类别: 贡眉,Danh mục sản phẩm: Lông mày,0.4118465185165405,0.641455352306366,0.25994962453842163
tang1,颜色,象牙白-豪华款,Mẫu màu trắng ngà sang trọng,DUNG,Màu sắc,颜色: 象牙白-豪华款,Màu sắc: Mẫu màu trắng ngà sang trọng,0.5828326940536499,0.6596305966377258,0.3721941113471985
tang1,颜色,象牙白-英伦风款,Màu trắng ngà phong cách Anh,DUNG,Màu sắc,颜色: 象牙白-英伦风款,Màu sắc: Màu trắng ngà phong cách Anh,0.6243754625320435,0.6791067123413086,0.42619258165359497
tang1,颜色,暗紫,Tím đậm,DUNG,Màu sắc,颜色: 暗紫,Màu sắc: Tím đậm,0.4255521893501282,0.7159919738769531,0.3046656847000122
tang1,颜色,USB水杯架【可可黑】隔层内置,Giá đỡ cốc nước USB [cocoa đen] có ngăn tích hợp,DUNG,Màu sắc,颜色: USB水杯架【可可黑】隔层内置,Màu sắc: Giá đỡ cốc nước USB [cocoa đen] có ngăn tích hợp,0.7366148233413696,0.7437723875045776,0.40002870559692383
tang1,尺寸规格,1.8m床【床单款四件套】适合200x230cm被芯,Giường kích thước 1.8m [bộ chăn ga bao gồm bốn món] phù hợp với chăn có kích thước 200x230cm,DUNG,Kích thước,尺寸规格: 1.8m床【床单款四件套】适合200x230cm被芯,Kích thước: Giường kích thước 1.8m [bộ chăn ga bao gồm bốn món] phù hợp với chăn có kích thước 200x230cm,0.7718188166618347,0.7965438961982727,0.6827746033668518
tang1,颜色,暗夜绿,đêm tối xanh,SAI,Màu sắc,颜色: 暗夜绿,Màu sắc: đêm tối xanh,0.6629459857940674,0.7851767539978027,0.24577634036540985
tang1,颜色,尊贵黑-英伦风款,Phong cách đen Anh quý phái,DUNG,Màu sắc,颜色: 尊贵黑-英伦风款,Màu sắc: Phong cách đen Anh quý phái,0.7357364892959595,0.7886505722999573,0.406438410282135
tang1,适合身高,73CM（13-16斤合适）,73CM (6.5-8kg phù hợp),DUNG,Phù hợp với chiều cao,适合身高: 73CM（13-16斤合适）,Phù hợp với chiều cao: 73CM (6.5-8kg phù hợp),0.8654993772506714,0.8972705006599426,0.7062553763389587
tang1,适用型号,iPhone 16 Pro 6.3寸,IPhone 16 Pro 6.3 inch,DUNG,Dòng máy tương thích,适用型号: iPhone 16 Pro 6.3寸,Dòng máy tương thích: IPhone 16 Pro 6.3 inch,0.9655157327651978,0.8967282176017761,0.693728506565094
tang1,颜色,USB水杯架【墨竹绿】隔层内置,Giá đỡ cốc nước USB [Mozhu Green] tích hợp ngăn,DUNG,Màu sắc,颜色: USB水杯架【墨竹绿】隔层内置,Màu sắc: Giá đỡ cốc nước USB [Mozhu Green] tích hợp ngăn,0.6915024518966675,0.704969584941864,0.42413753271102905
tang1,颜色,暖驼奶芙,Bánh sữa lạc đà ấm,SAI,Màu sắc,颜色: 暖驼奶芙,Màu sắc: Bánh sữa lạc đà ấm,0.4983040690422058,0.6382472515106201,0.3251935541629791
tang1,适用送礼关系,同学,Bạn cùng lớp,DUNG,Quan hệ quà tặng áp dụng,适用送礼关系: 同学,Quan hệ quà tặng áp dụng: Bạn cùng lớp,0.8397594094276428,0.7895404100418091,0.623160183429718
tang1,食品工艺,晾晒,Phơi khô,DUNG,Công nghệ chế biến,食品工艺: 晾晒,Công nghệ chế biến: Phơi khô,0.7524394392967224,0.7444015145301819,0.7524394392967224
tang1,产品类型,智能WIFI行车记录仪,Đầu ghi lái xe WIFI thông minh,SAI,Loại sản phẩm,产品类型: 智能WIFI行车记录仪,Loại sản phẩm: Đầu ghi lái xe WIFI thông minh,0.8112447261810303,0.8063765168190002,0.5672589540481567
tang1,适用型号,iPhone 16 Pro max 6.9寸,IPhone 16 Pro max 6.9 inch,DUNG,Dòng máy tương thích,适用型号: iPhone 16 Pro max 6.9寸,Dòng máy tương thích: IPhone 16 Pro max 6.9 inch,0.9757272005081177,0.8926517367362976,0.500798225402832
tang1,是否智能,智能,智能,SAI,Có phải loại thông minh không,是否智能: 智能,Có phải loại thông minh không: 智能,1.0,0.8276700377464294,1.0
tang1,花型,豆沙+浅灰,Đậu đỏ + Xám nhạt,SAI,Hoa văn,花型: 豆沙+浅灰,Hoa văn: Đậu đỏ + Xám nhạt,0.6387223601341248,0.6604077816009521,0.42390161752700806
tang1,茶种类,调味茶,trà có hương vị,DUNG,Loại trà,茶种类: 调味茶,Loại trà: trà có hương vị,0.7255980372428894,0.7596672773361206,0.49041223526000977
tang1,储藏方法,请置于阴凉干燥处,Hãy giữ nó ở nơi mát mẻ và khô ráo,DUNG,Phương pháp bảo quản,储藏方法: 请置于阴凉干燥处,Phương pháp bảo quản: Hãy giữ nó ở nơi mát mẻ và khô ráo,0.841924786567688,0.9043699502944946,0.7783706784248352
tang1,颜色,尊贵黑--挂钩+钢护角,Màu đen quý phái - móc + bảo vệ góc bằng thép,DUNG,Màu sắc,颜色: 尊贵黑--挂钩+钢护角,Màu sắc: Màu đen quý phái - móc + bảo vệ góc bằng thép,0.7405985593795776,0.7825019955635071,0.4553324282169342
tang1,尺码,2XL推荐（150-165斤）,2XL khuyến nghị (150-165 kg),SAI,Kích cỡ,尺码: 2XL推荐（150-165斤）,Kích cỡ: 2XL khuyến nghị (150-165 kg),0.9007564187049866,0.9128882884979248,0.6774179935455322
tang1,适合身高,90cm（20-25斤合适）,90cm (10-12.5kg phù hợp),DUNG,Phù hợp với chiều cao,适合身高: 90cm（20-25斤合适）,Phù hợp với chiều cao: 90cm (10-12.5kg phù hợp),0.9103015661239624,0.9055625796318054,0.769417405128479
tang1,材质工艺,询客服,Yêu cầu dịch vụ khách hàng,DUNG,Chất liệu và công nghệ chế tác,材质工艺: 询客服,Chất liệu và công nghệ chế tác: Yêu cầu dịch vụ khách hàng,0.6871949434280396,0.7348621487617493,0.6871949434280396
tang1,功能,触控操作,Thao tác cảm ứng,DUNG,Chức năng,功能: 触控操作,Chức năng: Thao tác cảm ứng,0.6622692346572876,0.7564948797225952,0.6739223003387451
tang1,净含量（规格）,见规格,Xem thông số kỹ thuật,DUNG,Khối lượng tịnh (quy cách),净含量（规格）: 见规格,Khối lượng tịnh (quy cách): Xem thông số kỹ thuật,0.7376190423965454,0.683769166469574,0.48251187801361084
tang1,适合身高,73cm 【6-9个月，建议体重7.2-9kg】,"73cm [6-9 tháng, cân nặng khuyến nghị 7.2-9kg]",DUNG,Phù hợp với chiều cao,适合身高: 73cm 【6-9个月，建议体重7.2-9kg】,"Phù hợp với chiều cao: 73cm [6-9 tháng, cân nặng khuyến nghị 7.2-9kg]",0.9628152847290039,0.9545981884002686,0.665117084980011
tang1,原料与配料,见喷码,Xem mã in phun,DUNG,Nguyên liệu và thành phần,原料与配料: 见喷码,Nguyên liệu và thành phần: Xem mã in phun,0.6152901649475098,0.7477213740348816,0.4891044795513153
tang1,销售方式,普通售卖,普通售卖,SAI,销售方式,销售方式: 普通售卖,销售方式: 普通售卖,1.0,0.9999999403953552,1.0
tang1,颜色,西瓜红,Đỏ dưa hấu,DUNG,Màu sắc,颜色: 西瓜红,Màu sắc: Đỏ dưa hấu,0.5379124879837036,0.6546347141265869,0.2672058939933777
tang1,流行元素,复古,cổ điển,DUNG,Yếu tố thịnh hành,流行元素: 复古,Yếu tố thịnh hành: cổ điển,0.6334463357925415,0.6779689788818359,0.38512200117111206
tang1,尺寸规格,1.8m床【床笠款四件套】-适合200x230cm被芯,Giường 1.8m [Bộ ga trải giường 4 mảnh] - Thích hợp cho lõi chăn 200x230cm,DUNG,Kích thước,尺寸规格: 1.8m床【床笠款四件套】-适合200x230cm被芯,Kích thước: Giường 1.8m [Bộ ga trải giường 4 mảnh] - Thích hợp cho lõi chăn 200x230cm,0.7425391674041748,0.7546629309654236,0.5604338645935059
tang1,尺寸规格,1.8m床【床笠款四件套】-适合200x230cm被芯,Giường 1.8m [Bộ ga trải giường 4 mảnh] - phù hợp với lõi chăn 200x230cm,DUNG,Kích thước,尺寸规格: 1.8m床【床笠款四件套】-适合200x230cm被芯,Kích thước: Giường 1.8m [Bộ ga trải giường 4 mảnh] - phù hợp với lõi chăn 200x230cm,0.7450336217880249,0.7513774037361145,0.6150883436203003
tang1,货号,咨询,Tham khảo ý kiến,SAI,Mã sản phẩm,货号: 咨询,Mã sản phẩm: Tham khảo ý kiến,0.7138845920562744,0.7258763313293457,0.4121312201023102
tang1,热卖月份,三月,Tháng 3,DUNG,Tháng bán chạy,热卖月份: 三月,Tháng bán chạy: Tháng 3,0.891608715057373,0.8480334877967834,0.6007709503173828
tang1,产品类别,冰箱保鲜盒,Hộp bảo quản thực phẩm tủ lạnh,DUNG,Danh mục sản phẩm,产品类别: 冰箱保鲜盒,Danh mục sản phẩm: Hộp bảo quản thực phẩm tủ lạnh,0.744530439376831,0.6933318376541138,0.6232179403305054
tang1,适用车型,所有车型,Tất cả các mô hình,DUNG,Mô hình áp dụng,适用车型: 所有车型,Mô hình áp dụng: Tất cả các mô hình,0.7182391285896301,0.6873069405555725,0.7182391285896301
tang1,茶区,普洱茶区,Khu vực trà Phổ Nhĩ,DUNG,Khu vực trà,茶区: 普洱茶区,Khu vực trà: Khu vực trà Phổ Nhĩ,0.6644967794418335,0.7075585126876831,0.6135753393173218
tang1,颜色,USB水杯架【天空蓝】隔层内置,Giá đỡ cốc nước USB [xanh da trời] có ngăn tích hợp,DUNG,Màu sắc,颜色: USB水杯架【天空蓝】隔层内置,Màu sắc: Giá đỡ cốc nước USB [xanh da trời] có ngăn tích hợp,0.6501561403274536,0.6546932458877563,0.3391578197479248
tang1,适用送礼关系,晚辈,Đàn em,SAI,Quan hệ quà tặng áp dụng,适用送礼关系: 晚辈,Quan hệ quà tặng áp dụng: Đàn em,0.4960600733757019,0.6500921845436096,0.4415292739868164
tang1,尺寸规格,1.8m床【床笠款四件套】适合200x230cm被芯,"Bộ ga trải giường kích thước 1.8m [gồm bốn món], phù hợp với ruột chăn kích thước 200x230cm",DUNG,Kích thước,尺寸规格: 1.8m床【床笠款四件套】适合200x230cm被芯,"Kích thước: Bộ ga trải giường kích thước 1.8m [gồm bốn món], phù hợp với ruột chăn kích thước 200x230cm",0.728341817855835,0.7341179251670837,0.5476269721984863
tang1,规格类型,裸装,khỏa thân,SAI,Loại quy cách,规格类型: 裸装,Loại quy cách: khỏa thân,0.8392151594161987,0.7561489939689636,0.8392151594161987
tang1,颜色,5575方盒7.5*7.5*5.4cm,Hộp vuông 5575 7.5 * 7.5 * 5.4cm,DUNG,Màu sắc,颜色: 5575方盒7.5*7.5*5.4cm,Màu sắc: Hộp vuông 5575 7.5 * 7.5 * 5.4cm,0.8375664949417114,0.8190333843231201,0.3062342405319214
tang1,颜色,裸色,Màu nude,DUNG,Màu sắc,颜色: 裸色,Màu sắc: Màu nude,0.6344274282455444,0.7670062780380249,0.44149070978164673
tang1,是否属于礼品,是，商务礼品,"Có, quà tặng doanh nghiệp",DUNG,Có thuộc quà không,是否属于礼品: 是，商务礼品,"Có thuộc quà không: Có, quà tặng doanh nghiệp",0.816562294960022,0.7751782536506653,0.816562294960022
tang1,主面料成分的含量,47%莫代尔 47%棉 6%氨纶,47% modal 47% cotton 6% spandex,DUNG,Tỉ lệ thành phần vải chính,主面料成分的含量: 47%莫代尔 47%棉 6%氨纶,Tỉ lệ thành phần vải chính: 47% modal 47% cotton 6% spandex,0.8493936657905579,0.8339167833328247,0.5068694353103638
tang1,颜色,星耀黑,Sao đen,SAI,Màu sắc,颜色: 星耀黑,Màu sắc: Sao đen,0.5960215330123901,0.7543091773986816,0.35692107677459717
tang1,颜色,5595方盒9.5*9.5*5.4cm,Hộp vuông 5595 9.5 * 9.5 * 5.4cm,DUNG,Màu sắc,颜色: 5595方盒9.5*9.5*5.4cm,Màu sắc: Hộp vuông 5595 9.5 * 9.5 * 5.4cm,0.8327072858810425,0.8276101350784302,0.30558058619499207
tang1,适用人群,所有人,mọi người,DUNG,Đối tượng sử dụng,适用人群: 所有人,Đối tượng sử dụng: mọi người,0.6924757957458496,0.8417444229125977,0.5006262063980103
tang1,套装款式,裙套装,bộ váy,DUNG,Kiểu bộ đồ,套装款式: 裙套装,Kiểu bộ đồ: bộ váy,0.6114293336868286,0.6915244460105896,0.6114293336868286
tang1,净度,净度高，无明显杂质,"Độ trong cao, không có tạp chất rõ ràng",DUNG,Độ sạch,净度: 净度高，无明显杂质,"Độ sạch: Độ trong cao, không có tạp chất rõ ràng",0.8819906115531921,0.8966637253761292,0.4059474468231201
tang1,筒高,中筒,Thùng giữa,SAI,Chiều cao ống,筒高: 中筒,Chiều cao ống: Thùng giữa,0.6803656816482544,0.8018431067466736,0.5004341006278992
tang1,颜色,USB水杯架【星空银】隔层内置,Giá đỡ cốc nước USB [Bạc bầu trời đầy sao] có ngăn tích hợp,DUNG,Màu sắc,颜色: USB水杯架【星空银】隔层内置,Màu sắc: Giá đỡ cốc nước USB [Bạc bầu trời đầy sao] có ngăn tích hợp,0.6587835550308228,0.680036187171936,0.4460853636264801
tang1,尺码,M(建议80-100斤),M (đề nghị 80-100 kg),SAI,Kích cỡ,尺码: M(建议80-100斤),Kích cỡ: M (đề nghị 80-100 kg),0.8833088874816895,0.8883833885192871,0.5264300107955933
tang1,颜色,星月熊,Gấu trăng sao,DUNG,Màu sắc,颜色: 星月熊,Màu sắc: Gấu trăng sao,0.5829640030860901,0.7326575517654419,0.2617992162704468
tang1,颜色分类,1K【1080P】前录高清+免走线,1K [1080P] HD được ghi sẵn + không cần nối dây,DUNG,Phân loại màu sắc,颜色分类: 1K【1080P】前录高清+免走线,Phân loại màu sắc: 1K [1080P] HD được ghi sẵn + không cần nối dây,0.8045899868011475,0.8195676803588867,0.45126640796661377
tang1,颜色分类,1K【1080P】前录高清+免走线,1K [1080P] ghi trước HD miễn phí định tuyến,SAI,Phân loại màu sắc,颜色分类: 1K【1080P】前录高清+免走线,Phân loại màu sắc: 1K [1080P] ghi trước HD miễn phí định tuyến,0.8201758861541748,0.8146430253982544,0.6801789999008179
tang1,颜色,子母箱【玫瑰金】简易内置,Hộp Mẹ và Con [Vàng Hồng] Tích hợp đơn giản,SAI,Màu sắc,颜色: 子母箱【玫瑰金】简易内置,Màu sắc: Hộp Mẹ và Con [Vàng Hồng] Tích hợp đơn giản,0.6073305606842041,0.6541653871536255,0.4146876037120819
tang1,款式,时装鞋,giày thời trang,DUNG,Kiểu dáng,款式: 时装鞋,Kiểu dáng: giày thời trang,0.7886669039726257,0.8466256856918335,0.43270188570022583
tang1,功能,行人防撞预警,Cảnh báo va chạm với người đi bộ,DUNG,Chức năng,功能: 行人防撞预警,Chức năng: Cảnh báo va chạm với người đi bộ,0.8220394849777222,0.8605934381484985,0.4169178009033203
tang1,颜色分类,1K双录【1K+1K】超清+免走线,Ghi kép 1K [1K+1K] cực rõ + không cần nối dây,DUNG,Phân loại màu sắc,颜色分类: 1K双录【1K+1K】超清+免走线,Phân loại màu sắc: Ghi kép 1K [1K+1K] cực rõ + không cần nối dây,0.7220472097396851,0.7769134044647217,0.49840718507766724
tang1,尺寸规格,单被套200*230,Vỏ chăn đơn 200*230,DUNG,Kích thước,尺寸规格: 单被套200*230,Kích thước: Vỏ chăn đơn 200*230,0.8263413906097412,0.7974170446395874,0.54799485206604
tang1,款式细节,口袋装饰,trang trí túi,DUNG,Chi tiết kiểu dáng,款式细节: 口袋装饰,Chi tiết kiểu dáng: trang trí túi,0.806362509727478,0.8347327709197998,0.6703325510025024
tang1,款式,时装鞋,Giày thời trang,DUNG,Kiểu dáng,款式: 时装鞋,Kiểu dáng: Giày thời trang,0.7749688029289246,0.8572013974189758,0.42173030972480774
tang1,茶种类,蜜桃乌龙茶,Trà Ô Long Đào,DUNG,Loại trà,茶种类: 蜜桃乌龙茶,Loại trà: Trà Ô Long Đào,0.4214459955692291,0.5685133934020996,0.5265578031539917
tang1,分类,户外电源,Nguồn điện ngoài trời,DUNG,Phân loại,分类: 户外电源,Phân loại: Nguồn điện ngoài trời,0.8700228333473206,0.8616790771484375,0.8700228333473206
tang1,适用机型,iPhone13/14通用,Phù hợp với mọi dòng iPhone 13/14,SAI,Dòng máy tương thích,适用机型: iPhone13/14通用,Dòng máy tương thích: Phù hợp với mọi dòng iPhone 13/14,0.8245834112167358,0.8396061062812805,0.8245834112167358
tang1,颜色,USB水杯架【星耀黑】隔层内置,Giá đỡ cốc nước USB [màu đen sao] có ngăn tích hợp,SAI,Màu sắc,颜色: USB水杯架【星耀黑】隔层内置,Màu sắc: Giá đỡ cốc nước USB [màu đen sao] có ngăn tích hợp,0.6851165294647217,0.687684178352356,0.447401762008667
tang1,产品类别,蛋糕/派,bánh/bánh nướng,SAI,Danh mục sản phẩm,产品类别: 蛋糕/派,Danh mục sản phẩm: bánh/bánh nướng,0.7769707441329956,0.7226071357727051,0.49227964878082275
tang1,颜色,3065方盒6.5*6.5*3CM,3065 hộp vuông 6.5*6.5*3cm,DUNG,Màu sắc,颜色: 3065方盒6.5*6.5*3CM,Màu sắc: 3065 hộp vuông 6.5*6.5*3cm,0.8604328632354736,0.8424296379089355,0.4544883370399475
tang1,流行元素,蛇纹,Vân rắn,DUNG,Yếu tố thịnh hành,流行元素: 蛇纹,Yếu tố thịnh hành: Vân rắn,0.475287526845932,0.5688658952713013,0.44784486293792725
tang1,颜色,藏蓝色,màu xanh hải quân,DUNG,Màu sắc,颜色: 藏蓝色,Màu sắc: màu xanh hải quân,0.4893885850906372,0.6678262948989868,0.4428742229938507
tang1,颜色,卡其大号,Kaki cỡ lớn,DUNG,Màu sắc,颜色: 卡其大号,Màu sắc: Kaki cỡ lớn,0.4969435930252075,0.7605597376823425,0.3500416576862335
tang1,颜色,藏蓝,màu xanh hải quân,DUNG,Màu sắc,颜色: 藏蓝,Màu sắc: màu xanh hải quân,0.3765484094619751,0.6533232927322388,0.32070106267929077
tang1,风格,名媛风,Phong cách nổi tiếng,SAI,Phong cách,风格: 名媛风,Phong cách: Phong cách nổi tiếng,0.5937438011169434,0.6883453726768494,0.5569695234298706
tang1,适用人群,中老年,Trung niên và người già,DUNG,Đối tượng sử dụng,适用人群: 中老年,Đối tượng sử dụng: Trung niên và người già,0.7628726959228516,0.8130217790603638,0.34319937229156494
tang1,款式,户外休闲鞋,giày thông thường ngoài trời,SAI,Kiểu dáng,款式: 户外休闲鞋,Kiểu dáng: giày thông thường ngoài trời,0.7671248912811279,0.7991218566894531,0.458797812461853
tang1,风格,名媛风,Phong cách quý phái,DUNG,Phong cách,风格: 名媛风,Phong cách: Phong cách quý phái,0.6856049299240112,0.7606155276298523,0.2658953368663788
tang1,款式,套头款,Kiểu áo thun,SAI,Kiểu dáng,款式: 套头款,Kiểu dáng: Kiểu áo thun,0.5164094567298889,0.6722597479820251,0.40512576699256897
tang1,花型,蕾丝花边-花团,Cụm hoa ren,SAI,Hoa văn,花型: 蕾丝花边-花团,Hoa văn: Cụm hoa ren,0.5747621655464172,0.5859431028366089,0.3959228992462158
tang1,颜色,蓝白,Xanh trắng,DUNG,Màu sắc,颜色: 蓝白,Màu sắc: Xanh trắng,0.5816542506217957,0.7593759298324585,0.48580610752105713
tang1,级别,三级,Cấp độ ba,DUNG,Cấp độ,级别: 三级,Cấp độ: Cấp độ ba,0.736922025680542,0.811247706413269,0.6586095690727234
tang1,货号,夹心饼干批发,Bán buôn bánh quy sandwich,DUNG,Mã sản phẩm,货号: 夹心饼干批发,Mã sản phẩm: Bán buôn bánh quy sandwich,0.5911895036697388,0.6339696645736694,0.352308988571167
tang1,颜色,亮粉天蓝带,Ruy băng màu xanh da trời màu hồng tươi sáng,SAI,Màu sắc,颜色: 亮粉天蓝带,Màu sắc: Ruy băng màu xanh da trời màu hồng tươi sáng,0.48844486474990845,0.6049113869667053,0.4046843349933624
tang1,颜色,USB水杯架【玫瑰金】隔层内置,Giá đỡ cốc nước USB [vàng hồng] có ngăn tích hợp,DUNG,Màu sắc,颜色: USB水杯架【玫瑰金】隔层内置,Màu sắc: Giá đỡ cốc nước USB [vàng hồng] có ngăn tích hợp,0.6486538648605347,0.6747381091117859,0.492695152759552
tang1,花型,落日玫瑰,Hoa hồng hoàng hôn,DUNG,Hoa văn,花型: 落日玫瑰,Hoa văn: Hoa hồng hoàng hôn,0.5404942631721497,0.5676352381706238,0.4035315215587616
tang1,尺寸规格,单被套220*240cm,Vỏ chăn đơn 220*240cm,DUNG,Kích thước,尺寸规格: 单被套220*240cm,Kích thước: Vỏ chăn đơn 220*240cm,0.8298115134239197,0.7993670701980591,0.6634073257446289
tang1,口味,咸味,Vị mặn,DUNG,Hương vị,口味: 咸味,Hương vị: Vị mặn,0.6645451784133911,0.8304017782211304,0.5408867597579956
tang1,风格,萌系,Dễ thương,DUNG,Phong cách,风格: 萌系,Phong cách: Dễ thương,0.5226207971572876,0.7255532741546631,0.3828273415565491
tang1,茶种类,菊花茶,Trà hoa cúc,DUNG,Loại trà,茶种类: 菊花茶,Loại trà: Trà hoa cúc,0.5556496977806091,0.6431938409805298,0.555242657661438
tang1,茶种类,莓茶,Trà dâu,SAI,Loại trà,茶种类: 莓茶,Loại trà: Trà dâu,0.5779625177383423,0.6582300662994385,0.5580508708953857
tang1,流行元素,荷叶边,Viền lá sen,DUNG,Yếu tố thịnh hành,流行元素: 荷叶边,Yếu tố thịnh hành: Viền lá sen,0.5314642190933228,0.6382482051849365,0.4565316438674927
tang1,产品类别,药盒,hộp thuốc,DUNG,Danh mục sản phẩm,产品类别: 药盒,Danh mục sản phẩm: hộp thuốc,0.7981736063957214,0.7598968744277954,0.386249303817749
tang1,颜色,USB水杯架【白+玫】隔层内置,Giá đỡ cốc nước USB [trắng + hồng] có ngăn tích hợp,DUNG,Màu sắc,颜色: USB水杯架【白+玫】隔层内置,Màu sắc: Giá đỡ cốc nước USB [trắng + hồng] có ngăn tích hợp,0.6935997009277344,0.6999657154083252,0.4345717430114746
tang1,颜色,荣耀银铝框卡扣款,Khung nhôm Honor Silver kiểu gắn vào,SAI,Màu sắc,颜色: 荣耀银铝框卡扣款,Màu sắc: Khung nhôm Honor Silver kiểu gắn vào,0.572576642036438,0.6627959609031677,0.3714599013328552
tang1,颜色,时尚单箱【谷物白】简易内置,Hộp đơn thời trang [trắng hạt] tích hợp đơn giản,SAI,Màu sắc,颜色: 时尚单箱【谷物白】简易内置,Màu sắc: Hộp đơn thời trang [trắng hạt] tích hợp đơn giản,0.6681572198867798,0.6836168766021729,0.39163681864738464
tang1,适用型号,荣耀200,Vinh quang 200,SAI,Dòng máy tương thích,适用型号: 荣耀200,Dòng máy tương thích: Vinh quang 200,0.5923522710800171,0.6467260718345642,0.3451387882232666
tang1,颜色,USB水杯架【白+黑】隔层内置,Ngăn đựng cốc nước USB [trắng + đen] tích hợp,SAI,Màu sắc,颜色: USB水杯架【白+黑】隔层内置,Màu sắc: Ngăn đựng cốc nước USB [trắng + đen] tích hợp,0.740957498550415,0.747390866279602,0.4344111382961273
tang1,适用节日,情人节,Ngày lễ tình nhân,DUNG,Lễ hội áp dụng,适用节日: 情人节,Lễ hội áp dụng: Ngày lễ tình nhân,0.782488226890564,0.7521859407424927,0.5775519609451294
tang1,颜色,X29黑色锌合金,Hợp kim kẽm đen X29,DUNG,Màu sắc,颜色: X29黑色锌合金,Màu sắc: Hợp kim kẽm đen X29,0.8162277936935425,0.829476535320282,0.34056156873703003
tang1,材质,草编,rơm,SAI,Chất liệu,材质: 草编,Chất liệu: rơm,0.40232372283935547,0.6989829540252686,0.33646994829177856
tang1,花型,草绿,Xanh cỏ,DUNG,Hoa văn,花型: 草绿,Hoa văn: Xanh cỏ,0.5228875875473022,0.6198662519454956,0.35500380396842957
tang1,产品类别,寿眉,Thọ Mi,DUNG,Danh mục sản phẩm,产品类别: 寿眉,Danh mục sản phẩm: Thọ Mi,0.2762269079685211,0.5341585874557495,0.258811354637146
tang1,适用送礼关系,恩师,Cố vấn,SAI,Quan hệ quà tặng áp dụng,适用送礼关系: 恩师,Quan hệ quà tặng áp dụng: Cố vấn,0.4248325228691101,0.6601475477218628,0.5253016948699951
tang1,颜色,时尚单箱【白+玫】简易内置,Hộp đơn thời trang [trắng + hoa hồng] tích hợp đơn giản,SAI,Màu sắc,颜色: 时尚单箱【白+玫】简易内置,Màu sắc: Hộp đơn thời trang [trắng + hoa hồng] tích hợp đơn giản,0.7200774550437927,0.7405946850776672,0.4735276699066162
tang1,颜色,奶杏轻绒,Vải nhung nhẹ màu mơ sữa,DUNG,Màu sắc,颜色: 奶杏轻绒,Màu sắc: Vải nhung nhẹ màu mơ sữa,0.629876971244812,0.7242972254753113,0.2636108994483948
tang1,流行元素,串珠,Xâu hạt,DUNG,Yếu tố thịnh hành,流行元素: 串珠,Yếu tố thịnh hành: Xâu hạt,0.4263532757759094,0.5771455764770508,0.453718900680542
tang1,颜色,USB水杯架【谷物白】隔层内置,Giá đỡ cốc nước USB [trắng hạt] có ngăn tích hợp,SAI,Màu sắc,颜色: USB水杯架【谷物白】隔层内置,Màu sắc: Giá đỡ cốc nước USB [trắng hạt] có ngăn tích hợp,0.6994860172271729,0.6920956373214722,0.3653233051300049
tang1,颜色,子母箱【白+玫】简易内置,Hộp mẹ và con [trắng + hoa hồng] tích hợp đơn giản,SAI,Màu sắc,颜色: 子母箱【白+玫】简易内置,Màu sắc: Hộp mẹ và con [trắng + hoa hồng] tích hợp đơn giản,0.683441162109375,0.6990566253662109,0.3381543755531311
tang1,颜色,时尚单箱【浪漫粉】简易内置,Hộp đơn thời trang [Hồng lãng mạn] tích hợp đơn giản,SAI,Màu sắc,颜色: 时尚单箱【浪漫粉】简易内置,Màu sắc: Hộp đơn thời trang [Hồng lãng mạn] tích hợp đơn giản,0.6838635206222534,0.7087671756744385,0.37021684646606445
tang1,产品类别,DIY拼装收纳盒,Hộp đựng đồ tự lắp ráp,DUNG,Danh mục sản phẩm,产品类别: DIY拼装收纳盒,Danh mục sản phẩm: Hộp đựng đồ tự lắp ráp,0.7696598768234253,0.6633690595626831,0.46826469898223877
tang1,产品类别,冰箱保鲜盒,tủ lạnh,SAI,Danh mục sản phẩm,产品类别: 冰箱保鲜盒,Danh mục sản phẩm: tủ lạnh,0.6230127811431885,0.6288723349571228,0.5981263518333435
tang1,颜色,时尚单箱【星耀黑】简易内置,Hộp đơn thời trang [màu đen sao] tích hợp đơn giản,SAI,Màu sắc,颜色: 时尚单箱【星耀黑】简易内置,Màu sắc: Hộp đơn thời trang [màu đen sao] tích hợp đơn giản,0.6994515657424927,0.7184511423110962,0.33960413932800293
tang1,适用型号,苹果7/8,Apple 7/8,SAI,Dòng máy tương thích,适用型号: 苹果7/8,Dòng máy tương thích: Apple 7/8,0.9445688724517822,0.8910164833068848,0.5220710635185242
tang1,元素,亲子,cha mẹ và con cái,DUNG,Yếu tố,元素: 亲子,Yếu tố: cha mẹ và con cái,0.7341082096099854,0.6815441846847534,0.7341082096099854
tang1,颜色,时尚单箱【星空银】简易内置,Hộp đơn thời trang [Bạc bầu trời đầy sao] tích hợp đơn giản,SAI,Màu sắc,颜色: 时尚单箱【星空银】简易内置,Màu sắc: Hộp đơn thời trang [Bạc bầu trời đầy sao] tích hợp đơn giản,0.6722425222396851,0.7165288329124451,0.3541377782821655
tang1,特色功能,亲子互动,Tương tác cha mẹ và con cái,DUNG,Tính năng đặc biệt,特色功能: 亲子互动,Tính năng đặc biệt: Tương tác cha mẹ và con cái,0.8153437972068787,0.8542635440826416,0.5166658163070679
tang1,适用型号,苹果18Pro,Táo 18Pro,SAI,Dòng máy tương thích,适用型号: 苹果18Pro,Dòng máy tương thích: Táo 18Pro,0.7960584163665771,0.7757421731948853,0.5111404657363892
tang1,颜色,G805白色,G805 màu trắng,DUNG,Màu sắc,颜色: G805白色,Màu sắc: G805 màu trắng,0.9252395629882812,0.927528977394104,0.37580156326293945
tang1,颜色分类,4K【2160P】前录高清+免走线,4K [2160P] HD được ghi sẵn + không cần nối dây,SAI,Phân loại màu sắc,颜色分类: 4K【2160P】前录高清+免走线,Phân loại màu sắc: 4K [2160P] HD được ghi sẵn + không cần nối dây,0.7965314388275146,0.8165301084518433,0.3403545022010803
tang1,颜色,G805黑色,G805 màu đen,DUNG,Màu sắc,颜色: G805黑色,Màu sắc: G805 màu đen,0.9327173233032227,0.9228959083557129,0.3339843153953552
tang1,颜色,时尚单箱【墨竹绿】简易内置,Hộp đơn thời trang [xanh tre đậm] tích hợp đơn giản,SAI,Màu sắc,颜色: 时尚单箱【墨竹绿】简易内置,Màu sắc: Hộp đơn thời trang [xanh tre đậm] tích hợp đơn giản,0.6434437036514282,0.6793586611747742,0.45152124762535095
tang1,适用送礼关系,亲戚,Người thân,DUNG,Quan hệ quà tặng áp dụng,适用送礼关系: 亲戚,Quan hệ quà tặng áp dụng: Người thân,0.7419904470443726,0.7656756043434143,0.6622487902641296
tang1,尺码,M【建议100-120斤】,M [Khuyến nghị 50-60kg],DUNG,Kích cỡ,尺码: M【建议100-120斤】,Kích cỡ: M [Khuyến nghị 50-60kg],0.814260721206665,0.8588361740112305,0.461605429649353
tang1,颜色,04#瞬逝,04 # thoáng qua,DUNG,Màu sắc,颜色: 04#瞬逝,Màu sắc: 04 # thoáng qua,0.7421184778213501,0.7787309288978577,0.372771292924881
tang1,适用型号,苹果14Plus,Apple 14Plus,SAI,Dòng máy tương thích,适用型号: 苹果14Plus,Dòng máy tương thích: Apple 14Plus,0.9262275695800781,0.8641188144683838,0.7939042448997498
tang1,产品规格,富勒烯蛋白灯泡肌面膜【5片/盒】,Mặt nạ cơ bóng đèn fullerene [5 miếng/hộp],SAI,Quy cách sản phẩm,产品规格: 富勒烯蛋白灯泡肌面膜【5片/盒】,Quy cách sản phẩm: Mặt nạ cơ bóng đèn fullerene [5 miếng/hộp],0.6785787343978882,0.690375030040741,0.5599555373191833
tang1,货号,富勒烯冰膜单片,Màng băng fullerene nguyên khối,SAI,Mã sản phẩm,货号: 富勒烯冰膜单片,Mã sản phẩm: Màng băng fullerene nguyên khối,0.5568923950195312,0.6047453880310059,0.3482968807220459
tang1,适用型号,苹果13Pro,Apple 13Pro,SAI,Dòng máy tương thích,适用型号: 苹果13Pro,Dòng máy tương thích: Apple 13Pro,0.9449867606163025,0.8715617656707764,0.7126109600067139
tang1,颜色,子夜蓝,màu xanh nửa đêm,DUNG,Màu sắc,颜色: 子夜蓝,Màu sắc: màu xanh nửa đêm,0.49759232997894287,0.697985827922821,0.3029886782169342
tang1,适用型号,苹果13/14,Táo 13/14,SAI,Dòng máy tương thích,适用型号: 苹果13/14,Dòng máy tương thích: Táo 13/14,0.6695964932441711,0.7313480973243713,0.5838611125946045
tang1,原料与配料,人参,Nhân sâm,DUNG,Nguyên liệu và thành phần,原料与配料: 人参,Nguyên liệu và thành phần: Nhân sâm,0.6482515931129456,0.7747811079025269,0.38780856132507324
tang1,适用型号,苹果 XS,Apple XS,SAI,Dòng máy tương thích,适用型号: 苹果 XS,Dòng máy tương thích: Apple XS,0.9640799760818481,0.8761407732963562,0.4716694951057434
tang1,适用型号,苹果 XR,Apple XR,SAI,Dòng máy tương thích,适用型号: 苹果 XR,Dòng máy tương thích: Apple XR,0.97303307056427,0.8720847368240356,0.97303307056427
tang1,适用型号,苹果 17AIR,Apple 17AIR,SAI,Dòng máy tương thích,适用型号: 苹果 17AIR,Dòng máy tương thích: Apple 17AIR,0.9701917171478271,0.908937931060791,0.2997128963470459
tang1,专利类型,品牌专利,Bằng sáng chế thương hiệu,DUNG,Loại bằng sáng chế,专利类型: 品牌专利,Loại bằng sáng chế: Bằng sáng chế thương hiệu,0.7702798843383789,0.7855302691459656,0.682060718536377
tang1,尺寸规格,2.0m床【床单款四件套】-适合200x230cm被芯,Giường 2.0m [bộ bốn mảnh mẫu ga trải giường]-phù hợp với lõi chăn 200x230cm,DUNG,Kích thước,尺寸规格: 2.0m床【床单款四件套】-适合200x230cm被芯,Kích thước: Giường 2.0m [bộ bốn mảnh mẫu ga trải giường]-phù hợp với lõi chăn 200x230cm,0.7822623252868652,0.7908337712287903,0.73149573802948
tang1,适用型号,苹果 16 Pro Max,Apple 16 Pro Max,SAI,Dòng máy tương thích,适用型号: 苹果 16 Pro Max,Dòng máy tương thích: Apple 16 Pro Max,0.9647393822669983,0.8841174840927124,0.5420701503753662
tang1,弹性,微弹,Hơi co giãn,DUNG,Độ đàn hồi,弹性: 微弹,Độ đàn hồi: Hơi co giãn,0.4844944477081299,0.7326658964157104,0.4844944477081299
tang1,热卖月份,十二月,tháng mười hai,DUNG,Tháng bán chạy,热卖月份: 十二月,Tháng bán chạy: tháng mười hai,0.7135785818099976,0.7744791507720947,0.5682098865509033
tang1,适合场地,天然草地,Đồng cỏ tự nhiên,DUNG,Phù hợp với địa điểm,适合场地: 天然草地,Phù hợp với địa điểm: Đồng cỏ tự nhiên,0.7815972566604614,0.8453260660171509,0.5082635879516602
tang1,尺寸大小,M号（3个月以上）,Cỡ M (dành cho bé trên 3 tháng tuổi),DUNG,Kích thước,尺寸大小: M号（3个月以上）,Kích thước: Cỡ M (dành cho bé trên 3 tháng tuổi),0.8349461555480957,0.9121781587600708,0.610496461391449
tang1,裙型,包臀裙,váy hông,SAI,Kiểu váy,裙型: 包臀裙,Kiểu váy: váy hông,0.5534789562225342,0.6581032276153564,0.5458983778953552
tang1,尺寸规格,1.8m床单款四件套【被套200*230cm】,Bộ bốn mảnh ga trải giường 1.8 m [vỏ chăn 200*230cm],DUNG,Kích thước,尺寸规格: 1.8m床单款四件套【被套200*230cm】,Kích thước: Bộ bốn mảnh ga trải giường 1.8 m [vỏ chăn 200*230cm],0.8188644051551819,0.8045594692230225,0.6571571826934814
tang1,适用型号,苹果 14 Plus,Apple 14 Plus,SAI,Dòng máy tương thích,适用型号: 苹果 14 Plus,Dòng máy tương thích: Apple 14 Plus,0.9417992830276489,0.8776842355728149,0.4329630732536316
tang1,适用型号,苹果 13,táo 13,SAI,Dòng máy tương thích,适用型号: 苹果 13,Dòng máy tương thích: táo 13,0.663314163684845,0.7558622360229492,0.5639780163764954
tang1,适用型号,苹果 13,Táo 13,SAI,Dòng máy tương thích,适用型号: 苹果 13,Dòng máy tương thích: Táo 13,0.6176031827926636,0.7321634292602539,0.7710901498794556
tang1,标准类型,日标,tiêu chuẩn Nhật Bản,DUNG,Loại tiêu chuẩn,标准类型: 日标,Loại tiêu chuẩn: tiêu chuẩn Nhật Bản,0.5223726034164429,0.7561513781547546,0.4246978759765625
tang1,颜色,图片色,Màu sắc hình ảnh,SAI,Màu sắc,颜色: 图片色,Màu sắc: Màu sắc hình ảnh,0.8173924684524536,0.7664735913276672,0.4030372202396393
tang1,颜色,地球棕,Nâu trái đất,DUNG,Màu sắc,颜色: 地球棕,Màu sắc: Nâu trái đất,0.5940248966217041,0.7201684713363647,0.49381089210510254
tang1,风格,英伦风,phong cách anh,SAI,Phong cách,风格: 英伦风,Phong cách: phong cách anh,0.6303026676177979,0.7497135400772095,0.49730604887008667
tang1,风格,英伦风,phong cách Anh,DUNG,Phong cách,风格: 英伦风,Phong cách: phong cách Anh,0.7621123790740967,0.8261929750442505,0.6163196563720703
tang1,茶种类,苦荞茶,Trà kiều mạch đắng,DUNG,Loại trà,茶种类: 苦荞茶,Loại trà: Trà kiều mạch đắng,0.5377076268196106,0.6135809421539307,0.5083562135696411
tang1,功能,芳香,mùi thơm,DUNG,Chức năng,功能: 芳香,Chức năng: mùi thơm,0.7032157182693481,0.8437225818634033,0.4018334448337555
tang1,风格,几何,hình học,DUNG,Phong cách,风格: 几何,Phong cách: hình học,0.6812074184417725,0.8075416088104248,0.37695759534835815
tang1,图案,花卉,hoa,DUNG,Hoa văn,图案: 花卉,Hoa văn: hoa,0.5509411096572876,0.7023577690124512,0.4901343882083893
tang1,送礼用途,节庆礼品,Quà tặng lễ hội,DUNG,Công dụng tặng quà,送礼用途: 节庆礼品,Công dụng tặng quà: Quà tặng lễ hội,0.820660412311554,0.7994742393493652,0.820660412311554
tang1,尺寸规格,2.0m床单款四件套,Bộ bốn chiếc ga trải giường 2.0m,DUNG,Kích thước,尺寸规格: 2.0m床单款四件套,Kích thước: Bộ bốn chiếc ga trải giường 2.0m,0.8086475133895874,0.7764779329299927,0.5541559457778931
tang1,安装位置,后视镜位置,Vị trí gương chiếu hậu,DUNG,Vị trí lắp đặt,安装位置: 后视镜位置,Vị trí lắp đặt: Vị trí gương chiếu hậu,0.8049694299697876,0.8193972706794739,0.6140017509460449
tang1,工艺,彩绘,Tranh vẽ,SAI,Công nghệ,工艺: 彩绘,Công nghệ: Tranh vẽ,0.6518883109092712,0.7456173896789551,0.4111892580986023
tang1,尺寸,五件套,Bộ 5 chiếc,DUNG,Kích thước,尺寸: 五件套,Kích thước: Bộ 5 chiếc,0.7756636738777161,0.8389262557029724,0.39634597301483154
tang1,颜色,大号黑色,Cỡ lớn màu đen,DUNG,Màu sắc,颜色: 大号黑色,Màu sắc: Cỡ lớn màu đen,0.7650587558746338,0.8264212012290955,0.4253154993057251
tang1,产区,台湾乌龙,Ô long Đài Loan,DUNG,Khu vực sản xuất,产区: 台湾乌龙,Khu vực sản xuất: Ô long Đài Loan,0.44287312030792236,0.6272474527359009,0.3513047695159912
tang1,质量与做工,良好,tốt,DUNG,Chất lượng và tay nghề,质量与做工: 良好,Chất lượng và tay nghề: tốt,0.8436800241470337,0.8776530027389526,0.8436800241470337
tang1,主要销售地区,国内电商,thương mại điện tử trong nước,DUNG,Khu vực bán hàng chính,主要销售地区: 国内电商,Khu vực bán hàng chính: thương mại điện tử trong nước,0.7122108936309814,0.8072323203086853,0.6711698770523071
tang1,功能,反光夜视,Tầm nhìn ban đêm phản quang,DUNG,Chức năng,功能: 反光夜视,Chức năng: Tầm nhìn ban đêm phản quang,0.8146622180938721,0.8384591341018677,0.4469544291496277
tang1,颜色,复古铝框款【墨绿色】,Khung nhôm retro [màu xanh lá cây đậm],DUNG,Màu sắc,颜色: 复古铝框款【墨绿色】,Màu sắc: Khung nhôm retro [màu xanh lá cây đậm],0.6667665243148804,0.7203182578086853,0.4183672070503235
tang1,风格,佛系,phật giáo,SAI,Phong cách,风格: 佛系,Phong cách: phật giáo,0.5610697865486145,0.7719744443893433,0.5391754508018494
tang1,尺寸,20寸【送箱套送贴纸】,20inch [Miễn phí bìa hộp và nhãn dán miễn phí],SAI,Kích thước,尺寸: 20寸【送箱套送贴纸】,Kích thước: 20inch [Miễn phí bìa hộp và nhãn dán miễn phí],0.8091947436332703,0.8273686170578003,0.49213552474975586
tang1,材质,太空沙,cát không gian,SAI,Chất liệu,材质: 太空沙,Chất liệu: cát không gian,0.5768213272094727,0.7535203099250793,0.36044710874557495
tang1,颜色,至尊抗压十大包围护角-酒红色,Top 10 tấm bảo vệ góc xung quanh chống căng thẳng tối cao-Burgundy,SAI,Màu sắc,颜色: 至尊抗压十大包围护角-酒红色,Màu sắc: Top 10 tấm bảo vệ góc xung quanh chống căng thẳng tối cao-Burgundy,0.6348981857299805,0.6644865870475769,0.31833943724632263
tang1,颜色,至尊抗压十大包围护角-白色,Top 10 tấm bảo vệ góc xung quanh chống căng thẳng tối cao-Màu trắng,SAI,Màu sắc,颜色: 至尊抗压十大包围护角-白色,Màu sắc: Top 10 tấm bảo vệ góc xung quanh chống căng thẳng tối cao-Màu trắng,0.7271919250488281,0.7421700954437256,0.4156811833381653
tang1,流行元素,图腾,vật tổ,SAI,Yếu tố thịnh hành,流行元素: 图腾,Yếu tố thịnh hành: vật tổ,0.5534753799438477,0.6284303665161133,0.44450289011001587
tang1,颜色,至尊抗压十大包围护角-深灰色,Top Ten Bảo vệ góc xung quanh chống căng thẳng tối cao-Màu xám đậm,SAI,Màu sắc,颜色: 至尊抗压十大包围护角-深灰色,Màu sắc: Top Ten Bảo vệ góc xung quanh chống căng thẳng tối cao-Màu xám đậm,0.7123789191246033,0.7372849583625793,0.3788607120513916
tang1,颜色,至尊抗压十大包围护角-尊贵黑,Top 10 tấm bảo vệ góc xung quanh chống căng thẳng tối cao - Màu đen quý phái,SAI,Màu sắc,颜色: 至尊抗压十大包围护角-尊贵黑,Màu sắc: Top 10 tấm bảo vệ góc xung quanh chống căng thẳng tối cao - Màu đen quý phái,0.7507416605949402,0.7655655741691589,0.34205517172813416
tang1,材质,彩泥,Đất sét màu,DUNG,Chất liệu,材质: 彩泥,Chất liệu: Đất sét màu,0.5517290234565735,0.704753041267395,0.41408857703208923
tang1,颜色,至尊抗压十大包围护角-宝石蓝,Top 10 tấm bảo vệ góc xung quanh chống căng thẳng tối cao-Màu xanh sapphire,SAI,Màu sắc,颜色: 至尊抗压十大包围护角-宝石蓝,Màu sắc: Top 10 tấm bảo vệ góc xung quanh chống căng thẳng tối cao-Màu xanh sapphire,0.6661035418510437,0.6903095841407776,0.38247576355934143
tang1,原料与配料,凤凰单枞,Phượng Hoàng Đơn Tùng,DUNG,Nguyên liệu và thành phần,原料与配料: 凤凰单枞,Nguyên liệu và thành phần: Phượng Hoàng Đơn Tùng,0.3966025710105896,0.642620325088501,0.3404020667076111
tang1,颜色,至尊抗压十大包围护角-奢华银,Top Ten Bảo vệ góc xung quanh chống căng thẳng tối cao-Bạc sang trọng,SAI,Màu sắc,颜色: 至尊抗压十大包围护角-奢华银,Màu sắc: Top Ten Bảo vệ góc xung quanh chống căng thẳng tối cao-Bạc sang trọng,0.7270152568817139,0.7717247605323792,0.3178870975971222
tang1,颜色,至尊抗压十大包围护角-墨绿色,Top mười tấm bảo vệ góc xung quanh chống căng thẳng tối cao-Màu xanh đậm,SAI,Màu sắc,颜色: 至尊抗压十大包围护角-墨绿色,Màu sắc: Top mười tấm bảo vệ góc xung quanh chống căng thẳng tối cao-Màu xanh đậm,0.7113750576972961,0.7161871194839478,0.4553000330924988
tang1,尺寸规格,2.0m床单款四件套【被套220*240cm】,Bộ bốn mảnh ga trải giường 2.0m [vỏ chăn 220*240cm],DUNG,Kích thước,尺寸规格: 2.0m床单款四件套【被套220*240cm】,Kích thước: Bộ bốn mảnh ga trải giường 2.0m [vỏ chăn 220*240cm],0.8121242523193359,0.7883185148239136,0.6499756574630737
tang1,产品类型,前后双录行车记录仪,Camera hành trình kép phía trước và phía sau,DUNG,Loại sản phẩm,产品类型: 前后双录行车记录仪,Loại sản phẩm: Camera hành trình kép phía trước và phía sau,0.6602822542190552,0.7018922567367554,0.6845070123672485
tang1,功能,自带数据线,Đi kèm với cáp dữ liệu,DUNG,Chức năng,功能: 自带数据线,Chức năng: Đi kèm với cáp dữ liệu,0.7210054993629456,0.7804355621337891,0.41660547256469727
tang1,数据存储时间,自动循环录像,Tự động quay vòng,DUNG,Thời gian lưu trữ dữ liệu,数据存储时间: 自动循环录像,Thời gian lưu trữ dữ liệu: Tự động quay vòng,0.7095392942428589,0.8232231140136719,0.7193226218223572
tang1,尺码,4XL推荐（180-200斤）,4XL khuyến nghị (180-200 kg),SAI,Kích cỡ,尺码: 4XL推荐（180-200斤）,Kích cỡ: 4XL khuyến nghị (180-200 kg),0.9624602794647217,0.9401009678840637,0.35695114731788635
tang1,功能,强磁吸附,Hấp phụ từ tính mạnh,SAI,Chức năng,功能: 强磁吸附,Chức năng: Hấp phụ từ tính mạnh,0.6197065711021423,0.7519710063934326,0.37729859352111816
tang1,适用型号,华为 Mate 50,Huawei Mate50,DUNG,Dòng máy tương thích,适用型号: 华为 Mate 50,Dòng máy tương thích: Huawei Mate50,0.8995983004570007,0.8371400833129883,0.4480108618736267
tang1,型号,塑料盒,Hộp nhựa,DUNG,Model,型号: 塑料盒,Model: Hộp nhựa,0.7108690738677979,0.7328715324401855,0.491123229265213
tang1,型号,塑料盒,hộp nhựa,DUNG,Model,型号: 塑料盒,Model: hộp nhựa,0.7591608166694641,0.7521874904632568,0.6014187932014465
tang1,尺寸,无规格,Không có quy cách,DUNG,Kích thước,尺寸: 无规格,Kích thước: Không có quy cách,0.6841264963150024,0.847257673740387,0.5097768306732178
tang1,颜色,子母箱【白+黑】简易内置,Hộp mẹ và con [trắng + đen] tích hợp đơn giản,SAI,Màu sắc,颜色: 子母箱【白+黑】简易内置,Màu sắc: Hộp mẹ và con [trắng + đen] tích hợp đơn giản,0.7510579824447632,0.750213086605072,0.4250694215297699
tang1,颜色,脏脏粉,Bột bẩn,SAI,Màu sắc,颜色: 脏脏粉,Màu sắc: Bột bẩn,0.587209939956665,0.7592835426330566,0.3554425537586212
tang1,适用节日,国庆节,Ngày Quốc Khánh,DUNG,Lễ hội áp dụng,适用节日: 国庆节,Lễ hội áp dụng: Ngày Quốc Khánh,0.6525417566299438,0.6633840799331665,0.5342875719070435
tang1,适用型号,华为 Mate 60,Huawei Mate 60,DUNG,Dòng máy tương thích,适用型号: 华为 Mate 60,Dòng máy tương thích: Huawei Mate 60,0.9380484819412231,0.8600186109542847,0.4380090534687042
tang1,材质工艺,胶粘鞋,Giày dính,SAI,Chất liệu và công nghệ chế tác,材质工艺: 胶粘鞋,Chất liệu và công nghệ chế tác: Giày dính,0.713238000869751,0.7567808032035828,0.4139982759952545
tang1,工艺,压印,dấu ấn,SAI,Công nghệ,工艺: 压印,Công nghệ: dấu ấn,0.5085106492042542,0.6298292875289917,0.4456197917461395
tang1,工艺,胶粘,Keo dán,SAI,Công nghệ,工艺: 胶粘,Công nghệ: Keo dán,0.4203813970088959,0.6924868822097778,0.4913215637207031
tang1,尺寸大小,SS号（0个月以上）,Size SS (dành cho bé từ 0 tháng tuổi trở lên),DUNG,Kích thước,尺寸大小: SS号（0个月以上）,Kích thước: Size SS (dành cho bé từ 0 tháng tuổi trở lên),0.8508034348487854,0.9274253845214844,0.35241013765335083
tang1,材质,聚苯乙烯（PS）,Polystyrene (PS),DUNG,Chất liệu,材质: 聚苯乙烯（PS）,Chất liệu: Polystyrene (PS),0.8444073796272278,0.877487301826477,0.396487295627594
tang1,适用范围,耳机线,Cáp tai nghe,DUNG,Phạm vi áp dụng,适用范围: 耳机线,Phạm vi áp dụng: Cáp tai nghe,0.7378153800964355,0.7783637642860413,0.3944350481033325
tang1,包装清单,耳机,tai nghe,DUNG,Danh sách bao bì,包装清单: 耳机,Danh sách bao bì: tai nghe,0.749834418296814,0.7349001169204712,0.749834418296814
tang1,适用空间,宿舍,Ký túc xá,DUNG,Không gian sử dụng,适用空间: 宿舍,Không gian sử dụng: Ký túc xá,0.6969002485275269,0.7933554649353027,0.6969002485275269
tang1,颜色,11.5长方盒11.5*8.5*2.8CM,11.5 hộp hình chữ ngày 11.5*8.5*2.8cm,SAI,Màu sắc,颜色: 11.5长方盒11.5*8.5*2.8CM,Màu sắc: 11.5 hộp hình chữ ngày 11.5*8.5*2.8cm,0.7963415384292603,0.8123539686203003,0.35693392157554626
tang1,安全等级,无毒无害,"Không độc hại, không gây hại",DUNG,Cấp độ an toàn,安全等级: 无毒无害,"Cấp độ an toàn: Không độc hại, không gây hại",0.8361002206802368,0.8712035417556763,0.8361002206802368
tang1,尺寸,无挂件,Không có đồ treo,DUNG,Kích thước,尺寸: 无挂件,Kích thước: Không có đồ treo,0.7240800857543945,0.823265016078949,0.4308638572692871
tang1,颜色,老花,lão thị,SAI,Màu sắc,颜色: 老花,Màu sắc: lão thị,0.5773401856422424,0.7621981501579285,0.35235166549682617
tang1,风格,美拉德风,phong cách Maillard,DUNG,Phong cách,风格: 美拉德风,Phong cách: phong cách Maillard,0.6048427820205688,0.7762457132339478,0.31394100189208984
tang1,风格,美式,Kiểu Mỹ,DUNG,Phong cách,风格: 美式,Phong cách: Kiểu Mỹ,0.7727453112602234,0.8666656017303467,0.5197089314460754
tang1,颜色,全黑,Đen toàn bộ,DUNG,Màu sắc,颜色: 全黑,Màu sắc: Đen toàn bộ,0.7660712003707886,0.8546298742294312,0.39654624462127686
tang1,颜色,元祖灰,Màu xám nguyên bản,DUNG,Màu sắc,颜色: 元祖灰,Màu sắc: Màu xám nguyên bản,0.41937264800071716,0.6339263916015625,0.40357428789138794
tang1,功能,厨房清洁,Vệ sinh nhà bếp,DUNG,Chức năng,功能: 厨房清洁,Chức năng: Vệ sinh nhà bếp,0.8408222198486328,0.8672316074371338,0.4929121136665344
tang1,包装,开窗彩盒,Hộp màu mở cửa sổ,SAI,Đóng gói,包装: 开窗彩盒,Đóng gói: Hộp màu mở cửa sổ,0.7188335061073303,0.7649796009063721,0.5284651517868042
tang1,功能,开灯提醒,Bật đèn nhắc nhở,SAI,Chức năng,功能: 开灯提醒,Chức năng: Bật đèn nhắc nhở,0.8749054074287415,0.8666953444480896,0.457376092672348
tang1,鞋面材质,人造毛绒,Lông nhân tạo,DUNG,Chất liệu mặt giày,鞋面材质: 人造毛绒,Chất liệu mặt giày: Lông nhân tạo,0.6837286949157715,0.8233144879341125,0.6837286949157715
tang1,结构类型,开口式,Kiểu hở,DUNG,Loại cấu trúc,结构类型: 开口式,Loại cấu trúc: Kiểu hở,0.6253811120986938,0.7536957263946533,0.5645211338996887
tang1,鞋面材质,网布面,Mặt vải lưới,DUNG,Chất liệu mặt giày,鞋面材质: 网布面,Chất liệu mặt giày: Mặt vải lưới,0.6676658987998962,0.7989145517349243,0.5416993498802185
tang1,颜色,复古铝框款【星河银】,Khung nhôm cổ điển [Galaxy Silver],SAI,Màu sắc,颜色: 复古铝框款【星河银】,Màu sắc: Khung nhôm cổ điển [Galaxy Silver],0.581972062587738,0.6390765905380249,0.3798149526119232
tang1,是否可充电,不可充电,Không thể sạc lại,DUNG,Có sạc được không,是否可充电: 不可充电,Có sạc được không: Không thể sạc lại,0.8644413948059082,0.797139048576355,0.7195603847503662
tang1,箱包潮流款式,双肩包,Ba lô,DUNG,Kiểu túi thời trang,箱包潮流款式: 双肩包,Kiểu túi thời trang: Ba lô,0.5723575949668884,0.7011724710464478,0.3744066655635834
tang1,有无内胆,无内胆,Không có lớp lót,DUNG,Có hoặc không có lớp lót,有无内胆: 无内胆,Có hoặc không có lớp lót: Không có lớp lót,0.593645453453064,0.6508731842041016,0.593645453453064
tang1,原料与配料,乌龙茶,Trà Ô Long,DUNG,Nguyên liệu và thành phần,原料与配料: 乌龙茶,Nguyên liệu và thành phần: Trà Ô Long,0.482377290725708,0.7054241895675659,0.4969261586666107
tang1,鞋垫材质,人造皮革,da nhân tạo,DUNG,Chất liệu lót giày,鞋垫材质: 人造皮革,Chất liệu lót giày: da nhân tạo,0.7328839302062988,0.8288214802742004,0.6179486513137817
tang1,鞋底工艺,缝制鞋,Giày may,DUNG,Công nghệ đế giày,鞋底工艺: 缝制鞋,Công nghệ đế giày: Giày may,0.5617552399635315,0.7125526070594788,0.5973683595657349
tang1,形象,绿巨人,Hùng nhân xanh,SAI,Hình tượng,形象: 绿巨人,Hình tượng: Hùng nhân xanh,0.47206589579582214,0.6807519197463989,0.34520065784454346
tang1,花型,绿小格,Caro nhỏ xanh lục,DUNG,Hoa văn,花型: 绿小格,Hoa văn: Caro nhỏ xanh lục,0.5231033563613892,0.630082368850708,0.3908095955848694
tang1,核心成分,维生素C,Vitamin C,DUNG,Thành phần cốt lõi,核心成分: 维生素C,Thành phần cốt lõi: Vitamin C,0.8467294573783875,0.8746452331542969,0.8467294573783875
tang1,适合场地,人造草地,Cỏ nhân tạo,DUNG,Phù hợp với địa điểm,适合场地: 人造草地,Phù hợp với địa điểm: Cỏ nhân tạo,0.6410797834396362,0.7926065921783447,0.41655203700065613
tang1,功能,夜间安全反光,Phản quang cho an toàn ban đêm,DUNG,Chức năng,功能: 夜间安全反光,Chức năng: Phản quang cho an toàn ban đêm,0.8430949449539185,0.8577420711517334,0.5416474342346191
tang1,货源类型,织里市场,Chợ Zili,SAI,Loại nguồn hàng,货源类型: 织里市场,Loại nguồn hàng: Chợ Zili,0.4727209508419037,0.729856014251709,0.4727209508419037
tang1,价格段,1-59元,1-59 nhân dân tệ,DUNG,Phân khúc giá,价格段: 1-59元,Phân khúc giá: 1-59 nhân dân tệ,0.8685328960418701,0.8871142864227295,0.6825907826423645
tang1,外包装,纸箱,纸箱,SAI,Bao bì bên ngoài,外包装: 纸箱,Bao bì bên ngoài: 纸箱,1.000000238418579,0.932123064994812,1.000000238418579
tang1,香水座材质,纸,giấy,DUNG,Chất liệu đế nước hoa,香水座材质: 纸,Chất liệu đế nước hoa: giấy,0.8362497687339783,0.7597141265869141,0.41187581419944763
tang1,材质,纸,Giấy,DUNG,Chất liệu,材质: 纸,Chất liệu: Giấy,0.7725458741188049,0.8847709894180298,0.42996734380722046
tang1,工艺,压皱,Nhăn,SAI,Công nghệ,工艺: 压皱,Công nghệ: Nhăn,0.39227569103240967,0.647555947303772,0.46089649200439453
tang1,产品类别,旅游鞋,Giày du lịch,DUNG,Danh mục sản phẩm,产品类别: 旅游鞋,Danh mục sản phẩm: Giày du lịch,0.8305942416191101,0.7664059400558472,0.640328586101532
tang1,膜布特性,光滑,mượt mà,DUNG,Đặc tính vải màng,膜布特性: 光滑,Đặc tính vải màng: mượt mà,0.6700931787490845,0.6774601936340332,0.6700931787490845
tang1,类别,纯色T恤,Áo thun trơn màu,DUNG,Danh mục,类别: 纯色T恤,Danh mục: Áo thun trơn màu,0.6522828936576843,0.5891983509063721,0.6522828936576843
tang1,装箱数量,不定,Bất định,SAI,Số lượng mỗi thùng,装箱数量: 不定,Số lượng mỗi thùng: Bất định,0.7740010619163513,0.8177545070648193,0.7740010619163513
tang1,使用位置,座椅中间,giữa chỗ ngồi,DUNG,Sử dụng vị trí,使用位置: 座椅中间,Sử dụng vị trí: giữa chỗ ngồi,0.8655683994293213,0.8899402022361755,0.5818624496459961
tang1,领型,方领,cổ áo vuông,DUNG,Kiểu cổ áo,领型: 方领,Kiểu cổ áo: cổ áo vuông,0.3405231237411499,0.6651077270507812,0.2922716438770294
tang1,适合身高,66cm 【3-6个月，建议体重6.8-8.9kg】,"66cm [3-6 tháng, cân nặng khuyến nghị 6.8-8.9kg]",DUNG,Phù hợp với chiều cao,适合身高: 66cm 【3-6个月，建议体重6.8-8.9kg】,"Phù hợp với chiều cao: 66cm [3-6 tháng, cân nặng khuyến nghị 6.8-8.9kg]",0.9331599473953247,0.9486003518104553,0.3748529851436615
tang1,领型,方领,Cổ Vuông,DUNG,Kiểu cổ áo,领型: 方领,Kiểu cổ áo: Cổ Vuông,0.28266066312789917,0.649666428565979,0.3380599021911621
tang1,使用位置,座椅中间,Giữa ghế,DUNG,Sử dụng vị trí,使用位置: 座椅中间,Sử dụng vị trí: Giữa ghế,0.8219411373138428,0.8596185445785522,0.8219411373138428
tang1,面料,纯棉(含量100%),100% cotton (nội dung 100%),SAI,Vải,面料: 纯棉(含量100%),Vải: 100% cotton (nội dung 100%),0.8295630216598511,0.869003415107727,0.5160818099975586
tang1,颜色,红色小号,Màu đỏ cỡ nhỏ,DUNG,Màu sắc,颜色: 红色小号,Màu sắc: Màu đỏ cỡ nhỏ,0.6955803632736206,0.8044974207878113,0.3972928822040558
tang1,适用型号,红米 K80 Pro,Redmi K80 Pro,DUNG,Dòng máy tương thích,适用型号: 红米 K80 Pro,Dòng máy tương thích: Redmi K80 Pro,0.913216233253479,0.8607780933380127,0.34586086869239807
tang1,核心成分,红没药醇,Bisabolol,DUNG,Thành phần cốt lõi,核心成分: 红没药醇,Thành phần cốt lõi: Bisabolol,0.3791987895965576,0.6309760808944702,0.27546119689941406
tang1,主面料成分的含量,87.8%棉12.2%氨纶,87.8% bông 12.2% vải thun,SAI,Tỉ lệ thành phần vải chính,主面料成分的含量: 87.8%棉12.2%氨纶,Tỉ lệ thành phần vải chính: 87.8% bông 12.2% vải thun,0.8416837453842163,0.8404364585876465,0.5117387771606445
tang1,颜色,紫雾桃桃,Đào sương tím,DUNG,Màu sắc,颜色: 紫雾桃桃,Màu sắc: Đào sương tím,0.47902923822402954,0.6719465255737305,0.2566737234592438
tang1,产品类别,家居收纳箱,Hộp đựng đồ gia đình,DUNG,Danh mục sản phẩm,产品类别: 家居收纳箱,Danh mục sản phẩm: Hộp đựng đồ gia đình,0.778185248374939,0.7177079916000366,0.367907851934433
tang1,产品类别,宴会鞋,giày dự tiệc,DUNG,Danh mục sản phẩm,产品类别: 宴会鞋,Danh mục sản phẩm: giày dự tiệc,0.8395988941192627,0.7716724276542664,0.31344693899154663
tang1,花型,紫色蝴蝶结,Nơ bướm màu tím,DUNG,Hoa văn,花型: 紫色蝴蝶结,Hoa văn: Nơ bướm màu tím,0.4466378092765808,0.5540666580200195,0.5176026225090027
tang1,颜色,紫兰粉,Hồng tím lan,DUNG,Màu sắc,颜色: 紫兰粉,Màu sắc: Hồng tím lan,0.5162630081176758,0.7004585266113281,0.3157178461551666
tang1,主面料成分,粘纤,Vải sợi nhân tạo,SAI,Thành phần vải chính,主面料成分: 粘纤,Thành phần vải chính: Vải sợi nhân tạo,0.5205477476119995,0.7114684581756592,0.38329339027404785
tang1,袖长,五分袖/中袖,Tay áo một phần tư/tay áo vừa,SAI,Chiều dài tay áo,袖长: 五分袖/中袖,Chiều dài tay áo: Tay áo một phần tư/tay áo vừa,0.6705812215805054,0.7401620149612427,0.6932751536369324
tang1,功能,兼容,Tương thích,DUNG,Chức năng,功能: 兼容,Chức năng: Tương thích,0.670684814453125,0.7693051695823669,0.5592970252037048
tang1,尺寸,24寸【送箱套送贴纸】,24inch [Miễn phí bìa hộp và nhãn dán miễn phí],SAI,Kích thước,尺寸: 24寸【送箱套送贴纸】,Kích thước: 24inch [Miễn phí bìa hộp và nhãn dán miễn phí],0.8017818927764893,0.8311706781387329,0.4082190990447998
tang1,主面料成分,粘纤,Sợi dính,SAI,Thành phần vải chính,主面料成分: 粘纤,Thành phần vải chính: Sợi dính,0.5924739837646484,0.7835110425949097,0.29968753457069397
tang1,屏幕尺寸,4.5英寸,4.5inch,DUNG,Kích thước màn hình,屏幕尺寸: 4.5英寸,Kích thước màn hình: 4.5inch,0.9525553584098816,0.9419372081756592,0.6638665199279785
tang1,尺寸规格,1.2m床【床单款三件套】-适合150x200cm被芯,Bộ ga giường 1.2m [bộ ga giường 3 món] - phù hợp với ruột chăn kích thước 150x200cm,DUNG,Kích thước,尺寸规格: 1.2m床【床单款三件套】-适合150x200cm被芯,Kích thước: Bộ ga giường 1.2m [bộ ga giường 3 món] - phù hợp với ruột chăn kích thước 150x200cm,0.7625528573989868,0.7671962976455688,0.6239339709281921
tang1,适用型号,华为 P50 Pro,Huawei P50 Pro,DUNG,Dòng máy tương thích,适用型号: 华为 P50 Pro,Dòng máy tương thích: Huawei P50 Pro,0.9568387866020203,0.8761073350906372,0.5565973520278931
tang1,生产日期,新茶,trà mới,DUNG,Ngày sản xuất,生产日期: 新茶,Ngày sản xuất: trà mới,0.8030838966369629,0.8689446449279785,0.3903454542160034
tang1,售后服务,店铺三包,Cửa hàng ba đảm bảo,SAI,Dịch vụ sau bán hàng,售后服务: 店铺三包,Dịch vụ sau bán hàng: Cửa hàng ba đảm bảo,0.6980623006820679,0.8102989196777344,0.7222172021865845
tang1,生产日期,新日期,ngày mới,SAI,Ngày sản xuất,生产日期: 新日期,Ngày sản xuất: ngày mới,0.8023954629898071,0.8456220626831055,0.6164537668228149
tang1,生产日期,新日期,Ngày mới,SAI,Ngày sản xuất,生产日期: 新日期,Ngày sản xuất: Ngày mới,0.7493542432785034,0.8575881719589233,0.6712928414344788
tang1,颜色,米黄色,Màu be,DUNG,Màu sắc,颜色: 米黄色,Màu sắc: Màu be,0.4834045171737671,0.6834343671798706,0.4509560465812683
tang1,颜色,米红,Màu hồng gạo,DUNG,Màu sắc,颜色: 米红,Màu sắc: Màu hồng gạo,0.45088082551956177,0.6645288467407227,0.29517853260040283
tang1,颜色,米白色--挂钩+钢护角,Màu trắng nhạt - móc + bảo vệ góc bằng thép,DUNG,Màu sắc,颜色: 米白色--挂钩+钢护角,Màu sắc: Màu trắng nhạt - móc + bảo vệ góc bằng thép,0.6761344075202942,0.7000668048858643,0.49833643436431885
tang1,功效,不易脱色,Không dễ phai,DUNG,Hiệu quả,功效: 不易脱色,Hiệu quả: Không dễ phai,0.6620314121246338,0.7038056254386902,0.41093000769615173
tang1,尺码,S【建议90-115斤】,S [Khuyến nghị 90-115 kg],SAI,Kích cỡ,尺码: S【建议90-115斤】,Kích cỡ: S [Khuyến nghị 90-115 kg],0.8721096515655518,0.8798702955245972,0.7417727708816528
tang1,颜色,奢华银--挂钩+钢护角,Bạc sang trọng--móc + bảo vệ góc bằng thép,DUNG,Màu sắc,颜色: 奢华银--挂钩+钢护角,Màu sắc: Bạc sang trọng--móc + bảo vệ góc bằng thép,0.6817702054977417,0.72917640209198,0.3795522451400757
tang1,尺码,S【建议90斤以下】,S [Nên dưới 90 kg],SAI,Kích cỡ,尺码: S【建议90斤以下】,Kích cỡ: S [Nên dưới 90 kg],0.8062554597854614,0.8614696264266968,0.751932680606842
tang1,颜色,米棕,Vàng lúa,SAI,Màu sắc,颜色: 米棕,Màu sắc: Vàng lúa,0.36936384439468384,0.5778632760047913,0.32010212540626526
tang1,颜色,米卡,Mika,SAI,Màu sắc,颜色: 米卡,Màu sắc: Mika,0.6839364767074585,0.8361995220184326,0.17969352006912231
tang1,风格,简约现代,Đơn giản và hiện đại,DUNG,Phong cách,风格: 简约现代,Phong cách: Đơn giản và hiện đại,0.7394154667854309,0.8287155032157898,0.5095014572143555
tang1,花型,简约格调,Phong cách đơn giản,DUNG,Hoa văn,花型: 简约格调,Hoa văn: Phong cách đơn giản,0.7993241548538208,0.7862936854362488,0.3231953978538513
tang1,流行元素,克莱因蓝,Màu xanh Klein,DUNG,Yếu tố thịnh hành,流行元素: 克莱因蓝,Yếu tố thịnh hành: Màu xanh Klein,0.5607041120529175,0.6620821952819824,0.3710346221923828
tang1,包装规格,斤,Cân,SAI,Quy cách đóng gói,包装规格: 斤,Quy cách đóng gói: Cân,0.509392261505127,0.733584463596344,0.4759654104709625
tang1,箱包大小,XL/超大,XL/cực lớn,DUNG,Kích thước túi,箱包大小: XL/超大,Kích thước túi: XL/cực lớn,0.8806458115577698,0.9099560976028442,0.6096446514129639
tang1,产品类别,内增高鞋,Giày tăng chiều cao bên trong,DUNG,Danh mục sản phẩm,产品类别: 内增高鞋,Danh mục sản phẩm: Giày tăng chiều cao bên trong,0.872305691242218,0.8381915092468262,0.38080495595932007
tang1,裙型,仙女裙,Váy tiên nữ,DUNG,Kiểu váy,裙型: 仙女裙,Kiểu váy: Váy tiên nữ,0.5963412523269653,0.6845455765724182,0.3939517140388489
tang1,尺寸大小,S号（1个月以上）,Cỡ S (trên 1 tháng tuổi),DUNG,Kích thước,尺寸大小: S号（1个月以上）,Kích thước: Cỡ S (trên 1 tháng tuổi),0.7995508909225464,0.8937036991119385,0.3953365385532379
tang1,容量,160ML【恒压导气款】3+个月,160ML [Loại dẫn khí áp suất ổn định] 3+ tháng,DUNG,Dung tích,容量: 160ML【恒压导气款】3+个月,Dung tích: 160ML [Loại dẫn khí áp suất ổn định] 3+ tháng,0.8682749271392822,0.8652209043502808,0.5375314354896545
tang1,尺寸规格,1.2m床单款三件套,Bộ ba mảnh ga giường 1.2 m,DUNG,Kích thước,尺寸规格: 1.2m床单款三件套,Kích thước: Bộ ba mảnh ga giường 1.2 m,0.8158341646194458,0.7791334390640259,0.5586615204811096
tang1,风格,文艺,truyền thống văn học,SAI,Phong cách,风格: 文艺,Phong cách: truyền thống văn học,0.5042906403541565,0.677869439125061,0.29179346561431885
tang1,最快出货时间,24小时内,Trong vòng 24 giờ,DUNG,Thời gian giao hàng sớm nhất,最快出货时间: 24小时内,Thời gian giao hàng sớm nhất: Trong vòng 24 giờ,0.9621134996414185,0.8858089447021484,0.7555243968963623
tang1,颜色,复古铝框款【曜石黑】,Khung nhôm cổ điển [đen obsidian],DUNG,Màu sắc,颜色: 复古铝框款【曜石黑】,Màu sắc: Khung nhôm cổ điển [đen obsidian],0.5746282339096069,0.6486029624938965,0.5026314854621887
tang1,风格,文艺,Nghệ thuật,DUNG,Phong cách,风格: 文艺,Phong cách: Nghệ thuật,0.627231776714325,0.7416744828224182,0.34541964530944824
tang1,主面料成分含量,95%以上,Trên 95%,DUNG,Tỉ lệ thành phần vải chính,主面料成分含量: 95%以上,Tỉ lệ thành phần vải chính: Trên 95%,0.9589436650276184,0.8802183270454407,0.5702663660049438
tang1,图案,文字,văn bản,SAI,Hoa văn,图案: 文字,Hoa văn: văn bản,0.6890543103218079,0.7329233884811401,0.47828516364097595
tang1,尺寸规格,1.8m床笠款四件套,Bộ bốn tấm trải giường 1.8m,SAI,Kích thước,尺寸规格: 1.8m床笠款四件套,Kích thước: Bộ bốn tấm trải giường 1.8m,0.7696484327316284,0.7273299694061279,0.632975697517395
tang1,形状,立方体式,Kiểu khối lập phương,DUNG,Hình dạng,形状: 立方体式,Hình dạng: Kiểu khối lập phương,0.6644567847251892,0.8267363905906677,0.39821726083755493
tang1,工艺,立体浮雕,Phù điêu ba chiều,DUNG,Công nghệ,工艺: 立体浮雕,Công nghệ: Phù điêu ba chiều,0.5644844174385071,0.66318279504776,0.40908539295196533
tang1,产品类别,文具收纳盒,hộp đựng văn phòng phẩm,DUNG,Danh mục sản phẩm,产品类别: 文具收纳盒,Danh mục sản phẩm: hộp đựng văn phòng phẩm,0.7900106310844421,0.7297965288162231,0.6455411911010742
tang1,去污能力,去油渍,Loại bỏ vết dầu mỡ,DUNG,Khả năng khử nhiễm,去污能力: 去油渍,Khả năng khử nhiễm: Loại bỏ vết dầu mỡ,0.8099918365478516,0.7938358187675476,0.7384037971496582
tang1,功能,称重,Cân,DUNG,Chức năng,功能: 称重,Chức năng: Cân,0.42177852988243103,0.7547801733016968,0.4077964425086975
tang1,IP名称,禧之鸿,Hỷ Chi Hồng,DUNG,Tên IP,IP名称: 禧之鸿,Tên IP: Hỷ Chi Hồng,0.41922110319137573,0.7205826044082642,0.41922110319137573
tang1,特产品类,福建糕点,bánh ngọt Phúc Kiến,DUNG,Danh mục sản phẩm đặc biệt,特产品类: 福建糕点,Danh mục sản phẩm đặc biệt: bánh ngọt Phúc Kiến,0.5609979629516602,0.6424477100372314,0.5609979629516602
tang1,省份,福建省,福建省,SAI,Tỉnh,省份: 福建省,Tỉnh: 福建省,1.0,0.9040728807449341,1.0
tang1,克重,3500g（含）-4000g（不含）,3500g (đã bao gồm)-4000g (độc quyền),SAI,Trọng lượng,克重: 3500g（含）-4000g（不含）,Trọng lượng: 3500g (đã bao gồm)-4000g (độc quyền),0.8523980379104614,0.8422529101371765,0.9037692546844482
tang1,颜色,千鸟格,Ca rô houndstooth,DUNG,Màu sắc,颜色: 千鸟格,Màu sắc: Ca rô houndstooth,0.29414334893226624,0.593298077583313,0.2523704767227173
tang1,化妆品功效,祛痘,Mụn trứng cá,SAI,Công dụng mỹ phẩm,化妆品功效: 祛痘,Công dụng mỹ phẩm: Mụn trứng cá,0.48294326663017273,0.7169318795204163,0.6833928823471069
tang1,颜色,子母箱【谷物白】简易内置,Hộp mẹ và con [Trắng ngọc] Tích hợp đơn giản,SAI,Màu sắc,颜色: 子母箱【谷物白】简易内置,Màu sắc: Hộp mẹ và con [Trắng ngọc] Tích hợp đơn giản,0.581005334854126,0.6305333375930786,0.45117855072021484
tang1,尺码,XL【建议140-160斤】,XL [khuyến nghị 70-80kg],DUNG,Kích cỡ,尺码: XL【建议140-160斤】,Kích cỡ: XL [khuyến nghị 70-80kg],0.8564390540122986,0.8612576723098755,0.6122575998306274
tang1,尺码,XL【建议140-170斤】,XL [đề nghị 140-170 kg],SAI,Kích cỡ,尺码: XL【建议140-170斤】,Kích cỡ: XL [đề nghị 140-170 kg],0.8757926225662231,0.8616797924041748,0.810180127620697
tang1,款式,磁吸款,Phong cách từ tính,SAI,Kiểu dáng,款式: 磁吸款,Kiểu dáng: Phong cách từ tính,0.4508959650993347,0.633217453956604,0.3871324062347412
tang1,颜色,复古铝框款【玫瑰金】,Khung nhôm cổ điển [vàng hồng],DUNG,Màu sắc,颜色: 复古铝框款【玫瑰金】,Màu sắc: Khung nhôm cổ điển [vàng hồng],0.5712498426437378,0.6411087512969971,0.46950381994247437
tang1,款式,磁吸款,Mô hình hút từ tính,SAI,Kiểu dáng,款式: 磁吸款,Kiểu dáng: Mô hình hút từ tính,0.5078323483467102,0.6719597578048706,0.38732442259788513
tang1,货源类型,广州沙河,Quảng Châu Shahe,SAI,Loại nguồn hàng,货源类型: 广州沙河,Loại nguồn hàng: Quảng Châu Shahe,0.4203585982322693,0.6524838209152222,0.3140752911567688
tang1,型号,收纳筐,Giỏ đựng đồ,DUNG,Model,型号: 收纳筐,Model: Giỏ đựng đồ,0.7150148153305054,0.742245614528656,0.6010600328445435
tang1,颜色,5.0长方盒（2.2高）4.9*4*2.2cm,Hộp chữ nhật 5.0 (cao 2.2) 4.9*4*2.2cm,DUNG,Màu sắc,颜色: 5.0长方盒（2.2高）4.9*4*2.2cm,Màu sắc: Hộp chữ nhật 5.0 (cao 2.2) 4.9*4*2.2cm,0.8260679841041565,0.8269901275634766,0.4572770595550537
tang1,颜色,子母箱【墨竹绿】简易内置,Hộp mẹ và con [xanh tre đậm] tích hợp đơn giản,SAI,Màu sắc,颜色: 子母箱【墨竹绿】简易内置,Màu sắc: Hộp mẹ và con [xanh tre đậm] tích hợp đơn giản,0.6110139489173889,0.6442885994911194,0.4688897728919983
tang1,颜色,5.0长方盒（2.2高）4.9*4*2.3CM,Hộp chữ nhật 5.0 (cao 2.2) 4.9*4*2.3CM,DUNG,Màu sắc,颜色: 5.0长方盒（2.2高）4.9*4*2.3CM,Màu sắc: Hộp chữ nhật 5.0 (cao 2.2) 4.9*4*2.3CM,0.833448588848114,0.8361203670501709,0.5618359446525574
tang1,花型,碎花,Họa tiết hoa nhí,DUNG,Hoa văn,花型: 碎花,Hoa văn: Họa tiết hoa nhí,0.46920353174209595,0.5692460536956787,0.27734851837158203
tang1,主面料成分含量,95%棉 5%氨纶,95% cotton 5% spandex,DUNG,Tỉ lệ thành phần vải chính,主面料成分含量: 95%棉 5%氨纶,Tỉ lệ thành phần vải chính: 95% cotton 5% spandex,0.878406286239624,0.8537225723266602,0.5392758250236511
tang1,记录仪安装类型,支架式,Loại khung,SAI,Kiểu lắp camera hành trình,记录仪安装类型: 支架式,Kiểu lắp camera hành trình: Loại khung,0.5430117249488831,0.641007661819458,0.38257530331611633
tang1,记录仪安装类型,支架式,Kiểu khung,SAI,Kiểu lắp camera hành trình,记录仪安装类型: 支架式,Kiểu lắp camera hành trình: Kiểu khung,0.5695160627365112,0.6271265745162964,0.5430117249488831
tang1,2,硅胶奶瓶,硅胶奶瓶,SAI,2,2: 硅胶奶瓶,2: 硅胶奶瓶,1.0,1.0000001192092896,1.0
tang1,颜色,砖色,màu gạch,DUNG,Màu sắc,颜色: 砖色,Màu sắc: màu gạch,0.6943655610084534,0.7909521460533142,0.3602922558784485
tang1,功能,Ai语音助手,Trợ lý giọng nói AI,DUNG,Chức năng,功能: Ai语音助手,Chức năng: Trợ lý giọng nói AI,0.8966259360313416,0.8740944862365723,0.4409012198448181
tang1,适用手机机型,Apple/苹果,Apple/Apple,DUNG,Các kiểu điện thoại di động áp dụng,适用手机机型: Apple/苹果,Các kiểu điện thoại di động áp dụng: Apple/Apple,0.9791033267974854,0.7411702871322632,0.9791033267974854
tang1,拖鞋种类,套趾拖鞋,Dép xỏ ngón,DUNG,Các loại dép,拖鞋种类: 套趾拖鞋,Các loại dép: Dép xỏ ngón,0.5075421929359436,0.6668867468833923,0.5075421929359436
tang1,尺码,XL推荐（135-150斤）,XL khuyến nghị (135-150 kg),SAI,Kích cỡ,尺码: XL推荐（135-150斤）,Kích cỡ: XL khuyến nghị (135-150 kg),0.9394740462303162,0.9204888343811035,0.4990021586418152
tang1,款式,短爬,Bò ngắn,SAI,Kiểu dáng,款式: 短爬,Kiểu dáng: Bò ngắn,0.6221429109573364,0.6862555742263794,0.34067291021347046
tang1,风格,知性风,Phong cách trí tuệ,DUNG,Phong cách,风格: 知性风,Phong cách: Phong cách trí tuệ,0.528127908706665,0.7129116654396057,0.33430856466293335
tang1,闭合方式,套鞋,Giày bộ,SAI,Kiểu đóng,闭合方式: 套鞋,Kiểu đóng: Giày bộ,0.622652530670166,0.7130084037780762,0.49563732743263245
tang1,包内部结构,相机插袋,Túi đựng máy ảnh,SAI,Cấu trúc bên trong túi,包内部结构: 相机插袋,Cấu trúc bên trong túi: Túi đựng máy ảnh,0.7499521374702454,0.7613860368728638,0.7571924328804016
tang1,产区,广东乌龙,Ô Long Quảng Đông,DUNG,Khu vực sản xuất,产区: 广东乌龙,Khu vực sản xuất: Ô Long Quảng Đông,0.4565735161304474,0.6468873023986816,0.4575640857219696
tang1,花型,相思,Tương Tư,DUNG,Hoa văn,花型: 相思,Hoa văn: Tương Tư,0.5025163292884827,0.5762556791305542,0.4105624556541443
tang1,特妆产品名称,年蔻NIANKOU美白洁面乳,Sữa rửa mặt làm trắng da NIANKOU,DUNG,Tên sản phẩm mỹ phẩm công dụng đặc biệt,特妆产品名称: 年蔻NIANKOU美白洁面乳,Tên sản phẩm mỹ phẩm công dụng đặc biệt: Sữa rửa mặt làm trắng da NIANKOU,0.7966408133506775,0.7690809965133667,0.5401661992073059
tang1,规格,5.5方盒【 5.5*5.5*2CM,Hộp vuông 5.5 [5.5*5.5*2CM,DUNG,Quy cách,规格: 5.5方盒【 5.5*5.5*2CM,Quy cách: Hộp vuông 5.5 [5.5*5.5*2CM,0.7913891673088074,0.8032522201538086,0.5669803023338318
tang1,颜色,摩卡棕,Nâu mocha,DUNG,Màu sắc,颜色: 摩卡棕,Màu sắc: Nâu mocha,0.4146351218223572,0.6669986248016357,0.33382314443588257
tang1,产品规格1,单拍/直接下单视为样品发货,Chụp đơn/đặt hàng trực tiếp được coi là giao hàng mẫu,SAI,Thông số kỹ thuật sản phẩm 1,产品规格1: 单拍/直接下单视为样品发货,Thông số kỹ thuật sản phẩm 1: Chụp đơn/đặt hàng trực tiếp được coi là giao hàng mẫu,0.7607506513595581,0.750974714756012,0.7607506513595581
tang1,产品规格,年蔻377美白洁面乳100g,Sữa rửa mặt làm trắng da Nian Kou 377 100g,DUNG,Quy cách sản phẩm,产品规格: 年蔻377美白洁面乳100g,Quy cách sản phẩm: Sữa rửa mặt làm trắng da Nian Kou 377 100g,0.6926708221435547,0.6781690716743469,0.4596802592277527
tang1,款式,平面款,Kiểu phẳng,DUNG,Kiểu dáng,款式: 平面款,Kiểu dáng: Kiểu phẳng,0.6426475644111633,0.7722636461257935,0.5158884525299072
tang1,主面料成分含量,50%（含）-70%（不含）,50% (bao gồm) - 70% (không bao gồm),DUNG,Tỉ lệ thành phần vải chính,主面料成分含量: 50%（含）-70%（不含）,Tỉ lệ thành phần vải chính: 50% (bao gồm) - 70% (không bao gồm),0.9184689521789551,0.8889756202697754,0.49544793367385864
tang1,材质,皮膜,Mặt nạ da,SAI,Chất liệu,材质: 皮膜,Chất liệu: Mặt nạ da,0.5735473036766052,0.7301434278488159,0.4857642650604248
tang1,积木粒(片）数,50-100粒(片),50-100 viên (viên),SAI,Số lượng khối xây dựng (mảnh),积木粒(片）数: 50-100粒(片),Số lượng khối xây dựng (mảnh): 50-100 viên (viên),0.8071513175964355,0.7270380258560181,0.8071513175964355
tang1,图案,多种,Nhiều loại,DUNG,Hoa văn,图案: 多种,Hoa văn: Nhiều loại,0.8058228492736816,0.7891221046447754,0.4466267228126526
tang1,流行元素,插卡,Chèn thẻ,SAI,Yếu tố thịnh hành,流行元素: 插卡,Yếu tố thịnh hành: Chèn thẻ,0.6873112916946411,0.743754506111145,0.43798890709877014
tang1,尺寸规格,1.8m床笠款四件套【被套200*230】,Bộ chăn ga gối 4 món kiểu ga chun 1.8m [Vỏ chăn 200*230],DUNG,Kích thước,尺寸规格: 1.8m床笠款四件套【被套200*230】,Kích thước: Bộ chăn ga gối 4 món kiểu ga chun 1.8m [Vỏ chăn 200*230],0.6981030106544495,0.6989086866378784,0.680327296257019
tang1,裙型,百褶裙,Váy xếp ly,DUNG,Kiểu váy,裙型: 百褶裙,Kiểu váy: Váy xếp ly,0.604148268699646,0.6723804473876953,0.45956993103027344
tang1,置物用品类型,置物盒,hộp lưu trữ,DUNG,Loại đồ dùng,置物用品类型: 置物盒,Loại đồ dùng: hộp lưu trữ,0.6864031553268433,0.7144056558609009,0.7098835706710815
tang1,尺寸规格,1.8m床笠款四件套【被套200*230】,Bộ khăn trải giường 1.8 m bốn mảnh [vỏ chăn 200*230],SAI,Kích thước,尺寸规格: 1.8m床笠款四件套【被套200*230】,Kích thước: Bộ khăn trải giường 1.8 m bốn mảnh [vỏ chăn 200*230],0.7691922187805176,0.7479094862937927,0.6132670044898987
tang1,保质期,120天,120 ngày,DUNG,Thời hạn sử dụng,保质期: 120天,Thời hạn sử dụng: 120 ngày,0.9816817045211792,0.9074130654335022,0.5141044855117798
tang1,产品类别,干脆面,Mì khô giòn,DUNG,Danh mục sản phẩm,产品类别: 干脆面,Danh mục sản phẩm: Mì khô giòn,0.49732568860054016,0.599328875541687,0.39110708236694336
tang1,特殊提货凭证,提货券,Nhận phiếu giảm giá,SAI,Phiếu giao hàng đặc biệt,特殊提货凭证: 提货券,Phiếu giao hàng đặc biệt: Nhận phiếu giảm giá,0.6746270656585693,0.688877522945404,0.6746270656585693
tang1,颜色,白蓝,trắng xanh,DUNG,Màu sắc,颜色: 白蓝,Màu sắc: trắng xanh,0.5559618473052979,0.7749873399734497,0.3523779511451721
tang1,颜色,白蓝,Trắng xanh lam,DUNG,Màu sắc,颜色: 白蓝,Màu sắc: Trắng xanh lam,0.540473461151123,0.7596099376678467,0.32176658511161804
tang1,颜色,白色大号,Kích thước lớn màu trắng,DUNG,Màu sắc,颜色: 白色大号,Màu sắc: Kích thước lớn màu trắng,0.8030506372451782,0.8520470857620239,0.49082061648368835
tang1,款式,厚底小白鞋,Giày trắng đế dày,DUNG,Kiểu dáng,款式: 厚底小白鞋,Kiểu dáng: Giày trắng đế dày,0.7223713397979736,0.7418074607849121,0.6430734992027283
tang1,尺寸规格,1.8m床笠款四件套【被套200x230cm】,Bộ chăn ga gối 4 món kiểu ga chun 1.8m [Vỏ chăn 200x230cm],DUNG,Kích thước,尺寸规格: 1.8m床笠款四件套【被套200x230cm】,Kích thước: Bộ chăn ga gối 4 món kiểu ga chun 1.8m [Vỏ chăn 200x230cm],0.6968896389007568,0.6959228515625,0.6579635739326477
tang1,颜色,白红色,Màu đỏ trắng,DUNG,Màu sắc,颜色: 白红色,Màu sắc: Màu đỏ trắng,0.7206904888153076,0.7992941737174988,0.3862293064594269
tang1,保质期,360天,360 ngày,DUNG,Thời hạn sử dụng,保质期: 360天,Thời hạn sử dụng: 360 ngày,0.984229326248169,0.9034251570701599,0.7621221542358398
tang1,颜色,白紫,Trắng tím,DUNG,Màu sắc,颜色: 白紫,Màu sắc: Trắng tím,0.4114375114440918,0.6963653564453125,0.288821816444397
tang1,包装方式,白盒,hộp màu trắng,DUNG,Cách đóng gói,包装方式: 白盒,Cách đóng gói: hộp màu trắng,0.6823116540908813,0.8132637739181519,0.5184006690979004
tang1,颜色,白灰,màu xám trắng,DUNG,Màu sắc,颜色: 白灰,Màu sắc: màu xám trắng,0.5133857727050781,0.7091600894927979,0.3877352476119995
tang1,口径形状,一字孔,Lỗ có rãnh,SAI,Hình dạng cỡ nòng,口径形状: 一字孔,Hình dạng cỡ nòng: Lỗ có rãnh,0.5771655440330505,0.7289609909057617,0.577481746673584
tang1,适用场景,登山运动,leo núi,DUNG,Dịp sử dụng,适用场景: 登山运动,Dịp sử dụng: leo núi,0.5262234210968018,0.7323395013809204,0.4246003329753876
tang1,闭合方式,一字式扣带,Dây cài một chữ,SAI,Kiểu đóng,闭合方式: 一字式扣带,Kiểu đóng: Dây cài một chữ,0.7137017250061035,0.781101644039154,0.34589651226997375
tang1,口味,番茄味,hương vị cà chua,DUNG,Hương vị,口味: 番茄味,Hương vị: hương vị cà chua,0.6740037798881531,0.7551049590110779,0.5769573450088501
tang1,类型,仿真厨房类,Đồ chơi mô phỏng nhà bếp,DUNG,Loại,类型: 仿真厨房类,Loại: Đồ chơi mô phỏng nhà bếp,0.7410839200019836,0.8073149919509888,0.4476299583911896
tang1,尺寸大小,3L（15个月以上）,3L (dành cho trẻ từ 15 tháng tuổi trở lên),DUNG,Kích thước,尺寸大小: 3L（15个月以上）,Kích thước: 3L (dành cho trẻ từ 15 tháng tuổi trở lên),0.9427777528762817,0.9308376908302307,0.7165123224258423
tang1,颜色,22五金工具盒22.3*4.8*3.1CM,"Hộp đựng dụng cụ phần cứng 22 ngăn, kích thước 22.3*4.8*3.1CM",SAI,Màu sắc,颜色: 22五金工具盒22.3*4.8*3.1CM,"Màu sắc: Hộp đựng dụng cụ phần cứng 22 ngăn, kích thước 22.3*4.8*3.1CM",0.7603897452354431,0.7635951042175293,0.3425133526325226
tang1,颜色,26五金工具盒25.7*5.3*3.5CM,"Hộp đựng dụng cụ phần cứng 26 ngăn, kích thước 25.7*5.3*3.5CM",SAI,Màu sắc,颜色: 26五金工具盒25.7*5.3*3.5CM,"Màu sắc: Hộp đựng dụng cụ phần cứng 26 ngăn, kích thước 25.7*5.3*3.5CM",0.7666119337081909,0.7725290060043335,0.640984296798706
tang1,用途,非喜糖专用,Đặc biệt dành cho kẹo không dành cho đám cưới,SAI,用途,用途: 非喜糖专用,用途: Đặc biệt dành cho kẹo không dành cho đám cưới,0.6666765809059143,0.8026947379112244,0.4507763981819153
tang1,口感,清醇甘鲜,"Tinh khiết, ngọt ngào và tươi mát",DUNG,Hương vị,口感: 清醇甘鲜,"Hương vị: Tinh khiết, ngọt ngào và tươi mát",0.5818706750869751,0.7988746762275696,0.5503364205360413
tang1,花型,混搭粉格【A类母婴级/柔软亲肤不起球】,Trộn và kết hợp họa tiết màu hồng [Loại A dành cho bà mẹ và trẻ sơ sinh/mềm mại và thân thiện với làn da mà không bị vón cục],SAI,Hoa văn,花型: 混搭粉格【A类母婴级/柔软亲肤不起球】,Hoa văn: Trộn và kết hợp họa tiết màu hồng [Loại A dành cho bà mẹ và trẻ sơ sinh/mềm mại và thân thiện với làn da mà không bị vón cục],0.7364134788513184,0.7472318410873413,0.5068990588188171
tang1,规格尺寸,【标配无卡】,[Cấu hình tiêu chuẩn không có thẻ],SAI,Kích thước thông số kỹ thuật,规格尺寸: 【标配无卡】,Kích thước thông số kỹ thuật: [Cấu hình tiêu chuẩn không có thẻ],0.7571855783462524,0.8076007962226868,0.5168818831443787
tang1,容量,160ml玻璃奶瓶（ss码0-1月）,"Bình sữa thủy tinh 160ml (loại SS, dùng cho trẻ sơ sinh từ 0 đến 1 tháng tuổi)",DUNG,Dung tích,容量: 160ml玻璃奶瓶（ss码0-1月）,"Dung tích: Bình sữa thủy tinh 160ml (loại SS, dùng cho trẻ sơ sinh từ 0 đến 1 tháng tuổi)",0.746100664138794,0.7681947946548462,0.7764809727668762
tang1,颜色,麻灰学院kitty,Kitty phong cách học đường màu xám lông chuột,DUNG,Màu sắc,颜色: 麻灰学院kitty,Màu sắc: Kitty phong cách học đường màu xám lông chuột,0.6498422026634216,0.7477412819862366,0.33833181858062744
tang1,主要下游平台,垂类电商,Thương mại điện tử theo chiều dọc,SAI,Nền tảng hạ nguồn chính,主要下游平台: 垂类电商,Nền tảng hạ nguồn chính: Thương mại điện tử theo chiều dọc,0.5669397115707397,0.6688040494918823,0.5669397115707397
tang1,颜色,天蓝粉带,thắt lưng màu hồng xanh da trời,SAI,Màu sắc,颜色: 天蓝粉带,Màu sắc: thắt lưng màu hồng xanh da trời,0.39589783549308777,0.5976338386535645,0.3355252146720886
tang1,颜色,绿色【无挂件】,Màu xanh lá cây [không có mặt dây chuyền],DUNG,Màu sắc,颜色: 绿色【无挂件】,Màu sắc: Màu xanh lá cây [không có mặt dây chuyền],0.7361923456192017,0.7549316883087158,0.5086452960968018
tang1,风格类型,街头潮人,Người tạo ra xu hướng đường phố,SAI,Loại phong cách,风格类型: 街头潮人,Loại phong cách: Người tạo ra xu hướng đường phố,0.654279351234436,0.7096561789512634,0.654279351234436
tang1,适合身高,73cm建议身高68-74,"Chiều cao khuyến nghị 73cm, phù hợp với người cao từ 68-74cm",DUNG,Phù hợp với chiều cao,适合身高: 73cm建议身高68-74,"Phù hợp với chiều cao: Chiều cao khuyến nghị 73cm, phù hợp với người cao từ 68-74cm",0.8533180952072144,0.9140154719352722,0.70197993516922
tang1,容量,60ml硅胶喂药瓶（裸装）,Bình sữa silicon 60ml dùng để cho bé uống thuốc (không đóng gói),DUNG,Dung tích,容量: 60ml硅胶喂药瓶（裸装）,Dung tích: Bình sữa silicon 60ml dùng để cho bé uống thuốc (không đóng gói),0.6893296241760254,0.6803981065750122,0.43179523944854736
tang1,颜色,雾灰酒红带,Thắt lưng màu đỏ rượu vang xám sương mù,SAI,Màu sắc,颜色: 雾灰酒红带,Màu sắc: Thắt lưng màu đỏ rượu vang xám sương mù,0.5303750038146973,0.6730717420578003,0.3999353051185608
tang1,颜色,霜绿粉带,Thắt lưng màu hồng xanh băng giá,SAI,Màu sắc,颜色: 霜绿粉带,Màu sắc: Thắt lưng màu hồng xanh băng giá,0.40729111433029175,0.5880988836288452,0.2771831154823303
tang1,风格,国潮新风,Xu hướng quốc gia và phong cách mới,SAI,Phong cách,风格: 国潮新风,Phong cách: Xu hướng quốc gia và phong cách mới,0.6007624864578247,0.7280468940734863,0.4260258972644806
tang1,包装方式,餐饮制售,Sản xuất và kinh doanh dịch vụ ăn uống,DUNG,Cách đóng gói,包装方式: 餐饮制售,Cách đóng gói: Sản xuất và kinh doanh dịch vụ ăn uống,0.7023935317993164,0.7946215867996216,0.36369383335113525
tang1,颜色,黑色【专供跨境】,Đen [chuyên dụng cho thương mại xuyên biên giới],DUNG,Màu sắc,颜色: 黑色【专供跨境】,Màu sắc: Đen [chuyên dụng cho thương mại xuyên biên giới],0.6804423928260803,0.7419313192367554,0.5793148875236511
tang1,适合身高,80cm建议身高75-82,"Chiều cao khuyến nghị 80cm, phù hợp với người cao từ 75-82cm",DUNG,Phù hợp với chiều cao,适合身高: 80cm建议身高75-82,"Phù hợp với chiều cao: Chiều cao khuyến nghị 80cm, phù hợp với người cao từ 75-82cm",0.8478536009788513,0.9176181554794312,0.420395165681839
tang1,形象,WINNIE THE POOH小熊维尼,Gấu Pooh,DUNG,Hình tượng,形象: WINNIE THE POOH小熊维尼,Hình tượng: Gấu Pooh,0.5728685259819031,0.6831029653549194,0.4149823486804962
tang1,容量,250ml硅胶奶瓶（A款彩盒装）,"Bình sữa silicon cho bé, dung tích 250ml (kiểu A, được đóng gói trong hộp màu)",DUNG,Dung tích,容量: 250ml硅胶奶瓶（A款彩盒装）,"Dung tích: Bình sữa silicon cho bé, dung tích 250ml (kiểu A, được đóng gói trong hộp màu)",0.7221068739891052,0.7462284564971924,0.6578702926635742
tang1,颜色,26五金工具盒25.7*5.3*3.5CM,"Hộp đựng dụng cụ phần cứng 26 món, kích thước 25.7*5.3*3.5CM",SAI,Màu sắc,颜色: 26五金工具盒25.7*5.3*3.5CM,"Màu sắc: Hộp đựng dụng cụ phần cứng 26 món, kích thước 25.7*5.3*3.5CM",0.7638276815414429,0.7727537155151367,0.3231373429298401
tang1,容量,150ml硅胶奶瓶（A款彩盒装）,"Bình sữa silicon cho bé, dung tích 150ml (kiểu A, được đóng gói trong hộp màu)",DUNG,Dung tích,容量: 150ml硅胶奶瓶（A款彩盒装）,"Dung tích: Bình sữa silicon cho bé, dung tích 150ml (kiểu A, được đóng gói trong hộp màu)",0.7310999631881714,0.7491179704666138,0.4189488887786865
tang1,颜色,宝蓝军蓝带,Ruy băng xanh quân đội màu xanh hoàng gia,SAI,Màu sắc,颜色: 宝蓝军蓝带,Màu sắc: Ruy băng xanh quân đội màu xanh hoàng gia,0.5232419967651367,0.6888798475265503,0.36591923236846924
tang1,颜色,挂钩100长盒10*6.1*1.5CM,"Móc treo hộp dài 100 chiếc, kích thước 10*6.1*1.5CM",SAI,Màu sắc,颜色: 挂钩100长盒10*6.1*1.5CM,"Màu sắc: Móc treo hộp dài 100 chiếc, kích thước 10*6.1*1.5CM",0.7506680488586426,0.7504357099533081,0.2811943292617798
tang1,颜色,环保黑色,Màu đen thân thiện với môi trường,DUNG,Màu sắc,颜色: 环保黑色,Màu sắc: Màu đen thân thiện với môi trường,0.7854710817337036,0.7876830101013184,0.490185022354126
tang1,支持定制,现货加标 换面料 定制包装 五金 等,"Hàng có sẵn với các tùy chọn thêm như: gắn thương hiệu, thay đổi chất liệu vải, thiết kế bao bì riêng, phụ kiện phần cứng và nhiều hơn nữa",DUNG,Hỗ trợ tùy chỉnh,支持定制: 现货加标 换面料 定制包装 五金 等,"Hỗ trợ tùy chỉnh: Hàng có sẵn với các tùy chọn thêm như: gắn thương hiệu, thay đổi chất liệu vải, thiết kế bao bì riêng, phụ kiện phần cứng và nhiều hơn nữa",0.7334839701652527,0.7968016862869263,0.6630463600158691
tang1,颜色,甜酷熊伴,Người bạn gấu ngọt ngào và mát mẻ,DUNG,Màu sắc,颜色: 甜酷熊伴,Màu sắc: Người bạn gấu ngọt ngào và mát mẻ,0.6168020963668823,0.7069711685180664,0.42537426948547363
tang1,功能,电量数显,Màn hình kỹ thuật số của sức mạnh,SAI,Chức năng,功能: 电量数显,Chức năng: Màn hình kỹ thuật số của sức mạnh,0.5355318784713745,0.7123254537582397,0.4301263093948364
tang1,颜色,白色【专供跨境】,Trắng [chuyên dụng cho thương mại xuyên biên giới],DUNG,Màu sắc,颜色: 白色【专供跨境】,Màu sắc: Trắng [chuyên dụng cho thương mại xuyên biên giới],0.6897722482681274,0.7584855556488037,0.3897930979728699
tang1,颜色分类,【前1080+中480+后480】【车内后摄】,[Camera trước 1080+Camera giữa 480+Camera sau 480] [Camera lùi trên xe],DUNG,Phân loại màu sắc,颜色分类: 【前1080+中480+后480】【车内后摄】,Phân loại màu sắc: [Camera trước 1080+Camera giữa 480+Camera sau 480] [Camera lùi trên xe],0.8168635368347168,0.8363456726074219,0.8091190457344055
tang1,货号,HZ肤感磁吸,"HZ hút từ tính, cảm giác như da thật",DUNG,Mã sản phẩm,货号: HZ肤感磁吸,"Mã sản phẩm: HZ hút từ tính, cảm giác như da thật",0.7418773770332336,0.7495360374450684,0.34774577617645264
tang1,颜色,18五金工具盒18.6*3.8*2CM,"Hộp đựng dụng cụ phần cứng 18 ngăn, kích thước 18.6*3.8*2CM",SAI,Màu sắc,颜色: 18五金工具盒18.6*3.8*2CM,"Màu sắc: Hộp đựng dụng cụ phần cứng 18 ngăn, kích thước 18.6*3.8*2CM",0.7647273540496826,0.7748516201972961,0.3631127178668976
tang1,材质,亲肤水洗棉,Chất liệu cotton giặt thân thiện với da,DUNG,Chất liệu,材质: 亲肤水洗棉,Chất liệu: Chất liệu cotton giặt thân thiện với da,0.6628854274749756,0.7410463094711304,0.34131044149398804
tang1,尺寸规格,2.0m床单四件套【适合220*240cm被子】,Bộ chăn ga gối kích thước 2.0m (gồm bốn món) [phù hợp với chăn bông kích thước 220*240cm],DUNG,Kích thước,尺寸规格: 2.0m床单四件套【适合220*240cm被子】,Kích thước: Bộ chăn ga gối kích thước 2.0m (gồm bốn món) [phù hợp với chăn bông kích thước 220*240cm],0.7557094097137451,0.7608771324157715,0.627089262008667
tang1,尺寸规格,2.0m床单款四件套【被套220*240cm/床单250*270cm/枕套48*74cm*2】,"Bộ chăn ga gối đệm kích thước 2.0m (bao gồm vỏ chăn kích thước 220*240cm, ga trải giường kích thước 250*270cm và hai vỏ gối kích thước 48*74cm)",DUNG,Kích thước,尺寸规格: 2.0m床单款四件套【被套220*240cm/床单250*270cm/枕套48*74cm*2】,"Kích thước: Bộ chăn ga gối đệm kích thước 2.0m (bao gồm vỏ chăn kích thước 220*240cm, ga trải giường kích thước 250*270cm và hai vỏ gối kích thước 48*74cm)",0.7535336017608643,0.778388500213623,0.6790819764137268
tang1,尺寸规格,2.0m床单款四件套（被人220x240床单270x250）,Bộ ga trải giường kích thước 2.0m (bao gồm một ga trải giường kích thước 220x240 và một ga trải giường kích thước 270x250),SAI,Kích thước,尺寸规格: 2.0m床单款四件套（被人220x240床单270x250）,Kích thước: Bộ ga trải giường kích thước 2.0m (bao gồm một ga trải giường kích thước 220x240 và một ga trải giường kích thước 270x250),0.7047303318977356,0.7475113868713379,0.6267496347427368
tang1,尺寸规格,2.0m床盖款四件套被套220*240,"Bộ bốn món bao gồm vỏ chăn và ga trải giường, kích thước 2.0m, vỏ chăn kích thước 220*240",SAI,Kích thước,尺寸规格: 2.0m床盖款四件套被套220*240,"Kích thước: Bộ bốn món bao gồm vỏ chăn và ga trải giường, kích thước 2.0m, vỏ chăn kích thước 220*240",0.7020869255065918,0.7482537627220154,0.6193041801452637
tang1,运动系列,AD休闲系列,Bộ sưu tập thời trang thường ngày của AD,DUNG,Dòng sản phẩm thể thao,运动系列: AD休闲系列,Dòng sản phẩm thể thao: Bộ sưu tập thời trang thường ngày của AD,0.6627956628799438,0.7462706565856934,0.6627956628799438
tang1,尺寸规格,1.2m床单款【被套150x200cm】3件套,"Bộ chăn ga gối đệm kích thước 1.2m [vỏ chăn kích thước 150x200cm], bộ gồm 3 món",DUNG,Kích thước,尺寸规格: 1.2m床单款【被套150x200cm】3件套,"Kích thước: Bộ chăn ga gối đệm kích thước 1.2m [vỏ chăn kích thước 150x200cm], bộ gồm 3 món",0.8021548986434937,0.8023820519447327,0.6112961769104004
tang1,尺寸规格,1.5m床笠四件套被套2.0x2.3,"Bộ ga trải giường kích thước 1.5m, bao gồm vỏ chăn, kích thước 2.0x2.3",SAI,Kích thước,尺寸规格: 1.5m床笠四件套被套2.0x2.3,"Kích thước: Bộ ga trải giường kích thước 1.5m, bao gồm vỏ chăn, kích thước 2.0x2.3",0.6845274567604065,0.705326497554779,0.5765618681907654
tang1,加工工艺,传统工艺,Công nghệ thủ công truyền thống,DUNG,Công nghệ chế biến,加工工艺: 传统工艺,Công nghệ chế biến: Công nghệ thủ công truyền thống,0.8479400873184204,0.8186811208724976,0.8479400873184204
tang1,尺寸规格,1.8m床单四件套被套1.8*2.2,"Bộ chăn ga gối đệm bốn món, kích thước 1.8m, kèm vỏ chăn kích thước 1.8 x 2.2m",DUNG,Kích thước,尺寸规格: 1.8m床单四件套被套1.8*2.2,"Kích thước: Bộ chăn ga gối đệm bốn món, kích thước 1.8m, kèm vỏ chăn kích thước 1.8 x 2.2m",0.7420682907104492,0.755608081817627,0.6334376335144043
tang1,颜色,C-4斜口凹款小号,C-4 nhỏ,SAI,Màu sắc,颜色: C-4斜口凹款小号,Màu sắc: C-4 nhỏ,0.7739752531051636,0.8080568313598633,0.3916524052619934
tang1,尺寸规格,1.8m床笠四件套 被套2.0*2.3m床笠1.8*2.0m枕套*2,"Bộ bốn món gồm ga trải giường kích thước 1.8m, vỏ chăn kích thước 2.0*2.3m, ga trải giường kích thước 1.8*2.0m, vỏ gối (2 chiếc)",SAI,Kích thước,尺寸规格: 1.8m床笠四件套 被套2.0*2.3m床笠1.8*2.0m枕套*2,"Kích thước: Bộ bốn món gồm ga trải giường kích thước 1.8m, vỏ chăn kích thước 2.0*2.3m, ga trải giường kích thước 1.8*2.0m, vỏ gối (2 chiếc)",0.7415053844451904,0.7535349130630493,0.6042555570602417
tang1,尺寸规格,1.8m床笠四件套【被套200*230】,Bộ ga trải giường kích thước 1.8m (bao gồm vỏ chăn kích thước 200*230),SAI,Kích thước,尺寸规格: 1.8m床笠四件套【被套200*230】,Kích thước: Bộ ga trải giường kích thước 1.8m (bao gồm vỏ chăn kích thước 200*230),0.7232116460800171,0.7325780391693115,0.6480730772018433
tang1,尺寸规格,1.8m床笠四件套被套2.0x2.3,"Bộ ga trải giường kích thước 1.8m, bao gồm vỏ chăn, kích thước 2.0x2.3",SAI,Kích thước,尺寸规格: 1.8m床笠四件套被套2.0x2.3,"Kích thước: Bộ ga trải giường kích thước 1.8m, bao gồm vỏ chăn, kích thước 2.0x2.3",0.6867488026618958,0.710511326789856,0.6863805651664734
tang1,适合身高,59cm建议身高52-59CM,"Chiều cao khuyến nghị 59cm, phù hợp với chiều cao từ 52-59cm",DUNG,Phù hợp với chiều cao,适合身高: 59cm建议身高52-59CM,"Phù hợp với chiều cao: Chiều cao khuyến nghị 59cm, phù hợp với chiều cao từ 52-59cm",0.8622379899024963,0.9236965179443359,0.5882400870323181
tang1,电源容量,160000毫安【专供跨境】,160000 mA [chuyên dụng cho thương mại xuyên biên giới],SAI,Công suất điện,电源容量: 160000毫安【专供跨境】,Công suất điện: 160000 mA [chuyên dụng cho thương mại xuyên biên giới],0.7422101497650146,0.7826518416404724,0.548611044883728
tang1,功能,前后双摄,Camera kép phía trước và phía sau,DUNG,Chức năng,功能: 前后双摄,Chức năng: Camera kép phía trước và phía sau,0.8449868559837341,0.8525049090385437,0.48454856872558594
tang1,风格,时尚正装,Trang phục trang trọng thời trang,DUNG,Phong cách,风格: 时尚正装,Phong cách: Trang phục trang trọng thời trang,0.6217589378356934,0.7087662220001221,0.49384042620658875
tang1,适用场地,外穿拖鞋,dép,SAI,Địa điểm áp dụng,适用场地: 外穿拖鞋,Địa điểm áp dụng: dép,0.45012277364730835,0.6883633136749268,0.45012277364730835
tang1,颜色,P27-太阳恐龙,P27-Khủng long năng lượng mặt trời,DUNG,Màu sắc,颜色: P27-太阳恐龙,Màu sắc: P27-Khủng long năng lượng mặt trời,0.7689207792282104,0.8013753890991211,0.33368390798568726
tang1,口感,清醇甘鲜,"Thanh khiết, ngọt ngào, tươi ngon",DUNG,Hương vị,口感: 清醇甘鲜,"Hương vị: Thanh khiết, ngọt ngào, tươi ngon",0.5719462633132935,0.8053438663482666,0.5818706750869751
tang1,适用场景,室内外通用,Thích hợp cho sử dụng trong nhà và ngoài trời,DUNG,Dịp sử dụng,适用场景: 室内外通用,Dịp sử dụng: Thích hợp cho sử dụng trong nhà và ngoài trời,0.6800853610038757,0.8292106986045837,0.49459630250930786
tang1,支持定制,现货加标 定制面料 定制五金 承接ODM OEM等,"Sẵn sàng giao hàng với các tùy chọn thương hiệu, vải tùy chỉnh, phần cứng tùy chỉnh. Chúng tôi chấp nhận ODM, OEM và các đơn đặt hàng sản xuất khác",DUNG,Hỗ trợ tùy chỉnh,支持定制: 现货加标 定制面料 定制五金 承接ODM OEM等,"Hỗ trợ tùy chỉnh: Sẵn sàng giao hàng với các tùy chọn thương hiệu, vải tùy chỉnh, phần cứng tùy chỉnh. Chúng tôi chấp nhận ODM, OEM và các đơn đặt hàng sản xuất khác",0.721508264541626,0.8100744485855103,0.6947046518325806
tang1,花型,田间瓜瓜,"Trên đồng ruộng, quả dưa đang mọc",DUNG,Hoa văn,花型: 田间瓜瓜,"Hoa văn: Trên đồng ruộng, quả dưa đang mọc",0.5171718597412109,0.5378481149673462,0.3392101526260376
tang1,电源容量,50000毫安【专供跨境】,50000 mA [chỉ dành riêng cho thương mại xuyên biên giới],SAI,Công suất điện,电源容量: 50000毫安【专供跨境】,Công suất điện: 50000 mA [chỉ dành riêng cho thương mại xuyên biên giới],0.7579225301742554,0.7891334295272827,0.6023260354995728
tang1,颜色,库存含预售联系客服查看现货库存,Hàng tồn kho bao gồm các mặt hàng bán trước. Liên hệ với bộ phận dịch vụ khách hàng để kiểm tra tình trạng sẵn có của hàng tồn kho hiện tại,DUNG,Màu sắc,颜色: 库存含预售联系客服查看现货库存,Màu sắc: Hàng tồn kho bao gồm các mặt hàng bán trước. Liên hệ với bộ phận dịch vụ khách hàng để kiểm tra tình trạng sẵn có của hàng tồn kho hiện tại,0.7716742157936096,0.7784993648529053,0.3703853487968445
tang1,颜色,红色蝴蝶结,Nơ đỏ,DUNG,Màu sắc,颜色: 红色蝴蝶结,Màu sắc: Nơ đỏ,0.47320282459259033,0.6220043897628784,0.36737552285194397
tang1,颜色,纯白短袖,Tay áo ngắn màu trắng tinh khiết,SAI,Màu sắc,颜色: 纯白短袖,Màu sắc: Tay áo ngắn màu trắng tinh khiết,0.7375227808952332,0.7734968662261963,0.3306554853916168
tang1,颜色,微商专供,Dành riêng cho doanh nghiệp vi mô,SAI,Màu sắc,颜色: 微商专供,Màu sắc: Dành riêng cho doanh nghiệp vi mô,0.6440231800079346,0.7401306629180908,0.3980153799057007
tang1,容量,240ml硅胶奶瓶（72直径裸装）,"Bình sữa silicon cho bé, dung tích 240ml (đường kính 72mm, không có bao bì)",DUNG,Dung tích,容量: 240ml硅胶奶瓶（72直径裸装）,"Dung tích: Bình sữa silicon cho bé, dung tích 240ml (đường kính 72mm, không có bao bì)",0.6764342784881592,0.6857560873031616,0.3870004415512085
tang1,花型,密条-浅粉【A类母婴级/柔软/亲肤裸睡无忧】,"Dải dày đặc - màu hồng nhạt [Loại A dành cho bà mẹ và trẻ sơ sinh/mềm mại/thân thiện với làn da, không cần lo lắng khi ngủ khỏa thân]",SAI,Hoa văn,花型: 密条-浅粉【A类母婴级/柔软/亲肤裸睡无忧】,"Hoa văn: Dải dày đặc - màu hồng nhạt [Loại A dành cho bà mẹ và trẻ sơ sinh/mềm mại/thân thiện với làn da, không cần lo lắng khi ngủ khỏa thân]",0.7042981386184692,0.7311431169509888,0.35072892904281616
tang1,功能,储能回弹,Sự phục hồi của việc lưu trữ năng lượng,SAI,Chức năng,功能: 储能回弹,Chức năng: Sự phục hồi của việc lưu trữ năng lượng,0.7318833470344543,0.7782573699951172,0.3956851065158844
tang1,颜色,萌斑招手【粉】,Những điểm dễ thương đang chờ đợi [màu hồng],SAI,Màu sắc,颜色: 萌斑招手【粉】,Màu sắc: Những điểm dễ thương đang chờ đợi [màu hồng],0.5260434150695801,0.5773680806159973,0.3854760229587555
tang1,颜色,萌斑招手【紫】,Những điểm dễ thương đang chờ đợi [Màu tím],SAI,Màu sắc,颜色: 萌斑招手【紫】,Màu sắc: Những điểm dễ thương đang chờ đợi [Màu tím],0.5223661661148071,0.5777074098587036,0.38213813304901123
tang1,颜色,规格如图,Thông số kỹ thuật như trong hình,DUNG,Màu sắc,颜色: 规格如图,Màu sắc: Thông số kỹ thuật như trong hình,0.8176738619804382,0.8604721426963806,0.5139322280883789
tang1,颜色,详图咨询客服10,Chi tiết xin liên hệ bộ phận chăm sóc khách hàng 10,DUNG,Màu sắc,颜色: 详图咨询客服10,Màu sắc: Chi tiết xin liên hệ bộ phận chăm sóc khách hàng 10,0.7820485830307007,0.8156404495239258,0.4553093910217285
tang1,颜色,详图咨询客服11,"Xem chi tiết, vui lòng liên hệ chăm sóc khách hàng 11",DUNG,Màu sắc,颜色: 详图咨询客服11,"Màu sắc: Xem chi tiết, vui lòng liên hệ chăm sóc khách hàng 11",0.8265930414199829,0.8566035628318787,0.4165540337562561
tang1,颜色,详图咨询客服12,"Xem chi tiết, vui lòng liên hệ chăm sóc khách hàng 12",DUNG,Màu sắc,颜色: 详图咨询客服12,"Màu sắc: Xem chi tiết, vui lòng liên hệ chăm sóc khách hàng 12",0.8052340745925903,0.8382736444473267,0.43048855662345886
tang1,颜色,详图咨询客服16,"Xem chi tiết, vui lòng liên hệ chăm sóc khách hàng 16",DUNG,Màu sắc,颜色: 详图咨询客服16,"Màu sắc: Xem chi tiết, vui lòng liên hệ chăm sóc khách hàng 16",0.8200883865356445,0.8392038345336914,0.3568282425403595
tang1,颜色,详图咨询客服2,"Xem chi tiết, vui lòng liên hệ chăm sóc khách hàng 2",DUNG,Màu sắc,颜色: 详图咨询客服2,"Màu sắc: Xem chi tiết, vui lòng liên hệ chăm sóc khách hàng 2",0.7745612263679504,0.8059380650520325,0.3983202576637268
tang1,颜色,详图咨询客服3,"Xem chi tiết, vui lòng liên hệ chăm sóc khách hàng 3",DUNG,Màu sắc,颜色: 详图咨询客服3,"Màu sắc: Xem chi tiết, vui lòng liên hệ chăm sóc khách hàng 3",0.7860441207885742,0.8089265823364258,0.4232337772846222
tang1,颜色,详图咨询客服4,"Xem chi tiết, vui lòng liên hệ chăm sóc khách hàng 4",DUNG,Màu sắc,颜色: 详图咨询客服4,"Màu sắc: Xem chi tiết, vui lòng liên hệ chăm sóc khách hàng 4",0.7903528809547424,0.8183760643005371,0.4655126929283142
tang1,颜色,详图咨询客服5,"Xem chi tiết, vui lòng liên hệ bộ phận chăm sóc khách hàng 5",DUNG,Màu sắc,颜色: 详图咨询客服5,"Màu sắc: Xem chi tiết, vui lòng liên hệ bộ phận chăm sóc khách hàng 5",0.7704620957374573,0.8206062316894531,0.41147488355636597
tang1,颜色,详图咨询客服6,Chi tiết xin liên hệ bộ phận chăm sóc khách hàng 6,DUNG,Màu sắc,颜色: 详图咨询客服6,Màu sắc: Chi tiết xin liên hệ bộ phận chăm sóc khách hàng 6,0.7626289129257202,0.7961796522140503,0.4450587332248688
tang1,颜色,详图咨询客服7,"Xem chi tiết, vui lòng liên hệ chăm sóc khách hàng 7",DUNG,Màu sắc,颜色: 详图咨询客服7,"Màu sắc: Xem chi tiết, vui lòng liên hệ chăm sóc khách hàng 7",0.7975862622261047,0.8323706388473511,0.3591131269931793
tang1,颜色,详图咨询客服8,"Xem chi tiết, vui lòng liên hệ chăm sóc khách hàng 8",DUNG,Màu sắc,颜色: 详图咨询客服8,"Màu sắc: Xem chi tiết, vui lòng liên hệ chăm sóc khách hàng 8",0.7979897260665894,0.8383268117904663,0.40986233949661255
tang1,颜色,详图咨询客服9,"Xem chi tiết, vui lòng liên hệ chăm sóc khách hàng 9",DUNG,Màu sắc,颜色: 详图咨询客服9,"Màu sắc: Xem chi tiết, vui lòng liên hệ chăm sóc khách hàng 9",0.8133658170700073,0.8423229455947876,0.45936524868011475
tang1,毛重,详情请咨询客服,Vui lòng tham khảo dịch vụ khách hàng để biết chi tiết,DUNG,Trọng lượng cả bì,毛重: 详情请咨询客服,Trọng lượng cả bì: Vui lòng tham khảo dịch vụ khách hàng để biết chi tiết,0.7599188089370728,0.6953091621398926,0.7518743276596069
tang1,箱装数量,详情请问客服,Vui lòng hỏi dịch vụ khách hàng để biết chi tiết,DUNG,Số lượng mỗi thùng,箱装数量: 详情请问客服,Số lượng mỗi thùng: Vui lòng hỏi dịch vụ khách hàng để biết chi tiết,0.7974084615707397,0.7396815419197083,0.5401989221572876
tang1,商品条形码,请联系客服,Vui lòng liên hệ với dịch vụ khách hàng,DUNG,Mã vạch sản phẩm,商品条形码: 请联系客服,Mã vạch sản phẩm: Vui lòng liên hệ với dịch vụ khách hàng,0.8581510186195374,0.8198630809783936,0.8581510186195374
tang1,花型,财源滚滚,"Vạn sự hanh thông, tài lộc dồi dào",DUNG,Hoa văn,花型: 财源滚滚,"Hoa văn: Vạn sự hanh thông, tài lộc dồi dào",0.7186480760574341,0.66986483335495,0.3262897729873657
tang1,规格,中方桶透明款,Mô hình thùng vuông trong suốt của Trung Quốc,SAI,Quy cách,规格: 中方桶透明款,Quy cách: Mô hình thùng vuông trong suốt của Trung Quốc,0.518417239189148,0.5784264206886292,0.518417239189148
tang1,颜色,锆月白（数显款）,Zirconium Moon White (Mẫu hiển thị kỹ thuật số),SAI,Màu sắc,颜色: 锆月白（数显款）,Màu sắc: Zirconium Moon White (Mẫu hiển thị kỹ thuật số),0.5990743041038513,0.7312734723091125,0.32207366824150085
tang1,颜色,长方绿短袖白色,Áo thun ngắn tay màu xanh lá cây hình chữ nhật màu trắng,SAI,Màu sắc,颜色: 长方绿短袖白色,Màu sắc: Áo thun ngắn tay màu xanh lá cây hình chữ nhật màu trắng,0.6198675632476807,0.6852413415908813,0.44915878772735596
tang1,颜色,霜绿红带,dải màu đỏ sương giá màu xanh lá cây,SAI,Màu sắc,颜色: 霜绿红带,Màu sắc: dải màu đỏ sương giá màu xanh lá cây,0.5502995848655701,0.6799675226211548,0.3685738444328308
tang1,颜色,CTMM13-满印恐龙,CTMM13 - Tất cả các loại khủng long in hình,SAI,Màu sắc,颜色: CTMM13-满印恐龙,Màu sắc: CTMM13 - Tất cả các loại khủng long in hình,0.7151331901550293,0.7868403196334839,0.287514328956604
tang1,颜色,挂钩80长盒8*5.1*1.5CM,"Móc treo hộp dài 80 chiếc, kích thước 8*5.1*1.5CM",SAI,Màu sắc,颜色: 挂钩80长盒8*5.1*1.5CM,"Màu sắc: Móc treo hộp dài 80 chiếc, kích thước 8*5.1*1.5CM",0.7574810981750488,0.752556324005127,0.36064016819000244
tang1,使用场景,换季维稳,Điều chỉnh theo mùa & Tính ổn định,SAI,Tình huống sử dụng,使用场景: 换季维稳,Tình huống sử dụng: Điều chỉnh theo mùa & Tính ổn định,0.6759859919548035,0.7583912014961243,0.4707081913948059
tang1,包装规格,Ginseng Six Treasures Tea【20小包】人参五宝茶,Trà Sâm Ngũ Bảo [20 gói nhỏ],DUNG,Quy cách đóng gói,包装规格: Ginseng Six Treasures Tea【20小包】人参五宝茶,Quy cách đóng gói: Trà Sâm Ngũ Bảo [20 gói nhỏ],0.6341747045516968,0.6468786001205444,0.5623177886009216
tang1,颜色,黑银撞色,Màu sắc tương phản màu đen và bạc,DUNG,Màu sắc,颜色: 黑银撞色,Màu sắc: Màu sắc tương phản màu đen và bạc,0.7211755514144897,0.7346762418746948,0.48365843296051025
tang1,尺寸规格,200x230cm单件被套【A类母婴级/亲肤可裸睡】,"Vỏ chăn đơn kích thước 200x230cm [loại A, phù hợp cho trẻ sơ sinh và trẻ nhỏ, chất liệu mềm mại, có thể dùng làm đồ ngủ nhẹ]",SAI,Kích thước,尺寸规格: 200x230cm单件被套【A类母婴级/亲肤可裸睡】,"Kích thước: Vỏ chăn đơn kích thước 200x230cm [loại A, phù hợp cho trẻ sơ sinh và trẻ nhỏ, chất liệu mềm mại, có thể dùng làm đồ ngủ nhẹ]",0.7457005381584167,0.767168402671814,0.7046499252319336
tang1,尺寸规格,200x230cm单夏被+1.5床笠+枕套一对,"Chăn hè đơn, kích thước 200x230cm + ga trải giường có chun, kích thước 1.5m + một bộ vỏ gối",DUNG,Kích thước,尺寸规格: 200x230cm单夏被+1.5床笠+枕套一对,"Kích thước: Chăn hè đơn, kích thước 200x230cm + ga trải giường có chun, kích thước 1.5m + một bộ vỏ gối",0.7741186618804932,0.7885234355926514,0.6384778618812561
tang1,尺寸规格,200x230cm单夏被+1.8床笠+枕套一对,"Chăn hè đơn, kích thước 200x230cm + ga trải giường có chun, kích thước 1.8m + một bộ vỏ gối",DUNG,Kích thước,尺寸规格: 200x230cm单夏被+1.8床笠+枕套一对,"Kích thước: Chăn hè đơn, kích thước 200x230cm + ga trải giường có chun, kích thước 1.8m + một bộ vỏ gối",0.7698639631271362,0.7869570255279541,0.5902780294418335
tang1,尺寸规格,200x230cm单被套【不起球 不掉色 无静电】,Vỏ chăn đơn 200x230cm,SAI,Kích thước,尺寸规格: 200x230cm单被套【不起球 不掉色 无静电】,Kích thước: Vỏ chăn đơn 200x230cm,0.7066026926040649,0.7134224772453308,0.46323174238204956
tang1,颜色,2026二代黑灰M1,"M1 thế hệ thứ hai màu đen xám, phiên bản 2026",DUNG,Màu sắc,颜色: 2026二代黑灰M1,"Màu sắc: M1 thế hệ thứ hai màu đen xám, phiên bản 2026",0.8274543881416321,0.8357671499252319,0.343902587890625
tang1,颜色,2026二代黑灰M2,"M2 thế hệ thứ hai màu đen và xám, phiên bản 2026",DUNG,Màu sắc,颜色: 2026二代黑灰M2,"Màu sắc: M2 thế hệ thứ hai màu đen và xám, phiên bản 2026",0.8237048387527466,0.833304762840271,0.3382415175437927
tang1,颜色,2144【100棉春秋款】绿,2144 [100 bông mùa xuân và mùa thu] màu xanh lá cây,SAI,Màu sắc,颜色: 2144【100棉春秋款】绿,Màu sắc: 2144 [100 bông mùa xuân và mùa thu] màu xanh lá cây,0.693061113357544,0.7111916542053223,0.3752540349960327
tang1,颜色,21格绿色中英文（跨境）,21 lưới màu xanh lá cây tiếng Trung và tiếng Anh (xuyên biên giới),SAI,Màu sắc,颜色: 21格绿色中英文（跨境）,Màu sắc: 21 lưới màu xanh lá cây tiếng Trung và tiếng Anh (xuyên biên giới),0.7123101949691772,0.7481091618537903,0.4154367446899414
tang1,尺寸规格,220x240cm单件被套【A类母婴级/亲肤可裸睡】,"Vỏ chăn đơn kích thước 220x240cm [loại A, phù hợp cho trẻ sơ sinh và trẻ nhỏ, chất liệu mềm mại, có thể mặc trực tiếp lên da]",SAI,Kích thước,尺寸规格: 220x240cm单件被套【A类母婴级/亲肤可裸睡】,"Kích thước: Vỏ chăn đơn kích thước 220x240cm [loại A, phù hợp cho trẻ sơ sinh và trẻ nhỏ, chất liệu mềm mại, có thể mặc trực tiếp lên da]",0.7552128434181213,0.7733769416809082,0.7163634300231934
tang1,尺寸,22寸【出差必备】,22inch [Cần thiết cho những chuyến công tác],DUNG,Kích thước,尺寸: 22寸【出差必备】,Kích thước: 22inch [Cần thiết cho những chuyến công tác],0.9009219408035278,0.9030566215515137,0.5529181361198425
tang1,尺寸,22寸【出差必备】,22inch [Một thứ không thể thiếu cho những chuyến công tác],DUNG,Kích thước,尺寸: 22寸【出差必备】,Kích thước: 22inch [Một thứ không thể thiếu cho những chuyến công tác],0.8894090056419373,0.8918352723121643,0.45531097054481506
tang1,尺寸,22寸【良缘由夙缔，佳偶自天成】,"22inch [Hôn nhân tốt đẹp được tạo nên từ rất lâu trước, còn những cặp đôi tốt đẹp được tạo nên từ thiên đường]",DUNG,Kích thước,尺寸: 22寸【良缘由夙缔，佳偶自天成】,"Kích thước: 22inch [Hôn nhân tốt đẹp được tạo nên từ rất lâu trước, còn những cặp đôi tốt đẹp được tạo nên từ thiên đường]",0.736628532409668,0.7934985756874084,0.4824111759662628
tang1,容量,240ml(单个的价）,240ml (giá trên là giá cho một sản phẩm),DUNG,Dung tích,容量: 240ml(单个的价）,Dung tích: 240ml (giá trên là giá cho một sản phẩm),0.9052796959877014,0.9010670185089111,0.5173066258430481
tang1,容量,240ml_暖沁粉（6-12月）奶嘴重力球+【鸭嘴+吸嘴】,240ml_Màu hồng nhạt (dành cho bé từ 6-12 tháng tuổi) – bình sữa có núm vú và quả bóng tạo lực hút + [đầu vòi hình mỏ vịt + đầu hút),SAI,Dung tích,容量: 240ml_暖沁粉（6-12月）奶嘴重力球+【鸭嘴+吸嘴】,Dung tích: 240ml_Màu hồng nhạt (dành cho bé từ 6-12 tháng tuổi) – bình sữa có núm vú và quả bóng tạo lực hút + [đầu vòi hình mỏ vịt + đầu hút),0.6489959359169006,0.7001591920852661,0.4258369207382202
tang1,容量,240ml_珍珠米（1-3岁）吸嘴直吸管+【鸭嘴+吸嘴】,240ml_Bình nước hình hạt ngọc trai (dành cho trẻ từ 1-3 tuổi) có ống hút trực tiếp + [đầu vòi hình mỏ vịt + đầu vòi hút],SAI,Dung tích,容量: 240ml_珍珠米（1-3岁）吸嘴直吸管+【鸭嘴+吸嘴】,Dung tích: 240ml_Bình nước hình hạt ngọc trai (dành cho trẻ từ 1-3 tuổi) có ống hút trực tiếp + [đầu vòi hình mỏ vịt + đầu vòi hút],0.6473309397697449,0.6678874492645264,0.39485400915145874
tang1,容量,240ml【6-12月+】自带十字嘴+鸭嘴+吸嘴+吸管+手柄,"Dung tích 240ml [dành cho bé từ 6-12 tháng tuổi trở lên], đi kèm với vòi hình chữ thập, vòi hình mỏ vịt, miếng hút, ống hút và tay cầm",DUNG,Dung tích,容量: 240ml【6-12月+】自带十字嘴+鸭嘴+吸嘴+吸管+手柄,"Dung tích: Dung tích 240ml [dành cho bé từ 6-12 tháng tuổi trở lên], đi kèm với vòi hình chữ thập, vòi hình mỏ vịt, miếng hút, ống hút và tay cầm",0.763374388217926,0.7876332998275757,0.6648116111755371
tang1,容量,240ml奶瓶A款裸装（绿色）,"Bình sữa cho bé, dung tích 240ml, mẫu A, bao bì đơn giản (màu xanh lá cây)",DUNG,Dung tích,容量: 240ml奶瓶A款裸装（绿色）,"Dung tích: Bình sữa cho bé, dung tích 240ml, mẫu A, bao bì đơn giản (màu xanh lá cây)",0.6481488943099976,0.6826400756835938,0.4882379174232483
tang1,容量,240ml奶瓶B款裸装（棕色）,"Bình sữa cho bé, dung tích 240ml, mẫu B, thiết kế đơn giản (màu nâu)",SAI,Dung tích,容量: 240ml奶瓶B款裸装（棕色）,"Dung tích: Bình sữa cho bé, dung tích 240ml, mẫu B, thiết kế đơn giản (màu nâu)",0.6177041530609131,0.6679848432540894,0.42721688747406006
tang1,容量,240ml彩绘叶子【6-9月】PPSU,"Chai hình lá vẽ, dung tích 240ml [Tháng 6 - Tháng 9], chất liệu PPSU",SAI,Dung tích,容量: 240ml彩绘叶子【6-9月】PPSU,"Dung tích: Chai hình lá vẽ, dung tích 240ml [Tháng 6 - Tháng 9], chất liệu PPSU",0.765947699546814,0.773052453994751,0.49329179525375366
tang1,容量,240ml玻璃奶瓶【L码6-10月】,"Bình sữa thủy tinh cho bé, dung tích 240ml [Kích cỡ L, dành cho bé từ 6 đến 10 tháng tuổi]",DUNG,Dung tích,容量: 240ml玻璃奶瓶【L码6-10月】,"Dung tích: Bình sữa thủy tinh cho bé, dung tích 240ml [Kích cỡ L, dành cho bé từ 6 đến 10 tháng tuổi]",0.7269750833511353,0.7657230496406555,0.4997174143791199
tang1,容量,240ml玻璃奶瓶【M码3-6月】,"Bình sữa thủy tinh 240ml [Kích cỡ M, dành cho bé từ 3-6 tháng tuổi]",DUNG,Dung tích,容量: 240ml玻璃奶瓶【M码3-6月】,"Dung tích: Bình sữa thủy tinh 240ml [Kích cỡ M, dành cho bé từ 3-6 tháng tuổi]",0.7462683916091919,0.779267430305481,0.6260467171669006
tang1,容量,240ml自带S（1-3月）+M码2个,"240ml, đi kèm với cỡ S (dành cho bé từ 1-3 tháng tuổi) + 2 sản phẩm cỡ M",SAI,Dung tích,容量: 240ml自带S（1-3月）+M码2个,"Dung tích: 240ml, đi kèm với cỡ S (dành cho bé từ 1-3 tháng tuổi) + 2 sản phẩm cỡ M",0.8014957904815674,0.8391222953796387,0.5508191585540771
tang1,容量,240ml自带十字嘴（6月+）+吸嘴+鸭嘴【手柄款】,"Dung tích 240ml, đi kèm vòi hình chữ thập (dành cho bé từ 6 tháng tuổi trở lên) + vòi hút + vòi hình mỏ vịt [phiên bản có tay cầm]",DUNG,Dung tích,容量: 240ml自带十字嘴（6月+）+吸嘴+鸭嘴【手柄款】,"Dung tích: Dung tích 240ml, đi kèm vòi hình chữ thập (dành cho bé từ 6 tháng tuổi trở lên) + vòi hút + vòi hình mỏ vịt [phiên bản có tay cầm]",0.746458113193512,0.7905849814414978,0.500135600566864
tang1,容量,240ml黄色名流豹【3-6月】PPSU,240ml Bình sữa PPSU họa tiết báo vàng nổi tiếng [Tháng 3-Tháng 6],SAI,Dung tích,容量: 240ml黄色名流豹【3-6月】PPSU,Dung tích: 240ml Bình sữa PPSU họa tiết báo vàng nổi tiếng [Tháng 3-Tháng 6],0.6491641998291016,0.6876873970031738,0.4545442461967468
tang1,颜色,24格20*14*1.7cm（无挂钩）,"24 ngăn, kích thước 20*14*1.7cm (không kèm móc treo)",DUNG,Màu sắc,颜色: 24格20*14*1.7cm（无挂钩）,"Màu sắc: 24 ngăn, kích thước 20*14*1.7cm (không kèm móc treo)",0.8332009315490723,0.8446049094200134,0.46426212787628174
tang1,容量,250ml奶瓶A款绿色（彩盒装）,"Bình sữa cho bé loại A, dung tích 250ml, màu xanh lá cây (đóng gói trong hộp màu)",DUNG,Dung tích,容量: 250ml奶瓶A款绿色（彩盒装）,"Dung tích: Bình sữa cho bé loại A, dung tích 250ml, màu xanh lá cây (đóng gói trong hộp màu)",0.6973845958709717,0.7397891283035278,0.5126913189888
tang1,规格,26*26 独立包装,"26*26, mỗi sản phẩm được đóng gói riêng",DUNG,Quy cách,规格: 26*26 独立包装,"Quy cách: 26*26, mỗi sản phẩm được đóng gói riêng",0.8636887073516846,0.8640745878219604,0.6103397011756897
tang1,容量,260ml【自带s】1-3月+m码2个【送！温奶垫】,260ml[có ống hút tích hợp]dành cho bé 1-3 tháng tuổi+size M 2 chiếc[miễn phí! miếng giữ nhiệt bình sữa],SAI,Dung tích,容量: 260ml【自带s】1-3月+m码2个【送！温奶垫】,Dung tích: 260ml[có ống hút tích hợp]dành cho bé 1-3 tháng tuổi+size M 2 chiếc[miễn phí! miếng giữ nhiệt bình sữa],0.7750098705291748,0.8024644255638123,0.45259642601013184
tang1,尺寸,280#【长63宽44高35cm】带轮,280 # [chiều dài 63 chiều rộng 44 chiều cao 35cm] với bánh xe,DUNG,Kích thước,尺寸: 280#【长63宽44高35cm】带轮,Kích thước: 280 # [chiều dài 63 chiều rộng 44 chiều cao 35cm] với bánh xe,0.8467252850532532,0.8476512432098389,0.44849154353141785
tang1,颜色,28掌纹浅粉,"28, họa tiết hình bàn tay, màu hồng nhạt",DUNG,Màu sắc,颜色: 28掌纹浅粉,"Màu sắc: 28, họa tiết hình bàn tay, màu hồng nhạt",0.7031083106994629,0.7461256980895996,0.37319618463516235
tang1,包装规格,2包【约5g/包】代发定制 详询客服,"2 gói [khoảng 5g/gói] tùy chỉnh, vui lòng liên hệ bộ phận chăm sóc khách hàng để biết chi tiết",SAI,Quy cách đóng gói,包装规格: 2包【约5g/包】代发定制 详询客服,"Quy cách đóng gói: 2 gói [khoảng 5g/gói] tùy chỉnh, vui lòng liên hệ bộ phận chăm sóc khách hàng để biết chi tiết",0.8107739090919495,0.8502269983291626,0.511675238609314
tang1,尺寸,30#【长30宽21高17cm】无轮,30 # [chiều dài 30 chiều rộng 21 chiều cao 17cm] không có bánh xe,DUNG,Kích thước,尺寸: 30#【长30宽21高17cm】无轮,Kích thước: 30 # [chiều dài 30 chiều rộng 21 chiều cao 17cm] không có bánh xe,0.8614920377731323,0.875319242477417,0.5196854472160339
tang1,颜色,30*20HAPPY狗竹节包,"Túi tre đựng đồ hình chó ""HAPPY"" kích thước 30*20",SAI,Màu sắc,颜色: 30*20HAPPY狗竹节包,"Màu sắc: Túi tre đựng đồ hình chó ""HAPPY"" kích thước 30*20",0.7000781297683716,0.7339259386062622,0.4990133047103882
tang1,颜色,30*20国风蓝HAPPY狗,30*20 phong cách dân tộc màu xanh HAPPY dog,SAI,Màu sắc,颜色: 30*20国风蓝HAPPY狗,Màu sắc: 30*20 phong cách dân tộc màu xanh HAPPY dog,0.7881559133529663,0.8156366348266602,0.438937783241272
tang1,颜色,30*20国风蓝斑点狗,"Chó Dalmatian xanh dương phong cách dân tộc, kích thước 30x20",DUNG,Màu sắc,颜色: 30*20国风蓝斑点狗,"Màu sắc: Chó Dalmatian xanh dương phong cách dân tộc, kích thước 30x20",0.6739033460617065,0.6972295641899109,0.5086750984191895
tang1,颜色,30*20国风蓝编织把HAPPY,"Tay cầm dệt kiểu Trung Quốc màu xanh dương 30*20, chữ ""HAPPY"" (Hạnh Phúc)",DUNG,Màu sắc,颜色: 30*20国风蓝编织把HAPPY,"Màu sắc: Tay cầm dệt kiểu Trung Quốc màu xanh dương 30*20, chữ ""HAPPY"" (Hạnh Phúc)",0.6542379260063171,0.6886574029922485,0.3328154385089874
tang1,规格,30*30 独立包装,"30*30, mỗi sản phẩm được đóng gói riêng",DUNG,Quy cách,规格: 30*30 独立包装,"Quy cách: 30*30, mỗi sản phẩm được đóng gói riêng",0.8688742518424988,0.867962121963501,0.4750036597251892
tang1,容量,300mL偏中心PPSU水杯【12+】,"Ly đựng nước PPSU dung tích 300ml, có thiết kế phần thân hơi lệch khỏi tâm [12+]",DUNG,Dung tích,容量: 300mL偏中心PPSU水杯【12+】,"Dung tích: Ly đựng nước PPSU dung tích 300ml, có thiết kế phần thân hơi lệch khỏi tâm [12+]",0.8013463020324707,0.7755725979804993,0.43239864706993103
tang1,容量,300ml_暖沁粉（6-12月）奶嘴重力球+【鸭嘴+吸嘴】,300ml_Màu hồng nhạt (dành cho bé từ 6-12 tháng tuổi) + bóng tạo lực hút tự nhiên + [đầu hút hình mỏ vịt + đầu hút có lực hút],SAI,Dung tích,容量: 300ml_暖沁粉（6-12月）奶嘴重力球+【鸭嘴+吸嘴】,Dung tích: 300ml_Màu hồng nhạt (dành cho bé từ 6-12 tháng tuổi) + bóng tạo lực hút tự nhiên + [đầu hút hình mỏ vịt + đầu hút có lực hút],0.6588011980056763,0.6953012943267822,0.44652891159057617
tang1,容量,300ml【6-12月+】自带十字嘴+鸭嘴+吸嘴+吸管+手柄,"Dung tích 300ml [dành cho bé từ 6-12 tháng tuổi trở lên], đi kèm với vòi hình chữ thập, vòi hình mỏ vịt, miếng hút, ống hút và tay cầm",DUNG,Dung tích,容量: 300ml【6-12月+】自带十字嘴+鸭嘴+吸嘴+吸管+手柄,"Dung tích: Dung tích 300ml [dành cho bé từ 6-12 tháng tuổi trở lên], đi kèm với vòi hình chữ thập, vòi hình mỏ vịt, miếng hút, ống hút và tay cầm",0.7601156234741211,0.786176323890686,0.5402579307556152
tang1,容量,300ml偏中心PPSU奶瓶【Y12+】,"Bình sữa PPSU cho bé, dung tích 300ml, có vòi hút ở giữa [Y12+]",SAI,Dung tích,容量: 300ml偏中心PPSU奶瓶【Y12+】,"Dung tích: Bình sữa PPSU cho bé, dung tích 300ml, có vòi hút ở giữa [Y12+]",0.7944355010986328,0.7951667904853821,0.6000169515609741
tang1,容量,300ml标配-鸭嘴,300ml tiêu chuẩn - vòi phun hình mỏ vịt,DUNG,Dung tích,容量: 300ml标配-鸭嘴,Dung tích: 300ml tiêu chuẩn - vòi phun hình mỏ vịt,0.6635167598724365,0.6638336777687073,0.4284476637840271
tang1,容量,300ml（6个月以上选）,300ml (khuyến nghị cho trẻ từ 6 tháng tuổi trở lên),DUNG,Dung tích,容量: 300ml（6个月以上选）,Dung tích: 300ml (khuyến nghị cho trẻ từ 6 tháng tuổi trở lên),0.8817142248153687,0.8766371011734009,0.6765955686569214
tang1,颜色,30684-3浅驼棕（中筒内增高4cm),"30684-3 Màu nâu lạc đà nhạt (dài đến giữa bắp chân, tăng chiều cao bên trong 4cm)",DUNG,Màu sắc,颜色: 30684-3浅驼棕（中筒内增高4cm),"Màu sắc: 30684-3 Màu nâu lạc đà nhạt (dài đến giữa bắp chân, tăng chiều cao bên trong 4cm)",0.7090924978256226,0.752304196357727,0.44854387640953064
tang1,颜色,30687-5浅驼棕（中筒内增高7cm),"30687-5 Nâu Lạc Đà Sáng (Chiều cao đến giữa bắp chân, tăng chiều cao bên trong 7cm)",DUNG,Màu sắc,颜色: 30687-5浅驼棕（中筒内增高7cm),"Màu sắc: 30687-5 Nâu Lạc Đà Sáng (Chiều cao đến giữa bắp chân, tăng chiều cao bên trong 7cm)",0.6680770516395569,0.7244182229042053,0.5118438601493835
tang1,颜色,30687浅驼棕（短筒内增高7cm),"30687 Màu nâu lạc đà nhạt (tăng chiều cao bên trong 7cm, phù hợp với những đôi bốt ngắn)",DUNG,Màu sắc,颜色: 30687浅驼棕（短筒内增高7cm),"Màu sắc: 30687 Màu nâu lạc đà nhạt (tăng chiều cao bên trong 7cm, phù hợp với những đôi bốt ngắn)",0.7163048982620239,0.7388328313827515,0.3565791845321655
tang1,颜色,30CM瓶高（配10瓶2球）,Chiều cao của bộ sản phẩm là 30cm (bao gồm 10 chai và 2 quả bóng),SAI,Màu sắc,颜色: 30CM瓶高（配10瓶2球）,Màu sắc: Chiều cao của bộ sản phẩm là 30cm (bao gồm 10 chai và 2 quả bóng),0.8198612928390503,0.8369898796081543,0.40225517749786377
tang1,包装规格,30元/斤绿版龙井,30 nhân dân tệ/jin phiên bản màu xanh lá cây của Long Tỉnh,DUNG,Quy cách đóng gói,包装规格: 30元/斤绿版龙井,Quy cách đóng gói: 30 nhân dân tệ/jin phiên bản màu xanh lá cây của Long Tỉnh,0.676479160785675,0.7464621067047119,0.49069899320602417
tang1,包装规格,30包【约5g/包】代发定制 详询客服,"30 gói [khoảng 5g/gói] giao hàng tùy chỉnh, vui lòng liên hệ bộ phận chăm sóc khách hàng để biết chi tiết",SAI,Quy cách đóng gói,包装规格: 30包【约5g/包】代发定制 详询客服,"Quy cách đóng gói: 30 gói [khoảng 5g/gói] giao hàng tùy chỉnh, vui lòng liên hệ bộ phận chăm sóc khách hàng để biết chi tiết",0.8202757835388184,0.8514240384101868,0.44903847575187683
tang1,容量,330ml粉色【6-9月】hegen同款,330ml màu hồng [tháng 6-tháng 9] kiểu dáng tương tự như Hegen,SAI,Dung tích,容量: 330ml粉色【6-9月】hegen同款,Dung tích: 330ml màu hồng [tháng 6-tháng 9] kiểu dáng tương tự như Hegen,0.8621985912322998,0.8779534101486206,0.4290948510169983
tang1,颜色,3515强人-蓝色,3515 người đàn ông mạnh mẽ-màu xanh lam,SAI,Màu sắc,颜色: 3515强人-蓝色,Màu sắc: 3515 người đàn ông mạnh mẽ-màu xanh lam,0.739327073097229,0.7932243347167969,0.39064425230026245
tang1,尺码,36(偏小一码),"36 (size hơi nhỏ, nên chọn lớn hơn một cỡ)",DUNG,Kích cỡ,尺码: 36(偏小一码),"Kích cỡ: 36 (size hơi nhỏ, nên chọn lớn hơn một cỡ)",0.8031954169273376,0.8800375461578369,0.5647810101509094
tang1,尺寸,360#【长70宽48高38cm】带轮,"360 # [Chiều dài 70cm, chiều rộng 48cm, chiều cao 38cm]. Có bánh xe",DUNG,Kích thước,尺寸: 360#【长70宽48高38cm】带轮,"Kích thước: 360 # [Chiều dài 70cm, chiều rộng 48cm, chiều cao 38cm]. Có bánh xe",0.8746802806854248,0.8797121047973633,0.5376390814781189
tang1,尺寸,360#【长70宽48高38cm】带轮,360 # [chiều dài 70 chiều rộng 48 chiều cao 38cm] bánh xe,DUNG,Kích thước,尺寸: 360#【长70宽48高38cm】带轮,Kích thước: 360 # [chiều dài 70 chiều rộng 48 chiều cao 38cm] bánh xe,0.8143627643585205,0.8103545904159546,0.4103071391582489
tang1,尺码,36（偏小一码）,"36 (kích thước nhỏ, nên cân nhắc đặt lớn hơn một cỡ)",DUNG,Kích cỡ,尺码: 36（偏小一码）,"Kích cỡ: 36 (kích thước nhỏ, nên cân nhắc đặt lớn hơn một cỡ)",0.7991302013397217,0.8237118721008301,0.5375010967254639
tang1,尺码,36（对应脚长233.34）,36 (tương ứng với chiều dài bàn chân 233.34),DUNG,Kích cỡ,尺码: 36（对应脚长233.34）,Kích cỡ: 36 (tương ứng với chiều dài bàn chân 233.34),0.9303017258644104,0.9151750802993774,0.4201381802558899
tang1,尺码,37(偏小一码),"37 (size hơi nhỏ, nên chọn lớn hơn một cỡ)",DUNG,Kích cỡ,尺码: 37(偏小一码),"Kích cỡ: 37 (size hơi nhỏ, nên chọn lớn hơn một cỡ)",0.8042088747024536,0.8889637589454651,0.49130526185035706
tang1,尺码,37偏大一码（需要半码联系客服）,37 có kích thước lớn hơn (vui lòng liên hệ bộ phận dịch vụ khách hàng nếu bạn cần size nhỏ hơn một nửa),SAI,Kích cỡ,尺码: 37偏大一码（需要半码联系客服）,Kích cỡ: 37 có kích thước lớn hơn (vui lòng liên hệ bộ phận dịch vụ khách hàng nếu bạn cần size nhỏ hơn một nửa),0.8288744688034058,0.8612500429153442,0.5875252485275269
tang1,尺码,37鞋子偏瘦建议拍大一码,"Đối với giày cỡ 37, có xu hướng chạy hẹp, chúng tôi khuyên bạn nên đặt hàng lớn hơn một cỡ",DUNG,Kích cỡ,尺码: 37鞋子偏瘦建议拍大一码,"Kích cỡ: Đối với giày cỡ 37, có xu hướng chạy hẹp, chúng tôi khuyên bạn nên đặt hàng lớn hơn một cỡ",0.7750915288925171,0.764708399772644,0.6761496067047119
tang1,尺码,37（对应脚长240）,37 (tương ứng với chiều dài bàn chân 240),DUNG,Kích cỡ,尺码: 37（对应脚长240）,Kích cỡ: 37 (tương ứng với chiều dài bàn chân 240),0.9163513779640198,0.9100152254104614,0.582276463508606
tang1,尺码,38(偏小一码),"38 (kích thước nhỏ, nên cân nhắc đặt lớn hơn một cỡ)",DUNG,Kích cỡ,尺码: 38(偏小一码),"Kích cỡ: 38 (kích thước nhỏ, nên cân nhắc đặt lớn hơn một cỡ)",0.804508626461029,0.8184096217155457,0.49033838510513306
tang1,尺码,38-39（偏小一码）,38-39 (size nhỏ hơn so với thông thường),DUNG,Kích cỡ,尺码: 38-39（偏小一码）,Kích cỡ: 38-39 (size nhỏ hơn so với thông thường),0.8914072513580322,0.8961983919143677,0.6125497221946716
tang1,包装规格,38-40原味【10条】送10袋干料,38-40 hương vị nguyên bản [10 miếng] miễn phí 10 túi nguyên liệu khô,DUNG,Quy cách đóng gói,包装规格: 38-40原味【10条】送10袋干料,Quy cách đóng gói: 38-40 hương vị nguyên bản [10 miếng] miễn phí 10 túi nguyên liệu khô,0.8078010678291321,0.8111622333526611,0.4417541027069092
tang1,包装规格,38-40原味【5条】送5袋干料,38-40 hương vị nguyên bản [5 miếng] miễn phí 5 túi nguyên liệu khô,DUNG,Quy cách đóng gói,包装规格: 38-40原味【5条】送5袋干料,Quy cách đóng gói: 38-40 hương vị nguyên bản [5 miếng] miễn phí 5 túi nguyên liệu khô,0.811086893081665,0.8162736892700195,0.5038008689880371
tang1,尺码,38/39（适合平时37-38）,38/39 (thích hợp cho những ngày bình thường 37-38),SAI,Kích cỡ,尺码: 38/39（适合平时37-38）,Kích cỡ: 38/39 (thích hợp cho những ngày bình thường 37-38),0.9065102338790894,0.8917557001113892,0.6903111934661865
tang1,尺码,38/39（适合平时37-38）,38/39 (thích hợp cho thời điểm bình thường 37-38),SAI,Kích cỡ,尺码: 38/39（适合平时37-38）,Kích cỡ: 38/39 (thích hợp cho thời điểm bình thường 37-38),0.897374153137207,0.8706197738647461,0.46848079562187195
tang1,尺寸,380#【长70宽49高40cm】带轮,380 # [chiều dài 70 chiều rộng 49 chiều cao 40cm] bánh xe,DUNG,Kích thước,尺寸: 380#【长70宽49高40cm】带轮,Kích thước: 380 # [chiều dài 70 chiều rộng 49 chiều cao 40cm] bánh xe,0.8040857911109924,0.8059309720993042,0.32611221075057983
tang1,尺码,38定做不退不换,"38 Sản phẩm được làm theo yêu cầu riêng, không chấp nhận đổi trả",DUNG,Kích cỡ,尺码: 38定做不退不换,"Kích cỡ: 38 Sản phẩm được làm theo yêu cầu riêng, không chấp nhận đổi trả",0.8205075263977051,0.825228214263916,0.8205075263977051
tang1,尺码,38（对应脚长246.66）,38 (tương ứng với chiều dài bàn chân 246.66),DUNG,Kích cỡ,尺码: 38（对应脚长246.66）,Kích cỡ: 38 (tương ứng với chiều dài bàn chân 246.66),0.9266865849494934,0.9043999910354614,0.6824063062667847
tang1,尺码,39(偏小一码),"39 (kích thước nhỏ, nên cân nhắc đặt lớn hơn một cỡ)",DUNG,Kích cỡ,尺码: 39(偏小一码),"Kích cỡ: 39 (kích thước nhỏ, nên cân nhắc đặt lớn hơn một cỡ)",0.7925691604614258,0.8217424750328064,0.6300463080406189
tang1,尺码,39（对应脚长253.32）,39 (tương ứng với chiều dài bàn chân 253.32),DUNG,Kích cỡ,尺码: 39（对应脚长253.32）,Kích cỡ: 39 (tương ứng với chiều dài bàn chân 253.32),0.9090390205383301,0.8973914384841919,0.5192981362342834
tang1,尺码,3XL（需求多件请私聊客服）,3XL (vui lòng liên hệ riêng với bộ phận chăm sóc khách hàng nếu bạn cần nhiều sản phẩm),DUNG,Kích cỡ,尺码: 3XL（需求多件请私聊客服）,Kích cỡ: 3XL (vui lòng liên hệ riêng với bộ phận chăm sóc khách hàng nếu bạn cần nhiều sản phẩm),0.8749709725379944,0.8850438594818115,0.6868341565132141
tang1,颜色分类,3寸单录1080P（不带WIFI版）无卡,32G内存卡,SAI,Phân loại màu sắc,颜色分类: 3寸单录1080P（不带WIFI版）无卡,Phân loại màu sắc: 32G内存卡,0.4820218086242676,0.5375622510910034,0.33102959394454956
tang1,颜色分类,3寸双录1080P（不带WIFI版）无卡,64G内存卡,SAI,Phân loại màu sắc,颜色分类: 3寸双录1080P（不带WIFI版）无卡,Phân loại màu sắc: 64G内存卡,0.5014574527740479,0.5493717193603516,0.7162407636642456
tang1,颜色分类,3镜头投屏记录仪,Camera hành trình 3 ống kính có chức năng phản chiếu màn hình,DUNG,Phân loại màu sắc,颜色分类: 3镜头投屏记录仪,Phân loại màu sắc: Camera hành trình 3 ống kính có chức năng phản chiếu màn hình,0.6252709031105042,0.6833024024963379,0.44429439306259155
tang1,颜色,40#【长39.5宽29.5高22】高透,40 # [Dài 39.5 Chiều rộng 29.5 Chiều cao 22] Độ trong suốt cao,DUNG,Màu sắc,颜色: 40#【长39.5宽29.5高22】高透,Màu sắc: 40 # [Dài 39.5 Chiều rộng 29.5 Chiều cao 22] Độ trong suốt cao,0.8476653099060059,0.8835923671722412,0.48894912004470825
tang1,尺码,40(偏小一码),"40 (size hơi nhỏ, nên chọn lớn hơn một cỡ)",DUNG,Kích cỡ,尺码: 40(偏小一码),"Kích cỡ: 40 (size hơi nhỏ, nên chọn lớn hơn một cỡ)",0.7961832880973816,0.8710885047912598,0.56242835521698
tang1,尺码,40/41（适合平时39-40）,40/41 (thích hợp cho thời điểm bình thường 39-40),SAI,Kích cỡ,尺码: 40/41（适合平时39-40）,Kích cỡ: 40/41 (thích hợp cho thời điểm bình thường 39-40),0.8899952173233032,0.8747040033340454,0.6307939291000366
tang1,尺码,40【偏小一码】,"40 [Sản phẩm có kích cỡ nhỏ hơn so với thông thường, nên cân nhắc chọn cỡ lớn hơn một chút khi đặt hàng]",DUNG,Kích cỡ,尺码: 40【偏小一码】,"Kích cỡ: 40 [Sản phẩm có kích cỡ nhỏ hơn so với thông thường, nên cân nhắc chọn cỡ lớn hơn một chút khi đặt hàng]",0.6787639856338501,0.7674688100814819,0.5096315741539001
tang1,包装规格,40元/斤绿版龙井,40 nhân dân tệ/kg phiên bản màu xanh lá cây Long Tỉnh,SAI,Quy cách đóng gói,包装规格: 40元/斤绿版龙井,Quy cách đóng gói: 40 nhân dân tệ/kg phiên bản màu xanh lá cây Long Tỉnh,0.6976675391197205,0.7646173238754272,0.4851195216178894
tang1,尺码,40鞋子偏瘦建议拍大一码,"Đối với cỡ giày 40, nếu bạn có bàn chân hẹp, chúng tôi khuyên bạn nên đặt hàng lớn hơn một cỡ",DUNG,Kích cỡ,尺码: 40鞋子偏瘦建议拍大一码,"Kích cỡ: Đối với cỡ giày 40, nếu bạn có bàn chân hẹp, chúng tôi khuyên bạn nên đặt hàng lớn hơn một cỡ",0.7476986646652222,0.7533631324768066,0.5524282455444336
tang1,尺码,40（对应脚长259.98）,40 (tương ứng với chiều dài bàn chân 259.98),DUNG,Kích cỡ,尺码: 40（对应脚长259.98）,Kích cỡ: 40 (tương ứng với chiều dài bàn chân 259.98),0.9176168441772461,0.9002838730812073,0.47019848227500916
tang1,尺码,41(偏小一码),"41 (size hơi nhỏ, nên chọn lớn hơn một cỡ)",DUNG,Kích cỡ,尺码: 41(偏小一码),"Kích cỡ: 41 (size hơi nhỏ, nên chọn lớn hơn một cỡ)",0.7811784744262695,0.882082998752594,0.6773690581321716
tang1,尺码,41（对应脚长266.64）,41 (tương ứng với chiều dài bàn chân 266.64),DUNG,Kích cỡ,尺码: 41（对应脚长266.64）,Kích cỡ: 41 (tương ứng với chiều dài bàn chân 266.64),0.9112975597381592,0.8995404839515686,0.5339378118515015
tang1,尺码,42-43（建议脚长26cm左右）,42-43 (khuyên dùng cho người có chiều dài bàn chân khoảng 26cm),DUNG,Kích cỡ,尺码: 42-43（建议脚长26cm左右）,Kích cỡ: 42-43 (khuyên dùng cho người có chiều dài bàn chân khoảng 26cm),0.8855108618736267,0.880192756652832,0.5933073163032532
tang1,尺码,42/43（适合平时41-42）,42/43 (thích hợp cho thời điểm bình thường 41-42),SAI,Kích cỡ,尺码: 42/43（适合平时41-42）,Kích cỡ: 42/43 (thích hợp cho thời điểm bình thường 41-42),0.8539527058601379,0.8834719657897949,0.6419264078140259
tang1,尺码,42鞋子偏瘦建议拍大一码,"Đối với cỡ giày 42, có xu hướng hẹp, chúng tôi khuyên bạn nên đặt hàng lớn hơn một cỡ",DUNG,Kích cỡ,尺码: 42鞋子偏瘦建议拍大一码,"Kích cỡ: Đối với cỡ giày 42, có xu hướng hẹp, chúng tôi khuyên bạn nên đặt hàng lớn hơn một cỡ",0.7723670601844788,0.7704993486404419,0.69685959815979
tang1,尺码,42（对应脚长273.3）,42 (tương ứng với chiều dài bàn chân 273.3),DUNG,Kích cỡ,尺码: 42（对应脚长273.3）,Kích cỡ: 42 (tương ứng với chiều dài bàn chân 273.3),0.8937937021255493,0.9108810424804688,0.4858880043029785
tang1,尺码,43(偏小一码),"43 (size hơi nhỏ, nên chọn lớn hơn một cỡ)",DUNG,Kích cỡ,尺码: 43(偏小一码),"Kích cỡ: 43 (size hơi nhỏ, nên chọn lớn hơn một cỡ)",0.790504515171051,0.8815653920173645,0.516772985458374
tang1,尺码,43（对应脚长279.96）,43 (tương ứng với chiều dài bàn chân 279.96),DUNG,Kích cỡ,尺码: 43（对应脚长279.96）,Kích cỡ: 43 (tương ứng với chiều dài bàn chân 279.96),0.9156576991081238,0.9035868644714355,0.46581417322158813
tang1,尺码,44-45码数，300起定,"Size 44-45, số lượng đặt hàng tối thiểu 300 chiếc",DUNG,Kích cỡ,尺码: 44-45码数，300起定,"Kích cỡ: Size 44-45, số lượng đặt hàng tối thiểu 300 chiếc",0.7694445848464966,0.8278065919876099,0.5445675849914551
tang1,包装规格,44-46原味【10条】送10袋干料,44-46 hương vị nguyên bản [10 miếng] miễn phí 10 túi nguyên liệu khô,DUNG,Quy cách đóng gói,包装规格: 44-46原味【10条】送10袋干料,Quy cách đóng gói: 44-46 hương vị nguyên bản [10 miếng] miễn phí 10 túi nguyên liệu khô,0.8081248998641968,0.8118240833282471,0.5062189698219299
tang1,包装规格,44-46原味【5条】送5袋干料,44-46 hương vị nguyên bản [5 miếng] miễn phí 5 túi nguyên liệu khô,DUNG,Quy cách đóng gói,包装规格: 44-46原味【5条】送5袋干料,Quy cách đóng gói: 44-46 hương vị nguyên bản [5 miếng] miễn phí 5 túi nguyên liệu khô,0.8121654987335205,0.8158648014068604,0.3487561047077179
tang1,尺码,44/45（适合平时43-44）,44/45 (thích hợp cho thời điểm bình thường 43-44),SAI,Kích cỡ,尺码: 44/45（适合平时43-44）,Kích cỡ: 44/45 (thích hợp cho thời điểm bình thường 43-44),0.8604463934898376,0.8825113773345947,0.6721235513687134
tang1,颜色,45*33*33【薄款无隔】,45*33*33 [mô hình mỏng không có vách ngăn],SAI,Màu sắc,颜色: 45*33*33【薄款无隔】,Màu sắc: 45*33*33 [mô hình mỏng không có vách ngăn],0.8453775644302368,0.8558530807495117,0.4689411222934723
tang1,尺码,45鞋子偏瘦建议拍大一码,"Đối với cỡ giày 45, có xu hướng hẹp, chúng tôi khuyên bạn nên đặt hàng lớn hơn một cỡ",DUNG,Kích cỡ,尺码: 45鞋子偏瘦建议拍大一码,"Kích cỡ: Đối với cỡ giày 45, có xu hướng hẹp, chúng tôi khuyên bạn nên đặt hàng lớn hơn một cỡ",0.7780014276504517,0.7698328495025635,0.5641982555389404
tang1,尺码,46鞋子偏瘦建议拍大一码,"Đối với cỡ giày 46, có xu hướng hẹp, chúng tôi khuyên bạn nên đặt hàng lớn hơn một cỡ",DUNG,Kích cỡ,尺码: 46鞋子偏瘦建议拍大一码,"Kích cỡ: Đối với cỡ giày 46, có xu hướng hẹp, chúng tôi khuyên bạn nên đặt hàng lớn hơn một cỡ",0.7765868902206421,0.7657955288887024,0.5303661823272705
tang1,颜色,478#黑白【充电+听歌】,478 # Black and White [Đang nghe bài hát có thể sạc lại],SAI,Màu sắc,颜色: 478#黑白【充电+听歌】,Màu sắc: 478 # Black and White [Đang nghe bài hát có thể sạc lại],0.7991058826446533,0.8451263904571533,0.38934266567230225
tang1,尺寸规格,48*74cm枕套一对【亲肤-裸睡级】,"Một cặp vỏ gối kích thước 48*74cm [chất liệu mềm mại, thân thiện với da – phù hợp để ngủ không mặc quần áo]",DUNG,Kích thước,尺寸规格: 48*74cm枕套一对【亲肤-裸睡级】,"Kích thước: Một cặp vỏ gối kích thước 48*74cm [chất liệu mềm mại, thân thiện với da – phù hợp để ngủ không mặc quần áo]",0.7283481955528259,0.7299506664276123,0.49992644786834717
tang1,尺寸,480#【长81宽60高48cm】带轮,480 # [chiều dài 81 chiều rộng 60 chiều cao 48cm] bánh xe,DUNG,Kích thước,尺寸: 480#【长81宽60高48cm】带轮,Kích thước: 480 # [chiều dài 81 chiều rộng 60 chiều cao 48cm] bánh xe,0.8105899095535278,0.8117104768753052,0.3838599622249603
tang1,颜色,4879.透明筐-高款,4879. Giỏ đựng đồ trong suốt - kiểu dáng cao cấp,SAI,Màu sắc,颜色: 4879.透明筐-高款,Màu sắc: 4879. Giỏ đựng đồ trong suốt - kiểu dáng cao cấp,0.7123533487319946,0.7513562440872192,0.4882718324661255
tang1,规格尺寸,4K【黑光夜视】+128G,4K [Tầm nhìn ban đêm bằng ánh sáng đen] +128G,SAI,Kích thước thông số kỹ thuật,规格尺寸: 4K【黑光夜视】+128G,Kích thước thông số kỹ thuật: 4K [Tầm nhìn ban đêm bằng ánh sáng đen] +128G,0.8341455459594727,0.8431475758552551,0.3269467353820801
tang1,规格尺寸,4K【黑光夜视】+64G,4K [Tầm nhìn ban đêm bằng ánh sáng đen] +64G,SAI,Kích thước thông số kỹ thuật,规格尺寸: 4K【黑光夜视】+64G,Kích thước thông số kỹ thuật: 4K [Tầm nhìn ban đêm bằng ánh sáng đen] +64G,0.8581020832061768,0.8739814758300781,0.3859894275665283
tang1,颜色分类,4K超高清前后双录,Ghi hình kép phía trước và phía sau độ phân giải cực cao 4K,DUNG,Phân loại màu sắc,颜色分类: 4K超高清前后双录,Phân loại màu sắc: Ghi hình kép phía trước và phía sau độ phân giải cực cao 4K,0.794158935546875,0.8019838333129883,0.4582297205924988
tang1,尺码,4XL（需求多件请私聊客服）,4XL (vui lòng liên hệ riêng với bộ phận chăm sóc khách hàng nếu bạn cần nhiều sản phẩm),DUNG,Kích cỡ,尺码: 4XL（需求多件请私聊客服）,Kích cỡ: 4XL (vui lòng liên hệ riêng với bộ phận chăm sóc khách hàng nếu bạn cần nhiều sản phẩm),0.8791329860687256,0.8826920986175537,0.666914701461792
tang1,颜色,5#白色带盖28.5*22*9cm,5# mờ 28.5 * 22 * 9cm,SAI,Màu sắc,颜色: 5#白色带盖28.5*22*9cm,Màu sắc: 5# mờ 28.5 * 22 * 9cm,0.7467207908630371,0.7305951118469238,0.32776814699172974
tang1,尺寸,50#【长38宽27高20cm】无轮,50 # [chiều dài 38 chiều rộng 27 chiều cao 20cm] không có bánh xe,DUNG,Kích thước,尺寸: 50#【长38宽27高20cm】无轮,Kích thước: 50 # [chiều dài 38 chiều rộng 27 chiều cao 20cm] không có bánh xe,0.8677815198898315,0.883922815322876,0.5901733636856079
tang1,电源容量,50000Ah【专供跨境】,50000Ah [chuyên dụng cho thương mại xuyên biên giới],DUNG,Công suất điện,电源容量: 50000Ah【专供跨境】,Công suất điện: 50000Ah [chuyên dụng cho thương mại xuyên biên giới],0.8493463397026062,0.8341909646987915,0.5850071907043457
tang1,花型,507银杏纷飞,Cookies Bear (có kích thước nhỏ),SAI,Hoa văn,花型: 507银杏纷飞,Hoa văn: Cookies Bear (có kích thước nhỏ),0.3202946186065674,0.4117625951766968,0.3032119572162628
tang1,包装规格,50元/斤绿版龙井,50 nhân dân tệ/kg phiên bản màu xanh lá cây Long Tỉnh,SAI,Quy cách đóng gói,包装规格: 50元/斤绿版龙井,Quy cách đóng gói: 50 nhân dân tệ/kg phiên bản màu xanh lá cây Long Tỉnh,0.7002460956573486,0.7709141969680786,0.467410147190094
tang1,花型,511魅影-橘（有小号）,K04艾瑞-紫,SAI,Hoa văn,花型: 511魅影-橘（有小号）,Hoa văn: K04艾瑞-紫,0.49713796377182007,0.5105787515640259,0.4311710000038147
tang1,花型,512魅影-粉（有小号）,507银杏纷飞,SAI,Hoa văn,花型: 512魅影-粉（有小号）,Hoa văn: 507银杏纷飞,0.4830985963344574,0.5214399099349976,0.43667638301849365
tang1,花型,516格调生活-蓝（有小号）,K05艾瑞-灰,SAI,Hoa văn,花型: 516格调生活-蓝（有小号）,Hoa văn: K05艾瑞-灰,0.4743131697177887,0.4952247440814972,0.4377346634864807
tang1,颜色,5207H双面球拍【两拍+1吸盘球+1软球】,Vợt 907H1 [Xanh lam],SAI,Màu sắc,颜色: 5207H双面球拍【两拍+1吸盘球+1软球】,Màu sắc: Vợt 907H1 [Xanh lam],0.4983089566230774,0.5776472091674805,0.3047233819961548
tang1,花型,523赛纳河畔紫,mèo K03,SAI,Hoa văn,花型: 523赛纳河畔紫,Hoa văn: mèo K03,0.4105410575866699,0.42678171396255493,0.39615708589553833
tang1,重量,52码：90g 59码：100g 66码：110g 73码：115g,Kích thước 52: 90g Kích thước 59: 100g Kích thước 66: 110g Kích thước 73: 115g,DUNG,Trọng lượng,重量: 52码：90g 59码：100g 66码：110g 73码：115g,Trọng lượng: Kích thước 52: 90g Kích thước 59: 100g Kích thước 66: 110g Kích thước 73: 115g,0.8372581005096436,0.879273533821106,0.4487309455871582
tang1,适合身高,59cm 【1-3月，建议体重3.5-6.9kg】,"59cm [Tháng 1 đến tháng 3, trọng lượng khuyến nghị 3.5-6.9kg]",SAI,Phù hợp với chiều cao,适合身高: 59cm 【1-3月，建议体重3.5-6.9kg】,"Phù hợp với chiều cao: 59cm [Tháng 1 đến tháng 3, trọng lượng khuyến nghị 3.5-6.9kg]",0.9257577657699585,0.9170163869857788,0.7167620658874512
tang1,类型,5代【+AR音效+智能】✦♢,Thế hệ thứ 5 [+hiệu ứng âm thanh AR + trí thông minh] ✦♢,DUNG,Loại,类型: 5代【+AR音效+智能】✦♢,Loại: Thế hệ thứ 5 [+hiệu ứng âm thanh AR + trí thông minh] ✦♢,0.9130395650863647,0.9175093770027161,0.38638782501220703
tang1,普洱茶年份,5年(含)-15年(含),Từ 5 năm (tính cả năm đó) đến 15 năm (tính cả năm đó),DUNG,Năm trà Pu'er,普洱茶年份: 5年(含)-15年(含),Năm trà Pu'er: Từ 5 năm (tính cả năm đó) đến 15 năm (tính cả năm đó),0.8844835758209229,0.7518143653869629,0.8844835758209229
tang1,颜色,6.5*6.5*2CM（1500一箱）方盒,Hộp vuông kích thước 6.5 x 6.5 x 2 cm (1500 cái/hộp),DUNG,Màu sắc,颜色: 6.5*6.5*2CM（1500一箱）方盒,Màu sắc: Hộp vuông kích thước 6.5 x 6.5 x 2 cm (1500 cái/hộp),0.7947105765342712,0.811413049697876,0.42210978269577026
tang1,颜色,603-1营养早餐玩具,772-122兔兔收纳包,SAI,Màu sắc,颜色: 603-1营养早餐玩具,Màu sắc: 772-122兔兔收纳包,0.49842938780784607,0.5324606895446777,0.45170676708221436
tang1,容量,60ml硅胶喂药瓶（彩盒装）,"Lọ đựng thuốc làm từ silicone, dung tích 60ml (đóng gói trong hộp màu)",DUNG,Dung tích,容量: 60ml硅胶喂药瓶（彩盒装）,"Dung tích: Lọ đựng thuốc làm từ silicone, dung tích 60ml (đóng gói trong hộp màu)",0.6903632879257202,0.7095963954925537,0.5281169414520264
tang1,包装规格,60包【约5g/包】代发定制 详询客服,"60 gói [khoảng 5g/gói] giao hàng tùy chỉnh, vui lòng liên hệ bộ phận chăm sóc khách hàng để biết chi tiết",SAI,Quy cách đóng gói,包装规格: 60包【约5g/包】代发定制 详询客服,"Quy cách đóng gói: 60 gói [khoảng 5g/gói] giao hàng tùy chỉnh, vui lòng liên hệ bộ phận chăm sóc khách hàng để biết chi tiết",0.826615571975708,0.8543823957443237,0.42628514766693115
tang1,尺寸,63.5*44.4*31【可收纳冬衣棉被】,63.5 x 44.4 x 31 [Có thể dùng để đựng quần áo và chăn bông cho mùa đông],DUNG,Kích thước,尺寸: 63.5*44.4*31【可收纳冬衣棉被】,Kích thước: 63.5 x 44.4 x 31 [Có thể dùng để đựng quần áo và chăn bông cho mùa đông],0.827872633934021,0.8240686655044556,0.4805978536605835
tang1,尺寸,63.5*44.4*40【可收纳冬衣棉被】,63.5 x 44.4 x 40 [Có thể dùng để đựng quần áo và chăn dùng trong mùa đông],DUNG,Kích thước,尺寸: 63.5*44.4*40【可收纳冬衣棉被】,Kích thước: 63.5 x 44.4 x 40 [Có thể dùng để đựng quần áo và chăn dùng trong mùa đông],0.8224644660949707,0.8257954120635986,0.4725748598575592
tang1,包装规格,65元/斤绿版龙井,65 nhân dân tệ/kg phiên bản màu xanh lá cây Long Tỉnh,SAI,Quy cách đóng gói,包装规格: 65元/斤绿版龙井,Quy cách đóng gói: 65 nhân dân tệ/kg phiên bản màu xanh lá cây Long Tỉnh,0.6905660629272461,0.7705205678939819,0.3982589840888977
tang1,适合身高,66【建议3-6月13-15斤】,66[Khuyến nghị từ tháng 3 đến tháng 6 năm 6.5-7.5kg],SAI,Phù hợp với chiều cao,适合身高: 66【建议3-6月13-15斤】,Phù hợp với chiều cao: 66[Khuyến nghị từ tháng 3 đến tháng 6 năm 6.5-7.5kg],0.8772282600402832,0.9041790962219238,0.6603773832321167
tang1,颜色,699-113剥皮蔬菜吸塑板装,023-24 TàuT,SAI,Màu sắc,颜色: 699-113剥皮蔬菜吸塑板装,Màu sắc: 023-24 TàuT,0.41244858503341675,0.49123913049697876,0.40866488218307495
tang1,颜色,6代浅蓝白,Thế hệ thứ 6 màu xanh nhạt và trắng,DUNG,Màu sắc,颜色: 6代浅蓝白,Màu sắc: Thế hệ thứ 6 màu xanh nhạt và trắng,0.7324122190475464,0.8046908378601074,0.3669869303703308
tang1,颜色,7.5白黑灯鞋,7.5 đôi giày phát sáng màu trắng và đen,DUNG,Màu sắc,颜色: 7.5白黑灯鞋,Màu sắc: 7.5 đôi giày phát sáng màu trắng và đen,0.8263473510742188,0.8354762196540833,0.40784725546836853
tang1,颜色,7079云间星梦,7079 Giấc mơ về những vì sao trên mây,DUNG,Màu sắc,颜色: 7079云间星梦,Màu sắc: 7079 Giấc mơ về những vì sao trên mây,0.7137855291366577,0.721430242061615,0.37384992837905884
tang1,颜色分类,70迈A400蓝色3K+128G+UP02停车监控,"Camera hành trình 70mai A400 Blue 3K, bộ nhớ 128GB, tích hợp tính năng giám sát đỗ xe UP02",DUNG,Phân loại màu sắc,颜色分类: 70迈A400蓝色3K+128G+UP02停车监控,"Phân loại màu sắc: Camera hành trình 70mai A400 Blue 3K, bộ nhớ 128GB, tích hợp tính năng giám sát đỗ xe UP02",0.8022474050521851,0.8055503964424133,0.5336962342262268
tang1,颜色分类,70迈A400蓝色3K+RC11后录,Camera hành trình 70mai A400 Blue 3K kèm camera sau RC11,DUNG,Phân loại màu sắc,颜色分类: 70迈A400蓝色3K+RC11后录,Phân loại màu sắc: Camera hành trình 70mai A400 Blue 3K kèm camera sau RC11,0.7271240949630737,0.7642049789428711,0.44087401032447815
tang1,适合身高,73cm建议身高68-74,"Chiều cao khuyến nghị 73cm, phù hợp với chiều cao từ 68-74cm",DUNG,Phù hợp với chiều cao,适合身高: 73cm建议身高68-74,"Phù hợp với chiều cao: Chiều cao khuyến nghị 73cm, phù hợp với chiều cao từ 68-74cm",0.8510226011276245,0.913848340511322,0.6975800395011902
tang1,适合身高,73【建议6-9月15-17斤】,73[Khuyến nghị từ tháng 6 đến tháng 9 năm 7.5-8.5kg],SAI,Phù hợp với chiều cao,适合身高: 73【建议6-9月15-17斤】,Phù hợp với chiều cao: 73[Khuyến nghị từ tháng 6 đến tháng 9 năm 7.5-8.5kg],0.8558238744735718,0.9038009643554688,0.6939794421195984
tang1,电源容量,80000毫安【专供跨境】,80000 mAh [Dành riêng cho thương mại xuyên biên giới],DUNG,Công suất điện,电源容量: 80000毫安【专供跨境】,Công suất điện: 80000 mAh [Dành riêng cho thương mại xuyên biên giới],0.8020907044410706,0.8422212600708008,0.710088312625885
tang1,包装规格,80元/斤绿版龙井,80 nhân dân tệ/kg phiên bản màu xanh lá cây Long Tỉnh,SAI,Quy cách đóng gói,包装规格: 80元/斤绿版龙井,Quy cách đóng gói: 80 nhân dân tệ/kg phiên bản màu xanh lá cây Long Tỉnh,0.6949102878570557,0.767250120639801,0.3170289993286133
tang1,适合身高,80建议身高73-80cm,"Chiều cao khuyến nghị 80cm, phù hợp với chiều cao từ 73-80cm",DUNG,Phù hợp với chiều cao,适合身高: 80建议身高73-80cm,"Phù hợp với chiều cao: Chiều cao khuyến nghị 80cm, phù hợp với chiều cao từ 73-80cm",0.839837908744812,0.9060382843017578,0.6377198100090027
tang1,颜色,895白色全套,Bộ sản phẩm hoàn chỉnh màu trắng 895,DUNG,Màu sắc,颜色: 895白色全套,Màu sắc: Bộ sản phẩm hoàn chỉnh màu trắng 895,0.8696113228797913,0.8757186532020569,0.267145037651062
tang1,颜色分类,9.66寸前4K后1080P+中文投屏,"9.66inch Camera trước 4K, camera sau 1080P + Chiếu màn hình tiếng Trung",DUNG,Phân loại màu sắc,颜色分类: 9.66寸前4K后1080P+中文投屏,"Phân loại màu sắc: 9.66inch Camera trước 4K, camera sau 1080P + Chiếu màn hình tiếng Trung",0.8685157299041748,0.8733012676239014,0.4078991413116455
tang1,颜色分类,9.66寸前4K后1080P+国外版投屏,9.66inch Camera trước 4K và camera sau 1080P + trình chiếu màn hình phiên bản quốc tế,DUNG,Phân loại màu sắc,颜色分类: 9.66寸前4K后1080P+国外版投屏,Phân loại màu sắc: 9.66inch Camera trước 4K và camera sau 1080P + trình chiếu màn hình phiên bản quốc tế,0.852076530456543,0.8499035239219666,0.5521153211593628
tang1,颜色分类,9.66寸流媒体-触摸屏-前1080P+后720P,9.66inch Truyền phát đa phương tiện-màn hình cảm ứng phía trước 1080P + phía sau 720P,DUNG,Phân loại màu sắc,颜色分类: 9.66寸流媒体-触摸屏-前1080P+后720P,Phân loại màu sắc: 9.66inch Truyền phát đa phương tiện-màn hình cảm ứng phía trước 1080P + phía sau 720P,0.8183069229125977,0.8425992727279663,0.6376996040344238
tang1,颜色分类,9.66寸流媒体双录（前720P＋480P）,9.66inch Ghi âm kép phương tiện phát trực tuyến (mặt trước 720P+480P),SAI,Phân loại màu sắc,颜色分类: 9.66寸流媒体双录（前720P＋480P）,Phân loại màu sắc: 9.66inch Ghi âm kép phương tiện phát trực tuyến (mặt trước 720P+480P),0.7802514433860779,0.7960754632949829,0.4368709325790405
tang1,颜色分类,9.66流媒体单录1080P,9.66 Phương tiện truyền trực tuyến ghi âm đơn 1080P,SAI,Phân loại màu sắc,颜色分类: 9.66流媒体单录1080P,Phân loại màu sắc: 9.66 Phương tiện truyền trực tuyến ghi âm đơn 1080P,0.8019169569015503,0.8173788785934448,0.6432018280029297
tang1,颜色,907H1【蓝粉】球拍,899-608 [Vợt vàng + vợt xanh] Vợt đàn hồi lớn,SAI,Màu sắc,颜色: 907H1【蓝粉】球拍,Màu sắc: 899-608 [Vợt vàng + vợt xanh] Vợt đàn hồi lớn,0.4812266230583191,0.5408018827438354,0.48290184140205383
tang1,适合身高,90cm建议身高83-90,"Chiều cao khuyến nghị 90cm, phù hợp với chiều cao từ 83-90cm",DUNG,Phù hợp với chiều cao,适合身高: 90cm建议身高83-90,"Phù hợp với chiều cao: Chiều cao khuyến nghị 90cm, phù hợp với chiều cao từ 83-90cm",0.8523433208465576,0.9253444671630859,0.7411447763442993
tang1,适合身高,90【建议15月-2岁21-24斤】,90[Khuyên dùng cho trẻ từ 15 tháng đến 2 tuổi 10.5-12kg],DUNG,Phù hợp với chiều cao,适合身高: 90【建议15月-2岁21-24斤】,Phù hợp với chiều cao: 90[Khuyên dùng cho trẻ từ 15 tháng đến 2 tuổi 10.5-12kg],0.8454506993293762,0.886252760887146,0.7448205947875977
tang1,适合身高,90【建议8-15月宝宝】,90 [Được khuyến nghị cho trẻ từ 8 đến 15 tháng tuổi],DUNG,Phù hợp với chiều cao,适合身高: 90【建议8-15月宝宝】,Phù hợp với chiều cao: 90 [Được khuyến nghị cho trẻ từ 8 đến 15 tháng tuổi],0.8773915767669678,0.9050865769386292,0.5232388973236084
tang1,包装规格,90包【约5g/包】代发定制 详询客服,"90 gói [khoảng 5g/gói] giao hàng tùy chỉnh, vui lòng liên hệ bộ phận chăm sóc khách hàng để biết chi tiết",SAI,Quy cách đóng gói,包装规格: 90包【约5g/包】代发定制 详询客服,"Quy cách đóng gói: 90 gói [khoảng 5g/gói] giao hàng tùy chỉnh, vui lòng liên hệ bộ phận chăm sóc khách hàng để biết chi tiết",0.8259332180023193,0.8551110625267029,0.4658665955066681
tang1,适合身高,90建议身高75-85CM,Chiều cao khuyến nghị: 75-85cm (tương đương cỡ 90),DUNG,Phù hợp với chiều cao,适合身高: 90建议身高75-85CM,Phù hợp với chiều cao: Chiều cao khuyến nghị: 75-85cm (tương đương cỡ 90),0.8260446786880493,0.9040421843528748,0.6410491466522217
tang1,颜色,95款-40-46-联名军绿,Mẫu 95 - 40-46 - phiên bản hợp tác màu xanh quân đội,DUNG,Màu sắc,颜色: 95款-40-46-联名军绿,Màu sắc: Mẫu 95 - 40-46 - phiên bản hợp tác màu xanh quân đội,0.7665920853614807,0.7901889681816101,0.3669365346431732
tang1,花型,@亲肤不起球-草绿果绿,@Thân thiện với da và chống xù lông - màu xanh lá cây và xanh lá cây trái cây,SAI,Hoa văn,花型: @亲肤不起球-草绿果绿,Hoa văn: @Thân thiện với da và chống xù lông - màu xanh lá cây và xanh lá cây trái cây,0.5616621971130371,0.5980267524719238,0.40612876415252686
tang1,安全标准,A类母婴级,Loại A dành cho bà mẹ và trẻ sơ sinh,DUNG,Tiêu chuẩn an toàn,安全标准: A类母婴级,Tiêu chuẩn an toàn: Loại A dành cho bà mẹ và trẻ sơ sinh,0.7771788835525513,0.8601759672164917,0.7771788835525513
tang1,花型,A类母婴纯色日式风&【优雅&粉】超级软,"Bộ quần áo cho bé và bà bầu kiểu Nhật, chất liệu cao cấp, màu sắc đơn giản, [thiết kế thanh lịch và màu hồng], siêu mềm mại",SAI,Hoa văn,花型: A类母婴纯色日式风&【优雅&粉】超级软,"Hoa văn: Bộ quần áo cho bé và bà bầu kiểu Nhật, chất liệu cao cấp, màu sắc đơn giản, [thiết kế thanh lịch và màu hồng], siêu mềm mại",0.6828216314315796,0.7080082893371582,0.5828936100006104
tang1,花型,A类母婴纯色日式风&【玛瑙&黄】超级软,"Dòng sản phẩm A dành cho mẹ và bé, màu trơn, kiểu dáng Nhật Bản và [màu đá thạch anh và vàng], chất liệu siêu mềm mại",SAI,Hoa văn,花型: A类母婴纯色日式风&【玛瑙&黄】超级软,"Hoa văn: Dòng sản phẩm A dành cho mẹ và bé, màu trơn, kiểu dáng Nhật Bản và [màu đá thạch anh và vàng], chất liệu siêu mềm mại",0.7478460073471069,0.7577263116836548,0.4816663861274719
tang1,包装规格,B2显毫碧螺春——2026年雨前特细显毫浓香款,TH7 giống địa phương có mùi thơm hạt dẻ đặc biệt Biluochun 2026 trà mới - đuôi mùa xuân giống địa phương có hiệu quả cao với mùi thơm nồng và hương vị lâu dài,SAI,Quy cách đóng gói,包装规格: B2显毫碧螺春——2026年雨前特细显毫浓香款,Quy cách đóng gói: TH7 giống địa phương có mùi thơm hạt dẻ đặc biệt Biluochun 2026 trà mới - đuôi mùa xuân giống địa phương có hiệu quả cao với mùi thơm nồng và hương vị lâu dài,0.5013371706008911,0.5774362087249756,0.4266301989555359
tang1,颜色分类,C10 高速内存卡4G,Dây chuyền giảm áp 1A (sử dụng giám sát đỗ xe 24 giờ),SAI,Phân loại màu sắc,颜色分类: C10 高速内存卡4G,Phân loại màu sắc: Dây chuyền giảm áp 1A (sử dụng giám sát đỗ xe 24 giờ),0.36976009607315063,0.4986271262168884,0.5125582218170166
tang1,颜色分类,C10 高速内存卡4G,Đường bước xuống 1A (dùng để giám sát đỗ xe 24h),SAI,Phân loại màu sắc,颜色分类: C10 高速内存卡4G,Phân loại màu sắc: Đường bước xuống 1A (dùng để giám sát đỗ xe 24h),0.3542158007621765,0.4887937605381012,0.45562082529067993
tang1,颜色分类,C18三镜头+GPS轨迹+ACC降压线（Carplay+Android Auto ）,Camera hành trình ba ống kính C18 + Theo dõi GPS + Cáp giảm áp ACC (Tương thích Carplay) Android tự động),DUNG,Phân loại màu sắc,颜色分类: C18三镜头+GPS轨迹+ACC降压线（Carplay+Android Auto ）,Phân loại màu sắc: Camera hành trình ba ống kính C18 + Theo dõi GPS + Cáp giảm áp ACC (Tương thích Carplay) Android tự động),0.8503580689430237,0.8592045307159424,0.3281305432319641
tang1,颜色分类,D15 4G远程10.1寸屏声控+触摸屏+BSD+4路摄像头+声光报警器,D15 4G Điều khiển từ xa 10.1inch Màn hình Điều khiển bằng giọng nói + Màn hình cảm ứng + BSD (Phát hiện điểm mù) + Camera 4 kênh + Báo động bằng âm thanh và hình ảnh,DUNG,Phân loại màu sắc,颜色分类: D15 4G远程10.1寸屏声控+触摸屏+BSD+4路摄像头+声光报警器,Phân loại màu sắc: D15 4G Điều khiển từ xa 10.1inch Màn hình Điều khiển bằng giọng nói + Màn hình cảm ứng + BSD (Phát hiện điểm mù) + Camera 4 kênh + Báo động bằng âm thanh và hình ảnh,0.8259095549583435,0.8507474660873413,0.3437543511390686
tang1,颜色分类,D8双路 车前+车内,Camera hành trình D8 kênh đôi (Mặt trước & Nội thất),DUNG,Phân loại màu sắc,颜色分类: D8双路 车前+车内,Phân loại màu sắc: Camera hành trình D8 kênh đôi (Mặt trước & Nội thất),0.7446985840797424,0.7726104259490967,0.39349567890167236
tang1,颜色分类,D8双路 车前+车内+WIFI手机APP,Camera hành trình D8 Dual-Channel: Ghi hình trước & trong xe với ứng dụng di động Wi-Fi,DUNG,Phân loại màu sắc,颜色分类: D8双路 车前+车内+WIFI手机APP,Phân loại màu sắc: Camera hành trình D8 Dual-Channel: Ghi hình trước & trong xe với ứng dụng di động Wi-Fi,0.76664799451828,0.7822200059890747,0.42188307642936707
tang1,颜色分类,D8双路 车前+车后+WIFI手机APP,Camera hành trình kênh đôi D8: Ghi hình phía trước và phía sau với ứng dụng di động Wi-Fi,DUNG,Phân loại màu sắc,颜色分类: D8双路 车前+车后+WIFI手机APP,Phân loại màu sắc: Camera hành trình kênh đôi D8: Ghi hình phía trước và phía sau với ứng dụng di động Wi-Fi,0.7488800287246704,0.7516672015190125,0.6511958837509155
tang1,产品规格,DASSFN紧致提拉面膜【5片/盒】,LRMO Trẻ hóa Axit Hyaluronic Hydrating Full Import Bose Ampoule Mask [5 cái/hộp],SAI,Quy cách sản phẩm,产品规格: DASSFN紧致提拉面膜【5片/盒】,Quy cách sản phẩm: LRMO Trẻ hóa Axit Hyaluronic Hydrating Full Import Bose Ampoule Mask [5 cái/hộp],0.5493255853652954,0.5850822925567627,0.45874178409576416
tang1,产品规格,DASSFN胶原水光紧致面膜【5片/盒】,施逅富勒烯冰膜面膜[5片/盒]新款,SAI,Quy cách sản phẩm,产品规格: DASSFN胶原水光紧致面膜【5片/盒】,Quy cách sản phẩm: 施逅富勒烯冰膜面膜[5片/盒]新款,0.60686194896698,0.6210338473320007,0.44354963302612305
tang1,颜色,DH-old半拉链长袖套装灰白色,XHB-79半拉链长袖套装灰白,SAI,Màu sắc,颜色: DH-old半拉链长袖套装灰白色,Màu sắc: XHB-79半拉链长袖套装灰白,0.7979940176010132,0.8285351991653442,0.3745584785938263
tang1,产品规格,FLOWERWAY青少年清透雪泥洁面乳100g新版,新旧版本对比,SAI,Quy cách sản phẩm,产品规格: FLOWERWAY青少年清透雪泥洁面乳100g新版,Quy cách sản phẩm: 新旧版本对比,0.3813560903072357,0.4794478118419647,0.3282049894332886
tang1,颜色,G06#纯爱战神白月光,G06. # Tinh Khiết Tình Yêu Thần Chiến Tranh Ánh Trăng Trắng,DUNG,Màu sắc,颜色: G06#纯爱战神白月光,Màu sắc: G06. # Tinh Khiết Tình Yêu Thần Chiến Tranh Ánh Trăng Trắng,0.7024713754653931,0.790996253490448,0.36088937520980835
tang1,产品规格,Gelianna格莲娜红蜜提拉紧致胶原面膜（盒装）,DASSFN三重胶原紧塑修容膜（4片/盒）,SAI,Quy cách sản phẩm,产品规格: Gelianna格莲娜红蜜提拉紧致胶原面膜（盒装）,Quy cách sản phẩm: DASSFN三重胶原紧塑修容膜（4片/盒）,0.5816277265548706,0.6006044149398804,0.4679862856864929
tang1,花型,HELLO猫咪-白粉,XIN CHÚC MỘT NGÀY TỐT GỌN - Bột trắng mịn,SAI,Hoa văn,花型: HELLO猫咪-白粉,Hoa văn: XIN CHÚC MỘT NGÀY TỐT GỌN - Bột trắng mịn,0.588172197341919,0.5385457277297974,0.33750200271606445
tang1,产品名称,HERORANGE沁微抚唇润泽唇釉,Men dưỡng ẩm môi,SAI,Tên sản phẩm,产品名称: HERORANGE沁微抚唇润泽唇釉,Tên sản phẩm: Men dưỡng ẩm môi,0.614589273929596,0.6491866707801819,0.4315338730812073
tang1,颜色,HT-078记忆碰碰棋【大礼盒】,[彩盒]987-122弹珠保龄球,SAI,Màu sắc,颜色: HT-078记忆碰碰棋【大礼盒】,Màu sắc: [彩盒]987-122弹珠保龄球,0.538550853729248,0.5623669624328613,0.39217841625213623
tang1,颜色,HT-096数学运算桌游【大礼盒】,556-201欢乐锤豆豆[礼盒],SAI,Màu sắc,颜色: HT-096数学运算桌游【大礼盒】,Màu sắc: 556-201欢乐锤豆豆[礼盒],0.6282152533531189,0.6472546458244324,0.38748353719711304
tang1,颜色,HT-097桌面足球赛游戏【大礼盒】,[彩盒]556-44萌叶叠叠玩,SAI,Màu sắc,颜色: HT-097桌面足球赛游戏【大礼盒】,Màu sắc: [彩盒]556-44萌叶叠叠玩,0.5023400783538818,0.5349541902542114,0.37665802240371704
tang1,花型,K01顽皮狗-桔,513魅影-灰,SAI,Hoa văn,花型: K01顽皮狗-桔,Hoa văn: 513魅影-灰,0.4256637692451477,0.4518474340438843,0.49620622396469116
tang1,花型,K02顽皮狗-蓝（有小号）,512魅影-粉（有小号）,SAI,Hoa văn,花型: K02顽皮狗-蓝（有小号）,Hoa văn: 512魅影-粉（有小号）,0.5313975811004639,0.5070216059684753,0.33895590901374817
tang1,规格尺寸,K1 双录(车内后啦) 12V,K1 Camera Hành Trình Ghi Hình Hai Mắt (Camera Lùi Xe Hơi) 12V,DUNG,Kích thước thông số kỹ thuật,规格尺寸: K1 双录(车内后啦) 12V,Kích thước thông số kỹ thuật: K1 Camera Hành Trình Ghi Hình Hai Mắt (Camera Lùi Xe Hơi) 12V,0.7263118028640747,0.7310031652450562,0.5459787845611572
tang1,颜色,K428商超百货—生鲜店—205PCS,Cửa hàng bách hóa siêu thị K428—Cửa hàng thực phẩm tươi sống—205 CÁI,DUNG,Màu sắc,颜色: K428商超百货—生鲜店—205PCS,Màu sắc: Cửa hàng bách hóa siêu thị K428—Cửa hàng thực phẩm tươi sống—205 CÁI,0.795691967010498,0.8066950440406799,0.39614337682724
tang1,颜色,K480甜甜双阁,"K480 Khuôn Mẫu ""Sweet Double Pavilion""",SAI,Màu sắc,颜色: K480甜甜双阁,"Màu sắc: K480 Khuôn Mẫu ""Sweet Double Pavilion""",0.6942077279090881,0.7515061497688293,0.3079468607902527
tang1,产品规格,KISSMWAH小球藻莹润面膜-片装25ml,"Mặt nạ dưa đỏ KORMESIC 25ml [Bán hàng xuất khẩu ngoại thương, bán hàng trong nước bị cấm, mua hàng có nghĩa là miễn trừ trách nhiệm và trách nhiệm]",SAI,Quy cách sản phẩm,产品规格: KISSMWAH小球藻莹润面膜-片装25ml,"Quy cách sản phẩm: Mặt nạ dưa đỏ KORMESIC 25ml [Bán hàng xuất khẩu ngoại thương, bán hàng trong nước bị cấm, mua hàng có nghĩa là miễn trừ trách nhiệm và trách nhiệm]",0.46762707829475403,0.537672758102417,0.4837769865989685
tang1,产品规格,KISSMWAH青少年积雪草氨基酸控油洗面奶100g,KISSMWAH硫磺净颜控油洁面乳100g,SAI,Quy cách sản phẩm,产品规格: KISSMWAH青少年积雪草氨基酸控油洗面奶100g,Quy cách sản phẩm: KISSMWAH硫磺净颜控油洁面乳100g,0.7739222049713135,0.7466763257980347,0.45082518458366394
tang1,产品规格,KORMESIC木炭清洁提亮面膜（外贸）25ml“特价”,"Mặt nạ mật ong [Bán hàng xuất khẩu ngoại thương, bán hàng trong nước bị cấm, mua hàng có nghĩa là miễn trừ trách nhiệm và trách nhiệm]",SAI,Quy cách sản phẩm,产品规格: KORMESIC木炭清洁提亮面膜（外贸）25ml“特价”,"Quy cách sản phẩm: Mặt nạ mật ong [Bán hàng xuất khẩu ngoại thương, bán hàng trong nước bị cấm, mua hàng có nghĩa là miễn trừ trách nhiệm và trách nhiệm]",0.44334888458251953,0.4742662310600281,0.5750830173492432
tang1,产品规格,KORMESIC胶原蛋白面膜25ml[仅供外贸出口销售，禁止国内销售，购买即默认免责声明且承责任],KISSMWAH Mặt Nạ Dưỡng Ẩm Chlorella - Dạng Tờ 25ml,SAI,Quy cách sản phẩm,产品规格: KORMESIC胶原蛋白面膜25ml[仅供外贸出口销售，禁止国内销售，购买即默认免责声明且承责任],Quy cách sản phẩm: KISSMWAH Mặt Nạ Dưỡng Ẩm Chlorella - Dạng Tờ 25ml,0.49900925159454346,0.5411562323570251,0.5067604780197144
tang1,产品规格,"KORMESIC薰衣草呵护面膜（外贸）25ml""特价""","Mặt nạ dâu tây [Bán hàng xuất khẩu ngoại thương, bán hàng trong nước bị cấm, mua hàng có nghĩa là miễn trừ trách nhiệm và trách nhiệm]",SAI,Quy cách sản phẩm,"产品规格: KORMESIC薰衣草呵护面膜（外贸）25ml""特价""","Quy cách sản phẩm: Mặt nạ dâu tây [Bán hàng xuất khẩu ngoại thương, bán hàng trong nước bị cấm, mua hàng có nghĩa là miễn trừ trách nhiệm và trách nhiệm]",0.45126402378082275,0.48747092485427856,0.611261248588562
tang1,颜色,L-9宫格空盒35*26*5CM,"Hộp lưới L-9, kích thước 35*26*5CM (chưa có sản phẩm bên trong)",DUNG,Màu sắc,颜色: L-9宫格空盒35*26*5CM,"Màu sắc: Hộp lưới L-9, kích thước 35*26*5CM (chưa có sản phẩm bên trong)",0.7336355447769165,0.754785418510437,0.4088117480278015
tang1,尺寸大小,L【6~12月】(全英文包装),L [Tháng 6 đến tháng 12] (tất cả đều có bao bì bằng tiếng Anh),SAI,Kích thước,尺寸大小: L【6~12月】(全英文包装),Kích thước: L [Tháng 6 đến tháng 12] (tất cả đều có bao bì bằng tiếng Anh),0.8918004035949707,0.9130417704582214,0.527927041053772
tang1,颜色,M147女网-咖色,"M147, quần lưới dành cho nữ – màu cà phê",SAI,Màu sắc,颜色: M147女网-咖色,"Màu sắc: M147, quần lưới dành cho nữ – màu cà phê",0.7929492592811584,0.7940807938575745,0.38583776354789734
tang1,产品规格,MNADUO维生素原B5氨基酸舒缓洗面奶100g,Sữa rửa mặt Camellia 100g,SAI,Quy cách sản phẩm,产品规格: MNADUO维生素原B5氨基酸舒缓洗面奶100g,Quy cách sản phẩm: Sữa rửa mặt Camellia 100g,0.5111566781997681,0.4946451187133789,0.5222516059875488
tang1,尺寸大小,M【3~6月】(全英文包装),M [Tháng 3 ~ Tháng 6] (tất cả đều có bao bì bằng tiếng Anh),SAI,Kích thước,尺寸大小: M【3~6月】(全英文包装),Kích thước: M [Tháng 3 ~ Tháng 6] (tất cả đều có bao bì bằng tiếng Anh),0.8805496692657471,0.9086738228797913,0.5755749344825745
tang1,尺寸大小,M码奶嘴（适合3-6个月）无插槽,重力球吸管（适配260ml）,SAI,Kích thước,尺寸大小: M码奶嘴（适合3-6个月）无插槽,Kích thước: 重力球吸管（适配260ml）,0.46403953433036804,0.5009528398513794,0.35977497696876526
tang1,包装规格,Nine-flavoured herbal tea【5g*12包】九味草本茶,Trà thảo mộc chín vị[5g*12 gói],DUNG,Quy cách đóng gói,包装规格: Nine-flavoured herbal tea【5g*12包】九味草本茶,Quy cách đóng gói: Trà thảo mộc chín vị[5g*12 gói],0.6995115876197815,0.7331088185310364,0.5366779565811157
tang1,容量,PPSU田园风160mL蓝绿【S】,PPSU phong cách mục vụ 160mL xanh lam và xanh lá cây [S],SAI,Dung tích,容量: PPSU田园风160mL蓝绿【S】,Dung tích: PPSU phong cách mục vụ 160mL xanh lam và xanh lá cây [S],0.7464122772216797,0.7502033114433289,0.43796446919441223
tang1,容量,RB01乳盾（刮码发货）,Tấm chắn ngực RB01 (được vận chuyển kèm theo mã bị xước),SAI,Dung tích,容量: RB01乳盾（刮码发货）,Dung tích: Tấm chắn ngực RB01 (được vận chuyển kèm theo mã bị xước),0.6812653541564941,0.725391685962677,0.4433770775794983
tang1,颜色分类,S1Plus【前1080P+内480P+车外后拉+WIFI】,S1Plus [1080P phía trước bên trong 480P bên ngoài xe kéo WIFI phía sau],SAI,Phân loại màu sắc,颜色分类: S1Plus【前1080P+内480P+车外后拉+WIFI】,Phân loại màu sắc: S1Plus [1080P phía trước bên trong 480P bên ngoài xe kéo WIFI phía sau],0.9009097814559937,0.8910495638847351,0.39857664704322815
tang1,颜色,S6pro星空黑（数显）+ENC,S6pro bầu trời đầy sao màu đen (màn hình kỹ thuật số) + ENC,DUNG,Màu sắc,颜色: S6pro星空黑（数显）+ENC,Màu sắc: S6pro bầu trời đầy sao màu đen (màn hình kỹ thuật số) + ENC,0.836754560470581,0.859878659248352,0.3735271096229553
tang1,形象,Snow White白雪公主,Bạch Tuyết,DUNG,Hình tượng,形象: Snow White白雪公主,Hình tượng: Bạch Tuyết,0.6300069093704224,0.7424559593200684,0.3536805510520935
tang1,颜色,T75数显白色【清】,Màn hình kỹ thuật số T75 màu trắng [trong suốt],DUNG,Màu sắc,颜色: T75数显白色【清】,Màu sắc: Màn hình kỹ thuật số T75 màu trắng [trong suốt],0.7759674787521362,0.8144556283950806,0.3786955177783966
tang1,花型,TS纯白【100%天丝丝滑裸睡】,"TS trắng tinh khiết [100% mềm mượt như lụa, thích hợp để ngủ không mặc gì]",SAI,Hoa văn,花型: TS纯白【100%天丝丝滑裸睡】,"Hoa văn: TS trắng tinh khiết [100% mềm mượt như lụa, thích hợp để ngủ không mặc gì]",0.8574661612510681,0.8199200630187988,0.2526102662086487
tang1,产品规格,VE洁面慕斯（仅供外贸）,B3洁面慕斯（仅供外贸）,SAI,Quy cách sản phẩm,产品规格: VE洁面慕斯（仅供外贸）,Quy cách sản phẩm: B3洁面慕斯（仅供外贸）,0.8337595462799072,0.8198584318161011,0.46146631240844727
tang1,包装规格,W0日照珍眉云雾绿茶2026年新茶——春尾高性价比粗条浓豆香炒青绿茶,A4日照云雾绿茶2026年新茶——雨前头采特细特绿浓豆香高山云雾茶,SAI,Quy cách đóng gói,包装规格: W0日照珍眉云雾绿茶2026年新茶——春尾高性价比粗条浓豆香炒青绿茶,Quy cách đóng gói: A4日照云雾绿茶2026年新茶——雨前头采特细特绿浓豆香高山云雾茶,0.7244117259979248,0.7547329664230347,0.3989197611808777
tang1,颜色,W1941 - 高1抽 纯白,W1941 - Máy bơm cao 1 màu trắng tinh khiết,SAI,Màu sắc,颜色: W1941 - 高1抽 纯白,Màu sắc: W1941 - Máy bơm cao 1 màu trắng tinh khiết,0.7779004573822021,0.7910375595092773,0.311764657497406
tang1,颜色,W1941 纯白 高1抽,W1941 màu trắng tinh khiết cao 1 lần rút,SAI,Màu sắc,颜色: W1941 纯白 高1抽,Màu sắc: W1941 màu trắng tinh khiết cao 1 lần rút,0.8387524485588074,0.8437703847885132,0.3866167664527893
tang1,颜色,W1942 - 高2抽 纯白,W1942 - Máy bơm cao 2 màu trắng tinh khiết,SAI,Màu sắc,颜色: W1942 - 高2抽 纯白,Màu sắc: W1942 - Máy bơm cao 2 màu trắng tinh khiết,0.7567027807235718,0.7640597820281982,0.4551009237766266
tang1,颜色,W1943 - 高3抽 纯白,"W1943 - Máy bơm cao 3, màu trắng tinh khiết",SAI,Màu sắc,颜色: W1943 - 高3抽 纯白,"Màu sắc: W1943 - Máy bơm cao 3, màu trắng tinh khiết",0.7489222288131714,0.7636767625808716,0.33931997418403625
tang1,颜色,W1943 纯白 高3抽,W1943 màu trắng tinh khiết cao 3 lần rút,SAI,Màu sắc,颜色: W1943 纯白 高3抽,Màu sắc: W1943 màu trắng tinh khiết cao 3 lần rút,0.811945915222168,0.8346090316772461,0.33524981141090393
tang1,包装规格,W1日照云雾香珍眉绿茶2026年新茶——春尾高性价比浓豆香口粮细炒青绿茶,XH8细绿显毫碧螺春2026年新茶——特细绿显毫浓香高回甘耐泡款,SAI,Quy cách đóng gói,包装规格: W1日照云雾香珍眉绿茶2026年新茶——春尾高性价比浓豆香口粮细炒青绿茶,Quy cách đóng gói: XH8细绿显毫碧螺春2026年新茶——特细绿显毫浓香高回甘耐泡款,0.7006990909576416,0.7148293256759644,0.49299249053001404
tang1,包装规格,W1日照珍眉云雾绿茶2026年新茶——春尾高性价比粗条浓豆香炒青绿茶,LX5龙香茶2026年新茶 松阳龙井43#香茶——雨前特细浓豆香高山云雾茶,SAI,Quy cách đóng gói,包装规格: W1日照珍眉云雾绿茶2026年新茶——春尾高性价比粗条浓豆香炒青绿茶,Quy cách đóng gói: LX5龙香茶2026年新茶 松阳龙井43#香茶——雨前特细浓豆香高山云雾茶,0.6933128833770752,0.7256708145141602,0.38164782524108887
tang1,包装规格,W2细日照云雾绿茶2026年新茶——春尾高性价比浓豆香口粮炒青绿茶（香气口感好）,C4龙香茶2026年新茶 松阳龙井43#香茶——雨前特细浓豆香高山云雾茶,SAI,Quy cách đóng gói,包装规格: W2细日照云雾绿茶2026年新茶——春尾高性价比浓豆香口粮炒青绿茶（香气口感好）,Quy cách đóng gói: C4龙香茶2026年新茶 松阳龙井43#香茶——雨前特细浓豆香高山云雾茶,0.7248317003250122,0.731442928314209,0.38968122005462646
tang1,颜色,XL矮-灰透款,Kiểu dáng trong suốt ngắn màu xám XL,SAI,Màu sắc,颜色: XL矮-灰透款,Màu sắc: Kiểu dáng trong suốt ngắn màu xám XL,0.6968998908996582,0.7336369752883911,0.49656033515930176
tang1,颜色分类,Y109 4录4镜头 吸盘脚,Y108 4 镜头 吸盘脚,SAI,Phân loại màu sắc,颜色分类: Y109 4录4镜头 吸盘脚,Phân loại màu sắc: Y108 4 镜头 吸盘脚,0.933961808681488,0.9048530459403992,0.4347580075263977
tang1,颜色分类,Y109 4录4镜头 吸盘脚,Y109 Đầu Ghi 4 Kênh với 4 Ống Kính và Giá Đỡ Hút Chân Không,DUNG,Phân loại màu sắc,颜色分类: Y109 4录4镜头 吸盘脚,Phân loại màu sắc: Y109 Đầu Ghi 4 Kênh với 4 Ống Kính và Giá Đỡ Hút Chân Không,0.6910901665687561,0.7512884140014648,0.4335561990737915
tang1,颜色分类,Y109 4录4镜头+WIIF 吸盘脚,Y108 +WIFI 吸盘脚,SAI,Phân loại màu sắc,颜色分类: Y109 4录4镜头+WIIF 吸盘脚,Phân loại màu sắc: Y108 +WIFI 吸盘脚,0.7629909515380859,0.799521267414093,0.49293720722198486
tang1,颜色,YYK-526中性不分中英,YYK-526 trung lập không phân biệt tiếng Trung và tiếng Anh,SAI,Màu sắc,颜色: YYK-526中性不分中英,Màu sắc: YYK-526 trung lập không phân biệt tiếng Trung và tiếng Anh,0.8422357439994812,0.8856123685836792,0.31398123502731323
tang1,包装规格,YZ5口粮圆针2026年新茶——春茶高性价比紧条绿香圆针,B2小龙芽2026年新茶——圆竹高山特绿肥小纯芽芯,SAI,Quy cách đóng gói,包装规格: YZ5口粮圆针2026年新茶——春茶高性价比紧条绿香圆针,Quy cách đóng gói: B2小龙芽2026年新茶——圆竹高山特绿肥小纯芽芯,0.6955496072769165,0.7003298401832581,0.40646451711654663
tang1,适用型号,hi畅享80s/hi 畅享80,hi Tận hưởng thập niên 80/hi Tận hưởng thập niên 80,SAI,Dòng máy tương thích,适用型号: hi畅享80s/hi 畅享80,Dòng máy tương thích: hi Tận hưởng thập niên 80/hi Tận hưởng thập niên 80,0.7502034902572632,0.6979306936264038,0.3221518099308014
tang1,颜色,iPhon14Promax透明精孔磁吸,Ốp lưng từ tính trong suốt iPhone 14 Pro Max với đường cắt chính xác,DUNG,Màu sắc,颜色: iPhon14Promax透明精孔磁吸,Màu sắc: Ốp lưng từ tính trong suốt iPhone 14 Pro Max với đường cắt chính xác,0.5919111967086792,0.6263303756713867,0.39109450578689575
tang1,颜色,iPhon14透明精孔磁吸,Ốp lưng từ tính có lỗ chính xác trong suốt cho iPhone 14,DUNG,Màu sắc,颜色: iPhon14透明精孔磁吸,Màu sắc: Ốp lưng từ tính có lỗ chính xác trong suốt cho iPhone 14,0.6428405046463013,0.6634573936462402,0.2990475296974182
tang1,颜色,iPhon15Promax透明精孔磁吸,Ốp lưng từ tính trong suốt như pha lê cho iPhone 15 Pro Max với các đường cắt chính xác,DUNG,Màu sắc,颜色: iPhon15Promax透明精孔磁吸,Màu sắc: Ốp lưng từ tính trong suốt như pha lê cho iPhone 15 Pro Max với các đường cắt chính xác,0.5918082594871521,0.6339117288589478,0.3411303162574768
tang1,颜色,iPhon15Pro透明精孔磁吸,"Ốp iPhone 15 Pro Trong Suốt, Khoét Lỗ Chính Xác, Hút Nam Châm",DUNG,Màu sắc,颜色: iPhon15Pro透明精孔磁吸,"Màu sắc: Ốp iPhone 15 Pro Trong Suốt, Khoét Lỗ Chính Xác, Hút Nam Châm",0.6199867129325867,0.656747043132782,0.303203284740448
tang1,颜色,iPhon15透明精孔磁吸,Ốp lưng từ tính có lỗ chính xác trong suốt cho iPhone 15,DUNG,Màu sắc,颜色: iPhon15透明精孔磁吸,Màu sắc: Ốp lưng từ tính có lỗ chính xác trong suốt cho iPhone 15,0.6610242128372192,0.6840124130249023,0.43811166286468506
tang1,规格尺寸,wifi声控版手机互联 10寸全屏前2K+后1080P,phiên bản điều khiển bằng giọng nói wifi kết nối điện thoại di động 10inch màn hình đầy đủ phía trước 2K+ phía sau 1080P,DUNG,Kích thước thông số kỹ thuật,规格尺寸: wifi声控版手机互联 10寸全屏前2K+后1080P,Kích thước thông số kỹ thuật: phiên bản điều khiển bằng giọng nói wifi kết nối điện thoại di động 10inch màn hình đầy đủ phía trước 2K+ phía sau 1080P,0.8563923835754395,0.8728088140487671,0.40638798475265503
tang1,规格尺寸,wifi声控版手机互联 10寸全屏前2K+后1080P+64G,"Phiên bản điều khiển bằng giọng nói qua Wi-Fi, kết nối điện thoại di động 10inch, màn hình trước Full HD 2K+ phía trước, phía sau 1080P+64G",DUNG,Kích thước thông số kỹ thuật,规格尺寸: wifi声控版手机互联 10寸全屏前2K+后1080P+64G,"Kích thước thông số kỹ thuật: Phiên bản điều khiển bằng giọng nói qua Wi-Fi, kết nối điện thoại di động 10inch, màn hình trước Full HD 2K+ phía trước, phía sau 1080P+64G",0.8093211054801941,0.854801595211029,0.5198332071304321
tang1,规格尺寸,wifi声控版手机互联 10寸全屏前2K+后1080P+电子狗+64G,"Phiên bản điều khiển bằng giọng nói qua Wi-Fi, kết nối điện thoại di động 10inch Toàn màn hình trước 2K+ sau 1080P + Chống trộm điện tử + 64G",DUNG,Kích thước thông số kỹ thuật,规格尺寸: wifi声控版手机互联 10寸全屏前2K+后1080P+电子狗+64G,"Kích thước thông số kỹ thuật: Phiên bản điều khiển bằng giọng nói qua Wi-Fi, kết nối điện thoại di động 10inch Toàn màn hình trước 2K+ sau 1080P + Chống trộm điện tử + 64G",0.791628360748291,0.8412925601005554,0.42882055044174194
tang1,货号,ycj -A类母婴级,ycj - Loại A dành cho bà mẹ và trẻ sơ sinh,DUNG,Mã sản phẩm,货号: ycj -A类母婴级,Mã sản phẩm: ycj - Loại A dành cho bà mẹ và trẻ sơ sinh,0.8177051544189453,0.8246825337409973,0.34279105067253113
tang1,花型,yc晚风【100%纯棉 假一罚十】,"yc gió buổi tối [100% cotton nguyên chất, một cái giả sẽ được tinh chỉnh mười]",SAI,Hoa văn,花型: yc晚风【100%纯棉 假一罚十】,"Hoa văn: yc gió buổi tối [100% cotton nguyên chất, một cái giả sẽ được tinh chỉnh mười]",0.7988216876983643,0.7809544801712036,0.3232007920742035
tang1,颜色分类,❷手机回放版,❷Phiên bản phát lại trên điện thoại di động,DUNG,Phân loại màu sắc,颜色分类: ❷手机回放版,Phân loại màu sắc: ❷Phiên bản phát lại trên điện thoại di động,0.8636355400085449,0.8449869155883789,0.3783124089241028
tang1,颜色,【2L】外壳纯白，内抽白透,"[2L] Vỏ có màu trắng tinh khiết, bên trong có màu trắng và trong suốt",DUNG,Màu sắc,颜色: 【2L】外壳纯白，内抽白透,"Màu sắc: [2L] Vỏ có màu trắng tinh khiết, bên trong có màu trắng và trong suốt",0.8131400942802429,0.8377915620803833,0.4938502311706543
tang1,颜色分类,【4K+1080前后双录】,[Ghi âm kép phía trước và phía sau 4K+1080],SAI,Phân loại màu sắc,颜色分类: 【4K+1080前后双录】,Phân loại màu sắc: [Ghi âm kép phía trước và phía sau 4K+1080],0.834770679473877,0.8437747955322266,0.5634377002716064
tang1,颜色分类,【C18】3路1080P+Carplay投屏+WIFI+车充,[C18]3 chiều 1080P+Chế độ chiếu màn hình Carplay+WIFI+bộ sạc xe hơi,SAI,Phân loại màu sắc,颜色分类: 【C18】3路1080P+Carplay投屏+WIFI+车充,Phân loại màu sắc: [C18]3 chiều 1080P+Chế độ chiếu màn hình Carplay+WIFI+bộ sạc xe hơi,0.909631609916687,0.8883898258209229,0.4202287197113037
tang1,颜色,【WWW】双灰腰靠,[WWW]Đai Hỗ Trợ Thắt Lưng Hai Lớp Màu Xám,SAI,Màu sắc,颜色: 【WWW】双灰腰靠,Màu sắc: [WWW]Đai Hỗ Trợ Thắt Lưng Hai Lớp Màu Xám,0.627961277961731,0.693551778793335,0.47917646169662476
tang1,颜色,【WWW】粉灰腰靠,[WWW]Đai lưng hỗ trợ eo màu hồng và xám,SAI,Màu sắc,颜色: 【WWW】粉灰腰靠,Màu sắc: [WWW]Đai lưng hỗ trợ eo màu hồng và xám,0.585735023021698,0.676870584487915,0.4527492821216583
tang1,颜色,【WWW】绿灰腰靠,[WWW]Đai lưng xanh xám hỗ trợ thắt lưng,SAI,Màu sắc,颜色: 【WWW】绿灰腰靠,Màu sắc: [WWW]Đai lưng xanh xám hỗ trợ thắt lưng,0.6411830186843872,0.7101887464523315,0.4319870173931122
tang1,颜色,【pro4标准版】标清音质,[phiên bản tiêu chuẩn pro4] chất lượng âm thanh độ nét tiêu chuẩn,DUNG,Màu sắc,颜色: 【pro4标准版】标清音质,Màu sắc: [phiên bản tiêu chuẩn pro4] chất lượng âm thanh độ nét tiêu chuẩn,0.7872252464294434,0.8308117985725403,0.39068418741226196
tang1,颜色,【pro6标准版】标清音质,[phiên bản tiêu chuẩn pro6] chất lượng âm thanh độ nét tiêu chuẩn,DUNG,Màu sắc,颜色: 【pro6标准版】标清音质,Màu sắc: [phiên bản tiêu chuẩn pro6] chất lượng âm thanh độ nét tiêu chuẩn,0.7781060934066772,0.8149908185005188,0.3197867274284363
tang1,颜色分类,【前1080+中480+后480+WIFI】S23Pro【车内后摄】,[Camera trước 1080+Camera giữa 480+Camera sau 480+WIFI] S23Pro [Camera lùi trên xe],SAI,Phân loại màu sắc,颜色分类: 【前1080+中480+后480+WIFI】S23Pro【车内后摄】,Phân loại màu sắc: [Camera trước 1080+Camera giữa 480+Camera sau 480+WIFI] S23Pro [Camera lùi trên xe],0.8701838254928589,0.8795924186706543,0.42030957341194153
tang1,颜色分类,【前1080+中480+后480+WIFI】S23Pro【车外后摄】,[Camera trước 1080+Camera giữa 480+Camera sau 480+WIFI] S23Pro [Camera sau ngoài xe],DUNG,Phân loại màu sắc,颜色分类: 【前1080+中480+后480+WIFI】S23Pro【车外后摄】,Phân loại màu sắc: [Camera trước 1080+Camera giữa 480+Camera sau 480+WIFI] S23Pro [Camera sau ngoài xe],0.9120395183563232,0.9146841764450073,0.5394984483718872
tang1,颜色分类,【前1080+中480+后480+WIFI】【车内后摄】,[Camera trước 1080p + Camera giữa 480p + Camera sau 480p + WIFI] [Camera lùi trên xe],SAI,Phân loại màu sắc,颜色分类: 【前1080+中480+后480+WIFI】【车内后摄】,Phân loại màu sắc: [Camera trước 1080p + Camera giữa 480p + Camera sau 480p + WIFI] [Camera lùi trên xe],0.8145779371261597,0.8318425416946411,0.3865309953689575
tang1,颜色分类,【前1080+中480+后480+WIFI】【车外后摄】,[Camera trước 1080+Camera giữa 480+Camera sau 480+WIFI] [Camera sau gắn ngoài xe],DUNG,Phân loại màu sắc,颜色分类: 【前1080+中480+后480+WIFI】【车外后摄】,Phân loại màu sắc: [Camera trước 1080+Camera giữa 480+Camera sau 480+WIFI] [Camera sau gắn ngoài xe],0.8542116284370422,0.875920295715332,0.5105024576187134
tang1,颜色分类,【前1080+中480+后480】【车外后摄】,[Camera trước 1080+Camera giữa 480+Camera sau 480] [Hình ảnh từ camera lùi bên ngoài xe],DUNG,Phân loại màu sắc,颜色分类: 【前1080+中480+后480】【车外后摄】,Phân loại màu sắc: [Camera trước 1080+Camera giữa 480+Camera sau 480] [Hình ảnh từ camera lùi bên ngoài xe],0.8367984294891357,0.8444210290908813,0.5807511806488037
tang1,颜色分类,【前1080+中480+后480】【车外后摄】,[Camera trước 1080p + Camera giữa 480p + Camera sau 480p] [Hình ảnh từ camera lùi bên ngoài xe],DUNG,Phân loại màu sắc,颜色分类: 【前1080+中480+后480】【车外后摄】,Phân loại màu sắc: [Camera trước 1080p + Camera giữa 480p + Camera sau 480p] [Hình ảnh từ camera lùi bên ngoài xe],0.8372741937637329,0.8430449366569519,0.6362066268920898
tang1,颜色分类,【前2K+双1080P】三录,[Camera Trước 2K + Camera Hậu 1080P] Ba chế độ ghi hình,SAI,Phân loại màu sắc,颜色分类: 【前2K+双1080P】三录,Phân loại màu sắc: [Camera Trước 2K + Camera Hậu 1080P] Ba chế độ ghi hình,0.6777548789978027,0.7480680346488953,0.4508780241012573
tang1,尺寸大小,【升级弯管 不剩奶】直饮水杯头 18个月+（送吸管刷）,防呛学饮水杯头 9个月+（送吸管刷+升级弯管 ）,SAI,Kích thước,尺寸大小: 【升级弯管 不剩奶】直饮水杯头 18个月+（送吸管刷）,Kích thước: 防呛学饮水杯头 9个月+（送吸管刷+升级弯管 ）,0.8122612833976746,0.8321678042411804,0.3907473683357239
tang1,包装规格,【双龙御品】三大茗茶送礼有面,[Double Dragon Premium]Ba Loại Trà Cao Cấp: Món Quà Hoàn Hảo Cho Những Người Thích Quà Tặng Ấn Tượng,SAI,Quy cách đóng gói,包装规格: 【双龙御品】三大茗茶送礼有面,Quy cách đóng gói: [Double Dragon Premium]Ba Loại Trà Cao Cấp: Món Quà Hoàn Hảo Cho Những Người Thích Quà Tặng Ấn Tượng,0.6074404716491699,0.6588524580001831,0.693280041217804
tang1,规格尺寸,【官方标配】,[Cấu hình tiêu chuẩn chính thức],DUNG,Kích thước thông số kỹ thuật,规格尺寸: 【官方标配】,Kích thước thông số kỹ thuật: [Cấu hình tiêu chuẩn chính thức],0.6718131899833679,0.8110246658325195,0.42172157764434814
tang1,颜色,【幻镜唇蜜】J79绝情谷,[Magic Mirror Lip Gloss] J79 Thung lũng tình yêu vô tình yêu,SAI,Màu sắc,颜色: 【幻镜唇蜜】J79绝情谷,Màu sắc: [Magic Mirror Lip Gloss] J79 Thung lũng tình yêu vô tình yêu,0.6544103622436523,0.6897233128547668,0.47171342372894287
tang1,颜色,【彩盒】857-31弹跳小兔,[Hộp Màu] 556-186 Trò Chơi Bàn Ghép Hình Mèo Điên và Chuột,SAI,Màu sắc,颜色: 【彩盒】857-31弹跳小兔,Màu sắc: [Hộp Màu] 556-186 Trò Chơi Bàn Ghép Hình Mèo Điên và Chuột,0.49924036860466003,0.5358625054359436,0.4362521767616272
tang1,颜色,【彩盒】987-110篮球对战,[Hộp màu] Bảng vẽ khủng long dễ thương 991-17 [Màu ngẫu nhiên],SAI,Màu sắc,颜色: 【彩盒】987-110篮球对战,Màu sắc: [Hộp màu] Bảng vẽ khủng long dễ thương 991-17 [Màu ngẫu nhiên],0.48695647716522217,0.5869086980819702,0.40077364444732666
tang1,尺寸,【性价款】深47*宽33.5*高21,[Tiết kiệm chi phí] Chiều sâu 47* Chiều rộng 33.5* Chiều cao 21,DUNG,Kích thước,尺寸: 【性价款】深47*宽33.5*高21,Kích thước: [Tiết kiệm chi phí] Chiều sâu 47* Chiều rộng 33.5* Chiều cao 21,0.8170967102050781,0.8295382261276245,0.5141427516937256
tang1,尺寸,【性价款】深47*宽44.5*高21,[Tiết kiệm chi phí] Chiều sâu 47* Chiều rộng 44.5* Chiều cao 21,DUNG,Kích thước,尺寸: 【性价款】深47*宽44.5*高21,Kích thước: [Tiết kiệm chi phí] Chiều sâu 47* Chiều rộng 44.5* Chiều cao 21,0.8201584815979004,0.8325607776641846,0.43347597122192383
tang1,花型,【母婴级100棉】柿柿如意,[100% Cotton Cao Cấp Cho Mẹ & Bé]Chúc Mọi Điều Ước Của Bạn Thành Hiện Thực,DUNG,Hoa văn,花型: 【母婴级100棉】柿柿如意,Hoa văn: [100% Cotton Cao Cấp Cho Mẹ & Bé]Chúc Mọi Điều Ước Của Bạn Thành Hiện Thực,0.5367176532745361,0.5574499368667603,0.48615536093711853
tang1,花型,【母婴级100棉】甜梦汪汪,[100% Cotton Cao Cấp Cho Mẹ & Bé]Những Trong Mộng Ngọt Ngào Paw Patrol,SAI,Hoa văn,花型: 【母婴级100棉】甜梦汪汪,Hoa văn: [100% Cotton Cao Cấp Cho Mẹ & Bé]Những Trong Mộng Ngọt Ngào Paw Patrol,0.54876708984375,0.5576459169387817,0.39540326595306396
tang1,尺寸,【涂银前档大号】无磁145x80cm,[Kích thước lớn với đường ray phía trước phủ bạc] Không từ tính 145x80cm,SAI,Kích thước,尺寸: 【涂银前档大号】无磁145x80cm,Kích thước: [Kích thước lớn với đường ray phía trước phủ bạc] Không từ tính 145x80cm,0.7628658413887024,0.7815605401992798,0.46844810247421265
tang1,颜色,【涤纶180G】短T白,[Polyester 180G] Áo thun ngắn màu trắng,DUNG,Màu sắc,颜色: 【涤纶180G】短T白,Màu sắc: [Polyester 180G] Áo thun ngắn màu trắng,0.7447265386581421,0.7581267952919006,0.5419268608093262
tang1,产品规格,【痘款】速祛痘改善痘肌1片,[Phong cách trị mụn] Nhanh chóng loại bỏ mụn trứng cá và cải thiện làn da dễ bị mụn 1 viên,SAI,Quy cách sản phẩm,产品规格: 【痘款】速祛痘改善痘肌1片,Quy cách sản phẩm: [Phong cách trị mụn] Nhanh chóng loại bỏ mụn trứng cá và cải thiện làn da dễ bị mụn 1 viên,0.6704198122024536,0.7001435160636902,0.4246315062046051
tang1,花型,【秋冬磨毛】茉莉花影-绿色,[秋冬磨毛]温茶蔷薇,SAI,Hoa văn,花型: 【秋冬磨毛】茉莉花影-绿色,Hoa văn: [秋冬磨毛]温茶蔷薇,0.6984916925430298,0.6692420840263367,0.31933489441871643
tang1,颜色分类,【纯英文】油膜擦补充液,Chỉ 2 miếng màng dầu xanh Debedi + 2 chai dung dịch bổ sung [đóng hộp và niêm phong bằng nhựa],SAI,Phân loại màu sắc,颜色分类: 【纯英文】油膜擦补充液,Phân loại màu sắc: Chỉ 2 miếng màng dầu xanh Debedi + 2 chai dung dịch bổ sung [đóng hộp và niêm phong bằng nhựa],0.6035141944885254,0.6720210909843445,0.4051424562931061
tang1,颜色分类,【英文版】2.0绿色油膜擦1盒装,[纯英文]油膜擦补充液,SAI,Phân loại màu sắc,颜色分类: 【英文版】2.0绿色油膜擦1盒装,Phân loại màu sắc: [纯英文]油膜擦补充液,0.7605576515197754,0.768806517124176,0.47269296646118164
tang1,颜色,【透明色】25.5*15*7.5【中号】带手提/可叠放,[透明窄款]25*10*7带手提/可叠放,SAI,Màu sắc,颜色: 【透明色】25.5*15*7.5【中号】带手提/可叠放,Màu sắc: [透明窄款]25*10*7带手提/可叠放,0.8932170271873474,0.9058554172515869,0.43620407581329346
tang1,尺寸,【酸枣木】筷子筒15*9cm,Cung cấp độc quyền xuyên biên giới [Ma Zhan - Muỗng mì] 32*8cm,SAI,Kích thước,尺寸: 【酸枣木】筷子筒15*9cm,Kích thước: Cung cấp độc quyền xuyên biên giới [Ma Zhan - Muỗng mì] 32*8cm,0.4118409752845764,0.46709808707237244,0.4084271788597107
tang1,规格,【食用级】1000.1ML约2斤,[Loại dùng cho thực phẩm] 1000.1ML tương đương khoảng 1.0kg,DUNG,Quy cách,规格: 【食用级】1000.1ML约2斤,Quy cách: [Loại dùng cho thực phẩm] 1000.1ML tương đương khoảng 1.0kg,0.8328959941864014,0.8357095718383789,0.4226231575012207
tang1,规格,【食用级】400.1ML约0.8斤,[Loại dùng cho thực phẩm] 400.1ML tương đương khoảng 0.4kg,DUNG,Quy cách,规格: 【食用级】400.1ML约0.8斤,Quy cách: [Loại dùng cho thực phẩm] 400.1ML tương đương khoảng 0.4kg,0.8488012552261353,0.8502500653266907,0.47110554575920105
tang1,规格,【食用级】500.1ML约1斤,[Chất liệu an toàn thực phẩm] Dung tích xấp xỉ 500.1ML. 0.5kg,DUNG,Quy cách,规格: 【食用级】500.1ML约1斤,Quy cách: [Chất liệu an toàn thực phẩm] Dung tích xấp xỉ 500.1ML. 0.5kg,0.7690719962120056,0.8050405383110046,0.503998875617981
tang1,规格,【食用级】800.1ML约1.6斤,[Chất liệu an toàn thực phẩm] Dung tích xấp xỉ 800.1ML. 0.8kg,DUNG,Quy cách,规格: 【食用级】800.1ML约1.6斤,Quy cách: [Chất liệu an toàn thực phẩm] Dung tích xấp xỉ 800.1ML. 0.8kg,0.7724463939666748,0.8059594035148621,0.4067034125328064
tang1,功能,一勺多用,Một chiếc thìa cho nhiều mục đích sử dụng,DUNG,Chức năng,功能: 一勺多用,Chức năng: Một chiếc thìa cho nhiều mục đích sử dụng,0.6540213823318481,0.754534125328064,0.4336925745010376
tang1,花型,一抹香-绿,Một chút hương thơm màu xanh lá cây,DUNG,Hoa văn,花型: 一抹香-绿,Hoa văn: Một chút hương thơm màu xanh lá cây,0.7306373119354248,0.7043057680130005,0.40559399127960205
tang1,包装规格,一级龙井A 500g,Ưu đãi đặc biệt Long Tỉnh 500g (hạng nhất),SAI,Quy cách đóng gói,包装规格: 一级龙井A 500g,Quy cách đóng gói: Ưu đãi đặc biệt Long Tỉnh 500g (hạng nhất),0.6024163961410522,0.6663458347320557,0.32909536361694336
tang1,功能,一键操作,Thao tác bằng một cú nhấp chuột,SAI,Chức năng,功能: 一键操作,Chức năng: Thao tác bằng một cú nhấp chuột,0.8107973337173462,0.8116167783737183,0.45217177271842957
tang1,功能,一键静音,Tắt tiếng bằng một cú nhấp chuột,SAI,Chức năng,功能: 一键静音,Chức năng: Tắt tiếng bằng một cú nhấp chuột,0.7836605310440063,0.7927135825157166,0.5246737599372864
tang1,包装规格,一鹿高升五层四大名茶送侧把茶具,鸿福六大茗茶雕刻镂空国风礼盒,SAI,Quy cách đóng gói,包装规格: 一鹿高升五层四大名茶送侧把茶具,Quy cách đóng gói: 鸿福六大茗茶雕刻镂空国风礼盒,0.5250515937805176,0.5989583730697632,0.608161449432373
tang1,容量,三吸嘴 萌宠绿300,Ba miệng hút thú cưng màu xanh lá cây dễ thương 300,DUNG,Dung tích,容量: 三吸嘴 萌宠绿300,Dung tích: Ba miệng hút thú cưng màu xanh lá cây dễ thương 300,0.7431672811508179,0.7515069842338562,0.4351867437362671
tang1,包装规格,三级龙井A 500g,"Long Tỉnh B cấp 3, 500g (Ưu tiên dùng để khai trương cửa hàng)",SAI,Quy cách đóng gói,包装规格: 三级龙井A 500g,"Quy cách đóng gói: Long Tỉnh B cấp 3, 500g (Ưu tiên dùng để khai trương cửa hàng)",0.5747302770614624,0.6300351619720459,0.35668328404426575
tang1,尺寸,上宽21*下宽11*高15*厚5cm,Chiều rộng trên 21 * chiều rộng dưới 11 * chiều cao 15 * dày 5cm,DUNG,Kích thước,尺寸: 上宽21*下宽11*高15*厚5cm,Kích thước: Chiều rộng trên 21 * chiều rộng dưới 11 * chiều cao 15 * dày 5cm,0.8787404298782349,0.9110381603240967,0.4032670259475708
tang1,尺寸大小,下单奶嘴前请咨询客服，避免拍错影响购物体验,S码奶嘴（适合0-3个月）无插槽,SAI,Kích thước,尺寸大小: 下单奶嘴前请咨询客服，避免拍错影响购物体验,Kích thước: S码奶嘴（适合0-3个月）无插槽,0.5695075988769531,0.6699890494346619,0.40392500162124634
tang1,尺寸大小,下单奶嘴前请咨询客服，避免拍错影响购物体验,"Vui lòng liên hệ bộ phận chăm sóc khách hàng trước khi đặt mua núm vú giả để tránh trường hợp hình ảnh sản phẩm không chính xác, ảnh hưởng đến trải nghiệm mua sắm của quý khách",SAI,Kích thước,尺寸大小: 下单奶嘴前请咨询客服，避免拍错影响购物体验,"Kích thước: Vui lòng liên hệ bộ phận chăm sóc khách hàng trước khi đặt mua núm vú giả để tránh trường hợp hình ảnh sản phẩm không chính xác, ảnh hưởng đến trải nghiệm mua sắm của quý khách",0.6659132838249207,0.7184615135192871,0.48806607723236084
tang1,尺寸,不锈钢漏勺1个,1 cái,SAI,Kích thước,尺寸: 不锈钢漏勺1个,Kích thước: 1 cái,0.6103307008743286,0.6391122937202454,0.44573068618774414
tang1,记录仪安装类型,专车专用,Xe đặc biệt cho mục đích sử dụng đặc biệt,SAI,Kiểu lắp camera hành trình,记录仪安装类型: 专车专用,Kiểu lắp camera hành trình: Xe đặc biệt cho mục đích sử dụng đặc biệt,0.7887485027313232,0.7289992570877075,0.45139044523239136
tang1,花型,中古-蓝条【A类母婴裸睡亲肤级】,"Hàng đã qua sử dụng - Sọc xanh dương [Loại A, dành cho mẹ và bé, thân thiện với da, thích hợp ngủ trần]",SAI,Hoa văn,花型: 中古-蓝条【A类母婴裸睡亲肤级】,"Hoa văn: Hàng đã qua sử dụng - Sọc xanh dương [Loại A, dành cho mẹ và bé, thân thiện với da, thích hợp ngủ trần]",0.6519609093666077,0.6437855958938599,0.5376664996147156
tang1,尺寸,中号/承受2KG（24.5*18.5*13.5cm）,Kích thước trung bình/chịu lực 2kg (24.5*18.5*13.5cm),DUNG,Kích thước,尺寸: 中号/承受2KG（24.5*18.5*13.5cm）,Kích thước: Kích thước trung bình/chịu lực 2kg (24.5*18.5*13.5cm),0.8875397443771362,0.8938275575637817,0.5830584764480591
tang1,颜色,中号8225 绿色.,Kích thước trung bình 8225 màu xanh lá cây.,DUNG,Màu sắc,颜色: 中号8225 绿色.,Màu sắc: Kích thước trung bình 8225 màu xanh lá cây.,0.7842426300048828,0.7818105220794678,0.4603896141052246
tang1,颜色,中号8225 蓝色.,Kích thước trung bình 8225 màu xanh.,DUNG,Màu sắc,颜色: 中号8225 蓝色.,Màu sắc: Kích thước trung bình 8225 màu xanh.,0.7653098702430725,0.7668743133544922,0.46948814392089844
tang1,规格,中大加大特大,CUHK,SAI,Quy cách,规格: 中大加大特大,Quy cách: CUHK,0.3454749286174774,0.6301289796829224,0.24867235124111176
tang1,规格尺寸,中抬台记录仪+HUD+安全预警仪,Máy ghi âm gắn trên bảng điều khiển trung tâm + HUD (Màn hình hiển thị trên kính) + Hệ thống cảnh báo an toàn,SAI,Kích thước thông số kỹ thuật,规格尺寸: 中抬台记录仪+HUD+安全预警仪,Kích thước thông số kỹ thuật: Máy ghi âm gắn trên bảng điều khiển trung tâm + HUD (Màn hình hiển thị trên kính) + Hệ thống cảnh báo an toàn,0.7261365652084351,0.7297265529632568,0.3985731601715088
tang1,容量,中文盒装ST-6145吸嘴直饮杯,"Cốc tập uống ST-6145 có vòi uống trực tiếp, đóng hộp theo phong cách Trung Quốc",SAI,Dung tích,容量: 中文盒装ST-6145吸嘴直饮杯,"Dung tích: Cốc tập uống ST-6145 có vòi uống trực tiếp, đóng hộp theo phong cách Trung Quốc",0.7346516251564026,0.7487344145774841,0.40091538429260254
tang1,容量,中硼硅240ML绿蓝鸭,Vịt xanh lục và xanh lục 240ML borosilicate trung bình,SAI,Dung tích,容量: 中硼硅240ML绿蓝鸭,Dung tích: Vịt xanh lục và xanh lục 240ML borosilicate trung bình,0.6202464699745178,0.6409751176834106,0.4514967203140259
tang1,适用年龄,中老年（45-59岁）,Người trung niên và người cao tuổi (45-59 tuổi),DUNG,Độ tuổi áp dụng,适用年龄: 中老年（45-59岁）,Độ tuổi áp dụng: Người trung niên và người cao tuổi (45-59 tuổi),0.8542287349700928,0.8354219794273376,0.41326451301574707
tang1,包装规格,久别枞逢（8.5g*2泡）,Cuộc đoàn tụ được chờ đợi từ lâu (8.5g*2 bong bóng),SAI,Quy cách đóng gói,包装规格: 久别枞逢（8.5g*2泡）,Quy cách đóng gói: Cuộc đoàn tụ được chờ đợi từ lâu (8.5g*2 bong bóng),0.6727464199066162,0.673223078250885,0.4364200830459595
tang1,颜色,乱碳膜 灰魅绿,Phim carbon hỗn loạn màu xám xanh lá cây quyến rũ,SAI,Màu sắc,颜色: 乱碳膜 灰魅绿,Màu sắc: Phim carbon hỗn loạn màu xám xanh lá cây quyến rũ,0.5229129195213318,0.6124844551086426,0.46929410099983215
tang1,花型,云夕【100%纯棉/假一赔十】,"Vân Tịch [100% cotton nguyên chất / Đảm bảo hàng thật, nếu không thật bồi thường gấp 10 lần]",DUNG,Hoa văn,花型: 云夕【100%纯棉/假一赔十】,"Hoa văn: Vân Tịch [100% cotton nguyên chất / Đảm bảo hàng thật, nếu không thật bồi thường gấp 10 lần]",0.6987423896789551,0.6687679290771484,0.3671426475048065
tang1,花型,五星集【100%纯棉/假一赔十】,"Ngũ Tinh Tập [100% cotton nguyên chất / Đảm bảo hàng thật, nếu không trả gấp 10 lần]",DUNG,Hoa văn,花型: 五星集【100%纯棉/假一赔十】,"Hoa văn: Ngũ Tinh Tập [100% cotton nguyên chất / Đảm bảo hàng thật, nếu không trả gấp 10 lần]",0.7083684206008911,0.7166697978973389,0.5370608568191528
tang1,花型,仙本娜【100%纯棉 亲肤透气】,"Thú cưng dễ thương [100% cotton nguyên chất, thân thiện với da và thoáng khí]",SAI,Hoa văn,花型: 仙本娜【100%纯棉 亲肤透气】,"Hoa văn: Thú cưng dễ thương [100% cotton nguyên chất, thân thiện với da và thoáng khí]",0.7024953365325928,0.6692620515823364,0.30632293224334717
tang1,花型,休闲学院,Phong cách học đường thoải mái,DUNG,Hoa văn,花型: 休闲学院,Hoa văn: Phong cách học đường thoải mái,0.6234734058380127,0.7173018455505371,0.45390909910202026
tang1,花型,伯伦-白【精梳新疆全棉 亲肤裸睡】,千澄[精梳新疆全棉 亲肤裸睡],SAI,Hoa văn,花型: 伯伦-白【精梳新疆全棉 亲肤裸睡】,Hoa văn: 千澄[精梳新疆全棉 亲肤裸睡],0.778593897819519,0.7136696577072144,0.5809949040412903
tang1,包装规格,伴手礼花茶礼盒4罐装（内有四罐茶）,花茶礼盒（7种口味14包茶）,SAI,Quy cách đóng gói,包装规格: 伴手礼花茶礼盒4罐装（内有四罐茶）,Quy cách đóng gói: 花茶礼盒（7种口味14包茶）,0.7398303747177124,0.775955080986023,0.3703013062477112
tang1,花型,余生有你,Tôi sẽ có bạn cho đến hết cuộc đời,DUNG,Hoa văn,花型: 余生有你,Hoa văn: Tôi sẽ có bạn cho đến hết cuộc đời,0.5090219974517822,0.5763063430786133,0.3121315836906433
tang1,花型,俏皮狗【超柔裸睡双层纱】,"Chú Chó Tinh Nghịch [Vải Lưới Hai Lớp Siêu Mềm Mại, Thoải Mái Như Ngủ Trong Không Khí]",DUNG,Hoa văn,花型: 俏皮狗【超柔裸睡双层纱】,"Hoa văn: Chú Chó Tinh Nghịch [Vải Lưới Hai Lớp Siêu Mềm Mại, Thoải Mái Như Ngủ Trong Không Khí]",0.6889615654945374,0.7053351402282715,0.45118018984794617
tang1,化妆品功效,修护肌肤,抗初老,SAI,Công dụng mỹ phẩm,化妆品功效: 修护肌肤,Công dụng mỹ phẩm: 抗初老,0.5540439486503601,0.7742041349411011,0.4728314280509949
tang1,功能,储能回弹,Làn sóng tái khởi động của thị trường lưu trữ năng lượng,SAI,Chức năng,功能: 储能回弹,Chức năng: Làn sóng tái khởi động của thị trường lưu trữ năng lượng,0.6204054355621338,0.703124463558197,0.44613415002822876
tang1,颜色,光影-桂花,Ánh sáng và bóng tối osmanthus,DUNG,Màu sắc,颜色: 光影-桂花,Màu sắc: Ánh sáng và bóng tối osmanthus,0.4470313787460327,0.5953269600868225,0.403287410736084
tang1,花型,克洛伊奶咖,530布鲁克-蓝,SAI,Hoa văn,花型: 克洛伊奶咖,Hoa văn: 530布鲁克-蓝,0.324627548456192,0.5075021982192993,0.3160727024078369
tang1,颜色,兔毛豹纹边棕色坐垫前排,兔毛豹纹星星头枕,SAI,Màu sắc,颜色: 兔毛豹纹边棕色坐垫前排,Màu sắc: 兔毛豹纹星星头枕,0.6445320248603821,0.6400517821311951,0.3797360062599182
tang1,颜色,兔毛豹纹边棕色坐垫后排,兔毛豹纹爱心头枕,SAI,Màu sắc,颜色: 兔毛豹纹边棕色坐垫后排,Màu sắc: 兔毛豹纹爱心头枕,0.6539801359176636,0.6467031240463257,0.3593992590904236
tang1,颜色,兔毛豹纹边棕色坐垫靠背,兔毛豹纹星星腰靠,SAI,Màu sắc,颜色: 兔毛豹纹边棕色坐垫靠背,Màu sắc: 兔毛豹纹星星腰靠,0.7221019268035889,0.7123777270317078,0.3665693998336792
tang1,口感,入口醇香,Hương vị thơm ngon ngay từ đầu lọt vào miệng,DUNG,Hương vị,口感: 入口醇香,Hương vị: Hương vị thơm ngon ngay từ đầu lọt vào miệng,0.7064188718795776,0.7949751019477844,0.5545132160186768
tang1,颜色,全包全白掌,"Bao phủ toàn bộ, lòng bàn tay trắng tinh",DUNG,Màu sắc,颜色: 全包全白掌,"Màu sắc: Bao phủ toàn bộ, lòng bàn tay trắng tinh",0.6700339317321777,0.7670901417732239,0.40123289823532104
tang1,货号,全棉印花四件套,Bộ chăn ga gối đệm bốn mảnh in họa tiết hoàn toàn bằng cotton,DUNG,Mã sản phẩm,货号: 全棉印花四件套,Mã sản phẩm: Bộ chăn ga gối đệm bốn mảnh in họa tiết hoàn toàn bằng cotton,0.7162075042724609,0.7002722024917603,0.4110650420188904
tang1,颜色,全黑/男款,Tất cả màu đen/phong cách nam giới,DUNG,Màu sắc,颜色: 全黑/男款,Màu sắc: Tất cả màu đen/phong cách nam giới,0.8010371923446655,0.8230136632919312,0.49333667755126953
tang1,颜色,全黑增高10CM,Màu đen toàn thân giúp tăng chiều cao thêm 10cm,DUNG,Màu sắc,颜色: 全黑增高10CM,Màu sắc: Màu đen toàn thân giúp tăng chiều cao thêm 10cm,0.8556311726570129,0.8498800992965698,0.412453830242157
tang1,颜色,全黑增高4CM,Màu đen toàn bộ giúp tăng chiều cao thêm 4cm,DUNG,Màu sắc,颜色: 全黑增高4CM,Màu sắc: Màu đen toàn bộ giúp tăng chiều cao thêm 4cm,0.8647469282150269,0.8732221126556396,0.4012864828109741
tang1,颜色,全黑增高6CM,Màu đen toàn bộ giúp tăng chiều cao thêm 6CM,DUNG,Màu sắc,颜色: 全黑增高6CM,Màu sắc: Màu đen toàn bộ giúp tăng chiều cao thêm 6CM,0.8649914264678955,0.8779059648513794,0.4179871678352356
tang1,颜色,全黑增高8CM,Màu đen toàn bộ giúp tăng chiều cao thêm 8cm,DUNG,Màu sắc,颜色: 全黑增高8CM,Màu sắc: Màu đen toàn bộ giúp tăng chiều cao thêm 8cm,0.8604239821434021,0.8718062043190002,0.395317018032074
tang1,包装规格,六味红参桂圆麦冬饮【10克*10包】素颜都被夸,"Thức uống sâm đỏ, long nhãn và bạch truật sáu thành phần [10g x 10 gói] - Ngay cả khi không trang điểm, bạn cũng sẽ nhận được lời khen ngợi!",SAI,Quy cách đóng gói,包装规格: 六味红参桂圆麦冬饮【10克*10包】素颜都被夸,"Quy cách đóng gói: Thức uống sâm đỏ, long nhãn và bạch truật sáu thành phần [10g x 10 gói] - Ngay cả khi không trang điểm, bạn cũng sẽ nhận được lời khen ngợi!",0.661422848701477,0.6832952499389648,0.43203938007354736
tang1,花型,兰亭序-灰,Lời nói đầu của Lanting - Màu xám,SAI,Hoa văn,花型: 兰亭序-灰,Hoa văn: Lời nói đầu của Lanting - Màu xám,0.5068963766098022,0.47794467210769653,0.4791574776172638
tang1,包装规格,其他品类联系客服,"Đối với các danh mục khác, vui lòng liên hệ bộ phận chăm sóc khách hàng",DUNG,Quy cách đóng gói,包装规格: 其他品类联系客服,"Quy cách đóng gói: Đối với các danh mục khác, vui lòng liên hệ bộ phận chăm sóc khách hàng",0.8091267943382263,0.8036681413650513,0.4761096239089966
tang1,适用型号,其他型号联系客服,"Đối với các mẫu khác, vui lòng liên hệ bộ phận chăm sóc khách hàng",DUNG,Dòng máy tương thích,适用型号: 其他型号联系客服,"Dòng máy tương thích: Đối với các mẫu khác, vui lòng liên hệ bộ phận chăm sóc khách hàng",0.814480185508728,0.7627440690994263,0.4232231378555298
tang1,适用型号,其他型号联系客服下单,"Đối với các mẫu khác, vui lòng liên hệ với bộ phận chăm sóc khách hàng để đặt hàng",DUNG,Dòng máy tương thích,适用型号: 其他型号联系客服下单,"Dòng máy tương thích: Đối với các mẫu khác, vui lòng liên hệ với bộ phận chăm sóc khách hàng để đặt hàng",0.8253864645957947,0.7622777819633484,0.43473681807518005
tang1,颜色,其他尺寸颜色联系客服,"Đối với kích thước và màu sắc khác, vui lòng liên hệ bộ phận chăm sóc khách hàng",DUNG,Màu sắc,颜色: 其他尺寸颜色联系客服,"Màu sắc: Đối với kích thước và màu sắc khác, vui lòng liên hệ bộ phận chăm sóc khách hàng",0.8707433938980103,0.8716573119163513,0.4912509322166443
tang1,颜色,其他版本咨询客服,Các phiên bản khác vui lòng liên hệ bộ phận chăm sóc khách hàng,DUNG,Màu sắc,颜色: 其他版本咨询客服,Màu sắc: Các phiên bản khác vui lòng liên hệ bộ phận chăm sóc khách hàng,0.8370128273963928,0.8568111658096313,0.38588955998420715
tang1,箱装数量,具体咨询客服,Vui lòng liên hệ bộ phận chăm sóc khách hàng để được tư vấn cụ thể,DUNG,Số lượng mỗi thùng,箱装数量: 具体咨询客服,Số lượng mỗi thùng: Vui lòng liên hệ bộ phận chăm sóc khách hàng để được tư vấn cụ thể,0.768244743347168,0.7812737226486206,0.768244743347168
tang1,颜色,典雅白中号,Kích thước trung bình màu trắng thanh lịch,DUNG,Màu sắc,颜色: 典雅白中号,Màu sắc: Kích thước trung bình màu trắng thanh lịch,0.5008909702301025,0.6935392618179321,0.43228214979171753
tang1,贸易属性,内贸外贸,Thương mại trong nước và ngoại thương,DUNG,Thuộc tính thương mại,贸易属性: 内贸外贸,Thuộc tính thương mại: Thương mại trong nước và ngoại thương,0.7393359541893005,0.7391494512557983,0.6785649061203003
tang1,颜色,军绿色-普通版,Quân đội màu xanh lá cây-phiên bản bình thường,SAI,Màu sắc,颜色: 军绿色-普通版,Màu sắc: Quân đội màu xanh lá cây-phiên bản bình thường,0.7639853954315186,0.7972434759140015,0.3630216717720032
tang1,颜色,军蓝拼宝蓝,Màu xanh quân đội và màu xanh sapphire,DUNG,Màu sắc,颜色: 军蓝拼宝蓝,Màu sắc: Màu xanh quân đội và màu xanh sapphire,0.5512466430664062,0.7247191667556763,0.37981361150741577
tang1,颜色,军蓝红带,Thắt lưng quân đội màu xanh và đỏ,SAI,Màu sắc,颜色: 军蓝红带,Màu sắc: Thắt lưng quân đội màu xanh và đỏ,0.510572075843811,0.6864842176437378,0.37292158603668213
tang1,颜色,军蓝酒红带,"Thắt lưng màu xanh quân đội, đỏ rượu vang",SAI,Màu sắc,颜色: 军蓝酒红带,"Màu sắc: Thắt lưng màu xanh quân đội, đỏ rượu vang",0.5857390761375427,0.7269117832183838,0.30791279673576355
tang1,花型,冰激凌【100%纯棉/假一赔十】,"Kem [100% cotton nguyên chất / Đảm bảo hàng thật, nếu không thật bồi thường gấp 10 lần]",DUNG,Hoa văn,花型: 冰激凌【100%纯棉/假一赔十】,"Hoa văn: Kem [100% cotton nguyên chất / Đảm bảo hàng thật, nếu không thật bồi thường gấp 10 lần]",0.7346562147140503,0.7103207111358643,0.3864614963531494
tang1,颜色,冰雪（透黑）,Băng và tuyết (thông qua màu đen),SAI,Màu sắc,颜色: 冰雪（透黑）,Màu sắc: Băng và tuyết (thông qua màu đen),0.7500431537628174,0.7797573804855347,0.4289567470550537
tang1,花型,初-真诚小狗,Chu-Sincere Puppy: Chu - Chú Chó Con Thành Kính,SAI,Hoa văn,花型: 初-真诚小狗,Hoa văn: Chu-Sincere Puppy: Chu - Chú Chó Con Thành Kính,0.5136123299598694,0.5282654762268066,0.3477845788002014
tang1,适用学龄,初中。高中,Trung học cơ sở. Trung học phổ thông,DUNG,Thích hợp tuổi đi học,适用学龄: 初中。高中,Thích hợp tuổi đi học: Trung học cơ sở. Trung học phổ thông,0.6855971813201904,0.7964023947715759,0.5925428867340088
tang1,花型,初享时光（爆款！）,Lần đầu tiên tận hưởng thời gian (phong cách bán chạy!),DUNG,Hoa văn,花型: 初享时光（爆款！）,Hoa văn: Lần đầu tiên tận hưởng thời gian (phong cách bán chạy!),0.7305689454078674,0.7326475977897644,0.3973610997200012
tang1,花型,初恋【A类母婴级-亲肤裸睡】,First Love [Loại A ngủ khỏa thân thân thiện với làn da dành cho bà mẹ và trẻ sơ sinh],SAI,Hoa văn,花型: 初恋【A类母婴级-亲肤裸睡】,Hoa văn: First Love [Loại A ngủ khỏa thân thân thiện với làn da dành cho bà mẹ và trẻ sơ sinh],0.7809876203536987,0.7760376930236816,0.5105535984039307
tang1,花型,初黄+果绿,Màu vàng ban đầu + màu xanh trái cây,SAI,Hoa văn,花型: 初黄+果绿,Hoa văn: Màu vàng ban đầu + màu xanh trái cây,0.6892026662826538,0.6921367645263672,0.39766913652420044
tang1,颜色,刺猬插插乐【需要袋装联系客服】,Đồ chơi xếp chồng hình nhím [Liên hệ bộ phận Chăm sóc Khách hàng để biết thêm thông tin về các lựa chọn đóng gói],DUNG,Màu sắc,颜色: 刺猬插插乐【需要袋装联系客服】,Màu sắc: Đồ chơi xếp chồng hình nhím [Liên hệ bộ phận Chăm sóc Khách hàng để biết thêm thông tin về các lựa chọn đóng gói],0.6066006422042847,0.6527478694915771,0.32925814390182495
tang1,规格尺寸,前后双路,Đường đôi phía trước và phía sau,SAI,Kích thước thông số kỹ thuật,规格尺寸: 前后双路,Kích thước thông số kỹ thuật: Đường đôi phía trước và phía sau,0.7576152086257935,0.7762302756309509,0.392294317483902
tang1,颜色分类,前后双路2K+1K,Kênh đôi phía trước và phía sau 2K+1K,DUNG,Phân loại màu sắc,颜色分类: 前后双路2K+1K,Phân loại màu sắc: Kênh đôi phía trước và phía sau 2K+1K,0.8133994340896606,0.8195701837539673,0.5159227848052979
tang1,颜色分类,前后双路4K+1K,Kênh đôi phía trước và phía sau 4K+1K,DUNG,Phân loại màu sắc,颜色分类: 前后双路4K+1K,Phân loại màu sắc: Kênh đôi phía trước và phía sau 4K+1K,0.7890371680259705,0.8212937116622925,0.3878145217895508
tang1,颜色,加LOGO联系客服,Thêm LOGO và liên hệ bộ phận chăm sóc khách hàng,DUNG,Màu sắc,颜色: 加LOGO联系客服,Màu sắc: Thêm LOGO và liên hệ bộ phận chăm sóc khách hàng,0.8599361777305603,0.8629783987998962,0.3876272439956665
tang1,颜色,加库存 找客服,Thêm hàng tồn kho và liên hệ với dịch vụ khách hàng,DUNG,Màu sắc,颜色: 加库存 找客服,Màu sắc: Thêm hàng tồn kho và liên hệ với dịch vụ khách hàng,0.8383569121360779,0.8232203722000122,0.4311388432979584
tang1,特色功能,动亲子交流,Khuyến khích sự tương tác giữa cha mẹ và con cái,DUNG,Tính năng đặc biệt,特色功能: 动亲子交流,Tính năng đặc biệt: Khuyến khích sự tương tác giữa cha mẹ và con cái,0.7539499998092651,0.8657336831092834,0.48125195503234863
tang1,规格尺寸,包装长宽高14*10.3*6.5CM,"Bao bì chiều dài, chiều rộng và chiều cao 14*10.3*6.5cm",DUNG,Kích thước thông số kỹ thuật,规格尺寸: 包装长宽高14*10.3*6.5CM,"Kích thước thông số kỹ thuật: Bao bì chiều dài, chiều rộng và chiều cao 14*10.3*6.5cm",0.8493224382400513,0.8434115648269653,0.4272264242172241
tang1,尺寸大小,十字奶嘴（6个月以上）,Vui lòng tham khảo dịch vụ khách hàng trước khi đặt hàng núm vú giả để tránh ảnh sai ảnh và ảnh hưởng đến trải nghiệm mua sắm của bạn,SAI,Kích thước,尺寸大小: 十字奶嘴（6个月以上）,Kích thước: Vui lòng tham khảo dịch vụ khách hàng trước khi đặt hàng núm vú giả để tránh ảnh sai ảnh và ảnh hưởng đến trải nghiệm mua sắm của bạn,0.3961647152900696,0.5248208045959473,0.5695871710777283
tang1,包装规格,千里江山国风画卷五层六大名茶送窑变茶具,时来运转六大名茶,SAI,Quy cách đóng gói,包装规格: 千里江山国风画卷五层六大名茶送窑变茶具,Quy cách đóng gói: 时来运转六大名茶,0.6088670492172241,0.5856823921203613,0.3774837851524353
tang1,花型,午后【超柔加厚床盖/拒绝跑床单】,法式床盖-南法花语（上新）,SAI,Hoa văn,花型: 午后【超柔加厚床盖/拒绝跑床单】,Hoa văn: 法式床盖-南法花语（上新）,0.5390534400939941,0.6074279546737671,0.5307855606079102
tang1,花型,半亩花棠【100%纯棉 假一罚十】,Half Acre of Flowers [100% Cotton nguyên chất - Đảm bảo tính xác thực hoặc hoàn tiền gấp 10 lần],SAI,Hoa văn,花型: 半亩花棠【100%纯棉 假一罚十】,Hoa văn: Half Acre of Flowers [100% Cotton nguyên chất - Đảm bảo tính xác thực hoặc hoàn tiền gấp 10 lần],0.7540158033370972,0.7471343278884888,0.407123863697052
tang1,花型,半夏桃花【A类母婴级-亲肤裸睡】,Pinellia Peach Blossom [Loại A thân thiện với làn da khi ngủ khỏa thân dành cho bà mẹ và trẻ sơ sinh],SAI,Hoa văn,花型: 半夏桃花【A类母婴级-亲肤裸睡】,Hoa văn: Pinellia Peach Blossom [Loại A thân thiện với làn da khi ngủ khỏa thân dành cho bà mẹ và trẻ sơ sinh],0.6727228164672852,0.6970191597938538,0.6592552661895752
tang1,花型,华夫格-灰色【母婴华夫格 软糯舒适 健康裸睡】,Walfger-Xám [Mẹ và bé Walfgergergergergergergergergergergergergergergergergergergergergergergergergergergergergergergergergergergergergergergergergergergergergergergergergergergergergergergergergergergergergergergergergergergergergergergergergergergergergergergergergergergergergergergergergergergergergergergergergergergergerquyền,SAI,Hoa văn,花型: 华夫格-灰色【母婴华夫格 软糯舒适 健康裸睡】,Hoa văn: Walfger-Xám [Mẹ và bé Walfgergergergergergergergergergergergergergergergergergergergergergergergergergergergergergergergergergergergergergergergergergergergergergergergergergergergergergergergergergergergergergergergergergergergergergergergergergergergergergergergergergergergergergergergergergergergergergergergergergergergerquyền,0.500006914138794,0.4803348481655121,0.23434092104434967
tang1,花型,华夫格-焦糖【母婴华夫格 软糯舒适 健康裸睡】,Walfger-Caramel [Mẹ và bé Walfgergergergergergergergergergergergergergergergergergergergergergergergergergergergergergergergergergergergergergergergergergergergergergergergergergergergergergergergergergergergergergergergergergergergergergergergergergergergergergergergergergergergergergergergergergergergergergergergergergergerquyền,SAI,Hoa văn,花型: 华夫格-焦糖【母婴华夫格 软糯舒适 健康裸睡】,Hoa văn: Walfger-Caramel [Mẹ và bé Walfgergergergergergergergergergergergergergergergergergergergergergergergergergergergergergergergergergergergergergergergergergergergergergergergergergergergergergergergergergergergergergergergergergergergergergergergergergergergergergergergergergergergergergergergergergergergergergergergergergergerquyền,0.49325719475746155,0.46775954961776733,0.4637680649757385
tang1,颜色分类,单镜头1080P+32卡+普通夜视,"Camera 1080P ống kính đơn, kèm thẻ nhớ 32GB và chế độ nhìn đêm tiêu chuẩn",DUNG,Phân loại màu sắc,颜色分类: 单镜头1080P+32卡+普通夜视,"Phân loại màu sắc: Camera 1080P ống kính đơn, kèm thẻ nhớ 32GB và chế độ nhìn đêm tiêu chuẩn",0.8499031066894531,0.8630160093307495,0.5928026437759399
tang1,花型,南瓜派对（有小号）,511魅影-橘（有小号）,SAI,Hoa văn,花型: 南瓜派对（有小号）,Hoa văn: 511魅影-橘（有小号）,0.5531541109085083,0.6036628484725952,0.3418514132499695
tang1,颜色,卡其小熊 baby clothes,quần áo khỉ kaki,SAI,Màu sắc,颜色: 卡其小熊 baby clothes,Màu sắc: quần áo khỉ kaki,0.6026511192321777,0.669244647026062,0.35411345958709717
tang1,包装规格,原味500g散装（约85颗）,Hương vị nguyên bản 500g số lượng lớn (khoảng 85 miếng),DUNG,Quy cách đóng gói,包装规格: 原味500g散装（约85颗）,Quy cách đóng gói: Hương vị nguyên bản 500g số lượng lớn (khoảng 85 miếng),0.741530179977417,0.7746312022209167,0.4982379376888275
tang1,颜色,双兜马年限定米白,Double Pocket Year of the Horse Phiên bản giới hạn màu trắng nhạt,SAI,Màu sắc,颜色: 双兜马年限定米白,Màu sắc: Double Pocket Year of the Horse Phiên bản giới hạn màu trắng nhạt,0.5297357439994812,0.64008629322052,0.3981335759162903
tang1,颜色,双层大8格22.7*15.7*6cm,"Hộp đựng hai tầng, lớn, 8 ngăn, kích thước 22.7*15.7*6cm",DUNG,Màu sắc,颜色: 双层大8格22.7*15.7*6cm,"Màu sắc: Hộp đựng hai tầng, lớn, 8 ngăn, kích thước 22.7*15.7*6cm",0.7959297299385071,0.8139970302581787,0.46143394708633423
tang1,颜色,双开4格盒10.4*6.7*2.7CM,"Hộp mở đôi, bốn ngăn, kích thước 10.4 x 6.7 x 2.7 cm",DUNG,Màu sắc,颜色: 双开4格盒10.4*6.7*2.7CM,"Màu sắc: Hộp mở đôi, bốn ngăn, kích thước 10.4 x 6.7 x 2.7 cm",0.8122243881225586,0.8203650116920471,0.49991583824157715
tang1,颜色分类,双录（前4K后1080P）+声控+WiFi+ADAS,Ghi âm kép (4K phía trước và phía sau 1080P) Điều khiển bằng giọng nói WiFi ADAS,SAI,Phân loại màu sắc,颜色分类: 双录（前4K后1080P）+声控+WiFi+ADAS,Phân loại màu sắc: Ghi âm kép (4K phía trước và phía sau 1080P) Điều khiển bằng giọng nói WiFi ADAS,0.7973309755325317,0.8382652997970581,0.45516881346702576
tang1,花型,发财树【高克重 软糯亲肤 柔软舒适】,企鹅[高克重 软糯亲肤 柔软舒适],SAI,Hoa văn,花型: 发财树【高克重 软糯亲肤 柔软舒适】,Hoa văn: 企鹅[高克重 软糯亲肤 柔软舒适],0.7718175649642944,0.6735625267028809,0.4588606357574463
tang1,颜色,可拆16格（变12格）22.4*19.6*5.3cm,Có thể tháo rời 16 lưới (thay đổi thành 12 lưới) 22.4 * 19.6 * 5.3cm,SAI,Màu sắc,颜色: 可拆16格（变12格）22.4*19.6*5.3cm,Màu sắc: Có thể tháo rời 16 lưới (thay đổi thành 12 lưới) 22.4 * 19.6 * 5.3cm,0.7533440589904785,0.7827045917510986,0.29949694871902466
tang1,颜色,可拆16格（变8格）22.4*19.6*5.3cm,Có thể tháo rời 16 lưới (thay đổi thành 8 lưới) 22.4 * 19.6 * 5.3cm,SAI,Màu sắc,颜色: 可拆16格（变8格）22.4*19.6*5.3cm,Màu sắc: Có thể tháo rời 16 lưới (thay đổi thành 8 lưới) 22.4 * 19.6 * 5.3cm,0.7487360239028931,0.7834999561309814,0.41213029623031616
tang1,颜色,可拆大36格27.5*17.7*4.5cm,"Hộp đựng đồ lớn 36 ngăn, kích thước 27.5*17.7*4.5cm, có thể tháo rời",DUNG,Màu sắc,颜色: 可拆大36格27.5*17.7*4.5cm,"Màu sắc: Hộp đựng đồ lớn 36 ngăn, kích thước 27.5*17.7*4.5cm, có thể tháo rời",0.7718591690063477,0.7698533535003662,0.44030463695526123
tang1,保质期,可长期贮存,Có thể được lưu trữ trong một thời gian dài,DUNG,Thời hạn sử dụng,保质期: 可长期贮存,Thời hạn sử dụng: Có thể được lưu trữ trong một thời gian dài,0.8631743788719177,0.8455649018287659,0.474196195602417
tang1,花型,吉米【100%纯棉/假一赔十】,"Jimmy [100% cotton nguyên chất / Đảm bảo hàng thật, nếu không trả gấp 10 lần]",DUNG,Hoa văn,花型: 吉米【100%纯棉/假一赔十】,"Hoa văn: Jimmy [100% cotton nguyên chất / Đảm bảo hàng thật, nếu không trả gấp 10 lần]",0.7852880954742432,0.7320318222045898,0.41762927174568176
tang1,产品规格,吨吨喷雾300ml,"(Với từ ""có quà tặng"") Sữa rửa mặt Collagen Amino Acid 120g",SAI,Quy cách sản phẩm,产品规格: 吨吨喷雾300ml,"Quy cách sản phẩm: (Với từ ""có quà tặng"") Sữa rửa mặt Collagen Amino Acid 120g",0.39335379004478455,0.4210929274559021,0.370094895362854
tang1,尺寸大小,吸水嘴+直饮管,Bộ chuyển đổi ống uống trực tiếp cốc nước gấu trúc,SAI,Kích thước,尺寸大小: 吸水嘴+直饮管,Kích thước: Bộ chuyển đổi ống uống trực tiếp cốc nước gấu trúc,0.5842494964599609,0.6414865851402283,0.4024522304534912
tang1,颜色,咖黄撞色,Màu vàng cà phê phối màu tương phản,DUNG,Màu sắc,颜色: 咖黄撞色,Màu sắc: Màu vàng cà phê phối màu tương phản,0.686687171459198,0.7417709827423096,0.513489305973053
tang1,重量,咨询客服（g）,Liên hệ bộ phận chăm sóc khách hàng (g),DUNG,Trọng lượng,重量: 咨询客服（g）,Trọng lượng: Liên hệ bộ phận chăm sóc khách hàng (g),0.8540471792221069,0.8532696962356567,0.4453725814819336
tang1,花型,品-味-时-尚,Sản phẩm-Hương vị-Thời gian-Thương,SAI,Hoa văn,花型: 品-味-时-尚,Hoa văn: Sản phẩm-Hương vị-Thời gian-Thương,0.6221752166748047,0.6548497676849365,0.3405260443687439
tang1,适用场景,商用、家用,"Dùng cho thương mại, dùng cho gia đình",DUNG,Dịp sử dụng,适用场景: 商用、家用,"Dịp sử dụng: Dùng cho thương mại, dùng cho gia đình",0.8248674273490906,0.8591468334197998,0.46750831604003906
tang1,包装规格,喜上眉梢双层六大茗茶,Một con nai lên tầng năm và nhận được bốn loại trà nổi tiếng và một bộ trà có tay cầm bên,SAI,Quy cách đóng gói,包装规格: 喜上眉梢双层六大茗茶,Quy cách đóng gói: Một con nai lên tầng năm và nhận được bốn loại trà nổi tiếng và một bộ trà có tay cầm bên,0.4973528981208801,0.579839825630188,0.3327995538711548
tang1,包装规格,四级龙井A 500g,Long Tỉnh B cấp 4 500g (bán hàng thương mại điện tử),SAI,Quy cách đóng gói,包装规格: 四级龙井A 500g,Quy cách đóng gói: Long Tỉnh B cấp 4 500g (bán hàng thương mại điện tử),0.5855529308319092,0.6410095691680908,0.31041741371154785
tang1,颜色,围巾羊驼,Khăn quàng cổ lông lạc đà Alpaca,SAI,Màu sắc,颜色: 围巾羊驼,Màu sắc: Khăn quàng cổ lông lạc đà Alpaca,0.5718319416046143,0.6891261339187622,0.312744140625
tang1,风格,国潮新风,Xu hướng quốc gia phong cách mới,SAI,Phong cách,风格: 国潮新风,Phong cách: Xu hướng quốc gia phong cách mới,0.5930442810058594,0.7275223731994629,0.360116183757782
tang1,包装规格,国风雅器龙井,Phong cách quốc gia thiết bị tao nhã Long Tỉnh,SAI,Quy cách đóng gói,包装规格: 国风雅器龙井,Quy cách đóng gói: Phong cách quốc gia thiết bị tao nhã Long Tỉnh,0.5293533205986023,0.6549787521362305,0.3072751462459564
tang1,颜色,土豪金（全铝旗舰款）,Vàng bạo chúa địa phương (tất cả các mô hình hàng đầu bằng nhôm),SAI,Màu sắc,颜色: 土豪金（全铝旗舰款）,Màu sắc: Vàng bạo chúa địa phương (tất cả các mô hình hàng đầu bằng nhôm),0.4990188181400299,0.6086914539337158,0.2996799051761627
tang1,花型,圣诞【A类母婴级-亲肤裸睡】,Giáng sinh [Loại A ngủ khỏa thân thân thiện với làn da dành cho bà mẹ và trẻ sơ sinh],DUNG,Hoa văn,花型: 圣诞【A类母婴级-亲肤裸睡】,Hoa văn: Giáng sinh [Loại A ngủ khỏa thân thân thiện với làn da dành cho bà mẹ và trẻ sơ sinh],0.7800648212432861,0.7551933526992798,0.369581937789917
tang1,尺码,均码(80-140斤可穿),Một kích thước phù hợp với tất cả (40-70kg có thể được đeo),DUNG,Kích cỡ,尺码: 均码(80-140斤可穿),Kích cỡ: Một kích thước phù hợp với tất cả (40-70kg có thể được đeo),0.719122052192688,0.7577044367790222,0.6169873476028442
tang1,花型,墨菡-粉【精梳新疆全棉 亲肤裸睡】,杜言[精梳新疆全棉 亲肤裸睡],SAI,Hoa văn,花型: 墨菡-粉【精梳新疆全棉 亲肤裸睡】,Hoa văn: 杜言[精梳新疆全棉 亲肤裸睡],0.7748627662658691,0.67954021692276,0.5407325029373169
tang1,颜色,复刻厚底宝蓝,Giày đế dày màu xanh sapphire phiên bản phục chế,DUNG,Màu sắc,颜色: 复刻厚底宝蓝,Màu sắc: Giày đế dày màu xanh sapphire phiên bản phục chế,0.579853892326355,0.6611908674240112,0.45430296659469604
tang1,主面料成分含量,外套58.5%棉38.5%涤3%氨纶；打底衫93%聚酯纤维7%氨纶裤子100%棉 拼色:90%棉10,"Áo khoác: 58.5% Cotton, 38.5% Polyester, 3% Spandex, Áo lót giữ nhiệt: 93% Polyester, 7% Spandex, Quần: 100% Cotton, Áo phối màu: 90% Cotton, 10% [Chất liệu - Vui lòng cho biết chất liệu nếu biết, nếu không thì giữ nguyên]",DUNG,Tỉ lệ thành phần vải chính,主面料成分含量: 外套58.5%棉38.5%涤3%氨纶；打底衫93%聚酯纤维7%氨纶裤子100%棉 拼色:90%棉10,"Tỉ lệ thành phần vải chính: Áo khoác: 58.5% Cotton, 38.5% Polyester, 3% Spandex, Áo lót giữ nhiệt: 93% Polyester, 7% Spandex, Quần: 100% Cotton, Áo phối màu: 90% Cotton, 10% [Chất liệu - Vui lòng cho biết chất liệu nếu biết, nếu không thì giữ nguyên]",0.7942885160446167,0.8118138909339905,0.48467761278152466
tang1,贸易属性,外贸+内贸,Ngoại thương + thương mại nội địa,DUNG,Thuộc tính thương mại,贸易属性: 外贸+内贸,Thuộc tính thương mại: Ngoại thương + thương mại nội địa,0.8260467052459717,0.8158413171768188,0.577613115310669
tang1,场景,多场景使用,Sử dụng đa dạng trong nhiều tình huống,DUNG,Cảnh,场景: 多场景使用,Cảnh: Sử dụng đa dạng trong nhiều tình huống,0.8304809927940369,0.7896750569343567,0.5438736081123352
tang1,花型,多子多福,Nhiều đứa trẻ và nhiều phước lành,DUNG,Hoa văn,花型: 多子多福,Hoa văn: Nhiều đứa trẻ và nhiều phước lành,0.460104763507843,0.5537480115890503,0.23670166730880737
tang1,型号,夜光停车牌,Biển báo đỗ xe phát sáng trong bóng tối,DUNG,Model,型号: 夜光停车牌,Model: Biển báo đỗ xe phát sáng trong bóng tối,0.7404336929321289,0.7065588235855103,0.3954279124736786
tang1,形象,夜光椰子鞋,Giày thể thao Yeezy phát sáng trong bóng tối,DUNG,Hình tượng,形象: 夜光椰子鞋,Hình tượng: Giày thể thao Yeezy phát sáng trong bóng tối,0.6126989126205444,0.6488879919052124,0.45984745025634766
tang1,外观尺寸,大众Atlas sport【五座款】美版途昂,19-26款探岳 [原车孔位],SAI,Ngoại hình kích thước,外观尺寸: 大众Atlas sport【五座款】美版途昂,Ngoại hình kích thước: 19-26款探岳 [原车孔位],0.4280061721801758,0.5462343692779541,0.4280061721801758
tang1,颜色,大号满印白,Kích thước lớn tất cả được in màu trắng,SAI,Màu sắc,颜色: 大号满印白,Màu sắc: Kích thước lớn tất cả được in màu trắng,0.7583393454551697,0.8102070093154907,0.48604756593704224
tang1,颜色分类,大灯翻新喷雾120ml,Chất lỏng mạ pha lê đèn pha 12ml (phiên bản tiếng Anh),SAI,Phân loại màu sắc,颜色分类: 大灯翻新喷雾120ml,Phân loại màu sắc: Chất lỏng mạ pha lê đèn pha 12ml (phiên bản tiếng Anh),0.5800224542617798,0.6240416765213013,0.4470013678073883
tang1,颜色分类,大灯翻新套盒二代*2,大灯翻新膏,SAI,Phân loại màu sắc,颜色分类: 大灯翻新套盒二代*2,Phân loại màu sắc: 大灯翻新膏,0.6924608945846558,0.76258784532547,0.4120752811431885
tang1,颜色分类,大灯镀晶液12ml（英文款）,大灯翻新剂180ml,SAI,Phân loại màu sắc,颜色分类: 大灯镀晶液12ml（英文款）,Phân loại màu sắc: 大灯翻新剂180ml,0.7144200801849365,0.7522031664848328,0.3505590260028839
tang1,颜色,大红中号53*31*30CM,Màu đỏ lớn kích thước trung bình 53*31*30CM,SAI,Màu sắc,颜色: 大红中号53*31*30CM,Màu sắc: Màu đỏ lớn kích thước trung bình 53*31*30CM,0.7825580835342407,0.8253745436668396,0.3716835081577301
tang1,花型,大红玫瑰【高克重 软糯亲肤 柔软舒适】,蔷薇[高克重 软糯亲肤 柔软舒适],SAI,Hoa văn,花型: 大红玫瑰【高克重 软糯亲肤 柔软舒适】,Hoa văn: 蔷薇[高克重 软糯亲肤 柔软舒适],0.807819128036499,0.7538869380950928,0.468282014131546
tang1,包装规格,大红袍罐装50克,小种罐装50克,SAI,Quy cách đóng gói,包装规格: 大红袍罐装50克,Quy cách đóng gói: 小种罐装50克,0.7008641362190247,0.7250334024429321,0.46365851163864136
tang1,颜色,女潮白色,Màu trắng hợp thời trang dành cho nữ,DUNG,Màu sắc,颜色: 女潮白色,Màu sắc: Màu trắng hợp thời trang dành cho nữ,0.679478645324707,0.7301236391067505,0.5050828456878662
tang1,颜色,女潮粉色,Màu hồng thời thượng dành cho nữ,DUNG,Màu sắc,颜色: 女潮粉色,Màu sắc: Màu hồng thời thượng dành cho nữ,0.6395716667175293,0.7083301544189453,0.48886746168136597
tang1,颜色,女潮黑色,Màu đen thời thượng dành cho nữ,DUNG,Màu sắc,颜色: 女潮黑色,Màu sắc: Màu đen thời thượng dành cho nữ,0.7274797558784485,0.7627376317977905,0.3780699074268341
tang1,包装规格,&*【经典款·10味配方/50包】久旱逢甘霖,&*[Mẫu kinh điển · Công thức 10 vị/50 gói]Khoảng thời gian khô hạn lâu dài cuối cùng cũng gặp được mưa rào,DUNG,Quy cách đóng gói,包装规格: &*【经典款·10味配方/50包】久旱逢甘霖,Quy cách đóng gói: &*[Mẫu kinh điển · Công thức 10 vị/50 gói]Khoảng thời gian khô hạn lâu dài cuối cùng cũng gặp được mưa rào,0.7229653000831604,0.7513271570205688,0.4100114703178406
tang1,花型,奶黄童趣,Vui nhộn như trẻ thơ màu vàng kem,DUNG,Hoa văn,花型: 奶黄童趣,Hoa văn: Vui nhộn như trẻ thơ màu vàng kem,0.5858858823776245,0.6243228316307068,0.2933950424194336
tang1,颜色,(NO#2正红色)（新）3.8g,(NO #2) (Mới) 3.8g,SAI,Màu sắc,颜色: (NO#2正红色)（新）3.8g,Màu sắc: (NO #2) (Mới) 3.8g,0.8173378109931946,0.8639634251594543,0.41101497411727905
tang1,规格,妆字号镁白补水面膜,Mặt nạ dưỡng trắng và cấp nước của thương hiệu trang điểm magnesium,SAI,Quy cách,规格: 妆字号镁白补水面膜,Quy cách: Mặt nạ dưỡng trắng và cấp nước của thương hiệu trang điểm magnesium,0.6702165007591248,0.6727060675621033,0.37384048104286194
tang1,花型,子苏【100%纯棉/假一赔十】,"Zisu [100% cotton nguyên chất / Đảm bảo hàng thật, nếu không thật bồi thường gấp 10 lần]",DUNG,Hoa văn,花型: 子苏【100%纯棉/假一赔十】,"Hoa văn: Zisu [100% cotton nguyên chất / Đảm bảo hàng thật, nếu không thật bồi thường gấp 10 lần]",0.7637218236923218,0.7214459180831909,0.6318563222885132
tang1,奶嘴类型,孔型 咨询客服,"Loại lỗ, vui lòng liên hệ bộ phận chăm sóc khách hàng",DUNG,Loại núm vú giả,奶嘴类型: 孔型 咨询客服,"Loại núm vú giả: Loại lỗ, vui lòng liên hệ bộ phận chăm sóc khách hàng",0.6483943462371826,0.6931835412979126,0.6483943462371826
tang1,颜色,字母满印,Đầy ắp những thông tin chi tiết,SAI,Màu sắc,颜色: 字母满印,Màu sắc: Đầy ắp những thông tin chi tiết,0.579442024230957,0.6777304410934448,0.3644312620162964
tang1,颜色,官网土黄,Trang web chính thức màu vàng đất,SAI,Màu sắc,颜色: 官网土黄,Màu sắc: Trang web chính thức màu vàng đất,0.623468816280365,0.7569222450256348,0.47596049308776855
tang1,颜色,官网粉紫,Trang web chính thức màu hồng tím,SAI,Màu sắc,颜色: 官网粉紫,Màu sắc: Trang web chính thức màu hồng tím,0.6200222373008728,0.7280843257904053,0.3488559126853943
tang1,颜色,官网雾玉蓝,Trang web chính thức màu xanh ngọc bích,SAI,Màu sắc,颜色: 官网雾玉蓝,Màu sắc: Trang web chính thức màu xanh ngọc bích,0.5618929266929626,0.6969072818756104,0.34545403718948364
tang1,颜色,定制100个起做【联系客服询价】,Đơn hàng tối thiểu 100 chiếc để tùy chỉnh [Liên hệ bộ phận chăm sóc khách hàng để được tư vấn],DUNG,Màu sắc,颜色: 定制100个起做【联系客服询价】,Màu sắc: Đơn hàng tối thiểu 100 chiếc để tùy chỉnh [Liên hệ bộ phận chăm sóc khách hàng để được tư vấn],0.7735968232154846,0.8214148879051208,0.35899072885513306
tang1,颜色,定制可联系客服,"Để tùy chỉnh, vui lòng liên hệ bộ phận chăm sóc khách hàng",DUNG,Màu sắc,颜色: 定制可联系客服,"Màu sắc: Để tùy chỉnh, vui lòng liên hệ bộ phận chăm sóc khách hàng",0.7935916781425476,0.8202568292617798,0.41147875785827637
tang1,花型,宛春【A类母婴裸睡级】,Wanchun [Cấp độ ngủ khỏa thân dành cho bà mẹ và trẻ sơ sinh hạng A],DUNG,Hoa văn,花型: 宛春【A类母婴裸睡级】,Hoa văn: Wanchun [Cấp độ ngủ khỏa thân dành cho bà mẹ và trẻ sơ sinh hạng A],0.6895200610160828,0.6658120155334473,0.26119837164878845
tang1,颜色,+LOGO联系客服,+LOGO Liên hệ bộ phận Chăm sóc Khách hàng,DUNG,Màu sắc,颜色: +LOGO联系客服,Màu sắc: +LOGO Liên hệ bộ phận Chăm sóc Khách hàng,0.8150312900543213,0.8724370002746582,0.3901497423648834
tang1,颜色,+logo的50个起做,Số lượng đặt hàng tối thiểu là 50 chiếc với tùy chỉnh logo,DUNG,Màu sắc,颜色: +logo的50个起做,Màu sắc: Số lượng đặt hàng tối thiểu là 50 chiếc với tùy chỉnh logo,0.709182858467102,0.7546777129173279,0.40002626180648804
tang1,颜色,+logo联系客服改价,+logo liên hệ bộ phận chăm sóc khách hàng để thay đổi giá,DUNG,Màu sắc,颜色: +logo联系客服改价,Màu sắc: +logo liên hệ bộ phận chăm sóc khách hàng để thay đổi giá,0.9180160760879517,0.9159765243530273,0.3664904832839966
tang1,花型,宝蓝灰YSJ【可裸睡+已质检】,Màu xanh hoàng gia xám YSJ [Có thể ngủ khỏa thân đã được kiểm tra chất lượng],DUNG,Hoa văn,花型: 宝蓝灰YSJ【可裸睡+已质检】,Hoa văn: Màu xanh hoàng gia xám YSJ [Có thể ngủ khỏa thân đã được kiểm tra chất lượng],0.7631896734237671,0.7286110520362854,0.4255104660987854
tang1,花型,宝蓝灰【A类-母婴级】,Màu xanh sapphire xám [Loại A dành cho bà mẹ và trẻ sơ sinh],DUNG,Hoa văn,花型: 宝蓝灰【A类-母婴级】,Hoa văn: Màu xanh sapphire xám [Loại A dành cho bà mẹ và trẻ sơ sinh],0.6742056012153625,0.6695359945297241,0.37146908044815063
tang1,颜色,宝蓝黄带,Thắt lưng màu xanh sapphire và vàng,SAI,Màu sắc,颜色: 宝蓝黄带,Màu sắc: Thắt lưng màu xanh sapphire và vàng,0.40073126554489136,0.6147762537002563,0.41430461406707764
tang1,颜色,宝蓝黄带,thắt lưng màu vàng xanh hoàng gia,SAI,Màu sắc,颜色: 宝蓝黄带,Màu sắc: thắt lưng màu vàng xanh hoàng gia,0.3845745921134949,0.6289646625518799,0.27909374237060547
tang1,包装体积,实物为准,Đối tượng thực tế sẽ chiếm ưu thế,SAI,Thể tích đóng gói,包装体积: 实物为准,Thể tích đóng gói: Đối tượng thực tế sẽ chiếm ưu thế,0.6281301379203796,0.6955166459083557,0.6926418542861938
tang1,适用场景,室内外通用,Phổ quát cho sử dụng trong nhà và ngoài trời,DUNG,Dịp sử dụng,适用场景: 室内外通用,Dịp sử dụng: Phổ quát cho sử dụng trong nhà và ngoài trời,0.7306921482086182,0.8278683423995972,0.37230241298675537
tang1,适用场景,室内外通用,Thích hợp cho cả sử dụng trong nhà và ngoài trời,DUNG,Dịp sử dụng,适用场景: 室内外通用,Dịp sử dụng: Thích hợp cho cả sử dụng trong nhà và ngoài trời,0.6747301816940308,0.8243153095245361,0.6960200667381287
tang1,适用场景,家用、商用,"Dùng cho gia đình, dùng cho thương mại",DUNG,Dịp sử dụng,适用场景: 家用、商用,"Dịp sử dụng: Dùng cho gia đình, dùng cho thương mại",0.8362632989883423,0.8661192655563354,0.37215161323547363
tang1,尺寸,宽20高12厚10肩带120,Chiều rộng 20 Chiều cao 12 Độ dày 10 Dây đeo vai 120,DUNG,Kích thước,尺寸: 宽20高12厚10肩带120,Kích thước: Chiều rộng 20 Chiều cao 12 Độ dày 10 Dây đeo vai 120,0.829345703125,0.860690176486969,0.5540875196456909
tang1,花型,密条-橘【A类母婴级】,Secret Strip-Orange [Loại A dành cho bà mẹ và trẻ sơ sinh],SAI,Hoa văn,花型: 密条-橘【A类母婴级】,Hoa văn: Secret Strip-Orange [Loại A dành cho bà mẹ và trẻ sơ sinh],0.6671071648597717,0.6485984325408936,0.4247535467147827
tang1,花型,密条-蓝【A类母婴级】,Dải bí mật màu xanh lam [Loại A dành cho bà mẹ và trẻ sơ sinh],SAI,Hoa văn,花型: 密条-蓝【A类母婴级】,Hoa văn: Dải bí mật màu xanh lam [Loại A dành cho bà mẹ và trẻ sơ sinh],0.6200319528579712,0.6088088750839233,0.39885222911834717
tang1,花型,密林远足【100%纯棉 假一罚十】,Jungle Hike [100% Cotton nguyên chất - Đảm bảo tính xác thực hoặc hoàn tiền gấp 10 lần],SAI,Hoa văn,花型: 密林远足【100%纯棉 假一罚十】,Hoa văn: Jungle Hike [100% Cotton nguyên chất - Đảm bảo tính xác thực hoặc hoàn tiền gấp 10 lần],0.7303453683853149,0.7211889624595642,0.47064208984375
tang1,颜色,小CN酒红色230g纯棉,Vải cotton nguyên chất 230g màu đỏ rượu vang CN cỡ nhỏ,DUNG,Màu sắc,颜色: 小CN酒红色230g纯棉,Màu sắc: Vải cotton nguyên chất 230g màu đỏ rượu vang CN cỡ nhỏ,0.800250768661499,0.8239184617996216,0.31981950998306274
tang1,尺寸,小叶8件套（含桶含搁勺器）880g,"Bộ 8 món lá nhỏ Acacia, nặng khoảng 580g (bao gồm: chảo rán + nồi + ba vỉ + rây lọc + muôi canh + thìa salad + nĩa salad + đĩa dẹt tròn)",SAI,Kích thước,尺寸: 小叶8件套（含桶含搁勺器）880g,"Kích thước: Bộ 8 món lá nhỏ Acacia, nặng khoảng 580g (bao gồm: chảo rán + nồi + ba vỉ + rây lọc + muôi canh + thìa salad + nĩa salad + đĩa dẹt tròn)",0.6005290746688843,0.6474547386169434,0.4587869942188263
tang1,尺寸,小叶相思木2件套230g,"Đế Gác Muỗng Gỗ Keo Lá Nhỏ Cao Cấp, Thiết Kế Độc Quyền Chuyên Dụng Cho Thương Mại Quốc Tế, Kích Thước 11.5*11.9 cm",SAI,Kích thước,尺寸: 小叶相思木2件套230g,"Kích thước: Đế Gác Muỗng Gỗ Keo Lá Nhỏ Cao Cấp, Thiết Kế Độc Quyền Chuyên Dụng Cho Thương Mại Quốc Tế, Kích Thước 11.5*11.9 cm",0.430956095457077,0.5044220685958862,0.3160569667816162
tang1,风格,小清新风,Phong cách tươi mới và tối giản,DUNG,Phong cách,风格: 小清新风,Phong cách: Phong cách tươi mới và tối giản,0.7338106036186218,0.7582157850265503,0.49345871806144714
tang1,花型,小漫春曲【100%纯棉/假一赔十】,"Tiểu Mạn Xuân Khúc [100% cotton nguyên chất / Đảm bảo hàng thật, nếu không trả gấp 10 lần]",DUNG,Hoa văn,花型: 小漫春曲【100%纯棉/假一赔十】,"Hoa văn: Tiểu Mạn Xuân Khúc [100% cotton nguyên chất / Đảm bảo hàng thật, nếu không trả gấp 10 lần]",0.7096920013427734,0.6959682703018188,0.4359557032585144
tang1,颜色,009分趾升级款白紫,K108 hồng,SAI,Màu sắc,颜色: 009分趾升级款白紫,Màu sắc: K108 hồng,0.414106547832489,0.5310280323028564,0.40509265661239624
tang1,颜色,010分趾升级款黑金,K108 đen,SAI,Màu sắc,颜色: 010分趾升级款黑金,Màu sắc: K108 đen,0.5004347562789917,0.612808346748352,0.4165343642234802
tang1,花型,峦影叠-灰【精梳新疆全棉 亲肤裸睡】,伯伦-白[精梳新疆全棉 亲肤裸睡],SAI,Hoa văn,花型: 峦影叠-灰【精梳新疆全棉 亲肤裸睡】,Hoa văn: 伯伦-白[精梳新疆全棉 亲肤裸睡],0.7564244270324707,0.6960010528564453,0.47298121452331543
tang1,颜色,工厂直销、可代发、可定制,"Bán hàng trực tiếp tại nhà máy, có thể vận chuyển thay mặt người khác, có thể tùy chỉnh",SAI,Màu sắc,颜色: 工厂直销、可代发、可定制,"Màu sắc: Bán hàng trực tiếp tại nhà máy, có thể vận chuyển thay mặt người khác, có thể tùy chỉnh",0.7699118852615356,0.8107948303222656,0.3095307946205139
tang1,颜色,巧克力色,bạc,SAI,Màu sắc,颜色: 巧克力色,Màu sắc: bạc,0.43861907720565796,0.6891728639602661,0.4162667393684387
tang1,颜色,01户外黑色中号53cm60升1.6kg,"01 Túi đựng đồ dã ngoại màu đen, cỡ vừa, kích thước 53cm, dung tích 60L, trọng lượng 1.6kg",DUNG,Màu sắc,颜色: 01户外黑色中号53cm60升1.6kg,"Màu sắc: 01 Túi đựng đồ dã ngoại màu đen, cỡ vừa, kích thước 53cm, dung tích 60L, trọng lượng 1.6kg",0.7112272381782532,0.7061456441879272,0.3728293180465698
tang1,颜色,布丁【大号卡纸】【少量拍卡纸可能被压坏，介意勿拍】,"Pudding [Giấy Couche Khổ Lớn] [Số lượng giấy couche nhỏ có thể bị móp méo trong quá trình vận chuyển. Nếu điều này là vấn đề quan trọng, vui lòng không đặt hàng.]",DUNG,Màu sắc,颜色: 布丁【大号卡纸】【少量拍卡纸可能被压坏，介意勿拍】,"Màu sắc: Pudding [Giấy Couche Khổ Lớn] [Số lượng giấy couche nhỏ có thể bị móp méo trong quá trình vận chuyển. Nếu điều này là vấn đề quan trọng, vui lòng không đặt hàng.]",0.6495872735977173,0.6620198488235474,0.3506391644477844
tang1,颜色,布丁【小号卡纸】【少量拍卡纸可能被压坏，介意勿拍】,Pudding [Giấy Couche Nhỏ] [Lưu ý: Số lượng giấy couche nhỏ có thể bị móp méo trong quá trình vận chuyển. Vui lòng cân nhắc trước khi mua nếu điều này là vấn đề quan trọng với bạn.],DUNG,Màu sắc,颜色: 布丁【小号卡纸】【少量拍卡纸可能被压坏，介意勿拍】,Màu sắc: Pudding [Giấy Couche Nhỏ] [Lưu ý: Số lượng giấy couche nhỏ có thể bị móp méo trong quá trình vận chuyển. Vui lòng cân nhắc trước khi mua nếu điều này là vấn đề quan trọng với bạn.],0.664501428604126,0.6755021810531616,0.4813431203365326
tang1,花型,布朗熊【100%全棉 亲肤透气】纯,仙本娜[100%纯棉 亲肤透气],SAI,Hoa văn,花型: 布朗熊【100%全棉 亲肤透气】纯,Hoa văn: 仙本娜[100%纯棉 亲肤透气],0.7596099376678467,0.7099504470825195,0.5423523187637329
tang1,颜色,01户外黑色小号48.5cm50升1.5kg,"01 Thùng đựng đồ dã ngoại màu đen, kích thước nhỏ 48.5cm, dung tích 50L, trọng lượng 1.5kg",DUNG,Màu sắc,颜色: 01户外黑色小号48.5cm50升1.5kg,"Màu sắc: 01 Thùng đựng đồ dã ngoại màu đen, kích thước nhỏ 48.5cm, dung tích 50L, trọng lượng 1.5kg",0.756281316280365,0.7452791929244995,0.4655471742153168
tang1,储藏方法,常温、通风、干燥、避光、阴凉处、勿压,"Bảo quản ở nhiệt độ phòng, nơi khô ráo, thoáng mát và tối. Bảo quản ở nơi râm mát, thoáng mát. Không xếp chồng hoặc nén",DUNG,Phương pháp bảo quản,储藏方法: 常温、通风、干燥、避光、阴凉处、勿压,"Phương pháp bảo quản: Bảo quản ở nhiệt độ phòng, nơi khô ráo, thoáng mát và tối. Bảo quản ở nơi râm mát, thoáng mát. Không xếp chồng hoặc nén",0.7987049221992493,0.9215039014816284,0.5503871440887451
tang1,储藏方法,常温干燥,Bảo quản khô ráo ở nhiệt độ thường,DUNG,Phương pháp bảo quản,储藏方法: 常温干燥,Phương pháp bảo quản: Bảo quản khô ráo ở nhiệt độ thường,0.7156155705451965,0.8860011696815491,0.6392912864685059
tang1,颜色,帽子猫头鹰,Mũ cú,SAI,Màu sắc,颜色: 帽子猫头鹰,Màu sắc: Mũ cú,0.3354114890098572,0.6808553338050842,0.39898136258125305
tang1,花型,幻夜【A类母婴级-亲肤裸睡】,Đêm kỳ diệu [Loại A ngủ khỏa thân thân thiện với làn da dành cho bà mẹ và trẻ sơ sinh],DUNG,Hoa văn,花型: 幻夜【A类母婴级-亲肤裸睡】,Hoa văn: Đêm kỳ diệu [Loại A ngủ khỏa thân thân thiện với làn da dành cho bà mẹ và trẻ sơ sinh],0.7485916614532471,0.726113498210907,0.5459151268005371
tang1,花型,幻羽-翠绿,Magic Feather-Xanh ngọc lục bảo,SAI,Hoa văn,花型: 幻羽-翠绿,Hoa văn: Magic Feather-Xanh ngọc lục bảo,0.4325751066207886,0.4759119749069214,0.3709425926208496
tang1,花型,序曲-粉【A类母婴级-亲肤裸睡】,Overture-Powder [Loại A dành cho bà mẹ và trẻ sơ sinh thân thiện với làn da khi ngủ khỏa thân],SAI,Hoa văn,花型: 序曲-粉【A类母婴级-亲肤裸睡】,Hoa văn: Overture-Powder [Loại A dành cho bà mẹ và trẻ sơ sinh thân thiện với làn da khi ngủ khỏa thân],0.6764318943023682,0.6643427014350891,0.3859955668449402
tang1,颜色,03#棕迹可寻,03 # Dấu vết màu nâu có thể được tìm thấy,DUNG,Màu sắc,颜色: 03#棕迹可寻,Màu sắc: 03 # Dấu vết màu nâu có thể được tìm thấy,0.7671418786048889,0.7838699221611023,0.32993340492248535
tang1,花型,恋恋花开【100%纯棉/假一赔十】,"Hoa nở rộ [100% cotton nguyên chất / Đảm bảo hàng thật, nếu không thật bồi thường gấp 10 lần]",DUNG,Hoa văn,花型: 恋恋花开【100%纯棉/假一赔十】,"Hoa văn: Hoa nở rộ [100% cotton nguyên chất / Đảm bảo hàng thật, nếu không thật bồi thường gấp 10 lần]",0.7618244886398315,0.7461184859275818,0.31912222504615784
tang1,花型,悦己如花-粉色【顺丰包邮】,[秋冬磨毛]藤花旧序,SAI,Hoa văn,花型: 悦己如花-粉色【顺丰包邮】,Hoa văn: [秋冬磨毛]藤花旧序,0.3616507649421692,0.3791537582874298,0.45444244146347046
tang1,产品规格,抗皱紧致25g*3片,Viên uống chống nhăn và làm săn chắc da 25g*3,SAI,Quy cách sản phẩm,产品规格: 抗皱紧致25g*3片,Quy cách sản phẩm: Viên uống chống nhăn và làm săn chắc da 25g*3,0.74666428565979,0.742664098739624,0.3588399887084961
tang1,制作工艺,挤压膨化,đùn,SAI,Quy trình sản xuất,制作工艺: 挤压膨化,Quy trình sản xuất: đùn,0.37296223640441895,0.649652898311615,0.5342326760292053
tang1,颜色,捏捏乐20个,20 cái,SAI,Màu sắc,颜色: 捏捏乐20个,Màu sắc: 20 cái,0.7204185724258423,0.7571132183074951,0.44368770718574524
tang1,花型,捕星星【100%纯棉 假一罚十】,"Catch the Stars [100% Cotton nguyên chất, đảm bảo hàng chính hãng - Hoàn tiền 10 lần nếu giả]",SAI,Hoa văn,花型: 捕星星【100%纯棉 假一罚十】,"Hoa văn: Catch the Stars [100% Cotton nguyên chất, đảm bảo hàng chính hãng - Hoàn tiền 10 lần nếu giả]",0.7897805571556091,0.7462258338928223,0.36973434686660767
tang1,化妆品功效,提拉紧致,抗老,SAI,Công dụng mỹ phẩm,化妆品功效: 提拉紧致,Công dụng mỹ phẩm: 抗老,0.3771054744720459,0.6689211130142212,0.3771054744720459
tang1,容量,支持定制（咨询客服，勿拍，拍下不发货））,"Có sẵn tùy chỉnh (Liên hệ với bộ phận dịch vụ khách hàng, không mua trực tiếp. Đơn hàng đặt trực tiếp sẽ không được vận chuyển)",DUNG,Dung tích,容量: 支持定制（咨询客服，勿拍，拍下不发货））,"Dung tích: Có sẵn tùy chỉnh (Liên hệ với bộ phận dịch vụ khách hàng, không mua trực tiếp. Đơn hàng đặt trực tiếp sẽ không được vận chuyển)",0.7486811280250549,0.7880442142486572,0.4395384192466736
tang1,容量,支持定制（咨询客服，此选项勿拍，拍下不发货）,Có sẵn tùy chỉnh (Liên hệ với bộ phận dịch vụ khách hàng. Không mua trực tiếp tùy chọn này vì các đơn đặt hàng đã đặt sẽ không được vận chuyển.),DUNG,Dung tích,容量: 支持定制（咨询客服，此选项勿拍，拍下不发货）,Dung tích: Có sẵn tùy chỉnh (Liên hệ với bộ phận dịch vụ khách hàng. Không mua trực tiếp tùy chọn này vì các đơn đặt hàng đã đặt sẽ không được vận chuyển.),0.7136991620063782,0.765945553779602,0.45982804894447327
tang1,容量,支持定制（咨询客服，此选项勿拍，拍下不发货）,"Có sẵn tùy chỉnh (Liên hệ với bộ phận dịch vụ khách hàng. Không mua trực tiếp tùy chọn này, vì các đơn đặt hàng được đặt mà không cần tư vấn trước sẽ không được vận chuyển.)",DUNG,Dung tích,容量: 支持定制（咨询客服，此选项勿拍，拍下不发货）,"Dung tích: Có sẵn tùy chỉnh (Liên hệ với bộ phận dịch vụ khách hàng. Không mua trực tiếp tùy chọn này, vì các đơn đặt hàng được đặt mà không cần tư vấn trước sẽ không được vận chuyển.)",0.7093650102615356,0.7589621543884277,0.34257400035858154
tang1,颜色,新款小24格19.5*13*3.5,"Hộp đựng nhỏ mới, 24 ngăn, kích thước 19.5*13*3.5 cm",DUNG,Màu sắc,颜色: 新款小24格19.5*13*3.5,"Màu sắc: Hộp đựng nhỏ mới, 24 ngăn, kích thước 19.5*13*3.5 cm",0.7452913522720337,0.7923428416252136,0.4059433043003082
tang1,颜色,方七格可拆8.8*8.8*1.9cm,"Bảng vuông bảy ô có thể tháo rời, kích thước 8.8*8.8*1.9cm",DUNG,Màu sắc,颜色: 方七格可拆8.8*8.8*1.9cm,"Màu sắc: Bảng vuông bảy ô có thể tháo rời, kích thước 8.8*8.8*1.9cm",0.8049169778823853,0.7961231470108032,0.40931618213653564
tang1,颜色,方气垫6586 迷彩粉,Phấn phủ che khuyết điểm dạng phấn nén vuông 6586 họa tiết rằn ri,SAI,Màu sắc,颜色: 方气垫6586 迷彩粉,Màu sắc: Phấn phủ che khuyết điểm dạng phấn nén vuông 6586 họa tiết rằn ri,0.5617650747299194,0.5873240828514099,0.4708995223045349
tang1,尺寸规格,1.2m床单款三件套【被套150*200cm/床单180*230cm】,Bộ chăn ga gối đệm kích thước 1.2m (bao gồm vỏ chăn kích thước 150*200cm và ga trải giường kích thước 180*230cm),DUNG,Kích thước,尺寸规格: 1.2m床单款三件套【被套150*200cm/床单180*230cm】,Kích thước: Bộ chăn ga gối đệm kích thước 1.2m (bao gồm vỏ chăn kích thước 150*200cm và ga trải giường kích thước 180*230cm),0.7823801636695862,0.7940222024917603,0.6358957290649414
tang1,花型,时光花礼【舒适全棉 亲肤裸睡】,"Quà Tặng Hoa Thời Gian [Chất Liệu Cotton Thoải Mái, Thân Thiện Với Da, Ngủ Thoải Mái Như Không Mặc Gì]",DUNG,Hoa văn,花型: 时光花礼【舒适全棉 亲肤裸睡】,"Hoa văn: Quà Tặng Hoa Thời Gian [Chất Liệu Cotton Thoải Mái, Thân Thiện Với Da, Ngủ Thoải Mái Như Không Mặc Gì]",0.7235285043716431,0.7255160808563232,0.38350358605384827
tang1,花型,时光集【亲肤*可裸睡】,Bộ sưu tập thời gian [Thân thiện với làn da * Bạn có thể ngủ khỏa thân],DUNG,Hoa văn,花型: 时光集【亲肤*可裸睡】,Hoa văn: Bộ sưu tập thời gian [Thân thiện với làn da * Bạn có thể ngủ khỏa thân],0.7914589643478394,0.7487442493438721,0.46655821800231934
tang1,尺寸规格,1.2m床单款三件套（被套 150*200）,枕套一对（48*74）,SAI,Kích thước,尺寸规格: 1.2m床单款三件套（被套 150*200）,Kích thước: 枕套一对（48*74）,0.6212272644042969,0.6590852737426758,0.5570284128189087
tang1,花型,时尚英伦,Phong cách Anh Quốc thời thượng,DUNG,Hoa văn,花型: 时尚英伦,Hoa văn: Phong cách Anh Quốc thời thượng,0.7265731692314148,0.7614257335662842,0.3347652554512024
tang1,花型,时空探索-咖,Khám phá thời gian và không gian-cà phê,DUNG,Hoa văn,花型: 时空探索-咖,Hoa văn: Khám phá thời gian và không gian-cà phê,0.7675511240959167,0.707544207572937,0.4229864776134491
tang1,花型,时空探索-蓝,Khám phá thời gian và không gian-xanh lam,DUNG,Hoa văn,花型: 时空探索-蓝,Hoa văn: Khám phá thời gian và không gian-xanh lam,0.6636290550231934,0.6745257377624512,0.32865989208221436
tang1,颜色,旺旺联系客服了解,Liên hệ bộ phận chăm sóc khách hàng của Wangwang để biết thêm thông tin,DUNG,Màu sắc,颜色: 旺旺联系客服了解,Màu sắc: Liên hệ bộ phận chăm sóc khách hàng của Wangwang để biết thêm thông tin,0.7041604518890381,0.7826950550079346,0.34067046642303467
tang1,颜色,旺旺联系客服了解一切,Vui lòng liên hệ bộ phận chăm sóc khách hàng của Wangwang để biết thêm chi tiết,DUNG,Màu sắc,颜色: 旺旺联系客服了解一切,Màu sắc: Vui lòng liên hệ bộ phận chăm sóc khách hàng của Wangwang để biết thêm chi tiết,0.7031852006912231,0.7741686105728149,0.3293195962905884
tang1,运动系列,星战系列,Loạt phim Chiến tranh giữa các vì sao,DUNG,Dòng sản phẩm thể thao,运动系列: 星战系列,Dòng sản phẩm thể thao: Loạt phim Chiến tranh giữa các vì sao,0.5868148803710938,0.6844854354858398,0.5868148803710938
tang1,花型,星眠小熊【A类面料】,Gấu Ngủ,SAI,Hoa văn,花型: 星眠小熊【A类面料】,Hoa văn: Gấu Ngủ,0.47840529680252075,0.581092119216919,0.35122281312942505
tang1,花型,春华秋实,Trái cây của mùa xuân và mùa thu,DUNG,Hoa văn,花型: 春华秋实,Hoa văn: Trái cây của mùa xuân và mùa thu,0.5243748426437378,0.6383140087127686,0.36272549629211426
tang1,花型,春序【亲肤柔软适合裸睡】,"Lời nói đầu mùa xuân [thân thiện với làn da và mềm mại, thích hợp để ngủ khỏa thân]",DUNG,Hoa văn,花型: 春序【亲肤柔软适合裸睡】,"Hoa văn: Lời nói đầu mùa xuân [thân thiện với làn da và mềm mại, thích hợp để ngủ khỏa thân]",0.7427815198898315,0.7193053364753723,0.3999015986919403
tang1,花型,春日来信,525盛夏-咖,SAI,Hoa văn,花型: 春日来信,Hoa văn: 525盛夏-咖,0.4050775468349457,0.4950520694255829,0.36099258065223694
tang1,花型,春来【超柔加厚床盖/拒绝跑床单】,法式床盖-淡香玫瑰（上新）,SAI,Hoa văn,花型: 春来【超柔加厚床盖/拒绝跑床单】,Hoa văn: 法式床盖-淡香玫瑰（上新）,0.5689515471458435,0.5844457149505615,0.4488515853881836
tang1,花型,春色满园【舒适透气—可裸睡】,Khu vườn tràn ngập khung cảnh mùa xuân [thoải mái và thoáng khí - bạn có thể ngủ khỏa thân],DUNG,Hoa văn,花型: 春色满园【舒适透气—可裸睡】,Hoa văn: Khu vườn tràn ngập khung cảnh mùa xuân [thoải mái và thoáng khí - bạn có thể ngủ khỏa thân],0.7831272482872009,0.7611602544784546,0.35142457485198975
tang1,颜色,春野风筑,Xây dựng gió cánh đồng mùa xuân,DUNG,Màu sắc,颜色: 春野风筑,Màu sắc: Xây dựng gió cánh đồng mùa xuân,0.6553342938423157,0.7523235082626343,0.3271790146827698
tang1,花型,晚棠【A类母婴裸睡级】,Wan Tang [Cấp độ ngủ khỏa thân dành cho bà mẹ và trẻ sơ sinh hạng A],DUNG,Hoa văn,花型: 晚棠【A类母婴裸睡级】,Hoa văn: Wan Tang [Cấp độ ngủ khỏa thân dành cho bà mẹ và trẻ sơ sinh hạng A],0.7097480893135071,0.6487272381782532,0.4721578359603882
tang1,货号,更多新款联系客服,"Để biết thêm phong cách mới, vui lòng liên hệ bộ phận chăm sóc khách hàng",DUNG,Mã sản phẩm,货号: 更多新款联系客服,"Mã sản phẩm: Để biết thêm phong cách mới, vui lòng liên hệ bộ phận chăm sóc khách hàng",0.7782769203186035,0.7987771034240723,0.5807956457138062
tang1,颜色,更多款式咨询客服,"Xem thêm các mẫu khác, vui lòng liên hệ bộ phận chăm sóc khách hàng",DUNG,Màu sắc,颜色: 更多款式咨询客服,"Màu sắc: Xem thêm các mẫu khác, vui lòng liên hệ bộ phận chăm sóc khách hàng",0.7992181777954102,0.8358170390129089,0.45741474628448486
tang1,颜色,更多配色请联系客服,"Để biết thêm các phối màu, vui lòng liên hệ bộ phận chăm sóc khách hàng",DUNG,Màu sắc,颜色: 更多配色请联系客服,"Màu sắc: Để biết thêm các phối màu, vui lòng liên hệ bộ phận chăm sóc khách hàng",0.8452141880989075,0.8434715867042542,0.5671588182449341
tang1,尺寸规格,1.5-1.8m床单四件套-被套200*230cm,"Bộ ga trải giường bốn món, kích thước 1.5-1.8m – vỏ chăn kích thước 200*230cm",DUNG,Kích thước,尺寸规格: 1.5-1.8m床单四件套-被套200*230cm,"Kích thước: Bộ ga trải giường bốn món, kích thước 1.5-1.8m – vỏ chăn kích thước 200*230cm",0.7963636517524719,0.7994893789291382,0.7527487277984619
tang1,花型,月影【A类母婴裸睡级】,Moon Shadow [Cấp độ ngủ khỏa thân dành cho bà mẹ và trẻ sơ sinh hạng A],SAI,Hoa văn,花型: 月影【A类母婴裸睡级】,Hoa văn: Moon Shadow [Cấp độ ngủ khỏa thân dành cho bà mẹ và trẻ sơ sinh hạng A],0.7874630689620972,0.7509986162185669,0.2372448891401291
tang1,花型,月影【厂价直销---工厂直发】,Moon Shadow [Bán hàng trực tiếp giá xuất xưởng --- giao hàng trực tiếp tại nhà máy],SAI,Hoa văn,花型: 月影【厂价直销---工厂直发】,Hoa văn: Moon Shadow [Bán hàng trực tiếp giá xuất xưởng --- giao hàng trực tiếp tại nhà máy],0.7675808668136597,0.7365200519561768,0.19099420309066772
tang1,尺寸规格,1.5M四件套【被套150*200cm】,Bộ bốn món gồm vỏ chăn kích thước 1.5m [vỏ chăn 150*200cm],DUNG,Kích thước,尺寸规格: 1.5M四件套【被套150*200cm】,Kích thước: Bộ bốn món gồm vỏ chăn kích thước 1.5m [vỏ chăn 150*200cm],0.7868812084197998,0.7926002144813538,0.7198145389556885
tang1,花型,朝花夕拾 红【亲肤*可裸睡】,Đón đỏ vào buổi sáng và buổi tối [Thân thiện với làn da * Bạn có thể ngủ khỏa thân],SAI,Hoa văn,花型: 朝花夕拾 红【亲肤*可裸睡】,Hoa văn: Đón đỏ vào buổi sáng và buổi tối [Thân thiện với làn da * Bạn có thể ngủ khỏa thân],0.6917803287506104,0.68352210521698,0.3415817320346832
tang1,颜色,木柄中长40cm,Tay cầm bằng gỗ chiều dài trung bình 40cm,DUNG,Màu sắc,颜色: 木柄中长40cm,Màu sắc: Tay cầm bằng gỗ chiều dài trung bình 40cm,0.7484645247459412,0.7726893424987793,0.33735716342926025
tang1,花型,木棉花-绿【100%全棉 亲肤透气】纯,木棉花-绿[100%纯棉 亲肤透气],SAI,Hoa văn,花型: 木棉花-绿【100%全棉 亲肤透气】纯,Hoa văn: 木棉花-绿[100%纯棉 亲肤透气],0.9859448075294495,0.8722487688064575,0.644784688949585
tang1,包装规格,木纹18罐大红袍带礼袋,福气满满24罐金骏眉,SAI,Quy cách đóng gói,包装规格: 木纹18罐大红袍带礼袋,Quy cách đóng gói: 福气满满24罐金骏眉,0.5293985605239868,0.5876531600952148,0.4549923241138458
tang1,包装规格,木纹18罐金骏眉,Hộp quà bánh đôi Pu'er thành công ngay lập tức (Trà chín Pu'er + Trà thô Pu'er),SAI,Quy cách đóng gói,包装规格: 木纹18罐金骏眉,Quy cách đóng gói: Hộp quà bánh đôi Pu'er thành công ngay lập tức (Trà chín Pu'er + Trà thô Pu'er),0.3652765452861786,0.46807587146759033,0.46037471294403076
tang1,包装规格,木纹龙尊四大名茶,"Trà thượng hạng ""Vân Gỗ Rồng"" - Bốn loại trà thượng hạng nổi tiếng",DUNG,Quy cách đóng gói,包装规格: 木纹龙尊四大名茶,"Quy cách đóng gói: Trà thượng hạng ""Vân Gỗ Rồng"" - Bốn loại trà thượng hạng nổi tiếng",0.5487959384918213,0.6340078711509705,0.38715285062789917
tang1,花型,本白-中灰,Màu trắng trung bình nguyên bản,SAI,Hoa văn,花型: 本白-中灰,Hoa văn: Màu trắng trung bình nguyên bản,0.6129902005195618,0.6611379384994507,0.3921944797039032
tang1,系列,本草纲目,Compendium of Materia Medica,SAI,Dòng sản phẩm,系列: 本草纲目,Dòng sản phẩm: Compendium of Materia Medica,0.5421266555786133,0.6127145290374756,0.3177941143512726
tang1,洗涤方式,机洗、水洗,"Có thể giặt bằng máy, có thể giặt bằng nước",DUNG,Phương pháp giặt,洗涤方式: 机洗、水洗,"Phương pháp giặt: Có thể giặt bằng máy, có thể giặt bằng nước",0.7562421560287476,0.8771597743034363,0.7104337215423584
tang1,颜色,条纹加大号（XL号）,XL sọc (XL),DUNG,Màu sắc,颜色: 条纹加大号（XL号）,Màu sắc: XL sọc (XL),0.7485151886940002,0.8001741170883179,0.3906659185886383
tang1,颜色,条纹天地盖灰色,Màu xám,SAI,Màu sắc,颜色: 条纹天地盖灰色,Màu sắc: Màu xám,0.437141478061676,0.6202375888824463,0.46190160512924194
tang1,颜色,来图可定制颜色私聊客服,Bạn có thể tùy chỉnh màu sắc theo hình ảnh và trò chuyện riêng với bộ phận chăm sóc khách hàng,DUNG,Màu sắc,颜色: 来图可定制颜色私聊客服,Màu sắc: Bạn có thể tùy chỉnh màu sắc theo hình ảnh và trò chuyện riêng với bộ phận chăm sóc khách hàng,0.742762565612793,0.7033223509788513,0.43955495953559875
tang1,颜色,来图定制联系客户【可水洗可折叠】,马奥[可水洗可折叠],SAI,Màu sắc,颜色: 来图定制联系客户【可水洗可折叠】,Màu sắc: 马奥[可水洗可折叠],0.6980355381965637,0.7820348739624023,0.3257499933242798
tang1,尺寸规格,1.5m床单四件套【被套150*200cm】,"Bộ ga trải giường kích thước 1.5m (bao gồm vỏ chăn, kích thước 150 x 200cm)",DUNG,Kích thước,尺寸规格: 1.5m床单四件套【被套150*200cm】,"Kích thước: Bộ ga trải giường kích thước 1.5m (bao gồm vỏ chăn, kích thước 150 x 200cm)",0.7366257905960083,0.7618908286094666,0.6705835461616516
tang1,尺寸规格,1.5m床单四件套【被套200*230】,Bộ ga trải giường kích thước 1.5m (bao gồm vỏ chăn kích thước 200*230),DUNG,Kích thước,尺寸规格: 1.5m床单四件套【被套200*230】,Kích thước: Bộ ga trải giường kích thước 1.5m (bao gồm vỏ chăn kích thước 200*230),0.7627593278884888,0.7724268436431885,0.6959262490272522
tang1,花型,柔蓝一水【舒适全棉 亲肤裸睡】,"Nước xanh dịu nhẹ [Chất liệu cotton mềm mại, thân thiện với làn da, thoải mái như không mặc gì khi ngủ]",DUNG,Hoa văn,花型: 柔蓝一水【舒适全棉 亲肤裸睡】,"Hoa văn: Nước xanh dịu nhẹ [Chất liệu cotton mềm mại, thân thiện với làn da, thoải mái như không mặc gì khi ngủ]",0.691077709197998,0.7040261626243591,0.33825618028640747
tang1,产品规格,栀子花氨基酸净颜洁面慕斯620ML/单瓶,男士洗面奶[300g],SAI,Quy cách sản phẩm,产品规格: 栀子花氨基酸净颜洁面慕斯620ML/单瓶,Quy cách sản phẩm: 男士洗面奶[300g],0.5263076424598694,0.5738215446472168,0.4340055584907532
tang1,颜色分类,标准版 前4K+后1080P,Phiên bản tiêu chuẩn phía trước 4K phía sau 1080P,DUNG,Phân loại màu sắc,颜色分类: 标准版 前4K+后1080P,Phân loại màu sắc: Phiên bản tiêu chuẩn phía trước 4K phía sau 1080P,0.8708226680755615,0.8609318733215332,0.4742790758609772
tang1,花型,树拾光【100%纯棉/假一赔十】,"Cây Tích Quang [100% cotton nguyên chất / Đảm bảo hàng thật, nếu không thật bồi thường gấp 10 lần]",DUNG,Hoa văn,花型: 树拾光【100%纯棉/假一赔十】,"Hoa văn: Cây Tích Quang [100% cotton nguyên chất / Đảm bảo hàng thật, nếu không thật bồi thường gấp 10 lần]",0.7426598072052002,0.7292435765266418,0.3646175265312195
tang1,花型,校园生活,Cuộc sống trong khuôn viên trường,DUNG,Hoa văn,花型: 校园生活,Hoa văn: Cuộc sống trong khuôn viên trường,0.7716904878616333,0.731684148311615,0.36254557967185974
tang1,花型,格纹河畔【7A升级母婴裸睡款】,"Hàng rào kẻ sọc bên bờ sông [Phiên bản 7A nâng cấp dành cho mẹ và bé, thích hợp ngủ không mặc đồ]",SAI,Hoa văn,花型: 格纹河畔【7A升级母婴裸睡款】,"Hoa văn: Hàng rào kẻ sọc bên bờ sông [Phiên bản 7A nâng cấp dành cho mẹ và bé, thích hợp ngủ không mặc đồ]",0.6645832657814026,0.6837712526321411,0.27865421772003174
tang1,花型,梦回【超柔加厚床盖/拒绝跑床单】,法式床盖-莫妮卡（上新）,SAI,Hoa văn,花型: 梦回【超柔加厚床盖/拒绝跑床单】,Hoa văn: 法式床盖-莫妮卡（上新）,0.526856541633606,0.536529004573822,0.3646067976951599
tang1,花型,梦漫【A类母婴裸睡级】,Dreamman [Cấp độ giấc ngủ khỏa thân dành cho bà mẹ và trẻ sơ sinh hạng A],SAI,Hoa văn,花型: 梦漫【A类母婴裸睡级】,Hoa văn: Dreamman [Cấp độ giấc ngủ khỏa thân dành cho bà mẹ và trẻ sơ sinh hạng A],0.7488366365432739,0.732405960559845,0.48325198888778687
tang1,颜色,棉麻单窗藏青,Cửa sổ đơn bằng vải cotton và vải lanh màu xanh hải quân,DUNG,Màu sắc,颜色: 棉麻单窗藏青,Màu sắc: Cửa sổ đơn bằng vải cotton và vải lanh màu xanh hải quân,0.6652945876121521,0.705380916595459,0.374825656414032
tang1,尺寸规格,1.5m床笠四件套床笠150x200cm,Bộ ga trải giường vừa vặn dài 1.5m gồm 4 ga trải giường vừa vặn 150x200cm,SAI,Kích thước,尺寸规格: 1.5m床笠四件套床笠150x200cm,Kích thước: Bộ ga trải giường vừa vặn dài 1.5m gồm 4 ga trải giường vừa vặn 150x200cm,0.6767665147781372,0.6909892559051514,0.6199383735656738
tang1,尺寸规格,1.5m床笠四件套被套180x220,"Bộ ga trải giường kích thước 1.5m, bao gồm vỏ chăn, kích thước 180x220",SAI,Kích thước,尺寸规格: 1.5m床笠四件套被套180x220,"Kích thước: Bộ ga trải giường kích thước 1.5m, bao gồm vỏ chăn, kích thước 180x220",0.6787160634994507,0.7171468734741211,0.5517672300338745
tang1,尺寸规格,1.5m床笠款四件套-被套200x230cm【母婴级品质-亲肤可裸睡】,"Bộ ga trải giường kích thước 1.5m (gồm bốn món) – vỏ chăn kích thước 200x230cm [Chất lượng dành cho trẻ sơ sinh – mềm mại, thân thiện với da, đủ thoải mái để bạn có thể ngủ mà không cần mặc thêm gì]",DUNG,Kích thước,尺寸规格: 1.5m床笠款四件套-被套200x230cm【母婴级品质-亲肤可裸睡】,"Kích thước: Bộ ga trải giường kích thước 1.5m (gồm bốn món) – vỏ chăn kích thước 200x230cm [Chất lượng dành cho trẻ sơ sinh – mềm mại, thân thiện với da, đủ thoải mái để bạn có thể ngủ mà không cần mặc thêm gì]",0.6732560396194458,0.7118900418281555,0.6180291175842285
tang1,包装规格,正山小种320克装,Gói 320g,SAI,Quy cách đóng gói,包装规格: 正山小种320克装,Quy cách đóng gói: Gói 320g,0.5770715475082397,0.6883874535560608,0.48232710361480713
tang1,1,母婴用品,Sản phẩm dành cho bà mẹ và trẻ em,DUNG,1,1: 母婴用品,1: Sản phẩm dành cho bà mẹ và trẻ em,0.7910335063934326,0.8453689813613892,0.7910335063934326
tang1,1,母婴用品,Sản phẩm dành cho bà mẹ và trẻ sơ sinh,DUNG,1,1: 母婴用品,1: Sản phẩm dành cho bà mẹ và trẻ sơ sinh,0.7823916673660278,0.8458594083786011,0.7823916673660278
tang1,耐泡程度,比较耐泡,Tương đối có khả năng chống tạo bọt,SAI,Độ bền khi pha,耐泡程度: 比较耐泡,Độ bền khi pha: Tương đối có khả năng chống tạo bọt,0.6872498989105225,0.7843167781829834,0.6872498989105225
tang1,风格,气质熟女,"Phụ nữ trưởng thành, khí chất quý phái",DUNG,Phong cách,风格: 气质熟女,"Phong cách: Phụ nữ trưởng thành, khí chất quý phái",0.7836794853210449,0.8153379559516907,0.3988663852214813
tang1,尺寸规格,1.5床单款四件套-被套180*220,"Bộ ga trải giường 4 món, kích thước 1.5 mét – bao gồm vỏ chăn kích thước 180*220",DUNG,Kích thước,尺寸规格: 1.5床单款四件套-被套180*220,"Kích thước: Bộ ga trải giường 4 món, kích thước 1.5 mét – bao gồm vỏ chăn kích thước 180*220",0.7276730537414551,0.7578816413879395,0.6381908655166626
tang1,货号,水杨酸棉片,Viên bông tẩy tế bào chết chứa axit salicylic,SAI,Mã sản phẩm,货号: 水杨酸棉片,Mã sản phẩm: Viên bông tẩy tế bào chết chứa axit salicylic,0.5035436153411865,0.5369657278060913,0.30039864778518677
tang1,货号,江山如画,Vẻ đẹp thiên nhiên như tranh vẽ,DUNG,Mã sản phẩm,货号: 江山如画,Mã sản phẩm: Vẻ đẹp thiên nhiên như tranh vẽ,0.6501399278640747,0.6967052221298218,0.45414525270462036
tang1,包装规格,江山如画【七大茗茶+高档茶礼】,鸿福[六大茗茶+送礼佳品],SAI,Quy cách đóng gói,包装规格: 江山如画【七大茗茶+高档茶礼】,Quy cách đóng gói: 鸿福[六大茗茶+送礼佳品],0.7378444671630859,0.732016921043396,0.33839696645736694
tang1,花型,油画意境【100%新疆棉亲肤透气】,"Khái niệm nghệ thuật tranh sơn dầu [100% cotton Tân Cương, thân thiện với da và thoáng khí]",DUNG,Hoa văn,花型: 油画意境【100%新疆棉亲肤透气】,"Hoa văn: Khái niệm nghệ thuật tranh sơn dầu [100% cotton Tân Cương, thân thiện với da và thoáng khí]",0.6791660189628601,0.6784957647323608,0.42137014865875244
tang1,花型,法式床盖-花枝兔（上新）,"Mộng Hồi [Ga trải giường siêu mềm, dày dặn/Chống xô lệch ga trải giường]",SAI,Hoa văn,花型: 法式床盖-花枝兔（上新）,"Hoa văn: Mộng Hồi [Ga trải giường siêu mềm, dày dặn/Chống xô lệch ga trải giường]",0.4915772080421448,0.5125221610069275,0.4169941842556
tang1,花型,法式豹纹咖,Phong cách Pháp họa tiết da báo màu cà phê,DUNG,Hoa văn,花型: 法式豹纹咖,Hoa văn: Phong cách Pháp họa tiết da báo màu cà phê,0.5174347162246704,0.5674406886100769,0.44808879494667053
tang1,颜色,洛凡美皙凡士林温变焕采润唇膏（新）2.7g,泊泉雅男士舒润保湿护唇膏2.7g,SAI,Màu sắc,颜色: 洛凡美皙凡士林温变焕采润唇膏（新）2.7g,Màu sắc: 泊泉雅男士舒润保湿护唇膏2.7g,0.6391576528549194,0.6517935991287231,0.38801199197769165
tang1,颜色分类,流媒体单录,Phương tiện Truyền trực tuyến ghi lại,SAI,Phân loại màu sắc,颜色分类: 流媒体单录,Phân loại màu sắc: Phương tiện Truyền trực tuyến ghi lại,0.5553880929946899,0.7015305161476135,0.36494338512420654
tang1,花型,浅影【100%纯棉/假一赔十】,"Ánh Sáng Nhẹ [100% cotton nguyên chất / Đảm bảo hàng thật, nếu không trả gấp 10 lần]",DUNG,Hoa văn,花型: 浅影【100%纯棉/假一赔十】,"Hoa văn: Ánh Sáng Nhẹ [100% cotton nguyên chất / Đảm bảo hàng thật, nếu không trả gấp 10 lần]",0.7040468454360962,0.6825165748596191,0.5046974420547485
tang1,花型,浅粉蓝格【A类母婴裸睡亲肤级】,"Họa tiết kẻ caro hồng nhạt xanh dương [Loại A, dành cho mẹ và bé, thân thiện với da, thích hợp ngủ trần]",DUNG,Hoa văn,花型: 浅粉蓝格【A类母婴裸睡亲肤级】,"Hoa văn: Họa tiết kẻ caro hồng nhạt xanh dương [Loại A, dành cho mẹ và bé, thân thiện với da, thích hợp ngủ trần]",0.6416756510734558,0.6469919085502625,0.460554838180542
tang1,花型,浅蓝心语,Xanh lam nhạt ngôn ngữ trái tim,DUNG,Hoa văn,花型: 浅蓝心语,Hoa văn: Xanh lam nhạt ngôn ngữ trái tim,0.6256160736083984,0.6420974731445312,0.35137295722961426
tang1,货号,浓香小种红茶,Hương thơm nồng nàn của trà đen Lapsang Souchong,DUNG,Mã sản phẩm,货号: 浓香小种红茶,Mã sản phẩm: Hương thơm nồng nàn của trà đen Lapsang Souchong,0.501156747341156,0.5912610292434692,0.3872641623020172
tang1,花型,浮翠流丹/25姆重磅,Viên thuốc nổi màu xanh lá cây và chảy/Trọng lượng nặng 25 mm,SAI,Hoa văn,花型: 浮翠流丹/25姆重磅,Hoa văn: Viên thuốc nổi màu xanh lá cây và chảy/Trọng lượng nặng 25 mm,0.5584838390350342,0.5726691484451294,0.44258344173431396
tang1,颜色,海洋绿在,Màu xanh đại dương đang ở trong,SAI,Màu sắc,颜色: 海洋绿在,Màu sắc: Màu xanh đại dương đang ở trong,0.7319880127906799,0.8119451999664307,0.351642370223999
tang1,尺寸规格,1.8m床【床笠款四件套】-适合220x240cm被芯,Bộ ga trải giường kích thước 1.8m [bao gồm ga trải giường và bốn món khác] – phù hợp với ruột chăn kích thước 220x240cm,SAI,Kích thước,尺寸规格: 1.8m床【床笠款四件套】-适合220x240cm被芯,Kích thước: Bộ ga trải giường kích thước 1.8m [bao gồm ga trải giường và bốn món khác] – phù hợp với ruột chăn kích thước 220x240cm,0.696749210357666,0.7146424055099487,0.617117166519165
tang1,尺寸规格,1.8m床【床笠款四件套】-适用200*230cm被芯,Bộ ga trải giường kích thước 1.8m [gồm ga trải giường và bốn món khác] – phù hợp với ruột chăn kích thước 200*230cm,SAI,Kích thước,尺寸规格: 1.8m床【床笠款四件套】-适用200*230cm被芯,Kích thước: Bộ ga trải giường kích thước 1.8m [gồm ga trải giường và bốn món khác] – phù hợp với ruột chăn kích thước 200*230cm,0.6993964314460754,0.7121413946151733,0.6687124967575073
tang1,尺寸规格,1.8m床单四件套【被套180*220cm】,"Bộ ga trải giường kích thước 1.8m (bao gồm vỏ chăn, kích thước 180*220cm)",DUNG,Kích thước,尺寸规格: 1.8m床单四件套【被套180*220cm】,"Kích thước: Bộ ga trải giường kích thước 1.8m (bao gồm vỏ chăn, kích thước 180*220cm)",0.7575052976608276,0.7744815349578857,0.6387413144111633
tang1,尺寸规格,1.8m床单四件套被套180x220,"Bộ chăn ga gối đệm 4 món, kích thước 1.8m, kèm vỏ chăn kích thước 180x220",DUNG,Kích thước,尺寸规格: 1.8m床单四件套被套180x220,"Kích thước: Bộ chăn ga gối đệm 4 món, kích thước 1.8m, kèm vỏ chăn kích thước 180x220",0.774577260017395,0.7748903632164001,0.5664983987808228
tang1,花型,淘气萌宠,Thú cưng nghịch ngợm dễ thương,DUNG,Hoa văn,花型: 淘气萌宠,Hoa văn: Thú cưng nghịch ngợm dễ thương,0.7151838541030884,0.6832913756370544,0.422238826751709
tang1,尺寸规格,1.8m床单款四件套【适合180*220被子】床单240*245枕套两只,"Bộ chăn ga gối đệm kích thước 1.8m (gồm bốn món) [phù hợp với kích thước giường 180*220], bao gồm một tấm ga trải giường kích thước 240*245 và hai vỏ gối",SAI,Kích thước,尺寸规格: 1.8m床单款四件套【适合180*220被子】床单240*245枕套两只,"Kích thước: Bộ chăn ga gối đệm kích thước 1.8m (gồm bốn món) [phù hợp với kích thước giường 180*220], bao gồm một tấm ga trải giường kích thước 240*245 và hai vỏ gối",0.7763671278953552,0.799860954284668,0.6848429441452026
tang1,颜色,深灰【120支匹马棉+液氨凉感】,Xám đậm [120 sợi Pima cotton + cảm giác mát lạnh nhờ công nghệ xử lý bằng amoniac lỏng],DUNG,Màu sắc,颜色: 深灰【120支匹马棉+液氨凉感】,Màu sắc: Xám đậm [120 sợi Pima cotton + cảm giác mát lạnh nhờ công nghệ xử lý bằng amoniac lỏng],0.7164208889007568,0.7274414896965027,0.34428349137306213
tang1,颜色,深空灰春秋款露手露脚,Phong cách mùa xuân và mùa thu màu xám không gian sâu sắc thể hiện bàn tay và bàn chân,SAI,Màu sắc,颜色: 深空灰春秋款露手露脚,Màu sắc: Phong cách mùa xuân và mùa thu màu xám không gian sâu sắc thể hiện bàn tay và bàn chân,0.5883200168609619,0.6418687105178833,0.4219026565551758
tang1,尺寸规格,1.8m床床笠款被套加大四件套—适合220x240cm被芯,"Bộ chăn ga gối đệm kích thước 1.8m, bao gồm ga trải giường và vỏ chăn, bộ gồm bốn món, kích thước lớn – phù hợp với chăn kích thước 220x240cm",DUNG,Kích thước,尺寸规格: 1.8m床床笠款被套加大四件套—适合220x240cm被芯,"Kích thước: Bộ chăn ga gối đệm kích thước 1.8m, bao gồm ga trải giường và vỏ chăn, bộ gồm bốn món, kích thước lớn – phù hợp với chăn kích thước 220x240cm",0.7096997499465942,0.7484337687492371,0.6800345182418823
tang1,尺寸规格,1.8m床笠四件套【被套200*230cm】,"Bộ chăn ga gối đệm kích thước 1.8m (bao gồm vỏ chăn, kích thước 200*230cm)",DUNG,Kích thước,尺寸规格: 1.8m床笠四件套【被套200*230cm】,"Kích thước: Bộ chăn ga gối đệm kích thước 1.8m (bao gồm vỏ chăn, kích thước 200*230cm)",0.7112479209899902,0.7403130531311035,0.650760293006897
tang1,花型,清薇-粉【精梳新疆全棉 亲肤裸睡】,织律[精梳新疆全棉 亲肤裸睡],SAI,Hoa văn,花型: 清薇-粉【精梳新疆全棉 亲肤裸睡】,Hoa văn: 织律[精梳新疆全棉 亲肤裸睡],0.824573278427124,0.724711537361145,0.3352545499801636
tang1,香型,清香+浓香,Hương thơm nhẹ + hương thơm nồng,DUNG,Hương thơm,香型: 清香+浓香,Hương thơm: Hương thơm nhẹ + hương thơm nồng,0.7975242137908936,0.8072745203971863,0.7975242137908936
tang1,尺寸规格,1.8m床笠款【被套200*230cm】4件套【亲肤裸睡-不起球不褪色】,"Bộ ga trải giường kích thước 1.8m [vỏ chăn 200*230cm], bộ gồm 4 món [chất liệu mềm mại, thân thiện với da, thích hợp để ngủ không mặc quần áo - không bị xù lông, không bị phai màu]",DUNG,Kích thước,尺寸规格: 1.8m床笠款【被套200*230cm】4件套【亲肤裸睡-不起球不褪色】,"Kích thước: Bộ ga trải giường kích thước 1.8m [vỏ chăn 200*230cm], bộ gồm 4 món [chất liệu mềm mại, thân thiện với da, thích hợp để ngủ không mặc quần áo - không bị xù lông, không bị phai màu]",0.7197209596633911,0.7456969022750854,0.6185116171836853
tang1,颜色,满印雪梨哈衣1件,Áo liền quần in họa tiết toàn thân kiểu táo tuyết 1 chiếc,SAI,Màu sắc,颜色: 满印雪梨哈衣1件,Màu sắc: Áo liền quần in họa tiết toàn thân kiểu táo tuyết 1 chiếc,0.5932888388633728,0.6307448148727417,0.4648756980895996
tang1,花型,满园春色,Khu vườn tràn ngập khung cảnh mùa xuân,DUNG,Hoa văn,花型: 满园春色,Hoa văn: Khu vườn tràn ngập khung cảnh mùa xuân,0.7496894598007202,0.6734020709991455,0.40380746126174927
tang1,花型,满园春色-金,Khu vườn tràn ngập màu sắc mùa xuân - vàng,DUNG,Hoa văn,花型: 满园春色-金,Hoa văn: Khu vườn tràn ngập màu sắc mùa xuân - vàng,0.6926358342170715,0.6540772914886475,0.31110215187072754
tang1,颜色,满陇桂雨,Toàn bộ cánh đồng phủ đầy hương hoa mộc tê,DUNG,Màu sắc,颜色: 满陇桂雨,Màu sắc: Toàn bộ cánh đồng phủ đầy hương hoa mộc tê,0.4263232946395874,0.6054941415786743,0.2675429582595825
tang1,花型,漫漫【超柔加厚床盖/拒绝跑床单】,法式床盖-花枝兔（上新）,SAI,Hoa văn,花型: 漫漫【超柔加厚床盖/拒绝跑床单】,Hoa văn: 法式床盖-花枝兔（上新）,0.5846914649009705,0.5999517440795898,0.4774479269981384
tang1,花型,潮流兔【100%纯棉 假一罚十】,Thỏ thời thượng [100% Cotton nguyên chất - Đảm bảo hàng chính hãng hoặc hoàn tiền gấp 10 lần],DUNG,Hoa văn,花型: 潮流兔【100%纯棉 假一罚十】,Hoa văn: Thỏ thời thượng [100% Cotton nguyên chất - Đảm bảo hàng chính hãng hoặc hoàn tiền gấp 10 lần],0.6723406314849854,0.6817159056663513,0.31215283274650574
tang1,印花主题,潮牌印花,In ấn thương hiệu hợp thời trang,DUNG,Chủ đề hình in,印花主题: 潮牌印花,Chủ đề hình in: In ấn thương hiệu hợp thời trang,0.7301874160766602,0.7700477838516235,0.4422387480735779
tang1,花型,潮牌小香,Thương hiệu thời thượng Xiaoxiang,SAI,Hoa văn,花型: 潮牌小香,Hoa văn: Thương hiệu thời thượng Xiaoxiang,0.4604231119155884,0.5912145376205444,0.4562070965766907
tang1,花型,潮青春 蓝,"Thời trang trẻ trung, màu xanh dương",DUNG,Hoa văn,花型: 潮青春 蓝,"Hoa văn: Thời trang trẻ trung, màu xanh dương",0.5757439136505127,0.604576826095581,0.4281838536262512
tang1,原产国/地区,澳大利亚,Úc,DUNG,Quốc gia/khu vực xuất xứ,原产国/地区: 澳大利亚,Quốc gia/khu vực xuất xứ: Úc,0.8196280002593994,0.8755913972854614,0.8196280002593994
tang1,产品规格,灰色单片 5片,Mặt nạ trắng trơn (làm săn chắc và sửa chữa),SAI,Quy cách sản phẩm,产品规格: 灰色单片 5片,Quy cách sản phẩm: Mặt nạ trắng trơn (làm săn chắc và sửa chữa),0.4253500998020172,0.5074999928474426,0.4173041582107544
tang1,颜色,灰雅绿【腰靠】,Màu xanh thanh lịch màu xám [hỗ trợ thắt lưng],SAI,Màu sắc,颜色: 灰雅绿【腰靠】,Màu sắc: Màu xanh thanh lịch màu xám [hỗ trợ thắt lưng],0.5884577035903931,0.6763173937797546,0.4692934453487396
tang1,产品规格,烟酰胺熊果苷VC洁面乳120g/单盒,三合一硫磺净螨液体香皂[500ml],SAI,Quy cách sản phẩm,产品规格: 烟酰胺熊果苷VC洁面乳120g/单盒,Quy cách sản phẩm: 三合一硫磺净螨液体香皂[500ml],0.503919243812561,0.5428851842880249,0.27259278297424316
tang1,产品规格,焕能舒润柔肤水500ml,乳贴面膜5片,SAI,Quy cách sản phẩm,产品规格: 焕能舒润柔肤水500ml,Quy cách sản phẩm: 乳贴面膜5片,0.5945486426353455,0.6238424777984619,0.5353901386260986
tang1,花型,爱心日记,517布鲁克,SAI,Hoa văn,花型: 爱心日记,Hoa văn: 517布鲁克,0.29450565576553345,0.48214054107666016,0.394898921251297
tang1,花型,爱情条码【高克重 软糯亲肤 柔软舒适】,繁花高克重 软糯亲肤 柔软舒适],SAI,Hoa văn,花型: 爱情条码【高克重 软糯亲肤 柔软舒适】,Hoa văn: 繁花高克重 软糯亲肤 柔软舒适],0.7667605876922607,0.7277734875679016,0.6029320955276489
tang1,花型,爱的红妆,Lớp trang điểm màu đỏ của tình yêu,DUNG,Hoa văn,花型: 爱的红妆,Hoa văn: Lớp trang điểm màu đỏ của tình yêu,0.692203938961029,0.7198663949966431,0.37442195415496826
tang1,产品规格,牛油果洁面慕斯（仅供外贸）,玫瑰洁面慕斯（仅供外贸）,SAI,Quy cách sản phẩm,产品规格: 牛油果洁面慕斯（仅供外贸）,Quy cách sản phẩm: 玫瑰洁面慕斯（仅供外贸）,0.81587815284729,0.8097929954528809,0.46867090463638306
tang1,颜色,特价天鹅堡积木/清完下架,"Ưu đãi đặc biệt: Khối xây dựng Lâu đài Hohenschwangau - Số lượng có hạn, hãy sở hữu ngay trước khi chúng hết!",SAI,Màu sắc,颜色: 特价天鹅堡积木/清完下架,"Màu sắc: Ưu đãi đặc biệt: Khối xây dựng Lâu đài Hohenschwangau - Số lượng có hạn, hãy sở hữu ngay trước khi chúng hết!",0.4572272002696991,0.5524455904960632,0.3805297613143921
tang1,包装规格,特价龙井 500g（一级）,"Long Tỉnh A loại 2, 500g (Dùng cho cá nhân/Pha hàng ngày)",SAI,Quy cách đóng gói,包装规格: 特价龙井 500g（一级）,"Quy cách đóng gói: Long Tỉnh A loại 2, 500g (Dùng cho cá nhân/Pha hàng ngày)",0.5611035823822021,0.6068902015686035,0.34781700372695923
tang1,规格,1.8高12.5长方盒12.7*9.1*1.8CM,"Hộp chữ nhật cao 1.8, kích thước 12.5, kích thước 12.7*9.1*1.8CM",DUNG,Quy cách,规格: 1.8高12.5长方盒12.7*9.1*1.8CM,"Quy cách: Hộp chữ nhật cao 1.8, kích thước 12.5, kích thước 12.7*9.1*1.8CM",0.7854183912277222,0.7998045086860657,0.40909504890441895
tang1,规格型号,1.8高12.5长方盒12.7*9.1*1.8CM;主图色,"Hộp chữ nhật cao 1.8, kích thước 12.5, kích thước 12.7*9.1*1.8CM, màu sắc như hình ảnh chính",DUNG,Model quy cách,规格型号: 1.8高12.5长方盒12.7*9.1*1.8CM;主图色,"Model quy cách: Hộp chữ nhật cao 1.8, kích thước 12.5, kích thước 12.7*9.1*1.8CM, màu sắc như hình ảnh chính",0.7827132344245911,0.7800392508506775,0.5402076244354248
tang1,安全等级,环保材质,Vật liệu thân thiện với môi trường,DUNG,Cấp độ an toàn,安全等级: 环保材质,Cấp độ an toàn: Vật liệu thân thiện với môi trường,0.8435181379318237,0.8406869173049927,0.40154793858528137
tang1,颜色,环保石墨灰,Màu xám than chì thân thiện với môi trường,DUNG,Màu sắc,颜色: 环保石墨灰,Màu sắc: Màu xám than chì thân thiện với môi trường,0.5459363460540771,0.6559286713600159,0.3753970265388489
tang1,产品规格,玻尿酸英文洁面慕斯（仅供外贸）,牡丹殷桃洁面慕斯（仅供外贸）,SAI,Quy cách sản phẩm,产品规格: 玻尿酸英文洁面慕斯（仅供外贸）,Quy cách sản phẩm: 牡丹殷桃洁面慕斯（仅供外贸）,0.7668200731277466,0.7752998471260071,0.4412359297275543
tang1,颜色,10.5方盒外径： 10.5*10.5*3cm,10.5 Đường kính ngoài của hộp vuông: 10.5*10.5*3cm,DUNG,Màu sắc,颜色: 10.5方盒外径： 10.5*10.5*3cm,Màu sắc: 10.5 Đường kính ngoài của hộp vuông: 10.5*10.5*3cm,0.8212268948554993,0.8236154913902283,0.29900598526000977
tang1,花型,甜悦【A类母婴裸睡级】,Sweet Joy [Cấp độ ngủ khỏa thân dành cho bà mẹ và trẻ sơ sinh hạng A],SAI,Hoa văn,花型: 甜悦【A类母婴裸睡级】,Hoa văn: Sweet Joy [Cấp độ ngủ khỏa thân dành cho bà mẹ và trẻ sơ sinh hạng A],0.7418846487998962,0.7213335037231445,0.2890736162662506
tang1,花型,甜憩间【舒适全棉 亲肤裸睡】,"Giấc ngủ ngọt ngào [Chất liệu cotton mềm mại, thân thiện với làn da, thoải mái như không mặc]",DUNG,Hoa văn,花型: 甜憩间【舒适全棉 亲肤裸睡】,"Hoa văn: Giấc ngủ ngọt ngào [Chất liệu cotton mềm mại, thân thiện với làn da, thoải mái như không mặc]",0.7064615488052368,0.7057142853736877,0.3631574511528015
tang1,颜色,100%棉蝴蝶衣-满印苹果,Bộ đồ liền thân hình con bướm 100% cotton - In hình quả táo toàn thân,DUNG,Màu sắc,颜色: 100%棉蝴蝶衣-满印苹果,Màu sắc: Bộ đồ liền thân hình con bướm 100% cotton - In hình quả táo toàn thân,0.655184805393219,0.668653130531311,0.37103766202926636
tang1,颜色,100%棉蝴蝶衣-满印黄树,Bộ đồ liền thân hình con bướm 100% cotton - In hình cây màu vàng toàn thân,DUNG,Màu sắc,颜色: 100%棉蝴蝶衣-满印黄树,Màu sắc: Bộ đồ liền thân hình con bướm 100% cotton - In hình cây màu vàng toàn thân,0.5983456969261169,0.6196755170822144,0.3805809020996094
tang1,花型,甜梦屋-蓝,Ngôi nhà giấc mơ ngọt ngào - Xanh dương,DUNG,Hoa văn,花型: 甜梦屋-蓝,Hoa văn: Ngôi nhà giấc mơ ngọt ngào - Xanh dương,0.6147521734237671,0.6202192902565002,0.3830879330635071
tang1,花型,甜梦屋-黄,Ngôi nhà giấc mơ ngọt ngào - Vàng,DUNG,Hoa văn,花型: 甜梦屋-黄,Hoa văn: Ngôi nhà giấc mơ ngọt ngào - Vàng,0.5613967180252075,0.6039705276489258,0.35667771100997925
tang1,颜色,甜粉无骨哈衣,Áo liền quần không đường may màu hồng ngọt ngào,DUNG,Màu sắc,颜色: 甜粉无骨哈衣,Màu sắc: Áo liền quần không đường may màu hồng ngọt ngào,0.5459652543067932,0.6302051544189453,0.3523179888725281
tang1,电源容量,100000Ah【专供跨境】,100000Ah [chuyên dụng cho thương mại xuyên biên giới],DUNG,Công suất điện,电源容量: 100000Ah【专供跨境】,Công suất điện: 100000Ah [chuyên dụng cho thương mại xuyên biên giới],0.849002480506897,0.8362603187561035,0.6343364715576172
tang1,电源容量,100000毫安【专供跨境】,100000 mA [chuyên dụng cho thương mại xuyên biên giới],SAI,Công suất điện,电源容量: 100000毫安【专供跨境】,Công suất điện: 100000 mA [chuyên dụng cho thương mại xuyên biên giới],0.7234798669815063,0.7749123573303223,0.7394784688949585
tang1,适用场景,田径中长跑,Các môn chạy cự ly trung bình và dài trong điền kinh,DUNG,Dịp sử dụng,适用场景: 田径中长跑,Dịp sử dụng: Các môn chạy cự ly trung bình và dài trong điền kinh,0.6020303964614868,0.6447619795799255,0.6144309043884277
tang1,适用渠道,电商供货、实体店拿货、直播货源,"Cung cấp hàng cho thương mại điện tử, cung cấp hàng cho cửa hàng truyền thống, cung cấp hàng cho livestream",DUNG,Các kênh áp dụng,适用渠道: 电商供货、实体店拿货、直播货源,"Các kênh áp dụng: Cung cấp hàng cho thương mại điện tử, cung cấp hàng cho cửa hàng truyền thống, cung cấp hàng cho livestream",0.7379002571105957,0.7738927602767944,0.7379002571105957
tang1,属性,电商爱采,Bộ sưu tập tình yêu thương mại điện tử,SAI,属性,属性: 电商爱采,属性: Bộ sưu tập tình yêu thương mại điện tử,0.5722082257270813,0.7668355107307434,0.5722082257270813
tang1,产品规格,男士洗面奶【300g】,Gardenia Amino Acid Cleansing Mousse 620ML/chai đơn,SAI,Quy cách sản phẩm,产品规格: 男士洗面奶【300g】,Quy cách sản phẩm: Gardenia Amino Acid Cleansing Mousse 620ML/chai đơn,0.4681609869003296,0.5091807246208191,0.44523340463638306
tang1,情侣鞋,男女同款,Kiểu dáng giống nhau cho nam và nữ,DUNG,Giày đôi,情侣鞋: 男女同款,Giày đôi: Kiểu dáng giống nhau cho nam và nữ,0.8118077516555786,0.8361053466796875,0.8118077516555786
tang1,产品规格,100ml净澈焕亮,100ml tinh dầu thanh lọc và kiểm soát mụn,SAI,Quy cách sản phẩm,产品规格: 100ml净澈焕亮,Quy cách sản phẩm: 100ml tinh dầu thanh lọc và kiểm soát mụn,0.6940474510192871,0.72148597240448,0.3732479214668274
tang1,颜色,白深蓝【男款-国潮画】,Trắng và xanh đậm [phong cách nam giới - tranh xu hướng quốc gia],SAI,Màu sắc,颜色: 白深蓝【男款-国潮画】,Màu sắc: Trắng và xanh đậm [phong cách nam giới - tranh xu hướng quốc gia],0.6050645709037781,0.6826391220092773,0.39844125509262085
tang1,颜色,白灰【男款-国潮画】,Xám trắng [Phong cách nam giới - Tranh xu hướng quốc gia],SAI,Màu sắc,颜色: 白灰【男款-国潮画】,Màu sắc: Xám trắng [Phong cách nam giới - Tranh xu hướng quốc gia],0.563016951084137,0.6423375606536865,0.3258083164691925
tang1,颜色,白红 293 双网 女生,"Vớ/Vớ nữ lưới đôi 293 trắng và đỏ [Sản phẩm - vui lòng chỉ định nếu biết, ví dụ: Tất, Giày, v.v.]",SAI,Màu sắc,颜色: 白红 293 双网 女生,"Màu sắc: Vớ/Vớ nữ lưới đôi 293 trắng và đỏ [Sản phẩm - vui lòng chỉ định nếu biết, ví dụ: Tất, Giày, v.v.]",0.6432396769523621,0.7063366174697876,0.41812121868133545
tang1,包装规格,100元/斤绿版龙井,100 nhân dân tệ/kg phiên bản màu xanh lá cây Long Tỉnh,SAI,Quy cách đóng gói,包装规格: 100元/斤绿版龙井,Quy cách đóng gói: 100 nhân dân tệ/kg phiên bản màu xanh lá cây Long Tỉnh,0.6814702749252319,0.7650907635688782,0.5489184260368347
tang1,颜色,白绿【镂空】,Trắng và xanh lá cây [rỗng thường],SAI,Màu sắc,颜色: 白绿【镂空】,Màu sắc: Trắng và xanh lá cây [rỗng thường],0.5494726896286011,0.6360996961593628,0.4221653938293457
tang1,颜色,白色【环保PP材质】,Màu trắng [chất liệu PP thân thiện với môi trường],DUNG,Màu sắc,颜色: 白色【环保PP材质】,Màu sắc: Màu trắng [chất liệu PP thân thiện với môi trường],0.7905901074409485,0.8278464078903198,0.47033682465553284
tang1,产品规格,白色单片 5片,Mặt nạ trơn màu xanh (dưỡng ẩm và làm dịu),SAI,Quy cách sản phẩm,产品规格: 白色单片 5片,Quy cách sản phẩm: Mặt nạ trơn màu xanh (dưỡng ẩm và làm dịu),0.34416788816452026,0.448635458946228,0.44330286979675293
tang1,颜色,白色（无数显）,Màu trắng (không có màn hình kỹ thuật số),DUNG,Màu sắc,颜色: 白色（无数显）,Màu sắc: Màu trắng (không có màn hình kỹ thuật số),0.6606956124305725,0.7235039472579956,0.36959052085876465
tang1,颜色,白配小黄花,Màu trắng với những bông hoa nhỏ màu vàng,DUNG,Màu sắc,颜色: 白配小黄花,Màu sắc: Màu trắng với những bông hoa nhỏ màu vàng,0.7029870748519897,0.7755975723266602,0.402354896068573
tang1,颜色分类,1080P+1080P双镜头+WiFi+声控,Ống kính kép 1080P+1080P+WiFi+điều khiển bằng giọng nói,DUNG,Phân loại màu sắc,颜色分类: 1080P+1080P双镜头+WiFi+声控,Phân loại màu sắc: Ống kính kép 1080P+1080P+WiFi+điều khiển bằng giọng nói,0.8868817090988159,0.8871128559112549,0.5772993564605713
tang1,颜色分类,1080P+1080P双镜头+声控,Ống kính kép 1080P + 1080P + điều khiển bằng giọng nói,DUNG,Phân loại màu sắc,颜色分类: 1080P+1080P双镜头+声控,Phân loại màu sắc: Ống kính kép 1080P + 1080P + điều khiển bằng giọng nói,0.8537223935127258,0.8487469553947449,0.45682579278945923
tang1,颜色分类,1080P+720P双镜头+声控,Ống kính kép 1080P + 720P + điều khiển bằng giọng nói,DUNG,Phân loại màu sắc,颜色分类: 1080P+720P双镜头+声控,Phân loại màu sắc: Ống kính kép 1080P + 720P + điều khiển bằng giọng nói,0.857486367225647,0.8503798246383667,0.4908035695552826
tang1,花型,百子报喜,Hàng trăm con trai thông báo tin tốt,SAI,Hoa văn,花型: 百子报喜,Hoa văn: Hàng trăm con trai thông báo tin tốt,0.6060092449188232,0.5627130270004272,0.3636312186717987
tang1,包装规格,百鸟朝凤三大名茶礼盒,Mở cửa đón nhận phước lành từ sáu loại trà nổi tiếng và nhận ngay bộ trà sứ celadon,SAI,Quy cách đóng gói,包装规格: 百鸟朝凤三大名茶礼盒,Quy cách đóng gói: Mở cửa đón nhận phước lành từ sáu loại trà nổi tiếng và nhận ngay bộ trà sứ celadon,0.5263339877128601,0.570760190486908,0.5477160215377808
tang1,花型,盛世良缘,Một cuộc hôn nhân tốt đẹp trong thời kỳ thịnh vượng,DUNG,Hoa văn,花型: 盛世良缘,Hoa văn: Một cuộc hôn nhân tốt đẹp trong thời kỳ thịnh vượng,0.5164636373519897,0.581963300704956,0.34194496273994446
tang1,容量,直弧PPSU奶瓶330mL【9月+】,Bình sữa PPSU thân thẳng cong 330mL [9 tháng tuổi trở lên],DUNG,Dung tích,容量: 直弧PPSU奶瓶330mL【9月+】,Dung tích: Bình sữa PPSU thân thẳng cong 330mL [9 tháng tuổi trở lên],0.758531391620636,0.7582482099533081,0.36759892106056213
tang1,尺寸,相机内胆包40元，联系客服改价,"Túi đựng máy ảnh bên trong giá 40 tệ, vui lòng liên hệ bộ phận chăm sóc khách hàng để thay đổi giá",DUNG,Kích thước,尺寸: 相机内胆包40元，联系客服改价,"Kích thước: Túi đựng máy ảnh bên trong giá 40 tệ, vui lòng liên hệ bộ phận chăm sóc khách hàng để thay đổi giá",0.8109499216079712,0.8124748468399048,0.4609725773334503
tang1,花型,真爱不变,Tình yêu đích thực vẫn không thay đổi,DUNG,Hoa văn,花型: 真爱不变,Hoa văn: Tình yêu đích thực vẫn không thay đổi,0.8544411659240723,0.748996376991272,0.4043593108654022
tang1,颜色,矮透盒-巨长,Hộp ngắn trong suốt - Chiều dài khổng lồ,SAI,Màu sắc,颜色: 矮透盒-巨长,Màu sắc: Hộp ngắn trong suốt - Chiều dài khổng lồ,0.6594321727752686,0.7192404270172119,0.4056349992752075
tang1,产品规格,石榴玫瑰洁面慕斯（仅供外贸）,蓝莓洁面慕斯（仅供外贸）,SAI,Quy cách sản phẩm,产品规格: 石榴玫瑰洁面慕斯（仅供外贸）,Quy cách sản phẩm: 蓝莓洁面慕斯（仅供外贸）,0.8193261623382568,0.8053417205810547,0.5067887306213379
tang1,包装规格,10包【约5g/包】代发定制 详询客服,"10 gói [khoảng 5g/gói] giao hàng tùy chỉnh, vui lòng liên hệ bộ phận chăm sóc khách hàng để biết chi tiết",SAI,Quy cách đóng gói,包装规格: 10包【约5g/包】代发定制 详询客服,"Quy cách đóng gói: 10 gói [khoảng 5g/gói] giao hàng tùy chỉnh, vui lòng liên hệ bộ phận chăm sóc khách hàng để biết chi tiết",0.8150063753128052,0.8497526049613953,0.7889333963394165
tang1,花型,碎花甜梦集-花边款,Bộ sưu tập những giấc mơ ngọt ngào của Broken Flower-Phong cách ren,SAI,Hoa văn,花型: 碎花甜梦集-花边款,Hoa văn: Bộ sưu tập những giấc mơ ngọt ngào của Broken Flower-Phong cách ren,0.6072373390197754,0.6503105759620667,0.41652581095695496
tang1,货号,礼韵金骏眉,Junmei vàng với vẻ quyến rũ duyên dáng,SAI,Mã sản phẩm,货号: 礼韵金骏眉,Mã sản phẩm: Junmei vàng với vẻ quyến rũ duyên dáng,0.457232803106308,0.5732510089874268,0.298519104719162
tang1,包装规格,祥瑞六层六大茗茶送窑变茶具,喜上眉梢双层六大茗茶,SAI,Quy cách đóng gói,包装规格: 祥瑞六层六大茗茶送窑变茶具,Quy cách đóng gói: 喜上眉梢双层六大茗茶,0.6562265157699585,0.6735873222351074,0.44103702902793884
tang1,花型,福鹿随行高克重 软糯亲肤 柔软舒适】,墨韵[高克重 软糯亲肤 柔软舒适],SAI,Hoa văn,花型: 福鹿随行高克重 软糯亲肤 柔软舒适】,Hoa văn: 墨韵[高克重 软糯亲肤 柔软舒适],0.7143678665161133,0.6649156808853149,0.5201771259307861
tang1,花型,秋思【厂价直销---工厂直发】,Những Nỗi Nhớ Mùa Thu [Giá Tận Xưởng - Bán Hàng Trực Tiếp Từ Xưởng --- Giao Hàng Trực Tiếp Từ Xưởng],DUNG,Hoa văn,花型: 秋思【厂价直销---工厂直发】,Hoa văn: Những Nỗi Nhớ Mùa Thu [Giá Tận Xưởng - Bán Hàng Trực Tiếp Từ Xưởng --- Giao Hàng Trực Tiếp Từ Xưởng],0.6793862581253052,0.6671299934387207,0.33216431736946106
tang1,花型,秋飘铃【100%纯棉/假一赔十】,"Thu Phiêu Linh [100% cotton nguyên chất / Đảm bảo hàng thật, nếu không thật bồi thường gấp 10 lần]",DUNG,Hoa văn,花型: 秋飘铃【100%纯棉/假一赔十】,"Hoa văn: Thu Phiêu Linh [100% cotton nguyên chất / Đảm bảo hàng thật, nếu không thật bồi thường gấp 10 lần]",0.6865617632865906,0.684939980506897,0.5054929256439209
tang1,颜色分类,10寸声控版二路【AHD超清屏】,7inch Phiên bản điều khiển bằng giọng nói với bốn kênh [Màn hình siêu rõ AHD],SAI,Phân loại màu sắc,颜色分类: 10寸声控版二路【AHD超清屏】,Phân loại màu sắc: 7inch Phiên bản điều khiển bằng giọng nói với bốn kênh [Màn hình siêu rõ AHD],0.6544285416603088,0.6879847049713135,0.4126408100128174
tang1,颜色分类,10寸声控版四路MP5【按键款】,10inch Phiên bản điều khiển bằng giọng nói với bốn kênh [Màn hình siêu rõ AHD],SAI,Phân loại màu sắc,颜色分类: 10寸声控版四路MP5【按键款】,Phân loại màu sắc: 10inch Phiên bản điều khiển bằng giọng nói với bốn kênh [Màn hình siêu rõ AHD],0.7167968153953552,0.7103816866874695,0.473258376121521
tang1,颜色,空军-电玩,Lực lượng Không quân - Trò chơi điện tử,DUNG,Màu sắc,颜色: 空军-电玩,Màu sắc: Lực lượng Không quân - Trò chơi điện tử,0.702822208404541,0.7369883060455322,0.3895091116428375
tang1,花型,童话小狗,Chú chó con trong truyện cổ tích,DUNG,Hoa văn,花型: 童话小狗,Hoa văn: Chú chó con trong truyện cổ tích,0.7364559173583984,0.6277716159820557,0.35021960735321045
tang1,花型,童话星岛【A类母婴级-亲肤裸睡】,Truyện cổ tích Xingdao [Loại A dành cho bà mẹ và trẻ sơ sinh ngủ khỏa thân thân thiện với làn da],DUNG,Hoa văn,花型: 童话星岛【A类母婴级-亲肤裸睡】,Hoa văn: Truyện cổ tích Xingdao [Loại A dành cho bà mẹ và trẻ sơ sinh ngủ khỏa thân thân thiện với làn da],0.6587079763412476,0.6570993661880493,0.45689690113067627
tang1,箱装数量,10格36个 15格36个 空格60个 盖子1箱200个,"10 ô, 36 ô, 15 ô, 36 ô, 60 ô, 1 nắp, 200 ô",SAI,Số lượng mỗi thùng,箱装数量: 10格36个 15格36个 空格60个 盖子1箱200个,"Số lượng mỗi thùng: 10 ô, 36 ô, 15 ô, 36 ô, 60 ô, 1 nắp, 200 ô",0.7322174310684204,0.7473170757293701,0.4627196490764618
tang1,花型,笑脸【亲肤柔软】,Khuôn mặt tươi cười [thân thiện với làn da và mềm mại],DUNG,Hoa văn,花型: 笑脸【亲肤柔软】,Hoa văn: Khuôn mặt tươi cười [thân thiện với làn da và mềm mại],0.7945090532302856,0.7846806049346924,0.5674200057983398
tang1,颜色,箩卜兔兔,Thỏ,SAI,Màu sắc,颜色: 箩卜兔兔,Màu sắc: Thỏ,0.4262702763080597,0.6294670104980469,0.36809125542640686
tang1,颜色,米白大号,Kích thước lớn ngoài màu trắng,SAI,Màu sắc,颜色: 米白大号,Màu sắc: Kích thước lớn ngoài màu trắng,0.5429829359054565,0.7329956293106079,0.3694643974304199
tang1,颜色,米白横款中号,"Kích thước trung bình, kiểu dáng ngang màu trắng nhạt",DUNG,Màu sắc,颜色: 米白横款中号,"Màu sắc: Kích thước trung bình, kiểu dáng ngang màu trắng nhạt",0.5567615032196045,0.6840255260467529,0.44583946466445923
tang1,适合身高,110cm建议身高100-110cm,Chiều cao khuyến nghị: 110cm. Phù hợp chiều cao từ 100-110cm,DUNG,Phù hợp với chiều cao,适合身高: 110cm建议身高100-110cm,Phù hợp với chiều cao: Chiều cao khuyến nghị: 110cm. Phù hợp chiều cao từ 100-110cm,0.8363656997680664,0.9191831350326538,0.7500993013381958
tang1,颜色,米红撞色,Màu hồng gạo phối màu tương phản,DUNG,Màu sắc,颜色: 米红撞色,Màu sắc: Màu hồng gạo phối màu tương phản,0.5989660620689392,0.6735951900482178,0.4851346015930176
tang1,颜色,粉&绿普通轮,Bánh xe thông thường màu hồng & xanh lá cây,DUNG,Màu sắc,颜色: 粉&绿普通轮,Màu sắc: Bánh xe thông thường màu hồng & xanh lá cây,0.625001072883606,0.6786388158798218,0.4579431116580963
tang1,颜色,粉&绿溜冰轮,Bánh xe trượt băng màu hồng & xanh lá cây,SAI,Màu sắc,颜色: 粉&绿溜冰轮,Màu sắc: Bánh xe trượt băng màu hồng & xanh lá cây,0.639821469783783,0.6958640813827515,0.35340920090675354
tang1,颜色,粉桃心连体,Đồ bơi liền thân hình trái tim đào hồng,SAI,Màu sắc,颜色: 粉桃心连体,Màu sắc: Đồ bơi liền thân hình trái tim đào hồng,0.5462725758552551,0.6610307693481445,0.31321224570274353
tang1,颜色,粉满印花+小树熊兔,hoa hồng,SAI,Màu sắc,颜色: 粉满印花+小树熊兔,Màu sắc: hoa hồng,0.43862614035606384,0.5926045775413513,0.39861923456192017
tang1,颜色,粉满印花+降落伞,Dù,SAI,Màu sắc,颜色: 粉满印花+降落伞,Màu sắc: Dù,0.33363014459609985,0.5999048948287964,0.3991618752479553
tang1,花型,粉粉郁金香,518薇薇安,SAI,Hoa văn,花型: 粉粉郁金香,Hoa văn: 518薇薇安,0.38893479108810425,0.4915947914123535,0.41210389137268066
tang1,颜色,粉色【专供跨境】,Hồng [chuyên dụng cho thương mại xuyên biên giới],DUNG,Màu sắc,颜色: 粉色【专供跨境】,Màu sắc: Hồng [chuyên dụng cho thương mại xuyên biên giới],0.6166184544563293,0.7136890292167664,0.44793856143951416
tang1,颜色,112318-镜花水月,112318-Hoa trong gương và nước trong trăng,DUNG,Màu sắc,颜色: 112318-镜花水月,Màu sắc: 112318-Hoa trong gương và nước trong trăng,0.6899871826171875,0.7265535593032837,0.33045870065689087
tang1,颜色,粉色中号29*21*14cm,Màu hồng kích thước trung bình 29*21*14cm,DUNG,Màu sắc,颜色: 粉色中号29*21*14cm,Màu sắc: Màu hồng kích thước trung bình 29*21*14cm,0.7404210567474365,0.7620949745178223,0.4678339958190918
tang1,货号,粤G妆网备字2023053337,Mã số đăng ký mạng lưới trang điểm G Quảng Đông: 2023053337,SAI,Mã sản phẩm,货号: 粤G妆网备字2023053337,Mã sản phẩm: Mã số đăng ký mạng lưới trang điểm G Quảng Đông: 2023053337,0.6717143654823303,0.7455453872680664,0.3426392078399658
tang1,颜色,精孔【无包装】软壳★镜头全包,透明-四角防摔太空壳,SAI,Màu sắc,颜色: 精孔【无包装】软壳★镜头全包,Màu sắc: 透明-四角防摔太空壳,0.5232756733894348,0.5792524814605713,0.3949882388114929
tang1,颜色,精孔【袋装】软壳★镜头全包,透灰-四角防摔太空壳,SAI,Màu sắc,颜色: 精孔【袋装】软壳★镜头全包,Màu sắc: 透灰-四角防摔太空壳,0.5067097544670105,0.5626609325408936,0.31599992513656616
tang1,花型,素影-萌犬日常,Ảnh Tối Giản - Cuộc Sống Hàng Ngày Của Chú Cún Dễ Thương,DUNG,Hoa văn,花型: 素影-萌犬日常,Hoa văn: Ảnh Tối Giản - Cuộc Sống Hàng Ngày Của Chú Cún Dễ Thương,0.6189538240432739,0.614863395690918,0.3950835168361664
tang1,花型,素影-萌犬日常【母婴裸睡超柔软】,"Sơ Ảnh - Cuộc sống thường ngày của chú chó con đáng yêu [Siêu mềm mại, an toàn cho mẹ và bé ngủ không mặc đồ]",DUNG,Hoa văn,花型: 素影-萌犬日常【母婴裸睡超柔软】,"Hoa văn: Sơ Ảnh - Cuộc sống thường ngày của chú chó con đáng yêu [Siêu mềm mại, an toàn cho mẹ và bé ngủ không mặc đồ]",0.6762263774871826,0.6855992078781128,0.4661276936531067
tang1,产品规格,素玳面膜 灰（弹力紧致）,灰色单片 5片,SAI,Quy cách sản phẩm,产品规格: 素玳面膜 灰（弹力紧致）,Quy cách sản phẩm: 灰色单片 5片,0.5212476253509521,0.5589935779571533,0.47429168224334717
tang1,产品规格,素玳面膜 白（紧致修护）,黑色单片 5片,SAI,Quy cách sản phẩm,产品规格: 素玳面膜 白（紧致修护）,Quy cách sản phẩm: 黑色单片 5片,0.414787232875824,0.49227190017700195,0.475475549697876
tang1,产品规格,素玳面膜 黑（美白淡斑）,白色单片 5片,SAI,Quy cách sản phẩm,产品规格: 素玳面膜 黑（美白淡斑）,Quy cách sản phẩm: 白色单片 5片,0.49791228771209717,0.5564139485359192,0.5185659527778625
tang1,花型,素雅-蓝条,Thanh trang-xanh lam thanh lịch,SAI,Hoa văn,花型: 素雅-蓝条,Hoa văn: Thanh trang-xanh lam thanh lịch,0.42289653420448303,0.5450494289398193,0.3992006182670593
tang1,花型,素雅-黄格,Lưới màu vàng đơn giản và thanh lịch,SAI,Hoa văn,花型: 素雅-黄格,Hoa văn: Lưới màu vàng đơn giản và thanh lịch,0.2625191807746887,0.4723113179206848,0.27828556299209595
tang1,颜色,紫罗兰色,tím,DUNG,Màu sắc,颜色: 紫罗兰色,Màu sắc: tím,0.3603519797325134,0.6790632605552673,0.38504838943481445
tang1,颜色,紫色【专供跨境】,Tím [chuyên dụng cho thương mại xuyên biên giới],DUNG,Màu sắc,颜色: 紫色【专供跨境】,Màu sắc: Tím [chuyên dụng cho thương mại xuyên biên giới],0.6287623643875122,0.730492889881134,0.38836315274238586
tang1,尺寸,120#【长43宽31高23cm】无轮,"120 # [Chiều dài 43cm, Chiều rộng 31cm, Chiều cao 23cm]Không có bánh xe",DUNG,Kích thước,尺寸: 120#【长43宽31高23cm】无轮,"Kích thước: 120 # [Chiều dài 43cm, Chiều rộng 31cm, Chiều cao 23cm]Không có bánh xe",0.8563939929008484,0.8841193914413452,0.5921951532363892
tang1,尺寸,120#【长43宽31高23cm】无轮,120 # [chiều dài 43 chiều rộng 31 chiều cao 23cm] không có bánh xe,DUNG,Kích thước,尺寸: 120#【长43宽31高23cm】无轮,Kích thước: 120 # [chiều dài 43 chiều rộng 31 chiều cao 23cm] không có bánh xe,0.8699484467506409,0.8873300552368164,0.45936328172683716
tang1,花型,紫韵【100%纯棉 假一罚十】,Purple Rhyme [100% Cotton nguyên chất - Đảm bảo tính xác thực hoặc hoàn tiền gấp 10 lần],SAI,Hoa văn,花型: 紫韵【100%纯棉 假一罚十】,Hoa văn: Purple Rhyme [100% Cotton nguyên chất - Đảm bảo tính xác thực hoặc hoàn tiền gấp 10 lần],0.7004311084747314,0.711327850818634,0.39282453060150146
tang1,颜色,繁星入梦,Ngàn sao lấp lánh trong giấc mơ,DUNG,Màu sắc,颜色: 繁星入梦,Màu sắc: Ngàn sao lấp lánh trong giấc mơ,0.6353330612182617,0.73454350233078,0.30697721242904663
tang1,花型,繁花梦语高克重 软糯亲肤 柔软舒适】,绅士阁高克重 软糯亲肤 柔软舒适],SAI,Hoa văn,花型: 繁花梦语高克重 软糯亲肤 柔软舒适】,Hoa văn: 绅士阁高克重 软糯亲肤 柔软舒适],0.7662628293037415,0.687731146812439,0.3802209198474884
tang1,货号,红参麦冬饮,Nước uống nhân sâm đỏ và Ophiopogon japonicus,DUNG,Mã sản phẩm,货号: 红参麦冬饮,Mã sản phẩm: Nước uống nhân sâm đỏ và Ophiopogon japonicus,0.5198112726211548,0.608739972114563,0.2516932785511017
tang1,颜色,红色【专供跨境】,Đỏ [chuyên dụng cho thương mại xuyên biên giới],DUNG,Màu sắc,颜色: 红色【专供跨境】,Màu sắc: Đỏ [chuyên dụng cho thương mại xuyên biên giới],0.70070880651474,0.7544271349906921,0.4108002781867981
tang1,适合身高,120cm建议身高110-120cm,Chiều cao khuyến nghị: 120cm (phù hợp với chiều cao từ 110-120cm),DUNG,Phù hợp với chiều cao,适合身高: 120cm建议身高110-120cm,Phù hợp với chiều cao: Chiều cao khuyến nghị: 120cm (phù hợp với chiều cao từ 110-120cm),0.8338451981544495,0.9040813446044922,0.5313894748687744
tang1,产品规格,120g（盒子上有赠品标识）,120g (30g*4 miếng),SAI,Quy cách sản phẩm,产品规格: 120g（盒子上有赠品标识）,Quy cách sản phẩm: 120g (30g*4 miếng),0.700554609298706,0.7546659708023071,0.4574706554412842
tang1,颜色,红色猫头鹰,Cú đỏ,DUNG,Màu sắc,颜色: 红色猫头鹰,Màu sắc: Cú đỏ,0.5782047510147095,0.6982979774475098,0.4287444055080414
tang1,净度,纯净无杂,Tinh khiết và không chứa tạp chất,DUNG,Độ sạch,净度: 纯净无杂,Độ sạch: Tinh khiết và không chứa tạp chất,0.8511590957641602,0.8810584545135498,0.6574509739875793
tang1,颜色,纯原M2K-灰橙,Cam xám M2K nguyên chất nguyên chất,SAI,Màu sắc,颜色: 纯原M2K-灰橙,Màu sắc: Cam xám M2K nguyên chất nguyên chất,0.6475146412849426,0.7479805946350098,0.26551103591918945
tang1,颜色,纯原M2K-灰黑,M2K nguyên bản nguyên chất màu xám đen,SAI,Màu sắc,颜色: 纯原M2K-灰黑,Màu sắc: M2K nguyên bản nguyên chất màu xám đen,0.7701478004455566,0.791545033454895,0.35003429651260376
tang1,颜色,纯原M2K-黑白,M2K nguyên chất đen trắng nguyên bản,SAI,Màu sắc,颜色: 纯原M2K-黑白,Màu sắc: M2K nguyên chất đen trắng nguyên bản,0.8311927318572998,0.856360673904419,0.45556801557540894
tang1,颜色,纯原M2K-黑白红,"M2K nguyên bản nguyên chất - đen, trắng và đỏ",SAI,Màu sắc,颜色: 纯原M2K-黑白红,"Màu sắc: M2K nguyên bản nguyên chất - đen, trắng và đỏ",0.7770113348960876,0.8075004816055298,0.3181510865688324
tang1,颜色,纯原M2K-黑红,M2K nguyên bản nguyên chất - đen và đỏ,SAI,Màu sắc,颜色: 纯原M2K-黑红,Màu sắc: M2K nguyên bản nguyên chất - đen và đỏ,0.7534375190734863,0.7946476936340332,0.3121442198753357
tang1,货号,纯棉短袖,Tay áo ngắn cotton nguyên chất,SAI,Mã sản phẩm,货号: 纯棉短袖,Mã sản phẩm: Tay áo ngắn cotton nguyên chất,0.7371774315834045,0.7177270650863647,0.4469931125640869
tang1,包装规格,纯正原味200g,Hương vị nguyên chất nguyên chất 200g,SAI,Quy cách đóng gói,包装规格: 纯正原味200g,Quy cách đóng gói: Hương vị nguyên chất nguyên chất 200g,0.8087213039398193,0.7844102382659912,0.4692142605781555
tang1,包装规格,纯正原味2500g,Hương vị nguyên chất nguyên chất 2500g,SAI,Quy cách đóng gói,包装规格: 纯正原味2500g,Quy cách đóng gói: Hương vị nguyên chất nguyên chất 2500g,0.8207758665084839,0.8086315393447876,0.47336944937705994
tang1,颜色,纯白【蝴网RiFit款】,Màu trắng tinh khiết [lưới bướm phong cách RiFit],DUNG,Màu sắc,颜色: 纯白【蝴网RiFit款】,Màu sắc: Màu trắng tinh khiết [lưới bướm phong cách RiFit],0.7301943302154541,0.7539132833480835,0.42853808403015137
tang1,颜色,纯白【蝴网光版】,Màu trắng tinh khiết [phiên bản đèn lưới hình bướm],SAI,Màu sắc,颜色: 纯白【蝴网光版】,Màu sắc: Màu trắng tinh khiết [phiên bản đèn lưới hình bướm],0.6520345211029053,0.7274279594421387,0.55320143699646
tang1,颜色,纯白（金扣）,Màu trắng tinh khiết (khóa vàng),DUNG,Màu sắc,颜色: 纯白（金扣）,Màu sắc: Màu trắng tinh khiết (khóa vàng),0.6524055600166321,0.7385175228118896,0.4047508239746094
tang1,适合身高,120建议身高105-115CM,Chiều cao khuyến nghị: 105-115cm (cho bé cao khoảng 120cm),DUNG,Phù hợp với chiều cao,适合身高: 120建议身高105-115CM,Phù hợp với chiều cao: Chiều cao khuyến nghị: 105-115cm (cho bé cao khoảng 120cm),0.8146639466285706,0.8702884912490845,0.4400401711463928
tang1,颜色,纯蓝【蝴网RiFit款】,Màu xanh tinh khiết [lưới bướm phong cách RiFit],DUNG,Màu sắc,颜色: 纯蓝【蝴网RiFit款】,Màu sắc: Màu xanh tinh khiết [lưới bướm phong cách RiFit],0.6508697867393494,0.6867513656616211,0.4799526333808899
tang1,颜色,纯蓝【蝴网光版】,Màu xanh thuần khiết [phiên bản đèn lưới hình bướm],SAI,Màu sắc,颜色: 纯蓝【蝴网光版】,Màu sắc: Màu xanh thuần khiết [phiên bản đèn lưới hình bướm],0.6445960998535156,0.7050183415412903,0.46354347467422485
tang1,颜色,纯黑【蝴网RiFit款】,Màu đen tinh khiết [lưới bướm phong cách RiFit],DUNG,Màu sắc,颜色: 纯黑【蝴网RiFit款】,Màu sắc: Màu đen tinh khiết [lưới bướm phong cách RiFit],0.7020106315612793,0.7214356064796448,0.44663214683532715
tang1,花型,细条-蓝【A类母婴裸睡亲肤级】,"Sọc mảnh - Xanh dương [Loại A, dành cho mẹ và bé, thân thiện với da, thích hợp ngủ không mặc đồ]",DUNG,Hoa văn,花型: 细条-蓝【A类母婴裸睡亲肤级】,"Hoa văn: Sọc mảnh - Xanh dương [Loại A, dành cho mẹ và bé, thân thiện với da, thích hợp ngủ không mặc đồ]",0.6673769950866699,0.6691780090332031,0.6154314875602722
tang1,包装规格,细条蜜香正山小种500g,500g,SAI,Quy cách đóng gói,包装规格: 细条蜜香正山小种500g,Quy cách đóng gói: 500g,0.55264812707901,0.5889793634414673,0.44961148500442505
tang1,花型,织梦【7A升级母婴款】,Dream Weaver [mô hình bà mẹ và trẻ sơ sinh được nâng cấp 7A],SAI,Hoa văn,花型: 织梦【7A升级母婴款】,Hoa văn: Dream Weaver [mô hình bà mẹ và trẻ sơ sinh được nâng cấp 7A],0.7762532234191895,0.7512023448944092,0.3927238881587982
tang1,产品规格,维C氨基酸洁面慕斯（仅供外贸）,草莓洁面慕斯（仅供外贸）,SAI,Quy cách sản phẩm,产品规格: 维C氨基酸洁面慕斯（仅供外贸）,Quy cách sản phẩm: 草莓洁面慕斯（仅供外贸）,0.8379925489425659,0.8300633430480957,0.4560510516166687
tang1,花型,绵绵【超柔加厚床盖/拒绝跑床单】,法式床盖-奶油波点（上新）,SAI,Hoa văn,花型: 绵绵【超柔加厚床盖/拒绝跑床单】,Hoa văn: 法式床盖-奶油波点（上新）,0.5476148128509521,0.5490983724594116,0.385162353515625
tang1,颜色,绿色+挂饰,Màu xanh lá cây + đồ trang trí treo,DUNG,Màu sắc,颜色: 绿色+挂饰,Màu sắc: Màu xanh lá cây + đồ trang trí treo,0.7613908648490906,0.774564266204834,0.4883272349834442
tang1,颜色,绿色-扁款无盖中号【35.8*25.7*14.5cm】,"Màu xanh lá cây - Kiểu dáng phẳng không nắp, kích thước trung bình [35.8*25.7*14.5cm]",DUNG,Màu sắc,颜色: 绿色-扁款无盖中号【35.8*25.7*14.5cm】,"Màu sắc: Màu xanh lá cây - Kiểu dáng phẳng không nắp, kích thước trung bình [35.8*25.7*14.5cm]",0.7472574710845947,0.7749032974243164,0.38456249237060547
tang1,颜色,绿色-方款无盖中号【28.5*28.5*19.5cm】,Kích thước trung bình kiểu hình vuông màu xanh lá cây không có nắp [28.5 * 28.5 * 19.5cm],DUNG,Màu sắc,颜色: 绿色-方款无盖中号【28.5*28.5*19.5cm】,Màu sắc: Kích thước trung bình kiểu hình vuông màu xanh lá cây không có nắp [28.5 * 28.5 * 19.5cm],0.7003351449966431,0.7407922744750977,0.43420737981796265
tang1,颜色,绿色【专利款】,Màu xanh lá cây [mô hình được cấp bằng sáng chế],DUNG,Màu sắc,颜色: 绿色【专利款】,Màu sắc: Màu xanh lá cây [mô hình được cấp bằng sáng chế],0.7289639115333557,0.7859445810317993,0.5216091275215149
tang1,颜色,绿色【环保PP材质】,Màu xanh lá cây [vật liệu PP thân thiện với môi trường],DUNG,Màu sắc,颜色: 绿色【环保PP材质】,Màu sắc: Màu xanh lá cây [vật liệu PP thân thiện với môi trường],0.7784903049468994,0.8116543292999268,0.43940040469169617
tang1,颜色,绿色【简装】,Màu xanh lá cây [trang trí đơn giản],SAI,Màu sắc,颜色: 绿色【简装】,Màu sắc: Màu xanh lá cây [trang trí đơn giản],0.6646289229393005,0.7073715925216675,0.46157756447792053
tang1,颜色,绿色无挂件,Màu xanh lá cây không có mặt dây chuyền,DUNG,Màu sắc,颜色: 绿色无挂件,Màu sắc: Màu xanh lá cây không có mặt dây chuyền,0.6849063634872437,0.7253102660179138,0.3934587240219116
tang1,颜色,绿色曼城,Màu xanh lá cây Manchester City,DUNG,Màu sắc,颜色: 绿色曼城,Màu sắc: Màu xanh lá cây Manchester City,0.6012675762176514,0.7642599940299988,0.4536290168762207
tang1,颜色,绿色曼联,Màu xanh lá cây Manchester United,DUNG,Màu sắc,颜色: 绿色曼联,Màu sắc: Màu xanh lá cây Manchester United,0.5984789133071899,0.7567398548126221,0.34559792280197144
tang1,颜色,绿色横款,Phong cách ngang màu xanh lá cây,DUNG,Màu sắc,颜色: 绿色横款,Màu sắc: Phong cách ngang màu xanh lá cây,0.6593549251556396,0.7078467011451721,0.4306495785713196
tang1,包装规格,绿茶中号圆罐茶叶100克,100g trà xanh,SAI,Quy cách đóng gói,包装规格: 绿茶中号圆罐茶叶100克,Quy cách đóng gói: 100g trà xanh,0.6086810231208801,0.6815928816795349,0.3648350238800049
tang1,花型,绿蔓【亲肤*可裸睡】,Cây nho xanh [thân thiện với làn da * có thể ngủ khỏa thân],DUNG,Hoa văn,花型: 绿蔓【亲肤*可裸睡】,Hoa văn: Cây nho xanh [thân thiện với làn da * có thể ngủ khỏa thân],0.7290933728218079,0.7188972234725952,0.45929190516471863
tang1,网红单品,网红单品,Các mặt hàng nổi tiếng trên Internet1,SAI,Các mặt hàng nổi tiếng trên Internet,网红单品: 网红单品,Các mặt hàng nổi tiếng trên Internet: Các mặt hàng nổi tiếng trên Internet1,0.6774798631668091,0.6474757194519043,0.6774798631668091
tang1,风格,网红潮流风,Xu hướng do người có ảnh hưởng thúc đẩy,DUNG,Phong cách,风格: 网红潮流风,Phong cách: Xu hướng do người có ảnh hưởng thúc đẩy,0.5345830917358398,0.6727167963981628,0.48407354950904846
tang1,颜色,羊绒军粉,Len cashmere màu hồng quân đội,DUNG,Màu sắc,颜色: 羊绒军粉,Màu sắc: Len cashmere màu hồng quân đội,0.5216784477233887,0.704706072807312,0.35709261894226074
tang1,颜色,羊绒绿蓝,Len cashmere xanh lá xanh dương,DUNG,Màu sắc,颜色: 羊绒绿蓝,Màu sắc: Len cashmere xanh lá xanh dương,0.5450490713119507,0.6817574501037598,0.40059882402420044
tang1,花型,美梦结【A类母婴级-亲肤裸睡】,Sweet Dream Knot [Loại A dành cho bà mẹ và trẻ sơ sinh ngủ khỏa thân thân thiện với làn da],SAI,Hoa văn,花型: 美梦结【A类母婴级-亲肤裸睡】,Hoa văn: Sweet Dream Knot [Loại A dành cho bà mẹ và trẻ sơ sinh ngủ khỏa thân thân thiện với làn da],0.7324657440185547,0.7277711629867554,0.6805239915847778
tang1,颜色,翠绿色【防水耐磨*畅销版】,Màu xanh ngọc lục bảo [chống thấm nước và chống mài mòn * phiên bản bán chạy nhất],DUNG,Màu sắc,颜色: 翠绿色【防水耐磨*畅销版】,Màu sắc: Màu xanh ngọc lục bảo [chống thấm nước và chống mài mòn * phiên bản bán chạy nhất],0.7069544792175293,0.7435084581375122,0.511906623840332
tang1,适合身高,130cm建议身高120-130cm,Chiều cao khuyến nghị: 130cm. Phù hợp với chiều cao từ 120-130cm,DUNG,Phù hợp với chiều cao,适合身高: 130cm建议身高120-130cm,Phù hợp với chiều cao: Chiều cao khuyến nghị: 130cm. Phù hợp với chiều cao từ 120-130cm,0.8223110437393188,0.9161955118179321,0.6287425756454468
tang1,包装规格,130元/斤绿版龙井,130 nhân dân tệ/kg phiên bản màu xanh lá cây Long Tỉnh,SAI,Quy cách đóng gói,包装规格: 130元/斤绿版龙井,Quy cách đóng gói: 130 nhân dân tệ/kg phiên bản màu xanh lá cây Long Tỉnh,0.6898242235183716,0.7601239085197449,0.5244394540786743
tang1,颜色,联名豹纹,Họa tiết da báo phiên bản hợp tác,DUNG,Màu sắc,颜色: 联名豹纹,Màu sắc: Họa tiết da báo phiên bản hợp tác,0.5704441070556641,0.6583319902420044,0.40083253383636475
tang1,颜色,1398-14软弹板装,021-12 Tồn tại trong tình huống tuyệt vọng,SAI,Màu sắc,颜色: 1398-14软弹板装,Màu sắc: 021-12 Tồn tại trong tình huống tuyệt vọng,0.3336361050605774,0.49036774039268494,0.3575539290904999
tang1,包装规格,肉松饼120包,Bánh xốp nhân thịt xông khói (120 gói),SAI,Quy cách đóng gói,包装规格: 肉松饼120包,Quy cách đóng gói: Bánh xốp nhân thịt xông khói (120 gói),0.5998446941375732,0.6132230162620544,0.3608573079109192
tang1,颜色,肤感撞色：绿色,Màu sắc tương phản tạo cảm giác cho da: màu xanh lá cây,SAI,Màu sắc,颜色: 肤感撞色：绿色,Màu sắc: Màu sắc tương phản tạo cảm giác cho da: màu xanh lá cây,0.7506558299064636,0.7179007530212402,0.49348360300064087
tang1,适合身高,140cm建议身高130-140cm,Chiều cao khuyến nghị: 130-140cm (140cm là chiều cao tối đa),DUNG,Phù hợp với chiều cao,适合身高: 140cm建议身高130-140cm,Phù hợp với chiều cao: Chiều cao khuyến nghị: 130-140cm (140cm là chiều cao tối đa),0.8034065961837769,0.9053354859352112,0.8128221035003662
tang1,主图来源,自主实拍图,Ảnh chụp thực tế do chính mình thực hiện,DUNG,Nguồn hình ảnh chính,主图来源: 自主实拍图,Nguồn hình ảnh chính: Ảnh chụp thực tế do chính mình thực hiện,0.816339373588562,0.7727893590927124,0.816339373588562
tang1,产品规格,芦荟英文洁面慕斯（仅供外贸）,西瓜洁面慕斯（仅供外贸）,SAI,Quy cách sản phẩm,产品规格: 芦荟英文洁面慕斯（仅供外贸）,Quy cách sản phẩm: 西瓜洁面慕斯（仅供外贸）,0.8107686042785645,0.8201892375946045,0.8180047273635864
tang1,产品规格,芦荟补水洁面慕斯（仅供外贸）,月亮洁面慕斯（仅供外贸）,SAI,Quy cách sản phẩm,产品规格: 芦荟补水洁面慕斯（仅供外贸）,Quy cách sản phẩm: 月亮洁面慕斯（仅供外贸）,0.7830874919891357,0.7877165079116821,0.3638142943382263
tang1,花型,花丛小艺【100%纯棉/假一赔十】,"Hoa Tùng Tiểu Nghệ[100% cotton nguyên chất / Đảm bảo hàng thật, nếu không thật bồi thường gấp mười]",DUNG,Hoa văn,花型: 花丛小艺【100%纯棉/假一赔十】,"Hoa văn: Hoa Tùng Tiểu Nghệ[100% cotton nguyên chất / Đảm bảo hàng thật, nếu không thật bồi thường gấp mười]",0.7617148756980896,0.7192038297653198,0.39421355724334717
tang1,花型,花叶倾城-粉【100%全棉 亲肤透气】纯,妙语花香[100%纯棉 亲肤透气],SAI,Hoa văn,花型: 花叶倾城-粉【100%全棉 亲肤透气】纯,Hoa văn: 妙语花香[100%纯棉 亲肤透气],0.7801838517189026,0.7278259992599487,0.4880807399749756
tang1,花型,花样萌宠【100%纯棉/假一赔十】,"Thú cưng đáng yêu [100% cotton nguyên chất / Đảm bảo hàng thật, nếu giả sẽ bồi thường gấp 10 lần]",DUNG,Hoa văn,花型: 花样萌宠【100%纯棉/假一赔十】,"Hoa văn: Thú cưng đáng yêu [100% cotton nguyên chất / Đảm bảo hàng thật, nếu giả sẽ bồi thường gấp 10 lần]",0.7827131748199463,0.7474676370620728,0.4202607572078705
tang1,尺寸,150#【长49宽35高26cm】无轮,150 # [chiều dài 49 chiều rộng 35 chiều cao 26cm] không có bánh xe,DUNG,Kích thước,尺寸: 150#【长49宽35高26cm】无轮,Kích thước: 150 # [chiều dài 49 chiều rộng 35 chiều cao 26cm] không có bánh xe,0.877055287361145,0.8917984366416931,0.49145856499671936
tang1,花型,花田妙语,Lời nói dí dỏm của cánh đồng hoa,DUNG,Hoa văn,花型: 花田妙语,Hoa văn: Lời nói dí dỏm của cánh đồng hoa,0.5279104113578796,0.60065758228302,0.34899967908859253
tang1,花型,花田小狗（推荐！）,Chú chó con trong cánh đồng hoa (được khuyến nghị!),DUNG,Hoa văn,花型: 花田小狗（推荐！）,Hoa văn: Chú chó con trong cánh đồng hoa (được khuyến nghị!),0.6328178644180298,0.638813853263855,0.37836986780166626
tang1,花型,花色伊人【100%纯棉 亲肤透气】,Hoa và lá Allure-Powder [100% cotton thân thiện với làn da và thoáng khí] tinh khiết,SAI,Hoa văn,花型: 花色伊人【100%纯棉 亲肤透气】,Hoa văn: Hoa và lá Allure-Powder [100% cotton thân thiện với làn da và thoáng khí] tinh khiết,0.6326735615730286,0.6695403456687927,0.3389050364494324
tang1,花型,花边-蝴蝶结咖,Ren-Nơ,SAI,Hoa văn,花型: 花边-蝴蝶结咖,Hoa văn: Ren-Nơ,0.31058555841445923,0.46324992179870605,0.3450830578804016
tang1,花型,花间蜜语【100%纯棉 假一罚十】,Thì thầm hoa [100% cotton nguyên chất - Đảm bảo tính xác thực hoặc hoàn tiền gấp 10 lần],DUNG,Hoa văn,花型: 花间蜜语【100%纯棉 假一罚十】,Hoa văn: Thì thầm hoa [100% cotton nguyên chất - Đảm bảo tính xác thực hoặc hoàn tiền gấp 10 lần],0.734525203704834,0.7335631251335144,0.419023334980011
tang1,尺寸规格,150*200cm单被套【亲肤-裸睡级】,"Vỏ chăn đơn kích thước 150 x 200 cm [chất liệu mềm mại, thân thiện với da – phù hợp để ngủ không mặc quần áo]",DUNG,Kích thước,尺寸规格: 150*200cm单被套【亲肤-裸睡级】,"Kích thước: Vỏ chăn đơn kích thước 150 x 200 cm [chất liệu mềm mại, thân thiện với da – phù hợp để ngủ không mặc quần áo]",0.7171774506568909,0.747917890548706,0.7246437072753906
tang1,尺寸规格,150*200cm软糯被套单件,"Vỏ chăn mềm mại và thoải mái, kích thước 150*200cm, bán riêng lẻ",DUNG,Kích thước,尺寸规格: 150*200cm软糯被套单件,"Kích thước: Vỏ chăn mềm mại và thoải mái, kích thước 150*200cm, bán riêng lẻ",0.7220902442932129,0.7270572185516357,0.5229374766349792
tang1,适合身高,150cm建议身高140-150cm,Chiều cao khuyến nghị: 150cm. Phù hợp với chiều cao từ 140-150cm,DUNG,Phù hợp với chiều cao,适合身高: 150cm建议身高140-150cm,Phù hợp với chiều cao: Chiều cao khuyến nghị: 150cm. Phù hợp với chiều cao từ 140-150cm,0.808579683303833,0.9141242504119873,0.7417491674423218
tang1,语言支持,英，法，俄，日等,"Tiếng Anh, tiếng Pháp, tiếng Nga, tiếng Nhật, v.v.",DUNG,Hỗ trợ ngôn ngữ,语言支持: 英，法，俄，日等,"Hỗ trợ ngôn ngữ: Tiếng Anh, tiếng Pháp, tiếng Nga, tiếng Nhật, v.v.",0.7758206129074097,0.905444324016571,0.7758206129074097
tang1,容量,150ml奶瓶A款绿色（彩盒装）,"Bình sữa cho bé, dung tích 150ml, mẫu A, màu xanh lá cây (đóng gói trong hộp màu)",DUNG,Dung tích,容量: 150ml奶瓶A款绿色（彩盒装）,"Dung tích: Bình sữa cho bé, dung tích 150ml, mẫu A, màu xanh lá cây (đóng gói trong hộp màu)",0.6728801727294922,0.7192732095718384,0.6209063529968262
tang1,容量,150ml奶瓶A款裸装（绿色）,"Bình sữa cho bé, dung tích 150ml, mẫu A, bao bì đơn giản (màu xanh lá cây)",DUNG,Dung tích,容量: 150ml奶瓶A款裸装（绿色）,"Dung tích: Bình sữa cho bé, dung tích 150ml, mẫu A, bao bì đơn giản (màu xanh lá cây)",0.6410633325576782,0.6746665239334106,0.4331430494785309
tang1,产品规格,150ml控油冰爽洁面泡沫,Sữa rửa mặt năng lượng cho nam 150ml (bao bì mới và cũ được giao ngẫu nhiên),SAI,Quy cách sản phẩm,产品规格: 150ml控油冰爽洁面泡沫,Quy cách sản phẩm: Sữa rửa mặt năng lượng cho nam 150ml (bao bì mới và cũ được giao ngẫu nhiên),0.5573171377182007,0.6223114728927612,0.5408648252487183
tang1,尺寸规格,150x200cm单被套【不起球 不掉色 无静电】,Vỏ chăn đơn 150x200cm,SAI,Kích thước,尺寸规格: 150x200cm单被套【不起球 不掉色 无静电】,Kích thước: Vỏ chăn đơn 150x200cm,0.6900747418403625,0.7008719444274902,0.5907096862792969
tang1,包装规格,茉莉花茶罐装50克,金骏眉罐装50克,SAI,Quy cách đóng gói,包装规格: 茉莉花茶罐装50克,Quy cách đóng gói: 金骏眉罐装50克,0.6571804285049438,0.6655374765396118,0.3727676272392273
tang1,包装规格,茉莉花茶罐装80克,绿茶罐装150克,SAI,Quy cách đóng gói,包装规格: 茉莉花茶罐装80克,Quy cách đóng gói: 绿茶罐装150克,0.6504073143005371,0.7185762524604797,0.43889638781547546
tang1,包装规格,茉莉金牡丹红茶,茉莉小毛尖,SAI,Quy cách đóng gói,包装规格: 茉莉金牡丹红茶,Quy cách đóng gói: 茉莉小毛尖,0.5932658314704895,0.6526001691818237,0.2883071005344391
tang1,包装规格,茉莉龙珠B 500g,Trà Trứng Gà Jasmine Dragon Ball B 500g,SAI,Quy cách đóng gói,包装规格: 茉莉龙珠B 500g,Quy cách đóng gói: Trà Trứng Gà Jasmine Dragon Ball B 500g,0.6441184282302856,0.6649728417396545,0.3369347155094147
tang1,颜色,茱萸粉【1：9开扩容30%】,Bột Cornus officinalis [1:9 để mở rộng công suất thêm 30%],SAI,Màu sắc,颜色: 茱萸粉【1：9开扩容30%】,Màu sắc: Bột Cornus officinalis [1:9 để mở rộng công suất thêm 30%],0.6785235404968262,0.710392951965332,0.3097527027130127
tang1,花型,茶艺（爆款！）,Nghệ thuật thưởng trà (phong cách bán chạy!),DUNG,Hoa văn,花型: 茶艺（爆款！）,Hoa văn: Nghệ thuật thưởng trà (phong cách bán chạy!),0.7030442357063293,0.710051417350769,0.3767752945423126
tang1,颜色,荧光绿【约100根】,Màu xanh lá cây huỳnh quang [khoảng 100 chiếc],DUNG,Màu sắc,颜色: 荧光绿【约100根】,Màu sắc: Màu xanh lá cây huỳnh quang [khoảng 100 chiếc],0.7480723261833191,0.7802047729492188,0.44418179988861084
tang1,颜色,菱格咖色,Nâu Cà Phê Chần Kim Hình Kim Cương,DUNG,Màu sắc,颜色: 菱格咖色,Màu sắc: Nâu Cà Phê Chần Kim Hình Kim Cương,0.5313100218772888,0.6495828628540039,0.37820547819137573
tang1,颜色,萌兔初语【紫】,Những lời đầu tiên của chú thỏ dễ thương [Tím],DUNG,Màu sắc,颜色: 萌兔初语【紫】,Màu sắc: Những lời đầu tiên của chú thỏ dễ thương [Tím],0.6270180344581604,0.704604983329773,0.36886101961135864
tang1,花型,萌宝熊【亲肤*可裸睡】,Gấu kho báu dễ thương [thân thiện với làn da * có thể ngủ khỏa thân],SAI,Hoa văn,花型: 萌宝熊【亲肤*可裸睡】,Hoa văn: Gấu kho báu dễ thương [thân thiện với làn da * có thể ngủ khỏa thân],0.7309737205505371,0.676093339920044,0.5585383176803589
tang1,容量,萌宠绿240三用,Màu xanh lá cây thú cưng dễ thương 240 sử dụng ba lần,SAI,Dung tích,容量: 萌宠绿240三用,Dung tích: Màu xanh lá cây thú cưng dễ thương 240 sử dụng ba lần,0.7065765261650085,0.7280462980270386,0.39481890201568604
tang1,容量,萌宠绿300三用,Thú cưng dễ thương màu xanh lá cây 300 sử dụng ba lần,SAI,Dung tích,容量: 萌宠绿300三用,Dung tích: Thú cưng dễ thương màu xanh lá cây 300 sử dụng ba lần,0.7176837921142578,0.7597407698631287,0.4480276107788086
tang1,容量,萌宠蓝240三用,Màu xanh thú cưng dễ thương 240 ba công dụng,DUNG,Dung tích,容量: 萌宠蓝240三用,Dung tích: Màu xanh thú cưng dễ thương 240 ba công dụng,0.6801348924636841,0.6887571811676025,0.35013848543167114
tang1,容量,萌宠蓝300三用,Thú cưng dễ thương màu xanh 300 sử dụng ba lần,SAI,Dung tích,容量: 萌宠蓝300三用,Dung tích: Thú cưng dễ thương màu xanh 300 sử dụng ba lần,0.690705418586731,0.7220053672790527,0.41656750440597534
tang1,容量,萌宠黄240三用,Màu vàng thú cưng dễ thương 240 sử dụng ba lần,SAI,Dung tích,容量: 萌宠黄240三用,Dung tích: Màu vàng thú cưng dễ thương 240 sử dụng ba lần,0.6741641759872437,0.7098463773727417,0.4935629665851593
tang1,容量,萌宠黄300三用,Thú cưng dễ thương màu vàng 300 sử dụng ba lần,SAI,Dung tích,容量: 萌宠黄300三用,Dung tích: Thú cưng dễ thương màu vàng 300 sử dụng ba lần,0.6889721155166626,0.7302753925323486,0.34211987257003784
tang1,花型,萌物集结,Tuyển tập những món đồ đáng yêu,DUNG,Hoa văn,花型: 萌物集结,Hoa văn: Tuyển tập những món đồ đáng yêu,0.6586980819702148,0.6454055309295654,0.36299970746040344
tang1,颜色,萌狗【标配版】,Chú chó dễ thương [Phiên bản tiêu chuẩn],DUNG,Màu sắc,颜色: 萌狗【标配版】,Màu sắc: Chú chó dễ thương [Phiên bản tiêu chuẩn],0.6951656341552734,0.7628473043441772,0.4127107560634613
tang1,花型,萌趣【100%精梳全棉亲肤裸睡】,"Dễ thương và vui nhộn [100% cotton chải kỹ, thân thiện với làn da và khỏa thân khi ngủ]",DUNG,Hoa văn,花型: 萌趣【100%精梳全棉亲肤裸睡】,"Hoa văn: Dễ thương và vui nhộn [100% cotton chải kỹ, thân thiện với làn da và khỏa thân khi ngủ]",0.7371501922607422,0.7285420894622803,0.3535325527191162
tang1,花型,蓝大格（有三件套）【高克重 软糯亲肤 柔软舒适】,花语粉黛高克重 软糯亲肤 柔软舒适],SAI,Hoa văn,花型: 蓝大格（有三件套）【高克重 软糯亲肤 柔软舒适】,Hoa văn: 花语粉黛高克重 软糯亲肤 柔软舒适],0.6546337604522705,0.6778653264045715,0.336392343044281
tang1,颜色,15周年全黑,Kỷ Niệm 15 Năm - Phiên Bản Đen Tuyệt Đối,DUNG,Màu sắc,颜色: 15周年全黑,Màu sắc: Kỷ Niệm 15 Năm - Phiên Bản Đen Tuyệt Đối,0.7840316295623779,0.818534255027771,0.34398528933525085
tang1,类型,蓝牙耳机数显裸机,Tai nghe Bluetooth - Màn hình kỹ thuật số - Đóng gói số lượng lớn,SAI,Loại,类型: 蓝牙耳机数显裸机,Loại: Tai nghe Bluetooth - Màn hình kỹ thuật số - Đóng gói số lượng lớn,0.5015919804573059,0.6105601191520691,0.43630826473236084
tang1,颜色,蓝色(袋装),Màu xanh dương (đóng gói trong túi),DUNG,Màu sắc,颜色: 蓝色(袋装),Màu sắc: Màu xanh dương (đóng gói trong túi),0.7297617793083191,0.7670561671257019,0.42409011721611023
tang1,电源容量,160000Ah【专供跨境】,160000Ah [Dành riêng cho thương mại xuyên biên giới],DUNG,Công suất điện,电源容量: 160000Ah【专供跨境】,Công suất điện: 160000Ah [Dành riêng cho thương mại xuyên biên giới],0.8703925609588623,0.8536685705184937,0.570085883140564
tang1,颜色,蓝色妖姬6810,6810,SAI,Màu sắc,颜色: 蓝色妖姬6810,Màu sắc: 6810,0.6971110105514526,0.7975234389305115,0.41724640130996704
tang1,颜色,蓝色妖姬8950,8950,SAI,Màu sắc,颜色: 蓝色妖姬8950,Màu sắc: 8950,0.6817956566810608,0.7917661070823669,0.3334898352622986
tang1,颜色,蓝色曼联,Màu xanh lam Manchester United,DUNG,Màu sắc,颜色: 蓝色曼联,Màu sắc: Màu xanh lam Manchester United,0.6531670689582825,0.7500890493392944,0.4053475260734558
tang1,花型,蔷薇【高克重 软糯亲肤 柔软舒适】,"Lưới lớn màu xanh lam (có sẵn trong bộ ba món) [trọng lượng cao, mềm mại và thân thiện với da, mềm mại và thoải mái]",SAI,Hoa văn,花型: 蔷薇【高克重 软糯亲肤 柔软舒适】,"Hoa văn: Lưới lớn màu xanh lam (có sẵn trong bộ ba món) [trọng lượng cao, mềm mại và thân thiện với da, mềm mại và thoải mái]",0.5942503213882446,0.6391004323959351,0.45550215244293213
tang1,容量,160ml偏中心PPSU奶瓶【SS0-1月】,"Bình sữa PPSU 160ml, thiết kế cân đối, dành cho trẻ sơ sinh [0-1 tháng tuổi]",SAI,Dung tích,容量: 160ml偏中心PPSU奶瓶【SS0-1月】,"Dung tích: Bình sữa PPSU 160ml, thiết kế cân đối, dành cho trẻ sơ sinh [0-1 tháng tuổi]",0.7880159616470337,0.7969685792922974,0.5032248497009277
tang1,容量,160ml玻璃奶瓶【ss码0-1月】,"Bình sữa thủy tinh 160ml [kích cỡ SS, dùng cho bé từ 0-1 tháng tuổi]",DUNG,Dung tích,容量: 160ml玻璃奶瓶【ss码0-1月】,"Dung tích: Bình sữa thủy tinh 160ml [kích cỡ SS, dùng cho bé từ 0-1 tháng tuổi]",0.7737114429473877,0.7925235629081726,0.5032119750976562
tang1,容量,160ml玻璃奶瓶【s码1-3月】,"Bình sữa thủy tinh 160ml [kích cỡ S, dành cho bé từ 1 đến 3 tháng tuổi]",DUNG,Dung tích,容量: 160ml玻璃奶瓶【s码1-3月】,"Dung tích: Bình sữa thủy tinh 160ml [kích cỡ S, dành cho bé từ 1 đến 3 tháng tuổi]",0.7482732534408569,0.7790471315383911,0.520402193069458
tang1,包装规格,薯角-原味【1包】,Potato Corners-Hương vị nguyên bản [1 gói],SAI,Quy cách đóng gói,包装规格: 薯角-原味【1包】,Quy cách đóng gói: Potato Corners-Hương vị nguyên bản [1 gói],0.6454561948776245,0.657341718673706,0.354453444480896
tang1,花型,薰衣草【A类母婴级-亲肤裸睡】,Hoa oải hương [Loại A thân thiện với làn da khi ngủ khỏa thân dành cho bà mẹ và trẻ sơ sinh],DUNG,Hoa văn,花型: 薰衣草【A类母婴级-亲肤裸睡】,Hoa văn: Hoa oải hương [Loại A thân thiện với làn da khi ngủ khỏa thân dành cho bà mẹ và trẻ sơ sinh],0.7378506660461426,0.7465541958808899,0.37658601999282837
tang1,容量,160ml玻璃瓶单瓶身【带品牌logo】【定制可以私客服】【裸装】,"Chai thủy tinh 160ml, một chai [có logo thương hiệu] [có thể tùy chỉnh theo yêu cầu, vui lòng liên hệ qua tin nhắn riêng] [được đóng gói mà không có thêm bất kỳ lớp bọc nào]",DUNG,Dung tích,容量: 160ml玻璃瓶单瓶身【带品牌logo】【定制可以私客服】【裸装】,"Dung tích: Chai thủy tinh 160ml, một chai [có logo thương hiệu] [có thể tùy chỉnh theo yêu cầu, vui lòng liên hệ qua tin nhắn riêng] [được đóng gói mà không có thêm bất kỳ lớp bọc nào]",0.7595542669296265,0.7949244976043701,0.41845330595970154
tang1,颜色,藏青446短袖纯棉,Cotton nguyên chất ngắn tay màu xanh hải quân 446,DUNG,Màu sắc,颜色: 藏青446短袖纯棉,Màu sắc: Cotton nguyên chất ngắn tay màu xanh hải quân 446,0.6632881164550781,0.7135661840438843,0.4487270712852478
tang1,颜色,藏青475短袖纯棉,Cotton nguyên chất tay ngắn 475 màu xanh hải quân,DUNG,Màu sắc,颜色: 藏青475短袖纯棉,Màu sắc: Cotton nguyên chất tay ngắn 475 màu xanh hải quân,0.7020984292030334,0.7254558205604553,0.35721760988235474
tang1,尺寸规格,160x210cm单被套【不起球 不掉色 无静电】,Vỏ chăn đơn 160x210cm,SAI,Kích thước,尺寸规格: 160x210cm单被套【不起球 不掉色 无静电】,Kích thước: Vỏ chăn đơn 160x210cm,0.702929675579071,0.7074028253555298,0.46591755747795105
tang1,包装规格,160元/斤绿版龙井,160 nhân dân tệ/kg phiên bản màu xanh lá cây Long Tỉnh,SAI,Quy cách đóng gói,包装规格: 160元/斤绿版龙井,Quy cách đóng gói: 160 nhân dân tệ/kg phiên bản màu xanh lá cây Long Tỉnh,0.6898009777069092,0.7640421390533447,0.4631585478782654
tang1,花型,蝶恋花语【高克重 软糯亲肤 柔软舒适】,夏兰高克重 软糯亲肤 柔软舒适],SAI,Hoa văn,花型: 蝶恋花语【高克重 软糯亲肤 柔软舒适】,Hoa văn: 夏兰高克重 软糯亲肤 柔软舒适],0.7167716026306152,0.6806053519248962,0.7305740118026733
tang1,适用人群,血糖亚健康人群,Những người có đường huyết và tình trạng sức khỏe kém,SAI,Đối tượng sử dụng,适用人群: 血糖亚健康人群,Đối tượng sử dụng: Những người có đường huyết và tình trạng sức khỏe kém,0.711087167263031,0.817696213722229,0.45489501953125
tang1,规格,补运费专拍慎拍,"""Nạp thêm phí vận chuyển - Vui lòng mua hàng một cách thận trọng""",DUNG,Quy cách,规格: 补运费专拍慎拍,"Quy cách: ""Nạp thêm phí vận chuyển - Vui lòng mua hàng một cách thận trọng""",0.7151025533676147,0.7325770258903503,0.3597862124443054
tang1,类型,裸机 100起批,Lô tối thiểu 100 sản phẩm (chưa bao gồm vỏ/khung),SAI,Loại,类型: 裸机 100起批,Loại: Lô tối thiểu 100 sản phẩm (chưa bao gồm vỏ/khung),0.647009015083313,0.6781590580940247,0.3647322952747345
tang1,颜色分类,触屏单录,Ghi âm đơn trên màn hình cảm ứng,SAI,Phân loại màu sắc,颜色分类: 触屏单录,Phân loại màu sắc: Ghi âm đơn trên màn hình cảm ứng,0.6474506855010986,0.7348208427429199,0.48093801736831665
tang1,颜色分类,触屏双录,Ghi âm kép trên màn hình cảm ứng,SAI,Phân loại màu sắc,颜色分类: 触屏双录,Phân loại màu sắc: Ghi âm kép trên màn hình cảm ứng,0.7292077541351318,0.7599048614501953,0.3995010554790497
tang1,颜色,记忆棉蝴蝶结帽子小狗腰靠,Mũ nơ bông nhớ,SAI,Màu sắc,颜色: 记忆棉蝴蝶结帽子小狗腰靠,Màu sắc: Mũ nơ bông nhớ,0.6367210149765015,0.6553093791007996,0.4109261929988861
tang1,包装规格,诗语江南碧螺春礼盒装,明前龙井茶礼盒装,SAI,Quy cách đóng gói,包装规格: 诗语江南碧螺春礼盒装,Quy cách đóng gói: 明前龙井茶礼盒装,0.5897231698036194,0.6156296133995056,0.3722512125968933
tang1,包装规格,诗语江南茉莉飘雪礼盒装,岚雅礼盒装（碧螺春+龙井）,SAI,Quy cách đóng gói,包装规格: 诗语江南茉莉飘雪礼盒装,Quy cách đóng gói: 岚雅礼盒装（碧螺春+龙井）,0.5589308142662048,0.6015027165412903,0.38478630781173706
tang1,颜色,详图咨询客服17,"Xem chi tiết, vui lòng liên hệ chăm sóc khách hàng 17",DUNG,Màu sắc,颜色: 详图咨询客服17,"Màu sắc: Xem chi tiết, vui lòng liên hệ chăm sóc khách hàng 17",0.8361477851867676,0.8587722182273865,0.3858424425125122
tang1,质检单位,详情咨询客服,Chi tiết vui lòng liên hệ bộ phận chăm sóc khách hàng,DUNG,Đơn vị kiểm tra chất lượng,质检单位: 详情咨询客服,Đơn vị kiểm tra chất lượng: Chi tiết vui lòng liên hệ bộ phận chăm sóc khách hàng,0.7724894285202026,0.8002036809921265,0.4467006027698517
tang1,箱装数量,详情联系客服,Chi tiết vui lòng liên hệ bộ phận chăm sóc khách hàng,DUNG,Số lượng mỗi thùng,箱装数量: 详情联系客服,Số lượng mỗi thùng: Chi tiết vui lòng liên hệ bộ phận chăm sóc khách hàng,0.8157438039779663,0.7939615249633789,0.5014844536781311
tang1,印刷工艺,请联系客服,Vui lòng liên hệ bộ phận chăm sóc khách hàng,DUNG,Quá trình in ấn,印刷工艺: 请联系客服,Quá trình in ấn: Vui lòng liên hệ bộ phận chăm sóc khách hàng,0.831529974937439,0.7973008155822754,0.5015354156494141
tang1,花型,调皮萌宠,Thú cưng nghịch ngợm và dễ thương,DUNG,Hoa văn,花型: 调皮萌宠,Hoa văn: Thú cưng nghịch ngợm và dễ thương,0.7561599612236023,0.7032328844070435,0.40414702892303467
tang1,颜色,17#白色带盖35*27*20cm,17# mờ 35*27*20cm,SAI,Màu sắc,颜色: 17#白色带盖35*27*20cm,Màu sắc: 17# mờ 35*27*20cm,0.7716909646987915,0.7502636313438416,0.4703370928764343
tang1,颜色,17#磨砂带盖35*27*20cm,"Hộp trắng cao cấp số 8, có nắp, kích thước 28.5*22*14cm",SAI,Màu sắc,颜色: 17#磨砂带盖35*27*20cm,"Màu sắc: Hộp trắng cao cấp số 8, có nắp, kích thước 28.5*22*14cm",0.441338449716568,0.5008193254470825,0.5012929439544678
tang1,颜色,豹纹边棕色坐垫小三件,兔毛豹纹爱心腰靠,SAI,Màu sắc,颜色: 豹纹边棕色坐垫小三件,Màu sắc: 兔毛豹纹爱心腰靠,0.6030066013336182,0.626011848449707,0.3216313123703003
tang1,产品规格,贝玲美美白祛斑舒缓面膜25ml*10片/盒（焕新）,贝玲美美白祛斑舒缓面膜25ml*10片,SAI,Quy cách sản phẩm,产品规格: 贝玲美美白祛斑舒缓面膜25ml*10片/盒（焕新）,Quy cách sản phẩm: 贝玲美美白祛斑舒缓面膜25ml*10片,0.9495490789413452,0.9328548908233643,0.43449854850769043
tang1,加工类型,贴牌代工,OEM,DUNG,Loại hình xử lý,加工类型: 贴牌代工,Loại hình xử lý: OEM,0.4944612979888916,0.6826909780502319,0.4944612979888916
tang1,内衣内裤类别,贴身纯棉,"Chất liệu cotton nguyên chất, ôm sát cơ thể",DUNG,Loại đồ lót quần lót,内衣内裤类别: 贴身纯棉,"Loại đồ lót quần lót: Chất liệu cotton nguyên chất, ôm sát cơ thể",0.7313546538352966,0.7069683074951172,0.5853057503700256
tang1,奶嘴孔型,资讯客服,Thông tin và dịch vụ khách hàng,SAI,Kiểu lỗ núm vú,奶嘴孔型: 资讯客服,Kiểu lỗ núm vú: Thông tin và dịch vụ khách hàng,0.6545127034187317,0.6810564994812012,0.6545127034187317
tang1,颜色,17掌纹全白,17 dấu lòng bàn tay toàn màu trắng,DUNG,Màu sắc,颜色: 17掌纹全白,Màu sắc: 17 dấu lòng bàn tay toàn màu trắng,0.7813472747802734,0.7888687252998352,0.3821635842323303
tang1,尺寸,180#【长56宽40高31cm】带轮,"180 # [Chiều dài 56cm, Chiều rộng 40cm, Chiều cao 31cm]Có bánh xe",DUNG,Kích thước,尺寸: 180#【长56宽40高31cm】带轮,"Kích thước: 180 # [Chiều dài 56cm, Chiều rộng 40cm, Chiều cao 31cm]Có bánh xe",0.8368030786514282,0.8646926879882812,0.5624936819076538
tang1,产品规格,超透棒次抛精华30支装,Đặt sữa 80ml,SAI,Quy cách sản phẩm,产品规格: 超透棒次抛精华30支装,Quy cách sản phẩm: Đặt sữa 80ml,0.4310007691383362,0.4512936770915985,0.4122829735279083
tang1,颜色,趣鳄气球【绿】,Bong bóng cá sấu vui nhộn [màu xanh lá cây],DUNG,Màu sắc,颜色: 趣鳄气球【绿】,Màu sắc: Bong bóng cá sấu vui nhộn [màu xanh lá cây],0.5806645750999451,0.6424697041511536,0.4240313768386841
tang1,尺寸规格,180*220cm单被套【亲肤-裸睡级】,"Vỏ chăn đơn kích thước 180*220cm [chất liệu mềm mại, thân thiện với da – phù hợp để ngủ không mặc quần áo]",DUNG,Kích thước,尺寸规格: 180*220cm单被套【亲肤-裸睡级】,"Kích thước: Vỏ chăn đơn kích thước 180*220cm [chất liệu mềm mại, thân thiện với da – phù hợp để ngủ không mặc quần áo]",0.7285076379776001,0.7591303586959839,0.7240951061248779
tang1,尺寸规格,180*220cm单被套【超柔双层纱亲肤透气】,"Vỏ chăn đơn kích thước 180*220cm [siêu mềm mại, chất liệu vải voan hai lớp, thân thiện với da và thoáng khí]",DUNG,Kích thước,尺寸规格: 180*220cm单被套【超柔双层纱亲肤透气】,"Kích thước: Vỏ chăn đơn kích thước 180*220cm [siêu mềm mại, chất liệu vải voan hai lớp, thân thiện với da và thoáng khí]",0.787749707698822,0.8035690784454346,0.5514504909515381
tang1,尺寸规格,180*220cm软糯被套单件,"Vỏ chăn mềm mại, thoải mái, kích thước 180 x 220 cm, được bán riêng",DUNG,Kích thước,尺寸规格: 180*220cm软糯被套单件,"Kích thước: Vỏ chăn mềm mại, thoải mái, kích thước 180 x 220 cm, được bán riêng",0.6960867643356323,0.7120751142501831,0.5043102502822876
tang1,尺寸,跨境专供【马占--加厚弯斜铲】31.3*7.4 cm,"Dĩa Salad Gỗ Keo Lá Nhỏ Cao Cấp, Thiết Kế Độc Quyền Chuyên Dụng Cho Thương Mại Quốc Tế, Kích Thước 26*7cm",SAI,Kích thước,尺寸: 跨境专供【马占--加厚弯斜铲】31.3*7.4 cm,"Kích thước: Dĩa Salad Gỗ Keo Lá Nhỏ Cao Cấp, Thiết Kế Độc Quyền Chuyên Dụng Cho Thương Mại Quốc Tế, Kích Thước 26*7cm",0.5279380083084106,0.5642229914665222,0.5667724609375
tang1,包装规格,跨境电商专供5g*10包,"Chuyên cung cấp cho thương mại điện tử xuyên biên giới, 5g*10 gói",DUNG,Quy cách đóng gói,包装规格: 跨境电商专供5g*10包,"Quy cách đóng gói: Chuyên cung cấp cho thương mại điện tử xuyên biên giới, 5g*10 gói",0.8261063098907471,0.834518313407898,0.646806538105011
tang1,包装规格,跨境电商专供5g*20包,"Chuyên cung cấp cho thương mại điện tử xuyên biên giới, 5g*20 gói",DUNG,Quy cách đóng gói,包装规格: 跨境电商专供5g*20包,"Quy cách đóng gói: Chuyên cung cấp cho thương mại điện tử xuyên biên giới, 5g*20 gói",0.8328407406806946,0.8389999866485596,0.762998104095459
tang1,包装规格,跨境电商专供5g*30包,"Chuyên cung cấp cho thương mại điện tử xuyên biên giới, 5g*30 gói",DUNG,Quy cách đóng gói,包装规格: 跨境电商专供5g*30包,"Quy cách đóng gói: Chuyên cung cấp cho thương mại điện tử xuyên biên giới, 5g*30 gói",0.8386703133583069,0.837465763092041,0.37863048911094666
tang1,颜色,踏雪寻梅,Đi dạo trong tuyết để tìm hoa mận,DUNG,Màu sắc,颜色: 踏雪寻梅,Màu sắc: Đi dạo trong tuyết để tìm hoa mận,0.6724892854690552,0.708971381187439,0.29744255542755127
tang1,颜色分类,车前+车内（标配无WIFI）,Phía trước xe + bên trong xe (cấu hình tiêu chuẩn không có WIFI),DUNG,Phân loại màu sắc,颜色分类: 车前+车内（标配无WIFI）,Phân loại màu sắc: Phía trước xe + bên trong xe (cấu hình tiêu chuẩn không có WIFI),0.9167426824569702,0.9096450805664062,0.518368661403656
tang1,花型,轻奢-宝石蓝,Màu xanh sapphire sang trọng nhẹ nhàng,DUNG,Hoa văn,花型: 轻奢-宝石蓝,Hoa văn: Màu xanh sapphire sang trọng nhẹ nhàng,0.5621278285980225,0.6242353916168213,0.47520071268081665
tang1,花型,轻奢-宾利蓝,Màu xanh Bentley sang trọng nhẹ nhàng,DUNG,Hoa văn,花型: 轻奢-宾利蓝,Hoa văn: Màu xanh Bentley sang trọng nhẹ nhàng,0.5914343595504761,0.6515399217605591,0.3294193744659424
tang1,花型,轻奢款-宝蓝,Mẫu sang trọng nhẹ nhàng - Xanh ngọc bích,DUNG,Hoa văn,花型: 轻奢款-宝蓝,Hoa văn: Mẫu sang trọng nhẹ nhàng - Xanh ngọc bích,0.5949934124946594,0.6257606744766235,0.3369360566139221
tang1,花型,轻婉花语【亲肤柔软适合裸睡】,"Ngôn ngữ hoa nhẹ nhàng duyên dáng [thân thiện với làn da và mềm mại, thích hợp để ngủ khỏa thân]",DUNG,Hoa văn,花型: 轻婉花语【亲肤柔软适合裸睡】,"Hoa văn: Ngôn ngữ hoa nhẹ nhàng duyên dáng [thân thiện với làn da và mềm mại, thích hợp để ngủ khỏa thân]",0.8014953136444092,0.8002581000328064,0.45833998918533325
tang1,花型,辣妹【A类 NUK正品】,"Cô nàng nóng bỏng [Loại A, hàng chính hãng NUK]",DUNG,Hoa văn,花型: 辣妹【A类 NUK正品】,"Hoa văn: Cô nàng nóng bỏng [Loại A, hàng chính hãng NUK]",0.7661261558532715,0.7500125169754028,0.39216917753219604
tang1,颜色分类,迈A400蓝色3K+后录RC11+128G+UP02停车监控,"Camera hành trình Mai A400 Blue 3K kèm đầu ghi RC11, dung lượng lưu trữ 128GB và giám sát đỗ xe UP02",DUNG,Phân loại màu sắc,颜色分类: 迈A400蓝色3K+后录RC11+128G+UP02停车监控,"Phân loại màu sắc: Camera hành trình Mai A400 Blue 3K kèm đầu ghi RC11, dung lượng lưu trữ 128GB và giám sát đỗ xe UP02",0.7459182739257812,0.7418277263641357,0.5315075516700745
tang1,颜色分类,迈A400蓝色3K+后录RC11+64G+UP02停车监控,"Camera hành trình Mai A400 Blue 3K kèm pin RC11, dung lượng 64GB và tính năng giám sát đỗ xe UP02",SAI,Phân loại màu sắc,颜色分类: 迈A400蓝色3K+后录RC11+64G+UP02停车监控,"Phân loại màu sắc: Camera hành trình Mai A400 Blue 3K kèm pin RC11, dung lượng 64GB và tính năng giám sát đỗ xe UP02",0.7565267086029053,0.7486580610275269,0.32944637537002563
tang1,生产日期,近期 以收到实物为准,Tùy thuộc vào việc nhận được sản phẩm thực tế trong thời gian sắp tới,SAI,Ngày sản xuất,生产日期: 近期 以收到实物为准,Ngày sản xuất: Tùy thuộc vào việc nhận được sản phẩm thực tế trong thời gian sắp tới,0.837920069694519,0.8633341789245605,0.4327126741409302
tang1,尺寸规格,180x200cm单被套【不起球 不掉色 无静电】,Vỏ chăn đơn 180x200cm,SAI,Kích thước,尺寸规格: 180x200cm单被套【不起球 不掉色 无静电】,Kích thước: Vỏ chăn đơn 180x200cm,0.6862463355064392,0.6991667151451111,0.5366553068161011
tang1,尺寸规格,180x220cm单件被套【A类母婴级/亲肤可裸睡】,"Vỏ chăn một mảnh, kích thước 180x220cm [Loại A, dành cho trẻ sơ sinh và phụ nữ mang thai, chất liệu mềm mại, thân thiện với da, phù hợp để ngủ không mặc quần áo]",DUNG,Kích thước,尺寸规格: 180x220cm单件被套【A类母婴级/亲肤可裸睡】,"Kích thước: Vỏ chăn một mảnh, kích thước 180x220cm [Loại A, dành cho trẻ sơ sinh và phụ nữ mang thai, chất liệu mềm mại, thân thiện với da, phù hợp để ngủ không mặc quần áo]",0.7523682117462158,0.7747498750686646,0.5265278220176697
tang1,尺寸规格,180x220cm单被套【不起球 不掉色 无静电】,Vỏ chăn đơn 180x220cm,SAI,Kích thước,尺寸规格: 180x220cm单被套【不起球 不掉色 无静电】,Kích thước: Vỏ chăn đơn 180x220cm,0.6977155208587646,0.7103995084762573,0.5418769121170044
tang1,花型,追/东时区-蓝,Đuổi theo/Múi giờ phương Đông-Màu xanh,DUNG,Hoa văn,花型: 追/东时区-蓝,Hoa văn: Đuổi theo/Múi giờ phương Đông-Màu xanh,0.7328499555587769,0.6963136196136475,0.3551178574562073
tang1,花型,追/星空-桔,Đuổi theo/Bầu trời đầy sao-Orange,SAI,Hoa văn,花型: 追/星空-桔,Hoa văn: Đuổi theo/Bầu trời đầy sao-Orange,0.6798164248466492,0.6596221923828125,0.39990198612213135
tang1,花型,追/星空-绿,Đuổi theo/Bầu trời đầy sao-Xanh,DUNG,Hoa văn,花型: 追/星空-绿,Hoa văn: Đuổi theo/Bầu trời đầy sao-Xanh,0.7630366086959839,0.6912156939506531,0.42487698793411255
tang1,花型,追/灰白中格,Rượt đuổi/lưới trung bình màu xám và trắng,SAI,Hoa văn,花型: 追/灰白中格,Hoa văn: Rượt đuổi/lưới trung bình màu xám và trắng,0.6608818769454956,0.6846982836723328,0.42773962020874023
tang1,花型,追/蓝白中格,Rượt đuổi/lưới trung bình màu xanh và trắng,SAI,Hoa văn,花型: 追/蓝白中格,Hoa văn: Rượt đuổi/lưới trung bình màu xanh và trắng,0.6543760895729065,0.6958341598510742,0.39119547605514526
tang1,包装规格,180元/斤绿版龙井,180 nhân dân tệ/kg phiên bản màu xanh lá cây Long Tỉnh,SAI,Quy cách đóng gói,包装规格: 180元/斤绿版龙井,Quy cách đóng gói: 180 nhân dân tệ/kg phiên bản màu xanh lá cây Long Tỉnh,0.6974871158599854,0.7719905376434326,0.4833259582519531
tang1,保修时间,180天非人为损坏,180 ngày đối với thiệt hại không phải do con người,DUNG,Thời gian bảo hành,保修时间: 180天非人为损坏,Thời gian bảo hành: 180 ngày đối với thiệt hại không phải do con người,0.8818569183349609,0.8961691856384277,0.8818569183349609
tang1,颜色,透明中号-18.8*25.4*14.2cm,Kích thước trung bình trong suốt-18.8 * 25.4 * 14.2cm,DUNG,Màu sắc,颜色: 透明中号-18.8*25.4*14.2cm,Màu sắc: Kích thước trung bình trong suốt-18.8 * 25.4 * 14.2cm,0.8241062760353088,0.846598207950592,0.3188878893852234
tang1,颜色,透明中号18.8*25.4*14.2cm,Kích thước trung bình trong suốt 18.8 * 25.4 * 14.2cm,DUNG,Màu sắc,颜色: 透明中号18.8*25.4*14.2cm,Màu sắc: Kích thước trung bình trong suốt 18.8 * 25.4 * 14.2cm,0.7837917804718018,0.8212944865226746,0.3789668679237366
tang1,颜色,透明中号29*21*14cm,Kích thước trung bình trong suốt 29*21*14cm,DUNG,Màu sắc,颜色: 透明中号29*21*14cm,Màu sắc: Kích thước trung bình trong suốt 29*21*14cm,0.8090919852256775,0.8283360004425049,0.4473798871040344
tang1,颜色,透明白--小号,Dán nhãn xuyên biên giới - Đen trong suốt - Cỡ lớn + Cỡ đại,SAI,Màu sắc,颜色: 透明白--小号,Màu sắc: Dán nhãn xuyên biên giới - Đen trong suốt - Cỡ lớn + Cỡ đại,0.483428955078125,0.5597891807556152,0.41057413816452026
tang1,颜色,透明白【高款小号】,Màu trắng trong suốt [kiểu dáng cao cấp kích thước nhỏ],SAI,Màu sắc,颜色: 透明白【高款小号】,Màu sắc: Màu trắng trong suốt [kiểu dáng cao cấp kích thước nhỏ],0.7573117017745972,0.7778911590576172,0.4382205307483673
tang1,产品规格,透明质酸补水面膜-片装[外贸出口销售，禁止国内销售，购买即默认免责声明且承责任],"KORMESIC薰衣草呵护面膜（外贸）25ml""特价""",SAI,Quy cách sản phẩm,产品规格: 透明质酸补水面膜-片装[外贸出口销售，禁止国内销售，购买即默认免责声明且承责任],"Quy cách sản phẩm: KORMESIC薰衣草呵护面膜（外贸）25ml""特价""",0.6273449659347534,0.6492533683776855,0.6437035799026489
tang1,颜色,透橙【量大从优】,Màu cam trong suốt [Số lượng lớn sẽ cho bạn giá tốt nhất],DUNG,Màu sắc,颜色: 透橙【量大从优】,Màu sắc: Màu cam trong suốt [Số lượng lớn sẽ cho bạn giá tốt nhất],0.6074907779693604,0.7314450740814209,0.4119739234447479
tang1,颜色,透灰中号-18.8*25.4*14.2cm,"Màu xám trong suốt, kích thước trung bình - 18.8*25.4*14.2cm",DUNG,Màu sắc,颜色: 透灰中号-18.8*25.4*14.2cm,"Màu sắc: Màu xám trong suốt, kích thước trung bình - 18.8*25.4*14.2cm",0.7638096213340759,0.787949800491333,0.45726028084754944
tang1,颜色,透灰中号18.8*25.4*14.2cm,Kích thước trung bình màu xám trong suốt 18.8 * 25.4 * 14.2cm,DUNG,Màu sắc,颜色: 透灰中号18.8*25.4*14.2cm,Màu sắc: Kích thước trung bình màu xám trong suốt 18.8 * 25.4 * 14.2cm,0.6997399926185608,0.7357038259506226,0.3941514492034912
tang1,颜色,透灰加大号26*35.5*18.2cm,Màu xám trong suốt cộng với kích thước 26*35.5*18.2cm,SAI,Màu sắc,颜色: 透灰加大号26*35.5*18.2cm,Màu sắc: Màu xám trong suốt cộng với kích thước 26*35.5*18.2cm,0.7294539213180542,0.7642207741737366,0.4818035364151001
tang1,颜色,透灰大号-22.1*30*16cm,Màu xám trong suốt kích thước lớn-22.1 * 30 * 16cm,DUNG,Màu sắc,颜色: 透灰大号-22.1*30*16cm,Màu sắc: Màu xám trong suốt kích thước lớn-22.1 * 30 * 16cm,0.7754011154174805,0.7861237525939941,0.40704256296157837
tang1,颜色,透灰大号22.1*30*16cm,Màu xám trong suốt kích thước lớn 22.1 * 30 * 16cm,DUNG,Màu sắc,颜色: 透灰大号22.1*30*16cm,Màu sắc: Màu xám trong suốt kích thước lớn 22.1 * 30 * 16cm,0.7552118897438049,0.7693884968757629,0.4702858626842499
tang1,颜色,透灰小号-15.1*21.2*9.3,Màu xám trong suốt kích thước nhỏ-15.1 * 21.2 * 9.3,DUNG,Màu sắc,颜色: 透灰小号-15.1*21.2*9.3,Màu sắc: Màu xám trong suốt kích thước nhỏ-15.1 * 21.2 * 9.3,0.7685549259185791,0.7992580533027649,0.2974207401275635
tang1,颜色,透灰小号15.1*21.2*9.3,Màu xám trong suốt kích thước nhỏ 15.1*21.2*9.3,DUNG,Màu sắc,颜色: 透灰小号15.1*21.2*9.3,Màu sắc: Màu xám trong suốt kích thước nhỏ 15.1*21.2*9.3,0.7742241621017456,0.7960965633392334,0.35315245389938354
tang1,颜色,透白【量大从优】,Trắng trong suốt [số lượng lớn sẽ cho bạn giá tốt nhất],DUNG,Màu sắc,颜色: 透白【量大从优】,Màu sắc: Trắng trong suốt [số lượng lớn sẽ cho bạn giá tốt nhất],0.6692776679992676,0.77284175157547,0.3677549362182617
tang1,颜色,透白大孔（袋装）,Lỗ lớn màu trắng trong suốt (đóng gói trong túi),DUNG,Màu sắc,颜色: 透白大孔（袋装）,Màu sắc: Lỗ lớn màu trắng trong suốt (đóng gói trong túi),0.725845456123352,0.7784696817398071,0.43178343772888184
tang1,颜色,透紫-3281潮牌【勾子图标】,Thương hiệu hợp thời trang Transparent Purple-3281 [Biểu tượng móc],SAI,Màu sắc,颜色: 透紫-3281潮牌【勾子图标】,Màu sắc: Thương hiệu hợp thời trang Transparent Purple-3281 [Biểu tượng móc],0.6243727803230286,0.6440186500549316,0.43900954723358154
tang1,颜色,透黑-3281潮牌【勾子图标】,Thương hiệu hợp thời trang Transparent Black-3281 [Biểu tượng móc],SAI,Màu sắc,颜色: 透黑-3281潮牌【勾子图标】,Màu sắc: Thương hiệu hợp thời trang Transparent Black-3281 [Biểu tượng móc],0.672148585319519,0.6866824626922607,0.49837830662727356
tang1,颜色,18五金工具盒18.6*3.8*2CM,"Hộp đựng dụng cụ phần cứng 18 món, kích thước 18.6*3.8*2 CM",SAI,Màu sắc,颜色: 18五金工具盒18.6*3.8*2CM,"Màu sắc: Hộp đựng dụng cụ phần cứng 18 món, kích thước 18.6*3.8*2 CM",0.751603364944458,0.7621391415596008,0.5236530900001526
tang1,颜色,18五金工具盒18.6*3.8*2CM,"Hộp đựng dụng cụ phần cứng 18 món, kích thước 18.6*3.8*2CM",SAI,Màu sắc,颜色: 18五金工具盒18.6*3.8*2CM,"Màu sắc: Hộp đựng dụng cụ phần cứng 18 món, kích thước 18.6*3.8*2CM",0.7566072940826416,0.7667599320411682,0.2598251402378082
tang1,花型,郁金香（有三件套）【高克重 软糯亲肤 柔软舒适】,飞行小狗[高克重 软糯亲肤 柔软舒适],SAI,Hoa văn,花型: 郁金香（有三件套）【高克重 软糯亲肤 柔软舒适】,Hoa văn: 飞行小狗[高克重 软糯亲肤 柔软舒适],0.6109899282455444,0.6074882745742798,0.3548688292503357
tang1,颜色分类,配GPS模块(1.47寸屏),Được trang bị mô-đun GPS (màn hình 1.47inch inch),SAI,Phân loại màu sắc,颜色分类: 配GPS模块(1.47寸屏),Phân loại màu sắc: Được trang bị mô-đun GPS (màn hình 1.47inch inch),0.8729556202888489,0.8878719806671143,0.43841344118118286
tang1,颜色,酒红中号53*31*30CM,Kích thước trung bình Burgundy 53*31*30CM,DUNG,Màu sắc,颜色: 酒红中号53*31*30CM,Màu sắc: Kích thước trung bình Burgundy 53*31*30CM,0.6671017408370972,0.7247790694236755,0.42985183000564575
tang1,颜色,酒红白带,Thắt lưng rượu vang đỏ và trắng,SAI,Màu sắc,颜色: 酒红白带,Màu sắc: Thắt lưng rượu vang đỏ và trắng,0.4953761696815491,0.6543534994125366,0.27040690183639526
tang1,颜色,酒红蓝带,Ruy băng màu đỏ rượu vang và xanh,SAI,Màu sắc,颜色: 酒红蓝带,Màu sắc: Ruy băng màu đỏ rượu vang và xanh,0.5946888327598572,0.7092857360839844,0.4898109436035156
tang1,包装规格,醇香正山小种500g,500g,SAI,Quy cách đóng gói,包装规格: 醇香正山小种500g,Quy cách đóng gói: 500g,0.600059449672699,0.6604462265968323,0.4276624023914337
tang1,功能,重低音立体声,无感佩戴,SAI,Chức năng,功能: 重低音立体声,Chức năng: 无感佩戴,0.431414395570755,0.5463595986366272,0.4026937782764435
tang1,花型,重重花朵,Những đóa hoa xếp chồng lên nhau,DUNG,Hoa văn,花型: 重重花朵,Hoa văn: Những đóa hoa xếp chồng lên nhau,0.7121750116348267,0.6669938564300537,0.40569666028022766
tang1,包装规格,野生正山小种500g,500g,SAI,Quy cách đóng gói,包装规格: 野生正山小种500g,Quy cách đóng gói: 500g,0.6309589147567749,0.6834149956703186,0.36085641384124756
tang1,花型,野餐篮【100%纯棉 假一罚十】,Giỏ dã ngoại [100% cotton nguyên chất - Đảm bảo tính xác thực hoặc hoàn tiền gấp 10 lần],DUNG,Hoa văn,花型: 野餐篮【100%纯棉 假一罚十】,Hoa văn: Giỏ dã ngoại [100% cotton nguyên chất - Đảm bảo tính xác thực hoặc hoàn tiền gấp 10 lần],0.71382075548172,0.7011680006980896,0.413953959941864
tang1,货号,量大价优,Số lượng lớn và giá cả tuyệt vời,DUNG,Mã sản phẩm,货号: 量大价优,Mã sản phẩm: Số lượng lớn và giá cả tuyệt vời,0.7602523565292358,0.8312501311302185,0.37835460901260376
tang1,货号,量大价优，,"Số lượng lớn và giá cả tuyệt vời,",DUNG,Mã sản phẩm,货号: 量大价优，,"Mã sản phẩm: Số lượng lớn và giá cả tuyệt vời,",0.7961268424987793,0.8423514366149902,0.3636951744556427
tang1,花型,金猪满罐---ysj,Một cái lọ đầy những con lợn vàng---ysj,SAI,Hoa văn,花型: 金猪满罐---ysj,Hoa văn: Một cái lọ đầy những con lợn vàng---ysj,0.6628714203834534,0.6029044389724731,0.28430119156837463
tang1,颜色,银扣全白掌纹,Khóa bạc có in hình lòng bàn tay toàn màu trắng,DUNG,Màu sắc,颜色: 银扣全白掌纹,Màu sắc: Khóa bạc có in hình lòng bàn tay toàn màu trắng,0.6494637727737427,0.6869656443595886,0.39405345916748047
tang1,关键词-1,1:43合金车模,"Mô hình xe hơi bằng hợp kim, tỷ lệ 1:43",DUNG,Từ khóa-1,关键词-1: 1:43合金车模,"Từ khóa-1: Mô hình xe hơi bằng hợp kim, tỷ lệ 1:43",0.7824535369873047,0.787729799747467,0.7824535369873047
tang1,尺寸,长25*宽18*高14cm（无轮）,Chiều dài 25 * Chiều rộng 18 * Chiều cao 14cm (không có bánh xe),DUNG,Kích thước,尺寸: 长25*宽18*高14cm（无轮）,Kích thước: Chiều dài 25 * Chiều rộng 18 * Chiều cao 14cm (không có bánh xe),0.843858540058136,0.8599430322647095,0.43689313530921936
tang1,尺寸,长27.5*宽19*高17cm（无轮）,Chiều dài 27.5 * Chiều rộng 19 * Chiều cao 17cm (không có bánh xe),DUNG,Kích thước,尺寸: 长27.5*宽19*高17cm（无轮）,Kích thước: Chiều dài 27.5 * Chiều rộng 19 * Chiều cao 17cm (không có bánh xe),0.8415002226829529,0.8720674514770508,0.6657494306564331
tang1,尺寸,长32.5*宽23.5*高18.5cm（无轮）,Chiều dài 32.5 * Chiều rộng 23.5 * Chiều cao 18.5cm (không có bánh xe),DUNG,Kích thước,尺寸: 长32.5*宽23.5*高18.5cm（无轮）,Kích thước: Chiều dài 32.5 * Chiều rộng 23.5 * Chiều cao 18.5cm (không có bánh xe),0.833702802658081,0.8675262928009033,0.5121849775314331
tang1,尺寸,长70*宽50*高38cm（六轮）,Chiều dài 70 * Chiều rộng 50 * Chiều cao 38cm (sáu bánh),DUNG,Kích thước,尺寸: 长70*宽50*高38cm（六轮）,Kích thước: Chiều dài 70 * Chiều rộng 50 * Chiều cao 38cm (sáu bánh),0.8108665347099304,0.8511371612548828,0.4711642265319824
tang1,颜色分类,1A 降压线（24小时停车监控使用）,Y109 4录4镜头+WIIF 吸盘脚,SAI,Phân loại màu sắc,颜色分类: 1A 降压线（24小时停车监控使用）,Phân loại màu sắc: Y109 4录4镜头+WIIF 吸盘脚,0.38033995032310486,0.49093979597091675,0.3975304365158081
tang1,花型,闻花语（推荐！）,Hít hà hương thơm ngôn ngữ của hoa (Đề xuất!),DUNG,Hoa văn,花型: 闻花语（推荐！）,Hoa văn: Hít hà hương thơm ngôn ngữ của hoa (Đề xuất!),0.7127670049667358,0.7147769927978516,0.44049379229545593
tang1,梦旅者,防刮耐磨,Chống trầy xước và chống mài mòn,DUNG,Du khách trong mơ,梦旅者: 防刮耐磨,Du khách trong mơ: Chống trầy xước và chống mài mòn,0.7024699449539185,0.7635058164596558,0.7024699449539185
tang1,花型,雨雾-琥珀檀木y,Gỗ đàn hương hổ phách - hương thơm của mưa và sương mù,DUNG,Hoa văn,花型: 雨雾-琥珀檀木y,Hoa văn: Gỗ đàn hương hổ phách - hương thơm của mưa và sương mù,0.5622694492340088,0.5832921266555786,0.4284546375274658
tang1,颜色,雾灰酒红带,Thắt lưng màu đỏ rượu vang màu xám sương mù,SAI,Màu sắc,颜色: 雾灰酒红带,Màu sắc: Thắt lưng màu đỏ rượu vang màu xám sương mù,0.5287196636199951,0.6760150194168091,0.39119184017181396
tang1,颜色,雾灰酒红带,Thắt lưng đỏ rượu vang màu xám sương mù,SAI,Màu sắc,颜色: 雾灰酒红带,Màu sắc: Thắt lưng đỏ rượu vang màu xám sương mù,0.5316296815872192,0.6714472770690918,0.2904409170150757
tang1,花型,雾蓝香熏【7A升级母婴裸睡款】,"Xông hương màu xanh sương mù [Phiên bản nâng cấp 7A dành cho mẹ và bé, an toàn khi ngủ trần]",DUNG,Hoa văn,花型: 雾蓝香熏【7A升级母婴裸睡款】,"Hoa văn: Xông hương màu xanh sương mù [Phiên bản nâng cấp 7A dành cho mẹ và bé, an toàn khi ngủ trần]",0.6934925317764282,0.7170437574386597,0.44054490327835083
tang1,颜色,需要贴牌换标定制log印花等联系客服,"Để biết thông tin về nhãn hiệu tùy chỉnh, thay thế nhãn, in logo cá nhân hóa và các yêu cầu tùy chỉnh khác, vui lòng liên hệ với bộ phận dịch vụ khách hàng",DUNG,Màu sắc,颜色: 需要贴牌换标定制log印花等联系客服,"Màu sắc: Để biết thông tin về nhãn hiệu tùy chỉnh, thay thế nhãn, in logo cá nhân hóa và các yêu cầu tùy chỉnh khác, vui lòng liên hệ với bộ phận dịch vụ khách hàng",0.734234631061554,0.7634249925613403,0.41323965787887573
tang1,颜色,霜绿酒红带,Thắt lưng đỏ rượu vang màu xanh băng giá,SAI,Màu sắc,颜色: 霜绿酒红带,Màu sắc: Thắt lưng đỏ rượu vang màu xanh băng giá,0.4829263985157013,0.6434155702590942,0.28490912914276123
tang1,尺寸规格,2.0m【床单四件套】适合220x240cm被子,"Bộ ga trải giường gồm bốn món, kích thước 2.0m, phù hợp với chăn có kích thước 220x240cm",DUNG,Kích thước,尺寸规格: 2.0m【床单四件套】适合220x240cm被子,"Kích thước: Bộ ga trải giường gồm bốn món, kích thước 2.0m, phù hợp với chăn có kích thước 220x240cm",0.7696932554244995,0.7520984411239624,0.6951586008071899
tang1,尺寸规格,2.0m单被套【被套200x230cm】,"Vỏ chăn đơn, kích thước 2.0m [kích thước vỏ chăn 200x230cm]",DUNG,Kích thước,尺寸规格: 2.0m单被套【被套200x230cm】,"Kích thước: Vỏ chăn đơn, kích thước 2.0m [kích thước vỏ chăn 200x230cm]",0.7963155508041382,0.8094705939292908,0.6295269727706909
tang1,关键词,面膜抗老紧致,Khẩu trang chống lão hóa và làm săn chắc da mặt,SAI,Từ khóa,关键词: 面膜抗老紧致,Từ khóa: Khẩu trang chống lão hóa và làm săn chắc da mặt,0.679924726486206,0.6982581615447998,0.679924726486206
tang1,尺寸规格,2.0m床单四件套【被套220x240cm/床单230*270cm】,Bộ chăn ga gối kích thước 2.0m (bao gồm vỏ chăn kích thước 220x240cm và ga trải giường kích thước 230x270cm),DUNG,Kích thước,尺寸规格: 2.0m床单四件套【被套220x240cm/床单230*270cm】,Kích thước: Bộ chăn ga gối kích thước 2.0m (bao gồm vỏ chăn kích thước 220x240cm và ga trải giường kích thước 230x270cm),0.7665121555328369,0.7759154438972473,0.5985323190689087
tang1,尺寸规格,2.0m床单款【被套200*230cm】4件套【亲肤裸睡-不起球不褪色】,"Bộ chăn ga gối 2.0m [vỏ chăn 200*230cm], bộ gồm 4 món [chất liệu mềm mại, thân thiện với da, tạo cảm giác thoải mái khi ngủ không mặc gì – không bị xù lông, không bị phai màu]",DUNG,Kích thước,尺寸规格: 2.0m床单款【被套200*230cm】4件套【亲肤裸睡-不起球不褪色】,"Kích thước: Bộ chăn ga gối 2.0m [vỏ chăn 200*230cm], bộ gồm 4 món [chất liệu mềm mại, thân thiện với da, tạo cảm giác thoải mái khi ngủ không mặc gì – không bị xù lông, không bị phai màu]",0.7489616274833679,0.781070351600647,0.6130861043930054
tang1,图案,领结；菱形；条纹,* **Bow tie:** Nơ đeo cổ * **Diamond:** Kim cương * **Stripes:** Sọc,SAI,Hoa văn,图案: 领结；菱形；条纹,Hoa văn: * **Bow tie:** Nơ đeo cổ * **Diamond:** Kim cương * **Stripes:** Sọc,0.557255744934082,0.6112134456634521,0.48328515887260437
tang1,包装规格,飞鹤白茶饼山水礼盒,牛栏坑肉桂礼盒装,SAI,Quy cách đóng gói,包装规格: 飞鹤白茶饼山水礼盒,Quy cách đóng gói: 牛栏坑肉桂礼盒装,0.4736434519290924,0.4754335284233093,0.3998478353023529
tang1,尺寸,马占8件套（含桶含搁勺器）840g,Bộ 8 món Ma Zhan nặng khoảng 580g (chiên + nồi + ba đường + cống + súp + thìa salad + nĩa salad + tròn phẳng),SAI,Kích thước,尺寸: 马占8件套（含桶含搁勺器）840g,Kích thước: Bộ 8 món Ma Zhan nặng khoảng 580g (chiên + nồi + ba đường + cống + súp + thìa salad + nĩa salad + tròn phẳng),0.5423715114593506,0.63705974817276,0.4078976511955261
tang1,颜色,马奥【可水洗可折叠】,"Tùy chỉnh theo hình ảnh, liên hệ khách hàng [Có thể giặt, có thể gấp gọn]",SAI,Màu sắc,颜色: 马奥【可水洗可折叠】,"Màu sắc: Tùy chỉnh theo hình ảnh, liên hệ khách hàng [Có thể giặt, có thể gấp gọn]",0.6311156153678894,0.720908522605896,0.3585575520992279
tang1,颜色,马年限定,Phiên bản giới hạn năm con ngựa,DUNG,Màu sắc,颜色: 马年限定,Màu sắc: Phiên bản giới hạn năm con ngựa,0.5227737426757812,0.6706910133361816,0.29297006130218506
tang1,颜色,马年限定-大号,Phiên Bản Giới Hạn Năm Nhâm Dần - Kích Thước Lớn,SAI,Màu sắc,颜色: 马年限定-大号,Màu sắc: Phiên Bản Giới Hạn Năm Nhâm Dần - Kích Thước Lớn,0.601182222366333,0.6898629069328308,0.4355114996433258
tang1,口感,鲜醇回甘,Tươi mát và êm dịu với dư vị ngọt ngào,DUNG,Hương vị,口感: 鲜醇回甘,Hương vị: Tươi mát và êm dịu với dư vị ngọt ngào,0.5941578149795532,0.7825803160667419,0.4606160521507263
tang1,包装规格,鸿运当头9罐大红袍送紫砂茶具,马上有福16罐大红袍送茶具,SAI,Quy cách đóng gói,包装规格: 鸿运当头9罐大红袍送紫砂茶具,Quy cách đóng gói: 马上有福16罐大红袍送茶具,0.7524323463439941,0.7155210375785828,0.4348161518573761
tang1,包装规格,鸿运当头十大茗茶礼盒装,千香星大红袍礼盒,SAI,Quy cách đóng gói,包装规格: 鸿运当头十大茗茶礼盒装,Quy cách đóng gói: 千香星大红袍礼盒,0.5099674463272095,0.6061884760856628,0.3691849112510681
tang1,包装规格,鸿运当头大红袍礼盒装,礼韵大红袍礼盒装,SAI,Quy cách đóng gói,包装规格: 鸿运当头大红袍礼盒装,Quy cách đóng gói: 礼韵大红袍礼盒装,0.8334251642227173,0.8245726227760315,0.5803545713424683
tang1,花型,麦吉粉（有小号）,K01顽皮狗-桔,SAI,Hoa văn,花型: 麦吉粉（有小号）,Hoa văn: K01顽皮狗-桔,0.39347317814826965,0.4178708493709564,0.34801387786865234
tang1,尺寸规格,2.2m床单四件套【被套220*240cm】,"Bộ ga trải giường kích thước 2.2m (bao gồm vỏ chăn, kích thước 220*240cm)",DUNG,Kích thước,尺寸规格: 2.2m床单四件套【被套220*240cm】,"Kích thước: Bộ ga trải giường kích thước 2.2m (bao gồm vỏ chăn, kích thước 220*240cm)",0.7562000155448914,0.7619611620903015,0.7069793939590454
tang1,颜色,黑白（男女同款）,Đen và trắng (kiểu dáng giống nhau cho nam và nữ),DUNG,Màu sắc,颜色: 黑白（男女同款）,Màu sắc: Đen và trắng (kiểu dáng giống nhau cho nam và nữ),0.7995688319206238,0.8485941290855408,0.3670315146446228
tang1,尺寸规格,200*230cm单被套【超柔双层纱亲肤透气】,"Vỏ chăn đơn kích thước 200*230cm [siêu mềm mại, chất liệu vải voan hai lớp, thân thiện với da và thoáng khí]",DUNG,Kích thước,尺寸规格: 200*230cm单被套【超柔双层纱亲肤透气】,"Kích thước: Vỏ chăn đơn kích thước 200*230cm [siêu mềm mại, chất liệu vải voan hai lớp, thân thiện với da và thoáng khí]",0.784574031829834,0.8039947748184204,0.6488434076309204
tang1,电源容量,200000Ah【专供跨境】,200000Ah [Dành riêng cho thương mại xuyên biên giới],DUNG,Công suất điện,电源容量: 200000Ah【专供跨境】,Công suất điện: 200000Ah [Dành riêng cho thương mại xuyên biên giới],0.8658491969108582,0.847723126411438,0.7286834716796875
tang1,电源容量,200000毫安【专供跨境】,200000 mA [chỉ dành riêng cho thương mại xuyên biên giới],SAI,Công suất điện,电源容量: 200000毫安【专供跨境】,Công suất điện: 200000 mA [chỉ dành riêng cho thương mại xuyên biên giới],0.7573680877685547,0.788865327835083,0.5765174627304077
tang1,包装规格,200ml罐装*国槐花,Đóng hộp 200ml * Trung Quốc Sophora japonica,SAI,Quy cách đóng gói,包装规格: 200ml罐装*国槐花,Quy cách đóng gói: Đóng hộp 200ml * Trung Quốc Sophora japonica,0.6141897439956665,0.6820856332778931,0.431765615940094
tang1,货号,龙井袋装,Trà Long Tỉnh đóng gói dạng túi,DUNG,Mã sản phẩm,货号: 龙井袋装,Mã sản phẩm: Trà Long Tỉnh đóng gói dạng túi,0.5039771199226379,0.5702579617500305,0.4896690249443054
tang1,花型,龙凤双喜-大红,Hạnh phúc nhân đôi của Rồng và Phượng hoàng-Đỏ lớn,SAI,Hoa văn,花型: 龙凤双喜-大红,Hoa văn: Hạnh phúc nhân đôi của Rồng và Phượng hoàng-Đỏ lớn,0.6048349142074585,0.5943827629089355,0.3327236771583557
tang1,花型,龙凤喜事,Sự kiện vui vẻ của Rồng và Phượng,DUNG,Hoa văn,花型: 龙凤喜事,Hoa văn: Sự kiện vui vẻ của Rồng và Phượng,0.4293275773525238,0.5365626215934753,0.31468474864959717
tang1,花型,龙凤团圆,Sự tái hợp của rồng và phượng hoàng,DUNG,Hoa văn,花型: 龙凤团圆,Hoa văn: Sự tái hợp của rồng và phượng hoàng,0.49272292852401733,0.5043054819107056,0.3238523602485657
tang1,花型,龙凤流年,Những năm tháng thoáng qua của Rồng và Phượng,DUNG,Hoa văn,花型: 龙凤流年,Hoa văn: Những năm tháng thoáng qua của Rồng và Phượng,0.45320242643356323,0.4960939884185791,0.309450626373291
tang1,花型,龙凤百子,Những đứa con trai của Rồng và Phượng,SAI,Hoa văn,花型: 龙凤百子,Hoa văn: Những đứa con trai của Rồng và Phượng,0.3730396032333374,0.44143760204315186,0.23686596751213074
tang1,花型,龙凤盛世,Thời đại thịnh vượng của rồng và phượng hoàng,DUNG,Hoa văn,花型: 龙凤盛世,Hoa văn: Thời đại thịnh vượng của rồng và phượng hoàng,0.4283422529697418,0.5170995593070984,0.28772279620170593
tang1,花型,龙凤相守,Rồng và Phượng hoàng ở bên nhau,DUNG,Hoa văn,花型: 龙凤相守,Hoa văn: Rồng và Phượng hoàng ở bên nhau,0.5246216058731079,0.555301308631897,0.30223408341407776
tang1,花型,龙凤良缘,Một trận đấu hay giữa rồng và phượng hoàng,SAI,Hoa văn,花型: 龙凤良缘,Hoa văn: Một trận đấu hay giữa rồng và phượng hoàng,0.44758015871047974,0.4817692041397095,0.23575669527053833
tang1,花型,龙凤迎喜,Rồng Phượng chào đón hạnh phúc,DUNG,Hoa văn,花型: 龙凤迎喜,Hoa văn: Rồng Phượng chào đón hạnh phúc,0.5958723425865173,0.6165518760681152,0.37435609102249146
tang1,包装规格,龙腾盛世四大茗茶茶叶礼盒装,顺风顺水30罐大红袍,SAI,Quy cách đóng gói,包装规格: 龙腾盛世四大茗茶茶叶礼盒装,Quy cách đóng gói: 顺风顺水30罐大红袍,0.4311957359313965,0.5193157196044922,0.41113245487213135
tang1,花型,龙鸣凤悦,Tiếng rồng ríu và niềm vui phượng hoàng,SAI,Hoa văn,花型: 龙鸣凤悦,Hoa văn: Tiếng rồng ríu và niềm vui phượng hoàng,0.39693164825439453,0.46443110704421997,0.22175131738185883
tang1,颜色,（36*22*27）横竖可放,(36*22*27) Có thể đặt theo chiều ngang hoặc chiều dọc,DUNG,Màu sắc,颜色: （36*22*27）横竖可放,Màu sắc: (36*22*27) Có thể đặt theo chiều ngang hoặc chiều dọc,0.8504215478897095,0.8750907182693481,0.5150028467178345
tang1,颜色,（36*27*25）横竖可放,(36*27*25) có thể đặt theo chiều ngang hoặc chiều dọc,DUNG,Màu sắc,颜色: （36*27*25）横竖可放,Màu sắc: (36*27*25) có thể đặt theo chiều ngang hoặc chiều dọc,0.8630501627922058,0.890735387802124,0.4653896391391754
tang1,颜色,（40*30*25）横竖可放,(40*30*25) Có thể đặt theo chiều ngang hoặc chiều dọc,DUNG,Màu sắc,颜色: （40*30*25）横竖可放,Màu sắc: (40*30*25) Có thể đặt theo chiều ngang hoặc chiều dọc,0.8551645278930664,0.8741981983184814,0.5510327816009521
tang1,颜色,（45*33*32）横竖可放,(45*33*32) Có thể đặt theo chiều ngang hoặc chiều dọc,DUNG,Màu sắc,颜色: （45*33*32）横竖可放,Màu sắc: (45*33*32) Có thể đặt theo chiều ngang hoặc chiều dọc,0.8601663708686829,0.8796439170837402,0.5021421909332275
tang1,颜色,（5.0内盒） 外径：4.7*4*2.2cm,(5.0 hộp bên trong) đường kính ngoài: 4.7*4*2.2cm,DUNG,Màu sắc,颜色: （5.0内盒） 外径：4.7*4*2.2cm,Màu sắc: (5.0 hộp bên trong) đường kính ngoài: 4.7*4*2.2cm,0.9096976518630981,0.9234718680381775,0.38662639260292053
tang1,颜色,（混搭字母绿）白,(Trộn và kết hợp các chữ cái và màu xanh lá cây) trắng,SAI,Màu sắc,颜色: （混搭字母绿）白,Màu sắc: (Trộn và kết hợp các chữ cái và màu xanh lá cây) trắng,0.7657418251037598,0.8069040775299072,0.5229558348655701
tang1,颜色,（混搭字母绿）黑,(Trộn và kết hợp các chữ cái và màu xanh lá cây) đen,SAI,Màu sắc,颜色: （混搭字母绿）黑,Màu sắc: (Trộn và kết hợp các chữ cái và màu xanh lá cây) đen,0.7582806348800659,0.7927185297012329,0.30867624282836914
tang1,箱包潮流款式,单肩包,Túi đeo một vai,DUNG,Kiểu túi thời trang,箱包潮流款式: 单肩包,Kiểu túi thời trang: Túi đeo một vai,0.7474495768547058,0.7111228108406067,0.49155285954475403
tang1,织造工艺,毛巾绣,Thêu khăn,SAI,Công nghệ dệt,织造工艺: 毛巾绣,Công nghệ dệt: Thêu khăn,0.6099581718444824,0.7089804410934448,0.3641645908355713
tang1,产品类别,武夷肉桂,Quế Vũ,SAI,Danh mục sản phẩm,产品类别: 武夷肉桂,Danh mục sản phẩm: Quế Vũ,0.3548199534416199,0.582796037197113,0.3201066851615906
tang1,风格,中古风,phong cách thời trung cổ,SAI,Phong cách,风格: 中古风,Phong cách: phong cách thời trung cổ,0.7377000451087952,0.7736392021179199,0.4974713921546936
tang1,风格,商务精英,tiên phong doanh nghiệp,SAI,Phong cách,风格: 商务精英,Phong cách: tiên phong doanh nghiệp,0.5202682614326477,0.6925299167633057,0.4096314013004303
tang1,级别,二级,Cấp 2,DUNG,Cấp độ,级别: 二级,Cấp độ: Cấp 2,0.7732424139976501,0.8204832673072815,0.5952365398406982
tang1,工艺,拼贴/拼接,Chắp vá/Nối,SAI,Công nghệ,工艺: 拼贴/拼接,Công nghệ: Chắp vá/Nối,0.7199168801307678,0.747989296913147,0.5092023611068726
tang1,安装位置,前车窗挡风玻璃,Cửa sổ phía trước kính chắn gió,SAI,Vị trí lắp đặt,安装位置: 前车窗挡风玻璃,Vị trí lắp đặt: Cửa sổ phía trước kính chắn gió,0.8173549771308899,0.8333057165145874,0.7726388573646545
tang1,颜色,子母箱【天空蓝】简易内置,Hộp Mẹ và Con [Xanh Bầu Trời] Tích hợp đơn giản,SAI,Màu sắc,颜色: 子母箱【天空蓝】简易内置,Màu sắc: Hộp Mẹ và Con [Xanh Bầu Trời] Tích hợp đơn giản,0.6458200216293335,0.6979445219039917,0.3962804079055786
tang1,颜色,7007黑色,7007 màu đen,DUNG,Màu sắc,颜色: 7007黑色,Màu sắc: 7007 màu đen,0.9123117327690125,0.8944154977798462,0.349587619304657
tang2,花型,里威浅咖,Livi màu cà phê nhạt,DUNG,Hoa văn,花型: 里威浅咖,Hoa văn: Livi màu cà phê nhạt,0.5507345795631409,0.6182461380958557,0.3661190867424011
tang2,容量,棕色300ml【PPSU自带吸嘴】,Màu nâu 300ml [PPSU đi kèm vòi phun],DUNG,Dung tích,容量: 棕色300ml【PPSU自带吸嘴】,Dung tích: Màu nâu 300ml [PPSU đi kèm vòi phun],0.771350622177124,0.792954683303833,0.4864819645881653
tang2,花型,小时光【A类母婴-软糯亲肤】,"Thời gian nhỏ bé [Sản phẩm mẹ và bé loại A - Mềm mại, thân thiện với da]",DUNG,Hoa văn,花型: 小时光【A类母婴-软糯亲肤】,"Hoa văn: Thời gian nhỏ bé [Sản phẩm mẹ và bé loại A - Mềm mại, thân thiện với da]",0.7085683345794678,0.7011793851852417,0.44737333059310913
tang2,尺寸,大叶28漏勺,Rổ lọc lá lớn 28 lỗ,SAI,Kích thước,尺寸: 大叶28漏勺,Kích thước: Rổ lọc lá lớn 28 lỗ,0.6793382167816162,0.7059422731399536,0.3942226767539978
tang2,花型,小球球-可爱小新【A类有氧亲肤】,"Quả bóng nhỏ - Shin-chan dễ thương [Loại A, thân thiện với da, có tính năng tập aerobic]",SAI,Hoa văn,花型: 小球球-可爱小新【A类有氧亲肤】,"Hoa văn: Quả bóng nhỏ - Shin-chan dễ thương [Loại A, thân thiện với da, có tính năng tập aerobic]",0.6903850436210632,0.673438310623169,0.4348208010196686
tang2,颜色,红色春秋款包手露脚,Túi mẫu xuân thu đỏ,SAI,Màu sắc,颜色: 红色春秋款包手露脚,Màu sắc: Túi mẫu xuân thu đỏ,0.5876264572143555,0.6527831554412842,0.4176675081253052
tang2,颜色,灰白,màu xám,SAI,Màu sắc,颜色: 灰白,Màu sắc: màu xám,0.5737974047660828,0.7303887605667114,0.3836580514907837
tang2,包装规格,茶礼空盒,Hộp quà trà rỗng,DUNG,Quy cách đóng gói,包装规格: 茶礼空盒,Quy cách đóng gói: Hộp quà trà rỗng,0.7389024496078491,0.7306278347969055,0.36430394649505615
tang2,规格,妆字号 焕颜亮肤面膜,Mặt nạ trẻ hóa và làm sáng da của thương hiệu mỹ phẩm,SAI,Quy cách,规格: 妆字号 焕颜亮肤面膜,Quy cách: Mặt nạ trẻ hóa và làm sáng da của thương hiệu mỹ phẩm,0.6296613216400146,0.6754406690597534,0.35286641120910645
tang2,花型,纯色宝蓝【柔软透气 裸睡不起球】,"Màu xanh lam trơn [Mềm mại, thoáng khí, mặc ngủ không bị xù lông]",DUNG,Hoa văn,花型: 纯色宝蓝【柔软透气 裸睡不起球】,"Hoa văn: Màu xanh lam trơn [Mềm mại, thoáng khí, mặc ngủ không bị xù lông]",0.7403742074966431,0.7097722291946411,0.5553634762763977
tang2,颜色,K508银色,K508 bạc,DUNG,Màu sắc,颜色: K508银色,Màu sắc: K508 bạc,0.8627651929855347,0.8743401765823364,0.4099142253398895
tang2,适用型号,苹果iPhone 16E/17E,Apple iPhone 16E/17E,DUNG,Dòng máy tương thích,适用型号: 苹果iPhone 16E/17E,Dòng máy tương thích: Apple iPhone 16E/17E,0.965652346611023,0.892315149307251,0.5525549054145813
tang2,花型,一帘幽梦 【A类面料 柔软亲肤不起球】,"Một Chiều Mơ Ước [Vải loại A, mềm mại, thân thiện với da, không xù lông]",DUNG,Hoa văn,花型: 一帘幽梦 【A类面料 柔软亲肤不起球】,"Hoa văn: Một Chiều Mơ Ước [Vải loại A, mềm mại, thân thiện với da, không xù lông]",0.726965069770813,0.7139493227005005,0.3972828984260559
tang2,包装方式,卡通箱,hộp hoạt hình,SAI,Cách đóng gói,包装方式: 卡通箱,Cách đóng gói: hộp hoạt hình,0.7547486424446106,0.7783463001251221,0.33347105979919434
tang2,颜色,中号【杏色带盖】,Trung bình [Màu Mơ Có Nắp],DUNG,Màu sắc,颜色: 中号【杏色带盖】,Màu sắc: Trung bình [Màu Mơ Có Nắp],0.5057969689369202,0.6242589950561523,0.5156260132789612
tang2,花型,梦幻泰迪-蓝,Gấu Teddy Mơ Màng - Xanh Dương,DUNG,Hoa văn,花型: 梦幻泰迪-蓝,Hoa văn: Gấu Teddy Mơ Màng - Xanh Dương,0.5556609630584717,0.5509857535362244,0.4695175290107727
tang2,颜色,细条纹红色,Sọc mảnh màu đỏ,DUNG,Màu sắc,颜色: 细条纹红色,Màu sắc: Sọc mảnh màu đỏ,0.6604331135749817,0.7133246064186096,0.473035991191864
tang2,颜色,黑色【钨钢穿皮链条】,Màu đen [dây da thép vonfram],DUNG,Màu sắc,颜色: 黑色【钨钢穿皮链条】,Màu sắc: Màu đen [dây da thép vonfram],0.5720643401145935,0.6191473007202148,0.4214172065258026
tang2,颜色,8974-3 鲜花店 【105颗粒】,8974-3 Cửa hàng hoa tươi [105 hạt],DUNG,Màu sắc,颜色: 8974-3 鲜花店 【105颗粒】,Màu sắc: 8974-3 Cửa hàng hoa tươi [105 hạt],0.7736998796463013,0.7857849597930908,0.38280123472213745
tang2,颜色,白色(基本款),Màu trắng (kiểu cơ bản),DUNG,Màu sắc,颜色: 白色(基本款),Màu sắc: Màu trắng (kiểu cơ bản),0.8036068677902222,0.850195050239563,0.3868420422077179
tang2,产品属性,女贴片式面膜积雪草面膜清爽补水保湿舒缓维稳敏感肌青少年学生溪党木源,"Mặt nạ dành cho nữ, mặt nạ Centella asiuba, làm mới, dưỡng ẩm, làm dịu và duy trì sự ổn định, cơ nhạy cảm, học sinh trẻ tuổi, Xi Dang Muyuan",DUNG,Thuộc tính sản phẩm,产品属性: 女贴片式面膜积雪草面膜清爽补水保湿舒缓维稳敏感肌青少年学生溪党木源,"Thuộc tính sản phẩm: Mặt nạ dành cho nữ, mặt nạ Centella asiuba, làm mới, dưỡng ẩm, làm dịu và duy trì sự ổn định, cơ nhạy cảm, học sinh trẻ tuổi, Xi Dang Muyuan",0.6187261343002319,0.6434750556945801,0.6187261343002319
tang2,规格,150豪升绿+2个奶嘴,150 lít xanh lá cây 2 núm vú giả,SAI,Quy cách,规格: 150豪升绿+2个奶嘴,Quy cách: 150 lít xanh lá cây 2 núm vú giả,0.6824134588241577,0.7025845050811768,0.48981180787086487
tang2,颜色,2026新款色系多功能积木桌+80动物积木+80滑道,Bàn Xếp Hình Đa Năng Dòng Màu Mới 2026 + 80 Khối Hình Động Vật + 80 Ống Trượt,DUNG,Màu sắc,颜色: 2026新款色系多功能积木桌+80动物积木+80滑道,Màu sắc: Bàn Xếp Hình Đa Năng Dòng Màu Mới 2026 + 80 Khối Hình Động Vật + 80 Ống Trượt,0.7409683465957642,0.7599587440490723,0.38660526275634766
tang2,颜色,618#红色20+24+28寸,618#Đỏ 20+24+ 28inch,DUNG,Màu sắc,颜色: 618#红色20+24+28寸,Màu sắc: 618#Đỏ 20+24+ 28inch,0.8810774683952332,0.8652145862579346,0.36921441555023193
tang2,颜色,06#潮汐杏,06 # màu mơ thủy triều,DUNG,Màu sắc,颜色: 06#潮汐杏,Màu sắc: 06 # màu mơ thủy triều,0.658926248550415,0.7270044088363647,0.41681525111198425
tang2,产品类别,帆布鞋,Giày vải bạt,DUNG,Danh mục sản phẩm,产品类别: 帆布鞋,Danh mục sản phẩm: Giày vải bạt,0.6600679755210876,0.6616665720939636,0.3823959529399872
tang2,颜色,米小狗+粉小狗,Chú chó con màu gạo + chú chó con màu hồng,SAI,Màu sắc,颜色: 米小狗+粉小狗,Màu sắc: Chú chó con màu gạo + chú chó con màu hồng,0.6576859354972839,0.7377950549125671,0.39416760206222534
tang2,颜色,流光紫,Truyền phát màu tím,SAI,Màu sắc,颜色: 流光紫,Màu sắc: Truyền phát màu tím,0.44374334812164307,0.6433041095733643,0.36531952023506165
tang2,颜色,阳离子锁边-绿色,Màu xanh lá cây viền cation,DUNG,Màu sắc,颜色: 阳离子锁边-绿色,Màu sắc: Màu xanh lá cây viền cation,0.6128072738647461,0.6889340877532959,0.43957066535949707
tang2,颜色,深灰色【干湿分离+双封闭内衬】,Màu xám đen [Lớp lót kín đôi tách khô và ướt],DUNG,Màu sắc,颜色: 深灰色【干湿分离+双封闭内衬】,Màu sắc: Màu xám đen [Lớp lót kín đôi tách khô và ướt],0.6293444037437439,0.6797451972961426,0.5156900882720947
tang2,颜色,i12裸机+数据线+说明书+（opp袋子包装好）,i12 kim loại trần + cáp dữ liệu + sách hướng dẫn + (đóng gói trong túi opp),SAI,Màu sắc,颜色: i12裸机+数据线+说明书+（opp袋子包装好）,Màu sắc: i12 kim loại trần + cáp dữ liệu + sách hướng dẫn + (đóng gói trong túi opp),0.8212092518806458,0.8304325342178345,0.27663975954055786
tang2,风格,温柔风,Phong cách dịu dàng,DUNG,Phong cách,风格: 温柔风,Phong cách: Phong cách dịu dàng,0.6043524742126465,0.8096929788589478,0.3510473370552063
tang2,花型,米小格【超柔-可裸睡】,Mi Xiaoge [Siêu mềm có thể ngủ khỏa thân],DUNG,Hoa văn,花型: 米小格【超柔-可裸睡】,Hoa văn: Mi Xiaoge [Siêu mềm có thể ngủ khỏa thân],0.7831394672393799,0.7615230083465576,0.39214569330215454
tang2,尺码,2XL建议155斤-180斤,2XL đề nghị 77.5kg-90kg,DUNG,Kích cỡ,尺码: 2XL建议155斤-180斤,Kích cỡ: 2XL đề nghị 77.5kg-90kg,0.8691037893295288,0.8993215560913086,0.7632118463516235
tang2,颜色,140克短袖-深灰,140g tay ngắn-xám đậm,DUNG,Màu sắc,颜色: 140克短袖-深灰,Màu sắc: 140g tay ngắn-xám đậm,0.730954647064209,0.7513032555580139,0.41257086396217346
tang2,颜色,蓝灰色,Màu xám xanh lam,DUNG,Màu sắc,颜色: 蓝灰色,Màu sắc: Màu xám xanh lam,0.6508603096008301,0.7154381275177002,0.5892202854156494
tang2,特色功能,多轨道兼容,Tương thích đa đường ray,DUNG,Tính năng đặc biệt,特色功能: 多轨道兼容,Tính năng đặc biệt: Tương thích đa đường ray,0.7635937929153442,0.8509029150009155,0.4099934697151184
tang2,颜色,卡其色有裙边,Màu kaki có viền váy,DUNG,Màu sắc,颜色: 卡其色有裙边,Màu sắc: Màu kaki có viền váy,0.6892417669296265,0.756207287311554,0.5669798254966736
tang2,颜色,（4.5高）4585方盒 外径：8.5*8.5*4.5cm,"(Chiều cao 4.5) Hộp vuông 4585, kích thước ngoài: 8.5*8.5*4.5cm",DUNG,Màu sắc,颜色: （4.5高）4585方盒 外径：8.5*8.5*4.5cm,"Màu sắc: (Chiều cao 4.5) Hộp vuông 4585, kích thước ngoài: 8.5*8.5*4.5cm",0.8449519872665405,0.8533246517181396,0.5359668135643005
tang2,颜色,米白色开衫【现货赠送针织蝴蝶结】,Áo len trắng nhạt [Số lượng sẵn có kèm nơ dệt kim miễn phí],DUNG,Màu sắc,颜色: 米白色开衫【现货赠送针织蝴蝶结】,Màu sắc: Áo len trắng nhạt [Số lượng sẵn có kèm nơ dệt kim miễn phí],0.5559872388839722,0.6005939245223999,0.3980591893196106
tang2,货号,泽枫&973139,Zefeng&973139,DUNG,Mã sản phẩm,货号: 泽枫&973139,Mã sản phẩm: Zefeng&973139,0.7449712753295898,0.7682418823242188,0.45773422718048096
tang2,颜色,33529米色,33529m màu,SAI,Màu sắc,颜色: 33529米色,Màu sắc: 33529m màu,0.8899503350257874,0.9025652408599854,0.49245405197143555
tang2,颜色,铁灰,Màu xám sắt,DUNG,Màu sắc,颜色: 铁灰,Màu sắc: Màu xám sắt,0.4936239719390869,0.678650975227356,0.46418046951293945
tang2,花型,斑马,Ngựa vằn,DUNG,Hoa văn,花型: 斑马,Hoa văn: Ngựa vằn,0.5456777811050415,0.5354810357093811,0.4057990312576294
tang2,花型,草绿小格,Xanh cỏ caro nhỏ,DUNG,Hoa văn,花型: 草绿小格,Hoa văn: Xanh cỏ caro nhỏ,0.595408022403717,0.6618862152099609,0.3451923429965973
tang2,颜色,LtB18小王子,LtB18 Hoàng tử bé,DUNG,Màu sắc,颜色: LtB18小王子,Màu sắc: LtB18 Hoàng tử bé,0.8478104472160339,0.8644115924835205,0.36556386947631836
tang2,颜色,新款升级版—加大号卡其色,Phiên bản nâng cấp mới—khaki cỡ lớn,DUNG,Màu sắc,颜色: 新款升级版—加大号卡其色,Màu sắc: Phiên bản nâng cấp mới—khaki cỡ lớn,0.7058970332145691,0.7554578185081482,0.49659493565559387
tang2,颜色分类,1080P高清30CM USB取电,Sạc USB 1080P HD 30CM,DUNG,Phân loại màu sắc,颜色分类: 1080P高清30CM USB取电,Phân loại màu sắc: Sạc USB 1080P HD 30CM,0.9079711437225342,0.890460729598999,0.4881032109260559
tang2,功能,刷锅,Rửa nồi,DUNG,Chức năng,功能: 刷锅,Chức năng: Rửa nồi,0.6829841136932373,0.7747951149940491,0.44190141558647156
tang2,产品规格,XYBEIBI儿L童积雪草舒缓面膜,Mặt nạ làm dịu Centella Asiatica cho trẻ em XYBEIBI,DUNG,Quy cách sản phẩm,产品规格: XYBEIBI儿L童积雪草舒缓面膜,Quy cách sản phẩm: Mặt nạ làm dịu Centella Asiatica cho trẻ em XYBEIBI,0.6740233898162842,0.6773976683616638,0.4208527207374573
tang2,型号,文具收纳筒,Ống đựng văn phòng phẩm,DUNG,Model,型号: 文具收纳筒,Model: Ống đựng văn phòng phẩm,0.7302043437957764,0.7490967512130737,0.5800637006759644
tang2,颜色,（新款）彩盒【彩虹琴-白色】送电池,(Mẫu mới) Hộp màu [Đàn cầu vồng - Trắng] Tặng kèm pin,DUNG,Màu sắc,颜色: （新款）彩盒【彩虹琴-白色】送电池,Màu sắc: (Mẫu mới) Hộp màu [Đàn cầu vồng - Trắng] Tặng kèm pin,0.6338059902191162,0.6696712374687195,0.38751494884490967
tang2,花型,A于斯【高支高密-高克重】,"A Yùsī [Sợi cao cấp, mật độ cao, định lượng cao]",DUNG,Hoa văn,花型: A于斯【高支高密-高克重】,"Hoa văn: A Yùsī [Sợi cao cấp, mật độ cao, định lượng cao]",0.5930240154266357,0.6519619822502136,0.16096581518650055
tang2,规格,6*6*10（30丝）,6*6*10 (30 lụa),SAI,Quy cách,规格: 6*6*10（30丝）,Quy cách: 6*6*10 (30 lụa),0.8402462005615234,0.8415155410766602,0.519706666469574
tang2,花型,长夏叶曼桔,Quả quýt lá dài mùa hè,DUNG,Hoa văn,花型: 长夏叶曼桔,Hoa văn: Quả quýt lá dài mùa hè,0.46805328130722046,0.5219203233718872,0.4247508645057678
tang2,产品类别,台面收纳架,Giá đựng đồ trên bàn,DUNG,Danh mục sản phẩm,产品类别: 台面收纳架,Danh mục sản phẩm: Giá đựng đồ trên bàn,0.6977477073669434,0.6806902885437012,0.5889378786087036
tang2,容量,硅胶奶瓶四合一套装带勺【英文彩盒】,Bộ 4 bình sữa silicon kèm thìa [Hộp màu tiếng Anh],DUNG,Dung tích,容量: 硅胶奶瓶四合一套装带勺【英文彩盒】,Dung tích: Bộ 4 bình sữa silicon kèm thìa [Hộp màu tiếng Anh],0.7006394863128662,0.7009902596473694,0.427165687084198
tang2,颜色,紫色【镜面】,Màu tím [mặt gương],DUNG,Màu sắc,颜色: 紫色【镜面】,Màu sắc: Màu tím [mặt gương],0.7063747048377991,0.7584631443023682,0.5154210329055786
tang2,花型,阳光少年-奶白【A类亲肤裸睡级-26款高支高密】新疆一级长绒棉,"Thanh Niên Rạng Rỡ - Trắng Sữa [Loại A thân thiện với da, cấp độ ngủ trần - 26 mẫu sợi cao cấp mật độ cao] Bông sợi dài hạng nhất Tân Cương",DUNG,Hoa văn,花型: 阳光少年-奶白【A类亲肤裸睡级-26款高支高密】新疆一级长绒棉,"Hoa văn: Thanh Niên Rạng Rỡ - Trắng Sữa [Loại A thân thiện với da, cấp độ ngủ trần - 26 mẫu sợi cao cấp mật độ cao] Bông sợi dài hạng nhất Tân Cương",0.6170802116394043,0.638481080532074,0.35698002576828003
tang2,尺寸规格,1.5m床【床单款四件套】-适用200x230被子,Giường 1.5 m [Bộ ga trải giường bốn mảnh]-Thích hợp cho chăn 200x230,DUNG,Kích thước,尺寸规格: 1.5m床【床单款四件套】-适用200x230被子,Kích thước: Giường 1.5 m [Bộ ga trải giường bốn mảnh]-Thích hợp cho chăn 200x230,0.7748804092407227,0.773625373840332,0.6033647656440735
tang2,花型,阳离子-冰川雾灰【裸睡亲肤--不起球】,Cation - Xám sương mù băng hà [Thoải mái khi ngủ trần - Không xù lông],DUNG,Hoa văn,花型: 阳离子-冰川雾灰【裸睡亲肤--不起球】,Hoa văn: Cation - Xám sương mù băng hà [Thoải mái khi ngủ trần - Không xù lông],0.598745584487915,0.5955285429954529,0.31522297859191895
tang2,产品类别,冰箱保鲜盒,tủ lạnh giòn,SAI,Danh mục sản phẩm,产品类别: 冰箱保鲜盒,Danh mục sản phẩm: tủ lạnh giòn,0.56666100025177,0.5926134586334229,0.6055237650871277
tang2,颜色,摩卡(纯棉提花),Mocha (bông jacquard),DUNG,Màu sắc,颜色: 摩卡(纯棉提花),Màu sắc: Mocha (bông jacquard),0.5439885854721069,0.6505295634269714,0.39085888862609863
tang2,颜色,方气垫6586 黑粉,Đệm khí vuông 6586 đen hồng,DUNG,Màu sắc,颜色: 方气垫6586 黑粉,Màu sắc: Đệm khí vuông 6586 đen hồng,0.62899249792099,0.6813348531723022,0.3779158294200897
tang2,规格,12.5挂钩盒12.5*8.5*2.5CM,Hộp móc 12.5 12.5 * 8.5 * 2.5CM,DUNG,Quy cách,规格: 12.5挂钩盒12.5*8.5*2.5CM,Quy cách: Hộp móc 12.5 12.5 * 8.5 * 2.5CM,0.7230060696601868,0.7290313243865967,0.4975852370262146
tang2,尺寸规格,单床单：180x230cm,Khăn trải giường đơn: 180x230cm,DUNG,Kích thước,尺寸规格: 单床单：180x230cm,Kích thước: Khăn trải giường đơn: 180x230cm,0.8455862998962402,0.812846302986145,0.6469761729240417
tang2,颜色,8.5寸吊绳西瓜球（每单送1气针）,8.5inch quả bóng dưa hấu treo dây (1 kim hơi cho mỗi đơn hàng),DUNG,Màu sắc,颜色: 8.5寸吊绳西瓜球（每单送1气针）,Màu sắc: 8.5inch quả bóng dưa hấu treo dây (1 kim hơi cho mỗi đơn hàng),0.6606601476669312,0.6671301126480103,0.32993263006210327
tang2,颜色,迷你橙色,mini màu cam,DUNG,Màu sắc,颜色: 迷你橙色,Màu sắc: mini màu cam,0.7128015160560608,0.7755719423294067,0.5250568389892578
tang2,尺码,L【110-130斤】,L [55-65kg],DUNG,Kích cỡ,尺码: L【110-130斤】,Kích cỡ: L [55-65kg],0.7628048658370972,0.7994606494903564,0.5868532061576843
tang2,主要销售地区,主要销往欧美 俄罗斯 中东 东南亚 东北亚 非洲 港澳台等国家和地区,"Chủ yếu được bán cho các quốc gia và khu vực bao gồm Châu Âu và Hoa Kỳ, Nga, Trung Đông, Đông Nam Á, Đông Bắc Á, Châu Phi, Hồng Kông, Macau và Đài Loan",DUNG,Khu vực bán hàng chính,主要销售地区: 主要销往欧美 俄罗斯 中东 东南亚 东北亚 非洲 港澳台等国家和地区,"Khu vực bán hàng chính: Chủ yếu được bán cho các quốc gia và khu vực bao gồm Châu Âu và Hoa Kỳ, Nga, Trung Đông, Đông Nam Á, Đông Bắc Á, Châu Phi, Hồng Kông, Macau và Đài Loan",0.8572879433631897,0.8635408282279968,0.3765777349472046
tang2,颜色,黑色（稳型）,Đen (ổn định),DUNG,Màu sắc,颜色: 黑色（稳型）,Màu sắc: Đen (ổn định),0.6756519079208374,0.7961981892585754,0.582801103591919
tang2,送礼用途,商务送礼,tặng quà kinh doanh,DUNG,Công dụng tặng quà,送礼用途: 商务送礼,Công dụng tặng quà: tặng quà kinh doanh,0.8057183027267456,0.7953780889511108,0.7304912209510803
tang2,数据存储时间,128G卡录8小时左右（标配无卡）,Mất khoảng 8 giờ để ghi thẻ 128G (không có thẻ tiêu chuẩn),SAI,Thời gian lưu trữ dữ liệu,数据存储时间: 128G卡录8小时左右（标配无卡）,Thời gian lưu trữ dữ liệu: Mất khoảng 8 giờ để ghi thẻ 128G (không có thẻ tiêu chuẩn),0.8421148061752319,0.8768571019172668,0.49901291728019714
tang2,功能,柔软舒适,Mềm mại và thoải mái,DUNG,Chức năng,功能: 柔软舒适,Chức năng: Mềm mại và thoải mái,0.823239803314209,0.8634035587310791,0.4752908945083618
tang2,花型,橄榄格【超柔-可裸睡】,Ô liu [siêu mềm có thể ngủ khỏa thân],SAI,Hoa văn,花型: 橄榄格【超柔-可裸睡】,Hoa văn: Ô liu [siêu mềm có thể ngủ khỏa thân],0.6927515268325806,0.7207837104797363,0.6315685510635376
tang2,花型,曼森-香叶粉+山灰【纵享丝滑 亲肤裸睡 不起球不褪色】,"Mansen-Fragrant Leaf Powder Mountain Grey [Thưởng thức mềm mượt, thân thiện với làn da, ngủ khỏa thân không bóng, không phai]",DUNG,Hoa văn,花型: 曼森-香叶粉+山灰【纵享丝滑 亲肤裸睡 不起球不褪色】,"Hoa văn: Mansen-Fragrant Leaf Powder Mountain Grey [Thưởng thức mềm mượt, thân thiện với làn da, ngủ khỏa thân không bóng, không phai]",0.7563412189483643,0.7373178601264954,0.5058788061141968
tang2,闭合方式,套筒,Ống bọc,SAI,Kiểu đóng,闭合方式: 套筒,Kiểu đóng: Ống bọc,0.47525322437286377,0.7711247801780701,0.48594310879707336
tang2,皮质特征,荔纹皮,Da hạt vải thiều,DUNG,Đặc điểm da,皮质特征: 荔纹皮,Đặc điểm da: Da hạt vải thiều,0.43744248151779175,0.5999644994735718,0.43192267417907715
tang2,尺寸,F12方盒（13.5*13.5*1.8cm）,Hộp vuông F12 (13.5*13.5*1.8cm),DUNG,Kích thước,尺寸: F12方盒（13.5*13.5*1.8cm）,Kích thước: Hộp vuông F12 (13.5*13.5*1.8cm),0.8435328006744385,0.8377991318702698,0.5077791810035706
tang2,规格尺寸,标清款,Mẫu rõ nét,SAI,Kích thước thông số kỹ thuật,规格尺寸: 标清款,Kích thước thông số kỹ thuật: Mẫu rõ nét,0.5648531913757324,0.7242709398269653,0.3777584433555603
tang2,流行元素,铆钉,Đinh Tán,DUNG,Yếu tố thịnh hành,流行元素: 铆钉,Yếu tố thịnh hành: Đinh Tán,0.36232784390449524,0.5296704769134521,0.426279217004776
tang2,工艺,喷油,phun nhiên liệu,SAI,Công nghệ,工艺: 喷油,Công nghệ: phun nhiên liệu,0.6922721862792969,0.7563402652740479,0.5839192271232605
tang2,颜色,欧伦啄木鸟-蓝色【旗舰款】,Oulun Chim Gõ Kiến - Xanh dương [Phiên bản cao cấp],DUNG,Màu sắc,颜色: 欧伦啄木鸟-蓝色【旗舰款】,Màu sắc: Oulun Chim Gõ Kiến - Xanh dương [Phiên bản cao cấp],0.5373358726501465,0.5907989740371704,0.4073685109615326
tang2,尺寸规格,200*220*30cm单床笠,Ga giường đơn 200*220*30cm,DUNG,Kích thước,尺寸规格: 200*220*30cm单床笠,Kích thước: Ga giường đơn 200*220*30cm,0.7682903409004211,0.7439542412757874,0.6158537268638611
tang2,包装规格,小种3号（500g）,Loại nhỏ số 3 (500g),DUNG,Quy cách đóng gói,包装规格: 小种3号（500g）,Quy cách đóng gói: Loại nhỏ số 3 (500g),0.8670560121536255,0.8764381408691406,0.45519715547561646
tang2,颜色,兔子+冰席,Chiếu băng thỏ,SAI,Màu sắc,颜色: 兔子+冰席,Màu sắc: Chiếu băng thỏ,0.4703727066516876,0.6199444532394409,0.5133846998214722
tang2,尺寸,【深度53】宽35*高18,[Độ sâu 53] Chiều rộng 35*Chiều cao 18,DUNG,Kích thước,尺寸: 【深度53】宽35*高18,Kích thước: [Độ sâu 53] Chiều rộng 35*Chiều cao 18,0.9065918922424316,0.9183492064476013,0.4998634457588196
tang2,花型,星空狗 【A类面料 亲肤柔软不起球】,"Chó bầu trời sao [Vải loại A, thân thiện với da, mềm mại, không xù lông]",DUNG,Hoa văn,花型: 星空狗 【A类面料 亲肤柔软不起球】,"Hoa văn: Chó bầu trời sao [Vải loại A, thân thiện với da, mềm mại, không xù lông]",0.7816982269287109,0.771996259689331,0.379560649394989
tang2,尺寸,【3件套】锅铲+汤勺+大漏勺,[Bộ 3 món] thìa + thìa súp + rây lớn,SAI,Kích thước,尺寸: 【3件套】锅铲+汤勺+大漏勺,Kích thước: [Bộ 3 món] thìa + thìa súp + rây lớn,0.6597323417663574,0.6996743679046631,0.4484274983406067
tang2,颜色,纯粉色小兔连体衣春秋,Bộ đồ một mảnh Thỏ màu hồng tinh khiết mùa xuân và mùa thu,DUNG,Màu sắc,颜色: 纯粉色小兔连体衣春秋,Màu sắc: Bộ đồ một mảnh Thỏ màu hồng tinh khiết mùa xuân và mùa thu,0.5844504833221436,0.6167633533477783,0.41234445571899414
tang2,花型,四季款【100S高精密刺绣】玫瑰甜心-粉色,Four Seasons [Thêu Độ Chính Xác Cao 100S] Hoa Hồng Người Yêu-Hồng,DUNG,Hoa văn,花型: 四季款【100S高精密刺绣】玫瑰甜心-粉色,Hoa văn: Four Seasons [Thêu Độ Chính Xác Cao 100S] Hoa Hồng Người Yêu-Hồng,0.5672575235366821,0.5782262086868286,0.39767277240753174
tang2,颜色,透明更多尺寸,Trong suốt hơn kích thước,SAI,Màu sắc,颜色: 透明更多尺寸,Màu sắc: Trong suốt hơn kích thước,0.7757445573806763,0.8135449886322021,0.4715874195098877
tang2,尺寸规格,48*74cm单枕套一对,Cặp gối đơn 48*74cm,SAI,Kích thước,尺寸规格: 48*74cm单枕套一对,Kích thước: Cặp gối đơn 48*74cm,0.8570696115493774,0.805442214012146,0.5287220478057861
tang2,颜色,【至尊升级】防爆拉链款商务黑【抗压承重】,[Nâng cấp cực cao] Dây kéo chống cháy nổ dành cho doanh nghiệp màu đen [Khả năng chịu áp lực và chịu tải],SAI,Màu sắc,颜色: 【至尊升级】防爆拉链款商务黑【抗压承重】,Màu sắc: [Nâng cấp cực cao] Dây kéo chống cháy nổ dành cho doanh nghiệp màu đen [Khả năng chịu áp lực và chịu tải],0.694368839263916,0.7508081197738647,0.37643635272979736
tang2,花型,浪漫粉【100%天丝丝滑裸睡】,Bột lãng mạn [100% Tencel ngủ khỏa thân mượt mà],SAI,Hoa văn,花型: 浪漫粉【100%天丝丝滑裸睡】,Hoa văn: Bột lãng mạn [100% Tencel ngủ khỏa thân mượt mà],0.7440898418426514,0.7328044176101685,0.430573046207428
tang2,包装规格,包邮凤凰单丛蜜兰香250克22元,Miễn phí vận chuyển Phượng Hoàng Đơn Tùng Mật Lan Hương 250g 22 tệ,DUNG,Quy cách đóng gói,包装规格: 包邮凤凰单丛蜜兰香250克22元,Quy cách đóng gói: Miễn phí vận chuyển Phượng Hoàng Đơn Tùng Mật Lan Hương 250g 22 tệ,0.6085874438285828,0.6332920789718628,0.4714009463787079
tang2,颜色,黑格,lưới đen,SAI,Màu sắc,颜色: 黑格,Màu sắc: lưới đen,0.47283855080604553,0.7486088275909424,0.3572460412979126
tang2,包装规格,芝麻虾皮山药烤片试吃200克,Mè da tôm khoai mỡ nướng lát nếm 200g,DUNG,Quy cách đóng gói,包装规格: 芝麻虾皮山药烤片试吃200克,Quy cách đóng gói: Mè da tôm khoai mỡ nướng lát nếm 200g,0.569637656211853,0.5900607705116272,0.27448317408561707
tang2,尺寸规格,1.2m床单款三件套 | 适用于150x200被芯,Bộ ba mảnh ga giường 1.2 m | cho lõi chăn 150x200,DUNG,Kích thước,尺寸规格: 1.2m床单款三件套 | 适用于150x200被芯,Kích thước: Bộ ba mảnh ga giường 1.2 m | cho lõi chăn 150x200,0.7040947675704956,0.7586926221847534,0.6175169944763184
tang2,颜色,全包羊纹黑,"Bao phủ toàn bộ, vân da cừu màu đen",DUNG,Màu sắc,颜色: 全包羊纹黑,"Màu sắc: Bao phủ toàn bộ, vân da cừu màu đen",0.6704082489013672,0.7657762765884399,0.3884079158306122
tang2,花型,纯色深灰,Màu trơn xám đậm,DUNG,Hoa văn,花型: 纯色深灰,Hoa văn: Màu trơn xám đậm,0.5949293971061707,0.6137762069702148,0.4314765930175781
tang2,流行元素,丝带,Ruy băng,DUNG,Yếu tố thịnh hành,流行元素: 丝带,Yếu tố thịnh hành: Ruy băng,0.4979519248008728,0.580430269241333,0.3849483132362366
tang2,尺寸规格,单被套：200*230cm,Vỏ chăn đơn: 200*230cm,DUNG,Kích thước,尺寸规格: 单被套：200*230cm,Kích thước: Vỏ chăn đơn: 200*230cm,0.8412290811538696,0.826492965221405,0.6056539416313171
tang2,附加功能,双向快充,Sạc nhanh hai chiều,DUNG,Tính năng bổ sung,附加功能: 双向快充,Tính năng bổ sung: Sạc nhanh hai chiều,0.8534868955612183,0.8897385597229004,0.45245420932769775
tang2,颜色,USB水杯架【可可粉】隔层内置,Giá đỡ cốc nước USB [bột ca cao] ngăn tích hợp,SAI,Màu sắc,颜色: USB水杯架【可可粉】隔层内置,Màu sắc: Giá đỡ cốc nước USB [bột ca cao] ngăn tích hợp,0.6691409349441528,0.6805353164672852,0.3855717182159424
tang2,工艺,按扣,nút chụp,DUNG,Công nghệ,工艺: 按扣,Công nghệ: nút chụp,0.613150954246521,0.6481902599334717,0.5190814733505249
tang2,容量,(3-6个月)240ML奶瓶+(6个月以上)L号奶嘴1个,(3-6 tháng) Bình sữa 240ML (6 tháng trở lên) 1 núm vú L,DUNG,Dung tích,容量: (3-6个月)240ML奶瓶+(6个月以上)L号奶嘴1个,Dung tích: (3-6 tháng) Bình sữa 240ML (6 tháng trở lên) 1 núm vú L,0.8181685209274292,0.8358776569366455,0.5267744064331055
tang2,颜色,620-2D字,620-2D từ,SAI,Màu sắc,颜色: 620-2D字,Màu sắc: 620-2D từ,0.8670252561569214,0.8929191827774048,0.42478084564208984
tang2,包装规格,【卫龙麻辣麻辣棒】很麻很辣棒16+2克 一盒20包,"[Weilong Spicy Spicy Sticks] Gậy cay cay cay 16+2g, 20 gói trong hộp",DUNG,Quy cách đóng gói,包装规格: 【卫龙麻辣麻辣棒】很麻很辣棒16+2克 一盒20包,"Quy cách đóng gói: [Weilong Spicy Spicy Sticks] Gậy cay cay cay 16+2g, 20 gói trong hộp",0.6405316591262817,0.6758340001106262,0.4468877613544464
tang2,尺寸大小,L(双环奶嘴),L (núm vú giả vòng đôi),DUNG,Kích thước,尺寸大小: L(双环奶嘴),Kích thước: L (núm vú giả vòng đôi),0.6860069036483765,0.7142453193664551,0.32597893476486206
tang2,颜色,冰丝衬衫【灰色】,Áo sơ mi lụa băng [xám],DUNG,Màu sắc,颜色: 冰丝衬衫【灰色】,Màu sắc: Áo sơ mi lụa băng [xám],0.5896904468536377,0.6325432658195496,0.3873148560523987
tang2,容量,160ml_【三用】鸭嘴小粉瓶+奶嘴+吸嘴,160ml_[Ba công dụng] Bình bột mỏ vịt + núm vú giả + đầu hút,SAI,Dung tích,容量: 160ml_【三用】鸭嘴小粉瓶+奶嘴+吸嘴,Dung tích: 160ml_[Ba công dụng] Bình bột mỏ vịt + núm vú giả + đầu hút,0.6584243774414062,0.6817456483840942,0.4471701979637146
tang2,颜色,春秋蝴蝶衣满印粉苹果,Áo cánh bướm xuân thu đầy táo bột,SAI,Màu sắc,颜色: 春秋蝴蝶衣满印粉苹果,Màu sắc: Áo cánh bướm xuân thu đầy táo bột,0.6152451038360596,0.6665029525756836,0.3942025899887085
tang2,花型,柠檬粉(不起球-不掉色）,Bột chanh (không bóng-không phai),SAI,Hoa văn,花型: 柠檬粉(不起球-不掉色）,Hoa văn: Bột chanh (không bóng-không phai),0.6525405645370483,0.6934356689453125,0.3459922969341278
tang2,数据存储时间,根据内存卡大小,Theo kích thước thẻ nhớ,DUNG,Thời gian lưu trữ dữ liệu,数据存储时间: 根据内存卡大小,Thời gian lưu trữ dữ liệu: Theo kích thước thẻ nhớ,0.8364487886428833,0.8490982055664062,0.5890265703201294
tang2,花型,小紫结【A类母婴级/超级软糯】,Nút thắt nhỏ màu tím [Loại A dành cho bà mẹ và trẻ sơ sinh/siêu mềm và sáp],SAI,Hoa văn,花型: 小紫结【A类母婴级/超级软糯】,Hoa văn: Nút thắt nhỏ màu tím [Loại A dành cho bà mẹ và trẻ sơ sinh/siêu mềm và sáp],0.6718427538871765,0.6812102794647217,0.3815152645111084
tang2,颜色,浅咖色【5A抗菌+无骨】提花包屁衣6226,Áo sơ mi túi jacquard màu nâu nhạt [5A kháng khuẩn + không xương] 6226,SAI,Màu sắc,颜色: 浅咖色【5A抗菌+无骨】提花包屁衣6226,Màu sắc: Áo sơ mi túi jacquard màu nâu nhạt [5A kháng khuẩn + không xương] 6226,0.636198878288269,0.6394515037536621,0.34930551052093506
tang2,颜色,透明1个装【简约款】书本收纳,Hộp đựng sách trong suốt 1 gói [kiểu đơn giản],DUNG,Màu sắc,颜色: 透明1个装【简约款】书本收纳,Màu sắc: Hộp đựng sách trong suốt 1 gói [kiểu đơn giản],0.7233544588088989,0.7360222339630127,0.3586958646774292
tang2,容量,80L-90L（含）,80L-90L (bao gồm),DUNG,Dung tích,容量: 80L-90L（含）,Dung tích: 80L-90L (bao gồm),0.965227484703064,0.9143819212913513,0.4043489694595337
tang2,是否电动,非电动,Không dùng điện,DUNG,Có chạy điện không,是否电动: 非电动,Có chạy điện không: Không dùng điện,0.6523392200469971,0.7530784010887146,0.6523392200469971
tang2,花型,项天歌【A类母婴级/超级软糯】,Xiang Tiange [Loại A dành cho bà mẹ và trẻ sơ sinh/siêu mềm và như sáp],SAI,Hoa văn,花型: 项天歌【A类母婴级/超级软糯】,Hoa văn: Xiang Tiange [Loại A dành cho bà mẹ và trẻ sơ sinh/siêu mềm và như sáp],0.6780545711517334,0.6645928621292114,0.4063072204589844
tang2,颜色,208218熊猫秋栗黄,208218 Panda Màu Vàng Hạt Dẻ Mùa Thu,DUNG,Màu sắc,颜色: 208218熊猫秋栗黄,Màu sắc: 208218 Panda Màu Vàng Hạt Dẻ Mùa Thu,0.5120956897735596,0.5940847396850586,0.4070361256599426
tang2,颜色,2246迷彩小号,2246 kèn ngụy trang,SAI,Màu sắc,颜色: 2246迷彩小号,Màu sắc: 2246 kèn ngụy trang,0.71620774269104,0.7384186387062073,0.33364471793174744
tang2,容量,240ML配L码【含吸管组】,240ML với mã L [bao gồm cả bộ ống hút],SAI,Dung tích,容量: 240ML配L码【含吸管组】,Dung tích: 240ML với mã L [bao gồm cả bộ ống hút],0.8409681916236877,0.8409242630004883,0.6400843262672424
tang2,尺寸,24寸（箱体摔坏免费换新）,24 inch (hộp bị hỏng và thay thế miễn phí),DUNG,Kích thước,尺寸: 24寸（箱体摔坏免费换新）,Kích thước: 24 inch (hộp bị hỏng và thay thế miễn phí),0.8478189706802368,0.8694336414337158,0.6869332790374756
tang2,尺寸,28寸【抗摔耐磨-包角防护】,28 inch [Bảo vệ góc chống va đập và chống mài mòn],DUNG,Kích thước,尺寸: 28寸【抗摔耐磨-包角防护】,Kích thước: 28 inch [Bảo vệ góc chống va đập và chống mài mòn],0.8151228427886963,0.8530834913253784,0.39310240745544434
tang2,规格,28格/56格,28 lưới/56 lưới,SAI,Quy cách,规格: 28格/56格,Quy cách: 28 lưới/56 lưới,0.7777920961380005,0.8039358854293823,0.3091190457344055
tang2,颜色,311-38 薯条爆米花两款随机一盒,"311-38 Khoai tây chiên, bỏng ngô, hai loại, một hộp ngẫu nhiên",DUNG,Màu sắc,颜色: 311-38 薯条爆米花两款随机一盒,"Màu sắc: 311-38 Khoai tây chiên, bỏng ngô, hai loại, một hộp ngẫu nhiên",0.6230484843254089,0.6450523138046265,0.39539042115211487
tang2,颜色分类,360导航一体机（4+64G）,360 điều hướng tất cả trong một (4 64G),DUNG,Phân loại màu sắc,颜色分类: 360导航一体机（4+64G）,Phân loại màu sắc: 360 điều hướng tất cả trong một (4 64G),0.7955286502838135,0.7949490547180176,0.6127757430076599
tang2,尺码,3XL（建议170-190斤）,3XL (khuyên dùng 85-95kg),DUNG,Kích cỡ,尺码: 3XL（建议170-190斤）,Kích cỡ: 3XL (khuyên dùng 85-95kg),0.8213233947753906,0.8353772163391113,0.43239837884902954
tang2,颜色,3分格+四边伸缩,Lưới 3 phần + kính thiên văn ở bốn phía,SAI,Màu sắc,颜色: 3分格+四边伸缩,Màu sắc: Lưới 3 phần + kính thiên văn ở bốn phía,0.6614784002304077,0.7367721199989319,0.37645524740219116
tang2,容量,406 标口弧身奶瓶125ml粉色（ 图案随机）,Bình sữa cong miệng tiêu chuẩn 406 125ml màu hồng (hoa văn ngẫu nhiên),DUNG,Dung tích,容量: 406 标口弧身奶瓶125ml粉色（ 图案随机）,Dung tích: Bình sữa cong miệng tiêu chuẩn 406 125ml màu hồng (hoa văn ngẫu nhiên),0.6996045112609863,0.7313411235809326,0.3769637942314148
tang2,产品规格,4D-V脸提拉面膜-白色(样品),Mặt nạ nâng cơ mặt 4D-V-Trắng (Mẫu),DUNG,Quy cách sản phẩm,产品规格: 4D-V脸提拉面膜-白色(样品),Quy cách sản phẩm: Mặt nạ nâng cơ mặt 4D-V-Trắng (Mẫu),0.7062881588935852,0.7147935628890991,0.4043210446834564
tang2,颜色,6634精英灰-旗舰版,6634 Elite Grey-Ultimate Edition,DUNG,Màu sắc,颜色: 6634精英灰-旗舰版,Màu sắc: 6634 Elite Grey-Ultimate Edition,0.7794533371925354,0.8016772270202637,0.40499746799468994
tang2,颜色,706-88【白色】变形超跑,706-88 [Trắng] Siêu xe biến hình,DUNG,Màu sắc,颜色: 706-88【白色】变形超跑,Màu sắc: 706-88 [Trắng] Siêu xe biến hình,0.7814472913742065,0.792489767074585,0.3951783776283264
tang2,颜色,8024-深棕,8024-nâu đậm,DUNG,Màu sắc,颜色: 8024-深棕,Màu sắc: 8024-nâu đậm,0.76115882396698,0.7760114669799805,0.4403388798236847
tang2,颜色,8028--白色(升级款+杯架),8028-Trắng (giá để cốc nâng cấp),DUNG,Màu sắc,颜色: 8028--白色(升级款+杯架),Màu sắc: 8028-Trắng (giá để cốc nâng cấp),0.7846417427062988,0.8157061338424683,0.3412724733352661
tang2,颜色,88808镂空米灰色,88808 rỗng màu be xám,DUNG,Màu sắc,颜色: 88808镂空米灰色,Màu sắc: 88808 rỗng màu be xám,0.7050246596336365,0.705766499042511,0.3859601616859436
tang2,颜色分类,A400 Pro 4K—USB取电版 不含车充,A400 Pro 4K—Phiên bản nguồn USB không bao gồm bộ sạc xe hơi,DUNG,Phân loại màu sắc,颜色分类: A400 Pro 4K—USB取电版 不含车充,Phân loại màu sắc: A400 Pro 4K—Phiên bản nguồn USB không bao gồm bộ sạc xe hơi,0.9117599725723267,0.8972041606903076,0.40801793336868286
tang2,规格尺寸,ACC供电(12V)（带停车监控）,ACC cung cấp điện (12V)(với giám sát bãi đậu xe),SAI,Kích thước thông số kỹ thuật,规格尺寸: ACC供电(12V)（带停车监控）,Kích thước thông số kỹ thuật: ACC cung cấp điện (12V)(với giám sát bãi đậu xe),0.9155943989753723,0.8814969062805176,0.3066945970058441
tang2,颜色,AD013米色,AD013 màu be,DUNG,Màu sắc,颜色: AD013米色,Màu sắc: AD013 màu be,0.8376648426055908,0.834790825843811,0.3956994116306305
tang2,颜色,CF58灰色,CF58 màu xám,DUNG,Màu sắc,颜色: CF58灰色,Màu sắc: CF58 màu xám,0.8748977184295654,0.87398761510849,0.36192160844802856
tang2,颜色,CUI03豆沙色,CUI03 màu đậu,SAI,Màu sắc,颜色: CUI03豆沙色,Màu sắc: CUI03 màu đậu,0.837363600730896,0.8443505764007568,0.5078460574150085
tang2,颜色,H28肤色,Màu da H28,DUNG,Màu sắc,颜色: H28肤色,Màu sắc: Màu da H28,0.7860918045043945,0.9095826148986816,0.34414470195770264
tang2,颜色,H28黑色,H28 đen,DUNG,Màu sắc,颜色: H28黑色,Màu sắc: H28 đen,0.9370651841163635,0.9217687249183655,0.32733938097953796
tang2,货号,K24C70牛仔两件套1688,Bộ hai mảnh denim K24C70 1688,DUNG,Mã sản phẩm,货号: K24C70牛仔两件套1688,Mã sản phẩm: Bộ hai mảnh denim K24C70 1688,0.7919183969497681,0.752544105052948,0.428943008184433
tang2,颜色,K471-豆豆充电站,K471-Trạm sạc Đậu Đậu,DUNG,Màu sắc,颜色: K471-豆豆充电站,Màu sắc: K471-Trạm sạc Đậu Đậu,0.7878285646438599,0.813443660736084,0.3333083987236023
tang2,颜色,KK-1白蓝,KK-1 trắng xanh,DUNG,Màu sắc,颜色: KK-1白蓝,Màu sắc: KK-1 trắng xanh,0.866136908531189,0.869920551776886,0.45516782999038696
tang2,颜色,M136【黑色】关于翻译功能：用户需额外购置 AI 码；若未购置，系统默认不包含该功能,"M136 [Đen] Về chức năng dịch: Người dùng cần mua thêm mã AI, nếu không mua, hệ thống mặc định không bao gồm chức năng này",DUNG,Màu sắc,颜色: M136【黑色】关于翻译功能：用户需额外购置 AI 码；若未购置，系统默认不包含该功能,"Màu sắc: M136 [Đen] Về chức năng dịch: Người dùng cần mua thêm mã AI, nếu không mua, hệ thống mặc định không bao gồm chức năng này",0.8357381820678711,0.8779758214950562,0.38744378089904785
tang2,颜色,PRO4SS黑色,PRO4SS màu đen,DUNG,Màu sắc,颜色: PRO4SS黑色,Màu sắc: PRO4SS màu đen,0.9265104532241821,0.9113813042640686,0.3197375535964966
tang2,颜色,Q1-PRO肤色,Màu da Q1-PRO,DUNG,Màu sắc,颜色: Q1-PRO肤色,Màu sắc: Màu da Q1-PRO,0.7585537433624268,0.9090190529823303,0.354038268327713
tang2,类型,TWS40(四麦ANC+ENC),TWS40 (bốn ANC+ENC),SAI,Loại,类型: TWS40(四麦ANC+ENC),Loại: TWS40 (bốn ANC+ENC),0.8404393196105957,0.8706974983215332,0.37190520763397217
tang2,颜色,VV1509-08 苍蝇 201PCS,VV1509-08 Bay 201 CÁI,SAI,Màu sắc,颜色: VV1509-08 苍蝇 201PCS,Màu sắc: VV1509-08 Bay 201 CÁI,0.6972180604934692,0.7330688238143921,0.40573424100875854
tang2,颜色,X320（白）,X320 (Trắng),DUNG,Màu sắc,颜色: X320（白）,Màu sắc: X320 (Trắng),0.8821338415145874,0.9008389115333557,0.4201395511627197
tang2,颜色,pu贝壳小狗双肩(黄色),Vai chó con vỏ pu (màu vàng),SAI,Màu sắc,颜色: pu贝壳小狗双肩(黄色),Màu sắc: Vai chó con vỏ pu (màu vàng),0.5335903763771057,0.5976841449737549,0.4236251711845398
tang2,产品规格,strawberry草莓面膜25ml[仅供外贸出口售，禁国内销售，购买即默认免责声明且承担责任],"Mặt nạ dâu tây strawberry 25ml [Chỉ bán hàng xuất khẩu ngoại thương, cấm bán hàng trong nước, mua hàng là mặc định từ chối trách nhiệm và chịu trách nhiệm]",DUNG,Quy cách sản phẩm,产品规格: strawberry草莓面膜25ml[仅供外贸出口售，禁国内销售，购买即默认免责声明且承担责任],"Quy cách sản phẩm: Mặt nạ dâu tây strawberry 25ml [Chỉ bán hàng xuất khẩu ngoại thương, cấm bán hàng trong nước, mua hàng là mặc định từ chối trách nhiệm và chịu trách nhiệm]",0.8245846033096313,0.8222018480300903,0.5097465515136719
tang2,包装规格,【1000g】椰片脆芙/约106包,[1000g] miếng dừa giòn/khoảng 106 gói,DUNG,Quy cách đóng gói,包装规格: 【1000g】椰片脆芙/约106包,Quy cách đóng gói: [1000g] miếng dừa giòn/khoảng 106 gói,0.6161926984786987,0.6304140090942383,0.3762195110321045
tang2,颜色,【合金惯性消防车】云梯车,[Xe cứu hỏa hợp kim quán tính]Xe thang,DUNG,Màu sắc,颜色: 【合金惯性消防车】云梯车,Màu sắc: [Xe cứu hỏa hợp kim quán tính]Xe thang,0.5688248872756958,0.6621619462966919,0.32778358459472656
tang2,包装规格,【品质之选】 远甜 苦丁茶 50g,[Lựa chọn chất lượng] Trà Yuantian Badong 50g,SAI,Quy cách đóng gói,包装规格: 【品质之选】 远甜 苦丁茶 50g,Quy cách đóng gói: [Lựa chọn chất lượng] Trà Yuantian Badong 50g,0.5911203622817993,0.6379703879356384,0.4213100075721741
tang2,产品规格,【男士】水活畅透洁面晶露100g,[Đàn ông] Gel rửa mặt dưỡng ẩm 100g,DUNG,Quy cách sản phẩm,产品规格: 【男士】水活畅透洁面晶露100g,Quy cách sản phẩm: [Đàn ông] Gel rửa mặt dưỡng ẩm 100g,0.6907865405082703,0.6816678643226624,0.6907865405082703
tang2,包装规格,【白鸡冠】单价390元,[White Cockscomb] Đơn giá 390 nhân dân tệ,DUNG,Quy cách đóng gói,包装规格: 【白鸡冠】单价390元,Quy cách đóng gói: [White Cockscomb] Đơn giá 390 nhân dân tệ,0.6790831089019775,0.6805495619773865,0.483070969581604
tang2,颜色,七代网面灰色,"Thế hệ 7, thân lưới màu xám",DUNG,Màu sắc,颜色: 七代网面灰色,"Màu sắc: Thế hệ 7, thân lưới màu xám",0.6795635223388672,0.7455165386199951,0.3578786849975586
tang2,适用型号,三星M14 5G,Samsung M14 5G,DUNG,Dòng máy tương thích,适用型号: 三星M14 5G,Dòng máy tương thích: Samsung M14 5G,0.9660662412643433,0.9107615351676941,0.502872109413147
tang2,颜色,中号（透明带隔板）,Trung bình (có vách ngăn trong suốt),DUNG,Màu sắc,颜色: 中号（透明带隔板）,Màu sắc: Trung bình (có vách ngăn trong suốt),0.6198233366012573,0.7254863381385803,0.36304712295532227
tang2,尺寸,乌檀木316粉扒,Gỗ đàn hương đen 316,SAI,Kích thước,尺寸: 乌檀木316粉扒,Kích thước: Gỗ đàn hương đen 316,0.5817960500717163,0.6407582759857178,0.36096495389938354
tang2,花型,云裳-清风约定,Lời hứa của Yunshang-Breeze,DUNG,Hoa văn,花型: 云裳-清风约定,Hoa văn: Lời hứa của Yunshang-Breeze,0.4003143310546875,0.5171641111373901,0.4414384365081787
tang2,包装规格,五口味混合5枚,5 hỗn hợp năm hương vị,DUNG,Quy cách đóng gói,包装规格: 五口味混合5枚,Quy cách đóng gói: 5 hỗn hợp năm hương vị,0.800908625125885,0.8143811225891113,0.4172047972679138
tang2,流行元素,交叉带,Dây đai chéo,DUNG,Yếu tố thịnh hành,流行元素: 交叉带,Yếu tố thịnh hành: Dây đai chéo,0.4841877520084381,0.6400745511054993,0.4185657203197479
tang2,颜色,亮橘粉,màu hồng cam sáng,DUNG,Màu sắc,颜色: 亮橘粉,Màu sắc: màu hồng cam sáng,0.4999830424785614,0.6829586029052734,0.40620434284210205
tang2,属性1,仿母乳硅胶奶瓶,Bình sữa silicon mô phỏng bú mẹ,DUNG,Thuộc tính 1,属性1: 仿母乳硅胶奶瓶,Thuộc tính 1: Bình sữa silicon mô phỏng bú mẹ,0.7279727458953857,0.7199298143386841,0.7279727458953857
tang2,尺寸规格,儿童床【床单款三件套】-适合150x200cm被芯,Giường trẻ em [bộ ga trải giường 3 món] - phù hợp với lõi chăn 150x200cm,DUNG,Kích thước,尺寸规格: 儿童床【床单款三件套】-适合150x200cm被芯,Kích thước: Giường trẻ em [bộ ga trải giường 3 món] - phù hợp với lõi chăn 150x200cm,0.7509856820106506,0.7528164386749268,0.5717469453811646
tang2,颜色,全黑鸵鸟纹,Vân đà điểu đen tuyền,DUNG,Màu sắc,颜色: 全黑鸵鸟纹,Màu sắc: Vân đà điểu đen tuyền,0.3665829002857208,0.5196970105171204,0.3326134979724884
tang2,花型,凯特猫格子铺,Cửa hàng kẻ sọc Kate Cat,SAI,Hoa văn,花型: 凯特猫格子铺,Hoa văn: Cửa hàng kẻ sọc Kate Cat,0.7396329045295715,0.6717822551727295,0.37463849782943726
tang2,花型,初夏《紫》-【 不起球-不掉色],"Đầu mùa hè ""Màu tím""-[Không bóng không phai]",SAI,Hoa văn,花型: 初夏《紫》-【 不起球-不掉色],"Hoa văn: Đầu mùa hè ""Màu tím""-[Không bóng không phai]",0.6824080944061279,0.6332309246063232,0.4566769003868103
tang2,颜色,加厚灰色,Màu xám đậm,SAI,Màu sắc,颜色: 加厚灰色,Màu sắc: Màu xám đậm,0.6077813506126404,0.7049536108970642,0.475300133228302
tang2,花型,北欧细条ya/100%棉,Sọc mảnh phong cách Bắc Âu/100% cotton,DUNG,Hoa văn,花型: 北欧细条ya/100%棉,Hoa văn: Sọc mảnh phong cách Bắc Âu/100% cotton,0.7234896421432495,0.7306015491485596,0.3522385358810425
tang2,产品名称,口红雨衣,Áo mưa son môi,SAI,Tên sản phẩm,产品名称: 口红雨衣,Tên sản phẩm: Áo mưa son môi,0.7146165370941162,0.7655329704284668,0.4152945280075073
tang2,加工定制,可,Có thể,DUNG,Gia công tùy chỉnh,加工定制: 可,Gia công tùy chỉnh: Có thể,0.805877685546875,0.8584584593772888,0.805877685546875
tang2,花型,可可蓝调,Cacao Blues,DUNG,Hoa văn,花型: 可可蓝调,Hoa văn: Cacao Blues,0.5686018466949463,0.6166900396347046,0.45765525102615356
tang2,颜色,合金弯头缝隙刷23cm,Bàn chải kẽ hở khuỷu tay bằng hợp kim 23cm,SAI,Màu sắc,颜色: 合金弯头缝隙刷23cm,Màu sắc: Bàn chải kẽ hở khuỷu tay bằng hợp kim 23cm,0.6632384061813354,0.6704198122024536,0.3074096143245697
tang2,颜色,合金消防车14只装772A-100,Xe cứu hỏa hợp kim 14 chiếc 772A-100,DUNG,Màu sắc,颜色: 合金消防车14只装772A-100,Màu sắc: Xe cứu hỏa hợp kim 14 chiếc 772A-100,0.8493499159812927,0.8653649687767029,0.2880859971046448
tang2,花型,同桌的你,Bạn cùng bàn,DUNG,Hoa văn,花型: 同桌的你,Hoa văn: Bạn cùng bàn,0.6941573023796082,0.6941630244255066,0.40267497301101685
tang2,容量,吸嘴【小粉透明瓶】160ml 带重力球,Đầu hút [chai nhỏ trong suốt bằng bột] 160ml với bóng trọng lực,SAI,Dung tích,容量: 吸嘴【小粉透明瓶】160ml 带重力球,Dung tích: Đầu hút [chai nhỏ trong suốt bằng bột] 160ml với bóng trọng lực,0.6994880437850952,0.7216199636459351,0.5121211409568787
tang2,包装规格,多味花生（整箱5斤）约250包,Đậu phộng nhiều hương vị (cả thùng 5 kg) khoảng 250 gói,SAI,Quy cách đóng gói,包装规格: 多味花生（整箱5斤）约250包,Quy cách đóng gói: Đậu phộng nhiều hương vị (cả thùng 5 kg) khoảng 250 gói,0.7464705109596252,0.7476012706756592,0.5304343700408936
tang2,适用场景,多场景,多场景,SAI,Dịp sử dụng,适用场景: 多场景,Dịp sử dụng: 多场景,1.0,0.9332560896873474,0.46558117866516113
tang2,颜色,大G越野车-红色（opp袋）,Xe địa hình G-Class - màu đỏ (túi OPP),DUNG,Màu sắc,颜色: 大G越野车-红色（opp袋）,Màu sắc: Xe địa hình G-Class - màu đỏ (túi OPP),0.6919929385185242,0.6989356279373169,0.35036975145339966
tang2,净重（规格）,大刀肉买25个送25个,Thịt dao lớn mua 25 tặng 25,DUNG,Trọng lượng tịnh (thông số kỹ thuật),净重（规格）: 大刀肉买25个送25个,Trọng lượng tịnh (thông số kỹ thuật): Thịt dao lớn mua 25 tặng 25,0.8342254161834717,0.8173130750656128,0.4702059030532837
tang2,颜色,大号飞翼,Cánh bay lớn,DUNG,Màu sắc,颜色: 大号飞翼,Màu sắc: Cánh bay lớn,0.6487027406692505,0.8367584943771362,0.3553781509399414
tang2,规格,大蓝灯弹弓,Ná cao su đèn xanh lớn,DUNG,Quy cách,规格: 大蓝灯弹弓,Quy cách: Ná cao su đèn xanh lớn,0.49853911995887756,0.5884408950805664,0.3525451421737671
tang2,颜色,大象灰22cm 店主推荐，实用耐看,"Màu xám voi 22cm do chủ quán giới thiệu, thiết thực và đẹp mắt",DUNG,Màu sắc,颜色: 大象灰22cm 店主推荐，实用耐看,"Màu sắc: Màu xám voi 22cm do chủ quán giới thiệu, thiết thực và đẹp mắt",0.6508409976959229,0.6809961199760437,0.39394402503967285
tang2,鞋头款式,夹趾,Dép kẹp ngón chân,DUNG,Kiểu mũi giày,鞋头款式: 夹趾,Kiểu mũi giày: Dép kẹp ngón chân,0.5375773310661316,0.7161200046539307,0.5375773310661316
tang2,颜色,奶油米 一门60长【三面透明】,Bánh kem dài 60 cánh [trong suốt ba mặt],SAI,Màu sắc,颜色: 奶油米 一门60长【三面透明】,Màu sắc: Bánh kem dài 60 cánh [trong suốt ba mặt],0.6980592012405396,0.712051272392273,0.4207879900932312
tang2,产品名称,妮维雅男士控油抗痘精华洁面液,Sữa rửa mặt tinh chất kiểm soát dầu và chống mụn cho nam Nivea,DUNG,Tên sản phẩm,产品名称: 妮维雅男士控油抗痘精华洁面液,Tên sản phẩm: Sữa rửa mặt tinh chất kiểm soát dầu và chống mụn cho nam Nivea,0.732598066329956,0.7455165386199951,0.4979896545410156
tang2,收纳场景,娃娃展示,Trưng bày búp bê,DUNG,Không gian sử dụng,收纳场景: 娃娃展示,Không gian sử dụng: Trưng bày búp bê,0.6890161633491516,0.6732457876205444,0.3913140892982483
tang2,颜色,(送3人偶)超大号校车【声光/惯性/可开门】,(Gửi 3 búp bê) Xe buýt trường học cực lớn [âm thanh và ánh sáng/quán tính/có thể mở cửa],SAI,Màu sắc,颜色: (送3人偶)超大号校车【声光/惯性/可开门】,Màu sắc: (Gửi 3 búp bê) Xe buýt trường học cực lớn [âm thanh và ánh sáng/quán tính/có thể mở cửa],0.7312487959861755,0.7634671926498413,0.46901893615722656
tang2,包装规格,实惠【100包】混合味50包送50包,Giá cả phải chăng [100 Gói] Hương vị hỗn hợp 50 Gói Nhận 50 Gói miễn phí,DUNG,Quy cách đóng gói,包装规格: 实惠【100包】混合味50包送50包,Quy cách đóng gói: Giá cả phải chăng [100 Gói] Hương vị hỗn hợp 50 Gói Nhận 50 Gói miễn phí,0.7714763879776001,0.8070115447044373,0.5152065753936768
tang2,容量,...60ml硅胶奶瓶（裸装）..,...Bình sữa silicon 60ml (không hộp)...,DUNG,Dung tích,容量: ...60ml硅胶奶瓶（裸装）..,Dung tích: ...Bình sữa silicon 60ml (không hộp)...,0.7788567543029785,0.7909058928489685,0.40040919184684753
tang2,产品规格,寡肽胶原蛋白面膜5片/盒,Mặt nạ collagen Oligopeptide 5 cái/hộp,DUNG,Quy cách sản phẩm,产品规格: 寡肽胶原蛋白面膜5片/盒,Quy cách sản phẩm: Mặt nạ collagen Oligopeptide 5 cái/hộp,0.6325889229774475,0.6645826697349548,0.5456410050392151
tang2,颜色,尊享白兰色 N988【内增高】,Trắng Lan Cao Cấp N988 [Tăng chiều cao bên trong],DUNG,Màu sắc,颜色: 尊享白兰色 N988【内增高】,Màu sắc: Trắng Lan Cao Cấp N988 [Tăng chiều cao bên trong],0.8089497089385986,0.8215687870979309,0.3986475169658661
tang2,颜色,小号推土车【18.5*10.5*10.5】,Xe đẩy nhỏ [18.5*10.5*10.5],SAI,Màu sắc,颜色: 小号推土车【18.5*10.5*10.5】,Màu sắc: Xe đẩy nhỏ [18.5*10.5*10.5],0.8091529607772827,0.8189250230789185,0.30762994289398193
tang2,颜色,小号粉色,Hồng Nhạt,SAI,Màu sắc,颜色: 小号粉色,Màu sắc: Hồng Nhạt,0.3471772074699402,0.6364461183547974,0.4146595299243927
tang2,产品类别,帆船鞋,giày chèo thuyền,DUNG,Danh mục sản phẩm,产品类别: 帆船鞋,Danh mục sản phẩm: giày chèo thuyền,0.6681402921676636,0.6856292486190796,0.34135204553604126
tang2,规格,带卡扣 1.45升【特厚款】,"Có khóa cài, 1.45 lít [Loại siêu dày]",DUNG,Quy cách,规格: 带卡扣 1.45升【特厚款】,"Quy cách: Có khóa cài, 1.45 lít [Loại siêu dày]",0.8119959831237793,0.8215309381484985,0.45663249492645264
tang2,包装规格,开门纳福【六层高级好礼+送谁都喜欢】,Mở cửa đón phúc[Sáu món quà cao cấp + Gửi ai cũng thích],DUNG,Quy cách đóng gói,包装规格: 开门纳福【六层高级好礼+送谁都喜欢】,Quy cách đóng gói: Mở cửa đón phúc[Sáu món quà cao cấp + Gửi ai cũng thích],0.7962227463722229,0.7878174781799316,0.38739094138145447
tang2,花型,心想事橙【100%棉 预留缩水空间 支持火烧】,"Mọi điều ước đều thành hiện thực [100% cotton, có độ co rút, hỗ trợ xử lý bằng lửa]",SAI,Hoa văn,花型: 心想事橙【100%棉 预留缩水空间 支持火烧】,"Hoa văn: Mọi điều ước đều thành hiện thực [100% cotton, có độ co rút, hỗ trợ xử lý bằng lửa]",0.6582278609275818,0.6444312334060669,0.5029235482215881
tang2,花型,快乐猫{100%纯棉加厚磨毛},"Mèo Vui Vẻ {100% cotton nguyên chất, dày dặn, chải lông}",DUNG,Hoa văn,花型: 快乐猫{100%纯棉加厚磨毛},"Hoa văn: Mèo Vui Vẻ {100% cotton nguyên chất, dày dặn, chải lông}",0.7199887037277222,0.6709887981414795,0.5374696850776672
tang2,颜色,扁款中号【无盖】-奶油,Loại phẳng vừa [không có nắp]-kem,DUNG,Màu sắc,颜色: 扁款中号【无盖】-奶油,Màu sắc: Loại phẳng vừa [không có nắp]-kem,0.6222689151763916,0.6711305379867554,0.36973825097084045
tang2,颜色,05#灰浪潮,05#sóng xám,DUNG,Màu sắc,颜色: 05#灰浪潮,Màu sắc: 05#sóng xám,0.6432338356971741,0.7736752033233643,0.39707452058792114
tang2,颜色,07#色,07 # Màu,DUNG,Màu sắc,颜色: 07#色,Màu sắc: 07 # Màu,0.8055084347724915,0.9023957252502441,0.39304444193840027
tang2,颜色,077短袖黑色,077 tay ngắn màu đen,DUNG,Màu sắc,颜色: 077短袖黑色,Màu sắc: 077 tay ngắn màu đen,0.8153234720230103,0.8147350549697876,0.4458358883857727
tang2,颜色,散装-浅灰 (40粒方形双面吸盘),Số lượng lớn - màu xám nhạt (40 giác hút hai mặt vuông),SAI,Màu sắc,颜色: 散装-浅灰 (40粒方形双面吸盘),Màu sắc: Số lượng lớn - màu xám nhạt (40 giác hút hai mặt vuông),0.6869275569915771,0.7197008728981018,0.37549352645874023
tang2,货号,新P260529044,Mới P260529044,DUNG,Mã sản phẩm,货号: 新P260529044,Mã sản phẩm: Mới P260529044,0.9298362731933594,0.9235990047454834,0.3350710868835449
tang2,尺寸,1-701空盒（12.8*8.8*4.3cm）,1-701 hộp rỗng (12.8*8.8*4.3cm),DUNG,Kích thước,尺寸: 1-701空盒（12.8*8.8*4.3cm）,Kích thước: 1-701 hộp rỗng (12.8*8.8*4.3cm),0.9136959314346313,0.9043064117431641,0.40444186329841614
tang2,颜色,方盒：6.5x6.5x2cm,Hộp vuông: 6.5x6.5x2cm,DUNG,Màu sắc,颜色: 方盒：6.5x6.5x2cm,Màu sắc: Hộp vuông: 6.5x6.5x2cm,0.8125795125961304,0.8048752546310425,0.6079602241516113
tang2,花型,无印专柜-烟蓝中条,Quầy không in-Dải màu xanh khói,SAI,Hoa văn,花型: 无印专柜-烟蓝中条,Hoa văn: Quầy không in-Dải màu xanh khói,0.616060733795166,0.6186997890472412,0.3507464528083801
tang2,颜色,时尚拉链【星耀黑】隔层内里,Lớp lót ngăn khóa kéo thời trang [đen sao],DUNG,Màu sắc,颜色: 时尚拉链【星耀黑】隔层内里,Màu sắc: Lớp lót ngăn khóa kéo thời trang [đen sao],0.6232370734214783,0.6555211544036865,0.4399188756942749
tang2,容量,昕炯-ppsu材质冬夏牛角绿色200ML---限量特价,昕炯-ppsu材质冬夏牛角绿色200ML---限量特价,SAI,Dung tích,容量: 昕炯-ppsu材质冬夏牛角绿色200ML---限量特价,Dung tích: 昕炯-ppsu材质冬夏牛角绿色200ML---限量特价,1.000000238418579,0.9378629326820374,0.435444176197052
tang2,颜色,晚安小熊,Chúc ngủ ngon gấu nhỏ,DUNG,Màu sắc,颜色: 晚安小熊,Màu sắc: Chúc ngủ ngon gấu nhỏ,0.6671280860900879,0.7327154874801636,0.44656336307525635
tang2,包装规格,望杏福蛋黄口味40g,Gia vị lòng đỏ trứng Wangxingfu 40g,DUNG,Quy cách đóng gói,包装规格: 望杏福蛋黄口味40g,Quy cách đóng gói: Gia vị lòng đỏ trứng Wangxingfu 40g,0.5839941501617432,0.6023873686790466,0.387526273727417
tang2,尺寸规格,1.5m1.8m床单款四件套（被套200*230 床单230*245cm),Bộ bốn mảnh ga trải giường 1.5m1.8m (vỏ chăn 200*230 ga trải giường 230*245cm),DUNG,Kích thước,尺寸规格: 1.5m1.8m床单款四件套（被套200*230 床单230*245cm),Kích thước: Bộ bốn mảnh ga trải giường 1.5m1.8m (vỏ chăn 200*230 ga trải giường 230*245cm),0.8166202306747437,0.8076844811439514,0.6214718222618103
tang2,花型,极地白【100%莱赛尔天丝四件套-裸睡亲肤-纵享丝滑】,Polar White [Bộ bốn món 100% Lyocell Tencel - Thân thiện với làn da khi ngủ khỏa thân - Tận hưởng sự mịn màng mượt mà],DUNG,Hoa văn,花型: 极地白【100%莱赛尔天丝四件套-裸睡亲肤-纵享丝滑】,Hoa văn: Polar White [Bộ bốn món 100% Lyocell Tencel - Thân thiện với làn da khi ngủ khỏa thân - Tận hưởng sự mịn màng mượt mà],0.7105709314346313,0.7012086510658264,0.6013548970222473
tang2,包装规格,果香肉桂pc32包/盒（250克,Túi/hộp Quế trái cây pc32 (250g,DUNG,Quy cách đóng gói,包装规格: 果香肉桂pc32包/盒（250克,Quy cách đóng gói: Túi/hộp Quế trái cây pc32 (250g,0.666274905204773,0.694623589515686,0.5493863821029663
tang2,产品规格,核桃多肽氨基酸洁面乳100ml (小气泡),Sữa rửa mặt axit amin peptide óc chó 100ml (bong bóng nhỏ),DUNG,Quy cách sản phẩm,产品规格: 核桃多肽氨基酸洁面乳100ml (小气泡),Quy cách sản phẩm: Sữa rửa mặt axit amin peptide óc chó 100ml (bong bóng nhỏ),0.6081280708312988,0.6031948328018188,0.511191725730896
tang2,花型,格弗里-灰【A类母婴级】,"Gefrey - Xám [Loại A, cấp độ an toàn cho mẹ và bé]",DUNG,Hoa văn,花型: 格弗里-灰【A类母婴级】,"Hoa văn: Gefrey - Xám [Loại A, cấp độ an toàn cho mẹ và bé]",0.6869500279426575,0.6731894016265869,0.4641117453575134
tang2,花型,梦甜灰 【凉感水洗冰丝 裸睡无忧】,"Mộng Điềm Xám [Vải lụa băng mát lạnh, giặt nước, thoải mái ngủ trần]",DUNG,Hoa văn,花型: 梦甜灰 【凉感水洗冰丝 裸睡无忧】,"Hoa văn: Mộng Điềm Xám [Vải lụa băng mát lạnh, giặt nước, thoải mái ngủ trần]",0.6563182473182678,0.6457819938659668,0.35029327869415283
tang2,容量,棕色奶瓶吸水嘴【9月+】,Vòi nước chai màu nâu [Tháng 9+],SAI,Dung tích,容量: 棕色奶瓶吸水嘴【9月+】,Dung tích: Vòi nước chai màu nâu [Tháng 9+],0.6550145745277405,0.6715884208679199,0.559015154838562
tang2,包装规格,椰子红茶500g,Trà đen dừa 500g,DUNG,Quy cách đóng gói,包装规格: 椰子红茶500g,Quy cách đóng gói: Trà đen dừa 500g,0.6152692437171936,0.6178383827209473,0.43099719285964966
tang2,颜色,橙古龙电子琴,Bàn phím điện tử màu cam,SAI,Màu sắc,颜色: 橙古龙电子琴,Màu sắc: Bàn phím điện tử màu cam,0.5130013227462769,0.6293375492095947,0.38858920335769653
tang2,颜色,水晶绒款【樱花粉】,Loại nhung pha lê [phấn hoa anh đào],SAI,Màu sắc,颜色: 水晶绒款【樱花粉】,Màu sắc: Loại nhung pha lê [phấn hoa anh đào],0.5292448401451111,0.6236237287521362,0.41844698786735535
tang2,尺寸规格,1.5床笠四件套-被套200x230,Bộ ga bọc đệm 1.5m 4 món - vỏ chăn 200x230,DUNG,Kích thước,尺寸规格: 1.5床笠四件套-被套200x230,Kích thước: Bộ ga bọc đệm 1.5m 4 món - vỏ chăn 200x230,0.7488362789154053,0.7425855994224548,0.69202721118927
tang2,种类,汽车除雪除冰帮手,Người trợ giúp dọn tuyết ô tô,DUNG,Chủng loại,种类: 汽车除雪除冰帮手,Chủng loại: Người trợ giúp dọn tuyết ô tô,0.7897279262542725,0.8333207368850708,0.7897279262542725
tang2,产品规格,沪美胶原蛋白深润面膜 片装25ml,Mặt nạ dưỡng ẩm sâu Humei Collagen 25ml,DUNG,Quy cách sản phẩm,产品规格: 沪美胶原蛋白深润面膜 片装25ml,Quy cách sản phẩm: Mặt nạ dưỡng ẩm sâu Humei Collagen 25ml,0.6693029403686523,0.6736834645271301,0.38737213611602783
tang2,包装规格,海苔蛋卷【混合】买15包+送一箱【实发25包】,Trứng cuộn rong biển [Hỗn hợp] Mua 15 gói và Tặng một hộp [25 Gói thực tế],DUNG,Quy cách đóng gói,包装规格: 海苔蛋卷【混合】买15包+送一箱【实发25包】,Quy cách đóng gói: Trứng cuộn rong biển [Hỗn hợp] Mua 15 gói và Tặng một hộp [25 Gói thực tế],0.6876528859138489,0.6768633127212524,0.5670855045318604
tang2,花型,淡粉爱心格【100%棉 预留缩水空间 支持火烧】,"Họa tiết kẻ caro trái tim hồng nhạt [100% cotton, có độ co rút, hỗ trợ xử lý bằng lửa]",SAI,Hoa văn,花型: 淡粉爱心格【100%棉 预留缩水空间 支持火烧】,"Hoa văn: Họa tiết kẻ caro trái tim hồng nhạt [100% cotton, có độ co rút, hỗ trợ xử lý bằng lửa]",0.6686863899230957,0.6893289685249329,0.3471735715866089
tang2,颜色,深50*宽30*高25,Sâu 50 * Rộng 30 * Cao 25,DUNG,Màu sắc,颜色: 深50*宽30*高25,Màu sắc: Sâu 50 * Rộng 30 * Cao 25,0.8490642309188843,0.8800039887428284,0.3822557032108307
tang2,尺寸规格,1.8m床笠四件套【被套200*230cm床笠180*200cm】,Bộ 4 chiếc khăn trải giường 1.8 m [vỏ chăn 200*230cm khăn trải giường 180*200cm],SAI,Kích thước,尺寸规格: 1.8m床笠四件套【被套200*230cm床笠180*200cm】,Kích thước: Bộ 4 chiếc khăn trải giường 1.8 m [vỏ chăn 200*230cm khăn trải giường 180*200cm],0.7454103231430054,0.7281486988067627,0.7161157131195068
tang2,风格,潮流风,Phong cách thời thượng,DUNG,Phong cách,风格: 潮流风,Phong cách: Phong cách thời thượng,0.6324151754379272,0.7882421612739563,0.42310965061187744
tang2,颜色,灰色曼联,Màu xám Manchester United,DUNG,Màu sắc,颜色: 灰色曼联,Màu sắc: Màu xám Manchester United,0.638016939163208,0.7576560974121094,0.29816174507141113
tang2,尺寸规格,1.8m（6英尺）床-四件套送枕芯+被芯,Giường 1.8 m(6 feet)-bộ bốn mảnh với lõi gối miễn phí,SAI,Kích thước,尺寸规格: 1.8m（6英尺）床-四件套送枕芯+被芯,Kích thước: Giường 1.8 m(6 feet)-bộ bốn mảnh với lõi gối miễn phí,0.8027181625366211,0.8054226636886597,0.5077548027038574
tang2,颜色,熏衣紫【减震轮+高档内里+5轮款】,Màu tím hun khói [Bánh xe giảm xóc 5 bánh bên trong cao cấp],SAI,Màu sắc,颜色: 熏衣紫【减震轮+高档内里+5轮款】,Màu sắc: Màu tím hun khói [Bánh xe giảm xóc 5 bánh bên trong cao cấp],0.6692270636558533,0.7032400965690613,0.38137590885162354
tang2,颜色,特大号绿色-正方形带盖,Hình vuông màu xanh lá cây cực lớn có nắp,DUNG,Màu sắc,颜色: 特大号绿色-正方形带盖,Màu sắc: Hình vuông màu xanh lá cây cực lớn có nắp,0.6573623418807983,0.7298687696456909,0.44360220432281494
tang2,颜色,10*7*3cm方形【1个】,Hình vuông 10*7*3cm [1 cái],DUNG,Màu sắc,颜色: 10*7*3cm方形【1个】,Màu sắc: Hình vuông 10*7*3cm [1 cái],0.841541588306427,0.8416450023651123,0.43774446845054626
tang2,花型,甜心菠萝【7A升级母婴款】,Dứa ngọt ngào [Phiên bản mẹ và bé nâng cấp 7A],DUNG,Hoa văn,花型: 甜心菠萝【7A升级母婴款】,Hoa văn: Dứa ngọt ngào [Phiên bản mẹ và bé nâng cấp 7A],0.694496750831604,0.6732953786849976,0.39738184213638306
tang2,花型,100S长绒棉-银粉色BG,100S bông sợi dài màu hồng bạc BG,DUNG,Hoa văn,花型: 100S长绒棉-银粉色BG,Hoa văn: 100S bông sợi dài màu hồng bạc BG,0.7299171686172485,0.7101638317108154,0.461104154586792
tang2,适合身高,100cm（建议体重27-33斤）,100cm (trọng lượng khuyến nghị 13.5-16.5kg),DUNG,Phù hợp với chiều cao,适合身高: 100cm（建议体重27-33斤）,Phù hợp với chiều cao: 100cm (trọng lượng khuyến nghị 13.5-16.5kg),0.7949718236923218,0.8714874982833862,0.5152595043182373
tang2,适用型号,畅享9s/荣耀20i,Thưởng thức 9s/Honor 20i,SAI,Dòng máy tương thích,适用型号: 畅享9s/荣耀20i,Dòng máy tương thích: Thưởng thức 9s/Honor 20i,0.7210968136787415,0.7188788652420044,0.41224974393844604
tang2,颜色,白色+酒红色,Màu trắng đỏ rượu,DUNG,Màu sắc,颜色: 白色+酒红色,Màu sắc: Màu trắng đỏ rượu,0.7716403007507324,0.7999875545501709,0.5336557626724243
tang2,颜色,皮面996黑红,Da 996 đen đỏ,DUNG,Màu sắc,颜色: 皮面996黑红,Màu sắc: Da 996 đen đỏ,0.8019985556602478,0.8342779874801636,0.3198177218437195
tang2,产品规格,硫磺男士洗面奶500g,Sữa rửa mặt nam chứa lưu huỳnh 500g,DUNG,Quy cách sản phẩm,产品规格: 硫磺男士洗面奶500g,Quy cách sản phẩm: Sữa rửa mặt nam chứa lưu huỳnh 500g,0.674003005027771,0.6431735754013062,0.41501572728157043
tang2,容量,碧落蓝-自带鸭嘴【300ML】+背带+重力球,Blue Blue-đi kèm với mỏ vịt [300ML] + dây đeo + bóng trọng lực,DUNG,Dung tích,容量: 碧落蓝-自带鸭嘴【300ML】+背带+重力球,Dung tích: Blue Blue-đi kèm với mỏ vịt [300ML] + dây đeo + bóng trọng lực,0.6843137741088867,0.7114395499229431,0.4357193112373352
tang2,包装规格,10枚装【1人装】乳酸菌风味玫瑰饼,10 miếng [gói 1 người] Bánh hoa hồng hương vi khuẩn axit lactic,DUNG,Quy cách đóng gói,包装规格: 10枚装【1人装】乳酸菌风味玫瑰饼,Quy cách đóng gói: 10 miếng [gói 1 người] Bánh hoa hồng hương vi khuẩn axit lactic,0.6720157861709595,0.7073848247528076,0.4319480359554291
tang2,颜色,粉色 鸵鸟纹19,Mẫu Đà Điểu Màu Hồng 19,DUNG,Màu sắc,颜色: 粉色 鸵鸟纹19,Màu sắc: Mẫu Đà Điểu Màu Hồng 19,0.5902822017669678,0.6180887222290039,0.3727341890335083
tang2,颜色,红色 F21【皮面防水】,Đỏ F21 [da chống thấm nước],DUNG,Màu sắc,颜色: 红色 F21【皮面防水】,Màu sắc: Đỏ F21 [da chống thấm nước],0.787473738193512,0.8121002316474915,0.47516846656799316
tang2,花型,纯-深咖,Cà phê đậm đặc,SAI,Hoa văn,花型: 纯-深咖,Hoa văn: Cà phê đậm đặc,0.5841463208198547,0.6062537431716919,0.41446346044540405
tang2,颜色,经典黑【10W+自带四线】,Màu đen cổ điển [10W đi kèm với bốn dây],DUNG,Màu sắc,颜色: 经典黑【10W+自带四线】,Màu sắc: Màu đen cổ điển [10W đi kèm với bốn dây],0.7447890043258667,0.7741892337799072,0.36295002698898315
tang2,净重（规格）,绿爽【200包】千味源经典口味/新鲜日期,Lushuang [200 gói] Hương vị cổ điển Qianweiyuan/chà là tươi,SAI,Trọng lượng tịnh (thông số kỹ thuật),净重（规格）: 绿爽【200包】千味源经典口味/新鲜日期,Trọng lượng tịnh (thông số kỹ thuật): Lushuang [200 gói] Hương vị cổ điển Qianweiyuan/chà là tươi,0.6463963985443115,0.7052845358848572,0.5213452577590942
tang2,颜色,绿色CY15026,Xanh lá CY15026,DUNG,Màu sắc,颜色: 绿色CY15026,Màu sắc: Xanh lá CY15026,0.7705599665641785,0.8474975824356079,0.35705479979515076
tang2,包装规格,12袋奶酪抹茶味/新鲜日期,12 túi phô mai matcha hương vị/ngày tươi,DUNG,Quy cách đóng gói,包装规格: 12袋奶酪抹茶味/新鲜日期,Quy cách đóng gói: 12 túi phô mai matcha hương vị/ngày tươi,0.7033638954162598,0.6939871311187744,0.4337537884712219
tang2,产品规格,美白祛斑面膜盒装5片【蓝色款】,Hộp mặt nạ làm trắng và chống tàn nhang 5 miếng [mẫu màu xanh],DUNG,Quy cách sản phẩm,产品规格: 美白祛斑面膜盒装5片【蓝色款】,Quy cách sản phẩm: Hộp mặt nạ làm trắng và chống tàn nhang 5 miếng [mẫu màu xanh],0.6956607103347778,0.7077301740646362,0.4719727635383606
tang2,面料名称,聚酯纤维100%,100% sợi polyester,DUNG,Tên vải,面料名称: 聚酯纤维100%,Tên vải: 100% sợi polyester,0.847257673740387,0.846761167049408,0.43015170097351074
tang2,颜色,胖墩墩-黑色,Mũm mĩm-đen,DUNG,Màu sắc,颜色: 胖墩墩-黑色,Màu sắc: Mũm mĩm-đen,0.49526000022888184,0.5780922174453735,0.4667331278324127
tang2,颜色,至尊蓝│八重降噪震撼大音量【5500小时待机+震撼环绕重低音】氛围双屏显+插卡K歌+运动防水,"màu xanh tối cao │ Giảm tiếng ồn tám lần, âm lượng lớn gây sốc [5500 giờ chờ + âm trầm vòm gây sốc] Màn hình kép khí quyển + thẻ karaoke + chống nước thể thao",DUNG,Màu sắc,颜色: 至尊蓝│八重降噪震撼大音量【5500小时待机+震撼环绕重低音】氛围双屏显+插卡K歌+运动防水,"Màu sắc: màu xanh tối cao │ Giảm tiếng ồn tám lần, âm lượng lớn gây sốc [5500 giờ chờ + âm trầm vòm gây sốc] Màn hình kép khí quyển + thẻ karaoke + chống nước thể thao",0.7527722716331482,0.7932108640670776,0.4575008749961853
tang2,尺寸,14寸（廉航登机箱）【3节拉杆-1.6米以上适用】,14 inch (khung máy bay giá rẻ) [3 thanh giằng-áp dụng trên 1.6 mét],SAI,Kích thước,尺寸: 14寸（廉航登机箱）【3节拉杆-1.6米以上适用】,Kích thước: 14 inch (khung máy bay giá rẻ) [3 thanh giằng-áp dụng trên 1.6 mét],0.7456601858139038,0.7516591548919678,0.4484075605869293
tang2,规格型号,15*15*25（30丝）,15*15*25 (30 lụa),SAI,Model quy cách,规格型号: 15*15*25（30丝）,Model quy cách: 15*15*25 (30 lụa),0.8384349346160889,0.803007185459137,0.5517441630363464
tang2,容量,150ml蓝色+2个M号奶嘴+奶瓶刷+吸管刷+奶嘴刷,150ml màu xanh + 2 núm vú cỡ M + cọ bình sữa + cọ ống hút + cọ núm vú,DUNG,Dung tích,容量: 150ml蓝色+2个M号奶嘴+奶瓶刷+吸管刷+奶嘴刷,Dung tích: 150ml màu xanh + 2 núm vú cỡ M + cọ bình sữa + cọ ống hút + cọ núm vú,0.7910953760147095,0.8174225687980652,0.5233397483825684
tang2,颜色,苹果狗【束脚裤套装】,Bộ quần jogger Apple Dog,DUNG,Màu sắc,颜色: 苹果狗【束脚裤套装】,Màu sắc: Bộ quần jogger Apple Dog,0.7035349607467651,0.7179109454154968,0.38806459307670593
tang2,尺寸规格,150x200cm单被套【精梳全棉水洗工艺】,Vỏ chăn đơn kích thước 150x200cm [được làm từ vải cotton chải kỹ và xử lý bằng phương pháp giặt],DUNG,Kích thước,尺寸规格: 150x200cm单被套【精梳全棉水洗工艺】,Kích thước: Vỏ chăn đơn kích thước 150x200cm [được làm từ vải cotton chải kỹ và xử lý bằng phương pháp giặt],0.7122238874435425,0.7394771575927734,0.4764183759689331
tang2,包装规格,茉莉青提,Hoa nhài Xanh,SAI,Quy cách đóng gói,包装规格: 茉莉青提,Quy cách đóng gói: Hoa nhài Xanh,0.4224527180194855,0.5913280844688416,0.2863626480102539
tang2,颜色,萌粒收纳盒/奶油白色【升级加大款】,Hộp lưu trữ hạt dễ thương/màu trắng kem [nâng cấp và lớn hơn],DUNG,Màu sắc,颜色: 萌粒收纳盒/奶油白色【升级加大款】,Màu sắc: Hộp lưu trữ hạt dễ thương/màu trắng kem [nâng cấp và lớn hơn],0.7102313041687012,0.7314426898956299,0.4562913775444031
tang2,颜色,薄荷绿【杯架+usb接口】,Màu xanh bạc hà [giá đỡ cốc + giao diện usb],DUNG,Màu sắc,颜色: 薄荷绿【杯架+usb接口】,Màu sắc: Màu xanh bạc hà [giá đỡ cốc + giao diện usb],0.7044942378997803,0.7384588718414307,0.47525206208229065
tang2,颜色,藏青-短袖,Xanh nav-tay ngắn,DUNG,Màu sắc,颜色: 藏青-短袖,Màu sắc: Xanh nav-tay ngắn,0.5612376928329468,0.6542757749557495,0.38773655891418457
tang2,规格,蘸料杯【绿色】,Cốc nhúng [màu xanh lá cây],DUNG,Quy cách,规格: 蘸料杯【绿色】,Quy cách: Cốc nhúng [màu xanh lá cây],0.5712940692901611,0.6210208535194397,0.3845864534378052
tang2,颜色,蜜桔,Quýt mật,DUNG,Màu sắc,颜色: 蜜桔,Màu sắc: Quýt mật,0.41627994179725647,0.6842907667160034,0.3994085192680359
tang2,图案LOG0打印,行李箱可用UV打印/激光镭射制做LOGO,Hành lý có thể được làm bằng LOGO bằng cách in UV/laser,DUNG,In LOGO theo mẫu,图案LOG0打印: 行李箱可用UV打印/激光镭射制做LOGO,In LOGO theo mẫu: Hành lý có thể được làm bằng LOGO bằng cách in UV/laser,0.8690422773361206,0.8323262929916382,0.8690422773361206
tang2,尺寸规格,被套180*220cm【母婴品质-适合裸睡】,Bộ chăn ga 180*220cm [Chất lượng mẹ và bé - Thích hợp ngủ trần],SAI,Kích thước,尺寸规格: 被套180*220cm【母婴品质-适合裸睡】,Kích thước: Bộ chăn ga 180*220cm [Chất lượng mẹ và bé - Thích hợp ngủ trần],0.743649959564209,0.7660837769508362,0.5355026721954346
tang2,容量,16cm调料盆【有带盖】,Chậu đựng gia vị 16cm [có nắp],DUNG,Dung tích,容量: 16cm调料盆【有带盖】,Dung tích: Chậu đựng gia vị 16cm [có nắp],0.8167175054550171,0.8075257539749146,0.42471379041671753
tang2,1,跨境外贸,Ngoại thương xuyên biên giới,DUNG,1,1: 跨境外贸,1: Ngoại thương xuyên biên giới,0.7123291492462158,0.8310258388519287,0.7123291492462158
tang2,款式,迷你款,Phiên bản mini,DUNG,Kiểu dáng,款式: 迷你款,Kiểu dáng: Phiên bản mini,0.7705246806144714,0.8264337778091431,0.4766453504562378
tang2,颜色,透明灰大号（含小收纳盒）,Màu xám trong suốt kích thước lớn (bao gồm hộp đựng nhỏ),DUNG,Màu sắc,颜色: 透明灰大号（含小收纳盒）,Màu sắc: Màu xám trong suốt kích thước lớn (bao gồm hộp đựng nhỏ),0.7276127338409424,0.7468198537826538,0.6081385612487793
tang2,颜色,郁金香小兔收纳袋K款,Túi đựng đồ hình chú thỏ Tulip K Style,DUNG,Màu sắc,颜色: 郁金香小兔收纳袋K款,Màu sắc: Túi đựng đồ hình chú thỏ Tulip K Style,0.6345828771591187,0.6566427946090698,0.3877597451210022
tang2,包装规格,18颗（手工）龙珠金色款,18 viên ngọc rồng (thủ công) kiểu vàng,DUNG,Quy cách đóng gói,包装规格: 18颗（手工）龙珠金色款,Quy cách đóng gói: 18 viên ngọc rồng (thủ công) kiểu vàng,0.713212251663208,0.7329387664794922,0.4656260013580322
tang2,规格型号,锁扣盒粉扣14.6*8.6*3.5CM,Hộp khóa khóa bột 14.6*8.6*3.5cm,SAI,Model quy cách,规格型号: 锁扣盒粉扣14.6*8.6*3.5CM,Model quy cách: Hộp khóa khóa bột 14.6*8.6*3.5cm,0.7200201749801636,0.730269730091095,0.49673742055892944
tang2,颜色,2 黑花,2 bông hoa màu đen,DUNG,Màu sắc,颜色: 2 黑花,Màu sắc: 2 bông hoa màu đen,0.7314823269844055,0.8213282823562622,0.4151098430156708
tang2,颜色,青草绿#配小箱【升级款-杯架+充电口】,Green Grass # với hộp nhỏ [cổng sạc giá đỡ cốc nâng cấp],DUNG,Màu sắc,颜色: 青草绿#配小箱【升级款-杯架+充电口】,Màu sắc: Green Grass # với hộp nhỏ [cổng sạc giá đỡ cốc nâng cấp],0.7544164657592773,0.7651112079620361,0.40604883432388306
tang2,颜色,面包白色,Bánh mì trắng,SAI,Màu sắc,颜色: 面包白色,Màu sắc: Bánh mì trắng,0.6807048916816711,0.7509868741035461,0.4189773201942444
tang2,尺寸规格,2.0m床单款四件套（被套220*240 床单245*265cm),Bộ bốn mảnh ga trải giường 2.0m (vỏ chăn 220*240 ga trải giường 245*265cm),DUNG,Kích thước,尺寸规格: 2.0m床单款四件套（被套220*240 床单245*265cm),Kích thước: Bộ bốn mảnh ga trải giường 2.0m (vỏ chăn 220*240 ga trải giường 245*265cm),0.7955914735794067,0.7789018154144287,0.6944433450698853
tang2,尺寸规格,2.0m床裙款四件套（被套200*230）,Bộ bốn mảnh váy giường 2.0m (vỏ chăn 200*230),DUNG,Kích thước,尺寸规格: 2.0m床裙款四件套（被套200*230）,Kích thước: Bộ bốn mảnh váy giường 2.0m (vỏ chăn 200*230),0.8372431993484497,0.8243716955184937,0.715268611907959
tang2,颜色,高透明加大号【长41*宽28.5*高22.5cm】外尺寸,Kích thước bên ngoài có độ trong suốt cao [dài 41*rộng 28.5*cao 22.5cm],DUNG,Màu sắc,颜色: 高透明加大号【长41*宽28.5*高22.5cm】外尺寸,Màu sắc: Kích thước bên ngoài có độ trong suốt cao [dài 41*rộng 28.5*cao 22.5cm],0.8130843639373779,0.853859543800354,0.2865195870399475
tang2,包装规格,鸿运好礼五大茶15罐195g,Hồng Vận Hảo Lễ 5 loại trà 15 hộp 195g,DUNG,Quy cách đóng gói,包装规格: 鸿运好礼五大茶15罐195g,Quy cách đóng gói: Hồng Vận Hảo Lễ 5 loại trà 15 hộp 195g,0.7222633957862854,0.7503194212913513,0.4633365869522095
tang2,产品规格,黄瓜磨砂洗面奶200g,Sữa rửa mặt tẩy tế bào chết dưa chuột 200g,DUNG,Quy cách sản phẩm,产品规格: 黄瓜磨砂洗面奶200g,Quy cách sản phẩm: Sữa rửa mặt tẩy tế bào chết dưa chuột 200g,0.5867608785629272,0.5877880454063416,0.546198308467865
tang2,颜色,黄色-两穿,Vàng - Mặc được hai kiểu,DUNG,Màu sắc,颜色: 黄色-两穿,Màu sắc: Vàng - Mặc được hai kiểu,0.6476569175720215,0.7174817323684692,0.31306904554367065
tang2,颜色,黄色嘎嘎【棉毛连体衣】,Màu vàng lang băm [áo liền quần bằng bông],SAI,Màu sắc,颜色: 黄色嘎嘎【棉毛连体衣】,Màu sắc: Màu vàng lang băm [áo liền quần bằng bông],0.5438182353973389,0.5916982889175415,0.38518673181533813
tang2,颜色,黄色子母箱,"Hộp quà ""Mẹ chồng"" màu vàng",SAI,Màu sắc,颜色: 黄色子母箱,"Màu sắc: Hộp quà ""Mẹ chồng"" màu vàng",0.5164772868156433,0.5815471410751343,0.44608813524246216
tang2,颜色,黑色+深灰色 【超值两件装】,Đen + Xám Đậm [Gói Tiết Kiệm 2 Cái],DUNG,Màu sắc,颜色: 黑色+深灰色 【超值两件装】,Màu sắc: Đen + Xám Đậm [Gói Tiết Kiệm 2 Cái],0.7334619760513306,0.7429922819137573,0.44444823265075684
tang2,尺寸,20/24/28 三合一,20/24/28 ba trong một,DUNG,Kích thước,尺寸: 20/24/28 三合一,Kích thước: 20/24/28 ba trong một,0.7829842567443848,0.8522289991378784,0.3929985463619232
tang2,颜色,黑色定制,tùy chỉnh màu đen,DUNG,Màu sắc,颜色: 黑色定制,Màu sắc: tùy chỉnh màu đen,0.7000619173049927,0.7810810804367065,0.47861534357070923
tang2,颜色,黑色有标80升【扩容+鞋仓】,Màu đen có tiêu chuẩn 80 lít [kho giày mở rộng],SAI,Màu sắc,颜色: 黑色有标80升【扩容+鞋仓】,Màu sắc: Màu đen có tiêu chuẩn 80 lít [kho giày mở rộng],0.7925816774368286,0.8208180665969849,0.4652975797653198
tang2,颜色,黑色（604）,Đen (604),DUNG,Màu sắc,颜色: 黑色（604）,Màu sắc: Đen (604),0.8061840534210205,0.8509014248847961,0.5445166826248169
tang2,颜色,黑配红,đen với đỏ,DUNG,Màu sắc,颜色: 黑配红,Màu sắc: đen với đỏ,0.7528940439224243,0.7862409353256226,0.3143419027328491
tang2,颜色,（黑色半透）9060长方盒,(Màu đen mờ) Hộp hình chữ nhật 9060,DUNG,Màu sắc,颜色: （黑色半透）9060长方盒,Màu sắc: (Màu đen mờ) Hộp hình chữ nhật 9060,0.7407317161560059,0.7640568017959595,0.462074339389801
