gia_tri_zh,gia_tri_vi,ten_thuoc_tinh,so_lan,ti_le_do_dai,do_dai_bat_thuong,product_id_vd,claude_nhan,claude_sua,ghi_chu
耐高温,Chịu nhiệt độ cao,功能,48,4.67,0,984321858078,DUNG,,
防刮擦,Chống trầy xước,功能,47,4.33,0,989701505714,DUNG,,
2021年夏,Mùa hè năm 2021,产品上市时间,46,4.0,0,1062681564352,DUNG,,
补水,Cấp nước,化妆品功效,43,3.5,0,973130484503,DUNG,,
【床单款】1.5四件套-被套200x230,[Bộ ga trải giường]Bộ 4 món 1.5m - Vỏ chăn 200x230,尺寸规格,42,3.25,0,1080277462896,DUNG,,
2026年夏,Mùa hè năm 2026,产品上市时间,42,4.0,0,1074754793623,DUNG,,
无鞋头,Không có mũi giày,鞋头形状,42,4.67,0,1034783417627,DUNG,,
防割,Chống cắt,功能,41,4.0,0,651090521041,DUNG,,
6个月,6 tháng,保修期,41,2.5,0,635835513230,DUNG,,
热压,Ép nóng,工艺,41,3.0,0,909899820722,DUNG,,
公关策划,Lập kế hoạch quan hệ công chúng,适用送礼场合,40,6.25,1,789617923790,DUNG,,
180天,180 ngày,保修时间,40,4.0,0,848300248537,DUNG,,
可机洗,Có thể giặt bằng máy,材质功能,40,5.33,0,910279515037,DUNG,,
联系客服,Liên hệ CSKH,尺寸,40,2.5,0,992122667955,DUNG,,
36个月,36 tháng,保质期,38,2.5,0,991666105860,DUNG,,
苹果XS,Apple XS,适用型号,38,2.5,0,949699932288,SAI,iPhone XS,
奶油风,Phong cách kem,风格,38,4.0,0,1048898700733,DUNG,,
1-3天,1-3 ngày,最快出货时间,37,4.0,0,976238656349,DUNG,,
十字孔,Lỗ chữ thập,口径形状,37,3.0,0,728699572340,DUNG,,
去角质,Tẩy tế bào chết,化妆品功效,36,4.0,0,997931660246,DUNG,,
非进口,Không nhập khẩu,是否进口,36,4.33,0,918605172337,DUNG,,
卸妆,Tẩy trang,化妆品功效,36,4.0,0,623116849344,DUNG,,
锂聚合物电池,Pin lithium polymer,电池类型,36,2.83,0,942099589497,DUNG,,
大码,Cỡ to,适合人群,36,2.0,0,893779730697,DUNG,,
可定制,Có thể tùy chỉnh,功能,36,4.33,0,741400188461,DUNG,,
人造皮革,Da nhân tạo,鞋垫材质,36,2.25,0,862677106473,DUNG,,
妆前保湿,Dưỡng ẩm trước khi trang điểm,使用场景,36,6.0,0,794671380618,DUNG,,
防臭,Chống hôi,功能,36,4.0,0,1077302928987,DUNG,,
3个月,3 tháng,保修期,36,2.5,0,746985772558,DUNG,,
斜挎包,túi đeo chéo,款式,36,3.33,0,983449813723,DUNG,,
飞织,Dệt bay,鞋面材质,35,3.0,0,1052334000848,SAI,Vải dệt kim liền,
2022年冬季,Mùa đông năm 2022,上市年份季节,35,3.33,0,696236898615,DUNG,,
黑白,Đen trắng,颜色,35,4.0,0,696236898615,DUNG,,
润泽,Dưỡng ẩm,质地,35,3.5,0,931507037573,SAI,Ẩm mượt,
象牙白,Trắng ngà,颜色,35,2.67,0,985974571808,DUNG,,
多功能,Đa chức năng,功能,35,3.33,0,992518906625,DUNG,,
高,cao,定型性能,34,3.0,0,916924650441,DUNG,,
30寸,30 inch,尺寸,34,4.0,0,944968266528,DUNG,,
闪电,Tia chớp,形象,34,3.5,0,921712758675,DUNG,,
苹果7PLUS,Apple 7PLUS,适用型号,34,2.5,0,931679755305,SAI,iPhone 7 Plus,
水饺型,Loại bánh bao,箱包形状,34,3.67,0,1000971403324,SAI,Dáng bánh sủi cảo,
淘宝,Taobao,主要下游平台,33,3.0,0,980532591985,DUNG,,
拉丁美洲,Châu Mỹ Latinh,主要销售地区,33,3.0,0,950407086235,DUNG,,
30%及以下,30% trở xuống,主面料成分的含量,33,2.67,0,813578693107,DUNG,,
前车车距侦测,Phát hiện khoảng cách xe phía trước,功能,32,4.83,0,908496563993,DUNG,,
外观设计,Thiết kế ngoại hình,专利及著作权,32,4.0,0,1009463258761,DUNG,,
篮球,Bóng rổ,适用运动,32,3.0,0,840482977062,DUNG,,
闽南乌龙,Ô long Nam Phúc Kiến,产区,32,4.0,0,40818249660,DUNG,,
无误差,Không có lỗi,误差范围,32,3.33,0,902653926592,SAI,Không sai số,
日韩品牌,Thương hiệu Nhật Hàn,品牌类型,32,4.25,0,662922332202,DUNG,,
【床单款】2.0四件套-被套220x240,[Kiểu ga trải giường]Bộ 4 món 2.0 - Vỏ chăn 220x240,尺寸规格,32,3.38,0,1017480945298,DUNG,,
【床笠款】1.5四件套-被套180x220,[Bộ ga chun]Bộ 4 món 1.5m - Vỏ chăn 180x220,尺寸规格,32,2.5,0,1080277462896,DUNG,,
前车碰撞预警,Cảnh báo va chạm xe phía trước,功能,31,4.0,0,810368257522,DUNG,,
来样加工,来样加工,加工方式,31,1.0,0,841068137991,SAI,Gia công theo mẫu,
电竞游戏,Trò chơi thể thao điện tử,风格,31,5.0,0,635835513230,DUNG,,
300万,3 triệu,拍照像素,31,5.0,0,908496563993,SAI,3 MP,
儿童,trẻ em,适用人群,31,2.5,0,984225047086,DUNG,,
拉链搭扣,Khóa kéo,开盖方式,31,1.75,0,913908397298,SAI,"Khóa kéo, khóa cài",
苹果8PLUS,Apple 8PLUS,适用型号,31,2.5,0,931679755305,SAI,iPhone 8 Plus,
南美风,phong cách Nam Mỹ,风格,31,4.67,0,962714217429,DUNG,,
天丝（莱赛尔纤维）,Tencel (sợi Lyocell),被面材质,30,2.29,0,913901743951,DUNG,,
查看详情,Xem chi tiết,原料和配料,30,2.5,0,922870701370,DUNG,,
抑菌,Kháng khuẩn,材质功能,30,5.0,0,976888693119,DUNG,,
LED灯玩具,Đồ chơi đèn LED,发光玩具类型,30,3.0,0,1035607996900,DUNG,,
文字思想,Ý tưởng văn bản,印花主题,30,3.0,0,917684310434,SAI,Chữ viết,
2025年夏季,Mùa hè năm 2025,上市年份/季节,30,2.67,0,921442749651,DUNG,,
猪皮,Da heo,内里材质,30,2.5,0,890281944521,DUNG,,
不具备,Không có sẵn,智能能力,30,3.33,0,689299742297,SAI,Không có,
支持快充,Hỗ trợ sạc nhanh,功能,30,3.25,0,828310718869,DUNG,,
快手,Kuaishou,主要下游平台,30,4.0,0,980532591985,DUNG,,
包边,Viền,款式,30,2.0,0,852507451851,DUNG,,
玛丽珍鞋,Giày Mary Jane,款式,30,3.0,0,1047293643529,DUNG,,
青春流行,Thời trang trẻ trung,风格,29,4.25,0,761321951018,DUNG,,
来图加工,来图加工,加工方式,29,1.0,0,932532903068,SAI,Gia công theo bản vẽ,
华为,Huawei,芯片类型,29,3.0,0,918798235584,DUNG,,
高温定型,Định hình nhiệt độ cao,工艺,29,4.5,0,944363781772,DUNG,,
网球,Quần vợt,适用运动,29,3.5,0,1034783417627,DUNG,,
浅紫色,Màu tím nhạt,颜色,29,3.33,0,843296817297,DUNG,,
4K及以上,4K trở lên,影像分辨率,29,2.0,0,868220572334,DUNG,,
前后双录行车记录仪,Camera hành trình ghi hình kép trước sau,产品类型,29,3.67,0,689299742297,DUNG,,
365天,365 ngày,保质期,29,4.0,0,585076614098,DUNG,,
合金,Hợp kim,材质,29,3.0,0,922005108571,DUNG,,
800g（含）~1000g（不含）,800g (bao gồm) ~ 1000g (không bao gồm),克重,29,5.67,0,923675475578,DUNG,,
波士顿包,Túi Boston,箱包潮流款式,29,2.25,0,930099743555,DUNG,,
五分袖/中袖,Tay áo năm tấc/tay lỡ,袖长,29,3.2,0,709727694334,SAI,Tay lửng/tay lỡ,
豆豆鞋,Giày hạt đậu,款式,29,3.33,0,655409617036,SAI,Giày mọi,
TPU+人造革+织物,TPU + da nhân tạo + vải,鞋面材质,29,2.4,0,1073518059044,DUNG,,
白红,Trắng đỏ,颜色,29,3.5,0,1071505577532,DUNG,,
连体衣,Bộ liền thân,款式,29,3.33,0,1061937573242,DUNG,,
带提手,Có tay cầm,功能,29,2.67,0,741400188461,DUNG,,
优雅风,Phong cách thanh lịch,风格,29,6.0,0,1001775676624,DUNG,,
夜间使用,Sử dụng vào ban đêm,使用场景,28,3.75,0,794671380618,DUNG,,
厂家自检,Nhà sản xuất tự kiểm tra,质检单位,28,4.75,0,665336441757,DUNG,,
活性印花,In hoa văn hoạt tính,印染工艺,28,4.0,0,1039439765145,DUNG,,
超轻黏土,Đất sét siêu nhẹ,类型,28,3.25,0,739183273008,DUNG,,
不粘锅,Chảo chống dính,功能,28,4.33,0,836254076485,SAI,Chống dính,
聚会,bữa tiệc,适用场景,28,3.5,0,959119221991,DUNG,,
开业典礼,Lễ khai trương,适用送礼场合,28,3.0,0,789617923790,DUNG,,
刹车轮,Bánh xe phanh,功能,28,3.67,0,842087203216,DUNG,,
防螨,Chống mạt bụi,功能,28,5.5,0,1029408144205,DUNG,,
公主,Công chúa,元素,28,4.0,0,901089600035,DUNG,,
国内,Trong nước,主要销售地区,28,4.5,0,818825816489,DUNG,,
网面,Lưới,鞋面材质,28,2.0,0,970386814205,DUNG,,
防爆锁,Khóa chống cháy nổ,功能,27,5.0,0,989701505714,SAI,Khóa chống bung,
V领,Cổ chữ V,领型,27,5.0,0,718901791520,DUNG,,
桔色,Màu cam,颜色,27,3.0,0,896825195892,DUNG,,
乳胶,Cao su thiên nhiên,鞋垫材质,27,7.5,0,1073283843636,DUNG,,
180*220cm单被套,"Vỏ chăn đơn, kích thước 180 x 220 cm",尺寸规格,27,6.33,0,1077392585507,DUNG,,
浅棕色,Màu nâu nhạt,颜色,27,3.33,0,770569843484,DUNG,,
单边免提,Một mặt rảnh tay,是否单双耳,27,3.25,0,789726016326,SAI,"Một tai, rảnh tay",
2021年夏季,Mùa hè năm 2021,上市年份季节,27,2.67,0,661859908131,DUNG,,
变道辅助,Hỗ trợ chuyển làn,功能,27,3.5,0,810368257522,DUNG,,
其他收纳盒,Các loại hộp đựng khác,产品类别,27,3.6,0,1080429531496,DUNG,,
液态硅胶,Silicone lỏng,材质,27,3.0,0,890310232880,DUNG,,
官方图片,Hình ảnh chính thức,图片实拍,27,4.0,0,845214346554,DUNG,,
饰品收纳盒,Hộp đựng trang sức,产品类别,27,3.0,0,1048072018093,DUNG,,
牛仔蓝,Xanh denim,颜色,27,3.0,0,617579836070,DUNG,,
黑色小号,Màu đen cỡ nhỏ,颜色,26,2.75,0,875117456042,DUNG,,
丝光棉,Bông đánh thuê,面料名称,26,4.0,0,908411473969,SAI,Cotton bóng (mercerized),
复合,Hợp chất,工艺,26,3.5,0,732058767151,SAI,Ghép lớp,
情景模拟,Mô phỏng tình huống,功能,26,4.0,0,668861871254,DUNG,,
樱桃红,màu đỏ anh đào,颜色,26,3.67,0,991131334670,DUNG,,
32G内存卡,Thẻ nhớ 32G,颜色分类,26,2.0,0,820414793554,DUNG,,
座式,Kiểu ngồi,摆放方式,26,4.0,0,734370572239,SAI,Kiểu đặt đứng,
蕾丝,Ren,流行元素,26,1.5,0,869084497312,DUNG,,
后盖款,Bìa sau,款式,26,2.0,0,789381622632,SAI,Kiểu ốp lưng,
碧螺春,Biluochun,产品类别,26,3.0,0,637310354040,DUNG,,
2021年秋季,Mùa thu năm 2021,上市年份季节,26,3.0,0,657618353837,DUNG,,
头层猪皮,Da heo lớp đầu,鞋垫材质,26,2.75,0,1060036629838,DUNG,,
周年庆典,Lễ kỷ niệm,适用送礼场合,26,2.0,0,944784520580,DUNG,,
600万,6 triệu,拍照像素,26,5.0,0,963678357075,SAI,6 MP,
不易脱色,Không dễ khử màu,功效,26,3.25,0,928933508632,SAI,Không dễ phai màu,
包装定制,包装定制,加工方式,26,1.0,0,841068137991,SAI,Đặt bao bì theo yêu cầu,
80支,80 sợi,面料支数,26,3.0,0,1080277462896,SAI,Chi số 80,
简约现代,Đơn giản hiện đại,风格,26,3.5,0,923620538227,DUNG,,
智能,thông minh,是否智能,26,4.5,0,689299742297,DUNG,,
睡前护肤,Chăm sóc da trước khi đi ngủ,使用场景,26,5.5,0,595543474428,DUNG,,
木,gỗ,材质,26,2.0,0,971949678714,DUNG,,
营养,Dinh dưỡng,特殊功效,26,4.5,0,843791543711,DUNG,,
【床笠款】1.8四件套-被套180x220,[Bộ ga chun]Bộ 4 món 1.8m - Vỏ chăn 180x220,尺寸规格,26,2.5,0,1080277462896,DUNG,,
2016年春,Mùa xuân năm 2016,产品上市时间,26,5.0,0,1054345245788,DUNG,,
单肩,Một bên vai,提拎类型,25,4.5,0,520493460883,DUNG,,
拼贴/拼接,Cắt dán/ghép nối,工艺,25,3.25,0,923004148984,DUNG,,
烫印,Dập nóng,工艺,25,3.5,0,895769101471,DUNG,,
玫瑰金,Vàng hồng,颜色,25,2.67,0,730121672400,DUNG,,
苹果16pro,Apple 16pro,适用型号,25,2.5,0,964826258921,SAI,iPhone 16 Pro,
田园,Nông thôn,风格,25,4.0,0,1017769036889,SAI,Đồng quê,
支撑,Hỗ trợ,功能,25,2.5,0,1073939586028,DUNG,,
可透视,Có thể nhìn xuyên thấu,功能,25,6.0,0,1062681564352,DUNG,,
泥膜,Màng bùn,产品形态,25,3.5,0,692784019842,SAI,Mặt nạ bùn,
糖果色彩,Màu kẹo,流行元素,25,1.5,0,1052334000848,DUNG,,
详询客服,Liên hệ CSKH,产品认证类型,25,2.5,0,545844393298,DUNG,,
【床笠款】1.5四件套-被套150x200,[Bộ ga chun]Bộ 4 món 1.5m - Vỏ chăn 150x200,尺寸规格,25,2.5,0,1080277462896,DUNG,,
圆头款,Kiểu đầu tròn,款式,25,3.67,0,989139156941,DUNG,,
跑步,Chạy bộ,适用运动,24,3.0,0,1077832223601,DUNG,,
敞口,Hở,开盖方式,24,1.0,0,910277315945,DUNG,,
工程车,Xe kỹ thuật,外观造型,24,3.0,0,922300473070,SAI,Xe công trình,
高跟鞋,Giày cao gót,产品类别,24,3.33,0,773718876458,DUNG,,
海绵,Miếng bọt biển,材质,24,6.0,0,598360346821,DUNG,,
8英寸,8inch,屏幕尺寸,24,2.0,0,975854138696,DUNG,,
雾霾蓝,Xanh lam sương khói,颜色,24,5.33,0,845329631227,DUNG,,
见详情页,Xem trang chi tiết,重量,24,3.75,0,902077597432,DUNG,,
托运箱,hộp vận chuyển,功能,24,4.0,0,563471231088,SAI,Vali ký gửi,
韩国,Hàn Quốc,主要销售地区,24,3.5,0,980532591985,DUNG,,
露营,cắm trại,适用运动,24,3.5,0,864269250998,DUNG,,
品牌LOGO,LOGO thương hiệu,图案,24,5.0,0,639544253848,DUNG,,
芳香,Thơm,功能,24,2.0,0,734370572239,DUNG,,
2026年,2026,生产日期,24,0.0,0,684258914107,DUNG,,
软壳,vỏ mềm,款式,24,2.5,0,871540139163,DUNG,,
节日,Lễ hội,适用送礼场合,24,2.5,0,925971101429,DUNG,,
初中,Trung học cơ sở,适用学龄,24,6.0,0,759616415977,DUNG,,
勺铲套件,Bộ dụng cụ xẻng thìa,产品类别,24,4.0,0,836254076485,DUNG,,
270天,270 ngày,保质期,24,4.0,0,981636431968,DUNG,,
生日,Sinh nhật,适用送礼场合,24,4.0,0,925971101429,DUNG,,
画面畸形修正,Sửa lỗi biến dạng màn hình,功能,24,3.5,0,908496563993,DUNG,,
杂物收纳盒,Hộp đựng đồ lặt vặt,产品类别,24,3.0,0,1074754793623,DUNG,,
子母箱,Hộp mẹ con,适用场景,23,2.67,0,989701505714,DUNG,,
田园风,Phong cách đồng quê,风格,23,5.33,0,1059020890248,DUNG,,
换洗衣物,Quần áo thay,适用范围,23,2.5,0,1053918442379,DUNG,,
简约风格,Phong cách đơn giản,风格,23,4.0,0,891547057353,DUNG,,
便携,Di động,功能,23,3.0,0,987853106326,DUNG,,
挡风玻璃,Kính chắn gió,安装位置,23,2.75,0,908496563993,DUNG,,
持续更新,Cập nhật liên tục,生产日期,23,3.5,0,978975249841,DUNG,,
马丁靴,Giày Martin,流行靴款,23,3.33,0,992431719208,DUNG,,
橄榄绿,Xanh ô liu,颜色,23,2.67,0,845329631227,DUNG,,
24个月,24 tháng,保质期,23,2.5,0,745028581205,DUNG,,
化妆品收纳盒,Hộp đựng mỹ phẩm,产品类别,23,2.17,0,1056730411647,DUNG,,
iPhone13/14通用,Phổ biến cho iPhone13/14,适用机型,23,5.0,0,852723012425,SAI,Dùng chung cho iPhone 13/14,
户外登山,Leo núi ngoài trời,适用运动,23,3.75,0,1052363176868,DUNG,,
书籍杂志,Sách và tạp chí,适用范围,23,3.0,0,1053918442379,DUNG,,
心形,Hình trái tim,箱包形状,23,5.5,0,873810468136,DUNG,,
草编,Đan cói,材质,23,3.0,0,931838477970,DUNG,,
书本,Sách,适用范围,23,2.0,0,1053918442379,DUNG,,
花香调,Hương hoa,香调,23,2.67,0,1000188294086,DUNG,,
中青年,trẻ và trung niên,适用人群,23,4.67,0,839826037906,DUNG,,
茶叶,Trà,原料与配料,23,1.5,0,797404373996,DUNG,,
迷你行车记录仪,Camera hành trình mini,产品类型,23,2.71,0,910939027921,DUNG,,
2026年冬季,Mùa đông năm 2026,上市年份季节,23,3.33,0,900929218348,DUNG,,
充电口,cổng sạc,功能,23,2.33,0,988252326580,DUNG,,
英标,Tiêu chuẩn Anh,标准类型,23,6.0,0,942099589497,DUNG,,
广角行车记录仪,Camera hành trình góc rộng,产品类型,23,3.14,0,672316368519,DUNG,,
100码,100 thước,适合身高,23,5.0,0,630613509636,SAI,Cỡ 100,
基础款,Phong cách cơ bản,款式,23,4.67,0,886451745311,DUNG,,
国内电商,Thương mại điện tử trong nước,主要销售地区,23,6.0,0,916030328790,DUNG,,
香辣味,Vị thơm cay,口味,22,3.0,0,886891573228,DUNG,,
吊带款,Kiểu dây đeo,款式,22,3.33,0,784625882404,DUNG,,
小众,Thiểu số,风格,22,3.5,0,896964133809,SAI,Độc lạ,
2020年夏季,Mùa hè năm 2020,上市年份季节,22,2.67,0,897192358148,DUNG,,
ABS材质,Chất liệu ABS,材质,22,4.0,0,563471231088,DUNG,,
抗紫外线,Chống tia cực tím,材质功能,22,3.5,0,818064151471,DUNG,,
网红风,Phong cách hot trend,风格,22,5.67,0,1029408144205,DUNG,,
18寸,18 inch,尺寸,22,4.0,0,752749432462,DUNG,,
枕头型,Loại gối,箱包形状,22,2.33,0,930099743555,DUNG,,
免烫,Không cần ủi,材质功能,22,5.0,0,835865258913,DUNG,,
墨绿,Xanh mực,颜色,22,3.5,0,641538382302,SAI,Xanh rêu đậm,
其他发光玩具,Đồ chơi phát sáng khác,发光玩具类型,22,3.0,0,928146902936,DUNG,,
低跟[小于3cm(含)],Gót thấp [dưới 3cm (bao gồm)],鞋跟高度,22,3.4,0,1027829283589,DUNG,,
奶白色,Màu trắng sữa,颜色,22,3.67,0,856466159328,DUNG,,
日本,Nhật Bản,主要销售地区,22,3.5,0,1063873713171,DUNG,,
聚酯纤维（涤纶）:100%,Sợi polyester (polyester): 100%,材质成分,22,3.5,0,866311761679,DUNG,,
无需供电,Không cần nguồn điện,供电方式,22,4.25,0,917960745825,DUNG,,
湖蓝色,Màu xanh nước hồ,颜色,22,4.33,0,650521200657,DUNG,,
复合牛皮,Da bò tổng hợp,皮质特征,22,2.75,0,867140255494,DUNG,,
颁奖纪念,Giải thưởng kỷ niệm,适用送礼场合,22,4.0,0,789617923790,SAI,"Trao giải, kỷ niệm",
优等品,Sản phẩm cao cấp,产品质量等级,22,4.33,0,865513975911,SAI,Sản phẩm hạng ưu,
32寸,32 inch,尺寸,22,4.0,0,738945362014,DUNG,,
硫化鞋,Giày lưu hóa,鞋底工艺,22,3.33,0,1071505577532,DUNG,,
商务精英,Kinh doanh ưu tú,风格,22,3.25,0,889422822200,DUNG,,
冰丝,Sợi lạnh,表层材质,22,3.5,0,908354670402,SAI,Lụa băng,
露趾,Giày hở ngón,鞋头款式,22,5.0,0,1027817279852,DUNG,,
运动休闲,Thể thao thoải mái,风格,21,3.75,0,913756209999,DUNG,,
玫瑰金,vàng hồng,颜色,21,2.67,0,833597829601,DUNG,,
国潮,Quốc triều,风格,21,4.5,0,915533818578,SAI,Phong cách Trung Hoa hiện đại,
除臭,Khử mùi,功能,21,3.0,0,771185889818,DUNG,,
胶原蛋白,Collagen,核心成分,21,2.0,0,976593556070,DUNG,,
400万,4 triệu,拍照像素,21,5.0,0,949392468572,SAI,4 MP,
抽屉收纳盒,Hộp đựng đồ ngăn kéo,产品类别,21,3.2,0,637619304245,DUNG,,
收纳整理箱,Hộp đựng đồ,产品类别,21,1.8,0,1026857685427,DUNG,,
文具收纳盒,Hộp đựng văn phòng phẩm,产品类别,21,3.8,0,858943566613,DUNG,,
胶原蛋白,collagen,成分原料,21,2.0,0,687648865668,DUNG,,
商务绅士（35岁以上）,Quý ông doanh nhân (trên 35 tuổi),淘货类别,21,3.29,0,903976070882,DUNG,,
旅游,du lịch,适用场景,21,3.0,0,786618463095,DUNG,,
4.0英寸,4.0 inch,屏幕尺寸,21,2.0,0,901894672608,DUNG,,
浅蓝,màu xanh nhạt,颜色,21,5.5,0,965168089722,DUNG,,
5年(含)-10年(不含),5 năm (bao gồm)-10 năm (không bao gồm),年份,21,4.6,0,898176502234,DUNG,,
平纹,Vân phẳng,织造工艺,21,4.0,0,661583739983,DUNG,,
复古腔调,Giai điệu cổ điển,风格,21,3.5,0,921096668242,DUNG,,
1个装,1 gói,尺寸,21,1.5,0,990035668509,SAI,1 cái,
水杯/训练杯,Cốc nước/Cốc tập luyện,用品品类,21,3.6,0,1045551920933,DUNG,,
白蓝,Trắng xanh,颜色,21,4.5,0,1037853055708,DUNG,,
LOGO贴牌,LOGO OEM,加工方式,21,1.5,0,920085640055,DUNG,,
苹果16plus,Apple 16plus,适用型号,21,2.5,0,964826258921,SAI,iPhone 16 Plus,
汽车清洁刷,bàn chải lau xe,种类,21,2.4,0,848375769175,DUNG,,
舒适休闲,Thoải mái và giản dị,跨境风格类型,21,4.0,0,948734091492,DUNG,,
胶粘,Dán keo,材质工艺,21,3.0,0,1003493709863,DUNG,,
头戴式耳机,tai nghe,耳机类型,21,1.4,0,753410460348,SAI,Tai nghe chụp tai,
古董白,màu trắng cổ,颜色,21,3.33,0,871540139163,DUNG,,
小皮鞋,Giày da nhỏ,产品类别,21,3.0,0,1040088794126,DUNG,,
橡塑,Cao su non,鞋底材质,21,4.0,0,1051887137284,SAI,Cao su nhựa,
贡缎,Vải gông,织造工艺,21,3.5,0,1074664050906,SAI,Vải sa tanh,
香芋紫,Tím khoai môn,颜色,21,3.67,0,937967737315,DUNG,,
柠檬黄,Vàng chanh,颜色分类,21,3.0,0,853611695646,DUNG,,
翻边,Gập mép,流行元素,21,3.0,0,1006274209284,DUNG,,
抽象,Trừu tượng,图案,21,4.5,0,733706132619,DUNG,,
四件套,Bộ bốn món,床品套件,21,2.67,0,984109223576,DUNG,,
茉莉花茶,Trà hoa nhài,原料与配料,20,2.5,0,1029759619907,DUNG,,
中跟[3-6cm(含)],Gót giày trung bình [3-6cm (bao gồm)],鞋跟高度,20,7.33,0,1065463034054,DUNG,,
国内一二线品牌,Thương hiệu nội địa hạng nhất và hạng hai,货源类型,20,4.71,0,937493661182,DUNG,,
2021年春,Mùa xuân năm 2021,产品上市时间,20,5.0,0,792384057402,DUNG,,
缝制鞋,May giày,鞋底工艺,20,2.33,0,1036344386050,SAI,Giày may,
悬挂式,Kiểu treo,使用方式,20,2.67,0,741400188461,DUNG,,
浅灰,Xám nhạt,颜色,20,3.5,0,931108764475,DUNG,,
生普,Sinh phổ,产品类别,20,3.5,0,900783859047,SAI,Phổ Nhĩ sống,
2026年3月9日,Ngày 9 tháng 3 năm 2026,生产日期,20,4.0,0,610143680523,DUNG,,
适中,Trung bình,毛质硬度,20,4.5,0,990487355661,DUNG,,
NFC功能,Chức năng NFC,功能,20,4.0,0,899477350890,DUNG,,
零食,Đồ ăn vặt,适用范围,20,3.5,0,1053918442379,DUNG,,
通用包装,通用包装,用途,20,1.0,0,728941912787,SAI,Bao bì thông dụng,
乔迁,Tân gia,适用送礼场合,20,3.0,0,925971101429,DUNG,,
剪毛,Cắt lông,面料工艺,20,3.5,0,624449841540,DUNG,,
魔术贴,Băng dính gai,流行元素,20,3.67,0,1074336234309,DUNG,,
14岁以下的黏土玩具,Đồ chơi đất sét dưới 14 tuổi,3C配置类别,20,2.5,0,805566064294,DUNG,,
土黄色,Màu vàng đất,颜色,20,3.33,0,631878293525,DUNG,,
洁面乳,Sữa rửa mặt,产品类别,20,3.0,0,856093203174,DUNG,,
鳄鱼纹,Vân cá sấu,流行元素,20,2.67,0,892956156656,DUNG,,
充电口,Cổng sạc,功能,20,2.33,0,989701505714,DUNG,,
官方标配,Cấu hình tiêu chuẩn chính thức,套餐类型,20,6.25,1,984453619096,DUNG,,
苹果17pro,Apple 17pro,适用型号,20,2.5,0,964826258921,SAI,iPhone 17 Pro,
支架款,Loại khung,款式,20,3.0,0,909899820722,SAI,Kiểu có giá đỡ,
德标,Tiêu chuẩn Đức,标准类型,20,6.0,0,942099589497,DUNG,,
文件,tài liệu,适用范围,20,3.5,0,1056961339425,DUNG,,
地板,Sàn nhà,适合场地,20,3.0,0,1080777918605,DUNG,,
无线充电,Sạc không dây,附加功能,20,2.75,0,627287312721,DUNG,,
71%(含)-80%(含),71% (bao gồm)-80% (bao gồm),主面料成分的含量,20,6.0,0,899451914466,DUNG,,
清加工（来料加工）,清加工（来料加工）,加工方式,20,1.0,0,841068137991,SAI,Gia công theo nguyên liệu khách gửi,
无需安装,Không cần cài đặt,安装方式,20,3.5,0,1080429531496,SAI,Không cần lắp đặt,
蓝牙耳机,Tai nghe Bluetooth,用途,20,4.0,0,979948392821,DUNG,,
100万,1 triệu,摄像像素,20,5.0,0,908496563993,SAI,1 MP,
苹果SE3,Apple SE3,适用型号,20,2.5,0,949699932288,SAI,iPhone SE 3,
日韩休闲,Nhật Hàn thoải mái,风格类型,20,3.75,0,872513084184,DUNG,,
学院风,Phong cách học đường,风格,20,5.67,0,681262444256,DUNG,,
婴幼（0-3岁）,Trẻ sơ sinh (0-3 tuổi),适用年龄,20,4.33,0,818606086578,DUNG,,
苹果SE2,Apple SE2,适用型号,20,2.5,0,949699932288,SAI,iPhone SE 2,
软胶,Keo mềm,材质,20,3.0,0,787913363971,SAI,Nhựa mềm,
10000毫安,10000 mAh,电源容量,20,1.5,0,942099589497,DUNG,,
欧式风,Phong cách châu Âu,风格,20,5.0,0,1080277462896,DUNG,,
不易褪色,Không dễ phai,功能,19,2.75,0,710812383497,DUNG,,
苹果16promax,Apple 16promax,适用型号,19,2.5,0,1001407462845,SAI,iPhone 16 Pro Max,
成人,Người lớn,适用人群,19,4.0,0,907453309025,DUNG,,
姜黄色,Màu vàng gừng,颜色,19,3.67,0,650521200657,DUNG,,
铆钉,Đinh tán,流行元素,19,3.5,0,595841966948,DUNG,,
外观设计专利,Bằng sáng chế thiết kế xuất hiện,专利类型,19,4.33,0,545676153901,SAI,Bằng sáng chế kiểu dáng công nghiệp,
环保,Bảo vệ môi trường,印花主题,19,7.0,0,823058489883,DUNG,,
甜美风,Phong cách ngọt ngào,风格,19,5.67,0,784625882404,DUNG,,
2年,2 năm,有效期,19,3.0,0,874815424255,DUNG,,
水光,Thủy quang,质地,19,4.5,0,928933508632,SAI,Căng bóng,
30帧每秒,30 khung hình mỗi giây,传输速率,19,5.33,0,810368257522,DUNG,,
苹果16E,Apple 16E,适用型号,19,2.5,0,925352173571,SAI,iPhone 16E,
网红潮流风,Xu hướng nổi tiếng trên mạng,风格,19,4.6,0,919374219079,DUNG,,
丝光,Sợi quang,工艺,19,4.0,0,919082656696,SAI,Xử lý bóng mercer,
POLO领,Cổ áo POLO,领型,19,4.0,0,901734706339,DUNG,,
夜视行车记录仪,Camera hành trình ban đêm,产品类型,19,3.0,0,698380116867,DUNG,,
30帧,30 khung hình,传输速率,19,9.0,0,731912889950,DUNG,,
电池,Pin,供电方式,19,1.5,0,940976226805,DUNG,,
50支,50 chiếc,面料支数,19,5.0,0,1081376225586,SAI,Chi số 50,
近期生产,Sản xuất gần đây,生产日期,19,3.25,0,709462144330,DUNG,,
衣物收纳箱,hộp đựng quần áo,产品类别,19,2.6,0,735283254705,DUNG,,
20000毫安,20000 mAh,电源容量,19,1.5,0,942099589497,DUNG,,
可爱风,Phong cách dễ thương,风格,19,5.67,0,736542447064,DUNG,,
乳霜&凝胶面膜,Mặt nạ kem & gel,产品形态,19,1.83,0,985173655479,DUNG,,
碎花,Hoa nhỏ,图案,19,3.0,0,943740567648,DUNG,,
彩绘,sơn,工艺,19,1.5,0,1001407462845,SAI,Vẽ màu,
1年(含)-3年(不含),1 năm (bao gồm)-3 năm (không bao gồm),年份,19,4.6,0,900783859047,DUNG,,
单包,gói đơn,尺寸,19,3.0,0,933593991229,DUNG,,
国潮,xu hướng quốc gia,风格,19,7.0,0,785159337557,SAI,Phong cách Trung Hoa hiện đại,
现代风,phong cách hiện đại,风格,19,5.33,0,644215727599,DUNG,,
水钻,kim cương giả,材质,19,5.5,0,978567720812,DUNG,,
耳机线,Dây tai nghe,适用范围,19,3.33,0,1053918442379,DUNG,,
其他（自填）,Khác (tự điền),产地,19,2.5,0,951200813037,DUNG,,
舒适休闲,Thoải mái giản dị,跨境风格类型,19,3.5,0,753234742896,DUNG,,
抽带,Dây rút,开盖方式,19,3.0,0,744975823180,DUNG,,
白色【230长绒棉】,Trắng [230 bông dài],颜色,19,2.4,0,776306184270,DUNG,,
59码,Cỡ 59,适合身高,19,2.0,0,808542773640,DUNG,,
圆头款,Kiểu mũi tròn,款式,19,3.67,0,1049734633410,DUNG,,
情景模拟,Mô phỏng kịch bản,功能,19,3.5,0,996628934024,SAI,Mô phỏng tình huống,
短裙,Váy ngắn,裙长,19,3.5,0,886451745311,DUNG,,
按摩,Massage,功能,19,3.5,0,1013666190649,DUNG,,
日标,Tiêu chuẩn Nhật Bản,标准类型,19,8.0,0,942099589497,DUNG,,
保暖发热,"Giữ ấm, tỏa nhiệt",功能,19,3.25,0,1079043734756,DUNG,,
不粘杯,Cốc chống dính,妆效,19,4.0,0,785159337557,SAI,Không dính cốc,
挡风玻璃,kính chắn gió,安装位置,19,2.75,0,959456667817,DUNG,,
锦纶,Nylon,里料质地,19,2.5,0,820354131731,DUNG,,
黑色【230长绒棉】,Màu đen [230 bông dài],颜色,19,2.6,0,776306184270,DUNG,,
螺纹领口,Đường viền cổ áo có ren,款式细节,19,4.5,0,944108862511,SAI,Cổ áo bo gân,
100码,100 cỡ,适合身高,19,2.0,0,953507500234,SAI,Cỡ 100,
实用新型,Mô hình tiện ích,专利及著作权,19,3.25,0,809813983817,SAI,Bằng sáng chế giải pháp hữu ích,
收纳箱,Hộp đựng đồ,型号,19,3.0,0,1053918442379,DUNG,,
16-30天,16-30 ngày,最晚发货时间,19,4.0,0,916231409612,DUNG,,
亚克力（pmma）,Acrylic (PMMA),材质,18,2.33,0,1056227859135,DUNG,,
网球,quần vợt,适用运动,18,3.5,0,974937539530,DUNG,,
私服名媛,Máy chủ riêng,风格类型,18,2.75,0,832596583777,SAI,Thời trang thường ngày kiểu tiểu thư,
带盖子,Có nắp đậy,功能,18,2.67,0,1012824142955,DUNG,,
网袋,Túi lưới,包装方式,18,3.5,0,920085640055,DUNG,,
网层布面,Vải lưới,鞋面材质,18,1.75,0,961574726166,DUNG,,
凉感,Cảm giác mát lạnh,功能,18,7.0,0,1075335434402,DUNG,,
前车起步提醒,Nhắc nhở khởi động xe phía trước,功能,18,4.33,0,908496563993,DUNG,,
支持同时连接两部手机,Hỗ trợ kết nối hai điện thoại di động cùng một lúc,是否同时支持两部手机,18,3.9,0,986554065834,DUNG,,
咨询,Tư vấn,容量,18,2.5,0,965761787403,SAI,Liên hệ CSKH,
34寸,34 inch,尺寸,18,4.0,0,776172979893,DUNG,,
近一个月,Gần một tháng,生产日期,18,2.75,0,678976112193,DUNG,,
轨道偏移预警,Cảnh báo bù đắp quỹ đạo,功能,18,3.0,0,845081168950,SAI,Cảnh báo lệch làn,
电线,Dây điện,适用范围,18,3.5,0,1053918442379,DUNG,,
SD卡,Thẻ SD,储存卡,18,3.0,0,818148996747,DUNG,,
细跟,Gót chân mỏng,鞋跟形状,18,5.5,0,987874030123,SAI,Gót nhọn,
多款,Nhiều mẫu,箱装数量,18,4.0,0,909987203615,DUNG,,
油画,tranh sơn dầu,流行元素,18,5.5,0,960746447769,DUNG,,
220x240cm单被套,Vỏ chăn đơn 220x240cm,尺寸规格,18,3.0,0,991992392757,DUNG,,
SD卡,thẻ SD,储存卡,18,3.0,0,959456667817,DUNG,,
圆领短袖T恤,Áo thun ngắn tay cổ tròn,类别,18,3.6,0,791409558179,DUNG,,
塑料收纳箱,hộp đựng bằng nhựa,产品类别,18,3.0,0,778357245791,DUNG,,
宽松腰,Cạp rộng,腰型,18,2.33,0,872513084184,DUNG,,
健身,Tập thể dục,适用运动,18,4.5,0,1074094481636,DUNG,,
氨纶,Spandex,主面料成分2,18,3.5,0,984718182637,DUNG,,
咖啡,Cà phê,颜色,18,2.5,0,714601417544,DUNG,,
子母包,Túi mẹ con,箱包潮流款式,18,2.67,0,941627997105,DUNG,,
极简风,Phong cách tối giản,风格,18,5.33,0,944215141284,DUNG,,
极简风,phong cách tối giản,风格,18,5.33,0,638777435246,DUNG,,
氨纶:5%,Vải thun: 5%,材质成分,18,3.5,0,944108862511,DUNG,,
茉莉花茶,trà hoa nhài,茶种类,18,2.5,0,996438132943,DUNG,,
30-40元,30-40 nhân dân tệ,价格段,18,9.0,0,1039478972190,DUNG,,
柠檬黄,màu vàng chanh,颜色分类,18,4.0,0,979971433489,DUNG,,
户外休闲鞋,Giày thể thao ngoài trời,款式,18,4.0,0,1036419883442,DUNG,,
50%（含）-70%（不含）,50% (bao gồm)-70% (không bao gồm),主面料成分含量,18,5.67,0,886451745311,DUNG,,
勺铲套件,bộ thìa và thìa,产品类别,18,3.0,0,951200813037,SAI,Bộ thìa và xẻng,
色织,Dệt sợi màu,织造工艺,18,4.5,0,1012382225495,DUNG,,
艺术,nghệ thuật,风格,18,4.5,0,980379815482,DUNG,,
普通金,Vàng thông thường,颜色,18,5.0,0,869086077306,DUNG,,
静音,Im lặng,功能,18,3.0,0,1036419883442,SAI,Chạy êm,
黑白色,Đen trắng,颜色,18,2.67,0,938029914612,DUNG,,
普通银,Bạc thông thường,颜色,18,4.67,0,869086077306,DUNG,,
青春校园,khuôn viên thanh niên,风格,18,4.5,0,984207995514,SAI,Học đường trẻ trung,
青春校园,Khuôn viên thanh niên,风格,18,4.5,0,917141043051,SAI,Học đường trẻ trung,
运动休闲,Thể thao và giải trí,风格,18,4.0,0,946977219601,DUNG,,
组合系列,Chuỗi kết hợp,包装系列,18,2.75,0,992671051874,SAI,Dòng kết hợp,
触控交互,Tương tác cảm ứng,智能交互方式,18,3.5,0,810368257522,DUNG,,
苹果16E,Táo 16E,适用型号,18,1.5,0,949699932288,SAI,iPhone 16E,
9.66英寸,9.66 inch,屏幕尺寸,18,2.0,0,810368257522,DUNG,,
苹果11promax,Apple 11promax,适用型号,17,2.5,0,795089231243,SAI,iPhone 11 Pro Max,
分格,Phân chia ô,功能,17,4.5,0,1056699222927,SAI,Chia ngăn,
苹果17promax,Apple 17promax,适用型号,17,2.5,0,1001407462845,SAI,iPhone 17 Pro Max,
宴会,bữa tiệc,适用场景,17,3.5,0,959119221991,DUNG,,
方跟,Gót vuông,鞋跟款式,17,4.0,0,1078077604794,DUNG,,
沙滩,Bãi biển,适用场景,17,3.5,0,875757303003,DUNG,,
T恤,Áo phông,类别,17,6.0,0,893779730697,DUNG,,
醇和回甘,Rượu và ngọt,口感,17,2.5,0,610143680523,SAI,"Êm dịu, hậu ngọt",
POLO领,cổ áo POLO,领型设计,17,4.0,0,866311761679,DUNG,,
会发光,Sẽ tỏa sáng,特色功能,17,3.0,0,917810751870,SAI,Phát sáng,
40寸,40 inch,尺寸,17,4.0,0,776172979893,DUNG,,
带挂件,Có mặt dây chuyền,尺寸,17,4.67,0,942784312129,SAI,Có vật treo trang trí,
无卡,Không có thẻ,规格尺寸,17,5.0,0,567405044175,DUNG,,
乳白色,Màu trắng sữa,颜色,17,3.67,0,998048890128,DUNG,,
橡皮泥及工具套装,Bộ dụng cụ và nhựa dẻo,彩泥类别,17,2.12,0,739183273008,DUNG,,
拼装,Lắp ráp,安装方式,17,3.0,0,1002275214224,DUNG,,
滑盖,Trượt nắp,开合方式,17,4.0,0,1009234571851,DUNG,,
快,Nhanh lên,奶嘴流速,17,8.0,0,728699572340,SAI,Nhanh,
欧式风,phong cách châu Âu,风格,17,5.0,0,917485924683,DUNG,,
300天,300 ngày,保质期,17,4.0,0,858976526006,DUNG,,
2023年,Năm 2023,上市年份/季节,17,3.0,0,919303252961,DUNG,,
针织布,Vải dệt kim,面料工艺,17,3.0,0,970518873029,DUNG,,
甜美清新,Ngọt ngào tươi mới,跨境风格类型,17,3.75,0,886451745311,DUNG,,
国内,trong nước,主要销售地区,17,4.5,0,738632840695,DUNG,,
中裙,Váy vừa,裙长,17,3.0,0,786618463095,DUNG,,
详情见外包装,Xem bao bì bên ngoài để biết chi tiết,原料与配料,17,4.83,0,785821126432,DUNG,,
小香风,Phong cách thơm nhỏ,风格,17,5.33,0,852723012425,SAI,Phong cách Chanel (vải tweed),
迷彩,Rằn ri,颜色,17,2.5,0,626100998775,DUNG,,
罐装,Đóng hộp,包装形式,17,3.5,0,795341222380,DUNG,,
2017年夏,Mùa hè năm 2017,产品上市时间,17,4.0,0,1014755764329,DUNG,,
除异味,Khử mùi hôi,功能,17,3.0,0,734370572239,DUNG,,
电量显示,Chỉ báo mức pin,功能,17,3.0,0,986505942991,DUNG,,
手提,Di động,提拎类型,17,3.0,0,520493460883,SAI,Xách tay,
皮带扣,Khóa thắt lưng,流行元素,17,4.0,0,909410099881,DUNG,,
二级,Cấp độ 2,级别,17,2.5,0,627006883995,DUNG,,
街潮,Triều đường phố,风格,17,6.5,0,878673751476,SAI,Thời trang đường phố,
套筒,Ống lót,闭合方式,17,3.0,0,1079010645597,SAI,Kiểu xỏ chân,
3年(含)-5年(不含),3 năm (bao gồm)-5 năm (không bao gồm),年份,17,4.6,0,771433235691,DUNG,,
生茶,Trà thô,茶叶生产工艺,17,3.0,0,900783859047,SAI,Trà sống,
最新,Mới nhất,生产日期,17,3.5,0,814913645127,DUNG,,
冰丝,lụa băng,表层材质,17,3.5,0,899263099184,DUNG,,
无泡洁面,Làm sạch không tạo bọt,起泡程度,16,4.5,0,913446004147,DUNG,,
220x240cm单被套,Vỏ chăn đơn 220x240CM,尺寸规格,16,3.0,0,1080277462896,DUNG,,
细跟,Gót nhọn,鞋跟形状,16,3.5,0,678044944676,DUNG,,
橄榄绿,màu xanh ô liu,颜色,16,3.67,0,976390315691,DUNG,,
套头款,Kiểu áo chui đầu,款式,16,4.33,0,688254327700,DUNG,,
福建省,Tỉnh Phúc Kiến,省份,16,4.0,0,973794095560,DUNG,,
现代风,Phong cách hiện đại,风格,16,5.33,0,1057197323930,DUNG,,
1.8m床笠款四件套被套200*230,"Bộ chăn ga gối 4 món kiểu ga chun 1.8m, vỏ chăn 200*230",尺寸规格,16,3.75,0,1057197323930,DUNG,,
发光,Phát sáng,功能,16,4.0,0,940976226805,DUNG,,
防滑橡胶,Cao su chống trượt,鞋底材质,16,3.75,0,955057947962,DUNG,,
59码,Kích thước 59,适合身高,16,9.0,0,1005301996736,DUNG,,
240天,240 ngày,保质期,16,4.0,0,996685184850,DUNG,,
商务绅士（35岁以上）,Quý ông kinh doanh (trên 35 tuổi),淘货类别,16,3.29,0,910279515037,DUNG,,
零食,đồ ăn nhẹ,适用范围,16,3.5,0,961109334208,DUNG,,
藏蓝,Xanh tím than,颜色,16,5.5,0,909058615981,DUNG,,
持久,Kéo dài,功效,16,3.0,0,696279617545,SAI,Lâu trôi,
1.8床笠四件套-被套200*230,"Bộ ga trải giường 4 món, kích thước 1.8m – bao gồm vỏ chăn kích thước 200*230",尺寸规格,16,6.86,1,1029408144205,DUNG,,
357克,357g,净含量（规格）,16,1.0,0,765072735984,DUNG,,
防污,Chống bẩn,功能,16,4.0,0,852961937988,DUNG,,
防污,Chống bám bẩn,材质功能,16,5.5,0,976888693119,DUNG,,
气质熟女,Người phụ nữ trưởng thành có khí chất,风格,16,7.5,1,960293777709,DUNG,,
中跟[3-6cm(含)],Gót vừa [3-6cm (tính cả)],鞋跟高度,16,4.0,0,902262621481,DUNG,,
1.5床笠四件套-被套200*230,Bộ ga bọc đệm 1.5m 4 món - vỏ chăn 200*230,尺寸规格,16,2.86,0,1029408144205,DUNG,,
萌趣动物,Động vật dễ thương,图案,16,3.75,0,868459531944,DUNG,,
铆钉,đinh tán,流行元素,16,3.5,0,993043823973,DUNG,,
水光,ánh sáng nước,质地,16,5.5,0,931507037573,SAI,Căng bóng,
牛筋,Gân bò,鞋底材质,16,2.5,0,982148075511,DUNG,,
250克,250g,净含量（规格）,16,1.0,0,979791917241,DUNG,,
2021年冬季,Mùa đông năm 2021,上市年份季节,16,3.33,0,849405615614,DUNG,,
3000g（含）-3500g（不含）,3000g (bao gồm) - 3500g (không bao gồm),克重,16,5.67,0,1058904329881,DUNG,,
空盒,Hộp rỗng,型号,16,3.5,0,841603711877,DUNG,,
苹果6PLUS,Apple 6PLUS,适用型号,16,2.5,0,878282220766,SAI,iPhone 6 Plus,
200*230单被套,Vỏ chăn đơn 200*230,尺寸规格,16,3.0,0,975237437651,DUNG,,
无规格,Không có thông số kỹ thuật,尺寸,16,7.0,0,966161892027,DUNG,,
篮球鞋,Giày bóng rổ,款式,16,3.33,0,686683073425,DUNG,,
酷炫,Mát mẻ,风格,16,2.5,0,873177782938,SAI,Ngầu,
抑菌,kháng khuẩn,材质功能,16,5.0,0,984564599044,DUNG,,
软壳,Ốp mềm,款式,16,2.5,0,753744715355,DUNG,,
剪吊牌,Cắt thẻ,吊牌,16,2.0,0,896626481105,SAI,Đã cắt thẻ treo,
工业风,Phong cách công nghiệp,风格,16,6.33,0,726212331804,DUNG,,
清洁,Làm sạch,功能,16,3.5,0,797332731718,DUNG,,
治愈风,Phong cách chữa lành,风格,16,5.67,0,1017480945298,DUNG,,
半入耳式,Bán trong tai,使用方式,16,2.75,0,746985772558,SAI,Nhét tai một nửa,
正山小种,Chủng loại Zhengshan,产品类别,16,4.5,0,694317406322,SAI,Chính Sơn Tiểu Chủng,
立领,Cổ đứng,领型,16,3.0,0,696111142636,DUNG,,
力控,Kiểm soát lực,控制方式,16,5.5,0,955068704410,DUNG,,
内衣收纳盒,Hộp đựng đồ lót,产品类别,16,2.4,0,894828129381,DUNG,,
1.5m床笠款四件套被套200*230,"Bộ chăn ga gối 4 món kiểu ga chun 1.5m, vỏ chăn 200*230",尺寸规格,16,3.75,0,1057197323930,DUNG,,
小白鞋系列,Dòng giày trắng,运动系列,16,2.6,0,1038372527493,DUNG,,
1个月,1 tháng,保修期,16,2.5,0,964814866060,DUNG,,
普通黑,Đen bình thường,颜色,16,4.33,0,869086077306,DUNG,,
定位,Định vị,功能,16,3.0,0,720257410711,DUNG,,
10L-20L（含）,10L-20L (bao gồm),容量,16,6.0,0,1065241781951,DUNG,,
广告logo,Logo quảng cáo,图案,16,4.0,0,895769101471,DUNG,,
玛丽珍鞋,giày mary jane,产品类别,16,3.0,0,981479117853,DUNG,,
无肩带,Không dây đeo vai,肩带根数,16,4.67,0,868023085169,DUNG,,
单,Đơn,层数,16,3.0,0,1011168460634,DUNG,,
日韩休闲,Giải trí Nhật Bản và Hàn Quốc,风格类型,15,5.75,0,978148857057,SAI,Thường ngày kiểu Nhật Hàn,
【床单款】1.5四件套-被套180x220,[Kiểu ga trải giường]Bộ 4 món 1.5m - Vỏ chăn 180x220,尺寸规格,15,3.5,0,1080277462896,DUNG,,
旅游纪念,Đài tưởng niệm du lịch,适用送礼场合,15,4.5,0,883425921411,SAI,Quà lưu niệm du lịch,
积雪草,Centella asiatica,核心成分,15,5.33,0,814942216526,DUNG,,
150*200单被套,Vỏ chăn đơn 150*200,尺寸规格,15,3.0,0,975237437651,DUNG,,
120码,120 thước,适合身高,15,5.0,0,960444766387,SAI,Cỡ 120,
行人防撞预警,Cảnh báo chống va chạm cho người đi bộ,功能,15,5.0,0,810368257522,DUNG,,
天然皮革,Da tự nhiên,鞋垫材质,15,2.25,0,739852129636,DUNG,,
可开合仓盖,Có thể mở và đóng nắp kho,开合方式,15,3.8,0,1044420758204,SAI,Nắp khoang có thể mở đóng,
无印风,Phong cách Muji,风格,15,4.33,0,1071466105053,DUNG,,
冻膜,Màng thạch,产品形态,15,4.5,0,668281045776,SAI,Mặt nạ thạch,
16寸,16 inch,尺寸,15,4.0,0,924727861064,DUNG,,
广口径,Đường kính rộng,口径规格,15,4.33,0,1034871515817,SAI,Miệng rộng,
节日,ngày lễ,适用送礼场合,15,3.0,0,959192226769,DUNG,,
30天以上,Hơn 30 ngày,最晚发货时间,15,2.33,0,1027817279852,DUNG,,
5片,5 miếng,净含量,15,5.0,0,869461478637,DUNG,,
美式复古,Kiểu Mỹ cổ điển,风格,15,3.0,0,766194596457,DUNG,,
适中,Vừa phải,版型,15,3.5,0,1007358906518,DUNG,,
凯莉包,Túi Kelly,箱包潮流款式,15,2.67,0,816633016584,DUNG,,
1.5m床【床单款四件套】-适合200x230cm被芯,Giường 1.5m [Bộ 4 món ga trải giường] - Phù hợp với ruột chăn 200x230cm,尺寸规格,15,3.64,0,1005651591525,DUNG,,
饼茶,trà bánh,形状,15,3.5,0,551118241484,DUNG,,
绒面,Vải nhung,鞋面材质,15,4.0,0,1015406586192,DUNG,,
隐藏式,Kiểu ẩn,类型,15,2.0,0,916030328790,DUNG,,
单包,Túi đơn,尺寸,15,3.0,0,782720546205,DUNG,,
80%（含）-90%（不含）,80% (bao gồm)-90% (không bao gồm),主面料成分含量,15,5.67,0,786618463095,DUNG,,
美标,Tiêu chuẩn Mỹ,标准类型,15,5.5,0,942099589497,DUNG,,
13英寸,13inch,容纳电脑尺寸,15,2.0,0,750260991382,DUNG,,
卤味,Vị kho,制作工艺,15,2.5,0,648618048556,DUNG,,
黑色升级版,Phiên bản nâng cấp màu đen,颜色,15,4.2,0,781094050269,DUNG,,
支持同时连接两部手机,Hỗ trợ kết nối đồng thời với hai điện thoại di động,是否同时支持两部手机,15,4.0,0,999918541272,DUNG,,
棉麻,Vải lanh,材质,15,3.5,0,841576850051,SAI,Vải cotton lanh,
浅绿,Xanh lục nhạt,颜色,15,5.5,0,742443884119,DUNG,,
包头,Bao Đầu,产品类别,15,3.0,0,1047045024020,SAI,Bít mũi,
请咨询客服,Vui lòng tham khảo dịch vụ khách hàng,质检报告编号,15,6.0,0,959027588289,DUNG,,
非手工,Không phải làm thủ công,是否手工,15,6.33,0,1075846236292,DUNG,,
印花款,Kiểu in,款式,15,2.0,0,925210968178,DUNG,,
斜挎,đeo chéo,提拎类型,15,3.5,0,520493460883,DUNG,,
110码,110 thước,适合身高,15,5.0,0,953507500234,SAI,Cỡ 110,
发光,tỏa sáng,特色功能,15,3.5,0,774487226743,DUNG,,
灰蓝,xám xanh,颜色,15,3.5,0,944179707822,DUNG,,
回力,Lực rút,前进方式,15,3.0,0,773107493098,SAI,Kéo lùi chạy đà,
单层,Một lớp,层数,15,3.0,0,613533665308,DUNG,,
浅紫,màu tím nhạt,颜色,15,5.0,0,989390574785,DUNG,,
单层,một lớp,层数,15,3.0,0,974424224477,DUNG,,
1.8m床【床单款四件套】-适合200x230cm被芯,Giường 1.8m [Bộ 4 món ga trải giường] - Phù hợp với ruột chăn 200x230cm,尺寸规格,15,3.64,0,1005651591525,DUNG,,
罐装,đóng hộp,包装形式,15,3.5,0,782473769205,DUNG,,
夜光,Phát sáng trong bóng tối,功能,15,10.0,0,789617923790,DUNG,,
旅游纪念,Quà lưu niệm du lịch,适用送礼场合,15,4.0,0,1065052086471,DUNG,,
循环录影,Ghi hình tuần hoàn,数据存储时间,15,3.75,0,901894672608,DUNG,,
乳胶,mủ cao su,鞋垫材质,14,3.5,0,997418713691,DUNG,,
飞织布,Vải dệt bay,鞋面材质,14,3.0,0,1019333352628,SAI,Vải dệt kim liền,
吸盘式,Loại cốc hút,安装方式,14,3.33,0,993378842266,DUNG,,
下午茶,Trà chiều,适用场景,14,2.67,0,929991000022,DUNG,,
【床笠款】1.8四件套-被套220x240,[Bộ ga chun]Bộ 4 món 1.8m - Vỏ chăn 220x240,尺寸规格,14,2.5,0,1080277462896,DUNG,,
纯白色,Màu trắng tinh khiết,颜色,14,5.67,0,861305641792,DUNG,,
奶茶色,Màu trà sữa,颜色,14,3.0,0,890674689932,DUNG,,
氨纶,Vải thun,主面料成分,14,3.5,0,669973654996,DUNG,,
仿真厨房类,Nhà bếp mô phỏng,类型,14,2.6,0,788157595086,DUNG,,
中控台,Bảng điều khiển trung tâm,使用位置,14,7.0,0,706077621719,DUNG,,
71%(含)-80%(含),71% (đã bao gồm)-80% (đã bao gồm),成分含量,14,8.0,0,916203541902,DUNG,,
苹果7,iPhone 7,适用型号,14,3.0,0,949699932288,DUNG,,
其他发光玩具,Các loại đồ chơi phát sáng khác,发光玩具类型,14,4.17,0,952500585181,DUNG,,
焦糖色,Màu caramel,颜色,14,3.33,0,671551202628,DUNG,,
绒面,Mặt nhung,鞋面材质,14,4.0,0,550445025991,DUNG,,
浅紫色,màu tím nhạt,颜色,14,3.33,0,936997063787,DUNG,,
教育功能,Chức năng giáo dục,功能,14,3.75,0,979527603201,DUNG,,
夜间安全反光,Phản quang an toàn ban đêm,功能,14,3.5,0,651090521041,DUNG,,
白绿,Trắng xanh,颜色,14,4.5,0,1031359698245,DUNG,,
记忆棉,Bông nhớ,填充物,14,2.33,0,891547057353,DUNG,,
棉麻,Vải cotton lanh,材质,14,6.5,0,1026857685427,DUNG,,
侧开盖,Nắp mở bên hông,功能,14,4.0,0,842087203216,DUNG,,
浅灰,màu xám nhạt,颜色,14,5.0,0,950986096505,DUNG,,
32G卡【高速卡】,Thẻ 32G [thẻ tốc độ cao],规格尺寸,14,3.5,0,931117869419,DUNG,,
大学,Đại học,适用学龄,14,3.0,0,945767045778,DUNG,,
14寸,14 inch,尺寸,14,4.0,0,719630001727,DUNG,,
110码,Cỡ 110,适合身高,14,2.0,0,630613509636,DUNG,,
64G卡【高速卡】,Thẻ 64G [thẻ tốc độ cao],规格尺寸,14,3.5,0,931117869419,DUNG,,
挂锁,ổ khóa,锁的类型,14,2.5,0,802549751716,DUNG,,
后备箱,Cốp xe,使用位置,14,1.67,0,715559046885,DUNG,,
固定测速,Kiểm tra tốc độ cố định,功能,14,4.5,0,908496563993,DUNG,,
1.8m床单款四件套被套180*220,"Bộ chăn ga gối 4 món, ga trải giường 1.8m, vỏ chăn 180*220",尺寸规格,14,4.0,0,1057197323930,DUNG,,
高跟鞋,giày cao gót,产品类别,14,3.33,0,987874030123,DUNG,,
360度全景行车记录仪,Camera hành trình toàn cảnh 360 độ,产品类型,14,3.12,0,959456667817,DUNG,,
高级灰,Xám cao cấp,颜色,14,3.0,0,669907489175,DUNG,,
保温,Giữ nhiệt,功能,14,4.0,0,664429230205,DUNG,,
贝壳型,Loại vỏ sò,箱包形状,14,2.67,0,911717377900,DUNG,,
全黑,Toàn bộ màu đen,颜色,14,6.0,0,1071505577532,DUNG,,
背带,Dây đeo,元素,14,3.0,0,709258138467,DUNG,,
海军蓝,màu xanh hải quân,颜色,14,4.67,0,999532691537,DUNG,,
30寸,30inch,尺寸,14,4.0,0,989277030535,DUNG,,
80%—99%新料,80%—99% nguyên liệu mới,塑料新料占比,14,6.5,0,1044940847696,DUNG,,
饺子包,Túi đựng bánh bao,箱包潮流款式,14,4.67,0,847571561293,SAI,Túi dáng sủi cảo,
隐形支架,khung vô hình,流行元素,14,2.75,0,962714217429,DUNG,,
1.2m床单款三件套被套150*200,"Bộ 3 món ga trải giường 1.2m, vỏ chăn 150*200",尺寸规格,14,2.88,0,1077392585507,DUNG,,
1.2m床【床单款三件套】-适合150x200cm被芯,Giường 1.2m [Bộ 3 món ga trải giường] - Phù hợp với ruột chăn 150x200cm,尺寸规格,14,3.64,0,1005651591525,DUNG,,
人造毛,Lông nhân tạo,鞋垫材质,14,3.67,0,743657588882,DUNG,,
XL建议130-155斤,Khuyến nghị XL 65-77.5kg,尺码,14,4.0,0,948486397997,DUNG,,
厂家自检,Kiểm tra chất lượng tự thực hiện bởi nhà sản xuất,质检单位,14,9.75,1,1051650251402,DUNG,,
普洱茶区,Khu vực trà Pu'er,茶区,14,3.25,0,937244867160,DUNG,,
气囊,Túi khí,流行元素,14,3.0,0,925352173571,SAI,Đệm khí,
2.0m床单款四件套被套200*230,"Bộ ga trải giường 2.0m gồm bốn món, vỏ chăn 200*230",尺寸规格,14,3.62,0,1057197323930,DUNG,,
寿眉,Lông mày trường sinh,产品类别,14,8.5,0,918605172337,SAI,Thọ Mi,
时尚单箱【玫瑰金】简易内置,Hộp đơn thời trang [vàng hồng] tích hợp đơn giản,颜色,14,3.36,0,828058836639,SAI,Vali đơn thời trang [vàng hồng] lót trong đơn giản,
时尚风,phong cách thời trang,风格,14,6.0,0,732175815707,DUNG,,
北欧,Bắc Âu,风格,14,2.5,0,713384221548,DUNG,,
软底,Đế mềm,鞋底硬度,14,2.5,0,1059918855102,DUNG,,
二合一,2 trong 1,颜色分类,14,1.67,0,695027195144,DUNG,,
汽车泡沫清洗剂,Chất làm sạch bọt xe hơi,类型,14,2.71,0,908055395069,DUNG,,
动漫卡通,Hoạt hình anime,图案,14,3.25,0,785798393934,DUNG,,
明后,Ngày sau ngày mai,采摘时间,14,7.0,0,797404373996,SAI,Sau Thanh Minh,
络达,Luô Đa,芯片类型,14,2.5,0,989571887495,SAI,Airoha (Luoda),
5L-10L（含）,5L-10L (bao gồm),容量,14,6.0,0,1062681564352,DUNG,,
9.66英寸,9.66inch,屏幕尺寸,14,2.0,0,959843160423,DUNG,,
1.2床单三件套-被套150*200,1.2 Bộ ga trải giường 3 món - vỏ chăn 150*200,尺寸规格,14,3.29,0,1029408144205,DUNG,,
浅紫,Tím nhạt,颜色,14,3.5,0,924727861064,DUNG,,
苹果15promax,Apple 15promax,适用型号,14,2.5,0,1001407462845,SAI,iPhone 15 Pro Max,
苹果13promax,Apple 13promax,适用型号,14,2.5,0,1001407462845,SAI,iPhone 13 Pro Max,
纸箱,Thùng carton,外包装,14,5.5,0,535616622336,DUNG,,
平纹,Vải dệt trơn,织造工艺,14,5.0,0,1007489253486,DUNG,,
64G内存卡,Thẻ nhớ 64G,颜色分类,14,2.0,0,820414793554,DUNG,,
座式,loại chỗ ngồi,摆放方式,14,5.5,0,1000188294086,SAI,Kiểu đặt đứng,
性感风,Phong cách gợi cảm,风格,14,5.0,0,984718182637,DUNG,,
铝合金,Hợp kim nhôm,材质,14,3.33,0,934998812816,DUNG,,
几何,Hình học,图案,14,3.5,0,944440915821,DUNG,,
基本款,Mẫu cơ bản,款式,14,2.67,0,872513084184,DUNG,,
职业,Nghề nghiệp,风格,13,5.0,0,839826037906,SAI,Công sở,
浅黄色,Màu vàng nhạt,颜色,13,3.67,0,735092168571,DUNG,,
无挂件,Không có phụ kiện,尺寸,13,4.67,0,902914009236,DUNG,,
GPS导航,Điều hướng GPS,功能,13,4.5,0,925634550577,DUNG,,
原创,bản gốc,风格,13,3.0,0,989367640512,SAI,Thiết kế gốc,
果绿,Xanh trái cây,颜色,13,5.5,0,685358523859,DUNG,,
540天,540 ngày,保质期,13,4.0,0,1002463905005,DUNG,,
150*200cm【单被套】,150*200cm [vỏ chăn đơn],尺寸规格,13,3.0,0,1011251653226,DUNG,,
全包防摔,Bảo hiểm toàn diện chống rơi,款式,13,5.75,0,983790996923,SAI,"Bọc toàn bộ, chống rơi",
立领,cổ áo đứng,领型,13,4.0,0,972812906145,DUNG,,
套头款,phong cách áo thun,款式,13,5.0,0,832596583777,SAI,Kiểu chui đầu,
会发光,Sẽ phát sáng,特色功能,13,3.33,0,952500585181,SAI,Phát sáng,
户外休闲鞋,giày thường ngày ngoài trời,款式,13,4.6,0,961574726166,DUNG,,
苹果14promax,Apple 14promax,适用型号,13,2.5,0,1001407462845,SAI,iPhone 14 Pro Max,
200*230cm【单被套】,200*230cm [vỏ chăn đơn],尺寸规格,13,3.0,0,1011251653226,DUNG,,
超纤皮,Da siêu sợi,鞋垫材质,13,3.0,0,1079807648432,DUNG,,
宝蓝,màu xanh hoàng gia,颜色,13,7.5,0,706744382024,DUNG,,
苹果17Air,Apple 17Air,适用型号,13,2.5,0,1002039796359,SAI,iPhone 17 Air,
61-90日,Ngày 61-90,挥发时长,13,4.0,0,734370572239,SAI,61-90 ngày,
2.0床单四件套-被套200*230,Bộ bốn món gồm ga trải giường kích thước 2.0 mét – vỏ chăn kích thước 200*230,尺寸规格,13,7.14,1,1029408144205,DUNG,,
密码,mật khẩu,开盖方式,13,3.5,0,917187488478,SAI,Khóa số,
网层布面,Bề mặt vải lưới,鞋面材质,13,3.0,0,703072992090,DUNG,,
苹果18,Táo 18,适用型号,13,1.5,0,1001407462845,SAI,iPhone 18,
小种红茶,Trà đen hạt nhỏ,产品类别,13,3.0,0,598385802222,SAI,Hồng trà Tiểu Chủng,
10L-20L（含）,10L-20L (đã bao gồm),容量,13,8.0,0,838962459067,DUNG,,
精梳棉:100%,Bông chải kỹ: 100%,材质成分,13,3.33,0,696111142636,DUNG,,
130码,130 cỡ,适合身高,13,2.0,0,1032147999522,SAI,Cỡ 130,
双排扣,Hai hàng cúc,闭合款式,13,3.33,0,665342456193,DUNG,,
8英寸,8 inch,容纳电脑尺寸,13,2.0,0,785798393934,DUNG,,
标准多米诺,Domino tiêu chuẩn,多米诺类型,13,3.0,0,904879080916,DUNG,,
多件套,Bộ nhiều món,套装件数,13,3.33,0,1073495744154,DUNG,,
纯色T恤,Áo thun màu trơn,类别,13,4.0,0,897375975952,DUNG,,
前玻璃,kính phía trước,安装位置,13,4.33,0,977204432754,DUNG,,
苹果8,iPhone 8,适用型号,13,3.0,0,949699932288,DUNG,,
普通包装,Bao bì thông thường,包装方式,13,4.0,0,748859224637,DUNG,,
贝壳型,Loại vỏ,箱包形状,13,2.0,0,987336324705,SAI,Dáng vỏ sò,
120码,Cỡ 120,适合身高,13,2.0,0,830245186272,DUNG,,
国内一二线品牌,Các thương hiệu nội địa hạng nhất và hạng hai,货源类型,13,5.14,0,901921303976,DUNG,,
铁灰色,Màu xám sắt,颜色,13,3.0,0,742905003832,DUNG,,
波点,điểm sóng,图案,13,4.0,0,999032517577,SAI,Chấm bi,
枕套一对48*74cm,Một cặp vỏ gối 48*74cm,尺寸规格,13,2.75,0,1080277462896,DUNG,,
抽带搭扣,Dây rút khóa,开盖方式,13,2.5,0,690723459682,SAI,Dây rút và khóa cài,
密集护理,chăm sóc đặc biệt,使用场景,13,3.5,0,898763048646,DUNG,,
睡眠模式,Chế độ ngủ,功能,13,2.0,0,606068819752,DUNG,,
木质,Gỗ,材质,13,1.0,0,1040233952319,DUNG,,
见贴标,Xem nhãn,净度,13,2.33,0,839132444820,DUNG,,
亲肤水洗棉,"Vải cotton giặt mềm mại, thân thiện với da",材质,13,6.6,1,1057197323930,DUNG,,
睡眠模式,chế độ ngủ,功能,13,2.0,0,865838652853,DUNG,,
干净,Sạch sẽ,净度,13,3.0,0,897012553901,DUNG,,
置物袋,Túi đựng đồ,置物用品类型,13,3.0,0,741400188461,DUNG,,
生日,sinh nhật,适用送礼场合,13,4.0,0,971243282876,DUNG,,
衣物收纳箱,Hộp đựng quần áo,产品类别,13,2.6,0,1053918442379,DUNG,,
32G内存卡,thẻ nhớ 32G,颜色分类,13,2.0,0,959456667817,DUNG,,
180*220cm单被套,Vỏ chăn đơn 180*220cm,尺寸规格,13,3.0,0,938307759630,DUNG,,
130码,Cỡ 130,适合身高,13,2.0,0,830245186272,DUNG,,
52码,Cỡ 52,适合身高,13,2.0,0,862176524406,DUNG,,
石头纹,Vân đá,流行元素,13,1.67,0,890191140253,DUNG,,
藏蓝色,Màu xanh lam đậm,颜色,13,4.33,0,824722940502,DUNG,,
1.5m床单款四件套被套150*200,"Bộ chăn ga gối 4 món, ga trải giường 1.5m, vỏ chăn 150*200",尺寸规格,13,4.0,0,1057197323930,DUNG,,
20L-30L（含）,20L-30L (bao gồm),容量,13,6.0,0,982566895216,DUNG,,
洗漱用品,Đồ dùng vệ sinh cá nhân,适用范围,13,4.5,0,1004499214538,DUNG,,
支持同时连接两部手机,Hỗ trợ kết nối 2 điện thoại di động cùng lúc,是否同时支持两部手机,13,3.3,0,989571887495,DUNG,,
2020年冬季,Mùa đông năm 2020,上市年份季节,13,3.33,0,635587201204,DUNG,,
提货券,Phiếu giao hàng,特殊提货凭证,13,4.33,0,774439560893,SAI,Phiếu nhận hàng,
美式复古,cổ điển Mỹ,风格,13,2.0,0,918502292427,DUNG,,
宝蓝,Xanh ngọc,颜色,13,4.0,0,714347856605,SAI,Xanh hoàng gia,
亚克力收纳盒,Hộp đựng đồ acrylic,货号,13,2.67,0,966415952734,DUNG,,
豆豆鞋,Giày lười,产品类别,13,2.67,0,975453867262,DUNG,,
便携,Tiện dụng,款式,13,4.0,0,944415280219,DUNG,,
祛痘,Trị mụn,化妆品功效,13,3.0,0,742915250465,DUNG,,
老人,ông già,适用人群,13,3.0,0,960023572148,SAI,Người già,
吐司,Bánh mì nướng,种类,13,5.5,0,698917624751,DUNG,,
多件套,Bộ nhiều chi tiết,套装件数,13,4.67,0,706039304332,DUNG,,
默认,Mặc định,颜色分类,13,3.5,0,961231040635,DUNG,,
2.0m床【床单款四件套】-适合220x240cm被芯,"Giường 2.0m [bộ ga trải giường, gồm bốn món] – phù hợp với ruột chăn kích thước 220x240cm",尺寸规格,13,5.0,0,1005651591525,DUNG,,
射击,bắn súng,特色功能,13,3.5,0,853154240166,DUNG,,
天蓝,Xanh da trời,颜色,13,5.0,0,925170552352,DUNG,,
夜视行车记录仪,Camera hành trình tầm nhìn ban đêm,产品类型,13,4.0,0,949392468572,DUNG,,
手洗,Rửa tay,洗涤方式,13,3.0,0,858040892014,SAI,Giặt tay,
快手,Tay nhanh,主要下游平台,13,4.0,0,907611681145,SAI,Kuaishou,
1.8床单四件套-被套180*220,Bộ ga trải giường 4 món 1.8m - Vỏ chăn 180*220,尺寸规格,13,3.43,0,1029408144205,DUNG,,
日式风,phong cách Nhật Bản,风格,13,5.33,0,962714217429,DUNG,,
海绵,bọt biển,填充物,13,3.5,0,994238485269,DUNG,,
动物图案,Hình động vật,印花主题,13,2.75,0,938178755915,DUNG,,
高跟[6-8cm(含)],Giày cao gót [6-8cm (đã bao gồm)],鞋跟高,13,6.0,0,856852429816,SAI,Gót cao [6-8cm (bao gồm)],
LOGO贴牌,LOGO dán nhãn riêng,加工方式,13,6.0,0,1029601544493,DUNG,,
凉感,cảm giác mát mẻ,功能,13,6.0,0,793678169549,DUNG,,
公主系列,Dòng công chúa,系列,13,3.0,0,713562756400,DUNG,,
驼色,con lạc đà,颜色,13,4.0,0,988363845174,SAI,Màu nâu lạc đà,
滇红,Đỏ Vân Nam,产品类别,13,4.0,0,795341222380,SAI,Hồng trà Vân Nam,
香辣味,cay,口味,13,1.0,0,951264761765,DUNG,,
苹果14pro,Apple 14pro,适用型号,13,2.5,0,964826258921,SAI,iPhone 14 Pro,
苹果15pro,Apple 15pro,适用型号,13,2.5,0,964826258921,SAI,iPhone 15 Pro,
隐形支架,Giá đỡ tàng hình,流行元素,13,3.25,0,909899820722,DUNG,,
iPhone12/12Pro通用,Phổ biến cho iPhone12/12Pro,适用机型,13,5.0,0,852723012425,SAI,Dùng chung cho iPhone 12/12 Pro,
90天,90 ngày,保质期,13,4.0,0,698917624751,DUNG,,
智能APP操作,Hoạt động ứng dụng thông minh,功能,13,5.25,0,1002925788364,SAI,Điều khiển qua app,
原创,Nguyên bản,风格,12,4.5,0,923864287968,DUNG,,
白盒,Hộp trắng,包装方式,12,4.0,0,862139708038,DUNG,,
树脂,Nhựa,材质,12,2.0,0,980023930235,DUNG,,
薯片,khoai tây chiên,产品类别,12,6.5,0,950858281236,DUNG,,
钢丝球,Bóng dây thép,产品类别,12,3.67,0,575020879463,SAI,Miếng cọ thép,
氨纶:5%,氨纶:5%,材质成分,12,1.0,0,1076361911104,SAI,Vải thun: 5%,
来样定制,Mẫu tùy chỉnh,加工方式,12,2.75,0,642113602130,SAI,Đặt làm theo mẫu,
包头,Bít mũi,产品类别,12,3.0,0,899208127813,DUNG,,
苹果13MINI,Apple 13MINI,适用型号,12,2.5,0,911691980852,SAI,iPhone 13 mini,
小巧便携,Nhỏ và di động,功能,12,2.75,0,922076470299,DUNG,,
小圆孔,Lỗ tròn nhỏ,奶嘴孔型,12,3.0,0,1072411210777,DUNG,,
中裙,váy giữa,裙长,12,3.5,0,832956749967,SAI,Váy dài vừa,
小众,Niche,风格,12,2.5,0,1001407462845,DUNG,,
暗紫色,Màu tím đậm,颜色,12,3.0,0,707373222541,DUNG,,
1.5床单四件套-被套150*200,Bộ ga trải giường 4 món 1.5 - vỏ chăn 150*200,尺寸规格,12,3.29,0,1029408144205,DUNG,,
语音识别,nhận dạng giọng nói,AI能力,12,4.0,0,931117869419,DUNG,,
锦纶/尼龙,Nylon/Nylon,主面料成分,12,2.5,0,913756209999,DUNG,,
1.8m床【床笠款四件套】-适合200x230cm被芯,Giường 1.8m [bộ ga trải giường bốn món] - phù hợp với ruột chăn kích thước 200x230cm,尺寸规格,12,4.73,0,1005651591525,DUNG,,
婴幼（0-3岁）,Trẻ sơ sinh và trẻ mới biết đi (0-3 tuổi),适用年龄,12,9.0,0,993795253859,DUNG,,
其他/other,Khác/other,图案,12,2.0,0,891547057353,DUNG,,
低跟[小于3cm(含)],Gót thấp [dưới 3cm (tính cả)],鞋跟高度,12,3.4,0,897632389743,DUNG,,
日式复古,Kiểu Nhật cổ điển,风格,12,3.5,0,944363781772,DUNG,,
500克,500g,净重（规格）,12,1.0,0,924743979898,DUNG,,
其它:100%,Khác: 100%,材质成分,12,2.0,0,904310181601,DUNG,,
抗压,Chống nén,功能,12,4.0,0,741400188461,DUNG,,
烹饪铲,Xẻng nấu ăn,产品类别,12,3.0,0,1054838155373,DUNG,,
洁面摩丝,Mousse làm sạch,洁面分类,12,3.25,0,896499550811,DUNG,,
无内存,Không có bộ nhớ,规格尺寸,12,4.0,0,923550644038,DUNG,,
棉:95%,Bông:95%,材质成分,12,4.0,0,951242043133,DUNG,,
棉:95%,棉:95%,材质成分,12,1.0,0,1076361911104,SAI,Bông: 95%,
NFC功能,chức năng NFC,功能,12,4.0,0,746985772558,DUNG,,
民族风,Phong cách dân tộc,颜色,12,5.0,0,744975823180,DUNG,,
工装鞋,Giày công sở,产品类别,12,3.33,0,1045041653109,SAI,Giày công nhân (workwear),
天然橡胶,Cao su thiên nhiên,鞋底材质,12,3.75,0,1065463034054,DUNG,,
方格,Lưới ô vuông,图案,12,5.0,0,1059020890248,SAI,Kẻ ô,
短裙,váy,裙长,12,1.5,0,978743507514,SAI,Váy ngắn,
29寸,29 inch,尺寸,12,4.0,0,716325399120,DUNG,,
去油渍,Loại bỏ vết dầu,去污能力,12,4.0,0,623804549404,DUNG,,
可定制,Có thể được tùy chỉnh,尺寸,12,5.67,0,979221947548,DUNG,,
中长裙,Váy dài vừa,裙长,12,3.0,0,872513084184,DUNG,,
雾灰,sương mù màu xám,颜色,12,6.5,0,944179707822,SAI,Xám sương mù,
海军蓝,Xanh hải quân,颜色,12,3.67,0,778676911125,DUNG,,
初中,trung học cơ sở,适用学龄,12,6.0,0,778759353560,DUNG,,
保鲜,Bảo quản,功能,12,3.5,0,862862895225,DUNG,,
50寸,50 inch,尺寸,12,4.0,0,653189590676,DUNG,,
熬夜修复,Thường xuyên thức khuya để sửa chữa,使用场景,12,7.25,1,976539774754,SAI,Phục hồi da sau thức khuya,
1.5m床【床笠款四件套】-适合200x230cm被芯,Giường 1.5m [Bộ 4 món ga bọc chun] - Phù hợp với ruột chăn 200x230cm,尺寸规格,12,3.36,0,1005651591525,DUNG,,
置物盒,Hộp đựng đồ,置物用品类型,12,3.0,0,742770304172,DUNG,,
置物箱,Hộp đựng đồ,置物用品类型,12,3.0,0,715559046885,DUNG,,
撞色风,Phong cách màu sắc tương phản,风格,12,8.0,0,999169042503,DUNG,,
撕拉面膜,Mặt nạ xé,产品形态,12,1.75,0,740305506659,DUNG,,
入耳式耳机,Tai nghe nhét trong tai,耳机类别,12,3.8,0,746985772558,DUNG,,
国潮风,Phong cách quốc triều,风格,12,6.0,0,688010980027,SAI,Phong cách Trung Hoa hiện đại,
苹果8,Apple 8,适用型号,12,2.5,0,931679755305,SAI,iPhone 8,
武夷红茶,Trà đen Vũ,原料与配料,12,2.0,0,915138766383,SAI,Hồng trà Vũ Di,
14岁以下的电玩具,Đồ chơi điện tử dành cho trẻ em dưới 14 tuổi,3C配置类别,12,4.57,0,1016144508818,DUNG,,
M建议80-105斤,Đề xuất M 40-52.5kg,尺码,12,2.67,0,948486397997,DUNG,,
篮球,bóng rổ,适用运动,12,3.0,0,974937539530,DUNG,,
浅粉色,Màu hồng nhạt,颜色,12,3.67,0,938029914612,DUNG,,
其他口味,Hương vị khác,口味,12,2.75,0,929991000022,DUNG,,
休闲小白鞋,Giày trắng casual,款式,12,3.0,0,1013666190649,DUNG,,
图像识别,Nhận dạng hình ảnh,AI能力,12,3.75,0,931117869419,DUNG,,
荧光绿,màu xanh huỳnh quang,颜色,12,5.67,0,888259231558,DUNG,,
运动背心,Áo ba lỗ thể thao,类别,12,3.25,0,771297848809,DUNG,,
英伦风,Phong cách Anh,风格,12,4.0,0,683708122060,DUNG,,
挂锁,Khóa treo,锁的类型,12,4.0,0,776172979893,DUNG,,
车身贴,Dán thân xe,类型,12,3.0,0,837052857869,DUNG,,
周年庆典,lễ kỷ niệm,适用送礼场合,12,2.0,0,913186027723,DUNG,,
荔纹皮,Da vải thiều,皮质特征,12,3.33,0,847079969416,DUNG,,
2017年秋,Mùa thu năm 2017,产品上市时间,12,4.5,0,782816017706,DUNG,,
咨询,tư vấn,执行质量标准,12,2.5,0,968441042976,SAI,Liên hệ CSKH,
苹果12MINI,Apple 12MINI,适用型号,12,2.5,0,911691980852,SAI,iPhone 12 mini,
挂绳,Dây buộc,流行元素,12,3.5,0,987004254189,SAI,Dây đeo,
单肩斜挎包,Túi đeo chéo vai,箱包潮流款式,12,2.6,0,997938061674,DUNG,,
专车专用,Phạm vi phủ sóng xe chuyên dụng,记录仪安装类型,12,6.25,1,579200136777,SAI,Dành riêng cho từng dòng xe,
发泡橡胶,Cao su xốp,鞋底材质,12,2.0,0,1038372527493,DUNG,,
跑步运动,Chạy bộ thể thao,适用场景,12,3.25,0,1011190343028,DUNG,,
图片色,Màu như hình,颜色,12,3.33,0,924776069312,DUNG,,
麻辣味,Vị cay tê,口味,12,2.33,0,722092548541,DUNG,,
沙漠金,vàng sa mạc,颜色,12,3.0,0,835990617539,DUNG,,
内增高鞋,Giày độn đế,款式,12,2.25,0,1003493709863,DUNG,,
高透PET,PET trong suốt cao,材质,12,6.0,0,1030511418230,DUNG,,
白灰色,Màu xám trắng,颜色,12,3.67,0,898564855686,DUNG,,
干燥通风,Thông gió khô,储藏方法,12,2.75,0,551118241484,DUNG,,
高跟单鞋,giày cao gót,款式,12,2.5,0,772934068049,DUNG,,
水钻,Pha lê,流行元素,12,2.5,0,809248837519,DUNG,,
莱赛尔纤维,Sợi Lythell,材质,12,2.0,0,913901743951,SAI,Sợi Lyocell,
2024年,Năm 2024,上市时间,12,3.0,0,911858006462,DUNG,,
128G卡【高速卡】,Thẻ 128G [thẻ tốc độ cao],规格尺寸,12,3.5,0,931117869419,DUNG,,
苹果7,Táo 7,适用型号,12,1.5,0,931679755305,SAI,iPhone 7,
不易脱色,Không dễ bị đổi màu,功效,12,3.75,0,964954545530,DUNG,,
高中,Trung học phổ thông,适用学龄,12,8.0,0,782720546205,DUNG,,
冷冻,Đông lạnh,储藏方法,12,4.0,0,773445182674,DUNG,,
认知多米诺,Domino nhận thức,多米诺类型,12,2.8,0,974718266993,DUNG,,
临沧茶区,Khu vực trà Lincang,茶区,12,4.0,0,810576509888,DUNG,,
广东乌龙,Ô long Quảng Đông,产区,12,3.5,0,665500821509,DUNG,,
包裹性,Độ ôm,功能,12,1.33,0,1074206729420,DUNG,,
米灰色,Màu xám be,颜色,12,2.67,0,976239265275,DUNG,,
色织,Nhuộm sợi,印染工艺,12,4.0,0,740564044879,DUNG,,
远峰蓝,Xa đỉnh xanh lam,颜色,12,4.33,0,909899820722,SAI,Xanh Sierra,
不带挂件,Không có phụ kiện,尺寸,12,3.5,0,897768470908,DUNG,,
方格,hình vuông,颜色,12,4.5,0,979000671034,SAI,Kẻ ô,
2024年,2024,产品上市时间,11,0.0,0,1044940847696,DUNG,,
椭圆形,Hình bầu dục,箱包形状,11,3.33,0,885425222809,DUNG,,
缎纹,Hoa văn sa tanh,织造工艺,11,6.0,0,766680095256,DUNG,,
书本,sách,适用范围,11,2.0,0,735283254705,DUNG,,
玫红,Đỏ hoa hồng,颜色,11,4.5,0,617579836070,SAI,Hồng sen,
拼接款,Phong cách chắp vá,款式,11,5.0,0,948734091492,SAI,Kiểu phối ghép,
荧光绿,Xanh huỳnh quang,颜色,11,4.67,0,669907489175,DUNG,,
深紫色,Màu tím đậm,颜色,11,3.0,0,843296817297,DUNG,,
大象灰,Voi xám,颜色,11,2.0,0,845663708201,SAI,Xám voi,
氨纶,vải thun,主面料成分2,11,3.5,0,965237555092,DUNG,,
书籍杂志,sách và tạp chí,适用范围,11,3.0,0,959801961568,DUNG,,
L【建议120-140斤】,L [đề nghị 120-140 kg],尺码,11,2.67,0,898810827366,SAI,L [gợi ý 60-70kg],
3cm~5cm(含),3cm~5cm (bao gồm cả),鞋底厚度,11,8.0,0,1048726179823,DUNG,,
无印刷,Không in ấn,印刷工艺,11,3.0,0,909987203615,DUNG,,
大红色,Màu đỏ đậm,颜色,11,2.67,0,740628675155,DUNG,,
无内存卡,Không có thẻ nhớ,规格尺寸,11,3.25,0,832895110589,DUNG,,
经典风,Phong cách cổ điển,风格,11,5.0,0,1017480945298,DUNG,,
法标,Tiêu chuẩn Pháp,标准类型,11,6.5,0,889148605320,DUNG,,
大象灰,con voi màu xám,颜色,11,4.0,0,992267458827,SAI,Xám voi,
旋转扣,Khóa xoay,闭合方式,11,2.67,0,1025777580495,DUNG,,
飞织布,Vải bay,鞋面材质,11,2.0,0,873763060797,SAI,Vải dệt kim liền,
飞织网布,Vải lưới dệt bay,鞋面材质,11,3.25,0,1054397425998,SAI,Vải lưới dệt kim liền,
唯美,Đẹp,风格,11,1.5,0,972059518708,DUNG,,
奶杏色,Màu mơ sữa,颜色,11,2.67,0,999532691537,DUNG,,
民族风,phong cách dân tộc,风格,11,5.0,0,1001744080768,DUNG,,
苹果18PRO,Táo 18PRO,适用型号,11,1.5,0,878440843639,SAI,iPhone 18 Pro,
家用收纳,Đựng đồ gia dụng,适用场景,11,3.25,0,903233885467,DUNG,,
20000毫安,20000mA,电源容量,11,1.0,0,914025460336,SAI,20000mAh,
标准,Tiêu chuẩn,规格类型,11,4.5,0,899421479602,DUNG,,
2020年秋季,Mùa thu năm 2020,上市年份季节,11,3.0,0,973925948678,DUNG,,
杂物收纳筐,Giỏ đựng đồ lặt vặt,产品类别,11,3.0,0,921427199702,DUNG,,
复古腔调,điểm nhấn retro,风格,11,3.25,0,980548067224,DUNG,,
单边免提,Rảnh tay ở một bên,是否单双耳,11,3.5,0,900352358524,DUNG,,
白黑色,Trắng đen,颜色,11,2.67,0,1040921884423,DUNG,,
小香风,Xiaoxiangphong,风格,11,4.67,0,1000457471040,SAI,Phong cách Chanel (vải tweed),
逛街,mua sắm,适用场景,11,3.0,0,939317477818,DUNG,,
彩绘,Sơn màu,工艺,11,3.0,0,842221182334,DUNG,,
官方标配,Tiêu chuẩn chính thức,套餐类型,11,4.5,0,695027195144,DUNG,,
苹果18PROMAX,Táo 18PROMAX,适用型号,11,1.5,0,878440843639,SAI,iPhone 18 Pro Max,
拉丁美洲,Châu Mỹ La tinh,主要销售地区,11,3.0,0,797071043516,DUNG,,
街头潮人,Hipster đường phố,风格类型,11,3.75,0,645453165561,DUNG,,
外观设计专利,Bằng sáng chế thiết kế,专利类型,11,3.0,0,941372486078,DUNG,,
蜘蛛侠,Người Nhện,形象,11,3.0,0,1062497192771,DUNG,,
法式,Pháp,风格,11,2.0,0,1050988461299,DUNG,,
熊果苷,Arbutin,核心成分,11,2.33,0,832854031848,DUNG,,
通勤,Đi làm,适用场景,11,2.5,0,1082029456181,DUNG,,
少女风,Phong cách thiếu nữ,风格,11,5.33,0,682886859696,DUNG,,
9999天,9999 ngày,保质期,11,4.0,0,642243218304,DUNG,,
M【建议100-120斤】,M [Đề nghị 100-120 kg],尺码,11,2.67,0,898810827366,SAI,M [gợi ý 50-60kg],
2020年,Năm 2020,上市时间,11,3.0,0,925419987602,DUNG,,
爱心,tình yêu,流行元素,11,3.5,0,691655316233,SAI,Trái tim,
木,Gỗ,手柄材质,11,2.0,0,836254076485,DUNG,,
超纤皮（革）,Da siêu sợi,鞋面材质,11,2.25,0,1076839499415,DUNG,,
小众,hốc,风格,11,1.5,0,901830730947,SAI,Độc lạ,
深蓝,màu xanh đậm,颜色,11,5.0,0,965168089722,DUNG,,
儿童(0-12岁),Trẻ em (0-12 tuổi),适用对象,11,3.0,0,1079508252735,DUNG,,
1.8m床笠款四件套【被套200*230cm】,Bộ 4 món ga bọc đệm 1.8m [Vỏ chăn 200*230cm],尺寸规格,11,2.38,0,1032632344587,DUNG,,
浅蓝,Xanh nhạt,花型,11,4.0,0,1005477314741,DUNG,,
仙女,cổ tích,风格,11,3.0,0,1001407462845,SAI,Phong cách tiên nữ,
茶叶鲜叶,Lá trà tươi,原料与配料,11,2.25,0,816184062028,DUNG,,
暗紫色,màu tím đậm,颜色,11,3.0,0,971296679110,DUNG,,
带盖,Có nắp,开合方式,11,2.5,0,670669958659,DUNG,,
【床笠款】1.2三件套-被套150x200,[Bộ ga chun]Bộ 3 món 1.2m - Vỏ chăn 150x200,尺寸规格,11,2.5,0,1080277462896,DUNG,,
质检,Kiểm tra chất lượng,质检单位,11,8.0,0,1036419883442,DUNG,,
营养,dinh dưỡng,特殊功效,11,4.5,0,971065882650,DUNG,,
老年（61岁以上）,Người cao tuổi (trên 61 tuổi),适用年龄,11,4.0,0,772223960977,DUNG,,
bk男鞋,giày nam bk,货号,11,3.5,0,1052363176868,DUNG,,
2023年春,Mùa xuân năm 2023,产品上市时间,11,5.0,0,718574268057,DUNG,,
艺术,Nghệ thuật,风格,11,4.5,0,896964133809,DUNG,,
西式糕点,bánh ngọt phương Tây,类型,11,4.25,0,938115894052,DUNG,,
刀具套装,Bộ dao,产品类别,11,1.25,0,722757857327,DUNG,,
三本针,Kim ba cuốn,款式细节,11,3.0,0,919082656696,SAI,May ba đường kim,
7天,7 ngày,数据存储时间,11,4.0,0,984453619096,DUNG,,
儿童礼物,quà tặng trẻ em,适用场景,11,3.0,0,929991000022,DUNG,,
立体,Lập thể,流行元素,11,3.0,0,896964133809,SAI,Nổi khối 3D,
60寸,60 inch,尺寸,11,4.0,0,776172979893,DUNG,,
黑色无挂件,Màu đen không có đồ treo,颜色,11,3.8,0,903233885467,DUNG,,
70%（含）-80%（不含）,70% (bao gồm)-80% (không bao gồm),主面料成分含量,11,5.67,0,784625882404,DUNG,,
手提包,túi xách,箱包潮流款式,11,2.33,0,873071454576,DUNG,,
1.5m床笠款四件套【被套200*230cm】,"Bộ ga trải giường 1.5m (bao gồm vỏ chăn, kích thước 200*230cm)",尺寸规格,11,4.38,0,1032632344587,DUNG,,
2013年春,Mùa xuân năm 2013,产品上市时间,11,5.0,0,816731604094,DUNG,,
40L-50L（含）,40L-50L (bao gồm),容量,11,6.0,0,1018635857556,DUNG,,
40L-50L（含）,40L-50L (đã bao gồm),容量,11,8.0,0,961109334208,DUNG,,
黑色【230克长绒棉纯棉】,Màu đen [230g bông cotton dài],颜色,11,2.5,0,801470509077,DUNG,,
单被套200x230cm,Vỏ chăn đơn 200x230cm,尺寸规格,11,3.0,0,1017512790299,DUNG,,
远峰蓝,Đỉnh cao xanh lam,颜色,11,4.67,0,971296679110,SAI,Xanh Sierra,
婴幼（0-3岁）,Trẻ sơ sinh và trẻ nhỏ (0-3 tuổi),适用年龄,11,7.0,0,1063975351018,DUNG,,
2.0m床单款四件套【被套220*240cm】,"Bộ chăn ga gối kích thước 2.0m (bao gồm vỏ chăn, kích thước 220*240cm)",尺寸规格,11,5.12,0,1017628771481,DUNG,,
真丝,Lụa thật,面料名称,11,3.5,0,890859521976,DUNG,,
黄棕色,Màu nâu vàng,颜色,11,3.33,0,719630001727,DUNG,,
PP裤,Quần PP,款式,11,4.0,0,819375617020,KHONG_CHAC,,PP裤 (quần trẻ em mông to) chưa chắc tên tiếng Việt chuẩn
牛仔蓝,màu xanh denim,颜色,11,4.0,0,936012222283,DUNG,,
苹果15plus,Apple 15plus,适用型号,11,2.5,0,795089231243,SAI,iPhone 15 Plus,
8.5四角盒8.5*6.7*3.6CM,"Hộp vuông 8.5, kích thước 8.5*6.7*3.6CM",颜色,11,5.67,0,740336276009,DUNG,,
鸭嘴杯,Cốc mỏ vịt,用品品类,11,2.67,0,852314748180,DUNG,,
220*240cm单被套,Vỏ chăn đơn 220*240cm,尺寸规格,11,3.0,0,960337024182,DUNG,,
1800万,18 triệu,拍照像素,11,5.0,0,709971580780,SAI,18 MP,
多场景模拟,Mô phỏng đa kịch bản,特色功能,11,3.2,0,964325435088,SAI,Mô phỏng nhiều tình huống,
基础款,Mô hình cơ bản,款式,11,3.67,0,985694576475,DUNG,,
性感辣妹,Hot girl gợi cảm,跨境风格类型,11,3.25,0,916601417939,DUNG,,
亚麻,Vải lanh,表层材质,11,3.5,0,916203541902,DUNG,,
羊毛,Len,鞋垫材质,11,1.5,0,1015406586192,DUNG,,
日系风,Phong cách Nhật Bản,风格,11,5.33,0,1071466105053,DUNG,,
日系清新,Tươi tắn kiểu Nhật,风格,11,3.75,0,782832136985,DUNG,,
体感,Cảm giác cơ thể,遥控方式,11,6.0,0,817456149286,SAI,Cảm biến cử chỉ,
自然风,Phong cách tự nhiên,风格,11,5.33,0,1029408144205,DUNG,,
休闲T恤,Áo phông thông thường,类别,11,5.67,0,948486397997,DUNG,,
高温定型,Cài đặt nhiệt độ cao,工艺,11,4.0,0,957880242534,SAI,Định hình nhiệt độ cao,
粘胶,Keo dán,材质工艺,11,3.0,0,1014922505934,DUNG,,
外观设计专利,Bằng sáng chế thiết kế ngoại hình,专利类型,11,4.5,0,976337345290,DUNG,,
见配料表,Xem danh sách thành phần,原料与配料,11,5.0,0,971325911416,DUNG,,
C类,Loại C,安全等级,11,4.0,0,987600622010,DUNG,,
二层猪皮,Da heo lớp thứ hai,内里材质,11,3.5,0,898530758230,DUNG,,
日常办公,Văn phòng hàng ngày,适用场景,11,4.0,0,1082029456181,DUNG,,
硬地,Sàn cứng,适合场地,11,3.5,0,1084116728914,DUNG,,
语音交互,Tương tác bằng giọng nói,智能交互方式,11,5.0,0,949392468572,DUNG,,
5年,5 năm,保质期,11,3.0,0,673311330601,DUNG,,
白色【230克长绒棉纯棉】,Trắng [230g cotton dài cotton tinh khiết],颜色,11,3.75,0,801470509077,DUNG,,
浮世绘,Ukiyo-e,风格,11,2.0,0,1001407462845,DUNG,,
XL【建议140-160斤】,XL [đề nghị 140-160 kg],尺码,11,2.67,0,898810827366,SAI,XL [gợi ý 70-80kg],
0L-5L（含）,0L-5L (bao gồm),容量,11,6.0,0,1039478972190,DUNG,,
长袖T恤,Áo thun dài tay,货号,11,3.67,0,967697996090,DUNG,,
前后双录行车记录仪,Camera hành trình ghi hình kép trước và sau,产品类型,11,3.89,0,925634550577,DUNG,,
一字拖,Dép xỏ ngón,闭合方式,10,3.0,0,818291820547,SAI,Dép quai ngang,
日韩品牌,Thương hiệu Nhật Bản và Hàn Quốc,品牌类型,10,6.5,1,822893988590,DUNG,,
液态硅胶,silicone lỏng,材质,10,3.0,0,987004254189,DUNG,,
深空灰,Xám không gian,颜色,10,4.0,0,891547057353,DUNG,,
白灰,Bạch Hôi,颜色,10,3.5,0,1072878506051,SAI,Trắng xám,
户外,ngoài trời,场景,10,4.5,0,599670655367,DUNG,,
1.8m床单款四件套【被套200*230cm】,Bộ chăn ga gối kích thước 1.8m (gồm bốn món) [vỏ chăn: 200*230cm],尺寸规格,10,4.38,0,1017628771481,DUNG,,
浅蓝,Xanh lam nhạt,颜色,10,5.5,0,730121672400,DUNG,,
聚酯纤维（涤纶）:45%,Sợi polyester (polyester): 45%,材质成分,10,3.5,0,1075222242141,DUNG,,
白色【230长绒棉】,Màu trắng [bông 230 dài],颜色,10,3.0,0,809470080221,DUNG,,
1.5m床【床笠款四件套】-适合200x230cm被芯,Giường 1.5 m [bộ 4 chiếc kiểu ga trải giường]-phù hợp với vỏ chăn 200x230cm,尺寸规格,10,4.0,0,940963643511,SAI,Giường 1.5 m [bộ 4 món kiểu ga chun] - phù hợp với ruột chăn 200x230cm,
牛仔布,Vải bò,材质,10,1.67,0,807716396955,DUNG,,
老年,tuổi già,适用人群,10,3.5,0,684929079298,SAI,Người cao tuổi,
十月,Tháng 10,热卖月份,10,2.5,0,825852165515,DUNG,,
体感,cảm giác cơ thể,遥控方式,10,6.0,0,997803265797,SAI,Cảm biến cử chỉ,
4件,4 miếng,件数,10,5.0,0,1077392585507,DUNG,,
开衩,Xẻ tà,服装款式细节,10,2.0,0,921277745776,DUNG,,
冰箱收纳盒,hộp đựng tủ lạnh,货号,10,2.6,0,987279589198,DUNG,,
丝光棉,Bông được đánh bóng,面料名称,10,5.33,0,970788474889,DUNG,,
白色大号,Màu trắng cỡ lớn,颜色,10,3.25,0,946525624320,DUNG,,
巧克力味,Vị sô cô la,口味,10,2.0,0,936880565145,DUNG,,
玫红,Hồng cánh sen,颜色,10,5.5,0,1034363321219,DUNG,,
经典黑,Đen kinh điển,颜色,10,3.67,0,896876818015,DUNG,,
食品级液态硅胶,Silicone lỏng cấp thực phẩm,材质,10,3.29,0,1042701689033,DUNG,,
桔红色,Màu đỏ cam,颜色,10,2.67,0,828422511887,DUNG,,
细跟,Giày cao gót,鞋跟款式,10,5.0,0,1026297660690,SAI,Gót nhọn,
天空蓝,Xanh da trời,颜色,10,3.33,0,891547057353,DUNG,,
棉:55%,Bông:55%,材质成分,10,4.0,0,1075222242141,DUNG,,
棉麻,Bông và vải lanh,材质,10,6.5,0,999526485824,DUNG,,
纸巾盒,Hộp đựng khăn giấy,货号,10,5.0,0,822791151807,DUNG,,
面包,Bánh mì,种类,10,3.0,0,932563583726,DUNG,,
40男,40 nam,尺码,10,3.0,0,716459706224,DUNG,,
纯黑色,Màu đen trơn,颜色,10,3.33,0,795422639040,DUNG,,
椭圆形,hình bầu dục,箱包形状,10,3.33,0,980929003230,DUNG,,
素面,Trơn,流行元素,10,2.0,0,1043066550578,DUNG,,
青春潮流,Xu hướng trẻ trung,风格,10,3.75,0,647766555217,DUNG,,
5天,5 ngày,最快出货时间,10,4.0,0,1082029456181,DUNG,,
固定测速,Đo tốc độ cố định,功能,10,3.25,0,969811060123,DUNG,,
腈纶,Sợi acrylic,主面料成分,10,5.0,0,626639420164,DUNG,,
土黄,Màu vàng đất,颜色,10,5.0,0,985732879368,DUNG,,
甜味,Vị ngọt,口味,10,3.0,0,763701720238,DUNG,,
雾色,màu sương mù,颜色,10,5.0,0,944179707822,DUNG,,
橡塑,Cao su và nhựa,鞋底材质,10,5.5,0,897572194345,DUNG,,
红茶,trà đen,原料与配料,10,3.0,0,681699028000,DUNG,,
糖果,Kẹo,元素,10,1.5,0,953507500234,DUNG,,
欧标,Tiêu chuẩn Châu Âu,标准类型,10,7.5,0,995915969872,DUNG,,
PU皮,da PU,皮质特征,10,2.0,0,986000401368,DUNG,,
无保修,Không có bảo hành,保修期,10,4.67,0,855090942819,DUNG,,
蓝,Xanh lam,颜色,10,7.0,0,899132342093,DUNG,,
保鲜,Giữ tươi,功能,10,3.5,0,987279589198,DUNG,,
防霉,Chống nấm mốc,功能,10,5.5,0,904143560655,DUNG,,
防螨,Chống mạt,功能,10,4.0,0,844518267311,DUNG,,
正山小种,Trà Chính Sơn Tiểu Chủng,产品类别,10,5.0,0,1050600780883,DUNG,,
防盗刷,Bàn chải chống trộm,功能,10,5.33,0,887723092748,SAI,Chống quét trộm thẻ (RFID),
180*220单被套,Vỏ chăn đơn 180*220,尺寸规格,10,3.0,0,956188209499,DUNG,,
百洁布,Vải cọ rửa,产品类别,10,2.67,0,781766368319,DUNG,,
炒青绿茶,Trà xanh xào,原料与配料,10,2.5,0,535616622336,SAI,Trà xanh sao chảo,
家用收纳,Lưu trữ tại nhà,适用场景,10,3.0,0,995064129930,DUNG,,
防泼水,防泼水,防水程度,10,1.0,0,538891756676,SAI,Chống nước bắn,
防泼水,Không thấm nước,功能,10,4.33,0,925147640789,SAI,Chống nước bắn,
商务黑,Đen công sở,颜色,10,3.0,0,664244721713,DUNG,,
40 标准尺码,40 kích cỡ tiêu chuẩn,尺码,10,3.75,0,1034783417627,DUNG,,
中国红,Đỏ Trung Quốc,颜色,10,3.67,0,845329631227,DUNG,,
灰黑,Xám đen,颜色,10,3.0,0,1042369226030,DUNG,,
新中式,Phong cách Tân Trung Hoa,风格,10,6.67,0,1056227859135,DUNG,,
新,mới,生产日期,10,3.0,0,922588689708,DUNG,,
防撞条,Thanh chống va đập,类型,10,5.0,0,856312931853,DUNG,,
闽南乌龙,Ô Long Phúc Kiến Nam,产区,10,4.0,0,985942927469,DUNG,,
闪电麦坤,Tia chớp McQueen,形象,10,3.5,0,1074336234309,DUNG,,
亲子,Cha mẹ con,元素,10,4.0,0,870913492380,DUNG,,
萌趣动物,Động vật ngộ nghĩnh,图案,10,4.0,0,1081881068465,DUNG,,
气质熟女,Nữ trưởng thành khí chất,风格,10,5.0,0,900290421652,DUNG,,
图腾,Vật tổ,流行元素,10,2.5,0,925611508379,DUNG,,
L建议105-130斤,L khuyến nghị 52.5-65kg,尺码,10,4.0,0,948486397997,DUNG,,
图腾,Tượng đài,流行元素,10,4.0,0,1077343015875,SAI,Hoa văn totem,
散装称重销售,Bán hàng cân số lượng lớn,净含量,10,3.33,0,608874970198,SAI,Bán cân hàng rời,
散装称重,Cân số lượng lớn,净含量（规格）,10,3.25,0,987636824977,SAI,Hàng rời cân ký,
不支持一次性,Không được hỗ trợ cho sử dụng một lần,是否一次性,10,4.83,0,623804549404,SAI,Không dùng một lần,
抽带,dây rút,开盖方式,10,3.0,0,976969313462,DUNG,,
粉红,Hồng phấn,颜色,10,4.0,0,676487985629,DUNG,,
针织袖,Tay áo dệt kim,款式细节,10,3.67,0,812513162518,DUNG,,
43 标准尺码,43 kích cỡ tiêu chuẩn,尺码,10,3.75,0,1034783417627,DUNG,,
店铺三包,Cửa hàng ba gói,售后服务,10,3.0,0,852562124387,SAI,"Shop bảo hành ba đảm bảo (đổi, sửa, trả)",
0-3个月,0-3 tháng,适用年龄,10,2.5,0,944048335003,DUNG,,
支持定制,Hỗ trợ tùy chỉnh,刷子颜色,10,3.25,0,976368759094,DUNG,,
枫叶红,lá phong đỏ,颜色,10,3.0,0,996769657619,DUNG,,
2026年3月,tháng 3 năm 2026,生产日期,10,4.0,0,996120596492,DUNG,,
滑盖,nắp trượt,开合方式,10,4.0,0,747025981561,DUNG,,
S【建议80-100斤】,S [Đề nghị 80-100 kg],尺码,10,2.67,0,898810827366,SAI,S [gợi ý 40-50kg],
一件代发,Dropship,加盟分销门槛,10,2.0,0,693625262838,DUNG,,
都市风,Phong cách đô thị,风格,10,4.67,0,707829628083,DUNG,,
药盒,Hộp thuốc,收纳场景,10,4.0,0,1082671173207,DUNG,,
Rapunzel乐佩公主/长发公主,Công chúa Rapunzel,形象,10,1.0,0,1065463034054,DUNG,,
板鞋系列,Dòng giày sneaker,运动系列,10,3.75,0,1050125964041,DUNG,,
换洗衣物,Thay quần áo,适用范围,10,2.5,0,959801961568,SAI,Quần áo để thay,
44 标准尺码,44 kích cỡ tiêu chuẩn,尺码,10,3.75,0,1034783417627,DUNG,,
商务灰,Xám thương mại,颜色,10,4.0,0,937967737315,DUNG,,
直筒裙,váy thẳng,款式,10,2.67,0,974424224477,DUNG,,
塑料收纳箱,Hộp nhựa đựng đồ,产品类别,10,2.6,0,1041321038882,DUNG,,
透明色,Màu trong suốt,颜色分类,10,4.0,0,685561611624,DUNG,,
抗紫外线,chống tia cực tím,材质功能,10,3.5,0,971745193748,DUNG,,
白蓝色,Trắng xanh,颜色,10,3.0,0,1068427242977,DUNG,,
彩虹,Cầu vồng,颜色,10,3.5,0,761863121971,DUNG,,
汽车挂饰,Treo trang trí ô tô,分类,10,3.75,0,801877533051,DUNG,,
300g(含)-350g(不含),300g (bao gồm)-350g (không bao gồm),克重,10,5.67,0,944363781772,DUNG,,
59码,59 yard,适合身高,10,4.0,0,899459419811,SAI,Cỡ 59,
50L-60L（含）,50L-60L (đã bao gồm),容量,10,8.0,0,929562404887,DUNG,,
进口,Nhập khẩu,外贸类型,10,4.0,0,1014922505934,DUNG,,
300g（不含）以下,Dưới 300g (không bao gồm),克重,10,3.75,0,899661180534,DUNG,,
天丝,Tencel,膜布材质,10,3.0,0,969940432143,DUNG,,
沙色,Màu cát,颜色,10,3.0,0,678051573926,DUNG,,
软妹,Cô gái dịu dàng,风格,10,6.0,0,805936549220,DUNG,,
31%(含)-50%(含),31% (bao gồm)-50% (bao gồm),主面料成分的含量,10,6.0,0,766194596457,DUNG,,
A字型款,kiểu dáng chữ A,款式,10,3.67,0,901734706339,DUNG,,
20L-30L（含）,20L-30L (đã bao gồm),容量,10,8.0,0,913652049998,DUNG,,
黑色带挂件,Màu đen kèm đồ treo,颜色,10,3.0,0,874373509931,DUNG,,
18寸,18inch,尺寸,10,4.0,0,628817412538,DUNG,,
木质,gỗ,材质,10,1.0,0,989009740032,DUNG,,
软包,Túi mềm,电池类型,10,3.0,0,834728423663,SAI,Pin dạng túi mềm (pouch),
2XL【建议160-180斤】,2XL [đề nghị 160-180 kg],尺码,10,2.67,0,898810827366,SAI,2XL [gợi ý 80-90kg],
黑色【230长绒棉】,Màu Đen [bông 230 dài],颜色,10,2.6,0,809470080221,DUNG,,
夹心饼干,bánh quy sandwich,品种,10,3.75,0,967298575260,DUNG,,
碳灰金,Vàng xám carbon,颜色,10,4.33,0,1034707545586,DUNG,,
车窗玻璃,Kính cửa sổ ô tô,安装位置,10,3.0,0,607934824444,DUNG,,
法式,tiếng Pháp,风格,10,4.5,0,991514597833,SAI,Kiểu Pháp,
苹果 14,Táo 14,适用型号,10,1.5,0,983790996923,SAI,iPhone 14,
全新PET,PET hoàn toàn mới,材质,10,5.5,0,1063760472111,DUNG,,
咖啡,cà phê,颜色,10,2.5,0,918711339311,DUNG,,
最新日期,Ngày mới nhất,生产日期,10,2.75,0,1029759619907,DUNG,,
14岁以下的电玩具,Đồ chơi điện dưới 14 tuổi,3C配置类别,10,2.57,0,818606086578,DUNG,,
贴片面膜,mặt nạ vá,产品类型,10,1.75,0,794671380618,SAI,Mặt nạ giấy,
十二月,Tháng mười hai,热卖月份,10,4.0,0,825852165515,DUNG,,
奶瓶,Bình sữa,颜色,10,3.5,0,905088349035,DUNG,,
发泡橡胶,cao su xốp,鞋底材质,10,2.0,0,961574726166,DUNG,,
入耳式耳机,Tai nghe nhét tai,耳机类别,10,2.8,0,852562124387,DUNG,,
麂皮绒,da lộn,外部材质,10,1.67,0,895505824643,DUNG,,
曜石黑,Đen đá,颜色,10,1.67,0,875365409990,DUNG,,
暗黑风,Gió tối đen,风格,10,3.0,0,767939710858,SAI,Phong cách u tối (dark),
泥膜,màng bùn,产品形态,10,3.5,0,636350160194,SAI,Mặt nạ bùn,
220*240cm单被套,"Vỏ chăn đơn, kích thước 220 x 240 cm",尺寸规格,10,6.33,0,1056338826939,DUNG,,
贝壳包,Túi vỏ sò,箱包潮流款式,10,2.33,0,861035495395,DUNG,,
电竞游戏,trò chơi thể thao điện tử,风格,10,5.0,0,999918541272,DUNG,,
沙滩,bãi biển,适用场景,10,3.5,0,786618463095,DUNG,,
单被套180x220cm,Vỏ chăn đơn 180x220cm,尺寸规格,10,3.0,0,1017512790299,DUNG,,
1.5m床单款四件套【被套200*230cm】,Bộ chăn ga gối 4 món ga trải giường 1.5m [Vỏ chăn 200*230cm],尺寸规格,10,4.0,0,1017628771481,DUNG,,
iPhone 17 6.3寸,iPhone 17 6.3inch,适用型号,10,4.0,0,754518753178,DUNG,,
iPhone 17 Pro 6.3寸,iPhone 17 Pro 6.3inch,适用型号,10,4.0,0,754518753178,DUNG,,
详情,Chi tiết,容积,10,3.5,0,976228923060,DUNG,,
iPhone 17 Pro max 6.9寸,iPhone 17 Pro tối đa 6.9inch,适用型号,10,6.0,0,754518753178,SAI,iPhone 17 Pro Max 6.9inch,
1.8m床【床笠款四件套】-适合200x230cm被芯,Giường 1.8 m [bộ 4 chiếc kiểu ga trải giường]-phù hợp với vỏ chăn 200x230cm,尺寸规格,10,4.0,0,940963643511,SAI,Giường 1.8 m [bộ 4 món kiểu ga chun] - phù hợp với ruột chăn 200x230cm,
高级灰,Màu xám cao cấp,颜色,10,4.0,0,823265244697,DUNG,,
益智,Câu đố,特色功能,10,2.5,0,888584387423,SAI,Phát triển trí tuệ,
MINI/迷你,MINI/Mini,箱包大小,10,2.0,0,822159913417,DUNG,,
草绿色,Màu xanh cỏ,颜色,10,3.0,0,650521200657,DUNG,,
头戴式耳机,Tai nghe,耳机类别,10,1.4,0,876193503676,SAI,Tai nghe chụp tai,
复古,Cổ điển,风格,10,3.0,0,686515720438,DUNG,,
单被套200*230cm,Vỏ chăn đơn 200*230cm,尺寸规格,10,3.0,0,1074101940895,DUNG,,
涤纶（聚酯纤维）:100%,Polyester (sợi polyester): 100%,材质成分,10,3.5,0,974746224920,DUNG,,
25ml*5片,25ml * 5 miếng,净含量,10,5.0,0,684929079298,DUNG,,
见产品包装,Xem bao bì sản phẩm,生产日期,10,3.0,0,585076614098,DUNG,,
苹果12promax,Apple 12promax,适用型号,10,2.5,0,964826258921,SAI,iPhone 12 Pro Max,
苹果6S,Apple 6S,适用型号,10,2.5,0,949699932288,SAI,iPhone 6S,
百洁布,Miếng cọ rửa,产品类别,10,3.33,0,623804549404,DUNG,,
PP材质,Chất liệu PP,材质,10,4.0,0,985905910887,DUNG,,
1（天）,1 (ngày),最快出货时间,10,4.0,0,994038237313,DUNG,,
首饰收纳盒,Hộp đựng trang sức,产品类别,10,3.0,0,1044420758204,DUNG,,
裙套装,Bộ váy,套装款式,10,1.67,0,777521763570,DUNG,,
苹果13pro,Apple 13pro,适用型号,10,2.5,0,964826258921,SAI,iPhone 13 Pro,
螺纹领口,Cổ áo ren,款式细节,10,1.75,0,898810827366,SAI,Cổ áo bo gân,
三级,Cấp độ 3,级别,9,2.5,0,987391035340,DUNG,,
古董白,Trắng cổ,颜色,9,2.33,0,778676911125,DUNG,,
法棍包,Túi đựng gậy,箱包潮流款式,9,3.33,0,856466159328,SAI,Túi baguette,
罐装,được đóng hộp,包装形式,9,5.5,0,996050063134,DUNG,,
碧螺春,Bích Loa Xuân,产品类别,9,3.67,0,1043910096985,DUNG,,
商务银,Bạc công sở,颜色,9,3.0,0,869084497312,DUNG,,
裸机,kim loại trần,类型,9,5.5,0,961078075239,SAI,Máy trần (không phụ kiện),
糖果色彩,màu kẹo,流行元素,9,1.5,0,886629916668,DUNG,,
越野车,Xe địa hình,外观造型,9,3.0,0,668861871254,DUNG,,
校外培训,Đào tạo ngoài trường,适用场景,9,4.25,0,934873514039,DUNG,,
L-9060长方盒9.2*8.5*6CM,Hộp chữ nhật L-9060 9.2*8.5*6CM,颜色,9,3.33,0,841603711877,DUNG,,
白色【230长绒棉】,Màu trắng [230 bông sợi dài],颜色,9,3.6,0,779865312652,DUNG,,
禅意,Thiền,风格,9,2.5,0,972059518708,DUNG,,
实用新型,Mẫu thiết kế mới thực tế,专利及著作权,9,4.75,0,1055909230103,SAI,Bằng sáng chế giải pháp hữu ích,
二月,Tháng hai,热卖月份,9,4.0,0,562847750346,DUNG,,
3D效果,hiệu ứng 3D,图案,9,3.5,0,976217442600,DUNG,,
疲劳驾驶提醒,Nhắc nhở lái xe mệt mỏi,功能,9,3.0,0,969811060123,DUNG,,
T恤,Áo thun,类别,9,5.0,0,764522796379,DUNG,,
绿茶,trà xanh,成分,9,3.5,0,831452757923,DUNG,,
10000毫安,10000mA,电源容量,9,1.0,0,853348331658,SAI,10000mAh,
标配,Tiêu chuẩn,规格尺寸,9,4.5,0,964680054867,DUNG,,
折叠式,Có thể gập lại,使用方式,9,3.67,0,783411010026,DUNG,,
卡其绿,Xanh kaki,颜色,9,2.67,0,919082656696,DUNG,,
绒面,da lộn,材质,9,2.5,0,974099781101,DUNG,,
2020年春季,Mùa xuân năm 2020,上市年份季节,9,3.33,0,919505512730,DUNG,,
烟酰胺面膜单片,Mặt nạ nicotinamide nguyên khối,产品规格,9,3.86,0,676968916877,SAI,Mặt nạ nicotinamide (1 miếng),
2019年,Năm 2019,上市时间,9,3.0,0,976366955603,DUNG,,
音乐/发声,Âm nhạc/âm thanh,功能,9,3.25,0,782915290822,DUNG,,
磨砂皮,da nubuck,皮质特征,9,2.67,0,992947912318,DUNG,,
室内外通用,Dùng được cả trong nhà và ngoài trời,适用场景,9,5.8,0,1048792193525,DUNG,,
普通销售,普通销售,销售方式,9,1.0,0,815245422984,SAI,Bán thông thường,
跑道,Đường chạy,适合场地,9,4.5,0,1080777918605,DUNG,,
玫红,hoa hồng đỏ,颜色,9,4.5,0,980745808126,SAI,Hồng sen,
见包装喷码,Xem mã đóng gói,生产日期,9,2.4,0,842757227631,DUNG,,
盒子包,túi hộp,箱包潮流款式,9,2.0,0,997429691961,DUNG,,
路由器收纳盒,Hộp đựng router,产品类别,9,2.17,0,1009234571851,DUNG,,
150斤,75kg,承重,9,2.0,0,842087203216,DUNG,,
1.8m床【床单款四件套】-适合200x230cm被芯,Giường 1.8 m [bộ bốn mảnh mẫu ga trải giường]-phù hợp với lõi chăn 200x230cm,尺寸规格,9,4.18,0,940963643511,DUNG,,
可开合仓盖,Nắp ngăn có thể mở và đóng được,开合方式,9,4.8,0,915555067962,DUNG,,
多点连接,Nhiều kết nối,功能,9,2.75,0,970960865769,DUNG,,
修饰肤色,Chỉnh sửa màu da,功效,9,3.25,0,655647459999,DUNG,,
生茶,trà thô,茶叶生产工艺,9,3.0,0,987540782518,SAI,Trà sống,
一月,Tháng 1,热卖月份,9,2.5,0,562847750346,DUNG,,
回力,Kéo lại,前进方式,9,3.0,0,990418946813,SAI,Kéo lùi chạy đà,
时尚黑,Đen thời trang,颜色,9,4.0,0,869084497312,DUNG,,
染色,Nhuộm,工艺,9,2.5,0,632335784201,DUNG,,
海鸥灰,màu xám hải âu,颜色,9,3.67,0,996769657619,DUNG,,
心形,hình trái tim,箱包形状,9,5.5,0,960821810421,DUNG,,
童趣卡通,Phim hoạt hình trẻ thơ,风格,9,4.5,0,986092163355,DUNG,,
车用香薰,Xông hương dùng cho xe,分类类型,9,4.5,0,734370572239,DUNG,,
克莱因蓝,Klein xanh lam,颜色,9,3.0,0,799854144194,DUNG,,
沙琪玛,Shaqima,产品类别,9,2.33,0,971065882650,DUNG,,
时尚灰,Xám thời trang,颜色,9,4.0,0,869084497312,DUNG,,
沙漠金,Vàng sa mạc,颜色,9,3.0,0,767939710858,DUNG,,
孔雀蓝,Xanh lông công,颜色,9,4.0,0,937452192087,DUNG,,
单被套150*200cm,Vỏ chăn đơn 150*200cm,尺寸规格,9,3.0,0,1074101940895,DUNG,,
牛油果绿,bơ xanh,颜色,9,1.5,0,963225798774,SAI,Xanh quả bơ,
荣耀银,Bạc vinh quang,颜色,9,4.0,0,869084497312,DUNG,,
曲奇饼干,Bánh quy,品种,9,1.75,0,843791543711,DUNG,,
田园风,Phong cách bình dị,风格,9,5.0,0,890895067800,DUNG,,
手工,Thủ công,制作工艺,9,3.5,0,905060102549,DUNG,,
超纤皮,Da sợi nhỏ,皮质特征,9,2.67,0,750702816727,DUNG,,
滇红,Điện Hồng,产品类别,9,4.0,0,997672055373,SAI,Hồng trà Vân Nam,
纯白色,màu trắng tinh khiết,颜色,9,5.67,0,778676911125,DUNG,,
修面皮,Da mặt đã được chăm sóc,表面工艺,9,6.0,0,1082712393911,SAI,Da mài mặt (corrected grain),
松紧腰,Cạp chun,腰型,9,2.33,0,832956749967,DUNG,,
立体,Ba chiều,流行元素,9,3.5,0,991209768019,DUNG,,
浅咖,Cà phê nhạt,颜色,9,4.5,0,749111216034,DUNG,,
吸汗,Hút mồ hôi,功能,9,4.0,0,1043967852891,DUNG,,
单被套220x240cm,Vỏ chăn đơn 220x240cm,尺寸规格,9,3.0,0,1017512790299,DUNG,,
相机插袋,Túi cắm máy ảnh,包内部结构,9,3.0,0,936568959069,DUNG,,
80支,80 miếng,面料支数,9,5.0,0,998967293073,SAI,Chi số 80,
多U口输出,Đầu ra đa cổng U,功能,9,2.75,0,834728423663,SAI,Nhiều cổng USB ra,
时尚银,Bạc thời trang,颜色,9,4.0,0,869084497312,DUNG,,
皮带装饰,Trang trí bằng dây đai,流行元素,9,4.5,0,1076645300408,DUNG,,
服装+配件/用品,Phụ kiện/vật tư quần áo,礼盒内容,9,3.0,0,706039304332,SAI,Quần áo + phụ kiện/đồ dùng,
帆布鞋,Giày Vải bạt,产品类别,9,3.33,0,729429539858,DUNG,,
约会,ngày,适用场景,9,2.0,0,890351718316,SAI,Hẹn hò,
单向轮,Bánh xe một chiều,滚轮样式,9,4.67,0,751720124163,DUNG,,
红茶,Trà đen,原料与配料,9,3.0,0,694317406322,DUNG,,
裸装,Không bao bì,包装,9,5.0,0,1065454211447,DUNG,,
奶油色,Màu kem,颜色,9,2.0,0,1041321038882,DUNG,,
动态光效,Hiệu ứng ánh sáng động,特色功能,9,4.5,0,928146902936,DUNG,,
流动测速,Đo tốc độ dòng chảy,功能,9,3.75,0,969811060123,SAI,Cảnh báo bắn tốc độ di động,
冷萃,Chiết lạnh,食品工艺,9,4.5,0,753344022827,DUNG,,
苹果X/XS,Apple X/XS,适用型号,9,2.5,0,795089231243,SAI,iPhone X/XS,
时尚白,Trắng thời trang,颜色,9,4.67,0,869084497312,DUNG,,
简约北欧风,Phong cách Bắc Âu tối giản,风格,9,4.2,0,1073313526103,DUNG,,
清醇甘鲜,Ngọt trong,口感,9,2.25,0,724672901810,SAI,"Thanh mát, ngọt tươi",
豆绿,Xanh đậu,颜色,9,3.5,0,835865258913,DUNG,,
行车记录仪,Camera hành trình,货号,9,3.0,0,1000698476426,DUNG,,
36寸,36 inch,尺寸,9,4.0,0,653189590676,DUNG,,
抹茶绿,Xanh matcha,颜色,9,3.33,0,832827560966,DUNG,,
请参考详情,Vui lòng tham khảo chi tiết,规格,9,4.4,0,993795253859,DUNG,,
sos救生哨,còi cứu sinh sos,功能,9,3.33,0,651090521041,DUNG,,
苹果13pro,Táo 13pro,适用型号,9,1.5,0,925352173571,SAI,iPhone 13 Pro,
醇厚鲜爽,Êm dịu tươi mát,口感,9,3.0,0,605870746001,DUNG,,
4.0英寸,4.0inch,屏幕尺寸,9,2.0,0,731912889950,DUNG,,
野外,Dã ngoại,适合场地,9,3.5,0,1042369226030,DUNG,,
蛋黄酥,Bánh lòng đỏ trứng,产品类别,9,5.0,0,788197309597,DUNG,,
野餐,dã ngoại,适用场景,9,3.5,0,929991000022,DUNG,,
米黑,Mễ Hắc,颜色,9,2.5,0,1076484105144,SAI,Be đen,
萌宠,Thú cưng dễ thương,风格,9,7.5,0,829996898514,DUNG,,
M【建议110-130斤】,M [đề nghị 110-130 kg],尺码,9,2.67,0,901145147513,SAI,M [gợi ý 55-65kg],
灯芯绒,vải nhung,材质,9,2.67,0,989390574785,SAI,Vải nhung tăm,
针织布,vải dệt kim,材质,9,3.0,0,943740567648,DUNG,,
灰白,Xám trắng,颜色,9,4.0,0,909545367920,DUNG,,
无线遥控,Điều khiển từ xa không dây,类型,9,5.25,0,993515325590,DUNG,,
其他/other,Khác/khác,图案,9,1.5,0,972507139971,DUNG,,
针织袖,tay áo dệt kim,款式细节,9,3.67,0,972159070302,DUNG,,
一字拖,Dép quai ngang,拖鞋种类,9,4.0,0,1017017181100,DUNG,,
干净,sạch sẽ,净度,9,3.0,0,987391035340,DUNG,,
2026年3月份-2026年12月份,Tháng 3 năm 2026-12 năm 2026,生产日期,9,1.83,0,544768179713,DUNG,,
抽屉收纳盒,hộp đựng ngăn kéo,产品类别,9,2.8,0,994334194113,DUNG,,
大象灰,Xám voi,颜色,9,2.0,0,1046478013240,DUNG,,
苹果15plus,Táo 15plus,适用型号,9,1.5,0,925352173571,SAI,iPhone 15 Plus,
钛灰色,Màu xám titan,颜色,9,3.67,0,835990617539,DUNG,,
圣诞树收纳,Cây thông Noel cất giữ,适用范围,9,3.6,0,1004499214538,SAI,Cất giữ cây thông Noel,
出风口,Cửa thoát khí,适用部位,9,3.67,0,820148274682,SAI,Cửa gió điều hòa,
薰衣草,hoa oải hương,颜色,9,3.67,0,965258942033,DUNG,,
仪表台,Bảng điều khiển,适用位置,9,4.33,0,727837482216,DUNG,,
灰白色,Màu xám trắng,颜色,9,3.67,0,888259231558,DUNG,,
薯片,Khoai tây chiên,产品类别,9,6.5,0,837727828222,DUNG,,
粉色大号,Màu hồng cỡ lớn,颜色,9,3.0,0,875117456042,DUNG,,
钢丝球,Bùi nhùi thép,产品类别,9,3.67,0,1026114461126,DUNG,,
14岁以下的电玩具,Đồ chơi điện cho trẻ dưới 14 tuổi,3C配置类别,9,3.43,0,814351681906,DUNG,,
1.5m床笠款四件套被套180*220,"Bộ ga trải giường kích thước 1.5m, gồm bốn món, vỏ chăn kích thước 180*220",尺寸规格,9,5.88,0,1057197323930,DUNG,,
大红,Đỏ tươi,颜色,9,3.0,0,897757764983,DUNG,,
苹果14plus,Apple 14plus,适用型号,9,2.5,0,795089231243,SAI,iPhone 14 Plus,
仿真医生玩具,Đồ chơi bác sĩ mô phỏng,类型,9,3.0,0,874545454588,DUNG,,
气质熟女,"Phụ nữ trưởng thành, khí chất",风格,9,5.75,0,989658716157,DUNG,,
贴牌加工,Gia công OEM,加工方式,9,2.5,0,920260145365,DUNG,,
合成纤维,Sợi tổng hợp,填充物,9,2.5,0,916203541902,DUNG,,
文艺国风,Văn nghệ phong cách dân tộc,风格,9,5.5,0,760990109504,DUNG,,
锂离子电池,Pin lithium-ion,电池类型,9,2.6,0,793979721304,DUNG,,
变色,sự đổi màu,功效,9,4.0,0,931507037573,DUNG,,
文件,tập tin,适用范围,9,3.0,0,961109334208,SAI,Tài liệu,
30%（不含）-50%（含）,30% (không bao gồm)-50% (bao gồm),主面料成分2含量,9,5.67,0,602225733561,DUNG,,
散茶,Trà rời,形状,9,3.0,0,921404351340,DUNG,,
肤研美白祛斑面膜,Mặt nạ làm trắng da và xóa tàn nhang,特妆产品名称,9,3.5,0,740244649648,DUNG,,
肤研美白祛斑面膜,Mặt nạ làm trắng da và tàn nhang,特妆产品名称,9,3.12,0,684929079298,SAI,Mặt nạ làm trắng da và xóa tàn nhang,
长袖T恤,áo thun dài tay,类别,9,3.67,0,911821127130,DUNG,,
砖红色,Màu đỏ gạch,颜色,9,3.0,0,910420099355,DUNG,,
抽象画,Tranh trừu tượng,图案,9,4.67,0,868459531944,DUNG,,
祛痘,mụn trứng cá,化妆品功效,9,5.0,0,967395238714,SAI,Trị mụn,
灰蓝色,Màu xanh xám,颜色,9,3.33,0,819187034764,DUNG,,
闪电,tia sét,形象,9,3.0,0,979948392821,DUNG,,
侧拉链,Khóa kéo bên hông,穿着方式,9,4.67,0,1034783417627,DUNG,,
换季维稳,Ổn định theo mùa,使用场景,9,3.25,0,976539774754,SAI,Ổn định da khi giao mùa,
公路,Đường cao tốc,适合场地,9,5.5,0,1080777918605,SAI,Đường bộ,
【床单款】2.2四件套-被套220x240,[Bộ ga trải giường]Bộ 4 món 2.2 - Vỏ chăn 220x240,尺寸规格,9,3.12,0,1080277462896,DUNG,,
民宿,Nhà nghỉ,收纳场景,9,3.5,0,1082671173207,DUNG,,
闽知公告〔2021〕2号,Thông báo Minzhi [2021] Số 2,地理标志产品证书编号,9,3.2,0,543626804739,DUNG,,
5米,5m,规格类型,9,1.0,0,670952662876,DUNG,,
5米,5 mét,传输范围,9,3.0,0,775224535517,DUNG,,
平纹,dệt trơn,织造工艺,9,3.5,0,808939017243,DUNG,,
商务白,Trắng thương mại,颜色,9,4.67,0,869084497312,DUNG,,
挂脖式,Phong cách dây,使用方式,9,4.0,0,889751341278,SAI,Kiểu đeo cổ,
黑色小号,kèn đen,颜色,9,1.5,0,941129497667,SAI,Màu đen cỡ nhỏ,
耀石黑,Đen đá,颜色,9,1.67,0,869084497312,DUNG,,
黑色【230长绒棉】,Màu đen [230 bông sợi dài],颜色,9,3.2,0,779865312652,DUNG,,
可伸缩,Có thể kéo dài,功能,9,3.67,0,1082671173207,DUNG,,
每10分钟1G,1G mỗi 10 phút,数据存储时间,9,2.33,0,840957431788,DUNG,,
防泼水,Chống nước,防水程度,9,3.0,0,635587201204,SAI,Chống nước bắn,
工装鞋,Giày trang phục công sở,产品类别,9,6.33,0,847803665518,SAI,Giày công nhân (workwear),
黑白,đen và trắng,颜色,9,5.0,0,965168089722,DUNG,,
正山小种,Lapsang souchong,产品类别,9,3.75,0,995779305321,DUNG,,
牛油果绿,Xanh bơ,颜色,9,1.5,0,875365409990,DUNG,,
4XL建议205-220斤,4XL đề nghị 102.5-110kg,尺码,9,2.67,0,948486397997,DUNG,,
工装鞋,giày đi làm,产品类别,9,3.0,0,640836696770,SAI,Giày công nhân (workwear),
220*240cm【单被套】,220*240cm [vỏ chăn đơn],尺寸规格,9,3.0,0,1011251653226,DUNG,,
洗碗巾,Khăn lau bát đĩa,产品类别,9,4.33,0,1058599616185,DUNG,,
真丝,lụa,材质,9,1.5,0,903626142935,DUNG,,
置物箱,hộp lưu trữ,置物用品类型,9,3.0,0,986347915771,DUNG,,
220*240单被套,Vỏ chăn đơn 220*240,尺寸规格,9,3.0,0,975237437651,DUNG,,
鲜茶叶,Trà tươi,原料与配料,9,2.33,0,821418330212,DUNG,,
保鲜,Bảo quản tươi,功能,9,5.5,0,1048331659915,DUNG,,
高速,Tốc độ cao,传输速率,9,4.0,0,807202566667,DUNG,,
高通,Qualcomm,芯片类型,9,4.0,0,606068819752,DUNG,,
限速标志提醒,Dấu hiệu giới hạn tốc độ nhắc nhở,功能,9,4.33,0,908496563993,SAI,Nhắc biển giới hạn tốc độ,
粘胶纤维,Sợi viscose,主面料成分2,9,2.5,0,978148857057,DUNG,,
公主,công chúa,风格,9,4.0,0,851978171916,DUNG,,
烟酰胺,Niacinamide,成分,9,3.67,0,1003061428654,DUNG,,
1.5m床【床单款四件套】-适合200x230cm被芯,Giường 1.5 m [bộ 4 chiếc kiểu ga trải giường]-phù hợp với lõi chăn 200x230cm,尺寸规格,9,4.09,0,940963643511,DUNG,,
高中,trường trung học,适用学龄,9,7.0,0,999032517577,DUNG,,
雨前,Trước cơn mưa,采摘时间,9,5.5,0,522677003332,SAI,Trước Cốc Vũ,
粘胶纤维（粘纤）,Sợi viscose (sợi viscose),主面料成分,9,3.33,0,950676494246,DUNG,,
雪纺,Voan,面料名称,9,2.0,0,888465459300,DUNG,,
驼色,Màu lạc đà,花型,9,4.0,0,1081088952040,DUNG,,
驼色,Màu camel,颜色,9,4.0,0,821195851827,DUNG,,
苹果6,iPhone 6,适用型号,9,3.0,0,949699932288,DUNG,,
3XL【建议180-200斤】,3XL [đề nghị 180-200 kg],尺码,9,2.67,0,898810827366,SAI,3XL [gợi ý 90-100kg],
雾蓝,Xanh lam sương mù,颜色,9,7.0,0,892125534577,DUNG,,
大圆孔,Lỗ tròn lớn,口径形状,9,3.0,0,1034871515817,DUNG,,
单被套180*220cm,Vỏ chăn đơn 180*220cm,尺寸规格,8,3.0,0,1074101940895,DUNG,,
1.8m床【床单款四件套】-适合200x230cm被芯,Giường 1.8m [bộ ga trải giường gồm 4 mảnh] - phù hợp với lõi chăn 200x230cm,尺寸规格,8,3.91,0,976268661446,DUNG,,
都市风,phong cách thành thị,风格,8,5.67,0,994114085582,DUNG,,
中性风,Phong cách trung tính,风格,8,6.0,0,1073283843636,DUNG,,
床裙式,Kiểu váy giường,款式,8,4.33,0,819956786451,DUNG,,
液态硅胶,Silicon lỏng,耳塞/耳罩材质,8,2.75,0,753687512654,DUNG,,
皮膜,màng,材质,8,2.0,0,894726363424,DUNG,,
深蓝,Xanh lam đậm,颜色,8,5.0,0,925181744131,DUNG,,
街头风,phong cách đường phố,风格,8,5.67,0,1000012732260,DUNG,,
抹布,Khăn lau,产品类别,8,3.5,0,952951286489,DUNG,,
032空盒19.8*11.8*5.5CM,032 hộp rỗng 19.8*11.8*5.5CM,颜色,8,3.5,0,841603711877,DUNG,,
修面皮,Cạo da,皮质特征,8,1.67,0,983405378198,SAI,Da mài mặt (corrected grain),
150天,150 ngày,保质期,8,4.0,0,921475434210,DUNG,,
星空,Bầu trời sao,图案,8,5.0,0,844518267311,DUNG,,
相机插袋,Túi Cắm máy ảnh,包内部结构,8,3.0,0,671551202628,DUNG,,
修面,Mặt cắt,皮质特征,8,3.0,0,890281944521,SAI,Da mài mặt,
时装靴,Giày bốt thời trang,流行靴款,8,5.33,0,1073932960829,DUNG,,
时尚黑拉链款,Kiểu dáng khóa kéo màu đen thời trang,颜色,8,5.0,0,869086077306,DUNG,,
唯美,Thẩm mỹ,风格,8,3.0,0,846949902210,DUNG,,
外观专利,Bằng sáng chế kiểu dáng công nghiệp,专利类型,8,7.25,1,1070408805317,DUNG,,
时尚风,Phong cách thời trang,风格,8,6.0,0,748850528595,DUNG,,
时尚银拉链款,Kiểu khóa kéo bạc thời trang,颜色,8,3.83,0,869086077306,DUNG,,
USB水杯架【浪漫粉】隔层内置,Giá đỡ cốc nước USB [màu hồng lãng mạn] có ngăn tích hợp,颜色,8,3.9,0,709225617482,DUNG,,
动物图案,in hình động vật,印花主题,8,3.25,0,902202159857,DUNG,,
一字领,Cổ chữ I,领型,8,2.0,0,886451745311,SAI,Cổ ngang (trễ vai),
浅粉,Hồng nhạt,颜色,8,4.0,0,730121672400,DUNG,,
时尚白拉链款,Kiểu dáng khóa kéo màu trắng thời trang,颜色,8,5.33,0,869086077306,DUNG,,
时尚灰拉链款,Kiểu khóa kéo màu xám thời trang,颜色,8,4.33,0,869086077306,DUNG,,
1.8m床单款四件套,Bộ ga trải giường 4 món 1.8m,尺寸规格,8,2.83,0,998930893731,DUNG,,
时尚单箱【白+黑】简易内置,Hộp đơn thời trang [trắng + đen] tích hợp đơn giản,颜色,8,3.7,0,709225617482,SAI,Vali đơn thời trang [trắng + đen] lót trong đơn giản,
80cm-120cm/1手5件,80cm-120cm/1 tay 5 miếng,适合身高,8,4.0,0,660709304072,SAI,80cm-120cm/1 lô 5 chiếc,
时尚单箱【天空蓝】简易内置,Hộp đơn thời trang [xanh da trời] tích hợp đơn giản,颜色,8,3.55,0,709225617482,SAI,Vali đơn thời trang [xanh da trời] lót trong đơn giản,
奶昔白,Sữa lắc trắng,颜色,8,3.67,0,810885495658,DUNG,,
蓝牙连接,Kết nối Bluetooth,功能,8,3.75,0,980344261360,DUNG,,
储能回弹,Phục hồi lưu trữ năng lượng,功能,8,5.5,0,773107493098,SAI,Đàn hồi trả lực,
5000毫安,5000 mAh,电源容量,8,1.5,0,857272497695,DUNG,,
sos救生哨,Còi cứu sinh sos,功能,8,3.33,0,828422511887,DUNG,,
XL（建议140-160斤穿）,XL (đề nghị mặc 140-160 kg),尺码,8,2.75,0,893913959805,SAI,XL (gợi ý 70-80kg),
苹果15pro,Táo 15pro,适用型号,8,1.5,0,925352173571,SAI,iPhone 15 Pro,
浅粉,hồng nhạt,颜色,8,4.0,0,985732879368,DUNG,,
iPhone 15 6.1寸,IPhone 15 6.1 inch,适用型号,8,4.0,0,754518753178,DUNG,,
1.5m床笠款四件套【被套200*230cm】,Bộ bốn ga trải giường 1.5m [vỏ chăn 200*230cm],尺寸规格,8,2.88,0,903626142935,DUNG,,
2026年04月1日至26年06月4日,Ngày 1 tháng 4 năm 2026 đến ngày 4 tháng 6 năm 26,生产日期,8,3.86,0,543626804739,DUNG,,
九分裤,Quần lửng,裤长,8,2.67,0,1081657156528,SAI,Quần 9 phân,
酷炫,mát mẻ,风格,8,2.5,0,1001407462845,SAI,Ngầu,
硫化鞋,giày lưu hóa,鞋底工艺,8,3.33,0,971677618215,DUNG,,
缝隙刷,Bàn chải khe hở,产品类别,8,4.0,0,797332731718,DUNG,,
浅粉色,hồng nhạt,颜色,8,2.67,0,977165033647,DUNG,,
创意风,Phong cách sáng tạo,风格,8,5.33,0,648985045317,DUNG,,
后视镜正前方吸附在玻璃上面,Mặt trước của gương chiếu hậu được gắn vào kính,安装位置,8,2.92,0,875416825653,SAI,Dán lên kính ngay trước gương chiếu hậu,
彩色,Màu sắc,颜色,8,3.0,0,911268945007,DUNG,,
私服名媛,Nhà mạng xã hội máy chủ riêng,风格类型,8,5.75,0,984718182637,SAI,Thời trang thường ngày kiểu tiểu thư,
仿真,Mô phỏng,特色功能,8,3.5,0,1055487403277,DUNG,,
4K双录【4K+1K】超清+免走线,Ghi kép 4K [4K+1K] cực rõ + không cần nối dây,颜色分类,8,3.57,0,931117869419,DUNG,,
全白,Toàn bộ màu trắng,颜色,8,7.0,0,1071505577532,DUNG,,
单肩手提包,túi xách đeo vai,箱包潮流款式,8,2.6,0,909735229924,DUNG,,
米蓝色,Màu xanh lục nhạt,颜色,8,4.67,0,1039848164679,SAI,Xanh be nhạt,
压印,In ấn,工艺,8,2.0,0,849207711731,SAI,Dập nổi,
后拉链,Khóa kéo sau,穿着方式,8,3.33,0,827234478346,DUNG,,
30L-40L（含）,30L-40L (bao gồm),容量,8,6.0,0,1051091730612,DUNG,,
抽屉式,Kiểu ngăn kéo,结构类型,8,3.67,0,1056683359098,DUNG,,
免烫,Không ủi,材质功能,8,3.5,0,947571126056,DUNG,,
0-6个月,0-6 tháng,适用年龄,8,2.5,0,848939138063,DUNG,,
250克,250 gram,净重（规格）,8,4.0,0,976311103631,DUNG,,
面膜纸,Giấy mặt nạ,产品类别,8,3.0,0,858675913147,DUNG,,
粉,Hồng,颜色,8,4.0,0,897757764983,DUNG,,
粉状面膜,Mặt nạ dạng bột,产品形态,8,3.0,0,911279018118,DUNG,,
无跟（0-1CM）,Không gót (0-1CM),鞋跟高度,8,4.0,0,1073006103245,DUNG,,
深紫,màu tím đậm,颜色,8,4.5,0,944179707822,DUNG,,
针织,đan,工艺,8,1.5,0,674028839385,DUNG,,
声光互动,Tương tác âm thanh và ánh sáng,特色功能,8,6.0,0,1040092753452,DUNG,,
巧克力味,hương vị sô cô la,口味,8,3.25,0,956195173458,DUNG,,
浅黄色,màu vàng nhạt,颜色,8,3.67,0,991188655380,DUNG,,
GPS导航,Định vị GPS,功能,8,3.0,0,988515659718,DUNG,,
天蓝,bầu trời xanh,颜色,8,5.5,0,989390574785,DUNG,,
玫粉色,hoa hồng hồng,颜色,8,3.67,0,901080697857,SAI,Hồng hoa hồng,
1.2m床【床单款三件套】适合150x200cm被芯,Giường 1.2m [Bộ 3 món ga trải giường] phù hợp với ruột chăn 150x200cm,尺寸规格,8,3.64,0,1004414797529,DUNG,,
内部自检,Tự kiểm tra nội bộ,质检单位,8,3.5,0,979120776353,DUNG,,
贝壳包,túi vỏ,箱包潮流款式,8,1.67,0,987336324705,DUNG,,
800g（含）~1000g（不含）,800g (đã bao gồm)~1000g (độc quyền),克重,8,5.33,0,976506811670,SAI,800g (bao gồm)~1000g (không bao gồm),
中国传统,Truyền thống Trung Quốc,风格,8,5.0,0,859282894083,DUNG,,
拉链袋散装、铁罐装、独立泡袋装、礼盒装、散茶箱装；【多规格茶叶选择有：特级、一级、二级、三级】,拉链袋散装、铁罐装、独立泡袋装、礼盒装、散茶箱装；[多规格茶叶选择有：特级、一级、二级、三级],包装选择及茶叶等级,8,1.0,0,921404351340,SAI,"Túi zip hàng rời, hộp thiếc, túi lọc riêng, hộp quà, thùng trà rời; [nhiều quy cách trà: đặc cấp, cấp 1, cấp 2, cấp 3]",
贴片面膜,贴片面膜,产品系列,8,1.0,0,677642498248,SAI,Mặt nạ giấy,
色织,Sợi nhuộm,印染工艺,8,4.0,0,971862902118,DUNG,,
宽松腰,eo lỏng lẻo,腰型,8,3.0,0,833847913508,SAI,Cạp rộng,
飞机,Máy bay,外观造型,8,3.0,0,1009463258761,DUNG,,
小米15,Xiaomi 15,适用型号,8,3.0,0,962435656939,DUNG,,
50000毫安,50000 mAh,电源容量,8,1.5,0,834728423663,DUNG,,
碧螺春,Bi Lo Chun,产品类别,8,2.67,0,910574399528,DUNG,,
苹果14pro,Táo 14pro,适用型号,8,1.5,0,925352173571,SAI,iPhone 14 Pro,
PU皮,Da PU,材质,8,2.0,0,603367742052,DUNG,,
2024年夏,Mùa hè năm 2024,上市年份/季节,8,4.0,0,816921589336,DUNG,,
4585方盒8.4*8.4*4.5cm,Hộp vuông 4585 8.4*8.4*4.5cm,颜色,8,4.0,0,740336276009,DUNG,,
XXL（建议160-180斤穿）,XXL (nên mặc 160-180 kg),尺码,8,2.0,0,893913959805,SAI,XXL (gợi ý 80-90kg),
旅行收纳,Sắp xếp đồ dùng du lịch,收纳场景,8,4.5,0,1057530569077,DUNG,,
座椅后背,Lưng ghế,使用位置,8,1.75,0,741400188461,DUNG,,
4575方盒7.5*7.5*4.5cm,Hộp vuông 4575 7.5 * 7.5 * 4.5cm,颜色,8,4.0,0,740336276009,DUNG,,
手提礼盒,Hộp quà xách tay,包装,8,3.25,0,745891839271,DUNG,,
iPhone 13 Pro max 6.7寸,IPhone 13 Pro max 6.7 inch,适用型号,8,4.0,0,754518753178,DUNG,,
泡芙棉,Bông xốp,材质,8,2.33,0,1081376225586,DUNG,,
200x230cm【单件被套】,200x230cm [vỏ chăn đơn],尺寸规格,8,2.25,0,1059020890248,DUNG,,
薄荷绿铝框卡扣款,"Khung nhôm màu xanh bạc hà, kiểu khóa cài",颜色,8,4.0,0,869086077306,DUNG,,
珍珠白,Trắng ngọc trai,颜色,8,4.33,0,842087203216,DUNG,,
东莞市,Thành phố Đông Quan,生产厂商,8,5.33,0,940933055181,DUNG,,
厂家定制定做跨境,"Sản xuất theo yêu cầu, đặt hàng riêng, xuất khẩu xuyên biên giới",货号,8,6.25,1,1081964101854,DUNG,,
M印花,M in,货号,8,1.0,0,963941139225,DUNG,,
珍珠白,ngọc trai trắng,颜色,8,4.33,0,669907489175,DUNG,,
iPhone 12 Pro max 6.7寸,IPhone 12 Pro max 6.7 inch,适用型号,8,4.0,0,754518753178,DUNG,,
4.5长方盒4.5*3.5*2CM,4.5 hình chữ ngày hộp 4.5*3.5*2cm,颜色,8,4.67,0,841603711877,SAI,Hộp chữ nhật 4.5 4.5*3.5*2cm,
萌系,dễ thương,风格,8,4.0,0,972059518708,DUNG,,
7.5长方盒7.5*5*2.1CM,7.5 hình chữ nhật hộp 7.5*5*2.1cm,颜色,8,4.67,0,841603711877,DUNG,,
苹果14plus,Táo 14plus,适用型号,8,1.5,0,925352173571,SAI,iPhone 14 Plus,
冷萃,pha lạnh,食品工艺,8,3.5,0,996438132943,DUNG,,
珍珠粉,bột ngọc trai,颜色,8,3.67,0,982706037457,SAI,Hồng ngọc trai,
纯白,Trắng tinh,颜色,8,4.5,0,809248837519,DUNG,,
抽象图案,Mô hình trừu tượng,印花主题,8,3.75,0,923112728857,DUNG,,
固体调料,Gia vị rắn,可装调料类型,8,2.0,0,886863455283,DUNG,,
工厂,nhà máy,货源类型,8,3.0,0,894726363424,DUNG,,
荣耀400,Danh dự 400,适用型号,8,3.0,0,851351576746,SAI,Honor 400,
2019年冬季,Mùa đông năm 2019,上市年份季节,8,3.33,0,610952531380,DUNG,,
8060长方盒7.8*7.7*5.5CM,Hộp chữ nhật 8060 7.8*7.7*5.5CM,颜色,8,3.33,0,841603711877,DUNG,,
39 标准尺码,"39, kích cỡ tiêu chuẩn",尺码,8,3.75,0,1034783417627,DUNG,,
甜味,vị ngọt,口味,8,3.0,0,982341028943,DUNG,,
锥形,Hình nón,形状,8,3.5,0,754142972111,DUNG,,
50支,50 miếng,面料支数,8,5.0,0,904143560655,SAI,Chi số 50,
烫钻,Đá nóng,款式细节,8,3.0,0,717185321254,SAI,Đính đá ép nhiệt,
变形,Biến dạng,功能,8,4.0,0,1056457165621,DUNG,,
纯手工,Hoàn toàn thủ công,工艺,8,5.0,0,976432834483,DUNG,,
1.2m床【床单款三件套】-适合150x200cm被芯,Giường 1.2 m [bộ ba mẫu ga trải giường]-phù hợp với lõi chăn 150x200cm,尺寸规格,8,3.73,0,940963643511,DUNG,,
M（建议100-120斤穿）,M (Nên mặc 100-120 kg),尺码,8,2.0,0,893913959805,SAI,M (gợi ý 50-60kg),
镶钻,Đính đá,流行元素,8,3.0,0,934064801011,DUNG,,
45105方盒10.4*10.4*4.5cm,45105 hộp vuông 10.4*10.4*4.5cm,颜色,8,4.0,0,740336276009,DUNG,,
3D/立体图案,Mô hình 3D/lập thể,流行元素,8,3.0,0,886451745311,DUNG,,
长效保湿,Dưỡng ẩm lâu dài,功效,8,3.25,0,997305733205,DUNG,,
外观专利,Bằng sáng chế xuất hiện,专利类型,8,4.75,0,909823525769,SAI,Bằng sáng chế kiểu dáng công nghiệp,
象牙白铝框卡扣款,"Khung nhôm màu trắng ngà, kiểu khóa cài",颜色,8,3.88,0,869086077306,DUNG,,
2026年秋,Mùa thu năm 2026,产品上市时间,8,4.5,0,1082671173207,DUNG,,
小香风,Ít hương thơm,风格,8,3.67,0,829996898514,SAI,Phong cách Chanel (vải tweed),
小颗粒,Hạt nhỏ,塑料积木类型,8,2.0,0,1044058868205,DUNG,,
擦拭,lau,洗涤方式,8,1.5,0,938686733489,DUNG,,
喜庆,lễ hội,风格,8,2.5,0,972059518708,DUNG,,
红棕色,Màu nâu đỏ,颜色,8,2.67,0,827464246874,DUNG,,
灰蓝,Xám xanh lam,颜色,8,5.0,0,924727861064,DUNG,,
刹车轮,bánh xe phanh,功能,8,3.67,0,702917746355,DUNG,,
超高跟（8CM以上）,Giày cao gót siêu cao (trên 8CM),鞋跟高度,8,4.2,0,1003493709863,DUNG,,
40-50元,40-50 nhân dân tệ,价格段,8,9.0,0,1053918442379,DUNG,,
变形,biến dạng,功能,8,4.0,0,976459416212,DUNG,,
1.8m床笠款四件套【被套200*230cm】,Bộ bốn ga trải giường 1.8m [vỏ chăn 200*230cm],尺寸规格,8,2.88,0,903626142935,DUNG,,
专车专用,Chuyên dùng xe đặc biệt,型号,8,4.75,0,783578264706,SAI,Dành riêng cho từng dòng xe,
灰蓝色,xám xanh,颜色,8,2.33,0,980745808126,DUNG,,
180g及以下,180g trở xuống,克重,8,2.67,0,780366589384,DUNG,,
民族,Dân tộc,风格,8,3.0,0,873217852532,DUNG,,
茶树鲜叶,Cây trà lá tươi,原料与配料,8,3.0,0,741018820841,DUNG,,
换季维稳,Duy trì sự ổn định trong quá trình thay đổi mùa,使用场景,8,9.25,1,595142556262,DUNG,,
1.5m床笠款四件套【被套200*230cm】,Bộ bốn mảnh khăn trải giường 1.5 m [vỏ chăn 200*230cm],尺寸规格,8,3.62,0,845837748939,DUNG,,
白灰红,Trắng xám đỏ,颜色,8,3.33,0,1034707545586,DUNG,,
法式风,Phong cách Pháp,风格,8,4.33,0,909364745623,DUNG,,
10年及以上,10 năm trở lên,年份,8,2.25,0,859005045724,DUNG,,
按摩,massage,功能,8,3.5,0,976576909551,DUNG,,
吸水,Hút nước,功能,8,3.5,0,781766368319,DUNG,,
42 标准尺码,"42, kích cỡ tiêu chuẩn",尺码,8,3.75,0,1034783417627,DUNG,,
见内包装,Xem bao bì bên trong,产品标准号,8,4.0,0,840844573740,DUNG,,
1.5m床【床笠款四件套】-适合200x230cm被芯,Giường 1.5m [Bộ ga trải giường 4 mảnh] - Phù hợp với lõi chăn 200x230cm,尺寸规格,8,3.64,0,976268661446,DUNG,,
带挂件,Kèm đồ treo,尺寸,8,3.0,0,946525624320,DUNG,,
iPhone 17 Air 6.5寸,iPhone 17 Air 6.5inch,适用型号,8,4.0,0,754518753178,DUNG,,
车侧,bên xe,适用部位,8,2.5,0,911666526864,DUNG,,
一步裙,Váy một bước,裙型,8,3.33,0,932248508138,SAI,Váy bút chì,
城市趣野,thành phố vui vẻ,风格,8,3.25,0,996167916206,SAI,Dã ngoại phố thị,
车内装饰,Trang trí nội thất xe,功能,8,4.25,0,630875391471,DUNG,,
染色,Nhuộm màu,工艺,8,4.0,0,655585306158,DUNG,,
夹心饼干,Bánh quy kẹp,品种,8,2.5,0,915749295283,DUNG,,
促销赠品,Quà tặng khuyến mãi,送礼用途,8,4.0,0,976238656349,DUNG,,
冰肤之萃烟酰胺面膜单片,Mặt nạ Niacinamide dạng viên,产品规格,8,2.18,0,939162632228,SAI,Mặt nạ Niacinamide (1 miếng),
个性街头,Đường phố cá tính,跨境风格类型,8,3.5,0,832596583777,DUNG,,
不配卡【需自配内存卡】,Không đi kèm thẻ [yêu cầu thẻ nhớ của riêng bạn],规格尺寸,8,4.0,0,931117869419,DUNG,,
复合底,Đế tổng hợp,鞋底材质,8,3.0,0,1046735539663,DUNG,,
耀石黑铝框卡扣款,Khung nhôm màu đen Obsidian kiểu gắn vào,颜色,8,4.12,0,869086077306,DUNG,,
学院风,Phong cách đại học,风格,8,5.0,0,967043619555,DUNG,,
牛仔布,vải denim,材质,8,2.67,0,977441487390,DUNG,,
黑色小号,"Đen, Nhỏ",颜色,8,1.5,0,925147640789,DUNG,,
果绿色,Màu xanh hoa quả,颜色,8,4.33,0,888259231558,DUNG,,
31-60日,31-60 ngày,挥发时长,8,4.0,0,623978515195,DUNG,,
彩泥套装,Bộ đất sét màu,类别,8,2.75,0,975631519968,DUNG,,
200斤,100kg,承重,8,2.0,0,616055340835,DUNG,,
黑色中号,Màu đen cỡ vừa,颜色,8,2.75,0,887106222828,DUNG,,
十一月,Tháng mười một,热卖月份,8,4.0,0,825852165515,DUNG,,
深咖,Cà phê đậm,颜色,8,4.0,0,764344720218,DUNG,,
商务白铝框卡扣款,"Khung nhôm trắng kinh doanh, kiểu lắp ráp nhanh",颜色,8,4.75,0,869086077306,SAI,"Trắng công sở, khung nhôm khóa cài",
湖蓝,Xanh nước biển,颜色,8,6.0,0,800975873702,DUNG,,
五分袖/中袖,Tay áo nửa chiều dài/tay áo vừa,袖长,8,4.8,0,902202159857,DUNG,,
裸装,trần truồng,包装,8,5.0,0,797332731718,SAI,Không bao bì,
苹果12pro,Táo 12pro,适用型号,8,1.5,0,925352173571,SAI,iPhone 12 Pro,
商务黑铝框卡扣款,"Khung nhôm đen kiểu khóa cài, phong cách doanh nhân",颜色,8,5.12,0,869086077306,DUNG,,
7英寸,7 inch,屏幕尺寸,8,2.0,0,715104862713,DUNG,,
黑绿,Đen xanh lá,颜色,8,4.5,0,1037207303011,DUNG,,
凤凰单枞,Phượng hoàng Đan Công,产品类别,8,4.5,0,665500821509,SAI,Phượng Hoàng Đơn Tùng,
外观,Ngoại hình,专利类型,8,4.5,0,801759773609,SAI,Kiểu dáng công nghiệp,
炭烤起司,Phô mai nướng than,花型,8,3.75,0,1081849362353,DUNG,,
详情咨询客服,Tư vấn dịch vụ khách hàng để biết chi tiết,进口地,8,5.5,0,575543597493,DUNG,,
黑,Đen,颜色,8,3.0,0,899132342093,DUNG,,
冰川蓝,Xanh lam sông băng,颜色,8,5.0,0,945331845855,DUNG,,
湖蓝色,hồ xanh,颜色,8,2.0,0,988817103524,SAI,Màu xanh hồ,
优质TPU,TPU chất lượng cao,材质,8,6.0,0,962714217429,DUNG,,
4595方盒9.5*9.5*4.5cm,Hộp vuông 4595 9.5 * 9.5 * 4.5cm,颜色,8,4.0,0,740336276009,DUNG,,
黄,Vàng,颜色,8,4.0,0,897757764983,DUNG,,
8.3长方盒8.3*6.2*3.2cm,8.3 hộp hình chữ nhật 8.3*6.2*3.2cm,颜色,8,4.67,0,841603711877,DUNG,,
苹果 14 Pro,Apple 14 Pro,适用型号,8,2.5,0,983790996923,SAI,iPhone 14 Pro,
可透视,Xem qua,功能,8,2.0,0,961109334208,SAI,Có thể nhìn xuyên thấu,
来图定制,Tùy chỉnh hình ảnh,加工方式,8,3.75,0,821322478523,SAI,Đặt làm theo bản vẽ,
欧美品牌,Thương hiệu Âu Mỹ,品牌类型,8,3.5,0,896927679104,DUNG,,
豆绿色,Màu xanh đậu,颜色,8,3.33,0,843296817297,DUNG,,
一件代发,一件代发,加盟分销门槛,8,1.0,0,852712551230,SAI,Dropship,
鸡肉,gà,原料和配料,8,1.0,0,632186766411,DUNG,,
杂物收纳盒,Hộp đựng đồ linh tinh,产品类别,8,3.4,0,976797054391,DUNG,,
鸡爪,Chân gà,种类,8,3.0,0,937929830333,DUNG,,
杂物收纳盒,Hộp lưu trữ linh tinh,产品类别,8,3.4,0,1002424085600,DUNG,,
600万,600 triệu,拍照像素,8,5.0,0,601984816176,SAI,6 MP,
慢,chậm,奶嘴类型,8,4.0,0,1074728100371,DUNG,,
小巧便携,Nhỏ gọn tiện dụng,功能,8,3.5,0,942099589497,DUNG,,
鲜醇高爽,Tươi mát,口感,8,1.75,0,919616069069,DUNG,,
六月,Tháng 6,热卖月份,8,2.5,0,825852165515,DUNG,,
魔术贴,Miếng dán ma thuật,开盖方式,8,5.0,0,843882771119,SAI,Khóa dán,
裸机,Kim loại trần,类型,8,5.5,0,899477350890,SAI,Máy trần (không phụ kiện),
机洗,Giặt máy,洗涤方式,8,3.5,0,968509309151,DUNG,,
透明收纳箱,Hộp đựng đồ trong suốt,产品类别,8,3.6,0,1039478972190,DUNG,,
充电,Sạc,款式,8,1.5,0,903556776999,DUNG,,
阴凉干燥处,nơi khô mát,储藏方法,8,1.8,0,617769086698,DUNG,,
自然立体,Lập thể tự nhiên,功效,8,3.25,0,696279617545,SAI,"Tự nhiên, có chiều sâu",
裤子,Quần,颜色,8,2.0,0,946094932349,DUNG,,
180*220cm【单被套】,180*220cm [vỏ chăn đơn],尺寸规格,8,3.0,0,1011251653226,DUNG,,
带把手,Có tay cầm,附加功能,8,2.67,0,1056683359098,DUNG,,
高跟[6-8cm(含)],Giày cao gót [6-8cm (bao gồm)],鞋跟高,8,5.33,0,1046735539663,SAI,Gót cao [6-8cm (bao gồm)],
苦荞茶,Trà kiều mạch,茶种类,8,3.67,0,903545133242,DUNG,,
30ml*5片,30ml * 5 miếng,净含量,8,5.0,0,681998630284,DUNG,,
透气技术,Công nghệ thoáng khí,科技,8,4.25,0,1011190343028,DUNG,,
五环黑,Ngũ Hoàn Đen,颜色,8,3.33,0,1034707545586,DUNG,,
工业风,phong cách công nghiệp,风格,8,6.33,0,983558158397,DUNG,,
高帮,Giày cổ cao,鞋帮高度,8,4.5,0,1071429408627,DUNG,,
可充电,Có thể sạc lại,是否可充电,8,3.67,0,627287312721,DUNG,,
室内,Trong nhà,收纳场景,8,4.0,0,1082671173207,DUNG,,
少年,cậu bé,适用人群,8,2.5,0,992127412881,SAI,Thiếu niên,
苍岭绿,Xanh lục,颜色,8,2.33,0,685531747775,DUNG,,
L（建议120-140斤穿）,L (đề nghị mặc 120-140 kg),尺码,8,2.75,0,893913959805,SAI,L (gợi ý 60-70kg),
39男,39 nam,尺码,8,3.0,0,716459706224,DUNG,,
单被套150x200cm,Vỏ chăn đơn 150x200cm,尺寸规格,8,3.0,0,1017512790299,DUNG,,
马丁靴,Giày bốt Martin,流行靴款,8,4.33,0,959908359589,DUNG,,
欧式古典风,Phong cách cổ điển châu Âu,风格,8,4.2,0,1029408144205,DUNG,,
自学习,tự học,智能能力,8,1.67,0,682969656663,DUNG,,
免费设计、贴牌定制、oem/odm、品牌代工、散装散茶现货批发、分销代理、一件代发、极速出货,免费设计、贴牌定制、oem/odm、品牌代工、散装散茶现货批发、分销代理、一件代发、极速出货,我们能为您提供什么,8,1.0,0,919616069069,SAI,"Thiết kế miễn phí, gia công OEM, OEM/ODM, gia công thương hiệu, bán sỉ trà rời có sẵn, đại lý phân phối, dropship, giao hàng nhanh",
土黄,Vàng đất,颜色,8,3.5,0,893746938035,DUNG,,
9.5长方盒9.5*6.5*2.6CM,9.5 hình chữ ngày hộp 9.5*6.5*2.6cm,颜色,8,4.67,0,841603711877,SAI,Hộp chữ nhật 9.5 9.5*6.5*2.6cm,
80%（含）-90%（不含）,80% (bao gồm) - 90% (không bao gồm),主面料成分含量,8,5.67,0,688254327700,DUNG,,
逛街,Mua sắm,适用场景,8,3.0,0,786618463095,DUNG,,
网布面,Mặt lưới,鞋面材质,8,2.33,0,1049734633410,DUNG,,
网布面,Bề mặt lưới,鞋面材质,8,3.0,0,987887076635,DUNG,,
Z637黑色,Z637 màu đen,颜色,8,3.0,0,901167845857,DUNG,,
腌制,ngâm,制作工艺,8,2.0,0,943719850389,SAI,Ướp muối,
41 标准尺码,41 kích thước tiêu chuẩn,尺码,8,4.5,0,1034783417627,DUNG,,
郁金香,hoa tulip,颜色,8,2.67,0,897768470908,DUNG,,
大红色,màu đỏ tươi,颜色,7,3.0,0,980603681945,DUNG,,
机洗/手洗,Giặt máy/giặt tay,洗涤方式,7,3.5,0,884806934580,DUNG,,
棉短袖,Cộc tay cotton,货号,7,4.0,0,820275842353,DUNG,,
颁奖纪念,Kỷ niệm giải thưởng,适用送礼场合,7,4.0,0,971243282876,DUNG,,
奶昔白,Trắng sữa lắc,花型,7,3.67,0,1081849362353,DUNG,,
面贴式,Kiểu dán mặt,产品类别,7,3.33,0,604611153005,DUNG,,
S（建议75-100斤穿）,S (khuyến nghị 75-100 kg mặc),尺码,7,3.75,0,900326755226,SAI,S (gợi ý 37.5-50kg),
非特化妆品备案,非特化妆品备案,产品认证类型,7,1.0,0,999619949263,SAI,Công bố mỹ phẩm thông thường,
肤感,Cảm giác da,流行元素,7,4.5,0,890310232880,DUNG,,
聚酰胺纤维(锦纶),Sợi polyamit (nylon),面料名称,7,2.29,0,944411163251,DUNG,,
拉链袋散装、铁罐装、独立泡袋装、礼盒装、散茶箱装；【多规格茶叶选择有：特级、一级、二级、三级】,"Túi dây kéo số lượng lớn, lon sắt, túi bong bóng độc lập, hộp quà tặng, hộp trà rời, [Nhiều loại trà để lựa chọn: loại đặc biệt, hạng nhất, hạng hai, hạng ba]",包装选择及茶叶等级,7,3.17,0,915138766383,SAI,"Túi zip hàng rời, hộp thiếc, túi lọc riêng, hộp quà, thùng trà rời; [nhiều quy cách trà: đặc cấp, cấp 1, cấp 2, cấp 3]",
元旦,Ngày đầu năm mới,适用节日,7,6.5,0,795903168020,DUNG,,
森林绿,Xanh lá rừng,颜色,7,3.33,0,637556010592,DUNG,,
非喜糖专用,Không kẹo cưới chuyên dụng,用途,7,4.4,0,562847750346,SAI,Không chuyên dùng làm kẹo cưới,
丁香灰,Màu xám hoa cà,颜色,7,3.67,0,996769657619,DUNG,,
森林绿,rừng xanh,颜色,7,2.67,0,896769753206,DUNG,,
青春流行（18-40岁）,Thanh niên phổ biến (18-40 tuổi),淘货类别,7,4.0,0,780924384062,SAI,Trẻ trung thời trang (18-40 tuổi),
青春校园,Khu vực sinh viên,风格,7,3.5,0,977165033647,SAI,Học đường trẻ trung,
全黑,tất cả màu đen,颜色,7,5.5,0,950986096505,DUNG,,
双声道,Hai kênh,声道,7,2.33,0,996250693948,DUNG,,
USB充电,Sạc USB,功能,7,1.5,0,659960906654,DUNG,,
霜绿,sương giá xanh,颜色,7,6.0,0,988817103524,DUNG,,
雾霾蓝,sương mù xanh,颜色,7,3.67,0,743650885114,DUNG,,
丁香紫,Tím đinh hương,颜色,7,4.0,0,892125534577,DUNG,,
有分隔,Có ngăn,是否有分隔,7,2.0,0,1068543321683,DUNG,,
最新日期,ngày mới nhất,生产日期,7,2.75,0,981821438771,DUNG,,
3XL【建议190-215斤】,3XL [khuyến nghị 190-215 kg],尺码,7,4.0,0,901145147513,SAI,3XL [gợi ý 95-107.5kg],
弹力球,Bóng đàn hồi,产品类别,7,3.33,0,809813983817,DUNG,,
雾霾灰,Xám khói,花型,7,2.33,0,683108285951,DUNG,,
AI语音助手,Trợ lý giọng nói AI,功能,7,3.25,0,945001618475,DUNG,,
橡皮泥,Nhựa dẻo,彩泥类别,7,2.33,0,805566064294,DUNG,,
五月,Tháng 5,热卖月份,7,2.5,0,825852165515,DUNG,,
1.8m床【床单款四件套】-适合200x230cm被芯,Bộ ga giường 1.8m [bộ 4 món] - phù hợp với ruột chăn kích thước 200x230cm,尺寸规格,7,3.73,0,971862902118,DUNG,,
中国文化,Văn hóa Trung Quốc,印花主题,7,3.75,0,671633246965,DUNG,,
雨后,Sau cơn mưa,采摘时间,7,4.5,0,627006883995,SAI,Sau Cốc Vũ,
欧式古典风,phong cách cổ điển châu Âu,风格,7,4.2,0,728918473424,DUNG,,
XXL建议155-180斤,Khuyến nghị XXL 77.5-90kg,尺码,7,4.0,0,948486397997,DUNG,,
除异味,Loại bỏ mùi hôi,功能,7,4.0,0,1000188294086,DUNG,,
内衣收纳盒,hộp đựng đồ lót,产品类别,7,2.4,0,984300897575,DUNG,,
阴凉干燥处,Nơi khô mát,储藏方法,7,1.8,0,693717027226,DUNG,,
防静电,Chống tĩnh điện,功能,7,4.33,0,1030781049483,DUNG,,
爱心,Trái tim,流行元素,7,3.5,0,912179706686,DUNG,,
正方形,hình vuông,形状,7,3.0,0,648985045317,DUNG,,
3-4件,3-4 miếng,件数,7,5.0,0,1017480945298,DUNG,,
母婴级,Cấp độ an toàn cho mẹ và bé,适用人群,7,6.67,0,1080897896768,DUNG,,
毛尖,Mao Tiêm,产品类别,7,3.5,0,1079035496075,DUNG,,
防尘盖,Nắp chống bụi,附加功能,7,3.67,0,1080273607929,DUNG,,
32G高速U3卡,Thẻ U3 tốc độ cao 32G,规格尺寸,7,3.67,0,1000366568946,DUNG,,
防刺穿,Chống đâm xuyên,功能,7,4.33,0,1078077604794,DUNG,,
32G高速内存卡,Thẻ nhớ tốc độ cao 32G,颜色分类,7,2.8,0,948596985087,DUNG,,
4个小时,4 giờ,数据存储时间,7,1.0,0,749819819134,DUNG,,
乳胶,Cao su,填充物,7,2.5,0,605860416986,DUNG,,
闪光,Lấp lánh,功能,7,3.5,0,1029601544493,DUNG,,
长辈,Người lớn tuổi,适用送礼关系,7,6.0,0,722757857327,DUNG,,
气囊,túi khí,流行元素,7,3.0,0,607779470379,SAI,Đệm khí,
婚礼,đám cưới,使用场景,7,3.5,0,709210751365,DUNG,,
晒后修复,Phục hồi da sau khi tắm nắng,使用场景,7,5.5,0,976539774754,DUNG,,
锌合金,Hợp kim kẽm,香水座材质,7,3.0,0,643321956064,DUNG,,
三星,Samsung,适用机型,7,3.5,0,753744715355,DUNG,,
奶茶芝士,Trà sữa phô mai,花型,7,3.0,0,1081849362353,DUNG,,
射击,Bắn súng,特色功能,7,3.5,0,1002688985923,DUNG,,
翻边,Viền lật,流行元素,7,3.5,0,895511512221,DUNG,,
锅铲,Xẻng nấu ăn,尺寸,7,4.5,0,756433469446,DUNG,,
中圆孔,Lỗ tròn vừa,口径形状,7,3.0,0,967771090257,DUNG,,
锅碟碗刷,Bàn chải bát đĩa,产品类别,7,3.25,0,886633813307,DUNG,,
锅巴,Bánh gạo,产品类别,7,3.5,0,938415140547,SAI,Cơm cháy,
粉色小号,Màu hồng cỡ nhỏ,颜色,7,3.0,0,875117456042,DUNG,,
圆筒型,Loại hình trụ,箱包形状,7,3.67,0,949555250516,DUNG,,
头层猪皮,Lớp da heo đầu tiên,鞋垫材质,7,3.75,0,982764774274,DUNG,,
牛仔裤,Quần jean,颜色,7,2.67,0,1032147999522,DUNG,,
氨基酸洗面奶,Sữa rửa mặt axit amin,产品名称,7,2.83,0,671082917907,DUNG,,
复合牛皮,Da bò composite,皮质特征,7,3.25,0,823503044670,DUNG,,
铂金包,Túi bạch kim,箱包潮流款式,7,3.33,0,832070797221,SAI,Túi Birkin (Platinum),
XXXL（建议180-200斤穿）,XXXL (nên mặc 180-200 kg),尺码,7,2.0,0,900326755226,SAI,XXXL (gợi ý 90-100kg),
bk男鞋,Giày nam BK,货号,7,3.5,0,1051927103819,DUNG,,
带滑轮,Có bánh xe trượt,功能,7,4.33,0,1068931374262,DUNG,,
中年（40-60周岁）,Người trung niên (40-60 tuổi),适用年龄段,7,4.5,0,1072888654890,DUNG,,
中年（40-60周岁）,Tuổi trung niên (40-60 tuổi),适用年龄段,7,4.25,0,959000170871,DUNG,,
60%——80%新料,60%——80% vật liệu mới,塑料新料占比,7,5.0,0,934044928427,DUNG,,
150*200cm【单件被套】,150*200cm [Vỏ chăn đơn],尺寸规格,7,2.25,0,1073301238037,DUNG,,
野外,Hoang dã,适合场地,7,3.5,0,759083540232,DUNG,,
酥性饼干,Bánh quy giòn,品种,7,2.75,0,796547863731,DUNG,,
1.8m床单款四件套,Bộ bốn món ga trải giường 1.8m,尺寸规格,7,3.33,0,1013547612107,DUNG,,
米粉色,Màu hồng phấn,颜色,7,3.67,0,1073731509388,DUNG,,
石墨黑,đen than chì,颜色,7,3.33,0,1000345900052,DUNG,,
32寸,32inch,尺寸,7,4.0,0,563471231088,DUNG,,
元祖灰,Xám nguyên bản,颜色,7,4.0,0,1034707545586,DUNG,,
天然草地,Cỏ tự nhiên,适合场地,7,2.25,0,1084116812720,DUNG,,
咖色小熊,Gấu nhỏ màu cà phê,颜色,7,3.5,0,630613509636,DUNG,,
开衩,khe,服装款式细节,7,1.5,0,845894756993,SAI,Xẻ tà,
七分袖,Tay bảy tấc,袖长,7,3.0,0,819048943601,SAI,Tay 7 phân,
100-200粒(片),100-200 viên (viên),积木粒(片）数,7,4.0,0,974718266993,DUNG,,
修面皮,Da cạo râu,皮质特征,7,2.67,0,947477504610,SAI,Da mài mặt (corrected grain),
置物袋,túi lưu trữ,置物用品类型,7,3.0,0,631543887184,DUNG,,
2026年,năm 2026,上市年份/季节,7,3.0,0,837640368506,DUNG,,
5L-10L（含）,5L-10L (đã bao gồm),容量,7,8.0,0,905476988565,DUNG,,
9个月,9 tháng,保质期,7,2.5,0,967298575260,DUNG,,
米灰,Màu xám gạo,颜色,7,4.5,0,1059978186449,DUNG,,
邮差包,Túi đưa thư,箱包潮流款式,7,3.0,0,842469141937,DUNG,,
白蓝色,Màu xanh lam trắng,颜色,7,5.0,0,901219606194,DUNG,,
3000g（含）-3500g（不含）,3000g (bao gồm)-3500g (không bao gồm),克重,7,5.67,0,825531852668,DUNG,,
中控台,bảng điều khiển trung tâm,使用位置,7,7.0,0,992937031743,DUNG,,
3400万,34 triệu,拍照像素,7,5.0,0,827518251140,SAI,34 MP,
1.8m床单款四件套【被套200*230】,Bộ bốn mảnh ga trải giường 1.8 m [vỏ chăn 200*230],尺寸规格,7,3.38,0,890895067800,DUNG,,
通用款,Mô hình phổ quát,适用车型,7,4.33,0,963081011441,SAI,Loại dùng chung,
折叠式,Kiểu gấp,使用方式,7,2.33,0,715559046885,DUNG,,
0.9m宿舍床【床单款三件套】-适合150x200cm被芯,Giường ký túc xá 0.9m [bộ ga trải giường ba món] - phù hợp với ruột chăn 150x200cm,尺寸规格,7,3.77,0,1005651591525,DUNG,,
1.5m床【床单款四件套】-适合200x230cm被芯,Giường 1.5m [bộ ga trải giường gồm 4 mảnh] - phù hợp với lõi chăn 200x230cm,尺寸规格,7,3.91,0,971862902118,DUNG,,
篮球鞋,giày bóng rổ,款式,7,3.33,0,995313666239,DUNG,,
汽车挡风玻璃,kính chắn gió ô tô,安装位置,7,2.33,0,964340425271,DUNG,,
300g（不含）以下,300g (không bao gồm) và các loại nhỏ hơn,克重,7,6.5,1,1058764882343,DUNG,,
轻量缓震,Giảm chấn nhẹ,功能,7,2.75,0,1052334000848,DUNG,,
一等品,Hạng nhất,执行质量标准,7,2.67,0,694399617240,DUNG,,
丝光棉,Bông Mercerized,面料名称,7,4.67,0,971745193748,DUNG,,
油蜡皮,Da sáp dầu,皮质特征,7,2.67,0,900916747952,DUNG,,
2025年秋,Mùa thu năm 2025,产品上市时间,7,4.5,0,965011985381,DUNG,,
石墨灰,màu xám than chì,颜色,7,4.33,0,989390574785,DUNG,,
2025年春,Mùa xuân năm 2025,产品上市时间,7,5.0,0,943737777259,DUNG,,
58/195/4XL适合200-220斤,58/195/4XL vừa vặn 100-110kg,尺码,7,2.67,0,959027588289,DUNG,,
无鞋头,Không có ngón chân,鞋头形状,7,5.0,0,981525291749,SAI,Không có mũi giày,
实物为准,Sản phẩm thực tế là chuẩn,包装体积,7,5.0,0,1076484105144,DUNG,,
不添加蔗糖,Không thêm sucrose,是否含糖,7,3.2,0,825852165515,DUNG,,
2025年夏,Mùa hè năm 2025,上市年份/季节,7,4.0,0,986933908765,DUNG,,
超高跟[大于8cm],Giày cao gót siêu cao [lớn hơn 8cm],鞋跟高,7,4.6,0,1026297660690,SAI,Gót siêu cao [lớn hơn 8cm],
简约收纳盒,Hộp đựng đồ đơn giản,货号,7,3.2,0,903145469856,DUNG,,
同事,Đồng nghiệp,适用送礼关系,7,5.0,0,722757857327,DUNG,,
扎染,Nhuộm cà vạt,工艺,7,5.0,0,920532543083,SAI,Nhuộm buộc (tie-dye),
80寸,80 inch,尺寸,7,4.0,0,776172979893,DUNG,,
14岁以下的黏土玩具,Đồ chơi đất nặn dành cho trẻ em dưới 14 tuổi,3C配置类别,7,4.0,0,1026681010355,DUNG,,
超纤皮（革）,Da Microfiber (da nhân tạo),鞋面材质,7,5.25,0,903731889241,DUNG,,
iPhone 12 Pro 6.1寸,IPhone 12 Pro 6.1 inch,适用型号,7,4.0,0,754518753178,DUNG,,
无肩带,không dây,肩带根数,7,2.67,0,985560508402,DUNG,,
超纤皮,Da vi sợi,鞋垫材质,7,2.33,0,985970172057,DUNG,,
冷萃,bia lạnh,食品工艺,7,3.5,0,981821438771,SAI,Pha lạnh,
XXXL建议180-205斤,Khuyến nghị XXXL 90-102.5kg,尺码,7,4.0,0,948486397997,DUNG,,
iPhone 13 6.1寸,IPhone 13 6.1 inch,适用型号,7,4.0,0,754518753178,DUNG,,
iPhone 13 Pro 6.1寸,IPhone 13 Pro 6.1 inch,适用型号,7,4.0,0,754518753178,DUNG,,
无线充电,sạc không dây,附加功能,7,2.75,0,732175815707,DUNG,,
手风琴,Đàn phong cầm,产品类别,7,3.67,0,1063975351018,DUNG,,
赤兔红,Xích Thố Đỏ,颜色,7,3.0,0,1034707545586,DUNG,,
竹纤维,Sợi tre,面料名称,7,2.0,0,667278791388,DUNG,,
开业典礼,lễ khai mạc,适用送礼场合,7,2.25,0,913186027723,SAI,Lễ khai trương,
电商盒,Hộp thương mại điện tử,包装方式,7,6.0,0,994388386960,DUNG,,
无扣,Không khuy,门襟,7,4.5,0,899938423057,DUNG,,
七月,Tháng 7,热卖月份,7,2.5,0,825852165515,DUNG,,
手洗,Giặt tay,洗涤方式,7,3.5,0,1068438349742,DUNG,,
iPhone 15 Pro 6.1寸,IPhone 15 Pro 6.1 inch,适用型号,7,4.0,0,754518753178,DUNG,,
iPhone 15 Pro max 6.7寸,IPhone 15 Pro max 6.7 inch,适用型号,7,4.0,0,754518753178,DUNG,,
贴布装饰,Miếng dán trang trí,款式细节,7,4.0,0,620034090342,DUNG,,
玩具车,Xe đồ chơi,玩具类型,7,2.67,0,1013989424925,DUNG,,
电池,pin,类型,7,1.5,0,888584387423,DUNG,,
编织纹,Mẫu bện,流行元素,7,2.0,0,847571561293,DUNG,,
动漫,Anime,风格,7,2.5,0,805936549220,DUNG,,
2024年春,Mùa xuân năm 2024,产品上市时间,7,5.0,0,1049867784062,DUNG,,
洁面乳,chất tẩy rửa,产品类别,7,3.33,0,995617594714,SAI,Sữa rửa mặt,
洁面乳,sữa rửa mặt,产品系列,7,3.0,0,666564393990,DUNG,,
豆干,Đậu phụ khô,货号,7,4.5,0,976311103631,DUNG,,
石墨灰,Màu xám than chì,颜色,7,4.33,0,944179707822,DUNG,,
手工,thủ công,流行元素,7,3.5,0,803819236892,DUNG,,
旅行,Du lịch,场景,7,3.0,0,657618353837,DUNG,,
询问客服,Hỏi nhân viên hỗ trợ khách hàng,净度,7,6.25,1,1020626377766,DUNG,,
100寸,100 inch,尺寸,7,4.0,0,776172979893,DUNG,,
洗碗巾,Khăn rửa bát,产品类别,7,3.33,0,704320712266,DUNG,,
MINI/迷你,MINI/mini,箱包大小,7,2.0,0,985154954214,DUNG,,
方领,Cổ vuông,领型,7,3.5,0,942764104267,DUNG,,
询客服,Hỏi dịch vụ khách hàng,毛重,7,6.0,0,920685877501,DUNG,,
手动,hướng dẫn sử dụng,安装方式,7,7.0,0,990461286064,SAI,Thủ công,
手办收纳盒,Hộp đựng đồ làm bằng tay,产品类别,7,3.8,0,946485729699,SAI,Hộp đựng mô hình,
2350文件盒22.7*16.5*5.2CM,2350 hộp tài liệu 22.7*16.5*5.2cm,规格型号,7,3.33,0,815245422984,DUNG,,
100棉,100% cotton,主面料成分含量,7,6.0,0,1005301996736,DUNG,,
玫瑰金色,Màu vàng hồng,颜色,7,2.75,0,824055318156,DUNG,,
浅卡其,Kaki nhạt,颜色,7,2.67,0,807721215393,DUNG,,
手办收纳盒,Hộp đựng mô hình,产品类别,7,2.6,0,1012824142955,DUNG,,
少女粉,màu hồng nữ tính,颜色,7,4.33,0,967433440501,DUNG,,
浅卡其,kaki nhạt,颜色,7,2.67,0,902914009236,DUNG,,
宫廷风,Phong cách cung đình,风格,7,5.67,0,1050988461299,DUNG,,
新茶,Trà mới,生产日期,7,3.0,0,789841174961,DUNG,,
5.5长方盒5.5*4*2CM,5.5 hình chữ ngày hộp 5.5*4*2cm,颜色,7,4.67,0,841603711877,SAI,Hộp chữ nhật 5.5 5.5*4*2cm,
200*230cm【单件被套】,200*230cm [Vỏ chăn đơn chiếc],尺寸规格,7,3.5,0,1073301238037,DUNG,,
西式糕点,Bánh ngọt kiểu phương Tây,类型,7,5.25,0,698917624751,DUNG,,
新年,Năm mới,流行元素,7,3.0,0,911691980852,DUNG,,
电量数显,Hiển thị kỹ thuật số mức pin,功能,7,5.5,0,829953848345,DUNG,,
经典黑,màu đen cổ điển,颜色,7,4.0,0,934580567144,DUNG,,
2023年秋,Mùa thu năm 2023,产品上市时间,7,4.5,0,734671140396,DUNG,,
所有地方,Tất cả các nơi,适用送礼场合,7,2.75,0,1026433939444,DUNG,,
现代,Hiện đại,风格,7,3.5,0,922005108571,DUNG,,
半包式,một nửa gói,款式,7,3.0,0,1001407462845,SAI,Kiểu bọc nửa,
学生,học sinh,适用人群,7,3.5,0,784625882404,DUNG,,
九月,Tháng 9,热卖月份,7,2.5,0,825852165515,DUNG,,
少年,thanh thiếu niên,适用人群,7,7.0,0,839826037906,DUNG,,
文艺,Văn nghệ,风格,7,3.5,0,896964133809,DUNG,,
浅棕色,màu nâu nhạt,颜色,7,3.33,0,969786548704,DUNG,,
积雪草,Centella của châu Á,核心成分,7,5.33,0,925359851028,SAI,Rau má (Centella asiatica),
中筒,Vớ cổ trung,筒高,7,4.5,0,1073932960829,DUNG,,
所有人,Tất cả mọi người,适用人群,7,4.33,0,1075335434402,DUNG,,
组装,lắp ráp,安装方式,7,3.0,0,862985219318,DUNG,,
街头,Đường phố,风格,7,4.0,0,776767722180,DUNG,,
纽扣,Cúc áo,流行元素,7,2.5,0,736542447064,DUNG,,
三根,ba,肩带根数,7,1.0,0,848760736057,SAI,Ba dây,
浅粉色,màu hồng nhạt,颜色,7,3.67,0,936997063787,DUNG,,
藕粉,Hồng củ sen,颜色,7,4.5,0,719573602979,DUNG,,
薰衣草,Hoa oải hương,颜色,7,3.67,0,673311330601,DUNG,,
福建乌龙,Trà Ô Long Phúc Kiến,产区,7,4.0,0,1009661705888,DUNG,,
薄脆饼干,bánh quy giòn,品种,7,2.75,0,996685184850,DUNG,,
分格盖,Nắp ngăn chứa,开合方式,7,3.67,0,899287004273,DUNG,,
纱布,Vải gạc,材质,7,3.0,0,1028424982600,DUNG,,
成人,người lớn,适用人群,7,4.0,0,908324806883,DUNG,,
蕾丝,ren,流行元素,7,1.5,0,993519142369,DUNG,,
纯黑色,màu đen tuyền,颜色,7,3.67,0,665809318371,DUNG,,
30L-40L（含）,30L-40L (đã bao gồm),容量,7,8.0,0,865275934113,DUNG,,
2022年,năm 2022,产品上市时间,7,3.0,0,819411179056,DUNG,,
分格盖,Nắp chia ngăn,开合方式,7,3.67,0,1055731854214,DUNG,,
纯色款,Mẫu màu trơn,款式,7,3.33,0,1080261223898,DUNG,,
五分袖,tay áo năm phần tư,袖长,7,4.67,0,979077155267,SAI,Tay lửng (5 phân),
休闲系列,Chuỗi giải trí,运动系列,7,3.0,0,947477504610,SAI,Dòng thường ngày,
摩登潮酷,Sành điệu hiện đại,风格,7,3.75,0,712911183216,DUNG,,
慢,Chậm,奶嘴流速,7,4.0,0,685711720082,DUNG,,
内衣套装,Bộ đồ lót,内衣内裤类别,7,1.75,0,1024860287549,DUNG,,
中青年,người trẻ và trung niên,适用人群,7,6.33,0,913186565378,DUNG,,
插肩袖,tay áo raglan,袖型,7,3.67,0,963941139225,DUNG,,
后备箱,thân xe,使用位置,7,2.0,0,986347915771,SAI,Cốp xe,
平面,Mặt phẳng,款式,7,4.0,0,916203541902,DUNG,,
侧拉链,dây kéo bên,穿着方式,7,3.0,0,989764068772,DUNG,,
4年,4 năm,保质期,7,3.0,0,794864051984,DUNG,,
益智,Trí tuệ,功能,7,3.0,0,1066636157236,DUNG,,
1层,tầng 1,层数,7,4.0,0,894849193621,SAI,1 lớp,
布艺收纳箱,Hộp đựng vải,产品类别,7,2.0,0,967006754624,DUNG,,
乔迁,Chúc mừng tân gia,适用送礼场合,7,7.0,0,1038573865001,DUNG,,
48x74cm枕套一对,Một cặp vỏ gối kích thước 48x74cm,尺寸规格,7,5.0,0,1073845353107,DUNG,,
海绵,Mút xốp,材质,7,3.0,0,1012595337281,DUNG,,
1年(含)-3年(不含),1 năm (bao gồm) - 3 năm (không bao gồm),年份,7,4.6,0,987540782518,DUNG,,
情绪互动,Tương tác cảm xúc,功能,7,3.5,0,671004634843,DUNG,,
400g及以上其他,400g trở lên khác,克重,7,2.0,0,874854716972,DUNG,,
布面,Mặt vải,耳塞/耳罩材质,7,3.0,0,942718608127,DUNG,,
便携,di động,功能,7,3.0,0,947665271426,DUNG,,
海藻绿,Xanh tảo biển,颜色,7,3.67,0,1034707545586,DUNG,,
荣耀300,Danh dự 300,适用型号,7,3.0,0,851351576746,SAI,Honor 300,
祛痘,Loại bỏ mụn trứng cá,化妆品功效,7,8.0,0,891886943397,DUNG,,
布鞋,Giày vải,款式,7,3.5,0,902908025531,DUNG,,
消防车,Xe cứu hỏa,外观造型,7,2.67,0,774860949524,DUNG,,
典雅黑,Đen thanh lịch,颜色,7,4.0,0,635937830302,DUNG,,
XL【建议120-135斤】,XL [đề nghị 120-135 kg],尺码,7,2.67,0,928094672011,SAI,XL [gợi ý 60-67.5kg],
卡其灰,Màu xám kaki,颜色,7,3.33,0,942234764268,DUNG,,
5XL【建议180-200斤】,5XL [khuyến nghị 180-200 kg],尺码,7,4.0,0,928094672011,SAI,5XL [gợi ý 90-100kg],
去角质,tẩy tế bào chết,化妆品功效,7,4.0,0,910437980137,DUNG,,
便携装/旅行装,Kích thước di động/du lịch,规格类型,7,3.5,0,997430229816,DUNG,,
登山,leo núi,适用运动,7,3.0,0,864269250998,DUNG,,
约会,Cuộc hẹn,适用场景,7,3.5,0,916601417939,DUNG,,
挂钩设计,Thiết kế móc treo,功能,7,3.5,0,1054838155373,DUNG,,
10个月,10 tháng,保质期,7,2.5,0,641249792407,DUNG,,
冰丝,Vải lụa băng,材质,7,5.0,0,1040190559156,DUNG,,
苹果型,Loại táo,适用体型,7,2.33,0,786618463095,DUNG,,
14.5长方盒（2.0）14.5*10*2CM,14.5 hình chữ ngày hộp (2.0)14.5*10*2CM,规格型号,7,4.67,0,815245422984,SAI,Hộp chữ nhật 14.5 (2.0) 14.5*10*2CM,
苹果7PLUS/8PLUS,Apple 7PLUS/8PLUS,适用型号,7,2.5,0,827990868644,SAI,iPhone 7 Plus/8 Plus,
性感,gợi cảm,风格,7,3.0,0,972059518708,DUNG,,
白,Màu trắng,颜色,7,8.0,0,897757764983,DUNG,,
黑色红带,ruy băng đỏ đen,颜色,7,3.0,0,989390574785,SAI,Đen dây đỏ,
裙摆型,Loại váy,版型,7,2.33,0,939317477818,SAI,Dáng xòe đuôi váy,
苹果18promax,Apple 18promax,适用型号,7,2.5,0,1001407462845,SAI,iPhone 18 Pro Max,
黑色带挂件,Màu đen có mặt dây chuyền,颜色,7,4.0,0,988236853867,SAI,Màu đen có vật treo trang trí,
帆布鞋,Giày vải,产品类别,7,2.33,0,1071505577532,DUNG,,
白兰,Bạch Lan,颜色,7,3.5,0,1074362389019,DUNG,,
16寸,16inch,尺寸,7,4.0,0,986000401368,DUNG,,
头层牛皮（除牛反绒,Da bò lớp đầu (trừ da lộn bò),鞋面材质,7,2.5,0,1043967852891,DUNG,,
苹果15promax,Táo 15promax,适用型号,7,1.5,0,831566278117,SAI,iPhone 15 Pro Max,
深灰抹茶,Xám đậm matcha,花型,7,3.0,0,683108285951,DUNG,,
休闲健步,Đi bộ thư giãn,适用场景,7,2.75,0,1011190343028,DUNG,,
一字孔,Lỗ chữ,口径形状,7,1.67,0,923711564583,SAI,Lỗ khe ngang,
儿童,Trẻ em,适用人群,7,2.5,0,807286757815,DUNG,,
徽章,Huy hiệu,款式细节,7,3.5,0,709727694334,DUNG,,
苹果14promax,Táo 14promax,适用型号,7,1.5,0,831566278117,SAI,iPhone 14 Pro Max,
苹果14ProMax,Apple 14ProMax,适用型号,7,2.5,0,1002039796359,SAI,iPhone 14 Pro Max,
德绒,Vải nhung Đức,面料名称,7,5.5,0,966049734823,DUNG,,
苹果13promax,Táo 13promax,适用型号,7,1.5,0,831566278117,SAI,iPhone 13 Pro Max,
苹果13ProMax,Apple 13ProMax,适用型号,7,2.5,0,1002039796359,SAI,iPhone 13 Pro Max,
混合口味,Hương vị hỗn hợp,口味,7,3.25,0,976311103631,DUNG,,
苹果12promax,Táo 12promax,适用型号,7,1.5,0,831566278117,SAI,iPhone 12 Pro Max,
苹果12pro,Apple 12 pro,适用型号,7,2.5,0,962928559064,SAI,iPhone 12 Pro,
标准,tiêu chuẩn,执行质量标准,7,4.5,0,967754351769,DUNG,,
30支,30 miếng,面料支数,7,5.0,0,1077392585507,SAI,Chi số 30,
黑灰色,màu xám đen,颜色,7,3.0,0,936997063787,DUNG,,
黑灰,Đen xám,颜色,7,3.0,0,1037207303011,DUNG,,
休闲T恤,Áo thun mặc thường ngày,类别,7,6.0,0,938178755915,DUNG,,
苹果12ProMax,Apple 12ProMax,适用型号,7,2.5,0,1002039796359,SAI,iPhone 12 Pro Max,
苹果11pro,Táo 11pro,适用型号,7,1.5,0,925352173571,SAI,iPhone 11 Pro,
白灰,Trắng xám,颜色,7,4.0,0,636013068495,DUNG,,
POLO衫,áo sơ mi POLO,类别,7,6.0,0,908012211012,DUNG,,
1.5m床单款四件套【被套200*230】,Bộ bốn mảnh ga trải giường 1.5 m [vỏ chăn 200*230],尺寸规格,7,3.38,0,890895067800,DUNG,,
苹果 17,táo 17,适用型号,7,1.5,0,983790996923,SAI,iPhone 17,
栀子花香,Hương hoa dành dành,香味,7,4.0,0,841087609246,DUNG,,
保暖发热,Ấm áp và nhiệt độ,功能,7,3.25,0,994349889163,SAI,"Giữ ấm, tỏa nhiệt",
苹果 15 Pro Max,Apple 15 Pro Max,适用型号,7,2.5,0,983790996923,SAI,iPhone 15 Pro Max,
苹果 15 Pro,Apple 15 Pro,适用型号,7,2.5,0,983790996923,SAI,iPhone 15 Pro,
苹果 13 Pro,Apple 13 Pro,适用型号,7,2.5,0,983790996923,SAI,iPhone 13 Pro,
白粉,bột màu trắng,颜色,7,5.5,0,925919327258,SAI,Trắng hồng,
墨绿,màu xanh đậm,颜色,7,5.0,0,974478033808,DUNG,,
吸水,hấp thụ nước,功能,7,5.0,0,623804549404,DUNG,,
合格,Đủ điều kiện,执行质量标准,7,5.0,0,998079722218,DUNG,,
2018年春季,Mùa xuân năm 2018,上市年份季节,7,3.33,0,913908397298,DUNG,,
主要销往欧美 俄罗斯 东南亚 港澳台等国家和地区,"Chủ yếu được bán cho các quốc gia và khu vực bao gồm Châu Âu, Hoa Kỳ, Nga, Đông Nam Á, Hồng Kông, Macau và Đài Loan",主要销往国家和地区,7,4.0,0,996879451546,DUNG,,
英德红茶,Trà đen Yingde,产品类别,7,3.0,0,627936445341,DUNG,,
咖啡棕,Nâu cà phê,颜色,7,2.67,0,906015884542,DUNG,,
咖啡棕,cà phê nâu,颜色,7,2.67,0,996769657619,DUNG,,
枪色,Màu súng,颜色分类,7,3.5,0,673090239526,SAI,Màu xám súng (gunmetal),
源头超级工厂跨境爆款英文包装外贸跨境院线专供小批量一站式服务品牌代加工大牌平替来料定制贴牌蔻美鼎尖,源头超级工厂跨境爆款英文包装外贸跨境院线专供小批量一站式服务品牌代加工大牌平替来料定制贴牌蔻美鼎尖,属性2,7,1.0,0,959230172639,SAI,"Nhà máy gốc quy mô lớn, mẫu bán chạy xuyên biên giới, bao bì tiếng Anh, chuyên cung cấp cho spa/thẩm mỹ viện, số lượng nhỏ, dịch vụ trọn gói, gia công thương hiệu, hàng thay thế thương hiệu lớn, gia công theo nguyên liệu, OEM, Koumei Dingjian",
枣红,Ngày đỏ,颜色,7,3.0,0,981196428357,SAI,Đỏ táo tàu,
花色,Màu hoa,颜色,7,3.0,0,682886859696,DUNG,,
花灰色,Hoa màu xám,颜色,7,3.0,0,908411473969,SAI,Xám muối tiêu,
64G高速U3卡,Thẻ U3 tốc độ cao 64G,规格尺寸,7,3.67,0,1000366568946,DUNG,,
1.5英寸,1.5 inch,屏幕尺寸,7,2.0,0,875416825653,DUNG,,
64G高速内存卡,Thẻ nhớ tốc độ cao 64G,颜色分类,7,2.8,0,948596985087,DUNG,,
枕套一个48*74cm,Một chiếc vỏ gối 48*74cm,尺寸规格,7,3.25,0,1071389596493,DUNG,,
枕头型,loại gối,箱包形状,7,2.33,0,948682680705,DUNG,,
漆皮,Da bóng,鞋面材质,7,3.0,0,876811431274,DUNG,,
压花皮,da dập nổi,皮质特征,7,2.67,0,986084584638,DUNG,,
2.0m床单款四件套,Bộ ga trải giường 2.0M gồm 4 món,尺寸规格,7,3.33,0,1013547612107,DUNG,,
高跟[6-8cm(含)],Giày cao gót [6-8cm (tính cả)],鞋跟高度,7,5.33,0,987874030123,SAI,Gót cao [6-8cm (bao gồm)],
灯芯绒,Nhung kẻ,材质,7,2.33,0,868576657103,DUNG,,
1.5m床单款四件套,Bộ chăn ga gối 4 món 1.5m,尺寸规格,7,2.33,0,1013547612107,DUNG,,
前档风玻璃,kính chắn gió phía trước,安装位置,7,4.0,0,944176114422,DUNG,,
高筒,ống cao,筒高,7,3.0,0,989764068772,SAI,Cổ cao,
姜黄,Vàng nghệ,花型,7,4.0,0,707700664932,DUNG,,
干燥 通风 无异味 避免阳光直射,"Khô và thông gió, không có mùi, tránh ánh nắng trực tiếp",储藏方法,7,3.31,0,520933651631,DUNG,,
多U口输出,Đầu ra nhiều cổng USB,功能,7,4.0,0,995915969872,DUNG,,
广告礼品,Quà tặng quảng cáo,送礼用途,7,3.75,0,976238656349,DUNG,,
高帮,Cao cổ,鞋帮高度,7,2.5,0,636013068495,DUNG,,
工程车,Xe công trình,外观造型,7,3.67,0,1005656908699,DUNG,,
免费设计、贴牌定制、oem/odm、品牌代工、散装散茶现货批发、分销代理、一件代发、极速出货,"Thiết kế miễn phí, tùy chỉnh OEM, OEM/ODM, OEM thương hiệu, bán buôn trà rời số lượng lớn, đại lý phân phối, dropship, vận chuyển nhanh",我们能为您提供什么,7,3.0,0,915138766383,DUNG,,
4XL【建议165-180斤】,4XL [đề nghị 165-180 kg],尺码,7,2.67,0,928094672011,SAI,4XL [gợi ý 82.5-90kg],
当天,Cùng ngày,最快出货时间,7,4.0,0,1073148792864,DUNG,,
骷髅头,Đầu lâu,颜色,7,2.0,0,933063479773,DUNG,,
骑士靴,Bốt kỵ sĩ,产品类别,7,2.33,0,1063051466296,DUNG,,
炒青,Xào rau xanh,加工工艺,7,5.0,0,963012496057,SAI,Sao chảo (trà xanh),
自然立体,Ba chiều tự nhiên,功效,7,3.5,0,913284703910,SAI,"Tự nhiên, có chiều sâu",
膳食纤维,Chất xơ,特殊功效,7,1.5,0,967298575260,DUNG,,
马鞍包,Túi yên ngựa,箱包潮流款式,7,3.33,0,805933133578,DUNG,,
华为 Mate 50 Pro,Huawei Mate 50 Pro,适用型号,7,3.0,0,851351576746,DUNG,,
军蓝,Màu xanh quân đội,颜色,7,7.0,0,944179707822,DUNG,,
胶粘,Chất kết dính,工艺,7,5.5,0,841257924503,SAI,Dán keo,
条状,dải,形状形态,7,1.5,0,641249792407,DUNG,,
云朵包,túi đám mây,箱包潮流款式,7,3.0,0,777870876347,DUNG,,
人字型,Kiểu chữ V,产品类别,7,2.67,0,1043474942684,KHONG_CHAC,,人字型 trong 产品类别: chưa rõ là dép kẹp hay kiểu chữ V
杂物收纳盒,hộp đựng đồ lặt vặt,产品类别,7,3.0,0,815004582824,DUNG,,
商务风,Phong cách kinh doanh,风格,7,6.0,0,644215727599,DUNG,,
香槟色,sâm panh,颜色,7,2.33,0,963197871578,DUNG,,
香槟色,Màu sâm panh,颜色,7,3.33,0,922750783718,DUNG,,
单被套 2.0*2.3m,Vỏ chăn đơn 2.0*2.3m,尺寸规格,7,3.0,0,959221045881,DUNG,,
背带裤,Quần yếm,颜色,7,2.33,0,737438837399,DUNG,,
拼装积木,Bộ xếp hình lắp ráp,玩具类型,7,3.75,0,1066636157236,DUNG,,
5000g（含）以上,5000g (bao gồm) trở lên,克重,7,4.0,0,1050167570348,DUNG,,
饰品收纳盒,hộp đựng trang sức,产品类别,7,3.0,0,985797674664,DUNG,,
背带款,Kiểu dây đeo,款式,7,3.33,0,907903201274,DUNG,,
杀手包,Túi sát thủ,箱包潮流款式,7,3.0,0,935070691750,KHONG_CHAC,,杀手包 (killer bag): chưa chắc tên tiếng Việt
不锈钢铲,Xẻng inox,铲具类型,6,2.0,0,1054838155373,DUNG,,
紫罗兰,tím,颜色,6,1.0,0,944179707822,DUNG,,
储能回弹,Làn sóng tái khởi động của ngành lưu trữ năng lượng,功能,6,10.25,1,978985906329,SAI,Đàn hồi trả lực,
棉布,Vải cotton,材质,6,4.5,0,523007667240,DUNG,,
L【建议105-120斤】,L [đề nghị 105-120 kg],尺码,6,2.67,0,928094672011,SAI,L [gợi ý 52.5-60kg],
颜色随机,Màu sắc ngẫu nhiên,尺寸,6,3.75,0,860931051588,DUNG,,
L【建议120-140斤】,L [Khuyến nghị 60-70kg],尺码,6,4.0,0,900479712233,DUNG,,
风干/干制,Sấy khô/sấy khô bằng không khí,制作工艺,6,6.0,0,998917208517,DUNG,,
LED灯玩具,Đồ chơi đèn Led,发光玩具类型,6,3.0,0,726604931559,DUNG,,
天空蓝,bầu trời xanh,颜色,6,3.67,0,970398130740,DUNG,,
220x240cm单被套,Vỏ chăn đơn kích thước 220x240cm,尺寸规格,6,6.0,0,999338220030,DUNG,,
单镜头行车记录仪,Camera hành trình một ống kính,产品类型,6,3.12,0,908496563993,DUNG,,
子母箱【白+黑】简易内置,Hộp mẹ và con [trắng và đen] tích hợp đơn giản,颜色,6,3.78,0,828058836639,SAI,Bộ vali mẹ con [trắng + đen] lót trong đơn giản,
人字型,Kiểu xương cá,产品类别,6,3.67,0,771694342275,KHONG_CHAC,,人字型: chưa rõ ngữ cảnh
小米 14,Xiaomi 14,适用型号,6,3.0,0,989693944745,DUNG,,
深灰橘,Xám đậm cam,颜色,6,3.0,0,1026580710054,DUNG,,
喷气,Phun khí,织造工艺,6,3.5,0,1025114011651,SAI,Dệt phun khí (air-jet),
4K双录【4K+1K】超清+免走线,Ghi kép 4K [4K 1K] siêu rõ ràng không cần định tuyến,颜色分类,6,4.71,0,579200136777,SAI,"Ghi kép 4K [4K+1K] siêu nét, không cần đi dây",
蓬蓬裙,Váy phồng,裙型,6,2.67,0,886451745311,DUNG,,
小奶牛,con bò nhỏ,颜色,6,2.67,0,990861454313,DUNG,,
液态奶嘴,Núm ti lỏng,奶嘴类型,6,2.25,0,1064247217300,SAI,Núm ti silicone lỏng,
浓香,Hương thơm mạnh mẽ,口感,6,7.5,0,742081735007,DUNG,,
热加工,Xử lý nhiệt,制作工艺,6,3.0,0,763701720238,DUNG,,
背带,dây đeo,元素,6,3.0,0,971890272676,DUNG,,
中跟[3-6cm(含)],Gót vừa [3-6cm (đã bao gồm)],鞋跟高度,6,4.67,0,746082572574,DUNG,,
5000毫安,5000mA,电源容量,6,1.0,0,853348331658,SAI,5000mAh,
未压缩型,Loại không nén,面膜纸类别,6,3.0,0,963867922364,DUNG,,
戴妃包,Túi Đại Phi,箱包潮流款式,6,3.0,0,930743915074,SAI,Túi Lady Dior,
浅绿,màu xanh nhạt,颜色,6,5.5,0,641538382302,DUNG,,
深灰+浅灰,Xám đậm + Xám nhạt,花型,6,3.25,0,1049812656357,DUNG,,
图案,Mẫu,图案,6,1.5,0,985694576475,DUNG,,
户外休闲鞋,Giày thường ngày ngoài trời,款式,6,4.6,0,995051438723,DUNG,,
亲子,Gia đình,适用人群,6,3.5,0,1079522716456,DUNG,,
薰衣草紫,hoa oải hương màu tím,颜色,6,4.25,0,944179707822,DUNG,,
热转印,In chuyển nhiệt,印刷工艺,6,4.33,0,1076365559859,DUNG,,
平面,phẳng,款式,6,2.5,0,988263386898,DUNG,,
藏蓝色,Màu xanh hải quân,颜色,6,4.67,0,752749432462,DUNG,,
热转印,Truyền nhiệt,印刷工艺,6,3.67,0,592521611692,DUNG,,
多巴胺风,Phong cách Dopamine,风格,6,4.25,0,1079043734756,DUNG,,
3天内,Trong vòng 3 ngày,最快出货时间,6,6.5,0,949747134018,DUNG,,
苹果14Pro,Apple 14Pro,适用型号,6,2.5,0,895910231747,SAI,iPhone 14 Pro,
服帖,服帖,膜布材质,6,1.0,0,999619949263,SAI,Ôm sát da,
少年,thiếu niên,风格,6,4.5,0,972059518708,DUNG,,
M【建议110-130斤】,M [Khuyến nghị 55-65kg],尺码,6,4.0,0,902039409048,DUNG,,
朋友,Bạn bè,适用送礼关系,6,2.5,0,722757857327,DUNG,,
热销女包,热销女包,类型,6,1.0,0,934064801011,SAI,Túi nữ bán chạy,
虾青素,Astaxanthin,产品规格,6,3.67,0,744632567801,DUNG,,
低帮板鞋,Giày sneaker cổ thấp,款式,6,4.25,0,1037207303011,DUNG,,
帽子款,Kiểu mũ,款式,6,2.0,0,824642523936,DUNG,,
发光闪光,đèn flash phát sáng,特色功能,6,4.0,0,975290658284,DUNG,,
盒,hộp,规格,6,3.0,0,979527603201,DUNG,,
12.5长方盒12.5*10.2*3.3CM,12.5 hộp hình chữ ngày 12.5*10.2*3.3cm,颜色,6,4.67,0,841603711877,SAI,Hộp chữ nhật 12.5 12.5*10.2*3.3cm,
USB水杯架【可可粉】隔层内置,Giá đựng cốc nước USB [bột ca cao] tích hợp ngăn,颜色,6,3.3,0,828058836639,SAI,Giá đỡ cốc nước USB [hồng ca cao] tích hợp ngăn,
嵌花,Hoa khảm,服装款式细节,6,3.5,0,717670002690,DUNG,,
150x200cm【单件被套】,150x200cm [Vỏ chăn đơn chiếc],尺寸规格,6,3.5,0,1059020890248,DUNG,,
私服名媛,Máy chủ riêng xã hội,风格类型,6,4.0,0,965237555092,SAI,Thời trang thường ngày kiểu tiểu thư,
最新一个月,Tháng mới nhất,生产日期,6,2.4,0,760128144692,DUNG,,
11.0长方盒透明11*8.5*1.5CM,11.0 hộp hình chữ ngày trong suốt 11*8.5*1.5cm,颜色,6,4.6,0,739581408122,SAI,Hộp chữ nhật trong suốt 11.0 11*8.5*1.5cm,
茶叶,trà,原料与配料,6,1.5,0,692900232193,DUNG,,
USB水杯架【可可蓝】隔层内置,Giá đỡ cốc nước USB [xanh ca cao] tích hợp ngăn,颜色,6,3.2,0,828058836639,DUNG,,
蜘蛛侠,Người nhện,形象,6,3.0,0,876193503676,DUNG,,
子母箱【玫瑰金】简易内置,Hộp mẹ [vàng hồng] tích hợp đơn giản,颜色,6,2.7,0,828058836639,SAI,Bộ vali mẹ con [vàng hồng] lót trong đơn giản,
唇釉,son bóng,产品类型,6,3.5,0,986212431965,DUNG,,
11.5方盒11.5*11.5*3.6CM,11.5 Hộp vuông 11.5*11.5*3.6cm,规格型号,6,4.0,0,815245422984,DUNG,,
三根,Ba gốc,肩带根数,6,2.5,0,855748472516,SAI,Ba dây,
德比鞋（正装皮鞋）,Giày Derby (giày da trang trọng),款式,6,3.57,0,903677385832,DUNG,,
39女,39 nữ,尺码,6,2.0,0,716459706224,DUNG,,
积雪草,Centella châu Á,核心成分,6,4.33,0,891886943397,DUNG,,
M【建议90-105斤】,M [Khuyến nghị 90-105 kg],尺码,6,4.0,0,928094672011,SAI,M [gợi ý 45-52.5kg],
街头风,Phong cách đường phố,风格,6,5.67,0,776936440133,DUNG,,
USB水杯架【可可黑】隔层内置,Giá đỡ cốc nước USB [Coco Black] tích hợp ngăn,颜色,6,3.2,0,828058836639,DUNG,,
iPhone12/12Pro通用,iPhone12/12Pro phổ thông,适用机型,6,4.0,0,1000457471040,DUNG,,
低筒,Ống thấp,筒高,6,3.5,0,985970172057,SAI,Cổ thấp,
茶树叶,Lá trà,原料与配料,6,1.67,0,627006883995,DUNG,,
街拍,Ảnh chụp đường phố,适用场景,6,7.5,0,1082029456181,DUNG,,
14寸,14inch,容纳电脑尺寸,6,4.0,0,610952531380,DUNG,,
全棉,Bông,床单面料材质,6,2.0,0,891447278106,DUNG,,
片状,vảy,形状形态,6,1.5,0,929991000022,SAI,Dạng miếng,
分体式,Thiết kế tách rời,款式,6,4.67,0,1070742930427,DUNG,,
1.5m床笠款【被套200*230cm】4件套【不起球-不褪色】,Bộ 4 món ga bọc đệm 1.5m [vỏ chăn 200*230cm] [chống xù lông - không phai màu],尺寸规格,6,3.23,0,1026697039702,DUNG,,
2023年夏,Mùa hè năm 2023,产品上市时间,6,4.0,0,976941749763,DUNG,,
其他口味,Các hương vị khác,口味,6,3.5,0,771384661722,DUNG,,
老年（61岁以上）,Người cao tuổi (từ 61 tuổi trở lên),适用年龄,6,4.8,0,1007819626497,DUNG,,
深蓝,Xanh đậm,颜色,6,3.5,0,1043272979448,DUNG,,
稳定,Ổn định,传输速率,6,3.0,0,779679314305,DUNG,,
床盖式,Loại phủ giường,款式,6,4.33,0,1079093453677,DUNG,,
磨砂皮,Da nubuck,皮质特征,6,2.67,0,961896265789,DUNG,,
USB水杯架【天空蓝】隔层内置,Giá đỡ cốc nước USB [Sky Blue] tích hợp ngăn,颜色,6,3.0,0,828058836639,DUNG,,
茶树叶,lá trà,原料与配料,6,1.67,0,550938397821,DUNG,,
登山,Leo núi,适用运动,6,3.0,0,644454652883,DUNG,,
三本针,Ba kim,款式细节,6,1.67,0,976888693119,SAI,May ba đường kim,
1.5m床笠款四件套,Bộ ga trải giường 1.5m bốn món,尺寸规格,6,3.33,0,1013547612107,DUNG,,
窨制,hút thuốc,食品工艺,6,4.0,0,764419110860,SAI,Ướp hương (huân chế),
多功能,đa chức năng,功能,6,3.33,0,708686860450,DUNG,,
亲子互动,Tương tác giữa cha mẹ và con cái,特色功能,6,6.25,1,997803265797,DUNG,,
USB水杯架【星空银】隔层内置,Giá đỡ cốc nước USB [Starry Sky Silver] Tích hợp ngăn,颜色,6,3.8,0,828058836639,DUNG,,
居家,nhà,适用场景,6,1.5,0,786618463095,DUNG,,
混合材质,Chất liệu hỗn hợp,质地,6,3.5,0,892389792671,DUNG,,
大号白色,Cỡ lớn màu trắng,颜色,6,3.25,0,888156986678,DUNG,,
圆筒型,Hình trụ tròn,箱包形状,6,3.67,0,922750783718,DUNG,,
USB水杯架【星耀黑】隔层内置,Giá đỡ cốc nước USB [Xingyao Black] Tích hợp ngăn,颜色,6,3.5,0,828058836639,DUNG,,
时装靴,giày bốt thời trang,流行靴款,6,5.33,0,995526213183,DUNG,,
褐色,Màu nâu,颜色,6,3.0,0,544333989696,DUNG,,
时装靴,Bốt thời trang,流行靴款,6,4.0,0,920052469796,DUNG,,
扁头,Đầu dẹt,鞋头形状,6,3.0,0,1036419883442,DUNG,,
奶瓶,奶瓶,奶瓶,6,1.0,0,1066628848076,SAI,Bình sữa,
可拆卸,Có thể tháo rời,功能,6,4.0,0,925332636171,DUNG,,
半入耳式,bán trong tai,使用方式,6,2.75,0,991579536541,SAI,Nhét tai một nửa,
悬挂式,treo,使用方式,6,1.33,0,989163869691,DUNG,,
涤氨混纺,Hỗn hợp polyester và amoniac,面料名称,6,6.0,0,688254327700,SAI,Polyester pha spandex,
60个月,60 tháng,保质期,6,2.5,0,676648904952,DUNG,,
见喷码,Xem in phun,生产日期,6,3.0,0,687764008260,DUNG,,
荣耀100,Danh dự 100,适用型号,6,3.0,0,989693944745,SAI,Honor 100,
立体裁剪,Cắt ba chiều,工艺,6,2.5,0,948734091492,DUNG,,
60°以上,Trên 60 °,刀尖角度,6,2.0,0,722757857327,DUNG,,
USB水杯架【浪漫粉】隔层内置,Giá đựng cốc nước USB [màu hồng lãng mạn] tích hợp ngăn,颜色,6,3.9,0,828058836639,DUNG,,
240ml/ppsu奶瓶（L号奶嘴）猫头鹰221,Bình sữa 240ml/PPSU (núm ti cỡ L) hình cú mèo 221,容量,6,2.88,0,1075924731626,DUNG,,
牛奶味,Vị sữa bò,口味,6,2.33,0,843791543711,DUNG,,
厚,dày,厚薄,6,3.0,0,791334183774,DUNG,,
1.8m床单款【被套180*220cm】4件套【不起球-不褪色】,Bộ 4 món ga trải giường 1.8m [Vỏ chăn 180*220cm] [Không xù lông - Không phai màu],尺寸规格,6,3.54,0,1026697039702,DUNG,,
USB水杯架【玫瑰金】隔层内置,Giá đựng cốc nước USB [vàng hồng] tích hợp ngăn,颜色,6,3.3,0,828058836639,DUNG,,
牛奶蛋白纤维,Chất xơ protein sữa,主面料成分,6,2.67,0,884318800004,DUNG,,
不锈钢铲,xẻng thép không gỉ,铲具类型,6,3.75,0,621729483473,DUNG,,
240ml/ppsu奶瓶（L号奶嘴）马来熊220,"Bình sữa cho bé 240ml/PPSU (núm ti cỡ L), Gấu Malayan 220",容量,6,3.62,0,1075924731626,DUNG,,
不具备,不具备,智能感知与远程升级,6,1.0,0,744880704525,SAI,Không có,
美化外观,Làm đẹp ngoại hình,功能,6,3.75,0,980379815482,DUNG,,
USB水杯架【白+玫】隔层内置,Giá đỡ cốc nước USB [hoa hồng trắng] tích hợp ngăn,颜色,6,3.89,0,828058836639,SAI,Giá đỡ cốc nước USB [trắng + hồng] tích hợp ngăn,
时尚拉链【酒红】隔层内里,Lớp lót ngăn khóa kéo thời trang [màu đỏ tía],颜色,6,3.4,0,828058836639,DUNG,,
USB水杯架【白+黑】隔层内置,Giá đỡ cốc nước USB [trắng và đen] tích hợp ngăn,颜色,6,3.67,0,828058836639,DUNG,,
时尚单箱【谷物白】简易内置,Hộp đơn thời trang [Ngũ cốc trắng] Tích hợp đơn giản,颜色,6,3.64,0,828058836639,SAI,Vali đơn thời trang [trắng ngũ cốc] lót trong đơn giản,
盒子包,Túi hộp,箱包潮流款式,6,2.0,0,908889089444,DUNG,,
见详情或咨询客服,Xem chi tiết hoặc tham khảo dịch vụ khách hàng,型号,6,4.62,0,990840644423,DUNG,,
时尚单箱【白+黑】简易内置,Hộp đơn thời trang [trắng và đen] tích hợp đơn giản,颜色,6,3.9,0,828058836639,SAI,Vali đơn thời trang [trắng + đen] lót trong đơn giản,
冻膜,phim đông lạnh,产品形态,6,6.0,0,805834824450,SAI,Mặt nạ thạch,
时尚单箱【白+玫】简易内置,Hộp đơn thời trang [hoa hồng trắng] tích hợp đơn giản,颜色,6,4.1,0,828058836639,SAI,Vali đơn thời trang [trắng + hồng] lót trong đơn giản,
USB水杯架【谷物白】隔层内置,Giá đỡ cốc nước USB [màu trắng hạt] tích hợp ngăn,颜色,6,3.4,0,828058836639,DUNG,,
4件,4件,件数,6,1.0,0,987308390371,SAI,4 món,
时尚单箱【浪漫粉】简易内置,Hộp đơn thời trang [Bột lãng mạn] Tích hợp đơn giản,颜色,6,3.55,0,828058836639,SAI,Vali đơn thời trang [hồng lãng mạn] lót trong đơn giản,
时尚单箱【星耀黑】简易内置,Hộp đơn thời trang [Xingyao Black] Tích hợp đơn giản,颜色,6,3.73,0,828058836639,SAI,Vali đơn thời trang [đen ánh sao] lót trong đơn giản,
时尚单箱【星空银】简易内置,Hộp đơn thời trang [Starry Sky Silver] Tích hợp đơn giản,颜色,6,4.0,0,828058836639,SAI,Vali đơn thời trang [bạc trời sao] lót trong đơn giản,
见详情页,见详情页,壁厚,6,1.0,0,728941912787,SAI,Xem trang chi tiết,
洗车拖把,Cây lau rửa xe,种类,6,2.75,0,934998812816,DUNG,,
时尚单箱【天空蓝】简易内置,Hộp đơn thời trang [Sky Blue] Tích hợp đơn giản,颜色,6,3.27,0,828058836639,SAI,Vali đơn thời trang [xanh da trời] lót trong đơn giản,
240ml/ppsu奶瓶（M号奶嘴）丛林小兔218,Bình sữa 240ml/PPSU (núm ti cỡ M) Thỏ rừng 218,容量,6,2.33,0,1075924731626,DUNG,,
时尚单箱【墨竹绿】简易内置,Hộp đơn thời trang [Mozhu Green] Tích hợp đơn giản,颜色,6,3.55,0,828058836639,SAI,Vali đơn thời trang [xanh trúc mực] lót trong đơn giản,
705空盒19.8*13.2*10cm,705 hộp rỗng 19.8*13.2*10cm,颜色,6,3.5,0,866602399026,DUNG,,
洗碗巾,khăn lau bát đĩa,产品类别,6,4.33,0,962769475550,DUNG,,
早教/幼教故事机,Máy kể chuyện giáo dục sớm/mầm non,类别,6,3.86,0,782915290822,DUNG,,
1.5m床单款四件套【被套200*230cm】,Bộ ga trải giường 1.5m gồm 4 món [vỏ chăn 200*230cm],尺寸规格,6,3.25,0,903626142935,DUNG,,
KNIYEA金妮雅积雪草洗面奶,Sữa rửa mặt KNIYEA Centella Asiatica,产品名称,6,2.78,0,992762126115,DUNG,,
60ml硅胶奶瓶（裸装）,"Bình sữa silicon cho bé, dung tích 60ml (không kèm bao bì)",容量,6,6.67,1,1072411210777,DUNG,,
128G内存卡,Thẻ nhớ 128G,颜色分类,6,2.0,0,756173837545,DUNG,,
女式单肩包,Túi đeo một vai nữ,款式,6,2.8,0,626565029724,DUNG,,
清新绿,Xanh lá tươi,颜色分类,6,3.33,0,853611695646,DUNG,,
客户,Khách hàng,适用送礼关系,6,4.5,0,722757857327,DUNG,,
1.2m床单款三件套,Bộ 3 món ga trải giường 1.2m,尺寸规格,6,2.83,0,1013547612107,DUNG,,
低跟[小于3cm(含)],Gót thấp [nhỏ hơn 3cm (bao gồm)],鞋跟高度,6,3.8,0,937183871093,DUNG,,
日系风,phong cách Nhật Bản,风格,6,5.33,0,740564044879,DUNG,,
套趾,Xỏ ngón,闭合方式,6,3.0,0,657968259280,DUNG,,
清洁,sạch sẽ,功效,6,3.0,0,970299212770,SAI,Làm sạch,
1.8m床单款四件套【被套200*230cm】,Bộ ga trải giường 1.8m gồm 4 món [vỏ chăn 200*230cm],尺寸规格,6,3.25,0,903626142935,DUNG,,
240ml/ppsu奶瓶（M号奶嘴）树懒宝宝219,"Bình sữa trẻ em 240ml/PPSU (núm vú cỡ M), Sloth Baby 219",容量,6,3.11,0,1075924731626,DUNG,,
个,Cái,统一换算单位,6,3.0,0,685428095707,DUNG,,
2019年春季,Mùa xuân năm 2019,上市年份季节,6,3.33,0,585893974001,DUNG,,
充电,phí,款式,6,1.5,0,978528928574,SAI,Sạc,
循环录影,Ghi vòng lặp,数据存储时间,6,2.5,0,731912889950,DUNG,,
不规则,不规则,壁厚,6,1.0,0,641975914080,SAI,Không đều,
11英寸,11inch,容纳电脑尺寸,6,2.0,0,980700971631,DUNG,,
荣耀300 Pro,Danh dự 300 Pro,适用型号,6,3.0,0,851351576746,SAI,Honor 300 Pro,
置于阴凉干燥处,Đặt ở nơi khô mát,储藏方法,6,1.86,0,915802495999,DUNG,,
动漫,Hoạt hình,风格,6,4.0,0,972059518708,DUNG,,
动漫,anime,风格,6,2.5,0,829996898514,DUNG,,
14岁以下的木制玩具,Đồ chơi bằng gỗ dưới 14 tuổi,3C配置类别,6,2.5,0,852600617242,DUNG,,
iPhone 15 Plus 6.7寸,IPhone 15 Plus 6.7 inch,适用型号,6,4.0,0,754518753178,DUNG,,
50支,50支,面料支数,6,1.0,0,1002595763961,SAI,Chi số 50,
1.2m床单款【被套150*200cm】3件套【不起球-不褪色】,"Bộ ga giường 1.2m [vỏ chăn 150*200cm], bộ 3 món [chống xù lông, bền màu]",尺寸规格,6,2.92,0,1026697039702,DUNG,,
罗纹底摆,Vạt dưới gân,款式细节,6,2.5,0,919013327477,SAI,Gấu áo bo gân,
手绘,Vẽ tay,图案,6,2.5,0,1042838020472,DUNG,,
4536空盒23.7*14.3*5.2CM,4536 hộp rỗng 23.7*14.3*5.2CM,颜色,6,3.5,0,869290960453,DUNG,,
无骨,Không xương,工艺,6,5.0,0,1066258366018,SAI,May không đường chỉ cộm,
白粉,Bột trắng,颜色,6,4.0,0,1057064700480,SAI,Trắng hồng,
iPhone 12 6.1寸,IPhone 12 6.1 inch,适用型号,6,4.0,0,754518753178,DUNG,,
网袋,túi lưới,包装方式,6,3.5,0,709709050377,DUNG,,
冷萃,Làm lạnh để chiết xuất,食品工艺,6,9.0,0,954786959688,DUNG,,
苹果17Pro,Apple 17 Pro,适用型号,6,2.5,0,1001407462845,SAI,iPhone 17 Pro,
白色无挂件,Màu trắng không có đồ treo,颜色,6,4.2,0,896664913125,DUNG,,
清绿+奶黄,Xanh ngọc + Vàng kem,花型,6,3.75,0,1049812656357,DUNG,,
3Cr系列钢,Thép dòng 3Cr,刀身材质,6,2.67,0,722757857327,DUNG,,
海鸥灰,Xám hải âu,颜色,6,2.67,0,935432696405,DUNG,,
包边,viền,款式,6,2.0,0,894716001556,DUNG,,
简约格调,Phong cách tối giản,风格类型,6,4.0,0,1038573865001,DUNG,,
不粘锅,chảo chống dính,功能,6,4.33,0,999638092552,SAI,Chống dính,
海蓝色,biển xanh,颜色,6,2.67,0,985974571808,SAI,Xanh biển,
3D效果,Hiệu ứng 3D,印花主题,6,3.5,0,766194596457,DUNG,,
石墨灰,Xám than chì,颜色,6,3.33,0,924727861064,DUNG,,
假两件,Giả hai chiếc,组合形式,6,3.67,0,742186079031,SAI,Kiểu giả hai lớp,
彩虹,cầu vồng,流行元素,6,3.5,0,829996898514,DUNG,,
跨境，京东，天猫，淘宝，抖音支持铺货,"Hỗ trợ bán hàng xuyên biên giới, trên JD, Tmall, Taobao, Douyin",售卖平台,6,3.43,0,1066392483763,DUNG,,
圆孔,Lỗ tròn,奶嘴类型,6,3.0,0,1008517619720,DUNG,,
128G高速U3卡,Thẻ U3 tốc độ cao 128G,规格尺寸,6,3.67,0,1000366568946,DUNG,,
4K【2160P】前录超清+免走线,4K [2160P] ghi trước siêu rõ ràng không cần định tuyến,颜色分类,6,5.0,0,579200136777,SAI,"4K [2160P] camera trước siêu nét, không cần đi dây",
二层牛皮（除牛反绒）,Da bò hai lớp (ngoại trừ nhung bò),鞋面材质,6,3.12,0,890281944521,SAI,Da bò lớp hai (trừ da lộn),
湖州织里童装,Quần áo trẻ em Huzhou Zhili,区域,6,3.67,0,869087616252,DUNG,,
轨道偏移预警,Cảnh báo sai lệch quỹ đạo,功能,6,3.33,0,988515659718,SAI,Cảnh báo lệch làn,
一等品,Hàng loại nhất,产品质量等级,6,4.0,0,1025860986458,DUNG,,
批次更新,Cập nhật hàng loạt,生产日期,6,3.75,0,781651948793,SAI,Cập nhật theo lô,
4.3英寸,4.3 inch,屏幕尺寸,6,2.0,0,818148996747,DUNG,,
苹果6SPLUS,Apple 6SPLUS,适用型号,6,2.5,0,878282220766,SAI,iPhone 6S Plus,
无感佩戴,Mặc mà không cảm thấy,功能,6,4.25,0,823218614888,DUNG,,
无印风,Phong cách không in,风格,6,5.33,0,1000548719212,SAI,Phong cách Muji,
厨房清洁,dọn dẹp nhà bếp,功能,6,3.0,0,906295219035,DUNG,,
喇叭袖,Tay loe,袖型,6,2.0,0,645453165561,DUNG,,
找客服咨询,Liên hệ bộ phận chăm sóc khách hàng để được tư vấn,毛重,6,7.8,1,987515022828,DUNG,,
油画,Tranh sơn dầu,风格,6,5.5,0,805936549220,DUNG,,
简约风格,Phong cách tối giản,风格,6,4.0,0,981851473928,DUNG,,
单肩包,túi đeo vai,款式,6,3.0,0,860875243968,DUNG,,
36空盒27.1*17.4*4.5CM,36 hộp rỗng 27.1 * 17.4 * 4.5CM,规格,6,3.5,0,846660149655,DUNG,,
运动潮流,Thể thao thời thượng,适用场景,6,4.25,0,1084116728914,DUNG,,
玩具篮球,bóng rổ đồ chơi,产品类别,6,3.0,0,993795253859,DUNG,,
厨房清洁,vệ sinh nhà bếp,功能,6,3.0,0,747629718293,DUNG,,
2018年冬季,Mùa đông năm 2018,上市年份季节,6,3.33,0,924727861064,DUNG,,
0L-5L（含）,0L-5L (đã bao gồm),容量,6,8.0,0,915834715335,DUNG,,
2XL【建议135-150斤】,2XL [đề nghị 135-150 kg],尺码,6,2.67,0,928094672011,SAI,2XL [gợi ý 67.5-75kg],
源头旗舰店无痕代发,"Cửa hàng flagship chính hãng, giao hàng không dấu vết",货号,6,4.78,0,1040627222624,SAI,"Cửa hàng nguồn, dropship giấu thông tin người gửi",
子母箱【浪漫粉】简易内置,Hộp mẹ và con [bột lãng mạn] tích hợp đơn giản,颜色,6,3.4,0,828058836639,SAI,Bộ vali mẹ con [hồng lãng mạn] lót trong đơn giản,
多点连接,Kết nối đa điểm,功能,6,3.0,0,983558158397,DUNG,,
旋转扣,khóa xoay,闭合方式,6,2.67,0,977109898374,DUNG,,
15.5长方盒（3.0）15.5*6.4*3CM,15.5 hộp hình chữ ngày (3.0)15.5*6.4*3cm,颜色,6,4.67,0,740336276009,SAI,Hộp chữ nhật 15.5 (3.0) 15.5*6.4*3cm,
1年(含)-3年(不含),1 năm (đã bao gồm) -3 năm (độc quyền),年份,6,4.4,0,992820304756,SAI,1 năm (bao gồm)-3 năm (không bao gồm),
玩具车,xe đồ chơi,玩具类型,6,2.67,0,773107493098,DUNG,,
远峰蓝,Đỉnh xa màu xanh,颜色,6,4.33,0,789381622632,SAI,Xanh Sierra,
缎纹,satin,织造工艺,6,2.5,0,893001283005,DUNG,,
北欧,Phong cách Bắc Âu,风格,6,7.0,0,1063760472111,DUNG,,
4S店,cửa hàng 4S,适用送礼场合,6,7.0,0,959192226769,DUNG,,
汽车挂饰,đồ trang trí xe hơi,分类,6,3.75,0,985084086165,DUNG,,
方跟,gót vuông,鞋跟形状,6,4.0,0,959908359589,DUNG,,
丝光,được đánh bóng,工艺,6,6.0,0,971745193748,DUNG,,
绿色恐龙,khủng long xanh,颜色,6,3.25,0,977689461393,DUNG,,
发光,ánh sáng,特色功能,6,3.5,0,775966904969,DUNG,,
玫瑰花,hoa hồng,颜色,6,2.33,0,987712925689,DUNG,,
大红,màu đỏ tươi,颜色,6,4.5,0,944179707822,DUNG,,
水鸭绿,màu xanh mòng két,颜色,6,4.67,0,944179707822,DUNG,,
国潮新风,Xu hướng quốc gia mới,风格,6,4.25,0,960023572148,SAI,Phong cách Trung Hoa hiện đại mới,
方盒,Hộp vuông,型号,6,4.0,0,937337078409,DUNG,,
A字型款,Kiểu dáng chữ A,款式,6,3.67,0,901670495442,DUNG,,
白色小号,Màu trắng cỡ nhỏ,颜色,6,3.25,0,946525624320,DUNG,,
其它:100%,其它:100%,材质成分,6,1.0,0,903958515154,SAI,Khác: 100%,
单件被套200*230cm【不起球-不褪色】,Vỏ chăn đơn 200*230cm [Không xù lông - Không phai màu],尺寸规格,6,3.2,0,1026697039702,DUNG,,
方格,Caro vuông,图案,6,4.5,0,850207047765,DUNG,,
水钻,Đá pha lê,流行元素,6,3.5,0,1035342250470,DUNG,,
706空盒22.8*15.6*11cm,706 hộp rỗng 22.8*15.6*11cm,颜色,6,3.5,0,866602399026,DUNG,,
苹果16ProMax,Apple 16ProMax,适用型号,6,2.5,0,925352173571,SAI,iPhone 16 Pro Max,
深灰抹茶,Mát trà xám đậm,花型,6,3.0,0,1081849362353,SAI,Xám đậm matcha,
去水渍,Loại bỏ vết nước,去污能力,6,4.33,0,990394297835,DUNG,,
100L-150L（含）,100L-150L (đã bao gồm),容量,6,8.0,0,569818186402,DUNG,,
护肤品,sản phẩm chăm sóc da,产品类型,6,5.33,0,739923104776,DUNG,,
通用款,Mẫu dùng chung,最快出货时间,6,4.0,0,953216437756,DUNG,,
50L-60L（含）,50L-60L (bao gồm),容量,6,6.0,0,1045610437019,DUNG,,
新中式,Phong cách Trung Quốc mới,风格,6,7.0,0,970457249509,DUNG,,
1.8m床笠款【被套200*230cm】4件套【不起球-不褪色】,Bộ 4 món ga chun 1.8m [vỏ chăn 200*230cm] [không xù lông - không phai màu],尺寸规格,6,3.08,0,1026697039702,DUNG,,
新中式,Kiểu Trung mới,风格,6,4.0,0,848593512301,DUNG,,
前档风玻璃,Kính chắn gió phía trước,安装位置,6,4.0,0,919530884110,DUNG,,
330ml/ppsu奶瓶（LL号奶嘴）胡桃夹子224,Bình sữa cho bé 330ml/PPSU (núm ti LL) – Nutcracker 224,容量,6,3.0,0,1075924731626,DUNG,,
330ml/ppsu奶瓶（LL号奶嘴）马戏团225,Bình sữa 330ml/PPSU (núm ti cỡ LL) Rạp xiếc 225,容量,6,2.62,0,1075924731626,DUNG,,
330ml/ppsu奶瓶（L号奶嘴）淑女豹222,"Bình sữa PPSU 330ml (núm ti cỡ L), mẫu Gentle Leopard 222",容量,6,3.75,0,1075924731626,DUNG,,
330ml/ppsu奶瓶（L号奶嘴）绅士豹223,"Bình sữa PPSU 330ml (núm vú cỡ L), Gentleman Leopard 223",容量,6,3.75,0,1075924731626,DUNG,,
2018年,Năm 2018,产品上市时间,6,3.0,0,660982120860,DUNG,,
15.6英寸,15.6 inch,容纳电脑尺寸,6,2.0,0,657618353837,DUNG,,
套筒,tay áo,闭合方式,6,2.5,0,959908359589,SAI,Kiểu xỏ chân,
绒布,Vải nhung,材质,6,4.0,0,1022105100162,DUNG,,
Z637米色,Z637 màu be,颜色,6,2.5,0,901167845857,DUNG,,
1.8m床笠款四件套,Bộ chăn ga gối 4 món kiểu ga chun 1.8m,尺寸规格,6,4.0,0,1013547612107,DUNG,,
文字,Văn bản,图案,6,3.0,0,728316991915,DUNG,,
10000毫安,10000 mA,电源容量,6,1.0,0,831265606807,SAI,10000mAh,
2.0m床单款【被套200*230cm】4件套【不起球-不褪色】,Bộ 4 món ga trải giường 2.0m [Vỏ chăn 200*230cm] [Không xù lông - Không phai màu],尺寸规格,6,3.54,0,1026697039702,DUNG,,
酒店风,phong cách khách sạn,风格,6,5.67,0,992159453391,DUNG,,
带盖,Có nắp đậy,开合方式,6,4.0,0,1080429531496,DUNG,,
散装称重销售,散装称重销售,净含量,6,1.0,0,610143680523,SAI,Bán cân hàng rời,
环保数码印花,In kỹ thuật số thân thiện với môi trường,图案,6,5.33,0,884806934580,DUNG,,
酒红拼蓝,Màu đỏ tía và màu xanh,颜色,6,4.25,0,989390574785,DUNG,,
已剪标,Nhãn đã được gỡ bỏ,领标,6,4.67,0,988279323615,DUNG,,
敞口,Mở,开盖方式,6,1.0,0,852627121426,DUNG,,
花香,Hương hoa,香味,6,4.0,0,997479154412,DUNG,,
教育功能,chức năng giáo dục,功能,6,3.75,0,855004392224,DUNG,,
经典系列,Dòng cổ điển,运动系列,6,2.5,0,798202953304,DUNG,,
子母箱【墨竹绿】简易内置,Hộp mẹ và con [màu xanh lá cây tre] tích hợp đơn giản,颜色,6,3.9,0,828058836639,SAI,Bộ vali mẹ con [xanh trúc mực] lót trong đơn giản,
子母箱【白+玫】简易内置,Hộp mẹ và con [hoa hồng trắng] tích hợp đơn giản,颜色,6,4.0,0,828058836639,SAI,Bộ vali mẹ con [trắng + hồng] lót trong đơn giản,
100-200粒(片),100-200 viên (miếng),积木粒(片）数,6,4.5,0,1036269933259,DUNG,,
收纳整理箱,Hộp lưu trữ,产品类别,6,1.8,0,915834715335,DUNG,,
2K【1600P】前录高清+免走线,2K [1600P] HD được ghi sẵn + không cần nối dây,颜色分类,6,3.71,0,950133437652,DUNG,,
千鸟格,con chó săn,图案,6,3.0,0,975265366842,SAI,Họa tiết răng cưa (houndstooth),
2K【1600P】前录高清+免走线,2K [1600P] ghi trước HD miễn phí định tuyến,颜色分类,6,3.71,0,579200136777,SAI,"2K [1600P] camera trước HD, không cần đi dây",
100-200元,100-200 nhân dân tệ,价格段,6,9.0,0,1025335159241,DUNG,,
米白+清绿,Trắng ngà + Xanh nhạt,花型,6,4.0,0,1049812656357,DUNG,,
707空盒25.8*18.2*12cm,707 hộp rỗng 25.8*18.2*12cm,颜色,6,3.5,0,866602399026,DUNG,,
43男,43 nam,尺码,6,3.0,0,716459706224,DUNG,,
冲泡茶,Pha trà,茶种类,6,2.0,0,1059994786489,SAI,Trà pha,
滑行,Trượt,前进方式,6,2.5,0,1068176136335,DUNG,,
卡扣式,Gắn vào,安装方式,6,2.0,0,820148274682,SAI,Kiểu khóa cài,
莓茶,trà quả mọng,茶种类,6,5.0,0,552665660154,SAI,Chè dây,
玻尿酸冻干粉面膜单片,Mặt nạ bột đông khô axit hyaluronic đơn,产品规格,6,3.2,0,676968916877,DUNG,,
彩绘3,Tranh vẽ màu 3,货号,6,5.0,0,1075924731626,DUNG,,
50%（含）-70%（不含）,50% (đã bao gồm)-70% (độc quyền),主面料成分含量,6,5.33,0,933632281827,SAI,50% (bao gồm)-70% (không bao gồm),
深海蓝,Xanh biển đậm,颜色,6,3.67,0,619000007586,DUNG,,
摩卡色,Màu mocha,颜色,6,2.67,0,772914083436,DUNG,,
2017年春,Mùa xuân năm 2017,产品上市时间,6,5.0,0,1063260781502,DUNG,,
摇滚,đá,风格,6,1.0,0,972059518708,SAI,Rock,
2017年春,Mùa xuân 2017,产品上市时间,6,3.5,0,824137658683,DUNG,,
Y字孔,Lỗ chữ Y,口径形状,6,2.5,0,1049398784236,DUNG,,
巴斯光年,Buzz Lightyear,形象,6,3.25,0,1074335888125,DUNG,,
东莞市鑫盛迪利电子有限公司,Công ty TNHH Điện tử Đông Quan Xinsheng Dili,生产厂商,6,2.77,0,793979721304,DUNG,,
漆光,Sơn bóng,质地,6,3.5,0,762140799915,DUNG,,
1.8m床笠款四件套【被套200*230cm】,Bộ khăn trải giường 1.8 m bốn mảnh [vỏ chăn 200*230cm],尺寸规格,6,3.62,0,845837748939,DUNG,,
中式婚庆风,phong cách đám cưới Trung Quốc,风格,6,5.0,0,971192362287,DUNG,,
小道,Con đường nhỏ,适合场地,6,5.5,0,1080777918605,DUNG,,
室外,Ngoài trời,适用场景,6,4.5,0,1029601544493,DUNG,,
仙女,Tiên nữ,风格,6,3.0,0,805936549220,DUNG,,
提神,Giải khát,功能,6,4.0,0,740857412485,SAI,Tỉnh táo,
茉莉花,Hoa nhài,颜色,6,2.33,0,736542447064,DUNG,,
2017年冬,Mùa đông năm 2017,产品上市时间,6,5.0,0,862985219318,DUNG,,
复古铝框款【白/玫】,Khung nhôm cổ điển [trắng/hồng],颜色,6,3.43,0,828058836639,DUNG,,
纯黑色,Đen tuyền,花型,6,2.67,0,1049345430196,DUNG,,
2K双录【2K+1K】高清+免走线,Ghi kép 2K [2K 1K] HD không cần định tuyến,颜色分类,6,3.57,0,579200136777,SAI,"Ghi kép 2K [2K+1K] HD, không cần đi dây",
短筒,Ống ngắn,筒高,6,3.5,0,1071512377577,SAI,Cổ ngắn,
一字领,Cổ áo một từ,领型,6,3.0,0,967043619555,SAI,Cổ ngang (trễ vai),
莫代尔纤维,Sợi Modal,主面料成分,6,1.6,0,1070404989040,DUNG,,
布艺,Vải nghệ thuật,工艺,6,6.0,0,909471353432,SAI,Đồ vải,
苹果6,Táo 6,适用型号,6,1.5,0,878282220766,SAI,iPhone 6,
莱卡,Lycra,面料名称,6,2.5,0,671633246965,DUNG,,
160ml猫狗狂欢216,160ml Lễ hội Mèo và Chó 216,容量,6,3.25,0,1075924731626,DUNG,,
米黄,Vàng be,颜色,6,3.0,0,870904299750,DUNG,,
纯色【黑色】,Màu trơn [màu đen],颜色,6,3.25,0,761321951018,DUNG,,
纯色【白色】,Màu trơn [màu trắng],颜色,6,3.75,0,761321951018,DUNG,,
60%——80%新料,60%——80% nguyên liệu mới,塑料新料占比,6,6.5,0,1039478972190,DUNG,,
色织提花,Dệt jacquard sợi nhuộm,印染工艺,6,4.75,0,1074664050906,DUNG,,
纯色【灰色】,Màu trơn [màu xám],颜色,6,3.25,0,761321951018,DUNG,,
针织,đan móc,特殊工艺,6,3.0,0,899255765748,SAI,Dệt kim,
160ml田园野趣217,160ml Vui Vẻ Mộc Mạc 217,容量,6,2.75,0,1075924731626,DUNG,,
官方图片,hình ảnh chính thức,图片实拍,6,4.0,0,863360215622,DUNG,,
按扣,Nút bấm,闭合方式,6,3.0,0,1068543321683,DUNG,,
带滑轮,Với ròng rọc,功能,6,3.33,0,735283254705,SAI,Có bánh xe,
针织面料,Vải dệt kim,面料名称,6,2.25,0,832596583777,DUNG,,
14.5长方盒（1.8）14.5*10*1.8CM,Hộp hình chữ ngày 14.5 (1.8)14.5*10*1.8cm,颜色,6,4.67,0,740336276009,SAI,Hộp chữ nhật 14.5 (1.8) 14.5*10*1.8cm,
6.5长方盒6.4*4.5*2CM,Hộp hình chữ ngày 6.5 6.4*4.5*2cm,颜色,6,4.67,0,740336276009,SAI,Hộp chữ nhật 6.5 6.4*4.5*2cm,
1.5cm(含)-3.5cm(不含),1.5cm (bao gồm) - 3.5cm (không bao gồm),鞋底厚度,6,5.67,0,1074477064554,DUNG,,
水杯/训练杯,Cốc nước/cốc đào tạo,用品品类,6,3.2,0,708747640063,SAI,Cốc nước/cốc tập uống,
白黑色,Màu đen trắng,颜色,6,3.67,0,680683704424,DUNG,,
纯白,màu trắng tinh khiết,颜色,6,8.5,0,915100252291,DUNG,,
140码,140 thước,适合身高,6,5.0,0,953050388240,SAI,Cỡ 140,
708空盒28.8*20.5*12.7cm,708 hộp rỗng 28.8*20.5*12.7cm,颜色,6,3.5,0,866602399026,DUNG,,
水杯/训练杯,Cốc nước/cốc tập uống,用品品类,6,3.4,0,989697455166,DUNG,,
白黑绿,Trắng đen xanh lá,颜色,6,4.67,0,1060204888541,DUNG,,
原创,nguyên bản,风格,6,4.5,0,894716001556,DUNG,,
水杨酸,axit salicylic,成分,6,4.33,0,968777191381,DUNG,,
单件被套180*220cm【不起球-不褪色】,Vỏ chăn đơn 180*220cm [Không xù lông - Không phai màu],尺寸规格,6,3.2,0,1026697039702,DUNG,,
黑蓝,Đen xanh lam,颜色,6,5.0,0,550445025991,DUNG,,
乔迁,chuyển nhà,适用送礼场合,6,4.5,0,995936128974,DUNG,,
子母箱【天空蓝】简易内置,Hộp mẹ và con [Sky Blue] Tích hợp đơn giản,颜色,6,3.1,0,828058836639,SAI,Bộ vali mẹ con [xanh da trời] lót trong đơn giản,
健身器材,Thiết bị tập thể dục,适用场景,6,4.0,0,986121666631,DUNG,,
座式,Kiểu Ngồi,使用方式,6,4.0,0,705792152325,SAI,Kiểu đặt đứng,
黑色无挂件,Màu đen không có phụ kiện,颜色,6,4.0,0,994873865979,DUNG,,
42男,42 nam,尺码,6,3.0,0,1036344386050,DUNG,,
萌系,Dòng dễ thương,风格,6,6.0,0,896964133809,DUNG,,
布面,vải,鞋面材质,6,1.5,0,980867154515,DUNG,,
乔迁,tân gia,适用送礼场合,6,3.0,0,930650401876,DUNG,,
甜美学院风,Phong cách học đường ngọt ngào,风格,6,5.0,0,1047045024020,DUNG,,
10.5长方盒10.5*7.5*2.5CM,10.5 Hộp hình chữ ngày 10.5*7.5*2.5cm,颜色,6,4.67,0,740336276009,SAI,Hộp chữ nhật 10.5 10.5*7.5*2.5cm,
纯棉-四件套-J,Bộ 4 món - 100% cotton - J,货号,6,2.2,0,1012382225495,DUNG,,
黑色单包,Túi đơn màu đen,颜色,6,3.0,0,988922273930,DUNG,,
180x220cm【单件被套】,180x220cm [Vỏ chăn đơn],尺寸规格,6,2.25,0,1059020890248,DUNG,,
国际A类标准 | 0甲醛0荧光剂 | 工厂直销款,Tiêu chuẩn quốc tế hạng A | 0 formaldehyde 0 chất huỳnh quang | Nhà máy bán hàng trực tiếp,货号,6,4.4,0,968869627169,DUNG,,
10.5方盒10.5*10.5*3CM,10.5 hộp vuông 10.5*10.5*3cm,规格型号,6,4.0,0,815245422984,DUNG,,
铝框,Khung nhôm,开合方式,6,4.5,0,683306748725,DUNG,,
灰绿色,Màu xanh lục xám,颜色,6,4.33,0,876305172438,DUNG,,
抽象,trừu tượng,图案,6,4.5,0,950728674756,DUNG,,
卤味,thức ăn om,口味,6,4.0,0,981094463626,SAI,Vị kho,
单件被套150*200cm【不起球-不褪色】,Vỏ chăn đơn 150*200cm [Không xù lông - Không phai màu],尺寸规格,6,3.2,0,1026697039702,DUNG,,
709空盒31.8*23.2*13.8cm,709 trống 31.8*23.2*13.8cm,颜色,6,2.5,0,866602399026,SAI,709 hộp rỗng 31.8*23.2*13.8cm,
锂电池,Pin lithium,供电方式,6,3.33,0,671004634843,DUNG,,
多层分隔,Phân chia nhiều tầng,功能,6,4.25,0,1018635857556,DUNG,,
卡通箱,Hộp hoạt hình,包装方式,6,3.67,0,862139708038,SAI,Thùng carton,
1.2m床【床单款三件套】-适合150x200cm被芯,Giường 1.2m [bộ ga trải giường 3 món] - phù hợp với lõi chăn 150x200cm,尺寸规格,6,3.55,0,971862902118,DUNG,,
壁挂,Treo tường,置物架分类,6,4.5,0,925799671740,DUNG,,
镭射,Tia laser,流行元素,6,4.0,0,798191163442,DUNG,,
黑红,Đen đỏ,颜色,6,2.5,0,607390551469,DUNG,,
长袖打底衫,áo sơ mi dài tay,类别,6,2.4,0,997461812454,SAI,Áo thun dài tay mặc lót,
V领款,Kiểu cổ chữ V,款式,6,4.5,0,967043619555,DUNG,,
相机插袋,túi đựng máy ảnh,包内部结构,6,3.25,0,987319640409,DUNG,,
商务灰铝框卡扣款,"Khung nhôm xám kinh doanh, kiểu khóa cài",颜色,6,4.0,0,869086077306,DUNG,,
甜美学院,Học viện ngọt ngào,风格,6,3.75,0,948359797366,SAI,Học đường ngọt ngào,
黑灰色,Màu xám đen,颜色,6,3.0,0,942704197589,DUNG,,
140码,Cỡ 140,适合身高,6,2.0,0,827235612156,DUNG,,
闪光,đèn flash,功能,6,4.0,0,814351681906,DUNG,,
闪电麦坤,Tia chớp Maikun,形象,6,3.25,0,918195419787,DUNG,,
黄瓜面膜单片,Mặt nạ dưa chuột một miếng,产品规格,6,3.5,0,871125918064,DUNG,,
保暖发热,Giữ ấm và làm nóng,功能,6,3.5,0,850207047765,DUNG,,
黄棕色,Nâu vàng,颜色,6,2.33,0,980548067224,DUNG,,
3.5cm及以上,3.5cm trở lên,鞋底厚度,6,2.0,0,989386427341,DUNG,,
公关策划,Quy hoạch quan hệ công chúng,适用送礼场合,6,5.75,0,995936128974,DUNG,,
桃红,màu hồng,颜色,6,3.5,0,944179707822,DUNG,,
画面畸形修正,Hiệu chỉnh biến dạng màn hình,功能,6,4.0,0,848304199808,DUNG,,
1.5m床单款【被套150*200cm】4件套【不起球-不褪色】,Bộ 4 món ga trải giường 1.5m [Vỏ chăn 150*200cm] [Không xù lông - Không phai màu],尺寸规格,6,3.54,0,1026697039702,DUNG,,
52码,52 yard,适合身高,6,4.0,0,817451417583,SAI,Cỡ 52,
"南美, 东南亚, 东北亚, 中东, 非洲, 其他","Nam Mỹ, Đông Nam Á, Đông Bắc Á, Trung Đông, Châu Phi, Các khu vực khác",主要销售地区,6,3.57,0,1017017181100,DUNG,,
粘土,Đất sét,产品类别,6,3.0,0,794195038194,DUNG,,
桃粉色,Màu hồng đào,颜色,6,3.33,0,745159163581,DUNG,,
麻灰,Xám tro,颜色,6,3.0,0,923004148984,DUNG,,
麻,vải lanh,鞋垫材质,6,7.0,0,1038464820944,DUNG,,
子母箱【星耀黑】简易内置,Hộp mẹ và con [Xingyao Black] Tích hợp đơn giản,颜色,6,3.6,0,828058836639,SAI,Bộ vali mẹ con [đen ánh sao] lót trong đơn giản,
防油去污,Chống dầu khử nhiễm,功能,6,4.0,0,704320712266,SAI,"Chống dầu, tẩy bẩn",
22.5长方盒22.5*13.2*2CM,Hộp chữ nhật 22.5 22.5 * 13.2 * 2CM,颜色,6,3.33,0,841603711877,DUNG,,
凤凰单枞,Phượng Hoàng Đan Công,产品类别,6,4.5,0,40233041945,SAI,Phượng Hoàng Đơn Tùng,
鸭嘴,Mỏ vịt,尺寸大小,6,2.5,0,709423555160,DUNG,,
W-14850空盒14.8*6.8*5CM,W-14850 hộp rỗng 14.8*6.8*5CM,颜色,6,3.5,0,869290960453,DUNG,,
持久,bền lâu,功效,6,3.0,0,991666105860,DUNG,,
W-17250空盒17.2*7.8*5CM,W-17250 hộp rỗng 17.2*7.8*5CM,颜色,6,3.5,0,869290960453,DUNG,,
5.5*5.5*2厘米【10个】,5.5*5.5* 2cm [10 cái],颜色,6,1.67,0,1046936769582,DUNG,,
碎花,In hoa,工艺,6,2.5,0,819048943601,SAI,Hoa nhí,
毛呢,len,材质,6,1.5,0,977388359154,SAI,Vải dạ,
1.2m床单款三件套【被套150*200】,Bộ ba mảnh ga trải giường 1.2 m [vỏ chăn 150*200],尺寸规格,6,3.25,0,788583420744,DUNG,,
T恤,áo thun,上衣款式,6,5.0,0,940597669673,DUNG,,
鳄鱼纹,mô hình cá sấu,流行元素,6,3.67,0,897110368510,DUNG,,
多型号,Nhiều mẫu mã,型号,6,3.33,0,1018182301905,DUNG,,
子母箱【星空银】简易内置,Hộp mẹ và con [Starry Sky Silver] Tích hợp đơn giản,颜色,6,3.9,0,828058836639,SAI,Bộ vali mẹ con [bạc trời sao] lót trong đơn giản,
蒂芙尼蓝,Xanh Tiffany,颜色,6,2.75,0,896876818015,DUNG,,
鲸鱼,Cá voi,颜色,6,2.5,0,641135416292,DUNG,,
带抽屉,Có ngăn kéo,附加功能,6,3.0,0,1056683359098,DUNG,,
公主系列,loạt công chúa,系列,6,3.0,0,962792019637,DUNG,,
鲜花饼,bánh hoa,产品类别,6,2.33,0,966393846344,DUNG,,
魔术贴,Velcro,穿着方式,6,2.0,0,977109898374,DUNG,,
白绿,trắng xanh,颜色,6,4.5,0,807914811230,DUNG,,
苹果15ProMax,Apple 15ProMax,适用型号,6,2.5,0,1002039796359,SAI,iPhone 15 Pro Max,
高领/堆堆领,Cổ cao/cổ cọc,领型,6,2.0,0,960616007875,DUNG,,
公主系列,Dòng sản phẩm Princess,系列,6,4.75,0,976795083158,DUNG,,
52/180/XL适合140-160斤,52/180/XL vừa vặn 70-80kg,尺码,6,2.67,0,959027588289,DUNG,,
5片/盒,5 miếng/hộp,净含量,6,4.0,0,875585500945,DUNG,,
保鲜盒,Hộp bảo quản,产品类别,6,3.33,0,865513975911,DUNG,,
41男,41 nam,尺码,6,3.0,0,716459706224,DUNG,,
1.8高12.5挂钩盒12.8*9.1*1.8CM,1.8 cao 12.5 hộp móc 12.8*9.1*1.8CM,颜色,6,2.25,0,841603711877,DUNG,,
商务精英,tinh hoa doanh nghiệp,风格,6,4.5,0,1002343389849,DUNG,,
五角星,Ngôi sao năm cánh,图案,6,4.67,0,1029408144205,DUNG,,
2.0m床单款四件套【被套220*240】,Bộ bốn mảnh ga trải giường 2.0m [vỏ chăn 220*240],尺寸规格,6,3.38,0,900727450594,DUNG,,
大学,Trường đại học,适用学龄,6,6.0,0,897349144138,DUNG,,
小种红茶,Trà đen Souchong,加工工艺,6,3.5,0,694317406322,DUNG,,
柔软舒适,"Mềm mại, thoải mái",面料,6,3.5,0,1066392483763,DUNG,,
HK3裸机,Kim loại trần HK3,货号,6,5.5,0,996460328778,SAI,Máy trần HK3,
阴凉干燥处,Nơi khô ráo và thoáng mát,储藏方法,6,4.0,0,981636431968,DUNG,,
降落伞,Dù,颜色,6,0.67,0,630613509636,DUNG,,
高弹EVA,EVA đàn hồi cao,鞋底材质,6,4.5,0,1065585307558,DUNG,,
拼贴/拼接,Cắt dán/Nối,工艺,6,2.25,0,967043619555,DUNG,,
保温,Cách nhiệt,功能,6,4.5,0,841802253972,DUNG,,
小皮鞋,giày da nhỏ,款式,6,3.0,0,979819424782,DUNG,,
180*220cm【单件被套】,180*220cm[Vỏ chăn đơn],尺寸规格,6,2.25,0,1073301238037,DUNG,,
回力,Hồi lực,前进方式,6,3.0,0,1009463258761,SAI,Kéo lùi chạy đà,
苹果18pro,táo 18pro,适用型号,6,1.5,0,962928559064,SAI,iPhone 18 Pro,
字母/数字/文字,Chữ cái/số/văn bản,图案,6,2.33,0,893854415161,DUNG,,
隔热,Cách nhiệt,功能,6,4.5,0,1026433939444,DUNG,,
8.5长方盒8.5*6.1*2.5CM,8.5 Hộp hình chữ ngày 8.5*6.1*2.5cm,颜色,6,4.67,0,740336276009,SAI,Hộp chữ nhật 8.5 8.5*6.1*2.5cm,
烘烤,nướng,制作工艺,6,2.5,0,987636824977,DUNG,,
枣红色,Màu đỏ táo,颜色,6,2.67,0,914779890431,DUNG,,
骑行运动,Thể thao đạp xe,适用场景,6,3.0,0,1084116812720,DUNG,,
五环黑,năm chiếc nhẫn màu đen,颜色,6,6.0,0,976630113169,KHONG_CHAC,,"五环黑: tên màu, chưa rõ nghĩa"
自然,Tự nhiên,功效,6,3.5,0,644878901349,DUNG,,
复合,phức tạp,工艺,6,3.5,0,981280251399,SAI,Ghép lớp,
子母箱【谷物白】简易内置,Hộp mẹ và con [Ngũ cốc trắng] Tích hợp đơn giản,颜色,6,3.5,0,828058836639,SAI,Bộ vali mẹ con [trắng ngũ cốc] lót trong đơn giản,
3XL【建议150-165斤】,3XL [đề nghị 150-165 kg],尺码,6,2.67,0,928094672011,SAI,3XL [gợi ý 75-82.5kg],
8228透明,8228 trong suốt,型号,6,4.5,0,929562404887,DUNG,,
腰带,Thắt lưng,流行元素,6,4.0,0,777521763570,DUNG,,
AI视听感知（摄像头/语音）,Nhận thức nghe nhìn AI (camera/giọng nói),智能感知与远程升级,6,3.33,0,689299742297,DUNG,,
塑料+铝合金,Hợp kim nhựa + nhôm,材质,6,2.8,0,993270129447,SAI,Nhựa + hợp kim nhôm,
横款方形,Hình vuông ngang,箱包形状,6,3.5,0,989091584054,DUNG,,
80%—99%新料,80%-99% vật liệu mới,塑料新料占比,6,5.0,0,943634992705,DUNG,,
八月,Tháng 8,热卖月份,6,2.5,0,825852165515,DUNG,,
拉链搭扣,khóa kéo,开盖方式,6,1.75,0,854940827282,SAI,"Khóa kéo, khóa cài",
八宝茶,Trà Bát Bảo,八宝茶,6,3.0,0,1017847355347,DUNG,,
拼豆收纳盒,Hộp đựng hạt ghép hình,型号,6,3.6,0,1057530569077,DUNG,,
索罗娜,Solona,面料名称,6,2.0,0,894173311702,DUNG,,
松糕鞋,Giày đế xốp,产品类别,6,3.0,0,871865532510,DUNG,,
苹果15Pro,Apple 15Pro,适用型号,6,2.5,0,1002039796359,SAI,iPhone 15 Pro,
帆布鞋,giày vải,产品类别,6,2.33,0,947103854873,DUNG,,
森系,Phong cách rừng,风格,6,6.5,0,1009774625717,DUNG,,
饼茶,bánh trà,形状,6,3.5,0,641519633563,DUNG,,
外贸,Hàng xuất khẩu,贸易属性,6,6.0,0,1032990558732,DUNG,,
棕色大号,"Nâu, Lớn",颜色,6,1.5,0,1000631196707,DUNG,,
96%以上,Hơn 96%,主面料成分的含量,6,1.5,0,984541773078,DUNG,,
棉纱,Sợi bông,材质,6,3.5,0,704320712266,DUNG,,
卡通萌趣,Hoạt hình dễ thương,风格,6,4.0,0,799794428688,DUNG,,
正装,Trang phục lịch sự,适用场景,5,7.5,0,876005979035,DUNG,,
正常,Bình thường,防水程度,5,5.0,0,652303476382,DUNG,,
欧美品牌,Thương hiệu châu Âu và Mỹ,品牌类型,5,5.0,0,902717066569,DUNG,,
橱柜,Tủ bếp,收纳场景,5,2.5,0,1082671173207,DUNG,,
橡胶+MD+TPU,Cao su + MD + TPU,鞋底材质,5,2.5,0,1037383304213,DUNG,,
橡皮泥,Đất nặn,彩泥类别,5,2.0,0,1026681010355,DUNG,,
樱桃,Anh đào,花型,5,3.0,0,1077719122033,DUNG,,
横款方形,Kiểu ngang hình vuông,箱包形状,5,4.5,0,942013548455,DUNG,,
榉木,gỗ sồi,手柄材质,5,2.5,0,801045887490,SAI,Gỗ dẻ gai (beech),
椰子鞋,Giày dừa,产品类别,5,2.33,0,894150225292,SAI,Giày kiểu Yeezy,
3XL推荐（165-180斤）,Khuyến nghị 3XL (165-180 kg),尺码,5,4.0,0,919082656696,SAI,3XL gợi ý (82.5-90kg),
棕色带挂件,Màu nâu kèm đồ treo,颜色,5,3.0,0,874373509931,DUNG,,
一粒扣,Một cúc,闭合款式,5,2.0,0,630613509636,DUNG,,
棉涤,Bông polyester,面料名称,5,6.5,0,922719491778,SAI,Cotton pha polyester,
全包防摔,Bao gồm tất cả chống rơi,款式,5,4.75,0,988847810538,SAI,"Bọc toàn bộ, chống rơi",
会议礼品,Quà tặng hội nghị,送礼用途,5,3.5,0,976238656349,DUNG,,
棉100%,100% cotton,主面料成分的含量,5,6.0,0,892057578375,DUNG,,
梨型,Hình quả lê,适用体型,5,4.5,0,786618463095,DUNG,,
桔色,cam,颜色,5,1.5,0,986487655275,DUNG,,
商务风,Phong cách doanh nhân,风格,5,6.0,0,1050988461299,DUNG,,
小米15 Pro,Xiaomi 15 Pro,适用型号,5,3.0,0,989693944745,DUNG,,
传明酸,axit tranexamic,核心成分,5,4.67,0,996452508409,DUNG,,
L可拆16空盒22.8*20*5.3CM,L có thể tháo rời 16 hộp rỗng 22.8 * 20 * 5.3CM,颜色,5,4.75,0,747848070461,KHONG_CHAC,,L可拆16空盒: chưa rõ '可拆16' là 16 ngăn tháo rời hay mã
桔红,Đỏ cam,颜色,5,2.5,0,732990553226,DUNG,,
奶黄色,Màu vàng sữa,颜色,5,3.33,0,870904299750,DUNG,,
小米 14 Pro,Xiaomi 14 Pro,适用型号,5,3.0,0,989693944745,DUNG,,
26寸【送箱套送贴纸】,26inch [Miễn phí bìa hộp và nhãn dán miễn phí],尺寸,5,4.71,0,948726442036,SAI,26inch [tặng áo trùm vali và sticker],
飞行员,phi công,颜色,5,2.33,0,630613509636,DUNG,,
拼接款,Phong cách ghép,款式,5,4.33,0,718901791520,DUNG,,
冰蓝色-英伦风款,Màu xanh băng phong cách Anh,颜色,5,3.29,0,948726442036,DUNG,,
奢华银-英伦风款,Bạc sang trọng phong cách Anh,颜色,5,3.43,0,948726442036,DUNG,,
五年,Năm năm,保质期,5,3.0,0,740857412485,DUNG,,
奢华银-豪华款,Mẫu bạc sang trọng-sang trọng,颜色,5,4.0,0,948726442036,DUNG,,
静音双排轮,Bánh xe đôi im lặng,滚轮样式,5,3.0,0,994305819396,DUNG,,
静音,tắt tiếng,功能,5,4.0,0,911888881146,SAI,Chạy êm,
八宝茶,Trà tám báu,茶种类,5,3.0,0,991380257125,DUNG,,
青春流行,Xu hướng trẻ trung,风格,5,3.75,0,979044644326,DUNG,,
校外培训,Đào tạo ngoài khuôn viên trường,适用场景,5,6.5,1,913908397298,DUNG,,
L号（6个月以上）,Cỡ L (dành cho bé từ 6 tháng tuổi trở lên),尺寸大小,5,5.6,0,1049398784236,DUNG,,
冰蓝色-豪华款,Mẫu màu xanh băng sang trọng,颜色,5,3.83,0,948726442036,DUNG,,
雾蓝,sương mù xanh,颜色,5,5.5,0,950986096505,DUNG,,
雾灰粉带,Thắt lưng bột màu xám sương mù,颜色,5,6.0,0,989390574785,SAI,Xám sương dây hồng,
八角,Bát giác,形状,5,3.5,0,1064814217312,DUNG,,
5年(含)-10年(不含),5 năm (bao gồm) - 10 năm (không bao gồm),年份,5,4.6,0,1027717246385,DUNG,,
雪纺,voan,主面料成分,5,2.0,0,986314258839,DUNG,,
雨前,Trước mưa,采摘时间,5,4.0,0,741018820841,SAI,Trước Cốc Vũ,
雨前,Trước khi trời mưa,采摘时间,5,7.5,0,816184062028,SAI,Trước Cốc Vũ,
雨前,Trước Mùa Mưa,采摘时间,5,5.5,0,1042787458062,SAI,Trước Cốc Vũ,
隐形增高,Tăng chiều cao ẩn,功能,5,3.5,0,1077720912903,DUNG,,
勺铲套件,Bộ muỗng và xẻng,产品类别,5,3.25,0,1054550634653,DUNG,,
随货更新,Cập nhật với hàng,生产日期,5,3.5,0,936880565145,DUNG,,
陶瓷,Gốm sứ,材质,5,2.5,0,886863455283,DUNG,,
3个月以上,3 tháng trở lên,适用年龄,5,2.75,0,909823525769,DUNG,,
大摆型,Hình con lắc lớn,裙型,5,4.33,0,683708122060,SAI,Dáng xòe rộng,
限速标志提醒,Nhắc nhở biển báo giới hạn tốc độ,功能,5,4.33,0,969811060123,DUNG,,
多场景模拟,Mô phỏng đa cảnh,特色功能,5,2.6,0,1007532164718,SAI,Mô phỏng nhiều tình huống,
子母箱【星空银】简易内置,Hộp mẹ và con [Bạc bầu trời đầy sao] Tích hợp đơn giản,颜色,5,4.0,0,709225617482,SAI,Bộ vali mẹ con [bạc trời sao] lót trong đơn giản,
5片/盒,5 cái/hộp,产品规格,5,3.0,0,991714004893,DUNG,,
大码,Cộng với kích thước,适合人群,5,8.0,0,940259752955,SAI,Cỡ lớn,
公主袖,tay áo công chúa,袖型,5,4.33,0,976217442600,DUNG,,
公主裙,Váy công chúa,裙型,5,3.67,0,832956749967,DUNG,,
四月,Tháng tư,热卖月份,5,3.5,0,562847750346,DUNG,,
防尘盒,Hộp chống bụi,产品类别,5,3.67,0,1039498511515,DUNG,,
防冲击,Chống va đập,功能,5,3.33,0,1043967852891,DUNG,,
Cinderella仙蒂公主/灰姑娘,Công chúa Lọ Lem,形象,5,0.43,1,1048222512940,DUNG,,
闪光,Đèn flash,功能,5,4.0,0,719020988803,SAI,Lấp lánh,
长裤款,Quần dài,款式,5,2.33,0,1021333112188,DUNG,,
长方体,hình khối,形状,5,2.67,0,986457640896,SAI,Hình hộp chữ nhật,
镶钻,kim cương,流行元素,5,4.0,0,980929003230,SAI,Đính đá,
镜面口红,Son môi mặt gương,系列,5,3.5,0,751158736374,DUNG,,
南美风,phong cách nam mỹ,风格,5,4.67,0,890310232880,DUNG,,
柑普,Cam quýt,产品类别,5,3.5,0,630123882628,SAI,Trà Phổ Nhĩ trong vỏ quýt,
大众 通用,"Volkswagen, Tập đoàn General Motors",适用人群,5,7.5,1,766680095256,SAI,"Đại chúng, dùng chung",
锦纶/尼龙,nylon,主面料成分,5,1.25,0,972098699523,DUNG,,
银黑,Bạc đen,颜色,5,3.0,0,1059978186449,DUNG,,
L推荐（120-135斤）,L khuyến nghị (120-135 kg),尺码,5,4.0,0,919082656696,SAI,L gợi ý (60-67.5kg),
铁灰,màu xám sắt,颜色,5,4.5,0,996769657619,DUNG,,
小猫,Mèo con,颜色,5,3.0,0,845671983637,DUNG,,
钛灰色,màu xám titan,颜色,5,3.67,0,974180610617,DUNG,,
枫叶红,Lá phong đỏ,颜色,5,3.0,0,886075284416,DUNG,,
【床笠款】1.5四件套【被套200*230床笠150*200枕套48*74*2】,"[Bộ ga chun]Bộ 4 món 1.5m[Vỏ chăn 200*230, ga chun 150*200, vỏ gối 48*74*2]",尺寸规格,5,2.58,0,1075767838404,DUNG,,
中小叶种绿茶,Trà xanh lá vừa và nhỏ,原料与配料,5,2.83,0,919848668626,DUNG,,
抽带搭扣,Khóa dây rút,开盖方式,5,2.5,0,994801780936,SAI,Dây rút và khóa cài,
钛灰,Màu xám titan,颜色,5,5.5,0,980678797468,DUNG,,
中帮(7cm以上),Giày cổ lửng (cao trên 7cm),鞋帮高度,5,4.25,0,1042838020472,SAI,Cổ vừa (trên 7cm),
化纤水洗棉,Vải cotton sợi tổng hợp giặt nước,材质,5,5.4,0,1039196602387,DUNG,,
【床笠款】1.8四件套-被套150x200,[Bộ ga chun]Bộ 4 món 1.8m - Vỏ chăn 150x200,尺寸规格,5,2.5,0,1028424982600,DUNG,,
圣诞节,Giáng sinh,适用节日,5,3.0,0,795903168020,DUNG,,
1.5英寸,1.5inch,屏幕尺寸,5,2.0,0,991573186682,DUNG,,
吊带,Dây đeo,领型,5,3.0,0,897255629209,SAI,Hai dây,
中年（36-60岁）,Tuổi trung niên (36-60 tuổi),适用年龄,5,5.67,0,772223960977,DUNG,,
多U口输出,Đầu ra cổng Multi-U,功能,5,3.5,0,828310718869,SAI,Nhiều cổng USB ra,
金观音,Quan Âm Vàng,产品类别,5,3.33,0,549385329260,SAI,Kim Quan Âm,
金棕色,Màu nâu vàng kim,颜色,5,4.33,0,810885495658,DUNG,,
金属包角-酒红色,Góc kim loại-màu đỏ tía,颜色,5,2.57,0,948726442036,DUNG,,
妈妈鞋,Giày cho mẹ,产品类别,5,3.0,0,1079010645597,DUNG,,
金属包角-纯洁白,Góc kim loại-màu trắng tinh khiết,颜色,5,3.86,0,948726442036,DUNG,,
金属包角-玫瑰金,Góc kim loại - vàng hồng,颜色,5,2.57,0,948726442036,DUNG,,
金属包角-深灰色,Góc kim loại-màu xám đậm,颜色,5,2.71,0,948726442036,DUNG,,
中式,Phong cách Trung Hoa,风格,5,8.5,0,1039478972190,DUNG,,
小狗,Chó con,图案,5,3.0,0,952960723548,DUNG,,
松糕鞋,Giày đế bệt,产品类别,5,3.0,0,901635387371,SAI,Giày đế dày,
杭州意法,Hàng Châu Yifa,货源类型,5,3.0,0,907847648961,DUNG,,
【床笠款】1.8四件套【被套200*230床笠180*200枕套48*74*2】,"[Bộ ga trải giường 4 món 1.8m][Vỏ chăn 200*230, ga bọc 180*200, vỏ gối 48*74*2]",尺寸规格,5,2.83,0,1075767838404,DUNG,,
宝石蓝--挂钩+钢护角,Màu xanh sapphire - móc + bảo vệ góc bằng thép,颜色,5,4.25,0,948726442036,DUNG,,
云雾茶,Trà mây,产品类别,5,2.0,0,535675112798,SAI,Trà Vân Vụ,
金属包角-尊贵黑,Góc kim loại-màu đen quý phái,颜色,5,3.29,0,948726442036,DUNG,,
金属包角-奢华银,Góc Kim Loại - Bạc Sang Trọng,颜色,5,3.14,0,948726442036,DUNG,,
金属包角-冰蓝色,Góc kim loại-màu xanh băng,颜色,5,3.0,0,948726442036,DUNG,,
吸汗,Thấm hút mồ hôi,功能,5,6.0,0,886629916668,DUNG,,
80ML【恒压导气款】0+个月,80ML[Loại dẫn khí áp suất ổn định]0+ tháng,容量,5,3.86,0,1072121908835,DUNG,,
来图定制,Tùy chỉnh theo hình ảnh,颜色,5,4.75,0,1068206061710,DUNG,,
吸汗,Thấm mồ hôi,功能,5,4.5,0,804829593971,DUNG,,
0.5小方盒【颜色随机】,Hộp vuông nhỏ 0.5 [màu ngẫu nhiên],颜色,5,3.29,0,669436079393,DUNG,,
固特异,Goodyear,鞋底工艺,5,2.67,0,746082572574,DUNG,,
0.5小方盒透明粉盖,Hộp vuông nhỏ 0.5 có nắp bột trong suốt,颜色,5,4.0,0,669436079393,SAI,Hộp vuông nhỏ 0.5 trong suốt nắp hồng,
醇厚顺滑,"Đậm đà, mượt mà",口感,5,2.75,0,1080077257306,DUNG,,
抽取式纸巾,Khăn giấy có thể tháo rời,适用纸巾,5,4.0,0,944764997547,SAI,Khăn giấy rút,
80cm 【9-18个月，建议体重8.5-10kg】,"80cm [9-18 tháng, cân nặng khuyến nghị 8.5-10kg]",适合身高,5,3.67,0,968270651860,DUNG,,
酒红蓝带,Ruy băng màu đỏ tía và màu xanh,颜色,5,6.0,0,989390574785,SAI,Đỏ rượu dây xanh,
酒红色-豪华款,Mẫu xe sang trọng màu đỏ tía,颜色,5,3.67,0,948726442036,SAI,Đỏ rượu - bản cao cấp,
冲电口+折叠杯架+侧挂钩+冰蓝色,Cổng sạc + giá đỡ cốc gấp + móc bên + màu xanh băng,颜色,5,2.69,0,948726442036,DUNG,,
冲电口+折叠杯架+侧挂钩+奢华银,Cổng sạc + giá đỡ cốc gấp + móc bên hông + màu bạc sang trọng,颜色,5,3.31,0,948726442036,DUNG,,
冲电口+折叠杯架+侧挂钩+尊贵黑,Cổng sạc + giá đỡ cốc gấp + móc bên + màu đen quý phái,颜色,5,2.85,0,948726442036,DUNG,,
冲电口+折叠杯架+侧挂钩+深灰色,Cổng sạc + giá đỡ cốc gấp + móc bên + màu xám đậm,颜色,5,2.54,0,948726442036,DUNG,,
酒红色-英伦风款,Phong cách Burgundy-Anh,颜色,5,2.86,0,948726442036,DUNG,,
冲电口+折叠杯架+侧挂钩+玫瑰金,Cổng sạc + giá đỡ cốc gấp + móc bên + vàng hồng,颜色,5,2.46,0,948726442036,DUNG,,
冲电口+折叠杯架+侧挂钩+纯洁白,Cổng sạc + giá đỡ cốc gấp + móc bên + màu trắng tinh khiết,颜色,5,3.15,0,948726442036,DUNG,,
9060长方盒透黑9.2*8.5*6CM,Hộp chữ nhật 9060 màu đen trong suốt 9.2*8.5*6CM,颜色,5,5.0,0,713366508727,DUNG,,
酒红色--挂钩+钢护角,Burgundy--móc + bảo vệ góc thép,颜色,5,2.88,0,948726442036,DUNG,,
冲电口+折叠杯架+侧挂钩+酒红色,Cổng sạc + giá đỡ cốc gấp + móc bên + màu đỏ rượu vang,颜色,5,2.85,0,948726442036,DUNG,,
80cm（16-19斤合适）,80cm(8-9.5kg phù hợp),适合身高,5,2.67,0,1068292527166,DUNG,,
酒店风,Phong cách khách sạn,风格,5,5.67,0,1050988461299,DUNG,,
都市风,phong cách đô thị,风格,5,4.67,0,732615083170,DUNG,,
22寸【送箱套送贴纸】,22inch [Miễn phí bìa hộp và nhãn dán miễn phí],尺寸,5,4.71,0,948726442036,SAI,22inch [tặng áo trùm vali và sticker],
都市,Thành phố,风格,5,4.0,0,897697461459,DUNG,,
55105方盒10.4*10.4*5.4cm,55105 hộp vuông 10.4*10.4*5.4cm,颜色,5,4.0,0,740336276009,DUNG,,
30000毫安,30000mA,电源容量,5,1.0,0,995915969872,SAI,30000mAh,
机车包,Túi xe máy,箱包潮流款式,5,2.67,0,572587470047,DUNG,,
1000克,1000g,净含量,5,1.0,0,618842652103,DUNG,,
折叠收纳箱,Thùng đựng đồ gấp gọn,产品类别,5,3.4,0,1047060814040,DUNG,,
L（120-140斤）,L(120-140 kg),尺码,5,2.0,0,695964994595,SAI,L (60-70kg),
通勤,đi lại,风格,5,2.5,0,968025576546,SAI,Công sở,
子母箱【浪漫粉】简易内置,Hộp mẹ và con [Hồng lãng mạn] Tích hợp đơn giản,颜色,5,3.5,0,709225617482,SAI,Bộ vali mẹ con [hồng lãng mạn] lót trong đơn giản,
透气棉布,Vải cotton thoáng khí,内里材质,5,4.5,0,1074094481636,DUNG,,
单被套150*200,Vỏ chăn đơn 150*200,尺寸规格,5,3.0,0,1029408144205,DUNG,,
透明长方盒,透明长方盒,外形,5,1.0,0,803967325541,SAI,Hộp chữ nhật trong suốt,
迷彩,ngụy trang,图案,5,4.5,0,994908986236,SAI,Rằn ri,
双镜头2K+1080P+WIFI+触摸屏,Ống kính kép 2K+1080P+WIFI+màn hình cảm ứng,颜色分类,5,3.83,0,1002925788364,DUNG,,
木质铲,xẻng gỗ,铲具类型,5,2.0,0,951200813037,DUNG,,
迷彩,Ngụy trang,图案,5,4.5,0,1065703703741,SAI,Rằn ri,
抗扭转,Chống xoắn,功能,5,3.0,0,1030781049483,DUNG,,
国内一二线品牌,Các thương hiệu hàng đầu trong nước,货源类型,5,4.14,0,1074239161185,DUNG,,
连体衣,bộ đồ liền thân,款式,5,4.0,0,766486739538,DUNG,,
冷冻,Đóng băng,储存条件,5,4.0,0,971098268106,DUNG,,
木纹,Vân gỗ,型号,5,2.5,0,1065052086471,DUNG,,
吊带款,Kiểu áo yếm,款式,5,3.0,0,978148857057,SAI,Kiểu hai dây,
运动背心,áo vest thể thao,类别,5,3.25,0,997691291301,DUNG,,
运动潮流,Xu hướng thể thao,适用场景,5,3.5,0,978264902820,DUNG,,
卫浴间,Phòng tắm,适用场合,5,2.67,0,1017769036889,DUNG,,
辣味,Vị cay,口味,5,2.5,0,844137817646,DUNG,,
抗冲击,Chống va đập,功能,5,3.33,0,1030781049483,DUNG,,
软妹,cô gái dịu dàng,风格,5,6.0,0,829996898514,DUNG,,
吊带裙,Váy hai dây,裙型,5,3.0,0,908736656008,DUNG,,
车载,Xe hơi,功能,5,2.5,0,1054095623161,DUNG,,
打底裤,Quần mặc trong,款式,5,4.0,0,953502161975,DUNG,,
小号白色,Cỡ nhỏ màu trắng,颜色,5,3.25,0,888156986678,DUNG,,
单被套150X200cm,Vỏ chăn đơn 150X200cm,尺寸规格,5,3.0,0,779684462722,DUNG,,
车窗,cửa sổ ô tô,适用部位,5,4.0,0,837052857869,DUNG,,
亚克力收纳盒,Hộp đựng acrylic,产品类别,5,2.33,0,985431626899,DUNG,,
车用香水,nước hoa ô tô,分类类型,5,2.5,0,1001404077029,DUNG,,
有机棉,Bông hữu cơ,面料名称,5,3.0,0,1005635908140,DUNG,,
车尾,phía sau xe,适用部位,5,4.5,0,837052857869,DUNG,,
有帽可拆,Mũ trùm đầu có thể tháo rời,是否连帽,5,5.25,0,824642523936,DUNG,,
有帽可拆,Có mũ có thể tháo rời,是否连帽,5,4.0,0,1031729663106,DUNG,,
车内装饰,Trang trí nội thất,功能,5,3.75,0,985084086165,DUNG,,
低帮板鞋,giày thể thao cổ thấp,款式,5,4.25,0,977276839264,DUNG,,
复古铝框款【中国红】,Khung nhôm cổ điển [màu đỏ Trung Quốc],颜色,5,3.62,0,828058836639,DUNG,,
有分隔,Có sự tách biệt,是否有分隔,5,4.0,0,825144673902,SAI,Có ngăn,
大容量,công suất lớn,功能,5,3.67,0,980198736322,SAI,Dung tích lớn,
车内后视镜,Gương chiếu hậu trong xe,安装位置,5,4.0,0,690189448706,DUNG,,
夜宵,Đồ ăn nhẹ đêm khuya,适用场景,5,7.5,0,929991000022,DUNG,,
月光蓝,Xanh ánh trăng,花型,5,4.0,0,1081849362353,DUNG,,
USB水杯架【可可白】隔层内置,Giá đỡ cốc nước USB [Ca cao trắng] tích hợp ngăn,颜色,5,3.3,0,828058836639,DUNG,,
20包,20 gói,净重（规格）,5,3.0,0,966579754198,DUNG,,
USB水杯架【可可白】隔层内置,Giá đỡ cốc nước USB [trắng cacao] có ngăn tích hợp,颜色,5,3.5,0,709225617482,DUNG,,
跑步运动,Thể thao chạy bộ,适用场景,5,3.25,0,709832019240,DUNG,,
口红,son môi,系列,5,3.0,0,615441427712,DUNG,,
USB水杯架【可可粉】隔层内置,Giá đỡ cốc nước USB [bột coca] có ngăn tích hợp,颜色,5,3.2,0,709225617482,SAI,Giá đỡ cốc nước USB [hồng ca cao] có ngăn tích hợp,
越野车,xe địa hình,外观造型,5,3.0,0,960853468654,DUNG,,
扎染,Tie thuốc nhuộm,流行元素,5,6.5,0,976217442600,SAI,Nhuộm buộc (tie-dye),
100mL(含)-200mL(含),100mL (bao gồm)-200mL (bao gồm),净含量,5,6.0,0,857016939547,DUNG,,
最新批次,Lô mới nhất,生产日期,5,2.25,0,840844573740,DUNG,,
奶咖,Cà phê sữa,颜色,5,4.0,0,986950689549,DUNG,,
100mL(含)-200mL(含),100mL (đã bao gồm)-200mL (đã bao gồm),净含量,5,8.0,0,1000188294086,DUNG,,
USB水杯架【可可绿】隔层内置,Giá đỡ cốc nước USB [xanh ca cao] có ngăn tích hợp,颜色,5,3.4,0,709225617482,DUNG,,
超轻粘土,Đất sét siêu nhẹ,产品类别,5,3.25,0,634811704785,DUNG,,
尊贵黑-豪华款,Mẫu sang trọng màu đen quý phái,颜色,5,4.17,0,948726442036,DUNG,,
低筒,Giày cổ thấp,筒高,5,5.0,0,1009121601544,DUNG,,
起泡胶,Keo tạo bọt,产品类别,5,3.0,0,836796125625,DUNG,,
USB水杯架【可可蓝】隔层内置,Giá đỡ cốc nước USB [màu xanh coca] có ngăn tích hợp,颜色,5,3.6,0,709225617482,DUNG,,
费尔岛风,Phong cách Fair Isle,风格,5,4.25,0,1079043734756,DUNG,,
90cm 【1-2岁，建议体重9.5-13kg】,"90cm [1-2 tuổi, cân nặng khuyến nghị 9.5-13kg]",适合身高,5,4.2,0,968270651860,DUNG,,
最大支持64G,Hỗ trợ tối đa 64G,数据存储容量,5,2.5,0,902916964548,DUNG,,
定制专属链接，个人使用勿拍,"Liên kết độc quyền được cá nhân hóa, vui lòng không chụp ảnh để sử dụng cá nhân",产品规格,5,5.08,0,947392122179,SAI,"Link riêng đặt làm theo yêu cầu, khách lẻ vui lòng không đặt",
最大256GB,Lên đến 256GB,数据存储时间,5,3.0,0,1000698476426,DUNG,,
更多款式联系客服,"Để biết thêm phong cách, vui lòng liên hệ bộ phận chăm sóc khách hàng",颜色,5,6.75,1,964213783486,DUNG,,
贴纸,Giấy dán,材质,5,3.5,0,924105989681,DUNG,,
前档,Bánh trước,适用部位,5,4.5,0,685294727310,SAI,Kính chắn gió trước,
贡缎,贡缎,织造工艺,5,1.0,0,998482684521,SAI,Vải sa tanh,
贡缎,satin dâng cúng,织造工艺,5,6.5,0,845837748939,SAI,Vải sa tanh,
100克,100 gram,净含量（规格）,5,4.0,0,1075524904818,DUNG,,
iPhone 16 6.1寸,IPhone 16 6.1 inch,适用型号,5,4.0,0,693760258777,DUNG,,
G1001卡其,G1001 kaki,颜色,5,2.0,0,936876121848,DUNG,,
手提礼盒,Hộp quà di động,包装,5,3.0,0,986677768618,SAI,Hộp quà xách tay,
iPhone 16 Plus 6.7寸,IPhone 16 Plus 6.7 inch,适用型号,5,4.0,0,693760258777,DUNG,,
G1001黑色,G1001 màu đen,颜色,5,3.0,0,936876121848,DUNG,,
暗黑风,gió đen,风格,5,2.0,0,829996898514,SAI,Phong cách u tối (dark),
墨灰轻绒,Xám mực nhung nhẹ,颜色,5,3.5,0,1029727007386,DUNG,,
贡眉,Lông mày,产品类别,5,3.5,0,776908742950,SAI,Cống Mi (trà trắng),
象牙白-豪华款,Mẫu màu trắng ngà sang trọng,颜色,5,3.83,0,948726442036,DUNG,,
象牙白-英伦风款,Màu trắng ngà phong cách Anh,颜色,5,3.29,0,948726442036,DUNG,,
暗紫,Tím đậm,颜色,5,3.0,0,909899820722,DUNG,,
USB水杯架【可可黑】隔层内置,Giá đỡ cốc nước USB [cocoa đen] có ngăn tích hợp,颜色,5,3.3,0,709225617482,DUNG,,
1.8m床【床单款四件套】适合200x230cm被芯,Giường kích thước 1.8m [bộ chăn ga bao gồm bốn món] phù hợp với chăn có kích thước 200x230cm,尺寸规格,5,5.36,0,1004414797529,DUNG,,
暗夜绿,đêm tối xanh,颜色,5,3.33,0,969315695100,SAI,Xanh bóng đêm,
尊贵黑-英伦风款,Phong cách đen Anh quý phái,颜色,5,3.14,0,948726442036,DUNG,,
73CM（13-16斤合适）,73CM (6.5-8kg phù hợp),适合身高,5,2.67,0,1068292527166,DUNG,,
iPhone 16 Pro 6.3寸,IPhone 16 Pro 6.3 inch,适用型号,5,4.0,0,693760258777,DUNG,,
USB水杯架【墨竹绿】隔层内置,Giá đỡ cốc nước USB [Mozhu Green] tích hợp ngăn,颜色,5,3.3,0,828058836639,DUNG,,
暖驼奶芙,Bánh sữa lạc đà ấm,颜色,5,3.5,0,1029727007386,SAI,Nâu lạc đà ấm sữa,
同学,Bạn cùng lớp,适用送礼关系,5,5.0,0,722757857327,DUNG,,
晾晒,Phơi khô,食品工艺,5,3.5,0,1012080880159,DUNG,,
智能WIFI行车记录仪,Đầu ghi lái xe WIFI thông minh,产品类型,5,2.86,0,963022430165,SAI,Camera hành trình WIFI thông minh,
iPhone 16 Pro max 6.9寸,IPhone 16 Pro max 6.9 inch,适用型号,5,4.0,0,693760258777,DUNG,,
智能,智能,是否智能,5,1.0,0,744880704525,SAI,Thông minh,
豆沙+浅灰,Đậu đỏ + Xám nhạt,花型,5,3.0,0,1049812656357,SAI,Hồng đất + xám nhạt,
调味茶,trà có hương vị,茶种类,5,4.0,0,980173830215,DUNG,,
请置于阴凉干燥处,Hãy giữ nó ở nơi mát mẻ và khô ráo,储藏方法,5,3.12,0,978975249841,DUNG,,
尊贵黑--挂钩+钢护角,Màu đen quý phái - móc + bảo vệ góc bằng thép,颜色,5,4.0,0,948726442036,DUNG,,
2XL推荐（150-165斤）,2XL khuyến nghị (150-165 kg),尺码,5,4.0,0,919082656696,SAI,2XL gợi ý (75-82.5kg),
90cm（20-25斤合适）,90cm (10-12.5kg phù hợp),适合身高,5,2.67,0,1068292527166,DUNG,,
询客服,Yêu cầu dịch vụ khách hàng,材质工艺,5,7.0,0,913515090028,DUNG,,
触控操作,Thao tác cảm ứng,功能,5,3.25,0,751864645002,DUNG,,
见规格,Xem thông số kỹ thuật,净含量（规格）,5,5.67,0,967030506562,DUNG,,
73cm 【6-9个月，建议体重7.2-9kg】,"73cm [6-9 tháng, cân nặng khuyến nghị 7.2-9kg]",适合身高,5,3.67,0,968270651860,DUNG,,
见喷码,Xem mã in phun,原料与配料,5,3.67,0,981682609548,DUNG,,
普通售卖,普通售卖,销售方式,5,1.0,0,588263602703,SAI,Bán thông thường,
西瓜红,Đỏ dưa hấu,颜色,5,2.67,0,925170552352,DUNG,,
复古,cổ điển,流行元素,5,3.0,0,930660122810,DUNG,,
1.8m床【床笠款四件套】-适合200x230cm被芯,Giường 1.8m [Bộ ga trải giường 4 mảnh] - Thích hợp cho lõi chăn 200x230cm,尺寸规格,5,3.82,0,976268661446,DUNG,,
1.8m床【床笠款四件套】-适合200x230cm被芯,Giường 1.8m [Bộ ga trải giường 4 mảnh] - phù hợp với lõi chăn 200x230cm,尺寸规格,5,3.64,0,971862902118,DUNG,,
咨询,Tham khảo ý kiến,货号,5,6.5,0,986950689549,SAI,Liên hệ CSKH,
三月,Tháng 3,热卖月份,5,2.5,0,562847750346,DUNG,,
冰箱保鲜盒,Hộp bảo quản thực phẩm tủ lạnh,产品类别,5,4.8,0,1048331659915,DUNG,,
所有车型,Tất cả các mô hình,适用车型,5,3.5,0,627327326155,DUNG,,
普洱茶区,Khu vực trà Phổ Nhĩ,茶区,5,3.75,0,819634377009,DUNG,,
USB水杯架【天空蓝】隔层内置,Giá đỡ cốc nước USB [xanh da trời] có ngăn tích hợp,颜色,5,3.5,0,709225617482,DUNG,,
晚辈,Đàn em,适用送礼关系,5,2.5,0,722757857327,SAI,Con cháu,
1.8m床【床笠款四件套】适合200x230cm被芯,"Bộ ga trải giường kích thước 1.8m [gồm bốn món], phù hợp với ruột chăn kích thước 200x230cm",尺寸规格,5,5.27,0,1004414797529,DUNG,,
裸装,khỏa thân,规格类型,5,4.0,0,990461286064,SAI,Không bao bì,
5575方盒7.5*7.5*5.4cm,Hộp vuông 5575 7.5 * 7.5 * 5.4cm,颜色,5,4.0,0,740336276009,DUNG,,
裸色,Màu nude,颜色,5,3.5,0,817622249292,DUNG,,
是，商务礼品,"Có, quà tặng doanh nghiệp",是否属于礼品,5,4.0,0,722757857327,DUNG,,
47%莫代尔 47%棉 6%氨纶,47% modal 47% cotton 6% spandex,主面料成分的含量,5,3.0,0,640268729324,DUNG,,
星耀黑,Sao đen,颜色,5,2.0,0,842087203216,SAI,Đen ánh sao,
5595方盒9.5*9.5*5.4cm,Hộp vuông 5595 9.5 * 9.5 * 5.4cm,颜色,5,4.0,0,740336276009,DUNG,,
所有人,mọi người,适用人群,5,2.67,0,661583739983,DUNG,,
裙套装,bộ váy,套装款式,5,1.67,0,965237555092,DUNG,,
净度高，无明显杂质,"Độ trong cao, không có tạp chất rõ ràng",净度,5,3.75,0,919616069069,DUNG,,
中筒,Thùng giữa,筒高,5,4.5,0,992431719208,SAI,Cổ vừa,
USB水杯架【星空银】隔层内置,Giá đỡ cốc nước USB [Bạc bầu trời đầy sao] có ngăn tích hợp,颜色,5,4.1,0,709225617482,DUNG,,
M(建议80-100斤),M (đề nghị 80-100 kg),尺码,5,2.67,0,789352711906,SAI,M (gợi ý 40-50kg),
星月熊,Gấu trăng sao,颜色,5,3.67,0,630613509636,DUNG,,
1K【1080P】前录高清+免走线,1K [1080P] HD được ghi sẵn + không cần nối dây,颜色分类,5,3.71,0,950133437652,DUNG,,
1K【1080P】前录高清+免走线,1K [1080P] ghi trước HD miễn phí định tuyến,颜色分类,5,3.71,0,579200136777,SAI,"1K [1080P] camera trước HD, không cần đi dây",
子母箱【玫瑰金】简易内置,Hộp Mẹ và Con [Vàng Hồng] Tích hợp đơn giản,颜色,5,3.2,0,709225617482,SAI,Bộ vali mẹ con [vàng hồng] lót trong đơn giản,
时装鞋,giày thời trang,款式,5,4.33,0,876811431274,DUNG,,
行人防撞预警,Cảnh báo va chạm với người đi bộ,功能,5,4.17,0,1002925788364,DUNG,,
1K双录【1K+1K】超清+免走线,Ghi kép 1K [1K+1K] cực rõ + không cần nối dây,颜色分类,5,3.57,0,950133437652,DUNG,,
单被套200*230,Vỏ chăn đơn 200*230,尺寸规格,5,3.0,0,1029408144205,DUNG,,
口袋装饰,trang trí túi,款式细节,5,2.75,0,979044644326,DUNG,,
时装鞋,Giày thời trang,款式,5,4.33,0,1027829283589,DUNG,,
蜜桃乌龙茶,Trà Ô Long Đào,茶种类,5,2.2,0,899495078029,DUNG,,
户外电源,Nguồn điện ngoài trời,分类,5,4.5,0,944723477137,DUNG,,
iPhone13/14通用,Phù hợp với mọi dòng iPhone 13/14,适用机型,5,8.0,0,789381622632,SAI,Dùng chung cho iPhone 13/14,
USB水杯架【星耀黑】隔层内置,Giá đỡ cốc nước USB [màu đen sao] có ngăn tích hợp,颜色,5,3.4,0,709225617482,SAI,Giá đỡ cốc nước USB [đen ánh sao] có ngăn tích hợp,
蛋糕/派,bánh/bánh nướng,产品类别,5,4.33,0,938115894052,SAI,Bánh ngọt/bánh pie,
3065方盒6.5*6.5*3CM,3065 hộp vuông 6.5*6.5*3cm,颜色,5,4.0,0,740336276009,DUNG,,
蛇纹,Vân rắn,流行元素,5,3.0,0,944573226469,DUNG,,
藏蓝色,màu xanh hải quân,颜色,5,4.67,0,920636284797,DUNG,,
卡其大号,Kaki cỡ lớn,颜色,5,2.25,0,962511551859,DUNG,,
藏蓝,màu xanh hải quân,颜色,5,7.0,0,947379119835,DUNG,,
名媛风,Phong cách nổi tiếng,风格,5,5.67,0,975961140523,SAI,Phong cách quý phái,
中老年,Trung niên và người già,适用人群,5,6.33,0,839826037906,DUNG,,
户外休闲鞋,giày thông thường ngoài trời,款式,5,4.8,0,969754299945,SAI,Giày casual ngoài trời,
名媛风,Phong cách quý phái,风格,5,5.33,0,942764104267,DUNG,,
套头款,Kiểu áo thun,款式,5,3.33,0,940511570050,SAI,Kiểu chui đầu,
蕾丝花边-花团,Cụm hoa ren,花型,5,1.5,0,992009020118,SAI,Viền ren - cụm hoa,
蓝白,Xanh trắng,颜色,5,4.5,0,1051927103819,DUNG,,
三级,Cấp độ ba,级别,5,3.5,0,672215310074,DUNG,,
夹心饼干批发,Bán buôn bánh quy sandwich,货号,5,3.67,0,967298575260,DUNG,,
亮粉天蓝带,Ruy băng màu xanh da trời màu hồng tươi sáng,颜色,5,7.0,1,989390574785,SAI,Hồng tươi dây xanh da trời,
USB水杯架【玫瑰金】隔层内置,Giá đỡ cốc nước USB [vàng hồng] có ngăn tích hợp,颜色,5,3.3,0,709225617482,DUNG,,
落日玫瑰,Hoa hồng hoàng hôn,花型,5,3.75,0,1049039551329,DUNG,,
单被套220*240cm,Vỏ chăn đơn 220*240cm,尺寸规格,5,3.0,0,995101681782,DUNG,,
咸味,Vị mặn,口味,5,2.5,0,905060102549,DUNG,,
萌系,Dễ thương,风格,5,4.0,0,829996898514,DUNG,,
菊花茶,Trà hoa cúc,茶种类,5,3.0,0,1076931382834,DUNG,,
莓茶,Trà dâu,茶种类,5,3.0,0,1073877872766,SAI,Chè dây,
荷叶边,Viền lá sen,流行元素,5,3.0,0,888465459300,DUNG,,
药盒,hộp thuốc,产品类别,5,4.0,0,966512383326,DUNG,,
USB水杯架【白+玫】隔层内置,Giá đỡ cốc nước USB [trắng + hồng] có ngăn tích hợp,颜色,5,3.78,0,709225617482,DUNG,,
荣耀银铝框卡扣款,Khung nhôm Honor Silver kiểu gắn vào,颜色,5,3.75,0,869086077306,SAI,"Bạc vinh quang, khung nhôm khóa cài",
时尚单箱【谷物白】简易内置,Hộp đơn thời trang [trắng hạt] tích hợp đơn giản,颜色,5,3.36,0,709225617482,SAI,Vali đơn thời trang [trắng ngũ cốc] lót trong đơn giản,
荣耀200,Vinh quang 200,适用型号,5,4.5,0,851351576746,SAI,Honor 200,
USB水杯架【白+黑】隔层内置,Ngăn đựng cốc nước USB [trắng + đen] tích hợp,颜色,5,3.33,0,709225617482,SAI,Giá đỡ cốc nước USB [trắng + đen] có ngăn tích hợp,
情人节,Ngày lễ tình nhân,适用节日,5,4.67,0,795903168020,DUNG,,
X29黑色锌合金,Hợp kim kẽm đen X29,颜色,5,2.4,0,872330458586,DUNG,,
草编,rơm,材质,5,1.5,0,947125699446,SAI,Đan rơm/cói,
草绿,Xanh cỏ,花型,5,3.0,0,740564044879,DUNG,,
寿眉,Thọ Mi,产品类别,5,2.5,0,1002314686090,DUNG,,
恩师,Cố vấn,适用送礼关系,5,2.5,0,722757857327,SAI,Thầy cô,
时尚单箱【白+玫】简易内置,Hộp đơn thời trang [trắng + hoa hồng] tích hợp đơn giản,颜色,5,4.1,0,709225617482,SAI,Vali đơn thời trang [trắng + hồng] lót trong đơn giản,
奶杏轻绒,Vải nhung nhẹ màu mơ sữa,颜色,5,4.75,0,1029727007386,DUNG,,
串珠,Xâu hạt,流行元素,5,3.0,0,1068930549698,DUNG,,
USB水杯架【谷物白】隔层内置,Giá đỡ cốc nước USB [trắng hạt] có ngăn tích hợp,颜色,5,3.3,0,709225617482,SAI,Giá đỡ cốc nước USB [trắng ngũ cốc] có ngăn tích hợp,
子母箱【白+玫】简易内置,Hộp mẹ và con [trắng + hoa hồng] tích hợp đơn giản,颜色,5,4.0,0,709225617482,SAI,Bộ vali mẹ con [trắng + hồng] lót trong đơn giản,
时尚单箱【浪漫粉】简易内置,Hộp đơn thời trang [Hồng lãng mạn] tích hợp đơn giản,颜色,5,3.64,0,709225617482,SAI,Vali đơn thời trang [hồng lãng mạn] lót trong đơn giản,
DIY拼装收纳盒,Hộp đựng đồ tự lắp ráp,产品类别,5,2.8,0,1050659692385,DUNG,,
冰箱保鲜盒,tủ lạnh,产品类别,5,1.2,0,971992312435,SAI,Hộp bảo quản tủ lạnh,
时尚单箱【星耀黑】简易内置,Hộp đơn thời trang [màu đen sao] tích hợp đơn giản,颜色,5,3.45,0,709225617482,SAI,Vali đơn thời trang [đen ánh sao] lót trong đơn giản,
苹果7/8,Apple 7/8,适用型号,5,2.5,0,827990868644,SAI,iPhone 7/8,
亲子,cha mẹ và con cái,元素,5,6.5,0,941577821245,DUNG,,
时尚单箱【星空银】简易内置,Hộp đơn thời trang [Bạc bầu trời đầy sao] tích hợp đơn giản,颜色,5,4.09,0,709225617482,SAI,Vali đơn thời trang [bạc trời sao] lót trong đơn giản,
亲子互动,Tương tác cha mẹ và con cái,特色功能,5,5.25,0,1037565480901,DUNG,,
苹果18Pro,Táo 18Pro,适用型号,5,1.5,0,1001407462845,SAI,iPhone 18 Pro,
G805白色,G805 màu trắng,颜色,5,4.0,0,1038866474008,DUNG,,
4K【2160P】前录高清+免走线,4K [2160P] HD được ghi sẵn + không cần nối dây,颜色分类,5,3.71,0,950133437652,SAI,"4K [2160P] camera trước siêu nét, không cần đi dây",
G805黑色,G805 màu đen,颜色,5,3.0,0,1038866474008,DUNG,,
时尚单箱【墨竹绿】简易内置,Hộp đơn thời trang [xanh tre đậm] tích hợp đơn giản,颜色,5,3.55,0,709225617482,SAI,Vali đơn thời trang [xanh trúc mực] lót trong đơn giản,
亲戚,Người thân,适用送礼关系,5,4.5,0,722757857327,DUNG,,
M【建议100-120斤】,M [Khuyến nghị 50-60kg],尺码,5,4.0,0,900479712233,DUNG,,
04#瞬逝,04 # thoáng qua,颜色,5,4.5,0,751158736374,DUNG,,
苹果14Plus,Apple 14Plus,适用型号,5,2.5,0,895910231747,SAI,iPhone 14 Plus,
富勒烯蛋白灯泡肌面膜【5片/盒】,Mặt nạ cơ bóng đèn fullerene [5 miếng/hộp],产品规格,5,2.58,0,898763048646,SAI,Mặt nạ protein fullerene da căng bóng [5 miếng/hộp],
富勒烯冰膜单片,Màng băng fullerene nguyên khối,货号,5,3.86,0,678065821366,SAI,Mặt nạ lạnh fullerene (1 miếng),
苹果13Pro,Apple 13Pro,适用型号,5,2.5,0,895910231747,SAI,iPhone 13 Pro,
子夜蓝,màu xanh nửa đêm,颜色,5,4.33,0,996058843216,DUNG,,
苹果13/14,Táo 13/14,适用型号,5,1.5,0,964826258921,SAI,iPhone 13/14,
人参,Nhân sâm,原料与配料,5,3.5,0,1019348557756,DUNG,,
PP裤,quần PP,款式,5,4.0,0,988404213229,KHONG_CHAC,,PP裤: chưa rõ (giống 919)
苹果 XS,Apple XS,适用型号,5,2.5,0,983790996923,SAI,iPhone XS,
苹果 XR,Apple XR,适用型号,5,2.5,0,742049595321,SAI,iPhone XR,
苹果 17AIR,Apple 17AIR,适用型号,5,2.5,0,983790996923,SAI,iPhone 17 Air,
品牌专利,Bằng sáng chế thương hiệu,专利类型,5,5.25,0,1064247217300,DUNG,,
2.0m床【床单款四件套】-适合200x230cm被芯,Giường 2.0m [bộ bốn mảnh mẫu ga trải giường]-phù hợp với lõi chăn 200x230cm,尺寸规格,5,4.18,0,940963643511,DUNG,,
苹果 16 Pro Max,Apple 16 Pro Max,适用型号,5,2.5,0,983790996923,SAI,iPhone 16 Pro Max,
微弹,Hơi co giãn,弹性,5,4.5,0,1010399228161,DUNG,,
十二月,tháng mười hai,热卖月份,5,4.0,0,967298575260,DUNG,,
天然草地,Đồng cỏ tự nhiên,适合场地,5,3.25,0,829598295822,DUNG,,
M号（3个月以上）,Cỡ M (dành cho bé trên 3 tháng tuổi),尺寸大小,5,4.8,0,1049398784236,DUNG,,
包臀裙,váy hông,裙型,5,2.33,0,978743507514,SAI,Váy ôm hông,
1.8m床单款四件套【被套200*230cm】,Bộ bốn mảnh ga trải giường 1.8 m [vỏ chăn 200*230cm],尺寸规格,5,3.38,0,845837748939,DUNG,,
苹果 14 Plus,Apple 14 Plus,适用型号,5,2.5,0,983790996923,SAI,iPhone 14 Plus,
苹果 13,táo 13,适用型号,5,1.5,0,983790996923,SAI,iPhone 13,
苹果 13,Táo 13,适用型号,5,1.5,0,742049595321,SAI,iPhone 13,
日标,tiêu chuẩn Nhật Bản,标准类型,5,8.0,0,854394048701,DUNG,,
图片色,Màu sắc hình ảnh,颜色,5,4.33,0,911200404567,SAI,Màu như hình,
地球棕,Nâu trái đất,颜色,5,3.33,0,679146598720,DUNG,,
英伦风,phong cách anh,风格,5,4.0,0,801581202718,SAI,Phong cách Anh,
英伦风,phong cách Anh,风格,5,4.0,0,992159453391,DUNG,,
苦荞茶,Trà kiều mạch đắng,茶种类,5,5.0,0,914955094233,DUNG,,
芳香,mùi thơm,功能,5,3.5,0,1000188294086,DUNG,,
几何,hình học,风格,5,3.5,0,829996898514,DUNG,,
花卉,hoa,图案,5,1.5,0,897768470908,DUNG,,
节庆礼品,Quà tặng lễ hội,送礼用途,5,3.0,0,722757857327,DUNG,,
2.0m床单款四件套,Bộ bốn chiếc ga trải giường 2.0m,尺寸规格,5,3.67,0,886984120096,DUNG,,
后视镜位置,Vị trí gương chiếu hậu,安装位置,5,3.6,0,963678357075,DUNG,,
彩绘,Tranh vẽ,工艺,5,3.5,0,894248466651,SAI,Vẽ màu,
五件套,Bộ 5 chiếc,尺寸,5,2.33,0,889983147193,DUNG,,
大号黑色,Cỡ lớn màu đen,颜色,5,2.75,0,712911183216,DUNG,,
台湾乌龙,Ô long Đài Loan,产区,5,3.0,0,673964975414,DUNG,,
良好,tốt,质量与做工,5,1.5,0,724594522032,DUNG,,
国内电商,thương mại điện tử trong nước,主要销售地区,5,6.0,0,979068807880,DUNG,,
反光夜视,Tầm nhìn ban đêm phản quang,功能,5,5.5,0,1043967852891,DUNG,,
复古铝框款【墨绿色】,Khung nhôm retro [màu xanh lá cây đậm],颜色,5,3.62,0,828058836639,DUNG,,
佛系,phật giáo,风格,5,4.0,0,972059518708,SAI,Phong cách Phật hệ (thư thái),
20寸【送箱套送贴纸】,20inch [Miễn phí bìa hộp và nhãn dán miễn phí],尺寸,5,4.71,0,948726442036,SAI,20inch [tặng áo trùm vali và sticker],
太空沙,cát không gian,材质,5,4.0,0,803760181916,SAI,Cát động lực,
至尊抗压十大包围护角-酒红色,Top 10 tấm bảo vệ góc xung quanh chống căng thẳng tối cao-Burgundy,颜色,5,3.92,0,948726442036,SAI,"Chống va đập cao cấp, bọc 10 góc bảo vệ - Đỏ rượu",
至尊抗压十大包围护角-白色,Top 10 tấm bảo vệ góc xung quanh chống căng thẳng tối cao-Màu trắng,颜色,5,4.25,0,948726442036,SAI,"Chống va đập cao cấp, bọc 10 góc bảo vệ - Trắng",
图腾,vật tổ,流行元素,5,2.5,0,894133281211,SAI,Họa tiết totem,
至尊抗压十大包围护角-深灰色,Top Ten Bảo vệ góc xung quanh chống căng thẳng tối cao-Màu xám đậm,颜色,5,4.0,0,948726442036,SAI,"Chống va đập cao cấp, bọc 10 góc bảo vệ - Xám đậm",
华棉,Bông Hoa,面料名称,5,3.5,0,1073605171344,KHONG_CHAC,,"华棉: tên vải thương mại, chưa rõ"
至尊抗压十大包围护角-尊贵黑,Top 10 tấm bảo vệ góc xung quanh chống căng thẳng tối cao - Màu đen quý phái,颜色,5,4.31,0,948726442036,SAI,"Chống va đập cao cấp, bọc 10 góc bảo vệ - Đen quý phái",
彩泥,Đất sét màu,材质,5,4.5,0,1054265782001,DUNG,,
至尊抗压十大包围护角-宝石蓝,Top 10 tấm bảo vệ góc xung quanh chống căng thẳng tối cao-Màu xanh sapphire,颜色,5,4.46,0,948726442036,SAI,"Chống va đập cao cấp, bọc 10 góc bảo vệ - Xanh sapphire",
凤凰单枞,Phượng Hoàng Đơn Tùng,原料与配料,5,4.5,0,1044420431441,DUNG,,
至尊抗压十大包围护角-奢华银,Top Ten Bảo vệ góc xung quanh chống căng thẳng tối cao-Bạc sang trọng,颜色,5,4.23,0,948726442036,SAI,"Chống va đập cao cấp, bọc 10 góc bảo vệ - Bạc sang trọng",
至尊抗压十大包围护角-墨绿色,Top mười tấm bảo vệ góc xung quanh chống căng thẳng tối cao-Màu xanh đậm,颜色,5,4.38,0,948726442036,SAI,"Chống va đập cao cấp, bọc 10 góc bảo vệ - Xanh lá đậm",
2.0m床单款四件套【被套220*240cm】,Bộ bốn mảnh ga trải giường 2.0m [vỏ chăn 220*240cm],尺寸规格,5,3.38,0,845837748939,DUNG,,
前后双录行车记录仪,Camera hành trình kép phía trước và phía sau,产品类型,5,4.0,0,761429279482,DUNG,,
自带数据线,Đi kèm với cáp dữ liệu,功能,5,3.4,0,942099589497,DUNG,,
自动循环录像,Tự động quay vòng,数据存储时间,5,2.33,0,811048395243,DUNG,,
4XL推荐（180-200斤）,4XL khuyến nghị (180-200 kg),尺码,5,4.0,0,919082656696,SAI,4XL gợi ý (90-100kg),
强磁吸附,Hấp phụ từ tính mạnh,功能,5,4.0,0,976177334460,SAI,Hút nam châm mạnh,
华为 Mate 50,Huawei Mate50,适用型号,5,3.0,0,962435656939,DUNG,,
塑料盒,Hộp nhựa,型号,5,2.33,0,872464669335,DUNG,,
塑料盒,hộp nhựa,型号,5,2.33,0,872106550222,DUNG,,
无规格,Không có quy cách,尺寸,5,4.67,0,1082671173207,DUNG,,
子母箱【白+黑】简易内置,Hộp mẹ và con [trắng + đen] tích hợp đơn giản,颜色,5,3.56,0,709225617482,SAI,Bộ vali mẹ con [trắng + đen] lót trong đơn giản,
脏脏粉,Bột bẩn,颜色,5,2.0,0,885404954166,SAI,Hồng ánh xám,
国庆节,Ngày Quốc Khánh,适用节日,5,4.33,0,750640569568,DUNG,,
华为 Mate 60,Huawei Mate 60,适用型号,5,3.0,0,851351576746,DUNG,,
胶粘鞋,Giày dính,材质工艺,5,2.67,0,890281944521,SAI,Giày dán keo,
压印,dấu ấn,工艺,5,2.5,0,980379815482,SAI,Ép in,
胶粘,Keo dán,工艺,5,3.0,0,851351576746,SAI,Dán keo,
SS号（0个月以上）,Size SS (dành cho bé từ 0 tháng tuổi trở lên),尺寸大小,5,6.0,0,1049398784236,DUNG,,
聚苯乙烯（PS）,Polystyrene (PS),材质,5,2.75,0,936551764943,DUNG,,
耳机线,Cáp tai nghe,适用范围,5,3.33,0,995730059114,DUNG,,
耳机,tai nghe,包装清单,5,3.5,0,753410460348,DUNG,,
宿舍,Ký túc xá,适用空间,5,3.5,0,1056699222927,DUNG,,
11.5长方盒11.5*8.5*2.8CM,11.5 hộp hình chữ ngày 11.5*8.5*2.8cm,颜色,5,4.67,0,740336276009,SAI,Hộp chữ nhật 11.5 11.5*8.5*2.8cm,
无毒无害,"Không độc hại, không gây hại",安全等级,5,5.5,0,1050349932191,DUNG,,
无挂件,Không có đồ treo,尺寸,5,4.33,0,882978175727,DUNG,,
老花,lão thị,颜色,5,3.0,0,988752023879,SAI,Họa tiết monogram cổ điển,
美拉德风,phong cách Maillard,风格,5,4.25,0,992159453391,DUNG,,
美式,Kiểu Mỹ,风格,5,3.0,0,924687300329,DUNG,,
全黑,Đen toàn bộ,颜色,5,4.5,0,729429539858,DUNG,,
元祖灰,Màu xám nguyên bản,颜色,5,5.0,0,975642079532,DUNG,,
厨房清洁,Vệ sinh nhà bếp,功能,5,3.0,0,1042257706805,DUNG,,
开窗彩盒,Hộp màu mở cửa sổ,包装,5,3.25,0,853154240166,SAI,Hộp màu có cửa sổ trong suốt,
开灯提醒,Bật đèn nhắc nhở,功能,5,3.25,0,908496563993,SAI,Nhắc bật đèn,
人造毛绒,Lông nhân tạo,鞋面材质,5,2.75,0,1029099410138,DUNG,,
开口式,Kiểu hở,结构类型,5,2.0,0,1059589640745,DUNG,,
网布面,Mặt vải lưới,鞋面材质,5,3.33,0,946684133440,DUNG,,
复古铝框款【星河银】,Khung nhôm cổ điển [Galaxy Silver],颜色,5,3.38,0,828058836639,SAI,Khung nhôm cổ điển [bạc ngân hà],
不可充电,Không thể sạc lại,是否可充电,5,3.5,0,980908351668,DUNG,,
双肩包,Ba lô,箱包潮流款式,5,1.33,0,39556731546,DUNG,,
无内胆,Không có lớp lót,有无内胆,5,4.33,0,978387696424,DUNG,,
乌龙茶,Trà Ô Long,原料与配料,5,2.67,0,899495078029,DUNG,,
人造皮革,da nhân tạo,鞋垫材质,5,2.25,0,985925038931,DUNG,,
缝制鞋,Giày may,鞋底工艺,5,2.33,0,912702546718,DUNG,,
绿巨人,Hùng nhân xanh,形象,5,4.0,0,1060036629838,SAI,Người khổng lồ xanh (Hulk),
绿小格,Caro nhỏ xanh lục,花型,5,4.67,0,661583739983,DUNG,,
维生素C,Vitamin C,核心成分,5,2.33,0,922941485355,DUNG,,
人造草地,Cỏ nhân tạo,适合场地,5,2.25,0,1084116812720,DUNG,,
夜间安全反光,Phản quang cho an toàn ban đêm,功能,5,4.0,0,986503716103,DUNG,,
织里市场,Chợ Zili,货源类型,5,1.75,0,696165306655,SAI,Chợ Chức Lý (Zhili),
1-59元,1-59 nhân dân tệ,价格段,5,9.0,0,693530277120,DUNG,,
纸箱,纸箱,外包装,5,1.0,0,625777773831,SAI,Thùng carton,
纸,giấy,香水座材质,5,4.0,0,920062852165,DUNG,,
纸,Giấy,材质,5,4.0,0,850559759113,DUNG,,
压皱,Nhăn,工艺,5,2.0,0,890351718316,SAI,Ép nhăn,
旅游鞋,Giày du lịch,产品类别,5,3.33,0,1068438349642,DUNG,,
光滑,mượt mà,膜布特性,5,3.0,0,868574151513,DUNG,,
纯色T恤,Áo thun trơn màu,类别,5,4.0,0,968025576546,DUNG,,
不定,Bất định,装箱数量,5,3.5,0,892545481086,SAI,Không cố định,
座椅中间,giữa chỗ ngồi,使用位置,5,2.75,0,989163869691,DUNG,,
方领,cổ áo vuông,领型,5,4.5,0,948978184846,DUNG,,
66cm 【3-6个月，建议体重6.8-8.9kg】,"66cm [3-6 tháng, cân nặng khuyến nghị 6.8-8.9kg]",适合身高,5,3.67,0,968270651860,DUNG,,
方领,Cổ Vuông,领型,5,3.5,0,727915557214,DUNG,,
座椅中间,Giữa ghế,使用位置,5,1.75,0,742770304172,DUNG,,
纯棉(含量100%),100% cotton (nội dung 100%),面料,5,3.25,0,832745572027,SAI,Cotton (hàm lượng 100%),
红色小号,Màu đỏ cỡ nhỏ,颜色,5,2.5,0,855875210266,DUNG,,
红米 K80 Pro,Redmi K80 Pro,适用型号,5,2.5,0,971809316690,DUNG,,
红没药醇,Bisabolol,核心成分,5,2.25,0,997931660246,DUNG,,
87.8%棉12.2%氨纶,87.8% bông 12.2% vải thun,主面料成分的含量,5,3.67,0,984564599044,SAI,87.8% cotton 12.2% spandex,
紫雾桃桃,Đào sương tím,颜色,5,2.75,0,1029727007386,DUNG,,
家居收纳箱,Hộp đựng đồ gia đình,产品类别,5,3.2,0,1044940847696,DUNG,,
宴会鞋,giày dự tiệc,产品类别,5,3.33,0,876005979035,DUNG,,
紫色蝴蝶结,Nơ bướm màu tím,花型,5,2.4,0,1049039551329,DUNG,,
紫兰粉,Hồng tím lan,颜色,5,3.33,0,1026580710054,DUNG,,
粘纤,Vải sợi nhân tạo,主面料成分,5,6.5,0,1024357750784,SAI,Sợi viscose,
五分袖/中袖,Tay áo một phần tư/tay áo vừa,袖长,5,4.4,0,950420837153,SAI,Tay lửng (5 phân)/tay vừa,
兼容,Tương thích,功能,5,5.0,0,988319426633,DUNG,,
24寸【送箱套送贴纸】,24inch [Miễn phí bìa hộp và nhãn dán miễn phí],尺寸,5,4.71,0,948726442036,SAI,24inch [tặng áo trùm vali và sticker],
粘纤,Sợi dính,主面料成分,5,3.5,0,718511831684,SAI,Sợi viscose,
4.5英寸,4.5inch,屏幕尺寸,5,2.0,0,725737808258,DUNG,,
1.2m床【床单款三件套】-适合150x200cm被芯,Bộ ga giường 1.2m [bộ ga giường 3 món] - phù hợp với ruột chăn kích thước 150x200cm,尺寸规格,5,4.45,0,976268661446,DUNG,,
华为 P50 Pro,Huawei P50 Pro,适用型号,5,3.0,0,851351576746,DUNG,,
新茶,trà mới,生产日期,5,3.0,0,642221760816,DUNG,,
店铺三包,Cửa hàng ba đảm bảo,售后服务,5,3.75,0,753410460348,SAI,"Cửa hàng bảo hành ba bao (đổi, trả, sửa)",
新日期,ngày mới,生产日期,5,2.33,0,967030506562,SAI,Hàng mới sản xuất,
新日期,Ngày mới,生产日期,5,2.33,0,799397956613,SAI,Hàng mới sản xuất,
米黄色,Màu be,颜色,5,1.67,0,704753221535,DUNG,,
米红,Màu hồng gạo,颜色,5,5.0,0,1076484105144,DUNG,,
米白色--挂钩+钢护角,Màu trắng nhạt - móc + bảo vệ góc bằng thép,颜色,5,3.88,0,948726442036,DUNG,,
不易脱色,Không dễ phai,功效,5,2.75,0,913284703910,DUNG,,
S【建议90-115斤】,S [Khuyến nghị 90-115 kg],尺码,5,4.0,0,901145147513,SAI,S [gợi ý 45-57.5kg],
奢华银--挂钩+钢护角,Bạc sang trọng--móc + bảo vệ góc bằng thép,颜色,5,3.88,0,948726442036,DUNG,,
S【建议90斤以下】,S [Nên dưới 90 kg],尺码,5,1.8,0,928094672011,SAI,S [gợi ý dưới 45kg],
米棕,Vàng lúa,颜色,5,3.5,0,1050125964041,SAI,Nâu be,
米卡,Mika,颜色,5,2.0,0,1033966271393,SAI,Be kaki,
米兰,Milan,颜色,5,2.5,0,986219583787,KHONG_CHAC,,"米兰 trong 颜色: Milan hay màu be lam, chưa rõ"
简约现代,Đơn giản và hiện đại,风格,5,4.0,0,970876408469,DUNG,,
简约格调,Phong cách đơn giản,花型,5,4.0,0,923675475578,DUNG,,
克莱因蓝,Màu xanh Klein,流行元素,5,3.0,0,829996898514,DUNG,,
斤,Cân,包装规格,5,3.0,0,537870657950,SAI,Cân (500g),
XL/超大,XL/cực lớn,箱包大小,5,3.0,0,957544379984,DUNG,,
内增高鞋,Giày tăng chiều cao bên trong,产品类别,5,6.0,0,641286445085,DUNG,,
仙女裙,Váy tiên nữ,裙型,5,3.0,0,901924948856,DUNG,,
S号（1个月以上）,Cỡ S (trên 1 tháng tuổi),尺寸大小,5,3.0,0,1049398784236,DUNG,,
160ML【恒压导气款】3+个月,160ML [Loại dẫn khí áp suất ổn định] 3+ tháng,容量,5,3.86,0,1072121908835,DUNG,,
1.2m床单款三件套,Bộ ba mảnh ga giường 1.2 m,尺寸规格,5,2.67,0,886984120096,DUNG,,
文艺,truyền thống văn học,风格,5,8.5,0,972059518708,SAI,Nghệ thuật,
24小时内,Trong vòng 24 giờ,最快出货时间,5,4.0,0,1047218051495,DUNG,,
复古铝框款【曜石黑】,Khung nhôm cổ điển [đen obsidian],颜色,5,3.25,0,828058836639,DUNG,,
文艺,Nghệ thuật,风格,5,4.5,0,1050988461299,DUNG,,
95%以上,Trên 95%,主面料成分含量,5,2.0,0,645453165561,DUNG,,
文字,văn bản,图案,5,3.0,0,978870068925,SAI,Chữ,
1.8m床笠款四件套,Bộ bốn tấm trải giường 1.8m,尺寸规格,5,3.0,0,981759855001,SAI,Bộ 4 món ga chun 1.8m,
立方体式,Kiểu khối lập phương,形状,5,4.25,0,1051091730612,DUNG,,
立体浮雕,Phù điêu ba chiều,工艺,5,3.5,0,805936549220,DUNG,,
文具收纳盒,hộp đựng văn phòng phẩm,产品类别,5,3.8,0,970870161122,DUNG,,
仙草,Cỏ tiên,花型,5,3.0,0,868459531944,KHONG_CHAC,,"仙草 trong 花型: tên họa tiết, chưa rõ"
去油渍,Loại bỏ vết dầu mỡ,去污能力,5,4.67,0,1058599616185,DUNG,,
称重,Cân,功能,5,1.5,0,906015884734,DUNG,,
禧之鸿,Hỷ Chi Hồng,IP名称,5,3.0,0,1074585687312,DUNG,,
福建糕点,bánh ngọt Phúc Kiến,特产品类,5,4.0,0,954119638251,DUNG,,
福建省,福建省,省份,5,1.0,0,1075055361797,SAI,Tỉnh Phúc Kiến,
3500g（含）-4000g（不含）,3500g (đã bao gồm)-4000g (độc quyền),克重,5,5.33,0,972232211147,SAI,3500g (bao gồm)-4000g (không bao gồm),
千鸟格,Ca rô houndstooth,颜色,5,5.0,0,564223667080,DUNG,,
祛痘,Mụn trứng cá,化妆品功效,5,5.0,0,979366883761,SAI,Trị mụn,
子母箱【谷物白】简易内置,Hộp mẹ và con [Trắng ngọc] Tích hợp đơn giản,颜色,5,3.3,0,709225617482,SAI,Bộ vali mẹ con [trắng ngũ cốc] lót trong đơn giản,
XL【建议140-160斤】,XL [khuyến nghị 70-80kg],尺码,5,4.0,0,900479712233,DUNG,,
XL【建议140-170斤】,XL [đề nghị 140-170 kg],尺码,5,2.67,0,901145147513,SAI,XL [gợi ý 70-85kg],
磁吸款,Phong cách từ tính,款式,5,5.0,0,991131334670,SAI,Kiểu hút nam châm,
复古铝框款【玫瑰金】,Khung nhôm cổ điển [vàng hồng],颜色,5,2.88,0,828058836639,DUNG,,
磁吸款,Mô hình hút từ tính,款式,5,5.0,0,852723012425,SAI,Kiểu hút nam châm,
广州沙河,Quảng Châu Shahe,货源类型,5,3.5,0,753234742896,SAI,Sa Hà (Quảng Châu),
收纳筐,Giỏ đựng đồ,型号,5,3.0,0,892206123933,DUNG,,
5.0长方盒（2.2高）4.9*4*2.2cm,Hộp chữ nhật 5.0 (cao 2.2) 4.9*4*2.2cm,颜色,5,3.25,0,740336276009,DUNG,,
子母箱【墨竹绿】简易内置,Hộp mẹ và con [xanh tre đậm] tích hợp đơn giản,颜色,5,3.4,0,709225617482,SAI,Bộ vali mẹ con [xanh trúc mực] lót trong đơn giản,
5.0长方盒（2.2高）4.9*4*2.3CM,Hộp chữ nhật 5.0 (cao 2.2) 4.9*4*2.3CM,颜色,5,3.25,0,841603711877,DUNG,,
碎花,Họa tiết hoa nhí,花型,5,6.5,0,1077719122033,DUNG,,
95%棉 5%氨纶,95% cotton 5% spandex,主面料成分含量,5,4.33,0,1063237951520,DUNG,,
支架式,Loại khung,记录仪安装类型,5,3.0,0,969170772156,SAI,Kiểu giá đỡ,
支架式,Kiểu khung,记录仪安装类型,5,3.0,0,722948088307,SAI,Kiểu giá đỡ,
硅胶奶瓶,硅胶奶瓶,2,5,1.0,0,961259495812,SAI,Bình sữa silicone,
砖色,màu gạch,颜色,5,3.5,0,989390574785,DUNG,,
Ai语音助手,Trợ lý giọng nói AI,功能,5,3.25,0,965347477461,DUNG,,
Apple/苹果,Apple/Apple,适用手机机型,5,2.5,0,909899820722,DUNG,,
NHA GENE药用层孔菌胶原面膜,Mặt nạ Collagen xốp y tế NHA GENE,货号,5,2.11,0,976539774754,KHONG_CHAC,,药用层孔菌: chưa chắc tên nấm tiếng Việt
套趾拖鞋,Dép xỏ ngón,拖鞋种类,5,2.25,0,791334183774,DUNG,,
XL推荐（135-150斤）,XL khuyến nghị (135-150 kg),尺码,5,4.0,0,919082656696,SAI,XL gợi ý (67.5-75kg),
短爬,Bò ngắn,款式,5,3.0,0,642844761123,SAI,Body đùi,
知性风,Phong cách trí tuệ,风格,5,5.0,0,939317477818,DUNG,,
套鞋,Giày bộ,闭合方式,5,3.0,0,912531591352,SAI,Kiểu xỏ chân,
相机插袋,Túi đựng máy ảnh,包内部结构,5,3.25,0,990861454313,SAI,Ngăn đựng máy ảnh,
广东乌龙,Ô Long Quảng Đông,产区,5,3.5,0,40233041945,DUNG,,
相思,Tương Tư,花型,5,3.5,0,1049039551329,DUNG,,
年蔻NIANKOU美白洁面乳,Sữa rửa mặt làm trắng da NIANKOU,特妆产品名称,5,2.71,0,967635712029,DUNG,,
5.5方盒【 5.5*5.5*2CM,Hộp vuông 5.5 [5.5*5.5*2CM,规格,5,4.0,0,1013219283772,DUNG,,
摩卡棕,Nâu mocha,颜色,5,2.67,0,749036261994,DUNG,,
单拍/直接下单视为样品发货,Chụp đơn/đặt hàng trực tiếp được coi là giao hàng mẫu,产品规格1,5,3.5,0,720190122269,SAI,Đặt lẻ: đặt trực tiếp được coi là gửi hàng mẫu,
年蔻377美白洁面乳100g,Sữa rửa mặt làm trắng da Nian Kou 377 100g,产品规格,5,3.71,0,967635712029,DUNG,,
平面款,Kiểu phẳng,款式,5,3.0,0,1005591158196,DUNG,,
50%（含）-70%（不含）,50% (bao gồm) - 70% (không bao gồm),主面料成分含量,5,5.67,0,939317477818,DUNG,,
皮膜,Mặt nạ da,材质,5,3.5,0,889422822200,SAI,Màng da,
50-100粒(片),50-100 viên (viên),积木粒(片）数,5,4.0,0,862131488543,SAI,50-100 viên (miếng),
多种,Nhiều loại,图案,5,4.5,0,1014755764329,DUNG,,
插卡,Chèn thẻ,流行元素,5,3.5,0,991369775627,SAI,Ngăn cắm thẻ,
1.8m床笠款四件套【被套200*230】,Bộ chăn ga gối 4 món kiểu ga chun 1.8m [Vỏ chăn 200*230],尺寸规格,5,3.75,0,1002500051122,DUNG,,
百褶裙,Váy xếp ly,裙型,5,2.67,0,679218229742,DUNG,,
置物盒,hộp lưu trữ,置物用品类型,5,3.0,0,841802253972,DUNG,,
1.8m床笠款四件套【被套200*230】,Bộ khăn trải giường 1.8 m bốn mảnh [vỏ chăn 200*230],尺寸规格,5,3.62,0,890895067800,SAI,Bộ 4 món ga chun 1.8m [vỏ chăn 200*230],
120天,120 ngày,保质期,5,4.0,0,933930764724,DUNG,,
干脆面,Mì khô giòn,产品类别,5,3.0,0,905069458682,DUNG,,
提货券,Nhận phiếu giảm giá,特殊提货凭证,5,5.33,0,969348499399,SAI,Phiếu nhận hàng,
白蓝,trắng xanh,颜色,5,4.5,0,919835380299,DUNG,,
白蓝,Trắng xanh lam,颜色,5,6.0,0,887083853282,DUNG,,
白色大号,Kích thước lớn màu trắng,颜色,5,5.0,0,941129497667,DUNG,,
厚底小白鞋,Giày trắng đế dày,款式,5,2.8,0,769315180782,DUNG,,
1.8m床笠款四件套【被套200x230cm】,Bộ chăn ga gối 4 món kiểu ga chun 1.8m [Vỏ chăn 200x230cm],尺寸规格,5,3.75,0,1042798897505,DUNG,,
白红色,Màu đỏ trắng,颜色,5,3.33,0,901219606194,DUNG,,
360天,360 ngày,保质期,5,4.0,0,978975249841,DUNG,,
白紫,Trắng tím,颜色,5,4.0,0,1031359698245,DUNG,,
白盒,hộp màu trắng,包装方式,5,5.5,0,993795253859,DUNG,,
白灰,màu xám trắng,颜色,5,5.5,0,977628045544,DUNG,,
一字孔,Lỗ có rãnh,口径形状,5,2.67,0,678560700182,SAI,Lỗ khe ngang,
登山运动,leo núi,适用场景,5,1.5,0,651090521041,DUNG,,
一字式扣带,Dây cài một chữ,闭合方式,5,2.4,0,1078077604794,SAI,Quai cài ngang,
番茄味,hương vị cà chua,口味,5,4.33,0,950858281236,DUNG,,
仿真厨房类,Đồ chơi mô phỏng nhà bếp,类型,5,3.8,0,1006340468630,DUNG,,
3L（15个月以上）,3L (dành cho trẻ từ 15 tháng tuổi trở lên),尺寸大小,5,6.75,1,1049398784236,DUNG,,
22五金工具盒22.3*4.8*3.1CM,"Hộp đựng dụng cụ phần cứng 22 ngăn, kích thước 22.3*4.8*3.1CM",颜色,4,6.8,1,739581408122,SAI,"Hộp đựng dụng cụ kim khí cỡ 22, 22.3*4.8*3.1CM",
26五金工具盒25.7*5.3*3.5CM,"Hộp đựng dụng cụ phần cứng 26 ngăn, kích thước 25.7*5.3*3.5CM",颜色,4,6.8,1,739581408122,SAI,"Hộp đựng dụng cụ kim khí cỡ 26, 25.7*5.3*3.5CM",
非喜糖专用,Đặc biệt dành cho kẹo không dành cho đám cưới,用途,4,7.2,1,985247319485,SAI,Không chuyên dùng làm kẹo cưới,
清醇甘鲜,"Tinh khiết, ngọt ngào và tươi mát",口感,4,6.5,1,985942927469,DUNG,,
混搭粉格【A类母婴级/柔软亲肤不起球】,Trộn và kết hợp họa tiết màu hồng [Loại A dành cho bà mẹ và trẻ sơ sinh/mềm mại và thân thiện với làn da mà không bị vón cục],花型,4,6.13,1,976268661446,SAI,"Kẻ ô hồng phối [Loại A cấp mẹ và bé/mềm mại thân thiện da, không xù lông]",
【标配无卡】,[Cấu hình tiêu chuẩn không có thẻ],规格尺寸,4,6.5,1,739273746967,SAI,"[Tiêu chuẩn, không kèm thẻ nhớ]",
160ml玻璃奶瓶（ss码0-1月）,"Bình sữa thủy tinh 160ml (loại SS, dùng cho trẻ sơ sinh từ 0 đến 1 tháng tuổi)",容量,4,8.17,1,1044300935350,DUNG,,
麻灰学院kitty,Kitty phong cách học đường màu xám lông chuột,颜色,4,8.0,1,1070430119061,DUNG,,
垂类电商,Thương mại điện tử theo chiều dọc,主要下游平台,4,6.75,1,950407086235,SAI,Sàn TMĐT chuyên ngành,
天蓝粉带,thắt lưng màu hồng xanh da trời,颜色,3,6.25,1,989390574785,SAI,Xanh da trời dây hồng,
绿色【无挂件】,Màu xanh lá cây [không có mặt dây chuyền],颜色,3,6.2,1,922637877323,DUNG,,
街头潮人,Người tạo ra xu hướng đường phố,风格类型,3,6.25,1,971817602529,SAI,Phong cách đường phố sành điệu,
73cm建议身高68-74,"Chiều cao khuyến nghị 73cm, phù hợp với người cao từ 68-74cm",适合身高,3,9.75,1,1074499872574,DUNG,,
60ml硅胶喂药瓶（裸装）,Bình sữa silicon 60ml dùng để cho bé uống thuốc (không đóng gói),容量,3,6.57,1,1072460554044,DUNG,,
雾灰酒红带,Thắt lưng màu đỏ rượu vang xám sương mù,颜色,3,6.2,1,944179707822,SAI,Xám sương dây đỏ rượu,
霜绿粉带,Thắt lưng màu hồng xanh băng giá,颜色,3,6.5,1,989390574785,SAI,Xanh sương dây hồng,
国潮新风,Xu hướng quốc gia và phong cách mới,风格,3,7.0,1,966001920065,SAI,Phong cách Trung Hoa hiện đại mới,
餐饮制售,Sản xuất và kinh doanh dịch vụ ăn uống,包装方式,3,7.5,1,905060102549,DUNG,,
黑色【专供跨境】,Đen [chuyên dụng cho thương mại xuyên biên giới],颜色,3,6.33,1,942099589497,DUNG,,
80cm建议身高75-82,"Chiều cao khuyến nghị 80cm, phù hợp với người cao từ 75-82cm",适合身高,3,9.75,1,1074499872574,DUNG,,
WINNIE THE POOH小熊维尼,Gấu Pooh,形象,3,0.0,1,1067518006462,DUNG,,
250ml硅胶奶瓶（A款彩盒装）,"Bình sữa silicon cho bé, dung tích 250ml (kiểu A, được đóng gói trong hộp màu)",容量,3,6.62,1,1073642870099,DUNG,,
26五金工具盒25.7*5.3*3.5CM,"Hộp đựng dụng cụ phần cứng 26 món, kích thước 25.7*5.3*3.5CM",颜色,3,6.6,1,841603711877,SAI,"Hộp đựng dụng cụ kim khí cỡ 26, 25.7*5.3*3.5CM",
150ml硅胶奶瓶（A款彩盒装）,"Bình sữa silicon cho bé, dung tích 150ml (kiểu A, được đóng gói trong hộp màu)",容量,3,6.62,1,1073642870099,DUNG,,
宝蓝军蓝带,Ruy băng xanh quân đội màu xanh hoàng gia,颜色,3,6.6,1,944179707822,SAI,Xanh hoàng gia dây xanh quân đội,
挂钩100长盒10*6.1*1.5CM,"Móc treo hộp dài 100 chiếc, kích thước 10*6.1*1.5CM",颜色,3,6.75,1,841603711877,SAI,"Hộp dài có móc treo 100, 10*6.1*1.5CM",
环保黑色,Màu đen thân thiện với môi trường,颜色,3,6.75,1,984225047086,DUNG,,
现货加标 换面料 定制包装 五金 等,"Hàng có sẵn với các tùy chọn thêm như: gắn thương hiệu, thay đổi chất liệu vải, thiết kế bao bì riêng, phụ kiện phần cứng và nhiều hơn nữa",支持定制,3,7.5,1,652550875823,DUNG,,
甜酷熊伴,Người bạn gấu ngọt ngào và mát mẻ,颜色,3,6.5,1,835744827506,DUNG,,
电量数显,Màn hình kỹ thuật số của sức mạnh,功能,3,6.5,1,666930783948,SAI,Hiển thị số dung lượng pin,
白色【专供跨境】,Trắng [chuyên dụng cho thương mại xuyên biên giới],颜色,3,6.67,1,942099589497,DUNG,,
【前1080+中480+后480】【车内后摄】,[Camera trước 1080+Camera giữa 480+Camera sau 480] [Camera lùi trên xe],颜色分类,2,6.43,1,974083425424,DUNG,,
HZ肤感磁吸,"HZ hút từ tính, cảm giác như da thật",货号,2,6.25,1,986450227729,DUNG,,
18五金工具盒18.6*3.8*2CM,"Hộp đựng dụng cụ phần cứng 18 ngăn, kích thước 18.6*3.8*2CM",颜色,2,6.8,1,739581408122,SAI,"Hộp đựng dụng cụ kim khí cỡ 18, 18.6*3.8*2CM",
亲肤水洗棉,Chất liệu cotton giặt thân thiện với da,材质,2,6.4,1,883516263051,DUNG,,
2.0m床单四件套【适合220*240cm被子】,Bộ chăn ga gối kích thước 2.0m (gồm bốn món) [phù hợp với chăn bông kích thước 220*240cm],尺寸规格,2,6.11,1,1015163631470,DUNG,,
2.0m床单款四件套【被套220*240cm/床单250*270cm/枕套48*74cm*2】,"Bộ chăn ga gối đệm kích thước 2.0m (bao gồm vỏ chăn kích thước 220*240cm, ga trải giường kích thước 250*270cm và hai vỏ gối kích thước 48*74cm)",尺寸规格,2,7.0,1,1028908249755,DUNG,,
2.0m床单款四件套（被人220x240床单270x250）,Bộ ga trải giường kích thước 2.0m (bao gồm một ga trải giường kích thước 220x240 và một ga trải giường kích thước 270x250),尺寸规格,2,7.9,1,1032974114838,SAI,"Bộ 4 món ga trải 2.0m (vỏ chăn 220x240, ga 270x250)",
2.0m床盖款四件套被套220*240,"Bộ bốn món bao gồm vỏ chăn và ga trải giường, kích thước 2.0m, vỏ chăn kích thước 220*240",尺寸规格,2,7.25,1,1083240661081,SAI,"Bộ 4 món ga phủ 2.0m, vỏ chăn 220*240",
AD休闲系列,Bộ sưu tập thời trang thường ngày của AD,运动系列,2,7.5,1,1080341063839,DUNG,,
1.2m床单款【被套150x200cm】3件套,"Bộ chăn ga gối đệm kích thước 1.2m [vỏ chăn kích thước 150x200cm], bộ gồm 3 món",尺寸规格,2,6.57,1,1077307037653,DUNG,,
1.5m床笠四件套被套2.0x2.3,"Bộ ga trải giường kích thước 1.5m, bao gồm vỏ chăn, kích thước 2.0x2.3",尺寸规格,2,6.29,1,1025068686335,SAI,"Bộ 4 món ga chun 1.5m, vỏ chăn 2.0x2.3",
传统工艺,Công nghệ thủ công truyền thống,加工工艺,2,6.5,1,1055458933837,DUNG,,
1.8m床单四件套被套1.8*2.2,"Bộ chăn ga gối đệm bốn món, kích thước 1.8m, kèm vỏ chăn kích thước 1.8 x 2.2m",尺寸规格,2,7.0,1,1079326121252,DUNG,,
C-4斜口凹款小号,C-4 nhỏ,颜色,2,0.5,1,747251537134,SAI,"C-4 kiểu miệng xéo lõm, cỡ nhỏ",
1.8m床笠四件套 被套2.0*2.3m床笠1.8*2.0m枕套*2,"Bộ bốn món gồm ga trải giường kích thước 1.8m, vỏ chăn kích thước 2.0*2.3m, ga trải giường kích thước 1.8*2.0m, vỏ gối (2 chiếc)",尺寸规格,2,7.09,1,954756623507,SAI,"Bộ 4 món ga chun 1.8m: vỏ chăn 2.0*2.3m, ga chun 1.8*2.0m, vỏ gối x2",
1.8m床笠四件套【被套200*230】,Bộ ga trải giường kích thước 1.8m (bao gồm vỏ chăn kích thước 200*230),尺寸规格,2,6.29,1,1037339373969,SAI,Bộ 4 món ga chun 1.8m [vỏ chăn 200*230],
1.8m床笠四件套被套2.0x2.3,"Bộ ga trải giường kích thước 1.8m, bao gồm vỏ chăn, kích thước 2.0x2.3",尺寸规格,2,6.29,1,1025068686335,SAI,"Bộ 4 món ga chun 1.8m, vỏ chăn 2.0x2.3",
59cm建议身高52-59CM,"Chiều cao khuyến nghị 59cm, phù hợp với chiều cao từ 52-59cm",适合身高,2,9.25,1,533159253181,DUNG,,
160000毫安【专供跨境】,160000 mA [chuyên dụng cho thương mại xuyên biên giới],电源容量,2,6.17,1,837831056812,SAI,160000mAh [chuyên cho xuyên biên giới],
前后双摄,Camera kép phía trước và phía sau,功能,2,6.75,1,974746398145,DUNG,,
时尚正装,Trang phục trang trọng thời trang,风格,2,7.0,1,997664039525,DUNG,,
外穿拖鞋,dép,适用场地,2,0.75,1,973966857546,SAI,Dép đi ngoài,
P27-太阳恐龙,P27-Khủng long năng lượng mặt trời,颜色,2,6.25,1,760765559880,DUNG,,
清醇甘鲜,"Thanh khiết, ngọt ngào, tươi ngon",口感,2,6.5,1,1068282613188,DUNG,,
室内外通用,Thích hợp cho sử dụng trong nhà và ngoài trời,适用场景,2,7.2,1,726216955729,DUNG,,
现货加标 定制面料 定制五金 承接ODM OEM等,"Sẵn sàng giao hàng với các tùy chọn thương hiệu, vải tùy chỉnh, phần cứng tùy chỉnh. Chúng tôi chấp nhận ODM, OEM và các đơn đặt hàng sản xuất khác",支持定制,2,7.13,1,1001278542144,DUNG,,
田间瓜瓜,"Trên đồng ruộng, quả dưa đang mọc",花型,2,6.5,1,1028424982600,DUNG,,
50000毫安【专供跨境】,50000 mA [chỉ dành riêng cho thương mại xuyên biên giới],电源容量,2,6.5,1,837831056812,SAI,50000mAh [chuyên cho xuyên biên giới],
库存含预售联系客服查看现货库存,Hàng tồn kho bao gồm các mặt hàng bán trước. Liên hệ với bộ phận dịch vụ khách hàng để kiểm tra tình trạng sẵn có của hàng tồn kho hiện tại,颜色,2,7.13,1,1029727007386,DUNG,,
红色蝴蝶结,Nơ đỏ,颜色,2,0.8,1,1046124076564,DUNG,,
纯白短袖,Tay áo ngắn màu trắng tinh khiết,颜色,2,6.5,1,917198879438,SAI,Áo cộc tay trắng tinh,
微商专供,Dành riêng cho doanh nghiệp vi mô,颜色,2,6.75,1,977165033647,SAI,Chuyên cho kênh bán hàng qua mạng xã hội,
240ml硅胶奶瓶（72直径裸装）,"Bình sữa silicon cho bé, dung tích 240ml (đường kính 72mm, không có bao bì)",容量,2,6.25,1,1039909541312,DUNG,,
密条-浅粉【A类母婴级/柔软/亲肤裸睡无忧】,"Dải dày đặc - màu hồng nhạt [Loại A dành cho bà mẹ và trẻ sơ sinh/mềm mại/thân thiện với làn da, không cần lo lắng khi ngủ khỏa thân]",花型,2,6.06,1,989149657757,SAI,"Sọc dày - hồng nhạt [Loại A cấp mẹ và bé/mềm mại/thân thiện da, yên tâm ngủ không mặc đồ]",
储能回弹,Sự phục hồi của việc lưu trữ năng lượng,功能,2,7.75,1,975325787287,SAI,"Tích năng lượng, đàn hồi trả lực",
萌斑招手【粉】,Những điểm dễ thương đang chờ đợi [màu hồng],颜色,2,6.8,1,835744827506,SAI,Đốm xinh vẫy tay [hồng],
萌斑招手【紫】,Những điểm dễ thương đang chờ đợi [Màu tím],颜色,2,6.6,1,835744827506,SAI,Đốm xinh vẫy tay [tím],
规格如图,Thông số kỹ thuật như trong hình,颜色,2,6.5,1,966861936161,DUNG,,
详图咨询客服10,Chi tiết xin liên hệ bộ phận chăm sóc khách hàng 10,颜色,2,6.33,1,1074094481636,DUNG,,
详图咨询客服11,"Xem chi tiết, vui lòng liên hệ chăm sóc khách hàng 11",颜色,2,6.5,1,1074094481636,DUNG,,
详图咨询客服12,"Xem chi tiết, vui lòng liên hệ chăm sóc khách hàng 12",颜色,2,6.5,1,1074094481636,DUNG,,
详图咨询客服16,"Xem chi tiết, vui lòng liên hệ chăm sóc khách hàng 16",颜色,2,6.5,1,1074094481636,DUNG,,
详图咨询客服2,"Xem chi tiết, vui lòng liên hệ chăm sóc khách hàng 2",颜色,2,6.5,1,1074094481636,DUNG,,
详图咨询客服3,"Xem chi tiết, vui lòng liên hệ chăm sóc khách hàng 3",颜色,2,6.5,1,1074094481636,DUNG,,
详图咨询客服4,"Xem chi tiết, vui lòng liên hệ chăm sóc khách hàng 4",颜色,2,6.5,1,1074094481636,DUNG,,
详图咨询客服5,"Xem chi tiết, vui lòng liên hệ bộ phận chăm sóc khách hàng 5",颜色,2,7.5,1,1074094481636,DUNG,,
详图咨询客服6,Chi tiết xin liên hệ bộ phận chăm sóc khách hàng 6,颜色,2,6.33,1,1074094481636,DUNG,,
详图咨询客服7,"Xem chi tiết, vui lòng liên hệ chăm sóc khách hàng 7",颜色,2,6.5,1,1074094481636,DUNG,,
详图咨询客服8,"Xem chi tiết, vui lòng liên hệ chăm sóc khách hàng 8",颜色,2,6.5,1,1074094481636,DUNG,,
详图咨询客服9,"Xem chi tiết, vui lòng liên hệ chăm sóc khách hàng 9",颜色,2,6.5,1,1074094481636,DUNG,,
详情请咨询客服,Vui lòng tham khảo dịch vụ khách hàng để biết chi tiết,毛重,2,6.14,1,970700138065,DUNG,,
详情请问客服,Vui lòng hỏi dịch vụ khách hàng để biết chi tiết,箱装数量,2,6.33,1,959081581822,DUNG,,
请联系客服,Vui lòng liên hệ với dịch vụ khách hàng,商品条形码,2,6.2,1,575294150341,DUNG,,
财源滚滚,"Vạn sự hanh thông, tài lộc dồi dào",花型,2,6.5,1,1077719122033,DUNG,,
中方桶透明款,Mô hình thùng vuông trong suốt của Trung Quốc,规格,2,6.17,1,816374010272,SAI,"Thùng vuông cỡ trung, trong suốt",
锆月白（数显款）,Zirconium Moon White (Mẫu hiển thị kỹ thuật số),颜色,2,6.17,1,984666639571,SAI,Trắng ánh trăng (bản hiển thị số),
长方绿短袖白色,Áo thun ngắn tay màu xanh lá cây hình chữ nhật màu trắng,颜色,2,6.29,1,972208280412,SAI,"Áo cộc tay trắng, họa tiết chữ nhật xanh lá",
霜绿红带,dải màu đỏ sương giá màu xanh lá cây,颜色,2,7.0,1,989390574785,SAI,Xanh sương dây đỏ,
CTMM13-满印恐龙,CTMM13 - Tất cả các loại khủng long in hình,颜色,2,6.75,1,832457902131,SAI,CTMM13 - in khủng long toàn thân,
挂钩80长盒8*5.1*1.5CM,"Móc treo hộp dài 80 chiếc, kích thước 8*5.1*1.5CM",颜色,2,6.75,1,841603711877,SAI,"Hộp dài có móc treo 80, 8*5.1*1.5CM",
换季维稳,Điều chỉnh theo mùa & Tính ổn định,使用场景,2,6.5,1,709210751365,SAI,Ổn định da khi giao mùa,
Ginseng Six Treasures Tea【20小包】人参五宝茶,Trà Sâm Ngũ Bảo [20 gói nhỏ],包装规格,2,0.0,1,1034278254425,DUNG,,
黑银撞色,Màu sắc tương phản màu đen và bạc,颜色,2,6.5,1,920368441155,DUNG,,
200x230cm单件被套【A类母婴级/亲肤可裸睡】,"Vỏ chăn đơn kích thước 200x230cm [loại A, phù hợp cho trẻ sơ sinh và trẻ nhỏ, chất liệu mềm mại, có thể dùng làm đồ ngủ nhẹ]",尺寸规格,1,6.31,1,1004414797529,SAI,"Vỏ chăn đơn 200x230cm [Loại A cấp mẹ và bé/thân thiện da, có thể ngủ không mặc đồ]",
200x230cm单夏被+1.5床笠+枕套一对,"Chăn hè đơn, kích thước 200x230cm + ga trải giường có chun, kích thước 1.5m + một bộ vỏ gối",尺寸规格,1,6.22,1,1042124728337,DUNG,,
200x230cm单夏被+1.8床笠+枕套一对,"Chăn hè đơn, kích thước 200x230cm + ga trải giường có chun, kích thước 1.8m + một bộ vỏ gối",尺寸规格,1,6.22,1,1042124728337,DUNG,,
200x230cm单被套【不起球 不掉色 无静电】,Vỏ chăn đơn 200x230cm,尺寸规格,1,0.75,1,864926520702,SAI,"Vỏ chăn đơn 200x230cm [không xù lông, không phai màu, không tĩnh điện]",
2026二代黑灰M1,"M1 thế hệ thứ hai màu đen xám, phiên bản 2026",颜色,1,7.0,1,705531264322,DUNG,,
2026二代黑灰M2,"M2 thế hệ thứ hai màu đen và xám, phiên bản 2026",颜色,1,7.5,1,705531264322,DUNG,,
2144【100棉春秋款】绿,2144 [100 bông mùa xuân và mùa thu] màu xanh lá cây,颜色,1,6.2,1,875961695596,SAI,"2144 [100% cotton, mẫu xuân thu] xanh lá",
21格绿色中英文（跨境）,21 lưới màu xanh lá cây tiếng Trung và tiếng Anh (xuyên biên giới),颜色,1,6.12,1,670190693749,SAI,"21 ngăn màu xanh lá, chữ Trung-Anh (xuyên biên giới)",
220x240cm单件被套【A类母婴级/亲肤可裸睡】,"Vỏ chăn đơn kích thước 220x240cm [loại A, phù hợp cho trẻ sơ sinh và trẻ nhỏ, chất liệu mềm mại, có thể mặc trực tiếp lên da]",尺寸规格,1,6.38,1,1004414797529,SAI,"Vỏ chăn đơn 220x240cm [Loại A cấp mẹ và bé/thân thiện da, có thể ngủ không mặc đồ]",
22寸【出差必备】,22inch [Cần thiết cho những chuyến công tác],尺寸,1,6.6,1,814651350006,DUNG,,
22寸【出差必备】,22inch [Một thứ không thể thiếu cho những chuyến công tác],尺寸,1,8.8,1,815767608824,DUNG,,
22寸【良缘由夙缔，佳偶自天成】,"22inch [Hôn nhân tốt đẹp được tạo nên từ rất lâu trước, còn những cặp đôi tốt đẹp được tạo nên từ thiên đường]",尺寸,1,7.45,1,916728845801,DUNG,,
240ml(单个的价）,240ml (giá trên là giá cho một sản phẩm),容量,1,6.25,1,631321461217,DUNG,,
240ml_暖沁粉（6-12月）奶嘴重力球+【鸭嘴+吸嘴】,240ml_Màu hồng nhạt (dành cho bé từ 6-12 tháng tuổi) – bình sữa có núm vú và quả bóng tạo lực hút + [đầu vòi hình mỏ vịt + đầu hút),容量,1,6.46,1,1016692107745,SAI,240ml_Hồng ấm (6-12 tháng) núm ti bi trọng lực + [mỏ vịt + đầu hút],
240ml_珍珠米（1-3岁）吸嘴直吸管+【鸭嘴+吸嘴】,240ml_Bình nước hình hạt ngọc trai (dành cho trẻ từ 1-3 tuổi) có ống hút trực tiếp + [đầu vòi hình mỏ vịt + đầu vòi hút],容量,1,6.08,1,1016692107745,SAI,240ml_Trắng ngọc trai (1-3 tuổi) đầu hút ống thẳng + [mỏ vịt + đầu hút],
240ml【6-12月+】自带十字嘴+鸭嘴+吸嘴+吸管+手柄,"Dung tích 240ml [dành cho bé từ 6-12 tháng tuổi trở lên], đi kèm với vòi hình chữ thập, vòi hình mỏ vịt, miếng hút, ống hút và tay cầm",容量,1,6.43,1,1069693879667,DUNG,,
240ml奶瓶A款裸装（绿色）,"Bình sữa cho bé, dung tích 240ml, mẫu A, bao bì đơn giản (màu xanh lá cây)",容量,1,6.71,1,1071056425089,DUNG,,
240ml奶瓶B款裸装（棕色）,"Bình sữa cho bé, dung tích 240ml, mẫu B, thiết kế đơn giản (màu nâu)",容量,1,6.14,1,1071056425089,SAI,"Bình sữa 240ml mẫu B, không hộp (nâu)",
240ml彩绘叶子【6-9月】PPSU,"Chai hình lá vẽ, dung tích 240ml [Tháng 6 - Tháng 9], chất liệu PPSU",容量,1,7.6,1,1055788811732,SAI,240ml họa tiết lá vẽ [6-9 tháng tuổi] PPSU,
240ml玻璃奶瓶【L码6-10月】,"Bình sữa thủy tinh cho bé, dung tích 240ml [Kích cỡ L, dành cho bé từ 6 đến 10 tháng tuổi]",容量,1,9.5,1,1065571490898,DUNG,,
240ml玻璃奶瓶【M码3-6月】,"Bình sữa thủy tinh 240ml [Kích cỡ M, dành cho bé từ 3-6 tháng tuổi]",容量,1,6.83,1,1065571490898,DUNG,,
240ml自带S（1-3月）+M码2个,"240ml, đi kèm với cỡ S (dành cho bé từ 1-3 tháng tuổi) + 2 sản phẩm cỡ M",容量,1,7.8,1,1019013612298,SAI,240ml kèm núm S (1-3 tháng) + 2 núm cỡ M,
240ml自带十字嘴（6月+）+吸嘴+鸭嘴【手柄款】,"Dung tích 240ml, đi kèm vòi hình chữ thập (dành cho bé từ 6 tháng tuổi trở lên) + vòi hút + vòi hình mỏ vịt [phiên bản có tay cầm]",容量,1,6.69,1,1019013612298,DUNG,,
240ml黄色名流豹【3-6月】PPSU,240ml Bình sữa PPSU họa tiết báo vàng nổi tiếng [Tháng 3-Tháng 6],容量,1,6.5,1,1055788811732,SAI,240ml báo vàng sành điệu [3-6 tháng tuổi] PPSU,
24格20*14*1.7cm（无挂钩）,"24 ngăn, kích thước 20*14*1.7cm (không kèm móc treo)",颜色,1,7.0,1,822987492704,DUNG,,
250ml奶瓶A款绿色（彩盒装）,"Bình sữa cho bé loại A, dung tích 250ml, màu xanh lá cây (đóng gói trong hộp màu)",容量,1,6.75,1,1071056425089,DUNG,,
26*26 独立包装,"26*26, mỗi sản phẩm được đóng gói riêng",规格,1,6.5,1,1047191549729,DUNG,,
260ml【自带s】1-3月+m码2个【送！温奶垫】,260ml[có ống hút tích hợp]dành cho bé 1-3 tháng tuổi+size M 2 chiếc[miễn phí! miếng giữ nhiệt bình sữa],容量,1,7.56,1,1069792730244,SAI,260ml [kèm núm S] 1-3 tháng + 2 núm cỡ M [tặng miếng giữ ấm sữa],
280#【长63宽44高35cm】带轮,280 # [chiều dài 63 chiều rộng 44 chiều cao 35cm] với bánh xe,尺寸,1,6.8,1,735283254705,DUNG,,
28掌纹浅粉,"28, họa tiết hình bàn tay, màu hồng nhạt",颜色,1,7.0,1,1030781049483,DUNG,,
2包【约5g/包】代发定制 详询客服,"2 gói [khoảng 5g/gói] tùy chỉnh, vui lòng liên hệ bộ phận chăm sóc khách hàng để biết chi tiết",包装规格,1,6.18,1,971475950156,SAI,"2 gói [khoảng 5g/gói] nhận dropship, đặt làm, chi tiết hỏi CSKH",
30#【长30宽21高17cm】无轮,30 # [chiều dài 30 chiều rộng 21 chiều cao 17cm] không có bánh xe,尺寸,1,7.6,1,735283254705,DUNG,,
30*20HAPPY狗竹节包,"Túi tre đựng đồ hình chó ""HAPPY"" kích thước 30*20",颜色,1,7.0,1,934155955958,SAI,Túi quai trúc chó HAPPY 30*20,
30*20国风蓝HAPPY狗,30*20 phong cách dân tộc màu xanh HAPPY dog,颜色,1,6.25,1,934155955958,SAI,"30*20 xanh phong cách Trung Hoa, chó HAPPY",
30*20国风蓝斑点狗,"Chó Dalmatian xanh dương phong cách dân tộc, kích thước 30x20",颜色,1,7.67,1,934155955958,DUNG,,
30*20国风蓝编织把HAPPY,"Tay cầm dệt kiểu Trung Quốc màu xanh dương 30*20, chữ ""HAPPY"" (Hạnh Phúc)",颜色,1,7.5,1,934155955958,DUNG,,
30*30 独立包装,"30*30, mỗi sản phẩm được đóng gói riêng",规格,1,6.5,1,1047191549729,DUNG,,
300mL偏中心PPSU水杯【12+】,"Ly đựng nước PPSU dung tích 300ml, có thiết kế phần thân hơi lệch khỏi tâm [12+]",容量,1,9.8,1,1010609584811,DUNG,,
300ml_暖沁粉（6-12月）奶嘴重力球+【鸭嘴+吸嘴】,300ml_Màu hồng nhạt (dành cho bé từ 6-12 tháng tuổi) + bóng tạo lực hút tự nhiên + [đầu hút hình mỏ vịt + đầu hút có lực hút],容量,1,6.15,1,1016692107745,SAI,300ml_Hồng ấm (6-12 tháng) núm ti bi trọng lực + [mỏ vịt + đầu hút],
300ml【6-12月+】自带十字嘴+鸭嘴+吸嘴+吸管+手柄,"Dung tích 300ml [dành cho bé từ 6-12 tháng tuổi trở lên], đi kèm với vòi hình chữ thập, vòi hình mỏ vịt, miếng hút, ống hút và tay cầm",容量,1,6.43,1,1069693879667,DUNG,,
300ml偏中心PPSU奶瓶【Y12+】,"Bình sữa PPSU cho bé, dung tích 300ml, có vòi hút ở giữa [Y12+]",容量,1,6.6,1,1010609584811,SAI,Bình sữa PPSU 300ml núm lệch tâm [Y12+],
300ml标配-鸭嘴,300ml tiêu chuẩn - vòi phun hình mỏ vịt,容量,1,6.25,1,1040822938615,DUNG,,
300ml（6个月以上选）,300ml (khuyến nghị cho trẻ từ 6 tháng tuổi trở lên),容量,1,6.6,1,1018905253344,DUNG,,
30684-3浅驼棕（中筒内增高4cm),"30684-3 Màu nâu lạc đà nhạt (dài đến giữa bắp chân, tăng chiều cao bên trong 4cm)",颜色,1,6.5,1,1079172024819,DUNG,,
30687-5浅驼棕（中筒内增高7cm),"30687-5 Nâu Lạc Đà Sáng (Chiều cao đến giữa bắp chân, tăng chiều cao bên trong 7cm)",颜色,1,6.75,1,1079172024819,DUNG,,
30687浅驼棕（短筒内增高7cm),"30687 Màu nâu lạc đà nhạt (tăng chiều cao bên trong 7cm, phù hợp với những đôi bốt ngắn)",颜色,1,7.38,1,1079172024819,DUNG,,
30CM瓶高（配10瓶2球）,Chiều cao của bộ sản phẩm là 30cm (bao gồm 10 chai và 2 quả bóng),颜色,1,8.2,1,1055473220828,SAI,Chai cao 30cm (kèm 10 chai 2 bóng),
30元/斤绿版龙井,30 nhân dân tệ/jin phiên bản màu xanh lá cây của Long Tỉnh,包装规格,1,7.17,1,1281488287,DUNG,,
30包【约5g/包】代发定制 详询客服,"30 gói [khoảng 5g/gói] giao hàng tùy chỉnh, vui lòng liên hệ bộ phận chăm sóc khách hàng để biết chi tiết",包装规格,1,6.91,1,971475950156,SAI,"30 gói [khoảng 5g/gói] nhận dropship, đặt làm, chi tiết hỏi CSKH",
330ml粉色【6-9月】hegen同款,330ml màu hồng [tháng 6-tháng 9] kiểu dáng tương tự như Hegen,容量,1,7.0,1,1031750559254,SAI,330ml hồng [6-9 tháng tuổi] cùng kiểu Hegen,
3515强人-蓝色,3515 người đàn ông mạnh mẽ-màu xanh lam,颜色,1,6.75,1,728190834941,SAI,3515 Cường Nhân - xanh lam,
36(偏小一码),"36 (size hơi nhỏ, nên chọn lớn hơn một cỡ)",尺码,1,7.0,1,1050362889344,DUNG,,
360#【长70宽48高38cm】带轮,"360 # [Chiều dài 70cm, chiều rộng 48cm, chiều cao 38cm]. Có bánh xe",尺寸,1,7.4,1,1049519824286,DUNG,,
360#【长70宽48高38cm】带轮,360 # [chiều dài 70 chiều rộng 48 chiều cao 38cm] bánh xe,尺寸,1,6.2,1,735283254705,DUNG,,
36（偏小一码）,"36 (kích thước nhỏ, nên cân nhắc đặt lớn hơn một cỡ)",尺码,1,9.0,1,1042965305235,DUNG,,
36（对应脚长233.34）,36 (tương ứng với chiều dài bàn chân 233.34),尺码,1,6.5,1,902545677972,DUNG,,
37(偏小一码),"37 (size hơi nhỏ, nên chọn lớn hơn một cỡ)",尺码,1,7.0,1,1050362889344,DUNG,,
37偏大一码（需要半码联系客服）,37 có kích thước lớn hơn (vui lòng liên hệ bộ phận dịch vụ khách hàng nếu bạn cần size nhỏ hơn một nửa),尺码,1,6.33,1,1069529172595,SAI,37 rộng hơn một cỡ (cần nửa cỡ liên hệ CSKH),
37鞋子偏瘦建议拍大一码,"Đối với giày cỡ 37, có xu hướng chạy hẹp, chúng tôi khuyên bạn nên đặt hàng lớn hơn một cỡ",尺码,1,6.6,1,938684434836,DUNG,,
37（对应脚长240）,37 (tương ứng với chiều dài bàn chân 240),尺码,1,6.5,1,902545677972,DUNG,,
38(偏小一码),"38 (kích thước nhỏ, nên cân nhắc đặt lớn hơn một cỡ)",尺码,1,9.0,1,1050362889344,DUNG,,
38-39（偏小一码）,38-39 (size nhỏ hơn so với thông thường),尺码,1,6.5,1,1061822596841,DUNG,,
38-40原味【10条】送10袋干料,38-40 hương vị nguyên bản [10 miếng] miễn phí 10 túi nguyên liệu khô,包装规格,1,6.29,1,857740763195,DUNG,,
38-40原味【5条】送5袋干料,38-40 hương vị nguyên bản [5 miếng] miễn phí 5 túi nguyên liệu khô,包装规格,1,6.29,1,857740763195,DUNG,,
38/39（适合平时37-38）,38/39 (thích hợp cho những ngày bình thường 37-38),尺码,1,7.5,1,824632784846,SAI,38/39 (hợp người thường đi cỡ 37-38),
38/39（适合平时37-38）,38/39 (thích hợp cho thời điểm bình thường 37-38),尺码,1,7.25,1,884921458182,SAI,38/39 (hợp người thường đi cỡ 37-38),
380#【长70宽49高40cm】带轮,380 # [chiều dài 70 chiều rộng 49 chiều cao 40cm] bánh xe,尺寸,1,6.2,1,735283254705,DUNG,,
38定做不退不换,"38 Sản phẩm được làm theo yêu cầu riêng, không chấp nhận đổi trả",尺码,1,8.0,1,1083197940114,DUNG,,
38（对应脚长246.66）,38 (tương ứng với chiều dài bàn chân 246.66),尺码,1,6.5,1,902545677972,DUNG,,
39(偏小一码),"39 (kích thước nhỏ, nên cân nhắc đặt lớn hơn một cỡ)",尺码,1,9.0,1,1050362889344,DUNG,,
39（对应脚长253.32）,39 (tương ứng với chiều dài bàn chân 253.32),尺码,1,6.5,1,902545677972,DUNG,,
3XL（需求多件请私聊客服）,3XL (vui lòng liên hệ riêng với bộ phận chăm sóc khách hàng nếu bạn cần nhiều sản phẩm),尺码,1,7.11,1,810568981698,DUNG,,
3寸单录1080P（不带WIFI版）无卡,32G内存卡,颜色分类,1,0.0,1,867740123671,SAI,3inch ghi đơn 1080P (bản không WIFI) không kèm thẻ,
3寸双录1080P（不带WIFI版）无卡,64G内存卡,颜色分类,1,0.0,1,867740123671,SAI,3inch ghi kép 1080P (bản không WIFI) không kèm thẻ,
3镜头投屏记录仪,Camera hành trình 3 ống kính có chức năng phản chiếu màn hình,颜色分类,1,6.86,1,676318592392,DUNG,,
40#【长39.5宽29.5高22】高透,40 # [Dài 39.5 Chiều rộng 29.5 Chiều cao 22] Độ trong suốt cao,颜色,1,6.8,1,949658113080,DUNG,,
40(偏小一码),"40 (size hơi nhỏ, nên chọn lớn hơn một cỡ)",尺码,1,7.0,1,1050362889344,DUNG,,
40/41（适合平时39-40）,40/41 (thích hợp cho thời điểm bình thường 39-40),尺码,1,7.25,1,884921458182,SAI,40/41 (hợp người thường đi cỡ 39-40),
40【偏小一码】,"40 [Sản phẩm có kích cỡ nhỏ hơn so với thông thường, nên cân nhắc chọn cỡ lớn hơn một chút khi đặt hàng]",尺码,1,19.0,1,1025220234053,DUNG,,
40元/斤绿版龙井,40 nhân dân tệ/kg phiên bản màu xanh lá cây Long Tỉnh,包装规格,1,6.5,1,1281488287,SAI,"40 tệ/cân (500g), Long Tỉnh bản xanh",
40鞋子偏瘦建议拍大一码,"Đối với cỡ giày 40, nếu bạn có bàn chân hẹp, chúng tôi khuyên bạn nên đặt hàng lớn hơn một cỡ",尺码,1,6.8,1,938684434836,DUNG,,
40（对应脚长259.98）,40 (tương ứng với chiều dài bàn chân 259.98),尺码,1,6.5,1,902545677972,DUNG,,
41(偏小一码),"41 (size hơi nhỏ, nên chọn lớn hơn một cỡ)",尺码,1,7.0,1,1050362889344,DUNG,,
41（对应脚长266.64）,41 (tương ứng với chiều dài bàn chân 266.64),尺码,1,6.5,1,902545677972,DUNG,,
42-43（建议脚长26cm左右）,42-43 (khuyên dùng cho người có chiều dài bàn chân khoảng 26cm),尺码,1,6.83,1,1043770268966,DUNG,,
42/43（适合平时41-42）,42/43 (thích hợp cho thời điểm bình thường 41-42),尺码,1,7.25,1,884921458182,SAI,42/43 (hợp người thường đi cỡ 41-42),
42鞋子偏瘦建议拍大一码,"Đối với cỡ giày 42, có xu hướng hẹp, chúng tôi khuyên bạn nên đặt hàng lớn hơn một cỡ",尺码,1,6.2,1,938684434836,DUNG,,
42（对应脚长273.3）,42 (tương ứng với chiều dài bàn chân 273.3),尺码,1,6.5,1,902545677972,DUNG,,
43(偏小一码),"43 (size hơi nhỏ, nên chọn lớn hơn một cỡ)",尺码,1,7.0,1,1050362889344,DUNG,,
43（对应脚长279.96）,43 (tương ứng với chiều dài bàn chân 279.96),尺码,1,6.5,1,902545677972,DUNG,,
44-45码数，300起定,"Size 44-45, số lượng đặt hàng tối thiểu 300 chiếc",尺码,1,7.75,1,785418483084,DUNG,,
44-46原味【10条】送10袋干料,44-46 hương vị nguyên bản [10 miếng] miễn phí 10 túi nguyên liệu khô,包装规格,1,6.29,1,857740763195,DUNG,,
44-46原味【5条】送5袋干料,44-46 hương vị nguyên bản [5 miếng] miễn phí 5 túi nguyên liệu khô,包装规格,1,6.29,1,857740763195,DUNG,,
44/45（适合平时43-44）,44/45 (thích hợp cho thời điểm bình thường 43-44),尺码,1,7.25,1,884921458182,SAI,44/45 (hợp người thường đi cỡ 43-44),
45*33*33【薄款无隔】,45*33*33 [mô hình mỏng không có vách ngăn],颜色,1,6.25,1,981030298416,SAI,45*33*33 [kiểu mỏng không vách ngăn],
45鞋子偏瘦建议拍大一码,"Đối với cỡ giày 45, có xu hướng hẹp, chúng tôi khuyên bạn nên đặt hàng lớn hơn một cỡ",尺码,1,6.2,1,938684434836,DUNG,,
46鞋子偏瘦建议拍大一码,"Đối với cỡ giày 46, có xu hướng hẹp, chúng tôi khuyên bạn nên đặt hàng lớn hơn một cỡ",尺码,1,6.2,1,938684434836,DUNG,,
478#黑白【充电+听歌】,478 # Black and White [Đang nghe bài hát có thể sạc lại],颜色,1,6.33,1,685084974048,SAI,478# Đen trắng [sạc + nghe nhạc],
48*74cm枕套一对【亲肤-裸睡级】,"Một cặp vỏ gối kích thước 48*74cm [chất liệu mềm mại, thân thiện với da – phù hợp để ngủ không mặc quần áo]",尺寸规格,1,8.11,1,1031807204078,DUNG,,
480#【长81宽60高48cm】带轮,480 # [chiều dài 81 chiều rộng 60 chiều cao 48cm] bánh xe,尺寸,1,6.2,1,735283254705,DUNG,,
4879.透明筐-高款,4879. Giỏ đựng đồ trong suốt - kiểu dáng cao cấp,颜色,1,6.4,1,864390840464,SAI,4879. Giỏ trong suốt - kiểu cao,
4K【黑光夜视】+128G,4K [Tầm nhìn ban đêm bằng ánh sáng đen] +128G,规格尺寸,1,6.75,1,934486797803,SAI,4K [nhìn đêm siêu sáng (black light)] +128G,
4K【黑光夜视】+64G,4K [Tầm nhìn ban đêm bằng ánh sáng đen] +64G,规格尺寸,1,6.75,1,934486797803,SAI,4K [nhìn đêm siêu sáng (black light)] +64G,
4K超高清前后双录,Ghi hình kép phía trước và phía sau độ phân giải cực cao 4K,颜色分类,1,6.29,1,614347155734,DUNG,,
4XL（需求多件请私聊客服）,4XL (vui lòng liên hệ riêng với bộ phận chăm sóc khách hàng nếu bạn cần nhiều sản phẩm),尺码,1,7.11,1,810568981698,DUNG,,
5#白色带盖28.5*22*9cm,5# mờ 28.5 * 22 * 9cm,颜色,1,0.5,1,660015885694,SAI,5# trắng có nắp 28.5*22*9cm,
50#【长38宽27高20cm】无轮,50 # [chiều dài 38 chiều rộng 27 chiều cao 20cm] không có bánh xe,尺寸,1,7.6,1,735283254705,DUNG,,
50000Ah【专供跨境】,50000Ah [chuyên dụng cho thương mại xuyên biên giới],电源容量,1,8.75,1,944723477137,DUNG,,
507银杏纷飞,Cookies Bear (có kích thước nhỏ),花型,1,6.25,1,825531852668,SAI,507 Lá bạch quả bay,
50元/斤绿版龙井,50 nhân dân tệ/kg phiên bản màu xanh lá cây Long Tỉnh,包装规格,1,6.5,1,1281488287,SAI,"50 tệ/cân (500g), Long Tỉnh bản xanh",
511魅影-橘（有小号）,K04艾瑞-紫,花型,1,0.67,1,825531852668,SAI,511 Mị Ảnh - cam (có cỡ nhỏ),
512魅影-粉（有小号）,507银杏纷飞,花型,1,0.67,1,825531852668,SAI,512 Mị Ảnh - hồng (có cỡ nhỏ),
516格调生活-蓝（有小号）,K05艾瑞-灰,花型,1,0.5,1,825531852668,SAI,516 Phong cách sống - xanh (có cỡ nhỏ),
5207H双面球拍【两拍+1吸盘球+1软球】,Vợt 907H1 [Xanh lam],颜色,1,0.91,1,981499853730,SAI,5207H vợt hai mặt [2 vợt + 1 bóng hút + 1 bóng mềm],
523赛纳河畔紫,mèo K03,花型,1,0.8,1,825531852668,SAI,523 Tím bờ sông Seine,
52码：90g 59码：100g 66码：110g 73码：115g,Kích thước 52: 90g Kích thước 59: 100g Kích thước 66: 110g Kích thước 73: 115g,重量,1,9.0,1,892573812920,DUNG,,
59cm 【1-3月，建议体重3.5-6.9kg】,"59cm [Tháng 1 đến tháng 3, trọng lượng khuyến nghị 3.5-6.9kg]",适合身高,1,6.6,1,978070759551,SAI,"59cm [1-3 tháng, cân nặng gợi ý 3.5-6.9kg]",
5代【+AR音效+智能】✦♢,Thế hệ thứ 5 [+hiệu ứng âm thanh AR + trí thông minh] ✦♢,类型,1,6.8,1,1001281206168,DUNG,,
5年(含)-15年(含),Từ 5 năm (tính cả năm đó) đến 15 năm (tính cả năm đó),普洱茶年份,1,8.25,1,1001705511108,DUNG,,
6.5*6.5*2CM（1500一箱）方盒,Hộp vuông kích thước 6.5 x 6.5 x 2 cm (1500 cái/hộp),颜色,1,6.25,1,1068193042021,DUNG,,
603-1营养早餐玩具,772-122兔兔收纳包,颜色,1,0.83,1,710161514846,SAI,603-1 Đồ chơi bữa sáng dinh dưỡng,
60ml硅胶喂药瓶（彩盒装）,"Lọ đựng thuốc làm từ silicone, dung tích 60ml (đóng gói trong hộp màu)",容量,1,6.25,1,1072460554044,DUNG,,
60包【约5g/包】代发定制 详询客服,"60 gói [khoảng 5g/gói] giao hàng tùy chỉnh, vui lòng liên hệ bộ phận chăm sóc khách hàng để biết chi tiết",包装规格,1,6.91,1,971475950156,SAI,"60 gói [khoảng 5g/gói] nhận dropship, đặt làm, chi tiết hỏi CSKH",
63.5*44.4*31【可收纳冬衣棉被】,63.5 x 44.4 x 31 [Có thể dùng để đựng quần áo và chăn bông cho mùa đông],尺寸,1,6.14,1,1076609178037,DUNG,,
63.5*44.4*40【可收纳冬衣棉被】,63.5 x 44.4 x 40 [Có thể dùng để đựng quần áo và chăn dùng trong mùa đông],尺寸,1,6.43,1,1076609178037,DUNG,,
65元/斤绿版龙井,65 nhân dân tệ/kg phiên bản màu xanh lá cây Long Tỉnh,包装规格,1,6.5,1,1281488287,SAI,"65 tệ/cân (500g), Long Tỉnh bản xanh",
66【建议3-6月13-15斤】,66[Khuyến nghị từ tháng 3 đến tháng 6 năm 6.5-7.5kg],适合身高,1,7.5,1,949207429600,SAI,"66 [gợi ý 3-6 tháng, 6.5-7.5kg]",
699-113剥皮蔬菜吸塑板装,023-24 TàuT,颜色,1,0.5,1,710161514846,SAI,"699-113 Rau củ bóc vỏ, vỉ nhựa",
6代浅蓝白,Thế hệ thứ 6 màu xanh nhạt và trắng,颜色,1,6.5,1,976220136533,DUNG,,
7.5白黑灯鞋,7.5 đôi giày phát sáng màu trắng và đen,颜色,1,7.0,1,956583248492,DUNG,,
7079云间星梦,7079 Giấc mơ về những vì sao trên mây,颜色,1,6.25,1,1065709726137,DUNG,,
70迈A400蓝色3K+128G+UP02停车监控,"Camera hành trình 70mai A400 Blue 3K, bộ nhớ 128GB, tích hợp tính năng giám sát đỗ xe UP02",颜色分类,1,7.71,1,785167675201,DUNG,,
70迈A400蓝色3K+RC11后录,Camera hành trình 70mai A400 Blue 3K kèm camera sau RC11,颜色分类,1,6.8,1,785167675201,DUNG,,
73cm建议身高68-74,"Chiều cao khuyến nghị 73cm, phù hợp với chiều cao từ 68-74cm",适合身高,1,9.75,1,970083299851,DUNG,,
73【建议6-9月15-17斤】,73[Khuyến nghị từ tháng 6 đến tháng 9 năm 7.5-8.5kg],适合身高,1,7.5,1,949207429600,SAI,"73 [gợi ý 6-9 tháng, 7.5-8.5kg]",
80000毫安【专供跨境】,80000 mAh [Dành riêng cho thương mại xuyên biên giới],电源容量,1,6.17,1,994564552220,DUNG,,
80元/斤绿版龙井,80 nhân dân tệ/kg phiên bản màu xanh lá cây Long Tỉnh,包装规格,1,6.5,1,1281488287,SAI,"80 tệ/cân (500g), Long Tỉnh bản xanh",
80建议身高73-80cm,"Chiều cao khuyến nghị 80cm, phù hợp với chiều cao từ 73-80cm",适合身高,1,9.75,1,976053155567,DUNG,,
895白色全套,Bộ sản phẩm hoàn chỉnh màu trắng 895,颜色,1,6.5,1,935469758421,DUNG,,
9.66寸前4K后1080P+中文投屏,"9.66inch Camera trước 4K, camera sau 1080P + Chiếu màn hình tiếng Trung",颜色分类,1,6.57,1,909838468038,DUNG,,
9.66寸前4K后1080P+国外版投屏,9.66inch Camera trước 4K và camera sau 1080P + trình chiếu màn hình phiên bản quốc tế,颜色分类,1,7.12,1,909838468038,DUNG,,
9.66寸流媒体-触摸屏-前1080P+后720P,9.66inch Truyền phát đa phương tiện-màn hình cảm ứng phía trước 1080P + phía sau 720P,颜色分类,1,6.11,1,810717840004,DUNG,,
9.66寸流媒体双录（前720P＋480P）,9.66inch Ghi âm kép phương tiện phát trực tuyến (mặt trước 720P+480P),颜色分类,1,6.14,1,810717840004,SAI,9.66inch màn hình streaming ghi kép (trước 720P + 480P),
9.66流媒体单录1080P,9.66 Phương tiện truyền trực tuyến ghi âm đơn 1080P,颜色分类,1,6.6,1,722948088307,SAI,9.66inch màn hình streaming ghi đơn 1080P,
907H1【蓝粉】球拍,899-608 [Vợt vàng + vợt xanh] Vợt đàn hồi lớn,颜色,1,6.25,1,981499853730,SAI,907H1 [xanh hồng] vợt,
90cm建议身高83-90,"Chiều cao khuyến nghị 90cm, phù hợp với chiều cao từ 83-90cm",适合身高,1,9.75,1,970083299851,DUNG,,
90【建议15月-2岁21-24斤】,90[Khuyên dùng cho trẻ từ 15 tháng đến 2 tuổi 10.5-12kg],适合身高,1,6.4,1,949207429600,DUNG,,
90【建议8-15月宝宝】,90 [Được khuyến nghị cho trẻ từ 8 đến 15 tháng tuổi],适合身高,1,6.8,1,1072307907004,DUNG,,
90包【约5g/包】代发定制 详询客服,"90 gói [khoảng 5g/gói] giao hàng tùy chỉnh, vui lòng liên hệ bộ phận chăm sóc khách hàng để biết chi tiết",包装规格,1,6.91,1,971475950156,SAI,"90 gói [khoảng 5g/gói] nhận dropship, đặt làm, chi tiết hỏi CSKH",
90建议身高75-85CM,Chiều cao khuyến nghị: 75-85cm (tương đương cỡ 90),适合身高,1,7.5,1,1017116520583,DUNG,,
95款-40-46-联名军绿,Mẫu 95 - 40-46 - phiên bản hợp tác màu xanh quân đội,颜色,1,6.2,1,1013739286924,DUNG,,
@亲肤不起球-草绿果绿,@Thân thiện với da và chống xù lông - màu xanh lá cây và xanh lá cây trái cây,花型,1,6.33,1,1061446927252,SAI,"@Thân thiện da, không xù lông - xanh cỏ xanh táo",
A类母婴级,Loại A dành cho bà mẹ và trẻ sơ sinh,安全标准,1,6.5,1,988494406415,DUNG,,
A类母婴纯色日式风&【优雅&粉】超级软,"Bộ quần áo cho bé và bà bầu kiểu Nhật, chất liệu cao cấp, màu sắc đơn giản, [thiết kế thanh lịch và màu hồng], siêu mềm mại",花型,1,6.36,1,1079268148191,SAI,"Loại A cấp mẹ và bé, màu trơn phong cách Nhật & [Thanh lịch & hồng] siêu mềm",
A类母婴纯色日式风&【玛瑙&黄】超级软,"Dòng sản phẩm A dành cho mẹ và bé, màu trơn, kiểu dáng Nhật Bản và [màu đá thạch anh và vàng], chất liệu siêu mềm mại",花型,1,6.07,1,1079268148191,SAI,"Loại A cấp mẹ và bé, màu trơn phong cách Nhật & [Mã não & vàng] siêu mềm",
B2显毫碧螺春——2026年雨前特细显毫浓香款,TH7 giống địa phương có mùi thơm hạt dẻ đặc biệt Biluochun 2026 trà mới - đuôi mùa xuân giống địa phương có hiệu quả cao với mùi thơm nồng và hương vị lâu dài,包装规格,1,7.8,1,41497635875,SAI,"B2 Bích La Xuân hiện tuyết — 2026 trước Cốc Vũ, búp siêu nhỏ, hương đậm",
C10 高速内存卡4G,Dây chuyền giảm áp 1A (sử dụng giám sát đỗ xe 24 giờ),颜色分类,1,6.8,1,870266797148,SAI,Thẻ nhớ tốc độ cao C10 4G,
C10 高速内存卡4G,Đường bước xuống 1A (dùng để giám sát đỗ xe 24h),颜色分类,1,6.2,1,950985493991,SAI,Thẻ nhớ tốc độ cao C10 4G,
C18三镜头+GPS轨迹+ACC降压线（Carplay+Android Auto ）,Camera hành trình ba ống kính C18 + Theo dõi GPS + Cáp giảm áp ACC (Tương thích Carplay) Android tự động),颜色分类,1,6.5,1,922256151725,DUNG,,
D15 4G远程10.1寸屏声控+触摸屏+BSD+4路摄像头+声光报警器,D15 4G Điều khiển từ xa 10.1inch Màn hình Điều khiển bằng giọng nói + Màn hình cảm ứng + BSD (Phát hiện điểm mù) + Camera 4 kênh + Báo động bằng âm thanh và hình ảnh,颜色分类,1,6.06,1,726574752419,DUNG,,
D8双路 车前+车内,Camera hành trình D8 kênh đôi (Mặt trước & Nội thất),颜色分类,1,6.17,1,719048095151,DUNG,,
D8双路 车前+车内+WIFI手机APP,Camera hành trình D8 Dual-Channel: Ghi hình trước & trong xe với ứng dụng di động Wi-Fi,颜色分类,1,7.25,1,719048095151,DUNG,,
D8双路 车前+车后+WIFI手机APP,Camera hành trình kênh đôi D8: Ghi hình phía trước và phía sau với ứng dụng di động Wi-Fi,颜色分类,1,7.5,1,719048095151,DUNG,,
DASSFN紧致提拉面膜【5片/盒】,LRMO Trẻ hóa Axit Hyaluronic Hydrating Full Import Bose Ampoule Mask [5 cái/hộp],产品规格,1,7.25,1,731444260218,SAI,Mặt nạ săn chắc nâng cơ DASSFN [5 miếng/hộp],
DASSFN胶原水光紧致面膜【5片/盒】,施逅富勒烯冰膜面膜[5片/盒]新款,产品规格,1,0.7,1,903709356260,SAI,Mặt nạ collagen căng bóng săn chắc DASSFN [5 miếng/hộp],
DH-old半拉链长袖套装灰白色,XHB-79半拉链长袖套装灰白,颜色,1,0.7,1,1056929893762,SAI,DH-old bộ dài tay nửa khóa kéo màu xám trắng,
FLOWERWAY青少年清透雪泥洁面乳100g新版,新旧版本对比,产品规格,1,0.0,1,917130903132,SAI,Sữa rửa mặt bùn tuyết trong trẻo cho thiếu niên FLOWERWAY 100g bản mới,
G06#纯爱战神白月光,G06. # Tinh Khiết Tình Yêu Thần Chiến Tranh Ánh Trăng Trắng,颜色,1,6.14,1,986189453149,DUNG,,
Gelianna格莲娜红蜜提拉紧致胶原面膜（盒装）,DASSFN三重胶原紧塑修容膜（4片/盒）,产品规格,1,0.6,1,984375601609,SAI,Mặt nạ collagen mật đỏ nâng cơ săn chắc Gelianna (hộp),
HELLO猫咪-白粉,XIN CHÚC MỘT NGÀY TỐT GỌN - Bột trắng mịn,花型,1,6.5,1,934290294686,SAI,HELLO mèo - trắng hồng,
HERORANGE沁微抚唇润泽唇釉,Men dưỡng ẩm môi,产品名称,1,0.5,1,811090405784,SAI,Son bóng dưỡng ẩm môi HERORANGE,
HT-078记忆碰碰棋【大礼盒】,[彩盒]987-122弹珠保龄球,颜色,1,0.62,1,941143133995,SAI,HT-078 Cờ trí nhớ va chạm [hộp quà lớn],
HT-096数学运算桌游【大礼盒】,556-201欢乐锤豆豆[礼盒],颜色,1,0.56,1,941143133995,SAI,HT-096 Board game phép tính toán [hộp quà lớn],
HT-097桌面足球赛游戏【大礼盒】,[彩盒]556-44萌叶叠叠玩,颜色,1,0.5,1,941143133995,SAI,HT-097 Trò chơi bóng đá bàn [hộp quà lớn],
K01顽皮狗-桔,513魅影-灰,花型,1,0.5,1,825531852668,SAI,K01 Chó tinh nghịch - cam,
K02顽皮狗-蓝（有小号）,512魅影-粉（有小号）,花型,1,0.71,1,825531852668,SAI,K02 Chó tinh nghịch - xanh (có cỡ nhỏ),
K1 双录(车内后啦) 12V,K1 Camera Hành Trình Ghi Hình Hai Mắt (Camera Lùi Xe Hơi) 12V,规格尺寸,1,7.0,1,950900280902,DUNG,,
K428商超百货—生鲜店—205PCS,Cửa hàng bách hóa siêu thị K428—Cửa hàng thực phẩm tươi sống—205 CÁI,颜色,1,6.29,1,991950362179,DUNG,,
K480甜甜双阁,"K480 Khuôn Mẫu ""Sweet Double Pavilion""",颜色,1,6.75,1,909718410352,SAI,K480 Nhà hai gác ngọt ngào,
KISSMWAH小球藻莹润面膜-片装25ml,"Mặt nạ dưa đỏ KORMESIC 25ml [Bán hàng xuất khẩu ngoại thương, bán hàng trong nước bị cấm, mua hàng có nghĩa là miễn trừ trách nhiệm và trách nhiệm]",产品规格,1,11.33,1,977936456639,SAI,Mặt nạ tảo lục căng bóng KISSMWAH - dạng miếng 25ml,
KISSMWAH青少年积雪草氨基酸控油洗面奶100g,KISSMWAH硫磺净颜控油洁面乳100g,产品规格,1,0.64,1,684112611914,SAI,Sữa rửa mặt amino acid rau má kiềm dầu cho thiếu niên KISSMWAH 100g,
KORMESIC木炭清洁提亮面膜（外贸）25ml“特价”,"Mặt nạ mật ong [Bán hàng xuất khẩu ngoại thương, bán hàng trong nước bị cấm, mua hàng có nghĩa là miễn trừ trách nhiệm và trách nhiệm]",产品规格,1,7.75,1,977936456639,SAI,"Mặt nạ than hoạt tính làm sạch, sáng da KORMESIC (xuất khẩu) 25ml ""giá đặc biệt""",
KORMESIC胶原蛋白面膜25ml[仅供外贸出口销售，禁止国内销售，购买即默认免责声明且承责任],KISSMWAH Mặt Nạ Dưỡng Ẩm Chlorella - Dạng Tờ 25ml,产品规格,1,0.82,1,977936456639,SAI,"Mặt nạ collagen KORMESIC 25ml [chỉ bán xuất khẩu, cấm bán trong nước, mua hàng là mặc định chấp nhận miễn trừ trách nhiệm và tự chịu trách nhiệm]",
"KORMESIC薰衣草呵护面膜（外贸）25ml""特价""","Mặt nạ dâu tây [Bán hàng xuất khẩu ngoại thương, bán hàng trong nước bị cấm, mua hàng có nghĩa là miễn trừ trách nhiệm và trách nhiệm]",产品规格,1,8.45,1,977936456639,SAI,"Mặt nạ chăm sóc oải hương KORMESIC (xuất khẩu) 25ml ""giá đặc biệt""",
L-9宫格空盒35*26*5CM,"Hộp lưới L-9, kích thước 35*26*5CM (chưa có sản phẩm bên trong)",颜色,1,9.25,1,857378021547,DUNG,,
L【6~12月】(全英文包装),L [Tháng 6 đến tháng 12] (tất cả đều có bao bì bằng tiếng Anh),尺寸大小,1,6.67,1,946072337250,SAI,L [6-12 tháng] (bao bì toàn tiếng Anh),
M147女网-咖色,"M147, quần lưới dành cho nữ – màu cà phê",颜色,1,6.25,1,1048393544547,SAI,M147 lưới nữ - nâu cà phê,
MNADUO维生素原B5氨基酸舒缓洗面奶100g,Sữa rửa mặt Camellia 100g,产品规格,1,0.83,1,671884965941,SAI,Sữa rửa mặt amino acid tiền vitamin B5 làm dịu MNADUO 100g,
M【3~6月】(全英文包装),M [Tháng 3 ~ Tháng 6] (tất cả đều có bao bì bằng tiếng Anh),尺寸大小,1,6.17,1,946072337250,SAI,M [3-6 tháng] (bao bì toàn tiếng Anh),
M码奶嘴（适合3-6个月）无插槽,重力球吸管（适配260ml）,尺寸大小,1,0.8,1,915707858230,SAI,"Núm ti cỡ M (hợp 3-6 tháng), không khe cắm",
Nine-flavoured herbal tea【5g*12包】九味草本茶,Trà thảo mộc chín vị[5g*12 gói],包装规格,1,0.0,1,1078964750751,DUNG,,
PPSU田园风160mL蓝绿【S】,PPSU phong cách mục vụ 160mL xanh lam và xanh lá cây [S],容量,1,6.4,1,793065489225,SAI,PPSU phong cách đồng quê 160mL xanh lam xanh lá [S],
RB01乳盾（刮码发货）,Tấm chắn ngực RB01 (được vận chuyển kèm theo mã bị xước),容量,1,6.5,1,691376617932,SAI,Miếng che đầu ti RB01 (giao hàng đã cào mã),
S1Plus【前1080P+内480P+车外后拉+WIFI】,S1Plus [1080P phía trước bên trong 480P bên ngoài xe kéo WIFI phía sau],颜色分类,1,6.17,1,643385114628,SAI,S1Plus [trước 1080P + trong xe 480P + camera sau ngoài xe dây kéo + WIFI],
S6pro星空黑（数显）+ENC,S6pro bầu trời đầy sao màu đen (màn hình kỹ thuật số) + ENC,颜色,1,7.0,1,895394963519,DUNG,,
Snow White白雪公主,Bạch Tuyết,形象,1,0.0,1,1063015845802,DUNG,,
T75数显白色【清】,Màn hình kỹ thuật số T75 màu trắng [trong suốt],颜色,1,6.6,1,753131201583,DUNG,,
TS纯白【100%天丝丝滑裸睡】,"TS trắng tinh khiết [100% mềm mượt như lụa, thích hợp để ngủ không mặc gì]",花型,1,6.25,1,1037375254779,SAI,"TS trắng tinh [100% Tencel mềm mượt, ngủ không mặc đồ thoải mái]",
VE洁面慕斯（仅供外贸）,B3洁面慕斯（仅供外贸）,产品规格,1,0.88,1,831452757923,SAI,Mousse rửa mặt VE (chỉ xuất khẩu),
W0日照珍眉云雾绿茶2026年新茶——春尾高性价比粗条浓豆香炒青绿茶,A4日照云雾绿茶2026年新茶——雨前头采特细特绿浓豆香高山云雾茶,包装规格,1,0.96,1,520739674731,SAI,"W0 Trà xanh Vân Vụ trân mi Nhật Chiếu, trà mới 2026 — cuối xuân, giá tốt, búp to, sao xanh hương đậu đậm",
W1941 - 高1抽 纯白,W1941 - Máy bơm cao 1 màu trắng tinh khiết,颜色,1,6.5,1,993475410533,SAI,"W1941 - cao 1 ngăn kéo, trắng tinh",
W1941 纯白 高1抽,W1941 màu trắng tinh khiết cao 1 lần rút,颜色,1,6.5,1,865327412592,SAI,"W1941 trắng tinh, cao 1 ngăn kéo",
W1942 - 高2抽 纯白,W1942 - Máy bơm cao 2 màu trắng tinh khiết,颜色,1,6.5,1,993475410533,SAI,"W1942 - cao 2 ngăn kéo, trắng tinh",
W1943 - 高3抽 纯白,"W1943 - Máy bơm cao 3, màu trắng tinh khiết",颜色,1,6.5,1,993475410533,SAI,"W1943 - cao 3 ngăn kéo, trắng tinh",
W1943 纯白 高3抽,W1943 màu trắng tinh khiết cao 3 lần rút,颜色,1,6.5,1,865327412592,SAI,"W1943 trắng tinh, cao 3 ngăn kéo",
W1日照云雾香珍眉绿茶2026年新茶——春尾高性价比浓豆香口粮细炒青绿茶,XH8细绿显毫碧螺春2026年新茶——特细绿显毫浓香高回甘耐泡款,包装规格,1,0.86,1,41497635875,SAI,"W1 Trà xanh trân mi hương Vân Vụ Nhật Chiếu, trà mới 2026 — cuối xuân, giá tốt, hương đậu đậm, trà uống hằng ngày sao xanh búp nhỏ",
W1日照珍眉云雾绿茶2026年新茶——春尾高性价比粗条浓豆香炒青绿茶,LX5龙香茶2026年新茶 松阳龙井43#香茶——雨前特细浓豆香高山云雾茶,包装规格,1,0.96,1,520739674731,SAI,"W1 Trà xanh trân mi Vân Vụ Nhật Chiếu, trà mới 2026 — cuối xuân, giá tốt, búp to, sao xanh hương đậu đậm",
W2细日照云雾绿茶2026年新茶——春尾高性价比浓豆香口粮炒青绿茶（香气口感好）,C4龙香茶2026年新茶 松阳龙井43#香茶——雨前特细浓豆香高山云雾茶,包装规格,1,0.8,1,520739674731,SAI,"W2 Trà xanh Vân Vụ Nhật Chiếu búp nhỏ, trà mới 2026 — cuối xuân, giá tốt, hương đậu đậm, trà uống hằng ngày sao xanh (hương vị ngon)",
XL矮-灰透款,Kiểu dáng trong suốt ngắn màu xám XL,颜色,1,6.75,1,986145249842,SAI,XL thấp - kiểu xám trong,
Y109 4录4镜头 吸盘脚,Y108 4 镜头 吸盘脚,颜色分类,1,0.83,1,950985493991,SAI,"Y109 ghi 4 kênh 4 ống kính, chân hút chân không",
Y109 4录4镜头 吸盘脚,Y109 Đầu Ghi 4 Kênh với 4 Ống Kính và Giá Đỡ Hút Chân Không,颜色分类,1,6.5,1,948596985087,DUNG,,
Y109 4录4镜头+WIIF 吸盘脚,Y108 +WIFI 吸盘脚,颜色分类,1,0.5,1,950985493991,SAI,"Y109 ghi 4 kênh 4 ống kính + WIFI, chân hút chân không",
YYK-526中性不分中英,YYK-526 trung lập không phân biệt tiếng Trung và tiếng Anh,颜色,1,6.83,1,876347527881,SAI,"YYK-526 bao bì trung tính, không phân tiếng Trung/Anh",
YZ5口粮圆针2026年新茶——春茶高性价比紧条绿香圆针,B2小龙芽2026年新茶——圆竹高山特绿肥小纯芽芯,包装规格,1,0.84,1,544768179713,SAI,"YZ5 Viên châm trà uống hằng ngày, trà mới 2026 — trà xuân giá tốt, cánh chặt, hương xanh",
hi畅享80s/hi 畅享80,hi Tận hưởng thập niên 80/hi Tận hưởng thập niên 80,适用型号,1,7.75,1,664408957361,SAI,hi Enjoy 80s/hi Enjoy 80,
iPhon14Promax透明精孔磁吸,Ốp lưng từ tính trong suốt iPhone 14 Pro Max với đường cắt chính xác,颜色,1,6.83,1,948871817771,DUNG,,
iPhon14透明精孔磁吸,Ốp lưng từ tính có lỗ chính xác trong suốt cho iPhone 14,颜色,1,6.17,1,948871817771,DUNG,,
iPhon15Promax透明精孔磁吸,Ốp lưng từ tính trong suốt như pha lê cho iPhone 15 Pro Max với các đường cắt chính xác,颜色,1,9.17,1,948871817771,DUNG,,
iPhon15Pro透明精孔磁吸,"Ốp iPhone 15 Pro Trong Suốt, Khoét Lỗ Chính Xác, Hút Nam Châm",颜色,1,6.17,1,948871817771,DUNG,,
iPhon15透明精孔磁吸,Ốp lưng từ tính có lỗ chính xác trong suốt cho iPhone 15,颜色,1,6.17,1,948871817771,DUNG,,
wifi声控版手机互联 10寸全屏前2K+后1080P,phiên bản điều khiển bằng giọng nói wifi kết nối điện thoại di động 10inch màn hình đầy đủ phía trước 2K+ phía sau 1080P,规格尺寸,1,6.83,1,683027758202,DUNG,,
wifi声控版手机互联 10寸全屏前2K+后1080P+64G,"Phiên bản điều khiển bằng giọng nói qua Wi-Fi, kết nối điện thoại di động 10inch, màn hình trước Full HD 2K+ phía trước, phía sau 1080P+64G",规格尺寸,1,7.58,1,683027758202,DUNG,,
wifi声控版手机互联 10寸全屏前2K+后1080P+电子狗+64G,"Phiên bản điều khiển bằng giọng nói qua Wi-Fi, kết nối điện thoại di động 10inch Toàn màn hình trước 2K+ sau 1080P + Chống trộm điện tử + 64G",规格尺寸,1,6.07,1,683027758202,DUNG,,
ycj -A类母婴级,ycj - Loại A dành cho bà mẹ và trẻ sơ sinh,货号,1,6.5,1,883516263051,DUNG,,
yc晚风【100%纯棉 假一罚十】,"yc gió buổi tối [100% cotton nguyên chất, một cái giả sẽ được tinh chỉnh mười]",花型,1,6.75,1,637124398055,SAI,"yc Gió chiều [100% cotton, giả đền gấp mười]",
❷手机回放版,❷Phiên bản phát lại trên điện thoại di động,颜色分类,1,6.8,1,973223588385,DUNG,,
【2L】外壳纯白，内抽白透,"[2L] Vỏ có màu trắng tinh khiết, bên trong có màu trắng và trong suốt",颜色,1,6.25,1,674581595421,DUNG,,
【4K+1080前后双录】,[Ghi âm kép phía trước và phía sau 4K+1080],颜色分类,1,6.5,1,974728324439,SAI,[4K+1080 ghi kép trước sau],
【C18】3路1080P+Carplay投屏+WIFI+车充,[C18]3 chiều 1080P+Chế độ chiếu màn hình Carplay+WIFI+bộ sạc xe hơi,颜色分类,1,6.4,1,963022430165,SAI,[C18] 3 kênh 1080P + chiếu màn hình Carplay + WIFI + sạc xe hơi,
【WWW】双灰腰靠,[WWW]Đai Hỗ Trợ Thắt Lưng Hai Lớp Màu Xám,颜色,1,7.0,1,1001445622251,SAI,[WWW] Gối tựa lưng xám kép,
【WWW】粉灰腰靠,[WWW]Đai lưng hỗ trợ eo màu hồng và xám,颜色,1,6.5,1,1001445622251,SAI,[WWW] Gối tựa lưng hồng xám,
【WWW】绿灰腰靠,[WWW]Đai lưng xanh xám hỗ trợ thắt lưng,颜色,1,6.75,1,1001445622251,SAI,[WWW] Gối tựa lưng xanh xám,
【pro4标准版】标清音质,[phiên bản tiêu chuẩn pro4] chất lượng âm thanh độ nét tiêu chuẩn,颜色,1,6.71,1,980562530887,DUNG,,
【pro6标准版】标清音质,[phiên bản tiêu chuẩn pro6] chất lượng âm thanh độ nét tiêu chuẩn,颜色,1,6.71,1,980562530887,DUNG,,
【前1080+中480+后480+WIFI】S23Pro【车内后摄】,[Camera trước 1080+Camera giữa 480+Camera sau 480+WIFI] S23Pro [Camera lùi trên xe],颜色分类,1,6.43,1,974083425424,SAI,[Trước 1080 + giữa 480 + sau 480 + WIFI] S23Pro [camera sau đặt trong xe],
【前1080+中480+后480+WIFI】S23Pro【车外后摄】,[Camera trước 1080+Camera giữa 480+Camera sau 480+WIFI] S23Pro [Camera sau ngoài xe],颜色分类,1,6.57,1,974083425424,DUNG,,
【前1080+中480+后480+WIFI】【车内后摄】,[Camera trước 1080p + Camera giữa 480p + Camera sau 480p + WIFI] [Camera lùi trên xe],颜色分类,1,6.86,1,771994565699,SAI,[Trước 1080 + giữa 480 + sau 480 + WIFI] [camera sau đặt trong xe],
【前1080+中480+后480+WIFI】【车外后摄】,[Camera trước 1080+Camera giữa 480+Camera sau 480+WIFI] [Camera sau gắn ngoài xe],颜色分类,1,7.0,1,771994565699,DUNG,,
【前1080+中480+后480】【车外后摄】,[Camera trước 1080+Camera giữa 480+Camera sau 480] [Hình ảnh từ camera lùi bên ngoài xe],颜色分类,1,8.29,1,771994565699,DUNG,,
【前1080+中480+后480】【车外后摄】,[Camera trước 1080p + Camera giữa 480p + Camera sau 480p] [Hình ảnh từ camera lùi bên ngoài xe],颜色分类,1,8.71,1,974083425424,DUNG,,
【前2K+双1080P】三录,[Camera Trước 2K + Camera Hậu 1080P] Ba chế độ ghi hình,颜色分类,1,8.5,1,959843160423,SAI,[Trước 2K + hai 1080P] ghi 3 kênh,
【升级弯管 不剩奶】直饮水杯头 18个月+（送吸管刷）,防呛学饮水杯头 9个月+（送吸管刷+升级弯管 ）,尺寸大小,1,0.94,1,1068148772523,SAI,"[Ống cong nâng cấp, không đọng sữa] Đầu cốc uống trực tiếp 18 tháng+ (tặng cọ ống hút)",
【双龙御品】三大茗茶送礼有面,[Double Dragon Premium]Ba Loại Trà Cao Cấp: Món Quà Hoàn Hảo Cho Những Người Thích Quà Tặng Ấn Tượng,包装规格,1,6.58,1,859513439630,SAI,"[Song Long Ngự Phẩm] Ba loại trà nổi tiếng, làm quà sang trọng",
【官方标配】,[Cấu hình tiêu chuẩn chính thức],规格尺寸,1,6.25,1,902501711693,DUNG,,
【幻镜唇蜜】J79绝情谷,[Magic Mirror Lip Gloss] J79 Thung lũng tình yêu vô tình yêu,颜色,1,6.29,1,694830065091,SAI,[Son bóng Huyễn Kính] J79 Tuyệt Tình Cốc,
【彩盒】857-31弹跳小兔,[Hộp Màu] 556-186 Trò Chơi Bàn Ghép Hình Mèo Điên và Chuột,颜色,1,6.33,1,941143133995,SAI,[Hộp màu] 857-31 Thỏ nhảy,
【彩盒】987-110篮球对战,[Hộp màu] Bảng vẽ khủng long dễ thương 991-17 [Màu ngẫu nhiên],颜色,1,6.83,1,941143133995,SAI,[Hộp màu] 987-110 Đấu bóng rổ,
【性价款】深47*宽33.5*高21,[Tiết kiệm chi phí] Chiều sâu 47* Chiều rộng 33.5* Chiều cao 21,尺寸,1,6.5,1,668015469648,DUNG,,
【性价款】深47*宽44.5*高21,[Tiết kiệm chi phí] Chiều sâu 47* Chiều rộng 44.5* Chiều cao 21,尺寸,1,6.5,1,668015469648,DUNG,,
【母婴级100棉】柿柿如意,[100% Cotton Cao Cấp Cho Mẹ & Bé]Chúc Mọi Điều Ước Của Bạn Thành Hiện Thực,花型,1,6.5,1,802429578349,DUNG,,
【母婴级100棉】甜梦汪汪,[100% Cotton Cao Cấp Cho Mẹ & Bé]Những Trong Mộng Ngọt Ngào Paw Patrol,花型,1,6.25,1,802429578349,SAI,[100% cotton cấp mẹ và bé] Cún con mộng ngọt,
【涂银前档大号】无磁145x80cm,[Kích thước lớn với đường ray phía trước phủ bạc] Không từ tính 145x80cm,尺寸,1,6.12,1,980428788116,SAI,[Tấm che kính trước phủ bạc cỡ lớn] không nam châm 145x80cm,
【涤纶180G】短T白,[Polyester 180G] Áo thun ngắn màu trắng,颜色,1,6.5,1,941128233652,DUNG,,
【痘款】速祛痘改善痘肌1片,[Phong cách trị mụn] Nhanh chóng loại bỏ mụn trứng cá và cải thiện làn da dễ bị mụn 1 viên,产品规格,1,6.7,1,980494491171,SAI,"[Bản trị mụn] Nhanh giảm mụn, cải thiện da mụn, 1 miếng",
【秋冬磨毛】茉莉花影-绿色,[秋冬磨毛]温茶蔷薇,花型,1,0.8,1,1033856398996,SAI,[Chải lông thu đông] Bóng hoa nhài - xanh lá,
【纯英文】油膜擦补充液,Chỉ 2 miếng màng dầu xanh Debedi + 2 chai dung dịch bổ sung [đóng hộp và niêm phong bằng nhựa],颜色分类,1,7.67,1,851576801298,SAI,[Toàn tiếng Anh] Dung dịch bổ sung lau màng dầu kính,
【英文版】2.0绿色油膜擦1盒装,[纯英文]油膜擦补充液,颜色分类,1,0.9,1,851576801298,SAI,"[Bản tiếng Anh] Lau màng dầu kính 2.0 xanh, hộp 1 cái",
【透明色】25.5*15*7.5【中号】带手提/可叠放,[透明窄款]25*10*7带手提/可叠放,颜色,1,0.91,1,1018294446621,SAI,[Trong suốt] 25.5*15*7.5 [cỡ vừa] có quai xách/xếp chồng được,
【酸枣木】筷子筒15*9cm,Cung cấp độc quyền xuyên biên giới [Ma Zhan - Muỗng mì] 32*8cm,尺寸,1,6.83,1,673934720140,SAI,[Gỗ táo chua] Ống đũa 15*9cm,
【食用级】1000.1ML约2斤,[Loại dùng cho thực phẩm] 1000.1ML tương đương khoảng 1.0kg,规格,1,7.4,1,967690240321,DUNG,,
【食用级】400.1ML约0.8斤,[Loại dùng cho thực phẩm] 400.1ML tương đương khoảng 0.4kg,规格,1,7.4,1,967690240321,DUNG,,
【食用级】500.1ML约1斤,[Chất liệu an toàn thực phẩm] Dung tích xấp xỉ 500.1ML. 0.5kg,规格,1,7.4,1,967690240321,DUNG,,
【食用级】800.1ML约1.6斤,[Chất liệu an toàn thực phẩm] Dung tích xấp xỉ 800.1ML. 0.8kg,规格,1,7.4,1,967690240321,DUNG,,
一勺多用,Một chiếc thìa cho nhiều mục đích sử dụng,功能,1,8.25,1,720680458198,DUNG,,
一抹香-绿,Một chút hương thơm màu xanh lá cây,花型,1,7.0,1,975762639539,DUNG,,
一级龙井A 500g,Ưu đãi đặc biệt Long Tỉnh 500g (hạng nhất),包装规格,1,6.75,1,522677003332,SAI,Long Tỉnh cấp 1 A 500g,
一键操作,Thao tác bằng một cú nhấp chuột,功能,1,6.25,1,708384262002,SAI,Thao tác một nút,
一键静音,Tắt tiếng bằng một cú nhấp chuột,功能,1,6.5,1,995974474376,SAI,Tắt tiếng một nút,
一鹿高升五层四大名茶送侧把茶具,鸿福六大茗茶雕刻镂空国风礼盒,包装规格,1,0.93,1,651179448315,SAI,"Nhất lộ cao thăng, hộp 5 tầng bốn loại trà nổi tiếng, tặng bộ ấm chén tay cầm ngang",
三吸嘴 萌宠绿300,Ba miệng hút thú cưng màu xanh lá cây dễ thương 300,容量,1,6.17,1,712943843068,DUNG,,
三级龙井A 500g,"Long Tỉnh B cấp 3, 500g (Ưu tiên dùng để khai trương cửa hàng)",包装规格,1,10.0,1,522677003332,SAI,Long Tỉnh cấp 3 A 500g,
上宽21*下宽11*高15*厚5cm,Chiều rộng trên 21 * chiều rộng dưới 11 * chiều cao 15 * dày 5cm,尺寸,1,6.17,1,801956275635,DUNG,,
下单奶嘴前请咨询客服，避免拍错影响购物体验,S码奶嘴（适合0-3个月）无插槽,尺寸大小,1,0.55,1,915707858230,SAI,"Trước khi đặt núm ti vui lòng hỏi CSKH, tránh đặt nhầm ảnh hưởng trải nghiệm mua hàng",
下单奶嘴前请咨询客服，避免拍错影响购物体验,"Vui lòng liên hệ bộ phận chăm sóc khách hàng trước khi đặt mua núm vú giả để tránh trường hợp hình ảnh sản phẩm không chính xác, ảnh hưởng đến trải nghiệm mua sắm của quý khách",尺寸大小,1,6.9,1,904773715279,SAI,"Trước khi đặt núm ti vui lòng hỏi CSKH, tránh đặt nhầm ảnh hưởng trải nghiệm mua hàng",
不锈钢漏勺1个,1 cái,尺寸,1,0.5,1,802417889214,SAI,1 muôi thủng inox,
专车专用,Xe đặc biệt cho mục đích sử dụng đặc biệt,记录仪安装类型,1,8.0,1,737984308015,SAI,Chuyên dụng theo dòng xe,
中古-蓝条【A类母婴裸睡亲肤级】,"Hàng đã qua sử dụng - Sọc xanh dương [Loại A, dành cho mẹ và bé, thân thiện với da, thích hợp ngủ trần]",花型,1,6.08,1,1064124861944,SAI,"Vintage - sọc xanh [Loại A cấp mẹ và bé, thân thiện da, ngủ không mặc đồ]",
中号/承受2KG（24.5*18.5*13.5cm）,Kích thước trung bình/chịu lực 2kg (24.5*18.5*13.5cm),尺寸,1,6.25,1,623409355492,DUNG,,
中号8225 绿色.,Kích thước trung bình 8225 màu xanh lá cây.,颜色,1,7.5,1,644454652883,DUNG,,
中号8225 蓝色.,Kích thước trung bình 8225 màu xanh.,颜色,1,6.25,1,644454652883,DUNG,,
中大加大特大,CUHK,规格,1,0.67,1,680756379644,SAI,"Vừa, lớn, rất lớn, cực lớn",
中抬台记录仪+HUD+安全预警仪,Máy ghi âm gắn trên bảng điều khiển trung tâm + HUD (Màn hình hiển thị trên kính) + Hệ thống cảnh báo an toàn,规格尺寸,1,7.09,1,969811060123,SAI,Camera hành trình gắn taplo giữa + HUD + thiết bị cảnh báo an toàn,
中文盒装ST-6145吸嘴直饮杯,"Cốc tập uống ST-6145 có vòi uống trực tiếp, đóng hộp theo phong cách Trung Quốc",容量,1,6.22,1,972312458216,SAI,"Cốc tập uống ống hút ST-6145, hộp tiếng Trung",
中硼硅240ML绿蓝鸭,Vịt xanh lục và xanh lục 240ML borosilicate trung bình,容量,1,6.67,1,712942219765,SAI,Thủy tinh borosilicate trung tính 240ML vịt xanh lục lam,
中老年（45-59岁）,Người trung niên và người cao tuổi (45-59 tuổi),适用年龄,1,8.0,1,703371237887,DUNG,,
久别枞逢（8.5g*2泡）,Cuộc đoàn tụ được chờ đợi từ lâu (8.5g*2 bong bóng),包装规格,1,6.6,1,964506829825,SAI,Cửu biệt Tùng phùng (8.5g*2 gói pha),
乱碳膜 灰魅绿,Phim carbon hỗn loạn màu xám xanh lá cây quyến rũ,颜色,1,6.5,1,944440915821,SAI,"Màng carbon vân rối, xanh xám quyến rũ",
乳贴面膜5片,[Gói 10] Collagen Little Blue Cup Phiên bản 2.0,产品规格,1,6.4,1,631926964396,KHONG_CHAC,,乳贴面膜: chưa rõ là mặt nạ ngực hay mặt nạ dạng sữa
云夕【100%纯棉/假一赔十】,"Vân Tịch [100% cotton nguyên chất / Đảm bảo hàng thật, nếu không thật bồi thường gấp 10 lần]",花型,1,8.0,1,1030435299479,DUNG,,
五星集【100%纯棉/假一赔十】,"Ngũ Tinh Tập [100% cotton nguyên chất / Đảm bảo hàng thật, nếu không trả gấp 10 lần]",花型,1,6.33,1,1030435299479,DUNG,,
仙本娜【100%纯棉 亲肤透气】,"Thú cưng dễ thương [100% cotton nguyên chất, thân thiện với da và thoáng khí]",花型,1,6.22,1,947436756706,SAI,"Semporna [100% cotton, thân thiện da, thoáng khí]",
休闲学院,Phong cách học đường thoải mái,花型,1,6.25,1,1066773858997,DUNG,,
伯伦-白【精梳新疆全棉 亲肤裸睡】,千澄[精梳新疆全棉 亲肤裸睡],花型,1,0.92,1,981311118047,SAI,"Bá Luân - trắng [cotton chải kỹ Tân Cương, thân thiện da, ngủ không mặc đồ]",
伴手礼花茶礼盒4罐装（内有四罐茶）,花茶礼盒（7种口味14包茶）,包装规格,1,0.64,1,963183564488,SAI,Hộp quà trà hoa 4 lon làm quà (bên trong 4 lon trà),
余生有你,Tôi sẽ có bạn cho đến hết cuộc đời,花型,1,6.5,1,973180206181,DUNG,,
俏皮狗【超柔裸睡双层纱】,"Chú Chó Tinh Nghịch [Vải Lưới Hai Lớp Siêu Mềm Mại, Thoải Mái Như Ngủ Trong Không Khí]",花型,1,6.6,1,1014598777126,DUNG,,
修护肌肤,抗初老,化妆品功效,1,0.75,1,961545961986,SAI,Phục hồi da,
储能回弹,Làn sóng tái khởi động của thị trường lưu trữ năng lượng,功能,1,11.25,1,802175032460,SAI,"Tích năng lượng, đàn hồi trả lực",
光影-桂花,Ánh sáng và bóng tối osmanthus,颜色,1,6.25,1,668694370261,DUNG,,
克洛伊奶咖,530布鲁克-蓝,花型,1,0.8,1,825531852668,SAI,Chloe nâu sữa cà phê,
兔毛豹纹边棕色坐垫前排,兔毛豹纹星星头枕,颜色,1,0.73,1,840740835152,SAI,"Đệm ngồi lông thỏ viền da báo nâu, hàng trước",
兔毛豹纹边棕色坐垫后排,兔毛豹纹爱心头枕,颜色,1,0.73,1,840740835152,SAI,"Đệm ngồi lông thỏ viền da báo nâu, hàng sau",
兔毛豹纹边棕色坐垫靠背,兔毛豹纹星星腰靠,颜色,1,0.73,1,840740835152,SAI,Đệm tựa lưng lông thỏ viền da báo nâu,
入口醇香,Hương vị thơm ngon ngay từ đầu lọt vào miệng,口感,1,8.75,1,1056948599200,DUNG,,
全包全白掌,"Bao phủ toàn bộ, lòng bàn tay trắng tinh",颜色,1,6.2,1,1054634336192,DUNG,,
全棉印花四件套,Bộ chăn ga gối đệm bốn mảnh in họa tiết hoàn toàn bằng cotton,货号,1,6.86,1,977324707654,DUNG,,
全黑/男款,Tất cả màu đen/phong cách nam giới,颜色,1,6.75,1,967676021232,DUNG,,
全黑增高10CM,Màu đen toàn thân giúp tăng chiều cao thêm 10cm,颜色,1,8.5,1,619289830501,DUNG,,
全黑增高4CM,Màu đen toàn bộ giúp tăng chiều cao thêm 4cm,颜色,1,8.0,1,619289830501,DUNG,,
全黑增高6CM,Màu đen toàn bộ giúp tăng chiều cao thêm 6CM,颜色,1,8.0,1,619289830501,DUNG,,
全黑增高8CM,Màu đen toàn bộ giúp tăng chiều cao thêm 8cm,颜色,1,8.0,1,619289830501,DUNG,,
六味红参桂圆麦冬饮【10克*10包】素颜都被夸,"Thức uống sâm đỏ, long nhãn và bạch truật sáu thành phần [10g x 10 gói] - Ngay cả khi không trang điểm, bạn cũng sẽ nhận được lời khen ngợi!",包装规格,1,6.25,1,985003059164,SAI,"Thức uống sáu vị hồng sâm, long nhãn, mạch môn [10g x 10 gói], mặt mộc cũng được khen",
兰亭序-灰,Lời nói đầu của Lanting - Màu xám,花型,1,6.25,1,1000943349965,SAI,Lan Đình Tự - xám,
其他品类联系客服,"Đối với các danh mục khác, vui lòng liên hệ bộ phận chăm sóc khách hàng",包装规格,1,6.88,1,740188263027,DUNG,,
其他型号联系客服,"Đối với các mẫu khác, vui lòng liên hệ bộ phận chăm sóc khách hàng",适用型号,1,6.38,1,971597066248,DUNG,,
其他型号联系客服下单,"Đối với các mẫu khác, vui lòng liên hệ với bộ phận chăm sóc khách hàng để đặt hàng",适用型号,1,6.3,1,843454597791,DUNG,,
其他尺寸颜色联系客服,"Đối với kích thước và màu sắc khác, vui lòng liên hệ bộ phận chăm sóc khách hàng",颜色,1,6.2,1,993584667751,DUNG,,
其他版本咨询客服,Các phiên bản khác vui lòng liên hệ bộ phận chăm sóc khách hàng,颜色,1,6.25,1,1084116812720,DUNG,,
具体咨询客服,Vui lòng liên hệ bộ phận chăm sóc khách hàng để được tư vấn cụ thể,箱装数量,1,8.5,1,1004357128276,DUNG,,
典雅白中号,Kích thước trung bình màu trắng thanh lịch,颜色,1,7.0,1,970940007410,DUNG,,
内贸外贸,Thương mại trong nước và ngoại thương,贸易属性,1,7.75,1,962769475550,DUNG,,
军绿色-普通版,Quân đội màu xanh lá cây-phiên bản bình thường,颜色,1,6.17,1,640034987890,SAI,Xanh quân đội - bản thường,
军蓝拼宝蓝,Màu xanh quân đội và màu xanh sapphire,颜色,1,6.2,1,982784185486,DUNG,,
军蓝红带,Thắt lưng quân đội màu xanh và đỏ,颜色,1,6.5,1,945596161296,SAI,Xanh quân đội dây đỏ,
军蓝酒红带,"Thắt lưng màu xanh quân đội, đỏ rượu vang",颜色,1,6.4,1,944179707822,SAI,Xanh quân đội dây đỏ rượu,
冰激凌【100%纯棉/假一赔十】,"Kem [100% cotton nguyên chất / Đảm bảo hàng thật, nếu không thật bồi thường gấp 10 lần]",花型,1,6.67,1,1030435299479,DUNG,,
冰雪（透黑）,Băng và tuyết (thông qua màu đen),颜色,1,6.25,1,990462090017,SAI,Băng tuyết (đen trong),
初-真诚小狗,Chu-Sincere Puppy: Chu - Chú Chó Con Thành Kính,花型,1,7.2,1,904143560655,SAI,Sơ - Cún con chân thành,
初中。高中,Trung học cơ sở. Trung học phổ thông,适用学龄,1,7.0,1,859875517173,DUNG,,
初享时光（爆款！）,Lần đầu tiên tận hưởng thời gian (phong cách bán chạy!),花型,1,7.0,1,914111280200,DUNG,,
初恋【A类母婴级-亲肤裸睡】,First Love [Loại A ngủ khỏa thân thân thiện với làn da dành cho bà mẹ và trẻ sơ sinh],花型,1,6.3,1,970053949264,SAI,"Tình đầu [Loại A cấp mẹ và bé - thân thiện da, ngủ không mặc đồ]",
初黄+果绿,Màu vàng ban đầu + màu xanh trái cây,花型,1,6.75,1,974368967410,SAI,Vàng non + xanh táo,
刺猬插插乐【需要袋装联系客服】,Đồ chơi xếp chồng hình nhím [Liên hệ bộ phận Chăm sóc Khách hàng để biết thêm thông tin về các lựa chọn đóng gói],颜色,1,6.69,1,843527953278,DUNG,,
前后双路,Đường đôi phía trước và phía sau,规格尺寸,1,6.5,1,903724020235,SAI,Hai kênh trước sau,
前后双路2K+1K,Kênh đôi phía trước và phía sau 2K+1K,颜色分类,1,6.25,1,935464160091,DUNG,,
前后双路4K+1K,Kênh đôi phía trước và phía sau 4K+1K,颜色分类,1,6.25,1,935464160091,DUNG,,
加LOGO联系客服,Thêm LOGO và liên hệ bộ phận chăm sóc khách hàng,颜色,1,6.8,1,841576850051,DUNG,,
加库存 找客服,Thêm hàng tồn kho và liên hệ với dịch vụ khách hàng,颜色,1,6.67,1,739447058172,DUNG,,
动亲子交流,Khuyến khích sự tương tác giữa cha mẹ và con cái,特色功能,1,7.6,1,990620509703,DUNG,,
包装长宽高14*10.3*6.5CM,"Bao bì chiều dài, chiều rộng và chiều cao 14*10.3*6.5cm",规格尺寸,1,6.4,1,755045993497,DUNG,,
十字奶嘴（6个月以上）,Vui lòng tham khảo dịch vụ khách hàng trước khi đặt hàng núm vú giả để tránh ảnh sai ảnh và ảnh hưởng đến trải nghiệm mua sắm của bạn,尺寸大小,1,13.0,1,915707858230,SAI,Núm ti chữ thập (trên 6 tháng),
千里江山国风画卷五层六大名茶送窑变茶具,时来运转六大名茶,包装规格,1,0.42,1,651179448315,SAI,"Thiên Lý Giang Sơn, hộp tranh phong cách Trung Hoa 5 tầng sáu loại trà nổi tiếng, tặng ấm chén men biến",
午后【超柔加厚床盖/拒绝跑床单】,法式床盖-南法花语（上新）,花型,1,0.77,1,1052144921296,SAI,Buổi chiều [Ga phủ siêu mềm dày dặn/không xô lệch],
半亩花棠【100%纯棉 假一罚十】,Half Acre of Flowers [100% Cotton nguyên chất - Đảm bảo tính xác thực hoặc hoàn tiền gấp 10 lần],花型,1,6.8,1,637124398055,SAI,"Bán Mẫu Hoa Đường [100% cotton, giả đền gấp mười]",
半夏桃花【A类母婴级-亲肤裸睡】,Pinellia Peach Blossom [Loại A thân thiện với làn da khi ngủ khỏa thân dành cho bà mẹ và trẻ sơ sinh],花型,1,6.42,1,970053949264,SAI,"Hoa đào cuối hạ [Loại A cấp mẹ và bé - thân thiện da, ngủ không mặc đồ]",
华夫格-灰色【母婴华夫格 软糯舒适 健康裸睡】,Walfger-Xám [Mẹ và bé Walfgergergergergergergergergergergergergergergergergergergergergergergergergergergergergergergergergergergergergergergergergergergergergergergergergergergergergergergergergergergergergergergergergergergergergergergergergergergergergergergergergergergergergergergergergergergergergergergergergergergergerquyền,花型,1,18.06,1,906573140739,SAI,"Vải tổ ong (waffle) - xám [waffle cấp mẹ và bé, mềm mịn dễ chịu, ngủ không mặc đồ thoải mái]",
华夫格-焦糖【母婴华夫格 软糯舒适 健康裸睡】,Walfger-Caramel [Mẹ và bé Walfgergergergergergergergergergergergergergergergergergergergergergergergergergergergergergergergergergergergergergergergergergergergergergergergergergergergergergergergergergergergergergergergergergergergergergergergergergergergergergergergergergergergergergergergergergergergergergergergergergergerquyền,花型,1,18.11,1,906573140739,SAI,"Vải tổ ong (waffle) - caramel [waffle cấp mẹ và bé, mềm mịn dễ chịu, ngủ không mặc đồ thoải mái]",
单镜头1080P+32卡+普通夜视,"Camera 1080P ống kính đơn, kèm thẻ nhớ 32GB và chế độ nhìn đêm tiêu chuẩn",颜色分类,1,6.25,1,963967170055,DUNG,,
南瓜派对（有小号）,511魅影-橘（有小号）,花型,1,0.86,1,825531852668,SAI,Bữa tiệc bí ngô (có cỡ nhỏ),
卡其小熊 baby clothes,quần áo khỉ kaki,颜色,1,0.5,1,790321325156,SAI,Gấu nhỏ kaki baby clothes,
原味500g散装（约85颗）,Hương vị nguyên bản 500g số lượng lớn (khoảng 85 miếng),包装规格,1,6.17,1,572832515522,DUNG,,
双兜马年限定米白,Double Pocket Year of the Horse Phiên bản giới hạn màu trắng nhạt,颜色,1,6.62,1,991199812619,SAI,"Hai túi, bản giới hạn năm Ngọ, trắng ngà",
双层大8格22.7*15.7*6cm,"Hộp đựng hai tầng, lớn, 8 ngăn, kích thước 22.7*15.7*6cm",颜色,1,7.5,1,860989936744,DUNG,,
双开4格盒10.4*6.7*2.7CM,"Hộp mở đôi, bốn ngăn, kích thước 10.4 x 6.7 x 2.7 cm",颜色,1,6.5,1,712457054677,DUNG,,
双录（前4K后1080P）+声控+WiFi+ADAS,Ghi âm kép (4K phía trước và phía sau 1080P) Điều khiển bằng giọng nói WiFi ADAS,颜色分类,1,7.83,1,821477244504,SAI,Ghi kép (trước 4K sau 1080P) + điều khiển giọng nói + WiFi + ADAS,
发财树【高克重 软糯亲肤 柔软舒适】,企鹅[高克重 软糯亲肤 柔软舒适],花型,1,0.93,1,990986138344,SAI,"Cây phát tài [định lượng vải cao, mềm mịn thân thiện da, êm ái]",
可拆16格（变12格）22.4*19.6*5.3cm,Có thể tháo rời 16 lưới (thay đổi thành 12 lưới) 22.4 * 19.6 * 5.3cm,颜色,1,6.4,1,860989936744,SAI,16 ngăn tháo rời được (thành 12 ngăn) 22.4*19.6*5.3cm,
可拆16格（变8格）22.4*19.6*5.3cm,Có thể tháo rời 16 lưới (thay đổi thành 8 lưới) 22.4 * 19.6 * 5.3cm,颜色,1,6.4,1,860989936744,SAI,16 ngăn tháo rời được (thành 8 ngăn) 22.4*19.6*5.3cm,
可拆大36格27.5*17.7*4.5cm,"Hộp đựng đồ lớn 36 ngăn, kích thước 27.5*17.7*4.5cm, có thể tháo rời",颜色,1,9.25,1,860989936744,DUNG,,
可长期贮存,Có thể được lưu trữ trong một thời gian dài,保质期,1,6.8,1,950296130971,DUNG,,
吉米【100%纯棉/假一赔十】,"Jimmy [100% cotton nguyên chất / Đảm bảo hàng thật, nếu không trả gấp 10 lần]",花型,1,6.5,1,1030435299479,DUNG,,
吨吨喷雾300ml,"(Với từ ""có quà tặng"") Sữa rửa mặt Collagen Amino Acid 120g",产品规格,1,9.75,1,631926964396,SAI,Xịt Đôn Đôn (dondon) 300ml,
吸水嘴+直饮管,Bộ chuyển đổi ống uống trực tiếp cốc nước gấu trúc,尺寸大小,1,6.67,1,895506187171,SAI,Đầu hút nước + ống uống trực tiếp,
咖黄撞色,Màu vàng cà phê phối màu tương phản,颜色,1,7.0,1,1066117840910,DUNG,,
咨询客服（g）,Liên hệ bộ phận chăm sóc khách hàng (g),重量,1,7.0,1,1049909971534,DUNG,,
品-味-时-尚,Sản phẩm-Hương vị-Thời gian-Thương,花型,1,7.0,1,679798192060,SAI,Phẩm vị - thời thượng,
商用、家用,"Dùng cho thương mại, dùng cho gia đình",适用场景,1,7.5,1,1073877872766,DUNG,,
喜上眉梢双层六大茗茶,Một con nai lên tầng năm và nhận được bốn loại trà nổi tiếng và một bộ trà có tay cầm bên,包装规格,1,6.8,1,651179448315,SAI,"Hỷ thượng mi sao, hộp hai tầng sáu loại trà nổi tiếng",
四级龙井A 500g,Long Tỉnh B cấp 4 500g (bán hàng thương mại điện tử),包装规格,1,8.25,1,522677003332,SAI,Long Tỉnh cấp 4 A 500g,
围巾羊驼,Khăn quàng cổ lông lạc đà Alpaca,颜色,1,6.5,1,1073734389794,SAI,Lạc đà alpaca quàng khăn,
国潮新风,Xu hướng quốc gia phong cách mới,风格,1,6.5,1,992075690152,SAI,Phong cách Trung Hoa hiện đại mới,
国风雅器龙井,Phong cách quốc gia thiết bị tao nhã Long Tỉnh,包装规格,1,6.17,1,860412746661,SAI,Long Tỉnh hộp gốm nhã phong cách Trung Hoa,
土豪金（全铝旗舰款）,Vàng bạo chúa địa phương (tất cả các mô hình hàng đầu bằng nhôm),颜色,1,6.12,1,608247188406,SAI,Vàng sâm panh (bản cao cấp toàn nhôm),
圣诞【A类母婴级-亲肤裸睡】,Giáng sinh [Loại A ngủ khỏa thân thân thiện với làn da dành cho bà mẹ và trẻ sơ sinh],花型,1,6.3,1,970053949264,DUNG,,
均码(80-140斤可穿),Một kích thước phù hợp với tất cả (40-70kg có thể được đeo),尺码,1,8.0,1,851626181444,DUNG,,
墨菡-粉【精梳新疆全棉 亲肤裸睡】,杜言[精梳新疆全棉 亲肤裸睡],花型,1,0.92,1,981311118047,SAI,"Mặc Hạm - hồng [cotton chải kỹ Tân Cương, thân thiện da, ngủ không mặc đồ]",
复刻厚底宝蓝,Giày đế dày màu xanh sapphire phiên bản phục chế,颜色,1,6.5,1,1052640922533,DUNG,,
外套58.5%棉38.5%涤3%氨纶；打底衫93%聚酯纤维7%氨纶裤子100%棉 拼色:90%棉10,"Áo khoác: 58.5% Cotton, 38.5% Polyester, 3% Spandex, Áo lót giữ nhiệt: 93% Polyester, 7% Spandex, Quần: 100% Cotton, Áo phối màu: 90% Cotton, 10% [Chất liệu - Vui lòng cho biết chất liệu nếu biết, nếu không thì giữ nguyên]",主面料成分含量,1,6.67,1,998141443293,DUNG,,
外贸+内贸,Ngoại thương + thương mại nội địa,贸易属性,1,6.5,1,623804549404,DUNG,,
多场景使用,Sử dụng đa dạng trong nhiều tình huống,场景,1,6.2,1,1013325596962,DUNG,,
多子多福,Nhiều đứa trẻ và nhiều phước lành,花型,1,6.75,1,973180206181,DUNG,,
夜光停车牌,Biển báo đỗ xe phát sáng trong bóng tối,型号,1,6.2,1,930650401876,DUNG,,
夜光椰子鞋,Giày thể thao Yeezy phát sáng trong bóng tối,形象,1,7.2,1,672908519096,DUNG,,
大众Atlas sport【五座款】美版途昂,19-26款探岳 [原车孔位],外观尺寸,1,0.0,1,772402842947,SAI,Volkswagen Atlas Sport [bản 5 chỗ] Teramont bản Mỹ,
大号满印白,Kích thước lớn tất cả được in màu trắng,颜色,1,6.2,1,831275838482,SAI,Cỡ lớn in toàn thân trắng,
大灯翻新喷雾120ml,Chất lỏng mạ pha lê đèn pha 12ml (phiên bản tiếng Anh),颜色分类,1,6.17,1,938233183886,SAI,Xịt phục hồi đèn pha 120ml,
大灯翻新套盒二代*2,大灯翻新膏,颜色分类,1,0.62,1,938233183886,SAI,Bộ phục hồi đèn pha thế hệ 2 *2,
大灯镀晶液12ml（英文款）,大灯翻新剂180ml,颜色分类,1,0.62,1,938233183886,SAI,Dung dịch phủ tinh thể đèn pha 12ml (bản tiếng Anh),
大红中号53*31*30CM,Màu đỏ lớn kích thước trung bình 53*31*30CM,颜色,1,6.5,1,664429230205,SAI,Đỏ tươi cỡ vừa 53*31*30CM,
大红玫瑰【高克重 软糯亲肤 柔软舒适】,蔷薇[高克重 软糯亲肤 柔软舒适],花型,1,0.87,1,990986138344,SAI,"Hoa hồng đỏ [định lượng vải cao, mềm mịn thân thiện da, êm ái]",
大红袍罐装50克,小种罐装50克,包装规格,1,0.83,1,638289370291,SAI,Đại Hồng Bào lon 50g,
女潮白色,Màu trắng hợp thời trang dành cho nữ,颜色,1,7.25,1,962520823547,DUNG,,
女潮粉色,Màu hồng thời thượng dành cho nữ,颜色,1,6.5,1,962520823547,DUNG,,
女潮黑色,Màu đen thời thượng dành cho nữ,颜色,1,6.25,1,962520823547,DUNG,,
奶油-无刷桶款,Máy hút bụi không chổi than dạng thùng màu kem,颜色,1,6.17,1,1046614897293,KHONG_CHAC,,奶油-无刷桶款: chưa rõ loại sản phẩm
&*【经典款·10味配方/50包】久旱逢甘霖,&*[Mẫu kinh điển · Công thức 10 vị/50 gói]Khoảng thời gian khô hạn lâu dài cuối cùng cũng gặp được mưa rào,包装规格,1,6.25,1,1007740813833,DUNG,,
奶黄童趣,Vui nhộn như trẻ thơ màu vàng kem,花型,1,6.5,1,999338220030,DUNG,,
(NO#2正红色)（新）3.8g,(NO #2) (Mới) 3.8g,颜色,1,0.75,1,903396385900,SAI,(NO#2 đỏ tươi) (mới) 3.8g,
妆字号镁白补水面膜,Mặt nạ dưỡng trắng và cấp nước của thương hiệu trang điểm magnesium,规格,1,6.11,1,992127412881,SAI,Mặt nạ magie dưỡng trắng cấp nước (có số công bố mỹ phẩm),
子苏【100%纯棉/假一赔十】,"Zisu [100% cotton nguyên chất / Đảm bảo hàng thật, nếu không thật bồi thường gấp 10 lần]",花型,1,7.62,1,1030435299479,DUNG,,
孔型 咨询客服,"Loại lỗ, vui lòng liên hệ bộ phận chăm sóc khách hàng",奶嘴类型,1,6.83,1,1071564029434,DUNG,,
字母满印,Đầy ắp những thông tin chi tiết,颜色,1,6.25,1,976390315691,SAI,In chữ cái toàn thân,
官网土黄,Trang web chính thức màu vàng đất,颜色,1,6.75,1,617579836070,SAI,Vàng đất (màu chính hãng),
官网粉紫,Trang web chính thức màu hồng tím,颜色,1,6.75,1,617579836070,SAI,Hồng tím (màu chính hãng),
官网雾玉蓝,Trang web chính thức màu xanh ngọc bích,颜色,1,6.4,1,617579836070,SAI,Xanh ngọc sương (màu chính hãng),
定制100个起做【联系客服询价】,Đơn hàng tối thiểu 100 chiếc để tùy chỉnh [Liên hệ bộ phận chăm sóc khách hàng để được tư vấn],颜色,1,6.27,1,947322892530,DUNG,,
定制可联系客服,"Để tùy chỉnh, vui lòng liên hệ bộ phận chăm sóc khách hàng",颜色,1,6.43,1,1000087007906,DUNG,,
宛春【A类母婴裸睡级】,Wanchun [Cấp độ ngủ khỏa thân dành cho bà mẹ và trẻ sơ sinh hạng A],花型,1,6.12,1,779684462722,DUNG,,
+LOGO联系客服,+LOGO Liên hệ bộ phận Chăm sóc Khách hàng,颜色,1,7.0,1,843353147496,DUNG,,
+logo的50个起做,Số lượng đặt hàng tối thiểu là 50 chiếc với tùy chỉnh logo,颜色,1,10.0,1,899231365003,DUNG,,
+logo联系客服改价,+logo liên hệ bộ phận chăm sóc khách hàng để thay đổi giá,颜色,1,6.67,1,899231365003,DUNG,,
宝蓝灰YSJ【可裸睡+已质检】,Màu xanh hoàng gia xám YSJ [Có thể ngủ khỏa thân đã được kiểm tra chất lượng],花型,1,6.22,1,938307759630,DUNG,,
宝蓝灰【A类-母婴级】,Màu xanh sapphire xám [Loại A dành cho bà mẹ và trẻ sơ sinh],花型,1,6.29,1,970921298346,DUNG,,
宝蓝黄带,Thắt lưng màu xanh sapphire và vàng,颜色,1,7.25,1,944179707822,SAI,Xanh hoàng gia dây vàng,
宝蓝黄带,thắt lưng màu vàng xanh hoàng gia,颜色,1,6.75,1,982784185486,SAI,Xanh hoàng gia dây vàng,
实物为准,Đối tượng thực tế sẽ chiếm ưu thế,包装体积,1,6.5,1,948447195254,SAI,Theo hàng thực tế,
室内外通用,Phổ quát cho sử dụng trong nhà và ngoài trời,适用场景,1,7.0,1,947698326714,DUNG,,
室内外通用,Thích hợp cho cả sử dụng trong nhà và ngoài trời,适用场景,1,7.6,1,909761317336,DUNG,,
家用、商用,"Dùng cho gia đình, dùng cho thương mại",适用场景,1,7.5,1,1076607746163,DUNG,,
宽20高12厚10肩带120,Chiều rộng 20 Chiều cao 12 Độ dày 10 Dây đeo vai 120,尺寸,1,6.2,1,962870295119,DUNG,,
密条-橘【A类母婴级】,Secret Strip-Orange [Loại A dành cho bà mẹ và trẻ sơ sinh],花型,1,6.14,1,985321877523,SAI,Sọc dày - cam [Loại A cấp mẹ và bé],
密条-蓝【A类母婴级】,Dải bí mật màu xanh lam [Loại A dành cho bà mẹ và trẻ sơ sinh],花型,1,6.29,1,985321877523,SAI,Sọc dày - xanh lam [Loại A cấp mẹ và bé],
密林远足【100%纯棉 假一罚十】,Jungle Hike [100% Cotton nguyên chất - Đảm bảo tính xác thực hoặc hoàn tiền gấp 10 lần],花型,1,6.1,1,637124398055,SAI,"Dã ngoại rừng rậm [100% cotton, giả đền gấp mười]",
小CN酒红色230g纯棉,Vải cotton nguyên chất 230g màu đỏ rượu vang CN cỡ nhỏ,颜色,1,6.17,1,893854415161,DUNG,,
小叶8件套（含桶含搁勺器）880g,"Bộ 8 món lá nhỏ Acacia, nặng khoảng 580g (bao gồm: chảo rán + nồi + ba vỉ + rây lọc + muôi canh + thìa salad + nĩa salad + đĩa dẹt tròn)",尺寸,1,8.7,1,673934720140,SAI,Bộ 8 món gỗ keo lá nhỏ (kèm ống và gác muỗng) 880g,
小叶相思木2件套230g,"Đế Gác Muỗng Gỗ Keo Lá Nhỏ Cao Cấp, Thiết Kế Độc Quyền Chuyên Dụng Cho Thương Mại Quốc Tế, Kích Thước 11.5*11.9 cm",尺寸,1,11.29,1,673934720140,SAI,Bộ 2 món gỗ keo lá nhỏ 230g,
小清新风,Phong cách tươi mới và tối giản,风格,1,6.25,1,991937388325,DUNG,,
小漫春曲【100%纯棉/假一赔十】,"Tiểu Mạn Xuân Khúc [100% cotton nguyên chất / Đảm bảo hàng thật, nếu không trả gấp 10 lần]",花型,1,6.2,1,1030435299479,DUNG,,
009分趾升级款白紫,K108 hồng,颜色,1,0.71,1,940493339223,SAI,009 xỏ ngón bản nâng cấp trắng tím,
010分趾升级款黑金,K108 đen,颜色,1,0.57,1,940493339223,SAI,010 xỏ ngón bản nâng cấp đen vàng,
峦影叠-灰【精梳新疆全棉 亲肤裸睡】,伯伦-白[精梳新疆全棉 亲肤裸睡],花型,1,0.93,1,981311118047,SAI,"Loan Ảnh Điệp - xám [cotton chải kỹ Tân Cương, thân thiện da, ngủ không mặc đồ]",
工厂直销、可代发、可定制,"Bán hàng trực tiếp tại nhà máy, có thể vận chuyển thay mặt người khác, có thể tùy chỉnh",颜色,1,6.7,1,672908519096,SAI,"Nhà máy bán trực tiếp, nhận dropship, nhận đặt làm",
巧克力色,bạc,颜色,1,0.75,1,847571561293,SAI,Màu sô-cô-la,
01户外黑色中号53cm60升1.6kg,"01 Túi đựng đồ dã ngoại màu đen, cỡ vừa, kích thước 53cm, dung tích 60L, trọng lượng 1.6kg",颜色,1,7.86,1,792768742532,DUNG,,
布丁【大号卡纸】【少量拍卡纸可能被压坏，介意勿拍】,"Pudding [Giấy Couche Khổ Lớn] [Số lượng giấy couche nhỏ có thể bị móp méo trong quá trình vận chuyển. Nếu điều này là vấn đề quan trọng, vui lòng không đặt hàng.]",颜色,1,6.15,1,997443929478,DUNG,,
布丁【小号卡纸】【少量拍卡纸可能被压坏，介意勿拍】,Pudding [Giấy Couche Nhỏ] [Lưu ý: Số lượng giấy couche nhỏ có thể bị móp méo trong quá trình vận chuyển. Vui lòng cân nhắc trước khi mua nếu điều này là vấn đề quan trọng với bạn.],颜色,1,6.8,1,997443929478,DUNG,,
布朗熊【100%全棉 亲肤透气】纯,仙本娜[100%纯棉 亲肤透气],花型,1,0.9,1,947436756706,SAI,"Gấu Brown [100% cotton, thân thiện da, thoáng khí] trơn",
01户外黑色小号48.5cm50升1.5kg,"01 Thùng đựng đồ dã ngoại màu đen, kích thước nhỏ 48.5cm, dung tích 50L, trọng lượng 1.5kg",颜色,1,7.86,1,792768742532,DUNG,,
常温、通风、干燥、避光、阴凉处、勿压,"Bảo quản ở nhiệt độ phòng, nơi khô ráo, thoáng mát và tối. Bảo quản ở nơi râm mát, thoáng mát. Không xếp chồng hoặc nén",储藏方法,1,6.85,1,726270078559,DUNG,,
常温干燥,Bảo quản khô ráo ở nhiệt độ thường,储藏方法,1,6.75,1,1061369447897,DUNG,,
帽子猫头鹰,Mũ cú,颜色,1,0.8,1,845671983637,SAI,Cú đội mũ,
幻夜【A类母婴级-亲肤裸睡】,Đêm kỳ diệu [Loại A ngủ khỏa thân thân thiện với làn da dành cho bà mẹ và trẻ sơ sinh],花型,1,6.3,1,970053949264,DUNG,,
幻羽-翠绿,Magic Feather-Xanh ngọc lục bảo,花型,1,6.5,1,849998580627,SAI,Huyễn Vũ - xanh ngọc,
序曲-粉【A类母婴级-亲肤裸睡】,Overture-Powder [Loại A dành cho bà mẹ và trẻ sơ sinh thân thiện với làn da khi ngủ khỏa thân],花型,1,6.45,1,970053949264,SAI,"Khúc dạo đầu - hồng [Loại A cấp mẹ và bé - thân thiện da, ngủ không mặc đồ]",
03#棕迹可寻,03 # Dấu vết màu nâu có thể được tìm thấy,颜色,1,7.0,1,846122900957,DUNG,,
恋恋花开【100%纯棉/假一赔十】,"Hoa nở rộ [100% cotton nguyên chất / Đảm bảo hàng thật, nếu không thật bồi thường gấp 10 lần]",花型,1,6.4,1,1030435299479,DUNG,,
悦己如花-粉色【顺丰包邮】,[秋冬磨毛]藤花旧序,花型,1,0.8,1,1033856398996,SAI,Duyệt kỷ như hoa - hồng [SF Express miễn phí ship],
抗皱紧致25g*3片,Viên uống chống nhăn và làm săn chắc da 25g*3,产品规格,1,6.2,1,817066486178,SAI,Chống nhăn săn chắc 25g*3 miếng,
挤压膨化,đùn,制作工艺,1,0.75,1,570253447273,SAI,Ép đùn phồng,
捏捏乐20个,20 cái,颜色,1,0.75,1,775966904969,SAI,Đồ chơi bóp 20 cái,
捕星星【100%纯棉 假一罚十】,"Catch the Stars [100% Cotton nguyên chất, đảm bảo hàng chính hãng - Hoàn tiền 10 lần nếu giả]",花型,1,7.22,1,637124398055,SAI,"Bắt sao [100% cotton, giả đền gấp mười]",
提拉紧致,抗老,化妆品功效,1,0.5,1,961545961986,SAI,Nâng cơ săn chắc,
支持定制（咨询客服，勿拍，拍下不发货））,"Có sẵn tùy chỉnh (Liên hệ với bộ phận dịch vụ khách hàng, không mua trực tiếp. Đơn hàng đặt trực tiếp sẽ không được vận chuyển)",容量,1,6.47,1,708648957508,DUNG,,
支持定制（咨询客服，此选项勿拍，拍下不发货）,Có sẵn tùy chỉnh (Liên hệ với bộ phận dịch vụ khách hàng. Không mua trực tiếp tùy chọn này vì các đơn đặt hàng đã đặt sẽ không được vận chuyển.),容量,1,6.06,1,842126758757,DUNG,,
支持定制（咨询客服，此选项勿拍，拍下不发货）,"Có sẵn tùy chỉnh (Liên hệ với bộ phận dịch vụ khách hàng. Không mua trực tiếp tùy chọn này, vì các đơn đặt hàng được đặt mà không cần tư vấn trước sẽ không được vận chuyển.)",容量,1,7.28,1,714087306827,DUNG,,
新款小24格19.5*13*3.5,"Hộp đựng nhỏ mới, 24 ngăn, kích thước 19.5*13*3.5 cm",颜色,1,7.0,1,713998059648,DUNG,,
方七格可拆8.8*8.8*1.9cm,"Bảng vuông bảy ô có thể tháo rời, kích thước 8.8*8.8*1.9cm",颜色,1,6.8,1,713998059648,DUNG,,
方气垫6586 迷彩粉,Phấn phủ che khuyết điểm dạng phấn nén vuông 6586 họa tiết rằn ri,颜色,1,8.0,1,747737297572,SAI,Cushion vuông 6586 rằn ri hồng,
1.2m床单款三件套【被套150*200cm/床单180*230cm】,Bộ chăn ga gối đệm kích thước 1.2m (bao gồm vỏ chăn kích thước 150*200cm và ga trải giường kích thước 180*230cm),尺寸规格,1,6.7,1,1077883231698,DUNG,,
时光花礼【舒适全棉 亲肤裸睡】,"Quà Tặng Hoa Thời Gian [Chất Liệu Cotton Thoải Mái, Thân Thiện Với Da, Ngủ Thoải Mái Như Không Mặc Gì]",花型,1,6.5,1,905320890575,DUNG,,
时光集【亲肤*可裸睡】,Bộ sưu tập thời gian [Thân thiện với làn da * Bạn có thể ngủ khỏa thân],花型,1,6.5,1,864031946792,DUNG,,
1.2m床单款三件套（被套 150*200）,枕套一对（48*74）,尺寸规格,1,0.38,1,867980227703,SAI,Bộ 3 món ga trải 1.2m (vỏ chăn 150*200),
时尚英伦,Phong cách Anh Quốc thời thượng,花型,1,6.5,1,1066416380524,DUNG,,
时空探索-咖,Khám phá thời gian và không gian-cà phê,花型,1,6.2,1,712637479571,DUNG,,
时空探索-蓝,Khám phá thời gian và không gian-xanh lam,花型,1,6.6,1,712637479571,DUNG,,
旺旺联系客服了解,Liên hệ bộ phận chăm sóc khách hàng của Wangwang để biết thêm thông tin,颜色,1,7.12,1,1071840799830,DUNG,,
旺旺联系客服了解一切,Vui lòng liên hệ bộ phận chăm sóc khách hàng của Wangwang để biết thêm chi tiết,颜色,1,6.3,1,1073900844330,DUNG,,
星战系列,Loạt phim Chiến tranh giữa các vì sao,运动系列,1,7.5,1,976448690806,DUNG,,
星眠小熊【A类面料】,Gấu Ngủ,花型,1,0.71,1,945683986913,SAI,Gấu ngủ dưới sao [vải loại A],
春华秋实,Trái cây của mùa xuân và mùa thu,花型,1,6.25,1,803140169565,DUNG,,
春序【亲肤柔软适合裸睡】,"Lời nói đầu mùa xuân [thân thiện với làn da và mềm mại, thích hợp để ngủ khỏa thân]",花型,1,6.2,1,950268790557,DUNG,,
春日来信,525盛夏-咖,花型,1,0.75,1,825531852668,SAI,Thư ngày xuân,
春来【超柔加厚床盖/拒绝跑床单】,法式床盖-淡香玫瑰（上新）,花型,1,0.77,1,1052144921296,SAI,Xuân về [Ga phủ siêu mềm dày dặn/không xô lệch],
春色满园【舒适透气—可裸睡】,Khu vườn tràn ngập khung cảnh mùa xuân [thoải mái và thoáng khí - bạn có thể ngủ khỏa thân],花型,1,6.27,1,909876622884,DUNG,,
春野风筑,Xây dựng gió cánh đồng mùa xuân,颜色,1,6.25,1,988319426633,DUNG,,
晚棠【A类母婴裸睡级】,Wan Tang [Cấp độ ngủ khỏa thân dành cho bà mẹ và trẻ sơ sinh hạng A],花型,1,6.12,1,779684462722,DUNG,,
更多新款联系客服,"Để biết thêm phong cách mới, vui lòng liên hệ bộ phận chăm sóc khách hàng",货号,1,7.12,1,981759855001,DUNG,,
更多款式咨询客服,"Xem thêm các mẫu khác, vui lòng liên hệ bộ phận chăm sóc khách hàng",颜色,1,6.5,1,1084116812720,DUNG,,
更多配色请联系客服,"Để biết thêm các phối màu, vui lòng liên hệ bộ phận chăm sóc khách hàng",颜色,1,6.11,1,1073518059044,DUNG,,
1.5-1.8m床单四件套-被套200*230cm,"Bộ ga trải giường bốn món, kích thước 1.5-1.8m – vỏ chăn kích thước 200*230cm",尺寸规格,1,6.29,1,1029721699624,DUNG,,
月影【A类母婴裸睡级】,Moon Shadow [Cấp độ ngủ khỏa thân dành cho bà mẹ và trẻ sơ sinh hạng A],花型,1,6.5,1,779684462722,SAI,"Bóng trăng [Loại A cấp mẹ và bé, ngủ không mặc đồ]",
月影【厂价直销---工厂直发】,Moon Shadow [Bán hàng trực tiếp giá xuất xưởng --- giao hàng trực tiếp tại nhà máy],花型,1,6.2,1,959695863496,SAI,Bóng trăng [giá xưởng bán trực tiếp --- nhà máy giao thẳng],
1.5M四件套【被套150*200cm】,Bộ bốn món gồm vỏ chăn kích thước 1.5m [vỏ chăn 150*200cm],尺寸规格,1,6.4,1,1050003833022,DUNG,,
朝花夕拾 红【亲肤*可裸睡】,Đón đỏ vào buổi sáng và buổi tối [Thân thiện với làn da * Bạn có thể ngủ khỏa thân],花型,1,6.1,1,864031946792,SAI,Triêu hoa tịch thập - đỏ [thân thiện da * ngủ không mặc đồ được],
木柄中长40cm,Tay cầm bằng gỗ chiều dài trung bình 40cm,颜色,1,7.25,1,918596526804,DUNG,,
木棉花-绿【100%全棉 亲肤透气】纯,木棉花-绿[100%纯棉 亲肤透气],花型,1,0.91,1,947436756706,SAI,"Hoa gạo - xanh lá [100% cotton, thân thiện da, thoáng khí] trơn",
木纹18罐大红袍带礼袋,福气满满24罐金骏眉,包装规格,1,0.89,1,760128144692,SAI,Đại Hồng Bào 18 lon vân gỗ kèm túi quà,
木纹18罐金骏眉,Hộp quà bánh đôi Pu'er thành công ngay lập tức (Trà chín Pu'er + Trà thô Pu'er),包装规格,1,9.5,1,771995458061,SAI,Kim Tuấn Mi 18 lon vân gỗ,
木纹龙尊四大名茶,"Trà thượng hạng ""Vân Gỗ Rồng"" - Bốn loại trà thượng hạng nổi tiếng",包装规格,1,6.25,1,853831782040,DUNG,,
本白-中灰,Màu trắng trung bình nguyên bản,花型,1,6.5,1,858060864008,SAI,Trắng mộc - xám vừa,
本草纲目,Compendium of Materia Medica,系列,1,6.25,1,908404817649,SAI,Bản Thảo Cương Mục,
机洗、水洗,"Có thể giặt bằng máy, có thể giặt bằng nước",洗涤方式,1,8.25,1,949207429600,DUNG,,
条纹加大号（XL号）,XL sọc (XL),颜色,1,0.83,1,844496649345,DUNG,,
条纹天地盖灰色,Màu xám,颜色,1,0.86,1,639855616326,SAI,Hộp nắp trùm kẻ sọc màu xám,
来图可定制颜色私聊客服,Bạn có thể tùy chỉnh màu sắc theo hình ảnh và trò chuyện riêng với bộ phận chăm sóc khách hàng,颜色,1,6.73,1,996305167120,DUNG,,
来图定制联系客户【可水洗可折叠】,马奥[可水洗可折叠],颜色,1,0.57,1,1039392558191,SAI,"Gửi hình đặt làm, liên hệ CSKH [giặt được, gấp được]",
1.5m床单四件套【被套150*200cm】,"Bộ ga trải giường kích thước 1.5m (bao gồm vỏ chăn, kích thước 150 x 200cm)",尺寸规格,1,6.43,1,1052596469289,DUNG,,
1.5m床单四件套【被套200*230】,Bộ ga trải giường kích thước 1.5m (bao gồm vỏ chăn kích thước 200*230),尺寸规格,1,6.29,1,1037339373969,DUNG,,
柔蓝一水【舒适全棉 亲肤裸睡】,"Nước xanh dịu nhẹ [Chất liệu cotton mềm mại, thân thiện với làn da, thoải mái như không mặc gì khi ngủ]",花型,1,6.5,1,905320890575,DUNG,,
栀子花氨基酸净颜洁面慕斯620ML/单瓶,男士洗面奶[300g],产品规格,1,0.29,1,716528344658,SAI,Mousse rửa mặt amino acid hoa dành dành 620ML/chai,
标准版 前4K+后1080P,Phiên bản tiêu chuẩn phía trước 4K phía sau 1080P,颜色分类,1,6.6,1,776278697386,DUNG,,
树拾光【100%纯棉/假一赔十】,"Cây Tích Quang [100% cotton nguyên chất / Đảm bảo hàng thật, nếu không thật bồi thường gấp 10 lần]",花型,1,7.67,1,1030435299479,DUNG,,
校园生活,Cuộc sống trong khuôn viên trường,花型,1,7.0,1,920913778400,DUNG,,
格纹河畔【7A升级母婴裸睡款】,"Hàng rào kẻ sọc bên bờ sông [Phiên bản 7A nâng cấp dành cho mẹ và bé, thích hợp ngủ không mặc đồ]",花型,1,6.36,1,1010510520172,SAI,"Bờ sông kẻ ô [bản nâng cấp 7A cấp mẹ và bé, ngủ không mặc đồ]",
梦回【超柔加厚床盖/拒绝跑床单】,法式床盖-莫妮卡（上新）,花型,1,0.69,1,1052144921296,SAI,Mộng Hồi [Ga phủ siêu mềm dày dặn/không xô lệch],
梦漫【A类母婴裸睡级】,Dreamman [Cấp độ giấc ngủ khỏa thân dành cho bà mẹ và trẻ sơ sinh hạng A],花型,1,6.75,1,779684462722,SAI,"Mộng Mạn [Loại A cấp mẹ và bé, ngủ không mặc đồ]",
棉麻单窗藏青,Cửa sổ đơn bằng vải cotton và vải lanh màu xanh hải quân,颜色,1,7.33,1,800450502266,DUNG,,
1.5m床笠四件套床笠150x200cm,Bộ ga trải giường vừa vặn dài 1.5m gồm 4 ga trải giường vừa vặn 150x200cm,尺寸规格,1,6.29,1,754309062172,SAI,"Bộ 4 món ga chun 1.5m, ga chun 150x200cm",
1.5m床笠四件套被套180x220,"Bộ ga trải giường kích thước 1.5m, bao gồm vỏ chăn, kích thước 180x220",尺寸规格,1,6.29,1,1004772980038,SAI,"Bộ 4 món ga chun 1.5m, vỏ chăn 180x220",
1.5m床笠款四件套-被套200x230cm【母婴级品质-亲肤可裸睡】,"Bộ ga trải giường kích thước 1.5m (gồm bốn món) – vỏ chăn kích thước 200x230cm [Chất lượng dành cho trẻ sơ sinh – mềm mại, thân thiện với da, đủ thoải mái để bạn có thể ngủ mà không cần mặc thêm gì]",尺寸规格,1,7.44,1,1067336393119,DUNG,,
正山小种320克装,Gói 320g,包装规格,1,0.67,1,43500134815,SAI,Chính Sơn Tiểu Chủng gói 320g,
母婴用品,Sản phẩm dành cho bà mẹ và trẻ em,1,1,6.25,1,986181032351,DUNG,,
母婴用品,Sản phẩm dành cho bà mẹ và trẻ sơ sinh,1,1,7.25,1,978236774609,DUNG,,
比较耐泡,Tương đối có khả năng chống tạo bọt,耐泡程度,1,7.0,1,840625525205,SAI,Khá bền nước (pha được nhiều lần),
气质熟女,"Phụ nữ trưởng thành, khí chất quý phái",风格,1,7.5,1,993288411010,DUNG,,
1.5床单款四件套-被套180*220,"Bộ ga trải giường 4 món, kích thước 1.5 mét – bao gồm vỏ chăn kích thước 180*220",尺寸规格,1,6.25,1,1006341661721,DUNG,,
水杨酸棉片,Viên bông tẩy tế bào chết chứa axit salicylic,货号,1,7.4,1,782792529430,SAI,Miếng bông axit salicylic,
江山如画,Vẻ đẹp thiên nhiên như tranh vẽ,货号,1,6.25,1,1068427315366,DUNG,,
江山如画【七大茗茶+高档茶礼】,鸿福[六大茗茶+送礼佳品],包装规格,1,0.83,1,771684653878,SAI,Giang sơn như họa [bảy loại trà nổi tiếng + hộp quà trà cao cấp],
油画意境【100%新疆棉亲肤透气】,"Khái niệm nghệ thuật tranh sơn dầu [100% cotton Tân Cương, thân thiện với da và thoáng khí]",花型,1,6.09,1,959505175670,DUNG,,
法式床盖-花枝兔（上新）,"Mộng Hồi [Ga trải giường siêu mềm, dày dặn/Chống xô lệch ga trải giường]",花型,1,6.11,1,1052144921296,SAI,Ga phủ kiểu Pháp - thỏ cành hoa (mẫu mới),
法式豹纹咖,Phong cách Pháp họa tiết da báo màu cà phê,花型,1,6.6,1,1076131964393,DUNG,,
洛凡美皙凡士林温变焕采润唇膏（新）2.7g,泊泉雅男士舒润保湿护唇膏2.7g,颜色,1,0.8,1,627525831698,SAI,Son dưỡng vaseline đổi màu theo nhiệt Lạc Phàm Mỹ Tích (mới) 2.7g,
流媒体单录,Phương tiện Truyền trực tuyến ghi lại,颜色分类,1,6.2,1,617918833350,SAI,Màn hình streaming ghi đơn,
浅影【100%纯棉/假一赔十】,"Ánh Sáng Nhẹ [100% cotton nguyên chất / Đảm bảo hàng thật, nếu không trả gấp 10 lần]",花型,1,7.12,1,1030435299479,DUNG,,
浅粉蓝格【A类母婴裸睡亲肤级】,"Họa tiết kẻ caro hồng nhạt xanh dương [Loại A, dành cho mẹ và bé, thân thiện với da, thích hợp ngủ trần]",花型,1,6.33,1,1064124861944,DUNG,,
浅蓝心语,Xanh lam nhạt ngôn ngữ trái tim,花型,1,6.25,1,712637479571,DUNG,,
浓香小种红茶,Hương thơm nồng nàn của trà đen Lapsang Souchong,货号,1,6.67,1,929497571572,DUNG,,
浮翠流丹/25姆重磅,Viên thuốc nổi màu xanh lá cây và chảy/Trọng lượng nặng 25 mm,花型,1,6.57,1,539388126545,SAI,Phù thúy lưu đan / lụa nặng 25 momme,
海洋绿在,Màu xanh đại dương đang ở trong,颜色,1,6.25,1,946187470704,SAI,Xanh đại dương,
1.8m床【床笠款四件套】-适合220x240cm被芯,Bộ ga trải giường kích thước 1.8m [bao gồm ga trải giường và bốn món khác] – phù hợp với ruột chăn kích thước 220x240cm,尺寸规格,1,7.18,1,1005651591525,SAI,Giường 1.8m [bộ 4 món ga chun] - hợp ruột chăn 220x240cm,
1.8m床【床笠款四件套】-适用200*230cm被芯,Bộ ga trải giường kích thước 1.8m [gồm ga trải giường và bốn món khác] – phù hợp với ruột chăn kích thước 200*230cm,尺寸规格,1,6.91,1,1044166160260,SAI,Giường 1.8m [bộ 4 món ga chun] - hợp ruột chăn 200*230cm,
1.8m床单四件套【被套180*220cm】,"Bộ ga trải giường kích thước 1.8m (bao gồm vỏ chăn, kích thước 180*220cm)",尺寸规格,1,6.29,1,1052596469289,DUNG,,
1.8m床单四件套被套180x220,"Bộ chăn ga gối đệm 4 món, kích thước 1.8m, kèm vỏ chăn kích thước 180x220",尺寸规格,1,6.29,1,1004772980038,DUNG,,
淘气萌宠,Thú cưng nghịch ngợm dễ thương,花型,1,6.25,1,865384300973,DUNG,,
1.8m床单款四件套【适合180*220被子】床单240*245枕套两只,"Bộ chăn ga gối đệm kích thước 1.8m (gồm bốn món) [phù hợp với kích thước giường 180*220], bao gồm một tấm ga trải giường kích thước 240*245 và hai vỏ gối",尺寸规格,1,6.19,1,1060154775549,SAI,"Bộ 4 món ga trải 1.8m [hợp chăn 180*220], ga 240*245, 2 vỏ gối",
深灰【120支匹马棉+液氨凉感】,Xám đậm [120 sợi Pima cotton + cảm giác mát lạnh nhờ công nghệ xử lý bằng amoniac lỏng],颜色,1,6.3,1,954998936409,DUNG,,
深空灰春秋款露手露脚,Phong cách mùa xuân và mùa thu màu xám không gian sâu sắc thể hiện bàn tay và bàn chân,颜色,1,6.7,1,971625998972,SAI,"Xám không gian, mẫu xuân thu hở tay hở chân",
1.8m床床笠款被套加大四件套—适合220x240cm被芯,"Bộ chăn ga gối đệm kích thước 1.8m, bao gồm ga trải giường và vỏ chăn, bộ gồm bốn món, kích thước lớn – phù hợp với chăn kích thước 220x240cm",尺寸规格,1,6.27,1,1049714638720,DUNG,,
1.8m床笠四件套【被套200*230cm】,"Bộ chăn ga gối đệm kích thước 1.8m (bao gồm vỏ chăn, kích thước 200*230cm)",尺寸规格,1,6.29,1,1052596469289,DUNG,,
清薇-粉【精梳新疆全棉 亲肤裸睡】,织律[精梳新疆全棉 亲肤裸睡],花型,1,0.92,1,981311118047,SAI,"Thanh Vi - hồng [cotton chải kỹ Tân Cương, thân thiện da, ngủ không mặc đồ]",
清香+浓香,Hương thơm nhẹ + hương thơm nồng,香型,1,6.25,1,1076567163136,DUNG,,
1.8m床笠款【被套200*230cm】4件套【亲肤裸睡-不起球不褪色】,"Bộ ga trải giường kích thước 1.8m [vỏ chăn 200*230cm], bộ gồm 4 món [chất liệu mềm mại, thân thiện với da, thích hợp để ngủ không mặc quần áo - không bị xù lông, không bị phai màu]",尺寸规格,1,7.0,1,1060934671983,DUNG,,
满印雪梨哈衣1件,Áo liền quần in họa tiết toàn thân kiểu táo tuyết 1 chiếc,颜色,1,6.29,1,1008926341621,SAI,Áo liền quần in lê toàn thân 1 chiếc,
满园春色,Khu vườn tràn ngập khung cảnh mùa xuân,花型,1,7.75,1,850804855473,DUNG,,
满园春色-金,Khu vườn tràn ngập màu sắc mùa xuân - vàng,花型,1,6.4,1,973180206181,DUNG,,
满陇桂雨,Toàn bộ cánh đồng phủ đầy hương hoa mộc tê,颜色,1,8.25,1,918965351784,DUNG,,
漫漫【超柔加厚床盖/拒绝跑床单】,法式床盖-花枝兔（上新）,花型,1,0.69,1,1052144921296,SAI,Man Man [Ga phủ siêu mềm dày dặn/không xô lệch],
潮流兔【100%纯棉 假一罚十】,Thỏ thời thượng [100% Cotton nguyên chất - Đảm bảo hàng chính hãng hoặc hoàn tiền gấp 10 lần],花型,1,7.33,1,637124398055,DUNG,,
潮牌印花,In ấn thương hiệu hợp thời trang,印花主题,1,6.5,1,994049458116,DUNG,,
潮牌小香,Thương hiệu thời thượng Xiaoxiang,花型,1,7.25,1,894124320950,SAI,Phong cách tweed Chanel thời thượng,
潮青春 蓝,"Thời trang trẻ trung, màu xanh dương",花型,1,7.25,1,1006881614830,DUNG,,
澳大利亚,Úc,原产国/地区,1,0.5,1,978254151465,DUNG,,
灰色单片 5片,Mặt nạ trắng trơn (làm săn chắc và sửa chữa),产品规格,1,6.6,1,868458574572,SAI,"Miếng lẻ màu xám, 5 miếng",
灰雅绿【腰靠】,Màu xanh thanh lịch màu xám [hỗ trợ thắt lưng],颜色,1,7.0,1,972507139971,SAI,Xanh xám thanh lịch [gối tựa lưng],
烟酰胺熊果苷VC洁面乳120g/单盒,三合一硫磺净螨液体香皂[500ml],产品规格,1,0.91,1,716528344658,SAI,Sữa rửa mặt niacinamide arbutin vitamin C 120g/hộp,
焕能舒润柔肤水500ml,乳贴面膜5片,产品规格,1,0.43,1,631926964396,SAI,Nước hoa hồng làm mềm da dưỡng ẩm 500ml,
爱心日记,517布鲁克,花型,1,0.75,1,825531852668,SAI,Nhật ký tình yêu,
爱情条码【高克重 软糯亲肤 柔软舒适】,繁花高克重 软糯亲肤 柔软舒适],花型,1,0.87,1,990986138344,SAI,"Mã vạch tình yêu [định lượng vải cao, mềm mịn thân thiện da, êm ái]",
爱的红妆,Lớp trang điểm màu đỏ của tình yêu,花型,1,6.75,1,973180206181,DUNG,,
牛油果洁面慕斯（仅供外贸）,玫瑰洁面慕斯（仅供外贸）,产品规格,1,0.91,1,831452757923,SAI,Mousse rửa mặt bơ (chỉ xuất khẩu),
特价天鹅堡积木/清完下架,"Ưu đãi đặc biệt: Khối xây dựng Lâu đài Hohenschwangau - Số lượng có hạn, hãy sở hữu ngay trước khi chúng hết!",颜色,1,7.55,1,913655021529,SAI,"Giá đặc biệt: lego lâu đài thiên nga, bán hết thì gỡ",
特价龙井 500g（一级）,"Long Tỉnh A loại 2, 500g (Dùng cho cá nhân/Pha hàng ngày)",包装规格,1,6.17,1,522677003332,SAI,Long Tỉnh giá đặc biệt 500g (cấp 1),
1.8高12.5长方盒12.7*9.1*1.8CM,"Hộp chữ nhật cao 1.8, kích thước 12.5, kích thước 12.7*9.1*1.8CM",规格,1,7.75,1,816321516421,DUNG,,
1.8高12.5长方盒12.7*9.1*1.8CM;主图色,"Hộp chữ nhật cao 1.8, kích thước 12.5, kích thước 12.7*9.1*1.8CM, màu sắc như hình ảnh chính",规格型号,1,7.43,1,816321516421,DUNG,,
环保材质,Vật liệu thân thiện với môi trường,安全等级,1,7.0,1,623409355492,DUNG,,
环保石墨灰,Màu xám than chì thân thiện với môi trường,颜色,1,6.8,1,906190085987,DUNG,,
玻尿酸英文洁面慕斯（仅供外贸）,牡丹殷桃洁面慕斯（仅供外贸）,产品规格,1,0.92,1,831452757923,SAI,Mousse rửa mặt hyaluronic acid bao bì tiếng Anh (chỉ xuất khẩu),
10.5方盒外径： 10.5*10.5*3cm,10.5 Đường kính ngoài của hộp vuông: 10.5*10.5*3cm,颜色,1,6.25,1,695608147195,DUNG,,
甜悦【A类母婴裸睡级】,Sweet Joy [Cấp độ ngủ khỏa thân dành cho bà mẹ và trẻ sơ sinh hạng A],花型,1,6.25,1,779684462722,SAI,"Ngọt ngào [Loại A cấp mẹ và bé, ngủ không mặc đồ]",
甜憩间【舒适全棉 亲肤裸睡】,"Giấc ngủ ngọt ngào [Chất liệu cotton mềm mại, thân thiện với làn da, thoải mái như không mặc]",花型,1,6.45,1,905320890575,DUNG,,
100%棉蝴蝶衣-满印苹果,Bộ đồ liền thân hình con bướm 100% cotton - In hình quả táo toàn thân,颜色,1,6.12,1,975485559091,DUNG,,
100%棉蝴蝶衣-满印黄树,Bộ đồ liền thân hình con bướm 100% cotton - In hình cây màu vàng toàn thân,颜色,1,6.62,1,975485559091,DUNG,,
甜梦屋-蓝,Ngôi nhà giấc mơ ngọt ngào - Xanh dương,花型,1,7.5,1,1081565102675,DUNG,,
甜梦屋-黄,Ngôi nhà giấc mơ ngọt ngào - Vàng,花型,1,6.25,1,1081565102675,DUNG,,
甜粉无骨哈衣,Áo liền quần không đường may màu hồng ngọt ngào,颜色,1,6.33,1,1032819073043,DUNG,,
100000Ah【专供跨境】,100000Ah [chuyên dụng cho thương mại xuyên biên giới],电源容量,1,8.75,1,944723477137,DUNG,,
100000毫安【专供跨境】,100000 mA [chuyên dụng cho thương mại xuyên biên giới],电源容量,1,6.17,1,837831056812,SAI,100000mAh [chuyên cho xuyên biên giới],
田径中长跑,Các môn chạy cự ly trung bình và dài trong điền kinh,适用场景,1,8.2,1,1036954322821,DUNG,,
电商供货、实体店拿货、直播货源,"Cung cấp hàng cho thương mại điện tử, cung cấp hàng cho cửa hàng truyền thống, cung cấp hàng cho livestream",适用渠道,1,6.54,1,962556655461,DUNG,,
电商爱采,Bộ sưu tập tình yêu thương mại điện tử,属性,1,7.5,1,611275115120,SAI,Sàn TMĐT ưa chuộng nhập,
男士洗面奶【300g】,Gardenia Amino Acid Cleansing Mousse 620ML/chai đơn,产品规格,1,8.0,1,716528344658,SAI,Sữa rửa mặt nam [300g],
男女同款,Kiểu dáng giống nhau cho nam và nữ,情侣鞋,1,6.75,1,977968093015,DUNG,,
100ml净澈焕亮,100ml tinh dầu thanh lọc và kiểm soát mụn,产品规格,1,7.0,1,990921612947,SAI,"100ml làm sạch trong trẻo, sáng da",
白深蓝【男款-国潮画】,Trắng và xanh đậm [phong cách nam giới - tranh xu hướng quốc gia],颜色,1,6.12,1,983406812146,SAI,Trắng xanh đậm [mẫu nam - họa tiết Trung Hoa hiện đại],
白灰【男款-国潮画】,Xám trắng [Phong cách nam giới - Tranh xu hướng quốc gia],颜色,1,6.14,1,983406812146,SAI,Trắng xám [mẫu nam - họa tiết Trung Hoa hiện đại],
白红 293 双网 女生,"Vớ/Vớ nữ lưới đôi 293 trắng và đỏ [Sản phẩm - vui lòng chỉ định nếu biết, ví dụ: Tất, Giày, v.v.]",颜色,1,10.5,1,720311934909,SAI,Trắng đỏ 293 lưới đôi nữ,
100元/斤绿版龙井,100 nhân dân tệ/kg phiên bản màu xanh lá cây Long Tỉnh,包装规格,1,6.5,1,1281488287,SAI,"100 tệ/cân (500g), Long Tỉnh bản xanh",
白绿【镂空】,Trắng và xanh lá cây [rỗng thường],颜色,1,6.5,1,941549768503,SAI,Trắng xanh lá [khoét lỗ],
白色【环保PP材质】,Màu trắng [chất liệu PP thân thiện với môi trường],颜色,1,6.17,1,943634992705,DUNG,,
白色单片 5片,Mặt nạ trơn màu xanh (dưỡng ẩm và làm dịu),产品规格,1,6.2,1,868458574572,SAI,"Miếng lẻ màu trắng, 5 miếng",
白色（无数显）,Màu trắng (không có màn hình kỹ thuật số),颜色,1,6.2,1,876484288754,DUNG,,
白配小黄花,Màu trắng với những bông hoa nhỏ màu vàng,颜色,1,6.6,1,936012222283,DUNG,,
1080P+1080P双镜头+WiFi+声控,Ống kính kép 1080P+1080P+WiFi+điều khiển bằng giọng nói,颜色分类,1,6.2,1,964292656456,DUNG,,
1080P+1080P双镜头+声控,Ống kính kép 1080P + 1080P + điều khiển bằng giọng nói,颜色分类,1,6.2,1,964292656456,DUNG,,
1080P+720P双镜头+声控,Ống kính kép 1080P + 720P + điều khiển bằng giọng nói,颜色分类,1,6.2,1,964292656456,DUNG,,
百子报喜,Hàng trăm con trai thông báo tin tốt,花型,1,7.25,1,973180206181,SAI,Bách tử báo hỷ,
百鸟朝凤三大名茶礼盒,Mở cửa đón nhận phước lành từ sáu loại trà nổi tiếng và nhận ngay bộ trà sứ celadon,包装规格,1,6.5,1,651179448315,SAI,Hộp quà ba loại trà nổi tiếng Bách điểu triều phụng,
盛世良缘,Một cuộc hôn nhân tốt đẹp trong thời kỳ thịnh vượng,花型,1,10.25,1,990942607548,DUNG,,
直弧PPSU奶瓶330mL【9月+】,Bình sữa PPSU thân thẳng cong 330mL [9 tháng tuổi trở lên],容量,1,7.0,1,1024009914729,DUNG,,
相机内胆包40元，联系客服改价,"Túi đựng máy ảnh bên trong giá 40 tệ, vui lòng liên hệ bộ phận chăm sóc khách hàng để thay đổi giá",尺寸,1,6.08,1,634989319419,DUNG,,
真爱不变,Tình yêu đích thực vẫn không thay đổi,花型,1,7.5,1,984367790043,DUNG,,
矮透盒-巨长,Hộp ngắn trong suốt - Chiều dài khổng lồ,颜色,1,6.2,1,738712383140,SAI,Hộp trong thấp - siêu dài,
石榴玫瑰洁面慕斯（仅供外贸）,蓝莓洁面慕斯（仅供外贸）,产品规格,1,0.83,1,831452757923,SAI,Mousse rửa mặt lựu hoa hồng (chỉ xuất khẩu),
10包【约5g/包】代发定制 详询客服,"10 gói [khoảng 5g/gói] giao hàng tùy chỉnh, vui lòng liên hệ bộ phận chăm sóc khách hàng để biết chi tiết",包装规格,1,6.91,1,971475950156,SAI,"10 gói [khoảng 5g/gói] nhận dropship, đặt làm, chi tiết hỏi CSKH",
碎花甜梦集-花边款,Bộ sưu tập những giấc mơ ngọt ngào của Broken Flower-Phong cách ren,花型,1,6.75,1,982320205446,SAI,Hoa nhí giấc mơ ngọt - kiểu viền ren,
礼韵金骏眉,Junmei vàng với vẻ quyến rũ duyên dáng,货号,1,6.2,1,980000493728,SAI,Kim Tuấn Mi Lễ Vận,
祥瑞六层六大茗茶送窑变茶具,喜上眉梢双层六大茗茶,包装规格,1,0.77,1,651179448315,SAI,"Tường thụy, hộp 6 tầng sáu loại trà nổi tiếng, tặng ấm chén men biến",
福鹿随行高克重 软糯亲肤 柔软舒适】,墨韵[高克重 软糯亲肤 柔软舒适],花型,1,0.87,1,990986138344,SAI,"Phúc lộc tùy hành [định lượng vải cao, mềm mịn thân thiện da, êm ái]",
秋思【厂价直销---工厂直发】,Những Nỗi Nhớ Mùa Thu [Giá Tận Xưởng - Bán Hàng Trực Tiếp Từ Xưởng --- Giao Hàng Trực Tiếp Từ Xưởng],花型,1,7.3,1,959695863496,DUNG,,
秋飘铃【100%纯棉/假一赔十】,"Thu Phiêu Linh [100% cotton nguyên chất / Đảm bảo hàng thật, nếu không thật bồi thường gấp 10 lần]",花型,1,7.67,1,1030435299479,DUNG,,
10寸声控版二路【AHD超清屏】,7inch Phiên bản điều khiển bằng giọng nói với bốn kênh [Màn hình siêu rõ AHD],颜色分类,1,6.22,1,952244464823,SAI,10inch bản điều khiển giọng nói 2 kênh [màn hình AHD siêu nét],
10寸声控版四路MP5【按键款】,10inch Phiên bản điều khiển bằng giọng nói với bốn kênh [Màn hình siêu rõ AHD],颜色分类,1,6.33,1,952244464823,SAI,10inch bản điều khiển giọng nói 4 kênh MP5 [kiểu nút bấm],
空军-电玩,Lực lượng Không quân - Trò chơi điện tử,颜色,1,7.5,1,991920544432,DUNG,,
童话小狗,Chú chó con trong truyện cổ tích,花型,1,6.5,1,1074455599864,DUNG,,
童话星岛【A类母婴级-亲肤裸睡】,Truyện cổ tích Xingdao [Loại A dành cho bà mẹ và trẻ sơ sinh ngủ khỏa thân thân thiện với làn da],花型,1,6.08,1,970053949264,DUNG,,
10格36个 15格36个 空格60个 盖子1箱200个,"10 ô, 36 ô, 15 ô, 36 ô, 60 ô, 1 nắp, 200 ô",箱装数量,1,0.82,1,662536701469,SAI,"Khay 10 ngăn 36 cái, 15 ngăn 36 cái, không ngăn 60 cái, nắp 1 thùng 200 cái",
笑脸【亲肤柔软】,Khuôn mặt tươi cười [thân thiện với làn da và mềm mại],花型,1,6.83,1,946890774068,DUNG,,
箩卜兔兔,Thỏ,颜色,1,0.75,1,727270138252,SAI,Thỏ cà rốt,
米白大号,Kích thước lớn ngoài màu trắng,颜色,1,6.25,1,821262107489,SAI,Trắng ngà cỡ lớn,
米白横款中号,"Kích thước trung bình, kiểu dáng ngang màu trắng nhạt",颜色,1,7.17,1,872304244437,DUNG,,
110cm建议身高100-110cm,Chiều cao khuyến nghị: 110cm. Phù hợp chiều cao từ 100-110cm,适合身高,1,8.5,1,974334150546,DUNG,,
米红撞色,Màu hồng gạo phối màu tương phản,颜色,1,6.5,1,1066117840910,DUNG,,
粉&绿普通轮,Bánh xe thông thường màu hồng & xanh lá cây,颜色,1,6.6,1,924720698374,DUNG,,
粉&绿溜冰轮,Bánh xe trượt băng màu hồng & xanh lá cây,颜色,1,6.2,1,924720698374,SAI,Hồng & xanh lá bánh xe trượt patin,
粉桃心连体,Đồ bơi liền thân hình trái tim đào hồng,颜色,1,6.2,1,702548713033,SAI,Đồ liền thân hồng trái tim,
粉满印花+小树熊兔,hoa hồng,颜色,1,0.88,1,1076847062613,SAI,Hồng in hoa toàn thân + gấu koala thỏ,
粉满印花+降落伞,Dù,颜色,1,0.29,1,1076847062613,SAI,Hồng in hoa toàn thân + dù,
粉粉郁金香,518薇薇安,花型,1,0.6,1,825531852668,SAI,Tulip hồng,
粉色【专供跨境】,Hồng [chuyên dụng cho thương mại xuyên biên giới],颜色,1,6.5,1,942099589497,DUNG,,
112318-镜花水月,112318-Hoa trong gương và nước trong trăng,颜色,1,7.25,1,949207429600,DUNG,,
粉色中号29*21*14cm,Màu hồng kích thước trung bình 29*21*14cm,颜色,1,6.25,1,855001912425,DUNG,,
粤G妆网备字2023053337,Mã số đăng ký mạng lưới trang điểm G Quảng Đông: 2023053337,货号,1,7.2,1,673871103949,SAI,Số công bố mỹ phẩm Quảng Đông G 2023053337,
精孔【无包装】软壳★镜头全包,透明-四角防摔太空壳,颜色,1,0.82,1,991123939347,SAI,Lỗ chính xác [không bao bì] vỏ mềm ★ bọc toàn bộ camera,
精孔【袋装】软壳★镜头全包,透灰-四角防摔太空壳,颜色,1,0.9,1,991123939347,SAI,Lỗ chính xác [đóng túi] vỏ mềm ★ bọc toàn bộ camera,
素影-萌犬日常,Ảnh Tối Giản - Cuộc Sống Hàng Ngày Của Chú Cún Dễ Thương,花型,1,7.17,1,1077392585507,DUNG,,
素影-萌犬日常【母婴裸睡超柔软】,"Sơ Ảnh - Cuộc sống thường ngày của chú chó con đáng yêu [Siêu mềm mại, an toàn cho mẹ và bé ngủ không mặc đồ]",花型,1,6.15,1,1060390364662,DUNG,,
素玳面膜 灰（弹力紧致）,灰色单片 5片,产品规格,1,0.56,1,868458574572,SAI,"Mặt nạ Tố Đại xám (đàn hồi, săn chắc)",
素玳面膜 白（紧致修护）,黑色单片 5片,产品规格,1,0.56,1,868458574572,SAI,"Mặt nạ Tố Đại trắng (săn chắc, phục hồi)",
素玳面膜 黑（美白淡斑）,白色单片 5片,产品规格,1,0.56,1,868458574572,SAI,"Mặt nạ Tố Đại đen (dưỡng trắng, mờ thâm)",
素雅-蓝条,Thanh trang-xanh lam thanh lịch,花型,1,6.5,1,820866302877,SAI,Thanh nhã - sọc xanh,
素雅-黄格,Lưới màu vàng đơn giản và thanh lịch,花型,1,7.25,1,820866302877,SAI,Thanh nhã - kẻ ô vàng,
紫罗兰色,tím,颜色,1,0.75,1,919761879685,DUNG,,
紫色【专供跨境】,Tím [chuyên dụng cho thương mại xuyên biên giới],颜色,1,6.33,1,942099589497,DUNG,,
120#【长43宽31高23cm】无轮,"120 # [Chiều dài 43cm, Chiều rộng 31cm, Chiều cao 23cm]Không có bánh xe",尺寸,1,8.4,1,1049519824286,DUNG,,
120#【长43宽31高23cm】无轮,120 # [chiều dài 43 chiều rộng 31 chiều cao 23cm] không có bánh xe,尺寸,1,7.6,1,735283254705,DUNG,,
紫韵【100%纯棉 假一罚十】,Purple Rhyme [100% Cotton nguyên chất - Đảm bảo tính xác thực hoặc hoàn tiền gấp 10 lần],花型,1,7.75,1,637124398055,SAI,"Tử Vận [100% cotton, giả đền gấp mười]",
繁星入梦,Ngàn sao lấp lánh trong giấc mơ,颜色,1,6.25,1,1069378762541,DUNG,,
繁花梦语高克重 软糯亲肤 柔软舒适】,绅士阁高克重 软糯亲肤 柔软舒适],花型,1,0.93,1,990986138344,SAI,"Phồn hoa mộng ngữ [định lượng vải cao, mềm mịn thân thiện da, êm ái]",
红参麦冬饮,Nước uống nhân sâm đỏ và Ophiopogon japonicus,货号,1,7.6,1,985003059164,DUNG,,
红色【专供跨境】,Đỏ [chuyên dụng cho thương mại xuyên biên giới],颜色,1,6.17,1,896728246954,DUNG,,
120cm建议身高110-120cm,Chiều cao khuyến nghị: 120cm (phù hợp với chiều cao từ 110-120cm),适合身高,1,9.25,1,974334150546,DUNG,,
120g（盒子上有赠品标识）,120g (30g*4 miếng),产品规格,1,0.75,1,913331594985,SAI,120g (trên hộp có ghi quà tặng),
红色猫头鹰,Cú đỏ,颜色,1,0.8,1,845671983637,DUNG,,
纯净无杂,Tinh khiết và không chứa tạp chất,净度,1,6.75,1,999171018045,DUNG,,
纯原M2K-灰橙,Cam xám M2K nguyên chất nguyên chất,颜色,1,6.5,1,986121666631,SAI,Bản chuẩn gốc M2K - xám cam,
纯原M2K-灰黑,M2K nguyên bản nguyên chất màu xám đen,颜色,1,7.0,1,986121666631,SAI,Bản chuẩn gốc M2K - xám đen,
纯原M2K-黑白,M2K nguyên chất đen trắng nguyên bản,颜色,1,6.75,1,986121666631,SAI,Bản chuẩn gốc M2K - đen trắng,
纯原M2K-黑白红,"M2K nguyên bản nguyên chất - đen, trắng và đỏ",颜色,1,6.2,1,986121666631,SAI,Bản chuẩn gốc M2K - đen trắng đỏ,
纯原M2K-黑红,M2K nguyên bản nguyên chất - đen và đỏ,颜色,1,6.5,1,986121666631,SAI,Bản chuẩn gốc M2K - đen đỏ,
纯棉短袖,Tay áo ngắn cotton nguyên chất,货号,1,6.25,1,940200850553,SAI,Áo cộc tay cotton,
纯正原味200g,Hương vị nguyên chất nguyên chất 200g,包装规格,1,6.75,1,982093014880,SAI,Vị nguyên bản 200g,
纯正原味2500g,Hương vị nguyên chất nguyên chất 2500g,包装规格,1,6.75,1,982093014880,SAI,Vị nguyên bản 2500g,
纯灰【蝴网RiFit款】,Màu xám tinh khiết [lưới bướm phong cách RiFit],颜色,1,6.4,1,887945172966,KHONG_CHAC,,蝴网RiFit款: chưa rõ loại lưới (蝴网)
纯白【蝴网RiFit款】,Màu trắng tinh khiết [lưới bướm phong cách RiFit],颜色,1,6.8,1,887945172966,DUNG,,
纯白【蝴网光版】,Màu trắng tinh khiết [phiên bản đèn lưới hình bướm],颜色,1,6.67,1,951367940926,SAI,Trắng tinh [lưới bướm bản trơn],
纯白（金扣）,Màu trắng tinh khiết (khóa vàng),颜色,1,6.25,1,993325893153,DUNG,,
120建议身高105-115CM,Chiều cao khuyến nghị: 105-115cm (cho bé cao khoảng 120cm),适合身高,1,8.5,1,1017116520583,DUNG,,
纯蓝【蝴网RiFit款】,Màu xanh tinh khiết [lưới bướm phong cách RiFit],颜色,1,6.6,1,887945172966,DUNG,,
纯蓝【蝴网光版】,Màu xanh thuần khiết [phiên bản đèn lưới hình bướm],颜色,1,6.67,1,951367940926,SAI,Xanh lam [lưới bướm bản trơn],
纯蓝【蝴网连杆】,Màu xanh lam tinh khiết [Thanh kết nối lưới bướm],颜色,1,6.33,1,887600913911,KHONG_CHAC,,蝴网连杆: chưa rõ
纯黑【蝴网RiFit款】,Màu đen tinh khiết [lưới bướm phong cách RiFit],颜色,1,6.4,1,887945172966,DUNG,,
细条-蓝【A类母婴裸睡亲肤级】,"Sọc mảnh - Xanh dương [Loại A, dành cho mẹ và bé, thân thiện với da, thích hợp ngủ không mặc đồ]",花型,1,6.18,1,1064124861944,DUNG,,
细条蜜香正山小种500g,500g,包装规格,1,0.0,1,615600557521,SAI,Chính Sơn Tiểu Chủng hương mật cánh nhỏ 500g,
织梦【7A升级母婴款】,Dream Weaver [mô hình bà mẹ và trẻ sơ sinh được nâng cấp 7A],花型,1,6.14,1,998967293073,SAI,Dệt mộng [bản mẹ và bé nâng cấp 7A],
维C氨基酸洁面慕斯（仅供外贸）,草莓洁面慕斯（仅供外贸）,产品规格,1,0.75,1,831452757923,SAI,Mousse rửa mặt amino acid vitamin C (chỉ xuất khẩu),
绵绵【超柔加厚床盖/拒绝跑床单】,法式床盖-奶油波点（上新）,花型,1,0.77,1,1052144921296,SAI,Miên Miên [Ga phủ siêu mềm dày dặn/không xô lệch],
绿色+挂饰,Màu xanh lá cây + đồ trang trí treo,颜色,1,6.5,1,996826402791,DUNG,,
绿色-扁款无盖中号【35.8*25.7*14.5cm】,"Màu xanh lá cây - Kiểu dáng phẳng không nắp, kích thước trung bình [35.8*25.7*14.5cm]",颜色,1,6.38,1,992262970931,DUNG,,
绿色-方款无盖中号【28.5*28.5*19.5cm】,Kích thước trung bình kiểu hình vuông màu xanh lá cây không có nắp [28.5 * 28.5 * 19.5cm],颜色,1,6.62,1,992262970931,DUNG,,
绿色【专利款】,Màu xanh lá cây [mô hình được cấp bằng sáng chế],颜色,1,7.2,1,986132694688,DUNG,,
绿色【环保PP材质】,Màu xanh lá cây [vật liệu PP thân thiện với môi trường],颜色,1,6.67,1,943634992705,DUNG,,
绿色【简装】,Màu xanh lá cây [trang trí đơn giản],颜色,1,6.75,1,903909098178,SAI,Xanh lá [đóng gói đơn giản],
绿色无挂件,Màu xanh lá cây không có mặt dây chuyền,颜色,1,6.2,1,996084255241,DUNG,,
绿色曼城,Màu xanh lá cây Manchester City,颜色,1,6.5,1,929600184420,DUNG,,
绿色曼联,Màu xanh lá cây Manchester United,颜色,1,7.0,1,929600184420,DUNG,,
绿色横款,Phong cách ngang màu xanh lá cây,颜色,1,6.5,1,872304244437,DUNG,,
绿茶中号圆罐茶叶100克,100g trà xanh,包装规格,1,0.89,1,642113322682,SAI,Trà xanh lon tròn cỡ vừa 100g,
绿蔓【亲肤*可裸睡】,Cây nho xanh [thân thiện với làn da * có thể ngủ khỏa thân],花型,1,6.14,1,864031946792,DUNG,,
网红单品,Các mặt hàng nổi tiếng trên Internet1,网红单品,1,7.5,1,799397956613,SAI,Sản phẩm hot trên mạng,
网红潮流风,Xu hướng do người có ảnh hưởng thúc đẩy,风格,1,6.2,1,853956826309,DUNG,,
羊绒军粉,Len cashmere màu hồng quân đội,颜色,1,6.25,1,1029366140712,DUNG,,
羊绒绿蓝,Len cashmere xanh lá xanh dương,颜色,1,6.5,1,1029366140712,DUNG,,
美梦结【A类母婴级-亲肤裸睡】,Sweet Dream Knot [Loại A dành cho bà mẹ và trẻ sơ sinh ngủ khỏa thân thân thiện với làn da],花型,1,6.18,1,970053949264,SAI,"Nút mộng đẹp [Loại A cấp mẹ và bé - thân thiện da, ngủ không mặc đồ]",
翠绿色【防水耐磨*畅销版】,Màu xanh ngọc lục bảo [chống thấm nước và chống mài mòn * phiên bản bán chạy nhất],颜色,1,6.2,1,919533326714,DUNG,,
130cm建议身高120-130cm,Chiều cao khuyến nghị: 130cm. Phù hợp với chiều cao từ 120-130cm,适合身高,1,9.25,1,974334150546,DUNG,,
130元/斤绿版龙井,130 nhân dân tệ/kg phiên bản màu xanh lá cây Long Tỉnh,包装规格,1,6.5,1,1281488287,SAI,"130 tệ/cân (500g), Long Tỉnh bản xanh",
联名豹纹,Họa tiết da báo phiên bản hợp tác,颜色,1,6.5,1,1055793288036,DUNG,,
1398-14软弹板装,021-12 Tồn tại trong tình huống tuyệt vọng,颜色,1,7.25,1,710161514846,SAI,1398-14 vỉ bảng mềm đàn hồi,
肉松饼120包,Bánh xốp nhân thịt xông khói (120 gói),包装规格,1,6.5,1,982341028943,SAI,Bánh chà bông (120 gói),
肤感撞色：绿色,Màu sắc tương phản tạo cảm giác cho da: màu xanh lá cây,颜色,1,7.0,1,991945618976,SAI,Phối màu cảm giác da: xanh lá,
140cm建议身高130-140cm,Chiều cao khuyến nghị: 130-140cm (140cm là chiều cao tối đa),适合身高,1,8.25,1,974334150546,DUNG,,
自主实拍图,Ảnh chụp thực tế do chính mình thực hiện,主图来源,1,6.4,1,1061649944726,DUNG,,
芦荟英文洁面慕斯（仅供外贸）,西瓜洁面慕斯（仅供外贸）,产品规格,1,0.83,1,831452757923,SAI,Mousse rửa mặt lô hội bao bì tiếng Anh (chỉ xuất khẩu),
芦荟补水洁面慕斯（仅供外贸）,月亮洁面慕斯（仅供外贸）,产品规格,1,0.83,1,831452757923,SAI,Mousse rửa mặt lô hội cấp nước (chỉ xuất khẩu),
花丛小艺【100%纯棉/假一赔十】,"Hoa Tùng Tiểu Nghệ[100% cotton nguyên chất / Đảm bảo hàng thật, nếu không thật bồi thường gấp mười]",花型,1,7.3,1,1030435299479,DUNG,,
花叶倾城-粉【100%全棉 亲肤透气】纯,妙语花香[100%纯棉 亲肤透气],花型,1,0.83,1,947436756706,SAI,"Hoa lá khuynh thành - hồng [100% cotton, thân thiện da, thoáng khí] trơn",
花样萌宠【100%纯棉/假一赔十】,"Thú cưng đáng yêu [100% cotton nguyên chất / Đảm bảo hàng thật, nếu giả sẽ bồi thường gấp 10 lần]",花型,1,6.7,1,1030435299479,DUNG,,
150#【长49宽35高26cm】无轮,150 # [chiều dài 49 chiều rộng 35 chiều cao 26cm] không có bánh xe,尺寸,1,7.6,1,735283254705,DUNG,,
花田妙语,Lời nói dí dỏm của cánh đồng hoa,花型,1,6.25,1,992530987158,DUNG,,
花田小狗（推荐！）,Chú chó con trong cánh đồng hoa (được khuyến nghị!),花型,1,6.5,1,676276951904,DUNG,,
花色伊人【100%纯棉 亲肤透气】,Hoa và lá Allure-Powder [100% cotton thân thiện với làn da và thoáng khí] tinh khiết,花型,1,6.2,1,947436756706,SAI,"Hoa sắc giai nhân [100% cotton, thân thiện da, thoáng khí]",
花边-蝴蝶结咖,Ren-Nơ,花型,1,0.83,1,991514597833,SAI,Viền ren - nơ nâu cà phê,
花间蜜语【100%纯棉 假一罚十】,Thì thầm hoa [100% cotton nguyên chất - Đảm bảo tính xác thực hoặc hoàn tiền gấp 10 lần],花型,1,6.1,1,637124398055,DUNG,,
150*200cm单被套【亲肤-裸睡级】,"Vỏ chăn đơn kích thước 150 x 200 cm [chất liệu mềm mại, thân thiện với da – phù hợp để ngủ không mặc quần áo]",尺寸规格,1,9.0,1,1031807204078,DUNG,,
150*200cm软糯被套单件,"Vỏ chăn mềm mại và thoải mái, kích thước 150*200cm, bán riêng lẻ",尺寸规格,1,6.83,1,1077961767530,DUNG,,
150cm建议身高140-150cm,Chiều cao khuyến nghị: 150cm. Phù hợp với chiều cao từ 140-150cm,适合身高,1,9.25,1,974334150546,DUNG,,
英，法，俄，日等,"Tiếng Anh, tiếng Pháp, tiếng Nga, tiếng Nhật, v.v.",语言支持,1,7.2,1,676318592392,DUNG,,
150ml奶瓶A款绿色（彩盒装）,"Bình sữa cho bé, dung tích 150ml, mẫu A, màu xanh lá cây (đóng gói trong hộp màu)",容量,1,6.62,1,1071056425089,DUNG,,
150ml奶瓶A款裸装（绿色）,"Bình sữa cho bé, dung tích 150ml, mẫu A, bao bì đơn giản (màu xanh lá cây)",容量,1,6.71,1,1071056425089,DUNG,,
150ml控油冰爽洁面泡沫,Sữa rửa mặt năng lượng cho nam 150ml (bao bì mới và cũ được giao ngẫu nhiên),产品规格,1,6.62,1,776273175238,SAI,Bọt rửa mặt kiềm dầu mát lạnh 150ml,
150x200cm单被套【不起球 不掉色 无静电】,Vỏ chăn đơn 150x200cm,尺寸规格,1,0.75,1,864926520702,SAI,"Vỏ chăn đơn 150x200cm [không xù lông, không phai màu, không tĩnh điện]",
茉莉花茶罐装50克,金骏眉罐装50克,包装规格,1,0.86,1,638289370291,SAI,Trà hoa nhài lon 50g,
茉莉花茶罐装80克,绿茶罐装150克,包装规格,1,0.71,1,638289370291,SAI,Trà hoa nhài lon 80g,
茉莉金牡丹红茶,茉莉小毛尖,包装规格,1,0.71,1,1040894347485,SAI,Hồng trà Kim Mẫu Đơn hương nhài,
茉莉龙珠B 500g,Trà Trứng Gà Jasmine Dragon Ball B 500g,包装规格,1,6.75,1,801032404881,SAI,Trà nhài long châu B 500g,
茱萸粉【1：9开扩容30%】,Bột Cornus officinalis [1:9 để mở rộng công suất thêm 30%],颜色,1,6.67,1,978792857644,SAI,"Hồng thù du [mở 1:9, tăng dung tích 30%]",
茶艺（爆款！）,Nghệ thuật thưởng trà (phong cách bán chạy!),花型,1,8.5,1,914111280200,DUNG,,
荧光绿【约100根】,Màu xanh lá cây huỳnh quang [khoảng 100 chiếc],颜色,1,6.6,1,832024678318,DUNG,,
菱格咖色,Nâu Cà Phê Chần Kim Hình Kim Cương,颜色,1,6.75,1,998368069641,DUNG,,
萌兔初语【紫】,Những lời đầu tiên của chú thỏ dễ thương [Tím],颜色,1,7.0,1,770694302794,DUNG,,
萌宝熊【亲肤*可裸睡】,Gấu kho báu dễ thương [thân thiện với làn da * có thể ngủ khỏa thân],花型,1,6.25,1,864031946792,SAI,Gấu bé cưng [thân thiện da * ngủ không mặc đồ được],
萌宠绿240三用,Màu xanh lá cây thú cưng dễ thương 240 sử dụng ba lần,容量,1,7.6,1,712943843068,SAI,"Thú cưng xanh lá 240, 3 công dụng",
萌宠绿300三用,Thú cưng dễ thương màu xanh lá cây 300 sử dụng ba lần,容量,1,7.6,1,712943843068,SAI,"Thú cưng xanh lá 300, 3 công dụng",
萌宠蓝240三用,Màu xanh thú cưng dễ thương 240 ba công dụng,容量,1,6.4,1,712943843068,DUNG,,
萌宠蓝300三用,Thú cưng dễ thương màu xanh 300 sử dụng ba lần,容量,1,6.6,1,712943843068,SAI,"Thú cưng xanh lam 300, 3 công dụng",
萌宠黄240三用,Màu vàng thú cưng dễ thương 240 sử dụng ba lần,容量,1,6.6,1,712943843068,SAI,"Thú cưng vàng 240, 3 công dụng",
萌宠黄300三用,Thú cưng dễ thương màu vàng 300 sử dụng ba lần,容量,1,6.6,1,712943843068,SAI,"Thú cưng vàng 300, 3 công dụng",
萌物集结,Tuyển tập những món đồ đáng yêu,花型,1,6.25,1,1081565102675,DUNG,,
萌狗【标配版】,Chú chó dễ thương [Phiên bản tiêu chuẩn],颜色,1,6.2,1,945865902643,DUNG,,
萌趣【100%精梳全棉亲肤裸睡】,"Dễ thương và vui nhộn [100% cotton chải kỹ, thân thiện với làn da và khỏa thân khi ngủ]",花型,1,6.2,1,894084920777,DUNG,,
蓝大格（有三件套）【高克重 软糯亲肤 柔软舒适】,花语粉黛高克重 软糯亲肤 柔软舒适],花型,1,0.83,1,990986138344,SAI,"Kẻ ô lớn xanh lam (có bộ 3 món) [định lượng vải cao, mềm mịn thân thiện da, êm ái]",
15周年全黑,Kỷ Niệm 15 Năm - Phiên Bản Đen Tuyệt Đối,颜色,1,7.0,1,973774651988,DUNG,,
蓝牙耳机数显裸机,Tai nghe Bluetooth - Màn hình kỹ thuật số - Đóng gói số lượng lớn,类型,1,6.12,1,984100820085,SAI,"Tai nghe Bluetooth hiển thị số, máy trần",
蓝色(袋装),Màu xanh dương (đóng gói trong túi),颜色,1,6.75,1,1011516242986,DUNG,,
160000Ah【专供跨境】,160000Ah [Dành riêng cho thương mại xuyên biên giới],电源容量,1,8.5,1,944723477137,DUNG,,
蓝色妖姬6810,6810,颜色,1,0.0,1,684292808554,SAI,Hoa hồng xanh 6810,
蓝色妖姬8950,8950,颜色,1,0.0,1,684292808554,SAI,Hoa hồng xanh 8950,
蓝色曼联,Màu xanh lam Manchester United,颜色,1,6.5,1,929600184420,DUNG,,
蔷薇【高克重 软糯亲肤 柔软舒适】,"Lưới lớn màu xanh lam (có sẵn trong bộ ba món) [trọng lượng cao, mềm mại và thân thiện với da, mềm mại và thoải mái]",花型,1,6.54,1,990986138344,SAI,"Tường vi [định lượng vải cao, mềm mịn thân thiện da, êm ái]",
160ml偏中心PPSU奶瓶【SS0-1月】,"Bình sữa PPSU 160ml, thiết kế cân đối, dành cho trẻ sơ sinh [0-1 tháng tuổi]",容量,1,7.17,1,1010609584811,SAI,Bình sữa PPSU 160ml núm lệch tâm [SS 0-1 tháng],
160ml玻璃奶瓶【ss码0-1月】,"Bình sữa thủy tinh 160ml [kích cỡ SS, dùng cho bé từ 0-1 tháng tuổi]",容量,1,6.83,1,1065571490898,DUNG,,
160ml玻璃奶瓶【s码1-3月】,"Bình sữa thủy tinh 160ml [kích cỡ S, dành cho bé từ 1 đến 3 tháng tuổi]",容量,1,7.33,1,1065571490898,DUNG,,
薯角-原味【1包】,Potato Corners-Hương vị nguyên bản [1 gói],包装规格,1,6.4,1,845313807840,SAI,Khoai tây múi cau - vị nguyên bản [1 gói],
薰衣草【A类母婴级-亲肤裸睡】,Hoa oải hương [Loại A thân thiện với làn da khi ngủ khỏa thân dành cho bà mẹ và trẻ sơ sinh],花型,1,6.18,1,970053949264,DUNG,,
160ml玻璃瓶单瓶身【带品牌logo】【定制可以私客服】【裸装】,"Chai thủy tinh 160ml, một chai [có logo thương hiệu] [có thể tùy chỉnh theo yêu cầu, vui lòng liên hệ qua tin nhắn riêng] [được đóng gói mà không có thêm bất kỳ lớp bọc nào]",容量,1,6.67,1,1039471052912,DUNG,,
藏青446短袖纯棉,Cotton nguyên chất ngắn tay màu xanh hải quân 446,颜色,1,6.17,1,903412620207,DUNG,,
藏青475短袖纯棉,Cotton nguyên chất tay ngắn 475 màu xanh hải quân,颜色,1,6.17,1,903412620207,DUNG,,
160x210cm单被套【不起球 不掉色 无静电】,Vỏ chăn đơn 160x210cm,尺寸规格,1,0.75,1,864926520702,SAI,"Vỏ chăn đơn 160x210cm [không xù lông, không phai màu, không tĩnh điện]",
160元/斤绿版龙井,160 nhân dân tệ/kg phiên bản màu xanh lá cây Long Tỉnh,包装规格,1,6.5,1,1281488287,SAI,"160 tệ/cân (500g), Long Tỉnh bản xanh",
蝶恋花语【高克重 软糯亲肤 柔软舒适】,夏兰高克重 软糯亲肤 柔软舒适],花型,1,0.87,1,990986138344,SAI,"Điệp luyến hoa ngữ [định lượng vải cao, mềm mịn thân thiện da, êm ái]",
血糖亚健康人群,Những người có đường huyết và tình trạng sức khỏe kém,适用人群,1,6.14,1,1057940629821,SAI,Người đường huyết chưa ổn định (cận bệnh),
补运费专拍慎拍,"""Nạp thêm phí vận chuyển - Vui lòng mua hàng một cách thận trọng""",规格,1,7.0,1,679972765196,DUNG,,
裸机 100起批,Lô tối thiểu 100 sản phẩm (chưa bao gồm vỏ/khung),类型,1,8.5,1,988987055306,SAI,"Máy trần, sỉ từ 100 cái",
触屏单录,Ghi âm đơn trên màn hình cảm ứng,颜色分类,1,6.25,1,593625582048,SAI,Màn hình cảm ứng ghi đơn,
触屏双录,Ghi âm kép trên màn hình cảm ứng,颜色分类,1,6.25,1,593625582048,SAI,Màn hình cảm ứng ghi kép,
记忆棉蝴蝶结帽子小狗腰靠,Mũ nơ bông nhớ,颜色,1,0.92,1,908354670402,SAI,Gối tựa lưng mút nhớ hình cún đội mũ nơ,
诗语江南碧螺春礼盒装,明前龙井茶礼盒装,包装规格,1,0.8,1,999259244717,SAI,"Bích La Xuân Thi Ngữ Giang Nam, hộp quà",
诗语江南茉莉飘雪礼盒装,岚雅礼盒装（碧螺春+龙井）,包装规格,1,0.91,1,999259244717,SAI,"Trà nhài phiêu tuyết Thi Ngữ Giang Nam, hộp quà",
详图咨询客服17,"Xem chi tiết, vui lòng liên hệ chăm sóc khách hàng 17",颜色,1,6.5,1,1074094481636,DUNG,,
详情咨询客服,Chi tiết vui lòng liên hệ bộ phận chăm sóc khách hàng,质检单位,1,7.0,1,1053462121385,DUNG,,
详情联系客服,Chi tiết vui lòng liên hệ bộ phận chăm sóc khách hàng,箱装数量,1,7.0,1,1063909907991,DUNG,,
请联系客服,Vui lòng liên hệ bộ phận chăm sóc khách hàng,印刷工艺,1,7.0,1,1007645466059,DUNG,,
调皮萌宠,Thú cưng nghịch ngợm và dễ thương,花型,1,6.75,1,738458725862,DUNG,,
17#白色带盖35*27*20cm,17# mờ 35*27*20cm,颜色,1,0.5,1,660015885694,SAI,17# trắng có nắp 35*27*20cm,
17#磨砂带盖35*27*20cm,"Hộp trắng cao cấp số 8, có nắp, kích thước 28.5*22*14cm",颜色,1,7.5,1,660015885694,SAI,17# nhám có nắp 35*27*20cm,
豹纹边棕色坐垫小三件,兔毛豹纹爱心腰靠,颜色,1,0.8,1,840740835152,SAI,Bộ 3 đệm ngồi nhỏ viền da báo nâu,
贝玲美美白祛斑舒缓面膜25ml*10片/盒（焕新）,贝玲美美白祛斑舒缓面膜25ml*10片,产品规格,1,0.8,1,978725159932,SAI,Mặt nạ dưỡng trắng mờ nám làm dịu Bối Linh Mỹ 25ml*10 miếng/hộp (bản mới),
贴牌代工,OEM,加工类型,1,0.75,1,987497968878,DUNG,,
贴身纯棉,"Chất liệu cotton nguyên chất, ôm sát cơ thể",内衣内裤类别,1,8.5,1,1018456203783,DUNG,,
资讯客服,Thông tin và dịch vụ khách hàng,奶嘴孔型,1,6.25,1,1074482861427,SAI,Hỏi CSKH,
17掌纹全白,17 dấu lòng bàn tay toàn màu trắng,颜色,1,6.25,1,1030781049483,DUNG,,
180#【长56宽40高31cm】带轮,"180 # [Chiều dài 56cm, Chiều rộng 40cm, Chiều cao 31cm]Có bánh xe",尺寸,1,7.4,1,1049519824286,DUNG,,
超透棒次抛精华30支装,Đặt sữa 80ml,产品规格,1,0.89,1,631926964396,SAI,Tinh chất ống dùng một lần siêu trong 30 ống,
趣鳄气球【绿】,Bong bóng cá sấu vui nhộn [màu xanh lá cây],颜色,1,6.4,1,770694302794,DUNG,,
180*220cm单被套【亲肤-裸睡级】,"Vỏ chăn đơn kích thước 180*220cm [chất liệu mềm mại, thân thiện với da – phù hợp để ngủ không mặc quần áo]",尺寸规格,1,8.88,1,1031807204078,DUNG,,
180*220cm单被套【超柔双层纱亲肤透气】,"Vỏ chăn đơn kích thước 180*220cm [siêu mềm mại, chất liệu vải voan hai lớp, thân thiện với da và thoáng khí]",尺寸规格,1,6.17,1,1064793838543,DUNG,,
180*220cm软糯被套单件,"Vỏ chăn mềm mại, thoải mái, kích thước 180 x 220 cm, được bán riêng",尺寸规格,1,7.0,1,1077961767530,DUNG,,
跨境专供【马占--加厚弯斜铲】31.3*7.4 cm,"Dĩa Salad Gỗ Keo Lá Nhỏ Cao Cấp, Thiết Kế Độc Quyền Chuyên Dụng Cho Thương Mại Quốc Tế, Kích Thước 26*7cm",尺寸,1,6.91,1,673934720140,SAI,Chuyên xuyên biên giới [gỗ keo tai tượng - xẻng xéo cong dày] 31.3*7.4 cm,
跨境电商专供5g*10包,"Chuyên cung cấp cho thương mại điện tử xuyên biên giới, 5g*10 gói",包装规格,1,6.71,1,1038921821283,DUNG,,
跨境电商专供5g*20包,"Chuyên cung cấp cho thương mại điện tử xuyên biên giới, 5g*20 gói",包装规格,1,6.71,1,1038921821283,DUNG,,
跨境电商专供5g*30包,"Chuyên cung cấp cho thương mại điện tử xuyên biên giới, 5g*30 gói",包装规格,1,6.71,1,1038921821283,DUNG,,
踏雪寻梅,Đi dạo trong tuyết để tìm hoa mận,颜色,1,6.5,1,798019726073,DUNG,,
车前+车内（标配无WIFI）,Phía trước xe + bên trong xe (cấu hình tiêu chuẩn không có WIFI),颜色分类,1,6.29,1,679757256972,DUNG,,
轻奢-宝石蓝,Màu xanh sapphire sang trọng nhẹ nhàng,花型,1,6.4,1,775871544601,DUNG,,
轻奢-宾利蓝,Màu xanh Bentley sang trọng nhẹ nhàng,花型,1,6.2,1,775871544601,DUNG,,
轻奢款-宝蓝,Mẫu sang trọng nhẹ nhàng - Xanh ngọc bích,花型,1,6.4,1,1079751299413,DUNG,,
轻婉花语【亲肤柔软适合裸睡】,"Ngôn ngữ hoa nhẹ nhàng duyên dáng [thân thiện với làn da và mềm mại, thích hợp để ngủ khỏa thân]",花型,1,6.08,1,950268790557,DUNG,,
辣妹【A类 NUK正品】,"Cô nàng nóng bỏng [Loại A, hàng chính hãng NUK]",花型,1,6.2,1,1077961767530,DUNG,,
迈A400蓝色3K+后录RC11+128G+UP02停车监控,"Camera hành trình Mai A400 Blue 3K kèm đầu ghi RC11, dung lượng lưu trữ 128GB và giám sát đỗ xe UP02",颜色分类,1,6.67,1,785167675201,DUNG,,
迈A400蓝色3K+后录RC11+64G+UP02停车监控,"Camera hành trình Mai A400 Blue 3K kèm pin RC11, dung lượng 64GB và tính năng giám sát đỗ xe UP02",颜色分类,1,6.56,1,785167675201,SAI,Camera hành trình 70mai A400 xanh 3K + camera sau RC11 + 64G + giám sát đỗ xe UP02,
近期 以收到实物为准,Tùy thuộc vào việc nhận được sản phẩm thực tế trong thời gian sắp tới,生产日期,1,6.11,1,623117749220,SAI,"Gần đây, theo hàng thực nhận",
180x200cm单被套【不起球 不掉色 无静电】,Vỏ chăn đơn 180x200cm,尺寸规格,1,0.75,1,864926520702,SAI,"Vỏ chăn đơn 180x200cm [không xù lông, không phai màu, không tĩnh điện]",
180x220cm单件被套【A类母婴级/亲肤可裸睡】,"Vỏ chăn một mảnh, kích thước 180x220cm [Loại A, dành cho trẻ sơ sinh và phụ nữ mang thai, chất liệu mềm mại, thân thiện với da, phù hợp để ngủ không mặc quần áo]",尺寸规格,1,8.46,1,1004414797529,DUNG,,
180x220cm单被套【不起球 不掉色 无静电】,Vỏ chăn đơn 180x220cm,尺寸规格,1,0.75,1,864926520702,SAI,"Vỏ chăn đơn 180x220cm [không xù lông, không phai màu, không tĩnh điện]",
追/东时区-蓝,Đuổi theo/Múi giờ phương Đông-Màu xanh,花型,1,6.2,1,969802695976,DUNG,,
追/星空-桔,Đuổi theo/Bầu trời đầy sao-Orange,花型,1,6.75,1,969802695976,SAI,Đuổi theo/Bầu trời sao - cam,
追/星空-绿,Đuổi theo/Bầu trời đầy sao-Xanh,花型,1,6.25,1,969802695976,DUNG,,
追/灰白中格,Rượt đuổi/lưới trung bình màu xám và trắng,花型,1,6.8,1,969802695976,SAI,Đuổi theo/kẻ ô vừa xám trắng,
追/蓝白中格,Rượt đuổi/lưới trung bình màu xanh và trắng,花型,1,7.0,1,969802695976,SAI,Đuổi theo/kẻ ô vừa xanh trắng,
180元/斤绿版龙井,180 nhân dân tệ/kg phiên bản màu xanh lá cây Long Tỉnh,包装规格,1,6.5,1,1281488287,SAI,"180 tệ/cân (500g), Long Tỉnh bản xanh",
180天非人为损坏,180 ngày đối với thiệt hại không phải do con người,保修时间,1,6.17,1,821056913903,DUNG,,
透明中号-18.8*25.4*14.2cm,Kích thước trung bình trong suốt-18.8 * 25.4 * 14.2cm,颜色,1,6.75,1,961977642220,DUNG,,
透明中号18.8*25.4*14.2cm,Kích thước trung bình trong suốt 18.8 * 25.4 * 14.2cm,颜色,1,6.75,1,961977642220,DUNG,,
透明中号29*21*14cm,Kích thước trung bình trong suốt 29*21*14cm,颜色,1,6.75,1,855001912425,DUNG,,
透明白--小号,Dán nhãn xuyên biên giới - Đen trong suốt - Cỡ lớn + Cỡ đại,颜色,1,8.4,1,1039478972190,SAI,Trắng trong - cỡ nhỏ,
透明白【高款小号】,Màu trắng trong suốt [kiểu dáng cao cấp kích thước nhỏ],颜色,1,6.14,1,815004582824,SAI,"Trắng trong [kiểu cao, cỡ nhỏ]",
透明质酸补水面膜-片装[外贸出口销售，禁止国内销售，购买即默认免责声明且承责任],"KORMESIC薰衣草呵护面膜（外贸）25ml""特价""",产品规格,1,0.6,1,977936456639,SAI,"Mặt nạ hyaluronic acid cấp nước dạng miếng [bán xuất khẩu, cấm bán trong nước, mua hàng là mặc định chấp nhận miễn trừ trách nhiệm và tự chịu trách nhiệm]",
透橙【量大从优】,Màu cam trong suốt [Số lượng lớn sẽ cho bạn giá tốt nhất],颜色,1,7.17,1,561124059062,DUNG,,
透灰中号-18.8*25.4*14.2cm,"Màu xám trong suốt, kích thước trung bình - 18.8*25.4*14.2cm",颜色,1,8.25,1,961977642220,DUNG,,
透灰中号18.8*25.4*14.2cm,Kích thước trung bình màu xám trong suốt 18.8 * 25.4 * 14.2cm,颜色,1,8.25,1,961977642220,DUNG,,
透灰加大号26*35.5*18.2cm,Màu xám trong suốt cộng với kích thước 26*35.5*18.2cm,颜色,1,6.2,1,961977642220,SAI,Xám trong cỡ rất lớn 26*35.5*18.2cm,
透灰大号-22.1*30*16cm,Màu xám trong suốt kích thước lớn-22.1 * 30 * 16cm,颜色,1,6.75,1,961977642220,DUNG,,
透灰大号22.1*30*16cm,Màu xám trong suốt kích thước lớn 22.1 * 30 * 16cm,颜色,1,6.75,1,961977642220,DUNG,,
透灰小号-15.1*21.2*9.3,Màu xám trong suốt kích thước nhỏ-15.1 * 21.2 * 9.3,颜色,1,6.75,1,961977642220,DUNG,,
透灰小号15.1*21.2*9.3,Màu xám trong suốt kích thước nhỏ 15.1*21.2*9.3,颜色,1,6.75,1,961977642220,DUNG,,
透白【量大从优】,Trắng trong suốt [số lượng lớn sẽ cho bạn giá tốt nhất],颜色,1,7.0,1,561124059062,DUNG,,
透白大孔（袋装）,Lỗ lớn màu trắng trong suốt (đóng gói trong túi),颜色,1,6.17,1,991242659525,DUNG,,
透紫-3281潮牌【勾子图标】,Thương hiệu hợp thời trang Transparent Purple-3281 [Biểu tượng móc],颜色,1,6.38,1,947037965158,SAI,Tím trong - 3281 thương hiệu thời trang [biểu tượng dấu tích],
透黑-3281潮牌【勾子图标】,Thương hiệu hợp thời trang Transparent Black-3281 [Biểu tượng móc],颜色,1,6.25,1,947037965158,SAI,Đen trong - 3281 thương hiệu thời trang [biểu tượng dấu tích],
18五金工具盒18.6*3.8*2CM,"Hộp đựng dụng cụ phần cứng 18 món, kích thước 18.6*3.8*2 CM",颜色,1,6.6,1,740336276009,SAI,"Hộp đựng dụng cụ kim khí cỡ 18, 18.6*3.8*2CM",
18五金工具盒18.6*3.8*2CM,"Hộp đựng dụng cụ phần cứng 18 món, kích thước 18.6*3.8*2CM",颜色,1,6.6,1,841603711877,SAI,"Hộp đựng dụng cụ kim khí cỡ 18, 18.6*3.8*2CM",
郁金香（有三件套）【高克重 软糯亲肤 柔软舒适】,飞行小狗[高克重 软糯亲肤 柔软舒适],花型,1,0.83,1,990986138344,SAI,"Tulip (có bộ 3 món) [định lượng vải cao, mềm mịn thân thiện da, êm ái]",
配GPS模块(1.47寸屏),Được trang bị mô-đun GPS (màn hình 1.47inch inch),颜色分类,1,6.2,1,824700342437,SAI,Kèm mô-đun GPS (màn hình 1.47inch),
酒红中号53*31*30CM,Kích thước trung bình Burgundy 53*31*30CM,颜色,1,6.5,1,664429230205,DUNG,,
酒红白带,Thắt lưng rượu vang đỏ và trắng,颜色,1,6.25,1,948212866564,SAI,Đỏ rượu dây trắng,
酒红蓝带,Ruy băng màu đỏ rượu vang và xanh,颜色,1,6.5,1,944179707822,SAI,Đỏ rượu dây xanh,
醇香正山小种500g,500g,包装规格,1,0.0,1,615600557521,SAI,Chính Sơn Tiểu Chủng hương thuần 500g,
重低音立体声,无感佩戴,功能,1,0.67,1,761715229552,SAI,Âm trầm stereo,
重重花朵,Những đóa hoa xếp chồng lên nhau,花型,1,6.5,1,1081565102675,DUNG,,
野生正山小种500g,500g,包装规格,1,0.0,1,615600557521,SAI,Chính Sơn Tiểu Chủng hoang dã 500g,
野餐篮【100%纯棉 假一罚十】,Giỏ dã ngoại [100% cotton nguyên chất - Đảm bảo tính xác thực hoặc hoàn tiền gấp 10 lần],花型,1,6.78,1,637124398055,DUNG,,
量大价优,Số lượng lớn và giá cả tuyệt vời,货号,1,6.25,1,808939017243,DUNG,,
量大价优，,"Số lượng lớn và giá cả tuyệt vời,",货号,1,6.25,1,719824045129,DUNG,,
金猪满罐---ysj,Một cái lọ đầy những con lợn vàng---ysj,花型,1,6.5,1,808939017243,SAI,Heo vàng đầy hũ---ysj,
银扣全白掌纹,Khóa bạc có in hình lòng bàn tay toàn màu trắng,颜色,1,6.17,1,996305167120,DUNG,,
1:43合金车模,"Mô hình xe hơi bằng hợp kim, tỷ lệ 1:43",关键词-1,1,6.25,1,952997535067,DUNG,,
长25*宽18*高14cm（无轮）,Chiều dài 25 * Chiều rộng 18 * Chiều cao 14cm (không có bánh xe),尺寸,1,7.6,1,916618050366,DUNG,,
长27.5*宽19*高17cm（无轮）,Chiều dài 27.5 * Chiều rộng 19 * Chiều cao 17cm (không có bánh xe),尺寸,1,7.6,1,916618050366,DUNG,,
长32.5*宽23.5*高18.5cm（无轮）,Chiều dài 32.5 * Chiều rộng 23.5 * Chiều cao 18.5cm (không có bánh xe),尺寸,1,7.6,1,916618050366,DUNG,,
长70*宽50*高38cm（六轮）,Chiều dài 70 * Chiều rộng 50 * Chiều cao 38cm (sáu bánh),尺寸,1,6.4,1,916618050366,DUNG,,
1A 降压线（24小时停车监控使用）,Y109 4录4镜头+WIIF 吸盘脚,颜色分类,1,0.91,1,950985493991,SAI,Dây hạ áp 1A (dùng giám sát đỗ xe 24 giờ),
闻花语（推荐！）,Hít hà hương thơm ngôn ngữ của hoa (Đề xuất!),花型,1,6.6,1,676276951904,DUNG,,
防刮耐磨,Chống trầy xước và chống mài mòn,梦旅者,1,6.5,1,989000194070,DUNG,,
雨雾-琥珀檀木y,Gỗ đàn hương hổ phách - hương thơm của mưa và sương mù,花型,1,6.67,1,987375557477,DUNG,,
雾灰酒红带,Thắt lưng màu đỏ rượu vang màu xám sương mù,颜色,1,6.8,1,988817103524,SAI,Xám sương dây đỏ rượu,
雾灰酒红带,Thắt lưng đỏ rượu vang màu xám sương mù,颜色,1,6.2,1,948212866564,SAI,Xám sương dây đỏ rượu,
雾蓝香熏【7A升级母婴裸睡款】,"Xông hương màu xanh sương mù [Phiên bản nâng cấp 7A dành cho mẹ và bé, an toàn khi ngủ trần]",花型,1,6.09,1,1010510520172,DUNG,,
需要贴牌换标定制log印花等联系客服,"Để biết thông tin về nhãn hiệu tùy chỉnh, thay thế nhãn, in logo cá nhân hóa và các yêu cầu tùy chỉnh khác, vui lòng liên hệ với bộ phận dịch vụ khách hàng",颜色,1,7.67,1,972853965785,DUNG,,
霜绿酒红带,Thắt lưng đỏ rượu vang màu xanh băng giá,颜色,1,6.4,1,948212866564,SAI,Xanh sương dây đỏ rượu,
2.0m【床单四件套】适合220x240cm被子,"Bộ ga trải giường gồm bốn món, kích thước 2.0m, phù hợp với chăn có kích thước 220x240cm",尺寸规格,1,6.22,1,1024856058397,DUNG,,
2.0m单被套【被套200x230cm】,"Vỏ chăn đơn, kích thước 2.0m [kích thước vỏ chăn 200x230cm]",尺寸规格,1,6.6,1,1043579692761,DUNG,,
面膜抗老紧致,Khẩu trang chống lão hóa và làm săn chắc da mặt,关键词,1,6.17,1,895097673560,SAI,Mặt nạ chống lão hóa săn chắc,
2.0m床单四件套【被套220x240cm/床单230*270cm】,Bộ chăn ga gối kích thước 2.0m (bao gồm vỏ chăn kích thước 220x240cm và ga trải giường kích thước 230x270cm),尺寸规格,1,7.22,1,1058581998974,DUNG,,
2.0m床单款【被套200*230cm】4件套【亲肤裸睡-不起球不褪色】,"Bộ chăn ga gối 2.0m [vỏ chăn 200*230cm], bộ gồm 4 món [chất liệu mềm mại, thân thiện với da, tạo cảm giác thoải mái khi ngủ không mặc gì – không bị xù lông, không bị phai màu]",尺寸规格,1,6.71,1,1060934671983,DUNG,,
领结；菱形；条纹,* **Bow tie:** Nơ đeo cổ * **Diamond:** Kim cương * **Stripes:** Sọc,图案,1,6.33,1,533159253181,SAI,Nơ cổ; hình thoi; sọc,
飞鹤白茶饼山水礼盒,牛栏坑肉桂礼盒装,包装规格,1,0.89,1,807719103380,SAI,Hộp quà bánh trà trắng Phi Hạc sơn thủy,
马占8件套（含桶含搁勺器）840g,Bộ 8 món Ma Zhan nặng khoảng 580g (chiên + nồi + ba đường + cống + súp + thìa salad + nĩa salad + tròn phẳng),尺寸,1,6.9,1,673934720140,SAI,Bộ 8 món gỗ keo tai tượng (kèm ống và gác muỗng) 840g,
马奥【可水洗可折叠】,"Tùy chỉnh theo hình ảnh, liên hệ khách hàng [Có thể giặt, có thể gấp gọn]",颜色,1,6.75,1,1039392558191,SAI,"Mã Áo [giặt được, gấp được]",
马年限定,Phiên bản giới hạn năm con ngựa,颜色,1,6.25,1,807930443520,DUNG,,
马年限定-大号,Phiên Bản Giới Hạn Năm Nhâm Dần - Kích Thước Lớn,颜色,1,6.17,1,982982870611,SAI,Phiên bản giới hạn năm Ngọ - cỡ lớn,
鲜醇回甘,Tươi mát và êm dịu với dư vị ngọt ngào,口感,1,7.25,1,859172979899,DUNG,,
鸿运当头9罐大红袍送紫砂茶具,马上有福16罐大红袍送茶具,包装规格,1,0.85,1,760128144692,SAI,"Hồng vận đương đầu, 9 lon Đại Hồng Bào, tặng ấm chén tử sa",
鸿运当头十大茗茶礼盒装,千香星大红袍礼盒,包装规格,1,0.73,1,807719103380,SAI,Hộp quà mười loại trà nổi tiếng Hồng vận đương đầu,
鸿运当头大红袍礼盒装,礼韵大红袍礼盒装,包装规格,1,0.8,1,807719103380,SAI,Hộp quà Đại Hồng Bào Hồng vận đương đầu,
麦吉粉（有小号）,K01顽皮狗-桔,花型,1,0.83,1,825531852668,SAI,Hồng Maggie (có cỡ nhỏ),
2.2m床单四件套【被套220*240cm】,"Bộ ga trải giường kích thước 2.2m (bao gồm vỏ chăn, kích thước 220*240cm)",尺寸规格,1,6.29,1,1052596469289,DUNG,,
黑白（男女同款）,Đen và trắng (kiểu dáng giống nhau cho nam và nữ),颜色,1,6.17,1,988012620004,DUNG,,
200*230cm单被套【超柔双层纱亲肤透气】,"Vỏ chăn đơn kích thước 200*230cm [siêu mềm mại, chất liệu vải voan hai lớp, thân thiện với da và thoáng khí]",尺寸规格,1,6.17,1,1064793838543,DUNG,,
200000Ah【专供跨境】,200000Ah [Dành riêng cho thương mại xuyên biên giới],电源容量,1,8.5,1,944723477137,DUNG,,
200000毫安【专供跨境】,200000 mA [chỉ dành riêng cho thương mại xuyên biên giới],电源容量,1,6.5,1,837831056812,SAI,200000mAh [chuyên cho xuyên biên giới],
200ml罐装*国槐花,Đóng hộp 200ml * Trung Quốc Sophora japonica,包装规格,1,6.2,1,838719163012,SAI,Lon 200ml * hoa hòe,
龙井袋装,Trà Long Tỉnh đóng gói dạng túi,货号,1,6.25,1,1053256727739,DUNG,,
龙凤双喜-大红,Hạnh phúc nhân đôi của Rồng và Phượng hoàng-Đỏ lớn,花型,1,6.67,1,971192362287,SAI,Long phụng song hỷ - đỏ tươi,
龙凤喜事,Sự kiện vui vẻ của Rồng và Phượng,花型,1,6.5,1,973180206181,DUNG,,
龙凤团圆,Sự tái hợp của rồng và phượng hoàng,花型,1,7.0,1,973180206181,DUNG,,
龙凤流年,Những năm tháng thoáng qua của Rồng và Phượng,花型,1,9.25,1,990942607548,DUNG,,
龙凤百子,Những đứa con trai của Rồng và Phượng,花型,1,7.5,1,973180206181,SAI,Long phụng bách tử,
龙凤盛世,Thời đại thịnh vượng của rồng và phượng hoàng,花型,1,9.25,1,973180206181,DUNG,,
龙凤相守,Rồng và Phượng hoàng ở bên nhau,花型,1,6.25,1,990942607548,DUNG,,
龙凤良缘,Một trận đấu hay giữa rồng và phượng hoàng,花型,1,8.5,1,990942607548,SAI,Long phụng lương duyên,
龙凤迎喜,Rồng Phượng chào đón hạnh phúc,花型,1,6.25,1,990942607548,DUNG,,
龙腾盛世四大茗茶茶叶礼盒装,顺风顺水30罐大红袍,包装规格,1,0.62,1,771995458061,SAI,Hộp quà bốn loại trà nổi tiếng Long đằng thịnh thế,
龙鸣凤悦,Tiếng rồng ríu và niềm vui phượng hoàng,花型,1,8.0,1,990942607548,SAI,Rồng ngâm phượng vui,
（36*22*27）横竖可放,(36*22*27) Có thể đặt theo chiều ngang hoặc chiều dọc,颜色,1,8.5,1,963693978241,DUNG,,
（36*27*25）横竖可放,(36*27*25) có thể đặt theo chiều ngang hoặc chiều dọc,颜色,1,8.5,1,963693978241,DUNG,,
（40*30*25）横竖可放,(40*30*25) Có thể đặt theo chiều ngang hoặc chiều dọc,颜色,1,8.5,1,963693978241,DUNG,,
（45*33*32）横竖可放,(45*33*32) Có thể đặt theo chiều ngang hoặc chiều dọc,颜色,1,8.5,1,963693978241,DUNG,,
（5.0内盒） 外径：4.7*4*2.2cm,(5.0 hộp bên trong) đường kính ngoài: 4.7*4*2.2cm,颜色,1,6.25,1,695608147195,DUNG,,
（混搭字母绿）白,(Trộn và kết hợp các chữ cái và màu xanh lá cây) trắng,颜色,1,6.67,1,892709000811,SAI,(Chữ cái phối xanh lá) trắng,
（混搭字母绿）黑,(Trộn và kết hợp các chữ cái và màu xanh lá cây) đen,颜色,1,6.33,1,892709000811,SAI,(Chữ cái phối xanh lá) đen,
