product_id,category,description_vi_goc,description_vi_sach_cat,ket_qua,ghi_chu
930650401876,auto,"Vật liệu: nhựa; chức năng: Phát sáng trong bóng tối; thương hiệu: khác1; kiểu: Loại phát sáng; Nguồn gốc: Chiết Giang; Xử lý và tùy chỉnh: KHÔNG1; kích cỡ: 13*3.5; Người mẫu: Biển báo đỗ xe phát sáng trong bóng tối; Thích hợp cho các dịp tặng quà.: đám cưới, sinh nhật, lễ hội, tân gia, Hội chợ thương mại, Phúc lợi nhân viên, lễ kỷ niệm, quà tặng doanh nghiệp, lễ khai mạc, Kỷ niệm giải thưởng, Lập kế hoạch quan hệ công chúng; In biểu tượng: KHÔNG2; số mặt hàng: Biển báo đỗ xe tạm thời; màu sắc: hộp đen; Các nền tảng hạ nguồn chính: eBay, Amazon, mong muốn, Trạm độc lập, LAZADA; Khu vực bán hàng","Chất liệu: Nhựa; Chức năng: Phát sáng trong bóng tối; Thương hiệu: Khác; Loại: Loại phát sáng; Xuất xứ: Chiết Giang; Gia công tùy chỉnh: Không; Kích thước: 13*3.5; Model: Biển báo đỗ xe phát sáng trong bóng tối; Những dịp tặng quà thích hợp: Đám cưới, sinh nhật, lễ hội, tân gia, Hội chợ thương mại, Lợi ích nhân viên, lễ kỷ niệm, Quà tặng doanh nghiệp, lễ khai mạc, Kỷ niệm giải thưởng, Lập kế hoạch quan hệ công chúng; In logo: Không thể; Số mặt hàng: Biển báo đỗ xe tạm thời; Màu sắc: hộp đen; Nền tảng hạ lưu chính: eBay, Amazon, mong muốn, Trạm độc lập, LAZADA; Khu vực bán hàng chính: Châu Phi,",,
963045522839,auto,"phong cách: phim hoạt hình; Vật liệu: nhựa; Chức năng: trang trí; thương hiệu: thân thiện; Xử lý và tùy chỉnh: KHÔNG1; Đây có phải là nguồn hàng được cấp bằng sáng chế không?: KHÔNG2; Mã sản phẩm: Đồ trang trí xe ba chiều; Phân loại màu sắc: 2 Gà Vịt Vương Miện [Màu Ngẫu Nhiên] Tặng Kèm Keo Dán Không Gây Hại (Kích Thước Nhỏ), 4 Gà Vịt Vương Miện [Màu Ngẫu Nhiên] Tặng Kèm Keo Dán Không Gây Hại (Kích Thước Nhỏ), 6 Gà Vịt Vương Miện [Màu Ngẫu Nhiên] - Kèm Keo Dán Không Gây Hại (Kích Thước Nhỏ), 8 Gà Vịt Vương Miện [Màu Ngẫu Nhiên] - Kèm Keo Dán Không Gây Hại (Kích Thước Nhỏ), 10 Gà Vịt Vương Miện","Phong cách: Hoạt hình; Chất liệu: Nhựa; Chức năng: Trang trí; Thương hiệu: Pengyi; Gia công tùy chỉnh: Không; Có phải là nguồn cấp bằng sáng chế không: Không; Số mặt hàng: Đồ trang trí xe ba chiều; Phân loại màu sắc: 2 Gà Vịt Vương Miện [Màu Ngẫu Nhiên] Tặng Kèm Keo Dán Không Gây Hại (Kích Thước Nhỏ), 4 Gà Vịt Vương Miện [Màu Ngẫu Nhiên] Tặng Kèm Keo Dán Không Gây Hại (Kích Thước Nhỏ), 6 Gà Vịt Vương Miện [Màu Ngẫu Nhiên] - Kèm Keo Dán Không Gây Hại (Kích Thước Nhỏ), 8 Gà Vịt Vương Miện [Màu Ngẫu Nhiên] - Kèm Keo Dán Không Gây Hại (Kích Thước Nhỏ), 10 Gà Vịt Vương Miện [Màu Ngẫu Nhiên] - Kèm K",,
922157978182,auto,"Pixel máy ảnh: 12 triệu; Chức năng: Video vòng lặp2, Giám sát bãi đậu xe, Ánh sáng bổ sung tầm nhìn ban đêm, Tăng cường tầm nhìn ban đêm, Video trước và sau; Dung lượng bộ nhớ: Không có; Độ phân giải hình ảnh: 4K trở lên; Góc chụp: 170°; Thẻ lưu trữ: Thẻ TF; Số lượng ống kính: Ống kính đơn; Thương hiệu: Sáng tạo đa trí tuệ; Thời gian lưu trữ dữ liệu: Video vòng lặp1; Giao diện truyền dữ liệu: Khác; Vị trí lắp đặt: Kính chắn gió; Số mặt hàng: Hình chữ U; Khẩu độ ống kính chính: F2.0; Kích thước thông số kỹ thuật: Ghi đơn 1080P ACC không có thẻ, Ghi đơn 1080P ACC lấy điện với thẻ 32G, Ghi đơn 2K","Pixel máy ảnh: 12 triệu; Chức năng: Video vòng lặp, Giám sát bãi đậu xe, Ánh sáng bổ sung tầm nhìn ban đêm, Tăng cường tầm nhìn ban đêm, Video trước và sau; Dung lượng bộ nhớ: Không có; Độ phân giải hình ảnh: 4K trở lên; Góc chụp: 170°; Thẻ lưu trữ: Thẻ TF; Số lượng ống kính: Ống kính đơn; Thương hiệu: Chuangduozhi; Thời gian lưu trữ dữ liệu: Video vòng lặp; Giao diện truyền dữ liệu: Khác; Vị trí lắp đặt: Kính chắn gió; Số mặt hàng: Hình chữ U; Khẩu độ ống kính chính: F2.0; Kích thước thông số kỹ thuật: Ghi đơn 1080P ACC không có thẻ, Ghi đơn 1080P ACC lấy điện với thẻ 32G, Ghi đơn 2K ACC rút ",,
964292656456,auto,"Pixel ảnh: 12 triệu; Chức năng: Đảo ngược hình ảnh, WI-FI, Ghi vòng lặp, Tầm nhìn ban đêm lấp đầy ánh sáng, Tầm nhìn ban đêm nâng cao, Video trước và sau, Hoạt động ứng dụng thông minh; dung lượng bộ nhớ: 32 MB; Độ phân giải hình ảnh: 2160p; góc chụp: 170 °1; thẻ nhớ: thẻ TF; Số lượng ống kính: Ghi âm kép trước và sau; thương hiệu: khác2; Thời gian lưu trữ dữ liệu: 1-50; Giao diện truyền dữ liệu: khác1; Vị trí lắp đặt: Vị trí gương chiếu hậu; Số mặt hàng: phát trực tuyến phương tiện; Phân loại màu sắc: Ống kính kép 1080P+720P, Ống kính kép 1080P + 720P + điều khiển bằng giọng nói, Ống kính kép","Pixel máy ảnh: 12 triệu; Chức năng: Hình ảnh lùi xe, WI-FI, Video vòng lặp, Ánh sáng bổ sung tầm nhìn ban đêm, Tăng cường tầm nhìn ban đêm, Video trước và sau, Hoạt động ứng dụng thông minh; Dung lượng bộ nhớ: 32 MB; Độ phân giải hình ảnh: 2160p; Góc chụp: 170 °; Thẻ lưu trữ: Thẻ TF; Số lượng ống kính: Ghi kép trước và sau; Thương hiệu: Khác; Thời gian lưu trữ dữ liệu: 1-50; Giao diện truyền dữ liệu: Khác; Vị trí lắp đặt: Vị trí gương chiếu hậu; Số mặt hàng: phát trực tuyến phương tiện; Phân loại màu sắc: Ống kính kép 1080P+720P, Ống kính kép 1080P + 720P + điều khiển bằng giọng nói, Ống kính ",,
818899028272,auto,"Pixel máy ảnh: 12 triệu; Chức năng: Phát hiện chuyển động, Video vòng lặp, Giám sát bãi đậu xe, Cảm ứng va chạm, Video trước và sau, Chia sẻ video ngắn; Dung lượng bộ nhớ: Không có; Độ phân giải hình ảnh: 2160p; Góc chụp: 170°; Thẻ lưu trữ: Thẻ TF; Số lượng ống kính: Ghi kép trước và sau; thương hiệu: trung lập; Thời gian lưu trữ dữ liệu: Quay vòng lặp, ghi trong khi sạc; Giao diện truyền dữ liệu: USB; Vị trí lắp đặt: Miếng dán 3M cố định trên kính chắn gió phía trước; Số mặt hàng: k309; Phân loại màu sắc: 【K309】Yizhi 4K+1080P+WiFi, 【K309】Yizhi 4K+1080P+WiFi+GPS, 【L308】Yizhi 4K+1080P+WiFi, 【L3","Pixel máy ảnh: 12 triệu; Chức năng: Phát hiện chuyển động, Video vòng lặp, Giám sát bãi đậu xe, Cảm ứng va chạm, Video trước và sau, Chia sẻ video ngắn; Dung lượng bộ nhớ: Không có; Độ phân giải hình ảnh: 2160p; Góc chụp: 170°; Thẻ lưu trữ: Thẻ TF; Số lượng ống kính: Ghi kép trước và sau; Thương hiệu: Không thương hiệu; Thời gian lưu trữ dữ liệu: Quay vòng lặp, ghi trong khi sạc; Giao diện truyền dữ liệu: USB; Vị trí lắp đặt: Miếng dán 3M cố định trên kính chắn gió phía trước; Số mặt hàng: k309; Phân loại màu sắc: [K309]Yizhi 4K+1080P+WiFi, [K309]Yizhi 4K+1080P+WiFi+GPS, [L308]Yizhi 4K+1080P+W",,
892898073811,bags,"Chất liệu: Vải Oxford1; Chức năng: Thoáng khí; Thích hợp tuổi đi học: Trung học cơ sở; Kết cấu lót: Vải Oxford2; Thương hiệu: Khác; Giới tính áp dụng: Trung tính/nam và nữ; Phong cách: Xu hướng xuyên biên giới; Màu sắc: Màu tím, Màu đen, Màu hồng; Số mặt hàng: 2505-3; Hoa văn: Màu trơn; Yếu tố phổ biến: Chỉ khâu xe, In hoa; Thương hiệu riêng được ủy quyền: Là; Mùa năm niêm yết: Mùa xuân năm 2025; Kịch bản áp dụng: Giáo dục trường học; Hệ thống mang: Dây đeo vai hình vòng cung","Chất liệu: Vải Oxford; Chức năng: Thoáng khí; Thích hợp tuổi đi học: Trung học cơ sở; Kết cấu lót: Vải Oxford; Thương hiệu: Khác; Giới tính áp dụng: Trung tính/nam và nữ; Phong cách: Xu hướng xuyên biên giới; Màu sắc: Màu tím, Màu đen, Màu hồng; Số mặt hàng: 2505-3; Hoa văn: Màu trơn; Yếu tố phổ biến: Chỉ khâu xe, In hoa; Thương hiệu riêng được ủy quyền: Có; Năm/mùa ra mắt: Mùa xuân năm 2025; Dịp sử dụng: Giáo dục trường học; Hệ thống mang: Dây đeo vai hình vòng cung",,
873431565181,bags,"Vật liệu: PVC; Chức năng: Chịu mài mòn; Kết cấu lót: polyester; Đặc điểm vỏ não: Khác; Kích thước máy tính: 16inch; năng lực: 20-35L; Giới tính áp dụng: Unisex/Cả nam và nữ đều được chào đón; thương hiệu: Ernest; màu sắc: 8628 họa tiết dệt đen, 8628 in màu đen, 8628 ca rô đen, 8628 họa tiết quả trứng màu đen; Các tình huống áp dụng: du lịch giải trí1; Phong cách: du lịch giải trí2; Mùa năm niêm yết: Mùa xuân năm 2025; Mã sản phẩm: 8628; mẫu: mô hình hình học; Yếu tố phổ biến: In; Hệ thống vận chuyển: Dây đeo vai cong; Có những thương hiệu tư nhân được cấp phép.: là; Số lớp xen kẽ: 1; cân nặng:","Chất liệu: PVC; Chức năng: Chống mài mòn; Kết cấu lót: Polyester; Đặc điểm da: Khác; Kích thước máy tính chứa: 16 inch; Dung tích: 20-35L; Giới tính áp dụng: Trung tính/nam và nữ; Thương hiệu: Aiershente; Màu sắc: 8628 họa tiết dệt đen, 8628 in màu đen, 8628 ca rô đen, 8628 họa tiết quả trứng màu đen; Dịp sử dụng: Du lịch giải trí; Phong cách: Du lịch giải trí; Năm/mùa ra mắt: Mùa xuân năm 2025; Số mặt hàng: 8628; Hoa văn: Hoa văn hình học; Yếu tố phổ biến: In hoa; Hệ thống mang: Dây đeo vai hình vòng cung; Thương hiệu riêng được ủy quyền: Có; Số lớp xen kẽ: 1; Trọng lượng: 1100; Đối tượng sử ",,
933490786308,auto,"Pixel ảnh: 12 triệu; chức năng: Ghi vòng lặp, Giám sát bãi đậu xe, Tầm nhìn ban đêm nâng cao, Video trước và sau; Dung lượng bộ nhớ: KHÔNG2; Độ phân giải hình ảnh: 4K trở lên; góc chụp: 170 °; thẻ nhớ: thẻ TF; Số lượng ống kính: Ghi âm kép trước và sau; thương hiệu: Tạo ra nhiều trí tuệ hơn; số mặt hàng: P1014885566; Phân loại màu sắc: Không có thẻ nhớ (mang theo của riêng bạn), Thẻ nhớ tốc độ cao 32G, Thẻ nhớ tốc độ cao 64G, Thẻ nhớ tốc độ cao 128G; Khẩu độ ống kính chính: F1.5; Thông số kỹ thuật và kích thước: Ghi âm đơn + 1080P HD, Ghi âm đơn 2K cực rõ, Ghi âm đơn + 2K cực rõ + điều khiển b","Pixel máy ảnh: 12 triệu; Chức năng: Video vòng lặp, Giám sát bãi đậu xe, Tăng cường tầm nhìn ban đêm, Video trước và sau; Dung lượng bộ nhớ: Không có; Độ phân giải hình ảnh: 4K trở lên; Góc chụp: 170 °; Thẻ lưu trữ: Thẻ TF; Số lượng ống kính: Ghi kép trước và sau; Thương hiệu: Chuangduozhi; Số mặt hàng: P1014885566; Phân loại màu sắc: Không có thẻ nhớ (mang theo của riêng bạn), Thẻ nhớ tốc độ cao 32G, Thẻ nhớ tốc độ cao 64G, Thẻ nhớ tốc độ cao 128G; Khẩu độ ống kính chính: F1.5; Kích thước thông số kỹ thuật: Ghi âm đơn + 1080P HD, Ghi âm đơn 2K cực rõ, Ghi âm đơn + 2K cực rõ + điều khiển bằng ",,
557915795254,auto,"chức năng: Đo tốc độ di động; Dung lượng bộ nhớ: Khác2; Độ phân giải hình ảnh: 1080p; Góc chụp: 140 °; thẻ lưu trữ: Thẻ TF; Thương hiệu: Youle mát mẻ; mô hình: X71; Kích thước ngoại hình: 43*74*32(mm)1; trọng lượng: 160; Dung lượng lưu trữ dữ liệu: Có sẵn để mua lên tới 32G; Thời gian lưu trữ dữ liệu: 32 giờ; Giao diện truyền dữ liệu: USB, AV, khác1; Số lượng truyền dẫn: 30M/s; Vị trí lắp đặt: kính chắn gió phía trước; cung cấp điện: Bật lửa thuốc lá 12V sang 5V; kích thước: 43*74*32(mm)2; điện áp: 5V; Dòng điện định mức: 1A; Mã hàng: X72; Chức năng đo tốc độ: Đo tốc độ dòng chảy + máy ghi âm ","Chức năng: Đo tốc độ di động; Dung lượng bộ nhớ: Khác; Độ phân giải hình ảnh: 1080p; Góc chụp: 140 °; Thẻ lưu trữ: Thẻ TF; Thương hiệu: Kuyoule; Model: X7; Kích thước ngoại hình: 43*74*32(mm); Trọng lượng: 160; Dung lượng lưu trữ dữ liệu: Có sẵn để mua lên tới 32G; Thời gian lưu trữ dữ liệu: 32 giờ; Giao diện truyền dữ liệu: USB, AV, Khác; Số lượng truyền dẫn: 30M/s; Vị trí lắp đặt: Kính chắn gió phía trước; Cung cấp điện: Bật lửa thuốc lá 12V sang 5V; Kích thước: 43*74*32(mm); Điện áp: 5V; Dòng điện định mức: 1A; Số mặt hàng: X7; Chức năng đo tốc độ: Đo tốc độ dòng chảy + camera hành trình tấ",,
888880834883,auto,"Pixel máy ảnh: 1 triệu; Chức năng: khác, Video vòng lặp; Dung lượng bộ nhớ: 2GB; Độ phân giải hình ảnh: 1080p; Góc chụp: 170°; Thẻ lưu trữ: Thẻ TF; Số lượng ống kính: Ống kính đơn; Thương hiệu: Bạn Shangjie; Thời gian lưu trữ dữ liệu: 1 phút hoặc 2 phút; Giao diện truyền dữ liệu: USB; Vị trí lắp đặt: Gương bên trong phía sau hoặc trên kính chắn gió phía trước; Số mặt hàng: YSJ-J11; Phân loại màu sắc: Mô hình phổ thông bằng nhựa BU11 (máy ghi USB), Mô hình phổ thông hợp kim nhôm BU8A (máy ghi USB), Mẫu đa năng BU11 (máy ghi USB) với thẻ 32G, Mẫu đa năng BU11 (máy ghi USB) với thẻ 64G, Mẫu đa nă","Pixel máy ảnh: 1 triệu; Chức năng: Khác, Video vòng lặp; Dung lượng bộ nhớ: 2GB; Độ phân giải hình ảnh: 1080p; Góc chụp: 170°; Thẻ lưu trữ: Thẻ TF; Số lượng ống kính: Ống kính đơn; Thương hiệu: Youshangjie; Thời gian lưu trữ dữ liệu: 1 phút hoặc 2 phút; Giao diện truyền dữ liệu: USB; Vị trí lắp đặt: Gương bên trong phía sau hoặc trên kính chắn gió phía trước; Số mặt hàng: YSJ-J11; Phân loại màu sắc: Mô hình phổ thông bằng nhựa BU11 (máy ghi USB), Mô hình phổ thông hợp kim nhôm BU8A (máy ghi USB), Mẫu đa năng BU11 (máy ghi USB) với thẻ 32G, Mẫu đa năng BU11 (máy ghi USB) với thẻ 64G, Mẫu đa năn",,
737984308015,auto,"Pixel máy ảnh: 18 triệu; Chức năng: Video vòng lặp, Giám sát bãi đậu xe, Cảm ứng va chạm, Tăng cường tầm nhìn ban đêm, Sửa lỗi biến dạng màn hình, Video trước và sau, Chia sẻ video ngắn; Dung lượng bộ nhớ: 2GB; Độ phân giải hình ảnh: 2160p; Góc chụp: 170°; Thẻ lưu trữ: Thẻ TF; Số lượng ống kính: Ống kính đơn; Thương hiệu: Đường Rui; Thời gian lưu trữ dữ liệu: Tư vấn dịch vụ khách hàng1; Giao diện truyền dữ liệu: Khác; Vị trí lắp đặt: Tư vấn dịch vụ khách hàng2; Số chứng chỉ 3C: 2021990805000084; Số mặt hàng: A9; Phân loại màu sắc: 1K [1080P] ghi trước HD miễn phí định tuyến, 2K [1600P] ghi trư","Pixel máy ảnh: 18 triệu; Chức năng: Video vòng lặp, Giám sát bãi đậu xe, Cảm ứng va chạm, Tăng cường tầm nhìn ban đêm, Sửa lỗi biến dạng màn hình, Video trước và sau, Chia sẻ video ngắn; Dung lượng bộ nhớ: 2GB; Độ phân giải hình ảnh: 2160p; Góc chụp: 170°; Thẻ lưu trữ: Thẻ TF; Số lượng ống kính: Ống kính đơn; Thương hiệu: Ruiluxing; Thời gian lưu trữ dữ liệu: Liên hệ CSKH; Giao diện truyền dữ liệu: Khác; Vị trí lắp đặt: Liên hệ CSKH; Số chứng chỉ 3c: 2021990805000084; Số mặt hàng: A9; Phân loại màu sắc: 1K [1080P] ghi trước HD miễn phí định tuyến, 2K [1600P] ghi trước HD miễn phí định tuyến, 4",,
843296817297,bags,"Chất liệu: Vải Oxford; Chức năng: Siêu nhẹ; Kết cấu lót: Polyester; Đặc điểm vỏ não: Khác2; Kích thước máy tính chứa: 10 inch; Công suất: Dưới 20L; Giới tính áp dụng: Trung tính/nam và nữ; Thương hiệu: Khác1; Màu sắc: Màu đen nhãn trắng, Màu đen nhãn xám, Màu đen nhãn xanh lam, Màu đen xanh huỳnh quang, Màu trắng be, Trắng phối tím, Màu xanh đậm nhãn vàng, Màu xanh đậm nhãn xanh lam, Màu xanh ngọc chữ trắng, Màu xanh ngọc nhãn vàng, Xanh lục nhạt nhãn xanh lam, Xanh lục nhạt nhãn đỏ, Màu hồng thịt nhãn trắng, Màu hồng thịt nhãn đỏ, Màu hồng thịt nhãn đen, Màu hồng nhãn tím, Màu hồng nhạt nhãn ","Chất liệu: Vải Oxford; Chức năng: Siêu nhẹ; Kết cấu lót: Polyester; Đặc điểm da: Khác; Kích thước máy tính chứa: 10 inch; Dung tích: Dưới 20L; Giới tính áp dụng: Trung tính/nam và nữ; Thương hiệu: Khác; Màu sắc: Màu đen nhãn trắng, Màu đen nhãn xám, Màu đen nhãn xanh lam, Màu đen xanh huỳnh quang, Màu trắng be, Trắng phối tím, Màu xanh đậm nhãn vàng, Màu xanh đậm nhãn xanh lam, Màu xanh ngọc chữ trắng, Màu xanh ngọc nhãn vàng, Xanh lục nhạt nhãn xanh lam, Xanh lục nhạt nhãn đỏ, Màu hồng thịt nhãn trắng, Màu hồng thịt nhãn đỏ, Màu hồng thịt nhãn đen, Màu hồng nhãn tím, Màu hồng nhạt nhãn đỏ, Mà",,
944650909772,bags,"Chất liệu: Chất liệu chịu mài mòn; Chức năng: Chống nước, Chịu mài mòn; Kết cấu lót: Polyester; Phong cách: Âu Mỹ cổ điển; Cách mở nắp: Khóa kéo; Thương hiệu: Phong Trang; Yếu tố phổ biến: Chỉ khâu xe; Màu sắc: Màu nâu; Số mặt hàng: WS-6633; Mùa năm niêm yết: Mùa hè 2025; Cấu trúc bên trong gói: Túi ẩn khóa kéo, Túi đựng điện thoại, Túi khóa kéo xen kẽ; Độ cứng: Mềm trung bình; Loại túi bên ngoài: Túi dán bên trong; Thương hiệu riêng được ủy quyền: Là; Có lớp xen kẽ không: Có; Kịch bản áp dụng: Du lịch giải trí","Chất liệu: Chất liệu chịu mài mòn; Chức năng: Chống nước, Chống mài mòn; Kết cấu lót: Polyester; Phong cách: Âu Mỹ cổ điển; Cách mở nắp: Khóa kéo; Thương hiệu: Fengzhuang; Yếu tố phổ biến: Chỉ khâu xe; Màu sắc: Màu nâu; Số mặt hàng: WS-6633; Năm/mùa ra mắt: Mùa hè 2025; Cấu trúc bên trong gói: Túi ẩn khóa kéo, Túi đựng điện thoại, Túi khóa kéo xen kẽ; Độ cứng: Trung bình đến mềm; Loại túi bên ngoài: Túi dán bên trong; Thương hiệu riêng được ủy quyền: Có; Có ngăn phụ không: Có; Dịp sử dụng: Du lịch giải trí",,
926789201174,bags,"Vật liệu: Khác1; chức năng: thoáng khí; Kết cấu lót: nylon; Đặc điểm vỏ não: KHÔNG1; Kích thước máy tính: 8inch; công suất: 56–75L; Giới tính áp dụng: Unisex/Cả nam và nữ đều được chào đón; thương hiệu: khác2; màu sắc: kaki, nâu, đen; Các tình huống áp dụng: Kết hợp hàng ngày; phong cách: Phong cách không giới tính; Năm và mùa ra mắt: Mùa xuân năm 2025; số mặt hàng: 5037; mẫu: màu rắn; Yếu tố phổ biến: Chỉ khâu; Hệ thống vận chuyển: Dây đeo vai cong; Có những thương hiệu tư nhân được cấp phép.: KHÔNG2","Chất liệu: Khác; Chức năng: Thoáng khí; Kết cấu lót: Nylon; Đặc điểm da: Không có; Kích thước máy tính chứa: 8inch; Dung tích: 56–75L; Giới tính áp dụng: Trung tính/nam và nữ; Thương hiệu: Khác; Màu sắc: Màu kaki, Màu nâu, Màu đen; Dịp sử dụng: Phối đồ hằng ngày; Phong cách: Vô tính; Năm/mùa ra mắt: Mùa xuân năm 2025; Số mặt hàng: 5037; Hoa văn: Màu trơn; Yếu tố phổ biến: Chỉ khâu xe; Hệ thống mang: Dây đeo vai hình vòng cung; Thương hiệu riêng được ủy quyền: Không",,
742904743228,bags,"Chất liệu: màng1; Chức năng: Giảm gánh nặng; phù hợp với kích thước máy tính: 16inch; Thương hiệu: Omaska; hệ thống mang: dây đeo đệm khí; Kết cấu lót: polyester; Đặc điểm da: màng2; màu sắc: Mẫu nâng cấp hai lớp màu đen, Mẫu nâng cấp hai lớp màu xám, Mẫu nâng cấp hai lớp màu xanh; Giới tính áp dụng: Trung tính/Cả nam và nữ đều có thể; Kịch bản áp dụng: du lịch giải trí; phong cách: Xu hướng xuyên biên giới; công suất: 20-35L; Danh sách năm và mùa: Mùa thu 2023; Mã hàng: 2168; mẫu: màu trơn; Yếu tố phổ biến: chỉ khâu, Nối; Có thương hiệu riêng được ủy quyền: Có; Kích thước gói hàng: lớn","Chất liệu: màng; Chức năng: Giảm gánh nặng; Kích thước máy tính chứa: 16 inch; Thương hiệu: Omaska; Hệ thống mang: Dây đeo đệm khí; Kết cấu lót: Polyester; Đặc điểm da: màng; Màu sắc: Mẫu nâng cấp hai lớp màu đen, Mẫu nâng cấp hai lớp màu xám, Mẫu nâng cấp hai lớp màu xanh; Giới tính áp dụng: Trung tính/nam và nữ; Dịp sử dụng: Du lịch giải trí; Phong cách: Xu hướng xuyên biên giới; Dung tích: 20-35L; Năm/mùa ra mắt: Mùa thu năm 2023; Số mặt hàng: 2168; Hoa văn: Màu trơn; Yếu tố phổ biến: Chỉ khâu xe, Nối; Thương hiệu riêng được ủy quyền: Có; Kích thước gói hàng: lớn",,
943289710278,bags,"Vật liệu: vải oxford; chức năng: Có thể được lưu trữ; Kích thước máy tính: 14inch; thương hiệu: khác1; Hệ thống vận chuyển: dây đeo đệm khí; Kết cấu lót: polyester; Đặc điểm vỏ não: Khác2; màu sắc: đen, xám, màu xanh; Giới tính áp dụng: người đàn ông; Các tình huống áp dụng: du lịch giải trí; phong cách: sự đơn giản của đô thị; công suất: 20–35L; Năm và mùa ra mắt: Mùa hè năm 2025; số mặt hàng: KDT6511; mẫu: màu rắn; Yếu tố phổ biến: Chỉ khâu, Màu tương phản, nối; Có những thương hiệu tư nhân được cấp phép.: KHÔNG; kích thước túi: giữa","Chất liệu: Vải Oxford; Chức năng: Có thể lưu trữ; Kích thước máy tính chứa: 14 inch; Thương hiệu: Khác; Hệ thống mang: Dây đeo đệm khí; Kết cấu lót: Polyester; Đặc điểm da: Khác; Màu sắc: Màu đen, Màu xám, Màu xanh lam; Giới tính áp dụng: Nam; Dịp sử dụng: Du lịch giải trí; Phong cách: Đơn giản đô thị; Dung tích: 20–35L; Năm/mùa ra mắt: Mùa hè 2025; Số mặt hàng: KDT6511; Hoa văn: Màu trơn; Yếu tố phổ biến: Chỉ khâu xe, Màu tương phản, Nối; Thương hiệu riêng được ủy quyền: Không; Kích thước gói hàng: Vừa",,
991659465958,bags,"vật liệu: Vải Oxford; Chức năng: không thấm nước; Chứa vừa kích thước máy tính.: 14inch; thương hiệu: Kaiden Tú; Hệ thống ba lô: Dây đeo vai cong; Kết cấu lót: polyester; Đặc điểm vỏ não: Khác; màu sắc: Tím, màu xám, màu xanh, đen; kích cỡ: 32*19*48cm 550g; Giới tính áp dụng: nam giới; Các tình huống áp dụng: chuyến công tác; phong cách: Đi lại công tác; công suất: 20–35L; Năm và mùa phát hành: Mùa thu năm 2026; Mã sản phẩm: 3118; Mẫu: Màu trơn; Các yếu tố phổ biến: chỉ khâu; Có thương hiệu riêng được ủy quyền.: không1; 核心词修饰词: 双肩包、背包、电脑包、商务背包、旅行背包。大容量、多功能、防盗、防水、轻便、减负。; 适用人群: 大学生、高中生、男士、女士、程序员","Chất liệu: Vải Oxford; Chức năng: Chống nước; Kích thước máy tính chứa: 14 inch; Thương hiệu: Kaidengtu; Hệ thống mang: Dây đeo vai hình vòng cung; Kết cấu lót: Polyester; Đặc điểm da: Khác; Màu sắc: Màu tím, Màu xám, Màu xanh lam, Màu đen; Kích thước: 32*19*48cm 550g; Giới tính áp dụng: Nam; Dịp sử dụng: Đi công tác; Phong cách: Đi lại kinh doanh; Dung tích: 20–35L; Năm/mùa ra mắt: Mùa thu năm 2026; Số mặt hàng: 3118; Hoa văn: Màu trơn; Yếu tố phổ biến: Chỉ khâu xe; Thương hiệu riêng được ủy quyền: Không; Kịch bản ứng dụng: Chuyến công tác, Kỳ nghỉ ngắn, Đi bộ đường dài ngoài trời, Khuôn viên",,
995751193228,bags,"vật liệu: Vải Oxford; Chức năng: không thấm nước; Kết cấu lót: polyester; Đặc điểm vỏ não: pu; Chứa vừa kích thước máy tính.: 15inch; công suất: 20–35L; Giới tính áp dụng: Unisex/Cả nam và nữ đều được chào đón.; thương hiệu: BADENROO; màu sắc: QH041 tiêu chuẩn đen, QH041 tiêu chuẩn màu xám đen, QH041 tiêu chuẩn màu xám nhạt, QH041 tiêu chuẩn màu xám đậm, QH 041m màu trắng size lớn, Tiêu chuẩn kaki QH041, QH041 đen mở rộng, QH041 đen và xám mở rộng, QH041 màu xám nhạt mở rộng, QH041 màu xám đậm mở rộng; Các tình huống áp dụng: Đối sánh hàng ngày; phong cách: du lịch giải trí; Năm và mùa phát hà","Chất liệu: Vải Oxford; Chức năng: Chống nước; Kết cấu lót: Polyester; Đặc điểm da: pu; Kích thước máy tính chứa: 15 inch; Dung tích: 20–35L; Giới tính áp dụng: Trung tính/nam và nữ; Thương hiệu: BADENROO; Màu sắc: QH041 tiêu chuẩn đen, QH041 tiêu chuẩn màu xám đen, QH041 tiêu chuẩn màu xám nhạt, QH041 tiêu chuẩn màu xám đậm, QH 041m màu trắng size lớn, Tiêu chuẩn kaki QH041, QH041 đen mở rộng, QH041 đen và xám mở rộng, QH041 màu xám nhạt mở rộng, QH041 màu xám đậm mở rộng; Dịp sử dụng: Phối đồ hằng ngày; Phong cách: Du lịch giải trí; Năm/mùa ra mắt: Mùa xuân năm 2025; Số mặt hàng: QH041; Hoa v",,
982728718833,bags,"vật liệu: PVC1; Chức năng: Có thể được lưu trữ; Kết cấu lót: Không có lớp lót; Đặc điểm vỏ não: PVC2; Chứa vừa kích thước máy tính.: 12inch; công suất: 20–35L; Giới tính áp dụng: Unisex/Cả nam và nữ đều có thể; thương hiệu: không1; màu sắc: Tím, màu đen, màu hồng, màu xám; Kích thước: 30*15*39CM; Các tình huống áp dụng: Thể thao ngoài trời; phong cách: phong cách đường phố; Năm và mùa phát hành: Mùa xuân năm 2024; Mã sản phẩm: A71; Mẫu: màu rắn; Các yếu tố phổ biến: Khác; Hệ thống vận chuyển: dây đeo đệm khí; Có thương hiệu riêng được ủy quyền.: không2","Chất liệu: PVC; Chức năng: Có thể lưu trữ; Kết cấu lót: Vải không lót; Đặc điểm da: PVC; Kích thước máy tính chứa: 12 inch; Dung tích: 20–35L; Giới tính áp dụng: Trung tính/nam và nữ; Thương hiệu: Fou; Màu sắc: Màu tím, Màu đen, Màu hồng, Màu xám; Kích thước: 30*15*39CM; Dịp sử dụng: Thể thao ngoài trời; Phong cách: Sành điệu đường phố; Năm/mùa ra mắt: Mùa xuân năm 2024; Số mặt hàng: A71; Hoa văn: Màu trơn; Yếu tố phổ biến: Khác; Hệ thống mang: Dây đeo đệm khí; Thương hiệu riêng được ủy quyền: Không",,
843882771119,bags,"Chất liệu: Lông nhung1; Chức năng: Giảm gánh nặng, Khác; Kết cấu lót: Polyester; Phong cách: Tươi mát ngọt ngào; Cách mở nắp: Miếng dán ma thuật; Yếu tố phổ biến: Lông nhung2, Thêu, Màu tương phản; Màu sắc: Chim cánh cụt; Số mặt hàng: ly24921; Mùa năm niêm yết: Mùa đông năm 2024; Cấu trúc bên trong gói: Túi đựng điện thoại; Độ cứng: Mềm; Loại túi bên ngoài: Túi hở; Thương hiệu riêng được ủy quyền: Không.; Có lớp xen kẽ không: Không có; Kịch bản áp dụng: Kết hợp hàng ngày","Chất liệu: Lông nhung; Chức năng: Giảm gánh nặng, Khác; Kết cấu lót: Polyester; Phong cách: Tươi mát ngọt ngào; Cách mở nắp: Miếng dán ma thuật; Yếu tố phổ biến: Lông nhung, Thêu, Màu tương phản; Màu sắc: Chim cánh cụt; Số mặt hàng: ly24921; Năm/mùa ra mắt: Mùa đông năm 2024; Cấu trúc bên trong gói: Túi đựng điện thoại; Độ cứng: Mềm; Loại túi bên ngoài: Túi hở; Thương hiệu riêng được ủy quyền: Không; Có ngăn phụ không: Không có; Dịp sử dụng: Phối đồ hằng ngày",,
836792090455,bags,"Chất liệu: Nylon; Chức năng: Thoáng khí; Kết cấu lót: Vải Oxford; Đặc điểm vỏ não: Khác; Kích thước máy tính chứa: 14 inch; Công suất: Dưới 20L; Giới tính áp dụng: Nam; Thương hiệu: Viễn Phong; Màu sắc: Mẫu trung bình tiêu chuẩn màu xám [không thể sạc để nghe bài hát], Mẫu trung bình tiêu chuẩn màu đen [không thể sạc để nghe bài hát]; Kịch bản áp dụng: Đi công tác; Phong cách: Vô tính; Mùa năm niêm yết: Mùa xuân năm 2024; Số mặt hàng: 2; Hoa văn: Màu trơn; Yếu tố phổ biến: Chỉ khâu xe; Hệ thống mang: Dây đeo vai hình vòng cung; Thương hiệu riêng được ủy quyền: Không.","Chất liệu: Nylon; Chức năng: Thoáng khí; Kết cấu lót: Vải Oxford; Đặc điểm da: Khác; Kích thước máy tính chứa: 14 inch; Dung tích: Dưới 20L; Giới tính áp dụng: Nam; Thương hiệu: Yuanfeng; Màu sắc: Mẫu trung bình tiêu chuẩn màu xám [không thể sạc để nghe bài hát], Mẫu trung bình tiêu chuẩn màu đen [không thể sạc để nghe bài hát]; Dịp sử dụng: Đi công tác; Phong cách: Vô tính; Năm/mùa ra mắt: Mùa xuân năm 2024; Số mặt hàng: 2; Hoa văn: Màu trơn; Yếu tố phổ biến: Chỉ khâu xe; Hệ thống mang: Dây đeo vai hình vòng cung; Thương hiệu riêng được ủy quyền: Không",,
948976092834,bags,"Vật liệu: vải; Chức năng: Giảm gánh nặng; Kết cấu lót: polyester; phong cách: phong cách không giới tính; Phương pháp mở: Được che phủ; thương hiệu: tonghao; Yếu tố phổ biến: Chỉ khâu; màu sắc: trắng, kẻ sọc đen, màu vàng, Màu đen tuyền (có thể tùy chỉnh), màu xanh; Mã sản phẩm: CE–6151; Năm và mùa ra mắt: Mùa hè năm 2026; Cấu trúc bên trong của túi: túi điện thoại di động; độ cứng: mềm; Loại túi bên ngoài: túi có nắp; Có sẵn cho ủy quyền nhãn hiệu riêng.: KHÔNG; Có hoặc không có gác lửng: không có gì; Các tình huống áp dụng: Kết hợp hàng ngày; Số lớp xen kẽ: 1; 双肩包女: 双肩包女; 双肩包: 双肩包; 包包韩国小众: 包","Chất liệu: Vải bố; Chức năng: Giảm gánh nặng; Kết cấu lót: Polyester; Phong cách: Vô tính; Cách mở nắp: Kiểu bao bọc; Thương hiệu: Tonghao; Yếu tố phổ biến: Chỉ khâu xe; Màu sắc: Màu trắng, kẻ sọc đen, màu vàng, Màu đen tuyền (có thể tùy chỉnh), Màu xanh lam; Số mặt hàng: CE-6151; Năm/mùa ra mắt: Mùa hè năm 2026; Cấu trúc bên trong gói: Túi đựng điện thoại; Độ cứng: Mềm; Loại túi bên ngoài: Túi có nắp; Thương hiệu riêng được ủy quyền: Không; Có ngăn phụ không: Không có; Dịp sử dụng: Phối đồ hằng ngày; Số lớp xen kẽ: 1; Đối tượng sử dụng: Thanh thiếu niên; Kích thước gói hàng: Vừa",,
972124136131,bags,"Vật liệu: Vải Oxford; Chức năng: Siêu nhẹ; năng lực: Dưới 20L; Kết cấu lót: polyester; Các môn thể thao áp dụng: đi bộ đường dài; Giới tính áp dụng: Unisex/Cả nam và nữ đều được chào đón; Các tình huống áp dụng: thể thao ngoài trời; thương hiệu: khiêu vũ nghệ thuật; Mã sản phẩm: 20154879; mẫu: màu trơn; màu sắc: 068 Ba Lô Gấp Màu Đỏ Hồng, 068 ba lô gấp màu đỏ tươi, 068 ba lô gấp màu xanh lá cây, 068 ba lô gấp màu xanh da trời, 068 ba lô gấp màu xanh hoàng gia, 068 ba lô gấp màu cam, 068 ba lô gấp màu xám, 068 Ba Lô Gấp Màu Đen, Ba lô gấp 068 màu xanh hải quân, 068 Ba Lô Gấp Màu Tím; Có những t","Chất liệu: Vải Oxford; Chức năng: Siêu nhẹ; Dung tích: Dưới 20L; Kết cấu lót: Polyester; Dùng cho thể thao: Đi bộ đường dài; Giới tính áp dụng: Trung tính/nam và nữ; Dịp sử dụng: Thể thao ngoài trời; Thương hiệu: Yiwu; Số mặt hàng: 20154879; Hoa văn: Màu trơn; Màu sắc: 068 Ba Lô Gấp Màu Đỏ Hồng, 068 ba lô gấp màu đỏ tươi, 068 ba lô gấp màu xanh lá cây, 068 ba lô gấp màu xanh da trời, 068 ba lô gấp màu xanh hoàng gia, 068 ba lô gấp màu cam, 068 ba lô gấp màu xám, 068 Ba Lô Gấp Màu Đen, Ba lô gấp 068 màu xanh hải quân, 068 Ba Lô Gấp Màu Tím; Thương hiệu riêng được ủy quyền: Có; Năm/mùa ra mắt: M",,
759416119274,bags,"Chất liệu: PU; Chức năng: Siêu nhẹ; Kết cấu lót: Polyester; Đặc điểm vỏ não: Da vân hoa; Kích thước máy tính chứa: 15 inch; Công suất: 20-35L; Giới tính áp dụng: Trung tính/nam và nữ; Màu sắc: Màu đen, Màu cà phê; Kịch bản áp dụng: Du lịch giải trí; Phong cách: Âu Mỹ cổ điển; Mùa năm niêm yết: Mùa đông năm 2023; Số mặt hàng: 1570-1; Hoa văn: Màu trơn; Yếu tố phổ biến: Chỉ khâu xe, Móc khóa, Khác","Chất liệu: PU; Chức năng: Siêu nhẹ; Kết cấu lót: Polyester; Đặc điểm da: Da vân hoa; Kích thước máy tính chứa: 15 inch; Dung tích: 20-35L; Giới tính áp dụng: Trung tính/nam và nữ; Màu sắc: Màu đen, Màu cà phê; Dịp sử dụng: Du lịch giải trí; Phong cách: Âu Mỹ cổ điển; Năm/mùa ra mắt: Mùa đông năm 2023; Số mặt hàng: 1570-1; Hoa văn: Màu trơn; Yếu tố phổ biến: Chỉ khâu xe, Móc khóa, Khác",,
780369043733,bags,"Chất liệu: Nylon; Chức năng: Chống nước, Chịu mài mòn, Chống Trộm; Kết cấu lót: Polyester; Phong cách: Xu hướng xuyên biên giới; Cách mở nắp: Khóa kéo; Thương hiệu: Xem tất cả; Yếu tố phổ biến: Chỉ khâu xe; Màu sắc: Vân báo, Bò Sữa, Cầu Vồng, Nhiều màu; Số mặt hàng: OL609; Mùa năm niêm yết: Mùa hè năm 2026; Cấu trúc bên trong gói: Túi ẩn khóa kéo, Túi đựng điện thoại, Túi khóa kéo xen kẽ; Độ cứng: Trung bình đến mềm; Loại túi bên ngoài: Túi đào; Thương hiệu riêng được ủy quyền: Là; Có lớp xen kẽ không: Có; Kịch bản áp dụng: Kết hợp hàng ngày; Đối tượng mục tiêu kịch bản chức năng: Ba lô du lịc","Chất liệu: Nylon; Chức năng: Chống nước, Chống mài mòn, Chống trộm; Kết cấu lót: Polyester; Phong cách: Xu hướng xuyên biên giới; Cách mở nắp: Khóa kéo; Thương hiệu: Jianquan; Yếu tố phổ biến: Chỉ khâu xe; Màu sắc: Vân báo, Bò Sữa, Cầu Vồng, Nhiều màu; Số mặt hàng: OL609; Năm/mùa ra mắt: Mùa hè năm 2026; Cấu trúc bên trong gói: Túi ẩn khóa kéo, Túi đựng điện thoại, Túi khóa kéo xen kẽ; Độ cứng: Trung bình đến mềm; Loại túi bên ngoài: Túi đào; Thương hiệu riêng được ủy quyền: Có; Có ngăn phụ không: Có; Dịp sử dụng: Phối đồ hằng ngày; Đối tượng mục tiêu kịch bản chức năng: Ba lô du lịch đa năng,",,
1000464921912,bags,"vật liệu: P.U.; Kiểu túi hợp thời trang: túi vuông nhỏ; Kích thước túi: trung bình; Kết cấu lót: polyester; thương hiệu: Khác; phong cách: Sự đơn giản của thành phố; Các yếu tố phổ biến: chỉ khâu; màu sắc: Trắng, màu đen, Kaki, màu cam, nâu; Mã sản phẩm: 1007030; Năm và mùa phát hành: Mùa đông năm 2025; Hình dạng túi: Hình vuông nằm ngang; Phương pháp mở: Loại bìa; Cấu trúc bên trong của túi: túi đựng điện thoại di động; độ cứng: Trung bình đến mềm; Loại túi bên ngoài: túi vá bên trong; Có thương hiệu riêng được ủy quyền.: không; Có tầng lửng không?: không có gì; Số lượng dây đeo vai: đơn; Các","Chất liệu: P.U.; Túi xách kiểu dáng thời thượng: Túi vuông nhỏ; Kích thước túi: Vừa; Kết cấu lót: Polyester; Thương hiệu: Khác; Phong cách: Đơn giản đô thị; Yếu tố phổ biến: Chỉ khâu xe; Màu sắc: Màu trắng, Màu đen, Màu kaki, Màu cam, Màu nâu; Số mặt hàng: 1007030; Năm/mùa ra mắt: Mùa đông năm 2025; Hình dạng túi: Kiểu ngang hình vuông; Cách mở nắp: Kiểu bao bọc; Cấu trúc bên trong gói: Túi đựng điện thoại; Độ cứng: Trung bình đến mềm; Loại túi bên ngoài: Túi dán bên trong; Thương hiệu riêng được ủy quyền: Không; Có ngăn phụ không: Không có; Số dây đeo vai: Một dây; Dịp sử dụng: Phối đồ hằng n",,
971567993685,bags,"Vật liệu: da thật; Kiểu túi hợp thời trang: túi nách; Đặc điểm vỏ não: da cừu; Kích thước túi: giữa; Kết cấu lót: Bông polyester; thương hiệu: CIVKAILI; phong cách: sự đơn giản của đô thị; Yếu tố phổ biến: Chỉ khâu, thiết lục giác, dây chuyền; màu sắc: Hộp quà cao cấp lớn bằng da vàng nhạt, Hộp quà tặng cao cấp bằng da thép vonfram lớn, Dây chuyền vàng nhạt hộp quà cao cấp cỡ lớn, Dây chuyền thép vonfram Hộp quà tặng sang trọng lớn, Hộp quà cao cấp da vàng trắng sáng, Hộp quà nhỏ cao cấp bằng da vàng nhạt, Dây chuyền vàng nhạt hộp quà nhỏ cao cấp, Hộp quà tặng cao cấp nhỏ bằng da thép vonfram,","Chất liệu: Da thật; Túi xách kiểu dáng thời thượng: túi nách; Đặc điểm da: Da cừu; Kích thước túi: Vừa; Kết cấu lót: Bông polyester; Thương hiệu: CIVKAILI; Phong cách: Đơn giản đô thị; Yếu tố phổ biến: Chỉ khâu xe, Caro hình thoi, Dây xích; Màu sắc: Hộp quà cao cấp lớn bằng da vàng nhạt, Hộp quà tặng cao cấp bằng da thép vonfram lớn, Dây chuyền vàng nhạt hộp quà cao cấp cỡ lớn, Dây chuyền thép vonfram Hộp quà tặng sang trọng lớn, Hộp quà cao cấp da vàng trắng sáng, Hộp quà nhỏ cao cấp bằng da vàng nhạt, Dây chuyền vàng nhạt hộp quà nhỏ cao cấp, Hộp quà tặng cao cấp nhỏ bằng da thép vonfram, Dâ",,
991373973460,bags,"vật liệu: Chất liệu chống mài mòn; Kiểu túi hợp thời trang: Túi đựng đồ; Kích thước túi: lớn; Kết cấu lót: polyester; thương hiệu: không có gì; phong cách: Sự đơn giản của thành phố; Các yếu tố phổ biến: chỉ khâu; màu sắc: Màu trắng nhạt, màu đen, Kaki; Mã sản phẩm: ST - 6259; Năm và mùa phát hành: Mùa thu năm 2025; Hình dạng túi: Hình vuông nằm ngang; Phương pháp mở: dây kéo; Cấu trúc bên trong của túi: Túi có khóa kéo; độ cứng: Trung bình đến mềm; Loại túi bên ngoài: túi vá bên trong; Có thương hiệu riêng được ủy quyền.: không; Có tầng lửng không?: Có; Số lượng dây đeo vai: đơn; Các tình huố","Chất liệu: Chất liệu chống mài mòn; Túi xách kiểu dáng thời thượng: Túi tote; Kích thước túi: lớn; Kết cấu lót: Polyester; Thương hiệu: Không thương hiệu; Phong cách: Đơn giản đô thị; Yếu tố phổ biến: Chỉ khâu xe; Màu sắc: Màu trắng be, Màu đen, Màu kaki; Số mặt hàng: ST-6259; Năm/mùa ra mắt: Mùa thu năm 2025; Hình dạng túi: Kiểu ngang hình vuông; Cách mở nắp: Khóa kéo; Cấu trúc bên trong gói: Túi ẩn khóa kéo; Độ cứng: Trung bình đến mềm; Loại túi bên ngoài: Túi dán bên trong; Thương hiệu riêng được ủy quyền: Không; Có ngăn phụ không: Có; Số dây đeo vai: Một dây; Dịp sử dụng: Phối đồ hằng ngày",,
975113184615,bags,"vật liệu: P.U.; Các yếu tố phổ biến: chỉ khâu; Kết cấu lót: polyester; Kích thước túi: lớn; thương hiệu: .; độ cứng: Trung bình đến mềm; Có tầng lửng không?: không có gì; màu sắc: màu đen, nâu, Màu nâu; Kích thước: 36*12*21; phong cách: Sự đơn giản của thành phố; Năm và mùa phát hành: Mùa xuân năm 2026; Các tình huống áp dụng: Đối sánh hàng ngày; Mã sản phẩm: JY0271; Hình dạng túi: Hình vuông nằm ngang; Phương pháp mở: Khóa; Cấu trúc bên trong của túi: Túi có khóa kéo; Loại túi bên ngoài: túi vá bên trong; Số lượng dây đeo vai: rễ đôi; Có thương hiệu riêng được ủy quyền.: không1; Kiểu mang: Mộ","Chất liệu: P.U.; Yếu tố phổ biến: Chỉ khâu xe; Kết cấu lót: Polyester; Kích thước túi: lớn; Độ cứng: Trung bình đến mềm; Có ngăn phụ không: Không có; Màu sắc: Màu đen, Màu nâu, Màu cà phê; Kích thước: 36*12*21; Phong cách: Đơn giản đô thị; Năm/mùa ra mắt: Mùa xuân năm 2026; Dịp sử dụng: Phối đồ hằng ngày; Số mặt hàng: JY0271; Hình dạng túi: Kiểu ngang hình vuông; Cách mở nắp: Móc khóa; Cấu trúc bên trong gói: Túi ẩn khóa kéo; Loại túi bên ngoài: Túi dán bên trong; Số dây đeo vai: Hai dây; Thương hiệu riêng được ủy quyền: Không; Kiểu mang: Một bên vai, Di động, đeo chéo; Ủy quyền ip: có hay khô",,
777818814370,bags,"Chất liệu: Da thật; Đặc điểm vỏ não: Da bò Composite; Túi xách kiểu dáng thời thượng: Túi vuông nhỏ; Kích thước túi: Nhỏ; Kết cấu lót: Polyester; Thương hiệu: Xem tất cả; Yếu tố phổ biến: Chỉ khâu xe, Màu tương phản; Độ cứng: Mềm; Màu sắc: Màu trắng be, Màu trà sữa, Màu đen, Màu Kaki Trắng, Màu nâu trắng; Phong cách: Tươi mát ngọt ngào; Số mặt hàng: YPY52869; Mùa năm niêm yết: Mùa hè năm 2026; Hình dạng túi: Kiểu Ngang hình vuông; Cách mở nắp: Kiểu bao bọc; Cấu trúc bên trong gói: Túi ẩn khóa kéo, Túi đựng điện thoại, Túi khóa kéo xen kẽ; Loại túi bên ngoài: Túi dán bên trong; Thương hiệu riên","Chất liệu: Da thật; Đặc điểm da: Da bò hỗn hợp; Túi xách kiểu dáng thời thượng: Túi vuông nhỏ; Kích thước túi: Nhỏ; Kết cấu lót: Polyester; Thương hiệu: Jianquan; Yếu tố phổ biến: Chỉ khâu xe, Màu tương phản; Độ cứng: Mềm; Màu sắc: Màu trắng be, Màu trà sữa, Màu đen, Màu Kaki Trắng, Màu nâu trắng; Phong cách: Tươi mát ngọt ngào; Số mặt hàng: YPY52869; Năm/mùa ra mắt: Mùa hè năm 2026; Hình dạng túi: Kiểu ngang hình vuông; Cách mở nắp: Kiểu bao bọc; Cấu trúc bên trong gói: Túi ẩn khóa kéo, Túi đựng điện thoại, Túi khóa kéo xen kẽ; Loại túi bên ngoài: Túi dán bên trong; Thương hiệu riêng được ủy ",,
764576951842,bags,"Chất liệu: PU; Túi xách kiểu dáng thời thượng: Túi vuông nhỏ; Kích thước túi: Nhỏ; Kết cấu lót: Polyester; Thương hiệu: Khác; Phong cách: Đơn giản đô thị; Yếu tố phổ biến: Chỉ khâu xe; Màu sắc: Màu trắng, Màu đen, Màu hồng; Số mặt hàng: ZBYD&2371 chính; Mùa năm niêm yết: Mùa xuân năm 2024; Hình dạng túi: Kiểu Ngang hình vuông; Cách mở nắp: Kiểu bao bọc; Cấu trúc bên trong gói: Túi đựng giấy tờ; Độ cứng: Mềm trung bình; Thương hiệu riêng được ủy quyền: Không.; Có lớp xen kẽ không: Không có; Số dây đeo vai: Một gốc; Kích thước: Một size; Kịch bản áp dụng: Kết hợp hàng ngày; trọng lượng: 350 gram","Chất liệu: PU; Túi xách kiểu dáng thời thượng: Túi vuông nhỏ; Kích thước túi: Nhỏ; Kết cấu lót: Polyester; Thương hiệu: Khác; Phong cách: Đơn giản đô thị; Yếu tố phổ biến: Chỉ khâu xe; Màu sắc: Màu trắng, Màu đen, Màu hồng; Số mặt hàng: ZBYD&2371 chính; Năm/mùa ra mắt: Mùa xuân năm 2024; Hình dạng túi: Kiểu ngang hình vuông; Cách mở nắp: Kiểu bao bọc; Cấu trúc bên trong gói: Túi đựng giấy tờ; Độ cứng: Trung bình đến mềm; Thương hiệu riêng được ủy quyền: Không; Có ngăn phụ không: Không có; Số dây đeo vai: Một dây; Kích thước: Một kích thước phù hợp với tất cả; Dịp sử dụng: Phối đồ hằng ngày; Tr",,
989277030535,bags,"vật liệu: Máy tính; Phương pháp mở: dây kéo; Kiểu con lăn: Bánh xe vạn năng; Chức năng: Khác1; Loại khóa: Khóa kết hợp thông thường; Kết cấu lót: polyester; Mã sản phẩm: ZT911; Giới tính áp dụng: Unisex/Cả nam và nữ đều có thể; công suất: 45; Có hoặc không có thanh kéo: Đúng.1; thương hiệu: Khác2; Mẫu: Màu trơn; phong cách: Sang trọng tối giản và yên tĩnh; màu sắc: ZT911 Trắng + Xanh (Vô lăng đua - Mở phía trước = Kiểu hình ảnh chính), ZT911 Trắng + Cam (Vô lăng đua - Mở phía trước = Kiểu hình ảnh chính), ZT911 Trắng Ngà (Vô Lăng Đua - Mở Mặt Trước = Kiểu Hình Ảnh Chính), Trà sữa ZT911 (Bánh x","Chất liệu: Máy tính; Cách mở nắp: Khóa kéo; Kiểu dáng con lăn: Bánh đa năng; Chức năng: Khác; Các loại khóa: Khóa mật khẩu thông thường; Kết cấu lót: Polyester; Số mặt hàng: ZT911; Giới tính áp dụng: Trung tính/nam và nữ; Dung tích: 45; Có hoặc không có thanh kéo: Có; Thương hiệu: Khác; Hoa văn: Màu trơn; Phong cách: Sang trọng tối giản và yên tĩnh; Màu sắc: ZT911 Trắng + Xanh (Vô lăng đua - Mở phía trước = Kiểu hình ảnh chính), ZT911 Trắng + Cam (Vô lăng đua - Mở phía trước = Kiểu hình ảnh chính), ZT911 Trắng Ngà (Vô Lăng Đua - Mở Mặt Trước = Kiểu Hình Ảnh Chính), Trà sữa ZT911 (Bánh xe đua -",,
891458849301,bags,"Chất liệu: ABS; Cách mở nắp: Khóa kéo; Kiểu dáng con lăn: Bánh đa năng; Chức năng: Giao diện USB, Chống nước, Có ngăn đựng cốc; Các loại khóa: Khóa mật khẩu thông thường; Kết cấu lót: Polyester; Số mặt hàng: 009; Giới tính áp dụng: Trung tính/nam và nữ; Màu sắc: Màu xanh bạc hà [giá đỡ cốc có giao diện sạc] hộp đơn, Hộp đơn bột Dogwood [giá đỡ cốc giao diện sạc], Hộp đơn màu trắng ngũ cốc [giá đỡ cốc có giao diện sạc], Vàng hồng [Giá đỡ cốc có giao diện sạc] Hộp đơn, Hộp đơn màu đen cổ điển [giá đỡ cốc có giao diện sạc], Baimei [Giá đỡ cốc giao diện sạc] Hộp đơn, Moonlight Silver [Giá đỡ cốc g","Chất liệu: ABS; Cách mở nắp: Khóa kéo; Kiểu dáng con lăn: Bánh đa năng; Chức năng: Giao diện USB, Chống nước, Có ngăn đựng cốc; Các loại khóa: Khóa mật khẩu thông thường; Kết cấu lót: Polyester; Số mặt hàng: 009; Giới tính áp dụng: Trung tính/nam và nữ; Màu sắc: Màu xanh bạc hà [giá đỡ cốc có giao diện sạc] hộp đơn, Hộp đơn bột Dogwood [giá đỡ cốc giao diện sạc], Hộp đơn màu trắng ngũ cốc [giá đỡ cốc có giao diện sạc], Vàng hồng [Giá đỡ cốc có giao diện sạc] Hộp đơn, Hộp đơn màu đen cổ điển [giá đỡ cốc có giao diện sạc], Baimei [Giá đỡ cốc giao diện sạc] Hộp đơn, Moonlight Silver [Giá đỡ cốc g",,
870904299750,bags,"Chất liệu: ABS; Cách mở nắp: Khóa kéo; Kiểu dáng con lăn: Bánh đa năng; Chức năng: Thoáng khí; Các loại khóa: Khóa mật khẩu thông thường; Kết cấu lót: Polyester; Số mặt hàng: Túi mỹ phẩm cổ điển 601; Giới tính áp dụng: Trung tính/nam và nữ; Thương hiệu: Không có; Hoa văn: Kẻ sọc; Phong cách: Du lịch giải trí; Màu sắc: Màu đen, Màu trắng, Màu hồng, Xanh lục nhạt, Vàng be, Màu xanh lá cây nhạt [góc màu trắng], Vàng hồng, Trắng phối vàng hồng, Trắng phối đỏ, Trắng phối đen, Màu vàng sữa; Kích thước: 14 inch [không khóa], 14 inch [có khóa], 16 inch [không khóa], 16 inch [có khóa]; Thương hiệu riên","Chất liệu: ABS; Cách mở nắp: Khóa kéo; Kiểu dáng con lăn: Bánh đa năng; Chức năng: Thoáng khí; Các loại khóa: Khóa mật khẩu thông thường; Kết cấu lót: Polyester; Số mặt hàng: Túi mỹ phẩm cổ điển 601; Giới tính áp dụng: Trung tính/nam và nữ; Thương hiệu: Không thương hiệu; Hoa văn: Sọc; Phong cách: Du lịch giải trí; Màu sắc: Màu đen, Màu trắng, Màu hồng, Xanh lục nhạt, Vàng be, Màu xanh lá cây nhạt [góc màu trắng], Vàng hồng, Trắng phối vàng hồng, Trắng phối đỏ, Trắng phối đen, Màu vàng sữa; Kích thước: 14 inch [không khóa], 14 inch [có khóa], 16 inch [không khóa], 16 inch [có khóa]; Thương hiệ",,
793359398076,bags,"Chất liệu: ABS; Cách mở nắp: Khóa kéo; Kiểu dáng con lăn: Bánh đa năng; Chức năng: thoáng khí, Chống nước, Siêu nhẹ, Chịu mài mòn, chống trộm, Có thể lưu trữ, Chống cắt, Có thể lên máy; Các loại khóa: Khóa mật khẩu thông thường; Kết cấu lót: Polyester; Số mặt hàng: 807; Giới tính áp dụng: Trung tính/nam và nữ; Có hoặc không có thanh kéo: Đúng.; Thương hiệu: Omanfei; Hoa văn: Kẻ sọc; Phong cách: Du lịch giải trí1; Màu sắc: Màu đen 20 inch 24 inch 28 inch, Bạc 20 inch 24 inch 28 inch, Màu đen 14 inch 20 inch 24 inch 28 inch, Bạc 14 inch 20 inch 24 inch 28 inch; Kích thước: 28 inch; Thương hiệu r","Chất liệu: ABS; Cách mở nắp: Khóa kéo; Kiểu dáng con lăn: Bánh đa năng; Chức năng: Thoáng khí, Chống nước, Siêu nhẹ, Chống mài mòn, Chống trộm, Có thể lưu trữ, Chống cắt, Có thể lên máy; Các loại khóa: Khóa mật khẩu thông thường; Kết cấu lót: Polyester; Số mặt hàng: 807; Giới tính áp dụng: Trung tính/nam và nữ; Có hoặc không có thanh kéo: Có; Thương hiệu: Oumanfei; Hoa văn: Sọc; Phong cách: Du lịch giải trí; Màu sắc: Màu đen 20 inch 24 inch 28 inch, Bạc 20 inch 24 inch 28 inch, Màu đen 14 inch 20 inch 24 inch 28 inch, Bạc 14 inch 20 inch 24 inch 28 inch; Kích thước: 28 inch; Thương hiệu riêng ",,
893290709703,bags,"Chất liệu: PC; Cách mở nắp: khóa; Kiểu dáng con lăn: Bánh đa năng; Chức năng: Giao diện USB, Chống nước, Chống trộm, Mở rộng; Các loại khóa: Khóa mật khẩu TSA; Kết cấu lót: Polyester; Số mặt hàng: 2311; Giới tính áp dụng: Trung tính/nam và nữ; Có hoặc không có thanh kéo: Đúng.; Thương hiệu: LETOO; Hoa văn: Màu trơn; Phong cách: Đơn giản đô thị; Màu sắc: Màu trắng, Màu hồng, Màu đen, Màu xanh lam, Màu xám bạc; Kích thước: 24 inch (dày và công suất lớn có thể được ký gửi), 26 inch (dày và công suất lớn có thể được ký gửi), 28 inch (dày và công suất lớn có thể được ký gửi), 30 inch (dày và công s","Chất liệu: PC; Cách mở nắp: Móc khóa; Kiểu dáng con lăn: Bánh đa năng; Chức năng: Giao diện USB, Chống nước, Chống trộm, Mở rộng; Các loại khóa: Khóa mật khẩu TSA; Kết cấu lót: Polyester; Số mặt hàng: 2311; Giới tính áp dụng: Trung tính/nam và nữ; Có hoặc không có thanh kéo: Có; Thương hiệu: LETOO; Hoa văn: Màu trơn; Phong cách: Đơn giản đô thị; Màu sắc: Màu trắng, Màu hồng, Màu đen, Màu xanh lam, màu xám bạc; Kích thước: 24 inch (dày và công suất lớn có thể được ký gửi), 26 inch (dày và công suất lớn có thể được ký gửi), 28 inch (dày và công suất lớn có thể được ký gửi), 30 inch (dày và công ",,
928933508632,beauty,"Hiệu quả: Chống nước, Không dễ khử màu, Nâng cao màu nước da; Thương hiệu: Kakashow (Trang điểm đẹp); Kết cấu: Mặt kính, Mờ, Sương mù mềm, Thủy quang; Thời hạn sử dụng: 3 năm; Xuất xứ: Quảng Châu; Quy cách: Thông số kỹ thuật bình thường; Có nhập khẩu không: Không.1; Thương hiệu riêng được ủy quyền: Là1; Số mặt hàng: Men môi C503; Số giấy phép sản xuất: Trang điểm Quảng Đông 20170110; Loại hình thương hiệu: Thương hiệu sản phẩm nội địa; Có xuất khẩu xuyên biên giới dành riêng cho nguồn hàng không: Là2; Nền tảng hạ lưu chính: Amazon, wish, AliExpress, Trạm độc lập, LAZADA, khác1; Màu sắc: 01 # Q","Hiệu quả: Chống nước, Không dễ khử màu, Nâng cao màu nước da; Thương hiệu: kakashow; Kết cấu: Mặt kính, Mờ, Sương mù mềm, Thủy quang; Thời hạn sử dụng: 3 năm; Xuất xứ: Quảng Châu; Quy cách: Thông số kỹ thuật bình thường; Có nhập khẩu không: Không; Thương hiệu riêng được ủy quyền: Có; Số mặt hàng: Men môi C503; Số giấy phép sản xuất: 粤妆20170110; Loại hình thương hiệu: Thương hiệu sản phẩm nội địa; Có xuất khẩu xuyên biên giới dành riêng cho nguồn hàng không: Có; Nền tảng hạ lưu chính: Amazon, wish, AliExpress, Trạm độc lập, LAZADA, Khác; Màu sắc: 01 # Quả đào ngọt ngào mâm xôi, 02 # Cà chua đườ",,
527356401351,beauty,"Kết cấu: Dưỡng ẩm3, mờ, Sương mù mềm, satin; Thương hiệu: BOB; Hiệu quả: Dưỡng ẩm1, tự nhiên, không thấm nước, Dưỡng ẩm2, sự đổi màu, Dễ lên màu, Nâng cao màu nước da, cốc chống dính; Loại hình thương hiệu: Thương hiệu sản phẩm nội địa; Màu sắc: B củ cải đỏ, C Lycopene; Có nhập khẩu không: Không.1; Quy cách: Thông số kỹ thuật bình thường; Số giấy phép sản xuất: Trang điểm Quảng Đông 20160331; Số mặt hàng: BOB-41038; Dòng sản phẩm: Thay đổi nhiệt độ; Hàm lượng tịnh: 3.4g; Xuất xứ: Trung Quốc; Có xuất khẩu xuyên biên giới dành riêng cho nguồn hàng không: Không.3; nhà máy nguồn: Xác thực, có hàng","Kết cấu: Dưỡng ẩm, Mờ, Sương mù mềm, satin; Thương hiệu: BOB; Hiệu quả: dưỡng ẩm, tự nhiên, Chống nước, Dưỡng ẩm, sự đổi màu, Dễ lên màu, Nâng cao màu nước da, cốc chống dính; Loại hình thương hiệu: Thương hiệu sản phẩm nội địa; Màu sắc: B củ cải đỏ, C Lycopene; Có nhập khẩu không: Không; Quy cách: Thông số kỹ thuật bình thường; Số giấy phép sản xuất: 粤妆20160331; Số mặt hàng: BOB-41038; Dòng sản phẩm: Thay đổi nhiệt độ; Khối lượng tịnh: 3.4g; Xuất xứ: Trung Quốc; Có xuất khẩu xuyên biên giới dành riêng cho nguồn hàng không: Không; Nhà máy nguồn: Xác thực, có hàng, tùy chỉnh, bán buôn, giao hộ;",,
896449079345,beauty,"Kết cấu: Nhung, Mờ, Sương mù mềm; Thương hiệu: HERORANGE; Hiệu quả: Không dễ khử màu, Dễ lên màu, Nâng cao màu nước da; Loại hình thương hiệu: Thương hiệu sản phẩm nội địa; Thương hiệu riêng được ủy quyền: Là1; Màu sắc: 01 # quả mơ sữa lạnh, 02 # nâu hạt dẻ lạnh, 03 # Đậu đỏ lạnh, 04 # nâu hồng lạnh, 05 # Vẻ đẹp lạnh lùng; Có nhập khẩu không: Không.1; Quy cách: Thông số kỹ thuật bình thường; Số giấy phép sản xuất: Trang điểm Quảng Đông 20190266; Số mặt hàng: R1000; Dòng sản phẩm: Son môi nhung mờ; Thời hạn sử dụng: 3 năm; Xuất xứ: Quảng Châu; Nền tảng hạ lưu chính: ebay, Amazon, wish, AliExpre","Kết cấu: Nhung, Mờ, Sương mù mềm; Thương hiệu: HERORANGE; Hiệu quả: Không dễ khử màu, Dễ lên màu, Nâng cao màu nước da; Loại hình thương hiệu: Thương hiệu sản phẩm nội địa; Thương hiệu riêng được ủy quyền: Có; Màu sắc: 01 # quả mơ sữa lạnh, 02 # nâu hạt dẻ lạnh, 03 # Đậu đỏ lạnh, 04 # nâu hồng lạnh, 05 # Vẻ đẹp lạnh lùng; Có nhập khẩu không: Không; Quy cách: Thông số kỹ thuật bình thường; Số giấy phép sản xuất: 粤妆20190266; Số mặt hàng: R1000; Dòng sản phẩm: Son môi nhung mờ; Thời hạn sử dụng: 3 năm; Xuất xứ: Quảng Châu; Nền tảng hạ lưu chính: ebay, Amazon, wish, AliExpress, Trạm độc lập, LAZAD",,
684468208524,beauty,"Hiệu quả mỹ phẩm: Dưỡng ẩm1, Dưỡng ẩm2; Thương hiệu: Chiết xuất băng; Hình thái sản phẩm: Màng thạch; Đám đông áp dụng: Thông dụng2; Loại hình thương hiệu: Thương hiệu sản phẩm nội địa; Có nhập khẩu không: Không.1; Loại da phù hợp: Thông dụng1, Nhạy cảm; Thời hạn sử dụng: 3 năm; Quy cách: Thông số kỹ thuật bình thường; Hàm lượng tịnh: 24340799387; Thông số kỹ thuật sản phẩm: Mặt nạ ngủ đông khô (4g * 20 miếng), Ice Skin Extract Mặt nạ ngủ sáng và mờ (4g x 20), Ice Skin Extract Mặt nạ ngủ sáng và mờ (4g x 100), Mặt nạ dưỡng ẩm dạng bột khô đông lạnh (4g * 20 miếng), Màng đá dưỡng ẩm đông khô fu","Hiệu quả mỹ phẩm: Dưỡng ẩm, Dưỡng ẩm; Thương hiệu: Bingfuzhicui; Hình thái sản phẩm: Màng thạch; Đối tượng sử dụng: Thông dụng; Loại hình thương hiệu: Thương hiệu sản phẩm nội địa; Có nhập khẩu không: Không; Loại da phù hợp: Thông dụng, Nhạy cảm; Thời hạn sử dụng: 3 năm; Quy cách: Thông số kỹ thuật bình thường; Khối lượng tịnh: 24340799387; Thông số kỹ thuật sản phẩm: Mặt nạ ngủ đông khô (4g * 20 miếng), Ice Skin Extract Mặt nạ ngủ sáng và mờ (4g x 20), Ice Skin Extract Mặt nạ ngủ sáng và mờ (4g x 100), Mặt nạ dưỡng ẩm dạng bột khô đông lạnh (4g * 20 miếng), Màng đá dưỡng ẩm đông khô fullerene",,
920849646479,beauty,"Hiệu quả mỹ phẩm: làm sạch sâu; thành phần: nước; Thương hiệu: Màu xanh da đẹp; Mức độ phồng rộp: Làm sạch bọt; Loại hình thương hiệu: Thương hiệu sản phẩm nội địa; Có nhập khẩu không: Không.1; Tên sản phẩm: Sữa Rửa Mặt Bùn Tuyết Lan Ji Mei An Ji Qing Tou; Đám đông áp dụng: 193124978871; Loại da phù hợp: Hỗn hợp; Số mặt hàng: CP003007; Quy cách: Thông số kỹ thuật bình thường1; Số giấy phép sản xuất: Trang điểm Quảng Đông 20200236; Thời hạn sử dụng: 3 năm; Xuất xứ: Tỉnh Quảng Đông; Hàm lượng tịnh: 193124978872; Các nền tảng hạ nguồn chính: ebay, Amazon, wish, AliExpress, Trạm độc lập, LAZADA; C","Hiệu quả mỹ phẩm: Làm sạch sâu; Thành phần: Nước; Thương hiệu: Lanjimei; Độ tạo bọt: Làm sạch bọt; Loại hình thương hiệu: Thương hiệu sản phẩm nội địa; Có nhập khẩu không: Không; Tên sản phẩm: Sữa Rửa Mặt Bùn Tuyết Lan Ji Mei An Ji Qing Tou; Đối tượng sử dụng: [SĐT]; Loại da phù hợp: Hỗn hợp; Số mặt hàng: CP003007; Quy cách: Thông số kỹ thuật bình thường; Số giấy phép sản xuất: 粤妆20200236; Thời hạn sử dụng: 3 năm; Xuất xứ: Quảng Đông; Khối lượng tịnh: [SĐT]; Nền tảng hạ lưu chính: ebay, Amazon, wish, AliExpress, Trạm độc lập, LAZADA; Thương hiệu riêng được ủy quyền: Có; Có xuất khẩu xuyên biên",,
991127590276,beauty,"Hiệu quả thẩm mỹ: Dưỡng ẩm1, dưỡng ẩm2, Da mềm mại; Thành phần: Niacinamide; thương hiệu: WNNR; Độ tạo bọt: Rửa mặt bằng bọt; Loại thương hiệu: Thương hiệu nội địa; Có nên nhập khẩu không: không1; Những người áp dụng: phổ quát1; Phù hợp với loại da: phổ quát2; Mã sản phẩm: 6977092093798; Thông số kỹ thuật: Thông số kỹ thuật bình thường1; Số giấy phép sản xuất: Trang điểm Cantonese 20161348; thời hạn sử dụng: 3 năm; nguồn gốc: Quảng Châu; Nội dung tịnh: 120; Có cung cấp đặc biệt hàng hóa xuất khẩu xuyên biên giới hay không: không2; Thông số kỹ thuật sản phẩm: [Thành phần nâng cấp] Sữa rửa mặt l","Hiệu quả mỹ phẩm: dưỡng ẩm, Dưỡng ẩm, Làm mềm da; Thành phần: Niacinamide; Thương hiệu: WNNR; Độ tạo bọt: Làm sạch bọt; Loại hình thương hiệu: Thương hiệu sản phẩm nội địa; Có nhập khẩu không: Không; Đối tượng sử dụng: Thông dụng; Loại da phù hợp: Thông dụng; Số mặt hàng: 6977092093798; Quy cách: Thông số kỹ thuật bình thường; Số giấy phép sản xuất: 粤妆20161348; Thời hạn sử dụng: 3 năm; Xuất xứ: Quảng Châu; Khối lượng tịnh: 120; Có xuất khẩu xuyên biên giới dành riêng cho nguồn hàng không: Không; Thông số kỹ thuật sản phẩm: [Thành phần nâng cấp] Sữa rửa mặt làm trắng và giảm vết thâm 377, 377 s",,
970068097273,electronics,"Loại chip: Zhongke Lanxun; Chức năng: Tuổi thọ pin siêu dài, Chức năng gọi, Điều khiển bằng giọng nói, Hỗ trợ âm nhạc; Tuổi thọ pin: hơn 8 giờ; thương hiệu: trung lập; Hiệu suất chống thấm nước: cuộc sống không thấm nước; vật liệu: Silicon; Phương thức sử dụng: Gắn tai; Giao thức Bluetooth: 5.4; Dù là tai đơn hay tai đôi: Âm thanh nổi song phương2; màu sắc: [Màu đen đậm ◆ Phiên bản King Fried] Chip 4 nhân 5.49 + truyền âm thanh định hướng và giảm tiếng ồn mà không rò rỉ âm thanh + hiệu ứng âm thanh toàn cảnh không bị mất Dolby nghìn nhân dân tệ + độ trễ cảm giác bằng 0 trong các cuộc gọi thể t","Loại chip: Zhongke Lanxun; Chức năng: Thời lượng pin siêu dài, Chức năng gọi, Điều khiển bằng giọng nói, Hỗ trợ âm nhạc; Thời lượng pin: 8 giờ trở lên; Thương hiệu: Không thương hiệu; Hiệu suất chống nước: Chống nước sinh hoạt; Chất liệu: Silicon; Cách sử dụng: Kiểu đeo tai; Giao thức bluetooth: 5.4; Có phải đôi tai đơn không: Âm thanh nổi song phương; Loại khuôn: Khuôn riêng; Phong cách: Thiết kế sáng tạo",,
907664283098,electronics,"Loại chip: Zhongke Blue News; Chức năng: Chống nước, Giảm tiếng ồn, Đèn thở, Thời lượng pin siêu dài, Chức năng gọi, Điều khiển bằng giọng nói, Hỗ trợ âm nhạc, Màn hình hiển thị kỹ thuật số; Thời lượng pin: 0-4 giờ; Thương hiệu: Trung tính; Hiệu suất chống nước: IPX5; Chất liệu: PC+ABS; Cách sử dụng: Kiểu kẹp tai1; Phạm vi truyền tải: 10 mét; Giao thức Bluetooth: 5.3; Có phải đôi tai đơn không: Âm thanh nổi song phương; Màu sắc: Màu đen, Màu da, Màu trắng; Nền tảng hạ lưu chính: ebay, Amazon, wish, AliExpress, Trạm độc lập, LAZADA; Khu vực bán hàng chính: Châu Phi, Châu Âu, Nam Mỹ, Đông Nam Á,","Loại chip: Zhongke Lanxun; Chức năng: Chống nước, Giảm tiếng ồn, Đèn thở, Thời lượng pin siêu dài, Chức năng gọi, Điều khiển bằng giọng nói, Hỗ trợ âm nhạc, Màn hình hiển thị kỹ thuật số; Thời lượng pin: 0-4 giờ; Thương hiệu: Không thương hiệu; Hiệu suất chống nước: IPX5; Chất liệu: PC+ABS; Cách sử dụng: Kiểu kẹp tai; Phạm vi truyền tải: 10 mét; Giao thức bluetooth: 5.3; Có phải đôi tai đơn không: Âm thanh nổi song phương; Màu sắc: Màu đen, màu da, Màu trắng; Nền tảng hạ lưu chính: ebay, Amazon, wish, AliExpress, Trạm độc lập, LAZADA; Khu vực bán hàng chính: Châu Phi, Châu Âu, Nam Mỹ, Đông Nam",,
830337988614,electronics,"Loại chip: Jie Li; Chức năng: Chức năng gọi, Hỗ trợ âm nhạc, Thể thao điện tử độ trễ thấp; Thời lượng pin: 4-8 giờ; Thương hiệu: Trung tính; Hiệu suất chống nước: Chống thấm nước trọn đời; Chất liệu: PC+ABS; Cách sử dụng: Trong tai; Phạm vi truyền tải: 15m; Giao thức Bluetooth: 5.3; Có phải đôi tai đơn không: Âm thanh nổi song phương; Màu sắc: Bộ hoàn chỉnh Pro6/trắng (Jeli hậu mãi thấp), Bộ hoàn chỉnh Pro6/đen (Jeli hậu mãi thấp); Nền tảng hạ lưu chính: ebay, Amazon, wish, AliExpress, Trạm độc lập, LAZADA; Khu vực bán hàng chính: Châu Phi, Châu Âu, Nam Mỹ, Đông Nam Á, Bắc Mỹ, Đông Bắc Á, Trun","Loại chip: Jie Li; Chức năng: Chức năng gọi, Hỗ trợ âm nhạc, Thể thao điện tử độ trễ thấp; Thời lượng pin: 4-8 giờ; Thương hiệu: Không thương hiệu; Hiệu suất chống nước: Chống nước sinh hoạt; Chất liệu: PC+ABS; Cách sử dụng: Trong tai; Phạm vi truyền tải: 15 mét; Giao thức bluetooth: 5.3; Có phải đôi tai đơn không: Âm thanh nổi song phương; Màu sắc: Bộ hoàn chỉnh Pro6/trắng (Jeli hậu mãi thấp), Bộ hoàn chỉnh Pro6/đen (Jeli hậu mãi thấp); Nền tảng hạ lưu chính: ebay, Amazon, wish, AliExpress, Trạm độc lập, LAZADA; Khu vực bán hàng chính: Châu Phi, Châu Âu, Nam Mỹ, Đông Nam Á, Bắc Mỹ, Đông Bắc Á",,
994387606080,electronics,"Loại chip: Jerry; Chức năng: ánh sáng thở, Tuổi thọ pin dài, Chức năng gọi, Hỗ trợ âm nhạc, Thể thao điện tử có độ trễ thấp; Tuổi thọ pin: 4-8 giờ; thương hiệu: Borofone; Hiệu suất chống thấm nước: Không hỗ trợ chống thấm nước; vật liệu: ABS; Cách sử dụng: Gắn trên đầu; Phạm vi truyền dẫn: 10m; Giao thức Bluetooth: 5.4; Dù là tai đơn hay tai đôi: Âm thanh nổi song phương; màu sắc: W65 Plus màu xám không gian [Phiên bản giảm tiếng ồn ANC], W65 Plus Silver [Phiên bản giảm tiếng ồn ANC], W65 Plus Starlight Color [Phiên bản giảm tiếng ồn ANC], W65 Plus Blue [Phiên bản giảm tiếng ồn ANC], W65 Plus ","Loại chip: Jie Li; Chức năng: Đèn thở, Thời lượng pin siêu dài, Chức năng gọi, Hỗ trợ âm nhạc, Thể thao điện tử độ trễ thấp; Thời lượng pin: 4-8 giờ; Thương hiệu: Borofone; Hiệu suất chống nước: Không hỗ trợ chống thấm nước; Chất liệu: ABS; Cách sử dụng: Kiểu đeo đầu; Phạm vi truyền tải: 10 mét; Giao thức bluetooth: 5.4; Có phải đôi tai đơn không: Âm thanh nổi song phương; Màu sắc: W65 Plus màu xám không gian [Phiên bản giảm tiếng ồn ANC], W65 Plus Silver [Phiên bản giảm tiếng ồn ANC], W65 Plus Starlight Color [Phiên bản giảm tiếng ồn ANC], W65 Plus Blue [Phiên bản giảm tiếng ồn ANC], W65 Plus",,
934155955958,bags,"Chất liệu: PVC; Túi xách kiểu dáng thời thượng: Túi tote; Kích thước túi: Trong; Kết cấu lót: Không có lớp lót; Thương hiệu: Khác; Yếu tố phổ biến: Mẫu bện; Độ cứng: Cứng trung bình; Màu sắc: Túi tre màu cà phê 30*20, Túi tre dachshund 30*20, Túi Tre Hình Chó Bong Bóng 30*20, Túi tre đựng chó sọc 30*20, Túi Tre Đỏ Hình Chó Red Hat, Kích Thước 30x20, Túi tre đựng đồ hình chó ""HAPPY"" kích thước 30*20, Túi tre Dalmatian 30*20, Tay cầm tre nhiều màu sắc 30*20, Túi tre dachshund nhiều màu 30*20, Túi tre đựng đồ cho chó, họa tiết sọc nhiều màu, kích thước 30x20 cm., Túi Tre Hình Chó Bong Bóng Nhiều ","Chất liệu: PVC; Túi xách kiểu dáng thời thượng: Túi tote; Kích thước túi: Vừa; Kết cấu lót: Không có lớp lót bên trong; Thương hiệu: Khác; Yếu tố phổ biến: Mẫu bện; Độ cứng: Cứng trung bình; Màu sắc: Túi tre màu cà phê 30*20, Túi tre dachshund 30*20, Túi Tre Hình Chó Bong Bóng 30*20, Túi tre đựng chó sọc 30*20, Túi Tre Đỏ Hình Chó Red Hat, Kích Thước 30x20, Túi tre đựng đồ hình chó ""HAPPY"" kích thước 30*20, Túi tre Dalmatian 30*20, Tay cầm tre nhiều màu sắc 30*20, Túi tre dachshund nhiều màu 30*20, Túi tre đựng đồ cho chó, họa tiết sọc nhiều màu, kích thước 30x20 cm, Túi Tre Hình Chó Bong Bóng",,
858250544056,bags,"Vật liệu: PU; Phong cách hành lý hợp thời trang: túi sát thủ; Kích thước túi: lớn; Kết cấu lót: polyester; thương hiệu: không có gì; Yếu tố phổ biến: mô hình cá sấu; độ cứng: Trung bình đến khó; màu sắc: đen, rượu vang đỏ, quần kaki, màu xanh hoàng gia, Màu vàng đất; phong cách: sự đơn giản của đô thị; Số mặt hàng: 604; Năm và mùa ra mắt: Mùa xuân năm 2025; Hình dạng túi: Hình vuông nằm ngang; Phương pháp mở: dây kéo; Cấu trúc bên trong của túi: Túi ẩn có khóa kéo, túi đựng giấy tờ tùy thân, Túi dây kéo nhiều lớp; Loại túi bên ngoài: Túi đào; Có những thương hiệu tư nhân được cấp phép.: KHÔNG;","Chất liệu: PU; Túi xách kiểu dáng thời thượng: túi sát thủ; Kích thước túi: lớn; Kết cấu lót: Polyester; Thương hiệu: Không thương hiệu; Yếu tố phổ biến: mô hình cá sấu; Độ cứng: Cứng trung bình; Màu sắc: Màu đen, Màu đỏ rượu, Màu kaki, Màu xanh ngọc, Màu vàng đất; Phong cách: Đơn giản đô thị; Số mặt hàng: 604; Năm/mùa ra mắt: Mùa xuân năm 2025; Hình dạng túi: Kiểu ngang hình vuông; Cách mở nắp: Khóa kéo; Cấu trúc bên trong gói: Túi ẩn khóa kéo, Túi đựng giấy tờ, Túi khóa kéo xen kẽ; Loại túi bên ngoài: Túi đào; Thương hiệu riêng được ủy quyền: Không; Có ngăn phụ không: Có; Kích thước: 25*12*1",,
968441212394,bags,"Vật liệu: P.U.; Kiểu túi hợp thời trang: túi vuông nhỏ; Đặc điểm da: Da vải thiều; Kích thước túi: nhỏ; Yếu tố phổ biến: thư, Chỉ khâu, kẻ sọc; Phương pháp mở: dây kéo; Kết cấu lót: polyester; thương hiệu: khác; màu sắc: Phong cách tròn; phong cách: Phong cách giản dị; Mã sản phẩm: 174; Năm và mùa ra mắt: Mùa xuân năm 2025; Hình dạng túi: Hình vuông ngang; Cấu trúc bên trong của túi: Túi ẩn có khóa kéo, Túi dây kéo nhiều lớp; độ cứng: Trung bình đến mềm; Loại túi bên ngoài: Túi vá bên trong; Có những thương hiệu tư nhân được cấp phép.: KHÔNG; Có hoặc không có gác lửng: có; Số lượng dây đeo vai","Chất liệu: P.U.; Túi xách kiểu dáng thời thượng: Túi vuông nhỏ; Đặc điểm da: Da vải thiều; Kích thước túi: Nhỏ; Yếu tố phổ biến: Chữ cái, Chỉ khâu xe, Kẻ caro; Cách mở nắp: Khóa kéo; Kết cấu lót: Polyester; Thương hiệu: Khác; Màu sắc: Phong cách tròn; Phong cách: Phong cách giản dị; Số mặt hàng: 174; Năm/mùa ra mắt: Mùa xuân năm 2025; Hình dạng túi: Kiểu ngang hình vuông; Cấu trúc bên trong gói: Túi ẩn khóa kéo, Túi khóa kéo xen kẽ; Độ cứng: Trung bình đến mềm; Loại túi bên ngoài: Túi dán bên trong; Thương hiệu riêng được ủy quyền: Không; Có ngăn phụ không: Có; Số dây đeo vai: Một dây; Dịp sử ",,
865075140075,bags,"Chất liệu: PU; Túi xách kiểu dáng thời thượng: Túi tote; Kích thước túi: Nhỏ; Kết cấu lót: Polyester; Thương hiệu: Khác2; Yếu tố phổ biến: Chỉ khâu xe; Độ cứng: Mềm trung bình; Màu sắc: Nâng cấp viền dầu chất lượng cao màu hồng, Mẫu đồ trang trí màu hồng chất lượng cao; Phong cách: Sành điệu đường phố; Số mặt hàng: YT-0020; Mùa năm niêm yết: Mùa xuân năm 2026; Hình dạng túi: Hình thùng nước; Cách mở nắp: Khóa kéo; Cấu trúc bên trong gói: Túi đựng điện thoại; Loại túi bên ngoài: Khác1; Thương hiệu riêng được ủy quyền: Không.; Có lớp xen kẽ không: Không có; Kích thước: Không hộp quà; Kịch bản áp","Chất liệu: PU; Túi xách kiểu dáng thời thượng: Túi tote; Kích thước túi: Nhỏ; Kết cấu lót: Polyester; Thương hiệu: Khác; Yếu tố phổ biến: Chỉ khâu xe; Độ cứng: Trung bình đến mềm; Màu sắc: Nâng cấp viền dầu chất lượng cao màu hồng, Mẫu đồ trang trí màu hồng chất lượng cao; Phong cách: Sành điệu đường phố; Số mặt hàng: YT-0020; Năm/mùa ra mắt: Mùa xuân năm 2026; Hình dạng túi: Hình thùng nước; Cách mở nắp: Khóa kéo; Cấu trúc bên trong gói: Túi đựng điện thoại; Loại túi bên ngoài: Khác; Thương hiệu riêng được ủy quyền: Không; Có ngăn phụ không: Không có; Kích thước: Không hộp quà; Dịp sử dụng: P",,
938706203969,bags,"Chất liệu: PC; 开盖方式: 锁扣; Kiểu dáng con lăn: Bánh đa năng; Chức năng: Thoáng khí, Siêu nhẹ, Mở rộng; Các loại khóa: Khóa mật khẩu thông thường; Kết cấu lót: Polyester; Số mặt hàng: Khác1; Giới tính áp dụng: Nam; Thương hiệu: Gian hàng Qing Mi; Hoa văn: Màu trơn; Phong cách: Du lịch giải trí1; Màu sắc: Màu trắng, Màu bạc, Màu xám đậm, Màu đỏ rượu, Màu đen, Màu vàng hồng, Màu vàng, Màu xanh lá, Màu xanh lam; Kích thước: 20 inch [chất lượng trung tâm mua sắm, cứng và dày, hộp miễn phí], 22 inch [Chất lượng trung tâm mua sắm, cứng và dày, hộp miễn phí], 24 inch [chất lượng trung tâm mua sắm, cứng v","Chất liệu: PC; Cách mở nắp: Móc khóa; Kiểu dáng con lăn: Bánh đa năng; Chức năng: Thoáng khí, Siêu nhẹ, Mở rộng; Các loại khóa: Khóa mật khẩu thông thường; Kết cấu lót: Polyester; Số mặt hàng: Khác; Giới tính áp dụng: Nam; Thương hiệu: Qingmige; Hoa văn: Màu trơn; Phong cách: Du lịch giải trí; Màu sắc: Màu trắng, Màu bạc, Màu xám đậm, Màu đỏ rượu, Màu đen, Màu vàng hồng, màu vàng, Màu xanh lá, Màu xanh lam; Kích thước: 20 inch [chất lượng trung tâm mua sắm, cứng và dày, hộp miễn phí], 22 inch [Chất lượng trung tâm mua sắm, cứng và dày, hộp miễn phí], 24 inch [chất lượng trung tâm mua sắm, cứng",,
809252926643,beauty,"Hiệu quả mỹ phẩm: Tác dụng khác, Săn chắc; Thương hiệu: Bei Lingmei; Hình thái sản phẩm: Mặt nạ xé; Đám đông áp dụng: Thông dụng2; Loại hình thương hiệu: Thương hiệu sản phẩm nội địa; Có nhập khẩu không: Không.1; Loại da phù hợp: Thông dụng1, Hỗn hợp; Thời hạn sử dụng: 3 năm; Quy cách: Thông số kỹ thuật bình thường; Hàm lượng tịnh: 100ml/g; Thông số kỹ thuật sản phẩm: Mặt nạ xé chống nhăn Bei Lingmei hexapeptide 80g, Mặt nạ xé vàng Bei Lingmei 80g; Có xuất khẩu xuyên biên giới dành riêng cho nguồn hàng không: Không.3; Số hồ sơ mỹ phẩm không đặc biệt: Quảng Đông g trang điểm mạng chuẩn bị ký tự","Hiệu quả mỹ phẩm: Tác dụng khác, Săn chắc; Thương hiệu: Beilingmei; Hình thái sản phẩm: Mặt nạ xé; Đối tượng sử dụng: Thông dụng; Loại hình thương hiệu: Thương hiệu sản phẩm nội địa; Có nhập khẩu không: Không; Loại da phù hợp: Thông dụng, Hỗn hợp; Thời hạn sử dụng: 3 năm; Quy cách: Thông số kỹ thuật bình thường; Khối lượng tịnh: 100ml/g; Thông số kỹ thuật sản phẩm: Mặt nạ xé chống nhăn Bei Lingmei hexapeptide 80g, Mặt nạ xé vàng Bei Lingmei 80g; Có xuất khẩu xuyên biên giới dành riêng cho nguồn hàng không: Không; Số hồ sơ mỹ phẩm không đặc biệt: 粤g妆网备字2023227667; Số mặt hàng: D1BLM22936; Mỹ ph",,
852519623237,beauty,"Hiệu quả thẩm mỹ: Dưỡng ẩm và dưỡng ẩm; Thương hiệu: Chỉ biết ghen tị; Loại da áp dụng: Dầu, khô, hỗn hợp; Loại thương hiệu: Thương hiệu nội địa; Người áp dụng: quý cô; Nó có được nhập khẩu không?: Không; Thông số kỹ thuật: Thông số kỹ thuật bình thường; Số giấy phép sản xuất: Trang điểm Quảng Đông 20170411; Thời hạn sử dụng: 3 năm; Nội dung ròng: 30ml; Thông số kỹ thuật sản phẩm: [5 miếng/hộp] Mặt nạ băng đen làm trắng và chống tàn nhang, [Một miếng 30ml] Mặt nạ băng đen làm trắng và chống tàn nhang; Các nền tảng hạ nguồn chính: Amazon, AliExpress, Trạm độc lập; Có những thương hiệu riêng có ","Hiệu quả mỹ phẩm: Dưỡng ẩm; Thương hiệu: Weidu; Loại da phù hợp: Dầu, Khô, Hỗn hợp; Loại hình thương hiệu: Thương hiệu sản phẩm nội địa; Đối tượng sử dụng: Nữ; Có nhập khẩu không: Không; Quy cách: Thông số kỹ thuật bình thường; Số giấy phép sản xuất: 粤妆20170411; Thời hạn sử dụng: 3 năm; Khối lượng tịnh: 30ml; Thông số kỹ thuật sản phẩm: [5 miếng/hộp] Mặt nạ băng đen làm trắng và chống tàn nhang, [Một miếng 30ml] Mặt nạ băng đen làm trắng và chống tàn nhang; Nền tảng hạ lưu chính: Amazon, AliExpress, Trạm độc lập; Thương hiệu riêng được ủy quyền: Có; Có xuất khẩu xuyên biên giới dành riêng cho ",,
917518824163,beauty,"Hiệu quả thẩm mỹ: Các hiệu ứng khác; Thương hiệu: KISSMWAH; Loại da phù hợp: Trung tính, Hỗn hợp; Loại hình thương hiệu: Thương hiệu sản phẩm nội địa; Đám đông áp dụng: Tổng quan; Có nhập khẩu không: Không.1; Quy cách: Thông số kỹ thuật bình thường; Số giấy phép sản xuất: Trang điểm Quảng Đông 20230009; Thời hạn sử dụng: 3 năm; Hàm lượng tịnh: 30ml * 5 miếng; Thông số kỹ thuật sản phẩm: KISSMWAH Bose Yinqin Moisturizing Anti-Wrinkle Essence Mask-Đóng hộp 30ml × 5 miếng; Có xuất khẩu xuyên biên giới dành riêng cho nguồn hàng không: Không.2; Xuất xứ: Quảng Đông; Số mặt hàng: NO.KMW66336; Số hồ s","Hiệu quả mỹ phẩm: Tác dụng khác; Thương hiệu: KISSMWAH; Loại da phù hợp: Trung tính, Hỗn hợp; Loại hình thương hiệu: Thương hiệu sản phẩm nội địa; Đối tượng sử dụng: Thông dụng; Có nhập khẩu không: Không; Quy cách: Thông số kỹ thuật bình thường; Số giấy phép sản xuất: 粤妆20230009; Thời hạn sử dụng: 3 năm; Khối lượng tịnh: 30ml * 5 miếng; Thông số kỹ thuật sản phẩm: KISSMWAH Bose Yinqin Moisturizing Anti-Wrinkle Essence Mask-Đóng hộp 30ml × 5 miếng; Có xuất khẩu xuyên biên giới dành riêng cho nguồn hàng không: Không; Xuất xứ: Quảng Đông; Số mặt hàng: NO.KMW66336; Số hồ sơ mỹ phẩm không đặc biệt:",,
621547779075,beauty,"Chất liệu: Nhựa; Thương hiệu: Khác2; Hiệu quả: Tuân thủ; Thời hạn sử dụng: 36 tháng; Số lượng đóng gói: 100 miếng; Danh mục sản phẩm: khác1; Có nhập khẩu không: Không.1; Số mặt hàng: 002; Kích thước: 26*25; Xuất xứ: Trung Quốc; Phân loại màu sắc: 100 miếng/gói mặt nạ thanh toán, 100 miếng/gói mặt nạ Baizisheng, 100 miếng/gói mặt nạ bìa cứng (có lỗ treo), Miếng dán mặt nạ bìa cứng Duo Meiyue 100 miếng/gói (không có lỗ treo); Phù hợp với loại da: /; Có xuất khẩu xuyên biên giới dành riêng cho nguồn hàng không: Không.2","Chất liệu: Nhựa; Thương hiệu: Khác; Hiệu quả: Tuân thủ; Thời hạn sử dụng: 36 tháng; Số lượng đóng gói: 100 miếng; Danh mục sản phẩm: Khác; Có nhập khẩu không: Không; Số mặt hàng: 002; Kích thước: 26*25; Xuất xứ: Trung Quốc; Phân loại màu sắc: 100 miếng/gói mặt nạ thanh toán, 100 miếng/gói mặt nạ Baizisheng, 100 miếng/gói mặt nạ bìa cứng (có lỗ treo), Miếng dán mặt nạ bìa cứng Duo Meiyue 100 miếng/gói (không có lỗ treo); Có xuất khẩu xuyên biên giới dành riêng cho nguồn hàng không: Không",,
972854096298,beauty,"Hiệu quả thẩm mỹ: Kiểm soát dầu, mụn trứng cá, Làm sạch sâu1; thành phần: glyxerin; thương hiệu: Văn Xiya; Độ tạo bọt: Bọt làm sạch; Loại thương hiệu: Thương hiệu nội địa; Có nên nhập khẩu hay không: KHÔNG1; Người áp dụng: người bình thường; Loại da áp dụng: sự lai chung; Mã sản phẩm: D1BLM12263; đặc điểm kỹ thuật: Thông số kỹ thuật bình thường; Số giấy phép sản xuất: Trang điểm Cantonese 20230064; thời hạn sử dụng: 3 năm; Xuất xứ: Quảng Châu; nội dung ròng: 150; Các nền tảng hạ lưu chính: amazon, mong muốn, AliExpress, Trạm độc lập, LAZADA; Có những thương hiệu tư nhân được cấp phép.: là1; Có","Hiệu quả mỹ phẩm: Kiểm soát dầu, mụn trứng cá, Làm sạch sâu; Thành phần: glycerin; Thương hiệu: Wanxiya; Độ tạo bọt: Làm sạch bọt; Loại hình thương hiệu: Thương hiệu sản phẩm nội địa; Có nhập khẩu không: Không; Đối tượng sử dụng: người bình thường; Loại da phù hợp: Hỗn hợp; Số mặt hàng: D1BLM12263; Quy cách: Thông số kỹ thuật bình thường; Số giấy phép sản xuất: 粤妆20230064; Thời hạn sử dụng: 3 năm; Xuất xứ: Quảng Châu; Khối lượng tịnh: 150; Nền tảng hạ lưu chính: Amazon, mong muốn, AliExpress, Trạm độc lập, LAZADA; Thương hiệu riêng được ủy quyền: Có; Có xuất khẩu xuyên biên giới dành riêng cho",,
679854286545,beauty,"Hiệu quả mỹ phẩm: Làm sạch sâu; Thành phần: Glycerin; Thương hiệu: Boquanya; Mức độ phồng rộp: Làm sạch bọt; Loại hình thương hiệu: Thương hiệu sản phẩm nội địa; Có nhập khẩu không: Không.1; Tên sản phẩm: Sữa rửa mặt nam Boquanya và sữa rửa mặt mát mẻ; Đám đông áp dụng: Người bình thường; Loại da phù hợp: Thông dụng; Số mặt hàng: NO.BQY95249 95218 95270 95225 00866 09203; Quy cách: Thông số kỹ thuật bình thường1; Số giấy phép sản xuất: Trang điểm Quảng Đông 20170506; Thời hạn sử dụng: 3 năm; Xuất xứ: Quảng Đông; Hàm lượng tịnh: 25039256582; Nền tảng hạ lưu chính: Amazon, AliExpress; Thương hiệ","Hiệu quả mỹ phẩm: Làm sạch sâu; Thành phần: glycerin; Thương hiệu: Poquanya; Độ tạo bọt: Làm sạch bọt; Loại hình thương hiệu: Thương hiệu sản phẩm nội địa; Có nhập khẩu không: Không; Tên sản phẩm: Sữa rửa mặt nam Boquanya và sữa rửa mặt mát mẻ; Đối tượng sử dụng: người bình thường; Loại da phù hợp: Thông dụng; Số mặt hàng: NO.BQY95249 95218 95270 95225 00866 09203; Quy cách: Thông số kỹ thuật bình thường; Số giấy phép sản xuất: 粤妆20170506; Thời hạn sử dụng: 3 năm; Xuất xứ: Quảng Đông; Khối lượng tịnh: 25039256582; Nền tảng hạ lưu chính: Amazon, AliExpress; Thương hiệu riêng được ủy quyền: Có; ",,
671884965941,beauty,"Hiệu quả mỹ phẩm: Kiểm soát dầu, Dưỡng ẩm, Làm sạch sâu, Làm mềm da; Thành phần: Chìa khóa đen hexapeptide tinh chất; Thương hiệu: MNADUO; Mức độ phồng rộp: Làm sạch bọt; Loại hình thương hiệu: Thương hiệu nội địa; Có nhập khẩu không: Không.1; Tên sản phẩm: Sữa rửa mặt tinh chất Hexapeptide-8 MNADUO Black Key; Đám đông áp dụng: Nữ, Nam giới, Đám đông nói chung; Loại da phù hợp: Trung tính, Dầu, Hỗn hợp; Quy cách: Thông số kỹ thuật bình thường; Số giấy phép sản xuất: Trang điểm Quảng Đông 20180088; Thời hạn sử dụng: 3 năm; Xuất xứ: Quảng Châu; Hàm lượng tịnh: 500; Có xuất khẩu xuyên biên giới d","Hiệu quả mỹ phẩm: Kiểm soát dầu, Dưỡng ẩm, Làm sạch sâu, Làm mềm da; Thành phần: Chìa khóa đen hexapeptide tinh chất; Thương hiệu: MNADUO; Độ tạo bọt: Làm sạch bọt; Loại hình thương hiệu: Thương hiệu sản phẩm nội địa; Có nhập khẩu không: Không; Tên sản phẩm: Sữa rửa mặt tinh chất Hexapeptide-8 MNADUO Black Key; Đối tượng sử dụng: Nữ, Nam giới, người bình thường; Loại da phù hợp: Trung tính, Dầu, Hỗn hợp; Quy cách: Thông số kỹ thuật bình thường; Số giấy phép sản xuất: 粤妆20180088; Thời hạn sử dụng: 3 năm; Xuất xứ: Quảng Châu; Khối lượng tịnh: 500; Có xuất khẩu xuyên biên giới dành riêng cho nguồ",,
992163412206,electronics,"loại chip: Khác; chức năng: Mở, Nhỏ và di động, Micrô độc lập, Tuổi thọ pin siêu dài, Cuộc gọi HD; Tuổi thọ pin: 4-8 giờ; thương hiệu: /; Hiệu suất chống thấm nước: Không thấm nước; vật liệu: nhựa; Cách sử dụng: Trên tai; Giao thức Bluetooth: 1.1; màu sắc: Tai nghe Bluetooth một bên tai [kiểu dáng doanh nhân] - pin siêu trâu - kiểu dáng ngẫu nhiên.; Nguồn được cấp bằng sáng chế?: không1; Loại khuôn: mô hình công cộng; Nó có thông minh không?: không thông minh; phong cách: Phong cách đơn giản; Ủy quyền IP: Có hay Không?: không2","Loại chip: Khác; Chức năng: Mở, Nhỏ và di động, Micrô độc lập, Thời lượng pin siêu dài, Cuộc gọi HD; Thời lượng pin: 4-8 giờ; Hiệu suất chống nước: Không hỗ trợ chống thấm nước; Chất liệu: Nhựa; Cách sử dụng: Trên tai; Giao thức bluetooth: 1.1; Màu sắc: Tai nghe Bluetooth một bên tai [kiểu dáng doanh nhân] - pin siêu trâu - kiểu dáng ngẫu nhiên; Có phải là nguồn cấp bằng sáng chế không: Không; Loại khuôn: Khuôn mẫu; Nó có thông minh không: không thông minh; Phong cách: Phong cách tối giản; Ủy quyền ip: có hay không: Không",,
831826951618,electronics,"loại chip: Zhongke Lanxun; Chức năng: Tuổi thọ pin dài, Chức năng gọi, điều khiển bằng giọng nói, Hỗ trợ âm nhạc, Màn hình hiển thị kỹ thuật số, khác1; Tuổi thọ pin: 4-8 giờ; Thương hiệu: trung lập; Hiệu suất chống thấm nước: IPX4; Chất liệu: PC+ABS; Cách sử dụng: Loại kẹp tai; Phạm vi truyền dẫn: 15m; Giao thức Bluetooth: 5.4; Đây có phải là một đôi tai không?: Âm thanh nổi song phương; màu sắc: M79 tím, Màu M79, Màu da M79, M91 tím, Màu M91, Màu da M91; Nền tảng hạ lưu chính: wish, AliExpress, Trạm độc lập, LAZADA, khác2; Khu vực bán hàng chính: Nam Mỹ, Đông Nam Á, Bắc Mỹ, Đông Bắc Á, Trung ","Loại chip: Zhongke Lanxun; Chức năng: Thời lượng pin siêu dài, Chức năng gọi, Điều khiển bằng giọng nói, Hỗ trợ âm nhạc, Màn hình hiển thị kỹ thuật số, Khác; Thời lượng pin: 4-8 giờ; Thương hiệu: Không thương hiệu; Hiệu suất chống nước: IPX4; Chất liệu: PC+ABS; Cách sử dụng: Kiểu kẹp tai; Phạm vi truyền tải: 15 mét; Giao thức bluetooth: 5.4; Có phải đôi tai đơn không: Âm thanh nổi song phương; Màu sắc: M79 tím, Màu M79, Màu da M79, M91 tím, Màu M91, Màu da M91; Nền tảng hạ lưu chính: wish, AliExpress, Trạm độc lập, LAZADA, Khác; Khu vực bán hàng chính: Nam Mỹ, Đông Nam Á, Bắc Mỹ, Đông Bắc Á, T",,
862842522996,electronics,"Loại chip: Zhongke Blue News; Chức năng: Giảm tiếng ồn, Dẫn truyền xương, Đèn thở, Thời lượng pin siêu dài, Chức năng gọi, Chức năng NFC, Điều khiển bằng giọng nói, Hỗ trợ âm nhạc, Màn hình hiển thị kỹ thuật số, Thể thao điện tử độ trễ thấp, Khác; Thời lượng pin: 4-8 giờ; Thương hiệu: Thành phố Ruida; Hiệu suất chống nước: Cuộc sống không thấm nước; Chất liệu: Silicon; Cách sử dụng: Kiểu đeo tai; Phạm vi truyền tải: 10 mét; Giao thức Bluetooth: 5.4; Có phải đôi tai đơn không: Âm thanh nổi song phương; Màu sắc: AI-M76 Đen Tối AI Library Phiên Bản Dịch [Ultimate Edition] (Một màu, lô tối thiểu 1","Loại chip: Zhongke Lanxun; Chức năng: Giảm tiếng ồn, Dẫn truyền xương, Đèn thở, Thời lượng pin siêu dài, Chức năng gọi, Chức năng NFC, Điều khiển bằng giọng nói, Hỗ trợ âm nhạc, Màn hình hiển thị kỹ thuật số, Thể thao điện tử độ trễ thấp, Khác; Thời lượng pin: 4-8 giờ; Thương hiệu: Chengruida; Hiệu suất chống nước: Chống nước sinh hoạt; Chất liệu: Silicon; Cách sử dụng: Kiểu đeo tai; Phạm vi truyền tải: 10 mét; Giao thức bluetooth: 5.4; Có phải đôi tai đơn không: Âm thanh nổi song phương; Màu sắc: AI-M76 Đen Tối AI Library Phiên Bản Dịch [Ultimate Edition] (Một màu, lô tối thiểu 100 cái), AI-M",,
1000971660466,electronics,"Loại chip: Zhongke Lanxun; Chức năng: âm thanh nổi, Tuổi thọ pin dài, Chức năng gọi, 360 ° Âm thanh vòm, Truyền dẫn lossless độ nét cao; Tuổi thọ pin: 0-4 giờ; thương hiệu: Remax/Ruiliang; Hiệu suất chống thấm nước: Không hỗ trợ chống thấm nước; vật liệu: ABS; Cách sử dụng: Loại kẹp tai; Phạm vi truyền dẫn: 10m; Giao thức Bluetooth: 6.0; Dù là tai đơn hay tai đôi: Âm thanh nổi hai bên; màu sắc: OWS-22 Obsidian đen, OWS-22 Xuân Sương Trắng, OWS-22 Ngày Cực Tím; Có thương hiệu riêng được ủy quyền.: Đúng.; Có cung cấp đặc biệt hàng hóa xuất khẩu xuyên biên giới hay không: không1; Hỗ trợ tùy chỉnh","Loại chip: Zhongke Lanxun; Chức năng: âm thanh nổi, Thời lượng pin siêu dài, Chức năng gọi, 360 ° Âm thanh vòm, Truyền dẫn lossless độ nét cao; Thời lượng pin: 0-4 giờ; Thương hiệu: Remax; Hiệu suất chống nước: Không hỗ trợ chống thấm nước; Chất liệu: ABS; Cách sử dụng: Kiểu kẹp tai; Phạm vi truyền tải: 10 mét; Giao thức bluetooth: 6.0; Có phải đôi tai đơn không: Âm thanh nổi song phương; Màu sắc: OWS-22 hắc diện thạch đen, OWS-22 Xuân Sương Trắng, OWS-22 Ngày Cực Tím; Thương hiệu riêng được ủy quyền: Có; Có xuất khẩu xuyên biên giới dành riêng cho nguồn hàng không: Không; Hỗ trợ tùy chỉnh: Hỗ",,
925352173571,electronics,"Chất liệu: Keo mềm; Chức năng: Chống rung, Chống mài mòn, Chống rơi; Kiểu dáng: Di động; Thương hiệu: Khác; Công nghệ: Mạ điện2; Yếu tố phổ biến: Mạ điện1, Túi khí; Phong cách: Đơn giản; Màu sắc: [Hoàn toàn trong suốt] Túi khí có màng ống kính siêu chống rơi, [Titanium rỗng bạc] Túi khí có màng ống kính siêu chống rơi, [Graphite Black] Túi khí có màng ống kính siêu chống rơi, [Màu tím đậm] Túi khí có màng ống kính siêu chống rơi, [Yuanfeng Blue] Túi khí có màng ống kính siêu chống rơi, [Rose Pink] Túi khí có màng ống kính siêu chống rơi, [Xám titan] Túi khí có màng ống kính siêu chống rơi; Số ","Chất liệu: Keo mềm; Chức năng: Chống sốc, Chống mài mòn, Chống rơi; Kiểu dáng: Di động; Thương hiệu: Khác; Công nghệ: Mạ điện; Yếu tố phổ biến: Mạ điện, Túi khí; Phong cách: Đơn giản; Màu sắc: [Hoàn toàn trong suốt] Túi khí có màng ống kính siêu chống rơi, [Titanium rỗng bạc] Túi khí có màng ống kính siêu chống rơi, [Graphite Black] Túi khí có màng ống kính siêu chống rơi, [Màu tím đậm] Túi khí có màng ống kính siêu chống rơi, [Yuanfeng Blue] Túi khí có màng ống kính siêu chống rơi, [Rose Pink] Túi khí có màng ống kính siêu chống rơi, [Xám titan] Túi khí có màng ống kính siêu chống rơi; Các mô",,
853652400717,electronics,"Chất liệu: tpu; Công nghệ: Nhám; Kiểu dáng: Ốp cứng; Thương hiệu: Không có; Chức năng: Chống rung, Hút từ, Chống mài mòn, Chống rơi, Chống vân tay; Mô hình áp dụng: Táo; Yếu tố phổ biến: Khác; Màu sắc: Macaron từ tính-đen, Macaron từ tính-màu xám, Màu tím đậm từ tính Macaron, Màu xanh lam nhạt từ tính macaron, Macaron từ tính-đỏ rượu vang, Màu xanh lá cây từ tính macaron, Macaron từ tính-trắng, Màu xanh đậm từ tính macaron, Macaron từ tính-đỏ tươi, Macaron từ tính-màu hồng, Macaron từ tính-vàng sa mạc, Macaron từ tính - Cam; Số model áp dụng: Táo 18, 18PRO, 18 PROMAX, Táo 17, Apple 17PRO, Appl","Chất liệu: tpu; Công nghệ: mờ; Kiểu dáng: vỏ cứng; Thương hiệu: Không thương hiệu; Chức năng: Chống sốc, Hút từ tính, Chống mài mòn, Chống rơi, Chống dấu vân tay; Các mô hình áp dụng: Apple; Yếu tố phổ biến: Khác; Màu sắc: Macaron từ tính-đen, Macaron từ tính-màu xám, Màu tím đậm từ tính Macaron, Màu xanh lam nhạt từ tính macaron, Macaron từ tính-đỏ rượu vang, Màu xanh lá cây từ tính macaron, Macaron từ tính-trắng, Màu xanh đậm từ tính macaron, Macaron từ tính-đỏ tươi, Macaron từ tính-màu hồng, Macaron từ tính-vàng sa mạc, Macaron từ tính - Cam; Các mô hình áp dụng: Táo 18, 18PRO, 18 PROMAX, t",,
893854415161,fashion,Thành phần vải chính: Bông; Tên vải: 100% cotton; Kiểu dáng: Chui đầu; Thương hiệu: Khác1; Công nghệ: In/in và nhuộm; Phù hợp với đám đông: Thanh thiếu niên; Thể loại: Áo phông áo ba lỗ; Phong cách: Kiểu Hàn; Số mặt hàng: N054; Hoa văn: Chữ cái/số/văn bản; Kiểu dáng: Loại vừa vặn; Loại nguồn: Hàng sẵn; Chủng loại Taohuo: Thanh niên phổ biến (18-24 tuổi); Kiểu cổ áo: Cổ tròn; Dài tay áo: Cộc tay; Có mũ liền không: Không mũ liền; Dày mỏng: Bình thường; Thích hợp cho mùa: Mùa hè; Phạm vi lỗi: 1-3; Có tồn kho không: Là1; Loại hàng tồn kho: Nguyên đơn; Năm/mùa niêm yết: Mùa hè 2025; Nội dung của th,Thành phần vải chính: Bông; Tên vải: bông nguyên chất; Kiểu dáng: Chui đầu; Thương hiệu: Khác; Công nghệ: In/in và nhuộm; Đối tượng phù hợp: Thanh thiếu niên; Thể loại: Áo phông áo ba lỗ; Phong cách: Kiểu Hàn; Số mặt hàng: N054; Hoa văn: Chữ cái/số/văn bản; Form dáng: Loại vừa vặn; Loại nguồn: Hàng sẵn; Chủng loại taohuo: Thanh niên phổ biến (18-24 tuổi); Kiểu cổ áo: Cổ tròn; Dài tay áo: Cộc tay; Có mũ liền không: Không mũ liền; Dày mỏng: Bình thường; Phù hợp với mùa: Mùa hè; Phạm vi lỗi: 1-3; Có tồn kho không: Có; Loại hàng tồn kho: Toàn bộ đơn hàng; Năm/mùa ra mắt: Mùa hè 2025; Tỉ lệ thành p,,
949829716324,fashion,"Thành phần vải chính: Polyester (sợi polyester); Tên vải: Hỗn hợp sợi hóa học; hình dạng: áo thun1; thương hiệu: khác1; thủ công: dập nổi; Thích hợp cho đám đông: thanh niên; chủng loại: áo thun vest; phong cách: Thể thao và giải trí; Mã sản phẩm: 1821; mẫu: màu trơn; Phiên bản: vừa vặn; Danh mục cung cấp: Hàng giao ngay; Danh mục taobao: Thời trang trẻ (18-24 tuổi); Kiểu cổ áo: cổ tròn; Chiều dài tay áo: tay áo ngắn; Có nên đội mũ trùm đầu hay không: Không có mũ trùm đầu; Độ dày: mỏng; Phù hợp với mùa: mùa hè, mùa xuân, mùa xuân mùa thu; phạm vi lỗi: 1; Nó có trong kho không?: là1; Loại hàng ","Thành phần vải chính: Polyester (sợi polyester); Tên vải: Sợi hóa học pha trộn; Kiểu dáng: Chui đầu; Thương hiệu: Khác; Công nghệ: Hoa ép; Đối tượng phù hợp: thanh niên; Thể loại: Áo phông áo ba lỗ; Phong cách: Thể thao và giải trí; Số mặt hàng: 1821; Hoa văn: Màu trơn; Form dáng: Ôm vừa vặn; Loại nguồn: Hàng sẵn; Chủng loại taohuo: Thanh niên phổ biến (18-24 tuổi); Kiểu cổ áo: Cổ tròn; Dài tay áo: Cộc tay; Có mũ liền không: Không mũ liền; Dày mỏng: Mẫu mỏng; Phù hợp với mùa: Mùa hè, Mùa xuân, Mùa xuân thu; Phạm vi lỗi: 1; Có tồn kho không: Có; Loại hàng tồn kho: Toàn bộ đơn hàng; Năm/mùa ra m",,
901921303976,fashion,Thành phần vải chính: Bông; Tên vải: Bông pha; Kiểu dáng: Chui đầu; thương hiệu: NASA about; Công nghệ: Thêu/thêu hoa; Phù hợp với đám đông: Thanh thiếu niên; Thể loại: Áo phông áo ba lỗ; Phong cách: Phong cách Hồng Kông; Số mặt hàng: SJF-SJF207; Hoa văn: Chữ cái; Kiểu dáng: Loại rời; Loại nguồn: Hàng sẵn; Chủng loại Taohuo: Thanh niên phổ biến (18-24 tuổi); Kiểu cổ áo: Cổ tròn; Dài tay áo: Cộc tay; Có mũ liền không: Không mũ liền; Dày mỏng: Mẫu mỏng; Thích hợp cho mùa: Mùa hè; Phạm vi lỗi: 1-3; Có tồn kho không: Là1; Loại hàng tồn kho: Nguyên đơn; Năm/mùa niêm yết: Mùa hè năm 2026; Nội dung c,Thành phần vải chính: Bông; Tên vải: Bông pha; Kiểu dáng: Chui đầu; Thương hiệu: NASA about; Công nghệ: Thêu/thêu hoa; Đối tượng phù hợp: Thanh thiếu niên; Thể loại: Áo phông áo ba lỗ; Phong cách: Phong cách Hồng Kông; Số mặt hàng: SJF-SJF207; Hoa văn: Chữ cái; Form dáng: Loại rời; Loại nguồn: Hàng sẵn; Chủng loại taohuo: Thanh niên phổ biến (18-24 tuổi); Kiểu cổ áo: Cổ tròn; Dài tay áo: Cộc tay; Có mũ liền không: Không mũ liền; Dày mỏng: Mẫu mỏng; Phù hợp với mùa: Mùa hè; Phạm vi lỗi: 1-3; Có tồn kho không: Có; Loại hàng tồn kho: Toàn bộ đơn hàng; Năm/mùa ra mắt: Mùa hè năm 2026; Tỉ lệ thành ,,
782832136985,fashion,Thành phần vải chính: Bông; Tên vải: 100% cotton; Kiểu dáng: Chui đầu; Thương hiệu: NASA ABOUT; Công nghệ: Xử lý không cần ủi; Phù hợp với đám đông: Thanh Niên; Thể loại: Áo thun ba lỗ; Phong cách: Tươi tắn kiểu Nhật; Số mặt hàng: DXNB-102; Hoa văn: Chữ cái1; Kiểu dáng: Loại rời; Loại nguồn: Hàng sẵn; Chủng loại Taohuo: Thanh niên phổ biến (18-24 tuổi); Kiểu cổ áo: Cổ tròn; Dài tay áo: Cộc tay; Có mũ liền không: Không mũ liền; Dày mỏng: Mẫu mỏng; Thích hợp cho mùa: Mùa hè; Phạm vi lỗi: 1-3CM; Có tồn kho không: Là1; Loại hàng tồn kho: Nguyên đơn; Năm/Mùa niêm yết: Mùa hè năm 2024; Nội dung của ,Thành phần vải chính: Bông; Tên vải: bông nguyên chất; Kiểu dáng: Chui đầu; Thương hiệu: NASA ABOUT; Công nghệ: Xử lý không cần ủi; Đối tượng phù hợp: thanh niên; Thể loại: Áo phông áo ba lỗ; Phong cách: Tươi tắn kiểu Nhật; Số mặt hàng: DXNB-102; Hoa văn: Chữ cái; Form dáng: Loại rời; Loại nguồn: Hàng sẵn; Chủng loại taohuo: Thanh niên phổ biến (18-24 tuổi); Kiểu cổ áo: Cổ tròn; Dài tay áo: Cộc tay; Có mũ liền không: Không mũ liền; Dày mỏng: Mẫu mỏng; Phù hợp với mùa: Mùa hè; Phạm vi lỗi: 1-3CM; Có tồn kho không: Có; Loại hàng tồn kho: Toàn bộ đơn hàng; Năm/mùa ra mắt: Mùa hè năm 2024; Tỉ lệ t,,
779601821679,fashion,"Thành phần vải chính: Bông; Tên vải: 100% cotton; Kiểu dáng: Chui đầu; Thương hiệu: Khác1; Công nghệ: In/in và nhuộm; Phù hợp với đám đông: Thanh thiếu niên; danh mục: Áo thun ngắn tay; Phong cách: Volkswagen cơ bản; Số mặt hàng: W077; Hoa văn: Hoạt hình; Kiểu dáng: Loại vừa vặn; Loại nguồn: Hàng sẵn; Chủng loại Taohuo: Thanh niên phổ biến (18-24 tuổi); Kiểu cổ áo: Cổ tròn; Dài tay áo: Cộc tay; Có mũ liền không: Không mũ liền; Dày mỏng: Bình thường; Thích hợp cho mùa: Mùa hè, Mùa Xuân, Mùa xuân thu; Có tồn kho không: Là1; Loại hàng tồn kho: Nguyên đơn; Năm/Mùa niêm yết: Mùa hè năm 2024; Nội du","Thành phần vải chính: Bông; Tên vải: bông nguyên chất; Kiểu dáng: Chui đầu; Thương hiệu: Khác; Công nghệ: In/in và nhuộm; Đối tượng phù hợp: Thanh thiếu niên; Thể loại: Áo thun ngắn tay; Phong cách: Phổ thông; Số mặt hàng: W077; Hoa văn: Hoạt hình; Form dáng: Loại vừa vặn; Loại nguồn: Hàng sẵn; Chủng loại taohuo: Thanh niên phổ biến (18-24 tuổi); Kiểu cổ áo: Cổ tròn; Dài tay áo: Cộc tay; Có mũ liền không: Không mũ liền; Dày mỏng: Bình thường; Phù hợp với mùa: Mùa hè, Mùa xuân, Mùa xuân thu; Có tồn kho không: Có; Loại hàng tồn kho: Toàn bộ đơn hàng; Năm/mùa ra mắt: Mùa hè năm 2024; Tỉ lệ thành ",,
890351718316,fashion,"Kiểu dáng: Kiểu dáng chữ A; Thành phần vải chính: Polyester (sợi polyester); Tên vải: Polyester; Thương hiệu: Khác; Công nghệ: Nhăn; Chiều dài: váy dài; Hoa văn: Màu trơn; Xuất xứ: Đông Quan; Hình thức kết hợp: Một chiếc; Kiểu váy: Váy chữ A; Kiểu cổ áo: Cổ chữ V; Kiểu tay áo: Tay áo bay; Dài tay áo: Cộc tay; Dáng thắt lưng: Cạp cao; Yếu tố phổ biến: Thu hút; Năm/mùa niêm yết: Mùa xuân năm 2025; Thành phần vải chính 2: Vải thun; Số mặt hàng: GS-915; Màu sắc: Màu đen, Màu caramel, Màu xanh navy, Màu đỏ rượu, Màu xanh lam; Kích cỡ: S, M, L, XL, XXL; Loại phong cách: Khí chất đi lại; Nội dung thà","Kiểu dáng: Kiểu dáng chữ A; Thành phần vải chính: Polyester (sợi polyester); Tên vải: Polyester; Thương hiệu: Khác; Công nghệ: Nhăn; Chiều dài: váy dài; Hoa văn: Màu trơn; Xuất xứ: Đông Hoản; Hình thức kết hợp: Một chiếc; Kiểu váy: Váy chữ A; Kiểu cổ áo: Cổ chữ V; Kiểu tay áo: Tay áo bay; Dài tay áo: Cộc tay; Dáng thắt lưng: Cạp cao; Yếu tố phổ biến: Thu hút; Năm/mùa ra mắt: Mùa xuân năm 2025; Thành phần vải chính 2: Vải thun; Số mặt hàng: GS-915; Màu sắc: Màu đen, Màu caramel, Màu xanh navy, Màu đỏ rượu, Màu xanh lam; Kích cỡ: S, M, L, XL, XXL; Loại phong cách: Khí chất đi lại; Tỉ lệ thành ph",,
571489125058,food,Giống: Kẹo mềm trái cây; Thương hiệu: Lúa vàng; Nội dung tịnh (thông số kỹ thuật): 12g*30 miếng; Nguyên liệu và thành phần: Xem bao bì4; Phương thức bán hàng: Đóng gói sẵn; Thành phần dinh dưỡng: 193****0795; Có nhập khẩu không: Không.1; Xuất xứ: Quảng Đông; Số giấy phép sản xuất: SC11344190001326; Thực phẩm Halal: Không.2; Loại có chứa đường: Có đường; Công dụng: Không kẹo cưới chuyên dụng; Phương pháp bảo quản: mát và khô; Số tiêu chuẩn sản phẩm: Xem bao bì1; Thời hạn sử dụng: 365; Nhà sản xuất: Xem bao bì2; Ngày sản xuất: Xem bao bì3; Số mặt hàng: 12g*30 cối xay gió nhỏ; Đặc sản: Không.3; T,Giống: Kẹo mềm trái cây; Thương hiệu: Jindaogu; Khối lượng tịnh (quy cách): 12g*30 miếng; Nguyên liệu và thành phần: Xem bao bì; Phương thức bán hàng: Đóng gói sẵn; Thành phần dinh dưỡng: [SĐT]; Có nhập khẩu không: Không; Xuất xứ: Quảng Đông; Số giấy phép sản xuất: SC11344190001326; Thực phẩm Halal: Không; Loại có chứa đường: Có đường; Công dụng: Không kẹo cưới chuyên dụng; Phương pháp bảo quản: Khô mát; Số tiêu chuẩn sản phẩm: Xem bao bì; Thời hạn sử dụng: 365; Nhà sản xuất: Xem bao bì; Ngày sản xuất: Xem bao bì; Số mặt hàng: 12g*30 cối xay gió nhỏ; Đặc sản: Không; Thông số kỹ thuật đóng gói:,,
900783859047,food,"Quy trình sản xuất chè: Trà thô; Nội dung tịnh (thông số kỹ thuật): 144.00g; Có phải hộp quà không: Là; Danh mục sản phẩm: Sinh phổ; Thương hiệu: Không có2; Phương thức bán hàng: Nông sản ăn được; Khu vực trà: Khu vực trà Pu'er; Nhà sản xuất: Xem chi tiết; Ngày sản xuất: Gần đây vào năm 2025; Xuất xứ-Trong nước: Vân Nam; Mã vạch hàng hóa: Không có1; Phương pháp bảo quản: Nơi khô mát; Có nhập khẩu không: Không.1; Thông số kỹ thuật đóng gói: 9 Trà Hoa Long Cầu, Hộp quà 18 viên long nhãn 6 vị (phiên bản hộp mỏng màu nhạt), Bộ quà tặng sâm panh 18 món (6 hương vị, bao bì dày cao cấp), Hộp quà 18 v","Quy trình sản xuất chè: Trà thô; Khối lượng tịnh (quy cách): 144.00g; Có phải hộp quà không: Có; Danh mục sản phẩm: Sinh phổ; Thương hiệu: Không thương hiệu; Phương thức bán hàng: Sản phẩm nông nghiệp ăn được; Khu vực trà: Khu vực trà Phổ Nhĩ; Nhà sản xuất: Xem chi tiết; Ngày sản xuất: Gần đây vào năm 2025; Xuất xứ-trong nước: Vân Nam; Mã vạch sản phẩm: Không có; Phương pháp bảo quản: Nơi khô mát; Có nhập khẩu không: Không; Thông số kỹ thuật đóng gói: 9 Trà Hoa Long Cầu, Hộp quà 18 viên long nhãn 6 vị (phiên bản hộp mỏng màu nhạt), Bộ quà tặng sâm panh 18 món (6 hương vị, bao bì dày cao cấp), ",,
828702259398,food,"Thương hiệu: Thảo mộc Jisheng; Loại trà: Trà thơm; Phương thức bán hàng: Đóng gói sẵn; Nội dung tịnh (thông số kỹ thuật): 5; Nguyên liệu và thành phần: Vỏ quýt quất hoa cúc Sydney; Công nghệ thực phẩm: Ngâm nóng; Có chứa đường không: Không đường; Có đóng hộp quà không: Không.2; Có nhập khẩu không: Không.1; Xuất xứ: An Huy; Thời hạn sử dụng: 12 tháng; Ngày sản xuất: Đang cập nhật; Nhà sản xuất: Bozhou Yufang Tea Biotechnology Co., Ltd.; Phương pháp bảo quản: Khô mát; Số tiêu chuẩn sản phẩm: DBS 34/2607; Số giấy phép sản xuất: SC11434166032429; Số mặt hàng: yfc-45465; Thông số kỹ thuật đóng gói:","Thương hiệu: Jishengcaoben; Các loại trà: Trà hoa; Phương thức bán hàng: Đóng gói sẵn; Khối lượng tịnh (quy cách): 5; Công nghệ thực phẩm: Nước ấm; Có chứa đường không: Không đường; Có đóng hộp quà không: Không; Có nhập khẩu không: Không; Xuất xứ: An Huy; Thời hạn sử dụng: 12 tháng; Ngày sản xuất: Đang cập nhật; Nhà sản xuất: Bạc Châu Yufang Tea Biotechnology Co., Ltd; Phương pháp bảo quản: Khô mát; Số tiêu chuẩn sản phẩm: DBS 34/2607; Số giấy phép sản xuất: SC11434166032429; Số mặt hàng: yfc-45465; Thông số kỹ thuật đóng gói: Một túi 20 gói; Chứng nhận sản phẩm: Không",,
624215543548,food,Quy trình sản xuất Chè: Trà chín; Nội dung Tịnh (Thông số kỹ thuật): 357; Tùy chọn hộp quà tặng: Không.2; Danh mục sản phẩm: Nấu chung; Thương hiệu: Vua cây trà; Phương Thức Bán Hàng: Đóng gói sẵn; Khu vực trà: Khu trà Menghai; Nhà sản xuất: Nhà Máy trà Tea Tree King; Ngày sản xuất: Xem bao bì để biết chi tiết1; Số giấy phép sản xuất: SC11453282211110; Xuất Xứ-Trong nước: Vân Nam; Mã vạch hàng hóa: Xem bao bì để biết chi tiết2; Phương pháp bảo quản: Thông gió khô; Có nhập khẩu không: Không.1; Thời hạn sử dụng: 12 tháng trở lên; Năm: 1 năm (bao gồm)-3 năm (không bao gồm); Điều kiện lưu trữ: Nhi,Quy trình sản xuất Chè: Trà chín; Khối lượng tịnh (quy cách): 357; Tùy chọn hộp quà tặng: Không; Danh mục sản phẩm: Nấu chung; Thương hiệu: Chashuwang; Phương thức bán hàng: Đóng gói sẵn; Khu vực trà: Khu trà Mãnh Hải; Nhà sản xuất: Nhà Máy trà Tea Tree King; Ngày sản xuất: Xem bao bì để biết chi tiết; Số giấy phép sản xuất: SC11453282211110; Xuất xứ-trong nước: Vân Nam; Mã vạch sản phẩm: Xem bao bì; Phương pháp bảo quản: Thông gió khô; Có nhập khẩu không: Không; Thời hạn sử dụng: 12 tháng trở lên; Năm: 1 năm (bao gồm)-3 năm (không bao gồm); Điều kiện lưu trữ: Nhiệt độ thường; Dịp sử dụng: Gia,,
919848668626,food,"Thương hiệu: Ngành trà Huacheng; Thời gian chọn: Trước cơn mưa; Cấp độ: Hạng đặc biệt; Nguyên liệu và thành phần: Trà xanh lá vừa và nhỏ; Xuất xứ: Chiết Giang; Nội dung tịnh (thông số kỹ thuật): 250g/500g; Danh mục sản phẩm: Nụ vàng; Phương thức bán hàng: Đóng gói sẵn; Số tiêu chuẩn sản phẩm: GB/T 14456.3; Có nhập khẩu không: Không.1; Độ trong: Đồng nhất không tạp; Thời hạn sử dụng: 18 tháng; Ngày sản xuất: Xem bao bì bên ngoài; Nhà sản xuất: Nhà máy trà Anxi Huacheng, tỉnh Phúc Kiến; Phương pháp bảo quản: Tủ lạnh; Số giấy phép sản xuất: SC11435052405610; Số mặt hàng: Nhiều loại trà lỏng búp v","Thương hiệu: Huachengchaye; Thời gian chọn: Trước cơn mưa; Cấp độ: Đặc biệt; Nguyên liệu và thành phần: Trà xanh lá vừa và nhỏ; Xuất xứ: Chiết Giang; Khối lượng tịnh (quy cách): 250g/500g; Danh mục sản phẩm: Nụ vàng; Phương thức bán hàng: Đóng gói sẵn; Số tiêu chuẩn sản phẩm: GB/T 14456.3; Có nhập khẩu không: Không; Độ trong: Đồng nhất không tạp; Thời hạn sử dụng: 18 tháng; Ngày sản xuất: Xem bao bì bên ngoài; Nhà sản xuất: Nhà máy trà An Khê Huacheng, tỉnh Phúc Kiến; Phương pháp bảo quản: Làm lạnh; Số giấy phép sản xuất: SC11435052405610; Số mặt hàng: Nhiều loại trà lỏng búp vàng; Thông số kỹ",,
1030899505492,food,"Thương hiệu: Chúc Hài Đường; Các loại trà: Trà hoa; Cách thức bán hàng: Đã đóng gói sẵn; Hàm lượng tịnh (quy cách): 5g; Nguyên liệu và thành phần: Kỷ tử, dâu tằm, táo đỏ, maca, hoàng tinh, nhân sâm; Công nghệ thực phẩm: Nước ấm; Có chứa đường không: Không đường; Có hộp quà không: Không3; Có nhập khẩu không: Không2; Nguồn gốc xuất xứ: An Huy; Thời hạn sử dụng: 12 tháng; Ngày sản xuất: Gần đây; Nhà sản xuất: Công ty TNHH Phát triển Công nghiệp Sức khỏe Chúc Tiếu Đường, thành phố Bác; Phương pháp bảo quản: Làm lạnh; Mã tiêu chuẩn sản phẩm: GH/T1091-2014; Số giấy phép sản xuất: SC11434160234407; M","Thương hiệu: Zhuxiaotang; Các loại trà: Trà hoa; Phương thức bán hàng: Đóng gói sẵn; Khối lượng tịnh (quy cách): 5g; Nguyên liệu và thành phần: Kỷ tử, dâu tằm, táo đỏ, maca, hoàng tinh, nhân sâm; Công nghệ thực phẩm: Nước ấm; Có chứa đường không: Không đường; Có đóng hộp quà không: Không; Có nhập khẩu không: Không; Xuất xứ: An Huy; Thời hạn sử dụng: 12 tháng; Ngày sản xuất: Gần đây; Nhà sản xuất: Công ty TNHH Phát triển Công nghiệp Sức khỏe Chúc Tiếu Đường, thành phố Bác; Phương pháp bảo quản: Làm lạnh; Số tiêu chuẩn sản phẩm: GH/T1091-2014; Số giấy phép sản xuất: SC11434160234407; Số mặt hàng",,
896268851545,food,"Danh mục sản phẩm: khác; Thương hiệu: Khai sáng cổ văn; mức độ: lớp một; Có đóng hộp quà không: Không.1; Nguyên liệu và thành phần: Trà lá lớn Vân Nam, vỏ quýt Quảng Đông Xinhui; Nội dung tịnh (thông số kỹ thuật): 5g; Thời hạn sử dụng: 36; Có nhập khẩu không: Không nhập khẩu; Xuất xứ: Vân Nam; Phương thức bán hàng: Đóng gói sẵn; Ngày sản xuất: Xem bao bì bên ngoài; Nhà sản xuất: Yunnan Kaiming Ancient Rhyme Culture Communication Co., Ltd.; Phương pháp bảo quản: Nhiệt độ thường; Số tiêu chuẩn sản phẩm: GH/T 1247; Số giấy phép sản xuất: SC11453010101795; Số mặt hàng: Lựa chọn nghiêm ngặt; Thông ","Danh mục sản phẩm: Khác; Thương hiệu: Kaimingguyun; Cấp độ: Cấp 1; Có đóng hộp quà không: Không; Nguyên liệu và thành phần: Trà lá lớn Vân Nam, vỏ quýt Quảng Đông Tân Hội; Khối lượng tịnh (quy cách): 5g; Thời hạn sử dụng: 36; Có nhập khẩu không: Không nhập khẩu; Xuất xứ: Vân Nam; Phương thức bán hàng: Đóng gói sẵn; Ngày sản xuất: Xem bao bì bên ngoài; Nhà sản xuất: Vân Nam Kaiming Ancient Rhyme Culture Communication Co., Ltd; Phương pháp bảo quản: Nhiệt độ thường; Số tiêu chuẩn sản phẩm: GH/T 1247; Số giấy phép sản xuất: SC11453010101795; Số mặt hàng: Lựa chọn nghiêm ngặt; Thông số kỹ thuật đó",,
1002427083335,home,"Chất liệu: Acrylic (PMMA); Chức năng: Sắp xếp; Danh mục sản phẩm: Hộp đựng đồ để bàn; Thương hiệu: Tự chủ; Dung lượng: 1; Các tình huống lưu trữ: Phòng khách, Phòng ngủ, Phòng làm việc; Có nhập khẩu không: Không1; Mẫu mã: 50022; Đặc tính sản phẩm: Không nắp1; Phạm vi áp dụng: Khác; Phong cách: Hiện đại tối giản; Họa tiết: Màu trơn; Thông số kỹ thuật: Cỡ trung; Nguồn gốc: Chiết Giang; Mã hàng: 50021; Gia công theo yêu cầu: Không4; In thêm logo: Được; Thuộc tính thương mại: Bán hàng nội địa + ngoại thương; Số lượng đóng thùng: 50; Thời điểm sản phẩm ra mắt thị trường: 2025; Dải giá: Trong vòng 5","Chất liệu: Acrylic (PMMA); Chức năng: Sắp xếp; Danh mục sản phẩm: Hộp đựng đồ để bàn; Thương hiệu: Zizhu; Dung tích: 1; Cảnh lưu trữ: Phòng khách, Phòng ngủ, Phòng làm việc; Có nhập khẩu không: Không; Model: 5002; Đặc tính sản phẩm: Không nắp; Phạm vi áp dụng: Khác; Phong cách: Đơn giản hiện đại; Hoa văn: Màu trơn; Quy cách: Cỡ trung; Xuất xứ: Chiết Giang; Số mặt hàng: 5002; Gia công tùy chỉnh: Không; In logo: Có thể; Thuộc tính thương mại: Bán hàng nội địa + ngoại thương; Số lượng hộp: 50; Thời gian đưa ra thị trường sản phẩm: 2025; Phân khúc giá: Trong vòng 5 nhân dân tệ; Bằng sáng chế: Khôn",,
970870161122,home,"Vật liệu: Polypropylen (PP); Chức năng: Sắp xếp; danh mục sản phẩm: hộp đựng văn phòng phẩm; thương hiệu: khác; năng lực: 1; Cảnh lưu trữ: trên bàn; Có nên nhập khẩu hay không: KHÔNG1; mô hình: W18101; Tính năng sản phẩm: Có thể xếp chồng lên nhau, Với các bộ phận; Phạm vi áp dụng: văn phòng phẩm, rộng, Mỹ phẩm, Cáp/dây tai nghe; phong cách: sự đơn giản hiện đại; mẫu: màu trơn; đặc điểm kỹ thuật: lớn; Xuất xứ: Chiết Giang; Mã sản phẩm: W18102; Xử lý và tùy chỉnh: KHÔNG2; In logo: Có thể; thuộc tính thương mại: Nội thương + ngoại thương; Số lượng hộp: 24; Thời gian ra mắt sản phẩm: năm 2025; Ph","Chất liệu: Polypropylen (PP); Chức năng: Sắp xếp; Danh mục sản phẩm: hộp đựng văn phòng phẩm; Thương hiệu: Khác; Dung tích: 1; Cảnh lưu trữ: Trên bàn; Có nhập khẩu không: Không; Model: W1810; Đặc tính sản phẩm: Có thể xếp chồng lên nhau, Có ca rô; Phạm vi áp dụng: Văn phòng phẩm, Rộng rãi, Mỹ phẩm, Dây/dây tai nghe; Phong cách: Đơn giản hiện đại; Hoa văn: Màu trơn; Quy cách: Cỡ lớn; Xuất xứ: Chiết Giang; Số mặt hàng: W1810; Gia công tùy chỉnh: Không; In logo: Có thể; Thuộc tính thương mại: Bán hàng nội địa + ngoại thương; Số lượng hộp: 24; Thời gian đưa ra thị trường sản phẩm: năm 2025; Phân k",,
1047227350635,home,"Chất liệu: Nhựa; Chức năng: Không cần cài đặt; Danh mục sản phẩm: Hộp đựng trang sức; Thương hiệu: Chấn Mậu; Dung lượng: 1; Các tình huống lưu trữ: Phòng ngủ, Phòng làm việc; Có nhập khẩu không: Không1; Mẫu mã: 7170 ，65692; Chất liệu cụ thể: thú cưng; Tỷ lệ nhựa nguyên sinh: 80%—99% nguyên liệu mới; Đặc tính sản phẩm: Không nắp1; Phạm vi áp dụng: Đồ lót, CD, Điều khiển từ xa, Trang sức; Phong cách: Hiện đại tối giản; Họa tiết: Màu trơn; Thông số kỹ thuật: Cỡ lớn; Nguồn gốc: Yiwu; Mã hàng: 7170 ，65691; Gia công theo yêu cầu: Không3; In thêm logo: Không được; Thuộc tính thương mại: Bán hàng nội ","Chất liệu: Nhựa; Chức năng: Không cần cài đặt; Danh mục sản phẩm: Hộp đựng trang sức; Thương hiệu: Zhenmao; Dung tích: 1; Cảnh lưu trữ: Phòng ngủ, Phòng làm việc; Có nhập khẩu không: Không; Model: 7170 ，6569; Vật liệu cụ thể: thú cưng; Tỷ lệ vật liệu nhựa mới: 80%—99% nguyên liệu mới; Đặc tính sản phẩm: Không nắp; Phạm vi áp dụng: Đồ lót, CD, Điều khiển từ xa, Trang sức; Phong cách: Đơn giản hiện đại; Hoa văn: Màu trơn; Quy cách: Cỡ lớn; Xuất xứ: Nghĩa Ô; Số mặt hàng: 7170 ，6569; Gia công tùy chỉnh: Không; In logo: Không thể; Thuộc tính thương mại: Bán hàng nội địa + ngoại thương; Thời gian đư",,
921427199702,home,"Chất liệu: Nhựa; Chức năng: Không cần cài đặt; Danh mục sản phẩm: Giỏ đựng đồ lặt vặt; Thương hiệu: Youqin; Công suất: 1; Cảnh lưu trữ: Phòng khách, Phòng ngủ, Phòng làm việc; Có nhập khẩu không: Không.1; Số model: c2249; Vật liệu cụ thể: PP; Tỷ lệ vật liệu nhựa mới: 100% vật liệu mới; Đặc điểm hàng hóa: Không nắp1; Phạm vi áp dụng: Khác1; Phong cách: Đơn giản hiện đại; Hoa văn: Màu trơn; Xuất xứ: Ôn Châu; Số mặt hàng: Khác2; Gia công tùy chỉnh: Là1; In LOGO: Có thể; Thuộc tính thương mại: Thương mại trong nước và ngoại thương; Số lượng hộp: Khác3; Thời gian đưa ra thị trường sản phẩm: 2025; P","Chất liệu: Nhựa; Chức năng: Không cần cài đặt; Danh mục sản phẩm: Giỏ đựng đồ lặt vặt; Thương hiệu: Youqin; Dung tích: 1; Cảnh lưu trữ: Phòng khách, Phòng ngủ, Phòng làm việc; Có nhập khẩu không: Không; Model: c2249; Vật liệu cụ thể: PP; Tỷ lệ vật liệu nhựa mới: 100% vật liệu mới; Đặc tính sản phẩm: Không nắp; Phạm vi áp dụng: Khác; Phong cách: Đơn giản hiện đại; Hoa văn: Màu trơn; Xuất xứ: Ôn Châu; Số mặt hàng: Khác; Gia công tùy chỉnh: Có; In logo: Có thể; Thuộc tính thương mại: Bán hàng nội địa + ngoại thương; Số lượng hộp: Khác; Thời gian đưa ra thị trường sản phẩm: 2025; Phân khúc giá: 10",,
893316446794,home,"Chất liệu: Nhựa1; Chức năng: Sắp xếp; Danh mục sản phẩm: Hộp lưu trữ máy tính để bàn; Thương hiệu: other; Công suất: 2L; Cảnh lưu trữ: Khác2, Phòng khách, Phòng ngủ, Phòng làm việc, Vườn hoa, Nhà hàng, Nhà bếp, Trên bàn, Nhà vệ sinh, Dưới giường, Phòng đựng đồ, Bên trong tủ quần áo; Có nhập khẩu không: Không.1; Số model: Xem chi tiết1; Vật liệu cụ thể: Nhựa2; Tỷ lệ vật liệu nhựa mới: 100% vật liệu mới; Đặc điểm hàng hóa: Có nắp, Khác1; Phạm vi áp dụng: Tạp chí, Khăn giấy, Rộng rãi, Mỹ phẩm, Đồ lặt vặt; Phong cách: Đơn giản hiện đại; Hoa văn: Màu trơn; Quy cách: Xem chi tiết2; Xuất xứ: Khác3; S","Chất liệu: Nhựa; Chức năng: Sắp xếp; Danh mục sản phẩm: Hộp đựng đồ để bàn; Thương hiệu: other; Dung tích: 2L; Cảnh lưu trữ: Khác, Phòng khách, Phòng ngủ, Phòng làm việc, Vườn, Nhà hàng, Nhà bếp, Trên bàn, Phòng tắm, Dưới gầm giường, Phòng đựng đồ, Bên trong tủ quần áo; Có nhập khẩu không: Không; Model: Xem chi tiết; Vật liệu cụ thể: Nhựa; Tỷ lệ vật liệu nhựa mới: 100% vật liệu mới; Đặc tính sản phẩm: Có nắp, Khác; Phạm vi áp dụng: Tạp chí, Khăn giấy, Rộng rãi, Mỹ phẩm, Đồ lặt vặt; Phong cách: Đơn giản hiện đại; Hoa văn: Màu trơn; Quy cách: Xem chi tiết; Xuất xứ: Khác; Số mặt hàng: Hộp đựng đồ",,
1026857685427,home,"Chất liệu: Vải cotton lanh; Chức năng: Có thể gấp gọn, Đa năng, Di động, Sắp xếp2, Sắp xếp1; Dung lượng: 40L-50L (bao gồm); Thương hiệu: Khác2; Danh mục sản phẩm: Hộp đựng đồ; Có nhập khẩu không: Không2; Nguồn gốc: Chiết Giang; Mẫu mã: MC-1701; Phạm vi áp dụng: Đồ chơi, Đồ lặt vặt, Quần áo; Các tình huống lưu trữ: Phòng ngủ; Có thể gập lại không: Đúng vậy3; Bánh xe ròng rọc: Không có; Có thể xách tay được không?: Được; Thông số kỹ thuật: Cỡ nhỏ [30*20*15], cỡ trung [40*30*20], cỡ lớn [45*35*25], cỡ siêu lớn [50*40*3; Phong cách: Hiện đại tối giản; Mã hàng: MC-1702; Gia công theo yêu cầu: Đúng ","Chất liệu: Vải cotton lanh; Chức năng: Có thể gấp gọn, Đa năng, Di động, Sắp xếp, Sắp xếp; Dung tích: 40L-50L (bao gồm); Thương hiệu: Khác; Danh mục sản phẩm: Hộp đựng đồ; Có nhập khẩu không: Không; Xuất xứ: Chiết Giang; Model: MC-170; Phạm vi áp dụng: Đồ chơi, Đồ lặt vặt, Quần áo; Cảnh lưu trữ: Phòng ngủ; Có thể gập lại không: Có; Ròng rọc: Không có; Có thể xách tay được không: Có thể; Quy cách: Cỡ nhỏ [30*20*15], cỡ trung [40*30*20], cỡ lớn [45*35*25], cỡ siêu lớn [50*40*3; Phong cách: Đơn giản hiện đại; Số mặt hàng: MC-170; Gia công tùy chỉnh: Có; In logo: Không thể; Hoa văn: Màu trơn; Thuộ",,
1055731854214,home,"Chất liệu: Polypropylen (PP); Chức năng: Sắp xếp; Danh mục sản phẩm: Hộp đựng đồ để bàn; Thương hiệu: Khác2; Dung lượng: 2; Các tình huống lưu trữ: Phòng khách, Phòng làm việc, Trên bàn, Phòng tắm; Có nhập khẩu không: Không2; Đặc tính sản phẩm: Có nắp, Có thể xếp chồng; Phạm vi áp dụng: Điều khiển từ xa, Mỹ phẩm, thuốc, Đồ chơi; Phong cách: Hiện đại tối giản; Họa tiết: Màu trơn; Thông số kỹ thuật: Cỡ lớn; Nguồn gốc: Khác3; Mã hàng: 123; Gia công theo yêu cầu: Đúng vậy2; In thêm logo: Được; Thuộc tính thương mại: Bán hàng nội địa + ngoại thương; Số lượng đóng thùng: 18; Thời điểm sản phẩm ra mắ","Chất liệu: Polypropylen (PP); Chức năng: Sắp xếp; Danh mục sản phẩm: Hộp đựng đồ để bàn; Thương hiệu: Khác; Dung tích: 2; Cảnh lưu trữ: Phòng khách, Phòng làm việc, Trên bàn, Phòng tắm; Có nhập khẩu không: Không; Đặc tính sản phẩm: Có nắp, Có thể xếp chồng lên nhau; Phạm vi áp dụng: Điều khiển từ xa, Mỹ phẩm, thuốc, Đồ chơi; Phong cách: Đơn giản hiện đại; Hoa văn: Màu trơn; Quy cách: Cỡ lớn; Xuất xứ: Khác; Số mặt hàng: 123; Gia công tùy chỉnh: Có; In logo: Có thể; Thuộc tính thương mại: Bán hàng nội địa + ngoại thương; Số lượng hộp: 18; Thời gian đưa ra thị trường sản phẩm: 2023; Phân khúc giá",,
866602399026,home,"Chất liệu: Nhựa; Chức năng: Sắp xếp; Danh mục sản phẩm: Hộp đựng đồ để bàn; Thương hiệu: Chanh; Công suất: 1; Cảnh lưu trữ: Xe ô tô, Phòng khách, Phòng ngủ, Phòng làm việc, Vườn hoa, Nhà hàng, Nhà bếp, Hộp đựng giày, Phòng tắm, Trên bàn, Nhà vệ sinh, Ban công, Mang theo bên mình, Dưới giường, Phòng giặt ủi, Phòng đựng đồ, Bên trong ngăn kéo, Bên trong tủ quần áo, Xử lý doanh thu; Có nhập khẩu không: Không.1; Số model: Hộp rỗng; Vật liệu cụ thể: PP; Tỷ lệ vật liệu nhựa mới: 100% vật liệu mới; Đặc điểm hàng hóa: Có nắp; Phạm vi áp dụng: CD, Điều khiển từ xa, Tất, Áo len, Tạp chí, Văn phòng phẩm,","Chất liệu: Nhựa; Chức năng: Sắp xếp; Danh mục sản phẩm: Hộp đựng đồ để bàn; Thương hiệu: Qiaoning; Dung tích: 1; Cảnh lưu trữ: Xe ô tô, Phòng khách, Phòng ngủ, Phòng làm việc, Vườn, Nhà hàng, Nhà bếp, hộp giày, Phòng tắm, Trên bàn, Phòng tắm, Ban công, Mang theo bên mình, Dưới gầm giường, Phòng giặt, Phòng đựng đồ, Bên trong ngăn kéo, Bên trong tủ quần áo, Xử lý doanh thu; Có nhập khẩu không: Không; Model: Hộp rỗng; Vật liệu cụ thể: PP; Tỷ lệ vật liệu nhựa mới: 100% vật liệu mới; Đặc tính sản phẩm: Có nắp; Phạm vi áp dụng: CD, Điều khiển từ xa, Tất, Áo len, Tạp chí, Văn phòng phẩm, Điện thoại ",,
893967170040,home,"Vật liệu: nhựa; Chức năng: chống bụi; danh mục sản phẩm: Hộp lưu trữ máy tính để bàn; thương hiệu: Thành Xin; năng lực: 1; Cảnh lưu trữ: xe hơi, phòng khách, phòng ngủ, nghiên cứu, vườn, nhà hàng, nhà bếp, hộp giày, phòng tắm1, trên bàn, phòng tắm2, ban công, Mang nó theo bạn, dưới gầm giường, phòng giặt, phòng lưu trữ, Bên trong ngăn kéo, Trong tủ quần áo, Xử lý doanh thu; Có nhập khẩu không: KHÔNG1; mô hình: Hộp đựng đồ chống bụi để bàn; Vật liệu cụ thể: PET; Tỷ lệ vật liệu nhựa mới: Chất liệu mới 100%; Đặc tính sản phẩm: được bảo hiểm; Phạm vi áp dụng: giày dép, đồ lót, CD, điều khiển từ xa","Chất liệu: Nhựa; Chức năng: Chống bụi; Danh mục sản phẩm: Hộp đựng đồ để bàn; Thương hiệu: Chengxin; Dung tích: 1; Cảnh lưu trữ: Xe ô tô, Phòng khách, Phòng ngủ, Phòng làm việc, Vườn, Nhà hàng, Nhà bếp, hộp giày, Phòng tắm, Trên bàn, Phòng tắm, Ban công, Mang theo bên mình, Dưới gầm giường, Phòng giặt, Phòng đựng đồ, Bên trong ngăn kéo, Bên trong tủ quần áo, Xử lý doanh thu; Có nhập khẩu không: Không; Model: Hộp đựng đồ chống bụi để bàn; Vật liệu cụ thể: PET; Tỷ lệ vật liệu nhựa mới: 100% vật liệu mới; Đặc tính sản phẩm: Có nắp; Phạm vi áp dụng: giày, Đồ lót, CD, Điều khiển từ xa, Tất, Áo len,",,
830988330805,home,"Chất liệu: Nhựa; Thương hiệu: Phong cách trơn; Phong cách: phong cách Nhật Bản; Số mặt hàng: ASN990; In LOGO: Có thể1; Gia công tùy chỉnh: Có thể2; Phân khúc giá: 10-20 nhân dân tệ; Xuất xứ: Chiết Giang; Màu sắc: Không có nắp [không có lưới/lưu trữ áo ngực] thân thiện với da và không có mùi, Không có nắp [10 ngăn/bảo quản đồ lót] thân thiện với da và không có mùi, Không có nắp [15 ngăn/bảo quản tất] thân thiện với da và không có mùi, Không che [áo ngực + quần lót] thân thiện với da và không mùi, Không che chắn [áo ngực + tất] thân thiện với da và không mùi, Không che [đồ lót + tất] thân thiện ","Chất liệu: Nhựa; Thương hiệu: Sufengshang; Phong cách: Phong cách Nhật Bản; Số mặt hàng: ASN990; In logo: Có thể; Gia công tùy chỉnh: Có thể; Phân khúc giá: 10-20 nhân dân tệ; Xuất xứ: Chiết Giang; Màu sắc: Không có nắp [không có lưới/lưu trữ áo ngực] thân thiện với da và không có mùi, Không có nắp [10 ngăn/bảo quản đồ lót] thân thiện với da và không có mùi, Không có nắp [15 ngăn/bảo quản tất] thân thiện với da và không có mùi, Không che [áo ngực + quần lót] thân thiện với da và không mùi, Không che chắn [áo ngực + tất] thân thiện với da và không mùi, Không che [đồ lót + tất] thân thiện với da",,
1051925712166,home,"Chất liệu: Polypropylen (PP); Chức năng: Khác4; Danh mục sản phẩm: Hộp đựng router; Thương hiệu: Áo Hê; Dung lượng: 1; Các tình huống lưu trữ: Phòng khách, Phòng ngủ, Phòng làm việc; Có nhập khẩu không: Không2; Mẫu mã: Khác1; Đặc tính sản phẩm: Có thể gấp gọn; Phạm vi áp dụng: Trang sức, Khác2; Phong cách: Hiện đại tối giản; Họa tiết: Vân gỗ; Thông số kỹ thuật: Cỡ trung; Nguồn gốc: Chiết Giang; Mã hàng: 7266; Gia công theo yêu cầu: Không1; In thêm logo: Không được; Thuộc tính thương mại: Bán hàng nội địa + ngoại thương; Số lượng đóng thùng: Khác3; Thời điểm sản phẩm ra mắt thị trường: Mùa xuân","Chất liệu: Polypropylen (PP); Chức năng: Khác; Danh mục sản phẩm: Hộp đựng router; Thương hiệu: Aoxi; Dung tích: 1; Cảnh lưu trữ: Phòng khách, Phòng ngủ, Phòng làm việc; Có nhập khẩu không: Không; Model: Khác; Đặc tính sản phẩm: Có thể gấp gọn; Phạm vi áp dụng: Trang sức, Khác; Phong cách: Đơn giản hiện đại; Hoa văn: Vân gỗ; Quy cách: Cỡ trung; Xuất xứ: Chiết Giang; Số mặt hàng: 7266; Gia công tùy chỉnh: Không; In logo: Không thể; Thuộc tính thương mại: Bán hàng nội địa + ngoại thương; Số lượng hộp: Khác; Thời gian đưa ra thị trường sản phẩm: Mùa xuân năm 2026; Phân khúc giá: 5-10 nhân dân tệ;",,
1037724358281,home,"Chất liệu: Vải không dệt; Chức năng: Có thể gấp gọn, Chống thấm nước, Đa năng2, Di động, Sắp xếp2, kín, Có thể di chuyển, Chống bụi, Chống ẩm, Sắp xếp1, Phân chia nhiều tầng, Không cần cài đặt; Dung lượng: 40L-50L (bao gồm); Thương hiệu: Thiên Nhụy; Danh mục sản phẩm: Hộp đựng đồ phân loại; Có nhập khẩu không: Không1; Nguồn gốc: Thượng Nhiêu; Mẫu mã: Có nắp đậy; Phạm vi áp dụng: Đa năng1, Điện thoại, Khăn giấy, Mỹ phẩm, Áo ngực, Sách, thuốc, Đồ chơi, Dây điện, Chăn bông, Đồ lặt vặt, Dây tai nghe, Quần áo, Đồ dùng vệ sinh cá nhân, tài liệu, Quần áo bẩn, Sách và tạp chí, Quần áo thay, Cây thông ","Chất liệu: Vải không dệt; Chức năng: Có thể gấp gọn, Chống nước, Đa năng, Di động, Sắp xếp, con dấu, Có thể di chuyển, Chống bụi, Chống ẩm, Sắp xếp, Phân chia nhiều tầng, Không cần cài đặt; Dung tích: 40L-50L (bao gồm); Thương hiệu: Qianrui; Danh mục sản phẩm: Hộp đựng đồ phân loại; Có nhập khẩu không: Không; Xuất xứ: Thượng Nhiêu; Model: Có nắp đậy; Phạm vi áp dụng: Thông dụng, Điện thoại di động, Khăn giấy, Mỹ phẩm, Áo ngực, Sách, thuốc, Đồ chơi, Dây điện, Chăn bông, Đồ lặt vặt, Dây tai nghe, Quần áo, Đồ dùng vệ sinh cá nhân, tài liệu, Quần áo bẩn, Sách và tạp chí, Quần áo thay, Cây thông No",,
693530277120,home,"Chức năng: Đựng đồ, con dấu; Chất liệu: Nhựa; Danh mục sản phẩm: Hộp đựng trứng; Thương hiệu: Làm sạch; Có nên cung cấp nguồn cung độc quyền cho xuất khẩu xuyên biên giới hay không: là; Phong cách: Đơn giản; Khu vực bán hàng chính: Bắc Mỹ, Đông Bắc Á, Trung Đông, khác1; Các nền tảng hạ lưu chính: Trạm độc lập, LAZADA, khác2; Có những thương hiệu tư nhân được cấp phép.: Không.1; Xuất xứ: Sơn Tây; Số mặt hàng: DF-5025; Phân khúc giá: 1-59 nhân dân tệ; Có bằng sáng chế không: Không.2; Quy cách: Sữa trắng [1 lớp và 1 nắp] (có thể chứa 60 bánh bao), Sữa trắng [2 lớp và 1 nắp] (có thể chứa 120 bánh ","Chức năng: Sắp xếp, con dấu; Chất liệu: Nhựa; Danh mục sản phẩm: Hộp đựng trứng; Thương hiệu: Qiaojie; Có xuất khẩu xuyên biên giới dành riêng cho nguồn hàng không: Có; Phong cách: Đơn giản; Khu vực bán hàng chính: Bắc Mỹ, Đông Bắc Á, Trung Đông, Khác; Nền tảng hạ lưu chính: Trạm độc lập, LAZADA, Khác; Thương hiệu riêng được ủy quyền: Không; Xuất xứ: Sơn Tây; Số mặt hàng: DF-5025; Phân khúc giá: 1-59 nhân dân tệ; Có bằng sáng chế không: Không; Quy cách: Sữa trắng [1 lớp và 1 nắp] (có thể chứa 60 bánh bao), Sữa trắng [2 lớp và 1 nắp] (có thể chứa 120 bánh bao), Sữa trắng [3 lớp và 1 nắp] (có th",,
1050055064060,home,"Chất liệu: Vải Oxford; Chức năng: Có thể gấp gọn1; Danh mục sản phẩm: Hộp đựng đồ lót; Thương hiệu: Mộc Dã; Dung lượng: 38; Các tình huống lưu trữ: ô tô, Phòng khách, Phòng ngủ, Phòng làm việc, Vườn, Nhà hàng, hộp giày; Có nhập khẩu không: Không2; Mẫu mã: my0112; Đặc tính sản phẩm: Có thể gấp gọn2, Không nắp, Có thể xếp chồng; Phạm vi áp dụng: giày, Tất, Áo len, Văn phòng phẩm, Áo ngực, Đồ chơi, Chăn bông, Đồ lặt vặt, Quần áo, Quần áo bẩn, Khác; Phong cách: Hiện đại tối giản; Họa tiết: Màu trơn; Thông số kỹ thuật: Cỡ đại; Nguồn gốc: Chiết Giang; Mã hàng: my0111; Gia công theo yêu cầu: Không3; ","Chất liệu: Vải Oxford; Chức năng: Có thể gấp gọn; Danh mục sản phẩm: Hộp đựng đồ lót; Thương hiệu: Muye; Dung tích: 38; Cảnh lưu trữ: Xe ô tô, Phòng khách, Phòng ngủ, Phòng làm việc, Vườn, Nhà hàng, hộp giày; Có nhập khẩu không: Không; Model: MY011; Đặc tính sản phẩm: Có thể gấp gọn, Không nắp, Có thể xếp chồng lên nhau; Phạm vi áp dụng: giày, Tất, Áo len, Văn phòng phẩm, Áo ngực, Đồ chơi, Chăn bông, Đồ lặt vặt, Quần áo, Quần áo bẩn, Khác; Phong cách: Đơn giản hiện đại; Hoa văn: Màu trơn; Quy cách: Cỡ đại; Xuất xứ: Chiết Giang; Số mặt hàng: MY011; Gia công tùy chỉnh: Không; In logo: Có thể; Th",,
961164879471,home,"Chức năng: lưu trữ, Giữ tươi; Vật liệu: P.P.; danh mục sản phẩm: hộp giòn hơn; thương hiệu: Sở hữu; Có nên cung cấp nguồn cung độc quyền cho xuất khẩu xuyên biên giới hay không: là1; phong cách: Đơn giản; Khu vực bán hàng chính: khác; Các nền tảng hạ lưu chính: eBay, amazon, mong muốn, AliExpress, Trạm độc lập, LAZADA.; Có những thương hiệu tư nhân được cấp phép.: là2; Xuất xứ: Nghĩa Ô; Mã sản phẩm: 98120; Phân khúc giá: Trong vòng 5 nhân dân tệ; Có bằng sáng chế không?: KHÔNG1; đặc điểm kỹ thuật: 350ml [trần truồng], 650ml [trần truồng]; Có nên nhập khẩu hay không: KHÔNG2; bản quyền: không có","Chức năng: Sắp xếp, Giữ tươi; Chất liệu: P.P.; Danh mục sản phẩm: hộp giòn hơn; Thương hiệu: Ziyou; Có xuất khẩu xuyên biên giới dành riêng cho nguồn hàng không: Có; Phong cách: Đơn giản; Khu vực bán hàng chính: Khác; Nền tảng hạ lưu chính: eBay, Amazon, mong muốn, AliExpress, Trạm độc lập, LAZADA; Thương hiệu riêng được ủy quyền: Có; Xuất xứ: Nghĩa Ô; Số mặt hàng: 98120; Phân khúc giá: Trong vòng 5 nhân dân tệ; Có bằng sáng chế không: Không; Quy cách: 350ml [trần truồng], 650ml [trần truồng]; Có nhập khẩu không: Không; Bản quyền: Không có",,
1074485028355,home,"Chất liệu: 100% cotton1; Thương hiệu: Chỉ Phàm Hy; Số chỉ vải: 80 sợi; Công nghệ dệt: In nhuộm hoạt tính2; Kiểu dáng: Kiểu ga trải giường; Công nghệ in và nhuộm: In nhuộm hoạt tính1; Khối lượng: 1000g (tính cả) ~ 1500g (không tính); Phong cách: Phong cách hoạt hình, Phong cách chữa lành, phong cách ins; Mã hàng: 6355; Gia công theo yêu cầu: Đúng vậy; Họa tiết: Hoạt hình, Thực vật và hoa; Hoa văn: Paris - Thỏ mềm màu xanh sữa [Cấp độ mẹ và bé, mềm dẻo, có thể gặm nhấm], Paris - Mèo chấm bi [Cấp độ mẹ và bé, mềm dẻo, có thể gặm nhấm], Paris - Anh đào kem [Cấp độ mẹ và bé, mềm dẻo, có thể gặm nhấ","Chất liệu: bông nguyên chất; Thương hiệu: Zhifanxi; Chi số sợi vải: 80 sợi; Công nghệ dệt: In nhuộm hoạt tính; Kiểu dáng: Kiểu ga trải giường; Công nghệ in và nhuộm: In nhuộm hoạt tính; Trọng lượng: 1000g (tính cả) ~ 1500g (không tính); Phong cách: Phong cách hoạt hình, Phong cách chữa lành, phong cách ins; Số mặt hàng: 6355; Gia công tùy chỉnh: Có; Hoa văn: Hoạt hình, Thực vật và hoa; Hoa văn: Paris - Thỏ mềm màu xanh sữa [Cấp độ mẹ và bé, mềm dẻo, có thể gặm nhấm], Paris - Mèo chấm bi [Cấp độ mẹ và bé, mềm dẻo, có thể gặm nhấm], Paris - Anh đào kem [Cấp độ mẹ và bé, mềm dẻo, có thể gặm nhấm]",,
1009486809443,home,"Chất liệu: Vải cotton giặt; Thương hiệu: Mộ Đường Hiên; Số chỉ vải: Khác; Công nghệ dệt: Viền, Chần bông; Kiểu dáng: Kiểu ga trải giường; Công nghệ in và nhuộm: In nhuộm hoạt tính; Khối lượng: Dưới 500g (không bao gồm); Phong cách: Phong cách tối giản, phong cách ins; Mã hàng: sinuoyu; Gia công theo yêu cầu: Không2; Họa tiết: Màu trơn; Hoa văn: Trắng ánh trăng + Xanh muối biển | Loại A dành cho mẹ và bé / Mềm mại thân thiện với da, không xù lông, Vàng chanh | Loại A dành cho mẹ và bé / Mềm mại thân thiện với da, không xù lông, Xanh muối biển + Vàng kem | Cấp độ A dành cho mẹ và bé / Mềm mại th","Chất liệu: Bông giặt nước; Thương hiệu: Mutangxuan; Chi số sợi vải: Khác; Công nghệ dệt: Viền, Chần bông; Kiểu dáng: Kiểu ga trải giường; Công nghệ in và nhuộm: In nhuộm hoạt tính; Trọng lượng: Dưới 500g (không bao gồm); Phong cách: Phong cách tối giản, phong cách ins; Số mặt hàng: sinuoyu; Gia công tùy chỉnh: Không; Hoa văn: Màu trơn; Hoa văn: Trắng ánh trăng + Xanh muối biển | Loại A dành cho mẹ và bé / Mềm mại thân thiện với da, không xù lông, Vàng chanh | Loại A dành cho mẹ và bé / Mềm mại thân thiện với da, không xù lông, Xanh muối biển + Vàng kem | Cấp độ A dành cho mẹ và bé / Mềm mại th",,
903626142935,home,"Vật liệu: lụa; thương hiệu: Qiandie; Số lượng vải: 50 miếng; Quá trình dệt: thêu; phong cách: Loại tờ; Quá trình in và nhuộm: In và nhuộm phản ứng; Trọng lượng gram: Dưới 500g (không bao gồm); phong cách: Phong cách sang trọng nhẹ nhàng; số mặt hàng: 48969; Xử lý và tùy chỉnh: KHÔNG1; mẫu: màu rắn; Loại hoa: Mengdie-Pink Jade [Cấp độ ngủ khỏa thân hạng A], Mengdie-Xám bạc [Cấp độ ngủ khỏa thân hạng A], Mengdie-trắng và xám đậm [Cấp độ ngủ khỏa thân loại A], Mengdie-Milk White [Cấp độ ngủ khỏa thân hạng A], Mengdie-Sky Blue [Cấp độ ngủ khỏa thân hạng A], Tình yêu - trắng và xám đậm [Cấp độ ngủ ","Chất liệu: lụa; Thương hiệu: Qiandie; Chi số sợi vải: 50 miếng; Công nghệ dệt: Thêu hoa; Kiểu dáng: Kiểu ga trải giường; Công nghệ in và nhuộm: In nhuộm hoạt tính; Trọng lượng: Dưới 500g (không bao gồm); Phong cách: Phong cách sang trọng nhẹ nhàng; Số mặt hàng: 48969; Gia công tùy chỉnh: Không; Hoa văn: Màu trơn; Hoa văn: Mengdie-Pink Jade [Cấp độ ngủ khỏa thân hạng A], Mengdie-Xám bạc [Cấp độ ngủ khỏa thân hạng A], Mengdie-trắng và xám đậm [Cấp độ ngủ khỏa thân loại A], Mengdie-Milk White [Cấp độ ngủ khỏa thân hạng A], Mengdie-Sky Blue [Cấp độ ngủ khỏa thân hạng A], Tình yêu - trắng và xám đậ",,
942199636019,home,"Chất liệu: Bông1; Thương hiệu: Vải bông; Số lượng vải: Khác; Công nghệ dệt: Giặt nước, In hoa, Chần bông; Kiểu dáng: Kiểu ga giường; Quy trình in và nhuộm: In và nhuộm hoạt tính; Trọng lượng: 2000g (bao gồm) ~ 2500g (không bao gồm); Phong cách: Phong cách tối giản hiện đại; Số mặt hàng: PJeb5Xas; Gia công tùy chỉnh: Không.1; Hoa văn: Phim hoạt hình anime; Hình hoa: Phô mai và phô mai [loại A bà mẹ và trẻ sơ sinh/thân thiện với làn da và mềm mại], Người lùn cổ tích [Loại A dành cho bà mẹ và trẻ sơ sinh/thân thiện với làn da, mềm mại và không vón cục], Điểm sóng [Loại A dành cho bà mẹ và trẻ sơ ","Chất liệu: Bông; Thương hiệu: Mianeryouzhi; Chi số sợi vải: Khác; Công nghệ dệt: Giặt nước, In hoa, Chần bông; Kiểu dáng: Kiểu ga trải giường; Công nghệ in và nhuộm: In nhuộm hoạt tính; Trọng lượng: 2000g (bao gồm) ~ 2500g (không bao gồm); Phong cách: Phong cách tối giản hiện đại; Số mặt hàng: PJeb5Xas; Gia công tùy chỉnh: Không; Hoa văn: Hoạt hình; Kích thước: Giường 0.9m [bộ ga trải giường 3 món] - phù hợp với lõi chăn 150x200cm, Bộ ga giường 1.2m [bộ 4 món] - phù hợp với ruột chăn kích thước 150x200cm, Giường 1.5 m [bộ 4 kiểu ga trải giường]-phù hợp với lõi chăn 180x220cm, Bộ ga giường [Bộ ",,
781766368319,home,"Chất liệu: Polyester; Thương hiệu: Khác; Chức năng: Hút nước; Đối tượng áp dụng: Nồi/bát; Danh mục sản phẩm: Vải cọ rửa; Có nhập khẩu không: Không.1; Hoa văn: In hoa; Số mặt hàng: Vải lau người lười; Xuất xứ: Tỉnh Chiết Giang; Thời gian đưa ra thị trường sản phẩm: 2023; Thuộc tính thương mại: Thương mại nội địa; Bằng sáng chế: Không.2; Có gia công tùy chỉnh không: Không.3; Màu sắc: Màu trắng, Mẫu in hoa, Jacquard dày (in), Kiểu kẻ ca rô, Kiểu vân sóng; Quy cách: 20*20cm [30 viên], 20*20cm [50 viên], 20*25cm [50 viên], 25*25cm [50 viên], 20*20cm [100 viên], 25*25cm [100 viên], 20*20cm [200 viên","Chất liệu: Polyester; Thương hiệu: Khác; Chức năng: Hút nước; Đối tượng áp dụng: Nồi/bát; Danh mục sản phẩm: Vải cọ rửa; Có nhập khẩu không: Không; Hoa văn: In hoa; Số mặt hàng: Vải lau người lười; Xuất xứ: Chiết Giang; Thời gian đưa ra thị trường sản phẩm: 2023; Thuộc tính thương mại: Thương mại nội địa; Bằng sáng chế: Không; Có gia công tùy chỉnh không: Không; Màu sắc: Màu trắng, Mẫu in hoa, Jacquard dày (in), Kiểu kẻ ca rô, Kiểu vân sóng; Quy cách: 20*20cm [30 viên], 20*20cm [50 viên], 20*25cm [50 viên], 25*25cm [50 viên], 20*20cm [100 viên], 25*25cm [100 viên], 20*20cm [200 viên], 25*25cm ",,
764886324336,home,Chất liệu: Miếng bọt biển; Thương hiệu: Khác; Có nhập khẩu không: Không.2; Đối tượng áp dụng: Nồi/bát; Thuộc tính thương mại: Thương mại trong nước Ngoại thương; Trọng lượng: 5g; Xuất xứ: Chiết Giang; Thời gian đưa ra thị trường sản phẩm: 2022; Số mặt hàng: Vải cọ rửa; Màu sắc: Xám trắng xám (5 miếng); Có xuất khẩu xuyên biên giới dành riêng cho nguồn hàng không: Không.1; Có bằng sáng chế không: Không.3,Chất liệu: Miếng bọt biển; Thương hiệu: Khác; Có nhập khẩu không: Không; Đối tượng áp dụng: Nồi/bát; Thuộc tính thương mại: Bán hàng nội địa + ngoại thương; Trọng lượng: 5g; Xuất xứ: Chiết Giang; Thời gian đưa ra thị trường sản phẩm: 2022; Số mặt hàng: Vải cọ rửa; Màu sắc: Xám trắng xám (5 miếng); Có xuất khẩu xuyên biên giới dành riêng cho nguồn hàng không: Không; Có bằng sáng chế không: Không,,
756433469446,home,"Chất liệu: Silicon1; Chất liệu tay cầm: Silicon2; Thương hiệu: Yingsibai; Chức năng: Khác3, Chảo chống dính, Chống trượt, Chịu nhiệt độ cao, Chống bỏng; In LOGO: Có thể; Danh mục sản phẩm: Bộ dụng cụ xẻng thìa; Có nhập khẩu không: Không.; Số mặt hàng: GJ-56 Trắng-; Xuất xứ: Dương Giang; Gia công tùy chỉnh: Là1; Thời gian đưa ra thị trường sản phẩm: 2023; Phân khúc giá: 5-10 Nhân Dân tệ; Có bằng sáng chế không: Không có1; Kích thước: Xẻng nấu ăn, Thìa Canh, Muôi có lỗ, Xẻng chiên, Thìa Cơm, Bộ bốn chiếc, Bộ 5 chiếc; Số lượng Bộ dụng cụ: 【Đồ dùng nhà bếp Silicone cấp thực phẩm】; Nền tảng hạ lưu ","Chất liệu: Silicon; Chất liệu tay cầm: Silicon; Thương hiệu: Yingsibai; Chức năng: Khác, Chảo chống dính, Chống trượt, Chịu nhiệt độ cao, Chống bỏng; In logo: Có thể; Danh mục sản phẩm: Bộ dụng cụ xẻng thìa; Có nhập khẩu không: Không; Số mặt hàng: GJ-56 Trắng-; Xuất xứ: Dương Giang; Gia công tùy chỉnh: Có; Thời gian đưa ra thị trường sản phẩm: 2023; Phân khúc giá: 5-10 nhân dân tệ; Có bằng sáng chế không: Không có; Kích thước: Xẻng nấu ăn, Thìa Canh, Muôi có lỗ, Xẻng chiên, Thìa Cơm, Bộ bốn chiếc, Bộ 5 chiếc; Số lượng Bộ dụng cụ: [Đồ dùng nhà bếp Silicone cấp thực phẩm]; Nền tảng hạ lưu chính:",,
825057066179,home,"Chất liệu: Nhựa; Chức năng: Không cần cài đặt; Phân loại giá để đồ: Khác1; Thương hiệu: Không có thương hiệu; Phong cách: Khác2; Số mặt hàng: D#3699008713034695067; Có nhập khẩu không: Không.; Số lớp (thông số kỹ thuật): Bản nâng cấp mới rộng 22cm [5 tầng] Chỉ còn 8 chiếc _ khai trương cửa hàng mới [thua lỗ], Bản nâng cấp mới rộng 22cm [4 tầng] Chỉ còn 11 chiếc _ khai trương cửa hàng mới [thua lỗ], Bản nâng cấp mới rộng 22cm [3 tầng] Chỉ còn 16 chiếc _ khai trương cửa hàng mới [thua lỗ], Bản nâng cấp mới rộng 22cm [2 tầng] kiểu sàn thẳng _ khai trương cửa hàng mới [thua lỗ]; Có bằng sáng chế k","Chất liệu: Nhựa; Chức năng: Không cần cài đặt; Phân loại giá để đồ: Khác; Thương hiệu: Không thương hiệu; Phong cách: Khác; Số mặt hàng: D#3699008713034695067; Có nhập khẩu không: Không; Số lớp (thông số kỹ thuật): Bản nâng cấp mới rộng 22cm [5 tầng] Chỉ còn 8 chiếc _ khai trương cửa hàng mới [thua lỗ], Bản nâng cấp mới rộng 22cm [4 tầng] Chỉ còn 11 chiếc _ khai trương cửa hàng mới [thua lỗ], Bản nâng cấp mới rộng 22cm [3 tầng] Chỉ còn 16 chiếc _ khai trương cửa hàng mới [thua lỗ], Bản nâng cấp mới rộng 22cm [2 tầng] kiểu sàn thẳng _ khai trương cửa hàng mới [thua lỗ]; Có bằng sáng chế không: ",,
748339829636,home,"Chất liệu: Vải không dệt; Thương hiệu: Miaosen Yirui; Chức năng: Hút nước; Đối tượng áp dụng: Nồi/bát; Danh mục sản phẩm: Khăn rửa bát; Có nhập khẩu không: Không.1; Hoa văn: Màu trơn; Số mặt hàng: Khăn rửa bát có thể tháo rời; Xuất xứ: Chiết Giang; Thời gian đưa ra thị trường sản phẩm: 2023 mùa đông; Thuộc tính thương mại: Thương mại nội địa; Bằng sáng chế: Không.2; Có gia công tùy chỉnh không: Là1; Màu sắc: Giẻ có thể tháo rời [Matcha xanh]1, Giẻ có thể tháo rời [Bầu trời xanh]1, Giẻ có thể tháo rời [Xám bầu trời đầy sao]1, Khăn lau có thể tháo rời [phấn hoa anh đào]1, Giẻ có thể tháo rời [Ma","Chất liệu: Vải không dệt; Thương hiệu: Miaosenyirui; Chức năng: Hút nước; Đối tượng áp dụng: Nồi/bát; Danh mục sản phẩm: Khăn rửa bát; Có nhập khẩu không: Không; Hoa văn: Màu trơn; Số mặt hàng: Khăn rửa bát có thể tháo rời; Xuất xứ: Chiết Giang; Thời gian đưa ra thị trường sản phẩm: 2023 mùa đông; Thuộc tính thương mại: Thương mại nội địa; Bằng sáng chế: Không; Có gia công tùy chỉnh không: Có; Nền tảng hạ lưu chính: ebay, Amazon, wish, AliExpress, Trạm độc lập, LAZADA; Khu vực bán hàng chính: Châu Phi, Châu Âu, Nam Mỹ, Đông Nam Á, Bắc Mỹ, Đông Bắc Á, Trung Đông; Thương hiệu riêng được ủy quyền",,
693757350827,mother_baby,"Thành phần vải chính: PVC; Phù hợp với lứa tuổi: Trẻ sơ sinh (1 ~ 3 tuổi, 80 ~ 100cm); Số lượng bộ: Bộ hai chiếc; Dày mỏng: Bình thường; Tên vải: Sợi hóa học; Dài tay áo: Dài tay; chiều dài quần: quần; Loại nguồn: Hàng sẵn; Giới tính áp dụng: Trung tính/nam và nữ; Phong cách: Âu Mỹ; Loại hình bộ đồ: Bộ quần; Nội dung hộp quà: Quần áo; Xuất xứ: Chiết Giang; Thích hợp cho mùa: Mùa xuân, Mùa thu; Có mũ liền không: Không mũ liền; Công nghệ vải: Xử lý mềm mại; Hoa văn: Chữ cái; Ảnh thật: Ảnh chụp thực tế không có mô hình; Có tồn kho không: Không.; Mùa năm niêm yết: Mùa thu năm 2024; Nguyên tố: Bộ đ","Thành phần vải chính: PVC; Phù hợp với lứa tuổi: Trẻ sơ sinh và trẻ nhỏ (1~3 tuổi, 80~100cm); Số lượng bộ sản phẩm: Bộ hai món; Dày mỏng: Bình thường; Tên vải: Sợi hóa học; Dài tay áo: Dài tay; Chiều dài quần: Quần dài; Loại nguồn: Hàng sẵn; Giới tính áp dụng: Trung tính/nam và nữ; Phong cách: Âu Mỹ; Loại bộ sản phẩm: Bộ quần áo; Nội dung hộp quà: Quần áo; Xuất xứ: Chiết Giang; Phù hợp với mùa: Mùa xuân, Mùa thu; Có mũ liền không: Không mũ liền; Công nghệ vải: Xử lý mềm; Hoa văn: Chữ cái; Ảnh chụp thực tế: Ảnh thật, không có người mẫu; Có tồn kho không: Không; Năm/mùa ra mắt: Mùa thu năm 2024;",,
961649950604,mother_baby,"Thành phần vải chính: bông1; thương hiệu: Chúc bạn có giấc mơ ngọt ngào; Tên vải: bông2; Độ dày: Bình thường; Phù hợp với lứa tuổi: Trẻ sơ sinh (0~1 tuổi, cao 80cm trở xuống); hình dạng: leo núi dài; Chiều dài tay áo: tay áo dài; Có nên đội mũ trùm đầu hay không: Không có mũ trùm đầu; mức độ bảo mật: Lớp A; Quá trình không xương: là4; Phù hợp với mùa: mùa xuân và mùa thu, mùa xuân, mùa thu, Không giới hạn mùa; Mã sản phẩm: LT0036; Giới tính áp dụng: Unisex/Cả nam và nữ đều được chào đón; Hạng mục cung cấp: Hàng giao ngay; Năm và mùa ra mắt: Mùa thu năm 2025; Tiêu chuẩn lấy mẫu AQL: 2.5; Bước k","Thành phần vải chính: Bông; Thương hiệu: Tianmengtianxin; Tên vải: Bông; Dày mỏng: Bình thường; Phù hợp với lứa tuổi: Trẻ sơ sinh (0 ~ 1 tuổi, 80cm trở xuống); Kiểu dáng: Bộ liền thân; Dài tay áo: Dài tay; Có mũ liền không: Không mũ liền; Cấp độ an toàn: Loại A; Công nghệ không xương: Có; Phù hợp với mùa: Mùa xuân và mùa thu, Mùa xuân, Mùa thu, Không giới hạn mùa; Số mặt hàng: LT0036; Giới tính áp dụng: Trung tính/nam và nữ; Loại nguồn: Hàng sẵn; Năm/mùa ra mắt: Mùa thu năm 2025; Tiêu chuẩn lấy mẫu aql: 2.5; Máy may phẳng, khoảng cách mũi 12~14 mũi/3cm: Có; Có cắt tỉa sợi lông/sợi thừa không: ",,
937343354182,mother_baby,"Thành phần vải chính: Bông2; Phù hợp với lứa tuổi: Trẻ sơ sinh (1 ~ 3 tuổi, 80 ~ 100cm); Số lượng bộ: Bộ ba chiếc; thương hiệu: youyuetz; Dày mỏng: Bình thường; Tên vải: Bông1; Dài tay áo: Dài tay; chiều dài quần: quần; Số mặt hàng: TXT; Loại nguồn: Hàng sẵn; Giới tính áp dụng: Trung tính/nam và nữ; Phong cách: Thường ngày; Loại hình bộ đồ: Bộ quần; Nội dung hộp quà: Phụ kiện/vật tư quần áo; Xuất xứ: Chiết Giang; Thích hợp cho mùa: Mùa xuân, Mùa thu; Có mũ liền không: Không mũ liền; Công nghệ vải: Xử lý mềm mại; Hoa văn: Màu trơn, Hoạt hình1; Ảnh thật: Ảnh chụp thực tế không có mô hình; Có tồn","Thành phần vải chính: Bông; Phù hợp với lứa tuổi: Trẻ sơ sinh và trẻ nhỏ (1~3 tuổi, 80~100cm); Số lượng bộ sản phẩm: Bộ ba món; Thương hiệu: youyuetz; Dày mỏng: Bình thường; Tên vải: Bông; Dài tay áo: Dài tay; Chiều dài quần: Quần dài; Số mặt hàng: TXT; Loại nguồn: Hàng sẵn; Giới tính áp dụng: Trung tính/nam và nữ; Phong cách: Thường ngày; Loại bộ sản phẩm: Bộ quần áo; Nội dung hộp quà: Phụ kiện/vật tư quần áo; Xuất xứ: Chiết Giang; Phù hợp với mùa: Mùa xuân, Mùa thu; Có mũ liền không: Không mũ liền; Công nghệ vải: Xử lý mềm; Hoa văn: Màu trơn, Hoạt hình; Ảnh chụp thực tế: Ảnh thật, không có n",,
755457078041,electronics,"Loại chip: Acta; Chức năng: Chức năng gọi, Hỗ trợ âm nhạc; Thời lượng pin: 0-4 giờ; Thương hiệu: Trung tính; Hiệu suất chống nước: Không hỗ trợ chống thấm nước; Chất liệu: Nhựa; Cách sử dụng: Kiểu nhét tai; Phạm vi truyền tải: 10 mét; Giao thức Bluetooth: 5.3; Có phải đôi tai đơn không: Âm thanh nổi song phương; Màu sắc: Màu đen, Màu trắng; Nền tảng hạ lưu chính: AliExpress, Trạm độc lập, LAZADA, Khác1; Khu vực bán hàng chính: Đông Nam Á, Bắc Mỹ, Đông Bắc Á, Trung Đông, Khác2; Thương hiệu riêng được ủy quyền: Không.1; Có xuất khẩu xuyên biên giới dành riêng cho nguồn hàng không: Là; Hỗ trợ tùy","Loại chip: Acta; Chức năng: Chức năng gọi, Hỗ trợ âm nhạc; Thời lượng pin: 0-4 giờ; Thương hiệu: Không thương hiệu; Hiệu suất chống nước: Không hỗ trợ chống thấm nước; Chất liệu: Nhựa; Cách sử dụng: Trong tai; Phạm vi truyền tải: 10 mét; Giao thức bluetooth: 5.3; Có phải đôi tai đơn không: Âm thanh nổi song phương; Màu sắc: Màu đen, Màu trắng; Nền tảng hạ lưu chính: AliExpress, Trạm độc lập, LAZADA, Khác; Khu vực bán hàng chính: Đông Nam Á, Bắc Mỹ, Đông Bắc Á, Trung Đông, Khác; Thương hiệu riêng được ủy quyền: Không; Có xuất khẩu xuyên biên giới dành riêng cho nguồn hàng không: Có; Hỗ trợ tùy ",,
750111316179,electronics,"Loại pin: Tế bào pin lithium-ion polymer; Công suất sạc: 101; Chất liệu vỏ ngoài: Nhựa; Thương hiệu: Karrbin; Chức năng: Nhỏ gọn tiện dụng, Có khóa treo, Với đèn pin LED, Đi kèm với cáp dữ liệu, Đầu ra cổng Multi-U, Màn hình kỹ thuật số pin; Phân loại: Pin dự phòng; Loại pin: Pin lithium polymer; Giao thức sạc: QC2.0; Số mặt hàng: HZ-493s; Màu sắc: Màu đen, Màu hồng, Màu tím, Màu trắng, Màu đen (kiểu gương), Trắng (kiểu gương), Hồng (kiểu gương), Màu tím (kiểu gương), Màu đỏ (kiểu gương), Màu tím (nửa màn hình), Màu hồng (nửa màn hình), Trắng (nửa màn hình), Màu đen (nửa màn hình); Công suất đ","Loại pin: Pin lithium ion polymer; Công suất sạc: 10; Chất liệu vỏ ngoài: Nhựa; Thương hiệu: Karrbin; Chức năng: Nhỏ gọn tiện dụng, Có khóa treo, Với đèn pin LED, Đi kèm với cáp dữ liệu, Đầu ra cổng Multi-U, Màn hình kỹ thuật số pin; Phân loại: Sạc dự phòng; Loại pin: Pin lithium polymer; Giao thức sạc: QC2.0; Số mặt hàng: HZ-493s; Màu sắc: Màu đen, Màu hồng, Màu tím, Màu trắng, Màu đen (kiểu gương), Trắng (kiểu gương), Hồng (kiểu gương), Màu tím (kiểu gương), Màu đỏ (kiểu gương), Màu tím (nửa màn hình), Màu hồng (nửa màn hình), Trắng (nửa màn hình), Màu đen (nửa màn hình); Công suất điện: 100",,
675652186115,electronics,"Loại pin: Pin Lithium ion polymer; Công suất sạc: 10; Chất liệu vỏ ngoài: Nhựa; Thương hiệu: Yikoo; Chức năng: năng lượng mặt trời; phân loại: ngân hàng điện; Loại pin: Pin lithium-ion; Giao thức sạc: QC2.0; Số mặt hàng: Tùy chỉnh pin dự phòng năng lượng mặt trời; Màu sắc: Màu đen, Màu xanh lá, Màu cam; Công suất điện: 5000 mAh, 10000 mAh1, 20000 mAh; Kích thước: 149*73*20mm; Nền tảng hạ lưu chính: Ebay, Amazon, Wish, AliExpress, Trạm độc lập, LAZADA; Khu vực bán hàng chính: Châu Phi, Châu Âu, Nam Mỹ, Đông Nam Á, Bắc Mỹ, Đông Bắc Á, Trung Đông; Thương hiệu riêng được ủy quyền: Là1; Có xuất khẩ","Loại pin: Pin lithium ion polymer; Công suất sạc: 10; Chất liệu vỏ ngoài: Nhựa; Thương hiệu: Yikoo; Chức năng: năng lượng mặt trời; Phân loại: Sạc dự phòng; Loại pin: Pin lithium-ion; Giao thức sạc: QC2.0; Số mặt hàng: Tùy chỉnh sạc dự phòng năng lượng mặt trời; Màu sắc: Màu đen, Màu xanh lá, Màu cam; Công suất điện: 5000 mAh, 10000 mAh, 20000 mAh; Kích thước: 149*73*20mm; Nền tảng hạ lưu chính: Ebay, Amazon, Wish, AliExpress, Trạm độc lập, LAZADA; Khu vực bán hàng chính: Châu Phi, Châu Âu, Nam Mỹ, Đông Nam Á, Bắc Mỹ, Đông Bắc Á, Trung Đông; Thương hiệu riêng được ủy quyền: Có; Có xuất khẩu xu",,
920080333966,fashion,"Thành phần vải chính: Bông; Tên vải: 100% cotton; Kiểu dáng: Chui đầu; Công nghệ: In/in và nhuộm; Phù hợp với đám đông: Thanh thiếu niên; Thể loại: Áo phông áo ba lỗ; Phong cách: Volkswagen cơ bản; Hoa văn: Màu trơn; Kiểu dáng: Loại rời; Loại nguồn: Hàng sẵn; Chủng loại Taohuo: Thanh niên phổ biến (18-24 tuổi); Kiểu cổ áo: Cổ tròn; Dài tay áo: Cộc tay; Có mũ liền không: Không mũ liền; Dày mỏng: Dày dặn; Thích hợp cho mùa: Mùa hè, Mùa xuân, Bốn mùa; Phạm vi lỗi: 1-3cm; Năm/mùa niêm yết: Mùa hè 2025; Nội dung của thành phần vải chính: 96% trở lên; Kịch bản áp dụng: Thường ngày; Chủ đề in hoa: Tù","Thành phần vải chính: Bông; Tên vải: bông nguyên chất; Kiểu dáng: Chui đầu; Công nghệ: In/in và nhuộm; Đối tượng phù hợp: Thanh thiếu niên; Thể loại: Áo phông áo ba lỗ; Phong cách: Phổ thông; Hoa văn: Màu trơn; Form dáng: Loại rời; Loại nguồn: Hàng sẵn; Chủng loại taohuo: Thanh niên phổ biến (18-24 tuổi); Kiểu cổ áo: Cổ tròn; Dài tay áo: Cộc tay; Có mũ liền không: Không mũ liền; Dày mỏng: Dày dặn; Phù hợp với mùa: Mùa hè, Mùa xuân, Bốn mùa; Phạm vi lỗi: 1-3cm; Năm/mùa ra mắt: Mùa hè 2025; Tỉ lệ thành phần vải chính: 96% trở lên; Dịp sử dụng: Thường ngày; Chủ đề in hoa: Tùy chỉnh/DIY; Màu sắc: ",,
965040967737,fashion,Thành phần vải chính: Polyester (sợi polyester); Tên vải: Hỗn hợp sợi hóa học; hình dạng: áo thun1; thương hiệu: Thương hiệu độc lập; thủ công: Không cần ủi; Thích hợp cho đám đông: tuổi trung niên; chủng loại: Áo thun cổ bẻ; phong cách: Volkswagen cơ bản; Mã sản phẩm: 6616; mẫu: sọc; Phiên bản: Loại trang bị; Danh mục cung cấp: Hàng giao ngay; Danh mục taobao: Quý ông kinh doanh (trên 35 tuổi); Kiểu cổ áo: ve áo; Chiều dài tay áo: tay áo dài; Có nên đội mũ trùm đầu hay không: Không có mũ trùm đầu; Độ dày: thông thường1; Phù hợp với mùa: mùa xuân mùa thu; phạm vi lỗi: 0-2cm; Nó có trong kho kh,Thành phần vải chính: Polyester (sợi polyester); Tên vải: Sợi hóa học pha trộn; Kiểu dáng: Chui đầu; Thương hiệu: Zizhupinpai; Công nghệ: Xử lý không cần ủi; Đối tượng phù hợp: trung niên; Thể loại: Áo thun cổ bẻ; Phong cách: Phổ thông; Số mặt hàng: 6616; Hoa văn: Sọc; Form dáng: Loại vừa vặn; Loại nguồn: Hàng sẵn; Chủng loại taohuo: Quý ông kinh doanh (trên 35 tuổi); Kiểu cổ áo: ve áo; Dài tay áo: Dài tay; Có mũ liền không: Không mũ liền; Dày mỏng: Bình thường; Phù hợp với mùa: Mùa xuân thu; Phạm vi lỗi: 0-2cm; Có tồn kho không: Có; Loại hàng tồn kho: Toàn bộ đơn hàng; Năm/mùa ra mắt: Mùa thu,,
782069704754,fashion,Thành phần vải chính: Bông; Tên vải: 100% cotton; Kiểu dáng: Chui đầu; Thương hiệu: Verver; Công nghệ: Đá nóng2; Phù hợp với đám đông: Thanh Niên; Danh mục: áo thun cổ tròn; Phong cách: Volkswagen cơ bản; Số mặt hàng: T3052; Hoa văn: Chữ cái; Kiểu dáng: Dáng thon thả; Loại nguồn: Hàng sẵn; Chủng loại Taohuo: Thành phố thời trang (24-35 tuổi); Kiểu cổ áo: Cổ tròn; Dài tay áo: Cộc tay; Có mũ liền không: Không mũ liền; Dày mỏng: Mẫu mỏng; Thích hợp cho mùa: Mùa hè; Phạm vi lỗi: 1-3CM; Có tồn kho không: Là; Loại hàng tồn kho: Nguyên đơn; Năm/Mùa niêm yết: Mùa hè năm 2024; Nội dung của Thành phần v,Thành phần vải chính: Bông; Tên vải: bông nguyên chất; Kiểu dáng: Chui đầu; Thương hiệu: Verver; Công nghệ: Đá nóng; Đối tượng phù hợp: thanh niên; Thể loại: áo thun cổ tròn; Phong cách: Phổ thông; Số mặt hàng: T3052; Hoa văn: Chữ cái; Form dáng: Ôm vừa vặn; Loại nguồn: Hàng sẵn; Chủng loại taohuo: Thành phố thời trang (24-35 tuổi); Kiểu cổ áo: Cổ tròn; Dài tay áo: Cộc tay; Có mũ liền không: Không mũ liền; Dày mỏng: Mẫu mỏng; Phù hợp với mùa: Mùa hè; Phạm vi lỗi: 1-3CM; Có tồn kho không: Có; Loại hàng tồn kho: Toàn bộ đơn hàng; Năm/mùa ra mắt: Mùa hè năm 2024; Tỉ lệ thành phần vải chính: 81% (,,
868933031233,fashion,"Thành phần vải chính: bông; Tên vải: Bông nguyên chất; hình dạng: áo thun1; thương hiệu: kế hoạch ban đầu; thủ công: Không cần ủi; Thích hợp cho đám đông: thanh thiếu niên; chủng loại: áo sơ mi dài tay; phong cách: cổ điển Mỹ; Mã sản phẩm: Tay áo dài có thể in 500G; mẫu: màu trơn; Phiên bản: Loại lỏng lẻo; Danh mục cung cấp: Hàng giao ngay; Danh mục taobao: Thời trang trẻ (18-24 tuổi); Kiểu cổ áo: cổ tròn; Chiều dài tay áo: tay áo dài; Có nên đội mũ trùm đầu hay không: Không có mũ trùm đầu; Độ dày: làm dày; Phù hợp với mùa: mùa đông, bốn mùa; phạm vi lỗi: 1-3cm; Có tồn kho không: KHÔNG1; Năm/M","Thành phần vải chính: Bông; Tên vải: bông nguyên chất; Kiểu dáng: Chui đầu; Thương hiệu: Chujihua; Công nghệ: Xử lý không cần ủi; Đối tượng phù hợp: Thanh thiếu niên; Thể loại: áo sơ mi dài tay; Phong cách: cổ điển Mỹ; Số mặt hàng: Tay áo dài có thể in 500G; Hoa văn: Màu trơn; Form dáng: Loại rời; Loại nguồn: Hàng sẵn; Chủng loại taohuo: Thanh niên phổ biến (18-24 tuổi); Kiểu cổ áo: Cổ tròn; Dài tay áo: Dài tay; Có mũ liền không: Không mũ liền; Dày mỏng: Dày dặn; Phù hợp với mùa: Mùa đông, Bốn mùa; Phạm vi lỗi: 1-3cm; Có tồn kho không: Không; Năm/mùa ra mắt: Mùa xuân năm 2025; Tỉ lệ thành phần",,
803843685955,fashion,Thành phần vải chính: Bông; Tên vải: 100% cotton; Kiểu dáng: Chui đầu; Thương hiệu: Khác3; Công nghệ: Xử lý không cần ủi; Phù hợp với đám đông: Thanh thiếu niên; Thể loại: Áo thun ba lỗ; Phong cách: Volkswagen cơ bản; Số mặt hàng: E6075; Hoa văn: Hoạt hình; Kiểu dáng: Loại ống thẳng; Loại nguồn: Hàng sẵn; Chủng loại Taohuo: Thành phố thời trang (24-35 tuổi); Kiểu cổ áo: Cổ tròn; Dài tay áo: Cộc tay; Có mũ liền không: Không mũ liền; Dày mỏng: Bình thường; Thích hợp cho mùa: Mùa hè; Có tồn kho không: Là1; Loại hàng tồn kho: Nguyên đơn; Năm/Mùa niêm yết: Mùa hè năm 2024; Nội dung của Thành phần v,Thành phần vải chính: Bông; Tên vải: bông nguyên chất; Kiểu dáng: Chui đầu; Thương hiệu: Khác; Công nghệ: Xử lý không cần ủi; Đối tượng phù hợp: Thanh thiếu niên; Thể loại: Áo phông áo ba lỗ; Phong cách: Phổ thông; Số mặt hàng: E6075; Hoa văn: Hoạt hình; Form dáng: Loại ống thẳng; Loại nguồn: Hàng sẵn; Chủng loại taohuo: Thành phố thời trang (24-35 tuổi); Kiểu cổ áo: Cổ tròn; Dài tay áo: Cộc tay; Có mũ liền không: Không mũ liền; Dày mỏng: Bình thường; Phù hợp với mùa: Mùa hè; Có tồn kho không: Có; Loại hàng tồn kho: Toàn bộ đơn hàng; Năm/mùa ra mắt: Mùa hè năm 2024; Tỉ lệ thành phần vải chính:,,
901311914581,fashion,Thành phần vải chính: Bông; Tên vải: Bông pha; Kiểu dáng: Chui đầu; Thương hiệu: Khác1; Công nghệ: Khác3; Phù hợp với đám đông: Thanh niên; Thể loại: Áo phông áo ba lỗ; Phong cách: Thành phố; Số mặt hàng: 9207; Hoa văn: Màu trơn; Kiểu dáng: Loại rời; Loại nguồn: Hàng sẵn; Chủng loại Taohuo: Thành phố thời trang (24-35 tuổi); Kiểu cổ áo: Cổ tròn; Dài tay áo: Cộc tay; Có mũ liền không: Không mũ liền; Dày mỏng: Mẫu mỏng; Thích hợp cho mùa: Mùa hè; Phạm vi lỗi: Xem mô tả; Có tồn kho không: Là1; Loại hàng tồn kho: Nguyên đơn; Năm/mùa niêm yết: Mùa xuân năm 2025; Nội dung của thành phần vải chính: 8,Thành phần vải chính: Bông; Tên vải: Bông pha; Kiểu dáng: Chui đầu; Thương hiệu: Khác; Công nghệ: Khác; Đối tượng phù hợp: thanh niên; Thể loại: Áo phông áo ba lỗ; Phong cách: Thành phố; Số mặt hàng: 9207; Hoa văn: Màu trơn; Form dáng: Loại rời; Loại nguồn: Hàng sẵn; Chủng loại taohuo: Thành phố thời trang (24-35 tuổi); Kiểu cổ áo: Cổ tròn; Dài tay áo: Cộc tay; Có mũ liền không: Không mũ liền; Dày mỏng: Mẫu mỏng; Phù hợp với mùa: Mùa hè; Phạm vi lỗi: Xem mô tả; Có tồn kho không: Có; Loại hàng tồn kho: Toàn bộ đơn hàng; Năm/mùa ra mắt: Mùa xuân năm 2025; Tỉ lệ thành phần vải chính: 81% cotton 1,,
785640136390,fashion,"Thành phần vải chính: Sợi polyester (polyester); Tên vải: Polyester (sợi polyester); Kiểu dáng: Dáng thon thả; Dài tay áo: Cộc tay; Thương hiệu: Ảnh XUEANTOUL; Thủ công đặc biệt: In/in và nhuộm; Dày mỏng: Bình thường; Phong cách: Volkswagen cơ bản; Loại nguồn: Hàng sẵn; Hoa văn: Kẻ Sọc; Thích hợp cho mùa: Mùa hè; Chủng loại Taohuo: Thành phố thời trang (24-35 tuổi); Số mặt hàng: 5128; Năm/Mùa niêm yết: Mùa hè năm 2024; Nội dung của Thành phần vải chính: 96% trở lên; Màu sắc: Màu trắng, Màu đen; Kích cỡ: M, L, XL, XXL, XXXL, XXXXL; Nguồn thiết kế ban đầu: Không.1; Có báo cáo kiểm tra chất lượng","Thành phần vải chính: Sợi polyester (polyester); Tên vải: Polyester (sợi polyester); Form dáng: Ôm vừa vặn; Dài tay áo: Cộc tay; Thương hiệu: XUEANTOUL; Thủ công đặc biệt: In/in và nhuộm; Dày mỏng: Bình thường; Phong cách: Phổ thông; Loại nguồn: Hàng sẵn; Hoa văn: Sọc; Phù hợp với mùa: Mùa hè; Chủng loại taohuo: Thành phố thời trang (24-35 tuổi); Số mặt hàng: 5128; Năm/mùa ra mắt: Mùa hè năm 2024; Tỉ lệ thành phần vải chính: 96% trở lên; Màu sắc: Màu trắng, Màu đen; Kích cỡ: M, L, XL, XXL, XXXL, XXXXL; Nguồn thiết kế ban đầu: Không; Có báo cáo kiểm tra chất lượng không: Không; Chức năng chất l",,
902063010496,fashion,"Thành phần vải chính: Polyester (sợi polyester); Tên vải: Sợi hóa học pha trộn; Kiểu dáng: Chui đầu; thương hiệu: đại dương bảy ngày; Công nghệ: Xử lý không cần ủi; Phù hợp với đám đông: Thanh thiếu niên; Thể loại: Áo thun; Phong cách: Volkswagen cơ bản; Số mặt hàng: Mèo có túi D; Hoa văn: Hoạt hình; Kiểu dáng: Loại rời; Loại nguồn: Hàng sẵn; Chủng loại Taohuo: Thành phố thời trang (24-35 tuổi); Kiểu cổ áo: Cổ tròn; Dài tay áo: Cộc tay; Có mũ liền không: Không mũ liền; Dày mỏng: Bình thường; Thích hợp cho mùa: Mùa hè, Mùa xuân, Mùa thu; Phạm vi lỗi: 2; Có tồn kho không: Không.1; Năm/mùa niêm y","Thành phần vải chính: Polyester (sợi polyester); Tên vải: Sợi hóa học pha trộn; Kiểu dáng: Chui đầu; Thương hiệu: Qitianhai; Công nghệ: Xử lý không cần ủi; Đối tượng phù hợp: Thanh thiếu niên; Thể loại: Áo phông áo ba lỗ; Phong cách: Phổ thông; Số mặt hàng: Mèo có túi D; Hoa văn: Hoạt hình; Form dáng: Loại rời; Loại nguồn: Hàng sẵn; Chủng loại taohuo: Thành phố thời trang (24-35 tuổi); Kiểu cổ áo: Cổ tròn; Dài tay áo: Cộc tay; Có mũ liền không: Không mũ liền; Dày mỏng: Bình thường; Phù hợp với mùa: Mùa hè, Mùa xuân, Mùa thu; Phạm vi lỗi: 2; Có tồn kho không: Không; Năm/mùa ra mắt: Mùa hè 2025;",,
794552137265,fashion,"Thành phần vải chính: Polyester (sợi polyester); Tên vải: Sợi hóa học pha trộn; Kiểu dáng: Chui đầu; Thương hiệu: Không có1; Công nghệ: Không có2; Phù hợp với đám đông: Thanh niên; Thể loại: Áo phông áo ba lỗ; Phong cách: Volkswagen cơ bản; Số mặt hàng: DF-50; Hoa văn: Màu trơn; Kiểu dáng: Loại vừa vặn; Loại nguồn: Hàng sẵn; Chủng loại Taohuo: Quý ông doanh nhân (trên 35 tuổi); Kiểu cổ áo: Cổ tròn; Dài tay áo: Cộc tay; Có mũ liền không: Không mũ liền; Dày mỏng: Mẫu mỏng; Thích hợp cho mùa: Mùa hè, Bốn mùa; Phạm vi lỗi: 1-2; Có tồn kho không: Là1; Loại hàng tồn kho: Nguyên đơn; Năm/mùa niêm yết","Thành phần vải chính: Polyester (sợi polyester); Tên vải: Sợi hóa học pha trộn; Kiểu dáng: Chui đầu; Thương hiệu: Không thương hiệu; Công nghệ: Không có; Đối tượng phù hợp: thanh niên; Thể loại: Áo phông áo ba lỗ; Phong cách: Phổ thông; Số mặt hàng: DF-50; Hoa văn: Màu trơn; Form dáng: Loại vừa vặn; Loại nguồn: Hàng sẵn; Chủng loại taohuo: Quý ông doanh nhân (trên 35 tuổi); Kiểu cổ áo: Cổ tròn; Dài tay áo: Cộc tay; Có mũ liền không: Không mũ liền; Dày mỏng: Mẫu mỏng; Phù hợp với mùa: Mùa hè, Bốn mùa; Phạm vi lỗi: 1-2; Có tồn kho không: Có; Loại hàng tồn kho: Toàn bộ đơn hàng; Năm/mùa ra mắt: M",,
896616118579,fashion,"Thành phần vải chính: Vải lanh; Tên vải: Lụa thật; phong cách: Kiểu in; Công nghệ: Xử lý không cần ủi; Phù hợp với đám đông: Thanh niên; danh mục: Áo thun ngắn tay; Phong cách: Thời trang trẻ trung; Số mặt hàng: J712; Hoa văn: Kẻ sọc; Kiểu dáng: Loại rời; Loại nguồn: Hàng sẵn; Dài tay áo: Cộc tay; Dày mỏng: Bình thường; Thích hợp cho mùa: Mùa hè; Có tồn kho không: Là; Năm/mùa niêm yết: Mùa hè 2025; Nội dung của thành phần vải chính: 30% trở xuống; Kịch bản áp dụng: Hàng ngày; Màu sắc: Màu đen, Màu nâu, Màu xanh quân đội, Màu xám đậm; Kích cỡ: M, L, XL, XXL, 3XL, 4XL, 5XL; Kiểu tay áo: Thông th","Thành phần vải chính: Vải lanh; Tên vải: Lụa thật; Kiểu dáng: Kiểu in; Công nghệ: Xử lý không cần ủi; Đối tượng phù hợp: thanh niên; Thể loại: Áo thun ngắn tay; Phong cách: Thời trang trẻ trung; Số mặt hàng: J712; Hoa văn: Sọc; Form dáng: Loại rời; Loại nguồn: Hàng sẵn; Dài tay áo: Cộc tay; Dày mỏng: Bình thường; Phù hợp với mùa: Mùa hè; Có tồn kho không: Có; Năm/mùa ra mắt: Mùa hè 2025; Tỉ lệ thành phần vải chính: 30% trở xuống; Dịp sử dụng: Hàng ngày; Màu sắc: Màu đen, Màu nâu, Màu xanh quân đội, Màu xám đậm; Kích cỡ: M, L, XL, XXL, 3XL, 4XL, 5XL; Kiểu tay áo: Thông thường; Nguồn thiết kế ba",,
928638337377,food,"thương hiệu: khác; Danh mục sản phẩm: Que cua; Nội dung ròng (thông số kỹ thuật): 8; Nguyên liệu và thành phần: Xem bao bì3; thời hạn sử dụng: 270; Quy trình sản xuất: ngâm; Số tiêu chuẩn sản phẩm: Xem bao bì1; Có nên nhập khẩu không: KHÔNG1; lớp: Xem bao bì2; nhà sản xuất: Thức ăn thú vị (Fujian) Food Co., Ltd.; nơi xuất xứ: Phúc Kiến; Phương thức bán hàng: gói; ngày sản xuất: mới; Phương pháp lưu trữ: Bảo quản ở nơi thoáng mát và thông gió.; Mã vạch sản phẩm: 6970712503295; Số giấy phép sản xuất: SC12235058203863; số mặt hàng: LM; Thông số kỹ thuật đóng gói: 10 gói hương vị nguyên bản, 20 gó","Thương hiệu: Khác; Danh mục sản phẩm: Que cua; Khối lượng tịnh (quy cách): 8; Nguyên liệu và thành phần: Xem bao bì; Thời hạn sử dụng: 270; Quy trình sản xuất: ngâm; Số tiêu chuẩn sản phẩm: Xem bao bì; Có nhập khẩu không: Không; Lớp: Xem bao bì; Nhà sản xuất: Thức ăn thú vị (Phúc Kiến) Food Co., Ltd; Xuất xứ: Phúc Kiến; Phương thức bán hàng: Đóng gói; Ngày sản xuất: mới; Phương pháp bảo quản: Bảo quản ở nơi thoáng mát và thông gió; Mã vạch sản phẩm: 6970712503295; Số giấy phép sản xuất: SC12235058203863; Số mặt hàng: LM; Thông số kỹ thuật đóng gói: 10 gói hương vị nguyên bản, 20 gói hương vị n",,
694924651242,food,"Thương hiệu: Vương gia; Thời hạn sử dụng: 365; Có nhập khẩu không: Không.1; Giống: Bánh quy1; Vị: Nguyên vị; Tác dụng đặc biệt: Không có; Phương thức bán hàng: Đóng gói sẵn; Số tiêu chuẩn sản phẩm: GB/T 20980; Xuất xứ: Quảng Đông; Nhà sản xuất: Công ty TNHH Thực phẩm Zhiton Quảng Châu; Ngày sản xuất: Xem trên bao bì; Phương pháp bảo quản: Thông gió khô; Nội dung tịnh (thông số kỹ thuật): 72/200/208/300/320/328/454/500/908; Số giấy phép sản xuất: SC10844011402744; Số mặt hàng: Bánh quy2; Thông số kỹ thuật đóng gói: 72g bánh quy nguyên bản * 1 hộp, 72g bánh quy vị matcha * 1 hộp, 72g bánh quy sô","Thương hiệu: Huangguanshijia; Thời hạn sử dụng: 365; Có nhập khẩu không: Không; Giống: Bánh quy; Hương vị: Hương vị nguyên bản; Tác dụng đặc biệt: Không có; Phương thức bán hàng: Đóng gói sẵn; Số tiêu chuẩn sản phẩm: GB/T 20980; Xuất xứ: Quảng Đông; Nhà sản xuất: Công ty TNHH Thực phẩm Zhiton Quảng Châu; Ngày sản xuất: Xem trên bao bì; Phương pháp bảo quản: Thông gió khô; Khối lượng tịnh (quy cách): 72/200/208/300/320/328/454/500/908; Số giấy phép sản xuất: SC10844011402744; Số mặt hàng: Bánh quy; Thông số kỹ thuật đóng gói: 72g bánh quy nguyên bản * 1 hộp, 72g bánh quy vị matcha * 1 hộp, 72g ",,
1069310120152,food,"Danh mục sản phẩm: Trà Chính Sơn Tiểu Chủng2; Thương hiệu: Nan Yuan Hào; Cách thức bán hàng: Đã đóng gói sẵn; Cấp độ: Cao cấp; Nguyên liệu và thành phần: Trà Chính Sơn Tiểu Chủng1; Có hộp quà không: Không2; Thời hạn sử dụng: 36; Có nhập khẩu không: Không1; Nguồn gốc xuất xứ: Phúc Kiến; Hàm lượng tịnh (quy cách): 500g1; Ngày sản xuất: Xem bao bì3; Nhà sản xuất: Xem bao bì1; Phương pháp bảo quản: kín; Mã tiêu chuẩn sản phẩm: Xem bao bì2; Quy cách đóng gói: 500g2, 250g; Số giấy phép sản xuất: SC11435078222533; Các tình huống sử dụng: Dùng trong gia đình; Chứng nhận sản phẩm: Không3; Hình thức đón","Danh mục sản phẩm: Trà Chính Sơn Tiểu Chủng; Thương hiệu: Nanyuanhao; Phương thức bán hàng: Đóng gói sẵn; Cấp độ: Đặc biệt; Nguyên liệu và thành phần: Trà Chính Sơn Tiểu Chủng; Có đóng hộp quà không: Không; Thời hạn sử dụng: 36; Có nhập khẩu không: Không; Xuất xứ: Phúc Kiến; Khối lượng tịnh (quy cách): 500g; Ngày sản xuất: Xem bao bì; Nhà sản xuất: Xem bao bì; Phương pháp bảo quản: con dấu; Số tiêu chuẩn sản phẩm: Xem bao bì; Thông số kỹ thuật đóng gói: 500g, 250g; Số giấy phép sản xuất: SC11435078222533; Dịp sử dụng: Gia dụng; Chứng nhận sản phẩm: Không; Hình thức đóng gói: túi; Xuất xứ: Trun",,
640617419505,food,"Danh mục sản phẩm: Thiết Quan Âm; Cấp độ: Hạng đặc biệt; Khu vực sản xuất: Ô long Nam Phúc Kiến; Thời hạn sử dụng: 12 tháng trở lên; Vị giác: Êm dịu ngọt mát; Mức độ chống bọt: 6-8; Nội dung tịnh (thông số kỹ thuật): 500; Xuất xứ: Tuyền Châu, Phúc Kiến; Thương hiệu: Suối núi cao; Có nhập khẩu không: Không.; Số giấy phép sản xuất: SC11435052403878; Phương thức bán hàng: Đóng gói; Bao bì bên trong: Bộ trà pha trà; Bao bì bên ngoài: Hộp quà tặng; Ngày sản xuất: Ngày 8 tháng 1 năm 2021; Số mặt hàng: Sản phẩm hoàng gia 001; Thông số kỹ thuật đóng gói: Dahongpao không có bộ trà đầy đủ, Jin Junmei kh","Danh mục sản phẩm: Thiết Quan Âm; Cấp độ: Đặc biệt; Khu vực sản xuất: Ô long Nam Phúc Kiến; Thời hạn sử dụng: 12 tháng trở lên; Hương vị: Êm dịu ngọt mát; Mức độ chống bọt: 6-8; Khối lượng tịnh (quy cách): 500; Xuất xứ: Tuyền Châu, Phúc Kiến; Thương hiệu: Liugaoshan; Có nhập khẩu không: Không; Số giấy phép sản xuất: SC11435052403878; Phương thức bán hàng: Đóng gói; Bao bì bên trong: Bộ trà pha trà; Bao bì bên ngoài: Hộp quà tặng; Ngày sản xuất: Ngày 8 tháng 1 năm 2021; Số mặt hàng: Sản phẩm hoàng gia 001; Thông số kỹ thuật đóng gói: Đại Hồng Bào không có bộ trà đầy đủ, Jin Tuấn Mi không có bộ ",,
1065344039594,food,"Thương hiệu: Tín Thịnh Đường; Các loại trà: Trà lúa mạch; Cách thức bán hàng: Đã đóng gói sẵn; Hàm lượng tịnh (quy cách): 250; Nguyên liệu và thành phần: Lúa mạch; Công nghệ thực phẩm: Phơi khô; Có chứa đường không: Không đường; Có hộp quà không: Không4; Có nhập khẩu không: Không1; Nguồn gốc xuất xứ: An Huy; Thời hạn sử dụng: 18 tháng; Ngày sản xuất: Xem bao bì; Nhà sản xuất: Công ty TNHH Phát triển Công nghiệp Sức khỏe Đức Nhung Đường, thành phố Bác; Phương pháp bảo quản: Mát mẻ, khô ráo; Mã tiêu chuẩn sản phẩm: gh/t1091; Số giấy phép sản xuất: SC10634166032718; Mã hàng: 6976182797127; Quy cá","Thương hiệu: Xinshengtang; Các loại trà: Trà lúa mạch; Phương thức bán hàng: Đóng gói sẵn; Khối lượng tịnh (quy cách): 250; Nguyên liệu và thành phần: Lúa mạch; Công nghệ thực phẩm: Phơi khô; Có chứa đường không: Không đường; Có đóng hộp quà không: Không; Có nhập khẩu không: Không; Xuất xứ: An Huy; Thời hạn sử dụng: 18 tháng; Ngày sản xuất: Xem bao bì; Nhà sản xuất: Công ty TNHH Phát triển Công nghiệp Sức khỏe Đức Nhung Đường, thành phố Bác; Phương pháp bảo quản: Khô mát; Số tiêu chuẩn sản phẩm: GH/T1091; Số giấy phép sản xuất: SC10634166032718; Số mặt hàng: 6976182797127; Thông số kỹ thuật đó",,
1004131004078,food,"Thương hiệu: Nan Yuan Hào; Các loại trà: Trà hoa nhài; Cách thức bán hàng: Đã đóng gói sẵn; Hàm lượng tịnh (quy cách): 500; Nguyên liệu và thành phần: Hoa nhài; Công nghệ thực phẩm: Hương liệu; Có chứa đường không: Không đường; Có hộp quà không: Không3; Có nhập khẩu không: Không1; Nguồn gốc xuất xứ: Quảng Tây; Thời hạn sử dụng: 18 tháng; Ngày sản xuất: Xem bao bì1; Nhà sản xuất: Xem bao bì2; Phương pháp bảo quản: kín; Mã tiêu chuẩn sản phẩm: Xem bao bì3; Số giấy phép sản xuất: SC11445018100565; Mã hàng: M; Quy cách đóng gói: Trà hoa nhài 250g (một hộp thủy tinh), Trà hoa nhài 500g (hộp thủy ti","Thương hiệu: Nanyuanhao; Các loại trà: Trà hoa nhài; Phương thức bán hàng: Đóng gói sẵn; Khối lượng tịnh (quy cách): 500; Nguyên liệu và thành phần: Hoa nhài; Công nghệ thực phẩm: Hương liệu; Có chứa đường không: Không đường; Có đóng hộp quà không: Không; Có nhập khẩu không: Không; Xuất xứ: Quảng Tây; Thời hạn sử dụng: 18 tháng; Ngày sản xuất: Xem bao bì; Nhà sản xuất: Xem bao bì; Phương pháp bảo quản: con dấu; Số tiêu chuẩn sản phẩm: Xem bao bì; Số giấy phép sản xuất: SC11445018100565; Số mặt hàng: m; Thông số kỹ thuật đóng gói: Trà hoa nhài 250g (một hộp thủy tinh), Trà hoa nhài 500g (hộp th",,
1005835501635,food,"Quy trình sản xuất trà: Trà chín; Hàm lượng tịnh (quy cách): 100 gram2; Có hộp quà không: Không3; Danh mục sản phẩm: Phổ Nhĩ sống; Thương hiệu: Không thương hiệu; Cách thức bán hàng: Đã đóng gói sẵn; Khu trà: Các vùng trồng trà khác; Nhà sản xuất: Công ty TNHH Trà Phượng Hoàng Nam Giản; Ngày sản xuất: Ngày 08 tháng 4 năm 2024; Số giấy phép sản xuất: SC11453292611221; Mã vạch sản phẩm: 0000000000000; Phương pháp bảo quản: Trong môi trường sạch sẽ, thông thoáng, tránh ánh sáng, khô ráo và không có mùi lạ; Có nhập khẩu không: Không2; Quy cách đóng gói: 100 gram1; Thời hạn sử dụng: 9999 ngày; Năm ","Quy trình sản xuất trà: Trà chín; Khối lượng tịnh (quy cách): 100 gram; Có hộp quà không: Không; Danh mục sản phẩm: Phổ Nhĩ sống; Thương hiệu: Không thương hiệu; Phương thức bán hàng: Đóng gói sẵn; Khu trà: Các vùng trồng trà khác; Nhà sản xuất: Công ty TNHH Trà Phượng Hoàng Nam Giản; Ngày sản xuất: Ngày 08 tháng 4 năm 2024; Số giấy phép sản xuất: SC11453292611221; Mã vạch sản phẩm: 0000000000000; Phương pháp bảo quản: Trong môi trường sạch sẽ, thông thoáng, tránh ánh sáng, khô ráo và không có mùi lạ; Có nhập khẩu không: Không; Thông số kỹ thuật đóng gói: 100 gram; Thời hạn sử dụng: 9999 ngày;",,
969693923404,food,thương hiệu: Kyoto; Các loại trà: Trà thơm; Phương thức bán hàng: Số lượng lớn; Nội dung ròng (đặc điểm kỹ thuật): 1 lon; Nguyên liệu và thành phần: Khác nhau; công nghệ thực phẩm: bong bóng nóng1; Nó có chứa đường không?: Chứa đường; Quà tặng có đóng hộp hay không: KHÔNG2; Có nên nhập khẩu hay không: KHÔNG1; nơi xuất xứ: An Huy; thời hạn sử dụng: 12 tháng; ngày sản xuất: gần đây; nhà sản xuất: Công ty TNHH Sản phẩm sức khỏe Bozhou Yali Baihua; Phương pháp lưu trữ: làm lạnh; Số tiêu chuẩn sản phẩm: Q/BYL0001S; Số giấy phép sản xuất: SC11634160210019; Thông số kỹ thuật đóng gói: Trà hạt Ziziphu,"Thương hiệu: Jingyutang; Các loại trà: Trà hoa; Phương thức bán hàng: Số lượng lớn; Khối lượng tịnh (quy cách): 1 lon; Nguyên liệu và thành phần: Khác nhau; Công nghệ thực phẩm: Nước ấm; Có chứa đường không: Có đường; Có đóng hộp quà không: Không; Có nhập khẩu không: Không; Xuất xứ: An Huy; Thời hạn sử dụng: 12 tháng; Ngày sản xuất: Gần đây; Nhà sản xuất: Công ty TNHH Sản phẩm sức khỏe Bạc Châu Yali Baihua; Phương pháp bảo quản: Làm lạnh; Số tiêu chuẩn sản phẩm: Q/BYL0001S; Số giấy phép sản xuất: SC11634160210019; Thông số kỹ thuật đóng gói: Trà hạt Ziziphus, hoa huệ và phục linh 15g, Trà Bồ C",,
926536142941,home,Chất liệu: Giấy; Chức năng: Tủ lạnh; Danh mục sản phẩm: Hộp đựng khăn giấy; Thương hiệu: Khác1; Công suất: 150; Cảnh lưu trữ: Phòng tắm; Có nhập khẩu không: Là1; Nước xuất xứ/khu vực: Mexico; Vật liệu cụ thể: Khác2; Đặc điểm hàng hóa: Có ca rô; Phạm vi áp dụng: Tất; Phong cách: Sang trọng nhẹ nhàng; Hoa văn: Vòng tròn; Quy cách: 60*40*30cm; Số mặt hàng: Khác3; Gia công tùy chỉnh: Là2; In LOGO: Có thể; Thuộc tính thương mại: Thương mại trong nước và ngoại thương; Số lượng hộp: Khác4; Thời gian đưa ra thị trường sản phẩm: Mùa đông năm 2015; Phân khúc giá: 20-30 nhân dân tệ; Bằng sáng chế: Là3; M,Chất liệu: Giấy; Chức năng: Làm lạnh; Danh mục sản phẩm: Hộp đựng khăn giấy; Thương hiệu: Khác; Dung tích: 150; Cảnh lưu trữ: Phòng tắm; Có nhập khẩu không: Có; Quốc gia/khu vực xuất xứ: Mexico; Vật liệu cụ thể: Khác; Đặc tính sản phẩm: Có ca rô; Phạm vi áp dụng: Tất; Phong cách: Sang trọng nhẹ nhàng; Hoa văn: Vòng tròn; Quy cách: 60*40*30cm; Số mặt hàng: Khác; Gia công tùy chỉnh: Có; In logo: Có thể; Thuộc tính thương mại: Bán hàng nội địa + ngoại thương; Số lượng hộp: Khác; Thời gian đưa ra thị trường sản phẩm: Mùa đông năm 2015; Phân khúc giá: 20-30 nhân dân tệ; Bằng sáng chế: Có; Màu sắc: ,,
974390057858,home,"vật liệu: thú cưng; Chức năng: Có nắp; Danh mục sản phẩm: hộp đựng trang sức; thương hiệu: Khác1; công suất: 2; Giải pháp lưu trữ: Khác2, phòng ngủ, trên bàn, Bên trong ngăn kéo; Có nên nhập khẩu hay không: không1; Mô hình: hộp đựng phụ kiện tóc1; Tính năng sản phẩm: được che phủ; Phạm vi ứng dụng: đồ trang sức, Cáp/dây tai nghe; phong cách: Sự đơn giản hiện đại; Mẫu: Màu trơn; Thông số kỹ thuật: trung bình; nguồn gốc: Chiết Giang; Mã sản phẩm: hộp đựng phụ kiện tóc2; Xử lý và tùy chỉnh: không2; In LOGO: không thể; Thuộc tính thương mại: Thương mại nội địa + ngoại thương; Số lượng hộp: 63; Thờ","Chất liệu: thú cưng; Chức năng: Có nắp; Danh mục sản phẩm: hộp đựng trang sức; Thương hiệu: Khác; Dung tích: 2; Cảnh lưu trữ: Khác, Phòng ngủ, Trên bàn, Bên trong ngăn kéo; Có nhập khẩu không: Không; Model: hộp đựng phụ kiện tóc; Đặc tính sản phẩm: Có nắp; Phạm vi áp dụng: Trang sức, Dây/dây tai nghe; Phong cách: Đơn giản hiện đại; Hoa văn: Màu trơn; Quy cách: Cỡ trung; Xuất xứ: Chiết Giang; Số mặt hàng: hộp đựng phụ kiện tóc; Gia công tùy chỉnh: Không; In logo: Không thể; Thuộc tính thương mại: Bán hàng nội địa + ngoại thương; Số lượng hộp: 63; Thời gian đưa ra thị trường sản phẩm: 2025; Phân",,
907722411856,home,"Chất liệu: pet; Chức năng: Sắp xếp; Danh mục sản phẩm: Hộp đựng đồ để bàn; Thương hiệu: Giao lưu; Công suất: 1; Cảnh lưu trữ: Phòng khách, Phòng ngủ, Phòng làm việc, Trên bàn; Có nhập khẩu không: Không.1; Số model: Hộp đựng đồ; Đặc điểm hàng hóa: Có thể xếp chồng lên nhau; Phạm vi áp dụng: Khác; Phong cách: Đơn giản hiện đại; Hoa văn: Màu trơn; Quy cách: 25.7*10*7.5cm; Xuất xứ: Nghĩa Ô; Số mặt hàng: 0316; Gia công tùy chỉnh: Không.2; In LOGO: Không thể.; Thuộc tính thương mại: Thương mại trong nước và ngoại thương; Số lượng hộp: 132; Thời gian đưa ra thị trường sản phẩm: 2025; Phân khúc giá: 5","Chất liệu: pet; Chức năng: Sắp xếp; Danh mục sản phẩm: Hộp đựng đồ để bàn; Thương hiệu: Yuehui; Dung tích: 1; Cảnh lưu trữ: Phòng khách, Phòng ngủ, Phòng làm việc, Trên bàn; Có nhập khẩu không: Không; Model: Hộp đựng đồ; Đặc tính sản phẩm: Có thể xếp chồng lên nhau; Phạm vi áp dụng: Khác; Phong cách: Đơn giản hiện đại; Hoa văn: Màu trơn; Quy cách: 25.7*10*7.5cm; Xuất xứ: Nghĩa Ô; Số mặt hàng: 0316; Gia công tùy chỉnh: Không; In logo: Không thể; Thuộc tính thương mại: Bán hàng nội địa + ngoại thương; Số lượng hộp: 132; Thời gian đưa ra thị trường sản phẩm: 2025; Phân khúc giá: 5-10 nhân dân tệ;",,
638634391821,home,"Chất liệu: Nhựa; Chức năng: Sắp xếp; Danh mục sản phẩm: Hộp đựng đồ để bàn; Thương hiệu: Thú vị; Công suất: 13; Cảnh lưu trữ: Phòng ngủ, Phòng làm việc, Phòng tắm, Trên bàn, Phòng đựng đồ; Có nhập khẩu không: Không.1; Mô hình: Hộp đựng đồ dạng ngăn kéo; Vật liệu cụ thể: PP/PS; Tỷ lệ vật liệu nhựa mới: 100% vật liệu mới; Tính năng sản phẩm: Khác; Phạm vi áp dụng: Văn phòng phẩm, Mỹ phẩm, Áo ngực, Thuốc; Phong cách: Kiểu Nhật; Hoa văn: Màu trơn; Quy cách: Cỡ vừa; Xuất xứ: Chiết Giang; Số mặt hàng: 1212; Gia công tùy chỉnh: Không.2; In LOGO: Có thể; Thuộc tính thương mại: Thương mại nội địa; Số l","Chất liệu: Nhựa; Chức năng: Sắp xếp; Danh mục sản phẩm: Hộp đựng đồ để bàn; Thương hiệu: Quna; Dung tích: 13; Cảnh lưu trữ: Phòng ngủ, Phòng làm việc, Phòng tắm, Trên bàn, Phòng đựng đồ; Có nhập khẩu không: Không; Model: Hộp đựng đồ dạng ngăn kéo; Vật liệu cụ thể: PP/PS; Tỷ lệ vật liệu nhựa mới: 100% vật liệu mới; Đặc tính sản phẩm: Khác; Phạm vi áp dụng: Văn phòng phẩm, Mỹ phẩm, Áo ngực, thuốc; Phong cách: Phong cách Nhật Bản; Hoa văn: Màu trơn; Quy cách: Cỡ trung; Xuất xứ: Chiết Giang; Số mặt hàng: 1212; Gia công tùy chỉnh: Không; In logo: Có thể; Thuộc tính thương mại: Thương mại nội địa; S",,
891771870727,home,"Chất liệu: Nhựa; Chức năng: Sắp xếp; Danh mục sản phẩm: Hộp đựng đồ để bàn; Thương hiệu: Khác; Công suất: 2; Cảnh lưu trữ: Phòng khách, Phòng ngủ, Phòng làm việc, Nhà hàng, Nhà bếp, Phòng tắm, Trên bàn; Có nhập khẩu không: Không.1; Số model: 93831; Vật liệu cụ thể: PP; Tỷ lệ vật liệu nhựa mới: 100% vật liệu mới; Đặc điểm hàng hóa: Không nắp1, Có thể xếp chồng lên nhau; Phạm vi áp dụng: Đồ lót, Điều khiển từ xa, Tất, Tạp chí, Văn phòng phẩm, Điện thoại di động, Mỹ phẩm, Đồ chơi, Đồ lặt vặt; Phong cách: Đơn giản hiện đại; Hoa văn: Màu trơn; Quy cách: Cỡ to; Xuất xứ: Chiết Giang; Số mặt hàng: 938","Chất liệu: Nhựa; Chức năng: Sắp xếp; Danh mục sản phẩm: Hộp đựng đồ để bàn; Thương hiệu: Khác; Dung tích: 2; Cảnh lưu trữ: Phòng khách, Phòng ngủ, Phòng làm việc, Nhà hàng, Nhà bếp, Phòng tắm, Trên bàn; Có nhập khẩu không: Không; Model: 9383; Vật liệu cụ thể: PP; Tỷ lệ vật liệu nhựa mới: 100% vật liệu mới; Đặc tính sản phẩm: Không nắp, Có thể xếp chồng lên nhau; Phạm vi áp dụng: Đồ lót, Điều khiển từ xa, Tất, Tạp chí, Văn phòng phẩm, Điện thoại di động, Mỹ phẩm, Đồ chơi, Đồ lặt vặt; Phong cách: Đơn giản hiện đại; Hoa văn: Màu trơn; Quy cách: Cỡ lớn; Xuất xứ: Chiết Giang; Số mặt hàng: 9383; Gia",,
862365553308,home,"Chất liệu: Nhựa; Chức năng: Sắp xếp; Danh mục sản phẩm: Hộp đựng đồ để bàn; Thương hiệu: Chanh; Công suất: 11; Cảnh lưu trữ: Xe ô tô, Phòng khách, Phòng ngủ, Phòng làm việc, Vườn hoa, Nhà hàng, Nhà bếp, Hộp đựng giày, Phòng tắm, Trên bàn, Nhà vệ sinh, Ban công, Mang theo bên mình, Dưới giường, Phòng giặt ủi, Phòng đựng đồ, Bên trong ngăn kéo, Bên trong tủ quần áo, Xử lý doanh thu; Có nhập khẩu không: Không.1; Số model: Hộp rỗng; Vật liệu cụ thể: PP; Tỷ lệ vật liệu nhựa mới: 100% vật liệu mới; Đặc điểm hàng hóa: Có nắp; Phạm vi áp dụng: Tất, Áo len, Tạp chí, Văn phòng phẩm, Điện thoại di động, ","Chất liệu: Nhựa; Chức năng: Sắp xếp; Danh mục sản phẩm: Hộp đựng đồ để bàn; Thương hiệu: Qiaoning; Dung tích: 1; Cảnh lưu trữ: Xe ô tô, Phòng khách, Phòng ngủ, Phòng làm việc, Vườn, Nhà hàng, Nhà bếp, hộp giày, Phòng tắm, Trên bàn, Phòng tắm, Ban công, Mang theo bên mình, Dưới gầm giường, Phòng giặt, Phòng đựng đồ, Bên trong ngăn kéo, Bên trong tủ quần áo, Xử lý doanh thu; Có nhập khẩu không: Không; Model: Hộp rỗng; Vật liệu cụ thể: PP; Tỷ lệ vật liệu nhựa mới: 100% vật liệu mới; Đặc tính sản phẩm: Có nắp; Phạm vi áp dụng: Tất, Áo len, Tạp chí, Văn phòng phẩm, Điện thoại di động, Khăn giấy, Rộ",,
1007098487207,home,"塑料品种: PP; 用途: 收纳盒; Tần số phát: Hộp vuông 5.5, kích thước ngoài 5.5*5.5*2cm1, Hộp vuông 6.5, kích thước ngoài 6.5*6.5*2cm2, Hộp vuông 9.5, kích thước ngoài 9.5*9.5*2.8cm2, 11 Hộp vuông, kích thước ngoài 11*11*3.3cm2, Hộp chữ nhật 6.5, kích thước ngoài 6.5*4.5*2cm1, Hộp chữ nhật 8.5, kích thước ngoài 8.5*6*2.5cm2, Hộp đựng nút tai, kích thước ngoài 3.5*3.5*1.7cm1, Hộp hình chữ nhật 11.5, kích thước bên ngoài 11.5*8.5*2.8cm1, Hộp chữ nhật 7.5, kích thước ngoài 7.5*5*2.1cm1, Hộp chữ nhật 5.5, kích thước ngoài 5.5*4*2cm1, Hộp hình chữ nhật, kích thước bên ngoài 4,5 x 3,5 x 2 cm.1, Hộp chữ nhật 10.","Xuất xứ: Nghĩa Ô; Quốc gia/khu vực xuất xứ: Trung Quốc; Gia công tùy chỉnh: Có; Thương hiệu: Bincheng; Nền tảng hạ lưu chính: wish, Amazon, Pinduoduo, Trạm độc lập, AliExpress, LAZADA, ebay; Có xuất khẩu xuyên biên giới dành riêng cho nguồn hàng không: Không",,
1015571824695,home,"Chất liệu: Nhựa; Chức năng: Có thể xếp chồng2; Danh mục sản phẩm: Các loại hộp đựng khác; Thương hiệu: Dưới danh tiếng; Dung lượng: 1.5; Các tình huống lưu trữ: Phòng khách, Phòng ngủ, Phòng làm việc, Vườn, Nhà hàng, Nhà bếp, Phòng tắm1, Trên bàn, Phòng tắm2, Ban công, Phòng giặt, Phòng kho, Trong ngăn kéo, Trong tủ quần áo; Có nhập khẩu không: Không1; Mẫu mã: 80091; Chất liệu cụ thể: Đổi benzene; Tỷ lệ nhựa nguyên sinh: 100% vật liệu mới; Đặc tính sản phẩm: Có nắp, Có thể xếp chồng1, Có chia ngăn; Phạm vi áp dụng: giày, Trang sức, Mỹ phẩm, thuốc, Đồ lặt vặt, Khác3; Phong cách: Phong cách Nhật","Chất liệu: Nhựa; Chức năng: Có thể xếp chồng lên nhau; Danh mục sản phẩm: Các loại hộp đựng khác; Thương hiệu: Yuxia; Dung tích: 1.5; Cảnh lưu trữ: Phòng khách, Phòng ngủ, Phòng làm việc, Vườn, Nhà hàng, Nhà bếp, Phòng tắm, Trên bàn, Phòng tắm, Ban công, Phòng giặt, Phòng đựng đồ, Bên trong ngăn kéo, Bên trong tủ quần áo; Có nhập khẩu không: Không; Model: 8009; Vật liệu cụ thể: Đổi benzene; Tỷ lệ vật liệu nhựa mới: 100% vật liệu mới; Đặc tính sản phẩm: Có nắp, Có thể xếp chồng lên nhau, Có ca rô; Phạm vi áp dụng: giày, Trang sức, Mỹ phẩm, thuốc, Đồ lặt vặt, Khác; Phong cách: Phong cách Nhật Bả",,
677122518250,home,"Chức năng: Tiện dụng, Đựng đồ, Bảo quản, Niêm phong; Chất liệu: PP; Danh mục sản phẩm: hộp đựng đồ giòn; Thương hiệu: Không có1; Có xuất khẩu xuyên biên giới dành riêng cho nguồn hàng không: Không.1; Phong cách: Kiểu Nhật; Thương hiệu riêng được ủy quyền: Là; Xuất xứ: Nghĩa Ô; Số mặt hàng: C3006; Phân khúc giá: 1-59 Nhân Dân tệ; Có bằng sáng chế không: Không.2; Quy cách: Ô 5 phút, Ô 6 phút, Cỡ nhỏ 4 phân ô; Có nhập khẩu không: Không.3; Màu sắc: Hộp đựng tủ lạnh nhiều ngăn; Bản quyền: Không có2; 3: Hộp đựng và chuẩn bị Rau; 1: 分格冰箱保鲜食物收纳盒; 2: Hộp bảo quản nguyên liệu thịt hộp đông lạnh hộp tỏi ","Chức năng: Tiện dụng, Sắp xếp, Bảo quản, con dấu; Chất liệu: PP; Danh mục sản phẩm: hộp đựng đồ giòn; Thương hiệu: Không thương hiệu; Có xuất khẩu xuyên biên giới dành riêng cho nguồn hàng không: Không; Phong cách: Phong cách Nhật Bản; Thương hiệu riêng được ủy quyền: Có; Xuất xứ: Nghĩa Ô; Số mặt hàng: C3006; Phân khúc giá: 1-59 Nhân Dân tệ; Có bằng sáng chế không: Không; Quy cách: Ô 5 phút, Ô 6 phút, Cỡ nhỏ 4 phân ô; Có nhập khẩu không: Không; Màu sắc: Hộp đựng tủ lạnh nhiều ngăn; Bản quyền: Không có; 3: Hộp đựng và chuẩn bị Rau; 2: Hộp bảo quản nguyên liệu thịt hộp đông lạnh hộp tỏi hành tây",,
900173662432,home,"Chất liệu: Nhựa; Chức năng: Sắp xếp; Danh mục sản phẩm: Hộp đựng đồ để bàn; Thương hiệu: Tứ Xuyên Hàng Châu; Công suất: 12; Cảnh lưu trữ: nhà bếp, phòng tắm1, trên bàn, Phòng tắm2, ban công; Có nhập khẩu không: Không.1; Số model: ZX8589/96261; Vật liệu cụ thể: PP; Tỷ lệ vật liệu nhựa mới: 100% vật liệu mới; Đặc điểm hàng hóa: Có thể gấp gọn, Có nắp, Có thể xếp chồng lên nhau; Phạm vi áp dụng: Chăn bông, Đồ lặt vặt, Quần áo, Dây/dây tai nghe, Khác; Phong cách: Hoạt hình dễ thương; Hoa văn: Như hình; Quy cách: Hình chữ nhật/hình vuông; Xuất xứ: Thái Châu; Số mặt hàng: ZX8589/96262; Gia công tùy ","Chất liệu: Nhựa; Chức năng: Sắp xếp; Danh mục sản phẩm: Hộp đựng đồ để bàn; Thương hiệu: Chuanhang; Dung tích: 12; Cảnh lưu trữ: Nhà bếp, Phòng tắm, Trên bàn, Phòng tắm, Ban công; Có nhập khẩu không: Không; Model: ZX8589/9626; Vật liệu cụ thể: PP; Tỷ lệ vật liệu nhựa mới: 100% vật liệu mới; Đặc tính sản phẩm: Có thể gấp gọn, Có nắp, Có thể xếp chồng lên nhau; Phạm vi áp dụng: Chăn bông, Đồ lặt vặt, Quần áo, Dây/dây tai nghe, Khác; Phong cách: Hoạt hình dễ thương; Hoa văn: Như hình; Quy cách: Hình chữ nhật/hình vuông; Xuất xứ: Đài Châu; Số mặt hàng: ZX8589/9626; Gia công tùy chỉnh: Có; In logo:",,
965391367349,home,"Vật liệu: nhựa; Chức năng: sắp xếp; danh mục sản phẩm: Hộp lưu trữ máy tính để bàn; thương hiệu: kho báu; năng lực: 12; Cảnh lưu trữ: phòng khách, phòng ngủ, nghiên cứu, vườn, nhà hàng, nhà bếp, phòng tắm1, bàn, phòng tắm2, ban công, phòng giặt, phòng lưu trữ, Bên trong tủ quần áo, Xử lý doanh thu; Có nên nhập khẩu hay không: KHÔNG1; Vật liệu cụ thể: pp; Tỷ lệ vật liệu nhựa mới: Chất liệu mới 100%; Đặc tính sản phẩm: không có nắp1, Có thể xếp chồng lên nhau; Phạm vi áp dụng: giày, đồ lót, đĩa CD, điều khiển từ xa, tất, áo len, tạp chí, văn phòng phẩm, điện thoại di động, khăn giấy, rộng, Mỹ ph","Chất liệu: Nhựa; Chức năng: Sắp xếp; Danh mục sản phẩm: Hộp đựng đồ để bàn; Thương hiệu: Zhenpin; Dung tích: 12; Cảnh lưu trữ: Phòng khách, Phòng ngủ, Phòng làm việc, Vườn, Nhà hàng, Nhà bếp, Phòng tắm, Trên bàn, Phòng tắm, Ban công, Phòng giặt, Phòng đựng đồ, Bên trong tủ quần áo, Xử lý doanh thu; Có nhập khẩu không: Không; Vật liệu cụ thể: pp; Tỷ lệ vật liệu nhựa mới: 100% vật liệu mới; Đặc tính sản phẩm: Không nắp, Có thể xếp chồng lên nhau; Phạm vi áp dụng: giày, Đồ lót, đĩa CD, Điều khiển từ xa, Tất, Áo len, Tạp chí, Văn phòng phẩm, Điện thoại di động, Khăn giấy, Rộng rãi, Mỹ phẩm, Áo ngự",,
1058777297316,home,"Chất liệu: Bông3; Thương hiệu: Hí Trí Phi; Số chỉ vải: Khác; Công nghệ dệt: In nhuộm hoạt tính2; Kiểu dáng: Kiểu ga trải giường; Công nghệ in và nhuộm: In nhuộm hoạt tính1; Khối lượng: 2000g (bao gồm) ~ 2500g (không bao gồm); Phong cách: Phong cách Fair Isle; Mã hàng: Hề Trí Phi-2026-597988; Gia công theo yêu cầu: Đúng vậy; Họa tiết: Họa tiết hình học, Hoạt hình, Thực vật và hoa; Hoa văn: Hạt dẻ ngọt - Vườn hoa nhiều màu sắc [Chất lượng xuất khẩu, an toàn cho mẹ và bé], Chó nơ xanh Sweet Chestnut [Chất lượng xuất khẩu, dùng được cho mẹ và bé], Thỏ cảnh sát củ cải ngọt [Chất lượng xuất khẩu, dù","Chất liệu: Bông; Thương hiệu: Xizhifei; Chi số sợi vải: Khác; Công nghệ dệt: In nhuộm hoạt tính; Kiểu dáng: Kiểu ga trải giường; Công nghệ in và nhuộm: In nhuộm hoạt tính; Trọng lượng: 2000g (bao gồm) ~ 2500g (không bao gồm); Phong cách: Phong cách Fair Isle; Số mặt hàng: Hề Trí Phi-2026-597988; Gia công tùy chỉnh: Có; Hoa văn: Hoa văn hình học, Hoạt hình, Thực vật và hoa; Hoa văn: Hạt dẻ ngọt - Vườn hoa nhiều màu sắc [Chất lượng xuất khẩu, an toàn cho mẹ và bé], Chó nơ xanh Sweet Chestnut [Chất lượng xuất khẩu, dùng được cho mẹ và bé], Thỏ cảnh sát củ cải ngọt [Chất lượng xuất khẩu, dùng được",,
1008552380818,home,"Chất liệu: Bông sợi dài; Thương hiệu: Sĩ Á Đình; Số chỉ vải: 100 miếng.; Công nghệ dệt: Thêu, In nhuộm hoạt tính2; Kiểu dáng: Kiểu ga trải giường; Công nghệ in và nhuộm: In nhuộm hoạt tính1; Khối lượng: 3000g (bao gồm) - 3500g (không bao gồm); Phong cách: Phong cách hiện đại; Mã hàng: Bộ chăn ga gối 4 món 100% cotton; Gia công theo yêu cầu: Đúng vậy1; Họa tiết: Màu trơn; Hoa văn: Tiffany - màu kaki, Tiffany - Trắng ngà, Tiffany - Nâu sữa, Tiffany - Tím đậu nhạt, Tiffany - Xám nhạt, Tiffany - Xanh nước biển, Tiffany - Đỏ Ấm Áp; Kích thước: 【Bộ ga trải giường】Bộ 4 món 1.5m - Vỏ chăn 200x230, 【Ki","Chất liệu: Bông sợi dài; Thương hiệu: Siyating; Chi số sợi vải: 100 miếng; Công nghệ dệt: Thêu, In nhuộm hoạt tính; Kiểu dáng: Kiểu ga trải giường; Công nghệ in và nhuộm: In nhuộm hoạt tính; Trọng lượng: 3000g (bao gồm) - 3500g (không bao gồm); Phong cách: Phong cách hiện đại; Gia công tùy chỉnh: Có; Hoa văn: Màu trơn; Hoa văn: Tiffany - màu kaki, Tiffany - Trắng ngà, Tiffany - Nâu sữa, Tiffany - Tím đậu nhạt, Tiffany - Xám nhạt, Tiffany - Xanh nước biển, Tiffany - Đỏ Ấm Áp; Kích thước: [Bộ ga trải giường]Bộ 4 món 1.5m - Vỏ chăn 200x230, [Kiểu ga trải giường]Bộ 4 món 1.8m - Vỏ chăn 200x230, [K",,
914111280200,home,"Chất liệu: Bông nhung dài; Thương hiệu: FILON VIRO/FULAN VINO (ga trải giường vải); Số lượng vải: 60 cái; Công nghệ dệt: Vân chéo, Chần bông; Kiểu dáng: Kiểu ga giường; Quy trình in và nhuộm: In và nhuộm hoạt tính; Trọng lượng: 1500g (bao gồm) ~ 2000g (không bao gồm); Phong cách: Phong cách bình dị; Số mặt hàng: RL--100 % vải cotton nguyên chất; Gia công tùy chỉnh: Là; Hoa văn: Cây hoa; Hình hoa: Xiancao (mô hình bùng nổ!), Hoa anh đào (phong cách bùng nổ!), Lần đầu tiên tận hưởng thời gian (phong cách bùng nổ!), Monica (mô hình nóng bỏng!), Nghệ thuật thưởng trà (phong cách bùng nổ!), Wanran ","Chất liệu: Bông sợi dài; Thương hiệu: FILON VIRO; Chi số sợi vải: 60 miếng; Công nghệ dệt: Vân chéo, Chần bông; Kiểu dáng: Kiểu ga trải giường; Công nghệ in và nhuộm: In nhuộm hoạt tính; Trọng lượng: 1500g (bao gồm) ~ 2000g (không bao gồm); Phong cách: Phong cách bình dị; Số mặt hàng: RL--100 % vải cotton nguyên chất; Gia công tùy chỉnh: Có; Hoa văn: Thực vật và hoa; Hoa văn: Xiancao (mô hình bùng nổ!), Hoa anh đào (phong cách bùng nổ!), Lần đầu tiên tận hưởng thời gian (phong cách bùng nổ!), Monica (mô hình nóng bỏng!), Nghệ thuật thưởng trà (phong cách bùng nổ!), Wanran (mô hình bùng nổ!), V",,
745677796150,home,"Chất liệu: Bông nhung dài1; Thương hiệu: Có thể được OEM; Số lượng vải: 200 chiếc; Công nghệ dệt: Thêu Hoa; Kiểu dáng: Kiểu ga giường; Quy trình in và nhuộm: In và nhuộm hoạt tính; Trọng lượng: 500g (bao gồm) ~ 800g (không bao gồm); Phong cách: Phong cách sang trọng nhẹ nhàng; Số mặt hàng: XIAOHONGHUAJIAJU; Gia công tùy chỉnh: Không.1; Hoa văn: Màu trơn; Hình hoa: Chloe-Đỏ cao cấp, Chloe-Công chúa bột, Chloe-Sữa lắc trắng, Chloe-màu cam ấm, Chloe-Vàng sâm banh; Kích thước thông số kỹ thuật: Bộ 4 chiếc giường 1.5 [Vỏ chăn 200*230cm Ga trải giường 245*245cm Vỏ gối 48*74cm2 chỉ], Bộ 4 chiếc giườn","Chất liệu: Bông sợi dài; Thương hiệu: Ketiepai; Chi số sợi vải: 200 chiếc; Công nghệ dệt: Thêu hoa; Kiểu dáng: Kiểu ga trải giường; Công nghệ in và nhuộm: In nhuộm hoạt tính; Trọng lượng: 500g (bao gồm) ~ 800g (không bao gồm); Phong cách: Phong cách sang trọng nhẹ nhàng; Số mặt hàng: XIAOHONGHUAJIAJU; Gia công tùy chỉnh: Không; Hoa văn: Màu trơn; Hoa văn: Chloe-Đỏ cao cấp, Chloe-Công chúa bột, Chloe-Sữa lắc trắng, Chloe-màu cam ấm, Chloe-Vàng sâm banh; Kích thước: Bộ 4 chiếc giường 1.5 [Vỏ chăn 200*230cm Ga trải giường 245*245cm Vỏ gối 48*74cm2 chỉ], Bộ 4 chiếc giường 1.8 [Vỏ chăn 200*230cm Ga",,
811810010118,home,"Chất liệu: Bông tinh khiết; Thương hiệu: Khác; Số lượng vải: 40 que; Công nghệ dệt: jacquard; Kiểu dáng: Kiểu ga giường; Quy trình in và nhuộm: In và nhuộm phản ứng; Trọng lượng: 3500g (đã bao gồm) - 4000g (chưa bao gồm), 500g (đã bao gồm) ~ 800g (chưa bao gồm); Phong cách: Phong cách tối giản hiện đại; Mã hàng: 001; Xử lý và tùy biến: Là1; Hoa văn: mẫu hình học, hoạt hình hoạt hình, cây và hoa; Hình hoa: Tình yêu đơn giản trong suốt-màu xám, Màu xám nhạt yêu ngay từ cái nhìn đầu tiên, Hươu cổ dài màu xám đậm, Màu xám Jane Eyre, Mèo nghịch ngợm màu bạc xanh lá cây c, Bến cảng tâm hồn màu trắng","Chất liệu: bông nguyên chất; Thương hiệu: Khác; Chi số sợi vải: 40 sợi; Công nghệ dệt: Vải jacquard; Kiểu dáng: Kiểu ga trải giường; Công nghệ in và nhuộm: In nhuộm hoạt tính; Trọng lượng: 3500g (đã bao gồm) - 4000g (chưa bao gồm), 500g (bao gồm) ~ 800g (không bao gồm); Phong cách: Phong cách tối giản hiện đại; Số mặt hàng: 001; Gia công tùy chỉnh: Có; Hoa văn: Hoa văn hình học, Hoạt hình, Thực vật và hoa; Hoa văn: Tình yêu đơn giản trong suốt-màu xám, Màu xám nhạt yêu ngay từ cái nhìn đầu tiên, Hươu cổ dài màu xám đậm, Màu xám Jane Eyre, Mèo nghịch ngợm màu bạc xanh lá cây c, Bến cảng tâm hồn",,
1059571842950,home,"Chất liệu: Sợi polyester; Thương hiệu: Hoa nở tròn đầy; Công nghệ dệt: In và nhuộm; Kiểu dáng: Kiểu ga trải giường; Công nghệ in và nhuộm: In nhuộm hoạt tính; Khối lượng: Dưới 500g (không bao gồm); Phong cách: Phong cách công chúa1, phong cách ins, Phong cách hot trend; Mã hàng: Phô mai kem sữa2; Gia công theo yêu cầu: Không1; Họa tiết: Màu trơn, Họa tiết hình học, Hoạt hình, Thực vật và hoa; Hoa văn: Phô mai kem sữa1, Tình yêu đầu đời, Chó phồng, Tương Tư, Nhà chữ cái, Hoa anh đào rụng, Sức sống, Cuộc sống vui vẻ, Gấu trắng sữa, Gấu vui vẻ, Gấu bơ, Cuộc diễu hành của những chú chó con, Diệp T","Chất liệu: Polyester (sợi polyester); Thương hiệu: Huakaizhengyuan; Công nghệ dệt: In và nhuộm; Kiểu dáng: Kiểu ga trải giường; Công nghệ in và nhuộm: In nhuộm hoạt tính; Trọng lượng: Dưới 500g (không bao gồm); Phong cách: Phong cách công chúa, phong cách ins, Phong cách hot trend; Số mặt hàng: Phô mai kem sữa; Gia công tùy chỉnh: Không; Hoa văn: Màu trơn, Hoa văn hình học, Hoạt hình, Thực vật và hoa; Hoa văn: Phô mai kem sữa, Tình yêu đầu đời, Chó phồng, Tương Tư, Nhà chữ cái, Hoa anh đào rụng, Sức sống, Cuộc sống vui vẻ, Gấu trắng sữa, Gấu vui vẻ, Gấu bơ, Cuộc diễu hành của những chú chó con",,
1064148114869,home,"Chất liệu: Bông; Thương hiệu: Cybele; Số chỉ vải: 40 sợi; Công nghệ dệt: Vải jacquard; Kiểu dáng: Kiểu ga trải giường; Công nghệ in và nhuộm: In nhuộm hoạt tính; Khối lượng: 2500g (bao gồm) - 3000g (không bao gồm); Phong cách: Phong cách hiện đại tối giản; Mã hàng: Vải jacquard 100% cotton, mềm mại thân thiện với da kbl; Gia công theo yêu cầu: Không; Hoa văn: Năm hoa nở - Màu Champagne [Vải dệt jacquard 100% cotton, mềm mại, thân thiện với da], Năm hoa nở - Tím lãng mạn [Vải jacquard 100% cotton, mềm mại, thân thiện với da], Yachu - Kaki [100% cotton, vải dệt jacquard, mềm mại, thân thiện với ","Chất liệu: Bông; Thương hiệu: Cybele; Chi số sợi vải: 40 sợi; Công nghệ dệt: Vải jacquard; Kiểu dáng: Kiểu ga trải giường; Công nghệ in và nhuộm: In nhuộm hoạt tính; Trọng lượng: 2500g (bao gồm) - 3000g (không bao gồm); Phong cách: Phong cách tối giản hiện đại; Gia công tùy chỉnh: Không; Hoa văn: Năm hoa nở - Màu Champagne [Vải dệt jacquard 100% cotton, mềm mại, thân thiện với da], Năm hoa nở - Tím lãng mạn [Vải jacquard 100% cotton, mềm mại, thân thiện với da], Yachu - Kaki [100% cotton, vải dệt jacquard, mềm mại, thân thiện với da], Yachu - Trà sữa [Vải jacquard 100% cotton, mềm mại, thân th",,
672281367066,home,"Chất liệu: Sợi Lythell; Thương hiệu: khác1; Số lượng vải: Khác2; Công nghệ dệt: Thêu hoa, Viền hoa, Hoa văn sa tanh; Kiểu dáng: Kiểu ga giường; Quy trình in và nhuộm: In và nhuộm hoạt tính; Trọng lượng: 3000g (bao gồm)-3500g (không bao gồm); Phong cách: Phong cách công chúa; Mã sản phẩm: LSEXW0923; Gia công tùy chỉnh: Không.1; Hoa văn: Cây hoa; Hình hoa: Hồng hoa ngọt, Hoa trắng ngọt ngào (vàng mơ); Kích thước thông số kỹ thuật: Bộ 4 chiếc giường 1,5 m (vỏ chăn 200x230cm), Bộ 4 chiếc giường 1,8 m (vỏ chăn 200x230cm), Bộ 4 chiếc giường 2.0m (vỏ chăn 220x240cm); Mùa áp dụng: mùa hè, mùa xuân; Có","Chất liệu: Sợi Lythell; Thương hiệu: Khác; Chi số sợi vải: Khác; Công nghệ dệt: Thêu hoa, Ren, Hoa văn sa tanh; Kiểu dáng: Kiểu ga trải giường; Công nghệ in và nhuộm: In nhuộm hoạt tính; Trọng lượng: 3000g (bao gồm)-3500g (không bao gồm); Phong cách: Phong cách công chúa; Số mặt hàng: LSEXW0923; Gia công tùy chỉnh: Không; Hoa văn: Thực vật và hoa; Hoa văn: Hồng hoa ngọt, Hoa trắng ngọt ngào (vàng mơ); Kích thước: Bộ 4 chiếc giường 1.5 m (vỏ chăn 200x230cm), Bộ 4 chiếc giường 1.8 m (vỏ chăn 200x230cm), Bộ 4 chiếc giường 2.0m (vỏ chăn 220x240cm); Mùa thích hợp: Mùa hè, Mùa xuân; Có phải là người",,
1072483735343,home,"Chất liệu: Hợp kim nhôm; Có phải là xe điện không: Không3; Chức năng: Khác1; Thương hiệu: Ngưu Cửu; Cấp độ chất lượng sản phẩm: Sản phẩm đạt tiêu chuẩn; Mã hàng: Dụng cụ ép tỏi hợp kim; Nguồn gốc: Khác2; Có nhập khẩu không: Không4; Thời điểm sản phẩm ra mắt thị trường: Mùa hè năm 2026; Gia công theo yêu cầu: Không1; In thêm logo: Được; Dải giá: Trong vòng 5 tệ; Có bằng sáng chế không?: Không có; Phù hợp cho các dịp tặng quà: Tất cả các nơi; Thông số kỹ thuật: Dụng cụ ép tỏi hợp kim nhôm [Thần khí ép tỏi nhuyễn], Dụng cụ ép tỏi hợp kim nhôm [2 trong 1] - Thần khí ép tỏi nhuyễn; Các nền tảng dow","Chất liệu: Hợp kim nhôm; Có phải là điện không: Không; Chức năng: Khác; Thương hiệu: Niujiu; Cấp độ chất lượng sản phẩm: Sản phẩm đủ tiêu chuẩn; Số mặt hàng: Dụng cụ ép tỏi hợp kim; Xuất xứ: Khác; Có nhập khẩu không: Không; Thời gian đưa ra thị trường sản phẩm: Mùa hè năm 2026; Gia công tùy chỉnh: Không; In logo: Có thể; Phân khúc giá: Trong vòng 5 nhân dân tệ; Có bằng sáng chế không: Không có; Những dịp tặng quà thích hợp: Tất cả các nơi; Quy cách: Dụng cụ ép tỏi hợp kim nhôm [Thần khí ép tỏi nhuyễn], Dụng cụ ép tỏi hợp kim nhôm [2 trong 1] - Thần khí ép tỏi nhuyễn; Nền tảng hạ lưu chính: eBa",,
965212772683,home,"Vật liệu: thép không gỉ; thương hiệu: Deshun; Chất liệu lưỡi dao: Thép dòng 3Cr; thủ công: Dập; danh mục sản phẩm: Bộ dao; Mã sản phẩm: T00910; In logo: Có thể; Có nên nhập khẩu hay không: KHÔNG1; Thời gian ra mắt sản phẩm: 2023; Phân khúc giá: 5-10 nhân dân tệ; Xử lý và tùy chỉnh: KHÔNG2; Có bằng sáng chế không?: KHÔNG3; Các nền tảng hạ lưu chính: eBay, amazon, mong muốn, AliExpress, Trạm độc lập, LAZADA.; Khu vực bán hàng chính: Châu Phi, Châu Âu, Nam Mỹ, Đông Nam Á, Bắc Mỹ, Đông Bắc Á, Trung Đông; Có những thương hiệu tư nhân được cấp phép.: KHÔNG4; đặc điểm kỹ thuật: Dao gọt trái cây cán n","Chất liệu: Thép không gỉ; Thương hiệu: Deshun; Chất liệu lưỡi dao: Thép dòng 3Cr; Công nghệ: Dập; Danh mục sản phẩm: Bộ dao; Số mặt hàng: T00910; In logo: Có thể; Có nhập khẩu không: Không; Thời gian đưa ra thị trường sản phẩm: 2023; Phân khúc giá: 5-10 nhân dân tệ; Gia công tùy chỉnh: Không; Có bằng sáng chế không: Không; Nền tảng hạ lưu chính: eBay, Amazon, mong muốn, AliExpress, Trạm độc lập, LAZADA; Khu vực bán hàng chính: Châu Phi, Châu Âu, Nam Mỹ, Đông Nam Á, Bắc Mỹ, Đông Bắc Á, Trung Đông; Thương hiệu riêng được ủy quyền: Không; Quy cách: Dao gọt trái cây cán ngựa trắng, Dao Đầu Bếp Họa",,
891172627792,mother_baby,"Tên vải: bông1; Thương hiệu: Midi La; chức năng: Giữ ấm; Thành phần vải chính: bông2; Độ dày: Bình thường; Giới tính áp dụng: Trung tính/Cả nam và nữ đều có thể; cấp độ an ninh: Lớp A; Mã hàng: Đầu gấu jacquard cotton nguyên chất chống tháo lưng cao; Danh mục cung cấp: Còn hàng; Xuất xứ: Henan; Phù hợp với lứa tuổi: Trẻ sơ sinh và trẻ mới biết đi (1 ~ 3 tuổi, 80 ~ 100cm); Loại cổ áo: cổ tròn; Hình ảnh thực tế: Ảnh thật không có mẫu; Công nghệ vải: chải; mẫu: màu trơn, phim hoạt hình1; Thích hợp cho mùa: mùa đông, mùa xuân, mùa thu; Có còn hàng không: Có1; Yếu tố: Phù hợp, phim hoạt hình2, Anh;","Tên vải: Bông; Thương hiệu: Midila; Chức năng: Giữ ấm; Thành phần vải chính: Bông; Dày mỏng: Bình thường; Giới tính áp dụng: Trung tính/nam và nữ; Cấp độ an toàn: Loại A; Số mặt hàng: Đầu gấu jacquard cotton nguyên chất chống tháo lưng cao; Loại nguồn: Hàng sẵn; Xuất xứ: Hà Nam; Phù hợp với lứa tuổi: Trẻ sơ sinh và trẻ nhỏ (1~3 tuổi, 80~100cm); Kiểu cổ áo: Cổ tròn; Ảnh chụp thực tế: Ảnh thật, không có người mẫu; Công nghệ vải: Vải chải lông; Hoa văn: Màu trơn, Hoạt hình; Phù hợp với mùa: Mùa đông, Mùa xuân, Mùa thu; Có tồn kho không: Có; Yếu tố: Bộ đồ, Hoạt hình, người Anh; Năm/mùa ra mắt: Mùa",,
975401459543,mother_baby,"Thành phần vải chính: bông2; Nhóm tuổi phù hợp: Trẻ sơ sinh và trẻ mới biết đi (1 ~ 3 tuổi, 80 ~ 100cm); Số lượng miếng trong bộ: Bộ hai món; thương hiệu: Khác; Độ dày: thông thường; Tên vải: bông1; Chiều dài tay áo: tay áo dài; Chiều dài quần: quần; Mã sản phẩm: H30187-J + H30187-D; Nguồn gốc sản phẩm: Hàng sẵn có; Giới tính áp dụng: nam giới; phong cách: trường đại học; Loại gói: bộ quần; Nội dung của hộp quà tặng: quần áo; nguồn gốc: Quảng Đông; Phù hợp với mùa: mùa xuân, mùa thu; Có mũ trùm đầu hay không: không có mũ trùm đầu; Công nghệ vải: Điều trị nhẹ nhàng; Mẫu: Màu trơn; Ảnh chụp thật","Thành phần vải chính: Bông; Phù hợp với lứa tuổi: Trẻ sơ sinh và trẻ nhỏ (1~3 tuổi, 80~100cm); Số lượng bộ sản phẩm: Bộ hai món; Thương hiệu: Khác; Dày mỏng: Bình thường; Tên vải: Bông; Dài tay áo: Dài tay; Chiều dài quần: Quần dài; Số mặt hàng: H30187-J+H30187-D; Loại nguồn: Hàng sẵn; Giới tính áp dụng: Nam; Phong cách: trường đại học; Loại bộ sản phẩm: Bộ quần áo; Nội dung hộp quà: Quần áo; Xuất xứ: Quảng Đông; Phù hợp với mùa: Mùa xuân, Mùa thu; Có mũ liền không: Không mũ liền; Công nghệ vải: Xử lý mềm; Hoa văn: Màu trơn; Ảnh chụp thực tế: Ảnh thật, có người mẫu; Có tồn kho không: Có; Năm/m",,
868274803704,mother_baby,"Thành phần vải chính: Bông2; Tên vải: Bông1; Mức độ bảo mật: Loại A; Thương hiệu: Khác; chiều dài quần: quần; Kiểu dáng: Kiểu dây đeo; thủ công: Điều trị mềm mại; Phong cách: Kiểu Hàn; Nội dung thành phần vải chính: 98%; Số mặt hàng: Z25-144CK/Z25-522XK; Loại nguồn: Hàng sẵn; Giới tính áp dụng: Trung tính/nam và nữ; Xuất xứ: Chiết Giang; Phù hợp với lứa tuổi: Trẻ em vừa và nhỏ (3 ~ 8 tuổi, 100 ~ 140cm); Thích hợp cho mùa: Xuân thu, Mùa xuân, Mùa thu; Có mở đũng không: Không.1; Hoa văn: Kẻ sọc, Chấm tròn; Ảnh thật: Ảnh chụp thực tế không có mô hình; Có tồn kho không: Không.2; Mùa năm niêm yết: ","Thành phần vải chính: Bông; Tên vải: Bông; Cấp độ an toàn: Loại A; Thương hiệu: Khác; Chiều dài quần: Quần dài; Kiểu dáng: Kiểu dây đeo; Công nghệ: Xử lý mềm; Phong cách: Kiểu Hàn; Tỉ lệ thành phần vải chính: 98%; Số mặt hàng: Z25-144CK/Z25-522XK; Loại nguồn: Hàng sẵn; Giới tính áp dụng: Trung tính/nam và nữ; Xuất xứ: Chiết Giang; Phù hợp với lứa tuổi: Trẻ em (3~8 tuổi, 100~140cm); Phù hợp với mùa: Mùa xuân và mùa thu, Mùa xuân, Mùa thu; Có mở đũng không: Không; Hoa văn: Sọc, Chấm tròn; Ảnh chụp thực tế: Ảnh thật, không có người mẫu; Có tồn kho không: Không; Năm/mùa ra mắt: Mùa xuân năm 2025; ",,
832387255391,mother_baby,"Thành phần vải chính: Bông2; Phù hợp với lứa tuổi: Trẻ em vừa và nhỏ (3 ~ 8 tuổi, 100 ~ 140cm); Số lượng bộ: Bộ hai chiếc1; Thương hiệu: Khác1; Dày mỏng: Bình thường; Tên vải: Bông1; Dài tay áo: Dài tay; chiều dài quần: quần; Số mặt hàng: FHW6883; Loại nguồn: Hàng sẵn; Giới tính áp dụng: Nữ; Phong cách: Kiểu Hàn; Loại hình bộ đồ: Bộ quần; Nội dung hộp quà: Quần áo; Xuất xứ: Quảng Đông; Thích hợp cho mùa: Mùa xuân, Mùa thu; Có mũ liền không: Không mũ liền; Công nghệ vải: Xử lý mềm mại; Hoa văn: Khác2; Ảnh thật: Ảnh chụp thực tế không có mô hình; Có tồn kho không: Là1; Mùa năm niêm yết: Mùa thu ","Thành phần vải chính: Bông; Phù hợp với lứa tuổi: Trẻ em (3~8 tuổi, 100~140cm); Số lượng bộ sản phẩm: Bộ hai món; Thương hiệu: Khác; Dày mỏng: Bình thường; Tên vải: Bông; Dài tay áo: Dài tay; Chiều dài quần: Quần dài; Số mặt hàng: FHW6883; Loại nguồn: Hàng sẵn; Giới tính áp dụng: Nữ; Phong cách: Kiểu Hàn; Loại bộ sản phẩm: Bộ quần áo; Nội dung hộp quà: Quần áo; Xuất xứ: Quảng Đông; Phù hợp với mùa: Mùa xuân, Mùa thu; Có mũ liền không: Không mũ liền; Công nghệ vải: Xử lý mềm; Hoa văn: Khác; Ảnh chụp thực tế: Ảnh thật, không có người mẫu; Có tồn kho không: Có; Năm/mùa ra mắt: Mùa thu năm 2025; Y",,
880912842403,mother_baby,"Thành phần vải chính: Bông2; Thương hiệu: Thiên đường Đinh Đồng; Tên vải: Bông1; Dày mỏng: Bình thường; Phù hợp với lứa tuổi: Trẻ sơ sinh (0 ~ 1 tuổi, 80cm trở xuống); Kiểu dáng: Áo cánh bướm; Dài tay áo: Dài tay; Có mũ liền không: Không có mui xe; Mức độ bảo mật: Loại A; Công nghệ không xương: Là1; Thích hợp cho mùa: Không giới hạn mùa; Số mặt hàng: al856222; Giới tính áp dụng: Trung tính/nam và nữ; Loại nguồn: Hàng sẵn; Mùa năm niêm yết: Mùa xuân năm 2025; Tiêu chuẩn lấy mẫu AQL: Không có; Khoảng cách kim phẳng 12 ~ 14 kim/3cm: Là2; Đầu lông/sợi linh tinh có được cắt tỉa không: Cắt tỉa tất c","Thành phần vải chính: Bông; Thương hiệu: Dingdangleyuan; Tên vải: Bông; Dày mỏng: Bình thường; Phù hợp với lứa tuổi: Trẻ sơ sinh (0 ~ 1 tuổi, 80cm trở xuống); Kiểu dáng: Áo cánh bướm; Dài tay áo: Dài tay; Có mũ liền không: Không mũ liền; Cấp độ an toàn: Loại A; Công nghệ không xương: Có; Phù hợp với mùa: Không giới hạn mùa; Số mặt hàng: al856222; Giới tính áp dụng: Trung tính/nam và nữ; Loại nguồn: Hàng sẵn; Năm/mùa ra mắt: Mùa xuân năm 2025; Tiêu chuẩn lấy mẫu aql: Không có; Máy may phẳng, khoảng cách mũi 12~14 mũi/3cm: Có; Có cắt tỉa sợi lông/sợi thừa không: Cắt tỉa sạch sẽ; Ảnh chụp thực tế",,
979132978621,mother_baby,"Thành phần vải chính: bông; thương hiệu: Gu Hà Fu; Tên vải: bông nguyên chất; Độ dày: thông thường; Nhóm tuổi phù hợp: Trẻ sơ sinh (0~1 tuổi, cao 80cm trở xuống); phong cách: leo núi dài; Chiều dài tay áo: tay áo dài; Có mũ trùm đầu hay không: không có mũ trùm đầu; mức độ bảo mật: Lớp A; Tay nghề không xương: Đúng.1; Phù hợp với mùa: mùa xuân, mùa thu; Giới tính áp dụng: Unisex/Cả nam và nữ đều có thể; Nguồn gốc sản phẩm: Hàng giao ngay; Năm và mùa phát hành: Mùa thu năm 2025; Tiêu chuẩn lấy mẫu AQL: 2.5; Bước kim xoay phẳng 12~14 mũi/3cm: không; Có nên cắt bỏ chỉ thừa hay chỉ vụn?: Những phần","Thành phần vải chính: Bông; Thương hiệu: Guhefu; Tên vải: bông nguyên chất; Dày mỏng: Bình thường; Phù hợp với lứa tuổi: Trẻ sơ sinh (0 ~ 1 tuổi, 80cm trở xuống); Kiểu dáng: Bộ liền thân; Dài tay áo: Dài tay; Có mũ liền không: Không mũ liền; Cấp độ an toàn: Loại A; Công nghệ không xương: Có; Phù hợp với mùa: Mùa xuân, Mùa thu; Giới tính áp dụng: Trung tính/nam và nữ; Loại nguồn: Hàng sẵn; Năm/mùa ra mắt: Mùa thu năm 2025; Tiêu chuẩn lấy mẫu aql: 2.5; Máy may phẳng, khoảng cách mũi 12~14 mũi/3cm: Không; Có cắt tỉa sợi lông/sợi thừa không: Phần rõ ràng đã được cắt tỉa; Ảnh chụp thực tế: Ảnh thật",,
873217852532,mother_baby,"Thành phần vải chính: Bông2; Thương hiệu: Qiaolehu; Tên vải: Bông1; Dày mỏng: Bình thường; Phù hợp với lứa tuổi: Trẻ sơ sinh (0 ~ 1 tuổi, 80cm trở xuống); Kiểu dáng: Leo dài; Dài tay áo: Dài tay; Có mũ liền không: Không mũ liền; Mức độ bảo mật: Loại A; Công nghệ không xương: Là1; Thích hợp cho mùa: mùa xuân và mùa thu; Số mặt hàng: WQ2416; Giới tính áp dụng: Trung tính/nam và nữ; Loại nguồn: Hàng sẵn; Mùa năm niêm yết: Mùa thu năm 2026; Tiêu chuẩn lấy mẫu AQL: Không có1; Khoảng cách kim phẳng 12 ~ 14 kim/3cm: Không.; Đầu lông/sợi linh tinh có được cắt tỉa không: Phần rõ ràng đã được cắt tỉa; Ả","Thành phần vải chính: Bông; Thương hiệu: Qiaolehu; Tên vải: Bông; Dày mỏng: Bình thường; Phù hợp với lứa tuổi: Trẻ sơ sinh (0 ~ 1 tuổi, 80cm trở xuống); Kiểu dáng: Bộ liền thân; Dài tay áo: Dài tay; Có mũ liền không: Không mũ liền; Cấp độ an toàn: Loại A; Công nghệ không xương: Có; Phù hợp với mùa: Mùa xuân và mùa thu; Số mặt hàng: WQ2416; Giới tính áp dụng: Trung tính/nam và nữ; Loại nguồn: Hàng sẵn; Năm/mùa ra mắt: Mùa thu năm 2026; Tiêu chuẩn lấy mẫu aql: Không có; Máy may phẳng, khoảng cách mũi 12~14 mũi/3cm: Không; Có cắt tỉa sợi lông/sợi thừa không: Phần rõ ràng đã được cắt tỉa; Ảnh chụp",,
899794016707,mother_baby,"Thành phần vải chính: Bông2; Thương hiệu: Qiaolehu; Tên vải: Bông1; Dày mỏng: Bình thường; Phù hợp với lứa tuổi: Trẻ sơ sinh (0 ~ 1 tuổi, 80cm trở xuống); Kiểu dáng: Leo dài; Dài tay áo: Dài tay; Có mũ liền không: Không mũ liền; Mức độ bảo mật: Loại A; Công nghệ không xương: Là1; Thích hợp cho mùa: Xuân thu; Số mặt hàng: WQ2429; Giới tính áp dụng: Trung tính/nam và nữ; Loại nguồn: Hàng sẵn; Mùa năm niêm yết: Mùa xuân năm 2025; Tiêu chuẩn lấy mẫu AQL: Không có; Khoảng cách kim phẳng 12 ~ 14 kim/3cm: Không.; Đầu lông/sợi linh tinh có được cắt tỉa không: Phần rõ ràng đã được cắt tỉa; Ảnh thật: Ản","Thành phần vải chính: Bông; Thương hiệu: Qiaolehu; Tên vải: Bông; Dày mỏng: Bình thường; Phù hợp với lứa tuổi: Trẻ sơ sinh (0 ~ 1 tuổi, 80cm trở xuống); Kiểu dáng: Bộ liền thân; Dài tay áo: Dài tay; Có mũ liền không: Không mũ liền; Cấp độ an toàn: Loại A; Công nghệ không xương: Có; Phù hợp với mùa: Mùa xuân và mùa thu; Số mặt hàng: WQ2429; Giới tính áp dụng: Trung tính/nam và nữ; Loại nguồn: Hàng sẵn; Năm/mùa ra mắt: Mùa xuân năm 2025; Tiêu chuẩn lấy mẫu aql: Không có; Máy may phẳng, khoảng cách mũi 12~14 mũi/3cm: Không; Có cắt tỉa sợi lông/sợi thừa không: Phần rõ ràng đã được cắt tỉa; Ảnh chụ",,
698051245024,mother_baby,"Thành phần vải chính: Sợi polyester (polyester); Thương hiệu: Sản phẩm tốt khiêm tốn; Tên vải: Khác; Dày mỏng: Bình thường; Phù hợp với lứa tuổi: Trẻ sơ sinh (0 ~ 1 Tuổi, 80cm trở xuống); phong cách: leo dốc; Dài tay áo: Dài Tay; Có mũ liền không: Không mũ liền; Mức độ bảo mật: Loại A; Công nghệ không xương: Không.1; Thích hợp cho mùa: Xuân Thu; Số mặt hàng: H149; Giới tính áp dụng: Trung tính/nam và nữ; Loại nguồn: Hàng sẵn; Danh sách năm và mùa: Mùa xuân 2024; Tiêu chuẩn kiểm tra AQL: 1.0; Khoảng cách kim xoay phẳng 12 ~ 14 chân/3cm: Không.2; Đầu tóc/sợi ren có được cắt tỉa không?: Phần rõ r","Thành phần vải chính: Sợi polyester (polyester); Thương hiệu: Qianzhiliangpin; Tên vải: Khác; Dày mỏng: Bình thường; Phù hợp với lứa tuổi: Trẻ sơ sinh (0 ~ 1 tuổi, 80cm trở xuống); Kiểu dáng: Bộ liền thân; Dài tay áo: Dài tay; Có mũ liền không: Không mũ liền; Cấp độ an toàn: Loại A; Công nghệ không xương: Không; Phù hợp với mùa: Mùa xuân và mùa thu; Số mặt hàng: H149; Giới tính áp dụng: Trung tính/nam và nữ; Loại nguồn: Hàng sẵn; Năm/mùa ra mắt: Mùa xuân năm 2024; Tiêu chuẩn lấy mẫu aql: 1.0; Máy may phẳng, khoảng cách mũi 12~14 mũi/3cm: Không; Có cắt tỉa sợi lông/sợi thừa không: Phần rõ ràng ",,
1008926341621,mother_baby,"Thành phần vải chính: Bông2; Thương hiệu: chân nhỏ; Tên chất liệu vải: Bông1; Độ dày: Thông thường; Phù hợp với độ tuổi: Trẻ sơ sinh (0~1 tuổi, 80cm và dưới); Kiểu dáng: Leo núi dài; Chiều dài tay áo: Áo dài tay; Có mũ không: Không mũ; Cấp độ an toàn: Loại A; Công nghệ không xương: Đúng vậy1; Phù hợp với mùa: Không giới hạn mùa; Mã hàng: DC5043; Dành cho giới tính: Trung tính/Unisex; Loại nguồn hàng: Hàng có sẵn; Năm và mùa ra mắt: Mùa đông năm 2025; Có cắt tỉa sợi lông/sợi thừa không: Cắt tỉa sạch sẽ; Ảnh chụp thực tế: Ảnh chụp thật, không có người mẫu; Thành phần chính của vải: 100; Kiểu dán","Thành phần vải chính: Bông; Thương hiệu: chân nhỏ; Tên vải: Bông; Dày mỏng: Bình thường; Phù hợp với lứa tuổi: Trẻ sơ sinh (0 ~ 1 tuổi, 80cm trở xuống); Kiểu dáng: Bộ liền thân; Dài tay áo: Dài tay; Có mũ liền không: Không mũ liền; Cấp độ an toàn: Loại A; Công nghệ không xương: Có; Phù hợp với mùa: Không giới hạn mùa; Số mặt hàng: DC5043; Giới tính áp dụng: Trung tính/nam và nữ; Loại nguồn: Hàng sẵn; Năm/mùa ra mắt: Mùa đông năm 2025; Có cắt tỉa sợi lông/sợi thừa không: Cắt tỉa sạch sẽ; Ảnh chụp thực tế: Ảnh thật, không có người mẫu; Tỉ lệ thành phần vải chính: 100; Kiểu dáng đóng: Vạt chéo th",,
1067922999705,mother_baby,"Thành phần vải chính: Bông2; Phù hợp với độ tuổi: Trẻ sơ sinh và trẻ nhỏ (1~3 tuổi, 80~100cm); Số lượng bộ sản phẩm: Bộ hai món; Thương hiệu: Khác; Độ dày: Thông thường; Tên chất liệu vải: Bông1; Chiều dài tay áo: Áo dài tay; Chiều dài quần: Quần dài; Loại nguồn hàng: Hàng có sẵn; Dành cho giới tính: Nam; Phong cách: Phong cách Hàn Quốc; Loại bộ sản phẩm: Bộ quần áo; Nội dung hộp quà: Quần áo; Nguồn gốc: Chiết Giang; Phù hợp với mùa: Mùa thu; Có mũ không: Không mũ; Công nghệ vải: Xử lý mềm; Họa tiết: Màu trơn; Ảnh chụp thực tế: Ảnh chụp thật, không có người mẫu; Có hàng không: Đúng vậy2; Năm v","Thành phần vải chính: Bông; Phù hợp với lứa tuổi: Trẻ sơ sinh và trẻ nhỏ (1~3 tuổi, 80~100cm); Số lượng bộ sản phẩm: Bộ hai món; Thương hiệu: Khác; Dày mỏng: Bình thường; Tên vải: Bông; Dài tay áo: Dài tay; Chiều dài quần: Quần dài; Loại nguồn: Hàng sẵn; Giới tính áp dụng: Nam; Phong cách: Kiểu Hàn; Loại bộ sản phẩm: Bộ quần áo; Nội dung hộp quà: Quần áo; Xuất xứ: Chiết Giang; Phù hợp với mùa: Mùa thu; Có mũ liền không: Không mũ liền; Công nghệ vải: Xử lý mềm; Hoa văn: Màu trơn; Ảnh chụp thực tế: Ảnh thật, không có người mẫu; Có tồn kho không: Có; Năm/mùa ra mắt: Mùa thu năm 2026; Yếu tố: Bộ đ",,
752733407416,mother_baby,"Thành phần vải chính: Bông2; Tên vải: Bông1; Mức độ bảo mật: Loại A; Thương hiệu: Khác; Quần dài: Quần chín tấc; Kiểu dáng: Quần mặc trong; Công nghệ: Xử lý mềm mại2; Phong cách: Kiểu Hàn; Nội dung thành phần vải chính: 78; Số mặt hàng: ka1589; Loại nguồn: Hàng sẵn; Giới tính áp dụng: Trung tính/nam và nữ; Xuất xứ: Chiết Giang; Phù hợp với lứa tuổi: Trẻ sơ sinh (1 ~ 3 tuổi, 80 ~ 100cm); Thích hợp cho mùa: Xuân thu, Mùa đông, Mùa xuân, Mùa thu, Không giới hạn mùa; Có mở đũng không: Không.; Công nghệ vải: Xử lý mềm mại1; Hoa văn: Màu trơn; Ảnh thật: Có mô hình thực tế; Có tồn kho không: Là1; Mùa","Thành phần vải chính: Bông; Tên vải: Bông; Cấp độ an toàn: Loại A; Thương hiệu: Khác; Chiều dài quần: Quần chín tấc; Kiểu dáng: Quần mặc trong; Công nghệ: Xử lý mềm; Phong cách: Kiểu Hàn; Tỉ lệ thành phần vải chính: 78; Số mặt hàng: ka1589; Loại nguồn: Hàng sẵn; Giới tính áp dụng: Trung tính/nam và nữ; Xuất xứ: Chiết Giang; Phù hợp với lứa tuổi: Trẻ sơ sinh và trẻ nhỏ (1~3 tuổi, 80~100cm); Phù hợp với mùa: Mùa xuân và mùa thu, Mùa đông, Mùa xuân, Mùa thu, Không giới hạn mùa; Có mở đũng không: Không; Công nghệ vải: Xử lý mềm; Hoa văn: Màu trơn; Ảnh chụp thực tế: Ảnh thật, có người mẫu; Có tồn k",,
766403209145,mother_baby,"Thành phần vải chính: Bông2; thương hiệu: Không có; Tên vải: Bông1; Dày mỏng: Bình thường; Phù hợp với lứa tuổi: Trẻ sơ sinh (1 ~ 3 tuổi, 80 ~ 100cm); phong cách: Leo núi tam giác; chiều dài tay áo: tay áo dài; Có nên đội mũ trùm đầu hay không: Không có mũ trùm đầu; Mức độ bảo mật: Loại A; Thủ công không xương: Không.1; Thích hợp cho mùa: Xuân thu; Số mặt hàng: BB21F; Giới tính áp dụng: Trung tính/nam và nữ; Loại nguồn: Hàng sẵn; Mùa năm niêm yết: Mùa xuân năm 2024; Tiêu chuẩn lấy mẫu AQL: 2.5; Khoảng cách kim phẳng 12 ~ 14 kim/3cm: Là1; Đầu lông/sợi linh tinh có được cắt tỉa không: Cắt tỉa tấ","Thành phần vải chính: Bông; Thương hiệu: Không thương hiệu; Tên vải: Bông; Dày mỏng: Bình thường; Phù hợp với lứa tuổi: Trẻ sơ sinh và trẻ nhỏ (1~3 tuổi, 80~100cm); Kiểu dáng: Tam giác leo; Dài tay áo: Dài tay; Có mũ liền không: Không mũ liền; Cấp độ an toàn: Loại A; Công nghệ không xương: Không; Phù hợp với mùa: Mùa xuân và mùa thu; Số mặt hàng: BB21F; Giới tính áp dụng: Trung tính/nam và nữ; Loại nguồn: Hàng sẵn; Năm/mùa ra mắt: Mùa xuân năm 2024; Tiêu chuẩn lấy mẫu aql: 2.5; Máy may phẳng, khoảng cách mũi 12~14 mũi/3cm: Có; Có cắt tỉa sợi lông/sợi thừa không: Cắt tỉa sạch sẽ; Ảnh chụp thực ",,
885562404402,mother_baby,"Thành phần vải chính: Bông2; Phù hợp với lứa tuổi: Trẻ sơ sinh (0 ~ 1 tuổi, 80cm trở xuống); Số lượng bộ: Bộ hai chiếc; Thương hiệu: Bông cần tây; Dày mỏng: Bình thường; Tên vải: Bông1; Dài tay áo: Dài tay; chiều dài quần: quần; Số mặt hàng: MLT241124-TZ1; Loại nguồn: Hàng sẵn; Giới tính áp dụng: Trung tính/nam và nữ; Phong cách: Dễ phối; Loại hình bộ đồ: Bộ quần; Nội dung hộp quà: Quần áo; Xuất xứ: An Dương; Thích hợp cho mùa: Mùa hè, Mùa xuân, Mùa thu; Có mũ liền không: Không mũ liền; Công nghệ vải: Xử lý mềm mại; Hoa văn: Màu trơn; Ảnh thật: Ảnh chụp thực tế không có mô hình; Có tồn kho khô","Thành phần vải chính: Bông; Phù hợp với lứa tuổi: Trẻ sơ sinh (0 ~ 1 tuổi, 80cm trở xuống); Số lượng bộ sản phẩm: Bộ hai món; Thương hiệu: Mianqin; Dày mỏng: Bình thường; Tên vải: Bông; Dài tay áo: Dài tay; Chiều dài quần: Quần dài; Số mặt hàng: MLT241124-TZ1; Loại nguồn: Hàng sẵn; Giới tính áp dụng: Trung tính/nam và nữ; Phong cách: Dễ phối đồ; Loại bộ sản phẩm: Bộ quần áo; Nội dung hộp quà: Quần áo; Xuất xứ: An Dương; Phù hợp với mùa: Mùa hè, Mùa xuân, Mùa thu; Có mũ liền không: Không mũ liền; Công nghệ vải: Xử lý mềm; Hoa văn: Màu trơn; Ảnh chụp thực tế: Ảnh thật, không có người mẫu; Có tồn",,
826674139902,mother_baby,"Thành phần vải chính: Sợi dính; thương hiệu: tqxk; Tên vải: khác; Dày mỏng: Bình thường; Phù hợp với lứa tuổi: Trẻ sơ sinh (1 ~ 3 tuổi, 80 ~ 100cm); Kiểu dáng: Tam giác leo; Dài tay áo: Dài tay; Có mũ liền không: Không mũ liền; Mức độ bảo mật: Loại A; Thích hợp cho mùa: Xuân thu, Mùa xuân, Mùa thu; Số mặt hàng: T24Q49 Tam giác cuộn 1688; Giới tính áp dụng: Trung tính/nam và nữ; Loại nguồn: Hàng sẵn; Mùa năm niêm yết: Mùa thu năm 2024; Tiêu chuẩn lấy mẫu AQL: Không có; Khoảng cách kim phẳng 12 ~ 14 kim/3cm: Là1; Đầu lông/sợi linh tinh có được cắt tỉa không: Phần rõ ràng đã được cắt tỉa; Ảnh thậ","Thành phần vải chính: Sợi dính; Thương hiệu: tqxk; Tên vải: Khác; Dày mỏng: Bình thường; Phù hợp với lứa tuổi: Trẻ sơ sinh và trẻ nhỏ (1~3 tuổi, 80~100cm); Kiểu dáng: Tam giác leo; Dài tay áo: Dài tay; Có mũ liền không: Không mũ liền; Cấp độ an toàn: Loại A; Phù hợp với mùa: Mùa xuân và mùa thu, Mùa xuân, Mùa thu; Số mặt hàng: T24Q49 Tam giác cuộn 1688; Giới tính áp dụng: Trung tính/nam và nữ; Loại nguồn: Hàng sẵn; Năm/mùa ra mắt: Mùa thu năm 2024; Tiêu chuẩn lấy mẫu aql: Không có; Máy may phẳng, khoảng cách mũi 12~14 mũi/3cm: Có; Có cắt tỉa sợi lông/sợi thừa không: Phần rõ ràng đã được cắt tỉ",,
764790814856,mother_baby,"vật liệu: khác1; Thương hiệu: Đầu ông già; kiểu: Đất sét siêu nhẹ2; Danh mục: Đất sét siêu nhẹ1; Quy cách: 1 hộp giới hạn vàng, Dòng màu tắc kè hoa [1 hộp màu tím], Dòng màu tắc kè hoa [1 hộp màu xanh], Dòng màu tắc kè hoa [vàng hồng], Tắc kè hoa 【nàng tiên cá】, Dòng màu tắc kè hoa [vàng bạo chúa địa phương], Dòng màu tắc kè hoa [Mây thổ cẩm hoàng hôn], Dòng màu tắc kè hoa [Zixi Weimeng], Bùn thủy tinh lỏng [1 hộp màu cam], Bùn thủy tinh lỏng [1 hộp màu hồng], Bùn thủy tinh lỏng [1 hộp màu đỏ], Bùn thủy tinh lỏng [1 hộp màu xanh lá cây], Bùn thủy tinh lỏng [1 hộp bầu trời đầy sao xanh], Bùn th","Chất liệu: Khác; Thương hiệu: Laorentou; Loại: Đất sét siêu nhẹ; Thể loại: Đất sét siêu nhẹ; Quy cách: 1 hộp giới hạn vàng, Dòng màu tắc kè hoa [1 hộp màu tím], Dòng màu tắc kè hoa [1 hộp màu xanh], Dòng màu tắc kè hoa [vàng hồng], Tắc kè hoa [nàng tiên cá], Dòng màu tắc kè hoa [vàng bạo chúa địa phương], Dòng màu tắc kè hoa [Mây thổ cẩm hoàng hôn], Dòng màu tắc kè hoa [Zixi Weimeng], Bùn thủy tinh lỏng [1 hộp màu cam], Bùn thủy tinh lỏng [1 hộp màu hồng], Bùn thủy tinh lỏng [1 hộp màu đỏ], Bùn thủy tinh lỏng [1 hộp màu xanh lá cây], Bùn thủy tinh lỏng [1 hộp bầu trời đầy sao xanh], Bùn thủy t",,
874545454588,mother_baby,"chất liệu đồ chơi: nhựa/nhựa; Thương hiệu: Bellige; Chức năng nổi bật: đóng vai; loại: Đồ chơi bác sĩ mô phỏng; Nơi xuất xứ: Thâm Quyến Anh; Người áp dụng: Không giới hạn; Nó có được nhập khẩu không?: nội địa; đóng gói: Hộp màu; Rèn luyện khả năng: cảm xúc, Phát triển trí tuệ, bò, Sử dụng bàn tay và trí não của bạn, nắm bắt, cảm giác, Phối hợp tay mắt, Phát triển khả năng khác, đồ chơi tương tác, thính giác, Giao tiếp giữa cha mẹ và con cái, rèn luyện sở thích; Mã hàng: HZ-001; Nó có dành riêng cho ngoại thương không?: Có (Sản phẩm này chỉ dành cho mục đích ngoại thương và có thể không tuân th","Chất liệu đồ chơi: Nhựa/Nhựa; Thương hiệu: Beilege; Tính năng đặc biệt: đóng vai; Loại: Đồ chơi bác sĩ mô phỏng; Đối tượng sử dụng: Không giới hạn; Có nhập khẩu không: Trong nước; Đóng gói: Hộp màu; Đào tạo năng lực: Cảm xúc, Phát triển trí tuệ, Bò, Tay động não, Kẹp nắm, cảm giác, Phối hợp tay mắt, Đào tạo năng lực khác, Đồ chơi tương tác, Thính giác, Giao tiếp cha mẹ-con cái, Nuôi dưỡng sở thích; Số mặt hàng: HZ-001; Có dành riêng cho ngoại thương không: Có (Sản phẩm này chỉ dành cho mục đích ngoại thương và có thể không đáp ứng các tiêu chuẩn sản phẩm trong nước. Người mua trong nước vui lò",,
844973737743,mother_baby,"Chất liệu: Nhựa/Nhựa; Danh mục sản phẩm: Đàn điện tử; Thương hiệu: Khác; Đào tạo năng lực: Cảm xúc, Thị giác, Phát triển trí tuệ, Bò, Tay động não, Kẹp nắm, Giác quan, Phối hợp tay mắt, Đào tạo năng lực khác, Đồ chơi tương tác, Thính giác, Giao tiếp cha mẹ-con cái, Nuôi dưỡng sở thích; Xuất xứ: Quảng Đông; Quận Chenghai; Quy cách: 48x20cm; Nơi nhập khẩu: Trung Quốc; Cách đóng gói: Hộp màu; Số mặt hàng: {37 phím đàn organ điện tử}; Có hình ảnh anime không: Không.1; Có video hướng dẫn mua sắm không: Là; Mã chứng nhận sản phẩm 3C: 2024182202061338; Có dành riêng cho ngoại thương không: Không.2; D","Chất liệu: Nhựa/Nhựa; Danh mục sản phẩm: Đàn điện tử; Thương hiệu: Khác; Đào tạo năng lực: Cảm xúc, Tầm nhìn, Phát triển trí tuệ, Bò, Tay động não, Kẹp nắm, cảm giác, Phối hợp tay mắt, Đào tạo năng lực khác, Đồ chơi tương tác, Thính giác, Giao tiếp cha mẹ-con cái, Nuôi dưỡng sở thích; Xuất xứ: Quảng Đông, Quận Chenghai; Quy cách: 48x20cm; Nơi nhập khẩu: Trung Quốc; Cách đóng gói: Hộp màu; Số mặt hàng: {37 phím đàn organ điện tử}; Có hình ảnh anime không: Không; Có video hướng dẫn mua sắm không: Có; Mã chứng nhận sản phẩm 3c: 2024182202061338; Có dành riêng cho ngoại thương không: Không; Danh m",,
1018895289551,mother_baby,"Chất liệu: Nhựa; Chức năng: Mô phỏng tình huống; Thương hiệu: Không có; Cách di chuyển: Quán tính; Thiết kế ngoại hình: Xe địa hình; Cách đóng gói: Túi OPP; Nguồn gốc: Chenghai; Thông số kỹ thuật: 7,7*7,2cm; Mã hàng: Khác1; Phát triển năng lực: Cảm xúc, Tầm nhìn, Phát triển trí tuệ, Bò, Tự tay tự óc, Kẹp giữ, Cảm giác, Phối hợp tay mắt, Phát triển các năng lực khác, Đồ chơi tương tác, Thính giác, Giao lưu cha mẹ và con cái, Phát triển sở thích; Có hình ảnh nhân vật anime không?: Không1; Có video hướng dẫn mua hàng không?: Đúng vậy1; Có chuyên cung cấp cho xuất khẩu không?: Sản phẩm này chỉ dàn","Chất liệu: Nhựa/Nhựa; Chức năng: Mô phỏng tình huống; Thương hiệu: Không thương hiệu; Cách di chuyển: Quán tính; Thiết kế ngoại hình: Xe địa hình; Cách đóng gói: Túi OPP; Xuất xứ: Chenghai; Quy cách: 7.7*7.2cm; Số mặt hàng: Khác; Đào tạo năng lực: Cảm xúc, Tầm nhìn, Phát triển trí tuệ, Bò, Tay động não, Kẹp nắm, cảm giác, Phối hợp tay mắt, Đào tạo năng lực khác, Đồ chơi tương tác, Thính giác, Giao tiếp cha mẹ-con cái, Nuôi dưỡng sở thích; Có hình ảnh anime không: Không; Có video hướng dẫn mua sắm không: Có; Có dành riêng cho ngoại thương không: Có (Sản phẩm này chỉ dành cho mục đích ngoại thươ",,
818291820547,shoes,Chất liệu mặt giày: PVC1; Chất liệu đế giày: PVC2; Thương hiệu: Jubufan; Chức năng: Chống trượt; Chất liệu lót trong: PVC3; Công nghệ đế giày: Giày ép nhựa; Phong cách: phong cách La Mã; Danh mục sản phẩm: Hình chữ I; Nhóm tuổi áp dụng: Trưởng thành; Loại nguồn: Hàng sẵn; Số mặt hàng: 2317-6; Yếu tố phổ biến: Khoét lỗ; Loại hàng tồn kho: Nguyên đơn; Có tồn kho không: Là1; Có phải ngoại thương không: Không.1; Thời gian vận chuyển nhanh nhất: 2; Báo cáo kiểm tra chất lượng: Không.2; Đơn vị kiểm tra chất lượng: sgs; Hoa văn: Màu trơn; Kịch bản áp dụng: Hàng ngày; Trọng lượng lông: 0.4KG; Khối lượ,Chất liệu mặt giày: PVC; Chất liệu đế giày: PVC; Thương hiệu: Jubufan; Chức năng: Chống trượt; Chất liệu bên trong: PVC; Công nghệ đế giày: Giày ép nhựa; Phong cách: phong cách La Mã; Danh mục sản phẩm: Dạng thanh ngang; Nhóm tuổi áp dụng: Người trưởng thành; Loại nguồn: Hàng sẵn; Số mặt hàng: 2317-6; Yếu tố phổ biến: Họa tiết khoét rỗng; Loại hàng tồn kho: Toàn bộ đơn hàng; Có tồn kho không: Có; Có phải hàng xuất khẩu không: Không; Thời gian vận chuyển nhanh nhất: 2; Báo cáo kiểm tra chất lượng: Không; Đơn vị kiểm tra chất lượng: sgs; Hoa văn: Màu trơn; Dịp sử dụng: Hàng ngày; Trọng lượng cả ,,
937975194879,shoes,"Chất liệu mặt giày: Da tổng hợp; Chất liệu đế giày: Cao su; Chức năng: Chịu mài mòn, Thoải mái; Chất liệu lót giày: EVA; Công nghệ đế giày: Giày ép nhựa; Nhóm tuổi áp dụng: Trưởng thành; Loại nguồn: Hàng sẵn; Số mặt hàng: XF. Xu Xing R07; Có tồn kho không: Không.1; Thời gian vận chuyển nhanh nhất: 1; Giới tính áp dụng: Nữ; Chiều cao giày: Thấp trên (0-3cm); Đặc điểm vỏ não: pu; Cách ăn mặc: Dây buộc phía trước; Yếu tố phổ biến: Khác; Hoa văn: Phối màu; Thích hợp cho mùa: Mùa hè, Mùa đông, Mùa xuân, Mùa thu; Có phải ngoại thương không: Không.2; Đơn vị kiểm tra chất lượng: Tự kiểm tra; Hình dạng","Chất liệu mặt giày: Da tổng hợp; Chất liệu đế giày: Cao su; Chức năng: Chống mài mòn, Thoải mái; Chất liệu lót giày: EVA; Công nghệ đế giày: Giày ép nhựa; Nhóm tuổi áp dụng: Người trưởng thành; Loại nguồn: Hàng sẵn; Số mặt hàng: XF. Xu Xing R07; Có tồn kho không: Không; Thời gian vận chuyển nhanh nhất: 1; Giới tính áp dụng: Nữ; Chiều cao thân giày: Cổ thấp (0-3cm); Đặc điểm da: pu; Cách mặc: Buộc dây phía trước; Yếu tố phổ biến: Khác; Hoa văn: Phối màu; Phù hợp với mùa: Mùa hè, Mùa đông, Mùa xuân, Mùa thu; Có phải hàng xuất khẩu không: Không; Đơn vị kiểm tra chất lượng: Tự kiểm tra; Hình dạng ",,
1043474942684,shoes,"Chất liệu mặt giày: Khác; Chất liệu đế giày: Cao su xốp; Thương hiệu: Đi xa; Chức năng: Chống trượt; Chất liệu bên trong: EVA; Công nghệ đế giày: Giày dán keo; Phong cách: Phong cách ngọt ngào; Danh mục sản phẩm: Kiểu chữ V; Độ tuổi phù hợp: Người trưởng thành; Loại nguồn hàng: Hàng có sẵn; Mã hàng: Giày cao gót vừa, có hai quai.; Yếu tố thịnh hành: Giày cổ thấp; Loại hàng tồn kho: Toàn bộ đơn hàng; Có hàng không: Đúng vậy1; Có phải hàng xuất khẩu không: Đúng vậy4; Thời gian giao hàng sớm nhất: 1; Loại hình xuất khẩu: Xuất khẩu; Báo cáo kiểm định chất lượng: Không; Đơn vị kiểm tra chất lượng: ","Chất liệu mặt giày: Khác; Chất liệu đế giày: Cao su xốp; Thương hiệu: Yuanfu; Chức năng: Chống trượt; Chất liệu bên trong: EVA; Công nghệ đế giày: Giày dán keo; Phong cách: Phong cách ngọt ngào; Danh mục sản phẩm: Kiểu chữ V; Nhóm tuổi áp dụng: Người trưởng thành; Loại nguồn: Hàng sẵn; Số mặt hàng: Giày cao gót vừa, có hai quai; Yếu tố phổ biến: Giày cổ thấp; Loại hàng tồn kho: Toàn bộ đơn hàng; Có tồn kho không: Có; Có phải hàng xuất khẩu không: Có; Thời gian vận chuyển nhanh nhất: 1; Loại hình xuất khẩu: Xuất khẩu; Báo cáo kiểm tra chất lượng: Không; Đơn vị kiểm tra chất lượng: sgs; Hoa văn:",,
935942277107,shoes,"Chất liệu đế: cao su; phong cách: giày đơn; Chất liệu trên: PU1; thương hiệu: khác1; Chất liệu đế: PU3; Chất liệu bên trong: pu2; Hình dạng ngón chân: nhọn; Yếu tố phổ biến: kim cương giả; Hạng mục cung cấp: thứ tự; Nguồn gốc: Thái Châu, Chiết Giang; phong cách: đi làm; Giới tính áp dụng: nữ; Chiều cao gót chân: Giày cao gót (6-8CM); mẫu: màu rắn; phù hợp với mùa: mùa hè, mùa xuân, mùa thu; Thời gian vận chuyển nhanh nhất: 10; màu sắc: trắng; kích cỡ: 36, 37, 38, 39, 40, 41, 42; Danh mục sản phẩm: giày cao gót; số mặt hàng: F1009-3; Chiều cao trên: đỉnh thấp; Hình dạng gót chân: gót chân mỏng;","Chất liệu đế giày: Cao su; Kiểu dáng: Giày bệt; Chất liệu mặt giày: PU; Thương hiệu: Khác; Chất liệu lót giày: PU; Chất liệu bên trong: pu; Hình dạng mũi giày: Mũi nhọn; Yếu tố phổ biến: kim cương giả; Loại nguồn: Đặt hàng; Xuất xứ: Đài Châu, Chiết Giang; Phong cách: đi làm; Giới tính áp dụng: Nữ; Chiều cao gót giày: Giày cao gót (6-8CM); Hoa văn: Màu trơn; Phù hợp với mùa: Mùa hè, Mùa xuân, Mùa thu; Thời gian vận chuyển nhanh nhất: 10; Màu sắc: Màu trắng; Kích cỡ: 36, 37, 38, 39, 40, 41, 42; Danh mục sản phẩm: giày cao gót; Số mặt hàng: F1009-3; Chiều cao thân giày: Cổ thấp; Hình dạng gót già",,
1075333635315,shoes,"Chất liệu mặt giày: Da siêu sợi; Chất liệu bên trong: Siêu sợi; Thương hiệu: /1; Kiểu dáng: Giày bệt2; Chất liệu lót giày: PU; Chất liệu đế giày: Cao su; Chức năng: Nhẹ nhàng; Hình dạng mũi giày: Mũi vuông; Phong cách: Phong cách tối giản; Yếu tố thịnh hành: Nơ; Loại nguồn hàng: Hàng có sẵn; Nguồn gốc: Chợp Châu, Chiết Giang; Dành cho giới tính: Nữ; Chiều cao gót giày: Gót thấp (1-3CM); Họa tiết: Màu trơn; Phù hợp với mùa: Mùa hè, Mùa xuân, Mùa thu; Thời gian giao hàng sớm nhất: 1; Màu sắc: màu đen, Màu be, Màu nâu, màu xám; Kích cỡ: 35, 36, 37, 38, 39, 40; Mã hàng: XY00862; Chiều cao thân già","Chất liệu mặt giày: Da siêu sợi; Chất liệu bên trong: Siêu sợi; Kiểu dáng: Giày bệt; Chất liệu lót giày: PU; Chất liệu đế giày: Cao su; Chức năng: Nhẹ nhàng; Hình dạng mũi giày: Đầu vuông; Phong cách: Phong cách tối giản; Yếu tố phổ biến: Nơ bướm; Loại nguồn: Hàng sẵn; Xuất xứ: Đài Châu, Chiết Giang; Giới tính áp dụng: Nữ; Chiều cao gót giày: Gót thấp (1-3CM); Hoa văn: Màu trơn; Phù hợp với mùa: Mùa hè, Mùa xuân, Mùa thu; Thời gian vận chuyển nhanh nhất: 1; Màu sắc: Màu đen, Màu be, Màu nâu, Màu xám; Kích cỡ: 35, 36, 37, 38, 39, 40; Số mặt hàng: XY00862; Chiều cao thân giày: Cổ thấp; Hình dạng",,
1073148792864,shoes,"Thương hiệu: Khác; Chất liệu mặt giày: Siêu sợi1; Chất liệu bên trong: Vải lưới thoáng khí; Chất liệu lót giày: PU; Các mẫu giày bốt thịnh hành: Bốt kỵ sĩ1; Chức năng: Tăng chiều cao, Chống thấm nước, Chống trượt; Danh mục sản phẩm: Bốt kỵ sĩ2; Độ tuổi phù hợp: Người trưởng thành; Loại nguồn hàng: Hàng có sẵn; Mã hàng: ·; Chất liệu đế giày: Cao su; Dành cho giới tính: Nữ; Phong cách: Phong cách cổ điển; Hình dạng mũi giày: Mũi nhọn; Hình dạng gót giày: Gót xuồng; Chiều cao gót giày: Giày cao gót (6-8CM); Yếu tố thịnh hành: Kim loại, Đế chống thấm nước, Phối da, Khóa thắt lưng; Chiều cao ống: B","Thương hiệu: Khác; Chất liệu mặt giày: Siêu sợi; Chất liệu bên trong: Vải lưới thoáng khí; Chất liệu lót giày: PU; Các mẫu giày bốt thịnh hành: Bốt kỵ sĩ; Chức năng: Tăng chiều cao, Chống nước, Chống trượt; Danh mục sản phẩm: Bốt kỵ sĩ; Nhóm tuổi áp dụng: Người trưởng thành; Loại nguồn: Hàng sẵn; Số mặt hàng: ·; Chất liệu đế giày: Cao su; Giới tính áp dụng: Nữ; Phong cách: Phong cách cổ điển; Hình dạng mũi giày: Mũi nhọn; Hình dạng gót giày: Gót xuồng; Chiều cao gót giày: Giày cao gót (6-8CM); Yếu tố phổ biến: Kim loại, Đế chống thấm nước, Da ghép, Khóa thắt lưng; Chiều cao ống: Bốt cao cổ; Dà",,
970513021039,shoes,"Chất liệu trên: Bề mặt vải lưới; Chất liệu bên trong: Lưới; thương hiệu: khác1; hình dạng: giày thông thường ngoài trời; Chất liệu đế: P.U.; Chất liệu đế: cao su xốp; Chức năng: nhẹ, Chống trượt; Hình dạng ngón chân: đầu tròn; phong cách: Phong cách giản dị hàng ngày; Yếu tố phổ biến: buộc dây1, Giải trí, Dây đeo chéo; Đặc điểm vỏ não: Da cạo râu; Danh mục cung cấp: Hàng giao ngay; Xuất xứ: Tai Châu, Chiết Giang; Giới tính áp dụng: nữ; Chiều cao gót của giày: Gót vừa (3-5CM); mẫu: sọc; Phù hợp với mùa: Phù hợp cho mọi mùa.; Thời gian vận chuyển nhanh nhất: 3; màu sắc: xám, kaki; kích cỡ: 35, 3","Chất liệu mặt giày: Bề mặt vải lưới; Chất liệu bên trong: Vải lưới; Thương hiệu: Khác; Kiểu dáng: giày thông thường ngoài trời; Chất liệu lót giày: P.U.; Chất liệu đế giày: cao su xốp; Chức năng: Nhẹ nhàng, Chống trượt; Hình dạng mũi giày: Đầu tròn; Phong cách: Phong cách thường ngày, thoải mái; Yếu tố phổ biến: Dây buộc, Thường ngày, Dây đai chéo; Đặc điểm da: Da cạo râu; Loại nguồn: Hàng sẵn; Xuất xứ: Đài Châu, Chiết Giang; Giới tính áp dụng: Nữ; Chiều cao gót giày: Gót vừa (3-5CM); Hoa văn: Sọc; Phù hợp với mùa: Dùng được quanh năm; Thời gian vận chuyển nhanh nhất: 3; Màu sắc: Màu xám, Kaki",,
986121666631,shoes,"thương hiệu: Phúc Điền2; Chất liệu đế giày: cao su; Chức năng: tăng, thoáng khí, Chống trượt; Chất liệu trên: Da bò lớp đầu tiên; công nghệ: đệm khí; Chất liệu bên trong: Bông; Giới tính áp dụng: Unisex/Cả nam và nữ đều có thể; cách mặc: Dây thun; Độ dày: Dày thông thường; Mã sản phẩm: 456321; Nguồn gốc sản phẩm: Hàng sẵn có; Nơi nhập khẩu: Phúc Điền1; Loại hàng tồn kho: toàn bộ đơn đặt hàng; Nó có trong kho không?: Đúng.1; Có nên xuất khẩu hay không: Đúng.2; Địa điểm phù hợp: Nhựa, sàn, thiên nhiên hoang dã, mặt đất cứng; Phù hợp với mùa: mùa hè, mùa đông, mùa xuân, mùa thu; Nhóm tuổi áp dụng","Thương hiệu: Putian; Chất liệu đế giày: Cao su; Chức năng: Tăng chiều cao, Thoáng khí, Chống trượt; Chất liệu mặt giày: Da bò lớp đầu; Công nghệ: đệm khí; Chất liệu bên trong: Bông; Giới tính áp dụng: Trung tính/nam và nữ; Cách mặc: Dây thun; Dày mỏng: Dày thông thường; Số mặt hàng: 456321; Loại nguồn: Hàng sẵn; Nơi nhập khẩu: Phúc Điền; Loại hàng tồn kho: Toàn bộ đơn hàng; Có tồn kho không: Có; Có phải hàng xuất khẩu không: Có; Địa điểm phù hợp: Nhựa, sàn, thiên nhiên hoang dã, mặt đất cứng; Phù hợp với mùa: Mùa hè, Mùa đông, Mùa xuân, Mùa thu; Nhóm tuổi áp dụng: Người trưởng thành; Hoa văn: ",,
887083853282,shoes,"Chất liệu mặt giày: Sợi nhỏ; Thương hiệu: Không có1; Chất liệu đế giày: Nhựa; Chức năng: Chống trượt; Chất liệu lót giày: EVA; Công nghệ đế giày: Giày ép nhựa; Nhóm tuổi áp dụng: Trưởng thành; Loại nguồn: Hàng sẵn; Số mặt hàng: RL-RF707; Có tồn kho không: Là; Loại hàng tồn kho: Nguyên đơn; Thời gian vận chuyển nhanh nhất: 5; Giới tính áp dụng: Nữ; Chiều cao giày: Cổ thấp; Đặc điểm vỏ não: Không có2; Cách ăn mặc: Dây buộc phía trước; Yếu tố phổ biến: Da ghép; Hoa văn: Màu trơn; Thích hợp cho mùa: Mùa xuân, Mùa thu; Hình dạng mũi giày: Đầu tròn; Chất liệu lót trong: Giả da; Dòng thể thao: Giày t","Chất liệu mặt giày: Siêu sợi; Thương hiệu: Không thương hiệu; Chất liệu đế giày: Nhựa; Chức năng: Chống trượt; Chất liệu lót giày: EVA; Công nghệ đế giày: Giày ép nhựa; Nhóm tuổi áp dụng: Người trưởng thành; Loại nguồn: Hàng sẵn; Số mặt hàng: RL-RF707; Có tồn kho không: Có; Loại hàng tồn kho: Toàn bộ đơn hàng; Thời gian vận chuyển nhanh nhất: 5; Giới tính áp dụng: Nữ; Chiều cao thân giày: Cổ thấp; Đặc điểm da: Không có; Cách mặc: Buộc dây phía trước; Yếu tố phổ biến: Da ghép; Hoa văn: Màu trơn; Phù hợp với mùa: Mùa xuân, Mùa thu; Hình dạng mũi giày: Đầu tròn; Chất liệu bên trong: Giả da; Dòng ",,
1018979124763,shoes,"Chất liệu mặt giày: Khác1; Thương hiệu: Doroque; Chức năng: Thoáng khí, Chống mài mòn; Chất liệu đế giày: Cao su; Chất liệu bên trong: Vải; Chất liệu lót giày: EVA; Công nghệ đế giày: Giày ép phun; Hình dạng mũi giày: Mũi tròn; Loại nguồn hàng: Hàng có sẵn; Nguồn gốc: Vũ Hán, Chiết Giang; Phong cách: Khác2; Dành cho giới tính: Nam; Yếu tố thịnh hành: Phối da; Chiều cao gót giày: Giày đế bằng1; Họa tiết: Màu trơn; Phù hợp với mùa: Mùa hè, Mùa xuân, Mùa thu; Thời gian giao hàng sớm nhất: 2; Màu sắc: R001 màu trắng, R 001m màu; Kích cỡ: 39, 40, 41, 42, 43, 44; Độ tuổi phù hợp: Thanh niên (18-40 t","Chất liệu mặt giày: Khác; Thương hiệu: Doroque; Chức năng: Thoáng khí, Chống mài mòn; Chất liệu đế giày: Cao su; Chất liệu bên trong: Vải; Chất liệu lót giày: EVA; Công nghệ đế giày: Giày ép nhựa; Hình dạng mũi giày: Đầu tròn; Loại nguồn: Hàng sẵn; Xuất xứ: Ôn Châu, Chiết Giang; Phong cách: Khác; Giới tính áp dụng: Nam; Yếu tố phổ biến: Da ghép; Chiều cao gót giày: Giày đế bằng; Hoa văn: Màu trơn; Phù hợp với mùa: Mùa hè, Mùa xuân, Mùa thu; Thời gian vận chuyển nhanh nhất: 2; Màu sắc: R001 màu trắng, R 001m màu; Kích cỡ: 39, 40, 41, 42, 43, 44; Nhóm tuổi áp dụng: Thanh niên (18-40 tuổi); Độ sâ",,
755272260227,shoes,"Thương hiệu: -1; Chất liệu mặt giày: pu; Chức năng: thoáng khí, Thoải mái; Chất liệu lót trong: Lưới; Chất liệu đế giày: Nhựa; Kiểu dáng: Giày thể thao và giày thông thường2; Danh mục sản phẩm: Giày thể thao và giày thông thường1; Nhóm tuổi áp dụng: Thanh niên (18-40 tuổi); Xuất xứ: Bảo Định, Hà Bắc; Phong cách: Thường ngày1; Số mặt hàng: H876; Thích hợp cho mùa: Mùa hè, Mùa xuân, Mùa thu; Giới tính áp dụng: Nam; Hoa văn: Phối màu1; Thể thao áp dụng: Thông dụng; Có tồn kho không: Là1; Loại hàng tồn kho: Nguyên đơn; Cách ăn mặc: Dây buộc phía trước; Có phải ngoại thương không: Không.1; Yếu tố p","Chất liệu mặt giày: pu; Chức năng: Thoáng khí, Thoải mái; Chất liệu bên trong: Lưới; Chất liệu đế giày: Nhựa; Kiểu dáng: Giày thể thao và giày thường ngày; Danh mục sản phẩm: Giày thể thao và giày thường ngày; Nhóm tuổi áp dụng: Thanh niên (18-40 tuổi); Xuất xứ: Bảo Định, Hà Bắc; Phong cách: Thường ngày; Số mặt hàng: H876; Phù hợp với mùa: Mùa hè, Mùa xuân, Mùa thu; Giới tính áp dụng: Nam; Hoa văn: Phối màu; Dùng cho thể thao: Thông dụng; Có tồn kho không: Có; Loại hàng tồn kho: Toàn bộ đơn hàng; Cách mặc: Buộc dây phía trước; Có phải hàng xuất khẩu không: Không; Yếu tố phổ biến: Giày cổ thấp,",,
939189166805,shoes,"Chất liệu mặt giày: Mặt nhung; Chất liệu lót trong: Giả da; Thương hiệu: ，; Kiểu dáng: Giày một lớp; Chất liệu lót giày: PU; Chất liệu đế giày: PVC; Chức năng: Khác; Hình dạng mũi giày: Mũi nhọn; Phong cách: Phong cách giản dị hàng ngày; Yếu tố phổ biến: Chỉ khâu xe; Loại nguồn: Hàng sẵn; Xuất xứ: Thái Châu, Chiết Giang; Giới tính áp dụng: Nữ; Chiều cao gót giày: Gót thấp (1-3cm); Hoa văn: Vân báo1; Thích hợp cho mùa: Mùa hè, Mùa đông, Mùa xuân, Mùa thu; Thời gian vận chuyển nhanh nhất: 1; Màu sắc: Vân báo2, Màu đen, Màu xanh lam, Màu đỏ, Màu cam; Kích cỡ: 36, 37, 38, 39, 40, 41, 42, 43; Số mặ","Chất liệu mặt giày: Mặt nhung; Chất liệu bên trong: Giả da; Thương hiệu: ，; Kiểu dáng: Giày bệt; Chất liệu lót giày: PU; Chất liệu đế giày: PVC; Chức năng: Khác; Hình dạng mũi giày: Mũi nhọn; Phong cách: Phong cách thường ngày, thoải mái; Yếu tố phổ biến: Chỉ khâu xe; Loại nguồn: Hàng sẵn; Xuất xứ: Đài Châu, Chiết Giang; Giới tính áp dụng: Nữ; Chiều cao gót giày: Gót thấp (1-3CM); Hoa văn: Vân báo; Phù hợp với mùa: Mùa hè, Mùa đông, Mùa xuân, Mùa thu; Thời gian vận chuyển nhanh nhất: 1; Màu sắc: Vân báo, Màu đen, Màu xanh lam, Màu đỏ, Màu cam; Kích cỡ: 36, 37, 38, 39, 40, 41, 42, 43; Số mặt hà",,
1045834158227,shoes,"Chất liệu mặt giày: PVC3; Chất liệu đế giày: PVC1; Thương hiệu: Bách Tấn; Chức năng: Thoáng khí, Nhẹ nhàng, Chống mài mòn, Thoải mái; Chất liệu bên trong: PVC2; Công nghệ đế giày: Giày ép phun; Phong cách: Phong cách tối giản; Danh mục sản phẩm: Dạng thanh ngang; Độ tuổi phù hợp: Người trưởng thành; Loại nguồn hàng: Hàng có sẵn; Mã hàng: A-8 Birkenstock hai quai; Yếu tố thịnh hành: Kim loại; Loại hàng tồn kho: Toàn bộ đơn hàng; Có hàng không: Đúng vậy2; Có phải hàng xuất khẩu không: Đúng vậy4; Thời gian giao hàng sớm nhất: 1-3 ngày; Loại hình xuất khẩu: Xuất khẩu; Báo cáo kiểm định chất lượng:","Chất liệu mặt giày: PVC; Chất liệu đế giày: PVC; Thương hiệu: Baixun; Chức năng: Thoáng khí, Nhẹ nhàng, Chống mài mòn, Thoải mái; Chất liệu bên trong: PVC; Công nghệ đế giày: Giày ép nhựa; Phong cách: Phong cách tối giản; Danh mục sản phẩm: Dạng thanh ngang; Nhóm tuổi áp dụng: Người trưởng thành; Loại nguồn: Hàng sẵn; Số mặt hàng: A-8 Birkenstock hai quai; Yếu tố phổ biến: Kim loại; Loại hàng tồn kho: Toàn bộ đơn hàng; Có tồn kho không: Có; Có phải hàng xuất khẩu không: Có; Thời gian vận chuyển nhanh nhất: 1-3 ngày; Loại hình xuất khẩu: Xuất khẩu; Báo cáo kiểm tra chất lượng: Có; Đơn vị kiểm t",,
734015508638,shoes,Chất liệu mặt giày: Vải bố; Chất liệu lót trong: Vải; Chất liệu đế giày: PVC; Chức năng: Chống trượt; thương hiệu: 11; Danh mục sản phẩm: Giày vải bạt; Công nghệ đế giày: Giày lưu hóa; Nhóm tuổi áp dụng: Trưởng thành; Loại nguồn: Hàng sẵn; Số mặt hàng: Công chúa hạnh phúc; Có tồn kho không: Là; Loại hàng tồn kho: Nguyên đơn; Thời gian vận chuyển nhanh nhất: 12; Giới tính áp dụng: Nữ; Chiều cao giày: Đế thấp (0-3cm); Cách ăn mặc: Không giới hạn; Yếu tố phổ biến: Khác; Hoa văn: Hoạt hình; Thích hợp cho mùa: Mùa thu; Phong cách: Thường ngày; Hình dạng gót giày: Gót bằng; Trọng lượng lông: 0.35; M,Chất liệu mặt giày: Vải bố; Chất liệu bên trong: Vải; Chất liệu đế giày: PVC; Chức năng: Chống trượt; Thương hiệu: 1; Danh mục sản phẩm: Giày vải bạt; Công nghệ đế giày: Giày lưu hóa; Nhóm tuổi áp dụng: Người trưởng thành; Loại nguồn: Hàng sẵn; Số mặt hàng: Công chúa hạnh phúc; Có tồn kho không: Có; Loại hàng tồn kho: Toàn bộ đơn hàng; Thời gian vận chuyển nhanh nhất: 1; Giới tính áp dụng: Nữ; Chiều cao thân giày: Cổ thấp (0-3cm); Cách mặc: Không giới hạn; Yếu tố phổ biến: Khác; Hoa văn: Hoạt hình; Phù hợp với mùa: Mùa thu; Phong cách: Thường ngày; Hình dạng gót giày: Giày đế bằng; Trọng lượng,,
1044533833217,shoes,"Chất liệu đế giày: Cao su; Kiểu dáng: Giày lười2; Chất liệu mặt giày: Vải nhung; Thương hiệu: Tô Mê Tụng; Chất liệu lót giày: Da nhân tạo; Chất liệu bên trong: Siêu sợi; Hình dạng mũi giày: Mũi tròn; Yếu tố thịnh hành: Giày cổ thấp1; Loại nguồn hàng: Hàng có sẵn; Nguồn gốc: Chợp Châu, Chiết Giang; Phong cách: Khác2; Dành cho giới tính: Nữ; Chiều cao gót giày: Gót thấp [dưới 3cm (bao gồm)]; Họa tiết: Màu trơn; Phù hợp với mùa: Mùa xuân, Mùa thu; Thời gian giao hàng sớm nhất: 1; Màu sắc: Xanh da trời, Màu trắng ngà, màu vàng, Màu hồng, màu đỏ; Kích cỡ: 35, 36, 37, 38, 39, 40, 41, 42, 43; Danh mụ","Chất liệu đế giày: Cao su; Chất liệu mặt giày: Vải nhung; Thương hiệu: Caimeisong; Chất liệu lót giày: Da nhân tạo; Chất liệu bên trong: Siêu sợi; Hình dạng mũi giày: Đầu tròn; Yếu tố phổ biến: Giày cổ thấp; Loại nguồn: Hàng sẵn; Xuất xứ: Đài Châu, Chiết Giang; Phong cách: Khác; Giới tính áp dụng: Nữ; Chiều cao gót giày: Gót thấp [dưới 3cm (bao gồm)]; Hoa văn: Màu trơn; Phù hợp với mùa: Mùa xuân, Mùa thu; Thời gian vận chuyển nhanh nhất: 1; Màu sắc: Màu xanh da trời, Màu trắng be, màu vàng, Màu hồng, Màu đỏ; Kích cỡ: 35, 36, 37, 38, 39, 40, 41, 42, 43; Danh mục sản phẩm: Giày đế bằng; Số mặt h",,
943699973345,shoes,"hình dạng: giày thể thao2; Chức năng: thoáng khí; Danh mục sản phẩm: giày thể thao1; Chất liệu mặt giày: Dệt bay1; Chất liệu lót trong: Siêu sợi; thương hiệu: khác; Chất liệu đế: nhựa; Xuất xứ: Bắc Định, Hà Bắc; phong cách: bài tập thể dục; Phù hợp với mùa: mùa hè, mùa đông, mùa xuân, mùa thu; Giới tính áp dụng: nữ; Yếu tố phổ biến: Chỉ khâu, Miệng nông; Danh mục cung cấp: Hàng giao ngay; Thời gian vận chuyển nhanh nhất: 2; Hình dạng ngón chân: đầu tròn; Chiều cao gót của giày: Gót thấp (1-3CM); màu sắc: hồng xanh, trắng xanh tím, trắng hồng tím; kích cỡ: 36, 37, 38, 39, 40; Mã sản phẩm: FD-15","Kiểu dáng: Giày thể thao; Chức năng: Thoáng khí; Danh mục sản phẩm: Giày thể thao; Chất liệu mặt giày: Dệt bay; Chất liệu bên trong: Siêu sợi; Thương hiệu: Khác; Chất liệu đế giày: Nhựa; Xuất xứ: Bảo Định, Hà Bắc; Phong cách: Thể thao; Phù hợp với mùa: Mùa hè, Mùa đông, Mùa xuân, Mùa thu; Giới tính áp dụng: Nữ; Yếu tố phổ biến: Chỉ khâu xe, Giày cổ thấp; Loại nguồn: Hàng sẵn; Thời gian vận chuyển nhanh nhất: 2; Hình dạng mũi giày: Đầu tròn; Chiều cao gót giày: Gót thấp (1-3CM); Màu sắc: hồng xanh, trắng xanh tím, trắng hồng tím; Kích cỡ: 36, 37, 38, 39, 40; Số mặt hàng: FD-151; Hoa văn: Màu tr",,
949718766281,shoes,"鞋面材质: 超纤; Chất liệu đế: cao su; Chất liệu bên trong: da giả; Chất liệu đế: eva; thương hiệu: | |1; Công nghệ đế giày: Giày viscose; màu sắc: màu nâu, màu đen; kích cỡ: 35, 36, 37, 38, 39; Yếu tố phổ biến: gót chân dày; Hình dạng ngón chân: đầu phẳng; Danh mục cung cấp: Hàng giao ngay; Xuất xứ: Thái Châu; phong cách: người Anh; Chiều cao gót của giày: Gót thấp (1-3CM); mẫu: màu trơn; Phù hợp với mùa: mùa hè, mùa đông, mùa xuân, mùa thu; Thời gian vận chuyển nhanh nhất: 1; danh mục sản phẩm: giày da nhỏ; Nhóm tuổi áp dụng: người lớn; 开口深度: 浅口（7cm以下）; Mã sản phẩm: 8040&852-1; Chiều cao trên: đỉnh","Chất liệu mặt giày: Siêu sợi; Chất liệu đế giày: Cao su; Chất liệu bên trong: Giả da; Chất liệu lót giày: eva; Thương hiệu: | |; Công nghệ đế giày: Giày dán keo; Màu sắc: Màu nâu, Màu đen; Kích cỡ: 35, 36, 37, 38, 39; Yếu tố phổ biến: Gót thô; Hình dạng mũi giày: đầu phẳng; Loại nguồn: Hàng sẵn; Xuất xứ: Đài Châu; Phong cách: người Anh; Chiều cao gót giày: Gót thấp (1-3CM); Hoa văn: Màu trơn; Phù hợp với mùa: Mùa hè, Mùa đông, Mùa xuân, Mùa thu; Thời gian vận chuyển nhanh nhất: 1; Danh mục sản phẩm: giày da nhỏ; Nhóm tuổi áp dụng: Người trưởng thành; Độ sâu mở: Miệng nông (dưới 7cm); Số mặt hà",,
676807365616,mother_baby,"Chất liệu: PE; Danh mục sản phẩm: Bóng bobo; Thương hiệu: Khác1; chức năng: khác2; Có đa chức năng không: Không.2; Xuất xứ: Ôn Châu, Chiết Giang; Số mặt hàng: 168; Quy cách: 5.5cm7cm dày 7cm dày đặc 8cm dày đặc 8cm dày đặc; Có phải là điện không: Không.1; Có bơm hơi không: Là1; Có đầy không: Không.3; Cách đóng gói: Túi lưới; Gia công tùy chỉnh: Là2; Cách chế biến: Tùy chỉnh hình ảnh; Có hình ảnh anime không: Không.4; Có video hướng dẫn mua sắm không: Là3; Có dành riêng cho ngoại thương không: Có (Sản phẩm này chỉ dành cho mục đích ngoại thương và có thể không đáp ứng các tiêu chuẩn sản phẩm tr","Chất liệu: PE; Danh mục sản phẩm: Bóng bobo; Thương hiệu: Khác; Chức năng: Khác; Có đa chức năng không: Không; Xuất xứ: Ôn Châu, Chiết Giang; Số mặt hàng: 168; Quy cách: 5.5cm7cm dày 7cm dày đặc 8cm dày đặc 8cm dày đặc; Có phải là điện không: Không; Có bơm hơi không: Có; Có đầy không: Không; Cách đóng gói: Túi lưới; Gia công tùy chỉnh: Có; Cách chế biến: Tùy chỉnh hình ảnh; Có hình ảnh anime không: Không; Có video hướng dẫn mua sắm không: Có; Có dành riêng cho ngoại thương không: Có (Sản phẩm này chỉ dành cho mục đích ngoại thương và có thể không đáp ứng các tiêu chuẩn sản phẩm trong nước. Ngư",,
964082237166,mother_baby,"Chất liệu đồ chơi: nhựa/nhựa; Tính năng: Sẽ tỏa sáng; thương hiệu: khác1; Loại đồ chơi phát sáng: Đồ chơi đèn LED; Người áp dụng: Không giới hạn; nơi xuất xứ: Kim Hoa; Có nên nhập khẩu hay không: trong nước; phát triển khả năng: Phát triển khả năng khác, đồ chơi tương tác; nhân vật anime: khác2; Có hình ảnh anime không?: là1; Mã sản phẩm: 021; Có video hướng dẫn mua sắm không?: là2; Nó có dành riêng cho ngoại thương không?: KHÔNG1; Danh mục cấu hình 3C: Đồ chơi dành cho lứa tuổi từ 14 trở lên; màu sắc: Đèn ngón tay chiếu Nezha [Phong cách tóc hỗn hợp], Đèn chiếu ngón tay Ultraman [Các kiểu dán","Chất liệu đồ chơi: Nhựa/Nhựa; Tính năng đặc biệt: Sẽ tỏa sáng; Thương hiệu: Khác; Loại đồ chơi phát sáng: Đồ chơi đèn LED; Đối tượng sử dụng: Không giới hạn; Xuất xứ: Kim Hoa; Có nhập khẩu không: Trong nước; Đào tạo năng lực: Đào tạo năng lực khác, Đồ chơi tương tác; Nhân vật anime: Khác; Có hình ảnh anime không: Có; Số mặt hàng: 021; Có video hướng dẫn mua sắm không: Có; Có dành riêng cho ngoại thương không: Không; Danh mục cấu hình 3c: Đồ chơi dành cho người trên 14 tuổi; Màu sắc: Đèn ngón tay chiếu Na Tra [Phong cách tóc hỗn hợp], Đèn chiếu ngón tay Ultraman [Các kiểu dáng khác nhau], Đèn n",,
1001672944455,mother_baby,"Chất liệu: PPSU; thương hiệu: đang là tình yêu; Thông số kỹ thuật cỡ nòng: Đường kính rộng; Cho dù có tay cầm: Có tay cầm; hình dạng: thẳng; Mã sản phẩm: BYA121/ 122; In logo: Có thể; Xử lý và tùy chỉnh: không1; Có nên nhập khẩu hay không: không2; Xuất xứ: Quảng Châu; Quốc gia/Khu vực xuất xứ: Trung Quốc đại lục; Số giấy phép sản xuất công nghiệp quốc gia: Quảng Đông XK16-204-06031; Mã vạch sản phẩm: 6974061670080; công suất: màu xanh lá cây, màu tím, màu hồng; màu sắc: 240ml, 300ml; Có cung cấp đặc biệt hàng hóa xuất khẩu xuyên biên giới hay không: không3; Loại bằng sáng chế: không4","Chất liệu: PPSU; Thương hiệu: Beiyinai; Đường kính miệng: Miệng rộng; Có kèm tay cầm không: Có tay cầm; Hình dạng: Thẳng; Số mặt hàng: BYA121/122; In logo: Có thể; Gia công tùy chỉnh: Không; Có nhập khẩu không: Không; Xuất xứ: Quảng Châu; Quốc gia/khu vực xuất xứ: Trung Quốc đại lục; Số giấy phép sản xuất công nghiệp quốc gia: 粤XK16-204-06031; Mã vạch sản phẩm: 6974061670080; Dung tích: Màu xanh lá, Màu tím, Màu hồng; Màu sắc: 240ml, 300ml; Có xuất khẩu xuyên biên giới dành riêng cho nguồn hàng không: Không; Loại bằng sáng chế: Không",,
994893479776,mother_baby,thương hiệu: Vải Dora Dora; Thông số cỡ nòng: cỡ nòng tiêu chuẩn; Cho dù có tay cầm: Không có tay cầm; hình dạng: thẳng; Mã sản phẩm: 6564; Có nên nhập khẩu hay không: không; Mã vạch sản phẩm: 6970714843009; công suất: 150ml; Có cung cấp đặc biệt hàng hóa xuất khẩu xuyên biên giới hay không: Đúng.,Thương hiệu: Duoladuobu; Đường kính miệng: Cỡ nòng tiêu chuẩn; Có kèm tay cầm không: Không có tay cầm; Hình dạng: Thẳng; Số mặt hàng: 6564; Có nhập khẩu không: Không; Mã vạch sản phẩm: 6970714843009; Dung tích: 150ml; Có xuất khẩu xuyên biên giới dành riêng cho nguồn hàng không: Có,,
848939138063,mother_baby,"Chất liệu: Cấp thực phẩm silicone; Thương hiệu: aiyinmer; Thông số kỹ thuật cỡ nòng: Cỡ nòng tiêu chuẩn; Độ tuổi áp dụng: 0-6 tháng; Số mặt hàng: 6121; Danh mục sản phẩm: cho bé ăn; Có nhập khẩu không: Không.1; Hình dạng cỡ nòng: Lỗ chữ thập; In LOGO: Không thể.; Gia công tùy chỉnh: Không.2; Số giấy phép sản xuất công nghiệp quốc gia: Quảng Đông XK16-204-04514; tốc độ dòng chảy của núm vú giả: trung bình; Loại bao bì: Đóng gói đơn; Mã vạch hàng hóa: Khác; Kích thước kích thước: Núm vú S lỗ (khuyến nghị cho bé 0-3 tháng tuổi), Núm vú L lỗ (khuyến nghị cho bé 6-9 tháng tuổi), Lỗ chữ thập núm vú ","Chất liệu: Silicone cấp thực phẩm; Thương hiệu: aiyinmer; Đường kính miệng: Cỡ nòng tiêu chuẩn; Độ tuổi áp dụng: 0-6 tháng; Số mặt hàng: 6121; Danh mục sản phẩm: Núm vú cho con bú; Có nhập khẩu không: Không; Hình dạng cỡ nòng: Lỗ chữ thập; In logo: Không thể; Gia công tùy chỉnh: Không; Số giấy phép sản xuất công nghiệp quốc gia: 粤XK16-204-04514; Tốc độ dòng chảy của núm vú giả: Trong; Loại bao bì: Đóng gói đơn; Mã vạch sản phẩm: Khác; Kích thước: Núm vú S lỗ (khuyến nghị cho bé 0-3 tháng tuổi), Núm vú L lỗ (khuyến nghị cho bé 6-9 tháng tuổi), Lỗ chữ thập núm vú giả (khuyến nghị cho bé trên 6 t",,
1052513117607,mother_baby,"Chất liệu: PPSU; Thương hiệu: trứng em bé; Thông số đường kính miệng: Miệng rộng; Có tay cầm không: Có tay cầm; Hình dạng: Thẳng; Mã hàng: Bình sữa nắp lật; In thêm logo: Được; Gia công theo yêu cầu: Đúng vậy2; Có nhập khẩu không: Không; Nguồn gốc: Phúc Kiến; Quốc gia/khu vực xuất xứ: Đại lục Trung Quốc; Số giấy phép sản xuất công nghiệp toàn quốc: Quảng Đông XK16-204-10636; Dung lượng: 【买1送1】300ml 吸嘴奶瓶 （送1个吸嘴）适合12月+, 【Mua 1 tặng 1】Bình sữa giả sữa mẹ 240ml (tặng 1 núm ti) phù hợp cho bé từ 6 tháng tuổi trở lên, 【Một bình hai công dụng】Bình sữa mô phỏng sữa mẹ 240ml (tặng kèm 1 núm ti) phù hợp",Chất liệu: PPSU; Thương hiệu: trứng em bé; Đường kính miệng: Miệng rộng; Có kèm tay cầm không: Có tay cầm; Hình dạng: Thẳng; Số mặt hàng: Bình sữa nắp lật; In logo: Có thể; Gia công tùy chỉnh: Có; Có nhập khẩu không: Không; Xuất xứ: Phúc Kiến; Quốc gia/khu vực xuất xứ: Trung Quốc đại lục; Số giấy phép sản xuất công nghiệp quốc gia: 粤XK16-204-10636; Có xuất khẩu xuyên biên giới dành riêng cho nguồn hàng không: Có; Độ tuổi áp dụng: Trẻ em (0-14 tuổi); Loại bao bì: Bao bì cơ bản,,
843689911070,mother_baby,"vật liệu: PPSU; Thương hiệu: Uco; Thông số kỹ thuật cỡ nòng: Cỡ nòng rộng; Có kèm tay cầm không: Không có tay cầm; Hình dạng: Hình vuông; Số mặt hàng: YKB-6616; In LOGO: Có thể; Số lượng đóng gói: 48; Gia công tùy chỉnh: Là; Có nhập khẩu không: Không.1; Xuất xứ: Quảng Đông; Quốc gia/Khu vực xuất xứ: Trung Quốc đại lục; Số giấy phép sản xuất công nghiệp quốc gia: Quảng Đông xk16-204-04514; Mã vạch hàng hóa: 6942103900358; Công suất: Tay cầm, Núm vú hai giọt lỗ, Núm vú giả lỗ chữ thập, Miệng hút, Vòi xịt 300ml màu xanh lam (trên 7 tháng tuổi), Vòi 300ml màu nâu (trên 7 tháng); Có xuất khẩu xuyên","Chất liệu: PPSU; Thương hiệu: Youkebei; Đường kính miệng: Miệng rộng; Có kèm tay cầm không: Không có tay cầm; Hình dạng: Hình vuông; Số mặt hàng: YKB-6616; In logo: Có thể; Số lượng đóng gói: 48; Gia công tùy chỉnh: Có; Có nhập khẩu không: Không; Xuất xứ: Quảng Đông; Quốc gia/khu vực xuất xứ: Trung Quốc đại lục; Số giấy phép sản xuất công nghiệp quốc gia: 粤xk16-204-04514; Mã vạch sản phẩm: 6942103900358; Dung tích: Tay cầm, Núm vú hai giọt lỗ, Núm vú giả lỗ chữ thập, Miệng hút, Vòi xịt 300ml màu xanh lam (trên 7 tháng tuổi), Vòi 300ml màu nâu (trên 7 tháng); Có xuất khẩu xuyên biên giới dành r",,
1055514178408,mother_baby,"Chất liệu: Silicone lỏng cấp thực phẩm; Thương hiệu: Hoàng Thử; Thông số đường kính miệng: Đường kính lớn2; Độ tuổi phù hợp: 0-3 tuổi; Mã hàng: Ống hút uống trực tiếp có núm vú, đường kính 7.2cm; Danh mục sản phẩm: Cho bà ăn; Có nhập khẩu không: Không; Kích thước: Vòi hút rỗng + ống thẳng liền khối [nâng cấp đầu chữ U] (18 tháng+), Vòi hút lỗ chữ V + ống hút uống trực tiếp (12 tháng+) tặng kèm hộp + cọ vệ sinh, Vòi hút rỗng + bi trọng lực (12 tháng+), Vòi hút lỗ chữ V + bi trọng lực (lỗ chữ V 9 tháng+) tặng kèm hộp + cọ, Đầu vòi mỏ vịt + ống thô (9 tháng+) tặng kèm hộp + bàn chải, Mỏ vịt + bón","Chất liệu: Silicone lỏng cấp thực phẩm; Thương hiệu: Huangsi; Đường kính miệng: Đường kính lớn; Độ tuổi áp dụng: 0-3 tuổi; Số mặt hàng: Ống hút uống trực tiếp có núm vú, đường kính 7.2cm; Danh mục sản phẩm: Núm vú cho con bú; Có nhập khẩu không: Không; Kích thước: Vòi hút rỗng + ống thẳng liền khối [nâng cấp đầu chữ U] (18 tháng+), Vòi hút lỗ chữ V + ống hút uống trực tiếp (12 tháng+) tặng kèm hộp + cọ vệ sinh, Vòi hút rỗng + bi trọng lực (12 tháng+), Vòi hút lỗ chữ V + bi trọng lực (lỗ chữ V 9 tháng+) tặng kèm hộp + cọ, Đầu vòi mỏ vịt + ống thô (9 tháng+) tặng kèm hộp + bàn chải, Mỏ vịt + bón",,
835197828820,shoes,"Chất liệu trên: PU nhân tạo; Thương hiệu: YSNB; Chức năng: khác; Vật liệu đế: cao su; Vật liệu bên trong: giả da; Vật liệu đế: PU1; Công nghệ đế: Giày đúc phun; hình dạng ngón chân: Đầu tròn; Danh mục cung cấp: Còn hàng; Xuất xứ: Ôn Châu, Chiết Giang; phong cách: Bình thường1; Giới tính áp dụng: nam; Yếu tố phổ biến: miệng nông; Chiều cao gót chân: Gót chân thấp (1-3CM); mẫu: màu trơn; Thích hợp cho mùa: Mùa hè, mùa xuân, mùa thu; Thời gian vận chuyển nhanh nhất: 2; màu sắc: nâu, màu đen; kích thước: 39, 40, 41, 42, 43, 44; Nhóm tuổi áp dụng: Thanh niên (18-40 tuổi); độ sâu mở: Miệng nông (dướ","Chất liệu mặt giày: PU nhân tạo; Thương hiệu: YSNB; Chức năng: Khác; Chất liệu đế giày: Cao su; Chất liệu bên trong: Giả da; Chất liệu lót giày: PU; Công nghệ đế giày: Giày ép nhựa; Hình dạng mũi giày: Đầu tròn; Loại nguồn: Hàng sẵn; Xuất xứ: Ôn Châu, Chiết Giang; Phong cách: Thường ngày; Giới tính áp dụng: Nam; Yếu tố phổ biến: Giày cổ thấp; Chiều cao gót giày: Gót thấp (1-3CM); Hoa văn: Màu trơn; Phù hợp với mùa: Mùa hè, Mùa xuân, Mùa thu; Thời gian vận chuyển nhanh nhất: 2; Màu sắc: Màu nâu, Màu đen; Kích cỡ: 39, 40, 41, 42, 43, 44; Nhóm tuổi áp dụng: Thanh niên (18-40 tuổi); Độ sâu mở: Miệ",,
684247487837,shoes,"Thương hiệu: Jin Shiyuan; Chất liệu mặt giày: Polyester; Chức năng: Thoáng khí; Chất liệu lót trong: Vải lưới; Chất liệu đế giày: PVC; Kiểu dáng: Giày thể thao và giày thông thường2; Danh mục sản phẩm: Giày thể thao và giày thông thường1; Nhóm tuổi áp dụng: Trưởng thành; Xuất xứ: Lạc Dương, Hà Nam; Phong cách: Thể thao; Số mặt hàng: B-YS03; Thích hợp cho mùa: Mùa thu; Giới tính áp dụng: Nam; Hoa văn: Khác1; Thể thao áp dụng: Đi bộ đường dài; Có còn hàng không: Là1; Loại hàng tồn kho: Toàn bộ đơn hàng; Cách ăn mặc: Dây buộc phía trước; Có phải ngoại thương không: Không1; Yếu tố phổ biến: Khác2;","Thương hiệu: Jinshiyuan; Chất liệu mặt giày: Polyester; Chức năng: Thoáng khí; Chất liệu bên trong: Vải lưới; Chất liệu đế giày: PVC; Kiểu dáng: Giày thể thao và giày thường ngày; Danh mục sản phẩm: Giày thể thao và giày thường ngày; Nhóm tuổi áp dụng: Người trưởng thành; Xuất xứ: Lạc Dương, Hà Nam; Phong cách: Thể thao; Số mặt hàng: B-YS03; Phù hợp với mùa: Mùa thu; Giới tính áp dụng: Nam; Hoa văn: Khác; Dùng cho thể thao: Đi bộ đường dài; Có tồn kho không: Có; Loại hàng tồn kho: Toàn bộ đơn hàng; Cách mặc: Buộc dây phía trước; Có phải hàng xuất khẩu không: Không; Yếu tố phổ biến: Khác; Hình ",,
775734529648,shoes,"Thương hiệu: Câu lạc bộ Yuan Hee; Chất liệu mặt giày: Da tổng hợp; Chức năng: Tăng chiều cao, Nhanh khô, Thoáng khí, Chống nước; Chất liệu lót trong: Lưới; Chất liệu đế giày: Cao su; 款式: 跑步鞋; Danh mục sản phẩm: Giày chạy bộ; Nhóm tuổi áp dụng: Trưởng thành; Xuất xứ: Ôn Châu, Chiết Giang; Phong cách: Thường ngày1; Số mặt hàng: S22; Thích hợp cho mùa: Mùa hè, Mùa đông, Mùa xuân, Mùa thu; Giới tính áp dụng: Nam; Hoa văn: Phối màu; Thể thao áp dụng: Thông dụng; Có tồn kho không: Là1; Loại hàng tồn kho: Nguyên đơn; Cách ăn mặc: Dây buộc phía trước; Yếu tố phổ biến: Chỉ khâu xe; Hình dạng gót giày: ","Thương hiệu: Yuanxishetuan; Chất liệu mặt giày: Da tổng hợp; Chức năng: Tăng chiều cao, Nhanh khô, Thoáng khí, Chống nước; Chất liệu bên trong: Lưới; Chất liệu đế giày: Cao su; Kiểu dáng: Giày chạy bộ; Danh mục sản phẩm: Giày chạy bộ; Nhóm tuổi áp dụng: Người trưởng thành; Xuất xứ: Ôn Châu, Chiết Giang; Phong cách: Thường ngày; Số mặt hàng: S22; Phù hợp với mùa: Mùa hè, Mùa đông, Mùa xuân, Mùa thu; Giới tính áp dụng: Nam; Hoa văn: Phối màu; Dùng cho thể thao: Thông dụng; Có tồn kho không: Có; Loại hàng tồn kho: Toàn bộ đơn hàng; Cách mặc: Buộc dây phía trước; Yếu tố phổ biến: Chỉ khâu xe; Hình",,
975166151130,shoes,"thương hiệu: Yangkuli; Chất liệu đế giày: MD; Chức năng: thoáng khí, Nhẹ, Chống trượt, Chống mài mòn, Hấp thụ sốc; Chất liệu trên: vải1; công nghệ: công nghệ thoáng khí; Chất liệu bên trong: lưới; Giới tính áp dụng: Unisex/Cả nam và nữ đều có thể; cách mặc: Không bị ràng buộc; Độ dày: Dày thông thường; Mã sản phẩm: F19; Nguồn gốc sản phẩm: Hàng sẵn có; Loại hàng tồn kho: toàn bộ đơn đặt hàng; Nó có trong kho không?: Đúng.1; Có nên xuất khẩu hay không: không1; Địa điểm phù hợp: Nhựa, sàn, sân bay; Phù hợp với mùa: mùa đông, mùa xuân, mùa thu; Nhóm tuổi áp dụng: trẻ em; Mẫu: Màu trơn; Loại hình ","Thương hiệu: Yangkuli; Chất liệu đế giày: MD; Chức năng: Thoáng khí, Nhẹ nhàng, Chống trượt, Chống mài mòn, Giảm chấn; Chất liệu mặt giày: Vải; Công nghệ: công nghệ thoáng khí; Chất liệu bên trong: Lưới; Giới tính áp dụng: Trung tính/nam và nữ; Cách mặc: Không bị ràng buộc; Dày mỏng: Dày thông thường; Số mặt hàng: F19; Loại nguồn: Hàng sẵn; Loại hàng tồn kho: Toàn bộ đơn hàng; Có tồn kho không: Có; Có phải hàng xuất khẩu không: Không; Địa điểm phù hợp: Nhựa, sàn, sân bay; Phù hợp với mùa: Mùa đông, Mùa xuân, Mùa thu; Nhóm tuổi áp dụng: trẻ em; Hoa văn: Màu trơn; Loại hình xuất khẩu: Xuất khẩu;",,
997216778578,shoes,"thương hiệu: giày Putian; Chất liệu trên: lưới1; Chức năng: thoáng khí, Số dư; Chất liệu bên trong: lưới2; Chất liệu đế giày: cao su cacbon; phong cách: Giày thể thao và giày thông thường; Danh mục sản phẩm: giày chạy bộ; Nhóm tuổi áp dụng: người lớn; nguồn gốc: Phúc Kiến, Phúc Kiến; phong cách: giải trí; Mã sản phẩm: GTB 140 505 4512; Phù hợp với mùa: mùa hè, mùa đông, mùa xuân, mùa thu; Giới tính áp dụng: Unisex/Cả nam và nữ đều có thể; Mẫu: không có gì1; Các môn thể thao áp dụng: phổ quát; Nó có trong kho không?: Đúng.; Loại hàng tồn kho: toàn bộ đơn đặt hàng; cách mặc: Cà vạt phía trước; C","Thương hiệu: Putianxie; Chất liệu mặt giày: Vải lưới; Chức năng: Thoáng khí, Cân bằng; Chất liệu bên trong: Lưới; Chất liệu đế giày: cao su cacbon; Kiểu dáng: Giày thể thao và giày thường ngày; Danh mục sản phẩm: Giày chạy bộ; Nhóm tuổi áp dụng: Người trưởng thành; Xuất xứ: Bồ Điền, Phúc Kiến; Phong cách: Thường ngày; Số mặt hàng: GTB1405054512; Phù hợp với mùa: Mùa hè, Mùa đông, Mùa xuân, Mùa thu; Giới tính áp dụng: Trung tính/nam và nữ; Hoa văn: Không có; Dùng cho thể thao: Thông dụng; Có tồn kho không: Có; Loại hàng tồn kho: Toàn bộ đơn hàng; Cách mặc: Buộc dây phía trước; Có phải hàng xuất",,
1057683333621,shoes,"Thương hiệu: /2; Chất liệu mặt giày: Vải lưới; Chức năng: Tăng chiều cao, Thoáng khí, Cân bằng, Độ đàn hồi; Chất liệu bên trong: Không có lớp lót bên trong; Chất liệu đế giày: EVA đàn hồi cao; Kiểu dáng: Giày thể thao và giày thường ngày; Danh mục sản phẩm: Giày chạy bộ; Độ tuổi phù hợp: Người trưởng thành; Nguồn gốc: Lạc Dương, Hà Nam; Phong cách: Khác1; Mã hàng: DZ-B-JR01; Phù hợp với mùa: Mùa hè, Mùa xuân, Mùa thu; Dành cho giới tính: Nam; Họa tiết: Sọc; Dùng cho thể thao: Đa năng; Có hàng không: Không2; Loại hàng tồn kho: Toàn bộ đơn hàng; Cách mặc: Dây buộc phía trước; Có phải hàng xuất k","Chất liệu mặt giày: Vải lưới; Chức năng: Tăng chiều cao, Thoáng khí, Cân bằng, Độ đàn hồi; Chất liệu bên trong: Không có lớp lót bên trong; Chất liệu đế giày: EVA đàn hồi cao; Kiểu dáng: Giày thể thao và giày thường ngày; Danh mục sản phẩm: Giày chạy bộ; Nhóm tuổi áp dụng: Người trưởng thành; Xuất xứ: Lạc Dương, Hà Nam; Phong cách: Khác; Số mặt hàng: DZ-B-JR01; Phù hợp với mùa: Mùa hè, Mùa xuân, Mùa thu; Giới tính áp dụng: Nam; Hoa văn: Sọc; Dùng cho thể thao: Thông dụng; Có tồn kho không: Không; Loại hàng tồn kho: Toàn bộ đơn hàng; Cách mặc: Buộc dây phía trước; Có phải hàng xuất khẩu không: ",,
1083213221661,shoes,"Thương hiệu: Phủ Điền; Chất liệu mặt giày: Da bò lớp đầu; Chức năng: Tăng chiều cao, Chống trượt, Chống mài mòn, Giảm chấn; Chất liệu bên trong: Bông; Chất liệu đế giày: Cao su; Kiểu dáng: Kiểu dáng thường ngày; Danh mục sản phẩm: Giày chạy bộ; Độ tuổi phù hợp: Người trưởng thành; Nguồn gốc: Phúc Kiến Phủ Điền; Phong cách: Thư giãn; Mã hàng: 666; Phù hợp với mùa: Mùa hè, Mùa đông, Mùa xuân, Mùa thu; Dành cho giới tính: Trung tính/Unisex; Họa tiết: Màu trơn; Dùng cho thể thao: Đa năng; Có hàng không: Không; Loại hàng tồn kho: Toàn bộ đơn hàng; Cách mặc: Dây buộc phía trước; Yếu tố thịnh hành: K","Thương hiệu: Putian; Chất liệu mặt giày: Da bò lớp đầu; Chức năng: Tăng chiều cao, Chống trượt, Chống mài mòn, Giảm chấn; Chất liệu bên trong: Bông; Chất liệu đế giày: Cao su; Kiểu dáng: Phong cách giản dị; Danh mục sản phẩm: Giày chạy bộ; Nhóm tuổi áp dụng: Người trưởng thành; Xuất xứ: Bồ Điền, Phúc Kiến; Phong cách: Thường ngày; Số mặt hàng: 666; Phù hợp với mùa: Mùa hè, Mùa đông, Mùa xuân, Mùa thu; Giới tính áp dụng: Trung tính/nam và nữ; Hoa văn: Màu trơn; Dùng cho thể thao: Thông dụng; Có tồn kho không: Không; Loại hàng tồn kho: Toàn bộ đơn hàng; Cách mặc: Buộc dây phía trước; Yếu tố phổ ",,
816431418237,shoes,"Chất liệu mặt giày: Da nhân tạo; Kiểu dáng: giày thường ngày ngoài trời; Chất liệu đế giày: PVC; Chất liệu lót trong: Vải1; Chất liệu lót giày: EVA; Chức năng: Thoáng khí, Chịu mài mòn; Thương hiệu: Jin Shiyuan; Danh mục sản phẩm: Giày lười; Độ sâu mở: Miệng nông (dưới 7cm); Nhóm tuổi áp dụng: Thanh niên (18-40 tuổi); Thích hợp cho mùa: Mùa hè, Mùa xuân, Mùa thu; Yếu tố phổ biến: Khác1, Chỉ khâu xe; Xuất xứ: Lạc Dương, Hà Nam; Phong cách: Thường ngày1; Giới tính áp dụng: Nam; Hoa văn: Màu trơn; Loại nguồn: Hàng sẵn; Hình dạng mũi giày: Đầu tròn; Chiều cao gót giày: Gót bằng1; Số mặt hàng: DZ-D","Chất liệu mặt giày: Da nhân tạo; Kiểu dáng: giày thường ngày ngoài trời; Chất liệu đế giày: PVC; Chất liệu bên trong: Vải; Chất liệu lót giày: EVA; Chức năng: Thoáng khí, Chống mài mòn; Thương hiệu: Jinshiyuan; Danh mục sản phẩm: Giày lười; Độ sâu mở: Miệng nông (dưới 7cm); Nhóm tuổi áp dụng: Thanh niên (18-40 tuổi); Phù hợp với mùa: Mùa hè, Mùa xuân, Mùa thu; Yếu tố phổ biến: Khác, Chỉ khâu xe; Xuất xứ: Lạc Dương, Hà Nam; Phong cách: Thường ngày; Giới tính áp dụng: Nam; Hoa văn: Màu trơn; Loại nguồn: Hàng sẵn; Hình dạng mũi giày: Đầu tròn; Chiều cao gót giày: Giày đế bằng; Số mặt hàng: DZ-D15",,
839499588056,shoes,"Chất liệu mặt giày: PU nhân tạo; Thương hiệu: Thanh Vinh; Chức năng: Tăng chiều cao, Thoáng khí, Chịu mài mòn; Chất liệu đế giày: Cao su; Chất liệu lót trong: Lưới1; Chất liệu lót giày: EVA; Công nghệ đế giày: Giày ép nhựa; Hình dạng mũi giày: Đầu tròn; Loại nguồn: Hàng sẵn; Xuất xứ: Ôn Châu, Chiết Giang; Phong cách: Kiểu Hàn; Giới tính áp dụng: Nam; Yếu tố phổ biến: Chỉ khâu xe; Chiều cao gót giày: Gót thấp (1-3cm); Hoa văn: Màu trơn; Thích hợp cho mùa: Mùa hè, mùa đông, mùa xuân, Mùa thu; Thời gian vận chuyển nhanh nhất: 2 ngày1; Màu sắc: MQ07 trắng đen, MQ07 màu trắng, MQ07 trắng đen (nâng ","Chất liệu mặt giày: PU nhân tạo; Thương hiệu: Qingrong; Chức năng: Tăng chiều cao, Thoáng khí, Chống mài mòn; Chất liệu đế giày: Cao su; Chất liệu bên trong: Lưới; Chất liệu lót giày: EVA; Công nghệ đế giày: Giày ép nhựa; Hình dạng mũi giày: Đầu tròn; Loại nguồn: Hàng sẵn; Xuất xứ: Ôn Châu, Chiết Giang; Phong cách: Kiểu Hàn; Giới tính áp dụng: Nam; Yếu tố phổ biến: Chỉ khâu xe; Chiều cao gót giày: Gót thấp (1-3CM); Hoa văn: Màu trơn; Phù hợp với mùa: Mùa hè, Mùa đông, Mùa xuân, Mùa thu; Thời gian vận chuyển nhanh nhất: 2 ngày; Màu sắc: MQ07 trắng đen, MQ07 màu trắng, MQ07 trắng đen (nâng cấp v",,
991897256482,shoes,"Chất liệu trên: pu; Chất liệu bên trong: lưới; thương hiệu: không có thương hiệu; phong cách: giày bố; Chất liệu lót giày: EVA; Chất liệu đế giày: cao su; Chức năng: Chống trượt; Hình dạng ngón chân: Đầu tròn; phong cách: Phong cách giản dị hàng ngày; Các yếu tố phổ biến: chỉ khâu; Đặc điểm vỏ não: da tổng hợp; Nguồn gốc sản phẩm: Hàng sẵn có; nguồn gốc: Vũ Châu, Chiết Giang; Giới tính áp dụng: nữ; Chiều cao gót chân: Gót thấp (1-3CM); Mẫu: Màu trơn; Phù hợp với mùa: mùa thu; Thời gian vận chuyển nhanh nhất: 2 ngày1; màu sắc: Q 103m màu hồng, Q 103m màu nâu, Q103 màu đen; Kích thước: 35, 36, 3","Chất liệu mặt giày: pu; Chất liệu bên trong: Lưới; Thương hiệu: Không thương hiệu; Kiểu dáng: giày bố; Chất liệu lót giày: EVA; Chất liệu đế giày: Cao su; Chức năng: Chống trượt; Hình dạng mũi giày: Đầu tròn; Phong cách: Phong cách thường ngày, thoải mái; Yếu tố phổ biến: Chỉ khâu xe; Đặc điểm da: Da tổng hợp; Loại nguồn: Hàng sẵn; Xuất xứ: Ôn Châu, Chiết Giang; Giới tính áp dụng: Nữ; Chiều cao gót giày: Gót thấp (1-3CM); Hoa văn: Màu trơn; Phù hợp với mùa: Mùa thu; Thời gian vận chuyển nhanh nhất: 2 ngày; Màu sắc: Q 103m màu hồng, Q 103m màu nâu, Q103 màu đen; Kích cỡ: 35, 36, 37, 38, 39, 40;",,
