product_id,category,title_zh,title_vi,chu_han_trong_vi,chua_dich,so_zh_mat_trong_vi,so_vi_thua_so_voi_zh,cum_tieng_anh_dai,dich_sat_chu,lap_tu_lien_tiep,ngoac_ky_hieu,ket_thuc_do_dang,ti_le_tu_vi_tren_chu_zh,do_dai_bat_thuong,titlecase_ratio,viet_hoa_moi_tu,trung_cap,cung_zh_khac_vi,cung_vi_khac_zh,quang_cao,xu_ly,ghi_chu
895505824643,auto,适用奔驰汽车头枕S级迈巴赫护颈枕E300LC260L腰靠GLC车内装饰用品,Gối tựa đầu dùng cho xe Mercedes-Benz S-Class Maybach kê cổ E300LC260L lưng GLC đồ trang trí nội thất,False,False,,,Mercedes-Benz S-Class Maybach,,,,False,1.0,,0.35,False,False,False,False,,,
685311327888,auto,不锈钢除雪铲车用玻璃刮雪铲除冰除雪铲雪铲霜工具除冰铲除霜刮霜,"Xẻng làm tuyết bằng thép không gỉ, xẻng làm tuyết, xẻng làm tuyết, xẻng làm tuyết",False,False,,,,,xẻng làm tuyết,,False,0.533,,0.0,False,False,False,False,,,
891547057353,auto,新款汽车用品头枕腰靠套装女生彩色腰部靠垫靠背车载配件腰托批发,Phụ kiện ô tô mới tựa đầu tựa lưng bộ đồ cho nữ màu tựa lưng tựa lưng phụ kiện ô tô tựa lưng bán buôn,False,False,,,,,tựa lưng,,False,0.867,,0.0,False,False,False,False,bán buôn,,
765979643438,auto,跨境热卖电钻刷头清洁套装圆盘刷毛刷清洁刷汽车清洁抛光美容,"Bộ dụng cụ vệ sinh đầu máy khoan điện bán chạy xuyên biên giới, bàn chải đĩa, bàn chải lông, bàn chải vệ sinh, vệ sinh xe hơi, đánh bóng và chăm sóc sắc đẹp",False,False,,,,,vệ sinh,,False,1.25,,0.0,False,False,False,False,xuyên biên giới,,
934998812816,auto,【严选】汽车洗车专用拖把握式大弯杆软毛可伸缩刷车刷子洗车拖把,"【Lựa chọn cao cấp】Cây lau rửa xe có tay cầm, thanh cong lớn, lông mềm, bàn chải vệ sinh xe có thể kéo dài, cây lau rửa xe.",False,False,,,,,,【】,False,1.036,,0.04,False,False,False,False,,,
715559046885,auto,汽车 后备箱储物车载整理收纳置物箱装饰折叠置物箱 后备箱收纳箱,Hộp đựng đồ để đồ trong xe ô tô,False,False,,,,,,,False,0.31,vi_qua_ngan,0.0,False,False,False,False,,,
672904260583,auto,临时停车手机电话挪车号码牌摆件车载移车牌汽车用品装饰大全车内,Bãi đậu xe tạm thời điện thoại di động di chuyển biển số xe trang trí biển số xe ô tô,False,False,,,,,,,False,0.7,,0.0,False,False,True,False,,,
933907999446,auto,汽车座椅间储物网兜双层储物网兜置物袋收纳网杂物袋改装配件用品,Ghế ngồi ô tô lưới lưu trữ túi hai lớp lưới lưu trữ túi lưu trữ túi lưới lưu trữ linh tinh túi sửa đổi phụ kiện cung cấp,False,False,,,,,lưu trữ túi,,False,0.967,,0.0,False,False,False,False,,,
864443484885,auto,除尘掸子擦车拖把家用扫灰可伸缩杆不掉毛清洁除尘刷大号掸灰神器,"Cây lau bụi, cây lau nhà, cây lau nhà, cây lau nhà, cây lau nhà gia dụng, thanh có thể co giãn không bị rụng lông, bàn chải lau bụi, dụng cụ lau bụi lớn",False,False,,,,,cây lau nhà,,False,1.167,,0.0,False,False,False,False,,,
839271643379,auto,临时停车牌停车号码牌汽车用品内饰摆件创意莹光移车挪车卡电话牌,"Biển báo đỗ xe tạm thời, biển số đỗ xe, phụ kiện ô tô, trang trí nội thất, sáng tạo, sáng tạo, chuyển xe, thẻ, điện thoại",False,False,,,,,sáng tạo,,False,0.9,,0.0,False,False,False,False,,,
856312931853,auto,汽车前后保险杠防撞条前唇车身防刮蹭防摩擦加宽保护贴胶条防撞贴,Dải chống va chạm cản trước và cản sau ô tô,False,False,,,,,,,False,0.367,vi_qua_ngan,0.0,False,False,False,True,,,
783411010026,auto,汽车后备箱收纳箱车载储物箱收纳盒车内用品整理鞋子储物收纳神器,"Hộp đựng đồ cốp xe ô tô, hộp đựng đồ ô tô, hộp đựng đồ, hộp đựng đồ dùng trên ô tô, hộp đựng giày và hộp đựng đồ",False,False,,,,,hộp đựng đồ,,False,0.967,,0.0,False,False,False,False,,,
917201880653,auto,车载垃圾袋粘贴自立式收纳袋汽车内用桶必用品车上好物备实用大全,Túi đựng rác trên ô tô,False,False,,,,,,,False,0.2,vi_qua_ngan,0.0,False,False,False,False,,,
860124378470,auto,飞行员小狗狗汽车怀挡雨刮器装饰车载转向灯车载狗停车牌摆件饰品,Trang trí cần gạt nước ô tô cho chó phi công,False,False,,,,,,,False,0.367,vi_qua_ngan,0.0,False,False,False,False,,,
41907586179,auto,SNJUE8合1泡沫高压洗车水枪车载高压水枪洗车用品家用洗车器,Súng nước rửa xe áp lực cao SNJUE8 trong 1 bọt,False,False,,,,,,,False,0.417,vi_qua_ngan,0.0,False,False,False,False,,,
801877533051,auto,跨境新款美国国旗老鹰汽车内饰后视镜挂件异形钥匙链装饰挂件吊坠,Mặt dây chuyền trang trí chìa khóa hình đặc biệt,False,False,,,,,,,False,0.333,vi_qua_ngan,0.0,False,False,False,False,,,
932714340218,auto,多功能清洁软胶车内清洁神器汽车用品黑科技车用吸尘泥清理沾灰尘,"Dụng cụ làm sạch nội thất ô tô dạng gel mềm đa chức năng, đồ dùng ô tô, bùn hút bụi ô tô công nghệ đen để làm sạch bụi.",False,False,,,,,,,False,1.0,,0.0,False,False,True,False,,,
611247055426,auto,跨境内饰用品护腰靠垫汽车腰靠 车载护颈枕靠枕记忆棉汽车头枕,"Đồ nội thất xuyên biên giới, đệm thắt lưng, đệm thắt lưng ô tô, gối tựa cổ ô tô, gối tựa cổ ô tô",False,False,,,,,đệm thắt lưng,,False,0.857,,0.0,False,False,False,False,xuyên biên giới,,
930650401876,auto,临时停车手机电话挪车号码牌摆件车载移车牌汽车用品装饰大全车内,Đỗ xe tạm thời điện thoại di động di chuyển biển số xe đồ trang trí xe di chuyển biển số xe cung cấp bộ sưu tập trang trí trong xe,False,False,,,,,,,False,1.033,,0.0,False,True,True,False,,,
657762627445,auto,汽车磨泥布去污魔泥毛巾清洗布洗车手套磨泥盘火山泥跨境清洁美容,"Khăn lau ô tô, khăn lau, khăn lau, găng tay rửa xe, đĩa bùn, bùn núi lửa, làm sạch và làm đẹp xuyên biên giới",False,False,,,,,khăn lau,,False,0.833,,0.0,False,False,False,False,xuyên biên giới,,
770489725284,auto,网红车载R星香片汽车出风口香薰香氛片挂件饰品香水持久除味摆件,Phụ kiện trang sức trang trí Nước hoa khử mùi lâu dài,False,False,,,,,,,False,0.414,vi_qua_ngan,0.09,False,False,False,False,,,
788484324547,auto,60张新款洛克人 Mega Man 卡通涂鸦贴纸汽车行李箱水杯贴纸批发,60 miếng dán graffiti hoạt hình Rockman Mega Man mới,False,False,,,,,,,False,0.391,vi_qua_ngan,0.38,False,False,False,False,,,
819952237583,auto,汽车除尘掸子擦车拖把神器扫灰蜡刷扫车灰尘伸缩蜡拖刷子用品纤维,"Cây lau bụi ô tô, cây lau nhà, vật dụng thần thánh, cây lau nhà, cây lau nhà, cây lau nhà, cây lau nhà, cây lau nhà, sợi",False,False,,,,,cây lau nhà,,False,0.933,,0.0,False,False,False,False,,,
984361373352,auto,车内用品菱格款包汽车座椅间储物网兜包车载多功能包收纳置物挂袋,Nội Thất Ô Tô Tiếp Liệu Túi Chần Gòn Ghế Ô Tô Bảo Quản Túi Lưới Ô Tô Đa Năng Túi Bảo Quản Bảo Quản Túi Treo,False,False,,,,,bảo quản,,False,0.9,,1.0,True,False,False,False,,,
523007667240,auto,汽车用品汽车窗帘遮阳帘遮光防晒隔热私密遮阳挡车内用窗帘轨道式,Phụ kiện ô tô rèm che nắng rèm che nắng che nắng cách nhiệt rèm che nắng riêng Rèm Ô TÔ Kiểu đường ray,False,False,,,,,rèm che nắng,,False,0.8,,0.14,False,False,False,False,,,
923329751448,auto,【抖音爆款】会动的蝴蝶汽车摆件车载车内摆件中控台治愈系装饰品,[Douyin Hot Model] Đồ trang trí ô tô bướm di chuyển Đồ trang trí trong ô tô Bảng điều khiển trung tâm Đồ trang trí hệ thống chữa bệnh,False,False,,,,爆款->mẫu bán chạy,,[],False,1.036,,0.21,False,False,False,False,,,
822573230858,auto,小鸡仔车载饰品摆件公仔可爱卡通汽车中控台摆件后视镜出风口车内,Đồ trang trí trang trí xe hơi hình con gà con đồ trang trí bảng điều khiển trung tâm xe hoạt hình dễ thương gương chiếu hậu cửa gió trong xe,False,False,,,,,trang trí,,False,1.033,,0.0,False,False,False,False,,,
860084193752,auto,电动车摩托车风能小飞机风力发电LED亮光彩灯车载摆件装饰品汽车,"Xe điện, xe máy, năng lượng gió, máy bay nhỏ, điện gió, đèn LED, đèn màu, trang trí ô tô, ô tô",False,False,,,,,ô tô,,False,0.786,,0.0,False,False,False,False,,,
995936128974,auto,临时停车手机电话挪车号码牌摆件车载移车牌汽车用品装饰大全车内,Đỗ xe tạm thời điện thoại di động di chuyển biển số xe đồ trang trí xe di chuyển biển số xe cung cấp bộ sưu tập trang trí trong xe,False,False,,,,,,,False,1.033,,0.0,False,True,True,False,,,
723834735743,auto,此生必驾车贴国道G318线反光贴纸自驾游创意文字划痕遮挡汽车装饰,Giấy dán phản quang đường quốc lộ G318 phải lái xe trong đời này,False,False,,,,,,,False,0.5,vi_qua_ngan,0.08,False,False,False,False,,,
630745844482,auto,多功能清洁软胶车内清洁神器汽车用品黑科技车用吸尘泥清理沾灰尘,"Gel vệ sinh đa năng cho nội thất ô tô, dụng cụ vệ sinh ô tô, máy hút bụi ô tô công nghệ cao để loại bỏ bụi bẩn.",False,False,,,,,,,False,0.967,,0.0,False,False,True,False,,,
750560800898,auto,儿童车上睡觉神器车载抱枕头长途汽车安全带后座后排副驾驶护颈枕,Đồ dùng để ngủ trên ô tô trẻ em Gối ôm ô tô,False,False,,,,,,,False,0.433,vi_qua_ngan,0.08,False,False,False,False,,,
897746315841,auto,反光警告带 5cm*3m汽车反光条 安全警告汽车装饰贴纸彩色格子反射,Cảnh báo phản quang dải phản quang ô tô 5cm * 3m cảnh báo an toàn dán trang trí ô tô phản quang kẻ sọc màu,False,False,,,,,,*,False,0.962,,0.0,False,False,False,False,,,
898729390213,auto,汽车座椅缝隙塞条车内装饰用品大全车载夹缝防漏填补条收纳储物盒,Khe hở ghế ô tô,False,False,,,,,,,False,0.167,vi_qua_ngan,0.0,False,False,False,True,,,
959187469321,auto,汽车装饰贴纸磁性车门遮挡划痕贴爱国主题五星红旗反光贴磁吸贴画,Miếng dán trang trí ô tô cửa từ chặn vết xước dán chủ đề yêu nước năm sao cờ đỏ phản quang miếng dán miếng dán từ tính,False,False,,,,,miếng dán,,False,0.933,,0.0,False,False,False,False,,,
902673208133,auto,汽车遮阳前挡防晒隔热遮阳遮光帘车内挡风玻璃小车罩遮阳伞神器,Che nắng ô tô che nắng che nắng che nắng che nắng che nắng che nắng ô tô che nắng ô tô che nắng ô tô che nắng thần thánh,False,False,,,,,che nắng,,False,1.034,,0.0,False,False,False,False,,,
737180491607,auto,［TS03］跨境汽车应急启动车载充气泵一体机多功能搭电宝打火神器,Thiết bị khởi động khẩn cấp ô tô đa năng tích hợp bơm hơi và sạc dự phòng xuyên biên giới [TS03],False,False,,,,,,[],False,0.846,,0.0,False,False,False,False,xuyên biên giới,,
823772645016,auto,汽车座椅缝隙塞条车载好物边缝防漏条座位夹缝塞防掉车内装饰用品,Khe hở ghế ô tô,False,False,,,,,,,False,0.167,vi_qua_ngan,0.0,False,False,False,True,,,
780449465663,auto,跨境车品新款汽车座椅缝隙塞条夹缝填补边缝防漏储物车载内饰用品,Sản phẩm ô tô xuyên biên giới,False,False,,,,,,,False,0.233,vi_qua_ngan,0.0,False,False,False,False,xuyên biên giới,,
694399617240,auto,车载香薰香片挂件汽车香水网红丝带持久香氛用品除异味装饰摆件,Mặt Dây chuyền hương thơm ô tô Nước hoa ô tô Net Red Ribbon Sản phẩm hương thơm lâu bền Khử mùi trang trí,False,False,,,Net Red Ribbon,网红->nổi tiếng trên mạng / hot trend,,,False,0.828,,0.3,False,False,False,False,,,
980428788116,auto,汽车遮阳帘磁吸式车窗帘防晒隔热遮光板遮阳挡小车侧窗车载用品,Tấm che nắng ô tô từ rèm ô tô chống nắng cách nhiệt tấm che nắng tấm che nắng ô tô cửa sổ bên ô tô nguồn cung cấp,False,False,,,,,tấm che nắng,,False,1.0,,0.0,False,False,False,False,,,
901357179197,auto,汽车座椅间储物网兜车载防儿童隔离防护网置物袋汽车收纳用品,Túi lưới để đồ giữa các ghế ô tô,False,False,,,,,,,False,0.321,vi_qua_ngan,0.0,False,False,False,False,,,
855300601238,auto,汽车车门锁扣减震缓冲垫车门缓冲防锈保护盖车内装饰用品改装配件,"Khóa cửa ô tô, đệm giảm chấn, đệm cửa, đệm cửa, nắp bảo vệ chống gỉ, đồ trang trí nội thất, phụ kiện sửa đổi",False,False,,,,,đệm cửa,,False,0.833,,0.0,False,False,False,False,,,
794396987758,auto,60~120张伊藤润二Junji Ito 漫画涂鸦贴纸汽车行李箱水杯贴纸批发,60 ~ 120 miếng dán graffiti truyện tranh Junji Junji Ito bán buôn miếng dán ly nước hành lý ô tô,False,False,,,,,,~,False,0.818,,0.18,False,False,False,False,bán buôn,,
732744200146,auto,比亚迪海豚汽车显示屏仪表台蝴蝶结摆件车内饰品摆件车上装饰用品,Màn hình hiển thị ô tô BYD Dolphin Bảng điều khiển nơ trang trí nội thất nội thất nội thất nội thất nội thất đồ trang trí nội thất,False,False,,,,,nội thất,,False,0.967,,0.07,False,False,False,False,,,
873400203654,auto,汽车前挡玻璃清洁去污神器防雾除尘擦车工具麂皮绒珊瑚绒布套现货,Dụng cụ làm sạch và khử nhiễm kính chắn trước ô tô,False,False,,,,,,,False,0.4,vi_qua_ngan,0.0,False,False,False,False,,,
920527316124,auto,强力除胶剂粘胶去除剂不干胶春联胶清除剂 汽车家居粘胶清除剂批,"Chất tẩy keo dính mạnh mẽ, chất tẩy keo, chất tẩy keo không gây khô, chất tẩy keo câu đối Tết Nguyên Đán, chất tẩy keo dùng cho ô tô và gia đình.",False,False,,,,,chất tẩy keo,,False,1.138,,0.09,False,False,False,False,,,
713481760562,auto,汽车前后保险杠防撞条车用碳纤纹车身划痕防刮蹭加宽保护胶条跨境,Dải chống va chạm cản trước và cản sau ô tô,False,False,,,,,,,False,0.367,vi_qua_ngan,0.0,False,False,False,True,,,
920005486339,auto,太阳能车载红旗摆件车内红旗香水微光可转清香持久车载香薰厂家,"Đồ trang trí cờ đỏ gắn trên ô tô chạy bằng năng lượng mặt trời, nước hoa cờ đỏ trang trí nội thất ô tô, hương thơm nhẹ nhàng, nước hoa ô tô lưu hương lâu, nhà sản xuất sản phẩm tạo hương thơm cho ô tô.",False,False,,,,,,,False,1.621,vi_qua_dai,0.0,False,False,False,False,nhà máy|nhà sản xuất,,
820624232070,auto,油膜清洁刷挡风玻璃祛除清洁擦强力清洁去除汽车玻璃侧窗后视镜,"Làm sạch màng dầu, loại bỏ kính chắn gió, loại bỏ và làm sạch, làm sạch mạnh mẽ, loại bỏ kính ô tô, cửa sổ bên và gương chiếu hậu",False,False,,,,,làm sạch,,False,1.034,,0.0,False,False,False,False,,,
777805923447,auto,汽车头枕腰靠记忆棉腰托腰垫颈枕四季通用靠背车载支撑驾驶靠垫,"Gối tựa đầu ô tô, gối tựa lưng, gối tựa lưng, gối tựa cổ, tựa lưng thông dụng bốn mùa, xe hỗ trợ, đệm lái xe",False,False,,,,,gối tựa lưng,,False,0.897,,0.0,False,False,False,False,,,
617214055066,auto,三和粘贴不干胶黏胶清洗清洁剂脱胶剂除胶剂汽车家用除胶厂家批发,Sanhe dán keo dán chất tẩy rửa Tẩy rửa chất tẩy rửa chất tẩy rửa chất tẩy rửa chất tẩy rửa chất tẩy rửa ô tô gia dụng bán buôn,False,False,,,,,tẩy rửa,,False,1.0,,0.03,False,False,False,False,bán buôn,,
941372486078,auto,龙旗车载手机支架汽车导航车用专用仪表台无痕防滑垫支架一件代发,Rồng Cờ Ô Tô Di Động Điện Thoại Ô Tô Ô Tô Đặc Biệt Bảng Điều Khiển Liền Mạch Chống Trơn Trượt Giá Đỡ Dropshipping,False,False,,,,,ô tô,,False,0.833,,1.0,True,False,False,False,dropship,,
686018621722,auto,车载充气泵150W打气泵80缸汽车小轿车多功能自动充停双缸高压轮胎,Máy bơm hơi ô tô Máy bơm hơi 150W 80 xi lanh ô tô ô tô đa chức năng tự động dừng Lốp cao áp xi lanh đôi,False,False,,,,,ô tô,,False,1.0,,0.12,False,False,False,False,,,
799665844830,auto,汽车头枕腰靠车载记忆护颈头枕腰靠四季通用记忆棉腰靠靠背垫腰垫,"Gối tựa đầu ô tô, gối tựa cổ nhớ ô tô, gối tựa cổ, đệm tựa cổ, đệm tựa cổ thông dụng bốn mùa",False,False,,,,,đệm tựa cổ,,False,0.8,,0.0,False,False,False,False,,,
913240440681,auto,临时停车电话号码牌汽车移车挪车牌停车号码牌磁吸夜光车载电话牌,Biển số điện thoại đỗ xe tạm thời,False,False,,,,,,,False,0.267,vi_qua_ngan,0.0,False,False,False,False,,,
924659317597,auto,【严选】汽车隔热侧窗遮阳挡黑胶静电吸附车窗遮阳帘防晒隐私窗帘,[Chọn lọc cao cấp] Tấm che nắng cửa sổ bên hông ô tô Phim đen tĩnh điện Tấm che nắng cửa sổ ô tô Rèm chống nắng Rèm bảo vệ riêng tư,False,False,,,,,,[],False,1.143,,0.16,False,False,False,False,,,
674646695835,auto,车载垃圾桶汽车内用品垃圾袋折叠迷你创意多功能置物收纳车载用品,Thùng Rác Ô Tô Đồ dùng trong ô tô Túi đựng rác gấp mini sáng tạo đa chức năng đựng đồ đựng đồ dùng trên ô tô,False,False,,,,,đựng đồ,,False,0.9,,0.19,False,False,False,False,,,
891120889171,auto,洗车拖把擦车神器专用刷车工具刷除尘掸子扫灰不伤车非纯棉汽车用,"Rửa xe, cây lau nhà, dụng cụ lau xe, dụng cụ lau xe chuyên dụng, chổi quét bụi, quét bụi không làm hỏng xe",False,False,,,,,quét bụi,,False,0.8,,0.0,False,False,False,False,,,
959456667817,auto,新款4录声控高清夜视行车记录仪1440P高清倒车影像后视镜记录仪,"Máy ghi hình lái xe ban đêm độ phân giải cao 4 kênh điều khiển bằng giọng nói, camera lùi gương chiếu hậu độ phân giải cao 1440P",False,False,,,,行车记录仪->camera hành trình,,,False,1.038,,0.04,False,False,False,False,,,
969811060123,auto,中控台行车记录仪免安装汽车HUD抬头显安全预警仪三合一手机互联,"Máy ghi âm lái xe trên bảng điều khiển trung tâm, màn hình hiển thị HUD trên ô tô không cần lắp đặt, dụng cụ cảnh báo an toàn, kết nối điện thoại di động ba trong một",False,False,,,,行车记录仪->camera hành trình,,,False,1.357,,0.0,False,False,False,False,,,
984453619096,auto,摩托车行车记录仪无线carplay高清双镜头胎压导航防水骑行记录仪,Máy ghi âm lái xe máy không dây carplay độ phân giải cao ống kính kép điều hướng áp suất lốp chống nước đi xe ghi âm,False,False,,,,行车记录仪->camera hành trình,,,False,1.038,,0.0,False,False,False,False,,,
963678357075,auto,行车记录仪前后双摄高夜视倒车影像5新免走线停车监控智能夜视,"Máy ghi hình lái xe với camera kép phía trước và phía sau, tầm nhìn ban đêm cao, hình ảnh lùi xe, 5 tính năng mới, giám sát đỗ xe không dây, tầm nhìn ban đêm thông minh",False,False,,,,行车记录仪->camera hành trình,,,False,1.321,,0.0,False,False,False,False,,,
818148996747,auto,4.3寸高清夜视行车记录仪前后双录1080高清倒车影像后视镜记录仪,"Máy ghi âm lái xe tầm nhìn ban đêm độ nét cao 4,3 inch, máy ghi gương chiếu hậu hình ảnh độ nét cao 1080 phía trước và phía sau",False,False,,,,行车记录仪->camera hành trình,,,False,1.077,,0.0,False,False,False,False,,,
820414793554,auto,跨境爆款1080P三录行车记录仪wifi手机互联车载记录仪现货DashCam,Máy ghi âm lái xe ba lần 1080P bùng nổ xuyên biên giới wifi điện thoại kết nối máy ghi âm xe hơi tại chỗ DashCam,False,False,,,,"行车记录仪->camera hành trình, 爆款->mẫu bán chạy",,,False,1.182,,0.08,False,False,False,False,xuyên biên giới,,
908496563993,auto,安卓小型通用导航用品行车记录仪ADAS驾驶辅助USB互联行车记录,"Thiết bị định vị đa năng nhỏ gọn dành cho Android, máy ghi âm lái xe, hỗ trợ lái xe ADAS, kết nối USB, máy ghi lại hành trình lái xe",False,False,,,,行车记录仪->camera hành trình,,,False,1.24,,0.04,False,False,False,False,,,
607934824444,auto,跨境外贸锌合金星光夜视ADAS电子狗高清USB行车记录仪,Thương mại xuyên biên giới hợp kim kẽm tầm nhìn ban đêm ánh sao ADAS máy ghi âm lái xe điện tử HD USB,False,False,,,,行车记录仪->camera hành trình,,,False,1.143,,0.0,False,False,False,False,xuyên biên giới,,
868220572334,auto,行车记录仪4K高清夜视停车监控GPS网约车汽车双摄录像仪双镜头,"Máy ghi hình lái xe 4K độ phân giải cao, tầm nhìn ban đêm, giám sát đỗ xe, GPS, xe dịch vụ công nghệ, camera kép, ghi hình video hai ống kính",False,False,,,,行车记录仪->camera hành trình,,,False,1.231,,0.03,False,False,False,False,,,
731912889950,auto,4寸行车记录仪高清夜视双镜头 1080P前后录像倒车影像批发,Máy ghi âm lái xe 4 inch độ nét cao tầm nhìn ban đêm ống kính kép 1080P video trước và sau video đảo chiều bán buôn,False,False,,,,行车记录仪->camera hành trình,,,False,1.13,,0.04,False,False,False,False,bán buôn,,
901894672608,auto,4英寸新款锌合金外观行车记录仪双镜头1080P多国语言热款现货,Máy ghi âm lái xe xuất hiện hợp kim kẽm mới 4 inch ống kính kép 1080P đa ngôn ngữ hot tại chỗ,False,False,,,,行车记录仪->camera hành trình,,,False,0.88,,0.05,False,False,False,False,,,
832895110589,auto,跨境10.26寸Carplay智慧屏便捷导航MP5播放器车载投屏行车记录仪,"Màn hình thông minh Carplay 10,26 inch xuyên biên giới, đầu phát MP5, máy ghi âm lái xe màn hình chiếu trên ô tô",False,False,,,,行车记录仪->camera hành trình,,,False,1.045,,0.05,False,False,False,False,xuyên biên giới,,
695027195144,auto,新款俄文雷达行车记录仪二合一电子狗车载测速仪预警探测器记录仪,"Máy ghi âm lái xe Radar mới của Nga, Máy đo tốc độ xe hai trong một cho chó điện tử, máy ghi Cảnh Báo Sớm",False,False,,,,行车记录仪->camera hành trình,,,False,0.867,,0.24,False,False,False,False,,,
925722873847,auto,新款10英寸三镜头高清行车记录仪车前车内车后4K流媒体24停车监控,"Máy ghi âm lái xe độ nét cao ba ống kính 10 inch mới, phía trước xe, phía sau xe, 4K phát trực tuyến, giám sát đỗ xe 24",False,False,,,,行车记录仪->camera hành trình,,,False,1.0,,0.04,False,False,False,False,,,
845081168950,auto,USB高清夜视影藏行车记录仪安卓导航通用带ADAS 车载可视影像改装,Máy ghi âm lái xe ẩn tầm nhìn ban đêm USB HD Điều hướng phổ thông với sửa đổi hình ảnh trực quan trên xe ADAS,False,False,,,,行车记录仪->camera hành trình,,,False,1.0,,0.05,False,False,False,False,,,
810717840004,auto,10寸触摸屏流媒体后视镜行车记录仪高清夜视前后双录带倒车影像,Màn hình cảm ứng 10 inch phát trực tuyến gương chiếu hậu ghi hình lái xe HD nhìn ban đêm trước và sau ghi âm kép với hình ảnh lùi,False,False,,,,行车记录仪->camera hành trình,,,False,1.036,,0.0,False,False,False,False,,,
722948088307,auto,10英寸全屏声控流媒体行车记录仪停车监控前后双录2K超清倒车影像,10 inch toàn màn hình điều khiển bằng giọng nói phương tiện truyền thông trực tuyến ghi âm lái xe giám sát đỗ xe trước và sau ghi lại hình ảnh lùi siêu rõ nét 2K,False,False,,,,行车记录仪->camera hành trình,,,False,1.25,,0.03,False,False,False,False,,,
779205903250,auto,跨境9寸carplay智慧屏便捷导航MP5播放器车载投屏行车记录仪,Màn hình thông minh xuyên biên giới 9inch carplay điều hướng tiện lợi Máy nghe nhạc MP5 chiếu màn hình ô tô ghi âm lái xe,False,False,,,,行车记录仪->camera hành trình,,,False,1.182,,0.04,False,False,False,False,xuyên biên giới,,
535956505973,auto,车载后视镜行车记录仪高清夜视1080p前后双镜头电子狗倒车影像dvr,Gương chiếu hậu ô tô ghi hình lái xe HD nhìn ban đêm 1080p trước và sau ống kính kép hình ảnh lùi hình ảnh dvr,False,False,,,,行车记录仪->camera hành trình,,,False,1.0,,0.0,False,False,False,False,,,
1000698476426,auto,车载婴儿监护器baby mirror Monitor双录婴儿看护器行车记录仪,Máy theo dõi trẻ em trên ô tô Gương bé Màn hình ghi âm kép Thiết bị chăm sóc em bé Máy ghi âm lái xe,False,False,,,,行车记录仪->camera hành trình,,,False,1.368,,0.16,False,False,False,False,,,
925634550577,auto,跨境4K行车记录仪高清夜视前后双录手机互联倒车影像车载记录器,Ghi hình lái xe 4K xuyên biên giới,False,False,,,,行车记录仪->camera hành trình,,,False,0.286,vi_qua_ngan,0.14,False,False,False,False,xuyên biên giới,,
902255880223,auto,跨境智能蓝牙眼镜摄像拍照高清行车记录仪多功能直播蓝牙眼镜,"Kính thông minh Bluetooth xuyên biên giới tích hợp camera, chụp ảnh, ghi hình lái xe độ nét cao, kính Bluetooth đa chức năng phát trực tiếp",False,False,,,,行车记录仪->camera hành trình,,,False,0.964,,0.08,False,False,False,False,xuyên biên giới,,
698380116867,auto,车载3摄像头三录三镜头行车记录仪3 dvr高清夜视1080带倒车影像,Xe 3 camera ba ghi ba ống kính ghi âm lái xe 3 dvr HD tầm nhìn ban đêm 1080 với hình ảnh lùi,False,False,,,,行车记录仪->camera hành trình,,,False,0.875,,0.0,False,False,False,False,,,
978055923977,auto,行车记录仪2寸四镜头同显四录倒车影像循环录像跨境车前车左右后,"Máy ghi hình lái xe với 2inch camera bốn ống kính để hiển thị và ghi hình đồng thời các hình ảnh khi lùi xe, ghi hình vòng lặp, hình ảnh phía trước, bên trái và phía sau cho xe đi qua biên giới.",False,False,,,,行车记录仪->camera hành trình,,,False,1.517,,0.0,False,False,False,False,,,
890238025044,auto,爆款USB连接ADAS行车记录仪高清新款1080P行车记录仪ADAS免走线,"Máy ghi âm lái xe ADAS kết nối USB phổ biến, máy ghi âm lái xe độ phân giải cao mẫu mới 1080P, ADAS không cần nối dây",False,False,,,,行车记录仪->camera hành trình,,,False,1.333,,0.04,False,False,False,False,,,
807202566667,auto,70迈行车记录仪3K高清影像2英寸屏wifi语音声控70mai A510 Lite,Máy ghi hình lái xe 70mai Video độ phân giải cao 3K 2inch màn hình wifi điều khiển bằng giọng nói 70mai A510 Lite,False,False,,,,行车记录仪->camera hành trình,,,False,1.412,,0.17,False,False,False,False,,,
902501711693,auto,2025跨境4K高清行车记录仪wifi手机互联星光夜视双录车载DVR四录,"Camera hành trình 4K độ nét cao xuyên biên giới năm 2025 với kết nối điện thoại di động qua WiFi, tầm nhìn ban đêm Starlight, ghi hình kép, DVR trên xe hơi, ghi hình bốn hướng",False,False,,,,,,,False,1.565,vi_qua_dai,0.09,False,False,False,False,xuyên biên giới,,
629056787356,auto,中控台香水高清行车记录仪真正夜视Car dash cam倒车影像厂家直销,"Máy ghi âm lái xe độ nét cao Nước hoa bảng điều khiển trung tâm, Máy ghi âm lái xe nhìn ban đêm thực sự, hình ảnh đảo chiều cam, bán hàng trực tiếp tại nhà máy",False,False,,,,行车记录仪->camera hành trình,,,False,1.542,,0.06,False,False,False,False,nhà máy|nhà sản xuất,,
933939207037,auto,夜视行车记录仪 巴西专供 葡语UI CE/ROHS认证 48h现货,"Máy ghi hình lái xe ban đêm, dành riêng cho Brazil, giao diện người dùng tiếng Bồ Đào Nha, chứng nhận CE/ROHS, có hàng 48 giờ.",False,False,,,,行车记录仪->camera hành trình,,,False,1.529,,0.17,False,False,False,False,,,
718130440925,auto,货车半挂车4路5路6路监控倒车影像语音声控日夜全行车记录仪,Máy ghi âm lái xe sơ mi rơ moóc 4 chiều 5 chiều 6 chiều Giám sát hình ảnh lùi bằng giọng nói điều khiển âm thanh ngày và đêm Full HD,False,False,,,,行车记录仪->camera hành trình,,,False,1.115,,0.07,False,False,False,False,,,
681171779685,auto,行车记录车充USB点烟器 24小时停车监控线 后镜头记录仪,Máy ghi âm lái xe Bộ sạc xe hơi USB bật lửa thuốc lá Cáp giám sát đỗ xe 24 giờ Máy ghi hình camera phía sau,False,False,,,,行车记录仪->camera hành trình,,,False,1.182,,0.12,False,False,False,False,,,
826353007905,auto,2024爆款推荐汽车行车记录仪高清夜视1080P车载360度车前车内双镜,Máy ghi âm lái xe ô tô độ nét cao chế độ xem ban đêm 1080P ô tô 360 độ gương kép phía trước ô tô,False,False,2024,,,行车记录仪->camera hành trình,,,False,1.042,,0.04,False,False,False,False,,,
840957431788,auto,跨境热销新款1080高清夜视车载无线WiFi手机互联口红机行车记录仪,Bán chạy xuyên biên giới mới 1080 HD nhìn đêm xe không dây WiFi điện thoại di động kết nối son môi máy ghi âm lái xe,False,False,,,,行车记录仪->camera hành trình,,,False,1.0,,0.04,False,False,False,False,xuyên biên giới,,
922157978182,auto,D型爆款隐藏式4K超高清夜视行车记录仪Wifi版手机互联USB/ACC取电,Máy ghi âm lái xe ban đêm độ nét cực cao 4K ẩn kiểu nổ loại D phiên bản Wifi điện thoại di động kết nối nguồn USB/ACC,False,False,,,,"行车记录仪->camera hành trình, 爆款->mẫu bán chạy",,,False,1.261,,0.12,False,False,False,False,,,
778630764761,auto,4.3寸行车记录仪高清双镜头车载后视镜前后双录倒车影像DVR批发,"Máy ghi âm lái xe 4,3 inch độ nét cao ống kính kép gương chiếu hậu ô tô phía trước và phía sau ghi kép hình ảnh lùi DVR bán buôn",False,False,,,,行车记录仪->camera hành trình,,,False,1.154,,0.0,False,False,False,False,bán buôn,,
864401728179,auto,WIFI四录行车记录仪四镜头同显同录夜视高清360倒车影像停车监控,"Máy ghi âm lái xe bốn lần WIFI, bốn ống kính, cùng một màn hình, ghi hình ban đêm, hình ảnh lùi 360 độ nét cao, giám sát đỗ xe",False,False,,,,行车记录仪->camera hành trình,,,False,1.115,,0.0,False,False,False,False,,,
816034231367,auto,新款跨境三镜头行车记录仪无线三录夜视汽车监控录像带wifi连手机,Máy ghi âm lái xe ba ống kính xuyên biên giới mới không dây video giám sát xe ba ống kính ban đêm wifi với điện thoại di động,False,False,,,,行车记录仪->camera hành trình,,,False,1.036,,0.0,False,False,False,False,xuyên biên giới,,
861878829251,auto,跨境2寸行车记录仪三镜头1080P高清夜视车前车内车后三录带WIFI,Máy ghi âm lái xe 2 inch xuyên biên giới ba ống kính 1080P HD quan sát ban đêm phía trước xe ba ghi âm phía sau xe với WIFI,False,False,,,,行车记录仪->camera hành trình,,,False,1.208,,0.04,False,False,False,False,xuyên biên giới,,
749819819134,auto,跨境专供锌合金星光夜视ADAS电子狗中控大屏机高清USB行车记录仪,Cung cấp độc quyền xuyên biên giới máy ghi âm lái xe USB độ phân giải cao màn hình lớn điều khiển trung tâm điện tử ADAS tầm nhìn ban đêm bằng hợp kim kẽm,False,False,,,,行车记录仪->camera hành trình,,,False,1.346,,0.0,False,False,False,False,xuyên biên giới,,
862376259725,auto,跨境爆款2寸行车记录仪高清夜视三镜头隐藏式记录仪WiFi手机互联,"Máy ghi âm lái xe 2 inch kiểu bùng nổ xuyên biên giới, máy ghi âm ba ống kính nhìn đêm độ nét cao, kết nối điện thoại di động WiFi",False,False,,,,"行车记录仪->camera hành trình, 爆款->mẫu bán chạy",,,False,1.111,,0.03,False,False,False,False,xuyên biên giới,,
744880704525,auto,汽车360度4寸行车记录仪三镜头三录高清车载车前车内双录倒车影像,Máy ghi âm lái xe ô tô 360 độ 4 inch ba ống kính ghi âm độ nét cao phía trước ô tô ghi âm kép trong ô tô,False,False,,,,行车记录仪->camera hành trình,,,False,0.964,,0.0,False,False,False,False,,,
904540006424,auto,跨境3镜头行车记录仪3录车载高清夜视2寸前后双录记录器WiFi互联,Máy ghi âm lái xe 3 ống kính xuyên biên giới Máy ghi âm kép 2 inch trước và sau khi nhìn đêm độ nét cao trên ô tô Kết nối WiFi,False,False,3,,,行车记录仪->camera hành trình,,,False,1.154,,0.1,False,False,False,False,xuyên biên giới,,
845087880827,auto,360全景行车记录仪一体机通用AHD1080P车载摄像头套件导航仪高清,Bộ ghi hình lái xe toàn cảnh 360 độ tất cả trong một bộ camera ô tô phổ thông AHD1080P có độ phân giải cao,False,False,,,,行车记录仪->camera hành trình,,,False,1.042,,0.04,False,False,False,False,,,
923092392471,auto,U型爆款4K超高清行车记录仪隐藏式Wifi手机互联ACC/USB单录/双录,Máy ghi âm lái xe độ phân giải cực cao 4K phổ biến hình chữ U kết nối điện thoại di động Wifi ẩn ACC/USB ghi âm đơn/ghi âm kép,False,False,,,,行车记录仪->camera hành trình,,,False,1.455,,0.1,False,False,False,False,,,
676835672447,auto,跨境行车记录仪高清夜视WIFI双镜头USB免安装记录仪批发360DVR,Máy ghi âm lái xe xuyên biên giới HD tầm nhìn ban đêm WIFI ống kính kép USB miễn phí lắp đặt ghi âm bán buôn 360DVR,False,False,,,,行车记录仪->camera hành trình,,,False,1.227,,0.0,False,False,False,False,"bán buôn, xuyên biên giới",,
617941629103,auto,后视镜5寸2.5D触摸行车记录仪高清1080P星光夜视双镜头带倒车影像,Gương chiếu hậu 5 inch 2.5D cảm ứng ghi hình lái xe HD 1080P ánh sao nhìn ban đêm ống kính kép với hình ảnh lùi,False,False,,,,行车记录仪->camera hành trình,,,False,1.0,,0.09,False,False,False,False,,,
1000787279495,auto,跨境高清婴儿监视器Babymonitor车载婴儿监视器双录行车记录仪,Máy theo dõi trẻ em độ nét cao xuyên biên giới Máy theo dõi trẻ em gắn trên ô tô Máy ghi âm lái xe ghi âm kép,False,False,,,,行车记录仪->camera hành trình,,,False,1.217,,0.07,False,False,False,False,xuyên biên giới,,
999256024267,auto,盲区双录电子后视镜1080P手机互联2K超清拍摄行车记录仪高清,Gương chiếu hậu điện tử ghi hình kép điểm mù kết nối điện thoại di động 1080P quay phim siêu nét 2K máy ghi hình lái xe độ phân giải cao,False,False,,,,行车记录仪->camera hành trình,,,False,1.292,,0.07,False,False,False,False,,,
940202877028,auto,AZDOME行车记录仪前后双录11.8“后视镜ADAS驾车辅助高清广角声控,"Máy ghi âm lái xe AZDOME trước và sau ghi kép 11,8 ""gương chiếu hậu ADAS hỗ trợ lái xe điều khiển âm thanh góc rộng độ nét cao",False,False,,,,行车记录仪->camera hành trình,,,False,1.273,,0.0,False,False,False,False,,,
934584085055,auto,厂家直销安卓大屏专用USB行车记录仪车机USB子弹头专用记录仪DVR,Nhà máy bán hàng trực tiếp máy ghi âm lái xe USB chuyên dụng màn hình lớn Android đầu ghi âm đặc biệt đầu đạn USB DVR,False,False,,,,行车记录仪->camera hành trình,,,False,1.08,,0.04,False,False,False,False,nhà máy|nhà sản xuất,,
597369078216,auto,车载高清夜视行车记录仪 前后双录安卓导航用双镜头USB行车记录仪,Máy ghi âm lái xe nhìn ban đêm độ nét cao trên ô tô Máy ghi âm lái xe USB ống kính kép để điều hướng Android trước và sau,False,False,,,,行车记录仪->camera hành trình,,,False,1.071,,0.07,False,False,False,False,,,
974746398145,auto,USB导航行车记录仪ar实景ADAS车载dvr2K高清摄像头监控车用AR夜视,"Máy ghi âm lái xe điều hướng bằng USB, camera hành trình ADAS cảnh quan thực tế, camera độ nét cao 2K, giám sát xe hơi, tầm nhìn ban đêm AR",False,False,,,,行车记录仪->camera hành trình,,,False,1.409,,0.04,False,False,False,False,,,
567647613177,auto,新款2024高清夜视后视镜行车记录仪流媒体前后双录24h监控汽车dvr,Gương chiếu hậu nhìn đêm độ nét cao 2024 mới ghi âm lái xe phương tiện truyền trực tuyến trước và sau ghi kép giám sát xe dvr 24h,False,False,,,,行车记录仪->camera hành trình,,,False,1.12,,0.0,False,False,False,False,,,
827518251140,auto,11寸4K高清WiFi手机互联行车记录仪带GPS ADAS 24小时监控流媒体,11 inch 4K HD WiFi kết nối điện thoại di động ghi âm lái xe với GPS ADAS giám sát 24 giờ phát trực tuyến,False,False,,,,行车记录仪->camera hành trình,,,False,1.15,,0.11,False,False,False,False,,,
965877333230,auto,11寸4K+2.5K流媒体摄像头后视镜GPS高清5Gwifi行车记录仪,"Camera gương chiếu hậu tích hợp GPS, ghi hình lái xe độ nét cao 4K+2.5K, hỗ trợ wifi 5G, màn hình 11 inch",False,False,,,,行车记录仪->camera hành trình,,,False,1.353,,0.14,False,False,False,False,,,
864192407981,auto,K18跨境4G网行车记录仪高清夜视前后双录无线24小时远程实时定位,Máy ghi âm lái xe mạng 4G xuyên biên giới K18 HD nhìn ban đêm trước và sau khi ghi kép không dây định vị thời gian thực từ xa 24 giờ,False,False,,,,行车记录仪->camera hành trình,,,False,1.192,,0.07,False,False,False,False,xuyên biên giới,,
944984766056,auto,跨境新款行车记录仪4K高清前后录像3.2寸屏幕wifi夜视GPS监控镜头,Máy ghi âm lái xe xuyên biên giới mới 4K HD trước và sau màn hình 3.2 inch wifi nhìn ban đêm ống kính giám sát GPS,False,False,,,,行车记录仪->camera hành trình,,,False,1.083,,0.04,False,False,False,False,xuyên biên giới,,
976238656349,auto,T头行车记录仪u盘用typec适用c6l/glc级s级EL新eqe车载优盘64128g,"Ổ USB flash drive đầu T, ghi hình lái xe, loại C, phù hợp với xe C6L/GLC, S-Class, EL, EQE mới, 64128GB",False,False,,,,行车记录仪->camera hành trình,,,False,1.471,,0.32,False,False,False,False,,,
948596985087,auto,Y109Y108四录4个摄像头4录跨境爆款监控行车记录仪车载360度全景,"Camera hành trình giám sát đa năng Y109Y108 bốn camera, ghi hình 4 kênh, phổ biến quốc tế, với góc nhìn toàn cảnh 360 độ.",False,False,4,,,,,,False,1.043,,0.09,False,False,False,False,,,
726574752419,auto,货车行车记录仪四路监控24v高清夜视倒车影像大巴收割机bsd一体机,Máy ghi âm lái xe tải giám sát bốn kênh 24v tầm nhìn ban đêm độ nét cao hình ảnh lùi xe buýt máy thu hoạch bsd máy đa năng,False,False,,,,行车记录仪->camera hành trình,,,False,1.111,,0.0,False,False,False,False,,,
634327612015,auto,1080P红外线夜视高清行车记录仪H500汽车监控厂家礼品g30跨境英文,Máy ghi âm lái xe HD tầm nhìn ban đêm hồng ngoại 1080p H500 nhà sản xuất giám sát xe hơi quà tặng g30 xuyên biên giới tiếng Anh,False,False,,,,行车记录仪->camera hành trình,,,False,1.208,,0.07,False,False,False,False,"xuyên biên giới, nhà máy|nhà sản xuất",,
973783131247,auto,跨境高清4K行车记录仪三镜头GPS定位循坏录像夜视停车监控仪车载,"Máy ghi hình lái xe 4K độ phân giải cao xuyên biên giới với ba ống kính, định vị GPS, ghi hình vòng lặp, tầm nhìn ban đêm, giám sát đỗ xe và gắn trên xe.",False,False,,,,行车记录仪->camera hành trình,,,False,1.333,,0.03,False,False,True,False,xuyên biên giới,,
725737808258,auto,新款私模4.5寸后视镜行车记录仪高清1080P前后双镜头倒车影像批发,Mô hình tư nhân mới 4.5 inch gương chiếu hậu ghi hình lái xe HD 1080p trước và sau ống kính kép quay ngược hình ảnh bán buôn,False,False,,,,行车记录仪->camera hành trình,,,False,1.038,,0.0,False,False,False,False,bán buôn,,
916263411453,auto,新款 A22行车记录仪 3摄像头高清1080P三镜头倒车影像WIFI车载DV,Máy ghi âm lái xe A22 mới 3 camera HD 1080P hình ảnh đảo chiều ba ống kính WIFI xe DV,False,False,,,,行车记录仪->camera hành trình,,,False,0.952,,0.12,False,False,False,False,,,
958472503513,auto,跨境Carplay 行车记录仪高清4K前后双录WiFi导航仪中控台倒车影像,Máy ghi âm lái xe Carplay xuyên biên giới HD 4K ghi âm kép phía trước và phía sau WiFi điều hướng bảng điều khiển trung tâm hình ảnh đảo chiều,False,False,,,,行车记录仪->camera hành trình,,,False,1.348,,0.1,False,False,False,False,xuyên biên giới,,
950133437652,auto,奔驰a级s级c级e级c200l e300l glc260 glb gle行车记录仪免走线,Mercedes-Benz a-class s-class c-class e-class c200l e300l glc260 glb gle ghi âm lái xe không cần nối dây,False,False,,,Mercedes-Benz a-class s-class c-class e-class,行车记录仪->camera hành trình,,,False,1.786,vi_qua_dai,0.04,False,False,False,False,,,
660056080242,auto,G30汽车行车记录仪 车载car dvr行驶记录器普清车险礼品厂家跨境,Máy ghi âm lái xe ô tô G30 Máy ghi âm lái xe ô tô dvr Xe ô tô Puqing Nhà sản xuất quà tặng xuyên biên giới,False,False,,,,行车记录仪->camera hành trình,,,False,1.167,,0.19,False,False,False,False,"xuyên biên giới, nhà máy|nhà sản xuất",,
894559135574,auto,跨境X5安卓大屏导航USB行车记录仪ADAS驾驶辅助预警1080P电子狗,Xuyên biên giới X5 Android màn hình lớn điều hướng USB ghi âm lái xe ADAS hỗ trợ lái xe cảnh báo chó điện tử 1080P,False,False,,,,行车记录仪->camera hành trình,,,False,1.182,,0.13,False,False,False,False,xuyên biên giới,,
523307015972,auto,汽车后视镜行车记录仪前后单 双录1080p带倒车影像车载DVR一体机,"Camera hành trình gương chiếu hậu ô tô với chức năng ghi hình kép trước và sau 1080p, tích hợp hình ảnh lùi xe, DVR tích hợp trong xe.",False,False,,,,,,,False,1.16,,0.0,False,False,True,False,,,
580928769027,auto,厂家直销VG3电子狗英俄语加雷达测速二合一2.0寸行车记录仪高清,"Nhà máy bán hàng trực tiếp chó điện tử VG3, tiếng Anh, tiếng Nga và radar, máy ghi âm lái xe 2 trong 1 2.0 inch HD",False,False,,"1, 2",,行车记录仪->camera hành trình,,,False,0.923,,0.1,False,False,False,False,nhà máy|nhà sản xuất,,
923403908532,auto,4K行车记录仪前后双录WiFi手机双镜头GPS车载记录器广角双摄像头,"Máy ghi hình lái xe 4K với khả năng ghi hình kép phía trước và phía sau, WiFi, camera kép điện thoại di động, máy ghi hình ô tô GPS, camera kép góc rộng",False,False,,,,行车记录仪->camera hành trình,,,False,1.36,,0.06,False,False,False,False,,,
682241335602,auto,隐藏式4寸行车记录仪带WIFI手机互联1080P高清夜视双镜头倒车影像,Máy ghi âm lái xe 4 inch ẩn với kết nối điện thoại di động WIFI 1080P HD quan sát ban đêm ống kính kép hình ảnh lùi,False,False,,,,行车记录仪->camera hành trình,,,False,1.08,,0.04,False,False,False,False,,,
975854138696,auto,房车货车四路太阳能无线监控行车记录仪高清全景BSD盲区预警倒车,"Xe tải RV bốn chiều giám sát không dây bằng năng lượng mặt trời, máy ghi hình lái xe, cảnh báo điểm mù toàn cảnh độ nét cao, hỗ trợ lùi xe",False,False,,,,行车记录仪->camera hành trình,,,False,1.143,,0.0,False,False,False,False,,,
964292656456,auto,10寸全屏流媒体行车记录仪4K高清后视镜双镜头倒车影像带WIFI,10inch Máy ghi âm lái xe phát trực tuyến toàn màn hình Gương chiếu hậu độ phân giải cao 4K hình ảnh đảo chiều ống kính kép có WIFI,False,False,,,,行车记录仪->camera hành trình,,,False,1.208,,0.11,False,False,False,False,,,
855071059351,auto,新款高清行车记录仪三镜头前后双录车前车内车后三录汽车摄像头,Máy ghi âm lái xe độ nét cao mới ba ống kính trước và sau ghi kép trước và sau,False,False,,,,行车记录仪->camera hành trình,,,False,0.69,,0.0,False,False,False,False,,,
811899000169,auto,跨境爆款2寸行车记录仪WIFI双录三录1080P车前车内红外夜视记录仪,Xuyên biên giới hot model 2inch ghi âm lái xe WIFI ghi kép ba ghi âm 1080P nội thất phía trước xe hơi ghi tầm nhìn ban đêm hồng ngoại,False,False,,,,"行车记录仪->camera hành trình, 爆款->mẫu bán chạy",,,False,1.2,,0.04,False,False,False,False,xuyên biên giới,,
756173837545,auto,跨境中控台9寸Carplay智慧屏行车记录仪前后高清4K导航货车汽车,Bảng điều khiển trung Tâm Xuyên biên giới Máy ghi âm lái xe màn hình thông minh 9 inch Xe tải 4k định vị trước sau xe tải,False,False,,,,行车记录仪->camera hành trình,,,False,1.125,,0.15,False,False,False,False,xuyên biên giới,,
964921608585,auto,跨境行车记录仪高清夜视1080P车前车内车后2寸三镜头车载摄像机,"Máy ghi âm lái xe xuyên biên giới HD tầm nhìn ban đêm 1080P phía trước, bên trong và phía sau xe 2inch camera ba ống kính",False,False,,,,行车记录仪->camera hành trình,,,False,1.038,,0.04,False,False,False,False,xuyên biên giới,,
821477244504,auto,跨境10寸行车记录仪4K前后双录WIFI全屏流媒体后视镜记录仪高清,Máy ghi âm lái xe 10 inch xuyên biên giới 4K trước và sau ghi âm kép WIFI toàn màn hình phát trực tuyến gương chiếu hậu HD,False,False,,,,行车记录仪->camera hành trình,,,False,1.08,,0.04,False,False,False,False,xuyên biên giới,,
990979932330,auto,跨境行车记录仪10.26寸车载carplay蓝牙投屏4K高清双录中控台安卓,Máy ghi âm lái xe xuyên biên giới 10.26inch ô tô carplay Màn hình chiếu Bluetooth 4K bảng điều khiển trung tâm ghi âm kép độ phân giải cao Android,False,False,,,,行车记录仪->camera hành trình,,,False,1.304,,0.14,False,False,False,False,xuyên biên giới,,
835707735215,auto,Carplay流媒体行车记录仪前后双摄后视镜无线投屏4K高清记录仪,"Máy ghi âm lái xe trực tuyến Carplay, gương chiếu hậu camera kép phía trước và phía sau, máy ghi âm độ nét cao 4K màn hình chiếu không dây",False,False,,,,行车记录仪->camera hành trình,,,False,1.25,,0.07,False,False,False,False,,,
810915770748,auto,三录行车记录仪高清1080P倒车影像三镜头360°可调节汽车停车监测,Máy ghi hình lái xe ba camera với hình ảnh lùi độ phân giải cao 1080P và ba ống kính 360 ° Giám sát bãi đỗ xe có thể điều chỉnh,False,False,,,,行车记录仪->camera hành trình,,,False,1.16,,0.07,False,False,False,False,,,
828189109638,auto,跨境4K双镜头行车记录仪高清超广角夜视WiFi前后双录GPS车载记录,Máy ghi âm lái xe ống kính kép 4K xuyên biên giới HD góc siêu rộng nhìn ban đêm WiFi trước và sau ghi âm kép GPS trong xe,False,False,,,,行车记录仪->camera hành trình,,,False,1.16,,0.08,False,True,True,False,xuyên biên giới,,
892449686154,auto,厂家直销新款高清夜视1080P行车记录仪四录同显带倒车影像手机互,Nhà máy bán hàng trực tiếp mới tầm nhìn ban đêm độ phân giải cao 1080P ghi âm lái xe bốn bản ghi cùng màn hình hiển thị với hình ảnh đảo ngược điện thoại di động tương hỗ,False,False,,,,行车记录仪->camera hành trình,,,False,1.444,,0.03,False,False,False,False,nhà máy|nhà sản xuất,,
990067063813,auto,4录行车记录仪3英寸1080P前后左右同时录像4路WIFI车载四路监控,"Máy ghi âm lái xe 4 kênh 3 inch 1080P ghi âm đồng thời phía trước, phía sau, bên trái và bên phải Giám sát bốn kênh gắn trên xe WIFI 4 kênh",False,False,,,,行车记录仪->camera hành trình,,,False,1.304,,0.07,False,False,False,False,,,
679757256972,auto,新款3镜头行车记录仪高清1080P车前车内车后同时录像多国语言WIFI,Máy ghi âm lái xe 3 ống kính độ nét cao 1080p phía trước và phía sau xe video đồng thời nhiều ngôn ngữ WIFI,False,False,,,,行车记录仪->camera hành trình,,,False,0.96,,0.0,False,False,False,False,,,
922840708453,auto,新款高清1080P行车记录仪三镜头同显带倒车影像手机WIFI车载DVR,Máy ghi âm lái xe HD 1080P mới ba ống kính đồng hiển thị với hình ảnh lùi điện thoại di động WIFI xe DVR,False,False,,,,行车记录仪->camera hành trình,,,False,1.087,,0.05,False,False,False,False,,,
936583244644,auto,适用于大众速腾大众迈腾大众CC大众全系原厂行车记录仪4k高清双摄,"Thích hợp cho Volkswagen Sagitar, Volkswagen Magotan, Volkswagen CC, Volkswagen full series máy ghi âm lái xe nguyên bản Camera kép độ phân giải cao 4k",False,False,,,Volkswagen Sagitar Volkswagen Magotan Volkswagen || Volkswagen full series,行车记录仪->camera hành trình,,,False,0.929,,0.29,False,False,False,False,,,
855435090649,auto,行车记录仪4镜头高清1080P夜视加强wifi手机互联停车监控,Máy ghi âm lái xe 4 ống kính HD 1080P tầm nhìn ban đêm tăng cường wifi kết nối điện thoại di động giám sát đỗ xe,False,False,,,,行车记录仪->camera hành trình,,,False,1.238,,0.04,False,True,False,False,,,
709920833490,auto,新款g30行车记录仪高清夜视行驶前后单镜头记录仪倒车监控录像机,"Máy ghi âm lái xe g30 mới, tầm nhìn ban đêm độ nét cao, máy ghi âm ống kính đơn phía trước và phía sau khi lái xe, máy ghi video giám sát đảo chiều",False,False,,,,行车记录仪->camera hành trình,,,False,1.25,,0.0,False,False,False,False,,,
876212630438,auto,跨境通用高清大屏安卓导航专用ADAS隐藏式USB电子狗行车记录仪,"Đầu ghi hình lái xe điện tử USB ẩn chuyên dụng cho hệ thống dẫn đường Android màn hình lớn độ phân giải cao xuyên biên giới, tích hợp ADAS",False,False,,,,行车记录仪->camera hành trình,,,False,1.2,,0.04,False,False,False,False,xuyên biên giới,,
903271265548,auto,通用中控台記錄器USB高清行车记录仪隐形ADAS固定车载行车记录仪,Máy ghi âm bảng điều khiển trung tâm phổ thông Máy ghi âm lái xe HD USB Máy ghi âm lái xe cố định ADAS vô hình,False,False,,,,行车记录仪->camera hành trình,,,False,1.038,,0.09,False,False,False,False,,,
681462802846,auto,跨境新款4寸行车记录仪高清双镜头双录倒车影像车载汽车car dvr,Máy ghi âm lái xe 4 inch Mới xuyên biên giới HD ống kính kép ghi âm kép hình ảnh lùi xe ô tô ô tô dvr,False,False,,,,行车记录仪->camera hành trình,ô tô,,False,1.04,,0.04,False,False,False,False,xuyên biên giới,,
862768495564,auto,跨境行车记录仪三镜头2寸高清夜视车载1080P三录带WiFi手机互联,"Máy ghi âm lái xe xuyên biên giới với ba ống kính, tầm nhìn ban đêm độ phân giải cao 2inch độ, ghi hình ba chiều 1080P trong xe với kết nối điện thoại di động WiFi",False,False,,,,行车记录仪->camera hành trình,,,False,1.542,,0.06,False,False,False,False,xuyên biên giới,,
808530623189,auto,USB行车记录仪安卓大屏专用高德AR实景导航摄像头高清夜视adas无,Máy ghi âm lái xe USB Màn hình lớn Android Máy ảnh định vị cảnh thực AutoNavi AR chuyên dụng HD tầm nhìn ban đêm adas Không có,False,False,,,,行车记录仪->camera hành trình,,,True,1.12,,0.21,False,False,False,False,,,
609794476481,auto,高清夜视行车记录仪360全景影像倒车辅助系统3D四路泊车监控系统,Máy ghi âm lái xe tầm nhìn ban đêm độ nét cao Hệ thống hỗ trợ lùi hình ảnh toàn cảnh 360 Hệ thống giám sát đỗ xe bốn chiều 3D,False,False,,,,行车记录仪->camera hành trình,,,False,1.111,,0.1,False,False,False,False,,,
947005579395,auto,70迈行车记录仪M310Pro2K高清夜视汽车载停车监控,Máy ghi âm lái xe 70mai M310Pro2K giám sát đỗ xe ban đêm độ phân giải cao,False,False,,,,行车记录仪->camera hành trình,,,False,1.118,,0.17,False,False,False,False,,,
869056140731,auto,2024年跨境免走线行车记录仪电子狗ADAS安卓大屏机车车载记录仪,Máy ghi âm lái xe không cần định tuyến xuyên biên giới 2024 Máy ghi âm xe đầu máy màn hình lớn ADAS cho chó điện tử,False,False,,,,行车记录仪->camera hành trình,,,False,1.04,,0.04,False,False,False,False,xuyên biên giới,,
972863535512,auto,跨境新款行车记录仪高清倒车影像3镜头车载记录仪手机互联免流量,"Máy ghi hình lái xe xuyên biên giới, hình ảnh lùi độ nét cao, máy ghi hình ô tô 3 ống kính, kết nối điện thoại di động, không cần dữ liệu",False,False,,,,行车记录仪->camera hành trình,,,False,1.069,,0.0,False,False,False,False,xuyên biên giới,,
909838468038,auto,高清9.66寸车载Carplay手机无线连接行车记录仪前后双录4K导航仪,HD 9.66inch Xe Carplay điện thoại di động kết nối không dây lái xe ghi âm phía trước và phía sau ghi âm kép 4K thiết bị dẫn đường,False,False,,,,,,,False,1.261,,0.11,False,False,True,False,,,
818899028272,auto,K309跨境行车记录仪4K高清双镜头红外夜视WiFi互联GPS车载摄像机,Máy ghi âm lái xe xuyên biên giới K309 4K HD ống kính kép hồng ngoại quan sát ban đêm WiFi kết nối GPS camera xe hơi,False,False,,,,行车记录仪->camera hành trình,,,False,1.174,,0.12,False,False,False,False,xuyên biên giới,,
952651112032,auto,10.26寸carplay记录仪车载智慧屏MP5导航仪手机投屏行车记录仪,"Máy ghi âm carplay 10,26 inch, màn hình thông minh trên ô tô, điều hướng MP5, máy ghi âm chiếu điện thoại di động",False,False,,,,,,,False,1.095,,0.0,False,False,True,False,,,
715104862713,auto,货车行车记录仪双路高清夜视王倒车影像货车记录仪车载一体机防震,Máy ghi âm lái xe tải hai chiều HD tầm nhìn ban đêm Vua lùi Hình ảnh máy ghi âm xe tải,False,False,,,,行车记录仪->camera hành trình,,,False,0.733,,0.1,False,False,False,False,,,
684188689313,auto,跨境新款2寸行车记录仪三录三镜头1080P高清车载车内车外汽车监控,Máy ghi âm lái xe 2 inch mới xuyên biên giới ba lần ghi ba ống kính 1080P HD trong xe bên trong và bên ngoài giám sát xe,False,False,,,,行车记录仪->camera hành trình,,,False,1.037,,0.04,False,False,False,False,xuyên biên giới,,
553628738413,auto,跨境电商隐藏式wifi行车记录仪 360度车载夜视高清全景汽车记录仪,Thương mại điện tử xuyên biên giới Máy ghi âm lái xe wifi ẩn Máy ghi âm toàn cảnh xe hơi HD tầm nhìn ban đêm 360 độ,False,False,,,,行车记录仪->camera hành trình,,,False,1.038,,0.08,False,False,False,False,xuyên biên giới,,
934093033710,auto,丰田凯美瑞卡罗拉埃尔法丰田全系原厂专用隐藏行车记录仪外壳,Toyota Camry Corolla Alpha Toyota full series nguyên bản đặc biệt ẩn vỏ ghi âm lái xe,False,False,,,,行车记录仪->camera hành trình,,,False,0.607,,0.25,False,False,False,False,,,
681100657367,auto,4寸隐藏式行车记录仪带WIFI手机互联1080P高清夜视双镜头倒车影像,Máy ghi âm lái xe ẩn 4 inch với kết nối điện thoại di động WIFI 1080P HD quan sát ban đêm ống kính kép hình ảnh lùi,False,False,,,,行车记录仪->camera hành trình,,,False,1.08,,0.04,False,False,False,False,,,
991573186682,auto,跨境爆款V22超高清4K口红机行车记录仪前后双录WiFi/GPS行驶轨迹,"Máy ghi âm lái xe siêu nét 4K V22 phổ biến xuyên biên giới, ghi hình kép trước và sau, tích hợp WiFi/GPS, theo dõi quỹ đạo lái xe",False,False,,,,行车记录仪->camera hành trình,,,False,1.304,,0.11,False,False,False,False,xuyên biên giới,,
720257410711,auto,gps行车记录仪前后双摄像汽车车载视频监控网约车车队管理记录仪,Ghi âm lái xe gps camera kép phía trước và phía sau ô tô video giám sát mạng lưới ghi âm quản lý đội xe gọi xe,False,False,,,,行车记录仪->camera hành trình,,,False,0.964,,0.0,False,False,False,False,,,
862239125261,auto,车载4寸行车记录仪三镜头高清夜视车前车内车后三录1080P停车监控,Máy ghi âm lái xe ô tô 4 inch ba ống kính độ nét cao quan sát ban đêm phía trước ô tô ba ghi âm phía sau ô tô giám sát đỗ xe 1080P,False,False,,,,行车记录仪->camera hành trình,,,False,1.259,,0.03,False,False,False,False,,,
848304199808,auto,新款Dashcam行车记录仪A215亚马逊跨境专供高清双路4K wifi GPS,"Camera hành trình mới A215 chỉ có bán độc quyền trên Amazon cho thị trường quốc tế, với khả năng quay phim kép độ phân giải cao 4K, tích hợp wifi và GPS.",False,False,,,,,,,False,1.833,vi_qua_dai,0.1,False,False,False,False,amazon|temu|shein|tiktok,,
753391875705,auto,厂家直销隐藏式行车记录仪高清安卓导航USB记录仪ADAS辅助电子狗,Nhà máy bán hàng trực tiếp máy ghi âm lái xe ẩn HD điều hướng Android máy ghi âm USB ADAS hỗ trợ chó điện tử,False,False,,,,行车记录仪->camera hành trình,,,False,1.0,,0.05,False,False,False,False,nhà máy|nhà sản xuất,,
828553549001,auto,三镜头行车记录仪前后内全高清1080P红外视频A98车载DVR录像wifi,"Máy ghi hình lái xe ba ống kính với video hồng ngoại full HD 1080P phía trước, phía sau và bên trong, ghi hình video DVR trên ô tô A98 wifi",False,False,,,,行车记录仪->camera hành trình,,,False,1.409,,0.07,False,False,False,False,,,
683027758202,auto,10英寸wifi手机互联行车记录仪前后双摄高清夜视流媒体倒车影像,10 inch wifi kết nối điện thoại di động ghi hình lái xe Camera kép phía trước và phía sau HD nhìn ban đêm video đảo chiều phương tiện truyền thông,False,False,,,,行车记录仪->camera hành trình,,,False,1.154,,0.04,False,False,False,False,,,
945245433960,auto,三代哈弗H6猛龙枭龙max哈佛二代大狗导航仪专用行车记录仪走线,"Haval H6 Max thế hệ thứ ba, hệ thống định vị Big Dog thế hệ thứ hai của Haval, hệ thống định vị chuyên dụng, dây nối máy ghi âm lái xe.",False,False,,,,行车记录仪->camera hành trình,,,False,1.231,,0.16,False,False,False,False,,,
937374908546,auto,工厂直销3寸IPS屏四镜头WiFi手机互联行车记录仪超清前后左右四录,"Nhà máy bán hàng trực tiếp màn hình IPS 3 inch bốn ống kính WiFi kết nối điện thoại di động ghi âm lái xe siêu rõ nét trước và sau, trái và phải",False,False,,,,行车记录仪->camera hành trình,,,False,1.269,,0.03,False,False,False,False,nhà máy|nhà sản xuất,,
989840473316,auto,AI智能新款行车记录仪三合一语音播报车速超速时间4K超清安全预警,AI thông minh mới ghi âm lái xe ba trong một phát sóng giọng nói tốc độ và thời gian tốc độ xe cảnh báo an toàn cực rõ 4K,False,False,,,,行车记录仪->camera hành trình,,,False,1.071,,0.04,False,False,False,False,,,
682818590431,auto,跨境批发4K高清10寸全屏流媒体后视镜行车记录仪双录镜头倒车影像,Bán buôn xuyên biên giới Máy ghi âm lái xe gương chiếu hậu phát trực tuyến toàn màn hình 10inch độ phân giải cao 4K với ống kính ghi hình kép và hình ảnh lùi,False,False,,,,行车记录仪->camera hành trình,,,False,1.25,,0.06,False,False,False,False,"bán buôn, xuyên biên giới",,
643385114628,auto,三镜头行车记录仪2寸前中后高清夜视倒车影像24H停车一件批发,"Máy ghi âm lái xe ba ống kính 2 inch phía trước, trung bình và phía sau HD hình ảnh lùi xe lúc đỗ xe 24H bán buôn",False,False,,,,行车记录仪->camera hành trình,,,False,1.038,,0.04,False,False,False,False,bán buôn,,
862164203619,auto,跨境新款4寸大屏高清1080P车载行车记录仪双录带倒车影像cardvr,Máy ghi âm lái xe ô tô HD 1080P màn hình lớn 4 inch mới xuyên biên giới với video đảo ngược cardvr,False,False,,,,行车记录仪->camera hành trình,,,False,0.957,,0.05,False,False,False,False,xuyên biên giới,,
990965092751,auto,Carplay4K双镜头行车记录仪安卓AutoWIFI蓝牙声控导航10.26寸,Máy ghi âm lái xe hai ống kính Carplay4K Android AutoWIFI Bluetooth điều hướng bằng giọng nói 10.26inch,False,False,,,,行车记录仪->camera hành trình,,,False,1.118,,0.28,False,False,False,False,,,
951707277487,auto,路虎专用无线行车记录仪发现神行运动版导航仪原厂隐形高清,"Máy ghi âm lái xe không dây dành riêng cho Land Rover, hệ thống định vị Discovery Sport, độ phân giải cao nguyên bản của nhà máy.",False,False,,,,行车记录仪->camera hành trình,,,False,1.0,,0.15,False,False,False,False,nhà máy|nhà sản xuất,,
940437730949,auto,工厂热销5.5英寸触摸屏流媒体行车记录仪1080P高清跨境前后双镜头,Nhà máy bán chạy 5.5inch màn hình cảm ứng ghi âm lái xe 1080P ống kính kép phía trước và phía sau xuyên biên giới độ phân giải cao,False,False,,,,行车记录仪->camera hành trình,,,False,1.115,,0.04,False,False,False,False,"xuyên biên giới, nhà máy|nhà sản xuất",,
520378973055,auto,严选高清行车记录仪双镜头九亿H06倒车影像4.3寸夜视跨境现货,Máy ghi hình lái xe hai ống kính độ phân giải cao được lựa chọn kỹ lưỡng Camera lùi 900M H06 4.3inch sản phẩm xuyên biên giới tầm nhìn ban đêm có sẵn trong kho,False,False,,900,,行车记录仪->camera hành trình,,,False,1.4,,0.09,False,False,False,False,"xuyên biên giới, có sẵn|hàng có sẵn",,
944179707822,bags,工厂直销代发 狐 狸西 北极 双肩包学生书包户外防水背包电脑包,"Bán buôn và phân phối trực tiếp từ nhà máy Ba lô Fox Arctic, cặp sách học sinh, ba lô ngoài trời chống nước, túi đựng máy tính",False,False,,,,,,,False,1.037,,0.11,False,False,True,False,"bán buôn, nhà máy|nhà sản xuất, phân phối",,
759616415977,bags,双肩包男士简约大容量旅行背包女休闲日系初中生高中大学生书包男,Balo nam ba lô du lịch dung tích lớn đơn giản cho nam cặp sách học sinh trung học phổ thông kiểu Nhật,False,False,,,,,,,False,0.767,,0.05,False,False,True,False,,,
785545901079,bags,2026新款男女旅行包商务16寸大容量书包大学生电脑包双肩包背包,"2026 mẫu túi du lịch nam nữ mới, túi công tác, túi đi học dung tích lớn, túi đựng máy tính cho sinh viên đại học, ba lô",False,False,16,,,,,,False,1.038,,0.0,False,False,False,False,,,
932159683809,bags,出口跨境新潮尼龙防水双肩包 时尚休闲学生书包 男女旅行背包户外,Balo chống thấm nước nylon thời trang xuất khẩu xuyên biên giới,False,False,,,,,,,False,0.414,vi_qua_ngan,0.0,False,False,False,False,xuyên biên giới,,
984225047086,bags,新款龙镶双肩包大号尼龙折叠防水背包大容量饺子包男女通勤书包,"Ba lô chống thấm nước bằng nylon lớn có họa tiết rồng kiểu mới, túi đựng bánh bao dung tích lớn, túi đi học đi làm unisex.",False,False,,,,饺子包/包子包->túi dáng bánh bao (kiểm tra),,,False,0.931,,0.0,False,False,False,False,,,
939571875571,bags,旅游轻便男士双肩包新款韩版休闲防水背包女高中生大容量旅行书包,Balo nam nhẹ du lịch ba lô chống nước thường ngày phong cách Hàn Quốc mẫu mới cặp sách du lịch dung tích lớn dành cho nữ học sinh trung học,False,False,,,,,,,False,1.033,,0.07,False,True,False,False,,,
964211383719,bags,潮牌AJ大容量新款飞人满天星双肩包男女学生书包情侣运动背包,Thương hiệu thời thượng AJ sức chứa lớn phong cách mới Ba lô Flying Man Gypsophila nam nữ học sinh cặp đôi ba lô thể thao,False,False,,,,,,,False,0.963,,0.17,False,True,False,False,,,
931106651122,bags,双肩包男士商务背包双肩背包大容量电脑包男款轻便双肩背批发代发,Ba lô nam ba lô công sở ba lô ba lô công suất lớn túi máy tính nam ba lô nhẹ bán buôn,False,False,,,,,ba lô,,False,0.767,,0.0,False,False,False,False,bán buôn,,
988817103524,bags,档口批发代发 北极 户外防水 狐 狸背包学生帆布轻便旅行双肩包,"Ba lô vải bố nhẹ, chống nước, kiểu dáng cáo, dành cho học sinh, du lịch ngoài trời bán buôn, giao hàng tận nơi",False,False,,,,,,,False,0.889,,0.0,False,False,True,False,bán buôn,,
862941476760,bags,双肩包女2026新款潮旅行牛津布小背包女士时尚潮流帆布小包书包包,Ba lô hai vai nữ ba lô nhỏ vải oxford du lịch sành điệu mẫu mới 2024 túi nhỏ vải bố xu hướng thời trang nữ túi đi học,False,False,2026,2024,,,,,False,1.0,,0.0,False,False,False,False,,,
868355535327,bags,跨境旅行双肩包女大容量超大轻便多功能行李背包短途出行差旅游包,Ba lô du lịch xuyên biên giới nữ ba lô hành lý đa chức năng nhẹ siêu lớn dung tích lớn,False,False,,,,,,,False,0.7,,0.0,False,True,False,False,xuyên biên giới,,
674214583819,bags,束口袋抽绳简易双肩包男女运动健身背包轻便篮球包袋牛津布拉链袋,Ba lô đơn giản dây rút túi rút Túi ba lô thể dục thể thao nam nữ túi bóng rổ gọn nhẹ túi dây kéo vải Oxford,False,False,,,,,rút túi,,False,0.9,,0.08,False,False,False,False,,,
901080697857,bags,BEAD BABY 卡通可爱小猴子动物 休闲 双肩包书包 大号,BAD BABY hoạt hình dễ thương khỉ nhỏ động vật ba lô thoải mái cặp sách lớn,False,False,,,,,,,False,0.944,,0.0,False,False,True,False,,,
742935624779,bags,男士背包休闲简约商务出差旅行大容量双肩包防水电脑包大学生书包,Ba lô nam giản dị giản dị đi công tác du lịch Ba lô dung tích lớn Túi máy tính chống nước cặp sách sinh viên đại học,False,False,,,,,giản dị,,False,0.933,,0.07,False,False,False,False,,,
714122581154,bags,2026新款大容量女士休闲双肩包旅行电脑背包轻便防盗时尚潮流包包,Ba lô nữ thường ngày dung tích lớn mẫu mới 2023 Ba lô máy tính Du Lịch Túi Thời Trang Chống trộm gọn nhẹ,False,False,2026,2023,,,,,False,0.821,,0.32,False,False,False,False,,,
691586249233,bags,日系纯色时尚尼龙双肩包女书包女韩版高中轻便背包女大学生双肩包,Ba lô nylon thời trang màu trơn kiểu Nhật ba lô nữ ba lô nữ sinh đại học phong cách Hàn Quốc,False,False,,,,,ba lô nữ,,False,0.733,,0.14,False,False,False,False,,,
936568959069,bags,女式防盗双肩包2025新款时尚软皮两用大容量旅行背包轻便通勤书包,Ba lô nữ chống trộm ba lô du lịch dung tích lớn sử dụng da mềm thời trang mẫu mới 2025,False,False,,,,,,,False,0.714,,0.0,False,False,True,False,,,
704753221535,bags,双肩包女2026新款韩版牛津布小背包女士尼龙菱格车缝线时尚书包,Balo nữ ba lô nhỏ vải Oxford phong cách Hàn Quốc mẫu mới 2023,False,False,2026,2023,,,,,False,0.481,vi_qua_ngan,0.25,False,False,False,False,,,
903233885467,bags,韩版ins书包女中学生大容量简约纯色背包初中高中大学生双肩包男,Ba lô nữ học sinh trung học phong cách Hàn Quốc instagram ba lô màu đơn giản dung tích lớn ba lô học sinh trung học phổ thông ba lô nam,False,False,,,,,,,False,1.107,,0.07,False,True,False,False,,,
861385333555,bags,跨境休闲双肩包男女高级感时尚背包防水电脑包大容量扩容旅行背包,Ba lô du lịch thoải mái xuyên biên giới ba lô thời trang cao cấp cho nam và nữ ba lô máy tính chống nước ba lô du lịch mở rộng công suất lớn,False,False,,,,,,,False,1.133,,0.0,False,True,False,False,xuyên biên giới,,
901082437684,bags,BEAD BABY 卡通可爱小猴子动物 休闲 双肩包书包 大号,BEAD BABY hoạt hình chú khỉ nhỏ dễ thương động vật ba lô đi học cỡ lớn,False,False,,,,,,,False,0.944,,0.0,False,False,True,False,,,
902471320302,bags,新款女士双肩包韩版潮流百搭时尚牛津布双肩包休闲旅行女士小背包,"Ba lô nữ thời trang Hàn Quốc phong cách mới, đa năng, chất liệu vải Oxford, balo du lịch nhỏ gọn, balo nữ cá tính",False,False,,,,,,,False,0.833,,0.12,False,False,True,False,,,
719003113190,bags,【直播专享】韩版小众链条双肩包2025新款女生旅行单肩包时尚通勤,[Độc quyền trực tiếp] Ba lô dây chuyền thích hợp Hàn Quốc 2025 túi đeo vai du lịch mới dành cho nữ thời trang đi làm,False,False,,,,,,[],False,0.962,,0.12,False,False,False,False,,,
945357731003,bags,工厂直销代发 狐 狸西 北极 双肩包学生书包户外防水背包电脑包,"Bán buôn trực tiếp từ nhà máy và giao hàng Ba lô Fox West Arctic dành cho học sinh, sinh viên, đi học, ngoài trời, chống nước, đựng laptop",False,False,,,Fox West Arctic,,,,False,1.074,,0.14,False,True,True,False,"bán buôn, nhà máy|nhà sản xuất",,
811268839354,bags,双肩包女2024新款时尚高级感牛津布大容量休闲旅行轻便背包书包,Ba Lô Nữ Ba lô nữ ba lô gọn nhẹ du lịch thường ngày dung tích lớn vải Oxford cảm giác cao cấp thời trang mẫu mới 2024,False,False,,,,,ba lô nữ,,False,1.0,,0.15,False,False,False,False,,,
896769753206,bags,2025新款升级版尼龙背包大容量轻便折叠双肩包防水休闲旅行饺子包,"Ba lô nylon phiên bản nâng cấp mới 2025, dung tích lớn, nhẹ, gấp gọn được, chống nước, du lịch, túi bánh bao",False,False,,,,饺子包/包子包->túi dáng bánh bao (kiểm tra),,,False,0.786,,0.0,False,False,False,False,,,
939496528929,bags,背包单肩包尼龙女士大容量挎包托特包时尚波士顿妈咪包防水手提包,Ba lô túi đeo vai túi đeo vai nữ nylon dung tích lớn túi tote túi thời trang Boston mẹ túi xách tay chống nước,False,False,,,,,túi đeo vai,,False,0.833,,0.04,False,False,False,False,,,
1000391807002,bags,跨境条纹双肩包女2025新款上班通勤百搭帆布书包大学生上课背包潮,"Ba lô sọc chéo biên giới dành cho nữ 2025, mẫu mới, đa năng, chất liệu canvas, dùng đi làm, đi học, đi học đại học, balo thời trang",False,False,,,,,đi học,,False,1.0,,0.0,False,False,False,False,,,
610974149357,auto,工厂直供新款VG3 一体机电子狗英俄语加雷达测速二合一行车记录仪,"Nhà máy cung cấp trực tiếp chó điện tử tất cả trong một VG3 mới, máy ghi âm lái xe hai trong một bằng tiếng Anh, tiếng Nga và radar",False,False,,,,行车记录仪->camera hành trình,,,False,1.071,,0.07,False,False,False,False,nhà máy|nhà sản xuất,,
864920316751,auto,新款高清行车记录仪三镜头前后双录车前车内车后三录wifi手机互联,"Máy ghi âm lái xe độ nét cao mới, ba ống kính trước và sau ghi kép, phía trước và phía sau xe, ba ghi sau xe, kết nối điện thoại di động wifi",False,False,,,,行车记录仪->camera hành trình,,,False,1.214,,0.0,False,False,False,False,,,
905103404981,auto,4G行车记录仪哨兵GPS定位24小时远程监控碰撞唤醒前后双录记录仪,"Máy ghi âm lái xe 4G có định vị GPS, giám sát từ xa 24 giờ, kích hoạt khi va chạm, máy ghi âm kép phía trước và phía sau.",False,False,,,,行车记录仪->camera hành trình,,,False,1.115,,0.04,False,False,False,False,,,
974550267180,auto,跨境高清全屏10寸流媒体行车记录仪高清触屏后视镜前后双镜头,Máy ghi âm lái xe phát trực tuyến toàn màn hình độ phân giải cao xuyên biên giới 10inch Gương chiếu hậu màn hình cảm ứng HD ống kính kép phía trước và phía sau,False,False,,,,行车记录仪->camera hành trình,,,False,1.296,,0.03,False,False,False,False,xuyên biên giới,,
892571805895,auto,跨境热卖 USB行车记录仪 高清安卓系统导航仪ADAS辅助功能,Bán chạy xuyên biên giới Máy ghi âm lái xe USB HD Hệ thống Android Điều hướng ADAS Chức năng phụ trợ,False,False,,,,行车记录仪->camera hành trình,,,False,1.0,,0.28,False,False,False,False,xuyên biên giới,,
752448654658,auto,U型隐藏式行车记录仪wifi手机互联摄像头停车监控车载导航仪夜视,"Máy ghi hình lái xe hình chữ U ẩn, kết nối wifi điện thoại di động, camera giám sát đỗ xe, thiết bị định vị ô tô, tầm nhìn ban đêm",False,False,,,,行车记录仪->camera hành trình,,,False,1.148,,0.03,False,False,False,False,,,
904469672713,auto,跨境行车记录仪高清4K前后双录WIFI手机互联车载双镜头监控器,Máy ghi âm lái xe xuyên biên giới HD 4K phía trước và phía sau ghi hình kép WIFI kết nối điện thoại di động màn hình ống kính kép,False,False,,,,行车记录仪->camera hành trình,,,False,1.2,,0.04,False,False,False,False,xuyên biên giới,,
873915131576,auto,跨境新款3.0寸屏行车记录仪高清1080P前后录像带倒车影像停车监控,Máy ghi âm lái xe màn hình 3.0 inch mới xuyên biên giới HD 1080P băng video trước và sau video lùi hình ảnh giám sát đỗ xe,False,False,,,,行车记录仪->camera hành trình,,,False,1.038,,0.04,False,False,False,False,xuyên biên giới,,
732064986449,auto,跨境12寸行车记录仪流媒体后视镜4K高清无线WiFi+GPS轨迹前后双录,"Máy ghi âm lái xe 12 inch xuyên biên giới, gương chiếu hậu, không dây 4K HD, bản ghi kép trước và sau theo dõi GPS WiFi không dây",False,False,,,,行车记录仪->camera hành trình,,,False,1.167,,0.08,False,False,False,False,xuyên biên giới,,
867740123671,auto,行车记录仪清夜视2024新款免走线车载WIFI前后双摄360全景免安装,Máy ghi âm lái xe nhìn ban đêm rõ ràng 2024 mới không cần đi dây xe WIFI phía trước và phía sau camera kép 360 toàn cảnh cài đặt miễn phí,False,False,,,,行车记录仪->camera hành trình,,,False,1.25,,0.0,False,False,False,False,,,
921293782022,auto,跨境新款高清1080P行车记录仪三镜头同显带倒车影像车载DVR夜视,"Máy ghi hình lái xe độ phân giải cao 1080P, ba ống kính hiển thị đồng thời và hình ảnh lùi, camera hành trình ô tô với tầm nhìn ban đêm, kiểu dáng mới xuyên biên giới",False,False,,,,行车记录仪->camera hành trình,,,False,1.48,,0.03,False,False,False,False,xuyên biên giới,,
958471907438,auto,跨境寸Carplay智慧屏便捷导航MP5播放器车载投屏行车记录仪,"Màn hình thông minh Carplay xuyên biên giới, điều hướng tiện lợi, đầu MP5, màn hình chiếu xe hơi, máy ghi hình lái xe",False,False,,,,行车记录仪->camera hành trình,,,False,1.091,,0.05,False,False,False,False,xuyên biên giới,,
953836916432,auto,跨境新款4K三镜头三录行车记录仪高清广角夜视车载WIFI手机互联,"Máy ghi âm lái xe ba ống kính 4K mới xuyên biên giới, tầm nhìn ban đêm góc rộng độ nét cao, kết nối điện thoại di động WIFI trên ô tô",False,False,,,,行车记录仪->camera hành trình,,,False,1.231,,0.03,False,False,False,False,xuyên biên giới,,
750947389836,auto,M8跨境行车记录仪高清双镜头无线WiFi红外夜视3M车载摄像机记录仪,Máy ghi âm lái xe xuyên biên giới M8 HD ống kính kép không dây WiFi hồng ngoại nhìn ban đêm Máy ghi âm xe 3M,False,False,,,,行车记录仪->camera hành trình,,,False,1.0,,0.17,False,False,False,False,xuyên biên giới,,
922899849768,auto,行车记录仪4镜头高清1080P夜视加强wifi手机互联停车监控,Máy ghi âm lái xe 4 ống kính HD 1080P tầm nhìn ban đêm tăng cường wifi kết nối điện thoại di động giám sát đỗ xe,False,False,,,,行车记录仪->camera hành trình,,,False,1.238,,0.04,False,True,False,False,,,
895511297640,auto,小机型G30普清720P高清1080P行车记录仪循环录影保险礼品大量现货,Mô hình nhỏ G30 định nghĩa chung 720P độ phân giải cao 1080P ghi âm lái xe vòng lặp ghi âm quà tặng bảo hiểm số lượng lớn trong kho,False,False,,,,行车记录仪->camera hành trình,,,False,1.25,,0.1,False,False,False,False,,,
930999030024,auto,大众朗逸宝来速腾迈腾探岳高尔夫途观L专用行车记录仪高清隐藏式,Volkswagen Lavida Bora Sagitar Magotan Tanyue Golf Tiguan L Máy ghi âm lái xe chuyên dụng HD ẩn,False,False,,,,行车记录仪->camera hành trình,,,False,0.621,,0.56,False,False,False,False,,,
916602502452,auto,宝马外壳专用行车记录仪原装隐藏式免布线4K超高清夜视,"Máy ghi âm lái xe đặc biệt cho vỏ BMW, tầm nhìn ban đêm độ nét cực cao 4K ẩn không có dây",False,False,,,,行车记录仪->camera hành trình,,,False,0.958,,0.05,False,False,False,False,,,
944726090026,auto,跨境4K行车记录仪Wifi超高清前后双摄夜视24H停车监控GPS倒车影像,Máy ghi âm lái xe 4K xuyên biên giới Wifi Camera kép phía trước và phía sau độ phân giải cực cao Tầm nhìn ban đêm Giám sát đỗ xe 24H GPS hình ảnh đảo ngược,False,False,,,,行车记录仪->camera hành trình,,,False,1.5,,0.18,False,False,True,False,xuyên biên giới,,
966388485108,auto,行车记录仪高清免走线前后双录app倒车影像1440p停车汽车智能车内,Máy ghi âm lái xe HD không dây phía trước và phía sau ứng dụng ghi hình kép đảo ngược hình ảnh 1440p đỗ xe ô tô nội thất ô tô thông minh,False,False,,,,行车记录仪->camera hành trình,,,False,1.269,,0.0,False,False,False,False,,,
960202260123,auto,10.26寸carplay记录仪车载智慧屏MP5导航仪手机投屏行车记录仪,10.26inch Carplay Đầu Ghi Xe Ô Tô Màn Hình Thông Minh MP5 Hoa Tiêu Điện Thoại Di Động Chiếu Màn Hình Lái Xe Đầu Ghi,False,False,,,,,,,False,1.19,,1.0,True,False,True,False,,,
838979819324,auto,11寸360四录货车行车记录仪1080P盲区监控宽电压星光夜视倒车影像,Máy ghi âm lái xe tải 11 inch 360 bốn lần 1080P giám sát điểm mù điện áp rộng ánh sao nhìn ban đêm hình ảnh lùi xe,False,False,,,,行车记录仪->camera hành trình,,,False,1.04,,0.04,False,False,False,False,,,
827772032333,auto,4K行车记录仪全屏触摸流媒体任我游高清夜视电子狗手机互联倒车影,"Máy ghi âm lái xe 4K, truyền phát cảm ứng toàn màn hình, hãy để tôi đi du lịch, con chó điện tử nhìn đêm độ nét cao, kết nối điện thoại di động, video lùi",False,False,,,,行车记录仪->camera hành trình,,,False,1.241,,0.03,False,False,False,False,,,
901973468487,auto,跨境行车记录仪4G远程实时监控前后双雷达侦测视频云储存哨兵模式,"Máy ghi hình lái xe xuyên biên giới với khả năng giám sát từ xa 4G theo thời gian thực, phát hiện radar kép phía trước và phía sau, lưu trữ video trên đám mây và chế độ giám sát.",False,False,,,,行车记录仪->camera hành trình,,,False,1.379,,0.03,False,False,False,False,xuyên biên giới,,
927262971546,auto,奥迪专用行车记录仪A4L/A6L/Q5L/A7L/A3/Q3/TT/Q4/Q6手机WiFi互联,Audi chuyên dụng lái xe ghi A4L/A6L/Q5L/A7L/A3/Q3/TT/Q4/Q6 điện thoại di động kết nối WiFi,False,False,,,,,,,False,2.0,vi_qua_dai,0.54,False,False,False,False,,,
895833113142,auto,跨境三录4K行车记录仪wifi高清1080P夜视车载手机停车监控录像,Máy ghi âm lái xe 4K ba lần xuyên biên giới wifi HD 1080P nhìn ban đêm ô tô điện thoại di động giám sát đỗ xe video,False,False,,,,行车记录仪->camera hành trình,,,False,1.217,,0.08,False,False,False,False,xuyên biên giới,,
777273109244,auto,安卓系统导航USB行车记录仪 高清ADAS辅助功能行車記錄儀跨境热卖,"Hệ thống điều hướng Android, ghi hình lái xe USB, HD, chức năng hỗ trợ ADAS, ghi hình lái xe bán chạy quốc tế",False,False,,,,行车记录仪->camera hành trình,,,False,0.923,,0.05,False,False,False,False,,,
831003371545,auto,跨境4录4K行车记录仪wifi高清1080P夜视车载手机停车监控录像,Ghi âm lái xe 4K xuyên biên giới wifi HD 1080P nhìn ban đêm xe ô tô điện thoại di động giám sát đỗ xe video,False,False,4,,,行车记录仪->camera hành trình,,,False,1.182,,0.08,False,False,False,False,xuyên biên giới,,
605877090983,auto,高清1080P三录wifi行车记录仪car dvr红外夜视倒车影像车载监控,HD 1080P ba ghi âm wifi ghi hình lái xe ô tô dvr hồng ngoại nhìn đêm hình ảnh lùi xe giám sát xe,False,False,,,,行车记录仪->camera hành trình,,,False,1.143,,0.0,False,False,False,False,,,
936662040290,auto,行车记录仪高清夜视4镜头同显WIFI循环录像跨境车载摄像机3寸IPS,Máy ghi âm lái xe HD tầm nhìn ban đêm 4 ống kính hiển thị đồng thời WIFI ghi hình vòng lặp camera ô tô xuyên biên giới 3inch IPS,False,False,,,,行车记录仪->camera hành trình,,,False,1.16,,0.0,False,False,False,False,xuyên biên giới,,
958473171971,auto,10.26寸4K车载Carplay Auto导航前后双录高清手机投屏行车记录仪,"Màn hình ghi hình lái xe ô tô 10.26 inch 4K, hỗ trợ Carplay Auto, dẫn đường, camera kép trước sau, độ phân giải cao, chiếu màn hình điện thoại di động",False,False,,,,行车记录仪->camera hành trình,,,False,1.55,,0.1,False,False,False,False,,,
914644321107,auto,自行车行车记录仪运动相机防水防抖免走线超长续航照明骑行记录仪,"Máy ghi âm lái xe đạp, máy ảnh thể thao, chống nước, chống rung, không cần định tuyến, thời lượng pin dài, máy ghi âm lái xe chiếu sáng",False,False,,,,行车记录仪->camera hành trình,,,False,0.967,,0.0,False,False,False,False,,,
838981993586,auto,跨境爆款7寸无线货车监控行车记录仪摄像头前后双路24V倒车影像,Hình ảnh camera giám sát lái xe tải không dây 7 inch bùng nổ xuyên biên giới,False,False,24,,,爆款->mẫu bán chạy,,,False,0.593,,0.0,False,False,False,False,xuyên biên giới,,
687745404177,auto,爆款流媒体行车记录仪高清后视镜10寸全屏触摸汽车前后车载双镜头,Bộ ghi hình lái xe trực tuyến bùng nổ gương chiếu hậu độ nét cao 10 inch toàn màn hình cảm ứng ống kính kép phía trước và phía sau ô tô,False,False,,,,"行车记录仪->camera hành trình, 爆款->mẫu bán chạy",,,False,1.069,,0.0,False,False,False,False,,,
922136754991,auto,4S店专供D型爆款隐藏式高清行车记录仪Wifi版手机互联USB/ACC取电,Cửa hàng 4S cung cấp độc quyền loại D Máy ghi âm lái xe độ phân giải cao ẩn phổ biến Phiên bản Wifi kết nối điện thoại di động Nguồn điện USB/ACC,False,False,,,,行车记录仪->camera hành trình,,,False,1.478,,0.19,False,False,False,False,,,
757166326599,auto,跨境行车记录仪高清夜视双镜头隐藏式4寸车载记录器倒车影像批发,Máy ghi âm lái xe xuyên biên giới HD nhìn ban đêm ống kính kép ẩn 4 inch máy ghi âm ô tô quay ngược hình ảnh bán buôn,False,False,,,,行车记录仪->camera hành trình,,,False,0.966,,0.0,False,False,False,False,"bán buôn, xuyên biên giới",,
709971580780,auto,LF9隐藏式行车记录仪4K前后双录WiFi夜视1296P高清24小时停车监控,"Máy ghi hình lái xe ẩn LF9 4K, ghi hình kép trước và sau, WiFi, tầm nhìn ban đêm, độ phân giải cao 1296P, giám sát đỗ xe 24 giờ",False,False,,,,行车记录仪->camera hành trình,,,False,1.318,,0.11,False,False,False,False,,,
703488149597,auto,4K超清广角V50V53V55wifi GPS夜视双镜头A800S监控行车记录仪,Máy ghi hình lái xe giám sát 4K siêu nét góc rộng V50V53V55wifi GPS tầm nhìn ban đêm ống kính kép A800S,False,False,,,,行车记录仪->camera hành trình,,,False,1.625,vi_qua_dai,0.25,False,False,False,False,,,
898026980775,auto,Temu/Shein爆款四录WiFi高清行车记录仪红外夜视夜视支持手机互联,Máy ghi âm lái xe độ nét cao WiFi bốn bản ghi nóng Temu/Shein hỗ trợ kết nối điện thoại di động,False,False,,,,行车记录仪->camera hành trình,,,False,1.0,,0.14,False,False,False,False,amazon|temu|shein|tiktok,,
997741434520,auto,婴儿监护器baby mirror Monitor2K车载婴儿看护器行车记录仪高清,Máy theo dõi trẻ em Gương cho bé Monitor2K Máy theo dõi trẻ em gắn trên ô tô Máy ghi âm lái xe độ phân giải cao,False,False,,,,行车记录仪->camera hành trình,,,False,1.474,,0.19,False,False,False,False,,,
933490786308,auto,埃安昊铂HT埃安V昊铂GT Y S Plus LXS MAX S专用行车记录仪4K高清,Aian Hao Platinum HT Aian V Hao Platinum GT Y S Plus LXS MAX S máy ghi âm lái xe đặc biệt 4K HD,False,False,,,,行车记录仪->camera hành trình,,,False,1.412,,0.61,True,False,False,False,,,
974424224234,auto,跨境4K行车记录仪流媒体后视镜前后双录手机互联车载WIFI360全景,"Camera hành trình hai ống kính 4K với hình ảnh lùi xe, kết nối điện thoại di động, cảnh báo ADAS, WIFI trong xe, ghi hình kép",False,False,360,,,,,,False,1.08,,0.04,False,False,False,False,,,
579200136777,auto,适用本田CRV皓影雅阁思域冠道hrv行车记录仪免走线WIFI高清4K双录,"Phù hợp với Honda CRV, Hao Ying, Accord, Civic, Crown Road, HRV, camera hành trình, WIFI không dây, ghi hình kép độ nét cao 4K.",False,False,,,Ying Accord Civic Crown Road,,,,False,1.042,,0.38,False,False,False,False,,,
950985493991,auto,Y108四镜头监控行车记录仪高清1080P车前车左右车后带倒车影像2k,"Máy ghi hình lái xe giám sát bốn ống kính Y108, độ phân giải cao 1080P, phía trước, bên trái, bên phải và phía sau xe, có hình ảnh lùi 2k",False,False,,,,行车记录仪->camera hành trình,,,False,1.292,,0.07,False,False,False,False,,,
614347155734,auto,4K免走接线适用奔驰宝马奥迪大众丰田本田专用原车高清行车记录仪,"Hệ thống dây điện miễn phí 4K cho Mercedes-Benz, BMW, Audi, Volkswagen, Toyota, Honda, xe nguyên bản chuyên dụng, máy ghi âm lái xe HD",False,False,,,,行车记录仪->camera hành trình,,,False,0.897,,0.3,False,False,False,False,,,
941157497188,auto,【严选】V55S 4K+1080P行车记录仪速卖通爆款 70maiA800S优化高清,[Chọn chặt chẽ] Đầu ghi lái xe V55S 4K+1080P AliExpress Hot Model 70maiA800S Tối ưu hóa HD,False,False,,,,爆款->mẫu bán chạy,,[],False,1.25,,0.56,False,False,False,False,,,
948209936323,auto,适用于领克030102Z20506行车记录仪2025新款高清免走线前后双摄,Thích hợp cho máy ghi âm lái xe Lynk & Co 030102Z20506 2025 camera kép phía trước và phía sau không dây độ phân giải cao mới,False,False,,,,行车记录仪->camera hành trình,,,False,1.19,,0.12,False,False,False,False,,,
615737508095,auto,360全景行车记录仪高清无死角倒车影像系统安卓大屏3D导航一体机,Máy ghi âm lái xe toàn cảnh 360 HD không có điểm mù Hệ thống hình ảnh lùi Android màn hình lớn 3D máy tích hợp định vị,False,False,,,,行车记录仪->camera hành trình,,,False,1.0,,0.12,False,False,False,False,,,
684767790865,auto,新款行车记录仪三镜头三录车前车内车后全景双镜头倒车影像批发,"Máy ghi âm lái xe mới, ba ống kính, ba ống kính, phía trước và phía sau ô tô, toàn cảnh phía sau ô tô, Bán Buôn hình ảnh đảo chiều ống kính kép",False,False,,,,行车记录仪->camera hành trình,ba ống kính,,False,1.172,,0.06,False,False,False,False,bán buôn,,
990966917095,auto,爆款4K超高清10寸大屏流媒体行车记录仪前后双录手机互联语音声控,"Máy ghi âm lái xe phát trực tuyến màn hình lớn 4K độ phân giải cực cao 10inch phổ biến với khả năng ghi hình kép phía trước và phía sau, kết nối điện thoại di động, điều khiển bằng giọng nói",False,False,,,,行车记录仪->camera hành trình,,,False,1.5,,0.02,False,False,False,False,,,
626576935868,auto,任车行车记录仪高清隐藏式WIFI 跨境ADAS合金双镜头USB行车记录仪,Bất kỳ máy ghi âm lái xe ô tô HD ẩn WIFI xuyên biên giới ADAS hợp kim ống kính kép máy ghi âm lái xe USB,False,False,,,,行车记录仪->camera hành trình,,,False,1.125,,0.0,False,False,False,False,xuyên biên giới,,
750161924123,auto,4G远程隐藏式行车记录仪超高清夜视 双录手机互联ADAS辅助GPS定位,"Máy ghi âm lái xe ẩn từ xa 4G, tầm nhìn ban đêm siêu nét, ghi kép, kết nối điện thoại di động ADAS hỗ trợ định vị GPS",False,False,,,,行车记录仪->camera hành trình,,,False,1.16,,0.04,False,False,False,False,,,
711299653334,auto,汽车载行车记录仪4 5孔针流媒体后视后拉摄像头倒车影像高清1080P,Máy ghi âm lái xe ô tô 4 5 lỗ phát trực tuyến phía sau camera quan sát phía sau hình ảnh lùi HD 1080P,False,False,,,,行车记录仪->camera hành trình,,,False,0.885,,0.05,False,False,False,False,,,
963967170055,auto,红旗H5/HS5/H9/EH7/HS-3/H6/EQM5/HS7/行车记录仪专用4K超清夜视,"Camera hành trình chuyên dụng Hồng Kỳ H5/HS5/H9/EH7/HS-3/H6/EQM5/HS7, tầm nhìn ban đêm siêu nét 4K",False,False,,,,,,,False,1.692,vi_qua_dai,0.38,False,False,False,False,,,
610942315138,auto,10寸流媒体行车记录仪高清夜视后视镜车载前后双镜头汽车倒车影像,"Máy ghi âm lái xe trực tuyến 10 inch, gương chiếu hậu nhìn đêm độ nét cao, ống kính kép phía trước và phía sau ô tô, hình ảnh lùi xe",False,False,,,,行车记录仪->camera hành trình,,,False,1.034,,0.0,False,False,False,False,,,
825045716838,auto,新款2K三镜头高清车前车内双录一体机广角夜视带WIFI行车记录仪,"Máy ghi âm kép phía trước ô tô độ nét cao 3 ống kính 2K mới, tầm nhìn ban đêm góc rộng với ghi âm lái xe WIFI",False,False,,3,,行车记录仪->camera hành trình,,,False,1.038,,0.04,False,False,False,False,,,
965347101317,auto,跨境新口红机记录仪星光夜视4K超清行车记录仪无遮挡Dash Camera,"Camera hành trình hình son môi mới, hỗ trợ tầm nhìn ban đêm bằng công nghệ starlight, ghi hình lái xe siêu nét 4K, camera hành trình không bị cản trở.",False,False,,,,行车记录仪->camera hành trình,,,False,1.348,,0.03,False,False,False,False,,,
994256988973,auto,4K超高清三镜头行车记录仪超强夜视WiFi车内180°鱼眼4K+1K+1K,Máy ghi âm lái xe ba ống kính 4K Ultra HD WiFi tầm nhìn ban đêm siêu trong xe 180 ° Mắt cá 4K+1K+1K,False,False,,,,行车记录仪->camera hành trình,,,False,1.263,,0.32,False,False,False,False,,,
733992402665,auto,4K后视镜行车记录仪10寸流媒体车前内后三录同屏WIFI夜视GPS导航,"Máy ghi âm lái xe gương chiếu hậu 4K 10inch phát trực tuyến phía trước, bên trong và phía sau ba bản ghi cùng màn hình WIFI tầm nhìn ban đêm Định vị GPS",False,False,,,,行车记录仪->camera hành trình,,,False,1.417,,0.06,False,False,False,False,,,
922691777168,auto,跨境爆款D型隐藏式高清行车记录仪Wifi手机互联USB/ACC单录/双录,Máy ghi âm lái xe độ nét cao ẩn kiểu D bùng nổ xuyên biên giới Kết nối điện thoại di động Wifi USB/ACC ghi đơn/ghi kép,False,False,,,,"行车记录仪->camera hành trình, 爆款->mẫu bán chạy",,,False,1.261,,0.12,False,False,False,False,xuyên biên giới,,
631605112915,auto,AR高德实景安卓大屏导航USB行车记录仪ADAS电子狗双镜头高清1080P,AR AutoNavi cảnh thực Android điều hướng màn hình lớn Máy ghi âm lái xe USB ADAS Chó điện tử ống kính kép HD 1080P,False,False,,,,行车记录仪->camera hành trình,,,False,1.087,,0.2,False,False,False,False,,,
839015430406,auto,跨境爆款7寸货车监控行车记录仪1080P前后双路外拉摄像头24V车载,Máy ghi âm giám sát xe tải 7 inch bùng nổ xuyên biên giới 1080P camera kéo ra ngoài đường đôi phía trước và phía sau 24V,False,False,,,,爆款->mẫu bán chạy,,,False,1.04,,0.08,False,False,False,False,xuyên biên giới,,
691794037373,auto,10寸carplay全屏流媒体后视镜行车记录仪4K高清前后双录手机投屏,10inch carplay phát trực tuyến toàn màn hình gương chiếu hậu máy ghi âm lái xe độ phân giải cao 4K ghi hình kép phía trước và phía sau chiếu màn hình di động,False,False,,,,行车记录仪->camera hành trình,,,False,1.417,,0.03,False,False,False,False,,,
698684849763,auto,Y15跨境爆款新款私模隐藏式三镜头IPS高清广角行车记录仪车载相机,Mẫu nổ xuyên biên giới Y15 mô hình tư nhân mới ba ống kính ẩn IPS HD góc rộng camera lái xe ô tô,False,False,,,,爆款->mẫu bán chạy,,,False,0.889,,0.05,False,False,False,False,xuyên biên giới,,
645665051414,auto,跨境车前车内3寸行车记录仪高清双镜头双录360度车载摄像机1080P,"Máy ghi âm lái xe 3 inch phía trước xe xuyên biên giới, Camera lái xe 360 độ cao ống kính kép, Camera Xe hơi 1080P",False,False,,,,行车记录仪->camera hành trình,,,False,0.96,,0.17,False,False,False,False,xuyên biên giới,,
600994409014,auto,现货批发跨境wifi行车记录仪隐藏式 高清全景手机互联360度记录仪,Bán buôn tại chỗ Máy ghi âm lái xe wifi xuyên biên giới Máy ghi âm 360 độ kết nối điện thoại di động toàn cảnh HD ẩn,False,False,,,,行车记录仪->camera hành trình,,,False,1.038,,0.08,False,False,False,False,"bán buôn, xuyên biên giới",,
866020993116,auto,后视镜流媒体行车记录仪10寸全屏触摸高清前后双镜头车载倒车影像,"Gương chiếu hậu phát video trực tuyến, máy ghi hình lái xe, camera lùi ô tô hai ống kính độ nét cao, màn hình cảm ứng toàn màn hình 10inch độ phía trước và phía sau",False,False,,,,行车记录仪->camera hành trình,,,False,1.241,,0.0,False,False,False,False,,,
960451711574,auto,12寸全景4录流媒体行车记录仪WIFI全屏4K高清夜视倒车影像,12inch Máy ghi âm lái xe phát trực tuyến toàn cảnh 4-record WIFI toàn màn hình 4K hình ảnh đảo chiều tầm nhìn ban đêm độ phân giải cao,False,False,,,,行车记录仪->camera hành trình,,,False,1.318,,0.07,False,False,False,False,,,
755045993497,auto,行车记录仪1080P车内摄像头双录停车监控红外夜视超广角170双录,Máy ghi hình lái xe Camera trong xe 1080P ghi hình kép giám sát đỗ xe tầm nhìn ban đêm hồng ngoại góc cực rộng 170 ghi hình kép,False,False,,,,行车记录仪->camera hành trình,,,False,1.12,,0.07,False,False,False,False,,,
863849181249,auto,二路监控行车记录仪7寸前后双录显示屏大巴倒车影像12V24V免安装,"Camera hành trình giám sát hai kênh với màn hình ghi hình kép cho phía trước và phía sau, hình ảnh lùi xe buýt, 12V/24V, không cần lắp đặt.",False,False,7,,,,,,False,1.154,,0.07,False,False,False,False,,,
771465718768,auto,3英寸新款行车记录仪APP手机互联前后双录高清夜视360度倒车影像,Máy ghi âm lái xe 3 inch mới APP kết nối điện thoại di động trước và sau ghi kép HD nhìn ban đêm hình ảnh đảo chiều 360 độ,False,False,,,,行车记录仪->camera hành trình,,,False,1.077,,0.0,False,False,False,False,,,
670224806960,auto,高清9.66寸车载Carplay手机无线连接行车记录仪前后双录4K导航仪,Camera hành trình kết nối không dây điện thoại di động Carplay độ phân giải cao 9.66inch gắn trên ô tô với thiết bị định vị 4K ghi hình kép phía trước và phía sau,False,False,,,,,,,False,1.522,,0.06,False,False,True,False,,,
871730034406,auto,D型隐藏式行车记录仪wifi手机互联车载高清记录仪24小时停车监控,"Máy ghi âm lái xe ẩn loại D, kết nối điện thoại di động wifi, máy ghi âm độ nét cao trên ô tô, giám sát đỗ xe 24 giờ",False,False,,,,行车记录仪->camera hành trình,,,False,1.115,,0.04,False,False,False,False,,,
806999874299,auto,新款跨境记录仪 行车记录仪wifi高清三录三镜头免安装24h监控dvr,"Máy ghi âm xuyên biên giới mới, máy ghi âm lái xe wifi độ nét cao ba ống kính, cài đặt miễn phí giám sát 24h dvr",False,False,,,,行车记录仪->camera hành trình,,,False,1.125,,0.0,False,False,False,False,xuyên biên giới,,
876628106376,auto,跨境4K行车记录仪Wifi超高清前后双摄夜视24H停车监控GPS倒车影像,"Camera lái xe 4K xuyên biên giới, camera kép phía trước và phía sau độ nét cực cao Wifi, quan sát ban đêm, giám sát đỗ xe 24H, hình ảnh lùi xe GPS",False,False,,,,,,,False,1.375,,0.1,False,False,True,False,xuyên biên giới,,
651598342270,auto,4寸触控汽车高清行车记录仪 1080P前后双录倒车影像夜视dvr跨境,4 inch cảm ứng ô tô HD ghi âm lái xe 1080p trước và sau ghi kép hình ảnh lùi nhìn ban đêm dvr xuyên biên giới,False,False,,,,行车记录仪->camera hành trình,,,False,1.083,,0.0,False,False,False,False,xuyên biên giới,,
890479664112,auto,L5U新款行车记录仪汽车载高清夜视前后双录免安装隐藏式带电子狗3,"Máy ghi âm lái xe mới L5U, ghi âm kép trước và sau khi quan sát ban đêm độ nét cao trên xe, cài đặt miễn phí, ẩn với chó điện tử 3",False,False,,,,行车记录仪->camera hành trình,,,False,1.179,,0.06,False,False,False,False,,,
915830021951,auto,70迈A510行车记录仪2024新款行车记录仪24小时停车监控汽车记录仪,Máy ghi âm lái xe 70 Mai A510 Máy ghi âm lái xe mới 2024 Máy ghi âm lái xe giám sát đỗ xe 24 giờ,False,False,,,,行车记录仪->camera hành trình,,,False,0.958,,0.18,False,False,False,False,,,
837367358996,auto,隐藏式行车记录仪wifi高清1080P夜视车载手机互联停车监控录像,Máy ghi âm lái xe ẩn wifi HD 1080P tầm nhìn ban đêm trên ô tô điện thoại di động kết nối video giám sát đỗ xe,False,False,,,,行车记录仪->camera hành trình,,,False,1.125,,0.04,False,False,False,False,,,
564040267527,auto,高清摩托车行车记录仪机车电动车前后双镜头双录隐藏式行驶记录器,Máy ghi âm lái xe mô tô độ nét cao Máy ghi âm lái xe ẩn ống kính kép phía trước và phía sau xe điện,False,False,,,,行车记录仪->camera hành trình,,,False,0.867,,0.04,False,False,False,False,,,
645918824387,auto,工厂直销10寸流媒体行车记录仪前后双录高清夜视倒车影像行車記錄,Bán hàng trực tiếp tại nhà máy Máy ghi âm lái xe trực tuyến 10 inch trước và sau ghi lại hình ảnh lùi xe nhìn ban đêm độ nét cao,False,False,,,,行车记录仪->camera hành trình,,,False,1.034,,0.03,False,False,False,False,nhà máy|nhà sản xuất,,
852078550708,auto,行车记录仪2025新款免走线超清WIFI手机互联通用记录仪带停车监控,"Máy ghi hình lái xe mẫu mới 2025, không dây, siêu nét, kết nối điện thoại di động WIFI, máy ghi hình đa năng với chức năng giám sát khi đỗ xe",False,False,,,,行车记录仪->camera hành trình,,,False,1.192,,0.0,False,False,False,False,,,
608078716400,auto,新款高清夜视安卓大屏导航专用记录仪ADAS电子狗USB行车记录仪DVR,Tầm nhìn ban đêm độ nét cao mới Android màn hình lớn điều hướng Máy ghi âm chuyên dụng ADAS Chó điện tử USB ghi âm lái xe DVR,False,False,,,,行车记录仪->camera hành trình,,,False,1.16,,0.12,False,False,False,False,,,
557915795254,auto,二合一Руский俄罗斯专供X7俄文电子狗行车记录仪流动测速,2 trong 1Ru voy Nga chuyên về X7 Máy ghi âm lái xe chó kỹ thuật số của Nga đo tốc độ di động,False,False,,"1, 2",,行车记录仪->camera hành trình,,,False,1.045,,0.23,False,False,False,False,,,
676064708128,auto,三录三镜头行车记录仪车内车前车 同时记录 高清1296广角倒车影像,Máy ghi âm lái xe ba ống kính ghi lại hình ảnh lùi góc rộng 1296 độ nét cao cùng một lúc,False,False,,,,行车记录仪->camera hành trình,,,False,0.778,,0.0,False,False,False,False,,,
820994997846,auto,汽车后视镜行车记录仪高清前后双录停车监控倒车影像流媒体后视镜,Gương chiếu hậu ô tô ghi hình lái xe HD trước và sau ghi kép giám sát đỗ xe,False,False,,,,行车记录仪->camera hành trình,,,False,0.633,,0.0,False,False,False,False,,,
732917812867,auto,全志4K高清10英寸全屏行车记录仪高清夜视wifi手机互联声控记录仪,Máy ghi âm lái xe toàn màn hình 10 inch độ nét cao 4K HD tầm nhìn ban đêm wifi điện thoại kết nối với máy ghi âm điều khiển bằng giọng nói,False,False,,,,行车记录仪->camera hành trình,,,False,1.231,,0.03,False,False,False,False,,,
982215982740,auto,汽车后视镜行车记录仪前后单 双录1080p带倒车影像车载DVR一体机,Gương chiếu hậu ô tô ghi âm lái xe phía trước và phía sau ghi âm đơn và đôi 1080p với hình ảnh lùi DVR ô tô máy đa năng,False,False,,,,行车记录仪->camera hành trình,,,False,1.2,,0.0,False,False,True,False,,,
934486797803,auto,大众朗逸速腾宝来帕萨特迈腾ID34L探岳专用行车记录仪原厂25夜视,"Camera hành trình ban đêm chính hãng dành cho Volkswagen Lavida, Sagitar, Bora, Passat, Magotan, ID34L và Tayron.",False,False,25,,Volkswagen Lavida Sagitar,,,,False,0.731,,0.47,False,False,False,False,,,
720424783651,auto,货车行车记录仪五路监控智能BSD清晰全彩夜视车载倒车影像24V12V,Máy ghi âm lái xe tải giám sát năm chiều thông minh BSD rõ ràng đầy đủ màu sắc quan sát ban đêm hình ảnh lùi xe 24V12V,False,False,,,,行车记录仪->camera hành trình,,,False,1.16,,0.07,False,False,False,False,,,
897118861565,auto,麦数M18跨境隐藏式行车记录仪4K高清三录WiFi互联gps行驶轨迹车载,Máy ghi âm lái xe ẩn xuyên biên giới Maishu M18 4K HD ba bản ghi WiFi kết nối GPS lái xe,False,False,,,,行车记录仪->camera hành trình,,,False,0.917,,0.21,False,False,False,False,xuyên biên giới,,
852394758199,auto,行车记录仪跨境新款高清夜视前后双录WiFi支架吸盘式固定无线监控,Máy ghi âm lái xe xuyên biên giới tầm nhìn ban đêm độ phân giải cao mới phía trước và phía sau ghi hình kép WiFi khung cốc hút giám sát không dây cố định,False,False,,,,行车记录仪->camera hành trình,,,False,1.25,,0.03,False,False,False,False,xuyên biên giới,,
715098168964,auto,任我游新款10寸全屏流媒体智能声控行车记录仪高清夜视前后双镜头,Máy ghi âm lái xe điều khiển bằng giọng nói thông minh truyền phát toàn màn hình 10 inch mới của tôi,False,False,,,,行车记录仪->camera hành trình,,,False,0.724,,0.0,False,False,False,False,,,
617829761985,auto,黑金刚H05高清行车记录仪HDMI汽车监控车险礼品车载记录仪 跨境,Máy ghi âm lái xe độ nét cao Black King Kong H05 HDMI giám sát xe ô tô Quà Tặng Máy ghi âm xe xuyên biên giới,False,False,,,,行车记录仪->camera hành trình,,,False,1.08,,0.28,False,False,False,False,xuyên biên giới,,
659610888738,auto,经典隐藏式行车记录仪双镜头 高清夜视倒车影像USB记录仪带电子狗,Máy ghi âm lái xe ẩn cổ điển Máy ghi âm USB hình ảnh lùi hình ảnh nhìn ban đêm HD ống kính kép với chó điện tử,False,False,,,,行车记录仪->camera hành trình,,,False,1.0,,0.04,False,False,False,False,,,
1001541528697,auto,跨境1080P三镜头行车记录仪WiFi手机互联2英寸高清屏车载记录仪,Máy ghi âm lái xe ba ống kính 1080P xuyên biên giới Kết nối điện thoại di động WiFi 2inch đầu ghi xe màn hình độ phân giải cao,False,False,,,,行车记录仪->camera hành trình,,,False,1.208,,0.11,False,False,False,False,xuyên biên giới,,
637676887660,auto,K6000行车记录仪跨境隐藏式汽车高清夜视dvr车载监控car camera,K6000 ghi hình lái xe xuyên biên giới ẩn xe HD nhìn đêm dvr giám sát xe ô tô camera xe,False,False,,,,行车记录仪->camera hành trình,,,False,1.05,,0.0,False,False,False,False,xuyên biên giới,,
605365987223,auto,新款4寸汽车行车记录仪前后双录高清1080P夜视行驶记录仪dash cam,"Camera hành trình ô tô mới 4inch với khả năng ghi hình kép phía trước và phía sau, máy ghi hình lái xe ban đêm độ phân giải cao 1080P.",False,False,,,,行车记录仪->camera hành trình,,,False,1.304,,0.03,False,False,False,False,,,
837654521173,auto,新款2K高清4G远程行车记录仪停车监控WIFI网约车GPS定位 轨迹查询,Máy ghi âm lái xe từ xa 2K HD 4G mới giám sát đỗ xe WIFI gọi xe trực tuyến GPS định vị theo dõi truy vấn,False,False,,,,行车记录仪->camera hành trình,,,False,1.125,,0.09,False,False,False,False,,,
721371723297,auto,隐藏式行车记录仪无屏WIFI互联停车监控循环录像记录器高清夜视,Máy ghi âm lái xe ẩn không có màn hình WIFI kết nối đỗ xe giám sát vòng lặp ghi hình HD nhìn ban đêm,False,False,,,,行车记录仪->camera hành trình,,,False,0.926,,0.0,False,False,False,False,,,
970812130361,auto,10寸触摸声控四路五路BSD监控货车拖挂吊车AHD高清夜视行车记录仪,10inch Cần cẩu rơ-moóc xe tải giám sát BSD bốn chiều và năm chiều điều khiển bằng giọng nói AHD Máy ghi âm lái xe tầm nhìn ban đêm độ phân giải cao,False,False,,,,行车记录仪->camera hành trình,,,False,1.308,,0.06,False,False,False,False,,,
573549212656,auto,跨境批发安卓大屏导航专用子弹头USB行车记录仪ADAS电子狗高清,Bán buôn xuyên biên giới Android màn hình lớn điều hướng đầu đạn đặc biệt Máy ghi âm lái xe USB ADAS Chó điện tử HD,False,False,,,,行车记录仪->camera hành trình,,,False,1.04,,0.14,False,False,False,False,"bán buôn, xuyên biên giới",,
971059973479,auto,跨境3镜头行车记录仪三镜头2寸wifi车载记录器高清夜视前后dvr,Máy ghi âm lái xe 3 ống kính xuyên biên giới ba ống kính 2inch wifi ghi âm xe HD tầm nhìn ban đêm DVR phía trước và phía sau,False,False,,,,行车记录仪->camera hành trình,,,False,1.208,,0.0,False,False,False,False,xuyên biên giới,,
902275001835,auto,2025新款隐藏式行车记录仪高清单镜头车内车外行车汽车记录仪批发,"Máy ghi âm lái xe ẩn kiểu mới 2025, ống kính danh sách cao, máy ghi âm lái xe trong và ngoài xe bán buôn",False,False,,,,行车记录仪->camera hành trình,,,False,0.857,,0.0,False,False,False,False,bán buôn,,
595509732338,auto,2.4/3.5寸后视镜汽车礼品行车记录仪蓝镜礼品机工厂跨境镜子款式,"Gương chiếu hậu 2.4/3.5 inch, quà tặng ô tô, Máy ghi âm lái xe, gương xanh, nhà máy, kiểu gương xuyên biên giới",False,False,,,,行车记录仪->camera hành trình,,,False,0.846,,0.05,False,False,False,False,"xuyên biên giới, nhà máy|nhà sản xuất",,
783090604026,auto,12寸全屏流媒体后视镜超高清多功能无线carplay双镜头行车记录仪,Gương chiếu hậu truyền trực tuyến toàn màn hình 12 inch Máy ghi âm lái xe ống kính kép không dây đa chức năng siêu HD,False,False,,,,行车记录仪->camera hành trình,,,False,1.0,,0.04,False,False,False,False,,,
991947726539,auto,25款东风纳米06行车记录仪专用原厂4k超高清隐藏式前后双录免走线,25 Máy ghi âm lái xe Dongfeng Nano 06 chuyên dụng cho bản ghi âm kép phía trước và phía sau ẩn độ phân giải cực cao 4k nguyên bản không cần nối dây,False,False,,,,行车记录仪->camera hành trình,,,False,1.185,,0.06,False,False,False,False,,,
976534506048,auto,车载行车记录仪厂监控摄像头行车记录仪新款1080P高清录像机K6000,Máy ghi âm lái xe gắn trên xe Camera giám sát nhà máy Máy ghi âm lái xe mới Đầu ghi video HD 1080P K6000,False,False,,,,行车记录仪->camera hành trình,,,False,1.0,,0.22,False,False,False,False,nhà máy|nhà sản xuất,,
917805887217,auto,车载行车记录仪流动测速电子狗VG3电商 二合一 俄罗斯雷达电子狗,Máy ghi âm lái xe gắn trên xe đo tốc độ di động chó kỹ thuật số VG3 thương mại điện tử hai trong một chó kỹ thuật số radar Nga,False,False,,,,行车记录仪->camera hành trình,,,False,1.148,,0.03,False,False,False,False,,,
855379300935,auto,CEC行车记录仪 汽车后视镜前后双录高清夜视双镜头倒车影像循环录,"Máy ghi hình lái xe CEC, gương chiếu hậu ô tô, ghi hình kép phía trước và phía sau, tầm nhìn ban đêm độ nét cao, camera kép, ghi hình vòng lặp hình ảnh khi lùi xe",False,False,,,,行车记录仪->camera hành trình,,,False,1.321,,0.0,False,False,False,False,,,
815598188274,auto,车载后视镜触摸屏高清夜视行车记录仪前后摄像头汽车倒车影像DVR,Gương chiếu hậu ô tô màn hình cảm ứng HD nhìn ban đêm ghi âm lái xe camera trước và sau hình ảnh lùi xe DVR,False,False,,,,行车记录仪->camera hành trình,,,False,0.929,,0.0,False,False,False,False,,,
923640226887,auto,跨境高清4K行车记录仪三镜头GPS定位循坏录像夜视停车监控仪车载,"Camera hành trình 4K độ nét cao đa năng, tích hợp ba ống kính, định vị GPS, ghi hình vòng lặp, tầm nhìn ban đêm, thiết bị giám sát đỗ xe cho xe cộ.",False,False,,,,,,,False,1.259,,0.03,False,False,True,False,,,
912981444176,auto,12寸前后左后四路停车监控盲区辅助高清夜视电子后视镜行车记录仪,"12 inch phía trước, phía sau, phía sau, phía sau, phía sau, bốn điểm mù, hỗ trợ tầm nhìn ban đêm HD, gương chiếu hậu điện tử, ghi hình lái xe",False,False,,,,行车记录仪->camera hành trình,phía sau,,False,1.034,,0.0,False,False,False,False,,,
973949313939,auto,跨境4K行车记录仪前后三录2寸高清屏WIFI手机互联GPS轨迹定位ADAS,"Máy ghi hình lái xe 4K xuyên biên giới với khả năng ghi hình camera phía trước, phía sau và camera thứ ba, màn hình độ phân giải cao 2inch độ, kết nối điện thoại di động WIFI, định vị quỹ đạo GPS, ADAS.",False,False,,,,行车记录仪->camera hành trình,,,False,1.913,vi_qua_dai,0.02,False,False,False,False,xuyên biên giới,,
935464160091,auto,3.16寸2K+1K+1K三路镜头汽车隐藏式无线WIFI行车记录仪高清夜视,"Máy ghi hình lái xe không dây WIFI ẩn trên xe, màn hình 3.16 inch, camera ba chiều 2K+1K+1K, tầm nhìn ban đêm độ nét cao",False,False,,,,行车记录仪->camera hành trình,,,False,1.286,,0.12,False,False,False,False,,,
916268225830,auto,C309三镜头行车记录仪2025车前内后3录摄像头新款WIFI跨境爆,"Camera hành trình ba ống kính C309, ghi hình trước, trong và sau năm 2025, mẫu mới, tích hợp WIFI, sản phẩm bán chạy quốc tế.",False,False,3,,,,,,False,1.19,,0.04,False,False,False,False,,,
762133674113,auto,车载智慧屏导航10.26安卓苹果投屏行车记录仪Carplay投屏记录仪,Điều hướng màn hình thông minh trên ô tô 10.26 Máy ghi âm lái xe Android Apple Máy ghi âm lái xe Carplay,False,False,,,,行车记录仪->camera hành trình,,,False,0.957,,0.24,False,False,False,False,,,
854173792890,auto,2024年新款高清4G远程监控行车记录仪前后双录夜视高清车载记录仪,Máy ghi âm lái xe giám sát từ xa 4G độ nét cao mới 2024,False,False,,,,行车记录仪->camera hành trình,,,False,0.519,,0.08,False,False,False,False,,,
930842903055,auto,10寸全屏高清2K后视镜流媒体行车记录仪双镜头带倒车影像带WIFI,10 inch toàn màn hình HD gương chiếu hậu 2K truyền phát trực tuyến ghi âm lái xe ống kính kép với hình ảnh lùi với WIFI,False,False,,,,行车记录仪->camera hành trình,,,False,1.04,,0.04,False,False,False,False,,,
884960096276,auto,隐藏式行车记录仪 前后双录 超高清1080P 4寸屏 倒车影像停车监控,Ghi âm lái xe ẩn phía trước và phía sau ghi kép siêu HD 1080P màn hình 4 inch giám sát đỗ xe,False,False,,,,行车记录仪->camera hành trình,,,False,0.88,,0.05,False,False,False,False,,,
578651184354,auto,车载10寸流媒体行车记录仪 高清1080P双镜头后视镜记录仪一件代发,Máy ghi âm lái xe trực tuyến 10 inch độ nét cao 1080P máy ghi gương chiếu hậu ống kính kép,False,False,,,,行车记录仪->camera hành trình,,,False,0.769,,0.05,False,False,False,False,,,
680610639285,auto,厂家批发 两芯款行车记录仪取电降压线5V/2A取电保护暗线停车监控,"Nhà sản xuất Bán buôn máy ghi âm lái xe hai lõi, dây điện hạ áp 5V/2A, bảo vệ điện, dây tối, giám sát đỗ xe",False,False,,,,行车记录仪->camera hành trình,,,False,1.0,,0.12,False,False,False,False,"bán buôn, nhà máy|nhà sản xuất",,
610760509985,auto,跨境流动雷达行车记录仪二合一电子狗车载测速仪预警探测器记录仪,Máy ghi âm lái xe Radar di động xuyên biên giới Máy đo tốc độ xe chó điện tử hai trong một Máy ghi Cảnh Báo Sớm,False,False,,,,行车记录仪->camera hành trình,,,False,0.9,,0.23,False,False,False,False,xuyên biên giới,,
944727720644,auto,摩托车行车记录仪4k高清户外防水防抖动电动车机车骑行记录仪现货,Máy ghi hình lái xe máy 4k độ nét cao ngoài trời chống nước chống rung xe điện máy ghi hình đi xe máy còn hàng,False,False,,,,行车记录仪->camera hành trình,,,False,0.897,,0.0,False,False,False,False,,,
609186431641,auto,适用于吉普行车记录仪Jeep全新指南者自由光大切诺基自由侠隐藏式,Thích hợp cho máy ghi âm lái xe Jeep Jeep Compass Free Light Grand Cherokee Renegade Hidden,False,False,,,Compass Free Light Grand Cherokee,行车记录仪->camera hành trình,,,False,0.607,,0.56,False,False,False,False,,,
941688753076,auto,适用于哈弗H6大狗F7X神兽酷狗赤兔枭龙MAX欧拉好猫专用行车记录仪,Thích hợp cho Haval H6 Big Dog F7X God Beast Cool Dog Red Rabbit Xiaolong MAX Euler Good Cat Máy ghi âm lái xe chuyên dụng,False,False,,,Dog Red Rabbit || Euler Good Cat,行车记录仪->camera hành trình,,,False,1.038,,0.68,True,False,False,False,,,
525616679687,auto,盯盯拍一代行车记录仪智能行车记录仪1080P夜视高清旋转镜头wifi,Máy ghi âm lái xe thế hệ đầu tiên Máy ghi âm lái xe thông minh 1080P ống kính xoay HD tầm nhìn ban đêm wifi,False,False,,,,行车记录仪->camera hành trình,,,False,1.04,,0.08,False,False,False,False,,,
998845474250,auto,丰田凯美瑞专用行车记录仪无损互联隐藏式免走线安装超高清4K,Toyota Camry đặc biệt ghi âm lái xe không mất kết nối giấu dây lắp đặt độ phân giải cực cao 4K,False,False,,,,行车记录仪->camera hành trình,,,False,0.815,,0.1,False,False,False,False,,,
998663772245,auto,4K新款行车记录仪前后三录超高清手机互联WIFI行车记录仪dashcam,Máy ghi âm lái xe mới 4K phía trước và phía sau ba bản ghi kết nối điện thoại di động độ phân giải cực cao WIFI máy ghi âm lái xe dashcam,False,False,,,,行车记录仪->camera hành trình,,,False,1.435,,0.03,False,False,False,False,,,
677756697634,auto,跨境行车记录仪高清夜视车前车内双录双镜头1.5寸高清1080P车载DV,Máy ghi âm lái xe xuyên biên giới HD tầm nhìn ban đêm phía trước ô tô ghi âm kép ống kính kép 1.5 inch HD 1080P xe DV,False,False,,,,行车记录仪->camera hành trình,,,False,1.12,,0.04,False,False,False,False,xuyên biên giới,,
997952131808,auto,丰田荣放rav4专用行车记录仪原厂高清隐藏免走线安装双摄哨兵模式,Máy ghi âm lái xe chuyên dụng Toyota RAV4 nguyên bản độ phân giải cao ẩn không dây cài đặt chế độ thám phòng camera kép,False,False,,,,行车记录仪->camera hành trình,,,False,0.929,,0.04,False,False,False,False,,,
885336963595,auto,大货车行车记录仪高清夜视BSD四路盲区监控远程360度全景倒车影像,Máy ghi âm lái xe tải lớn HD tầm nhìn ban đêm BSD giám sát điểm mù bốn chiều từ xa hình ảnh đảo chiều toàn cảnh 360 độ,False,False,,,,行车记录仪->camera hành trình,,,False,1.037,,0.0,False,False,False,False,,,
619070824470,auto,新款12寸流媒体行车记录仪 2K高清夜视后视镜前后双镜头倒车影像,Máy ghi âm lái xe trực tuyến 12 inch mới 2K HD gương chiếu hậu nhìn đêm ống kính kép phía trước và phía sau hình ảnh lùi,False,False,,,,行车记录仪->camera hành trình,,,False,1.0,,0.04,False,False,False,False,,,
713561177432,auto,跨境行车记录仪流媒体Carplay后视镜4K高清全屏双录手机WIFI互联,Máy ghi âm lái xe xuyên biên giới truyền phát gương chiếu hậu Carplay 4K HD toàn màn hình ghi kép kết nối WIFI,False,False,,,,行车记录仪->camera hành trình,,,False,1.043,,0.1,False,False,False,False,xuyên biên giới,,
588334873334,auto,严选1080P2寸屏行车记录仪三镜头同显到倒车影像手机WIFI车载DVR,"Camera hành trình ô tô 1080P 2inch màn hình được lựa chọn kỹ lưỡng với ba ống kính và hiển thị đồng thời hình ảnh khi lùi xe, DVR ô tô WIFI điện thoại di động",False,False,,,,,,,False,1.565,vi_qua_dai,0.03,False,False,False,False,,,
928208234303,auto,爆款迷你口红机隐藏式行车记录仪高清WIFI互联360度旋转4S店专供,Máy ghi hình lái xe ẩn kiểu nổ mini máy ghi hình lái xe kết nối WIFI độ nét cao xoay 360 độ 4S cửa hàng độc quyền,False,False,,,,"行车记录仪->camera hành trình, 爆款->mẫu bán chạy",,,False,1.08,,0.04,False,False,False,False,,,
999421643451,auto,25款奥迪A4L A3 A6L Q5 Q3Q7原厂专用行车记录仪4G远程监控免走线,25 Audi A4L A3 A6L Q5 Q3Q7 Máy ghi âm lái xe đặc biệt nguyên bản Giám sát từ xa 4G không cần nối dây,False,False,,,,行车记录仪->camera hành trình,,,False,1.421,,0.42,False,False,False,False,,,
977344978029,auto,9.6寸流媒体全屏行车记录仪4K高清夜视前后双录倒车影像停车监控,9.6inch ghi âm lái xe toàn màn hình phát trực tuyến Tầm nhìn ban đêm độ phân giải cao 4K phía trước và phía sau ghi hình kép đảo ngược hình ảnh giám sát đỗ xe,False,False,,,,行车记录仪->camera hành trình,,,False,1.333,,0.06,False,False,False,False,,,
941671785328,auto,专用于埃安UT/RT/Yplus/Vplus/Smax行车记录仪免走线4K双摄像头,"Được thiết kế đặc biệt cho máy ghi hình lái xe Aion UT/RT/Yplus/Vplus/Smax, camera kép 4K không dây.",False,False,,,,行车记录仪->camera hành trình,,,False,1.294,,0.26,False,False,False,False,,,
984271720382,auto,行车记录仪高清夜视360度全景4k清前后双录倒车影像APP免安装,Máy ghi âm lái xe HD tầm nhìn ban đêm Toàn cảnh 360 độ 4k rõ ràng phía trước và phía sau ghi hình kép hình ảnh đảo ngược Không cần cài đặt APP,False,False,,,,行车记录仪->camera hành trình,,,False,1.375,,0.07,False,False,False,False,,,
999649705444,auto,捷途大圣行车记录仪专用原厂高清夜视隐藏式免走线安装双摄4G远程,Máy ghi âm lái xe Jietu Dasheng chuyên dụng ban đầu tầm nhìn ban đêm độ phân giải cao ẩn không dây lắp đặt camera kép 4G từ xa,False,False,,,,行车记录仪->camera hành trình,,,False,1.0,,0.11,False,False,False,False,,,
963291162007,auto,新4K三镜头前内红外夜视高停车监控网约车行车记录仪WiFi手机互联,"Máy ghi hình lái xe gọi xe trực tuyến độ phân giải cao 4K ba ống kính, tích hợp camera hồng ngoại ban đêm, giám sát đỗ xe, kết nối điện thoại di động qua WiFi",False,False,,,,行车记录仪->camera hành trình,,,False,1.333,,0.06,False,False,False,False,,,
542455752036,auto,新款g30行车记录仪 高清车载前后双录双镜头车载摄像头礼品机跨境,Máy ghi âm lái xe mới g30 độ nét cao phía trước và phía sau xe ghi kép ống kính kép máy ảnh Xe Hơi Máy Quà Tặng xuyên biên giới,False,False,,,,行车记录仪->camera hành trình,,,False,1.107,,0.17,False,False,False,False,xuyên biên giới,,
990667841552,auto,4录4K后视镜超高清行车记录仪12寸ADAS驾驶BSD盲区测360度监控GPS,Gương chiếu hậu 4K Máy ghi hình lái xe độ phân giải cực cao 12inch ADAS lái xe BSD phát hiện điểm mù Giám sát 360 độ GPS,False,False,4,,,行车记录仪->camera hành trình,,,False,1.286,,0.13,False,False,False,False,,,
961231040635,auto,后视镜4K高清行车记录仪4镜头360度ADAS辅助BSD倒车影像停车监控,Gương chiếu hậu Máy ghi âm lái xe độ phân giải cao 4K 4 ống kính ADAS 360 độ hỗ trợ BSD đảo chiều hình ảnh giám sát đỗ xe,False,False,,,,行车记录仪->camera hành trình,,,False,1.217,,0.08,False,False,False,False,,,
864520859272,auto,wifi互联口红机行车记录仪无屏隐藏式USB记录仪跨境外贸现货专供,Wifi kết nối son môi máy ghi âm lái xe máy ghi âm USB ẩn không màn hình lưu trữ ngoại thương xuyên biên giới,False,False,,,,行车记录仪->camera hành trình,,,False,0.962,,0.0,False,False,False,False,xuyên biên giới,,
867166380345,auto,零跑c11专用T03行车记录仪c01增程隐藏式行车记录仪免走线4K超清,Zero Run C11 Máy ghi âm lái xe T03 chuyên dụng C01 Máy ghi âm lái xe ẩn phạm vi mở rộng 4K siêu rõ nét,False,False,,,,行车记录仪->camera hành trình,,,False,1.083,,0.28,False,False,False,False,,,
617918833350,auto,全屏流媒体行车记录仪 高清后视镜1080P双镜头倒车影像星光夜视,Truyền phát trực tuyến toàn màn hình ghi âm lái xe điện tử chó gương chiếu hậu 1080P Ống kính kép đảo ngược hình ảnh ánh sao nhìn ban đêm,False,False,,,,行车记录仪->camera hành trình,,,False,1.154,,0.07,False,False,False,False,,,
848319343623,auto,安卓用品行车记录仪通用导航隐形ADAS免走线车载记录仪,Sản phẩm Android Máy ghi âm lái xe điều hướng chung Máy ghi âm xe không cần định tuyến ADAS vô hình,False,False,,,,行车记录仪->camera hành trình,,,False,0.957,,0.15,False,False,False,False,,,
943389201294,auto,跨境4K双镜头行车记录仪高清超广角夜视WiFi前后双录GPS车载记录,Máy ghi âm lái xe ống kính kép 4K xuyên biên giới HD góc siêu rộng nhìn ban đêm WiFi trước và sau ghi âm kép GPS trong xe,False,False,,,,行车记录仪->camera hành trình,,,False,1.16,,0.08,False,True,True,False,xuyên biên giới,,
578999100971,auto,奥/迪A6/A4L/Q5/Q7/Q3/A3/A1行车记录仪免走线双录高清4K原厂,"Camera hành trình Audi A6/A4L/Q5/Q7/Q3/A3/A1 không cần đấu dây, ghi hình kép độ nét cao 4K, sản phẩm chính hãng",False,False,,,,,,,False,1.688,vi_qua_dai,0.38,False,False,False,False,,,
848506556433,auto,跨境前4K后2K超高清双录夜视行车记录仪3寸WIFI手机互联停车监控,Máy ghi âm lái xe ban đêm siêu cao 2K phía trước và phía sau 4K xuyên biên giới 3 inch WIFI điện thoại di động kết nối giám sát đỗ xe,False,False,,,,行车记录仪->camera hành trình,,,False,1.24,,0.07,False,False,False,False,xuyên biên giới,,
913339731910,auto,11.26寸carplay车载智慧屏PND行车记录仪倒车后视 手机投屏导航仪,11.26 inch carplay xe màn hình thông minh ghi âm lái xe PND,False,False,,,,行车记录仪->camera hành trình,,,False,0.545,,0.0,False,False,False,False,,,
889381173711,auto,跨境红外夜视1080p高清2寸行车记录仪三镜头WIFIA98倒车影像车内,Tầm nhìn ban đêm hồng ngoại xuyên biên giới 1080p HD 2 inch ghi hình lái xe ba ống kính WIFIA98 trong xe,False,False,,,,行车记录仪->camera hành trình,,,False,0.957,,0.0,False,False,False,False,xuyên biên giới,,
910899851249,auto,行车记录仪配件后置摄像头5V点烟器车充USB充电线后延长线倒车,Phụ kiện máy ghi âm lái xe camera phía sau 5V bật lửa sạc xe hơi cáp sạc USB cáp nối dài phía sau đảo chiều,False,False,,,,行车记录仪->camera hành trình,,,False,1.0,,0.04,False,False,False,False,,,
939177741021,auto,跨境新款4镜头4录行车记录仪车内外双镜头高清夜视前后车载监控器,Máy ghi âm lái xe 4 ống kính mới xuyên biên giới 4 ống kính bên trong và bên ngoài xe ống kính kép HD nhìn ban đêm trước và sau màn hình xe,False,False,,,,行车记录仪->camera hành trình,,,False,1.103,,0.0,False,False,False,False,xuyên biên giới,,
580231681275,auto,U型通用王行车记录仪高清夜视24小停车监控WIFI隐藏式记录仪批发,Máy ghi âm lái xe đa năng hình chữ U HD tầm nhìn ban đêm 24 máy ghi âm ẩn WIFI giám sát đỗ xe nhỏ bán buôn,False,False,,,,行车记录仪->camera hành trình,,,False,1.038,,0.04,False,False,False,False,bán buôn,,
824700342437,auto,新款wifi行车记录仪1.47寸小屏1080P高清24小时停车导航仪监控GPS,Máy ghi hình lái xe wifi mới 1.47inch màn hình nhỏ 1080P độ phân giải cao Màn hình điều hướng đỗ xe 24 giờ GPS,False,False,,,,行车记录仪->camera hành trình,,,False,1.143,,0.09,False,False,False,False,,,
864230910228,auto,跨境4寸行车记录仪高清夜视双镜头前后双录2.5D玻璃屏隐藏式记录,Máy ghi âm lái xe 4 inch xuyên biên giới HD nhìn ban đêm ống kính kép trước và sau ghi kép màn hình kính 2.5D ghi âm ẩn,False,False,,,,行车记录仪->camera hành trình,,,False,1.037,,0.04,False,False,False,False,xuyên biên giới,,
934039451711,auto,宝马3系5系7系1系X3X1X2X5X4X6325Li530ix3/i3行车记录仪专车专用,"Camera hành trình chuyên dụng cho xe BMW 3 Series, 5 Series, 7 Series, 1 Series, X3, X1, X2, X5, X4, X6, 325Li, 530ix3/i3",False,False,6325,"325, 6",,,,,False,1.4,,0.58,False,False,False,False,,,
873997502541,auto,跨境3寸行车记录仪前后双录1080P高清夜视带WiFi双镜头车载记录仪,Máy ghi âm lái xe 3 inch xuyên biên giới Máy ghi âm kép 1080P HD ban đêm tầm nhìn với ống kính kép WiFi,False,False,,,,行车记录仪->camera hành trình,,,False,0.96,,0.14,False,False,False,False,xuyên biên giới,,
1000904160405,auto,丰田锋兰达威兰达专用行车记录仪原厂免走线隐藏式4K超高清25款,25 Máy ghi âm lái xe đặc biệt Toyota Landa và Wilanda nguyên bản không dây ẩn 4K độ phân giải cực cao,False,False,,,,行车记录仪->camera hành trình,,,False,0.815,,0.19,False,False,False,False,,,
904467768108,auto,跨境高清夜视行车记录仪4镜头4录汽车前后双录WIFI手机互联1080P,Máy ghi âm lái xe tầm nhìn ban đêm độ nét cao xuyên biên giới 4 ống kính 4 ghi âm trước và sau xe ghi âm kép WIFI kết nối điện thoại di động 1080P,False,False,,,,行车记录仪->camera hành trình,,,False,1.417,,0.03,False,False,False,False,xuyên biên giới,,
548597048339,auto,4.3寸前后双录行车记录仪 高清夜视双镜头车载dvr倒车影像跨境,4.3 inch trước và sau ghi âm lái xe kép HD nhìn ban đêm ống kính kép Xe dvr hình ảnh lùi xuyên biên giới,False,False,,,,行车记录仪->camera hành trình,,,False,0.96,,0.05,False,False,False,False,xuyên biên giới,,
810094299039,auto,Temu/SHEIN爆款推荐2024年跨境新款行车记录仪3寸高清1080P前后左,Mẫu hot Temu/SHEIN khuyến nghị ghi âm lái xe mới xuyên biên giới 2024 3inch HD 1080P phía trước và phía sau bên trái,False,False,,,,行车记录仪->camera hành trình,,,False,1.2,,0.1,False,False,False,False,"xuyên biên giới, amazon|temu|shein|tiktok",,
912489904713,auto,出口亚马逊日本日本欧洲美国机行车记录仪720P 1080P 倒车后视,"Xuất khẩu sang Amazon, Nhật Bản, Nhật Bản, Châu Âu, Mỹ, máy ghi âm lái xe 720P 1080P",False,False,,,,行车记录仪->camera hành trình,nhật bản,,False,0.783,,0.59,False,False,False,False,amazon|temu|shein|tiktok,,
705597039189,auto,新款跨境电商行车记录仪 高清WiFi手机互联USB免接线安装dash cam,Máy ghi âm lái xe thương mại điện tử xuyên biên giới mới HD WiFi kết nối điện thoại di động USB cài đặt miễn phí nối dây dash cam,False,False,,,,行车记录仪->camera hành trình,,,False,1.364,,0.04,False,False,False,False,xuyên biên giới,,
673090239526,auto,安卓大屏導航用USB安卓車載行車記錄器DASHCAM DVR ADAS车记录仪,Máy ghi âm lái xe ô tô Android USB cho điều hướng màn hình lớn Máy ghi âm xe hơi DASHCAM DVR ADAS,False,False,,,,行车记录仪->camera hành trình,,,False,1.15,,0.11,False,False,False,False,,,
895273026608,auto,行车记录仪2寸三录WIFI车载监控夜视高清S1汽车CarDvrCam跨境爆款,Máy ghi âm lái xe 2inch ghi hình ba chiều WIFI giám sát ô tô tầm nhìn ban đêm HD S1 camera DVR ô tô xuyên biên giới sản phẩm hot,False,False,,,,行车记录仪->camera hành trình,,,False,1.409,,0.04,False,False,False,False,xuyên biên giới,,
876955205483,auto,跨境热销新款单镜头1080p高清夜视车载无线WIFI行车记录仪批发,Bán chạy xuyên biên giới mới ống kính đơn 1080p HD nhìn đêm xe không dây WIFI ghi âm lái xe bán buôn,False,False,,,,行车记录仪->camera hành trình,,,False,0.958,,0.0,False,False,False,False,"bán buôn, xuyên biên giới",,
933486882065,auto,广汽埃安UT Yplus/S/V/昊铂专用行车记录仪隐藏式免走线高清双录,GAC Aion UT Yplus/S/V/Haoplai ghi âm lái xe chuyên dụng ẩn ghi âm kép độ phân giải cao không dây,False,False,,,,行车记录仪->camera hành trình,,,False,1.0,,0.2,False,False,False,False,,,
942860042254,auto,跨境4K行车记录仪前后双摄Wifi超高清夜视24H停车监控GPS倒车影像,Máy ghi âm lái xe xuyên biên giới 4K Camera kép phía trước và phía sau Wifi tầm nhìn ban đêm độ phân giải cực cao Giám sát đỗ xe 24H GPS hình ảnh đảo ngược,False,False,,,,行车记录仪->camera hành trình,,,False,1.5,,0.15,False,False,False,False,xuyên biên giới,,
950900280902,auto,新款Ai智能行车记录仪WiFi双录4K超清夜视ADAS停车监控GPS轨迹BSD,"Camera hành trình thông minh AI mới, ghi hình kép WiFi, độ phân giải 4K siêu nét, tầm nhìn ban đêm, hỗ trợ ADAS, giám sát đỗ xe, định vị GPS, cảnh báo điểm mù BSD",False,False,,,,,,,False,1.714,vi_qua_dai,0.06,False,False,False,False,,,
888880834883,auto,USB车载ADAS辅助系统行车记录仪倒车智能车用夜视高清1080P,Hệ thống phụ trợ USB dành cho xe ADAS ghi hình lái xe lùi xe thông minh nhìn ban đêm HD 1080P,False,False,,,,行车记录仪->camera hành trình,,,False,1.048,,0.06,False,False,False,False,,,
678276458287,auto,行车记录仪降压线盯盯拍降压线24小时监控线停车监控,"Máy ghi âm lái xe, đường dây giảm áp, đường dây giảm áp, đường dây giám sát 24 giờ, giám sát đỗ xe",False,False,,,,行车记录仪->camera hành trình,,,False,0.957,,0.0,False,False,False,False,,,
867323976274,auto,哈弗大狗二代三代H6枭龙max猛龙F7H92M6专用行车记录仪免走线新款,Haval Big Dog thế hệ thứ hai thế hệ thứ ba H6 Fierce Max Raptors F7H92M6 Máy ghi âm lái xe chuyên dụng miễn phí mới,False,False,,,Haval Big Dog,行车记录仪->camera hành trình,,,False,1.167,,0.37,False,False,False,False,,,
630715304024,auto,新款汽车载4寸行车记录仪前后双录高清1296P隐藏式记录仪倒车影像,Máy ghi âm lái xe 4 inch Mới phía trước và phía sau máy ghi âm ẩn HD 1296P hình ảnh lùi xe,False,False,,,,行车记录仪->camera hành trình,,,False,0.815,,0.1,False,False,False,False,,,
844508233278,auto,跨境G30行车记录仪 高清夜视循环录制倒车影像停车监控车险礼品,Máy ghi âm lái xe xuyên biên giới G30 vòng quay tầm nhìn ban đêm độ nét cao ghi hình ảnh lùi xe giám sát đỗ xe quà tặng bảo hiểm ô tô,False,False,,,,行车记录仪->camera hành trình,,,False,1.222,,0.03,False,False,False,False,xuyên biên giới,,
875867913670,auto,跨境无线行车记录仪免走线夜视摄像头高清客车货车房车倒车影像,"Camera ghi hình lái xe không dây xuyên biên giới, camera nhìn đêm không dây, hình ảnh lùi xe độ nét cao dành cho xe buýt, xe tải và xe RV",False,False,,,,行车记录仪->camera hành trình,,,False,1.069,,0.0,False,False,False,False,xuyên biên giới,,
718800385434,auto,12寸4K&2K&1080p双镜头流媒体后视镜Adas&BSD盲区检测行车记录仪,12 inch 4K & 2K & 1080P Ống kính kép phát trực tuyến gương chiếu hậu Adas & BSD phát hiện điểm mù ghi âm lái xe,False,False,,,,行车记录仪->camera hành trình,,,False,1.211,,0.24,False,False,False,False,,,
898786839610,auto,跨境新款3录三镜头同显带WiFi高清行车记录仪手机互联车工厂直销,Màn hình đồng bộ 3 ống kính mới xuyên biên giới với WiFi HD ghi âm lái xe điện thoại di động kết nối máy tiện bán hàng trực tiếp,False,False,,,,行车记录仪->camera hành trình,,,False,1.074,,0.04,False,False,False,False,xuyên biên giới,,
821996934408,auto,4K行车记录仪高清夜视手机互连免走线倒车影像前后双摄监控一体机,"Máy ghi âm lái xe 4K HD tầm nhìn ban đêm điện thoại di động kết nối không cần định tuyến, hình ảnh lùi, camera kép phía trước và phía sau giám sát tất cả trong một",False,False,,,,行车记录仪->camera hành trình,,,False,1.276,,0.03,False,False,False,False,,,
594831510253,auto,K6000高清1080P行车记录仪夜视汽车监控摄像车险礼品碰撞感应跨境,K6000 HD 1080P ghi hình lái xe nhìn ban đêm Camera giám sát xe ô tô quà tặng cảm biến va chạm xuyên biên giới,False,False,,,,行车记录仪->camera hành trình,,,False,1.0,,0.09,False,False,False,False,xuyên biên giới,,
966117507393,auto,跨境隐藏式行车记录仪高清2.5K单镜头WiFi缩时录影 GPS轨迹记录仪,Máy ghi hình lái xe ẩn xuyên biên giới HD 2.5K ống kính đơn WiFi ghi hình chuyển động chậm GPS,False,False,,,,行车记录仪->camera hành trình,,,False,0.875,,0.11,False,False,False,False,xuyên biên giới,,
849979926052,auto,新款U型通用隐藏式行车记录仪高清夜视手机wifi互联简易安装源头,Máy ghi âm lái xe ẩn thông dụng hình chữ U mới HD nhìn ban đêm điện thoại di động wifi kết nối nguồn cài đặt dễ dàng,False,False,,,,行车记录仪->camera hành trình,,,False,1.037,,0.04,False,False,False,False,,,
968173797316,auto,跨境行车记录仪4G远程GPS实时定位前后双录高清夜视车载摄像机,Máy ghi âm lái xe xuyên biên giới 4G GPS từ xa định vị thời gian thực phía trước và phía sau ghi hình kép Camera quan sát ban đêm độ phân giải cao,False,False,,,,行车记录仪->camera hành trình,,,False,1.308,,0.06,False,False,False,False,xuyên biên giới,,
928638632791,auto,2025款吉利星愿专用行车记录仪梦想青春自由探索版原厂高清免走线,Máy ghi âm lái xe chuyên dụng Geely Star Wish 2025 Dream Youth Free Discovery Edition Original HD Free Line,False,False,,,Youth Free Discovery Edition,行车记录仪->camera hành trình,,,False,0.679,,0.65,True,False,False,False,,,
903724020235,auto,4G网约车行车记录仪 DMS疲劳驾驶 前后双录GPS1080P高清远程监控,"Camera hành trình xe dịch vụ công nghệ 4G, phát hiện mệt mỏi người lái bằng DMS, ghi hình kép phía trước và phía sau, giám sát từ xa độ phân giải cao 1080P bằng GPS",False,False,,,,,,,False,1.636,vi_qua_dai,0.06,False,False,False,False,,,
866020993061,auto,5寸摩托车carplay摩托车行车记录仪支持前后双录支持胎压监测跨境,Máy ghi âm lái xe mô tô carplay 5 inch hỗ trợ ghi kép trước và sau hỗ trợ giám sát áp suất lốp xuyên biên giới,False,False,,,,行车记录仪->camera hành trình,,,False,1.0,,0.0,False,False,False,False,xuyên biên giới,,
530561037745,auto,新款4寸行车记录仪 高清夜视1080P前后双镜头车载倒车影像跨境,"Máy ghi âm lái xe 4 inch mới, tầm nhìn ban đêm HD 1080P, Ống kính kép phía trước và phía sau, hình ảnh lùi xe xuyên biên giới",False,False,,,,行车记录仪->camera hành trình,,,False,1.12,,0.08,False,False,False,False,xuyên biên giới,,
810319155121,auto,4寸行车记录仪后视镜记录仪汽车录像机倒车影像显示器前后双录,"Máy ghi âm lái xe 4 inch, máy ghi gương chiếu hậu, máy ghi hình xe hơi, màn hình hình ảnh lùi, ghi kép trước và sau",False,False,,,,行车记录仪->camera hành trình,,,False,0.929,,0.0,False,False,False,False,,,
867788096034,auto,通用王隐藏式WIFI行车记录仪24小时停车监控高清录像前后双录,"Máy ghi âm lái xe WIFI ẩn GM King giám sát đỗ xe 24 giờ, ghi âm kép trước và sau HD",False,False,,,,行车记录仪->camera hành trình,,,False,0.84,,0.06,False,False,False,False,,,
867679160274,auto,行车记录仪高清夜视2.2寸隐藏式车载录像机循环录像车险礼品批发,Máy ghi âm lái xe HD Tầm nhìn ban đêm 2.2inch Máy ghi video ô tô ẩn Ghi hình vòng lặp Bảo hiểm ô tô Quà tặng bán buôn,False,False,,,,行车记录仪->camera hành trình,,,False,1.036,,0.19,False,False,False,False,bán buôn,,
864920332541,auto,批发新款四录高清1080P行车记录仪WIFI互联倒车影像GPS24小时监控,"Máy ghi hình lái xe 4 camera độ phân giải cao 1080P, mẫu mới, bán buôn, tích hợp kết nối WIFI, hình ảnh lùi, GPS và giám sát 24/24.",False,False,,"24, 4",,行车记录仪->camera hành trình,,,False,1.174,,0.04,False,False,False,False,bán buôn,,
891106465793,auto,2024爆款免走线汽车360全景行车记录仪哨兵模式24小时停车监控,"Máy ghi âm lái xe toàn cảnh 360 mẫu nổ 2024, chế độ lính canh, giám sát đỗ xe 24 giờ",False,False,,,,"行车记录仪->camera hành trình, 爆款->mẫu bán chạy",,,False,0.75,,0.0,False,False,False,False,,,
939023120280,auto,本田CRV雅阁思域HRV型格XRV皓影奥德赛冠道URV专用汽车行车记录仪,Honda CRV Accord Civic HRV XRV Haoying Odyssey Crown Road URV máy ghi âm lái xe đặc biệt,False,False,,,Haoying Odyssey Crown Road,行车记录仪->camera hành trình,,,False,0.75,,0.46,False,False,False,False,,,
655169630914,auto,出租车网约车跨境电商行车记录仪车前车内车后高清1080P,"Taxi, dịch vụ gọi xe, thương mại điện tử xuyên biên giới, camera ghi hình lái xe, phía trước, nội thất, phía sau, độ phân giải cao 1080P",False,False,,,,行车记录仪->camera hành trình,,,False,1.217,,0.04,False,False,False,False,xuyên biên giới,,
989276083523,auto,跨境超高清3录夜视行车记录仪 3寸WIFI手机互联停车监控循环录像,Máy ghi âm lái xe tầm nhìn ban đêm 3 kỷ lục xuyên biên giới độ phân giải cực cao 3inch WIFI kết nối điện thoại di động ghi lại chu kỳ giám sát đỗ xe,False,False,,,,行车记录仪->camera hành trình,,,False,1.346,,0.0,False,False,False,False,xuyên biên giới,,
767541180606,auto,执法行车记录仪录音笔摩托车记录仪高清红外夜视WIFI互联循环录像,Máy ghi âm lái xe thực thi pháp luật Máy ghi âm xe máy HD hồng ngoại nhìn đêm WIFI kết nối video chu kỳ,False,False,,,,行车记录仪->camera hành trình,,,False,0.893,,0.05,False,False,False,False,,,
835692791490,auto,原厂4K比亚迪秦plus驱逐舰05海豹宋pro海豚海鸥秦L专用行车记录仪,Máy ghi âm lái xe chuyên dụng 4K BYD Qin plus tàu khu trục 05 SEAL Song pro Dolphin Seagull Qin L,False,False,,,Dolphin Seagull Qin,行车记录仪->camera hành trình,,,False,0.875,,0.39,False,False,False,False,,,
913116277256,auto,行车记录仪后视镜三镜头WiFi高清1080P倒车影像全屏触控三录同显,Máy ghi âm lái xe gương chiếu hậu ba ống kính WiFi độ phân giải cao 1080P hình ảnh đảo chiều màn hình cảm ứng toàn màn hình hiển thị ba bản ghi,False,False,,,,行车记录仪->camera hành trình,,,False,1.32,,0.06,False,False,False,False,,,
946204006884,auto,适用埃安UT埃Y专用行车记录仪原厂4k超高清夜视无损安装前后双摄,"Aian UT, v.v. Máy ghi âm lái xe đặc biệt gốc 4k độ phân giải cực cao tầm nhìn ban đêm không mất dữ liệu lắp đặt camera kép phía trước và phía sau",False,False,,,,行车记录仪->camera hành trình,,,False,1.296,,0.03,False,False,False,False,,,
923121888512,auto,跨境爆款U型隐藏式高清行车记录仪Wifi手机互联USB/ACC双录/单录,Máy ghi âm lái xe độ phân giải cao ẩn hình chữ U phổ biến xuyên biên giới Kết nối điện thoại di động Wifi USB/ACC ghi hình kép/ghi hình đơn,False,False,,,,行车记录仪->camera hành trình,,,False,1.435,,0.1,False,False,False,False,xuyên biên giới,,
797819752452,auto,跨境4K双镜头行车记录仪高清超广角夜视WiFi前后双录GPS车载记录,Máy ghi âm lái xe ống kính kép 4k xuyên biên giới HD góc siêu rộng nhìn ban đêm WiFi trước và sau ghi kép ghi âm xe GPS,False,False,,,,行车记录仪->camera hành trình,,,False,1.16,,0.04,False,False,True,False,xuyên biên giới,,
889409766690,auto,4.5寸后视镜视镜行车记录仪1080P前后双镜头倒车影像双摄像头WIFI,4.5inch Gương chiếu hậu ghi hình lái xe 1080P ống kính kép phía trước và phía sau hình ảnh đảo chiều camera kép WIFI,False,False,,,,行车记录仪->camera hành trình,,,False,1.0,,0.09,False,False,False,False,,,
849163060180,auto,跨境热销通用行车记录仪前后双摄安卓大屏高清夜视记录仪停车监控,"Máy ghi âm lái xe đa năng bán chạy xuyên biên giới, camera kép phía trước và phía sau, máy ghi âm nhìn đêm độ nét cao màn hình lớn Android, giám sát đỗ xe",False,False,,,,行车记录仪->camera hành trình,,,False,1.167,,0.03,False,False,False,False,xuyên biên giới,,
531298385250,auto,跨境热销二合一VG3行车记录仪电子狗汽车车载雷达测速仪英俄双语,"Máy ghi âm lái xe hai trong một VG3 bán chạy xuyên biên giới, đồng hồ tốc độ radar xe hơi kỹ thuật số, song ngữ Anh-Nga",False,False,,,,行车记录仪->camera hành trình,,,False,1.0,,0.08,False,False,False,False,xuyên biên giới,,
913165440791,auto,4G定位汽车视频设备 前后双录车载记录仪一体双摄高清行车记录仪,"Thiết bị video ô tô định vị 4G, máy ghi âm kép phía trước và phía sau, máy ghi âm lái xe độ nét cao camera kép tích hợp",False,False,,,,行车记录仪->camera hành trình,,,False,1.036,,0.04,False,False,False,False,,,
749364410345,auto,70迈行车记录仪4K超高清A810前后双录150度广角70mai夜视清晰ADAS,"Camera hành trình 70mai 4K siêu nét A810 ghi hình kép trước sau, góc rộng 150 độ, tầm nhìn ban đêm rõ nét, tích hợp ADAS",False,False,70,,,,,,False,1.25,,0.09,False,False,False,False,,,
862526813618,auto,4寸触摸IPS高清行车记录仪前后双镜头倒车影像后视镜通用工厂直供,"Máy ghi âm lái xe HD IPS cảm ứng 4 inch, ống kính kép phía trước và phía sau, gương chiếu hậu hình ảnh, cung cấp trực tiếp từ nhà máy",False,False,,,,行车记录仪->camera hành trình,,,False,1.071,,0.0,False,False,False,False,nhà máy|nhà sản xuất,,
606907147355,auto,行车记录仪Y15WIFI三镜头2寸高清夜视倒车影像手机互联跨境车载,Máy ghi âm lái xe Y15WIFI ba ống kính 2inch độ phân giải cao tầm nhìn ban đêm hình ảnh đảo chiều kết nối điện thoại di động xuyên biên giới gắn trên ô tô,False,False,,,,行车记录仪->camera hành trình,,,False,1.44,,0.03,False,False,False,False,xuyên biên giới,,
933951484227,auto,行车记录仪S18新款私模3.16寸IPS高清夜视车载WIFI摄像机Cardvr,Máy ghi âm lái xe S18 mẫu riêng mới 3.16 inch IPS HD tầm nhìn ban đêm trên xe WIFI Camera Cardvr,False,False,,,,行车记录仪->camera hành trình,,,False,1.105,,0.18,False,False,False,False,,,
971384862791,bags,新款40*30*20登机包适应飞机小型旅行包袋24寸干湿分离电脑背包女,Túi nội trú mới 40*30*20 thích hợp cho máy bay túi du lịch nhỏ 24inch ba lô máy tính tách khô và ướt dành cho nữ,False,False,,,,,,*,False,1.0,,0.0,False,False,False,False,,,
942934813411,bags,档口批发代发 北极 户外防水 狐 狸背包学生帆布轻便旅行双肩包,Quầy hàng bán buôn ba lô cáo chống thấm ngoài trời Bắc Cực ba lô du lịch nhẹ vải bố học sinh,False,False,,,,,,,False,0.815,,0.1,False,False,True,False,bán buôn,,
855875210266,bags,跨境潮牌提花格纹大容量双肩包时尚车缝线小方包菱格字母学生背包,Ba lô dung tích lớn kẻ sọc jacquard thương hiệu thời trang xuyên biên giới,False,False,,,,,,,False,0.5,vi_qua_ngan,0.0,False,False,False,False,xuyên biên giới,,
987319640409,bags,书包女初中高中生星星印花韩版小众ins双肩包森系大学生电脑包男,Cặp sách dành cho nữ học sinh trung học cơ sở và học sinh trung học có in hình ngôi sao Phiên bản Hàn Quốc thích hợp trong ba lô dành cho sinh viên đại học và túi đựng máy tính dành cho nam,False,False,,,,,,,False,1.571,vi_qua_dai,0.07,False,False,False,False,,,
944909272860,bags,旅行背包男女双肩包轻便短途出差旅游行李包便携包大容量电脑书包,"Ba lô du lịch, ba lô nam nữ, túi hành lý du lịch du lịch ngắn ngày nhẹ, túi xách tay, cặp sách máy tính dung lượng lớn",False,False,,,,,du lịch,,False,0.933,,0.0,False,False,False,False,,,
985974571808,bags,跨境匡家双肩包韩版新款初高中生书包校园背包经典学生背包可代发,Ba lô Kuangjia xuyên biên giới phiên bản Hàn Quốc mới dành cho học sinh trung học cơ sở túi đi học ba lô trường học ba lô học sinh cổ điển có thể được vận chuyển thay mặt cho người khác,False,False,,,,一件代发->nhận dropship / bỏ,,,False,1.4,,0.07,False,False,False,False,xuyên biên giới,,
655758142888,bags,背包新款双肩包潮牌手提电脑包休闲大容量旅行包大学生书包男包,"Ba lô, ba lô kiểu mới, túi đựng laptop thương hiệu thời thượng, túi du lịch cỡ lớn thông thường, túi dành cho sinh viên đại học, túi xách nam",False,False,,,,,ba lô,,False,1.034,,0.0,False,False,False,False,,,
892362703000,bags,跨境大容量可扩容双肩包男士双肩商务旅行背包双肩背包男士高级感,Ba lô hai vai có thể mở rộng sức chứa lớn xuyên biên giới ba lô du lịch công sở ba lô ba lô nam cao cấp,False,False,,,,,ba lô,,False,0.9,,0.0,False,False,False,False,xuyên biên giới,,
678168007860,bags,跨境背包男士双肩包定制印字15.614电脑包大容量商务旅行学生书包,"Ba lô nam đi du lịch xuyên biên giới, in theo yêu cầu, đựng laptop 15.6 inch, dung tích lớn, dùng cho công việc, du lịch, học sinh, sinh viên",False,False,15614,15.6,,,,,False,1.074,,0.0,False,False,False,False,xuyên biên giới,,
944466303906,bags,亚马逊爆款双肩包 跨境贴标小单快反 48小时发货大容量电脑包,"Túi du lịch thông thường phổ biến dành cho nữ, túi đựng máy tính dành cho sinh viên có sức chứa lớn, ba lô chống thấm nước dành cho nam đi công tác",False,False,48,,,,,,False,1.269,,0.0,False,False,False,False,,,
610952531380,bags,工厂直销代发小狐狸西北极双肩包pu二代防水背包学生书包电脑包,Nhà máy bán hàng trực tiếp thay mặt cho con cáo nhỏ Tây Bắc Cực ba lô chống thấm nước thế hệ thứ hai ba lô học sinh túi máy tính,False,False,,,,一件代发->nhận dropship / bỏ,,,False,1.107,,0.1,False,False,False,False,nhà máy|nhà sản xuất,,
919283098857,bags,旅游轻便男士双肩包新款韩版休闲防水背包女高中生大容量旅行书包,Balo nam nhẹ du lịch ba lô chống nước thường ngày phong cách Hàn Quốc mẫu mới cặp sách du lịch dung tích lớn dành cho nữ học sinh trung học,False,False,,,,,,,False,1.033,,0.07,False,True,False,False,,,
906190085987,bags,法国龙镶双肩包包大号尼龙折叠防水背包大容量饺子包男女通勤书包,Ba lô dát rồng Pháp lớn nylon có thể gập lại ba lô chống thấm nước dung tích lớn túi đựng bánh bao nam nữ đi lại túi đi học,False,False,,,,饺子包/包子包->túi dáng bánh bao (kiểm tra),,,False,1.0,,0.03,False,False,False,False,,,
861102024169,bags,新款男女双肩包帆布提花旅行包大容量百搭学生书包背包时尚刺绣包,Ba lô nam nữ mẫu mới túi du lịch vải bố hoa ba lô cặp sách học sinh dễ phối đồ sức chứa lớn túi thêu thời trang,False,False,,,,,,,False,0.933,,0.0,False,True,False,False,,,
925919327258,bags,女式防盗双肩包2025新款时尚软皮两用大容量旅行背包轻便通勤书包,"Ba lô chống trộm nữ thời trang mới 2025 chất liệu da mềm đa năng, dung tích lớn, nhẹ, thích hợp đi du lịch, đi học, đi làm",False,False,,,,,,,False,0.964,,0.0,False,False,True,False,,,
641538382302,bags,轻便网架户外包防泼水运动登山双肩包30L徒步背包,Ba lô đi bộ đường dài 30L,False,False,,,,,,,False,0.333,vi_qua_ngan,0.17,False,False,False,False,,,
843296817297,bags,跨境新款小双背小书包背包厂家男双肩包潮流包经典斜挎包儿童学生,Ba lô cặp sách nhỏ hai lưng mẫu mới xuyên biên giới ba lô ba lô nam túi thời trang túi đeo chéo cổ điển trẻ em học sinh,False,False,,,,,ba lô,,False,0.967,,0.0,False,False,False,False,xuyên biên giới,,
951210727130,bags,【厂家批发】2025外贸新款大容量双肩包时尚潮牌户外学生背包书包,[Bán buôn tại xưởng] Ba lô công suất lớn mới năm 2025 ngoại thương ba lô thời trang thương hiệu thời trang ngoài trời ba lô học sinh cặp sách,False,False,,,,,,[],False,1.115,,0.04,False,False,False,False,bán buôn,,
944683267236,bags,抽绳束口收纳袋篮球训练运动背包男女款户外旅行大容量轻便双肩包,Túi đựng dây rút dây rút bóng rổ huấn luyện thể thao ba lô nam nữ du lịch ngoài trời dung tích lớn ba lô nhẹ,False,False,,,,,dây rút,,False,0.867,,0.0,False,False,False,False,,,
964213783478,bags,潮牌AJ大容量新款飞人满天星双肩包男女学生书包情侣运动背包,Thương hiệu thời thượng AJ sức chứa lớn phong cách mới Ba lô Flying Man Gypsophila nam nữ học sinh cặp đôi ba lô thể thao,False,False,,,,,,,False,0.963,,0.17,False,True,False,False,,,
982784765319,bags,双肩包男士简约大容量旅行背包女休闲日系初中生高中大学生书包男,Ba lô nam đơn giản dung tích lớn du lịch ba lô nữ giản dị phong cách Nhật Bản học sinh trung học cơ sở học sinh trung học túi đi học nam,False,False,,,,,,,False,1.1,,0.06,False,False,True,False,,,
977310197163,bags,跨境外贸双肩包女包包新款潮欧美时尚豹纹女式小背包pu印花旅行包,Ba lô xuất khẩu xuyên biên giới Túi xách nữ mới hợp thời trang Châu Âu và Mỹ thời trang da báo Ba lô nhỏ nữ in hình túi du lịch,False,False,,,,,,,False,1.069,,0.17,False,False,True,False,xuyên biên giới,,
994623302423,bags,潮牌大小号奶包男女大容量学生背包休闲初高中校园书包运动电脑包,"Túi đựng sữa lớn và nhỏ thương hiệu hợp thời trang dành cho nam và nữ, ba lô học sinh sức chứa lớn, túi đi học phổ thông và trung học thông thường, túi đựng máy tính thể thao",False,False,,,,,,,False,1.3,,0.0,False,False,True,False,,,
718318527953,bags,书包女韩版原宿ulzzang高中学生背包男ins初中生大学生百搭双肩包,Balo nữ học sinh cấp 3 ulzzang Harajuku phong cách Hàn Quốc Ba Lô Nam học sinh cấp 2 Instagram dễ phối,False,False,,"2, 3",,,,,False,0.8,,0.37,False,False,True,False,,,
991659465958,bags,跨境商务双肩包男结实耐用大容量减负背包户外通勤中大学生书包,"Ba lô kinh doanh xuyên biên giới dành cho nam, ba lô giảm tải sức mạnh và bền bỉ, sức chứa lớn, túi đi học đi học ngoài trời dành cho học sinh trung học cơ sở",False,False,,,,,đi học,,False,1.276,,0.0,False,False,False,False,xuyên biên giới,,
830033740848,bags,BM同货源~美式棕色皮纹小双肩包复古pu软皮百搭单肩包包磁扣设计,"Cùng nguồn gốc như BM~ Ba lô nhỏ có họa tiết da màu nâu kiểu Mỹ, túi đeo vai đa năng bằng da mềm PU cổ điển với thiết kế khóa từ.",False,False,,,,,,~,False,1.185,,0.07,False,False,False,False,,,
921096668242,bags,sudakooo韩国代购 复古格子海星大容量双肩包背包,Ba lô ba lô sức chứa lớn sao biển kẻ sọc cổ điển mua sudakooo Hàn Quốc,False,False,,,,,ba lô,,False,0.944,,0.12,False,False,False,False,,,
937985316586,bags,2024新款印花双肩包潮搭网红大容量双肩包字母背包,Ba lô hai vai in hoa mẫu mới 2024 ba lô ba lô có dung tích lớn nổi tiếng trên mạng ba lô chữ cái,False,False,,,,,ba lô,,False,1.143,,0.0,False,False,False,False,,,
996915098315,bags,背包男士双肩包男PU编织新款时尚潮流大学生高中生初中生男生书包,Ba lô nam Ba lô nam PU dệt thời trang mới hợp thời trang sinh viên đại học học sinh trung học cơ sở học sinh trung học nam túi đi học,False,False,,,,,ba lô nam,,False,1.103,,0.03,False,False,False,False,,,
814191171471,bags,韩版ins书包女中学生大容量简约纯色背包初中高中大学生双肩包男,Ba lô nữ học sinh trung học phong cách Hàn Quốc instagram ba lô màu đơn giản dung tích lớn ba lô học sinh trung học phổ thông ba lô nam,False,False,,,,,,,False,1.107,,0.07,False,True,False,False,,,
975874913912,bags,潮牌复古鲨鱼双肩包春季新款PU男士休闲背包大容量多功能学生书包,Ba lô cá mập retro thương hiệu thời trang mùa xuân mới PU nam ba lô dung tích lớn đa chức năng học sinh học,False,False,,,,,,,False,0.862,,0.0,False,False,True,False,,,
854242797659,bags,跨境外贸双肩包女包包新款潮欧美时尚豹纹女式小背包pu印花旅行包,"Ba lô ngoại thương xuyên biên giới, ba lô nữ, ba lô nữ họa tiết da báo thời trang Âu Mỹ thời trang mẫu mới, túi du lịch in hoa pu",False,False,,,,,ba lô nữ,,False,1.069,,0.07,False,False,True,False,xuyên biên giới,,
975358043824,bags,潮牌字母双肩包大容量学生书包男女背包运动旅行电脑包户外高中生,Ba lô chữ thương hiệu hợp thời trang sức chứa lớn học sinh túi đi học nam nữ ba lô thể thao du lịch túi máy tính ngoài trời học sinh trung học,False,False,,,,,,,False,1.1,,0.0,False,True,False,False,,,
975514872228,bags,潮牌字母双肩包大容量学生书包男女背包运动旅行电脑包户外高中生,Ba lô chữ thương hiệu hợp thời trang sức chứa lớn học sinh túi đi học nam nữ ba lô thể thao du lịch túi máy tính ngoài trời học sinh trung học,False,False,,,,,,,False,1.1,,0.0,False,True,False,False,,,
929600184420,bags,皇马切尔西足球球迷周边小学生拜仁书包大容量双肩背包三件套,Real Madrid Chelsea CĐV bóng đá ngoại vi học sinh tiểu học cặp sách Bayern bộ ba lô dung tích lớn bộ ba lô,False,False,,,Real Madrid Chelsea,,,,False,0.857,,0.14,False,False,False,False,,,
988003402064,bags,适用Loro Piana L23.5双肩包内胆包内衬包撑袋中袋整理包超轻,Thích hợp cho Loro Piana L23.5 ba lô lót túi lót túi hỗ trợ túi trung bình túi tổ chức túi siêu nhẹ,False,False,,,,,lót túi,,False,1.15,,0.14,False,False,False,False,,,
920619849404,bags,sese 2色~THE COLDEST MOMENT韩国25春夏starfish海星牛仔双肩包,Sese 2 màu ~ Ba lô vải bò Starfish sao biển xuân hè 25 THE COLDEST MOMENT Hàn Quốc,False,False,,,,,,~,False,1.333,,0.33,False,False,False,False,,,
836490429216,bags,背包双肩包男款大容量休闲旅行双肩包简约商务通勤休闲包电脑背包,Ba lô ba lô nam ba lô du lịch thường ngày dung tích lớn ba lô đơn giản đi lại công sở ba lô máy tính,False,False,,,,,ba lô,,False,0.867,,0.0,False,False,False,False,,,
977774330739,bags,ELITE精英三代Air气垫男女大容量篮球背包健身旅行学生体育HM9965,ELITE Elite thế hệ thứ ba Air Air Cushion ba lô bóng rổ dung tích lớn dành cho nam và nữ tập thể dục du lịch thể thao sinh viên HM9965,False,False,,,Air Air Cushion,,,,False,1.348,,0.11,False,False,False,False,,,
937491302005,bags,廉航40*25*20登机包可加真空袋减负双肩背包减龄百搭双肩包航空女,"Túi xách du lịch cỡ nhỏ 40*25*20 của hãng hàng không giá rẻ, có tùy chọn túi hút chân không, ba lô nhẹ, ba lô đa năng chống lão hóa dành cho nữ.",False,False,,,,,,*,False,1.231,,0.0,False,False,False,False,,,
892132782391,bags,日系ins风爪爪派对系列双肩包毛绒包包大容量背包初高中学生书包,Ba lô đeo hai vai kiểu Nhật Ins Wind Claw Party Series sang trọng ba lô dung tích lớn cặp sách học sinh cấp 2 và cấp 3,False,False,,"2, 3",Ins Wind Claw Party Series,,,,False,0.929,,0.24,False,False,False,False,,,
705105223384,bags,纯色菱格车缝线铆钉时尚双肩包女2026质感韩版大容量简约女士背包,Balo nữ đơn giản dung lượng lớn phong cách Hàn Quốc họa tiết 2023,False,False,2026,2023,,,,,False,0.464,vi_qua_ngan,0.17,False,False,False,False,,,
744356768181,bags,2026新款欧美风复古PU软皮双肩包女士大容量旅行背包豹纹时尚女包,Ba lô da mềm PU cổ điển phong cách Âu Mỹ mẫu mới 2023 Ba lô nữ du lịch dung tích lớn Túi nữ thời trang họa tiết da báo,False,False,2026,2023,,,,,False,1.074,,0.15,False,False,False,False,,,
909058615981,bags,BUQLE @姐妹好看！紫啧~ins同款双肩包2026夏季百搭女包653245,"BUQLE @Sisters, bạn trông thật xinh! Túi xách nữ đa năng mùa hè màu tím~ins-style 2026 653245",False,False,,,,,,~,False,1.0,,0.07,False,False,False,False,,,
711876327524,bags,跨境健身训练包牛津布束口袋抽绳双肩包大容量旅游包篮球包篮球袋,Túi tập luyện thể hình xuyên biên giới Túi dây rút vải Oxford Ba Lô Túi du lịch sức chứa lớn Túi bóng rổ túi bóng rổ,False,False,,,,,túi bóng rổ,,False,0.9,,0.23,False,False,False,False,xuyên biên giới,,
665072446663,bags,男款双肩包男士背包双肩背包大容量电脑包礼品代发批发双肩包定制,"Ba lô nam, ba lô nam cỡ lớn, túi đựng máy tính dung tích lớn, giao hàng quà tặng, bán buôn ba lô, ba lô đặt may theo yêu cầu",False,False,,,,,ba lô nam,,False,1.0,,0.0,False,False,False,False,bán buôn,,
829536361824,bags,新款男士背包双肩包折叠卷口潮流时尚工装机能风旅行休闲双肩包男,"Ba lô nam mẫu mới, ba lô, ba lô nam, ba lô thời trang có thể gập lại, ba lô nam",False,False,,,,,ba lô,,False,0.7,,0.0,False,False,False,False,,,
719531309701,bags,跨境新款大容量商务双肩包男士电脑背包学生书包出差旅行包行李包,Ba lô công sở dung tích lớn mới xuyên biên giới ba lô máy tính nam cặp sách học sinh du lịch túi hành lý túi hành lý,False,False,,,,,túi hành lý,,False,0.933,,0.0,False,False,False,False,xuyên biên giới,,
815546410701,bags,书包女韩版原宿ulzzang高中学生背包男ins初中生大学生百搭双肩包,Balo nữ học sinh cấp 3 ulzzang Harajuku phong cách Hàn Quốc ba lô nam học sinh cấp 2 instagram dễ phối,False,False,,"2, 3",,,,,False,0.8,,0.16,False,False,True,False,,,
857391520709,bags,书包初高中学生书包男减负护脊三到六年级超大容量双肩包耐脏女生,"Cặp sách cặp sách học sinh cấp 2, cấp 3, cấp 3, cấp 3, cấp 6, ba lô siêu lớn, chống bẩn cho nữ sinh",False,False,,"2, 3, 3, 3, 6",,,cặp sách,,False,0.667,,0.0,False,False,False,False,,,
910071179286,bags,初中生书包休闲大容量轻便双肩背包6-9年级网红代发小学儿童书包,Cặp sách học sinh trung học cơ sở ba lô gọn nhẹ dung tích lớn thoải mái ba lô học sinh lớp 6-9 nổi tiếng trên mạng thay mặt học sinh tiểu học,False,False,,,,一件代发->nhận dropship / bỏ,,,False,1.143,,0.0,False,False,False,False,,,
934528150917,bags,跨境休闲双肩包男女高级感时尚背包防水电脑包大容量扩容旅行背包,Ba lô du lịch thoải mái xuyên biên giới ba lô thời trang cao cấp cho nam và nữ ba lô máy tính chống nước ba lô du lịch mở rộng công suất lớn,False,False,,,,,,,False,1.133,,0.0,False,True,False,False,xuyên biên giới,,
717685620288,bags,新款学院风背包双肩包女生 大容量休闲包双肩户外运动背包学生包,Ba lô Ba lô phong cách học đường mẫu mới Ba lô đeo hai vai Túi thường ngày dung tích lớn cho nữ Ba lô thể thao ngoài trời Ba Lô Túi học sinh,False,False,,,,,ba lô,,False,1.172,,0.21,False,False,False,False,,,
860871163387,bags,【厂家批发】2026外贸新款大容量双肩包 韩版时尚ins潮流情侣书包,"[Giá sỉ nhà sản xuất] Ba lô thời trang Hàn Quốc 2026, dung tích lớn, kiểu dáng mới, xu hướng hot, cặp đôi, balo học sinh",False,False,,,,,,[],False,1.042,,0.12,False,False,False,False,nhà máy|nhà sản xuất,,
923472272131,bags,运动双肩包SG恶搞鲨鱼辣妹学生透明大容潮牌背包休闲旅行书包,Ba lô thể thao ba lô ba lô hàng thời trang trong suốt cho học sinh hot girl cá mập giả SG cặp sách du lịch thường ngày,False,False,,,,,ba lô,,False,1.037,,0.0,False,False,False,False,,,
988338173176,bags,跨境新款户外登山包男女大容量多功能防水旅行徒步马甲背包双肩包,Túi leo núi ngoài trời mới xuyên biên giới dành cho nam và nữ dung tích lớn du lịch chống nước đa chức năng đi bộ đường dài ba lô ba lô,False,False,,,,,ba lô,,False,1.067,,0.0,False,False,False,False,xuyên biên giới,,
924211384880,bags,跨境女包新款豹纹单肩斜跨双肩多用背包灯芯绒大容量包包小众条绒,Túi nữ xuyên biên giới mẫu mới họa tiết da báo đeo chéo đeo chéo hai vai đa năng ba lô vải nhung kẻ túi dung tích lớn,False,False,,,,,đeo chéo,,False,0.933,,0.0,False,False,False,False,xuyên biên giới,,
994181782293,bags,25新款欧美男士翻盖双肩包大容量背包学生书包经典老花机场旅行包,25 Mới Châu Âu Và Mỹ Nam Lật Ba Lô Dung Tích Lớn Ba Lô Học Sinh Học Cổ Điển Presbyopic Sân Bay Du Lịch,False,False,,,,,,,False,0.828,,1.0,True,True,False,False,,,
848312423219,bags,双肩包大容量运动登山包男背包户外骑行多功能旅行出差旅游电脑包,Ba lô thể thao leo núi dung tích lớn ba lô nam đi xe đạp ngoài trời đa chức năng du lịch du lịch du lịch du lịch túi máy tính du lịch,False,False,,,,,du lịch,,False,1.1,,0.0,False,False,False,False,,,
672026865048,bags,男士双肩包男背包男韩版潮流大容量高中初中学生书包旅行包电脑包,Ba Lô Nam Ba Lô Nam Ba lô học sinh trung học phổ thông dung tích lớn trào lưu phong cách Hàn Quốc Túi Du Lịch Túi máy tính,False,False,,,,,ba lô nam,,False,0.967,,0.43,False,False,False,False,,,
969600117671,bags,25新款欧美男士翻盖双肩包大容量背包学生书包经典老花机场旅行包,25 Mới Châu Âu Và Mỹ Nam Lật Ba Lô Dung Tích Lớn Ba Lô Học Sinh Học Cổ Điển Presbyopic Sân Bay Du Lịch,False,False,,,,,,,False,0.828,,1.0,True,True,False,False,,,
918167759577,bags,时髦印花大容量2026新个性洋气时尚休闲PU女士背包旅行书包双肩包,"Ba lô nữ thời trang in họa tiết, dung tích lớn, kiểu dáng mới 2025, chất liệu PU, phong cách giản dị, du lịch, đi học, đeo chéo",False,False,2026,2025,,,,,False,1.0,,0.0,False,False,False,False,,,
945572245874,bags,北山狼户外轻便登山包男女款专业徒步运动旅行旅游书包背包双肩包,Túi leo núi gọn nhẹ ngoài trời Beishan Wolf dành cho nam và nữ chuyên nghiệp đi bộ thể thao du lịch du lịch ba lô ba lô,False,False,,,,,du lịch,,False,0.933,,0.07,False,False,False,False,,,
947071431190,bags,夏季2025新款大容量双肩包字母印花百搭宽双肩包包包背包迷你背包,Ba lô hai vai dung tích lớn mẫu mới mùa hè 2025 ba lô rộng dễ phối in chữ ba lô ba lô mini,False,False,,,,,ba lô,,False,0.821,,0.0,False,False,False,False,,,
787224020330,bags,新款女士双肩包韩版潮流百搭时尚牛津布双肩包休闲旅行女士小背包,Ba lô nữ mẫu mới ba lô vải oxford thời trang dễ phối thời trang phong cách Hàn Quốc ba lô nữ du lịch thường ngày,False,False,,,,,,,False,0.867,,0.08,False,False,True,False,,,
849995870956,bags,新款男女双肩包帆布提花旅行包大容量百搭学生书包背包时尚刺绣包,Ba lô nam nữ mẫu mới túi du lịch vải bố hoa ba lô cặp sách học sinh dễ phối đồ sức chứa lớn túi thêu thời trang,False,False,,,,,,,False,0.933,,0.0,False,True,False,False,,,
670182773593,bags,潮牌复古鲨鱼双肩包春季新款PU男士休闲背包大容量多功能学生书包,Balo hai vai cá mập cổ điển thương hiệu sành điệu Balo nam PU mẫu mới mùa xuân cặp sách học sinh đa năng sức chứa lớn,False,False,,,,,,,False,0.931,,0.04,False,False,True,False,,,
982784185486,bags,工厂直销代发 狐 狸西 北极 双肩包学生书包户外防水背包电脑包,"Bán buôn trực tiếp từ nhà máy và giao hàng Ba lô Fox West Arctic dành cho học sinh, sinh viên, đi học, ngoài trời, chống nước, đựng laptop",False,False,,,Fox West Arctic,,,,False,1.074,,0.14,False,True,True,False,"bán buôn, nhà máy|nhà sản xuất",,
764017155268,bags,背包双肩包男商务背包休闲户外学生书包女电脑背包印logo双肩背包,Ba lô ba lô ba lô nam công sở ba lô học sinh ngoài trời thoải mái ba lô máy tính nữ ba lô in logo,False,False,,,,,ba lô,,False,0.929,,0.0,False,False,False,False,,,
791001172242,bags,2024夏季新款潮酷铆钉朋克风女士双肩包时尚流行旅行可手提小背包,Ba lô nữ phong cách punk đinh tán sành điệu mẫu mới mùa hè 2024,False,False,,,,,,,False,0.5,vi_qua_ngan,0.0,False,False,False,False,,,
792768742532,bags,旅行登山包户外超大容量usb书包女 旅游出差行李双肩包背包男透气,Túi du lịch leo núi ngoài trời dung tích cực lớn USB đi học nữ du lịch đi công tác hành lý ba lô ba lô nam thoáng khí,False,False,,,,,ba lô,,False,1.036,,0.0,False,False,False,False,,,
831275838482,bags,潮牌大小号奶包男女大容量学生背包休闲初高中校园书包运动电脑包,Thương hiệu hợp thời trang túi sữa lớn và nhỏ dành cho nam và nữ ba lô học sinh dung tích lớn thông thường trường trung học cơ sở trường học túi đựng máy tính thể thao,False,False,,,,,,,False,1.233,,0.0,False,False,True,False,,,
794247576060,bags,飞人全色系男包女包年新款青少年运动包学生书包舒适休闲双肩包,Túi nam phong cách đầy màu sắc bay túi nữ túi thể thao thanh thiếu niên mẫu mới năm túi đi học ba lô thoải mái thoải mái cho học sinh,False,False,,,,,thoải mái,,False,1.069,,0.0,False,False,False,False,,,
921284688723,bags,经典花料双肩包2021women bags外贸包包女士背包韩版时尚学生书包,Balo hai vai chất liệu hoa kinh điển năm 2021 túi ngoại thương nữ ba lô cặp học sinh thời trang phong cách Hàn Quốc,False,False,,,,,,,False,1.043,,0.09,False,False,True,False,,,
979000671034,bags,潮流男士翻盖新款邮差单肩斜挎包潮牌高级时尚休闲大容量背包,Túi đeo chéo nam hợp thời trang mới Messenger đeo vai thương hiệu hợp thời trang thời trang cao cấp ba lô sức chứa lớn,False,False,,,,,thời trang,,False,0.893,,0.04,False,False,False,False,,,
870311350015,bags,厂家批发户外徒步登山背包男跨境多功能骑行旅游旅行运动背包女,Nhà sản xuất bán buôn ba lô leo núi đi bộ đường dài ngoài trời ba lô nam đi xe đạp đa chức năng xuyên biên giới du lịch du lịch ba lô thể thao nữ,False,False,,,,,du lịch,,False,1.241,,0.0,False,False,False,False,"bán buôn, xuyên biên giới, nhà máy|nhà sản xuất",,
893150405008,bags,7011#男士单肩包多功能手拿包长款钱包男包背包挎包,7011 # túi đeo vai nam đa chức năng ví dài túi nam ba lô túi đeo vai,False,False,,,,,,#,False,0.762,,0.0,False,False,False,False,,,
866955055331,bags,Loro包LP双肩包女2024新款时尚简约piana背包休闲旅游大容量书包,Balo Lloro Lp Balo Lp Balo nữ phong cách đơn giản thời trang mẫu mới 2024 cặp sách dung lượng lớn du lịch thường ngày,False,False,,,,,lp balo,,False,1.091,,0.22,False,False,False,False,,,
657386899260,bags,经典花料双肩包2021women bags外贸包包女士背包韩版时尚学生书包,Balo hai vai Chất liệu hoa cổ điển 2021 Nữ Túi Ngoại Thương Ba Lô Nữ Ba lô học sinh thời trang phong cách Hàn Quốc,False,False,,,,,,,False,1.087,,0.46,False,False,True,False,,,
592521611692,bags,女双肩包休闲初中高中学生书包韩版大容量多层旅行包轻便印花背包,Ba lô nữ thông thường dành cho học sinh trung học trung học và trung học Túi đi học phiên bản Hàn Quốc sức chứa lớn Túi du lịch nhiều lớp ba lô in nhẹ,False,False,,,,,trung học,,False,1.167,,0.12,False,False,False,False,,,
816381171127,bags,【生巧背包】超质感! 双肩包大容量单肩包2026年通勤新款包包小众,"【Ba lô Shengqiao】Chất lượng siêu đỉnh! Ba lô dung tích lớn, túi đeo vai đơn, túi đi làm mới 2026, phong cách độc đáo.",False,False,,,,,,【】,False,0.96,,0.13,False,False,False,False,,,
744934390381,bags,跨境旅行双肩包男女大容量高级感多功能行李背包短途出差旅游背包,Ba lô du lịch xuyên biên giới ba lô hành lý đa chức năng cảm giác cao cấp dung tích lớn cho nam và nữ ba lô du lịch du lịch ngắn ngày,False,False,,,,,du lịch,,False,1.1,,0.0,False,False,False,False,xuyên biên giới,,
749469184039,bags,跨境旅行双肩包女大容量超大轻便多功能行李背包短途出行差旅游包,Ba lô du lịch xuyên biên giới nữ ba lô hành lý đa chức năng nhẹ siêu lớn dung tích lớn,False,False,,,,,,,False,0.7,,0.0,False,True,False,False,xuyên biên giới,,
922936641103,bags,时尚流行拼色个性流行潮流豹纹设计质感斜挎包女单肩包女跨境批发,Thời trang thời trang phối màu cá tính xu hướng thời trang da báo thiết kế họa tiết túi đeo chéo nữ túi đeo vai nữ bán buôn xuyên biên giới,False,False,,,,,thời trang,,False,1.033,,0.0,False,False,False,False,"bán buôn, xuyên biên giới",,
777870876347,bags,云朵包女2026新款夏季包包大容量斜挎包饺子包时尚软皮腋下单肩包,Túi Cloud dành cho nữ 2026 túi mùa hè mới túi đeo chéo sức chứa lớn túi đựng bánh bao thời trang da mềm túi đeo vai nách,False,False,,,,饺子包/包子包->túi dáng bánh bao (kiểm tra),,,False,0.964,,0.04,False,False,False,False,,,
993584667751,bags,25bagHobo油蜡牛皮菱格链条抽绳水桶包腋下托特包大容量单肩C斜挎,"Túi đeo vai/chéo Hobo da sáp dầu may chần kiểu dây rút, dung tích lớn, đeo chéo/vách, kiểu dáng túi xách đeo vai",False,False,25,,,,,,False,1.0,,0.04,False,False,False,False,,,
934064801011,bags,跨境女包手提包大容量女名媛镶钻手拎包单肩斜挎晚宴包镶钻晚宴包,"Túi xách nữ xuyên biên giới, dung tích lớn, túi xách đính kim cương dành cho nữ, túi đeo vai, túi đeo chéo, túi dự tiệc, túi dự tiệc đính kim cương",False,False,,,,,túi dự tiệc,,False,1.067,,0.0,False,False,False,False,xuyên biên giới,,
878637270080,bags,潮牌新款巴溚信封包个性户外钓鱼包男女时尚工装小挎包休闲手机包,Túi phong bì phong bì Ba Thủy phong cách mới thương hiệu thời trang túi câu cá ngoài trời cá tính túi thời trang nam nữ túi đeo vai nhỏ túi đựng điện thoại thường ngày,False,False,,,,,phong bì,,False,1.2,,0.06,False,False,False,False,,,
747895916723,bags,跨境新款女包2023新款简约时尚菱格小香风单肩斜挎包小方包bags,Túi nữ mới xuyên biên giới 2023 mẫu mới đơn giản thời trang phong cách kim cương túi đeo chéo một vai túi vuông nhỏ bags,False,False,,,,,,,False,1.0,,0.0,False,False,True,False,xuyên biên giới,,
923442716538,bags,高级感包包女2025新款法棍包复古手提腋下包洋气少女单肩斜挎小包,Túi cảm giác cao cấp túi nữ kiểu Pháp mẫu mới 2025 túi xách tay xách tay cổ điển túi nhỏ đeo chéo một vai thiếu nữ kiểu tây,False,False,,,,,xách tay,,False,1.0,,0.04,False,False,False,False,,,
941129845882,bags,严选编织女包法棍包晚宴包风琴包时尚手拿单肩斜挎包时尚斜挎包,"Túi xách nữ được tuyển chọn kỹ lưỡng, bao gồm túi baguette, túi dự tiệc, túi accordion, túi cầm tay thời trang, túi đeo vai, túi đeo chéo, túi đeo chéo sành điệu.",False,False,,,,,túi đeo chéo,,False,1.138,,0.0,False,False,False,False,,,
922185137709,bags,手提包bag新款石头纹子母包纯色潮流设计外贸台州女包跨境bags,Túi xách túi xách mẫu mới hoa văn đá túi mẹ con màu trơn thiết kế hợp thời trang ngoại thương túi nữ Thái Châu xuyên biên giới túi xách,False,False,,,,,túi xách,,False,1.2,,0.07,False,False,False,False,xuyên biên giới,,
718544591251,bags,ladies bag2026新款山茶花菱格链条盒子小包包女夏迷你单肩斜挎包,"Túi xách nữ 2026 mẫu mới hoa trà thêu nổi, túi hộp nhỏ đeo chéo, túi mini mùa hè dành cho nữ",False,False,,,,,,,False,0.913,,0.0,False,False,True,False,,,
863176692075,bags,pu洋气包包大容量女2025秋冬新款时尚单肩包小众通勤复古托特包潮,"Túi xách nữ PU thời trang, dung tích lớn, mẫu mới thu đông 2025, kiểu đeo vai, phong cách độc đáo, thích hợp đi làm, kiểu tote retro, hợp xu hướng",False,False,,,,,,,False,1.111,,0.0,False,False,True,False,,,
910899851098,bags,新款跨境镶钻手拿包包流苏晚装包生日婚礼宴会单肩斜挎晚宴包包,Túi clutch đính kim cương xuyên biên giới mẫu mới túi đeo chéo túi dạ hội túi dạ hội đeo chéo một bên vai tiệc cưới sinh nhật,False,False,,,,,túi dạ hội,,False,0.966,,0.0,False,False,False,False,xuyên biên giới,,
742443884119,bags,纯色简约大容量2024秋冬季新款韩版简约单肩斜挎包子母包饺子包潮,Túi đeo chéo một bên vai đơn giản phong cách Hàn Quốc mẫu mới thu đông 2024 đơn giản màu trơn túi bánh bao sành điệu,False,False,,,,饺子包/包子包->túi dáng bánh bao (kiểm tra),,,False,0.893,,0.08,False,False,False,False,,,
902176747010,bags,新品Demellier翅膀包纽约包时尚饺子包手提大容量托特包百搭女包,Túi đôi cánh Demellier hàng mới túi New York túi bánh bao thời trang túi tote dung tích lớn xách tay túi nữ dễ phối đồ,False,False,,,,饺子包/包子包->túi dáng bánh bao (kiểm tra),,,False,1.04,,0.12,False,False,False,False,,,
989907191869,bags,防水牛津布大容量饺子包斜挎包女小众新百搭休闲动风肩包潮,Túi đựng bánh bao vải Oxford chống thấm nước dung tích lớn Túi đeo chéo nữ thích hợp mới đa năng thông thường năng động xu hướng túi đeo vai,False,False,,,,饺子包/包子包->túi dáng bánh bao (kiểm tra),,,False,1.111,,0.07,False,False,False,False,,,
861581310329,bags,牛皮纹托特包台州女包ladiesbag单肩斜挎包质感手提包BEHtotebags,"Túi tote họa tiết da bò, túi nữ Taizhou, túi đeo chéo một bên vai, túi xách có vân, túi xách BEHtotebags",False,False,,,,,,,False,1.1,,0.1,False,True,False,False,,,
910022206656,bags,【跨境】JW PEI饺子包2024新款Hana大小号女士单肩斜挎包手提包包,[Xuyên biên giới] Túi bánh bao JW PEI Túi xách đeo vai nữ cỡ lớn nhỏ Hana mẫu mới 2024 Túi xách tay,False,False,,,,饺子包/包子包->túi dáng bánh bao (kiểm tra),,[],False,1.048,,0.21,False,False,False,False,xuyên biên giới,,
964761255082,bags,牛皮纹托特包台州女包ladiesbag单肩斜挎包质感手提包BEHtotebags,"Túi tote họa tiết da bò, túi nữ Taizhou, túi đeo chéo một bên vai, túi xách có vân, túi xách BEHtotebags",False,False,,,,,,,False,1.1,,0.1,False,True,False,False,,,
815180696364,bags,子母包bag新款厂家女包大气手提包子母包三件套潮流大气包包bags,Túi mẹ con mẫu mới nhà sản xuất túi xách nữ túi xách sành điệu túi mẹ con bộ ba món túi sành điệu hợp thời trang,False,False,,,,,,,False,1.038,,0.0,False,False,True,False,nhà máy|nhà sản xuất,,
852133596532,bags,包包女单肩包石头纹斜挎女包2022春季新款压花纯色小方包跨境批发,Túi nữ đeo vai túi đeo chéo họa tiết đá túi nữ mùa xuân 2022 mẫu mới nổi màu tinh khiết túi vuông nhỏ bán buôn xuyên biên giới,False,False,,,,,,,False,1.0,,0.0,False,False,True,False,"bán buôn, xuyên biên giới",,
673308007004,bags,香港MackJhosel PU小众复古帆布法棍腋下包女秋夏新款单肩包,Túi Đeo Vai Nữ Mẫu Mới mùa thu hè,False,False,,,,,,,False,0.429,vi_qua_ngan,0.62,True,False,False,False,,,
838858956357,bags,【跨境专供】小众编织单肩风琴包时尚横款手拿包百搭女士斜跨包,[Dành riêng cho xuyên biên giới] Túi nội tạng một vai dệt thích hợp Túi cầm tay ngang thời trang Túi đeo chéo nữ phù hợp,False,False,,,,,,[],False,0.963,,0.12,False,False,False,False,xuyên biên giới,,
928579543193,bags,2026跨境新款小方包简约系牛津布纯色百搭女包出行便捷斜挎单肩包,Túi đeo chéo nữ nhỏ hình vuông thời trang 2025 chất liệu vải Oxford đơn sắc đa năng tiện lợi du lịch,False,False,2026,2025,,,,,False,0.75,,0.05,False,False,False,False,,,
985560508402,bags,跨境潮流韩版手提包女包2025秋新款拼接轻奢小方包百搭休闲饺子包,"Túi xách nữ Hàn Quốc thời trang xuyên biên giới, mẫu mới thu 2025, phối màu nhẹ nhàng sang trọng, kiểu vuông nhỏ, đa năng, phong cách giản dị, kiểu túi bánh bao",False,False,,,,饺子包/包子包->túi dáng bánh bao (kiểm tra),,,False,1.143,,0.06,False,False,False,False,xuyên biên giới,,
752960812421,bags,包包女2026真皮女包大容量小方包软皮头层牛皮斜挎托特包通勤必备,Túi xách nữ 2025 da thật túi xách nữ dung tích lớn túi vuông nhỏ da mềm da bò lớp đầu tiên túi đeo chéo cần thiết cho việc đi lại,False,False,2026,2025,,,,,False,1.071,,0.0,False,False,False,False,,,
707373222541,bags,小包包高级感珍珠手提包包女2026新款迷你链条单肩斜挎小包饺子包,"Túi nhỏ cao cấp, túi xách ngọc trai dành cho nữ, mẫu mới 2026, túi đeo chéo mini dây xích, túi bánh bao.",False,False,,,,饺子包/包子包->túi dáng bánh bao (kiểm tra),,,False,0.786,,0.0,False,False,False,False,,,
930985346569,bags,跨境批发软皮女包头层牛皮小包包2024新款潮时尚宽肩带单肩斜挎包,Bán buôn xuyên biên giới túi nữ da mềm lớp đầu tiên túi nhỏ bằng da 2024 túi đeo vai rộng thời trang thời trang mới túi đeo chéo một bên vai,False,False,,,,,thời trang,,False,1.107,,0.0,False,False,False,False,"bán buôn, xuyên biên giới",,
891833585685,bags,两件套大容量女士包包2025新款子母包小众手提包女通勤女包bags,Bộ hai chiếc túi nữ dung tích lớn túi mẹ con mẫu mới năm 2025 túi xách nữ túi xách nữ đi làm túi xách nữ,False,False,,,,,túi xách nữ,,False,1.0,,0.0,False,False,False,False,,,
987343328454,bags,pu洋气包包大容量女2025秋冬新款时尚单肩包小众通勤复古托特包潮,"Túi xách nữ PU thời trang cỡ lớn mùa thu đông 2025, túi đeo vai mới thời thượng, túi tote retro phong cách, hợp xu hướng",False,False,,,,,,,False,0.926,,0.0,False,False,True,False,,,
920928865686,bags,包包女包今年新款流行时尚都市优雅小方包简约斜挎洋气潮搭女士包,"Túi xách, túi nữ, túi vuông nhỏ thanh lịch thành thị thời trang thời trang mới năm nay, túi đeo chéo đơn giản, túi nữ hợp thời trang kiểu tây",False,False,,,,,thời trang,,False,1.0,,0.0,False,False,False,False,,,
981561904510,bags,子母包三件套单肩女斜挎包2025厂家爆款新款手提女士大包包bags,"Bộ ba túi mẹ chồng, túi đeo chéo nữ một bên vai, mẫu mới hot của nhà sản xuất năm 2025, túi xách nữ cỡ lớn.",False,False,,,,,,,False,1.0,,0.0,False,True,False,False,nhà máy|nhà sản xuất,,
926163173446,bags,小巧女士斜挎包便携时尚手提包百搭饺子包复古潮流轻奢小包包跨境,Túi đeo chéo nữ nhỏ gọn túi xách xách tay thời trang dễ phối túi bánh bao túi nhỏ sang trọng nhẹ xu hướng cổ điển xuyên biên giới,False,False,,,,饺子包/包子包->túi dáng bánh bao (kiểm tra),,,False,0.967,,0.0,False,False,False,False,xuyên biên giới,,
673450253779,bags,亚马逊热销镶钻亮晶晶抽带手提小水桶包高质感斜挎小包潮 晚宴包,Amazon bán chạy nạm kim cương lấp lánh dây rút xách tay túi nhỏ túi nhỏ đeo chéo chất lượng cao túi nhỏ hợp thời trang,False,False,,,,,túi nhỏ,,False,0.897,,0.0,False,False,False,False,amazon|temu|shein|tiktok,,
778847111255,bags,小香风CF腋下链条包新款菱格单肩包时尚百搭女包经典高级感斜挎包,Túi dây xích nách CF phong cách Xiaoxiangfeng túi đeo vai hình thoi mẫu mới túi nữ thời trang dễ phối đồ túi đeo chéo cao cấp cổ điển,False,False,,,,,,,False,1.0,,0.04,False,True,False,False,,,
923248516181,bags,D家马鞍包单肩斜挎手提包简约休闲2025新款女包单肩斜挎手提包,"Túi đeo chéo nữ D family đơn giản, thời trang, mới năm 2025",False,False,,,,,,,False,0.462,vi_qua_ngan,0.09,False,False,False,False,,,
1043561115166,bags,2026新款Polèn真皮马鞍包女高级感通勤单肩斜挎包小众设计感腋下,2026新款Polèn真皮马鞍包女高级感通勤单肩斜挎包小众设计感腋下,True,True,,,,,,,False,0.04,vi_qua_ngan,0.0,False,False,False,False,,,
903436802495,bags,新款流行韩版单肩包腋下包饺子包潮流款通勤百搭女包女士手提包包,"Túi đeo chéo Hàn Quốc thời trang mới, túi bánh bao đeo nách, túi xách nữ đa năng, thời trang, tiện dụng.",False,False,,,,饺子包/包子包->túi dáng bánh bao (kiểm tra),,,False,0.733,,0.1,False,False,False,False,,,
828058836639,bags,【严选工厂】行李箱女拉杆大容量箱新20登机男密码耐用皮箱子拉链,[Nhà máy được lựa chọn chặt chẽ] Hành lý Xe đẩy nữ Hộp đựng dung tích lớn Mới 20 Mật khẩu nam nội trú Bao da bền Dây kéo,False,False,,,,,,[],False,1.037,,0.26,False,False,False,False,nhà máy|nhà sản xuất,,
777206574457,bags,新款复古行李箱女万向轮拉杆箱男学生耐用密码箱旅行箱子大容量潮,Vali nữ cổ điển mẫu mới hộp đựng xe đẩy bánh xe đa năng hộp mật khẩu bền cho nam sinh hộp du lịch dung tích lớn sành điệu,False,False,,,,密码箱/密码锁->vali khóa số / khóa số,,,False,0.967,,0.0,False,True,True,False,,,
900655207442,bags,新款行李箱24寸学生三七开密码箱结实耐用大容量旅行箱28寸拉杆箱,"Vali hành lý kiểu mới 24inch dành cho học sinh, vali bền chắc có khóa mật khẩu, dung tích lớn, vali du lịch 28inch có cần kéo.",False,False,,,,密码箱/密码锁->vali khóa số / khóa số,,,False,0.964,,0.0,False,False,False,False,,,
916687371852,bags,新款复古行李箱女万向轮拉杆箱男学生耐用密码箱旅行箱子大容量潮,"Vali du lịch retro mới có bánh xe xoay 360 độ dành cho nữ, vali bền chắc có khóa mật khẩu dành cho nam sinh, vali du lịch dung tích lớn và thiết kế thời trang.",False,False,,360,,密码箱/密码锁->vali khóa số / khóa số,,,False,1.167,,0.0,False,False,True,False,,,
827202960233,bags,【严选工厂】大容量行李箱拉杆箱男万向轮26旅行箱静音24铝框密码,[Nhà máy đã chọn] Hộp đựng xe đẩy vali dung tích lớn Bánh xe nam đa năng 26 Vali Im lặng 24 Khung nhôm Mật khẩu,False,False,,,,,,[],False,0.923,,0.26,False,False,False,False,nhà máy|nhà sản xuất,,
917550281821,bags,新款复古行李箱女万向轮拉杆箱男学生耐用密码箱旅行箱子大容量潮,Vali nữ cổ điển mẫu mới hộp đựng xe đẩy bánh xe đa năng hộp mật khẩu bền cho nam sinh hộp du lịch dung tích lớn sành điệu,False,False,,,,密码箱/密码锁->vali khóa số / khóa số,,,False,0.967,,0.0,False,True,True,False,,,
936535727830,bags,新款复古行李箱女万向轮拉杆箱男学生耐用密码箱旅行箱子大容量潮,Mới Retro Vali Nữ Đa Năng Bánh Xe Đẩy Ốp Lưng Sinh Viên Nam Bền Mật Khẩu Hộp Du Lịch Dung Tích Lớn Hợp Thời Trang,False,False,,,,,,,False,0.867,,1.0,True,True,True,False,,,
985905910887,bags,PP防爆三件套行李箱男女旅行箱万向轮拉杆箱学生密码箱耐用登机箱,"Vali ba mảnh chống cháy nổ PP, vali nam nữ, vali xe đẩy bánh xe đa năng, hộp mật khẩu học sinh, vali lên máy bay bền",False,False,,,,密码箱/密码锁->vali khóa số / khóa số,,,False,0.931,,0.0,False,False,False,False,,,
989701505714,bags,宽拉杆行李箱新款铝框拉杆箱密码箱大容量静音多功能万向轮旅行箱,Vali xe đẩy rộng khung nhôm mới hộp đựng xe đẩy mật khẩu hộp mật khẩu công suất lớn im lặng đa chức năng vali bánh xe đa năng,False,False,,,,密码箱/密码锁->vali khóa số / khóa số,,,False,0.967,,0.0,False,False,False,False,,,
909248893105,bags,2025新款小清新时尚多功能行李箱女旅行箱学生拉杆箱轻音轮密码箱,Hành lý đa chức năng thời trang tươi mới mẫu mới 2025 vali du lịch nữ vali xe đẩy học sinh hộp mật khẩu bánh xe âm thanh nhẹ,False,False,,,,密码箱/密码锁->vali khóa số / khóa số,,,False,1.0,,0.0,False,False,False,False,,,
988252326580,bags,行李箱新款密码箱结实耐用大容量超大万向轮男女学生多功能旅行箱,Hành lý hộp mật khẩu mới chắc chắn và bền bỉ sức chứa lớn cực lớn vali đa năng dành cho nam và nữ sinh viên,False,False,,,,密码箱/密码锁->vali khóa số / khóa số,,,False,0.867,,0.0,False,False,False,False,,,
965270286464,bags,大容量旅行箱牛津布拉杆箱男女行李箱多口袋密码箱结实皮箱子收纳,"Vali cỡ lớn Vali Oxford có bánh xe kéo dành cho nam và nữ, nhiều ngăn, hộp mật khẩu, chất liệu da chắc chắn, tiện dụng để cất giữ đồ",False,False,,,,密码箱/密码锁->vali khóa số / khóa số,,,False,1.0,,0.07,False,False,False,False,,,
951058246265,bags,行李箱新款男拉杆箱密码箱子万向轮女学生大容量结实耐用旅行皮箱,Hành Lý Phong Cách Mới Nam Xe Đẩy Hộp Mật Khẩu Đa Năng Bánh Xe Nữ Sinh Viên Dung Tích Lớn Mạnh Mẽ Và Bền Đẹp Vali Du Lịch,False,False,,,,密码箱/密码锁->vali khóa số / khóa số,,,False,0.967,,1.0,True,False,False,False,,,
871440017636,bags,14寸小型拉杆行李箱20*30*40春秋/西部航空旅行登箱密码箱免托运,Hành lý xe đẩy nhỏ 14 inch 20*30*40 Spring/West Air Travel Hộp mật khẩu Miễn phí ký gửi,False,False,,,Spring West Air Travel,密码箱/密码锁->vali khóa số / khóa số,,*,False,0.708,,0.38,False,False,False,False,,,
776172979893,bags,超大行李箱大容量26寸抗摔旅行箱24寸小拉杆箱20寸密码登机箱皮箱,Vali cực lớn dung tích lớn vali chống rơi 26inch hộp đựng xe đẩy nhỏ 20inch vali lên máy bay mật khẩu,False,False,24,,,,,,False,0.815,,0.0,False,False,False,False,,,
824055318156,bags,【邮政】行李箱新款大容量铝框拉杆箱学生万向轮男女旅行箱密码箱,"[Bưu điện] Hành lý, hộp đựng xe đẩy khung nhôm dung tích lớn mới, hộp đựng xe du lịch nam nữ bánh xe đa năng cho học sinh",False,False,,,,,,[],False,1.0,,0.04,False,False,False,False,,,
816493505881,bags,行李箱拉杆箱铝框旅行箱万向轮24女学生26潮流密码皮箱子登机箱,"Vali khung nhôm, vali du lịch có bánh xe xoay 360 độ, vali 24 inch dành cho nữ sinh, vali da khóa mật khẩu thời trang 26 inch, vali xách tay.",False,False,,360,,密码箱/密码锁->vali khóa số / khóa số,,,False,1.037,,0.0,False,False,False,False,,,
738945362014,bags,加厚大容量行李箱100寸超大号旅行箱女学生密码拉杆箱男厂家直销,Vali dày công suất lớn Vali du lịch siêu lớn 100 inch nữ sinh túi đựng xe đẩy nam xưởng bán hàng trực tiếp,False,False,,,,,,,False,0.821,,0.05,False,True,False,False,,,
828478327339,bags,全铝镁合金密码箱女拉杆箱男万向轮旅行箱20寸行李箱登机箱铝框箱,Hộp mật khẩu hợp kim nhôm-magiê hộp đựng xe đẩy nữ hộp đựng xe lăn đa năng nam hộp đựng hành lý 20 inch hộp khung nhôm,False,False,,,,密码箱/密码锁->vali khóa số / khóa số,,,False,0.931,,0.0,False,True,True,False,,,
730121672400,bags,手提行李箱14寸化妆箱子节日伴手礼小型迷你旅行密码箱收纳包批发,Hành lý xách tay Hộp trang điểm 14 inch Quà lưu niệm ngày lễ Hộp mật khẩu du lịch mini nhỏ Bán buôn túi lưu trữ,False,False,,,,密码箱/密码锁->vali khóa số / khóa số,,,False,0.862,,0.17,False,False,False,False,bán buôn,,
901496576211,bags,行李箱20寸拉杆箱万向轮24寸男学生26登机密码皮箱子28旅行箱,Vali hành lý 20inch có bánh xe đa năng 24inch vali da khóa mật khẩu dành cho nam sinh viên 26 inch vali du lịch 28 inch,False,False,,,,密码箱/密码锁->vali khóa số / khóa số,,,False,1.042,,0.0,False,False,False,False,,,
943759542775,bags,多功能行李箱女学生密码箱大容量韩版前置挂钩款旅行箱2025新款潮,"Hành lý đa chức năng, hộp mật khẩu nữ sinh, vali kiểu móc trước phong cách Hàn Quốc dung tích lớn, mẫu mới 2025 thời trang",False,False,,,,密码箱/密码锁->vali khóa số / khóa số,,,False,0.893,,0.08,False,False,False,False,,,
737998000864,bags,行李箱结实耐用旅行箱女铝框密码箱男加厚拉杆箱学生皮箱厂家批发,Vali mạnh mẽ và bền đẹp Vali du lịch nữ khung nhôm hộp mật khẩu nam dày dặn hộp đựng xe đẩy học sinh nhà máy bán buôn,False,False,,,,密码箱/密码锁->vali khóa số / khóa số,,,False,0.933,,0.04,False,False,False,False,"bán buôn, nhà máy|nhà sản xuất",,
709142066262,bags,行李箱20寸登机拉杆箱女万向轮24寸男学生26寸密码箱旅行箱皮箱子,Vali hành lý 20inch Vali xách tay có bánh xe đa năng dành cho nữ 24inch nam sinh viên 26inch Vali khóa mật khẩu Vali du lịch Vali da,False,False,,,,密码箱/密码锁->vali khóa số / khóa số,,,False,1.074,,0.14,False,False,False,False,,,
947544573981,bags,新款ANA全日空前置开口箱超轻拉杆箱静音万向轮旅行行李箱密码箱,Mới ANA All Nippon Airways phía trước hộp mở siêu nhẹ xe đẩy im lặng bánh xe đa năng vali du lịch mật khẩu hộp,False,False,,,All Nippon Airways,,,,False,0.893,,0.13,False,False,False,False,,,
948726442036,bags,新款充电密码箱旅行箱行李箱男女万向轮拉杆箱大容量韩版潮流箱子,"Vali khóa mật khẩu sạc điện tử kiểu mới, bánh xe xoay 360 độ, dành cho nam và nữ, dung tích lớn, phong cách Hàn Quốc thời thượng.",False,False,,360,,密码箱/密码锁->vali khóa số / khóa số,,,False,0.9,,0.08,False,False,False,False,,,
976698233912,bags,卡通儿童行李箱18寸密码锁万向轮旅行箱男女通用可登机学生拉杆箱,Hoạt Hình Trẻ Em Vali 18inch Khóa Mật Khẩu Đa Năng Bánh Xe Vali Unisex Boardable Sinh Viên Xe Đẩy Ốp Lưng,False,False,,,,密码箱/密码锁->vali khóa số / khóa số,,,False,0.759,,0.95,True,False,False,False,,,
625236376974,bags,【巨结实】爱立行升级版行李箱高颜值旅行箱好质量拉杆箱商务定制,【Siêu bền】Phiên bản nâng cấp của Ailixing Vali du lịch chất lượng cao Vali du lịch chất lượng tốt Tùy chỉnh dành cho doanh nghiệp,False,False,,,,,,【】,False,0.929,,0.2,False,False,False,False,,,
716325399120,bags,超大容量行李箱ins网红女旅行箱潮流皮箱拉杆箱静音万向轮32寸箱,Vali sức chứa cực lớn ins Internet người nổi tiếng vali nữ vali da xu hướng vali xe đẩy vỏ im lặng bánh xe đa năng hộp 32inch,False,False,,,,网红->nổi tiếng trên mạng / hot trend,,,False,1.037,,0.04,False,False,False,False,,,
930412033901,bags,30寸行李箱女结实耐用拉杆箱学生20寸旅行登机箱男大容量密码箱,"Hành lý 30 inch cho nữ, hộp đựng xe đẩy bền chắc, trường hợp du lịch 20 inch cho học sinh, hộp mật khẩu dung tích lớn cho nam",False,False,,,,密码箱/密码锁->vali khóa số / khóa số,,,False,1.0,,0.0,False,False,False,False,,,
989328661230,bags,新款行李箱学生拉杆箱行李箱20寸密码箱男女结实耐用万向轮旅行箱,Vali Mới Sinh Viên Xe Đẩy Vali 20inch Hộp Mật Khẩu Cho Nam Và Nữ Mạnh Mẽ Và Bền Đẹp Vali Bánh Xe Đa Năng,False,False,,,,密码箱/密码锁->vali khóa số / khóa số,,,False,0.862,,0.96,True,False,False,False,,,
935950351159,bags,超大复古行李箱女学生万向轮拉杆箱加厚特大密码箱巨能装旅行箱,Hành lý cổ điển siêu lớn hộp xe đẩy bánh xe đa năng nữ sinh hộp mật khẩu cực lớn dày,False,False,,,,密码箱/密码锁->vali khóa số / khóa số,,,False,0.724,,0.0,False,False,False,False,,,
859586704631,bags,【非活动】铝框行李箱结实耐用拉杆箱万向轮旅行箱大容量密码箱,"[Không hoạt động] Hành lý khung nhôm chắc chắn và bền, hộp đựng xe đẩy, hộp đựng bánh xe đa năng, hộp mật khẩu dung tích lớn",False,False,,,,密码箱/密码锁->vali khóa số / khóa số,,[],False,1.0,,0.04,False,False,False,False,,,
673577107464,bags,小熊手提箱伴手礼化妆箱登机14寸迷你小行李箱卡通便携密码箱儿童,Vali Gấu Nhỏ Hộp Đựng Đồ Trang Điểm Để Lên Máy Bay 14inch Vali Khóa Mật Khẩu Di Động Hoạt Hình Mini Cho Trẻ Em,False,False,,,,密码箱/密码锁->vali khóa số / khóa số,,,False,0.862,,0.96,True,False,False,False,,,
666730808299,bags,方形大眼人拉杆箱卡通万向轮儿童蛋壳密码行李箱18寸书包旅行箱,"Vali hoạt hình nhân vật mắt to hình vuông có bánh xe xoay 360 độ, vali mật khẩu vỏ trứng cho trẻ em, ba lô vali du lịch.",False,False,18,360,,,,,False,0.964,,0.0,False,False,False,False,,,
658634184615,bags,行李箱14寸化妆箱旅行箱女16小熊迷你密码箱手提包礼盒批发轻便,Vali đựng đồ du lịch 14inch hộp đựng mỹ phẩm vali du lịch nữ 16-inch mini hình gấu hộp mật khẩu túi xách hộp quà tặng bán buôn trọng lượng nhẹ,False,False,,,,密码箱/密码锁->vali khóa số / khóa số,,,False,1.148,,0.0,False,False,False,False,bán buôn,,
916802513665,bags,铝框硬行李箱跨境新款密码箱前开盖登机箱20寸多功能旅行箱拉杆箱,"Vali cứng khung nhôm, mẫu mới xuyên biên giới, vali khóa mật khẩu, vali xách tay mở phía trước, vali du lịch đa năng 20inch ngăn, vali kéo.",False,False,,,,密码箱/密码锁->vali khóa số / khóa số,,,False,0.966,,0.0,False,False,False,False,xuyên biên giới,,
589018053181,bags,行李箱铝框登机箱拉杆箱20/24/28寸三件套装旅行箱密码箱厂家批发,"Vali hành lý khung nhôm, vali xách tay, vali kéo, bộ ba vali 20/24/ 28inch inch, vali du lịch, vali khóa mật khẩu, nhà sản xuất bán buôn",False,False,,,,密码箱/密码锁->vali khóa số / khóa số,,,False,1.038,,0.0,False,False,False,False,"bán buôn, nhà máy|nhà sản xuất",,
877824549948,bags,【严选工厂】2025宽拉杆前开盖行李箱女20寸前置开口万向轮拉杆,[Nhà máy được lựa chọn cẩn thận] Hành lý mở phía trước thanh giằng rộng 2025 nữ thanh giằng bánh xe đa năng 20 inch mở trước,False,False,,,,,,[],False,1.042,,0.04,False,False,False,False,nhà máy|nhà sản xuất,,
864286181999,bags,【顺丰包邮】学生大容量拉杆箱万向轮旅行箱密码箱男女行李箱耐用,[SF Express] Hộp đựng xe đẩy dung tích lớn cho học sinh,False,False,,,,,,[],False,0.429,vi_qua_ngan,0.1,False,False,False,False,,,
742905003832,bags,新款宽拉杆行李箱女学生高颜值静音轮密码旅行箱小清新20寸登机箱,Vali xe đẩy rộng mẫu mới Vali du lịch mã bánh xe im lặng giá trị cao cho nữ sinh,False,False,20,,,,,,False,0.69,,0.05,False,False,False,False,,,
632288645406,bags,明星拉杆箱大容量运动结实行李箱学生女旅行箱加厚男32寸皮箱批发,"Vali kéo kiểu sao, sức chứa lớn, hành lý thể thao bền bỉ, vali du lịch nữ sinh viên, vali nam dày dặn, vali da bán buôn.",False,False,32,,,,,,False,0.931,,0.0,False,False,False,False,bán buôn,,
1001659294692,bags,子母箱碳纤维宽拉杆行李箱印花24寸登机密码箱旅行箱定制图案logo,"Vali kéo rộng bằng sợi carbon in logo tùy chỉnh, dùng làm hành lý xách tay và vali du lịch.",False,False,24,,,,,,False,0.741,,0.0,False,False,False,False,,,
789670731850,bags,行李箱拉杆箱结实耐用拉链男铝框旅行箱女学生商务防刮耐磨密码箱,Vali Vali Vali Vali Vali nam khung nhôm khóa kéo bền chắc Vali nữ sinh nữ công sở Chống Xước Chống mài mòn,False,False,,,,,vali vali,,False,0.767,,0.36,False,False,False,False,,,
946304849859,bags,新款宽拉杆行李箱铝框结实耐用大容量多功能旅行箱学生静音密码箱,"Vali xe đẩy rộng mới có khung nhôm, chắc chắn và bền bỉ, sức chứa lớn, vali đa năng, hộp mật khẩu im lặng dành cho sinh viên",False,False,,,,密码箱/密码锁->vali khóa số / khóa số,,,False,0.933,,0.0,False,False,False,False,,,
706865151343,bags,28寸超轻大容量拉杆行李箱30寸密码箱24寸静音万向轮拉链旅行箱子,28inch Vali xe đẩy siêu nhẹ dung tích lớn 30inch Vali khóa mật khẩu 24inch Vali du lịch có khóa kéo bánh xe đa năng im lặng,False,False,,,,密码箱/密码锁->vali khóa số / khóa số,,,False,1.0,,0.12,False,False,False,False,,,
677429622533,bags,14寸手提箱子旅行箱小行李箱伴手礼卡通收纳化妆包密码箱登机箱,"14inch Vali du lịch, vali hành lý nhỏ, túi đựng đồ trang điểm hình hoạt hình lưu niệm, vali khóa mật khẩu, vali xách tay.",False,False,,,,密码箱/密码锁->vali khóa số / khóa số,,,False,0.893,,0.04,False,False,False,False,,,
904874527722,bags,学生行李箱结实超大耐用拉杆箱新款旅行箱男女密码箱万向轮,"Hành lý học sinh mạnh mẽ, siêu bền, vali du lịch kiểu mới, hộp mật khẩu nam nữ, bánh đa năng",False,False,,,,密码箱/密码锁->vali khóa số / khóa số,,,False,0.778,,0.0,False,False,False,False,,,
764820027770,bags,大容量旅行箱包行李箱学生拉链款静音万向轮旅行箱新款密码箱28寸,"Hành Lý Du Lịch dung tích lớn, vali kéo khóa kéo dành cho học sinh, Vali bánh xe đa năng im lặng, hộp mật khẩu mới 28 inch",False,False,,,,密码箱/密码锁->vali khóa số / khóa số,,,False,0.931,,0.15,False,False,False,False,,,
908427623081,bags,全功能型行李箱女2025新款小清新旅行箱大容量男拉杆箱学生密码箱,Hành lý đầy đủ chức năng nữ mẫu mới 2025 hành lý du lịch nhỏ tươi mới hộp đựng xe đẩy nam sức chứa lớn hộp mật khẩu học sinh,False,False,,,,密码箱/密码锁->vali khóa số / khóa số,,,False,1.036,,0.0,False,False,False,False,,,
900209738122,bags,行李箱女2025新款20寸登机箱小型轻便密码箱24耐用旅行箱拉杆箱,"Vali trường hợp lên máy bay 20 inch mẫu mới 2025 dành cho nữ, hộp mật khẩu nhẹ cỡ nhỏ, hộp đựng xe đẩy du lịch bền 24",False,False,,,,密码箱/密码锁->vali khóa số / khóa số,,,False,1.0,,0.0,False,False,False,False,,,
709225617482,bags,行李箱女拉杆旅行箱男26学生大容量皮密码箱子母24静音万向轮20寸,"Vali hành lý dành cho nữ, vali du lịch có bánh xe dành cho nam, vali da mật khẩu cỡ lớn dành cho sinh viên 26 inch, bánh xe đa năng im lặng 24 inch.",False,False,20,,,,,,False,1.222,,0.0,False,False,False,False,,,
900526894771,bags,旅行箱男学生大容量铝框密码箱女行李箱结实耐用加厚拉杆箱万向轮,"Vali dành cho học sinh nam, hộp mật khẩu khung nhôm dung tích lớn, vali nữ, hộp đựng xe đẩy dày mạnh mẽ và bền bỉ có bánh xe đa năng",False,False,,,,密码箱/密码锁->vali khóa số / khóa số,,,False,1.033,,0.0,False,False,False,False,,,
871455441263,bags,18寸小型行李箱学生旅行长拉杆箱20寸登机箱密码箱商务多功能杯架,18inch Hành Lý Nhỏ Du Lịch Sinh Viên Xe Đẩy Dài Ốp Lưng 20inch Hộp Nội Trú Hộp Mật Khẩu Kinh Doanh Đa Năng Cốc,False,False,,,,密码箱/密码锁->vali khóa số / khóa số,,,False,0.893,,0.96,True,False,False,False,,,
656326799317,bags,行李箱20寸小清新拉杆箱高颜值女小型轻便万向轮旅行箱密码箱男,"Vali, vali xe đẩy tươi mới 20 inch, vali bánh xe đa năng nhẹ gọn nhẹ cỡ nhỏ cho nữ giá trị cao, hộp mật khẩu cho nam",False,False,,,,密码箱/密码锁->vali khóa số / khóa số,,,False,0.964,,0.0,False,False,False,False,,,
728537738111,bags,【巨结实】爱立行升级版旅行箱结实耐用拉杆箱抗摔商务定制行李箱,"【Siêu bền】Vali phiên bản nâng cấp của Ailixing, Vali có bánh xe bền và chắc chắn, Vali doanh nhân chống rơi được tùy chỉnh",False,False,,,,,,【】,False,0.893,,0.17,False,False,False,False,,,
835153600880,bags,结婚行李箱陪嫁箱红色箱子拉杆箱女皮箱婚礼用密码新娘嫁妆箱一对,Hộp đựng hành lý cưới Hộp đựng đồ cưới Hộp đựng xe đẩy Hộp đựng đồ nữ Hộp đựng của hồi môn cô dâu,False,False,,,,,,,False,0.8,,0.17,False,True,False,False,,,
738770372941,bags,【巨结实】爱立行升级版好质量行李箱结实耐用旅行箱拉杆箱定制,"【Siêu bền】Phiên bản nâng cấp của Ailixing, hành lý chất lượng cao, vali du lịch chắc chắn và bền, vali kéo, có thể tùy chỉnh.",False,False,,,,,,【】,False,0.963,,0.08,False,False,False,False,,,
828010884134,bags,【严选工厂】旅行箱铝框20拉杆箱万向轮24男女学生行李箱26密码,[Nhà máy đã chọn] Vali khung nhôm 20 hộp đựng xe đẩy bánh xe đa năng 24 vali sinh viên nam và nữ 26 mật khẩu,False,False,,,,,,[],False,0.958,,0.05,False,False,False,False,nhà máy|nhà sản xuất,,
824626890932,bags,全铝镁合金拉杆箱女金属行李箱男20寸登机箱旅行箱万向轮24密码箱,"Hộp đựng xe đẩy hợp kim nhôm-magiê hoàn toàn cho nữ, hành lý kim loại, hộp đựng 20 inch cho nam, hộp đựng xe du lịch, bánh xe đa năng, hộp mật khẩu 24",False,False,,,,密码箱/密码锁->vali khóa số / khóa số,,,False,1.179,,0.0,False,False,False,False,,,
747420988764,bags,行李箱带杯架款女旅行箱高颜值学生铝框密码箱24寸登机箱拉杆箱,"Vali hành lý có ngăn đựng cốc, vali du lịch dành cho nữ, vali khung nhôm đẹp mắt dành cho sinh viên, hộp mật khẩu 24inch vali lên máy bay, vali có bánh xe đẩy",False,False,,,,密码箱/密码锁->vali khóa số / khóa số,,,False,1.25,,0.0,False,False,False,False,,,
968784119587,bags,行李箱20寸登机箱多功能拉杆箱儿童旅行密码箱小型18寸高颜值箱包,Vali hành lý 20inch vali lên máy bay vali xe đẩy đa năng vali du lịch trẻ em hộp mật khẩu nhỏ 18inch vali cao cấp,False,False,,,,密码箱/密码锁->vali khóa số / khóa số,,,False,0.929,,0.0,False,False,False,False,,,
898825107633,bags,多规格行李箱20寸拉杆箱22寸旅行箱24寸密码箱26寸铝框箱结实耐用,"Vali đa quy cách, vali xe đẩy 20 inch, vali du lịch 22 inch, hộp mật khẩu 24 inch, hộp nhôm 26 inch, chắc chắn và bền",False,False,,,,密码箱/密码锁->vali khóa số / khóa số,,,False,0.885,,0.0,False,False,False,False,,,
702917746355,bags,出口外贸超大容量五轮拉杆箱抗菌素材行李箱托运旅行箱学生密码箱,"Xuất khẩu Ngoại Thương hộp đựng xe đẩy 5 bánh dung tích siêu lớn, vật liệu kháng khuẩn, vali ký gửi, vali du lịch, hộp mật khẩu học sinh",False,False,,5,,密码箱/密码锁->vali khóa số / khóa số,,,False,0.933,,0.07,False,False,False,False,,,
894862526832,bags,大容量行李箱女皮箱24拉杆箱旅行箱20寸登机箱子男28密码箱结实26,"Hành lý dung tích lớn, vali nữ, vali xe đẩy 24, vali du lịch, vali lên máy bay 20 inch, hộp mật khẩu nam 28, chắc chắn 26",False,False,,,,密码箱/密码锁->vali khóa số / khóa số,,,False,0.923,,0.0,False,False,False,False,,,
869084497312,bags,2024新款旅行箱学生铝框拉杆箱万向轮男女拉链密码皮箱结实登机箱,Hộp đựng xe đẩy khung nhôm học sinh mới 2024,False,False,,,,,,,False,0.321,vi_qua_ngan,0.0,False,False,False,False,,,
887229003593,bags,行李箱2025新款拉杆箱密码箱高颜值男女学生旅行皮箱包结实耐用,"Vali kéo 2025 mới, hộp mật khẩu, kiểu dáng đẹp, dành cho nam nữ sinh, vali du lịch chắc chắn và bền bỉ",False,False,,,,密码箱/密码锁->vali khóa số / khóa số,,,False,0.815,,0.0,False,False,False,False,,,
912126444657,bags,侧开盖可扩展行李箱女旅行密码箱20寸登机加厚大容量高颜值拉杆箱,Vali mở bên mở rộng hộp mật khẩu du lịch dành cho nữ 20inch Hộp đựng xe đẩy có sức chứa lớn dày dặn có giá trị cao để lên máy bay,False,False,,,,密码箱/密码锁->vali khóa số / khóa số,,,False,1.103,,0.03,False,False,False,False,,,
998633079032,bags,多功能行李箱高颜值拉杆箱结实耐用拉链密码箱子男女学生旅行箱包,"Vali đa năng, vali kéo sang trọng, hộp mật khẩu khóa kéo chắc chắn bền bỉ, hành lý du lịch học sinh nam nữ",False,False,,,,密码箱/密码锁->vali khóa số / khóa số,,,False,0.8,,0.0,False,False,False,False,,,
746879749795,bags,小熊化妆箱14寸迷你手提箱子小行李箱伴手礼卡通收纳化妆包密码箱,Hộp đựng mỹ phẩm gấu hộp đựng mỹ phẩm mini 14 inch vali nhỏ quà tặng lưu trữ hoạt hình túi đựng mỹ phẩm hộp mật khẩu,False,False,,,,密码箱/密码锁->vali khóa số / khóa số,,,False,0.897,,0.0,False,False,True,False,,,
689073890854,bags,行李箱现货外贸三件套20/24/28寸套装拉杆箱旅行密码箱厂家批发,"Hành lý còn hàng, xuất khẩu bộ ba 20/24/ 28inch bộ, vali kéo, hộp mật khẩu du lịch, nhà sản xuất bán buôn",False,False,,,,密码箱/密码锁->vali khóa số / khóa số,,,False,0.88,,0.0,False,False,False,False,"bán buôn, nhà máy|nhà sản xuất",,
668597806009,bags,luggage拉杆行李箱20寸24三套装suitcase28寸密码箱包耐用登机箱,Xe đẩy hành lý vali 20-inch 24-inch bộ ba vali 28inch vali có khóa mật khẩu hành lý vali xách tay bền,False,False,,,,密码箱/密码锁->vali khóa số / khóa số,,,False,1.158,,0.0,False,False,False,False,,,
828294014619,bags,【严选工厂】时尚款高颜值行李箱女男轻便耐用20寸旅行箱子男女,"[Nhà máy được chọn nghiêm ngặt] Vali thời trang đẹp mắt dành cho nam và nữ, Vali du lịch 20inch nhẹ và bền dành cho nam và nữ",False,False,,,,,,[],False,1.077,,0.07,False,False,False,False,nhà máy|nhà sản xuất,,
943016439225,bags,宽拉杆行李箱男女前开口20寸登机箱水杯架密码旅行箱轻便登机,"Vali có tay cầm rộng dành cho nam và nữ, mở phía trước, 20inch vali xách tay, giá để cốc nước, khóa mật khẩu, vali xách tay nhẹ",False,False,,,,密码箱/密码锁->vali khóa số / khóa số,,,False,1.037,,0.0,False,False,False,False,,,
685215551520,bags,厂家ABS万向轮拉杆箱12/20/24/28寸四件套装外贸制定登机行李箱,Hộp đựng xe đẩy đa năng ABS của nhà sản xuất 12/20/24/28 inch bộ bốn mảnh phù hợp với ngoại thương hành lý lên máy bay,False,False,,,,,,,False,1.136,,0.0,False,True,True,False,nhà máy|nhà sản xuất,,
855643111196,bags,新款高颜值宽拉杆多功能行李箱24寸学生密码箱20登机箱女加厚批发,Hành lý đa chức năng xe đẩy rộng giá trị cao mẫu mới Hộp mật khẩu học sinh 24 inch 20 lên máy bay nữ bán buôn dày,False,False,,,,密码箱/密码锁->vali khóa số / khóa số,,,False,0.929,,0.04,False,False,False,False,bán buôn,,
901803776823,bags,大容量行李箱pc防爆拉链28寸旅行箱女万向轮拉杆箱24寸密码箱批发,"Vali hành lý dung tích lớn có khóa kéo chống cháy nổ PC, 28inch vali du lịch có bánh xe đa năng dành cho nữ, 24inch vali khóa mật khẩu bán buôn.",False,False,,,,密码箱/密码锁->vali khóa số / khóa số,,,False,1.185,,0.0,False,False,False,False,bán buôn,,
902077597432,bags,行李箱女学生韩版拉杆箱男女时尚旅行箱青少年大容量女密码行李箱,Vali vali đựng xe đẩy phong cách Hàn Quốc cho nữ sinh,False,False,,,,,,,False,0.4,vi_qua_ngan,0.18,False,False,False,False,,,
850586457887,bags,2026新款行李箱20寸登机箱流行箱皮箱拉杆箱女密码箱小型手提箱子,2026 mẫu vali hành lý mới 20inch vali xách tay vali hợp thời trang vali da vali xe đẩy vali khóa mật khẩu của phụ nữ vali túi xách nhỏ vali,False,False,,,,密码箱/密码锁->vali khóa số / khóa số,,,False,1.111,,0.0,False,False,False,False,,,
993059738248,bags,【顺丰包邮】行李箱大容量旅行箱通用结实加厚,"[SF Miễn phí vận chuyển] Vali dung tích lớn, vali đa năng, chắc chắn và dày dặn",False,False,,,,,,[],False,0.895,,0.07,False,False,False,False,,,
891611323398,bags,爆款宽拉杆行李箱时尚密码箱静音万向轮密码皮箱批发户外旅行箱,Phong cách bùng nổ hành lý xe đẩy rộng hộp mật khẩu thời trang bánh xe đa năng im lặng hành lý bán buôn vali du lịch ngoài trời,False,False,,,,"密码箱/密码锁->vali khóa số / khóa số, 爆款->mẫu bán chạy",,,False,1.0,,0.0,False,False,False,False,bán buôn,,
777748942959,bags,高颜值行李箱大容量拉杆箱女生2024新款24寸旅行箱男耐磨密码箱28,"Hành lý có giá trị cao, hộp đựng xe đẩy dung tích lớn, vali du lịch 24 inch kiểu mới cho nữ 2024, hộp mật khẩu chịu mài mòn cho nam 28",False,False,,,,密码箱/密码锁->vali khóa số / khóa số,,,False,1.115,,0.0,False,False,False,False,,,
985066900232,bags,2026新款行李箱拉杆箱学生款20寸轻便登机大容量密码旅行皮箱子男,"Vali hành lý mẫu mới 2026 có bánh xe, phiên bản dành cho sinh viên 20inch, vali du lịch nhẹ, dung tích lớn, có khóa mật khẩu dành cho nam giới.",False,False,,,,密码箱/密码锁->vali khóa số / khóa số,,,False,1.111,,0.0,False,False,False,False,,,
688373583556,bags,出口外贸密码行李箱男大容量静音万向轮加厚拉链拉杆箱女皮箱28寸,"Xuất khẩu vali ngoại thương có khóa mật khẩu dành cho nam, sức chứa lớn, bánh xe đa năng êm ái, khóa kéo dày dặn, vali kéo dành cho nữ, vali da 28inch",False,False,,,,密码箱/密码锁->vali khóa số / khóa số,,,False,1.138,,0.0,False,False,False,False,,,
788750307216,bags,便携超轻行李箱女学生20寸拉杆箱高颜值糖果色万向轮24寸密码箱,"Vali di động siêu nhẹ dành cho nữ sinh viên 20inch Hộp đựng xe đẩy có vẻ ngoài cao cấp, bánh xe đa năng màu kẹo hộp mật khẩu 24inch",False,False,,,,密码箱/密码锁->vali khóa số / khóa số,,,False,1.111,,0.03,False,False,False,False,,,
827654958646,bags,【严选工厂】行李箱男万向轮拉杆箱耐磨抗摔旅行箱密码箱女商务黑,[Nhà máy được lựa chọn chặt chẽ] Vali nam Hộp đựng xe đẩy bánh xe đa năng Hộp đựng mật khẩu vali chống mài mòn và chống rơi Hộp công sở nữ màu đen,False,False,,,,,,[],False,1.214,,0.12,False,False,False,False,nhà máy|nhà sản xuất,,
817304374887,bags,新款糖果色20寸加厚儿童拉杆箱18寸密码锁行李箱万向静音轮登机箱,Hộp đựng xe đẩy trẻ em dày 20 inch màu kẹo mới Hộp đựng xe đẩy khóa mật khẩu 18 inch Hộp đựng bánh xe im lặng phổ thông,False,False,,,,密码箱/密码锁->vali khóa số / khóa số,,,False,0.964,,0.08,False,False,False,False,,,
990821389104,bags,多功能新款大容量拉杆箱行李箱万向轮结实学生密码箱旅行箱耐用,"Vali xe đẩy đa năng mới dung tích lớn, bánh xe đa năng, hộp mật khẩu học sinh chắc chắn, vali bền",False,False,,,,密码箱/密码锁->vali khóa số / khóa số,,,False,0.759,,0.0,False,False,False,False,,,
961472991130,bags,结婚红色行李箱陪嫁喜庆箱婚礼嫁妆箱2025新款旅行箱密码箱拉杆箱,Đám cưới vali màu đỏ của hồi môn hộp lễ hội hộp của hồi môn đám cưới 2025 vali mới hộp mật khẩu hộp xe đẩy,False,False,,,,密码箱/密码锁->vali khóa số / khóa số,,,False,0.893,,0.0,False,False,False,False,,,
979538586040,bags,韩版行李箱女学生拉杆箱密码箱男万向轮皮箱子ins大容量旅行箱,Vali phong cách Hàn Quốc nữ sinh viên xe đẩy hộp mật khẩu nam bánh xe đa năng hộp da Ins vali dung tích lớn,False,False,,,,密码箱/密码锁->vali khóa số / khóa số,,,False,0.926,,0.12,False,False,False,False,,,
913646347995,bags,2025新款20寸拉杆箱高颜值结实耐用密码箱女学生万向静音轮李行箱,"Hộp đựng xe đẩy 20 inch mẫu mới năm 2025, giá trị cao, chắc chắn và bền hộp mật khẩu cho nữ sinh",False,False,,,,密码箱/密码锁->vali khóa số / khóa số,,,False,0.778,,0.0,False,False,False,False,,,
1001532136545,bags,20KT猫旅行箱化妆箱拉杆箱万向轮大容量密码箱男旅行箱皮箱,20KT Mèo Du Lịch Hộp Đựng Mỹ Phẩm Xe Đẩy Ốp Lưng Đa Năng Bánh Xe Dung Tích Lớn Hộp Mật Khẩu Nam Vali Du Lịch Vali Da,False,False,,,,密码箱/密码锁->vali khóa số / khóa số,,,False,1.12,,1.0,True,False,False,False,,,
936993246298,bags,商务拉杆箱大容量旅行箱牛津布男女学生潮流行李箱密码箱防水皮箱,"Vali doanh nhân, vali cỡ lớn, vải Oxford, vali thời trang dành cho nam nữ sinh viên, hộp mật khẩu, vali chống thấm nước",False,False,,,,密码箱/密码锁->vali khóa số / khóa số,,,False,0.8,,0.04,False,False,False,False,,,
840887608940,bags,登机箱新款拉杆箱18寸密码密码箱20行李箱结实耐用箱万向轮旅行箱,Hộp đựng xe đẩy mới hộp mật khẩu 18 inch hộp mật khẩu 20 vali mạnh mẽ và bền hộp du lịch bánh xe phổ thông,False,False,,,,密码箱/密码锁->vali khóa số / khóa số,,,False,0.857,,0.0,False,False,False,False,,,
783843898775,bags,行李箱万向轮静音20拉杆箱男女luggage旅行箱24密码箱包28寸3件套,"Vali hành lý có bánh xe đa năng êm ái, vali kéo 20 inch dành cho nam và nữ, vali du lịch, vali khóa mật khẩu 24 inch, bộ 3 vali 28 inch.",False,False,,,,密码箱/密码锁->vali khóa số / khóa số,,,False,1.261,,0.0,False,False,False,False,,,
896432231689,bags,宽拉杆行李箱女新款20寸登机箱小型轻便旅行密码拉杆箱子静音24男,Hộp đựng hành lý xe đẩy rộng 20 inch mẫu mới cho nữ,False,False,24,,,,,,False,0.429,vi_qua_ngan,0.0,False,False,False,False,,,
905047110781,bags,新款复古行李箱女万向轮拉杆箱男学生耐用密码箱旅行箱子大容量潮,Vali nữ cổ điển mẫu mới hộp đựng xe đẩy bánh xe đa năng hộp mật khẩu bền cho nam sinh hộp du lịch dung tích lớn sành điệu,False,False,,,,密码箱/密码锁->vali khóa số / khóa số,,,False,0.967,,0.0,False,True,True,False,,,
868688114928,bags,新款铝框多功能拉杆箱万向轮子20寸登机男女学生密码箱行李箱28寸,"Hộp đựng xe đẩy đa năng khung nhôm mới, bánh xe đa năng, hộp mật khẩu học sinh nam nữ 20 inch lên máy bay, vali 28 inch",False,False,,,,密码箱/密码锁->vali khóa số / khóa số,,,False,0.929,,0.0,False,False,False,False,,,
943135991939,bags,前开盖宽拉杆行李箱20寸登机箱多功能密码箱PC旅行箱万向轮拉杆箱,Vali hành lý có tay cầm rộng mở phía trước 20inch vali xách tay vali khóa mật khẩu đa chức năng vali du lịch PC có bánh xe đa năng,False,False,,,,密码箱/密码锁->vali khóa số / khóa số,,,False,1.071,,0.0,False,False,False,False,,,
952379428313,bags,厂家批发礼品拉杆箱20寸密码锁行李箱万向轮男女学生密码箱旅行箱,Nhà sản xuất bán buôn quà tặng xe đẩy 20inch khóa mật khẩu vali bánh xe đa năng nam nữ sinh viên mật khẩu hộp vali,False,False,,,,密码箱/密码锁->vali khóa số / khóa số,,,False,0.897,,0.0,False,False,False,False,"bán buôn, nhà máy|nhà sản xuất",,
862913558031,bags,六件套PP拉杆箱防爆拉链万向轮旅行箱行李箱收纳箱套装登机箱,"Bộ vali nhựa PP 6 món có khóa kéo chống nổ, bánh xe xoay 360 độ, vali du lịch, bộ hộp đựng hành lý, vali xách tay.",False,False,,"360, 6",,,,,False,0.926,,0.0,False,False,True,False,,,
667514102715,bags,出口大容量学生拉杆箱28寸密码行李箱男女登机旅行箱皮箱源头批发,"Vali xe đẩy học sinh dung tích lớn để xuất khẩu, 28inch vali hành lý có khóa mật khẩu, vali du lịch xách tay unisex, vali da, bán buôn từ nguồn.",False,False,,,,密码箱/密码锁->vali khóa số / khóa số,,,False,1.069,,0.0,False,False,False,False,bán buôn,,
882809163255,bags,加厚大容量行李箱100寸超大号旅行箱女学生密码拉杆箱男厂家直销,Vali dày công suất lớn Vali du lịch siêu lớn 100 inch nữ sinh túi đựng xe đẩy nam xưởng bán hàng trực tiếp,False,False,,,,,,,False,0.821,,0.05,False,True,False,False,,,
785571389787,bags,跨境分销行李箱男士拉杆箱密码皮箱子学生24寸大容量28寸旅行箱子,Túi phân phối xuyên biên giới vali nam vali có khóa mật khẩu bao da học sinh 24inch sức chứa lớn 28inch vali du lịch,False,False,,,,密码箱/密码锁->vali khóa số / khóa số,,,False,0.893,,0.0,False,False,False,False,"xuyên biên giới, phân phối",,
762238712007,bags,前开盖行李箱20寸登机箱前置开口拉杆箱pc多功能皮箱子密码旅行箱,Hộp đựng hành lý có nắp mở phía trước Hộp đựng xe đẩy mở phía trước Hộp đựng đồ da đa chức năng PC Hộp đựng mật khẩu,False,False,20,,,,,,False,1.0,,0.12,False,False,False,False,,,
922051221322,bags,行李箱新款可坐拉杆箱大容量旅行箱学生密码箱男女登机箱结实耐用,"Vali kiểu mới, vali có bánh xe ngồi lên, vali du lịch sức chứa lớn, hộp mật khẩu học sinh, vali lên máy bay nam nữ, chắc chắn và bền bỉ",False,False,,,,密码箱/密码锁->vali khóa số / khóa số,,,False,1.033,,0.0,False,True,True,False,,,
891206571722,bags,外贸爆款时尚行李箱20密码登机箱24寸抗摔结实耐用铝框旅行拉杆箱,Ngoại thương bùng nổ hành lý thời trang hộp đựng 20 mật khẩu hộp đựng xe đẩy du lịch khung nhôm bền chắc chống rơi 24 inch,False,False,,,,爆款->mẫu bán chạy,,,False,0.893,,0.0,False,False,False,False,,,
891520781648,bags,20寸儿童拉杆箱KT猫静音万向轮旅行箱礼品箱学生行李箱卡通密码箱,Hộp đựng xe đẩy trẻ em 20 inch mèo KT im lặng bánh xe đa năng vali quà tặng vali học sinh hộp mật khẩu hoạt hình,False,False,,,,密码箱/密码锁->vali khóa số / khóa số,,,False,0.929,,0.0,False,False,False,False,,,
874569069099,bags,前开盖行李箱女大容量旅行箱男拉杆箱万向轮学生密码箱20寸皮箱,"Vali mở phía trước, vali du lịch sức chứa lớn dành cho nữ, vali kéo dành cho nam, bánh xe đa năng, hộp mật khẩu học sinh, vali 20inch",False,False,,,,密码箱/密码锁->vali khóa số / khóa số,,,False,1.036,,0.0,False,False,False,False,,,
876913285942,bags,全铝镁合金密码箱女拉杆箱男万向轮旅行箱20寸行李箱登机箱铝框箱,Hộp đựng mật khẩu bằng hợp kim magiê hoàn toàn bằng nhôm Hộp đựng xe đẩy nữ Vali bánh xe đa năng nam Hộp đựng vali Hộp đựng vali khung nhôm,False,False,20,,,,hộp đựng vali,,False,1.069,,0.13,False,False,True,False,,,
894520010538,bags,行李箱旅行箱铝框20拉杆箱静音轮24女男学生耐用26密码箱28皮箱子,"Vali vali, khung nhôm, hộp đựng xe đẩy 20, bánh xe im lặng 24, nam sinh nữ, hộp mật khẩu 26 bền, hộp da 28",False,False,,,,密码箱/密码锁->vali khóa số / khóa số,,,False,0.808,,0.0,False,False,False,False,,,
997200362532,bags,全铝镁合金行李箱女20寸登机旅行箱29寸大容量密码箱24学生铝框箱,Vali hợp kim nhôm magiê hoàn toàn dành cho nữ Vali lên máy bay 20inch 29inch hộp mật khẩu dung lượng lớn 24 hộp khung nhôm dành cho học sinh,False,False,,,,密码箱/密码锁->vali khóa số / khóa số,,,False,1.074,,0.04,False,False,False,False,,,
819754036040,bags,源产地嘉兴平湖升级大容量行李箱拉链五轮拉杆箱旅行箱男女密码箱,"Xuất xứ: Gia Hưng Bình Hồ, vali cỡ lớn nâng cấp có khóa kéo, vali kéo năm bánh xe, vali du lịch, vali khóa mật khẩu unisex.",False,False,,,,密码箱/密码锁->vali khóa số / khóa số,,,False,0.9,,0.15,False,False,False,False,,,
920945729583,bags,行李箱拉链拉杆箱大容量时尚耐用学生密码箱万向轮男女旅行皮箱子,"Hành lý, hộp đựng xe đẩy, khóa kéo, hộp mật khẩu học sinh bền thời trang sức chứa lớn, hộp da du lịch nam nữ bánh xe đa năng",False,False,,,,密码箱/密码锁->vali khóa số / khóa số,,,False,0.967,,0.0,False,False,False,False,,,
712069849082,bags,【抖音专属】铝框行李箱结实耐用拉杆箱万向轮旅行箱大容量密码箱,"[Dành riêng cho Douyin] Hành lý khung nhôm chắc chắn và bền, hộp xe đẩy, hộp du lịch bánh xe đa năng, hộp mật khẩu dung tích lớn",False,False,,,,密码箱/密码锁->vali khóa số / khóa số,,[],False,1.0,,0.07,False,False,False,False,,,
899945976082,bags,行李箱新款可坐拉杆箱大容量旅行箱学生密码箱男女登机箱结实耐用,"Vali kiểu mới, vali có bánh xe ngồi lên, vali du lịch sức chứa lớn, hộp mật khẩu học sinh, vali lên máy bay nam nữ, chắc chắn và bền bỉ",False,False,,,,密码箱/密码锁->vali khóa số / khóa số,,,False,1.033,,0.0,False,True,True,False,,,
795398818485,bags,厂家ABS万向轮拉杆箱12/20/24/28寸四件套装外贸制定登机行李箱,Hộp đựng xe đẩy đa năng ABS của nhà sản xuất 12/20/24/28 inch bộ bốn mảnh phù hợp với ngoại thương hành lý lên máy bay,False,False,,,,,,,False,1.136,,0.0,False,True,True,False,nhà máy|nhà sản xuất,,
763467728513,bags,新款拉杆箱大容量行李箱日系耐用旅行箱学生静音万向轮密码箱商务,"Vali kéo kiểu mới, hành lý dung tích lớn, vali du lịch bền kiểu Nhật, vali khóa mật khẩu bánh xe xoay im lặng dành cho sinh viên, sử dụng cho công việc kinh doanh.",False,False,,,,密码箱/密码锁->vali khóa số / khóa số,,,False,1.167,,0.03,False,False,False,False,,,
918919435376,bags,新款多功能拉杆箱结实耐用密码箱小清新行李箱时尚万向轮旅行箱,"Vali xe đẩy đa năng mới, hộp mật khẩu chắc chắn và bền bỉ, vali nhỏ tươi, vali bánh xe đa năng thời trang",False,False,,,,密码箱/密码锁->vali khóa số / khóa số,,,False,0.828,,0.0,False,False,False,False,,,
845727182210,bags,【外贸】行李箱男高颜值拉杆箱女铝框旅行箱大容量加厚密码箱厂家,"[Ngoại thương] vali nam giá trị cao, vali nam, vali khung nhôm nữ, nhà sản xuất hộp mật khẩu dày công suất lớn",False,False,,,,密码箱/密码锁->vali khóa số / khóa số,,[],False,0.821,,0.0,False,False,False,False,nhà máy|nhà sản xuất,,
669520972491,bags,跨境双层拉链双把手行李箱20/24/28寸可拓展防水耐用批发定制OEM,"Vali hành lý xuyên biên giới có khóa kéo hai lớp và hai tay cầm, có thể mở rộng, chống thấm nước, bền bỉ, vali du lịch chất lượng cao 20inch",False,False,"24, 28",,,,,,False,1.292,,0.0,False,False,False,False,xuyên biên giới,,
897575441059,bags,行李箱大容量26寸学生拉杆箱加厚结实耐用带包角密码箱20寸旅行箱,Vali dung tích lớn hộp đựng xe đẩy học sinh 26inch dày hộp mật khẩu chắc chắn và bền có góc vali 20inch,False,False,,,,密码箱/密码锁->vali khóa số / khóa số,,,False,0.821,,0.0,False,False,False,False,,,
916525570383,bags,2025款韩版拉杆箱高颜值结实耐用行李箱万向静音轮男女学生密码箱,"Hộp đựng xe đẩy phong cách Hàn Quốc 2025, giá trị cao, chắc chắn, bền bỉ, bánh xe im lặng phổ thông, hộp mật khẩu học sinh nam nữ",False,False,,,,密码箱/密码锁->vali khóa số / khóa số,,,False,1.0,,0.07,False,False,False,False,,,
890596044639,bags,前开口行李箱女多功能高颜值耐用拉杆密码箱2026新款旅行箱男20寸,"Vali mở phía trước dành cho nữ, đa năng, thời trang, bền bỉ, có khóa số, mẫu vali du lịch mới 2026 dành cho nam.",False,False,20,,,,,,False,0.889,,0.0,False,False,False,False,,,
848490248711,bags,行李箱新款铝框密码箱男女静音万向轮旅行箱杯架结实耐用拉杆箱,Vali hành lý mẫu mới khung nhôm hộp mật khẩu dành cho nam và nữ bánh xe đa năng im lặng vali du lịch có giá để cốc vali xe đẩy chắc chắn và bền bỉ,False,False,,,,密码箱/密码锁->vali khóa số / khóa số,,,False,1.241,,0.0,False,False,False,False,,,
910799592834,bags,纯色18寸可登机行李箱新款高颜值潮流男女旅行箱简约时尚密码拉杆,"Vali xách tay màu trơn 18inch chiếc, hành lý mới phong cách và hợp thời trang dành cho nam và nữ, vali có khóa mật khẩu đơn giản và thời trang.",False,False,,,,密码箱/密码锁->vali khóa số / khóa số,,,False,1.069,,0.0,False,False,False,False,,,
851705787922,bags,结婚行李箱陪嫁箱红色箱子拉杆箱女皮箱婚礼用密码新娘嫁妆箱一对,Hộp đựng hành lý cưới Hộp đựng đồ cưới Hộp đựng xe đẩy Hộp đựng đồ nữ Hộp đựng của hồi môn cô dâu,False,False,,,,,,,False,0.8,,0.17,False,True,False,False,,,
909382592112,bags,宽拉杆行李箱20寸静音万向轮登机密码拉杆箱女结实耐用旅行箱包男,"Vali hành lý có tay cầm rộng 20inch bánh xe xoay im lặng, vali có khóa mật khẩu dành cho nữ, hành lý du lịch chắc chắn và bền bỉ dành cho nam",False,False,,,,密码箱/密码锁->vali khóa số / khóa số,,,False,1.138,,0.0,False,False,False,False,,,
951904424799,bags,明星款行李箱加厚大容量30寸五轮拉杆箱女结实耐用收纳旅行密码箱,Vali phong cách nổi tiếng dày công suất lớn 30inch hộp đựng xe đẩy năm bánh dành cho phụ nữ hộp mật khẩu du lịch lưu trữ mạnh mẽ và bền bỉ,False,False,,,,密码箱/密码锁->vali khóa số / khóa số,,,False,1.103,,0.0,False,False,False,False,,,
710717548733,bags,【严选工厂】铝框拉杆箱万向轮女20行李箱24密码旅行皮箱子母26寸,"【Lựa chọn cao cấp từ nhà máy】Vali khung nhôm có bánh xe đa năng dành cho nữ, hành lý 20 inch, bộ vali du lịch 24 inch có khóa mật khẩu 26inch",False,False,,,,密码箱/密码锁->vali khóa số / khóa số,,【】,False,1.24,,0.03,False,False,False,False,nhà máy|nhà sản xuất,,
873459625961,bags,行李箱女孩大容量拉杆箱可爱旅行箱万向轮加厚登机密码箱一件包邮,Hành lý Cô gái Hộp đựng xe đẩy dung tích lớn Hộp du lịch dễ thương Bánh xe đa năng dày dặn Hộp mật khẩu lên máy bay Một chiếc miễn phí vận chuyển,False,False,,,,密码箱/密码锁->vali khóa số / khóa số,,,False,1.133,,0.18,False,False,False,False,,,
870144019150,bags,18寸小登机箱新款旅行箱短途出差行李箱小型拉杆箱女密码箱万向轮,"Hộp đựng xe gắn máy nhỏ 18 inch, vali du lịch mới, vali du lịch ngắn ngày, vali xe đẩy nhỏ, hộp mật khẩu nữ, bánh xe đa năng",False,False,,,,密码箱/密码锁->vali khóa số / khóa số,,,False,0.966,,0.0,False,False,False,False,,,
793359398076,bags,外贸行李箱三件套拉杆箱20寸可登机密码箱包旅行箱24寸静音大容量,"Bộ ba vali ngoại thương, vali kéo 20inch có khóa mật khẩu để mang lên máy bay, vali du lịch 24inch có bánh xe êm ái và dung tích lớn.",False,False,,,,密码箱/密码锁->vali khóa số / khóa số,,,False,1.071,,0.0,False,False,False,False,,,
709404432980,bags,【严选工厂】旅行箱行李箱铝框20拉杆箱万向轮24女男学生26密码28,【Nhà máy được tuyển chọn cẩn thận】Vali du lịch khung nhôm 20 vali có bánh xe đa năng 24 dành cho nữ và nam sinh viên 26 khóa mật khẩu 28,False,False,,,,密码箱/密码锁->vali khóa số / khóa số,,【】,False,1.167,,0.04,False,False,False,False,nhà máy|nhà sản xuất,,
676971750986,bags,【严选】高颜值行李箱多功能大容量拉杆箱旅行箱减震刹车轮密码箱,"[Được lựa chọn cẩn thận] Hành lý có giá trị cao, hành lý xe đẩy đa chức năng, công suất lớn, hành lý, hộp mã bánh xe phanh giảm chấn",False,False,,,,,,[],False,1.071,,0.03,False,False,False,False,,,
978792857644,bags,新款拉杆行李箱24寸侧开大容量可登机多功能万向轮密码行李箱20寸,"Vali xe đẩy kiểu dáng mới có cửa mở bên hông, sức chứa lớn, thích hợp mang theo khi lên máy bay, đa chức năng, có bánh xe xoay đa hướng và khóa kết hợp 20inch",False,False,24,,,,,,False,1.286,,0.0,False,False,False,False,,,
878281349769,bags,宽拉杆铝框前置开口盖多功能行李箱女20旅行密码皮箱24刹车轮26寸,"Vali đa năng khung nhôm tay cầm rộng, nắp mở phía trước dành cho nữ, vali du lịch 20 inch có khóa số, vali 24 inch có bánh xe có phanh",False,False,26,,,,,,False,1.074,,0.0,False,False,False,False,,,
974683462124,bags,行李箱女新款小行20寸登机箱大容量宽拉杆密码箱多功能旅行箱,"Vali hành lý dành cho nữ, mẫu mới, vali xách tay nhỏ, sức chứa lớn, tay cầm rộng, khóa mật mã, vali du lịch đa năng.",False,False,20,,,,,,False,0.963,,0.0,False,False,False,False,,,
818405179471,bags,化妆箱手提箱14寸行李箱化妆包礼品箱小箱子礼盒韩版旅行箱批发,"Hộp đựng mỹ phẩm, vali, vali 14 inch, túi đựng mỹ phẩm, hộp quà, hộp quà nhỏ, hộp quà, bán buôn vali du lịch Hàn Quốc",False,False,,,,,hộp quà,,False,0.893,,0.08,False,False,False,False,bán buôn,,
865434772407,bags,【顺丰包邮】旅行行李箱铝框拉杆箱万向轮女男学生登机密码箱皮箱,"[SF Express] Hành lý du lịch, hộp xe đẩy khung nhôm, bánh xe đa năng, nữ sinh nam lên máy bay, hộp mật khẩu, vali",False,False,,,,密码箱/密码锁->vali khóa số / khóa số,,[],False,0.893,,0.04,False,False,False,False,,,
979802998406,bags,新款宽拉杆行李箱铝框大容量万向轮旅行箱多功能密码箱20寸登机箱,"Vali xe đẩy rộng mới, khung nhôm, vali bánh xe đa năng dung tích lớn, hộp mật khẩu đa chức năng, vali lên máy bay 20inch",False,False,,,,密码箱/密码锁->vali khóa số / khóa số,,,False,0.897,,0.0,False,False,False,False,,,
754683264027,bags,旅行箱28寸行李箱大容量拉杆箱加厚抗摔30寸静音万向轮密码箱外贸,Vali du lịch 28 inch vali đựng xe đẩy dung tích lớn Hộp mật khẩu bánh xe đa năng không ồn 30 inch chống rơi dày dặn ngoại thương,False,False,,,,密码箱/密码锁->vali khóa số / khóa số,,,False,0.964,,0.04,False,False,False,False,,,
899544429056,bags,行李箱新款可坐拉杆箱大容量旅行箱学生密码箱男女登机箱结实耐用,Vali Vali Xe đẩy có thể ngồi mẫu mới Vali du lịch sức chứa lớn Vali mật khẩu học sinh trường hợp lên máy bay nam nữ mạnh mẽ và bền bỉ,False,False,,,,,,,False,1.067,,0.13,False,False,True,False,,,
922331081529,bags,品牌行李箱多功能万向轮男女旅行箱学生拉杆箱耐用大容量密码箱,"Hành lý hàng hiệu, bánh xe đa năng, vali du lịch nam nữ, vali xe đẩy học sinh, hộp mật khẩu công suất lớn bền bỉ",False,False,,,,密码箱/密码锁->vali khóa số / khóa số,,,False,0.897,,0.0,False,False,False,False,,,
899550843223,bags,宽拉杆行李箱20寸密码箱女学生旅行箱万向轮静音登机箱行李箱定制,"Vali hành lý có tay cầm rộng, vali khóa mật khẩu 20inch dành cho nữ sinh, vali du lịch có bánh xe đa năng êm ái, vali xách tay, hành lý có thể tùy chỉnh.",False,False,,,,密码箱/密码锁->vali khóa số / khóa số,,,False,1.207,,0.0,False,False,False,False,,,
732787189398,bags,【专属】新款拉杆箱女铝框行李箱男大容量旅行箱加厚密码箱学生,"[Độc quyền] Hộp đựng xe đẩy kiểu mới, hành lý khung nhôm nữ, vali du lịch dung tích lớn, hộp mật khẩu dày dành cho học sinh",False,False,,,,密码箱/密码锁->vali khóa số / khóa số,,[],False,1.0,,0.04,False,False,False,False,,,
966139352207,bags,新款行李箱拉杆箱结实耐用密码箱旅行箱多功能大容量登机箱箱包,"Vali kiểu mới, vali kéo, chắc chắn và bền bỉ, hộp mật khẩu, vali du lịch, đa chức năng, dung tích lớn, vali lên máy bay, hành lý",False,False,,,,密码箱/密码锁->vali khóa số / khóa số,,,False,0.966,,0.0,False,False,False,False,,,
667452502396,bags,前开口铝框行李箱拉杆20寸登机开盖大容量旅行静音万向轮运密码箱,"Vali khung nhôm mở phía trước có thanh kéo, cỡ xách tay 20inch chiếc, sức chứa lớn, du lịch, bánh xe đa năng im lặng, khóa mật khẩu.",False,False,,,,密码箱/密码锁->vali khóa số / khóa số,,,False,0.966,,0.0,False,False,False,False,,,
995601386924,bags,【新款高品质】爱立行行李箱女时尚抗摔拉杆箱大容量旅行箱皮箱子,【Mẫu mới chất lượng cao】 Vali xe đẩy chống rơi thời trang dành cho nữ Ailixing Bao da du lịch sức chứa lớn,False,False,,,,,,【】,False,0.821,,0.14,False,False,False,False,,,
762848456113,bags,多功能行李箱万向轮静音20寸24皮箱拉杆箱男小旅行箱女定制密码箱,Vali Đa Năng Đa Năng Bánh Xe Im Lặng 20-Inch 24-Inch Vali Xe Đẩy Nam Vali Nhỏ Nữ tùy Chỉnh Mật Khẩu Hộp,False,False,,,,,đa năng,,False,0.821,,0.95,True,False,False,False,,,
652531096189,bags,新款ABS+PC拉杆箱万向轮密码锁旅行箱子商务旅游行李箱,Hộp đựng xe đẩy ABS + PC mẫu mới bánh xe đa năng khóa mật khẩu hộp du lịch hành lý du lịch công sở,False,False,,,,密码箱/密码锁->vali khóa số / khóa số,,,False,1.091,,0.0,False,False,False,False,,,
867842577036,bags,多功能宽拉杆行李箱女新款登机密码箱抗摔男万向轮大容量旅行皮箱,Hành lý xe đẩy rộng đa chức năng cho nữ hộp mật khẩu lên máy bay mẫu mới chống rơi bánh xe đa năng cho nam vali du lịch dung tích lớn,False,False,,,,密码箱/密码锁->vali khóa số / khóa số,,,False,1.067,,0.0,False,False,False,False,,,
709558654297,bags,酒大红色结婚庆陪嫁妆行李箱女20新娘拉杆箱24箱旅行密码箱子26寸,"Vali hành lý màu đỏ rượu vang dành cho nữ, vali kéo cô dâu 20 inch, vali du lịch có khóa mật khẩu 24 inch.",False,False,26,,,密码箱/密码锁->vali khóa số / khóa số,,,False,0.852,,0.0,False,False,False,False,,,
902918833672,bags,可坐骑行少年儿童拉杆箱可坐骑小型新款万向轮密码锁少儿行李箱,Hành lý trẻ em khóa mật khẩu bánh xe đa năng mới có thể đi xe đạp,False,False,,,,密码箱/密码锁->vali khóa số / khóa số,,,False,0.586,,0.0,False,False,False,False,,,
921434447158,bags,旅行行李箱时尚男士女士旅行箱学生拉杆箱密码箱登机行李箱高颜值,Hành lý du lịch thời trang nam nữ vali du lịch học sinh vali xe đẩy hộp mật khẩu vali lên máy bay giá trị cao,False,False,,,,密码箱/密码锁->vali khóa số / khóa số,,,False,0.867,,0.0,False,False,False,False,,,
894754265784,bags,20*30*40登机箱14寸时尚纯色小型春秋登机拉杆箱16寸18密码旅行箱,Hộp đựng máy bay 20*30*40 14 inch thời trang màu tinh khiết hộp đựng xe đẩy lên máy bay mùa xuân và mùa thu 16 inch hộp đựng mật khẩu 18,False,False,,,,,,*,False,1.174,,0.0,False,False,False,False,,,
721763422291,bags,行李箱20寸多功能带杯架旅行箱女24寸学生密码箱万向轮拉杆箱定制,"Vali hành lý Vali du lịch đa năng 20inch có ngăn đựng cốc dành cho nữ Vali học sinh 24inch có khóa mật khẩu, bánh xe đa năng và tay cầm xe đẩy tùy chỉnh",False,False,,,,密码箱/密码锁->vali khóa số / khóa số,,,False,1.25,,0.06,False,False,False,False,,,
829242446891,bags,【严选工厂】行李箱女网红ins复古小型旅行箱子皮箱静音轮耐用,[Nhà máy được lựa chọn chặt chẽ] Hành lý nữ phổ biến ins retro vali du lịch nhỏ vali da bánh xe im lặng bền,False,False,,,,,,[],False,1.0,,0.04,False,False,False,False,nhà máy|nhà sản xuất,,
994188984384,bags,六件套PP拉杆箱防爆拉链万向轮旅行箱行李箱收纳箱套装登机箱,"Bộ vali kéo PP 6 món có khóa kéo chống nổ, bánh xe đa hướng, vali du lịch, hộp đựng hành lý, vali xách tay.",False,False,,6,,,,,False,0.889,,0.0,False,False,True,False,,,
575543597493,bags,大厂直销拉杆箱旅行箱行李箱万向轮24寸28寸学生箱子男密码箱皮箱,Nhà máy bán hàng trực tiếp xe đẩy vali vali bánh xe đa năng 24inch 28inch hộp học sinh nam hộp mật khẩu vali da,False,False,,,,密码箱/密码锁->vali khóa số / khóa số,,,False,0.893,,0.0,False,False,False,False,nhà máy|nhà sản xuất,,
891202671448,bags,外贸爆款行李箱女旅行箱拉杆箱男万向前开口大容量铝框商务登机箱,Ngoại thương bùng nổ hành lý nữ vali du lịch xe đẩy nam đa năng mở trước khung nhôm công suất lớn,False,False,,,,爆款->mẫu bán chạy,,,False,0.733,,0.0,False,False,False,False,,,
567457192807,bags,商务行李箱男皮箱拉杆箱万向轮旅行箱女密码箱子20寸登机24寸28寸,"Vali công tác, vali nam, vali kéo, vali bánh xe, hộp mật khẩu nữ 20inch lên máy bay 24inch 28inch",False,False,,,,密码箱/密码锁->vali khóa số / khóa số,,,False,0.741,,0.0,False,False,False,False,,,
900605506619,bags,16寸行李箱春秋航空迷你登机女小型轻便拉杆箱密码男旅行20*30*40,Hành lý 16 inch Spring Airlines mini lên máy bay nữ hộp đựng xe đẩy nhẹ cỡ nhỏ mật khẩu nam du lịch 20*30*40,False,False,,,,,,*,False,0.88,,0.1,False,False,False,False,,,
928428474879,bags,2026新款溜冰轮行李箱20寸登机箱24寸旅行箱高级密码箱耐用拉杆箱,2026 mẫu mới vali trượt patin vali 20inch vali xách tay 24inch vali du lịch vali khóa mật khẩu cao cấp vali xe đẩy bền bỉ,False,False,,,,密码箱/密码锁->vali khóa số / khóa số,,,False,0.962,,0.0,False,False,False,False,,,
928158755874,bags,大容量行李箱超大无轮拉杆箱学生密码箱新款减震刹车轮旅行箱ins,"Vali sức chứa lớn, vali xe đẩy không bánh cực lớn, hộp mật khẩu học sinh, vali bánh xe phanh giảm xóc mới",False,False,,,,密码箱/密码锁->vali khóa số / khóa số,,,False,0.821,,0.0,False,False,False,False,,,
965972988811,bags,新品行李箱静音轮PC多功能拉杆箱男女学生耐用密码箱大容量旅行箱,Vali mới bánh xe im lặng PC xe đẩy đa năng dành cho nam nữ học sinh hộp mật khẩu bền bỉ Vali dung tích lớn,False,False,,,,密码箱/密码锁->vali khóa số / khóa số,,,False,0.897,,0.04,False,False,False,False,,,
980168628483,bags,厂家ABS万向轮拉杆箱12/20/24/28寸四件套装外贸制定登机行李箱,Nhà sản xuất Hộp đựng xe đẩy bánh xe đa năng ABS 12/20/24/ 28inch Bộ bốn món xuất khẩu vali lên máy bay tùy chỉnh,False,False,,,,,,,False,1.091,,0.09,False,False,True,False,nhà máy|nhà sản xuất,,
903970861643,bags,ins多功能网红泡泡行李箱女学生男密码箱拉杆箱登机箱20寸旅行箱,ins vali bong bóng đa chức năng hợp thời trang dành cho nữ sinh viên và nam giới vali có khóa mật khẩu vali xe đẩy vali xách tay vali du lịch 20inch,False,False,,,,密码箱/密码锁->vali khóa số / khóa số,,,False,1.222,,0.0,False,False,False,False,,,
780784039956,bags,小熊化妆箱14寸迷你手提箱子小行李箱伴手礼卡通收纳化妆包密码箱,Hộp đựng mỹ phẩm Gấu Hộp đựng mỹ phẩm mini 14 inch vali nhỏ quà Tặng lưu trữ hoạt hình Túi đựng mỹ phẩm hộp mật khẩu,False,False,,,,密码箱/密码锁->vali khóa số / khóa số,,,False,0.897,,0.16,False,False,True,False,,,
827335351262,bags,全铝镁合金密码箱女拉杆箱男万向轮旅行箱20寸行李箱登机箱铝框箱,Hộp mật khẩu hợp kim nhôm-magiê hộp đựng xe đẩy nữ hộp đựng xe lăn đa năng nam hộp đựng hành lý 20 inch hộp khung nhôm,False,False,,,,密码箱/密码锁->vali khóa số / khóa số,,,False,0.931,,0.0,False,True,True,False,,,
933938549171,bags,宽拉杆行李箱拉杆箱24寸旅行箱2025新款大容量密码箱女高颜值20寸,Xe Đẩy Rộng Vali Hành Lý 24inch Vali Du Lịch 2025 Mới Dung Tích Lớn Hộp Mật Khẩu Dành Cho Phụ Nữ Với Vẻ Ngoài Đẹp 20inch,False,False,,,,密码箱/密码锁->vali khóa số / khóa số,,,False,1.0,,0.92,True,False,False,False,,,
892207839995,bags,行李箱20寸登机箱大容量拉链旅行箱拉杆箱行礼箱高颜值抗摔密码箱,"Hộp đựng hành lý 20 inch, vali có dây kéo dung tích lớn, vali xe đẩy, hộp đựng quà, giá trị cao, hộp mật khẩu chống rơi",False,False,,,,密码箱/密码锁->vali khóa số / khóa số,,,False,0.897,,0.0,False,False,False,False,,,
684856273004,bags,韩版行李箱女ins拉杆箱小清新学生密码箱子旅行箱结实耐用男皮箱,Vali phong cách Hàn Quốc nữ ins xe đẩy nhỏ tươi hộp mật khẩu học sinh vali vali nam chắc chắn và bền bỉ,False,False,,,,密码箱/密码锁->vali khóa số / khóa số,,,False,0.857,,0.09,False,False,False,False,,,
712039037620,bags,【自动分销专属】铝框行李箱结实耐用拉杆箱万向轮旅行箱密码箱,[Phân phối tự động độc quyền] Hành lý khung nhôm chắc chắn và bền Hộp Đựng Xe đẩy hộp đựng xe du lịch bánh đa năng,False,False,,,,,,[],False,0.963,,0.16,False,False,False,False,phân phối,,
807289615972,bags,新款多功能行李箱28寸大容量拉杆箱20寸登机箱高颜值静音密码箱子,"Hành lý đa chức năng mới, hộp đựng Xe đẩy dung tích lớn 28 inch, hộp đựng máy 20 inch, hộp mật khẩu im lặng giá trị cao",False,False,,,,密码箱/密码锁->vali khóa số / khóa số,,,False,0.929,,0.04,False,False,False,False,,,
1000156982508,bags,【高品质巨能装】爱立行2026款37分深仓行李箱防爆拉链旅行拉杆箱,【Dung tích lớn chất lượng cao】Vali có ngăn sâu 37cm của Ailixing 2026 với hộp đựng xe đẩy du lịch có khóa kéo chống cháy nổ,False,False,,,,,,【】,False,1.04,,0.08,False,False,False,False,,,
947018358381,bags,新款深仓大容量行李箱加厚多功能侧开盖拉杆箱登机旅行箱女密码包,"Vali cỡ lớn ngăn sâu mẫu mới, vali kéo đa năng mở bên hông dày dặn, vali du lịch xách tay, túi khóa mật khẩu dành cho nữ.",False,False,,,,密码箱/密码锁->vali khóa số / khóa số,,,False,0.933,,0.0,False,False,False,False,,,
729508440279,bags,潮流学生行李箱拉杆箱万向轮旅行箱20寸24寸26密码箱旅行箱子批发,"Hành lý học sinh hợp thời trang, vali xe đẩy, Vali bánh xe đa năng, 20 inch, 24 inch, hộp mật khẩu 26, Bán Buôn hộp du lịch",False,False,,,,密码箱/密码锁->vali khóa số / khóa số,,,False,0.926,,0.12,False,False,False,False,bán buôn,,
999175706141,bags,百事2026新款行李箱男女20寸侧开盖前置开口可批发旅行密码拉杆箱,"Vali hành lý mẫu mới Pepsi 2026 dành cho nam và nữ, 20inch nắp mở bên hông có mở phía trước, có sẵn bán buôn, vali kéo có khóa mật khẩu du lịch.",False,False,,,,密码箱/密码锁->vali khóa số / khóa số,,,False,1.185,,0.03,False,False,False,False,"bán buôn, có sẵn|hàng có sẵn",,
989473399418,bags,铝框行李箱20寸女可登机2026新款静音万向轮耐用宽拉杆密码旅行箱,Vali khung nhôm 20inch vali xách tay dành cho nữ 2026 mẫu mới bánh xe đa năng im lặng bền tay cầm rộng khóa mật khẩu vali du lịch,False,False,,,,密码箱/密码锁->vali khóa số / khóa số,,,False,1.037,,0.0,False,False,False,False,,,
1000087007906,bags,行李箱20寸拉杆箱可坐骑旅行箱高颜值密码箱大容量结实耐用登机箱,"Vali 20inch Vali xe đẩy, vali có thể cưỡi, hộp mật khẩu cao cấp, sức chứa lớn, vali lên máy bay chắc chắn và bền",False,False,,,,密码箱/密码锁->vali khóa số / khóa số,,,False,0.862,,0.04,False,False,False,False,,,
854623262247,bags,明星同款平衡行李箱中置宽拉杆箱20寸旅行登机箱万向轮密码锁箱子,"Ngôi sao cùng một kiểu dáng, vali cân bằng, hộp đựng xe đẩy rộng giữa, hộp lên máy bay du lịch 20 inch, hộp khóa mật khẩu bánh xe đa năng",False,False,,,,密码箱/密码锁->vali khóa số / khóa số,,,False,1.034,,0.0,False,False,False,False,,,
839025806456,bags,【跨境专供】行李箱拉杆箱万向轮密码箱学生旅行箱复古带充电口,"[Cung cấp đặc biệt xuyên biên giới] Hộp đựng hành lý, xe đẩy, hộp mật khẩu bánh xe đa năng, vali du lịch học sinh, cổ điển có cổng sạc",False,False,,,,密码箱/密码锁->vali khóa số / khóa số,,[],False,1.111,,0.03,False,False,False,False,xuyên biên giới,,
843530088169,bags,行李箱包24寸皮箱拉杆箱20寸登机旅行箱包万向轮厂家直销批发代发,"Hành lý, hành lý, vali 24 inch, vali, vali, hành lý du lịch nội trú 20 inch, nhà máy sản xuất bánh xe đa năng, bán buôn trực tiếp",False,False,,,,,hành lý,,False,0.964,,0.0,False,False,False,False,"bán buôn, nhà máy|nhà sản xuất",,
922841045984,bags,新款侧开口行李箱男女多功能万向轮密码拉杆箱20寸扩容旅行箱跨境,"Vali mở bên hông mới dành cho nam và nữ, vali có bánh xe xoay đa năng, khóa mật khẩu, vali du lịch mở rộng 20inch ngăn dành cho du lịch xuyên biên giới.",False,False,,,,密码箱/密码锁->vali khóa số / khóa số,,,False,1.172,,0.0,False,False,False,False,xuyên biên giới,,
747585874245,bags,多功能可充电拉杆行李箱网红小清新密码箱2025新款杯架登机旅行箱,Hành lý xe đẩy có thể sạc lại đa chức năng Hộp mật khẩu tươi mới nổi tiếng trên mạng Hộp du lịch lên máy bay giá để cốc mẫu mới 2025,False,False,,,,密码箱/密码锁->vali khóa số / khóa số,,,False,1.107,,0.07,False,False,False,False,,,
965915565044,bags,春秋航空登机箱14寸行李箱小型16寸轻便旅行拉杆箱密码箱免托运,Vali lên máy bay của Hãng hàng không Xuân Thu 14inch vali nhỏ 16inch vali du lịch nhẹ hộp mật khẩu miễn phí check-in,False,False,,,,密码箱/密码锁->vali khóa số / khóa số,,,False,0.926,,0.12,False,False,False,False,,,
760479589710,bags,行李箱30大容量万向轮密码箱加厚28寸陪嫁皮拉杆箱女旅行箱TSA,"Vali sức chứa lớn có bánh xe đa năng và khóa kết hợp, vali kéo bằng da dày dặn đạt tiêu chuẩn TSA dành cho nữ.",False,False,"28, 30",,,,,,False,1.04,,0.0,False,False,False,False,,,
925316983241,bags,20×30×40小型迷你轻便登机箱女旅行春秋航空14寸静音行李拉杆箱,20 × 30 × 40 Hộp đựng hành lý di động mini cỡ nhỏ dành cho nữ du lịch Spring Airlines Hộp đựng hành lý yên tĩnh 14 inch,False,False,,,,,,,False,0.958,,0.14,False,True,False,False,,,
729580874288,bags,行业爆款行李箱女生高颜值 拉链旅行箱24寸铝框拉杆箱万向轮批发,Ngành công nghiệp bùng nổ hành lý nữ giá trị cao hộp du lịch khóa kéo hộp đựng xe đẩy khung nhôm 24 inch bán buôn bánh xe đa năng,False,False,,,,爆款->mẫu bán chạy,,,False,1.036,,0.0,False,False,False,False,bán buôn,,
931507037573,beauty,HelloKiss千人千色水润鲜花润变色唇膏 自然温和保湿金箔变色口红,"Son dưỡng môi đổi màu HelloKiss Thousand People Thousand Colors, dưỡng ẩm tự nhiên dịu nhẹ, có nhũ vàng",False,False,,,Thousand People Thousand Colors,,,,False,0.76,,0.28,False,False,False,False,,,
696279617545,beauty,HERORANGE~饱和绒雾哑光细管口红雾面丝绒兔年限定正红色唇膏平价,HERORANGE ~ Son môi nhung bão hòa sương mù mờ mờ Son môi màu đỏ hạn chế năm Thỏ Giá Rẻ,False,False,,,,,,~,False,0.8,,0.22,False,False,False,False,,,
963305186410,beauty,嗲嫩嗲嫩~嘟嘟水光丰唇蜜固体显白滋润唇膏伪素颜爆款裸色系口红,Tinh tế và dịu dàng ~ Dudu Watery Lip Plumping Lip Gloss Solid Làm trắng dưỡng ẩm Son dưỡng môi Giả không trang điểm Son môi màu da phổ biến,False,False,,,Watery Lip Plumping Lip,,,~,False,1.0,,0.39,False,False,False,False,,,
742848685962,beauty,Judydoll橘朵唇粉霜N33气垫唇霜丝绒唇釉显白雾面哑光平价口红笔,Judydoll Orange Lip Powder Cream N33 Air Cushion Lip Cream Velvet Lip Glaze Làm trắng Matte Son môi giá cả phải chăng Bút,False,False,,,Air Cushion Lip Cream,,,,False,0.958,,0.73,True,False,False,False,,,
920858944012,beauty,高档唇泥口红唇釉纯欲少女唇泥小众口红唇泥雾面哑光,"Son môi bùn cao cấp, son môi, son bóng, son bóng, son bóng, son bóng mờ",False,False,,,,,son bóng,,False,0.667,,0.0,False,False,False,False,,,
659948094691,beauty,泊蝶4g大容量水蜜桃补水保湿润唇膏草莓唇部护理口红蜂蜜唇膏,Son dưỡng ẩm dưỡng ẩm dưỡng ẩm đào dung tích lớn Bodie 4g son dưỡng môi dâu tây son môi mật ong,False,False,,,,,dưỡng ẩm,,False,0.815,,0.05,False,False,False,False,,,
751158736374,beauty,HERORANGE~低饱和淡颜口红多用棒水光感滋润显白自然持妆镜面唇膏,"HERORANGE ~ Son môi nhẹ có độ bão hòa thấp, son môi đa năng, dưỡng ẩm, làm trắng da, trang điểm tự nhiên",False,False,,,,,,~,False,0.88,,0.0,False,True,False,False,,,
783235182458,beauty,戈戈舞粉琉璃唇部精华唇釉镜面唇蜜口红唇彩淡化唇纹女GT687,Gogo Dance Pink Glass Lip Essence Lip Glaze Mirror Lip Gloss Son bóng Làm mờ Đường viền môi Nữ GT687,False,False,,,Lip Essence Lip Glaze Mirror Lip,,,,False,0.8,,0.78,True,False,False,False,,,
762140799915,beauty,Judydoll橘朵抱抱系列限定唇粉霜气垫唇霜哑光唇釉口红唇泥显色,Judydoll Orange Series Phiên bản giới hạn Lip Powder Cream Cushion Lip Cream Matte Lip Glaze Son môi Lip Mud có sắc tố cao,False,False,,,Cream Cushion Lip Cream Matte Lip Glaze,,,,False,0.96,,0.65,True,False,False,False,,,
896927679104,beauty,美宝莲接吻棒superstay唇釉保湿不沾哑光口红唇蜜彩批发,"Son dưỡng môi Maybelline Kiss Stick Superstay, son lì không dính, son bóng bán buôn",False,False,,,Maybelline Kiss Stick,,,,False,0.714,,0.29,False,False,False,False,bán buôn,,
690407784827,beauty,FLORTTE花洛莉亚怪美莉亚奶糕唇霜哑光唇泥丝绒口红跨境小单彩妆,"Son kem lì FLORTTE Flowerloria Strange Beauty, son bùn nhung, son môi lì, đơn hàng nhỏ xuyên biên giới.",False,False,,,Flowerloria Strange Beauty,,,,False,0.731,,0.18,False,False,False,False,xuyên biên giới,,
986189453149,beauty,戈戈舞轻透琉光水光镜面唇釉口红裸色系显色水润透亮唇彩唇蜜,Gogo Dance Light mờ bóng nước bóng gương son môi son môi màu khỏa thân màu dưỡng ẩm son bóng mờ son bóng,False,False,,,,,son môi,,False,0.821,,0.09,False,False,False,False,,,
858807168942,beauty,HERORANGE~低饱和淡颜口红多用棒水光感滋润显白自然持妆镜面唇膏,"HERORANGE ~ Son môi nhẹ có độ bão hòa thấp, son môi đa năng, dưỡng ẩm, làm trắng da, trang điểm tự nhiên",False,False,,,,,,~,False,0.88,,0.0,False,True,False,False,,,
918826897015,beauty,代发包邮~低饱和淡颜口红多用棒水光感滋润显白自然持妆镜面唇膏,Miễn phí vận chuyển cho dropshipping ~ Son môi ánh sáng bão hòa thấp đa năng dính nước bóng dưỡng ẩm làm trắng tự nhiên lâu dài son môi gương,False,False,,,,,,~,False,1.0,,0.04,False,False,False,False,dropship,,
658527598542,beauty,MEIBAOGE凡士林唇膏 润唇膏补水保湿防干裂滋润唇膏 男女士护肤品,Son dưỡng môi MEIBAOGE Vaseline dưỡng ẩm dưỡng ẩm chống nứt nẻ Son dưỡng da nam nữ,False,False,,,,,dưỡng ẩm,,False,0.68,,0.13,False,False,False,False,,,
695812518372,beauty,凡士林无色润唇膏女冬季保湿补水滋润变色护唇唇部精华油学生唇膏,Son dưỡng môi không màu Vaseline Nữ dưỡng ẩm mùa đông dưỡng ẩm dưỡng ẩm đổi màu môi tinh chất dưỡng môi Son môi,False,False,,,,,dưỡng ẩm,,False,0.8,,0.13,False,False,False,False,,,
888453782992,beauty,润唇膏凡士林唇膏保湿补水唇油套盒装唇膜套盒冬天护唇油口红打底,"Son dưỡng môi, son dưỡng môi Vaseline, bộ dầu dưỡng môi dưỡng ẩm và làm mềm, bộ mặt nạ môi đóng hộp, dầu dưỡng môi mùa đông, kem lót son môi",False,False,,,,,son dưỡng môi,,False,1.033,,0.03,False,False,False,False,,,
986212431965,beauty,kakashow粉效双头唇釉镜面水光雾面哑光口红叠涂唇油唇蜜跨境美妆,Kakashow hiệu ứng bột son môi hai đầu gương nước bóng son lì son môi xếp chồng lên nhau son bóng trang điểm làm đẹp xuyên biên giới,False,False,,,,,,,False,1.077,,0.0,False,True,False,False,xuyên biên giới,,
760090267313,beauty,HERORANGE~低饱和淡颜口红多用棒水光感滋润显白自然镜面持妆唇膏,"HERORANGE ~ Son môi nhẹ có độ bão hòa thấp, son môi đa năng, dưỡng ẩm và làm trắng da tự nhiên",False,False,,,,,,~,False,0.84,,0.0,False,False,False,False,,,
644251055475,beauty,八只丝绒哑光唇釉套装口红持久保湿不易沾杯掉色防水学生唇彩批发,"Bộ Son môi tám nhung mờ Son dưỡng ẩm lâu trôi, không dễ dính cốc, Bán Buôn Son bóng học sinh không thấm nước",False,False,,,,,,,False,0.8,,0.22,False,True,False,False,bán buôn,,
694830065091,beauty,Girlcult/构奇情话唇霜口红蟠桃游园惊梦本草纲目四大发明唇蜜,Girlcult/Charming Love Talk Lip Cream Son môi Peach Garden Dream Herbal Encyclopedia Bốn phát minh vĩ đại Son bóng,False,False,,,Talk Lip Cream,,,,False,0.833,,0.68,True,False,False,False,,,
820689713953,beauty,茗希芝唇釉镜面口红唇釉学生党显白裸色唇蜜冻嘟嘟唇镜面唇釉跨境,Ming Xizhi Lip Glaze Mirror Lipstick Lip Glaze Party Sinh viên Màu trắng nude Lip Gloss Frozen Tudu Lip Mirror Lip Glaze xuyên biên giới,False,False,,,Lip Glaze Mirror Lipstick Lip Glaze Party || Lip Mirror Lip Glaze,,,,False,0.833,,0.75,True,False,False,False,xuyên biên giới,,
767611145512,beauty,VOUO不沾杯口红柔雾防水丝滑持妆不拔干哑光丝绒口红不粘杯不掉色,"Son môi dạng cốc chống dính voo, không thấm nước, mềm mượt, không thấm nước, không thấm nước, không thấm khô, son nhung mờ, không dính, không phai",False,False,,,,,không thấm nước,,False,1.0,,0.0,False,False,False,False,,,
644266487555,beauty,八只丝绒哑光唇釉套装口红持久保湿不易沾杯掉色防水学生唇彩批发,"Bộ Son môi tám nhung mờ Son dưỡng ẩm lâu trôi, không dễ dính cốc, Bán Buôn Son bóng học sinh không thấm nước",False,False,,,,,,,False,0.8,,0.22,False,True,False,False,bán buôn,,
627525831698,beauty,泊泉雅草莓薄荷润唇膏滋润补水保湿芦荟秋冬学生凡士林护唇膏组合,Boquanya Strawberry Mint Lip Balm Dưỡng ẩm Dưỡng ẩm Aloe Vera cho học sinh mùa thu và mùa đông Kết hợp dưỡng môi Vaseline,False,False,,,Strawberry Mint Lip Balm,,dưỡng ẩm,,False,0.8,,0.43,False,False,False,False,,,
726938275228,beauty,彩妆WODWOD绒雾轻感奶霜唇釉女丝绒雾面哑光低饱和伪素颜显白口红,"Son môi dạng kem nhung mịn WODWOD Velvet Mist Light Cream dành cho nữ, son môi lì nhung mịn, màu tự nhiên, làm sáng môi.",False,False,,,Mist Light Cream,,,,False,0.926,,0.17,False,False,False,False,,,
926769622429,beauty,蜜束唇冻盈润水感滋润保湿嘟嘟唇清透水光镜面唇蜜显白口红学生女,"Son bóng bó mật ong, dưỡng ẩm, dưỡng ẩm, dưỡng ẩm, dưỡng ẩm, môi trong suốt, bóng nước, son bóng gương, son trắng, học sinh nữ",False,False,,,,,dưỡng ẩm,,False,0.867,,0.0,False,False,False,False,,,
694606961919,beauty,NOVO蜜吻奶冻唇膏笔 不掉色不沾杯防水滋润保湿素颜显白口红批发,"NOVO Honey Kiss Milk Jelly Lip Cream Pen không phai màu không dính cốc không thấm nước, dưỡng ẩm và dưỡng ẩm, Bán Buôn Son Trắng",False,False,,,Jelly Lip Cream,,,,False,0.963,,0.42,False,False,False,False,bán buôn,,
721513876464,beauty,HERORANGE~双头唇釉唇蜜口红雨衣肉桂奶茶透明裸色镜面嘟嘟唇平价,"HERORANGE ~ Son bóng hai đầu, son bóng, son bóng, Áo Mưa, trà sữa quế, màu nude trong suốt, gương, môi DUDU, giá rẻ",False,False,,,,,son bóng,~,False,0.92,,0.1,False,False,False,False,,,
809418407349,beauty,网红直播咪朵拉丝绒哑光不易沾杯口红唇膏雾面板粟奶咖色滋润学生,Trực tiếp nổi tiếng trên mạng Midola nhung mờ không dính son môi Son môi màu cà phê sữa bột mờ dưỡng ẩm cho học sinh,False,False,,,,,son môi,,False,0.867,,0.08,False,False,False,False,,,
669561165791,beauty,八只丝绒哑光唇釉套装口红持久保湿不易沾杯掉色防水学生唇彩批发,"Bộ Son môi tám nhung mờ Son dưỡng ẩm lâu trôi, không dễ dính cốc, Bán Buôn Son bóng học sinh không thấm nước",False,False,,,,,,,False,0.8,,0.22,False,True,False,False,bán buôn,,
968372826395,beauty,LESSXCOCO黑玫瑰魔法不沾杯口红持久保湿易上色淡化唇纹哑光口红,LESSXCOCO Black Rose Magic Không dính Cốc Son Môi Dưỡng Ẩm Lâu Dài Dễ Màu Và Pha Loãng Đường Môi Matte,False,False,,,Black Rose Magic,,,,False,0.84,,0.95,True,False,False,False,,,
527356401351,beauty,bob千娇百媚变色唇膏不掉色润泽保湿淡化唇纹学生党口红源头现货,"Bob Qianjiao Baimei son môi đổi màu không phai màu, dưỡng ẩm, dưỡng ẩm và phai màu đường viền môi, nguồn son môi dự tiệc sinh viên còn hàng",False,False,,,,,dưỡng ẩm,,False,1.036,,0.07,False,False,False,False,,,
988048096345,beauty,COAST BABY云霓之望唇轴雾面哑光丝绒显白素颜学生平价口红唇泥,COAS TBABY Yunni's Hope Lip Axis Matte Matte Velvet Làm trắng Đồng bằng Sinh viên Giá cả phải chăng Son môi Lip Mud,False,False,,,COAS TBABY Yunni's Hope Lip Axis Matte Matte,,,,False,1.0,,0.62,True,False,False,False,,,
713731205855,beauty,kekemood巧克力商店云朵唇霜细腻轻薄丝柔哑光持久不易掉色口红,"kekemood Chocolate Shop Cloud Lip Cream là loại son môi tinh tế, nhẹ nhàng, mượt mà, lì, lâu trôi và không dễ phai màu",False,False,,,Cloud Lip Cream,,,,False,0.96,,0.22,False,False,False,False,,,
846122900957,beauty,CAPUPU哑光雾面丝绒唇釉唇泥不掉色持久显白口红唇釉高颜值学生党,CAPUPU mờ mờ son nhung son môi son môi không phai màu son trắng lâu trôi son môi son môi son men sinh viên giá trị cao,False,False,,,,,son môi,,False,1.0,,0.0,False,False,False,False,,,
972588545440,beauty,久久日记甜心熊仔绒雾唇泥持妆不易掉色唇颊两用学生素颜显白口红,Jiujiu Nhật Ký Sweetheart Bear Velvet Mist Lip Mud Trang Điểm Lâu Trôi Không Dễ Phai Màu Môi Và Má Đôi Sinh Viên Làm Trắng Son Môi,False,False,,,Mist Lip Mud,,,,False,0.9,,1.0,True,False,False,False,,,
580478955681,beauty,novo5234奶柔冰淇淋丝绒唇釉雾面学生款保湿滋润唇彩染唇液批发,Novo5234 Kem Sữa Nhung Lip Glaze Matte Phong Cách Học Sinh Dưỡng Ẩm Son Bóng Lip Liquid Bán Buôn,False,False,,,Lip Glaze Matte,,,,False,0.76,,1.0,True,False,False,False,bán buôn,,
994213504914,beauty,美媞秀~随心倍润温变唇膏 伪素颜自然显嫩滋润提气色变色口红打底,"Mei Ti Xiu ~ Son dưỡng môi thay đổi màu dưỡng ẩm cho vẻ ngoài tự nhiên, lớp nền son môi thay đổi màu dưỡng ẩm và làm sáng.",False,False,,,,,,~,False,0.966,,0.11,False,False,False,False,,,
740288515205,beauty,新品~氤氲冰夜镜面唇釉持久不易掉色伪素颜显白水光玻璃唇彩,"Sản phẩm mới ~ Son bóng tráng gương đêm băng giá lâu trôi, không dễ phai màu, son bóng thủy tinh trắng trơn giả",False,False,,,,,,~,False,0.852,,0.05,False,False,False,False,,,
866388787515,beauty,KeKeMood星空唇粉霜丝绒雾面哑光哑光小众口红鸽血红不沾杯唇釉女,KeKeKeMood Star Lip Powder Cream nhung mờ mờ mờ son môi thích hợp màu đỏ máu chim bồ câu cốc không dính son bóng nữ,False,False,,,KeKeKeMood Star Lip,,,,False,0.962,,0.17,False,False,False,False,,,
878668707316,beauty,院线医用冷敷贴水光补水保湿无菌敷料重组胶原蛋白械字号修护面膜,"Rạp chiếu phim y tế chườm lạnh, nước, ánh sáng, dưỡng ẩm, băng vô trùng, tái tổ hợp collagen, mặt nạ sửa chữa kích thước phông chữ",False,False,,,,医美/敷料 (膜 bị dịch 'phim')->dịch lại theo ngữ cảnh,,,False,0.9,,0.0,False,False,False,False,,,
643824441881,beauty,泊泉雅黄瓜积雪草保湿面膜水润保湿温和滋润芦荟面膜精华面膜护肤,Mặt nạ dưỡng ẩm Boquanya Cucumber Centella asiatium dưỡng ẩm mặt nạ dưỡng ẩm nhẹ nhàng dưỡng ẩm mặt nạ dưỡng da tinh chất lô hội,False,False,,,Cucumber Centella asiatium,,,,False,0.867,,0.12,False,False,False,False,,,
898763048646,beauty,施逅寡肽玻尿酸冻干面膜补水保湿富勒烯面膜寡肽锁水焕肤面膜批发,Mặt nạ đông khô Shiburotide Axit hyaluronic Mặt nạ Fullerene dưỡng ẩm và dưỡng ẩm Mặt nạ trẻ hóa và khóa nước olitide Bán buôn,False,False,,,,,,,False,0.833,,0.25,False,True,True,False,bán buôn,,
997931660246,beauty,黄金撕拉面膜去角质深层清洁去黑头粉刺嫩滑肌肤男女士涂抹式面膜,"Mặt nạ lột vàng, tẩy tế bào chết, làm sạch sâu, loại bỏ mụn đầu đen và mụn trứng cá, làm mịn da, mặt nạ bôi cho nam và nữ",False,False,,,,,,,False,1.0,,0.0,False,True,False,False,,,
983559223640,beauty,仕月玫瑰亮肤发酵面膜舒缓亮白抗皱保湿草本植萃精华原液懒人面膜,"Shiyue Rose Brightening Fermentation Mask Làm dịu, làm trắng, chống nhăn Dưỡng ẩm chiết xuất thảo dược thực vật Tinh chất Mặt nạ lười",False,False,,,Rose Brightening Fermentation Mask,,,,False,0.8,,0.35,False,False,False,False,,,
540725830022,beauty,碧柏雅壬二酸毛孔清洁泥膜保湿深层清洁角质收缩毛孔面膜正品批发,Bibeya Azelaic Acid Mặt nạ bùn làm sạch lỗ chân lông Dưỡng ẩm Làm sạch sâu Lớp biểu bì Thu nhỏ lỗ chân lông Mặt nạ chính hãng Bán buôn,False,False,,,Bibeya Azelaic Acid,,,,False,1.0,,0.31,False,False,False,False,bán buôn,,
987497968878,beauty,美中0添加桃花生物发酵面膜护肤定制保湿焕亮滋润深层补水紧致,"Meizhong 0 thêm mặt nạ lên men sinh học hoa đào chăm sóc da tùy chỉnh dưỡng ẩm, làm sáng, dưỡng ẩm, dưỡng ẩm sâu và làm săn chắc",False,False,,,,,dưỡng ẩm,,False,1.0,,0.0,False,False,False,False,,,
668281045776,beauty,泊泉雅胶原蛋白紧肤晚安冻膜清爽温和紧致修护涂抹式面膜睡眠面膜,Boquanya Collagen Firming Night Good Jelly Mask Refreshing and Gentle Firming Repair Mask Mặt nạ ngủ,False,False,,,Firming Night Good Jelly Mask Refreshing || Gentle Firming Repair Mask,,,,False,0.533,,0.8,True,False,False,False,,,
621850361843,beauty,法汀妮大米面膜 水润保湿滋润锁水弹润天然保湿补水面膜女士,Mặt nạ gạo Fatini Dưỡng ẩm Dưỡng ẩm Khóa ẩm Dưỡng ẩm Mặt nạ dưỡng ẩm tự nhiên dành cho nữ,False,False,,,,,dưỡng ẩm,,False,0.778,,0.3,False,False,False,False,,,
627358163343,beauty,MAZO茄子泥膜补水保湿深层清洁小布丁涂抹式睡眠面膜网红同款,"Mặt nạ bùn Cà tím MAZO, dưỡng ẩm, làm sạch sâu, mặt nạ ngủ bôi bánh pudding, cùng mẫu nổi tiếng trên mạng",False,False,,,,爆款->mẫu bán chạy,,,False,0.885,,0.05,False,False,False,False,,,
681998630284,beauty,玻尿酸水润嫩肤面膜保湿补水滋润精华舒缓积雪草寡肽冰膜正品批发,"Mặt nạ trẻ hóa dưỡng ẩm axit hyaluronic, dưỡng ẩm, dưỡng ẩm, dưỡng ẩm, tinh chất làm dịu, mặt nạ Băng diopeptide, Bán Buôn chính hãng",False,False,,,,,dưỡng ẩm,,False,0.867,,0.12,False,False,False,False,bán buôn,,
641293349942,beauty,慕斯女孩洋甘菊舒缓面膜保湿补水修护女士跨境专供舒缓面膜洋甘菊,"Mặt nạ làm dịu da Mousse Girl Chamomile, dưỡng ẩm và phục hồi dành cho nữ, mặt nạ làm dịu da độc quyền xuyên biên giới với chiết xuất hoa cúc.",False,False,,,Mousse Girl Chamomile,,,,False,1.033,,0.1,False,False,False,False,xuyên biên giới,,
822893988590,beauty,韩国进口JM面膜面膜药丸面膜面膜玻尿酸B5面膜蜂蜜珍珠面膜急救,Mặt nạ JM nhập khẩu Hàn Quốc mặt nạ viên thuốc mặt nạ axit hyaluronic B5 mặt nạ mặt nạ ngọc trai mật ong sơ cứu,False,False,,,,,mặt nạ,,False,0.963,,0.12,False,False,False,False,,,
636350160194,beauty,米蓓尔轻龄紧致蓝铜胜肽修护涂抹面膜 抗皱舒缓泥膜蓝绷带面膜,"Mặt nạ phục hồi peptide đồng xanh Mibell Youth Firming, mặt nạ bùn làm dịu chống nhăn, mặt nạ băng xanh",False,False,,,Mibell Youth Firming,,,,False,0.75,,0.15,False,False,False,False,,,
922941485355,beauty,Fykly玫瑰洋甘菊鲜花面膜补水保湿莹润舒缓弹嫩改善肌肤暗沉Y3566,"Fykly Rose Chamomile Flower Mask Dưỡng ẩm, dưỡng ẩm, làm dịu, đàn hồi và cải thiện làn da xỉn màu Y3566",False,False,,,,,dưỡng ẩm,,False,0.84,,0.3,False,False,False,False,,,
677642498248,beauty,施逅寡肽玻尿酸冻干面膜补水保湿富勒烯面膜寡肽锁水焕肤面膜批发,Mặt nạ đông khô Shiburotide Axit Hyaluronic Mặt nạ Fullerene dưỡng ẩm và dưỡng ẩm Mặt nạ trẻ hóa và khóa nước olitide Bán buôn,False,False,,,,,,,False,0.833,,0.29,False,False,True,False,bán buôn,,
677392911936,beauty,韩婵芦荟面膜 补水保湿滋润嫩肤提靓肌肤面部护理 面膜批发,"Mặt nạ lô hội Han Chan, dưỡng ẩm, dưỡng ẩm, trẻ hóa da, mặt nạ chăm sóc da mặt bán buôn",False,False,,,,,dưỡng ẩm,,False,0.808,,0.1,False,False,False,False,bán buôn,,
743642956706,beauty,泊泉雅海藻熊果苷保湿面膜 补水莹润水润护肤焕光透亮 面膜批发,Mặt nạ dưỡng ẩm Boquanya Seaweed Arbutin Dưỡng ẩm Dưỡng ẩm Dưỡng ẩm Dưỡng ẩm Dưỡng ẩm Dưỡng ẩm Mặt nạ làm sáng và mờ Bán buôn,False,False,,,,,dưỡng ẩm,,False,0.964,,0.42,False,False,False,False,bán buôn,,
772065575701,beauty,敷尔佳面膜清痘净肤修护贴5p敏感肌温和祛痘控油舒缓泛红修护痘肌,"Miếng dán trị mụn và phục hồi da Fuljia, cấp ẩm và dưỡng ẩm, tăng cường hàng rào bảo vệ, làm ổn định da, loại bỏ mụn và làm sáng da.",False,False,5,,,,,,False,1.069,,0.03,False,False,False,False,,,
777514999575,beauty,比芭美377美白淡斑面膜美容院专用 补水保湿提亮肤色美白面膜批发,"Biba Beauty 377 Mặt nạ làm trắng và làm trắng da mặt Salon làm đẹp Mặt nạ đặc biệt dưỡng ẩm, dưỡng ẩm, làm sáng và làm trắng da mặt Bán buôn",False,False,,,,,dưỡng ẩm,,False,1.107,,0.17,False,False,False,False,bán buôn,,
739923410145,beauty,DoMeCare欣兰冻膜清洁涂抹式面膜温和补水泥膜黑膜150g/225g/500g,DoMeCare Xinlan Frozen Mask Làm sạch và thoa mặt nạ Mặt nạ đất sét dưỡng ẩm nhẹ nhàng Mặt nạ đen 150g/225g/500g,False,False,,,,,mặt nạ,,False,1.263,,0.26,False,False,False,False,,,
758423514284,beauty,斐思妮积雪草植物修护面膜控油修护舒缓敏感抗皱紧致水润保湿面膜,Fisni centella asiatica mặt nạ sửa chữa thực vật kiểm soát dầu sửa chữa làm dịu nhạy cảm chống nhăn làm săn chắc dưỡng ẩm mặt nạ dưỡng ẩm,False,False,,,Fisni centella asiatica,,,,False,0.967,,0.0,False,False,False,False,,,
989810769401,beauty,抖音爆款小鹿面膜补水保湿逆龄以油养肤抗皱紧致提亮肤色润肤面膜,"Mặt nạ hươu nổi tiếng của Douyin là mặt nạ dưỡng ẩm, dưỡng ẩm, chống lão hóa, nuôi dưỡng dầu, chống nhăn, làm săn chắc, làm sáng và dưỡng ẩm.",False,False,,,,,dưỡng ẩm,,False,1.0,,0.03,False,False,False,False,,,
880089676794,beauty,黑白松露烟酰胺面膜提亮肤色修护淡化暗沉紧致抗皱淡纹补水护肤品,Mặt nạ Black and White Truffle Nicotinamide làm sáng màu da,False,False,,,,,,,False,0.367,vi_qua_ngan,0.4,False,False,False,False,,,
982191624271,beauty,LEADR黄芪抗皱淡纹面膜补水保湿滋润双抗紧致提亮修复舒缓面膜贴,"Mặt nạ làm sáng da chống nhăn LEADR Astragalus Dưỡng ẩm, dưỡng ẩm, chống săn chắc gấp đôi, làm sáng, phục hồi và làm dịu da",False,False,,,,,dưỡng ẩm,,False,0.963,,0.08,False,False,False,False,,,
527298234722,beauty,形象美玻尿酸面膜 补水保湿滋润嫩肤抗皱淡纹提靓肌肤 面膜批发,"Mặt nạ Hyaluronic Acid Image Beauty dưỡng ẩm, làm mềm da, trẻ hóa, chống nhăn, làm mờ nếp nhăn, cải thiện làn da, bán buôn mặt nạ dưỡng da",False,False,,,Acid Image Beauty,,,,False,1.036,,0.14,False,False,False,False,bán buôn,,
795872389272,beauty,碧柏雅壬二酸毛孔清洁泥膜涂抹水洗护肤式白保湿补水嫩肤面膜膏,"Mặt nạ bùn làm sạch lỗ chân lông Bibeya Azelaic Acid, Thoa và rửa sạch, Kiểu chăm sóc da, Làm trắng, Dưỡng ẩm, Kem mặt nạ trẻ hóa",False,False,,,Bibeya Azelaic Acid,,,,False,0.966,,0.3,False,False,False,False,,,
965093756173,beauty,eiio奕沃致润水感面膜补水致润水感面膜保湿修护水润柔润敏肌适用,"Mặt nạ dưỡng ẩm Yiwo là một loại mặt nạ dưỡng ẩm và cấp nước, phù hợp với da nhạy cảm.",False,False,,,,,,,False,0.75,,0.05,False,False,True,False,,,
778319507852,beauty,斐思妮积雪草植物修护面膜深层补水舒缓敏感抗皱紧致水润保湿护肤,Fisni centella asiatica mặt nạ sửa chữa thực vật dưỡng ẩm sâu làm dịu nhạy cảm chống nhăn làm săn chắc dưỡng ẩm chăm sóc da,False,False,,,Fisni centella asiatica,,,,False,0.867,,0.0,False,False,False,False,,,
803605194617,beauty,【严选377组合】淡斑美白面膜377系列美白祛斑精华次抛爽肤水面霜,[Kết hợp 377 được lựa chọn cẩn thận] Mặt nạ làm trắng và làm trắng da Dòng 377 Tinh chất làm trắng và tàn nhang Kem dưỡng da mặt,False,False,,,,,,[],False,1.08,,0.15,False,False,False,False,,,
654883797485,beauty,施逅微晶法令纹淡化细纹扛皱贴保湿紧致v脸提拉面膜法令纹贴代发,Miếng dán nếp nhăn làm mờ nếp nhăn vi tinh thể,False,False,,,,,,,False,0.379,vi_qua_ngan,0.0,False,False,False,False,,,
697125105463,beauty,DSU美白祛斑面膜 补水保湿抗皱滋润贴片面膜面部护肤品正品批发,"Mặt nạ dưỡng trắng và trị tàn nhang DSU Dưỡng ẩm, dưỡng ẩm, chống nhăn và nuôi dưỡng Sản phẩm chăm sóc da mặt Bán buôn chính hãng",False,False,,,,,dưỡng ẩm,,False,1.037,,0.12,False,False,False,False,bán buôn,,
720190122269,beauty,全英文SADEOR维生素C安瓶精华Facial mask 补水面膜跨境外贸批发,Tất cả tiếng Anh SADEOR Vitamin C amping tinh chất mặt nạ dưỡng ẩm Facial mask bán buôn ngoại thương xuyên biên giới,False,False,,,,全英文->bao bì tiếng Anh,,,False,1.15,,0.19,False,False,False,False,"bán buôn, xuyên biên giới",,
962175484341,beauty,欧姿萃黄金鱼子盈润透亮面膜鲟鱼子面膜补水保湿抗皱紧致亮肤,"Mặt nạ dưỡng ẩm và mờ nhạt Ouzicui Gold Caviar Mặt nạ trứng cá chình dưỡng ẩm, dưỡng ẩm, chống nhăn, làm săn chắc và làm sáng da",False,False,,,,,dưỡng ẩm,,False,1.0,,0.15,False,True,False,False,,,
676968916877,beauty,CISU黄瓜精华水润保湿面膜批发富勒烯冷萃积雪草密集补水保湿面膜,Mặt nạ dưỡng ẩm tinh chất dưa chuột CISU Bán buôn Fullerene Cold Brew Centella Asiatica Mặt nạ dưỡng ẩm dưỡng ẩm chuyên sâu,False,False,,,Cold Brew Centella Asiatica,,dưỡng ẩm,,False,0.857,,0.32,False,False,True,False,bán buôn,,
919088094212,beauty,全英文安瓶精华面膜 SADOER玻尿酸补水维生素C保湿跨境外贸批发,Tất cả tiếng Anh mặt nạ tinh chất amping SADOER axit hyaluronic dưỡng ẩm vitamin C bán buôn ngoại thương xuyên biên giới,False,False,,,,全英文->bao bì tiếng Anh,,,False,0.92,,0.1,False,False,False,False,"bán buôn, xuyên biên giới",,
764301460452,beauty,全英文SADOER玻尿酸保湿抗氧化Facial mask 女神面膜跨境外贸批发,Tất cả tiếng Anh SADOER axit hyaluronic dưỡng ẩm chống oxy hóa Mặt nạ nữ thần Mặt nạ ngoại thương xuyên biên giới,False,False,,,,全英文->bao bì tiếng Anh,,,False,1.095,,0.14,False,False,False,False,xuyên biên giới,,
678065821366,beauty,施逅c60富勒烯面膜单片补水保湿面膜冻干粉冰膜柔滑淡纹冰膜批发,Mặt nạ Fullerene Shihui c60 Mặt nạ dưỡng ẩm và dưỡng ẩm một mảnh Mặt nạ đá bột đông khô Mặt nạ đá mềm mịn và mờ Mặt Nạ Đá bán buôn,False,False,,,,,,,False,1.143,,0.26,False,False,True,False,bán buôn,,
683252914172,beauty,碧素堂八杯水莹润补水面膜盒装补水滋润保湿活肤滋润面膜护肤品,Bisutang tám cốc nước Mặt nạ dưỡng ẩm dạng hộp mặt nạ dưỡng ẩm dưỡng ẩm phục hồi da,False,False,,,,,dưỡng ẩm,,False,0.655,,0.06,False,False,False,False,,,
739923104776,beauty,绽妍维生素原b5精润保湿面膜水乳霜 补水保湿舒缓修护皮肤屏障,"Mặt nạ dưỡng ẩm tinh tế và dưỡng ẩm cho mặt nạ dưỡng ẩm vitamin gốc B5 kem dưỡng ẩm, dưỡng ẩm, làm dịu và sửa chữa hàng rào bảo vệ da",False,False,,,,,dưỡng ẩm,,False,1.185,,0.03,False,False,False,False,,,
778376635783,beauty,润百颜玻尿酸丰盈焕颜面膜 保湿修护紧致抗皱淡化干纹紫晶面膜,Mặt nạ dưỡng ẩm Baiyan Hyaluronic Acid làm đầy và trẻ hóa,False,False,,,,,,,False,0.429,vi_qua_ngan,0.27,False,False,False,False,,,
811592284877,beauty,混搭60片一箱】十款丽素丽速60片院线装面膜备注指定蓝护三文鱼,"Phối và kết hợp 60 miếng mỗi hộp] Mười loại Lisu Lisu 60 miếng, mặt nạ ràng buộc ren bệnh viện, salmon bảo vệ được chỉ định màu xanh",False,False,,,,,,],False,1.038,,0.12,False,False,False,False,,,
623398595649,beauty,婴国天使婴儿蚕丝面膜10片装保湿滋润补水提亮肤色厂家批发代发,"Baby Country Angel Baby Silk Mask 10 miếng Dưỡng ẩm, dưỡng ẩm, dưỡng ẩm và làm sáng màu da",False,False,,,,,dưỡng ẩm,,False,0.643,,0.35,False,False,False,False,,,
980589915613,beauty,冰肤之萃焕活童颜胶原蛋白灌注面膜分体式白变透紧致抗皱面膜,Chiết xuất từ da băng Phục hồi trẻ con Mặt nạ truyền collagen chia trắng trong mờ Làm săn chắc mặt nạ chống nhăn,False,False,,,,,,,False,0.857,,0.13,False,True,True,False,,,
847590559560,beauty,玖美堂黑海盐净透泡泡面膜 补水保湿清爽面膜面部护理 厂家批发,Jiumeitang Black Sea Salt Cleansing Bubble Mask Dưỡng ẩm Làm mới Mặt nạ Chăm sóc da mặt Bán buôn,False,False,,,Black Sea Salt Cleansing Bubble Mask,,,,False,0.679,,0.61,True,False,False,False,bán buôn,,
710578657779,beauty,单片装施逅黄睡莲熬夜焕颜面膜保湿补水滋润嫩肤面部护理正品批发,"Gói đơn Shihanghuang Water Lily Thức khuya Mặt nạ trẻ hóa dưỡng ẩm, dưỡng ẩm, dưỡng ẩm và trẻ hóa da mặt, bán buôn chính hãng",False,False,,,,,dưỡng ẩm,,False,0.867,,0.2,False,False,False,False,bán buôn,,
805834824450,beauty,全英文SADOER骨胶原抗皱睡眠面膜 补水保湿Facial mask外贸跨境,Mặt nạ ngủ chống nhăn Collagen toàn tiếng Anh,False,False,,,,,,,False,0.45,vi_qua_ngan,0.25,False,True,False,False,,,
865921183448,beauty,【15min起效】玻色因多肽紧致修护面膜抗皱淡纹补水保湿【盒装】,"[Hiệu quả từ 15 phút] Mặt nạ làm săn chắc và phục hồi da Bosein Polypeptide chống nhăn, dưỡng ẩm và dưỡng ẩm [Đóng hộp]",False,False,,,,,,[],False,1.043,,0.17,False,False,False,False,,,
849482286455,beauty,FLOWERWAY水晶番茄面膜保湿补水提亮肤色玻尿酸修护水光面膜贴片,"Mặt nạ cà chua pha lê FLOWERWAY dưỡng ẩm, dưỡng ẩm và làm sáng màu da, mặt nạ dưỡng ẩm phục hồi axit hyaluronic",False,False,,,,,dưỡng ẩm,,False,0.96,,0.0,False,False,False,False,,,
822969947362,beauty,一枝春玻尿酸补水面膜美白保湿提亮肤色紧致滋润贴片面膜厂家批发,"Yizhichun Hyaluronic Acid Hydrating Mask Làm trắng, dưỡng ẩm, làm sáng da, làm săn chắc và dưỡng ẩm Mặt nạ chuyên dụng Nhà sản xuất Bán buôn",False,False,,,Acid Hydrating Mask,,,,False,0.9,,0.31,False,False,False,False,"bán buôn, nhà máy|nhà sản xuất",,
652554212023,beauty,容倾城复活草水凝润肤面膜面部护理补水保湿嫩肤提亮护肤品批发,Rongqingcheng Resurrection Grass Water Gel Mặt nạ dưỡng ẩm Chăm sóc da mặt Dưỡng ẩm Dưỡng ẩm Trẻ hóa Làm sáng Sản phẩm chăm sóc da Bán buôn,False,False,,,Resurrection Grass Water,,dưỡng ẩm,,False,0.966,,0.44,False,False,False,False,bán buôn,,
672799696136,beauty,膜粉世家玫瑰软膜粉1000g美年代洋甘菊薄荷亮肤保湿院线护理面膜,Mặt nạ bột gia đình hoa hồng mặt nạ mềm bột 1000g tuổi Mỹ táo bạc Hà tỏa sáng dưỡng ẩm rạp chiếu phim mặt nạ chăm sóc,False,False,,,,医美/敷料 (膜 bị dịch 'phim')->dịch lại theo ngữ cảnh,,,False,1.037,,0.07,False,False,False,False,,,
919012844479,beauty,冰美式面膜*30片 冰美式熬夜紧致抗皱 补水保湿咖啡面膜现货代发,Mặt nạ Ice American * 30 miếng Mặt nạ cà phê Ice American ở lại trì hoãn làm săn chắc chống nhăn và dưỡng ẩm sẵn sàng giao hàng,False,False,,,,,,*,False,1.0,,0.19,False,False,False,False,,,
908473725299,beauty,洋甘菊面膜补水保湿滋养干燥肌肤柔润肌肤收缩毛孔提亮肤色面膜,"Mặt nạ hoa cúc, dưỡng ẩm, dưỡng ẩm, dưỡng da khô, làm mềm da, thu nhỏ lỗ chân lông, làm sáng da, mặt nạ",False,False,,,,,dưỡng ẩm,,False,0.828,,0.0,False,False,False,False,,,
922730500286,beauty,沿美博士玫瑰红茶紧致免洗睡眠面膜润颜淡细纹补水保湿涂抹面膜,Yanmei Dr. Rose Black Tea Làm săn chắc và không rửa mặt nạ ngủ Mặt nạ dưỡng ẩm làm sáng nếp nhăn,False,False,,,Dr Rose Black Tea,,,,False,0.759,,0.29,False,False,False,False,,,
660394704245,beauty,积雪草面膜女护肤品补水保湿面部护理玻尿酸胶原蛋白面膜正品批发,Mặt nạ Centella asiatica dành cho nữ Sản phẩm chăm sóc da dưỡng ẩm Chăm Sóc Da Mặt Mặt Mặt nạ Collagen axit hyaluronic chính hãng bán buôn,False,False,,,,,,,False,0.933,,0.33,False,False,True,False,bán buôn,,
963867922364,beauty,【单买面膜】电子面膜抗皱紧致淡化细纹AI面膜面部普拉提肌肉提拉,"【Mua một lần một chiếc mặt nạ điện tử】Mặt nạ điện tử chống nhăn, làm săn chắc và giảm nếp nhăn, Mặt nạ điện tử AI dành cho tập Pilates và nâng cơ mặt.",False,False,,,,,,【】,False,1.296,,0.09,False,False,False,False,,,
904428792204,beauty,抖音爆款红绷带V脸面膜玫瑰胶原提拉紧致面部塑形挂耳式面膜批发,Mặt nạ mặt chữ V băng đỏ phong cách bùng nổ Douyin mặt nạ hoa hồng collagen nâng cơ làm săn chắc khuôn mặt mặt mặt mặt đeo tai bán buôn,False,False,,,,爆款->mẫu bán chạy,mặt mặt,,False,1.069,,0.07,False,False,False,False,bán buôn,,
604611153005,beauty,玖美堂黑海盐净透补水保湿泡泡面膜清爽干燥面膜温和面部护理,Jiumeitang Black Sea Salt Cleansing Moisturizing Bubble Mask Mặt nạ làm mới và khô Mặt nạ dưỡng da mặt dịu nhẹ,False,False,,,Black Sea Salt Cleansing Moisturizing Bubble Mask,,,,False,0.75,,0.45,False,False,False,False,,,
714481716034,beauty,全英文SADOER茶树祛痘控油Facial mask 学生补水面膜跨境外贸批发,Tất cả tiếng Anh SADOER Tea Tree Control Oil Control Facial mask mặt nạ dưỡng ẩm cho học sinh ngoại thương xuyên biên giới,False,False,,,Tea Tree Control || Control Facial mask,全英文->bao bì tiếng Anh,,,False,1.143,,0.32,False,False,False,False,xuyên biên giới,,
892554237380,beauty,全英文SADOER动物斑马图案嫩肤面膜 滋润保湿面膜跨境外贸批发,Tất cả tiếng Anh SADOER Animal Zebra Mô hình trẻ hóa da Mặt nạ dưỡng ẩm Mặt nạ dưỡng ẩm Bán buôn ngoại thương xuyên biên giới,False,False,,,,全英文->bao bì tiếng Anh,,,False,1.08,,0.28,False,False,False,False,"bán buôn, xuyên biên giới",,
662688917175,beauty,施逅胶原蛋白紧肤晚安冻膜清爽温和补水保湿紧致涂抹式睡眠面膜,Mặt nạ làm săn chắc da mặt nạ ngủ ban đêm,False,False,,,,,,,False,0.379,vi_qua_ngan,0.0,False,False,False,False,,,
610638836708,beauty,欧佩深海倍润补水保湿冰膜冰1片补水保湿护肤品滋养面膜代发抖音,Mặt nạ nước đá dưỡng ẩm và dưỡng ẩm Oupei Deep Sea,False,False,1,,,,,,False,0.414,vi_qua_ngan,0.27,False,False,False,False,,,
556369795327,beauty,一枝春蚕丝蛋白面膜补水保湿呵护美白化妆品面膜片装免洗厂家批发,Yizhichun Silk Protein Mask Dưỡng ẩm Dưỡng ẩm Dưỡng ẩm Làm Trắng Mỹ phẩm Mặt nạ Miếng Không giặt Nhà Máy Bán buôn,False,False,,,,,dưỡng ẩm,,False,0.767,,0.68,True,False,False,False,"bán buôn, nhà máy|nhà sản xuất",,
861622282556,beauty,FLOWERWAY童颜胶原蛋白灌注面膜补水保湿柔润肌肤不粘腻贴片面膜,Mặt nạ nạp collagen trẻ em FLOWERWAY,False,False,,,,,,,False,0.28,vi_qua_ngan,0.0,False,False,False,False,,,
939162632228,beauty,CISU黄瓜精华水润保湿面膜批发富勒烯冷萃积雪草密集补水保湿面膜,Mặt nạ dưỡng ẩm và dưỡng ẩm tinh chất dưa chuột CISU bán buôn mặt nạ dưỡng ẩm và dưỡng ẩm chuyên sâu chiết xuất lạnh fullerene,False,False,,,,,,,False,0.964,,0.0,False,True,True,False,bán buôn,,
895879445716,beauty,c咖泥膜小罐第三代清洁泥膜去毛孔黑头精华清洁面膜涂抹面膜正品,C mặt nạ bùn cà phê lon nhỏ mặt nạ bùn làm sạch thế hệ thứ ba để loại bỏ lỗ chân lông và mụn đầu đen tinh chất làm sạch mặt nạ mặt nạ chính hãng,False,False,,,,,mặt nạ,,False,1.276,,0.0,False,False,False,False,,,
744831952806,beauty,玫黛琳胶原玻尿酸保湿面膜补水保湿滋润平衡油脂贴片面膜厂家批发,Mặt nạ dưỡng ẩm Mei Dailin Collagen Hyaluronic Acid Dưỡng ẩm Dưỡng ẩm Dưỡng ẩm Cân bằng Dầu mỡ Nhà sản xuất Mặt nạ Bán buôn,False,False,,,,,dưỡng ẩm,,False,0.867,,0.52,False,False,False,False,"bán buôn, nhà máy|nhà sản xuất",,
910437980137,beauty,黄金撕拉面膜去角质深层清洁去黑头粉刺嫩滑肌肤男女士涂抹式面膜,"Mặt nạ lột vàng, tẩy tế bào chết, làm sạch sâu, loại bỏ mụn đầu đen và mụn trứng cá, làm mịn da, mặt nạ bôi cho nam và nữ",False,False,,,,,,,False,1.0,,0.0,False,True,False,False,,,
838864588238,beauty,KISSMWAH冰美式熬夜面膜贴补水保湿面膜片贴片面膜面部护理护肤品,KISSMWAH Ice American Stay Up Night Mask Patch Hydrating Mặt nạ dưỡng ẩm Patch Mask Sản phẩm chăm sóc da mặt,False,False,,,Night Mask Patch Hydrating,,,,False,0.808,,0.58,False,False,False,False,,,
934057144557,beauty,DSU肤研美白祛斑面膜 提靓肤色补水润泽保湿收缩毛孔美白面膜批发,"Mặt nạ làm trắng da chống tàn nhang DSU cải thiện màu da, dưỡng ẩm và dưỡng ẩm, thu nhỏ lỗ chân lông, mặt nạ làm trắng da bán buôn",False,False,,,,,,,False,1.071,,0.0,False,False,True,False,bán buôn,,
521654712023,beauty,一枝春蚕丝蛋白面膜补水保湿滋润祛痘提亮肤色面膜化妆品泊泉雅,"Mặt nạ protein tơ tằm Yizhichun dưỡng ẩm, dưỡng ẩm, trị mụn, làm sáng da, mặt nạ mỹ phẩm Boquanya",False,False,,,,,dưỡng ẩm,,False,0.69,,0.11,False,False,False,False,,,
998234056250,beauty,冰肤之萃焕活童颜胶原蛋白灌注面膜分体式白变透紧致抗皱面膜,Chiết xuất từ da băng Phục hồi trẻ con Mặt nạ truyền collagen chia trắng trong mờ Làm săn chắc mặt nạ chống nhăn,False,False,,,,,,,False,0.857,,0.13,False,True,True,False,,,
842936076158,beauty,韩纪玫瑰洋甘菊薄荷美容院专用软膜粉补水保湿亮肤泥膜紧致面膜粉,Han Ji Rose Chamomile Mint Thẩm mỹ viện Bột mặt nạ mềm đặc biệt Mặt nạ bùn dưỡng ẩm và làm sáng da Bột mặt nạ làm săn chắc,False,False,,,Ji Rose Chamomile Mint,,,,False,0.967,,0.29,False,False,False,False,,,
828167192848,beauty,正品黎汀集面膜补水保湿滋润提亮肤色黎汀集彩色面膜批发代发,"Mặt nạ Li Ting Ji chính hãng, dưỡng ẩm, dưỡng ẩm và làm sáng màu da, mặt nạ Li Ting Ji màu bán buôn",False,False,,,,,dưỡng ẩm,,False,0.857,,0.26,False,False,False,False,bán buôn,,
682373103121,beauty,冰菊玻尿酸紧致补水面膜精华滋润保湿干燥肌肤护肤品化妆品批发,Bingju Hyaluronic Acid Firming Moisturizing Mask Essence Dưỡng ẩm cho da khô Sản phẩm chăm sóc da Bán buôn mỹ phẩm,False,False,,,Acid Firming Moisturizing Mask Essence,,,,False,0.724,,0.45,False,False,False,False,bán buôn,,
797841972080,beauty,全英文SADOER植物玫瑰面膜Facial mask 补水嫩肤面膜跨境外贸批发,Tất cả tiếng Anh SADOER Plant Rose Mask Facial mask mặt nạ trẻ hóa da mặt bán buôn ngoại thương xuyên biên giới,False,False,,,Plant Rose Mask Facial mask,全英文->bao bì tiếng Anh,,,False,1.095,,0.24,False,False,False,False,"bán buôn, xuyên biên giới",,
947412894724,beauty,上朵美白祛斑修护保湿面膜补水滋润修护保湿淡化色斑面膜贴护肤品,"Mặt nạ dưỡng ẩm sửa chữa tàn nhang Shangduomei Mặt nạ dưỡng ẩm dưỡng ẩm, dưỡng ẩm, dưỡng ẩm, làm mờ vết nám, sản phẩm chăm sóc da",False,False,,,,,dưỡng ẩm,,False,0.933,,0.07,False,False,False,False,,,
1000016992131,beauty,郁美净儿童面膜3岁6-12晒后舒缓降温补水保湿男女宝宝专用修护,"Mặt nạ trẻ em Yumeijing dành cho trẻ từ 3-12 tuổi, làm dịu da sau khi tiếp xúc với ánh nắng mặt trời, làm mát, dưỡng ẩm, phục hồi đặc biệt cho bé trai và bé gái.",False,False,6,,,,,,False,1.385,,0.03,False,False,False,False,,,
898356897969,beauty,全英文SADOER草莓保湿补水面膜 滋润嫩肤提亮面膜跨境外贸批发,Tất cả tiếng Anh SADOER Strawberry Moisturizing Moisturizing Moisturizing Mặt nạ làm sáng da Bán buôn ngoại thương xuyên biên giới,False,False,,,Strawberry Moisturizing Moisturizing Moisturizing,全英文->bao bì tiếng Anh,,,False,0.84,,0.37,False,False,False,False,"bán buôn, xuyên biên giới",,
683691554635,beauty,全英文SADOER姜黄泡泡面膜竹炭深层洁净肌肤泡泡面膜跨境外贸批发,Tất cả tiếng Anh SADOER nghệ bong bóng mặt nạ than tre làm sạch sâu da bong bóng mặt nạ ngoại thương xuyên biên giới,False,False,,,,全英文->bao bì tiếng Anh,,,False,0.926,,0.04,False,False,False,False,xuyên biên giới,,
640448054251,beauty,玻尿酸补水面膜保湿滋润舒护舒缓细致毛孔蚕丝酵母面膜批发正品,"Mặt nạ dưỡng ẩm axit hyaluronic, dưỡng ẩm, làm dịu, làm dịu lỗ chân lông, mặt nạ men tơ tằm bán buôn chính hãng",False,False,,,,,làm dịu,,False,0.828,,0.0,False,False,False,False,bán buôn,,
673191852582,beauty,泊泉雅补水芦荟胶面膜片装 清爽不粘腻补水保湿滋润 睡眠免洗面膜,"Mặt nạ gel lô hội dưỡng ẩm Boquanya miếng làm mới, không dính, dưỡng ẩm, dưỡng ẩm, ngủ, không rửa mặt",False,False,,,,,dưỡng ẩm,,False,0.724,,0.05,False,False,False,False,,,
920591457610,beauty,金妮雅海洋胶原蛋白补水睡眠面膜温和保湿改善熬夜肌现货现发,Jinniya Ocean Collagen Moisturizing Sleeping Mask Dưỡng ẩm nhẹ nhàng Cải thiện cơ bắp thức khuya,False,False,,,Moisturizing Sleeping Mask,,,,False,0.571,,0.47,False,False,False,False,,,
885657199085,beauty,颜里熬夜光感面膜保湿补水滋润熬夜光感面膜改善细纹熬夜涂抹面膜,Yanli Thức khuya Mặt nạ Ánh sáng Dưỡng ẩm Dưỡng ẩm Thức khuya Mặt nạ Ánh sáng Cải thiện nếp nhăn Mặt nạ Thức khuya,False,False,,,,,dưỡng ẩm,,False,0.833,,0.46,False,False,False,False,,,
788492294367,beauty,可复美胶原蛋白舒护亮泽面膜 小蓝杯涂抹面膜修护舒缓保湿焕亮,Mặt nạ làm dịu và sáng da Collagen có thể phục hồi,False,False,,,,,,,False,0.429,vi_qua_ngan,0.09,False,False,False,False,,,
942091608579,beauty,形象美Ⅲ型胶原蛋白多肽抗皱面膜 补水滋润紧致肌肤淡化细纹 面膜,"Image Beauty Type Ⅲ Mặt nạ chống nhăn Collagen Peptide Dưỡng ẩm, dưỡng ẩm, làm săn chắc da và làm mờ nếp nhăn",False,False,,,,,dưỡng ẩm,,False,0.821,,0.32,False,False,False,False,,,
652214913112,beauty,玻尿酸蚕丝面膜补水保湿24k黄金富勒烯积雪草面膜批发一件代发,"Mặt Nạ Tơ Tằm axit hyaluronic, dưỡng ẩm và dưỡng ẩm, mặt nạ vàng fullerene, Bán Buôn một miếng",False,False,24,,,,,,False,0.704,,0.28,False,False,False,False,bán buôn,,
860064564560,beauty,韦雪同款水晶番茄焕采面膜补水保湿熬夜提亮肤色改善暗沉贴片面膜,Mặt nạ trẻ hóa cà chua pha lê tương tự của Wei Xue,False,False,,,,,,,False,0.433,vi_qua_ngan,0.17,False,False,False,False,,,
762101478509,beauty,ENSEO双重577水光焕亮精华面膜保湿舒缓紧致盒装377面膜贴片厂家,"Mặt Nạ Tinh Chất Dưỡng Ẩm, Làm Sáng Da, Làm Dịu Và Căng Bóng ENSEO Double 577 Water-Glowing Brightening Essence, Hộp 377 Miếng, Sản Xuất Bởi Nhà Sản Xuất Mặt Nạ",False,False,,,Water-Glowing Brightening Essence,,,,False,1.25,,1.0,True,False,False,False,nhà máy|nhà sản xuất,,
531318906253,beauty,形象美自然保湿芦荟胶补水保湿滋润免洗凝胶面霜滋润睡眠面膜批发,Hình ảnh vẻ đẹp tự nhiên dưỡng ẩm Gel lô hội dưỡng ẩm dưỡng ẩm không cần rửa mặt Gel dưỡng ẩm Mặt nạ ngủ bán buôn,False,False,,,,,dưỡng ẩm,,False,0.9,,0.12,False,False,False,False,bán buôn,,
797448460017,beauty,全英文SADOER月见草维生素E高保湿补水面膜 滋润面膜跨境外贸批发,Tất cả tiếng Anh SADOER hoa anh thảo Vitamin E cao dưỡng ẩm mặt nạ dưỡng ẩm mặt nạ bán buôn ngoại thương xuyên biên giới,False,False,,,,全英文->bao bì tiếng Anh,,,False,1.0,,0.12,False,False,False,False,"bán buôn, xuyên biên giới",,
678366738931,beauty,单片施逅c60富勒烯面膜夏季冰爽补水保湿面膜冻干c60冰膜厂家批发,"Mặt nạ fullerene một mảnh, mặt nạ dưỡng ẩm băng giá mùa hè, nhà sản xuất Mặt nạ đá đông khô c60 bán buôn",False,False,60,,,,,,False,0.889,,0.04,False,False,False,False,"bán buôn, nhà máy|nhà sản xuất",,
809125085217,beauty,欧束菲海生素胶原蛋白水丝绵面膜补水保湿免洗睡眠胶原凝胶面膜,"Mặt nạ dưỡng ẩm và làm mềm da bằng nước collagen Ou Shufei Marine Collagen Water Silk Mask, dạng gel không cần rửa, dùng ban đêm",False,False,,,Water Silk Mask,,,,False,0.897,,0.28,False,False,False,False,,,
654515128090,beauty,韩美肌高丽参活肤抗皱面膜女士补水保湿滋润紧致提亮修复代发批发,"Mặt nạ chống nhăn phục hồi Nhân Sâm Hàn Quốc làm đẹp da Hàn Quốc, dưỡng ẩm, dưỡng ẩm, làm săn chắc và phục hồi tóc bán buôn",False,False,,,,,dưỡng ẩm,,False,0.933,,0.22,False,False,False,False,bán buôn,,
895097062762,beauty,全英文面膜 SADOER咖啡因紧致面膜补水保湿面膜 跨境外贸工厂直销,Mặt nạ toàn tiếng Anh SADOER Caffeine Firming Mask Mặt nạ dưỡng ẩm và dưỡng ẩm xuyên biên giới nhà máy ngoại thương bán hàng trực tiếp,False,False,,,Caffeine Firming Mask,,,,False,1.038,,0.2,False,False,False,False,"xuyên biên giới, nhà máy|nhà sản xuất",,
962834491736,beauty,GUEKK花青素泡泡面膜去角质深层清洁控油4g*12包,Mặt nạ bong bóng GUEKK anthocyanin tẩy tế bào chết làm sạch sâu kiểm soát dầu 4g*12 gói,False,False,,,,,,*,False,1.059,,0.0,False,False,False,False,,,
930012790710,beauty,韩泊莉玫瑰红茶紧致免洗睡眠面膜抗皱紧致补水保湿改善暗沉面膜,Hanboli Rose Black Tea Firming Không Rửa Mặt nạ ngủ Chống nhăn Làm săn chắc Dưỡng ẩm Cải thiện Mặt nạ xỉn màu,False,False,,,Rose Black Tea Firming,,,,False,0.793,,0.55,False,False,False,False,,,
942564537617,beauty,EQED胶原蛋白面膜面部护理保湿蓝铜肽赋活双抗面膜男女通用护肤品,EQED collagen mặt nạ chăm sóc da mặt dưỡng ẩm đồng xanh peptide phục hồi mặt nạ chống lại đôi sản phẩm chăm sóc da unisex,False,False,,,,,,,False,0.929,,0.0,False,True,False,False,,,
912257061596,beauty,仙蒂奈儿小分子蛋白焕活面膜补水保湿脸部护理盒装厂家现货批发,"Mặt nạ trẻ hóa protein phân tử nhỏ Sundi Naier, dưỡng ẩm, dưỡng ẩm, chăm sóc da mặt, nhà sản xuất hộp, bán buôn tại chỗ",False,False,,,,,dưỡng ẩm,,False,0.897,,0.08,False,False,False,False,"bán buôn, nhà máy|nhà sản xuất",,
807684555709,beauty,臻羞B5透明质酸钠舒润面膜补水保湿舒缓改善暗沉提靓贴片面膜批发,"Mặt nạ làm dịu natri hyaluronate B5 Shame Dưỡng ẩm, dưỡng ẩm, làm dịu và cải thiện tình trạng xỉn màu, mặt nạ miếng dán bán buôn",False,False,,,,,dưỡng ẩm,,False,0.931,,0.12,False,False,False,False,bán buôn,,
854701027195,beauty,【严选】氨基酸白泥双管洗面奶男女士专用深层清洁温和c咖洁面乳,[Được chọn lọc kỹ lưỡng] Sữa rửa mặt hai ống bùn trắng axit amin sữa rửa mặt cà phê C dịu nhẹ làm sạch sâu cho nam và nữ,False,False,,,,,,[],False,1.074,,0.07,False,False,False,False,,,
897617764874,beauty,雪玲妃氨基酸洗面奶保湿清爽通用补水大瓶装洁面乳大容量清洁毛孔,Xuelingfei Amino Acid Sữa Rửa Mặt Dưỡng Ẩm Sảng Khoái Trung Tính Dưỡng Chai Lớn Sữa Rửa Mặt Dung Tích Lớn Làm Sạch Lỗ Chân Lông,False,False,,,,,,,False,0.867,,1.0,True,False,True,False,,,
736823202703,beauty,MAIGOOLE氨基酸洁面乳补水保湿清洁毛孔水油平衡去黑头氨基酸洗面,"MAIGOOLE Amino Acid Cleanser Dưỡng ẩm và làm sạch lỗ chân lông, cân bằng nước và dầu, loại bỏ mụn đầu đen, sữa rửa mặt Amino Acid",False,False,,,Amino Acid Cleanser,,,,False,1.038,,0.2,False,False,False,False,,,
992854991415,beauty,现货氨基酸双管洗面奶净肤控油 深层清洁保湿双效合一泡沫洁面乳,"Sữa rửa mặt hai ống amino acid Spot, thanh lọc da và kiểm soát dầu, sữa rửa mặt tạo bọt hai tác dụng làm sạch sâu và dưỡng ẩm",False,False,,,amino acid Spot,,,,False,1.0,,0.04,False,False,False,False,,,
592985968514,beauty,梵贞男士洗面奶 深层清洁保湿滋润爽肤水 乳液 面霜 洗面奶套装,Fanzhen Nam Sữa Rửa Mặt Làm Sạch Sâu Dưỡng Ẩm Dưỡng Ẩm Mực Dưỡng Da Kem Sữa Rửa Mặt Bộ,False,False,,,,,dưỡng ẩm,,False,0.741,,1.0,True,False,False,False,,,
747550128922,beauty,正品黑白松露洗面奶净澈洁面乳氨基酸清爽控油深层清洁洗卸二合一,"Sữa rửa mặt, sữa rửa mặt, sữa rửa mặt màu đen trắng đích thực, kiểm soát dầu làm mới bằng axit amin, làm sạch sâu, làm sạch và tẩy trang hai trong một",False,False,,,,,sữa rửa mặt,,False,1.1,,0.0,False,False,False,False,,,
812834807197,beauty,NHA山茶花氨基酸洗面奶绵密泡沫柔和净肤洗后水润不拔干洁面乳,"Sữa rửa mặt NHA Camellia Amino Acid 300g chai lớn, làm sạch sâu, dịu nhẹ và không gây khô căng da.",False,False,,300,Camellia Amino Acid,,,,False,0.778,,0.16,False,False,False,False,,,
680986586755,beauty,【严选】氨基酸卸妆洁面乳温和不刺激深层清洁控油滋润洗面奶100g,"[Sản phẩm cao cấp] Sữa rửa mặt tẩy trang Amino Acid, dịu nhẹ không gây kích ứng, làm sạch sâu, kiểm soát dầu, dưỡng ẩm 100g",False,False,,,,,,[],False,1.0,,0.12,False,False,False,False,,,
732088911872,beauty,碧素堂氨基酸山茶花洁面慕斯 控油深层清洁洁面乳滋润保湿洗面奶,Bisutang Amino Camellia Cleansing Mousse Oil Control Deep Cleansing Sữa rửa mặt dưỡng ẩm,False,False,,,Amino Camellia Cleansing Mousse,,,,False,0.483,vi_qua_ngan,0.69,True,False,False,False,,,
640184686843,beauty,研问氨基酸洁面慕斯葡糖苷温和清洁泡沫男女士洗面奶洁面洗卸合一,Yanwen Amino Acid Cleansing Mousse Glucoside Sữa rửa mặt dịu nhẹ dành cho nam và nữ Sữa rửa mặt làm sạch và loại bỏ trong một sản phẩm,False,False,,,Amino Acid Cleansing Mousse,,,,False,0.933,,0.26,False,False,False,False,,,
964541541867,beauty,学生氨基酸积雪草洁面泡泡男女生青少年专用洗面奶慕斯洁面泡泡,"Sữa rửa mặt Amino Acid Centella Asiatica dành cho học sinh, Sữa rửa mặt đặc biệt dành cho bé trai và bé gái, thanh thiếu niên, Sữa rửa mặt dạng mousse",False,False,,,Amino Acid Centella Asiatica,,,,False,1.069,,0.2,False,False,False,False,,,
967635712029,beauty,【包邮】抖音爆款377美白洗面奶祛斑去黄提亮肤色氨基酸温和洁面,"[Miễn phí vận chuyển] Sữa rửa mặt làm trắng da 377 nổi tiếng của Douyin loại bỏ tàn nhang, loại bỏ ố vàng và làm sáng tông màu da, làm sạch nhẹ nhàng bằng axit amin",False,False,,,,,,[],False,1.346,,0.06,False,False,False,False,,,
965858403326,beauty,【包邮】水杨酸氨基酸洗面奶大容量控油深度清洁毛孔保湿洁面乳,[Miễn phí vận chuyển] Sữa rửa mặt axit amino axit salicylic Dung tích lớn Kiểm soát dầu Làm sạch sâu lỗ chân lông Sữa rửa mặt dưỡng ẩm,False,False,,,,,,[],False,1.037,,0.19,False,False,False,False,,,
666564393990,beauty,【代发】水杨酸氨基酸洗面奶深层清洁泡沫清爽控油小样洁面奶,[Thay mặt] Sữa rửa mặt axit amin Salicylic làm sạch sâu bọt làm mới Sữa rửa mặt kiểm soát dầu,False,False,,,,一件代发->nhận dropship / bỏ,,[],False,0.769,,0.16,False,False,False,False,,,
995617594714,beauty,男士洗面奶清爽控油去黑头去角质清洁去油净痘淡痘印缩毛孔洁面乳,"Sữa rửa mặt nam, kiểm soát dầu sảng khoái, tẩy tế bào chết mụn đầu đen, làm sạch, loại bỏ dầu, trị mụn, trị mụn nhẹ, sữa rửa mặt thu nhỏ lỗ chân lông",False,False,,,,,trị mụn,,False,1.133,,0.0,False,False,False,False,,,
900514210388,beauty,KISSMWAH青少年积雪草氨基酸控油洗面奶不拔干洁面乳厂家现货批发,KISSMWAH Youth Centella Asiatica Amino Acid Oil Control Facial Cleanser Không làm khô sữa rửa mặt Nhà sản xuất Bán buôn tại chỗ,False,False,,,Youth Centella Asiatica Amino Acid || Control Facial Cleanser,,,,False,0.885,,0.52,False,False,False,False,"bán buôn, nhà máy|nhà sản xuất",,
672554874530,beauty,日本senka保湿洁面珊珂专科洗面奶蚕丝泡沫洁面膏清爽洁面乳120g,Sữa rửa mặt dưỡng ẩm senka Nhật Bản Sữa rửa mặt chuyên khoa Sanke Sữa rửa mặt tạo bọt lụa Sữa rửa mặt làm mới 120g,False,False,,,,,,,False,1.04,,0.24,False,True,False,False,,,
928455212475,beauty,匀美博士氨基酸山茶花洁面乳深层清洁控油批发代发,Tiến sĩ Yunmei Amino Acid Camellia Cleanser Làm sạch sâu Kiểm soát dầu Bán buôn,False,False,,,Amino Acid Camellia Cleanser,,,,False,0.652,,0.57,False,False,False,False,bán buôn,,
720680074924,beauty,【新款】氨基酸净透洁面乳温和不刺激保湿滋润不紧绷洗面奶洁面乳,"[Mới] Sữa rửa mặt làm sạch axit amin nhẹ nhàng, không gây kích ứng, dưỡng ẩm, dưỡng ẩm và không làm căng da mặt",False,False,,,,,dưỡng ẩm,[],False,0.857,,0.04,False,False,False,False,,,
932068837571,beauty,黄芪烟酰胺控油净肤洗面奶深层清洁温和洁面乳清爽补水洁颜蜜保湿,Sữa rửa mặt làm sạch da kiểm soát dầu Astragalus nicotinamide Sữa rửa mặt làm sạch sâu và dịu nhẹ làm mới dưỡng ẩm làm sạch mật ong dưỡng ẩm,False,False,,,,,,,False,1.0,,0.07,False,True,False,False,,,
975782866064,beauty,爆款377美白祛斑洗面奶洁面乳深层清洁补水保湿提亮淡斑洁面产品,"Sữa rửa mặt làm trắng và xóa tàn nhang phổ biến 377, sản phẩm làm sạch sâu, dưỡng ẩm, dưỡng ẩm, làm sáng và loại bỏ vết thâm trên khuôn mặt",False,False,,,,,dưỡng ẩm,,False,1.071,,0.0,False,False,False,False,,,
854829570381,beauty,【严选】抖音爆款硫磺洗面奶控油洁面乳补水清洁毛孔净螨氨基酸,[Được lựa chọn cẩn thận] Sữa rửa mặt lưu huỳnh bùng nổ Douyin Sữa rửa mặt kiểm soát dầu Dưỡng ẩm và làm sạch lỗ chân lông làm sạch axit amin ve,False,False,,,,爆款->mẫu bán chạy,,[],False,1.185,,0.13,False,False,False,False,,,
683459841488,beauty,梵贞氨基酸洁面慕斯洗面奶 泡沫细腻深层清洁不易紧绷 大瓶洁面乳,Sữa rửa mặt Fanzhen Amino Acid Cleansing Mousse tạo bọt tinh tế làm sạch sâu không dễ làm căng chai lớn Sữa rửa mặt,False,False,,,Amino Acid Cleansing Mousse,,,,False,0.828,,0.26,False,False,False,False,,,
856093203174,beauty,佳朗氨基酸海盐男士控油洗面奶洁净肌肤清爽温和清洁洁面乳爆爆款,Sữa rửa mặt kiểm soát dầu cho nam giới của Jialang Amino Acid Sea Salt Sữa rửa mặt làm sạch da tươi mát và nhẹ nhàng,False,False,,,Amino Acid Sea Salt,,,,False,0.867,,0.24,False,False,False,False,,,
693943726245,beauty,雪柔雅黑茶氨基酸净澈洁颜蜜洗卸合一补水保湿洗面奶毛孔清洁面乳,Xuerouya Trà Đen Axit Amin Thanh Lọc Làm Sạch Mật Ong Giặt Và Loại Bỏ Tất Cả Trong Một Dưỡng Ẩm Dưỡng Ẩm Sữa Rửa Mặt Làm Sạch Lỗ Chân Lông Sữa Da Mặt,False,False,,,,,dưỡng ẩm,,False,1.133,,1.0,True,False,False,False,,,
742915250465,beauty,仁和匠心洗面奶 控油祛痘补水保湿植物复合净颜氨基酸洁面乳正品,Renhe Ingenious Facial Cleanser Kiểm soát dầu Loại bỏ mụn trứng cá Dưỡng ẩm Dưỡng ẩm Thực vật phức hợp Làm sạch Amino Acid Cleanser Sản phẩm chính hãng,False,False,,,Ingenious Facial Cleanser || Amino Acid Cleanser,,dưỡng ẩm,,False,1.0,,0.46,False,False,False,False,,,
794864051984,beauty,TWG氨基酸山茶花洁面慕斯清洁温柔补水绵密泡沫洁面乳洁面慕斯,TWG Amino Acid Camellia Cleansing Mousse Cleansing Sữa rửa mặt tạo bọt nhẹ nhàng dưỡng ẩm Mousse Cleansing Mousse,False,False,,,Amino Acid Camellia Cleansing Mousse Cleansing || Mousse Cleansing Mousse,,,,False,0.704,,0.53,False,False,False,False,,,
782762136374,beauty,仁和匠心氨基酸净润洁面乳深层清洁温润亲肤平衡水油男女士洗面奶,Renhe khéo léo Amino Acid Cleansing Sữa rửa mặt làm sạch sâu Làm Sạch Ấm và thân thiện với làn da cân bằng nước và dầu cho nam và nữ,False,False,,,Amino Acid Cleansing,,,,False,1.0,,0.24,False,False,False,False,,,
978921203944,beauty,FLOWERWAY青少年洁面乳补水保湿控油深层清洁去黑头学生党洗面奶,FLOWERWAY Youth Facial Cleanser Hydrating Dưỡng Ẩm Kiểm Soát Dầu Làm Sạch Sâu Mụn Đầu Đen Tẩy Trang Sinh Viên Đảng Sữa Rửa Mặt,False,False,,,Youth Facial Cleanser Hydrating,,,,False,0.96,,1.0,True,False,False,False,,,
984018483141,beauty,KYTY氨基酸云柔洗面奶补水保湿深层清洁不紧绷温和泡沫控油洁面乳,"KYTY Amino Acid Yunrou Sữa Rửa Mặt Dưỡng Ẩm, Dưỡng Ẩm, Làm Sạch Sâu, Không Thắt Chặt, Sữa Rửa Mặt Kiểm Soát Dầu Tạo Bọt Nhẹ",False,False,,,,,dưỡng ẩm,,False,0.929,,1.0,True,False,False,False,,,
967805682632,beauty,年蔻377美白祛斑洗面奶嫩肤补水保湿祛斑熊果苷烟酰胺广州现货,"Sữa rửa mặt làm trắng và xóa tàn nhang Niankou 377, trẻ hóa, dưỡng ẩm, dưỡng ẩm và xóa tàn nhang arbutin nicotinamide Điểm Quảng Châu",False,False,,,,,dưỡng ẩm,,False,0.926,,0.17,False,False,False,False,,,
928602981235,beauty,年蔻377美白洗面奶爆款深层清洁美白淡斑淡印烟酰胺控油洁面乳,Nian Kou 377 Sữa rửa mặt làm trắng da bùng nổ làm sạch sâu làm trắng da mờ vết thâm Sữa rửa mặt kiểm soát dầu nicotinamide,False,False,,,,爆款->mẫu bán chạy,,,False,0.963,,0.12,False,False,False,False,,,
986952865030,beauty,年蔻377美白祛斑洗面奶嫩肤补水保湿淡化色斑熊果苷烟酰胺现货,"Sữa rửa mặt làm trắng và xóa tàn nhang Niankou 377, trẻ hóa, dưỡng ẩm, dưỡng ẩm và làm sáng các đốm, arbutin, nicotinamide còn hàng",False,False,,,,,dưỡng ẩm,,False,0.926,,0.04,False,False,False,False,,,
738401979382,beauty,氨基酸洁颜慕斯肌肤补水保湿清爽控油洁面乳深层清洁去黑头洗面奶,Sữa rửa mặt kiểm soát dầu làm sạch da axit amin,False,False,,,,,,,False,0.367,vi_qua_ngan,0.0,False,False,False,False,,,
928451516854,beauty,匀美博士氨基酸山茶花洁面乳深层清洁控油批发一件代发,Tiến sĩ Yunmei Amino Acid Camellia Cleanser Làm sạch sâu Kiểm soát dầu Bán buôn một mảnh,False,False,,,Amino Acid Camellia Cleanser,,,,False,0.68,,0.5,False,False,False,False,bán buôn,,
751909242971,beauty,索芙特男士清爽控油专用洁面乳洗面奶去黑头套装包邮磨砂膏补水,Softte Nam Sảng Khoái Kiểm Soát Dầu Đặc Biệt Sữa Rửa Mặt Sữa Rửa Mặt Loại Bỏ Mụn Đầu Đen Bộ Miễn Phí Vận Chuyển Kem Tẩy Tế Bào Chết Dưỡng Ẩm,False,False,,,,,sữa rửa mặt,,False,1.103,,1.0,True,False,False,False,,,
884933645134,beauty,Whsa硫磺控油净澈洁面乳清爽控油水润保湿不紧绷洗面奶 厂家批发,Whsa Sulfur Oil Control Cleansing Cleanser Refreshing Oil Control Moisturizing Nhà máy sản xuất sữa rửa mặt không căng,False,False,,,Control Cleansing Cleanser Refreshing,,,,False,0.704,,0.56,False,False,False,False,nhà máy|nhà sản xuất,,
909359485359,beauty,卡绅男士火山泥酷爽洁面乳补水淡痘印去黑头专用洁面乳厂家代发,Kashen Men's Volcanic Mud Cool Facial Cleanser Hydrating Acne Marks and Blackheads Sữa rửa mặt đặc biệt Giao hàng của nhà sản xuất,False,False,,,Men's Volcanic Mud || Facial Cleanser Hydrating Acne Marks,,,,False,0.828,,0.52,False,False,False,False,nhà máy|nhà sản xuất,,
921989671522,beauty,欧佩氨基酸海盐男士洗面奶500g控油清洁面部补水保湿洁面乳代发,OPPE Axit Amin Muối Biển Sữa Rửa Mặt Nam 500G Kiểm Soát Dầu Làm Sạch Da Mặt Dưỡng Ẩm Dưỡng Ẩm Sữa Rửa Mặt Cho Tóc Thay Thế,False,False,,,,,dưỡng ẩm,,False,1.037,,1.0,True,False,False,False,,,
691977644685,beauty,韩纪氨基酸积雪草洗面奶60g深层洁净温和控油补水保湿面部护肤品,"Sữa rửa mặt Hanji Amino Acid Centella Snow Grass 60g làm sạch sâu và nhẹ nhàng kiểm soát dầu, dưỡng ẩm và dưỡng ẩm cho da mặt",False,False,,,Amino Acid Centella Snow Grass,,,,False,0.964,,0.23,False,False,False,False,,,
862557032268,beauty,KISSMWAH氨基酸清爽男士洗面奶面部清洁呵护肌肤厂家批发代发,KISSMWAH Amino Acid Refreshing Sữa rửa mặt dành cho nam giới Làm sạch da và chăm sóc da Nhà sản xuất bán buôn,False,False,,,Amino Acid Refreshing,,,,False,0.958,,0.24,False,False,False,False,"bán buôn, nhà máy|nhà sản xuất",,
883857592634,beauty,素秀臣氏氨基酸清爽控油男士洗面奶补水保湿滋润洁净控油洁面乳,Sữa rửa mặt kiểm soát dầu làm mới axit amin của Suxiuchen,False,False,,,,,,,False,0.414,vi_qua_ngan,0.09,False,False,False,False,,,
745737648353,beauty,致朵芦荟清润净透洁面膏100g温和清洁水润嫩肤厂家直销一件代发,"Zhiduo Aloe Vera Cleansing Cream 100g Làm sạch nhẹ nhàng, dưỡng ẩm và trẻ hóa da, bán hàng trực tiếp tại nhà máy",False,False,,,,,,,False,0.852,,0.23,False,False,True,False,nhà máy|nhà sản xuất,,
927439486003,beauty,匀美博士氨基酸山茶花洁面乳深层清洁控油批发厂家代发,Tiến sĩ Yunmei Amino Acid Camellia Cleanser làm sạch sâu kiểm soát dầu do nhà sản xuất bán buôn phát hành,False,False,,,Amino Acid Camellia Cleanser,,,,False,0.84,,0.25,False,False,False,False,"bán buôn, nhà máy|nhà sản xuất",,
813244315410,beauty,碧柏雅双重氨基酸洗面奶500g补水保湿清洁毛孔去油洁面乳泡泡慕斯,"Sữa rửa mặt Bibeya Double Amino Acid 500g dưỡng ẩm, làm sạch lỗ chân lông, loại bỏ dầu thừa, tạo bọt mousse",False,False,,,Bibeya Double Amino Acid,,,,False,0.786,,0.19,False,False,False,False,,,
640173064137,beauty,一般贸易 花印男士洗面奶黑白磨砂柔珠控油调理洁透亮保湿洁面乳1,General Trade Huayin Sữa rửa mặt dành cho nam giới Tẩy tế bào chết đen trắng Hạt mềm Kiểm soát dầu Điều hòa Làm sạch và làm sáng da Sữa rửa mặt dưỡng ẩm 1,False,False,,,General Trade Huayin,,,,False,1.172,,0.27,False,False,False,False,,,
673166571070,beauty,男女士敏感肌祛痘除螨控油洁面乳 氨基酸山茶花洗面奶批发正品,Sữa rửa mặt kiểm soát dầu trị mụn cho nam và nữ,False,False,,,,,,,False,0.429,vi_qua_ngan,0.0,False,False,False,False,,,
856433049711,beauty,琪瑟~积雪草洗面奶清洁面部温和补水保湿细腻毛孔洗卸厂家批发,"Kither ~ Sữa rửa mặt Jixuegrass làm sạch da mặt nhẹ nhàng, dưỡng ẩm, làm sạch lỗ chân lông tinh tế, nhà sản xuất bán buôn",False,False,,,,,,~,False,0.893,,0.08,False,False,False,False,"bán buôn, nhà máy|nhà sản xuất",,
615474252584,beauty,玖美堂氧气小白管洗面奶 深层清洁保湿护肤清爽 氨基酸洁面乳批发,Sữa rửa mặt Jiumeitang Oxygen White Tube làm sạch sâu dưỡng ẩm chăm sóc da làm mới sữa rửa mặt axit amin bán buôn,False,False,,,Oxygen White Tube,,,,False,0.828,,0.17,False,False,False,False,bán buôn,,
605833379116,beauty,美那多山茶花氨基酸泡沫洗面奶温和不刺激补水保湿控油洁面乳批发,Medado Camellia Axit Amin Tạo Bọt Sữa Rửa Mặt Nhẹ Nhàng Và Không Gây Kích Thích Dưỡng Ẩm Dưỡng Ẩm Kiểm Soát Dầu Sữa Rửa Mặt Bán Buôn,False,False,,,,,dưỡng ẩm,,False,0.933,,1.0,True,False,False,False,bán buôn,,
624410267537,beauty,梵贞抗皱祛痘亮颜洁面乳补水保湿温和洁面收缩毛孔清爽洁面乳,Sữa rửa mặt làm sáng da chống nhăn Fanzhen,False,False,,,,,,,False,0.321,vi_qua_ngan,0.12,False,False,False,False,,,
793616716013,beauty,梵贞男士紧致焕颜爽肤水 控油洗面奶 润肤乳 面霜 男士护肤套装,Bộ toner làm săn chắc và trẻ hóa da dành cho nam Fanzhen Sữa rửa mặt kiểm soát dầu Kem dưỡng da dành cho nam,False,False,,,,,,,False,0.926,,0.12,False,False,True,False,,,
765884142922,electronics,入耳式高音质无线蓝牙耳机华强北四五代适用苹果跨境爆款久戴不痛,Tai nghe Bluetooth không dây chất lượng âm thanh cao in-ear Huaqiangbei thế hệ thứ năm phù hợp với các mẫu nổ xuyên biên giới của Apple.,False,False,,,,爆款->mẫu bán chạy,,,False,0.933,,0.11,False,False,False,False,xuyên biên giới,,
922076470299,electronics,【超大声】大电量蓝牙耳机单耳挂耳式超长续航接电话清晰通话开车,"[Âm thanh siêu lớn] Tai nghe Bluetooth dung lượng cao, kiểu móc tai đơn, thời lượng pin cực dài, đàm thoại rõ nét, thích hợp khi lái xe.",False,False,,,,,,[],False,1.0,,0.07,False,False,False,False,,,
997227914475,electronics,【电商爆款】蓝牙耳机耳夹式无线气骨传导超长续航运动跑步通话,[Sản phẩm thương mại điện tử bán chạy] Tai nghe Bluetooth loại kẹp tai không dây dẫn xương không khí tuổi thọ pin cực dài để chạy bộ và gọi điện,False,False,,,,,,[],False,1.148,,0.07,False,False,False,False,,,
836526255866,electronics,跨境DX-08无线蓝牙耳机机甲风游戏新款超长续航TWS跨境爆款,Tai nghe Bluetooth không dây DX-08 xuyên biên giới,False,False,,,,,,,False,0.391,vi_qua_ngan,0.14,False,False,False,False,xuyên biên giới,,
991559808533,electronics,耳夹式蓝牙耳机骨传导无线挂耳式入耳动跑步超长续航5新,Tai nghe Bluetooth dẫn truyền xương không dây treo tai loại trong tai chạy năng động siêu dài thời lượng pin 5 mới,False,False,,,,,,,False,0.88,,0.05,False,True,False,False,,,
970068097273,electronics,耳夹式蓝牙耳机骨传导无线挂耳式入耳动跑步超长续航5新,Tai nghe Bluetooth dẫn truyền xương không dây treo tai loại trong tai chạy năng động siêu dài thời lượng pin 5 mới,False,False,,,,,,,False,0.88,,0.05,False,True,False,False,,,
966228753831,electronics,GT526Y柏林之声挂耳式OWS不入耳降噪蓝牙无线蓝牙耳机可旋转130°,Tai nghe không dây Bluetooth GT526Y Berlin Sound Over-Ear OWS không có tiếng ồn trong tai có thể xoay 130. °,False,False,,,Berlin Sound Over-Ear,,,,False,0.913,,0.33,False,False,True,False,,,
990327538522,electronics,【四只耳机】新款耳夹式半入耳式无线蓝牙耳机高音质超长续航Q16,[Bốn tai nghe] Tai nghe Bluetooth không dây bán trong tai mới có chất lượng âm thanh cao và thời lượng pin dài Q16,False,False,,,,,,[],False,0.923,,0.13,False,True,False,False,,,
811330316533,electronics,【大订】挂脖式无线蓝牙耳机数显大容量半入耳运动立体声挂脖耳机,"[Đặt hàng lớn] Tai nghe Bluetooth không dây đeo cổ, màn hình kỹ thuật số, Tai nghe đeo cổ Thể Thao âm thanh nổi nửa tai công suất lớn",False,False,,,,,,[],False,1.036,,0.18,False,False,False,False,,,
961078075239,electronics,【左右可佩戴】109华强北新无线蓝牙耳机挂耳式动开车入耳手机通,"[Có thể đeo được cả hai mặt] Tai nghe Bluetooth không dây mới 109 Huaqiangbei, kiểu đeo tai, thích hợp để lái xe, kiểu đeo trong tai, tương thích với điện thoại di động.",False,False,,,,,,[],False,1.269,,0.09,False,False,False,False,,,
798155498081,electronics,2026新款895B带数显蓝牙耳机S510无线耳机高音质低延迟游戏耳机,"Tai nghe Bluetooth 895B mẫu mới 2026 với màn hình kỹ thuật số, tai nghe không dây S510, tai nghe chơi game chất lượng cao độ trễ thấp",False,False,,,,,,,False,1.174,,0.12,False,True,False,False,,,
1000037685796,electronics,【现货】跨境新款WH-1000XM6 ANC主动降噪头戴式无线蓝牙耳机耳麦,Có sẵn [Sẵn sàng giao hàng] Tai nghe Bluetooth không dây khử tiếng ồn chủ động ANC WH-1000XM6 mới xuyên biên giới,False,False,,,,,,[],False,1.095,,0.16,False,False,False,False,"xuyên biên giới, có sẵn|hàng có sẵn",,
912907975321,electronics,【能当充电宝】蓝牙耳机超长续航开放式无线运动OWS新款柏林之声,"[Có thể được sử dụng như một ngân hàng điện] Tai nghe Bluetooth, thời lượng pin dài, thể thao không dây mở, âm thanh mới của Berlin OWS",False,False,,,,,,[],False,1.077,,0.12,False,False,False,False,,,
798069751431,electronics,2026新款895B带数显蓝牙耳机S510无线耳机高音质低延迟游戏耳机,"Tai nghe Bluetooth 895B mẫu mới 2026 với màn hình kỹ thuật số, tai nghe không dây S510, tai nghe chơi game chất lượng cao độ trễ thấp",False,False,,,,,,,False,1.174,,0.12,False,True,False,False,,,
1000215121975,electronics,【四只耳机】Q25跨境2025新款无线蓝牙耳机高颜值便携长续航降噪,"[Bốn tai nghe] Tai nghe Bluetooth không dây mới xuyên biên giới Q25 2025 với ngoại hình cao cấp, di động, thời lượng pin dài và giảm tiếng ồn",False,False,,,,,,[],False,1.167,,0.11,False,False,False,False,xuyên biên giới,,
876243773288,electronics,华强北蓝牙耳机pro4真无线四代入耳式5运动款6代运动跑步迷你耳机,Tai nghe Bluetooth Huaqiangbei tai nghe mini thể thao chạy bộ thể thao thế hệ thứ 6,False,False,"4, 5",,,,,,False,0.593,,0.13,False,False,False,False,,,
944391728797,electronics,2025新款柏林之声无线蓝牙耳机入耳式长续航久戴不痛隐形迷你耳机,"Tai nghe Bluetooth không dây New Berlin Sound 2025, kiểu nhét tai, thời lượng pin dài, đeo lâu không đau, thiết kế nhỏ gọn, tàng hình",False,False,,,New Berlin Sound,,,,False,0.893,,0.17,False,False,False,False,,,
905320890914,electronics,爆款无线蓝牙耳机高音质X87双耳真无线入耳式TWS立体声数显续航,Tai nghe Bluetooth không dây bùng nổ chất lượng âm thanh cao X87 hai tai thực sự không dây trong tai TWS thời lượng pin màn hình kỹ thuật số,False,False,,,,爆款->mẫu bán chạy,,,False,1.154,,0.07,False,False,False,False,,,
825109166276,electronics,城瑞达M76开放式无线蓝牙耳机气骨传导挂耳式跑步运动专用耳机5.4,Tai nghe Bluetooth không dây mở Chengruida M76 tai nghe chuyên dụng cho các môn thể thao chạy bộ,False,False,5.4,,,,,,False,0.704,,0.17,False,False,False,False,,,
978946364150,electronics,【海豚之音】新款不入耳骨传导无线蓝牙耳机降噪夹耳运动降噪X22,"【Dolphin Sound】Tai nghe Bluetooth không dây dẫn truyền qua xương không nhét tai mẫu mới, có khả năng khử tiếng ồn, loại kẹp tai, thể thao, khử tiếng ồn X22",False,False,,,,,,【】,False,1.192,,0.13,False,False,False,False,,,
906218008054,electronics,【可给手机充电】柏林之声2025新款蓝牙耳机超长续航开放式手机通,[Điện thoại di động có thể sạc] Tai nghe Bluetooth mới Berlin Sound 2025 với thời lượng pin siêu dài mở ra khả năng liên lạc điện thoại di động,False,False,,,,,,[],False,1.115,,0.14,False,False,False,False,,,
652171804957,electronics,TWS-A20新款私模蓝牙耳机双耳无线运动挂耳式入耳批发工厂家代发,Tai nghe Bluetooth mô hình tư nhân mới của TWS-A20,False,False,,,,,,,False,0.423,vi_qua_ngan,0.22,False,False,False,False,,,
844447899637,electronics,迷你微小型pro4ss隐形真无线蓝牙耳机跨境私模高颜值隐藏超长续航,Tai nghe Bluetooth không dây thực sự vô hình mini pro4ss,False,False,,,,,,,False,0.444,vi_qua_ngan,0.09,False,False,False,False,,,
836658819444,electronics,跨境爆款蓝牙耳机超长续航无线蓝牙私模降噪数显滑盖防水厂家批发,"Tai nghe Bluetooth kiểu nổ xuyên biên giới, thời lượng pin cực dài, khuôn riêng Bluetooth không dây, giảm tiếng ồn, màn hình kỹ thuật số, nắp trượt, nhà sản xuất chống thấm nước, bán buôn",False,False,,,,爆款->mẫu bán chạy,,,False,1.2,,0.06,False,False,False,False,"bán buôn, xuyên biên giới, nhà máy|nhà sản xuất",,
593434412288,electronics,跨境爆款发光蓝牙耳机头戴式重低音手机无线运动游戏礼品耳麦厂家,"Tai nghe Bluetooth phát sáng bùng nổ xuyên biên giới, điện thoại di động siêu trầm, nhà sản xuất tai nghe Quà Tặng trò chơi thể thao không dây",False,False,,,,爆款->mẫu bán chạy,,,False,0.967,,0.11,False,False,False,False,"xuyên biên giới, nhà máy|nhà sản xuất",,
998927929312,electronics,跨境适用WAVE200 TWS无线蓝牙耳机WAVE200TWS 重低音入耳W200降噪,"Tai nghe Bluetooth không dây WAVE200 TWS, sử dụng được ở nhiều quốc gia, âm trầm mạnh mẽ, khử tiếng ồn W200.",False,False,200,,,,,,False,1.294,,0.11,False,False,False,False,,,
803206812598,electronics,OWS真无线蓝牙耳机超长待机不入耳式挂耳式触摸通话商务单耳耳机,Tai nghe bluetooth không dây thực sự OWS ở chế độ chờ lâu không có tai nghe cảm ứng kiểu đeo tai nghe một tai công sở,False,False,,,,,,,False,0.964,,0.0,False,False,True,False,,,
942718608127,electronics,P859真ANC主动降噪头戴式蓝牙耳机无线超长续航旋钮键工厂批发6.0,"Tai nghe Bluetooth không dây khử tiếng ồn chủ động P859 True ANC, thời lượng pin siêu dài và điều khiển bằng núm xoay, bán buôn giá gốc 5.4",False,False,6.0,5.4,,,,,False,1.12,,0.12,False,False,False,False,bán buôn,,
999961172683,electronics,蓝牙耳机2025新款适用于小米红米无线半入耳式降噪超长续航大批发,Tai nghe Bluetooth 2025 mẫu mới phù hợp với Xiaomi Redmi không dây bán trong tai khử tiếng ồn siêu bền pin bán buôn,False,False,,,,,,,False,0.821,,0.14,False,True,False,False,bán buôn,,
724741077671,electronics,漫步者花再Zero Air真无线蓝牙耳机半入耳式耳机一件代发批发包邮,Edifier Flower Zai Zero Air Tai nghe Bluetooth không dây thật Tai nghe bán trong tai Bán buôn một chiếc,False,False,,,Zai Zero Air,,,,False,0.769,,0.42,False,False,False,False,bán buôn,,
843306456685,electronics,Ai翻译耳机国内外电商爆款无线蓝牙耳机运动降噪入耳高音质高颜值,"Tai nghe dịch thuật AI, một loại tai nghe Bluetooth không dây phổ biến dành cho thương mại điện tử trong nước và quốc tế, có tính năng khử tiếng ồn khi chơi thể thao, thiết kế đeo trong tai, âm thanh chất lượng cao và kiểu dáng thời trang.",False,False,,,,,,,False,1.724,vi_qua_dai,0.02,False,False,False,False,,,
695479137501,electronics,影巨人气传导蓝牙耳机不入耳空气传导无线运动挂耳式跨境私模,Tai nghe Bluetooth dẫn không khí của người khổng lồ bóng tối,False,False,,,,,,,False,0.429,vi_qua_ngan,0.09,False,False,False,False,,,
870262872236,electronics,新款小椰球蓝牙耳机无线挂耳式超长续航降噪TK跨境爆款AI翻译耳机,Tai nghe Bluetooth quả bóng dừa nhỏ mới không dây kiểu tai nghe giảm tiếng ồn siêu lâu Tai nghe dịch AI mẫu nổ xuyên biên giới TK,False,False,,,,爆款->mẫu bán chạy,,,False,1.0,,0.08,False,False,False,False,xuyên biên giới,,
852420806144,electronics,亚马逊新款蓝牙眼镜耳机开车偏光太阳墨镜头戴式通话智能蓝牙耳机,"Kính Bluetooth mới của Amazon, tai nghe, kính râm, kính râm phân cực, tai nghe Bluetooth thông minh",False,False,,,,,kính râm,,False,0.6,,0.18,False,False,False,False,amazon|temu|shein|tiktok,,
788069346384,bags,饺子包女2025新款运动休闲牛津布单肩包百搭旅行大容量月牙腋下包,Túi đựng bánh bao túi đeo một bên vai vải Oxford thể thao thường ngày mẫu mới 2025 túi đeo nách hình lưỡi liềm dung tích lớn dễ phối du lịch,False,False,,,,饺子包/包子包->túi dáng bánh bao (kiểm tra),,,False,1.071,,0.03,False,False,False,False,,,
990572967828,bags,跨境新款女包2023新款简约时尚菱格小香风单肩斜挎包小方包bags,Túi xách nữ mới xuyên biên giới 2023 mới đơn giản và thời trang chần bông nhỏ thơm phong cách túi đeo chéo một vai túi vuông nhỏ,False,False,,,,,,,False,1.08,,0.0,False,False,True,False,xuyên biên giới,,
974478033808,bags,跨境横款法国恶鱼包大容量时尚斜挎托特女包手提包单肩包简约百搭,"Túi đeo chéo nữ kiểu Pháp, dung tích lớn, thời trang, đa năng, đơn giản",False,False,,,,,,,False,0.5,vi_qua_ngan,0.07,False,False,False,False,,,
989107275903,bags,法国Polene云朵包真皮poleno paris女士时尚饺子包腋下手提单肩包,Túi đựng đám mây Polene Pháp da thật chính hãng Poleno Paris thời trang nữ túi đựng bánh bao nách satchel túi đeo vai,False,False,,,,饺子包/包子包->túi dáng bánh bao (kiểm tra),,,False,1.143,,0.17,False,False,False,False,,,
684503532824,bags,复古春夏新款时尚单肩包包女小众设计网红时尚斜挎包感小方包,Retro Mùa Xuân Và Mùa Hè Mới Túi Đeo Vai Thời Trang Nữ Thiết Kế Thích Hợp Internet Người Nổi Tiếng Thời Trang Túi Đeo Ngang Nhỏ Túi Vuông,False,False,,,,网红->nổi tiếng trên mạng / hot trend,,,False,1.036,,1.0,True,False,False,False,,,
936515697969,bags,2026新款夏季多拉链口袋竖款女式单肩包简约质感流苏复古斜挎包女,"Túi đeo vai nữ mùa hè 2025 nhiều ngăn kéo, kiểu đứng, chất liệu giản dị, tua rua retro, túi đeo chéo nữ",False,False,2026,2025,,,,,False,0.786,,0.0,False,False,False,False,,,
722564308672,bags,包包女包新娘包气质大容量手提包女2025新款时尚单肩红色斜挎包潮,Túi xách Túi xách nữ Túi cô dâu Tính khí Túi xách sức chứa lớn nữ 2025 Túi đeo chéo một vai màu đỏ thời trang mới,False,False,,,,,túi xách,,False,0.929,,0.2,False,False,False,False,,,
944452076069,bags,高级感小方包时尚女包手提包流行百搭腋下包小众推荐外贸包,"Túi vuông nhỏ cảm giác cao cấp, túi xách nữ thời trang, túi xách, túi xách tay phù hợp với tất cả các kết hợp phổ biến, túi ngoại thương được đề xuất cho đám đông",False,False,,,,,túi xách,,False,1.333,,0.0,False,False,False,False,,,
673216934401,bags,包包女单肩包石头纹斜挎女包2022春季新款压花纯色小方包跨境批发,Túi Nữ Đeo Vai Túi Đeo Chéo Họa Tiết đá Túi nữ 2022 mùa xuân mới nổi màu tinh khiết Túi vuông nhỏ bán buôn xuyên biên giới,False,False,,,,,,,False,0.964,,0.38,False,False,True,False,"bán buôn, xuyên biên giới",,
965489487604,bags,子母包bag新款厂家女包大气手提包子母包三件套潮流大气包包bags,Túi mẹ con mẫu mới nhà sản xuất túi xách nữ túi xách sành điệu túi mẹ con bộ ba món túi xách sành điệu hợp thời trang,False,False,,,,,,,False,1.077,,0.0,False,False,True,False,nhà máy|nhà sản xuất,,
635769100045,bags,2025新款潮休闲百搭网红托特包时尚简约真皮手提女包大容量单肩包,2025 Mới Hợp Thời Trang Thường Ngày Dễ Dàng Nhất Cho Trận Đấu Internet Người Nổi Tiếng Túi Tote Thời Trang Da Thật Chính Hãng Da Túi Xách Túi Nữ Dung Tích Lớn túi Đeo Vai,False,False,,,,网红->nổi tiếng trên mạng / hot trend,,,False,1.25,,0.97,True,False,False,False,,,
989978160793,bags,手提包包女大容量新款女包高级感轻奢女士斜挎包包百搭单肩托特包,"Túi xách nữ, túi xách nữ mới sức chứa lớn, cao cấp, nhẹ nhàng sang trọng, túi đeo chéo nữ, túi tote đeo vai đa năng",False,False,,,,,túi xách nữ,,False,0.867,,0.0,False,False,False,False,,,
702905540500,bags,大学生上课单肩帆布包大包包女大容量2023新款春季通勤托特大包,"Túi vải bố đeo một vai cho sinh viên đại học, túi lớn, túi lớn cho nữ, túi lớn đi lại mùa xuân mẫu mới 2023 sức chứa lớn",False,False,,,,,túi lớn,,False,1.037,,0.0,False,False,False,False,,,
713468045585,bags,法国小众包洋气腋下包女包批发2023新款潮时尚手提百搭ins单肩包,Túi cá nhân Pháp Túi xách tay kiểu Tây Túi xách nữ Bán buôn túi đeo vai Instagram dễ phối xách tay thời trang mẫu mới 2023,False,False,,,,,,,False,1.0,,0.24,False,False,True,False,bán buôn,,
703572073730,bags,包包女2022新款欧美跨境女士单肩包手提双肩包 时尚手提斜跨女包,Túi đeo vai nữ xuyên biên giới Âu Mỹ mẫu mới 2022,False,False,,,,,,,False,0.407,vi_qua_ngan,0.2,False,False,False,False,xuyên biên giới,,
902760947765,bags,小香风CF腋下链条包新款菱格单肩包时尚百搭女包经典高级感斜挎包,Túi dây xích nách CF phong cách Xiaoxiangfeng túi đeo vai hình thoi mẫu mới túi nữ thời trang dễ phối đồ túi đeo chéo cao cấp cổ điển,False,False,,,,,,,False,1.0,,0.04,False,True,False,False,,,
887307387588,bags,韩版单肩包腋下包饺子包秋冬款通勤百搭女包女士包手拎通勤实用,"Túi đeo vai phong cách Hàn Quốc, túi đeo nách, túi bánh bao, phong cách thu đông, túi đi làm đa năng dành cho nữ, túi xách, tiện dụng khi đi làm.",False,False,,,,饺子包/包子包->túi dáng bánh bao (kiểm tra),,,False,1.103,,0.06,False,False,False,False,,,
836770535336,bags,包包女款小包韩国小众手提包热销女包时尚手拎女士饺子包韩国小众,"Túi xách nhỏ dành cho nữ, túi xách Hàn Quốc, túi xách nữ phổ biến, túi bánh bao cầm tay thời trang dành cho nữ, phong cách Hàn Quốc.",False,False,,,,饺子包/包子包->túi dáng bánh bao (kiểm tra),,,False,0.967,,0.14,False,False,False,False,,,
923353179342,bags,毛球挂件单肩包女士手提包跨境简约小方包批发大容量包包斜挎包,Túi đeo vai túi đeo vai túi xách nữ túi vuông nhỏ đơn giản xuyên biên giới bán buôn túi dung tích lớn túi đeo chéo,False,False,,,,,túi đeo vai,,False,0.897,,0.0,False,False,False,False,"bán buôn, xuyên biên giới",,
958976544237,bags,【柜级品质】西太后新款鳄鱼纹腋下包压纹牛皮斜跨通勤链条单肩包,[Chất lượng cấp tủ] Túi đeo chéo họa tiết cá sấu mới của Hoàng hậu phương Tây Túi đeo chéo dây chuyền đi lại bằng da bò dập nổi,False,False,,,,,,[],False,1.036,,0.14,False,False,False,False,,,
867164053014,bags,高级感小众包包女2025新款时尚百搭休闲斜挎包手提大容量腋下包,Túi thích hợp cảm giác cao cấp túi nữ túi đeo chéo thường ngày dễ phối thời trang mẫu mới 2025 túi xách tay túi xách tay dung tích lớn,False,False,,,,,túi xách tay,,False,1.074,,0.0,False,False,False,False,,,
844478353418,bags,跨境复古小众腋下包包女2024新款大容量饺子包简约百搭单肩斜挎包,Túi xách nách cổ điển xuyên biên giới túi đựng bánh bao dung tích lớn mẫu mới 2024 cho nữ túi đeo chéo một bên vai dễ phối đơn giản,False,False,,,,饺子包/包子包->túi dáng bánh bao (kiểm tra),,,False,1.036,,0.0,False,False,False,False,xuyên biên giới,,
838870884563,bags,【跨境专供】手工编制时尚流行饭盒包新款潮流单肩手提斜跨盒子包,[Cung cấp đặc biệt xuyên biên giới] Túi đựng hộp cơm thời trang dệt tay thời trang túi đựng hộp đeo chéo cầm tay một vai thời trang mới,False,False,,,,,,[],False,1.036,,0.04,False,False,False,False,xuyên biên giới,,
959184570806,bags,跨境包包女2026新款斜挎包百搭小众单肩包手提小方包跨境小方包,"Túi xách nữ xuyên biên giới mẫu mới 2026, túi đeo chéo đa năng, túi đeo vai độc đáo, túi xách tay, túi vuông nhỏ, túi vuông nhỏ xuyên biên giới",False,False,,,,,túi vuông nhỏ,,False,1.111,,0.0,False,False,False,False,xuyên biên giới,,
983621005789,bags,子母包三件套单肩女斜挎包2025厂家爆款新款手提女士大包包bags,"Bộ ba túi mẹ chồng, túi đeo chéo nữ một bên vai, mẫu mới hot của nhà sản xuất năm 2025, túi xách nữ cỡ lớn.",False,False,,,,,,,False,1.0,,0.0,False,True,False,False,nhà máy|nhà sản xuất,,
814493904463,bags,征途干湿分离双层男士洗漱包旅行收纳高级感防水便携大容量化妆包,Túi đựng đồ vệ sinh Nam Hai Lớp khô và ướt Zhengtu,False,False,,,,,,,False,0.4,vi_qua_ngan,0.36,False,False,False,False,,,
688785701484,bags,广州女包工厂荔枝纹头层牛皮真皮单肩斜挎手提女包休闲腋下包软皮,Nhà máy sản xuất Túi xách nữ Quảng Châu hoa văn vải thiều lớp đầu tiên Da Bò Một Vai Đeo Chéo Túi xách tay Túi xách tay Túi xách tay thường ngày da mềm,False,False,,,,,túi xách tay,,False,1.167,,0.35,False,False,False,False,nhà máy|nhà sản xuất,,
945742152588,bags,包包女韩版简约纯色饺子包男日韩大容量学生单肩包情侣斜挎包,"Túi đựng bánh bao màu trơn đơn giản kiểu Hàn Quốc dành cho nữ, túi đeo vai học sinh sức chứa lớn dành cho nam, túi đeo chéo cặp đôi.",False,False,,,,饺子包/包子包->túi dáng bánh bao (kiểm tra),,,False,1.071,,0.07,False,False,False,False,,,
917586710123,bags,v家手提包单肩包时尚托特包大容量2025新款百搭通勤包女包包,Túi xách túi đeo vai túi tote thời trang sức chứa lớn 2025 mẫu mới dễ phối đồ túi xách nữ túi xách nữ,False,False,,,,,túi xách nữ,,False,0.92,,0.0,False,False,False,False,,,
776001770374,bags,ladies bag2026新款山茶花菱格链条盒子小包包女夏迷你单肩斜挎包,Túi nhỏ hộp dây xích hình thoi hoa trà mẫu mới bag2023 túi đeo chéo một bên vai mini nữ mùa hè,False,False,2026,2023,,,,,False,0.957,,0.0,False,False,True,False,,,
836770535864,bags,31291 清新绗缝手拿化妆包少女大容量可爱收纳学生拉链文具袋笔袋,31291 Túi đựng mỹ phẩm cầm tay chần bông tươi mát Túi đựng đồ văn phòng phẩm có khóa kéo học sinh đáng yêu đựng đồ đựng đồ đựng đồ đựng đồ dùng học sinh có sức chứa lớn cho nữ,False,False,,,,,đựng đồ,,False,1.481,,0.03,False,False,False,False,,,
839993892955,bags,新款珍珠绣花竹节手提包古风旗袍宴会手拿包重工铆钉水钻绣珠包,Túi xách tay thêu ngọc trai kiểu mới túi cầm tay tiệc sườn xám phong cách cổ điển túi đeo tay đính đinh tán công nghiệp nặng,False,False,,,,,,,False,0.931,,0.0,False,False,True,False,,,
895242068596,bags,2025新款时尚简约马鞍包洋气百搭纯色手提包跨境外贸单肩斜挎女包,Túi yên ngựa đơn giản thời trang mẫu mới 2025,False,False,,,,,,,False,0.321,vi_qua_ngan,0.0,False,False,False,False,,,
975466135602,bags,法国小众包洋气腋下包女包批发2023新款潮时尚手提百搭ins单肩包,"Túi niche Pháp, túi đeo nách sành điệu, túi xách nữ bán buôn 2023 túi đeo vai đa năng thời trang mới hợp thời trang",False,False,,,,,,,False,0.923,,0.04,False,False,True,False,bán buôn,,
975399069439,bags,新款珍珠绣花竹节手提包古风旗袍宴会手拿包重工铆钉水钻绣珠包,"Túi xách tre thêu ngọc trai mới, túi ly hợp dự tiệc sườn xám phong cách cổ điển, túi đính hạt thêu đinh tán nặng",False,False,,,,,,,False,0.862,,0.0,False,False,True,False,,,
892389792671,bags,JW PEI布丁包JOY小众包包女款单肩包女包黑色腋下通勤包包包1C568,Túi pudding JW PEI túi thích hợp JOY túi đeo vai nữ túi nữ túi xách tay đen túi đi lại 1C568,False,False,,,,,nữ túi,,False,0.957,,0.06,False,False,False,False,,,
896867034907,bags,女包流行ins女士包包2025经典韩版时尚网红手提小方包链条斜挎包,Túi nữ túi nữ instagram phổ biến thời trang cổ điển Hàn Quốc năm 2025 túi vuông nhỏ cầm tay nổi tiếng trên mạng túi đeo chéo dây xích,False,False,,,,,túi nữ,,False,1.077,,0.07,False,False,False,False,,,
651649331276,bags,腋下包复古小众设计高级感纯色单肩手提真皮女包春夏百搭大气挎包,Túi xách tay túi xách tay một vai màu tinh khiết cao cấp thiết kế thích hợp cổ điển túi xách khí quyển dễ phối xuân hè,False,False,,,,,túi xách tay,,False,0.9,,0.0,False,False,False,False,,,
917184460359,bags,2024厂家批发代发女士手提单肩手提包大号中号丛林包托特包手袋,2024 nhà máy bán buôn thay mặt cho phụ nữ túi xách một vai lớn cỡ trung túi đựng túi tote túi xách,False,False,,,,一件代发->nhận dropship / bỏ,,,False,0.815,,0.0,False,False,False,False,"bán buôn, nhà máy|nhà sản xuất",,
924649636221,bags,2026新款潮流小包包女时尚百搭单肩斜挎包软皮独立国风手机零钱包,Túi nhỏ xuân hè mẫu mới 2025 túi đeo chéo một vai dễ phối thời trang nữ ví tiền lẻ điện thoại phong cách Trung Quốc độc lập bằng da mềm,False,False,2026,2025,,,,,False,1.071,,0.07,False,False,False,False,,,
919650535040,bags,高级感时尚包包女手提包2026新款潮时尚百搭小方包简约韩式单肩包,Túi xách thời trang cao cấp nữ 2025 kiểu dáng mới thời thượng đa năng nhỏ gọn hình vuông đơn giản phong cách Hàn Quốc,False,False,2026,2025,,,,,False,0.857,,0.09,False,False,False,False,,,
717387835954,bags,尼龙斜挎包包女2024新款潮饺子包轻便运动风小挎包腋下单肩包Bags,Túi đeo chéo nylon túi đựng bánh bao thời trang mẫu mới 2024 cho nữ túi đeo nhỏ phong cách thể thao gọn nhẹ túi đeo một bên nách Túi đeo vai Bags,False,False,,,,饺子包/包子包->túi dáng bánh bao (kiểm tra),,,False,1.231,,0.06,False,False,False,False,,,
815103697200,bags,勇晟宽拉杆行李箱26寸抗摔静音万向轮拉杆箱24寸密码箱新干旅行箱,Hành lý xe đẩy rộng Yongsheng Hộp Xe đẩy đa năng 26 inch chống rơi và im lặng Hộp mật khẩu 24 inch Hộp du lịch khô mới,False,False,,,,密码箱/密码锁->vali khóa số / khóa số,,,False,0.929,,0.2,False,False,False,False,,,
891516785869,bags,多功能行李箱水杯万向轮拉链密码箱小清新手机杯架男女旅行箱批发,Hành lý đa chức năng cốc nước bánh xe đa năng hộp mật khẩu khóa kéo hộp đựng cốc điện thoại di động tươi mát bán buôn vali du lịch nam nữ,False,False,,,,密码箱/密码锁->vali khóa số / khóa số,,,False,1.067,,0.0,False,False,False,False,bán buôn,,
938706203969,bags,行李箱新款大容量铝框拉杆箱学生万向轮男女旅行箱密码箱结实耐用,Hành lý Hộp đựng xe đẩy khung nhôm dung tích lớn mẫu mới Hộp đựng xe du lịch nam nữ bánh xe đa năng cho học sinh,False,False,,,,,,,False,0.9,,0.08,False,False,True,False,,,
871106434031,bags,20×30×40小型迷你轻便登机箱女旅行春秋航空14寸静音行李拉杆箱,20 × 30 × 40 Hộp đựng hành lý di động mini cỡ nhỏ dành cho nữ du lịch Spring Airlines Hộp đựng hành lý yên tĩnh 14 inch,False,False,,,,,,,False,0.958,,0.14,False,True,False,False,,,
768623488158,bags,高颜值行李箱可充电防摔耐用密码箱大容量万向轮拉杆箱男女旅行箱,"Hành lý giá trị cao, có thể sạc lại, chống rơi, hộp mật khẩu bền, hộp đựng xe đẩy bánh đa năng dung tích lớn, Vali du lịch nam nữ",False,False,,,,密码箱/密码锁->vali khóa số / khóa số,,,False,1.0,,0.03,False,False,False,False,,,
950577051968,bags,新款复古行李箱女万向轮拉杆箱男学生耐用密码箱旅行箱子大容量潮,Mới Retro Vali Nữ Đa Năng Bánh Xe Đẩy Ốp Lưng Sinh Viên Nam Bền Mật Khẩu Hộp Du Lịch Dung Tích Lớn Hợp Thời Trang,False,False,,,,,,,False,0.867,,1.0,True,True,True,False,,,
778933361663,bags,14寸旅行箱定制化妆箱伴手礼迷你密码箱企业礼品ABS登机箱,"14inch Vali du lịch tùy chỉnh, hộp đựng mỹ phẩm, hộp đựng quà lưu niệm mini có khóa mật khẩu, quà tặng doanh nghiệp, vali xách tay ABS",False,False,,,,密码箱/密码锁->vali khóa số / khóa số,,,False,1.167,,0.04,False,False,False,False,,,
869313424751,bags,多功能行李箱万向轮铝框拉杆箱女学生20寸箱包旅行箱登机密码箱24,"Hành lý đa chức năng, bánh xe đa năng, hộp đựng xe đẩy khung nhôm, hành lý 20 inch nữ sinh, vali lên máy bay, hộp mật khẩu 24",False,False,,,,密码箱/密码锁->vali khóa số / khóa số,,,False,0.964,,0.0,False,False,False,False,,,
820798263660,bags,行李箱旅行箱拉杆箱万向轮大容量铝框男女学生26密码箱耐用皮箱子,Vali vali vali xe đẩy bánh xe đa năng hộp nhôm dung tích lớn hộp mật khẩu học sinh nam nữ 26 hộp da bền,False,False,,,,密码箱/密码锁->vali khóa số / khóa số,,,False,0.828,,0.0,False,False,False,False,,,
938717347721,bags,行李箱新款大容量铝框拉杆箱学生万向轮男女旅行箱密码箱结实耐用,Hành lý mới khung nhôm công suất lớn xe đẩy sinh viên bánh xe đa năng vali nam nữ hộp mật khẩu chắc chắn và bền,False,False,,,,密码箱/密码锁->vali khóa số / khóa số,,,False,0.867,,0.0,False,False,True,False,,,
709761027771,bags,复古铝框行李箱女拉杆箱男20密码箱包24学生学生26寸旅行皮箱子母,"Vali khung nhôm cổ điển dành cho nữ, vali kéo dành cho nam, vali khóa mật khẩu 20 inch, vali học sinh 24 inch, bộ vali da du lịch 26inch inch.",False,False,,,,密码箱/密码锁->vali khóa số / khóa số,,,False,1.074,,0.0,False,False,False,False,,,
909545367920,bags,厂家定制 行李箱女新款20寸旅行登机箱加厚宽拉杆时尚密码箱男24,"Hành lý tùy chỉnh của nhà sản xuất, vỏ du lịch 20 inch mới của nữ, thanh kéo dày và rộng, hộp mật khẩu thời trang nam 24",False,False,,,,密码箱/密码锁->vali khóa số / khóa số,,,False,0.963,,0.0,False,False,False,False,nhà máy|nhà sản xuất,,
966995065954,bags,20*30*40春秋航空拉杆箱14寸行李箱轻旅行箱女小型登机箱密码箱,20*30*40 Xuân Thu Hãng Hàng Không Xe Đẩy 14inch Hành Lý Nhẹ Vali Nữ Nhỏ Mang Theo Vali mật Khẩu Hộp,False,False,,,,,,*,False,0.833,,0.89,True,False,False,False,,,
994161603084,bags,新款宽拉杆行李箱女登机箱大容量旅行箱撞色拉杆箱高颜值密码箱,"Vali xe đẩy rộng mới, vali lên máy bay nữ, vali sức chứa lớn, vali xe đẩy màu sắc tương phản, hộp mật khẩu cao cấp",False,False,,,,密码箱/密码锁->vali khóa số / khóa số,,,False,0.897,,0.0,False,False,False,False,,,
992877016179,beauty,马卡龙粉雾唇泥七支装唇泥套装哑光丝绒雾面掉色沾杯口红套盒唇釉,"Bộ son lì Macaron Powder Mist Lip Mud bảy màu, son lì nhung mờ, son lì nhũ, bộ son dưỡng môi",False,False,,,Mist Lip Mud,,,,False,0.7,,0.25,False,False,False,False,,,
960604747558,beauty,NOVO甜梦轻盈雾绒唇泥哑光雾面持久防水不沾杯学生党素颜显白口红,NOVO Sweet Dream Light Mist Velvet Lip Mud Matte Matte lâu trôi không thấm nước chống dính Cup Sinh viên Đảng làm trắng son môi,False,False,,,Lip Mud Matte Matte,,,,False,0.893,,0.48,False,False,False,False,,,
984293308474,beauty,HERORANGE空气柔雾哑光唇釉 雾面显白持久显色不易沾杯平价唇彩女,HERORANGE air soft matte matte lip glaze matte làm trắng màu lâu trôi không dễ dính vào cốc son bóng giá cả phải chăng dành cho phụ nữ,False,False,,,matte matte lip glaze matte,,,,False,1.12,,0.0,False,False,False,False,,,
989265499658,beauty,柏贝妮空气感唇泥丝绒哑光雾面不拔干显白不易掉色学生款唇釉口红,Babani Airy Lip Mud Velvet Matte Matte Không làm khô Làm trắng Không dễ phai màu Son môi dành cho sinh viên,False,False,,,Airy Lip Mud,,,,False,0.733,,0.48,False,False,False,False,,,
997610413873,beauty,MAV空气唇釉镜面持久滋润细腻清透自然素颜显白水光嘟嘟唇蜜平价,"Son bóng môi MAV air lip glaze dưỡng ẩm lâu dài, tinh tế, làm trắng tự nhiên, bóng nước giá cả phải chăng",False,False,,,air lip glaze,,,,False,0.821,,0.0,False,False,False,False,,,
978311944695,beauty,kakashow粉效双头唇釉镜面水光雾面哑光口红叠涂唇油唇蜜跨境美妆,Kakashow hiệu ứng bột son môi hai đầu gương nước bóng son lì son môi xếp chồng lên nhau son bóng trang điểm làm đẹp xuyên biên giới,False,False,,,,,,,False,1.077,,0.0,False,True,False,False,xuyên biên giới,,
736473278988,beauty,MLSMILE跨境不沾杯哑光口红爆闪钻石口红唇膏万圣节暗黑吸血鬼妆,MLSMILE xuyên biên giới không dính cốc mờ son môi kim cương bùng nổ son môi halloween tối ma cà rồng trang điểm,False,False,,,,爆款->mẫu bán chạy,,,False,0.885,,0.0,False,False,False,False,xuyên biên giới,,
997886897636,beauty,佰鲜集抖音同款变色唇膏口红温感变色千人千色保湿滋润网红款礼物,Son môi đổi màu Bai Xianji TikTok dưỡng ẩm quà tặng hợp thời trang,False,False,,,,,,,False,0.467,vi_qua_ngan,0.23,False,False,False,False,amazon|temu|shein|tiktok,,
893652401178,beauty,PIPL水光唇蜜显白保湿滋润学生嘟嘟唇精华液叠涂镜面唇釉口红P069,PIPL Water Light Lip Gloss Whitening Moisturizing Dưỡng ẩm cho học sinh Toot Lip Serum Son môi tráng gương P069,False,False,,,Water Light Lip,,,,False,0.769,,0.61,True,False,False,False,,,
694316400615,beauty,NOVO小蘑菇奶罐唇冻口红滋润补水保湿淡化唇纹玻璃唇镜面水光唇釉,NOVO Little Mushroom Milk Pot Lip Jelly Son môi Dưỡng ẩm Dưỡng ẩm Làm mờ nếp nhăn môi,False,False,,,Pot Lip Jelly,,dưỡng ẩm,,False,0.643,,0.56,False,False,False,False,,,
996732814743,beauty,施逅寡肽玻尿酸冻干面膜补水保湿富勒烯面膜寡肽锁水焕肤面膜批发,Shihou Oligopeptide Hyaluronic Acid Mặt nạ đông khô Mặt nạ dưỡng ẩm và dưỡng ẩm Fullerene Mặt nạ trẻ hóa khóa độ ẩm Oligopeptide Bán buôn,False,False,,,,,,,False,0.867,,0.36,False,False,True,False,bán buôn,,
872510037063,beauty,SEOMOU施逅珍珠玻尿酸补水保湿蚕丝面膜烟酰胺熊果苷水光补水保湿,SEOMOU mặt nạ lụa dưỡng ẩm axit hyaluronic ngọc trai,False,False,,,,,,,False,0.37,vi_qua_ngan,0.0,False,False,False,False,,,
665075502160,beauty,润百颜玻尿酸屏障调理白纱布面膜 补水修护舒缓积雪草华熙生物,"Mặt Nạ Gạc Trắng Dưỡng Ẩm, Phục Hồi, Làm Dịu Runbaiyan Hyaluronic Acid Barrier Conditioning với chiết xuất Centella Asiatica Huaxi Bio",False,False,,,Acid Barrier Conditioning,,,,False,0.786,,0.86,True,False,False,False,,,
944773825121,beauty,爆款377美白面膜祛斑淡斑保湿补水抗皱紧致提亮肤色工厂批发代发,"Mặt nạ làm trắng phổ biến 377, loại bỏ vết thâm, làm sáng vết thâm, dưỡng ẩm, cấp nước, chống nhăn, săn chắc, làm sáng tông da, bán buôn và giao hàng tận nơi.",False,False,,,,,,,False,1.179,,0.0,False,False,True,False,bán buôn,,
871748928882,beauty,CISU黄瓜精华水润保湿面膜批发富勒烯冷萃积雪草密集补水保湿面膜,Mặt nạ dưỡng ẩm và dưỡng ẩm tinh chất dưa chuột CISU bán buôn mặt nạ dưỡng ẩm và dưỡng ẩm chuyên sâu chiết xuất lạnh fullerene,False,False,,,,,,,False,0.964,,0.0,False,True,True,False,bán buôn,,
677740660058,beauty,院线单片装玻尿酸补水面膜批发烟酰胺冻干补水保湿滋润面膜贴片装,Rạp chiếu phim mặt nạ dưỡng ẩm axit hyaluronic một mảnh bán buôn niacinamide mặt nạ dưỡng ẩm đông khô dưỡng ẩm gói vá,False,False,,,,医美/敷料 (膜 bị dịch 'phim')->dịch lại theo ngữ cảnh,,,False,0.8,,0.0,False,False,False,False,bán buôn,,
609136223258,beauty,梵贞美白祛斑水嫩面膜片装 补水保湿滋润男女士面膜批发直播欧博,Mặt nạ dưỡng ẩm làm trắng da và trị tàn nhang Fanzhen miếng mặt nạ dưỡng ẩm dưỡng ẩm cho nam và nữ bán buôn Ober trực tiếp,False,False,,,,,dưỡng ẩm,,False,0.966,,0.07,False,False,False,False,bán buôn,,
996427502660,beauty,积雪草面膜女护肤品补水保湿面部护理玻尿酸胶原蛋白面膜正品批发,"Mặt nạ rau má chăm sóc da nữ, dưỡng ẩm, cấp nước, chăm sóc da mặt, chứa axit hyaluronic và collagen, hàng chính hãng, bán buôn",False,False,,,,,,,False,0.867,,0.0,False,False,True,False,bán buôn,,
808212783014,beauty,珀莱雅面膜集双抗焕亮弹润透亮精华面膜肌源修护小球藻水母面膜,Mặt nạ Proya Set Double Anti-Rejuvenating Moisturizing Essence Mask Muscle Source Repair Sứa Mặt nạ,False,False,,,Proya Set Double Anti-Rejuvenating Moisturizing Essence Mask Muscle Source Repair,,,,False,0.552,,0.87,True,False,False,False,,,
684623158828,beauty,补水抗皱天丝面膜 致朵玻色因臻颜抗皱贴片面膜清透补水批发代发,Mặt nạ Tencel dưỡng ẩm và chống nhăn,False,False,,,,,,,False,0.276,vi_qua_ngan,0.14,False,False,False,False,,,
801577524161,beauty,肌肤未来377面膜补水贴片面膜美白补水女烟酰胺提亮肤色 淡化暗沉,Mặt nạ Skin Future 377 Hydrating Patch Mask Làm trắng và dưỡng ẩm Niacinamide của phụ nữ Làm sáng màu da và giảm bóng tối,False,False,,,Hydrating Patch Mask,,,,False,0.857,,0.35,False,False,False,False,,,
886377044812,beauty,玻尿酸水漾美肌面膜补水保湿滋润肌肤片装30ml厂家批发院线专用,Mặt nạ làm đẹp da Hyaluronic Acid Water Moisturizing Moisturizing Skin Pack 30ml Nhà máy bán buôn rạp chiếu phim chuyên dụng,False,False,,,Acid Water Moisturizing Moisturizing,医美/敷料 (膜 bị dịch 'phim')->dịch lại theo ngữ cảnh,,,False,0.815,,0.38,False,False,False,False,"bán buôn, nhà máy|nhà sản xuất",,
994096311207,beauty,八杯水面膜补水保湿提亮肤色控油平衡水油清洁收缩毛孔男女士专用,"Mặt nạ nước 8 cốc, dưỡng ẩm, dưỡng ẩm, làm sáng tông màu da, kiểm soát dầu, cân bằng nước và dầu, làm sạch và thu nhỏ lỗ chân lông, chỉ dành cho nam và nữ",False,False,,8,,,dưỡng ẩm,,False,1.167,,0.0,False,False,False,False,,,
933960265272,beauty,全英文SADOER骨胶原面膜抗皱Facial mask 滋润面膜跨境外贸批发,Tất cả tiếng Anh SADOER xương collagen mặt nạ chống nhăn mặt nạ dưỡng ẩm Facial mask bán buôn ngoại thương xuyên biên giới,False,False,,,,全英文->bao bì tiếng Anh,,,False,1.2,,0.09,False,False,False,False,"bán buôn, xuyên biên giới",,
645469059014,beauty,泊泉雅牛油果深润净颜泥膜补水保湿滋润柔滑改善干燥温和洁净面膜,"Mặt nạ bùn làm sạch sâu bơ Boquanya, dưỡng ẩm, dưỡng ẩm, làm mịn và cải thiện độ khô và nhẹ nhàng của mặt nạ làm sạch",False,False,,,,,dưỡng ẩm,,False,0.9,,0.04,False,False,False,False,,,
686721538456,beauty,敷尔佳面膜积雪草白膜黑膜灯泡膜绿膜清痘方胖子湿敷膜补水保湿,Mặt nạ Fuljia centella asiatica mặt nạ trắng mặt nạ đen mặt nạ bóng đèn mặt nạ xanh mặt nạ trị mụn mặt nạ dưỡng ẩm,False,False,,,Fuljia centella asiatica,,,,False,0.897,,0.04,False,False,False,False,,,
680926219885,beauty,贝玲美原B5积雪草精萃焕颜面膜补水保湿改善肌肤滋润柔嫩一件代发,"Bei Lingmei Original B5 Centella Snow Grass Essence Rejuvenating Mask Dưỡng ẩm và dưỡng ẩm Cải thiện làn da, dưỡng ẩm và mềm mại",False,False,,,Centella Snow Grass Essence Rejuvenating Mask,,,,False,0.828,,0.48,False,False,False,False,,,
726775385612,beauty,薇诺娜舒敏保湿特护霜极润洗面奶面膜水乳面霜精华液敏感肌护肤品,Winona Soothing Moisturizing Special Care Cream Mặt nạ sữa rửa mặt dưỡng ẩm cực tốt Kem dưỡng da mặt Tinh chất dưỡng da cho da nhạy cảm,False,False,,,Winona Soothing Moisturizing Special,,,,False,0.9,,0.31,False,False,False,False,,,
997527381055,beauty,单片烟酰胺富勒烯玻尿酸冻干粉亮肤面膜保湿补水滋润肌肤面膜批发,Một mảnh nicotinamide fullerene axit hyaluronic đông khô bột làm sáng mặt nạ dưỡng ẩm và dưỡng ẩm mặt nạ da bán buôn,False,False,,,,,,,False,0.767,,0.0,False,True,False,False,bán buôn,,
710237441172,beauty,韩露熙绿茶冰肌泥膜清洁保湿控油去黑头洁面泥膜涂抹泥膜厂家现货,"Han Luxi Green Tea Ice Muscle Mud Mask Làm sạch, dưỡng ẩm, kiểm soát dầu và mụn đầu đen Mặt nạ làm sạch mặt nạ bùn",False,False,,,Tea Ice Muscle Mud Mask,,,,False,0.867,,0.36,False,False,False,False,,,
945027267904,beauty,爆款377美白面膜祛斑淡斑保湿补水抗皱紧致提亮肤色工厂批发代发,"Mặt nạ làm trắng phổ biến 377, xóa tàn nhang, dưỡng ẩm, chống nhăn, làm săn chắc và làm sáng tông màu da, nhà máy bán buôn và giao hàng",False,False,,,,,,,False,1.036,,0.0,False,False,True,False,"bán buôn, nhà máy|nhà sản xuất",,
871125918064,beauty,施逅烟酰胺补水冻干面膜单片装补水保湿蚕丝面膜嫩肤面膜批发,Mặt nạ khô đông lạnh dưỡng ẩm Shikoniamide miếng duy nhất mặt nạ lụa dưỡng ẩm mặt nạ trẻ hóa da bán buôn,False,False,,,,,,,False,0.821,,0.05,False,True,False,False,bán buôn,,
987640511543,beauty,多肽胶囊免洗睡眠面膜提亮肤色补水保湿修护烟酰胺懒人睡眠面膜,"Mặt nạ ngủ không cần rửa dạng viên nang Polypeptide Làm sáng da, dưỡng ẩm, dưỡng ẩm và phục hồi Niacinamide Mặt nạ ngủ lười biếng",False,False,,,,,dưỡng ẩm,,False,0.897,,0.16,False,False,False,False,,,
872194482634,beauty,韩国面膜同款格莲娜焕活胶原蛋白面膜分体式白变透紧致抗皱面膜,Mặt nạ Hàn Quốc cùng mẫu Mặt nạ collagen trẻ hóa Grena Mặt nạ chống nhăn làm trắng và trong suốt,False,False,,,,,,,False,0.724,,0.25,False,False,True,False,,,
924062298181,beauty,377美白祛斑面膜滋润补水保湿贴片式美白面膜提亮肤色持证美白,377 Mặt nạ làm trắng da và tàn nhang Mặt nạ làm trắng da loại vá dưỡng ẩm dưỡng ẩm làm sáng da,False,False,,,,,dưỡng ẩm,,False,0.815,,0.05,False,False,False,False,,,
618842652103,beauty,1000克泰国小颗粒海藻面膜补水保湿美容院袋装批发,1000G Mặt Nạ Rong Biển hạt nhỏ Thái Lan,False,False,,,,,,,False,0.429,vi_qua_ngan,0.75,True,False,False,False,,,
902198561882,beauty,施逅c60富勒烯面膜单片补水保湿面膜冻干粉冰膜柔滑淡纹冰膜批发,Mặt nạ Fullerene Shique c60 Mặt nạ dưỡng ẩm và dưỡng ẩm một mảnh Mặt nạ đá bột đông khô Mặt nạ đá mềm mịn và mờ mặt nạ đá bán buôn,False,False,,,,,,,False,1.143,,0.16,False,False,True,False,bán buôn,,
997932444122,beauty,施逅玻尿酸水润保湿面膜补水修护嫩肤清爽玻尿酸补水蚕丝面膜批发,"Mặt nạ dưỡng ẩm Shihou Hyaluronic Acid Dưỡng ẩm, sửa chữa, trẻ hóa và làm mới Mặt nạ lụa dưỡng ẩm Hyaluronic Acid Bán buôn",False,False,,,,,,,False,0.833,,0.33,False,True,False,False,bán buôn,,
938695301091,beauty,韩婵海藻芦荟滋润补水面膜 保湿润肤收缩毛孔护肤品面膜 厂家批发,"Mặt nạ dưỡng ẩm và dưỡng ẩm lô hội rong biển Han Chan, dưỡng ẩm, dưỡng ẩm, thu nhỏ lỗ chân lông, nhà sản xuất mặt nạ chăm sóc da bán buôn",False,False,,,,,dưỡng ẩm,,False,1.103,,0.06,False,False,False,False,"bán buôn, nhà máy|nhà sản xuất",,
664580265112,beauty,南京同仁堂美白祛斑面膜补水保湿抗皱紧致贴片面膜滋润面部护肤品,"Mặt nạ làm trắng và chống tàn nhang Nanjing Tongrentang Dưỡng ẩm, dưỡng ẩm, chống nhăn và làm săn chắc da Mặt nạ dưỡng ẩm Sản phẩm chăm sóc da mặt",False,False,,,,,dưỡng ẩm,,False,1.033,,0.17,False,False,False,False,,,
939608980451,beauty,韩国面膜同款格莲娜焕活胶原蛋白面膜分体式白变透紧致抗皱面膜,"Mặt nạ dưỡng da Hàn Quốc, cùng kiểu với Mặt nạ Collagen phục hồi Glenna, mặt nạ trắng, mờ, săn chắc và chống nhăn",False,False,,,,,,,False,0.828,,0.22,False,False,True,False,,,
633767246620,beauty,梵贞沪美烟酰胺祛斑面膜 补水保湿提亮肤色滋润面膜护肤批发,Mặt nạ trị tàn nhang Fanzhen Humei nicotinamide dưỡng ẩm dưỡng ẩm làm sáng màu da mặt nạ dưỡng ẩm chăm sóc da bán buôn,False,False,,,,,dưỡng ẩm,,False,0.926,,0.08,False,False,False,False,bán buôn,,
867131654740,beauty,美白祛斑面膜补水保湿烟酰胺提亮肤色去黄气暗沉淡斑男女厂家批发,"Mặt nạ làm trắng da và tàn nhang, dưỡng ẩm, dưỡng ẩm, nicotinamide, làm sáng màu da, loại bỏ khí vàng, đốm xỉn màu, bán buôn cho nam và nữ",False,False,,,,,dưỡng ẩm,,False,1.0,,0.0,False,False,False,False,bán buôn,,
835919358684,beauty,绽妍安润保湿舒缓面膜 玻尿酸小水库面膜补水保湿改善肌肤干燥,Mặt nạ dưỡng ẩm và làm dịu Blooming Anrun Hyaluronic Acid Small Reservoir Mask Hydrates và dưỡng ẩm để cải thiện làn da khô,False,False,,,Acid Small Reservoir Mask Hydrates,,,,False,0.857,,0.35,False,False,False,False,,,
731444260218,beauty,冰肤之萃抗皱补水润颜面膜补水保湿院线同款水光肌肤厂家批发代发,Mặt nạ dưỡng ẩm chống nhăn da đá,False,False,,,,,,,False,0.267,vi_qua_ngan,0.0,False,False,False,False,,,
904615826757,beauty,377美白抗皱祛斑补水保湿面膜滋润紧致美容院专用面膜片盒装厂家,"Mặt nạ dưỡng da, làm trắng, chống nhăn, trị thâm, cấp ẩm, dưỡng chất, săn chắc da, chuyên dụng cho spa, dạng gói, đóng hộp, sản xuất bởi nhà máy.",False,False,377,,,,,,False,1.071,,0.0,False,False,False,False,nhà máy|nhà sản xuất,,
943570394500,beauty,积雪草面膜女护肤品补水保湿面部护理玻尿酸胶原蛋白面膜正品批发,Mặt nạ Jixuecao dành cho nữ Sản phẩm chăm sóc da dưỡng ẩm chăm sóc da mặt mặt mặt nạ collagen axit hyaluronic bán buôn chính hãng,False,False,,,,,,,False,0.9,,0.08,False,False,True,False,bán buôn,,
755684121760,beauty,若水兰婷玻尿酸水光面膜贴补水保湿美容院同款面膜贴一件代发,Ruoshui Lanting Hyaluronic Acid Water Light Mask Patch Dưỡng ẩm cho Thẩm mỹ viện,False,False,,,Acid Water Light Mask Patch,,,,False,0.5,vi_qua_ngan,0.69,True,False,False,False,,,
918927179717,beauty,全英文水蜜桃植物水果滋润面膜 SADOER补水系列跨境外贸批发,Tất cả tiếng Anh Mặt nạ dưỡng ẩm thực vật trái cây đào SADOER Dòng dưỡng ẩm Bán buôn ngoại thương xuyên biên giới,False,False,,,,全英文->bao bì tiếng Anh,,,False,1.0,,0.18,False,False,False,False,"bán buôn, xuyên biên giới",,
939074485896,beauty,施逅烟酰胺补水冻干面膜单片装补水保湿蚕丝面膜嫩肤面膜批发,Mặt nạ khô đông lạnh dưỡng ẩm Shikoniamide miếng duy nhất mặt nạ lụa dưỡng ẩm mặt nạ trẻ hóa da bán buôn,False,False,,,,,,,False,0.821,,0.05,False,True,False,False,bán buôn,,
655536918459,beauty,泊蝶六胜肽抗皱润颜面膜补水润泽保湿面膜护肤品抖音代发,Mặt nạ dưỡng ẩm chống nhăn Bodie Six Peptide Mặt nạ dưỡng ẩm dưỡng ẩm Sản phẩm chăm sóc da Douyin Delivery,False,False,,,,,dưỡng ẩm,,False,0.846,,0.33,False,False,False,False,,,
862897288754,beauty,韦雪同款发光胶原蛋白面膜提拉紧致补水保湿滋润涂抹撕拉灌注面膜,"Mặt nạ collagen phát sáng tương tự của Wei Xue, nâng cơ, săn chắc, dưỡng ẩm, dưỡng ẩm, đắp mặt nạ tưới nước xé",False,False,,,,,dưỡng ẩm,,False,0.8,,0.09,False,False,False,False,,,
649022572306,beauty,贝玲美蜗牛精华补水养护面膜保湿滋润护肤品彩妆面膜厂家一件代发,Mặt nạ dưỡng ẩm và dưỡng ẩm tinh chất ốc sên Bei Lingmei,False,False,,,,,,,False,0.433,vi_qua_ngan,0.17,False,False,False,False,,,
692115221328,beauty,贝玲美美白祛斑舒缓面膜补水保湿提亮肤色淡斑祛黄熬夜修护面膜,"Mặt nạ làm trắng da, trị tàn nhang và làm dịu da Bei Lingmei, dưỡng ẩm, làm sáng da, làm sáng da, loại bỏ vàng da, mặt nạ phục hồi thức khuya",False,False,,,,,làm sáng da,,False,1.103,,0.06,False,False,False,False,,,
981131308344,beauty,若肤酵母水光熬夜面膜分离式补水保湿面膜舒缓抗皱紧致贴片面膜,Ruofu Yeast Water Light Stay Up Late Mask Mặt nạ dưỡng ẩm tách biệt Mặt nạ dưỡng ẩm làm dịu chống nhăn Làm săn chắc da,False,False,,,Yeast Water Light Stay,,,,False,0.897,,0.4,False,False,False,False,,,
862849048823,beauty,eiio水光面膜补水面膜油痘肌10片盒装保湿紧致奶皮面膜男女士专用,Mặt nạ dưỡng ẩm eiio Water Light Mask Mặt nạ dưỡng ẩm da mụn 10 miếng Mặt nạ sữa dưỡng ẩm và săn chắc da đóng hộp dành cho nam và nữ,False,False,,,Water Light Mask,,,,False,1.148,,0.17,False,False,False,False,,,
760454001921,beauty,瑷尔博士面膜益生菌正品补水保湿修护舒缓单片爱尔面膜官方正品,"Dr. Aier Mask Probiotic Chính hãng Dưỡng ẩm, Dưỡng ẩm, Sửa chữa và Làm dịu, Mặt nạ Aier một mảnh Chính thức Chính hãng",False,False,,,Dr Aier Mask,,dưỡng ẩm,,False,0.828,,0.52,False,False,False,False,,,
668632694758,beauty,【正品货源】rnw面膜/如薇玻尿酸补水湿敷贴保湿水润,[Cung cấp đích thực] mặt nạ rnw/Ruwei axit hyaluronic ẩm ướt nén miếng dán dưỡng ẩm và dưỡng ẩm,False,False,,,,,,[],False,1.0,,0.05,False,False,False,False,,,
1001038162369,beauty,纤诗姿面膜补水保湿滋润提亮肤色彩色面膜新升级,"Mặt nạ Qian Shizi là mặt nạ dưỡng ẩm, dưỡng ẩm, làm sáng và đầy màu sắc được nâng cấp mới.",False,False,,,,,dưỡng ẩm,,False,0.955,,0.1,False,False,False,False,,,
642196413549,beauty,泊泉雅黄瓜积雪草面膜 皙润补水保湿滋润 芦荟烟酰胺精华面膜批发,"Mặt nạ Boquanya Cucumber Centella Xuecao làm mới, dưỡng ẩm, dưỡng ẩm và dưỡng ẩm, mặt nạ tinh chất lô hội nicotinamide bán buôn",False,False,,,,,dưỡng ẩm,,False,0.828,,0.17,False,False,False,False,bán buôn,,
924699594852,beauty,FLOWERWAY童颜胶原蛋白灌注面膜补水保湿紧致提亮肤色厂家代发,"FLOWERWAY Mặt nạ truyền collagen cho trẻ em Dưỡng ẩm, dưỡng ẩm, làm săn chắc và làm sáng màu da Giao hàng của nhà sản xuất",False,False,,,,,dưỡng ẩm,,False,1.083,,0.08,False,False,False,False,nhà máy|nhà sản xuất,,
940118163319,beauty,黑灵芝人参发酵面膜贴0添加0防腐天然酵素精华发酵面膜工厂直供,"Mặt nạ lên men Nấm Linh Chi đen và Nhân sâm không chất phụ gia, không chất bảo quản, tinh chất enzyme tự nhiên, cung cấp trực tiếp từ nhà máy sản xuất mặt nạ lên men.",False,False,"0, 0",,,,,,False,1.321,,0.11,False,False,False,False,nhà máy|nhà sản xuất,,
706714599835,beauty,BIOAOUA植物水果面膜补水保湿滋润面部护理护肤Face mask跨境外贸,BIOAOUA Mặt Nạ Trái Cây Dưỡng Ẩm Dưỡng Ẩm Dưỡng Ẩm Chăm Sóc Da Face mask Ngoại Thương xuyên biên giới,False,False,,,,,dưỡng ẩm,,False,0.955,,0.79,True,False,False,False,xuyên biên giới,,
888345620033,beauty,井尚韩纪海藻胶原蛋白填充水晶面膜补水保湿滋润果冻人皮贴片面膜,Mặt nạ pha lê làm đầy collagen rong biển Jing Shang Hanji,False,False,,,,,,,False,0.4,vi_qua_ngan,0.27,False,False,False,False,,,
859961801115,beauty,FLOWERWAY童颜胶原蛋白灌注面膜锁水保湿温和滋润贴片补水面膜,Mặt nạ dưỡng ẩm da trẻ em FLOWERWAY,False,False,,,,,,,False,0.333,vi_qua_ngan,0.0,False,False,False,False,,,
964566713392,beauty,eiio奕沃致润水感面膜补水致润水感面膜保湿修护水润柔润敏肌适用,"Mặt nạ dưỡng ẩm Yiwo là loại mặt nạ dưỡng ẩm và cấp nước, phù hợp để dưỡng ẩm, phục hồi và làm mềm da nhạy cảm.",False,False,,,,,,,False,0.964,,0.04,False,False,True,False,,,
917518824163,beauty,KISSMWAH黑绷带沁润精华面膜盒装滋润补水保湿滋润肌肤面部护理,KISSMWAH Black Băng Qin Moisturizing Essence Mask Đóng hộp Dưỡng ẩm Dưỡng ẩm Dưỡng ẩm Dưỡng ẩm da mặt Chăm sóc da mặt,False,False,,,Qin Moisturizing Essence Mask,,dưỡng ẩm,,False,0.92,,0.52,False,False,False,False,,,
898374969130,beauty,冰肤之萃焕活童颜胶原蛋白灌注面膜分体式白变透紧致抗皱面膜,Mặt nạ làm đầy collagen trẻ hóa da đá,False,False,,,,,,,False,0.321,vi_qua_ngan,0.0,False,False,True,False,,,
876648286651,beauty,欧佩黄芪胶原蛋白透润面膜10片滋润补水保湿提亮肌肤工厂直销,"Mặt nạ dưỡng ẩm Ope Astragalus Collagen 10 miếng Dưỡng ẩm, dưỡng ẩm và làm sáng da Nhà máy bán hàng trực tiếp",False,False,,,,,dưỡng ẩm,,False,0.815,,0.24,False,False,False,False,nhà máy|nhà sản xuất,,
794614721159,beauty,外贸跨境玻尿酸蚕丝面膜 护肤品贴牌补水保湿贴片面膜化妆品定制,Thương mại nước ngoài xuyên biên giới mặt nạ lụa axit hyaluronic sản phẩm chăm sóc da OEM dưỡng ẩm dưỡng ẩm miếng dán mặt nạ mỹ phẩm tùy chỉnh,False,False,,,,,dưỡng ẩm,,False,1.034,,0.0,False,False,False,False,xuyên biên giới,,
995140134840,beauty,【买5送1】美容院专用软膜粉玫瑰补水保湿嫩肤面膜粉舒缓清爽泥膜,[Mua 5 Tặng 1] Thẩm mỹ viện Mặt nạ mềm đặc biệt Bột hoa hồng Dưỡng ẩm Mặt nạ trẻ hóa Dưỡng ẩm Bột Mặt nạ bùn làm mới làm dịu,False,False,,,,,,[],False,1.074,,0.32,False,False,False,False,,,
855520756160,beauty,【假一罚十】自然堂面膜喜马拉雅植物安瓶面膜补水保湿修护正品,"【Bồi thường gấp mười lần nếu là hàng giả】Mặt nạ Chando Himalayan Plant Ampoule giúp cấp ẩm, dưỡng ẩm và phục hồi - sản phẩm chính hãng.",False,False,,,Chando Himalayan Plant Ampoule,,,【】,False,1.0,,0.19,False,False,False,False,,,
999681078001,beauty,娅芝黄金胶原炮面膜金刚侠胶原蛋白面膜补水舒缓贴片面膜紧致抗皱,Yazhi Gold Collagen Cannon Mask King Kong Man Mặt nạ Collagen Hydrating Soothing Patch Mask Làm săn chắc chống nhăn,False,False,,,Hydrating Soothing Patch Mask,,,,False,0.667,,0.74,True,False,False,False,,,
946995554468,beauty,377维C美白舒缓补水睡眠面膜保湿提亮去暗沉熬夜焕白涂抹免洗面膜,Mặt nạ ngủ dưỡng ẩm làm trắng da và dưỡng ẩm 377 vitamin C,False,False,,,,,,,False,0.464,vi_qua_ngan,0.08,False,False,False,False,,,
871171134833,beauty,施逅寡肽玻尿酸冻干面膜补水保湿富勒烯面膜寡肽锁水焕肤面膜批发,Mặt nạ đông khô Shiburotide Axit hyaluronic Mặt nạ Fullerene dưỡng ẩm và dưỡng ẩm Mặt nạ trẻ hóa và khóa nước olitide Bán buôn,False,False,,,,,,,False,0.833,,0.25,False,True,True,False,bán buôn,,
763198698017,beauty,斐思妮绿膜黄膜灯泡膜红膜保湿舒缓肌肤修护控油抗皱紧致面膜嫩肤,Fisini Green Film Yellow Film Bóng đèn Film Red Film Dưỡng ẩm và làm dịu da Sửa chữa dầu Kiểm soát nếp nhăn Mặt nạ làm săn chắc da trẻ hóa da,False,False,,,Film Red Film,,,,False,1.067,,0.39,False,False,False,False,,,
713094023060,beauty,玻尿酸水漾净透面膜紧致肌肤补水保湿面膜多肽贴片面膜护肤品批发,Mặt nạ làm sạch nước axit Hyaluronic làm săn chắc da mặt nạ dưỡng ẩm dưỡng ẩm mặt nạ polypeptide miếng dán mặt nạ sản phẩm chăm sóc da bán buôn,False,False,,,,,dưỡng ẩm,,False,1.033,,0.03,False,False,False,False,bán buôn,,
842224309160,beauty,官方直供DR.ALVA益生菌瑷尔博士面膜熬夜急救福瑞达艾尔2.0积雪草,Cung cấp trực tiếp chính thức DR.ALVA Probiotic Dr. Aier Mask Thức khuya để sơ cứu Freda Aier 2.0 Centella Sexuegrass,False,False,,,Dr Aier Mask,,,,False,0.84,,0.5,False,False,False,False,,,
912732159563,beauty,o.metoo魔女冰美式面膜*30片熬夜紧致抗皱面膜,o.metoo Mặt nạ Mỹ Witch Ice*30 miếng Mặt nạ chống nhăn làm săn chắc da,False,False,,,,,,*,False,1.0,,0.33,False,False,False,False,,,
903469150069,beauty,韩伦美羽红蜜红绷带V脸面膜双下巴挂耳塑形紧致提拉胶原面膜挂耳,Han Lun Meiyu Red Honey Red Bandage V-Face Mask Double Chin Ear-Hanging Định hình làm săn chắc nâng cơ Mặt nạ collagen treo tai.,False,False,,,Red Honey Red || V-Face Mask Double,,,,False,0.897,,0.6,True,False,False,False,,,
540719277993,beauty,贝玲美蜗牛精华净颜润肌黑面膜保湿补水熬夜修护面膜化妆品护肤品,Bei Lingmei Snail Essence Cleansing Moisturizing Black Mask Mặt nạ dưỡng ẩm và dưỡng ẩm Thức khuya Mặt nạ mỹ phẩm và chăm sóc da,False,False,,,Snail Essence Cleansing Moisturizing Black Mask,,,,False,0.833,,0.42,False,False,False,False,,,
946535152852,beauty,【48小时内发货】蓝尼芳可维生素原B5水盈面膜滋润肌肤补水保湿紧,"[Giao hàng trong vòng 48 giờ] Mặt nạ dưỡng ẩm Lanifangke Provitamin B5 dưỡng ẩm, dưỡng ẩm và làm săn chắc da",False,False,,,,,dưỡng ẩm,[],False,0.808,,0.2,False,False,False,False,,,
903563462020,beauty,韩伦美羽红蜜红绷带V脸双下巴提拉紧致胶原面膜美容院挂耳式面膜,Han Lun Meiyu Red Honey Red Băng Băng mặt V Hai cằm Nâng cơ Làm săn chắc Collagen Mặt nạ thẩm mỹ viện,False,False,,,Red Honey Red,,,,False,0.793,,0.59,False,False,False,False,,,
998229804581,beauty,施逅玻尿酸水润保湿面膜补水修护嫩肤清爽玻尿酸补水蚕丝面膜批发,"Mặt nạ dưỡng ẩm Shihou Hyaluronic Acid Dưỡng ẩm, sửa chữa, trẻ hóa và làm mới Mặt nạ lụa dưỡng ẩm Hyaluronic Acid Bán buôn",False,False,,,,,,,False,0.833,,0.33,False,True,False,False,bán buôn,,
903019396061,beauty,施逅烟酰胺补水冻干面膜补水保湿润肤蚕丝面膜控油嫩肤积雪草面膜,Shihou Niacinamide Hydrating Freeze-Dried Mask Hydrating Moisturizing Silk Mask Kiểm soát dầu Mặt nạ Centella Asiatica trẻ hóa,False,False,,,Hydrating Freeze-Dried Mask Hydrating Moisturizing Silk Mask,,,,False,0.633,,0.72,True,True,True,False,,,
871443653451,beauty,施逅玻尿酸富勒烯冻干粉靓肤面膜补水保湿面膜温和代发单片,Mặt nạ dưỡng ẩm và dưỡng ẩm mặt nạ dưỡng ẩm da mặt mặt nạ dưỡng ẩm nhẹ nhàng miếng đơn,False,False,,,,,,,False,0.778,,0.0,False,True,False,False,,,
972930834225,beauty,韩姬莲-1021冰美式咖啡因熬夜面膜水光面膜补水保湿熬夜急救舒缓,Han Jilian-1021 Ice American Caffeine Mặt nạ thức khuya Mặt nạ nước nhẹ Dưỡng ẩm Dưỡng ẩm Giữ thức khuya Sơ cứu Làm dịu,False,False,,,,,dưỡng ẩm,,False,0.889,,0.48,False,False,False,False,,,
838352199616,beauty,KISSMWAH玻色因沁润抗皱精华面膜补水保湿清洁肌肤面部护理厂家批,KISSMWAH Qinrun Essence Mask Đóng hộp Dưỡng ẩm Dưỡng ẩm Làm sạch da Nhà sản xuất chăm sóc da mặt Bán buôn,False,False,,,,,dưỡng ẩm,,False,0.846,,0.4,False,False,False,False,"bán buôn, nhà máy|nhà sản xuất",,
742505883101,beauty,玫黛琳胶原玻尿酸保湿面膜急救补水保湿舒缓提亮肤色贴片面膜批发,Mei Dailin Collagen Hyaluronic Acid Moisturizing Mask Sơ cứu Dưỡng ẩm Làm dịu và Làm sáng da Mặt nạ Miếng dán Bán buôn,False,False,,,Acid Moisturizing Mask,,,,False,0.767,,0.59,False,False,False,False,bán buôn,,
688163460827,beauty,韩伦美羽微脸塑性提拉面膜双下巴贴咬合挂耳式紧致提拉v脸面膜,"Mặt nạ nâng cơ mặt Han Lun Meiyu Micro-Face Sculpting Lifting Mask Double Chin Patch Loại treo tai, làm săn chắc, nâng cơ mặt V-Face.",False,False,,,Micro-Face Sculpting Lifting Mask Double,,,,False,0.964,,0.54,False,False,False,False,,,
540108185946,beauty,韩婵蜂蜜面膜蓝莓石榴芦荟植物海藻面膜补水保湿收缩毛孔片装,Mặt nạ mật ong Han Chan Blueberry Pomegranate Aloe Vera Plant Seaweed Mask Dưỡng ẩm và thu nhỏ lỗ chân lông,False,False,,,Plant Seaweed Mask,,,,False,0.75,,0.5,False,False,False,False,,,
928128943260,beauty,EQED胶原蛋白面膜面部护理保湿蓝铜肽赋活双抗面膜男女通用护肤品,EQED collagen mặt nạ chăm sóc da mặt dưỡng ẩm đồng xanh peptide phục hồi mặt nạ chống lại đôi sản phẩm chăm sóc da unisex,False,False,,,,,,,False,0.929,,0.0,False,True,False,False,,,
863378535943,beauty,贝玲美原B5积雪草精粹焕颜面膜补水舒缓修护改善暗美妆护肤品面膜,"Mặt nạ dưỡng ẩm, làm dịu, sửa chữa và cải thiện vẻ đẹp tối, mặt nạ dưỡng da",False,False,5,,,,,,False,0.621,,0.0,False,False,False,False,,,
642496930836,beauty,泊泉雅黄瓜积雪草补水温和保湿面膜水润滋润芦荟面膜精华面膜护肤,Boquanya Dưa Leo Centella Asiatica Hydrating Mild Moisturizing Mask Dưỡng Ẩm Mặt nạ lô hội Mặt nạ tinh chất Chăm sóc da,False,False,,,Centella Asiatica Hydrating Mild Moisturizing Mask,,,,False,0.733,,0.62,True,False,False,False,,,
864041579072,beauty,冰肤之萃油橄榄臻萃润泽油敷面膜以油养肤补水保湿提靓精油面膜批,Mặt nạ dưỡng ẩm dầu ô liu chiết xuất từ da đá,False,False,,,,,,,False,0.4,vi_qua_ngan,0.0,False,False,False,False,,,
675375082276,beauty,贝玲美碧素堂蜗牛滋养保湿补水面膜美白提亮晒后修复舒缓片装面膜,Bei Lingmei Bisutang Snail Nourishing Moisturizing Moisturizing Moisturizing Mask Mặt nạ làm trắng và sáng da sau nắng,False,False,,,Snail Nourishing Moisturizing Moisturizing Moisturizing Mask,,,,False,0.6,,0.53,False,False,False,False,,,
962153796935,beauty,欧姿萃黄金鱼子盈润透亮面膜鲟鱼子面膜补水保湿抗皱紧致亮肤,"Mặt nạ dưỡng ẩm và mờ nhạt Ouzicui Gold Caviar Mặt nạ trứng cá chình dưỡng ẩm, dưỡng ẩm, chống nhăn, làm săn chắc và làm sáng da",False,False,,,,,dưỡng ẩm,,False,1.0,,0.15,False,True,False,False,,,
938041446470,beauty,施逅烟酰胺补水冻干面膜补水保湿润肤蚕丝面膜控油嫩肤积雪草面膜,Shihou Niacinamide Hydrating Freeze-Dried Mask Hydrating Moisturizing Silk Mask Kiểm soát dầu Mặt nạ Centella Asiatica trẻ hóa,False,False,,,Hydrating Freeze-Dried Mask Hydrating Moisturizing Silk Mask,,,,False,0.633,,0.72,True,True,True,False,,,
892406046890,beauty,冰肤之萃绿豆海藻泥膜面膜 补水保湿温和海藻清洁 泥膜护肤品,Mặt nạ bùn tảo biển đậu xanh,False,False,,,,,,,False,0.259,vi_qua_ngan,0.0,False,False,False,False,,,
909518230863,beauty,菁纯秘密胶原蛋白睡眠面膜懒人免洗夜用改善熬夜批发暗沉提亮肤色,Jingchun Secret Collagen Sleeping Mask Lười dùng một lần vào ban đêm để cải thiện việc thức khuya bán buôn xỉn màu và làm sáng da,False,False,,,,,,,False,0.867,,0.2,False,False,True,False,bán buôn,,
792191939862,beauty,【专为儿童肤质研发】3-12岁专用儿童面膜 保湿舒缓贴片补水面膜,[Được phát triển đặc biệt cho làn da trẻ em] Mặt nạ dưỡng ẩm và làm dịu da cho trẻ em từ 3-12 tuổi,False,False,,,,,,[],False,0.92,,0.05,False,False,False,False,,,
948026245122,beauty,盈兮积雪草舒缓保湿面膜 补水保湿舒缓干燥泛红平衡水油贴片面膜,"Mặt nạ làm dịu và dưỡng ẩm Yingxi Centella Sexuegrass, dưỡng ẩm, làm dịu khô, mặt nạ cân bằng nước và dầu",False,False,,,Yingxi Centella Sexuegrass,,,,False,0.759,,0.14,False,False,False,False,,,
637619789569,beauty,形象美鲜润补水血橙面膜 补水保湿滋润嫩肤嫩滑美肌 面膜批发,"Hình Ảnh Làm Đẹp Tươi Dưỡng Ẩm Máu Mặt nạ Cam Dưỡng Ẩm, Dưỡng Ẩm, Trẻ Hóa, Dịu Dàng Và Làm Đẹp Mặt nạ Bán Buôn",False,False,,,,,dưỡng ẩm,,False,0.963,,0.92,True,False,False,False,bán buôn,,
968780703369,beauty,茶树祛痘面膜淡化痘印提亮肤色晒后舒缓缩小毛孔青少年祛痘,"Mặt nạ trị mụn từ tinh chất tràm trà làm mờ vết thâm mụn, làm sáng tông da, làm dịu da sau khi tiếp xúc với ánh nắng mặt trời, thu nhỏ lỗ chân lông và trị mụn cho thanh thiếu niên.",False,False,,,,,,,False,1.556,vi_qua_dai,0.0,False,False,False,False,,,
933567823844,beauty,泊泉雅贴片面膜 补水保湿滋润护肤植萃精华面膜 跨境外贸厂家批发,Boquanya Patk Mask Dưỡng ẩm Dưỡng ẩm Dưỡng ẩm Chăm sóc da Thực vật Chiết xuất Mặt nạ Nhà máy Ngoại thương xuyên biên giới Bán buôn,False,False,,,,,dưỡng ẩm,,False,0.931,,0.46,False,False,False,False,"bán buôn, xuyên biên giới, nhà máy|nhà sản xuất",,
674809369982,beauty,端兰芦荟面膜 保湿补水滋润缩毛孔紧致护肤品美容院现货批发,"Mặt nạ lô hội Duanlan, dưỡng ẩm, dưỡng ẩm, thu nhỏ lỗ chân lông, se khít lỗ chân lông, chăm sóc da, Bán Buôn tại chỗ trong Thẩm mỹ viện",False,False,,,,,dưỡng ẩm,,False,1.111,,0.14,False,False,False,False,bán buôn,,
677643198220,beauty,施逅烟酰胺补水冻干面膜补水保湿润肤蚕丝面膜控油嫩肤积雪草面膜,Mặt nạ làm khô Đông lạnh dưỡng ẩm và dưỡng ẩm mặt nạ lụa dưỡng ẩm kiểm soát dầu và trẻ hóa da Mặt nạ cỏ tuyết,False,False,,,,,,,False,0.9,,0.08,False,False,True,False,,,
805531778207,beauty,全英文SADOER骨胶原抗皱睡眠面膜 补水保湿Facial mask外贸跨境,Mặt nạ ngủ chống nhăn Collagen toàn tiếng Anh,False,False,,,,,,,False,0.45,vi_qua_ngan,0.25,False,True,False,False,,,
828709341173,beauty,名芯会377美白祛斑水嫩面膜补水保湿滋润嫩肤面膜贴源头工厂批发,"Mingxinhui 377 Mặt nạ dưỡng ẩm làm trắng da, dưỡng ẩm, dưỡng ẩm và trẻ hóa da Mặt nạ nguồn bán buôn",False,False,,,,,dưỡng ẩm,,False,0.75,,0.1,False,False,False,False,bán buôn,,
979906846526,beauty,美士肌萌力出击湿敷棉滋润补水保湿紧致服帖熬夜必备祛痘贴片面膜,"Meishi Skin Cute Power Attack Wet Compress Cotton Dưỡng ẩm, dưỡng ẩm, làm săn chắc và vừa vặn, Mặt nạ trị mụn thiết yếu để thức khuya",False,False,,,Attack Wet Compress,,dưỡng ẩm,,False,0.9,,0.35,False,False,False,False,,,
674111993698,beauty,碧素堂蜗牛面膜补水保湿美白滋润嫩肤面膜盈润养护厂家,"Bisutang Snail Mask Hydrating, Dưỡng ẩm, Làm trắng, Dưỡng ẩm và Trẻ hóa Mặt nạ Nhà sản xuất Dưỡng ẩm và Chăm sóc",False,False,,,Snail Mask Hydrating,,,,False,0.92,,0.5,False,False,False,False,nhà máy|nhà sản xuất,,
732307829747,beauty,直播爆款酷格鱼子酱胶原蛋白抗皱睡眠面膜补水保湿免洗涂抹式面膜,Mặt nạ ngủ chống nhăn collagen trứng cá muối cực hot trực tiếp,False,False,,,,,,,False,0.433,vi_qua_ngan,0.0,False,False,False,False,,,
573247179846,beauty,有中文标 泰国RNRN童颜蚕丝蛋白面膜保湿补水滋润提拉紧致抗皱25g,"Mặt nạ protein tơ tằm trẻ em RNRN Thái Lan tiêu chuẩn Trung Quốc, dưỡng ẩm, dưỡng ẩm, nâng cơ, săn chắc và chống nhăn 25g",False,False,,,,,dưỡng ẩm,,False,1.0,,0.17,False,False,False,False,,,
705362173624,beauty,全英文BIOAOUA大米原浆睡眠面膜 补水保湿涂抹式冻膜跨境外贸批发,Tất cả tiếng Anh BIOAOUA gạo nhuyễn mặt nạ ngủ mặt nạ dưỡng ẩm và bôi mặt nạ bán buôn ngoại thương xuyên biên giới,False,False,,,,全英文->bao bì tiếng Anh,,,False,0.962,,0.04,False,False,False,False,"bán buôn, xuyên biên giới",,
865905343845,beauty,【15min起效】玻色因多肽紧致修护面膜抗皱淡纹补水保湿【片装】,"[Tác dụng trong 15 phút] Mặt nạ làm săn chắc và phục hồi da Bosein polypeptide, chống nhăn, làm mờ nếp nhăn, cấp ẩm và dưỡng ẩm [được đóng gói dạng miếng]",False,False,,,,,,[],False,1.348,,0.07,False,False,False,False,,,
939598952756,beauty,施逅c60富勒烯面膜单片补水保湿面膜冻干粉冰膜柔滑淡纹冰膜批发,Shihou c60 mặt nạ fullerene mặt nạ dưỡng ẩm đơn mảnh mặt nạ dưỡng ẩm đông khô bột mặt nạ băng mịn đường nét nhẹ mặt nạ băng bán buôn,False,False,,,,,,,False,1.071,,0.0,False,False,True,False,bán buôn,,
629246885892,beauty,巧莹富勒烯熬夜面膜补水保湿收毛孔温和网红面膜贴工厂批发,"Qiaoying Fullerene Thức khuya Mặt nạ dưỡng ẩm, dưỡng ẩm, se khít lỗ chân lông, dịu nhẹ, mặt nạ nổi tiếng trên mạng, xưởng bán buôn",False,False,,,,,dưỡng ẩm,,False,0.963,,0.12,False,False,False,False,bán buôn,,
902140266650,beauty,施逅纳豆嫩肤滋润面膜 舒爽透润深层锁水 水漾肌肤补水保湿面膜,"Mặt nạ dưỡng ẩm trẻ hóa da Shi Hou Natto, Mặt nạ dưỡng ẩm và làm mới, dưỡng ẩm sâu, dưỡng ẩm và dưỡng ẩm cho da ướt",False,False,,,Shi Hou Natto,,,,False,1.0,,0.15,False,False,False,False,,,
669362524231,beauty,梦莉娇 玫萃沁润焕亮 甘菊舒柔安肌 迷迭净澈平衡 保湿润面膜,"Mặt nạ dưỡng ẩm và làm sáng da chiết xuất hoa hồng Menglijiao, Mặt nạ làm dịu và thư giãn da chiết xuất hoa cúc, Mặt nạ thanh lọc và cân bằng da chiết xuất hương thảo, Mặt nạ dưỡng ẩm và cấp nước.",False,False,,,,,,,False,1.692,vi_qua_dai,0.09,False,False,False,False,,,
628175294027,beauty,慕斯女孩洋甘菊滋润面膜保湿补水男女可用水润肌肤护肤品一件代发,Mousse Girl Chamomile Moisturizing Mask Dưỡng ẩm và dưỡng ẩm cho nam và nữ,False,False,,,Mousse Girl Chamomile Moisturizing Mask,,,,False,0.467,vi_qua_ngan,0.38,False,False,False,False,,,
708675245898,beauty,全英文BIOAQUA大米原浆Facial mask补水保湿滋润面膜跨境外贸批发,Tất cả tiếng Anh BIOAQUA gạo xay nhuyễn Facial mask mặt nạ dưỡng ẩm dưỡng ẩm mặt nạ bán buôn ngoại thương xuyên biên giới,False,False,,,,全英文->bao bì tiếng Anh,dưỡng ẩm,,False,1.19,,0.09,False,False,False,False,"bán buôn, xuyên biên giới",,
981851769931,beauty,单片烟酰胺富勒烯玻尿酸冻干粉亮肤面膜保湿补水滋润肌肤面膜批发,Một mảnh nicotinamide fullerene axit hyaluronic đông khô bột làm sáng mặt nạ dưỡng ẩm và dưỡng ẩm mặt nạ da bán buôn,False,False,,,,,,,False,0.767,,0.0,False,True,False,False,bán buôn,,
863671271793,beauty,爆款童颜胶原蛋白灌注分体面膜补水保湿光感滋润面部护肤正品批发,Mặt nạ tách chiết rót collagen trẻ em bùng nổ Dưỡng ẩm ánh sáng Dưỡng ẩm Chăm sóc da mặt Bán buôn chính hãng,False,False,,,,爆款->mẫu bán chạy,,,False,0.8,,0.17,False,False,False,False,bán buôn,,
656174442812,beauty,形象美肤研祛斑面膜补水保湿收缩毛孔润肤面膜面部护肤品,Image Beauty Research Mặt nạ trị tàn nhang Dưỡng ẩm và dưỡng ẩm thu nhỏ lỗ chân lông Mặt nạ dưỡng ẩm cho da mặt Sản phẩm chăm sóc da mặt,False,False,,,Image Beauty Research,,,,False,1.192,,0.2,False,False,False,False,,,
991673051020,beauty,爆款欧姿萃胶原立体童颜面膜嫩肤紧致透亮滋润补水保湿清透护肤,"Mặt nạ trẻ em ba chiều Collagen phổ biến Châu Âu, trẻ hóa, làm săn chắc, mờ đục, dưỡng ẩm, dưỡng ẩm, chăm sóc da sạch",False,False,,,,,dưỡng ẩm,,False,0.897,,0.12,False,False,False,False,,,
919519134895,beauty,雪柔雅亮肤臻白面膜烟酰胺美白淡斑祛斑补水保湿改善暗沉提亮面膜,"Mặt nạ làm trắng da Xuerouya, mặt nạ làm trắng da nicotinamide, làm trắng da, tàn nhang, dưỡng ẩm, dưỡng ẩm, cải thiện tình trạng xỉn màu và sáng bóng",False,False,,,,,dưỡng ẩm,,False,1.0,,0.03,False,False,False,False,,,
924312007690,beauty,FLOWERWAY童颜胶原蛋白灌注面膜补水保湿紧致提亮肤色收一件代发,"FLOWERWAY Mặt nạ trẻ em Collagen Infusion Mặt nạ dưỡng ẩm, dưỡng ẩm, làm săn chắc, làm sáng màu da Bộ sưu tập Dropshipping",False,False,,,,,dưỡng ẩm,,False,0.96,,0.23,False,False,False,False,dropship,,
946896854838,beauty,盈兮积雪草舒缓保湿面膜平衡水油敏肌舒缓补水保湿奶皮贴片式面膜,Mặt nạ làm dịu và dưỡng ẩm Yingxi Centella Asiatica Cân bằng nước và dầu cho da nhạy cảm Mặt nạ dưỡng ẩm và làm dịu da sữa,False,False,,,Yingxi Centella Asiatica,,,,False,0.933,,0.19,False,False,False,False,,,
903008572596,beauty,施逅玻尿酸富勒烯冻干粉靓肤面膜补水保湿面膜温和代发单片,Mặt nạ dưỡng ẩm và dưỡng ẩm mặt nạ dưỡng ẩm da mặt mặt nạ dưỡng ẩm nhẹ nhàng miếng đơn,False,False,,,,,,,False,0.778,,0.0,False,True,False,False,,,
980586195906,beauty,菁纯秘密胶原蛋白睡眠面膜懒人免洗夜用改善熬夜批发暗沉提亮肤色,"Mặt Nạ Ngủ Collagen Bí Mật Jingchun Dùng Ban Đêm Không Cần Rửa Sạch, Giúp Giữ Sáng Da, Cải Thiện Da Xỉn Màu, Bán Buôn",False,False,,,,,,,False,0.833,,1.0,True,False,True,False,bán buôn,,
984375601609,beauty,格莲娜红蜜提拉紧致胶原面膜改善提拉脸部双下巴绷带挂耳式面膜,Mặt nạ collagen nâng cơ Glenna Red Honey nâng cơ cải thiện mặt nâng cơ Mặt nạ treo tai băng đôi cằm,False,False,,,Glenna Red Honey,,,,False,0.759,,0.19,False,False,False,False,,,
902130690242,beauty,泊泉雅胶原贵妇面膜 补水保湿滋润嫩肤提靓肌肤 面膜厂家现货批发,"Nhà sản xuất mặt nạ dưỡng ẩm, dưỡng ẩm, trẻ hóa và làm đẹp da Boquanya Collagen Lady Mask Bán buôn tại chỗ",False,False,,,,,dưỡng ẩm,,False,0.793,,0.23,False,False,False,False,"bán buôn, nhà máy|nhà sản xuất",,
842347068739,beauty,科颜萃泥膜棒 竹炭白泥敏感肌祛痘控油收缩毛孔舒缓清洁涂抹面膜,Keyancui Mud Mask Stick Than tre Đất sét trắng Loại bỏ mụn da nhạy cảm Kiểm soát dầu Thu nhỏ lỗ chân lông Làm dịu và làm sạch Mặt nạ,False,False,,,Mud Mask Stick,,,,False,1.034,,0.34,False,False,False,False,,,
834774025824,beauty,色娜娜美白隐形面膜 补水保湿滋润淡化色斑祛斑抗皱面膜 厂家批发,Se Nana làm trắng mặt nạ vô hình dưỡng ẩm dưỡng ẩm làm mờ vết nám tàn nhang nhà sản xuất mặt nạ chống nhăn bán buôn,False,False,,,,,dưỡng ẩm,,False,0.931,,0.04,False,False,False,False,"bán buôn, nhà máy|nhà sản xuất",,
900242177712,beauty,夸迪CT50动能支撑轻龄面膜5片 舒缓敏感淡化干纹抗皱紧致修护贴,"Quadi CT50 Kinetic Support Light Age Mask 5 miếng Làm dịu và nhạy cảm, làm mờ các đường khô, miếng dán phục hồi săn chắc chống nhăn",False,False,,,Kinetic Support Light Age Mask,,,,False,1.0,,0.25,False,False,False,False,,,
681526606500,beauty,碧素堂蜗牛面膜补水保湿滋养嫩肤面霜润肤一件代发护肤品厂家批发,Bisutang Snail Mask Dưỡng ẩm Dưỡng ẩm Dưỡng ẩm Trẻ hóa Kem Dưỡng ẩm Một mảnh Sản phẩm chăm sóc da Nhà sản xuất Bán buôn,False,False,,,,,dưỡng ẩm,,False,0.867,,0.48,False,False,False,False,"bán buôn, nhà máy|nhà sản xuất",,
626461446398,beauty,泊泉雅胶原蛋白晚安冻膜免洗补水保湿清爽滋润紧致肌肤睡眠面膜,"Boquanya Collagen Good Night Jelly Mask Dùng một lần, dưỡng ẩm, làm mới và làm săn chắc da, mặt nạ ngủ",False,False,,,Good Night Jelly Mask,,,,False,0.724,,0.3,False,False,False,False,,,
712177805773,beauty,DSU肤研美白祛斑面膜 提靓肤色补水润泽保湿收缩毛孔美白面膜批发,"Mặt nạ làm trắng da DSU Yan làm trắng da và xóa tàn nhang để cải thiện màu da, dưỡng ẩm và dưỡng ẩm, thu nhỏ lỗ chân lông, mặt nạ làm trắng da bán buôn",False,False,,,,,,,False,1.286,,0.03,False,False,True,False,bán buôn,,
661145212141,beauty,正品韩伦美羽胶原蛋白紧致睡眠冻膜提亮肤色补水滋润免洗面膜批发,Bán buôn mặt nạ ngủ làm săn chắc Collagen Hanlun Meiyu chính hãng,False,False,,,,,,,False,0.433,vi_qua_ngan,0.25,False,False,False,False,bán buôn,,
903940224135,beauty,碧然堂胶原蛋白抗皱淡纹驻颜面膜 保湿补水提亮滋润修护面膜盒装,"Mặt nạ làm đẹp chống nhăn Birantang Collagen Mặt nạ dưỡng ẩm, dưỡng ẩm, làm sáng và phục hồi",False,False,,,,,dưỡng ẩm,,False,0.655,,0.17,False,False,False,False,,,
985463828676,beauty,仕月玫瑰亮肤发酵面膜舒缓强屏障玫瑰精华原液面膜抗皱紧致面膜贴,Shiyue Rose Brightening Fermentation Mask Làm dịu hàng rào mạnh mẽ Tinh chất hoa hồng Mặt nạ lỏng Mặt nạ chống nhăn làm săn chắc,False,False,,,Rose Brightening Fermentation Mask,,,,False,0.833,,0.33,False,False,False,False,,,
736246529361,beauty,一枝春8倍蚕丝面膜 补水保湿水润修护单片装贴面膜化妆品厂家批发,"Yizhichun 8 lần mặt nạ lụa, dưỡng ẩm, dưỡng ẩm, phục hồi, mặt nạ miếng đơn, nhà sản xuất mỹ phẩm bán buôn",False,False,,,,,dưỡng ẩm,,False,0.759,,0.0,False,False,False,False,"bán buôn, nhà máy|nhà sản xuất",,
559729000220,beauty,兰馨娜珍珠粉牛奶润滑面膜粉深海补水润滑玫瑰亮肤滋润300g院线,Lan Xinna Bột Ngọc Trai Sữa bôi trơn Bột mặt nạ dưỡng ẩm biển sâu hoa hồng làm sáng da và dưỡng ẩm 300g rạp chiếu phim,False,False,,,,医美/敷料 (膜 bị dịch 'phim')->dịch lại theo ngữ cảnh,,,False,1.0,,0.23,False,False,False,False,,,
622023241410,beauty,晚安冻膜 梵贞补水保湿提亮肤色睡眠面膜 改善肌肤干燥面膜涂抹式,Good Night Gel Mask Fanzhen Moisturizing Moisturizing Brightening Da Mặt nạ ngủ Cải thiện làn da khô Mặt nạ thoa,False,False,,,Moisturizing Moisturizing Brightening,,,,False,0.69,,0.58,False,False,False,False,,,
604817742969,beauty,玖美堂黑海盐净透补水保湿泡泡面膜清爽改善干燥面膜面部护理,Jiumeitang Black Sea Salt Cleansing Moisturizing Bubble Mask Làm mới và cải thiện quá trình khô Mặt nạ chăm sóc da mặt,False,False,,,Black Sea Salt Cleansing Moisturizing Bubble Mask,,,,False,0.786,,0.43,False,False,False,False,,,
737155511409,beauty,外贸跨境BIOAOUA玻尿酸盈润面膜保湿提亮补水面膜护肤品正品批发,Ngoại thương xuyên biên giới BIOAOUA Hyaluronic Acid Moisturizing Mask Mặt nạ dưỡng ẩm Làm sáng da Sản phẩm chăm sóc da Bán buôn chính hãng,False,False,,,Acid Moisturizing Mask,,,,False,1.0,,0.33,False,False,False,False,"bán buôn, xuyên biên giới",,
726743593609,beauty,高姿水光修护精华面膜锁水补水保湿清洁皮肤熬夜肌学生贴片面膜女,"Mặt nạ tinh chất Water-Glow Repair Essence chất lượng cao giúp dưỡng ẩm, cấp nước và làm sạch da, phù hợp cho học sinh và phụ nữ, đặc biệt là cho da mệt mỏi do thức khuya.",False,False,,,Water-Glow Repair Essence,,,,False,1.267,,0.11,False,False,False,False,,,
942454938599,beauty,若肤黄芪焕肤免洗睡眠面膜保湿滋润抗皱紧致淡化细纹美容院面膜霜,"Ruofu Astragalus Trẻ hóa Mặt nạ ngủ không cần rửa Dưỡng ẩm, dưỡng ẩm, chống nhăn, làm săn chắc và làm mờ nếp nhăn Kem mặt nạ thẩm mỹ viện",False,False,,,,,dưỡng ẩm,,False,1.0,,0.17,False,False,False,False,,,
667321682252,beauty,致朵玻尿酸水漾润肌面膜 补水保湿滋润肌肤水润修护面膜厂家批发,Zhiduo Hyaluronic Acid Water Moisturizing Mask Dưỡng ẩm và dưỡng ẩm cho da Nhà sản xuất mặt nạ dưỡng ẩm và phục hồi bán buôn,False,False,,,Acid Water Moisturizing Mask,,,,False,0.862,,0.29,False,False,False,False,"bán buôn, nhà máy|nhà sản xuất",,
965242966577,beauty,形象美肤研美白祛斑面膜补水滋润保湿淡化色斑精华面膜护肤品批发,Hình ảnh nghiên cứu làm đẹp da mặt nạ làm trắng tàn nhang dưỡng ẩm dưỡng ẩm làm sáng các đốm tinh chất mặt nạ sản phẩm chăm sóc da bán buôn,False,False,,,,,dưỡng ẩm,,False,1.067,,0.0,False,False,False,False,bán buôn,,
902806882607,beauty,DASSFN胶原水光紧致面膜深层补水保湿滋润紧致肌肤面膜贴批发代发,"DASSFN Collagen Water Light Firming Mask Dưỡng ẩm sâu, dưỡng ẩm, làm săn chắc da Mặt nạ bán buôn",False,False,,,Water Light Firming Mask,,,,False,0.704,,0.35,False,False,False,False,bán buôn,,
706281045161,beauty,修正积雪草舒缓补水面膜透明质酸钠甘草面部保湿舒缓抗皱面膜,Mặt nạ dưỡng ẩm làm dịu và dưỡng ẩm đã được sửa đổi,False,False,,,,,,,False,0.464,vi_qua_ngan,0.0,False,False,False,False,,,
936193604568,beauty,【48小时内发】匀美博士骨胶原多肽抗皱撕拉面膜80g淡化细纹补水,[Gửi trong vòng 48 giờ] Mặt nạ xé sợi chống nhăn collagen của Tiến sĩ Yunmei 80g để giảm nếp nhăn và dưỡng ẩm,False,False,,,,,,[],False,0.92,,0.14,False,False,False,False,,,
807959505038,beauty,采词洋甘菊舒缓滋润面膜补水保湿面部护肤片装面膜厂家一件批发,Mặt nạ làm dịu và dưỡng ẩm hoa cúc,False,False,,,,,,,False,0.31,vi_qua_ngan,0.0,False,False,False,False,,,
925419987602,beauty,氨基酸洗面奶男士专用学生控油除螨黑头深层清洁毛孔保湿温和洁面,"Sữa rửa mặt axit amin cho nam sinh kiểm soát dầu và mạt, mụn đầu đen, làm sạch sâu lỗ chân lông, dưỡng ẩm, làm sạch nhẹ nhàng",False,False,,,,,,,False,0.933,,0.0,False,False,True,False,,,
979434054854,beauty,氨基酸洗面奶男士专用学生控油除螨黑头深层清洁毛孔保湿温和洁面,"Sữa rửa mặt axit amin dành cho nam, kiểm soát dầu học sinh, loại bỏ ve, làm sạch sâu mụn đầu đen, dưỡng ẩm lỗ chân lông, làm sạch nhẹ nhàng",False,False,,,,,,,False,1.033,,0.0,False,False,True,False,,,
863372389619,beauty,雪玲妃氨基酸洗面奶保湿清爽通用补水大瓶装洁面乳大容量清洁毛孔,"Sữa rửa mặt axit amin Xueling Fei, dưỡng ẩm và làm mới, sữa rửa mặt dạng chai lớn, dung tích lớn, làm sạch lỗ chân lông",False,False,,,,,,,False,0.867,,0.08,False,False,True,False,,,
938550417334,beauty,半亩花田氨基酸洁面乳深层清洁去屑发素发水沐浴露全系列正品批发,"Sữa rửa mặt Amino Acid Half Acre Flower Field làm sạch sâu, dưỡng tóc, trị gàu, sữa tắm, bộ sản phẩm chính hãng, bán buôn",False,False,,,Amino Acid Half Acre,,,,False,0.833,,0.25,False,False,False,False,bán buôn,,
976366955603,beauty,半亩花田氨基酸慕斯洗面奶洁面乳泡沫敏感肌温和补水保湿正品国货,Nửa mẫu Anh cánh đồng hoa amino acid mousse sữa rửa mặt tạo bọt da nhạy cảm dịu nhẹ dưỡng ẩm dưỡng ẩm chính hãng sản phẩm nội địa,False,False,,,amino acid mousse,,dưỡng ẩm,,False,0.967,,0.04,False,False,False,False,,,
662817005448,beauty,仁和匠心 植物复合净颜洁面乳 洗面奶 +送起泡网,Renhe Craftsman Plant Compound Cleansing Sữa rửa mặt gửi lưới tạo bọt,False,False,,,Craftsman Plant Compound Cleansing,,,,False,0.6,,0.45,False,False,False,False,,,
665421537402,beauty,院装大瓶500g洗面奶爽肤水精华液乳液面霜洁面乳男女美容院护肤品,"Chai lớn bệnh viện 500g sữa rửa mặt, tông đơ, tinh chất, kem dưỡng da, kem dưỡng da mặt, sữa rửa mặt, sản phẩm chăm sóc da thẩm mỹ viện nam nữ",False,False,,,,,kem dưỡng da,,False,1.143,,0.0,False,False,False,False,,,
999759430556,beauty,【官方严选】烟酰胺377+577美白祛斑洁面乳嫩肤提亮不紧绷温和,"[Sản phẩm được lựa chọn chính thức] Sữa rửa mặt Niacinamide 377+577 làm trắng và mờ vết thâm, làm mềm da, sáng da, không gây căng rát, dịu nhẹ.",False,False,,,,,,[],False,1.217,,0.07,False,False,False,False,,,
629924143191,beauty,澳赫芝氨基酸净澈洁面膏男女保湿补水深层清洁毛孔温和泡沫细腻,"Aohezhi Amino Acid Cleansing Cream, dưỡng ẩm và dưỡng ẩm cho nam và nữ, làm sạch sâu lỗ chân lông, tạo bọt nhẹ nhàng và tinh tế",False,False,,,Amino Acid Cleansing Cream,,,,False,0.931,,0.15,False,False,False,False,,,
722894658578,beauty,妮维雅洗面奶洁面乳男士女士批发100g/150g全系列【一件代发】,Sữa rửa mặt Nivea Sữa rửa mặt cho nam và nữ bán buôn 100g/150g đầy đủ [một miếng Giao hàng],False,False,,,,,,[],False,0.955,,0.15,False,False,False,False,bán buôn,,
836745469615,beauty,【严选】氨基酸洁面乳清洁除螨温和清爽氨基酸洗面奶补水保湿100g,"[Được lựa chọn cẩn thận] Sữa rửa mặt axit amin làm sạch và loại bỏ mạt, sữa rửa mặt axit amin nhẹ nhàng và sảng khoái, dưỡng ẩm và dưỡng ẩm 100g",False,False,,,,,,[],False,1.231,,0.03,False,False,False,False,,,
775974006407,beauty,栀子花洁面慕斯氨基酸洗面奶男女士通用温和去黑头粉刺控油洁面乳,"Sữa rửa mặt dạng mousse Gardenia Amino Acid dành cho nam và nữ, làm sạch dịu nhẹ mụn đầu đen và mụn trứng cá, kiểm soát dầu nhờn.",False,False,,,mousse Gardenia Amino Acid,,,,False,0.933,,0.11,False,False,False,False,,,
721119547663,beauty,【草安堂】研究所净肤美白洁面乳烟酰胺研究院洗面奶清洁控油亮肤,"【Cao'antang】 Viện nghiên cứu Sữa rửa mặt làm trắng và làm trắng, Viện nghiên cứu nicotinamide, Sữa rửa mặt, làm sạch, kiểm soát dầu và làm sáng da",False,False,,,,,,【】,False,1.036,,0.14,False,False,False,False,,,
659023492801,beauty,安安纯新黄瓜磨砂洗面奶青瓜珍珠木瓜面部清洁保湿肌肤老国货批发,An'an Pure New Cucumber Scrub Sữa rửa mặt Dưa chuột Ngọc trai Đu đủ Làm sạch da mặt Dưỡng ẩm cho da Sản phẩm nội địa cũ Bán buôn,False,False,,,New Cucumber Scrub,,,,False,1.0,,0.41,False,False,False,False,bán buôn,,
733567471578,beauty,男士高端洗面奶氨基酸温和清洁毛孔不紧绷控油洁面泥洁面乳洁肤,"Sữa rửa mặt sang trọng dành cho nam giới, làm sạch lỗ chân lông nhẹ nhàng bằng axit amin, không làm căng da, đất sét làm sạch kiểm soát dầu, sữa rửa mặt, sữa rửa mặt",False,False,,,,,sữa rửa mặt,,False,1.241,,0.0,False,False,False,False,,,
687088629549,beauty,韩伦美羽氨基酸海盐男士洗面奶深度清洁控油黑头细腻毛孔洁面乳,"Sữa rửa mặt cho nam Han Lun Mei Yu Amino Acid Sea Salt Sữa rửa mặt làm sạch sâu, kiểm soát dầu, mụn đầu đen và lỗ chân lông mỏng manh",False,False,,,Yu Amino Acid Sea Salt,,,,False,1.069,,0.3,False,False,False,False,,,
597375640626,beauty,一般贸易 泰国UAU氨基酸洗面奶温和深层清洁卸妆清爽男女,"Sữa rửa mặt Amino Acid General Trade Thái Lan UAU, làm sạch sâu dịu nhẹ, tẩy trang, làm tươi mát da cho nam và nữ",False,False,,,Amino Acid General Trade,,,,False,1.042,,0.26,False,False,False,False,,,
651144161589,beauty,玖美堂小白管氨基酸洗面奶 绵密泡沫深层清洁水润护肤 洁面乳批发,Jiumeitang White Tube Amino Acid Facial Cleanser Bọt dày đặc Làm sạch sâu Dưỡng ẩm Chăm sóc da Sữa rửa mặt Bán buôn,False,False,,,White Tube Amino Acid Facial Cleanser,,,,False,0.793,,0.55,False,False,False,False,bán buôn,,
934516036955,beauty,黄芪烟酰胺控油净肤洗面奶深层清洁温和洁面乳清爽补水洁颜蜜保湿,Sữa rửa mặt làm sạch da kiểm soát dầu Astragalus nicotinamide Sữa rửa mặt làm sạch sâu và dịu nhẹ làm mới dưỡng ẩm làm sạch mật ong dưỡng ẩm,False,False,,,,,,,False,1.0,,0.07,False,True,False,False,,,
689012134767,beauty,氨基酸山茶花洗面奶洁面乳提亮肤色洗卸合一控油抗痘温和不紧绷女,Sữa rửa mặt Amino Camellia Sữa rửa mặt làm sáng màu da,False,False,,,,,,,False,0.4,vi_qua_ngan,0.27,False,False,False,False,,,
610780383890,beauty,玖美堂小白管氨基酸洗面奶控油温和保湿男女士专用洁面乳正品批发,Jiumeitang ống nhỏ màu trắng axit amin sữa rửa mặt kiểm soát dầu nhẹ dưỡng ẩm sữa rửa mặt dành cho nam và nữ chính hãng bán buôn,False,False,,,,,,,False,0.933,,0.0,False,False,True,False,bán buôn,,
757109494905,beauty,抖音爆款氨基酸洁面乳120g补水控油清洁卸妆洁面泡洗面奶厂家批发,Sữa rửa mặt axit amin phong cách bùng nổ Douyin 120g dưỡng ẩm kiểm soát dầu làm sạch tẩy trang nhà máy sản xuất sữa rửa mặt bán buôn,False,False,,,,爆款->mẫu bán chạy,,,False,1.036,,0.04,False,False,False,False,"bán buôn, nhà máy|nhà sản xuất",,
607612827226,beauty,韩国进口VT薇缔洗面奶vt积雪草老虎洗面奶清洁面部玻尿酸洗面奶,"Sữa rửa mặt VT nhập khẩu từ Hàn Quốc, sữa rửa mặt VT Centella Asiatica Tiger, sữa rửa mặt hyaluronic acid.",False,False,,,Centella Asiatica Tiger,,,,False,0.778,,0.28,False,False,False,False,,,
712146140984,beauty,【抖音勿上】草安堂研究所美白洁面乳烟酰胺研究院洗面,【Không đăng bài lên Douyin】Sữa rửa mặt làm trắng da của Viện nghiên cứu Caoantang Niacinamide Research Institute Face Wash,False,False,,,,,,【】,False,0.913,,0.45,False,False,False,False,,,
981580569740,beauty,山茶花氨基酸洗面奶洁面乳男士女士敏感肌深层清洁控油温和不刺激,Sữa rửa mặt Camellia Amino Acid Sữa rửa mặt dành cho nam và nữ có làn da nhạy cảm Kiểm soát dầu làm sạch sâu Nhẹ nhàng và không gây kích ứng,False,False,,,Camellia Amino Acid,,,,False,1.067,,0.19,False,False,False,False,,,
707822253991,beauty,小蓝管氨基酸控油保湿洗面奶 补水清洁毛孔清爽滋润洁面乳,"Sữa rửa mặt dưỡng ẩm kiểm soát dầu Little Blue Tube Amino Acid, làm sạch lỗ chân lông, tươi mát và dưỡng ẩm cho da mặt",False,False,,,Tube Amino Acid,,,,False,1.0,,0.2,False,False,False,False,,,
747454103936,beauty,韩伦美羽氨基酸白泥净肤双管洗面奶深层控油去黑头保湿双色洁面乳,Han Lun Meiyu Amino Acid White Clay Cleansing hai ống Sữa rửa mặt kiểm soát dầu sâu và loại bỏ mụn đầu đen Sữa rửa mặt hai màu dưỡng ẩm,False,False,,,Amino Acid White Clay Cleansing,,,,False,1.0,,0.31,False,False,False,False,,,
822320086892,beauty,日本senka保湿洁面珊珂专科洗面奶蚕丝泡沫洁面膏清爽洁面乳120g,Sữa rửa mặt dưỡng ẩm senka Nhật Bản Sữa rửa mặt chuyên khoa Sanke Sữa rửa mặt tạo bọt lụa Sữa rửa mặt làm mới 120g,False,False,,,,,,,False,1.04,,0.24,False,True,False,False,,,
614427557075,beauty,韩伦美羽烟酰胺氨基酸洗面奶深层温和清洁毛孔浓密泡沫洁面乳保湿,Han Lun Meiyu Niacinamide Amino Acid Facial Cleanser Làm sạch sâu nhẹ nhàng lỗ chân lông Sữa rửa mặt tạo bọt dày đặc Dưỡng ẩm,False,False,,,Amino Acid Facial Cleanser,,,,False,0.833,,0.42,False,False,False,False,,,
774545063903,beauty,仁和匠心植物复合植物复合净颜洁面乳 植物洗面奶保湿洁面乳代发,Renhe Craftsman Plant Compound Plant Compound Cleansing Sữa rửa mặt thực vật Sữa rửa mặt dưỡng ẩm Sữa rửa mặt thay thế tóc,False,False,,,Craftsman Plant Compound Plant Compound Cleansing,,plant compound,,False,0.793,,0.41,False,False,False,False,,,
737353702276,beauty,冰菊男士火山矿物清爽洁面乳 补水控油温和去黑头 男士洗面奶批发,Bingju Men's Volcano Mineral Refreshing Cleanser Dưỡng ẩm Kiểm soát dầu Nhẹ nhàng Loại bỏ Mụn đầu đen Sữa rửa mặt cho nam Bán buôn,False,False,,,Men's Volcano Mineral Refreshing Cleanser,,,,False,0.897,,0.48,False,False,False,False,bán buôn,,
531367400689,beauty,形象美蜗牛原液莹润保湿洗面奶收缩毛孔补水洁面乳正品护肤品批发,Image Beauty Snail Original Liquid Sữa rửa mặt dưỡng ẩm thu nhỏ lỗ chân lông Sữa rửa mặt dưỡng ẩm Bán buôn sản phẩm chăm sóc da chính hãng,False,False,,,Image Beauty Snail,,,,False,0.967,,0.25,False,False,False,False,bán buôn,,
745970962471,beauty,致朵芦荟清润净透洁面膏100g温和清洁水润嫩肤厂家直销一件代发,"Zhiduo Aloe Vera Dưỡng Ẩm Làm Sạch Dưỡng 100G Làm Sạch Nhẹ Nhàng, Dưỡng Ẩm Và Trẻ Hóa Nhà Máy Bán Hàng Trực Tiếp Một Mảnh Dropshipping",False,False,,,,,,,False,1.0,,1.0,True,False,True,False,"nhà máy|nhà sản xuất, dropship",,
1058721001412,beauty,HEATÔR夕碧泉水杨酸栀子花控油洁面乳清洁面部洗面奶厂家代发,HEATÔR夕碧泉水杨酸栀子花控油洁面乳清洁面部洗面奶厂家代发,True,True,,,,,,,False,0.04,vi_qua_ngan,0.0,False,False,False,False,,,
841805033770,beauty,玖美堂小白管氨基酸洗面奶控油温和保湿男女士专用洁面乳正品批发,Sữa rửa mặt Jiumeitang White Tube Amino Acid Kiểm soát dầu và dưỡng ẩm nhẹ nhàng Sữa rửa mặt đặc biệt dành cho nam và nữ Bán buôn chính hãng,False,False,,,White Tube Amino Acid,,,,False,1.0,,0.28,False,False,True,False,bán buôn,,
670298160373,beauty,旁氏米粹滋润泽洁面乳75G/120G/150G氨基酸洗面奶净澈深层清洁一,Sữa rửa mặt dưỡng ẩm Pond's Rice 75G/120G/150G Amino Acid Facial Cleanser Làm sạch sâu.,False,False,,,Amino Acid Facial Cleanser,,,,False,0.783,,0.59,False,False,False,False,,,
893156233588,beauty,慕斯女孩氨基酸净澈洗面奶面部护理深层清洁毛孔控油洁面乳护肤品,Mousse Girl Amino Acid Purifying Facial Cleanser Chăm sóc da mặt Làm sạch sâu lỗ chân lông Kiểm soát dầu Sản phẩm chăm sóc da,False,False,,,Mousse Girl Amino Acid Purifying Facial Cleanser,,,,False,0.833,,0.42,False,False,False,False,,,
895269765430,beauty,YMS茶树净颜柔嫩洁面乳100g保湿补水控油深层清洁学生洗面奶,Sữa rửa mặt YMS Tea Tree Cleansing 100g dưỡng ẩm dưỡng ẩm kiểm soát dầu làm sạch sâu sữa rửa mặt học sinh,False,False,,,Tea Tree Cleansing,,dưỡng ẩm,,False,0.958,,0.14,False,False,False,False,,,
891092866965,beauty,山茶花氨基酸洁面乳 深层清洁控油温和不刺激敏感肌氨基酸洗面奶,"Sữa rửa mặt amino acid Camellia, làm sạch sâu, kiểm soát dầu, dịu nhẹ và không gây kích ứng cho da nhạy cảm, sữa rửa mặt amino acid",False,False,,,amino acid Camellia,,,,False,0.966,,0.04,False,False,False,False,,,
989360497830,beauty,ENSEO黄芪养肤净透洗面奶清洁保湿控油不紧绷网红洁面乳厂家批发,"ENSEO Astragalus Skin Nourishing Purifying Facial Cleanser Làm sạch, dưỡng ẩm, kiểm soát dầu, không làm căng da Internet Nhà sản xuất sữa rửa mặt nổi tiếng Bán buôn",False,False,,,Nourishing Purifying Facial Cleanser,,,,False,1.074,,0.33,False,False,False,False,"bán buôn, nhà máy|nhà sản xuất",,
651743387059,beauty,泊泉雅木瓜净颜美肤洁面乳 泡沫绵密洁净柔和清爽滋润保湿 洗面奶,Sữa rửa mặt làm sạch và làm đẹp bằng đu đủ Boquanya,False,False,,,,,,,False,0.414,vi_qua_ngan,0.09,False,False,False,False,,,
688577734065,beauty,韩伦美羽氨基酸海盐男士洗面奶温和清洁洁面乳洁面皂男士护肤品,Han Lun Meiyu Amino Acid Sea Salt Sữa rửa mặt cho nam Sữa rửa mặt làm sạch nhẹ nhàng Xà phòng rửa mặt Sản phẩm chăm sóc da cho nam,False,False,,,Amino Acid Sea Salt,,,,False,1.034,,0.34,False,False,False,False,,,
949422618372,beauty,梵贞男士紧致焕颜爽肤水 控油洗面奶 润肤乳 面霜 男士护肤套装,Fanzhen Nam Làm Săn Chắc Trẻ Hóa Mực Kiểm Soát Dầu Sữa Rửa Mặt Kem Dưỡng Ẩm Nam Bộ Chăm Sóc Da,False,False,,,,,,,False,0.815,,1.0,True,False,True,False,,,
911738058625,beauty,BABYbetyt青少年洗面奶男孩青春期女学生控油祛痘雪泥洗面奶清洁,Sữa rửa mặt thanh thiếu niên BABYbetyt sữa rửa mặt thanh thiếu niên thanh thiếu niên nữ sinh kiểm soát dầu và mụn trứng cá sữa rửa mặt rửa mặt bùn tuyết,False,False,,,,,thanh thiếu niên,,False,1.28,,0.03,False,False,False,False,,,
758769996612,beauty,木子韩姬莲积雪草氨基酸洁面泥洗卸三合一深层清洁毛孔洗面奶爆款,Muzi Han Ji Lian Centella Snow Grass Amino Acid Cleansing Bùn rửa mặt ba trong một làm sạch sâu lỗ chân lông Sữa rửa mặt bùng nổ,False,False,,,Ji Lian Centella Snow Grass Amino Acid Cleansing,爆款->mẫu bán chạy,,,False,0.9,,0.42,False,False,False,False,,,
891226439303,beauty,M2A山茶花氨基酸洗面奶女洁面温和洁面产品乳清洁毛孔学生党男士,M2A Camellia Amino Acid Facial Cleanser dành cho nữ Sản phẩm làm sạch dịu nhẹ Sữa làm sạch lỗ chân lông sinh viên bên nam,False,False,,,Camellia Amino Acid Facial Cleanser,,,,False,0.929,,0.32,False,False,False,False,,,
990094986285,beauty,严选左颜右色水杨酸去黑头控油洁面乳男士祛痘男生洗面奶保湿补水,"Sữa rửa mặt trị mụn đầu đen và kiểm soát dầu Zuo Yan You Se Salicylic Acid được tuyển chọn kỹ lưỡng dành cho nam giới, sữa rửa mặt trị mụn cho nam giới, dưỡng ẩm và cấp nước.",False,False,,,Zuo Yan You,,,,False,1.3,,0.16,False,False,False,False,,,
725572415415,beauty,碧柏雅双重氨基酸洗面奶深层清洁温和控油去黑头粉刺保湿洁面乳,"Sữa rửa mặt Bibeya Double Amino Acid làm sạch sâu, dịu nhẹ, kiểm soát dầu, loại bỏ mụn đầu đen và mụn trứng cá, dưỡng ẩm.",False,False,,,Bibeya Double Amino Acid,,,,False,0.897,,0.16,False,False,False,False,,,
999635705664,beauty,佳朗氨基酸净卸洁面乳大瓶控油洁净深层水保湿嫩肤修护维稳洗面奶,Jialang Amino Acid Purifying Cleanser Chai lớn Kiểm soát dầu Làm sạch Nước sâu Dưỡng ẩm Trẻ hóa Sửa chữa và Ổn định Sữa rửa mặt,False,False,,,Amino Acid Purifying Cleanser,,,,False,0.867,,0.52,False,False,False,False,,,
691251238020,beauty,泊泉雅芦荟胶护肤品系列 补水保湿滋润精华水乳液清洁洗面奶批发,Boquanya Aloe Vera Gel Dòng sản phẩm chăm sóc da Dưỡng ẩm Dưỡng ẩm Tinh Chất Nước Lotion Làm sạch Sữa rửa mặt Bán buôn,False,False,,,,,dưỡng ẩm,,False,0.862,,0.54,False,False,False,False,bán buôn,,
687038044837,beauty,韩伦美羽氨基酸海盐男士洗面奶高保湿温和清洁祛痘洁面乳正品,Sữa rửa mặt cho nam Han Lun Mei Yu Amino Acid Sea Salt Sữa rửa mặt dành cho nam chính hãng,False,False,,,Yu Amino Acid Sea Salt,,,,False,0.75,,0.45,False,False,False,False,,,
705366581183,beauty,全英文BIOAQUA大米原浆Facial cleanser 清洁洗面奶跨境外贸批发,Tất cả tiếng Anh BIOAQUA gạo xay nhuyễn Facial cleanser làm sạch sữa rửa mặt ngoại thương xuyên biên giới,False,False,,,,全英文->bao bì tiếng Anh,,,False,1.111,,0.11,False,False,False,False,xuyên biên giới,,
640158407790,beauty,美容院装大瓶面部护理套装玻尿酸乳液精华原液按摩膏氨基酸洁面乳,Bộ chăm sóc da mặt chai lớn trong Thẩm mỹ viện,False,False,,,,,,,False,0.367,vi_qua_ngan,0.1,False,False,False,False,,,
723460550818,beauty,贝玲美青少年氨基酸控油祛痘洗面奶温和不刺激深层清洁学生洁面乳,Bei Lingmei Youth Amino Acid Oil Control Acne Facial Cleanser Nhẹ nhàng và không gây kích ứng Làm sạch sâu cho sinh viên Sữa rửa mặt,False,False,,,Youth Amino Acid || Control Acne Facial Cleanser,,,,False,0.867,,0.48,False,False,False,False,,,
931442958561,electronics,【柏林之声】挂耳式蓝牙耳机立体环绕高清通话降噪长续航,"Tai nghe Bluetooth móc tai [Berlin Sound] với âm thanh vòm stereo, cuộc gọi độ nét cao, khử tiếng ồn và thời lượng pin dài.",False,False,,,,,,[],False,1.042,,0.12,False,False,False,False,,,
858470100624,electronics,GT526Y柏林之声挂耳式OWS不入耳降噪蓝牙无线蓝牙耳机可旋转130°,GT526Y Voice of Berlin tai nghe OWS không tai giảm tiếng ồn Tai nghe Bluetooth không dây có thể xoay 130 °,False,False,,,,,,,False,0.913,,0.22,False,False,True,False,,,
935469758421,electronics,跨境爆款W895蓝牙耳机数显无线高音质超长续航入耳式通用降噪耳机,"Tai nghe Bluetooth W895 bùng nổ xuyên biên giới, màn hình kỹ thuật số, không dây, chất lượng âm thanh cao, thời lượng pin dài, tai nghe giảm tiếng ồn phổ thông",False,False,,,,爆款->mẫu bán chạy,,,False,1.143,,0.06,False,True,False,False,xuyên biên giới,,
919430643229,electronics,【左右可佩戴】新款无线蓝牙耳机不入耳超长续航适用vi华为OPO,"[Có thể đeo bên trái và bên phải] Tai nghe Bluetooth không dây mới không gây tai, thời lượng pin dài, thích hợp cho vi Huawei OPO",False,False,,,,,,[],False,1.125,,0.12,False,False,False,False,,,
990556659945,electronics,【送蝴蝶结耳饰】Clip04星环耳夹耳机钻扣时尚AI智能翻译蓝牙耳机,"[Khuyên tai nơ miễn phí] Tai nghe kẹp tai hình ngôi sao Clip04 có khóa kim cương, tai nghe Bluetooth thông minh thời trang hỗ trợ dịch thuật AI",False,False,,,,,,[],False,1.208,,0.11,False,False,False,False,,,
929682008084,electronics,跨境爆款批发可充电无线蓝牙耳机超长续航降噪专用头戴蓝牙耳机,Tai nghe Bluetooth không dây có thể sạc lại bán buôn bùng nổ xuyên biên giới Tai nghe Bluetooth chuyên dụng để giảm tiếng ồn pin dài,False,False,,,,爆款->mẫu bán chạy,,,False,0.931,,0.12,False,False,False,False,"bán buôn, xuyên biên giới",,
773385469933,electronics,严选DX08无线蓝牙耳机机械金属感TWS降噪数显充电宝长续航电竞风,"Tai nghe Bluetooth không dây DX08 được lựa chọn kỹ lưỡng với cảm giác kim loại cơ khí, khử tiếng ồn TWS, màn hình kỹ thuật số, tích hợp sạc dự phòng, thời lượng pin dài và phong cách chơi game.",False,False,,,,,,,False,1.577,vi_qua_dai,0.03,False,False,False,False,,,
889990075427,electronics,爆款迷你款无线蓝牙耳机降噪超长续航双耳运动电商TWS通用,"Tai nghe Bluetooth không dây mini bùng nổ, giảm tiếng ồn, thời lượng pin dài, thể thao hai tai, thương mại điện tử phổ thông TWS",False,False,,,,爆款->mẫu bán chạy,,,False,1.04,,0.04,False,False,False,False,,,
994157564490,electronics,【听声辨位】无线蓝牙耳机打游戏吃鸡专用恶魔之眼蓝牙耳机X15,[Định vị âm thanh] Tai nghe Bluetooth không dây để chơi game và ăn gà Tai nghe Bluetooth mắt quỷ đặc biệt X15,False,False,,,,,,[],False,0.92,,0.23,False,False,False,False,,,
939097574680,electronics,源头厂家P2961蓝牙耳机头戴式无线P9耳机P47猫耳STN28耳机Y08耳麦,Nguồn nhà sản xuất tai nghe bluetooth P2961 tai nghe tai nghe không dây P9 tai nghe tai nghe P47 tai mèo STN28 tai nghe Y08,False,False,,,,,tai nghe,,False,1.238,,0.17,False,False,False,False,nhà máy|nhà sản xuất,,
705748077396,electronics,V13蓝牙耳机超长待机电量显示运动跑步耳挂高清通话适用苹果安卓,Tai nghe Bluetooth V13 hiển thị pin ở chế độ chờ lâu,False,False,,,,,,,False,0.429,vi_qua_ngan,0.18,False,False,False,False,,,
953444579160,electronics,严选M76开放式无线蓝牙耳机气骨传导挂耳式跑步运动专用耳机5.4,Tai nghe Bluetooth không dây mở M76 được lựa chọn cẩn thận,False,False,5.4,,,,,,False,0.462,vi_qua_ngan,0.18,False,False,False,False,,,
936048129380,electronics,跨境爆款W895蓝牙耳机数显无线高音质超长续航入耳式通用降噪耳机,"Tai nghe Bluetooth W895 bùng nổ xuyên biên giới, màn hình kỹ thuật số, không dây, chất lượng âm thanh cao, thời lượng pin dài, tai nghe giảm tiếng ồn phổ thông",False,False,,,,爆款->mẫu bán chạy,,,False,1.143,,0.06,False,True,False,False,xuyên biên giới,,
867200217579,electronics,跨境新款pro5s无线入耳式蓝牙耳机长续航TWS迷你降噪超长续航运动,Tai nghe Bluetooth in-ear không dây pro5s mới xuyên biên giới,False,False,,,,,,,False,0.5,vi_qua_ngan,0.08,False,False,False,False,xuyên biên giới,,
996315965748,electronics,S70领夹式蓝牙耳机动骑行降噪长续航5新班外卖商务开车用,"Tai nghe Bluetooth kẹp S70 dành cho xe đạp, giảm tiếng ồn, thời lượng pin dài, đẳng cấp mới dành cho lái xe kinh doanh mang đi",False,False,5,,,,,,False,1.125,,0.08,False,False,False,False,,,
739954560722,electronics,跨境新爆款P9AirMax蓝牙耳机头戴式手机无线游戏礼品耳麦代发批发,Tai nghe Bluetooth P9AirMax kiểu mới bùng nổ xuyên biên giới,False,False,,,,爆款->mẫu bán chạy,,,False,0.462,vi_qua_ngan,0.27,False,False,False,False,xuyên biên giới,,
989913247722,electronics,【四只耳机】新款耳夹式半入耳式无线蓝牙耳机高音质超长续航Q16,[Bốn tai nghe] Tai nghe Bluetooth không dây bán trong tai mới có chất lượng âm thanh cao và thời lượng pin dài Q16,False,False,,,,,,[],False,0.923,,0.13,False,True,False,False,,,
1002817456013,electronics,新款无线蓝牙耳机不入耳数显挂耳式超长续航,"Tai nghe Bluetooth không dây mới, không trong tai, màn hình kỹ thuật số, gắn trên tai, thời lượng pin siêu dài",False,False,,,,,,,False,1.1,,0.05,False,True,False,False,,,
980960786024,electronics,【德国进口】新款耳夹式无线蓝牙耳机入耳式开放式骨传导通用耳机,[Nhập khẩu từ Đức] Tai nghe Bluetooth không dây kẹp tai mới Tai nghe đa năng dẫn truyền xương mở trong tai,False,False,,,,,,[],False,0.786,,0.19,False,False,False,False,,,
900804455251,electronics,跨境私模入耳式声控运动无线蓝牙挂耳式无线运动蓝牙耳机超长续航,"Tai nghe Bluetooth thể thao không dây không dây đeo tai, tai nghe Bluetooth thể thao không dây, thời lượng pin dài",False,False,,,,,không dây,,False,0.733,,0.1,False,False,False,False,,,
939074249337,electronics,蓝牙耳机夹耳式新款真2026挂耳式无线运动跑步降噪长续航游戏通话,"Tai nghe Bluetooth, kiểu kẹp tai mới, không dây, thể thao, chống ồn, pin lâu dài, chơi game và đàm thoại.",False,False,2026,,,,,,False,0.75,,0.05,False,False,False,False,,,
997843795758,electronics,蓝牙耳机2025新款适用于小米红米无线半入耳式降噪超长续航大批发,Tai nghe Bluetooth 2025 mẫu mới phù hợp với Xiaomi Redmi không dây bán trong tai khử tiếng ồn siêu bền pin bán buôn,False,False,,,,,,,False,0.821,,0.14,False,True,False,False,bán buôn,,
786171020574,electronics,抖音跨境爆款Ai翻译OWS不入耳蓝牙耳机Q16开放式挂耳式无线,Tai nghe Bluetooth không nhét tai OWS Q16 mở không dây,False,False,,,,,,,False,0.478,vi_qua_ngan,0.22,False,False,False,False,,,
843844997536,electronics,D5蓝牙耳机头戴式耳机无线新款ANC降噪蓝牙耳机长续航游戏低延时,Tai nghe Bluetooth D5 Tai nghe tai nghe Tai nghe Bluetooth giảm tiếng ồn ANC mới không dây Thời lượng pin dài và độ trễ chơi game thấp,False,False,,,,,tai nghe,,False,1.037,,0.23,False,False,False,False,,,
920066090932,electronics,2026华强北蓝牙耳pro4降噪高品质跨境适用于苹果安卓华为跨境专供,"Tai nghe Bluetooth Huaqiangbei Pro4 2025 khử tiếng ồn chất lượng cao, tương thích quốc tế với Apple, Android, Huawei, dành riêng cho thị trường quốc tế.",False,False,2026,2025,,,,,False,1.0,,0.24,False,False,False,False,,,
929001821120,electronics,YX09真无线蓝牙耳机耳夹式游戏运动超长续航超低延迟跨境电商爆款,"Tai nghe Bluetooth không dây thực sự YX09, kiểu kẹp tai chơi game thể thao, thời lượng pin cực dài, độ trễ cực thấp, thương mại điện tử xuyên biên giới bùng nổ",False,False,,,,爆款->mẫu bán chạy,,,False,1.179,,0.03,False,False,False,False,xuyên biên giới,,
837303610508,electronics,跨境爆款不入耳全景音质定向传音久戴不痛蓝牙挂耳式蓝牙运动耳机,"Phong cách bùng nổ xuyên biên giới, âm thanh toàn cảnh, truyền âm thanh định hướng, tai nghe thể thao Bluetooth đeo tai nghe Bluetooth",False,False,,,,爆款->mẫu bán chạy,,,False,0.833,,0.08,False,False,False,False,xuyên biên giới,,
745470854415,electronics,爆款马卡龙Y-08蓝牙耳机无线头戴式可折叠重低音耳机直销厂家批发,"Tai nghe Bluetooth Y-08 Macaron bùng nổ, tai nghe siêu trầm có thể gập lại không dây, bán buôn trực tiếp tại nhà máy",False,False,,,,爆款->mẫu bán chạy,,,False,0.857,,0.13,False,False,False,False,"bán buôn, nhà máy|nhà sản xuất",,
922770798571,electronics,跨境新款X85无线蓝牙耳机智能数显超长续航降噪触摸耳机工厂直销,"Tai nghe Bluetooth không dây X85 mới xuyên biên giới, màn hình kỹ thuật số thông minh, thời lượng pin dài, tai nghe cảm ứng giảm tiếng ồn, bán hàng trực tiếp tại nhà máy",False,False,,,,,,,False,1.25,,0.06,False,False,True,False,"xuyên biên giới, nhà máy|nhà sản xuất",,
993897302214,electronics,【夹耳式】蓝牙耳机无线耳夹运动降噪高音质运动耳机长续航054,[Clip-on] Tai nghe Bluetooth không dây kẹp tai thể thao giảm tiếng ồn tai nghe thể thao chất lượng cao thời lượng pin dài 054,False,False,,,,,,[],False,1.0,,0.08,False,False,False,False,,,
860619288211,electronics,外贸Tune 720BT 头戴式无线蓝牙耳机音乐游戏带耳麦通话耳塞适用,Tai nghe bluetooth không dây tai nghe ngoại thương Tune 720BT,False,False,,,,,,,False,0.458,vi_qua_ngan,0.11,False,False,False,False,,,
811658064132,electronics,跨境爆款 | A6S蓝牙耳机马卡龙系列耳塞式长续航高音质耳机,Sản phẩm bán chạy xuyên biên giới | Tai nghe Bluetooth A6S dòng macaron kiểu tai nghe nhét tai có tuổi thọ pin dài tai nghe chất lượng cao,False,False,,,,,,|,False,1.208,,0.14,False,False,False,False,xuyên biên giới,,
1001281206168,electronics,新款无线蓝牙耳机不入耳数显挂耳式超长续航,"Tai nghe Bluetooth không dây mới, không trong tai, màn hình kỹ thuật số, gắn trên tai, thời lượng pin siêu dài",False,False,,,,,,,False,1.1,,0.05,False,True,False,False,,,
975314780097,electronics,2代PRO4耳机重低音E6S入耳式电竞游戏运动跨境i12立体声蓝牙耳机,Tai nghe PRO4 thế hệ thứ 2 âm trầm nặng E6S trong tai trò chơi thể thao điện tử thể thao xuyên biên giới Tai nghe Bluetooth âm thanh nổi i12,False,False,,,,,,,False,1.292,,0.14,False,False,True,False,xuyên biên giới,,
895412766418,electronics,【千元之音】2025新款超长续航骨传导开放式蓝牙耳机无线运动挂耳,[Âm thanh ngàn nhân dân tệ] Tai nghe Bluetooth mở dẫn truyền xương thời lượng pin siêu dài mới năm 2025 tai nghe treo thể thao không dây,False,False,,,,,,[],False,1.038,,0.08,False,False,False,False,,,
946192564015,electronics,跨境新款X85无线蓝牙耳机智能数显超长续航降噪触摸耳机工厂直销,Tai nghe Bluetooth không dây X85 mới xuyên biên giới màn hình kỹ thuật số thông minh tuổi thọ pin cực dài tai nghe cảm ứng giảm tiếng ồn bán trực tiếp tại nhà máy,False,False,,,,,,,False,1.25,,0.06,False,False,True,False,"xuyên biên giới, nhà máy|nhà sản xuất",,
907453309025,electronics,跨境电商爆款M118智能AI蓝牙耳机2025新款开放挂耳式同声翻译耳机,Thương mại điện tử xuyên biên giới bùng nổ M118 tai nghe Bluetooth thông minh AI 2025 mẫu mới mở tai nghe dịch đồng thời,False,False,,,,爆款->mẫu bán chạy,,,False,0.96,,0.09,False,False,False,False,xuyên biên giới,,
761430665692,electronics,独到U10BU2SU4SU5SU6NC真TWS无线蓝牙耳机高音质降噪手机通用耳机,"Tai nghe Bluetooth không dây TWS U10BU2SU4SU5SU6NC độc đáo với chất lượng âm thanh cao và khả năng khử tiếng ồn, tai nghe phổ thông dành cho điện thoại di động.",False,False,,,,,,,False,1.8,vi_qua_dai,0.07,False,False,False,False,,,
926323806842,electronics,跨境爆款国潮风旋转变脸入耳式蓝牙耳机超长续航降噪电竞耳机批发,"Phong cách bùng nổ xuyên biên giới, tai nghe Bluetooth xoay và thay đổi khuôn mặt, thời lượng pin siêu dài, giảm tiếng ồn, bán buôn tai nghe chơi game",False,False,,,,爆款->mẫu bán chạy,,,False,1.0,,0.03,False,False,False,False,"bán buôn, xuyên biên giới",,
778676911125,electronics,适用苹果18液态防指纹硅胶手机壳iphone17promax全包凹槽13保护套,"Ốp điện thoại silicone chống vân tay, phủ toàn bộ, có rãnh, bảo vệ iPhone 17 Pro Max, phù hợp với Apple 18.",False,False,13,,,,,,False,1.0,,0.15,False,False,False,False,,,
971296679110,electronics,高档硅胶软壳适用15苹果14手机壳透明iphone13带镜头膜12promax16,"Ốp lưng silicon mềm cao cấp phù hợp với điện thoại Apple 15, 14, iPhone 13 trong suốt, kèm miếng dán màn hình 12promax16",False,False,,,,,,,False,1.105,,0.05,False,False,True,False,,,
1002039796359,electronics,冰感磨砂磁吸适用iPhone18promax手机壳全包肤感苹果17防摔保护套,"Ốp điện thoại iPhone 17 Pro Max, chất liệu như đá, hút từ tính, phủ toàn bộ, cảm giác như da thật, chống rơi cho Apple 16",False,False,18,16,,,,,False,1.136,,0.12,False,False,False,False,,,
973901939151,electronics,适用苹果17Pro iphone16闪粉手机壳带补妆镜子支架镜头膜防摔软壳,"Ốp điện thoại iPhone 16 Pro của Apple, có gương trang điểm, kèm miếng dán bảo vệ camera, chống rơi, chất liệu mềm mại.",False,False,17,,,,,,False,1.0,,0.09,False,False,False,False,,,
767939710858,electronics,适用iPhone16防震手机壳17优盾支架磁吸苹果18promax四角防摔护套,"Ốp lưng chống sốc iPhone 16, giá đỡ từ tính Youdun cho Apple 18 Pro Max, bảo vệ chống rơi bốn góc",False,False,17,,,,,,False,0.952,,0.21,False,False,False,False,,,
837964878814,electronics,液态硅胶适用苹果17Promax手机壳精孔iPhone17全包简约防摔保护套,"Ốp điện thoại iPhone 17 Promax bằng silicon lỏng, có lỗ chính xác, ốp bảo vệ toàn diện đơn giản, chống rơi.",False,False,17,,,,,,False,0.955,,0.05,False,False,False,False,,,
925352173571,electronics,适用iPhone17四角气囊防摔16E手机壳苹果15PROMAX镜头膜14保护套3,"Ốp lưng chống rơi bốn góc tích hợp túi khí dành cho iPhone 17, ốp điện thoại Apple 15PROMAX kèm miếng dán bảo vệ camera, ốp bảo vệ 14, 3",False,False,16,,,,,,False,1.421,,0.04,False,False,False,False,,,
991945618976,electronics,适用OPPOfindx9ulta手机壳肤感撞色x9spro全包壳x9pro保护套防污,"Thích hợp cho vỏ điện thoại di động OPPOfindx9ulta với màu sắc tương phản và kết cấu giống như da, vỏ bọc toàn bộ x9spro, vỏ bảo vệ x9pro, chống bám bẩn",False,False,,,,,,,False,2.059,vi_qua_dai,0.03,False,False,False,False,,,
891416534003,electronics,适用苹果17Promax全包14 13磁吸太阳软壳硅胶壳16圈圈纹手机壳套,"Ốp lưng silicon mềm chống nắng, họa tiết tròn, bảo vệ toàn diện, tương thích với Apple 17 Pro Max, 14, 13, có nam châm",False,False,16,,,,,,False,1.0,,0.14,False,False,False,False,,,
992713205750,electronics,亚克力精孔镜头膜苹果17promax磁吸iphone16手机壳适用透明15防摔,"Phim dán kính cường lực chính xác cho ốp lưng iPhone 17 Pro Max từ tính, trong suốt và chống sốc cho iPhone 15.",False,False,16,,,,,,False,1.048,,0.1,False,False,False,False,,,
863162506372,electronics,适用iphone17手机壳磁吸半透明16苹果18Promax喷油磨砂14保护套新,"Ốp điện thoại iPhone 17, từ tính bán trong suốt, tương thích iPhone 16, iPhone 18 Pro Max, phủ mờ chống dầu, bảo vệ toàn diện, hàng mới.",False,False,14,,,,,,False,1.25,,0.08,False,False,False,False,,,
873177782938,electronics,新款飞机地图适用iphone17手机壳苹果16promax/15防摔14pro13欧美,"Thiết kế bản đồ máy bay mới phù hợp với ốp điện thoại iPhone 17, chống sốc cho Apple 16 Pro Max/15, 14 Pro, 13, phong cách châu Âu và châu Mỹ.",False,False,,,,,,,False,1.647,vi_qua_dai,0.22,False,False,False,False,,,
974382720522,electronics,适用VIVOX300pro手机壳x200x100/x90/x80透明壳x70简约60软保护套,Thích hợp cho vỏ điện thoại di động VIVOX300pro x200x100/x90/x80 vỏ trong suốt x70 vỏ bảo vệ mềm đơn giản 60,False,False,,,,,,,False,1.714,vi_qua_dai,0.0,False,False,False,False,,,
990347938140,electronics,适用苹果17promax手机壳磁吸17高清透明iphone16plus全包15保护套,"Ốp điện thoại Apple 17promax hút từ tính, trong suốt độ phân giải cao, bảo vệ toàn diện iPhone 16plus, 15",False,False,17,,,,,,False,1.111,,0.05,False,False,False,False,,,
857776016942,electronics,金蝴蝶适用iphone17pro手机壳苹果15防摔14日韩13promax新款16pro,"Ốp điện thoại Golden Butterfly phù hợp với iPhone 17 Pro, chống rơi cho Apple 15, phong cách Nhật Bản và Hàn Quốc cho 14, mẫu mới 13 Pro Max, 16 Pro.",False,False,,,,,,,False,1.688,vi_qua_dai,0.42,False,False,False,False,,,
914487212440,electronics,保持笑脸适用苹果16promax手机壳iPhone16/15外壳防刮13磁吸笑脸,"Hãy tiếp tục tươi tắn với chiếc ốp lưng này, phù hợp với Apple 16 Pro Max, iPhone 16/15, chống xước, thiết kế mặt cười từ tính.",False,False,13,,,,,,False,1.316,,0.12,False,False,False,False,,,
693760258777,electronics,半包适用苹果18promax手机壳透明iPhone17全包14简约13防摔15男16,"Ốp lưng điện thoại Apple 18 Pro Max nửa gói, trong suốt, bảo vệ toàn diện iPhone 17, thiết kế đơn giản cho 14, chống rơi cho 13, dành cho nam cho 15, cho 16.",False,False,,,,,,,False,1.611,vi_qua_dai,0.11,False,False,False,False,,,
849574653155,electronics,咖啡小猫适用苹果15手机壳新款iphone17promax简约13女挂绳16/8p,"Ốp điện thoại hình mèo cà phê, phù hợp với Apple 15, iPhone 17 Pro Max mới, kiểu dáng đơn giản dành cho nữ, có dây đeo, tương thích với 13/16/8P.",False,False,,,,,,,False,1.611,vi_qua_dai,0.14,False,False,False,False,,,
963209678846,electronics,ai按键全包硅胶手机壳适用iPhone18promax肤感苹果17磁吸16保护套,"Ốp điện thoại silicon phủ kín toàn bộ, tích hợp nút AI, phù hợp với iPhone 18 Pro Max, cảm giác như da thật, hút từ tính Apple 17, bảo vệ toàn diện cho iPhone 16.",False,False,,,,,,,False,1.65,vi_qua_dai,0.1,False,False,False,False,,,
938028250170,electronics,适用华为Pura80Pro+手机壳云朵素皮纯色p80u软壳包边防摔单底p80,"Thích hợp cho vỏ điện thoại di động Huawei Pura80Pro+, da trơn có họa tiết đám mây, vỏ mềm p80u màu trơn có bảo vệ cạnh, chống rơi phía dưới đơn p80.",False,False,,,,,,,False,1.619,vi_qua_dai,0.09,False,False,False,False,,,
949241033404,electronics,肤感磁吸适用三星S26Ultra手机壳A55 5G磨砂S25Edge高级感S24FE套,"Ốp lưng từ tính cảm giác mềm mại như da, phù hợp với điện thoại Samsung S26Ultra, ốp A55 5G mờ, cảm giác cao cấp S25Edge, ốp S24FE",False,False,,,,,,,False,1.824,vi_qua_dai,0.28,False,False,False,False,,,
638777435246,electronics,适用苹果iPhone18Pro全包PC手机壳17透明16硬壳4保护精孔13promax,"Ốp điện thoại di động toàn diện, trong suốt, cứng cáp, bảo vệ tốt, có lỗ nhỏ, phù hợp với Apple iPhone 18 Pro, 17, 16, 13 Pro Max",False,False,4,,,,,,False,1.471,,0.17,False,False,False,False,,,
625348608962,electronics,适用iPhone17官方液态硅胶磁吸手机壳1516苹果18Promax保护套新款,"Ốp điện thoại iPhone 17 chính hãng chất liệu silicon lỏng từ tính, tương thích với iPhone 15, 16, Apple 18 Pro Max, mẫu mới, bảo vệ toàn diện",False,False,1516,"15, 16",,,,,False,1.25,,0.12,False,False,False,False,,,
853956826309,electronics,新款适用iphone17promax手机壳欧美风苹果15防摔14pro/13/16创意x,"Mẫu mới này phù hợp với ốp điện thoại iPhone 17 Pro Max, phong cách Âu Mỹ, chống rơi cho Apple 15, 14 Pro/13/16, thiết kế sáng tạo.",False,False,,,,,,,False,1.562,vi_qua_dai,0.25,False,False,False,False,,,
906661447448,electronics,18Promax超薄磨砂TPU精孔手机壳苹果17适用iPhone16/15pro全包软,"Ốp điện thoại TPU mờ siêu mỏng, lỗ nhỏ, dành cho Apple 17, phù hợp với iPhone 16/15 Pro, bảo vệ toàn diện, chất liệu mềm.",False,False,18,,,,,,False,1.5,,0.09,False,False,False,False,,,
920392969007,electronics,适用苹果16Promax碳纤维磁吸手机壳iPhone15Pro简约肤感14Pro防滑,Ốp điện thoại hút từ bằng sợi carbon dùng cho Apple 16Promax,False,False,"14, 15",,,,,,False,0.667,,0.18,False,False,False,False,,,
991988540482,electronics,波点天使猫适用苹果17promax手机壳iphone16/15pro防摔14/13/12硬,"Ốp điện thoại iPhone 16/15 Pro, iPhone 14/13/12 chống rơi, chất liệu cứng, họa tiết mèo thiên thần chấm bi, phù hợp với Apple 17 Pro Max",False,False,,,,,,,False,1.6,vi_qua_dai,0.17,False,True,False,False,,,
894248466651,electronics,动漫路飞适用苹果17ProMax手机壳iPhone16Plus日韩15防摔14/13Pro,"Ốp điện thoại iPhone 16 Plus, iPhone 15, iPhone 14/13 Pro, phong cách Nhật Bản và Hàn Quốc, chống rơi, họa tiết Anime Luffy, phù hợp với Apple 17 Pro Max",False,False,,,,,,,False,1.8,vi_qua_dai,0.42,False,False,False,False,,,
974247856775,electronics,生气表情适用苹果16Promax手机壳iPhone15ins14/13欧美12跨境专供,"Ốp điện thoại biểu cảm tức giận phù hợp với Apple 16 Pro Max, iPhone 15, 14/13, kiểu dáng châu Âu và Mỹ, 12, cung cấp độc quyền xuyên biên giới",False,False,,,,,,,False,1.588,vi_qua_dai,0.19,False,False,False,False,xuyên biên giới,,
991209768019,electronics,外贸豹纹适用苹果17Promax手机壳iPhone16冰川壳15欧美风14跨境13,"Ốp điện thoại iPhone 17 Pro Max, iPhone 16 Glacier, iPhone 15, iPhone 14, iPhone 13 in họa tiết báo đốm, phong cách ngoại thương, kiểu dáng Châu Âu và Mỹ, bán buôn quốc tế.",False,False,,,,,,,False,1.579,vi_qua_dai,0.21,False,False,False,False,bán buôn,,
991242659525,electronics,超薄冰雾iPhone17promax磨砂透16手机软壳适用苹果15大孔14保护套,"Ốp điện thoại iPhone 17 Pro Max mờ trong suốt siêu mỏng, chất liệu mềm mại, phù hợp với Apple 15 lỗ lớn 14, bảo vệ toàn diện.",False,False,16,,,,,,False,1.25,,0.12,False,False,False,False,,,
937444784757,electronics,液态硅胶纯色爱心苹果17手机壳适用iPhone14promax新款防摔13少女,"Ốp điện thoại Apple 17 hình trái tim chất liệu silicon lỏng màu trơn, phù hợp với iPhone 14 Pro Max mẫu mới, chống rơi, dành cho nữ",False,False,13,,,,,,False,1.238,,0.12,False,False,False,False,,,
961646748268,electronics,跨境爆款迷彩手机壳适用苹果18PROMAX双层菲林17pm全包16防摔硬壳,"Ốp điện thoại ngụy trang thời trang xuyên biên giới, phù hợp với Apple 15PROMAX, màng bảo vệ kép 17pm, phủ toàn diện, chống rơi 16 điểm, vỏ cứng",False,False,18,15,,,,,False,1.217,,0.04,False,False,False,False,xuyên biên giới,,
967901207373,electronics,油画彩花草18pro适用苹果17promax手机壳16plus麻花15爆14手链13,"Tranh sơn dầu thiết kế hoa văn phù hợp với ốp điện thoại Apple 17 Pro Max, 16 Plus, 15 kiểu tết dây, 14 kiểu dây đeo, 13 kiểu nữ tính, 12 kiểu thời trang.",False,False,18,12,,,,,False,1.706,vi_qua_dai,0.14,False,False,False,False,,,
947797012988,electronics,idm大孔磁吸支架适用iPhone17promax苹果15手机壳13/78plus/11,"Giá đỡ từ tính lỗ lớn idm phù hợp với ốp điện thoại iPhone 17 Pro Max, Apple 15, 13/7/8 Plus/11",False,False,78,"7, 8",,,,,False,1.385,,0.24,False,False,False,False,,,
978555811316,electronics,适用iPhone18ProMAX手机壳透明磨砂肤感苹果17电镀PC镜头膜保护套,"Ốp điện thoại iPhone 17 Pro Max trong suốt, mờ, cảm giác như da, bảo vệ màn hình bằng màng PC mạ điện Apple 16",False,False,18,16,,,,,False,1.095,,0.14,False,False,False,False,,,
834728423663,electronics,跨境大容量充电宝50000毫安镜面屏数显移动电源powerbank工厂批发,Kho báu sạc công suất lớn xuyên biên giới màn hình gương 50000 mAh màn hình kỹ thuật số điện di động nhà máy powerbank bán buôn,False,False,,,,充电宝->sạc dự phòng,,,False,1.13,,0.0,False,False,False,False,"bán buôn, xuyên biên giới, nhà máy|nhà sản xuất",,
940259752955,fashion,7A抗菌大码短袖t恤男款夏季潮满印半袖宽松加肥加大胖子休闲男装,Áo thun ngắn tay cỡ lớn kháng khuẩn 7A nam mùa hè hợp thời trang in đầy đủ nửa tay dáng rộng plus béo plus béo quần áo nam thông thường,False,False,,,,,plus béo,,False,1.107,,0.03,False,False,False,False,,,
802530036494,fashion,男士短袖t恤2024新款夏季男装薄款上衣服半袖修身体恤衫夏天潮流,Áo Phông Nam Ngắn Tay áo nam mùa hè mẫu mới 2024,False,False,,,,,,,False,0.407,vi_qua_ngan,0.4,False,False,False,False,,,
890859521976,fashion,200g纯棉小落肩短袖t恤男女同款半袖纯色黑色白色男士圆领打底代,Áo phông ngắn tay trễ vai 100% cotton 200g cho nam và nữ cùng kiểu dáng nửa tay màu trơn màu đen trắng cho nam cổ tròn thế hệ,False,False,,100,,,,,False,1.037,,0.0,False,True,True,False,,,
895769101471,fashion,直播爆款男士长袖卫衣秋季时尚拉链圆领上衣潮流打底衫长袖t恤男,"Áo nỉ nam dài tay hợp thời trang cho mùa thu có khóa kéo và cổ tròn, áo thun dài tay lớp nền dành cho nam.",False,False,,,,,,,False,0.897,,0.0,False,False,True,False,,,
891602647565,fashion,2025夏季男士短袖t恤冰丝短袖男T恤衫潮流休闲百搭圆领打底衫上衣,Áo thun nam ngắn tay mùa hè 2025 áo thun nam ngắn tay lụa băng áo mặc trong cổ tròn dễ phối thường ngày sành điệu,False,False,,,,,,,False,0.926,,0.0,False,True,False,False,,,
809470080221,fashion,重磅潮牌纯棉印花男士短袖T恤2025新款夏季爆款潮流休闲圆领体恤,"Áo thun nam tay ngắn chất cotton 100% in hình, thương hiệu thời trang cao cấp, mẫu mới hè 2025, bán chạy, kiểu dáng năng động, cổ tròn",False,False,,100,,,,,False,0.963,,0.0,False,True,True,False,,,
895585910184,fashion,源头厂家男士短袖t恤夏季打底衫圆领百搭休闲纯色大码T恤潮流上衣,Nguồn nhà sản xuất áo thun nam ngắn tay áo mặc trong mùa hè cổ tròn tất cả các kết hợp giản dị màu trơn cỡ lớn áo phông trào lưu,False,False,,,,,,,False,1.069,,0.0,False,True,False,False,nhà máy|nhà sản xuất,,
897697461459,fashion,黑色重磅短袖T恤男士加肥加大码男装夏季钢印立体宽松圆领上衣潮,"Áo phông nam ngắn tay màu đen, áo nam cỡ to cỡ lớn, áo cổ tròn rộng rãi ba chiều in thép mùa hè sành điệu",False,False,,,,,,,False,0.897,,0.0,False,False,True,False,,,
820275842353,fashion,新疆棉】纯棉男士t恤短袖2024新款夏季百搭宽松纯色圆领潮流,Bông Tân Cương] Áo thun nam 100% cotton ngắn tay kiểu mới mùa hè 2024 cổ tròn màu trơn rộng rãi dễ phối đồ xu hướng,False,False,,100,,,,],False,1.0,,0.13,False,False,False,False,,,
761321951018,fashion,夏季男士冰丝短袖T恤男宽松圆领半袖体恤大码简约百搭速干上衣,Áo phông nam mùa hè tay ngắn lụa lạnh Áo phông nam tay lỡ cổ tròn rộng rãi Áo nhanh khô dễ phối đơn giản cỡ lớn,False,False,,,,,,,False,0.964,,0.08,False,False,True,False,,,
898564855686,fashion,100%纯棉春夏装痞帅情侣装男复古港味ins字母短袖T恤新款宽松半袖,100% cotton quần áo mùa xuân và mùa hè quần áo cặp đôi đẹp trai áo phông ngắn tay chữ ins phong cách Hồng Kông cổ điển cho nam áo phông cộc tay rộng rãi mẫu mới,False,False,,,,,,,False,1.385,,0.06,False,True,False,False,,,
885744153285,fashion,夏季新款短袖t恤男美式重磅潮牌情侣半袖上衣宽松休闲圆领打底衫,Áo phông ngắn tay mẫu mới mùa hè áo đôi nam tay lỡ thương hiệu thời trang nặng kiểu Mỹ áo mặc trong cổ tròn thường ngày rộng rãi,False,False,,,,,,,False,1.0,,0.04,False,True,True,False,,,
899141990675,fashion,100%纯棉春夏装痞帅情侣装男复古港味ins字母短袖T恤新款宽松半袖,100% cotton quần áo mùa xuân và mùa hè quần áo cặp đôi đẹp trai áo phông ngắn tay chữ ins phong cách Hồng Kông cổ điển cho nam áo phông cộc tay rộng rãi mẫu mới,False,False,,,,,,,False,1.385,,0.06,False,True,False,False,,,
820415958337,fashion,【精选】长袖T恤男士春秋季休闲圆领宽松透气百搭体恤薄款打底衫,[Lựa chọn] Áo thun dài tay áo thun nam mùa xuân thu cổ tròn rộng rãi thoáng khí dễ phối đồ,False,False,,,,,,[],False,0.778,,0.05,False,False,False,False,,,
925210968178,fashion,一折专区|奥莱折扣| 夏季短袖T恤男运动百搭情侣上衣半截宽松,Khu vực giảm giá 10% | Giảm giá Ole | Áo phông nam ngắn tay mùa hè áo đôi thể thao dễ phối đồ nửa rộng rãi,False,False,,10,,,,|,False,0.923,,0.13,False,False,False,False,,,
931531740753,fashion,【凉感】240g液氨丝光棉短袖T恤男夏季高级感3D压花纯色透气体恤,[Mát mẻ] Áo phông ngắn tay cotton đánh thuê amoniac lỏng 240g áo phông nam mùa hè cao cấp 3D in hoa màu trơn thoáng khí,False,False,,,,,,[],False,1.083,,0.08,False,False,False,False,,,
801470509077,fashion,2025新款爆款半袖休闲高档男士短袖t恤夏季纯棉体恤潮牌百搭上衣T,Áo thun nam tay ngắn tay cao cấp giản dị mẫu mới năm 2025 áo thun 100% cotton mùa hè thương hiệu sành điệu áo dễ phối đồ T,False,False,,100,,,,,False,1.0,,0.04,False,True,False,False,,,
674028839385,fashion,【轻奢液氨T】50支新疆长绒棉液氨三本针冰丝匹马棉透气男短袖T恤,"【Light Luxury Liquid Ammonia T】50 chiếc áo thun ngắn tay bằng vải cotton sợi dài Tân Cương, chất liệu cotton Pima ba sợi, chất liệu lụa băng, thoáng khí dành cho nam.",False,False,,,Light Luxury Liquid Ammonia,,,【】,False,1.231,,0.23,False,False,False,False,,,
972159070302,fashion,【100支匹马棉】高端液氨丝光棉纯色凉感t恤男圆领白色T短袖体桖,[100 đếm Pima cotton] Áo thun cotton nguyên chất màu trơn cao cấp có cổ tròn màu trắng T ngắn tay áo sơ mi nam cổ tròn màu trắng,False,False,,,,,,[],False,1.12,,0.11,False,False,False,False,,,
902984965980,fashion,夏季新款短袖t恤男美式重磅潮牌情侣半袖上衣宽松休闲圆领打底衫,Mùa hè mới áo thun ngắn tay nam hạng nặng Mỹ hợp thời trang thương hiệu cặp đôi áo nửa tay dáng rộng cổ tròn đáy áo sơ mi,False,False,,,,,,,False,1.0,,0.04,False,False,True,False,,,
903976070882,fashion,夏季新款冰丝短袖男t恤翻领商务百搭凉感时尚潮流印花休闲男士t恤,Áo phông nam ngắn tay lụa băng mẫu mới mùa hè áo phông nam in hoa thời trang sành điệu thời trang sành điệu dễ phối cổ bẻ công sở,False,False,,,,,,,False,1.034,,0.0,False,True,False,False,,,
911308874470,fashion,2025轻奢新年新款短袖半袖圆领时尚百搭帅气潮流休闲百搭T恤男士,2025 sang trọng năm mới phong cách mới tay ngắn tay áo cổ tròn thời trang tất cả các kết hợp đẹp trai xu hướng giản dị dễ phối áo thun nam,False,False,,,,,,,False,1.148,,0.0,False,True,False,False,,,
979044644326,fashion,尚谷男装|美式男士长袖T恤秋新款新款纯色口袋宽松圆领休闲打底衫,Quần áo nam Shanggu | Áo thun nam dài tay phong cách Mỹ mùa thu mới màu trơn có túi dáng rộng cổ tròn Áo sơ mi cơ bản thông thường.,False,False,,,,,,|,False,1.034,,0.14,False,False,False,False,,,
776306184270,fashion,重磅纯棉潮牌印花男士短袖T恤2025新款夏季爆款潮流痞帅休闲体恤,Áo thun nam ngắn tay nặng cotton trendyy in thương hiệu 2025 mùa hè mới phong cách hot trendyy áo thun thường ngày đẹp trai,False,False,,,,,,,False,0.889,,0.0,False,False,True,False,,,
779865312652,fashion,重磅潮牌纯棉印花男士短袖T恤2025新款夏季爆款潮流休闲圆领体恤,Áo thun nam ngắn tay in hình 100% cotton thương hiệu thời trang nặng mẫu mới mùa hè 2025 áo thun cổ tròn giản dị thời thượng,False,False,,100,,,,,False,0.926,,0.0,False,True,True,False,,,
904310181601,fashion,【60支匹马棉】轻奢液氨凉感圆领短袖t恤男Supima白色T桖打底衫,"[60 đếm cotton Pima] Áo thun ngắn tay cổ tròn, chất liệu ammonia lỏng cao cấp, mát mẻ dành cho nam, áo thun trắng Supima lớp lót bên trong",False,False,,,,,,[],False,1.273,,0.11,False,False,False,False,,,
791409558179,fashion,纯棉短袖T恤男女款夏季ins白搭圆领上衣潮百搭男半袖230g长绒棉,"Áo thun cotton nguyên chất tay ngắn nam nữ, kiểu dáng mùa hè đa năng cổ tròn, áo thun nam tay lửng thời trang đa năng chất liệu cotton sợi dài 230g",False,False,,,,,,,False,1.28,,0.0,False,False,True,False,,,
893913959805,fashion,可供海外批发~重磅纯棉300斤短袖T恤男夏季2026上衣国潮男女情侣,"Có sẵn để bán buôn ở nước ngoài~ Áo thun ngắn tay 150kg chất liệu cotton nguyên chất dày dặn dành cho nam, áo mùa hè 2026, phong cách theo xu hướng quốc gia dành cho nam và nữ, đồ đôi.",False,False,300,150,,,,~,False,1.6,vi_qua_dai,0.03,False,False,False,False,"bán buôn, có sẵn|hàng có sẵn",,
1000003909170,fashion,260GSM Boxy clean fit宽松短袖T恤洗水做旧矮胖男CROP CROPPED,"Áo thun tay ngắn dáng rộng, chất liệu 260GSM, kiểu dáng gọn gàng, hiệu ứng vintage đã qua xử lý, dành cho nam giới vóc dáng ngắn và cơ bắp, kiểu dáng CROP CROPPED",False,False,,,,,,,False,2.833,vi_qua_dai,0.0,False,False,False,False,,,
903958515154,fashion,好货严选【60支匹马棉】高级感凉感白色t恤男Supima圆领短袖打底,"Áo thun nam màu trắng cao cấp, chất liệu cotton Supima [60 sợi] cao cấp, mềm mại, mát mẻ, cổ tròn, tay ngắn, được lựa chọn kỹ lưỡng.",False,False,,,,,,[],False,1.174,,0.04,False,False,False,False,,,
903729007320,fashion,100%纯棉百搭短袖t恤男2026新款夏季潮牌小众高街美式宽松上衣ins,"Áo thun nam tay ngắn 100% cotton nguyên chất, đa năng, thời trang hè 2026, thương hiệu cao cấp, phong cách đường phố Mỹ, kiểu dáng rộng rãi, phong cách ins.",False,False,,,,,,,False,1.208,,0.04,False,True,True,False,,,
944625209714,fashion,韩路|户外运动吸湿透气长袖T恤男秋季薄款宽松休闲健身凉感上衣,"Hán Lỗ | Áo thun dài tay thấm hút mồ hôi và thoáng khí dành cho nam giới trong mùa thu, mỏng, rộng rãi, giản dị, thể thao và mát mẻ",False,False,,,,,,|,False,1.071,,0.07,False,False,False,False,,,
886711481272,fashion,夏季防晒短袖冰丝薄款半袖男士T恤纯色男款打底衫2025大码体恤男,Áo thun nam cộc tay cộc tay chống nắng mùa hè áo thun nam màu trơn áo thun nam cỡ lớn 2025,False,False,,,,,cộc tay,,False,0.778,,0.0,False,False,False,False,,,
947736723009,fashion,跨境代发【24小时发货】潮流潮牌夏季230重磅透气男士纯棉t恤短袖,Giao hàng xuyên biên giới [giao hàng trong 24 giờ] thương hiệu thời trang mùa hè 230 áo thun nam cotton ngắn tay thoáng khí,False,False,,,,,,[],False,0.92,,0.0,False,False,True,False,xuyên biên giới,,
784519389123,fashion,重磅纯棉短袖T恤休闲潮流男女款夏季ins白搭圆领上衣潮百搭男半袖,Áo phông ngắn tay 100% cotton nặng tay áo cổ tròn phối trắng Instagram mùa hè sành điệu nam nữ thời trang thường ngày,False,False,,100,,,,,False,0.821,,0.05,False,True,False,False,,,
940200850553,fashion,海外订单~清仓捡漏美式复古百搭街头简约ins夏季男士纯棉短袖T恤,Đơn đặt hàng ở nước ngoài ~ giải phóng mặt bằng bán hàng lớn kiểu Mỹ cổ điển đa năng đường phố đơn giản trong mùa hè Áo thun ngắn tay cotton nguyên chất dành cho nam,False,False,,,,,,~,False,1.333,,0.06,False,False,False,False,,,
900479712233,fashion,100%纯棉百搭短袖t恤男2026新款夏季潮牌小众高街美式宽松上衣ins,"Áo thun nam 100% cotton nguyên chất, tay ngắn, đa năng, kiểu dáng mới hè 2026, thương hiệu thời trang cao cấp, phong cách đường phố Mỹ, dáng rộng, kiểu ins.",False,False,,,,,,,False,1.208,,0.04,False,False,True,False,,,
779345272143,fashion,重磅潮牌纯棉印花男士短袖T恤2025新款夏季爆款潮流休闲圆领体恤,"Áo thun nam tay ngắn cotton 100% in hình, thương hiệu thời trang cao cấp, xu hướng hè 2025, kiểu dáng năng động, cổ tròn",False,False,,100,,,,,False,0.852,,0.0,False,False,True,False,,,
898307137181,fashion,重磅纯棉潮牌印花男士短袖T恤2025新款夏季爆款潮流痞帅休闲体恤,Áo thun nam ngắn tay in hình thương hiệu thời trang cotton nặng mẫu mới mùa hè 2025 áo thun trơn thời trang đẹp trai,False,False,,,,,,,False,0.889,,0.0,False,False,True,False,,,
861466767085,fashion,ETAI男装|潮牌Boxy Fit纯棉短宽短袖高品质落肩款宽松型圆领T恤男,Quần áo nam ETAI | Thương hiệu thời trang Boxy Fit cotton ngắn tay rộng rãi ngắn tay cao cấp áo thun nam cổ tròn rộng rãi,False,False,,,,,,|,False,1.13,,0.12,False,False,False,False,,,
790210258529,fashion,纯棉短袖T恤男女款夏季ins白搭圆领上衣潮百搭男半袖230g长绒棉,"Áo thun cotton nguyên chất ngắn tay cho nam và nữ, phong cách mùa hè, áo cổ tròn đa năng, hợp thời trang và dễ phối đồ, áo nửa tay nam, cotton sợi dài 230g.",False,False,,,,,,,False,1.4,,0.0,False,False,True,False,,,
815538410137,fashion,重磅潮牌纯棉印花男士短袖T恤2025新款夏季爆款潮流休闲圆领体恤,Trọng lượng nặng trendyy thương hiệu cotton nguyên chất in hình áo thun nam ngắn tay 2025 mùa hè mới phong cách hot trendyy áo thun cổ tròn giản dị,False,False,,,,,,,False,1.074,,0.0,False,True,True,False,,,
731762417347,fashion,【跨境热卖】亚马逊夏季男士短袖T恤李.汉顿运动衫跑步速干衣批发,[Bán chạy xuyên biên giới] Áo thun nam ngắn tay mùa hè Amazon Lee. Bán buôn quần áo chạy bộ nhanh khô Hanton,False,False,,,,,,[],False,0.852,,0.23,False,False,False,False,"bán buôn, xuyên biên giới, amazon|temu|shein|tiktok",,
838172560191,fashion,美式潮牌ins纯棉男士印花短袖T恤夏季新款潮流男女百搭圆领体恤男,Áo phông nam ngắn tay in hoa cotton instagram thương hiệu thời trang kiểu Mỹ áo phông nam cổ tròn dễ phối đồ thời trang nam nữ mẫu mới mùa hè,False,False,,,,,,,False,1.107,,0.03,False,True,False,False,,,
762289618416,fashion,T恤男 2024新款男士二开纯色光板麂皮绒宽松圆领套头短袖T恤,Áo phông nam loại mới 2024 áo phông ngắn tay chui đầu cổ tròn rộng rãi da lộn màu trơn màu trơn,False,False,,,,,màu trơn,,False,0.875,,0.0,False,False,False,False,,,
874854716972,fashion,t男生短袖口短袖夏季美式小领口重磅t恤休闲显肌肉健身,T Bé Trai Ngắn Tay Ngắn Tay Mùa Hè Mỹ Nhỏ Cổ Nặng Áo Thun Cổ Cơ Thể Dục,False,False,,,,,ngắn tay,,False,0.792,,1.0,True,False,False,False,,,
912871663451,fashion,美式痞帅重磅纯棉短袖T恤青年男女款夏季ins潮牌街头宽松圆领上衣,Áo phông ngắn tay 100% cotton dáng khủng kiểu Mỹ,False,False,,100,,,,,False,0.321,vi_qua_ngan,0.12,False,False,False,False,,,
785329535292,fashion,轻熟风星空短袖满天星烫钻宽松微潮体恤Tee男上衣T恤2024年,Áo phông nam Áo Phông Nam 2024 năm,False,False,,,,,áo phông nam,,False,0.304,vi_qua_ngan,0.5,False,False,False,False,,,
897774536842,fashion,重磅潮牌纯棉印花男士短袖T恤2025新款夏季爆款潮流休闲圆领体恤,Áo thun nam ngắn tay in hình 100% cotton thương hiệu thời trang nặng mẫu mới mùa hè 2025 áo thun cổ tròn giản dị thời thượng,False,False,,100,,,,,False,0.926,,0.0,False,True,True,False,,,
789267495230,fashion,重磅纯棉短袖T恤休闲潮流男女款夏季ins白搭圆领上衣潮百搭男半袖,Áo phông ngắn tay 100% cotton nặng tay áo cổ tròn phối trắng Instagram mùa hè sành điệu nam nữ thời trang thường ngày,False,False,,100,,,,,False,0.821,,0.05,False,True,False,False,,,
676518625358,fashion,【好货严选】高端匹马棉短袖男t恤白色圆领纯棉T桖男装上衣打底衫,[Sản phẩm cao cấp được lựa chọn] Áo thun nam tay ngắn cotton Pima cao cấp cổ tròn màu trắng áo thun cotton nguyên chất áo sơ mi nam,False,False,,,,,,[],False,1.074,,0.07,False,False,False,False,,,
810568981698,fashion,彩象岛男装丨秋冬卫衣男士连帽衫宽松加绒美式潮牌350g连帽卫衣男,"Quần áo nam đảo Cai Xiang | Áo hoodie nam mùa thu đông, dáng rộng, lót lông cừu, thương hiệu thời trang phong cách Mỹ, áo nỉ có mũ 350g dành cho nam.",False,False,,,,,,|,False,1.143,,0.13,False,False,False,False,,,
950363445915,fashion,跨境代发【24小时发货】夏季230重磅透气男士纯棉t恤短袖大码跨境,"Vận chuyển xuyên biên giới [giao hàng 24 giờ] Áo thun nam cotton nguyên chất thoáng khí, chất liệu dày dặn, size lớn, mùa hè 230, giao hàng xuyên biên giới",False,False,,,,,,[],False,1.16,,0.04,False,False,False,False,xuyên biên giới,,
901931318291,fashion,欧美潮牌短袖ins纯棉夏季新款男士印花T恤潮流男女百搭圆领体恤男,Áo thun nam ngắn tay thương hiệu thời trang Âu Mỹ in hình cotton nguyên chất mùa hè mới Áo thun cổ tròn đa năng nam nữ hợp thời trang dành cho nam,False,False,,,,,,,False,1.179,,0.09,False,True,True,False,,,
863625139800,fashion,2025重磅纯棉250G复古水洗炫染做旧t恤 跨境美式宽松短袖男士t恤,Áo thun nam ngắn tay ngắn tay rộng rãi kiểu Mỹ xuyên biên giới,False,False,"2025, 250",,,,ngắn tay,,False,0.583,,0.08,False,False,False,False,xuyên biên giới,,
917236198974,fashion,白色重磅2026纯棉短袖男士t恤夏季新款美式大码宽松潮牌潮流体恤,"Áo thun nam cotton 100% tay ngắn, size lớn, kiểu dáng rộng rãi, thời trang, thương hiệu Mỹ, màu trắng, chất liệu dày dặn, mùa hè mới 2025",False,False,2026,"100, 2025",,,,,False,0.963,,0.04,False,False,False,False,,,
957424511868,fashion,「一折专区丨奥莱清仓丨250g双纱精梳纯棉短袖T恤男美式重磅潮牌,「 Khu vực đặc biệt 90% off | Cửa hàng giảm giá lớn | Áo thun ngắn tay cotton chải kỹ 250g đôi nam thương hiệu thời trang hạng nặng của Mỹ,False,False,,90,,,,|,False,1.077,,0.11,False,False,False,False,,,
810838975833,fashion,重磅潮牌纯棉印花男士短袖T恤2025新款夏季爆款潮流休闲圆领体恤,"Áo thun nam tay ngắn chất cotton 100% in họa tiết, thương hiệu thời trang cao cấp, mẫu mới hè 2025, bán chạy, kiểu dáng năng động, cổ tròn",False,False,,100,,,,,False,1.0,,0.0,False,True,True,False,,,
761467753790,fashion,【发货快】夏季冰丝t恤男圆领速干衣短袖中国印花透气大码运动男,[Giao hàng nhanh] Áo thun lụa băng mùa hè áo thun nam cổ tròn nhanh khô tay ngắn in họa tiết Trung Quốc size lớn thoáng khí thể thao nam,False,False,,,,,,[],False,1.111,,0.1,False,False,False,False,,,
976234336897,fashion,时尚户外运动上衣~春季新品轻量化速干透气男士半拉链立领长袖T恤,"Áo thể thao ngoài trời thời trang~Áo thun nam tay dài cổ đứng nửa khóa kéo, chất liệu nhẹ, nhanh khô, thoáng khí, mẫu mới mùa xuân",False,False,,,,,,~,False,0.966,,0.04,False,False,False,False,,,
894173311702,fashion,男女款sorona短袖t恤夏季美式boxy解构cleanfit男装madeextreme,"Áo thun ngắn tay sorona nam nữ, quần áo nam kiểu dáng hộp kiểu Mỹ mùa hè, thiết kế phá cách, kiểu dáng gọn gàng madeextreme",False,False,,,,,,,False,1.857,vi_qua_dai,0.04,False,False,False,False,,,
779601821679,fashion,重磅潮牌纯棉印花男士短袖T恤2025新款夏季爆款潮流休闲圆领体恤,"Áo thun nam tay ngắn chất cotton 100% in hình, thương hiệu thời trang cao cấp, mẫu mới hè 2025, bán chạy, kiểu dáng năng động, cổ tròn",False,False,,100,,,,,False,0.963,,0.0,False,True,True,False,,,
770567893191,fashion,捷展男装|薄荷T恤5合1科技纯色户外春夏防晒速干抑菌凉感短袖t恤,Quần áo nam Jie Zhan | Áo thun bạc hà công nghệ 5 trong 1 màu trơn ngoài trời mùa xuân hè chống nắng nhanh khô kháng khuẩn làm mát áo thun ngắn tay,False,False,,,,,,|,False,1.148,,0.1,False,False,False,False,,,
823419930416,fashion,跨境欧美码230g精梳棉落肩圆领T-shirt 纯棉T恤定制纯色短袖男t恤,Áo thun cotton cổ tròn cổ tròn trễ vai cotton chải kỹ cỡ 230g Âu Mỹ áo thun nam ngắn tay màu trơn tùy chỉnh,False,False,,,,,cổ tròn,,False,1.087,,0.08,False,False,False,False,,,
780794627055,fashion,重磅潮牌纯棉印花男士短袖T恤2025新款夏季爆款潮流休闲圆领体恤,"Áo thun nam tay ngắn chất liệu cotton in họa tiết thời trang cao cấp, mẫu mới hè 2025, kiểu cổ tròn, phong cách thường ngày",False,False,,,,,,,False,0.926,,0.0,False,False,True,False,,,
783480967163,fashion,重磅纯棉短袖T恤休闲潮流男女款夏季ins白搭圆领上衣潮百搭男半袖,Áo phông ngắn tay 100% cotton nặng tay áo cổ tròn phối trắng Instagram mùa hè sành điệu nam nữ thời trang thường ngày,False,False,,100,,,,,False,0.821,,0.05,False,True,False,False,,,
925359851222,fashion,220克重磅纯棉夏季短袖T恤男宽松男装体恤半袖纯色打底衫可二开,Áo thun ngắn tay mùa hè cotton nguyên chất hạng nặng 220g Áo thun nam dáng rộng nửa tay màu trơn có thể mở hai lần,False,False,,,,,,,False,0.963,,0.04,False,False,True,False,,,
907534421784,fashion,【好货严选】高品质220g索罗那凉感t恤男夏季纯色光板短袖T恤厂家,[Hàng tốt được tuyển chọn kỹ lưỡng] Áo thun mát mẻ Sonra 220g cao cấp cho nam áo thun tay ngắn trơn màu mùa hè,False,False,,,,,,[],False,1.0,,0.08,False,False,False,False,,,
786618463095,fashion,【微胖女孩穿搭】新款大码夏百搭显瘦洋气拼色设计感遮肚子连衣裙,[Mặc cho cô nàng hơi mập] Váy liền che bụng thiết kế phối màu kiểu Tây thon gọn dễ phối đồ cỡ lớn mẫu mới mùa hè,False,False,,,,,,[],False,0.964,,0.08,False,False,False,False,,,
718901791520,fashion,2023新款优质假两件长裙文艺大摆亚麻连衣裙宽松长袖棉麻,Váy dài hai mảnh giả chất lượng cao mới 2023,False,False,,,,,,,False,0.375,vi_qua_ngan,0.0,False,False,False,False,,,
733556915011,fashion,【雪纺+里布+拉链】法式杏色长袖连衣裙收腰显瘦超仙荷叶边蛋糕裙,[Dây kéo vải voan] Váy dài tay màu mơ kiểu Pháp ôm eo thon gọn váy bánh bèo siêu tiên nữ,False,False,,,,,,[],False,0.778,,0.1,False,False,False,False,,,
742186079031,fashion,赫本风黑色长袖连衣裙女2025秋季中长款时尚收腰显瘦a字蓬蓬裙子,Váy dài tay màu đen phong cách Hepburn dành cho nữ 2025 autum dài vừa phải thời trang eo giảm béo nhìn Váy phồng chữ A,False,False,,,,,,,False,0.926,,0.12,False,False,True,False,,,
956583248092,fashion,镂空提花纯欲针织吊带白色连衣裙2026夏季气质新款收腰背心短裙子,"Váy liền thân dệt kim jacquard镂空 màu trắng dây spaghetti, kiểu dáng ôm eo, thời trang hè 2026.",True,False,,,,,,,False,0.607,,0.0,False,False,False,False,,,
759196728212,fashion,跨境万圣节哥特维多利亚连衣裙 立领长袖复古宫廷礼服女 3 色现货,"Váy Gothic Victoria Halloween xuyên biên giới, áo choàng cổ đứng tay dài phong cách cổ điển dành cho nữ, có 3 màu.",False,False,,,Gothic Victoria Halloween,,,,False,0.786,,0.14,False,False,False,False,xuyên biên giới,,
933977782359,fashion,2025新款法式海边度假长裙质感高级感蓝色花色无袖吊带连衣裙女夏,Váy dài kỳ nghỉ bên bờ biển kiểu Pháp mẫu mới 2025 váy liền không tay không tay màu xanh hoa màu xanh cảm giác cao cấp nữ mùa hè,False,False,,,,,không tay,,False,1.036,,0.04,False,False,False,False,,,
968509309151,fashion,G25D141-小众设计气质绝美法式御姐v领小香风海边度假挂脖连衣裙,"G25D141-Thiết kế thích hợp, váy dây cổ chữ V kiểu Pháp đẹp phong cách hoàng gia nhỏ thơm đi biển đi biển",False,False,,,,,đi biển,,False,0.96,,0.17,False,False,False,False,,,
828328877142,fashion,小众牛仔连衣裙女春秋2026新款显瘦茶歇法式今年流行长袖复古裙子,Váy liền denim thích hợp cho nữ mùa xuân và mùa thu 2024 mẫu mới váy cổ điển dài tay được ưa chuộng trong năm nay kiểu Pháp nghỉ trà tôn dáng gầy,False,False,2026,2024,,,,,False,1.143,,0.03,False,False,False,False,,,
650993817804,fashion,2024新款日韩风棉麻印花翻领长袖插袋简约宽松休闲长款衬衫连衣裙,Váy liền áo sơ mi dài tay dài tay in hoa ve áo phong cách Nhật Bản và Hàn Quốc mới 2024,False,False,,,,,dài tay,,False,0.75,,0.2,False,False,False,False,,,
756006190979,fashion,实拍现货春装新款设计感镂空赫本风黑色连衣裙针织裙子女,Real shot Spot mùa xuân mới thiết kế cảm giác rỗng phong cách Hepburn váy đen váy dệt kim trẻ em,False,False,,,Real shot Spot,,,,False,0.808,,0.1,False,False,False,False,,,
993515120132,fashion,赫本风黑色长袖连衣裙女2025秋季中长款时尚收腰显瘦a字蓬蓬裙子,"Váy đen dài tay kiểu Hepburn dành cho nữ mùa thu 2025, dáng midi thời trang, eo thon, kiểu dáng xòe bồng bềnh",False,False,,,,,,,False,0.815,,0.05,False,False,True,False,,,
976311103631,food,香菇豆干豆腐干五香麻辣味独立包装解馋美味宿舍零食即食追剧即食,"Đậu phụ khô nấm shiitake, đậu phụ khô, hương cay ngũ vị, đóng gói riêng lẻ, đồ ăn nhẹ ký túc xá ngon, ăn liền, ăn liền khi xem phim truyền hình",False,False,,,,,ăn liền,,False,1.067,,0.0,False,True,False,False,,,
785821126432,food,比比赞桃酥饼干传统老式酥饼早餐糕点心解馋零食休闲食品小吃批发,"Bánh quy đào Bibizan, bánh ngắn cổ truyền thống, bánh ngọt ăn sáng, đồ ăn nhẹ, đồ ăn nhẹ, đồ ăn nhẹ, bán buôn",False,False,,,,,đồ ăn nhẹ,,False,0.8,,0.04,False,False,False,False,bán buôn,,
929991000022,food,餐饮等位小零食代发整箱批饼干小吃棋牌室单独包装饭店前台接待发,"Dịch vụ ăn uống và đồ ăn nhẹ khác thay mặt cho toàn bộ hộp bánh quy, đồ ăn nhẹ, cờ vua và thẻ bài, đóng gói riêng, quầy lễ tân khách sạn",False,False,,,,一件代发->nhận dropship / bỏ,,,False,1.1,,0.0,False,False,False,False,,,
585076614098,food,味芝元鱼尾鱼排26g*20包香辣鱼尾巴湖南特产休闲零食批发一件代发,Sườn cá đuôi cá Ajisen 26g * 20 gói đuôi cá cay đặc sản Hồ Nam bán buôn đồ ăn nhẹ giải trí,False,False,,,,,,*,False,0.778,,0.15,False,False,False,False,bán buôn,,
982341028943,food,肉松饼面包早餐整箱传统点心营养小包装零食休闲食品小吃办公室,Bánh bông lan thịt ăn sáng nguyên hộp đồ ăn nhẹ truyền thống dinh dưỡng gói nhỏ đồ ăn nhẹ đồ ăn nhẹ văn phòng,False,False,,,,,đồ ăn nhẹ,,False,0.862,,0.0,False,False,False,False,,,
648618048556,food,乡巴佬小腿王零食小吃整箱鸭腿鸡腿即食香辣卤味肉类熟食休闲食品,Hillbilly Bắp chân King Đồ ăn nhẹ Đồ ăn nhẹ FCL Chân vịt Đùi gà Ăn liền Thịt Om cay Đồ ăn nhẹ,False,False,,,,,đồ ăn nhẹ,,False,0.767,,0.48,False,False,False,False,,,
1000242625102,food,乐事薯片大礼包零食小吃网红整箱散装自选充饥夜宵好吃的休闲食品,Gói quà tặng khoai tây chiên Lay's Đồ ăn nhẹ Người nổi tiếng Internet Toàn bộ hộp Số lượng lớn Tùy chọn Đồ ăn nhẹ muộn Đồ ăn nhẹ ngon,False,False,,,,网红->nổi tiếng trên mạng / hot trend,,,False,1.033,,0.3,False,False,False,False,,,
966393846344,food,玫瑰鲜花饼云南特产正宗玫瑰饼传统糕点零食休闲食品早餐中秋批发,Bánh hoa hồng đặc sản Vân Nam bánh hoa hồng đích thực bánh ngọt truyền thống đồ ăn nhẹ đồ ăn nhẹ bữa sáng Trung thu bán buôn,False,False,,,,,đồ ăn nhẹ,,False,0.933,,0.11,False,False,False,False,bán buôn,,
943197255756,food,【超值10盒】小王子薯片整箱盒装袋装大礼包土豆片零食便宜1盒选,[Giá trị 10 hộp] Hoàng tử bé Khoai tây chiên nguyên hộp Gói quà lớn Khoai tây chiên Đồ ăn nhẹ giá rẻ 1 hộp,False,False,,,,,,[],False,0.885,,0.23,False,False,False,False,,,
693717027226,food,小麻花香酥袋装小零食多口味小吃网红大礼包散装休闲食品批发,"Túi xoắn nhỏ, đồ ăn nhẹ, đồ ăn nhẹ nhiều hương vị, gói quà lớn trên mạng, Bán Buôn Đồ ăn nhẹ số lượng lớn",False,False,,,,,đồ ăn nhẹ,,False,0.893,,0.12,False,False,False,False,bán buôn,,
788197309597,food,比比赞奶黄芝士流心酥蛋黄酥雪媚娘面包整箱早餐零食小吃休闲食品,"Bibizan, phô mai sữa, lòng đỏ trứng giòn, bánh mì Xuemei Niang, bữa sáng, đồ ăn nhẹ, đồ ăn nhẹ, đồ ăn nhẹ",False,False,,,,,đồ ăn nhẹ,,False,0.767,,0.09,False,False,False,False,,,
672137834057,food,香脆小米锅巴薯片零食小吃网红膨化食品虎牙脆尖角脆整箱批发,"Khoai tây chiên giòn kê, đồ ăn nhẹ, đồ ăn nhẹ, thực phẩm phồng nổi tiếng trên mạng, răng hổ, giòn, sừng nhọn, Bán Buôn FCL",False,False,,,,,đồ ăn nhẹ,,False,0.929,,0.08,False,False,False,False,bán buôn,,
775413970282,food,【达利园菠萝面包180g】菠萝包糕点早餐休闲零食小吃食品点心批发,[Bánh mì dứa Dali Garden 180g] Bánh mì dứa Bun Ăn sáng Đồ ăn nhẹ thông thường Đồ ăn nhẹ Đồ ăn nhẹ Bán buôn,False,False,,,,,đồ ăn nhẹ,[],False,0.962,,0.38,False,False,False,False,bán buôn,,
915802495999,food,友臣肉松饼5斤整箱批发传统食品休闲小零食代餐散装零食批发,"Bánh nướng xốp thịt Youchen 5 kg FCL Bán buôn thực phẩm truyền thống, đồ ăn nhẹ, đồ ăn nhẹ thay thế bữa ăn, bán buôn đồ ăn nhẹ số lượng lớn",False,False,,,,,đồ ăn nhẹ,,False,1.148,,0.07,False,False,False,False,bán buôn,,
846862357731,food,大刀肉辣条儿时经典90小卖部辣条零食辣疙瘩怀旧麻辣素食网红爆款,Dao lớn thịt cay thời thơ ấu cổ điển 90 cửa hàng nhỏ đồ ăn nhẹ cay cay cay cay cay chay hoài cổ nổi tiếng trên mạng,False,False,,,,,cay cay,,False,0.931,,0.0,False,True,False,False,,,
655371331970,food,卫龙魔芋爽18克素毛肚整箱香辣麻辣魔芋丝零食小吃素肉辣条批发,Weilong Konjac làm mới 18g bụng lông chay nguyên hộp cay cay cay xé nhỏ đồ ăn nhẹ đồ ăn nhẹ bán buôn,False,False,,,,,đồ ăn nhẹ,,False,0.821,,0.05,False,False,False,False,bán buôn,,
933930764724,food,卫龙大面筋辣条65g*10包童年休闲麻辣网红小吃零食办公休闲小零食,Weilong Gluten Big Spicy Bar 65g * 10 gói Thời thơ ấu Giải trí cay nổi tiếng trên mạng Đồ ăn nhẹ Văn phòng Đồ ăn nhẹ Thư giãn,False,False,,,Big Spicy Bar,,,*,False,1.0,,0.38,False,False,False,False,,,
928426485576,food,盐津铺子大魔王魔芋素毛肚魔芋爽麻酱素毛肚休闲追剧解馋小零食,Yanjin Shop Big Demon King Konjac Su Maodu Sốt mè Konjac Su Maodu Casual Chasing Drama Ăn vặt,False,False,,,Casual Chasing Drama,,,,False,0.621,,0.88,True,True,False,False,,,
996396440495,food,【浪漫回归】夹心口香糖手工夹心爆浆网红声控解压奶香多种口味,"[Hồi hương lãng mạn] Kẹo cao su sandwich, bánh sandwich thủ công, hương vị sữa giải nén điều khiển bằng giọng nói nổi tiếng trên Internet phổ biến, nhiều hương vị khác nhau",False,False,,,,,,[],False,1.222,,0.06,False,False,False,False,,,
956195173458,food,比比赞巧克力脆脆杯脆夹心饼干办公室网红小零食休闲小吃食品桶装,Bibi Zan Chocolate Crispy Cup Crispy Sandwich Bánh quy Văn phòng Internet Người nổi tiếng Đồ ăn nhẹ Thông thường Thùng đựng đồ ăn nhẹ,False,False,,,Crispy Cup Crispy Sandwich,网红->nổi tiếng trên mạng / hot trend,,,False,0.833,,0.54,False,False,False,False,,,
782331362246,food,雪花酥蔓越莓抹茶牛奶味散装糖果结婚喜糖伴手礼多口味整箱零食批,Snow Crispy Cranberry Matcha hương vị sữa số lượng lớn kẹo cưới kẹo cưới với quà tặng nhiều vị lô đồ ăn nhẹ nguyên hộp,False,False,,,Snow Crispy Cranberry,,kẹo cưới,,False,0.833,,0.12,False,False,False,False,,,
886051617294,food,藤椒辣条组合馋小乖麻辣条辣片平江特产小吃解馋零食包爆款年货,Tengjiao Spicy Bar Kết hợp Tham lam Xiaoguai Spicy Bar Spicy Tablets Pingjiang Món ăn nhẹ đặc sản để giải tỏa cơn thèm gói đồ ăn nhẹ cho năm mới,False,False,,,Spicy Bar Spicy Tablets,,,,False,1.034,,0.38,False,False,False,False,,,
912636752937,food,千味源绿爽辣条麻辣80后90后儿时怀旧小零食休闲解馋童年快乐味道,Qianweiyuan Green Shuang Spicy Tiao Spicy Sau những năm 80 và 90 Món ăn vặt hoài cổ thời thơ ấu Giải trí và tham lam Hương vị hạnh phúc tuổi thơ,False,False,,,Shuang Spicy Tiao Spicy,,,,False,1.036,,0.32,False,False,False,False,,,
560396530461,food,邬辣妈长沙臭豆腐1元盒装20包豆腐干豆干辣条香麻辣零食厂家现货,Wu La Ma Changsha Đậu phụ hôi 1 nhân dân tệ Hộp 20 gói Đậu phụ khô Đậu phụ khô Dải cay Nhà sản xuất đồ ăn nhẹ cay,False,False,,,,,đậu phụ khô,,False,0.964,,0.35,False,False,False,False,nhà máy|nhà sản xuất,,
999876469915,food,奥利奥97g新货亿滋原味多口味 夹心饼干休闲零食网红小吃整箱,"Bánh Oreo 97g hàng mới về, vị gốc Mondelez, nhiều vị, bánh sandwich, đồ ăn vặt, đồ ăn vặt nổi tiếng trên mạng, nguyên hộp",False,False,,,,,đồ ăn vặt,,False,0.962,,0.08,False,False,False,False,,,
777865146755,food,琥珀小米锅巴 整箱批发拿货 8090后童年回忆小吃儿时经典怀旧零食,"Bánh gạo kê hổ phách bán buôn full box, đồ ăn vặt Ký Ức Tuổi Thơ sau khi lấy hàng, đồ ăn vặt hoài cổ Kinh Điển Thời thơ ấu",False,False,8090,,,,,,False,1.111,,0.24,False,False,False,False,bán buôn,,
769360431700,food,【达利园袋装多规格】厂家直销糕点休闲零食小吃食品面包批发,"[Túi Dali Garden đa thông số kỹ thuật] Nhà máy bán trực tiếp bánh ngọt, đồ ăn nhẹ, đồ ăn nhẹ, bán buôn bánh mì",False,False,,,,,đồ ăn nhẹ,[],False,0.962,,0.12,False,False,False,False,"bán buôn, nhà máy|nhà sản xuất",,
869553456688,food,辈儿香八爪烧抖音网红爆款麻辣零食锅巴小吃办公室解馋小零食批发,Đồ ăn vặt cay kiểu hot trên mạng Douyin nướng bát tám,False,False,,,,,,,False,0.4,vi_qua_ngan,0.09,False,False,False,False,,,
562847750346,food,曼妥思条糖脆皮软心薄荷糖37g*15条整盒批发薄荷零食网红糖果,"Kẹo Mentos mềm giòn vị bạc hà 37g*15 viên/hộp, bán buôn, đồ ăn vặt vị bạc hà nổi tiếng trên mạng",False,False,,,,,,*,False,0.88,,0.05,False,False,False,False,bán buôn,,
936880565145,food,法丽兹臻采熔岩爆浆曲奇小丸子草莓味夹心饼干休闲零食食品小吃,Faritz Zhencai Lava nổ bánh quy nhỏ bánh quy bánh sandwich vị dâu tây đồ ăn nhẹ đồ ăn nhẹ đồ ăn nhẹ,False,False,,,,,đồ ăn nhẹ,,False,0.793,,0.09,False,False,False,False,,,
915749295283,food,饼干夹心饼干老式批发独立奶油牛奶巧克力口味整箱网红零食早餐,"Bánh quy, bánh quy, bánh quy, bán buôn kiểu cũ, kem độc lập, sữa, hương vị sô cô la, cả hộp, đồ ăn nhẹ nổi tiếng trên mạng, bữa sáng",False,False,,,,,bánh quy,,False,1.034,,0.0,False,False,False,False,bán buôn,,
907616745009,food,法丽兹爆浆小丸子流夹心曲奇饼干酸奶抹茶网红零食小吃休闲下午茶,Bánh quy bánh quy bánh quy bánh quy sữa chua matcha đồ ăn nhẹ nổi tiếng trên mạng đồ ăn nhẹ trà chiều bình thường,False,False,,,,,bánh quy,,False,0.833,,0.0,False,False,False,False,,,
641249792407,food,爱尚咪咪虾条200克整袋零食休闲代发怀旧食品批发虾味蟹便宜量大,Ai Shang Mimi Tôm Dải 200g Đồ ăn nhẹ nguyên túi Giải trí Thay mặt Thực phẩm hoài cổ Bán buôn Cua vị tôm Giá rẻ và Số lượng lớn,False,False,,,,一件代发->nhận dropship / bỏ,,,False,1.071,,0.41,False,False,False,False,bán buôn,,
976865831007,food,Franzzi法丽兹夹心曲奇饼干零食小吃散装批发茉莉抹茶草莓味曲奇,"Bánh quy sandwich Franzzi bán buôn, vị trà xanh matcha và dâu tây",False,False,,,,,,,False,0.5,vi_qua_ngan,0.08,False,False,False,False,bán buôn,,
922762856433,food,太哥辣白菜味辣条儿时怀旧经典5毛小吃麻辣解馋学生校园零食批发,Khoai tây chiên vị cải cay - Món ăn vặt hoài niệm tuổi thơ - Vị cay giải tỏa cơn thèm - Bán buôn đồ ăn vặt cho sinh viên.,False,False,5,,,,,,False,0.931,,0.12,False,False,False,False,bán buôn,,
949336042121,food,飞旺辣条大礼包臭干子童年儿时回忆麻辣8090后怀旧零食品小吃批发,"Gói quà tặng Fei Wang Spicy Strips: Ký ức tuổi thơ với đồ ăn vặt cay từ thập niên 80 và 90, bán buôn đồ ăn vặt hoài cổ.",False,False,8090,"80, 90",Fei Wang Spicy Strips,,,,False,0.964,,0.19,False,False,False,False,bán buôn,,
724935314979,food,【三只松鼠_蜀香牛肉100g】休闲零食小吃肉脯特产牛肉干美食,"[Three Squirrel _ Shuxiang Beef 100g] Đồ ăn nhẹ thông thường, đặc sản Thịt bò khô",False,False,,,,,,[],False,0.652,,0.36,False,False,False,False,,,
919566545615,food,【100包】魔芋爽素毛肚卫解馋休闲低脂零食龙酸辣零食批发5包,"[100 gói] Konjac Shuang chay, đồ ăn nhẹ ít béo giải trí, đồ ăn nhẹ chua cay, bán buôn 5 gói",False,False,,,,,,[],False,0.792,,0.11,False,False,False,False,bán buôn,,
905060102549,food,老婆饼整箱正宗健康零食香甜糕点小吃休闲食品夜宵充饥,Bánh phu nhân FCL Đồ ăn nhẹ tốt cho sức khỏe đích thực Bánh ngọt Đồ ăn nhẹ Đồ ăn nhẹ Đồ ăn nhẹ Bữa tối thỏa mãn cơn đói,False,False,,,,,đồ ăn nhẹ,,False,1.2,,0.21,False,False,False,False,,,
848023305026,food,袋鼠先生牛脆脆安格斯牛排脆牛肉脆片高蛋白牛肉干超薄香解馋零食,"Bò khô giòn Angus của Mr. Kangaroo, khoai tây chiên giòn vị thịt bò, thịt bò khô giàu protein, đồ ăn nhẹ siêu mỏng",False,False,,,,,thịt bò,,False,0.8,,0.13,False,False,False,False,,,
902661478938,food,散装订婚糕点摆台布置高颜值中式传统茶果子小点心结婚宴喜事摆盘,"Bánh ngọt đính hôn số lượng lớn, khăn trải bàn, trà trái cây truyền thống Trung Quốc giá trị cao, nút thắt trái tim nhỏ, tiệc cưới, tiệc cưới",False,False,,,,,tiệc cưới,,False,0.967,,0.07,False,False,False,False,,,
777208485481,food,嘴巴香66连包辣条袋装小辣片大刀肉摆摊网红麻辣零食小吃休闲食品,Miệng thơm 66 túi cay túi nhỏ lát cay thịt dao lớn quầy hàng nổi tiếng trên mạng đồ ăn vặt cay đồ ăn vặt đồ ăn vặt,False,False,,,,,đồ ăn vặt,,False,0.931,,0.0,False,False,False,False,,,
928432669254,food,盐津铺子大魔王魔芋素毛肚魔芋爽麻酱素毛肚休闲追剧解馋小零食,Yanjin Shop Big Demon King Konjac Su Maodu Sốt mè Konjac Su Maodu Casual Chasing Drama Ăn vặt,False,False,,,Casual Chasing Drama,,,,False,0.621,,0.88,True,True,False,False,,,
892975699499,food,香酥玉米粒黄金爆米花开袋即食解馋素烧玉米膨化小零食休闲小吃,"Bắp rang vàng giòn, mở túi, ăn liền, ngô rang chay, đồ ăn nhẹ, đồ ăn nhẹ thông thường",False,False,,,,,đồ ăn nhẹ,,False,0.655,,0.0,False,False,False,False,,,
950864625725,food,比比赞蔓越莓曲奇饼干网红办公室早餐解馋小零食小吃休闲食品批发,Bánh quy nam việt quất Bibi Zan Internet Người nổi tiếng Văn phòng Bữa sáng Ăn nhẹ Bán buôn.,False,False,,,,网红->nổi tiếng trên mạng / hot trend,,,False,0.633,,0.44,False,False,False,False,bán buôn,,
939033452638,food,奥.利奥夹心饼干原味巧克力味48.5g袋装网红休闲零食办公室小吃,"Bánh quy bánh sandwich O. Leo hương vị sô cô la nguyên bản 48,5g túi đồ ăn nhẹ bình thường nổi tiếng trên mạng đồ ăn nhẹ văn phòng",False,False,,,,,,,False,1.115,,0.07,False,False,True,False,,,
971842684476,food,麻辣王子辣条30袋儿时怀旧辣片大礼包湖南麻辣小零食休闲食品小吃,Spicy Prince Spicy Strips 30 Túi Hoài Cổ Tuổi Thơ Khoai Tây Chiên Cay Gói Quà Tặng Hồ Nam Đồ Ăn Nhẹ Cay Giải Trí Thực Phẩm Ăn Nhẹ,False,False,,,Spicy Prince Spicy Strips,,,,False,0.966,,1.0,True,False,False,False,,,
965543138003,food,盐津铺子大魔王六必居麻酱素毛肚魔芋爽魔芋毛肚休闲零食解馋零食,Yanjinpuzi Devil Liubiju Mắm mè Chay Tripe Konjac Snack Konjac Tripe Leisure Snack Craving Snack.,False,False,,,Tripe Konjac Snack Konjac Tripe || Snack Craving Snack,,,,False,0.5,vi_qua_ngan,0.93,True,False,False,False,,,
754635156011,food,SOYO】12口味维C无糖薄荷糖招待火锅酒店水果味口香糖清新口气,"SOYO] 12 hương vị bạc hà không chứa đường vitamin C, kẹo cao su nhai hương vị khách sạn để làm mới hơi thở của bạn",False,False,,,,,,],False,1.042,,0.04,False,True,False,False,,,
924743979898,food,香菇豆干混合重庆产麻辣香辣零食大全各种各样嫩豆腐干不辣小吃的,Đậu phụ khô nấm trộn với đồ ăn nhẹ cay và cay từ Trùng Khánh,False,False,,,,,,,False,0.5,vi_qua_ngan,0.14,False,False,False,False,,,
966166445604,food,海天山庄芒果干大片厚切新鲜即食水果干果脯蜜饯解馋网红休闲零食,Haitian Villa Mango Slices Cắt dày Trái cây tươi sẵn sàng ăn được Đồ ăn nhẹ trái cây kẹo Internet Người nổi tiếng Giải trí Snack.,False,False,,,Villa Mango Slices,网红->nổi tiếng trên mạng / hot trend,,,False,0.867,,0.4,False,False,False,False,,,
905699954161,food,旺旺小小酥30包办公室好吃儿童网红解馋小零食休闲小吃食品大礼包,Want Want Little Crisp 30 gói văn phòng ngon trẻ em nổi tiếng trên mạng đồ ăn vặt vặt ăn vặt,False,False,,,Want Want Little Crisp,,,,False,0.69,,0.16,False,False,False,False,,,
912625540954,food,麻辣混合辣条大礼包小滑头霸王丝80后90后儿时怀旧童年解馋小零食,Spicy Mixed Spicy Spree Small Slide Bawang Silk thập niên 80 và 90 tuổi thơ hoài niệm tuổi thơ ăn vặt,False,False,,,Spicy Mixed Spicy Spree Small Slide,,,,False,0.679,,0.39,False,False,False,False,,,
701838740449,food,旺旺泡芙16g*20草莓牛奶巧克力味夹心饼干糕点点心休闲零食小吃批,Want Want Puffs 16g * 20 Dâu tây Sữa sô cô la Bánh quy Bánh ngọt Dim Sum Đồ ăn nhẹ Thông thường,False,False,,,Want Want Puffs,,,*,False,0.778,,0.5,False,False,False,False,,,
993752770398,food,统一小浣熊干脆面干吃面网红方便面零食怀旧休闲小吃食品整箱批发,Mì giòn Little Raccoon thống nhất Mì ăn liền Internet Người nổi tiếng Mì ăn liền Đồ ăn nhẹ Hoài cổ Đồ ăn nhẹ thông thường Toàn bộ hộp Bán buôn,False,False,,,,网红->nổi tiếng trên mạng / hot trend,,,False,1.033,,0.37,False,False,False,False,bán buôn,,
943730263382,food,【包邮】香辣鸭翅湖南特色酱麻辣板鸭鸭货翅尖追剧卤味零食小吃,[Miễn phí vận chuyển] Cánh vịt cay sốt đặc biệt Hồ Nam,False,False,,,,,,[],False,0.444,vi_qua_ngan,0.27,False,False,False,False,,,
708300217987,food,【好吃点香脆饼干108g】核桃杏仁腰果饼休闲零食小食品饼干批发,"[Bánh quy giòn ngon 108g] Quả óc chó, hạnh nhân, bánh hạt điều, đồ ăn nhẹ, bán buôn bánh quy thực phẩm nhỏ",False,False,,,,,,[],False,0.92,,0.05,False,False,False,False,bán buôn,,
954119638251,food,比比赞紫薯芋泥饼面包整箱早餐低0糕点心小零食卡小吃休闲脂食品,Bibizan khoai lang tím khoai môn nghiền bánh mì nguyên hộp bữa sáng thấp 0 bánh ngọt trái tim đồ ăn nhẹ thẻ đồ ăn nhẹ đồ ăn nhẹ chất béo,False,False,,,,,đồ ăn nhẹ,,False,1.034,,0.0,False,False,False,False,,,
797404373996,food,高山绿茶毛尖2026新茶浓香型茶叶散装袋装正宗春茶【新人】,Trà xanh núi cao Maojian 2026 Trà mới Hương thơm đậm đà Trà lá rời đóng túi Trà mùa xuân đích thực【Người mới đến】,False,False,,,,,,【】,False,1.043,,0.26,False,False,False,False,,,
707981891066,food,跨境 28 day bury tummy slimming tea平肚子茶 Weight loss tea,Trà giảm béo xuyên biên giới 28 ngày Trà bụng phẳng Trà giảm cân,False,False,,,,,,,False,2.167,vi_qua_dai,0.17,False,False,False,False,xuyên biên giới,,
898176502234,food,云南普洱茶熟茶饼357g茶叶礼盒装过年礼品高档商务送礼伴手礼批发,Bánh trà nấu trà Vân Nam Pu'er Hộp quà trà 357g Quà tặng năm mới Quà tặng doanh nghiệp cao cấp Bán buôn quà tặng,False,False,,,,,,,False,0.929,,0.28,False,True,False,False,bán buôn,,
904507178585,food,订婚书中国风相框茶叶礼盒装2026龙井绿茶武夷山大红袍金骏眉红茶,"Sổ lưu niệm phong cách Trung Hoa, khung ảnh, hộp quà trà, trà Long Tỉnh 2025, trà Ô Long Đài Phong, trà đen Jinjunmei",False,False,2026,2025,,,,,False,0.821,,0.41,False,False,False,False,,,
692843893620,food,茶叶凝曦肉桂武夷岩茶大红袍礼盒装送礼正山小种乌龙茶红茶金骏眉,Trà Ningxi Cinnamon Wuyi Rock Tea Dahongpao Hộp quà tặng Zhengshan Souchong Oolong Tea Black Tea Jin Junmei,False,False,,,Oolong Tea Black Tea,,,,False,0.6,,0.88,True,False,False,False,,,
914955094233,food,苦荞茶2500g5斤特级正品四川大凉山黄苦荞麦香型黄苦荞茶饭店专用,Trà kiều mạch đắng 2500g 2.5kg loại đặc biệt đích thực Tứ Xuyên Daliangshan loại hương thơm kiều mạch đắng màu vàng Trà kiều mạch đắng màu vàng dành cho nhà hàng,False,False,5,2.5,,,,,False,1.185,,0.13,False,False,False,False,,,
782473769205,food,喜茶小罐装茶叶大红袍茶叶礼盒装茶包送人结婚红茶小伴手礼品搭配,"Trà hạnh phúc, trà đóng hộp nhỏ, hộp quà trà Dahongpao, túi trà, trà đen cưới, quà tặng tay, kết hợp",False,False,,,,,,,False,0.7,,0.05,False,False,True,False,,,
985942927469,food,【5A特级安溪铁观音】2026新茶秋茶高山浓香乌龙茶茶叶自己喝罐装,[5A Premium Grade Anxi Tieguanyin] Trà mới mùa thu 2026 Lá trà ô long thơm núi cao dùng cho tiêu dùng cá nhân trong lon,False,False,,,,,,[],False,0.96,,0.26,False,False,False,False,,,
887490706074,food,炒熟赤小豆薏米芡实山药茯苓茶三蒸三晒泡水喝煲汤祛伏湿茶独立包,"Đậu đỏ xào, lúa mạch, Gorgon, khoai mỡ, trà Poria, ba hấp, ba phơi nắng, ngâm nước, uống canh, loại bỏ trà ướt, gói độc lập",False,False,,,,,,,False,0.867,,0.08,False,False,True,False,,,
853839229495,food,五年陈福鼎白茶寿眉老白茶 醇厚润滑枣香性价比2019年厂家直发茶,Trà trắng Chen Fude năm năm Trà trắng Shoumei Old White Tea êm dịu và bôi trơn hương táo tàu tiết kiệm chi phí 2019 nhà máy sản xuất trà tóc thẳng,False,False,,,Old White Tea,,,,False,1.148,,0.23,False,False,False,False,nhà máy|nhà sản xuất,,
996616594653,food,茶叶高端特级金骏眉乌龙茶大红袍铁观音茉莉花茶普洱熟茶茶叶礼品,"Trà cao cấp: Trà ô long Jin Jun Mei, Da Hong Pao, Tie Guan Yin, trà hoa nhài, trà Pu'er chín, quà tặng trà.",False,False,,,Tie Guan Yin,,,,False,0.833,,0.46,False,False,False,False,,,
610143680523,food,武夷山大红袍岩茶散装电商茶叶肉桂礼品礼盒装送礼水仙乌龙茶批发,Wuyishan Dahongpao Rock Tea Số lượng lớn Thương mại điện tử Trà quế Quà tặng Hộp quà tặng Quà tặng Thủy tiên Trà Ô long Bán buôn,False,False,,,,,quà tặng,,False,0.9,,0.5,False,False,False,False,bán buôn,,
1000696072748,food,枸杞桑葚黑枸杞红枣茶花茶独立小包装男士精花茶养生茶包五宝茶,"Quả kỷ tử, dâu tằm, quả kỷ tử đen, trà chà là đỏ, trà hoa, trà hoa cao cấp đóng gói riêng cho nam giới, túi trà bảo vệ sức khỏe, trà ngũ bảo.",False,False,,,,,trà hoa,,False,1.172,,0.0,False,False,False,False,,,
910574399528,food,网红直播带货商超超市茶叶高山绿茶乌龙茶茉莉花茶金属小罐装北欧,Người nổi tiếng Internet phát trực tiếp siêu thị thương mại điện tử trà trà xanh núi cao trà ô long trà hoa nhài kim loại lon nhỏ phong cách Bắc Âu,False,False,,,,网红->nổi tiếng trên mạng / hot trend,,,False,1.067,,0.1,False,False,False,False,,,
998062157967,food,碧螺春绿茶2026新茶高档茶叶礼盒装送礼明前罐装散茶批发自己喝,Trà Xanh Biluochun 2025 Trà Mới Trà Cao Cấp Hộp Quà Tặng Quà Tặng Mingqian Đóng Hộp Trà Lỏng Bán Buôn Cho Riêng Bạn,False,False,2026,2025,,,quà tặng,,False,0.852,,1.0,True,False,False,False,bán buôn,,
759348590999,food,【奶茶店专用】茉莉花茶高香茉莉绿茶奶绿水果茶茉莉柠檬茶叶原料,[Dành riêng cho quán trà sữa] Trà hoa nhài thơm cao trà xanh sữa trà trái cây xanh trà hoa nhài chanh nguyên liệu,False,False,,,,,,[],False,0.857,,0.04,False,False,False,False,,,
996601962914,food,龙井茶批发明前龙井茶三级龙井绿茶茶叶礼盒装高端茶礼送长辈领导,"Bán buôn trà Long Tỉnh, trà Long Tỉnh thêu trước, trà xanh Long Tỉnh loại ba, hộp quà trà, quà trà cao cấp dành cho người lớn tuổi và lãnh đạo.",False,False,,,,,trà long tỉnh,,False,1.033,,0.2,False,False,False,False,bán buôn,,
543626804739,food,【茶叶样品】茶叶试喝 福建武夷山岩茶 乌龙茶 30g茶样水仙肉桂,"[Mẫu trà] Nếm trà, trà đá Phúc Kiến Vũ Di Sơn, trà ô long 30g, thủy tiên quế",False,False,,,,,,[],False,0.75,,0.35,False,False,False,False,,,
672215310074,food,新茶明前龙井绿茶茶叶新茶春茶散装茶叶批发木桶装罐装袋装散装,Trà mới Mingqian Long Tỉnh Trà xanh Trà mới Trà mùa xuân Trà số lượng lớn Bán buôn thùng gỗ đóng hộp đóng hộp số lượng lớn,False,False,,,,,đóng hộp,,False,0.931,,0.31,False,False,False,False,bán buôn,,
976203117858,food,源头茶厂家直销供货福建2026年新茶叶红茶批发金骏眉红茶芽中芽,"Cung cấp trực tiếp từ nhà sản xuất trà: Lá trà mới Wuyishan 2026, bán buôn trà đen, trà đen Jin Jun Mei, chất lượng từ nụ đến nụ.",False,False,,,,,trà đen,,False,1.037,,0.19,False,False,False,False,"bán buôn, nhà máy|nhà sản xuất",,
841839643616,food,雅安特级茉莉花茶2026新茶花茶浓香碧潭级蜀茗润飘雪茶叶散装批发,Trà hoa nhài cao cấp Ya'an 2026 Trà mới Trà hoa Hương thơm mạnh mẽ Loại Bitan Trà Tứ Xuyên Trà lá rời Bán buôn.,False,False,,,,,,,False,0.893,,0.46,False,True,False,False,bán buôn,,
694612887161,food,普洱茶叶礼盒云南普洱茶生普熟普班章熟茶生茶茶叶礼盒装高档送人,"Hộp quà trà Phổ Nhĩ, trà Phổ Nhĩ Vân Nam, Phổ Nhĩ thô, Phổ Nhĩ chín, trà chín Ban Zhang, trà thô, hộp quà cao cấp để làm quà tặng.",False,False,,,,,trà phổ nhĩ,,False,1.0,,0.41,False,False,False,False,,,
981821438771,food,玉竹麦冬雪梨水茯苓饮玉竹麦冬生津水百合组合秋冬季清润茶不干燥,"Polygonatum odoratum, Ophiopogon japonicus, lê tuyết, nước uống tuckahoe, Polygonatum odoratum, Ophiopogon japonicus, kết hợp nước dưỡng ẩm và hoa huệ, trà giải khát mùa thu đông không làm khô",False,False,,,Polygonatum odoratum Ophiopogon japonicus || tuckahoe Polygonatum odoratum Ophiopogon japonicus,,,,False,1.0,,0.1,False,False,False,False,,,
966101927048,food,莓茶张家界莓茶藤茶瓶装茶叶龙须茅岩养生产品有机清火,Trà quả mọng Trà quả mọng Trương Gia Giới Trà cây nho Trà đóng chai Longxu Maojian Sản phẩm tốt cho sức khỏe hữu cơ thanh nhiệt,False,False,,,,,trà quả mọng,,False,1.08,,0.35,False,False,False,False,,,
627936445341,food,500克新茶 英德红茶 英红九号 9号茶叶 深山霸道甘蔗香老树茶,500G Trà Mới Yingde Trà Đen Yinghong Số 9 Số 9 Trà Núi Sâu Chịu Lực Đường Mía Hương Thơm Cây Cũ trà,False,False,,9,,,số 9,,False,0.875,,0.95,True,False,False,False,,,
598385802222,food,【花香桐木金骏眉】福建武夷红茶桐木关新茶 武夷山茶叶散装500g,【Hương thơm hoa Tongmu Jinjunmei】Trà đen Phúc Kiến Vũ Di Tongmuguan Trà mới Vũ Di Sơn Trà lá rời 500g,False,False,,,,,,【】,False,0.84,,0.65,True,False,False,False,,,
838719163012,food,【伴手礼花茶】送长辈闺蜜女友老师员工节生日美开业礼品教师节赞,"[Quà lưu niệm trà hoa] Tặng người lớn tuổi, bạn gái, bạn gái, giáo viên, ngày sinh nhật nhân viên, quà khai trương, khen ngợi ngày nhà giáo",False,False,,,,,bạn gái,[],False,1.0,,0.04,False,False,False,False,,,
719646596364,food,武夷山新茶正山小种特级红茶茶叶高档陶瓷罐礼盒装伴手礼厂家批发,Wuyishan New Tea Zhengshan Souchong Super Black Tea Tea Tea Hộp quà gốm sứ cao cấp Nhà máy bán buôn,False,False,,,Black Tea Tea Tea,,,,False,0.667,,0.58,False,False,False,False,"bán buôn, nhà máy|nhà sản xuất",,
591418435904,food,福鼎白茶白毫银针 白牡丹 贡眉 寿眉 老白茶饼 茶样每种10克2泡,Trà trắng Fude Baihao Silver Needle White Peony Gongmei Shoumei Old White Tea Cake Mẫu trà 2 bong bóng mỗi loại 10g,False,False,,,Needle White Peony || Old White Tea,,,,False,0.84,,0.65,True,False,False,False,,,
740188263027,food,茶叶 大红袍 岩茶【50g茶叶拿样试喝】正山小种金骏眉 武夷山红茶,Trà Dahongpao Rock Tea [50g trà lấy mẫu và uống thử] Trà đen Lapsang Souchong Jin Junmei Wuyishan,False,False,,,,,,[],False,0.72,,0.53,False,False,False,False,,,
872054230824,food,Gaba Dahongpao tea Габа чай 嘎巴大红袍乌龙茶,Trà Gaba Dahongpao Trà Gaba 嘎巴大红袍乌龙茶,True,False,,,,,,,False,0.75,,0.8,True,False,False,False,,,
1029759619907,food,【电商代发】茉莉绿茶茉莉雪芽茉莉花茶伯牙绝弦柠檬茶原料奶茶店,"[Dịch vụ bán hàng không cần lưu kho cho thương mại điện tử] Trà xanh hoa nhài, trà hoa nhài tuyết, trà hoa nhài, trà chanh và các nguyên liệu làm trà sữa cho các cửa hàng bán trà sữa.",False,False,,,,,,[],False,1.429,,0.03,False,False,False,False,,,
929347386878,food,玉竹百合生津水麦冬茯苓雪梨茶无糖养生茶茶包独立小包装花茶批发,"Polygonatum odorifera, hoa huệ, nước dưỡng ẩm, Ophiopogon japonicus, poria, trà lê tuyết, trà tốt cho sức khỏe không đường, túi trà, bao bì nhỏ riêng lẻ, trà hoa bán buôn",False,False,,,Ophiopogon japonicus poria,,,,False,1.033,,0.03,False,False,False,False,bán buôn,,
696915335780,food,新茶武夷山高山水仙肉桂金骏眉大红袍茶叶礼盒装250g厂家批发代发,Trà mới Wuyishan Alpine Narcissus Cinnamon Jin Junmei Dahongpao Hộp quà trà 250g Nhà máy bán buôn,False,False,,,Alpine Narcissus Cinnamon,,,,False,0.607,,0.56,False,False,False,False,"bán buôn, nhà máy|nhà sản xuất",,
963913274257,food,【高品质】酸枣仁百合茯苓茶养生茶泡水喝的茶直播代发,"【Chất lượng cao】Trà hạt táo tàu chua, hoa huệ và nấm poria, trà dưỡng sinh để pha và uống, bán hàng trực tiếp phát trực tuyến.",False,False,,,,,,【】,False,1.174,,0.04,False,False,False,False,,,
825704718320,food,广东潮州凤凰单丛蜜兰香乌龙茶单枞茶蜜香单枞茶场乌叶散茶礼盒,Quảng Đông Triều Châu Phượng Hoàng Dancong Mật ong Trà ô long Trà ô long Dancong Mật ong Trang trại trà Dancong Hộp quà trà lỏng lá đen,False,False,,,,,trà ô long,,False,0.966,,0.52,False,False,False,False,,,
1062147588431,food,炒熟赤小豆薏米芡实山药茯苓茶三蒸三晒泡水喝煲汤祛伏湿茶独立包,"Trà đậu đỏ, ý dĩ, khiếm thực, củ mài, phục linh đã xào chín, ba lần hấp ba lần phơi, dùng để pha nước uống hoặc nấu canh, giúp trừ thấp ẩm, đóng gói riêng lẻ.",False,False,,,,,,,False,1.2,,0.0,False,False,True,False,,,
630123882628,food,【金奖】新会特产生晒大红柑柑普茶云南宫廷陈皮普洱熟茶一件代发,"[Giải vàng] Đặc sản Xinhui, trà cam quýt đỏ tươi, vỏ quýt Vân Nam, trà chín Pu'er",False,False,,,,,,[],False,0.643,,0.29,False,False,False,False,,,
770666965914,food,云南普洱熟茶十年以上老茶90年代为人民服务茶砖1000g茶叶批发,"Trà chín Vân Nam Phổ Nhĩ, đã được ủ hơn mười năm, những năm 1990, phục vụ người dân trà viên, bán buôn lá trà 1000g",False,False,90,1990,,,,,False,1.0,,0.17,False,False,False,False,bán buôn,,
1080228248736,food,【比赛级】批发台湾东方美人茶50克膨风茶白毫乌龙茶蜜香高山茶,[Hàng thi đấu] Trà Ô Long Trà Miến Trà Đài Loan 50g Trà Ô Long Trắng Mềm Mịn Hương Mật Ong Trà Cao Sơn Bán Sỉ,False,False,,,,,,[],False,1.0,,0.88,True,False,False,False,,,
537870657950,food,批发黄金螺 滇红茶 云南凤庆 金疙瘩红茶 红茶单芽茶叶500g,Bán buôn Vàng ốc Vân Nam Trà đen Vân Nam Fengqing Vàng nút đen Trà đen Trà nụ đơn 500g,False,False,,,,,đen trà,,False,0.87,,0.53,False,False,False,False,bán buôn,,
753172268367,food,【源头大厂一件代发】桑葚黑枸杞红枸杞红枣干优质组合茶独立包装,[Một miếng từ nhà máy nguồn] Dâu tằm đen sói đỏ sói đỏ chà là đỏ trà kết hợp chất lượng cao đóng gói độc lập,False,False,,,,,sói đỏ,[],False,0.929,,0.04,False,False,False,False,nhà máy|nhà sản xuất,,
859682865816,food,云南古树老茶小圆饼普洱茶生茶熟茶高档茶叶礼盒送人礼盒装自己喝,Vân Nam cây cổ thụ trà cổ bánh tròn nhỏ Trà Phổ Nhĩ trà thô nấu trà trà cao cấp hộp quà tặng hộp quà tặng cho chính bạn uống,False,False,,,,,hộp quà tặng,,False,1.0,,0.14,False,False,False,False,,,
933464150691,food,【十位汉结茶】草本搭配养生茶袋泡免煮茶包源头工厂代发桑叶,"【Mười loại trà thảo dược Trung Quốc】Túi trà thảo dược hỗn hợp, túi trà không cần đun, trực tiếp từ nhà máy sản xuất, lá dâu tằm.",False,False,,,,,,【】,False,1.077,,0.11,False,False,False,False,nhà máy|nhà sản xuất,,
1034278254425,food,Ginseng Six Treasures Tea 跨境产品人参五宝茶六宝十宝茶非内销,"Trà Sáu Bảo Nhân Sâm, sản phẩm xuyên biên giới, Trà Ngũ Bảo Nhân Sâm, Trà Lục Bảo, Trà Thập Bảo, không dành cho nội địa.",False,False,,,,,,,False,1.529,,0.6,True,False,True,False,xuyên biên giới,,
853831782040,food,君领天下茶叶礼盒装送礼长辈四大名茶组合金骏眉铁观音小种红茶,"Bộ hộp quà trà Junling Tianxia để tặng người lớn tuổi, bốn sự kết hợp trà nổi tiếng: Jinjunmei, Tieguanyin, Xiao Zhong Black Tea.",False,False,,,Xiao Zhong Black Tea,,,,False,0.828,,0.35,False,False,False,False,,,
934188121891,food,跨境 人参五宝茶六宝茶十宝茶姜黄肉桂姜薄荷茶人参八宝茶非内销,"Trà Nhân Sâm Ngũ Bảo, Trà Ngũ Bảo, Trà Ngũ Bảo, Trà Nghệ Quế Gừng Bạc Hà, Trà Nhân Sâm Tám Bảo, không bán trong nước.",False,False,,,,,trà ngũ bảo,,False,0.897,,0.84,True,False,False,False,,,
771684653878,food,金骏眉正山小种红茶高档茶叶礼盒装送人高端大气送礼领导伴手礼品,Longteng Prosperity Four Tea Lapsang Souchong Black Tea Oolong Tea Little Green Orange Pu'er Tea Hộp Quà Tặng Miễn Phí,False,False,,,Prosperity Four Tea || Black Tea Oolong Tea Little,,,,False,0.7,,0.95,True,False,False,False,,,
627325141744,food,武夷山正山小种新茶特级红茶高档小罐装茶叶礼盒装送礼礼品批发,Wuyishan Zhengshan Souchong Trà mới Trà đen cao cấp Trà đóng hộp nhỏ cao cấp Hộp Quà Tặng Quà Tặng bán buôn,False,False,,,,,quà tặng,,False,0.759,,0.48,False,False,False,False,bán buôn,,
986918002509,food,跨境现货男性前列腺茶Prostate Tea Prostatitis Male health,"Trà hỗ trợ tuyến tiền liệt nam giới xuyên biên giới, trà tuyến tiền liệt, viêm tuyến tiền liệt, sức khỏe nam giới",False,False,,,,,,,False,2.3,vi_qua_dai,0.0,False,False,False,False,xuyên biên giới,,
994370458526,food,【电商代发】西洋参桑葚黄芪枸杞茶男士七宝茶泡水养生花茶包工厂,"[Giao hàng thương mại điện tử] Trà nhân sâm Mỹ, dâu tằm, astragalus và Wolfberry Trà bảy báu vật nam ngâm trong nước Nhà máy túi trà thơm tốt cho sức khỏe",False,False,,,,,,[],False,1.143,,0.16,False,False,False,False,nhà máy|nhà sản xuất,,
1068427315366,food,2026新款茶叶礼盒装金骏眉红茶乌龙茶高档茶礼送长辈爸爸中秋礼品,"Hộp quà trà Hồng trà Kim Tuấn Mi, trà có phúc, bộ trà đạo, quà tặng thiết thực cho người lớn tuổi, bố.",False,False,2026,,,,,,False,0.821,,0.18,False,False,False,False,,,
1066988304566,food,舒康茶养生茶代用茶源头工厂代发现货独立小包装量大可谈,"Trà Shukang, một loại trà tốt cho sức khỏe, có thể thay thế các loại trà thông thường, được cung cấp trực tiếp từ nhà máy sản xuất, có sẵn trong kho, được đóng gói riêng lẻ theo từng gói nhỏ, và chúng tôi có thể thương lượng về giá cho các đơn hàng số lượng lớn.",False,False,,,,,,,False,2.192,vi_qua_dai,0.02,False,False,False,False,"nhà máy|nhà sản xuất, có sẵn|hàng có sẵn",,
607207239587,food,中宏印布朗山普洱茶生茶饼357g一件代发包邮48小时发货7天无理由,"Trà Pu'er Núi Nâu Zhonghong Yin Brown Mountain Pu'er Tea Raw Tea Cake 357g, một miếng, miễn phí vận chuyển, giao hàng trong 48 giờ, chính sách hoàn trả không hỏi nhiều câu hỏi trong 7 ngày.",False,False,,,Tea Raw Tea,,,,False,1.423,,0.33,False,False,False,False,,,
1053611045972,food,ulcer solution tea stomachache tummy Stomach tea花茶茶包茶,trà trị loét dạ dày đau bụng trà dạ dày trà hoa trà túi lọc trà,False,False,,,,,,,False,3.2,vi_qua_dai,0.0,False,False,False,False,,,
624687803256,food,【纯种大红袍】福建武夷山岩茶 正岩正种大红袍茶叶 闽北乌龙茶散,"[Dahongpao thuần chủng] Zhengyan, Fujian Wuyishan Rock Tea, đang trồng Dahongpao Tea, Minbei Oolong Tea San",False,False,,,,,,[],False,0.593,,0.73,True,False,False,False,,,
847104384803,food,茉莉花茶2026新茶特级浓香型横县茶叶自己喝绿茶官方正品旗舰店,Trà hoa nhài 2026 trà mới cao cấp loại hương vị đậm đà Trà Hengxian dành cho tiêu dùng cá nhân trà xanh cửa hàng chính hãng chính hãng,False,False,,,,,chính hãng,,False,1.037,,0.07,False,False,False,False,,,
935010924217,food,【5A级茉莉飘雪】正宗茉莉花茶2026新茶浓香型茉莉飘雪绿茶花茶,[5A Grade Jasmine Snowflake] Trà hoa nhài đích thực 2026 Trà mới Hương thơm mạnh mẽ Trà hoa nhài tuyết hoa trà xanh Trà hoa nhài,False,False,,,Grade Jasmine Snowflake,,,[],False,1.042,,0.33,False,False,False,False,,,
1042272928180,food,花茶五指毛桃茯苓红豆薏米茶无纺布四角包5g*30包,"Trà hoa ngũ chỉ mao đào, phục linh, đậu đỏ, ý dĩ, túi vải không dệt hình vuông 5g*30 gói",False,False,,,,,,*,False,1.0,,0.0,False,False,False,False,,,
775379023290,food,生普洱茶源头工厂直销名山冰岛老班章曼松头春树古茶纯料散装茶叶,Nguồn trà Pu'er nguyên liệu Nhà Máy bán hàng trực tiếp ngọn núi nổi tiếng Iceland Old Banzhang Man Songtou Spring Tree Ancient Tea Nguyên liệu tinh khiết Số lượng lớn Trà,False,False,,,Spring Tree Ancient Tea,,,,False,1.1,,0.47,False,False,False,False,nhà máy|nhà sản xuất,,
732133757605,food,云南普洱茶熟茶饼357g茶叶礼盒装过年礼品高档商务送礼伴手礼批发,Bánh trà nấu trà Vân Nam Pu'er Hộp quà trà 357g Quà tặng năm mới Quà tặng doanh nghiệp cao cấp Bán buôn quà tặng,False,False,,,,,,,False,0.929,,0.28,False,True,False,False,bán buôn,,
684589492809,food,福气满满红茶绿茶乌龙茶十大茗茶组合茶叶新茶茶叶礼盒装伴手礼,"Đầy phước lành, Trà đen, trà xanh, trà ô long, mười loại trà kết hợp, trà mới, trà, Hộp quà tặng, quà tặng",False,False,,,,,quà tặng,,False,0.793,,0.09,False,False,False,False,,,
591595549275,food,红茶金骏眉正山小种大红袍肉桂茉莉花茶高档茶叶礼盒装礼盒送人,Trà đen Jin Junmei Lapsang Souchong Dahongpao Cinnamon Jasmine Tea Hộp quà trà cao cấp Quà tặng,False,False,,,Cinnamon Jasmine Tea,,,,False,0.586,,0.62,True,False,False,False,,,
650267667590,food,送礼盒装鸭屎香凤凰单丛高山单枞茶宋种锯朵仔乌龙茶叶厂家批发,Quà tặng đóng hộp phân vịt thơm Phoenix Dancong Gaoshan Dancong Tea Song loại Saw Duozi Oolong Tea Factory Bán buôn,False,False,,,Oolong Tea Factory,,,,False,0.724,,0.6,True,False,False,False,bán buôn,,
961109334208,home,塑料透明收纳箱带盖家用衣服衣物收纳箱子超大号储物整理箱收纳盒,Hộp nhựa trong suốt có nắp đậy để đựng quần áo gia đình hộp đựng quần áo cực lớn hộp đựng đồ,False,False,,,,,,,False,0.733,,0.0,False,False,True,False,,,
713384221548,home,杂物玩具整理箱宿舍家用衣柜客厅大容量零食储物箱带盖桌面收纳盒,"Hộp đựng đồ chơi đồ lặt vặt, tủ quần áo gia dụng ký túc xá, hộp đựng đồ ăn vặt dung tích lớn phòng khách, Hộp đựng đồ để bàn có nắp",False,False,,,,,,,False,1.067,,0.03,False,False,True,False,,,
1048072018093,home,26*15.5*7.5cm中号桌面亚克力收纳盒透明长方形零食杂物整理储物,"Hộp đựng đồ acrylic để bàn cỡ trung, trong suốt, hình chữ nhật, 26*15.5*7.5cm, dùng để sắp xếp đồ ăn vặt và các vật dụng nhỏ.",False,False,,,,,,*,False,1.13,,0.0,False,False,False,False,,,
1054095623161,home,拼豆专用收纳盒套装54色颗粒分装瓶子大容量拼豆工具透明收纳盒子,"Bộ hộp đựng chuyên dụng cho hạt ghép hình, 54 màu, chai chia hạt dung tích lớn, dụng cụ ghép hình, hộp đựng trong suốt.",False,False,,,,,,,False,0.828,,0.0,False,False,True,False,,,
920241823318,home,橱柜收纳盒整理杂物零食透明置物筐桌面透明亚克力长方形储物盒子,"Hộp đựng đồ trong tủ để sắp xếp đồ lặt vặt và đồ ăn vặt, giỏ đựng đồ trong suốt, hộp đựng đồ hình chữ nhật bằng acrylic trong suốt để bàn.",False,False,,,,,,,False,1.067,,0.0,False,False,True,False,,,
990035668509,home,透明杂物收纳筐家用橱柜零食玩具置物篮长方形塑料桌面储物收纳盒,Trong suốt đồ lặt vặt giỏ đựng đồ gia dụng tủ đồ chơi ăn nhẹ giỏ đựng hình chữ nhật nhựa để bàn hộp bảo quản,False,False,,,,,,,False,0.867,,0.0,False,True,False,False,,,
903145469856,home,桌面收纳盒化妆品杂物零食玩具整理篮长方形储物筐置物盒收纳箱子,"Hộp đựng đồ để bàn, mỹ phẩm, đồ lặt vặt, đồ ăn nhẹ, giỏ sắp xếp đồ chơi, giỏ đựng đồ hình chữ nhật, hộp đựng đồ",False,False,,,,,,,False,0.9,,0.0,False,False,True,False,,,
735283254705,home,一件起批家用衣服收纳箱带盖大号储物箱玩具收纳盒衣柜收纳整理箱,"Hộp đựng đồ gia dụng bán buôn nguyên kiện có nắp, hộp đựng đồ cỡ lớn, hộp đựng đồ chơi, hộp đựng và sắp xếp đồ trong tủ quần áo.",False,False,,,,,,,False,1.0,,0.0,False,True,False,False,bán buôn,,
830649048867,home,桌面收纳盒零食化妆品杂物收纳筐家用厨房整理盒衣柜储物篮筐盒子,"Hộp đựng đồ để bàn, đồ ăn vặt, mỹ phẩm, giỏ đựng đồ lặt vặt, hộp sắp xếp nhà bếp gia dụng, tủ quần áo, giỏ đựng đồ, hộp đựng đồ",False,False,,,,,,,False,1.033,,0.0,False,True,True,False,,,
1050349932191,home,【大盒+60个5.5方盒】拼豆收纳盒分装米珠配件美甲透明整理饰品,"【Hộp lớn + 60 hộp vuông 5.5】Hộp đựng hạt cườm, phụ kiện hạt gạo, phụ kiện làm móng, hộp đựng trong suốt, sắp xếp trang sức",False,False,,,,,,【】,False,1.0,,0.04,False,False,True,False,,,
1009234571851,home,桌面收纳盒零食玩具杂物收纳筐家用长方形化妆品带盖收纳箱储物盒,"Hộp đựng đồ để bàn, giỏ đựng đồ ăn vặt, đồ chơi, đồ lặt vặt, hộp đựng mỹ phẩm hình chữ nhật có nắp, hộp lưu trữ gia đình.",False,False,,,,,,,False,0.967,,0.0,False,False,True,False,,,
1056227859135,home,橱柜收纳盒桌面零食杂物整理盒厨房水槽下收纳筐深柜内直角储物盒,"Hộp đựng đồ trong tủ, hộp đựng đồ ăn vặt và vật dụng linh tinh trên bàn, giỏ đựng đồ dưới bồn rửa nhà bếp, hộp đựng đồ góc tủ sâu.",False,False,,,,,,,False,1.033,,0.0,False,False,True,False,,,
1046936769582,home,1大盒+60小盒拼豆分装透明pet收纳盒套盒易取易放试卷收纳盒套装,"1 hộp lớn + 60 hộp nhỏ, bộ hộp đựng hạt ghép hình bằng nhựa PET trong suốt, dễ lấy, dễ cất, bộ hộp đựng đề thi",False,False,,,,,,,False,0.923,,0.0,False,False,True,False,,,
1074754793623,home,橱柜收纳盒家用杂物零食玩具整理置物筐厨房大容量调料塑料储物箱,"Hộp đựng đồ dùng gia đình, đồ ăn vặt và đồ chơi; hộp đựng đồ dùng nhà bếp dung tích lớn, dùng để đựng gia vị và các loại đồ dùng khác; hộp đựng đồ bằng nhựa.",False,False,,,,,,,False,1.233,,0.0,False,False,True,False,,,
1044420758204,home,【大盒+60个5.5小盒】拼豆收纳盒套盒试卷透明收纳盒带盖高颜值,"[Hộp lớn + 60 hộp nhỏ 5,5 inch] Bộ hộp đựng các mảnh ghép, hộp đựng trong suốt có nắp, thiết kế thời trang.",False,False,,,,,,[],False,0.875,,0.05,False,False,False,False,,,
995893830302,home,面膜收纳盒桌面高级感化妆品分格整理透明长方形梳妆台护肤置物架,Hộp đựng mặt nạ để bàn mỹ phẩm cao cấp ngăn đựng đồ sắp xếp bàn trang điểm hình chữ nhật trong suốt giá đựng đồ chăm sóc da,False,False,,,,,,,False,0.967,,0.0,False,False,True,False,,,
929562404887,home,一件代发透明收纳箱家用衣服储物箱玩具收纳盒大容量收纳整理箱,"Hộp đựng đồ trong suốt, giao hàng nhanh, dùng để đựng quần áo gia đình, đồ chơi, hộp đựng đồ dung tích lớn và hộp sắp xếp đồ đạc",False,False,,,,,,,False,1.0,,0.0,False,False,True,False,,,
861492911901,home,桌面收纳盒零食化妆品杂物收纳筐家用厨房整理盒衣柜储物篮筐盒子,"Hộp đựng đồ để bàn, đồ ăn vặt, mỹ phẩm, giỏ đựng đồ lặt vặt, hộp sắp xếp nhà bếp gia dụng, tủ quần áo, giỏ đựng đồ, hộp đựng đồ",False,False,,,,,,,False,1.033,,0.0,False,True,True,False,,,
747251537134,home,橱柜桌面收纳盒零食杂物宿舍整理框厨房用品水槽下抽屉直角储物盒,"Tủ đựng đồ để bàn Hộp đựng đồ ăn vặt, đồ lặt vặt, khung sắp xếp ký túc xá, đồ dùng nhà bếp, ngăn kéo dưới bồn rửa, hộp đựng đồ góc phải",False,False,,,,,,,False,1.1,,0.03,False,True,False,False,,,
737848520438,home,收纳盒塑料桌面收纳盒化妆品抽屉整理盒自由组合多层可叠加首饰盒,Hộp đựng đồ bằng nhựa để bàn Hộp đựng đồ ngăn kéo mỹ phẩm Hộp đựng đồ trang sức có thể xếp chồng nhiều lớp miễn phí,False,False,,,,,,,False,0.9,,0.08,False,False,True,False,,,
1004337046853,home,桌面防尘证件收纳盒A4文件资料整理盒户口本放重要证书防潮档案袋,"Hộp đựng tài liệu chống bụi để bàn, hộp sắp xếp tài liệu A4, đựng sổ hộ khẩu, giấy tờ quan trọng, túi hồ sơ chống ẩm.",False,False,,,,,,,False,0.931,,0.04,False,False,True,False,,,
945313309722,home,桌面收纳盒抽屉内置分隔长方形整理盒宿舍杂物化妆品分类储物盒子,Hộp lưu trữ để bàn ngăn kéo tích hợp vách ngăn hình chữ nhật tổ chức ký túc xá đồ lặt vặt mỹ phẩm phân loại hộp lưu trữ,False,False,,,,,,,False,0.967,,0.0,False,False,True,False,,,
1048331659915,home,冰箱收纳盒食品级保鲜盒厨房蔬菜水果专用鸡蛋盒冷冻鸡蛋收纳盒,"Hộp đựng thực phẩm tủ lạnh, hộp bảo quản thực phẩm cấp thực phẩm, hộp đựng trứng chuyên dụng cho rau củ quả trong bếp, hộp đựng trứng đông lạnh.",False,False,,,,,,,False,1.034,,0.0,False,False,True,False,,,
1047227350635,home,橱柜收纳盒整理杂物零食透明置物筐桌面透明亚克力长方形储物盒子,"Hộp đựng đồ đa năng để sắp xếp các vật dụng linh tinh và đồ ăn vặt, giỏ đựng đồ trong suốt, hộp đựng đồ hình chữ nhật bằng acrylic trong suốt để bàn.",False,False,,,,,,,False,1.133,,0.0,False,False,True,False,,,
915834715335,home,侘寂仿藤编织收纳箱收纳筐杂物衣柜橱柜客厅茶几整理收纳盒收纳框,"Wabiji, hộp đựng đồ dệt mây, giỏ đựng đồ lặt vặt, tủ quần áo, phòng khách, bàn cà phê, hộp đựng đồ, hộp đựng đồ, hộp đựng đồ",False,False,,,,,hộp đựng đồ,,False,0.933,,0.0,False,False,False,False,,,
980532591985,home,化妆品置物架亚克力透明梳妆台香水护肤品粉扑口红整理桌面收纳盒,Mỹ phẩm có giá để đồ acrylic trong suốt bàn trang điểm nước hoa sản phẩm chăm sóc da bông phấn son môi tổ chức hộp lưu trữ máy tính để bàn,False,False,,,,,,,False,1.067,,0.0,False,False,True,False,,,
1014957116308,home,5.5cm拼豆盒正方形PP塑料半透明包装盒小物料盒带盖零件首饰盒子,"Hộp nhựa PP bán trong suốt hình vuông 5.5cm, hộp đựng hạt ghép, vật liệu nhỏ, linh kiện, trang sức có nắp.",False,False,,,,,,,False,0.846,,0.0,False,True,False,False,,,
984300897575,home,内衣内裤袜子整理收纳盒抽屉式分格大容量加厚家用塑料衣柜储物盒,"Hộp đựng đồ lót, đồ lót và tất ngăn kéo ngăn đựng đồ nhựa gia dụng dày dặn dung tích lớn",False,False,,,,,đồ lót,,False,0.7,,0.0,False,False,False,False,,,
972984868124,home,翻盖式桌面收纳盒透明亚克力防尘整理盒卧室宿舍办公室带盖收纳筐,Hộp lưu trữ để bàn dạng lật trong suốt bằng acrylic chống bụi hộp lưu trữ phòng ngủ ký túc xá văn phòng giỏ lưu trữ có nắp,False,False,,,,,,,False,0.933,,0.0,False,True,False,False,,,
990025907874,home,桌面收纳盒化妆品杂物零食玩具整理篮长方形储物筐置物盒收纳箱子,Máy tính để bàn hộp lưu trữ mỹ phẩm đồ lặt vặt đồ ăn nhẹ đồ chơi giỏ lưu trữ hình chữ nhật giỏ lưu trữ hộp lưu trữ hộp lưu trữ,False,False,,,,,lưu trữ hộp,,False,1.067,,0.0,False,True,True,False,,,
923620538227,home,衣服收纳箱家用大容量装被子衣物百纳箱神器衣柜整理箱布艺储物筐,Hộp đựng quần áo đựng quần áo gia dụng dung tích lớn đựng quần áo hộp Baina hộp đựng quần áo thần thánh hộp đựng quần áo hộp đựng đồ vải giỏ đựng đồ,False,False,,,,,đựng quần áo,,False,1.133,,0.03,False,False,False,False,,,
637619304245,home,抽屉式收纳盒抽屉储物收纳箱透明鞋盒收纳抽屉家用衣服整理箱批发,"Hộp Đựng Đồ Kiểu ngăn kéo, hộp đựng đồ ngăn kéo, hộp đựng giày trong suốt, hộp đựng đồ, hộp đựng đồ gia dụng, Bán Buôn",False,False,,,,,hộp đựng đồ,,False,0.867,,0.2,False,False,False,False,bán buôn,,
915555067962,home,大容量带盖杂物收纳盒多功能桌面整理箱新款家用卡通图案收纳箱子,"Hộp đựng đồ đựng đồ lặt vặt có nắp, hộp đựng đồ để bàn đa năng, hộp đựng đồ họa tiết hoạt hình gia dụng mẫu mới",False,False,,,,,đựng đồ,,False,0.9,,0.0,False,False,False,False,,,
887421261475,home,桌面收纳盒长条窄长型长方形亚克力透明杂物文具袜子夹缝盒小物件,"Hộp đựng đồ để bàn, hình chữ nhật dài hẹp, acrylic trong suốt, tất văn phòng phẩm, hộp khe hở, đồ vật nhỏ",False,False,,,,,,,False,0.767,,0.0,False,True,False,False,,,
926157450408,home,桌面收纳盒杂物玩具零食收纳筐带盖大容量整理箱塑料长方形储物盒,"Hộp đựng đồ để bàn, đồ chơi, giỏ đựng đồ ăn nhẹ đồ chơi, hộp đựng đồ dung tích lớn có nắp, hộp đựng đồ hình chữ nhật bằng nhựa",False,False,,,,,,,False,1.0,,0.0,False,False,True,False,,,
1054345245788,home,窄长型收纳盒桌面长条长方形文具化妆品杂物亚克力透明整理小盒子,"Hộp đựng đồ trong suốt acrylic hình chữ nhật dài, kiểu dáng hẹp, để bàn, dùng sắp xếp văn phòng phẩm, mỹ phẩm, đồ lặt vặt.",False,False,,,,,,,False,0.867,,0.0,False,False,True,False,,,
1062200679967,home,日式桌面家用收纳盒厨房客厅抽屉收纳盒零食杂物美妆整理收纳盒子,"Hộp đựng đồ để bàn phong cách Nhật Bản, dùng trong gia đình, hộp đựng đồ ngăn kéo cho nhà bếp, phòng khách, hộp sắp xếp đồ ăn vặt, đồ lặt vặt, mỹ phẩm.",False,False,,,,,,,False,1.133,,0.06,False,False,True,False,,,
989255278972,home,特大号冰箱收纳盒保鲜盒食品级专用水果盒蔬菜鸡蛋冷冻大容量储物,"Hộp đựng thực phẩm tủ lạnh cỡ lớn, chất liệu an toàn thực phẩm, chuyên dụng cho trái cây, rau củ, trứng, đông lạnh, dung tích lớn",False,False,,,,,,,False,0.9,,0.0,False,True,False,False,,,
1053375842249,home,窄长型收纳盒桌面长条长方形文具化妆品杂物亚克力透明整理小盒子,"Hộp đựng đồ hình chữ nhật, dài và hẹp, dùng để sắp xếp đồ dùng trên bàn làm việc, đựng văn phòng phẩm, mỹ phẩm và các vật dụng nhỏ khác, được làm từ chất liệu acrylic trong suốt.",False,False,,,,,,,False,1.3,,0.0,False,False,True,False,,,
1042118172002,home,盲盒展示架泡泡玛特娃娃透明摆件展示柜手办收纳防尘亚克力展示盒,"Kệ trưng bày hộp mù, búp bê Pop Mart, tủ trưng bày mô hình trong suốt, hộp trưng bày acrylic chống bụi để đựng mô hình.",False,False,,,,,,,False,0.867,,0.08,False,False,True,False,,,
995995745923,home,书立架书架桌面学生书本收纳盒立式书桌办公桌a4文件架书桌收纳架,Giá sách kệ sách để bàn sinh viên hộp lưu trữ sách dọc bàn làm việc a4 giá đựng hồ sơ bàn giá để đồ,False,False,,,,,,,False,0.862,,0.0,False,True,False,False,,,
905089440044,home,衣物收纳盒加厚布艺收纳筐衣服裤子收纳储物箱宿舍家用杂物收纳箱,"Hộp đựng quần áo, giỏ đựng đồ vải dày dặn, hộp đựng quần áo, hộp đựng đồ đựng đồ gia dụng ký túc xá",False,False,,,,,đựng đồ,,False,0.8,,0.0,False,False,False,False,,,
1055731854214,home,储物整理箱乐高收纳盒工具分类盒子装玩具积木小颗粒零件分格抽屉,"Hộp đựng đồ, hộp sắp xếp Lego, hộp phân loại dụng cụ, hộp đựng đồ chơi, khối xếp hình, các chi tiết nhỏ, ngăn kéo chia ngăn.",False,False,,,,,,,False,0.9,,0.04,False,True,False,False,,,
946485729699,home,盲盒展示架泡泡玛特娃娃透明摆件展示柜手办收纳防尘亚克力展示盒,Hộp trưng bày mù hộp trưng bày bong bóng búp bê Mart tủ trưng bày đồ trang trí trong suốt hộp trưng bày acrylic chống bụi lưu trữ bằng tay,False,False,,,,,,,False,1.0,,0.03,False,False,True,False,,,
857903813989,home,精致高档收纳盒耳钉耳环饰品盒戒指手表手镯便携一体首饰盒珠宝盒,"Hộp đựng đồ cao cấp tinh tế, bông tai, bông tai, hộp trang sức, nhẫn, đồng hồ, vòng tay, hộp trang sức tích hợp cầm tay, hộp trang sức",False,False,,,,,bông tai,,False,0.967,,0.0,False,False,False,False,,,
907611681145,home,内衣收纳盒家用装内裤神器放袜子文胸收纳箱贴身衣物分格收纳箱子,"Hộp đựng đồ lót, đồ lót gia dụng, đồ thần thánh, tất, áo ngực, hộp đựng đồ lót, hộp đựng đồ lót",False,False,,,,,đồ lót,,False,0.733,,0.0,False,False,False,False,,,
1052973412872,home,加大千鸟格收纳盒大容量衣柜折叠储物箱多功能家用衣物收纳箱加厚,"Hộp đựng đồ họa tiết răng chó dung tích lớn, hộp đựng quần áo có thể gấp gọn, hộp đựng quần áo gia dụng đa chức năng, thiết kế dày dặn.",False,False,,,,,,,False,1.033,,0.0,False,False,True,False,,,
865275934113,home,透明收纳箱家用塑料收纳盒衣柜衣物大容量玩具零食整理储物箱子,Hộp đựng đồ trong suốt Hộp đựng đồ bằng nhựa gia dụng,False,False,,,,,,,False,0.414,vi_qua_ngan,0.09,False,True,False,False,,,
885611010118,home,透明收纳箱家用塑料收纳盒衣柜衣物大容量玩具零食整理储物箱子,Hộp đựng đồ trong suốt Hộp đựng đồ bằng nhựa gia dụng,False,False,,,,,,,False,0.414,vi_qua_ngan,0.09,False,True,False,False,,,
892206123933,home,衣服收纳盒整理收纳箱衣物裤子放衣柜分层分格塑料储物神器筐子盒,Hộp đựng quần áo Hộp đựng quần áo và quần áo trong tủ quần áo Hộp đựng đồ nhựa có ngăn xếp ngăn xếp,False,False,,,,,ngăn xếp,,False,0.8,,0.09,False,False,False,False,,,
1073086744394,home,红色系列礼品箱春节新年多规格可折叠收纳箱家用玩具零食整理箱,"Hộp quà dòng sản phẩm màu đỏ, có nhiều kích cỡ khác nhau, hộp đựng có thể gấp gọn, phù hợp để sử dụng trong gia đình, rất lý tưởng để sắp xếp đồ chơi và đồ ăn vặt trong dịp Tết Nguyên Đán và năm mới.",False,False,,,,,,,False,1.621,vi_qua_dai,0.07,False,False,False,False,,,
989777140174,home,桌面亚克力透明收纳盒翻盖式桌面化妆品防尘收纳盒零食杂物整理盒,"Hộp đựng đồ acrylic trong suốt để bàn, nắp mở, chống bụi, đựng mỹ phẩm, đồ ăn vặt, đồ linh tinh",False,False,,,,,,,False,0.7,,0.0,False,True,False,False,,,
1070124663659,home,零食玩具整理箱置物拼豆收纳现代简约收纳盒厨房抽屉式塑料储物盒,"Hộp đựng đồ ăn vặt, đồ chơi, đồ chơi lắp ráp, hộp sắp xếp đồ dùng hiện đại tối giản, hộp đựng đồ nhựa dạng ngăn kéo cho nhà bếp",False,False,,,,,đồ chơi,,False,1.0,,0.0,False,False,False,False,,,
905476988565,home,带盖收纳箱整理箱家用翻盖大号加厚折叠储物收纳盒衣柜放衣服收纳,Hộp đựng đồ có nắp Hộp đựng đồ gia dụng nắp lật lớn dày gấp gấp hộp đựng đồ đựng đồ đựng đồ trong tủ quần áo,False,False,,,,,đựng đồ,,False,0.9,,0.04,False,False,False,False,,,
1041969211439,home,橱柜收纳盒整理杂物零食透明置物筐桌面透明亚克力长方形储物盒子,"Hộp đựng đồ tủ bếp, sắp xếp đồ lặt vặt, đồ ăn vặt, giỏ đựng đồ trong suốt, hộp đựng đồ acrylic trong suốt hình chữ nhật để bàn",False,False,,,,,,,False,0.967,,0.0,False,False,True,False,,,
1063895686474,home,【大盒+75小盒】拼豆收纳盒分装盒子拼豆盒子diy透明塑料手工米珠,"【Hộp lớn + 75 hộp nhỏ】Hộp đựng hạt cườm, hộp chia nhỏ, hộp đựng hạt cườm DIY, hộp nhựa trong suốt thủ công, hạt cườm",False,False,,,,,,【】,False,0.96,,0.05,False,False,True,False,,,
1045808209777,home,1大盒+60小盒拼豆分装透明pet收纳盒套盒易取易放试卷收纳盒套装,"1 hộp lớn + 60 hộp nhỏ, bộ hộp đựng bằng chất liệu PET trong suốt, dùng để sắp xếp và lưu trữ các bài kiểm tra, dễ dàng lấy ra và cất giữ.",False,False,,,,,,,False,1.192,,0.0,False,False,True,False,,,
976084528015,home,带锁首饰盒高档精致防氧化款耳环项链耳钉耳饰手饰收纳盒现货批发,"Hộp đựng trang sức có khóa, bông tai, dây chuyền, bông tai, bông tai, hộp đựng trang sức cầm tay cao cấp và tinh tế chống oxy hóa, sẵn sàng bán",False,False,,,,,bông tai,,False,1.033,,0.0,False,False,False,False,,,
692361668505,home,收纳箱衣服收纳箱家用可折叠衣物裤子整理盒衣柜收纳分隔收纳盒,Hộp đựng quần áo Hộp đựng quần áo có thể gấp gọn gia dụng Hộp sắp xếp quần áo Hộp đựng quần áo,False,False,,,,,,,False,0.793,,0.14,False,False,True,False,,,
928908796779,home,收纳筐桌面零食杂物整理储物盒橱柜塑料长方形透明亚克力置物盒子,Giỏ đựng đồ để bàn Hộp đựng đồ ăn nhẹ sắp xếp đồ lặt vặt Tủ nhựa Hình chữ nhật Hộp đựng đồ acrylic trong suốt,False,False,,,,,,,False,0.867,,0.16,False,True,True,False,,,
842673828038,home,渝发内衣收纳盒分类抽屉式收纳储物箱收纳整理箱内裤袜子分格收纳,Hộp đựng đồ lót Yufa phân loại hộp đựng đồ ngăn kéo hộp đựng đồ hộp đựng đồ lót và tất ngăn cách,False,False,,,,,hộp đựng đồ,,False,0.767,,0.05,False,False,False,False,,,
952794341183,home,【大盒+60个5.5方盒】拼豆收纳盒分装米珠配件美甲透明整理饰品,"[Hộp lớn + 60 hộp nhỏ hình vuông 5,5] Hộp đựng đồ dùng để sắp xếp hạt cườm, phụ kiện, đồ trang trí móng tay, hộp đựng đồ trang sức trong suốt",False,False,,,,,,[],False,1.208,,0.04,False,False,True,False,,,
1075846236292,home,面膜收纳盒桌面高级感化妆品分格整理透明长方形梳妆台护肤置物架,"Hộp đựng mặt nạ, hộp đựng mỹ phẩm cao cấp để trên bàn, kệ đựng đồ trang điểm trong suốt hình chữ nhật.",False,False,,,,,,,False,0.767,,0.0,False,False,True,False,,,
1049598655562,home,桌面收纳盒零食玩具杂物收纳筐家用长方形化妆品带盖收纳箱储物盒,"Hộp đựng đồ để bàn, giỏ đựng đồ ăn vặt, đồ chơi, đồ lặt vặt, hộp đựng mỹ phẩm hình chữ nhật có nắp, hộp lưu trữ gia đình",False,False,,,,,,,False,0.967,,0.0,False,False,True,False,,,
1047989274844,home,收纳盒桌面免打孔化妆品整理梳妆台储物盒家居房间格子长方形防水,"Hộp đựng đồ để bàn, không cần khoan, sắp xếp mỹ phẩm, hộp lưu trữ bàn trang điểm, dùng trong gia đình, có ngăn chia, hình chữ nhật, chống thấm nước.",False,False,,,,,,,False,1.033,,0.0,False,True,False,False,,,
1083379604860,home,橱柜收纳盒家用杂物零食玩具整理置物筐厨房大容量调料塑料储物箱,"Hộp đựng đồ tủ bếp, giỏ đựng đồ lặt vặt, đồ ăn vặt, đồ chơi gia đình, thùng nhựa đựng gia vị dung tích lớn dùng trong nhà bếp",False,False,,,,,,,False,0.967,,0.0,False,False,True,False,,,
889269108288,home,桌面收纳盒长条窄长型长方形亚克力透明杂物文具袜子夹缝盒小物件,"Hộp đựng đồ để bàn, hình chữ nhật dài hẹp, acrylic trong suốt, tất văn phòng phẩm, hộp khe hở, đồ vật nhỏ",False,False,,,,,,,False,0.767,,0.0,False,True,False,False,,,
981682072884,home,透明长方形塑料锁扣空盒样品盒零配元器件包装盒子工具口罩收纳盒,Khóa nhựa hình chữ nhật trong suốt hộp rỗng hộp mẫu phụ tùng hộp đóng gói dụng cụ mặt nạ hộp bảo quản,False,False,,,,,,,False,0.767,,0.0,False,False,True,False,,,
966512383326,home,首饰盒胡桃木纹大容量防氧化耳环耳钉项链戒子收纳盒,Hộp đựng trang sức gỗ óc chó vân gỗ dung tích lớn chống oxy hóa bông tai bông tai vòng cổ hộp bảo quản,False,False,,,,,bông tai,,False,1.0,,0.0,False,False,False,False,,,
931661841262,home,收纳箱塑料衣服整理箱子有盖手提储物箱特大号家用玩具零食收纳盒,Hộp Bảo Quản Nhựa Quần Áo Tổ Chức Hộp Bao Bọc Tất Hộp Bảo Quản Cực Lớn Đồ Chơi Gia Đình Ăn Nhẹ Hộp Bảo Quản,False,False,,,,,,,False,0.867,,1.0,True,False,True,False,,,
985797674664,home,首饰收纳盒耳钉耳环耳饰项链串珠存放饰品抗氧化透明迷你小型盒子,Hộp đựng trang sức bông tai bông tai vòng cổ đính cườm lưu trữ trang sức chống oxy hóa trong suốt hộp nhỏ nhỏ,False,False,,,,,bông tai,,False,0.8,,0.0,False,True,False,False,,,
747465491071,home,橱柜桌面收纳盒零食杂物宿舍整理框厨房用品水槽下抽屉直角储物盒,"Tủ đựng đồ để bàn Hộp đựng đồ ăn vặt, đồ lặt vặt, khung sắp xếp ký túc xá, đồ dùng nhà bếp, ngăn kéo dưới bồn rửa, hộp đựng đồ góc phải",False,False,,,,,,,False,1.1,,0.03,False,True,False,False,,,
1039498511515,home,【新人福利0.01元】高颜值零食水果盒透明厨房冰箱保鲜储物盒,"[Ưu đãi dành cho khách hàng mới: 0,01 nhân dân tệ] Hộp đựng đồ ăn nhẹ và trái cây chất lượng cao, hộp đựng trong suốt dùng để bảo quản thực phẩm trong nhà bếp và tủ lạnh, giúp thực phẩm luôn tươi ngon.",False,False,,,,,,[],False,1.792,vi_qua_dai,0.02,False,False,False,False,,,
1055230932653,home,塑料收纳箱桌面透明收纳盒带手提零食收纳盒车载储物箱玩具整理箱,"Hộp đựng đồ bằng nhựa, hộp sắp xếp đồ dùng trên bàn làm việc trong suốt có tay cầm, hộp đựng đồ ăn vặt, hộp đựng đồ dùng trong xe ô tô, hộp sắp xếp đồ chơi.",False,False,,,,,,,False,1.233,,0.0,False,False,True,False,,,
916618050366,home,塑料收纳箱特大号被子收纳盒玩具储物盒搬家用衣服整理箱车载箱子,Hộp nhựa bảo quản cực lớn chăn hộp bảo quản hộp bảo quản đồ chơi di chuyển hộp bảo quản quần áo hộp ô tô,False,False,,,,,hộp bảo quản,,False,0.833,,0.0,False,False,False,False,,,
938027492313,home,抽屉分隔储物内置收纳盒书桌文具亚克力透明桌面化妆品置物盒,Hộp đựng đồ ngăn kéo tích hợp hộp đựng đồ văn phòng phẩm acrylic trong suốt để bàn hộp đựng mỹ phẩm,False,False,,,,,,,False,0.786,,0.0,False,False,True,False,,,
739581408122,home,长方形塑料盒PP透明盒子方形包装胶盒翻盖大号收纳扁盒跨境1.7cm,"Hộp nhựa hình chữ nhật hộp trong suốt PP hộp vuông bao bì hộp nhựa nắp lật hộp phẳng đựng đồ cỡ lớn xuyên biên giới 1,7 cm",False,False,,,,,,,False,1.038,,0.0,False,True,False,False,xuyên biên giới,,
680756379644,home,书本收纳箱可折叠学生书箱宿舍放书籍整理箱子透明家用储物装书盒,"Hộp đựng sách, hộp đựng sách học sinh có thể gấp gọn, hộp đựng sách ký túc xá, hộp đựng sách gia dụng trong suốt",False,False,,,,,hộp đựng sách,,False,0.833,,0.0,False,False,False,False,,,
1016226370881,home,文件收纳盒 新款大号抽屉整理半透明长方形有带盖子塑料盒 收纳盒,"Hộp đựng đồ, hộp chia ngăn kéo cỡ lớn mới, hộp nhựa hình chữ nhật bán trong suốt có nắp, hộp lưu trữ.",False,False,,,,,,,False,0.793,,0.0,False,False,True,False,,,
1051333389095,home,桌面收纳盒长方形零食化妆品杂物塑料整理盒带盖家用储物收纳箱子,"Hộp đựng đồ để bàn hình chữ nhật, bằng nhựa, có nắp, dùng để sắp xếp đồ ăn vặt, mỹ phẩm, đồ lặt vặt, hộp lưu trữ gia đình.",False,False,,,,,,,False,0.967,,0.0,False,False,True,False,,,
745896207005,home,透明便携首饰盒项链耳钉耳环戒指防氧化可拆分收纳盒网红饰品盒子,"Hộp đựng trang sức cầm tay trong suốt, vòng cổ, bông tai, bông tai, nhẫn, hộp đựng đồ có thể tháo rời chống oxy hóa, hộp trang sức nổi tiếng trên mạng",False,False,,,,,bông tai,,False,1.067,,0.0,False,False,False,False,,,
969808818573,home,桌面收纳盒化妆品次抛精华护肤品盒子透明带盖整理盒高级感置物架,"Hộp đựng mỹ phẩm để bàn, hộp đựng tinh chất dưỡng da dùng một lần, hộp đựng trong suốt có nắp, giá đựng cao cấp",False,False,,,,,,,False,0.833,,0.0,False,False,True,False,,,
1056991522914,home,书箱收纳箱学生书本教室用放书箱子高中装书书籍书筐书收纳盒神器,"Hộp đựng sách, giá sách học sinh, hộp đựng sách trong lớp học, hộp đựng sách cấp 3, giỏ đựng sách, thùng đựng sách, vật dụng cần thiết để sắp xếp sách.",False,False,,3,,,,,False,1.033,,0.0,False,False,True,False,,,
988411376664,home,首饰收纳盒耳钉耳环耳饰项链串珠存放饰品抗氧化透明迷你小型盒子,Hộp đựng trang sức bông tai bông tai vòng cổ đính cườm lưu trữ trang sức chống oxy hóa trong suốt hộp nhỏ nhỏ,False,False,,,,,bông tai,,False,0.8,,0.0,False,True,False,False,,,
926947137965,home,透明吧唧亚克力多层可叠加吧唧小卡置物架桌面ins阶梯展 示陈列架,Giá treo thẻ nhỏ có thể xếp chồng nhiều lớp acrylic trong suốt để bàn giá trưng bày bậc thang instagram,False,False,,,,,,,False,0.75,,0.0,False,True,False,False,,,
896554057536,home,衣物收纳盒加厚布艺收纳筐衣服裤子收纳储物箱宿舍家用衣柜收纳箱,"Hộp đựng quần áo, giỏ đựng vải dày dặn, hộp đựng quần áo, hộp đựng quần áo, tủ quần áo gia dụng ký túc xá",False,False,,,,,,,False,0.833,,0.0,False,True,True,False,,,
989529333187,home,冰箱收纳盒食品级密封保鲜盒冷冻冷藏专用厨房蔬菜水果鸡蛋储物盒,"Hộp bảo quản tủ lạnh Hộp bảo quản thực phẩm kín cấp thực phẩm để đông lạnh và bảo quản rau quả, trái cây và trứng trong nhà bếp đặc biệt",False,False,,,,,,,False,1.033,,0.03,False,True,False,False,,,
1036783494772,home,多功能拼豆收纳盒分装米珠配件美甲透明整理盒饰品防尘储物盒,"Hộp đựng đa năng, dùng để sắp xếp các loại hạt cườm, phụ kiện, đồ dùng trang trí móng tay, hộp đựng trong suốt, hộp đựng chống bụi để bảo quản đồ trang sức.",False,False,,,,,,,False,1.214,,0.0,False,False,True,False,,,
993233630910,home,【源头厂家】大容量珠宝绒布饰品收纳盒抽屉分隔托盘首饰盒,"Hộp đựng trang sức bằng nhung, ngăn kéo, khay chia ngăn, dung tích lớn [Nhà sản xuất]",False,False,,,,,,[],False,0.68,,0.06,False,False,False,False,nhà máy|nhà sản xuất,,
1004639990355,home,卡片收纳盒星球卡收纳带盖桌面数据线多功能分格整理盒小卡收纳盒,"Hộp đựng thẻ, hộp đựng thẻ hình hành tinh có nắp, hộp sắp xếp đa năng chia ngăn để bàn đựng dây cáp dữ liệu, hộp đựng thẻ nhỏ.",False,False,,,,,hộp đựng thẻ,,False,0.967,,0.0,False,False,False,False,,,
926951805969,home,透明吧唧亚克力多层可叠加吧唧小卡置物架桌面ins阶梯展 示陈列架,Giá treo thẻ nhỏ có thể xếp chồng nhiều lớp acrylic trong suốt để bàn giá trưng bày bậc thang instagram,False,False,,,,,,,False,0.75,,0.0,False,True,False,False,,,
1072910431768,home,【原创】首饰收纳盒新款女生耳环耳钉项链手链戒指挂坠便携收纳盒,"[Hàng mới] Hộp đựng trang sức dành cho phụ nữ, phù hợp để đựng bông tai, khuyên tai, dây chuyền, vòng tay, nhẫn và mặt dây chuyền; một hộp đựng trang sức nhỏ gọn, dễ mang theo.",False,False,,,,,,[],False,1.321,,0.03,False,False,False,False,,,
1001652036343,home,透明收纳盒抽屉式家用桌面整理盒子衣柜衣服衣物内衣裤子储物箱子,Hộp lưu trữ trong suốt ngăn kéo-loại máy tính để bàn tại nhà tổ chức hộp tủ quần áo quần áo dùng thân thiết quần hộp lưu trữ,False,False,,,,,quần áo,,False,0.967,,0.0,False,True,False,False,,,
855974587325,home,桌面小方盒家用独立防尘透明收纳盒PP饰品珠子收纳盒储物盒密封,Máy tính để bàn nhỏ hộp vuông hộ gia đình độc lập chống bụi trong suốt hộp lưu trữ PP trang sức hạt hộp lưu trữ hộp lưu trữ kín,False,False,,,,,hộp lưu trữ,,False,1.071,,0.0,False,False,False,False,,,
975426453921,home,冰箱收纳盒抽屉式保鲜盒冷冻鸡蛋储物盒厨房蔬菜水果专用整理神器,Hộp bảo quản tủ lạnh ngăn kéo loại hộp bảo quản trứng đông lạnh nhà bếp rau quả đặc biệt tổ chức hiện vật,False,False,,,,,,,False,0.8,,0.0,False,False,True,False,,,
1046253452276,home,拼豆收纳盒拼豆豆专用分装盒54色收纳瓶套装透明大容量豆子分装瓶,"Hộp đựng hạt ghép hình, hộp chia hạt ghép hình chuyên dụng, bộ lọ đựng 54 màu, lọ chia hạt trong suốt dung tích lớn",False,False,,,,,,,False,0.828,,0.0,False,True,False,False,,,
1058923440120,home,书箱收纳箱学生书本教室用放书箱子高中装书书籍书筐书收纳盒神器,"Hộp đựng sách, thùng đựng sách cho học sinh, dùng trong lớp học, hộp đựng sách cấp 3, giỏ đựng sách, hộp sắp xếp sách tiện lợi.",False,False,,3,,,,,False,0.867,,0.0,False,False,True,False,,,
662536701469,home,【大号内衣收纳盒】家用抽屉式袜子收纳盒文胸内裤分格整理盒批发,[Hộp đựng đồ lót lớn] Hộp đựng tất loại ngăn kéo gia dụng Hộp sắp xếp ngăn đựng đồ lót và áo ngực Bán buôn,False,False,,,,,,[],False,0.893,,0.12,False,False,False,False,bán buôn,,
791412041461,home,ZT3050收纳箱家用杂物衣柜衣服整理箱玩具零食储物箱子塑料收纳盒,ZT3050 hộp bảo quản hộ gia đình các vật dụng linh tinh tủ quần áo quần áo hộp tổ chức đồ chơi hộp bảo quản đồ ăn nhẹ hộp bảo quản bằng nhựa,False,False,,,,,quần áo,,False,1.222,,0.0,False,False,False,False,,,
965011985381,home,收纳箱家用大容量储物箱零食玩具整理箱衣服收纳箱带盖提手塑料箱,Hộp Bảo Quản Hộ Gia Đình Dung Tích Lớn Hộp Bảo Quản Đồ Ăn Nhẹ Đồ Chơi Hộp Bảo Quản Quần Áo Hộp Nhựa Có Nắp Tay Cầm,False,False,,,,,,,False,0.933,,1.0,True,False,True,True,,,
1000768647296,home,杂物玩具整理箱宿舍家用衣柜客厅大容量零食储物箱带盖桌面收纳盒,Hộp đựng đồ chơi linh tinh ký túc xá nhà tủ quần áo phòng khách dung tích lớn hộp đựng đồ ăn nhẹ có nắp hộp đựng đồ để bàn,False,False,,,,,,,False,1.0,,0.0,False,False,True,False,,,
899919091043,home,卡通图案带盖收纳箱家用储物宿舍杂物收纳盒玩具零食衣物桌面整理,Hộp đựng đồ họa tiết hoạt hình có nắp,False,False,,,,,,,False,0.3,vi_qua_ngan,0.0,False,False,False,False,,,
1030021490364,home,桌面收纳盒大容量零食杂物收纳篮办公室桌上可叠加咖啡茶包收纳盒,"Hộp đựng đồ để bàn dung tích lớn, giỏ đựng đồ ăn vặt, đồ lặt vặt, có thể xếp chồng, dùng cho văn phòng, hộp đựng cà phê, trà túi lọc.",False,False,,,,,,,False,1.033,,0.0,False,True,False,False,,,
863472908429,home,杂物收纳盒桌面化妆品零售玩具整理筐家用塑料储物盒子厨房整理盒,Hộp đựng đồ lặt vặt để bàn mỹ phẩm bán lẻ giỏ đựng đồ chơi hộp đựng đồ nhựa gia dụng hộp đựng đồ bếp,False,False,,,,,,,False,0.833,,0.0,False,False,True,False,,,
1039909409034,home,桌面收纳盒亚克力透明筐抽屉整理零食杂物储物盒化妆品面膜置物架,"Hộp đựng đồ để bàn, giỏ acrylic trong suốt, hộp sắp xếp ngăn kéo, hộp đựng đồ ăn vặt, đồ lặt vặt, mỹ phẩm, mặt nạ, kệ đựng đồ.",False,False,,,,,,,False,0.967,,0.0,False,False,True,False,,,
870259976950,home,家用杂物收纳箱收纳盒塑料储物筐卧室客厅零食玩具加大加厚整理盒,Hộp đựng đồ gia dụng hộp đựng đồ hộp đựng đồ nhựa đựng đồ ăn vặt phòng khách phòng ngủ hộp đựng đồ chơi tăng độ dày,False,False,,,,,hộp đựng đồ,,False,0.9,,0.0,False,False,False,False,,,
1057939065596,home,桌面收纳盒化妆品杂物零食玩具整理篮长方形储物筐置物盒收纳箱子,"Hộp đựng đồ để bàn, giỏ đựng mỹ phẩm, đồ lặt vặt, đồ ăn vặt, đồ chơi, giỏ sắp xếp hình chữ nhật, thùng đựng đồ, hộp đựng đồ, thùng lưu trữ.",False,False,,,,,,,False,1.067,,0.0,False,False,True,False,,,
1057530569077,home,拼豆收纳盒拼豆豆专用分装盒54色收纳瓶套装透明大容量豆子分装瓶,"Hộp đựng hạt ghép hình, hộp chia hạt ghép hình chuyên dụng, bộ lọ đựng 54 màu, lọ chia hạt trong suốt dung tích lớn",False,False,,,,,,,False,0.828,,0.0,False,True,False,False,,,
736718776882,home,白抽皇冠多功能化妆品收纳盒抽屉分隔整理盒家用桌面护肤品梳妆盒,"Hộp đựng mỹ phẩm đa chức năng màu trắng, ngăn kéo, ngăn kéo, hộp đựng sản phẩm chăm sóc da để bàn gia dụng",False,False,,,,,ngăn kéo,,False,0.8,,0.0,False,False,False,False,,,
1074081492838,home,桌面收纳盒抽屉内置分隔长方形整理盒宿舍杂物化妆品分类储物盒子,"Hộp đựng đồ để bàn, hộp sắp xếp hình chữ nhật có ngăn chia bên trong ngăn kéo, dùng để phân loại đồ lặt vặt, mỹ phẩm trong ký túc xá.",False,False,,,,,,,False,1.033,,0.0,False,False,True,False,,,
641135416292,home,杂物收纳盒收纳筐棉麻布艺带提手储物筐袜子收纳筐衣柜整理盒代发,"Hộp đựng đồ, giỏ đựng đồ, giỏ đựng đồ bằng vải cotton và vải lanh có tay cầm, giỏ đựng tất, hộp sắp xếp tủ quần áo, dropshipping.",False,False,,,,,giỏ đựng đồ,,False,0.933,,0.0,False,False,False,False,dropship,,
947726813318,home,桌面分格收纳盒多功能大容量整理盒办公文具收纳筐化妆品收纳盒子,Máy tính để bàn ngăn hộp lưu trữ đa chức năng công suất lớn tổ chức hộp văn phòng văn phòng phẩm giỏ lưu trữ mỹ phẩm hộp lưu trữ,False,False,,,,,văn phòng,,False,1.0,,0.0,False,False,False,False,,,
1017769036889,home,纸巾盒多功能床头柜收纳卧室客厅家用茶几整理置物架遥控器抽纸盒,"Hộp đựng giấy đa năng, dùng để sắp xếp đồ trên bàn cạnh giường, giúp tiết kiệm không gian trong phòng ngủ và phòng khách, có thể dùng làm hộp đựng đồ trên bàn trà, kệ để đồ, giá để điều khiển từ xa, và hộp đựng giấy.",False,False,,,,,,,False,1.6,vi_qua_dai,0.0,False,False,False,False,,,
1064873928860,home,pp食品级冰箱收纳盒抽屉式冷冻保鲜盒厨房蔬菜水果鸡蛋整理储物盒,"Hộp đựng thực phẩm làm từ nhựa PP an toàn cho thực phẩm, có thể dùng trong tủ lạnh, kiểu dáng như ngăn kéo, giúp bảo quản thực phẩm tươi ngon, dùng để sắp xếp đồ dùng nhà bếp, đặc biệt phù hợp với rau củ, trái cây và trứng.",False,False,,,,,,,False,1.724,vi_qua_dai,0.0,False,False,False,False,,,
708256231765,home,桌面收纳盒零食化妆品杂物收纳筐家用厨房整理盒衣柜储物篮筐盒子,"Hộp đựng đồ để bàn, giỏ đựng đồ ăn vặt, mỹ phẩm, hộp đựng đồ nhà bếp gia dụng, hộp đựng đồ trong tủ quần áo",False,False,,,,,,,False,0.867,,0.0,False,False,True,False,,,
941120001998,home,桌面收纳盒长条窄长型长方形亚克力透明杂物文具袜子夹缝盒小物件,"Hộp đựng đồ để bàn, hình chữ nhật dài hẹp, acrylic trong suốt, tất văn phòng phẩm, hộp khe hở, đồ vật nhỏ",False,False,,,,,,,False,0.767,,0.0,False,True,False,False,,,
912237683410,home,收纳盒家用防尘ins桌面学生化妆品盒子整理盒储物盒可爱收纳箱女,Hộp đựng đồ hộp đựng mỹ phẩm học sinh để bàn instagram chống bụi gia dụng hộp đựng đồ hộp đựng đồ dễ thương cho nữ,False,False,,,,,hộp đựng đồ,,False,0.929,,0.0,False,False,False,False,,,
810878304505,home,透明可叠加乐高收纳盒手提装玩具积木整理箱化妆品储物盒家用药箱,"Hộp đựng đồ Lego trong suốt có thể xếp chồng lên nhau, Hộp đựng đồ chơi đồ chơi, hộp đựng đồ mỹ phẩm, hộp đựng thuốc gia dụng",False,False,,,,,đồ chơi,,False,0.933,,0.07,False,False,False,False,,,
801581202718,home,金葱粉化妆品收纳盒三层折叠美妆美甲工具箱闪粉高密度发饰首饰盒,Hộp đựng mỹ phẩm bột lấp lánh Hộp dụng cụ làm đẹp làm móng gấp ba lớp Hộp trang sức trang sức tóc mật độ cao lấp lánh,False,False,,,,,trang sức,,False,0.933,,0.07,False,False,False,False,,,
934941086972,home,收纳盒衣服家用可折叠布艺衣物收纳箱衣柜防尘收纳裤子整理盒批发,Hộp Bảo Quản Quần Áo Hộ Gia Đình Có Thể Gập Lại Vải Bảo Quản Quần Áo Hộp Tủ Quần Áo Chống Bụi Bảo Quản Quần Hộp Bảo Quản Bán Buôn,False,False,,,,,,,False,1.033,,1.0,True,False,True,False,bán buôn,,
816693832740,home,透明塑料饰品收纳架 项链手链盒子防尘耳钉首饰架防尘耳环收纳盒,Giá để đồ trang sức bằng nhựa trong suốt hộp vòng tay vòng tay hộp đựng đồ trang sức bông tai chống bụi hộp đựng đồ bông tai chống bụi,False,False,,,,,vòng tay,,False,1.034,,0.0,False,False,False,False,,,
860094277785,home,首饰收纳盒防氧化耳环耳钉项链绒布亚克力高档精致饰品盒子神器,"Hộp đựng đồ trang sức, bông tai chống oxy hóa, bông tai, vòng cổ, flannel, acrylic, hộp trang sức tinh tế cao cấp, thần thánh",False,False,,,,,,,False,0.862,,0.0,False,True,False,False,,,
1075853260639,home,【心造】轻奢首饰收纳盒便携精致分区收纳耳环耳钉项链手链戒指盒,"【Tâm Tạo】Hộp đựng trang sức cao cấp nhẹ nhàng, tiện lợi, tinh xảo, có ngăn chia, dùng để đựng bông tai, khuyên tai, dây chuyền, vòng tay, nhẫn",False,False,,,,,,【】,False,1.036,,0.07,False,False,False,False,,,
1057197323930,home,A类ins无印风四件套全棉被套床单被罩床笠新款学生宿舍三件套四季,"Bộ chăn ga gối 4 món phong cách Muji (ins) loại A, vỏ chăn, ga trải giường, vỏ chăn, ga chun 100% cotton, mẫu mới, bộ 3 món cho ký túc xá sinh viên, dùng được bốn mùa.",False,False,,"100, 3, 4",,,,,False,1.25,,0.06,False,False,True,False,,,
979279302754,home,轻奢高端200支母婴级纯棉四件套100%长绒棉床单床笠被套简约被罩4,"Bộ bốn món cotton nguyên chất cao cấp sang trọng nhẹ nhàng dành cho bà mẹ và trẻ sơ sinh Bộ bốn món ga trải giường, ga trải giường vừa vặn và vỏ chăn bằng 100% cotton sợi dài, vỏ chăn đơn giản 4",False,False,200,,,,ga trải giường,,False,1.615,vi_qua_dai,0.02,False,False,False,False,,,
1026697039702,home,母婴级A类有氧裸睡四件套纯棉床上双层纱云柔床单被套宿舍三4件套,"Bộ chăn ga gối 4 món cotton nguyên chất, vải xô hai lớp mềm mại như mây, thoáng khí, an toàn cho mẹ và bé (loại A), thích hợp ngủ trần, dùng cho ký túc xá, bộ 3 hoặc 4 món.",False,False,,"3, 4",,,,,False,1.31,,0.03,False,True,True,False,,,
902959591649,home,新款卡通床上用品四件套床单被套三件套单人双人学生宿舍寝室,Bộ đồ giường hoạt hình mới Bộ đồ giường bốn mảnh Bộ chăn ga gối ba mảnh Bộ đồ giường ký túc xá sinh viên đơn và đôi,False,False,,,,,,,False,1.0,,0.11,False,False,True,False,,,
1007489253486,home,A类母婴纯色双拼全棉床上四件套外贸跨境简约纯棉床单被套宿舍三,"Bộ chăn ga gối đệm bốn món, chất liệu cotton 100%, màu trơn hoặc hai màu, chất lượng cao, dành cho mẹ và bé, được thiết kế để xuất khẩu và bán xuyên biên giới, với kiểu dáng đơn giản, chất liệu cotton nguyên chất, phù hợp với các ký túc xá.",False,False,,100,,,,,False,1.759,vi_qua_dai,0.0,False,False,True,False,xuyên biên giới,,
998967293073,home,A类超柔全棉床上四件套ins裸睡纯棉床单被套罩床笠宿舍卡通三件套,Bộ bốn món giường cotton siêu mềm loại A trong khi ngủ khỏa thân Bộ ga trải giường cotton nguyên chất Vỏ chăn ga trải giường Ký túc xá Bộ ba món hoạt hình,False,False,,,,,,,False,1.214,,0.15,False,False,True,False,,,
1071466105053,home,床上四件套a类母婴级裸睡床单被套水洗棉被罩床笠学生宿舍三件套,"Bộ chăn ga gối 4 món, tiêu chuẩn A, cấp độ mẹ và bé, ga trải giường, vỏ chăn, vỏ chăn cotton giặt, ga chun, bộ 3 món cho ký túc xá sinh viên.",False,False,,"3, 4",,,vỏ chăn,,False,1.103,,0.03,False,False,False,False,,,
1000548719212,home,A类无印风床上四件套亲肤全纯色水洗棉被套床笠款简约床单三件套,"Bộ chăn ga gối 4 món kiểu dáng không in họa tiết, thân thiện với da, màu trơn, vỏ chăn cotton đã qua xử lý, kiểu ga trải giường có chun, bộ ga trải giường 3 món đơn giản.",False,False,,"3, 4",,,,,False,1.276,,0.0,False,False,True,False,,,
1081849362353,home,A类母婴纯色双拼全棉床上四件套外贸跨境简约纯棉床单被套宿舍3,"Bộ chăn ga gối 4 món cotton nguyên chất màu trơn phối hai màu, chất lượng loại A, dành cho mẹ và bé, phong cách tối giản, hàng xuất khẩu xuyên biên giới, ga trải giường và vỏ chăn cotton, dùng cho ký túc xá 3",False,False,,4,,,,,False,1.571,vi_qua_dai,0.02,False,False,False,False,xuyên biên giới,,
1043491910471,home,A类母婴级四件套加厚磨毛被套水洗棉床单学生宿舍三件套床上用品4,"Bộ chăn ga gối đệm cho trẻ sơ sinh và trẻ nhỏ loại A, gồm 4 món, bao gồm vỏ chăn dày dặn, có lớp lót mềm mại và ga trải giường bằng cotton đã qua xử lý, thích hợp cho ký túc xá sinh viên; bộ chăn ga gối đệm 3 món.",False,False,,3,,,,,False,1.759,vi_qua_dai,0.02,False,False,False,False,,,
1070350298537,home,母婴级A类全棉ins云柔四件套纯棉床上裸睡卡通床单被套宿舍三件套,"Bộ chăn ga gối đệm bốn món chất liệu cotton 100%, mềm mại như mây, loại A dành cho mẹ và bé, chất liệu cotton nguyên chất, thích hợp để ngủ không mặc quần áo, họa tiết hoạt hình, bộ ba món dành cho ký túc xá.",False,False,,100,,,,,False,1.643,vi_qua_dai,0.02,False,False,False,False,,,
1059240554422,home,a类母婴级超柔四件套水洗棉床单被套学生宿舍床笠三件套床上用品4,"Bộ chăn ga gối 4 món cotton giặt mềm mại siêu cấp A dành cho mẹ và bé, ga trải giường, vỏ chăn, bộ 3 món ga chun cho ký túc xá sinh viên, đồ dùng giường ngủ 4",False,False,,"3, 4",,,,,False,1.241,,0.03,False,False,True,False,,,
1012382225495,home,A类新疆长绒棉60支厚织全棉大提花四件套纯棉轻奢感被套床单床品2,"Bộ chăn ga gối 4 món 100% cotton dệt dày sợi 60, họa tiết jacquard lớn, cotton sợi dài Tân Cương loại A, vỏ chăn ga trải giường phong cách sang trọng nhẹ nhàng.",False,False,2,"100, 4",,,,,False,1.107,,0.1,False,False,False,False,,,
986677256359,home,纯棉四件套 100%全棉单件被套床笠三件套 单人宿舍被罩学生宿舍,"Bộ bốn món cotton nguyên chất, vỏ chăn đơn 100% cotton, bộ ba món ga trải giường, vỏ chăn đơn ký túc xá, ký túc xá sinh viên.",False,False,,,,,ký túc xá,,False,1.038,,0.0,False,False,False,False,,,
1020075861719,home,a类皱皱双层纱被套单件150x200x230学生宿舍床单人被罩套四件套三,"Bộ chăn ga gối cao cấp, chất liệu vải voan hai lớp, có độ nhăn tự nhiên, một bộ, kích thước 150x200x230, phù hợp cho ký túc xá sinh viên, bao gồm ga trải giường, vỏ chăn và bộ bốn món.",False,False,,,,,,,False,1.75,vi_qua_dai,0.0,False,False,False,False,,,
940963643511,home,A类床上纯棉四件套2025新款全棉床单被套床品学生单人宿舍三件套4,Bộ bốn mảnh cotton nguyên chất cho giường loại A 2025 bộ khăn trải giường cotton mới bộ ba mảnh cho sinh viên ký túc xá đơn 4,False,False,,,,,,,False,0.963,,0.04,False,False,True,False,,,
884263218349,home,A类纯棉四件套新款床上用品全棉床单被套被罩床笠学生宿舍三件套4,"Bộ đồ giường bốn mảnh cotton loại A, bộ đồ giường mới, bộ chăn bông, bộ chăn bông, bộ đồ ba mảnh cho ký túc xá sinh viên 4",False,False,,,,,bộ chăn bông,,False,0.966,,0.04,False,False,False,False,,,
1002595763961,home,高端100支全棉长绒棉四件套四季通用纯棉印花被套罩床单床上用品,"Bộ chăn ga gối 4 món cotton sợi dài 100% cao cấp, 100 sợi, dùng được bốn mùa, vỏ chăn in họa tiết, ga trải giường, đồ dùng giường ngủ.",False,False,,"100, 4",,,,,False,0.964,,0.0,False,False,True,False,,,
989004714735,home,新款卡通床上用品四件套床单被套三件套单人双人学生宿舍寝室,"Bộ chăn ga gối hoạt hình mới, bộ bốn món, ga trải giường, vỏ chăn, bộ ba món, đơn, đôi, phòng ngủ ký túc xá sinh viên",False,False,,,,,,,False,0.964,,0.0,False,False,True,False,,,
975237437651,home,工厂直供全棉100支提花四件套轻奢高级感纯棉床单三件套床笠被套,"Nhà máy cung cấp trực tiếp bộ bốn món vải cotton jacquard 100 sợi, bộ ba món ga trải giường cotton cao cấp sang trọng nhẹ nhàng, ga trải giường, vỏ chăn",False,False,,,,,,,False,1.107,,0.0,False,False,True,False,nhà máy|nhà sản xuất,,
867980227703,home,A类全棉加厚磨毛四件套贝壳边纯棉被套床笠床单床上秋冬款三件套~,"Loại A Bộ bốn mảnh cotton dày và chà nhám, vỏ sò, vỏ chăn bông, ga trải giường, ga trải giường, bộ ba mảnh mẫu thu đông ~",False,False,,,,,ga trải giường,~,False,0.931,,0.08,False,False,False,False,,,
1031957298889,home,A类母婴级全棉被套纯棉被罩单件磨毛四件套学生宿舍床上3三件套4,"Bộ chăn ga gối đệm cho trẻ sơ sinh và trẻ nhỏ, chất lượng A, 100% cotton, bao gồm vỏ chăn cotton chải lông một chiếc và bộ bốn món, thích hợp cho ký túc xá sinh viên, có các lựa chọn ba món và bốn món.",False,False,"3, 4",100,,,,,False,1.643,vi_qua_dai,0.02,False,False,False,False,,,
827819548557,home,牛奶绒四件套单件被单加厚宿舍单人被罩被套牛奶绒宿舍款极速发货,"Bộ bốn món nhung sữa, vỏ chăn đơn, vỏ chăn đơn dày dặn kiểu ký túc xá, nhung sữa kiểu ký túc xá, giao hàng nhanh.",False,False,,,,,vỏ chăn đơn,,False,0.867,,0.0,False,False,False,False,,,
1013075331312,home,a类母婴级超柔四件套水洗棉床单被套学生宿舍床笠三件套床上用品4,"Bộ chăn ga gối đệm cotton giặt được siêu mềm cấp độ A dành cho mẹ và bé, bộ 4 món (ga trải giường, vỏ chăn), bộ 3 món (ga chun) cho ký túc xá sinh viên, đồ dùng giường ngủ 4",False,False,,"3, 4",,,,,False,1.345,,0.03,False,False,True,False,,,
1017512790299,home,A类母婴全棉纯色床上四件套阳离子简约纯棉床单笠被罩跨境外贸三4,"Bộ chăn ga gối đệm chất liệu cotton 100%, loại cao cấp, màu trơn, dành cho mẹ và bé, với thiết kế đơn giản, chất liệu cotton nguyên chất, phù hợp để bán trên các nền tảng thương mại điện tử xuyên biên giới.",False,False,4,100,,,,,False,1.483,,0.0,False,False,False,False,xuyên biên giới,,
1034477737329,home,A类母婴级泡芙双层纱床上四件套纯棉全棉床单被套学生宿舍三件套4,"Bộ chăn ga gối làm từ vải gạc hai lớp, chất lượng cao, an toàn cho trẻ sơ sinh, bao gồm một bộ gồm bốn món với ga trải giường và vỏ chăn làm từ 100% cotton, và một bộ ba món phù hợp cho ký túc xá sinh viên.",False,False,4,100,,,,,False,1.69,vi_qua_dai,0.0,False,False,False,False,,,
766680095256,home,轻奢100支纯棉长绒棉四件套双拼100%全棉贡缎床单四件套纯色被套,"Sang trọng nhẹ 100 Bộ bốn mảnh cotton dài cotton nguyên chất, Bộ bốn mảnh, Bộ bốn mảnh 100% cotton satin, bộ bốn mảnh, vỏ chăn màu trơn",False,False,,,,,bộ bốn mảnh,,False,1.0,,0.12,False,False,False,False,,,
910406117561,home,A类法式床上用品四件套水洗全棉双层纱被套床单夏床笠宿舍三件套4,"Bộ chăn ga gối kiểu Pháp hạng A, chất liệu cotton đã qua xử lý, gồm vỏ chăn gạc hai lớp, ga trải giường, ga trải giường mùa hè, bộ ba món dành cho ký túc xá 4 món.",False,False,,,,,ga trải giường,,False,1.31,,0.05,False,False,False,False,,,
1058904329881,home,A类100支长绒棉全棉提花被套被罩2026新款防螨纯棉床单笠四件套,"Bộ 4 món ga trải giường và vỏ chăn jacquard 100% cotton sợi dài loại A, 100 sợi, mẫu mới 2026, chống mạt bụi, ga trải giường cotton nguyên chất.",False,False,,"100, 4",,,,,False,1.04,,0.04,False,True,False,False,,,
793678169549,home,床上四件套A类可裸睡水洗棉被套纯色床单学生宿舍三件套床笠批发4,"Bộ bốn mảnh trên giường một loại có thể ngủ Khỏa Thân, Bộ Chăn bông giặt, bộ Khăn trải giường màu trơn, bộ ba mảnh ký túc xá sinh viên, Bộ Khăn trải giường bán buôn 4",False,False,,,,,,,False,1.241,,0.2,False,False,True,False,bán buôn,,
1080528532078,home,全棉床上四件套100纯棉床单被套学生宿舍单人被罩三件套4床上用品,"Bộ chăn ga gối đệm bốn món làm hoàn toàn từ vải cotton, gồm ga trải giường và vỏ chăn 100% cotton nguyên chất, phù hợp cho ký túc xá sinh viên, bộ vỏ chăn đơn, bộ chăn ga gối đệm ba món dành cho giường bốn người.",False,False,4,,,,,,False,1.679,vi_qua_dai,0.0,False,False,False,False,,,
1016434345073,home,ins双层纱床上四件套2026款a类儿童卡通床品宿舍床单被套罩三件套,"Bộ chăn ga gối bốn món vải gạc hai lớp kiểu ins, mẫu 2026, bộ chăn ga gối hoạt hình trẻ em hạng A, bộ ga trải giường và vỏ chăn cho ký túc xá.",False,False,,,,,,,False,1.308,,0.03,False,False,True,False,,,
1044480215302,home,A类母婴级全棉双层纱四件套纯棉被套被罩单件学生宿舍床上三件套4,"Bộ bốn món chất liệu vải thô hai lớp, 100% cotton loại A, vỏ chăn cotton nguyên chất, một chiếc, phù hợp cho ký túc xá sinh viên, bộ chăn ga gối ba món.",False,False,4,100,,,,,False,1.138,,0.03,False,False,True,False,,,
970921298346,home,A类母婴级ins全棉裸睡四件套纯棉床单被套床笠款大学生宿舍三件套,Loại A dành cho bà mẹ và trẻ sơ sinh Bộ bốn món ngủ khỏa thân bằng cotton nguyên chất Bộ ga trải giường bằng vải cotton nguyên chất Bộ ga trải giường ba món dành cho sinh viên đại học ký túc xá,False,False,,,,,,,False,1.571,vi_qua_dai,0.09,False,False,False,False,,,
1001700602068,home,A类母婴级四件套纯棉全棉双层纱床上床单被套新款宿舍床笠三4件套,Loại A Bộ bốn món dành cho bà mẹ và trẻ sơ sinh Bộ ga trải giường và vỏ chăn bằng sợi cotton nguyên chất hai lớp Bộ ga trải giường ký túc xá mới Bộ ba mảnh,False,False,4,,,,,,False,1.31,,0.14,False,False,False,False,,,
848278973396,home,a类全棉磨毛四件套ab面被套床单款纯棉春秋款加厚宿舍床上三件套~,Loại a Bộ bốn món cotton nguyên chất chải ab bên vỏ chăn ga trải giường Bộ ba món giường ký túc xá dày cotton nguyên chất xuân thu ~,False,False,,,,,,~,False,1.036,,0.07,False,False,False,False,,,
1068034577144,home,贝壳边A类母婴级纯棉四件套小清新三角针床单被套裸睡宿舍三件套~,"Bộ chăn ga gối 4 món cotton nguyên chất cấp độ A cho mẹ và bé, viền vỏ sò, phong cách nhẹ nhàng, chần bông tam giác, ga trải giường và vỏ chăn, thích hợp ngủ trần, bộ 3 món cho ký túc xá~",False,False,,"3, 4",,,,~,False,1.448,,0.02,False,False,False,False,,,
962320669041,home,高级感轻奢四件套学生宿舍三件套100水洗棉60s被套床单床笠款床品,"Bộ chăn ga gối cao cấp 4 món dành cho ký túc xá sinh viên, bộ 3 món, chất liệu cotton 100% đã qua xử lý, vỏ chăn, ga trải giường, ga bọc đệm.",False,False,60,"3, 4",,,,,False,1.148,,0.0,False,False,False,False,,,
1009774625717,home,纯棉四件套全棉床上用品2026新款清新碎花被套宿舍床单三件套四季,"Bộ chăn ga gối 100% cotton, bộ 4 món, mẫu mới 2026, họa tiết hoa nhí tươi mát, vỏ chăn, ga trải giường ký túc xá, bộ 3 món, dùng được bốn mùa.",False,False,,"100, 3, 4",,,,,False,1.036,,0.0,False,True,False,False,,,
915179750545,home,高端100支全棉长绒棉四件套四季通用纯棉印花被套罩床单床上用品,Bộ chăn bông bốn mảnh 100% cotton dài 100% cotton bốn mùa cao cấp,False,False,,100,,,,,False,0.429,vi_qua_ngan,0.0,False,False,True,False,,,
986929277628,home,ins风简约小清新床单用品四件套被套床单学生宿舍三件套4,Ins phong cách đơn giản nhỏ tươi giường ga trải giường cung cấp bốn mảnh vỏ chăn ga trải giường ký túc xá sinh viên ba món 4,False,False,,,,,,,False,1.125,,0.0,False,False,True,False,,,
1013097729488,home,A类超柔全棉床上四件套ins裸睡纯棉床单被套罩床笠宿舍卡通三件套,"Bộ chăn ga gối 4 món cotton siêu mềm loại A, phong cách ins, ga trải giường, vỏ chăn, ga bọc đệm cotton nguyên chất, thoải mái ngủ trần, bộ 3 món hoạt hình cho ký túc xá.",False,False,,"3, 4",,,,,False,1.286,,0.03,False,False,True,False,,,
1001534069213,home,ins风裸睡A类四件套纯棉双层纱被罩床单被套宿舍母婴级全棉三件套,"Bộ chăn ga gối đệm bốn món cao cấp phong cách Ins, chất liệu cotton nguyên chất, vải gạc hai lớp, vỏ chăn, ga trải giường, vỏ chăn, bộ ba món dành cho ký túc xá, mẹ và bé, chất liệu hoàn toàn bằng cotton",False,False,,,,,,,False,1.607,vi_qua_dai,0.02,False,False,False,False,,,
1077719122033,home,优质亲肤被套单件被罩单双人宿舍床单1.1/1.5/1.8/2米三四件套,Bộ vỏ chăn và ga trải giường đơn chất lượng cao thân thiện với da dành cho giường đơn hoặc giường đôi ký túc xá 1.1/1.5/1.8/ 2.34m bộ,False,False,2,2.34,,,,,False,1.227,,0.0,False,False,True,False,,,
960599058307,home,高级感~100支全棉提花四件套纯棉 欧式简约床单被套A类母婴级床品,Cảm giác cao cấp ~ Bộ bốn món cotton jacquard 100 đếm bằng cotton nguyên chất Bộ ga trải giường và vỏ chăn đơn giản theo phong cách Châu Âu Loại A Bộ đồ giường dành cho bà mẹ và trẻ sơ sinh,False,False,,,,,,~,False,1.519,,0.18,False,False,False,False,,,
998638830994,home,卡通豹纹kt毛巾绣四件套纯水洗棉双层纱被套被罩床单床笠款三件套,Phim hoạt hình da báo kt khăn thêu bốn món nguyên chất cotton giặt sợi hai lớp vỏ chăn vỏ chăn ga trải giường bộ ba món,False,False,,,,,vỏ chăn,,False,0.931,,0.0,False,False,False,False,,,
1002500051122,home,ins床品四件套纯棉全棉贝壳边新款床单被套床笠宿舍三件套四季款,"Bộ chăn ga gối 4 món phong cách ins, 100% cotton, viền vỏ sò, mẫu mới, bao gồm ga trải giường, vỏ chăn, ga chun, bộ 3 món cho ký túc xá, dùng được bốn mùa.",False,False,,"100, 3, 4",,,,,False,1.179,,0.0,False,False,True,False,,,
905320890575,home,A类法式四件套全棉纯棉花边碎花被套小清新100棉床单床笠床上用品,Bộ 4 món kiểu Pháp loại A 100% cotton 100% cotton viền hoa nhỏ tươi 100 ga trải giường ga trải giường bộ đồ giường,False,False,,"100, 100, 4",,,ga trải giường,,False,0.75,,0.1,False,False,False,False,,,
1077961767530,home,A类软糯泡芙纱四件套加厚有氧裸睡双层纱床单被套宿舍床上三件套a,"Bộ chăn ga gối đệm bốn món cao cấp, mềm mại và êm ái, chất liệu dày dặn, thoáng khí, thích hợp để ngủ không mặc quần áo, gồm ga trải giường hai lớp và vỏ chăn, bộ ba món dành cho giường ký túc xá.",False,False,,,,,,,False,1.586,vi_qua_dai,0.0,False,False,False,False,,,
669434526100,home,高级感母婴级100四件套简约长绒棉轻奢纯棉全棉被套床单床笠酒店,"Bộ bốn món cao cấp dành cho mẹ và bé, chất liệu cotton sợi dài đơn giản, vỏ chăn, ga trải giường, ga trải giường bằng cotton nguyên chất nhẹ nhàng sang trọng, dùng cho khách sạn.",False,False,100,,,,ga trải giường,,False,1.321,,0.0,False,False,False,False,,,
1074693709239,home,超柔软~法式田园风100%纯棉四件套小碎花边被套棉三件套南通床品,"Siêu mềm mại~ Bộ chăn ga gối 4 món 100% cotton phong cách đồng quê Pháp, vỏ chăn viền ren hoa nhí, bộ 3 món cotton, chăn ga gối Nantong",False,False,,"3, 4",,,,~,False,1.0,,0.12,False,False,False,False,,,
1056695946438,home,A类母婴级全棉双层纱四件套纯棉被套被罩单件学生宿舍床上三件套4,"Bộ 4 món chăn ga gối vải xô hai lớp 100% cotton chuẩn A dành cho mẹ và bé, vỏ chăn cotton nguyên chất, bộ 3 món ga trải giường ký túc xá sinh viên 4",False,False,,"100, 3, 4",,,,,False,1.103,,0.03,False,False,True,False,,,
1010749760261,home,高端A类纯棉四件套轻奢刺绣被套主卧室高级感全棉四件套1.51.82米,"Bộ chăn ga gối 4 món cotton nguyên chất cao cấp loại A, vỏ chăn thêu họa tiết sang trọng nhẹ nhàng, mang lại vẻ cao cấp cho phòng ngủ chính, bộ 4 món 100% cotton 1. 51.82m",False,False,"1.51, 82","1, 100, 4, 4, 51.82",,,,,False,1.308,,0.03,False,False,False,False,,,
886984120096,home,a类母婴级60支纯棉四件套ins风全棉床上四件套纯色南通家纺春秋款,Bộ bốn mảnh vải cotton loại A dành cho bà mẹ và trẻ sơ sinh 60 mảnh bộ bốn mảnh vải cotton phong cách ins bộ bốn mảnh vải cotton thuần màu Nam Thông dệt may mẫu xuân thu,False,False,,,,,,,False,1.407,,0.08,False,False,True,False,,,
707700664932,home,纯棉日式水洗棉四件套无印工厂全棉床单床笠学生宿舍床上用品批发,"Bông bốn mảnh cotton kiểu Nhật Bản, ga trải giường, ga trải giường, ga trải giường, ký túc xá sinh viên, bán buôn",False,False,,,,,ga trải giường,,False,0.767,,0.09,False,False,False,False,bán buôn,,
941533431438,home,A类皱皱纱双层纱全棉花边四件套单双人被套床单床笠款一件代发,"Bộ bốn món vải gạc nhăn hai lớp bằng cotton ren loại A, vỏ chăn đơn/đôi, ga trải giường, ga trải giường có dây buộc, vận chuyển một mảnh.",False,False,,,,,ga trải giường,,False,1.071,,0.03,False,False,False,False,,,
736761988493,home,秋冬新款纯棉100支素色磨毛四件套A类全棉纯色床笠被套床单三件套,Bộ bốn mảnh vải bông 100 màu trơn mới cho mùa thu và mùa đông,False,False,,,,,,,False,0.5,vi_qua_ngan,0.0,False,False,False,False,,,
1000005807757,home,小清新床上用品单被套学生宿舍三件套被单4件套磨毛水洗棉四件套,"Bộ chăn ga gối đệm đơn giản và tươi mới: Vỏ chăn đơn, Bộ ba món ký túc xá sinh viên, Bộ bốn món, Bộ bốn món cotton chải kỹ.",False,False,4,,,,bộ bốn món,,False,1.034,,0.14,False,False,False,False,,,
901027619648,home,四件套四季通用水洗棉床单被套学生宿舍单人春季三件套床上用品男,Bộ chăn ga trải giường cotton giặt nước bốn mùa thông dụng bốn mùa,False,False,,,,,,,False,0.467,vi_qua_ngan,0.0,False,False,False,False,,,
907733788197,home,2026夏季纯色冰丝四件套a类凉感床单被套宿舍三件套南通床上用品4,"Bộ chăn ga gối hè 2026 chất liệu lụa đá màu trơn, bộ 4 món, chất lượng cao cấp, ga trải giường và vỏ chăn, bộ 3 món ký túc xá, bộ đồ giường Nam Thông 4",False,False,,"3, 4",,,,,False,1.222,,0.06,False,False,True,False,,,
1040977102661,home,A类无印风床上四件套亲肤全纯色水洗棉被套床笠款简约床单三件套,"Bộ chăn ga gối 4 món phong cách Muji loại A, thân thiện với da, màu trơn, cotton giặt, vỏ chăn và ga chun, bộ ga trải giường 3 món đơn giản.",False,False,,"3, 4",,,,,False,1.034,,0.07,False,False,True,False,,,
1064793838543,home,双层纱被套单件2026新款单独1.5米四件套单人被罩150x200三件套,"Vỏ chăn vải voan hai lớp, mẫu mới 2026, bán lẻ 1.9m vỏ chăn đơn 150x200, bộ ba món",False,False,1.5,1.9,,,,,False,0.818,,0.0,False,False,False,False,,,
1026578033672,home,日式四件套全棉水洗棉纯棉条纹床单被套简约极简民宿床笠床上用品,"Bộ chăn ga gối 4 món phong cách Nhật Bản, 100% cotton, cotton giặt, họa tiết kẻ sọc, ga trải giường, vỏ chăn, ga chun, đồ dùng giường ngủ tối giản, dùng cho homestay.",False,False,,"100, 4",,,,,False,1.067,,0.06,False,False,True,False,,,
796315307082,home,批发100全棉四件套a类母婴级新疆棉纯棉被套被罩床单床笠床上用品,Bán Buôn 100 Cotton 4 Bộ Lớp A Mẹ Và Trẻ Sơ Sinh Cấp Cotton Nguyên Chất Cotton Vỏ Chăn Vỏ Chăn Ga Giường giường Ga Giường Chăn Ga Gối,False,False,,4,,,vỏ chăn,,False,1.0,,0.96,True,False,False,False,bán buôn,,
1006986549665,home,a类原麻复古加厚磨毛四件套宿舍被套床单床笠款四季床上用品南通,"Bộ chăn ga gối đệm bốn món chất liệu vải gai nguyên bản loại A, kiểu dáng cổ điển, dày dặn, được chải kỹ, phù hợp cho ký túc xá, bao gồm vỏ chăn, ga trải giường và ga bọc, thích hợp sử dụng trong mọi mùa, sản xuất tại Nantong.",False,False,,,,,,,False,1.759,vi_qua_dai,0.04,False,False,False,False,,,
728918473424,home,欧式贡缎提花四件套床裙款床罩被套1.5m1.8米2m双人床上用品套件,"Bộ chăn ga gối 4 chiếc satin Jacquard phong cách Châu Âu Bộ chăn ga gối 1, 5M1, 8 M 2m giường đôi 2m",False,False,"1.5, 1.8","1, 1, 2, 4, 5, 8",,,,,False,0.84,,0.3,False,False,False,False,,,
1080080437396,home,A类母婴级床上裸睡四件套纯棉蕾丝花边床单被套罩学生宿舍三4件套,"Bộ chăn ga gối 4 món cotton nguyên chất viền ren, chuẩn A, an toàn cho mẹ và bé, dùng ngủ trần trên giường, phù hợp cho ký túc xá sinh viên.",False,False,,,,,,,False,1.069,,0.03,False,False,True,False,,,
713548100475,home,水洗真丝床上四件套冰丝裸睡床品天丝刺绣被套床单床笠三四季款,"Bộ chăn ga gối đệm lụa tơ tằm bốn món, chất liệu lụa đá mát lạnh khi ngủ không mặc gì, vỏ chăn thêu Tencel, ga trải giường, ga trải giường có dây, kiểu dáng dùng được quanh năm",False,False,,,,,ga trải giường,,False,1.345,,0.03,False,False,False,False,,,
762016864219,home,a类全棉四件套纯棉被套南通水洗棉床上用品纯色床单被罩三件套4,"Một bộ chăn bông bốn mảnh cotton nguyên chất, bộ chăn ga gối đệm bông giặt Nam Thông, bộ chăn ga trải giường ba mảnh 4",False,False,,,,,,,False,0.893,,0.08,False,False,True,False,,,
1072213011438,home,秋！100%全棉大提花A类母婴级四件套网红风纯棉蝴蝶结被套亲肤柔,"Mùa thu! Bộ chăn ga gối bốn món chất liệu 100% cotton, họa tiết jacquard lớn, loại A, dành cho mẹ và bé, kiểu dáng thời trang, chất liệu cotton nguyên chất, có thiết kế nơ, mềm mại và thân thiện với làn da.",False,False,,,,,,,False,1.654,vi_qua_dai,0.05,False,False,False,False,,,
1033777079718,home,少女心床单四件套纯棉全棉新款蝴蝶结被套床笠床上用品宿舍三件套,"Bộ chăn ga gối đệm bốn món kiểu dáng nữ tính, chất liệu cotton nguyên chất, vỏ chăn mới có nơ, ga trải giường, bộ đồ giường, bộ đồ giường ba món dành cho ký túc xá.",False,False,,,,,bộ đồ giường,,False,1.233,,0.0,False,False,False,False,,,
1038164467361,home,纯棉四件套全棉床上用品2026新款清新碎花被套宿舍床单三件套四季,"Bộ chăn ga gối 100% cotton, bộ 4 món, mẫu mới 2026, họa tiết hoa nhí tươi mát, vỏ chăn, ga trải giường ký túc xá, bộ 3 món, dùng được bốn mùa.",False,False,,"100, 3, 4",,,,,False,1.036,,0.0,False,True,False,False,,,
1081004423574,home,母婴级A类裸睡超柔四件套纯棉双层纱布床单被套罩宿舍床笠三4件套,"Bộ chăn ga gối 4 món cotton nguyên chất vải xô hai lớp siêu mềm mại, an toàn chuẩn A cho mẹ và bé, thích hợp ngủ trần, bao gồm ga trải giường, vỏ chăn, vỏ gối và ga bọc đệm, dùng cho ký túc xá.",False,False,,,,,,,False,1.552,vi_qua_dai,0.02,False,False,False,False,,,
1052138135026,home,ins双层纱床上四件套2026款a类儿童卡通床品宿舍床单被套罩三件套,"Bộ chăn ga gối 4 món vải voan hai lớp phong cách ins mẫu 2026, bộ chăn ga gối hoạt hình trẻ em loại A, bộ 3 món ga trải giường và vỏ chăn cho ký túc xá.",False,False,,"3, 4",,,,,False,1.346,,0.03,False,False,True,False,,,
1003192279719,home,工厂直供全棉100支提花四件套轻奢高级感纯棉床单三件套床笠被套,"Cung cấp trực tiếp từ nhà máy, bộ chăn ga gối 4 món dệt jacquard 100% cotton sợi 100, phong cách sang trọng nhẹ nhàng, cao cấp, bộ 3 món ga trải giường cotton nguyên chất, ga chun, vỏ chăn.",False,False,,"100, 3, 4",,,,,False,1.286,,0.0,False,False,True,False,nhà máy|nhà sản xuất,,
1060339324897,home,母婴级A类正品床上四件套ins裸睡纯水洗棉床单被套被罩宿舍三件套,"Bộ chăn ga gối 4 món chuẩn A cấp mẹ và bé, hàng chính hãng, phong cách ins, chất liệu cotton giặt nước nguyên chất, thích hợp ngủ trần, ga trải giường, vỏ chăn, bộ 3 món ký túc xá.",False,False,,"3, 4",,,,,False,1.357,,0.03,False,False,True,False,,,
955889573716,home,夏季轻奢水洗冰丝四件套真丝简约纯色被罩被套学生宿舍三件套床,"Bộ chăn ga gối 4 món lụa băng giặt nước cao cấp nhẹ nhàng mùa hè, vỏ chăn vỏ gối lụa tơ tằm màu trơn đơn giản, bộ 3 món cho ký túc xá sinh viên.",False,False,,"3, 4",,,,,False,1.172,,0.0,False,False,True,False,,,
1066416380524,home,Ins风12868全棉活性印花四件套纯棉小清新床单被套床品三件套裸睡,"Bộ chăn ga gối đệm bốn món, chất liệu 100% cotton, kiểu dáng hiện đại, họa tiết in theo công nghệ phản ứng, mang đến vẻ tươi mới và đơn giản, bao gồm ga trải giường và vỏ chăn, phù hợp để ngủ mà không cần mặc quần áo.",False,False,12868,100,,,,,False,1.846,vi_qua_dai,0.0,False,False,False,False,,,
1003336555926,home,夏季轻奢水洗冰丝四件套真丝简约纯色被罩被套学生宿舍三件套床,"Bộ chăn ga gối bốn món lụa lạnh cao cấp, kiểu dáng đơn giản, màu trơn, phù hợp cho mùa hè, bộ chăn ga gối ba món dành cho sinh viên ký túc xá.",False,False,,,,,,,False,1.172,,0.0,False,False,True,False,,,
899661180534,home,优质亲肤被套单件被罩单双人宿舍床单1.1/1.5/1.8/2米三四件套,Bộ chăn ga gối đệm thân thiện với da chất lượng cao Bộ chăn ga trải giường ký túc xá đôi đơn 1.1/1.5/1.8/2 m,False,False,,,,,,,False,1.045,,0.05,False,False,True,False,,,
929548768359,home,a类母婴级60支纯棉四件套ins风全棉床上四件套纯色南通家纺春秋款,Loại A dành cho bà mẹ và trẻ sơ sinh Bộ bốn món cotton nguyên chất 60 chiếc theo phong cách Ins Bộ bốn món giường cotton màu trơn Nantong dệt may gia đình phong cách xuân thu,False,False,,,,,,,False,1.37,,0.14,False,False,True,False,,,
1052307375779,home,A类母婴纯色双拼全棉床上四件套外贸跨境简约纯棉床单被套宿舍三,"Bộ chăn ga gối 4 món cotton nguyên chất màu trơn phối hai màu, loại A, dành cho mẹ và bé, phong cách tối giản, hàng xuất khẩu xuyên biên giới, ga trải giường và vỏ chăn cotton nguyên chất, dùng cho ký túc xá.",False,False,,4,,,,,False,1.517,,0.02,False,False,True,False,xuyên biên giới,,
831394947500,home,出口日本丨100%纯棉全棉春秋四件套 床上床品被套床单床笠款床品,Xuất khẩu sang Nhật Bản 丨 Bộ chăn ga gối bốn mảnh 100% cotton mùa xuân và mùa thu,True,False,,,,,,,False,0.667,,0.18,False,False,False,False,,,
918876859372,home,高端亲肤卡通新疆长绒棉纯棉四件套高级感全棉刺绣被套床单床品,"Bộ chăn ga gối cotton nguyên chất cao cấp, họa tiết hoạt hình Xinjiang, chất liệu cotton sợi dài, thân thiện với da, gồm 4 món, mang lại cảm giác sang trọng, với vỏ chăn, ga trải giường và bộ đồ giường được thêu hoàn toàn.",False,False,,4,,,,,False,1.552,vi_qua_dai,0.02,False,False,False,False,,,
1037375254779,home,LF级100支奥地利兰精天丝四件套夏季纯色床单被套床笠宿舍三件套,"Bộ chăn ga gối 4 món Tencel Lenzing Áo 100 sợi cấp LF, ga trải giường, vỏ chăn, ga chun màu trơn mùa hè, bộ 3 món ký túc xá.",False,False,,"3, 4",,,,,False,1.0,,0.12,False,False,True,False,,,
1069746467787,home,源头工厂牛奶绒四件套 纯色拼色翡色 150*200cm单被套 买家秀实拍,"Trực tiếp từ nhà máy: Bộ chăn ga gối bốn món chất liệu nhung mềm mại, màu trơn với điểm nhấn màu xanh ngọc bích, kích thước 150*200cm, bao gồm vỏ chăn đơn. Hình ảnh thực tế từ khách hàng.",False,False,,,,,,*,False,1.667,vi_qua_dai,0.05,False,False,False,False,nhà máy|nhà sản xuất,,
987249766591,home,2025新款100%全棉磨毛四件套轻奢纯棉床上床单被套床笠款三件套~~,"Mẫu mới 2025, bộ chăn ga gối 4 món 100% cotton chải lông, phong cách sang trọng nhẹ nhàng, chất liệu cotton nguyên chất, có các mẫu ga trải giường, vỏ chăn, ga bọc đệm, bộ 3 món~~",False,False,,"3, 4",,,,~,False,1.36,,0.0,False,False,False,False,,,
977233084476,home,床上用品水洗棉卡通四件套ins风纯棉全棉床单被套床笠学生宿舍,"Bộ ga trải giường bằng cotton đã qua xử lý, họa tiết hoạt hình, bộ bốn món, ga trải giường cotton nguyên chất phong cách ins, vỏ chăn, ga trải giường có chun dành cho ký túc xá sinh viên.",False,False,,,,,,,False,1.481,,0.0,False,False,True,False,,,
836754318580,home,纯棉酒店宾馆床上用品学校三四件套纯白贡缎民宿被套床单布草套件,"Bộ chăn ga gối đệm khách sạn khách sạn cotton nguyên chất, bộ chăn ga gối đệm nhà nghỉ ba bốn mảnh màu trắng tinh khiết",False,False,,,,,khách sạn,,False,0.867,,0.0,False,False,False,False,,,
1036248657044,home,贡缎提花|新疆100支长绒棉四件套全棉被套纯棉床单高级感床上用品,"Vải gấm dệt jacquard | Bộ chăn ga gối 4 món cotton sợi dài 100 sợi Tân Cương, vỏ chăn và ga trải giường 100% cotton nguyên chất, đồ dùng giường ngủ cao cấp.",False,False,,"100, 4",,,,|,False,1.071,,0.1,False,False,False,False,,,
575020879463,home,厨房用品316不锈钢刷锅网洗锅网金属圆环网 厨房神器清洁刷锅网,Đồ dùng nhà bếp 316 lưới bàn chải bằng thép không gỉ lưới Bàn Chải Lưới bàn chải lưới kim loại,False,False,,,,,lưới bàn chải,,False,0.741,,0.16,False,False,False,False,,,
1065454211447,home,【抖音爆款】灶台钢丝刷燃气灶清洁刷厨房煤气灶工具神器缝隙刷子,"【Sản phẩm hot TikTok】Bàn chải thép vệ sinh bếp ga, dụng cụ thần thánh cho bếp ga nhà bếp, bàn chải làm sạch khe kẽ",False,False,,,,,,【】,False,0.929,,0.08,False,False,True,False,amazon|temu|shein|tiktok,,
797531483710,home,加厚刀架免打孔厨房置物架厨房用品多功能壁挂式筷子筒菜刀具收纳,"Giá dao dày, giá để bếp không đục lỗ, đồ dùng nhà bếp, ống đũa treo tường đa chức năng, đựng dao đựng đồ ăn",False,False,,,,,,,False,0.833,,0.0,False,True,False,False,,,
851554284168,home,百洁布多功能海绵擦居家居厨房用品用具家用大全生活实用洗碗日用,"Khăn lau bọt biển đa chức năng, đồ dùng nhà bếp, đồ dùng gia đình",False,False,,,,,,,False,0.5,vi_qua_ngan,0.0,False,False,False,False,,,
834785537458,home,锅铲炒勺304不锈钢炒菜铲子长柄家用厨房厨具套装汤勺子厨师专用,Xẻng xào xẻng xào inox 304 cán dài bộ dụng cụ nhà bếp gia dụng muỗng canh chuyên dùng cho đầu bếp,False,False,,,,,xẻng xào,,False,0.75,,0.0,False,False,False,False,,,
997075892185,home,葱姜蒜收纳盒壁挂放生姜大蒜蔬菜篮吸盘置物架厨房免打孔收纳神器,"Hộp đựng hành, gừng và tỏi Giỏ đựng rau treo tường có kệ hút, giải pháp lưu trữ không cần đục lỗ trong nhà bếp.",False,False,,,,,,,False,0.833,,0.04,False,True,False,False,,,
829801347341,home,洗菜盆双层沥水篮厨房用品客厅茶几家用水果果盘篮子盆子淘菜盆篮,Chậu rửa rau Giỏ thoát nước hai lớp Đồ dùng nhà bếp Bàn trà phòng khách Giỏ đĩa trái cây gia dụng Giỏ chậu rửa rau,False,False,,,,,,,False,0.867,,0.2,False,False,True,False,,,
1003141136082,home,【抖音爆款】灶台钢丝刷燃气灶清洁刷厨房煤气灶工具神器缝隙刷子,"Mặt hàng nổi tiếng trên TikTok: Bàn chải dây bếp, bàn chải vệ sinh bếp gas, dụng cụ vệ sinh bếp gas nhà bếp, bàn chải khe hở thần kỳ.",False,False,,,,,,,False,1.071,,0.07,False,False,True,False,amazon|temu|shein|tiktok,,
996453084881,home,葱姜蒜收纳盒壁挂放生姜大蒜蔬菜篮吸盘置物架厨房免打孔收纳神器,"Hộp đựng hành, gừng và tỏi Giỏ đựng rau treo tường có kệ hút, giải pháp lưu trữ không cần đục lỗ trong nhà bếp.",False,False,,,,,,,False,0.833,,0.04,False,True,False,False,,,
860667930170,home,冰箱置物架内部多层厨房用品家用大全分层隔台面碗架调料瓶收纳架,Giá để đồ tủ lạnh bên trong nhiều lớp đồ dùng nhà bếp,False,False,,,,,,,False,0.433,vi_qua_ngan,0.0,False,False,False,False,,,
983887627279,home,多功能手持无线电电动清洁刷厨房洗碗刷浴室水池瓷砖电动清洁神器,Đa Năng Cầm Tay Đài Phát Thanh Điện Bàn Chải Làm Sạch Nhà Bếp Rửa Bát Bàn Chải Bồn Rửa Phòng Tắm Ngói Điện Làm Sạch Hiện Vật,False,False,,,,,,,False,0.933,,1.0,True,False,True,False,,,
896527668315,home,纳米清洁宝刷锅神器不伤锅去污棒除垢锅刷魔力刷厨房日用品清洁擦,Nano Qingjiebao bàn chải nồi hiện vật không làm hỏng nồi que tẩy cặn bàn chải ma thuật bàn chải nhà bếp nhu yếu phẩm hàng ngày,False,False,,,,,,,False,0.9,,0.04,False,False,True,False,,,
814915064905,home,一次性干湿两用厨房用品懒人抹布小灵人厨房懒人抹布无纺布百洁布,Đồ dùng nhà bếp dùng một lần khô và ướt,False,False,,,,,,,False,0.333,vi_qua_ngan,0.0,False,False,False,False,,,
773384529138,home,抽取式百洁布加厚抹布厨房用品洗碗巾擦手巾吸水毛巾擦桌子清洁布,"Khăn lau có thể tháo rời, khăn lau dày, đồ dùng nhà bếp, khăn lau bát đĩa, khăn lau tay, khăn thấm nước, khăn lau bàn, khăn lau bàn",False,False,,,,,khăn lau bàn,,False,0.967,,0.0,False,False,False,False,,,
855953470819,home,不锈钢钢丝球清洁球【10/20/40/60个装】厨房洗碗清洁用品刷锅,Bóng làm sạch bằng thép không gỉ [10/20/40/60 gói] Đồ dùng làm sạch rửa bát bếp,False,False,,,,,,[],False,0.714,,0.07,False,False,False,False,,,
1001497137252,home,纳米清洁宝刷锅神器不伤锅去污棒除垢锅刷魔力刷厨房日用品清洁擦,"Bàn chải nồi thần kỳ làm sạch nano, que tẩy vết bẩn nồi không làm hỏng, bàn chải tẩy cặn, bàn chải thần kỳ, khăn lau vệ sinh hàng ngày trong nhà bếp.",False,False,,,,,,,False,1.1,,0.0,False,False,True,False,,,
764243707244,home,大叶相思木炒菜铲汤勺柚木不粘锅锅铲木质厨具厨房火锅小饭勺漏勺,"Xẻng nấu ăn lá lớn, thìa canh, thìa canh, thìa không dính gỗ tếch, thìa nấu ăn bằng gỗ, thìa nấu ăn nhỏ, thìa thủng",False,False,,,,,thìa canh,,False,0.833,,0.0,False,False,False,False,,,
889612808034,home,洗碗海绵擦厨房用品懒人洗碗布家务清洁海绵百洁布海绵块工厂批发,"Rửa bát, bọt biển, lau nhà, đồ dùng nhà bếp, khăn lau bát đĩa lười, miếng bọt biển làm sạch, miếng bọt biển, miếng bọt biển, nhà máy bán buôn",False,False,,,,,miếng bọt biển,,False,1.0,,0.0,False,False,False,False,"bán buôn, nhà máy|nhà sản xuất",,
910172588747,home,【新人立减5元】多功能切菜神器土豆丝刨丝器厨房黄瓜丝萝卜擦丝,"[Người mới giảm giá 5 nhân dân tệ] Dụng cụ cắt rau đa chức năng, khoai tây bào sợi, dưa chuột nhà bếp, củ cải bào sợi",False,False,,,,,,[],False,0.963,,0.04,False,False,False,False,,,
901111463974,home,滤网油壶316不锈钢安士壶家用防漏油壶倒油瓶调味瓶罐厨房装油罐,Ấm dầu lưới lọc Ấm dầu thép không gỉ 316 Ấm dầu chống rò rỉ gia dụng Bình dầu đổ lọ gia vị lọ đựng dầu nhà bếp,False,False,,,,,,,False,0.964,,0.12,False,True,False,False,,,
911262500770,home,【网红爆款】德国纳米钢丝棉皂刷厨房清洁去污神器清洁球强力去油,[Mẫu hot của người nổi tiếng trên Internet] Bàn chải xà phòng len thép nano của Đức làm sạch nhà bếp và khử nhiễm bóng làm sạch hiện vật tẩy dầu mỡ mạnh mẽ,False,False,,,,,,[],False,1.214,,0.09,False,False,False,False,,,
967690240321,home,【活动中】加厚不锈钢油壶滤油储油罐倒油壶家用厨房安士壶餐厅,"Đang giảm giá】Bình đựng dầu bằng thép không gỉ dày có bộ lọc, bình chứa dầu, bình rót dầu dùng cho nhà bếp gia đình và nhà hàng.",False,False,,,,,,】,False,1.074,,0.04,False,False,False,False,,,
816943731530,home,抹布厨房专用洗碗布家用不沾油不掉毛擦桌子加厚吸水清洁毛巾保洁,"Khăn lau, khăn lau bát đĩa chuyên dụng nhà bếp, không dính dầu, không rụng lông gia dụng, khăn lau làm sạch thấm nước dày dặn",False,False,,,,,khăn lau,,False,0.867,,0.0,False,False,False,False,,,
955333055577,mother_baby,Kids2026秋季儿童套装新款男童两件套宝宝春秋运动套装潮童装外贸,"Kids2026 Bộ đồ trẻ em mùa thu mẫu mới, bộ hai món bé trai, bộ đồ thể thao xuân thu cho bé, thời trang trẻ em sành điệu, hàng xuất khẩu",False,False,,,,,,,False,1.192,,0.03,False,False,True,False,,,
660709304072,mother_baby,批发男童春装套装2022新款潮帅气宝宝儿童婴儿春秋1-3岁小童童装,Bán buôn bộ quần áo mùa xuân cho bé trai 2022 mẫu mới hợp thời trang đẹp trai trẻ em bé trẻ em trẻ em trẻ em mùa xuân và mùa thu trẻ em 1-3 tuổi,False,False,,,,,trẻ em,,False,1.308,,0.0,False,False,False,False,bán buôn,,
969051975348,mother_baby,男童套装2025新款春季童裝字母印花套装宝宝卫衣洋气拼袖儿童春装,Bộ đồ bé trai Xuân 2025 Mẫu mới Quần áo trẻ em Áo in chữ Áo nỉ bé phong cách Tây Áo phối màu Tay áo Quần áo trẻ em Xuân,False,False,,,,,,,False,1.071,,0.34,False,False,True,False,,,
1069079219356,mother_baby,儿童睡衣宝宝秋衣裤卡通家居服中小童韩版长袖长裤男女童圆领套装,"Bộ đồ ngủ trẻ em, đồ mặc nhà thu đông họa tiết hoạt hình, phong cách Hàn Quốc, tay dài quần dài, cổ tròn, cho bé trai bé gái.",False,False,,,,,,,False,0.967,,0.07,False,False,True,False,,,
808542773640,mother_baby,婴儿连体衣服纯棉新生儿宝宝哈衣爬服春秋无骨打底内衣睡衣外出服,Quần áo liền thân cho trẻ sơ sinh 100% cotton trẻ sơ sinh Quần Áo Romper quần áo mùa xuân và mùa thu không xương đáy đồ ngủ quần áo đi chơi,False,False,,100,,,,,False,1.033,,0.1,False,False,True,False,,,
817451417583,mother_baby,新生婴儿连体衣无骨哈衣春秋纯棉初生和尚服爬服男女宝宝春秋衣服,Áo liền thân cho bé sơ sinh áo liền thân không xương xuân thu 100% cotton sơ sinh trang phục lịch lãm áo thu đông cho bé nam nữ trang phục xuân thu,False,False,,100,,,,,False,1.067,,0.0,False,False,True,False,,,
832745572027,mother_baby,新生婴儿连体衣无骨哈衣春秋纯棉初生和尚服爬服男女宝宝春秋衣服,Áo liền thân cho bé sơ sinh áo liền thân không xương xuân thu 100% cotton sơ sinh trang phục phong cách nhà thượng,False,False,,100,,,,,False,0.767,,0.0,False,False,True,False,,,
845214346554,mother_baby,男童套装春秋装2026新款儿童帅气时尚衣服潮宝宝春季网红洋气卫衣,"Bộ đồ bé trai xuân thu 2026, thời trang mới sành điệu, quần áo trẻ em hợp xu hướng, áo sweatshirt hot trend mạng xã hội.",False,False,,,sweatshirt hot trend,,,,False,0.893,,0.0,False,False,False,False,,,
913643260600,mother_baby,童装春秋儿童内衣套装纯棉秋衣男童女宝宝秋衣秋裤睡衣家居服批发,Quần áo trẻ em mùa xuân và mùa thu bộ đồ lót trẻ em quần áo mùa thu cotton cho bé trai và bé gái quần áo mùa thu quần áo mùa thu đồ ngủ bán buôn,False,False,,,,,,,False,1.233,,0.0,False,True,True,False,bán buôn,,
564649076061,mother_baby,童装春秋儿童内衣套装纯棉秋衣男童女宝宝秋衣秋裤睡衣家居服批发,Quần áo trẻ em mùa xuân và mùa thu bộ đồ lót trẻ em quần áo mùa thu cotton cho bé trai và bé gái quần áo mùa thu quần áo mùa thu đồ ngủ bán buôn,False,False,,,,,,,False,1.233,,0.0,False,True,True,False,bán buôn,,
1040251221602,mother_baby,春秋装婴幼儿小童韩版时装简约刺绣标休闲外套裤子套装纯色1234岁,"Bộ sưu tập xuân thu: Trang phục thường ngày phong cách Hàn Quốc dành cho trẻ sơ sinh và trẻ mới biết đi, có thêu đơn giản và thiết kế màu trơn, phù hợp cho trẻ từ 1-4 tuổi.",False,False,1234,"1, 4",,,,,False,1.357,,0.08,False,False,False,False,,,
677973090084,mother_baby,婴儿连体衣a类纯棉新生儿衣服春秋服装男女宝宝包屁衣安阳婴童装,Quần áo trẻ em một mảnh quần áo trẻ sơ sinh cotton nguyên chất quần áo mùa xuân và mùa thu quần áo trẻ em nam và nữ quần áo trẻ em trẻ em Anyang,False,False,,,,,trẻ em,,False,1.207,,0.03,False,False,False,False,,,
887858727945,mother_baby,儿童装外套装宝宝男童春装1周岁一2到3岁半4男孩秋天衣服跨境批发,"Bộ áo khoác ngoài trẻ em cho bé trai, trang phục mùa xuân cho bé 1 tuổi, phù hợp cho bé trai 2 đến 3,5 tuổi, bán buôn quần áo mùa thu.",False,False,"3, 4",3.5,,,,,False,1.036,,0.0,False,False,False,False,bán buôn,,
870155451611,mother_baby,女童春装春秋长袖2025儿童新款拉链衫两件套洋气宝宝春秋季套装,Bộ hai chiếc áo sơ mi có khóa kéo mẫu mới cho bé gái xuân thu dài tay mẫu mới cho bé gái xuân thu bộ hai chiếc,False,False,2025,,,,,,False,1.037,,0.0,False,False,False,False,,,
950728674756,mother_baby,新款儿童秋衣秋裤男童女童德绒内衣套装宝宝打底内衣小孩卡通睡衣,Trẻ Em Mới Quần Áo Thu Đông Và Quần Bé Trai Bé Gái Bộ Đồ Lót Giữ Nhiệt Cho Bé Lớp Đế Quần Lót Trẻ Em Hoạt Hình Bộ Đồ Ngủ,False,False,,,,,,,False,1.033,,1.0,True,False,True,False,,,
979987287754,mother_baby,男童套装秋装2025新款男宝宝马甲打底衫裤子秋季婴幼儿衣服三件套,"Bộ đồ thu đông bé trai 2025, áo gile, áo phông, quần, bộ ba món",False,False,,,,,,,False,0.5,vi_qua_ngan,0.0,False,False,False,False,,,
1070279217732,mother_baby,宝宝彩棉秋衣秋裤套装A类纯棉婴幼儿无染棉儿童居家打底内衣睡衣,"Bộ đồ thu đông cotton màu cho bé, loại A, 100% cotton nguyên chất, không thuốc nhuộm, dành cho trẻ sơ sinh và trẻ nhỏ, đồ mặc nhà, đồ lót, đồ ngủ.",False,False,,100,,,,,False,1.069,,0.03,False,True,False,False,,,
957200309053,mother_baby,新款儿童秋衣秋裤男童女童德绒内衣套装宝宝打底内衣小孩卡通睡衣,"Bộ đồ lót thu đông trẻ em mẫu mới, chất liệu nhung Đức, dành cho bé trai và bé gái, đồ lót mặc trong cho bé, đồ ngủ hoạt hình cho trẻ em.",False,False,,,,,,,False,1.1,,0.03,False,False,True,False,,,
1032846993185,mother_baby,【春秋季断码清仓】婴儿男女宝宝套装休闲外套非质量不退不换,"【Thanh lý xả kho mùa xuân thu】Bộ đồ bé trai bé gái, áo khoác ngoài thường ngày, không đổi trả nếu không phải lỗi chất lượng",False,False,,,,,,【】,False,1.038,,0.04,False,False,False,False,,,
971107267601,mother_baby,女童秋装套装儿童波点蝴蝶结喇叭裤宝宝假两件长袖上衣洋气时髦款,Bộ trang phục mùa thu dành cho bé gái Bộ quần ống loe nơ chấm bi trẻ em Áo dài tay giả hai mảnh kiểu dáng thời trang thời trang,False,False,,,,,thời trang,,False,1.0,,0.07,False,False,False,False,,,
944594394045,mother_baby,【英伦学院风】嘟嘟家男童套装秋季新款宝宝衬衫领卫衣卫裤童装潮,"[Phong cách Học viện Anh] Bộ đồ bé trai Dudu: Bộ sưu tập Thu mới - Áo thun cổ sơ mi và quần thể thao, Quần áo trẻ em hợp thời trang.",False,False,,,,,,[],False,1.107,,0.27,False,False,False,False,,,
942141388738,mother_baby,宝宝高腰套装春秋纯棉男睡衣女a类打底秋衣秋裤婴儿内衣套装保暖,Bộ đồ ngủ nam 100% cotton mùa xuân và mùa thu cho bé bộ đồ ngủ nữ áo thu quần thu quần thu quần lót trẻ em giữ ấm,False,False,,100,,,thu quần,,False,0.966,,0.0,False,True,False,False,,,
832954488526,mother_baby,婴儿连体衣春秋款牛仔小熊婴幼儿外出哈衣连体衣男女宝宝爬爬服,Áo liền thân cho bé mùa xuân và mùa thu gấu denim cho bé đi chơi áo liền thân cho bé trai và bé gái,False,False,,,,,,,False,0.862,,0.0,False,True,False,False,,,
966896311903,mother_baby,男童针织马甲套装新款春秋儿童装时髦洋气男孩宝宝秋装衣服三件套,Bộ vest dệt kim bé trai mới xuân thu quần áo trẻ em thời trang và phong cách bé trai bé trai quần áo mùa thu bộ ba món,False,False,,,,,bé trai,,False,0.967,,0.0,False,False,False,False,,,
714256889053,mother_baby,【自动分销专属】儿童短袖套装纯棉女童夏装男童t恤宝宝婴儿衣服,"[Chỉ phân phối tự động] Bộ đồ ngắn tay trẻ em, cotton nguyên chất, quần áo mùa hè cho bé gái, áo thun bé trai, quần áo trẻ em",False,False,,,,,,[],False,1.074,,0.04,False,False,False,False,phân phối,,
822889218568,mother_baby,秋季上新婴儿连体衣服洋气百搭婴幼儿Polo长袖哈衣薄款宝宝秋季,Áo liền thân cho bé mới mùa thu áo liền thân dài tay cho bé Polo kiểu tây dễ phối đồ cho bé mùa thu,False,False,,,,,,,False,0.926,,0.04,False,True,False,False,,,
1074288492748,mother_baby,【胎柔·莫棉】新生儿连体衣宝宝爬服兰精莫代尔包屁衣婴儿衣服,"【Tái Nhu·Mô Miên】Áo liền thân sơ sinh, bộ body cho bé, vải Modal Lenzing, quần áo trẻ em",False,False,,,,,,【】,False,0.769,,0.32,False,False,False,False,,,
1010226559344,mother_baby,男童套装2025新款春季童裝字母印花套装宝宝卫衣洋气拼袖儿童春装,"Bộ đồ bé trai mẫu mới 2025 mùa xuân, quần áo trẻ em in chữ, bộ áo nỉ tay phối sành điệu, trang phục xuân cho bé.",False,False,,,,,,,False,0.929,,0.0,False,False,True,False,,,
954792725143,mother_baby,2025年秋季新款纯棉婴儿连体衣满月百天哈衣男女宝长袖洋气外出服,Áo liền thân 100% cotton cho bé mẫu mới mùa thu năm 2025,False,False,,100,,,,,False,0.393,vi_qua_ngan,0.0,False,False,False,False,,,
1081657156528,mother_baby,儿童秋季新款套装女宝宝可爱花边长袖上衣韩版波点长裤两件套甜美,"Bộ đồ thu mới cho bé gái, áo dài tay viền ren dễ thương, quần dài chấm bi phong cách Hàn Quốc, set 2 món ngọt ngào.",False,False,,2,,,,,False,0.867,,0.08,False,True,False,False,,,
829805653521,mother_baby,春新款婴幼儿童装三角爬服男女宝宝包屁衣哈衣连体服韩版卡通ins,Quần áo trẻ em trẻ sơ sinh mẫu mới mùa xuân bộ đồ bò tam giác áo khoác mông bé trai bé gái áo liền thân áo liền thân hoạt hình instagram phong cách Hàn Quốc,False,False,,,,,áo liền thân,,False,1.286,,0.06,False,False,True,False,,,
699791789677,mother_baby,男宝宝套装男童装秋装男孩衣服春装外套一周岁半2到3岁多小孩,"Trang phục bé trai, quần áo bé trai, trang phục mùa thu, quần áo bé trai, áo khoác mùa xuân, dành cho trẻ từ một tuổi rưỡi đến hai đến ba tuổi.",False,False,"2, 3",,,,,,False,1.185,,0.0,False,False,False,False,,,
590362159388,mother_baby,儿童短袖套装纯棉男童T恤宝宝夏季童装女童短裤婴儿衣服夏装批发,Bộ đồ ngắn tay trẻ em 100% cotton bé trai áo phông trẻ em mùa hè quần áo trẻ em bé gái quần short quần áo trẻ em quần áo mùa hè bán buôn,False,False,,100,,,,,False,1.138,,0.0,False,True,True,False,bán buôn,,
1002812738739,mother_baby,7A抗菌舒绒棉 儿童内衣套装男童秋衣秋裤宝宝衣服保暖女童家居服,"Bộ đồ lót trẻ em chất liệu cotton mềm mại, kháng khuẩn, phù hợp cho bé trai mặc vào mùa thu, quần áo cho bé, đồ mặc ở nhà ấm áp cho bé gái.",False,False,7,,,,,,False,1.214,,0.0,False,False,True,False,,,
831392685944,mother_baby,男童秋季套装2026新款酷帅宝宝韩版春秋装衣服儿童毛衣外套三件套,"Bộ đồ thu đông bé trai 2025 kiểu Hàn Quốc mới, thời trang và lịch lãm, gồm áo len và áo khoác ba món.",False,False,2026,2025,,,,,False,0.821,,0.09,False,False,False,False,,,
732763534629,mother_baby,儿童短袖套装夏季纯棉男童衣服薄款新款女童t恤夏装宝宝童装,Bộ đồ ngắn tay trẻ em quần áo bé trai 100% cotton mùa hè áo thun bé gái mẫu mới mỏng mùa hè quần áo trẻ em trẻ em,False,False,,100,,,trẻ em,,False,1.037,,0.0,False,False,False,False,,,
696165306655,mother_baby,儿童婴童裤子春秋季新款迷彩长裤中小童男童运动休闲裤童装现货,Quần trẻ em trẻ em quần dài rằn ri mẫu mới mùa xuân thu quần thể thao trẻ em bé trai,False,False,,,,,trẻ em,,False,0.724,,0.0,False,False,False,False,,,
827654274600,mother_baby,儿童秋衣秋裤套装婴儿纯棉分体长袖衣服男女宝宝保暖打底春秋童装,Bộ quần áo thu trẻ em quần dài tay cotton nguyên chất cho bé,False,False,,,,,,,False,0.467,vi_qua_ngan,0.0,False,False,False,False,,,
725461274384,mother_baby,【秋季T恤清仓】嘟嘟家品牌宝宝春秋季童装T恤外套男女童体恤上衣,[Giảm giá áo thun mùa thu] Thương hiệu Dudu Home Quần áo trẻ em mùa xuân và mùa thu Áo thun Áo khoác Áo thun bé trai và bé gái Áo thun,False,False,,,,,,[],False,1.185,,0.26,False,False,False,False,,,
717467184929,mother_baby,新款童装夏季儿童套装休闲宽松衣服男童短袖华夫格宝宝夏季批发,Quần áo trẻ em mới mùa hè bộ quần áo trẻ em giản dị quần áo rộng rãi bé trai tay ngắn bé gái mùa hè bán buôn,False,False,,,,,,,False,0.966,,0.0,False,True,False,False,bán buôn,,
1061664044305,mother_baby,婴幼儿A类连体衣春秋棉弹亲肤超萌卡通小象男女宝宝外出服家居服,"Bộ liền thân cotton co giãn thân thiện với da, loại A, dành cho trẻ sơ sinh và trẻ nhỏ, họa tiết voi con hoạt hình siêu đáng yêu, thích hợp cho bé trai và bé gái mặc đi chơi hoặc mặc ở nhà vào mùa xuân thu.",False,False,,,,,,,False,1.655,vi_qua_dai,0.02,False,False,False,False,,,
1045827554099,mother_baby,婴儿衣服连体连衣裙宝宝碎花边蝴蝶结三角哈衣短袖120克棉连体衣,"Áo liền quần cho bé, váy liền thân, họa tiết hoa nhí, nơ, kiểu tam giác, tay ngắn, cotton 120g",False,False,,,,,,,False,0.714,,0.0,False,False,True,False,,,
1073355982879,mother_baby,宝宝内衣套装春秋纯棉儿童秋衣秋裤男女童A类分体睡衣保暖家居服,"Bộ đồ lót trẻ em cotton nguyên chất mùa xuân thu, áo thu quần thu cho bé trai bé gái, đồ ngủ rời loại A, đồ mặc nhà giữ ấm.",False,False,,,,,,,False,1.034,,0.03,False,True,False,False,,,
966217115028,mother_baby,儿童背心套装夏季纯棉新款女童短裤衣服宝宝韩版男童无袖套装童装,"Bộ vest bé trai bé gái mùa hè chất liệu cotton nguyên chất mới, quần đùi, phong cách Hàn Quốc, bộ đồ không tay trẻ em",False,False,,,,,,,False,0.867,,0.08,False,False,True,False,,,
945990953695,electronics,外贸爆款ANC主动降噪头戴式蓝牙耳机真无线大电量长续航耳机现货,Tai nghe Bluetooth chống ồn chủ động ANC ngoại thương,False,False,,,,,,,False,0.357,vi_qua_ngan,0.12,False,False,False,False,,,
916241663801,electronics,柏林之声2024新款360度可旋转调节挂耳式无线蓝牙耳机超长续航,Berlin Voice 2024 Tai nghe Bluetooth không dây có thể xoay 360 độ mới,False,False,,,,,,,False,0.48,vi_qua_ngan,0.27,False,False,False,False,,,
898287183825,electronics,跨境爆款DR58头戴式蓝牙耳机无线音乐长续航主动降噪蓝牙耳机通用,"Tai nghe Bluetooth gắn trên đầu DR58 bùng nổ xuyên biên giới, âm nhạc không dây, thời lượng pin dài, tai nghe Bluetooth giảm tiếng ồn chủ động, thông dụng",False,False,,,,爆款->mẫu bán chạy,,,False,1.071,,0.07,False,False,False,False,xuyên biên giới,,
923636672765,electronics,2代PRO4耳机重低音E6S入耳式电竞游戏运动跨境i12立体声蓝牙耳机,Tai nghe PRO4 thế hệ thứ 2 Tai nghe bluetooth âm thanh nổi E6S in-ear chơi game thể thao xuyên biên giới i12,False,False,,,,,,,False,1.0,,0.14,False,False,True,False,xuyên biên giới,,
705468988254,electronics,V18骨传导蓝牙耳机无线不入耳佩戴耳挂商务高清通话适用安卓苹果,"Tai nghe Bluetooth truyền dẫn bằng xương V18 không dây không dây, đeo tai, gọi độ nét cao dành cho doanh nghiệp, thích hợp cho Android Apple",False,False,,,,,không dây,,False,0.964,,0.15,False,False,False,False,,,
817153697844,electronics,OWS真无线蓝牙耳机超长待机不入耳式挂耳式触摸通话商务单耳耳机,"Tai nghe Bluetooth không dây thực sự OWS, thời gian chờ lâu, không có tai nghe cảm ứng kiểu đeo tai, tai nghe một tai doanh nghiệp",False,False,,,,,,,False,0.964,,0.04,False,False,True,False,,,
809531752759,electronics,【新款】跨境B39渐变色蓝牙耳机重低音炫彩发光无线头戴式耳麦厂,"[Mới] Tai nghe Bluetooth màu gradient B39 xuyên biên giới, nhà máy sản xuất tai nghe không dây phát sáng đầy màu sắc âm trầm",False,False,,,,,,[],False,0.962,,0.12,False,False,False,False,"xuyên biên giới, nhà máy|nhà sản xuất",,
895617581128,electronics,高档硅胶软壳适用15苹果14手机壳透明iphone13带镜头膜12promax16,Ốp lưng mềm silicon cao cấp cho điện thoại di động 15 Apple 14 trong suốt iphone13 có màng ống kính 12promax16,False,False,,,,,,,False,1.053,,0.05,False,False,True,False,,,
1001155458580,electronics,适用iphone16/16pro手机壳17蓝壳红腕带苹果18promax拼色插卡包15,"Ốp điện thoại iPhone 16/16 Pro, vỏ màu xanh dương, dây đeo tay màu đỏ, tương thích với Apple 18 Pro Max, có khe đựng thẻ, màu sắc đồng bộ, phù hợp với iPhone 15",False,False,17,,,,,,False,1.882,vi_qua_dai,0.13,False,False,False,False,,,
979965620474,electronics,适用iPhone18PROMAX手机壳液态硅胶磁吸苹果17air自带镜头膜保护,"Ốp điện thoại iPhone 17 Pro Max chất liệu silicon lỏng, hút từ tính, kèm miếng dán bảo vệ ống kính, tương thích với Apple 17 Air.",False,False,18,17,,,,,False,1.25,,0.17,False,False,False,False,,,
695703089064,electronics,简约适用iphone14promax手机壳透明苹果13全包12磁吸11防摔保护壳,Ốp điện thoại iphone14promax áp dụng đơn giản Ốp bảo vệ chống rơi từ tính 11 bao toàn bộ cho Apple 13 trong suốt,False,False,12,,,,,,False,1.15,,0.09,False,False,False,False,,,
951498691622,electronics,新款外贸适用iphone17手机壳苹果15promax/14个性13pro12欧美16xr,"Ốp điện thoại iPhone 17 mới, kiểu dáng ngoại thương, phù hợp với Apple 15 Pro Max/14, cá nhân hóa 13 Pro 12, phong cách Âu Mỹ 16 XR.",False,False,,,,,,,False,1.6,vi_qua_dai,0.27,False,False,False,False,,,
974547731244,electronics,适用苹果17pro手机壳高级感防摔iphone17promax新款手机壳沙发猫,"Ốp điện thoại iPhone 17 Pro, iPhone 17 Pro Max cao cấp chống rơi, họa tiết mèo sofa",False,False,,,,,iphone 17 pro,,False,0.8,,0.2,False,False,False,False,,,
913366357347,electronics,暗夜紫花适用iphone17手机壳苹果15promax/1413pro16欧美防指纹,"Ốp điện thoại iPhone 17 họa tiết Hoa Tím Đêm Tối, phù hợp với Apple 15 Pro Max/14/13 Pro/16, chống vân tay, phong cách Âu Mỹ.",False,False,1413,"13, 14",,,,,False,1.5,,0.43,False,False,False,False,,,
931531557924,electronics,适用 iPhone17/18 Pro Max 二合一磁吸壳 带支架肤感17/16E手机套,"Ốp lưng từ tính 2 trong 1 dành cho iPhone 17/18 Pro Max, có chân đế và cảm giác như da thật, tương thích với điện thoại 17/16E",False,False,,"1, 2",,,,,False,1.562,vi_qua_dai,0.12,False,False,False,False,,,
948871817771,electronics,适用苹果18promax手机壳iPhone17磁吸透明15防摔壳苹果16工厂现货,"Ốp điện thoại phù hợp với Apple 18 Pro Max, ốp iPhone 17 trong suốt từ tính chống rơi, ốp Apple 16 có sẵn tại nhà máy",False,False,15,,,,,,False,1.2,,0.17,False,False,False,False,"nhà máy|nhà sản xuất, có sẵn|hàng có sẵn",,
890534567786,electronics,【正品凯夫拉】适用苹果17ProMax芳纶纤维磁吸裸感手机壳无边框新,[Chính hãng Kevlar] Thích hợp cho vỏ điện thoại di động khỏa thân từ tính bằng sợi aramid Apple 17ProMax mới vô biên,False,False,,,,,,[],False,0.958,,0.18,False,False,False,False,,,
973139383741,electronics,欧美散热编织纹TPU跨境适用苹果iPhone17promax手机壳i16保护套软,"Ốp lưng điện thoại Apple iPhone 17 Pro Max, chất liệu TPU dệt họa tiết tản nhiệt phong cách Âu Mỹ, dùng được cho thị trường quốc tế, bảo vệ i16, mềm mại.",False,False,,,,,,,False,1.6,vi_qua_dai,0.17,False,False,False,False,,,
867483923944,electronics,简约立体水波纹适用iPhone17promax/16手机壳苹果15/14/12/13软11,"Thiết kế gợn sóng nước ba chiều đơn giản, phù hợp với ốp điện thoại iPhone 17 Pro Max/16, tương thích với ốp mềm Apple 15/14/12/13/11.",False,False,,,,,,,False,1.6,vi_qua_dai,0.13,False,False,False,False,,,
974953647917,electronics,适用苹果17手机壳iPhone18Pro max荔枝纹卡包+耳机套手机壳12潮女,"Ốp điện thoại iPhone 18 Pro Max họa tiết vải lychee kèm ngăn đựng thẻ + hộp đựng tai nghe, phù hợp với Apple 17, dành cho nữ giới thời trang.",False,False,12,,,,,,False,1.4,,0.11,False,False,False,False,,,
907901654729,electronics,适用苹果16可爱猫耳朵手机壳iphone17pro创意13大脸猫手链保护套,"Ốp điện thoại tai mèo dễ thương phù hợp với Apple 16, iPhone 17 Pro, thiết kế sáng tạo, mặt mèo to, kèm vòng tay, bảo vệ toàn diện",False,False,13,,,,,,False,1.227,,0.08,False,False,False,False,,,
994999572605,electronics,波点天使猫适用苹果17promax手机壳iphone16/15pro防摔14/13/12硬,"Ốp điện thoại iPhone 16/15 Pro, iPhone 14/13/12 chống rơi, chất liệu cứng, họa tiết mèo thiên thần chấm bi, phù hợp với Apple 17 Pro Max",False,False,,,,,,,False,1.6,vi_qua_dai,0.17,False,True,False,False,,,
993284969590,electronics,适用于苹果iphone17promax手机壳16带按键全包1514苹果17手机壳,"Ốp điện thoại phù hợp với Apple iPhone 17 Pro Max, có nút bấm, bảo vệ toàn diện, tương thích với iPhone 15, 14, 17.",False,False,"1514, 16","14, 15",,,,,False,1.167,,0.15,False,False,False,False,,,
783563358567,electronics,波浪镜子适用iphone16可爱海狸手机壳苹果11电镀14tpu全包保护套,Ốp điện thoại di động Beaver đáng yêu dùng cho gương sóng vỏ bảo vệ toàn bộ iPhone 11 mạ điện 14tpu,False,False,16,,,,,,False,0.955,,0.05,False,False,False,False,,,
995101985338,electronics,跨境适用苹果17promax手机壳磁吸带支架iphone18二合一气囊防摔壳,"Ốp điện thoại Apple 17 Pro Max đa năng, tích hợp giá đỡ từ tính, chống sốc hai lớp cho iPhone 17.",False,False,18,17,,,,,False,0.909,,0.16,False,False,False,False,,,
968274396418,electronics,简约纯色适用苹果18promax手机壳防摔iphone17透明16欧美15全包14,"Ốp điện thoại màu trơn đơn giản, chống sốc, trong suốt, phù hợp với iPhone 18 Pro Max, phong cách Âu Mỹ cho iPhone 17, bảo vệ toàn diện cho iPhone 16, 15 và 14.",False,False,,,,,,,False,1.579,vi_qua_dai,0.14,False,False,False,False,,,
787628860509,electronics,适用vivox100手机壳x90s液态x80硅胶x70t保护套x60软外壳x23x50,Thích hợp cho vỏ điện thoại di động vivox100 x90s chất lỏng x80 silicone x70t vỏ bảo vệ x60 vỏ mềm x23x50,False,False,,,,,,,False,1.667,vi_qua_dai,0.0,False,False,False,False,,,
951985624382,electronics,小爱心适用苹果17promax手机壳iphone14仿液态硅胶女款16新款13,"Thiết kế hình trái tim nhỏ xinh, phù hợp với ốp điện thoại Apple 17 Pro Max, iPhone 14 chất liệu silicon lỏng giả da, dành cho nữ, mẫu mới cho 16 và 13.",False,False,,,,,,,False,1.579,vi_qua_dai,0.1,False,False,False,False,,,
1000021176946,electronics,适用苹果16手机壳iPhone17promax防摔15折叠磁吸支架高级感纯色13,Thích hợp cho vỏ điện thoại di động Apple 16 iPhone17promax chống rơi 85% off ngăn xếp chân đế từ tính màu trơn cao cấp 13,False,False,15,85,,,,,False,1.2,,0.04,False,False,False,False,,,
865211845306,electronics,引磁片引磁环磁吸贴片【免费拿样】 手机壳支架Magsafe通用磁吸环,"Tấm từ tính, vòng từ tính, miếng dán từ tính [Mẫu miễn phí] Vòng từ tính đa năng cho giá đỡ điện thoại Magsafe",False,False,,,,,,[],False,1.0,,0.13,False,False,False,False,,,
863285260180,electronics,适用iPhone18promax手机壳精孔固态硅胶苹果17官方纯色液态保护套,"Ốp lưng iPhone 17 Pro Max, chất liệu silicon cao cấp, lỗ nhỏ, màu trơn, bảo vệ toàn diện, chính hãng Apple 16.",False,False,18,16,,,,,False,0.955,,0.15,False,False,False,False,,,
908973784782,electronics,适用iPhone14苹果16PRO透明手机壳17pm四角加厚防摔气囊保护套15,"Ốp điện thoại iPhone 14 Apple 16 Pro trong suốt, chống sốc bốn góc dày dặn, bảo vệ toàn diện 17 giờ",False,False,15,,,,,,False,0.95,,0.11,False,False,False,False,,,
841257924503,electronics,荔枝纹素皮背粘式翻盖手机皮套适用苹果18手机壳插卡iPhone18外壳,"Ốp điện thoại da trơn họa tiết vải litchi, có khe đựng thẻ, phù hợp với iPhone 18",False,False,18,,,,,,False,0.68,,0.0,False,False,False,False,,,
910331180488,electronics,【正品凯夫拉】适用华为mate807060芳纶纤维磁吸裸感手机壳保护套,[Kevlar đích thực] Thích hợp cho vỏ bảo vệ điện thoại cảm ứng từ tính bằng sợi aramid của Huawei mate807060,False,False,,,,,,[],False,0.913,,0.1,False,False,False,False,,,
872126493345,electronics,适用苹果18ProMax创意涂鸦磁吸手机壳磨砂iPhone17肤感防摔保护套,"Ốp điện thoại iPhone 18 Pro Max họa tiết graffiti sáng tạo, nam châm, chất liệu mờ, cảm giác như da thật, chống rơi, bảo vệ toàn diện.",False,False,17,,,,,,False,1.227,,0.08,False,False,False,False,,,
807043075429,electronics,适用于iPhone 16 15 Pro苹果18 14 Pro MAX 透明磁吸手机壳17批发,"Ốp điện thoại trong suốt từ tính phù hợp với iPhone 16 15 Pro Apple 18 14 Pro MAX, bán buôn số lượng lớn",False,False,17,,,,,,False,1.429,,0.17,False,False,False,False,bán buôn,,
1001176901247,electronics,魔法棒星星人磁吸支架适用苹果15pro手机壳14/15防摔保护套13prom,"Giá đỡ từ tính Magic Wand Star Man phù hợp với ốp điện thoại Apple 15 Pro, 14/15, chống rơi, bảo vệ 13 Pro Max",False,False,,,Magic Wand Star,,,,False,1.0,,0.38,False,False,False,False,,,
994998208528,electronics,简约创意透明卡包适用苹果16/17promax手机壳IP15/14plus防摔13软,"Ví đựng thẻ trong suốt, thiết kế giản dị và sáng tạo, phù hợp với ốp điện thoại Apple 16/17 Pro Max, IP15/14 Plus, chống rơi, mềm mại cho iPhone 13",False,False,,,,,,,False,1.611,vi_qua_dai,0.15,False,False,False,False,,,
920547345440,electronics,磨砂磁吸适用苹果17promax手机壳iPhone15plus防摔14液态硅胶1316,"Ốp lưng nam châm mờ phù hợp với điện thoại Apple 17 Pro Max, iPhone 15 Plus, chống rơi, silicon lỏng 14, 13, 16",False,False,1316,"13, 16",,,,,False,1.118,,0.22,False,False,False,False,,,
937252175008,electronics,液态硅胶适用iPhone18Promax旋转支架手机壳带挂绳苹果17防摔护套,"Ốp điện thoại iPhone 17 Pro Max bằng silicon lỏng, có giá đỡ xoay, kèm dây đeo, chống rơi, bảo vệ toàn diện cho Apple 16",False,False,18,16,,,,,False,1.091,,0.13,False,False,False,False,,,
985402175453,electronics,17适用iPhone17promax镜头支架17pro手机壳16promax凹槽滴胶16pro,"Giá đỡ ống kính iPhone 17 Pro Max, ốp điện thoại 17 Pro, keo dán rãnh 16 Pro Max, 16 Pro",False,False,17,,,,,,False,1.308,,0.38,False,False,False,False,,,
944723477137,electronics,100W超级快充大容量充电宝超大容量160000毫安移动电源power bank,Sạc siêu nhanh 100W pin sạc dự phòng dung lượng lớn công suất siêu lớn 160 000 mAh nguồn điện ngân hàng,False,False,160000,"000, 160",,,,,False,1.0,,0.05,False,False,False,False,,,
833095572827,electronics,跨境现货大容量5万毫安充电宝22.5W快充多U50000户外数显移动电源,"Sạc dự phòng dung lượng lớn 50.000 mAh, sạc nhanh 22.5W, đa cổng, màn hình kỹ thuật số, sử dụng ngoài trời, mã U50000, có sẵn hàng quốc tế.",False,False,5,50000,,,,,False,1.167,,0.07,False,False,False,False,có sẵn|hàng có sẵn,,
847308413645,electronics,跨境大容量充电宝8万毫安多功能带线户外直播太阳能移动电源礼品,Ngân hàng điện dung lượng lớn xuyên biên giới 80.000 mAh đa chức năng có dây ngoài trời phát sóng trực tiếp năng lượng mặt trời quà tặng nguồn điện di động,False,False,8,80000,,,,,False,1.069,,0.0,False,False,False,False,xuyên biên giới,,
846082453615,electronics,跨境120W超级快充10万毫安超大容量充电宝自带线便携户外移动电源,"Sạc dự phòng dung lượng cực lớn 100.000 mAh, sạc siêu nhanh 120W xuyên biên giới, tích hợp cáp, thiết bị cấp nguồn di động ngoài trời tiện dụng",False,False,10,100000,,,,,False,1.037,,0.04,False,False,False,False,xuyên biên giới,,
891865850333,electronics,50000毫安大容量充电宝PD快充移动电源自带线露营灯充电宝定 制,Kho báu sạc dự phòng dung tích lớn 50000 mAh PD sạc nhanh Nguồn điện di động tự động có dây cắm trại Đèn sạc tùy chỉnh,False,False,,,,充电宝->sạc dự phòng,,,False,1.04,,0.08,False,False,False,False,,,
977682146101,electronics,3C认证充电宝3C认证PD超级双向快充大容量20000毫安跨境移动电源,"Sạc dự phòng đạt chuẩn 3C, hỗ trợ sạc nhanh PD hai chiều, dung lượng lớn 20000 mAh, nguồn điện di động xuyên biên giới",False,False,3,,,,,,False,1.0,,0.05,False,False,False,False,xuyên biên giới,,
822392136047,electronics,充电宝60000毫安100W超级快充 超大容量充笔记本电脑闪充移动电源,Pin sạc dự phòng 60 000 mAh 100W sạc siêu nhanh siêu dung lượng sạc máy tính xách tay sạc nhanh nguồn điện di động,False,False,60000,"000, 60",,,,,False,0.92,,0.05,False,False,False,False,,,
754684448018,electronics,足一万毫安充电宝10000毫安充电宝1万毫安充电宝 大容量移动电源,Full 10k mAh powerbank 10000 mAh powerbank 10k mAh powerbank nguồn điện di động dung lượng lớn,False,False,1,"10, 10",,,,,False,0.615,,0.0,False,False,False,False,,,
871287826647,electronics,【品牌3C】快充2万毫安充电宝可定制LOGO自带线迷你小巧移动电源,"【Thương hiệu 3C】Sạc dự phòng 20.000 mAh sạc nhanh, có thể tùy chỉnh logo, tích hợp cáp, nguồn điện di động nhỏ gọn tiện lợi",False,False,2,20000,,,,【】,False,1.042,,0.08,False,False,False,False,,,
992927925263,electronics,120W超级快充30000毫安大容量充电宝20000毫安PD数显手机移动电源,"Sạc dự phòng dung lượng lớn 30000 mAh, sạc siêu nhanh 120W, màn hình kỹ thuật số PD 20000 mAh",False,False,,,,,,,False,0.818,,0.06,False,True,False,False,,,
675652186115,electronics,太阳能充电宝批发20000毫安大容量自带线户外便携式手机移动电源,Bán buôn pin dự phòng năng lượng mặt trời 20000 mAh dây tự động công suất lớn Điện thoại di động di động ngoài trời,False,False,,,,,di động,,False,0.889,,0.04,False,False,False,False,bán buôn,,
978718708007,electronics,120W超级快充30000毫安大容量充电宝20000毫安PD数显手机移动电源,"Sạc dự phòng dung lượng lớn 30000 mAh, sạc siêu nhanh 120W, màn hình kỹ thuật số PD 20000 mAh",False,False,,,,,,,False,0.818,,0.06,False,True,False,False,,,
776309070187,electronics,批发3c认证充电宝快充带线大容量1万毫安移动电源充电宝定制logo,"Sạc dự phòng 3C đạt chuẩn, sạc nhanh, dung lượng lớn 10.000 mAh, kèm cáp, in logo theo yêu cầu.",False,False,1,10000,,,,,False,0.731,,0.06,False,False,False,False,,,
975909761195,fashion,跨境新春秋季t恤男士长袖秋衣打底体恤小衫休闲秋款打底衫可外穿,Áo thun nam dài tay mùa xuân thu mới xuyên biên giới Áo thun cơ bản mùa thu thông thường thích hợp làm áo khoác ngoài,False,False,,,,,,,False,0.897,,0.04,False,True,False,False,xuyên biên giới,,
944004341024,fashion,扎染短袖t恤男士夏季2025新款宽松半袖青少年美式重磅男生上衣服,Áo thun nam tay ngắn nhuộm chàm mùa hè 2025 mới dáng rộng nửa tay trẻ trung Mỹ hạng nặng áo bé trai,False,False,,,,,,,False,0.815,,0.05,False,False,True,False,,,
854701027572,fashion,青年重磅230g纯棉男士t恤休闲大码短袖跨境半袖纯棉t恤男定制logo,"Áo thun nam cotton 100% cao cấp, size lớn, tay ngắn, kiểu dáng casual, in logo theo yêu cầu, xuất khẩu.",False,False,230,100,,,,,False,0.8,,0.0,False,False,False,False,,,
976618408557,fashion,跨境新春秋季t恤男士长袖秋衣打底体恤小衫休闲秋款打底衫可外穿,Áo thun nam dài tay mùa xuân thu mới xuyên biên giới Áo thun cơ bản mùa thu thông thường thích hợp làm áo khoác ngoài,False,False,,,,,,,False,0.897,,0.04,False,True,False,False,xuyên biên giới,,
892606708400,fashion,2025夏季男士短袖t恤冰丝短袖男T恤衫潮流休闲百搭圆领打底衫上衣,Áo thun nam ngắn tay mùa hè 2025 áo thun nam ngắn tay lụa băng áo mặc trong cổ tròn dễ phối thường ngày sành điệu,False,False,,,,,,,False,0.926,,0.0,False,True,False,False,,,
888046438250,fashion,春装冰丝长袖男式T恤中青年时尚休闲薄款宽松打底衫男爸爸装,Áo phông nam dài tay lụa băng mùa xuân áo mặc trong rộng rãi mẫu mỏng thời trang trẻ trung và trung niên,False,False,,,,,,,False,0.852,,0.0,False,False,True,False,,,
885123503039,fashion,2024男士夏季新款圆领短袖潮流宽松t恤夏装上衣休闲百搭半袖衫,Áo thun nam cộc tay cổ tròn mẫu mới mùa hè 2024,False,False,,,,,,,False,0.423,vi_qua_ngan,0.0,False,False,False,False,,,
730781768379,fashion,冰丝短袖t恤男士夏季宽松大码男装休闲百搭体恤衫韩版潮流衣服男T,Áo Phông Nam Ngắn Tay Lụa lạnh Áo phông nam size lớn rộng rãi mùa hè Áo phông dễ phối đồ phong cách Hàn Quốc,False,False,,,,,,,False,0.862,,0.38,False,False,True,False,,,
771107660107,fashion,夏季新款短袖宽松t恤男士潮牌休闲半袖潮流体恤打底衫五分袖上衣,Mùa hè mới áo thun ngắn tay dáng rộng nam thương hiệu trbottomy giản dị nửa tay áo thun trbottomyy đáy áo sơ mi năm phần tư tay áo,False,False,,,,,,,False,1.0,,0.0,False,False,True,False,,,
991722020124,fashion,【2件装】新疆棉重磅800g纯棉圆领长袖T恤男宽松休闲螺纹袖口打底,[Gói 2] Áo thun cotton nặng 800g nguyên chất cotton cổ tròn dài tay dáng rộng thông thường có ren ở dưới,False,False,,,,,,[],False,0.84,,0.05,False,False,False,False,,,
998634280818,fashion,春装冰丝长袖男式T恤中青年时尚休闲薄款宽松打底衫男爸爸装,"Áo thun nam tay dài mùa xuân chất liệu lụa đá, thời trang trẻ trung và trung niên, kiểu dáng casual, mỏng, rộng rãi, thích hợp cho nam và bố.",False,False,,,,,,,False,1.111,,0.0,False,False,True,False,,,
920846332634,fashion,2025新款冰丝短袖t恤男士夏季翻领休闲体恤高端带领透气冰感半袖,Áo thun tay ngắn tay lụa băng mẫu mới 2025 áo thun nam mùa hè cổ bẻ áo cộc tay thoáng khí,False,False,,,,,,,False,0.778,,0.0,False,True,False,False,,,
928598412815,fashion,夏季新款男士圆领短袖鸟家t恤宽松潮牌半袖精梳纯棉休闲情侣上衣,Áo phông nam gia đình chim tay ngắn cổ tròn mẫu mới mùa hè,False,False,,,,,,,False,0.483,vi_qua_ngan,0.0,False,False,False,False,,,
800056096421,fashion,黑色重磅短袖T恤男士加肥加大码男装夏季钢印立体宽松圆领上衣潮,"Áo thun nam ngắn tay dáng to màu đen, Áo nam cổ tròn rộng rãi in thép ba chiều mùa hè sành điệu",False,False,,,,,,,False,0.793,,0.05,False,False,True,False,,,
923119444659,fashion,长袖t恤男士男装打底衫体恤上衣服春装体恤薄潮流春秋装,Áo phông nam dài tay áo phông nam áo phông áo phông mùa xuân áo phông mỏng thời trang xuân thu,False,False,,,,,áo phông,,False,0.84,,0.0,False,False,False,False,,,
703774418174,fashion,高端60S丝光新疆长绒棉男士白色打底240G重磅纯色圆领短袖T恤夏季,"Áo thun nam chất liệu cotton Xinjiang cao cấp, sợi dài, đã qua xử lý mercerized, màu trắng, dày 240G, cổ tròn, tay ngắn, màu trơn, thích hợp cho mùa hè",False,False,60,,,,,,False,1.192,,0.07,False,False,False,False,,,
788015561107,fashion,冰丝网眼短袖男士夏季纯色圆领上衣服速运动简约冰感T恤男日常,Áo nam cổ tròn màu trơn mùa hè tay ngắn lưới lụa băng,False,False,,,,,,,False,0.464,vi_qua_ngan,0.0,False,False,False,False,,,
971484191097,fashion,直播爆款男士长袖卫衣秋季时尚拉链圆领上衣潮流打底衫长袖t恤男,"Áo nỉ dài tay nam hợp thời trang cho mùa thu có khóa kéo và cổ tròn, áo thun dài tay lớp nền dành cho nam.",False,False,,,,,,,False,0.897,,0.0,False,False,True,False,,,
968465205539,fashion,【200支液氨长绒棉】男士长袖t恤2026新款春秋季高端简约打底衫男,【Bông sợi dài chứa amoniac lỏng 200 sợi】Áo thun nam dài tay mẫu mới 2026 áo sơ mi cơ bản đơn giản cao cấp mùa xuân thu dành cho nam.,False,False,,,,,,【】,False,1.208,,0.04,False,True,False,False,,,
899700624386,fashion,100%纯棉春夏装痞帅情侣装男复古港味ins字母短袖T恤新款宽松半袖,100% cotton quần áo mùa xuân và mùa hè quần áo cặp đôi đẹp trai áo phông ngắn tay chữ ins phong cách Hồng Kông cổ điển cho nam áo phông cộc tay rộng rãi mẫu mới,False,False,,,,,,,False,1.385,,0.06,False,True,False,False,,,
941415734218,fashion,扎染短袖t恤男士夏季2025新款宽松半袖青少年美式重磅男生上衣服,Áo phông nam ngắn tay nhuộm cà vạt mẫu mới mùa hè 2025 rộng rãi cho nam thanh thiếu niên áo nam nặng kiểu Mỹ,False,False,,,,,,,False,0.889,,0.04,False,False,True,False,,,
774248365395,fashion,冰丝短袖t恤男士夏季宽松大码男装休闲百搭体恤衫韩版潮流衣服男T,Áo phông nam ngắn tay lụa băng áo phông nam size lớn rộng rãi mùa hè áo phông dễ phối đồ phong cách Hàn Quốc thời trang nam T,False,False,,,,,,,False,1.0,,0.11,False,False,True,False,,,
939023279871,fashion,2025轻奢新年新款短袖半袖圆领时尚百搭帅气潮流休闲百搭T恤男士,2025 sang trọng năm mới phong cách mới tay ngắn tay áo cổ tròn thời trang tất cả các kết hợp đẹp trai xu hướng giản dị dễ phối áo thun nam,False,False,,,,,,,False,1.148,,0.0,False,True,False,False,,,
900808218450,fashion,2026夏季新款纯棉男士新款220g短袖T恤重磅美式潮牌宽松圆领上衣,"Áo thun nam cotton nguyên chất hè 2026, chất dày 220g, tay ngắn, kiểu dáng rộng, cổ tròn, thương hiệu thời trang Mỹ.",False,False,,,,,,,False,0.88,,0.05,False,True,False,False,,,
785034143557,fashion,大码纯棉短袖t恤男夏季宽松ins潮牌胖子大码加肥加大男士体恤潮流,Áo Phông Nam Ngắn Tay 100% Cotton Size Lớn Áo phông nam Size Lớn Size Lớn size lớn cho người béo thương hiệu thời trang Instagram rộng rãi mùa hè,False,False,,100,,,size lớn,,False,1.036,,0.46,False,False,False,False,,,
897952027974,fashion,100%纯棉百搭短袖t恤男2026新款夏季潮牌小众高街美式宽松上衣ins,"Áo thun nam tay ngắn 100% cotton nguyên chất, đa năng, thời trang hè 2026, thương hiệu cao cấp, phong cách đường phố Mỹ, kiểu dáng rộng rãi, phong cách ins.",False,False,,,,,,,False,1.208,,0.04,False,True,True,False,,,
888897246238,fashion,华夫格圆领短袖后包领男士上衣夏季新款宽松大码冰丝薄款复古T恤,Áo nam cổ tay ngắn cổ tròn túi sau áo thun cổ điển kiểu mỏng lụa băng cỡ lớn rộng rãi mẫu mới mùa hè,False,False,,,,,,,False,0.862,,0.0,False,True,False,False,,,
804622931097,fashion,200g纯棉小落肩短袖t恤男女同款半袖纯色黑色白色男士圆领打底代,"Áo thun ngắn tay trễ vai nhỏ cotton nguyên chất 200g dành cho nam và nữ, nửa tay màu đen trắng nguyên chất nam cổ tròn đáy",False,False,,,,,,,False,1.0,,0.0,False,False,True,False,,,
885209515250,fashion,短袖t恤男夏季男士跑步透气健身冰丝速干衣薄款男款运动上衣圆领,Áo phông nam ngắn tay áo thể thao nhanh khô lụa băng thể dục thoáng khí chạy bộ nam mùa hè áo thể thao mẫu mỏng cổ tròn,False,False,,,,,,,False,0.966,,0.0,False,False,True,False,,,
779580156020,fashion,重磅潮牌纯棉印花男士短袖T恤2025新款夏季爆款潮流休闲圆领体恤,Trọng lượng nặng trendyy thương hiệu cotton nguyên chất in hình áo thun nam ngắn tay 2025 mùa hè mới phong cách hot trendyy áo thun cổ tròn giản dị,False,False,,,,,,,False,1.074,,0.0,False,True,True,False,,,
951367940926,fashion,短袖t恤男夏季男士跑步透气健身冰丝速干衣薄款男款运动上衣圆领,Áo thun ngắn tay nam mùa hè chạy bộ nam thoáng khí thể dục băng lụa nhanh khô mỏng thể thao nam cổ tròn,False,False,,,,,,,False,0.828,,0.0,False,False,True,False,,,
903335368868,fashion,捡漏2025新款夏季男士短袖T恤潮流透气汗衫圆领运动上衣体恤衫 潮,Áo phông nam ngắn tay mùa hè mẫu mới 2025,False,False,,,,,,,False,0.333,vi_qua_ngan,0.0,False,False,False,False,,,
722092947752,fashion,棉t恤男短袖夏季青少年初中学生潮牌宽松大码五分袖高中生体恤衫,Áo Phông Nam Ngắn Tay mùa hè dành cho học sinh trung học,False,False,,,,,,,False,0.448,vi_qua_ngan,0.33,False,False,False,False,,,
945672879016,fashion,夏季爆款圆领重磅纯棉印花T恤男短袖潮上衣男士青少年休闲ins半袖,Áo phông nam ngắn tay in hoa 100% cotton cổ tròn kiểu hot mùa hè,False,False,,100,,,,,False,0.5,vi_qua_ngan,0.0,False,False,False,False,,,
921020066795,fashion,【短袖/长袖】丝光棉短袖t恤男士微宽松时尚高端刺绣圆领半袖男T,"[Áo ngắn tay/Áo dài tay] Áo thun ngắn tay bằng cotton Mercerized dành cho nam, hơi rộng, thời trang, thêu cao cấp, áo thun nam cổ tròn nửa tay",False,False,,,,,,[],False,1.154,,0.1,False,False,False,False,,,
889176864976,fashion,华夫格t恤男短袖后包领潮流夏季衣服痞帅休闲半袖夏装商务上衣,Áo T-shirt Walfag áo mùa hè thời thượng cổ túi sau tay ngắn cho nam áo công sở mùa hè tay lỡ thường ngày đẹp trai,False,False,,,,,,,False,0.964,,0.08,False,True,False,False,,,
789352711906,fashion,【发货快】冰丝凉感T恤男士圆领半袖潮牌高级早春衣服日系简约短,[Giao Hàng nhanh] Áo thun mát lạnh Lụa băng Áo nam cổ tròn tay lỡ thương hiệu thời trang đầu xuân cao cấp phong cách Nhật đơn giản ngắn,False,False,,,,,,[],False,1.074,,0.18,False,False,False,False,,,
710142520467,fashion,短袖t恤春夏男士韩版修身圆领薄款工作服黑白灰简约纯色打底汗衫,Áo phông ngắn tay Quần yếm mẫu mỏng cổ tròn tôn dáng phong cách Hàn Quốc cho nam mùa xuân và mùa hè Áo lót đơn giản màu trơn màu đen trắng xám,False,False,,,,,,,False,1.138,,0.12,False,True,False,False,,,
807723935740,fashion,2025新款爆款半袖休闲高档男士短袖t恤夏季纯棉体恤潮牌百搭上衣T,Áo thun nam tay ngắn tay cao cấp giản dị mẫu mới năm 2025 áo thun 100% cotton mùa hè thương hiệu sành điệu áo dễ phối đồ T,False,False,,100,,,,,False,1.0,,0.04,False,True,False,False,,,
630557935956,fashion,重磅纯色不透250g纯棉圆领短袖T恤厚实纯白打底衫t男女款体恤上衣,Trọng lượng nặng màu trơn màu trơn 250g cotton nguyên chất cổ tròn ngắn tay dày nguyên chất màu trắng đáy áo sơ mi t áo thun nam nữ hàng đầu,False,False,,,,,màu trơn,,False,1.148,,0.0,False,False,False,False,,,
925348663769,fashion,220克重磅纯棉夏季短袖T恤男宽松男装体恤半袖纯色打底衫可二开,Áo thun nam ngắn tay mùa hè cotton dày 220g áo thun nam rộng rãi áo sơ mi nửa tay màu trơn có thể mở hai,False,False,,,,,,,False,0.963,,0.0,False,False,True,False,,,
979046060045,fashion,尚谷男装|重磅长袖男t恤春季2026新美式上衣青少年休闲圆领打底衫,"Quần áo nam Shanggu | Áo thun nam tay dài chất liệu dày dặn, kiểu dáng Mỹ mới xuân 2026, áo phông cổ tròn trẻ trung, phong cách thường ngày.",False,False,,,,,,|,False,1.037,,0.11,False,False,False,False,,,
812958742310,fashion,新疆长绒棉纯棉短袖男士夏季新款男装宽松休闲纯色重磅上衣服T恤,Áo thun nam ngắn tay cotton cotton dài Tân Cương,False,False,,,,,,,False,0.345,vi_qua_ngan,0.22,False,False,False,False,,,
887529258594,fashion,华夫格圆领短袖后包领男士上衣夏季新款宽松大码冰丝薄款复古T恤,Áo nam cổ tay ngắn cổ tròn túi sau áo thun cổ điển kiểu mỏng lụa băng cỡ lớn rộng rãi mẫu mới mùa hè,False,False,,,,,,,False,0.862,,0.0,False,True,False,False,,,
884445173019,fashion,潮牌短袖T恤男2024夏季新款跨境痞帅宽松休闲印花ins半袖百搭上衣,Áo phông ngắn tay thương hiệu sành điệu áo dễ phối cộc tay instagram in hoa thường ngày rộng rãi mẫu mới mùa hè 2024 cho nam,False,False,,,,,,,False,1.0,,0.0,False,True,False,False,,,
901167118082,fashion,2026夏季新款纯棉男士新款220g短袖T恤重磅美式潮牌宽松圆领上衣,"Áo thun nam cotton nguyên chất hè 2026, chất dày 220g, tay ngắn, kiểu dáng rộng, cổ tròn, thương hiệu thời trang Mỹ.",False,False,,,,,,,False,0.88,,0.05,False,True,False,False,,,
989568945556,fashion,【200支液氨长绒棉】男士长袖t恤2026新款春秋季高端简约打底衫男,【Bông sợi dài chứa amoniac lỏng 200 sợi】Áo thun nam dài tay mẫu mới 2026 áo sơ mi cơ bản đơn giản cao cấp mùa xuân thu dành cho nam.,False,False,,,,,,【】,False,1.208,,0.04,False,True,False,False,,,
920945212270,fashion,美式复古麻花纹翻领针织短袖男士春夏修身时尚潮流百搭短T恤半袖,Áo thun ngắn tay dệt kim cổ lật cổ điển kiểu Mỹ,False,False,,,,,,,False,0.414,vi_qua_ngan,0.09,False,False,False,False,,,
884999634414,fashion,潮牌短袖T恤男2024夏季新款跨境痞帅宽松休闲印花ins半袖百搭上衣,Áo phông ngắn tay thương hiệu sành điệu áo dễ phối cộc tay instagram in hoa thường ngày rộng rãi mẫu mới mùa hè 2024 cho nam,False,False,,,,,,,False,1.0,,0.0,False,True,False,False,,,
785574599689,fashion,【严选】纯棉短袖t恤男纯棉重磅220克美式复古短袖t恤男批发,"[Chọn chặt chẽ] Áo thun cotton ngắn tay nguyên chất dành cho nam, cotton nguyên chất nặng 220g Áo thun ngắn tay cổ điển Mỹ dành cho nam bán buôn",False,False,,,,,,[],False,1.304,,0.1,False,False,False,False,bán buôn,,
960713847719,fashion,cleanfit拼接华棉长袖T恤男春秋设计感圆领卫衣美式复古正肩上衣,Cleanfit spliced Huamian dài tay áo thun nam thiết kế xuân thu áo cổ tròn cổ tròn kiểu Mỹ retro vai phải,False,False,,,,,cổ tròn,,False,0.88,,0.1,False,False,False,False,,,
962558606688,fashion,【一件代发】百搭薄款a运动T恤感男士夏季短袖轻熟男装商务休,[Dropshipping] Áo thun mỏng đa năng A-Sport phong cách nam ngắn tay mùa hè trang phục công sở trung niên.,False,False,,,,,,[],False,0.84,,0.15,False,False,False,False,dropship,,
760603864190,fashion,260g重磅纯棉t恤男士短袖纯色白色上衣服美式体恤全棉半袖打底衫,Áo phông 100% cotton nặng 260g áo nam tay ngắn màu trắng,False,False,,100,,,,,False,0.407,vi_qua_ngan,0.0,False,False,False,False,,,
770390030424,fashion,短袖t恤男士2024新款夏季宽松百搭上衣服圆领半袖体恤衫潮牌男装,Áo Phông Nam Ngắn Tay áo kiểu dáng mới mùa hè 2024,False,False,,,,,,,False,0.407,vi_qua_ngan,0.4,False,False,False,False,,,
779239805226,fashion,重磅潮牌纯棉印花男士短袖T恤2025新款夏季爆款潮流休闲圆领体恤,"Áo thun nam tay ngắn chất cotton 100% in họa tiết, thương hiệu thời trang cao cấp, mẫu mới hè 2025, bán chạy, kiểu dáng năng động, cổ tròn",False,False,,100,,,,,False,1.0,,0.0,False,True,True,False,,,
788962176417,fashion,【三防T-新疆长绒棉】2026夏季黑科技三防短袖男t恤圆领纯棉t恤男,"【Áo thun ba lớp chống thấm - Cotton sợi dài Tân Cương】Áo thun nam ngắn tay ba lớp chống thấm công nghệ cao mùa hè 2026, áo thun cotton nguyên chất cổ tròn dành cho nam.",False,False,,,,,,【】,False,1.458,,0.12,False,False,False,False,,,
933078411609,fashion,【液氨双淬丝】高端80s纯棉短袖T恤男2025夏季凉感纯色圆领体恤衫,[Tinh chế đôi amoniac lỏng] Áo thun nam tay ngắn cotton 80s cao cấp áo thun nam cổ tròn một màu mát mẻ mùa hè 2025,False,False,,,,,,[],False,1.042,,0.04,False,False,False,False,,,
796667291451,fashion,冰丝速干透气网眼短袖男夏季爆款T恤男士健身运动短袖户外体恤衫,Áo thun nam ngắn tay lưới thoáng khí nhanh khô mùa hè,False,False,,,,,,,False,0.414,vi_qua_ngan,0.0,False,False,False,False,,,
897702964733,fashion,200g纯棉小落肩短袖t恤男女同款半袖纯色黑色白色男士圆领打底代,Áo phông ngắn tay trễ vai 100% cotton 200g cho nam và nữ cùng kiểu dáng nửa tay màu trơn màu đen trắng cho nam cổ tròn thế hệ,False,False,,100,,,,,False,1.037,,0.0,False,True,True,False,,,
886191636183,fashion,夏季男士冰丝短袖T恤男宽松圆领半袖体恤大码简约百搭速干上衣,Áo phông nam mùa hè tay ngắn lụa lạnh áo phông nam tay lỡ cổ tròn rộng rãi áo nhanh khô dễ phối đơn giản cỡ lớn,False,False,,,,,,,False,0.964,,0.0,False,False,True,False,,,
899579035882,fashion,跨境夏季新款冰丝短袖男t恤时尚百搭凉感中年商务休闲男士t恤代发,Áo thun nam ngắn tay lụa băng phong cách mới mùa hè xuyên biên giới,False,False,,,,,,,False,0.517,vi_qua_ngan,0.0,False,False,False,False,xuyên biên giới,,
939351197470,fashion,源头厂家男士短袖t恤夏季打底衫圆领百搭休闲纯色大码T恤潮流上衣,Nguồn nhà sản xuất áo thun nam ngắn tay áo mặc trong mùa hè cổ tròn tất cả các kết hợp giản dị màu trơn cỡ lớn áo phông trào lưu,False,False,,,,,,,False,1.069,,0.0,False,True,False,False,nhà máy|nhà sản xuất,,
910102803397,fashion,【多色可选】夏季中年男士翻领短袖t恤爸爸装上衣打底衫休闲薄款,[Nhiều màu tùy chọn] Áo phông nam trung niên mùa hè tay ngắn cổ bẻ áo bố áo mặc trong kiểu mỏng giản dị,False,False,,,,,,[],False,0.889,,0.04,False,False,False,False,,,
795736592509,fashion,夏季冰丝背心t恤男迷彩速干弹力户外运动薄款空调休闲无袖球衣潮,Áo phông áo phông lụa băng mùa hè áo không tay mặc thường ngày điều hòa kiểu mỏng thể thao ngoài trời co giãn nhanh khô ngụy trang cho nam sành điệu,False,False,,,,,áo phông,,False,1.103,,0.0,False,False,False,False,,,
895218704069,fashion,夏季新款男士半拉链立领短袖T恤户外休闲运动修身时尚立领衫上衣,Áo thun nam ngắn tay cổ đứng khóa kéo nửa mẫu mới mùa hè,False,False,,,,,,,False,0.483,vi_qua_ngan,0.0,False,False,False,False,,,
901934374656,fashion,欧美潮牌短袖ins纯棉夏季新款男士印花T恤潮流男女百搭圆领体恤男,Áo thun nam ngắn tay thương hiệu thời trang Âu Mỹ in hình cotton nguyên chất mùa hè mới Áo thun cổ tròn đa năng nam nữ hợp thời trang dành cho nam,False,False,,,,,,,False,1.179,,0.09,False,True,True,False,,,
771981458208,fashion,ACU男装|重磅纯棉夏季男士短袖T恤美式潮流字母印花宽松半袖体恤,Quần áo nam ACU | Áo thun nam ngắn tay mùa hè cotton nguyên chất kiểu Mỹ Áo thun cộc tay dáng rộng in chữ thời trang,False,False,,,,,,|,False,0.963,,0.12,False,False,False,False,,,
891871909073,fashion,【品质男装】美式潮牌男士短袖T恤夏季白色100纯棉半袖宽松潮流上,[Quần áo nam chất lượng] Áo thun nam tay ngắn thương hiệu thời trang Mỹ mùa hè màu trắng 100 cotton nửa tay rộng rãi,False,False,,,,,,[],False,0.923,,0.09,False,False,False,False,,,
906656433533,fashion,【一折专区】奥莱精选丨重磅丨男装T恤丨短袖夏季丨美式潮牌,[Giảm giá 10%] Lựa chọn của Ole 丨 Áo phông nam hạng nặng 丨 Áo phông nam ngắn tay mùa hè 丨 Thương hiệu thời trang Mỹ,True,False,,10,,,,[],False,1.04,,0.24,False,False,False,False,,,
846584034422,fashion,水洗做旧砂洗宽松落肩纯棉美式短袖大版T恤衫重磅潮休闲欧码230g,Áo thun cỡ lớn ngắn tay kiểu Mỹ ngắn tay kiểu dáng rộng rãi giặt cát cũ,False,False,230,,,,,,False,0.63,,0.06,False,False,False,False,,,
922324413142,fashion,【欧货刺绣】80S液氨双淬丝/纯棉男短袖T恤夏季轻奢柜货刺绣上衣,【Thêu Châu Âu】Áo thun ngắn tay nam bằng vải lụa/thủ công bằng cotton nguyên chất được làm mềm bằng amoniac lỏng thập niên 80 Áo thun ngắn tay mùa hè nhẹ nhàng sang trọng hàng có sẵn,False,False,,,,,,【】,False,1.52,,0.11,False,False,False,False,có sẵn|hàng có sẵn,,
797157628821,fashion,重磅潮牌纯棉印花男士短袖T恤2025新款夏季爆款潮流休闲圆领体恤,Trọng lượng nặng trendyy thương hiệu cotton nguyên chất in hình áo thun nam ngắn tay 2025 mùa hè mới phong cách hot trendyy áo thun cổ tròn giản dị,False,False,,,,,,,False,1.074,,0.0,False,True,True,False,,,
791913514407,fashion,重磅潮牌纯棉印花男士短袖T恤2025新款夏季爆款潮流休闲圆领体恤,Áo thun nam ngắn tay in hình 100% cotton thương hiệu thời trang nặng mẫu mới mùa hè 2025 áo thun cổ tròn giản dị thời thượng,False,False,,100,,,,,False,0.926,,0.0,False,True,True,False,,,
939772082546,fashion,夏季重磅纯棉百搭潮牌男装短袖T恤圆领休闲潮流半袖体恤衫上衣ins,Áo phông nam tay ngắn thương hiệu thời trang dễ phối 100% cotton nặng mùa hè áo phông cộc tay cổ tròn xu hướng giản dị áo instagram,False,False,,100,,,,,False,0.964,,0.0,False,False,True,False,,,
738121486753,fashion,【S-8XL】空调衫夏季冰丝短袖T恤大码男士速干超薄款宽松网眼衣服,[S-8XL] Áo sơ mi điều hòa mùa hè băng lụa ngắn tay Áo thun nam cỡ lớn quần áo lưới rộng siêu mỏng nhanh khô,False,False,,,,,,[],False,1.04,,0.08,False,False,False,False,,,
920955543444,fashion,华夫格t恤男短袖后包领潮流夏季衣服痞帅休闲半袖夏装商务上衣,Áo T-shirt Walfag áo mùa hè thời thượng cổ túi sau tay ngắn cho nam áo công sở mùa hè tay lỡ thường ngày đẹp trai,False,False,,,,,,,False,0.964,,0.08,False,True,False,False,,,
895918620913,fashion,T恤衫男夏季短袖t恤男士纯色潮流男装宽松简约百搭休闲半袖打底衫,Áo phông áo phông nam ngắn tay mùa hè áo phông nam màu trơn trào lưu trang phục nam rộng rãi đơn giản dễ phối,False,False,,,,,áo phông,,False,0.862,,0.0,False,False,False,False,,,
637499622703,fashion,【兰精莫代尔T】冰丝新升级莫代尔短袖T恤男7A抑菌短袖白色打底衫,[Lanxess Modal T] Áo thun ngắn tay modal mới nâng cấp bằng lụa băng nam 7A áo sơ mi ngắn tay màu trắng kháng khuẩn,False,False,,,,,,[],False,0.962,,0.17,False,False,False,False,,,
918055825999,fashion,捡漏~专柜撤回尾单男装夏季新款冰丝短袖t恤男士半袖,Giảm giá ~ Thông thoáng áo thun ngắn tay lụa băng mới mùa hè dành cho nam giới từ cửa hàng.,False,False,,,,,,~,False,0.87,,0.05,False,False,False,False,,,
742201035034,fashion,【跨境热卖】亚马逊长袖t恤男士美式李.汉顿春夏大码速干上衣批发,[Bán chạy xuyên biên giới] Áo thun nam dài tay Amazon American Lee. Bán buôn áo nhanh khô cỡ lớn mùa xuân và mùa hè Hanton,False,False,,,,,,[],False,0.963,,0.24,False,False,False,False,"bán buôn, xuyên biên giới, amazon|temu|shein|tiktok",,
886075284658,fashion,夏季新款短袖t恤男美式重磅潮牌情侣半袖上衣宽松休闲圆领打底衫,Áo phông ngắn tay mẫu mới mùa hè áo đôi nam tay lỡ thương hiệu thời trang nặng kiểu Mỹ áo mặc trong cổ tròn thường ngày rộng rãi,False,False,,,,,,,False,1.0,,0.04,False,True,True,False,,,
815475273453,fashion,重磅潮牌纯棉印花男士短袖T恤2025新款夏季爆款潮流休闲圆领体恤,"Áo thun nam tay ngắn chất cotton 100% in hình, thương hiệu thời trang cao cấp, mẫu mới hè 2025, bán chạy, kiểu dáng năng động, cổ tròn",False,False,,100,,,,,False,0.963,,0.0,False,True,True,False,,,
903415200735,fashion,夏季新款冰丝短袖男t恤翻领商务百搭凉感时尚潮流印花休闲男士t恤,Áo phông nam ngắn tay lụa băng mẫu mới mùa hè áo phông nam in hoa thời trang sành điệu thời trang sành điệu dễ phối cổ bẻ công sở,False,False,,,,,,,False,1.034,,0.0,False,True,False,False,,,
896616118579,fashion,美式复古重磅麂皮绒短袖男2025休闲半袖上衣T恤夏季潮牌新款体恤,Áo phông nam cộc tay ngắn tay da lộn nặng cổ điển kiểu Mỹ áo phông mẫu mới thương hiệu thời trang mùa hè mẫu mới,False,False,2025,,,,,,False,0.963,,0.04,False,False,False,False,,,
887945172966,fashion,冰爽速干t恤男夏季薄款运动短袖宽松健身衣训练跑步服户外上衣,Áo phông nam băng giá nhanh khô áo tập thể dục rộng rãi tay ngắn thể thao mẫu mỏng mùa hè trang phục chạy bộ tập luyện áo ngoài trời,False,False,,,,,,,False,1.071,,0.0,False,True,False,False,,,
795499736227,fashion,男士高档空调冰丝T恤薄透气速干有型短袖半截袖t恤跨进批发代发,"Áo thun nam lụa lạnh điều hòa cao cấp áo thun tay ngắn tay ngắn thoáng khí, nhanh khô",False,False,,,,,tay ngắn,,False,0.679,,0.0,False,False,False,False,,,
899491924159,fashion,重磅潮牌纯棉印花男士短袖T恤2025新款夏季爆款潮流休闲圆领体恤,Áo thun nam ngắn tay in hình 100% cotton thương hiệu thời trang nặng mẫu mới mùa hè 2025 áo thun cổ tròn giản dị thời thượng,False,False,,100,,,,,False,0.926,,0.0,False,True,True,False,,,
776335973784,fashion,重磅纯棉潮牌印花男士短袖T恤2025新款夏季爆款潮流痞帅休闲体恤,"Áo thun nam tay ngắn chất cotton 100% cao cấp, in họa tiết thời trang, thương hiệu nổi tiếng, kiểu dáng hè 2025 mới, phong cách cá tính, năng động, thoải mái.",False,False,,100,,,,,False,1.111,,0.0,False,False,True,False,,,
920230453384,fashion,24小时发货男士纯棉T恤短袖夏季|一件代发印花长袖吸汗透气,"Áo thun nam tay ngắn cotton nguyên chất giao hàng trong 24 giờ | Áo liền thân in họa tiết, tay dài, thấm hút mồ hôi và thoáng khí",False,False,,,,,,|,False,1.08,,0.04,False,False,False,False,,,
886252026912,fashion,美式重磅男装短袖t恤夏季新款青年百搭潮牌潮流宽松休闲上衣短袖,Áo thun nam ngắn tay nam nặng kiểu Mỹ áo mùa hè tay ngắn,False,False,,,,,,,False,0.483,vi_qua_ngan,0.08,False,False,False,False,,,
924147296139,fashion,120支匹马棉】高支短袖t恤男2026年夏新款高端丝光棉圆领品质上衣,"120-count Pima cotton】Áo thun ngắn tay cao cấp dành cho nam, phong cách mới mùa hè 2026, áo cổ tròn chất lượng cao cấp bằng cotton mercerized.",False,False,,,,,,】,False,1.08,,0.08,False,False,False,False,,,
811970700916,fashion,重磅潮牌纯棉印花男士短袖T恤2025新款夏季爆款潮流休闲圆领体恤,"Áo thun nam tay ngắn chất liệu cotton 100%, in hình, thương hiệu thời trang cao cấp, mẫu mới hè 2025, bán chạy, kiểu cổ tròn, phong cách thường ngày",False,False,,100,,,,,False,1.037,,0.0,False,False,True,False,,,
901099727232,fashion,100%纯棉春夏装痞帅情侣装男复古港味ins字母短袖T恤新款宽松半袖,100% cotton quần áo mùa xuân và mùa hè quần áo cặp đôi đẹp trai áo phông ngắn tay chữ ins phong cách Hồng Kông cổ điển cho nam áo phông cộc tay rộng rãi mẫu mới,False,False,,,,,,,False,1.385,,0.06,False,True,False,False,,,
777927314466,fashion,夏季重磅纯棉百搭潮牌男装短袖T恤圆领休闲潮流半袖体恤衫上衣ins,Áo Phông Nam Ngắn Tay Thương hiệu thời trang 100% cotton dễ phối đồ mùa hè Áo Phông Cộc Tay Cổ Tròn xu hướng giản dị áo Instagram,False,False,,100,,,,,False,0.964,,0.46,False,False,True,False,,,
900014872737,fashion,美式水洗纯棉重磅短袖t恤男夏季2025新款复古硬汉半袖上衣服潮牌,Áo phông nam tay ngắn tay ngắn 100% cotton giặt kiểu Mỹ áo nam tay lỡ cứng cổ điển mẫu mới mùa hè 2025 thương hiệu thời trang,False,False,,100,,,tay ngắn,,False,0.963,,0.04,False,False,False,False,,,
903370911556,fashion,大牌外贸尾货专柜清仓捡漏~美式潮牌短袖t恤男女夏季潮流上衣男装,Các quầy hàng đuôi ngoại thương lớn được giải phóng mặt bằng và rò rỉ ~ Áo T-shirt ngắn tay thương hiệu sành điệu kiểu Mỹ áo thời trang nam nữ mùa hè,False,False,,,,,,~,False,1.138,,0.09,False,False,False,False,,,
950582715381,fashion,【7A抗菌】丝光棉t恤男短袖圆领纯色白色上衣服冰丝凉感速干半袖,[7A Kháng khuẩn] Áo thun cotton Mercerized nam ngắn tay cổ tròn màu trắng nguyên chất băng lụa mát mẻ nhanh khô nửa tay,False,False,,,,,,[],False,0.923,,0.13,False,False,False,False,,,
776335949126,fashion,重磅纯棉潮牌印花男士短袖T恤2025新款夏季爆款潮流痞帅休闲体恤,"Áo thun nam tay ngắn chất cotton dày dặn, in họa tiết thời trang, thương hiệu nổi tiếng, kiểu dáng hè 2025 mới, phong cách cá tính, năng động, thoải mái.",False,False,,,,,,,False,1.111,,0.0,False,False,True,False,,,
897730941048,fashion,冰爽速干t恤男夏季薄款运动短袖宽松健身衣训练跑步服户外上衣,Áo phông nam băng giá nhanh khô áo tập thể dục rộng rãi tay ngắn thể thao mẫu mỏng mùa hè trang phục chạy bộ tập luyện áo ngoài trời,False,False,,,,,,,False,1.071,,0.0,False,True,False,False,,,
894943304568,fashion,【高品质男装】夏季新款纯棉T恤短袖极简设计图印花圆领潮牌上衣,"[Quần áo nam chất lượng cao] Áo thun cotton kiểu mới mùa hè, áo thương hiệu thời trang cổ tròn in họa tiết thiết kế tối giản tay ngắn",False,False,,,,,,[],False,1.074,,0.04,False,False,False,False,,,
892629431433,fashion,【私人专属】冰爽速干t恤男夏季薄款运动短袖宽松健身衣速干上衣,[Riêng] Áo phông nhanh khô băng giá áo tập thể dục rộng rãi tay ngắn thể thao mẫu mỏng mùa hè cho nam áo nhanh khô,False,False,,,,,,[],False,0.963,,0.04,False,False,False,False,,,
642515143681,fashion,短袖t恤春夏男士韩版修身圆领薄款工作服黑白灰简约纯色打底汗衫,Áo phông ngắn tay Quần yếm mẫu mỏng cổ tròn tôn dáng phong cách Hàn Quốc cho nam mùa xuân và mùa hè Áo lót đơn giản màu trơn màu đen trắng xám,False,False,,,,,,,False,1.138,,0.12,False,True,False,False,,,
896419391804,fashion,2025新款冰丝短袖t恤男士夏季翻领休闲体恤高端带领透气冰感半袖,Áo thun tay ngắn tay lụa băng mẫu mới 2025 áo thun nam mùa hè cổ bẻ áo cộc tay thoáng khí,False,False,,,,,,,False,0.778,,0.0,False,True,False,False,,,
740493853004,fashion,ACU男装|字母个性印花短袖t恤男2026夏季新品宽松速干半袖体恤衫,"Quần áo nam ACU | Áo thun nam tay ngắn in chữ cá nhân hóa, mùa hè 2026, kiểu dáng rộng rãi, nhanh khô",False,False,,,,,,|,False,0.88,,0.05,False,False,False,False,,,
720101149811,fashion,ACU男装|纯棉男士背心潮牌无袖纯色T恤2026夏季宽松百搭打底上衣,"Quần áo nam ACU | Áo vest nam cotton nguyên chất, kiểu dáng thời trang, không tay, màu trơn, áo thun mùa hè 2026, dáng rộng, đa năng, áo mặc trong",False,False,,,,,,|,False,1.16,,0.04,False,False,False,False,,,
937412128665,fashion,230g日系风通勤纯棉T恤男夏季圆领微落肩短袖休闲印花上衣体恤ins,"Áo thun cotton nguyên chất kiểu Nhật dành cho nam, cổ tròn mùa hè, vai hơi trễ, áo ngắn tay in họa tiết giản dị, phong cách ins.",False,False,230,,,,,,False,1.077,,0.04,False,False,False,False,,,
903414637030,fashion,青少年夏装纯棉短袖t恤男大童夏季2026新款初中高中学生帅气男装,Quần áo mùa hè dành cho thanh thiếu niên Áo thun ngắn tay cotton nguyên chất cho bé trai và bé gái mùa hè 2026 phong cách mới Quần áo nam đẹp trai dành cho học sinh trung học cơ sở và trung học phổ thông,False,False,,,,,,,False,1.667,vi_qua_dai,0.05,False,False,False,False,,,
793027653936,fashion,重磅潮牌纯棉印花男士短袖T恤2025新款夏季爆款潮流休闲圆领体恤,"Áo thun nam tay ngắn chất cotton 100% in hình, thương hiệu thời trang cao cấp, mẫu mới hè 2025, bán chạy, kiểu dáng năng động, cổ tròn",False,False,,100,,,,,False,0.963,,0.0,False,True,True,False,,,
906340791479,fashion,欧美潮牌短袖ins纯棉夏季新款男士印花T恤潮流男女百搭圆领体恤男,Áo thun nam ngắn tay thương hiệu thời trang Âu Mỹ in hình mùa hè mới bằng cotton nguyên chất Áo thun cổ tròn đa năng nam nữ hợp thời trang dành cho nam,False,False,,,,,,,False,1.214,,0.09,False,True,True,False,,,
903049053563,fashion,欧美潮牌短袖ins纯棉夏季新款男士印花T恤潮流男女百搭圆领体恤男,Áo thun nam ngắn tay thương hiệu thời trang Âu Mỹ in hình mùa hè mới bằng cotton nguyên chất Áo thun cổ tròn đa năng nam nữ hợp thời trang dành cho nam,False,False,,,,,,,False,1.214,,0.09,False,True,True,False,,,
897826662865,fashion,美式纯棉短袖t恤男士夏季潮牌宽松圆领半袖潮流印花休闲情侣体恤,Áo thun nam ngắn tay 100% cotton kiểu Mỹ áo thun cặp đôi in hoa thời trang cổ tròn rộng rãi thương hiệu thời trang mùa hè,False,False,,100,,,,,False,0.897,,0.04,False,True,False,False,,,
895315203664,fashion,夏季新款短袖宽松t恤男士潮牌休闲半袖潮流体恤打底衫五分袖上衣,Áo phông cộc tay rộng rãi mẫu mới mùa hè áo phông nam tay lỡ thoải mái thương hiệu thời trang áo phông mặc trong áo tay năm phân,False,False,,,,,,,False,1.0,,0.0,False,False,True,False,,,
945249859952,fashion,纯棉260克重磅2026美式男图案短袖T恤男2026夏宽松休闲情侣女潮牌,"Áo thun nam tay ngắn họa tiết kiểu Mỹ chất liệu cotton nguyên chất 260g dày dặn, áo thun cặp đôi thời trang mùa hè 2026 nam nữ, kiểu dáng rộng rãi thoải mái.",False,False,2026,,,,,,False,1.375,,0.03,False,False,True,False,,,
896620320367,fashion,复古设计感圆领重磅短袖T恤男夏季美式高街显瘦中性风纯棉上衣服,Áo phông nam ngắn tay ngắn cổ tròn cổ tròn thiết kế cổ điển quần áo cotton phong cách trung tính tôn dáng đường phố cao cổ kiểu Mỹ mùa hè,False,False,,,,,cổ tròn,,False,1.069,,0.03,False,False,False,False,,,
913560434467,fashion,【120支液氨匹马棉】高端丝光棉凉感t恤男短袖青年男士夏天体桖,"【120 chiếc bông Pima xử lý bằng amoniac lỏng】Áo thun cotton mercerized cao cấp, cảm giác mát mẻ, dành cho nam giới, tay ngắn, trang phục mùa hè dành cho nam thanh niên.",False,False,,,,,,【】,False,1.32,,0.06,False,False,False,False,,,
862151400654,fashion,ARTIE男装丨2026春夏加大短版宽松男短袖t恤无接缝潮牌大码男装,"Quần áo nam ARTIE | Áo thun nam tay ngắn rộng rãi, kiểu dáng xu hướng, không đường may, size lớn, Xuân/Hè 2026",False,False,,,,,,|,False,0.917,,0.15,False,False,False,False,,,
849100356260,fashion,BE男装|2026夏季美式透气纯棉上衣短袖高品质潮牌落肩纯色t恤男,"Quần áo nam BE | Áo thun nam tay ngắn chất liệu cotton nguyên chất, thoáng khí, kiểu dáng Mỹ, chất lượng cao, thời trang, màu trơn, kiểu dáng xu hướng năm 2026, tay áo trễ vai.",False,False,,,,,,|,False,1.4,,0.06,False,False,False,False,,,
879010737273,fashion,美式潮牌ins纯棉男士印花短袖T恤夏季新款潮流男女百搭圆领体恤男,Áo phông nam ngắn tay in hoa cotton instagram thương hiệu thời trang kiểu Mỹ áo phông nam cổ tròn dễ phối đồ thời trang nam nữ mẫu mới mùa hè,False,False,,,,,,,False,1.107,,0.03,False,True,False,False,,,
951399032138,fashion,跨境代发【24小时发货】潮流潮牌夏季230重磅透气男士纯棉t恤短袖,Dropshipping xuyên biên giới [Vận chuyển 24 giờ] Thương hiệu hợp thời trang mùa hè 230 áo thun cotton nguyên chất nam tay ngắn thoáng khí hạng nặng,False,False,,,,,,[],False,1.04,,0.08,False,False,True,False,"xuyên biên giới, dropship",,
898264265987,fashion,美式纯棉短袖t恤男士夏季潮牌宽松圆领半袖潮流印花休闲情侣体恤,Áo thun nam ngắn tay 100% cotton kiểu Mỹ áo thun cặp đôi in hoa thời trang cổ tròn rộng rãi thương hiệu thời trang mùa hè,False,False,,100,,,,,False,0.897,,0.04,False,True,False,False,,,
902995196629,fashion,【Di桑特平替】春夏T恤男速干透气凉感7A抗菌防晒衣女t户外骑行服,"[Di San Te Ping Replacement] Áo thun nam mùa xuân hè, nhanh khô, thoáng khí và mát mẻ, quần áo chống nắng kháng khuẩn 7A dành cho nữ, áo đi xe đạp ngoài trời.",False,False,,,,,,[],False,1.36,,0.18,False,False,False,False,,,
945706206588,fashion,纯棉260克重磅2026美式男图案短袖T恤男2026夏宽松休闲情侣女潮牌,"Áo thun nam tay ngắn họa tiết kiểu Mỹ, chất liệu cotton nguyên chất 260g dày dặn, mùa hè 2026, kiểu dáng rộng rãi thoải mái, thời trang cặp đôi nam nữ.",False,False,2026,,,,,,False,1.292,,0.03,False,False,True,False,,,
891276685926,fashion,25年新花#民族风V领人棉绸短袖法式泰国风连衣裙女印花度假风裙子,25 năm hoa mới # phong cách dân tộc cổ chữ V cotton ngắn tay phong cách Pháp Thái Lan váy nữ in hoa phong cách nghỉ dưỡng,False,False,,,,,,#,False,0.929,,0.16,False,False,False,False,,,
896311004656,fashion,海边度假风露背挂脖连衣裙沙滩裙女早春带胸垫A字裙纯欲镂空长裙,Váy liền hai dây hở lưng phong cách đi biển váy đi biển váy chữ A có đệm ngực đầu xuân cho nữ váy dài rỗng,False,False,,,,,đi biển váy,,False,0.897,,0.04,False,False,False,False,,,
979223631450,fashion,2026新款秋装连身裙时尚豹纹渐变印花圆领长袖中长款连衣裙,Váy liền thân mùa thu mới 2025 thời trang in họa tiết báo đốm phối màu cổ tròn tay dài dài trung bình,False,False,2026,2025,,,,,False,0.88,,0.0,False,False,False,False,,,
992861129780,fashion,法式御姐风斜肩一字领长袖上衣蝙蝠袖系腰带收腰针织衫短款连衣裙,Áo dài tay cổ thuyền lệch vai thanh lịch kiểu Pháp với tay áo cánh dơi và váy ngắn đan thắt lưng thắt lưng.,False,False,,,,,thắt lưng,,False,0.8,,0.04,False,False,False,False,,,
779682075324,fashion,2-300斤胖mm牛仔蓝连衣裙女夏季新款特大码中长款宽松短袖t恤裙子,Váy denim màu xanh cỡ lớn dành cho nữ mùa hè mới cỡ lớn váy thun ngắn tay dáng rộng dài vừa phải,False,False,"2, 300",,,,,,False,0.885,,0.0,False,False,False,False,,,
918080809420,fashion,MR【仿棉螺纹】韩系气质感挂脖v领碎花连衣裙小众不撞款修身长裙,MR [Sợi bông giả] Váy hoa cổ chữ V dây cổ gợi cảm phong cách Hàn Quốc váy dài ôm dáng không va chạm,False,False,,,,,,[],False,0.923,,0.18,False,False,False,False,,,
952880245809,fashion,五笔蟹黑色夏季新款气质裙子修身显瘦一字领女装裙子泡泡袖连衣裙,Wubixue đen mùa hè phong cách mới váy thanh lịch vừa vặn vừa vặn trễ vai váy nữ tay phồng,False,False,,,,,vừa vặn,,False,0.667,,0.0,False,False,False,False,,,
705841133225,fashion,美系中长款西装吊带连衣裙套装女新款小香风优雅气质大码两件套裙,"Bộ đồ dài vừa và dài kiểu Mỹ, váy hai dây, váy hai dây cỡ lớn khí chất thanh lịch phong cách Chanel mẫu mới cho nữ",False,False,,,,,váy hai dây,,False,0.9,,0.08,False,False,False,False,,,
973450607067,food,【代发好品】盐津铺子大魔王麻酱素毛肚魔芋爽毛肚休闲零食解馋零,【Sản phẩm tốt để bán lại】Snack mì Konjac mè đen Big Devil của Yanjin Shop - Một món ăn nhẹ thỏa mãn cơn thèm của bạn.,False,False,,,,,,【】,False,0.929,,0.28,False,False,False,False,,,
810986870500,food,卫龙大面筋香辣网红辣条调味面制品小吃零食包邮批发24g*20包盒装,"Weilong Gluten cay nổi tiếng trên mạng dải cay các sản phẩm mì ống, đồ ăn nhẹ, đồ ăn nhẹ, bán buôn 24g * 20 gói đóng hộp",False,False,,,,,đồ ăn nhẹ,*,False,0.963,,0.04,False,False,False,False,bán buôn,,
902880843583,food,乐事无限薯片罐装40g*24罐装原味黄瓜烧烤味薯片休闲零食整箱批发,"Khoai tây chiên Lay's Unlimited đóng hộp 40g*24 hộp, vị dưa chuột BBQ nguyên bản, đồ ăn vặt bán buôn theo thùng",False,False,,,,,,*,False,0.852,,0.1,False,False,False,False,bán buôn,,
895531021423,food,【上好佳200包】鲜虾片虾条薯片薯条幼儿园儿童节零食大礼包批发,"【Shanghaojia 200 gói】Bánh phồng tôm tươi, bánh phồng tôm, khoai tây chiên, gói quà ăn nhẹ ngày trẻ em mẫu giáo bán buôn.",False,False,,,,,,【】,False,0.885,,0.05,False,False,False,False,bán buôn,,
906035564685,food,三惠尖角脆妙脆角锅巴三角脆休闲零食小吃商用怀旧食品牛角小包装,Sanhui sừng nhọn giòn sừng giòn sừng giòn tam giác giòn đồ ăn vặt thông thường đồ ăn vặt thương mại hoài cổ thực phẩm sừng bao bì nhỏ,False,False,,,,,giòn sừng,,False,0.967,,0.0,False,False,False,False,,,
630918881903,food,云南特产玫瑰鲜花饼玫瑰饼紫薯抹茶糕点网红零食240g/袋批发代发,Đặc sản Vân Nam bánh hoa hồng bánh hoa hồng khoai tây tím matcha bánh ngọt đồ ăn nhẹ phổ biến 240 gam/túi giao hàng bán buôn,False,False,,,,,bánh hoa hồng,,False,1.0,,0.08,False,False,False,False,bán buôn,,
885598410264,food,【买1袋送1袋】陕西特产麻辣散装锅巴老式怀旧整箱袋装零食大袋,"[Mua 1 túi tặng 1 túi] Bánh gạo số lượng lớn cay đặc sản Thiểm Tây, túi đựng đồ ăn vặt nguyên hộp hoài cổ kiểu cũ",False,False,,,,,,[],False,0.962,,0.12,False,False,False,False,,,
671332896522,food,爆米花开袋即食爆米花球焦糖奶油休闲零食小吃批发儿童,Bắp Rang Mở Túi Sẵn Sàng Ăn Bắp Rang Bóng Kem Caramel Đồ Ăn Nhẹ Đồ Ăn Nhẹ Bán Buôn Trẻ Em,False,False,,,,,đồ ăn nhẹ,,False,0.88,,1.0,True,False,False,False,bán buôn,,
588989171943,food,【加量20g】卫龙魔芋爽50g/180g辣条素毛肚素牛肚休闲小零食批发,【Thêm 20g】Đồ ăn vặt Weilong Konjac 50g/180g Dải cay cay Đồ ăn vặt lòng bò chay Bán buôn,False,False,,,,,,【】,False,0.909,,0.32,False,False,False,False,bán buôn,,
959363637796,food,香烤面筋川香麻辣孜然味豆干面筋串辣条四川特色休闲小吃零食,Xương rồng nướng kiểu Tứ Xuyên cay với hương vị thì là,False,False,,,,,,,True,0.429,vi_qua_ngan,0.18,False,False,True,False,,,
812062304218,food,【正品保证】三惠尖角脆火锅同款锅巴三角酥膨化零食批发等位商用,"【Đảm bảo hàng chính hãng】Bánh snack hình tam giác giòn Sanhui, cùng kiểu với bánh gạo giòn lẩu, bánh phồng bán buôn dùng cho thương mại.",False,False,,,,,,【】,False,0.964,,0.08,False,False,False,False,bán buôn,,
878218325344,food,爱尚咪咪虾条解馋网红零食大礼包零食休闲小吃散批膨化食品批发,Ai Shang Mimi Tôm Dải để giải tỏa cơn thèm ăn Người nổi tiếng trên Internet Gói quà lớn Đồ ăn nhẹ Đồ ăn nhẹ Thông thường Hàng loạt Bán buôn thực phẩm phồng,False,False,,,,,đồ ăn nhẹ,,False,1.172,,0.36,False,False,False,False,bán buôn,,
785900816957,food,比比赞无边香芋牛油果夹心吐司面包整箱早餐糕点心零食休闲小吃批,"Bibizan Khoai môn thơm vô biên, bơ, bánh mì nướng, bánh mì, bữa sáng, bánh ngọt, đồ ăn nhẹ, đồ ăn nhẹ thông thường",False,False,,,,,đồ ăn nhẹ,,False,0.8,,0.04,False,False,False,False,,,
744344007200,food,【可比克薯片32g】膨化零食休闲食品小吃厂家批发,"[Khoai tây chiên Kebik 32g] Đồ ăn nhẹ phồng, đồ ăn nhẹ, nhà sản xuất đồ ăn nhẹ, bán buôn",False,False,,,,,,[],False,1.053,,0.11,False,False,False,False,"bán buôn, nhà máy|nhà sản xuất",,
731341401294,food,SOYO】12口味维C无糖薄荷糖招待火锅酒店水果味口香糖清新口气,"SOYO] 12 hương vị bạc hà không chứa đường vitamin C, kẹo cao su nhai hương vị khách sạn để làm mới hơi thở của bạn",False,False,,,,,,],False,1.042,,0.04,False,True,False,False,,,
952237084337,food,温州特产鸭舌即食卤鸭舌头肉类辣味鸭肉零食休闲小吃食品零食批发,Lưỡi vịt đặc sản Ôn Châu sẵn sàng ăn lưỡi vịt hầm thịt vịt cay đồ ăn nhẹ đồ ăn nhẹ thông thường đồ ăn nhẹ bán buôn,False,False,,,,,đồ ăn nhẹ,,False,0.933,,0.07,False,False,False,False,bán buôn,,
950982608870,food,【闪电仓专供】童年怀旧零食批发8090辣条混合大礼包整箱麻辣小吃,[Dành riêng cho Lightning Warehouse] Bán buôn đồ ăn nhẹ hoài cổ tuổi thơ 8090 Gói quà tặng hỗn hợp dải cay Full hộp đồ ăn nhẹ cay,False,False,,,,,,[],False,1.038,,0.19,False,False,False,False,bán buôn,,
703942663654,food,【买100包送100包】果酱夹心饼干批发散装整箱零食休闲小包装,[Mua 100 gói và nhận 100 Gói] Bán buôn bánh quy bánh quy Sandwich mứt số lượng lớn FCL đồ ăn nhẹ bao bì nhỏ thông thường,False,False,,,,,bánh quy,[],False,1.087,,0.13,False,False,False,False,bán buôn,,
888330718118,food,玉峰霸王丝爆辣魔鬼辣湖南特产麻辣条儿时怀旧休闲小零食整箱批发,Yufeng Bawang Silk Spicy Devil Spicy Đặc sản Hồ Nam Spicy Tiao Thời thơ ấu Hoài niệm Đồ ăn nhẹ giản dị Bán buôn FCL,False,False,,,Silk Spicy Devil Spicy,,,,False,0.833,,0.61,True,False,False,False,bán buôn,,
927747972047,food,亲亲嘴辣条大礼包辣味辣片辣味十足麦香劲道休闲解馋零食独立包装,Kiss Mouth Spicy Tiao Gói quà lớn Spicy Spicy Spicy Tablets Đầy đủ hương vị lúa mì Jindao Giải trí Đồ ăn nhẹ Bao bì độc lập,False,False,,,Kiss Mouth Spicy Tiao || Spicy Spicy Spicy Tablets,,,,False,0.9,,0.5,False,False,False,False,,,
735541723807,food,太哥辣白菜味辣条童年儿时怀旧麻辣小零食校园五毛钱休闲食品小吃,Taige Spicy Cabbage Spicy Bar Thời thơ ấu Hoài niệm Đồ ăn vặt cay Khuôn viên 50 xu Đồ ăn nhẹ Đồ ăn nhẹ,False,False,,50,Spicy Cabbage Spicy Bar,,đồ ăn nhẹ,,False,0.767,,0.45,False,False,False,False,,,
936090498294,food,德国进口费.列罗爱心饼能多益榛子夹心巧克力饼干点心儿童零食41g,Phí nhập khẩu từ Đức. Leiro Love Cake Nengdoyi Hazelnut Sandwich Sô cô la Bánh quy Dim Sum Đồ ăn nhẹ cho trẻ em 41g,False,False,,,Nengdoyi Hazelnut Sandwich,,,,False,0.893,,0.5,False,False,False,False,,,
876239150987,food,龙岩泡鸭爪鸭掌熟食福建特产卤味鸭脚小零食小吃休闲食品批发辣味,"Chân vịt ngâm Longyan, chân vịt, thực phẩm nấu chín, đặc sản Phúc Kiến, chân vịt om, đồ ăn nhẹ, đồ ăn nhẹ, bán buôn, cay",False,False,,,,,đồ ăn nhẹ,,False,0.867,,0.12,False,False,False,False,bán buôn,,
937955382193,food,奥.利奥可可脆卷夹心饼干巧克力巧脆卷饼干儿童零食休闲小吃摆件,O. Leo Coco Crispy Roll Sandwich Bánh quy Chocolate Crispy Roll Bánh quy Đồ ăn nhẹ cho trẻ em Đồ trang trí ăn nhẹ thông thường,False,False,,,Coco Crispy Roll Sandwich,,,,False,0.897,,0.48,False,False,False,False,,,
848716382163,food,【三只松鼠鳕鱼肠80根】即食鱼肉肠火腿肠儿童休闲海味零,"[Three Squirrels Codfish Sausage 80 miếng] Xúc xích cá ăn liền, xúc xích giăm bông, đồ ăn vặt hải sản thông thường cho trẻ em",False,False,,,Three Squirrels Codfish,,,[],False,1.043,,0.17,False,False,False,False,,,
885821927149,food,牛乳酥饼干整箱5斤特浓味老式奶香单独包装一件代发酥脆独立包装,"Toàn bộ hộp bánh quy giòn vị sữa 2.5kg hương vị đặc biệt thơm ngon kiểu cổ điển, đóng gói riêng lẻ, bánh quy giòn với bao bì riêng lẻ",False,False,5,2.5,,,,,False,1.034,,0.0,False,False,False,False,,,
967243054574,food,【一件代发专享】爱尚咪咪虾条怀旧爱尚儿童零食大礼包独立小包装,[Dành riêng cho vận chuyển thả] Aishang Mimi Tôm Crackers Hoài cổ Aishang Gói quà ăn nhẹ dành cho trẻ em Bao bì nhỏ độc lập,False,False,,,,,,[],False,0.929,,0.32,False,False,False,False,,,
827870995354,food,永得利果酱夹心饼干早餐代餐网红休闲食品办公室零食整箱独立包装,Yongdeli mứt bánh quy bánh quy ăn sáng thay thế bữa ăn nổi tiếng trên mạng đồ ăn nhẹ văn phòng đồ ăn nhẹ nguyên hộp đóng gói riêng,False,False,,,,,bánh quy,,False,0.967,,0.0,False,False,False,False,,,
981252816488,food,猫耳酥猫耳朵酥脆8090后薄脆解馋小零食儿童休闲小吃食品整箱批发,"Đồ ăn nhẹ giòn tai mèo dành cho thế hệ sau 80 và 90, Đồ ăn nhẹ giòn mỏng thỏa mãn cơn thèm, Đồ ăn nhẹ giải trí cho trẻ em, Bán buôn theo hộp.",False,False,8090,"80, 90",,,,,False,1.179,,0.09,False,False,False,False,bán buôn,,
896549577264,food,辣条大礼包8090后儿时怀旧麻辣小零食小时候的童年五毛钱解馋小吃,Spicy Bar Spicy Spree 8090 Những món ăn vặt cay hoài cổ thời thơ ấu,False,False,,,Spicy Bar Spicy Spree,,,,False,0.5,vi_qua_ngan,0.31,False,False,False,False,,,
936067797772,food,奥.利奥夹心饼干原味巧克力味48.5g袋装网红休闲零食办公室小吃,"Bánh quy sandwich O.Leo vị socola nguyên bản 48.5g túi - Đồ ăn vặt nổi tiếng mạng xã hội, đồ ăn vặt văn phòng",False,False,,,,,,,False,0.923,,0.13,False,False,True,False,,,
786210169798,food,比比赞鸭舌头温州特产下酒菜卤味夜宵解馋小零食小吃休闲食品礼包,"Lưỡi vịt Bibizan, phong cách Wenzhou đặc biệt, đồ ăn nhẹ, đồ ăn nhẹ nướng, đồ ăn tối dạ hội, đồ ăn nhẹ, đồ ăn nhẹ, gói quà tặng",False,False,,,,,đồ ăn nhẹ,,False,0.967,,0.07,False,False,False,False,,,
616163049542,food,内蒙古蒙都牛肉干手撕风干牛肉干牛肉零食即食牛肉批发源头工厂,"Thịt bò khô Mạnh Đô Nội Mông, thịt bò khô xé tay, sấy khô tự nhiên, đồ ăn vặt thịt bò, thịt bò ăn liền, nguồn hàng bán buôn từ nhà máy",False,False,,,,,thịt bò,,False,1.103,,0.13,False,False,False,False,"bán buôn, nhà máy|nhà sản xuất",,
728028807695,food,鸭子飞了龙岩鸭爪鸭脚龙岩鸭翅泡鸭翅鸡爪卤鸭肉香辣零食小吃批发,Vịt bay Longyan chân vịt Longyan chân vịt Longyan cánh vịt ngâm cánh gà chân vịt om đồ ăn vặt cay bán buôn,False,False,,,,,longyan chân vịt,,False,0.767,,0.14,False,False,False,False,bán buôn,,
983219492561,food,奥利.奥饼干48.5g*袋装夹心饼干巧克力原味独立小包休闲零食礼盒,Ollie. O Bánh Quy 48.5G * Đóng Gói Bánh Quy Sandwich Sô Cô La Nguyên Bản Độc Lập Túi Nhỏ Thông Thường Hộp Quà Tặng Ăn Nhẹ,False,False,,,,,,*,False,1.0,,1.0,True,False,False,False,,,
998587445944,food,香菇豆干豆腐干五香麻辣味独立包装解馋美味宿舍零食即食追剧即食,"Đậu phụ khô nấm shiitake, đậu phụ khô, hương cay ngũ vị, đóng gói riêng lẻ, đồ ăn nhẹ ký túc xá ngon, ăn liền, ăn liền khi xem phim truyền hình",False,False,,,,,ăn liền,,False,1.067,,0.0,False,True,False,False,,,
726270078559,food,零食批发鸡肉干批發鸡胸肉干风干鸡肉高蛋白即食休闲麻辣食品小吃,Đồ ăn nhẹ bán buôn gà khô bán buôn ức gà khô gà khô giàu protein ăn liền đồ ăn nhẹ đồ ăn vặt cay,False,False,,,,,gà khô,,False,0.833,,0.0,False,False,False,False,bán buôn,,
772403706474,food,好吃点饼干曲奇多口味休闲零食小吃,"Bánh quy, bánh quy giòn, đồ ăn nhẹ đa vị ngon miệng",False,False,,,,,bánh quy,,False,0.75,,0.0,False,False,False,False,,,
864244135450,food,【礼盒】好吃点香脆饼干800g/盒腰果饼杏仁饼核桃饼休闲零食批发,[Hộp quà tặng] Bánh quy giòn thơm ngon 800g/hộp Bánh quy hạt điều Bánh quy hạnh nhân Bánh quy óc chó Bán buôn đồ ăn nhẹ,False,False,,,,,,[],False,1.08,,0.19,False,False,False,False,bán buôn,,
810326261488,food,大刀肉辣条儿时经典90小卖部辣条零食辣疙瘩怀旧麻辣素食网红爆款,Dao lớn thịt cay thời thơ ấu cổ điển 90 cửa hàng nhỏ đồ ăn nhẹ cay cay cay cay cay chay hoài cổ nổi tiếng trên mạng,False,False,,,,,cay cay,,False,0.931,,0.0,False,True,False,False,,,
894711021428,food,香葱卷肉松面包整箱早餐代餐饱腹三明治零食小吃休闲食品小蛋糕,Bánh mì thịt heo cuộn hẹ FCL Bữa sáng thay thế bữa ăn đầy đủ Bánh mì ăn nhẹ Đồ ăn nhẹ Đồ ăn nhẹ Bánh nhỏ,False,False,,,,,ăn nhẹ đồ,,False,0.931,,0.2,False,False,False,False,,,
967022687497,food,达利园软面包法式小面包奶香5斤蛋糕类学生早餐整箱糕点年货零食,Daliyuan Bánh mì mềm Bánh mì kiểu Pháp hương sữa 2.5kg bánh sinh viên ăn sáng nguyên hộp bánh ngọt ăn nhẹ năm mới,False,False,5,2.5,,,,,False,0.828,,0.13,False,False,False,False,,,
937656245878,food,山姆' 牛肉酥脆饼干拆分装网红饼干夹心牛肉馅饼干,Sam'Beef Crispy Cookies Tách bánh quy nổi tiếng trên mạng Bánh quy nhồi thịt bò,False,False,,,Sam'Beef Crispy Cookies,,,,False,0.727,,0.33,False,False,False,False,,,
717424939813,food,咪咪虾条虾片童年零食大礼包整箱怀旧小零食批发膨化食品休闲混批,Mimi tôm cắt lát tôm đồ ăn nhẹ Thời thơ ấu gói quà lớn FCL đồ ăn vặt hoài cổ Bán Buôn Đồ ăn vặt đồ ăn vặt hàng loạt hỗn hợp,False,False,,,,,đồ ăn vặt,,False,1.067,,0.13,False,False,False,False,bán buôn,,
843189378167,food,五黑桑葚冰皮糕黑芝麻黑枣无蔗糖糕点整箱散装解馋小零食休闲食品,"Năm bánh dâu tằm đen, mè đen, chà là đen, bánh ngọt không đường, số lượng lớn, đồ ăn nhẹ, đồ ăn nhẹ",False,False,,,,,đồ ăn nhẹ,,False,0.767,,0.0,False,False,False,False,,,
931550100398,food,统一小浣熊干脆面干吃面30包整箱装方便面网红小零食小吃食品超市,Mì khô Little Raccoon Crispy Noodles 30 gói Mì ăn liền nguyên hộp Người nổi tiếng Internet Đồ ăn nhẹ Siêu thị thực phẩm ăn nhẹ,False,False,,,Little Raccoon Crispy Noodles,网红->nổi tiếng trên mạng / hot trend,,,False,0.862,,0.38,False,False,False,False,,,
955101460650,food,比比赞老婆饼正宗整箱面包早餐绿豆饼糕点解馋小零食小吃休闲食品,Bibizan Vợ Bánh mì FCL đích thực Bữa sáng Bánh đậu xanh Bánh ngọt Đồ ăn nhẹ Đồ ăn nhẹ Đồ ăn nhẹ Đồ ăn nhẹ,False,False,,,,,đồ ăn nhẹ,,False,0.867,,0.38,False,False,False,False,,,
884595855450,food,劲丰博士牛筋辣条儿时怀旧棒面筋双麻辣仔豆筋小零食休闲食品小吃,Tiến sĩ Jinfeng gân bò dải cay thanh hoài cổ thời thơ ấu gluten đôi cay gân đậu nành đồ ăn nhẹ đồ ăn nhẹ đồ ăn nhẹ,False,False,,,,,đồ ăn nhẹ,,False,0.933,,0.04,False,False,False,False,,,
570253447273,food,10包起批邬辣妈辣条全系列豆干豆腐干零食素牛筋蒜蓉牛排,10 gói từ que cay Wu La Ma đầy đủ các loại đậu phụ khô đậu phụ khô đồ ăn nhẹ chay gân bò tỏi bít tết,False,False,,,,,đậu phụ khô,,False,1.04,,0.12,False,False,False,False,,,
572832515522,food,冠生园大白兔多口味奶糖500g喜糖婚糖90后怀旧零食儿童节糖果批发,Guanshengyuan White Rabbit Nhiều hương vị Kẹo bơ cứng 500g Kẹo cưới Kẹo cưới Hậu thập niên 90 Đồ ăn vặt hoài cổ Bán buôn kẹo Ngày trẻ em,False,False,,,,,kẹo cưới,,False,1.037,,0.37,False,False,False,False,bán buôn,,
992356128514,food,盐津铺子零食大礼包辣卤休闲食品小吃卤味办公室解馋七夕节礼物盒,Yanjinpuzi Snack Gift Pack Đồ ăn nhẹ hầm cay Snack Snack Hầm văn phòng Khát vọng Hộp quà tặng lễ hội Qixi,False,False,,,Snack Gift Pack,,,,False,0.733,,0.48,False,False,False,False,,,
993343967186,food,正品双汇火腿肠台式烤香肠原味热狗肠宿舍零食即食小吃泡面火腿肠,Xúc xích giăm bông Shuanghui đích thực Xúc xích nướng Đài Loan xúc xích xúc xích nóng nguyên bản đồ ăn nhẹ ký túc xá đồ ăn nhẹ ăn liền mì ăn liền xúc xích giăm bông,False,False,,,,,xúc xích,,False,1.233,,0.11,False,False,False,False,,,
963301826716,food,猪油渣酥脆炸五花肉新鲜脂渣即食脆皮猪肉干肉脯瘦肉休闲解馋零食,"Thịt lợn bụng giòn với cặn mỡ, cặn mỡ tươi, thịt lợn giòn ăn liền, thịt nạc, đồ ăn nhẹ thông thường để thỏa mãn cơn thèm",False,False,,,,,cặn mỡ,,False,0.9,,0.0,False,False,False,False,,,
785527784505,food,比比赞魔方肉松生吐司手撕面包整箱早餐网红解馋零食小吃休闲食品,Bibizan Rubik's Cube Thịt lợn Bánh mì nướng Xé Bánh mì nguyên hộp Bữa sáng nổi tiếng trên mạng Đồ ăn nhẹ Đồ ăn nhẹ Đồ ăn nhẹ,False,False,,,,,đồ ăn nhẹ,,False,0.967,,0.36,False,False,False,False,,,
561244806559,food,4.5g德芙巧克力双喜丝滑牛奶巧克力结婚喜糖糖果休闲零食散装500,"4.5g Kẹo Socola Dove Double Happiness vị sữa mềm mịn, quà cưới, bán sỉ 500 hộp",False,False,,,Dove Double Happiness,,,,False,0.577,,0.36,False,False,False,False,,,
855781423582,food,【出口外贸认证齐全】咖啡糖咖啡豆糖零食醇香黑糖果批发提开车神,"【Đạt chứng nhận xuất khẩu và thương mại quốc tế】Kẹo cà phê, kẹo hạt cà phê, đồ ăn nhẹ, kẹo đen hương vị đậm đà, bán buôn, tiện lợi khi mang theo.",False,False,,,,,,【】,False,1.179,,0.03,False,False,False,False,bán buôn,,
588933549477,food,整箱批发散装怀旧饼干零食休闲食品芝麻薄脆粗粮代餐饼干夹心饼干,Bán buôn FCL Số lượng lớn Bánh quy hoài cổ Đồ ăn nhẹ Đồ ăn nhẹ Hạt thô giòn mè Bánh quy thay thế bữa ăn Bánh quy Sandwich,False,False,,,,,đồ ăn nhẹ,,False,0.967,,0.3,False,False,False,False,bán buôn,,
992092906643,food,100%每日纯黑巧克力纯可可脂俄罗斯风味巧克力散装低0糖无糖零食,"Sôcôla đen nguyên chất 100% mỗi ngày, bơ ca cao nguyên chất, sôcôla kiểu Nga, số lượng lớn, ít đường, không đường, đồ ăn nhẹ không đường",False,False,0,,,,,,False,0.963,,0.04,False,False,False,False,,,
872826549820,food,鳕鱼片烤鳕鱼500g即食烤鱼片鱼排鱼片干干货碳烤海鲜孕妇儿童零食,Cá tuyết nướng cá tuyết nướng 500g cá phi lê nướng ăn liền cá phi lê khô hải sản nướng than phụ nữ mang thai ăn vặt trẻ em,False,False,,,,,cá tuyết nướng,,False,1.036,,0.0,False,False,False,False,,,
980386170883,food,零食大礼包卤味肉类小吃休闲食品网红爆款解馋辣条小零食麻辣礼盒,"Hộp quà tặng đồ ăn vặt, đồ ăn vặt thịt hầm, đồ ăn nhẹ, đồ ăn nổi tiếng mạng xã hội, đồ ăn vặt cay, hộp quà tặng cay",False,False,,,,,đồ ăn vặt,,False,0.967,,0.0,False,False,False,False,,,
742445629039,food,【新鲜日期】巴旦木瓜子酥独立包装儿童休闲零食厂家批彂一件代发,"[Ngày tươi] Bánh quy hạt dưa đóng gói độc lập, nhà sản xuất đồ ăn nhẹ giải trí cho trẻ em",False,False,,,,,,[],False,0.75,,0.05,False,False,False,False,nhà máy|nhà sản xuất,,
981068800430,food,低脂鸡肉肠即食烤肠高蛋白鸡胸肉减0低脂肥解馋小零食品早餐速食,Xúc xích gà ít béo xúc xích nướng sẵn ăn được thịt gà cao protein ít béo đồ ăn nhẹ ít béo bữa sáng thức ăn nhanh,False,False,0,,,,,,False,0.931,,0.0,False,False,False,False,,,
864476616122,food,抖音快手爆款压片糖果花纤燃果蔬小燃片8.0升级版24粒/盒现货代发,Tik Tok Kuaishou Mẫu nổ ép viên kẹo sợi đốt trái cây và rau quả viên đốt nhỏ 8.0 Phiên bản nâng cấp 24 viên/hộp giao hàng tại chỗ,False,False,,,,爆款->mẫu bán chạy,,,False,1.037,,0.15,False,False,False,False,,,
905984428592,food,印尼进口丽芝士威化饼干145g量贩装纳宝帝nabati休闲零食小吃,Bánh quy wafer phô mai Li nhập khẩu Indonesia 145g,False,False,,,,,,,False,0.435,vi_qua_ngan,0.22,False,False,False,False,,,
812356167196,food,友臣肉松饼营养早餐面包糕点心网红款零食小吃休闲食品下午茶蛋糕,Bánh nướng xốp thịt Youchen Bữa sáng bổ dưỡng Bánh mì Bánh ngọt Trái tim Đồ ăn nhẹ Đồ ăn nhẹ Đồ ăn nhẹ Bánh trà chiều,False,False,,,,,đồ ăn nhẹ,,False,0.9,,0.35,False,False,False,False,,,
818852796334,food,香烤面筋川香麻辣孜然味豆干面筋串辣条四川特色休闲小吃零食,Gluten nướng thơm Tứ Xuyên hương vị thìa là đậu phụ khô sợi mì sợi cay đặc biệt món ăn nhẹ giải trí Tứ Xuyên,False,False,,,,,,,False,0.893,,0.17,False,False,True,False,,,
625667077461,food,一件代发麦皇朝黑芝麻层层酥饼干休闲零食食品老式巧克力夹心饼干,Bánh mì ngắn từng lớp mè đen của Vương Triều lúa mì,False,False,,,,,,,False,0.4,vi_qua_ngan,0.18,False,False,False,False,,,
873031146893,food,正宗香酥板栗饼老式手工酥饼传统办公室茶点零食糕点小吃年货批发,Bánh hạt dẻ giòn chính hiệu Bánh mì ngắn thủ công kiểu cũ Văn phòng truyền thống Đồ ăn nhẹ Đồ ăn nhẹ Bánh ngọt Đồ ăn nhẹ Bán buôn,False,False,,,,,đồ ăn nhẹ,,False,1.0,,0.24,False,False,False,False,bán buôn,,
962169960572,food,【超值100包】每日坚果混合坚果零食小包装休闲孕妇儿童干果零食,[Giá trị lớn 100 gói] Hạt hàng ngày Hạt hỗn hợp Đồ ăn nhẹ Hạt nhỏ Bao bì nhỏ Đồ ăn nhẹ trái cây sấy khô thông thường dành cho phụ nữ mang thai và trẻ em,False,False,,,,,,[],False,1.385,,0.17,False,False,False,False,,,
922291951177,food,全麦奶酪贝果粗粮海盐芝士奶酪巧克力多口味夹心面包早餐代餐小吃,"Bánh mì bagel nguyên cám phô mai, phô mai muối biển hạt thô, bánh mì sandwich nhiều vị sô cô la, đồ ăn nhẹ thay thế bữa sáng.",False,False,,,,,phô mai,,False,0.933,,0.0,False,False,False,False,,,
891769851962,food,【一斤500g】高山云雾绿茶毛尖2024新茶正宗早春茶叶散装特浓香型,[Một catty 500g] Trà xanh Gaoshan Yunwu Maojian 2024 Trà mới Trà đầu xuân đích thực với số lượng lớn hương thơm đặc biệt,False,False,,,,,,[],False,0.958,,0.27,False,False,False,False,,,
535609714536,food,雅安特级茉莉花茶2026新茶花茶浓香碧潭级蜀茗润飘雪茶叶散装批发,Trà hoa nhài cao cấp Ya'an 2026 Trà mới Trà hoa Hương thơm mạnh mẽ Loại Bitan Trà Tứ Xuyên Trà lá rời Bán buôn.,False,False,,,,,,,False,0.893,,0.46,False,True,False,False,bán buôn,,
762088674580,food,茉莉花茶新茶浓香型茶叶散装毛尖绿茶碧螺春组合装【新人】,"Trà hoa nhài, trà mới, lá trà hương vị đậm đà, trà xanh Maojian đóng gói rời, gói kết hợp Biluochun [Người mới]",False,False,,,,,,[],False,0.92,,0.14,False,False,False,False,,,
821692050776,food,武夷山特级大红袍岩茶乌龙茶叶正山小种礼盒装送礼高档礼品金骏眉,Wuyishan Super Dahongpao Rock Tea Oolong Tea Zhengshan Souchong Hộp quà tặng Quà tặng cao cấp Jin Junmei,False,False,,,Rock Tea Oolong Tea,,quà tặng,,False,0.6,,0.71,True,False,False,False,,,
950776982457,food,茶叶【买一斤送半斤】信阳毛尖2026新茶雨前春茶高山云雾散装绿茶,"Lá trà [Mua 0.5kg tặng nửa pound] Trà mới Xinyang Maojian 2026, trà mùa xuân trước mưa, trà xanh sương mù núi cao.",False,False,,0.5,,,,[],False,0.846,,0.19,False,False,False,False,,,
743411619468,food,500克英德红茶 英红九号 英红9号 浓醇兰香 英德特产茶叶,500g trà đen Yingde Yinghong số 9 Yinghong số 9 trà đặc biệt Yingde thơm phong lan mạnh mẽ và giữa,False,False,,9,,,yinghong số 9,,False,0.864,,0.22,False,False,False,False,,,
746441039131,food,大红袍乌龙茶金骏眉红茶武夷山茶叶礼盒送人高档礼盒装自己喝批发,Dahongpao Oolong Tea Jin Junmei Black Tea Wuyishan Tea Gift Box Hộp quà cao cấp,False,False,,,Tea Gift Box,,,,False,0.5,vi_qua_ngan,0.79,True,False,False,False,,,
816525259150,food,霸王茶姬爆款平替三角包冷泡茶包低温烘焙乌龙茶混合奶茶口味,Bawang Tea Ji phong cách bùng nổ thay thế phẳng túi tam giác túi trà lạnh nướng nhiệt độ thấp trà ô long pha trà sữa hương vị,False,False,,,,爆款->mẫu bán chạy,,,False,1.0,,0.07,False,False,False,False,,,
772027535026,food,福鼎白茶寿眉白茶饼礼盒装送人送礼一件代发,Hộp quà Bánh trà Trắng trà trắng Fude,False,False,,,,,trà trắng,,False,0.4,vi_qua_ngan,0.43,False,False,False,False,,,
829440174185,food,【爆款】毛尖绿茶茶叶浓香型高山云雾炒青茶散装茶批发250g口粮茶,"【Sản phẩm hot】Trà xanh Maojian, loại hương thơm đậm đà, trà xanh rang sương mù núi cao, trà rời bán buôn 250g, cung cấp trà hàng ngày.",False,False,,,,,,【】,False,1.077,,0.07,False,False,False,False,bán buôn,,
965744639895,food,金骏眉红茶浓香型茶叶5新茶正宗养胃自己喝散装罐装蜜香,"Trà đen Jinjunmei, loại hương thơm đậm đà, trà mới, chính gốc, tốt cho dạ dày, dùng cho cá nhân, dạng lá rời, đóng hộp, hương mật ong.",False,False,5,,,,,,False,1.12,,0.04,False,False,False,False,,,
915106956989,food,2026中秋茶礼春茶马头岩肉桂礼盒250g大红袍金骏眉小种红茶叶批发,"Hộp quà trà mùa xuân Trung thu 2025, trà Ma Tou Yan, trà quế, hộp quà 250g, trà đen Da Hong Pao, Jin Jun Mei, Xiao Zhong, bán buôn",False,False,2026,2025,,,,,False,1.077,,0.44,False,False,False,False,bán buôn,,
927442753726,food,人参肉苁蓉淫羊藿锁阳黄精枸杞茶养生茶中药材五宝男肾持精补茶包,"Trà nhân sâm, Cistanche deserticola, Epimedium, Cynomorium, Polygonatum và trà Goji berry trà sức khỏe Thuốc thảo dược Trung Quốc Túi trà bổ sung tinh chất thận nam Five Treasures.",False,False,,,Cistanche deserticola Epimedium Cynomorium Polygonatum,,,,False,1.0,,0.38,False,False,False,False,,,
753328529778,food,【源头厂家一件代发】红糖姜枣茶红枣枸杞桂圆茶独立包装养生花茶,"[Một miếng từ nhà sản xuất nguồn] Đường nâu, gừng và trà táo tàu, chà là đỏ, quả sói rừng, trà long nhãn, trà thơm sức khỏe đóng gói độc lập",False,False,,,,,,[],False,1.107,,0.03,False,False,False,False,nhà máy|nhà sản xuất,,
980554231033,food,【特级茉莉花茶】正宗茉莉花茶2026新茶浓香型茉莉绿茶送礼自己喝,[Trà hoa nhài cao cấp] Trà hoa nhài chính gốc 2026 Trà mới Hương thơm đậm đà Trà xanh hoa nhài để làm quà tặng hoặc dùng cá nhân,False,False,,,,,,[],False,1.077,,0.15,False,False,False,False,,,
927426133348,food,小盒茶茶叶大红袍礼盒装送礼伴手礼乌龙茶礼品铁观音酒店自饮批发,Hộp trà nhỏ trà Dahongpao hộp quà tặng quà tặng quà tặng quà tặng trà ô long quà tặng khách sạn Tieguanyin bán buôn đồ uống,False,False,,,,,quà tặng,,False,0.867,,0.08,False,False,False,False,bán buôn,,
615600557521,food,武夷山金骏眉红茶500g批发散装浓香蜜香型正山小种高山茶叶红茶,Wuyishan Jinjunmei Black Tea 500g bán buôn số lượng lớn hương mật ong thơm nồng Lapsang Souchong Alpine Tea Black Tea,False,False,,,Alpine Tea Black Tea,,,,False,0.778,,0.45,False,False,False,False,bán buôn,,
985003059164,food,红参麦冬饮当归黄芪麦冬枸杞红枣补女生喝的气花茶血调理茶包正品,"Nhân sâm đỏ, nước uống Ophiopogon japonicus, Angelica, Astragalus, Ophiopogon japonicus, dâu tây, chà là đỏ, trà hoa bổ khí cho bé gái, túi trà điều hòa máu, chính hãng",False,False,,,Astragalus Ophiopogon japonicus,,,,False,1.0,,0.14,False,False,False,False,,,
735300087550,food,严选凤凰单枞鸭屎香蜜兰香凤凰单从高山乌龙茶罐装茶叶礼盒装送礼,Phân vịt Phoenix Dancong được lựa chọn cẩn thận,False,False,,,,,,,False,0.3,vi_qua_ngan,0.25,False,False,False,False,,,
638289370291,food,直播茶浓香型金骏眉大红袍高山小种铁观音碧螺春代发超市罐装茶叶,Trà trực tiếp hương vị Jin Junmei Dahongpao Núi nhỏ Tieguanyin Biluochun thay mặt siêu thị trà đóng hộp,False,False,,,,一件代发->nhận dropship / bỏ,,,False,0.633,,0.33,False,False,False,False,,,
590437177767,food,绿茶茶叶2026新茶高山云雾茶浓香型庐山江西毛尖茶散装批发豆香,Trà xanh núi cao trà mây 2025 trà mới hương thơm đậm đặc loại Lushan Giang Tây trà mây Maojian trà rời bán buôn,False,False,2026,2025,,,,,False,0.852,,0.18,False,False,False,False,bán buôn,,
976328912174,food,【顺丰包邮】正宗明前龙井高端茶叶礼盒装送礼绿茶春长辈伴手礼,[SF Miễn Phí Vận Chuyển] Authentic Mingqian Longjing trà sang trọng hộp quà tặng trà xanh mùa xuân quà lưu niệm người lớn tuổi,False,False,,,,,,[],False,0.889,,0.27,False,False,False,False,,,
976865266006,food,【花香一斤】正宗茉莉花茶2024新茶浓香茶叶批发花茶绿茶袋装250g,[Hương Hoa 0.5kg] Trà Hoa Nhài Chính Hãng 2024 Trà Mới Trà Hương Thơm Mạnh Bán Buôn Trà Thơm Túi Trà Xanh 250G,False,False,,0.5,,,,[],False,0.917,,0.95,True,False,False,False,bán buôn,,
1255962935,food,批发宫廷普洱 合昌轩普洱茶 班章金芽 普洱七子饼茶 金芽熟茶,Bán buôn Cung điện Pu'er Hechangxuan Pu'er Tea Banzhang Golden Bud Pu'er Qizi Cake Tea Golden Bud chín trà,False,False,,,Tea Golden Bud,,,,False,0.846,,0.67,True,False,False,False,bán buôn,,
522131859791,food,拿样厂家批发2026新茶 龙井茶 越乡龙井 绿茶 红茶 样品批发散装,"Mẫu bán buôn từ nhà sản xuất: Trà mới 2026, trà Long Tỉnh, Long Tỉnh Ngọc Tường, trà xanh, trà đen, mẫu bán buôn số lượng lớn.",False,False,,,,,long tỉnh,,False,1.04,,0.28,False,False,False,False,"bán buôn, nhà máy|nhà sản xuất",,
774095913319,food,花草袋泡茶herbal Big Butt And Hips Enlargements maca Tea,Túi hoa cỏ pha trà herbal Big Butt And Hips Enlargements maca Tea,False,False,,,,,,,False,2.6,vi_qua_dai,0.5,False,False,False,False,,,
928105841948,food,【爆款】高山绿茶毛尖新茶春茶浓香型茶叶散装袋装正宗春茶,[Sản phẩm bán chạy] Trà xanh núi cao Maojian Trà mới Trà mùa xuân Hương thơm đậm đà Trà lá rời Đóng gói Trà mùa xuân đích thực,False,False,,,,,,[],False,1.12,,0.3,False,False,False,False,,,
555187344672,food,婉明金枪固本茶 金枪固本 婉明滋补人参枸杞黄精玛咖组合茶 代发,"Trà Wanming Jinqiang Guben, Jinqiang Guben, Nhân sâm dưỡng Wanming, Quả kỷ tử, Hoàng ginh, Trà kết hợp Maca, Bán buôn",False,False,,,,,jinqiang guben,,False,0.75,,0.6,True,False,False,False,bán buôn,,
690582925977,food,花香云南普洱生茶龙珠百合玫瑰茉莉菊花牡丹花茶龙珠礼盒装批发,Hương hoa Vân Nam Pu'er Trà thô Dragon Ball Lily Rose Jasmine Cúc Hoa mẫu đơn Trà Dragon Ball Hộp quà Bán buôn,False,False,,,Dragon Ball Lily Rose Jasmine,,,,False,0.828,,0.7,True,False,False,False,bán buôn,,
721121111821,food,厂家直销网红直播带货金骏眉铁观音大红袍茉莉花茶小种红茶批发,Nhà máy bán trực tiếp trực tiếp người nổi tiếng trên Internet với hàng hóa Jin Junmei Tieguanyin Dahongpao Trà hoa nhài Bán buôn trà đen,False,False,,,,,trực tiếp,,False,0.897,,0.28,False,False,False,False,"bán buôn, nhà máy|nhà sản xuất",,
1046982722705,food,菊花茶桐乡胎菊米头采特级正宗杭白菊贡菊花茶500g散装新花草茶叶,"Trà hoa cúc, hoa cúc non Tú Lương, loại đầu hạt, hái đặc biệt, chính gốc, hoa cúc trắng Hàng Châu, trà hoa cúc cống, 500g, đóng gói rời, trà hoa cúc mới.",False,False,,,,,hoa cúc,,False,1.179,,0.12,False,False,False,False,,,
919707711556,food,金枪固本茶 山茱萸杜仲叶肉苁蓉茶黄芪桑葚灵芝茶 组合茶三角包茶,"Trà Golden Gun Gu Ben, Cornus officinalis, lá Eucommia, trà Cistanche deserticola, Astragalus, Dâu tằm, Trà nấm linh chi, Trà kết hợp, trà túi tam giác",False,False,,,Cistanche deserticola Astragalus,,,,False,0.897,,0.44,False,False,False,False,,,
888940568056,food,shu puer tea шу пуэр чай бык新文茶厂普洱茶牛饼,"Trà Shu puer, Trà Shu puer từ nhà máy trà Niwen, bánh bò trà Pu'er.",False,False,,,,,trà shu puer,,False,1.778,vi_qua_dai,0.33,False,False,False,False,nhà máy|nhà sản xuất,,
1032081384924,food,【野红老树滇红】2026年新茶叶蜜香滇红茶云南凤庆老树春茶冷泡茶,"【Dian Hong Cây Cổ Thụ Dã Hồng】Trà mới năm 2026, Trà đen Dian Hong hương mật, Trà xuân cây cổ thụ Phượng Khánh, Vân Nam, pha lạnh",False,False,,,,,,【】,False,1.038,,0.58,False,False,False,False,,,
991156177655,food,精选桂花红茶新茶小种茶叶正山小种蜜香型浓香红茶散茶批发,"Trà đen Osmanthus tuyển chọn, Trà mới, Trà lá nhỏ, Trà lá nhỏ Zhengshan, Loại hương mật ong, Trà đen hương thơm đậm, Trà rời bán buôn.",False,False,,,,,trà lá nhỏ,,False,1.0,,0.31,False,False,False,False,bán buôn,,
629484280137,food,【金奖】正宗新会小青柑 日晒宫廷小青桔陈皮普洱茶熟茶礼品批发,[Giải vàng] Chính hãng Xinhui Xiaoqing Orange Sun Palace Xiaoqing Orange Vỏ quýt Pu'er Trà nấu trà ngon Bán buôn quà tặng,False,False,,,,,,[],False,0.852,,0.55,False,False,False,False,bán buôn,,
741710524091,food,金骏眉红茶武夷山批发高档陶瓷罐装节日礼品茶叶礼盒装送礼伴手礼,Jin Junmei trà đen Wuyishan bán buôn gốm sứ cao cấp đóng hộp quà tặng ngày lễ hộp trà quà tặng quà tặng lưu niệm,False,False,,,,,quà tặng,,False,0.833,,0.08,False,False,False,False,bán buôn,,
1060250460863,food,【冷热双泡】薄荷绿茶加班瞌睡上课困军训解暑学生学习工作组合茶,"【Trà nóng lạnh】Trà bạc hà trà xanh, giải khát, chống buồn ngủ khi làm thêm giờ, đi học, học tập, huấn luyện quân sự, giải nhiệt, trà kết hợp cho học sinh, sinh viên, người đi làm",False,False,,,,,,【】,False,1.357,,0.03,False,False,False,False,,,
993143151914,food,喜茶小罐装茶叶大红袍茶叶礼盒装茶包送人结婚红茶小伴手礼品搭配,HiTea trà đóng hộp nhỏ Dahongpao trà hộp quà tặng túi trà quà tặng đám cưới trà đen nhỏ quà lưu niệm phù hợp,False,False,,,,,,,False,0.8,,0.04,False,False,True,False,,,
680454865764,food,出口30day detox tea Peach flavor burn fat fit slim tea果味茶,Xuất Khẩu 30day detox tea Peach flavor burn fat fit slim tea hương trái cây,False,False,,,,,,,False,3.0,vi_qua_dai,0.14,False,False,False,False,,,
902910917267,food,南京同仁堂乌梅桑葚茯苓玫瑰茶橘皮养生泡水喝水果茶正品一件代发,Nam Kinh Tongrentang Ume Dâu tằm Poria Rose Tea Vỏ cam Chăm sóc sức khỏe Ngâm nước Uống trà trái cây Chính hãng Giao hàng tận nơi,False,False,,,Poria Rose Tea,,,,False,0.9,,0.5,False,False,False,False,,,
984084071406,food,跨境现货Flat tummy tea非洲平肚茶Wins Town 28 days detox tea,"Trà giảm mỡ bụng phẳng, sẵn sàng giao hàng quốc tế, trà giảm mỡ bụng châu Phi, trà thải độc Wins Town 28 ngày",False,False,,,,,,,False,2.556,vi_qua_dai,0.14,False,False,False,False,,,
675531357707,food,【水蜜桃肉桂】武夷山大红袍 武夷岩茶 浓香型肉桂茶叶 散装批发,[Peach Cinnamon] Wuyishan Dahongpao Wuyi Rock Tea Luzhou Fragrant Cinnamon Tea Bán buôn số lượng lớn,False,False,,,Fragrant Cinnamon Tea,,,[],False,0.615,,0.73,True,False,False,False,bán buôn,,
1080365301370,food,Ginseng And Mulberry Wolfberry Tea人参桑葚枸杞茶跨境TK同款,"Trà nhân sâm, dâu tằm và kỷ tử – sản phẩm tương tự như sản phẩm được bán trên TK cho mục đích bán hàng xuyên biên giới.",False,False,,,,,,,False,2.455,vi_qua_dai,0.0,False,False,False,False,xuyên biên giới,,
1032575500368,food,【老方子】结茶全身结夏枯草散猫爪草陈皮搭蒲公英结养生茶代用节,"【Công thức truyền thống】Trà thảo dược tốt cho sức khỏe toàn thân, với các thành phần như cây Prunella Vulgaris, cây Cat's Claw, vỏ quýt đã qua xử lý và cây bồ công anh, giúp tăng cường sức khỏe.",False,False,,,,,,【】,False,1.464,,0.12,False,False,False,False,,,
1040894347485,food,【茶叶小样】广西横县茉莉花茶新茶源头厂家直销批发奶茶原料茶底,"【Mẫu trà】Trà hoa nhài Quảng Tây Hành Huyện, trà mới, bán sỉ trực tiếp từ nhà máy sản xuất, nguyên liệu trà sữa, trà đáy.",False,False,,,,,,【】,False,0.929,,0.2,False,False,False,False,nhà máy|nhà sản xuất,,
993132180734,food,【专业代发】蒲公英菊花枸杞决明子养生花茶男士女士代用茶,"[Dịch vụ phân phối chuyên nghiệp] Trà thảo dược bảo vệ sức khỏe từ bồ công anh, hoa cúc, kỷ tử, hạt quế dành cho nam và nữ.",False,False,,,,,,[],False,1.12,,0.04,False,False,False,False,phân phối,,
712602314567,food,外贸出口Hair growth tea 生发茶 hair regrowth teabag跨境茶,"Trà mọc tóc xuất khẩu thương mại quốc tế, trà túi lọc mọc tóc, trà xuyên biên giới",False,False,,,,,,,False,1.8,vi_qua_dai,0.0,False,False,False,False,xuyên biên giới,,
676834397732,food,祁门红茶2026新茶礼盒装特级240g茶叶浓香型工厂批发代发中秋送礼,Trà đen Qimen 2025 Hộp quà trà mới Trà đặc biệt 240g Trà đen hương vị Lô Châu Bán buôn Quà tặng Khuyến nghị,False,False,2026,2025,,,,,False,0.885,,0.41,False,False,False,False,bán buôn,,
650550899045,food,福建武夷乌龙茶 散装茶叶礼品礼盒装送礼直播带货水仙肉桂 大红袍,Trà ô long Phúc Kiến Wuyi số lượng lớn trà hộp quà tặng quà tặng trực tiếp với hàng hóa thủy tiên quế Dahongpao,False,False,,,,,quà tặng,,False,0.828,,0.17,False,False,False,False,,,
1071498556646,food,TK热销California Dieter Drink Extra加州Strength女郎Tea健美茶,"Trà California Dieter Drink Extra California Strength, sản phẩm bán chạy nhất của TK, dành cho phụ nữ.",False,False,,,,,,,False,2.0,vi_qua_dai,0.38,False,False,False,False,,,
865962624892,food,2026新茶雨前茶自产自销茶叶试喝六安瓜片50g,2024 Trà mới Trà Yuqian tự sản xuất và tự bán Trà nếm thử Lu'an Guapian 50g,False,False,2026,2024,,,,,False,1.0,,0.31,False,False,False,False,,,
648877268822,food,新茶春茶代发云南凤庆滇红茶叶散装古树大金针金芽厂家礼盒装送礼,Trà xuân mới được phát hành thay mặt cho Vân Nam Fengqing Dian trà đỏ số lượng lớn cây cổ thụ lớn kim vàng nhà máy sản xuất hộp quà tặng quà,False,False,,,,一件代发->nhận dropship / bỏ,,,False,1.067,,0.13,False,False,False,False,nhà máy|nhà sản xuất,,
1080130408331,food,九窨特级甘露四川茉莉花茶散装2026新茶茶饮浓香型茶叶批发,"Trà hoa nhài Quảng Tây Hengxian loại cao cấp, dạng lá rời, mới thu hoạch, hương thơm đậm đà, bán buôn.",False,False,2026,,,,,,False,0.84,,0.15,False,False,False,False,bán buôn,,
1031160052035,food,Ginseng Six Treasures Tea 跨境产品人参五宝茶六宝十宝茶非内销,"Trà Sáu Bảo Nhân Sâm, sản phẩm xuyên biên giới, Trà Ngũ Bảo Nhân Sâm, Trà Lục Bảo, Trà Thập Bảo, không dành cho thị trường nội địa",False,False,,,,,,,False,1.647,vi_qua_dai,0.56,False,False,True,False,xuyên biên giới,,
977545785992,food,【亳州工厂】人参枸杞桑葚桂圆茶五宝茶组合茶男人养生茶包代发,"[Nhà máy Buzhou] Nhân sâm, dâu tây, dâu tằm, trà long nhãn, trà kết hợp năm báu vật, giao trà túi lọc sức khỏe nam giới",False,False,,,,,,[],False,0.963,,0.08,False,False,False,False,nhà máy|nhà sản xuất,,
737993180883,food,【13泡品鉴装】 大红袍精选口粮茶铁观音高山红茶金骏眉鸭屎香茶,[13 Bộ nếm thử bong bóng] Trà khẩu phần được chọn lọc Dahongpao Trà đen núi cao Tieguanyin Trà đen Jin Junmei Vịt phân thơm,False,False,,,,,,[],False,0.923,,0.35,False,False,False,False,,,
962879368363,food,祥瑞茶叶大红袍肉桂乌龙茶红茶普洱茶高档高端茶叶礼盒装节日礼品,Trà Xiangrui Big Red Robe Trà Oolong Quế Trà đen Trà Pu'er Trà cao cấp cao cấp Hộp quà tặng Quà tặng ngày lễ,False,False,,,Big Red Robe,,cao cấp,,False,0.833,,0.54,False,False,False,False,,,
1029850653082,food,【新客品鉴】肉桂大红袍碧螺春茉莉花茶铁观音多种茶叶组合,"【Ưu đãi khách mới】Trà quế, Đại Hồng Bào, Bích Loa Xuân, Trà hoa nhài, Thiết Quan Âm, bộ sưu tập đa dạng các loại trà",False,False,,,,,,【】,False,1.04,,0.44,False,False,False,False,,,
1057940629821,food,万松堂 Sugar balance tea Cyclocarya paliurus 青钱柳茶出口,"Trà cân bằng đường Vạn Tùng Đường, trà cây xanh tiền lộc (Cyclocarya paliurus), xuất khẩu",False,False,,,,,,,False,1.778,vi_qua_dai,0.27,False,False,False,False,,,
896921559485,food,龙井绿茶2026新茶金骏眉正山小种红茶茶叶礼盒装年货高档送人,Trà xanh Long Tỉnh 2025 Trà mới Jin Junmei Lapsang Souchong Trà đen Hộp quà Tết cao cấp,False,False,2026,2025,,,,,False,0.654,,0.62,True,False,False,False,,,
1001876590874,food,【老秘方】八宝养生茶人参枸杞茶男肾非补精强肾熬夜茶固气补身体,"【Công thức cổ truyền】Trà bát bảo dưỡng sinh, trà nhân sâm kỷ tử, bổ thận cho nam giới, không chỉ bổ tinh, mà còn cường thận, trà dành cho người thức khuya, củng cố khí, bổ dưỡng cơ thể.",False,False,,,,,,【】,False,1.429,,0.03,False,False,False,False,,,
708625249412,food,云南茶树王易武普洱茶薄荷塘普洱生茶茶饼357g口粮茶茶叶工厂批发,Cây trà Vân Nam King Yiwu Pu'er Tea Mint Pond Pu'er Bánh trà thô 357g Ration Tea Nhà máy trà Bán buôn,False,False,,,Tea Mint Pond,,,,False,0.857,,0.61,True,False,False,False,"bán buôn, nhà máy|nhà sản xuất",,
991651021348,food,【伴手礼花茶】玫瑰桂圆姜枣茶婚庆节日礼品结婚回礼盒伴娘送礼茶,[Quà tặng trà hoa] Trà hoa hồng nhãn gừng Trà cưới Ngày lễ Quà tặng đám cưới Hộp quà tặng Phù dâu Quà tặng trà,False,False,,,,,,[],False,0.893,,0.29,False,False,False,False,,,
1029946269320,food,【2026明前新茶】头春龙井浓香型颗颗嫩芽豆香醇厚高档礼盒绿茶,"【Trà mới trước Thanh Minh 2026】Trà xanh Long Tỉnh đầu xuân, hương thơm đậm đà, từng búp non mọng nước, hương đậu nồng nàn, đậm đà, hộp quà cao cấp",False,False,,,,,,【】,False,1.2,,0.17,False,False,False,False,,,
969899446718,home,【大盒+60个5.5小盒】拼豆收纳盒套盒易取易放试卷收纳盒带盖,"Bộ hộp đựng Pindou [Hộp lớn + 60 hộp nhỏ 5.5], dễ dàng mang theo và cất giữ, có nắp đậy.",False,False,,,,,,[],False,0.783,,0.12,False,False,False,False,,,
1068658563522,home,【大盒+75小盒】拼豆收纳盒分装盒子拼豆盒子diy透明塑料手工米珠,"【Hộp lớn + 75 hộp nhỏ】Hộp đựng hạt nhựa, hộp chia nhỏ, hộp đựng hạt nhựa DIY, hộp nhựa trong suốt thủ công, hạt cườm",False,False,,,,,,【】,False,0.96,,0.05,False,False,True,False,,,
743782652723,home,杂物玩具整理箱宿舍家用衣柜客厅大容量零食储物箱带盖桌面收纳盒,"Hộp đựng đồ chơi đồ lặt vặt, tủ quần áo gia dụng ký túc xá, hộp đựng đồ ăn vặt dung tích lớn phòng khách, hộp đựng đồ để bàn có nắp",False,False,,,,,,,False,1.067,,0.0,False,False,True,False,,,
963583658641,home,抽屉分隔收纳盒内置可伸缩化妆品整理口红分类梳妆台隔板分格厨房,Hộp đựng ngăn kéo có ngăn đựng mỹ phẩm có thể thu vào tích hợp son môi phân loại bàn trang điểm vách ngăn nhà bếp,False,False,,,,,,,False,0.867,,0.0,False,True,False,False,,,
903367152256,home,桌面亚克力透明收纳盒翻盖式桌面化妆品防尘收纳盒零食杂物整理盒,"Hộp đựng đồ acrylic trong suốt để bàn, nắp mở, chống bụi, đựng mỹ phẩm, đồ ăn vặt, đồ linh tinh",False,False,,,,,,,False,0.7,,0.0,False,True,False,False,,,
911447263483,home,桌面化妆品收纳盒塑料收纳架抽屉式首饰盒梳妆台置物架透明整理盒,"Hộp đựng mỹ phẩm để bàn, giá đựng bằng nhựa, hộp đựng trang sức kiểu ngăn kéo, giá để bàn trang điểm, hộp sắp xếp trong suốt",False,False,,,,,,,False,0.9,,0.0,False,False,True,False,,,
988343229035,home,桌面收纳盒杂物玩具零食收纳筐带盖大容量整理箱塑料长方形储物盒,"Hộp đựng đồ để bàn, đồ lặt vặt, đồ chơi, giỏ đựng đồ ăn nhẹ có nắp, hộp sắp xếp dung tích lớn, hộp đựng bằng nhựa hình chữ nhật",False,False,,,,,,,False,1.0,,0.0,False,False,True,False,,,
731223063920,home,收纳盒桌面带盖塑料杂物零食化妆品盒子长方形收纳筐储物盒整理箱,Hộp đựng đồ để bàn có nắp Hộp đựng đồ ăn vặt bằng nhựa Hộp đựng mỹ phẩm Giỏ đựng đồ hình chữ nhật Hộp đựng đồ Hộp đựng đồ,False,False,,,,,hộp đựng đồ,,False,1.0,,0.17,False,False,False,False,,,
959556747681,home,透明杂物收纳筐家用橱柜零食玩具置物篮长方形塑料桌面储物收纳盒,Trong suốt đồ lặt vặt giỏ đựng đồ gia dụng tủ đồ chơi ăn nhẹ giỏ đựng hình chữ nhật nhựa để bàn hộp bảo quản,False,False,,,,,,,False,0.867,,0.0,False,True,False,False,,,
1013870590243,home,5.5cm拼豆盒正方形PP塑料半透明包装盒小物料盒带盖零件首饰盒子,"Hộp nhựa PP bán trong suốt hình vuông 5.5cm, hộp đựng hạt ghép, vật liệu nhỏ, linh kiện, trang sức có nắp.",False,False,,,,,,,False,0.846,,0.0,False,True,False,False,,,
989269199025,home,桌面收纳盒化妆品塑料置物盒家用杂物零食储物筐宿舍厨房整理盒子,Máy tính để bàn hộp lưu trữ mỹ phẩm hộp lưu trữ bằng nhựa hộ gia đình đồ lặt vặt giỏ lưu trữ đồ ăn nhẹ ký túc xá nhà bếp tổ chức hộp,False,False,,,,,,,False,1.133,,0.0,False,False,True,False,,,
1055844585653,home,桌面收纳盒亚克力透明盒子零食长方形化妆品整理盒桌上杂物储物盒,"Hộp đựng đồ để bàn, hộp acrylic trong suốt, hộp đựng đồ ăn vặt hình chữ nhật, hộp sắp xếp mỹ phẩm, hộp đựng đồ lặt vặt để bàn",False,False,,,,,,,False,0.967,,0.0,False,True,False,False,,,
720812470183,home,杂物收纳盒桌面化妆品零售玩具整理筐家用塑料储物盒子厨房整理盒,Hộp đựng đồ lặt vặt để bàn mỹ phẩm bán lẻ Giỏ đựng đồ chơi hộp đựng đồ nhựa gia dụng hộp đựng đồ bếp,False,False,,,,,,,False,0.833,,0.04,False,False,True,False,,,
1014700190270,home,桌面防尘证件收纳盒A4文件资料整理盒户口本放重要证书防潮档案袋,"Hộp đựng tài liệu chống bụi, dùng trên bàn làm việc, có thể sắp xếp tài liệu khổ A4, giá để sổ đăng ký hộ khẩu, túi đựng tài liệu chống ẩm để bảo quản các giấy tờ quan trọng.",False,False,,,,,,,False,1.379,,0.03,False,False,True,False,,,
975150249198,home,桌面收纳盒化妆品杂物零食玩具整理篮长方形储物筐置物盒收纳箱子,Máy tính để bàn hộp lưu trữ mỹ phẩm đồ lặt vặt đồ ăn nhẹ đồ chơi giỏ lưu trữ hình chữ nhật giỏ lưu trữ hộp lưu trữ hộp lưu trữ,False,False,,,,,lưu trữ hộp,,False,1.067,,0.0,False,True,True,False,,,
1055838741841,home,桌面收纳盒亚克力透明盒子零食长方形化妆品整理盒桌上杂物储物盒,"Hộp đựng đồ để bàn, hộp acrylic trong suốt, hộp đựng đồ ăn vặt hình chữ nhật, hộp sắp xếp mỹ phẩm, hộp đựng đồ lặt vặt để bàn",False,False,,,,,,,False,0.967,,0.0,False,True,False,False,,,
1056994050950,home,橱柜收纳盒桌面零食杂物整理盒厨房水槽下收纳筐深柜内直角储物盒,"Hộp đựng đồ trong tủ, hộp đựng đồ ăn vặt và các vật dụng linh tinh trên bàn, giỏ đựng đồ dưới bồn rửa nhà bếp và hộp đựng đồ sâu, hình chữ nhật để đặt bên trong tủ.",False,False,,,,,,,False,1.3,,0.0,False,False,True,False,,,
972222937029,home,可叠加【新人专享包邮】抽屉分隔内置小型收纳盒桌面分格塑料收纳,Có thể xếp chồng lên nhau [Dành riêng cho người mới bắt đầu với miễn phí vận chuyển] Bộ chia ngăn kéo Hộp lưu trữ nhỏ tích hợp Ngăn để bàn Lưu trữ bằng nhựa.,False,False,,,,,,[],False,1.25,,0.15,False,False,False,False,,,
995923358154,home,化妆品收纳盒桌面梳妆台透明亚克力阶梯多层香水口红护肤品置物架,Hộp đựng mỹ phẩm để bàn bàn trang điểm acrylic trong suốt thang nhiều lớp nước hoa son môi sản phẩm chăm sóc da có giá để đồ,False,False,,,,,,,False,0.933,,0.0,False,True,False,False,,,
982083188076,home,二合一粉扑收纳盒桌面化妆刷旋转置物架化妆棉美妆蛋化妆品收纳盒,"Hộp đựng bông phấn hai trong một để bàn, giá xoay đựng cọ trang điểm, hộp đựng bông tẩy trang, mút trang điểm, hộp đựng mỹ phẩm",False,False,,,,,,,False,0.9,,0.0,False,False,True,False,,,
856196768790,home,文件收纳盒 新款大号抽屉整理半透明长方形有带盖子塑料盒 收纳盒,"Hộp đựng hồ sơ mới, ngăn kéo lớn, hộp nhựa trong suốt hình chữ nhật có nắp",False,False,,,,,,,False,0.586,,0.0,False,False,True,False,,,
963104307369,home,抽屉分隔收纳盒内置可伸缩化妆品整理口红分类梳妆台隔板分格厨房,Hộp đựng ngăn kéo có ngăn đựng mỹ phẩm có thể thu vào tích hợp son môi phân loại bàn trang điểm vách ngăn nhà bếp,False,False,,,,,,,False,0.867,,0.0,False,True,False,False,,,
1029270766289,home,桌面收纳盒长方形零食化妆品杂物塑料整理盒带盖家用储物收纳箱子,"Hộp đựng đồ để bàn hình chữ nhật, dùng để đựng đồ ăn vặt, mỹ phẩm và các vật dụng khác; hộp đựng bằng nhựa có nắp; hộp đựng đồ dùng gia đình.",False,False,,,,,,,False,1.1,,0.0,False,False,True,False,,,
946105719660,home,收纳筐桌面零食杂物整理储物盒橱柜塑料长方形透明亚克力置物盒子,Giỏ đựng đồ để bàn đồ ăn nhẹ và đồ lặt vặt hộp bảo quản tủ nhựa hình chữ nhật trong suốt hộp bảo quản acrylic,False,False,,,,,,,False,0.867,,0.0,False,True,True,False,,,
1012414070837,home,【大盒+60个5.5方盒】拼豆收纳盒分装米珠配件美甲透明整理饰品,"[Hộp lớn + 60 hộp vuông 5,5] Hộp đựng hạt cườm, phụ kiện và dụng cụ trang trí móng tay; hộp đựng trong suốt để sắp xếp đồ trang sức.",False,False,,,,,,[],False,1.125,,0.04,False,True,True,False,,,
761045852774,home,跨境网红卡通玩具收纳箱家用零食衣服整理收纳箱多功能塑料储物箱,Hộp đựng đồ chơi hoạt hình nổi tiếng trên mạng xuyên biên giới,False,False,,,,,,,False,0.433,vi_qua_ngan,0.0,False,False,False,False,xuyên biên giới,,
740323940301,home,长方形塑料盒PP透明盒子方形包装胶盒翻盖大号收纳扁盒跨境1.7cm,"Hộp nhựa hình chữ nhật hộp trong suốt PP hộp vuông bao bì hộp nhựa nắp lật hộp phẳng đựng đồ cỡ lớn xuyên biên giới 1,7 cm",False,False,,,,,,,False,1.038,,0.0,False,True,False,False,xuyên biên giới,,
985389278489,home,一件起批家用衣服收纳箱带盖大号储物箱玩具收纳盒衣柜收纳整理箱,"Hộp đựng đồ gia dụng bán buôn nguyên kiện có nắp, hộp đựng đồ cỡ lớn, hộp đựng đồ chơi, hộp đựng và sắp xếp đồ trong tủ quần áo.",False,False,,,,,,,False,1.0,,0.0,False,True,False,False,bán buôn,,
1035130780234,home,【大盒+60个5.5小盒】拼豆收纳盒套盒分装透明收纳盒带盖高颜值,"【Hộp lớn + 60 hộp nhỏ 5.5】Hộp đựng hạt ghép hình, bộ hộp chia ngăn, hộp đựng trong suốt có nắp, thiết kế đẹp mắt",False,False,,,,,,【】,False,0.958,,0.05,False,False,False,False,,,
1029779555589,home,皮质简约首饰盒带盖整理盒耳钉耳环项链饰品盒大容量饰品收纳盒,"Hộp đựng trang sức bằng da, kiểu dáng tối giản, có nắp, dùng để sắp xếp và bảo quản bông tai, dây chuyền và các loại trang sức khác, hộp đựng trang sức dung tích lớn.",False,False,,,,,,,False,1.241,,0.0,False,False,True,False,,,
989456562184,home,特大号冰箱收纳盒保鲜盒食品级专用水果盒蔬菜鸡蛋冷冻大容量储物,"Hộp đựng thực phẩm tủ lạnh cỡ lớn, chất liệu an toàn thực phẩm, chuyên dụng cho trái cây, rau củ, trứng, đông lạnh, dung tích lớn",False,False,,,,,,,False,0.9,,0.0,False,True,False,False,,,
974792089442,home,桌面收纳盒化妆品杂物零食玩具整理篮长方形储物筐置物盒收纳箱子,Máy tính để bàn hộp lưu trữ mỹ phẩm đồ lặt vặt đồ ăn nhẹ đồ chơi giỏ lưu trữ hình chữ nhật giỏ lưu trữ hộp lưu trữ hộp lưu trữ,False,False,,,,,lưu trữ hộp,,False,1.067,,0.0,False,True,True,False,,,
994814633153,home,桌面收纳盒长条窄长型长方形亚克力透明杂物袜子小物件抽屉分隔盒,Máy tính để bàn hộp lưu trữ dài hẹp hình chữ nhật acrylic trong suốt đồ lặt vặt tất đồ vật nhỏ ngăn kéo hộp chia,False,False,,,,,,,False,0.867,,0.0,False,True,True,False,,,
1044390314146,home,拼豆收纳盒长条形桌面收纳盒长方形可叠放diy带盖透明拼豆收纳盒,"Hộp đựng hạt ghép hình dạng dài, hộp sắp xếp đồ để bàn hình chữ nhật, có thể xếp chồng, DIY, có nắp, trong suốt.",False,False,,,,,,,False,0.893,,0.0,False,False,True,False,,,
854083810245,home,衣服收纳箱家用放衣物裤子整理盒可水洗衣柜分层收纳神器储物框筐,"Hộp đựng quần áo, hộp đựng quần áo gia dụng, tủ quần áo có thể giặt được, hộp đựng đồ phân lớp, hộp đựng đồ",False,False,,,,,,,False,0.833,,0.0,False,True,False,False,,,
1010304067759,home,试卷收纳整理神器大容量透明塑料户口本初中毕业证件a4文件收纳盒,"Hộp đựng tài liệu A4 bằng nhựa trong suốt dung tích lớn, dụng cụ thần kỳ sắp xếp và lưu trữ đề thi, sổ hộ khẩu, giấy chứng nhận tốt nghiệp cấp hai.",False,False,,,,,,,False,1.138,,0.03,False,True,False,False,,,
970299883004,home,翻盖式桌面收纳盒透明亚克力防尘整理盒卧室宿舍办公室带盖收纳筐,Hộp lưu trữ để bàn dạng lật trong suốt bằng acrylic chống bụi hộp lưu trữ phòng ngủ ký túc xá văn phòng giỏ lưu trữ có nắp,False,False,,,,,,,False,0.933,,0.0,False,True,False,False,,,
917612453833,home,手机壳收纳盒防尘桌面抽屉存放手机杂物整理宿舍神器透明储物盒子,Hộp đựng điện thoại di động Hộp đựng đồ ngăn kéo để bàn chống bụi,False,False,,,,,,,False,0.5,vi_qua_ngan,0.07,False,False,False,False,,,
1005998091669,home,【大盒+54个方瓶】30ml小方药瓶拼豆收纳盒l收纳瓶小豆分装透明,"[Hộp lớn + 54 lọ vuông] Lọ đựng thuốc nhỏ hình vuông, dung tích 30ml, hộp đựng hạt, lọ đựng đồ, hộp đựng hạt nhỏ, trong suốt.",False,False,,,,,,[],False,1.087,,0.04,False,False,False,False,,,
927081683348,home,收纳筐桌面零食杂物整理储物盒橱柜塑料长方形透明亚克力置物盒子,Giỏ đựng đồ để bàn Hộp đựng đồ ăn nhẹ sắp xếp đồ lặt vặt Tủ nhựa Hình chữ nhật Hộp đựng đồ acrylic trong suốt,False,False,,,,,,,False,0.867,,0.16,False,True,True,False,,,
891531803473,home,桌面收纳盒化妆品次抛精华护肤品盒子透明带盖整理盒高级感置物架,"Hộp đựng đồ để bàn, mỹ phẩm, hộp đựng sản phẩm chăm sóc da tinh chất, hộp hoàn thiện trong suốt có nắp, giá để đồ cao cấp",False,False,,,,,,,False,0.933,,0.0,False,False,True,False,,,
588512234295,home,透明长方形塑料锁扣空盒样品盒零配元器件包装盒子工具口罩收纳盒,Khóa nhựa hình chữ nhật trong suốt Hộp rỗng Hộp Mẫu Hộp đóng gói linh kiện Hộp đựng mặt nạ dụng cụ,False,False,,,,,,,False,0.733,,0.24,False,False,True,False,,,
1027003076132,home,一件代发透明收纳箱家用衣服储物箱玩具收纳盒大容量收纳整理箱,"Hộp đựng đồ trong suốt, dùng trong gia đình, đựng quần áo, đồ chơi, dung tích lớn, hộp sắp xếp đồ đạc",False,False,,,,,,,False,0.759,,0.0,False,False,True,False,,,
1041297687755,home,橱柜收纳盒桌面零食杂物整理盒厨房水槽下收纳筐深柜内直角储物盒,"Hộp đựng đồ tủ bếp, hộp sắp xếp đồ ăn vặt và đồ lặt vặt để bàn, giỏ đựng đồ dưới bồn rửa chén, hộp đựng đồ góc vuông trong tủ sâu.",False,False,,,,,,,False,1.067,,0.0,False,False,True,False,,,
903536285568,home,桌面收纳盒长条窄长型长方形亚克力透明杂物袜子小物件抽屉分隔盒,"Hộp đựng đồ để bàn, hình chữ nhật dài hẹp, tất trong suốt acrylic, đồ vật nhỏ, hộp ngăn kéo",False,False,,,,,,,False,0.667,,0.0,False,False,True,False,,,
904386495388,home,炮筒投影仪收纳包装盒防水收纳盒eva材质包装大疆pocket4收纳包,"Túi đựng máy chiếu thùng xuyên biên giới, túi đựng máy chiếu thùng, túi xách tay, giá rẻ toàn mạng",False,False,4,,,,,,False,0.833,,0.0,False,False,False,False,xuyên biên giới,,
770663447539,home,收纳箱塑料衣服整理箱子有盖手提储物箱特大号家用玩具零食收纳盒,"Hộp đựng đồ, hộp đựng quần áo bằng nhựa, hộp đựng đồ cầm tay có nắp, hộp đựng đồ ăn nhẹ đồ chơi gia dụng cực lớn",False,False,,,,,,,False,0.9,,0.0,False,False,True,False,,,
1028090290846,home,桌面宿舍收纳盒长条窄长型长方形亚克力透明杂物小物件抽屉分隔盒,"Hộp đựng đồ sắp xếp để bàn ký túc xá, hình chữ nhật dài hẹp, trong suốt bằng acrylic, dùng để phân chia ngăn kéo đựng đồ lặt vặt nhỏ.",False,False,,,,,,,False,1.0,,0.0,False,False,True,False,,,
902600739426,home,桌面亚克力透明收纳盒翻盖式桌面化妆品防尘收纳盒零食杂物整理盒,"Hộp đựng đồ acrylic trong suốt để bàn, nắp mở, chống bụi, đựng mỹ phẩm, đồ ăn vặt, đồ linh tinh",False,False,,,,,,,False,0.7,,0.0,False,True,False,False,,,
943283226259,home,盲盒展示盒泡泡玛特亚克力收纳展示架萌粒防尘柜子手办收纳盒批发,"Hộp trưng bày blind box Pop Mart, giá đỡ acrylic, tủ chống bụi đựng mô hình dễ thương, hộp đựng figure, bán buôn",False,False,,,blind box Pop,,,,False,0.767,,0.09,False,False,False,False,bán buôn,,
824404786104,home,桌面收纳盒亚克力透明筐抽屉整理零食杂物储物盒化妆品面膜置物架,"Hộp đựng đồ để bàn, giỏ trong suốt acrylic, ngăn kéo, sắp xếp đồ ăn nhẹ, hộp đựng đồ lặt vặt, giá đựng mặt nạ mỹ phẩm",False,False,,,,,,,False,0.9,,0.0,False,False,True,False,,,
807623999293,home,桌面收纳盒亚克力储物透明防尘带盖整理办公室桌文具书桌小杂物,Để Bàn Hộp Bảo Quản Acrylic Lưu Trữ Trong Suốt Chống Bụi Có Nắp Người Tổ Chức Bàn Văn Phòng Văn Phòng Phẩm Bàn Đồ Lặt Vặt Nhỏ,False,False,,,,,văn phòng,,False,0.966,,1.0,True,False,False,False,,,
796018717396,home,塑料透明收纳箱带盖家用衣服衣物收纳箱子超大号储物整理箱收纳盒,Hộp đựng đồ bằng nhựa trong suốt có nắp hộp đựng quần áo gia đình hộp đựng đồ sắp xếp cực lớn,False,False,,,,,,,False,0.733,,0.0,False,False,True,False,,,
933607088196,home,耐用收纳整理衣服牛仔裤收纳箱可折叠大容量抽屉式分格收纳盒柜子,"Hộp đựng quần áo và quần jean bền bỉ, có ngăn kéo, ngăn kéo có ngăn đựng đồ có sức chứa lớn",False,False,,,,,ngăn kéo,,False,0.733,,0.0,False,False,False,False,,,
908974679924,home,【网红爆款】纸巾盒客厅高档轻奢抽纸盒家用茶几收纳盒餐巾纸盒,[Mẫu hot trên mạng] Hộp đựng khăn giấy phòng khách hộp rút giấy sang trọng nhẹ nhàng cao cấp hộp đựng bàn trà gia dụng hộp đựng khăn ăn,False,False,,,,,,[],False,1.074,,0.04,False,False,False,False,,,
1066150112694,home,储物整理箱乐高收纳盒工具分类盒子装玩具积木小颗粒零件分格抽屉,"Hộp đựng đồ, hộp sắp xếp Lego, hộp phân loại dụng cụ, hộp đựng đồ chơi, khối xếp hình, các chi tiết nhỏ, ngăn kéo chia ngăn.",False,False,,,,,,,False,0.9,,0.04,False,True,False,False,,,
971073001238,home,桌面纳盒抽屉式学生笔筒办公室位置物亚克力书桌文具整理盒,Hộp lưu trữ để bàn ngăn kéo-loại bút sinh viên văn phòng vị trí bàn acrylic hộp sắp xếp văn phòng phẩm,False,False,,,,,,,False,0.852,,0.0,False,True,False,False,,,
1000666515826,home,透明收纳盒抽屉式家用桌面整理盒子衣柜衣服衣物内衣裤子储物箱子,Hộp lưu trữ trong suốt ngăn kéo-loại máy tính để bàn tại nhà tổ chức hộp tủ quần áo quần áo dùng thân thiết quần hộp lưu trữ,False,False,,,,,quần áo,,False,0.967,,0.0,False,True,False,False,,,
1042819604109,home,衣物收纳盒加厚布艺收纳筐衣服裤子收纳储物箱宿舍家用衣柜收纳箱,"Hộp đựng quần áo, giỏ đựng đồ bằng vải dày, dùng để đựng quần áo và quần dài, hộp đựng đồ dùng cho phòng ký túc xá và tủ quần áo trong nhà.",False,False,,,,,,,False,1.1,,0.0,False,False,True,False,,,
991369238674,home,【跨境严选】书架专用收纳盒家用抽屉直角橱柜玩具书房储物箱,"【Lựa chọn xuyên biên giới】Hộp đựng đồ trên kệ sách dùng trong gia đình, tủ góc ngăn kéo, hộp đựng đồ chơi cho phòng học.",False,False,,,,,,【】,False,1.0,,0.04,False,False,False,False,xuyên biên giới,,
1034782850932,home,化妆品置物架亚克力透明梳妆台香水护肤品粉扑口红整理桌面收纳盒,"Kệ đựng mỹ phẩm acrylic trong suốt, hộp sắp xếp đồ trang điểm, nước hoa, sản phẩm chăm sóc da, bông phấn, son môi, hộp đựng đồ để bàn.",False,False,,,,,,,False,0.967,,0.0,False,False,True,False,,,
718872876474,home,衣物收纳盒加厚布艺收纳筐衣服裤子收纳储物箱宿舍家用衣柜收纳箱,"Hộp đựng quần áo, giỏ đựng vải dày dặn, hộp đựng quần áo, hộp đựng quần áo, tủ quần áo gia dụng ký túc xá",False,False,,,,,,,False,0.833,,0.0,False,True,True,False,,,
951059003841,home,杂物整理盒简约收纳盒浴室化妆品收纳篮置物篮桌面零食收纳筐衣柜,"Hộp đựng đồ linh tinh, hộp đựng đồ đơn giản, giỏ đựng mỹ phẩm phòng tắm, giỏ đựng đồ, giỏ đựng đồ ăn nhẹ để bàn, tủ quần áo",False,False,,,,,giỏ đựng đồ,,False,0.967,,0.0,False,False,False,False,,,
1035703853206,home,多功能拼豆收纳盒分装米珠配件美甲透明整理盒饰品防尘储物盒,"Hộp đựng hạt cườm đa năng, hộp chia ngăn đựng phụ kiện hạt cườm, hộp sắp xếp trong suốt cho đồ nail, hộp đựng trang sức chống bụi.",False,False,,,,,,,False,1.0,,0.0,False,False,True,False,,,
746231705748,home,长方形透明收纳盒有带盖PP盒透明塑料盒批发长150mm以内包装盒,Hộp đựng đồ trong suốt hình chữ nhật hộp PP có nắp hộp nhựa trong suốt bán buôn hộp đựng trong vòng 150mm,False,False,,,,,,,False,0.92,,0.0,False,False,True,False,bán buôn,,
1067078891542,home,抽屉分格收纳盒办公桌橱柜内置文具笔长方形塑料书桌整理小放置盒,"Hộp chia ngăn đựng đồ trong ngăn kéo, tủ văn phòng, tủ sách, hộp nhựa hình chữ nhật để sắp xếp bút và văn phòng phẩm, hộp nhỏ để đồ trên bàn học.",False,False,,,,,,,False,1.1,,0.0,False,True,False,False,,,
1071219659140,home,5.5cm拼豆盒子收纳盒专用工具正方形透明塑料分装小盒拼豆豆盒,"Hộp đựng hạt ghép 5.5cm, hộp chia nhỏ bằng nhựa trong suốt hình vuông, dụng cụ chuyên dụng.",False,False,,,,,,,False,0.692,,0.0,False,True,False,False,,,
906976613803,home,首饰收纳盒防氧化耳环耳钉项链绒布亚克力高档精致饰品盒子神器,"Hộp đựng đồ trang sức, bông tai chống oxy hóa, bông tai, vòng cổ, flannel, acrylic, hộp trang sức tinh tế cao cấp, thần thánh",False,False,,,,,,,False,0.862,,0.0,False,True,False,False,,,
1005630695691,home,5.5cm拼豆盒正方形PP塑料半透明包装盒小物料盒带盖零件首饰盒子,"Hộp nhựa PP bán trong suốt hình vuông 5.5cm, hộp đựng hạt ghép, vật liệu nhỏ, linh kiện, trang sức có nắp.",False,False,,,,,,,False,0.846,,0.0,False,True,False,False,,,
891771870727,home,日式桌面家用收纳盒厨房客厅抽屉收纳盒零食杂物美妆整理收纳盒子,"Hộp đựng đồ để bàn kiểu Nhật dùng trong gia đình, nhà bếp, phòng khách, hộp đựng đồ ngăn kéo, đồ ăn nhẹ, đồ linh tinh, hộp đựng và sắp xếp mỹ phẩm",False,False,,,,,,,False,1.1,,0.03,False,False,True,False,,,
985166520326,home,笑脸杂物桌上收纳盒阳台收纳箱零食宿舍桌面收纳盒储物塑料收纳盒,Mặt cười đồ lặt vặt bàn hộp lưu trữ ban công hộp lưu trữ đồ ăn nhẹ ký túc xá máy tính để bàn hộp lưu trữ lưu trữ hộp lưu trữ bằng nhựa,False,False,,,,,lưu trữ,,False,1.133,,0.0,False,False,False,False,,,
1065192725828,home,【大盒+60个5.5方盒】拼豆收纳盒分装米珠配件美甲透明整理饰品,"[Hộp lớn + 60 hộp vuông 5,5] Hộp đựng hạt cườm, phụ kiện và dụng cụ trang trí móng tay; hộp đựng trong suốt để sắp xếp đồ trang sức.",False,False,,,,,,[],False,1.125,,0.04,False,True,True,False,,,
741898847319,home,收纳盒衣服家用可折叠布艺衣物收纳箱衣柜防尘收纳裤子整理盒批发,Hộp lưu trữ quần áo gia dụng có thể gập lại vải nghệ thuật hộp lưu trữ quần áo tủ quần áo chống bụi hộp lưu trữ quần áo bán buôn,False,False,,,,,,,False,1.033,,0.0,False,False,True,False,bán buôn,,
1048825940661,home,桌面收纳盒化妆品塑料置物盒家用杂物零食储物筐宿舍厨房整理盒子,"Hộp đựng đồ để bàn, hộp nhựa đựng mỹ phẩm, giỏ đựng đồ lặt vặt, đồ ăn vặt dùng trong gia đình, hộp sắp xếp đồ dùng cho ký túc xá và nhà bếp.",False,False,,,,,,,False,1.133,,0.0,False,False,True,False,,,
1040567625619,home,试卷收纳整理神器大容量透明塑料户口本初中毕业证件a4文件收纳盒,"Hộp đựng tài liệu A4 bằng nhựa trong suốt dung tích lớn, dụng cụ thần kỳ sắp xếp và lưu trữ đề thi, sổ hộ khẩu, giấy chứng nhận tốt nghiệp cấp hai.",False,False,,,,,,,False,1.138,,0.03,False,True,False,False,,,
1028937008805,home,抽屉分格收纳盒办公桌橱柜内置文具笔长方形塑料书桌整理小放置盒,"Hộp chia ngăn đựng đồ trong ngăn kéo, tủ văn phòng, tủ sách, hộp nhựa hình chữ nhật để sắp xếp bút và văn phòng phẩm, hộp nhỏ để đồ trên bàn học.",False,False,,,,,,,False,1.1,,0.0,False,True,False,False,,,
992133918474,home,收纳盒塑料桌面收纳盒化妆品抽屉整理盒自由组合多层可叠加首饰盒,"Hộp đựng đồ nhựa để bàn, hộp đựng mỹ phẩm, hộp kéo, hộp đựng đồ đa năng, nhiều tầng, xếp chồng được, đựng trang sức",False,False,,,,,,,False,0.833,,0.0,False,False,True,False,,,
970517685596,home,桌面纳盒抽屉式学生笔筒办公室位置物亚克力书桌文具整理盒,Hộp lưu trữ để bàn ngăn kéo-loại bút sinh viên văn phòng vị trí bàn acrylic hộp sắp xếp văn phòng phẩm,False,False,,,,,,,False,0.852,,0.0,False,True,False,False,,,
1053824245766,home,收纳箱家用大容量储物箱零食玩具整理箱衣服收纳箱带盖提手塑料箱,"Hộp đựng đồ, thùng chứa đồ dung tích lớn dùng trong gia đình, lý tưởng để sắp xếp đồ ăn vặt, đồ chơi và quần áo; có nắp và tay cầm; làm bằng nhựa.",False,False,,,,,,,False,1.133,,0.0,False,False,True,False,,,
953372697239,home,仿麻布艺收纳箱可折叠衣物杂物便携防尘收纳盒带盖折叠储物箱批发,"Hộp đựng đồ vải giả lanh, có thể gấp gọn, dùng để đựng quần áo, đồ lặt vặt, tiện lợi mang theo, chống bụi, có nắp đậy, hộp lưu trữ gấp gọn, bán sỉ.",False,False,,,,,,,False,1.133,,0.0,False,False,True,False,,,
856162457069,home,【严选】家用玩具收纳盒简约乐高收纳盒积木分类收纳箱分格整理箱,[Lựa chọn cao cấp] Hộp đựng đồ chơi gia đình Hộp đựng đồ chơi Lego đơn giản Hộp đựng đồ chơi xếp hình Hộp đựng đồ chơi phân loại theo ngăn Hộp sắp xếp theo ngăn,False,False,,,,,,[],False,1.286,,0.17,False,False,False,False,,,
983771285541,home,收纳盒迷你桌面小型化妆品家具整理办公神器储物盒首饰口红抽屉式,Hộp lưu trữ mini để bàn mỹ phẩm nhỏ nội thất tổ chức văn phòng hiện vật hộp lưu trữ trang sức son môi loại ngăn kéo,False,False,,,,,,,False,0.9,,0.0,False,False,True,False,,,
833018325257,home,衣服收纳箱家用放衣物裤子整理盒可水洗衣柜分层收纳神器储物框筐,"Hộp đựng quần áo, hộp đựng quần áo gia dụng, tủ quần áo có thể giặt được, hộp đựng đồ phân lớp, hộp đựng đồ",False,False,,,,,,,False,0.833,,0.0,False,True,False,False,,,
861324670433,home,桌面收纳盒零食化妆品杂物收纳筐家用厨房整理盒衣柜储物篮筐盒子,"Hộp đựng đồ để bàn, đồ ăn vặt, mỹ phẩm, giỏ đựng đồ lặt vặt, hộp sắp xếp nhà bếp gia dụng, tủ quần áo, giỏ đựng đồ, hộp đựng đồ",False,False,,,,,,,False,1.033,,0.0,False,True,True,False,,,
623409355492,home,塑料收纳箱桌面透明收纳盒带手提零食收纳盒车载储物箱玩具整理箱,"Hộp đựng đồ bằng nhựa, hộp đựng đồ trong suốt để bàn, hộp đựng đồ ăn vặt cầm tay, hộp đựng đồ trên xe, hộp đựng đồ chơi",False,False,,,,,,,False,0.933,,0.0,False,True,True,False,,,
1076217524308,home,冰箱收纳盒抽屉式保鲜盒冷冻鸡蛋储物盒厨房蔬菜水果专用整理神器,"Hộp đựng đồ tủ lạnh dạng ngăn kéo, hộp bảo quản thực phẩm, hộp đựng trứng đông lạnh, hộp đựng rau củ quả chuyên dụng cho nhà bếp, dụng cụ sắp xếp thần kỳ.",False,False,,,,,,,False,1.133,,0.0,False,False,True,False,,,
995276371577,home,书立架书架桌面学生书本收纳盒立式书桌办公桌a4文件架书桌收纳架,Giá sách kệ sách để bàn sinh viên hộp lưu trữ sách dọc bàn làm việc a4 giá đựng hồ sơ bàn giá để đồ,False,False,,,,,,,False,0.862,,0.0,False,True,False,False,,,
987792983732,home,冰箱收纳盒食品级密封保鲜盒冷冻冷藏专用厨房蔬菜水果鸡蛋储物盒,"Hộp bảo quản tủ lạnh Hộp bảo quản thực phẩm kín cấp thực phẩm để đông lạnh và bảo quản rau quả, trái cây và trứng trong nhà bếp đặc biệt",False,False,,,,,,,False,1.033,,0.03,False,True,False,False,,,
697260207984,home,冰箱收纳盒食品级保鲜盒厨房蔬菜水果专用鸡蛋盒冷冻鸡蛋收纳盒,Hộp bảo quản tủ lạnh Hộp bảo quản thực phẩm Hộp đựng trứng đặc biệt cho rau và trái cây trong nhà bếp Hộp bảo quản trứng đông lạnh,False,False,,,,,,,False,1.0,,0.11,False,False,True,False,,,
1054143951692,home,多功能拼豆收纳盒分装米珠配件美甲透明整理盒饰品防尘储物盒,"Hộp đựng đa năng, dùng để sắp xếp các loại hạt cườm và phụ kiện, hộp trong suốt để đựng đồ dùng trang trí móng tay, hộp đựng chống bụi cho các loại phụ kiện.",False,False,,,,,,,False,1.25,,0.0,False,False,True,False,,,
746298012633,home,仿麻布艺收纳箱可折叠衣物杂物便携防尘收纳盒带盖折叠储物箱批发,"Hộp đựng đồ vải lanh giả, quần áo có thể gấp gọn, đồ lặt vặt, hộp đựng đồ chống bụi cầm tay, hộp đựng đồ gấp có nắp, bán buôn",False,False,,,,,,,False,1.0,,0.0,False,False,True,False,bán buôn,,
973035257186,home,亚克力收纳盒透明壁挂泡泡玛特盲盒手办展示柜化妆品收纳盒置物架,Hộp đựng acrylic trong suốt treo tường bong bóng Mart mù hộp trưng bày thủ công tủ đựng mỹ phẩm hộp đựng đồ giá để đồ,False,False,,,,,,,False,0.867,,0.04,False,True,False,False,,,
1058221169928,home,桌面化妆品收纳盒塑料收纳架抽屉式首饰盒梳妆台置物架透明整理盒,"Hộp đựng mỹ phẩm để bàn, kệ đựng đồ bằng nhựa, hộp đựng trang sức dạng ngăn kéo, kệ để đồ bàn trang điểm, hộp sắp xếp đồ trong suốt",False,False,,,,,,,False,1.0,,0.0,False,False,True,False,,,
961792437391,home,桌面收纳盒长条窄长型长方形亚克力透明杂物袜子小物件抽屉分隔盒,Máy tính để bàn hộp lưu trữ dài hẹp hình chữ nhật acrylic trong suốt đồ lặt vặt tất đồ vật nhỏ ngăn kéo hộp chia,False,False,,,,,,,False,0.867,,0.0,False,True,True,False,,,
1049799077084,home,桌面宿舍收纳盒长条窄长型长方形亚克力透明杂物小物件抽屉分隔盒,"Hộp đựng đồ để bàn, loại hộp hình chữ nhật dài và hẹp, làm bằng chất liệu acrylic trong suốt, dùng để sắp xếp các vật dụng nhỏ và đồ dùng trong ngăn kéo.",False,False,,,,,,,False,1.133,,0.0,False,False,True,False,,,
1035152171202,home,桌面收纳盒大容量零食杂物收纳篮办公室桌上可叠加咖啡茶包收纳盒,"Hộp đựng đồ để bàn dung tích lớn, giỏ đựng đồ ăn vặt, đồ lặt vặt, có thể xếp chồng, dùng cho văn phòng, hộp đựng cà phê, trà túi lọc.",False,False,,,,,,,False,1.033,,0.0,False,True,False,False,,,
692729262677,home,长方形透明收纳盒有带盖PP盒透明塑料盒批发长150mm以内包装盒,Hộp đựng đồ trong suốt hình chữ nhật hộp PP có nắp hộp nhựa trong suốt bán buôn hộp đóng gói trong vòng 150mm Chiều dài,False,False,,,,,,,False,1.04,,0.04,False,False,True,False,bán buôn,,
938273839983,home,收纳家用化妆品桌面收纳盒杂物零食塑料整理整理盒储物宿舍厨房用,Đựng mỹ phẩm gia dụng hộp đựng đồ để bàn hộp đựng đồ ăn vặt đồ ăn vặt bằng nhựa hộp đựng đồ dùng nhà bếp ký túc xá,False,False,,,,,đồ ăn vặt,,False,0.967,,0.0,False,False,False,False,,,
971833231042,home,亚克力收纳盒透明壁挂泡泡玛特盲盒手办展示柜化妆品收纳盒置物架,Hộp đựng acrylic trong suốt treo tường bong bóng Mart mù hộp trưng bày thủ công tủ đựng mỹ phẩm hộp đựng đồ giá để đồ,False,False,,,,,,,False,0.867,,0.04,False,True,False,False,,,
1045445434721,home,收纳盒桌面免打孔化妆品整理梳妆台储物盒家居房间格子长方形防水,"Hộp đựng đồ để bàn, không cần khoan, sắp xếp mỹ phẩm, hộp lưu trữ bàn trang điểm, dùng trong gia đình, có ngăn chia, hình chữ nhật, chống thấm nước.",False,False,,,,,,,False,1.033,,0.0,False,True,False,False,,,
715873608040,home,塑料收纳箱桌面透明收纳盒带手提零食收纳盒车载储物箱玩具整理箱,"Hộp đựng đồ bằng nhựa, hộp đựng đồ trong suốt để bàn, hộp đựng đồ ăn vặt cầm tay, hộp đựng đồ trên xe, hộp đựng đồ chơi",False,False,,,,,,,False,0.933,,0.0,False,True,True,False,,,
995311899587,home,化妆品收纳盒桌面梳妆台透明亚克力阶梯多层香水口红护肤品置物架,Hộp đựng mỹ phẩm để bàn bàn trang điểm acrylic trong suốt thang nhiều lớp nước hoa son môi sản phẩm chăm sóc da có giá để đồ,False,False,,,,,,,False,0.933,,0.0,False,True,False,False,,,
948951598877,home,桌面收纳盒亚克力透明防尘带盖整理箱办公室桌文具书桌小杂物盒子,Hộp đựng đồ để bàn acrylic trong suốt chống bụi có nắp hộp đựng đồ bàn văn phòng bàn văn phòng văn phòng hộp đựng đồ lặt vặt,False,False,,,,,bàn văn phòng,,False,0.933,,0.0,False,False,False,False,,,
963583414040,home,桌面书本收纳盒书桌书立架教室书籍纸整理箱办公桌a4纸文件置物筐,Hộp lưu trữ sách để bàn để bàn giá đỡ sách lớp học hộp lưu trữ giấy sách bàn a4 giỏ lưu trữ tập tin giấy,False,False,,,,,để bàn,,False,0.897,,0.0,False,False,False,False,,,
1050368419841,home,加大千鸟格收纳盒大容量衣柜折叠储物箱多功能家用衣物收纳箱加厚,"Hộp đựng đồ họa tiết răng sói cỡ lớn, dung tích lớn, hộp lưu trữ gấp gọn cho tủ quần áo, hộp đựng quần áo đa năng dùng trong gia đình, dày dặn.",False,False,,,,,,,False,1.1,,0.0,False,False,True,False,,,
965578024398,home,收纳筐桌面零食杂物整理储物盒橱柜塑料长方形透明亚克力置物盒子,Giỏ đựng đồ để bàn đồ ăn nhẹ và đồ lặt vặt hộp bảo quản tủ nhựa hình chữ nhật trong suốt hộp bảo quản acrylic,False,False,,,,,,,False,0.867,,0.0,False,True,True,False,,,
1037862183666,home,【大盒+75小盒】拼豆收纳盒分装盒子拼豆盒子diy透明塑料手工米珠,"[Hộp lớn + 75 hộp nhỏ] Hộp đựng hạt cườm, hộp chia ngăn, hộp nhựa trong suốt dùng để đựng đồ thủ công và hạt cườm.",False,False,,,,,,[],False,0.96,,0.04,False,False,True,False,,,
670190693749,home,药盒一周七天旅行透明药盒便携药盒药品分装盒药品收纳盒跨境药盒,"Hộp đựng thuốc bảy ngày một tuần, hộp đựng thuốc trong suốt du lịch, hộp đựng thuốc di động, hộp đựng thuốc, hộp đựng thuốc, hộp đựng thuốc xuyên biên giới",False,False,,,,,hộp đựng thuốc,,False,1.033,,0.0,False,False,False,False,xuyên biên giới,,
981030298416,home,亚克力收纳盒透明壁挂泡泡玛特盲盒手办展示柜化妆品收纳盒置物架,Hộp đựng acrylic trong suốt treo tường bong bóng Mart mù hộp trưng bày thủ công tủ đựng mỹ phẩm hộp đựng đồ giá để đồ,False,False,,,,,,,False,0.867,,0.04,False,True,False,False,,,
733433309239,home,收纳箱大容量家用住校宿舍收纳神器整理箱衣服被子储物箱特大号,"Hộp đựng đồ đựng đồ gia dụng dung tích lớn, ký túc xá, Hộp đựng đồ, quần áo, chăn, hộp đựng đồ, cực lớn",False,False,,,,,đựng đồ,,False,0.828,,0.04,False,False,False,False,,,
1042436054702,home,拼豆专用收纳盒套装54色颗粒分装瓶子大容量拼豆工具透明收纳盒子,"Bộ hộp đựng đặc biệt dành cho các khối xây dựng, bao gồm 54 hạt màu, các chai riêng cho mỗi màu, dụng cụ xây dựng khối có dung tích lớn và một hộp đựng trong suốt.",False,False,,,,,,,False,1.241,,0.0,False,False,True,False,,,
936374786943,home,皮质简约首饰盒带盖整理盒耳钉耳环项链饰品盒大容量饰品收纳盒,Hộp đựng đồ trang sức đơn giản bằng da hộp hoàn thiện có nắp hộp đựng đồ trang sức vòng cổ bông tai bông tai hộp đựng đồ trang sức dung tích lớn,False,False,,,,,bông tai,,False,1.138,,0.0,False,False,True,False,,,
848285361800,home,零食杂物收纳箱批发桌面收纳盒家用玩具衣物整理储物筐化妆品箱子,"Hộp đựng đồ ăn vặt, hộp đựng đồ để bàn bán buôn, đồ chơi gia dụng, giỏ đựng đồ, hộp đựng đồ đựng đồ, hộp đựng mỹ phẩm",False,False,,,,,đựng đồ,,False,0.933,,0.0,False,False,False,False,bán buôn,,
664948182882,home,收纳箱批发塑料整理箱储物箱衣柜收纳箱桌面收纳盒爆款玩具收纳箱,Hộp đựng đồ Bán buôn Hộp đựng đồ nhựa Hộp đựng đồ Tủ quần áo Hộp đựng đồ để bàn Hộp đựng đồ chơi kiểu nổ,False,False,,,,爆款->mẫu bán chạy,,,False,0.867,,0.24,False,False,False,False,bán buôn,,
753474909699,home,透明亚克力收纳盒防尘分格大容量多层首饰展示架桌面抽屉整理盒子,"Hộp đựng đồ acrylic trong suốt, ngăn ngăn chống bụi, giá trưng bày trang sức nhiều lớp dung tích lớn, hộp sắp xếp ngăn kéo để bàn",False,False,,,,,,,False,0.9,,0.0,False,True,False,False,,,
872602801766,home,桌面收纳盒抽屉内置分隔长方形整理盒宿舍杂物化妆品分类储物盒子,"Hộp đựng đồ để bàn có vách ngăn tích hợp, hộp đựng đồ hình chữ nhật dùng cho ký túc xá, đựng đồ linh tinh và phân loại mỹ phẩm.",False,False,,,,,,,False,1.0,,0.0,False,False,True,False,,,
1010928571717,home,抽屉分隔储物内置收纳盒书桌文具亚克力透明桌面化妆品置物盒,"Hộp đựng đồ trong suốt acrylic, có ngăn chia, dùng để sắp xếp đồ dùng văn phòng phẩm, mỹ phẩm trên bàn làm việc.",False,False,,,,,,,False,0.857,,0.0,False,False,True,False,,,
987861442882,home,收纳箱衣服收纳箱家用可折叠衣物裤子整理盒衣柜收纳分隔收纳盒,"Hộp đựng quần áo, hộp gấp gọn để sắp xếp quần áo và quần trong nhà, hộp chia ngăn tủ quần áo.",False,False,,,,,,,False,0.759,,0.0,False,False,True,False,,,
1076186073633,home,二合一粉扑收纳盒桌面化妆刷旋转置物架化妆棉美妆蛋化妆品收纳盒,"Hộp đựng bông phấn 2 trong 1, kệ xoay để bàn đựng cọ trang điểm, bông tẩy trang, mút trang điểm, hộp đựng mỹ phẩm",False,False,,"1, 2",,,,,False,0.767,,0.0,False,False,True,False,,,
1070060874345,home,收纳盒迷你桌面小型化妆品家具整理办公神器储物盒首饰口红抽屉式,"Hộp đựng đồ mini để bàn, nhỏ gọn, dùng sắp xếp mỹ phẩm, đồ nội thất, văn phòng phẩm, trang sức, son môi, kiểu ngăn kéo.",False,False,,,,,,,False,0.867,,0.0,False,False,True,False,,,
744379570562,home,透明亚克力收纳盒防尘分格大容量多层首饰展示架桌面抽屉整理盒子,"Hộp đựng đồ acrylic trong suốt, ngăn ngăn chống bụi, giá trưng bày trang sức nhiều lớp dung tích lớn, hộp sắp xếp ngăn kéo để bàn",False,False,,,,,,,False,0.9,,0.0,False,True,False,False,,,
1044907633987,home,5.5cm拼豆盒子收纳盒专用工具正方形透明塑料分装小盒拼豆豆盒,"Hộp đựng hạt ghép 5.5cm, hộp chia nhỏ bằng nhựa trong suốt hình vuông, dụng cụ chuyên dụng.",False,False,,,,,,,False,0.692,,0.0,False,True,False,False,,,
1011418336641,home,塑料收纳箱桌面透明收纳盒带手提零食收纳盒车载储物箱玩具整理箱,"Hộp đựng đồ nhựa trong suốt để bàn, có quai xách, hộp đựng đồ ăn vặt, hộp đựng đồ dùng trên xe hơi, hộp sắp xếp đồ chơi",False,False,,,,,,,False,0.933,,0.0,False,False,True,False,,,
1044308091806,home,拼豆收纳盒长条形桌面收纳盒长方形可叠放diy带盖透明拼豆收纳盒,"Hộp đựng đậu, hộp đựng đồ để bàn hình chữ nhật dài, có thể xếp chồng lên nhau, tự làm, có nắp, hộp đựng đậu trong suốt.",False,False,,,,,,,False,0.964,,0.0,False,False,True,False,,,
783358745305,home,收纳盒桌面ins风长方形防尘带盖储物盒桌上办公室杂物文具整理盒,Hộp đựng đồ để bàn hộp đựng đồ có nắp chống bụi hình chữ nhật kiểu instagram để bàn hộp đựng đồ đựng đồ lặt vặt văn phòng,False,False,,,,,đựng đồ,,False,1.0,,0.0,False,False,False,False,,,
1062049903113,home,正品A类裸睡抗菌四件套纯棉云柔ins母婴级床单被套宿舍床笠三件套,"Bộ chăn ga gối 4 món chính hãng loại A, kháng khuẩn, cotton nguyên chất mềm mại như mây, phong cách Ins, chuẩn mẹ và bé, dùng được khi ngủ trần, bao gồm ga trải giường, vỏ chăn, ga bọc đệm, bộ 3 món cho ký túc xá.",False,False,,"3, 4",,,,,False,1.643,vi_qua_dai,0.04,False,False,False,False,,,
679798192060,home,厂家批发四件套卡通单件床上用品宿舍床单被套ins被罩三件套秋季3,"Nhà sản xuất bán buôn bộ chăn ga gối hoạt hình bốn món, ga trải giường đơn, ga trải giường ký túc xá, vỏ chăn, vỏ chăn phong cách ins, bộ ba món, mùa thu 3.",False,False,,,,,vỏ chăn,,False,1.25,,0.0,False,False,False,False,"bán buôn, nhà máy|nhà sản xuất",,
775967063753,home,床上四件套A类可裸睡水洗棉被套纯色床单学生宿舍三件套床笠批发4,"Bộ chăn ga gối bốn mảnh loại A có thể ngủ trần, bộ chăn bông có thể giặt được, bộ chăn ga trải giường ba mảnh ký túc xá sinh viên, bán buôn 4",False,False,,,,,,,False,1.138,,0.03,False,True,True,False,bán buôn,,
1019161512415,home,全棉日式条纹床上四件套纯色简约纯棉床单笠被罩宿舍三件跨境外贸,"Bộ chăn ga gối đệm bốn món kiểu Nhật, chất liệu 100% cotton, họa tiết sọc, màu trơn, thiết kế đơn giản, bao gồm ga trải giường và vỏ chăn, phù hợp cho ký túc xá, bộ ba món, dành cho thương mại điện tử xuyên biên giới.",False,False,,100,,,,,False,1.567,vi_qua_dai,0.02,False,False,False,False,xuyên biên giới,,
837731613534,home,母婴级A类正品床上四件套ins裸睡纯水洗棉床单被套被罩宿舍三件套,Bộ bốn mảnh giường chính hãng loại A dành cho bà mẹ và trẻ sơ sinh Bộ ba mảnh ga trải giường bằng vải bông giặt sạch sẽ bằng nước trần instagram,False,False,,,,,,,False,1.143,,0.06,False,False,True,False,,,
1049345430196,home,竹莱赛尔四件套轻奢高级感床单被罩三件套夏天冰丝被套外贸出口,"Bộ chăn ga gối 4 món Lyocell tre, phong cách sang trọng cao cấp, bộ 3 món ga trải giường và vỏ chăn, vỏ chăn lụa băng mùa hè, hàng xuất khẩu.",False,False,,"3, 4",,,vỏ chăn,,False,1.034,,0.03,False,False,False,False,,,
1060390364662,home,a类全棉贝壳边床上四件套ins花边纯棉小清新床单被罩学生宿舍三件,"Bộ chăn ga gối đệm bốn món, chất liệu 100% cotton cao cấp, viền cotton, thiết kế hoa văn theo phong cách hiện đại, mang vẻ đẹp tinh tế, tối giản và tươi mới, phù hợp cho ký túc xá sinh viên (bộ ba món).",False,False,,100,,,,,False,1.571,vi_qua_dai,0.0,False,False,False,False,,,
970701786572,home,纯棉原麻四件套复古碎花纽扣款全棉床单笠被罩三件套a类床上用品,"Bộ bốn món bằng vải cotton và lanh nguyên chất, kiểu dáng nút hoa cổ điển, ga trải giường bằng cotton, vỏ chăn, bộ ba món, bộ đồ giường loại A",False,False,,,,,,,False,1.069,,0.03,False,True,True,False,,,
1080884960721,home,A类小清新纯棉可裸睡四件套床单床笠全棉家用宿舍被套床上三件套~,"Bộ chăn ga gối 4 món cotton nguyên chất vải xô hai lớp phong cách nhẹ nhàng, thanh lịch loại A, bao gồm ga trải giường, ga chun, vỏ chăn, dùng cho gia đình và ký túc xá ~",False,False,,4,,,,~,False,1.276,,0.03,False,False,False,False,,,
1054335618360,home,2026新款云感双层纱床上用品四件套床单被套学生宿舍三件套夏季,"Bộ chăn ga gối hai lớp vải voan mềm mại như mây, kiểu dáng mới 2026, bộ bốn món gồm ga trải giường và vỏ chăn, bộ ba món dành cho ký túc xá sinh viên, thích hợp cho mùa hè.",False,False,,,,,,,False,1.481,,0.0,False,False,True,False,,,
1033856236852,home,A类母婴级床上裸睡四件套纯棉蕾丝花边床单被套罩学生宿舍三4件套,"Bộ chăn ga gối 4 món cotton nguyên chất, ren hoa, chuẩn A, an toàn cho mẹ và bé, dùng ngủ trần trên giường, phù hợp ký túc xá sinh viên, bộ 3 hoặc 4 món.",False,False,,"3, 4",,,,,False,1.138,,0.03,False,False,True,False,,,
964194956115,home,A类法式纯水洗棉四件套床上用品双层纱被套床单床笠学生款三件套4,"Bộ chăn ga gối cotton nguyên chất kiểu Pháp hạng A, gồm vỏ chăn gạc hai lớp, ga trải giường, ga trải giường có chun, bộ ba món kiểu sinh viên 4 món.",False,False,,,,,ga trải giường,,False,1.103,,0.06,False,False,False,False,,,
980641299758,home,A类无印风纯棉四件套水洗棉被套床笠全棉学生宿舍三件套床上用品,Bộ bốn món cotton nguyên chất không in kiểu dáng loại A Bộ chăn ga gối đệm cotton giặt ga trải giường cotton ký túc xá sinh viên Bộ đồ giường ba món,False,False,,,,,,,False,1.138,,0.09,False,True,False,False,,,
1076482784631,home,A类超柔正品ins抗菌四件套纯棉云感母婴级裸睡床单被套宿舍三件套,"Bộ chăn ga gối 4 món chính hãng siêu mềm mại loại A, kháng khuẩn, phong cách Ins, 100% cotton, cảm giác như mây, chuẩn an toàn cho mẹ và bé, thích hợp ngủ trần, bộ 3 món cho ký túc xá.",False,False,,"100, 3, 4",,,,,False,1.393,,0.05,False,True,False,True,,,
955173293775,home,纯色简约四件套磨毛被套ins风被罩宿舍夏季水洗棉床上用品三件套,"Bộ chăn ga gối bốn món, màu trơn, thiết kế tối giản, vỏ chăn làm từ vải chải kỹ, kiểu dáng phù hợp với phong cách Instagram, thích hợp cho phòng ký túc xá, sử dụng vào mùa hè và được làm từ chất liệu cotton đã qua xử lý.",False,False,,,,,,,False,1.786,vi_qua_dai,0.02,False,False,False,False,,,
896965161963,home,A类母婴级全棉长绒棉四件套高级感纯棉花卉刺绣被套床单床笠100支,"Bộ bốn món cotton sợi dài cao cấp dành cho mẹ và bé hạng A, chất liệu cotton nguyên chất thêu hoa, bao gồm vỏ chăn, ga trải giường, ga trải giường có chun, mật độ sợi 100.",False,False,,,,,ga trải giường,,False,1.321,,0.03,False,False,False,False,,,
886058980506,home,A类全棉100纯棉四件套提花三层纱布被套水洗棉床单床笠款床上用品,Loại A 100% cotton 100 bộ bốn mảnh jacquard vải gạc ba lớp vỏ chăn ga trải giường ga trải giường kiểu ga trải giường,False,False,,100,,,ga trải giường,,False,0.821,,0.05,False,False,False,False,,,
1041421896486,home,高级感~100s提花全棉磨毛四件套 北欧风简约纯棉1.8米被套a类床品,Cảm giác cao cấp~Bộ 4 món 100% cotton dệt jacquard chải lông phong cách Bắc Âu tối giản 1.8m Vỏ chăn tiêu chuẩn A,False,False,,4,,,,~,False,0.92,,0.23,False,False,False,False,,,
966887499545,home,轻奢床上用品四件套床单床笠单件三件套学生床高级单品宿舍被套,"Bộ chăn ga gối cao cấp 4 món, ga trải giường, ga bọc đệm, bộ 3 món đơn, bộ đồ giường cao cấp cho sinh viên, vỏ chăn ký túc xá.",False,False,,"3, 4",,,,,False,1.0,,0.0,False,False,True,False,,,
923118904214,home,A类床上用品四件套水洗棉纯棉全棉双层纱被套床单夏床笠宿舍三件,"Bộ đồ giường loại A bốn món, cotton đã qua xử lý, cotton nguyên chất, vỏ chăn ga hai lớp, ga trải giường, ga trải giường mùa hè, bộ ba món dành cho ký túc xá",False,False,,,,,ga trải giường,,False,1.241,,0.03,False,False,False,False,,,
920801992660,home,床上四件套A类可裸睡水洗棉被套纯色床单学生宿舍三件套床笠批发4,"Bộ chăn ga gối bốn mảnh loại A có thể ngủ trần, bộ chăn bông có thể giặt được, bộ chăn ga trải giường ba mảnh ký túc xá sinh viên, bán buôn 4",False,False,,,,,,,False,1.138,,0.03,False,True,True,False,bán buôn,,
1015163631470,home,轻奢高级感100全棉提花床上四件套主卧室纯棉床单被套四季款床品,"Bộ chăn ga gối 4 món 100% cotton jacquard sang trọng và thanh lịch dành cho phòng ngủ chính, bao gồm ga trải giường và vỏ chăn bằng cotton nguyên chất, phù hợp với mọi mùa.",False,False,,4,,,,,False,1.214,,0.0,False,True,False,False,,,
897155265633,home,包邮优质亲肤被套单件被罩单双人宿舍床单1.1/1.5/1.8/2米四件套,"Miễn phí vận chuyển, vỏ chăn bông thân thiện với da chất lượng cao, ga trải giường ký túc xá đơn/đôi, bộ 1.1/1.5/1.8/ 2.4m món.",False,False,2,2.4,,,,,False,1.087,,0.0,False,False,False,False,,,
1002896571144,home,A类云感棉纯水洗棉四件套公主风法式花边被套床单床笠宿舍三件套3,"Bộ chăn ga gối đệm bốn món, chất liệu cotton cao cấp mềm mại như mây, được giặt sạch bằng nước, kiểu dáng công chúa, có ren Pháp, bao gồm chăn, ga trải giường, và bộ ba món dành cho ký túc xá.",False,False,3,,,,,,False,1.483,,0.02,False,False,False,False,,,
982897882747,home,床上四件套被单被套学生宿舍单人三件套被罩单件2025新款四季通用,"Bộ ga trải giường bốn món, vỏ chăn, vỏ chăn đơn ba mảnh ký túc xá sinh viên, một mảnh kiểu mới 2025, phổ biến cho mọi mùa",False,False,,,,,vỏ chăn,,False,0.964,,0.0,False,False,False,False,,,
1000943349965,home,a类母婴级纯棉原麻四件套复古风加厚四季款四件套三件套床单被套~,"Bộ bốn món bằng vải cotton nguyên chất và vải lanh tự nhiên dành cho bà mẹ và trẻ sơ sinh hạng A, phong cách cổ điển, dày dặn, bộ bốn món dùng được quanh năm, bộ ba món, ga trải giường, vỏ chăn~",False,False,,,,,,~,False,1.517,,0.02,False,False,False,False,,,
828178215934,home,高端100支全棉加厚磨毛四件套轻奢长绒棉纯棉冬季床上用品套件,Bộ chăn ga gối đệm mùa đông 100% cotton dày dặn 100 chiếc cao cấp,False,False,,100,,,,,False,0.481,vi_qua_ngan,0.0,False,False,False,False,,,
989841800350,home,A类无印风纯棉四件套水洗棉被套床笠全棉学生宿舍三件套床上用品,Bộ bốn món cotton nguyên chất không in kiểu dáng loại A Bộ chăn ga gối đệm cotton giặt ga trải giường cotton ký túc xá sinh viên Bộ đồ giường ba món,False,False,,,,,,,False,1.138,,0.09,False,True,False,False,,,
913781051061,home,纯色四件套床单被套被罩学生宿舍单人床上用品三件套批发外贸跨境,"Bộ ga trải giường bốn mảnh màu trơn, vỏ chăn, bộ đồ giường đơn ký túc xá sinh viên, bộ ba mảnh bán buôn ngoại thương xuyên biên giới",False,False,,,,,,,False,0.967,,0.0,False,False,True,False,"bán buôn, xuyên biên giới",,
943369303323,home,A类母婴级纯水洗棉四件套ins小清新床单被套学生宿舍款三件套床笠,Bộ bốn món cotton nguyên chất được giặt loại A dành cho bà bầu và trẻ sơ sinh Ins Bộ ga trải giường nhỏ tươi trải giường Vỏ chăn ký túc xá sinh viên Bộ ga trải giường ba món được trang bị,False,False,,,,,,,False,1.536,,0.12,False,False,True,False,,,
1013811524862,home,床上四件套a类母婴级双层纱三件套床笠床单被套单件被罩学生宿舍,"Bộ chăn ga gối 4 món, bộ 3 món vải xô hai lớp tiêu chuẩn A dành cho mẹ và bé, ga chun, ga trải giường, vỏ chăn, vỏ chăn đơn, dùng cho ký túc xá sinh viên.",False,False,,"3, 4",,,vỏ chăn,,False,1.241,,0.03,False,False,False,False,,,
945213647999,home,LF级100支奥地利兰精天丝四件套夏季纯色床单被套床笠宿舍三件套,LF cấp 100 Áo Lanjing Tencel bộ bốn mảnh mùa hè màu trơn bộ chăn ga trải giường bộ ba mảnh ký túc xá,False,False,,,,,,,False,0.852,,0.14,False,False,True,False,,,
754352617755,home,新款高端刺绣四件套纯色雅棉亲肤磨毛床上用品床单被套24小时发货,Bộ chăn ga trải giường bốn mảnh vải bông chải lông thân thiện với làn da thêu cao cấp mới Bộ chăn ga trải giường bốn mảnh,False,False,24,,,,,,False,0.931,,0.04,False,False,False,False,,,
771907571764,home,小清新A类100%水洗棉四件套磨毛棉全被套罩单床笠学生宿舍三4件套,"Bộ bốn mảnh bông giặt 100% loại A tươi mát, bộ bốn mảnh bông chải, bộ chăn bông đầy đủ, bộ khăn trải giường đơn, bộ ba và bộ bốn mảnh ký túc xá sinh viên",False,False,4,,,,,,False,1.296,,0.03,False,False,False,False,,,
811644670548,home,ins纯色水洗棉四件套被套床笠学生宿舍三件套民宿单被套床上用品,Bộ chăn ga gối bốn mảnh Cotton giặt nước màu trơn Instagram Bộ Chăn Ga Gối Ga ba mảnh ký túc xá sinh viên,False,False,,,,,,,False,0.857,,0.3,False,False,True,False,,,
1016117799906,home,法式少女100支全棉长绒棉四件套公主风褶皱纯棉天丝被套床品床笠4,"Bộ bốn món 100% cotton sợi dài kiểu Pháp dành cho bé gái, phong cách công chúa, gồm vỏ chăn, ga trải giường và ga bọc đệm bằng vải cotton nguyên chất và Tencel xếp ly.",False,False,4,,,,,,False,1.25,,0.06,False,False,False,False,,,
921964536276,home,LF级100支奥地利兰精天丝夏季床四件套冰丝夏凉被套床笠床单真丝3,"Bộ chăn ga gối đệm mùa hè Lenzing Tencel Áo 100% chất lượng cao cấp, 4 món, chất liệu lụa đá mát lạnh",False,False,3,4,,,,,False,0.778,,0.15,False,False,False,False,,,
943617331585,home,加厚磨毛四件套纯棉全棉母婴级床单被套床笠新款轻奢亲肤床品,"Bộ bốn món bằng cotton chải kỹ dày dặn, cotton nguyên chất, ga trải giường cấp độ bà mẹ và trẻ sơ sinh, vỏ chăn, ga trải giường có dây chun, kiểu dáng mới, sang trọng nhẹ nhàng, đồ giường thân thiện với da.",False,False,,,,,,,False,1.571,vi_qua_dai,0.0,False,False,False,False,,,
1029855782051,home,纯棉原麻四件套复古碎花纽扣款全棉床单笠被罩三件套a类床上用品,"Bộ chăn ga gối 4 món cotton nguyên chất vải lanh, họa tiết hoa nhí cổ điển, kiểu cài nút, ga trải giường 100% cotton, vỏ chăn, bộ 3 món, đồ dùng giường ngủ loại A.",False,False,,"100, 3, 4",,,,,False,1.138,,0.03,False,False,True,False,,,
1077777461502,home,A类超柔正品ins抗菌四件套纯棉云感母婴级裸睡床单被套宿舍三件套,"Bộ chăn ga gối 4 món chính hãng siêu mềm mại loại A, kháng khuẩn, phong cách Ins, 100% cotton, cảm giác như mây, chuẩn an toàn cho mẹ và bé, thích hợp ngủ trần, bộ 3 món cho ký túc xá.",False,False,,"100, 3, 4",,,,,False,1.393,,0.05,False,True,False,True,,,
965502388903,home,纯棉床上四件套2025新款全棉纯色被套床单床笠被罩宿舍三件套床品,"Bộ chăn ga gối cotton nguyên chất 4 món kiểu mới 2025, chất liệu cotton 100%, màu trơn, gồm vỏ chăn, ga trải giường, ga trải giường có dây, vỏ chăn, bộ chăn ga gối 3 món dành cho ký túc xá",False,False,,"100, 3, 4",,,ga trải giường,,False,1.357,,0.0,False,False,False,False,,,
953906978854,home,草莓猫咪卡通床上用品被套学生宿舍三件套4件套亲肤水洗棉四件套,"Bộ chăn ga gối hoạt hình mèo dâu tây, bao gồm vỏ chăn, thích hợp cho ký túc xá sinh viên, có sẵn bộ ba món và bốn món, được làm từ chất liệu cotton thân thiện với da, có thể giặt được.",False,False,4,,,,,,False,1.483,,0.0,False,False,False,False,có sẵn|hàng có sẵn,,
1030345874954,home,日系简约纯水洗棉四件套母婴级A类ins纯色被套床笠学生宿舍三件套,"Bộ chăn ga gối 4 món cotton giặt nước nguyên chất phong cách Nhật Bản tối giản, đạt chuẩn A dành cho mẹ và bé, vỏ chăn màu trơn phong cách Ins, ga chun, bộ 3 món cho ký túc xá sinh viên.",False,False,,"3, 4",,,,,False,1.464,,0.1,False,False,True,False,,,
1033679808301,home,母婴级A类有氧裸睡四件套纯棉床上双层纱云柔床单被套宿舍三4件套,"Bộ chăn ga gối 4 món cotton nguyên chất, vải xô hai lớp mềm mại như mây, an toàn cho mẹ và bé (loại A), thoáng khí, thích hợp ngủ trần, dùng cho ký túc xá, bộ 3 hoặc 4 món.",False,False,,"3, 4",,,,,False,1.31,,0.03,False,False,True,False,,,
1014779761941,home,A类母婴级纯水洗棉四件套ins小清新床单被套学生宿舍款三件套床笠,"Bộ chăn ga gối bốn món cao cấp, 100% cotton, dành cho mẹ và bé, thiết kế tươi mới và tối giản, phù hợp cho ký túc xá sinh viên, bao gồm ga trải giường.",False,False,,100,,,,,False,1.214,,0.0,False,False,True,False,,,
1047218689216,home,母婴级A类有氧裸睡四件套纯棉床上双层纱云柔床单被套宿舍三4件套,"Bộ chăn ga gối 4 món cotton nguyên chất, vải xô hai lớp mềm mại như mây, thoáng khí, an toàn cho mẹ và bé (loại A), thích hợp ngủ trần, dùng cho ký túc xá, bộ 3 hoặc 4 món.",False,False,,"3, 4",,,,,False,1.31,,0.03,False,True,True,False,,,
670966296412,home,日系简约纯水洗棉四件套母婴级A类ins纯色被套床笠学生宿舍三件套,"Bộ 4 chiếc cotton giặt sạch đơn giản kiểu Nhật, bộ chăn ga gối màu trơn instagram loại A dành cho bà mẹ và trẻ em, bộ 3 chiếc cho ký túc xá sinh viên",False,False,,"3, 4",,,,,False,1.179,,0.06,False,False,True,False,,,
903053084008,home,2026夏季纯色冰丝四件套a类凉感床单被套宿舍三件套南通床上用品4,"Bộ chăn ga gối hè 2026 chất liệu lụa đá màu trơn, bộ 4 món cao cấp, ga trải giường và vỏ chăn làm mát hạng A, bộ 3 món ký túc xá, bộ đồ giường Nam Thông 4 món",False,False,,"3, 4",,,,,False,1.333,,0.09,False,False,True,False,,,
898021810511,home,A纯棉四件套类纯色双拼100全棉三件套床单被罩单人学生宿舍被套,"Bộ bốn món bằng cotton nguyên chất, phối màu trơn, bộ ba món 100% cotton, ga trải giường, vỏ chăn, vỏ chăn cho ký túc xá sinh viên đơn.",False,False,,,,,vỏ chăn,,False,1.037,,0.0,False,False,False,False,,,
1050003833022,home,床上四件套a类母婴级超柔双层纱被套小清新床被罩学生床品三件套3,"Bộ chăn ga gối bốn món, loại A, phù hợp cho mẹ và bé, vỏ chăn hai lớp vải gạc siêu mềm, kiểu dáng tươi mới và đơn giản, bộ chăn ga gối ba món dành cho học sinh.",False,False,3,,,,,,False,1.345,,0.03,False,False,False,False,,,
953923506440,home,简约格子床上用品被套学生宿舍三件套被单4件套亲肤水洗棉四件套,"Bộ chăn ga gối kẻ sọc đơn giản, bao gồm một vỏ chăn, phù hợp cho ký túc xá sinh viên; có thể chọn bộ ba món hoặc bộ bốn món, kèm theo một tấm trải giường; được làm từ chất liệu cotton mềm mại, thân thiện với da và có thể giặt được.",False,False,4,,,,,,False,1.862,vi_qua_dai,0.0,False,False,False,False,,,
1049714638720,home,高端A类100支新疆长绒棉全棉床上四件套床笠款家用学生宿舍三件套,"Bộ chăn ga gối đệm cao cấp loại A, gồm 100 chiếc, làm từ vải bông sợi dài đặc biệt của vùng Tân Cương, bao gồm một chiếc ga trải giường, phù hợp để sử dụng trong gia đình và trong các ký túc xá sinh viên.",False,False,,,,,,,False,1.643,vi_qua_dai,0.07,False,False,False,False,,,
892163233283,home,轻奢床上用品四件套床单床笠单件三件套学生床高级单品宿舍被套,"Bộ chăn ga gối đệm cao cấp bốn món, ga trải giường, ga trải giường có dây, bộ ba món, bộ đồ giường cao cấp dành cho sinh viên, vỏ chăn ký túc xá",False,False,,,,,ga trải giường,,False,1.172,,0.0,False,False,True,False,,,
953440363454,home,粉嫩少女系~100支提花长绒棉四件套 贡缎简约1.5m1.8被套全棉床品,"Phong cách thiếu nữ hồng phấn~Bộ 4 món chăn ga gối cotton sợi dài dệt jacquard 100 sợi, vải satin đơn giản, vỏ chăn 1.5m/1.8m, chăn ga gối 100% cotton",False,False,,"100, 4",,,,~,False,1.208,,0.04,False,False,False,False,,,
1052158352769,home,ins风简约小清新床单用品四件套被套床单学生宿舍三件套4,"Bộ chăn ga gối 4 món phong cách ins tối giản, nhẹ nhàng, tươi mới, vỏ chăn ga trải giường, bộ 3 món cho ký túc xá sinh viên 4",False,False,,"3, 4",,,,,False,1.125,,0.0,False,False,True,False,,,
1068974947255,home,奶油风ins全棉四件套少女感被罩纯棉被套宿舍透气裸睡床上三件套4,"Bộ chăn ga gối bốn món màu kem, phong cách Instagram, hoàn toàn bằng cotton, bao gồm vỏ chăn cotton nguyên chất, hoàn hảo cho phong cách trẻ trung, phù hợp với phòng ký túc xá, thoáng khí và lý tưởng để ngủ không mặc quần áo.",False,False,4,,,,,,False,1.679,vi_qua_dai,0.02,False,False,False,False,,,
967324171649,home,ins裸睡纯棉四件套加厚磨毛床笠款全棉床单被罩三件套a类床上用品,ins khỏa thân ngủ nguyên chất cotton bốn món dày chải giường ga trải giường ga trải giường cotton ga trải giường vỏ chăn ba món lớp a chăn ga gối đệm,False,False,,,,,giường ga trải,,False,1.143,,0.0,False,False,False,False,,,
929593631258,home,床上四件套A类可裸睡水洗棉被套纯色床单学生宿舍三件套床笠4,"Bộ chăn ga gối đệm bốn món, loại A, thích hợp cho việc ngủ không mặc quần áo, vỏ chăn bông có thể giặt được, ga trải giường màu trơn, bộ ba món dành cho ký túc xá sinh viên, ga trải giường vừa vặn 4",False,False,,,,,,,False,1.667,vi_qua_dai,0.02,False,False,False,False,,,
1072773890494,home,轻奢高级感A类长绒棉四件套全棉100纯棉提花被套床单床笠床上用品,"Bộ chăn ga gối cao cấp, chất liệu cotton sợi dài loại A, gồm bốn món: vỏ chăn dệt hoa văn jacquard, ga trải giường và ga bọc đệm.",False,False,100,,,,,,False,1.036,,0.04,False,False,False,False,,,
1079268148191,home,ins纯色水洗棉四件套被套床笠学生宿舍三件套民宿单被套床上用品,"Bộ chăn ga gối bốn món chất liệu cotton đã qua xử lý, màu trơn, bao gồm vỏ chăn và ga trải giường, phù hợp cho ký túc xá sinh viên, bộ ba món cho nhà nghỉ, vỏ chăn đơn, chăn ga gối.",False,False,,,,,,,False,1.536,,0.0,False,False,True,False,,,
805786838935,home,学生宿舍芦荟棉四件套亲乐肤棉上下铺单人三件套床上用品4四件套,Bộ bốn mảnh vải bông lô hội ký túc xá sinh viên,False,False,4,,,,,,False,0.414,vi_qua_ngan,0.0,False,False,False,False,,,
1029595518719,home,轻奢高级感冰丝床上四件套夏季水洗真丝滑裸睡被套床单床笠床盖款,"Bộ chăn ga gối lụa băng cao cấp, sang trọng, gồm bốn món, phù hợp cho mùa hè, với chất liệu lụa đã được xử lý để tạo cảm giác mềm mại, mịn màng, mang lại sự thoải mái khi ngủ. Bộ sản phẩm bao gồm vỏ chăn, ga trải giường, ga bọc và tấm trải giường.",False,False,,,,,,,False,1.9,vi_qua_dai,0.02,False,False,False,False,,,
1064148114869,home,轻奢高级感100全棉提花床上四件套主卧室纯棉床单被套四季款床品,"Bộ chăn ga gối 4 món 100% cotton jacquard sang trọng và thanh lịch dành cho phòng ngủ chính, bao gồm ga trải giường và vỏ chăn bằng cotton nguyên chất, phù hợp với mọi mùa.",False,False,,4,,,,,False,1.214,,0.0,False,True,False,False,,,
1084806356587,home,A类床上用品四件套纯棉全棉床单被套单件被罩床笠学生宿舍三件套4,"Bộ chăn ga gối đệm loại A, 100% cotton, ga trải giường, vỏ chăn, vỏ chăn đơn, ga chun, bộ ba món cho ký túc xá sinh viên 4",False,False,,100,,,vỏ chăn,,False,0.931,,0.04,False,False,False,False,,,
962256672453,home,简约60支兰精天丝被套床单床笠单件夏季冰丝凉感被罩宿舍三四件套,"Vỏ chăn Lenzing Tencel thông thường 60 chiếc, ga trải giường, ga trải giường vừa vặn, vỏ chăn mát mẻ bằng lụa băng mùa hè một mảnh, bộ ba hoặc bốn món ký túc xá",False,False,,,,,ga trải giường,,False,1.172,,0.06,False,False,False,False,,,
1063931541057,home,A类ins无印风四件套全棉被套床单被罩床笠新款学生宿舍三件套四季,"Bộ chăn ga gối 4 món phong cách Muji (ins) loại A, vỏ chăn ga trải giường 100% cotton, mẫu mới, bộ 3 món cho ký túc xá sinh viên, dùng được bốn mùa.",False,False,,"100, 3, 4",,,,,False,1.107,,0.07,False,False,True,False,,,
1061880970471,home,高级感A类床上提花四件套100纯棉全棉2026新款防螨被套床单品笠4,"Bộ chăn ga gối 4 món dệt jacquard cao cấp loại A, 100% cotton nguyên chất, mẫu mới 2026, vỏ chăn chống mạt bụi, sản phẩm giường ngủ 4",False,False,,4,,,,,False,1.0,,0.04,False,False,True,False,,,
1033139227720,home,床上用品水洗棉卡通四件套ins风纯棉全棉床单被套床笠学生宿舍,"Bộ chăn ga gối 4 món cotton giặt, họa tiết hoạt hình, phong cách ins, 100% cotton, ga trải giường, vỏ chăn, ga chun, dành cho ký túc xá sinh viên.",False,False,,"100, 4",,,,,False,1.074,,0.0,False,False,True,False,,,
1046906732615,home,日式四件套全棉水洗棉纯棉条纹床单被套简约极简民宿床笠床上用品,"Bộ chăn ga gối 4 món phong cách Nhật Bản, 100% cotton, cotton giặt, họa tiết kẻ sọc, ga trải giường, vỏ chăn, ga chun, đồ dùng giường ngủ tối giản, phong cách homestay.",False,False,,"100, 4",,,,,False,1.067,,0.06,False,False,True,False,,,
1017944648554,home,A类母婴级床上四件套ins裸睡被套被罩床单床笠床品学生宿舍三件套,"Bộ chăn ga gối đệm chất lượng cao dành cho trẻ sơ sinh và phụ nữ mang thai, bao gồm vỏ chăn, vỏ gối, ga trải giường và ga bọc, phù hợp cho sinh viên ở ký túc xá; cũng có bán theo bộ ba món.",False,False,,,,,,,False,1.643,vi_qua_dai,0.0,False,False,False,False,,,
1032560825450,home,ins床上纯棉四件套2026新款全棉床单被套被罩学生单人宿舍三件套4,"Bộ chăn ga gối đệm bốn món chất liệu cotton nguyên chất, kiểu dáng hiện đại, bộ sưu tập mới năm 2026, bao gồm ga trải giường, vỏ chăn và vỏ gối, phù hợp cho học sinh, sinh viên, hoặc sử dụng trong phòng đơn, bộ ba món.",False,False,4,,,,,,False,1.808,vi_qua_dai,0.0,False,False,False,False,,,
975566734084,home,A类床品四件套母婴级双层纱床单被套单人学生宿舍三件套3,"Bộ chăn ga gối đệm loại A gồm bốn món, ga trải giường và vỏ chăn gạc hai lớp dành cho bà mẹ và trẻ sơ sinh, bộ ba món dành cho ký túc xá sinh viên đơn 3 món",False,False,,,,,,,False,1.56,vi_qua_dai,0.03,False,False,False,False,,,
1034603564023,home,夏季冰丝床上四件套轻奢高级感主卧室床单床笠被套三件套床上用品,"Bộ chăn ga gối lụa băng mùa hè, phong cách sang trọng tinh tế, cao cấp, dùng cho phòng ngủ chính, bao gồm ga trải giường, ga bọc nệm, vỏ chăn, bộ ba món, đồ dùng trên giường.",False,False,,,,,,,False,1.267,,0.0,False,True,False,False,,,
1081339049674,home,纯棉加厚磨毛四件套100全棉床单被套学生宿舍三件套床笠被罩4件套,"Bộ bốn món cotton nguyên chất dày dặn, ga trải giường và vỏ chăn 100% cotton, bộ ba món cho ký túc xá sinh viên, bộ bốn món ga trải giường và vỏ chăn.",False,False,4,,,,,,False,1.179,,0.0,False,False,False,False,,,
1056244468241,home,2026新款云感双层纱床上用品四件套床单被套学生宿舍三件套夏季,"Bộ chăn ga gối 4 món vải voan hai lớp mềm mại như mây mẫu mới 2026, ga trải giường và vỏ chăn, bộ 3 món cho ký túc xá sinh viên mùa hè.",False,False,,"3, 4",,,,,False,1.148,,0.0,False,False,True,False,,,
1039216232557,home,A类100支长绒棉全棉提花被套被罩2026新款防螨纯棉床单笠四件套,"Bộ 4 món ga trải giường và vỏ chăn jacquard 100% cotton sợi dài loại A, 100 sợi, mẫu mới 2026, chống mạt bụi, ga trải giường cotton nguyên chất.",False,False,,"100, 4",,,,,False,1.04,,0.04,False,True,False,False,,,
1033475685675,home,ins床品四件套纯棉全棉贝壳边新款床单被套床笠宿舍三件套四季款,"Bộ chăn ga gối kiểu dáng hiện đại, chất liệu cotton nguyên chất, có viền trang trí, bao gồm ga trải giường, vỏ chăn và ga bọc, phù hợp cho ký túc xá, bộ ba món, kiểu dáng dùng được cho mọi mùa.",False,False,,,,,,,False,1.536,,0.0,False,False,True,False,,,
958031213273,home,新款轻奢全棉四件套新疆长绒棉纯棉刺绣被套4件套礼盒装床上用品,"Bộ chăn ga gối đệm bốn món, chất liệu 100% cotton cao cấp, kiểu dáng sang trọng, được làm từ sợi bông dài đặc biệt của Tân Cương và thêu họa tiết tinh xảo, được đóng gói trong hộp quà.",False,False,4,100,,,,,False,1.345,,0.05,False,False,False,False,,,
1025640799480,home,A类床上纯棉四件套2025新款全棉床单被套床品学生单人宿舍三件套4,"Bộ chăn ga gối 4 món cotton nguyên chất loại A, mẫu mới 2025, ga trải giường và vỏ chăn 100% cotton, bộ chăn ga gối cho sinh viên ký túc xá, bộ 3 món đơn 4",False,False,,"100, 3, 4",,,,,False,1.185,,0.03,False,False,True,False,,,
1004780076727,home,极简侘寂风丨四件套全棉纯棉被套黑白条纹高级感床上用品被套被单,"Phong cách Wabi-sabi tối giản | Bộ 4 món chăn ga gối 100% cotton nguyên chất, họa tiết sọc đen trắng, mang lại vẻ sang trọng, bao gồm vỏ chăn và ga trải giường.",False,False,,"100, 4",,,,|,False,1.067,,0.06,False,False,False,False,,,
716976329462,home,高端】200支兰精天丝四件套奥地利莱赛尔天丝滑裸睡冰丝床单被套,Cao cấp] 200 bộ bốn mảnh Lanjing Tencel Áo Lycel Tencel Sleeping Sleeping Ice Silk,False,False,,,Sleeping Sleeping Ice Silk,,,],False,0.519,,0.69,True,False,False,False,,,
1075097132210,home,母婴级A类床上四件套纯棉裸睡ins可爱风床单被套贝壳边宿舍三件套,"Bộ chăn ga gối bốn món loại A dành cho trẻ em, chất liệu cotton nguyên chất, thích hợp để ngủ không mặc quần áo, thiết kế dễ thương và hợp thời trang, bao gồm ga trải giường, vỏ chăn và vỏ gối, rất phù hợp cho phòng ký túc xá.",False,False,,,,,,,False,1.821,vi_qua_dai,0.02,False,False,False,False,,,
1003656867567,home,纯色四件套床单被套被罩学生宿舍单人床上用品三件套批发外贸跨境,"Bộ chăn ga gối 4 món màu trơn, ga trải giường, vỏ chăn, vỏ gối, bộ đồ dùng giường ngủ đơn cho ký túc xá sinh viên, bộ 3 món, bán sỉ, hàng xuất khẩu, xuyên biên giới.",False,False,,"3, 4",,,,,False,1.2,,0.0,False,False,True,False,xuyên biên giới,,
872917960962,home,被出嫁大红长绒棉贡缎刺绣床上用品纯棉婚庆四件套新全喜结婚龙凤,Bộ đồ giường thêu satin cotton nhung dài màu đỏ đã kết hôn,False,False,,,,,,,False,0.433,vi_qua_ngan,0.0,False,False,False,False,,,
1063819036804,home,高级感A类床上提花四件套100纯棉全棉2026新款防螨被套床单品笠4,"Bộ chăn ga gối đệm cao cấp, chất liệu vải jacquard loại A, 100% cotton nguyên chất, mẫu mới năm 2026, bao gồm vỏ chăn chống mạt bụi, ga trải giường và vỏ gối.",False,False,4,,,,,,False,1.28,,0.03,False,False,True,False,,,
974368967410,home,a类全棉四件套纯棉被套南通水洗棉床上用品纯色床单被罩三件套4,Bộ bốn món cotton nguyên chất loại A Bộ chăn ga gối đệm cotton nguyên chất Nantong Bộ đồ giường cotton giặt màu trơn ga trải giường Bộ ba món 4,False,False,,,,,,,False,1.071,,0.17,False,False,True,False,,,
617865728580,home,天竺棉四件套日式针织棉条纹被套床单床笠1.51.8米床上用品代发,"Bộ bốn mảnh cotton phong cách Nhật Bản dệt kim cotton sọc chăn Ga Trải Giường Ga Trải Giường 1.51,8 M",False,False,,,,,ga trải giường,,False,0.769,,0.47,False,False,False,False,,,
939315253704,home,A类母婴裸睡100s新疆长绒棉四件套全棉纯棉被套床单床笠床上用品,"Bộ đồ giường dành cho bà mẹ và trẻ sơ sinh loại A để ngủ không mặc quần áo, bộ bốn món bằng cotton dài sợi 100s của Tân Cương, vỏ chăn bằng cotton nguyên chất, ga trải giường, ga trải giường có dây, bộ đồ giường.",False,False,,,,,ga trải giường,,False,1.741,vi_qua_dai,0.07,False,False,False,False,,,
1027768039385,home,2026双层纱四件套ins风床单床笠被罩可机洗四季通用床笠款四件套,"Bộ bốn món gồm ga trải giường, ga bọc và vỏ chăn, chất liệu vải voan hai lớp, kiểu dáng thời trang, có thể giặt máy, phù hợp với mọi mùa, kiểu ga bọc.",False,False,2026,,,,,,False,1.308,,0.0,False,False,False,False,,,
1033403382689,home,2026新款冰丝四件套纯色双拼亲肤舒适床单被罩学生宿舍可用可机洗,"Bộ chăn ga gối lụa băng bốn món mới năm 2026, màu trơn, thiết kế hai tông màu, chất liệu mềm mại, thân thiện với da và tạo cảm giác thoải mái khi sử dụng, phù hợp cho ký túc xá sinh viên, có thể giặt bằng máy.",False,False,,,,,,,False,1.679,vi_qua_dai,0.0,False,False,False,False,,,
1048030668972,home,夏季冰丝床上四件套轻奢高级感主卧室床单床笠被套三件套床上用品,"Bộ chăn ga gối lụa băng mùa hè, phong cách sang trọng tinh tế, cao cấp, dùng cho phòng ngủ chính, bao gồm ga trải giường, ga bọc nệm, vỏ chăn, bộ ba món, đồ dùng trên giường.",False,False,,,,,,,False,1.267,,0.0,False,True,False,False,,,
539388126545,home,真丝四件套25姆米重磅加厚桑蚕丝床上用品轻奢丝绸天丝被套被罩,Bộ bốn mảnh lụa 25 mmi dày dặn dày dặn bộ đồ giường lụa tơ tằm nhẹ sang trọng vỏ chăn TENS lụa,False,False,,,,,dày dặn,,False,0.786,,0.0,False,False,False,False,,,
1064802298880,home,娇滴滴的～100S贡缎提花长绒棉床上四件套纯棉床单床笠轻奢高级感,"Dịu dàng~ Bộ 4 món chăn ga gối cotton sợi dài 100S dệt jacquard satin, ga trải giường và ga bọc nệm 100% cotton, phong cách sang trọng nhẹ nhàng, cao cấp.",False,False,,"100, 4",,,,~,False,1.111,,0.07,False,False,False,False,,,
981636332541,home,纯棉原麻四件套复古碎花纽扣款全棉床单笠被罩三件套a类床上用品,"Bộ bốn món bằng vải cotton và lanh nguyên chất, kiểu dáng nút hoa cổ điển, ga trải giường bằng cotton, vỏ chăn, bộ ba món, bộ đồ giường loại A",False,False,,,,,,,False,1.069,,0.03,False,True,True,False,,,
1081461116253,home,a类单品｜四季款抗起球全棉四件套纯棉床单被套床笠枕套宿舍被罩,"Sản phẩm loại A | Bộ chăn ga gối 4 món 100% cotton chống xù lông, dùng được bốn mùa, bao gồm ga trải giường, vỏ chăn, ga bọc đệm, vỏ gối, phù hợp cho ký túc xá.",False,False,,"100, 4",,,,|,False,1.25,,0.06,False,False,False,False,,,
869651540225,home,纯棉四件套类纯色单件南通全棉三件套床单被罩单人学生被套宿舍4,"Bộ bốn món bằng cotton nguyên chất, một mảnh màu trơn, bộ ba món bằng cotton nguyên chất Nam Thông, ga trải giường, vỏ chăn, vỏ chăn dành cho sinh viên đơn thân, ký túc xá 4",False,False,,,,,vỏ chăn,,False,1.241,,0.06,False,False,False,False,,,
691674022586,home,不锈钢盆方形份数盆带盖方盆沥水份数盘快餐车盒餐盆奶茶店果酱盒,"Chậu inox, chậu vuông, chậu vuông có nắp, đĩa thoát nước, hộp đựng đồ ăn nhanh, hộp đựng đồ ăn, quán trà sữa, hộp mứt",False,False,,,,,chậu vuông,,False,0.833,,0.0,False,False,False,False,,,
893676895864,home,不锈钢钢丝球清洁球【10/20/40/60个装】厨房洗碗刷锅清洁用品,Bóng làm sạch bằng thép không gỉ [10/20/40/60 gói] Đồ dùng làm sạch nồi bàn chải rửa bát nhà bếp,False,False,,,,,,[],False,0.905,,0.06,False,True,False,False,,,
904425111045,home,刀具收纳架刀厨房放刀架家用刀具自由插多功能随意插塑料刀架桶,Giá đựng dao Giá đựng dao nhà bếp Giá đựng dao gia dụng,False,False,,,,,giá đựng dao,,False,0.448,vi_qua_ngan,0.17,False,False,False,False,,,
749304574807,home,手动刨鱼鳞家用刮鱼鳞神器专业打鱼鳞厨房杀鱼去鳞工具带盖刮刀,Dụng cụ cạo vảy cá thủ công dụng cụ cạo vảy cá gia dụng,False,False,,,,,,,False,0.483,vi_qua_ngan,0.0,False,False,False,False,,,
681925176539,home,多功能手持无线电电动清洁刷厨房洗碗刷浴室水池瓷砖电动清洁神器,Bàn chải làm sạch điện vô tuyến cầm tay đa chức năng Bàn chải rửa bát nhà bếp Phòng tắm bồn rửa mặt gạch men dụng cụ làm sạch điện,False,False,,,,,,,False,1.0,,0.07,False,False,True,False,,,
712265367737,home,加厚不锈钢锅铲炒菜铁铲子家用厨房防烫炒菜炒勺漏勺煎铲厨具套装,"Xẻng nấu ăn bằng thép không gỉ dày, xẻng sắt, thìa xào chống bỏng, thìa xào, thìa xào, thìa xào, Bộ đồ dùng nhà bếp",False,False,,,,,thìa xào,,False,0.833,,0.04,False,False,False,False,,,
1045665110573,home,防烫夹取碗夹厨房用防烫手夹子夹盘子蒸菜不锈钢隔热提盘夹碗工具,"Kẹp gắp bát chịu nhiệt, kẹp gắp thức ăn chịu nhiệt dùng trong nhà bếp để gắp đĩa, hấp món ăn, dụng cụ nâng khay cách nhiệt bằng thép không gỉ, dụng cụ gắp bát.",False,False,,,,,,,False,1.167,,0.0,False,False,True,False,,,
745368071768,home,厨房置物架水槽抹布沥水架水龙头水池洗碗洗洁精钢丝球收纳架神器,"Giá để đồ nhà bếp, bồn rửa, giẻ lau, giá để ráo nước, vòi nước, rửa bát, chất tẩy rửa, giá để đồ bóng dây, dụng cụ thần thánh",False,False,,,,,,,False,0.967,,0.0,False,False,True,False,,,
724581923688,home,不粘锅专用锅铲炒菜家用铲子柯木老漆炒勺木勺饭勺木铲厨房用具铲,"Chảo chống dính thìa đặc biệt để nấu ăn, thìa gia dụng, thìa gỗ, thìa gỗ, thìa cơm, thìa gỗ, dụng cụ nhà bếp thìa",False,False,,,,,thìa gỗ,,False,0.833,,0.0,False,False,False,False,,,
904937371265,home,家用防烫五件套9件套木质长柄木铲套装一体搅拌勺家庭厨房厨具,"Bộ dụng cụ chống bỏng gia dụng gồm năm món, bộ chín món, bộ thìa gỗ cán dài, thìa khuấy tích hợp, dụng cụ nhà bếp gia đình",False,False,9,,,,,,False,1.0,,0.0,False,False,False,False,,,
931571374917,home,洗碗海绵厨房用品百洁布家用清洁洗碗布抹布耐用高密度刷碗海绵擦,Miếng bọt biển rửa bát đồ dùng nhà bếp cọ rửa gia dụng khăn lau bát đĩa khăn lau khăn lau bát cọ mật độ cao bền,False,False,,,,,khăn lau,,False,0.9,,0.0,False,False,False,False,,,
983257056747,home,【淳造】厨房铲刀便捷小铲刀清洁神器多功能清理小工具去污除胶,[Chunzao] Dụng cụ làm sạch thìa nhỏ tiện lợi Dụng cụ làm sạch đa chức năng để khử nhiễm và loại bỏ keo.,False,False,,,,,,[],False,0.852,,0.09,False,False,False,False,,,
906107317844,home,厨房置物架多层收纳架家用碳钢杂物间整理架储物架落地一体货架子,"Giá để đồ nhà bếp, giá để đồ nhiều tầng, giá để đồ gia dụng bằng thép cacbon, giá để đồ, giá để đồ, giá để đồ, giá để đồ",False,False,,,,,giá để đồ,,False,1.0,,0.0,False,False,False,False,,,
810238561682,home,洗菜盆双层沥水篮厨房用品客厅茶几家用水果果盘篮子盆子淘菜盆篮,Chậu rửa rau Giỏ thoát nước hai lớp Đồ dùng nhà bếp Bàn trà phòng khách Giỏ Đĩa trái cây gia dụng Giỏ chậu rửa rau,False,False,,,,,,,False,0.867,,0.24,False,False,True,False,,,
1046729193994,home,防烫夹取碗夹厨房用防烫手夹子夹盘子蒸菜不锈钢隔热提盘夹碗工具,"Kẹp gắp bát đĩa chống nóng dùng trong nhà bếp, kẹp tay cách nhiệt bằng thép không gỉ, dụng cụ gắp đĩa, bát khi hấp/nấu.",False,False,,,,,,,False,0.867,,0.0,False,False,True,False,,,
923752167610,home,菜刀菜板刀具不锈钢厨具加厚套装家用刀锋利切片刀切菜板宿舍厨房,"Dao làm bếp, dao thớt, đồ dùng nhà bếp bằng thép không gỉ, bộ dày, dao gia dụng, dao cắt, dao cắt, thớt, bếp ký túc xá",False,False,,,,,dao cắt,,False,0.9,,0.0,False,False,False,False,,,
745692707178,home,不锈钢刀具套装厨房全套菜刀菜板硅胶厨具家用刀具全套刀代发批发,Bộ dao inox nhà bếp trọn bộ dao làm bếp thớt silicon dụng cụ nhà bếp trọn bộ dao thay mặt bán buôn,False,False,,,,一件代发->nhận dropship / bỏ,,,False,0.767,,0.0,False,False,False,False,bán buôn,,
1015430366899,home,【食品级】不锈钢清洁球钢丝球厨房用品洗碗锅锈刷子批发家用大号,"[Chất liệu an toàn cho thực phẩm] Bóng cọ rửa bằng thép không gỉ, sợi thép, đồ dùng nhà bếp, dùng để rửa bát đĩa, làm sạch nồi, bàn chải loại bỏ rỉ sét, bán buôn, kích thước lớn, dùng cho gia đình.",False,False,,,,,,[],False,1.536,,0.02,False,False,False,False,bán buôn,,
1042336796719,home,厨房置物架水槽抹布沥水架水龙头水池洗碗洗洁精钢丝球收纳架神器,"Giá để đồ nhà bếp, giá phơi khăn rửa chén bát, giá đựng nước rửa chén và chất tẩy rửa gắn vòi rửa, giá đựng bông thép, một dụng cụ tiện dụng.",False,False,,,,,,,False,1.067,,0.0,False,False,True,False,,,
776991730644,home,加厚刀架免打孔厨房置物架厨房用品多功能壁挂式筷子筒菜刀具收纳,"Giá dao dày, giá để bếp không đục lỗ, đồ dùng nhà bếp, ống đũa treo tường đa chức năng, đựng dao đựng đồ ăn",False,False,,,,,,,False,0.833,,0.0,False,True,False,False,,,
894802148906,home,不锈钢钢丝球清洁球【10/20/40/60个装】厨房洗碗刷锅清洁用品,Bóng làm sạch bằng thép không gỉ [10/20/40/60 gói] Đồ dùng làm sạch nồi bàn chải rửa bát nhà bếp,False,False,,,,,,[],False,0.905,,0.06,False,True,False,False,,,
1062034125340,home,【海藻绵百洁布】升级洗碗布天然海藻海绵双面清洁纯棉厨房百洁布,"【Khăn lau đa năng bọt biển tảo biển】Khăn rửa chén nâng cấp, bọt biển tảo biển tự nhiên, làm sạch hai mặt, khăn lau nhà bếp cotton nguyên chất",False,False,,,,,,【】,False,1.071,,0.03,False,False,False,False,,,
832688692275,home,滤网油壶316不锈钢安士壶家用防漏油壶倒油瓶调味瓶罐厨房装油罐,Ấm dầu lưới lọc Ấm dầu thép không gỉ 316 Ấm dầu chống rò rỉ gia dụng Bình dầu đổ lọ gia vị lọ đựng dầu nhà bếp,False,False,,,,,,,False,0.964,,0.12,False,True,False,False,,,
1004992508614,home,316不锈钢菜板加厚抗菌防霉双面304家用厨房切水果砧板大擀面案板,"Thớt inox 316 dày dặn, kháng khuẩn, chống mốc, hai mặt, dùng trong bếp gia đình, thớt thái trái cây, thớt cán bột lớn",False,False,304,,,,,,False,0.852,,0.0,False,False,True,False,,,
1049747462726,home,彩虹疏油抹布洗碗布不易沾油家用清洗吸水懒人抹布厨房专用擦桌布,"Khăn lau bếp chống dầu mỡ, có họa tiết cầu vồng, dễ dàng làm sạch, thấm hút tốt và rất phù hợp để sử dụng trong gia đình. Chúng lý tưởng để lau bàn và được thiết kế để dễ dàng vệ sinh, vì vậy là lựa chọn tuyệt vời cho những gia đình bận rộn.",False,False,,,,,,,False,1.867,vi_qua_dai,0.02,False,False,False,False,,,
839404088478,home,【升级加厚】厨房置物架调料架刀架筷子筒台面免打孔收纳架调味品,"[Nâng cấp dày] Giá để đồ nhà bếp, giá để đồ gia vị, giá để dao, ống đũa, mặt bàn, giá để đồ không cần đục lỗ, gia vị",False,False,,,,,,[],False,1.036,,0.04,False,False,False,False,,,
844217741327,home,316不锈钢菜板加厚抗菌防霉双面304家用厨房切水果砧板大擀面案板,"Thớt inox 316, dày dặn, kháng khuẩn, chống mốc, hai mặt, thớt cắt hoa quả gia dụng 304, thớt cán bột lớn.",False,False,,,,,,,False,0.741,,0.0,False,False,True,False,,,
878203261107,mother_baby,包手包脚连体衣婴儿纯棉蝴蝶衣新生儿衣服初生宝宝和尚服哈衣爬服,"Túi xách, túi xách, chân, một mảnh, quần áo bướm cotton cho bé, quần áo sơ sinh, quần áo hòa thượng cho bé sơ sinh, quần áo romper",False,False,,,,,túi xách,,False,0.933,,0.0,False,False,False,False,,,
886948237439,mother_baby,新款童装夏季儿童套装休闲宽松衣服男童短袖华夫格宝宝夏季批发,Quần áo trẻ em mới mùa hè bộ quần áo trẻ em giản dị quần áo rộng rãi bé trai tay ngắn bé gái mùa hè bán buôn,False,False,,,,,,,False,0.966,,0.0,False,True,False,False,bán buôn,,
1063902795742,mother_baby,【婴儿高腰套装】a类纯棉春秋新生儿衣服男女宝宝长袖纯棉套装,"【Bộ đồ cạp cao cho bé】Bộ đồ cotton nguyên chất loại A, dài tay, cho bé sơ sinh nam nữ, mặc xuân thu",False,False,,,,,,【】,False,0.923,,0.09,False,False,False,False,,,
725413095182,mother_baby,新款男女宝宝秋装卫衣套装婴儿童装洋气春秋季长袖两件套厂家批发,Phong cách mới nam và nữ áo len mùa thu cho bé phù hợp với quần áo trẻ em trẻ em mùa xuân và mùa thu dài tay hai mảnh phong cách phương Tây nhà máy bán buôn,False,False,,,,,trẻ em,,False,1.267,,0.03,False,False,False,False,"bán buôn, nhà máy|nhà sản xuất",,
679374125277,mother_baby,新款儿童彩棉秋衣秋裤套装春秋儿童秋款男童女宝宝开衫内衣套装,Bộ quần áo mùa thu cotton màu trẻ em mẫu mới Bộ quần áo mùa thu Bộ đồ lót Cardigan bé trai bé gái mẫu thu trẻ em Xuân Thu,False,False,,,,,,,False,1.034,,0.17,False,True,False,False,,,
1072509767307,mother_baby,宝宝内衣套装春秋纯棉儿童秋衣秋裤男女童A类分体睡衣保暖家居服,"Bộ đồ lót trẻ em cotton nguyên chất mùa xuân thu, áo thu quần thu cho bé trai bé gái, đồ ngủ rời loại A, đồ mặc nhà giữ ấm.",False,False,,,,,,,False,1.034,,0.03,False,True,False,False,,,
1016097232605,mother_baby,7A婴儿长袖哈衣纯棉A类衣服可爱舒适连体衣四季男女宝宝休闲爬服,"Bộ liền thân dài tay cho bé, chất liệu cotton nguyên chất, chất lượng hạng A, dễ thương và thoải mái, phù hợp với mọi mùa, unisex, bộ đồ bò thoải mái cho bé.",False,False,7,,,,,,False,1.214,,0.03,False,False,False,False,,,
669064850479,mother_baby,女童打底裤春季薄款儿童长裤外穿1-2-3岁4婴儿春秋女宝宝女孩裤子,Quần legging bé gái quần dài trẻ em mẫu mỏng mùa xuân quần bé gái bé gái mùa xuân và mùa thu cho bé gái 1-2-3 tuổi mặc ngoài,False,False,4,,,,bé gái,,False,1.037,,0.0,False,False,False,False,,,
1019361300619,mother_baby,【2026春季】新款童装婴幼儿A类亲肤长裤可爱风女宝宝纯棉打底裤,"【Mùa xuân 2026】Bộ sưu tập quần áo trẻ em mới, quần dài chất liệu mềm mại, thân thiện với làn da, dành cho trẻ sơ sinh, kiểu dáng dễ thương, quần legging cotton nguyên chất cho bé gái.",False,False,,,,,,【】,False,1.52,,0.03,False,False,False,False,,,
1005231713539,mother_baby,咔咔熊猫男童梭织长裤儿童秋装女童秋季休闲裤子婴儿宝宝春秋童裤,"Quần dài dệt thoi bé trai Kaka Panda, quần dài thường ngày mùa thu cho bé gái, quần trẻ em xuân thu cho bé sơ sinh",False,False,,,,,,,False,0.867,,0.08,False,False,True,False,,,
1000527799109,mother_baby,儿童短袖套装纯棉男童T恤宝宝夏季童装女童短裤婴儿衣服夏装批发,Bộ đồ ngắn tay trẻ em nguyên chất cotton bé trai Áo thun bé mùa hè quần áo trẻ em quần short bé gái quần áo trẻ em quần áo mùa hè bán buôn,False,False,,,,,,,False,1.172,,0.03,False,False,True,False,bán buôn,,
816129782356,mother_baby,婴儿包屁衣长袖春秋新生儿婴儿儿衣服初生宝宝三角哈衣睡衣爬爬服,Quần áo trẻ sơ sinh dài tay mùa xuân và mùa thu quần áo trẻ sơ sinh trẻ sơ sinh quần áo trẻ sơ sinh tam giác đồ ngủ quần áo leo núi,False,False,,,,,trẻ sơ sinh,,False,1.1,,0.0,False,False,True,False,,,
637792742136,mother_baby,儿童内衣套装纯棉睡衣女童宝宝秋衣秋裤全棉男童家居服童装批发,"Bộ đồ lót trẻ em, đồ ngủ cotton tinh khiết, quần áo mùa thu bé gái, quần mùa thu, quần áo mặc nhà bé trai cotton, Bán Buôn Quần áo trẻ em",False,False,,,,,,,False,1.103,,0.1,False,True,False,False,bán buôn,,
952514306785,mother_baby,婴幼儿长袖连体哈衣男女宝宝春秋装新生儿衣服纯棉卡通爬服外出服,"Bộ quần áo liền thân dài tay cho bé trai và bé gái, thích hợp mặc vào mùa xuân và mùa thu, chất liệu cotton mềm mại, họa tiết hoạt hình, dùng để mặc ở ngoài trời.",False,False,,,,,,,False,1.233,,0.0,False,True,False,False,,,
976434924537,mother_baby,童装春秋儿童内衣套装纯棉秋衣男童女宝宝秋衣秋裤睡衣家居服批发,Quần áo trẻ em xuân thu Bộ đồ lót trẻ em nguyên chất cotton quần áo mùa thu bé trai và bé gái quần áo mùa thu quần áo mùa thu quần áo ngủ quần áo mặc ở nhà bán buôn,False,False,,,,,,,False,1.367,,0.02,False,False,True,False,bán buôn,,
832457902131,mother_baby,儿童内衣纯棉套装春季新款男童秋衣秋裤宝宝睡衣女童家居服童装,Bộ đồ lót trẻ em 100% cotton quần áo mùa thu bé trai mẫu mới mùa xuân quần mùa thu đồ ngủ trẻ em bé gái đồ mặc nhà quần áo trẻ em,False,False,,100,,,,,False,1.103,,0.0,False,True,False,False,,,
1068845922149,mother_baby,婴儿连体衣春秋款男女宝宝衣服舒绒a类外出服纯棉哈衣爬爬服,"Bộ đồ liền thân cho bé, kiểu dáng phù hợp cho mùa xuân và mùa thu, dành cho cả bé trai và bé gái, chất liệu mềm mại và thoải mái, chất lượng loại A, thích hợp để mặc ngoài trời, được làm từ vải cotton nguyên chất, rất lý tưởng cho bé tập bò.",False,False,,,,,,,False,2.037,vi_qua_dai,0.02,False,False,False,False,,,
795384651030,mother_baby,儿童短袖套装纯棉男童T恤宝宝夏季童装女童短裤婴儿衣服夏装批发,Bộ đồ ngắn tay trẻ em 100% cotton bé trai áo phông trẻ em mùa hè quần áo trẻ em bé gái quần short quần áo trẻ em quần áo mùa hè bán buôn,False,False,,100,,,,,False,1.138,,0.0,False,True,True,False,bán buôn,,
907903201274,mother_baby,女童纯棉背带裤春秋季1-2一3岁婴儿洋气连体裤子长裤宝宝裤子春款,Quần yếm cotton cho bé gái quần dài một mảnh kiểu tây cho bé 1-3 tuổi mùa xuân thu,False,False,2,,,,,,False,0.643,,0.0,False,False,False,False,,,
760765559880,mother_baby,儿童内衣套装纯棉男童秋衣秋裤宝宝衣服保暖女童家居服秋装童装,"Bộ đồ thân thiết cho trẻ em, cotton nguyên chất, quần áo mùa thu cho bé trai, quần dài, quần áo trẻ em, quần áo ấm áp ở nhà cho bé gái, quần áo mùa thu, quần áo trẻ em",False,False,,,,,,,False,1.379,,0.0,False,True,False,False,,,
817868644315,mother_baby,秋季上新婴儿连体衣服洋气百搭婴幼儿Polo长袖哈衣薄款宝宝秋季,Áo liền thân cho bé mới mùa thu áo liền thân dài tay cho bé Polo kiểu tây dễ phối đồ cho bé mùa thu,False,False,,,,,,,False,0.926,,0.04,False,True,False,False,,,
771723890915,mother_baby,儿童短袖套装纯棉男童T恤宝宝夏季童装女童短裤婴儿衣服夏装批发,Bộ đồ ngắn tay trẻ em 100% cotton bé trai áo phông trẻ em mùa hè quần áo trẻ em bé gái quần short quần áo trẻ em quần áo mùa hè bán buôn,False,False,,100,,,,,False,1.138,,0.0,False,True,True,False,bán buôn,,
762961014171,mother_baby,婴儿衣服连体连衣裙宝宝碎花边蝴蝶结三角哈衣短袖120克棉连体衣,Quần áo trẻ em váy liền thân cho bé ren hoa nơ tam giác áo liền quần ngắn tay 120g cotton trang phục một mảnh,False,False,,,,,,,False,0.893,,0.0,False,False,True,False,,,
1074989063633,mother_baby,【柠里】省心穿搭！女童套装秋装女宝宝公主卫衣上衣阔腿裤休闲潮,"【Ninh Lý】Phối đồ dễ thương! Bộ đồ thu cho bé gái, áo hoodie công chúa và quần ống rộng, phong cách casual sành điệu.",False,False,,,,,,【】,False,0.926,,0.12,False,False,False,False,,,
1011517644515,mother_baby,春秋款新生婴儿衣服纯棉无骨四季款宝宝衣服连体衣包屁衣婴儿a类,"Bộ sưu tập quần áo cho trẻ sơ sinh, dành cho mùa xuân và mùa thu, được làm từ chất liệu cotton nguyên chất, thiết kế liền mạch, phù hợp với mọi mùa, bao gồm áo liền quần và quần yếm, chất lượng loại A.",False,False,,,,,,,False,1.552,vi_qua_dai,0.02,False,False,False,False,,,
1064312876685,mother_baby,婴幼儿连体衣长袖a类婴儿春秋洋气爬服外出哈衣满月宝宝早秋衣服,"Bộ đồ liền thân dài tay cho trẻ sơ sinh và trẻ nhỏ, bộ đồ mặc mùa xuân và mùa thu kiểu dáng thời trang, phù hợp để mặc khi bé tập bò, thích hợp cho các buổi đi chơi, đặc biệt là cho bé mới được một tháng tuổi, là lựa chọn hoàn hảo cho trang phục mùa thu sớm.",False,False,,,,,,,False,2.103,vi_qua_dai,0.0,False,False,False,False,,,
1073070677077,mother_baby,【柠里】童装女童宝宝儿童秋装韩系兔子警官卫衣休闲裤运动裤套装,"【Ningli】Bộ đồ thu cho bé gái, trẻ em, phong cách Hàn Quốc, áo nỉ cảnh sát thỏ và quần dài thể thao",False,False,,,,,,【】,False,0.821,,0.14,False,False,False,False,,,
880329708229,mother_baby,新生儿衣服初生儿春秋蝴蝶衣和尚服纯棉无骨宝宝婴儿连体衣哈衣服,Quần áo sơ sinh áo bướm mùa xuân và mùa thu cho trẻ sơ sinh,False,False,,,,,,,False,0.5,vi_qua_ngan,0.0,False,False,False,True,,,
736554848761,mother_baby,儿童纯棉无骨四季简约套装婴幼儿衣服分体二件套男女宝宝秋衣秋裤,Bộ đồ đơn giản bốn mùa không xương 100% cotton cho trẻ em,False,False,,100,,,,,False,0.4,vi_qua_ngan,0.0,False,False,False,False,,,
899999003534,mother_baby,春秋新款连体衣哈衣宝宝爬服新生儿婴幼儿衣服加绒婴儿连体包屁衣,Áo liền thân mẫu mới xuân thu áo liền thân áo liền thân cho trẻ sơ sinh quần áo trẻ sơ sinh lót nhung áo liền thân cho trẻ sơ sinh,False,False,,,,,áo liền thân,,False,1.033,,0.0,False,False,False,False,,,
874336268690,mother_baby,跨境批发婴儿素色哈衣 新生儿衣服0-1岁纯色连体衣男女宝宝短爬夏,Bán buôn xuyên biên giới quần áo trẻ em màu trơn cho trẻ sơ sinh Áo liền quần màu trơn cho bé trai và bé gái Mùa hè,False,False,"0, 1",,,,,,False,1.0,,0.07,False,False,False,False,"bán buôn, xuyên biên giới",,
869170794282,mother_baby,婴儿连体衣春秋哈衣新生儿衣服纯棉四季款和尚服初生满月宝宝哈衣,Áo liền thân cho bé mùa xuân và mùa thu áo liền thân cho bé sơ sinh 100% cotton bốn mùa áo liền thân cho bé sơ sinh trăng tròn,False,False,,100,,,,,False,0.967,,0.0,False,True,False,False,,,
1017235529755,mother_baby,【双层】源头工厂婴儿连体衣春秋新生儿哈衣爬服洋气可爱女宝宝衣,"【Hai lớp】Áo liền thân cho bé sơ sinh từ nhà máy gốc, bộ body/áo liền quần mùa xuân thu, phong cách đáng yêu cho bé gái",False,False,,,,,,【】,False,1.0,,0.04,False,False,False,False,nhà máy|nhà sản xuất,,
945596351671,mother_baby,婴儿连体衣春秋季新生幼儿贴身纯棉春装男女睡衣哈衣打底宝宝衣服,Áo liền thân cho bé sơ sinh mùa xuân thu trẻ sơ sinh trẻ sơ sinh trẻ sơ sinh áo ngủ nam nữ quần áo mùa xuân áo liền quần áo trẻ em,False,False,,,,,trẻ sơ sinh,,False,1.1,,0.0,False,False,False,False,,,
937550694618,mother_baby,INS婴儿连体衣秋季长袖韩版儿童条纹新款宝宝外穿新生儿爬服衣服,INS áo liền quần cho bé mùa thu dài tay phong cách Hàn Quốc trẻ em sọc mới cho bé mặc ngoài quần áo liền quần sơ sinh,False,False,,,,,,,False,1.0,,0.08,False,False,True,False,,,
1068159797640,mother_baby,宝宝秋衣秋裤纯棉a类高腰护肚无骨分体贴身打底睡婴幼儿内衣套装,"Bộ đồ lót thu đông cho bé, chất liệu cotton nguyên chất loại A, cạp cao bảo vệ bụng, đường may không đường may nổi, ôm sát cơ thể, dùng làm đồ lót mặc trong hoặc đồ ngủ cho trẻ sơ sinh và trẻ nhỏ.",False,False,,,,,,,False,1.552,vi_qua_dai,0.02,False,False,False,False,,,
859573186415,mother_baby,秋季超洋气休闲婴幼儿条纹长袖包屁衣秋装宝宝入秋衣服婴儿连体衣,Áo khoác dài tay sọc cho bé mặc mùa thu siêu tây,False,False,,,,,,,False,0.4,vi_qua_ngan,0.0,False,False,False,False,,,
971583037562,mother_baby,儿童睡衣宝宝秋衣裤卡通家居服中小童韩版长袖长裤男女童圆领套装,"Đồ ngủ trẻ em, quần áo mùa thu cho bé, quần áo mặc ở nhà hoạt hình, quần dài tay phong cách Hàn Quốc cho trẻ nhỏ và vừa, bộ đồ cổ tròn cho bé trai và bé gái",False,False,,,,,,,False,1.3,,0.05,False,False,True,False,,,
875961695596,mother_baby,宝宝高腰套装春秋纯棉男睡衣女a类打底秋衣秋裤婴儿内衣套装保暖,Bộ đồ ngủ nam 100% cotton mùa xuân và mùa thu cho bé bộ đồ ngủ nữ áo thu quần thu quần thu quần lót trẻ em giữ ấm,False,False,,100,,,thu quần,,False,0.966,,0.0,False,True,False,False,,,
808404498753,mother_baby,新生婴儿儿蝴蝶衣服春秋四季纯棉无骨和尚服0-3月6初生女宝宝哈衣,Quần áo hình bướm cho bé sơ sinh mùa xuân và mùa thu bốn mùa cotton nguyên chất không xương,False,False,"0, 3, 6",,,,,,False,0.714,,0.0,False,False,False,False,,,
967308461162,mother_baby,【棉氨提花】春秋季长袖连体衣a类无骨哈衣秋季连体衣婴儿a类,【Cotton Spandex Jacquard】Bộ áo liền quần dài tay mùa xuân và mùa thu Class A Bộ áo liền quần liền mạch mùa thu Bộ áo liền quần mùa thu cho bé Class A,False,False,,,,,,【】,False,1.36,,0.27,False,False,False,False,,,
880916990165,mother_baby,【舒绒棉】婴儿连体衣春秋舒绒无骨哈衣新生儿a类长袖爬服蝴蝶衣,[Shu nhung cotton] Áo liền thân cho bé mùa xuân và mùa thu áo liền thân không xương thoải mái cho bé sơ sinh A áo dài tay áo choàng bướm,False,False,,,,,,[],False,1.148,,0.07,False,False,False,False,,,
1013348832055,mother_baby,秋季新款女童宝宝套装衬衫长裤韩系童装婴幼儿A类亲肤舒适两件套,"Bộ đồ mùa thu mới cho bé gái: áo và quần, kiểu dáng thời trang Hàn Quốc, bộ đồ hai món chất liệu mềm mại, thân thiện với làn da và tạo cảm giác thoải mái cho trẻ sơ sinh, đạt tiêu chuẩn chất lượng loại A.",False,False,,,,,,,False,1.621,vi_qua_dai,0.07,False,False,False,False,,,
1070264893159,mother_baby,宝宝彩棉秋衣秋裤套装A类纯棉婴幼儿无染棉儿童居家打底内衣睡衣,"Bộ đồ thu đông cotton màu cho bé, loại A, 100% cotton nguyên chất, không thuốc nhuộm, dành cho trẻ sơ sinh và trẻ nhỏ, đồ mặc nhà, đồ lót, đồ ngủ.",False,False,,100,,,,,False,1.069,,0.03,False,True,False,False,,,
796070048333,mother_baby,儿童内衣套装纯棉男童秋衣秋裤宝宝衣服保暖女童家居服秋装童装,"Bộ đồ thân thiết cho trẻ em, cotton nguyên chất, quần áo mùa thu cho bé trai, quần dài, quần áo trẻ em, quần áo ấm áp ở nhà cho bé gái, quần áo mùa thu, quần áo trẻ em",False,False,,,,,,,False,1.379,,0.0,False,True,False,False,,,
1073494950592,mother_baby,【春秋款裤子】福利款集合宝宝大屁屁裤婴童pp裤束脚长裤儿童卫裤,"【Quần kiểu xuân thu】Bộ sưu tập quần lót mông cho bé, quần dài bo gấu, quần nỉ trẻ em",False,False,,,,,,【】,False,0.741,,0.05,False,False,False,False,,,
1005412430882,mother_baby,婴儿秋衣套装纯棉a类偏襟分体打底衣男女宝宝春秋贴身对开家居服,"Bộ quần áo mùa thu cho bé, chất liệu cotton nguyên chất, chất lượng loại A, kiểu dáng xẻ tà, phù hợp cho cả bé trai và bé gái, dùng cho mùa xuân và mùa thu, ôm sát cơ thể, được thiết kế để mặc thoải mái tại nhà.",False,False,,,,,,,False,1.69,vi_qua_dai,0.02,False,False,False,False,,,
875799614600,mother_baby,新生儿衣服初生儿春秋蝴蝶衣和尚服纯棉无骨宝宝婴儿连体衣哈衣,Quần áo sơ sinh áo bướm mùa xuân và mùa thu cho trẻ sơ sinh,False,False,,,,,,,False,0.517,vi_qua_ngan,0.0,False,False,False,True,,,
1072640231466,mother_baby,婴儿衣服春秋纯棉婴幼儿分体睡衣高腰护肚小月龄宝宝秋衣秋裤套装,"Quần áo cho bé, bộ sưu tập mùa xuân và mùa thu, chất liệu cotton 100%, bộ đồ ngủ rời cho trẻ sơ sinh và trẻ nhỏ, thiết kế cạp cao để bảo vệ bụng, phù hợp cho bé trong vài tháng đầu đời, bộ đồ mặc mùa thu.",False,False,,100,,,,,False,1.6,vi_qua_dai,0.0,False,False,False,False,,,
1068993254213,mother_baby,雪花棉婴儿套装高腰护肚秋衣秋裤A类儿童打底衣分体套家居睡衣,"Bộ đồ cotton họa tiết bông tuyết cho bé, áo và quần thu đông cạp cao bảo vệ bụng, lớp lót cơ bản cho trẻ em loại A, bộ đồ ngủ mặc nhà hai mảnh.",False,False,,,,,,,False,1.25,,0.03,False,False,True,False,,,
834668312217,mother_baby,【甜小司】女童早秋新款爱心吊带马甲抹茶绿色花边裤宝宝春洋气潮,"[Sweet Little Chef] Áo yếm có họa tiết trái tim mới đầu thu dành cho bé gái màu xanh matcha với quần viền ren, hợp thời trang và sành điệu cho bé vào mùa xuân.",False,False,,,,,,[],False,1.25,,0.09,False,False,False,False,,,
832851652578,mother_baby,儿童内衣纯棉套装春季新款男童秋衣秋裤宝宝睡衣女童家居服童装,Bộ đồ lót trẻ em 100% cotton quần áo mùa thu bé trai mẫu mới mùa xuân quần mùa thu đồ ngủ trẻ em bé gái đồ mặc nhà quần áo trẻ em,False,False,,100,,,,,False,1.103,,0.0,False,True,False,False,,,
831431823841,mother_baby,【运动裤清仓】婴儿裤子儿童秋装男童休闲裤女童宝宝春秋长裤童装,【Quần thể thao giảm giá】Quần trẻ em Quần áo mùa thu cho bé trai Quần thường ngày cho bé gái Quần dài xuân thu cho bé Quần áo trẻ em,False,False,,,,,,【】,False,1.107,,0.17,False,False,False,False,,,
1071417458498,mother_baby,【柠里】原创！韩系女宝宝秋季新品镂空毛衣显白橘黄色开衫外套潮,"【Ningli】Hàng chính hãng! Bộ sưu tập thu đông mới theo phong cách Hàn Quốc dành cho bé gái: một chiếc áo len dệt kim kiểu dáng thời trang, màu cam tươi sáng, giúp làn da trông trắng sáng hơn.",False,False,,,,,,【】,False,1.481,,0.1,False,False,False,False,,,
887996727990,mother_baby,【舒绒棉】新生儿ins风新生儿哈衣春秋款保暖爬服无骨a类宝宝连体,"【Chất liệu cotton mềm mại】Bộ áo liền quần kiểu INS dành cho trẻ sơ sinh, bộ đồ bò ấm áp mùa xuân thu, bộ áo liền quần liền mạch loại A dành cho bé.",False,False,,,,,,【】,False,1.346,,0.06,False,False,False,False,,,
1020085310107,mother_baby,小叮当[北欧经典·classic]婴儿连帽拉链连体衣a类棉外穿春秋爬服,"Tiểu Đinh Đang [Cổ điển Bắc Âu] Áo liền quần có mũ khóa kéo cho bé, cotton loại A, mặc ngoài, đồ liền thân xuân thu",False,False,,,,,,[],False,1.083,,0.28,False,False,False,False,,,
1070636488650,mother_baby,新生婴儿连体衣无骨哈衣春秋纯棉初生和尚服爬服男女宝宝春秋衣服,"Bộ đồ liền thân cho trẻ sơ sinh, kiểu dáng liền mạch, chất liệu cotton nguyên chất, phù hợp cho mùa xuân và mùa thu, bộ đồ tập bò kiểu dáng đơn giản, quần áo trẻ em trung tính, phù hợp cho cả bé trai và bé gái, dùng cho mùa xuân và mùa thu.",False,False,,,,,,,False,1.833,vi_qua_dai,0.0,False,False,True,False,,,
825120847983,mother_baby,婴儿套装春秋季高腰纯棉A类男女宝宝分体长袖长裤新生儿内衣套装,Bộ đồ trẻ em Bộ đồ lót sơ sinh quần dài tay dài tay rời cho bé nam nữ loại A 100% cotton cạp cao xuân thu,False,False,,100,,,dài tay,,False,0.897,,0.08,False,False,False,False,,,
1080669429087,mother_baby,儿童秋季新款套装女宝宝可爱花边长袖上衣韩版波点长裤两件套甜美,"Bộ đồ thu mới cho bé gái, áo dài tay viền ren dễ thương, quần dài chấm bi phong cách Hàn Quốc, set 2 món ngọt ngào.",False,False,,2,,,,,False,0.867,,0.08,False,True,False,False,,,
727270138252,mother_baby,婴儿纯棉无骨偏襟连体衣男女宝宝系带哈衣爬服新生儿护肚全棉衣服,Áo liền thân áo liền thân một phần không xương 100% cotton cho bé nam nữ áo liền thân có dây buộc cho bé sơ sinh quần áo cotton bảo vệ bụng cho bé sơ sinh,False,False,,100,,,áo liền thân,,False,1.167,,0.0,False,False,False,False,,,
965454709865,mother_baby,DUUDUU秋装2025新款韩式风宝宝长袖上衣婴儿裤子儿童衣服女童套装,DUUDUU Quần Áo Thu Đông 2025 Mới Phong Cách Hàn Quốc Cho Bé Áo Dài Tay Quần Trẻ Em Quần Áo Bé Gái Phù Hợp Với,False,False,,,,,,,True,1.0,,1.0,True,False,False,False,,,
1005616587482,mother_baby,咔咔熊猫男童梭织长裤儿童秋装女童秋季休闲裤子婴儿宝宝春秋童裤,"Quần dài dệt cho bé trai Kaka Panda, quần thu đông cho trẻ em, quần thu đông thường ngày cho bé gái, quần xuân thu cho bé.",False,False,,,,,,,False,0.9,,0.08,False,False,True,False,,,
883917194883,mother_baby,INS韩版婴幼儿保暖哈衣a类纯棉春秋款爬服婴幼儿无骨女宝宝蝴蝶衣,"INS phiên bản Hàn Quốc của quần áo giữ ấm cho trẻ sơ sinh và trẻ nhỏ, quần áo mùa xuân và mùa thu cotton nguyên chất, quần áo leo núi cho trẻ sơ sinh và trẻ nhỏ, quần áo bướm cho bé gái không xương",False,False,,,,,,,False,1.643,vi_qua_dai,0.05,False,False,False,False,,,
995728870139,mother_baby,春新款婴幼儿童装三角爬服男女宝宝包屁衣哈衣连体服韩版卡通ins,"Quần áo bé sơ sinh và trẻ nhỏ mùa xuân, bộ đồ bò tam giác cho bé trai và bé gái, khăn quấn và bộ liền thân phong cách Hàn Quốc hoạt hình ins",False,False,,,,,,,False,1.214,,0.06,False,False,True,False,,,
664742779503,mother_baby,儿童背心套装夏季纯棉新款女童短裤衣服宝宝韩版男童无袖套装童装,Áo vest trẻ em phù hợp với mùa hè cotton nguyên chất mới quần short bé gái quần áo bé trai phong cách Hàn Quốc không tay phù hợp với quần áo trẻ em,False,False,,,,,,,False,1.133,,0.06,False,False,True,False,,,
952066087605,mother_baby,婴幼儿长袖连体哈衣男女宝宝春秋装新生儿衣服纯棉卡通爬服外出服,"Bộ quần áo liền thân dài tay cho bé trai và bé gái, thích hợp mặc vào mùa xuân và mùa thu, chất liệu cotton mềm mại, họa tiết hoạt hình, dùng để mặc ở ngoài trời.",False,False,,,,,,,False,1.233,,0.0,False,True,False,False,,,
724458477199,mother_baby,男童婴儿夏季短袖包屁衣男女宝宝三角爬服夏装初生时尚卡通哈衣服,Áo khoác mông ngắn tay mùa hè cho bé trai và bé trai,False,False,,,,,,,False,0.433,vi_qua_ngan,0.0,False,False,False,False,,,
598625892735,mother_baby,跨境婴儿服装2025新款女宝宝卡通生日款短袖款哈衣纯色四层裙套装,Quần áo xuyên biên giới cho bé 2025 mới bé gái hoạt hình sinh nhật phong cách ngắn tay hậu cung màu trơn váy 4 lớp phù hợp với,False,False,,4,,,,,True,0.964,,0.0,False,False,False,False,xuyên biên giới,,
666791479448,mother_baby,婴儿内衣0~4岁宝宝睡衣纯棉保暖高腰护肚男童女童秋衣秋裤套装,Đồ lót trẻ em 0 ~ Đồ ngủ bé 4 tuổi 100% cotton giữ ấm cạp cao Bảo vệ bụng bé trai bé gái áo thu quần mùa thu,False,False,,100,,,,~,False,0.926,,0.08,False,False,False,False,,,
672190810391,mother_baby,newborn baby 5 pack bodysuit 5 in 1 creeper onesie 三角爬服,"Bộ bodysuit sơ sinh 5 món, bộ liền thân 5 trong 1, bộ liền thân tam giác",False,False,,,,,,,False,3.5,vi_qua_dai,0.0,False,False,False,False,,,
1020384231032,mother_baby,小叮当[莫代尔·棉]春秋季宝宝长袖婴儿衣服打底A类新生儿连体衣,"Tiểu Đinh Đang [Modal·Cotton] Áo liền quần dài tay cho bé sơ sinh mùa xuân thu, chất liệu cotton Modal, loại A, dùng làm áo lót.",False,False,,,,,,[],False,1.0,,0.27,False,False,False,False,,,
838280870883,mother_baby,外贸三角哈衣 男女婴幼儿童宝宝长袖连体爬衣 新生儿纯棉包屁衣,Áo khoác tam giác ngoại thương áo khoác liền thân dài tay trẻ sơ sinh trẻ sơ sinh,False,False,,,,,trẻ sơ sinh,,False,0.643,,0.0,False,False,False,False,,,
866089233316,mother_baby,婴儿连体衣春秋款牛仔小熊婴幼儿外出哈衣连体衣男女宝宝爬爬服,Áo liền thân cho bé mùa xuân và mùa thu gấu denim cho bé đi chơi áo liền thân cho bé trai và bé gái,False,False,,,,,,,False,0.862,,0.0,False,True,False,False,,,
829702056556,mother_baby,韩版婴幼儿大PP童装长裤批发男女宝宝春秋简单百搭弹力可外穿裤,"Quần áo trẻ em PP cỡ lớn dành cho trẻ sơ sinh và trẻ mới biết đi theo phong cách Hàn Quốc bán buôn cho bé trai và bé gái, quần thun đa năng đơn giản thích hợp cho mùa xuân thu, có thể mặc bên ngoài.",False,False,,,,,,,False,1.679,vi_qua_dai,0.04,False,False,False,False,bán buôn,,
865042292593,mother_baby,DUUDUU恐龙格子2025新款宝宝衬衣韩版春秋包屁衣外出服婴儿连体衣,Áo sơ mi trẻ em mẫu mới 2025 kẻ sọc khủng long DUUDUU áo khoác ngoài áo khoác ngoài xuân thu phong cách Hàn Quốc áo liền thân cho bé,False,False,,,,,áo khoác ngoài,,False,1.16,,0.07,False,False,False,False,,,
830418397843,mother_baby,婴儿连体衣国风秋纯棉无骨~15月宝宝哈衣爬服A类四季款新生儿衣服,"Em bé một mảnh phong cách quốc gia mùa thu cotton nguyên chất không xương ~ Bộ đồ romper cho bé 15 tháng, quần áo sơ sinh bốn mùa loại A",False,False,,,,,,~,False,1.036,,0.07,False,False,False,False,,,
834258694658,mother_baby,童星圆女童春秋季韩系新款格子背心裙开衫上衣女宝宝两件套装潮款,Bộ đồ hai chiếc cho bé gái tuổi thơ tuổi thơ mẫu mới Hàn Quốc mùa xuân thu váy áo cardigan,False,False,,,,,tuổi thơ,,False,0.7,,0.1,False,False,False,False,,,
1009518918520,mother_baby,韩版女宝春秋包屁衣满月百天甜美爬服新生儿连体衣公主蕾丝哈衣裙,"Bộ đồ liền thân kiểu Hàn Quốc dành cho bé gái, phù hợp mặc vào mùa xuân và mùa thu, lý tưởng cho các dịp lễ đầy tháng hoặc lễ kỷ niệm 100 ngày, với thiết kế ngọt ngào và đáng yêu, kiểu dáng như một bộ đồ sơ sinh và một chiếc váy ren kiểu công chúa.",False,False,,100,,,,,False,1.9,vi_qua_dai,0.04,False,False,False,False,,,
677254020613,mother_baby,儿童a类全棉打底秋衣秋裤纯棉分体男女宝宝套头婴儿内衣分体套装,Quần áo mùa thu mặc trong 100% cotton dành cho trẻ em A,False,False,,100,,,,,False,0.414,vi_qua_ngan,0.09,False,False,False,False,,,
845907185941,mother_baby,【一件代发】春秋新款童装卫衣料婴儿童装两件套装休闲外出服套装,[Drophipping] Xuân Thu Quần Áo Trẻ Em Mới Chất Liệu Áo Len Quần Áo Trẻ Em Cho Bé Bộ Đồ Hai Mảnh Bộ Đồ Đi Chơi Thường Ngày,False,False,,,,,,[],False,1.0,,1.0,True,False,False,False,,,
1071688632335,mother_baby,男女宝宝背带裤2026新款北欧风婴幼儿纯棉长裤儿童外出服连体裤,"Quần yếm cho bé trai và bé gái, kiểu dáng mới năm 2026, thiết kế theo phong cách Bắc Âu, quần dài chất liệu cotton nguyên chất dành cho trẻ sơ sinh và trẻ nhỏ, trang phục mặc ngoài trời cho trẻ em, quần áo liền thân.",False,False,,,,,,,False,1.704,vi_qua_dai,0.04,False,False,False,False,,,
714647619996,mother_baby,【自动分销专属】儿童背心套装纯棉男女童夏装韩版童装新款婴儿,[Phân phối tự động độc quyền] Bộ vest trẻ em cotton cho bé trai và bé gái quần áo trẻ em Hàn Quốc quần áo trẻ em mới cho bé,False,False,,,,,,[],False,1.111,,0.1,False,False,False,False,phân phối,,
1059921474866,mother_baby,婴儿连体衣春秋纯棉长袖新生儿无骨婴幼儿哈衣男女宝宝童翻领爬服,"Bộ liền thân cho trẻ sơ sinh và trẻ nhỏ, chất liệu cotton nguyên chất, tay dài, không đường may, dành cho mùa xuân và mùa thu, kiểu dáng unisex với cổ áo gập.",False,False,,,,,,,False,1.133,,0.0,False,False,True,False,,,
649380189872,mother_baby,2026春秋冬童装家居服男女宝宝浴袍睡衣法兰绒连帽儿童睡袍室内,"2026 Quần áo trẻ em mùa xuân, mùa thu và mùa đông Quần áo mặc nhà cho bé trai và bé gái Áo choàng tắm cho bé Bộ đồ ngủ Áo choàng trẻ em có mũ trùm đầu bằng vải nỉ trong nhà.",False,False,,,,,,,False,1.556,vi_qua_dai,0.1,False,False,False,False,,,
1040349462201,mother_baby,7A抗菌舒绒棉 儿童内衣套装男童秋衣秋裤宝宝衣服保暖女童家居服,"Bộ đồ lót trẻ em cotton nhung mềm mại kháng khuẩn 7A, áo thu quần thu cho bé trai, quần áo giữ ấm cho bé, đồ mặc nhà cho bé gái.",False,False,,,,,,,False,1.107,,0.03,False,False,True,False,,,
899971476371,mother_baby,婴儿连体衣四季男婴新生儿长袖女婴春装幼儿新生儿服装宝宝衣服,Quần áo trẻ em một mảnh bốn mùa bé trai bé trai sơ sinh dài tay bé gái mùa xuân quần áo trẻ sơ sinh quần áo trẻ em quần áo trẻ em,False,False,,,,,bé trai,,False,1.138,,0.0,False,False,False,False,,,
1071259018739,mother_baby,贝肽斯[猫肚棉]婴儿衣服连体衣春秋季纯棉长袖新生幼儿宝宝外出服,"Béitas [Bông bụng mèo] Áo liền quần dài tay cotton nguyên chất cho bé sơ sinh và trẻ nhỏ, mặc ngoài mùa xuân thu",False,False,,,,,,[],False,0.828,,0.09,False,False,False,False,,,
1063351395713,mother_baby,婴儿春秋连体衣纯棉女宝宝长袖衣服可爱娃娃领哈衣秋季外出服爬服,"Bộ đồ liền thân cho bé gái, chất liệu cotton mềm mại, phù hợp mặc vào mùa xuân và mùa thu, tay dài, kiểu dáng dễ thương với cổ áo hình búp bê, thích hợp mặc ngoài trời vào mùa thu, hoặc làm bộ đồ cho bé tập bò.",False,False,,,,,,,False,1.633,vi_qua_dai,0.0,False,False,False,False,,,
988714613252,mother_baby,INS婴儿连体衣秋季长袖韩版儿童条纹新款宝宝外穿新生儿爬服衣服,"Áo liền thân dài tay cho bé sơ sinh phong cách Hàn Quốc, họa tiết sọc, mẫu mới mùa thu, có thể mặc ngoài.",False,False,,,,,,,False,0.857,,0.09,False,False,True,False,,,
1060478130410,mother_baby,婴儿0-6个月衣服纯棉a类新生宝宝有机棉无骨长袖送口水巾连体衣服,"Quần áo cho bé từ 0 đến 6 tháng tuổi, được làm từ chất liệu cotton nguyên chất, đạt tiêu chuẩn chất lượng loại A, sử dụng cotton hữu cơ, thiết kế liền mạch, tay dài, đi kèm với yếm và một bộ đồ liền thân.",False,False,,,,,,,False,1.571,vi_qua_dai,0.02,False,False,False,False,,,
996406967347,mother_baby,婴儿包屁衣长袖春秋新生儿婴儿儿衣服初生宝宝三角哈衣睡衣爬爬服,Bộ áo liền quần dài tay cho bé mùa xuân và mùa thu quần áo trẻ sơ sinh Bộ đồ ngủ hình tam giác cho trẻ sơ sinh Bộ đồ bò.,False,False,,,,,,,False,1.033,,0.07,False,False,True,False,,,
953506062503,mother_baby,【清仓不退换】婴儿连体衣a类纯棉哈衣0-6初生儿和尚服新生儿宝宝,"【Thanh lý không đổi trả】Áo liền thân cho bé sơ sinh, cotton nguyên chất loại A, 0-6 tháng, kiểu vạt chéo, cho bé mới sinh",False,False,,,,,,【】,False,0.962,,0.08,False,False,False,False,,,
1067922999705,mother_baby,Kids2026秋季儿童套装新款男童两件套宝宝春秋运动套装潮童装外贸,"Kids2026 Bộ Trang Phục Thu Đông Cho Trẻ Em, Bộ Hai Món Mới Cho Bé Trai, Bộ Đồ Thể Thao Xuân Thu Cho Bé, Quần Áo Trẻ Em Thời Trang Dành Cho Xuất Khẩu",False,False,,,,,,,False,1.308,,1.0,True,False,True,False,,,
796067224413,mother_baby,儿童内衣套装纯棉睡衣女童宝宝秋衣秋裤全棉男童家居服童装批发,"Bộ đồ lót trẻ em, đồ ngủ cotton tinh khiết, quần áo mùa thu bé gái, quần mùa thu, quần áo mặc nhà bé trai cotton, Bán Buôn Quần áo trẻ em",False,False,,,,,,,False,1.103,,0.1,False,True,False,False,bán buôn,,
682208980640,mother_baby,新款儿童彩棉秋衣秋裤套装春秋儿童秋款男童女宝宝开衫内衣套装,Bộ quần áo mùa thu cotton màu trẻ em mẫu mới Bộ quần áo mùa thu Bộ đồ lót Cardigan bé trai bé gái mẫu thu trẻ em Xuân Thu,False,False,,,,,,,False,1.034,,0.17,False,True,False,False,,,
1026762201115,mother_baby,【双层】春秋新款婴儿连体衣洋气花边女宝宝哈衣爬服0新生儿衣服,"[Đôi lớp] Bộ áo liền quần mùa xuân thu mới cho bé với viền ren thời trang, thích hợp cho bé gái, quần áo sơ sinh.",False,False,0,,,,,[],False,0.963,,0.04,False,False,False,False,,,
1033145727117,mother_baby,婴幼儿连体衣a类无骨早秋衣服春秋四季小月龄宝宝外出哈衣爬爬服,"Bộ liền thân cho bé sơ sinh và trẻ nhỏ, loại A, đường may không xương, quần áo thu sớm, mặc được bốn mùa xuân thu, đồ mặc ngoài cho bé nhỏ tháng,",False,False,,,,,,,True,1.138,,0.03,False,False,False,False,,,
1070573171979,mother_baby,【甜小司】原创！韩系女宝宝秋季新品镂空毛衣显白橘黄色开衫外套,【Sweet Little Miss】Hàng chính hãng! Bộ sưu tập thu mới phong cách Hàn Quốc dành cho bé gái: áo len dệt kim khoét lỗ và áo khoác cardigan màu cam tươi sáng.,False,False,,,,,,【】,False,1.222,,0.19,False,False,False,False,,,
869522329092,mother_baby,婴儿连体衣春秋哈衣新生儿衣服纯棉四季款和尚服初生满月宝宝哈衣,Áo liền thân cho bé mùa xuân và mùa thu áo liền thân cho bé sơ sinh 100% cotton bốn mùa áo liền thân cho bé sơ sinh trăng tròn,False,False,,100,,,,,False,0.967,,0.0,False,True,False,False,,,
1073158498107,mother_baby,婴儿衣服秋季超萌小月龄冲锋衣外出春秋哈衣百天男宝宝秋装连体衣,"Quần áo cho bé, áo khoác mùa thu siêu dễ thương dành cho trẻ sơ sinh, phù hợp để mặc khi đi chơi vào mùa xuân và mùa thu, bộ đồ liền thân cho bé trai, trang phục mùa thu cho các dịp kỷ niệm 100 ngày tuổi.",False,False,,100,,,,,False,1.567,vi_qua_dai,0.0,False,False,False,False,,,
1068632838996,mother_baby,婴儿连体衣服纯棉新生儿宝宝哈衣爬服春秋无骨打底内衣睡衣外出服,"Áo liền quần cotton nguyên chất cho bé sơ sinh, bộ body, đồ ngủ, đồ mặc trong, đồ mặc ngoài, không đường may nổi, thích hợp mùa xuân thu.",False,False,,,,,,,False,0.967,,0.0,False,False,True,False,,,
1000353274848,mother_baby,雪花棉婴儿套装高腰护肚秋衣秋裤A类儿童打底衣分体套家居睡衣,"Bộ quần áo và quần mùa thu bảo vệ bụng cao cấp bằng bông bông tuyết, bộ đồ ngủ ở nhà riêng biệt lớp nền dành cho trẻ em loại A.",False,False,,,,,,,False,1.107,,0.03,False,False,True,False,,,
1005036764772,mother_baby,婴儿四季舒绒连体衣女宝宝公主哈衣花边袖可爱碎花翻领安阳童装,"Bộ liền thân nhung mềm mại bốn mùa cho bé gái, kiểu công chúa, tay áo xếp ly, họa tiết hoa xinh xắn, cổ áo gập, thương hiệu An Yang Children's Clothing.",False,False,,,Yang Children's Clothing,,,,False,1.138,,0.12,False,False,False,False,,,
1073476462622,mother_baby,四季清仓集合】a类婴儿衣服新生儿爬服安阳婴童装宝宝四季连体衣,"【Tổng hợp xả kho bốn mùa】Quần áo trẻ sơ sinh loại A, bộ body sơ sinh, thời trang trẻ em An Dương, áo liền quần bốn mùa cho bé",False,False,,,,,,【】,False,1.071,,0.14,False,False,False,False,,,
1030906935766,mother_baby,【春季断码清仓】婴儿男女宝宝连体衣休闲外套非质量不退不换,"【Xả kho mùa xuân, hết size】Áo liền thân và áo khoác ngoài thường ngày cho bé trai bé gái, không đổi trả nếu không phải lỗi chất lượng",False,False,,,,,,【】,False,1.115,,0.04,False,False,False,False,,,
1059140559267,mother_baby,婴儿连体衣春秋纯棉长袖新生儿无骨婴幼儿哈衣男女宝宝童翻领爬服,"Áo liền quần dài tay cotton nguyên chất cho bé sơ sinh, không đường may nổi, cổ bẻ, mặc xuân thu, dành cho bé trai bé gái.",False,False,,,,,,,False,0.9,,0.0,False,False,True,False,,,
1074850292736,mother_baby,婴儿裤子春秋纯棉无骨暗扣开档秋裤男女宝宝高腰护肚秋季打底长裤,"Quần dài cho bé, phù hợp mặc vào mùa xuân và mùa thu, được làm từ chất liệu cotton nguyên chất, thiết kế liền mạch, có cúc bấm ẩn và phần đáy quần mở. Quần có cạp cao, giúp bảo vệ bụng bé, và có thể mặc như quần legging dài vào mùa thu, phù hợp cho cả bé trai và bé gái.",False,False,,,,,,,False,2.1,vi_qua_dai,0.02,False,False,False,False,,,
773107493098,mother_baby,金属回力小汽车玩具男孩学生儿童益智迷你赛车模型幼儿园小礼品,Kim loại kéo xe đồ chơi cho bé trai học sinh trẻ em giáo dục mô hình đua xe mini Quà Tặng mẫu giáo,False,False,,,,,,,False,0.828,,0.09,False,False,True,False,,,
782915290822,mother_baby,抖音网红同款副驾驶方向盘仿真儿童益智玩具宝宝开汽车载模拟驾驶,Đồ chơi giáo dục trẻ em mô phỏng vô lăng đồng lái cùng kiểu nổi tiếng trên mạng Douyin,False,False,,,,爆款->mẫu bán chạy,,,False,0.633,,0.06,False,False,False,False,,,
799021772823,mother_baby,儿童公主发饰礼盒小女孩六一节生日礼物女童8首饰玩具6岁3一9小10,"Hộp quà phụ kiện tóc công chúa cho bé gái, quà sinh nhật ngày 1 tháng 6, đồ chơi trang sức cho bé gái từ 3-10 tuổi.",False,False,"8, 9",1,,,,,False,0.889,,0.0,False,False,False,False,,,
697026287352,mother_baby,儿童玩具枪批发电动音乐机关枪声光冲锋枪男孩枪玩具批发夜市摆摊,"Bán buôn súng đồ chơi trẻ em, súng máy nghe nhạc điện, súng tiểu liên âm thanh và ánh sáng, bán buôn súng cho bé trai, đồ chơi, quầy hàng chợ đêm",False,False,,,,,,,False,1.067,,0.0,False,False,True,False,bán buôn,,
1040092753452,mother_baby,跨境爆款电动玩具万向轮自动避障点头声光投影趣味小蜗牛儿童玩具,"Đồ chơi điện bán chạy nhất trên toàn cầu, có bánh xe đa hướng, khả năng tự động tránh chướng ngại vật, đầu có thể gật đầu, hiệu ứng âm thanh và ánh sáng, cùng thiết kế hình con ốc sên ngộ nghĩnh – một món đồ chơi dành cho trẻ em.",False,False,,,,,,,False,1.7,vi_qua_dai,0.0,False,False,False,False,,,
994388386960,mother_baby,超大校车玩具儿童公交车巴士男孩仿真大巴校巴汽车模型厂家批发,Xe buýt trường học cực lớn đồ chơi xe buýt trẻ em xe buýt cậu bé mô phỏng xe buýt xe buýt trường học nhà sản xuất mô hình xe ô tô bán buôn,False,False,,,,,xe buýt,,False,1.172,,0.0,False,False,False,False,"bán buôn, nhà máy|nhà sản xuất",,
1053407483284,mother_baby,婴儿玩具0到1岁手风琴摇铃早教宝宝消耗体力6个月3幼儿童抓握训练,"Đồ chơi trẻ em 0-1 tuổi, đàn phong cầm, lục lạc, giáo dục sớm, giúp bé tiêu hao năng lượng, cho bé 6 tháng tuổi, trẻ nhỏ, rèn luyện khả năng cầm nắm.",False,False,3,,,,,,False,1.107,,0.0,False,False,False,False,,,
892884725415,mother_baby,网红爆款弹射泡沫飞机手持发射枪手抛儿童飞天户外运动玩具小男孩,Nổi tiếng trên mạng nổ kiểu nổ máy bay bắn súng cầm tay ném trẻ em bay ngoài trời đồ chơi thể thao bé trai,False,False,,,,爆款->mẫu bán chạy,,,False,0.833,,0.0,False,True,False,False,,,
1026681010355,mother_baby,得力儿童0甲醛超轻粘土彩泥橡皮泥黏土幼儿园宝宝手工diy抗菌粘土,"Đất sét siêu nhẹ không formaldehyde Deli cho trẻ em, đất nặn màu, đất nặn cao su, đất sét thủ công DIY kháng khuẩn cho bé mẫu giáo",False,False,0,,,,,,False,1.0,,0.04,False,False,False,False,,,
1002500587835,mother_baby,厂家直供回力巴士公交车仿真模型玩具盒装小汽车礼品儿童益智,"Bộ sản phẩm này được cung cấp trực tiếp từ nhà sản xuất, bao gồm một mô hình xe buýt có thể kéo lùi, một chiếc xe đồ chơi đóng trong hộp, và là một món quà tuyệt vời cho trẻ em, giúp thúc đẩy sự phát triển nhận thức của trẻ.",False,False,,,,,,,False,1.857,vi_qua_dai,0.0,False,False,False,False,nhà máy|nhà sản xuất,,
769029656159,mother_baby,超轻粘土手工diy黏土12色24色36色安全彩泥橡皮泥儿童玩具批发,Đất sét siêu nhẹ đất sét tự làm thủ công 12 màu 24 màu 36 màu an toàn đất sét nhựa bán buôn đồ chơi trẻ em,False,False,,,,,,,False,1.0,,0.0,False,False,True,False,bán buôn,,
775966904969,mother_baby,义乌夜市地摊地推小商品套圈圈摆摊批发网红儿童礼品发光小玩具,"Chợ đêm Nghĩa Ô, hàng hóa nhỏ, vòng tròn, quầy bán buôn, quà tặng trẻ em nổi tiếng trên mạng, đồ chơi phát sáng",False,False,,,,,,,False,0.828,,0.09,False,False,True,False,bán buôn,,
825201973352,mother_baby,儿童木制多功能拆装螺母组合仿真维修工具台亲子互动早教益智玩具,Bộ dụng cụ sửa chữa mô phỏng kết hợp đai ốc tháo lắp đa chức năng bằng gỗ trẻ em đồ chơi giáo dục giáo dục sớm tương tác giữa cha mẹ và con cái,False,False,,,,,giáo dục,,False,1.167,,0.0,False,False,False,False,,,
772223960977,mother_baby,跨境爆款儿童飞碟枪网红萝卜枪安全EVA软弹飞盘枪亲子户外玩具,Súng bắn đĩa bay trẻ em kiểu nổ xuyên biên giới súng cà rốt an toàn súng bắn đạn mềm EVA đồ chơi ngoài trời cha mẹ con,False,False,,,,爆款->mẫu bán chạy,,,False,1.037,,0.0,False,False,False,False,xuyên biên giới,,
899187736025,mother_baby,儿童竹蜻蜓飞盘飞碟可手持发射飞碟弹射飞行器宝宝飞行户外玩具,Trẻ em chuồn chuồn tre đĩa bay đĩa bay có thể cầm tay đĩa bay phóng máy bay trẻ em bay đồ chơi ngoài trời,False,False,,,,,đĩa bay,,False,0.862,,0.0,False,False,False,False,,,
1075157493061,mother_baby,跨境1:64 合金闪电麦昆汽车模型黑风暴警长滑行赛车儿童玩具批发,"Mô hình xe Lightning McQueen tỷ lệ 1:64, làm từ hợp kim, phiên bản Black Storm Sheriff, xe đua có thể trượt, đồ chơi cho trẻ em, bán buôn.",False,False,,,Black Storm Sheriff,,,,False,1.037,,0.19,False,False,False,False,bán buôn,,
891131265335,mother_baby,保龄球玩具儿童套装大号室内球类运动户外男童宝宝益智2-34岁男孩,Đồ chơi bowling bộ đồ chơi trẻ em lớn trong nhà bóng thể thao ngoài trời bé trai bé trai bé trai 2-34 tuổi,False,False,,,,,bé trai,,False,0.821,,0.0,False,False,False,False,,,
1006267601956,mother_baby,卡通凸点按摩球儿童运动吊绳拍拍球幼儿园充气弹力小皮球批发货源,"Bóng massage chấm nổi hoạt hình, bóng vỗ dây treo thể thao cho trẻ em, bóng nhỏ bơm hơi đàn hồi dùng cho mẫu giáo, nguồn hàng sỉ.",False,False,,,,,,,False,0.933,,0.0,False,False,True,False,,,
1030322582287,mother_baby,儿童脚踩冲天小火箭发射筒玩具发光飞天炮户外脚踏式发射器男女孩,"Đồ chơi ống phóng tên lửa nhỏ bắn cao bằng chân cho trẻ em, có đèn phát sáng, súng phóng bay ngoài trời, loại đạp chân, dành cho bé trai và bé gái.",False,False,,,,,,,False,1.1,,0.0,False,False,True,False,,,
1018895289551,mother_baby,跨境爆款翻滚特技车惯性耐摔双面车趣味玩具车摆摊小商品儿童礼物,"Xe đồ chơi biểu diễn kỹ thuật, bán chạy nhất trên thị trường quốc tế, có khả năng lăn và lộn, bền bỉ, chịu va đập tốt, thiết kế hai mặt, là một món đồ chơi thú vị, phù hợp để bày bán tại các quầy hàng nhỏ và làm quà tặng cho trẻ em.",False,False,,,,,,,False,1.833,vi_qua_dai,0.0,False,False,False,False,,,
947698326714,mother_baby,卡通凸点按摩球儿童运动吊绳拍拍球幼儿园充气弹力小皮球批发货源,Phim hoạt hình bóng massage lồi dây treo thể thao trẻ em bóng vợt mẫu giáo bơm hơi co giãn cung cấp sỉ,False,False,,,,,,,False,0.767,,0.0,False,False,True,False,,,
1005312813172,mother_baby,正版大盒超仙气水晶泥儿童安全无毒起泡胶m家网红少女史莱姆玩具,"Hộp lớn chính hãng, slime pha lê siêu xinh xắn, an toàn không độc hại cho trẻ em, slime tạo bọt, đồ chơi slime hot trend của các cô gái.",False,False,,,slime hot trend,,,,False,1.034,,0.0,False,False,False,False,,,
876811431274,shoes,856惠东易鑫达赫本尖头蝴蝶结浅口平底玛丽珍单鞋女宴会鞋平底鞋,856 Huidong Yixinda Hepburn mũi nhọn nơ nông miệng phẳng giày Mary Jane giày dự tiệc nữ giày đế bằng,False,False,,,,,,,True,0.679,,0.22,False,False,False,False,,,
729429539858,shoes,高版本MQ麦昆小白鞋女新款松糕厚底增高休闲百搭低帮帆布鞋外穿,Phiên bản cao cấp của giày trắng MQ McQueen dành cho nữ đế dày đế dày mới tăng cường giày vải cổ thấp đa năng thông thường để mặc bên ngoài,False,False,,,,,đế dày,,False,1.107,,0.03,False,False,False,False,,,
959908359589,shoes,现货~ 内增高5cm爆好看！高级咖啡棕方头直筒靴女秋显腿直长靴女,"Còn hàng ~ Tăng chiều cao 5cm và trông thật tuyệt vời! Giày bốt nữ cao cấp màu nâu cà phê, mũi vuông, gót thẳng, mùa thu; Giày bốt nữ ống thẳng.",False,False,,,,,,~,False,1.192,,0.1,False,False,False,False,,,
861291629334,shoes,白色高级感小白鞋女2025春秋款百搭ins潮流高颜值松糕底学生板鞋,Giày trắng nhỏ cảm giác cao cấp màu trắng giày trượt ván học sinh đế xốp giá trị cao sành điệu instagram dễ phối mẫu xuân thu 2025 cho nữ,False,False,,,,,,,False,1.115,,0.0,False,True,False,False,,,
981479117853,shoes,绝美巨好看一脚蹬不累脚单鞋女2026年秋季新款软皮玛丽珍平底鞋子,"Giày bệt nữ mùa thu mới 2025, kiểu Mary Jane, chất liệu da mềm, một quai, đẹp và thoải mái",False,False,2026,2025,,,,,False,0.679,,0.11,False,False,False,False,,,
900421603121,shoes,夏季女鞋新款透气小白鞋女学生韩版百搭厚底增高运动休闲板鞋潮鞋,Giày nữ mùa hè giày trắng thoáng khí mẫu mới giày trượt ván thường ngày thể thao độn đế dày dễ phối phong cách Hàn Quốc cho nữ sinh giày sành điệu,False,False,,,,,,,False,1.067,,0.06,False,True,False,False,,,
974158114410,shoes,2026秋冬新款~8cm内增高鸳鸯鞋带厚底绒面运动休闲女德训鞋,"Phong cách mới Thu Đông 2026~ Giày thể thao tăng chiều cao 8cm với dây giày độc đáo, đế dày, chất liệu da lộn, giày thể thao nữ phong cách Đức.",False,False,,,,,,~,False,1.304,,0.14,False,False,False,False,,,
1026297660690,shoes,时尚大码女尖头高跟鞋2025新款后绊带豹纹包头高跟女式凉鞋跨境,"Giày cao gót mũi nhọn nữ cỡ lớn thời trang, mẫu mới 2025, sandal cao gót nữ bít mũi họa tiết da báo quai hậu, hàng xuyên biên giới",False,False,,,,,,,False,1.037,,0.0,False,False,True,False,xuyên biên giới,,
1074206729420,shoes,德训鞋女2026新款拼色软皮运动休闲鞋内增高5cm~软底阿甘鞋复古百,"Giày tập luyện kiểu Đức dành cho nữ, kiểu dáng mới năm 2026, giày thể thao thoải mái với thiết kế phối màu, đế mềm, tăng chiều cao bên trong 5cm, phong cách cổ điển lấy cảm hứng từ bộ phim Forrest Gump.",False,False,,,,,,,False,1.615,vi_qua_dai,0.07,False,False,False,False,,,
908219082197,shoes,韩版高级感优雅尖头细跟单鞋春秋新款绝美气质百搭牛仔布高跟凉鞋,Giày cao gót mũi nhọn thanh lịch cao cấp phong cách Hàn Quốc xăng đan cao gót denim dễ phối khí chất mới mùa xuân và mùa thu,False,False,,,,,,,False,0.933,,0.07,False,False,True,False,,,
985826431886,shoes,【颜色齐全】小香风经典拼色平底鞋女蝴蝶结芭蕾鞋软底舒适休闲鞋,"[Đầy đủ màu sắc] Giày đế bằng phối màu cổ điển phong cách tweed dành cho nữ, giày ba lê nơ, đế mềm, giày thường thoải mái",False,False,,,,,,[],False,0.964,,0.04,False,False,False,False,,,
1062871174024,shoes,2026新款防滑防臭厚底黑色软底舒适百搭软面软底单鞋女款乐福鞋,"Giày lười nữ mới năm 2026, chống trượt, khử mùi, đế dày, màu đen, đế mềm, thoải mái, đa năng, mặt giày mềm mại và đế giày êm ái.",False,False,,,,,,,False,1.037,,0.0,False,False,True,False,,,
641286445085,shoes,新款女飞织鞋气垫鞋春季女式休闲鞋时尚潮流厚底鞋子外贸女鞋批发,"Giày dệt ruồi nữ mới, giày đệm khí, giày thường ngày mùa xuân nữ, giày đế dày thời trang, giày nữ thương mại nước ngoài bán buôn",False,False,,,,,,,False,0.9,,0.0,False,False,True,False,bán buôn,,
987916673264,shoes,韩版高级感优雅尖头细跟单鞋春秋新款绝美气质百搭牛仔布高跟凉鞋,Giày cao gót mũi nhọn thanh lịch phong cách Hàn Quốc xuân thu phong cách mới đẹp thanh lịch đa năng dép cao gót denim,False,False,,,,,,,False,0.833,,0.08,False,True,True,False,,,
923259960303,shoes,鞋子女鞋百搭2025春秋新款厚底薄款透气网红运动鞋爆款德训鞋女鞋,Giày nữ giày nữ dễ phối 2025 mẫu mới mùa xuân và mùa thu mẫu mới đế dày mỏng thoáng khí net nổi tiếng giày thể thao mẫu nổ giày huấn luyện đạo đức giày nữ,False,False,,,,爆款->mẫu bán chạy,giày nữ,,False,1.25,,0.0,False,False,False,False,,,
1036975307683,shoes,复古时尚小众轻便德训鞋女2026早春爆款超火百搭运动休闲阿甘女鞋,"Giày thể thao nữ kiểu dáng cổ điển, nhẹ nhàng, chất liệu Đức, phù hợp cho các hoạt động tập luyện, là xu hướng thời trang hot đầu xuân 2026, dễ phối đồ, có thể mặc khi đi chơi hoặc tập thể thao, mang phong cách Forrest Gump.",False,False,,,,,,,False,1.679,vi_qua_dai,0.07,False,False,False,False,,,
920965829875,shoes,时尚大码女尖头高跟鞋2025新款后绊带豹纹包头高跟女式凉鞋跨境,Giày cao gót mũi nhọn nữ cỡ lớn thời trang 2025 mẫu mới quai sau họa tiết da báo dép cao gót nữ xuyên biên giới,False,False,,,,,,,False,0.926,,0.0,False,False,True,False,xuyên biên giới,,
1073939586028,shoes,2026新款防滑防臭厚底黑色软底舒适百搭软面软底单鞋女款乐福鞋,"Giày lười nữ mẫu mới 2026, đế mềm, đế dày, màu đen, chống trượt, chống hôi, thoải mái, dễ phối đồ, chất liệu mềm mại.",False,False,,,,,,,False,0.889,,0.0,False,False,True,False,,,
916231409612,shoes,羊皮版~法式平底花朵浅口单鞋女春秋季新款晚晚鞋百搭玛丽珍女鞋,Phiên bản da cừu ~ Giày một lớp miệng nông hoa đế bằng kiểu Pháp giày buổi tối mẫu mới mùa xuân thu cho nữ giày nữ Mary Jane dễ phối,False,False,,,,,,~,False,1.034,,0.14,False,False,False,False,,,
1032185067323,shoes,【现货】法式复古软底乐福鞋女2026春秋新款舒适百搭单鞋,"【Hàng có sẵn】Giày lười nữ đế mềm phong cách Pháp cổ điển, mẫu mới Xuân Thu 2026, thoải mái, dễ phối đồ",False,False,,,,,,【】,False,1.0,,0.19,False,False,False,False,có sẵn|hàng có sẵn,,
1003493709863,shoes,13cm高2026春女鞋新款系带百搭小个子坡跟松糕厚底内增高跟休闲鞋,"Giày nữ mới, bộ sưu tập mùa xuân 2026, cao 13cm, kiểu dáng buộc dây đa năng, phù hợp với những cô nàng có vóc dáng nhỏ nhắn, gót đế xuồng, đế platform và gót giấu, giúp tăng chiều cao, giày thường ngày.",False,False,,,,,,,False,1.615,vi_qua_dai,0.0,False,False,False,False,,,
1026088228699,shoes,2026新款两杠休闲跑步鞋女鞋舒适软底断码运动鞋女【一件代发】,"Giày chạy bộ nữ hai sọc phong cách casual mẫu mới 2026, đế mềm thoải mái, giày thể thao nữ [Hỗ trợ dropship]",False,False,,,,,,[],False,0.88,,0.05,False,False,False,False,dropship,,
776041615385,shoes,1970s复古高帮帆布鞋女学生2025年春季ulzzang百搭布鞋经典男情侣,"Giày vải cao cổ retro thập niên 70 dành cho nữ sinh, giày vải đa năng Ulzzang mùa xuân 2025, giày nam nữ cổ điển",False,False,1970,70,,,,,False,1.045,,0.05,False,False,False,False,,,
987071131725,shoes,韩版高级感优雅尖头细跟单鞋春秋新款绝美气质百搭牛仔布高跟凉鞋,Giày cao gót mũi nhọn thanh lịch phong cách Hàn Quốc xuân thu phong cách mới đẹp thanh lịch đa năng dép cao gót denim,False,False,,,,,,,False,0.833,,0.08,False,True,True,False,,,
1051887137284,shoes,2026春款复古拼色运动鞋女软底透气休闲鞋轻便系带时装鞋多色女鞋,"Giày thể thao nữ phối màu retro mẫu xuân 2026, đế mềm thoáng khí, giày casual nhẹ nhàng buộc dây, giày thời trang nhiều màu.",False,False,,,,,,,False,0.857,,0.0,False,True,False,False,,,
1005687052623,shoes,有货！高版本LP乐福鞋女休闲英伦老钱风流苏扣真皮懒人一脚蹬单鞋,"Có hàng! Giày lười LP nữ phiên bản cao cấp, phong cách Anh Quốc \""old money\"" casual, khóa tua rua, da thật, giày xỏ chân tiện lợi.",False,False,,,old money casual,,,,False,0.964,,0.12,False,False,False,False,,,
895554944978,shoes,【清仓处理】夏季新款女士皮鞋软皮软底耐磨透气鞋防水防臭居家鞋,"[Xử lý giải phóng mặt bằng] Giày da nữ mới mùa hè, giày thoáng khí chống thấm nước và khử mùi đế mềm da mềm",False,False,,,,,,[],False,0.893,,0.04,False,False,False,False,,,
970492980988,shoes,真皮7cm增高厚底小个子女鞋小白鞋女款板鞋休闲运动鞋子松糕单鞋,"Giày nữ đế dày đế dày 7cm da thật, giày trắng, giày thể thao nữ, giày thể thao thông thường, giày đế bệt",False,False,,,,,đế dày,,False,0.821,,0.0,False,False,False,False,,,
961199651278,shoes,中古款小香~小香菱格蝴蝶结2025春秋新款真皮平底单鞋芭蕾舞鞋,"Giày Chanel đã qua sử dụng ~ Giày bệt da thật kiểu nơ may chần bông Chanel mùa xuân thu 2025, hàng chính hãng",False,False,,,,,,~,False,0.846,,0.14,False,False,False,False,,,
986960854029,shoes,【小个子隐形增高】ZHR内增高老爹鞋经典厚底7.5cm休闲鞋运动女鞋,"[Tăng chiều cao vô hình cho những người nhỏ nhắn] Giày bố tăng chiều cao bên trong ZHR Đế dày cổ điển 7,5cm Giày thể thao thông thường dành cho nữ.",False,False,,,,,,[],False,1.292,,0.1,False,False,False,False,,,
975453867262,shoes,百搭浅口豆豆鞋女2025秋季新款蝴蝶结单鞋圆头软皮软底孕妇平底鞋,"Giày bệt nữ mùa thu 2025 kiểu dáng đa năng, miệng giày nông, mũi tròn, chất liệu da mềm, đế mềm, dành cho bà bầu.",False,False,,,,,,,False,0.857,,0.0,False,True,False,False,,,
1074974988414,shoes,跨境外贸新款Vibram五指鞋女鞋舞蹈瑜伽健身普拉提软鞋分趾鞋防滑,"Giày xỏ ngón Vibram mẫu mới, giày nữ, dùng cho khiêu vũ, yoga, gym, pilates, giày mềm, chống trượt.",False,False,,,yoga gym pilates,,,,False,0.704,,0.06,False,False,False,False,,,
834457793386,shoes,2024新款时尚百搭博肯拖鞋女罗马凉拖女休闲平底一字防滑拖鞋批发,Dép Boken thời trang mới 2024,False,False,,,,,,,False,0.179,vi_qua_ngan,0.25,False,False,False,False,,,
1007918757402,shoes,德训鞋女2026春季新款透气运动鞋轻便休闲板鞋百搭复古阿甘鞋女鞋,"Giày Đức nữ mẫu mới mùa xuân 2026, giày thể thao thoáng khí, nhẹ nhàng, giày ván casual, dễ phối đồ, phong cách retro, giày Forrest Gump nữ.",False,False,,,,,,,False,0.964,,0.12,False,False,True,False,,,
813948748335,shoes,欧洲站裸色细跟高跟鞋尖头黑色工作单鞋女漆皮蓝色大码鞋红色婚鞋,Giày cao gót gót nhọn màu nude ga châu Âu giày đơn công sở màu đen mũi nhọn giày cỡ lớn màu xanh da sáng chế của phụ nữ giày cưới màu đỏ,False,False,,,,,,,False,1.1,,0.03,False,True,False,False,,,
675185022666,shoes,【软皮软底】断码鞋软皮年末防滑软皮软底皮鞋女坡跟平底皮鞋,[Da mềm đế mềm] giày bị hỏng giày da mềm đế mềm cuối năm chống trượt da mềm Giày da nữ đế bệt đế xuồng,False,False,,,,,,[],False,0.962,,0.04,False,False,False,False,,,
864836355336,shoes,白色高级感小白鞋女2025春秋款百搭ins潮流高颜值松糕底学生板鞋,Giày trắng nhỏ cảm giác cao cấp màu trắng giày trượt ván học sinh đế xốp giá trị cao sành điệu instagram dễ phối mẫu xuân thu 2025 cho nữ,False,False,,,,,,,False,1.115,,0.0,False,True,False,False,,,
992872048774,shoes,跨境女鞋新款时尚拖鞋珍珠扣百搭纯色金属装饰圆头平底凉鞋,"Dép nữ thời trang xuyên biên giới, kiểu mới, đính ngọc trai, khóa đa năng, màu trơn, trang trí kim loại, mũi tròn, đế bằng",False,False,,,,,,,True,0.926,,0.0,False,False,False,False,xuyên biên giới,,
1019852781523,shoes,现货~百搭通勤不累脚复古单鞋乐福鞋学院风软底高跟气质小皮鞋女,"Hàng có sẵn ~ Giày lười nữ phong cách học đường, đế mềm, gót cao, dễ phối đồ, đi làm không mỏi chân, kiểu dáng cổ điển, giày da nhỏ thanh lịch.",False,False,,,,,,~,False,1.069,,0.03,False,False,False,False,có sẵn|hàng có sẵn,,
1046636360737,shoes,拖鞋女外穿2026年新款ins潮春夏季百搭凉拖鞋时尚沙滩平底一字拖,"Dép lê nữ đi ngoài trời, mẫu mới 2026, phong cách Ins hot trend, dép lê mùa xuân hè dễ phối đồ, dép đi biển thời trang đế bệt quai ngang.",False,False,,,Ins hot trend,,,,False,1.154,,0.03,False,True,True,False,,,
1068930549698,shoes,软底浅口休闲运动鞋女2026春秋新款厚底防滑轻便薄款女士单鞋百搭,"Giày thể thao nữ đế mềm, cổ thấp, phong cách casual, mẫu mới Xuân Thu 2026, đế dày chống trượt, nhẹ nhàng, mỏng nhẹ, dễ phối đồ.",False,False,,,,,,,False,0.929,,0.08,False,True,False,False,,,
775448564148,shoes,欧洲站裸色细跟高跟鞋尖头黑色工作单鞋女漆皮蓝色大码鞋红色婚鞋,Giày cao gót gót nhọn màu nude ga châu Âu giày đơn công sở màu đen mũi nhọn giày cỡ lớn màu xanh da sáng chế của phụ nữ giày cưới màu đỏ,False,False,,,,,,,False,1.1,,0.03,False,True,False,False,,,
1055681078361,shoes,拖鞋女外穿2026年新款ins潮春夏季百搭凉拖鞋时尚沙滩平底一字拖,"Dép lê nữ đi ngoài trời, mẫu mới 2026, phong cách Ins hot trend, dép sandal mùa xuân hè dễ phối đồ, dép quai ngang đế bằng thời trang đi biển.",False,False,,,Ins hot trend,,,,False,1.154,,0.03,False,False,True,False,,,
981155345900,shoes,法式乐福鞋女复古软皮粗跟一脚蹬小皮鞋2026秋季新款低跟浅口单鞋,"Giày Loafer Pháp nữ, giày da mềm retro gót dày kiểu lười nhỏ, giày cao gót thấp mùa thu mới 2025",False,False,2026,2025,,,,,False,0.714,,0.11,False,False,False,False,,,
936893712762,shoes,厚底小白鞋女百搭小众增高春夏季2025年新款老爹鞋休闲运动板鞋子,Giày trắng đế dày giày bố mẫu mới năm 2025 mùa xuân hè năm 2025,False,False,,2025,,,,,False,0.464,vi_qua_ngan,0.0,False,False,False,False,,,
945837522237,shoes,平底德训鞋女2025新款春夏季薄款小白鞋休闲运动女鞋子阿甘鞋单鞋,Giày tập đạo đức đế phẳng cho nữ 2025 mới xuân hè giày trắng mỏng giày thể thao thông thường giày nữ Forrest Gump giày đế bằng,False,False,,,,,,,True,0.929,,0.08,False,False,False,False,,,
952562635537,shoes,2026春夏爆款ins超火绑带透气网面运动鞋户外登山慢跑休闲鞋女鞋,"Giày thể thao nữ hot trend Instagram, mẫu hot mùa xuân hè 2026, thiết kế dây buộc, thân lưới thoáng khí, dùng cho đi bộ đường dài, chạy bộ, đi chơi ngoài trời.",False,False,,,hot trend Instagram,,,,False,1.231,,0.03,False,False,False,False,,,
899575058200,shoes,一脚蹬两穿皮面系带单鞋2025春季女鞋底板鞋半拖增高厚底鞋子,Giày một lớp buộc dây buộc mặt da đi hai chân giày đế đế đế đế đế đế đế đế đế đế đế đế đế đế đế đế cao,False,False,2025,,,,đế đế đế,,False,1.115,,0.0,False,False,False,False,,,
739973035374,shoes,时尚部落软妹小皮鞋子女英伦风2023年春夏季新款乐福鞋配裙子单鞋,Thời Trang Bộ Lạc Mềm Mại Giày Da Nhỏ Nữ Phong Cách Anh Quốc 2023 Xuân Hè Mới Cho Nữ Với Váy Đế Bằng,False,False,,,,,,,True,0.821,,1.0,True,False,False,False,,,
1027564735809,shoes,韩版时尚休闲小众复古美式潮流面包鞋女ins百搭学生厚底轻便板鞋,"Giày bánh mì nữ phong cách Hàn Quốc, thời trang, casual, độc đáo, retro, kiểu Mỹ, hot trend Instagram, dễ phối đồ, đế dày, nhẹ nhàng, giày ván cho học sinh.",False,False,,,hot trend Instagram,,,,False,1.107,,0.13,False,False,False,False,,,
1069899268046,shoes,软底浅口休闲运动鞋女2026春秋新款厚底防滑轻便薄款女士单鞋百搭,"Giày thể thao nữ đế mềm, cổ thấp, phong cách casual, mẫu mới Xuân Thu 2026, đế dày chống trượt, nhẹ nhàng, mỏng nhẹ, dễ phối đồ.",False,False,,,,,,,False,0.929,,0.08,False,True,False,False,,,
907068986136,shoes,牛皮版~复古黑色德训鞋系带阿甘鞋女内增高休闲板鞋百搭运动鞋潮,"Phiên bản da bò ~ giày tập đạo đức màu đen cổ điển, giày Forrest Gump buộc dây, giày thể thao thông thường nâng cao bên trong của phụ nữ, giày thể thao đa năng, hợp thời trang",False,False,,,,,,~,False,1.276,,0.06,False,False,False,False,,,
969754299945,shoes,超轻老爹鞋女春秋季2025新款ins百搭小白鞋厚底增高颜值跑步运动,"Giày bố siêu nhẹ nữ, xuân thu 2025 mẫu mới ins đa năng màu trắng, đế dày tăng chiều cao, chạy thể thao",False,False,,,,,,,False,0.846,,0.0,False,True,False,False,,,
881911797188,shoes,平底高级感方头水钻单鞋女鞋子2026年秋季新款黑色通勤上班工作鞋,"Giày bệt nữ cao cấp mũi vuông đính đá mùa xuân 2025 màu đen, kiểu đi làm",False,False,2026,2025,,,,,False,0.571,,0.0,False,False,False,False,,,
1007097490258,shoes,德训鞋女2026春季新款透气运动鞋轻便休闲板鞋百搭复古阿甘鞋女鞋,"Giày thể thao kiểu quân đội Đức dành cho nữ, bộ sưu tập mới mùa xuân 2026, thoáng khí, nhẹ, kiểu dáng thường ngày, đa năng, phong cách cổ điển, lấy cảm hứng từ bộ phim Forrest Gump.",False,False,,,,,,,False,1.321,,0.08,False,False,True,False,,,
1033610555550,shoes,【梵芙娜】2026春季新款老爹鞋女时尚厚底轻便增高运动休闲女鞋子,"【Fanfuna】Giày dad sneaker nữ mẫu mới mùa xuân 2026, thời trang, đế dày, nhẹ nhàng, tăng chiều cao, phong cách thể thao năng động",False,False,,,,,,【】,False,0.923,,0.04,False,False,False,False,,,
1048393544547,shoes,2026春季小白鞋新款韩版ins运动跑步女学生厚底增高休闲鞋网鞋,"Giày sneaker trắng đế dày tăng chiều cao phong cách Hàn Quốc hot trend Instagram, mẫu mới mùa xuân 2026, giày thể thao chạy bộ casual lưới dành cho nữ sinh.",False,False,,,hot trend Instagram,,,,False,1.2,,0.1,False,False,False,False,,,
673488149723,shoes,经典高帮1970s复古板鞋韩版2025秋季原宿百搭学生女帆布鞋男情侣,"Giày vải cổ cao cổ điển phong cách retro thập niên 70 phiên bản Hàn Quốc mùa thu 2025 phong cách Harajuku đa năng dành cho nữ sinh, nam sinh, giày đôi",False,False,1970,70,,,,,False,1.2,,0.1,False,False,False,False,,,
903281605298,shoes,休闲面包鞋女2025年春季新款厚底爆款运动板鞋平底百搭小众小白鞋,Giày bánh mì thường ngày giày trượt ván thể thao mẫu hot đế dày mẫu mới mùa xuân năm 2025 cho nữ giày trắng nhỏ dễ phối đế bằng,False,False,,,,,,,True,1.0,,0.0,False,False,False,False,,,
1043967852891,shoes,2025新款H家夏季透气男鞋时尚百搭女鞋休闲运动真皮拼色外贸鞋,"Mẫu mới 2025 giày nam thoáng khí mùa hè thương hiệu H, giày nữ thời trang dễ phối đồ, giày thể thao casual da thật phối màu, giày xuất khẩu.",False,False,,,,,,,False,1.115,,0.04,False,False,True,False,,,
683773402902,shoes,夏季新款内增高男鞋10cm隐形增高鞋男6休闲韩版8小白鞋运动鞋板鞋,Giày nam tăng chiều cao bên trong mẫu mới mùa hè Giày tăng chiều cao vô hình 10cm giày trắng 8 kiểu Hàn Quốc thường ngày cho nam 6 giày thể thao giày thể thao,False,False,,,,,giày thể thao,,False,1.222,,0.09,False,False,False,False,,,
1034783417627,shoes,【PLOVER】爆款男鞋春秋款2026年新款透气耐磨平底超轻休闲板鞋潮,"【PLOVER】Giày nam hot trend mẫu xuân thu 2026, thoáng khí, bền bỉ, đế bằng, siêu nhẹ, giày sneaker casual thời trang",False,False,,,,,,【】,False,0.913,,0.0,False,False,False,False,,,
1057277438294,shoes,莆田新款MAX95款气垫跑步鞋增高轻便复古男女百搭舒适休闲运动鞋,"Giày chạy bộ đệm khí MAX95 mới của Putian có thiết kế giúp tăng chiều cao, trọng lượng nhẹ, mang phong cách cổ điển, đa năng, thoải mái và phù hợp cho cả nam và nữ, đồng thời là một lựa chọn tuyệt vời cho các hoạt động thể thao thường ngày.",False,False,,,,,,,False,1.926,vi_qua_dai,0.02,False,False,False,False,,,
976856427954,shoes,回力男鞋板鞋男款2025新款秋季百搭小白鞋男士休闲运动鞋厚底潮鞋,"Giày nam, giày nam, giày trắng đa năng mùa thu mới 2025, giày thể thao nam, giày thời trang đế dày",False,False,,,,,giày nam,,False,0.714,,0.0,False,False,False,False,,,
1007199155262,shoes,【马年新款】男鞋春季软底舒适男士休闲跑步运动鞋小白鞋子厚底,"[Mới cho năm con Ngựa] Bộ sưu tập mùa xuân dành cho nam: giày chạy bộ thường ngày đế mềm, thoải mái, giày thể thao màu trắng đế dày.",False,False,,,,,,[],False,1.074,,0.07,False,False,False,False,,,
986121666631,shoes,纯原m2k老爹鞋休闲运动情侣ins跑步男鞋女百搭复古轻便增高运动鞋,Giày thể thao nam m2k nguyên bản nguyên bản dành cho cặp đôi Ins chạy bộ nam nữ đa năng phong cách retro nhẹ giày thể thao tăng chiều cao,False,False,,,,,nguyên bản,,False,1.148,,0.03,False,False,False,False,,,
1032883121348,shoes,潮牌男鞋2026春季新款百搭舒适运动厚底老爹鞋休闲鞋潮鞋增高板鞋,"Giày nam thương hiệu thời trang, mẫu mới mùa xuân 2026, dễ phối đồ, thoải mái, giày thể thao đế dày, giày dad sneaker, giày casual, giày thời trang, giày tăng chiều cao, giày ván.",False,False,,,,,,,False,1.214,,0.0,False,True,False,False,,,
640836696770,shoes,批发解放鞋作训鞋学生训练军训鞋耐磨透气防滑工地干活劳保鞋胶鞋,"Bán buôn giày giải phóng, giày tập, giày tập quân sự học sinh, giày chống mài mòn, thoáng khí, chống trượt, giày bảo hộ lao động công trường, giày cao su",False,False,,,,,giày tập,,False,1.033,,0.0,False,False,False,False,bán buôn,,
901167845857,shoes,春季男鞋新款透气网面鞋子男士运动鞋潮流百搭厚底休闲跑步老爹鞋,"Giày nam mùa xuân, giày lưới thoáng khí mẫu mới, giày thể thao nam, giày thể thao nam, giày bố chạy bộ thường ngày đế dày dễ phối trào lưu",False,False,,,,,,,False,1.0,,0.0,False,True,False,False,,,
870758140182,shoes,男鞋春季透气百搭休闲皮面板鞋青少年运动厚底增高情侣潮鞋女S01,Giày nam giày đế bằng da thường ngày dễ phối thoáng khí mùa xuân giày cặp đôi tăng chiều cao đế dày thể thao thanh thiếu niên giày nữ S01,False,False,,,,,,,False,1.071,,0.03,False,False,True,False,,,
1033966271393,shoes,踩屎感运动鞋女款2026年新款春秋减震跑步轻便软底防滑老爹鞋103,"Giày chạy bộ nữ 2026, kiểu dáng mới, phù hợp cho mùa xuân và mùa thu, có khả năng giảm xóc, đế mềm, chống trượt, mang lại cảm giác thoải mái như ""đạp lên mây"", kiểu dáng giày thể thao năng động, trọng lượng nhẹ, mã sản phẩm 103.",False,False,,,,,,,False,1.808,vi_qua_dai,0.0,False,False,False,False,,,
1037853055708,shoes,2026春季新款黑银色老爹鞋男ins潮韩版百搭增高运动鞋小众情侣鞋,"Giày dad sneaker nam màu đen bạc, mẫu mới mùa xuân 2026, phong cách Hàn Quốc hot trend Instagram, dễ phối đồ, tăng chiều cao, giày thể thao độc đáo, giày đôi.",False,False,,,hot trend Instagram,,,,False,1.192,,0.1,False,False,False,False,,,
1035835651793,shoes,登月18超级迈柔VomeroPlus飞马网面跑步鞋男女休闲运动透气减震鞋,"Giày chạy bộ Moon 18 Super Mairo VomeroPlus có phần thân trên bằng lưới, được thiết kế dành cho cả nam và nữ, mang lại cảm giác thoải mái khi mang, thoáng khí và khả năng giảm xóc tốt.",False,False,,,,,,,False,1.583,vi_qua_dai,0.11,False,False,False,False,,,
1019112711370,shoes,跨境新款轻便懒人德训鞋男厚底休闲鞋潮流男女同款运动鞋子批发,"Giày thể thao nhẹ, thời trang, đế dày, unisex, bán buôn, dành cho nam giới.",False,False,,,,,,,False,0.517,vi_qua_ngan,0.0,False,False,False,False,bán buôn,,
1039207112519,shoes,2026新款德训鞋软底不累脚ins潮可爱新款刺绣百搭时尚复古运动鞋,"Giày thể thao Đức mẫu mới 2026, đế mềm không mỏi chân, hot trend Instagram, dễ thương, thêu họa tiết, đa năng, thời trang, phong cách retro.",False,False,,,hot trend Instagram,,,,False,1.0,,0.08,False,True,False,False,,,
999052821953,shoes,高级休闲鞋超轻薄软底户外徒步旅游登山鞋学生青年正品舒适跑步鞋,"Giày thường ngày cao cấp, giày leo núi và đi bộ đường dài ngoài trời siêu nhẹ và đế mềm, giày chạy bộ thoải mái chính hãng dành cho học sinh và thanh thiếu niên",False,False,,,,,,,False,1.167,,0.0,False,True,False,False,,,
1046852156762,shoes,新款赤兔8pro碳板跑步鞋女学生体考竞速运动鞋春夏季透气网面跑鞋,"Giày chạy bộ New Red Rabbit 8pro, sử dụng tấm carbon, dành cho nữ sinh, phù hợp để tập luyện thể thao và thi đấu, chất liệu lưới thoáng khí, lý tưởng cho mùa xuân và mùa hè.",False,False,,,New Red Rabbit,,,,False,1.357,,0.08,False,False,False,False,,,
1051927103819,shoes,2026春季新款米白色低帮帆布鞋复古男款百搭鞋子爆款板鞋轻便男鞋,"Giày vải canvas cổ thấp màu trắng kem, mẫu mới mùa xuân 2026, phong cách retro nam, dễ phối đồ, giày sneaker hot trend, giày nam nhẹ nhàng.",False,False,,,,,,,False,0.964,,0.0,False,True,False,False,,,
1014436008741,shoes,板鞋男春季2026新款透气运动休闲网鞋青少年潮流百搭纯色小白男鞋,"Bộ sưu tập giày thể thao mới nhất dành cho nam giới, mùa xuân 2026: giày thoáng khí, kiểu dáng thoải mái, năng động, phù hợp cho các hoạt động thể thao, cùng với những đôi giày trắng đơn giản, thời trang và dễ phối đồ, dành cho giới trẻ.",False,False,,,,,,,False,1.75,vi_qua_dai,0.0,False,False,True,False,,,
1054595420023,shoes,2026春款复古拼色运动鞋女软底透气休闲鞋轻便系带时装鞋多色女鞋,"Giày thể thao nữ phối màu retro mẫu xuân 2026, đế mềm thoáng khí, giày casual nhẹ nhàng buộc dây, giày thời trang nhiều màu.",False,False,,,,,,,False,0.857,,0.0,False,True,False,False,,,
811228918732,shoes,2023新款帮帆布鞋女内休闲鞋韩版百搭女式平跟鞋舞蹈拉链街舞鞋,Giày vải bố kiểu mới 2023,False,False,,,,,,,False,0.185,vi_qua_ngan,0.0,False,False,False,False,,,
1029358741287,shoes,新款女飞织鞋气垫鞋春季女式休闲鞋时尚潮流厚底鞋子外贸女鞋批发,"Giày dệt bay nữ mẫu mới, giày đệm khí, giày casual nữ mùa xuân, giày đế dày thời trang sành điệu, giày nữ xuất khẩu bán sỉ.",False,False,,,,,,,False,0.9,,0.0,False,False,True,False,,,
1081306857557,shoes,牛皮版乐福鞋女2026新款粗跟单鞋真皮柔软英伦风复古鳗鱼纹小皮鞋,"Giày lười nữ da bò, mẫu mới 2026, gót vuông, da thật mềm mại, phong cách Anh Quốc cổ điển, vân da cá chình.",False,False,,,,,,,False,0.821,,0.09,False,False,True,False,,,
1079172024819,shoes,牛皮版 两个版本~ 7cm内增高精绑带尖头拼接套筒裤管靴短靴特鲁靴,"Phiên bản da bò, hai kiểu ~ Bốt cổ ngắn mũi nhọn, ống bốt phối, dây buộc tinh xảo, độn gót 7cm, bốt Tru",False,False,,,,,,~,False,0.852,,0.09,False,False,False,False,,,
1078966048058,shoes,羊皮版~首尔博主靴子6.5cm内增高中高筒弹力瘦瘦靴短靴女骑士长靴,"Phiên bản da cừu ~ Bốt blogger Seoul, đế độn 6.5cm, cổ cao, co giãn ôm chân, bốt ngắn nữ, bốt kỵ sĩ dài",False,False,,,,,,~,False,0.852,,0.09,False,False,False,False,,,
1078432671400,shoes,牛皮版乐福鞋女2026新款粗跟单鞋真皮柔软英伦风复古鳗鱼纹小皮鞋,"Giày lười nữ da bò, mẫu mới 2026, gót vuông, da thật mềm mại, phong cách Anh Quốc cổ điển, vân da cá chình, giày da nhỏ.",False,False,,,,,,,False,0.929,,0.08,False,False,True,False,,,
1078019985360,shoes,现货~~小个子复古内增高骑士靴女2026新款中高筒瘦瘦靴不过膝长靴,"Hàng có sẵn~~ Bốt kỵ sĩ nữ phong cách retro độn đế tăng chiều cao, mẫu mới 2026, bốt ống lửng ôm chân, bốt dài không quá gối dành cho người nhỏ nhắn",False,False,,,,,,~,False,1.185,,0.03,False,False,False,False,có sẵn|hàng có sẵn,,
955936532758,shoes,欧美跨境户外毛毛拖鞋女网红同款时尚狐狸毛拖鞋大码女凉拖ins潮,"Dép lông đi ngoài trời phong cách Âu Mỹ, mẫu hot trend được các hot girl mạng ưa chuộng, dép lông cáo thời trang, dép lê nữ cỡ lớn, hot trend Instagram.",False,False,,,hot trend Instagram,,,,False,1.143,,0.1,False,False,False,False,,,
1054538536431,shoes,拖鞋女外穿2026年新款ins潮春夏季百搭凉拖鞋时尚沙滩平底一字拖,"Dép lê nữ đi ngoài trời, mẫu mới 2026, phong cách Ins hot trend, dép lê mùa xuân hè dễ phối đồ, dép đi biển thời trang đế bệt quai ngang.",False,False,,,Ins hot trend,,,,False,1.154,,0.03,False,True,True,False,,,
875388677704,shoes,金罡J2001_J4701_J6801粗跟单鞋女2025新款3个跟高大码小码小单鞋,Giày một lớp gót thô Jingang J2001 _ J4701_J6801 nữ giày một lớp cỡ nhỏ cỡ nhỏ 3 gót cao cỡ lớn mẫu mới 2025,False,False,,,,,cỡ nhỏ,,False,1.211,,0.18,False,False,False,False,,,
891612077159,shoes,【1521人收藏】黑色高跟鞋女细跟性感铆钉2024年新款秋季不累脚尖,[Bộ sưu tập 1521 người] Giày cao gót đen nữ gót nhọn đinh tán gợi cảm 2024 phong cách mới mùa thu không mỏi ngón chân,False,False,,,,,,[],False,1.0,,0.04,False,False,False,False,,,
968536939165,shoes,现货一件代发~尖头高级浅口单鞋女法式气质一脚蹬职业通勤工作鞋,"Hàng có sẵn, hỗ trợ dropshipping~ Giày cao gót mũi nhọn, kiểu dáng sang trọng, dễ mang, dành cho nữ, phong cách Pháp, thanh lịch, thích hợp đi làm.",False,False,,,,,,~,False,1.0,,0.07,False,False,False,False,"có sẵn|hàng có sẵn, dropship",,
1002722689249,shoes,ZA家秋季外贸出口新款简约百搭单鞋欧美大码外穿时尚休闲女鞋shoe,"Bộ sưu tập giày bệt mới nhất của ZA, được thiết kế theo phong cách đơn giản, dễ phối đồ và phù hợp để xuất khẩu, có nhiều kích cỡ theo tiêu chuẩn châu Âu và Mỹ, rất lý tưởng để đi chơi thường ngày và tạo phong cách thời trang.",False,False,,,,,,,False,1.889,vi_qua_dai,0.04,False,False,False,False,,,
1031602477915,shoes,软皮版~银色内增高德训鞋子女春季新款轻便百搭运动休闲小白鞋,"Phiên bản da mềm ~ Giày GAT nữ màu bạc độn đế, mẫu mới mùa xuân, nhẹ nhàng, dễ phối đồ, giày thể thao casual trắng.",False,False,,,,,,~,False,0.893,,0.04,False,False,False,False,,,
1046658286367,shoes,2026年轻便软底帆布鞋女士春夏季低帮板鞋布鞋透气百搭休闲RF211,"Giày vải đế mềm, nhẹ, dành cho nữ, kiểu dáng thể thao, phù hợp cho mùa xuân và mùa hè, thoáng khí và dễ phối đồ, mã RF211.",False,False,2026,,,,,,False,1.12,,0.0,False,False,False,False,,,
986066639746,shoes,老爹鞋女2025新款秋季鞋子女爆款厚底增高轻便软底阿甘休闲运动鞋,"Giày thể thao nữ mùa thu mới 2025, đế dày tăng chiều cao, nhẹ, đế mềm, kiểu dáng thời trang",False,False,,,,,,,False,0.679,,0.0,False,True,False,False,,,
995051438723,shoes,头层牛皮~真皮厚底小白鞋女款2025秋季新款增高鞋子女休闲板鞋女,Da bò lớp một ~ giày trắng đế dày da thật dành cho nữ mùa thu 2025 giày tăng chiều cao mới dành cho nữ giày thể thao thông thường dành cho nữ,False,False,,,,,,~,False,1.148,,0.0,False,False,False,False,,,
991343156240,shoes,水洗牛皮~英伦风乐福鞋百搭厚底皮带扣小个子单鞋女粗跟小皮鞋,"Da bò đã giặt ~ Giày lười phong cách Anh, giày đế bệt nhỏ có đai đai dày đa năng dành cho nữ, giày da nhỏ gót dày",False,False,,,,,,~,False,0.964,,0.08,False,False,False,False,,,
997884941514,shoes,厚底拖鞋女款夏季外穿2025新款小个子增高7.0cm网红超火沙滩凉拖,"Dép nữ đế dày, thời trang hè 2025 kiểu mới dành cho người nhỏ nhắn tăng chiều cao 7.0cm, dép đi biển siêu hot trên mạng xã hội",False,False,,,,,,,False,1.08,,0.0,False,False,True,False,,,
935649797837,shoes,厚底拖鞋女款夏季外穿2025新款小个子增高7.0cm网红超火沙滩凉拖,Dép lê đế dày mẫu nữ đi ra ngoài mùa hè mẫu mới 2025 dép lê đi biển siêu hot tăng chiều cao 7.0cm hot trên mạng,False,False,,,,,,,False,1.04,,0.0,False,False,True,False,,,
975278202584,shoes,头层牛皮~真皮厚底小白鞋女鞋2025秋季新款增高松糕休闲百搭板鞋,Da bò lớp đầu tiên ~ giày trắng đế dày da thật dành cho nữ mùa thu 2025 giày thể thao đa năng đế tăng chiều cao mới,False,False,,,,,,~,False,0.963,,0.0,False,False,False,False,,,
961236550480,shoes,百搭浅口豆豆鞋女2025秋季新款蝴蝶结单鞋圆头软皮软底孕妇平底鞋,"Giày bệt nữ mùa thu 2025 kiểu dáng đa năng, miệng giày nông, mũi tròn, chất liệu da mềm, đế mềm, dành cho bà bầu.",False,False,,,,,,,False,0.857,,0.0,False,True,False,False,,,
912315522813,shoes,羊皮版~手工软底一字扣带玛丽珍鞋女2026新款浅口单鞋粗跟小皮鞋,"Phiên bản da cừu~Giày Mary Jane đế mềm thủ công có khóa một quai dành cho nữ, mẫu mới 2026, giày đơn miệng nông, giày da gót vuông.",False,False,,,,,,~,False,1.037,,0.11,False,False,False,False,,,
893101263541,shoes,夏季女鞋新款透气小白鞋女学生韩版百搭厚底增高运动休闲板鞋潮鞋,Giày nữ mùa hè giày trắng thoáng khí mẫu mới giày trượt ván thường ngày thể thao độn đế dày dễ phối phong cách Hàn Quốc cho nữ sinh giày sành điệu,False,False,,,,,,,False,1.067,,0.06,False,True,False,False,,,
1035370894489,shoes,百搭德训鞋女鞋爆款春夏季厚底小白鞋潮流休闲运动板鞋复古阿甘鞋,"Giày tập luyện đa năng của Đức, giày nữ, giày thể thao trắng đế dày, kiểu dáng thịnh hành cho mùa xuân/hè, giày thể thao thời trang, giày theo phong cách cổ điển lấy cảm hứng từ bộ phim Forrest Gump.",False,False,,,,,,,False,1.4,,0.07,False,True,True,False,,,
745921626111,shoes,2026秋季新款内增高韩版拼色老爹鞋厚底坡跟休闲运动鞋学生鞋女鞋,Mùa Thu 2023 Phong Cách Mới Tăng Chiều Cao Phong Cách Hàn Quốc Màu Khối Giày Bố Đế Dày Nêm Giày Thể Thao Thông Thường Giày Học Sinh Giày Nữ,False,False,2026,2023,,,,,False,1.036,,1.0,True,False,False,False,,,
987027790011,shoes,老爹鞋女2025新款秋季鞋子女爆款厚底增高轻便软底阿甘休闲运动鞋,"Giày thể thao nữ mùa thu mới 2025, đế dày tăng chiều cao, nhẹ, đế mềm, kiểu dáng thời trang",False,False,,,,,,,False,0.679,,0.0,False,True,False,False,,,
643692126695,shoes,鞋子女新款休闲跑步鞋外贸女鞋shoes透气礼品鞋软底运动鞋单鞋,Giày Nữ Mới Giày Chạy Bộ Xuất Khẩu Nữ Giày Thoáng Khí Tặng Giày Đế Mềm Giày Thể Thao Đế Bằng,False,False,,,,,,,True,0.808,,1.0,True,False,False,False,,,
980023039823,shoes,羊皮版~英伦复古方头一脚蹬乐福鞋女真皮气质通勤粗跟小皮鞋单鞋,"Phiên bản da cừu ~ Giày lười mũi vuông kiểu Anh cổ điển dành cho nữ, da thật, thanh lịch, đi lại, gót nhọn, giày da nhỏ, giày đế bằng.",False,False,,,,,,~,False,1.0,,0.07,False,False,False,False,,,
984937695246,shoes,软皮~小众尖头内增高裤管靴女皮带扣白色不过膝长筒靴坡跟骑士靴,Da mềm ~ Giày bốt cạp cao mũi nhọn Niche dành cho nữ có khóa thắt lưng Giày bốt cao đến đầu gối màu trắng Giày bốt hiệp sĩ có gót nêm,False,False,,,,,,~,False,1.069,,0.13,False,False,False,False,,,
1071259074194,shoes,踩屎感爆款小白鞋女春季2026年新款百搭休闲鞋厚底运动板鞋KT-261,"Giày thể thao trắng thời trang, mang lại cảm giác thoải mái và êm ái, rất phù hợp cho mùa xuân năm 2026, là một lựa chọn đa năng cho trang phục thường ngày, giày thể thao đế dày, mẫu KT-261.",False,False,,,,,,,False,1.6,vi_qua_dai,0.0,False,False,False,False,,,
973925743545,shoes,黑武士学院风板鞋秋季新款美式街头复古胖胖面包鞋情侣鞋35-44码,"Giày thể thao phong cách Black Warrior Academy, mẫu mới mùa thu, giày bánh mì chunky retro đường phố kiểu Mỹ, giày đôi, size 35-44.",False,False,,,Black Warrior Academy,,,,False,0.889,,0.17,False,False,False,False,,,
1021020337254,shoes,现货~羊皮 复古玛丽珍鞋女粗跟厚底小皮鞋一脚蹬单鞋黑色高跟鞋女,"Hàng có sẵn ~ Giày Mary Jane nữ da cừu phong cách retro, gót thô đế dày, giày da lười xỏ chân, giày cao gót nữ màu đen",False,False,,,,,,~,False,0.931,,0.12,False,False,False,False,có sẵn|hàng có sẵn,,
1036929636952,shoes,超软小羊皮~小个子内增高6cm单鞋女浅口粗跟方头奶奶鞋软底豆豆鞋,"Giày đơn tăng chiều cao ~6cm bằng da cừu siêu mềm dành cho phụ nữ dáng người nhỏ nhắn, giày bà ngoại mũi vuông gót thô mũi nông, giày lười đế mềm.",False,False,,,,,,~,False,1.143,,0.0,False,False,False,False,,,
890313208161,shoes,包头凉鞋女2025年夏季新款高跟鞋细跟尖头法式气质单鞋凉鞋裸色,Xăng đan bít mũi nữ giày cao gót mẫu mới mùa hè năm 2025 giày một lớp khí chất Pháp gót nhọn gót nhọn màu nude,False,False,,,,,gót nhọn,,False,0.926,,0.04,False,False,False,False,,,
1074806680906,shoes,春秋新款真皮方头一脚蹬女单鞋通勤百搭平底鞋粗跟简约气质深口,"Bộ sưu tập mới mùa xuân và mùa thu: Giày búp bê nữ đế bằng, chất liệu da thật, kiểu dáng mũi vuông, dễ xỏ chân, phù hợp để đi làm, gót giày thấp, thiết kế đơn giản và thanh lịch, kiểu dáng hở gót.",False,False,,,,,,,False,1.552,vi_qua_dai,0.02,False,False,False,False,,,
890226076547,shoes,鞋子女春季爆款跨境大码女鞋软底不累脚飞织鞋休闲运动鞋跑步鞋,Giày nữ giày nữ cỡ lớn xuyên biên giới kiểu hot mùa xuân giày dệt đế mềm không mỏi chân giày thể thao thường ngày giày chạy bộ,False,False,,,,,giày nữ,,False,0.966,,0.0,False,False,False,False,xuyên biên giới,,
896711301429,shoes,女士新款百搭时尚夏季外穿凉拖鞋防滑韩版耐磨厚底爆款一字拖鞋女,Dép lê đi bên ngoài mùa hè thời trang dễ phối đồ mẫu mới cho nữ dép quai ngang mẫu nổ đế dày chịu mài mòn phong cách Hàn Quốc chống trượt cho nữ,False,False,,,,爆款->mẫu bán chạy,,,False,1.133,,0.06,False,False,False,False,,,
1013928887862,shoes,2026阿甘鞋女春季新款韩版ins女学生休闲运动百搭板鞋街拍BD601,"Giày Forrest Gump nữ 2026 mẫu mới mùa xuân, phong cách Hàn Quốc, hot trend Instagram, giày thể thao casual dễ phối đồ cho nữ sinh, giày sneaker phong cách đường phố BD601",False,False,,,hot trend Instagram,,,,False,1.391,,0.17,False,False,False,False,,,
1025138911591,shoes,增高5cm~拼色内增高芭蕾德训鞋女2026新款复古棕咖色阿甘鞋运动鞋,"Tăng chiều cao 5cm ~ Giày thể thao nữ kiểu Đức phối màu, đế độn bên trong, mẫu mới 2026, màu nâu cà phê cổ điển, giày Forrest Gump",False,False,,,,,,~,False,1.038,,0.15,False,False,False,False,,,
997296650699,shoes,爆款老爹鞋厚底内增高运动休闲鞋女2026春夏新款松糕时尚加绒加厚,"Giày dad shoes hot trend đế dày, tăng chiều cao ẩn, giày thể thao nữ thời trang, kiểu dáng platform mới xuân hè 2026, lót lông cừu và dày dặn.",False,False,,,dad shoes hot trend,,,,False,1.036,,0.0,False,False,False,False,,,
1071432891519,shoes,厚底小白鞋女2026秋季新款轻便系带休闲板鞋小个子百搭运动鞋女,"Giày thể thao trắng đế dày dành cho nữ, bộ sưu tập mới mùa thu 2026, giày thể thao buộc dây nhẹ nhàng, kiểu dáng thoải mái, phù hợp với nhiều phong cách, đặc biệt dành cho những cô nàng có vóc dáng nhỏ nhắn.",False,False,,,,,,,False,1.63,vi_qua_dai,0.0,False,False,False,False,,,
968985575775,shoes,春秋新款八爪鱼椰子鞋透气运动鞋女单鞋休闲网红潮软底火焰袜子鞋,Mùa Xuân Và Mùa Thu Mới Bạch Tuộc Dừa Giày Thể Thao Thoáng Khí Giày Đơn Nữ Giày Internet Người Nổi Tiếng Hợp Thời Trang Đế Mềm Ngọn Lửa Tất Giày,False,False,,,,网红->nổi tiếng trên mạng / hot trend,,,False,1.033,,1.0,True,False,False,False,,,
985752729361,shoes,新款防滑人字拖女士夏季EVA厚底可外穿休闲时尚海边沙滩凉拖鞋女,Dép xỏ ngón chống trơn trượt mới dành cho nữ mùa hè Đế dày EVA có thể mang đi bên ngoài Dép đi biển đi biển thông thường và thời trang dành cho nữ,False,False,,,,,đi biển,,False,1.214,,0.06,False,False,False,False,,,
902875287813,shoes,拖鞋女士夏季2025新款室内家居洗澡防滑防臭厚底eva家用凉拖男式,Dép lê nữ mùa hè mẫu mới 2025 trong nhà tắm dép nam,False,False,,,,,,,False,0.462,vi_qua_ngan,0.0,False,False,False,False,,,
1059978186449,shoes,欧美爆款伊莎内增高鞋女高帮拼色平底休闲鞋百搭款魔术贴运动鞋女,"Giày thể thao nữ đế bằng cổ cao phối màu, tăng chiều cao, phong cách Isane, hot trend Âu Mỹ, dễ phối đồ, có khóa dán.",False,False,,,Isane hot trend,,,,False,0.867,,0.12,False,False,False,False,,,
642196751256,shoes,人字拖女外穿夏季夹脚拖鞋防滑浴室洗澡沙滩海边情侣ins潮夏凉拖,Dép xỏ ngón dép xỏ ngón Mùa hè đi bên ngoài cho nữ dép xỏ ngón mùa hè sành điệu Instagram cặp đôi đi biển tắm chống trượt,False,False,,,,,dép xỏ ngón,,False,1.0,,0.07,False,False,False,False,,,
1053381396080,shoes,厚底踩屎感拖鞋女夏季高颜值可爱蝴蝶结少女心居家浴室凉拖鞋防滑,"Dép đế dày mang lại cảm giác êm ái, thoải mái, rất phù hợp cho phụ nữ vào mùa hè. Những đôi dép thời trang và dễ thương này có thiết kế nơ, lý tưởng để sử dụng trong nhà và phòng tắm, đồng thời có khả năng chống trơn trượt tuyệt vời.",False,False,,,,,,,False,1.767,vi_qua_dai,0.02,False,False,False,False,,,
937495870098,shoes,2026年夏季新款沙滩人字拖女海边旅游度假厚底防滑百搭凉拖鞋批发,"Dép xỏ ngón nữ đi biển, đế dày chống trơn, gót vừa, đa năng, đi ngoài trời mùa hè, bán buôn",False,False,2026,,,,,,False,0.75,,0.0,False,False,False,False,bán buôn,,
728190834941,shoes,2023新款夏季强人男士凉拖鞋加大加厚底耐磨防滑居家浴室沙滩拖鞋,Dép và dép nam mạnh mẽ mùa hè mới 2023,False,False,,,,,,,False,0.321,vi_qua_ngan,0.0,False,False,False,False,,,
836698204046,mother_baby,儿童脚踩冲天小火箭发射筒玩具发光飞天炮户外脚踏式发射器男女孩,Đồ chơi ống phóng tên lửa nhỏ cho trẻ em,False,False,,,,,,,False,0.333,vi_qua_ngan,0.0,False,True,True,False,,,
862131488543,mother_baby,儿童3D百变插珠立体几何拼插手工玩具男孩拼装幼儿积木益智玩具,Đồ chơi thủ công lắp ráp hình học đa dạng 3D cho trẻ em,False,False,,,,,,,False,0.5,vi_qua_ngan,0.08,False,False,False,False,,,
693451118068,mother_baby,木质婴幼儿玩具拔浪鼓牙胶宝宝百天周岁拍照道具配件玩具木圈,Đồ chơi bằng gỗ cho trẻ sơ sinh và trẻ mới biết đi,False,False,,,,,,,False,0.464,vi_qua_ngan,0.0,False,False,False,False,,,
917540328889,mother_baby,男孩汽车合体变形玩具儿童金刚机器人模型礼盒奖励礼盒礼物批发,Bé trai ô tô phù hợp đồ chơi biến dạng trẻ em mô hình robot King Kong hộp quà tặng quà tặng bán buôn,False,False,,,,,quà tặng,,False,0.828,,0.09,False,False,False,False,bán buôn,,
1002814063042,mother_baby,男孩加长版大号运输油罐车模型玩具儿童抗撞摔合金车头声光惯性车,"Phiên bản mở rộng của mô hình xe bồn cỡ lớn dành cho bé trai, có thân xe bằng hợp kim bền chắc, hiệu ứng âm thanh và ánh sáng, cùng khả năng di chuyển bằng quán tính, được thiết kế để chịu được va chạm và rơi rớt.",False,False,,,,,,,False,1.633,vi_qua_dai,0.0,False,False,False,False,,,
901504843755,mother_baby,A0Q【12万人收藏】航空母舰积木男孩高难度坦克益智拼装,"A0Q【120.000 người đã tìm kiếm và tìm hiểu về nó】Bộ xếp hình tàu sân bay dành cho bé trai, lắp ráp mô hình xe tăng độ khó cao",False,False,12,120000,,,,【】,False,1.429,,0.07,False,False,False,False,,,
1025333021732,mother_baby,玩具车大号声光老爷车越野车可开门声光六轮皮卡惯性男孩车玩具,"Xe đồ chơi cỡ lớn có đèn và âm thanh, kiểu dáng xe cổ, xe địa hình, có thể mở cửa, phát ra âm thanh và ánh sáng, xe bán tải sáu bánh, xe đồ chơi chạy bằng lực quán tính dành cho bé trai.",False,False,,,,,,,False,1.552,vi_qua_dai,0.0,False,False,False,False,,,
813214644808,mother_baby,过家家儿童厨房玩具男女宝宝仿真做饭煮饭迷你厨具益智生日礼物,Đồ chơi nhà bếp trẻ em Đồ chơi nhà bếp Nam Nữ mô phỏng nấu ăn nấu ăn đồ dùng nhà bếp mini quà tặng sinh nhật giáo dục,False,False,,,,,nấu ăn,,False,1.0,,0.11,False,False,False,False,,,
803760181916,mother_baby,10斤儿童专用太空玩具沙套装不粘手安全伦堡魔力沙女孩粘土橡皮泥,10 kg đồ chơi không gian đặc biệt cho trẻ em Bộ cát chống dính tay an toàn Renbao Magic Sand Girl đất sét plasticine,False,False,,,Magic Sand Girl,,,,False,0.828,,0.22,False,False,False,False,,,
851890196653,mother_baby,弹射飞机枪玩具男孩男童手抛飞机滑翔耐摔款泡沫飞机地摊玩具,Máy bay phóng súng đồ chơi cho bé trai bé trai máy bay ném tay trượt kiểu chống rơi bong bóng máy bay đồ chơi gian hàng,False,False,,,,,bé trai,,False,0.964,,0.0,False,False,False,False,,,
946079437287,mother_baby,义乌夜市地摊地推小商品套圈圈摆摊批发网红儿童礼品发光小玩具,"Quầy hàng đường phố chợ đêm Nghĩa Ô quảng bá hàng hóa nhỏ, nhẫn, quầy hàng, bán buôn quà tặng trẻ em nổi tiếng trên Internet, đồ chơi nhỏ phát sáng",False,False,,,,,,,False,1.069,,0.1,False,False,True,False,bán buôn,,
864496624227,mother_baby,【批发代发】国宝小熊猫公仔盲盒微颗粒拼装积木儿童玩具跨境益智,【Bán buôn Dropshipping】National Treasure Red Panda Plush Blind Box Khối xây dựng lắp ráp hạt siêu nhỏ Đồ chơi trẻ em Đồ chơi giáo dục xuyên biên giới,False,False,,,Dropshipping National Treasure Red Panda Plush Blind Box,,,【】,False,1.036,,0.39,False,False,False,False,"bán buôn, xuyên biên giới, dropship",,
844671375920,mother_baby,网红恐龙球球枪标靶弹射粘粘球儿童宝宝室内飞镖女男孩子益智玩具,Người nổi tiếng Internet súng bóng khủng long mục tiêu phóng bóng dính trẻ em bé phi tiêu trong nhà đồ chơi giáo dục cho bé gái và bé trai,False,False,,,,网红->nổi tiếng trên mạng / hot trend,,,False,1.0,,0.03,False,False,False,False,,,
788607236912,mother_baby,跨境儿童电动轨道车玩具拼装小火车过山车高铁列车动车益智玩具,Đồ chơi xe lửa điện trẻ em xuyên biên giới lắp ráp tàu nhỏ tàu lượn siêu tốc tàu cao tốc tàu cao tốc đồ chơi giáo dục,False,False,,,,,tốc tàu cao,,False,0.966,,0.0,False,False,False,False,xuyên biên giới,,
830720511135,mother_baby,绳子弹性球弹力球水晶球弹力闪光球跳跳球儿童发光玩具地摊玩具,Dây đàn hồi bóng đàn hồi bóng pha lê bóng đàn hồi bóng nhấp nháy bóng nhảy bóng phát sáng trẻ em đồ chơi gian hàng,False,False,,,,,đàn hồi bóng,,False,0.897,,0.0,False,False,False,False,,,
1025411009727,mother_baby,儿童玩具枪批发电动音乐机关枪声光冲锋枪男孩枪玩具批发夜市摆摊,"Súng đồ chơi trẻ em bán sỉ, súng tiểu liên điện tử có nhạc, âm thanh và ánh sáng, súng đồ chơi cho bé trai, bán sỉ, bày bán ở chợ đêm.",False,False,,,,,,,False,1.067,,0.0,False,False,True,False,,,
1068931695756,mother_baby,萌趣青蛙手拉风琴婴幼儿小玩具宝宝听觉培养1至3岁早教音乐小玩具,"Đồ chơi hình con ếch đáng yêu, có thể điều khiển bằng tay, là một món đồ chơi nhỏ dành cho trẻ sơ sinh và trẻ nhỏ, được thiết kế để phát triển khả năng nghe của trẻ từ 1 đến 3 tuổi, đồng thời là một món đồ chơi âm nhạc giúp giáo dục sớm cho trẻ.",False,False,,,,,,,False,1.931,vi_qua_dai,0.0,False,False,False,False,,,
1061677159570,mother_baby,婴幼儿小皮球一岁宝宝专用可啃咬软球学步抓握运动益智儿童玩具球,"Bóng mềm dành cho trẻ sơ sinh và trẻ mới biết đi, được thiết kế đặc biệt cho trẻ một tuổi, có thể nhai được, dùng để tập đi, tập cầm nắm và phát triển kỹ năng vận động, là một món đồ chơi giáo dục dành cho trẻ em.",False,False,,,,,,,False,1.667,vi_qua_dai,0.0,False,False,False,False,,,
1018244828460,mother_baby,儿童玩具益智3到6岁仿真飞机驾驶舱5男女孩子生日礼物新年2小朋友,"Đồ chơi trẻ em phát triển trí tuệ, mô phỏng buồng lái máy bay, dành cho bé 3-6 tuổi, quà sinh nhật, quà năm mới cho bé trai và bé gái.",False,False,"2, 5",,,,,,False,1.071,,0.0,False,False,False,False,,,
884321716606,mother_baby,儿童多功能子母软弹枪模型玩具男孩积分兑换机构招生奖礼品盒套装,Đồ chơi mô hình súng bắn đạn mềm đa năng cho trẻ em,False,False,,,,,,,False,0.433,vi_qua_ngan,0.0,False,False,False,False,,,
1043141512973,mother_baby,儿童轨道玩具车警车变形滑行弹射合金收纳小汽车3男孩子生日礼物5,"Xe đồ chơi đường ray hợp kim biến hình xe cảnh sát, có chức năng trượt và phóng, có hộp đựng, dành cho bé trai, quà sinh nhật 5 tuổi.",False,False,3,,,,,,False,1.0,,0.0,False,False,False,False,,,
964300461293,mother_baby,儿童喇叭玩具可吹响的幼儿园婴宝宝益智早教小喇叭口哨乐器礼物,"Trẻ em đồ chơi kèn có thể thổi, mẫu giáo bé giáo dục giáo dục sớm kèn còi nhạc cụ quà tặng",False,False,,,,,giáo dục,,False,0.759,,0.0,False,False,False,False,,,
844896853857,mother_baby,抖音同款迷你合金赛车铁皮车儿童回力赛车幼儿园仿真小汽车批发,"Xe đua hợp kim mini cùng kiểu Douyin, xe thiếc, xe đua kéo trẻ em, xe mô phỏng mẫu giáo, bán buôn",False,False,,,,,,,False,0.759,,0.05,False,True,False,False,bán buôn,,
997443929478,mother_baby,同款米露布丁果冻草莓布丁套装玩具食物喂食儿童过家玩具精选爆款,Phong cách tương tự của Milu Pudding Jelly Strawberry Pudding Set Đồ chơi Thực phẩm Cho ăn Đồ chơi trẻ em Chọn các mẫu phổ biến,False,False,,,Pudding Jelly Strawberry Pudding Set,,,,False,0.867,,0.44,False,False,False,False,,,
804520783813,mother_baby,厂家批发33厘米超大尺寸超轻粘土手办彩泥儿童diy手工黏土工具无,Nhà sản xuất bán buôn đất sét siêu nhẹ kích thước siêu lớn 33 cm làm bằng tay đất sét màu cho trẻ em tự làm dụng cụ đất sét thủ công không có,False,False,,,,,,,True,1.222,,0.0,False,False,False,False,"bán buôn, nhà máy|nhà sản xuất",,
925839009964,mother_baby,儿童玩具发光竹蜻蜓弹射手枪旋转闪光飞碟飞盘夜市摆地摊货源批发,Đồ chơi trẻ em phát sáng chuồn chuồn tre phóng súng lục xoay đĩa bay đĩa bay đĩa bay chợ đêm cung cấp bán buôn,False,False,,,,,đĩa bay,,False,0.833,,0.0,False,False,False,False,bán buôn,,
1003314165113,mother_baby,超大号合金塔吊起重机玩具儿童吊车吊塔3工程车4仿真5模型6岁男孩,"Đồ chơi xe cẩu tháp hợp kim cỡ siêu lớn, xe công trình, mô hình mô phỏng chân thực, dành cho bé trai 6 tuổi.",False,False,"3, 4, 5",,,,,,False,0.857,,0.0,False,False,False,False,,,
975325787287,mother_baby,金属回力小汽车玩具男孩学生儿童益智迷你赛车模型幼儿园小礼品,Kim loại kéo lại xe đồ chơi cậu bé học sinh trẻ em giáo dục mini đua mô hình mẫu giáo món quà nhỏ,False,False,,,,,,,False,0.828,,0.0,False,False,True,False,,,
823238260882,mother_baby,会说话的早教有声书幼儿童小孩学习机宝宝手指点读发声书益智玩具,Nói chuyện giáo dục sớm sách nói trẻ em trẻ em máy học trẻ em đọc ngón tay đọc sách phát âm đồ chơi giáo dục,False,False,,,,,trẻ em,,False,0.867,,0.0,False,False,False,False,,,
894072312591,mother_baby,玩具黄蜂变形儿童5玩具恐龙男孩手办6机器人汽车金刚手办模玩,"Đồ chơi biến hình ong cho trẻ em, đồ chơi khủng long cho bé trai, mô hình đồ chơi xe robot.",False,False,"5, 6",,,,,,False,0.778,,0.0,False,False,False,False,,,
849540881288,mother_baby,儿童脚踩冲天小火箭发射筒玩具发光飞天炮户外脚踏式发射器男女孩,Đồ chơi ống phóng tên lửa nhỏ cho trẻ em,False,False,,,,,,,False,0.333,vi_qua_ngan,0.0,False,True,True,False,,,
847964270876,mother_baby,收纳包奶油胶套装 儿童DIY手工制作仿真奶茶冰淇淋奶油蛋糕橡皮泥,Gói bảo quản Bộ keo kem tự làm cho trẻ em,False,False,,,,,,,False,0.393,vi_qua_ngan,0.1,False,False,False,False,,,
986893626448,mother_baby,跨境正版授权咖宝车神机器人汽车玩具卡宝重装卫士火警车手全套装,Xuyên biên giới chính hãng ủy quyền Kaba Car God Robot Car Toy Kaba Heavy Defender Báo cháy Rider Full Set,False,False,,,Rider Full Set,,,,False,0.7,,0.65,True,False,False,False,xuyên biên giới,,
658465465897,mother_baby,幼儿园儿童羽毛球拍网球拍套装男女孩宝宝玩具2-3岁4网红款拍球,"Bộ vợt cầu lông và vợt tennis cho trẻ mẫu giáo, đồ chơi trẻ em dành cho bé trai và bé gái từ 2-3 tuổi, bộ vợt bóng thời trang.",False,False,4,,,,,,False,1.074,,0.0,False,False,False,False,,,
1039531728301,mother_baby,八音敲琴宝宝玩具二合一婴儿幼童手敲琴乐器6-个月益智音乐钢琴,"Đồ chơi nhạc cụ gõ tám âm, một loại nhạc cụ cầm tay đa năng, vừa là đồ chơi cho bé và trẻ nhỏ, vừa có thể dùng làm nhạc cụ, phù hợp cho trẻ từ 6 tháng tuổi, đồng thời là một loại đàn piano nhạc giáo dục.",False,False,,,,,,,False,1.714,vi_qua_dai,0.0,False,False,False,False,,,
558529971436,mother_baby,早教插片雪花片积木箱装塑料拼插拼装宝宝幼儿童智力玩具厂家批发,Giáo dục sớm chèn bông tuyết khối xây dựng Hộp Lắp Ráp nhựa lắp ráp lắp ráp đồ chơi trí tuệ trẻ em bán buôn,False,False,,,,,lắp ráp,,False,0.833,,0.12,False,False,False,False,bán buôn,,
852871260245,mother_baby,抖音同款迷你合金赛车铁皮车儿童回力赛车幼儿园仿真小汽车批发,"Xe đua hợp kim mini cùng kiểu Douyin, xe thiếc, xe đua kéo trẻ em, xe mô phỏng mẫu giáo, bán buôn",False,False,,,,,,,False,0.759,,0.05,False,True,False,False,bán buôn,,
1064357256183,mother_baby,儿童惯性四驱车玩具车男孩子特技越野车男童小孩玩具地摊礼品批发,"Xe đồ chơi bốn bánh có hệ dẫn động, chạy bằng lực quán tính, dành cho trẻ em, loại xe địa hình có thể thực hiện các động tác nhào lộn, thích hợp cho các bé trai, đồ chơi cho trẻ em, bán buôn cho các người bán hàng rong.",False,False,,,,,,,False,1.667,vi_qua_dai,0.0,False,False,True,False,bán buôn,,
909718410352,mother_baby,【批发代发】鲜花店城市街景车积木儿童益智玩具圣诞礼物益智摆件,[Bán buôn Dropshipping] Cửa hàng hoa Cảnh đường phố thành phố Xe ô tô Khối xây dựng Đồ chơi giáo dục cho trẻ em Quà tặng Giáng sinh Đồ trang trí giáo dục,False,False,,,,,,[],False,1.179,,0.28,False,False,False,False,"bán buôn, dropship",,
739543425368,mother_baby,儿童脚踩冲天小火箭发射筒玩具发光飞天炮户外脚踏式发射器男女孩,Đồ chơi ống phóng tên lửa nhỏ cho trẻ em,False,False,,,,,,,False,0.333,vi_qua_ngan,0.0,False,True,True,False,,,
1043823898176,mother_baby,儿童拼装百变磁力轨道电动高铁火车玩具3-6岁益智玩具8男女孩礼物,"Đồ chơi tàu hỏa cao tốc điện đường ray nam châm lắp ráp đa năng cho trẻ em 3-6 tuổi, đồ chơi trí tuệ, quà tặng cho bé trai và bé gái.",False,False,8,,,,,,False,1.107,,0.0,False,False,False,False,,,
896514014059,mother_baby,网红爆款弹射飞机枪儿童玩具泡沫灯光飞机发射器地男孩女孩摊批发,Người nổi tiếng trên mạng bùng nổ mô hình máy bay phóng súng đồ chơi trẻ em bong bóng ánh sáng máy bay địa điểm máy bay cậu bé bán buôn quầy hàng cô gái,False,False,,,,爆款->mẫu bán chạy,,,False,1.167,,0.0,False,False,False,False,bán buôn,,
814588533123,mother_baby,抖音爆款儿童耐摔铁皮回力小汽车模型迷你玩具车幼儿园小礼品批发,Douyin mẫu nổ trẻ em chống rơi tôn kéo lại mô hình xe ô tô đồ chơi mini mẫu giáo bán buôn quà tặng,False,False,,,,爆款->mẫu bán chạy,,,False,0.8,,0.0,False,False,False,False,bán buôn,,
907497432941,mother_baby,儿童合金消防车玩具男孩可喷雾喷水洒水车云梯车救援工程车玩具车,Trẻ em hợp kim xe cứu hỏa đồ chơi cậu bé có thể phun phun nước phun nước xe thang xe cứu hộ kỹ thuật xe đồ chơi xe,False,False,,,,,phun nước,,False,0.967,,0.0,False,False,False,False,,,
1006175028676,mother_baby,2025新款布丁喂食玩具爆火女孩子女童过家家儿童生日礼物3到10岁8,"Đồ chơi cho bé ăn pudding mẫu mới 2025 cực hot, dành cho bé gái, bé gái nhỏ chơi đồ hàng, quà sinh nhật cho trẻ em 3 đến 10 tuổi.",False,False,8,,,,bé gái,,False,1.077,,0.0,False,False,False,False,,,
625405578292,mother_baby,儿童创意卡通发光大风车七彩闪光夜市网红地摊义乌小礼品玩具批发,Trẻ Em Sáng Tạo Hoạt Hình Phát Sáng Cối Xay Gió Nhiều Màu Sắc Nhấp Nháy Chợ Đêm Internet Người Nổi Tiếng Đường Phố Gian Hàng Yiwu Món Quà Nhỏ Đồ Chơi Bán Buôn,False,False,,,,网红->nổi tiếng trên mạng / hot trend,,,False,1.133,,1.0,True,False,False,False,bán buôn,,
1000903949313,mother_baby,儿童惯性四驱车玩具车男孩子特技越野车男童小孩玩具地摊礼品批发,"Xe ô tô đồ chơi trẻ em bốn bánh dẫn động quán tính, xe địa hình biểu diễn mạo hiểm cho bé trai, đồ chơi trẻ em, quà tặng bán buôn tại quầy hàng",False,False,,,,,,,False,1.133,,0.0,False,False,True,False,bán buôn,,
734896076048,mother_baby,网红爆款弹射泡沫飞机手持发射枪手抛儿童飞天户外运动玩具小男孩,Nổi tiếng trên mạng nổ kiểu nổ máy bay bắn súng cầm tay ném trẻ em bay ngoài trời đồ chơi thể thao bé trai,False,False,,,,爆款->mẫu bán chạy,,,False,0.833,,0.0,False,True,False,False,,,
778636757639,mother_baby,超轻粘土手工diy黏土12色24色36色安全彩泥橡皮泥儿童玩具批发,Đất sét siêu nhẹ đất sét Tự Làm Thủ Công 12 màu 24 màu 36 màu an toàn đất sét nhựa Bán Buôn Đồ chơi trẻ em,False,False,,,,,,,False,1.0,,0.3,False,False,True,False,bán buôn,,
772985690711,mother_baby,儿童盒装回力铁皮小汽车玩具车男孩学生赛车模型玩具奖励小礼品,Đồ chơi ô tô ô tô đồ chơi ô tô đồ chơi mô hình đua xe học sinh cho bé trai Tặng quà nhỏ,False,False,,,,,ô tô,,False,0.828,,0.04,False,False,False,False,,,
854076949078,mother_baby,奶瓶PPSU翻盖学饮杯吸管奶瓶1-2-3岁以上大宝宝直饮杯喝水杯婴儿,Bình sữa PPSU nắp lật cốc uống nước ống hút bình sữa trẻ em 1-2-3 tuổi bình uống trực tiếp cho bé lớn cốc uống nước cho bé,False,False,,,,,,,False,1.08,,0.0,False,True,True,False,,,
1034871515817,mother_baby,60口径硅胶奶嘴婴童母乳实感防胀气宝宝奶瓶配件广口径厂家现货,"Núm ti silicon cỡ 60, được thiết kế để tạo cảm giác giống như sữa mẹ, là phụ kiện cho bình sữa giúp giảm tình trạng đầy hơi ở trẻ sơ sinh, có kích thước miệng bình rộng, hiện có sẵn trong kho của nhà sản xuất.",False,False,,,,,,,False,1.643,vi_qua_dai,0.0,False,False,False,False,"nhà máy|nhà sản xuất, có sẵn|hàng có sẵn",,
1072121908835,mother_baby,新生婴儿奶瓶0-6个月防胀气防吐奶防呛玻璃奶瓶80/160ml硅胶奶嘴,"Bình sữa cho trẻ sơ sinh, dùng cho bé từ 0-6 tháng tuổi, có tác dụng giảm đầy hơi, ngăn ngừa trớ sữa và chống nghẹn, bình làm bằng thủy tinh, dung tích 80/160ml, có núm vú bằng silicone.",False,False,,,,,,,False,1.583,vi_qua_dai,0.0,False,False,True,False,,,
1066092664067,mother_baby,新生婴儿奶瓶0-6个月防胀气防吐奶防呛玻璃奶瓶80/160ml硅胶奶嘴,"Bình sữa thủy tinh chống đầy hơi, chống trớ sữa, chống sặc cho trẻ sơ sinh 0-6 tháng tuổi, dung tích 80/160ml, núm ti silicone.",False,False,,,,,,,False,1.0,,0.0,False,True,True,False,,,
1065132469699,mother_baby,新生婴儿奶瓶0-6个月防胀气防吐奶防呛玻璃奶瓶80/160ml硅胶奶嘴,"Bình sữa thủy tinh chống đầy hơi, chống trớ sữa, chống sặc cho trẻ sơ sinh 0-6 tháng tuổi, dung tích 80/160ml, núm ti silicone.",False,False,,,,,,,False,1.0,,0.0,False,True,True,False,,,
1045912458172,mother_baby,【PPSU彩虹好吸杯】儿童喝水喝奶吸管杯学饮杯奶瓶防摔6个月以上,"【Ly uống nước PPSU nhiều màu, dễ cầm】Ly uống nước cho trẻ em, có ống hút, dùng cho nước và sữa, ly tập uống, bình chống rơi, dành cho trẻ từ 6 tháng tuổi trở lên.",False,False,,,,,,【】,False,1.44,,0.03,False,False,True,False,,,
1017341698272,mother_baby,【贝亲品牌旗舰店】宽口径PPSU塑料奶瓶防摔新生儿奶瓶0-6个月,"[Cửa hàng chính thức của thương hiệu Pepsi] Bình sữa nhựa PPSU miệng rộng, chống va đập, dành cho trẻ sơ sinh, từ 0 đến 6 tháng tuổi.",False,False,,,,,,[],False,1.13,,0.08,False,False,False,False,,,
908090032828,mother_baby,婴儿奶瓶吸管配件吸奶珠宝宝吸奶水珠钢珠重力球pp重力珠防呛设计,"Phụ kiện ống hút bình sữa, hạt sữa mẹ, hạt sữa cho bé, hạt thép, bi trọng lực, bi trọng lực PP, thiết kế chống nghẹn",False,False,,,,,bi trọng lực,,False,0.897,,0.0,False,False,False,False,,,
760214278055,mother_baby,PPSU储奶瓶宽口径奶瓶适配贝瑞克喜咪乐优合小白熊新贝吸奶器配件,Bình đựng sữa PPSU Bình sữa cỡ rộng phù hợp với phụ kiện máy hút sữa Berek Ximi Le Youhe Little White Bear Xinbei,False,False,,,Little White Bear,,,,False,0.857,,0.41,False,False,False,False,,,
801759773609,mother_baby,高档进口PPSU奶瓶 一口吸防胀气喂奶喝奶6个月宝宝婴儿奶瓶宽口径,"Bình sữa PPSU nhập khẩu cao cấp, bú một ngụm chống đầy hơi, bú sữa, bú sữa cho bé 6 tháng, bình sữa rộng cỡ",False,False,,,,,bú sữa,,False,0.889,,0.0,False,False,False,False,,,
873915765158,mother_baby,贝/亲同款奶瓶大容量耐摔奶瓶材质三代宽口奶瓶学饮杯吸管杯婴儿,"Bình sữa chống rơi dung tích lớn kiểu Beiqin, bình sữa miệng rộng thế hệ thứ ba, cốc tập uống, cốc có ống hút cho trẻ sơ sinh.",False,False,,,,,,,False,0.966,,0.04,False,False,True,False,,,
1039086870780,mother_baby,[新品]PPSU宝宝奶瓶3-6个月一岁以上仿母乳防胀气儿童吸管水杯,"[Sản phẩm mới] Bình sữa PPSU cho bé 3-6 tháng tuổi và trên 1 tuổi, mô phỏng ti mẹ, chống đầy hơi, cốc nước có ống hút cho trẻ em",False,False,,1,,,,[],False,1.167,,0.04,False,True,False,False,,,
754142972111,mother_baby,【一件代发同款】新生儿宽口径底部回气奶瓶玻璃奶瓶硅胶奶嘴,"[Cùng kiểu dáng cho việc giao hàng thả] Bình sữa có đường kính rộng cho trẻ sơ sinh, bình thủy tinh có núm ti silicon",False,False,,,,,,[],False,0.962,,0.04,False,False,False,False,,,
1075924731626,mother_baby,适配贝亲三代宽口径彩绘PPSU奶瓶奶嘴自然实感仿真母乳防胀,"Núm ti PPSU họa tiết vẽ, tương thích bình sữa Pigeon thế hệ 3 cổ rộng, cảm giác tự nhiên như sữa mẹ, chống đầy hơi.",False,False,,3,,,,,False,1.0,,0.04,False,True,True,False,,,
943741139447,mother_baby,新生婴儿玻璃奶瓶初生宝宝防胀气防呛仿母乳高硼硅断奶奶瓶160ml,"Bình sữa thủy tinh cho bé sơ sinh, bé sơ sinh, chống đầy hơi, chống sặc sữa mẹ giả, bình sữa cai sữa bằng borosilicate 160ml",False,False,,,,,bé sơ sinh,,False,0.963,,0.0,False,False,False,False,,,
1016659195208,mother_baby,【贝亲品牌旗舰店】贝亲新生儿奶瓶宽口径高硼硅玻璃奶瓶,"【Cửa hàng chính hãng Pigeon】Bình sữa Pigeon cho trẻ sơ sinh, cổ rộng, thủy tinh borosilicate cao cấp",False,False,,,,,,【】,False,0.792,,0.17,False,False,False,False,,,
1018578564635,mother_baby,【贝亲旗舰店】双把手奶瓶塑料ppsu材质离乳带重力球吸管吸管式,"【Cửa hàng chính hãng Pigeon】Bình sữa hai tay cầm, chất liệu nhựa PPSU, có ống hút và bi trọng lực, dùng cho giai đoạn ngừng bú sữa mẹ",False,False,,,,,,【】,False,1.16,,0.07,False,False,False,False,,,
986973144601,mother_baby,乔治熊鸭嘴杯婴儿喝水PPSU学饮杯6个月以上宝宝吸管奶瓶喝奶防呛,"Cốc uống nước George Bear Duckbill Baby Drinking PPSU Learning Drinking Cup cho bé trên 6 tháng tuổi, bình hút sữa để uống sữa để tránh nghẹt thở",False,False,,,Learning Drinking Cup,,,,False,1.0,,0.32,False,False,False,False,,,
963892371791,mother_baby,新生儿玻璃奶瓶初生偏心仿母乳防呛0到6个月专用婴儿防胀气奶瓶,"Bình sữa thủy tinh sơ sinh, bình sữa giả hình núm vú lệch tâm, chống sặc, bình sữa đặc biệt chống đầy hơi cho bé từ 0 đến 6 tháng",False,False,,,,,,,False,1.0,,0.0,False,False,True,False,,,
665806004800,mother_baby,【PPSU礼盒】布奇宽口径一瓶三用PPSU奶瓶鸭嘴吸管杯240/300ml,[Hộp quà PPSU] Buqi rộng một chai chai PPSU ba mục đích cốc hút miệng vịt 240/300ml,False,False,,,,,,[],False,0.944,,0.07,False,False,False,False,,,
715338758864,mother_baby,【LODI乐迪小象奶瓶专属】新生儿柔软硅胶奶嘴宝宝0-6个月以上,[Dành riêng cho bé Lodi Little Elephant Bình] Núm vú silicon mềm cho bé sơ sinh từ 0-6 tháng tuổi,False,False,,,,,,[],False,0.826,,0.28,False,False,False,False,,,
910276704762,mother_baby,奶瓶ppsu直饮杯6个月2一3岁婴儿童喝奶水便携防漏大容量宽口径,"Bình sữa PPSU uống trực tiếp dành cho trẻ sơ sinh từ 6 tháng đến 3 tuổi, di động, chống rò rỉ, dung tích lớn, miệng rộng.",False,False,2,,,,,,False,1.0,,0.0,False,False,False,False,,,
912188250596,mother_baby,婴儿硅胶奶瓶新生儿宝宝断奶神器液态硅胶带吸管母乳实感奶瓶跨境,"Bình sữa silicone cho bé, đồ dùng cai sữa cho bé sơ sinh, băng keo silicone lỏng, ống hút, bình sữa mẹ, cảm giác rắn, xuyên biên giới",False,False,,,,,,,False,0.933,,0.0,False,False,True,False,xuyên biên giới,,
1072400281745,mother_baby,适配贝亲三代宽口径彩绘PPSU奶瓶奶嘴自然实感仿真母乳防胀,"Tương thích với bình sữa PPSU cổ rộng thế hệ thứ ba của Pigeon, mang lại cảm giác tự nhiên như đang bú sữa mẹ, chống đầy hơi.",False,False,,,,,,,False,1.12,,0.04,False,False,True,False,,,
1049398784236,mother_baby,适配第三代贝亲奶嘴宽口径奶瓶 配件防胀气耐高温自然母乳实,"Núm ti Pigeon thế hệ thứ ba, phụ kiện cho bình sữa cổ rộng, chống đầy hơi, chịu nhiệt độ cao, mô phỏng ti mẹ tự nhiên.",False,False,,,,,,,False,1.0,,0.04,False,True,True,False,,,
964243788985,mother_baby,食品级PP防胀气婴童学饮杯1岁+带手柄防摔吸管奶瓶喝奶奶瓶量大价,"Bình tập uống nước cho bé 1 tuổi chất liệu PP cấp thực phẩm chống đầy hơi + bình hút có tay cầm chống rơi, bình sữa, giá lớn",False,False,,,,,,,False,0.964,,0.0,False,False,True,False,,,
1038451387050,mother_baby,【贝亲】双把手奶瓶塑料ppsu材质离乳带重力球吸管吸管式,"【Pigeon】Bình sữa hai tay cầm, chất liệu nhựa PPSU, có ống hút trọng lực, loại có ống hút",False,False,,,,,,【】,False,0.864,,0.06,False,False,False,False,,,
994033989572,mother_baby,跨境亚马逊PP防胀气奶瓶新生儿宽口径奶瓶多容量英文包装定制批发,"Bình sữa chống đầy hơi Amazon PP xuyên biên giới, bình sữa miệng rộng cho trẻ sơ sinh, nhiều dung tích, bao bì tiếng Anh, bán buôn tùy chỉnh",False,False,,,,,,,False,1.0,,0.07,False,False,True,False,"bán buôn, xuyên biên giới, amazon|temu|shein|tiktok",,
1038922997243,mother_baby,贝/亲同款奶瓶大容量耐摔奶瓶材质三代宽口奶瓶学饮杯吸管杯婴儿,"Bình sữa Bé/Qin cùng mẫu, dung tích lớn, chống rơi vỡ, chất liệu thế hệ 3, bình sữa cổ rộng, cốc tập uống, cốc có ống hút cho bé",False,False,,3,,,,,False,1.0,,0.07,False,True,True,False,,,
687647072729,mother_baby,哆拉哆布宝宝耐摔宽口水杯学饮杯奶瓶一杯三用ppsu奶瓶240/300ml,"Cốc nước miệng rộng chống rơi cho bé Dodo, cốc tập uống, bình cho bé, bình cho bé, bình cho bé ppsu ba lần, 240/300ml",False,False,,,,,bình cho bé,,False,1.087,,0.04,False,False,False,False,,,
818980692803,mother_baby,50个装新生一次性储奶瓶婴儿奶瓶NICU奶瓶送医院早产儿无菌送奶瓶,"50 bình trữ sữa dùng một lần cho trẻ sơ sinh, bình sữa, bình sữa NICU, bình sữa vô trùng cho trẻ sơ sinh bị早产 gửi đến bệnh viện",True,False,,,,,bình sữa,,False,1.037,,0.0,False,False,False,False,,,
1066577936919,mother_baby,玻璃奶瓶婴儿仿母乳底部回气高硼硅初生宝宝防胀气弧形宽口,"Bình sữa thủy tinh borosilicate cao cấp, đáy cong chống đầy hơi, miệng rộng, mô phỏng bú mẹ, dành cho trẻ sơ sinh.",False,False,,,,,,,False,0.852,,0.0,False,False,True,False,,,
1082624990061,mother_baby,防胀气玻璃奶瓶0-6月宽口径PPSU套装定制LOGO,"Bộ bình sữa thủy tinh PPSU cổ rộng chống đầy hơi 0-6 tháng, tùy chỉnh LOGO",False,False,,,,,,,False,1.0,,0.0,False,False,True,False,,,
943651956731,mother_baby,跨境Baby Silicone Bottle 婴儿奶瓶液态硅胶仿母乳实感宝宝奶瓶,Bình sữa bé bé Silicone Bottle xuyên biên giới,False,False,,,,,,,False,0.474,vi_qua_ngan,0.25,False,False,False,False,xuyên biên giới,,
654028243313,mother_baby,PP奶瓶防摔防胀气宽口径仿母乳八个月大容量二岁1-2-3岁宽口5cm,"Bình sữa PP chống rơi, chống đầy hơi, cổ rộng, mô phỏng sữa mẹ, dung tích lớn cho bé 8 tháng tuổi, thích hợp cho trẻ 2 tuổi, 1-2-3 tuổi, miệng rộng 5cm",False,False,,"2, 8",,,,,False,1.25,,0.0,False,False,True,False,,,
1033440957229,mother_baby,【PPSU彩虹好吸杯】儿童喝水喝奶吸管杯学饮杯奶瓶防摔6个月以上,"【Bình tập uống PPSU cầu vồng hút tốt】Bình có ống hút cho trẻ em uống nước, uống sữa, bình tập uống, bình sữa chống rơi vỡ, dành cho bé từ 6 tháng tuổi trở lên",False,False,,,,,,【】,False,1.4,,0.03,False,False,True,False,,,
731828273290,mother_baby,finercare宽口径PP奶瓶婴儿防呛防胀气儿童吸管杯大宝宝断奶奶瓶,Bình sữa PP cỡ lớn finercare bình sữa trẻ em chống sặc và chống đầy hơi cho trẻ sơ sinh bình sữa cai sữa cho trẻ sơ sinh lớn,False,False,,,,,,,False,1.208,,0.0,False,True,True,False,,,
1071370658557,mother_baby,适配三代宽口径贝亲玻璃奶瓶奶嘴自然畅吸实感仿真母乳防,"Núm ti bình sữa thủy tinh Pigeon cổ rộng thế hệ 3, cho cảm giác bú tự nhiên, mô phỏng ti mẹ, chống trào ngược.",False,False,,3,,,,,False,0.923,,0.04,False,True,True,False,,,
754213001493,mother_baby,【同款】新生儿宽口径底部回气奶瓶正品晶钻玻璃奶瓶硅胶奶嘴,"[Đoạn tương tự] Bình sữa trẻ sơ sinh dạng ống rộng, Bình sữa thủy tinh pha lê chính hãng, núm vú Silicone",False,False,,,,,,[],False,0.846,,0.14,False,False,False,False,,,
1074597221434,mother_baby,皇嗣ppsu奶瓶适配第3代母乳实感鸭嘴直饮吸管杯160/240/300ml,"Bình sữa PPSU Hoàng Thức tương thích với cốc ống hút uống trực tiếp vòi mỏ vịt mô phỏng cảm giác bú sữa mẹ thế hệ thứ 3, dung tích 160/240/300ml",False,False,,,,,,,False,1.579,vi_qua_dai,0.07,False,False,False,False,,,
1055788811732,mother_baby,贝/亲同款奶瓶大容量耐摔奶瓶材质三代宽口奶瓶学饮杯吸管杯婴儿,"Bình sữa cùng mẫu Bé/Quyến Rũ, dung tích lớn, chống rơi vỡ, chất liệu thế hệ 3, bình sữa cổ rộng, cốc tập uống, cốc có ống hút cho bé.",False,False,,3,,,,,False,1.034,,0.1,False,False,True,False,,,
1056079190710,mother_baby,跨境同款新生儿奶瓶宽口径PP带刻度大容量婴儿宝宝防胀气专用奶瓶,"Bình sữa trẻ sơ sinh cổ rộng, chất liệu PP, có vạch chia dung tích, dung tích lớn, chống đầy hơi, chuyên dụng cho bé. Mẫu hot xuyên biên giới.",False,False,,,,,dung tích,,False,1.034,,0.04,False,True,False,False,xuyên biên giới,,
955734466382,mother_baby,工厂直发宠物奶瓶套装狗狗奶瓶幼犬猫咪幼猫奶瓶多奶嘴软嘴带奶瓶,"Bộ bình sữa thú cưng giao trực tiếp từ nhà máy, bình sữa cho chó, chó con, mèo, mèo con, nhiều núm ti, núm ti mềm, kèm bình sữa.",False,False,,,,,núm ti,,False,0.967,,0.0,False,False,False,False,nhà máy|nhà sản xuất,,
1064814217312,mother_baby,儿早产儿奶瓶一次性奶瓶免洗即用塑料奶瓶供应链跨境工厂外贸批发,"Bình sữa trẻ sơ sinh, bình sữa dùng một lần, bình sữa nhựa dùng ngay không cần rửa, chuỗi cung ứng, nhà máy xuyên biên giới, bán buôn ngoại thương",False,False,,,,,,,False,1.0,,0.0,False,False,True,False,"bán buôn, xuyên biên giới, nhà máy|nhà sản xuất",,
851885595304,mother_baby,新生婴儿奶瓶0-3个月初生宝宝防呛防胀气喂水喂药迷你护理小奶瓶,Bình sữa cho bé sơ sinh 0-3 tháng bé sơ sinh,False,False,,,,,,,False,0.357,vi_qua_ngan,0.0,False,False,False,False,,,
1046660902124,mother_baby,适配贝亲三代宽口径彩绘PPSU奶瓶奶嘴自然实感仿真母乳防胀,"Núm ti PPSU họa tiết vẽ, tương thích bình sữa Pigeon thế hệ 3 cổ rộng, cảm giác tự nhiên như sữa mẹ, chống đầy hơi.",False,False,,3,,,,,False,1.0,,0.04,False,True,True,False,,,
833252247172,mother_baby,婴儿奶瓶宝宝喝奶喝水PP奶瓶婴童用品防母乳硅胶奶嘴防胀气跨境,"Bình sữa trẻ em, sữa trẻ em, nước uống, bình PP, sản phẩm dành cho trẻ em, núm vú silicone chống sữa mẹ, chống đầy hơi xuyên biên giới",False,False,,,,,sữa trẻ em,,False,1.036,,0.0,False,False,False,False,xuyên biên giới,,
1070537479496,mother_baby,适配三代宽口径PPSU贝亲奶瓶新生宝宝防摔防胀气 奶瓶奶嘴,"Bình sữa PPSU Pigeon cổ rộng thế hệ 3, chống rơi vỡ, chống đầy hơi cho trẻ sơ sinh, núm ti bình sữa",False,False,,3,,,,,False,0.917,,0.05,False,False,True,False,,,
1071897932198,mother_baby,PPSU儿童直饮吸管杯6月+一键翻盖宝宝喝奶水杯婴儿防呛奶瓶鸭嘴杯,"Ly uống trực tiếp có ống hút làm từ chất liệu PPSU, an toàn cho trẻ em, phù hợp với trẻ từ 6 tháng tuổi trở lên. Ly có nắp bật một chạm, được thiết kế để trẻ dễ dàng uống sữa và nước, đồng thời có vòi uống hình mỏ vịt để tránh trẻ bị nghẹn.",False,False,,,,,,,False,2.074,vi_qua_dai,0.02,False,False,False,False,,,
1077807209970,mother_baby,适配三代宽口径贝亲玻璃奶瓶奶嘴自然畅吸实感仿真母乳防,"Tương thích với các loại bình sữa thủy tinh Pigeon thế hệ thứ ba, với thiết kế miệng bình rộng, núm vú giả mang lại trải nghiệm bú tự nhiên và thoải mái, mô phỏng cảm giác như đang bú sữa mẹ.",False,False,,,,,,,False,1.615,vi_qua_dai,0.02,False,True,True,False,,,
974003958638,mother_baby,Yahababy跨境专供55口径适配新安*婴儿奶瓶宽口径防胀气婴儿奶瓶,"Yahababy xuyên biên giới chuyên về bình sữa trẻ em Xin'an* 55 cỡ lớn, miệng rộng, chống đầy hơi",False,False,,,,,,*,False,0.792,,0.06,False,False,False,False,xuyên biên giới,,
966861936161,mother_baby,哈特丽 宠物奶瓶单个 狗奶瓶猫奶瓶 猫咪奶瓶 幼犬幼猫奶瓶 50ml,Chai thú cưng Hartley chai chó đơn chai mèo chai mèo chai chó con và mèo con 50ml,False,False,,,,,chai mèo,,False,0.72,,0.06,False,False,True,False,,,
1057610635204,mother_baby,【官方正品】霍格Hoag婴儿玻璃奶瓶防胀气奶嘴新生宝宝防呛喝水瓶,"[Sản phẩm chính hãng] Bình sữa thủy tinh Hoag Baby có núm vú chống đầy hơi, được thiết kế dành cho trẻ sơ sinh để ngăn ngừa sặc khi uống nước.",False,False,,,,,,[],False,1.192,,0.1,False,False,False,False,,,
915690270315,mother_baby,180ml儿童高脚杯牛奶杯奶瓶宝宝喝水家用杯直饮果汁酒杯式奶瓶,"180ml cốc đựng thức ăn cho trẻ em, bình sữa, bình sữa, nước uống cho bé, cốc gia đình, nước uống trực tiếp, bình sữa",False,False,,,,,bình sữa,,False,0.962,,0.0,False,False,False,False,,,
794658904125,mother_baby,婴儿新生儿奶瓶底部回气玻璃奶瓶宽口径初生婴儿防呛防胀气,Bình sữa trẻ sơ sinh trẻ sơ sinh đáy bình sữa thủy tinh cỡ lớn chống sặc và chống đầy hơi cho trẻ sơ sinh,False,False,,,,,trẻ sơ sinh,,False,0.926,,0.0,False,False,False,False,,,
1020864878854,mother_baby,适配第三代贝亲奶嘴宽口径奶瓶 配件防胀气耐高温自然母乳实,"Núm ti Pigeon thế hệ thứ ba, phụ kiện cho bình sữa cổ rộng, chống đầy hơi, chịu nhiệt độ cao, mô phỏng ti mẹ tự nhiên.",False,False,,,,,,,False,1.0,,0.04,False,True,True,False,,,
1020234123453,mother_baby,适配三代宽口径PPSU贝亲奶瓶新生宝宝防摔防胀气 奶瓶奶嘴,"Tương thích với bình sữa PPSU cổ rộng thế hệ thứ ba của Pigeon, được thiết kế dành cho trẻ sơ sinh, có khả năng chống rơi và chống đầy hơi. Bao gồm bình sữa và núm vú.",False,False,,,,,,,False,1.583,vi_qua_dai,0.06,False,True,True,False,,,
1018921500592,mother_baby,【贝亲品牌旗舰店】贝亲新生儿宽口玻璃奶瓶高硼硅玻璃无把手,"【Cửa hàng chính hãng Pigeon】Bình sữa thủy tinh cổ rộng Pigeon cho trẻ sơ sinh, thủy tinh borosilicate cao cấp, không tay cầm",False,False,,,,,,【】,False,0.923,,0.13,False,False,False,False,,,
1077183213060,mother_baby,[亏本冲量]四喜同款新生儿PPSU底部回气防胀气奶瓶防呛防漏160ml,"[Giảm giá lỗ vốn để đẩy hàng] Bình sữa PPSU đáy có van xả khí chống đầy hơi, chống sặc, chống rò rỉ, 160ml, mẫu Tứ Hỷ, dành cho trẻ sơ sinh",False,False,,,,,,[],False,1.333,,0.1,False,False,False,False,,,
1076782018427,mother_baby,适配三代宽口径PPSU贝亲奶瓶新生宝宝防摔防胀气 奶瓶奶嘴,"Tương thích với bình sữa PPSU cổ rộng thế hệ thứ ba của Pigeon, được thiết kế dành cho trẻ sơ sinh, có khả năng chống rơi và chống đầy hơi. Bao gồm bình sữa và núm vú.",False,False,,,,,,,False,1.583,vi_qua_dai,0.06,False,True,True,False,,,
1002141232196,mother_baby,甄钻晶旋盖PPSU奶瓶240/300ml新生儿防胀气支持定制批宽口径,"Bình sữa trẻ sơ sinh Zhenzuan Crystal Twist Cap PPSU 240/300ml, chống đầy hơi, hỗ trợ tùy chỉnh, cổ rộng.",False,False,,,Crystal Twist Cap,,,,False,0.952,,0.22,False,False,False,False,,,
663593487883,mother_baby,派巴贝特新款宝宝喂养奶瓶120mlppsu新生儿小奶瓶耐高温奶瓶73752,Bình bú trẻ sơ sinh trẻ sơ sinh 120mlppsu bình sữa trẻ sơ sinh chống nhiệt độ cao 73752,False,False,,,,,trẻ sơ sinh,,False,0.783,,0.0,False,False,False,False,,,
1018557340862,mother_baby,【贝亲品牌旗舰店】贝亲自然实感三代宽口径PPSU奶瓶无把手无重力,"【Cửa hàng chính hãng Pigeon】Bình sữa Pigeon Natural Feel Gen 3, chất liệu PPSU, miệng rộng, không tay cầm, thiết kế Zero Gravity.",False,False,,3,,,,【】,False,0.885,,0.38,False,False,False,False,,,
927503783654,mother_baby,跨境热卖奶瓶婴幼儿宝宝喝奶超软母乳感新生儿防胀气防摔手柄奶嘴,"Bình sữa bán chạy xuyên biên giới, trẻ sơ sinh, trẻ sơ sinh, sữa, sữa mẹ siêu mềm, chống đầy hơi, chống rơi, núm vú giả",False,False,,,,,trẻ sơ sinh,,False,0.867,,0.0,False,False,False,False,xuyên biên giới,,
754292449272,mother_baby,Minitutu新生儿0-3-6个月PPSU感温奶瓶防胀气防呛从底部回气排气,Bình sữa cảm biến nhiệt độ PPSU cho trẻ sơ sinh Minitutu 0-6 tháng,False,False,3,,,,,,False,0.619,,0.09,False,False,False,False,,,
999548367294,mother_baby,PP奶瓶防摔防胀气宽口径仿母乳八个月大容量二岁1-2-3岁宽口5cm,Bình sữa PP chống rơi và chống đầy hơi đường kính rộng giả sữa mẹ 8 tháng tuổi dung tích lớn 2 tuổi 1-2-3 tuổi miệng rộng 5cm,False,False,,"2, 8",,,,,False,1.042,,0.0,False,False,True,False,,,
971558700086,mother_baby,新生儿玻璃奶瓶初生偏心仿母乳防呛0到6个月专用婴儿防胀气奶瓶,"Bình sữa thủy tinh cho trẻ sơ sinh, thiết kế độc đáo mô phỏng sữa mẹ, chống sặc, phù hợp cho bé từ 0 đến 6 tháng tuổi, bình sữa chống đầy hơi.",False,False,,,,,,,False,1.107,,0.0,False,False,True,False,,,
749844183125,mother_baby,玻璃奶瓶新生儿两用鸭嘴水杯婴儿童用品宝宝奶瓶套装厂家批发跨境,"Bình sữa thủy tinh, cốc nước mỏ vịt lưỡng dụng cho trẻ sơ sinh, sản phẩm dành cho trẻ sơ sinh, bộ bình sữa trẻ em, nhà sản xuất bán buôn xuyên biên giới",False,False,,,,,,,False,1.133,,0.0,False,False,True,False,"bán buôn, xuyên biên giới, nhà máy|nhà sản xuất",,
838839608268,mother_baby,Minitutu世*喜同款婴儿硅胶奶瓶7.2奶瓶防呛漏仿母乳宝宝断奶奶瓶,Minitutu * Hi cùng mẫu Bình sữa silicone cho bé 7.2 Bình sữa chống sặc sữa giả Bình sữa cai sữa cho bé,False,False,,,,,,*,False,0.875,,0.2,False,False,False,False,,,
1075481358589,mother_baby,儿早产儿奶瓶一次性奶瓶免洗即用塑料奶瓶供应链跨境工厂外贸批发,"Bình sữa trẻ sơ sinh, bình sữa dùng một lần, bình sữa nhựa dùng ngay không cần rửa, chuỗi cung ứng, nhà máy xuyên biên giới, bán buôn ngoại thương.",False,False,,,,,,,False,1.0,,0.0,False,True,True,False,"bán buôn, xuyên biên giới, nhà máy|nhà sản xuất",,
941513875874,mother_baby,6厘米玻璃奶瓶百日瓶婴儿防胀气-个月宝宝初生防呛婴儿防胀气玻璃,Bình thủy tinh 6 cm 100 ngày bình chống đầy hơi cho bé,False,False,,100,,,,,False,0.379,vi_qua_ngan,0.0,False,False,False,False,,,
1075924731625,mother_baby,适配第三代贝亲奶嘴宽口径奶瓶 配件防胀气耐高温自然母乳实,"Tương thích với núm vú và bình sữa cổ rộng thế hệ thứ ba của Pigeon; các phụ kiện đi kèm có tính năng chống đầy hơi và chịu nhiệt độ cao, mô phỏng quá trình cho con bú tự nhiên.",False,False,,,,,,,False,1.519,,0.02,False,False,True,False,,,
1070373108493,mother_baby,跨境同款新生儿奶瓶宽口径PP带刻度大容量婴儿宝宝防胀气专用奶瓶,"Bình sữa trẻ sơ sinh cổ rộng, chất liệu PP, có vạch chia dung tích, dung tích lớn, chống đầy hơi, chuyên dụng cho bé. Mẫu hot xuyên biên giới.",False,False,,,,,dung tích,,False,1.034,,0.04,False,True,False,False,xuyên biên giới,,
1050355698197,mother_baby,奶瓶PPSU翻盖学饮杯吸管奶瓶1-2-3岁以上大宝宝直饮杯喝水杯婴儿,"Bình sữa PPSU nắp lật, cốc tập uống có ống hút, bình sữa cho bé lớn từ 1-2-3 tuổi trở lên, cốc uống trực tiếp, cốc uống nước cho trẻ sơ sinh",False,False,,,,,,,False,1.24,,0.0,False,False,True,False,,,
1052513117607,mother_baby,PPSU奶瓶断奶防胀气1岁以上6个月宝宝婴童儿吸管学饮杯仿母乳奶嘴,"Bình sữa PPSU chống đầy hơi, cốc tập uống có ống hút cho bé từ 6 tháng tuổi trở lên, núm ti giả mô phỏng ti mẹ.",False,False,1,,,,,,False,0.963,,0.0,False,False,False,False,,,
781953135524,mother_baby,欧贝妮新生儿偏心玻璃奶瓶0-6个月防胀气初生宝宝安心瓶官方正品,Bình sữa thủy tinh lệch tâm Oubeni cho trẻ sơ sinh 0-6 tháng tuổi Bình an toàn cho bé sơ sinh chống đầy hơi Sản phẩm chính hãng chính hãng,False,False,,,,,chính hãng,,False,1.036,,0.11,False,False,False,False,,,
1026860345196,mother_baby,婴儿硅胶奶瓶新生儿宝宝断奶神器液态硅胶带吸管母乳实感奶瓶跨境,"Bình sữa silicon cho bé sơ sinh, dụng cụ hỗ trợ cai sữa, bình sữa silicon lỏng có ống hút, tạo cảm giác như bú sữa mẹ, hàng xuyên biên giới.",False,False,,,,,,,False,1.033,,0.0,False,False,True,False,xuyên biên giới,,
1038353307808,mother_baby,[新品]PPSU宝宝奶瓶3-6个月一岁以上仿母乳防胀气儿童吸管水杯,"[Sản phẩm mới] Bình sữa PPSU cho bé 3-6 tháng tuổi và trên 1 tuổi, mô phỏng ti mẹ, chống đầy hơi, cốc nước có ống hút cho trẻ em",False,False,,1,,,,[],False,1.167,,0.04,False,True,False,False,,,
934478847412,mother_baby,奶瓶PPSU翻盖学饮杯吸管奶瓶1-2-3岁以上大宝宝直饮杯喝水杯婴儿,Bình sữa PPSU nắp lật cốc uống nước ống hút bình sữa trẻ em 1-2-3 tuổi bình uống trực tiếp cho bé lớn cốc uống nước cho bé,False,False,,,,,,,False,1.08,,0.0,False,True,True,False,,,
712739950340,mother_baby,加倍爱初生婴儿新生儿高硼硅玻璃奶瓶防胀气宝宝宽口径果汁小奶瓶,Bình sữa thủy tinh borosilicate sơ sinh cho trẻ sơ sinh,False,False,,,,,,,False,0.367,vi_qua_ngan,0.0,False,False,False,False,,,
818493406532,mother_baby,finercare宽口径PP奶瓶婴儿防呛防胀气儿童吸管杯大宝宝断奶奶瓶,Bình sữa PP cỡ lớn finercare bình sữa trẻ em chống sặc và chống đầy hơi cho trẻ sơ sinh bình sữa cai sữa cho trẻ sơ sinh lớn,False,False,,,,,,,False,1.208,,0.0,False,True,True,False,,,
1047549386069,mother_baby,适配三代宽口径贝亲玻璃奶瓶奶嘴自然畅吸实感仿真母乳防,"Núm ti bình sữa thủy tinh Pigeon cổ rộng thế hệ 3, cho cảm giác bú tự nhiên, mô phỏng ti mẹ, chống trào ngược.",False,False,,3,,,,,False,0.923,,0.04,False,True,True,False,,,
649093813644,mother_baby,lodi乐迪奶瓶专用配件新生婴儿广口径中偏心一口吸奶嘴学饮吸水嘴,Phụ kiện đặc biệt cho bình sữa Lodi cho bé sơ sinh,False,False,,,,,,,False,0.429,vi_qua_ngan,0.09,False,False,False,False,,,
1031715708727,mother_baby,适配三代宽口径贝亲玻璃奶瓶奶嘴自然畅吸实感仿真母乳防,"Tương thích với các loại bình sữa thủy tinh Pigeon thế hệ thứ ba, với thiết kế miệng bình rộng, núm vú giả mang lại trải nghiệm bú tự nhiên và thoải mái, mô phỏng cảm giác như đang bú sữa mẹ.",False,False,,,,,,,False,1.615,vi_qua_dai,0.02,False,True,True,False,,,
1076095316956,mother_baby,重生娃娃仿真娃娃奶瓶套装玩具仿真吸附玩嘴磁铁安抚奶嘴磁铁玩嘴,"Búp bê tái tạo, búp bê giống thật, bộ đồ chơi, đồ chơi, miếng hút chân không giống thật, núm ngậm có nam châm, đồ chơi có nam châm.",False,False,,,,,đồ chơi,,False,0.967,,0.0,False,False,False,False,,,
962119920156,mother_baby,水杯奶瓶婴儿防胀气宽口径奶嘴超柔软初生儿奶瓶可爱06个月,"Cốc nước, bình sữa, núm ti chống đầy hơi đường kính rộng, bình sữa sơ sinh siêu mềm, dễ thương 06 tháng",False,False,,,,,,,False,0.808,,0.0,False,False,True,False,,,
730492555814,mother_baby,finercare宽口径PP奶瓶婴儿防呛防胀气儿童吸管杯大宝宝断奶奶瓶,Bình bú sữa PP cỡ lớn finercare bình bú trẻ em chống sặc và chống đầy hơi bình bú trẻ em bình bú cai sữa trẻ em cỡ lớn,False,False,,,,,,,False,1.208,,0.0,False,False,True,False,,,
674359597296,mother_baby,哈特丽 宠物奶瓶单个 狗奶瓶猫奶瓶 猫咪奶瓶 幼犬幼猫奶瓶 50ml,Bình sữa cho thú cưng Hateli Bình sữa cho chó đơn Bình Sữa cho mèo Bình sữa cho chó con Bình sữa cho chó con 50ml,False,False,,,,,,,False,1.04,,0.24,False,False,True,False,,,
793995449619,mother_baby,【PPSU感温一瓶三用】BABYPALPPSU奶瓶学饮/吸管/鸭嘴/晶透罩软胶,"[Bình sữa PPSU nhạy cảm với nhiệt độ, ba chức năng sử dụng] Bình sữa BABYPALPPSU dành cho bé tập uống/ống hút/vòi vịt/vỏ mềm trong suốt như pha lê",False,False,,,,,,[],False,1.684,vi_qua_dai,0.03,False,False,False,False,,,
952925711005,mother_baby,优可倍宝宝奶瓶6个月以上防胀气婴儿奶瓶1-2-3岁断奶神器耐摔品牌,Bình sữa trẻ em Youkbei bình sữa trẻ em chống đầy hơi trên 6 tháng tuổi 1-2-3 tuổi dụng cụ cai sữa thương hiệu chống rơi,False,False,,,,,,,False,0.889,,0.04,False,False,True,False,,,
1005338700176,mother_baby,【贝亲授权正品】贝亲早产儿玻璃奶瓶无奶嘴,【Sản phẩm chính hãng được ủy quyền Pigeon】Bình sữa thủy tinh Pigeon cho trẻ sinh non không núm ti,False,False,,,,,,【】,False,1.111,,0.16,False,False,False,False,,,
793977004785,mother_baby,BABYPAL宽口玻璃奶瓶【贝*亲同款第三代新生儿玻璃奶瓶】高鹏硅晶,Bình thủy tinh miệng rộng BABYPAL [Vỏ * Bình thủy tinh sơ sinh thế hệ thứ ba giống nhau] Gao Peng Silicon Crystal,False,False,,,,,,*[],False,0.917,,0.3,False,False,False,False,,,
895894584320,mother_baby,PPSU奶瓶防胀气6个月以上吸管杯1-3岁宝宝断奶奶瓶防呛【礼盒装】,Bình sữa PPSU chống đầy hơi Cốc ống hút trên 6 tháng tuổi Bé 1-3 tuổi cai sữa Bình sữa chống sặc [Hộp quà],False,False,,,,,,[],False,0.917,,0.2,False,False,False,False,,,
746834431089,mother_baby,宝贝三代奶瓶配件瓶身贝.亲防宽口径奶瓶婴儿奶嘴奶瓶防胀气奶瓶,"Phụ kiện bình sữa, thân bình sữa, bình sữa cổ rộng chống đầy hơi, núm ti cho bé, bình sữa chống đầy hơi cho bé.",False,False,,,,,bình sữa,,False,0.862,,0.0,False,False,False,False,,,
583703188182,mother_baby,欧贝妮 带硅胶套玻璃奶瓶 高硼硅玻璃宝宝奶瓶 240ml奶瓶厂家批发,Oubeini có vỏ Silicone Chai Thủy Tinh chai thủy tinh borosilicate chai 240ml nhà sản xuất bán buôn,False,False,,,,,chai thủy tinh,,False,0.692,,0.24,False,False,False,False,"bán buôn, nhà máy|nhà sản xuất",,
733214951210,mother_baby,戒断奶神器硅胶奶瓶刷新生婴儿6个月1岁以上宝宝奶嘴母乳弧形设计,"Bình sữa silicone hỗ trợ ăn dặm cho trẻ sơ sinh, từ 6 tháng tuổi trở lên, núm vú giả cho bé với thiết kế hình vòng cung sữa mẹ.",False,False,1,,,,,,False,1.0,,0.0,False,False,False,False,,,
1083458948340,mother_baby,儿早产儿奶瓶一次性奶瓶免洗即用塑料奶瓶供应链跨境工厂外贸批发,"Bình sữa trẻ sơ sinh, bình sữa dùng một lần, bình sữa nhựa dùng ngay không cần rửa, chuỗi cung ứng, nhà máy xuyên biên giới, bán buôn ngoại thương.",False,False,,,,,,,False,1.0,,0.0,False,True,True,False,"bán buôn, xuyên biên giới, nhà máy|nhà sản xuất",,
1070538403448,mother_baby,适配三代宽口径彩绘PPSU贝亲奶瓶 奶嘴自然实感仿真母乳防胀,"Tương thích với bình sữa PPSU Pigeon cổ rộng, nhiều màu sắc thế hệ thứ ba; núm vú mang lại trải nghiệm bú tự nhiên và chân thực, ngăn ngừa đầy hơi.",False,False,,,,,,,False,1.28,,0.03,False,False,True,False,,,
1063481158272,mother_baby,玻璃奶瓶婴儿仿母乳底部回气高硼硅初生宝宝防胀气弧形宽口,"Bình sữa thủy tinh, được thiết kế để mô phỏng quá trình bú sữa mẹ, có lỗ thông khí ở đáy, làm từ thủy tinh borosilicate chất lượng cao, phù hợp cho trẻ sơ sinh, giúp ngăn ngừa tình trạng tích tụ khí trong ruột và có miệng bình cong, rộng.",False,False,,,,,,,False,1.889,vi_qua_dai,0.0,False,False,True,False,,,
1052607293669,mother_baby,水杯奶瓶婴儿防胀气宽口径奶嘴超柔软初生儿奶瓶可爱06个月,"Bình sữa chống đầy hơi cho bé, núm ti cổ rộng siêu mềm, bình sữa sơ sinh dễ thương, 0-6 tháng tuổi.",False,False,06,"0, 6",,,,,False,0.808,,0.0,False,False,True,False,,,
921773508349,mother_baby,防胀气玻璃奶瓶0-6月宽口径PPSU套装定制LOGO,"Bình sữa thủy tinh chống đầy hơi cho bé 0-6 tháng, miệng rộng, chất liệu PPSU, kèm logo tùy chỉnh",False,False,,,,,,,False,1.267,,0.0,False,False,True,False,,,
720237977912,mother_baby,哆拉哆布宝宝奶瓶硅胶奶瓶带防尘盖轻松喂养150/250ml6463/6464,Bình sữa trẻ em Dodo Bình sữa trẻ em Silicon có nắp che bụi dễ dàng cho trẻ bú 150/250ml646 3/6464,False,False,6463,"3, 646",,,,,False,1.0,,0.16,False,False,False,False,,,
1062590474868,mother_baby,新生儿玻璃奶瓶初生偏心仿母乳防呛0到6个月专用婴儿防胀气奶瓶,"Bình sữa thủy tinh cho trẻ sơ sinh, thiết kế lệch tâm mô phỏng ti mẹ, chống sặc, chuyên dụng cho bé 0-6 tháng tuổi, bình sữa chống đầy hơi.",False,False,,,,,,,False,1.036,,0.0,False,False,True,False,,,
1070883909887,mother_baby,儿早产儿奶瓶一次性奶瓶免洗即用塑料奶瓶供应链跨境工厂外贸批发,"Bình sữa trẻ sơ sinh, bình sữa dùng một lần, bình sữa nhựa dùng ngay không cần rửa, chuỗi cung ứng, nhà máy xuyên biên giới, bán buôn ngoại thương.",False,False,,,,,,,False,1.0,,0.0,False,True,True,False,"bán buôn, xuyên biên giới, nhà máy|nhà sản xuất",,
1075487010280,mother_baby,50个】新生儿一次性灭菌储奶瓶母乳保鲜瓶早产儿宽口奶振尾荣,"50 chiếc] Bình trữ sữa mẹ dùng một lần, đã được khử trùng, dành cho trẻ sơ sinh, bình miệng rộng cho trẻ non tháng, thiết kế dạng đuôi.",False,False,,,,,,],False,1.077,,0.04,False,False,False,False,,,
616182237742,mother_baby,玻璃奶瓶新生儿两用鸭嘴水杯婴儿童用品宝宝奶瓶套装厂家批发跨境,Bình Thủy Tinh Sơ Sinh Đôi Mỏ Vịt Cốc Nước Sản Phẩm Cho Bé Bộ Bình Sữa Nhà Sản Xuất Bán Buôn Xuyên Biên Giới,False,False,,,,,,,False,0.833,,1.0,True,False,True,False,"bán buôn, xuyên biên giới, nhà máy|nhà sản xuất",,
1013562067427,mother_baby,【专项链接】儿童防喷防胀气吸管学饮杯一瓶三用喝水喝奶吸管奶瓶,"【Link đặc biệt】Bình tập uống có ống hút chống sặc, chống đầy hơi cho bé, một bình ba công dụng: uống nước, uống sữa, bình sữa có ống hút",False,False,,,,,,【】,False,1.071,,0.03,False,False,False,False,,,
1028512290735,mother_baby,优可倍宝宝奶瓶6个月以上防胀气婴儿奶瓶1-2-3岁断奶神器耐摔品牌,"Bình sữa trẻ em Youkebei, chống đầy hơi, dùng cho bé từ 6 tháng tuổi trở lên, bình sữa cho bé 1-2-3 tuổi, dụng cụ hỗ trợ cai sữa, chống rơi vỡ, thương hiệu uy tín.",False,False,,,,,,,False,1.259,,0.03,False,False,True,False,,,
793905542666,mother_baby,【贝*亲同款】BABYPAL进口材质三代宽口奶瓶学饮杯吸管杯婴儿奶嘴,"[Bei * pro cùng mẫu] Chất liệu nhập khẩu BABYPAL Bình sữa miệng rộng thế hệ thứ ba, cốc tập uống, cốc hút, núm vú giả cho bé",False,False,,,,,,*[],False,1.125,,0.08,False,False,False,False,,,
1048493409884,mother_baby,适配三代宽口径彩绘PPSU贝亲奶瓶 奶嘴自然实感仿真母乳防胀,"Núm ti PPSU Pigeon tương thích bình sữa cổ rộng thế hệ 3, thiết kế vẽ màu, cảm giác tự nhiên như ti mẹ, chống đầy hơi.",False,False,,3,,,,,False,1.04,,0.04,False,False,True,False,,,
1061790267500,mother_baby,跨境亚马逊PP防胀气奶瓶新生儿宽口径奶瓶多容量英文包装定制批发,"Bình sữa chống đầy hơi Amazon PP xuyên biên giới, bình sữa cổ rộng cho trẻ sơ sinh, nhiều dung tích, bao bì tiếng Anh, bán buôn theo yêu cầu.",False,False,,,,,,,False,1.034,,0.07,False,False,True,False,"bán buôn, xuyên biên giới, amazon|temu|shein|tiktok",,
1061808495034,mother_baby,食品级PP防胀气婴童学饮杯1岁+带手柄防摔吸管奶瓶喝奶奶瓶量大价,"Ly tập uống cho bé làm từ nhựa PP an toàn, không gây đầy hơi, phù hợp cho bé từ 1 tuổi trở lên, có tay cầm, ống hút chống rơi và dung tích lớn, hiện có giá rất tốt.",False,False,,,,,,,False,1.393,,0.0,False,False,True,False,,,
1057872143640,mother_baby,贝/亲同款奶瓶大容量耐摔奶瓶材质三代宽口奶瓶学饮杯吸管杯婴儿,"Bình sữa Bé/Qin cùng mẫu, dung tích lớn, chống rơi vỡ, chất liệu thế hệ 3, bình sữa cổ rộng, cốc tập uống, cốc có ống hút cho bé",False,False,,3,,,,,False,1.0,,0.07,False,True,True,False,,,
1074917145514,shoes,26原标男女休闲校园学生板鞋爆款印花刺绣厚底增高版本运动鞋潮款,"Giày thể thao nam nữ phong cách học đường, giày ván đế dày tăng chiều cao, in thêu họa tiết, mẫu hot, phiên bản thời trang.",False,False,26,,,,,,False,0.897,,0.0,False,False,False,False,,,
978626119371,shoes,男鞋春季工地干活工作劳保鞋男士运动休闲复古厚底增高工装老爹鞋,"Giày nam đi công trường mùa xuân, giày bảo hộ lao động, giày thể thao nam phong cách retro đế dày tăng chiều cao, giày bố.",False,False,,,,,,,False,0.867,,0.0,False,True,False,False,,,
1061040835500,shoes,跨境批发透气运动鞋男女巴黎中帮绑带袜子靴针织弹力袜子鞋男鞋,"Giày thể thao thoáng khí, bán buôn xuyên biên giới, kiểu dáng trung tính, giày bốt cổ cao buộc dây kiểu Paris, tất dệt co giãn, giày nam.",False,False,,,,,,,False,0.966,,0.04,False,False,True,False,"bán buôn, xuyên biên giới",,
917145577146,shoes,男士2025春夏新款时尚复古潮流轮胎底休闲老爹厚底爆款百搭运动鞋,Giày thể thao nam dễ phối mẫu bình thường đế dày đế dày đế dày thời trang retro thời trang mẫu mới xuân hè 2025,False,False,,,,,đế dày,,False,0.857,,0.0,False,False,False,False,,,
1027548696963,shoes,欧伦啄木鸟特价减震跑步鞋男鞋爆款百搭透气防滑防臭休闲运动鞋潮,"Giày chạy bộ giảm chấn Oulun Woodpecker, phiên bản đặc biệt dành cho nam, kiểu dáng phổ biến, đa năng, thoáng khí, chống trượt, khử mùi, phù hợp cho các hoạt động thể thao và đi lại hàng ngày.",False,False,,,,,,,False,1.3,,0.05,False,False,True,False,,,
957100414933,shoes,鞋子男鞋百搭新款运动透气休闲鞋厂家直销飞织软底不臭脚健步鞋,"Giày thể thao và giày thường ngày đa năng, kiểu dáng mới dành cho nam, thoáng khí, được sản xuất trực tiếp từ nhà máy, với phần thân giày làm từ chất liệu Flyknit, đế mềm và thiết kế chống mùi, rất phù hợp để đi bộ.",False,False,,,,,,,False,1.621,vi_qua_dai,0.02,False,False,False,False,nhà máy|nhà sản xuất,,
980546820026,shoes,男鞋春季工地干活工作劳保鞋男士运动休闲复古厚底增高工装老爹鞋,"Giày nam đi công trường mùa xuân, giày bảo hộ lao động, giày thể thao nam phong cách retro đế dày tăng chiều cao, giày bố.",False,False,,,,,,,False,0.867,,0.0,False,True,False,False,,,
987515022828,shoes,莆田男鞋2025新款秋冬潮牌休闲百搭阿甘板鞋男士轻便软底运动潮鞋,Giày nam Phủ Điền 2025 mới thu đông thời trang thương hiệu đa năng giày thể thao Forrest Gump nam nhẹ đế mềm giày thể thao thời trang,False,False,,,,,,,False,0.964,,0.15,False,True,False,False,,,
894537624667,shoes,外贸男款夏季新款运动潮鞋防滑休闲跑步鞋飞织透气舒适小白鞋批发,Thương Mại Nước Ngoài Nam Mùa Hè Mới Giày Thể Thao Chống Trơn Trượt Giày Chạy Bộ Bay Dệt Thoáng Khí Thoải Mái Giày Trắng Bán Buôn,False,False,,,,,,,False,0.9,,1.0,True,True,True,False,bán buôn,,
1052025940543,shoes,【万达撤柜】美式运动休闲鞋百搭板鞋全麂皮黑色胖胖面包鞋男板鞋,"【Wanda thanh lý】Giày thể thao casual kiểu Mỹ, giày ván dễ phối đồ, toàn bộ da lộn màu đen, giày bánh mì nam",False,False,,,,,,【】,False,0.857,,0.09,False,False,False,False,,,
946684133440,shoes,男鞋冬季透气潮流百搭休闲白色板鞋青少年防滑运动厚底增高小白鞋,"Giày thể thao nam mùa đông thoáng khí, thời trang, đa năng, kiểu dáng thường ngày màu trắng dành cho thanh thiếu niên, đế dày chống trơn, tăng chiều cao.",False,False,,,,,,,False,1.0,,0.0,False,True,False,False,,,
903677385832,shoes,【真皮软皮】男鞋增高6cm黑色皮鞋秋季厚底防水休闲板鞋高档防臭,[Da mềm da thật] Giày nam giày da đen tăng chiều cao 6cm giày đế bằng thường ngày chống nước đế dày mùa thu chống mùi cao cấp,False,False,,,,,,[],False,1.077,,0.04,False,False,False,False,,,
999184450213,shoes,男鞋冬季百搭休闲跑步运动鞋青少年学生超轻气垫减震防滑软底跑鞋,"Giày nam, giày thể thao chạy bộ thông thường đa năng dành cho thanh thiếu niên và học sinh mùa đông, đệm khí siêu nhẹ, chống sốc, chống trượt, giày chạy bộ đế mềm",False,False,,,,,,,False,1.133,,0.0,False,True,False,False,,,
959782402204,shoes,【外贸批发】男鞋老爹鞋男旅游鞋子运动鞋休闲男鞋2023新款流行,[Ngoại Thương Bán Buôn] Giày Nam Giày Bố Giày Du Lịch Nam Giày Thể Thao Giày Nam Thông Thường 2023 Xu Hướng Mới,False,False,,,,,,[],False,0.88,,1.0,True,False,False,False,bán buôn,,
1027512715374,shoes,【严选】跑步鞋男2026新款夏季透气跑鞋运动鞋外贸跨境男女东南亚,[Chọn Lọc Cao Cấp] Giày Chạy Bộ Nam Mẫu Mới Hè 2026 Giày Thể Thao Thoáng Khí Dành Cho Xuất Khẩu Và Bán Hàng Xuyên Biên Giới Tại Đông Nam Á.,False,False,,,,,,[],False,1.154,,1.0,True,False,False,False,xuyên biên giới,,
936047581195,shoes,冬季透气男鞋2025新款青少年运动休闲跑步鞋学生轻便老爹网面潮鞋,"Giày nam mùa đông thoáng khí mẫu mới 2025, giày thể thao trẻ trung, giày chạy bộ thường ngày, giày nhẹ dành cho học sinh, giày thể thao bố thời trang, giày lưới hợp xu hướng",False,False,,,,,,,False,1.25,,0.0,False,False,True,False,,,
908721829134,shoes,春夏季男鞋新款透气鞋子男学生韩版潮流百搭男士休闲运动板鞋潮鞋,Giày nam mùa xuân hè giày thoáng khí mẫu mới giày trượt ván thể thao nam dễ phối đồ thời trang nam phong cách Hàn Quốc,False,False,,,,,,,False,0.867,,0.08,False,False,True,False,,,
724773269578,shoes,男鞋春季新款透气小白鞋子男学生潮流百搭布鞋运动休闲板鞋子潮鞋,Giày nam giày trắng thoáng khí mẫu mới mùa xuân,False,False,,,,,,,False,0.333,vi_qua_ngan,0.0,False,False,False,False,,,
946056866991,shoes,男鞋冬季透气潮流百搭休闲白色板鞋青少年防滑运动厚底增高小白鞋,"Giày thể thao nam mùa đông thoáng khí, thời trang, đa năng, kiểu dáng thường ngày màu trắng dành cho thanh thiếu niên, đế dày chống trơn, tăng chiều cao.",False,False,,,,,,,False,1.0,,0.0,False,True,False,False,,,
1013163614867,shoes,男鞋2026春季新款时尚厚底老爹鞋男士透气轻便跑步运动休闲鞋潮鞋,"Giày nam mẫu mới mùa xuân 2026, giày dad sneaker đế dày thời trang, thoáng khí, nhẹ, giày thể thao chạy bộ, đi chơi, giày hot trend.",False,False,,,,,,,False,0.929,,0.0,False,True,False,False,,,
896938849897,shoes,2025春季男鞋新款透气网面鞋子男潮流百搭厚底运动鞋休闲老爹鞋男,Giày nam mùa xuân 2025 giày mặt lưới thoáng khí mẫu mới giày thể thao đế dày dễ phối trào lưu cho nam giày bố thường ngày,False,False,,,,,,,False,0.929,,0.0,False,False,True,False,,,
885106441685,shoes,男鞋2025新款春季百搭休闲板鞋男生小众原创爆款厚底运动老爹潮鞋,Giày nam giày thể thao đế bằng thường ngày dễ phối mùa xuân mẫu mới 2025 cho bé trai giày sành điệu thể thao đế dày mẫu nóng ban đầu cho bé trai,False,False,,,,,,,False,1.143,,0.0,False,True,False,False,,,
1009055686866,shoes,迷彩鞋男女鞋春夏秋冬男女运动鞋户外登山解放鞋工地劳保鞋批发,"Giày thể thao họa tiết ngụy trang, giày nam và nữ, các kiểu dáng cho mùa xuân, mùa hè, mùa thu và mùa đông, giày thể thao nam và nữ, giày đi bộ đường dài, giày làm việc và giày bảo hộ cho công trường xây dựng – bán buôn.",False,False,,,,,,,False,1.69,vi_qua_dai,0.0,False,False,False,False,bán buôn,,
855763680025,shoes,男鞋秋季新款潮流百搭青少年运动鞋男款休闲厚底增高小白老爹潮鞋,Giày nam giày thể thao thiếu niên dễ phối trào lưu mẫu mới mùa thu,False,False,,,,,,,False,0.5,vi_qua_ngan,0.0,False,False,False,False,,,
954541630515,shoes,2025春季男鞋新款透气网面鞋子男潮流百搭厚底运动鞋休闲老爹鞋男,"Giày nam mẫu mới mùa xuân 2025, giày lưới thoáng khí, giày thể thao đế dày thời trang, dễ phối đồ, giày dad sneaker nam.",False,False,,,,,,,False,0.857,,0.0,False,False,True,False,,,
925356277211,shoes,2025新款春秋季新款超轻跑鞋运动鞋透气减震软底学生轻便跑步女鞋,Giày chạy bộ siêu nhẹ mẫu mới mùa xuân thu 2025 giày thể thao giày nữ chạy bộ nhẹ nhàng cho học sinh đế mềm giảm chấn thoáng khí,False,False,,,,,,,False,1.0,,0.0,False,False,True,False,,,
967021734282,shoes,百搭德训鞋女鞋爆款春夏季厚底小白鞋潮流休闲运动板鞋复古阿甘鞋,"Giày tập đa năng của Đức dành cho nữ, giày trắng đế dày mùa xuân hè phổ biến, giày thể thao thông thường hợp thời trang, giày Forrest Gump cổ điển",False,False,,,,,,,False,1.033,,0.1,False,False,True,False,,,
1004218481157,shoes,2025春季男鞋新款透气网面鞋子男潮流百搭厚底运动鞋休闲老爹鞋男,"Giày nam mẫu mới mùa xuân 2025, giày lưới thoáng khí, giày thể thao đế dày thời trang dễ phối đồ, giày dad sneaker nam phong cách casual.",False,False,,,,,,,False,0.964,,0.0,False,False,True,False,,,
984178684378,shoes,外贸新百伦9060男鞋女鞋2025新款增高复古老爹运动休闲跑步鞋爆款,Giày thể thao New Balance 9060 nam nữ ngoại thương 2025 kiểu dáng mới tăng chiều cao retro bố mẹ thời trang chạy bộ hot,False,False,,,,,,,False,0.885,,0.09,False,False,True,False,,,
901176201644,shoes,春季男鞋新款透气网面鞋子男士运动鞋潮流百搭厚底休闲跑步老爹鞋,"Giày nam mùa xuân, giày lưới thoáng khí mẫu mới, giày thể thao nam, giày thể thao nam, giày bố chạy bộ thường ngày đế dày dễ phối trào lưu",False,False,,,,,,,False,1.0,,0.0,False,True,False,False,,,
1066043319333,shoes,【莆田处理鞋】福建运动鞋杂款鞋子批发男鞋地摊货源摆地摊的鞋子,"【Giày thanh lý Phủ Điền】Giày thể thao Phúc Kiến, giày nam tổng hợp, bán sỉ, nguồn hàng cho sạp, giày bán sạp",False,False,,,,,,【】,False,0.821,,0.23,False,False,False,False,,,
1000250269092,shoes,男鞋冬季百搭休闲跑步运动鞋青少年学生超轻气垫减震防滑软底跑鞋,"Giày nam, giày thể thao chạy bộ thông thường đa năng dành cho thanh thiếu niên và học sinh mùa đông, đệm khí siêu nhẹ, chống sốc, chống trượt, giày chạy bộ đế mềm",False,False,,,,,,,False,1.133,,0.0,False,True,False,False,,,
1055123362009,shoes,莆田纯原PM赛车鞋Rose朴彩英男女情侣复古低帮百搭潮流休闲板鞋带,"Giày thể thao Putian Pure Original PM Racing, phiên bản Rose Park Chae-young, kiểu dáng cổ thấp, phong cách cổ điển, phù hợp cho cả nam và nữ, đa năng, hợp thời trang và thoải mái.",False,False,,,Rose Park Chae-young,,,,False,1.37,,0.2,False,False,False,False,,,
980909363541,shoes,【大客批发】回力运动鞋男女同款新款春季透气超轻春秋跑步鞋子男,Bán buôn cho khách hàng lớn] Giày thể thao Huili Unisex Mẫu mới Xuân Hè Thoáng khí Siêu nhẹ Giày chạy bộ Xuân Thu dành cho Nam.,False,False,,,,,,],False,0.964,,0.46,False,False,False,False,bán buôn,,
1064674930057,shoes,回力男鞋库存尾货清仓断码运动鞋摆地摊户外网面品牌低价休闲鞋男,"Chương trình giảm giá thanh lý hàng tồn kho giày nam Huili, bao gồm các mẫu giày thể thao, giày lưới dành cho hoạt động ngoài trời và giày thường ngày giá rẻ dành cho nam giới, hiện đang được bán tại các quầy hàng trên đường phố.",False,False,,,,,,,False,1.6,vi_qua_dai,0.02,False,False,False,False,,,
980177573260,shoes,男鞋秋季新款皮面防水运动鞋潮流百搭休闲老爹鞋软底防滑跑步鞋男,Giày Nam Thu Đông Mới Da Chống Thấm Nước Thể Thao Hợp Thời Trang Đa Năng Giày Bố Đế Mềm Chống Trơn Trượt Chạy Bộ dành Cho Nam,False,False,,,,,,,False,0.933,,0.96,True,False,True,False,,,
1038024988290,shoes,春季男鞋新款透气鞋子男士运动鞋潮流百搭厚底增高休闲跑步老爹鞋,"Giày nam mùa xuân mẫu mới, giày thể thao nam thoáng khí, thời trang, dễ phối đồ, đế dày tăng chiều cao, giày chạy bộ casual, giày dad shoes.",False,False,,,,,,,False,0.967,,0.0,False,True,False,False,,,
811263022364,shoes,春夏季男鞋新款透气鞋子男学生韩版潮流百搭男士休闲运动板鞋潮鞋,Giày Nam mùa xuân hè Giày thoáng khí mẫu mới Giày trượt ván thể thao nam dễ phối đồ thời trang nam phong cách Hàn Quốc,False,False,,,,,,,False,0.867,,0.2,False,False,True,False,,,
970248254654,shoes,超轻老爹鞋女春秋季2025新款ins百搭小白鞋厚底增高颜值跑步运动,"Giày bố siêu nhẹ nữ, xuân thu 2025 mẫu mới ins đa năng màu trắng, đế dày tăng chiều cao, chạy thể thao",False,False,,,,,,,False,0.846,,0.0,False,True,False,False,,,
888527537030,shoes,黑武士男鞋春季潮流百搭运动休闲纯黑色低帮板鞋厚底增高面包潮鞋,Giày nam chiến binh đen giày trượt ván đế thấp màu đen trơn thường ngày thể thao dễ phối thời trang mùa xuân giày sành điệu bánh mì tăng chiều cao đế dày,False,False,,,,,,,False,1.1,,0.0,False,True,False,False,,,
1061829790405,shoes,跨境批发透气运动鞋男女巴黎中帮绑带袜子靴针织弹力袜子鞋男鞋,"Bán buôn xuyên biên giới giày thể thao thoáng khí nam nữ, giày bốt cổ lửng kiểu Paris có dây buộc, giày vớ dệt kim co giãn, giày nam.",False,False,,,,,,,False,1.0,,0.04,False,False,True,False,"bán buôn, xuyên biên giới",,
1035942806163,shoes,春季男鞋新款透气鞋子男士运动鞋潮流百搭厚底增高休闲跑步老爹鞋,"Giày nam mùa xuân mẫu mới, giày thể thao nam thoáng khí, thời trang, dễ phối đồ, đế dày tăng chiều cao, giày chạy bộ casual, giày dad shoes.",False,False,,,,,,,False,0.967,,0.0,False,True,False,False,,,
1029612775164,shoes,跨境批发运动鞋女新款春夏季防滑软底耐磨网面透气休闲鞋百搭超轻,"Giày thể thao nữ mẫu mới xuân hè, bán sỉ xuyên biên giới, chống trượt, đế mềm, bền, thân lưới thoáng khí, giày casual dễ phối đồ, siêu nhẹ.",False,False,,,,,,,False,0.967,,0.0,False,False,True,False,xuyên biên giới,,
1014651459620,shoes,2026春季男鞋新款透气小白鞋子男款小众ins皮面休闲运动板鞋潮鞋,"Giày thể thao trắng, thoáng khí, kiểu dáng mới nhất dành cho nam giới, mùa xuân 2026, phong cách thời trang độc đáo, chất liệu da, phù hợp đi chơi hoặc tập thể thao, kiểu dáng giày ván thời thượng.",False,False,,,,,,,False,1.5,,0.0,False,False,True,False,,,
1072802800512,shoes,【超轻】皮面防水运动鞋潮流百搭软底防滑休闲耐磨跑步男鞋春秋季,"【Siêu nhẹ】Giày thể thao nam mặt da chống thấm nước, thời trang, dễ phối đồ, đế mềm chống trượt, bền bỉ, dùng cho chạy bộ và đi bộ thường ngày, mùa xuân thu.",False,False,,,,,,【】,False,1.214,,0.03,False,False,False,False,,,
1050495618353,shoes,男士潮牌帆布透气板鞋四季休闲鞋时尚潮流运动鞋男原宿风学生男鞋,"Giày sneaker nam vải canvas thoáng khí, phong cách Harajuku, giày thể thao thời trang sành điệu, giày casual bốn mùa, giày học sinh nam.",False,False,,,,,,,False,0.833,,0.04,False,True,False,False,,,
1031141918587,shoes,2026爆款男鞋德训复古板鞋夏季阿甘新款男女经典情侣休闲小众男鞋,"Những mẫu giày nam được ưa chuộng năm 2026: giày thể thao kiểu dáng cổ điển theo phong cách Đức, các mẫu giày mới cho mùa hè, giày thường ngày cổ điển dành cho nam và nữ, và các mẫu giày nam độc đáo dành cho các cặp đôi.",False,False,,,,,,,False,1.714,vi_qua_dai,0.02,False,False,False,False,,,
991446377256,shoes,莆田男鞋2025新款秋冬潮牌休闲百搭阿甘板鞋男士轻便软底运动潮鞋,Giày nam Phủ Điền 2025 mới thu đông thời trang thương hiệu đa năng giày thể thao Forrest Gump nam nhẹ đế mềm giày thể thao thời trang,False,False,,,,,,,False,0.964,,0.15,False,True,False,False,,,
898474674433,shoes,品牌时尚镂空网面鞋夏新款透气轻便运动鞋女网红百搭ins休闲,Thương Hiệu Thời Trang Rỗng Giày Lưới Mùa Hè Mới Thoáng Khí Nhẹ Giày Thể Thao Nữ Internet Người Nổi Tiếng Đa Năng Ins Thường Ngày,False,False,,,,网红->nổi tiếng trên mạng / hot trend,,,False,1.0,,1.0,True,False,False,False,,,
660758905703,shoes,【莆田高端】椰子鞋男350满天星纯原高版本满天星鞋子春季跑步鞋,[Putian cao cấp] Giày dừa nam 350 gypsophila phiên bản cao cấp nguyên bản giày gypsophila giày chạy bộ mùa xuân,False,False,,,,,,[],False,0.769,,0.05,False,False,False,False,,,
1042259499716,shoes,代发中考体育透气跑步鞋2026新款软底休闲减震学生轻便运动鞋女,"Giày thể thao nữ nhẹ, đế mềm, giảm chấn, thoáng khí, dùng cho chạy bộ, mẫu mới 2026, giày đi bộ/thường ngày, dành cho học sinh, hỗ trợ thi thể thao trung học.",False,False,,,,,,,False,1.222,,0.0,False,False,True,False,,,
935938384055,shoes,男鞋外贸批发网红同款舒适跑步鞋青少年厚底回弹轻便系带运动鞋子,Giày Nam Ngoại Thương Bán Buôn Internet Người Nổi Tiếng Cùng Phong Cách Thoải Mái Chạy Bộ Thanh Niên Đế Dày Phục Hồi Nhẹ Buộc Dây Giày Thể Thao,False,False,,,,网红->nổi tiếng trên mạng / hot trend,,,False,0.967,,1.0,True,False,False,False,bán buôn,,
1078261348895,shoes,芭蕾德训鞋女内增高圆头百搭系带休闲运动鞋内增高3.5cm舒适设计,"Giày thể thao nữ kiểu ballet Đức, mũi tròn, tăng chiều cao ẩn 3.5cm, dễ phối đồ, buộc dây, thiết kế thoải mái.",False,False,,,,,,,False,0.852,,0.05,False,True,False,False,,,
1051945888915,shoes,男鞋子aj三太子敖丙鞋子低帮运动板鞋男情侣男女鞋学生摩擦有声音,"Giày nam AJ Tam Thái Tử Ngao Bính, giày thể thao cổ thấp, giày ván trượt, giày đôi nam nữ, học sinh, có tiếng ma sát.",False,False,,,,,,,False,0.897,,0.21,False,False,True,False,,,
1051472509168,shoes,男士潮牌帆布透气板鞋四季休闲鞋时尚潮流运动鞋男原宿风学生男鞋,"Giày sneaker nam vải canvas thoáng khí, phong cách Harajuku, giày thể thao thời trang sành điệu, giày casual bốn mùa, giày học sinh nam.",False,False,,,,,,,False,0.833,,0.04,False,True,False,False,,,
899792378895,shoes,跨境批发运动鞋女新款春夏季防滑软底耐磨网面透气休闲鞋百搭超轻,Bán buôn xuyên biên giới giày thể thao nữ mẫu mới mùa xuân hè chống trượt đế mềm chống mài mòn mặt lưới thoáng khí thoải mái dễ phối siêu nhẹ,False,False,,,,,,,False,1.033,,0.0,False,False,True,False,"bán buôn, xuyên biên giới",,
947640300736,shoes,男鞋秋季新款透气百搭白色休闲板鞋学生厚底运动鞋休闲小白鞋潮鞋,Giày nam giày trượt ván thường ngày màu trắng dễ phối thoáng khí mẫu mới mùa thu giày thể thao đế dày học sinh giày trắng thường ngày giày sành điệu,False,False,,,,,,,False,1.033,,0.0,False,False,True,False,,,
970377098576,shoes,外贸出口意大利原单撤柜真皮老爹鞋秋季新款女跑步休闲运动鞋厚底,"Giày bố da thật xuất khẩu chính hãng của Ý, giày thể thao chạy bộ thông thường dành cho nữ mới mùa thu với đế dày.",False,False,,,,,,,False,0.867,,0.04,False,True,False,False,,,
1036945060760,shoes,男鞋秋季新款皮面防水运动鞋潮流百搭休闲老爹鞋软底防滑跑步鞋男,"Giày nam mẫu mới mùa thu, giày thể thao da chống thấm nước, phong cách thời trang, dễ phối đồ, giày dad sneaker đế mềm chống trượt, giày chạy bộ nam.",False,False,,,,,,,False,1.033,,0.0,False,False,True,False,,,
1032747077424,shoes,2026新款丑萌运动鞋软底板鞋女款百搭德训鞋休闲运动爆款时尚女鞋,"Giày thể thao nữ mẫu mới 2026, đế mềm, phong cách xấu lạ, dễ phối đồ, kiểu Đức, giày casual, hot trend, giày nữ thời trang.",False,False,,,casual hot trend,,,,False,0.893,,0.04,False,False,False,False,,,
1063845868778,shoes,欧美爆款外贸B25老爹鞋男女时尚潮流休闲运动鞋B30大码厚底跑步鞋,"Giày thể thao kiểu dáng ""dad shoes"" B25, được ưa chuộng tại châu Âu và châu Mỹ, là một lựa chọn thời trang và hợp xu hướng cho cả nam và nữ, cùng với giày chạy bộ đế dày cỡ lớn B30.",False,False,,,,,,,False,1.556,vi_qua_dai,0.1,False,False,False,False,,,
907997630617,shoes,男鞋冬季网面透气青少年运动防滑休闲鞋厚底增高跑步白色老爹潮鞋,"Giày thể thao nam mùa đông thoáng khí, kiểu dáng trẻ trung, đế dày, chống trơn trượt, tăng chiều cao, màu trắng, kiểu dáng bố.",False,False,,,,,,,False,0.833,,0.0,False,False,True,False,,,
1042031010759,shoes,断码中考体育透气跑步鞋2026新款软底休闲减震学生轻便运动鞋女,"Giày chạy bộ thoáng khí, phù hợp cho kỳ thi tuyển sinh vào trường trung học, mẫu mới năm 2026, đế mềm, kiểu dáng thoải mái, có khả năng giảm xóc, giày thể thao nhẹ dành cho học sinh, kiểu dáng nữ tính.",False,False,,,,,,,False,1.556,vi_qua_dai,0.0,False,False,False,False,,,
1053061901668,shoes,欧美H家外贸运动鞋真皮透气潮流女网红同款舒适男鞋批发时尚板鞋,"Giày thể thao xuất khẩu thương hiệu H của châu Âu và Mỹ, làm từ da thật, thoáng khí, kiểu dáng thời trang, được nhiều người nổi tiếng trên mạng xã hội nữ giới ưa chuộng, giày nam thoải mái, bán buôn giày thể thao thời trang.",False,False,,,,,,,False,1.621,vi_qua_dai,0.07,False,False,False,False,bán buôn,,
579764340011,shoes,NAIKPLLO/奈客保罗男鞋 运动鞋男士板鞋跑步休闲旅游小白鞋气垫,"Giày nam NAIKPLLO/Nike Paul, giày thể thao, giày thể thao nam, chạy bộ du lịch thông thường giày trắng đệm khí",False,False,,,,,giày thể thao,,False,0.917,,0.1,False,False,False,False,,,
1011921509425,shoes,【鞋厂批发】新款女士休闲运动鞋时尚软底透气慢跑鞋散步鞋女鞋潮,"【Bán buôn giày từ nhà máy】Giày thể thao nữ mới, thời trang, đế mềm, thoáng khí, giày chạy bộ, giày đi bộ, giày nữ hợp xu hướng",False,False,,,,,,【】,False,1.0,,0.04,False,False,False,False,"bán buôn, nhà máy|nhà sản xuất",,
974611004611,shoes,【皮面款】头层牛皮小白鞋女【内里羊皮】春秋季轻便百搭板鞋女,【Mẫu giày da】Giày thể thao nữ màu trắng làm từ da bò lớp đầu tiên【Lớp lót bằng da cừu】Giày thể thao nhẹ và đa năng dành cho nữ vào mùa xuân và mùa thu.,False,False,,,,,,【】,False,1.48,,0.08,False,False,False,False,,,
1045023519291,shoes,潮牌男鞋2026春季新款百搭舒适运动厚底老爹鞋休闲鞋潮鞋增高板鞋,"Giày nam thương hiệu thời trang, mẫu mới mùa xuân 2026, dễ phối đồ, thoải mái, giày thể thao đế dày, giày dad sneaker, giày casual, giày thời trang, giày tăng chiều cao, giày ván.",False,False,,,,,,,False,1.214,,0.0,False,True,False,False,,,
895593248034,shoes,黑武士男鞋春季潮流百搭运动休闲纯黑色低帮板鞋厚底增高面包潮鞋,Giày nam chiến binh đen giày trượt ván đế thấp màu đen trơn thường ngày thể thao dễ phối thời trang mùa xuân giày sành điệu bánh mì tăng chiều cao đế dày,False,False,,,,,,,False,1.1,,0.0,False,True,False,False,,,
722956472865,shoes,板鞋男春季2026新款透气运动休闲网鞋青少年潮流百搭纯色小白男鞋,"Giày thể thao nam mùa xuân 2026 mới thoáng khí, giày lưới thể thao thường ngày, giày trẻ trung thời thượng đa năng, màu trắng trơn, giày nam",False,False,,,,,,,False,0.964,,0.0,False,False,True,False,,,
1047173051710,shoes,【福建处理鞋】莆田运动鞋杂款整单批发男鞋地摊货源摆地摊的鞋子,"【Giày thanh lý Phúc Kiến】Giày thể thao Phủ Điền, nhiều mẫu mã, bán sỉ nguyên lô, giày nam, nguồn hàng bán vỉa hè, giày để bán ở chợ trời.",False,False,,,,,,【】,False,1.071,,0.17,False,False,True,False,,,
669459904471,shoes,2026飞织网鞋椰子女鞋透气休闲鞋运动鞋百搭老爹潮鞋女式运动鞋,"Giày lưới Flyknit 2026, giày thường ngày thoáng khí, giày thể thao, giày thể thao đa năng cho bố, giày thể thao nữ.",False,False,,,,,giày thể thao,,False,0.815,,0.05,False,False,False,False,,,
1027628781916,shoes,2026新款厚底运动休闲鞋女鞋春秋季百搭软底小白鞋面包内增高板鞋,"Giày thể thao nữ đế dày, kiểu dáng thoải mái, phù hợp cho mùa xuân và mùa thu, đế mềm, màu trắng, kiểu dáng giày bánh mì, có lớp lót bên trong giúp tăng chiều cao.",False,False,2026,,,,,,False,1.286,,0.0,False,False,False,False,,,
964815331263,shoes,男鞋子aj三太子敖丙鞋子低帮运动板鞋男情侣男女鞋学生摩擦有声音,"Giày nam AJ San Taizi Ao Bing giày thể thao cổ thấp dành cho nam và nữ, giày đôi, giày học sinh tạo tiếng ồn ma sát.",False,False,,,,,,,False,0.931,,0.16,False,False,True,False,,,
908001746366,shoes,男鞋冬季网面透气青少年运动防滑休闲鞋厚底增高跑步白色老爹潮鞋,"Giày thể thao nam mùa đông thoáng khí, kiểu dáng trẻ trung, đế dày tăng chiều cao, chống trơn trượt, màu trắng, phong cách thời trang, kiểu giày bố.",False,False,,,,,,,False,0.967,,0.0,False,False,True,False,,,
979249268453,shoes,软皮运动鞋女春季爆款百搭厚底皮面休闲鞋防滑跑步旅游小白鞋,"Giày thể thao da mềm cho nữ, kiểu dáng mùa xuân phổ biến, giày da đế dày đa năng, giày chạy bộ và du lịch màu trắng chống trơn trượt",False,False,,,,,,,False,1.071,,0.0,False,False,True,False,,,
1084035064990,shoes,2026小白鞋女秋季新款韩版ins女学生休闲运动百搭板鞋街拍F550,"Giày sneaker trắng nữ 2026 mẫu mới mùa thu phong cách Hàn Quốc, hot trend Instagram, giày thể thao casual dễ phối đồ cho nữ sinh, phong cách đường phố F550",False,False,,,hot trend Instagram,,,,False,1.304,,0.14,False,False,False,False,,,
1083457540002,shoes,稿版本~goodbai流浪鞋女2025新款黑色芭蕾德训鞋复古运动休闲跑鞋,"Phiên bản mẫu ~ giày lười nữ goodbai mẫu mới 2025 màu đen, giày ballet, giày tập luyện Đức, giày thể thao retro, giày chạy bộ casual",False,False,,,,,,~,False,1.042,,0.04,False,False,False,False,,,
795918956173,shoes,多巴胺2024爆款超轻网面透气百搭帅气个性校园网红老爹鞋运动鞋男,Dopamine 2024 mẫu nổ siêu nhẹ mặt lưới thoáng khí dễ phối đồ đẹp trai cá tính nổi tiếng trên mạng giày thể thao nam,False,False,,,,爆款->mẫu bán chạy,,,False,0.857,,0.0,False,False,False,False,,,
884470537843,shoes,男鞋男士透气休闲鞋百搭简约运动鞋一脚蹬纯色工作鞋2026春季新款,"Giày nam, giày nam thoáng khí, giày thể thao đơn giản đa năng, giày lười màu trơn, giày công sở, mẫu mới xuân 2026",False,False,,,,,giày nam,,False,0.821,,0.0,False,False,False,False,,,
998286946753,shoes,男鞋春季透气百搭休闲皮面板鞋青少年运动厚底增高情侣潮鞋女S01,"Giày nam da phối da thông thường đa năng thoáng khí mùa xuân, giày thể thao trẻ trung đế dày tăng chiều cao đôi giày hợp thời trang nữ S01.",False,False,,,,,,,False,1.071,,0.03,False,False,True,False,,,
1062994926882,shoes,春秋轻便休闲鞋男防滑耐磨软底透气舒适爸爸鞋耐穿舒适帆布鞋皮鞋,"Giày thể thao nam nhẹ, phù hợp cho mùa xuân và mùa thu, với thiết kế đế chống trượt, bền, mềm mại, thoáng khí và tạo cảm giác thoải mái khi mang. Những đôi giày vải hoặc da bền và thoải mái này rất phù hợp cho các ông bố.",False,False,,,,,,,False,1.667,vi_qua_dai,0.02,False,False,False,False,,,
1055806970417,shoes,美式男鞋网红ins厚底老爹鞋网布网面超轻运动休闲鞋跑步板鞋时尚,"Giày nam phong cách Mỹ, hot trend Instagram, giày dad đế dày, thân lưới siêu nhẹ, giày thể thao casual, giày chạy bộ, giày ván thời trang.",False,False,,,hot trend Instagram,,,,False,0.964,,0.08,False,False,False,False,,,
896235179001,shoes,小众原创百搭增高小白板鞋夏季休闲运动高帮潮鞋国潮男鞋春秋,"Giày thể thao màu trắng tăng chiều cao đa năng độc đáo, độc đáo, giày thể thao thông thường mùa hè, giày cao cổ hợp thời trang, giày nam phong cách Trung Hoa, mùa xuân và mùa thu",False,False,,,,,độc đáo,,False,1.357,,0.05,False,False,False,False,,,
887417601263,shoes,男鞋2025新款春季百搭休闲板鞋男生小众原创爆款厚底运动老爹潮鞋,Giày nam giày thể thao đế bằng thường ngày dễ phối mùa xuân mẫu mới 2025 cho bé trai giày sành điệu thể thao đế dày mẫu nóng ban đầu cho bé trai,False,False,,,,,,,False,1.143,,0.0,False,True,False,False,,,
903044506058,shoes,气垫鞋电母男鞋小众运动鞋子男ins潮鞋春季百搭黄色厚底篮球板鞋,"Giày đệm hơi, giày nam điện, giày thể thao thích hợp, giày thời trang instagram cho nam, giày trượt ván bóng rổ đế dày màu vàng dễ phối mùa xuân",False,False,,,,,,,False,1.071,,0.0,False,False,True,False,,,
1026357126805,shoes,2026春款复古拼色运动鞋女软底透气休闲鞋轻便系带时装鞋多色女鞋,"Giày thể thao nữ phối màu retro mẫu xuân 2026, đế mềm thoáng khí, giày casual nhẹ nhàng buộc dây, giày thời trang nhiều màu.",False,False,,,,,,,False,0.857,,0.0,False,True,False,False,,,
923239713515,shoes,欧货星星系带厚底松糕休闲鞋2025春秋季新款网红爆款ins超火板鞋,Giày đế bằng xốp đế dày buộc dây ngôi sao châu Âu giày đế bằng siêu hot instagram mẫu hot hot hot trên mạng mẫu mới xuân thu 2025,False,False,,,hot hot hot,,,,False,1.077,,0.04,False,False,False,False,,,
1047603553186,shoes,【严选】复古潮牌阿甘鞋男2026春季新款舒适百搭休闲鞋软底防滑,"【Hàng tuyển chọn】Giày Forrest Gump nam phong cách retro, mẫu mới mùa xuân 2026, giày casual thoải mái, dễ phối đồ, đế mềm chống trượt",False,False,,,,,,【】,False,1.0,,0.12,False,False,False,False,,,
1035536800386,shoes,【福建处理鞋】莆田运动鞋杂款整单批发男鞋地摊货源摆地摊的鞋子,"【Giày thanh lý Phúc Kiến】Giày thể thao Phủ Điền nhiều mẫu mã, bán sỉ nguyên lô, giày nam, nguồn hàng cho sạp vỉa hè, giày để bán ở sạp.",False,False,,,,,,【】,False,1.071,,0.17,False,False,True,False,,,
1018551796589,shoes,2026春季男鞋新款透气小白鞋子男款小众ins皮面休闲运动板鞋潮鞋,"Giày nam mẫu mới mùa xuân 2026, giày sneaker trắng thoáng khí, phong cách độc đáo, chất liệu da, giày thể thao casual, giày hot trend.",False,False,,,,,,,False,0.962,,0.0,False,False,True,False,,,
1009683570839,shoes,【PLOVER】男鞋秋季潮流透气休闲运动鞋男款厚底增高防滑老爹潮鞋,"【PLOVER】Giày thể thao nam mùa thu, phong cách thời trang, thoáng khí, đế dày tăng chiều cao, chống trượt, kiểu dad shoes.",False,False,,,,,,【】,False,0.92,,0.0,False,False,False,False,,,
975550554321,shoes,气垫鞋电母男鞋小众运动鞋子男ins潮鞋春季百搭黄色厚底篮球板鞋,"Giày đệm khí cho nam, giày thể thao thích hợp, giày thể thao bóng rổ đế dày màu vàng mùa xuân hợp thời trang.",False,False,,,,,,,False,0.857,,0.0,False,False,True,False,,,
1058675613560,shoes,【PLOVER】2026老爹鞋男爆款新款厚底增高运动休闲潮牌高级感,"【PLOVER】Giày dad sneaker nam 2026 mẫu mới hot, đế dày tăng chiều cao, phong cách thể thao năng động, thương hiệu thời thượng, mang lại cảm giác cao cấp.",False,False,,,,,,【】,False,1.381,,0.0,False,False,False,False,,,
1044052343796,shoes,代发中考体育透气跑步鞋2026新款软底休闲减震学生轻便运动鞋女,"Giày thể thao nữ nhẹ, đế mềm, giảm chấn, thoáng khí, dùng cho chạy bộ, mẫu mới 2026, phong cách thường ngày, dành cho học sinh, hỗ trợ thi thể dục.",False,False,,,,,,,False,1.111,,0.0,False,False,True,False,,,
1031377558658,shoes,外贸男款夏季新款运动潮鞋防滑休闲跑步鞋飞织透气舒适小白鞋批发,"Bán sỉ các mẫu giày thể thao và giày chạy bộ nam mới nhất cho mùa hè, với đặc điểm là đế chống trượt, công nghệ Flyknit thoáng khí và thiết kế thoải mái, thời trang.",False,False,,,,,,,False,1.2,,0.03,False,False,True,False,,,
1012516218131,shoes,男鞋春季2026新款潮牌运动休闲网面跑步鞋子男款增高老爹百搭潮鞋,"Giày nam mẫu mới mùa xuân 2026, giày thể thao casual lưới thoáng khí, giày chạy bộ nam tăng chiều cao, giày dad sneaker đa năng, giày thời trang.",False,False,,,,,,,False,1.0,,0.0,False,True,False,False,,,
935464894444,shoes,冬季透气男鞋2025新款青少年运动休闲跑步鞋学生轻便老爹网面潮鞋,"Giày nam mùa đông thoáng khí mẫu mới 2025 giày thể thao trẻ trung, giày chạy bộ thường ngày, giày học sinh nhẹ, kiểu bố, lưới thời trang",False,False,,,,,,,False,0.964,,0.0,False,False,True,False,,,
971857324673,shoes,外贸出口意大利原单撤柜真皮老爹鞋秋季新款女跑步休闲运动鞋厚底,"Giày bố da thật xuất khẩu chính hãng của Ý, giày thể thao chạy bộ thông thường dành cho nữ mới mùa thu với đế dày.",False,False,,,,,,,False,0.867,,0.04,False,True,False,False,,,
977322115863,shoes,软皮运动鞋女春季爆款百搭厚底皮面休闲鞋防滑跑步旅游小白鞋,"Giày thể thao da mềm dành cho nữ, kiểu dáng mùa xuân phổ biến, giày da đế dày đa năng, giày trắng chống trượt khi chạy bộ và đi du lịch",False,False,,,,,,,False,1.107,,0.0,False,False,True,False,,,
1026506962718,shoes,男士运动鞋轻便复古学生跑步鞋百搭户外运动老爹鞋男潮流百搭男鞋,"Giày thể thao nam kiểu dáng cổ điển, nhẹ và thoải mái, phù hợp cho học sinh, sinh viên khi chạy bộ, giày thể thao ngoài trời, giày kiểu dáng thời trang, giày nam đa năng.",False,False,,,,,,,False,1.2,,0.0,False,False,True,False,,,
1031122752455,shoes,2026新款春秋款潮流运动鞋男士休闲跑步鞋男鞋批发外贸男鞋,"Giày thể thao nam thời trang, kiểu dáng mới nhất cho mùa xuân và mùa thu năm 2026, giày chạy bộ thường ngày, bán buôn giày nam, giày nam xuất khẩu.",False,False,,,,,giày nam,,False,1.2,,0.0,False,False,True,False,bán buôn,,
1060425499099,shoes,欧洲站轻奢皮面CL字母红底黑色板鞋春秋新款潮鞋休闲鞋个性男鞋,"Giày thể thao kiểu dáng châu Âu, nhẹ, có lớp da bên ngoài, đế màu đỏ và phần thân màu đen, nổi bật với logo CL, thuộc bộ sưu tập mới cho mùa xuân/thu, là kiểu giày thường ngày hợp thời trang và có thiết kế độc đáo dành cho nam giới.",False,False,,,,,,,False,1.893,vi_qua_dai,0.02,False,False,False,False,,,
1031201592404,shoes,男鞋 男士新款春夏季男鞋 休闲跑步鞋男鞋潮鞋跑鞋男款运动鞋批发,"Giày nam, giày nam mẫu mới mùa xuân hè, giày chạy bộ nam, giày thể thao nam thời trang, giày thể thao nam bán sỉ.",False,False,,,,,giày nam,,False,0.862,,0.0,False,False,False,False,,,
1043017680805,shoes,2026新款春秋款潮流运动鞋男士休闲跑步鞋男鞋批发外贸男鞋,"Giày thể thao nam thời trang mẫu mới 2026, kiểu xuân thu, giày chạy bộ nam thường ngày, bán sỉ giày nam xuất khẩu.",False,False,,,,,,,False,0.92,,0.0,False,False,True,False,,,
1047317913261,shoes,2026新款德训鞋软底不累脚ins潮可爱新款刺绣百搭时尚复古运动鞋,"Giày thể thao Đức mẫu mới 2026, đế mềm không mỏi chân, hot trend Instagram, dễ thương, thêu họa tiết, đa năng, thời trang, phong cách retro.",False,False,,,hot trend Instagram,,,,False,1.0,,0.08,False,True,False,False,,,
1023618319364,shoes,男鞋春秋季新款情侣574N潮流透气板鞋爆款舒适百搭运动鞋休闲鞋,"Bộ sưu tập mới mùa xuân thu dành cho nam: giày thể thao 574N thời trang và thoáng khí, một lựa chọn phổ biến và thoải mái cho các cặp đôi, đa năng cho cả trang phục thường ngày và thể thao.",False,False,,,,,,,False,1.556,vi_qua_dai,0.02,False,False,False,False,,,
1014985319950,shoes,2026春季男鞋新款透气小白鞋子男款小众ins皮面休闲运动板鞋潮鞋,"Giày nam mới mùa xuân 2026: Giày thể thao trắng thoáng khí, giày thể thao nam da cao cấp phong cách Ins, giày thời trang.",False,False,,,,,,,False,0.923,,0.09,False,False,True,False,,,
821555581357,shoes,2025春季男鞋透气鞋子男学生潮流百搭小白鞋厚底运动休闲板鞋潮鞋,"Giày nam mùa xuân 2025, giày thoáng khí, giày trắng đa năng trbottomyy dành cho nam sinh viên, giày thể thao và giải trí đế dày, giày trbottomy",False,False,,,,,,,False,0.964,,0.0,False,False,True,False,,,
1013946917756,shoes,男鞋春季2026新款潮牌运动休闲网面跑步鞋子男款增高老爹百搭潮鞋,"Giày nam mẫu mới mùa xuân 2026, giày thể thao casual lưới thoáng khí, giày chạy bộ nam tăng chiều cao, giày dad sneaker đa năng, giày thời trang.",False,False,,,,,,,False,1.0,,0.0,False,True,False,False,,,
1071913211358,shoes,芭蕾德训鞋女内增高圆头百搭系带休闲运动鞋内增高3.5cm舒适设计,"Giày thể thao nữ kiểu ballet Đức, mũi tròn, tăng chiều cao ẩn 3.5cm, dễ phối đồ, buộc dây, thiết kế thoải mái.",False,False,,,,,,,False,0.852,,0.05,False,True,False,False,,,
941491871213,shoes,2025春季男鞋透气鞋子男学生潮流百搭小白鞋厚底运动休闲板鞋潮鞋,Giày nam mùa xuân 2025 giày thoáng khí giày trắng dễ phối trào lưu nam sinh giày đế dày thể thao thường ngày giày sành điệu,False,False,,,,,,,False,0.893,,0.0,False,False,True,False,,,
1039243688232,shoes,外贸新百伦9060男鞋女鞋2025新款增高复古老爹运动休闲跑步鞋爆款,"Giày New Balance 9060 nam nữ, mẫu mới 2025, tăng chiều cao, phong cách retro, giày thể thao casual, giày chạy bộ, hàng hot xuất khẩu.",False,False,,,,,,,False,0.923,,0.09,False,False,True,False,,,
890341142023,shoes,运动潮男鞋2025新款四季款透气软底舒适代发网红爆款休闲鞋阿甘鞋,Giày nam sành điệu thể thao mẫu mới 2025 mẫu mới bốn mùa thoáng khí đế mềm thoải mái thay thế kiểu hot hot hot trên mạng giày Agan,False,False,,,hot hot hot,,,,False,1.0,,0.04,False,False,False,False,,,
992717922403,shoes,2026新款秋冬赵露思同款波浪底面包鞋韩版大头鞋秋季厚底板鞋女,"Giày bánh mì đế xu hướng Hàn Quốc kiểu Zhao Lusi mùa thu đông 2025, đế dày, mũi nhọn, dành cho nữ",False,False,2026,2025,,,,,False,0.778,,0.2,False,False,False,False,,,
1027345847914,shoes,2025新款H家夏季透气男鞋时尚百搭女鞋休闲运动真皮拼色外贸鞋,"Hermès1: Giày thể thao casual buộc dây thoáng khí, mẫu mới mùa hè 2025 chất lượng cao, hàng có sẵn, chạy bộ, xuyên biên giới.",False,False,,1,,,,,False,0.923,,0.04,False,False,True,False,"xuyên biên giới, có sẵn|hàng có sẵn",,
983536241302,shoes,2025秋季新款运动鞋透气女子橡胶系带2025年秋季低帮帮高休闲板鞋,"Giày thể thao nữ mùa thu 2025 thoáng khí, đế cao su, dây buộc, cổ thấp, kiểu dáng năng động",False,False,2025,,,,,,False,0.731,,0.0,False,False,False,False,,,
1025269950325,shoes,【PLOVER】爆款男鞋2026春季新款厚底防滑减震老爹鞋运动休闲鞋潮,"【PLOVER】Giày nam hot trend, mẫu mới mùa xuân 2026, giày dad sneaker đế dày chống trượt giảm chấn, giày thể thao casual thời trang",False,False,,,,,,【】,False,1.043,,0.0,False,False,False,False,,,
811093896063,shoes,秋季男鞋2024新款透气小白鞋子男学生潮流百搭运动鞋休闲板鞋潮鞋,Giày nam mùa thu giày trắng thoáng khí mẫu mới 2024,False,False,,,,,,,False,0.357,vi_qua_ngan,0.0,False,False,False,False,,,
1025631834942,shoes,2025新款春秋季新款超轻跑鞋运动鞋透气减震软底学生轻便跑步女鞋,"Giày chạy bộ siêu nhẹ mùa xuân thu 2025, thoáng khí, giảm xóc, đế mềm, giày chạy bộ nhẹ dành cho học sinh, giày nữ.",False,False,,,,,,,False,0.857,,0.0,False,False,True,False,,,
990494027092,shoes,男士运动鞋轻便复古学生跑步鞋百搭户外运动老爹鞋男潮流百搭男鞋,"Giày chạy bộ nam nhẹ, kiểu retro, đa năng, giày thể thao ngoài trời, giày nam thời trang và đa năng.",False,False,,,,,,,False,0.7,,0.0,False,False,True,False,,,
1026876369587,shoes,欧伦啄木鸟特价减震跑步鞋男鞋爆款百搭透气防滑防臭休闲运动鞋潮,"Giày chạy bộ giảm chấn Oulun Chim Gõ Kiến nam, mẫu hot, đa năng, thoáng khí, chống trượt, khử mùi, giày thể thao casual thời trang, giá đặc biệt.",False,False,,,,,,,False,0.967,,0.14,False,False,True,False,,,
1003154558386,shoes,【工厂店】Knu Skool黑白经典低帮胖胖面包鞋男女复古休闲板鞋,"【Cửa hàng xưởng】Giày Knu Skool cổ thấp, màu đen trắng cổ điển, dáng bánh mì, phong cách retro, giày sneaker casual nam nữ",False,False,,,,,,【】,False,1.091,,0.13,False,False,False,False,,,
1030937892754,shoes,男鞋2026春季新款时尚厚底老爹鞋男士透气轻便跑步运动休闲鞋潮鞋,"Giày nam mẫu mới mùa xuân 2026, giày dad sneaker đế dày thời trang, thoáng khí, nhẹ, giày thể thao chạy bộ, đi chơi, giày hot trend.",False,False,,,,,,,False,0.929,,0.0,False,True,False,False,,,
995939226014,shoes,踩屎感真皮动鞋女鞋5新秋季皮面防水阿甘鞋轻便防滑跑步鞋网面鞋,"Giày nữ chất liệu da mềm mại, giày chạy bộ da chống thấm nước mới mùa thu, giày chạy bộ nhẹ chống trơn trượt, giày lưới.",False,False,5,,,,,,False,0.897,,0.0,False,False,False,False,,,
1051143665641,shoes,2026春季新款米白色低帮帆布鞋复古男款百搭鞋子爆款板鞋轻便男鞋,"Giày vải canvas cổ thấp màu trắng kem, mẫu mới mùa xuân 2026, phong cách retro nam, dễ phối đồ, giày sneaker hot trend, giày nam nhẹ nhàng.",False,False,,,,,,,False,0.964,,0.0,False,True,False,False,,,
1034691077965,shoes,2026跨境大码马拉松跑鞋碳板运动鞋学生体考竞速健身爆款跑步鞋潮,"Giày chạy bộ marathon cỡ lớn, phiên bản quốc tế 2026, có tấm carbon, phù hợp cho học sinh, sinh viên dùng trong các bài kiểm tra thể lực, tập luyện tăng tốc và rèn luyện sức khỏe – kiểu dáng giày chạy bộ thời trang.",False,False,,,,,,,False,1.571,vi_qua_dai,0.0,False,False,False,False,,,
1026487981781,shoes,黑武士德训板鞋男鞋ins潮鞋2026年春秋新款百搭休闲情侣面包鞋子,"Giày sneaker nam phong cách Đức, màu đen, hot trend Instagram, mẫu mới Xuân Thu 2026, dễ phối đồ, giày bánh mì casual cho cặp đôi.",False,False,,,hot trend Instagram,,,,False,0.962,,0.17,False,False,False,False,,,
1014584941839,shoes,爆款阿甘男鞋三杠皮面复古运动休闲鞋小白鞋子透气软底运动潮流鞋,"Giày nam kiểu Forrest Gump đang rất được ưa chuộng, với phần thân giày làm bằng da có ba sọc, thiết kế cổ điển, phong cách thoải mái, thoáng khí và có đế mềm, rất phù hợp cho các hoạt động thể thao và tạo phong cách thời trang hiện đại.",False,False,,,,,,,False,1.7,vi_qua_dai,0.04,False,False,False,False,,,
948057260779,shoes,男鞋秋季新款透气百搭白色休闲板鞋学生厚底运动鞋休闲小白鞋潮鞋,Giày Nam Thu Đông Mới Thoáng Khí Đa Năng Trắng Giày Sinh Viên Đế Dày Thể Thao Giày Trắng Giày Hợp Thời Trang,False,False,,,,,,,False,0.767,,1.0,True,False,True,False,,,
1038367321283,shoes,百搭德训鞋女鞋爆款春夏季厚底小白鞋潮流休闲运动板鞋复古阿甘鞋,"Giày tập luyện đa năng của Đức, giày nữ, giày thể thao trắng đế dày, kiểu dáng thịnh hành cho mùa xuân/hè, giày thể thao thời trang, giày theo phong cách cổ điển lấy cảm hứng từ bộ phim Forrest Gump.",False,False,,,,,,,False,1.4,,0.07,False,True,True,False,,,
1040493182201,shoes,飞电5c超䨻防滑碳板跑步鞋轻量回弹专业减震竞速学生体考运动鞋男,"Giày chạy bộ Feidian 5c, có tấm lót carbon siêu hấp thụ sốc và chống trượt, trọng lượng nhẹ, độ đàn hồi cao, là loại giày chuyên dụng để giảm sốc khi chạy, phù hợp cho học sinh, sinh viên trong các kỳ kiểm tra thể chất, và là giày thể thao dành cho nam giới.",False,False,,,,,,,False,2.0,vi_qua_dai,0.02,False,False,False,False,,,
1009995161274,shoes,跨境篮球鞋2026春秋款透气飞织面系带厚底运动鞋户外休闲跑步男鞋,"Giày bóng rổ nam xuyên biên giới, mẫu xuân thu 2026, thoáng khí, thân dệt kim, buộc dây, đế dày, giày thể thao chạy bộ ngoài trời,",False,False,,,,,,,True,0.929,,0.0,False,False,False,False,xuyên biên giới,,
923402648337,shoes,外贸男款夏季新款运动潮鞋防滑休闲跑步鞋飞织透气舒适小白鞋批发,Thương Mại Nước Ngoài Nam Mùa Hè Mới Giày Thể Thao Chống Trơn Trượt Giày Chạy Bộ Bay Dệt Thoáng Khí Thoải Mái Giày Trắng Bán Buôn,False,False,,,,,,,False,0.9,,1.0,True,True,True,False,bán buôn,,
865421140217,shoes,黑武士学院风板鞋春秋季新款美式街头休闲百搭复古面包鞋2026早春,"Giày thể thao phong cách Black Warrior Academy, mẫu mới xuân thu, giày lười retro đa năng phong cách đường phố Mỹ, đầu xuân 2026.",False,False,,,Black Warrior Academy,,,,False,0.857,,0.17,False,False,False,False,,,
1047355388772,shoes,设计感小众板鞋女鞋软底不累脚春季新款小白鞋舒适百搭学生运动鞋,"Thiết kế thời trang và độc đáo, giày thể thao nữ với đế mềm mại, mang lại cảm giác thoải mái khi đi, rất phù hợp cho mùa xuân, kiểu giày trắng mới, đa năng và dễ phối đồ, thích hợp cho học sinh, sinh viên và mặc hàng ngày.",False,False,,,,,,,False,1.667,vi_qua_dai,0.0,False,False,False,False,,,
993304810045,shoes,高级休闲鞋超轻薄软底户外徒步旅游登山鞋学生青年正品舒适跑步鞋,"Giày thường ngày cao cấp, giày leo núi và đi bộ đường dài ngoài trời siêu nhẹ và đế mềm, giày chạy bộ thoải mái chính hãng dành cho học sinh và thanh thiếu niên",False,False,,,,,,,False,1.167,,0.0,False,True,False,False,,,
1042981530703,shoes,高品质抗扭缓震跑鞋男百搭运动鞋女青少年学生体测鞋透气跑步鞋,"Giày chạy bộ nam chất lượng cao, có khả năng chống xoắn và đệm êm ái; giày thể thao đa năng dành cho nữ; và giày chạy bộ thoáng khí dành cho thanh thiếu niên và học sinh, phù hợp cho các bài kiểm tra thể lực.",False,False,,,,,,,False,1.621,vi_qua_dai,0.0,False,False,False,False,,,
1033158471752,shoes,【PLOVER】断码男鞋2026新款网面透气老爹鞋超轻软底休闲运动鞋潮,"【PLOVER】Giày nam, số lượng có hạn, mẫu mới 2026, giày thể thao kiểu dáng thoải mái, chất liệu lưới thoáng khí, siêu nhẹ, đế mềm, kiểu dáng thời trang.",False,False,,,,,,【】,False,1.261,,0.0,False,False,False,False,,,
1039548629742,shoes,新中式韩系厚底情侣鞋2026新款春秋小白鞋ins潮百搭小众休闲板鞋,"Giày đôi đế dày phong cách tân Trung Quốc Hàn Quốc, mẫu mới 2026, giày sneaker trắng xuân thu, hot trend Instagram, dễ phối đồ, độc đáo, giày thể thao casual.",False,False,,,hot trend Instagram,,,,False,1.154,,0.17,False,False,False,False,,,
