product_id,title_zh,title_vi,title_zh_cleaned,title_vi_cleaned,cleaning_flags,similarity_bge_m3
917201880653,车载垃圾袋粘贴自立式收纳袋汽车内用桶必用品车上好物备实用大全,Túi đựng rác trên ô tô,车载垃圾袋粘贴自立式收纳袋汽车内用桶必用品车上好物备实用大全,Túi đựng rác trên ô tô,ratio_mismatch(0.20),0.6585999727249146
598360346821,高密度吸水海棉 8字洗车海绵擦车八字海绵块汽车清洁用品洗车工具,Bọt Biển Thấm Nước Mật Độ Cao 8 Nhân Vật Rửa Xe Bọt Biển Lau Xe 8 Nhân Vật Xốp Khối Xe Dụng Cụ Vệ Sinh xe Dụng Cụ Rửa Xe,高密度吸水海棉 8字洗车海绵擦车八字海绵块汽车清洁用品洗车工具,Bọt Biển Thấm Nước Mật Độ Cao 8 Nhân Vật Rửa Xe Bọt Biển Lau Xe 8 Nhân Vật Xốp Khối Xe Dụng Cụ Vệ Sinh xe Dụng Cụ Rửa Xe,num_mismatch,0.6876000165939331
903173526419,汽车用品车贴3D立体粘贴式图案高级感静电贴磁吸反光车贴纸划痕贴,Vật tư ô tô Dán ô tô 3D 3D Mô hình dán 3D Dán tĩnh điện cao cấp Dán phản quang ô tô Dán xước,汽车用品车贴3D立体粘贴式图案高级感静电贴磁吸反光车贴纸划痕贴,Vật tư ô tô Dán ô tô 3D 3D Mô hình dán 3D Dán tĩnh điện cao cấp Dán phản quang ô tô Dán xước,num_mismatch;info_stuffing:dán,0.7123000025749207
846839279480,跨境新款汽车坐垫纳帕皮高级感车载座椅垫加厚防滑五座前后排座垫,"Đệm ghế ô tô mới xuyên biên giới, đệm ghế ô tô cao cấp Napppi, đệm ghế 5 chỗ trước và sau chống trượt dày dặn",跨境新款汽车坐垫纳帕皮高级感车载座椅垫加厚防滑五座前后排座垫,"Đệm ghế ô tô mới xuyên biên giới, đệm ghế ô tô cao cấp Napppi, đệm ghế 5 chỗ trước và sau chống trượt dày dặn",num_mismatch;info_stuffing:đệm,0.7583000063896179
898729390213,汽车座椅缝隙塞条车内装饰用品大全车载夹缝防漏填补条收纳储物盒,Khe hở ghế ô tô,汽车座椅缝隙塞条车内装饰用品大全车载夹缝防漏填补条收纳储物盒,Khe hở ghế ô tô,truncation_undergen(0.17),0.5645999908447266
979851485539,车载纸巾盒扶手箱增高垫汽车中央高级收纳袋水杯架四合一通用精品,Hộp đựng khăn giấy ô tô hộp tay vịn tăng cường miếng lót xe trung tâm cao cấp túi bảo quản cốc nước 4 trong 1 phổ thông Boutique,车载纸巾盒扶手箱增高垫汽车中央高级收纳袋水杯架四合一通用精品,Hộp đựng khăn giấy ô tô hộp tay vịn tăng cường miếng lót xe trung tâm cao cấp túi bảo quản cốc nước 4 trong 1 phổ thông Boutique,num_mismatch,0.7554000020027161
823772645016,汽车座椅缝隙塞条车载好物边缝防漏条座位夹缝塞防掉车内装饰用品,Khe hở ghế ô tô,汽车座椅缝隙塞条车载好物边缝防漏条座位夹缝塞防掉车内装饰用品,Khe hở ghế ô tô,truncation_undergen(0.17),0.5956000089645386
780449465663,跨境车品新款汽车座椅缝隙塞条夹缝填补边缝防漏储物车载内饰用品,Sản phẩm ô tô xuyên biên giới,跨境车品新款汽车座椅缝隙塞条夹缝填补边缝防漏储物车载内饰用品,Sản phẩm ô tô xuyên biên giới,ratio_mismatch(0.23),0.5975000262260437
913240440681,临时停车电话号码牌汽车移车挪车牌停车号码牌磁吸夜光车载电话牌,Biển số điện thoại đỗ xe tạm thời,临时停车电话号码牌汽车移车挪车牌停车号码牌磁吸夜光车载电话牌,Biển số điện thoại đỗ xe tạm thời,ratio_mismatch(0.27),0.7439000010490417
977204432754,4G行车记录仪哨兵GPS定位24小时远程监控碰撞唤醒app无线行车记录,"Camera hành trình 4G tích hợp định vị GPS, giám sát từ xa 24/24, phát hiện va chạm, ghi hình không dây qua ứng dụng.",4G行车记录仪哨兵GPS定位24小时远程监控碰撞唤醒app无线行车记录,"Camera hành trình 4 G tích hợp định vị GPS, giám sát từ xa 24/24, phát hiện va chạm, ghi hình không dây qua ứng dụng",num_mismatch,0.6938999891281128
925634550577,跨境4K行车记录仪高清夜视前后双录手机互联倒车影像车载记录器,Ghi hình lái xe 4K xuyên biên giới,跨境4K行车记录仪高清夜视前后双录手机互联倒车影像车载记录器,Ghi hình lái xe 4K xuyên biên giới,ratio_mismatch(0.27),0.692799985408783
944176114422,跨境新款行车记录仪1080P汽车摄像机四镜头高清夜视记录器dvrSs7,"Camera hành trình 4 ống kính 1080P xuyên biên giới, quay phim ban đêm độ nét cao DVRSS7",跨境新款行车记录仪1080P汽车摄像机四镜头高清夜视记录器dvrSs7,"Camera hành trình 4 ống kính 1080P xuyên biên giới, quay phim ban đêm độ nét cao DVRSS7",num_mismatch,0.7541999816894531
1001300032555,新款1080P四镜头行车记录仪WiFi手机互联四路同显同录车载摄像机,"Camera hành trình 4 ống kính 1080P mới, kết nối điện thoại di động WiFi, hiển thị và ghi hình đồng thời 4 chiều",新款1080P四镜头行车记录仪WiFi手机互联四路同显同录车载摄像机,"Camera hành trình 4 ống kính 1080P mới, kết nối điện thoại di động WiFi, hiển thị và ghi hình đồng thời 4 chiều",num_mismatch,0.7796000242233276
826353007905,2024爆款推荐汽车行车记录仪高清夜视1080P车载360度车前车内双镜,Máy ghi âm lái xe ô tô độ nét cao chế độ xem ban đêm 1080P ô tô 360 độ gương kép phía trước ô tô,2024爆款推荐汽车行车记录仪高清夜视1080P车载360度车前车内双镜,Máy ghi âm lái xe ô tô độ nét cao chế độ xem ban đêm 1080P ô tô 360 độ gương kép phía trước ô tô,num_mismatch,0.7213000059127808
904540006424,跨境3镜头行车记录仪3录车载高清夜视2寸前后双录记录器WiFi互联,Máy ghi âm lái xe 3 ống kính xuyên biên giới Máy ghi âm kép 2 inch trước và sau khi nhìn đêm độ nét cao trên ô tô Kết nối WiFi,跨境3镜头行车记录仪3录车载高清夜视2寸前后双录记录器WiFi互联,Máy ghi âm lái xe 3 ống kính xuyên biên giới Máy ghi âm kép 2 inch trước và sau khi nhìn đêm độ nét cao trên ô tô Kết nối WiFi,num_mismatch,0.7064999938011169
948596985087,Y109Y108四录4个摄像头4录跨境爆款监控行车记录仪车载360度全景,"Camera hành trình giám sát đa năng Y109Y108 bốn camera, ghi hình 4 kênh, phổ biến quốc tế, với góc nhìn toàn cảnh 360 độ.",Y109Y108四录4个摄像头4录跨境爆款监控行车记录仪车载360度全景,"Camera hành trình giám sát đa năng Y109Y108 bốn camera, ghi hình 4 kênh, phổ biến quốc tế, với góc nhìn toàn cảnh 360 độ",num_mismatch,0.8057000041007996
580928769027,厂家直销VG3电子狗英俄语加雷达测速二合一2.0寸行车记录仪高清,"Nhà máy bán hàng trực tiếp chó điện tử VG3, tiếng Anh, tiếng Nga và radar, máy ghi âm lái xe 2 trong 1 2.0 inch HD",厂家直销VG3电子狗英俄语加雷达测速二合一2.0寸行车记录仪高清,"Nhà máy bán hàng trực tiếp chó điện tử VG3, tiếng Anh, tiếng Nga và radar, máy ghi âm lái xe 2 trong 1 2.0 inch HD",num_mismatch,0.7347999811172485
976409836871,跨境2K行车记录仪24小时停车监控手机WiFi互联高清夜视隐藏式车载,"Camera hành trình 2K xuyên biên giới với chức năng giám sát đỗ xe 24/24, kết nối WiFi di động, tầm nhìn ban đêm độ nét cao và lắp đặt ẩn trong xe.",跨境2K行车记录仪24小时停车监控手机WiFi互联高清夜视隐藏式车载,"Camera hành trình 2K xuyên biên giới với chức năng giám sát đỗ xe 24/24, kết nối WiFi di động, tầm nhìn ban đêm độ nét cao và lắp đặt ẩn trong xe",num_mismatch,0.7851999998092651
520378973055,严选高清行车记录仪双镜头九亿H06倒车影像4.3寸夜视跨境现货,Máy ghi hình lái xe hai ống kính độ phân giải cao được lựa chọn kỹ lưỡng Camera lùi 900M H06 4.3inch sản phẩm xuyên biên giới tầm nhìn ban đêm có sẵn trong kho,严选高清行车记录仪双镜头九亿H06倒车影像4.3寸夜视跨境现货,Máy ghi hình lái xe hai ống kính độ phân giải cao được lựa chọn kỹ lưỡng Camera lùi 900 M H06 4.3 inch sản phẩm xuyên biên giới tầm nhìn ban đêm có sẵn trong kho,num_mismatch,0.7160000205039978
785545901079,2026新款男女旅行包商务16寸大容量书包大学生电脑包双肩包背包,"2026 mẫu túi du lịch nam nữ mới, túi công tác, túi đi học dung tích lớn, túi đựng máy tính cho sinh viên đại học, ba lô",2026新款男女旅行包商务16寸大容量书包大学生电脑包双肩包背包,"2026 mẫu túi du lịch nam nữ mới, túi công tác, túi đi học dung tích lớn, túi đựng máy tính cho sinh viên đại học, ba lô",num_mismatch;info_stuffing:túi,0.7732999920845032
862941476760,双肩包女2026新款潮旅行牛津布小背包女士时尚潮流帆布小包书包包,Ba lô hai vai nữ ba lô nhỏ vải oxford du lịch sành điệu mẫu mới 2024 túi nhỏ vải bố xu hướng thời trang nữ túi đi học,双肩包女2026新款潮旅行牛津布小背包女士时尚潮流帆布小包书包包,Ba lô hai vai nữ ba lô nhỏ vải oxford du lịch sành điệu mẫu mới 2024 túi nhỏ vải bố xu hướng thời trang nữ túi đi học,num_mismatch,0.7228999733924866
887723092748,初高中校园学生书包四件套韩版ins风学生背包牛津布防泼水双肩包,Cặp sách học sinh cấp 2 và cấp 3 bộ bốn chiếc ba lô học sinh phong cách instagram phong cách Hàn Quốc ba lô chống nước vải Oxford,初高中校园学生书包四件套韩版ins风学生背包牛津布防泼水双肩包,Cặp sách học sinh cấp 2 và cấp 3 bộ bốn chiếc ba lô học sinh phong cách instagram phong cách Hàn Quốc ba lô chống nước vải Oxford,num_mismatch,0.6965000033378601
945458614766,双肩包男款大容量高级感电脑包礼品背包初中生高中生书包箱包工厂,"Ba lô nam, dung tích lớn, túi đựng máy tính cao cấp, ba lô quà tặng, cặp sách học sinh cấp 2 và cấp 3, nhà máy sản xuất hành lý.",双肩包男款大容量高级感电脑包礼品背包初中生高中生书包箱包工厂,"Ba lô nam, dung tích lớn, túi đựng máy tính cao cấp, ba lô quà tặng, cặp sách học sinh cấp 2 và cấp 3, nhà máy sản xuất hành lý",num_mismatch;info_stuffing:cấp,0.7764000296592712
998592113906,新款时尚百搭学生书包初高中双肩包旅行双肩背包钢琴键波点双肩包,"Ba lô học sinh thời trang và đa năng mới, ba lô học sinh cấp 2 và cấp 3, ba lô du lịch, ba lô chấm bi phím đàn piano",新款时尚百搭学生书包初高中双肩包旅行双肩背包钢琴键波点双肩包,"Ba lô học sinh thời trang và đa năng mới, ba lô học sinh cấp 2 và cấp 3, ba lô du lịch, ba lô chấm bi phím đàn piano",num_mismatch,0.670799970626831
723929733943,新款男士简约双肩包大容量休闲旅行包批发中学生书包电脑商务背包,"Ba lô nam kiểu mới đơn giản, túi du lịch đa năng dung tích lớn, bán buôn ba lô học sinh cấp 2, ba lô đựng laptop công sở",新款男士简约双肩包大容量休闲旅行包批发中学生书包电脑商务背包,"Ba lô nam kiểu mới đơn giản, túi du lịch đa năng dung tích lớn, bán buôn ba lô học sinh cấp 2, ba lô đựng laptop công sở",num_mismatch,0.7764000296592712
714122581154,2026新款大容量女士休闲双肩包旅行电脑背包轻便防盗时尚潮流包包,Ba lô nữ thường ngày dung tích lớn mẫu mới 2023 Ba lô máy tính Du Lịch Túi Thời Trang Chống trộm gọn nhẹ,2026新款大容量女士休闲双肩包旅行电脑背包轻便防盗时尚潮流包包,Ba lô nữ thường ngày dung tích lớn mẫu mới 2023 Ba lô máy tính Du Lịch Túi Thời Trang Chống trộm gọn nhẹ,num_mismatch,0.7310000061988831
853768998642,韩版潮流初高中学生大容量书包时尚简约百搭双肩包轻便通勤背包,Ba lô đi lại gọn nhẹ dễ phối đơn giản thời trang ba lô dung tích lớn cho học sinh cấp 2 và cấp 3 thời trang Hàn Quốc,韩版潮流初高中学生大容量书包时尚简约百搭双肩包轻便通勤背包,Ba lô đi lại gọn nhẹ dễ phối đơn giản thời trang ba lô dung tích lớn cho học sinh cấp 2 và cấp 3 thời trang Hàn Quốc,num_mismatch,0.7530999779701233
919743550339,双肩包男士大容量休闲潮流书包初高中大学生旅行商务运动特大背包,"Ba lô hai vai ba lô nam thời trang thoải mái dung tích lớn ba lô cực to thể thao du lịch học sinh cấp 2, cấp 3",双肩包男士大容量休闲潮流书包初高中大学生旅行商务运动特大背包,"Ba lô hai vai ba lô nam thời trang thoải mái dung tích lớn ba lô cực to thể thao du lịch học sinh cấp 2, cấp 3",num_mismatch,0.7439000010490417
940770197893,新款跨境背包大容量书包初高中双肩包女大学生高级感旅行包男便携,"Ba lô xuyên biên giới mới, ba lô đi học dung tích lớn, ba lô học sinh cấp 2 và cấp 3, túi du lịch cao cấp dành cho nữ sinh viên đại học, túi xách tay tiện lợi cho nam giới",新款跨境背包大容量书包初高中双肩包女大学生高级感旅行包男便携,"Ba lô xuyên biên giới mới, ba lô đi học dung tích lớn, ba lô học sinh cấp 2 và cấp 3, túi du lịch cao cấp dành cho nữ sinh viên đại học, túi xách tay tiện lợi cho nam giới",num_mismatch;info_stuffing:học,0.7470999956130981
704753221535,双肩包女2026新款韩版牛津布小背包女士尼龙菱格车缝线时尚书包,Balo nữ ba lô nhỏ vải Oxford phong cách Hàn Quốc mẫu mới 2023,双肩包女2026新款韩版牛津布小背包女士尼龙菱格车缝线时尚书包,Balo nữ ba lô nhỏ vải Oxford phong cách Hàn Quốc mẫu mới 2023,num_mismatch,0.6718999743461609
976767390104,Jansport跨境杰斯伯双肩包初高中大学生书包通勤大容量旅行电脑收,"Ba lô Jansport Jessbo đa năng dành cho học sinh cấp 2, cấp 3, sinh viên đại học, đi làm, du lịch dung tích lớn và đựng laptop.",Jansport跨境杰斯伯双肩包初高中大学生书包通勤大容量旅行电脑收,"Ba lô Jansport Jessbo đa năng dành cho học sinh cấp 2, cấp 3, sinh viên đại học, đi làm, du lịch dung tích lớn và đựng laptop",num_mismatch,0.777999997138977
866406297080,芝麻宝贝学生书包潮流个性迷彩儿童书包 初中休闲耐磨双肩背包,"Túi đi học Sesame Baby dành cho học sinh, thời trang cá tính, họa tiết rằn ri, balo trẻ em, balo cấp 2, balo đi học hàng ngày, chống mài mòn",芝麻宝贝学生书包潮流个性迷彩儿童书包 初中休闲耐磨双肩背包,"Túi đi học Sesame Baby dành cho học sinh, thời trang cá tính, họa tiết rằn ri, balo trẻ em, balo cấp 2, balo đi học hàng ngày, chống mài mòn",num_mismatch;info_stuffing:học,0.699999988079071
696614821423,百搭书包男纯色双肩包女高中背包大学生电脑包高级感跨境旅游轻便,"Túi đi học đa năng dành cho nam, ba lô màu trơn dành cho nữ, ba lô học sinh cấp 3, túi đựng máy tính cho sinh viên đại học, cảm giác cao cấp, nhẹ nhàng tiện lợi cho du lịch xuyên biên giới.",百搭书包男纯色双肩包女高中背包大学生电脑包高级感跨境旅游轻便,"Túi đi học đa năng dành cho nam, ba lô màu trơn dành cho nữ, ba lô học sinh cấp 3, túi đựng máy tính cho sinh viên đại học, cảm giác cao cấp, nhẹ nhàng tiện lợi cho du lịch xuyên biên giới",num_mismatch;info_stuffing:học,0.7483999729156494
817849974930,跨境JS双肩包男女大容量麂皮轻便学生书包简约初高中学生背包小众,Ba lô hai vai JS xuyên biên giới cặp sách học sinh nhẹ da lộn dung tích lớn cho nam nữ ba lô học sinh cấp 2 và cấp 3 đơn giản,跨境JS双肩包男女大容量麂皮轻便学生书包简约初高中学生背包小众,Ba lô hai vai JS xuyên biên giới cặp sách học sinh nhẹ da lộn dung tích lớn cho nam nữ ba lô học sinh cấp 2 và cấp 3 đơn giản,num_mismatch,0.7290999889373779
831003371545,跨境4录4K行车记录仪wifi高清1080P夜视车载手机停车监控录像,Ghi âm lái xe 4K xuyên biên giới wifi HD 1080P nhìn ban đêm xe ô tô điện thoại di động giám sát đỗ xe video,跨境4录4K行车记录仪wifi高清1080P夜视车载手机停车监控录像,Ghi âm lái xe 4K xuyên biên giới wifi HD 1080P nhìn ban đêm xe ô tô điện thoại di động giám sát đỗ xe video,num_mismatch,0.7791000008583069
838981993586,跨境爆款7寸无线货车监控行车记录仪摄像头前后双路24V倒车影像,Hình ảnh camera giám sát lái xe tải không dây 7 inch bùng nổ xuyên biên giới,跨境爆款7寸无线货车监控行车记录仪摄像头前后双路24V倒车影像,Hình ảnh camera giám sát lái xe tải không dây 7 inch bùng nổ xuyên biên giới,num_mismatch,0.6769999861717224
934569061409,新款2024高清夜视行车记录仪流媒体前后左右四录24h监控汽车dvr,"Camera hành trình ô tô 2024 độ nét cao, tầm nhìn ban đêm, ghi hình 4 kênh trước, sau, trái, phải, giám sát 24/7",新款2024高清夜视行车记录仪流媒体前后左右四录24h监控汽车dvr,"Camera hành trình ô tô 2024 độ nét cao, tầm nhìn ban đêm, ghi hình 4 kênh trước, sau, trái, phải, giám sát 24/7",num_mismatch,0.7372999787330627
974424224234,跨境4K行车记录仪流媒体后视镜前后双录手机互联车载WIFI360全景,"Camera hành trình hai ống kính 4K với hình ảnh lùi xe, kết nối điện thoại di động, cảnh báo ADAS, WIFI trong xe, ghi hình kép",跨境4K行车记录仪流媒体后视镜前后双录手机互联车载WIFI360全景,"Camera hành trình hai ống kính 4K với hình ảnh lùi xe, kết nối điện thoại di động, cảnh báo ADAS, WIFI trong xe, ghi hình kép",num_mismatch,0.6826000213623047
915364107245,E3超清4K三录行车记录仪WIFI查看下载 GPS时速轨迹24小时停车监控,"Camera hành trình ba camera E3 Ultra-clear 4K với chức năng xem và tải xuống qua WIFI, theo dõi tốc độ và quỹ đạo GPS, giám sát đỗ xe 24/24",E3超清4K三录行车记录仪WIFI查看下载 GPS时速轨迹24小时停车监控,"Camera hành trình ba camera E3 Ultra-clear 4K với chức năng xem và tải xuống qua WIFI, theo dõi tốc độ và quỹ đạo GPS, giám sát đỗ xe 24/24",num_mismatch,0.7578999996185303
825045716838,新款2K三镜头高清车前车内双录一体机广角夜视带WIFI行车记录仪,"Máy ghi âm kép phía trước ô tô độ nét cao 3 ống kính 2K mới, tầm nhìn ban đêm góc rộng với ghi âm lái xe WIFI",新款2K三镜头高清车前车内双录一体机广角夜视带WIFI行车记录仪,"Máy ghi âm kép phía trước ô tô độ nét cao 3 ống kính 2K mới, tầm nhìn ban đêm góc rộng với ghi âm lái xe WIFI",num_mismatch,0.7849000096321106
863849181249,二路监控行车记录仪7寸前后双录显示屏大巴倒车影像12V24V免安装,"Camera hành trình giám sát hai kênh với màn hình ghi hình kép cho phía trước và phía sau, hình ảnh lùi xe buýt, 12V/24V, không cần lắp đặt.",二路监控行车记录仪7寸前后双录显示屏大巴倒车影像12V24V免安装,"Camera hành trình giám sát hai kênh với màn hình ghi hình kép cho phía trước và phía sau, hình ảnh lùi xe buýt, 12 V/24 V, không cần lắp đặt",num_mismatch;info_stuffing:hình,0.7457000017166138
961917097403,3.0寸四录行车记录仪支持WiFi红外夜视24小时停车监控无线互联,"Camera hành trình bốn camera 3.0inch hỗ trợ WiFi, tầm nhìn ban đêm hồng ngoại, giám sát đỗ xe 24/24 và kết nối không dây.",3.0寸四录行车记录仪支持WiFi红外夜视24小时停车监控无线互联,"Camera hành trình bốn camera 3.0 inch hỗ trợ WiFi, tầm nhìn ban đêm hồng ngoại, giám sát đỗ xe 24/24 và kết nối không dây",num_mismatch,0.7975999712944031
557915795254,二合一Руский俄罗斯专供X7俄文电子狗行车记录仪流动测速,2 trong 1Ru voy Nga chuyên về X7 Máy ghi âm lái xe chó kỹ thuật số của Nga đo tốc độ di động,二合一Руский俄罗斯专供X7俄文电子狗行车记录仪流动测速,2 trong 1Ru voy Nga chuyên về X7 Máy ghi âm lái xe chó kỹ thuật số của Nga đo tốc độ di động,foreign_script;num_mismatch,0.7416999936103821
934486797803,大众朗逸速腾宝来帕萨特迈腾ID34L探岳专用行车记录仪原厂25夜视,"Camera hành trình ban đêm chính hãng dành cho Volkswagen Lavida, Sagitar, Bora, Passat, Magotan, ID34L và Tayron.",大众朗逸速腾宝来帕萨特迈腾ID34L探岳专用行车记录仪原厂25夜视,"Camera hành trình ban đêm chính hãng dành cho Volkswagen Lavida, Sagitar, Bora, Passat, Magotan, ID34 L và Tayron",num_mismatch,0.6071000099182129
862602069480,新款海思行车记录仪免走线4K高清录像远程24h监控记录仪PCBA定制,"Mẫu camera hành trình HiSilicon mới với khả năng ghi hình video độ nét cao 4K không cần dây, thiết bị ghi hình giám sát từ xa 24/24, tùy chỉnh PCBA.",新款海思行车记录仪免走线4K高清录像远程24h监控记录仪PCBA定制,"Mẫu camera hành trình HiSilicon mới với khả năng ghi hình video độ nét cao 4K không cần dây, thiết bị ghi hình giám sát từ xa 24/24, tùy chỉnh PCBA",num_mismatch,0.7333999872207642
916268225830,C309三镜头行车记录仪2025车前内后3录摄像头新款WIFI跨境爆,"Camera hành trình ba ống kính C309, ghi hình trước, trong và sau năm 2025, mẫu mới, tích hợp WIFI, sản phẩm bán chạy quốc tế.",C309三镜头行车记录仪2025车前内后3录摄像头新款WIFI跨境爆,"Camera hành trình ba ống kính C309, ghi hình trước, trong và sau năm 2025, mẫu mới, tích hợp WIFI, sản phẩm bán chạy quốc tế",num_mismatch,0.7667999863624573
990667841552,4录4K后视镜超高清行车记录仪12寸ADAS驾驶BSD盲区测360度监控GPS,Gương chiếu hậu 4K Máy ghi hình lái xe độ phân giải cực cao 12inch ADAS lái xe BSD phát hiện điểm mù Giám sát 360 độ GPS,4录4K后视镜超高清行车记录仪12寸ADAS驾驶BSD盲区测360度监控GPS,Gương chiếu hậu 4K Máy ghi hình lái xe độ phân giải cực cao 12 inch ADAS lái xe BSD phát hiện điểm mù Giám sát 360 độ GPS,num_mismatch,0.8330000042915344
934039451711,宝马3系5系7系1系X3X1X2X5X4X6325Li530ix3/i3行车记录仪专车专用,"Camera hành trình chuyên dụng cho xe BMW 3 Series, 5 Series, 7 Series, 1 Series, X3, X1, X2, X5, X4, X6, 325Li, 530ix3/i3",宝马3系5系7系1系X3x1X2x5X4x6325Li530ix3/i3行车记录仪专车专用,"Camera hành trình chuyên dụng cho xe BMW 3 Series, 5 Series, 7 Series, 1 Series, X3, X1, X2, X5, X4, X6, 325Li, 530ix3/i3",num_mismatch;info_stuffing:series,0.730400025844574
691820995769,高清车载DVR倒车影像停车守卫高清三镜头行车记录仪3录工厂批发,"Camera hành trình ô tô độ nét cao, camera lùi, màn hình giám sát đỗ xe, camera hành trình 3 ống kính độ nét cao, bán buôn nhà máy 3 kênh",高清车载DVR倒车影像停车守卫高清三镜头行车记录仪3录工厂批发,"Camera hành trình ô tô độ nét cao, camera lùi, màn hình giám sát đỗ xe, camera hành trình 3 ống kính độ nét cao, bán buôn nhà máy 3 kênh",num_mismatch;info_stuffing:camera,0.6866999864578247
992331612868,奇瑞瑞虎9x专用行车记录仪原厂4k高清隐藏式免走线瑞虎九2026新款,"Camera hành trình chuyên dụng Chery Tiggo 9x, loại ẩn độ phân giải cao 4K chính hãng, lắp đặt không dây, dành cho Tiggo 9 mẫu mới 2026.",奇瑞瑞虎9x专用行车记录仪原厂4k高清隐藏式免走线瑞虎九2026新款,"Camera hành trình chuyên dụng Chery Tiggo 9x, loại ẩn độ phân giải cao 4K chính hãng, lắp đặt không dây, dành cho Tiggo 9 mẫu mới 2026",num_mismatch,0.7281000018119812
864920332541,批发新款四录高清1080P行车记录仪WIFI互联倒车影像GPS24小时监控,"Máy ghi hình lái xe 4 camera độ phân giải cao 1080P, mẫu mới, bán buôn, tích hợp kết nối WIFI, hình ảnh lùi, GPS và giám sát 24/24.",批发新款四录高清1080P行车记录仪WIFI互联倒车影像GPS24小时监控,"Máy ghi hình lái xe 4 camera độ phân giải cao 1080P, mẫu mới, bán buôn, tích hợp kết nối WIFI, hình ảnh lùi, GPS và giám sát 24/24",num_mismatch,0.7767999768257141
905130450649,外贸批发高清4G远程监控行车记录仪前后双录夜视高清车载记录仪,2024 mới độ phân giải cao 4G giám sát từ xa lái xe ghi âm phía trước và phía sau ghi âm kép tầm nhìn ban đêm máy ghi âm xe hơi độ phân giải cao,外贸批发高清4G远程监控行车记录仪前后双录夜视高清车载记录仪,2024 mới độ phân giải cao 4 G giám sát từ xa lái xe ghi âm phía trước và phía sau ghi âm kép tầm nhìn ban đêm máy ghi âm xe hơi độ phân giải cao,num_mismatch;info_stuffing:ghi,0.666700005531311
749364410345,70迈行车记录仪4K超高清A810前后双录150度广角70mai夜视清晰ADAS,"Camera hành trình 70mai 4K siêu nét A810 ghi hình kép trước sau, góc rộng 150 độ, tầm nhìn ban đêm rõ nét, tích hợp ADAS",70迈行车记录仪4K超高清A810前后双录150度广角70mai夜视清晰ADAS,"Camera hành trình 70mai 4K siêu nét A810 ghi hình kép trước sau, góc rộng 150 độ, tầm nhìn ban đêm rõ nét, tích hợp ADAS",num_mismatch,0.8464999794960022
692412467354,奥迪A3/A4/A5/A6L/A8/Q2/Q7/Q5/RS7/S5原厂专车专用4K行车记录仪,Audi A3/A4/A5/A6L/A8/Q2/Q7/Q5/RS7/S5 chuyên dụng 4K lái xe,奥迪A3/A4/A5/A6L/A8/Q2/Q7/Q5/RS7/S5原厂专车专用4K行车记录仪,Audi A3/A4/A5/A6 L/A8/Q2/Q7/Q5/RS7/S5 chuyên dụng 4K lái xe,ratio_mismatch(0.17),0.794700026512146
760990109504,2026新款中学生书包男生初中生高中生大容量背包男减负跨境男款,"Ba lô học sinh mẫu mới 2026 dành cho học sinh trung học, ba lô nam cỡ lớn dành cho học sinh cấp 2 và cấp 3, kiểu dáng nam tính nhẹ nhàng, thời trang quốc tế.",2026新款中学生书包男生初中生高中生大容量背包男减负跨境男款,"Ba lô học sinh mẫu mới 2026 dành cho học sinh trung học, ba lô nam cỡ lớn dành cho học sinh cấp 2 và cấp 3, kiểu dáng nam tính nhẹ nhàng, thời trang quốc tế",num_mismatch;info_stuffing:học,0.7505000233650208
841852332629,校园男女初高中双肩包大容量书包旅行学生运动背包潮牌迪家休闲包,"Balo học đường nam nữ cấp 2, cấp 3, cặp sách dung tích lớn, ba lô thể thao học sinh du lịch, ba lô thường ngày thương hiệu Dijia sành điệu",校园男女初高中双肩包大容量书包旅行学生运动背包潮牌迪家休闲包,"Balo học đường nam nữ cấp 2, cấp 3, cặp sách dung tích lớn, ba lô thể thao học sinh du lịch, ba lô thường ngày thương hiệu Dijia sành điệu",num_mismatch,0.7473000288009644
678168007860,跨境背包男士双肩包定制印字15.614电脑包大容量商务旅行学生书包,"Ba lô nam đi du lịch xuyên biên giới, in theo yêu cầu, đựng laptop 15.6 inch, dung tích lớn, dùng cho công việc, du lịch, học sinh, sinh viên",跨境背包男士双肩包定制印字15.614电脑包大容量商务旅行学生书包,"Ba lô nam đi du lịch xuyên biên giới, in theo yêu cầu, đựng laptop 15.6 inch, dung tích lớn, dùng cho công việc, du lịch, học sinh, sinh viên",num_mismatch,0.7285000085830688
944466303906,亚马逊爆款双肩包 跨境贴标小单快反 48小时发货大容量电脑包,"Túi du lịch thông thường phổ biến dành cho nữ, túi đựng máy tính dành cho sinh viên có sức chứa lớn, ba lô chống thấm nước dành cho nam đi công tác",亚马逊爆款双肩包 跨境贴标小单快反 48小时发货大容量电脑包,"Túi du lịch thông thường phổ biến dành cho nữ, túi đựng máy tính dành cho sinh viên có sức chứa lớn, ba lô chống thấm nước dành cho nam đi công tác",num_mismatch;info_stuffing:dành,0.5217000246047974
896810990718,YX新款大容量双肩包豹纹电脑背包大学生高中男女书包韩版跨境批发,"Ba lô YX mới, dung tích lớn, họa tiết da báo, ba lô đựng laptop, cặp sách học sinh cấp 2, cấp 3, phiên bản Hàn Quốc, bán buôn xuyên biên giới",YX新款大容量双肩包豹纹电脑背包大学生高中男女书包韩版跨境批发,"Ba lô YX mới, dung tích lớn, họa tiết da báo, ba lô đựng laptop, cặp sách học sinh cấp 2, cấp 3, phiên bản Hàn Quốc, bán buôn xuyên biên giới",num_mismatch,0.7444999814033508
995888700399,上课轻便初高中大学生书包百搭休闲双肩包男女同款大容量双肩背包,"Cặp sách nhẹ dành cho học sinh cấp 2 và cấp 3, ba lô thông thường đa năng, cùng kiểu dáng cho nam và nữ, ba lô sức chứa lớn",上课轻便初高中大学生书包百搭休闲双肩包男女同款大容量双肩背包,"Cặp sách nhẹ dành cho học sinh cấp 2 và cấp 3, ba lô thông thường đa năng, cùng kiểu dáng cho nam và nữ, ba lô sức chứa lớn",num_mismatch,0.7608000040054321
910448683292,韩版学院风书包男女学生时尚大容量旅行双肩轻便初高中学生背包,Cặp sách phong cách học đường phong cách Hàn Quốc ba lô đeo hai vai du lịch dung tích lớn thời trang cho học sinh nam nữ ba lô học sinh cấp 2 và cấp 3,韩版学院风书包男女学生时尚大容量旅行双肩轻便初高中学生背包,Cặp sách phong cách học đường phong cách Hàn Quốc ba lô đeo hai vai du lịch dung tích lớn thời trang cho học sinh nam nữ ba lô học sinh cấp 2 và cấp 3,num_mismatch;info_stuffing:học,0.791100025177002
922802914669,头层牛皮双肩包男士真皮商务背包出差上班通勤电脑包高级感男女款,"Ba lô da bò lớp 1, ba lô công sở da thật nam, đi công tác, đi làm, túi đựng máy tính, mẫu nam nữ cao cấp",头层牛皮双肩包男士真皮商务背包出差上班通勤电脑包高级感男女款,"Ba lô da bò lớp 1, ba lô công sở da thật nam, đi công tác, đi làm, túi đựng máy tính, mẫu nam nữ cao cấp",num_mismatch,0.7034000158309937
718318527953,书包女韩版原宿ulzzang高中学生背包男ins初中生大学生百搭双肩包,Balo nữ học sinh cấp 3 ulzzang Harajuku phong cách Hàn Quốc Ba Lô Nam học sinh cấp 2 Instagram dễ phối,书包女韩版原宿ulzzang高中学生背包男ins初中生大学生百搭双肩包,Balo nữ học sinh cấp 3 ulzzang Harajuku phong cách Hàn Quốc Ba Lô Nam học sinh cấp 2 Instagram dễ phối,num_mismatch,0.6703000068664551
759430336752,书包女ins风初中生纯色背包2022新款森系高中大学生霸气双肩包潮,Cặp sách Balo nữ học sinh cấp 2 màu trơn phong cách instagram Balo nữ học sinh cấp 3 mẫu mới 2022 phong cách Mori,书包女ins风初中生纯色背包2022新款森系高中大学生霸气双肩包潮,Cặp sách Balo nữ học sinh cấp 2 màu trơn phong cách instagram Balo nữ học sinh cấp 3 mẫu mới 2022 phong cách Mori,num_mismatch,0.65829998254776
939171461366,韩国大容量抽绳双肩包包女夏季新款多口袋格子百搭轻便尼龙学生包,"Ba lô dây rút cỡ lớn Hàn Quốc dành cho nữ mùa hè 2026, nhiều ngăn, họa tiết ca rô, đa năng, nhẹ, chất liệu nylon, túi học sinh",韩国大容量抽绳双肩包包女夏季新款多口袋格子百搭轻便尼龙学生包,"Ba lô dây rút cỡ lớn Hàn Quốc dành cho nữ mùa hè 2026, nhiều ngăn, họa tiết ca rô, đa năng, nhẹ, chất liệu nylon, túi học sinh",num_mismatch,0.6830000281333923
901203282551,2026新款大容量学生书包女大学生百搭双肩包新背包高中生批发女包,"Ba lô học sinh nữ cỡ lớn năm 2026, balo đeo vai đôi đa năng, balo mới cho học sinh cấp 3, bán buôn túi nữ",2026新款大容量学生书包女大学生百搭双肩包新背包高中生批发女包,"Ba lô học sinh nữ cỡ lớn năm 2026, balo đeo vai đôi đa năng, balo mới cho học sinh cấp 3, bán buôn túi nữ",num_mismatch,0.7748000025749207
892132782391,日系ins风爪爪派对系列双肩包毛绒包包大容量背包初高中学生书包,Ba lô đeo hai vai kiểu Nhật Ins Wind Claw Party Series sang trọng ba lô dung tích lớn cặp sách học sinh cấp 2 và cấp 3,日系ins风爪爪派对系列双肩包毛绒包包大容量背包初高中学生书包,Ba lô đeo hai vai kiểu Nhật Ins Wind Claw Party Series sang trọng ba lô dung tích lớn cặp sách học sinh cấp 2 và cấp 3,num_mismatch,0.705299973487854
705105223384,纯色菱格车缝线铆钉时尚双肩包女2026质感韩版大容量简约女士背包,Balo nữ đơn giản dung lượng lớn phong cách Hàn Quốc họa tiết 2023,纯色菱格车缝线铆钉时尚双肩包女2026质感韩版大容量简约女士背包,Balo nữ đơn giản dung lượng lớn phong cách Hàn Quốc họa tiết 2023,num_mismatch,0.613099992275238
744356768181,2026新款欧美风复古PU软皮双肩包女士大容量旅行背包豹纹时尚女包,Ba lô da mềm PU cổ điển phong cách Âu Mỹ mẫu mới 2023 Ba lô nữ du lịch dung tích lớn Túi nữ thời trang họa tiết da báo,2026新款欧美风复古PU软皮双肩包女士大容量旅行背包豹纹时尚女包,Ba lô da mềm PU cổ điển phong cách Âu Mỹ mẫu mới 2023 Ba lô nữ du lịch dung tích lớn Túi nữ thời trang họa tiết da báo,num_mismatch,0.6917999982833862
885222040934,大容量商务电脑包2026新款女初高中学生书包出差行李包旅行双肩包,"Túi máy tính xách tay công sở dung lượng lớn mẫu mới 2026 dành cho nữ sinh trung học, học sinh cấp 3, túi đi công tác, túi du lịch, ba lô du lịch",大容量商务电脑包2026新款女初高中学生书包出差行李包旅行双肩包,"Túi máy tính xách tay công sở dung lượng lớn mẫu mới 2026 dành cho nữ sinh trung học, học sinh cấp 3, túi đi công tác, túi du lịch, ba lô du lịch",num_mismatch;info_stuffing:túi,0.782800018787384
815546410701,书包女韩版原宿ulzzang高中学生背包男ins初中生大学生百搭双肩包,Balo nữ học sinh cấp 3 ulzzang Harajuku phong cách Hàn Quốc ba lô nam học sinh cấp 2 instagram dễ phối,书包女韩版原宿ulzzang高中学生背包男ins初中生大学生百搭双肩包,Balo nữ học sinh cấp 3 ulzzang Harajuku phong cách Hàn Quốc ba lô nam học sinh cấp 2 instagram dễ phối,num_mismatch,0.7045000195503235
857391520709,书包初高中学生书包男减负护脊三到六年级超大容量双肩包耐脏女生,"Cặp sách cặp sách học sinh cấp 2, cấp 3, cấp 3, cấp 3, cấp 6, ba lô siêu lớn, chống bẩn cho nữ sinh",书包初高中学生书包男减负护脊三到六年级超大容量双肩包耐脏女生,"Cặp sách cặp sách học sinh cấp 2, cấp 3, cấp 3, cấp 3, cấp 6, ba lô siêu lớn, chống bẩn cho nữ sinh",num_mismatch;info_stuffing:cấp,0.6884999871253967
621768817689,跨境厂家批发登山旅行徒步运动包轻便户外休闲双肩包外贸送防雨罩,Nhà Máy xuyên biên giới bán hàng trực tiếp Leo Núi Du Lịch Đi Bộ Đường Dài Túi thể thao 28L Ba lô giải trí ngoài trời Ngoại Thương,跨境厂家批发登山旅行徒步运动包轻便户外休闲双肩包外贸送防雨罩,Nhà Máy xuyên biên giới bán hàng trực tiếp Leo Núi Du Lịch Đi Bộ Đường Dài Túi thể thao 28 L Ba lô giải trí ngoài trời Ngoại Thương,num_mismatch,0.5909000039100647
789394277001,书包男大学生ins潮酷休闲简约大容量双肩包初中生高中生旅行背包,Cặp sách Balo nam sinh viên đại học instagram sành điệu giản dị đơn giản dung tích lớn ba lô du lịch học sinh cấp 2 học sinh cấp 3,书包男大学生ins潮酷休闲简约大容量双肩包初中生高中生旅行背包,Cặp sách Balo nam sinh viên đại học instagram sành điệu giản dị đơn giản dung tích lớn ba lô du lịch học sinh cấp 2 học sinh cấp 3,num_mismatch;info_stuffing:sinh,0.7702000141143799
918167759577,时髦印花大容量2026新个性洋气时尚休闲PU女士背包旅行书包双肩包,"Ba lô nữ thời trang in họa tiết, dung tích lớn, kiểu dáng mới 2025, chất liệu PU, phong cách giản dị, du lịch, đi học, đeo chéo",时髦印花大容量2026新个性洋气时尚休闲PU女士背包旅行书包双肩包,"Ba lô nữ thời trang in họa tiết, dung tích lớn, kiểu dáng mới 2025, chất liệu PU, phong cách giản dị, du lịch, đi học, đeo chéo",num_mismatch,0.6938999891281128
941575837191,潮牌拼接风尼龙背包2025夏季新款字母logo双肩包男百搭高中生书包,Ba lô nylon phối màu thời trang thương hiệu 2025 hè mới logo chữ cái ba lô nam đa năng học sinh cấp 3,潮牌拼接风尼龙背包2025夏季新款字母logo双肩包男百搭高中生书包,Ba lô nylon phối màu thời trang thương hiệu 2025 hè mới logo chữ cái ba lô nam đa năng học sinh cấp 3,num_mismatch,0.736299991607666
836792090455,休闲书包男帆布简约双肩包男韩版背包大容量中学生书包电脑旅行包,Ba lô nam vải bố đơn giản ba lô nam phong cách Hàn Quốc ba lô học sinh cấp 2 dung tích lớn túi du lịch máy tính,休闲书包男帆布简约双肩包男韩版背包大容量中学生书包电脑旅行包,Ba lô nam vải bố đơn giản ba lô nam phong cách Hàn Quốc ba lô học sinh cấp 2 dung tích lớn túi du lịch máy tính,num_mismatch,0.7635999917984009
755107589791,东南亚爆款双肩包大容量韩系简约学生背包初高中大学生休闲书包,"Ba lô phổ biến ở Đông Nam Á, dung tích lớn, ba lô học sinh phong cách Hàn Quốc đơn giản, cặp sách đi học thường ngày dành cho học sinh cấp 2, cấp 3, sinh viên đại học.",东南亚爆款双肩包大容量韩系简约学生背包初高中大学生休闲书包,"Ba lô phổ biến ở Đông Nam Á, dung tích lớn, ba lô học sinh phong cách Hàn Quốc đơn giản, cặp sách đi học thường ngày dành cho học sinh cấp 2, cấp 3, sinh viên đại học",num_mismatch;info_stuffing:học,0.7143999934196472
616783101790,swicky瑞驰双肩包男款大容量电脑包背包定logo高中书包箱包工厂,"Ba lô nam Ruichi Swicky, túi đựng máy tính cỡ lớn, ba lô in logo tùy chỉnh, ba lô học sinh cấp 3, nhà máy sản xuất hành lý",swicky瑞驰双肩包男款大容量电脑包背包定logo高中书包箱包工厂,"Ba lô nam Ruichi Swicky, túi đựng máy tính cỡ lớn, ba lô in logo tùy chỉnh, ba lô học sinh cấp 3, nhà máy sản xuất hành lý",num_mismatch,0.6765999794006348
679641003694,高品质外贸大容量书包女韩版初高中大学生百搭背包男潮双肩包批发,"Ba lô nữ ngoại thương cao cấp, dung tích lớn, phong cách Hàn Quốc, ba lô đa năng cho học sinh cấp 2 và cấp 3, ba lô nam thời trang bán buôn",高品质外贸大容量书包女韩版初高中大学生百搭背包男潮双肩包批发,"Ba lô nữ ngoại thương cao cấp, dung tích lớn, phong cách Hàn Quốc, ba lô đa năng cho học sinh cấp 2 và cấp 3, ba lô nam thời trang bán buôn",num_mismatch;info_stuffing:cấp,0.7095999717712402
655479391676,RZTX新款双肩包男时尚大容量商务背包韩版牛津布防水初中学生书包,Ba lô hai vai mẫu mới RZTX Ba lô công sở dung tích lớn thời trang nam cặp sách học sinh cấp 2 chống nước vải Oxford phong cách Hàn Quốc,RZTX新款双肩包男时尚大容量商务背包韩版牛津布防水初中学生书包,Ba lô hai vai mẫu mới RZTX Ba lô công sở dung tích lớn thời trang nam cặp sách học sinh cấp 2 chống nước vải Oxford phong cách Hàn Quốc,num_mismatch,0.8129000067710876
895283562938,跨境男士双肩包轻便高中大学生书包防水大容量商务15英寸电脑背包,"Ba lô nam nhẹ, đa năng, dành cho học sinh cấp 3 và sinh viên đại học, chống thấm nước, dung tích lớn, ba lô đựng laptop dành cho doanh nhân 15inch",跨境男士双肩包轻便高中大学生书包防水大容量商务15英寸电脑背包,"Ba lô nam nhẹ, đa năng, dành cho học sinh cấp 3 và sinh viên đại học, chống thấm nước, dung tích lớn, ba lô đựng laptop dành cho doanh nhân 15 inch",num_mismatch,0.7210999727249146
890307670027,双肩包男士 大容量旅行电脑背包 防泼水韩版中学生大学生潮流书包,Ba lô nam ba lô máy tính du lịch dung tích lớn cặp sách thời trang học sinh cấp 2 phong cách Hàn Quốc chống nước,双肩包男士 大容量旅行电脑背包 防泼水韩版中学生大学生潮流书包,Ba lô nam ba lô máy tính du lịch dung tích lớn cặp sách thời trang học sinh cấp 2 phong cách Hàn Quốc chống nước,num_mismatch,0.7815999984741211
976432834857,书包女2025新款初中生高中大学生大容量背包ins简约旅行双肩包男,Ba lô nữ 2025 mới học sinh cấp 2 cấp 3 sinh viên đại học dung tích lớn balo ins đơn giản balo du lịch nam,书包女2025新款初中生高中大学生大容量背包ins简约旅行双肩包男,Ba lô nữ 2025 mới học sinh cấp 2 cấp 3 sinh viên đại học dung tích lớn balo ins đơn giản balo du lịch nam,num_mismatch,0.8173999786376953
993584667751,25bagHobo油蜡牛皮菱格链条抽绳水桶包腋下托特包大容量单肩C斜挎,"Túi đeo vai/chéo Hobo da sáp dầu may chần kiểu dây rút, dung tích lớn, đeo chéo/vách, kiểu dáng túi xách đeo vai",25bagHobo油蜡牛皮菱格链条抽绳水桶包腋下托特包大容量单肩C斜挎,"Túi đeo vai/chéo Hobo da sáp dầu may chần kiểu dây rút, dung tích lớn, đeo chéo/vách, kiểu dáng túi xách đeo vai",num_mismatch;info_stuffing:đeo,0.642799973487854
841576850051,ZA家跨境新品女包新款流行手提包百搭时尚小包单肩斜跨盒子方包,Túi xách nữ mới xuyên biên giới ZA 2024 túi xách thời trang mới phù hợp với tất cả các kết hợp túi nhỏ thời trang túi hộp đeo chéo một bên vai,ZA家跨境新品女包新款流行手提包百搭时尚小包单肩斜跨盒子方包,Túi xách nữ mới xuyên biên giới ZA 2024 túi xách thời trang mới phù hợp với tất cả các kết hợp túi nhỏ thời trang túi hộp đeo chéo một bên vai,num_mismatch;info_stuffing:túi,0.7211999893188477
910460379649,头层牛皮欧美复古mollie包女新款真皮多隔层托特包购物袋女包,Túi tote da thật mollie mẫu mới 2025 da bò lớp 1 túi mua sắm nhiều ngăn có khóa kéo cổ điển Âu Mỹ,头层牛皮欧美复古mollie包女新款真皮多隔层托特包购物袋女包,Túi tote da thật mollie mẫu mới 2025 da bò lớp 1 túi mua sắm nhiều ngăn có khóa kéo cổ điển Âu Mỹ,num_mismatch,0.739300012588501
670684540392,2025新款女包欧美时尚六件套子母包手提单肩斜挎外贸女包一件代发,Năm 2025 Túi Nữ Mới Thời Trang Âu Mỹ 6 Bộ Mẹ-trong Yêu Túi Tất Đeo Vai Đeo Ngang Người Xuất Khẩu túi Nữ Dropshipping,2025新款女包欧美时尚六件套子母包手提单肩斜挎外贸女包一件代发,Năm 2025 Túi Nữ Mới Thời Trang Âu Mỹ 6 Bộ Mẹ-trong Yêu Túi Tất Đeo Vai Đeo Ngang Người Xuất Khẩu túi Nữ Dropshipping,num_mismatch;info_stuffing:túi,0.7300999760627747
673308007004,香港MackJhosel PU小众复古帆布法棍腋下包女秋夏新款单肩包,Túi Đeo Vai Nữ Mẫu Mới mùa thu hè,香港MackJhosel PU小众复古帆布法棍腋下包女秋夏新款单肩包,Túi Đeo Vai Nữ Mẫu Mới mùa thu hè,ratio_mismatch(0.27),0.5587000250816345
928579543193,2026跨境新款小方包简约系牛津布纯色百搭女包出行便捷斜挎单肩包,Túi đeo chéo nữ nhỏ hình vuông thời trang 2025 chất liệu vải Oxford đơn sắc đa năng tiện lợi du lịch,2026跨境新款小方包简约系牛津布纯色百搭女包出行便捷斜挎单肩包,Túi đeo chéo nữ nhỏ hình vuông thời trang 2025 chất liệu vải Oxford đơn sắc đa năng tiện lợi du lịch,num_mismatch,0.7023000121116638
752960812421,包包女2026真皮女包大容量小方包软皮头层牛皮斜挎托特包通勤必备,Túi xách nữ 2025 da thật túi xách nữ dung tích lớn túi vuông nhỏ da mềm da bò lớp đầu tiên túi đeo chéo cần thiết cho việc đi lại,包包女2026真皮女包大容量小方包软皮头层牛皮斜挎托特包通勤必备,Túi xách nữ 2025 da thật túi xách nữ dung tích lớn túi vuông nhỏ da mềm da bò lớp đầu tiên túi đeo chéo cần thiết cho việc đi lại,num_mismatch;info_stuffing:túi,0.7129999995231628
916687371852,新款复古行李箱女万向轮拉杆箱男学生耐用密码箱旅行箱子大容量潮,"Vali du lịch retro mới có bánh xe xoay 360 độ dành cho nữ, vali bền chắc có khóa mật khẩu dành cho nam sinh, vali du lịch dung tích lớn và thiết kế thời trang.",新款复古行李箱女万向轮拉杆箱男学生耐用密码箱旅行箱子大容量潮,"Vali du lịch retro mới có bánh xe xoay 360 độ dành cho nữ, vali bền chắc có khóa mật khẩu dành cho nam sinh, vali du lịch dung tích lớn và thiết kế thời trang",num_mismatch;info_stuffing:vali,0.7483000159263611
776172979893,超大行李箱大容量26寸抗摔旅行箱24寸小拉杆箱20寸密码登机箱皮箱,Vali cực lớn dung tích lớn vali chống rơi 26inch hộp đựng xe đẩy nhỏ 20inch vali lên máy bay mật khẩu,超大行李箱大容量26寸抗摔旅行箱24寸小拉杆箱20寸密码登机箱皮箱,Vali cực lớn dung tích lớn vali chống rơi 26 inch hộp đựng xe đẩy nhỏ 20 inch vali lên máy bay mật khẩu,num_mismatch;info_stuffing:vali,0.7986999750137329
816493505881,行李箱拉杆箱铝框旅行箱万向轮24女学生26潮流密码皮箱子登机箱,"Vali khung nhôm, vali du lịch có bánh xe xoay 360 độ, vali 24 inch dành cho nữ sinh, vali da khóa mật khẩu thời trang 26 inch, vali xách tay.",行李箱拉杆箱铝框旅行箱万向轮24女学生26潮流密码皮箱子登机箱,"Vali khung nhôm, vali du lịch có bánh xe xoay 360 độ, vali 24 inch dành cho nữ sinh, vali da khóa mật khẩu thời trang 26 inch, vali xách tay",num_mismatch;info_stuffing:vali,0.7027999758720398
650294588348,儿童行李箱18寸万向轮拉杆箱密码锁旅行箱卡通礼品箱可印logo批发,"Vali trẻ em 18 inch, bánh xe xoay 360 độ, khóa mật mã, vali du lịch, hộp quà hoạt hình, có thể in logo, bán buôn",儿童行李箱18寸万向轮拉杆箱密码锁旅行箱卡通礼品箱可印logo批发,"Vali trẻ em 18 inch, bánh xe xoay 360 độ, khóa mật mã, vali du lịch, hộp quà hoạt hình, có thể in logo, bán buôn",num_mismatch,0.7576000094413757
948726442036,新款充电密码箱旅行箱行李箱男女万向轮拉杆箱大容量韩版潮流箱子,"Vali khóa mật khẩu sạc điện tử kiểu mới, bánh xe xoay 360 độ, dành cho nam và nữ, dung tích lớn, phong cách Hàn Quốc thời thượng.",新款充电密码箱旅行箱行李箱男女万向轮拉杆箱大容量韩版潮流箱子,"Vali khóa mật khẩu sạc điện tử kiểu mới, bánh xe xoay 360 độ, dành cho nam và nữ, dung tích lớn, phong cách Hàn Quốc thời thượng",num_mismatch,0.7434999942779541
999471938813,2026新款宽拉杆行李箱女大容量密码箱24寸万向轮耐用旅行箱男26寸,"Vali kéo tay cầm rộng mẫu mới 2026 dành cho nữ, vali khóa số dung tích lớn, vali du lịch bền chắc 24 inch dành cho nam",2026新款宽拉杆行李箱女大容量密码箱24寸万向轮耐用旅行箱男26寸,"Vali kéo tay cầm rộng mẫu mới 2026 dành cho nữ, vali khóa số dung tích lớn, vali du lịch bền chắc 24 inch dành cho nam",num_mismatch;info_stuffing:vali,0.7621999979019165
666730808299,方形大眼人拉杆箱卡通万向轮儿童蛋壳密码行李箱18寸书包旅行箱,"Vali hoạt hình nhân vật mắt to hình vuông có bánh xe xoay 360 độ, vali mật khẩu vỏ trứng cho trẻ em, ba lô vali du lịch.",方形大眼人拉杆箱卡通万向轮儿童蛋壳密码行李箱18寸书包旅行箱,"Vali hoạt hình nhân vật mắt to hình vuông có bánh xe xoay 360 độ, vali mật khẩu vỏ trứng cho trẻ em, ba lô vali du lịch",num_mismatch;info_stuffing:vali,0.7199000120162964
742905003832,新款宽拉杆行李箱女学生高颜值静音轮密码旅行箱小清新20寸登机箱,Vali xe đẩy rộng mẫu mới Vali du lịch mã bánh xe im lặng giá trị cao cho nữ sinh,新款宽拉杆行李箱女学生高颜值静音轮密码旅行箱小清新20寸登机箱,Vali xe đẩy rộng mẫu mới Vali du lịch mã bánh xe im lặng giá trị cao cho nữ sinh,num_mismatch,0.6704999804496765
935098653405,行李箱五轮结实耐用24寸旅行箱女28寸大容量密码箱高颜值拉杆箱男,Vali 5 bánh chắc chắn và bền Vali du lịch 24 inch cho nữ Hộp đựng mật khẩu dung tích lớn 28 inch cho nữ Hộp đựng xe đẩy giá trị cao cho nam,行李箱五轮结实耐用24寸旅行箱女28寸大容量密码箱高颜值拉杆箱男,Vali 5 bánh chắc chắn và bền Vali du lịch 24 inch cho nữ Hộp đựng mật khẩu dung tích lớn 28 inch cho nữ Hộp đựng xe đẩy giá trị cao cho nam,num_mismatch,0.7906000018119812
632288645406,明星拉杆箱大容量运动结实行李箱学生女旅行箱加厚男32寸皮箱批发,"Vali kéo kiểu sao, sức chứa lớn, hành lý thể thao bền bỉ, vali du lịch nữ sinh viên, vali nam dày dặn, vali da bán buôn.",明星拉杆箱大容量运动结实行李箱学生女旅行箱加厚男32寸皮箱批发,"Vali kéo kiểu sao, sức chứa lớn, hành lý thể thao bền bỉ, vali du lịch nữ sinh viên, vali nam dày dặn, vali da bán buôn",num_mismatch;info_stuffing:vali,0.6572999954223633
1001659294692,子母箱碳纤维宽拉杆行李箱印花24寸登机密码箱旅行箱定制图案logo,"Vali kéo rộng bằng sợi carbon in logo tùy chỉnh, dùng làm hành lý xách tay và vali du lịch.",子母箱碳纤维宽拉杆行李箱印花24寸登机密码箱旅行箱定制图案logo,"Vali kéo rộng bằng sợi carbon in logo tùy chỉnh, dùng làm hành lý xách tay và vali du lịch",num_mismatch,0.5687999725341797
709225617482,行李箱女拉杆旅行箱男26学生大容量皮密码箱子母24静音万向轮20寸,"Vali hành lý dành cho nữ, vali du lịch có bánh xe dành cho nam, vali da mật khẩu cỡ lớn dành cho sinh viên 26 inch, bánh xe đa năng im lặng 24 inch.",行李箱女拉杆旅行箱男26学生大容量皮密码箱子母24静音万向轮20寸,"Vali hành lý dành cho nữ, vali du lịch có bánh xe dành cho nam, vali da mật khẩu cỡ lớn dành cho sinh viên 26 inch, bánh xe đa năng im lặng 24 inch",num_mismatch;info_stuffing:vali,0.7218000292778015
832827560966,2026新款行李箱登机旅行箱儿童20寸旅行箱女拉杆箱结实耐用可充电,"2026 mẫu vali hành lý mới 20inch vali xách tay cho trẻ em 18inch vali du lịch dành cho phụ nữ, bền và có thể sạc lại.",2026新款行李箱登机旅行箱儿童20寸旅行箱女拉杆箱结实耐用可充电,"2026 mẫu vali hành lý mới 20 inch vali xách tay cho trẻ em 18 inch vali du lịch dành cho phụ nữ, bền và có thể sạc lại",num_mismatch;info_stuffing:vali,0.7853999733924866
702917746355,出口外贸超大容量五轮拉杆箱抗菌素材行李箱托运旅行箱学生密码箱,"Xuất khẩu Ngoại Thương hộp đựng xe đẩy 5 bánh dung tích siêu lớn, vật liệu kháng khuẩn, vali ký gửi, vali du lịch, hộp mật khẩu học sinh",出口外贸超大容量五轮拉杆箱抗菌素材行李箱托运旅行箱学生密码箱,"Xuất khẩu Ngoại Thương hộp đựng xe đẩy 5 bánh dung tích siêu lớn, vật liệu kháng khuẩn, vali ký gửi, vali du lịch, hộp mật khẩu học sinh",num_mismatch,0.7709000110626221
928155183161,行李箱巨大容量37分学生旅行箱结实五轮密码箱减震刹车轮拉杆箱,"Vali học sinh siêu lớn 37 điểm, vali kéo 5 bánh chắc chắn, hộp mật mã, bánh xe giảm xóc, có phanh",行李箱巨大容量37分学生旅行箱结实五轮密码箱减震刹车轮拉杆箱,"Vali học sinh siêu lớn 37 điểm, vali kéo 5 bánh chắc chắn, hộp mật mã, bánh xe giảm xóc, có phanh",num_mismatch,0.791700005531311
896432231689,宽拉杆行李箱女新款20寸登机箱小型轻便旅行密码拉杆箱子静音24男,Hộp đựng hành lý xe đẩy rộng 20 inch mẫu mới cho nữ,宽拉杆行李箱女新款20寸登机箱小型轻便旅行密码拉杆箱子静音24男,Hộp đựng hành lý xe đẩy rộng 20 inch mẫu mới cho nữ,num_mismatch,0.6725999712944031
862913558031,六件套PP拉杆箱防爆拉链万向轮旅行箱行李箱收纳箱套装登机箱,"Bộ vali nhựa PP 6 món có khóa kéo chống nổ, bánh xe xoay 360 độ, vali du lịch, bộ hộp đựng hành lý, vali xách tay.",六件套PP拉杆箱防爆拉链万向轮旅行箱行李箱收纳箱套装登机箱,"Bộ vali nhựa PP 6 món có khóa kéo chống nổ, bánh xe xoay 360 độ, vali du lịch, bộ hộp đựng hành lý, vali xách tay",num_mismatch;info_stuffing:vali,0.7402999997138977
762238712007,前开盖行李箱20寸登机箱前置开口拉杆箱pc多功能皮箱子密码旅行箱,Hộp đựng hành lý có nắp mở phía trước Hộp đựng xe đẩy mở phía trước Hộp đựng đồ da đa chức năng PC Hộp đựng mật khẩu,前开盖行李箱20寸登机箱前置开口拉杆箱pc多功能皮箱子密码旅行箱,Hộp đựng hành lý có nắp mở phía trước Hộp đựng xe đẩy mở phía trước Hộp đựng đồ da đa chức năng PC Hộp đựng mật khẩu,num_mismatch;info_stuffing:hộp,0.6926000118255615
876913285942,全铝镁合金密码箱女拉杆箱男万向轮旅行箱20寸行李箱登机箱铝框箱,Hộp đựng mật khẩu bằng hợp kim magiê hoàn toàn bằng nhôm Hộp đựng xe đẩy nữ Vali bánh xe đa năng nam Hộp đựng vali Hộp đựng vali khung nhôm,全铝镁合金密码箱女拉杆箱男万向轮旅行箱20寸行李箱登机箱铝框箱,Hộp đựng mật khẩu bằng hợp kim magiê hoàn toàn bằng nhôm Hộp đựng xe đẩy nữ Vali bánh xe đa năng nam Hộp đựng vali Hộp đựng vali khung nhôm,num_mismatch;info_stuffing:hộp,0.6538000106811523
669520972491,跨境双层拉链双把手行李箱20/24/28寸可拓展防水耐用批发定制OEM,"Vali hành lý xuyên biên giới có khóa kéo hai lớp và hai tay cầm, có thể mở rộng, chống thấm nước, bền bỉ, vali du lịch chất lượng cao 20inch",跨境双层拉链双把手行李箱20/24/28寸可拓展防水耐用批发定制OEM,"Vali hành lý xuyên biên giới có khóa kéo hai lớp và hai tay cầm, có thể mở rộng, chống thấm nước, bền bỉ, vali du lịch chất lượng cao 20 inch",num_mismatch,0.7124000191688538
998474035092,新款行李箱前置开口多功能拉杆箱大容量学生万向轮旅行箱密码箱,"Vali kéo đa năng mở phía trước, dung tích lớn, dành cho học sinh, bánh xe xoay 360 độ, có khóa số",新款行李箱前置开口多功能拉杆箱大容量学生万向轮旅行箱密码箱,"Vali kéo đa năng mở phía trước, dung tích lớn, dành cho học sinh, bánh xe xoay 360 độ, có khóa số",num_mismatch,0.718999981880188
994340970819,经典登机商务拉杆箱前置电脑行李箱男女出差万向轮海关锁前开口20,"Vali kéo đựng laptop du lịch cao cấp dành cho nam và nữ, bánh xe xoay 360 độ, khóa số, mở phía trước, kích thước 20 inch",经典登机商务拉杆箱前置电脑行李箱男女出差万向轮海关锁前开口20,"Vali kéo đựng laptop du lịch cao cấp dành cho nam và nữ, bánh xe xoay 360 độ, khóa số, mở phía trước, kích thước 20 inch",num_mismatch,0.6923999786376953
890596044639,前开口行李箱女多功能高颜值耐用拉杆密码箱2026新款旅行箱男20寸,"Vali mở phía trước dành cho nữ, đa năng, thời trang, bền bỉ, có khóa số, mẫu vali du lịch mới 2026 dành cho nam.",前开口行李箱女多功能高颜值耐用拉杆密码箱2026新款旅行箱男20寸,"Vali mở phía trước dành cho nữ, đa năng, thời trang, bền bỉ, có khóa số, mẫu vali du lịch mới 2026 dành cho nam",num_mismatch,0.7462999820709229
978792857644,新款拉杆行李箱24寸侧开大容量可登机多功能万向轮密码行李箱20寸,"Vali xe đẩy kiểu dáng mới có cửa mở bên hông, sức chứa lớn, thích hợp mang theo khi lên máy bay, đa chức năng, có bánh xe xoay đa hướng và khóa kết hợp 20inch",新款拉杆行李箱24寸侧开大容量可登机多功能万向轮密码行李箱20寸,"Vali xe đẩy kiểu dáng mới có cửa mở bên hông, sức chứa lớn, thích hợp mang theo khi lên máy bay, đa chức năng, có bánh xe xoay đa hướng và khóa kết hợp 20 inch",num_mismatch,0.7396000027656555
878281349769,宽拉杆铝框前置开口盖多功能行李箱女20旅行密码皮箱24刹车轮26寸,"Vali đa năng khung nhôm tay cầm rộng, nắp mở phía trước dành cho nữ, vali du lịch 20 inch có khóa số, vali 24 inch có bánh xe có phanh",宽拉杆铝框前置开口盖多功能行李箱女20旅行密码皮箱24刹车轮26寸,"Vali đa năng khung nhôm tay cầm rộng, nắp mở phía trước dành cho nữ, vali du lịch 20 inch có khóa số, vali 24 inch có bánh xe có phanh",num_mismatch;info_stuffing:vali,0.7275000214576721
974683462124,行李箱女新款小行20寸登机箱大容量宽拉杆密码箱多功能旅行箱,"Vali hành lý dành cho nữ, mẫu mới, vali xách tay nhỏ, sức chứa lớn, tay cầm rộng, khóa mật mã, vali du lịch đa năng.",行李箱女新款小行20寸登机箱大容量宽拉杆密码箱多功能旅行箱,"Vali hành lý dành cho nữ, mẫu mới, vali xách tay nhỏ, sức chứa lớn, tay cầm rộng, khóa mật mã, vali du lịch đa năng",num_mismatch;info_stuffing:vali,0.6816999912261963
965761787403,多功能行李箱男大容量拉链轻便拉杆箱2024新款密码箱静音万向轮,"Vali đa năng nam cỡ lớn, khóa kéo, nhẹ, có bánh xe xoay 360 độ, hộp mật mã mới 2024, vận hành êm ái",多功能行李箱男大容量拉链轻便拉杆箱2024新款密码箱静音万向轮,"Vali đa năng nam cỡ lớn, khóa kéo, nhẹ, có bánh xe xoay 360 độ, hộp mật mã mới 2024, vận hành êm ái",num_mismatch,0.741599977016449
925196192036,新款一九分前开盖可扩展拉链箱20寸登机箱男行李箱旅行箱子女学生,"Hộp khóa kéo mở rộng 19 điểm phía trước mới, hộp đựng 20 inch, vali nam, vali du lịch, học sinh trẻ em",新款一九分前开盖可扩展拉链箱20寸登机箱男行李箱旅行箱子女学生,"Hộp khóa kéo mở rộng 19 điểm phía trước mới, hộp đựng 20 inch, vali nam, vali du lịch, học sinh trẻ em",num_mismatch,0.758400022983551
709558654297,酒大红色结婚庆陪嫁妆行李箱女20新娘拉杆箱24箱旅行密码箱子26寸,"Vali hành lý màu đỏ rượu vang dành cho nữ, vali kéo cô dâu 20 inch, vali du lịch có khóa mật khẩu 24 inch.",酒大红色结婚庆陪嫁妆行李箱女20新娘拉杆箱24箱旅行密码箱子26寸,"Vali hành lý màu đỏ rượu vang dành cho nữ, vali kéo cô dâu 20 inch, vali du lịch có khóa mật khẩu 24 inch",num_mismatch;info_stuffing:vali,0.7680000066757202
994067922981,一九开多功能中置宽拉杆行李箱侧开盖商务大容量双开盖密码登机箱,"Vali xe đẩy rộng đa chức năng 19 inch có nắp mở bên hông, hộp đựng mật khẩu mở đôi có dung lượng lớn dành cho doanh nhân",一九开多功能中置宽拉杆行李箱侧开盖商务大容量双开盖密码登机箱,"Vali xe đẩy rộng đa chức năng 19 inch có nắp mở bên hông, hộp đựng mật khẩu mở đôi có dung lượng lớn dành cho doanh nhân",num_mismatch,0.6897000074386597
660122139132,出口日本铝框行李箱静音万向轮拉杆箱一九开登机箱20寸24寸,"Hành lý khung nhôm xuất khẩu sang Nhật Bản, hộp Xe đẩy đa năng không ồn, Hộp 19 mở, hộp 20 inch 24 inch",出口日本铝框行李箱静音万向轮拉杆箱一九开登机箱20寸24寸,"Hành lý khung nhôm xuất khẩu sang Nhật Bản, hộp Xe đẩy đa năng không ồn, Hộp 19 mở, hộp 20 inch 24 inch",num_mismatch;info_stuffing:hộp,0.7189000248908997
982706037457,源头工厂批发新款pp拉杆箱大容量旅行密码静音万向轮行李箱五件套,"Nhà máy cung cấp sỉ vali kéo PP mẫu mới, dung tích lớn, khóa mật mã, bánh xe xoay 360 độ êm ái, bộ 5 chiếc",源头工厂批发新款pp拉杆箱大容量旅行密码静音万向轮行李箱五件套,"Nhà máy cung cấp sỉ vali kéo PP mẫu mới, dung tích lớn, khóa mật mã, bánh xe xoay 360 độ êm ái, bộ 5 chiếc",num_mismatch,0.6825000047683716
605038152081,行李箱拉杆箱女铝框旅行箱万向轮男密码箱20寸24大容量皮箱批发,"Vali hành lý, vali kéo, vali khung nhôm nữ, vali nam khóa số bánh xe xoay 360 độ, vali da cỡ lớn 20 inch 24 inch bán buôn",行李箱拉杆箱女铝框旅行箱万向轮男密码箱20寸24大容量皮箱批发,"Vali hành lý, vali kéo, vali khung nhôm nữ, vali nam khóa số bánh xe xoay 360 độ, vali da cỡ lớn 20 inch 24 inch bán buôn",num_mismatch;info_stuffing:vali,0.7178999781608582
760479589710,行李箱30大容量万向轮密码箱加厚28寸陪嫁皮拉杆箱女旅行箱TSA,"Vali sức chứa lớn có bánh xe đa năng và khóa kết hợp, vali kéo bằng da dày dặn đạt tiêu chuẩn TSA dành cho nữ.",行李箱30大容量万向轮密码箱加厚28寸陪嫁皮拉杆箱女旅行箱TSA,"Vali sức chứa lớn có bánh xe đa năng và khóa kết hợp, vali kéo bằng da dày dặn đạt tiêu chuẩn TSA dành cho nữ",num_mismatch,0.6984999775886536
772065575701,敷尔佳面膜清痘净肤修护贴5p敏感肌温和祛痘控油舒缓泛红修护痘肌,"Miếng dán trị mụn và phục hồi da Fuljia, cấp ẩm và dưỡng ẩm, tăng cường hàng rào bảo vệ, làm ổn định da, loại bỏ mụn và làm sáng da.",敷尔佳面膜清痘净肤修护贴5p敏感肌温和祛痘控油舒缓泛红修护痘肌,"Miếng dán trị mụn và phục hồi da Fuljia, cấp ẩm và dưỡng ẩm, tăng cường hàng rào bảo vệ, làm ổn định da, loại bỏ mụn và làm sáng da",num_mismatch,0.6381999850273132
805834824450,全英文SADOER骨胶原抗皱睡眠面膜 补水保湿Facial mask外贸跨境,Mặt nạ ngủ chống nhăn Collagen toàn tiếng Anh,全英文SADOER骨胶原抗皱睡眠面膜 补水保湿Facial mask外贸跨境,Mặt nạ ngủ chống nhăn Collagen toàn tiếng Anh,ratio_mismatch(0.25),0.6401000022888184
610638836708,欧佩深海倍润补水保湿冰膜冰1片补水保湿护肤品滋养面膜代发抖音,Mặt nạ nước đá dưỡng ẩm và dưỡng ẩm Oupei Deep Sea,欧佩深海倍润补水保湿冰膜冰1片补水保湿护肤品滋养面膜代发抖音,Mặt nạ nước đá dưỡng ẩm và dưỡng ẩm Oupei Deep Sea,num_mismatch,0.6690000295639038
861622282556,FLOWERWAY童颜胶原蛋白灌注面膜补水保湿柔润肌肤不粘腻贴片面膜,Mặt nạ nạp collagen trẻ em FLOWERWAY,FLOWERWAY童颜胶原蛋白灌注面膜补水保湿柔润肌肤不粘腻贴片面膜,Mặt nạ nạp collagen trẻ em FLOWERWAY,ratio_mismatch(0.21),0.7495999932289124
1000016992131,郁美净儿童面膜3岁6-12晒后舒缓降温补水保湿男女宝宝专用修护,"Mặt nạ trẻ em Yumeijing dành cho trẻ từ 3-12 tuổi, làm dịu da sau khi tiếp xúc với ánh nắng mặt trời, làm mát, dưỡng ẩm, phục hồi đặc biệt cho bé trai và bé gái.",郁美净儿童面膜3岁6-12晒后舒缓降温补水保湿男女宝宝专用修护,"Mặt nạ trẻ em Yumeijing dành cho trẻ từ 3-12 tuổi, làm dịu da sau khi tiếp xúc với ánh nắng mặt trời, làm mát, dưỡng ẩm, phục hồi đặc biệt cho bé trai và bé gái",num_mismatch,0.701200008392334
839826037906,品牌二类医用冷敷贴械字号非面膜无菌术后晒后修复补水美容院线下,Thương hiệu Loại 2 Thiết bị ứng dụng lạnh y tế Nhãn hiệu Mặt nạ không tiệt trùng Sửa chữa và dưỡng ẩm sau ánh nắng mặt trời Thẩm mỹ viện offline,品牌二类医用冷敷贴械字号非面膜无菌术后晒后修复补水美容院线下,Thương hiệu Loại 2 Thiết bị ứng dụng lạnh y tế Nhãn hiệu Mặt nạ không tiệt trùng Sửa chữa và dưỡng ẩm sau ánh nắng mặt trời Thẩm mỹ viện offline,num_mismatch,0.7102000117301941
652214913112,玻尿酸蚕丝面膜补水保湿24k黄金富勒烯积雪草面膜批发一件代发,"Mặt Nạ Tơ Tằm axit hyaluronic, dưỡng ẩm và dưỡng ẩm, mặt nạ vàng fullerene, Bán Buôn một miếng",玻尿酸蚕丝面膜补水保湿24k黄金富勒烯积雪草面膜批发一件代发,"Mặt Nạ Tơ Tằm axit hyaluronic, dưỡng ẩm và dưỡng ẩm, mặt nạ vàng fullerene, Bán Buôn một miếng",num_mismatch,0.5421000123023987
678366738931,单片施逅c60富勒烯面膜夏季冰爽补水保湿面膜冻干c60冰膜厂家批发,"Mặt nạ fullerene một mảnh, mặt nạ dưỡng ẩm băng giá mùa hè, nhà sản xuất Mặt nạ đá đông khô c60 bán buôn",单片施逅c60富勒烯面膜夏季冰爽补水保湿面膜冻干c60冰膜厂家批发,"Mặt nạ fullerene một mảnh, mặt nạ dưỡng ẩm băng giá mùa hè, nhà sản xuất Mặt nạ đá đông khô c60 bán buôn",num_mismatch;info_stuffing:mặt,0.7253000140190125
812834807197,NHA山茶花氨基酸洗面奶绵密泡沫柔和净肤洗后水润不拔干洁面乳,"Sữa rửa mặt NHA Camellia Amino Acid 300g chai lớn, làm sạch sâu, dịu nhẹ và không gây khô căng da.",NHA山茶花氨基酸洗面奶绵密泡沫柔和净肤洗后水润不拔干洁面乳,"Sữa rửa mặt NHA Camellia Amino Acid 300 g chai lớn, làm sạch sâu, dịu nhẹ và không gây khô căng da",num_mismatch,0.6697999835014343
910933839952,十大名牌洗面奶氨基酸控油祛痘温和清洁去黑头水杨酸洁面乳正品,"Top 10 thương hiệu sữa rửa mặt nổi tiếng, kiểm soát dầu nhờn bằng axit amin, loại bỏ mụn, làm sạch nhẹ nhàng, loại bỏ mụn đầu đen, sữa rửa mặt axit salicylic, sản phẩm chính hãng",十大名牌洗面奶氨基酸控油祛痘温和清洁去黑头水杨酸洁面乳正品,"Top 10 thương hiệu sữa rửa mặt nổi tiếng, kiểm soát dầu nhờn bằng axit amin, loại bỏ mụn, làm sạch nhẹ nhàng, loại bỏ mụn đầu đen, sữa rửa mặt axit salicylic, sản phẩm chính hãng",num_mismatch,0.6933000087738037
755168290971,水杨酸氨基酸洗面奶男生十大名牌女士控油除螨去黑头洗面奶正品,"Sữa rửa mặt axit salicylic axit amin dành cho nam giới, top 10 thương hiệu nổi tiếng, kiểm soát dầu cho phụ nữ, loại bỏ mạt, sữa rửa mặt loại bỏ mụn đầu đen, sản phẩm chính hãng.",水杨酸氨基酸洗面奶男生十大名牌女士控油除螨去黑头洗面奶正品,"Sữa rửa mặt axit salicylic axit amin dành cho nam giới, top 10 thương hiệu nổi tiếng, kiểm soát dầu cho phụ nữ, loại bỏ mạt, sữa rửa mặt loại bỏ mụn đầu đen, sản phẩm chính hãng",num_mismatch,0.6597999930381775
984100328804,华强北蓝牙耳机五六七代高音质蓝牙耳机2026新款降噪蓝牙耳机无线,"Tai nghe Bluetooth Huaqiangbei thế hệ 5, 6 và 7, tai nghe Bluetooth chất lượng cao, tai nghe Bluetooth không dây chống ồn mới năm 2026",华强北蓝牙耳机五六七代高音质蓝牙耳机2026新款降噪蓝牙耳机无线,"Tai nghe Bluetooth Huaqiangbei thế hệ 5, 6 và 7, tai nghe Bluetooth chất lượng cao, tai nghe Bluetooth không dây chống ồn mới năm 2026",num_mismatch;info_stuffing:tai,0.704800009727478
836526255866,跨境DX-08无线蓝牙耳机机甲风游戏新款超长续航TWS跨境爆款,Tai nghe Bluetooth không dây DX-08 xuyên biên giới,跨境DX-08无线蓝牙耳机机甲风游戏新款超长续航TWS跨境爆款,Tai nghe Bluetooth không dây DX-08 xuyên biên giới,ratio_mismatch(0.29),0.6735000014305115
876243773288,华强北蓝牙耳机pro4真无线四代入耳式5运动款6代运动跑步迷你耳机,Tai nghe Bluetooth Huaqiangbei tai nghe mini thể thao chạy bộ thể thao thế hệ thứ 6,华强北蓝牙耳机pro4真无线四代入耳式5运动款6代运动跑步迷你耳机,Tai nghe Bluetooth Huaqiangbei tai nghe mini thể thao chạy bộ thể thao thế hệ thứ 6,num_mismatch,0.6274999976158142
927310317395,华强北入耳式TWS蓝牙耳机运动无线二三四五代蓝牙耳机源头工厂,"Tai nghe Bluetooth TWS Huaqiangbei, tai nghe Bluetooth không dây thể thao thế hệ 2, 3, 4 và 5, nguồn gốc từ nhà máy.",华强北入耳式TWS蓝牙耳机运动无线二三四五代蓝牙耳机源头工厂,"Tai nghe Bluetooth TWS Huaqiangbei, tai nghe Bluetooth không dây thể thao thế hệ 2, 3, 4 và 5, nguồn gốc từ nhà máy",num_mismatch,0.6692000031471252
825109166276,城瑞达M76开放式无线蓝牙耳机气骨传导挂耳式跑步运动专用耳机5.4,Tai nghe Bluetooth không dây mở Chengruida M76 tai nghe chuyên dụng cho các môn thể thao chạy bộ,城瑞达M76开放式无线蓝牙耳机气骨传导挂耳式跑步运动专用耳机5.4,Tai nghe Bluetooth không dây mở Chengruida M76 tai nghe chuyên dụng cho các môn thể thao chạy bộ,num_mismatch,0.7013999819755554
998927929312,跨境适用WAVE200 TWS无线蓝牙耳机WAVE200TWS 重低音入耳W200降噪,"Tai nghe Bluetooth không dây WAVE200 TWS, sử dụng được ở nhiều quốc gia, âm trầm mạnh mẽ, khử tiếng ồn W200.",跨境适用WAVE200 TWS无线蓝牙耳机WAVE200TWS 重低音入耳W200降噪,"Tai nghe Bluetooth không dây WAVE200 TWS, sử dụng được ở nhiều quốc gia, âm trầm mạnh mẽ, khử tiếng ồn W200",num_mismatch,0.7730000019073486
942718608127,P859真ANC主动降噪头戴式蓝牙耳机无线超长续航旋钮键工厂批发6.0,"Tai nghe Bluetooth không dây khử tiếng ồn chủ động P859 True ANC, thời lượng pin siêu dài và điều khiển bằng núm xoay, bán buôn giá gốc 5.4",P859真ANC主动降噪头戴式蓝牙耳机无线超长续航旋钮键工厂批发6.0,"Tai nghe Bluetooth không dây khử tiếng ồn chủ động P859 True ANC, thời lượng pin siêu dài và điều khiển bằng núm xoay, bán buôn giá gốc 5.4",num_mismatch,0.7268999814987183
936515697969,2026新款夏季多拉链口袋竖款女式单肩包简约质感流苏复古斜挎包女,"Túi đeo vai nữ mùa hè 2025 nhiều ngăn kéo, kiểu đứng, chất liệu giản dị, tua rua retro, túi đeo chéo nữ",2026新款夏季多拉链口袋竖款女式单肩包简约质感流苏复古斜挎包女,"Túi đeo vai nữ mùa hè 2025 nhiều ngăn kéo, kiểu đứng, chất liệu giản dị, tua rua retro, túi đeo chéo nữ",num_mismatch,0.7128999829292297
654124471186,头层牛皮手提包2025新款气质女士手拎包包女百搭真皮单肩斜挎女包,"Túi xách da bò lớp 1 năm 2025, túi xách nữ thời trang mới, túi đeo chéo nữ đa năng, chất liệu da thật",头层牛皮手提包2025新款气质女士手拎包包女百搭真皮单肩斜挎女包,"Túi xách da bò lớp 1 năm 2025, túi xách nữ thời trang mới, túi đeo chéo nữ đa năng, chất liệu da thật",num_mismatch;info_stuffing:túi,0.6626999974250793
959269495124,2025新款名牌包包女专柜正品菱格真皮女包小香风cf链条单肩斜挎包,"2025 túi xách nữ thiết kế mới năm 2025, túi nữ da thật may chần, túi đeo chéo nhỏ kiểu Chanel CF.",2025新款名牌包包女专柜正品菱格真皮女包小香风cf链条单肩斜挎包,"2025 túi xách nữ thiết kế mới năm 2025, túi nữ da thật may chần, túi đeo chéo nhỏ kiểu Chanel CF",num_mismatch;info_stuffing:túi,0.6812999844551086
776001770374,ladies bag2026新款山茶花菱格链条盒子小包包女夏迷你单肩斜挎包,Túi nhỏ hộp dây xích hình thoi hoa trà mẫu mới bag2023 túi đeo chéo một bên vai mini nữ mùa hè,ladies bag2026新款山茶花菱格链条盒子小包包女夏迷你单肩斜挎包,Túi nhỏ hộp dây xích hình thoi hoa trà mẫu mới bag2023 túi đeo chéo một bên vai mini nữ mùa hè,num_mismatch,0.7268000245094299
924649636221,2026新款潮流小包包女时尚百搭单肩斜挎包软皮独立国风手机零钱包,Túi nhỏ xuân hè mẫu mới 2025 túi đeo chéo một vai dễ phối thời trang nữ ví tiền lẻ điện thoại phong cách Trung Quốc độc lập bằng da mềm,2026新款潮流小包包女时尚百搭单肩斜挎包软皮独立国风手机零钱包,Túi nhỏ xuân hè mẫu mới 2025 túi đeo chéo một vai dễ phối thời trang nữ ví tiền lẻ điện thoại phong cách Trung Quốc độc lập bằng da mềm,num_mismatch,0.7207000255584717
919650535040,高级感时尚包包女手提包2026新款潮时尚百搭小方包简约韩式单肩包,Túi xách thời trang cao cấp nữ 2025 kiểu dáng mới thời thượng đa năng nhỏ gọn hình vuông đơn giản phong cách Hàn Quốc,高级感时尚包包女手提包2026新款潮时尚百搭小方包简约韩式单肩包,Túi xách thời trang cao cấp nữ 2025 kiểu dáng mới thời thượng đa năng nhỏ gọn hình vuông đơn giản phong cách Hàn Quốc,num_mismatch,0.6931999921798706
951294721618,大容量牛津布拉杆箱行李箱男士万向轮密码旅行箱商务皮箱拉杆箱女,"Vali kéo Oxford dung tích lớn, vali xoay 360 độ, vali mật mã, vali công tác, vali kéo nam nữ",大容量牛津布拉杆箱行李箱男士万向轮密码旅行箱商务皮箱拉杆箱女,"Vali kéo Oxford dung tích lớn, vali xoay 360 độ, vali mật mã, vali công tác, vali kéo nam nữ",num_mismatch;info_stuffing:vali,0.6486999988555908
992970666769,工厂批发械字号医美容院术后修复水光补水保湿医用冷敷贴一类面膜,"Mặt nạ chăm sóc da mặt loại 1, cấp ẩm, dưỡng ẩm, làm dịu da sau khi làm đẹp tại spa, chất lượng y tế, bán buôn từ nhà máy.",工厂批发械字号医美容院术后修复水光补水保湿医用冷敷贴一类面膜,"Mặt nạ chăm sóc da mặt loại 1, cấp ẩm, dưỡng ẩm, làm dịu da sau khi làm đẹp tại spa, chất lượng y tế, bán buôn từ nhà máy",num_mismatch,0.6840999722480774
684623158828,补水抗皱天丝面膜 致朵玻色因臻颜抗皱贴片面膜清透补水批发代发,Mặt nạ Tencel dưỡng ẩm và chống nhăn,补水抗皱天丝面膜 致朵玻色因臻颜抗皱贴片面膜清透补水批发代发,Mặt nạ Tencel dưỡng ẩm và chống nhăn,ratio_mismatch(0.28),0.515500009059906
994096311207,八杯水面膜补水保湿提亮肤色控油平衡水油清洁收缩毛孔男女士专用,"Mặt nạ nước 8 cốc, dưỡng ẩm, dưỡng ẩm, làm sáng tông màu da, kiểm soát dầu, cân bằng nước và dầu, làm sạch và thu nhỏ lỗ chân lông, chỉ dành cho nam và nữ",八杯水面膜补水保湿提亮肤色控油平衡水油清洁收缩毛孔男女士专用,"Mặt nạ nước 8 cốc, dưỡng ẩm, dưỡng ẩm, làm sáng tông màu da, kiểm soát dầu, cân bằng nước và dầu, làm sạch và thu nhỏ lỗ chân lông, chỉ dành cho nam và nữ",num_mismatch,0.7599999904632568
731444260218,冰肤之萃抗皱补水润颜面膜补水保湿院线同款水光肌肤厂家批发代发,Mặt nạ dưỡng ẩm chống nhăn da đá,冰肤之萃抗皱补水润颜面膜补水保湿院线同款水光肌肤厂家批发代发,Mặt nạ dưỡng ẩm chống nhăn da đá,ratio_mismatch(0.27),0.5641000270843506
904615826757,377美白抗皱祛斑补水保湿面膜滋润紧致美容院专用面膜片盒装厂家,"Mặt nạ dưỡng da, làm trắng, chống nhăn, trị thâm, cấp ẩm, dưỡng chất, săn chắc da, chuyên dụng cho spa, dạng gói, đóng hộp, sản xuất bởi nhà máy.",377美白抗皱祛斑补水保湿面膜滋润紧致美容院专用面膜片盒装厂家,"Mặt nạ dưỡng da, làm trắng, chống nhăn, trị thâm, cấp ẩm, dưỡng chất, săn chắc da, chuyên dụng cho spa, dạng gói, đóng hộp, sản xuất bởi nhà máy",num_mismatch,0.5856999754905701
940118163319,黑灵芝人参发酵面膜贴0添加0防腐天然酵素精华发酵面膜工厂直供,"Mặt nạ lên men Nấm Linh Chi đen và Nhân sâm không chất phụ gia, không chất bảo quản, tinh chất enzyme tự nhiên, cung cấp trực tiếp từ nhà máy sản xuất mặt nạ lên men.",黑灵芝人参发酵面膜贴0添加0防腐天然酵素精华发酵面膜工厂直供,"Mặt nạ lên men Nấm Linh Chi đen và Nhân sâm không chất phụ gia, không chất bảo quản, tinh chất enzyme tự nhiên, cung cấp trực tiếp từ nhà máy sản xuất mặt nạ lên men",num_mismatch;info_stuffing:chất,0.609499990940094
859961801115,FLOWERWAY童颜胶原蛋白灌注面膜锁水保湿温和滋润贴片补水面膜,Mặt nạ dưỡng ẩm da trẻ em FLOWERWAY,FLOWERWAY童颜胶原蛋白灌注面膜锁水保湿温和滋润贴片补水面膜,Mặt nạ dưỡng ẩm da trẻ em FLOWERWAY,ratio_mismatch(0.24),0.7544999718666077
810311517526,贝玲美蜗牛精华润肌竹炭黑面膜蚕丝补水保湿嫩肤单片面膜片装焕肤,"Mặt nạ giấy dưỡng ẩm tinh chất ốc sên Bei Lingmei, than tre đen, dưỡng ẩm, trẻ hóa da, gói 1 mặt nạ",贝玲美蜗牛精华润肌竹炭黑面膜蚕丝补水保湿嫩肤单片面膜片装焕肤,"Mặt nạ giấy dưỡng ẩm tinh chất ốc sên Bei Lingmei, than tre đen, dưỡng ẩm, trẻ hóa da, gói 1 mặt nạ",num_mismatch,0.5662999749183655
863378535943,贝玲美原B5积雪草精粹焕颜面膜补水舒缓修护改善暗美妆护肤品面膜,"Mặt nạ dưỡng ẩm, làm dịu, sửa chữa và cải thiện vẻ đẹp tối, mặt nạ dưỡng da",贝玲美原B5积雪草精粹焕颜面膜补水舒缓修护改善暗美妆护肤品面膜,"Mặt nạ dưỡng ẩm, làm dịu, sửa chữa và cải thiện vẻ đẹp tối, mặt nạ dưỡng da",num_mismatch,0.5422000288963318
892406046890,冰肤之萃绿豆海藻泥膜面膜 补水保湿温和海藻清洁 泥膜护肤品,Mặt nạ bùn tảo biển đậu xanh,冰肤之萃绿豆海藻泥膜面膜 补水保湿温和海藻清洁 泥膜护肤品,Mặt nạ bùn tảo biển đậu xanh,ratio_mismatch(0.26),0.5210999846458435
805531778207,全英文SADOER骨胶原抗皱睡眠面膜 补水保湿Facial mask外贸跨境,Mặt nạ ngủ chống nhăn Collagen toàn tiếng Anh,全英文SADOER骨胶原抗皱睡眠面膜 补水保湿Facial mask外贸跨境,Mặt nạ ngủ chống nhăn Collagen toàn tiếng Anh,ratio_mismatch(0.25),0.6401000022888184
740324068459,MAIGOOLE胶原玻尿酸保湿面膜超补水滋润五分钟修护胶原蛋白面膜,Mặt nạ dưỡng ẩm MAIGOOLE Collagen Hyaluronic Acid Siêu dưỡng ẩm và nuôi dưỡng Mặt nạ Collagen phục hồi trong 5 phút,MAIGOOLE胶原玻尿酸保湿面膜超补水滋润五分钟修护胶原蛋白面膜,Mặt nạ dưỡng ẩm MAIGOOLE Collagen Hyaluronic Acid Siêu dưỡng ẩm và nuôi dưỡng Mặt nạ Collagen phục hồi trong 5 phút,num_mismatch;info_stuffing:dưỡng,0.7512000203132629
826972363170,男士氨基酸十大名牌洗面奶男生专用控油祛痘去黑头痘印洁面乳正品,"Top 10 thương hiệu sữa rửa mặt axit amin nổi tiếng dành cho nam giới, sữa rửa mặt đặc trị kiểm soát dầu, loại bỏ mụn trứng cá, mụn đầu đen và vết mụn, sản phẩm chính hãng.",男士氨基酸十大名牌洗面奶男生专用控油祛痘去黑头痘印洁面乳正品,"Top 10 thương hiệu sữa rửa mặt axit amin nổi tiếng dành cho nam giới, sữa rửa mặt đặc trị kiểm soát dầu, loại bỏ mụn trứng cá, mụn đầu đen và vết mụn, sản phẩm chính hãng",num_mismatch;info_stuffing:mụn,0.7623000144958496
837640368506,适用苹果华强北二三四五六七八代悦虎蓝牙无线耳机洛达入耳式降噪,"Thích hợp cho tai nghe không dây Bluetooth Yuehu thế hệ thứ 2, 3, 4, 5, 6, 7 và 8 của Apple Huaqiangbei, có tính năng khử tiếng ồn trong tai Loda.",适用苹果华强北二三四五六七八代悦虎蓝牙无线耳机洛达入耳式降噪,"Thích hợp cho tai nghe không dây Bluetooth Yuehu thế hệ thứ 2, 3, 4, 5, 6, 7 và 8 của Apple Huaqiangbei, có tính năng khử tiếng ồn trong tai Loda",num_mismatch,0.65420001745224
953444579160,严选M76开放式无线蓝牙耳机气骨传导挂耳式跑步运动专用耳机5.4,Tai nghe Bluetooth không dây mở M76 được lựa chọn cẩn thận,严选M76开放式无线蓝牙耳机气骨传导挂耳式跑步运动专用耳机5.4,Tai nghe Bluetooth không dây mở M76 được lựa chọn cẩn thận,num_mismatch,0.6730999946594238
996315965748,S70领夹式蓝牙耳机动骑行降噪长续航5新班外卖商务开车用,"Tai nghe Bluetooth kẹp S70 dành cho xe đạp, giảm tiếng ồn, thời lượng pin dài, đẳng cấp mới dành cho lái xe kinh doanh mang đi",S70领夹式蓝牙耳机动骑行降噪长续航5新班外卖商务开车用,"Tai nghe Bluetooth kẹp S70 dành cho xe đạp, giảm tiếng ồn, thời lượng pin dài, đẳng cấp mới dành cho lái xe kinh doanh mang đi",num_mismatch,0.758899986743927
939074249337,蓝牙耳机夹耳式新款真2026挂耳式无线运动跑步降噪长续航游戏通话,"Tai nghe Bluetooth, kiểu kẹp tai mới, không dây, thể thao, chống ồn, pin lâu dài, chơi game và đàm thoại.",蓝牙耳机夹耳式新款真2026挂耳式无线运动跑步降噪长续航游戏通话,"Tai nghe Bluetooth, kiểu kẹp tai mới, không dây, thể thao, chống ồn, pin lâu dài, chơi game và đàm thoại",num_mismatch,0.6894999742507935
920066090932,2026华强北蓝牙耳pro4降噪高品质跨境适用于苹果安卓华为跨境专供,"Tai nghe Bluetooth Huaqiangbei Pro4 2025 khử tiếng ồn chất lượng cao, tương thích quốc tế với Apple, Android, Huawei, dành riêng cho thị trường quốc tế.",2026华强北蓝牙耳pro4降噪高品质跨境适用于苹果安卓华为跨境专供,"Tai nghe Bluetooth Huaqiangbei Pro4 2025 khử tiếng ồn chất lượng cao, tương thích quốc tế với Apple, Android, Huawei, dành riêng cho thị trường quốc tế",num_mismatch,0.7454000115394592
828707999743,2024Pro4代无线蓝牙耳机高音质运动迷你款入耳式超长听歌安卓通用,Tai nghe Bluetooth không dây thế hệ thứ 4 2024Pro4 chất lượng âm thanh cao thể thao mini in-ear siêu dài nghe nhạc thông dụng Android,2024Pro4代无线蓝牙耳机高音质运动迷你款入耳式超长听歌安卓通用,Tai nghe Bluetooth không dây thế hệ thứ 4 2024Pro4 chất lượng âm thanh cao thể thao mini in-ear siêu dài nghe nhạc thông dụng Android,num_mismatch,0.826200008392334
784335347507,跨境爆款24H发货CE/ROHS认证一件代发夹耳式蓝牙耳机5.4久戴不痛,"Sản phẩm bán chạy xuyên biên giới, giao hàng 24/24, đạt chứng nhận CE/ROHS, hỗ trợ dropshipping, tai nghe Bluetooth 5.4 kẹp tai, đeo thoải mái trong thời gian dài.",跨境爆款24H发货CE/ROHS认证一件代发夹耳式蓝牙耳机5.4久戴不痛,"Sản phẩm bán chạy xuyên biên giới, giao hàng 24/24, đạt chứng nhận CE/ROHS, hỗ trợ dropshipping, tai nghe Bluetooth 5.4 kẹp tai, đeo thoải mái trong thời gian dài",num_mismatch,0.7642999887466431
778676911125,适用苹果18液态防指纹硅胶手机壳iphone17promax全包凹槽13保护套,"Ốp điện thoại silicone chống vân tay, phủ toàn bộ, có rãnh, bảo vệ iPhone 17 Pro Max, phù hợp với Apple 18.",适用苹果18液态防指纹硅胶手机壳iphone17promax全包凹槽13保护套,"Ốp điện thoại silicone chống vân tay, phủ toàn bộ, có rãnh, bảo vệ iPhone 17 Pro Max, phù hợp với Apple 18",num_mismatch,0.7523999810218811
1002039796359,冰感磨砂磁吸适用iPhone18promax手机壳全包肤感苹果17防摔保护套,"Ốp điện thoại iPhone 17 Pro Max, chất liệu như đá, hút từ tính, phủ toàn bộ, cảm giác như da thật, chống rơi cho Apple 16",冰感磨砂磁吸适用iPhone18promax手机壳全包肤感苹果17防摔保护套,"Ốp điện thoại iPhone 17 Pro Max, chất liệu như đá, hút từ tính, phủ toàn bộ, cảm giác như da thật, chống rơi cho Apple 16",num_mismatch,0.7325999736785889
962714217429,亚马逊跨境适用 iPhone17 手机壳 二合一18ProMax磁吸支架防摔套,"Ốp lưng điện thoại iPhone 17 2 trong 1, chống rơi, có giá đỡ từ tính, dùng được cho Amazon xuyên biên giới, tương thích với 18 Pro Max",亚马逊跨境适用 iPhone17 手机壳 二合一18ProMax磁吸支架防摔套,"Ốp lưng điện thoại iPhone 17 2 trong 1, chống rơi, có giá đỡ từ tính, dùng được cho Amazon xuyên biên giới, tương thích với 18 Pro Max",num_mismatch,0.7972000241279602
973901939151,适用苹果17Pro iphone16闪粉手机壳带补妆镜子支架镜头膜防摔软壳,"Ốp điện thoại iPhone 16 Pro của Apple, có gương trang điểm, kèm miếng dán bảo vệ camera, chống rơi, chất liệu mềm mại.",适用苹果17Pro iphone16闪粉手机壳带补妆镜子支架镜头膜防摔软壳,"Ốp điện thoại iPhone 16 Pro của Apple, có gương trang điểm, kèm miếng dán bảo vệ camera, chống rơi, chất liệu mềm mại",num_mismatch,0.7425000071525574
767939710858,适用iPhone16防震手机壳17优盾支架磁吸苹果18promax四角防摔护套,"Ốp lưng chống sốc iPhone 16, giá đỡ từ tính Youdun cho Apple 18 Pro Max, bảo vệ chống rơi bốn góc",适用iPhone16防震手机壳17优盾支架磁吸苹果18promax四角防摔护套,"Ốp lưng chống sốc iPhone 16, giá đỡ từ tính Youdun cho Apple 18 Pro Max, bảo vệ chống rơi bốn góc",num_mismatch,0.7074000239372253
837964878814,液态硅胶适用苹果17Promax手机壳精孔iPhone17全包简约防摔保护套,"Ốp điện thoại iPhone 17 Promax bằng silicon lỏng, có lỗ chính xác, ốp bảo vệ toàn diện đơn giản, chống rơi.",液态硅胶适用苹果17Promax手机壳精孔iPhone17全包简约防摔保护套,"Ốp điện thoại iPhone 17 Promax bằng silicon lỏng, có lỗ chính xác, ốp bảo vệ toàn diện đơn giản, chống rơi",num_mismatch,0.7669000029563904
925352173571,适用iPhone17四角气囊防摔16E手机壳苹果15PROMAX镜头膜14保护套3,"Ốp lưng chống rơi bốn góc tích hợp túi khí dành cho iPhone 17, ốp điện thoại Apple 15PROMAX kèm miếng dán bảo vệ camera, ốp bảo vệ 14, 3",适用iPhone17四角气囊防摔16E手机壳苹果15PROMAX镜头膜14保护套3,"Ốp lưng chống rơi bốn góc tích hợp túi khí dành cho iPhone 17, ốp điện thoại Apple 15PROMAX kèm miếng dán bảo vệ camera, ốp bảo vệ 14, 3",num_mismatch,0.8165000081062317
891416534003,适用苹果17Promax全包14 13磁吸太阳软壳硅胶壳16圈圈纹手机壳套,"Ốp lưng silicon mềm chống nắng, họa tiết tròn, bảo vệ toàn diện, tương thích với Apple 17 Pro Max, 14, 13, có nam châm",适用苹果17Promax全包14 13磁吸太阳软壳硅胶壳16圈圈纹手机壳套,"Ốp lưng silicon mềm chống nắng, họa tiết tròn, bảo vệ toàn diện, tương thích với Apple 17 Pro Max, 14, 13, có nam châm",num_mismatch,0.7120000123977661
992713205750,亚克力精孔镜头膜苹果17promax磁吸iphone16手机壳适用透明15防摔,"Phim dán kính cường lực chính xác cho ốp lưng iPhone 17 Pro Max từ tính, trong suốt và chống sốc cho iPhone 15.",亚克力精孔镜头膜苹果17promax磁吸iphone16手机壳适用透明15防摔,"Phim dán kính cường lực chính xác cho ốp lưng iPhone 17 Pro Max từ tính, trong suốt và chống sốc cho iPhone 15",num_mismatch,0.6589000225067139
863162506372,适用iphone17手机壳磁吸半透明16苹果18Promax喷油磨砂14保护套新,"Ốp điện thoại iPhone 17, từ tính bán trong suốt, tương thích iPhone 16, iPhone 18 Pro Max, phủ mờ chống dầu, bảo vệ toàn diện, hàng mới.",适用iphone17手机壳磁吸半透明16苹果18Promax喷油磨砂14保护套新,"Ốp điện thoại iPhone 17, từ tính bán trong suốt, tương thích iPhone 16, iPhone 18 Pro Max, phủ mờ chống dầu, bảo vệ toàn diện, hàng mới",num_mismatch;info_stuffing:iphone,0.7314000129699707
990347938140,适用苹果17promax手机壳磁吸17高清透明iphone16plus全包15保护套,"Ốp điện thoại Apple 17promax hút từ tính, trong suốt độ phân giải cao, bảo vệ toàn diện iPhone 16plus, 15",适用苹果17promax手机壳磁吸17高清透明iphone16plus全包15保护套,"Ốp điện thoại Apple 17promax hút từ tính, trong suốt độ phân giải cao, bảo vệ toàn diện iPhone 16plus, 15",num_mismatch,0.8112999796867371
827990868644,适用iphone17透明手机15PROMAX四角防摔太空壳保护套苹果17e气囊,"Ốp lưng trong suốt chống rơi 4 góc, bảo vệ toàn diện, có túi khí, phù hợp với iPhone 17, iPhone 15 Pro Max, Apple 17e",适用iphone17透明手机15PROMAX四角防摔太空壳保护套苹果17e气囊,"Ốp lưng trong suốt chống rơi 4 góc, bảo vệ toàn diện, có túi khí, phù hợp với iPhone 17, iPhone 15 Pro Max, Apple 17e",num_mismatch,0.741599977016449
914487212440,保持笑脸适用苹果16promax手机壳iPhone16/15外壳防刮13磁吸笑脸,"Hãy tiếp tục tươi tắn với chiếc ốp lưng này, phù hợp với Apple 16 Pro Max, iPhone 16/15, chống xước, thiết kế mặt cười từ tính.",保持笑脸适用苹果16promax手机壳iPhone16/15外壳防刮13磁吸笑脸,"Hãy tiếp tục tươi tắn với chiếc ốp lưng này, phù hợp với Apple 16 Pro Max, iPhone 16/15, chống xước, thiết kế mặt cười từ tính",num_mismatch,0.7366999983787537
991369775627,卡包17PM手机壳TPU13插卡15苹果手机套适用iPhone16pro超薄14软壳,"Ốp điện thoại TPU13 có khe đựng thẻ 17PM, 13 khe thẻ, 15 khe thẻ, phù hợp với iPhone 16 Pro, siêu mỏng, 14 khe mềm",卡包17PM手机壳TPU13插卡15苹果手机套适用iPhone16pro超薄14软壳,"Ốp điện thoại TPU13 có khe đựng thẻ 17PM, 13 khe thẻ, 15 khe thẻ, phù hợp với iPhone 16 Pro, siêu mỏng, 14 khe mềm",num_mismatch;info_stuffing:khe,0.8177000284194946
808833553401,立体可爱蝴蝶结适用苹果17ProMax手机壳透明iPhone16猫耳朵15套女,"Ốp điện thoại iPhone 16 trong suốt hình nơ dễ thương 3D, tai mèo, phù hợp với iPhone 17 Pro Max, bộ 15 chiếc dành cho nữ",立体可爱蝴蝶结适用苹果17ProMax手机壳透明iPhone16猫耳朵15套女,"Ốp điện thoại iPhone 16 trong suốt hình nơ dễ thương 3D, tai mèo, phù hợp với iPhone 17 Pro Max, bộ 15 chiếc dành cho nữ",num_mismatch,0.7021999955177307
638777435246,适用苹果iPhone18Pro全包PC手机壳17透明16硬壳4保护精孔13promax,"Ốp điện thoại di động toàn diện, trong suốt, cứng cáp, bảo vệ tốt, có lỗ nhỏ, phù hợp với Apple iPhone 18 Pro, 17, 16, 13 Pro Max",适用苹果iPhone18Pro全包PC手机壳17透明16硬壳4保护精孔13promax,"Ốp điện thoại di động toàn diện, trong suốt, cứng cáp, bảo vệ tốt, có lỗ nhỏ, phù hợp với Apple iPhone 18 Pro, 17, 16, 13 Pro Max",num_mismatch,0.7627000212669373
625348608962,适用iPhone17官方液态硅胶磁吸手机壳1516苹果18Promax保护套新款,"Ốp điện thoại iPhone 17 chính hãng chất liệu silicon lỏng từ tính, tương thích với iPhone 15, 16, Apple 18 Pro Max, mẫu mới, bảo vệ toàn diện",适用iPhone17官方液态硅胶磁吸手机壳1516苹果18Promax保护套新款,"Ốp điện thoại iPhone 17 chính hãng chất liệu silicon lỏng từ tính, tương thích với iPhone 15, 16, Apple 18 Pro Max, mẫu mới, bảo vệ toàn diện",num_mismatch,0.7778000235557556
906661447448,18Promax超薄磨砂TPU精孔手机壳苹果17适用iPhone16/15pro全包软,"Ốp điện thoại TPU mờ siêu mỏng, lỗ nhỏ, dành cho Apple 17, phù hợp với iPhone 16/15 Pro, bảo vệ toàn diện, chất liệu mềm.",18Promax超薄磨砂TPU精孔手机壳苹果17适用iPhone16/15pro全包软,"Ốp điện thoại TPU mờ siêu mỏng, lỗ nhỏ, dành cho Apple 17, phù hợp với iPhone 16/15 Pro, bảo vệ toàn diện, chất liệu mềm",num_mismatch,0.7897999882698059
920392969007,适用苹果16Promax碳纤维磁吸手机壳iPhone15Pro简约肤感14Pro防滑,Ốp điện thoại hút từ bằng sợi carbon dùng cho Apple 16Promax,适用苹果16Promax碳纤维磁吸手机壳iPhone15Pro简约肤感14Pro防滑,Ốp điện thoại hút từ bằng sợi carbon dùng cho Apple 16Promax,ratio_mismatch(0.29);num_mismatch,0.6995999813079834
991242659525,超薄冰雾iPhone17promax磨砂透16手机软壳适用苹果15大孔14保护套,"Ốp điện thoại iPhone 17 Pro Max mờ trong suốt siêu mỏng, chất liệu mềm mại, phù hợp với Apple 15 lỗ lớn 14, bảo vệ toàn diện.",超薄冰雾iPhone17promax磨砂透16手机软壳适用苹果15大孔14保护套,"Ốp điện thoại iPhone 17 Pro Max mờ trong suốt siêu mỏng, chất liệu mềm mại, phù hợp với Apple 15 lỗ lớn 14, bảo vệ toàn diện",num_mismatch,0.7465999722480774
937444784757,液态硅胶纯色爱心苹果17手机壳适用iPhone14promax新款防摔13少女,"Ốp điện thoại Apple 17 hình trái tim chất liệu silicon lỏng màu trơn, phù hợp với iPhone 14 Pro Max mẫu mới, chống rơi, dành cho nữ",液态硅胶纯色爱心苹果17手机壳适用iPhone14promax新款防摔13少女,"Ốp điện thoại Apple 17 hình trái tim chất liệu silicon lỏng màu trơn, phù hợp với iPhone 14 Pro Max mẫu mới, chống rơi, dành cho nữ",num_mismatch,0.7228999733924866
961646748268,跨境爆款迷彩手机壳适用苹果18PROMAX双层菲林17pm全包16防摔硬壳,"Ốp điện thoại ngụy trang thời trang xuyên biên giới, phù hợp với Apple 15PROMAX, màng bảo vệ kép 17pm, phủ toàn diện, chống rơi 16 điểm, vỏ cứng",跨境爆款迷彩手机壳适用苹果18PROMAX双层菲林17pm全包16防摔硬壳,"Ốp điện thoại ngụy trang thời trang xuyên biên giới, phù hợp với Apple 15PROMAX, màng bảo vệ kép 17pm, phủ toàn diện, chống rơi 16 điểm, vỏ cứng",num_mismatch,0.6710000038146973
967901207373,油画彩花草18pro适用苹果17promax手机壳16plus麻花15爆14手链13,"Tranh sơn dầu thiết kế hoa văn phù hợp với ốp điện thoại Apple 17 Pro Max, 16 Plus, 15 kiểu tết dây, 14 kiểu dây đeo, 13 kiểu nữ tính, 12 kiểu thời trang.",油画彩花草18pro适用苹果17promax手机壳16plus麻花15爆14手链13,"Tranh sơn dầu thiết kế hoa văn phù hợp với ốp điện thoại Apple 17 Pro Max, 16 Plus, 15 kiểu tết dây, 14 kiểu dây đeo, 13 kiểu nữ tính, 12 kiểu thời trang",num_mismatch;info_stuffing:kiểu,0.7123000025749207
947797012988,idm大孔磁吸支架适用iPhone17promax苹果15手机壳13/78plus/11,"Giá đỡ từ tính lỗ lớn idm phù hợp với ốp điện thoại iPhone 17 Pro Max, Apple 15, 13/7/8 Plus/11",idm大孔磁吸支架适用iPhone17promax苹果15手机壳13/78plus/11,"Giá đỡ từ tính lỗ lớn idm phù hợp với ốp điện thoại iPhone 17 Pro Max, Apple 15, 13/7/8 Plus/11",num_mismatch,0.8396000266075134
978555811316,适用iPhone18ProMAX手机壳透明磨砂肤感苹果17电镀PC镜头膜保护套,"Ốp điện thoại iPhone 17 Pro Max trong suốt, mờ, cảm giác như da, bảo vệ màn hình bằng màng PC mạ điện Apple 16",适用iPhone18ProMAX手机壳透明磨砂肤感苹果17电镀PC镜头膜保护套,"Ốp điện thoại iPhone 17 Pro Max trong suốt, mờ, cảm giác như da, bảo vệ màn hình bằng màng PC mạ điện Apple 16",num_mismatch,0.7585999965667725
820275842353,新疆棉】纯棉男士t恤短袖2024新款夏季百搭宽松纯色圆领潮流,Bông Tân Cương] Áo thun nam 100% cotton ngắn tay kiểu mới mùa hè 2024 cổ tròn màu trơn rộng rãi dễ phối đồ xu hướng,新疆棉】纯棉男士t恤短袖2024新款夏季百搭宽松纯色圆领潮流,Bông Tân Cương] Áo thun nam 100% cotton ngắn tay kiểu mới mùa hè 2024 cổ tròn màu trơn rộng rãi dễ phối đồ xu hướng,num_mismatch,0.6941999793052673
902323055368,短袖纯棉t恤男士夏季潮牌宽松百搭圆领半袖情侣款潮流体恤上衣服,Áo phông 100% cotton ngắn tay áo phông mẫu cặp đôi tay lỡ cổ tròn dễ phối rộng rãi thương hiệu thời trang mùa hè cho nam áo phông,短袖纯棉t恤男士夏季潮牌宽松百搭圆领半袖情侣款潮流体恤上衣服,Áo phông 100% cotton ngắn tay áo phông mẫu cặp đôi tay lỡ cổ tròn dễ phối rộng rãi thương hiệu thời trang mùa hè cho nam áo phông,num_mismatch;info_stuffing:phông,0.6912999749183655
801470509077,2025新款爆款半袖休闲高档男士短袖t恤夏季纯棉体恤潮牌百搭上衣T,Áo thun nam tay ngắn tay cao cấp giản dị mẫu mới năm 2025 áo thun 100% cotton mùa hè thương hiệu sành điệu áo dễ phối đồ T,2025新款爆款半袖休闲高档男士短袖t恤夏季纯棉体恤潮牌百搭上衣T,Áo thun nam tay ngắn tay cao cấp giản dị mẫu mới năm 2025 áo thun 100% cotton mùa hè thương hiệu sành điệu áo dễ phối đồ T,num_mismatch,0.7038000226020813
914331601781,夏季新款潮牌纯棉男女重磅休闲印花百搭宽松上衣短袖T恤ins上衣男,Áo phông nam cộc tay kiểu dáng rộng rãi in họa tiết thường ngày nam nữ 100% cotton thương hiệu thời trang mẫu mới mùa hè áo phông nam instagram,夏季新款潮牌纯棉男女重磅休闲印花百搭宽松上衣短袖T恤ins上衣男,Áo phông nam cộc tay kiểu dáng rộng rãi in họa tiết thường ngày nam nữ 100% cotton thương hiệu thời trang mẫu mới mùa hè áo phông nam instagram,num_mismatch,0.6638000011444092
939330002952,高端美式重磅纯棉短袖T恤男士ins潮牌街头宽松上衣服体恤男款夏季,Áo phông nam ngắn tay 100% cotton kiểu Mỹ cao cấp áo phông nam phong cách đường phố rộng rãi thương hiệu thời trang instagram mùa hè,高端美式重磅纯棉短袖T恤男士ins潮牌街头宽松上衣服体恤男款夏季,Áo phông nam ngắn tay 100% cotton kiểu Mỹ cao cấp áo phông nam phong cách đường phố rộng rãi thương hiệu thời trang instagram mùa hè,num_mismatch,0.6654999852180481
918502292427,美式复古凉感280g重磅T恤男短袖纯棉男士夏季潮牌大码半截袖男装,Áo phông nam dáng dài 280g mát mẻ cổ điển kiểu Mỹ nam tay ngắn 100% cotton thương hiệu thời trang mùa hè nam cỡ lớn tay lỡ,美式复古凉感280g重磅T恤男短袖纯棉男士夏季潮牌大码半截袖男装,Áo phông nam dáng dài 280 g mát mẻ cổ điển kiểu Mỹ nam tay ngắn 100% cotton thương hiệu thời trang mùa hè nam cỡ lớn tay lỡ,num_mismatch,0.7171000242233276
678051573926,AG79000跨境180克圆领t恤男纯棉纯色男士短袖广告衫批发印字logo,"Áo thun nam cổ tròn AG79000 xuất khẩu, 180g, chất liệu cotton 100%, màu trơn, tay ngắn, áo quảng cáo bán buôn, in logo",AG79000跨境180克圆领t恤男纯棉纯色男士短袖广告衫批发印字logo,"Áo thun nam cổ tròn AG79000 xuất khẩu, 180 g, chất liệu cotton 100%, màu trơn, tay ngắn, áo quảng cáo bán buôn, in logo",num_mismatch,0.718500018119812
971745193748,高级感170g双面液氨丝光棉t恤纯棉长绒棉短袖免烫青年圆领男式T恤,"Áo thun nam cao cấp 170g chất liệu cotton mercerized xử lý amoniac lỏng hai mặt, 100% cotton sợi dài, tay ngắn, không cần là, cổ tròn, dành cho giới trẻ.",高级感170g双面液氨丝光棉t恤纯棉长绒棉短袖免烫青年圆领男式T恤,"Áo thun nam cao cấp 170 g chất liệu cotton mercerized xử lý amoniac lỏng hai mặt, 100% cotton sợi dài, tay ngắn, không cần là, cổ tròn, dành cho giới trẻ",num_mismatch,0.6728000044822693
902778547695,纯棉小众设计感重磅短袖T恤男夏季2025新款美式复古宽松休闲短袖,Áo thun nam ngắn tay nặng tay thiết kế thích hợp 100% cotton mẫu mới mùa hè 2025 kiểu Mỹ cổ điển rộng rãi tay ngắn giản dị,纯棉小众设计感重磅短袖T恤男夏季2025新款美式复古宽松休闲短袖,Áo thun nam ngắn tay nặng tay thiết kế thích hợp 100% cotton mẫu mới mùa hè 2025 kiểu Mỹ cổ điển rộng rãi tay ngắn giản dị,num_mismatch;info_stuffing:tay,0.6887999773025513
779865312652,重磅潮牌纯棉印花男士短袖T恤2025新款夏季爆款潮流休闲圆领体恤,Áo thun nam ngắn tay in hình 100% cotton thương hiệu thời trang nặng mẫu mới mùa hè 2025 áo thun cổ tròn giản dị thời thượng,重磅潮牌纯棉印花男士短袖T恤2025新款夏季爆款潮流休闲圆领体恤,Áo thun nam ngắn tay in hình 100% cotton thương hiệu thời trang nặng mẫu mới mùa hè 2025 áo thun cổ tròn giản dị thời thượng,num_mismatch,0.6534000039100647
900340787616,美式报纸印花纯棉短袖t恤男夏季潮牌潮流宽松圆领重磅体恤上衣服,Áo phông ngắn tay 100% cotton in hoa báo kiểu Mỹ áo phông nam cổ tròn dáng rộng trào lưu thương hiệu thời trang mùa hè,美式报纸印花纯棉短袖t恤男夏季潮牌潮流宽松圆领重磅体恤上衣服,Áo phông ngắn tay 100% cotton in hoa báo kiểu Mỹ áo phông nam cổ tròn dáng rộng trào lưu thương hiệu thời trang mùa hè,num_mismatch,0.6352999806404114
947816235965,2025新款美式男士短袖T恤男款衣服夏季纯棉潮牌宽松男装潮流上衣,"Áo thun nam tay ngắn mùa hè 2025 chất liệu cotton 100%, kiểu dáng thời trang, thương hiệu nổi tiếng, size rộng rãi",2025新款美式男士短袖T恤男款衣服夏季纯棉潮牌宽松男装潮流上衣,"Áo thun nam tay ngắn mùa hè 2025 chất liệu cotton 100%, kiểu dáng thời trang, thương hiệu nổi tiếng, size rộng rãi",num_mismatch,0.6388999819755554
695964994595,夏季纯色230g重磅纯棉打底衫男白色休闲百搭圆领微落肩短袖t恤女,Áo mặc trong 100% cotton nặng 230g màu trơn mùa hè áo phông nam ngắn tay trễ vai cổ tròn dễ phối thường ngày màu trắng cho nữ,夏季纯色230g重磅纯棉打底衫男白色休闲百搭圆领微落肩短袖t恤女,Áo mặc trong 100% cotton nặng 230 g màu trơn mùa hè áo phông nam ngắn tay trễ vai cổ tròn dễ phối thường ngày màu trắng cho nữ,num_mismatch,0.6973000168800354
776767722180,230g重磅T恤男士纯棉复古水洗宽松做旧短袖跨境爆款现货街头风,"Áo thun nam 230g chất liệu dày dặn, 100% cotton, giặt mài vintage, dáng rộng, tay ngắn xước, hàng hot xuyên biên giới, có sẵn, phong cách đường phố.",230g重磅T恤男士纯棉复古水洗宽松做旧短袖跨境爆款现货街头风,"Áo thun nam 230 g chất liệu dày dặn, 100% cotton, giặt mài vintage, dáng rộng, tay ngắn xước, hàng hot xuyên biên giới, có sẵn, phong cách đường phố",num_mismatch,0.7010999917984009
900025017354,美式痞帅重磅纯棉短袖t恤青年男士夏季ins潮牌圆领宽松半袖上衣服,Áo phông ngắn tay 100% cotton ngắn tay kiểu Mỹ đẹp trai áo cộc tay rộng rãi thương hiệu thời trang instagram mùa hè cho nam thanh niên,美式痞帅重磅纯棉短袖t恤青年男士夏季ins潮牌圆领宽松半袖上衣服,Áo phông ngắn tay 100% cotton ngắn tay kiểu Mỹ đẹp trai áo cộc tay rộng rãi thương hiệu thời trang instagram mùa hè cho nam thanh niên,num_mismatch;info_stuffing:tay,0.695900022983551
889170089808,定制230g水洗做旧t恤纯棉炒雪花美式t恤宽松落肩圆领短袖男t恤,"Áo thun nam cotton 100% chất liệu washed distressed 230g, kiểu dáng rộng, cổ tròn, tay ngắn, in họa tiết bông tuyết, thiết kế lệch vai, phong cách Mỹ.",定制230g水洗做旧t恤纯棉炒雪花美式t恤宽松落肩圆领短袖男t恤,"Áo thun nam cotton 100% chất liệu washed distressed 230 g, kiểu dáng rộng, cổ tròn, tay ngắn, in họa tiết bông tuyết, thiết kế lệch vai, phong cách Mỹ",num_mismatch,0.6071000099182129
915615481792,夏季宽松纯棉短袖t恤男新款圆领纯色百搭上衣潮流中青年休闲打底,Áo phông ngắn tay 100% cotton rộng rãi mùa hè áo dễ phối màu trơn cổ tròn mẫu mới cho nam trào lưu mặc trong thường ngày thanh niên và trung niên,夏季宽松纯棉短袖t恤男新款圆领纯色百搭上衣潮流中青年休闲打底,Áo phông ngắn tay 100% cotton rộng rãi mùa hè áo dễ phối màu trơn cổ tròn mẫu mới cho nam trào lưu mặc trong thường ngày thanh niên và trung niên,num_mismatch,0.6765999794006348
764522796379,260g重磅纯棉t恤男短袖印花上衣服美式全棉半袖潮流宽松圆领体恤,Áo T-shirt 100% cotton nặng 260g Áo nam tay ngắn in họa tiết áo T-shirt cổ tròn rộng rãi trào lưu tay lỡ cotton kiểu Mỹ,260g重磅纯棉t恤男短袖印花上衣服美式全棉半袖潮流宽松圆领体恤,Áo T-shirt 100% cotton nặng 260 g Áo nam tay ngắn in họa tiết áo T-shirt cổ tròn rộng rãi trào lưu tay lỡ cotton kiểu Mỹ,num_mismatch,0.7206000089645386
734401805950,2026新款纯棉t恤男士长袖圆领上衣服内搭打底衫秋衣小衫全棉体恤,"Áo thun nam tay dài cổ tròn chất liệu cotton nguyên chất kiểu mới 2026, có lớp lót bên trong, áo thu, áo thun cotton 100%",2026新款纯棉t恤男士长袖圆领上衣服内搭打底衫秋衣小衫全棉体恤,"Áo thun nam tay dài cổ tròn chất liệu cotton nguyên chất kiểu mới 2026, có lớp lót bên trong, áo thu, áo thun cotton 100%",num_mismatch,0.6452999711036682
784519389123,重磅纯棉短袖T恤休闲潮流男女款夏季ins白搭圆领上衣潮百搭男半袖,Áo phông ngắn tay 100% cotton nặng tay áo cổ tròn phối trắng Instagram mùa hè sành điệu nam nữ thời trang thường ngày,重磅纯棉短袖T恤休闲潮流男女款夏季ins白搭圆领上衣潮百搭男半袖,Áo phông ngắn tay 100% cotton nặng tay áo cổ tròn phối trắng Instagram mùa hè sành điệu nam nữ thời trang thường ngày,num_mismatch,0.6316999793052673
699974488955,加厚磨毛短袖t恤男宽松重磅纯棉半袖男装休闲内搭白色体恤打底衫,Áo phông nam tay ngắn chải dày dặn áo phông nam tay lỡ 100% cotton nặng rộng rãi áo phông mặc trong màu trắng mặc trong,加厚磨毛短袖t恤男宽松重磅纯棉半袖男装休闲内搭白色体恤打底衫,Áo phông nam tay ngắn chải dày dặn áo phông nam tay lỡ 100% cotton nặng rộng rãi áo phông mặc trong màu trắng mặc trong,num_mismatch;info_stuffing:phông,0.6172999739646912
904515356778,男士纯棉短袖T恤夏季跨境爆款潮牌时尚印花宽松潮流圆领百搭上衣,Áo thun nam tay ngắn 100% cotton áo dễ phối cổ tròn thời trang in hoa thời trang thương hiệu thời trang mẫu hot xuyên biên giới mùa hè,男士纯棉短袖T恤夏季跨境爆款潮牌时尚印花宽松潮流圆领百搭上衣,Áo thun nam tay ngắn 100% cotton áo dễ phối cổ tròn thời trang in hoa thời trang thương hiệu thời trang mẫu hot xuyên biên giới mùa hè,num_mismatch;info_stuffing:thời,0.6638000011444092
779345272143,重磅潮牌纯棉印花男士短袖T恤2025新款夏季爆款潮流休闲圆领体恤,"Áo thun nam tay ngắn cotton 100% in hình, thương hiệu thời trang cao cấp, xu hướng hè 2025, kiểu dáng năng động, cổ tròn",重磅潮牌纯棉印花男士短袖T恤2025新款夏季爆款潮流休闲圆领体恤,"Áo thun nam tay ngắn cotton 100% in hình, thương hiệu thời trang cao cấp, xu hướng hè 2025, kiểu dáng năng động, cổ tròn",num_mismatch,0.6105999946594238
666739286637,男士长袖新款纯色T恤衫潮流休闲运动外穿圆领纯棉打底衫上衣批发,Áo thun nam dài tay màu trơn mẫu mới Áo MặC Ngoài thể thao cổ tròn 100% cotton bán buôn,男士长袖新款纯色T恤衫潮流休闲运动外穿圆领纯棉打底衫上衣批发,Áo thun nam dài tay màu trơn mẫu mới Áo MặC Ngoài thể thao cổ tròn 100% cotton bán buôn,num_mismatch,0.6452000141143799
920532543083,美式复古300g重磅纯棉水洗做旧短袖T恤夏季潮流纯色宽松半袖男,Áo phông ngắn tay kiểu Mỹ 100% cotton nặng 300g kiểu cổ điển kiểu Mỹ,美式复古300g重磅纯棉水洗做旧短袖T恤夏季潮流纯色宽松半袖男,Áo phông ngắn tay kiểu Mỹ 100% cotton nặng 300 g kiểu cổ điển kiểu Mỹ,num_mismatch;info_stuffing:kiểu,0.6676999926567078
998253181659,280g落肩重磅短袖男夏季美式健身运动体恤cleanfit纯棉半袖T恤,"Áo thun nam tay ngắn chất liệu cotton 100% kiểu dáng thể thao Mỹ, dáng rộng, nặng 280g, mùa hè, kiểu dáng ôm sát.",280g落肩重磅短袖男夏季美式健身运动体恤cleanfit纯棉半袖T恤,"Áo thun nam tay ngắn chất liệu cotton 100% kiểu dáng thể thao Mỹ, dáng rộng, nặng 280 g, mùa hè, kiểu dáng ôm sát",num_mismatch;info_stuffing:dáng,0.6662999987602234
980186016494,400克美式复古宽松重磅纯棉短袖东南亚拉美洲Men T-shirt男式T恤,"Áo thun nam cotton 100% dày dặn, kiểu dáng rộng rãi, phong cách retro Mỹ, 400g, dành cho nam giới Đông Nam Á và Mỹ Latinh",400克美式复古宽松重磅纯棉短袖东南亚拉美洲Men T-shirt男式T恤,"Áo thun nam cotton 100% dày dặn, kiểu dáng rộng rãi, phong cách retro Mỹ, 400 g, dành cho nam giới Đông Nam Á và Mỹ Latinh",num_mismatch,0.7032999992370605
867633791881,夏季特大码100-300斤可穿肥佬胖哥加肥加大码纯棉短袖t恤男宽松,Áo phông nam ngắn tay 100% cotton size lớn 100-300 kg mặc được cho người béo mùa hè,夏季特大码100-300斤可穿肥佬胖哥加肥加大码纯棉短袖t恤男宽松,Áo phông nam ngắn tay 100% cotton size lớn 100-300 kg mặc được cho người béo mùa hè,num_mismatch,0.7232000231742859
912871663451,美式痞帅重磅纯棉短袖T恤青年男女款夏季ins潮牌街头宽松圆领上衣,Áo phông ngắn tay 100% cotton dáng khủng kiểu Mỹ,美式痞帅重磅纯棉短袖T恤青年男女款夏季ins潮牌街头宽松圆领上衣,Áo phông ngắn tay 100% cotton dáng khủng kiểu Mỹ,num_mismatch,0.5726000070571899
785329535292,轻熟风星空短袖满天星烫钻宽松微潮体恤Tee男上衣T恤2024年,Áo phông nam Áo Phông Nam 2024 năm,轻熟风星空短袖满天星烫钻宽松微潮体恤Tee男上衣T恤2024年,Áo phông nam Áo Phông Nam 2024 năm,ratio_mismatch(0.26),0.48840001225471497
897774536842,重磅潮牌纯棉印花男士短袖T恤2025新款夏季爆款潮流休闲圆领体恤,Áo thun nam ngắn tay in hình 100% cotton thương hiệu thời trang nặng mẫu mới mùa hè 2025 áo thun cổ tròn giản dị thời thượng,重磅潮牌纯棉印花男士短袖T恤2025新款夏季爆款潮流休闲圆领体恤,Áo thun nam ngắn tay in hình 100% cotton thương hiệu thời trang nặng mẫu mới mùa hè 2025 áo thun cổ tròn giản dị thời thượng,num_mismatch,0.6534000039100647
789267495230,重磅纯棉短袖T恤休闲潮流男女款夏季ins白搭圆领上衣潮百搭男半袖,Áo phông ngắn tay 100% cotton nặng tay áo cổ tròn phối trắng Instagram mùa hè sành điệu nam nữ thời trang thường ngày,重磅纯棉短袖T恤休闲潮流男女款夏季ins白搭圆领上衣潮百搭男半袖,Áo phông ngắn tay 100% cotton nặng tay áo cổ tròn phối trắng Instagram mùa hè sành điệu nam nữ thời trang thường ngày,num_mismatch,0.6316999793052673
898275457703,美式潮牌重磅纯棉短袖t恤男士夏季潮流半袖上衣宽松大码男装体恤,Áo thun nam tay ngắn 100% cotton dáng to thương hiệu thời trang kiểu Mỹ áo cộc tay thời trang mùa hè cho nam áo thun nam cỡ lớn dáng rộng,美式潮牌重磅纯棉短袖t恤男士夏季潮流半袖上衣宽松大码男装体恤,Áo thun nam tay ngắn 100% cotton dáng to thương hiệu thời trang kiểu Mỹ áo cộc tay thời trang mùa hè cho nam áo thun nam cỡ lớn dáng rộng,num_mismatch,0.6927000284194946
895141099639,美式纯棉夏季字母印花短袖T恤 简约上衣男体恤宽松半袖打底衫潮牌,Áo phông ngắn tay in chữ mùa hè 100% cotton kiểu Mỹ áo đơn giản áo nam áo mặc trong tay cộc tay rộng rãi thương hiệu thời trang,美式纯棉夏季字母印花短袖T恤 简约上衣男体恤宽松半袖打底衫潮牌,Áo phông ngắn tay in chữ mùa hè 100% cotton kiểu Mỹ áo đơn giản áo nam áo mặc trong tay cộc tay rộng rãi thương hiệu thời trang,num_mismatch;info_stuffing:tay,0.7111999988555908
824602037438,260g欧码大落肩oversize纯棉短袖t恤男跨境男士潮牌宽松型青年T恤,"Áo thun nam cotton 100% tay ngắn, size châu Âu, dáng rộng, 260g, thương hiệu thời trang nam xuyên biên giới, kiểu dáng trẻ trung",260g欧码大落肩oversize纯棉短袖t恤男跨境男士潮牌宽松型青年T恤,"Áo thun nam cotton 100% tay ngắn, size châu Âu, dáng rộng, 260 g, thương hiệu thời trang nam xuyên biên giới, kiểu dáng trẻ trung",num_mismatch,0.6984000205993652
892675101692,纯棉高端潮牌简约短袖T恤男士美式宽松2025夏季圆领上衣体恤衫,Áo phông ngắn tay đơn giản thương hiệu thời trang cao cấp 100% cotton áo nam cổ tròn mùa hè 2025 rộng rãi kiểu Mỹ,纯棉高端潮牌简约短袖T恤男士美式宽松2025夏季圆领上衣体恤衫,Áo phông ngắn tay đơn giản thương hiệu thời trang cao cấp 100% cotton áo nam cổ tròn mùa hè 2025 rộng rãi kiểu Mỹ,num_mismatch,0.7074999809265137
759510046939,260g美式重磅纯棉t恤男短袖圆领上衣服夏季潮流全棉半袖宽松体恤,Áo phông nam cổ tròn tay ngắn kiểu Mỹ 260g áo phông rộng tay lỡ 100% cotton trào lưu mùa hè,260g美式重磅纯棉t恤男短袖圆领上衣服夏季潮流全棉半袖宽松体恤,Áo phông nam cổ tròn tay ngắn kiểu Mỹ 260 g áo phông rộng tay lỡ 100% cotton trào lưu mùa hè,num_mismatch,0.6861000061035156
863625139800,2025重磅纯棉250G复古水洗炫染做旧t恤 跨境美式宽松短袖男士t恤,Áo thun nam ngắn tay ngắn tay rộng rãi kiểu Mỹ xuyên biên giới,2025重磅纯棉250G复古水洗炫染做旧t恤 跨境美式宽松短袖男士t恤,Áo thun nam ngắn tay ngắn tay rộng rãi kiểu Mỹ xuyên biên giới,num_mismatch,0.579200029373169
917236198974,白色重磅2026纯棉短袖男士t恤夏季新款美式大码宽松潮牌潮流体恤,"Áo thun nam cotton 100% tay ngắn, size lớn, kiểu dáng rộng rãi, thời trang, thương hiệu Mỹ, màu trắng, chất liệu dày dặn, mùa hè mới 2025",白色重磅2026纯棉短袖男士t恤夏季新款美式大码宽松潮牌潮流体恤,"Áo thun nam cotton 100% tay ngắn, size lớn, kiểu dáng rộng rãi, thời trang, thương hiệu Mỹ, màu trắng, chất liệu dày dặn, mùa hè mới 2025",num_mismatch,0.6399999856948853
957424511868,「一折专区丨奥莱清仓丨250g双纱精梳纯棉短袖T恤男美式重磅潮牌,「 Khu vực đặc biệt 90% off | Cửa hàng giảm giá lớn | Áo thun ngắn tay cotton chải kỹ 250g đôi nam thương hiệu thời trang hạng nặng của Mỹ,「一折专区 奥莱清仓 250g双纱精梳纯棉短袖T恤男美式重磅潮牌,「 Khu vực đặc biệt 90% off | Cửa hàng giảm giá lớn | Áo thun ngắn tay cotton chải kỹ 250 g đôi nam thương hiệu thời trang hạng nặng của Mỹ,num_mismatch,0.6539000272750854
832543003300,纯棉polo衫男士2024秋季新款翻领中年商务休闲刺绣长袖t恤男代发,Áo polo 100% cotton áo phông dài tay thêu thường ngày công sở trung niên cổ bẻ mẫu mới mùa thu 2024 cho nam,纯棉polo衫男士2024秋季新款翻领中年商务休闲刺绣长袖t恤男代发,Áo polo 100% cotton áo phông dài tay thêu thường ngày công sở trung niên cổ bẻ mẫu mới mùa thu 2024 cho nam,num_mismatch,0.7084000110626221
713413338062,400克重磅T恤POLO衫男士全棉日系复古珠地棉纯色短袖打底衫宽松夏,Áo thun nam nặng 400g áo polo áo thun nam 100% cotton kiểu Nhật 100% cotton cổ điển cotton trơn màu ngắn tay mùa hè thông rộng,400克重磅T恤POLO衫男士全棉日系复古珠地棉纯色短袖打底衫宽松夏,Áo thun nam nặng 400 g áo polo áo thun nam 100% cotton kiểu Nhật 100% cotton cổ điển cotton trơn màu ngắn tay mùa hè thông rộng,num_mismatch;info_stuffing:cotton,0.7520999908447266
810838975833,重磅潮牌纯棉印花男士短袖T恤2025新款夏季爆款潮流休闲圆领体恤,"Áo thun nam tay ngắn chất cotton 100% in họa tiết, thương hiệu thời trang cao cấp, mẫu mới hè 2025, bán chạy, kiểu dáng năng động, cổ tròn",重磅潮牌纯棉印花男士短袖T恤2025新款夏季爆款潮流休闲圆领体恤,"Áo thun nam tay ngắn chất cotton 100% in họa tiết, thương hiệu thời trang cao cấp, mẫu mới hè 2025, bán chạy, kiểu dáng năng động, cổ tròn",num_mismatch,0.6252999901771545
883957410533,美式复古400g重磅纯棉圆领短袖T恤 二本针夏季纯色宽松百搭半袖男,Áo thun tay ngắn cổ tròn 100% cotton nặng 400g kiểu Mỹ hai chiếc kim mùa hè màu trơn kiểu dáng rộng rãi dễ phối cộc tay nam,美式复古400g重磅纯棉圆领短袖T恤 二本针夏季纯色宽松百搭半袖男,Áo thun tay ngắn cổ tròn 100% cotton nặng 400 g kiểu Mỹ hai chiếc kim mùa hè màu trơn kiểu dáng rộng rãi dễ phối cộc tay nam,num_mismatch,0.661899983882904
896093417881,高档欧货潮牌T恤印花短袖男夏季时尚情侣纯棉半袖体恤打底衫ins潮,Áo phông thương hiệu sành điệu hàng châu Âu cao cấp áo phông cộc tay in hoa cho cặp đôi thời trang mùa hè 100% cotton áo phông lót trong instagram sành điệu,高档欧货潮牌T恤印花短袖男夏季时尚情侣纯棉半袖体恤打底衫ins潮,Áo phông thương hiệu sành điệu hàng châu Âu cao cấp áo phông cộc tay in hoa cho cặp đôi thời trang mùa hè 100% cotton áo phông lót trong instagram sành điệu,num_mismatch;info_stuffing:phông,0.6456000208854675
860544339389,AG66000跨境150克t恤男纯棉纯色圆领男士短袖批发广告衫印花logo,"Áo thun nam AG66000 xuất khẩu, 150g, chất liệu cotton 100%, màu trơn, cổ tròn, tay ngắn, bán buôn, in logo quảng cáo",AG66000跨境150克t恤男纯棉纯色圆领男士短袖批发广告衫印花logo,"Áo thun nam AG66000 xuất khẩu, 150 g, chất liệu cotton 100%, màu trơn, cổ tròn, tay ngắn, bán buôn, in logo quảng cáo",num_mismatch,0.7268000245094299
779601821679,重磅潮牌纯棉印花男士短袖T恤2025新款夏季爆款潮流休闲圆领体恤,"Áo thun nam tay ngắn chất cotton 100% in hình, thương hiệu thời trang cao cấp, mẫu mới hè 2025, bán chạy, kiểu dáng năng động, cổ tròn",重磅潮牌纯棉印花男士短袖T恤2025新款夏季爆款潮流休闲圆领体恤,"Áo thun nam tay ngắn chất cotton 100% in hình, thương hiệu thời trang cao cấp, mẫu mới hè 2025, bán chạy, kiểu dáng năng động, cổ tròn",num_mismatch,0.6288999915122986
815254030493,秋季男装长袖t恤重磅纯棉230g简约纯色打底衫男士内搭全棉套头衫,Áo Thun Nam Dài Tay mùa thu áo mặc trong Một màu đơn giản 100% cotton nặng 230g Áo chui đầu 100% cotton phối bên trong Nam,秋季男装长袖t恤重磅纯棉230g简约纯色打底衫男士内搭全棉套头衫,Áo Thun Nam Dài Tay mùa thu áo mặc trong Một màu đơn giản 100% cotton nặng 230 g Áo chui đầu 100% cotton phối bên trong Nam,num_mismatch,0.6815000176429749
758649209854,230g水洗做旧T恤ovesize复古潮牌欧美蜡染纯棉t男女落肩宽松半袖,Áo phông làm cũ giặt nước 230g áo cộc tay rộng rãi 100% cotton nhuộm sáp Âu Mỹ thương hiệu thời trang cổ điển phong cách Âu Mỹ,230g水洗做旧T恤ovesize复古潮牌欧美蜡染纯棉t男女落肩宽松半袖,Áo phông làm cũ giặt nước 230 g áo cộc tay rộng rãi 100% cotton nhuộm sáp Âu Mỹ thương hiệu thời trang cổ điển phong cách Âu Mỹ,num_mismatch,0.6395999789237976
879022990066,2025春季新款纯棉长袖t恤男商务休闲翻领纯色中年透气男士polo衫,Áo phông dài tay 100% cotton mẫu mới mùa xuân 2025 áo polo nam thoáng khí trung niên màu trơn cổ bẻ công sở,2025春季新款纯棉长袖t恤男商务休闲翻领纯色中年透气男士polo衫,Áo phông dài tay 100% cotton mẫu mới mùa xuân 2025 áo polo nam thoáng khí trung niên màu trơn cổ bẻ công sở,num_mismatch,0.7688000202178955
760277036506,260g重磅纯棉短袖t恤男潮流兔子印花圆领上衣服美式宽松全棉半袖,Áo phông ngắn tay 100% cotton nặng 260g Áo nam cổ tròn in hình Thỏ trào lưu áo tay lỡ 100% cotton rộng rãi Kiểu Mỹ,260g重磅纯棉短袖t恤男潮流兔子印花圆领上衣服美式宽松全棉半袖,Áo phông ngắn tay 100% cotton nặng 260 g Áo nam cổ tròn in hình Thỏ trào lưu áo tay lỡ 100% cotton rộng rãi Kiểu Mỹ,num_mismatch,0.6491000056266785
897590143115,短袖T恤男重磅纯棉夏季潮牌ins印花上衣宽松圆领半袖体恤男装衣服,Áo phông nam tay ngắn áo in hoa instagram thương hiệu thời trang mùa hè 100% cotton nặng tay áo phông cộc tay cổ tròn rộng rãi quần áo nam,短袖T恤男重磅纯棉夏季潮牌ins印花上衣宽松圆领半袖体恤男装衣服,Áo phông nam tay ngắn áo in hoa instagram thương hiệu thời trang mùa hè 100% cotton nặng tay áo phông cộc tay cổ tròn rộng rãi quần áo nam,num_mismatch;info_stuffing:tay,0.6855000257492065
774427256317,春季白色短袖t恤男装打底衫内搭体恤宽松纯棉纯色2024年新款上衣,Áo phông nam tay ngắn màu trắng mùa xuân áo mặc trong áo phông phối trong rộng rãi 100% cotton màu trơn áo mẫu mới năm 2024,春季白色短袖t恤男装打底衫内搭体恤宽松纯棉纯色2024年新款上衣,Áo phông nam tay ngắn màu trắng mùa xuân áo mặc trong áo phông phối trong rộng rãi 100% cotton màu trơn áo mẫu mới năm 2024,num_mismatch,0.7069000005722046
902325118364,200g重磅美式纯棉短袖t恤男夏季潮牌宽松小领口七分袖情侣装半袖,Áo phông ngắn tay 100% cotton kiểu Mỹ nặng 200g trang phục cặp đôi tay lỡ cổ nhỏ rộng rãi thương hiệu thời trang mùa hè tay lỡ,200g重磅美式纯棉短袖t恤男夏季潮牌宽松小领口七分袖情侣装半袖,Áo phông ngắn tay 100% cotton kiểu Mỹ nặng 200 g trang phục cặp đôi tay lỡ cổ nhỏ rộng rãi thương hiệu thời trang mùa hè tay lỡ,num_mismatch;info_stuffing:tay,0.7099000215530396
783480967163,重磅纯棉短袖T恤休闲潮流男女款夏季ins白搭圆领上衣潮百搭男半袖,Áo phông ngắn tay 100% cotton nặng tay áo cổ tròn phối trắng Instagram mùa hè sành điệu nam nữ thời trang thường ngày,重磅纯棉短袖T恤休闲潮流男女款夏季ins白搭圆领上衣潮百搭男半袖,Áo phông ngắn tay 100% cotton nặng tay áo cổ tròn phối trắng Instagram mùa hè sành điệu nam nữ thời trang thường ngày,num_mismatch,0.6316999793052673
956583248092,镂空提花纯欲针织吊带白色连衣裙2026夏季气质新款收腰背心短裙子,"Váy liền thân dệt kim jacquard镂空 màu trắng dây spaghetti, kiểu dáng ôm eo, thời trang hè 2026.",镂空提花纯欲针织吊带白色连衣裙2026夏季气质新款收腰背心短裙子,"Váy liền thân dệt kim jacquard màu trắng dây spaghetti, kiểu dáng ôm eo, thời trang hè 2026",cjk_in_vi,0.5199999809265137
921442749651,Халат домашний 一片式连衣短裙居家户外海边连衣裙,"Váy liền thân, thích hợp mặc ở nhà, ngoài trời và đi biển.",Халат домашний 一片式连衣短裙居家户外海边连衣裙,"Váy liền thân, thích hợp mặc ở nhà, ngoài trời và đi biển",foreign_script,0.6110000014305115
828328877142,小众牛仔连衣裙女春秋2026新款显瘦茶歇法式今年流行长袖复古裙子,Váy liền denim thích hợp cho nữ mùa xuân và mùa thu 2024 mẫu mới váy cổ điển dài tay được ưa chuộng trong năm nay kiểu Pháp nghỉ trà tôn dáng gầy,小众牛仔连衣裙女春秋2026新款显瘦茶歇法式今年流行长袖复古裙子,Váy liền denim thích hợp cho nữ mùa xuân và mùa thu 2024 mẫu mới váy cổ điển dài tay được ưa chuộng trong năm nay kiểu Pháp nghỉ trà tôn dáng gầy,num_mismatch,0.6773999929428101
978254151465,网红芒果干500g一斤果脯零食批发休闲零食新鲜水果干厚切原味100g,Xoài sấy nổi tiếng trên Internet 500g 0.5kg đồ ăn nhẹ trái cây bảo quản bán buôn đồ ăn nhẹ thông thường trái cây sấy khô tươi cắt dày hương vị nguyên bản 100g,网红芒果干500g一斤果脯零食批发休闲零食新鲜水果干厚切原味100g,Xoài sấy nổi tiếng trên Internet 500 g 0.5 kg đồ ăn nhẹ trái cây bảo quản bán buôn đồ ăn nhẹ thông thường trái cây sấy khô tươi cắt dày hương vị nguyên bản 100 g,num_mismatch,0.671999990940094
777865146755,琥珀小米锅巴 整箱批发拿货 8090后童年回忆小吃儿时经典怀旧零食,"Bánh gạo kê hổ phách bán buôn full box, đồ ăn vặt Ký Ức Tuổi Thơ sau khi lấy hàng, đồ ăn vặt hoài cổ Kinh Điển Thời thơ ấu",琥珀小米锅巴 整箱批发拿货 8090后童年回忆小吃儿时经典怀旧零食,"Bánh gạo kê hổ phách bán buôn full box, đồ ăn vặt Ký Ức Tuổi Thơ sau khi lấy hàng, đồ ăn vặt hoài cổ Kinh Điển Thời thơ ấu",num_mismatch,0.5529000163078308
922762856433,太哥辣白菜味辣条儿时怀旧经典5毛小吃麻辣解馋学生校园零食批发,Khoai tây chiên vị cải cay - Món ăn vặt hoài niệm tuổi thơ - Vị cay giải tỏa cơn thèm - Bán buôn đồ ăn vặt cho sinh viên.,太哥辣白菜味辣条儿时怀旧经典5毛小吃麻辣解馋学生校园零食批发,Khoai tây chiên vị cải cay - Món ăn vặt hoài niệm tuổi thơ - Vị cay giải tỏa cơn thèm - Bán buôn đồ ăn vặt cho sinh viên,num_mismatch,0.5860999822616577
949336042121,飞旺辣条大礼包臭干子童年儿时回忆麻辣8090后怀旧零食品小吃批发,"Gói quà tặng Fei Wang Spicy Strips: Ký ức tuổi thơ với đồ ăn vặt cay từ thập niên 80 và 90, bán buôn đồ ăn vặt hoài cổ.",飞旺辣条大礼包臭干子童年儿时回忆麻辣8090后怀旧零食品小吃批发,"Gói quà tặng Fei Wang Spicy Strips: Ký ức tuổi thơ với đồ ăn vặt cay từ thập niên 80 và 90, bán buôn đồ ăn vặt hoài cổ",num_mismatch,0.6514999866485596
904507178585,订婚书中国风相框茶叶礼盒装2026龙井绿茶武夷山大红袍金骏眉红茶,"Sổ lưu niệm phong cách Trung Hoa, khung ảnh, hộp quà trà, trà Long Tỉnh 2025, trà Ô Long Đài Phong, trà đen Jinjunmei",订婚书中国风相框茶叶礼盒装2026龙井绿茶武夷山大红袍金骏眉红茶,"Sổ lưu niệm phong cách Trung Hoa, khung ảnh, hộp quà trà, trà Long Tỉnh 2025, trà Ô Long Đài Phong, trà đen Jinjunmei",num_mismatch;info_stuffing:trà,0.6225000023841858
998062157967,碧螺春绿茶2026新茶高档茶叶礼盒装送礼明前罐装散茶批发自己喝,Trà Xanh Biluochun 2025 Trà Mới Trà Cao Cấp Hộp Quà Tặng Quà Tặng Mingqian Đóng Hộp Trà Lỏng Bán Buôn Cho Riêng Bạn,碧螺春绿茶2026新茶高档茶叶礼盒装送礼明前罐装散茶批发自己喝,Trà Xanh Biluochun 2025 Trà Mới Trà Cao Cấp Hộp Quà Tặng Quà Tặng Mingqian Đóng Hộp Trà Lỏng Bán Buôn Cho Riêng Bạn,num_mismatch;info_stuffing:trà,0.6565999984741211
903545133242,苦荞茶特级一等品黑苦荞茶大凉山特级荞麦茶正宗黑珍珠四川苦荞茶,Trà kiều mạch cao cấp loại 1 Trà kiều mạch đen Daliangshan Trà kiều mạch cao cấp Ngọc trai đen đích thực Trà kiều mạch Tứ Xuyên,苦荞茶特级一等品黑苦荞茶大凉山特级荞麦茶正宗黑珍珠四川苦荞茶,Trà kiều mạch cao cấp loại 1 Trà kiều mạch đen Daliangshan Trà kiều mạch cao cấp Ngọc trai đen đích thực Trà kiều mạch Tứ Xuyên,num_mismatch;info_stuffing:trà,0.6123999953269958
852712052372,金骏眉红茶茶叶袋装散茶正宗2026新茶批发正山小种大红袍送礼三斤,"Trà đen Jinjunmei, trà đóng gói rời, trà mới chính hãng 2026, bán buôn Zhengshan Xiaozhong, Da Hong Pao, quà tặng 1.5kg",金骏眉红茶茶叶袋装散茶正宗2026新茶批发正山小种大红袍送礼三斤,"Trà đen Jinjunmei, trà đóng gói rời, trà mới chính hãng 2026, bán buôn Zhengshan Xiaozhong, Da Hong Pao, quà tặng 1.5 kg",num_mismatch;info_stuffing:trà,0.6247000098228455
709792755680,横县茉莉花茶一号茶王新茶浓香型茶叶源头厂家批发一件代发,Trà hoa nhài Hengxian số 1 Trà vua Trà mới Hương thơm mạnh mẽ Lá trà Nguồn nhà sản xuất Bán buôn Dropshipping,横县茉莉花茶一号茶王新茶浓香型茶叶源头厂家批发一件代发,Trà hoa nhài Hengxian số 1 Trà vua Trà mới Hương thơm mạnh mẽ Lá trà Nguồn nhà sản xuất Bán buôn Dropshipping,num_mismatch;info_stuffing:trà,0.5960999727249146
872054230824,Gaba Dahongpao tea Габа чай 嘎巴大红袍乌龙茶,Trà Gaba Dahongpao Trà Gaba 嘎巴大红袍乌龙茶,Gaba Dahongpao tea Габа чай 嘎巴大红袍乌龙茶,Trà Gaba Dahongpao Trà Gaba,cjk_in_vi;foreign_script;truncation_undergen(0.16),0.6820999979972839
1249371953,批发 普洱茶 老普洱 饼 五年干仓 勐海干仓七子饼357g 熟茶,Bán buôn trà Pu'er bánh Pu'er cũ 5 năm khô Cang Menghai khô Cang Qizi Cake 357g trà nấu chín,批发 普洱茶 老普洱 饼 五年干仓 勐海干仓七子饼357g 熟茶,Bán buôn trà Pu'er bánh Pu'er cũ 5 năm khô Cang Menghai khô Cang Qizi Cake 357 g trà nấu chín,num_mismatch,0.6233999729156494
770666965914,云南普洱熟茶十年以上老茶90年代为人民服务茶砖1000g茶叶批发,"Trà chín Vân Nam Phổ Nhĩ, đã được ủ hơn mười năm, những năm 1990, phục vụ người dân trà viên, bán buôn lá trà 1000g",云南普洱熟茶十年以上老茶90年代为人民服务茶砖1000g茶叶批发,"Trà chín Vân Nam Phổ Nhĩ, đã được ủ hơn mười năm, những năm 1990, phục vụ người dân trà viên, bán buôn lá trà 1000 g",num_mismatch;info_stuffing:trà,0.6254000067710876
1049439509468,二十四宝茶养生茶包泡水花茶袋泡茶独立包装源头工厂一件代发现货,"Trà 24 Bảo, trà dưỡng sinh dạng túi lọc, trà hoa pha nước, đóng gói riêng lẻ, từ nhà máy sản xuất, nhận sỉ lẻ, hàng có sẵn.",二十四宝茶养生茶包泡水花茶袋泡茶独立包装源头工厂一件代发现货,"Trà 24 Bảo, trà dưỡng sinh dạng túi lọc, trà hoa pha nước, đóng gói riêng lẻ, từ nhà máy sản xuất, nhận sỉ lẻ, hàng có sẵn",num_mismatch;info_stuffing:trà,0.6654999852180481
1068427315366,2026新款茶叶礼盒装金骏眉红茶乌龙茶高档茶礼送长辈爸爸中秋礼品,"Hộp quà trà Hồng trà Kim Tuấn Mi, trà có phúc, bộ trà đạo, quà tặng thiết thực cho người lớn tuổi, bố.",2026新款茶叶礼盒装金骏眉红茶乌龙茶高档茶礼送长辈爸爸中秋礼品,"Hộp quà trà Hồng trà Kim Tuấn Mi, trà có phúc, bộ trà đạo, quà tặng thiết thực cho người lớn tuổi, bố",num_mismatch;info_stuffing:trà,0.5536999702453613
931137757218,2003年易武老生普洱茶生茶饼357g普洱生茶十年以上普洱茶饼自己喝,"Bánh trà thô Phổ Nhĩ Lào Thịnh 2003 Yiwu 357g, trà thô Phổ Nhĩ 10 năm trở lên, dùng cho tiêu dùng cá nhân.",2003年易武老生普洱茶生茶饼357g普洱生茶十年以上普洱茶饼自己喝,"Bánh trà thô Phổ Nhĩ Lào Thịnh 2003 Yiwu 357 g, trà thô Phổ Nhĩ 10 năm trở lên, dùng cho tiêu dùng cá nhân",num_mismatch,0.7186999917030334
999168742201,正宗福鼎白茶6年一级寿眉散茶装500g自己喝的茶正味老白茶散批发,"Trà trắng Fuding chính hãng 6 năm tuổi, loại 1, trà Shoumei dạng rời 500g dùng cho cá nhân, trà trắng ủ lâu năm hương vị nguyên bản, bán buôn trà dạng rời.",正宗福鼎白茶6年一级寿眉散茶装500g自己喝的茶正味老白茶散批发,"Trà trắng Fuding chính hãng 6 năm tuổi, loại 1, trà Shoumei dạng rời 500 g dùng cho cá nhân, trà trắng ủ lâu năm hương vị nguyên bản, bán buôn trà dạng rời",num_mismatch;info_stuffing:trà,0.6263999938964844
671342572932,十大茗茶金骏眉铁观音小罐红茶高档茶叶礼盒送人高档礼盒装批发,"Top 10 loại trà: Jinjunmei, Tieguanyin, trà đen lon nhỏ, hộp quà trà cao cấp để tặng quà, bao bì hộp quà cao cấp bán buôn.",十大茗茶金骏眉铁观音小罐红茶高档茶叶礼盒送人高档礼盒装批发,"Top 10 loại trà: Jinjunmei, Tieguanyin, trà đen lon nhỏ, hộp quà trà cao cấp để tặng quà, bao bì hộp quà cao cấp bán buôn",num_mismatch;info_stuffing:trà,0.6798999905586243
1013515300092,玖冉茶厂普洱茶熟茶批发头春熟普洱茶散茶十年陈普洱熟茶散装茶叶,"Trà Phổ Nhĩ chín bán sỉ từ Nhà máy Trà Cửu Nhiên, trà Phổ Nhĩ chín vụ đầu xuân, trà rời, trà Phổ Nhĩ chín ủ 10 năm, trà rời đóng gói.",玖冉茶厂普洱茶熟茶批发头春熟普洱茶散茶十年陈普洱熟茶散装茶叶,"Trà Phổ Nhĩ chín bán sỉ từ Nhà máy Trà Cửu Nhiên, trà Phổ Nhĩ chín vụ đầu xuân, trà rời, trà Phổ Nhĩ chín ủ 10 năm, trà rời đóng gói",num_mismatch;info_stuffing:trà,0.6201000213623047
1040657887053,欧式精致高级首饰品首饰盒轻奢耳环项链收纳盒礼物珠宝展示盒,"Hộp đựng trang sức phong cách Châu Âu tinh xảo, sang trọng, độc đáo, cao cấp nhẹ, hộp đựng bông tai và dây chuyền, quà tặng 520, hộp trưng bày trang sức.",欧式精致高级首饰品首饰盒轻奢耳环项链收纳盒礼物珠宝展示盒,"Hộp đựng trang sức phong cách Châu Âu tinh xảo, sang trọng, độc đáo, cao cấp nhẹ, hộp đựng bông tai và dây chuyền, quà tặng 520, hộp trưng bày trang sức",num_mismatch;info_stuffing:hộp,0.7207000255584717
1046202230677,内衣内裤收纳盒家用放贴身衣物分格衣柜装袜子三合一分隔整理神器,"Hộp đựng đồ lót gia đình, chia ngăn để sắp xếp quần áo lót, vớ trong tủ quần áo, sản phẩm thần kỳ 3 trong 1 giúp phân loại và sắp xếp gọn gàng.",内衣内裤收纳盒家用放贴身衣物分格衣柜装袜子三合一分隔整理神器,"Hộp đựng đồ lót gia đình, chia ngăn để sắp xếp quần áo lót, vớ trong tủ quần áo, sản phẩm thần kỳ 3 trong 1 giúp phân loại và sắp xếp gọn gàng",num_mismatch,0.7382000088691711
977442978955,桌面抽屉式六宫格收纳盒韩国ins透明收纳盒学生宿舍首饰整理盒子,Hộp đựng đồ dạng ngăn kéo để bàn 6 ô vuông Hộp đựng đồ trong suốt Hàn Quốc Ins Hộp đựng đồ trang sức ký túc xá sinh viên,桌面抽屉式六宫格收纳盒韩国ins透明收纳盒学生宿舍首饰整理盒子,Hộp đựng đồ dạng ngăn kéo để bàn 6 ô vuông Hộp đựng đồ trong suốt Hàn Quốc Ins Hộp đựng đồ trang sức ký túc xá sinh viên,num_mismatch;info_stuffing:hộp,0.7574999928474426
1056991522914,书箱收纳箱学生书本教室用放书箱子高中装书书籍书筐书收纳盒神器,"Hộp đựng sách, giá sách học sinh, hộp đựng sách trong lớp học, hộp đựng sách cấp 3, giỏ đựng sách, thùng đựng sách, vật dụng cần thiết để sắp xếp sách.",书箱收纳箱学生书本教室用放书箱子高中装书书籍书筐书收纳盒神器,"Hộp đựng sách, giá sách học sinh, hộp đựng sách trong lớp học, hộp đựng sách cấp 3, giỏ đựng sách, thùng đựng sách, vật dụng cần thiết để sắp xếp sách",num_mismatch;info_stuffing:hộp,0.7214999794960022
1058923440120,书箱收纳箱学生书本教室用放书箱子高中装书书籍书筐书收纳盒神器,"Hộp đựng sách, thùng đựng sách cho học sinh, dùng trong lớp học, hộp đựng sách cấp 3, giỏ đựng sách, hộp sắp xếp sách tiện lợi.",书箱收纳箱学生书本教室用放书箱子高中装书书籍书筐书收纳盒神器,"Hộp đựng sách, thùng đựng sách cho học sinh, dùng trong lớp học, hộp đựng sách cấp 3, giỏ đựng sách, hộp sắp xếp sách tiện lợi",num_mismatch;info_stuffing:hộp,0.7394000291824341
1007075626236,布艺内衣裤袜收纳盒三合一布艺整理箱水洗折叠家居抽屉文胸收纳盒,"Hộp đựng đồ lót, quần áo, vớ bằng vải, hộp sắp xếp đồ vải 3 trong 1, có thể giặt, gấp gọn, dùng cho ngăn kéo gia đình, hộp đựng áo ngực.",布艺内衣裤袜收纳盒三合一布艺整理箱水洗折叠家居抽屉文胸收纳盒,"Hộp đựng đồ lót, quần áo, vớ bằng vải, hộp sắp xếp đồ vải 3 trong 1, có thể giặt, gấp gọn, dùng cho ngăn kéo gia đình, hộp đựng áo ngực",num_mismatch;info_stuffing:hộp,0.7192999720573425
1016540580235,26年新款收纳盒家用宿舍高级感透明多层抽屉式桌面储物盒整理盒,"Hộp đựng đồ sắp xếp để bàn, kiểu ngăn kéo nhiều tầng, trong suốt, cao cấp, dùng cho gia đình và ký túc xá, mẫu mới 2026.",26年新款收纳盒家用宿舍高级感透明多层抽屉式桌面储物盒整理盒,"Hộp đựng đồ sắp xếp để bàn, kiểu ngăn kéo nhiều tầng, trong suốt, cao cấp, dùng cho gia đình và ký túc xá, mẫu mới 2026",num_mismatch,0.7285000085830688
727532367805,透明九宫格六宫格防尘抽屉式收纳盒文具首饰12宫格化妆品收纳学生,Hộp Đựng Đồ Kiểu Ngăn Kéo Chống bụi 9 ô vuông trong suốt Hộp đựng đồ trang sức văn phòng phẩm 12 ô vuông đựng mỹ phẩm học sinh,透明九宫格六宫格防尘抽屉式收纳盒文具首饰12宫格化妆品收纳学生,Hộp Đựng Đồ Kiểu Ngăn Kéo Chống bụi 9 ô vuông trong suốt Hộp đựng đồ trang sức văn phòng phẩm 12 ô vuông đựng mỹ phẩm học sinh,num_mismatch;info_stuffing:đựng,0.7117000222206116
1080277462896,A类全棉无印风格子简约床上四件套ins纯棉裸睡床笠单被罩宿舍三件,"Bộ chăn ga gối 4 món cotton 100% phong cách Muji tối giản, họa tiết kẻ caro, phong cách Ins, cotton nguyên chất, ga chun, vỏ chăn đơn, dùng cho ký túc xá, bộ 3 món.",A类全棉无印风格子简约床上四件套ins纯棉裸睡床笠单被罩宿舍三件,"Bộ chăn ga gối 4 món cotton 100% phong cách Muji tối giản, họa tiết kẻ caro, phong cách Ins, cotton nguyên chất, ga chun, vỏ chăn đơn, dùng cho ký túc xá, bộ 3 món",num_mismatch,0.6758000254631042
1057197323930,A类ins无印风四件套全棉被套床单被罩床笠新款学生宿舍三件套四季,"Bộ chăn ga gối 4 món phong cách Muji (ins) loại A, vỏ chăn, ga trải giường, vỏ chăn, ga chun 100% cotton, mẫu mới, bộ 3 món cho ký túc xá sinh viên, dùng được bốn mùa.",A类ins无印风四件套全棉被套床单被罩床笠新款学生宿舍三件套四季,"Bộ chăn ga gối 4 món phong cách Muji (ins) loại A, vỏ chăn, ga trải giường, vỏ chăn, ga chun 100% cotton, mẫu mới, bộ 3 món cho ký túc xá sinh viên, dùng được bốn mùa",num_mismatch;info_stuffing:chăn,0.7228000164031982
979279302754,轻奢高端200支母婴级纯棉四件套100%长绒棉床单床笠被套简约被罩4,"Bộ bốn món cotton nguyên chất cao cấp sang trọng nhẹ nhàng dành cho bà mẹ và trẻ sơ sinh Bộ bốn món ga trải giường, ga trải giường vừa vặn và vỏ chăn bằng 100% cotton sợi dài, vỏ chăn đơn giản 4",轻奢高端200支母婴级纯棉四件套100%长绒棉床单床笠被套简约被罩4,"Bộ bốn món cotton nguyên chất cao cấp sang trọng nhẹ nhàng dành cho bà mẹ và trẻ sơ sinh Bộ bốn món ga trải giường, ga trải giường vừa vặn và vỏ chăn bằng 100% cotton sợi dài, vỏ chăn đơn giản 4",num_mismatch,0.7245000004768372
1026697039702,母婴级A类有氧裸睡四件套纯棉床上双层纱云柔床单被套宿舍三4件套,"Bộ chăn ga gối 4 món cotton nguyên chất, vải xô hai lớp mềm mại như mây, thoáng khí, an toàn cho mẹ và bé (loại A), thích hợp ngủ trần, dùng cho ký túc xá, bộ 3 hoặc 4 món.",母婴级A类有氧裸睡四件套纯棉床上双层纱云柔床单被套宿舍三4件套,"Bộ chăn ga gối 4 món cotton nguyên chất, vải xô hai lớp mềm mại như mây, thoáng khí, an toàn cho mẹ và bé (loại A), thích hợp ngủ trần, dùng cho ký túc xá, bộ 3 hoặc 4 món",num_mismatch,0.7013999819755554
1007489253486,A类母婴纯色双拼全棉床上四件套外贸跨境简约纯棉床单被套宿舍三,"Bộ chăn ga gối đệm bốn món, chất liệu cotton 100%, màu trơn hoặc hai màu, chất lượng cao, dành cho mẹ và bé, được thiết kế để xuất khẩu và bán xuyên biên giới, với kiểu dáng đơn giản, chất liệu cotton nguyên chất, phù hợp với các ký túc xá.",A类母婴纯色双拼全棉床上四件套外贸跨境简约纯棉床单被套宿舍三,"Bộ chăn ga gối đệm bốn món, chất liệu cotton 100%, màu trơn hoặc hai màu, chất lượng cao, dành cho mẹ và bé, được thiết kế để xuất khẩu và bán xuyên biên giới, với kiểu dáng đơn giản, chất liệu cotton nguyên chất, phù hợp với các ký túc xá",num_mismatch;info_stuffing:chất,0.6722000241279602
971862902118,a类床上用品四件套纯棉2025新款全棉床单被套学生宿舍单人三件套3,"Bộ chăn ga gối đệm cao cấp 4 món chất liệu cotton nguyên chất 2025 mới, ga trải giường, vỏ chăn, dành cho sinh viên ký túc xá, bộ 3 món đơn",a类床上用品四件套纯棉2025新款全棉床单被套学生宿舍单人三件套3,"Bộ chăn ga gối đệm cao cấp 4 món chất liệu cotton nguyên chất 2025 mới, ga trải giường, vỏ chăn, dành cho sinh viên ký túc xá, bộ 3 món đơn",num_mismatch,0.7458000183105469
1074485028355,全棉裸睡A类四件套ins小清新卡通可爱纯棉床单笠被罩学生宿舍三件,"Bộ chăn ga gối 4 món cotton 100% loại A, phong cách ins nhẹ nhàng, hoạt hình dễ thương, ga trải giường và vỏ chăn cotton nguyên chất, dùng cho sinh viên ký túc xá, bộ 3 món.",全棉裸睡A类四件套ins小清新卡通可爱纯棉床单笠被罩学生宿舍三件,"Bộ chăn ga gối 4 món cotton 100% loại A, phong cách ins nhẹ nhàng, hoạt hình dễ thương, ga trải giường và vỏ chăn cotton nguyên chất, dùng cho sinh viên ký túc xá, bộ 3 món",num_mismatch,0.7432000041007996
1043491910471,A类母婴级四件套加厚磨毛被套水洗棉床单学生宿舍三件套床上用品4,"Bộ chăn ga gối đệm cho trẻ sơ sinh và trẻ nhỏ loại A, gồm 4 món, bao gồm vỏ chăn dày dặn, có lớp lót mềm mại và ga trải giường bằng cotton đã qua xử lý, thích hợp cho ký túc xá sinh viên; bộ chăn ga gối đệm 3 món.",A类母婴级四件套加厚磨毛被套水洗棉床单学生宿舍三件套床上用品4,"Bộ chăn ga gối đệm cho trẻ sơ sinh và trẻ nhỏ loại A, gồm 4 món, bao gồm vỏ chăn dày dặn, có lớp lót mềm mại và ga trải giường bằng cotton đã qua xử lý, thích hợp cho ký túc xá sinh viên; bộ chăn ga gối đệm 3 món",num_mismatch;info_stuffing:chăn,0.6929000020027161
1070350298537,母婴级A类全棉ins云柔四件套纯棉床上裸睡卡通床单被套宿舍三件套,"Bộ chăn ga gối đệm bốn món chất liệu cotton 100%, mềm mại như mây, loại A dành cho mẹ và bé, chất liệu cotton nguyên chất, thích hợp để ngủ không mặc quần áo, họa tiết hoạt hình, bộ ba món dành cho ký túc xá.",母婴级A类全棉ins云柔四件套纯棉床上裸睡卡通床单被套宿舍三件套,"Bộ chăn ga gối đệm bốn món chất liệu cotton 100%, mềm mại như mây, loại A dành cho mẹ và bé, chất liệu cotton nguyên chất, thích hợp để ngủ không mặc quần áo, họa tiết hoạt hình, bộ ba món dành cho ký túc xá",num_mismatch;info_stuffing:chất,0.659500002861023
1033978843809,100%全棉四件套纯棉被套床单学生宿舍床三件套可爱卡通用床笠被罩,"Bộ chăn ga gối 100% cotton nguyên chất, vỏ chăn ga trải giường, bộ 3 món cho ký túc xá sinh viên, ga chun vỏ chăn dễ thương, dùng chung.",100%全棉四件套纯棉被套床单学生宿舍床三件套可爱卡通用床笠被罩,"Bộ chăn ga gối 100% cotton nguyên chất, vỏ chăn ga trải giường, bộ 3 món cho ký túc xá sinh viên, ga chun vỏ chăn dễ thương, dùng chung",num_mismatch;info_stuffing:chăn,0.7067999839782715
1005651591525,ins床上纯棉四件套2025新款全棉床单被套被罩学生单人宿舍三件套3,"Bộ chăn ga gối cotton nguyên chất phong cách ins, mẫu mới 2025, ga trải giường, vỏ chăn, vỏ gối 100% cotton, bộ ba món cho sinh viên ký túc xá đơn 3",ins床上纯棉四件套2025新款全棉床单被套被罩学生单人宿舍三件套3,"Bộ chăn ga gối cotton nguyên chất phong cách ins, mẫu mới 2025, ga trải giường, vỏ chăn, vỏ gối 100% cotton, bộ ba món cho sinh viên ký túc xá đơn 3",num_mismatch,0.7172999978065491
1081881068465,A类床上用品纯棉四件套全棉床单母婴抗菌裸睡被套床笠宿舍三件套3,"Bộ chăn ga gối đệm 100% cotton loại A, bộ 4 món, ga trải giường cotton nguyên chất, kháng khuẩn cho mẹ và bé, vỏ chăn cho giấc ngủ thoải mái, ga chun, bộ 3 món cho ký túc xá 3",A类床上用品纯棉四件套全棉床单母婴抗菌裸睡被套床笠宿舍三件套3,"Bộ chăn ga gối đệm 100% cotton loại A, bộ 4 món, ga trải giường cotton nguyên chất, kháng khuẩn cho mẹ và bé, vỏ chăn cho giấc ngủ thoải mái, ga chun, bộ 3 món cho ký túc xá 3",num_mismatch,0.7174000144004822
1074101940895,a类母婴床上四件套纯棉全棉抗菌床单被套床笠单人学生宿舍三4件套,"Bộ chăn ga gối 4 món cotton nguyên chất kháng khuẩn loại A dành cho mẹ và bé, ga trải giường, vỏ chăn, ga bọc đệm, dùng cho giường đơn, ký túc xá sinh viên, bộ 3-4 món.",a类母婴床上四件套纯棉全棉抗菌床单被套床笠单人学生宿舍三4件套,"Bộ chăn ga gối 4 món cotton nguyên chất kháng khuẩn loại A dành cho mẹ và bé, ga trải giường, vỏ chăn, ga bọc đệm, dùng cho giường đơn, ký túc xá sinh viên, bộ 3-4 món",num_mismatch,0.7347000241279602
1012382225495,A类新疆长绒棉60支厚织全棉大提花四件套纯棉轻奢感被套床单床品2,"Bộ chăn ga gối 4 món 100% cotton dệt dày sợi 60, họa tiết jacquard lớn, cotton sợi dài Tân Cương loại A, vỏ chăn ga trải giường phong cách sang trọng nhẹ nhàng.",A类新疆长绒棉60支厚织全棉大提花四件套纯棉轻奢感被套床单床品2,"Bộ chăn ga gối 4 món 100% cotton dệt dày sợi 60, họa tiết jacquard lớn, cotton sợi dài Tân Cương loại A, vỏ chăn ga trải giường phong cách sang trọng nhẹ nhàng",num_mismatch,0.6908000111579895
753774630975,秋冬款牛奶绒床上四件套单件加厚双面珊瑚绒被套法兰绒床单三件套,Bộ 4 chiếc giường nhung sữa mẫu thu đông bộ 3 chiếc chăn nhung san hô hai mặt dày dặn một chiếc bộ 3 chiếc ga giường flannel,秋冬款牛奶绒床上四件套单件加厚双面珊瑚绒被套法兰绒床单三件套,Bộ 4 chiếc giường nhung sữa mẫu thu đông bộ 3 chiếc chăn nhung san hô hai mặt dày dặn một chiếc bộ 3 chiếc ga giường flannel,num_mismatch,0.7160999774932861
683108285951,厂家批发纯色水洗棉四件套简约磨毛被套ins风床单床上用品三件套3,"Bộ chăn ga gối cotton trơn màu, chất liệu cotton chải mềm, phong cách đơn giản, bán buôn từ nhà sản xuất, bộ 4 món, bộ 3 món, kiểu dáng hiện đại.",厂家批发纯色水洗棉四件套简约磨毛被套ins风床单床上用品三件套3,"Bộ chăn ga gối cotton trơn màu, chất liệu cotton chải mềm, phong cách đơn giản, bán buôn từ nhà sản xuất, bộ 4 món, bộ 3 món, kiểu dáng hiện đại",num_mismatch,0.6348999738693237
850207047765,四件套全棉纯棉100加厚被套床单学生宿舍三件套简约亲肤四季床品4,Bộ bốn mảnh 100% cotton 100% cotton 100 bộ chăn dày dặn bộ ba mảnh ký túc xá sinh viên bộ đồ giường bốn mùa thân thiện với làn da đơn giản 4,四件套全棉纯棉100加厚被套床单学生宿舍三件套简约亲肤四季床品4,Bộ bốn mảnh 100% cotton 100% cotton 100 bộ chăn dày dặn bộ ba mảnh ký túc xá sinh viên bộ đồ giường bốn mùa thân thiện với làn da đơn giản 4,num_mismatch;info_stuffing:100,0.8198999762535095
1081376225586,2026新无印风条格纽扣款床上四件套床单全棉被套高级感学生三件套,"Bộ chăn ga gối 4 món phong cách Muji mới 2026, họa tiết kẻ sọc, có nút cài, ga trải giường và vỏ chăn 100% cotton, cảm giác cao cấp, bộ 3 món dành cho sinh viên.",2026新无印风条格纽扣款床上四件套床单全棉被套高级感学生三件套,"Bộ chăn ga gối 4 món phong cách Muji mới 2026, họa tiết kẻ sọc, có nút cài, ga trải giường và vỏ chăn 100% cotton, cảm giác cao cấp, bộ 3 món dành cho sinh viên",num_mismatch,0.680899977684021
1050518743875,新款小清新纯棉100%棉花四件套学生宿舍全棉三件套床单款被罩批发,"Bộ chăn ga gối 4 món 100% cotton phong cách nhẹ nhàng, tươi mới mẫu mới, bộ 3 món 100% cotton cho ký túc xá sinh viên, kiểu ga trải giường và vỏ chăn, bán sỉ.",新款小清新纯棉100%棉花四件套学生宿舍全棉三件套床单款被罩批发,"Bộ chăn ga gối 4 món 100% cotton phong cách nhẹ nhàng, tươi mới mẫu mới, bộ 3 món 100% cotton cho ký túc xá sinh viên, kiểu ga trải giường và vỏ chăn, bán sỉ",num_mismatch,0.7523000240325928
761279685300,60支全棉四季款四件套欧式婚庆纯棉床单1.8m被套贡缎刺绣提花天丝,"Bộ ga trải giường bốn món 60 chiếc, chất liệu 100% cotton, dùng được quanh năm, phong cách châu Âu, ga trải giường cưới bằng cotton nguyên chất, vỏ chăn 1,8m, chất liệu satin thêu jacquard Tencel.",60支全棉四季款四件套欧式婚庆纯棉床单1.8m被套贡缎刺绣提花天丝,"Bộ ga trải giường bốn món 60 chiếc, chất liệu 100% cotton, dùng được quanh năm, phong cách châu Âu, ga trải giường cưới bằng cotton nguyên chất, vỏ chăn 1.8 m, chất liệu satin thêu jacquard Tencel",num_mismatch;info_stuffing:chất,0.7282999753952026
1004414797529,A类母婴级全棉双层纱床上四件套ins纯棉床单被套罩床笠学生三件套,"Bộ chăn ga gối bốn món chất liệu vải thô hai lớp, 100% cotton, loại cao cấp dành cho mẹ và bé, phong cách tối giản, bao gồm ga trải giường, vỏ chăn, tấm bảo vệ đệm, bộ ba món dành cho học sinh.",A类母婴级全棉双层纱床上四件套ins纯棉床单被套罩床笠学生三件套,"Bộ chăn ga gối bốn món chất liệu vải thô hai lớp, 100% cotton, loại cao cấp dành cho mẹ và bé, phong cách tối giản, bao gồm ga trải giường, vỏ chăn, tấm bảo vệ đệm, bộ ba món dành cho học sinh",num_mismatch,0.6995000243186951
1032824071344,简约风A类床上四件套纯棉全棉纯色母婴级被套床单床笠宿舍三件套4,"Bộ chăn ga gối 4 món phong cách tối giản, loại A, 100% cotton nguyên chất, màu trơn, đạt chuẩn an toàn cho mẹ và bé, bao gồm vỏ chăn, ga trải giường, ga chun, bộ 3 món ký túc xá.",简约风A类床上四件套纯棉全棉纯色母婴级被套床单床笠宿舍三件套4,"Bộ chăn ga gối 4 món phong cách tối giản, loại A, 100% cotton nguyên chất, màu trơn, đạt chuẩn an toàn cho mẹ và bé, bao gồm vỏ chăn, ga trải giường, ga chun, bộ 3 món ký túc xá",num_mismatch,0.7228000164031982
1002595763961,高端100支全棉长绒棉四件套四季通用纯棉印花被套罩床单床上用品,"Bộ chăn ga gối 4 món cotton sợi dài 100% cao cấp, 100 sợi, dùng được bốn mùa, vỏ chăn in họa tiết, ga trải giường, đồ dùng giường ngủ.",高端100支全棉长绒棉四件套四季通用纯棉印花被套罩床单床上用品,"Bộ chăn ga gối 4 món cotton sợi dài 100% cao cấp, 100 sợi, dùng được bốn mùa, vỏ chăn in họa tiết, ga trải giường, đồ dùng giường ngủ",num_mismatch,0.6891999840736389
1039439765145,A类床上四件套纯棉全棉纯色母婴级双层纱被套床笠宿舍学生三件套4,"Bộ chăn ga gối 4 món loại A, 100% cotton nguyên chất, màu trơn, chuẩn an toàn cho mẹ và bé, vỏ chăn vải xô hai lớp, ga chun, bộ 3 món cho sinh viên ký túc xá 4",A类床上四件套纯棉全棉纯色母婴级双层纱被套床笠宿舍学生三件套4,"Bộ chăn ga gối 4 món loại A, 100% cotton nguyên chất, màu trơn, chuẩn an toàn cho mẹ và bé, vỏ chăn vải xô hai lớp, ga chun, bộ 3 món cho sinh viên ký túc xá 4",num_mismatch,0.7228000164031982
1009486809443,ins贝壳边水洗棉四件套A类简约纯色棉床上四件套全棉2025床单被套,"Bộ chăn ga gối bốn món cotton giặt xù viền gợn sóng phong cách ins, loại A, bộ chăn ga gối cotton màu trơn đơn giản, 100% cotton, ga trải giường và vỏ chăn 2025.",ins贝壳边水洗棉四件套A类简约纯色棉床上四件套全棉2025床单被套,"Bộ chăn ga gối bốn món cotton giặt xù viền gợn sóng phong cách ins, loại A, bộ chăn ga gối cotton màu trơn đơn giản, 100% cotton, ga trải giường và vỏ chăn 2025",num_mismatch;info_stuffing:chăn,0.6621000170707703
1031957298889,A类母婴级全棉被套纯棉被罩单件磨毛四件套学生宿舍床上3三件套4,"Bộ chăn ga gối đệm cho trẻ sơ sinh và trẻ nhỏ, chất lượng A, 100% cotton, bao gồm vỏ chăn cotton chải lông một chiếc và bộ bốn món, thích hợp cho ký túc xá sinh viên, có các lựa chọn ba món và bốn món.",A类母婴级全棉被套纯棉被罩单件磨毛四件套学生宿舍床上3三件套4,"Bộ chăn ga gối đệm cho trẻ sơ sinh và trẻ nhỏ, chất lượng A, 100% cotton, bao gồm vỏ chăn cotton chải lông một chiếc và bộ bốn món, thích hợp cho ký túc xá sinh viên, có các lựa chọn ba món và bốn món",num_mismatch;info_stuffing:món,0.7038999795913696
1025109049537,A类母婴全棉纯色床上用品四件套阳离子简约纯棉床单笠被罩三四件,"Bộ chăn ga gối đệm 4 món cotton nguyên chất màu trơn cao cấp A dành cho mẹ và bé, ga trải giường và vỏ chăn cotton cationic phong cách tối giản, 3 hoặc 4 món.",A类母婴全棉纯色床上用品四件套阳离子简约纯棉床单笠被罩三四件,"Bộ chăn ga gối đệm 4 món cotton nguyên chất màu trơn cao cấp A dành cho mẹ và bé, ga trải giường và vỏ chăn cotton cationic phong cách tối giản, 3 hoặc 4 món",num_mismatch,0.7055000066757202
1025114011651,新款A类长绒棉四件套高端刺绣全棉纯棉床单被套床笠春夏裸睡床品,"Bộ chăn ga gối 4 món cotton sợi dài loại A mẫu mới, thêu cao cấp, 100% cotton nguyên chất, ga trải giường, vỏ chăn, ga chun, dùng cho mùa xuân hè, thích hợp ngủ trần.",新款A类长绒棉四件套高端刺绣全棉纯棉床单被套床笠春夏裸睡床品,"Bộ chăn ga gối 4 món cotton sợi dài loại A mẫu mới, thêu cao cấp, 100% cotton nguyên chất, ga trải giường, vỏ chăn, ga chun, dùng cho mùa xuân hè, thích hợp ngủ trần",num_mismatch,0.7001000046730042
1017512790299,A类母婴全棉纯色床上四件套阳离子简约纯棉床单笠被罩跨境外贸三4,"Bộ chăn ga gối đệm chất liệu cotton 100%, loại cao cấp, màu trơn, dành cho mẹ và bé, với thiết kế đơn giản, chất liệu cotton nguyên chất, phù hợp để bán trên các nền tảng thương mại điện tử xuyên biên giới.",A类母婴全棉纯色床上四件套阳离子简约纯棉床单笠被罩跨境外贸三4,"Bộ chăn ga gối đệm chất liệu cotton 100%, loại cao cấp, màu trơn, dành cho mẹ và bé, với thiết kế đơn giản, chất liệu cotton nguyên chất, phù hợp để bán trên các nền tảng thương mại điện tử xuyên biên giới",num_mismatch;info_stuffing:chất,0.6370999813079834
1034477737329,A类母婴级泡芙双层纱床上四件套纯棉全棉床单被套学生宿舍三件套4,"Bộ chăn ga gối làm từ vải gạc hai lớp, chất lượng cao, an toàn cho trẻ sơ sinh, bao gồm một bộ gồm bốn món với ga trải giường và vỏ chăn làm từ 100% cotton, và một bộ ba món phù hợp cho ký túc xá sinh viên.",A类母婴级泡芙双层纱床上四件套纯棉全棉床单被套学生宿舍三件套4,"Bộ chăn ga gối làm từ vải gạc hai lớp, chất lượng cao, an toàn cho trẻ sơ sinh, bao gồm một bộ gồm bốn món với ga trải giường và vỏ chăn làm từ 100% cotton, và một bộ ba món phù hợp cho ký túc xá sinh viên",num_mismatch,0.6830999851226807
1073845353107,A类母婴小可爱纯棉床上四件套全棉抗菌床单被套罩床笠宿舍三4件套,"Bộ chăn ga gối cotton nguyên chất cao cấp dành cho trẻ sơ sinh và trẻ nhỏ, bao gồm ga trải giường cotton nguyên chất, kháng khuẩn, vỏ chăn và ga bọc đệm, thích hợp cho ký túc xá, có bộ 3 món hoặc 4 món.",A类母婴小可爱纯棉床上四件套全棉抗菌床单被套罩床笠宿舍三4件套,"Bộ chăn ga gối cotton nguyên chất cao cấp dành cho trẻ sơ sinh và trẻ nhỏ, bao gồm ga trải giường cotton nguyên chất, kháng khuẩn, vỏ chăn và ga bọc đệm, thích hợp cho ký túc xá, có bộ 3 món hoặc 4 món",num_mismatch,0.6617000102996826
1078719344832,全棉床上四件套纯棉2026新款床单床笠被套学生宿舍三件套床上用品,"Bộ chăn ga gối 4 món 100% cotton, mẫu mới 2026, ga trải giường, ga bọc đệm, vỏ chăn, bộ 3 món cho ký túc xá sinh viên, đồ dùng giường ngủ.",全棉床上四件套纯棉2026新款床单床笠被套学生宿舍三件套床上用品,"Bộ chăn ga gối 4 món 100% cotton, mẫu mới 2026, ga trải giường, ga bọc đệm, vỏ chăn, bộ 3 món cho ký túc xá sinh viên, đồ dùng giường ngủ",num_mismatch,0.7278000116348267
1058904329881,A类100支长绒棉全棉提花被套被罩2026新款防螨纯棉床单笠四件套,"Bộ 4 món ga trải giường và vỏ chăn jacquard 100% cotton sợi dài loại A, 100 sợi, mẫu mới 2026, chống mạt bụi, ga trải giường cotton nguyên chất.",A类100支长绒棉全棉提花被套被罩2026新款防螨纯棉床单笠四件套,"Bộ 4 món ga trải giường và vỏ chăn jacquard 100% cotton sợi dài loại A, 100 sợi, mẫu mới 2026, chống mạt bụi, ga trải giường cotton nguyên chất",num_mismatch,0.676800012588501
845837748939,100支高级感长绒棉贡缎提花全棉四件套纯棉a类被套床单床上用品4,"Bộ chăn ga gối đệm cotton cao cấp 100 sợi, chất liệu satin jacquard, 100% cotton, 4 món, loại A, gồm vỏ chăn, ga trải giường",100支高级感长绒棉贡缎提花全棉四件套纯棉a类被套床单床上用品4,"Bộ chăn ga gối đệm cotton cao cấp 100 sợi, chất liệu satin jacquard, 100% cotton, 4 món, loại A, gồm vỏ chăn, ga trải giường",num_mismatch,0.683899998664856
1007487765513,全棉床上四件套a类母婴级单件被套纯棉被罩冬天磨毛加厚款三件套,"Bộ chăn ga gối 4 món cotton 100% loại A dành cho mẹ và bé, vỏ chăn cotton nguyên chất, mẫu dày dặn chải lông mùa đông, bộ 3 món.",全棉床上四件套a类母婴级单件被套纯棉被罩冬天磨毛加厚款三件套,"Bộ chăn ga gối 4 món cotton 100% loại A dành cho mẹ và bé, vỏ chăn cotton nguyên chất, mẫu dày dặn chải lông mùa đông, bộ 3 món",num_mismatch,0.6863999962806702
1080528532078,全棉床上四件套100纯棉床单被套学生宿舍单人被罩三件套4床上用品,"Bộ chăn ga gối đệm bốn món làm hoàn toàn từ vải cotton, gồm ga trải giường và vỏ chăn 100% cotton nguyên chất, phù hợp cho ký túc xá sinh viên, bộ vỏ chăn đơn, bộ chăn ga gối đệm ba món dành cho giường bốn người.",全棉床上四件套100纯棉床单被套学生宿舍单人被罩三件套4床上用品,"Bộ chăn ga gối đệm bốn món làm hoàn toàn từ vải cotton, gồm ga trải giường và vỏ chăn 100% cotton nguyên chất, phù hợp cho ký túc xá sinh viên, bộ vỏ chăn đơn, bộ chăn ga gối đệm ba món dành cho giường bốn người",num_mismatch;info_stuffing:chăn,0.715399980545044
1074706487897,母婴级A类全棉小清新超柔软床上四件套纯棉床单笠被罩学生宿舍三4,"Bộ chăn ga gối 4 món 100% cotton siêu mềm mại, phong cách nhẹ nhàng, chất lượng A chuẩn an toàn cho mẹ và bé, ga trải giường, vỏ chăn, vỏ gối, dùng cho ký túc xá sinh viên.",母婴级A类全棉小清新超柔软床上四件套纯棉床单笠被罩学生宿舍三4,"Bộ chăn ga gối 4 món 100% cotton siêu mềm mại, phong cách nhẹ nhàng, chất lượng A chuẩn an toàn cho mẹ và bé, ga trải giường, vỏ chăn, vỏ gối, dùng cho ký túc xá sinh viên",num_mismatch,0.7024000287055969
1063237629250,批发高中大学生宿舍床上三件套床笠款被套床单四件套拎包入住床品,"Bán sỉ bộ chăn ga gối đệm ký túc xá sinh viên cấp 3 và đại học, bộ 3 món trên giường, bộ 4 món ga bọc nệm, vỏ chăn, ga trải giường, đồ dùng giường ngủ tiện lợi mang theo khi nhập học.",批发高中大学生宿舍床上三件套床笠款被套床单四件套拎包入住床品,"Bán sỉ bộ chăn ga gối đệm ký túc xá sinh viên cấp 3 và đại học, bộ 3 món trên giường, bộ 4 món ga bọc nệm, vỏ chăn, ga trải giường, đồ dùng giường ngủ tiện lợi mang theo khi nhập học",num_mismatch;info_stuffing:giường,0.7148000001907349
1044480215302,A类母婴级全棉双层纱四件套纯棉被套被罩单件学生宿舍床上三件套4,"Bộ bốn món chất liệu vải thô hai lớp, 100% cotton loại A, vỏ chăn cotton nguyên chất, một chiếc, phù hợp cho ký túc xá sinh viên, bộ chăn ga gối ba món.",A类母婴级全棉双层纱四件套纯棉被套被罩单件学生宿舍床上三件套4,"Bộ bốn món chất liệu vải thô hai lớp, 100% cotton loại A, vỏ chăn cotton nguyên chất, một chiếc, phù hợp cho ký túc xá sinh viên, bộ chăn ga gối ba món",num_mismatch,0.7304999828338623
1078529289079,四件套纯棉宿舍卡通套件学生床品三件套礼品全棉被套批发可定制,"Bộ chăn ga gối 4 món cotton nguyên chất, họa tiết hoạt hình, dành cho ký túc xá sinh viên, bộ 3 món, quà tặng, vỏ chăn 100% cotton, bán sỉ, có thể tùy chỉnh.",四件套纯棉宿舍卡通套件学生床品三件套礼品全棉被套批发可定制,"Bộ chăn ga gối 4 món cotton nguyên chất, họa tiết hoạt hình, dành cho ký túc xá sinh viên, bộ 3 món, quà tặng, vỏ chăn 100% cotton, bán sỉ, có thể tùy chỉnh",num_mismatch,0.7099000215530396
1048042684455,a类轻奢风提花水洗棉四件套全棉纯棉质感裸睡床单被套 高级感床品,"Bộ chăn ga gối 4 món cotton giặt dệt jacquard phong cách sang trọng nhẹ nhàng loại A, 100% cotton nguyên chất, chất liệu mềm mại như ngủ trần, mang lại cảm giác cao cấp.",a类轻奢风提花水洗棉四件套全棉纯棉质感裸睡床单被套 高级感床品,"Bộ chăn ga gối 4 món cotton giặt dệt jacquard phong cách sang trọng nhẹ nhàng loại A, 100% cotton nguyên chất, chất liệu mềm mại như ngủ trần, mang lại cảm giác cao cấp",num_mismatch,0.6758999824523926
1001700602068,A类母婴级四件套纯棉全棉双层纱床上床单被套新款宿舍床笠三4件套,Loại A Bộ bốn món dành cho bà mẹ và trẻ sơ sinh Bộ ga trải giường và vỏ chăn bằng sợi cotton nguyên chất hai lớp Bộ ga trải giường ký túc xá mới Bộ ba mảnh,A类母婴级四件套纯棉全棉双层纱床上床单被套新款宿舍床笠三4件套,Loại A Bộ bốn món dành cho bà mẹ và trẻ sơ sinh Bộ ga trải giường và vỏ chăn bằng sợi cotton nguyên chất hai lớp Bộ ga trải giường ký túc xá mới Bộ ba mảnh,num_mismatch,0.7470999956130981
1080261223898,轻奢全棉提花四件套60支纯棉亲肤透气裸睡高级感床上用品床单被套,"Bộ chăn ga gối 4 món cotton 100% dệt jacquard cao cấp, sợi 60, mềm mại thân thiện với da, thoáng khí, thích hợp ngủ trần, mang lại cảm giác sang trọng.",轻奢全棉提花四件套60支纯棉亲肤透气裸睡高级感床上用品床单被套,"Bộ chăn ga gối 4 món cotton 100% dệt jacquard cao cấp, sợi 60, mềm mại thân thiện với da, thoáng khí, thích hợp ngủ trần, mang lại cảm giác sang trọng",num_mismatch,0.6790000200271606
1043528750478,全棉提花床上四件套纯棉2026新款高级感床品床单被套罩床笠三件套,"Bộ chăn ga gối 4 món 100% cotton dệt jacquard, mẫu mới 2026, bộ chăn ga gối cao cấp, ga trải giường, vỏ chăn, ga bọc đệm, bộ 3 món.",全棉提花床上四件套纯棉2026新款高级感床品床单被套罩床笠三件套,"Bộ chăn ga gối 4 món 100% cotton dệt jacquard, mẫu mới 2026, bộ chăn ga gối cao cấp, ga trải giường, vỏ chăn, ga bọc đệm, bộ 3 món",num_mismatch;info_stuffing:chăn,0.6492999792098999
1043807142470,120支全棉四件套100纯棉新疆长绒棉被套轻奢高级感套件家纺床笠款,"Bộ chăn ga gối 4 món 100% cotton sợi 120, 100% cotton nguyên chất, cotton sợi dài Tân Cương, vỏ chăn phong cách sang trọng cao cấp, ga trải giường kiểu chun.",120支全棉四件套100纯棉新疆长绒棉被套轻奢高级感套件家纺床笠款,"Bộ chăn ga gối 4 món 100% cotton sợi 120, 100% cotton nguyên chất, cotton sợi dài Tân Cương, vỏ chăn phong cách sang trọng cao cấp, ga trải giường kiểu chun",num_mismatch;info_stuffing:cotton,0.6536999940872192
962320669041,高级感轻奢四件套学生宿舍三件套100水洗棉60s被套床单床笠款床品,"Bộ chăn ga gối cao cấp 4 món dành cho ký túc xá sinh viên, bộ 3 món, chất liệu cotton 100% đã qua xử lý, vỏ chăn, ga trải giường, ga bọc đệm.",高级感轻奢四件套学生宿舍三件套100水洗棉60s被套床单床笠款床品,"Bộ chăn ga gối cao cấp 4 món dành cho ký túc xá sinh viên, bộ 3 món, chất liệu cotton 100% đã qua xử lý, vỏ chăn, ga trải giường, ga bọc đệm",num_mismatch,0.6570000052452087
1009774625717,纯棉四件套全棉床上用品2026新款清新碎花被套宿舍床单三件套四季,"Bộ chăn ga gối 100% cotton, bộ 4 món, mẫu mới 2026, họa tiết hoa nhí tươi mát, vỏ chăn, ga trải giường ký túc xá, bộ 3 món, dùng được bốn mùa.",纯棉四件套全棉床上用品2026新款清新碎花被套宿舍床单三件套四季,"Bộ chăn ga gối 100% cotton, bộ 4 món, mẫu mới 2026, họa tiết hoa nhí tươi mát, vỏ chăn, ga trải giường ký túc xá, bộ 3 món, dùng được bốn mùa",num_mismatch,0.7027999758720398
915179750545,高端100支全棉长绒棉四件套四季通用纯棉印花被套罩床单床上用品,Bộ chăn bông bốn mảnh 100% cotton dài 100% cotton bốn mùa cao cấp,高端100支全棉长绒棉四件套四季通用纯棉印花被套罩床单床上用品,Bộ chăn bông bốn mảnh 100% cotton dài 100% cotton bốn mùa cao cấp,num_mismatch,0.6983000040054321
1063549343053,高级感100全棉纯棉四件套60支长绒棉厚织提花被套主卧室家用床品4,"Bộ chăn ga gối 4 món 100% cotton nguyên chất, 100% cotton sợi dài 60s, dệt dày dặn, họa tiết jacquard, vỏ chăn cao cấp, dùng cho phòng ngủ chính gia đình.",高级感100全棉纯棉四件套60支长绒棉厚织提花被套主卧室家用床品4,"Bộ chăn ga gối 4 món 100% cotton nguyên chất, 100% cotton sợi dài 60s, dệt dày dặn, họa tiết jacquard, vỏ chăn cao cấp, dùng cho phòng ngủ chính gia đình",num_mismatch,0.7070000171661377
779684462722,ins纯棉四件套加厚磨毛小清新全棉床单被套床笠款学生宿舍三件套4,"Bộ chăn ga gối cotton nguyên chất INS, cotton chải sợi dày dặn, phong cách tươi mới, ga trải giường 100% cotton, vỏ chăn, ga trải giường có chun, bộ ba món ký túc xá sinh viên 4 món.",ins纯棉四件套加厚磨毛小清新全棉床单被套床笠款学生宿舍三件套4,"Bộ chăn ga gối cotton nguyên chất INS, cotton chải sợi dày dặn, phong cách tươi mới, ga trải giường 100% cotton, vỏ chăn, ga trải giường có chun, bộ ba món ký túc xá sinh viên 4 món",num_mismatch;info_stuffing:cotton,0.7103999853134155
1040627222624,A类赫本全棉四件套纯棉被套床单被罩床笠床上用品学生宿舍三件套4,"Bộ chăn ga gối 4 món 100% cotton phong cách Hepburn loại A, vỏ chăn, ga trải giường, vỏ chăn, ga chun, đồ dùng giường ngủ, bộ 3 món cho ký túc xá sinh viên 4",A类赫本全棉四件套纯棉被套床单被罩床笠床上用品学生宿舍三件套4,"Bộ chăn ga gối 4 món 100% cotton phong cách Hepburn loại A, vỏ chăn, ga trải giường, vỏ chăn, ga chun, đồ dùng giường ngủ, bộ 3 món cho ký túc xá sinh viên 4",num_mismatch;info_stuffing:chăn,0.7193999886512756
1082051582164,加厚高克重牛奶绒四件套冬季双面绒单被套法莱绒保暖三四件套床裙,"Bộ chăn ga gối 4 món nhung sữa dày dặn, trọng lượng cao, dùng cho mùa đông, vỏ chăn đơn nhung hai mặt, vải flannel giữ ấm, bộ 3-4 món, kèm váy giường.",加厚高克重牛奶绒四件套冬季双面绒单被套法莱绒保暖三四件套床裙,"Bộ chăn ga gối 4 món nhung sữa dày dặn, trọng lượng cao, dùng cho mùa đông, vỏ chăn đơn nhung hai mặt, vải flannel giữ ấm, bộ 3-4 món, kèm váy giường",num_mismatch,0.675599992275238
1077719122033,优质亲肤被套单件被罩单双人宿舍床单1.1/1.5/1.8/2米三四件套,Bộ vỏ chăn và ga trải giường đơn chất lượng cao thân thiện với da dành cho giường đơn hoặc giường đôi ký túc xá 1.1/1.5/1.8/ 2.34m bộ,优质亲肤被套单件被罩单双人宿舍床单1.1/1.5/1.8/2米三四件套,Bộ vỏ chăn và ga trải giường đơn chất lượng cao thân thiện với da dành cho giường đơn hoặc giường đôi ký túc xá 1.1/1.5/1.8/ 2.34 m bộ,num_mismatch;info_stuffing:giường,0.7422999739646912
1047846553177,床品四件套纯棉全棉四季通用轻奢高级感主卧室宿舍床上三件套床笠,"Bộ chăn ga gối đệm 4 món 100% cotton nguyên chất, dùng được bốn mùa, phong cách sang trọng nhẹ nhàng, cao cấp, phù hợp cho phòng ngủ chính và ký túc xá, bộ 3 món ga chun.",床品四件套纯棉全棉四季通用轻奢高级感主卧室宿舍床上三件套床笠,"Bộ chăn ga gối đệm 4 món 100% cotton nguyên chất, dùng được bốn mùa, phong cách sang trọng nhẹ nhàng, cao cấp, phù hợp cho phòng ngủ chính và ký túc xá, bộ 3 món ga chun",num_mismatch,0.7064999938011169
1019639338157,A类四件套古法水洗棉小清新印花四件套单被套新款学生宿舍三件套,"Bộ chăn ga gối 4 món cotton giặt cổ truyền loại A, họa tiết in phong cách nhẹ nhàng, vỏ chăn đơn, mẫu mới, bộ 3 món cho ký túc xá sinh viên.",A类四件套古法水洗棉小清新印花四件套单被套新款学生宿舍三件套,"Bộ chăn ga gối 4 món cotton giặt cổ truyền loại A, họa tiết in phong cách nhẹ nhàng, vỏ chăn đơn, mẫu mới, bộ 3 món cho ký túc xá sinh viên",num_mismatch,0.7519999742507935
957713029943,a类母婴级四件套水洗棉全棉被套被罩纯棉床单床笠罩枕套床上用品4,"Bộ chăn ga gối 4 món cotton giặt được 100% cotton chuẩn A dành cho mẹ và bé, bao gồm vỏ chăn, ga trải giường, ga bọc đệm, vỏ gối, đồ dùng giường ngủ 4",a类母婴级四件套水洗棉全棉被套被罩纯棉床单床笠罩枕套床上用品4,"Bộ chăn ga gối 4 món cotton giặt được 100% cotton chuẩn A dành cho mẹ và bé, bao gồm vỏ chăn, ga trải giường, ga bọc đệm, vỏ gối, đồ dùng giường ngủ 4",num_mismatch,0.6966000199317932
1075035289874,A类100新疆长绒棉四件套轻奢立体提花全棉纯棉床单被套床笠三件套,"Bộ chăn ga gối 4 món cotton sợi dài Tân Cương 100% loại A, phong cách sang trọng nhẹ nhàng, dệt jacquard nổi 3D, 100% cotton nguyên chất, bao gồm ga trải giường, vỏ chăn, ga chun, hoặc bộ 3 món.",A类100新疆长绒棉四件套轻奢立体提花全棉纯棉床单被套床笠三件套,"Bộ chăn ga gối 4 món cotton sợi dài Tân Cương 100% loại A, phong cách sang trọng nhẹ nhàng, dệt jacquard nổi 3D, 100% cotton nguyên chất, bao gồm ga trải giường, vỏ chăn, ga chun, hoặc bộ 3 món",num_mismatch,0.6549000144004822
1002500051122,ins床品四件套纯棉全棉贝壳边新款床单被套床笠宿舍三件套四季款,"Bộ chăn ga gối 4 món phong cách ins, 100% cotton, viền vỏ sò, mẫu mới, bao gồm ga trải giường, vỏ chăn, ga chun, bộ 3 món cho ký túc xá, dùng được bốn mùa.",ins床品四件套纯棉全棉贝壳边新款床单被套床笠宿舍三件套四季款,"Bộ chăn ga gối 4 món phong cách ins, 100% cotton, viền vỏ sò, mẫu mới, bao gồm ga trải giường, vỏ chăn, ga chun, bộ 3 món cho ký túc xá, dùng được bốn mùa",num_mismatch,0.6758999824523926
905320890575,A类法式四件套全棉纯棉花边碎花被套小清新100棉床单床笠床上用品,Bộ 4 món kiểu Pháp loại A 100% cotton 100% cotton viền hoa nhỏ tươi 100 ga trải giường ga trải giường bộ đồ giường,A类法式四件套全棉纯棉花边碎花被套小清新100棉床单床笠床上用品,Bộ 4 món kiểu Pháp loại A 100% cotton 100% cotton viền hoa nhỏ tươi 100 ga trải giường ga trải giường bộ đồ giường,num_mismatch;info_stuffing:100,0.7657999992370605
669434526100,高级感母婴级100四件套简约长绒棉轻奢纯棉全棉被套床单床笠酒店,"Bộ bốn món cao cấp dành cho mẹ và bé, chất liệu cotton sợi dài đơn giản, vỏ chăn, ga trải giường, ga trải giường bằng cotton nguyên chất nhẹ nhàng sang trọng, dùng cho khách sạn.",高级感母婴级100四件套简约长绒棉轻奢纯棉全棉被套床单床笠酒店,"Bộ bốn món cao cấp dành cho mẹ và bé, chất liệu cotton sợi dài đơn giản, vỏ chăn, ga trải giường, ga trải giường bằng cotton nguyên chất nhẹ nhàng sang trọng, dùng cho khách sạn",num_mismatch,0.7161999940872192
1010743018858,小清新A类纯棉云感双层纱四件套宿舍全棉木棉床上三件套床单被套4,"Bộ chăn ga gối 4 món phong cách nhẹ nhàng, chất liệu cotton nguyên chất loại A, vải xô hai lớp mềm mại như mây, dùng cho ký túc xá, bộ 3 món chăn ga gối cotton 100% (gồm ga trải giường và vỏ chăn)",小清新A类纯棉云感双层纱四件套宿舍全棉木棉床上三件套床单被套4,"Bộ chăn ga gối 4 món phong cách nhẹ nhàng, chất liệu cotton nguyên chất loại A, vải xô hai lớp mềm mại như mây, dùng cho ký túc xá, bộ 3 món chăn ga gối cotton 100% (gồm ga trải giường và vỏ chăn)",num_mismatch;info_stuffing:chăn,0.7117000222206116
1071389596493,A类裸睡全棉床上四件套简约无印格子纯棉被套床单笠宿舍三件套批,"Bộ chăn ga gối 4 món cotton 100% loại A, thiết kế tối giản, không logo, họa tiết kẻ caro, vỏ chăn, ga trải giường, ga bọc gối, bộ 3 món ký túc xá, bán sỉ.",A类裸睡全棉床上四件套简约无印格子纯棉被套床单笠宿舍三件套批,"Bộ chăn ga gối 4 món cotton 100% loại A, thiết kế tối giản, không logo, họa tiết kẻ caro, vỏ chăn, ga trải giường, ga bọc gối, bộ 3 món ký túc xá, bán sỉ",num_mismatch,0.7003999948501587
779789338065,婚庆四件套大红色结婚刺绣被套新婚床品婚房婚被六八件套床上用品,"Bộ chăn ga gối cưới màu đỏ tươi, gồm 4 món, có thêu, bộ đồ giường cưới mới, chăn ga phòng cưới, bộ đồ giường 6-8 món.",婚庆四件套大红色结婚刺绣被套新婚床品婚房婚被六八件套床上用品,"Bộ chăn ga gối cưới màu đỏ tươi, gồm 4 món, có thêu, bộ đồ giường cưới mới, chăn ga phòng cưới, bộ đồ giường 6-8 món",num_mismatch;info_stuffing:cưới,0.6847000122070312
1056695946438,A类母婴级全棉双层纱四件套纯棉被套被罩单件学生宿舍床上三件套4,"Bộ 4 món chăn ga gối vải xô hai lớp 100% cotton chuẩn A dành cho mẹ và bé, vỏ chăn cotton nguyên chất, bộ 3 món ga trải giường ký túc xá sinh viên 4",A类母婴级全棉双层纱四件套纯棉被套被罩单件学生宿舍床上三件套4,"Bộ 4 món chăn ga gối vải xô hai lớp 100% cotton chuẩn A dành cho mẹ và bé, vỏ chăn cotton nguyên chất, bộ 3 món ga trải giường ký túc xá sinh viên 4",num_mismatch,0.7617999911308289
1010749760261,高端A类纯棉四件套轻奢刺绣被套主卧室高级感全棉四件套1.51.82米,"Bộ chăn ga gối 4 món cotton nguyên chất cao cấp loại A, vỏ chăn thêu họa tiết sang trọng nhẹ nhàng, mang lại vẻ cao cấp cho phòng ngủ chính, bộ 4 món 100% cotton 1. 51.82m",高端A类纯棉四件套轻奢刺绣被套主卧室高级感全棉四件套1.51.82米,"Bộ chăn ga gối 4 món cotton nguyên chất cao cấp loại A, vỏ chăn thêu họa tiết sang trọng nhẹ nhàng, mang lại vẻ cao cấp cho phòng ngủ chính, bộ 4 món 100% cotton 1. 51.82 m",num_mismatch,0.7534000277519226
978955249522,冬季珊瑚绒被套单件冬天加绒双面毛绒牛奶绒四件套单人被罩加厚,Mùa Đông Nhung San Hô Vỏ Chăn Đơn Mùa Đông Lông Cừu 2 Mặt Sang Trọng Nhung Sữa 4 Bộ Đơn Vỏ Chăn dày,冬季珊瑚绒被套单件冬天加绒双面毛绒牛奶绒四件套单人被罩加厚,Mùa Đông Nhung San Hô Vỏ Chăn Đơn Mùa Đông Lông Cừu 2 Mặt Sang Trọng Nhung Sữa 4 Bộ Đơn Vỏ Chăn dày,num_mismatch,0.59579998254776
1075301247551,磨毛床上四件套秋冬加厚保暖棉混纺被套床品三件套2026新款,"Bộ chăn ga gối bốn món chất liệu cotton chải, phù hợp cho mùa thu và đông, dày dặn và giữ ấm tốt, vỏ chăn làm từ 100% cotton, bộ chăn ga gối ba món, mẫu mới năm 2026.",磨毛床上四件套秋冬加厚保暖棉混纺被套床品三件套2026新款,"Bộ chăn ga gối bốn món chất liệu cotton chải, phù hợp cho mùa thu và đông, dày dặn và giữ ấm tốt, vỏ chăn làm từ 100% cotton, bộ chăn ga gối ba món, mẫu mới năm 2026",num_mismatch;info_stuffing:chăn,0.6463000178337097
942731426469,高端款全棉60S长绒棉婚庆四件套大红色纯棉刺绣结婚新婚喜被套件,"Bộ ga gối cưới cao cấp 100% cotton sợi dài 60S màu đỏ tươi, thêu ren cotton nguyên chất dành cho cặp đôi mới cưới.",高端款全棉60S长绒棉婚庆四件套大红色纯棉刺绣结婚新婚喜被套件,"Bộ ga gối cưới cao cấp 100% cotton sợi dài 60S màu đỏ tươi, thêu ren cotton nguyên chất dành cho cặp đôi mới cưới",num_mismatch,0.6872000098228455
1075784266053,轻奢高级100%新疆长绒棉床上四件套全棉纯棉母婴花卉高端刺绣被套,"Bộ chăn ga gối 4 món 100% cotton sợi dài Tân Cương cao cấp, phong cách sang trọng nhẹ nhàng, 100% cotton nguyên chất, họa tiết hoa, thêu cao cấp, dành cho mẹ và bé.",轻奢高级100%新疆长绒棉床上四件套全棉纯棉母婴花卉高端刺绣被套,"Bộ chăn ga gối 4 món 100% cotton sợi dài Tân Cương cao cấp, phong cách sang trọng nhẹ nhàng, 100% cotton nguyên chất, họa tiết hoa, thêu cao cấp, dành cho mẹ và bé",num_mismatch,0.6575000286102295
1017934001660,全棉小清新床上四件套裸睡亲肤纯水洗棉床单笠被罩学生宿舍三件套,"Bộ chăn ga gối 4 món cotton 100% phong cách nhẹ nhàng, thân thiện với da, có thể ngủ trần, ga trải giường và vỏ chăn cotton giặt nước tinh khiết, bộ 3 món cho ký túc xá sinh viên.",全棉小清新床上四件套裸睡亲肤纯水洗棉床单笠被罩学生宿舍三件套,"Bộ chăn ga gối 4 món cotton 100% phong cách nhẹ nhàng, thân thiện với da, có thể ngủ trần, ga trải giường và vỏ chăn cotton giặt nước tinh khiết, bộ 3 món cho ký túc xá sinh viên",num_mismatch,0.744700014591217
1000005807757,小清新床上用品单被套学生宿舍三件套被单4件套磨毛水洗棉四件套,"Bộ chăn ga gối đệm đơn giản và tươi mới: Vỏ chăn đơn, Bộ ba món ký túc xá sinh viên, Bộ bốn món, Bộ bốn món cotton chải kỹ.",小清新床上用品单被套学生宿舍三件套被单4件套磨毛水洗棉四件套,"Bộ chăn ga gối đệm đơn giản và tươi mới: Vỏ chăn đơn, Bộ ba món ký túc xá sinh viên, Bộ bốn món, Bộ bốn món cotton chải kỹ",num_mismatch;info_stuffing:món,0.6973000168800354
978396955247,厂家直销100支全棉纯色四件套简约色床上用品四件套四季可用批发,"Bán buôn trực tiếp từ nhà máy bộ chăn ga gối cotton nguyên chất 100% màu trơn 4 món, bộ chăn ga gối màu đơn giản, phù hợp mọi mùa, có bán sỉ.",厂家直销100支全棉纯色四件套简约色床上用品四件套四季可用批发,"Bán buôn trực tiếp từ nhà máy bộ chăn ga gối cotton nguyên chất 100% màu trơn 4 món, bộ chăn ga gối màu đơn giản, phù hợp mọi mùa, có bán sỉ",num_mismatch,0.7512000203132629
1082777781984,小清新全棉床上四件套纯棉2026新款床品宿舍床单被套三件套四季用,"Bộ chăn ga gối 4 món cotton 100% phong cách nhẹ nhàng, mẫu mới 2026, bộ 3 món ga trải giường và vỏ chăn dùng cho ký túc xá, dùng được bốn mùa.",小清新全棉床上四件套纯棉2026新款床品宿舍床单被套三件套四季用,"Bộ chăn ga gối 4 món cotton 100% phong cách nhẹ nhàng, mẫu mới 2026, bộ 3 món ga trải giường và vỏ chăn dùng cho ký túc xá, dùng được bốn mùa",num_mismatch,0.7401000261306763
1079043734756,ins风床上用品四件套水洗棉纯棉被套罩全棉床单笠学生宿舍三件套,"Bộ chăn ga gối 4 món phong cách ins, cotton giặt, vỏ chăn 100% cotton, ga trải giường 100% cotton, bộ 3 món cho ký túc xá sinh viên.",ins风床上用品四件套水洗棉纯棉被套罩全棉床单笠学生宿舍三件套,"Bộ chăn ga gối 4 món phong cách ins, cotton giặt, vỏ chăn 100% cotton, ga trải giường 100% cotton, bộ 3 món cho ký túc xá sinh viên",num_mismatch;info_stuffing:cotton,0.7279000282287598
1075527038196,A类床上四件套纯棉全棉60支母婴级双层纱ins床单被套罩宿舍三件套,"Bộ chăn ga gối 4 món loại A, 100% cotton sợi 60, vải xô hai lớp chuẩn an toàn cho mẹ và bé, ga trải giường, vỏ chăn, vỏ gối phong cách Ins, bộ 3 món cho ký túc xá.",A类床上四件套纯棉全棉60支母婴级双层纱ins床单被套罩宿舍三件套,"Bộ chăn ga gối 4 món loại A, 100% cotton sợi 60, vải xô hai lớp chuẩn an toàn cho mẹ và bé, ga trải giường, vỏ chăn, vỏ gối phong cách Ins, bộ 3 món cho ký túc xá",num_mismatch,0.7547000050544739
1064793838543,双层纱被套单件2026新款单独1.5米四件套单人被罩150x200三件套,"Vỏ chăn vải voan hai lớp, mẫu mới 2026, bán lẻ 1.9m vỏ chăn đơn 150x200, bộ ba món",双层纱被套单件2026新款单独1.5米四件套单人被罩150x200三件套,"Vỏ chăn vải voan hai lớp, mẫu mới 2026, bán lẻ 1.9 m vỏ chăn đơn 150x200, bộ ba món",num_mismatch,0.7342000007629395
894124320950,纯棉四件套全棉床上用品清新碎花被套宿舍床单被罩三件套床笠四季,"Bộ chăn ga gối đệm cotton bốn mảnh 100% cotton, bộ chăn ga gối đệm hoa tươi mát, bộ chăn ga trải giường ba mảnh ga trải giường bốn mùa",纯棉四件套全棉床上用品清新碎花被套宿舍床单被罩三件套床笠四季,"Bộ chăn ga gối đệm cotton bốn mảnh 100% cotton, bộ chăn ga gối đệm hoa tươi mát, bộ chăn ga trải giường ba mảnh ga trải giường bốn mùa",num_mismatch;info_stuffing:chăn,0.7139999866485596
1026578033672,日式四件套全棉水洗棉纯棉条纹床单被套简约极简民宿床笠床上用品,"Bộ chăn ga gối 4 món phong cách Nhật Bản, 100% cotton, cotton giặt, họa tiết kẻ sọc, ga trải giường, vỏ chăn, ga chun, đồ dùng giường ngủ tối giản, dùng cho homestay.",日式四件套全棉水洗棉纯棉条纹床单被套简约极简民宿床笠床上用品,"Bộ chăn ga gối 4 món phong cách Nhật Bản, 100% cotton, cotton giặt, họa tiết kẻ sọc, ga trải giường, vỏ chăn, ga chun, đồ dùng giường ngủ tối giản, dùng cho homestay",num_mismatch,0.6772000193595886
802429578349,A类田园风母婴级双层纱全棉四件套100纯棉床上三件套儿童被套直播,Loại A phong cách mục vụ bà mẹ và trẻ em sợi hai lớp bốn mảnh 100% cotton 100 bộ ba mảnh chăn trẻ em trực tiếp,A类田园风母婴级双层纱全棉四件套100纯棉床上三件套儿童被套直播,Loại A phong cách mục vụ bà mẹ và trẻ em sợi hai lớp bốn mảnh 100% cotton 100 bộ ba mảnh chăn trẻ em trực tiếp,num_mismatch,0.7024999856948853
1026774216147,A类可裸睡泡芙棉纯棉四件套小清新贝壳边全棉床上三件套床单被套a,"Bộ chăn ga gối cotton 100% loại A, mềm mại như bông xốp, có thể ngủ trần, phong cách nhẹ nhàng, viền vỏ sò, bộ ba món ga trải giường và vỏ chăn.",A类可裸睡泡芙棉纯棉四件套小清新贝壳边全棉床上三件套床单被套a,"Bộ chăn ga gối cotton 100% loại A, mềm mại như bông xốp, có thể ngủ trần, phong cách nhẹ nhàng, viền vỏ sò, bộ ba món ga trải giường và vỏ chăn",num_mismatch,0.6801999807357788
1041048866017,四季四件套全棉纯棉新款加厚被套床单学生宿舍三件套简约亲肤床品,"Bộ chăn ga gối 4 món bốn mùa, 100% cotton nguyên chất, mẫu mới, dày dặn, vỏ chăn và ga trải giường, bộ 3 món cho ký túc xá sinh viên, bộ chăn ga gối đơn giản, thân thiện với da.",四季四件套全棉纯棉新款加厚被套床单学生宿舍三件套简约亲肤床品,"Bộ chăn ga gối 4 món bốn mùa, 100% cotton nguyên chất, mẫu mới, dày dặn, vỏ chăn và ga trải giường, bộ 3 món cho ký túc xá sinh viên, bộ chăn ga gối đơn giản, thân thiện với da",num_mismatch;info_stuffing:chăn,0.7545999884605408
728918473424,欧式贡缎提花四件套床裙款床罩被套1.5m1.8米2m双人床上用品套件,"Bộ chăn ga gối 4 chiếc satin Jacquard phong cách Châu Âu Bộ chăn ga gối 1, 5M1, 8 M 2m giường đôi 2m",欧式贡缎提花四件套床裙款床罩被套1.5m1.8米2m双人床上用品套件,"Bộ chăn ga gối 4 chiếc satin Jacquard phong cách Châu Âu Bộ chăn ga gối 1, 5M1, 8 M 2 m giường đôi 2 m",num_mismatch,0.6521000266075134
950268790557,床上四件套纯棉2025新款床单被套床笠被罩床品三件套,"Bộ chăn ga gối đệm cotton 100% 4 món mới năm 2025, bộ chăn ga gối đệm 3 món",床上四件套纯棉2025新款床单被套床笠被罩床品三件套,"Bộ chăn ga gối đệm cotton 100% 4 món mới năm 2025, bộ chăn ga gối đệm 3 món",num_mismatch,0.6998000144958496
863413853107,床上多件套ins四件套水洗纯棉宿舍床单被套纯色双拼简约床笠三件,"Bộ chăn ga trải giường 4 chiếc Ins bộ chăn ga trải giường ký túc xá bằng vải cotton giặt nhiều mảnh, bộ chăn ga trải giường đơn giản đôi màu trơn",床上多件套ins四件套水洗纯棉宿舍床单被套纯色双拼简约床笠三件,"Bộ chăn ga trải giường 4 chiếc Ins bộ chăn ga trải giường ký túc xá bằng vải cotton giặt nhiều mảnh, bộ chăn ga trải giường đơn giản đôi màu trơn",num_mismatch;info_stuffing:chăn,0.7440000176429749
893382547516,床上四件套夏凉被毛毯被套床单被子摆地摊外贸一件代发现代简约风,"Bộ chăn ga gối đệm 4 món, chăn hè, chăn, vỏ chăn, ga trải giường, chăn, xuất khẩu bán buôn, bán sỉ trực tuyến, phong cách tối giản hiện đại.",床上四件套夏凉被毛毯被套床单被子摆地摊外贸一件代发现代简约风,"Bộ chăn ga gối đệm 4 món, chăn hè, chăn, vỏ chăn, ga trải giường, chăn, xuất khẩu bán buôn, bán sỉ trực tuyến, phong cách tối giản hiện đại",num_mismatch;info_stuffing:chăn,0.6477000117301941
1024151002004,100Pro轻奢高级全棉床上磨毛四件套纯棉加厚床单被套三件套床品,"Bộ chăn ga gối đệm cao cấp 100Pro, chất liệu 100% cotton, được chải kỹ, gồm bốn món; bộ ba món gồm ga trải giường và vỏ chăn, chất liệu cotton nguyên chất, dày dặn.",100Pro轻奢高级全棉床上磨毛四件套纯棉加厚床单被套三件套床品,"Bộ chăn ga gối đệm cao cấp 100Pro, chất liệu 100% cotton, được chải kỹ, gồm bốn món; bộ ba món gồm ga trải giường và vỏ chăn, chất liệu cotton nguyên chất, dày dặn",num_mismatch;info_stuffing:chất,0.7311000227928162
956630154771,A类全棉色织水洗棉四件套日式无印风纯棉床单床笠款裸睡床品套件,"Bộ chăn ga gối 4 món cotton 100% loại A, dệt nhuộm sợi, cotton giặt, phong cách Muji Nhật Bản, ga trải giường và ga bọc nệm cotton nguyên chất, bộ chăn ga gối thoải mái khi ngủ trần.",A类全棉色织水洗棉四件套日式无印风纯棉床单床笠款裸睡床品套件,"Bộ chăn ga gối 4 món cotton 100% loại A, dệt nhuộm sợi, cotton giặt, phong cách Muji Nhật Bản, ga trải giường và ga bọc nệm cotton nguyên chất, bộ chăn ga gối thoải mái khi ngủ trần",num_mismatch;info_stuffing:cotton,0.66839998960495
1076351995266,轻奢全棉60S长绒棉磨毛四件套加厚高级感宽边被套纯棉床上用品,"Bộ chăn ga gối 4 món cotton 100% sợi dài 60S chải lông, phong cách sang trọng nhẹ nhàng, dày dặn, cao cấp, vỏ chăn viền rộng, đồ dùng giường ngủ cotton nguyên chất.",轻奢全棉60S长绒棉磨毛四件套加厚高级感宽边被套纯棉床上用品,"Bộ chăn ga gối 4 món cotton 100% sợi dài 60S chải lông, phong cách sang trọng nhẹ nhàng, dày dặn, cao cấp, vỏ chăn viền rộng, đồ dùng giường ngủ cotton nguyên chất",num_mismatch,0.6891999840736389
1064386344238,纯棉大学生宿舍单人寝室床三件套床上用品全棉床单被套四件套,"Bộ chăn ga gối đệm 3 món/4 món 100% cotton cho giường đơn ký túc xá sinh viên, ga trải giường và vỏ chăn 100% cotton.",纯棉大学生宿舍单人寝室床三件套床上用品全棉床单被套四件套,"Bộ chăn ga gối đệm 3 món/4 món 100% cotton cho giường đơn ký túc xá sinh viên, ga trải giường và vỏ chăn 100% cotton",num_mismatch,0.7508000135421753
1078829002704,秋冬100S高支色织提花全棉床上四件套轻奢高级感纯棉床单被套床笠,"Bộ chăn ga gối 4 món cotton 100% dệt sợi cao cấp 100S, dệt jacquard nhuộm sợi, phong cách sang trọng nhẹ nhàng, cao cấp, ga trải giường, vỏ chăn, ga bọc nệm.",秋冬100S高支色织提花全棉床上四件套轻奢高级感纯棉床单被套床笠,"Bộ chăn ga gối 4 món cotton 100% dệt sợi cao cấp 100S, dệt jacquard nhuộm sợi, phong cách sang trọng nhẹ nhàng, cao cấp, ga trải giường, vỏ chăn, ga bọc nệm",num_mismatch,0.6840000152587891
976360107185,全棉床上四件套纯棉2026新款家用床单被套床笠四季宿舍床品三件套,"Bộ chăn ga gối cotton nguyên chất 4 món, mẫu mới 2026, ga trải giường gia đình, vỏ chăn, ga trải giường có chun, bộ chăn ga gối ký túc xá 4 mùa 3 món.",全棉床上四件套纯棉2026新款家用床单被套床笠四季宿舍床品三件套,"Bộ chăn ga gối cotton nguyên chất 4 món, mẫu mới 2026, ga trải giường gia đình, vỏ chăn, ga trải giường có chun, bộ chăn ga gối ký túc xá 4 mùa 3 món",num_mismatch;info_stuffing:chăn,0.7003999948501587
1080897896768,母婴级A类全棉无印条纹风简约四件套阳离子嵌绳纯棉床单宿舍三件4,"Bộ chăn ga gối 4 món cotton nguyên chất chuẩn A cấp mẹ và bé, phong cách tối giản kẻ sọc, không logo, ga trải giường cotton nguyên chất dệt kim ion cation, bộ 3 món ký túc xá.",母婴级A类全棉无印条纹风简约四件套阳离子嵌绳纯棉床单宿舍三件4,"Bộ chăn ga gối 4 món cotton nguyên chất chuẩn A cấp mẹ và bé, phong cách tối giản kẻ sọc, không logo, ga trải giường cotton nguyên chất dệt kim ion cation, bộ 3 món ký túc xá",num_mismatch,0.7107999920845032
1079522716456,A类新款纯棉双层纱工艺款花边四件套被套单人床上三件套全棉床品4,"Bộ chăn ga gối 4 món cotton nguyên chất vải xô hai lớp kiểu dáng công nghệ mới loại A, có viền ren, vỏ chăn, bộ 3 món cho giường đơn, chăn ga gối 100% cotton.",A类新款纯棉双层纱工艺款花边四件套被套单人床上三件套全棉床品4,"Bộ chăn ga gối 4 món cotton nguyên chất vải xô hai lớp kiểu dáng công nghệ mới loại A, có viền ren, vỏ chăn, bộ 3 món cho giường đơn, chăn ga gối 100% cotton",num_mismatch;info_stuffing:chăn,0.695900022983551
1077307037653,a类床上四件套纯棉全棉床单被罩被套学生宿舍床笠单人可爱三件套4,"Bộ chăn ga gối 4 món loại A, 100% cotton, ga trải giường, vỏ chăn, vỏ gối, ga chun, dành cho ký túc xá sinh viên, ga đơn, bộ 3 món dễ thương 4",a类床上四件套纯棉全棉床单被罩被套学生宿舍床笠单人可爱三件套4,"Bộ chăn ga gối 4 món loại A, 100% cotton, ga trải giường, vỏ chăn, vỏ gối, ga chun, dành cho ký túc xá sinh viên, ga đơn, bộ 3 món dễ thương 4",num_mismatch,0.6988999843597412
1032974114838,100%纯棉双拼四件套床笠款全棉三件套床单被套罩高支棉轻奢,"Bộ chăn ga gối 4 món 100% cotton nguyên chất phối hai màu, kiểu ga chun; bộ 3 món ga trải giường và vỏ chăn 100% cotton, chất liệu cotton sợi cao cấp, phong cách sang trọng nhẹ nhàng.",100%纯棉双拼四件套床笠款全棉三件套床单被套罩高支棉轻奢,"Bộ chăn ga gối 4 món 100% cotton nguyên chất phối hai màu, kiểu ga chun; bộ 3 món ga trải giường và vỏ chăn 100% cotton, chất liệu cotton sợi cao cấp, phong cách sang trọng nhẹ nhàng",num_mismatch;info_stuffing:cotton,0.6740999817848206
1038164467361,纯棉四件套全棉床上用品2026新款清新碎花被套宿舍床单三件套四季,"Bộ chăn ga gối 100% cotton, bộ 4 món, mẫu mới 2026, họa tiết hoa nhí tươi mát, vỏ chăn, ga trải giường ký túc xá, bộ 3 món, dùng được bốn mùa.",纯棉四件套全棉床上用品2026新款清新碎花被套宿舍床单三件套四季,"Bộ chăn ga gối 100% cotton, bộ 4 món, mẫu mới 2026, họa tiết hoa nhí tươi mát, vỏ chăn, ga trải giường ký túc xá, bộ 3 món, dùng được bốn mùa",num_mismatch,0.7027999758720398
1003192279719,工厂直供全棉100支提花四件套轻奢高级感纯棉床单三件套床笠被套,"Cung cấp trực tiếp từ nhà máy, bộ chăn ga gối 4 món dệt jacquard 100% cotton sợi 100, phong cách sang trọng nhẹ nhàng, cao cấp, bộ 3 món ga trải giường cotton nguyên chất, ga chun, vỏ chăn.",工厂直供全棉100支提花四件套轻奢高级感纯棉床单三件套床笠被套,"Cung cấp trực tiếp từ nhà máy, bộ chăn ga gối 4 món dệt jacquard 100% cotton sợi 100, phong cách sang trọng nhẹ nhàng, cao cấp, bộ 3 món ga trải giường cotton nguyên chất, ga chun, vỏ chăn",num_mismatch,0.6646999716758728
1058483203915,全棉床上四件套2026新款纯棉简约被套床笠单人床单三件套床品,"Bộ chăn ga gối 100% cotton 4 món, mẫu mới 2026, vỏ chăn cotton nguyên chất phong cách tối giản, ga chun, ga trải giường đơn, bộ 3 món chăn ga gối.",全棉床上四件套2026新款纯棉简约被套床笠单人床单三件套床品,"Bộ chăn ga gối 100% cotton 4 món, mẫu mới 2026, vỏ chăn cotton nguyên chất phong cách tối giản, ga chun, ga trải giường đơn, bộ 3 món chăn ga gối",num_mismatch;info_stuffing:chăn,0.6880999803543091
1074345861522,水星家纺纯棉田园风四件套全棉磨毛床单款四件套床上用品批发,"Bộ chăn ga gối 4 món phong cách đồng quê 100% cotton chải lông của Thủy Tinh Gia Phường, bộ ga trải giường 100% cotton, bán sỉ đồ dùng giường ngủ.",水星家纺纯棉田园风四件套全棉磨毛床单款四件套床上用品批发,"Bộ chăn ga gối 4 món phong cách đồng quê 100% cotton chải lông của Thủy Tinh Gia Phường, bộ ga trải giường 100% cotton, bán sỉ đồ dùng giường ngủ",num_mismatch,0.6338000297546387
1019868745390,高级感A类全棉提花四件套纯棉简约轻奢贡缎提花被套床单床上用品,"Bộ chăn ga gối 4 món cotton 100% dệt jacquard cao cấp, chuẩn A, phong cách tối giản sang trọng nhẹ nhàng, chất liệu satin dệt jacquard, bao gồm vỏ chăn và ga trải giường.",高级感A类全棉提花四件套纯棉简约轻奢贡缎提花被套床单床上用品,"Bộ chăn ga gối 4 món cotton 100% dệt jacquard cao cấp, chuẩn A, phong cách tối giản sang trọng nhẹ nhàng, chất liệu satin dệt jacquard, bao gồm vỏ chăn và ga trải giường",num_mismatch,0.6539000272750854
1075300095515,小清新床上四件套纯棉全棉床单被套罩三件套2026新款学生宿舍床品,"Bộ chăn ga gối 4 món phong cách nhẹ nhàng, tươi mới, 100% cotton, bao gồm ga trải giường và vỏ chăn, mẫu mới 2026, đồ dùng giường ngủ cho ký túc xá sinh viên.",小清新床上四件套纯棉全棉床单被套罩三件套2026新款学生宿舍床品,"Bộ chăn ga gối 4 món phong cách nhẹ nhàng, tươi mới, 100% cotton, bao gồm ga trải giường và vỏ chăn, mẫu mới 2026, đồ dùng giường ngủ cho ký túc xá sinh viên",num_mismatch,0.7275999784469604
1066416380524,Ins风12868全棉活性印花四件套纯棉小清新床单被套床品三件套裸睡,"Bộ chăn ga gối đệm bốn món, chất liệu 100% cotton, kiểu dáng hiện đại, họa tiết in theo công nghệ phản ứng, mang đến vẻ tươi mới và đơn giản, bao gồm ga trải giường và vỏ chăn, phù hợp để ngủ mà không cần mặc quần áo.",Ins风12868全棉活性印花四件套纯棉小清新床单被套床品三件套裸睡,"Bộ chăn ga gối đệm bốn món, chất liệu 100% cotton, kiểu dáng hiện đại, họa tiết in theo công nghệ phản ứng, mang đến vẻ tươi mới và đơn giản, bao gồm ga trải giường và vỏ chăn, phù hợp để ngủ mà không cần mặc quần áo",num_mismatch,0.6653000116348267
1075767838404,加厚兔兔绒牛奶绒大泡泡四件套冬季双面绒单被套珊瑚绒床笠四件套,"Bộ chăn ga gối 4 món mùa đông dày dặn, chất liệu nhung thỏ, nhung sữa, nhung san hô, vải nhung hai mặt, bao gồm vỏ chăn đơn và ga chun.",加厚兔兔绒牛奶绒大泡泡四件套冬季双面绒单被套珊瑚绒床笠四件套,"Bộ chăn ga gối 4 món mùa đông dày dặn, chất liệu nhung thỏ, nhung sữa, nhung san hô, vải nhung hai mặt, bao gồm vỏ chăn đơn và ga chun",num_mismatch;info_stuffing:nhung,0.6256999969482422
1045324828119,新疆长绒棉全棉被套a类母婴级单件纯棉被罩单人宿舍三件套四件套,"Vỏ chăn 100% cotton sợi dài Tân Cương, cấp A dành cho mẹ và bé, vỏ chăn cotton nguyên chất, bộ 3 món, bộ 4 món cho ký túc xá đơn.",新疆长绒棉全棉被套a类母婴级单件纯棉被罩单人宿舍三件套四件套,"Vỏ chăn 100% cotton sợi dài Tân Cương, cấp A dành cho mẹ và bé, vỏ chăn cotton nguyên chất, bộ 3 món, bộ 4 món cho ký túc xá đơn",num_mismatch,0.6682999730110168
984740290697,简约高级感100%纯棉四件套百分百全棉色织提花床上用品被套三件套,Bộ chăn ga gối 4 món cao cấp 100% cotton và bộ chăn ga gối 3 món chất liệu cotton dệt jacquard nhuộm sợi 100% cotton,简约高级感100%纯棉四件套百分百全棉色织提花床上用品被套三件套,Bộ chăn ga gối 4 món cao cấp 100% cotton và bộ chăn ga gối 3 món chất liệu cotton dệt jacquard nhuộm sợi 100% cotton,num_mismatch;info_stuffing:cotton,0.705299973487854
871964120830,100S高支全棉四件套 贡缎长绒棉田园花卉被套春秋季纯棉床上用品,Bộ 4 món 100% cotton cao cấp 100S chăn bông cotton nhung dài satin chăn bông mùa xuân và mùa thu bộ đồ giường cotton,100S高支全棉四件套 贡缎长绒棉田园花卉被套春秋季纯棉床上用品,Bộ 4 món 100% cotton cao cấp 100S chăn bông cotton nhung dài satin chăn bông mùa xuân và mùa thu bộ đồ giường cotton,num_mismatch;info_stuffing:cotton,0.7179999947547913
1066680958922,A类母婴有氧四件套纯棉卡通款泡芙纱四季学生宿舍三件套床单被套4,"Bộ chăn ga gối 4 món cotton nguyên chất họa tiết hoạt hình vải voan bồng bềnh thoáng khí loại A dành cho mẹ và bé, dùng được bốn mùa, phù hợp ký túc xá sinh viên, bao gồm ga trải giường và vỏ chăn 4",A类母婴有氧四件套纯棉卡通款泡芙纱四季学生宿舍三件套床单被套4,"Bộ chăn ga gối 4 món cotton nguyên chất họa tiết hoạt hình vải voan bồng bềnh thoáng khí loại A dành cho mẹ và bé, dùng được bốn mùa, phù hợp ký túc xá sinh viên, bao gồm ga trải giường và vỏ chăn 4",num_mismatch,0.7458000183105469
1062788876911,高级感A类全棉100支床上四件套新疆长绒棉纯棉被套罩床品床单床笠,"Bộ chăn ga gối 4 món 100% cotton sợi 100, loại A cao cấp, cotton sợi dài Tân Cương, vỏ chăn, ga trải giường, ga bọc đệm.",高级感A类全棉100支床上四件套新疆长绒棉纯棉被套罩床品床单床笠,"Bộ chăn ga gối 4 món 100% cotton sợi 100, loại A cao cấp, cotton sợi dài Tân Cương, vỏ chăn, ga trải giường, ga bọc đệm",num_mismatch,0.6718999743461609
831394947500,出口日本丨100%纯棉全棉春秋四件套 床上床品被套床单床笠款床品,Xuất khẩu sang Nhật Bản 丨 Bộ chăn ga gối bốn mảnh 100% cotton mùa xuân và mùa thu,出口日本 100%纯棉全棉春秋四件套 床上床品被套床单床笠款床品,Xuất khẩu sang Nhật Bản Bộ chăn ga gối bốn mảnh 100% cotton mùa xuân và mùa thu,cjk_in_vi,0.7473000288009644
1073313526103,A类超柔全棉双层纱床上四件套100纯棉裸睡被套罩学生宿舍床单床品,"Bộ chăn ga gối 4 món vải xô hai lớp 100% cotton siêu mềm loại A, vỏ chăn cotton 100% mặc ngủ thoải mái, ga trải giường, đồ dùng giường ngủ cho ký túc xá sinh viên.",A类超柔全棉双层纱床上四件套100纯棉裸睡被套罩学生宿舍床单床品,"Bộ chăn ga gối 4 món vải xô hai lớp 100% cotton siêu mềm loại A, vỏ chăn cotton 100% mặc ngủ thoải mái, ga trải giường, đồ dùng giường ngủ cho ký túc xá sinh viên",num_mismatch,0.7364000082015991
1027055999035,A类母婴ins纯棉水洗棉四件套日系简约全棉被套床单学生宿舍三件套,"Bộ chăn ga gối 4 món cotton giặt 100% phong cách ins Nhật Bản tối giản, chất liệu cotton nguyên chất, dành cho mẹ và bé loại A, bộ 3 món cho ký túc xá sinh viên.",A类母婴ins纯棉水洗棉四件套日系简约全棉被套床单学生宿舍三件套,"Bộ chăn ga gối 4 món cotton giặt 100% phong cách ins Nhật Bản tối giản, chất liệu cotton nguyên chất, dành cho mẹ và bé loại A, bộ 3 món cho ký túc xá sinh viên",num_mismatch,0.7523000240325928
1077274031423,ins无印风四件套全棉水洗棉被套床单被罩超柔床笠学生宿舍三件套,"Bộ chăn ga gối 4 món phong cách Muji (ins), 100% cotton, cotton giặt, vỏ chăn, ga trải giường, vỏ chăn, ga chun siêu mềm, bộ 3 món cho ký túc xá sinh viên.",ins无印风四件套全棉水洗棉被套床单被罩超柔床笠学生宿舍三件套,"Bộ chăn ga gối 4 món phong cách Muji (ins), 100% cotton, cotton giặt, vỏ chăn, ga trải giường, vỏ chăn, ga chun siêu mềm, bộ 3 món cho ký túc xá sinh viên",num_mismatch;info_stuffing:chăn,0.6868000030517578
1024410787559,母婴级A类裸睡复古法式四件套纯棉花边床单被套罩新款宿舍三4件套,"Bộ chăn ga gối 4 món phong cách Pháp cổ điển, chất liệu cotton nguyên chất, viền ren, an toàn chuẩn A cho mẹ và bé, thích hợp ngủ trần, mẫu mới, dùng cho ký túc xá, bộ 3 hoặc 4 món.",母婴级A类裸睡复古法式四件套纯棉花边床单被套罩新款宿舍三4件套,"Bộ chăn ga gối 4 món phong cách Pháp cổ điển, chất liệu cotton nguyên chất, viền ren, an toàn chuẩn A cho mẹ và bé, thích hợp ngủ trần, mẫu mới, dùng cho ký túc xá, bộ 3 hoặc 4 món",num_mismatch,0.6973000168800354
1021010301857,新款小清新纯棉四件套全棉学生宿舍三件套床单床笠单被套床上用品,"Bộ chăn ga gối 4 món cotton nguyên chất phong cách nhẹ nhàng, tươi mới mẫu mới; bộ 3 món 100% cotton cho ký túc xá sinh viên; ga trải giường, ga bọc nệm, vỏ chăn đơn, đồ dùng giường ngủ.",新款小清新纯棉四件套全棉学生宿舍三件套床单床笠单被套床上用品,"Bộ chăn ga gối 4 món cotton nguyên chất phong cách nhẹ nhàng, tươi mới mẫu mới; bộ 3 món 100% cotton cho ký túc xá sinh viên; ga trải giường, ga bọc nệm, vỏ chăn đơn, đồ dùng giường ngủ",num_mismatch,0.7364000082015991
1079351053459,纯棉磨毛四件套中古风轻奢加厚秋冬款全棉简约磨毛床上用品四件套,"Bộ chăn ga gối 4 món cotton nguyên chất chải lông, phong cách cổ điển sang trọng nhẹ nhàng, dày dặn, mẫu thu đông, 100% cotton, thiết kế đơn giản.",纯棉磨毛四件套中古风轻奢加厚秋冬款全棉简约磨毛床上用品四件套,"Bộ chăn ga gối 4 món cotton nguyên chất chải lông, phong cách cổ điển sang trọng nhẹ nhàng, dày dặn, mẫu thu đông, 100% cotton, thiết kế đơn giản",num_mismatch,0.6687999963760376
858060864008,民宿七件套床上用品被子一整套全套四件套被芯枕芯褥子组合家用八,Bộ chăn ga gối đệm 7 món homestay trọn bộ bộ 4 món chăn ga gối đệm bộ 8 món gia dụng,民宿七件套床上用品被子一整套全套四件套被芯枕芯褥子组合家用八,Bộ chăn ga gối đệm 7 món homestay trọn bộ bộ 4 món chăn ga gối đệm bộ 8 món gia dụng,num_mismatch;info_stuffing:món,0.6632999777793884
900931354693,卡通纯棉全棉四件套床上用品2024新款儿童床单被套宿舍学生三件套,Bộ chăn ga gối bốn mảnh cotton 100% hoạt hình bộ chăn ga trải giường trẻ em mẫu mới 2024 bộ chăn ga gối ba mảnh cho học sinh ký túc xá,卡通纯棉全棉四件套床上用品2024新款儿童床单被套宿舍学生三件套,Bộ chăn ga gối bốn mảnh cotton 100% hoạt hình bộ chăn ga trải giường trẻ em mẫu mới 2024 bộ chăn ga gối ba mảnh cho học sinh ký túc xá,num_mismatch;info_stuffing:chăn,0.7372000217437744
1015563716003,秋冬季加厚全棉磨毛四件套100S高支简约高级感提花纯棉被套床单,"Bộ chăn ga gối 4 món cotton 100% dày dặn, vải chải kỹ, sợi 100S cao cấp, họa tiết jacquard, phong cách tối giản sang trọng, dùng cho mùa thu đông.",秋冬季加厚全棉磨毛四件套100S高支简约高级感提花纯棉被套床单,"Bộ chăn ga gối 4 món cotton 100% dày dặn, vải chải kỹ, sợi 100S cao cấp, họa tiết jacquard, phong cách tối giản sang trọng, dùng cho mùa thu đông",num_mismatch,0.6563000082969666
872916503128,北欧风纯棉床上四件套100全棉2025新款单人宿舍床单被套罩三件套4,Bộ bốn mảnh giường cotton phong cách Bắc Âu 100% cotton 100% 100% 100% cotton 2025 mẫu mới bộ chăn ga trải giường ký túc xá đơn bộ ba mảnh 4,北欧风纯棉床上四件套100全棉2025新款单人宿舍床单被套罩三件套4,Bộ bốn mảnh giường cotton phong cách Bắc Âu 100% cotton 100% 100% 100% cotton 2025 mẫu mới bộ chăn ga trải giường ký túc xá đơn bộ ba mảnh 4,num_mismatch;info_stuffing:cotton,0.7329000234603882
1029834154261,2026新款泡芙棉四件套小清新a类全棉双层纱床上用品宿舍床单被套,"Bộ chăn ga gối 4 món cotton phồng mẫu mới 2026, phong cách nhẹ nhàng, chất liệu 100% cotton loại A, vải xô hai lớp, dùng cho ký túc xá, bao gồm ga trải giường và vỏ chăn.",2026新款泡芙棉四件套小清新a类全棉双层纱床上用品宿舍床单被套,"Bộ chăn ga gối 4 món cotton phồng mẫu mới 2026, phong cách nhẹ nhàng, chất liệu 100% cotton loại A, vải xô hai lớp, dùng cho ký túc xá, bao gồm ga trải giường và vỏ chăn",num_mismatch,0.7167999744415283
1078730070852,冬季四件套牛奶绒加绒加厚保暖26新款高克重套件床单床笠可机洗,"Bộ bốn món mùa đông, được làm từ vải nhung sữa và thêm lớp lông cừu để tăng cường độ ấm, mẫu mới 2026, vải mật độ cao, bao gồm ga trải giường và ga bọc, có thể giặt bằng máy.",冬季四件套牛奶绒加绒加厚保暖26新款高克重套件床单床笠可机洗,"Bộ bốn món mùa đông, được làm từ vải nhung sữa và thêm lớp lông cừu để tăng cường độ ấm, mẫu mới 2026, vải mật độ cao, bao gồm ga trải giường và ga bọc, có thể giặt bằng máy",num_mismatch,0.7024000287055969
742750765802,A类华夫格四件套 婴儿级全棉纯色床单纯棉被套轻奢高级感床上用品,Bộ chăn ga trải giường 100% cotton màu trơn cho bé lớp A Huafger Bộ chăn ga gối đệm cao cấp sang trọng nhẹ nhàng,A类华夫格四件套 婴儿级全棉纯色床单纯棉被套轻奢高级感床上用品,Bộ chăn ga trải giường 100% cotton màu trơn cho bé lớp A Huafger Bộ chăn ga gối đệm cao cấp sang trọng nhẹ nhàng,num_mismatch,0.7109000086784363
1073244799056,全棉床上四件套温柔简约床单被套床笠印花被套学生宿舍床品套件,"Bộ chăn ga gối 4 món 100% cotton, phong cách dịu dàng tối giản, ga trải giường, vỏ chăn, ga bọc đệm, vỏ chăn in họa tiết, bộ chăn ga gối cho ký túc xá sinh viên.",全棉床上四件套温柔简约床单被套床笠印花被套学生宿舍床品套件,"Bộ chăn ga gối 4 món 100% cotton, phong cách dịu dàng tối giản, ga trải giường, vỏ chăn, ga bọc đệm, vỏ chăn in họa tiết, bộ chăn ga gối cho ký túc xá sinh viên",num_mismatch;info_stuffing:chăn,0.6775000095367432
1036248657044,贡缎提花|新疆100支长绒棉四件套全棉被套纯棉床单高级感床上用品,"Vải gấm dệt jacquard | Bộ chăn ga gối 4 món cotton sợi dài 100 sợi Tân Cương, vỏ chăn và ga trải giường 100% cotton nguyên chất, đồ dùng giường ngủ cao cấp.",贡缎提花|新疆100支长绒棉四件套全棉被套纯棉床单高级感床上用品,"Vải gấm dệt jacquard | Bộ chăn ga gối 4 món cotton sợi dài 100 sợi Tân Cương, vỏ chăn và ga trải giường 100% cotton nguyên chất, đồ dùng giường ngủ cao cấp",num_mismatch,0.6538000106811523
962769475550,钢丝洗碗布厨房用银丝棉纱洗碗巾双层加厚易沾油抹布刷碗神器,"Khăn rửa chén dây thép dùng trong nhà bếp, khăn rửa chén gạc cotton lụa bạc, dày 2 lớp, dễ thấm dầu, khăn rửa chén, dụng cụ rửa chén.",钢丝洗碗布厨房用银丝棉纱洗碗巾双层加厚易沾油抹布刷碗神器,"Khăn rửa chén dây thép dùng trong nhà bếp, khăn rửa chén gạc cotton lụa bạc, dày 2 lớp, dễ thấm dầu, khăn rửa chén, dụng cụ rửa chén",num_mismatch;info_stuffing:khăn,0.6678000092506409
960467447555,厨房置物架多功能双层收纳架塑料厨具调料架调味架刀架储物整理架,Giá để đồ nhà bếp đa chức năng 2 lớp có giá để đồ bằng nhựa dụng cụ nhà bếp giá đựng gia vị giá đựng gia vị giá dao sắp xếp lưu trữ,厨房置物架多功能双层收纳架塑料厨具调料架调味架刀架储物整理架,Giá để đồ nhà bếp đa chức năng 2 lớp có giá để đồ bằng nhựa dụng cụ nhà bếp giá đựng gia vị giá đựng gia vị giá dao sắp xếp lưu trữ,num_mismatch;info_stuffing:giá,0.7508000135421753
1027803030924,婴儿连体衣春季长袖家居服爬服儿童睡衣套装周岁男女宝宝外出衣服,"Bộ đồ liền thân dài tay mùa xuân cho bé, đồ mặc nhà, đồ ngủ trẻ em, quần áo mặc đi chơi cho bé trai bé gái 1 tuổi.",婴儿连体衣春季长袖家居服爬服儿童睡衣套装周岁男女宝宝外出衣服,"Bộ đồ liền thân dài tay mùa xuân cho bé, đồ mặc nhà, đồ ngủ trẻ em, quần áo mặc đi chơi cho bé trai bé gái 1 tuổi",num_mismatch,0.7279999852180481
741649489426,婴儿秋季衣服长袖春秋婴幼儿连体衣纯棉宝宝爬爬服无骨单排扣哈衣,Quần áo mùa thu cho trẻ sơ sinh áo liền thân dài tay mùa xuân và mùa thu cho trẻ sơ sinh quần áo leo núi trẻ em 100% cotton không xương một bên ngực romper,婴儿秋季衣服长袖春秋婴幼儿连体衣纯棉宝宝爬爬服无骨单排扣哈衣,Quần áo mùa thu cho trẻ sơ sinh áo liền thân dài tay mùa xuân và mùa thu cho trẻ sơ sinh quần áo leo núi trẻ em 100% cotton không xương một bên ngực romper,num_mismatch;info_stuffing:mùa,0.6800000071525574
953507500234,婴儿秋衣套装全棉高腰护肚秋裤男女宝宝长袖分体睡衣纯棉儿童套装,"Bộ đồ thu cho bé, 100% cotton, quần dài cạp cao bảo vệ bụng, bộ đồ ngủ dài tay rời cho bé trai bé gái, bộ đồ trẻ em cotton nguyên chất.",婴儿秋衣套装全棉高腰护肚秋裤男女宝宝长袖分体睡衣纯棉儿童套装,"Bộ đồ thu cho bé, 100% cotton, quần dài cạp cao bảo vệ bụng, bộ đồ ngủ dài tay rời cho bé trai bé gái, bộ đồ trẻ em cotton nguyên chất",num_mismatch,0.6585000157356262
808542773640,婴儿连体衣服纯棉新生儿宝宝哈衣爬服春秋无骨打底内衣睡衣外出服,Quần áo liền thân cho trẻ sơ sinh 100% cotton trẻ sơ sinh Quần Áo Romper quần áo mùa xuân và mùa thu không xương đáy đồ ngủ quần áo đi chơi,婴儿连体衣服纯棉新生儿宝宝哈衣爬服春秋无骨打底内衣睡衣外出服,Quần áo liền thân cho trẻ sơ sinh 100% cotton trẻ sơ sinh Quần Áo Romper quần áo mùa xuân và mùa thu không xương đáy đồ ngủ quần áo đi chơi,num_mismatch;info_stuffing:quần,0.7131999731063843
899459419811,婴儿连体衣春秋款纯棉四季长袖无骨新生幼儿哈衣家居睡衣宝宝爬服,Áo liền thân cho bé xuân thu 100% cotton bốn mùa dài tay không xương trẻ sơ sinh đồ ngủ tại nhà đồ bò cho bé,婴儿连体衣春秋款纯棉四季长袖无骨新生幼儿哈衣家居睡衣宝宝爬服,Áo liền thân cho bé xuân thu 100% cotton bốn mùa dài tay không xương trẻ sơ sinh đồ ngủ tại nhà đồ bò cho bé,num_mismatch,0.7340999841690063
817451417583,新生婴儿连体衣无骨哈衣春秋纯棉初生和尚服爬服男女宝宝春秋衣服,Áo liền thân cho bé sơ sinh áo liền thân không xương xuân thu 100% cotton sơ sinh trang phục lịch lãm áo thu đông cho bé nam nữ trang phục xuân thu,新生婴儿连体衣无骨哈衣春秋纯棉初生和尚服爬服男女宝宝春秋衣服,Áo liền thân cho bé sơ sinh áo liền thân không xương xuân thu 100% cotton sơ sinh trang phục lịch lãm áo thu đông cho bé nam nữ trang phục xuân thu,num_mismatch;info_stuffing:thu,0.676800012588501
1073513271722,婴儿衣服外出服秋季可爱打底衫背带裤一岁宝宝秋装上衣裤子套装,"Bộ quần áo thu cho bé 1 tuổi, gồm áo mặc trong dễ thương và quần yếm, thích hợp mặc đi chơi.",婴儿衣服外出服秋季可爱打底衫背带裤一岁宝宝秋装上衣裤子套装,"Bộ quần áo thu cho bé 1 tuổi, gồm áo mặc trong dễ thương và quần yếm, thích hợp mặc đi chơi",num_mismatch,0.6884999871253967
954316160125,婴儿长袖哈衣纯棉A类衣服可爱舒适连体衣四季款男女宝宝休闲爬服,"Bộ đồ liền thân dài tay cho bé, chất liệu cotton 100%, chất lượng loại A, kiểu dáng dễ thương, thoải mái, phù hợp với mọi mùa, dành cho cả bé trai và bé gái, thích hợp mặc khi bé tập bò.",婴儿长袖哈衣纯棉A类衣服可爱舒适连体衣四季款男女宝宝休闲爬服,"Bộ đồ liền thân dài tay cho bé, chất liệu cotton 100%, chất lượng loại A, kiểu dáng dễ thương, thoải mái, phù hợp với mọi mùa, dành cho cả bé trai và bé gái, thích hợp mặc khi bé tập bò",num_mismatch,0.6970999836921692
832745572027,新生婴儿连体衣无骨哈衣春秋纯棉初生和尚服爬服男女宝宝春秋衣服,Áo liền thân cho bé sơ sinh áo liền thân không xương xuân thu 100% cotton sơ sinh trang phục phong cách nhà thượng,新生婴儿连体衣无骨哈衣春秋纯棉初生和尚服爬服男女宝宝春秋衣服,Áo liền thân cho bé sơ sinh áo liền thân không xương xuân thu 100% cotton sơ sinh trang phục phong cách nhà thượng,num_mismatch,0.6820999979972839
952441191287,婴儿纯棉连体衣A类无骨爬服春秋款新生儿哈衣男女宝宝衣服婴童装,"Áo liền thân 100% cotton cho bé, áo leo núi không xương loại A, áo liền thân cho bé sơ sinh mẫu xuân thu, quần áo trẻ em nam nữ, quần áo trẻ em",婴儿纯棉连体衣A类无骨爬服春秋款新生儿哈衣男女宝宝衣服婴童装,"Áo liền thân 100% cotton cho bé, áo leo núi không xương loại A, áo liền thân cho bé sơ sinh mẫu xuân thu, quần áo trẻ em nam nữ, quần áo trẻ em",num_mismatch,0.730400025844574
1040251221602,春秋装婴幼儿小童韩版时装简约刺绣标休闲外套裤子套装纯色1234岁,"Bộ sưu tập xuân thu: Trang phục thường ngày phong cách Hàn Quốc dành cho trẻ sơ sinh và trẻ mới biết đi, có thêu đơn giản và thiết kế màu trơn, phù hợp cho trẻ từ 1-4 tuổi.",春秋装婴幼儿小童韩版时装简约刺绣标休闲外套裤子套装纯色1234岁,"Bộ sưu tập xuân thu: Trang phục thường ngày phong cách Hàn Quốc dành cho trẻ sơ sinh và trẻ mới biết đi, có thêu đơn giản và thiết kế màu trơn, phù hợp cho trẻ từ 1-4 tuổi",num_mismatch;info_stuffing:trẻ,0.6538000106811523
887858727945,儿童装外套装宝宝男童春装1周岁一2到3岁半4男孩秋天衣服跨境批发,"Bộ áo khoác ngoài trẻ em cho bé trai, trang phục mùa xuân cho bé 1 tuổi, phù hợp cho bé trai 2 đến 3,5 tuổi, bán buôn quần áo mùa thu.",儿童装外套装宝宝男童春装1周岁一2到3岁半4男孩秋天衣服跨境批发,"Bộ áo khoác ngoài trẻ em cho bé trai, trang phục mùa xuân cho bé 1 tuổi, phù hợp cho bé trai 2 đến 3.5 tuổi, bán buôn quần áo mùa thu",num_mismatch,0.7642999887466431
870155451611,女童春装春秋长袖2025儿童新款拉链衫两件套洋气宝宝春秋季套装,Bộ hai chiếc áo sơ mi có khóa kéo mẫu mới cho bé gái xuân thu dài tay mẫu mới cho bé gái xuân thu bộ hai chiếc,女童春装春秋长袖2025儿童新款拉链衫两件套洋气宝宝春秋季套装,Bộ hai chiếc áo sơ mi có khóa kéo mẫu mới cho bé gái xuân thu dài tay mẫu mới cho bé gái xuân thu bộ hai chiếc,num_mismatch,0.699400007724762
624403920257,儿童秋衣套装纯棉男童女童秋裤保暖内衣全棉宝宝打底衣睡衣棉毛衫,Bộ quần áo mùa thu trẻ em 100% cotton bé trai bé gái quần mùa thu đồ lót giữ nhiệt cotton trẻ em mặc trong đồ ngủ áo len cotton,儿童秋衣套装纯棉男童女童秋裤保暖内衣全棉宝宝打底衣睡衣棉毛衫,Bộ quần áo mùa thu trẻ em 100% cotton bé trai bé gái quần mùa thu đồ lót giữ nhiệt cotton trẻ em mặc trong đồ ngủ áo len cotton,num_mismatch;info_stuffing:cotton,0.7434999942779541
1070279217732,宝宝彩棉秋衣秋裤套装A类纯棉婴幼儿无染棉儿童居家打底内衣睡衣,"Bộ đồ thu đông cotton màu cho bé, loại A, 100% cotton nguyên chất, không thuốc nhuộm, dành cho trẻ sơ sinh và trẻ nhỏ, đồ mặc nhà, đồ lót, đồ ngủ.",宝宝彩棉秋衣秋裤套装A类纯棉婴幼儿无染棉儿童居家打底内衣睡衣,"Bộ đồ thu đông cotton màu cho bé, loại A, 100% cotton nguyên chất, không thuốc nhuộm, dành cho trẻ sơ sinh và trẻ nhỏ, đồ mặc nhà, đồ lót, đồ ngủ",num_mismatch,0.6948000192642212
943768491934,新生婴儿内衣套装四季A类纯棉长袖睡衣高腰无骨秋衣秋裤分体衣服,Bộ đồ lót cho bé sơ sinh Bộ đồ ngủ dài tay 100% cotton loại A bốn mùa Áo thu không xương cạp cao Quần thu quần áo rời,新生婴儿内衣套装四季A类纯棉长袖睡衣高腰无骨秋衣秋裤分体衣服,Bộ đồ lót cho bé sơ sinh Bộ đồ ngủ dài tay 100% cotton loại A bốn mùa Áo thu không xương cạp cao Quần thu quần áo rời,num_mismatch,0.7486000061035156
891421313206,婴儿连体衣新生儿纯棉a类服装春秋百天满月初生宝宝衣服偏开爬服,Áo liền thân cho bé sơ sinh 100% cotton loại A quần áo xuân thu trăm ngày trăng tròn quần áo bé sơ sinh,婴儿连体衣新生儿纯棉a类服装春秋百天满月初生宝宝衣服偏开爬服,Áo liền thân cho bé sơ sinh 100% cotton loại A quần áo xuân thu trăm ngày trăng tròn quần áo bé sơ sinh,num_mismatch,0.7247999906539917
942141388738,宝宝高腰套装春秋纯棉男睡衣女a类打底秋衣秋裤婴儿内衣套装保暖,Bộ đồ ngủ nam 100% cotton mùa xuân và mùa thu cho bé bộ đồ ngủ nữ áo thu quần thu quần thu quần lót trẻ em giữ ấm,宝宝高腰套装春秋纯棉男睡衣女a类打底秋衣秋裤婴儿内衣套装保暖,Bộ đồ ngủ nam 100% cotton mùa xuân và mùa thu cho bé bộ đồ ngủ nữ áo thu quần thu quần thu quần lót trẻ em giữ ấm,num_mismatch;info_stuffing:thu,0.67330002784729
979580610221,宝宝秋衣套装纯棉春秋款高腰护肚a类婴儿分体睡衣秋衣裤保暖内衣,Bé Bộ Quần Áo Thu Đông Nguyên Chất Cotton Xuân Thu Cao Cấp Bảo Vệ Bụng Loại A Trẻ Sơ Sinh Bộ Đồ Ngủ 2 Bộ Đồ Lót Giữ Nhiệt,宝宝秋衣套装纯棉春秋款高腰护肚a类婴儿分体睡衣秋衣裤保暖内衣,Bé Bộ Quần Áo Thu Đông Nguyên Chất Cotton Xuân Thu Cao Cấp Bảo Vệ Bụng Loại A Trẻ Sơ Sinh Bộ Đồ Ngủ 2 Bộ Đồ Lót Giữ Nhiệt,num_mismatch,0.6965000033378601
790606408473,婴儿礼盒婴幼儿服装高档礼盒宝宝初生礼物新生儿高端用品百岁礼盒,"Hộp quà tặng em bé, quần áo trẻ sơ sinh, hộp quà cao cấp, quà tặng sơ sinh, đồ dùng cao cấp cho trẻ sơ sinh, hộp quà 100 ngày",婴儿礼盒婴幼儿服装高档礼盒宝宝初生礼物新生儿高端用品百岁礼盒,"Hộp quà tặng em bé, quần áo trẻ sơ sinh, hộp quà cao cấp, quà tặng sơ sinh, đồ dùng cao cấp cho trẻ sơ sinh, hộp quà 100 ngày",num_mismatch;info_stuffing:hộp,0.7832000255584717
957029188649,婴儿衣服内衣套装纯棉a类儿童分体7A抗菌高腰护肚宝宝秋衣秋裤,"Bộ quần áo trẻ em, chất liệu cotton 100%, loại A, gồm các món đồ riêng lẻ, có khả năng kháng khuẩn 7A, thiết kế cạp cao, bảo vệ bụng, phù hợp mặc vào mùa thu và đông.",婴儿衣服内衣套装纯棉a类儿童分体7A抗菌高腰护肚宝宝秋衣秋裤,"Bộ quần áo trẻ em, chất liệu cotton 100%, loại A, gồm các món đồ riêng lẻ, có khả năng kháng khuẩn 7A, thiết kế cạp cao, bảo vệ bụng, phù hợp mặc vào mùa thu và đông",num_mismatch,0.7419999837875366
738066778724,婴幼儿纯棉无骨四季款新生儿衣服长袖分体二件套装男女宝宝家居服,Quần áo trẻ sơ sinh bốn mùa không xương 100% cotton cho trẻ sơ sinh Bộ đồ hai mảnh dài tay cho bé trai và bé gái,婴幼儿纯棉无骨四季款新生儿衣服长袖分体二件套装男女宝宝家居服,Quần áo trẻ sơ sinh bốn mùa không xương 100% cotton cho trẻ sơ sinh Bộ đồ hai mảnh dài tay cho bé trai và bé gái,num_mismatch,0.7264999747276306
821685772120,宝宝秋衣秋裤纯棉Aa类新生儿免脱高腰护肚分体套装婴儿春秋季睡衣,Quần mùa thu cho bé quần mùa thu 100% cotton loại Aa cho bé sơ sinh bộ quần áo bảo vệ bụng cạp cao không cần cởi đồ ngủ mùa xuân thu cho bé,宝宝秋衣秋裤纯棉Aa类新生儿免脱高腰护肚分体套装婴儿春秋季睡衣,Quần mùa thu cho bé quần mùa thu 100% cotton loại Aa cho bé sơ sinh bộ quần áo bảo vệ bụng cạp cao không cần cởi đồ ngủ mùa xuân thu cho bé,num_mismatch;info_stuffing:quần,0.7545999884605408
954792725143,2025年秋季新款纯棉婴儿连体衣满月百天哈衣男女宝长袖洋气外出服,Áo liền thân 100% cotton cho bé mẫu mới mùa thu năm 2025,2025年秋季新款纯棉婴儿连体衣满月百天哈衣男女宝长袖洋气外出服,Áo liền thân 100% cotton cho bé mẫu mới mùa thu năm 2025,num_mismatch,0.6837000250816345
790321325156,新生儿连体衣爬服套装纯棉a类四季衣服婴幼儿童装哈衣babyclothes,Bộ đồ bò một mảnh cho trẻ sơ sinh 100% cotton loại A quần áo bốn mùa quần áo trẻ em trẻ sơ sinh quần áo trẻ em babyclothes,新生儿连体衣爬服套装纯棉a类四季衣服婴幼儿童装哈衣babyclothes,Bộ đồ bò một mảnh cho trẻ sơ sinh 100% cotton loại A quần áo bốn mùa quần áo trẻ em trẻ sơ sinh quần áo trẻ em babyclothes,num_mismatch;info_stuffing:trẻ,0.7444999814033508
699791789677,男宝宝套装男童装秋装男孩衣服春装外套一周岁半2到3岁多小孩,"Trang phục bé trai, quần áo bé trai, trang phục mùa thu, quần áo bé trai, áo khoác mùa xuân, dành cho trẻ từ một tuổi rưỡi đến hai đến ba tuổi.",男宝宝套装男童装秋装男孩衣服春装外套一周岁半2到3岁多小孩,"Trang phục bé trai, quần áo bé trai, trang phục mùa thu, quần áo bé trai, áo khoác mùa xuân, dành cho trẻ từ một tuổi rưỡi đến hai đến ba tuổi",num_mismatch;info_stuffing:trai,0.8137000203132629
590362159388,儿童短袖套装纯棉男童T恤宝宝夏季童装女童短裤婴儿衣服夏装批发,Bộ đồ ngắn tay trẻ em 100% cotton bé trai áo phông trẻ em mùa hè quần áo trẻ em bé gái quần short quần áo trẻ em quần áo mùa hè bán buôn,儿童短袖套装纯棉男童T恤宝宝夏季童装女童短裤婴儿衣服夏装批发,Bộ đồ ngắn tay trẻ em 100% cotton bé trai áo phông trẻ em mùa hè quần áo trẻ em bé gái quần short quần áo trẻ em quần áo mùa hè bán buôn,num_mismatch;info_stuffing:trẻ,0.7598999738693237
1002812738739,7A抗菌舒绒棉 儿童内衣套装男童秋衣秋裤宝宝衣服保暖女童家居服,"Bộ đồ lót trẻ em chất liệu cotton mềm mại, kháng khuẩn, phù hợp cho bé trai mặc vào mùa thu, quần áo cho bé, đồ mặc ở nhà ấm áp cho bé gái.",7A抗菌舒绒棉 儿童内衣套装男童秋衣秋裤宝宝衣服保暖女童家居服,"Bộ đồ lót trẻ em chất liệu cotton mềm mại, kháng khuẩn, phù hợp cho bé trai mặc vào mùa thu, quần áo cho bé, đồ mặc ở nhà ấm áp cho bé gái",num_mismatch,0.6881999969482422
831392685944,男童秋季套装2026新款酷帅宝宝韩版春秋装衣服儿童毛衣外套三件套,"Bộ đồ thu đông bé trai 2025 kiểu Hàn Quốc mới, thời trang và lịch lãm, gồm áo len và áo khoác ba món.",男童秋季套装2026新款酷帅宝宝韩版春秋装衣服儿童毛衣外套三件套,"Bộ đồ thu đông bé trai 2025 kiểu Hàn Quốc mới, thời trang và lịch lãm, gồm áo len và áo khoác ba món",num_mismatch,0.6840999722480774
641184959860,2026夏季新款纯棉儿童短袖T恤套装韩版婴幼儿宝宝短袖短裤俩件套,"Bộ áo thun ngắn tay cotton 100% kiểu hè 2026 cho bé, phong cách Hàn Quốc, bộ hai món áo thun và quần đùi ngắn cho trẻ sơ sinh",2026夏季新款纯棉儿童短袖T恤套装韩版婴幼儿宝宝短袖短裤俩件套,"Bộ áo thun ngắn tay cotton 100% kiểu hè 2026 cho bé, phong cách Hàn Quốc, bộ hai món áo thun và quần đùi ngắn cho trẻ sơ sinh",num_mismatch,0.7795000076293945
737450492099,儿童秋衣秋裤纯棉婴儿打底内衣套装全棉男童衣服宝宝秋衣套春装小,Quần áo mùa thu trẻ em quần áo mùa thu 100% cotton cho bé bộ đồ lót trẻ em quần áo bé trai 100% cotton bộ quần áo mùa thu cho bé mùa xuân nhỏ,儿童秋衣秋裤纯棉婴儿打底内衣套装全棉男童衣服宝宝秋衣套春装小,Quần áo mùa thu trẻ em quần áo mùa thu 100% cotton cho bé bộ đồ lót trẻ em quần áo bé trai 100% cotton bộ quần áo mùa thu cho bé mùa xuân nhỏ,num_mismatch;info_stuffing:quần,0.7077000141143799
871874732549,儿童短袖套装夏季新款纯棉男童睡衣女童宝宝空调服a类夏装童装,Bộ đồ ngắn tay trẻ em mùa hè phong cách mới 100% cotton bé trai bộ đồ ngủ bé gái bộ đồ điều hòa bé gái một loại quần áo trẻ em mùa hè,儿童短袖套装夏季新款纯棉男童睡衣女童宝宝空调服a类夏装童装,Bộ đồ ngắn tay trẻ em mùa hè phong cách mới 100% cotton bé trai bộ đồ ngủ bé gái bộ đồ điều hòa bé gái một loại quần áo trẻ em mùa hè,num_mismatch,0.7378000020980835
732763534629,儿童短袖套装夏季纯棉男童衣服薄款新款女童t恤夏装宝宝童装,Bộ đồ ngắn tay trẻ em quần áo bé trai 100% cotton mùa hè áo thun bé gái mẫu mới mỏng mùa hè quần áo trẻ em trẻ em,儿童短袖套装夏季纯棉男童衣服薄款新款女童t恤夏装宝宝童装,Bộ đồ ngắn tay trẻ em quần áo bé trai 100% cotton mùa hè áo thun bé gái mẫu mới mỏng mùa hè quần áo trẻ em trẻ em,num_mismatch;info_stuffing:trẻ,0.7493000030517578
975486288795,幼儿春秋款外出连体衣爬服女宝宝韩版秋装百天新生儿长袖洋气衣服,"Bộ áo liền quần đi chơi xuân thu cho bé, quần áo thu đông bé gái phong cách Hàn Quốc, quần áo thời trang dài tay cho bé sơ sinh 100 ngày",幼儿春秋款外出连体衣爬服女宝宝韩版秋装百天新生儿长袖洋气衣服,"Bộ áo liền quần đi chơi xuân thu cho bé, quần áo thu đông bé gái phong cách Hàn Quốc, quần áo thời trang dài tay cho bé sơ sinh 100 ngày",num_mismatch;info_stuffing:quần,0.7361000180244446
916065165493,婴儿分体套装宝宝秋衣秋裤内衣纯棉新生儿衣服春秋无骨绑带和尚服,Bộ đồ rời cho bé quần áo mùa thu quần áo mùa thu quần áo trẻ sơ sinh 100% cotton quần áo mùa xuân và mùa thu quần áo hòa thượng không xương,婴儿分体套装宝宝秋衣秋裤内衣纯棉新生儿衣服春秋无骨绑带和尚服,Bộ đồ rời cho bé quần áo mùa thu quần áo mùa thu quần áo trẻ sơ sinh 100% cotton quần áo mùa xuân và mùa thu quần áo hòa thượng không xương,num_mismatch;info_stuffing:quần,0.6804999709129333
1068914527798,婴儿娃娃领卫衣套装宝宝立体卡通两件套新生儿春秋A类休闲外出服,"Bộ đồ nỉ cổ búp bê cho bé, bộ hai món hoạt hình 3D, đồ mặc thường ngày đi chơi cho trẻ sơ sinh mùa xuân thu, đạt chuẩn A.",婴儿娃娃领卫衣套装宝宝立体卡通两件套新生儿春秋A类休闲外出服,"Bộ đồ nỉ cổ búp bê cho bé, bộ hai món hoạt hình 3D, đồ mặc thường ngày đi chơi cho trẻ sơ sinh mùa xuân thu, đạt chuẩn A",num_mismatch,0.6973999738693237
894825151966,外贸连脚婴儿服纯棉A类宝宝连体睡衣带袜子新生儿防抓脸衣服包手,Bộ đồ ngủ liền chân cho bé ngoại thương 100% cotton loại A cho bé một mảnh có tất áo sơ sinh chống xước mặt túi xách tay,外贸连脚婴儿服纯棉A类宝宝连体睡衣带袜子新生儿防抓脸衣服包手,Bộ đồ ngủ liền chân cho bé ngoại thương 100% cotton loại A cho bé một mảnh có tất áo sơ sinh chống xước mặt túi xách tay,num_mismatch,0.746399998664856
1063013154562,婴儿秋季衣服满月百日宴周岁礼服男宝宝背带裤生日长袖包屁衣套装,"Bộ quần áo thu cho bé trai, trang phục dự tiệc đầy tháng, 100 ngày, thôi nôi, gồm quần yếm và áo dài tay, bộ đồ liền thân.",婴儿秋季衣服满月百日宴周岁礼服男宝宝背带裤生日长袖包屁衣套装,"Bộ quần áo thu cho bé trai, trang phục dự tiệc đầy tháng, 100 ngày, thôi nôi, gồm quần yếm và áo dài tay, bộ đồ liền thân",num_mismatch,0.7336999773979187
1001155458580,适用iphone16/16pro手机壳17蓝壳红腕带苹果18promax拼色插卡包15,"Ốp điện thoại iPhone 16/16 Pro, vỏ màu xanh dương, dây đeo tay màu đỏ, tương thích với Apple 18 Pro Max, có khe đựng thẻ, màu sắc đồng bộ, phù hợp với iPhone 15",适用iphone16/16pro手机壳17蓝壳红腕带苹果18promax拼色插卡包15,"Ốp điện thoại iPhone 16/16 Pro, vỏ màu xanh dương, dây đeo tay màu đỏ, tương thích với Apple 18 Pro Max, có khe đựng thẻ, màu sắc đồng bộ, phù hợp với iPhone 15",num_mismatch;info_stuffing:màu,0.7803999781608582
979965620474,适用iPhone18PROMAX手机壳液态硅胶磁吸苹果17air自带镜头膜保护,"Ốp điện thoại iPhone 17 Pro Max chất liệu silicon lỏng, hút từ tính, kèm miếng dán bảo vệ ống kính, tương thích với Apple 17 Air.",适用iPhone18PROMAX手机壳液态硅胶磁吸苹果17air自带镜头膜保护,"Ốp điện thoại iPhone 17 Pro Max chất liệu silicon lỏng, hút từ tính, kèm miếng dán bảo vệ ống kính, tương thích với Apple 17 Air",num_mismatch,0.7398999929428101
865018676573,适用小米14手机壳11/12/10s/13红米k40透明k50pro/Note12/10/K70,Ốp điện thoại dùng cho Xiaomi 14 11/12/10s/13 Redmi k40 trong suốt k50pro/Note12/10/K70,适用小米14手机壳11/12/10s/13红米k40透明k50pro/Note12/10/K70,Ốp điện thoại dùng cho Xiaomi 14 11/12/10s/13 Redmi k40 trong suốt k50pro/Note12/10/K70,ratio_mismatch(0.27),0.7882000207901001
695703089064,简约适用iphone14promax手机壳透明苹果13全包12磁吸11防摔保护壳,Ốp điện thoại iphone14promax áp dụng đơn giản Ốp bảo vệ chống rơi từ tính 11 bao toàn bộ cho Apple 13 trong suốt,简约适用iphone14promax手机壳透明苹果13全包12磁吸11防摔保护壳,Ốp điện thoại iphone14promax áp dụng đơn giản Ốp bảo vệ chống rơi từ tính 11 bao toàn bộ cho Apple 13 trong suốt,num_mismatch,0.7976999878883362
850901186505,适用iphone16E四角气囊支架太空壳苹果18promax高透17防摔手机壳5,"Ốp lưng điện thoại chống rơi, trong suốt cao cấp, có khung bảo vệ 4 góc, phù hợp với iPhone 16E, Apple 18 Pro Max, 17, 5",适用iphone16E四角气囊支架太空壳苹果18promax高透17防摔手机壳5,"Ốp lưng điện thoại chống rơi, trong suốt cao cấp, có khung bảo vệ 4 góc, phù hợp với iPhone 16E, Apple 18 Pro Max, 17, 5",num_mismatch,0.7342000007629395
913366357347,暗夜紫花适用iphone17手机壳苹果15promax/1413pro16欧美防指纹,"Ốp điện thoại iPhone 17 họa tiết Hoa Tím Đêm Tối, phù hợp với Apple 15 Pro Max/14/13 Pro/16, chống vân tay, phong cách Âu Mỹ.",暗夜紫花适用iphone17手机壳苹果15promax/1413pro16欧美防指纹,"Ốp điện thoại iPhone 17 họa tiết Hoa Tím Đêm Tối, phù hợp với Apple 15 Pro Max/14/13 Pro/16, chống vân tay, phong cách Âu Mỹ",num_mismatch,0.739300012588501
931531557924,适用 iPhone17/18 Pro Max 二合一磁吸壳 带支架肤感17/16E手机套,"Ốp lưng từ tính 2 trong 1 dành cho iPhone 17/18 Pro Max, có chân đế và cảm giác như da thật, tương thích với điện thoại 17/16E",适用 iPhone17/18 Pro Max 二合一磁吸壳 带支架肤感17/16E手机套,"Ốp lưng từ tính 2 trong 1 dành cho iPhone 17/18 Pro Max, có chân đế và cảm giác như da thật, tương thích với điện thoại 17/16E",num_mismatch,0.7968000173568726
948871817771,适用苹果18promax手机壳iPhone17磁吸透明15防摔壳苹果16工厂现货,"Ốp điện thoại phù hợp với Apple 18 Pro Max, ốp iPhone 17 trong suốt từ tính chống rơi, ốp Apple 16 có sẵn tại nhà máy",适用苹果18promax手机壳iPhone17磁吸透明15防摔壳苹果16工厂现货,"Ốp điện thoại phù hợp với Apple 18 Pro Max, ốp iPhone 17 trong suốt từ tính chống rơi, ốp Apple 16 có sẵn tại nhà máy",num_mismatch,0.7914000153541565
886579687721,适用iPhone18PROMAX手机壳高级感闪粉水钻蝴蝶立体苹果17防摔软女,"Ốp điện thoại iPhone 18 Pro Max cao cấp, phủ kim tuyến, đính đá hình bướm, ốp mềm chống rơi 3D dành cho nữ, tương thích với Apple 17",适用iPhone18PROMAX手机壳高级感闪粉水钻蝴蝶立体苹果17防摔软女,"Ốp điện thoại iPhone 18 Pro Max cao cấp, phủ kim tuyến, đính đá hình bướm, ốp mềm chống rơi 3D dành cho nữ, tương thích với Apple 17",num_mismatch,0.7340999841690063
974953647917,适用苹果17手机壳iPhone18Pro max荔枝纹卡包+耳机套手机壳12潮女,"Ốp điện thoại iPhone 18 Pro Max họa tiết vải lychee kèm ngăn đựng thẻ + hộp đựng tai nghe, phù hợp với Apple 17, dành cho nữ giới thời trang.",适用苹果17手机壳iPhone18Pro max荔枝纹卡包+耳机套手机壳12潮女,"Ốp điện thoại iPhone 18 Pro Max họa tiết vải lychee kèm ngăn đựng thẻ + hộp đựng tai nghe, phù hợp với Apple 17, dành cho nữ giới thời trang",num_mismatch,0.7448999881744385
907901654729,适用苹果16可爱猫耳朵手机壳iphone17pro创意13大脸猫手链保护套,"Ốp điện thoại tai mèo dễ thương phù hợp với Apple 16, iPhone 17 Pro, thiết kế sáng tạo, mặt mèo to, kèm vòng tay, bảo vệ toàn diện",适用苹果16可爱猫耳朵手机壳iphone17pro创意13大脸猫手链保护套,"Ốp điện thoại tai mèo dễ thương phù hợp với Apple 16, iPhone 17 Pro, thiết kế sáng tạo, mặt mèo to, kèm vòng tay, bảo vệ toàn diện",num_mismatch,0.7700999975204468
979757485592,电镀镂空立体蛇苹果iPhone17pro手机壳原创电镀蛇纹11适用15防摔,Ốp điện thoại Apple iPhone 17 Pro hình rắn 3D rỗng mạ điện Nguyên bản Mẫu rắn mạ điện 11 Thích hợp cho 15 Chống sốc.,电镀镂空立体蛇苹果iPhone17pro手机壳原创电镀蛇纹11适用15防摔,Ốp điện thoại Apple iPhone 17 Pro hình rắn 3D rỗng mạ điện Nguyên bản Mẫu rắn mạ điện 11 Thích hợp cho 15 Chống sốc,num_mismatch;info_stuffing:điện,0.7103999853134155
987616842818,滴胶金箔闪立体马上有钱适用苹果17promax/16/15手机壳滴胶有钱马,"Ốp điện thoại phủ vàng ánh kim 3D, tạo hiệu ứng giàu sang tức thì, phù hợp với Apple 17 Pro Max/16/15, ốp điện thoại epoxy tạo hiệu ứng giàu sang.",滴胶金箔闪立体马上有钱适用苹果17promax/16/15手机壳滴胶有钱马,"Ốp điện thoại phủ vàng ánh kim 3D, tạo hiệu ứng giàu sang tức thì, phù hợp với Apple 17 Pro Max/16/15, ốp điện thoại epoxy tạo hiệu ứng giàu sang",num_mismatch,0.6416000127792358
993284969590,适用于苹果iphone17promax手机壳16带按键全包1514苹果17手机壳,"Ốp điện thoại phù hợp với Apple iPhone 17 Pro Max, có nút bấm, bảo vệ toàn diện, tương thích với iPhone 15, 14, 17.",适用于苹果iphone17promax手机壳16带按键全包1514苹果17手机壳,"Ốp điện thoại phù hợp với Apple iPhone 17 Pro Max, có nút bấm, bảo vệ toàn diện, tương thích với iPhone 15, 14, 17",num_mismatch,0.7878999710083008
783563358567,波浪镜子适用iphone16可爱海狸手机壳苹果11电镀14tpu全包保护套,Ốp điện thoại di động Beaver đáng yêu dùng cho gương sóng vỏ bảo vệ toàn bộ iPhone 11 mạ điện 14tpu,波浪镜子适用iphone16可爱海狸手机壳苹果11电镀14tpu全包保护套,Ốp điện thoại di động Beaver đáng yêu dùng cho gương sóng vỏ bảo vệ toàn bộ iPhone 11 mạ điện 14tpu,num_mismatch,0.7174000144004822
995101985338,跨境适用苹果17promax手机壳磁吸带支架iphone18二合一气囊防摔壳,"Ốp điện thoại Apple 17 Pro Max đa năng, tích hợp giá đỡ từ tính, chống sốc hai lớp cho iPhone 17.",跨境适用苹果17promax手机壳磁吸带支架iphone18二合一气囊防摔壳,"Ốp điện thoại Apple 17 Pro Max đa năng, tích hợp giá đỡ từ tính, chống sốc hai lớp cho iPhone 17",num_mismatch,0.6937000155448914
986395371958,适用华为MateXT非凡大师三折叠屏手机壳XTs新款磁吸旋转腕带支架,Thích hợp cho Huawei MateXT Extraordinary Master 70% off vỏ điện thoại di động màn hình xếp chồng XTs giá đỡ dây đeo cổ tay xoay từ tính mới,适用华为MateXT非凡大师三折叠屏手机壳XTs新款磁吸旋转腕带支架,Thích hợp cho Huawei MateXT Extraordinary Master 70% off vỏ điện thoại di động màn hình xếp chồng XTs giá đỡ dây đeo cổ tay xoay từ tính mới,num_mismatch,0.7598999738693237
1000021176946,适用苹果16手机壳iPhone17promax防摔15折叠磁吸支架高级感纯色13,Thích hợp cho vỏ điện thoại di động Apple 16 iPhone17promax chống rơi 85% off ngăn xếp chân đế từ tính màu trơn cao cấp 13,适用苹果16手机壳iPhone17promax防摔15折叠磁吸支架高级感纯色13,Thích hợp cho vỏ điện thoại di động Apple 16 iPhone17promax chống rơi 85% off ngăn xếp chân đế từ tính màu trơn cao cấp 13,num_mismatch,0.7581999897956848
782846321577,潮牌金属适用iphone18promax手机壳苹果16pro立体十字架个性17air,"Ốp điện thoại kim loại thời thượng phù hợp với iPhone 18 Pro Max, Apple 16 Pro, thiết kế chữ thập 3D, cá nhân hóa cho 17 Air.",潮牌金属适用iphone18promax手机壳苹果16pro立体十字架个性17air,"Ốp điện thoại kim loại thời thượng phù hợp với iPhone 18 Pro Max, Apple 16 Pro, thiết kế chữ thập 3D, cá nhân hóa cho 17 Air",num_mismatch,0.7361999750137329
863285260180,适用iPhone18promax手机壳精孔固态硅胶苹果17官方纯色液态保护套,"Ốp lưng iPhone 17 Pro Max, chất liệu silicon cao cấp, lỗ nhỏ, màu trơn, bảo vệ toàn diện, chính hãng Apple 16.",适用iPhone18promax手机壳精孔固态硅胶苹果17官方纯色液态保护套,"Ốp lưng iPhone 17 Pro Max, chất liệu silicon cao cấp, lỗ nhỏ, màu trơn, bảo vệ toàn diện, chính hãng Apple 16",num_mismatch,0.7014999985694885
999149031474,气垫立体猫咪适用苹果16手机壳14新款iphone15promax卡通13个性17,"Ốp điện thoại iPhone 16, 14, 15 Pro Max, 13, 17, họa tiết mèo hoạt hình, kiểu dáng thời trang, chất liệu đệm khí, phù hợp với iPhone 16",气垫立体猫咪适用苹果16手机壳14新款iphone15promax卡通13个性17,"Ốp điện thoại iPhone 16, 14, 15 Pro Max, 13, 17, họa tiết mèo hoạt hình, kiểu dáng thời trang, chất liệu đệm khí, phù hợp với iPhone 16",num_mismatch,0.6960999965667725
908973784782,适用iPhone14苹果16PRO透明手机壳17pm四角加厚防摔气囊保护套15,"Ốp điện thoại iPhone 14 Apple 16 Pro trong suốt, chống sốc bốn góc dày dặn, bảo vệ toàn diện 17 giờ",适用iPhone14苹果16PRO透明手机壳17pm四角加厚防摔气囊保护套15,"Ốp điện thoại iPhone 14 Apple 16 Pro trong suốt, chống sốc bốn góc dày dặn, bảo vệ toàn diện 17 giờ",num_mismatch,0.7551000118255615
841257924503,荔枝纹素皮背粘式翻盖手机皮套适用苹果18手机壳插卡iPhone18外壳,"Ốp điện thoại da trơn họa tiết vải litchi, có khe đựng thẻ, phù hợp với iPhone 18",荔枝纹素皮背粘式翻盖手机皮套适用苹果18手机壳插卡iPhone18外壳,"Ốp điện thoại da trơn họa tiết vải litchi, có khe đựng thẻ, phù hợp với iPhone 18",num_mismatch,0.609000027179718
973608107763,适用iPhone18PROMAX手机壳波漾磁吸液态硅胶苹果17四角防摔保护套,"Ốp điện thoại iPhone 18 Pro Max, chất liệu silicon lỏng từ tính hình sóng, bảo vệ chống rơi 4 góc cho Apple 17",适用iPhone18PROMAX手机壳波漾磁吸液态硅胶苹果17四角防摔保护套,"Ốp điện thoại iPhone 18 Pro Max, chất liệu silicon lỏng từ tính hình sóng, bảo vệ chống rơi 4 góc cho Apple 17",num_mismatch,0.7188000082969666
815488285750,电镀银框派对腊肠狗适用苹果16手机壳iphone14promax13链条12女15,Ốp điện thoại di động iPhone 16 phù hợp dùng cho iPhone 16 đại tiệc khung bạc mạ điện dây xích iPhone 14 promax13 12 nữ 15,电镀银框派对腊肠狗适用苹果16手机壳iphone14promax13链条12女15,Ốp điện thoại di động iPhone 16 phù hợp dùng cho iPhone 16 đại tiệc khung bạc mạ điện dây xích iPhone 14 promax13 12 nữ 15,num_mismatch;info_stuffing:iphone,0.7427999973297119
872126493345,适用苹果18ProMax创意涂鸦磁吸手机壳磨砂iPhone17肤感防摔保护套,"Ốp điện thoại iPhone 18 Pro Max họa tiết graffiti sáng tạo, nam châm, chất liệu mờ, cảm giác như da thật, chống rơi, bảo vệ toàn diện.",适用苹果18ProMax创意涂鸦磁吸手机壳磨砂iPhone17肤感防摔保护套,"Ốp điện thoại iPhone 18 Pro Max họa tiết graffiti sáng tạo, nam châm, chất liệu mờ, cảm giác như da thật, chống rơi, bảo vệ toàn diện",num_mismatch,0.6958000063896179
807043075429,适用于iPhone 16 15 Pro苹果18 14 Pro MAX 透明磁吸手机壳17批发,"Ốp điện thoại trong suốt từ tính phù hợp với iPhone 16 15 Pro Apple 18 14 Pro MAX, bán buôn số lượng lớn",适用于iPhone 16 15 Pro苹果18 14 Pro MAX 透明磁吸手机壳17批发,"Ốp điện thoại trong suốt từ tính phù hợp với iPhone 16 15 Pro Apple 18 14 Pro MAX, bán buôn số lượng lớn",num_mismatch,0.7634000182151794
920547345440,磨砂磁吸适用苹果17promax手机壳iPhone15plus防摔14液态硅胶1316,"Ốp lưng nam châm mờ phù hợp với điện thoại Apple 17 Pro Max, iPhone 15 Plus, chống rơi, silicon lỏng 14, 13, 16",磨砂磁吸适用苹果17promax手机壳iPhone15plus防摔14液态硅胶1316,"Ốp lưng nam châm mờ phù hợp với điện thoại Apple 17 Pro Max, iPhone 15 Plus, chống rơi, silicon lỏng 14, 13, 16",num_mismatch,0.678600013256073
937252175008,液态硅胶适用iPhone18Promax旋转支架手机壳带挂绳苹果17防摔护套,"Ốp điện thoại iPhone 17 Pro Max bằng silicon lỏng, có giá đỡ xoay, kèm dây đeo, chống rơi, bảo vệ toàn diện cho Apple 16",液态硅胶适用iPhone18Promax旋转支架手机壳带挂绳苹果17防摔护套,"Ốp điện thoại iPhone 17 Pro Max bằng silicon lỏng, có giá đỡ xoay, kèm dây đeo, chống rơi, bảo vệ toàn diện cho Apple 16",num_mismatch,0.7164000272750854
985402175453,17适用iPhone17promax镜头支架17pro手机壳16promax凹槽滴胶16pro,"Giá đỡ ống kính iPhone 17 Pro Max, ốp điện thoại 17 Pro, keo dán rãnh 16 Pro Max, 16 Pro",17适用iPhone17promax镜头支架17pro手机壳16promax凹槽滴胶16pro,"Giá đỡ ống kính iPhone 17 Pro Max, ốp điện thoại 17 Pro, keo dán rãnh 16 Pro Max, 16 Pro",num_mismatch;info_stuffing:pro,0.7663000226020813
837831056812,跨境新款200000毫安充电宝超级快充大容量户外移动电源power bank,"Sạc dự phòng đa năng xuyên biên giới 200.000 mAh, sạc siêu nhanh, dung lượng lớn, dùng ngoài trời",跨境新款200000毫安充电宝超级快充大容量户外移动电源power bank,"Sạc dự phòng đa năng xuyên biên giới 200.000 mAh, sạc siêu nhanh, dung lượng lớn, dùng ngoài trời",num_mismatch,0.7404999732971191
944723477137,100W超级快充大容量充电宝超大容量160000毫安移动电源power bank,Sạc siêu nhanh 100W pin sạc dự phòng dung lượng lớn công suất siêu lớn 160 000 mAh nguồn điện ngân hàng,100W超级快充大容量充电宝超大容量160000毫安移动电源power bank,Sạc siêu nhanh 100 W pin sạc dự phòng dung lượng lớn công suất siêu lớn 160 000 mAh nguồn điện ngân hàng,num_mismatch,0.7763000130653381
833095572827,跨境现货大容量5万毫安充电宝22.5W快充多U50000户外数显移动电源,"Sạc dự phòng dung lượng lớn 50.000 mAh, sạc nhanh 22.5W, đa cổng, màn hình kỹ thuật số, sử dụng ngoài trời, mã U50000, có sẵn hàng quốc tế.",跨境现货大容量5万毫安充电宝22.5W快充多U50000户外数显移动电源,"Sạc dự phòng dung lượng lớn 50.000 mAh, sạc nhanh 22.5 W, đa cổng, màn hình kỹ thuật số, sử dụng ngoài trời, mã U50000, có sẵn hàng quốc tế",num_mismatch,0.7031000256538391
847308413645,跨境大容量充电宝8万毫安多功能带线户外直播太阳能移动电源礼品,Ngân hàng điện dung lượng lớn xuyên biên giới 80.000 mAh đa chức năng có dây ngoài trời phát sóng trực tiếp năng lượng mặt trời quà tặng nguồn điện di động,跨境大容量充电宝8万毫安多功能带线户外直播太阳能移动电源礼品,Ngân hàng điện dung lượng lớn xuyên biên giới 80.000 mAh đa chức năng có dây ngoài trời phát sóng trực tiếp năng lượng mặt trời quà tặng nguồn điện di động,num_mismatch,0.6855999827384949
846082453615,跨境120W超级快充10万毫安超大容量充电宝自带线便携户外移动电源,"Sạc dự phòng dung lượng cực lớn 100.000 mAh, sạc siêu nhanh 120W xuyên biên giới, tích hợp cáp, thiết bị cấp nguồn di động ngoài trời tiện dụng",跨境120W超级快充10万毫安超大容量充电宝自带线便携户外移动电源,"Sạc dự phòng dung lượng cực lớn 100.000 mAh, sạc siêu nhanh 120 W xuyên biên giới, tích hợp cáp, thiết bị cấp nguồn di động ngoài trời tiện dụng",num_mismatch,0.7534999847412109
896728246954,跨境批发礼品自带线充电宝20000毫安大容量便捷移动电源定 制LOGO,"Quà tặng bán buôn xuyên biên giới có tích hợp sạc dự phòng, dung lượng lớn 20.000 mAh, nguồn điện di động tiện lợi, in logo tùy chỉnh",跨境批发礼品自带线充电宝20000毫安大容量便捷移动电源定 制LOGO,"Quà tặng bán buôn xuyên biên giới có tích hợp sạc dự phòng, dung lượng lớn 20.000 mAh, nguồn điện di động tiện lợi, in logo tùy chỉnh",num_mismatch,0.7389000058174133
977682146101,3C认证充电宝3C认证PD超级双向快充大容量20000毫安跨境移动电源,"Sạc dự phòng đạt chuẩn 3C, hỗ trợ sạc nhanh PD hai chiều, dung lượng lớn 20000 mAh, nguồn điện di động xuyên biên giới",3C认证充电宝3C认证PD超级双向快充大容量20000毫安跨境移动电源,"Sạc dự phòng đạt chuẩn 3C, hỗ trợ sạc nhanh PD hai chiều, dung lượng lớn 20000 mAh, nguồn điện di động xuyên biên giới",num_mismatch,0.8130999803543091
900339252180,跨境工厂批发100000mAh充电宝66W大容量自带线移动电源超大容量,"Sạc dự phòng 100.000mAh 66W dung lượng lớn, tích hợp cáp, nguồn điện di động siêu dung lượng, bán buôn xuyên biên giới",跨境工厂批发100000mAh充电宝66W大容量自带线移动电源超大容量,"Sạc dự phòng 100.000 mAh 66 W dung lượng lớn, tích hợp cáp, nguồn điện di động siêu dung lượng, bán buôn xuyên biên giới",num_mismatch,0.7545999884605408
822392136047,充电宝60000毫安100W超级快充 超大容量充笔记本电脑闪充移动电源,Pin sạc dự phòng 60 000 mAh 100W sạc siêu nhanh siêu dung lượng sạc máy tính xách tay sạc nhanh nguồn điện di động,充电宝60000毫安100W超级快充 超大容量充笔记本电脑闪充移动电源,Pin sạc dự phòng 60 000 mAh 100 W sạc siêu nhanh siêu dung lượng sạc máy tính xách tay sạc nhanh nguồn điện di động,num_mismatch;info_stuffing:sạc,0.7660999894142151
754684448018,足一万毫安充电宝10000毫安充电宝1万毫安充电宝 大容量移动电源,Full 10k mAh powerbank 10000 mAh powerbank 10k mAh powerbank nguồn điện di động dung lượng lớn,足一万毫安充电宝10000毫安充电宝1万毫安充电宝 大容量移动电源,Full 10k mAh powerbank 10000 mAh powerbank 10k mAh powerbank nguồn điện di động dung lượng lớn,num_mismatch;info_stuffing:mah,0.6915000081062317
871287826647,【品牌3C】快充2万毫安充电宝可定制LOGO自带线迷你小巧移动电源,"【Thương hiệu 3C】Sạc dự phòng 20.000 mAh sạc nhanh, có thể tùy chỉnh logo, tích hợp cáp, nguồn điện di động nhỏ gọn tiện lợi",【品牌3C】快充2万毫安充电宝可定制LOGO自带线迷你小巧移动电源,"【Thương hiệu 3C】Sạc dự phòng 20.000 mAh sạc nhanh, có thể tùy chỉnh logo, tích hợp cáp, nguồn điện di động nhỏ gọn tiện lợi",num_mismatch,0.8030999898910522
776309070187,批发3c认证充电宝快充带线大容量1万毫安移动电源充电宝定制logo,"Sạc dự phòng 3C đạt chuẩn, sạc nhanh, dung lượng lớn 10.000 mAh, kèm cáp, in logo theo yêu cầu.",批发3c认证充电宝快充带线大容量1万毫安移动电源充电宝定制logo,"Sạc dự phòng 3C đạt chuẩn, sạc nhanh, dung lượng lớn 10.000 mAh, kèm cáp, in logo theo yêu cầu",num_mismatch,0.7031999826431274
854701027572,青年重磅230g纯棉男士t恤休闲大码短袖跨境半袖纯棉t恤男定制logo,"Áo thun nam cotton 100% cao cấp, size lớn, tay ngắn, kiểu dáng casual, in logo theo yêu cầu, xuất khẩu.",青年重磅230g纯棉男士t恤休闲大码短袖跨境半袖纯棉t恤男定制logo,"Áo thun nam cotton 100% cao cấp, size lớn, tay ngắn, kiểu dáng casual, in logo theo yêu cầu, xuất khẩu",num_mismatch,0.6554999947547913
926715615531,100%丝光棉保罗品牌男装夏季男士短袖t恤翻领纯棉高级感polo衫男,100% cotton đánh thuê thương hiệu Paul quần áo nam mùa hè áo thun nam tay ngắn cổ bẻ 100% cotton cao cấp áo polo nam,100%丝光棉保罗品牌男装夏季男士短袖t恤翻领纯棉高级感polo衫男,100% cotton đánh thuê thương hiệu Paul quần áo nam mùa hè áo thun nam tay ngắn cổ bẻ 100% cotton cao cấp áo polo nam,num_mismatch,0.7174999713897705
702811073539,优质服装重磅全棉oversized男士T恤潮牌纯棉宽松落肩短袖男装T恤,Quần áo cao cấp áo thun nam cotton siêu nặng Áo Thun Nam Tay Ngắn Trễ Vai rộng rãi 100% cotton thương hiệu sành điệu,优质服装重磅全棉oversized男士T恤潮牌纯棉宽松落肩短袖男装T恤,Quần áo cao cấp áo thun nam cotton siêu nặng Áo Thun Nam Tay Ngắn Trễ Vai rộng rãi 100% cotton thương hiệu sành điệu,num_mismatch,0.6730999946594238
772293669348,BE男装2025夏纯棉宽松潮流t恤男美式潮牌重磅做旧磨毛短袖夏季男,Quần áo nam BE áo phông thời trang rộng rãi 100% cotton mùa hè 2025 cho nam tay ngắn mùa hè,BE男装2025夏纯棉宽松潮流t恤男美式潮牌重磅做旧磨毛短袖夏季男,Quần áo nam BE áo phông thời trang rộng rãi 100% cotton mùa hè 2025 cho nam tay ngắn mùa hè,num_mismatch,0.6855000257492065
703774418174,高端60S丝光新疆长绒棉男士白色打底240G重磅纯色圆领短袖T恤夏季,"Áo thun nam chất liệu cotton Xinjiang cao cấp, sợi dài, đã qua xử lý mercerized, màu trắng, dày 240G, cổ tròn, tay ngắn, màu trơn, thích hợp cho mùa hè",高端60S丝光新疆长绒棉男士白色打底240G重磅纯色圆领短袖T恤夏季,"Áo thun nam chất liệu cotton Xinjiang cao cấp, sợi dài, đã qua xử lý mercerized, màu trắng, dày 240 G, cổ tròn, tay ngắn, màu trơn, thích hợp cho mùa hè",num_mismatch,0.5871999859809875
921841241535,三本针！久洗不变形！300g重磅纯棉白色短袖T恤女 宽松半袖内搭男,Ba cây kim! Không biến dạng sau một thời gian dài! Áo phông ngắn tay màu trắng 100% cotton nặng 300g nữ tay lỡ rộng rãi phối bên trong nam,三本针!久洗不变形!300g重磅纯棉白色短袖T恤女 宽松半袖内搭男,Ba cây kim! Không biến dạng sau một thời gian dài! Áo phông ngắn tay màu trắng 100% cotton nặng 300 g nữ tay lỡ rộng rãi phối bên trong nam,num_mismatch,0.7127000093460083
770298758586,美式重磅纯棉长袖T恤男士潮牌春秋百搭卫衣男春季宽松休闲打底衫,Áo thun nam dài tay 100% cotton kiểu Mỹ Áo Hoodie dễ phối xuân thu thương hiệu thời trang nam áo mặc trong thoải mái mùa xuân rộng rãi,美式重磅纯棉长袖T恤男士潮牌春秋百搭卫衣男春季宽松休闲打底衫,Áo thun nam dài tay 100% cotton kiểu Mỹ Áo Hoodie dễ phối xuân thu thương hiệu thời trang nam áo mặc trong thoải mái mùa xuân rộng rãi,num_mismatch,0.6923999786376953
904503644895,300g新疆纯棉重磅短袖t厚实男女款打底衫夏季圆领基础tshirt美式,Áo sơ mi nam nữ dày dặn tay ngắn 100% cotton Tân Cương 300g mùa hè cổ tròn cơ bản tshirt kiểu Mỹ,300g新疆纯棉重磅短袖t厚实男女款打底衫夏季圆领基础tshirt美式,Áo sơ mi nam nữ dày dặn tay ngắn 100% cotton Tân Cương 300 g mùa hè cổ tròn cơ bản tshirt kiểu Mỹ,num_mismatch,0.7110000252723694
942576012942,纯棉短袖t恤男士夏季装重磅宽松青少年圆领衣服潮牌潮流2025新款,"Áo thun nam cotton 100%, tay ngắn, mùa hè, dáng rộng, trẻ trung, cổ tròn, thời trang, thương hiệu xu hướng 2025, kiểu mới",纯棉短袖t恤男士夏季装重磅宽松青少年圆领衣服潮牌潮流2025新款,"Áo thun nam cotton 100%, tay ngắn, mùa hè, dáng rộng, trẻ trung, cổ tròn, thời trang, thương hiệu xu hướng 2025, kiểu mới",num_mismatch,0.6582000255584717
799751592031,200g重磅美式纯棉t恤男短袖宽松圆领上衣服潮流印花体恤夏季半袖,Áo phông 100% cotton kiểu Mỹ nặng 200g áo nam ngắn tay cổ tròn rộng rãi áo phông in hoa trào lưu mùa hè tay lỡ,200g重磅美式纯棉t恤男短袖宽松圆领上衣服潮流印花体恤夏季半袖,Áo phông 100% cotton kiểu Mỹ nặng 200 g áo nam ngắn tay cổ tròn rộng rãi áo phông in hoa trào lưu mùa hè tay lỡ,num_mismatch,0.7062000036239624
904474704331,纯棉重磅短袖t恤男夏季ins潮流宽松大码印花半袖上衣打底衫跨境潮,Áo thun nam ngắn tay ngắn 100% cotton áo cộc tay in hoa size lớn rộng rãi xu hướng instagram mùa hè cho nam áo mặc trong sành điệu xuyên biên giới,纯棉重磅短袖t恤男夏季ins潮流宽松大码印花半袖上衣打底衫跨境潮,Áo thun nam ngắn tay ngắn 100% cotton áo cộc tay in hoa size lớn rộng rãi xu hướng instagram mùa hè cho nam áo mặc trong sành điệu xuyên biên giới,num_mismatch,0.6771000027656555
920080333966,新疆棉400g重磅白色纯棉短袖男t恤情侣装体恤打底衫美式半袖女tee,Áo phông nam ngắn tay 100% cotton màu trắng nặng 400g cotton Tân Cương áo phông đôi áo phông kiểu Mỹ tay lỡ,新疆棉400g重磅白色纯棉短袖男t恤情侣装体恤打底衫美式半袖女tee,Áo phông nam ngắn tay 100% cotton màu trắng nặng 400 g cotton Tân Cương áo phông đôi áo phông kiểu Mỹ tay lỡ,num_mismatch;info_stuffing:phông,0.6460000276565552
944363781772,450g面料重磅短袖男夏季纯棉厚实新疆棉小领口美式半袖打底衫tee,Áo sơ mi nam cộc tay kiểu Mỹ cộc tay kiểu dáng Mỹ cổ nhỏ 100% cotton dày dặn mùa hè cho nam tay ngắn 450g,450g面料重磅短袖男夏季纯棉厚实新疆棉小领口美式半袖打底衫tee,Áo sơ mi nam cộc tay kiểu Mỹ cộc tay kiểu dáng Mỹ cổ nhỏ 100% cotton dày dặn mùa hè cho nam tay ngắn 450 g,num_mismatch;info_stuffing:tay,0.6509000062942505
681257559412,现货青年重磅220g圆领休闲半袖定制logo纯棉短袖男T恤打底衫厂家,Hàng có sẵn thanh niên nặng 220g cổ tròn giản dị nửa tay tùy chỉnh logo 100% cotton tay ngắn áo thun nam đáy áo nhà sản xuất,现货青年重磅220g圆领休闲半袖定制logo纯棉短袖男T恤打底衫厂家,Hàng có sẵn thanh niên nặng 220 g cổ tròn giản dị nửa tay tùy chỉnh logo 100% cotton tay ngắn áo thun nam đáy áo nhà sản xuất,num_mismatch,0.7609999775886536
632335784201,夏季高品质落肩短袖t恤男 女Oversize宽松纯棉半袖班服定制印logo,Áo T-shirt cộc tay trễ vai chất lượng cao mùa hè cho nam nữ áo lớp tay lỡ 100% cotton rộng rãi Oversize,夏季高品质落肩短袖t恤男 女Oversize宽松纯棉半袖班服定制印logo,Áo T-shirt cộc tay trễ vai chất lượng cao mùa hè cho nam nữ áo lớp tay lỡ 100% cotton rộng rãi Oversize,num_mismatch,0.6866000294685364
772220491911,重磅250G纯棉T恤男宽松休闲落肩款男士短袖打底衫纯色半袖体恤夏,Áo phông 100% cotton nặng 250g Áo Phông Nam Ngắn Tay mẫu thả vai thoải mái rộng rãi cho nam áo phông Nửa tay màu trơn mùa hè,重磅250G纯棉T恤男宽松休闲落肩款男士短袖打底衫纯色半袖体恤夏,Áo phông 100% cotton nặng 250 g Áo Phông Nam Ngắn Tay mẫu thả vai thoải mái rộng rãi cho nam áo phông Nửa tay màu trơn mùa hè,num_mismatch;info_stuffing:phông,0.6866000294685364
911430666145,200g重磅纯棉日系短袖T恤男夏季新款潮宽松男生男款半袖体恤上衣,Áo thun nam tay ngắn kiểu Nhật 100% cotton nặng 200g áo thun nam tay ngắn dáng rộng mẫu mới mùa hè,200g重磅纯棉日系短袖T恤男夏季新款潮宽松男生男款半袖体恤上衣,Áo thun nam tay ngắn kiểu Nhật 100% cotton nặng 200 g áo thun nam tay ngắn dáng rộng mẫu mới mùa hè,num_mismatch,0.7113000154495239
610349136566,2026新品190G宽松oversize男士纯棉t恤 潮牌短袖空白纯色t基础款,"Áo thun nam cotton 100% dáng rộng, size lớn, màu trơn, kiểu dáng cơ bản, thương hiệu thời trang, tay ngắn, mẫu mới 2026, 190G.",2026新品190G宽松oversize男士纯棉t恤 潮牌短袖空白纯色t基础款,"Áo thun nam cotton 100% dáng rộng, size lớn, màu trơn, kiểu dáng cơ bản, thương hiệu thời trang, tay ngắn, mẫu mới 2026, 190 G",num_mismatch,0.6772000193595886
791004608846,280克美式重磅短袖t恤男2024新款夏季半袖体恤纯棉潮牌打底衫上衣,Áo thun nam ngắn tay ngắn kiểu Mỹ 280g Áo thun nam cộc tay mùa hè mẫu mới 2024 áo mặc trong Thương hiệu sành điệu 100% cotton,280克美式重磅短袖t恤男2024新款夏季半袖体恤纯棉潮牌打底衫上衣,Áo thun nam ngắn tay ngắn kiểu Mỹ 280 g Áo thun nam cộc tay mùa hè mẫu mới 2024 áo mặc trong Thương hiệu sành điệu 100% cotton,num_mismatch,0.6830000281333923
785034143557,大码纯棉短袖t恤男夏季宽松ins潮牌胖子大码加肥加大男士体恤潮流,Áo Phông Nam Ngắn Tay 100% Cotton Size Lớn Áo phông nam Size Lớn Size Lớn size lớn cho người béo thương hiệu thời trang Instagram rộng rãi mùa hè,大码纯棉短袖t恤男夏季宽松ins潮牌胖子大码加肥加大男士体恤潮流,Áo Phông Nam Ngắn Tay 100% Cotton Size Lớn Áo phông nam Size Lớn Size Lớn size lớn cho người béo thương hiệu thời trang Instagram rộng rãi mùa hè,num_mismatch;info_stuffing:size,0.6782000064849854
787208471610,三本针260g重磅短袖t恤男夏季潮牌纯棉体恤美式宽松圆领印花半袖,Áo Phông Nam Ngắn Tay ba chân 260g Áo phông nam 100% cotton thương hiệu thời trang mùa hè phong cách Mỹ rộng rãi cổ tròn in hoa cộc tay,三本针260g重磅短袖t恤男夏季潮牌纯棉体恤美式宽松圆领印花半袖,Áo Phông Nam Ngắn Tay ba chân 260 g Áo phông nam 100% cotton thương hiệu thời trang mùa hè phong cách Mỹ rộng rãi cổ tròn in hoa cộc tay,num_mismatch,0.6399000287055969
898670213858,重磅纯棉夏季短袖T恤男宽松休闲日系复古百搭ins潮牌潮流上衣,"Áo phông ngắn tay mùa hè 100% cotton nặng, áo thời trang thương hiệu instagram dễ phối cổ điển Nhật Bản rộng rãi thoải mái cho nam",重磅纯棉夏季短袖T恤男宽松休闲日系复古百搭ins潮牌潮流上衣,"Áo phông ngắn tay mùa hè 100% cotton nặng, áo thời trang thương hiệu instagram dễ phối cổ điển Nhật Bản rộng rãi thoải mái cho nam",num_mismatch,0.6492999792098999
861122031798,重磅300g纯棉黑白色长袖T恤男打底衫春秋季内搭上衣圆领宽松百搭,Áo phông dài tay màu trắng đen 100% cotton nặng 300g áo mặc trong cho nam áo mặc trong mùa xuân thu cổ tròn rộng rãi dễ phối,重磅300g纯棉黑白色长袖T恤男打底衫春秋季内搭上衣圆领宽松百搭,Áo phông dài tay màu trắng đen 100% cotton nặng 300 g áo mặc trong cho nam áo mặc trong mùa xuân thu cổ tròn rộng rãi dễ phối,num_mismatch,0.7371000051498413
903979490163,三防纯棉t恤液氨纯色圆领短袖男夏季白色防油污女落肩外穿黑科技,Áo phông 100% cotton ba chống lỏng màu trơn amoniac cổ tròn tay ngắn nam mùa hè màu trắng chống dầu cho nữ mặc ngoài công nghệ màu đen,三防纯棉t恤液氨纯色圆领短袖男夏季白色防油污女落肩外穿黑科技,Áo phông 100% cotton ba chống lỏng màu trơn amoniac cổ tròn tay ngắn nam mùa hè màu trắng chống dầu cho nữ mặc ngoài công nghệ màu đen,num_mismatch;info_stuffing:màu,0.6793000102043152
943825182651,纯棉短袖男士夏季新款修身百搭纯色潮流中青年v领内搭打底衫上衣,Áo sơ mi nam ngắn tay 100% cotton áo mặc trong phối bên trong cổ chữ V trẻ trung và trung niên trào lưu tôn dáng dễ phối màu trơn mẫu mới mùa hè,纯棉短袖男士夏季新款修身百搭纯色潮流中青年v领内搭打底衫上衣,Áo sơ mi nam ngắn tay 100% cotton áo mặc trong phối bên trong cổ chữ V trẻ trung và trung niên trào lưu tôn dáng dễ phối màu trơn mẫu mới mùa hè,num_mismatch,0.6715999841690063
964872232940,200g纯棉落肩男式T恤宽松圆领短袖情侣体恤夏季纯色百搭休闲上衣,"Áo thun nam cotton 100% 200g, kiểu dáng rộng, cổ tròn, tay ngắn, áo đôi, màu trơn, đa năng, mặc hè",200g纯棉落肩男式T恤宽松圆领短袖情侣体恤夏季纯色百搭休闲上衣,"Áo thun nam cotton 100% 200 g, kiểu dáng rộng, cổ tròn, tay ngắn, áo đôi, màu trơn, đa năng, mặc hè",num_mismatch,0.6553999781608582
925876889162,纯棉短袖t恤男士夏季薄款宽松休闲上衣男生圆领印花百搭半袖t恤衫,"Áo thun cotton 100% tay ngắn nam, áo thun mùa hè mỏng nhẹ, kiểu dáng rộng rãi, áo thun bé trai cổ tròn in hình đa năng tay lửng",纯棉短袖t恤男士夏季薄款宽松休闲上衣男生圆领印花百搭半袖t恤衫,"Áo thun cotton 100% tay ngắn nam, áo thun mùa hè mỏng nhẹ, kiểu dáng rộng rãi, áo thun bé trai cổ tròn in hình đa năng tay lửng",num_mismatch;info_stuffing:thun,0.6420000195503235
890859521976,200g纯棉小落肩短袖t恤男女同款半袖纯色黑色白色男士圆领打底代,Áo phông ngắn tay trễ vai 100% cotton 200g cho nam và nữ cùng kiểu dáng nửa tay màu trơn màu đen trắng cho nam cổ tròn thế hệ,200g纯棉小落肩短袖t恤男女同款半袖纯色黑色白色男士圆领打底代,Áo phông ngắn tay trễ vai 100% cotton 200 g cho nam và nữ cùng kiểu dáng nửa tay màu trơn màu đen trắng cho nam cổ tròn thế hệ,num_mismatch,0.6881999969482422
915618729531,纯棉短袖t恤男夏季新款宽松圆领纯色百搭上衣潮流中青年休闲打底,Áo phông ngắn tay 100% cotton áo dễ phối màu trơn cổ tròn rộng rãi mẫu mới mùa hè cho nam áo mặc trong thường ngày thanh niên và trung niên sành điệu,纯棉短袖t恤男夏季新款宽松圆领纯色百搭上衣潮流中青年休闲打底,Áo phông ngắn tay 100% cotton áo dễ phối màu trơn cổ tròn rộng rãi mẫu mới mùa hè cho nam áo mặc trong thường ngày thanh niên và trung niên sành điệu,num_mismatch,0.6736000180244446
698630357175,余文乐夏季短袖T恤男潮流宽松半袖ins潮牌学生大码纯棉体恤男衣服,Áo Phông Nam Ngắn Tay Mùa Hè Shawn Yue Áo phông nam 100% cotton cỡ lớn cho học sinh Thương hiệu sành điệu Instagram tay lỡ,余文乐夏季短袖T恤男潮流宽松半袖ins潮牌学生大码纯棉体恤男衣服,Áo Phông Nam Ngắn Tay Mùa Hè Shawn Yue Áo phông nam 100% cotton cỡ lớn cho học sinh Thương hiệu sành điệu Instagram tay lỡ,num_mismatch,0.6306999921798706
764815655364,400g重磅纯棉t恤厚实不透短袖男女款美式小领口宽松大码打底上衣,Áo T-shirt 100% cotton nặng 400g áo mặc trong cỡ lớn rộng rãi kiểu Mỹ cổ nhỏ nam nữ tay ngắn dày dặn không thấm nước,400g重磅纯棉t恤厚实不透短袖男女款美式小领口宽松大码打底上衣,Áo T-shirt 100% cotton nặng 400 g áo mặc trong cỡ lớn rộng rãi kiểu Mỹ cổ nhỏ nam nữ tay ngắn dày dặn không thấm nước,num_mismatch,0.7469000220298767
945672879016,夏季爆款圆领重磅纯棉印花T恤男短袖潮上衣男士青少年休闲ins半袖,Áo phông nam ngắn tay in hoa 100% cotton cổ tròn kiểu hot mùa hè,夏季爆款圆领重磅纯棉印花T恤男短袖潮上衣男士青少年休闲ins半袖,Áo phông nam ngắn tay in hoa 100% cotton cổ tròn kiểu hot mùa hè,num_mismatch,0.6236000061035156
809470080221,重磅潮牌纯棉印花男士短袖T恤2025新款夏季爆款潮流休闲圆领体恤,"Áo thun nam tay ngắn chất cotton 100% in hình, thương hiệu thời trang cao cấp, mẫu mới hè 2025, bán chạy, kiểu dáng năng động, cổ tròn",重磅潮牌纯棉印花男士短袖T恤2025新款夏季爆款潮流休闲圆领体恤,"Áo thun nam tay ngắn chất cotton 100% in hình, thương hiệu thời trang cao cấp, mẫu mới hè 2025, bán chạy, kiểu dáng năng động, cổ tròn",num_mismatch,0.6288999915122986
878673751476,潮牌纯棉对勾短袖白色t恤男韩版运动休闲半袖情侣装宽松百搭体恤,Áo phông trắng ngắn tay móc cặp 100% cotton thương hiệu sành điệu trang phục cặp đôi cộc tay thường ngày thể thao phong cách Hàn Quốc áo phông rộng rãi dễ phối đồ,潮牌纯棉对勾短袖白色t恤男韩版运动休闲半袖情侣装宽松百搭体恤,Áo phông trắng ngắn tay móc cặp 100% cotton thương hiệu sành điệu trang phục cặp đôi cộc tay thường ngày thể thao phong cách Hàn Quốc áo phông rộng rãi dễ phối đồ,num_mismatch,0.6794999837875366
714581117126,夏季男纯棉短袖T恤纯色潮流百搭情侣修身学生青少年打底衫运动,Áo Phông Nam Ngắn Tay 100% cotton mùa hè áo mặc trong cho học sinh thanh thiếu niên tôn dáng dễ phối đồ cặp đôi sành điệu,夏季男纯棉短袖T恤纯色潮流百搭情侣修身学生青少年打底衫运动,Áo Phông Nam Ngắn Tay 100% cotton mùa hè áo mặc trong cho học sinh thanh thiếu niên tôn dáng dễ phối đồ cặp đôi sành điệu,num_mismatch,0.6581000089645386
841766198022,短袖t恤男夏季美式复古高街潮牌休闲半袖上衣服重磅纯棉宽松体恤,Áo phông ngắn tay áo nam mùa hè phong cách Mỹ cổ điển cao đường phố thương hiệu thời trang thường ngày áo cộc tay áo phông rộng rãi 100% cotton,短袖t恤男夏季美式复古高街潮牌休闲半袖上衣服重磅纯棉宽松体恤,Áo phông ngắn tay áo nam mùa hè phong cách Mỹ cổ điển cao đường phố thương hiệu thời trang thường ngày áo cộc tay áo phông rộng rãi 100% cotton,num_mismatch,0.6708999872207642
807723935740,2025新款爆款半袖休闲高档男士短袖t恤夏季纯棉体恤潮牌百搭上衣T,Áo thun nam tay ngắn tay cao cấp giản dị mẫu mới năm 2025 áo thun 100% cotton mùa hè thương hiệu sành điệu áo dễ phối đồ T,2025新款爆款半袖休闲高档男士短袖t恤夏季纯棉体恤潮牌百搭上衣T,Áo thun nam tay ngắn tay cao cấp giản dị mẫu mới năm 2025 áo thun 100% cotton mùa hè thương hiệu sành điệu áo dễ phối đồ T,num_mismatch,0.7038000226020813
942350562446,200克纯棉t恤男短袖夏季高品质潮流宽松休闲纯色圆领百搭半袖上衣,Áo T-shirt 100% cotton 200g áo cộc tay dễ phối cổ tròn màu trơn rộng rãi thời thượng chất lượng cao mùa hè cho nam,200克纯棉t恤男短袖夏季高品质潮流宽松休闲纯色圆领百搭半袖上衣,Áo T-shirt 100% cotton 200 g áo cộc tay dễ phối cổ tròn màu trơn rộng rãi thời thượng chất lượng cao mùa hè cho nam,num_mismatch,0.7554000020027161
868933031233,三本针500G纯棉重磅美式加厚长袖男大码内搭圆领卫衣女春秋打底衫,Áo hoodie nam cổ tròn phối bên trong size lớn dài tay dày dặn kiểu Mỹ 100% cotton 500G áo mặc trong xuân thu nữ,三本针500G纯棉重磅美式加厚长袖男大码内搭圆领卫衣女春秋打底衫,Áo hoodie nam cổ tròn phối bên trong size lớn dài tay dày dặn kiểu Mỹ 100% cotton 500 G áo mặc trong xuân thu nữ,num_mismatch,0.6646999716758728
773518582629,酒红色美式复古T恤男短袖oversize夏季潮牌纯棉宽松五分袖上衣潮,Áo phông cổ điển kiểu Mỹ màu đỏ rượu áo nam tay ngắn oversize thương hiệu thời trang mùa hè 100% cotton rộng rãi,酒红色美式复古T恤男短袖oversize夏季潮牌纯棉宽松五分袖上衣潮,Áo phông cổ điển kiểu Mỹ màu đỏ rượu áo nam tay ngắn oversize thương hiệu thời trang mùa hè 100% cotton rộng rãi,num_mismatch,0.703499972820282
899091088271,重磅短袖T恤男上衣服夏季新款美式纯棉潮牌打底白色宽松半袖体恤,Áo phông nam ngắn tay nặng tay áo mùa hè mẫu mới phong cách Mỹ 100% cotton thương hiệu thời trang mặc trong màu trắng rộng rãi tay,重磅短袖T恤男上衣服夏季新款美式纯棉潮牌打底白色宽松半袖体恤,Áo phông nam ngắn tay nặng tay áo mùa hè mẫu mới phong cách Mỹ 100% cotton thương hiệu thời trang mặc trong màu trắng rộng rãi tay,num_mismatch;info_stuffing:tay,0.6859999895095825
803843685955,重磅纯棉夏季短袖t恤男士百搭宽松休闲大码字母印花凉感圆领体恤,Áo thun nam ngắn tay mùa hè 100% cotton nặng tay Áo Thun Cổ Tròn mát lạnh in chữ cỡ lớn thoải mái rộng rãi dễ phối đồ nam,重磅纯棉夏季短袖t恤男士百搭宽松休闲大码字母印花凉感圆领体恤,Áo thun nam ngắn tay mùa hè 100% cotton nặng tay Áo Thun Cổ Tròn mát lạnh in chữ cỡ lớn thoải mái rộng rãi dễ phối đồ nam,num_mismatch,0.675000011920929
778765286111,2024酒红色平安喜乐纯棉圆领短袖T恤春夏季潮流男士上衣宽松型,Áo thun tay ngắn cổ tròn 100% cotton Ping An Joy mẫu mới màu đỏ rượu 2024 Áo nam thời trang xuân hè,2024酒红色平安喜乐纯棉圆领短袖T恤春夏季潮流男士上衣宽松型,Áo thun tay ngắn cổ tròn 100% cotton Ping An Joy mẫu mới màu đỏ rượu 2024 Áo nam thời trang xuân hè,num_mismatch,0.6459000110626221
946465489200,t恤短袖潮牌200克夏季新款纯棉男款半袖韩版潮流上衣时尚打底衫,Áo thun tay ngắn thương hiệu sành điệu 200g mẫu mới mùa hè 100% cotton nam tay lỡ áo thời trang áo mặc trong thời trang,t恤短袖潮牌200克夏季新款纯棉男款半袖韩版潮流上衣时尚打底衫,Áo thun tay ngắn thương hiệu sành điệu 200 g mẫu mới mùa hè 100% cotton nam tay lỡ áo thời trang áo mặc trong thời trang,num_mismatch,0.7304999828338623
885404954166,重磅400g纯棉短袖男夏季宽松百搭亲肤舒适厚实不透打底衫上衣女,Áo sơ mi nam 400g 100% cotton ngắn tay mùa hè rộng rãi dễ phối đồ thoải mái dày dặn không trong suốt áo nữ,重磅400g纯棉短袖男夏季宽松百搭亲肤舒适厚实不透打底衫上衣女,Áo sơ mi nam 400 g 100% cotton ngắn tay mùa hè rộng rãi dễ phối đồ thoải mái dày dặn không trong suốt áo nữ,num_mismatch,0.6894999742507935
899558722026,180g精梳纯棉短袖男女款t恤夏季薄款纯色圆领上衣内搭休闲白色T恤,Áo phông nam nữ tay ngắn 100% cotton chải kỹ 180g áo cổ tròn màu trơn mẫu mỏng mùa hè áo phông trắng mặc thường ngày,180g精梳纯棉短袖男女款t恤夏季薄款纯色圆领上衣内搭休闲白色T恤,Áo phông nam nữ tay ngắn 100% cotton chải kỹ 180 g áo cổ tròn màu trơn mẫu mỏng mùa hè áo phông trắng mặc thường ngày,num_mismatch,0.6588000059127808
868287023982,新疆棉300g重磅纯棉长袖宽松纯白色上衣内搭厚实打底衫t恤男女款,Áo màu trắng trơn rộng rãi dài tay 100% cotton nặng 300g cotton Tân Cương áo phông mặc trong dày dặn mẫu nam nữ,新疆棉300g重磅纯棉长袖宽松纯白色上衣内搭厚实打底衫t恤男女款,Áo màu trắng trơn rộng rãi dài tay 100% cotton nặng 300 g cotton Tân Cương áo phông mặc trong dày dặn mẫu nam nữ,num_mismatch,0.6176000237464905
917416197378,美式痞帅重磅230g纯棉短袖T恤男夏季潮流ins潮牌宽松圆领印花上衣,"Áo phông ngắn tay 100% cotton 230g kiểu Mỹ, áo in hoa cổ tròn rộng rãi thương hiệu thời trang instagram trào lưu mùa hè cho nam",美式痞帅重磅230g纯棉短袖T恤男夏季潮流ins潮牌宽松圆领印花上衣,"Áo phông ngắn tay 100% cotton 230 g kiểu Mỹ, áo in hoa cổ tròn rộng rãi thương hiệu thời trang instagram trào lưu mùa hè cho nam",num_mismatch,0.6916999816894531
919460536535,重磅260g纯棉短袖T恤男士夏季圆领落肩款T恤双纱32支宽松纯色休闲,"Áo thun nam cotton 100% dày dặn 260g, tay ngắn, cổ tròn, kiểu dáng vai xuôi, chất liệu sợi đôi 32 sợi, form rộng, màu trơn, phong cách casual.",重磅260g纯棉短袖T恤男士夏季圆领落肩款T恤双纱32支宽松纯色休闲,"Áo thun nam cotton 100% dày dặn 260 g, tay ngắn, cổ tròn, kiểu dáng vai xuôi, chất liệu sợi đôi 32 sợi, form rộng, màu trơn, phong cách casual",num_mismatch,0.6686999797821045
861132015426,重磅300g纯棉t恤男纯色圆领短袖女短袖休闲简约打底衫男女同款,Áo phông 100% cotton 300g nặng cho nam áo mặc trong đơn giản tay ngắn tay cổ tròn trơn màu cho nữ,重磅300g纯棉t恤男纯色圆领短袖女短袖休闲简约打底衫男女同款,Áo phông 100% cotton 300 g nặng cho nam áo mặc trong đơn giản tay ngắn tay cổ tròn trơn màu cho nữ,num_mismatch,0.7161999940872192
938378662904,2025夏季纯棉短袖T恤男生美式ins半袖宽松体恤大码打底衫潮牌,Áo phông ngắn tay 100% cotton mùa hè 2025 cho bé trai áo phông rộng tay cộc tay instagram kiểu Mỹ áo mặc trong cỡ lớn thương hiệu thời trang,2025夏季纯棉短袖T恤男生美式ins半袖宽松体恤大码打底衫潮牌,Áo phông ngắn tay 100% cotton mùa hè 2025 cho bé trai áo phông rộng tay cộc tay instagram kiểu Mỹ áo mặc trong cỡ lớn thương hiệu thời trang,num_mismatch;info_stuffing:tay,0.6855999827384949
898172112599,潮牌秋季男装短袖T恤衫男士纯棉圆领加肥加大码胖子宽松短袖藏蓝,Áo phông nam ngắn tay mùa thu thương hiệu thời trang áo phông nam 100% cotton cổ tròn size to người béo form rộng tay ngắn xanh navy,潮牌秋季男装短袖T恤衫男士纯棉圆领加肥加大码胖子宽松短袖藏蓝,Áo phông nam ngắn tay mùa thu thương hiệu thời trang áo phông nam 100% cotton cổ tròn size to người béo form rộng tay ngắn xanh navy,num_mismatch,0.6696000099182129
935087302525,300g重磅水洗做旧t恤男女款夏天美式复古纯棉宽松大码短袖t潮体恤,"Áo thun cotton 100% chất liệu dày dặn, giặt mài, kiểu dáng rộng, size lớn, tay ngắn, phong cách retro Mỹ, dành cho nam và nữ, mùa hè, 300g",300g重磅水洗做旧t恤男女款夏天美式复古纯棉宽松大码短袖t潮体恤,"Áo thun cotton 100% chất liệu dày dặn, giặt mài, kiểu dáng rộng, size lớn, tay ngắn, phong cách retro Mỹ, dành cho nam và nữ, mùa hè, 300 g",num_mismatch,0.6703000068664551
929349792143,夏季潮牌高端欧货t恤短袖男款重磅纯棉百搭帅气修身潮流印花半袖,Áo thun hàng châu Âu cao cấp thương hiệu thời trang mùa hè tay ngắn mẫu nam 100% cotton nặng dễ phối đẹp trai ôm dáng thời trang in hoa,夏季潮牌高端欧货t恤短袖男款重磅纯棉百搭帅气修身潮流印花半袖,Áo thun hàng châu Âu cao cấp thương hiệu thời trang mùa hè tay ngắn mẫu nam 100% cotton nặng dễ phối đẹp trai ôm dáng thời trang in hoa,num_mismatch,0.7235000133514404
892057578375,240g重磅纯棉长袖T恤男宽松春秋款纯色休闲内搭厚实不透打底上衣,Áo phông dài tay 100% cotton loại nặng 240g áo mặc trong dày không trong suốt mặc thường ngày màu trơn mẫu xuân thu rộng rãi cho nam,240g重磅纯棉长袖T恤男宽松春秋款纯色休闲内搭厚实不透打底上衣,Áo phông dài tay 100% cotton loại nặng 240 g áo mặc trong dày không trong suốt mặc thường ngày màu trơn mẫu xuân thu rộng rãi cho nam,num_mismatch,0.7167999744415283
815822057642,美式重磅短袖t恤男夏季潮流宽松字母印花男士厚实透气纯棉打底衫,Áo thun nam ngắn tay kiểu Mỹ áo mặc trong 100% cotton thoáng khí dày dặn cho nam in chữ rộng rãi trào lưu mùa hè,美式重磅短袖t恤男夏季潮流宽松字母印花男士厚实透气纯棉打底衫,Áo thun nam ngắn tay kiểu Mỹ áo mặc trong 100% cotton thoáng khí dày dặn cho nam in chữ rộng rãi trào lưu mùa hè,num_mismatch,0.6995000243186951
760603864190,260g重磅纯棉t恤男士短袖纯色白色上衣服美式体恤全棉半袖打底衫,Áo phông 100% cotton nặng 260g áo nam tay ngắn màu trắng,260g重磅纯棉t恤男士短袖纯色白色上衣服美式体恤全棉半袖打底衫,Áo phông 100% cotton nặng 260 g áo nam tay ngắn màu trắng,num_mismatch,0.7160000205039978
822830655480,夏季180克纯棉t恤男短袖百搭休闲重磅纯色宽松上衣内搭白色打底衫,Áo phông 100% cotton 180g mùa hè áo nam ngắn tay dễ phối giản dị màu nặng rộng rãi áo mặc trong màu trắng,夏季180克纯棉t恤男短袖百搭休闲重磅纯色宽松上衣内搭白色打底衫,Áo phông 100% cotton 180 g mùa hè áo nam ngắn tay dễ phối giản dị màu nặng rộng rãi áo mặc trong màu trắng,num_mismatch,0.7139000296592712
977845559027,高级灰500g重磅纯棉双砂纯色长袖T恤男女同款体桖内搭男士上衣装,Áo thun dài tay màu xám cao cấp 500g cotton nguyên chất nặng 500g Unisex Base Layer Áo nam.,高级灰500g重磅纯棉双砂纯色长袖T恤男女同款体桖内搭男士上衣装,Áo thun dài tay màu xám cao cấp 500 g cotton nguyên chất nặng 500 g Unisex Base Layer Áo nam,num_mismatch,0.6646999716758728
779239805226,重磅潮牌纯棉印花男士短袖T恤2025新款夏季爆款潮流休闲圆领体恤,"Áo thun nam tay ngắn chất cotton 100% in họa tiết, thương hiệu thời trang cao cấp, mẫu mới hè 2025, bán chạy, kiểu dáng năng động, cổ tròn",重磅潮牌纯棉印花男士短袖T恤2025新款夏季爆款潮流休闲圆领体恤,"Áo thun nam tay ngắn chất cotton 100% in họa tiết, thương hiệu thời trang cao cấp, mẫu mới hè 2025, bán chạy, kiểu dáng năng động, cổ tròn",num_mismatch,0.6252999901771545
983206992216,外贸230g重磅纯棉短袖T恤男士夏季新款高端潮牌宽松圆领潮流体恤,"Áo thun nam cotton 100% cao cấp, tay ngắn, chất liệu dày dặn 230g, kiểu dáng rộng rãi, cổ tròn, thời trang, thương hiệu cao cấp, mẫu mới mùa hè.",外贸230g重磅纯棉短袖T恤男士夏季新款高端潮牌宽松圆领潮流体恤,"Áo thun nam cotton 100% cao cấp, tay ngắn, chất liệu dày dặn 230 g, kiểu dáng rộng rãi, cổ tròn, thời trang, thương hiệu cao cấp, mẫu mới mùa hè",num_mismatch,0.6654999852180481
925210968178,一折专区|奥莱折扣| 夏季短袖T恤男运动百搭情侣上衣半截宽松,Khu vực giảm giá 10% | Giảm giá Ole | Áo phông nam ngắn tay mùa hè áo đôi thể thao dễ phối đồ nửa rộng rãi,一折专区|奥莱折扣| 夏季短袖T恤男运动百搭情侣上衣半截宽松,Khu vực giảm giá 10% | Giảm giá Ole | Áo phông nam ngắn tay mùa hè áo đôi thể thao dễ phối đồ nửa rộng rãi,num_mismatch,0.7060999870300293
897967575465,潮牌宽松纯棉短袖T恤男夏季半袖体恤重磅港风打底衫ins上衣服,Áo phông ngắn tay 100% cotton dáng rộng thương hiệu thời trang áo phông nam cộc tay mùa hè áo mặc trong phong cách Hồng Kông nặng,潮牌宽松纯棉短袖T恤男夏季半袖体恤重磅港风打底衫ins上衣服,Áo phông ngắn tay 100% cotton dáng rộng thương hiệu thời trang áo phông nam cộc tay mùa hè áo mặc trong phong cách Hồng Kông nặng,num_mismatch,0.6396999955177307
901942717386,奥特莱斯/一折专区/ 短袖t恤男夏季圆领运动休闲小落肩打底衫,Outlet/ 90% off Khu vực đặc biệt/ Áo thun ngắn tay nam cổ tròn mùa hè thể thao giản dị áo sơ mi lệch vai nhỏ,奥特莱斯/一折专区/ 短袖t恤男夏季圆领运动休闲小落肩打底衫,Outlet/ 90% off Khu vực đặc biệt/ Áo thun ngắn tay nam cổ tròn mùa hè thể thao giản dị áo sơ mi lệch vai nhỏ,num_mismatch,0.6754000186920166
783508438650,200g重磅纯棉t恤男短袖夏季潮流宽松圆领上衣服美式半袖体恤,Áo phông 100% cotton nặng 200g áo nam ngắn tay cổ tròn rộng rãi trào lưu mùa hè áo phông tay lỡ kiểu Mỹ,200g重磅纯棉t恤男短袖夏季潮流宽松圆领上衣服美式半袖体恤,Áo phông 100% cotton nặng 200 g áo nam ngắn tay cổ tròn rộng rãi trào lưu mùa hè áo phông tay lỡ kiểu Mỹ,num_mismatch,0.7315000295639038
804807287457,美式水洗t恤男士夏季圆领纯棉短袖做旧潮牌上衣大码男装宽松体恤,Áo T-shirt kiểu Mỹ áo nam mùa hè cổ tròn 100% cotton ngắn tay làm cũ thời trang áo nam Cỡ lớn Áo phông rộng rãi,美式水洗t恤男士夏季圆领纯棉短袖做旧潮牌上衣大码男装宽松体恤,Áo T-shirt kiểu Mỹ áo nam mùa hè cổ tròn 100% cotton ngắn tay làm cũ thời trang áo nam Cỡ lớn Áo phông rộng rãi,num_mismatch,0.6830999851226807
790201108762,重磅纯棉短袖T恤男士港风潮流宽松百搭体恤ins休闲半袖情侣上衣服,Áo phông ngắn tay 100% cotton nặng cho nam áo phông dễ phối rộng rãi trào lưu phong cách Hồng Kông Áo Cặp Đôi Tay Lỡ thường ngày Instagram,重磅纯棉短袖T恤男士港风潮流宽松百搭体恤ins休闲半袖情侣上衣服,Áo phông ngắn tay 100% cotton nặng cho nam áo phông dễ phối rộng rãi trào lưu phong cách Hồng Kông Áo Cặp Đôi Tay Lỡ thường ngày Instagram,num_mismatch,0.6292999982833862
623388194829,230g日系重磅纯棉短袖t恤男女纯色白色男士空白衫潮牌ins批发货源,Áo phông ngắn tay 100% cotton nặng 230g phong cách Nhật Bản cho nam và nữ áo trắng rỗng nam màu trắng trơn Thương hiệu sành điệu ins cung cấp sỉ,230g日系重磅纯棉短袖t恤男女纯色白色男士空白衫潮牌ins批发货源,Áo phông ngắn tay 100% cotton nặng 230 g phong cách Nhật Bản cho nam và nữ áo trắng rỗng nam màu trắng trơn Thương hiệu sành điệu ins cung cấp sỉ,num_mismatch,0.7257999777793884
800414414153,美式260g重磅纯棉t恤男士短袖2026新款夏季半袖潮牌印花体恤上衣,"Áo thun nam cotton 100% dày dặn kiểu Mỹ 260g, tay ngắn, mẫu mới hè 2026, in hình thời trang, thương hiệu nổi tiếng",美式260g重磅纯棉t恤男士短袖2026新款夏季半袖潮牌印花体恤上衣,"Áo thun nam cotton 100% dày dặn kiểu Mỹ 260 g, tay ngắn, mẫu mới hè 2026, in hình thời trang, thương hiệu nổi tiếng",num_mismatch,0.6991999745368958
897702964733,200g纯棉小落肩短袖t恤男女同款半袖纯色黑色白色男士圆领打底代,Áo phông ngắn tay trễ vai 100% cotton 200g cho nam và nữ cùng kiểu dáng nửa tay màu trơn màu đen trắng cho nam cổ tròn thế hệ,200g纯棉小落肩短袖t恤男女同款半袖纯色黑色白色男士圆领打底代,Áo phông ngắn tay trễ vai 100% cotton 200 g cho nam và nữ cùng kiểu dáng nửa tay màu trơn màu đen trắng cho nam cổ tròn thế hệ,num_mismatch,0.6881999969482422
891576192844,t恤潮牌高档短袖男夏季2025新款ins宽松薄款圆领纯棉痞帅上衣体恤,Áo phông nam tay ngắn cao cấp thương hiệu sành điệu áo phông đẹp trai 100% cotton cổ tròn mẫu mỏng rộng rãi instagram mẫu mới mùa hè 2025,t恤潮牌高档短袖男夏季2025新款ins宽松薄款圆领纯棉痞帅上衣体恤,Áo phông nam tay ngắn cao cấp thương hiệu sành điệu áo phông đẹp trai 100% cotton cổ tròn mẫu mỏng rộng rãi instagram mẫu mới mùa hè 2025,num_mismatch,0.6899999976158142
887214849025,潮牌t恤男新款重磅短袖夏季衣服上衣纯棉宽松白体恤圆领半袖男款,Áo T-shirt thương hiệu thời trang áo mùa hè ngắn tay nặng mẫu mới áo phông trắng rộng rãi 100% cotton cổ tròn tay lỡ kiểu nam,潮牌t恤男新款重磅短袖夏季衣服上衣纯棉宽松白体恤圆领半袖男款,Áo T-shirt thương hiệu thời trang áo mùa hè ngắn tay nặng mẫu mới áo phông trắng rộng rãi 100% cotton cổ tròn tay lỡ kiểu nam,num_mismatch,0.7314000129699707
996859451654,260g重磅落肩短袖男夏季美式健身运动体恤cleanfit纯棉半袖T恤,"Áo thun nam tay ngắn dáng rộng, chất liệu cotton 100%, kiểu dáng thể thao Mỹ, mùa hè, trọng lượng 260g, kiểu dáng ôm sát.",260g重磅落肩短袖男夏季美式健身运动体恤cleanfit纯棉半袖T恤,"Áo thun nam tay ngắn dáng rộng, chất liệu cotton 100%, kiểu dáng thể thao Mỹ, mùa hè, trọng lượng 260 g, kiểu dáng ôm sát",num_mismatch;info_stuffing:dáng,0.6510999798774719
931026396847,尚谷男装 夏季新款T恤男明线宽松五分袖体恤衫百搭休闲潮流,Áo phông nam Shanggu mẫu mới mùa hè áo phông nam tay 5 phân dáng rộng đường hở dễ phối xu hướng giản dị,尚谷男装 夏季新款T恤男明线宽松五分袖体恤衫百搭休闲潮流,Áo phông nam Shanggu mẫu mới mùa hè áo phông nam tay 5 phân dáng rộng đường hở dễ phối xu hướng giản dị,num_mismatch,0.6570000052452087
944921024488,2025夏季新款重磅纯棉短袖T恤纯色宽松百搭男简约潮流百搭打底衫,Áo phông ngắn tay 100% cotton nặng mẫu mới mùa hè 2025 áo mặc trong dễ phối đồ đơn giản cho nam,2025夏季新款重磅纯棉短袖T恤纯色宽松百搭男简约潮流百搭打底衫,Áo phông ngắn tay 100% cotton nặng mẫu mới mùa hè 2025 áo mặc trong dễ phối đồ đơn giản cho nam,num_mismatch,0.6916000247001648
892709000811,港风短袖男装纯棉打底衫t恤潮牌潮流2025新款宽松青少年半袖夏季,Áo phông nam ngắn tay phong cách Hồng Kông áo phông 100% cotton thời trang thương hiệu sành điệu mẫu mới 2025 rộng rãi thanh thiếu niên tay lỡ mùa hè,港风短袖男装纯棉打底衫t恤潮牌潮流2025新款宽松青少年半袖夏季,Áo phông nam ngắn tay phong cách Hồng Kông áo phông 100% cotton thời trang thương hiệu sành điệu mẫu mới 2025 rộng rãi thanh thiếu niên tay lỡ mùa hè,num_mismatch,0.697700023651123
768654361170,肃宁重磅230克纯棉小落肩大码圆领短袖T恤男纯色空白衫文化衫批发,"Áo thun nam tay ngắn cổ tròn dáng rộng chất liệu cotton 100% 230g, màu trơn, áo trơn không in, áo văn hóa bán buôn.",肃宁重磅230克纯棉小落肩大码圆领短袖T恤男纯色空白衫文化衫批发,"Áo thun nam tay ngắn cổ tròn dáng rộng chất liệu cotton 100% 230 g, màu trơn, áo trơn không in, áo văn hóa bán buôn",num_mismatch,0.6782000064849854
906656433533,【一折专区】奥莱精选丨重磅丨男装T恤丨短袖夏季丨美式潮牌,[Giảm giá 10%] Lựa chọn của Ole 丨 Áo phông nam hạng nặng 丨 Áo phông nam ngắn tay mùa hè 丨 Thương hiệu thời trang Mỹ,【一折专区】奥莱精选 重磅 男装T恤 短袖夏季 美式潮牌,[Giảm giá 10%] Lựa chọn của Ole Áo phông nam hạng nặng Áo phông nam ngắn tay mùa hè Thương hiệu thời trang Mỹ,cjk_in_vi;num_mismatch,0.7264999747276306
846584034422,水洗做旧砂洗宽松落肩纯棉美式短袖大版T恤衫重磅潮休闲欧码230g,Áo thun cỡ lớn ngắn tay kiểu Mỹ ngắn tay kiểu dáng rộng rãi giặt cát cũ,水洗做旧砂洗宽松落肩纯棉美式短袖大版T恤衫重磅潮休闲欧码230g,Áo thun cỡ lớn ngắn tay kiểu Mỹ ngắn tay kiểu dáng rộng rãi giặt cát cũ,num_mismatch,0.6367999911308289
889749120833,夏季220克重磅纯色打底衫男体恤宽松上衣厚实精梳纯棉男士短袖t恤,Áo mặc trong màu nặng 220g mùa hè áo phông nam rộng rãi áo phông nam ngắn tay 100% cotton chải kỹ dày dặn,夏季220克重磅纯色打底衫男体恤宽松上衣厚实精梳纯棉男士短袖t恤,Áo mặc trong màu nặng 220 g mùa hè áo phông nam rộng rãi áo phông nam ngắn tay 100% cotton chải kỹ dày dặn,num_mismatch,0.7282000184059143
971468075231,230克纯棉针织短袖男装打底衫白t恤男情侣装体恤衣服透气情侣款,"Áo thun nam tay ngắn chất liệu cotton 100% 230g, màu trắng, kiểu dáng cặp đôi, thoáng khí",230克纯棉针织短袖男装打底衫白t恤男情侣装体恤衣服透气情侣款,"Áo thun nam tay ngắn chất liệu cotton 100% 230 g, màu trắng, kiểu dáng cặp đôi, thoáng khí",num_mismatch,0.6682000160217285
791913514407,重磅潮牌纯棉印花男士短袖T恤2025新款夏季爆款潮流休闲圆领体恤,Áo thun nam ngắn tay in hình 100% cotton thương hiệu thời trang nặng mẫu mới mùa hè 2025 áo thun cổ tròn giản dị thời thượng,重磅潮牌纯棉印花男士短袖T恤2025新款夏季爆款潮流休闲圆领体恤,Áo thun nam ngắn tay in hình 100% cotton thương hiệu thời trang nặng mẫu mới mùa hè 2025 áo thun cổ tròn giản dị thời thượng,num_mismatch,0.6534000039100647
939772082546,夏季重磅纯棉百搭潮牌男装短袖T恤圆领休闲潮流半袖体恤衫上衣ins,Áo phông nam tay ngắn thương hiệu thời trang dễ phối 100% cotton nặng mùa hè áo phông cộc tay cổ tròn xu hướng giản dị áo instagram,夏季重磅纯棉百搭潮牌男装短袖T恤圆领休闲潮流半袖体恤衫上衣ins,Áo phông nam tay ngắn thương hiệu thời trang dễ phối 100% cotton nặng mùa hè áo phông cộc tay cổ tròn xu hướng giản dị áo instagram,num_mismatch,0.6765000224113464
795779079227,重磅纯棉短袖T恤休闲潮流男女款夏季ins百搭圆领上衣潮百搭男半袖,Áo phông ngắn tay 100% cotton nặng tay áo cổ tròn dễ phối Instagram mẫu mùa hè nam nữ trào lưu thường ngày,重磅纯棉短袖T恤休闲潮流男女款夏季ins百搭圆领上衣潮百搭男半袖,Áo phông ngắn tay 100% cotton nặng tay áo cổ tròn dễ phối Instagram mẫu mùa hè nam nữ trào lưu thường ngày,num_mismatch,0.6251000165939331
898277209637,纯棉男士圆领t恤上衣夏季新款大众潮流宽松短袖青春打底休闲半袖,Áo thun nam cổ tròn 100% cotton áo mùa hè mẫu mới thịnh hành rộng rãi tay ngắn trẻ trung mặc trong thường ngày,纯棉男士圆领t恤上衣夏季新款大众潮流宽松短袖青春打底休闲半袖,Áo thun nam cổ tròn 100% cotton áo mùa hè mẫu mới thịnh hành rộng rãi tay ngắn trẻ trung mặc trong thường ngày,num_mismatch,0.6622999906539917
877599172729,立体分割拼接设计短袖T恤男26夏季新款美式复古麂皮绒半袖体恤衫q,"Áo thun nam tay ngắn thiết kế cắt may ba chiều, mẫu mới mùa hè 2026, phong cách retro Mỹ, chất liệu da lộn.",立体分割拼接设计短袖T恤男26夏季新款美式复古麂皮绒半袖体恤衫q,"Áo thun nam tay ngắn thiết kế cắt may ba chiều, mẫu mới mùa hè 2026, phong cách retro Mỹ, chất liệu da lộn",num_mismatch,0.6074000000953674
815475273453,重磅潮牌纯棉印花男士短袖T恤2025新款夏季爆款潮流休闲圆领体恤,"Áo thun nam tay ngắn chất cotton 100% in hình, thương hiệu thời trang cao cấp, mẫu mới hè 2025, bán chạy, kiểu dáng năng động, cổ tròn",重磅潮牌纯棉印花男士短袖T恤2025新款夏季爆款潮流休闲圆领体恤,"Áo thun nam tay ngắn chất cotton 100% in hình, thương hiệu thời trang cao cấp, mẫu mới hè 2025, bán chạy, kiểu dáng năng động, cổ tròn",num_mismatch,0.6288999915122986
896616118579,美式复古重磅麂皮绒短袖男2025休闲半袖上衣T恤夏季潮牌新款体恤,Áo phông nam cộc tay ngắn tay da lộn nặng cổ điển kiểu Mỹ áo phông mẫu mới thương hiệu thời trang mùa hè mẫu mới,美式复古重磅麂皮绒短袖男2025休闲半袖上衣T恤夏季潮牌新款体恤,Áo phông nam cộc tay ngắn tay da lộn nặng cổ điển kiểu Mỹ áo phông mẫu mới thương hiệu thời trang mùa hè mẫu mới,num_mismatch,0.6101999878883362
899491924159,重磅潮牌纯棉印花男士短袖T恤2025新款夏季爆款潮流休闲圆领体恤,Áo thun nam ngắn tay in hình 100% cotton thương hiệu thời trang nặng mẫu mới mùa hè 2025 áo thun cổ tròn giản dị thời thượng,重磅潮牌纯棉印花男士短袖T恤2025新款夏季爆款潮流休闲圆领体恤,Áo thun nam ngắn tay in hình 100% cotton thương hiệu thời trang nặng mẫu mới mùa hè 2025 áo thun cổ tròn giản dị thời thượng,num_mismatch,0.6534000039100647
776335973784,重磅纯棉潮牌印花男士短袖T恤2025新款夏季爆款潮流痞帅休闲体恤,"Áo thun nam tay ngắn chất cotton 100% cao cấp, in họa tiết thời trang, thương hiệu nổi tiếng, kiểu dáng hè 2025 mới, phong cách cá tính, năng động, thoải mái.",重磅纯棉潮牌印花男士短袖T恤2025新款夏季爆款潮流痞帅休闲体恤,"Áo thun nam tay ngắn chất cotton 100% cao cấp, in họa tiết thời trang, thương hiệu nổi tiếng, kiểu dáng hè 2025 mới, phong cách cá tính, năng động, thoải mái",num_mismatch,0.642799973487854
667112430628,2027高端190g高支双面液氨丝光棉t恤男匹马棉纯棉圆领短袖t恤男,"Áo thun nam cao cấp 2027, chất liệu cotton mercerized xử lý amoniac lỏng hai mặt, sợi 190g, dệt mật độ cao, chất liệu cotton Pima 100% cotton, cổ tròn, tay ngắn.",2027高端190g高支双面液氨丝光棉t恤男匹马棉纯棉圆领短袖t恤男,"Áo thun nam cao cấp 2027, chất liệu cotton mercerized xử lý amoniac lỏng hai mặt, sợi 190 g, dệt mật độ cao, chất liệu cotton Pima 100% cotton, cổ tròn, tay ngắn",num_mismatch;info_stuffing:cotton,0.6453999876976013
949459144615,NASA品牌纯棉短袖T恤男夏季小众设计感半袖男青少年高端宽松上衣,"Áo thun nam NASA chất liệu cotton 100%, tay ngắn, thiết kế độc đáo mùa hè, kiểu dáng trẻ trung, sang trọng, rộng rãi.",NASA品牌纯棉短袖T恤男夏季小众设计感半袖男青少年高端宽松上衣,"Áo thun nam NASA chất liệu cotton 100%, tay ngắn, thiết kế độc đáo mùa hè, kiểu dáng trẻ trung, sang trọng, rộng rãi",num_mismatch,0.7537999749183655
793963094091,美式200g重磅纯棉短袖t恤男圆领宽松男士纯白色打底衫2025新款夏,Áo phông ngắn tay 100% cotton nặng 200g kiểu Mỹ áo mặc trong màu trắng trơn nam rộng rãi cổ tròn mẫu mới mùa hè 2025,美式200g重磅纯棉短袖t恤男圆领宽松男士纯白色打底衫2025新款夏,Áo phông ngắn tay 100% cotton nặng 200 g kiểu Mỹ áo mặc trong màu trắng trơn nam rộng rãi cổ tròn mẫu mới mùa hè 2025,num_mismatch,0.7146999835968018
760068468746,260g重磅纯棉t恤男短袖夏季潮流宽松圆领体恤上衣服美式全棉半袖,Áo phông 100% cotton nặng 260g Áo phông cổ tròn rộng rãi trào lưu mùa hè tay ngắn cho nam tay lỡ 100% cotton kiểu Mỹ,260g重磅纯棉t恤男短袖夏季潮流宽松圆领体恤上衣服美式全棉半袖,Áo phông 100% cotton nặng 260 g Áo phông cổ tròn rộng rãi trào lưu mùa hè tay ngắn cho nam tay lỡ 100% cotton kiểu Mỹ,num_mismatch,0.7052000164985657
870089466582,纯棉男士圆领t恤上衣夏季新款大众潮牌宽松短袖青春打底休闲半袖,Áo thun nam cổ tròn 100% cotton áo mùa hè mẫu mới phong cách Volkswagen thời trang rộng rãi tay ngắn trẻ trung mặc trong thường ngày,纯棉男士圆领t恤上衣夏季新款大众潮牌宽松短袖青春打底休闲半袖,Áo thun nam cổ tròn 100% cotton áo mùa hè mẫu mới phong cách Volkswagen thời trang rộng rãi tay ngắn trẻ trung mặc trong thường ngày,num_mismatch,0.6414999961853027
915419939279,重磅240g纯棉短袖t恤男夏季宽松五分袖美式潮牌百搭休闲半袖体恤,Áo phông ngắn tay 100% cotton 240g nặng cho nam áo phông cộc tay rộng rãi mùa hè thương hiệu thời trang kiểu Mỹ dễ phối,重磅240g纯棉短袖t恤男夏季宽松五分袖美式潮牌百搭休闲半袖体恤,Áo phông ngắn tay 100% cotton 240 g nặng cho nam áo phông cộc tay rộng rãi mùa hè thương hiệu thời trang kiểu Mỹ dễ phối,num_mismatch,0.7092000246047974
811970700916,重磅潮牌纯棉印花男士短袖T恤2025新款夏季爆款潮流休闲圆领体恤,"Áo thun nam tay ngắn chất liệu cotton 100%, in hình, thương hiệu thời trang cao cấp, mẫu mới hè 2025, bán chạy, kiểu cổ tròn, phong cách thường ngày",重磅潮牌纯棉印花男士短袖T恤2025新款夏季爆款潮流休闲圆领体恤,"Áo thun nam tay ngắn chất liệu cotton 100%, in hình, thương hiệu thời trang cao cấp, mẫu mới hè 2025, bán chạy, kiểu cổ tròn, phong cách thường ngày",num_mismatch,0.6312999725341797
906186186705,纯棉黑色宽松短袖男款夏季美式高街正肩t恤cleanfit感痞帅半截袖,100% cotton màu đen form rộng tay ngắn nam mùa hè phong cách Mỹ cao cổ ngang vai tay lỡ dáng suông,纯棉黑色宽松短袖男款夏季美式高街正肩t恤cleanfit感痞帅半截袖,100% cotton màu đen form rộng tay ngắn nam mùa hè phong cách Mỹ cao cổ ngang vai tay lỡ dáng suông,num_mismatch,0.7159000039100647
903412620207,200g重磅纯棉t恤男短袖夏季宽松圆领上衣服字母印花美式半袖,"Áo thun nam cotton 100% dày dặn 200g, tay ngắn, mùa hè, dáng rộng, cổ tròn, in chữ, kiểu Mỹ, nửa tay",200g重磅纯棉t恤男短袖夏季宽松圆领上衣服字母印花美式半袖,"Áo thun nam cotton 100% dày dặn 200 g, tay ngắn, mùa hè, dáng rộng, cổ tròn, in chữ, kiểu Mỹ, nửa tay",num_mismatch,0.7254999876022339
777927314466,夏季重磅纯棉百搭潮牌男装短袖T恤圆领休闲潮流半袖体恤衫上衣ins,Áo Phông Nam Ngắn Tay Thương hiệu thời trang 100% cotton dễ phối đồ mùa hè Áo Phông Cộc Tay Cổ Tròn xu hướng giản dị áo Instagram,夏季重磅纯棉百搭潮牌男装短袖T恤圆领休闲潮流半袖体恤衫上衣ins,Áo Phông Nam Ngắn Tay Thương hiệu thời trang 100% cotton dễ phối đồ mùa hè Áo Phông Cộc Tay Cổ Tròn xu hướng giản dị áo Instagram,num_mismatch,0.6491000056266785
817823309131,2025夏季男士纯棉短袖T恤潮流潮牌休闲运动百搭体恤衫青少年上衣,"Áo thun nam cotton 100% tay ngắn mùa hè 2025, kiểu dáng thời trang, phong cách thể thao đa năng, áo thun trẻ trung",2025夏季男士纯棉短袖T恤潮流潮牌休闲运动百搭体恤衫青少年上衣,"Áo thun nam cotton 100% tay ngắn mùa hè 2025, kiểu dáng thời trang, phong cách thể thao đa năng, áo thun trẻ trung",num_mismatch,0.6827999949455261
899093478475,美式重磅短袖男纯棉t恤男生夏季半袖oversize潮牌字母宽松上衣潮,Áo phông nam 100% cotton ngắn tay kiểu Mỹ tay lỡ mùa hè cho bé trai,美式重磅短袖男纯棉t恤男生夏季半袖oversize潮牌字母宽松上衣潮,Áo phông nam 100% cotton ngắn tay kiểu Mỹ tay lỡ mùa hè cho bé trai,num_mismatch,0.6446999907493591
900014872737,美式水洗纯棉重磅短袖t恤男夏季2025新款复古硬汉半袖上衣服潮牌,Áo phông nam tay ngắn tay ngắn 100% cotton giặt kiểu Mỹ áo nam tay lỡ cứng cổ điển mẫu mới mùa hè 2025 thương hiệu thời trang,美式水洗纯棉重磅短袖t恤男夏季2025新款复古硬汉半袖上衣服潮牌,Áo phông nam tay ngắn tay ngắn 100% cotton giặt kiểu Mỹ áo nam tay lỡ cứng cổ điển mẫu mới mùa hè 2025 thương hiệu thời trang,num_mismatch;info_stuffing:tay,0.6729999780654907
816434683179,男款纯棉短袖潮牌夏季港风宽松青少年半袖t恤初高中学生大码上衣,Áo phông nam cộc tay ngắn tay rộng rãi thanh thiếu niên phong cách Hồng Kông mùa hè thương hiệu thời thượng 100% cotton áo size lớn học sinh cấp 2,男款纯棉短袖潮牌夏季港风宽松青少年半袖t恤初高中学生大码上衣,Áo phông nam cộc tay ngắn tay rộng rãi thanh thiếu niên phong cách Hồng Kông mùa hè thương hiệu thời thượng 100% cotton áo size lớn học sinh cấp 2,num_mismatch,0.6876000165939331
653054469642,AG190克紧密赛络纺T恤男纯棉纯色圆领男士短袖广告衫批发印字logo,"Áo thun nam chất liệu cotton 100% AG190g, kiểu dáng ôm body, cổ tròn, tay ngắn, in logo, bán sỉ.",AG190克紧密赛络纺T恤男纯棉纯色圆领男士短袖广告衫批发印字logo,"Áo thun nam chất liệu cotton 100% AG190 g, kiểu dáng ôm body, cổ tròn, tay ngắn, in logo, bán sỉ",num_mismatch,0.676800012588501
969903466660,260克精梳棉质落肩T恤衫跨境重磅男式短袖薄款圆领纯棉t恤男,"Áo thun cotton chải kỹ 260g, kiểu dáng vai xuôi, chất liệu dày dặn, tay ngắn, cổ tròn, 100% cotton dành cho nam.",260克精梳棉质落肩T恤衫跨境重磅男式短袖薄款圆领纯棉t恤男,"Áo thun cotton chải kỹ 260 g, kiểu dáng vai xuôi, chất liệu dày dặn, tay ngắn, cổ tròn, 100% cotton dành cho nam",num_mismatch,0.6003000140190125
768355456879,250克重磅圆领t恤男纯棉纯色男士短袖广告衫团体服批发印字logo,"Áo thun nam cổ tròn 250g chất liệu dày dặn, 100% cotton, màu trơn, áo quảng cáo tay ngắn nam, đồng phục nhóm, bán sỉ in logo.",250克重磅圆领t恤男纯棉纯色男士短袖广告衫团体服批发印字logo,"Áo thun nam cổ tròn 250 g chất liệu dày dặn, 100% cotton, màu trơn, áo quảng cáo tay ngắn nam, đồng phục nhóm, bán sỉ in logo",num_mismatch,0.713100016117096
786138838460,220克纯棉短袖圆领男士夏季重磅纯色宽松体恤T恤定制工作服文化衫,220g 100% cotton tay ngắn cổ tròn áo thun nam mùa hè nặng màu trơn rộng rãi áo phông quần áo làm việc tùy chỉnh áo văn hóa,220克纯棉短袖圆领男士夏季重磅纯色宽松体恤T恤定制工作服文化衫,220 g 100% cotton tay ngắn cổ tròn áo thun nam mùa hè nặng màu trơn rộng rãi áo phông quần áo làm việc tùy chỉnh áo văn hóa,num_mismatch,0.7659000158309937
937412128665,230g日系风通勤纯棉T恤男夏季圆领微落肩短袖休闲印花上衣体恤ins,"Áo thun cotton nguyên chất kiểu Nhật dành cho nam, cổ tròn mùa hè, vai hơi trễ, áo ngắn tay in họa tiết giản dị, phong cách ins.",230g日系风通勤纯棉T恤男夏季圆领微落肩短袖休闲印花上衣体恤ins,"Áo thun cotton nguyên chất kiểu Nhật dành cho nam, cổ tròn mùa hè, vai hơi trễ, áo ngắn tay in họa tiết giản dị, phong cách ins",num_mismatch,0.6783000230789185
854765501902,260g重磅精梳棉男士t恤宽松日式oversize风男女款纯棉短袖百搭,Áo phông nam cotton chải kỹ nặng 260g phong cách Nhật Bản rộng rãi phong cách oversize nam nữ 100% cotton ngắn tay dễ phối,260g重磅精梳棉男士t恤宽松日式oversize风男女款纯棉短袖百搭,Áo phông nam cotton chải kỹ nặng 260 g phong cách Nhật Bản rộng rãi phong cách oversize nam nữ 100% cotton ngắn tay dễ phối,num_mismatch,0.7343999743461609
793027653936,重磅潮牌纯棉印花男士短袖T恤2025新款夏季爆款潮流休闲圆领体恤,"Áo thun nam tay ngắn chất cotton 100% in hình, thương hiệu thời trang cao cấp, mẫu mới hè 2025, bán chạy, kiểu dáng năng động, cổ tròn",重磅潮牌纯棉印花男士短袖T恤2025新款夏季爆款潮流休闲圆领体恤,"Áo thun nam tay ngắn chất cotton 100% in hình, thương hiệu thời trang cao cấp, mẫu mới hè 2025, bán chạy, kiểu dáng năng động, cổ tròn",num_mismatch,0.6288999915122986
777804419239,美式街头复古纯棉短袖t恤男夏季圆领做旧潮牌潮流oversize半截袖,Áo phông ngắn tay 100% cotton cổ điển đường phố kiểu Mỹ nam mùa hè cổ tròn làm cũ thương hiệu thời trang trào lưu tay lỡ oversize,美式街头复古纯棉短袖t恤男夏季圆领做旧潮牌潮流oversize半截袖,Áo phông ngắn tay 100% cotton cổ điển đường phố kiểu Mỹ nam mùa hè cổ tròn làm cũ thương hiệu thời trang trào lưu tay lỡ oversize,num_mismatch,0.7444999814033508
897826662865,美式纯棉短袖t恤男士夏季潮牌宽松圆领半袖潮流印花休闲情侣体恤,Áo thun nam ngắn tay 100% cotton kiểu Mỹ áo thun cặp đôi in hoa thời trang cổ tròn rộng rãi thương hiệu thời trang mùa hè,美式纯棉短袖t恤男士夏季潮牌宽松圆领半袖潮流印花休闲情侣体恤,Áo thun nam ngắn tay 100% cotton kiểu Mỹ áo thun cặp đôi in hoa thời trang cổ tròn rộng rãi thương hiệu thời trang mùa hè,num_mismatch,0.6700999736785889
840637501439,潮牌HH字母印花男士t恤秋季男装宽松230g纯棉圆领内搭外穿衣服男,Áo phông nam in hoa chữ HH thương hiệu sành điệu trang phục nam mùa thu áo mặc trong phối bên ngoài cổ tròn 100% cotton rộng rãi 230g nam,潮牌HH字母印花男士t恤秋季男装宽松230g纯棉圆领内搭外穿衣服男,Áo phông nam in hoa chữ HH thương hiệu sành điệu trang phục nam mùa thu áo mặc trong phối bên ngoài cổ tròn 100% cotton rộng rãi 230 g nam,num_mismatch,0.7276999950408936
900694518671,直播爆款230克重磅纯棉打底衫夏季新款男女装潮流百搭圆领短袖T恤,"Áo thun cotton 100% dày dặn 230g, kiểu dáng mới mùa hè, unisex, thời trang, đa năng, cổ tròn, tay ngắn, đang được phát sóng trực tiếp.",直播爆款230克重磅纯棉打底衫夏季新款男女装潮流百搭圆领短袖T恤,"Áo thun cotton 100% dày dặn 230 g, kiểu dáng mới mùa hè, unisex, thời trang, đa năng, cổ tròn, tay ngắn, đang được phát sóng trực tiếp",num_mismatch,0.7008000016212463
945249859952,纯棉260克重磅2026美式男图案短袖T恤男2026夏宽松休闲情侣女潮牌,"Áo thun nam tay ngắn họa tiết kiểu Mỹ chất liệu cotton nguyên chất 260g dày dặn, áo thun cặp đôi thời trang mùa hè 2026 nam nữ, kiểu dáng rộng rãi thoải mái.",纯棉260克重磅2026美式男图案短袖T恤男2026夏宽松休闲情侣女潮牌,"Áo thun nam tay ngắn họa tiết kiểu Mỹ chất liệu cotton nguyên chất 260 g dày dặn, áo thun cặp đôi thời trang mùa hè 2026 nam nữ, kiểu dáng rộng rãi thoải mái",num_mismatch,0.73580002784729
902475125305,美式复古个性涂鸦纯棉短袖t恤男夏季潮牌宽松显瘦学院风半袖上衣,Áo phông cộc tay 100% cotton graffiti cá tính cổ điển kiểu Mỹ áo cộc tay phong cách học đường tôn dáng dáng gầy rộng rãi thương hiệu thời trang mùa hè cho nam,美式复古个性涂鸦纯棉短袖t恤男夏季潮牌宽松显瘦学院风半袖上衣,Áo phông cộc tay 100% cotton graffiti cá tính cổ điển kiểu Mỹ áo cộc tay phong cách học đường tôn dáng dáng gầy rộng rãi thương hiệu thời trang mùa hè cho nam,num_mismatch,0.6682000160217285
917120632360,320G重磅纯棉长袖t恤男士2025春秋新款青年白色高端休闲打底衫男,"Áo thun nam cotton 100% dày dặn 320G tay dài, xuân thu 2025, kiểu trẻ trung, màu trắng, phong cách lịch lãm, áo lót nam",320G重磅纯棉长袖t恤男士2025春秋新款青年白色高端休闲打底衫男,"Áo thun nam cotton 100% dày dặn 320 G tay dài, xuân thu 2025, kiểu trẻ trung, màu trắng, phong cách lịch lãm, áo lót nam",num_mismatch,0.7106000185012817
710326579364,男士长袖新款纯色T恤衫欧码休闲运动圆领纯棉字母印花长袖打底衫,Áo thun nam dài tay màu trơn mẫu mới áo mặc trong dài tay in chữ cổ tròn 100% cotton thể thao thường Ngày size Châu Âu,男士长袖新款纯色T恤衫欧码休闲运动圆领纯棉字母印花长袖打底衫,Áo thun nam dài tay màu trơn mẫu mới áo mặc trong dài tay in chữ cổ tròn 100% cotton thể thao thường Ngày size Châu Âu,num_mismatch,0.6603000164031982
904511107749,欧美潮牌短袖ins纯棉上衣夏季男士印花T恤潮流男女百搭圆领体恤男,Áo 100% cotton instagram tay ngắn thương hiệu Âu Mỹ áo phông nam in hoa mùa hè áo phông nam cổ tròn dễ phối đồ nam nữ,欧美潮牌短袖ins纯棉上衣夏季男士印花T恤潮流男女百搭圆领体恤男,Áo 100% cotton instagram tay ngắn thương hiệu Âu Mỹ áo phông nam in hoa mùa hè áo phông nam cổ tròn dễ phối đồ nam nữ,num_mismatch,0.6890000104904175
711533838913,纯色潮牌流行款男士短袖t恤重磅纯棉半袖男装体恤衫夏季圆领体桖,Áo thun nam ngắn tay kiểu dáng phổ biến thương hiệu thời trang màu Trơn Áo Thun Nam Tay Lỡ 100% cotton dày Áo thun mùa hè cổ tròn,纯色潮牌流行款男士短袖t恤重磅纯棉半袖男装体恤衫夏季圆领体桖,Áo thun nam ngắn tay kiểu dáng phổ biến thương hiệu thời trang màu Trơn Áo Thun Nam Tay Lỡ 100% cotton dày Áo thun mùa hè cổ tròn,num_mismatch;info_stuffing:thun,0.6068999767303467
787707710375,300g重磅T恤纯棉夏季短袖潮牌男女情侣同款大码工厂批发纯色圆领t,Áo phông nam nặng 300g 100% cotton ngắn tay mùa hè thương hiệu thời trang cặp đôi nam nữ cùng kiểu cỡ lớn bán buôn xưởng màu trơn cổ tròn t,300g重磅T恤纯棉夏季短袖潮牌男女情侣同款大码工厂批发纯色圆领t,Áo phông nam nặng 300 g 100% cotton ngắn tay mùa hè thương hiệu thời trang cặp đôi nam nữ cùng kiểu cỡ lớn bán buôn xưởng màu trơn cổ tròn t,num_mismatch,0.7584999799728394
926056722784,批发短袖t恤男夏季薄款宽松纯色休闲上衣2026新款230g纯棉打底衫,"Áo thun nam tay ngắn bán buôn, chất liệu mỏng, dáng rộng, màu trơn, phong cách thường ngày, mẫu mới 2026, chất liệu cotton 100% 230g.",批发短袖t恤男夏季薄款宽松纯色休闲上衣2026新款230g纯棉打底衫,"Áo thun nam tay ngắn bán buôn, chất liệu mỏng, dáng rộng, màu trơn, phong cách thường ngày, mẫu mới 2026, chất liệu cotton 100% 230 g",num_mismatch,0.6610000133514404
830897901144,210g纯棉小落肩短袖t恤男女同款半袖纯色黑色白色男士圆领打底代,Áo thun tay ngắn trễ vai 100% cotton 210g nam nữ cùng kiểu dáng cộc tay màu trơn màu đen trắng nam cổ tròn thế hệ,210g纯棉小落肩短袖t恤男女同款半袖纯色黑色白色男士圆领打底代,Áo thun tay ngắn trễ vai 100% cotton 210 g nam nữ cùng kiểu dáng cộc tay màu trơn màu đen trắng nam cổ tròn thế hệ,num_mismatch,0.6644999980926514
906578875498,夏季重磅230g纯棉T恤男装正肩纯色打底衫短袖情侣装潮牌服饰半袖,Áo phông nam 100% cotton 230g nặng mùa hè áo mặc trong màu trơn vai chính áo đôi ngắn tay trang phục thương hiệu sành điệu,夏季重磅230g纯棉T恤男装正肩纯色打底衫短袖情侣装潮牌服饰半袖,Áo phông nam 100% cotton 230 g nặng mùa hè áo mặc trong màu trơn vai chính áo đôi ngắn tay trang phục thương hiệu sành điệu,num_mismatch,0.7267000079154968
898264265987,美式纯棉短袖t恤男士夏季潮牌宽松圆领半袖潮流印花休闲情侣体恤,Áo thun nam ngắn tay 100% cotton kiểu Mỹ áo thun cặp đôi in hoa thời trang cổ tròn rộng rãi thương hiệu thời trang mùa hè,美式纯棉短袖t恤男士夏季潮牌宽松圆领半袖潮流印花休闲情侣体恤,Áo thun nam ngắn tay 100% cotton kiểu Mỹ áo thun cặp đôi in hoa thời trang cổ tròn rộng rãi thương hiệu thời trang mùa hè,num_mismatch,0.6700999736785889
771215439666,美式复古重磅纯棉重磅T恤男生短袖夏季潮牌潮流大码半袖酒红藏青,Áo thun nam nặng 100% cotton cổ điển kiểu Mỹ tay ngắn thương hiệu thời trang mùa hè sành điệu cỡ lớn Tay Lỡ Màu Đỏ Rượu Vang Xanh Navy,美式复古重磅纯棉重磅T恤男生短袖夏季潮牌潮流大码半袖酒红藏青,Áo thun nam nặng 100% cotton cổ điển kiểu Mỹ tay ngắn thương hiệu thời trang mùa hè sành điệu cỡ lớn Tay Lỡ Màu Đỏ Rượu Vang Xanh Navy,num_mismatch,0.6517999768257141
945706206588,纯棉260克重磅2026美式男图案短袖T恤男2026夏宽松休闲情侣女潮牌,"Áo thun nam tay ngắn họa tiết kiểu Mỹ, chất liệu cotton nguyên chất 260g dày dặn, mùa hè 2026, kiểu dáng rộng rãi thoải mái, thời trang cặp đôi nam nữ.",纯棉260克重磅2026美式男图案短袖T恤男2026夏宽松休闲情侣女潮牌,"Áo thun nam tay ngắn họa tiết kiểu Mỹ, chất liệu cotton nguyên chất 260 g dày dặn, mùa hè 2026, kiểu dáng rộng rãi thoải mái, thời trang cặp đôi nam nữ",num_mismatch,0.7278000116348267
979223631450,2026新款秋装连身裙时尚豹纹渐变印花圆领长袖中长款连衣裙,Váy liền thân mùa thu mới 2025 thời trang in họa tiết báo đốm phối màu cổ tròn tay dài dài trung bình,2026新款秋装连身裙时尚豹纹渐变印花圆领长袖中长款连衣裙,Váy liền thân mùa thu mới 2025 thời trang in họa tiết báo đốm phối màu cổ tròn tay dài dài trung bình,num_mismatch,0.6577000021934509
779682075324,2-300斤胖mm牛仔蓝连衣裙女夏季新款特大码中长款宽松短袖t恤裙子,Váy denim màu xanh cỡ lớn dành cho nữ mùa hè mới cỡ lớn váy thun ngắn tay dáng rộng dài vừa phải,2-300斤胖mm牛仔蓝连衣裙女夏季新款特大码中长款宽松短袖t恤裙子,Váy denim màu xanh cỡ lớn dành cho nữ mùa hè mới cỡ lớn váy thun ngắn tay dáng rộng dài vừa phải,num_mismatch,0.5667999982833862
735541723807,太哥辣白菜味辣条童年儿时怀旧麻辣小零食校园五毛钱休闲食品小吃,Taige Spicy Cabbage Spicy Bar Thời thơ ấu Hoài niệm Đồ ăn vặt cay Khuôn viên 50 xu Đồ ăn nhẹ Đồ ăn nhẹ,太哥辣白菜味辣条童年儿时怀旧麻辣小零食校园五毛钱休闲食品小吃,Taige Spicy Cabbage Spicy Bar Thời thơ ấu Hoài niệm Đồ ăn vặt cay Khuôn viên 50 xu Đồ ăn nhẹ Đồ ăn nhẹ,num_mismatch,0.6643000245094299
885821927149,牛乳酥饼干整箱5斤特浓味老式奶香单独包装一件代发酥脆独立包装,"Toàn bộ hộp bánh quy giòn vị sữa 2.5kg hương vị đặc biệt thơm ngon kiểu cổ điển, đóng gói riêng lẻ, bánh quy giòn với bao bì riêng lẻ",牛乳酥饼干整箱5斤特浓味老式奶香单独包装一件代发酥脆独立包装,"Toàn bộ hộp bánh quy giòn vị sữa 2.5 kg hương vị đặc biệt thơm ngon kiểu cổ điển, đóng gói riêng lẻ, bánh quy giòn với bao bì riêng lẻ",num_mismatch,0.6915000081062317
981252816488,猫耳酥猫耳朵酥脆8090后薄脆解馋小零食儿童休闲小吃食品整箱批发,"Đồ ăn nhẹ giòn tai mèo dành cho thế hệ sau 80 và 90, Đồ ăn nhẹ giòn mỏng thỏa mãn cơn thèm, Đồ ăn nhẹ giải trí cho trẻ em, Bán buôn theo hộp.",猫耳酥猫耳朵酥脆8090后薄脆解馋小零食儿童休闲小吃食品整箱批发,"Đồ ăn nhẹ giòn tai mèo dành cho thế hệ sau 80 và 90, Đồ ăn nhẹ giòn mỏng thỏa mãn cơn thèm, Đồ ăn nhẹ giải trí cho trẻ em, Bán buôn theo hộp",num_mismatch;info_stuffing:nhẹ,0.7174999713897705
992092906643,100%每日纯黑巧克力纯可可脂俄罗斯风味巧克力散装低0糖无糖零食,"Sôcôla đen nguyên chất 100% mỗi ngày, bơ ca cao nguyên chất, sôcôla kiểu Nga, số lượng lớn, ít đường, không đường, đồ ăn nhẹ không đường",100%每日纯黑巧克力纯可可脂俄罗斯风味巧克力散装低0糖无糖零食,"Sôcôla đen nguyên chất 100% mỗi ngày, bơ ca cao nguyên chất, sôcôla kiểu Nga, số lượng lớn, ít đường, không đường, đồ ăn nhẹ không đường",num_mismatch;info_stuffing:đường,0.728600025177002
981068800430,低脂鸡肉肠即食烤肠高蛋白鸡胸肉减0低脂肥解馋小零食品早餐速食,Xúc xích gà ít béo xúc xích nướng sẵn ăn được thịt gà cao protein ít béo đồ ăn nhẹ ít béo bữa sáng thức ăn nhanh,低脂鸡肉肠即食烤肠高蛋白鸡胸肉减0低脂肥解馋小零食品早餐速食,Xúc xích gà ít béo xúc xích nướng sẵn ăn được thịt gà cao protein ít béo đồ ăn nhẹ ít béo bữa sáng thức ăn nhanh,num_mismatch;info_stuffing:béo,0.6801999807357788
950776982457,茶叶【买一斤送半斤】信阳毛尖2026新茶雨前春茶高山云雾散装绿茶,"Lá trà [Mua 0.5kg tặng nửa pound] Trà mới Xinyang Maojian 2026, trà mùa xuân trước mưa, trà xanh sương mù núi cao.",茶叶【买一斤送半斤】信阳毛尖2026新茶雨前春茶高山云雾散装绿茶,"Lá trà [Mua 0.5 kg tặng nửa pound] Trà mới Xinyang Maojian 2026, trà mùa xuân trước mưa, trà xanh sương mù núi cao",num_mismatch;info_stuffing:trà,0.6801000237464905
965744639895,金骏眉红茶浓香型茶叶5新茶正宗养胃自己喝散装罐装蜜香,"Trà đen Jinjunmei, loại hương thơm đậm đà, trà mới, chính gốc, tốt cho dạ dày, dùng cho cá nhân, dạng lá rời, đóng hộp, hương mật ong.",金骏眉红茶浓香型茶叶5新茶正宗养胃自己喝散装罐装蜜香,"Trà đen Jinjunmei, loại hương thơm đậm đà, trà mới, chính gốc, tốt cho dạ dày, dùng cho cá nhân, dạng lá rời, đóng hộp, hương mật ong",num_mismatch,0.6506999731063843
759149636714,十大茗茶小种大红袍乌龙茶小罐红茶金骏眉高端档茶叶礼盒装送礼品,"Top 10 loại trà cao cấp: Xiaozhong, Da Hong Pao, Trà Oolong, trà đen hộp nhỏ, Jin Jun Mei, hộp quà trà cao cấp để làm quà tặng.",十大茗茶小种大红袍乌龙茶小罐红茶金骏眉高端档茶叶礼盒装送礼品,"Top 10 loại trà cao cấp: Xiaozhong, Da Hong Pao, Trà Oolong, trà đen hộp nhỏ, Jin Jun Mei, hộp quà trà cao cấp để làm quà tặng",num_mismatch;info_stuffing:trà,0.6412000060081482
915106956989,2026中秋茶礼春茶马头岩肉桂礼盒250g大红袍金骏眉小种红茶叶批发,"Hộp quà trà mùa xuân Trung thu 2025, trà Ma Tou Yan, trà quế, hộp quà 250g, trà đen Da Hong Pao, Jin Jun Mei, Xiao Zhong, bán buôn",2026中秋茶礼春茶马头岩肉桂礼盒250g大红袍金骏眉小种红茶叶批发,"Hộp quà trà mùa xuân Trung thu 2025, trà Ma Tou Yan, trà quế, hộp quà 250 g, trà đen Da Hong Pao, Jin Jun Mei, Xiao Zhong, bán buôn",num_mismatch;info_stuffing:trà,0.5867000222206116
989097463258,五斤 茉莉花茶2026新茶叶浓香型绿茶批发酒店招待棋牌室专用批发,"Trà hoa nhài 2.5kg Lá trà mới 2026, trà xanh hương vị đậm đà, bán buôn cho lễ tân khách sạn và phòng chơi cờ.",五斤 茉莉花茶2026新茶叶浓香型绿茶批发酒店招待棋牌室专用批发,"Trà hoa nhài 2.5 kg Lá trà mới 2026, trà xanh hương vị đậm đà, bán buôn cho lễ tân khách sạn và phòng chơi cờ",num_mismatch;info_stuffing:trà,0.6958000063896179
590437177767,绿茶茶叶2026新茶高山云雾茶浓香型庐山江西毛尖茶散装批发豆香,Trà xanh núi cao trà mây 2025 trà mới hương thơm đậm đặc loại Lushan Giang Tây trà mây Maojian trà rời bán buôn,绿茶茶叶2026新茶高山云雾茶浓香型庐山江西毛尖茶散装批发豆香,Trà xanh núi cao trà mây 2025 trà mới hương thơm đậm đặc loại Lushan Giang Tây trà mây Maojian trà rời bán buôn,num_mismatch;info_stuffing:trà,0.6712999939918518
976865266006,【花香一斤】正宗茉莉花茶2024新茶浓香茶叶批发花茶绿茶袋装250g,[Hương Hoa 0.5kg] Trà Hoa Nhài Chính Hãng 2024 Trà Mới Trà Hương Thơm Mạnh Bán Buôn Trà Thơm Túi Trà Xanh 250G,【花香一斤】正宗茉莉花茶2024新茶浓香茶叶批发花茶绿茶袋装250g,[Hương Hoa 0.5 kg] Trà Hoa Nhài Chính Hãng 2024 Trà Mới Trà Hương Thơm Mạnh Bán Buôn Trà Thơm Túi Trà Xanh 250 G,num_mismatch;info_stuffing:trà,0.7181000113487244
774095913319,花草袋泡茶herbal Big Butt And Hips Enlargements maca Tea,Túi hoa cỏ pha trà herbal Big Butt And Hips Enlargements maca Tea,花草袋泡茶herbal Big Butt And Hips Enlargements maca Tea,Túi hoa cỏ pha trà herbal Big Butt And Hips Enlargements maca Tea,ratio_mismatch(0.30),0.864300012588501
679062059957,新会小青柑普洱茶陈皮普洱柑普茶橘子茶桔子茶一斤批发散装,"Trà Xinhui Xiaoqinggan Pu'er, Trà quýt Pu'er Chenpi, Trà cam, Trà quýt 0.5kg Bán buôn số lượng lớn",新会小青柑普洱茶陈皮普洱柑普茶橘子茶桔子茶一斤批发散装,"Trà Xinhui Xiaoqinggan Pu'er, Trà quýt Pu'er Chenpi, Trà cam, Trà quýt 0.5 kg Bán buôn số lượng lớn",num_mismatch;info_stuffing:trà,0.61080002784729
1054416682286,头春鸭屎香3号新茶潮州凤凰单丛茶叶茶头袋装罐装一斤装单枞茶叶,"Trà mới hương vị Phượng Hoàng Đầu Xuân số 3, Trà Phượng Hoàng Đan Tùng Triều Châu, Trà túi lọc và đóng hộp 0.5kg gói trà Phượng Hoàng Đan Tùng.",头春鸭屎香3号新茶潮州凤凰单丛茶叶茶头袋装罐装一斤装单枞茶叶,"Trà mới hương vị Phượng Hoàng Đầu Xuân số 3, Trà Phượng Hoàng Đan Tùng Triều Châu, Trà túi lọc và đóng hộp 0.5 kg gói trà Phượng Hoàng Đan Tùng",num_mismatch;info_stuffing:trà,0.6136000156402588
642306787016,脂流茶 正品快手十八味冬瓜荷叶决明子茶源头工厂代发定制批发,"Trà bí đao, lá sen, hạt quế 18 vị nguyên liệu chính hãng Zhiluchacha, giao hàng trực tiếp từ nhà máy, nhận đặt hàng số lượng lớn.",脂流茶 正品快手十八味冬瓜荷叶决明子茶源头工厂代发定制批发,"Trà bí đao, lá sen, hạt quế 18 vị nguyên liệu chính hãng Zhiluchacha, giao hàng trực tiếp từ nhà máy, nhận đặt hàng số lượng lớn",num_mismatch,0.5985000133514404
888940568056,shu puer tea шу пуэр чай бык新文茶厂普洱茶牛饼,"Trà Shu puer, Trà Shu puer từ nhà máy trà Niwen, bánh bò trà Pu'er.",shu puer tea шу пуэр чай бык新文茶厂普洱茶牛饼,"Trà Shu puer, Trà Shu puer từ nhà máy trà Niwen, bánh bò trà Pu'er",foreign_script;info_stuffing:trà,0.6854000091552734
867498298356,高山日晒老白茶贡眉白茶正宗福鼎白茶2016年枣香散茶500g手提一斤,Trà trắng già phơi nắng trên núi cao Trà trắng Gongmei Trà trắng Fuding đích thực 2016 Trà thơm táo tàu 500g Túi cầm tay 0.5kg,高山日晒老白茶贡眉白茶正宗福鼎白茶2016年枣香散茶500g手提一斤,Trà trắng già phơi nắng trên núi cao Trà trắng Gongmei Trà trắng Fuding đích thực 2016 Trà thơm táo tàu 500 g Túi cầm tay 0.5 kg,num_mismatch;info_stuffing:trà,0.6348999738693237
1009348223833,大分量一斤装金骏眉散茶红茶正山小种袋装乌龙茶大红袍茶叶自己喝,"Hàng số lượng lớn 0.5kg Trà rời Kim Tuấn Mi, Hồng trà Chính Sơn Tiểu Chủng, trà Ô Long đóng túi, trà Đại Hồng Bào, dùng cho cá nhân",大分量一斤装金骏眉散茶红茶正山小种袋装乌龙茶大红袍茶叶自己喝,"Hàng số lượng lớn 0.5 kg Trà rời Kim Tuấn Mi, Hồng trà Chính Sơn Tiểu Chủng, trà Ô Long đóng túi, trà Đại Hồng Bào, dùng cho cá nhân",num_mismatch;info_stuffing:trà,0.6599000096321106
1020572820091,男士养生茶人参玛咖二十六宝茶黄精枸杞覆盆子养生茶男人熬夜男士,"Trà dưỡng sinh nam giới nhân sâm, maca, 26 loại thảo dược, hoàng tinh, kỷ tử, quả mâm xôi, trà dưỡng sinh cho nam giới thức khuya.",男士养生茶人参玛咖二十六宝茶黄精枸杞覆盆子养生茶男人熬夜男士,"Trà dưỡng sinh nam giới nhân sâm, maca, 26 loại thảo dược, hoàng tinh, kỷ tử, quả mâm xôi, trà dưỡng sinh cho nam giới thức khuya",num_mismatch,0.6987000107765198
676834397732,祁门红茶2026新茶礼盒装特级240g茶叶浓香型工厂批发代发中秋送礼,Trà đen Qimen 2025 Hộp quà trà mới Trà đặc biệt 240g Trà đen hương vị Lô Châu Bán buôn Quà tặng Khuyến nghị,祁门红茶2026新茶礼盒装特级240g茶叶浓香型工厂批发代发中秋送礼,Trà đen Qimen 2025 Hộp quà trà mới Trà đặc biệt 240 g Trà đen hương vị Lô Châu Bán buôn Quà tặng Khuyến nghị,num_mismatch;info_stuffing:trà,0.5852000117301941
1027532630720,四十年基地 黄山毛峰绿茶批发250克高山明前雀舌兰花香茶叶自己喝,"Trà xanh Hoàng Sơn Mao Phong 40 năm, bán sỉ 250g, trà núi cao hái trước Thanh Minh, hương hoa lan, dùng cho cá nhân.",四十年基地 黄山毛峰绿茶批发250克高山明前雀舌兰花香茶叶自己喝,"Trà xanh Hoàng Sơn Mao Phong 40 năm, bán sỉ 250 g, trà núi cao hái trước Thanh Minh, hương hoa lan, dùng cho cá nhân",num_mismatch,0.6647999882698059
1046073849386,Turmeric Ginger Cinnamon Tea Bags姜黄生姜肉桂茶包OE M非内销,Trà túi lọc gừng nghệ quế OE M không bán trong nước,Turmeric Ginger Cinnamon Tea Bags姜黄生姜肉桂茶包OE M非内销,Trà túi lọc gừng nghệ quế OE M không bán trong nước,ratio_mismatch(0.28),0.5866000056266785
865962624892,2026新茶雨前茶自产自销茶叶试喝六安瓜片50g,2024 Trà mới Trà Yuqian tự sản xuất và tự bán Trà nếm thử Lu'an Guapian 50g,2026新茶雨前茶自产自销茶叶试喝六安瓜片50g,2024 Trà mới Trà Yuqian tự sản xuất và tự bán Trà nếm thử Lu'an Guapian 50 g,num_mismatch;info_stuffing:trà,0.6276999711990356
1080130408331,九窨特级甘露四川茉莉花茶散装2026新茶茶饮浓香型茶叶批发,"Trà hoa nhài Quảng Tây Hengxian loại cao cấp, dạng lá rời, mới thu hoạch, hương thơm đậm đà, bán buôn.",九窨特级甘露四川茉莉花茶散装2026新茶茶饮浓香型茶叶批发,"Trà hoa nhài Quảng Tây Hengxian loại cao cấp, dạng lá rời, mới thu hoạch, hương thơm đậm đà, bán buôn",num_mismatch,0.5385000109672546
858886579991,2015年福鼎老白茶散茶贡眉正宗高山陈年寿眉一级散装茶叶500g枣香,2015 Trà trắng già Fude Trà lỏng Gongmei đích thực núi cao lâu năm Shoumei loại 1 trà số lượng lớn 500g hương táo tàu,2015年福鼎老白茶散茶贡眉正宗高山陈年寿眉一级散装茶叶500g枣香,2015 Trà trắng già Fude Trà lỏng Gongmei đích thực núi cao lâu năm Shoumei loại 1 trà số lượng lớn 500 g hương táo tàu,num_mismatch;info_stuffing:trà,0.6363999843597412
896921559485,龙井绿茶2026新茶金骏眉正山小种红茶茶叶礼盒装年货高档送人,Trà xanh Long Tỉnh 2025 Trà mới Jin Junmei Lapsang Souchong Trà đen Hộp quà Tết cao cấp,龙井绿茶2026新茶金骏眉正山小种红茶茶叶礼盒装年货高档送人,Trà xanh Long Tỉnh 2025 Trà mới Jin Junmei Lapsang Souchong Trà đen Hộp quà Tết cao cấp,num_mismatch;info_stuffing:trà,0.6169999837875366
721185352610,一件代发横县茉莉花茶三号飘雪2026春茶新茶散装茶叶浓香茉莉春采,"Trà hoa nhài Hengxian số 3 Piaoxue vụ xuân 2026, trà mới, trà lá rời, hương thơm đậm đà, trà hoa nhài thu hoạch mùa xuân, bán buôn một kiện.",一件代发横县茉莉花茶三号飘雪2026春茶新茶散装茶叶浓香茉莉春采,"Trà hoa nhài Hengxian số 3 Piaoxue vụ xuân 2026, trà mới, trà lá rời, hương thơm đậm đà, trà hoa nhài thu hoạch mùa xuân, bán buôn một kiện",num_mismatch;info_stuffing:trà,0.6783000230789185
1048772798353,内衣收纳盒内裤袜子家用布贴身衣物三合一整理盒抽屉式衣橱神器,"Hộp đựng đồ lót, quần lót, vớ/tất gia đình, hộp sắp xếp đồ lót bằng vải 3 trong 1, dạng ngăn kéo, vật dụng thần kỳ cho tủ quần áo.",内衣收纳盒内裤袜子家用布贴身衣物三合一整理盒抽屉式衣橱神器,"Hộp đựng đồ lót, quần lót, vớ/tất gia đình, hộp sắp xếp đồ lót bằng vải 3 trong 1, dạng ngăn kéo, vật dụng thần kỳ cho tủ quần áo",num_mismatch;info_stuffing:lót,0.730400025844574
904386495388,炮筒投影仪收纳包装盒防水收纳盒eva材质包装大疆pocket4收纳包,"Túi đựng máy chiếu thùng xuyên biên giới, túi đựng máy chiếu thùng, túi xách tay, giá rẻ toàn mạng",炮筒投影仪收纳包装盒防水收纳盒eva材质包装大疆pocket4收纳包,"Túi đựng máy chiếu thùng xuyên biên giới, túi đựng máy chiếu thùng, túi xách tay, giá rẻ toàn mạng",num_mismatch;info_stuffing:túi,0.5195000171661377
1006298773138,新款多层首饰盒珠宝项链戒指耳环饰品收纳盒大容量功能抽屉盒防尘,"Hộp đựng trang sức 8 tầng mẫu mới, hộp đựng dây chuyền, nhẫn, bông tai, dung tích lớn, có ngăn kéo tiện dụng, chống bụi.",新款多层首饰盒珠宝项链戒指耳环饰品收纳盒大容量功能抽屉盒防尘,"Hộp đựng trang sức 8 tầng mẫu mới, hộp đựng dây chuyền, nhẫn, bông tai, dung tích lớn, có ngăn kéo tiện dụng, chống bụi",num_mismatch,0.7408999800682068
889992278084,透明五格笔筒高颜值办公桌面收纳盒大容量多功能化妆品收纳盒家用,"Hộp đựng bút 5 ngăn trong suốt, hộp đựng đồ để bàn văn phòng giá trị cao, hộp đựng mỹ phẩm đa năng dung tích lớn, gia dụng",透明五格笔筒高颜值办公桌面收纳盒大容量多功能化妆品收纳盒家用,"Hộp đựng bút 5 ngăn trong suốt, hộp đựng đồ để bàn văn phòng giá trị cao, hộp đựng mỹ phẩm đa năng dung tích lớn, gia dụng",num_mismatch;info_stuffing:hộp,0.7479000091552734
1080299232721,新款拼豆收纳盒221色九宫格收纳盒144色抽屉式大容量分格收纳盒,"Hộp đựng hạt ghép mẫu mới, hộp đựng hạt ghép 9 ô màu 221, hộp đựng hạt ghép dạng ngăn kéo 144 màu, dung tích lớn, có vách ngăn.",新款拼豆收纳盒221色九宫格收纳盒144色抽屉式大容量分格收纳盒,"Hộp đựng hạt ghép mẫu mới, hộp đựng hạt ghép 9 ô màu 221, hộp đựng hạt ghép dạng ngăn kéo 144 màu, dung tích lớn, có vách ngăn",num_mismatch;info_stuffing:hộp,0.6913999915122986
1001185268541,ins风韩国桌面六宫格手账透明抽屉式收纳盒学生书桌整理盒带分格,"Hộp đựng đồ để bàn kiểu Hàn Quốc phong cách Ins, 6 ngăn, trong suốt, dạng ngăn kéo, dành cho học sinh, có các ngăn chứa đồ",ins风韩国桌面六宫格手账透明抽屉式收纳盒学生书桌整理盒带分格,"Hộp đựng đồ để bàn kiểu Hàn Quốc phong cách Ins, 6 ngăn, trong suốt, dạng ngăn kéo, dành cho học sinh, có các ngăn chứa đồ",num_mismatch;info_stuffing:ngăn,0.7379000186920166
1062252841971,木质九宫格干果盘家用分格零食收纳盒火锅配菜托盘围炉煮茶点心盒,"Khay gỗ chia 9 ngăn đựng trái cây khô, hộp đựng đồ ăn vặt gia đình, khay đựng đồ ăn kèm lẩu, hộp đựng điểm tâm dùng khi nấu trà bên bếp lửa.",木质九宫格干果盘家用分格零食收纳盒火锅配菜托盘围炉煮茶点心盒,"Khay gỗ chia 9 ngăn đựng trái cây khô, hộp đựng đồ ăn vặt gia đình, khay đựng đồ ăn kèm lẩu, hộp đựng điểm tâm dùng khi nấu trà bên bếp lửa",num_mismatch;info_stuffing:đựng,0.6998999714851379
1076186073633,二合一粉扑收纳盒桌面化妆刷旋转置物架化妆棉美妆蛋化妆品收纳盒,"Hộp đựng bông phấn 2 trong 1, kệ xoay để bàn đựng cọ trang điểm, bông tẩy trang, mút trang điểm, hộp đựng mỹ phẩm",二合一粉扑收纳盒桌面化妆刷旋转置物架化妆棉美妆蛋化妆品收纳盒,"Hộp đựng bông phấn 2 trong 1, kệ xoay để bàn đựng cọ trang điểm, bông tẩy trang, mút trang điểm, hộp đựng mỹ phẩm",num_mismatch;info_stuffing:đựng,0.7009000182151794
978651155882,纯棉四件套床上用品四件套纯棉全棉四件套高支高密,"Bộ chăn ga gối cotton nguyên chất 4 món, bộ cotton nguyên chất 4 món, mật độ sợi cao và độ bền cao.",纯棉四件套床上用品四件套纯棉全棉四件套高支高密,"Bộ chăn ga gối cotton nguyên chất 4 món, bộ cotton nguyên chất 4 món, mật độ sợi cao và độ bền cao",num_mismatch,0.6931999921798706
1057908087640,无印风全棉四件套纯棉床单被套黑白条纹轻奢高级感床品宿舍三件套,"Bộ chăn ga gối 4 món cotton 100% phong cách Muji, ga trải giường và vỏ chăn cotton nguyên chất, họa tiết sọc đen trắng, mang lại cảm giác sang trọng nhẹ nhàng, cao cấp, bộ 3 món cho ký túc xá.",无印风全棉四件套纯棉床单被套黑白条纹轻奢高级感床品宿舍三件套,"Bộ chăn ga gối 4 món cotton 100% phong cách Muji, ga trải giường và vỏ chăn cotton nguyên chất, họa tiết sọc đen trắng, mang lại cảm giác sang trọng nhẹ nhàng, cao cấp, bộ 3 món cho ký túc xá",num_mismatch,0.6682999730110168
1019161512415,全棉日式条纹床上四件套纯色简约纯棉床单笠被罩宿舍三件跨境外贸,"Bộ chăn ga gối đệm bốn món kiểu Nhật, chất liệu 100% cotton, họa tiết sọc, màu trơn, thiết kế đơn giản, bao gồm ga trải giường và vỏ chăn, phù hợp cho ký túc xá, bộ ba món, dành cho thương mại điện tử xuyên biên giới.",全棉日式条纹床上四件套纯色简约纯棉床单笠被罩宿舍三件跨境外贸,"Bộ chăn ga gối đệm bốn món kiểu Nhật, chất liệu 100% cotton, họa tiết sọc, màu trơn, thiết kế đơn giản, bao gồm ga trải giường và vỏ chăn, phù hợp cho ký túc xá, bộ ba món, dành cho thương mại điện tử xuyên biên giới",num_mismatch,0.708899974822998
1060390364662,a类全棉贝壳边床上四件套ins花边纯棉小清新床单被罩学生宿舍三件,"Bộ chăn ga gối đệm bốn món, chất liệu 100% cotton cao cấp, viền cotton, thiết kế hoa văn theo phong cách hiện đại, mang vẻ đẹp tinh tế, tối giản và tươi mới, phù hợp cho ký túc xá sinh viên (bộ ba món).",a类全棉贝壳边床上四件套ins花边纯棉小清新床单被罩学生宿舍三件,"Bộ chăn ga gối đệm bốn món, chất liệu 100% cotton cao cấp, viền cotton, thiết kế hoa văn theo phong cách hiện đại, mang vẻ đẹp tinh tế, tối giản và tươi mới, phù hợp cho ký túc xá sinh viên (bộ ba món)",num_mismatch,0.6351000070571899
1080884960721,A类小清新纯棉可裸睡四件套床单床笠全棉家用宿舍被套床上三件套~,"Bộ chăn ga gối 4 món cotton nguyên chất vải xô hai lớp phong cách nhẹ nhàng, thanh lịch loại A, bao gồm ga trải giường, ga chun, vỏ chăn, dùng cho gia đình và ký túc xá ~",A类小清新纯棉可裸睡四件套床单床笠全棉家用宿舍被套床上三件套~,"Bộ chăn ga gối 4 món cotton nguyên chất vải xô hai lớp phong cách nhẹ nhàng, thanh lịch loại A, bao gồm ga trải giường, ga chun, vỏ chăn, dùng cho gia đình và ký túc xá",num_mismatch,0.7006999850273132
1077430979499,轻奢刺绣床上四件套2026新款非纯全棉床品床单被罩三件套四季通用,"Bộ chăn ga gối thêu họa tiết cao cấp nhẹ nhàng, mẫu mới 2026, không phải 100% cotton, bộ 3 món ga trải giường và vỏ chăn, dùng được bốn mùa.",轻奢刺绣床上四件套2026新款非纯全棉床品床单被罩三件套四季通用,"Bộ chăn ga gối thêu họa tiết cao cấp nhẹ nhàng, mẫu mới 2026, không phải 100% cotton, bộ 3 món ga trải giường và vỏ chăn, dùng được bốn mùa",num_mismatch,0.7014999985694885
1033856236852,A类母婴级床上裸睡四件套纯棉蕾丝花边床单被套罩学生宿舍三4件套,"Bộ chăn ga gối 4 món cotton nguyên chất, ren hoa, chuẩn A, an toàn cho mẹ và bé, dùng ngủ trần trên giường, phù hợp ký túc xá sinh viên, bộ 3 hoặc 4 món.",A类母婴级床上裸睡四件套纯棉蕾丝花边床单被套罩学生宿舍三4件套,"Bộ chăn ga gối 4 món cotton nguyên chất, ren hoa, chuẩn A, an toàn cho mẹ và bé, dùng ngủ trần trên giường, phù hợp ký túc xá sinh viên, bộ 3 hoặc 4 món",num_mismatch,0.7351999878883362
1034305880197,正品A类全棉双层纱床上四件套纯棉可裸睡床单被套床笠学生三件套3,"Bộ chăn ga gối 4 món vải xô hai lớp 100% cotton loại A chính hãng, ga trải giường, vỏ chăn, ga bọc đệm cotton nguyên chất, thoải mái ngủ trần, bộ 3 món cho học sinh.",正品A类全棉双层纱床上四件套纯棉可裸睡床单被套床笠学生三件套3,"Bộ chăn ga gối 4 món vải xô hai lớp 100% cotton loại A chính hãng, ga trải giường, vỏ chăn, ga bọc đệm cotton nguyên chất, thoải mái ngủ trần, bộ 3 món cho học sinh",num_mismatch,0.7597000002861023
1080358627076,A类全棉四件套无印风格子被套被罩床单床笠床上用纯棉宿舍三件套4,"Bộ chăn ga gối 4 món cotton 100% loại A, phong cách Muji, vỏ chăn ga trải giường ga bọc nệm cotton nguyên chất dùng cho ký túc xá, bộ 3 món 4",A类全棉四件套无印风格子被套被罩床单床笠床上用纯棉宿舍三件套4,"Bộ chăn ga gối 4 món cotton 100% loại A, phong cách Muji, vỏ chăn ga trải giường ga bọc nệm cotton nguyên chất dùng cho ký túc xá, bộ 3 món 4",num_mismatch,0.7024999856948853
1044160024935,床上四件套纯棉被套床单被罩三件套全棉床笠款南通家纺a类母婴级,"Bộ chăn ga gối 4 món cotton nguyên chất, vỏ chăn, ga trải giường, vỏ chăn, bộ 3 món, kiểu ga chun cotton 100%, sản phẩm gia dụng Nam Thông, đạt chuẩn A, an toàn cho mẹ và bé.",床上四件套纯棉被套床单被罩三件套全棉床笠款南通家纺a类母婴级,"Bộ chăn ga gối 4 món cotton nguyên chất, vỏ chăn, ga trải giường, vỏ chăn, bộ 3 món, kiểu ga chun cotton 100%, sản phẩm gia dụng Nam Thông, đạt chuẩn A, an toàn cho mẹ và bé",num_mismatch;info_stuffing:chăn,0.6711999773979187
1067336393119,ins风床上四件套纯棉爆款母婴级A类裸睡床单被套罩宿舍床笠三件套,"Bộ chăn ga gối 4 món phong cách ins, 100% cotton, sản phẩm hot, đạt chuẩn A an toàn cho mẹ và bé, ga trải giường, vỏ chăn, vỏ gối, ga bọc đệm 3 món, thích hợp cho ký túc xá.",ins风床上四件套纯棉爆款母婴级A类裸睡床单被套罩宿舍床笠三件套,"Bộ chăn ga gối 4 món phong cách ins, 100% cotton, sản phẩm hot, đạt chuẩn A an toàn cho mẹ và bé, ga trải giường, vỏ chăn, vỏ gối, ga bọc đệm 3 món, thích hợp cho ký túc xá",num_mismatch,0.7092000246047974
1076482784631,A类超柔正品ins抗菌四件套纯棉云感母婴级裸睡床单被套宿舍三件套,"Bộ chăn ga gối 4 món chính hãng siêu mềm mại loại A, kháng khuẩn, phong cách Ins, 100% cotton, cảm giác như mây, chuẩn an toàn cho mẹ và bé, thích hợp ngủ trần, bộ 3 món cho ký túc xá.",A类超柔正品ins抗菌四件套纯棉云感母婴级裸睡床单被套宿舍三件套,"Bộ chăn ga gối 4 món chính hãng siêu mềm mại loại A, kháng khuẩn, phong cách Ins, 100% cotton, cảm giác như mây, chuẩn an toàn cho mẹ và bé, thích hợp ngủ trần, bộ 3 món cho ký túc xá",num_mismatch,0.713699996471405
731399126722,ins风双拼条纹水洗棉床上四件套纯色磨毛床单被套床笠学生三4件套,Bộ 4 chiếc giường cotton giặt Sọc Đôi Phong Cách ins Bộ 4 chiếc Ga Trải Giường lông mịn màu trơn bộ Khăn trải giường Bộ 3 chiếc 4 chiếc cho học sinh,ins风双拼条纹水洗棉床上四件套纯色磨毛床单被套床笠学生三4件套,Bộ 4 chiếc giường cotton giặt Sọc Đôi Phong Cách ins Bộ 4 chiếc Ga Trải Giường lông mịn màu trơn bộ Khăn trải giường Bộ 3 chiếc 4 chiếc cho học sinh,num_mismatch;info_stuffing:giường,0.7221999764442444
1077883231698,轻奢提花全棉磨毛床上四件套100纯棉高级被套床笠床单三件套床品,"Bộ chăn ga gối 4 món cotton 100% dệt jacquard cao cấp, bề mặt chải lông mềm mại, phong cách sang trọng nhẹ nhàng. Có các bộ 3 món vỏ chăn, ga chun, ga trải giường cao cấp 100% cotton.",轻奢提花全棉磨毛床上四件套100纯棉高级被套床笠床单三件套床品,"Bộ chăn ga gối 4 món cotton 100% dệt jacquard cao cấp, bề mặt chải lông mềm mại, phong cách sang trọng nhẹ nhàng. Có các bộ 3 món vỏ chăn, ga chun, ga trải giường cao cấp 100% cotton",num_mismatch,0.6032000184059143
1017580152978,a类全棉日式纯色四件套简约泡泡纱纯棉床单笠被罩宿舍三外贸跨境4,"Bộ chăn ga gối 4 món 100% cotton loại A, phong cách Nhật Bản, màu trơn, thiết kế đơn giản, chất liệu vải seersucker, ga trải giường và vỏ chăn cotton, dùng cho ký túc xá, hàng xuất khẩu, xuyên biên giới 4",a类全棉日式纯色四件套简约泡泡纱纯棉床单笠被罩宿舍三外贸跨境4,"Bộ chăn ga gối 4 món 100% cotton loại A, phong cách Nhật Bản, màu trơn, thiết kế đơn giản, chất liệu vải seersucker, ga trải giường và vỏ chăn cotton, dùng cho ký túc xá, hàng xuất khẩu, xuyên biên giới 4",num_mismatch,0.6984999775886536
886058980506,A类全棉100纯棉四件套提花三层纱布被套水洗棉床单床笠款床上用品,Loại A 100% cotton 100 bộ bốn mảnh jacquard vải gạc ba lớp vỏ chăn ga trải giường ga trải giường kiểu ga trải giường,A类全棉100纯棉四件套提花三层纱布被套水洗棉床单床笠款床上用品,Loại A 100% cotton 100 bộ bốn mảnh jacquard vải gạc ba lớp vỏ chăn ga trải giường ga trải giường kiểu ga trải giường,num_mismatch;info_stuffing:trải,0.6635000109672546
1060154775549,A类母婴级超柔四件套水洗棉床单被套学生宿舍床笠款三4件套床上a,"Bộ chăn ga gối 4 món cotton giặt mềm mại siêu cấp A dành cho mẹ và bé, kiểu ga chun, dùng cho ký túc xá sinh viên, bộ 3-4 món.",A类母婴级超柔四件套水洗棉床单被套学生宿舍床笠款三4件套床上a,"Bộ chăn ga gối 4 món cotton giặt mềm mại siêu cấp A dành cho mẹ và bé, kiểu ga chun, dùng cho ký túc xá sinh viên, bộ 3-4 món",num_mismatch,0.6938999891281128
1061965567647,全棉公主风蕾丝花边床上四件套A类裸睡法式纯棉床单笠被罩宿舍三4,"Bộ chăn ga gối 4 món cotton 100% phong cách công chúa, viền ren, tiêu chuẩn loại A, cotton nguyên chất kiểu Pháp, ga trải giường, vỏ chăn, dùng cho ký túc xá, 3-4 người.",全棉公主风蕾丝花边床上四件套A类裸睡法式纯棉床单笠被罩宿舍三4,"Bộ chăn ga gối 4 món cotton 100% phong cách công chúa, viền ren, tiêu chuẩn loại A, cotton nguyên chất kiểu Pháp, ga trải giường, vỏ chăn, dùng cho ký túc xá, 3-4 người",num_mismatch,0.6898999810218811
1004400784587,A类母婴全棉裸睡床上碎花四件套ins小清新纯棉床单被套宿舍三件套,"Bộ chăn ga gối 4 món họa tiết hoa nhí 100% cotton nguyên chất, phong cách ins nhẹ nhàng, dành cho mẹ và bé, loại A, thích hợp ngủ trần, ga trải giường và vỏ chăn cotton nguyên chất, bộ 3 món cho ký túc xá.",A类母婴全棉裸睡床上碎花四件套ins小清新纯棉床单被套宿舍三件套,"Bộ chăn ga gối 4 món họa tiết hoa nhí 100% cotton nguyên chất, phong cách ins nhẹ nhàng, dành cho mẹ và bé, loại A, thích hợp ngủ trần, ga trải giường và vỏ chăn cotton nguyên chất, bộ 3 món cho ký túc xá",num_mismatch,0.7071999907493591
923798113514,轻奢120支新疆长绒棉四件套全棉刺绣被套纯棉裸睡床单床笠款床品4,Sang trọng nhẹ 120 bộ cotton dài Tân Cương bộ bốn mảnh cotton thêu 100% cotton trần ngủ ga trải giường chăn ga gối 4,轻奢120支新疆长绒棉四件套全棉刺绣被套纯棉裸睡床单床笠款床品4,Sang trọng nhẹ 120 bộ cotton dài Tân Cương bộ bốn mảnh cotton thêu 100% cotton trần ngủ ga trải giường chăn ga gối 4,num_mismatch;info_stuffing:cotton,0.6830000281333923
975573817971,加密全棉四件套40支13376简约纯色双拼纯棉单被套床单枕套三件套,Bộ chăn ga gối cotton 4 món mã hóa 40 sợi 13376 màu trơn đơn giản hai tông màu cotton nguyên chất vỏ chăn ga trải giường vỏ gối bộ ba món,加密全棉四件套40支13376简约纯色双拼纯棉单被套床单枕套三件套,Bộ chăn ga gối cotton 4 món mã hóa 40 sợi 13376 màu trơn đơn giản hai tông màu cotton nguyên chất vỏ chăn ga trải giường vỏ gối bộ ba món,num_mismatch,0.7365999817848206
1042095210393,母婴级A类新款泡芙纱四件套纯棉裸睡床上床单被套宿舍床笠三件套,"Bộ chăn ga gối 4 món vải voan bồng bềnh mẫu mới, tiêu chuẩn A dành cho mẹ và bé, 100% cotton, thích hợp ngủ trần, bao gồm ga trải giường, vỏ chăn, ga bọc đệm, bộ 3 món cho ký túc xá.",母婴级A类新款泡芙纱四件套纯棉裸睡床上床单被套宿舍床笠三件套,"Bộ chăn ga gối 4 món vải voan bồng bềnh mẫu mới, tiêu chuẩn A dành cho mẹ và bé, 100% cotton, thích hợp ngủ trần, bao gồm ga trải giường, vỏ chăn, ga bọc đệm, bộ 3 món cho ký túc xá",num_mismatch,0.6952999830245972
1074460944669,A类母婴级全棉双层纱四件套ins纯棉床单被套罩学生宿舍床上三件套,"Bộ chăn ga gối 4 món vải xô hai lớp 100% cotton chuẩn A dành cho mẹ và bé, phong cách Ins, ga trải giường và vỏ chăn 100% cotton, bộ 3 món cho giường ký túc xá sinh viên.",A类母婴级全棉双层纱四件套ins纯棉床单被套罩学生宿舍床上三件套,"Bộ chăn ga gối 4 món vải xô hai lớp 100% cotton chuẩn A dành cho mẹ và bé, phong cách Ins, ga trải giường và vỏ chăn 100% cotton, bộ 3 món cho giường ký túc xá sinh viên",num_mismatch,0.7440000176429749
1068539404839,母婴级A类无印风四件套纯棉正品裸睡条格床单被套学生宿舍三4件套,"Bộ chăn ga gối 4 món cotton nguyên chất chuẩn A, cấp độ mẹ và bé, phong cách Muji, hàng chính hãng, họa tiết kẻ sọc, thích hợp ngủ trần, dùng cho ký túc xá sinh viên, bộ 3 hoặc 4 món.",母婴级A类无印风四件套纯棉正品裸睡条格床单被套学生宿舍三4件套,"Bộ chăn ga gối 4 món cotton nguyên chất chuẩn A, cấp độ mẹ và bé, phong cách Muji, hàng chính hãng, họa tiết kẻ sọc, thích hợp ngủ trần, dùng cho ký túc xá sinh viên, bộ 3 hoặc 4 món",num_mismatch,0.7250000238418579
903428080306,A类纯棉四件套床上裸睡全水洗棉床笠款ins小清新床单被套宿舍三件,Bộ 4 món 100% cotton loại A giường ngủ trần toàn bộ giặt bằng nước ga trải giường mẫu Ins nhỏ tươi tắn ga trải giường ba mảnh ký túc xá,A类纯棉四件套床上裸睡全水洗棉床笠款ins小清新床单被套宿舍三件,Bộ 4 món 100% cotton loại A giường ngủ trần toàn bộ giặt bằng nước ga trải giường mẫu Ins nhỏ tươi tắn ga trải giường ba mảnh ký túc xá,num_mismatch;info_stuffing:giường,0.7580000162124634
1024539453715,ins新款A类2026床上纯棉四件套全棉床单被套被罩宿舍床笠三4件套,"Bộ chăn ga gối 4 món cotton nguyên chất chuẩn A, mẫu mới 2026, phong cách ins, ga trải giường, vỏ chăn, vỏ gối, ga bọc đệm ký túc xá, bộ 3-4 món.",ins新款A类2026床上纯棉四件套全棉床单被套被罩宿舍床笠三4件套,"Bộ chăn ga gối 4 món cotton nguyên chất chuẩn A, mẫu mới 2026, phong cách ins, ga trải giường, vỏ chăn, vỏ gối, ga bọc đệm ký túc xá, bộ 3-4 món",num_mismatch,0.7031999826431274
897155265633,包邮优质亲肤被套单件被罩单双人宿舍床单1.1/1.5/1.8/2米四件套,"Miễn phí vận chuyển, vỏ chăn bông thân thiện với da chất lượng cao, ga trải giường ký túc xá đơn/đôi, bộ 1.1/1.5/1.8/ 2.4m món.",包邮优质亲肤被套单件被罩单双人宿舍床单1.1/1.5/1.8/2米四件套,"Miễn phí vận chuyển, vỏ chăn bông thân thiện với da chất lượng cao, ga trải giường ký túc xá đơn/đôi, bộ 1.1/1.5/1.8/ 2.4 m món",num_mismatch,0.723800003528595
1002896571144,A类云感棉纯水洗棉四件套公主风法式花边被套床单床笠宿舍三件套3,"Bộ chăn ga gối đệm bốn món, chất liệu cotton cao cấp mềm mại như mây, được giặt sạch bằng nước, kiểu dáng công chúa, có ren Pháp, bao gồm chăn, ga trải giường, và bộ ba món dành cho ký túc xá.",A类云感棉纯水洗棉四件套公主风法式花边被套床单床笠宿舍三件套3,"Bộ chăn ga gối đệm bốn món, chất liệu cotton cao cấp mềm mại như mây, được giặt sạch bằng nước, kiểu dáng công chúa, có ren Pháp, bao gồm chăn, ga trải giường, và bộ ba món dành cho ký túc xá",num_mismatch,0.6682999730110168
1055979286095,A类无印风床上四件套全棉纯棉新款床单被套罩床笠学生宿舍三件套4,"Bộ chăn ga gối 4 món phong cách Muji loại A, 100% cotton nguyên chất, mẫu mới, bao gồm ga trải giường, vỏ chăn, vỏ gối, ga chun, bộ 3 món cho ký túc xá sinh viên 4",A类无印风床上四件套全棉纯棉新款床单被套罩床笠学生宿舍三件套4,"Bộ chăn ga gối 4 món phong cách Muji loại A, 100% cotton nguyên chất, mẫu mới, bao gồm ga trải giường, vỏ chăn, vỏ gối, ga chun, bộ 3 món cho ký túc xá sinh viên 4",num_mismatch,0.6966000199317932
1080099853527,A类提花全棉床上四件套100纯棉床单被套三件套床品床笠款床上用品,"Bộ chăn ga gối 4 món cotton 100% dệt jacquard loại A, bộ 3 món ga trải giường và vỏ chăn 100% cotton nguyên chất, bộ đồ giường kiểu ga chun",A类提花全棉床上四件套100纯棉床单被套三件套床品床笠款床上用品,"Bộ chăn ga gối 4 món cotton 100% dệt jacquard loại A, bộ 3 món ga trải giường và vỏ chăn 100% cotton nguyên chất, bộ đồ giường kiểu ga chun",num_mismatch,0.670799970626831
828178215934,高端100支全棉加厚磨毛四件套轻奢长绒棉纯棉冬季床上用品套件,Bộ chăn ga gối đệm mùa đông 100% cotton dày dặn 100 chiếc cao cấp,高端100支全棉加厚磨毛四件套轻奢长绒棉纯棉冬季床上用品套件,Bộ chăn ga gối đệm mùa đông 100% cotton dày dặn 100 chiếc cao cấp,num_mismatch,0.7264999747276306
1004618044295,轻奢A类100支双股长绒棉纯棉四件套高端贡缎工艺四季被套床笠床单,"Bộ chăn ga gối 4 món cotton sợi dài 100 sợi đôi, 100% cotton, loại A, phong cách sang trọng nhẹ nhàng, công nghệ dệt satin cao cấp, vỏ chăn ga trải giường ga bọc đệm dùng được bốn mùa.",轻奢A类100支双股长绒棉纯棉四件套高端贡缎工艺四季被套床笠床单,"Bộ chăn ga gối 4 món cotton sợi dài 100 sợi đôi, 100% cotton, loại A, phong cách sang trọng nhẹ nhàng, công nghệ dệt satin cao cấp, vỏ chăn ga trải giường ga bọc đệm dùng được bốn mùa",num_mismatch,0.7037000060081482
1075890719173,A类床上纯棉四件套2026新款全棉被套床单被罩学生宿舍床笠三件套3,"Bộ chăn ga gối cotton nguyên chất loại A, mẫu mới 2026, vỏ chăn ga trải giường 100% cotton, bộ ga chun 3 món cho ký túc xá sinh viên 3",A类床上纯棉四件套2026新款全棉被套床单被罩学生宿舍床笠三件套3,"Bộ chăn ga gối cotton nguyên chất loại A, mẫu mới 2026, vỏ chăn ga trải giường 100% cotton, bộ ga chun 3 món cho ký túc xá sinh viên 3",num_mismatch,0.7013000249862671
1077349134472,A类泡芙纱纯棉四件套超软双层纱床单笠全棉被套宿舍上下铺三件套4,"Bộ chăn ga gối 4 món cotton nguyên chất vải voan bồng bềnh loại A, siêu mềm, ga trải giường vải voan hai lớp, vỏ chăn 100% cotton, bộ 3 món cho giường tầng ký túc xá 4",A类泡芙纱纯棉四件套超软双层纱床单笠全棉被套宿舍上下铺三件套4,"Bộ chăn ga gối 4 món cotton nguyên chất vải voan bồng bềnh loại A, siêu mềm, ga trải giường vải voan hai lớp, vỏ chăn 100% cotton, bộ 3 món cho giường tầng ký túc xá 4",num_mismatch,0.7200000286102295
1046154834401,ins风床上四件套亲肤舒适简约条纹纯色家用卧室学生床单四件套,"Bộ chăn ga gối 4 món phong cách ins, thân thiện với da, thoải mái, thiết kế tối giản, họa tiết kẻ sọc và màu trơn, dùng cho phòng ngủ gia đình và sinh viên.",ins风床上四件套亲肤舒适简约条纹纯色家用卧室学生床单四件套,"Bộ chăn ga gối 4 món phong cách ins, thân thiện với da, thoải mái, thiết kế tối giản, họa tiết kẻ sọc và màu trơn, dùng cho phòng ngủ gia đình và sinh viên",num_mismatch,0.7135000228881836
1062563894597,全棉毛球花边四件套ins少女公主小清新纯棉床单被罩学生宿舍三件3,"Bộ chăn ga gối 4 món cotton 100% viền ren bông xù, phong cách công chúa thiếu nữ ins, nhẹ nhàng tươi mới, ga trải giường và vỏ chăn cotton nguyên chất, bộ 3 món cho ký túc xá sinh viên",全棉毛球花边四件套ins少女公主小清新纯棉床单被罩学生宿舍三件3,"Bộ chăn ga gối 4 món cotton 100% viền ren bông xù, phong cách công chúa thiếu nữ ins, nhẹ nhàng tươi mới, ga trải giường và vỏ chăn cotton nguyên chất, bộ 3 món cho ký túc xá sinh viên",num_mismatch,0.730400025844574
1077709866594,一件代发包邮亲肤被套单件被罩单双人宿舍床单三四件套,"Vỏ chăn cao cấp thân thiện với da, vỏ chăn đơn, ga trải giường ký túc xá đơn/đôi 1.1/1.5/1.8/ 2.34m bộ",一件代发包邮亲肤被套单件被罩单双人宿舍床单三四件套,"Vỏ chăn cao cấp thân thiện với da, vỏ chăn đơn, ga trải giường ký túc xá đơn/đôi 1.1/1.5/1.8/ 2.34 m bộ",num_mismatch,0.6414999961853027
754352617755,新款高端刺绣四件套纯色雅棉亲肤磨毛床上用品床单被套24小时发货,Bộ chăn ga trải giường bốn mảnh vải bông chải lông thân thiện với làn da thêu cao cấp mới Bộ chăn ga trải giường bốn mảnh,新款高端刺绣四件套纯色雅棉亲肤磨毛床上用品床单被套24小时发货,Bộ chăn ga trải giường bốn mảnh vải bông chải lông thân thiện với làn da thêu cao cấp mới Bộ chăn ga trải giường bốn mảnh,num_mismatch,0.6385999917984009
1024676875132,高端酒店风100支长绒棉四件套全棉纯棉贡缎床上用品裸睡床单床笠,"Bộ chăn ga gối 4 món phong cách khách sạn cao cấp, 100% cotton sợi dài 100 sợi, 100% cotton nguyên chất, vải satin, ga trải giường và ga bọc nệm, thích hợp ngủ trần.",高端酒店风100支长绒棉四件套全棉纯棉贡缎床上用品裸睡床单床笠,"Bộ chăn ga gối 4 món phong cách khách sạn cao cấp, 100% cotton sợi dài 100 sợi, 100% cotton nguyên chất, vải satin, ga trải giường và ga bọc nệm, thích hợp ngủ trần",num_mismatch;info_stuffing:100,0.7235000133514404
771907571764,小清新A类100%水洗棉四件套磨毛棉全被套罩单床笠学生宿舍三4件套,"Bộ bốn mảnh bông giặt 100% loại A tươi mát, bộ bốn mảnh bông chải, bộ chăn bông đầy đủ, bộ khăn trải giường đơn, bộ ba và bộ bốn mảnh ký túc xá sinh viên",小清新A类100%水洗棉四件套磨毛棉全被套罩单床笠学生宿舍三4件套,"Bộ bốn mảnh bông giặt 100% loại A tươi mát, bộ bốn mảnh bông chải, bộ chăn bông đầy đủ, bộ khăn trải giường đơn, bộ ba và bộ bốn mảnh ký túc xá sinh viên",num_mismatch;info_stuffing:bốn,0.7246000170707703
1052418019655,a类纯棉床品四件套2026新款全棉被套床单被罩学生宿舍床上三件套3,"Bộ chăn ga gối cotton nguyên chất loại A 4 món, mẫu mới 2026, vỏ chăn ga trải giường 100% cotton, bộ 3 món cho ký túc xá sinh viên 3",a类纯棉床品四件套2026新款全棉被套床单被罩学生宿舍床上三件套3,"Bộ chăn ga gối cotton nguyên chất loại A 4 món, mẫu mới 2026, vỏ chăn ga trải giường 100% cotton, bộ 3 món cho ký túc xá sinh viên 3",num_mismatch,0.7483999729156494
1027722228335,轻奢高级感全棉双层纱床上四件套纯棉2026新款床单被套床笠三件套,"Bộ chăn ga gối 4 món vải xô hai lớp 100% cotton, phong cách sang trọng tinh tế, mẫu mới 2026, bao gồm ga trải giường, vỏ chăn, ga bọc đệm, bộ 3 món.",轻奢高级感全棉双层纱床上四件套纯棉2026新款床单被套床笠三件套,"Bộ chăn ga gối 4 món vải xô hai lớp 100% cotton, phong cách sang trọng tinh tế, mẫu mới 2026, bao gồm ga trải giường, vỏ chăn, ga bọc đệm, bộ 3 món",num_mismatch,0.698199987411499
1057756573478,水星家纺纯棉A类母婴级四件套全棉长绒棉床上用品酒店四件套批发,"Bộ chăn ga gối 4 món cotton nguyên chất loại A tiêu chuẩn mẹ và bé, chất liệu cotton sợi dài 100% cotton, dùng cho khách sạn, bán sỉ.",水星家纺纯棉A类母婴级四件套全棉长绒棉床上用品酒店四件套批发,"Bộ chăn ga gối 4 món cotton nguyên chất loại A tiêu chuẩn mẹ và bé, chất liệu cotton sợi dài 100% cotton, dùng cho khách sạn, bán sỉ",num_mismatch;info_stuffing:cotton,0.6973000168800354
1016117799906,法式少女100支全棉长绒棉四件套公主风褶皱纯棉天丝被套床品床笠4,"Bộ bốn món 100% cotton sợi dài kiểu Pháp dành cho bé gái, phong cách công chúa, gồm vỏ chăn, ga trải giường và ga bọc đệm bằng vải cotton nguyên chất và Tencel xếp ly.",法式少女100支全棉长绒棉四件套公主风褶皱纯棉天丝被套床品床笠4,"Bộ bốn món 100% cotton sợi dài kiểu Pháp dành cho bé gái, phong cách công chúa, gồm vỏ chăn, ga trải giường và ga bọc đệm bằng vải cotton nguyên chất và Tencel xếp ly",num_mismatch,0.7110000252723694
890069035797,纯棉四件套全棉2025新款床上用品清新碎花被套床单宿舍三件套床笠,Bộ chăn ga gối đệm bốn mảnh 100% cotton mẫu mới 2025 bộ chăn ga gối đệm hoa tươi mát bộ ga giường ba mảnh ký túc xá,纯棉四件套全棉2025新款床上用品清新碎花被套床单宿舍三件套床笠,Bộ chăn ga gối đệm bốn mảnh 100% cotton mẫu mới 2025 bộ chăn ga gối đệm hoa tươi mát bộ ga giường ba mảnh ký túc xá,num_mismatch,0.743399977684021
921964536276,LF级100支奥地利兰精天丝夏季床四件套冰丝夏凉被套床笠床单真丝3,"Bộ chăn ga gối đệm mùa hè Lenzing Tencel Áo 100% chất lượng cao cấp, 4 món, chất liệu lụa đá mát lạnh",LF级100支奥地利兰精天丝夏季床四件套冰丝夏凉被套床笠床单真丝3,"Bộ chăn ga gối đệm mùa hè Lenzing Tencel Áo 100% chất lượng cao cấp, 4 món, chất liệu lụa đá mát lạnh",num_mismatch,0.6053000092506409
1028552698665,A类双层纱床上四件套纯棉全棉新款田园床单件被套被罩宿舍三件套4,"Bộ 4 món chăn ga gối vải xô hai lớp loại A, 100% cotton nguyên chất, mẫu mới phong cách đồng quê, bao gồm ga trải giường, vỏ chăn, vỏ gối, bộ 3 món cho ký túc xá 4",A类双层纱床上四件套纯棉全棉新款田园床单件被套被罩宿舍三件套4,"Bộ 4 món chăn ga gối vải xô hai lớp loại A, 100% cotton nguyên chất, mẫu mới phong cách đồng quê, bao gồm ga trải giường, vỏ chăn, vỏ gối, bộ 3 món cho ký túc xá 4",num_mismatch,0.7145000100135803
1037339373969,A类100支长绒棉四件套全棉儿童房卡通三件套床笠单人纯棉床上用品,"Bộ chăn ga gối 4 món cotton sợi dài 100 sợi loại A, 100% cotton, họa tiết hoạt hình cho phòng trẻ em, bộ 3 món ga trải giường, đồ dùng giường ngủ cotton nguyên chất cho giường đơn.",A类100支长绒棉四件套全棉儿童房卡通三件套床笠单人纯棉床上用品,"Bộ chăn ga gối 4 món cotton sợi dài 100 sợi loại A, 100% cotton, họa tiết hoạt hình cho phòng trẻ em, bộ 3 món ga trải giường, đồ dùng giường ngủ cotton nguyên chất cho giường đơn",num_mismatch;info_stuffing:cotton,0.7009000182151794
1029855782051,纯棉原麻四件套复古碎花纽扣款全棉床单笠被罩三件套a类床上用品,"Bộ chăn ga gối 4 món cotton nguyên chất vải lanh, họa tiết hoa nhí cổ điển, kiểu cài nút, ga trải giường 100% cotton, vỏ chăn, bộ 3 món, đồ dùng giường ngủ loại A.",纯棉原麻四件套复古碎花纽扣款全棉床单笠被罩三件套a类床上用品,"Bộ chăn ga gối 4 món cotton nguyên chất vải lanh, họa tiết hoa nhí cổ điển, kiểu cài nút, ga trải giường 100% cotton, vỏ chăn, bộ 3 món, đồ dùng giường ngủ loại A",num_mismatch,0.6647999882698059
1077777461502,A类超柔正品ins抗菌四件套纯棉云感母婴级裸睡床单被套宿舍三件套,"Bộ chăn ga gối 4 món chính hãng siêu mềm mại loại A, kháng khuẩn, phong cách Ins, 100% cotton, cảm giác như mây, chuẩn an toàn cho mẹ và bé, thích hợp ngủ trần, bộ 3 món cho ký túc xá.",A类超柔正品ins抗菌四件套纯棉云感母婴级裸睡床单被套宿舍三件套,"Bộ chăn ga gối 4 món chính hãng siêu mềm mại loại A, kháng khuẩn, phong cách Ins, 100% cotton, cảm giác như mây, chuẩn an toàn cho mẹ và bé, thích hợp ngủ trần, bộ 3 món cho ký túc xá",num_mismatch,0.713699996471405
965502388903,纯棉床上四件套2025新款全棉纯色被套床单床笠被罩宿舍三件套床品,"Bộ chăn ga gối cotton nguyên chất 4 món kiểu mới 2025, chất liệu cotton 100%, màu trơn, gồm vỏ chăn, ga trải giường, ga trải giường có dây, vỏ chăn, bộ chăn ga gối 3 món dành cho ký túc xá",纯棉床上四件套2025新款全棉纯色被套床单床笠被罩宿舍三件套床品,"Bộ chăn ga gối cotton nguyên chất 4 món kiểu mới 2025, chất liệu cotton 100%, màu trơn, gồm vỏ chăn, ga trải giường, ga trải giường có dây, vỏ chăn, bộ chăn ga gối 3 món dành cho ký túc xá",num_mismatch;info_stuffing:chăn,0.7166000008583069
953906978854,草莓猫咪卡通床上用品被套学生宿舍三件套4件套亲肤水洗棉四件套,"Bộ chăn ga gối hoạt hình mèo dâu tây, bao gồm vỏ chăn, thích hợp cho ký túc xá sinh viên, có sẵn bộ ba món và bốn món, được làm từ chất liệu cotton thân thiện với da, có thể giặt được.",草莓猫咪卡通床上用品被套学生宿舍三件套4件套亲肤水洗棉四件套,"Bộ chăn ga gối hoạt hình mèo dâu tây, bao gồm vỏ chăn, thích hợp cho ký túc xá sinh viên, có sẵn bộ ba món và bốn món, được làm từ chất liệu cotton thân thiện với da, có thể giặt được",num_mismatch,0.635200023651123
947436756706,全棉床上四件套100%纯棉宿舍三件套60支长绒棉床单被套罩枕套批发,Bộ 4 món giường 100% cotton 100% cotton ký túc xá bộ 3 món 60 cái ga trải giường cotton dài vỏ chăn vỏ gối bán buôn,全棉床上四件套100%纯棉宿舍三件套60支长绒棉床单被套罩枕套批发,Bộ 4 món giường 100% cotton 100% cotton ký túc xá bộ 3 món 60 cái ga trải giường cotton dài vỏ chăn vỏ gối bán buôn,num_mismatch;info_stuffing:cotton,0.7404999732971191
1064124861944,全棉无印条纹风床上四件套简约格子纯棉床笠款被罩学生宿舍三件套,"Bộ chăn ga gối 4 món cotton 100% phong cách tối giản kẻ sọc, bộ 3 món vỏ chăn ga chun cotton kẻ caro đơn giản cho ký túc xá sinh viên",全棉无印条纹风床上四件套简约格子纯棉床笠款被罩学生宿舍三件套,"Bộ chăn ga gối 4 món cotton 100% phong cách tối giản kẻ sọc, bộ 3 món vỏ chăn ga chun cotton kẻ caro đơn giản cho ký túc xá sinh viên",num_mismatch,0.6722999811172485
859658877995,纯棉四件套全棉被套单件被罩床单三件套床笠学生套件凉席套装宿舍,"Bộ chăn bông bốn mảnh 100% cotton, bộ chăn bông một mảnh, bộ chăn ga ba mảnh, bộ chăn ga gối đệm cho học sinh, bộ chiếu mùa hè, ký túc xá",纯棉四件套全棉被套单件被罩床单三件套床笠学生套件凉席套装宿舍,"Bộ chăn bông bốn mảnh 100% cotton, bộ chăn bông một mảnh, bộ chăn ga ba mảnh, bộ chăn ga gối đệm cho học sinh, bộ chiếu mùa hè, ký túc xá",num_mismatch;info_stuffing:chăn,0.7064999938011169
1033679808301,母婴级A类有氧裸睡四件套纯棉床上双层纱云柔床单被套宿舍三4件套,"Bộ chăn ga gối 4 món cotton nguyên chất, vải xô hai lớp mềm mại như mây, an toàn cho mẹ và bé (loại A), thoáng khí, thích hợp ngủ trần, dùng cho ký túc xá, bộ 3 hoặc 4 món.",母婴级A类有氧裸睡四件套纯棉床上双层纱云柔床单被套宿舍三4件套,"Bộ chăn ga gối 4 món cotton nguyên chất, vải xô hai lớp mềm mại như mây, an toàn cho mẹ và bé (loại A), thoáng khí, thích hợp ngủ trần, dùng cho ký túc xá, bộ 3 hoặc 4 món",num_mismatch,0.7038000226020813
1014779761941,A类母婴级纯水洗棉四件套ins小清新床单被套学生宿舍款三件套床笠,"Bộ chăn ga gối bốn món cao cấp, 100% cotton, dành cho mẹ và bé, thiết kế tươi mới và tối giản, phù hợp cho ký túc xá sinh viên, bao gồm ga trải giường.",A类母婴级纯水洗棉四件套ins小清新床单被套学生宿舍款三件套床笠,"Bộ chăn ga gối bốn món cao cấp, 100% cotton, dành cho mẹ và bé, thiết kế tươi mới và tối giản, phù hợp cho ký túc xá sinh viên, bao gồm ga trải giường",num_mismatch,0.6761000156402588
1047218689216,母婴级A类有氧裸睡四件套纯棉床上双层纱云柔床单被套宿舍三4件套,"Bộ chăn ga gối 4 món cotton nguyên chất, vải xô hai lớp mềm mại như mây, thoáng khí, an toàn cho mẹ và bé (loại A), thích hợp ngủ trần, dùng cho ký túc xá, bộ 3 hoặc 4 món.",母婴级A类有氧裸睡四件套纯棉床上双层纱云柔床单被套宿舍三4件套,"Bộ chăn ga gối 4 món cotton nguyên chất, vải xô hai lớp mềm mại như mây, thoáng khí, an toàn cho mẹ và bé (loại A), thích hợp ngủ trần, dùng cho ký túc xá, bộ 3 hoặc 4 món",num_mismatch,0.7013999819755554
1005477314741,高性价！纯棉床单四件套全棉全棉水洗棉四件套床笠三件套被套床品,"Giá tốt! Bộ ga trải giường 100% cotton, bộ 4 món, cotton giặt, bộ 3 món ga chun, vỏ chăn, chăn ga gối đệm.",高性价!纯棉床单四件套全棉全棉水洗棉四件套床笠三件套被套床品,"Giá tốt! Bộ ga trải giường 100% cotton, bộ 4 món, cotton giặt, bộ 3 món ga chun, vỏ chăn, chăn ga gối đệm",num_mismatch,0.661300003528595
1073733009434,冬季牛奶绒四件套双面法莱绒床裙被套加厚保暖珊瑚绒防静电四件套,"Bộ chăn ga gối 4 món mùa đông, chất liệu nhung sữa hai mặt, vải flannel dày dặn giữ ấm, vỏ chăn và váy giường, chất liệu nhung san hô chống tĩnh điện.",冬季牛奶绒四件套双面法莱绒床裙被套加厚保暖珊瑚绒防静电四件套,"Bộ chăn ga gối 4 món mùa đông, chất liệu nhung sữa hai mặt, vải flannel dày dặn giữ ấm, vỏ chăn và váy giường, chất liệu nhung san hô chống tĩnh điện",num_mismatch,0.6915000081062317
1072931331744,大学生宿舍床上三件套纯棉全棉床笠床单单人被套床上用品四件套六,"Bộ 3 món ga trải giường cotton nguyên chất cho ký túc xá sinh viên, ga chun, ga trải giường, vỏ chăn đơn, bộ 4 món đồ dùng trên giường, bộ 6 món",大学生宿舍床上三件套纯棉全棉床笠床单单人被套床上用品四件套六,"Bộ 3 món ga trải giường cotton nguyên chất cho ký túc xá sinh viên, ga chun, ga trải giường, vỏ chăn đơn, bộ 4 món đồ dùng trên giường, bộ 6 món",num_mismatch;info_stuffing:món,0.7190999984741211
1050003833022,床上四件套a类母婴级超柔双层纱被套小清新床被罩学生床品三件套3,"Bộ chăn ga gối bốn món, loại A, phù hợp cho mẹ và bé, vỏ chăn hai lớp vải gạc siêu mềm, kiểu dáng tươi mới và đơn giản, bộ chăn ga gối ba món dành cho học sinh.",床上四件套a类母婴级超柔双层纱被套小清新床被罩学生床品三件套3,"Bộ chăn ga gối bốn món, loại A, phù hợp cho mẹ và bé, vỏ chăn hai lớp vải gạc siêu mềm, kiểu dáng tươi mới và đơn giản, bộ chăn ga gối ba món dành cho học sinh",num_mismatch;info_stuffing:chăn,0.6955000162124634
953923506440,简约格子床上用品被套学生宿舍三件套被单4件套亲肤水洗棉四件套,"Bộ chăn ga gối kẻ sọc đơn giản, bao gồm một vỏ chăn, phù hợp cho ký túc xá sinh viên; có thể chọn bộ ba món hoặc bộ bốn món, kèm theo một tấm trải giường; được làm từ chất liệu cotton mềm mại, thân thiện với da và có thể giặt được.",简约格子床上用品被套学生宿舍三件套被单4件套亲肤水洗棉四件套,"Bộ chăn ga gối kẻ sọc đơn giản, bao gồm một vỏ chăn, phù hợp cho ký túc xá sinh viên; có thể chọn bộ ba món hoặc bộ bốn món, kèm theo một tấm trải giường; được làm từ chất liệu cotton mềm mại, thân thiện với da và có thể giặt được",num_mismatch,0.7024999856948853
969520790105,全棉水洗棉四件套纯棉床单被罩被套单件学生宿舍单人三件套批发,"Bộ ga trải giường cotton 100% đã qua xử lý, bộ 4 món, ga trải giường cotton nguyên chất, vỏ chăn, bộ 3 món cho sinh viên ký túc xá, bán buôn",全棉水洗棉四件套纯棉床单被罩被套单件学生宿舍单人三件套批发,"Bộ ga trải giường cotton 100% đã qua xử lý, bộ 4 món, ga trải giường cotton nguyên chất, vỏ chăn, bộ 3 món cho sinh viên ký túc xá, bán buôn",num_mismatch,0.690500020980835
1010510520172,ins公主风全棉大花边四件套法式纯棉被套韩版床单笠A类宿舍三件套,"Bộ chăn ga gối 4 món phong cách công chúa ins, ren hoa toàn bộ, 100% cotton, vỏ chăn cotton nguyên chất kiểu Pháp, ga trải giường kiểu Hàn Quốc, bộ 3 món loại A cho ký túc xá.",ins公主风全棉大花边四件套法式纯棉被套韩版床单笠A类宿舍三件套,"Bộ chăn ga gối 4 món phong cách công chúa ins, ren hoa toàn bộ, 100% cotton, vỏ chăn cotton nguyên chất kiểu Pháp, ga trải giường kiểu Hàn Quốc, bộ 3 món loại A cho ký túc xá",num_mismatch,0.7602999806404114
1077779013850,A类超柔正品ins抗菌四件套纯云感母婴级裸睡床单被套宿舍三件套,"Bộ chăn ga gối 4 món chính hãng siêu mềm mại loại A, kháng khuẩn, phong cách Ins, 100% cotton, cảm giác như mây, chuẩn an toàn cho mẹ và bé, thích hợp ngủ trần, bộ 3 món cho ký túc xá.",A类超柔正品ins抗菌四件套纯云感母婴级裸睡床单被套宿舍三件套,"Bộ chăn ga gối 4 món chính hãng siêu mềm mại loại A, kháng khuẩn, phong cách Ins, 100% cotton, cảm giác như mây, chuẩn an toàn cho mẹ và bé, thích hợp ngủ trần, bộ 3 món cho ký túc xá",num_mismatch,0.7099999785423279
1062937253221,水洗棉床上四件套四季通用床单被套学生宿舍床单床笠四件套可机洗,"Bộ chăn ga gối 4 món cotton giặt nước, dùng được bốn mùa, ga trải giường, vỏ chăn, ga bọc đệm, phù hợp cho ký túc xá sinh viên, có thể giặt máy.",水洗棉床上四件套四季通用床单被套学生宿舍床单床笠四件套可机洗,"Bộ chăn ga gối 4 món cotton giặt nước, dùng được bốn mùa, ga trải giường, vỏ chăn, ga bọc đệm, phù hợp cho ký túc xá sinh viên, có thể giặt máy",num_mismatch,0.7361000180244446
973304811351,床上四件套纯棉全棉2025新款碎花床单被套床笠学生宿舍三件套床品,"Bộ chăn ga gối đệm cotton 100% 4 món, họa tiết hoa mới 2025, dành cho sinh viên ký túc xá, bộ chăn ga 3 món",床上四件套纯棉全棉2025新款碎花床单被套床笠学生宿舍三件套床品,"Bộ chăn ga gối đệm cotton 100% 4 món, họa tiết hoa mới 2025, dành cho sinh viên ký túc xá, bộ chăn ga 3 món",num_mismatch,0.7178000211715698
769410159124,高级母婴A长绒棉四件套花卉刺绣被套全棉纯棉四季款轻奢床上用品,"Bộ chăn ga gối cao cấp dành cho bà bầu và em bé, chất liệu cotton sợi dài hạng A, thêu hoa văn, 100% cotton nguyên chất, sang trọng, dùng được bốn mùa.",高级母婴A长绒棉四件套花卉刺绣被套全棉纯棉四季款轻奢床上用品,"Bộ chăn ga gối cao cấp dành cho bà bầu và em bé, chất liệu cotton sợi dài hạng A, thêu hoa văn, 100% cotton nguyên chất, sang trọng, dùng được bốn mùa",num_mismatch,0.6787999868392944
666066202094,北欧ins床上四件套纯棉全棉100小清新被套床单被罩床笠宿舍三件套,Bộ 4 chiếc giường ins Bắc Âu Bộ 4 chiếc chăn bông 100% cotton 100 Bộ chăn ga gối đệm Ga Trải Giường Bộ 3 chiếc ngủ tập thể,北欧ins床上四件套纯棉全棉100小清新被套床单被罩床笠宿舍三件套,Bộ 4 chiếc giường ins Bắc Âu Bộ 4 chiếc chăn bông 100% cotton 100 Bộ chăn ga gối đệm Ga Trải Giường Bộ 3 chiếc ngủ tập thể,num_mismatch,0.7120000123977661
1075969672680,三丽鸥全棉双层纱床上三四件套纯棉可爱kitty猫被套床单床笠床品,"Bộ chăn ga gối 3-4 món Sanrio 100% cotton vải xô hai lớp, họa tiết mèo Kitty dễ thương, bao gồm vỏ chăn, ga trải giường, ga bọc đệm.",三丽鸥全棉双层纱床上三四件套纯棉可爱kitty猫被套床单床笠床品,"Bộ chăn ga gối 3-4 món Sanrio 100% cotton vải xô hai lớp, họa tiết mèo Kitty dễ thương, bao gồm vỏ chăn, ga trải giường, ga bọc đệm",num_mismatch,0.6592000126838684
1015816074972,床上四件套全棉纯棉2026新款床单被套被罩学生宿舍三件套床笠床品,"Bộ chăn ga gối 4 món 100% cotton nguyên chất, mẫu mới 2026, ga trải giường, vỏ chăn, vỏ gối, bộ 3 món cho ký túc xá sinh viên, ga chun, chăn ga gối đệm.",床上四件套全棉纯棉2026新款床单被套被罩学生宿舍三件套床笠床品,"Bộ chăn ga gối 4 món 100% cotton nguyên chất, mẫu mới 2026, ga trải giường, vỏ chăn, vỏ gối, bộ 3 món cho ký túc xá sinh viên, ga chun, chăn ga gối đệm",num_mismatch;info_stuffing:chăn,0.7178000211715698
1012423569638,高端酒店风100S高支长绒棉四件套全棉纯棉贡缎床上用品床单床笠,"Bộ chăn ga gối 4 món cotton sợi dài 100S cao cấp, phong cách khách sạn sang trọng, 100% cotton nguyên chất, vải satin, bao gồm ga trải giường và ga bọc nệm.",高端酒店风100S高支长绒棉四件套全棉纯棉贡缎床上用品床单床笠,"Bộ chăn ga gối 4 món cotton sợi dài 100S cao cấp, phong cách khách sạn sang trọng, 100% cotton nguyên chất, vải satin, bao gồm ga trải giường và ga bọc nệm",num_mismatch,0.7210999727249146
998482684521,全棉100S新疆长绒棉纯色双拼四件套床单床笠款高支纯棉贡缎四件套,"Bộ chăn ga gối 4 món 100% cotton 100S sợi dài Tân Cương, màu trơn hai tông, chất liệu cotton satin cao cấp, mật độ sợi cao.",全棉100S新疆长绒棉纯色双拼四件套床单床笠款高支纯棉贡缎四件套,"Bộ chăn ga gối 4 món 100% cotton 100S sợi dài Tân Cương, màu trơn hai tông, chất liệu cotton satin cao cấp, mật độ sợi cao",num_mismatch,0.6708999872207642
953440363454,粉嫩少女系~100支提花长绒棉四件套 贡缎简约1.5m1.8被套全棉床品,"Phong cách thiếu nữ hồng phấn~Bộ 4 món chăn ga gối cotton sợi dài dệt jacquard 100 sợi, vải satin đơn giản, vỏ chăn 1.5m/1.8m, chăn ga gối 100% cotton",粉嫩少女系~100支提花长绒棉四件套 贡缎简约1.5m1.8被套全棉床品,"Phong cách thiếu nữ hồng phấn~Bộ 4 món chăn ga gối cotton sợi dài dệt jacquard 100 sợi, vải satin đơn giản, vỏ chăn 1.5 m/1.8 m, chăn ga gối 100% cotton",num_mismatch;info_stuffing:chăn,0.71670001745224
673675128081,100全棉四件套纯棉被套床笠春秋单人床单三件套1.5米1.8m床上用品,"Bộ chăn ga trải giường 100% cotton 100 bộ chăn ga trải giường đơn xuân thu bộ chăn ga ba bộ đồ giường 1,5 m 1,8 m",100全棉四件套纯棉被套床笠春秋单人床单三件套1.5米1.8m床上用品,Bộ chăn ga trải giường 100% cotton 100 bộ chăn ga trải giường đơn xuân thu bộ chăn ga ba bộ đồ giường 1.5 m 1.8 m,num_mismatch;info_stuffing:chăn,0.7355999946594238
1068974947255,奶油风ins全棉四件套少女感被罩纯棉被套宿舍透气裸睡床上三件套4,"Bộ chăn ga gối bốn món màu kem, phong cách Instagram, hoàn toàn bằng cotton, bao gồm vỏ chăn cotton nguyên chất, hoàn hảo cho phong cách trẻ trung, phù hợp với phòng ký túc xá, thoáng khí và lý tưởng để ngủ không mặc quần áo.",奶油风ins全棉四件套少女感被罩纯棉被套宿舍透气裸睡床上三件套4,"Bộ chăn ga gối bốn món màu kem, phong cách Instagram, hoàn toàn bằng cotton, bao gồm vỏ chăn cotton nguyên chất, hoàn hảo cho phong cách trẻ trung, phù hợp với phòng ký túc xá, thoáng khí và lý tưởng để ngủ không mặc quần áo",num_mismatch,0.6937999725341797
738458725862,实用礼品加厚磨毛四件套床上用品冬季保暖三4件套被套床单四季款,"Bộ chăn ga gối dày dặn, chất liệu chải mềm, gồm 4 món, giữ ấm mùa đông, bộ 3-4 món, bao gồm vỏ chăn, ga trải giường, kiểu dáng dùng được quanh năm",实用礼品加厚磨毛四件套床上用品冬季保暖三4件套被套床单四季款,"Bộ chăn ga gối dày dặn, chất liệu chải mềm, gồm 4 món, giữ ấm mùa đông, bộ 3-4 món, bao gồm vỏ chăn, ga trải giường, kiểu dáng dùng được quanh năm",num_mismatch,0.6743999719619751
1053066418727,胖东来同款A类母婴级三层纱四件套纯棉全棉纱布床单棉麻提花,"Bộ 4 món ga trải giường vải xô ba lớp 100% cotton nguyên chất, chất liệu vải xô cotton pha gai dầu dệt jacquard, chuẩn A, cấp độ mẹ và bé, mẫu tương tự Pàng Dōng Lái.",胖东来同款A类母婴级三层纱四件套纯棉全棉纱布床单棉麻提花,"Bộ 4 món ga trải giường vải xô ba lớp 100% cotton nguyên chất, chất liệu vải xô cotton pha gai dầu dệt jacquard, chuẩn A, cấp độ mẹ và bé, mẫu tương tự Pàng Dōng Lái",num_mismatch,0.6498000025749207
1059755926880,无印风纯水洗棉床上四件套色织提花纽扣款全棉被套床单学生三件套,"Bộ chăn ga gối 4 món cotton giặt nước phong cách Muji, dệt jacquard sợi màu, có nút cài, vỏ chăn và ga trải giường 100% cotton, bộ 3 món cho sinh viên.",无印风纯水洗棉床上四件套色织提花纽扣款全棉被套床单学生三件套,"Bộ chăn ga gối 4 món cotton giặt nước phong cách Muji, dệt jacquard sợi màu, có nút cài, vỏ chăn và ga trải giường 100% cotton, bộ 3 món cho sinh viên",num_mismatch,0.6571000218391418
1072773890494,轻奢高级感A类长绒棉四件套全棉100纯棉提花被套床单床笠床上用品,"Bộ chăn ga gối cao cấp, chất liệu cotton sợi dài loại A, gồm bốn món: vỏ chăn dệt hoa văn jacquard, ga trải giường và ga bọc đệm.",轻奢高级感A类长绒棉四件套全棉100纯棉提花被套床单床笠床上用品,"Bộ chăn ga gối cao cấp, chất liệu cotton sợi dài loại A, gồm bốn món: vỏ chăn dệt hoa văn jacquard, ga trải giường và ga bọc đệm",num_mismatch,0.6757000088691711
805786838935,学生宿舍芦荟棉四件套亲乐肤棉上下铺单人三件套床上用品4四件套,Bộ bốn mảnh vải bông lô hội ký túc xá sinh viên,学生宿舍芦荟棉四件套亲乐肤棉上下铺单人三件套床上用品4四件套,Bộ bốn mảnh vải bông lô hội ký túc xá sinh viên,num_mismatch,0.6711999773979187
954572549243,蝴蝶结床上用品被套学生宿舍三件套被单4件套亲肤水洗棉四件套,"Bộ chăn ga gối đệm có nơ, vỏ chăn, bộ 3 món cho ký túc xá sinh viên, bộ 4 món, cotton giặt mềm mại thân thiện với da.",蝴蝶结床上用品被套学生宿舍三件套被单4件套亲肤水洗棉四件套,"Bộ chăn ga gối đệm có nơ, vỏ chăn, bộ 3 món cho ký túc xá sinh viên, bộ 4 món, cotton giặt mềm mại thân thiện với da",num_mismatch,0.6761000156402588
1003959497928,加厚磨毛纯棉四件套全棉印花床单被套套件新疆长绒棉床上用品,"Bộ chăn ga gối 4 món cotton nguyên chất dày dặn, vải chải lông, in họa tiết, 100% cotton, chất liệu cotton sợi dài Tân Cương.",加厚磨毛纯棉四件套全棉印花床单被套套件新疆长绒棉床上用品,"Bộ chăn ga gối 4 món cotton nguyên chất dày dặn, vải chải lông, in họa tiết, 100% cotton, chất liệu cotton sợi dài Tân Cương",num_mismatch;info_stuffing:cotton,0.5956000089645386
1076661803454,A类200支全棉四件套高档全棉磨毛加厚床单被套三件套婚庆床笠,"Bộ chăn ga gối 4 món cotton 100% loại A 200 sợi, cao cấp, cotton chải lông dày dặn, bao gồm ga trải giường, vỏ chăn, bộ 3 món, ga chun cưới.",A类200支全棉四件套高档全棉磨毛加厚床单被套三件套婚庆床笠,"Bộ chăn ga gối 4 món cotton 100% loại A 200 sợi, cao cấp, cotton chải lông dày dặn, bao gồm ga trải giường, vỏ chăn, bộ 3 món, ga chun cưới",num_mismatch,0.6923999786376953
1073534717924,A类100支长绒棉四件套全棉提花被套被罩纯棉2026新款轻奢床上用品,"Bộ chăn ga gối 4 món cotton sợi dài 100% loại A, 100 sợi, vỏ chăn dệt jacquard 100% cotton, mẫu mới 2026, đồ dùng phòng ngủ cao cấp nhẹ nhàng.",A类100支长绒棉四件套全棉提花被套被罩纯棉2026新款轻奢床上用品,"Bộ chăn ga gối 4 món cotton sợi dài 100% loại A, 100 sợi, vỏ chăn dệt jacquard 100% cotton, mẫu mới 2026, đồ dùng phòng ngủ cao cấp nhẹ nhàng",num_mismatch;info_stuffing:100,0.7145000100135803
1078717872089,纯棉60支四件套厚织浮雕提花四件套全棉提花秋冬款床上用品四件套,"Bộ chăn ga gối 4 món 100% cotton sợi 60, dệt dày dặn, họa tiết jacquard nổi, mẫu thu đông.",纯棉60支四件套厚织浮雕提花四件套全棉提花秋冬款床上用品四件套,"Bộ chăn ga gối 4 món 100% cotton sợi 60, dệt dày dặn, họa tiết jacquard nổi, mẫu thu đông",num_mismatch,0.6829000115394592
1084806356587,A类床上用品四件套纯棉全棉床单被套单件被罩床笠学生宿舍三件套4,"Bộ chăn ga gối đệm loại A, 100% cotton, ga trải giường, vỏ chăn, vỏ chăn đơn, ga chun, bộ ba món cho ký túc xá sinh viên 4",A类床上用品四件套纯棉全棉床单被套单件被罩床笠学生宿舍三件套4,"Bộ chăn ga gối đệm loại A, 100% cotton, ga trải giường, vỏ chăn, vỏ chăn đơn, ga chun, bộ ba món cho ký túc xá sinh viên 4",num_mismatch;info_stuffing:chăn,0.7196000218391418
1066419136212,全棉13070小清新活性印花四件套成人家用学生宿舍纯棉床单被套,"Bộ chăn ga gối 4 món 100% cotton 13070, in hoa văn hoạt tính phong cách nhẹ nhàng, dùng cho gia đình và ký túc xá sinh viên.",全棉13070小清新活性印花四件套成人家用学生宿舍纯棉床单被套,"Bộ chăn ga gối 4 món 100% cotton 13070, in hoa văn hoạt tính phong cách nhẹ nhàng, dùng cho gia đình và ký túc xá sinh viên",num_mismatch,0.7304999828338623
1063931541057,A类ins无印风四件套全棉被套床单被罩床笠新款学生宿舍三件套四季,"Bộ chăn ga gối 4 món phong cách Muji (ins) loại A, vỏ chăn ga trải giường 100% cotton, mẫu mới, bộ 3 món cho ký túc xá sinh viên, dùng được bốn mùa.",A类ins无印风四件套全棉被套床单被罩床笠新款学生宿舍三件套四季,"Bộ chăn ga gối 4 món phong cách Muji (ins) loại A, vỏ chăn ga trải giường 100% cotton, mẫu mới, bộ 3 món cho ký túc xá sinh viên, dùng được bốn mùa",num_mismatch,0.7419000267982483
829640690969,A类轻奢高级感华夫格全棉四件套纯棉床品被套床单床上用品三件套,"Bộ chăn ga gối đệm cotton 4 mảnh cao cấp sang trọng nhẹ loại A, bộ chăn ga gối đệm ba mảnh",A类轻奢高级感华夫格全棉四件套纯棉床品被套床单床上用品三件套,"Bộ chăn ga gối đệm cotton 4 mảnh cao cấp sang trọng nhẹ loại A, bộ chăn ga gối đệm ba mảnh",num_mismatch,0.6669999957084656
1033139227720,床上用品水洗棉卡通四件套ins风纯棉全棉床单被套床笠学生宿舍,"Bộ chăn ga gối 4 món cotton giặt, họa tiết hoạt hình, phong cách ins, 100% cotton, ga trải giường, vỏ chăn, ga chun, dành cho ký túc xá sinh viên.",床上用品水洗棉卡通四件套ins风纯棉全棉床单被套床笠学生宿舍,"Bộ chăn ga gối 4 món cotton giặt, họa tiết hoạt hình, phong cách ins, 100% cotton, ga trải giường, vỏ chăn, ga chun, dành cho ký túc xá sinh viên",num_mismatch,0.6976000070571899
994068143142,纯棉a类全棉新疆长绒棉四件套床单被套三件套床上用品A类母婴级,"Cotton nguyên chất loại A, 100% cotton, cotton sợi dài Tân Cương, bộ bốn món, ga trải giường, vỏ chăn, bộ ba món, bộ đồ giường, loại A, cấp độ dành cho bà mẹ và trẻ sơ sinh.",纯棉a类全棉新疆长绒棉四件套床单被套三件套床上用品A类母婴级,"Cotton nguyên chất loại A, 100% cotton, cotton sợi dài Tân Cương, bộ bốn món, ga trải giường, vỏ chăn, bộ ba món, bộ đồ giường, loại A, cấp độ dành cho bà mẹ và trẻ sơ sinh",num_mismatch;info_stuffing:cotton,0.7031999826431274
1046906732615,日式四件套全棉水洗棉纯棉条纹床单被套简约极简民宿床笠床上用品,"Bộ chăn ga gối 4 món phong cách Nhật Bản, 100% cotton, cotton giặt, họa tiết kẻ sọc, ga trải giường, vỏ chăn, ga chun, đồ dùng giường ngủ tối giản, phong cách homestay.",日式四件套全棉水洗棉纯棉条纹床单被套简约极简民宿床笠床上用品,"Bộ chăn ga gối 4 món phong cách Nhật Bản, 100% cotton, cotton giặt, họa tiết kẻ sọc, ga trải giường, vỏ chăn, ga chun, đồ dùng giường ngủ tối giản, phong cách homestay",num_mismatch,0.6646999716758728
1036382393436,法式A类复古花边四件套纯棉全棉2026新款床单被套宿舍床上三件套4,"Bộ chăn ga gối 4 món cotton nguyên chất phong cách Pháp cổ điển ren, loại A, mẫu mới 2026, ga trải giường, vỏ chăn, bộ 3 món cho ký túc xá",法式A类复古花边四件套纯棉全棉2026新款床单被套宿舍床上三件套4,"Bộ chăn ga gối 4 món cotton nguyên chất phong cách Pháp cổ điển ren, loại A, mẫu mới 2026, ga trải giường, vỏ chăn, bộ 3 món cho ký túc xá",num_mismatch,0.7143999934196472
1028908249755,A类100棉高支长绒棉全棉贡缎提花被套被罩2026纯棉床单笠三四件套,"Bộ chăn ga gối 3-4 món 100% cotton sợi dài cao cấp, dệt satin jacquard, vỏ chăn 100% cotton loại A, ga trải giường 100% cotton 2026",A类100棉高支长绒棉全棉贡缎提花被套被罩2026纯棉床单笠三四件套,"Bộ chăn ga gối 3-4 món 100% cotton sợi dài cao cấp, dệt satin jacquard, vỏ chăn 100% cotton loại A, ga trải giường 100% cotton 2026",num_mismatch;info_stuffing:100,0.7138000130653381
1032877451688,全棉裸睡泡芙床上四件套ins卡通纯棉小清新床单笠被罩宿舍三件套,"Bộ chăn ga gối 4 món cotton 100% phong cách ins hoạt hình, thiết kế nhẹ nhàng, mềm mại như bánh phồng, thích hợp ngủ trần, ga trải giường, vỏ chăn, bộ 3 món cho ký túc xá.",全棉裸睡泡芙床上四件套ins卡通纯棉小清新床单笠被罩宿舍三件套,"Bộ chăn ga gối 4 món cotton 100% phong cách ins hoạt hình, thiết kế nhẹ nhàng, mềm mại như bánh phồng, thích hợp ngủ trần, ga trải giường, vỏ chăn, bộ 3 món cho ký túc xá",num_mismatch,0.7107999920845032
1032560825450,ins床上纯棉四件套2026新款全棉床单被套被罩学生单人宿舍三件套4,"Bộ chăn ga gối đệm bốn món chất liệu cotton nguyên chất, kiểu dáng hiện đại, bộ sưu tập mới năm 2026, bao gồm ga trải giường, vỏ chăn và vỏ gối, phù hợp cho học sinh, sinh viên, hoặc sử dụng trong phòng đơn, bộ ba món.",ins床上纯棉四件套2026新款全棉床单被套被罩学生单人宿舍三件套4,"Bộ chăn ga gối đệm bốn món chất liệu cotton nguyên chất, kiểu dáng hiện đại, bộ sưu tập mới năm 2026, bao gồm ga trải giường, vỏ chăn và vỏ gối, phù hợp cho học sinh, sinh viên, hoặc sử dụng trong phòng đơn, bộ ba món",num_mismatch,0.6596999764442444
1080621609431,母婴级A类柔软双层纱被套床单四件套床上用品学生宿舍三件套床笠4,"Bộ chăn ga gối đệm 4 món mềm mại vải xô hai lớp tiêu chuẩn A dành cho mẹ và bé, bộ 3 món ga bọc nệm cho ký túc xá sinh viên",母婴级A类柔软双层纱被套床单四件套床上用品学生宿舍三件套床笠4,"Bộ chăn ga gối đệm 4 món mềm mại vải xô hai lớp tiêu chuẩn A dành cho mẹ và bé, bộ 3 món ga bọc nệm cho ký túc xá sinh viên",num_mismatch,0.730400025844574
899983643752,100%全棉四件套纯棉被套床单2025新款四季床上用品学生宿舍三件套,Bộ chăn ga gối bốn mảnh 100% cotton 100% bộ chăn ga gối bốn mùa mẫu mới 2025 bộ ba mảnh ký túc xá sinh viên,100%全棉四件套纯棉被套床单2025新款四季床上用品学生宿舍三件套,Bộ chăn ga gối bốn mảnh 100% cotton 100% bộ chăn ga gối bốn mùa mẫu mới 2025 bộ ba mảnh ký túc xá sinh viên,num_mismatch,0.7997000217437744
1083414861451,正版A类纯棉双层纱四件套全棉床单被套罩2026新品宿舍床上三件套4,"Bộ 4 món ga trải giường và vỏ chăn 100% cotton sợi đôi hai lớp, chuẩn A, hàng chính hãng, sản phẩm mới 2026, bộ 3 món cho giường ký túc xá 4",正版A类纯棉双层纱四件套全棉床单被套罩2026新品宿舍床上三件套4,"Bộ 4 món ga trải giường và vỏ chăn 100% cotton sợi đôi hai lớp, chuẩn A, hàng chính hãng, sản phẩm mới 2026, bộ 3 món cho giường ký túc xá 4",num_mismatch,0.7495999932289124
1081339049674,纯棉加厚磨毛四件套100全棉床单被套学生宿舍三件套床笠被罩4件套,"Bộ bốn món cotton nguyên chất dày dặn, ga trải giường và vỏ chăn 100% cotton, bộ ba món cho ký túc xá sinh viên, bộ bốn món ga trải giường và vỏ chăn.",纯棉加厚磨毛四件套100全棉床单被套学生宿舍三件套床笠被罩4件套,"Bộ bốn món cotton nguyên chất dày dặn, ga trải giường và vỏ chăn 100% cotton, bộ ba món cho ký túc xá sinh viên, bộ bốn món ga trải giường và vỏ chăn",num_mismatch;info_stuffing:món,0.7239999771118164
1059950743825,大学生宿舍床上三件套全纯棉床品床单被罩四件套2026新款四季通用,"Bộ chăn ga gối 3 món trên giường ký túc xá sinh viên, 100% cotton nguyên chất, bộ 4 món ga trải giường và vỏ chăn, mẫu mới 2026, dùng được bốn mùa.",大学生宿舍床上三件套全纯棉床品床单被罩四件套2026新款四季通用,"Bộ chăn ga gối 3 món trên giường ký túc xá sinh viên, 100% cotton nguyên chất, bộ 4 món ga trải giường và vỏ chăn, mẫu mới 2026, dùng được bốn mùa",num_mismatch,0.7638000249862671
1039216232557,A类100支长绒棉全棉提花被套被罩2026新款防螨纯棉床单笠四件套,"Bộ 4 món ga trải giường và vỏ chăn jacquard 100% cotton sợi dài loại A, 100 sợi, mẫu mới 2026, chống mạt bụi, ga trải giường cotton nguyên chất.",A类100支长绒棉全棉提花被套被罩2026新款防螨纯棉床单笠四件套,"Bộ 4 món ga trải giường và vỏ chăn jacquard 100% cotton sợi dài loại A, 100 sợi, mẫu mới 2026, chống mạt bụi, ga trải giường cotton nguyên chất",num_mismatch,0.676800012588501
1052823803470,小红书抖音全棉双层纱四件套纯棉可爱白鹅被套床单床笠儿童三件套,"Bộ chăn ga gối 4 món vải xô hai lớp 100% cotton, vỏ chăn, ga trải giường, ga bọc đệm họa tiết ngỗng trắng dễ thương, bộ 3 món cho trẻ em, hot trên Xiaohongshu và Douyin.",小红书抖音全棉双层纱四件套纯棉可爱白鹅被套床单床笠儿童三件套,"Bộ chăn ga gối 4 món vải xô hai lớp 100% cotton, vỏ chăn, ga trải giường, ga bọc đệm họa tiết ngỗng trắng dễ thương, bộ 3 món cho trẻ em, hot trên Xiaohongshu và Douyin",num_mismatch,0.6784999966621399
1051772848198,LVАFGН2026新款水洗四件套床上用品磨毛高奢被套床单宿舍家居,"Bộ chăn ga gối đệm bốn món mới, có thể giặt được, mẫu LVAFGN2026, chất liệu cao cấp, mềm mại, dùng cho phòng ngủ hoặc ký túc xá.",LVАFGН2026新款水洗四件套床上用品磨毛高奢被套床单宿舍家居,"Bộ chăn ga gối đệm bốn món mới, có thể giặt được, mẫu LVAFGN2026, chất liệu cao cấp, mềm mại, dùng cho phòng ngủ hoặc ký túc xá",foreign_script,0.729200005531311
970522514406,日式全棉100纯棉四件套被套水洗学生宿舍三件套4长绒棉床单轻奢风,"Bộ chăn ga gối 4 món 100% cotton nguyên chất kiểu Nhật, bộ 3 món cotton giặt sẵn cho ký túc xá sinh viên, ga trải giường cotton sợi dài, phong cách sang trọng nhẹ nhàng.",日式全棉100纯棉四件套被套水洗学生宿舍三件套4长绒棉床单轻奢风,"Bộ chăn ga gối 4 món 100% cotton nguyên chất kiểu Nhật, bộ 3 món cotton giặt sẵn cho ký túc xá sinh viên, ga trải giường cotton sợi dài, phong cách sang trọng nhẹ nhàng",num_mismatch;info_stuffing:cotton,0.7337999939918518
771919443318,纯棉母婴A类60s四件套提花全棉三件套奶油风被套床单宿舍床上用品,Bộ 4 món 60s 100% cotton cho bà mẹ và trẻ em loại A Bộ chăn bông 3 món cotton 100% cotton Bộ chăn ga trải giường ngủ tập thể,纯棉母婴A类60s四件套提花全棉三件套奶油风被套床单宿舍床上用品,Bộ 4 món 60s 100% cotton cho bà mẹ và trẻ em loại A Bộ chăn bông 3 món cotton 100% cotton Bộ chăn ga trải giường ngủ tập thể,num_mismatch;info_stuffing:cotton,0.7204999923706055
1074164295368,A类ins小花边床上四件套纯棉双层纱被套全棉床单床笠宿舍3三4件套,"Bộ chăn ga gối 4 món cotton nguyên chất vải xô hai lớp, vỏ chăn có viền ren nhỏ phong cách ins, ga trải giường và ga bọc đệm 100% cotton, dùng cho ký túc xá, bộ 3 hoặc 4 món.",A类ins小花边床上四件套纯棉双层纱被套全棉床单床笠宿舍3三4件套,"Bộ chăn ga gối 4 món cotton nguyên chất vải xô hai lớp, vỏ chăn có viền ren nhỏ phong cách ins, ga trải giường và ga bọc đệm 100% cotton, dùng cho ký túc xá, bộ 3 hoặc 4 món",num_mismatch,0.6934999823570251
1025270067156,100S高支全棉四件套提花丝滑长绒棉法式浪漫纯棉被套床单床笠1.8m,"Bộ 4 món chăn ga gối 100% cotton sợi dài 100S, dệt jacquard, mềm mượt như lụa, phong cách Pháp lãng mạn, vỏ chăn, ga trải giường, ga bọc đệm cotton nguyên chất, 1.8m",100S高支全棉四件套提花丝滑长绒棉法式浪漫纯棉被套床单床笠1.8m,"Bộ 4 món chăn ga gối 100% cotton sợi dài 100S, dệt jacquard, mềm mượt như lụa, phong cách Pháp lãng mạn, vỏ chăn, ga trải giường, ga bọc đệm cotton nguyên chất, 1.8 m",num_mismatch,0.7120000123977661
1058581998974,床上三件套纯棉全棉大学生宿舍2026新款单双人床品四件套可机洗,"Bộ chăn ga gối 3 món 100% cotton nguyên chất, dành cho ký túc xá sinh viên đại học, mẫu mới 2026, bộ 4 món cho giường đơn/đôi, có thể giặt máy.",床上三件套纯棉全棉大学生宿舍2026新款单双人床品四件套可机洗,"Bộ chăn ga gối 3 món 100% cotton nguyên chất, dành cho ký túc xá sinh viên đại học, mẫu mới 2026, bộ 4 món cho giường đơn/đôi, có thể giặt máy",num_mismatch,0.7638000249862671
958031213273,新款轻奢全棉四件套新疆长绒棉纯棉刺绣被套4件套礼盒装床上用品,"Bộ chăn ga gối đệm bốn món, chất liệu 100% cotton cao cấp, kiểu dáng sang trọng, được làm từ sợi bông dài đặc biệt của Tân Cương và thêu họa tiết tinh xảo, được đóng gói trong hộp quà.",新款轻奢全棉四件套新疆长绒棉纯棉刺绣被套4件套礼盒装床上用品,"Bộ chăn ga gối đệm bốn món, chất liệu 100% cotton cao cấp, kiểu dáng sang trọng, được làm từ sợi bông dài đặc biệt của Tân Cương và thêu họa tiết tinh xảo, được đóng gói trong hộp quà",num_mismatch,0.6622999906539917
1025640799480,A类床上纯棉四件套2025新款全棉床单被套床品学生单人宿舍三件套4,"Bộ chăn ga gối 4 món cotton nguyên chất loại A, mẫu mới 2025, ga trải giường và vỏ chăn 100% cotton, bộ chăn ga gối cho sinh viên ký túc xá, bộ 3 món đơn 4",A类床上纯棉四件套2025新款全棉床单被套床品学生单人宿舍三件套4,"Bộ chăn ga gối 4 món cotton nguyên chất loại A, mẫu mới 2025, ga trải giường và vỏ chăn 100% cotton, bộ chăn ga gối cho sinh viên ký túc xá, bộ 3 món đơn 4",num_mismatch;info_stuffing:chăn,0.7476999759674072
1074455599864,无印良品全棉大学生床上三件套纯棉单人床单笠被套宿舍四件套床品,"Muji bộ chăn ga gối 3 món 100% cotton cho sinh viên đại học, ga trải giường đơn, vỏ chăn, bộ 4 món cho ký túc xá",无印良品全棉大学生床上三件套纯棉单人床单笠被套宿舍四件套床品,"Muji bộ chăn ga gối 3 món 100% cotton cho sinh viên đại học, ga trải giường đơn, vỏ chăn, bộ 4 món cho ký túc xá",num_mismatch,0.6628999710083008
1004780076727,极简侘寂风丨四件套全棉纯棉被套黑白条纹高级感床上用品被套被单,"Phong cách Wabi-sabi tối giản | Bộ 4 món chăn ga gối 100% cotton nguyên chất, họa tiết sọc đen trắng, mang lại vẻ sang trọng, bao gồm vỏ chăn và ga trải giường.",极简侘寂风 四件套全棉纯棉被套黑白条纹高级感床上用品被套被单,"Phong cách Wabi-sabi tối giản | Bộ 4 món chăn ga gối 100% cotton nguyên chất, họa tiết sọc đen trắng, mang lại vẻ sang trọng, bao gồm vỏ chăn và ga trải giường",num_mismatch,0.6420999765396118
1002737934819,60S全棉四件套纯棉四季通用三件套床单被套床笠轻奢高端床品套件,"Bộ chăn ga gối 100% cotton 60S, bộ 4 món, bộ 3 món cotton nguyên chất dùng được bốn mùa, ga trải giường, vỏ chăn, ga chun, bộ chăn ga gối cao cấp sang trọng nhẹ nhàng.",60S全棉四件套纯棉四季通用三件套床单被套床笠轻奢高端床品套件,"Bộ chăn ga gối 100% cotton 60S, bộ 4 món, bộ 3 món cotton nguyên chất dùng được bốn mùa, ga trải giường, vỏ chăn, ga chun, bộ chăn ga gối cao cấp sang trọng nhẹ nhàng",num_mismatch;info_stuffing:chăn,0.7168999910354614
1073466339410,A类轻奢100支新疆长绒棉四件套纯棉纯色床上四件套素色民宿被套单,"Bộ chăn ga gối 4 món cotton sợi dài Tân Cương 100 sợi, 100% cotton, màu trơn, phong cách sang trọng nhẹ nhàng loại A, dùng cho homestay.",A类轻奢100支新疆长绒棉四件套纯棉纯色床上四件套素色民宿被套单,"Bộ chăn ga gối 4 món cotton sợi dài Tân Cương 100 sợi, 100% cotton, màu trơn, phong cách sang trọng nhẹ nhàng loại A, dùng cho homestay",num_mismatch,0.6460000276565552
1009164245633,100S新疆长绒棉婚庆四件套结婚全棉纯棉床单被套婚房红色刺绣床品,"Bộ chăn ga gối cưới 4 món 100% cotton sợi dài Tân Cương, ga trải giường và vỏ chăn 100% cotton nguyên chất, đồ dùng phòng cưới màu đỏ thêu.",100S新疆长绒棉婚庆四件套结婚全棉纯棉床单被套婚房红色刺绣床品,"Bộ chăn ga gối cưới 4 món 100% cotton sợi dài Tân Cương, ga trải giường và vỏ chăn 100% cotton nguyên chất, đồ dùng phòng cưới màu đỏ thêu",num_mismatch,0.6757000088691711
1084240092798,轻奢兔兔绒牛奶绒床上四件套冬季加厚双面绒珊瑚绒被套床笠四件套,"Bộ chăn ga gối 4 món nhung thỏ sữa phong cách sang trọng nhẹ nhàng, dày dặn mùa đông, hai mặt nhung san hô, gồm vỏ chăn và ga chun.",轻奢兔兔绒牛奶绒床上四件套冬季加厚双面绒珊瑚绒被套床笠四件套,"Bộ chăn ga gối 4 món nhung thỏ sữa phong cách sang trọng nhẹ nhàng, dày dặn mùa đông, hai mặt nhung san hô, gồm vỏ chăn và ga chun",num_mismatch,0.6133999824523926
1073257927002,60S提花磨毛纯棉四件套高级感轻奢全棉床单被套南通床上用品a类,"Bộ 4 món chăn ga gối cotton 100% dệt jacquard chải lông 60S, cao cấp, sang trọng nhẹ nhàng, ga trải giường và vỏ chăn cotton nguyên chất, đồ dùng giường ngủ Nam Thông loại A.",60S提花磨毛纯棉四件套高级感轻奢全棉床单被套南通床上用品a类,"Bộ 4 món chăn ga gối cotton 100% dệt jacquard chải lông 60S, cao cấp, sang trọng nhẹ nhàng, ga trải giường và vỏ chăn cotton nguyên chất, đồ dùng giường ngủ Nam Thông loại A",num_mismatch,0.6541000008583069
1063819036804,高级感A类床上提花四件套100纯棉全棉2026新款防螨被套床单品笠4,"Bộ chăn ga gối đệm cao cấp, chất liệu vải jacquard loại A, 100% cotton nguyên chất, mẫu mới năm 2026, bao gồm vỏ chăn chống mạt bụi, ga trải giường và vỏ gối.",高级感A类床上提花四件套100纯棉全棉2026新款防螨被套床单品笠4,"Bộ chăn ga gối đệm cao cấp, chất liệu vải jacquard loại A, 100% cotton nguyên chất, mẫu mới năm 2026, bao gồm vỏ chăn chống mạt bụi, ga trải giường và vỏ gối",num_mismatch,0.6316999793052673
928189290875,轻奢100s纯棉四件套高端贡缎提花被套全棉床单床笠裸睡床上用品4,"Bộ chăn ga gối đệm cao cấp 100% cotton, chất liệu satin jacquard cao cấp, ga trải giường 100% cotton, ga trải giường có dây, bộ đồ giường ngủ thoải mái, 4 món.",轻奢100s纯棉四件套高端贡缎提花被套全棉床单床笠裸睡床上用品4,"Bộ chăn ga gối đệm cao cấp 100% cotton, chất liệu satin jacquard cao cấp, ga trải giường 100% cotton, ga trải giường có dây, bộ đồ giường ngủ thoải mái, 4 món",num_mismatch;info_stuffing:giường,0.6593999862670898
886366820095,全棉印花四件套100%纯棉床单被套三件套小清新长绒棉床笠床上套件,Bộ chăn ga trải giường 100% cotton nguyên chất 4 mảnh 100% cotton bộ chăn ga gối đệm bông dài mới mẻ,全棉印花四件套100%纯棉床单被套三件套小清新长绒棉床笠床上套件,Bộ chăn ga trải giường 100% cotton nguyên chất 4 mảnh 100% cotton bộ chăn ga gối đệm bông dài mới mẻ,num_mismatch,0.6909000277519226
1012435483216,A类轻奢长绒棉磨毛床上四件套被套床纯棉床单加厚全棉夏季高级感,"Bộ chăn ga gối 4 món cotton sợi dài chải lông cao cấp hạng A, vỏ chăn và ga trải giường 100% cotton dày dặn, mang lại cảm giác sang trọng cho mùa hè.",A类轻奢长绒棉磨毛床上四件套被套床纯棉床单加厚全棉夏季高级感,"Bộ chăn ga gối 4 món cotton sợi dài chải lông cao cấp hạng A, vỏ chăn và ga trải giường 100% cotton dày dặn, mang lại cảm giác sang trọng cho mùa hè",num_mismatch,0.6776000261306763
850732182680,享希尔顿酒店高档长绒棉四件套100全棉纯棉被套单笠轻奢床上用品4,"Thưởng thức bộ bốn mảnh vải cotton dài cao cấp của khách sạn Hilton, bộ chăn bông 100% cotton 100, bộ khăn trải giường sang trọng nhẹ 4",享希尔顿酒店高档长绒棉四件套100全棉纯棉被套单笠轻奢床上用品4,"Thưởng thức bộ bốn mảnh vải cotton dài cao cấp của khách sạn Hilton, bộ chăn bông 100% cotton 100, bộ khăn trải giường sang trọng nhẹ 4",num_mismatch,0.7695000171661377
1007184004150,A类母婴级高端加厚100s全棉磨毛四件套纯棉床单笠被套秋冬床品三,"Bộ chăn ga gối 4 món cao cấp, chuẩn A, dành cho mẹ và bé, dày dặn, 100% cotton 100s, vải chải lông, ga trải giường và vỏ chăn cotton nguyên chất, đồ dùng giường ngủ thu đông.",A类母婴级高端加厚100s全棉磨毛四件套纯棉床单笠被套秋冬床品三,"Bộ chăn ga gối 4 món cao cấp, chuẩn A, dành cho mẹ và bé, dày dặn, 100% cotton 100s, vải chải lông, ga trải giường và vỏ chăn cotton nguyên chất, đồ dùng giường ngủ thu đông",num_mismatch,0.7008000016212463
1076366477649,四件套纯棉全棉母婴级高级感100支提花卧室床上四件套复古被套4,"Bộ chăn ga gối 4 món 100% cotton nguyên chất, chuẩn an toàn cho mẹ và bé, cao cấp, dệt jacquard 100 sợi, phong cách retro, vỏ chăn 4",四件套纯棉全棉母婴级高级感100支提花卧室床上四件套复古被套4,"Bộ chăn ga gối 4 món 100% cotton nguyên chất, chuẩn an toàn cho mẹ và bé, cao cấp, dệt jacquard 100 sợi, phong cách retro, vỏ chăn 4",num_mismatch,0.6722999811172485
975917126122,法式贡缎100S长绒棉全棉四件套1.8高端轻奢纯棉被套床单床上用品,"Bộ ga trải giường cotton cao cấp 100S sợi dài, chất liệu satin kiểu Pháp, 4 món, kích thước 1.8m, sang trọng, 100% cotton nguyên chất.",法式贡缎100S长绒棉全棉四件套1.8高端轻奢纯棉被套床单床上用品,"Bộ ga trải giường cotton cao cấp 100S sợi dài, chất liệu satin kiểu Pháp, 4 món, kích thước 1.8 m, sang trọng, 100% cotton nguyên chất",num_mismatch,0.7465999722480774
1074726100308,A类床上用品全棉四件套纯棉2026被套床单被罩床品宿舍学生三件套4,"Bộ chăn ga gối đệm 100% cotton loại A, bộ 4 món, vỏ chăn, ga trải giường, vỏ chăn, đồ dùng giường ngủ cho sinh viên ký túc xá, bộ 3 món 2026",A类床上用品全棉四件套纯棉2026被套床单被罩床品宿舍学生三件套4,"Bộ chăn ga gối đệm 100% cotton loại A, bộ 4 món, vỏ chăn, ga trải giường, vỏ chăn, đồ dùng giường ngủ cho sinh viên ký túc xá, bộ 3 món 2026",num_mismatch;info_stuffing:chăn,0.7444999814033508
1033317325606,A类母婴级 全棉双层纱四件套1.5床1.8床床单床笠款被套宿舍三件套,"Bộ chăn ga gối 4 món vải xô hai lớp 100% cotton chuẩn A dành cho mẹ và bé, dùng cho giường 1.5m và 1.8m, có các mẫu ga trải giường, ga bọc nệm, vỏ chăn, bộ 3 món ký túc xá.",A类母婴级 全棉双层纱四件套1.5床1.8床床单床笠款被套宿舍三件套,"Bộ chăn ga gối 4 món vải xô hai lớp 100% cotton chuẩn A dành cho mẹ và bé, dùng cho giường 1.5 m và 1.8 m, có các mẫu ga trải giường, ga bọc nệm, vỏ chăn, bộ 3 món ký túc xá",num_mismatch,0.7170000076293945
1005595510791,A类120支纯棉四件套2026刺绣被套床单床笠全棉双层纱四件套,"Bộ chăn ga gối 4 món cotton nguyên chất 120 sợi loại A, vỏ chăn thêu 2026, ga trải giường, ga bọc đệm, bộ 4 món vải xô hai lớp 100% cotton.",A类120支纯棉四件套2026刺绣被套床单床笠全棉双层纱四件套,"Bộ chăn ga gối 4 món cotton nguyên chất 120 sợi loại A, vỏ chăn thêu 2026, ga trải giường, ga bọc đệm, bộ 4 món vải xô hai lớp 100% cotton",num_mismatch,0.7300000190734863
1005488862332,全棉色织水洗棉学生四件套格子纯棉被套床单床笠三件套简约床品,"Bộ chăn ga gối 4 món cotton 100% dệt nhuộm sợi, cotton giặt, họa tiết kẻ caro, vỏ chăn ga trải giường ga bọc",全棉色织水洗棉学生四件套格子纯棉被套床单床笠三件套简约床品,"Bộ chăn ga gối 4 món cotton 100% dệt nhuộm sợi, cotton giặt, họa tiết kẻ caro, vỏ chăn ga trải giường ga bọc",num_mismatch,0.5921000242233276
1027768039385,2026双层纱四件套ins风床单床笠被罩可机洗四季通用床笠款四件套,"Bộ bốn món gồm ga trải giường, ga bọc và vỏ chăn, chất liệu vải voan hai lớp, kiểu dáng thời trang, có thể giặt máy, phù hợp với mọi mùa, kiểu ga bọc.",2026双层纱四件套ins风床单床笠被罩可机洗四季通用床笠款四件套,"Bộ bốn món gồm ga trải giường, ga bọc và vỏ chăn, chất liệu vải voan hai lớp, kiểu dáng thời trang, có thể giặt máy, phù hợp với mọi mùa, kiểu ga bọc",num_mismatch,0.6269000172615051
1064802298880,娇滴滴的～100S贡缎提花长绒棉床上四件套纯棉床单床笠轻奢高级感,"Dịu dàng~ Bộ 4 món chăn ga gối cotton sợi dài 100S dệt jacquard satin, ga trải giường và ga bọc nệm 100% cotton, phong cách sang trọng nhẹ nhàng, cao cấp.",娇滴滴的~100S贡缎提花长绒棉床上四件套纯棉床单床笠轻奢高级感,"Dịu dàng~ Bộ 4 món chăn ga gối cotton sợi dài 100S dệt jacquard satin, ga trải giường và ga bọc nệm 100% cotton, phong cách sang trọng nhẹ nhàng, cao cấp",num_mismatch,0.6866999864578247
1015462147168,简约100%纯棉双拼四件套床笠款全棉三件套床单被套罩高支棉轻奢,"Bộ chăn ga gối 4 món phối màu 100% cotton nguyên chất, kiểu ga chun, bộ 3 món ga trải giường và vỏ chăn 100% cotton, cotton sợi cao cấp, phong cách sang trọng nhẹ nhàng.",简约100%纯棉双拼四件套床笠款全棉三件套床单被套罩高支棉轻奢,"Bộ chăn ga gối 4 món phối màu 100% cotton nguyên chất, kiểu ga chun, bộ 3 món ga trải giường và vỏ chăn 100% cotton, cotton sợi cao cấp, phong cách sang trọng nhẹ nhàng",num_mismatch;info_stuffing:cotton,0.6516000032424927
898195207066,夏季水洗冰丝被套单件床单人150x200x230夏季丝滑裸睡被罩四件套4,"Bộ ga trải giường mùa hè bằng vải lụa đá, gồm 1 vỏ chăn và 1 ga trải giường đơn 150x200x230, bộ đồ giường 4 món mềm mại như lụa.",夏季水洗冰丝被套单件床单人150x200x230夏季丝滑裸睡被罩四件套4,"Bộ ga trải giường mùa hè bằng vải lụa đá, gồm 1 vỏ chăn và 1 ga trải giường đơn 150x200x230, bộ đồ giường 4 món mềm mại như lụa",num_mismatch;info_stuffing:giường,0.6757000088691711
781122776600,简约全棉床上四件套春季100纯棉水洗棉ins床单床笠被套三件套床品,Bộ 4 chiếc giường 100% cotton đơn giản mùa xuân 100 tấm ga trải giường ins cotton giặt nước bộ chăn ga gối bộ 3 chiếc chăn ga gối đệm,简约全棉床上四件套春季100纯棉水洗棉ins床单床笠被套三件套床品,Bộ 4 chiếc giường 100% cotton đơn giản mùa xuân 100 tấm ga trải giường ins cotton giặt nước bộ chăn ga gối bộ 3 chiếc chăn ga gối đệm,num_mismatch,0.777400016784668
1070219299351,A类全棉毛巾绣四件套纯棉色织水洗棉贴布绣床上4件套家用卡通被套,"Bộ chăn ga gối 4 món cotton 100% loại A, thêu khăn, cotton dệt nhuộm sợi, cotton giặt, thêu đắp, họa tiết hoạt hình, dùng cho gia đình.",A类全棉毛巾绣四件套纯棉色织水洗棉贴布绣床上4件套家用卡通被套,"Bộ chăn ga gối 4 món cotton 100% loại A, thêu khăn, cotton dệt nhuộm sợi, cotton giặt, thêu đắp, họa tiết hoạt hình, dùng cho gia đình",num_mismatch;info_stuffing:cotton,0.7014999985694885
1081461116253,a类单品｜四季款抗起球全棉四件套纯棉床单被套床笠枕套宿舍被罩,"Sản phẩm loại A | Bộ chăn ga gối 4 món 100% cotton chống xù lông, dùng được bốn mùa, bao gồm ga trải giường, vỏ chăn, ga bọc đệm, vỏ gối, phù hợp cho ký túc xá.",a类单品|四季款抗起球全棉四件套纯棉床单被套床笠枕套宿舍被罩,"Sản phẩm loại A | Bộ chăn ga gối 4 món 100% cotton chống xù lông, dùng được bốn mùa, bao gồm ga trải giường, vỏ chăn, ga bọc đệm, vỏ gối, phù hợp cho ký túc xá",num_mismatch,0.6704000234603882
904937371265,家用防烫五件套9件套木质长柄木铲套装一体搅拌勺家庭厨房厨具,"Bộ dụng cụ chống bỏng gia dụng gồm năm món, bộ chín món, bộ thìa gỗ cán dài, thìa khuấy tích hợp, dụng cụ nhà bếp gia đình",家用防烫五件套9件套木质长柄木铲套装一体搅拌勺家庭厨房厨具,"Bộ dụng cụ chống bỏng gia dụng gồm năm món, bộ chín món, bộ thìa gỗ cán dài, thìa khuấy tích hợp, dụng cụ nhà bếp gia đình",num_mismatch,0.6833999752998352
1080037729579,萌小鸭拍刀器家用多功能三合一厨房切菜神器萌趣卡通磁吸厨房工具,"Dụng cụ cắt rau củ đa năng 3 trong 1 hình vịt con đáng yêu, dùng trong gia đình, dụng cụ nhà bếp hoạt hình ngộ nghĩnh có nam châm hút.",萌小鸭拍刀器家用多功能三合一厨房切菜神器萌趣卡通磁吸厨房工具,"Dụng cụ cắt rau củ đa năng 3 trong 1 hình vịt con đáng yêu, dùng trong gia đình, dụng cụ nhà bếp hoạt hình ngộ nghĩnh có nam châm hút",num_mismatch,0.6754000186920166
1004992508614,316不锈钢菜板加厚抗菌防霉双面304家用厨房切水果砧板大擀面案板,"Thớt inox 316 dày dặn, kháng khuẩn, chống mốc, hai mặt, dùng trong bếp gia đình, thớt thái trái cây, thớt cán bột lớn",316不锈钢菜板加厚抗菌防霉双面304家用厨房切水果砧板大擀面案板,"Thớt inox 316 dày dặn, kháng khuẩn, chống mốc, hai mặt, dùng trong bếp gia đình, thớt thái trái cây, thớt cán bột lớn",num_mismatch;info_stuffing:thớt,0.7226999998092651
902757675747,婴幼儿高腰套装春秋款护肚两件套睡衣 宝宝家居服a类纯棉打底内搭,"Bộ đồ ngủ hai mảnh bảo vệ bụng kiểu dáng mùa xuân và mùa thu cho trẻ sơ sinh, đồ mặc nhà cho bé, loại A 100% cotton mặc trong",婴幼儿高腰套装春秋款护肚两件套睡衣 宝宝家居服a类纯棉打底内搭,"Bộ đồ ngủ hai mảnh bảo vệ bụng kiểu dáng mùa xuân và mùa thu cho trẻ sơ sinh, đồ mặc nhà cho bé, loại A 100% cotton mặc trong",num_mismatch,0.753000020980835
891172627792,婴儿纯棉秋衣套装免脱分体高腰护肚宝宝春秋a类无骨内衣家居服套,"Bộ quần áo mùa thu 100% cotton cho bé, bảo vệ bụng cạp cao không tách rời, đồ lót không xương cho bé mùa xuân và mùa thu",婴儿纯棉秋衣套装免脱分体高腰护肚宝宝春秋a类无骨内衣家居服套,"Bộ quần áo mùa thu 100% cotton cho bé, bảo vệ bụng cạp cao không tách rời, đồ lót không xương cho bé mùa xuân và mùa thu",num_mismatch;info_stuffing:mùa,0.7001000046730042
1069488804873,新生儿衣服a类舒绒棉春秋季周岁宝宝连体衣英伦风婴幼儿外出衣服,"Quần áo trẻ sơ sinh, cotton nhung mềm mại loại A, áo liền quần cho bé 1 tuổi mùa xuân thu, phong cách Anh, đồ mặc ngoài cho trẻ nhỏ.",新生儿衣服a类舒绒棉春秋季周岁宝宝连体衣英伦风婴幼儿外出衣服,"Quần áo trẻ sơ sinh, cotton nhung mềm mại loại A, áo liền quần cho bé 1 tuổi mùa xuân thu, phong cách Anh, đồ mặc ngoài cho trẻ nhỏ",num_mismatch,0.7192000150680542
908482723936,婴儿夏季衣服薄新生儿连体衣纯棉无骨0-6个月男女宝宝蝴蝶衣打底,Quần áo mùa hè cho bé sơ sinh áo liền thân mỏng 100% cotton không xương cho bé trai và bé gái 0-6 tháng mặc trong,婴儿夏季衣服薄新生儿连体衣纯棉无骨0-6个月男女宝宝蝴蝶衣打底,Quần áo mùa hè cho bé sơ sinh áo liền thân mỏng 100% cotton không xương cho bé trai và bé gái 0-6 tháng mặc trong,num_mismatch,0.711899995803833
808382906142,儿童短袖套装纯棉男童T恤宝宝夏季童装女童短裤婴儿衣服夏装,Bộ đồ ngắn tay trẻ em áo phông bé trai 100% cotton quần áo trẻ em mùa hè quần áo bé gái quần áo trẻ em quần áo mùa hè,儿童短袖套装纯棉男童T恤宝宝夏季童装女童短裤婴儿衣服夏装,Bộ đồ ngắn tay trẻ em áo phông bé trai 100% cotton quần áo trẻ em mùa hè quần áo bé gái quần áo trẻ em quần áo mùa hè,num_mismatch;info_stuffing:trẻ,0.7400000095367432
667388830126,儿童短袖套装纯棉夏季新款男童夏装宝宝T恤女童衣服服装薄款童装,Bộ đồ ngắn tay trẻ em 100% cotton mùa hè mẫu mới bé trai áo thun bé gái quần áo trẻ em mẫu mỏng,儿童短袖套装纯棉夏季新款男童夏装宝宝T恤女童衣服服装薄款童装,Bộ đồ ngắn tay trẻ em 100% cotton mùa hè mẫu mới bé trai áo thun bé gái quần áo trẻ em mẫu mỏng,num_mismatch,0.7583000063896179
587399434483,儿童短袖套装纯棉女童夏装男童t恤两件宝宝婴儿衣服韩版童装新款,Bộ đồ ngắn tay trẻ em 100% cotton bé gái mùa hè áo thun bé trai hai chiếc quần áo trẻ em phong cách Hàn Quốc mẫu mới,儿童短袖套装纯棉女童夏装男童t恤两件宝宝婴儿衣服韩版童装新款,Bộ đồ ngắn tay trẻ em 100% cotton bé gái mùa hè áo thun bé trai hai chiếc quần áo trẻ em phong cách Hàn Quốc mẫu mới,num_mismatch,0.7781000137329102
1068009054061,婴儿衣服秋装纯棉满月宝宝连体衣哈衣10A抗菌爬服春秋季外出服,"Quần áo trẻ em, bộ sưu tập mùa thu, chất liệu cotton 100%, bộ liền thân cho trẻ sơ sinh, bộ đồ tập bò kháng khuẩn 10A, phù hợp để mặc khi đi chơi vào mùa xuân và mùa thu.",婴儿衣服秋装纯棉满月宝宝连体衣哈衣10A抗菌爬服春秋季外出服,"Quần áo trẻ em, bộ sưu tập mùa thu, chất liệu cotton 100%, bộ liền thân cho trẻ sơ sinh, bộ đồ tập bò kháng khuẩn 10A, phù hợp để mặc khi đi chơi vào mùa xuân và mùa thu",num_mismatch;info_stuffing:mùa,0.7232999801635742
1041009738558,男童夏装蓝条小熊套装26新款儿童帅气休闲潮款2件套宝宝洋气衣服,"Bộ đồ bé trai mùa hè kẻ sọc xanh hình gấu, mẫu mới 2026, phong cách sành điệu, năng động, thời trang, bộ 2 món, quần áo bé trai sành điệu.",男童夏装蓝条小熊套装26新款儿童帅气休闲潮款2件套宝宝洋气衣服,"Bộ đồ bé trai mùa hè kẻ sọc xanh hình gấu, mẫu mới 2026, phong cách sành điệu, năng động, thời trang, bộ 2 món, quần áo bé trai sành điệu",num_mismatch,0.6359999775886536
894383698653,婴儿衣服春秋连体衣纯棉打底内衣爬服新生儿睡衣长袖男女宝宝哈衣,Quần áo trẻ em áo liền thân xuân thu áo lót 100% cotton áo ngủ trẻ sơ sinh áo liền thân dài tay cho bé nam nữ,婴儿衣服春秋连体衣纯棉打底内衣爬服新生儿睡衣长袖男女宝宝哈衣,Quần áo trẻ em áo liền thân xuân thu áo lót 100% cotton áo ngủ trẻ sơ sinh áo liền thân dài tay cho bé nam nữ,num_mismatch,0.7297999858856201
1016097232605,7A婴儿长袖哈衣纯棉A类衣服可爱舒适连体衣四季男女宝宝休闲爬服,"Bộ liền thân dài tay cho bé, chất liệu cotton nguyên chất, chất lượng hạng A, dễ thương và thoải mái, phù hợp với mọi mùa, unisex, bộ đồ bò thoải mái cho bé.",7A婴儿长袖哈衣纯棉A类衣服可爱舒适连体衣四季男女宝宝休闲爬服,"Bộ liền thân dài tay cho bé, chất liệu cotton nguyên chất, chất lượng hạng A, dễ thương và thoải mái, phù hợp với mọi mùa, unisex, bộ đồ bò thoải mái cho bé",num_mismatch;info_stuffing:chất,0.6674000024795532
669064850479,女童打底裤春季薄款儿童长裤外穿1-2-3岁4婴儿春秋女宝宝女孩裤子,Quần legging bé gái quần dài trẻ em mẫu mỏng mùa xuân quần bé gái bé gái mùa xuân và mùa thu cho bé gái 1-2-3 tuổi mặc ngoài,女童打底裤春季薄款儿童长裤外穿1-2-3岁4婴儿春秋女宝宝女孩裤子,Quần legging bé gái quần dài trẻ em mẫu mỏng mùa xuân quần bé gái bé gái mùa xuân và mùa thu cho bé gái 1-2-3 tuổi mặc ngoài,num_mismatch;info_stuffing:quần,0.7314000129699707
1004905313089,婴儿连体衣纯棉全开扣新生儿爬爬服a类无骨婴幼儿外出服宝宝衣服,"Bộ đồ liền thân cho bé, chất liệu cotton 100%, có cúc cài toàn bộ, bộ đồ tập bò cho trẻ sơ sinh, loại A, không đường may, quần áo mặc ngoài cho trẻ sơ sinh và trẻ nhỏ, quần áo cho bé.",婴儿连体衣纯棉全开扣新生儿爬爬服a类无骨婴幼儿外出服宝宝衣服,"Bộ đồ liền thân cho bé, chất liệu cotton 100%, có cúc cài toàn bộ, bộ đồ tập bò cho trẻ sơ sinh, loại A, không đường may, quần áo mặc ngoài cho trẻ sơ sinh và trẻ nhỏ, quần áo cho bé",num_mismatch;info_stuffing:trẻ,0.692300021648407
1007185295700,树叶棉毛分体套装宝宝分体秋衣秋裤套装全棉纯棉婴儿保暖内衣打底,"Bộ đồ hai món chất liệu cotton họa tiết lá dành cho trẻ sơ sinh, bộ đồ lót giữ ấm bằng cotton, đồ lót giữ ấm cho bé làm từ 100% cotton.",树叶棉毛分体套装宝宝分体秋衣秋裤套装全棉纯棉婴儿保暖内衣打底,"Bộ đồ hai món chất liệu cotton họa tiết lá dành cho trẻ sơ sinh, bộ đồ lót giữ ấm bằng cotton, đồ lót giữ ấm cho bé làm từ 100% cotton",num_mismatch;info_stuffing:cotton,0.6146000027656555
962806129167,新生儿包屁衣纯棉A类婴儿连体衣双层护肚0-1岁宝宝三角哈衣爬爬服,Quần áo trẻ sơ sinh cotton nguyên chất loại A Bộ áo liền quần cho bé 2 lớp bảo vệ bụng cho bé 0-1 tuổi tam giác hậu cung bộ đồ bò,新生儿包屁衣纯棉A类婴儿连体衣双层护肚0-1岁宝宝三角哈衣爬爬服,Quần áo trẻ sơ sinh cotton nguyên chất loại A Bộ áo liền quần cho bé 2 lớp bảo vệ bụng cho bé 0-1 tuổi tam giác hậu cung bộ đồ bò,num_mismatch,0.7358999848365784
914034041355,2025儿童短袖套装纯棉男童玩偶夏装宽松两件套宝宝短裤婴儿衣服,Bộ đồ ngắn tay trẻ em 2025 100% cotton bé trai quần áo mùa hè bộ hai mảnh rộng rãi quần áo trẻ em quần áo trẻ em,2025儿童短袖套装纯棉男童玩偶夏装宽松两件套宝宝短裤婴儿衣服,Bộ đồ ngắn tay trẻ em 2025 100% cotton bé trai quần áo mùa hè bộ hai mảnh rộng rãi quần áo trẻ em quần áo trẻ em,num_mismatch;info_stuffing:trẻ,0.7680000066757202
900361403282,新生儿春季护肚裤子宝宝外出可按扣开腰长裤婴幼儿春夏款纯棉打底,Quần bảo vệ bụng mùa xuân cho trẻ sơ sinh Quần dài thắt eo có nút bấm cho trẻ sơ sinh mùa xuân và mùa hè 100% cotton mặc bên trong,新生儿春季护肚裤子宝宝外出可按扣开腰长裤婴幼儿春夏款纯棉打底,Quần bảo vệ bụng mùa xuân cho trẻ sơ sinh Quần dài thắt eo có nút bấm cho trẻ sơ sinh mùa xuân và mùa hè 100% cotton mặc bên trong,num_mismatch;info_stuffing:mùa,0.6841999888420105
832457902131,儿童内衣纯棉套装春季新款男童秋衣秋裤宝宝睡衣女童家居服童装,Bộ đồ lót trẻ em 100% cotton quần áo mùa thu bé trai mẫu mới mùa xuân quần mùa thu đồ ngủ trẻ em bé gái đồ mặc nhà quần áo trẻ em,儿童内衣纯棉套装春季新款男童秋衣秋裤宝宝睡衣女童家居服童装,Bộ đồ lót trẻ em 100% cotton quần áo mùa thu bé trai mẫu mới mùa xuân quần mùa thu đồ ngủ trẻ em bé gái đồ mặc nhà quần áo trẻ em,num_mismatch;info_stuffing:trẻ,0.7368999719619751
810932001196,儿童立领棉纱套装夏季薄款男童女童纯棉家居服宝宝纱布空调服童装,Bộ sợi bông cổ đứng trẻ em Bộ đồ mặc nhà 100% cotton bé trai bé gái mẫu mỏng mùa hè Bộ đồ điều hòa trẻ em,儿童立领棉纱套装夏季薄款男童女童纯棉家居服宝宝纱布空调服童装,Bộ sợi bông cổ đứng trẻ em Bộ đồ mặc nhà 100% cotton bé trai bé gái mẫu mỏng mùa hè Bộ đồ điều hòa trẻ em,num_mismatch,0.6603000164031982
727228928017,新生儿四季蝴蝶衣婴儿衣服春秋纯棉无骨哈衣宝宝连体衣初生和尚服,Áo cánh bướm bốn mùa sơ sinh quần áo trẻ em xuân thu 100% cotton không xương áo liền thân cho bé sơ sinh,新生儿四季蝴蝶衣婴儿衣服春秋纯棉无骨哈衣宝宝连体衣初生和尚服,Áo cánh bướm bốn mùa sơ sinh quần áo trẻ em xuân thu 100% cotton không xương áo liền thân cho bé sơ sinh,num_mismatch,0.6949999928474426
926657622827,婴儿后背网眼连体衣纯棉夏季薄款宝宝长袖空调服睡衣新生儿衣服夏,Áo liền thân lưới sau lưng trẻ sơ sinh áo điều hòa không khí dài tay mẫu mỏng mùa hè 100% cotton cho trẻ sơ sinh áo sơ sinh mùa hè,婴儿后背网眼连体衣纯棉夏季薄款宝宝长袖空调服睡衣新生儿衣服夏,Áo liền thân lưới sau lưng trẻ sơ sinh áo điều hòa không khí dài tay mẫu mỏng mùa hè 100% cotton cho trẻ sơ sinh áo sơ sinh mùa hè,num_mismatch;info_stuffing:sinh,0.7455999851226807
806370661373,婴幼儿纯棉无骨A类四季简约套装男女宝宝分体二件套装外出家居服,"Bộ đồ đơn giản bốn mùa loại A không xương 100% cotton cho trẻ sơ sinh, bộ đồ hai mảnh cho bé trai và bé gái",婴幼儿纯棉无骨A类四季简约套装男女宝宝分体二件套装外出家居服,"Bộ đồ đơn giản bốn mùa loại A không xương 100% cotton cho trẻ sơ sinh, bộ đồ hai mảnh cho bé trai và bé gái",num_mismatch,0.7753000259399414
795384651030,儿童短袖套装纯棉男童T恤宝宝夏季童装女童短裤婴儿衣服夏装批发,Bộ đồ ngắn tay trẻ em 100% cotton bé trai áo phông trẻ em mùa hè quần áo trẻ em bé gái quần short quần áo trẻ em quần áo mùa hè bán buôn,儿童短袖套装纯棉男童T恤宝宝夏季童装女童短裤婴儿衣服夏装批发,Bộ đồ ngắn tay trẻ em 100% cotton bé trai áo phông trẻ em mùa hè quần áo trẻ em bé gái quần short quần áo trẻ em quần áo mùa hè bán buôn,num_mismatch;info_stuffing:trẻ,0.7598999738693237
907903201274,女童纯棉背带裤春秋季1-2一3岁婴儿洋气连体裤子长裤宝宝裤子春款,Quần yếm cotton cho bé gái quần dài một mảnh kiểu tây cho bé 1-3 tuổi mùa xuân thu,女童纯棉背带裤春秋季1-2一3岁婴儿洋气连体裤子长裤宝宝裤子春款,Quần yếm cotton cho bé gái quần dài một mảnh kiểu tây cho bé 1-3 tuổi mùa xuân thu,num_mismatch,0.6808000206947327
880538847507,婴儿分体衣服宝宝男女儿童秋衣秋裤套装a类纯棉春秋全棉内衣套装,Quần áo bé sơ sinh quần áo mùa thu cho bé nam nữ bộ quần áo mùa thu bộ quần áo lót cotton xuân thu 100% cotton loại A,婴儿分体衣服宝宝男女儿童秋衣秋裤套装a类纯棉春秋全棉内衣套装,Quần áo bé sơ sinh quần áo mùa thu cho bé nam nữ bộ quần áo mùa thu bộ quần áo lót cotton xuân thu 100% cotton loại A,num_mismatch;info_stuffing:quần,0.7200000286102295
771723890915,儿童短袖套装纯棉男童T恤宝宝夏季童装女童短裤婴儿衣服夏装批发,Bộ đồ ngắn tay trẻ em 100% cotton bé trai áo phông trẻ em mùa hè quần áo trẻ em bé gái quần short quần áo trẻ em quần áo mùa hè bán buôn,儿童短袖套装纯棉男童T恤宝宝夏季童装女童短裤婴儿衣服夏装批发,Bộ đồ ngắn tay trẻ em 100% cotton bé trai áo phông trẻ em mùa hè quần áo trẻ em bé gái quần short quần áo trẻ em quần áo mùa hè bán buôn,num_mismatch;info_stuffing:trẻ,0.7598999738693237
891542288855,婴儿保暖内衣春秋套装纯棉男女宝宝秋衣秋裤打底衣儿童全棉两件套,Đồ lót giữ nhiệt cho bé bộ đồ xuân thu 100% cotton cho bé nam nữ quần thu quần mặc trong bộ hai chiếc 100% cotton trẻ em,婴儿保暖内衣春秋套装纯棉男女宝宝秋衣秋裤打底衣儿童全棉两件套,Đồ lót giữ nhiệt cho bé bộ đồ xuân thu 100% cotton cho bé nam nữ quần thu quần mặc trong bộ hai chiếc 100% cotton trẻ em,num_mismatch,0.6732000112533569
900167197805,婴儿连体衣春秋款衣服花边领长袖纯棉新生婴幼儿女宝宝外出服春装,Áo liền thân cho bé quần áo mẫu xuân thu cổ viền hoa dài tay 100% cotton sơ sinh bé gái quần áo đi chơi mùa xuân,婴儿连体衣春秋款衣服花边领长袖纯棉新生婴幼儿女宝宝外出服春装,Áo liền thân cho bé quần áo mẫu xuân thu cổ viền hoa dài tay 100% cotton sơ sinh bé gái quần áo đi chơi mùa xuân,num_mismatch,0.7394999861717224
739111038072,英伦风婴儿连体衣春秋款纯棉洋气绅士男宝宝满月百天哈衣周岁衣服,Phong cách Anh em bé một mảnh quần áo mùa xuân và mùa thu 100% cotton phong cách phương Tây quý ông bé trai tròn một trăm ngày romper,英伦风婴儿连体衣春秋款纯棉洋气绅士男宝宝满月百天哈衣周岁衣服,Phong cách Anh em bé một mảnh quần áo mùa xuân và mùa thu 100% cotton phong cách phương Tây quý ông bé trai tròn một trăm ngày romper,num_mismatch,0.6733999848365784
736554848761,儿童纯棉无骨四季简约套装婴幼儿衣服分体二件套男女宝宝秋衣秋裤,Bộ đồ đơn giản bốn mùa không xương 100% cotton cho trẻ em,儿童纯棉无骨四季简约套装婴幼儿衣服分体二件套男女宝宝秋衣秋裤,Bộ đồ đơn giản bốn mùa không xương 100% cotton cho trẻ em,num_mismatch,0.6825000047683716
936499456313,2025秋季婴幼儿童宝宝衬衫开衫上衣+碎花裤子2件套装全棉秋季新款,Bộ áo cardigan bé sơ sinh và trẻ mới biết đi mùa thu 2025 + quần hoa 2 món chất liệu cotton 100% kiểu dáng mới mùa thu,2025秋季婴幼儿童宝宝衬衫开衫上衣+碎花裤子2件套装全棉秋季新款,Bộ áo cardigan bé sơ sinh và trẻ mới biết đi mùa thu 2025 + quần hoa 2 món chất liệu cotton 100% kiểu dáng mới mùa thu,num_mismatch,0.6575000286102295
1074484897697,婴儿秋套装韩系帅气卫衣卫裤一岁男宝宝衣服秋季新款洋气外出服潮,"Bộ đồ thu cho bé trai 1 tuổi, phong cách Hàn Quốc, áo nỉ và quần nỉ sành điệu, mẫu mới mùa thu, trang phục đi chơi thời thượng.",婴儿秋套装韩系帅气卫衣卫裤一岁男宝宝衣服秋季新款洋气外出服潮,"Bộ đồ thu cho bé trai 1 tuổi, phong cách Hàn Quốc, áo nỉ và quần nỉ sành điệu, mẫu mới mùa thu, trang phục đi chơi thời thượng",num_mismatch,0.7296000123023987
797689690430,婴儿包屁衣纯棉a类新生儿衣服春秋男宝宝连体衣女三角爬服长哈衣,Quần áo trẻ em quần áo trẻ sơ sinh loại A 100% cotton mùa xuân và mùa thu quần áo một mảnh bé trai nữ tam giác leo núi quần áo dài romper,婴儿包屁衣纯棉a类新生儿衣服春秋男宝宝连体衣女三角爬服长哈衣,Quần áo trẻ em quần áo trẻ sơ sinh loại A 100% cotton mùa xuân và mùa thu quần áo một mảnh bé trai nữ tam giác leo núi quần áo dài romper,num_mismatch;info_stuffing:quần,0.6779999732971191
706993757054,无骨纯棉婴儿连体衣春秋男女宝宝衣服四季新生儿哈衣爬服0-12个月,Áo liền thân cho bé 100% cotton không xương xuân thu Nam Nữ quần áo trẻ sơ sinh bốn mùa Romper trẻ sơ sinh 0-12 tháng,无骨纯棉婴儿连体衣春秋男女宝宝衣服四季新生儿哈衣爬服0-12个月,Áo liền thân cho bé 100% cotton không xương xuân thu Nam Nữ quần áo trẻ sơ sinh bốn mùa Romper trẻ sơ sinh 0-12 tháng,num_mismatch,0.7307999730110168
874336268690,跨境批发婴儿素色哈衣 新生儿衣服0-1岁纯色连体衣男女宝宝短爬夏,Bán buôn xuyên biên giới quần áo trẻ em màu trơn cho trẻ sơ sinh Áo liền quần màu trơn cho bé trai và bé gái Mùa hè,跨境批发婴儿素色哈衣 新生儿衣服0-1岁纯色连体衣男女宝宝短爬夏,Bán buôn xuyên biên giới quần áo trẻ em màu trơn cho trẻ sơ sinh Áo liền quần màu trơn cho bé trai và bé gái Mùa hè,num_mismatch,0.7174000144004822
869170794282,婴儿连体衣春秋哈衣新生儿衣服纯棉四季款和尚服初生满月宝宝哈衣,Áo liền thân cho bé mùa xuân và mùa thu áo liền thân cho bé sơ sinh 100% cotton bốn mùa áo liền thân cho bé sơ sinh trăng tròn,婴儿连体衣春秋哈衣新生儿衣服纯棉四季款和尚服初生满月宝宝哈衣,Áo liền thân cho bé mùa xuân và mùa thu áo liền thân cho bé sơ sinh 100% cotton bốn mùa áo liền thân cho bé sơ sinh trăng tròn,num_mismatch;info_stuffing:liền,0.6909000277519226
688416880047,婴幼儿卡通小熊纯棉连体衣洋气哈衣春秋季新款时尚男宝宝婴儿爬服,Áo liền thân 100% cotton hình gấu hoạt hình cho trẻ sơ sinh áo liền thân phong cách phương Tây áo thu đông bé trai thời trang mẫu mới Xuân Thu,婴幼儿卡通小熊纯棉连体衣洋气哈衣春秋季新款时尚男宝宝婴儿爬服,Áo liền thân 100% cotton hình gấu hoạt hình cho trẻ sơ sinh áo liền thân phong cách phương Tây áo thu đông bé trai thời trang mẫu mới Xuân Thu,num_mismatch,0.6413999795913696
732890191412,婴儿纯棉连体衣四季新生儿哈衣男女宝宝全棉护肚魔术贴蝴蝶衣春秋,Áo liền thân 100% cotton cho bé sơ sinh bốn mùa áo liền thân cho bé trai và bé gái,婴儿纯棉连体衣四季新生儿哈衣男女宝宝全棉护肚魔术贴蝴蝶衣春秋,Áo liền thân 100% cotton cho bé sơ sinh bốn mùa áo liền thân cho bé trai và bé gái,num_mismatch,0.609499990940094
915834271664,婴儿连体衣女宝宝衣服无袖哈衣服装夏薄款公主百天周岁夏季包屁衣,Áo liền thân cho bé gái quần áo liền thân không tay quần áo mùa hè mỏng công chúa 100 ngày tuổi mùa hè,婴儿连体衣女宝宝衣服无袖哈衣服装夏薄款公主百天周岁夏季包屁衣,Áo liền thân cho bé gái quần áo liền thân không tay quần áo mùa hè mỏng công chúa 100 ngày tuổi mùa hè,num_mismatch,0.7419000267982483
1066345272979,秋季长袖包屁衣纯棉a类满月宝宝三角爬服新生儿衣服四季款家居服,"Áo liền quần dài tay mùa thu, 100% cotton loại A, dành cho bé sơ sinh, kiểu tam giác, mặc được bốn mùa, đồ mặc nhà.",秋季长袖包屁衣纯棉a类满月宝宝三角爬服新生儿衣服四季款家居服,"Áo liền quần dài tay mùa thu, 100% cotton loại A, dành cho bé sơ sinh, kiểu tam giác, mặc được bốn mùa, đồ mặc nhà",num_mismatch,0.6665999889373779
692612132176,宝宝春秋纯棉洋气拼接连体衣领带爬服哈衣背心外套婴儿春秋装衣服,"Bộ đồ một mảnh ghép Phong Cách Tây 100% cotton mùa xuân thu cho bé, bộ đồ leo núi, áo khoác áo ba lỗ, bộ đồ xuân thu cho bé",宝宝春秋纯棉洋气拼接连体衣领带爬服哈衣背心外套婴儿春秋装衣服,"Bộ đồ một mảnh ghép Phong Cách Tây 100% cotton mùa xuân thu cho bé, bộ đồ leo núi, áo khoác áo ba lỗ, bộ đồ xuân thu cho bé",num_mismatch,0.6633999943733215
892470335393,安阳童装无骨纯棉婴儿连体衣春秋新生儿哈衣爬服0-12个月宝宝打底,Quần áo trẻ em Anyang không xương 100% cotton cho trẻ sơ sinh mùa xuân và mùa thu romper trẻ sơ sinh 0-12 tháng mặc bên trong,安阳童装无骨纯棉婴儿连体衣春秋新生儿哈衣爬服0-12个月宝宝打底,Quần áo trẻ em Anyang không xương 100% cotton cho trẻ sơ sinh mùa xuân và mùa thu romper trẻ sơ sinh 0-12 tháng mặc bên trong,num_mismatch;info_stuffing:trẻ,0.6312999725341797
875961695596,宝宝高腰套装春秋纯棉男睡衣女a类打底秋衣秋裤婴儿内衣套装保暖,Bộ đồ ngủ nam 100% cotton mùa xuân và mùa thu cho bé bộ đồ ngủ nữ áo thu quần thu quần thu quần lót trẻ em giữ ấm,宝宝高腰套装春秋纯棉男睡衣女a类打底秋衣秋裤婴儿内衣套装保暖,Bộ đồ ngủ nam 100% cotton mùa xuân và mùa thu cho bé bộ đồ ngủ nữ áo thu quần thu quần thu quần lót trẻ em giữ ấm,num_mismatch;info_stuffing:thu,0.67330002784729
1005635908140,婴儿衣服a类有机棉婴儿连体衣四季款纯棉7A抗菌磨毛新生宝宝衣服,"Quần áo trẻ sơ sinh, áo liền quần cotton hữu cơ loại A, mẫu bốn mùa, 100% cotton, kháng khuẩn 7A, vải nỉ, dành cho bé sơ sinh.",婴儿衣服a类有机棉婴儿连体衣四季款纯棉7A抗菌磨毛新生宝宝衣服,"Quần áo trẻ sơ sinh, áo liền quần cotton hữu cơ loại A, mẫu bốn mùa, 100% cotton, kháng khuẩn 7A, vải nỉ, dành cho bé sơ sinh",num_mismatch,0.7573000192642212
783248842061,包屁衣婴儿Aa类夏季薄款新生儿纯棉短袖连体衣宝宝夏装全棉和尚服,Quần áo lót quần áo trẻ em Aa loại mỏng mùa hè cho trẻ sơ sinh 100% cotton ngắn tay một mảnh quần áo trẻ em quần áo mùa hè 100% cotton,包屁衣婴儿Aa类夏季薄款新生儿纯棉短袖连体衣宝宝夏装全棉和尚服,Quần áo lót quần áo trẻ em Aa loại mỏng mùa hè cho trẻ sơ sinh 100% cotton ngắn tay một mảnh quần áo trẻ em quần áo mùa hè 100% cotton,num_mismatch;info_stuffing:quần,0.6639000177383423
808404498753,新生婴儿儿蝴蝶衣服春秋四季纯棉无骨和尚服0-3月6初生女宝宝哈衣,Quần áo hình bướm cho bé sơ sinh mùa xuân và mùa thu bốn mùa cotton nguyên chất không xương,新生婴儿儿蝴蝶衣服春秋四季纯棉无骨和尚服0-3月6初生女宝宝哈衣,Quần áo hình bướm cho bé sơ sinh mùa xuân và mùa thu bốn mùa cotton nguyên chất không xương,num_mismatch;info_stuffing:mùa,0.6473000049591064
826564775206,婴儿衣服秋季新款儿童内衣套装纯棉肩扣宝宝秋衣秋裤男高腰护肚女,Quần áo trẻ em bộ đồ lót trẻ em mẫu mới mùa thu quần áo mùa thu khóa vai 100% cotton quần mùa thu bảo vệ bụng cho nam cạp cao cho nữ,婴儿衣服秋季新款儿童内衣套装纯棉肩扣宝宝秋衣秋裤男高腰护肚女,Quần áo trẻ em bộ đồ lót trẻ em mẫu mới mùa thu quần áo mùa thu khóa vai 100% cotton quần mùa thu bảo vệ bụng cho nam cạp cao cho nữ,num_mismatch;info_stuffing:quần,0.7264000177383423
698341058451,新生婴儿连体衣男宝宝春秋季洋气撞色哈衣满月百天幼儿外出爬服潮,"Bộ áo liền quần sơ sinh cho bé trai, phong cách xuân thu, quần áo harem màu tương phản cho bé trăng tròn và 100 ngày, quần áo bò ngoài trời hợp thời trang cho trẻ mới biết đi",新生婴儿连体衣男宝宝春秋季洋气撞色哈衣满月百天幼儿外出爬服潮,"Bộ áo liền quần sơ sinh cho bé trai, phong cách xuân thu, quần áo harem màu tương phản cho bé trăng tròn và 100 ngày, quần áo bò ngoài trời hợp thời trang cho trẻ mới biết đi",num_mismatch;info_stuffing:quần,0.7235000133514404
761494208803,婴儿连体衣纯棉Aa类新生儿衣服春秋季爬服宝宝四季款睡衣一件代发,Bộ đồ một mảnh cho bé quần áo trẻ sơ sinh loại Aa 100% cotton mùa xuân thu bộ đồ ngủ bốn mùa cho bé,婴儿连体衣纯棉Aa类新生儿衣服春秋季爬服宝宝四季款睡衣一件代发,Bộ đồ một mảnh cho bé quần áo trẻ sơ sinh loại Aa 100% cotton mùa xuân thu bộ đồ ngủ bốn mùa cho bé,num_mismatch,0.772599995136261
1058860063389,男童夏季长袖套装礼服衬衫生日抓周衣服婴幼儿长裤百天宝宝周岁秋,"Bộ đồ dài tay mùa hè cho bé trai, áo sơ mi lễ phục, quần dài cho trẻ sơ sinh và trẻ nhỏ, trang phục sinh nhật, lễ bốc thăm 100 ngày tuổi, thôi nôi, mùa thu.",男童夏季长袖套装礼服衬衫生日抓周衣服婴幼儿长裤百天宝宝周岁秋,"Bộ đồ dài tay mùa hè cho bé trai, áo sơ mi lễ phục, quần dài cho trẻ sơ sinh và trẻ nhỏ, trang phục sinh nhật, lễ bốc thăm 100 ngày tuổi, thôi nôi, mùa thu",num_mismatch,0.7414000034332275
1013911378357,新生婴儿连体衣春秋季纯棉初生女宝宝哈衣儿童家居服内衣爬服秋装,"Bộ đồ liền thân cho bé sơ sinh, bộ sưu tập mùa xuân và mùa thu, chất liệu cotton 100%, dành cho bé gái, đồ mặc ở nhà cho trẻ em, đồ lót và quần áo mùa thu.",新生婴儿连体衣春秋季纯棉初生女宝宝哈衣儿童家居服内衣爬服秋装,"Bộ đồ liền thân cho bé sơ sinh, bộ sưu tập mùa xuân và mùa thu, chất liệu cotton 100%, dành cho bé gái, đồ mặc ở nhà cho trẻ em, đồ lót và quần áo mùa thu",num_mismatch;info_stuffing:mùa,0.7117999792098999
1070264893159,宝宝彩棉秋衣秋裤套装A类纯棉婴幼儿无染棉儿童居家打底内衣睡衣,"Bộ đồ thu đông cotton màu cho bé, loại A, 100% cotton nguyên chất, không thuốc nhuộm, dành cho trẻ sơ sinh và trẻ nhỏ, đồ mặc nhà, đồ lót, đồ ngủ.",宝宝彩棉秋衣秋裤套装A类纯棉婴幼儿无染棉儿童居家打底内衣睡衣,"Bộ đồ thu đông cotton màu cho bé, loại A, 100% cotton nguyên chất, không thuốc nhuộm, dành cho trẻ sơ sinh và trẻ nhỏ, đồ mặc nhà, đồ lót, đồ ngủ",num_mismatch,0.6948000192642212
709774500269,婴儿连体衣新生儿衣服纯棉无骨长袖睡衣春秋夏装初生宝宝秋季哈衣,Áo liền thân cho bé sơ sinh áo ngủ dài tay không xương 100% cotton xuân thu hè cho bé sơ sinh mùa thu Romper,婴儿连体衣新生儿衣服纯棉无骨长袖睡衣春秋夏装初生宝宝秋季哈衣,Áo liền thân cho bé sơ sinh áo ngủ dài tay không xương 100% cotton xuân thu hè cho bé sơ sinh mùa thu Romper,num_mismatch,0.7402999997138977
954894581819,新生儿衣服春秋季蝴蝶衣婴儿纯棉 a类连体衣初生宝宝长袖睡衣爬服,"Quần áo trẻ sơ sinh mùa xuân thu, áo liền thân hình bướm, 100% cotton loại A, đồ ngủ dài tay, đồ liền thân cho bé sơ sinh.",新生儿衣服春秋季蝴蝶衣婴儿纯棉 a类连体衣初生宝宝长袖睡衣爬服,"Quần áo trẻ sơ sinh mùa xuân thu, áo liền thân hình bướm, 100% cotton loại A, đồ ngủ dài tay, đồ liền thân cho bé sơ sinh",num_mismatch,0.7336000204086304
1068887366403,26纯棉衣服婴儿连体衣新款百天棉花娃衣洋气满月娃娃爬爬服哈衣秋,"26 bộ quần áo liền thân cho bé làm từ 100% cotton, kiểu dáng mới, quần áo cotton thời trang cho bé, phù hợp cho các dịp kỷ niệm 100 ngày tuổi, bộ đồ cho bé tập bò, quần áo liền thân mùa thu.",26纯棉衣服婴儿连体衣新款百天棉花娃衣洋气满月娃娃爬爬服哈衣秋,"26 bộ quần áo liền thân cho bé làm từ 100% cotton, kiểu dáng mới, quần áo cotton thời trang cho bé, phù hợp cho các dịp kỷ niệm 100 ngày tuổi, bộ đồ cho bé tập bò, quần áo liền thân mùa thu",num_mismatch;info_stuffing:quần,0.696399986743927
1077549376367,A 类母婴级婴儿秋衣套装 全棉透气无骨工艺 高腰护肚不勒腰童装,"Bộ quần áo mùa thu dành cho trẻ em, chất liệu 100% cotton, thoáng khí, không đường may, thiết kế cạp cao giúp bảo vệ bụng mà không gây khó chịu cho vùng eo, phù hợp với trẻ em.",A 类母婴级婴儿秋衣套装 全棉透气无骨工艺 高腰护肚不勒腰童装,"Bộ quần áo mùa thu dành cho trẻ em, chất liệu 100% cotton, thoáng khí, không đường may, thiết kế cạp cao giúp bảo vệ bụng mà không gây khó chịu cho vùng eo, phù hợp với trẻ em",num_mismatch,0.6987000107765198
820209390009,婴儿连体衣秋季长袖纯棉可爱宝宝秋衣婴儿秋季衣服爬服婴儿连体服,Áo liền thân cho bé mùa thu dài tay 100% cotton dễ thương áo thu cho bé áo liền thân cho bé,婴儿连体衣秋季长袖纯棉可爱宝宝秋衣婴儿秋季衣服爬服婴儿连体服,Áo liền thân cho bé mùa thu dài tay 100% cotton dễ thương áo thu cho bé áo liền thân cho bé,num_mismatch,0.697700023651123
760325539515,儿童秋衣秋裤全棉A类春秋款婴幼童衣服宝宝睡衣纯棉肩扣内衣套装,Quần mùa thu trẻ em quần mùa thu 100% cotton loại A quần áo trẻ em mẫu xuân thu đồ ngủ trẻ em bộ đồ lót khóa vai cotton,儿童秋衣秋裤全棉A类春秋款婴幼童衣服宝宝睡衣纯棉肩扣内衣套装,Quần mùa thu trẻ em quần mùa thu 100% cotton loại A quần áo trẻ em mẫu xuân thu đồ ngủ trẻ em bộ đồ lót khóa vai cotton,num_mismatch;info_stuffing:quần,0.7164000272750854
899404255882,新生婴儿儿衣服纯棉初生宝宝和尚服婴儿连体衣薄款春秋季无骨哈衣,Quần áo trẻ sơ sinh quần áo trẻ sơ sinh 100% cotton cho trẻ sơ sinh quần áo liền thân cho trẻ sơ sinh áo liền thân không xương xuân thu mẫu mỏng,新生婴儿儿衣服纯棉初生宝宝和尚服婴儿连体衣薄款春秋季无骨哈衣,Quần áo trẻ sơ sinh quần áo trẻ sơ sinh 100% cotton cho trẻ sơ sinh quần áo liền thân cho trẻ sơ sinh áo liền thân không xương xuân thu mẫu mỏng,num_mismatch;info_stuffing:quần,0.7049000263214111
772013175461,婴儿睡衣纯棉儿衣服连体衣新生儿哈衣男女宝宝春夏装长袖打底爬服,Đồ ngủ trẻ em áo liền thân 100% cotton áo liền thân cho trẻ sơ sinh áo liền quần xuân hè cho bé nam nữ áo bò mặc bên trong dài tay,婴儿睡衣纯棉儿衣服连体衣新生儿哈衣男女宝宝春夏装长袖打底爬服,Đồ ngủ trẻ em áo liền thân 100% cotton áo liền thân cho trẻ sơ sinh áo liền quần xuân hè cho bé nam nữ áo bò mặc bên trong dài tay,num_mismatch;info_stuffing:liền,0.7213000059127808
1072640231466,婴儿衣服春秋纯棉婴幼儿分体睡衣高腰护肚小月龄宝宝秋衣秋裤套装,"Quần áo cho bé, bộ sưu tập mùa xuân và mùa thu, chất liệu cotton 100%, bộ đồ ngủ rời cho trẻ sơ sinh và trẻ nhỏ, thiết kế cạp cao để bảo vệ bụng, phù hợp cho bé trong vài tháng đầu đời, bộ đồ mặc mùa thu.",婴儿衣服春秋纯棉婴幼儿分体睡衣高腰护肚小月龄宝宝秋衣秋裤套装,"Quần áo cho bé, bộ sưu tập mùa xuân và mùa thu, chất liệu cotton 100%, bộ đồ ngủ rời cho trẻ sơ sinh và trẻ nhỏ, thiết kế cạp cao để bảo vệ bụng, phù hợp cho bé trong vài tháng đầu đời, bộ đồ mặc mùa thu",num_mismatch;info_stuffing:mùa,0.7318999767303467
832851652578,儿童内衣纯棉套装春季新款男童秋衣秋裤宝宝睡衣女童家居服童装,Bộ đồ lót trẻ em 100% cotton quần áo mùa thu bé trai mẫu mới mùa xuân quần mùa thu đồ ngủ trẻ em bé gái đồ mặc nhà quần áo trẻ em,儿童内衣纯棉套装春季新款男童秋衣秋裤宝宝睡衣女童家居服童装,Bộ đồ lót trẻ em 100% cotton quần áo mùa thu bé trai mẫu mới mùa xuân quần mùa thu đồ ngủ trẻ em bé gái đồ mặc nhà quần áo trẻ em,num_mismatch;info_stuffing:trẻ,0.7368999719619751
808603872201,婴儿连体衣春秋纯棉a类无骨长袖睡衣全棉宝宝衣服春季款外出爬服,Áo liền thân cho bé áo ngủ dài tay không xương loại a 100% cotton xuân thu quần áo trẻ em áo bò đi chơi mùa xuân,婴儿连体衣春秋纯棉a类无骨长袖睡衣全棉宝宝衣服春季款外出爬服,Áo liền thân cho bé áo ngủ dài tay không xương loại a 100% cotton xuân thu quần áo trẻ em áo bò đi chơi mùa xuân,num_mismatch,0.779699981212616
724627682123,秋季新款宝宝内衣套装纯棉儿童秋衣秋裤两件套大中小童家居服睡衣,Bộ đồ lót trẻ em mẫu mới mùa thu quần áo mùa thu trẻ em 100% cotton quần áo mùa thu bộ hai chiếc đồ ngủ mặc nhà trẻ em cỡ lớn vừa và nhỏ,秋季新款宝宝内衣套装纯棉儿童秋衣秋裤两件套大中小童家居服睡衣,Bộ đồ lót trẻ em mẫu mới mùa thu quần áo mùa thu trẻ em 100% cotton quần áo mùa thu bộ hai chiếc đồ ngủ mặc nhà trẻ em cỡ lớn vừa và nhỏ,num_mismatch;info_stuffing:trẻ,0.7519000172615051
1065467320778,婴儿连体衣a类棉春秋季周岁宝宝外出衣服休闲爬服翻领安阳婴童装,"Áo liền thân cho bé, cotton loại A, mùa xuân thu, trang phục đi chơi cho bé 1 tuổi, bộ đồ liền thân mặc nhà thoải mái, cổ bẻ, thời trang trẻ em An Dương.",婴儿连体衣a类棉春秋季周岁宝宝外出衣服休闲爬服翻领安阳婴童装,"Áo liền thân cho bé, cotton loại A, mùa xuân thu, trang phục đi chơi cho bé 1 tuổi, bộ đồ liền thân mặc nhà thoải mái, cổ bẻ, thời trang trẻ em An Dương",num_mismatch,0.6904000043869019
909517907557,新生婴儿衣服初生宝宝蝴蝶衣春秋纯棉护肚a类哈衣四季连体衣爬服,Quần áo trẻ sơ sinh quần áo bướm trẻ sơ sinh mùa xuân và mùa thu 100% cotton bảo vệ bụng a loại romper bốn mùa áo liền thân romper,新生婴儿衣服初生宝宝蝴蝶衣春秋纯棉护肚a类哈衣四季连体衣爬服,Quần áo trẻ sơ sinh quần áo bướm trẻ sơ sinh mùa xuân và mùa thu 100% cotton bảo vệ bụng a loại romper bốn mùa áo liền thân romper,num_mismatch;info_stuffing:mùa,0.6830999851226807
825120847983,婴儿套装春秋季高腰纯棉A类男女宝宝分体长袖长裤新生儿内衣套装,Bộ đồ trẻ em Bộ đồ lót sơ sinh quần dài tay dài tay rời cho bé nam nữ loại A 100% cotton cạp cao xuân thu,婴儿套装春秋季高腰纯棉A类男女宝宝分体长袖长裤新生儿内衣套装,Bộ đồ trẻ em Bộ đồ lót sơ sinh quần dài tay dài tay rời cho bé nam nữ loại A 100% cotton cạp cao xuân thu,num_mismatch,0.6937000155448914
893135934152,婴儿连体衣春秋纯棉长袖哈衣6一12月3新生儿秋装男女宝宝衣服爬服,Áo liền thân cho bé mùa xuân và mùa thu 100% cotton dài tay romper 6 đến 3 tháng 12 quần áo mùa thu cho bé sơ sinh nam và nữ quần áo leo núi,婴儿连体衣春秋纯棉长袖哈衣6一12月3新生儿秋装男女宝宝衣服爬服,Áo liền thân cho bé mùa xuân và mùa thu 100% cotton dài tay romper 6 đến 3 tháng 12 quần áo mùa thu cho bé sơ sinh nam và nữ quần áo leo núi,num_mismatch;info_stuffing:mùa,0.7150999903678894
727270138252,婴儿纯棉无骨偏襟连体衣男女宝宝系带哈衣爬服新生儿护肚全棉衣服,Áo liền thân áo liền thân một phần không xương 100% cotton cho bé nam nữ áo liền thân có dây buộc cho bé sơ sinh quần áo cotton bảo vệ bụng cho bé sơ sinh,婴儿纯棉无骨偏襟连体衣男女宝宝系带哈衣爬服新生儿护肚全棉衣服,Áo liền thân áo liền thân một phần không xương 100% cotton cho bé nam nữ áo liền thân có dây buộc cho bé sơ sinh quần áo cotton bảo vệ bụng cho bé sơ sinh,num_mismatch;info_stuffing:liền,0.7124999761581421
1059714667457,男宝宝春秋两件套26新款童装韩版ins百搭长袖条纹上衣背带裤套装,"Bộ đồ hai món cho bé trai mùa xuân thu, mẫu mới 2026, phong cách Hàn Quốc, dễ phối đồ, áo dài tay kẻ sọc và quần yếm.",男宝宝春秋两件套26新款童装韩版ins百搭长袖条纹上衣背带裤套装,"Bộ đồ hai món cho bé trai mùa xuân thu, mẫu mới 2026, phong cách Hàn Quốc, dễ phối đồ, áo dài tay kẻ sọc và quần yếm",num_mismatch,0.698199987411499
887364319704,夏季新生儿连体衣婴儿纯棉薄款无骨衣服哈衣长袖宝宝夏款空调服,Áo liền thân cho bé sơ sinh mùa hè áo không xương mỏng 100% cotton áo liền thân dài tay áo điều hòa mùa hè cho bé,夏季新生儿连体衣婴儿纯棉薄款无骨衣服哈衣长袖宝宝夏款空调服,Áo liền thân cho bé sơ sinh mùa hè áo không xương mỏng 100% cotton áo liền thân dài tay áo điều hòa mùa hè cho bé,num_mismatch,0.7411999702453613
677835600828,婴儿条纹连体衣春秋季纯棉爬服0-18个月男宝宝翻领哈衣帅气外出服,Bộ đồ liền thân kẻ sọc cho bé mùa xuân thu bộ đồ leo núi 100% cotton cho bé trai 0-18 tháng tuổi Bộ đồ đi chơi đẹp trai,婴儿条纹连体衣春秋季纯棉爬服0-18个月男宝宝翻领哈衣帅气外出服,Bộ đồ liền thân kẻ sọc cho bé mùa xuân thu bộ đồ leo núi 100% cotton cho bé trai 0-18 tháng tuổi Bộ đồ đi chơi đẹp trai,num_mismatch,0.6937999725341797
706888642090,婴儿连体衣春秋打底纯棉新生儿衣服满月初生宝宝睡衣哈衣爬服,Bộ đồ một mảnh cho bé mùa xuân và mùa thu quần áo trẻ sơ sinh 100% cotton,婴儿连体衣春秋打底纯棉新生儿衣服满月初生宝宝睡衣哈衣爬服,Bộ đồ một mảnh cho bé mùa xuân và mùa thu quần áo trẻ sơ sinh 100% cotton,num_mismatch,0.6873000264167786
666791479448,婴儿内衣0~4岁宝宝睡衣纯棉保暖高腰护肚男童女童秋衣秋裤套装,Đồ lót trẻ em 0 ~ Đồ ngủ bé 4 tuổi 100% cotton giữ ấm cạp cao Bảo vệ bụng bé trai bé gái áo thu quần mùa thu,婴儿内衣0~4岁宝宝睡衣纯棉保暖高腰护肚男童女童秋衣秋裤套装,Đồ lót trẻ em 0 ~ Đồ ngủ bé 4 tuổi 100% cotton giữ ấm cạp cao Bảo vệ bụng bé trai bé gái áo thu quần mùa thu,num_mismatch,0.7505999803543091
653738191778,宝宝秋衣套装纯棉婴儿高腰护肚男童睡衣女童家居服春秋款儿童内衣,Bộ quần áo mùa thu cho bé 100% cotton cho bé cạp cao Bảo vệ bụng đồ ngủ bé trai đồ mặc nhà bé gái Đồ lót trẻ em mẫu Xuân Thu,宝宝秋衣套装纯棉婴儿高腰护肚男童睡衣女童家居服春秋款儿童内衣,Bộ quần áo mùa thu cho bé 100% cotton cho bé cạp cao Bảo vệ bụng đồ ngủ bé trai đồ mặc nhà bé gái Đồ lót trẻ em mẫu Xuân Thu,num_mismatch,0.7473000288009644
815976397537,婴儿连体衣春秋款纯棉长袖哈衣睡衣新生婴儿衣服男女宝宝爬服打底,Áo liền thân cho bé đồ ngủ dài tay 100% cotton mẫu xuân thu quần áo trẻ sơ sinh áo liền thân cho bé nam nữ áo bò mặc bên trong,婴儿连体衣春秋款纯棉长袖哈衣睡衣新生婴儿衣服男女宝宝爬服打底,Áo liền thân cho bé đồ ngủ dài tay 100% cotton mẫu xuân thu quần áo trẻ sơ sinh áo liền thân cho bé nam nữ áo bò mặc bên trong,num_mismatch,0.739300012588501
720996485379,新生婴儿儿衣服连体衣春秋款纯棉无骨哈衣初生宝宝春装超萌婴儿服,Quần áo trẻ sơ sinh một mảnh quần áo mùa xuân và mùa thu 100% cotton không xương quần áo trẻ sơ sinh mùa xuân quần áo trẻ em siêu dễ thương,新生婴儿儿衣服连体衣春秋款纯棉无骨哈衣初生宝宝春装超萌婴儿服,Quần áo trẻ sơ sinh một mảnh quần áo mùa xuân và mùa thu 100% cotton không xương quần áo trẻ sơ sinh mùa xuân quần áo trẻ em siêu dễ thương,num_mismatch;info_stuffing:quần,0.7260000109672546
1067742998835,女宝宝甜美风连体衣长裤子2026新生儿纯棉三角包屁衣秋装可爱衣服,"Bộ liền thân dài tay phong cách ngọt ngào cho bé gái, quần dài, 100% cotton, kiểu áo body tam giác, đồ thu dễ thương cho trẻ sơ sinh 2026.",女宝宝甜美风连体衣长裤子2026新生儿纯棉三角包屁衣秋装可爱衣服,"Bộ liền thân dài tay phong cách ngọt ngào cho bé gái, quần dài, 100% cotton, kiểu áo body tam giác, đồ thu dễ thương cho trẻ sơ sinh 2026",num_mismatch,0.7106999754905701
955055314387,婴儿连体衣宝宝春秋款华夫格外出服新生儿a类衣服纯棉 安阳婴童装,"Áo liền thân cho bé, kiểu xuân thu, vải waffle, đồ mặc ngoài, quần áo sơ sinh loại A, 100% cotton, thời trang trẻ em An Dương.",婴儿连体衣宝宝春秋款华夫格外出服新生儿a类衣服纯棉 安阳婴童装,"Áo liền thân cho bé, kiểu xuân thu, vải waffle, đồ mặc ngoài, quần áo sơ sinh loại A, 100% cotton, thời trang trẻ em An Dương",num_mismatch,0.7214999794960022
873217852532,婴儿连体衣春秋四季款宝宝纯棉长袖哈衣儿童纯棉a类爬服外出衣服,Áo liền thân cho bé mùa xuân và mùa thu mẫu bốn mùa cho bé 100% cotton dài tay romper trẻ em 100% cotton loại A quần áo đi chơi,婴儿连体衣春秋四季款宝宝纯棉长袖哈衣儿童纯棉a类爬服外出衣服,Áo liền thân cho bé mùa xuân và mùa thu mẫu bốn mùa cho bé 100% cotton dài tay romper trẻ em 100% cotton loại A quần áo đi chơi,num_mismatch;info_stuffing:mùa,0.7074999809265137
767627731175,婴儿衣服春秋装纯棉长袖男女宝宝连体衣可爱新生儿哈衣爬服,Quần áo trẻ em quần áo mùa xuân và mùa thu 100% cotton dài tay áo liền thân cho bé sơ sinh dễ thương romper,婴儿衣服春秋装纯棉长袖男女宝宝连体衣可爱新生儿哈衣爬服,Quần áo trẻ em quần áo mùa xuân và mùa thu 100% cotton dài tay áo liền thân cho bé sơ sinh dễ thương romper,num_mismatch,0.7003999948501587
702548713033,婴儿连体衣春秋纯棉长袖新生婴儿哈衣男女宝宝外出爬服家具服抱衣,Áo liền thân cho bé xuân thu 100% cotton dài tay cho bé sơ sinh áo liền quần đi chơi cho bé nam nữ áo ôm đồ nội thất,婴儿连体衣春秋纯棉长袖新生婴儿哈衣男女宝宝外出爬服家具服抱衣,Áo liền thân cho bé xuân thu 100% cotton dài tay cho bé sơ sinh áo liền quần đi chơi cho bé nam nữ áo ôm đồ nội thất,num_mismatch,0.734499990940094
891134107774,新生婴儿满月衣服女宝宝纯棉连体衣套装婴幼儿儿百天哈衣春季爬服,Quần áo trẻ sơ sinh đầy tháng cho bé gái bộ đồ một mảnh 100% cotton cho bé gái,新生婴儿满月衣服女宝宝纯棉连体衣套装婴幼儿儿百天哈衣春季爬服,Quần áo trẻ sơ sinh đầy tháng cho bé gái bộ đồ một mảnh 100% cotton cho bé gái,num_mismatch,0.7023000121116638
899794016707,新生儿a类春秋季肩扣长袖连体衣睡衣无骨居家服纯棉婴儿外出哈衣,Bộ đồ ngủ một mảnh dài tay khóa vai cho trẻ sơ sinh một lớp mùa xuân và mùa thu bộ đồ mặc nhà không xương 100% cotton cho bé đi chơi romper,新生儿a类春秋季肩扣长袖连体衣睡衣无骨居家服纯棉婴儿外出哈衣,Bộ đồ ngủ một mảnh dài tay khóa vai cho trẻ sơ sinh một lớp mùa xuân và mùa thu bộ đồ mặc nhà không xương 100% cotton cho bé đi chơi romper,num_mismatch,0.6901000142097473
1009518918520,韩版女宝春秋包屁衣满月百天甜美爬服新生儿连体衣公主蕾丝哈衣裙,"Bộ đồ liền thân kiểu Hàn Quốc dành cho bé gái, phù hợp mặc vào mùa xuân và mùa thu, lý tưởng cho các dịp lễ đầy tháng hoặc lễ kỷ niệm 100 ngày, với thiết kế ngọt ngào và đáng yêu, kiểu dáng như một bộ đồ sơ sinh và một chiếc váy ren kiểu công chúa.",韩版女宝春秋包屁衣满月百天甜美爬服新生儿连体衣公主蕾丝哈衣裙,"Bộ đồ liền thân kiểu Hàn Quốc dành cho bé gái, phù hợp mặc vào mùa xuân và mùa thu, lý tưởng cho các dịp lễ đầy tháng hoặc lễ kỷ niệm 100 ngày, với thiết kế ngọt ngào và đáng yêu, kiểu dáng như một bộ đồ sơ sinh và một chiếc váy ren kiểu công chúa",num_mismatch;info_stuffing:kiểu,0.6585000157356262
677254020613,儿童a类全棉打底秋衣秋裤纯棉分体男女宝宝套头婴儿内衣分体套装,Quần áo mùa thu mặc trong 100% cotton dành cho trẻ em A,儿童a类全棉打底秋衣秋裤纯棉分体男女宝宝套头婴儿内衣分体套装,Quần áo mùa thu mặc trong 100% cotton dành cho trẻ em A,num_mismatch,0.6413999795913696
920515736906,新生儿春秋季长袖连体衣纯棉和尚服胎帽套装婴儿宝宝外出绑带哈衣,"Bộ quần áo liền thân dài tay cho trẻ sơ sinh mùa xuân và mùa thu 100% cotton, bộ mũ trùm đầu cho trẻ sơ sinh, em bé đi chơi với dây đai romper",新生儿春秋季长袖连体衣纯棉和尚服胎帽套装婴儿宝宝外出绑带哈衣,"Bộ quần áo liền thân dài tay cho trẻ sơ sinh mùa xuân và mùa thu 100% cotton, bộ mũ trùm đầu cho trẻ sơ sinh, em bé đi chơi với dây đai romper",num_mismatch,0.6751000285148621
826766094473,婴儿衣服春秋款纯棉哈衣宝宝超萌连体衣婴幼儿秋装男宝秋季爬爬服,Quần áo trẻ em mùa xuân và mùa thu 100% cotton romper em bé siêu dễ thương một mảnh quần áo mùa thu cho trẻ sơ sinh quần áo nam thu đông,婴儿衣服春秋款纯棉哈衣宝宝超萌连体衣婴幼儿秋装男宝秋季爬爬服,Quần áo trẻ em mùa xuân và mùa thu 100% cotton romper em bé siêu dễ thương một mảnh quần áo mùa thu cho trẻ sơ sinh quần áo nam thu đông,num_mismatch;info_stuffing:quần,0.6689000129699707
775088078366,婴儿连体衣婴儿a类纯棉衣服男童女童婴儿衣服长袖纯色宝宝连体衣,Quần áo trẻ em một mảnh quần áo 100% cotton cho bé trai bé gái quần áo trẻ em một màu dài tay,婴儿连体衣婴儿a类纯棉衣服男童女童婴儿衣服长袖纯色宝宝连体衣,Quần áo trẻ em một mảnh quần áo 100% cotton cho bé trai bé gái quần áo trẻ em một màu dài tay,num_mismatch;info_stuffing:quần,0.6973999738693237
818037525782,秋衣秋裤纯棉a类女儿童宝宝内衣套装男婴儿春秋分体衣服安阳童装,Quần áo mùa thu quần áo mùa thu 100% cotton loại A bộ đồ lót trẻ em bé gái quần áo rời mùa xuân và mùa thu cho bé trai quần áo trẻ em Anyang,秋衣秋裤纯棉a类女儿童宝宝内衣套装男婴儿春秋分体衣服安阳童装,Quần áo mùa thu quần áo mùa thu 100% cotton loại A bộ đồ lót trẻ em bé gái quần áo rời mùa xuân và mùa thu cho bé trai quần áo trẻ em Anyang,num_mismatch;info_stuffing:quần,0.7106000185012817
835744827506,婴儿裤子纯棉春秋款男女宝宝休闲外出pp裤中小童卡通束脚长裤卡通,Quần trẻ sơ sinh 100% cotton mẫu xuân thu cho bé nam nữ quần đi chơi thường ngày quần dài bo gấu hoạt hình trẻ em vừa và nhỏ,婴儿裤子纯棉春秋款男女宝宝休闲外出pp裤中小童卡通束脚长裤卡通,Quần trẻ sơ sinh 100% cotton mẫu xuân thu cho bé nam nữ quần đi chơi thường ngày quần dài bo gấu hoạt hình trẻ em vừa và nhỏ,num_mismatch;info_stuffing:quần,0.6355999708175659
975294503909,万圣节宝宝南瓜背带哈衣 条纹网纱蓬蓬裙婴儿包屁衣 女宝造型爬服,"Cung cấp xuyên biên giới quần áo trẻ em mới 2025, đồ sơ sinh và trẻ nhỏ mùa hè, quần yếm ren, Halloween, hoạt hình, sọc, quần yếm",万圣节宝宝南瓜背带哈衣 条纹网纱蓬蓬裙婴儿包屁衣 女宝造型爬服,"Cung cấp xuyên biên giới quần áo trẻ em mới 2025, đồ sơ sinh và trẻ nhỏ mùa hè, quần yếm ren, Halloween, hoạt hình, sọc, quần yếm",num_mismatch;info_stuffing:quần,0.5649999976158142
1040896528227,婴儿春秋哈衣男女宝宝卡通爬服时尚韩版连体衣新生儿百天周岁衣服,"Áo liền quần (body) cho bé trai bé gái, họa tiết hoạt hình, phong cách Hàn Quốc thời trang, thích hợp mùa xuân thu, cho trẻ sơ sinh, mặc trong dịp 100 ngày và thôi nôi.",婴儿春秋哈衣男女宝宝卡通爬服时尚韩版连体衣新生儿百天周岁衣服,"Áo liền quần (body) cho bé trai bé gái, họa tiết hoạt hình, phong cách Hàn Quốc thời trang, thích hợp mùa xuân thu, cho trẻ sơ sinh, mặc trong dịp 100 ngày và thôi nôi",num_mismatch,0.6621999740600586
898931688531,宝宝裤子春秋季男女童大PP裤纯棉宝宝卡通休闲长裤宽松屁屁裤可爱,Quần trẻ em quần PP lớn cho bé trai và bé gái mùa xuân thu quần dài thường ngày hoạt hình trẻ em 100% cotton quần mông rộng rãi dễ thương,宝宝裤子春秋季男女童大PP裤纯棉宝宝卡通休闲长裤宽松屁屁裤可爱,Quần trẻ em quần PP lớn cho bé trai và bé gái mùa xuân thu quần dài thường ngày hoạt hình trẻ em 100% cotton quần mông rộng rãi dễ thương,num_mismatch;info_stuffing:quần,0.7189000248908997
1008926341621,新生婴儿衣服春秋婴儿连体衣爬服童装长袖长裤小月龄满月百天套装,"Bộ quần áo liền thân dài tay dài quần cho trẻ sơ sinh mùa xuân thu, đồ trẻ em, dành cho bé nhỏ tháng, đầy tháng, 100 ngày.",新生婴儿衣服春秋婴儿连体衣爬服童装长袖长裤小月龄满月百天套装,"Bộ quần áo liền thân dài tay dài quần cho trẻ sơ sinh mùa xuân thu, đồ trẻ em, dành cho bé nhỏ tháng, đầy tháng, 100 ngày",num_mismatch,0.75
770694302794,婴儿连体衣春秋季纯棉新生儿衣服男女童爬服宝宝哈衣外出服卡通潮,Áo liền thân cho bé sơ sinh quần áo trẻ sơ sinh 100% cotton mùa xuân thu quần áo bé trai bé gái áo liền thân áo đi chơi hoạt hình sành điệu,婴儿连体衣春秋季纯棉新生儿衣服男女童爬服宝宝哈衣外出服卡通潮,Áo liền thân cho bé sơ sinh quần áo trẻ sơ sinh 100% cotton mùa xuân thu quần áo bé trai bé gái áo liền thân áo đi chơi hoạt hình sành điệu,num_mismatch,0.741599977016449
895095207165,新生儿连体衣婴儿衣服纯棉哈衣小月龄宝宝春装公主风纯棉可爱爬服,Áo liền thân cho bé sơ sinh quần áo trẻ em 100% cotton romper trẻ em mùa xuân phong cách công chúa 100% cotton dễ thương,新生儿连体衣婴儿衣服纯棉哈衣小月龄宝宝春装公主风纯棉可爱爬服,Áo liền thân cho bé sơ sinh quần áo trẻ em 100% cotton romper trẻ em mùa xuân phong cách công chúa 100% cotton dễ thương,num_mismatch,0.6820999979972839
1026762201115,【双层】春秋新款婴儿连体衣洋气花边女宝宝哈衣爬服0新生儿衣服,"[Đôi lớp] Bộ áo liền quần mùa xuân thu mới cho bé với viền ren thời trang, thích hợp cho bé gái, quần áo sơ sinh.",【双层】春秋新款婴儿连体衣洋气花边女宝宝哈衣爬服0新生儿衣服,"[Đôi lớp] Bộ áo liền quần mùa xuân thu mới cho bé với viền ren thời trang, thích hợp cho bé gái, quần áo sơ sinh",num_mismatch,0.6568999886512756
1014678531252,婴儿抓周连体衣男宝宝春秋唐装周岁满月新生儿百日5733透气棉质,"Áo liền thân cho bé trai, kiểu Đường trang, mặc mùa xuân thu, dùng cho lễ bốc thăm ước nguyện, thôi nôi, đầy tháng, sơ sinh, 100 ngày tuổi, mã 5733, chất liệu cotton thoáng khí.",婴儿抓周连体衣男宝宝春秋唐装周岁满月新生儿百日5733透气棉质,"Áo liền thân cho bé trai, kiểu Đường trang, mặc mùa xuân thu, dùng cho lễ bốc thăm ước nguyện, thôi nôi, đầy tháng, sơ sinh, 100 ngày tuổi, mã 5733, chất liệu cotton thoáng khí",num_mismatch,0.6550999879837036
799459944149,新生儿衣服春秋哈衣长袖连体包脚爬服韩版宝宝衣服纯棉 婴儿衣服,Quần áo trẻ sơ sinh áo liền thân dài tay bọc chân quần áo trẻ em phong cách Hàn Quốc quần áo trẻ em 100% cotton,新生儿衣服春秋哈衣长袖连体包脚爬服韩版宝宝衣服纯棉 婴儿衣服,Quần áo trẻ sơ sinh áo liền thân dài tay bọc chân quần áo trẻ em phong cách Hàn Quốc quần áo trẻ em 100% cotton,num_mismatch;info_stuffing:quần,0.722000002861023
943419620268,婴儿衣服春秋长袖衣服无骨纯棉可爱爬服外出服宝宝秋衣婴儿连体衣,Quần áo trẻ em quần áo dài tay xuân thu không xương 100% cotton dễ thương quần áo đi chơi quần áo trẻ em quần áo mùa thu quần áo trẻ em một mảnh,婴儿衣服春秋长袖衣服无骨纯棉可爱爬服外出服宝宝秋衣婴儿连体衣,Quần áo trẻ em quần áo dài tay xuân thu không xương 100% cotton dễ thương quần áo đi chơi quần áo trẻ em quần áo mùa thu quần áo trẻ em một mảnh,num_mismatch;info_stuffing:quần,0.7156999707221985
1048008816459,宝宝超萌背带裤2026新款春季婴儿立体玩偶卡通连体裤新生儿衣服潮,"Quần yếm siêu đáng yêu cho bé, mẫu mới 2026 mùa xuân, quần liền thân hoạt hình búp bê 3D cho trẻ sơ sinh, quần áo trẻ sơ sinh sành điệu.",宝宝超萌背带裤2026新款春季婴儿立体玩偶卡通连体裤新生儿衣服潮,"Quần yếm siêu đáng yêu cho bé, mẫu mới 2026 mùa xuân, quần liền thân hoạt hình búp bê 3D cho trẻ sơ sinh, quần áo trẻ sơ sinh sành điệu",num_mismatch;info_stuffing:quần,0.7196000218391418
961092379722,伊日婴儿春秋季暖姜包屁衣宝宝秋款连体衣三角爬服新生婴幼早秋衣,Yiri Bé Xuân Thu Ấm Gừng Quấn Bé Mùa Thu 1 Bộ Đồ Tam Giác Leo Núi Phù Hợp Với Trẻ Sơ Sinh Đầu Quần Áo Thu Đông,伊日婴儿春秋季暖姜包屁衣宝宝秋款连体衣三角爬服新生婴幼早秋衣,Yiri Bé Xuân Thu Ấm Gừng Quấn Bé Mùa Thu 1 Bộ Đồ Tam Giác Leo Núi Phù Hợp Với Trẻ Sơ Sinh Đầu Quần Áo Thu Đông,num_mismatch;info_stuffing:thu,0.6453999876976013
869522329092,婴儿连体衣春秋哈衣新生儿衣服纯棉四季款和尚服初生满月宝宝哈衣,Áo liền thân cho bé mùa xuân và mùa thu áo liền thân cho bé sơ sinh 100% cotton bốn mùa áo liền thân cho bé sơ sinh trăng tròn,婴儿连体衣春秋哈衣新生儿衣服纯棉四季款和尚服初生满月宝宝哈衣,Áo liền thân cho bé mùa xuân và mùa thu áo liền thân cho bé sơ sinh 100% cotton bốn mùa áo liền thân cho bé sơ sinh trăng tròn,num_mismatch;info_stuffing:liền,0.6909000277519226
1073158498107,婴儿衣服秋季超萌小月龄冲锋衣外出春秋哈衣百天男宝宝秋装连体衣,"Quần áo cho bé, áo khoác mùa thu siêu dễ thương dành cho trẻ sơ sinh, phù hợp để mặc khi đi chơi vào mùa xuân và mùa thu, bộ đồ liền thân cho bé trai, trang phục mùa thu cho các dịp kỷ niệm 100 ngày tuổi.",婴儿衣服秋季超萌小月龄冲锋衣外出春秋哈衣百天男宝宝秋装连体衣,"Quần áo cho bé, áo khoác mùa thu siêu dễ thương dành cho trẻ sơ sinh, phù hợp để mặc khi đi chơi vào mùa xuân và mùa thu, bộ đồ liền thân cho bé trai, trang phục mùa thu cho các dịp kỷ niệm 100 ngày tuổi",num_mismatch;info_stuffing:mùa,0.6951000094413757
1045222013606,新生婴儿包屁衣春秋季纯棉宝宝连体衣服长袖三角哈衣安阳婴童装,"Bộ đồ liền thân cho bé sơ sinh, phù hợp cho mùa xuân và mùa thu, chất liệu cotton 100%, kiểu dáng áo liền quần tay dài, thương hiệu quần áo trẻ em Anyang.",新生婴儿包屁衣春秋季纯棉宝宝连体衣服长袖三角哈衣安阳婴童装,"Bộ đồ liền thân cho bé sơ sinh, phù hợp cho mùa xuân và mùa thu, chất liệu cotton 100%, kiểu dáng áo liền quần tay dài, thương hiệu quần áo trẻ em Anyang",num_mismatch,0.6699000000953674
1014655568560,新生婴幼儿春秋款连体衣小月龄男女宝宝无骨a类纯棉四季哈衣爬服,"Bộ đồ liền thân cho trẻ sơ sinh và trẻ nhỏ, phù hợp cho bé ở mọi độ tuổi, thiết kế trung tính, chất liệu cotton 100%, và có thể mặc được trong mọi mùa.",新生婴幼儿春秋款连体衣小月龄男女宝宝无骨a类纯棉四季哈衣爬服,"Bộ đồ liền thân cho trẻ sơ sinh và trẻ nhỏ, phù hợp cho bé ở mọi độ tuổi, thiết kế trung tính, chất liệu cotton 100%, và có thể mặc được trong mọi mùa",num_mismatch,0.6593999862670898
768511982302,新生儿衣服春秋连体衣宝宝贴身哈衣初生婴儿衣服出生衣蝴蝶衣纯棉,Quần áo sơ sinh mùa xuân và mùa thu một mảnh quần áo liền thân cho bé quần áo sơ sinh quần áo sơ sinh quần áo sơ sinh Quần áo bướm 100% cotton,新生儿衣服春秋连体衣宝宝贴身哈衣初生婴儿衣服出生衣蝴蝶衣纯棉,Quần áo sơ sinh mùa xuân và mùa thu một mảnh quần áo liền thân cho bé quần áo sơ sinh quần áo sơ sinh quần áo sơ sinh Quần áo bướm 100% cotton,num_mismatch;info_stuffing:quần,0.7124999761581421
940976226805,新款五彩发光飞碟12灯拉线飞碟飞天仙子六灯飞盘儿童地摊户外玩具,Mới Nhiều Màu Sắc Dạ Quang Đĩa Bay 12 Đèn Kéo Dây Đĩa Bay Bay Cổ Tích 6 Đèn Đĩa Bay Trẻ Em Gian Hàng đồ Chơi Ngoài Trời,新款五彩发光飞碟12灯拉线飞碟飞天仙子六灯飞盘儿童地摊户外玩具,Mới Nhiều Màu Sắc Dạ Quang Đĩa Bay 12 Đèn Kéo Dây Đĩa Bay Bay Cổ Tích 6 Đèn Đĩa Bay Trẻ Em Gian Hàng đồ Chơi Ngoài Trời,num_mismatch;info_stuffing:đĩa,0.6363000273704529
799021772823,儿童公主发饰礼盒小女孩六一节生日礼物女童8首饰玩具6岁3一9小10,"Hộp quà phụ kiện tóc công chúa cho bé gái, quà sinh nhật ngày 1 tháng 6, đồ chơi trang sức cho bé gái từ 3-10 tuổi.",儿童公主发饰礼盒小女孩六一节生日礼物女童8首饰玩具6岁3一9小10,"Hộp quà phụ kiện tóc công chúa cho bé gái, quà sinh nhật ngày 1 tháng 6, đồ chơi trang sức cho bé gái từ 3-10 tuổi",num_mismatch,0.8011999726295471
1053407483284,婴儿玩具0到1岁手风琴摇铃早教宝宝消耗体力6个月3幼儿童抓握训练,"Đồ chơi trẻ em 0-1 tuổi, đàn phong cầm, lục lạc, giáo dục sớm, giúp bé tiêu hao năng lượng, cho bé 6 tháng tuổi, trẻ nhỏ, rèn luyện khả năng cầm nắm.",婴儿玩具0到1岁手风琴摇铃早教宝宝消耗体力6个月3幼儿童抓握训练,"Đồ chơi trẻ em 0-1 tuổi, đàn phong cầm, lục lạc, giáo dục sớm, giúp bé tiêu hao năng lượng, cho bé 6 tháng tuổi, trẻ nhỏ, rèn luyện khả năng cầm nắm",num_mismatch,0.7501000165939331
1052508678454,2026新款磁力积木轨道车百变适合女男孩子益智六一儿童节礼物玩具,"Mẫu mới 2026, xe đường ray xếp hình nam châm đa năng, phù hợp cho bé trai và bé gái, đồ chơi giáo dục trí tuệ, quà tặng ngày Quốc tế Thiếu nhi 1/6.",2026新款磁力积木轨道车百变适合女男孩子益智六一儿童节礼物玩具,"Mẫu mới 2026, xe đường ray xếp hình nam châm đa năng, phù hợp cho bé trai và bé gái, đồ chơi giáo dục trí tuệ, quà tặng ngày Quốc tế Thiếu nhi 1/6",num_mismatch,0.7337999939918518
1026681010355,得力儿童0甲醛超轻粘土彩泥橡皮泥黏土幼儿园宝宝手工diy抗菌粘土,"Đất sét siêu nhẹ không formaldehyde Deli cho trẻ em, đất nặn màu, đất nặn cao su, đất sét thủ công DIY kháng khuẩn cho bé mẫu giáo",得力儿童0甲醛超轻粘土彩泥橡皮泥黏土幼儿园宝宝手工diy抗菌粘土,"Đất sét siêu nhẹ không formaldehyde Deli cho trẻ em, đất nặn màu, đất nặn cao su, đất sét thủ công DIY kháng khuẩn cho bé mẫu giáo",num_mismatch;info_stuffing:đất,0.6833000183105469
836796125625,十二星座起泡胶24入高透M胶闪闪加料起泡胶水晶泥爱心史莱姆批发,"Keo tạo bọt 12 chòm sao 24 thành keo M có độ trong suốt cao, keo tạo bọt lấp lánh, bùn pha lê, bán buôn slime tình yêu",十二星座起泡胶24入高透M胶闪闪加料起泡胶水晶泥爱心史莱姆批发,"Keo tạo bọt 12 chòm sao 24 thành keo M có độ trong suốt cao, keo tạo bọt lấp lánh, bùn pha lê, bán buôn slime tình yêu",num_mismatch;info_stuffing:keo,0.704800009727478
955068704410,1:43四开门合金小汽车玩具越野跑车模型3-6岁儿童回力玩具车礼品,"Mô hình xe ô tô hợp kim 4 cửa mở, xe thể thao địa hình, tỷ lệ 1:43, đồ chơi chạy đà cho trẻ em 3-6 tuổi, quà tặng.",1:43四开门合金小汽车玩具越野跑车模型3-6岁儿童回力玩具车礼品,"Mô hình xe ô tô hợp kim 4 cửa mở, xe thể thao địa hình, tỷ lệ 1:43, đồ chơi chạy đà cho trẻ em 3-6 tuổi, quà tặng",num_mismatch,0.7742000222206116
1078152436681,抖音新款火旋剑双刃伸缩光剑旋转出刃七彩灯光炫酷激光剑玩具批发,"Đồ chơi kiếm laser siêu ngầu, kiếm quang co rút hai lưỡi, lưỡi kiếm xoay ra, đèn 7 màu, mẫu mới Douyin.",抖音新款火旋剑双刃伸缩光剑旋转出刃七彩灯光炫酷激光剑玩具批发,"Đồ chơi kiếm laser siêu ngầu, kiếm quang co rút hai lưỡi, lưỡi kiếm xoay ra, đèn 7 màu, mẫu mới Douyin",num_mismatch;info_stuffing:kiếm,0.6654999852180481
904752883619,新款五合一恐龙机器人霸王龙合金模型手工拼装儿童玩具男女孩礼物,Mô hình hợp kim của robot khủng long 5 trong 1 T-Rex mới lắp ráp thủ công đồ chơi trẻ em quà tặng cho bé trai và bé gái,新款五合一恐龙机器人霸王龙合金模型手工拼装儿童玩具男女孩礼物,Mô hình hợp kim của robot khủng long 5 trong 1 T-Rex mới lắp ráp thủ công đồ chơi trẻ em quà tặng cho bé trai và bé gái,num_mismatch,0.7174999713897705
986368954042,新款五彩发光飞碟5灯拉线飞碟飞天仙子5灯飞盘儿童地摊户外小玩具,"Mẫu mới đĩa bay phát sáng 5 màu, đĩa bay kéo dây 5 đèn, đĩa bay tiên nữ bay lượn, đĩa bay 5 đèn, đồ chơi nhỏ ngoài trời cho trẻ em bán vỉa hè.",新款五彩发光飞碟5灯拉线飞碟飞天仙子5灯飞盘儿童地摊户外小玩具,"Mẫu mới đĩa bay phát sáng 5 màu, đĩa bay kéo dây 5 đèn, đĩa bay tiên nữ bay lượn, đĩa bay 5 đèn, đồ chơi nhỏ ngoài trời cho trẻ em bán vỉa hè",num_mismatch;info_stuffing:đĩa,0.7297000288963318
981479117853,绝美巨好看一脚蹬不累脚单鞋女2026年秋季新款软皮玛丽珍平底鞋子,"Giày bệt nữ mùa thu mới 2025, kiểu Mary Jane, chất liệu da mềm, một quai, đẹp và thoải mái",绝美巨好看一脚蹬不累脚单鞋女2026年秋季新款软皮玛丽珍平底鞋子,"Giày bệt nữ mùa thu mới 2025, kiểu Mary Jane, chất liệu da mềm, một quai, đẹp và thoải mái",num_mismatch,0.6567000150680542
776041615385,1970s复古高帮帆布鞋女学生2025年春季ulzzang百搭布鞋经典男情侣,"Giày vải cao cổ retro thập niên 70 dành cho nữ sinh, giày vải đa năng Ulzzang mùa xuân 2025, giày nam nữ cổ điển",1970s复古高帮帆布鞋女学生2025年春季ulzzang百搭布鞋经典男情侣,"Giày vải cao cổ retro thập niên 70 dành cho nữ sinh, giày vải đa năng Ulzzang mùa xuân 2025, giày nam nữ cổ điển",num_mismatch;info_stuffing:giày,0.7451000213623047
834457793386,2024新款时尚百搭博肯拖鞋女罗马凉拖女休闲平底一字防滑拖鞋批发,Dép Boken thời trang mới 2024,2024新款时尚百搭博肯拖鞋女罗马凉拖女休闲平底一字防滑拖鞋批发,Dép Boken thời trang mới 2024,ratio_mismatch(0.19),0.5108000040054321
981155345900,法式乐福鞋女复古软皮粗跟一脚蹬小皮鞋2026秋季新款低跟浅口单鞋,"Giày Loafer Pháp nữ, giày da mềm retro gót dày kiểu lười nhỏ, giày cao gót thấp mùa thu mới 2025",法式乐福鞋女复古软皮粗跟一脚蹬小皮鞋2026秋季新款低跟浅口单鞋,"Giày Loafer Pháp nữ, giày da mềm retro gót dày kiểu lười nhỏ, giày cao gót thấp mùa thu mới 2025",num_mismatch;info_stuffing:giày,0.7282000184059143
936893712762,厚底小白鞋女百搭小众增高春夏季2025年新款老爹鞋休闲运动板鞋子,Giày trắng đế dày giày bố mẫu mới năm 2025 mùa xuân hè năm 2025,厚底小白鞋女百搭小众增高春夏季2025年新款老爹鞋休闲运动板鞋子,Giày trắng đế dày giày bố mẫu mới năm 2025 mùa xuân hè năm 2025,num_mismatch,0.6617000102996826
899575058200,一脚蹬两穿皮面系带单鞋2025春季女鞋底板鞋半拖增高厚底鞋子,Giày một lớp buộc dây buộc mặt da đi hai chân giày đế đế đế đế đế đế đế đế đế đế đế đế đế đế đế đế cao,一脚蹬两穿皮面系带单鞋2025春季女鞋底板鞋半拖增高厚底鞋子,Giày một lớp buộc dây buộc mặt da đi hai chân giày đế đế đế đế đế đế đế đế đế đế đế đế đế đế đế đế cao,num_mismatch,0.6335999965667725
881911797188,平底高级感方头水钻单鞋女鞋子2026年秋季新款黑色通勤上班工作鞋,"Giày bệt nữ cao cấp mũi vuông đính đá mùa xuân 2025 màu đen, kiểu đi làm",平底高级感方头水钻单鞋女鞋子2026年秋季新款黑色通勤上班工作鞋,"Giày bệt nữ cao cấp mũi vuông đính đá mùa xuân 2025 màu đen, kiểu đi làm",num_mismatch,0.5950000286102295
673488149723,经典高帮1970s复古板鞋韩版2025秋季原宿百搭学生女帆布鞋男情侣,"Giày vải cổ cao cổ điển phong cách retro thập niên 70 phiên bản Hàn Quốc mùa thu 2025 phong cách Harajuku đa năng dành cho nữ sinh, nam sinh, giày đôi",经典高帮1970s复古板鞋韩版2025秋季原宿百搭学生女帆布鞋男情侣,"Giày vải cổ cao cổ điển phong cách retro thập niên 70 phiên bản Hàn Quốc mùa thu 2025 phong cách Harajuku đa năng dành cho nữ sinh, nam sinh, giày đôi",num_mismatch,0.6618000268936157
811228918732,2023新款帮帆布鞋女内休闲鞋韩版百搭女式平跟鞋舞蹈拉链街舞鞋,Giày vải bố kiểu mới 2023,2023新款帮帆布鞋女内休闲鞋韩版百搭女式平跟鞋舞蹈拉链街舞鞋,Giày vải bố kiểu mới 2023,ratio_mismatch(0.19),0.5952000021934509
1080706758876,YsshadiR复古秋季新款厚底系带头层牛皮百搭舒适圆头拼色休闲女鞋,"YsshadiR Giày nữ đế dày buộc dây da thật phong cách retro thu 2026, giày thể thao casual, giày Đức, giày Forrest Gump",YsshadiR复古秋季新款厚底系带头层牛皮百搭舒适圆头拼色休闲女鞋,"YsshadiR Giày nữ đế dày buộc dây da thật phong cách retro thu 2026, giày thể thao casual, giày Đức, giày Forrest Gump",num_mismatch;info_stuffing:giày,0.6744999885559082
1046658286367,2026年轻便软底帆布鞋女士春夏季低帮板鞋布鞋透气百搭休闲RF211,"Giày vải đế mềm, nhẹ, dành cho nữ, kiểu dáng thể thao, phù hợp cho mùa xuân và mùa hè, thoáng khí và dễ phối đồ, mã RF211.",2026年轻便软底帆布鞋女士春夏季低帮板鞋布鞋透气百搭休闲RF211,"Giày vải đế mềm, nhẹ, dành cho nữ, kiểu dáng thể thao, phù hợp cho mùa xuân và mùa hè, thoáng khí và dễ phối đồ, mã RF211",num_mismatch,0.7204999923706055
1063015845802,广州26春秋新款帆布圆头女鞋百搭蝴蝶结芭蕾舞鞋平底浅口一脚蹬鞋,"Giày nữ Quảng Châu mẫu mới Xuân Thu 2026, giày búp bê mũi tròn vải canvas, dễ phối đồ, có nơ, đế bệt, cổ thấp, kiểu xỏ chân.",广州26春秋新款帆布圆头女鞋百搭蝴蝶结芭蕾舞鞋平底浅口一脚蹬鞋,"Giày nữ Quảng Châu mẫu mới Xuân Thu 2026, giày búp bê mũi tròn vải canvas, dễ phối đồ, có nơ, đế bệt, cổ thấp, kiểu xỏ chân",num_mismatch,0.6425999999046326
745921626111,2026秋季新款内增高韩版拼色老爹鞋厚底坡跟休闲运动鞋学生鞋女鞋,Mùa Thu 2023 Phong Cách Mới Tăng Chiều Cao Phong Cách Hàn Quốc Màu Khối Giày Bố Đế Dày Nêm Giày Thể Thao Thông Thường Giày Học Sinh Giày Nữ,2026秋季新款内增高韩版拼色老爹鞋厚底坡跟休闲运动鞋学生鞋女鞋,Mùa Thu 2023 Phong Cách Mới Tăng Chiều Cao Phong Cách Hàn Quốc Màu Khối Giày Bố Đế Dày Nêm Giày Thể Thao Thông Thường Giày Học Sinh Giày Nữ,num_mismatch;info_stuffing:giày,0.6948999762535095
937495870098,2026年夏季新款沙滩人字拖女海边旅游度假厚底防滑百搭凉拖鞋批发,"Dép xỏ ngón nữ đi biển, đế dày chống trơn, gót vừa, đa năng, đi ngoài trời mùa hè, bán buôn",2026年夏季新款沙滩人字拖女海边旅游度假厚底防滑百搭凉拖鞋批发,"Dép xỏ ngón nữ đi biển, đế dày chống trơn, gót vừa, đa năng, đi ngoài trời mùa hè, bán buôn",num_mismatch,0.6129999756813049
1047716881981,新款特大号工程车三合一铲土翻斗车儿童惯性声光早教挖掘机玩具,"Mẫu mới xe công trình cỡ đại 3 trong 1, xe xúc đất, xe ben, đồ chơi máy xúc giáo dục sớm có âm thanh và ánh sáng, chạy bằng quán tính cho trẻ em.",新款特大号工程车三合一铲土翻斗车儿童惯性声光早教挖掘机玩具,"Mẫu mới xe công trình cỡ đại 3 trong 1, xe xúc đất, xe ben, đồ chơi máy xúc giáo dục sớm có âm thanh và ánh sáng, chạy bằng quán tính cho trẻ em",num_mismatch,0.725600004196167
901504843755,A0Q【12万人收藏】航空母舰积木男孩高难度坦克益智拼装,"A0Q【120.000 người đã tìm kiếm và tìm hiểu về nó】Bộ xếp hình tàu sân bay dành cho bé trai, lắp ráp mô hình xe tăng độ khó cao",A0Q【12万人收藏】航空母舰积木男孩高难度坦克益智拼装,"A0Q【120.000 người đã tìm kiếm và tìm hiểu về nó】Bộ xếp hình tàu sân bay dành cho bé trai, lắp ráp mô hình xe tăng độ khó cao",num_mismatch,0.7452999949455261
1018244828460,儿童玩具益智3到6岁仿真飞机驾驶舱5男女孩子生日礼物新年2小朋友,"Đồ chơi trẻ em phát triển trí tuệ, mô phỏng buồng lái máy bay, dành cho bé 3-6 tuổi, quà sinh nhật, quà năm mới cho bé trai và bé gái.",儿童玩具益智3到6岁仿真飞机驾驶舱5男女孩子生日礼物新年2小朋友,"Đồ chơi trẻ em phát triển trí tuệ, mô phỏng buồng lái máy bay, dành cho bé 3-6 tuổi, quà sinh nhật, quà năm mới cho bé trai và bé gái",num_mismatch,0.8079000115394592
1007645466059,大号儿童网球拍双人羽毛球拍户外亲子互动体育玩具可定制礼品批发,"Bán sỉ bộ vợt cầu lông trẻ em, đồ chơi vợt tennis đôi tương tác gia đình, dành cho học sinh mẫu giáo và tiểu học 6-12 tuổi.",大号儿童网球拍双人羽毛球拍户外亲子互动体育玩具可定制礼品批发,"Bán sỉ bộ vợt cầu lông trẻ em, đồ chơi vợt tennis đôi tương tác gia đình, dành cho học sinh mẫu giáo và tiểu học 6-12 tuổi",num_mismatch,0.680400013923645
1043141512973,儿童轨道玩具车警车变形滑行弹射合金收纳小汽车3男孩子生日礼物5,"Xe đồ chơi đường ray hợp kim biến hình xe cảnh sát, có chức năng trượt và phóng, có hộp đựng, dành cho bé trai, quà sinh nhật 5 tuổi.",儿童轨道玩具车警车变形滑行弹射合金收纳小汽车3男孩子生日礼物5,"Xe đồ chơi đường ray hợp kim biến hình xe cảnh sát, có chức năng trượt và phóng, có hộp đựng, dành cho bé trai, quà sinh nhật 5 tuổi",num_mismatch,0.7713000178337097
841998109536,迷你三丽3D立体拼图儿童卡通纸质diy拼插玩具模型幼儿园奖品礼品,Mô hình đồ chơi ghép hình 3D 3D mini Sanli dành cho trẻ em hoạt hình tự làm bằng giấy hoạt hình cho trẻ em quà tặng giải thưởng mẫu giáo,迷你三丽3D立体拼图儿童卡通纸质diy拼插玩具模型幼儿园奖品礼品,Mô hình đồ chơi ghép hình 3D 3D mini Sanli dành cho trẻ em hoạt hình tự làm bằng giấy hoạt hình cho trẻ em quà tặng giải thưởng mẫu giáo,num_mismatch;info_stuffing:hình,0.743399977684021
1064455290748,爆款网红玩具激光剑儿童星光大站二合一伸缩七彩闪光炫酷地摊批发,"Đồ chơi hot trend kiếm laser trẻ em, hiệu ứng ánh sao, 2 trong 1, có thể kéo dài, phát sáng bảy màu rực rỡ, cực ngầu, bán sỉ chợ đêm.",爆款网红玩具激光剑儿童星光大站二合一伸缩七彩闪光炫酷地摊批发,"Đồ chơi hot trend kiếm laser trẻ em, hiệu ứng ánh sao, 2 trong 1, có thể kéo dài, phát sáng bảy màu rực rỡ, cực ngầu, bán sỉ chợ đêm",num_mismatch,0.7077999711036682
1059395652412,儿童DIY 益智小颗粒十二星座拼装积木花玩具套装机构礼品女孩玩具,"Bộ đồ chơi xếp hình hoa 12 cung hoàng đạo hạt nhỏ DIY phát triển trí tuệ cho trẻ em, quà tặng cho bé gái.",儿童DIY 益智小颗粒十二星座拼装积木花玩具套装机构礼品女孩玩具,"Bộ đồ chơi xếp hình hoa 12 cung hoàng đạo hạt nhỏ DIY phát triển trí tuệ cho trẻ em, quà tặng cho bé gái",num_mismatch,0.7782999873161316
1003314165113,超大号合金塔吊起重机玩具儿童吊车吊塔3工程车4仿真5模型6岁男孩,"Đồ chơi xe cẩu tháp hợp kim cỡ siêu lớn, xe công trình, mô hình mô phỏng chân thực, dành cho bé trai 6 tuổi.",超大号合金塔吊起重机玩具儿童吊车吊塔3工程车4仿真5模型6岁男孩,"Đồ chơi xe cẩu tháp hợp kim cỡ siêu lớn, xe công trình, mô hình mô phỏng chân thực, dành cho bé trai 6 tuổi",num_mismatch,0.7019000053405762
894072312591,玩具黄蜂变形儿童5玩具恐龙男孩手办6机器人汽车金刚手办模玩,"Đồ chơi biến hình ong cho trẻ em, đồ chơi khủng long cho bé trai, mô hình đồ chơi xe robot.",玩具黄蜂变形儿童5玩具恐龙男孩手办6机器人汽车金刚手办模玩,"Đồ chơi biến hình ong cho trẻ em, đồ chơi khủng long cho bé trai, mô hình đồ chơi xe robot",num_mismatch;info_stuffing:chơi,0.7128999829292297
1015077040825,儿童羽毛球拍套装亲子互动双人玩具幼儿园礼物六一游乐园积分兑换,"Bộ vợt cầu lông trẻ em, đồ chơi tương tác cha mẹ - con cái, quà tặng mẫu giáo, đổi điểm tại công viên giải trí dịp 1/6.",儿童羽毛球拍套装亲子互动双人玩具幼儿园礼物六一游乐园积分兑换,"Bộ vợt cầu lông trẻ em, đồ chơi tương tác cha mẹ - con cái, quà tặng mẫu giáo, đổi điểm tại công viên giải trí dịp 1/6",num_mismatch,0.7276999950408936
980556529982,0-3宝宝多功能蒙氏八面鼓音乐灯光敲击几何逻辑儿童早教益智玩具,0-3 bé đa năng Montessori 8 mặt trống âm nhạc ánh sáng bộ gõ logic hình học trẻ em giáo dục sớm đồ chơi giáo dục,0-3宝宝多功能蒙氏八面鼓音乐灯光敲击几何逻辑儿童早教益智玩具,0-3 bé đa năng Montessori 8 mặt trống âm nhạc ánh sáng bộ gõ logic hình học trẻ em giáo dục sớm đồ chơi giáo dục,num_mismatch,0.7458999752998352
982608575557,合金遥控越野车高速四驱攀爬充电动遥控汽车儿童男孩玩具赛车大号,"Xe địa hình điều khiển từ xa hợp kim, tốc độ cao, dẫn động 4 bánh, leo núi, sạc điện, xe đua đồ chơi cỡ lớn cho bé trai.",合金遥控越野车高速四驱攀爬充电动遥控汽车儿童男孩玩具赛车大号,"Xe địa hình điều khiển từ xa hợp kim, tốc độ cao, dẫn động 4 bánh, leo núi, sạc điện, xe đua đồ chơi cỡ lớn cho bé trai",num_mismatch,0.7272999882698059
658465465897,幼儿园儿童羽毛球拍网球拍套装男女孩宝宝玩具2-3岁4网红款拍球,"Bộ vợt cầu lông và vợt tennis cho trẻ mẫu giáo, đồ chơi trẻ em dành cho bé trai và bé gái từ 2-3 tuổi, bộ vợt bóng thời trang.",幼儿园儿童羽毛球拍网球拍套装男女孩宝宝玩具2-3岁4网红款拍球,"Bộ vợt cầu lông và vợt tennis cho trẻ mẫu giáo, đồ chơi trẻ em dành cho bé trai và bé gái từ 2-3 tuổi, bộ vợt bóng thời trang",num_mismatch;info_stuffing:vợt,0.6797999739646912
886587537098,合金儿童玩具车套装小汽车赛车迷你模型小车宝宝1一3岁6益智男孩2,Bộ đồ chơi hợp kim cho trẻ em ô tô đua xe mô hình mini ô tô bé 1 1 3 tuổi 6 bé trai trí tuệ 2,合金儿童玩具车套装小汽车赛车迷你模型小车宝宝1一3岁6益智男孩2,Bộ đồ chơi hợp kim cho trẻ em ô tô đua xe mô hình mini ô tô bé 1 1 3 tuổi 6 bé trai trí tuệ 2,num_mismatch,0.7972999811172485
1043823898176,儿童拼装百变磁力轨道电动高铁火车玩具3-6岁益智玩具8男女孩礼物,"Đồ chơi tàu hỏa cao tốc điện đường ray nam châm lắp ráp đa năng cho trẻ em 3-6 tuổi, đồ chơi trí tuệ, quà tặng cho bé trai và bé gái.",儿童拼装百变磁力轨道电动高铁火车玩具3-6岁益智玩具8男女孩礼物,"Đồ chơi tàu hỏa cao tốc điện đường ray nam châm lắp ráp đa năng cho trẻ em 3-6 tuổi, đồ chơi trí tuệ, quà tặng cho bé trai và bé gái",num_mismatch,0.729200005531311
1006175028676,2025新款布丁喂食玩具爆火女孩子女童过家家儿童生日礼物3到10岁8,"Đồ chơi cho bé ăn pudding mẫu mới 2025 cực hot, dành cho bé gái, bé gái nhỏ chơi đồ hàng, quà sinh nhật cho trẻ em 3 đến 10 tuổi.",2025新款布丁喂食玩具爆火女孩子女童过家家儿童生日礼物3到10岁8,"Đồ chơi cho bé ăn pudding mẫu mới 2025 cực hot, dành cho bé gái, bé gái nhỏ chơi đồ hàng, quà sinh nhật cho trẻ em 3 đến 10 tuổi",num_mismatch,0.7620000243186951
1035344195711,网红爆款翻滚车儿童惯性玩具车四驱越野特技汽车模型男孩互动玩具,"Xe lật lật hot trend, xe đồ chơi quán tính trẻ em, xe mô hình địa hình 4 bánh dẫn động, xe biểu diễn kỹ thuật, đồ chơi tương tác cho bé trai.",网红爆款翻滚车儿童惯性玩具车四驱越野特技汽车模型男孩互动玩具,"Xe lật lật hot trend, xe đồ chơi quán tính trẻ em, xe mô hình địa hình 4 bánh dẫn động, xe biểu diễn kỹ thuật, đồ chơi tương tác cho bé trai",num_mismatch,0.7070000171661377
1080089176749,网红新款发光双刃伸缩光剑儿童男孩二合一科技武士剑玩具夜市摆摊,"Mẫu mới hot trend, kiếm ánh sáng hai lưỡi phát sáng có thể co rút, đồ chơi kiếm chiến binh công nghệ 2 trong 1 dành cho bé trai, bán tại chợ đêm.",网红新款发光双刃伸缩光剑儿童男孩二合一科技武士剑玩具夜市摆摊,"Mẫu mới hot trend, kiếm ánh sáng hai lưỡi phát sáng có thể co rút, đồ chơi kiếm chiến binh công nghệ 2 trong 1 dành cho bé trai, bán tại chợ đêm",num_mismatch,0.7039999961853027
852314748180,悠优儿童牛奶杯1一2 3岁企鹅奶瓶硅胶直饮喝水杯宝宝喝奶杯鸭嘴杯,Cốc sữa trẻ em Youyou 1 1 2 3 tuổi bình sữa chim cánh cụt silicone uống trực tiếp cốc uống sữa trẻ em cốc mỏ vịt,悠优儿童牛奶杯1一2 3岁企鹅奶瓶硅胶直饮喝水杯宝宝喝奶杯鸭嘴杯,Cốc sữa trẻ em Youyou 1 1 2 3 tuổi bình sữa chim cánh cụt silicone uống trực tiếp cốc uống sữa trẻ em cốc mỏ vịt,num_mismatch;info_stuffing:cốc,0.6843000054359436
1056926675056,世四喜ppsu新生儿奶瓶百日瓶婴儿防胀气奶瓶0-36个月宝宝初生防呛,"Bình sữa PPSU Thế Tứ Hỷ cho trẻ sơ sinh, bình sữa 100 ngày, bình sữa chống đầy hơi cho bé 0-36 tháng tuổi, chống sặc cho trẻ sơ sinh.",世四喜ppsu新生儿奶瓶百日瓶婴儿防胀气奶瓶0-36个月宝宝初生防呛,"Bình sữa PPSU Thế Tứ Hỷ cho trẻ sơ sinh, bình sữa 100 ngày, bình sữa chống đầy hơi cho bé 0-36 tháng tuổi, chống sặc cho trẻ sơ sinh",num_mismatch;info_stuffing:bình,0.7354999780654907
1037200573830,小土豆直饮吸管奶瓶一岁以上喝水杯ppsu大容量宝宝2岁儿童牛奶杯,"Bình sữa có ống hút uống trực tiếp Tiểu Đậu Đậu, cốc uống nước PPSU dung tích lớn cho bé từ 1 tuổi trở lên, cốc sữa cho trẻ 2 tuổi.",小土豆直饮吸管奶瓶一岁以上喝水杯ppsu大容量宝宝2岁儿童牛奶杯,"Bình sữa có ống hút uống trực tiếp Tiểu Đậu Đậu, cốc uống nước PPSU dung tích lớn cho bé từ 1 tuổi trở lên, cốc sữa cho trẻ 2 tuổi",num_mismatch,0.7929999828338623
858047770471,世四喜玻璃奶瓶百日瓶婴儿新生儿防胀气奶瓶0-36个月宝宝初生防呛,"Bình sữa thủy tinh Shisixi, bình sữa 100 ngày, bình chống đầy hơi cho trẻ sơ sinh, 0-36 tháng tuổi, chống sặc cho bé.",世四喜玻璃奶瓶百日瓶婴儿新生儿防胀气奶瓶0-36个月宝宝初生防呛,"Bình sữa thủy tinh Shisixi, bình sữa 100 ngày, bình chống đầy hơi cho trẻ sơ sinh, 0-36 tháng tuổi, chống sặc cho bé",num_mismatch;info_stuffing:bình,0.6679999828338623
1039086870780,[新品]PPSU宝宝奶瓶3-6个月一岁以上仿母乳防胀气儿童吸管水杯,"[Sản phẩm mới] Bình sữa PPSU cho bé 3-6 tháng tuổi và trên 1 tuổi, mô phỏng ti mẹ, chống đầy hơi, cốc nước có ống hút cho trẻ em",[新品]PPSU宝宝奶瓶3-6个月一岁以上仿母乳防胀气儿童吸管水杯,"[Sản phẩm mới] Bình sữa PPSU cho bé 3-6 tháng tuổi và trên 1 tuổi, mô phỏng ti mẹ, chống đầy hơi, cốc nước có ống hút cho trẻ em",num_mismatch,0.7949000000953674
793502230242,Minitutu PPSU奶瓶批发6月个以上一岁宝宝宽口径儿童水杯学饮杯,"Bình sữa Minitutu PPSU bán buôn cho trẻ trên 6 tháng và trên 1 tuổi, cốc nước trẻ em miệng rộng, cốc tập uống nước",Minitutu PPSU奶瓶批发6月个以上一岁宝宝宽口径儿童水杯学饮杯,"Bình sữa Minitutu PPSU bán buôn cho trẻ trên 6 tháng và trên 1 tuổi, cốc nước trẻ em miệng rộng, cốc tập uống nước",num_mismatch,0.843999981880188
895751141814,乔治熊奶瓶6个月一岁2-3岁以上吸管杯喝水ppsu防胀气奶嘴PPSU,"Bình sữa George Bear cho bé từ 6 tháng đến 1 tuổi, 2-3 tuổi trở lên, cốc hút nước uống, núm ti PPSU chống đầy hơi",乔治熊奶瓶6个月一岁2-3岁以上吸管杯喝水ppsu防胀气奶嘴PPSU,"Bình sữa George Bear cho bé từ 6 tháng đến 1 tuổi, 2-3 tuổi trở lên, cốc hút nước uống, núm ti PPSU chống đầy hơi",num_mismatch,0.8120999932289124
1016692107745,birstory婴儿奶瓶一岁以上宝宝防摔防漏2岁喝奶瓶6个月防胀气ppsu,"Bình sữa Birstory cho bé từ 1 tuổi trở lên, chống rơi vỡ, chống rò rỉ, bình sữa cho bé 2 tuổi, bình sữa chống đầy hơi cho bé 6 tháng tuổi, chất liệu PPSU.",birstory婴儿奶瓶一岁以上宝宝防摔防漏2岁喝奶瓶6个月防胀气ppsu,"Bình sữa Birstory cho bé từ 1 tuổi trở lên, chống rơi vỡ, chống rò rỉ, bình sữa cho bé 2 tuổi, bình sữa chống đầy hơi cho bé 6 tháng tuổi, chất liệu PPSU",num_mismatch;info_stuffing:bình,0.8274000287055969
1024009914729,Minitutu PPSU奶瓶批发0月个以上新生儿宝宝PPSU奶瓶水杯一岁以上,"Bình sữa Minitutu PPSU bán sỉ cho trẻ sơ sinh trên 0 tháng tuổi, bình sữa và cốc nước PPSU cho trẻ trên 1 tuổi.",Minitutu PPSU奶瓶批发0月个以上新生儿宝宝PPSU奶瓶水杯一岁以上,"Bình sữa Minitutu PPSU bán sỉ cho trẻ sơ sinh trên 0 tháng tuổi, bình sữa và cốc nước PPSU cho trẻ trên 1 tuổi",num_mismatch,0.8673999905586243
910276704762,奶瓶ppsu直饮杯6个月2一3岁婴儿童喝奶水便携防漏大容量宽口径,"Bình sữa PPSU uống trực tiếp dành cho trẻ sơ sinh từ 6 tháng đến 3 tuổi, di động, chống rò rỉ, dung tích lớn, miệng rộng.",奶瓶ppsu直饮杯6个月2一3岁婴儿童喝奶水便携防漏大容量宽口径,"Bình sữa PPSU uống trực tiếp dành cho trẻ sơ sinh từ 6 tháng đến 3 tuổi, di động, chống rò rỉ, dung tích lớn, miệng rộng",num_mismatch,0.7997999787330627
989674195865,第三代翻盖奶瓶PPSU宝宝防胀气吸管婴儿奶瓶6个月一岁2岁以上水杯,"Bình sữa lật nắp thế hệ thứ ba Bình sữa có ống hút chống đầy hơi PPSU cho bé 6 tháng, 1 tuổi và 2 tuổi trở lên cốc nước",第三代翻盖奶瓶PPSU宝宝防胀气吸管婴儿奶瓶6个月一岁2岁以上水杯,"Bình sữa lật nắp thế hệ thứ ba Bình sữa có ống hút chống đầy hơi PPSU cho bé 6 tháng, 1 tuổi và 2 tuổi trở lên cốc nước",num_mismatch,0.8191999793052673
818980692803,50个装新生一次性储奶瓶婴儿奶瓶NICU奶瓶送医院早产儿无菌送奶瓶,"50 bình trữ sữa dùng một lần cho trẻ sơ sinh, bình sữa, bình sữa NICU, bình sữa vô trùng cho trẻ sơ sinh bị早产 gửi đến bệnh viện",50个装新生一次性储奶瓶婴儿奶瓶NICU奶瓶送医院早产儿无菌送奶瓶,"50 bình trữ sữa dùng một lần cho trẻ sơ sinh, bình sữa, bình sữa NICU, bình sữa vô trùng cho trẻ sơ sinh bị gửi đến bệnh viện",cjk_in_vi;info_stuffing:bình,0.7426999807357788
943651956731,跨境Baby Silicone Bottle 婴儿奶瓶液态硅胶仿母乳实感宝宝奶瓶,Bình sữa bé bé Silicone Bottle xuyên biên giới,跨境Baby Silicone Bottle 婴儿奶瓶液态硅胶仿母乳实感宝宝奶瓶,Bình sữa bé bé Silicone Bottle xuyên biên giới,ratio_mismatch(0.24),0.6765000224113464
1034384041446,birstory直饮奶瓶一岁以上吸管奶瓶大容量宝宝2岁儿童牛奶杯喝水,"Bình sữa uống trực tiếp birstory, bình sữa có ống hút dung tích lớn cho bé từ 1 tuổi trở lên, cốc sữa cho trẻ 2 tuổi uống sữa và nước.",birstory直饮奶瓶一岁以上吸管奶瓶大容量宝宝2岁儿童牛奶杯喝水,"Bình sữa uống trực tiếp birstory, bình sữa có ống hút dung tích lớn cho bé từ 1 tuổi trở lên, cốc sữa cho trẻ 2 tuổi uống sữa và nước",num_mismatch;info_stuffing:sữa,0.8449000120162964
654028243313,PP奶瓶防摔防胀气宽口径仿母乳八个月大容量二岁1-2-3岁宽口5cm,"Bình sữa PP chống rơi, chống đầy hơi, cổ rộng, mô phỏng sữa mẹ, dung tích lớn cho bé 8 tháng tuổi, thích hợp cho trẻ 2 tuổi, 1-2-3 tuổi, miệng rộng 5cm",PP奶瓶防摔防胀气宽口径仿母乳八个月大容量二岁1-2-3岁宽口5cm,"Bình sữa PP chống rơi, chống đầy hơi, cổ rộng, mô phỏng sữa mẹ, dung tích lớn cho bé 8 tháng tuổi, thích hợp cho trẻ 2 tuổi, 1-2-3 tuổi, miệng rộng 5 cm",num_mismatch;info_stuffing:tuổi,0.7786999940872192
837842096902,Minitutu婴幼儿SUS316不锈钢保温杯宝宝吸嘴带手柄奶瓶一岁以上,"Bình sữa giữ nhiệt bằng thép không gỉ SUS316 Minitutu cho trẻ từ 1 tuổi trở lên, có núm ti và tay cầm",Minitutu婴幼儿SUS316不锈钢保温杯宝宝吸嘴带手柄奶瓶一岁以上,"Bình sữa giữ nhiệt bằng thép không gỉ SUS316 Minitutu cho trẻ từ 1 tuổi trở lên, có núm ti và tay cầm",num_mismatch,0.7813000082969666
955625155711,欧贝妮百日晶护新生儿PPSU奶瓶底部排气防胀气耐摔款初生婴儿奶瓶,"Bình sữa Obeni 100-day Crystal, chất liệu PPSU, có lỗ thông hơi ở đáy để ngăn tích tụ khí, thiết kế bền bỉ, chống rơi, phù hợp cho trẻ sơ sinh.",欧贝妮百日晶护新生儿PPSU奶瓶底部排气防胀气耐摔款初生婴儿奶瓶,"Bình sữa Obeni 100-day Crystal, chất liệu PPSU, có lỗ thông hơi ở đáy để ngăn tích tụ khí, thiết kế bền bỉ, chống rơi, phù hợp cho trẻ sơ sinh",num_mismatch,0.7662000060081482
1069693879667,birstory婴儿奶瓶0-6个月新生儿喝奶防胀PPSU宝宝断奶学饮杯防摔,"Bình sữa Baoli cho trẻ sơ sinh PPSU, cốc tập uống sữa giả mẹ, dành cho bé 0-3-6 tháng tuổi, cốc tập ăn dặm cho trẻ sơ sinh.",birstory婴儿奶瓶0-6个月新生儿喝奶防胀PPSU宝宝断奶学饮杯防摔,"Bình sữa Baoli cho trẻ sơ sinh PPSU, cốc tập uống sữa giả mẹ, dành cho bé 0-3-6 tháng tuổi, cốc tập ăn dặm cho trẻ sơ sinh",num_mismatch,0.6976000070571899
1052783525920,新生儿奶瓶ppsu0-6个月婴儿奶瓶防摔1岁宝宝防胀气奶瓶礼盒批发,Bình sữa PPSU cho trẻ sơ sinh 0-6 tháng tuổi bình sữa chống rơi cho bé 1 tuổi bình sữa chống đầy hơi cho bé 1 tuổi hộp quà bán sỉ,新生儿奶瓶ppsu0-6个月婴儿奶瓶防摔1岁宝宝防胀气奶瓶礼盒批发,Bình sữa PPSU cho trẻ sơ sinh 0-6 tháng tuổi bình sữa chống rơi cho bé 1 tuổi bình sữa chống đầy hơi cho bé 1 tuổi hộp quà bán sỉ,num_mismatch;info_stuffing:bình,0.7702000141143799
895479305057,现货适配世喜百日玻璃奶瓶套装新生儿奶嘴宝宝食品级硅胶手柄配件,"Có sẵn, tương thích với bộ bình thủy tinh Shixi 100 ngày, núm vú giả cho trẻ sơ sinh, phụ kiện tay cầm bằng silicon cấp thực phẩm cho bé.",现货适配世喜百日玻璃奶瓶套装新生儿奶嘴宝宝食品级硅胶手柄配件,"Có sẵn, tương thích với bộ bình thủy tinh Shixi 100 ngày, núm vú giả cho trẻ sơ sinh, phụ kiện tay cầm bằng silicon cấp thực phẩm cho bé",num_mismatch,0.7156999707221985
990146699457,宝宝宽口径直身玻璃奶瓶新生儿防呛中硼硅母乳实感百日小奶瓶,"Bình sữa thủy tinh miệng rộng cho bé, chống sặc cho trẻ sơ sinh, chất liệu borosilicate, cảm giác như bú mẹ thật, bình sữa nhỏ dùng cho bé 100 ngày tuổi.",宝宝宽口径直身玻璃奶瓶新生儿防呛中硼硅母乳实感百日小奶瓶,"Bình sữa thủy tinh miệng rộng cho bé, chống sặc cho trẻ sơ sinh, chất liệu borosilicate, cảm giác như bú mẹ thật, bình sữa nhỏ dùng cho bé 100 ngày tuổi",num_mismatch,0.6651999950408936
812788921782,科巢儿童牛奶杯3一6岁以上宝宝学饮杯喝奶瓶玻璃直饮吸管刻度饮水,Cốc sữa trẻ em Kechao 3 đến 6 tuổi trẻ em trên 6 tuổi tập uống cốc uống bình sữa uống trực tiếp ống hút uống nước uống,科巢儿童牛奶杯3一6岁以上宝宝学饮杯喝奶瓶玻璃直饮吸管刻度饮水,Cốc sữa trẻ em Kechao 3 đến 6 tuổi trẻ em trên 6 tuổi tập uống cốc uống bình sữa uống trực tiếp ống hút uống nước uống,num_mismatch;info_stuffing:uống,0.7791000008583069
1047468279189,外贸热销宽口300ml免手持三合一奶瓶多功能PP防胀气新生儿储奶瓶,"Bình sữa 3 trong 1 đa năng, miệng rộng 300ml, không cần cầm tay, chất liệu PP chống đầy hơi, bình trữ sữa cho trẻ sơ sinh, bán chạy hàng",外贸热销宽口300ml免手持三合一奶瓶多功能PP防胀气新生儿储奶瓶,"Bình sữa 3 trong 1 đa năng, miệng rộng 300 ml, không cần cầm tay, chất liệu PP chống đầy hơi, bình trữ sữa cho trẻ sơ sinh, bán chạy hàng",num_mismatch,0.7391999959945679
1046611327449,适配世喜偏心奶嘴新生儿防胀气仿母乳厌奶期神器百日玻璃奶瓶配件,"Phụ kiện bình sữa thủy tinh 100 ngày, núm ti lệch tâm Shixi, chống đầy hơi cho trẻ sơ sinh, mô phỏng ti mẹ, giải pháp thần kỳ cho giai đoạn chán bú.",适配世喜偏心奶嘴新生儿防胀气仿母乳厌奶期神器百日玻璃奶瓶配件,"Phụ kiện bình sữa thủy tinh 100 ngày, núm ti lệch tâm Shixi, chống đầy hơi cho trẻ sơ sinh, mô phỏng ti mẹ, giải pháp thần kỳ cho giai đoạn chán bú",num_mismatch,0.6721000075340271
858018982879,适配世shi/喜玻璃奶瓶奶嘴鸭嘴学饮吸嘴配件吸管重力球百日瓶奶嘴,Thích hợp cho chai thủy tinh Shishi/hi núm vú giả miệng vịt học uống phụ kiện núm hút bóng trọng lực ống hút 100 ngày núm vú giả,适配世shi/喜玻璃奶瓶奶嘴鸭嘴学饮吸嘴配件吸管重力球百日瓶奶嘴,Thích hợp cho chai thủy tinh Shishi/hi núm vú giả miệng vịt học uống phụ kiện núm hút bóng trọng lực ống hút 100 ngày núm vú giả,num_mismatch;info_stuffing:núm,0.7139000296592712
1046457277840,宝宝宽口径直身玻璃奶瓶宽口径新生儿防呛高硼硅母乳实感百日奶瓶,"Bình sữa thủy tinh cổ rộng thân thẳng cho bé, cổ rộng, chống sặc cho trẻ sơ sinh, chất liệu thủy tinh borosilicate cao cấp, cảm giác như bú sữa mẹ, bình sữa dùng đến 100 ngày.",宝宝宽口径直身玻璃奶瓶宽口径新生儿防呛高硼硅母乳实感百日奶瓶,"Bình sữa thủy tinh cổ rộng thân thẳng cho bé, cổ rộng, chống sặc cho trẻ sơ sinh, chất liệu thủy tinh borosilicate cao cấp, cảm giác như bú sữa mẹ, bình sữa dùng đến 100 ngày",num_mismatch;info_stuffing:sữa,0.6298999786376953
1038883069196,吸管奶瓶一岁以上宝宝喝奶PPSU婴儿学饮杯1-2-3岁喝水直饮杯防呛,"Bình sữa có ống hút, cốc tập uống PPSU cho bé từ 1 tuổi trở lên, cốc uống nước trực tiếp chống sặc cho bé 1-2-3 tuổi.",吸管奶瓶一岁以上宝宝喝奶PPSU婴儿学饮杯1-2-3岁喝水直饮杯防呛,"Bình sữa có ống hút, cốc tập uống PPSU cho bé từ 1 tuổi trở lên, cốc uống nước trực tiếp chống sặc cho bé 1-2-3 tuổi",num_mismatch,0.8396000266075134
586944139693,防胀气奶瓶ppsu一岁以上宽口径新生儿奶瓶0-6个月婴儿奶瓶批发,"Bình sữa chống đầy hơi PPSU miệng rộng cho trẻ sơ sinh, trẻ trên 1 tuổi, bình sữa cho bé 0-6 tháng, bán buôn bình sữa",防胀气奶瓶ppsu一岁以上宽口径新生儿奶瓶0-6个月婴儿奶瓶批发,"Bình sữa chống đầy hơi PPSU miệng rộng cho trẻ sơ sinh, trẻ trên 1 tuổi, bình sữa cho bé 0-6 tháng, bán buôn bình sữa",num_mismatch;info_stuffing:bình,0.7572000026702881
754292449272,Minitutu新生儿0-3-6个月PPSU感温奶瓶防胀气防呛从底部回气排气,Bình sữa cảm biến nhiệt độ PPSU cho trẻ sơ sinh Minitutu 0-6 tháng,Minitutu新生儿0-3-6个月PPSU感温奶瓶防胀气防呛从底部回气排气,Bình sữa cảm biến nhiệt độ PPSU cho trẻ sơ sinh Minitutu 0-6 tháng,num_mismatch,0.8047000169754028
999548367294,PP奶瓶防摔防胀气宽口径仿母乳八个月大容量二岁1-2-3岁宽口5cm,Bình sữa PP chống rơi và chống đầy hơi đường kính rộng giả sữa mẹ 8 tháng tuổi dung tích lớn 2 tuổi 1-2-3 tuổi miệng rộng 5cm,PP奶瓶防摔防胀气宽口径仿母乳八个月大容量二岁1-2-3岁宽口5cm,Bình sữa PP chống rơi và chống đầy hơi đường kính rộng giả sữa mẹ 8 tháng tuổi dung tích lớn 2 tuổi 1-2-3 tuổi miệng rộng 5 cm,num_mismatch;info_stuffing:tuổi,0.785099983215332
1079886016029,宝宝奶瓶儿童水杯带吸管杯防摔婴儿奶瓶学饮杯2用杯,"Bình sữa em bé, cốc nước trẻ em có ống hút, chống rơi vỡ, bình sữa cho bé, cốc tập uống, cốc 2 trong 1",宝宝奶瓶儿童水杯带吸管杯防摔婴儿奶瓶学饮杯2用杯,"Bình sữa em bé, cốc nước trẻ em có ống hút, chống rơi vỡ, bình sữa cho bé, cốc tập uống, cốc 2 trong 1",num_mismatch;info_stuffing:cốc,0.7128999829292297
941513875874,6厘米玻璃奶瓶百日瓶婴儿防胀气-个月宝宝初生防呛婴儿防胀气玻璃,Bình thủy tinh 6 cm 100 ngày bình chống đầy hơi cho bé,6厘米玻璃奶瓶百日瓶婴儿防胀气-个月宝宝初生防呛婴儿防胀气玻璃,Bình thủy tinh 6 cm 100 ngày bình chống đầy hơi cho bé,num_mismatch,0.7092000246047974
1052513117607,PPSU奶瓶断奶防胀气1岁以上6个月宝宝婴童儿吸管学饮杯仿母乳奶嘴,"Bình sữa PPSU chống đầy hơi, cốc tập uống có ống hút cho bé từ 6 tháng tuổi trở lên, núm ti giả mô phỏng ti mẹ.",PPSU奶瓶断奶防胀气1岁以上6个月宝宝婴童儿吸管学饮杯仿母乳奶嘴,"Bình sữa PPSU chống đầy hơi, cốc tập uống có ống hút cho bé từ 6 tháng tuổi trở lên, núm ti giả mô phỏng ti mẹ",num_mismatch,0.7910000085830688
1038353307808,[新品]PPSU宝宝奶瓶3-6个月一岁以上仿母乳防胀气儿童吸管水杯,"[Sản phẩm mới] Bình sữa PPSU cho bé 3-6 tháng tuổi và trên 1 tuổi, mô phỏng ti mẹ, chống đầy hơi, cốc nước có ống hút cho trẻ em",[新品]PPSU宝宝奶瓶3-6个月一岁以上仿母乳防胀气儿童吸管水杯,"[Sản phẩm mới] Bình sữa PPSU cho bé 3-6 tháng tuổi và trên 1 tuổi, mô phỏng ti mẹ, chống đầy hơi, cốc nước có ống hút cho trẻ em",num_mismatch,0.7949000000953674
1034324492683,适配世喜玻璃奶瓶配件百日瓶奶嘴鸭嘴重力球保护套手把柄直饮吸管,"Phụ kiện bình sữa thủy tinh Shixi: bình 100 ngày, núm ti, núm vú vịt, bi trọng lực, vỏ bảo vệ, tay cầm, ống hút uống trực tiếp",适配世喜玻璃奶瓶配件百日瓶奶嘴鸭嘴重力球保护套手把柄直饮吸管,"Phụ kiện bình sữa thủy tinh Shixi: bình 100 ngày, núm ti, núm vú vịt, bi trọng lực, vỏ bảo vệ, tay cầm, ống hút uống trực tiếp",num_mismatch,0.6567999720573425
1039471052912,适配世喜玻璃奶瓶瓶身PPSU防胀气奶瓶百日瓶身回气阀保护套手柄,"Tương thích với bình sữa thủy tinh Shixi, thân bình sữa PPSU chống đầy hơi, bình sữa 100 ngày, vỏ bảo vệ van xả khí, tay cầm.",适配世喜玻璃奶瓶瓶身PPSU防胀气奶瓶百日瓶身回气阀保护套手柄,"Tương thích với bình sữa thủy tinh Shixi, thân bình sữa PPSU chống đầy hơi, bình sữa 100 ngày, vỏ bảo vệ van xả khí, tay cầm",num_mismatch;info_stuffing:bình,0.6746000051498413
1072485340296,hegen配件段防胀气奶瓶赫根一二三y偏心以重力岁奶嘴球字适配,"Phụ kiện bình sữa chống đầy hơi Hegen, núm ti Hegen 1, 2, 3, thiết kế lệch tâm trọng lực, tương thích với bình sữa.",hegen配件段防胀气奶瓶赫根一二三y偏心以重力岁奶嘴球字适配,"Phụ kiện bình sữa chống đầy hơi Hegen, núm ti Hegen 1, 2, 3, thiết kế lệch tâm trọng lực, tương thích với bình sữa",num_mismatch,0.7150999903678894
733214951210,戒断奶神器硅胶奶瓶刷新生婴儿6个月1岁以上宝宝奶嘴母乳弧形设计,"Bình sữa silicone hỗ trợ ăn dặm cho trẻ sơ sinh, từ 6 tháng tuổi trở lên, núm vú giả cho bé với thiết kế hình vòng cung sữa mẹ.",戒断奶神器硅胶奶瓶刷新生婴儿6个月1岁以上宝宝奶嘴母乳弧形设计,"Bình sữa silicone hỗ trợ ăn dặm cho trẻ sơ sinh, từ 6 tháng tuổi trở lên, núm vú giả cho bé với thiết kế hình vòng cung sữa mẹ",num_mismatch,0.6488999724388123
1052607293669,水杯奶瓶婴儿防胀气宽口径奶嘴超柔软初生儿奶瓶可爱06个月,"Bình sữa chống đầy hơi cho bé, núm ti cổ rộng siêu mềm, bình sữa sơ sinh dễ thương, 0-6 tháng tuổi.",水杯奶瓶婴儿防胀气宽口径奶嘴超柔软初生儿奶瓶可爱06个月,"Bình sữa chống đầy hơi cho bé, núm ti cổ rộng siêu mềm, bình sữa sơ sinh dễ thương, 0-6 tháng tuổi",num_mismatch,0.64410001039505
720237977912,哆拉哆布宝宝奶瓶硅胶奶瓶带防尘盖轻松喂养150/250ml6463/6464,Bình sữa trẻ em Dodo Bình sữa trẻ em Silicon có nắp che bụi dễ dàng cho trẻ bú 150/250ml646 3/6464,哆拉哆布宝宝奶瓶硅胶奶瓶带防尘盖轻松喂养150/250ml6463/6464,Bình sữa trẻ em Dodo Bình sữa trẻ em Silicon có nắp che bụi dễ dàng cho trẻ bú 150/250ml646 3/6464,num_mismatch;info_stuffing:trẻ,0.727400004863739
1074917145514,26原标男女休闲校园学生板鞋爆款印花刺绣厚底增高版本运动鞋潮款,"Giày thể thao nam nữ phong cách học đường, giày ván đế dày tăng chiều cao, in thêu họa tiết, mẫu hot, phiên bản thời trang.",26原标男女休闲校园学生板鞋爆款印花刺绣厚底增高版本运动鞋潮款,"Giày thể thao nam nữ phong cách học đường, giày ván đế dày tăng chiều cao, in thêu họa tiết, mẫu hot, phiên bản thời trang",num_mismatch,0.685699999332428
1084116812720,纯原莆全货源阿迪金标经典贝壳头板鞋男女运动鞋学生休闲百鞋,"Hàng chính hãng 100% từ nguồn gốc, giày sneaker mũi sò cổ điển Adidas Gold Label, giày thể thao nam nữ, giày casual học sinh.",纯原莆全货源阿迪金标经典贝壳头板鞋男女运动鞋学生休闲百鞋,"Hàng chính hãng 100% từ nguồn gốc, giày sneaker mũi sò cổ điển Adidas Gold Label, giày thể thao nam nữ, giày casual học sinh",num_mismatch;info_stuffing:giày,0.6773999929428101
1048204722020,男鞋运动休闲潮鞋男鞋春季舒适透气男鞋软底百搭轻质户外新款男士,"Giày nam thể thao năng động, giày thời trang nam mùa xuân 2026, thoải mái, thoáng khí, đế mềm, dễ phối đồ, nhẹ, mẫu mới ngoài trời dành cho nam.",男鞋运动休闲潮鞋男鞋春季舒适透气男鞋软底百搭轻质户外新款男士,"Giày nam thể thao năng động, giày thời trang nam mùa xuân 2026, thoải mái, thoáng khí, đế mềm, dễ phối đồ, nhẹ, mẫu mới ngoài trời dành cho nam",num_mismatch,0.7777000069618225
1027628781916,2026新款厚底运动休闲鞋女鞋春秋季百搭软底小白鞋面包内增高板鞋,"Giày thể thao nữ đế dày, kiểu dáng thoải mái, phù hợp cho mùa xuân và mùa thu, đế mềm, màu trắng, kiểu dáng giày bánh mì, có lớp lót bên trong giúp tăng chiều cao.",2026新款厚底运动休闲鞋女鞋春秋季百搭软底小白鞋面包内增高板鞋,"Giày thể thao nữ đế dày, kiểu dáng thoải mái, phù hợp cho mùa xuân và mùa thu, đế mềm, màu trắng, kiểu dáng giày bánh mì, có lớp lót bên trong giúp tăng chiều cao",num_mismatch,0.6682999730110168
1083168428472,莆田鞋TN1代外贸气垫鞋跨境外贸男鞋女鞋大码PLUS运动鞋现货批发,"Giày Putian TN1 đời 1, giày đệm khí xuất khẩu, giày thể thao nam nữ cỡ lớn PLUS, hàng có sẵn, bán sỉ.",莆田鞋TN1代外贸气垫鞋跨境外贸男鞋女鞋大码PLUS运动鞋现货批发,"Giày Putian TN1 đời 1, giày đệm khí xuất khẩu, giày thể thao nam nữ cỡ lớn PLUS, hàng có sẵn, bán sỉ",num_mismatch;info_stuffing:giày,0.6847000122070312
980434711914,男鞋2026新款春季青少年中学生男生防滑增高软底休闲跑步运动潮鞋,"Giày nam 2026 kiểu xuân mới dành cho thanh thiếu niên và học sinh cấp 2, chống trơn trượt, tăng chiều cao, đế mềm, giày thể thao chạy bộ thời trang.",男鞋2026新款春季青少年中学生男生防滑增高软底休闲跑步运动潮鞋,"Giày nam 2026 kiểu xuân mới dành cho thanh thiếu niên và học sinh cấp 2, chống trơn trượt, tăng chiều cao, đế mềm, giày thể thao chạy bộ thời trang",num_mismatch,0.7822999954223633
782827384892,男鞋新款透气网面运动鞋子男士韩版潮搭飞织跑步鞋老爹潮鞋代发,Giày Nam 2024 Giày thể thao mặt lưới thoáng khí mẫu mới Giày chạy bộ dệt bay phối hợp thời trang phong cách Hàn Quốc cho Nam Giày thời trang Daddy,男鞋新款透气网面运动鞋子男士韩版潮搭飞织跑步鞋老爹潮鞋代发,Giày Nam 2024 Giày thể thao mặt lưới thoáng khí mẫu mới Giày chạy bộ dệt bay phối hợp thời trang phong cách Hàn Quốc cho Nam Giày thời trang Daddy,num_mismatch;info_stuffing:giày,0.6797000169754028
992717922403,2026新款秋冬赵露思同款波浪底面包鞋韩版大头鞋秋季厚底板鞋女,"Giày bánh mì đế xu hướng Hàn Quốc kiểu Zhao Lusi mùa thu đông 2025, đế dày, mũi nhọn, dành cho nữ",2026新款秋冬赵露思同款波浪底面包鞋韩版大头鞋秋季厚底板鞋女,"Giày bánh mì đế xu hướng Hàn Quốc kiểu Zhao Lusi mùa thu đông 2025, đế dày, mũi nhọn, dành cho nữ",num_mismatch,0.6013000011444092
1027345847914,2025新款H家夏季透气男鞋时尚百搭女鞋休闲运动真皮拼色外贸鞋,"Hermès1: Giày thể thao casual buộc dây thoáng khí, mẫu mới mùa hè 2025 chất lượng cao, hàng có sẵn, chạy bộ, xuyên biên giới.",2025新款H家夏季透气男鞋时尚百搭女鞋休闲运动真皮拼色外贸鞋,"Hermès1: Giày thể thao casual buộc dây thoáng khí, mẫu mới mùa hè 2025 chất lượng cao, hàng có sẵn, chạy bộ, xuyên biên giới",num_mismatch,0.691100001335144
983536241302,2025秋季新款运动鞋透气女子橡胶系带2025年秋季低帮帮高休闲板鞋,"Giày thể thao nữ mùa thu 2025 thoáng khí, đế cao su, dây buộc, cổ thấp, kiểu dáng năng động",2025秋季新款运动鞋透气女子橡胶系带2025年秋季低帮帮高休闲板鞋,"Giày thể thao nữ mùa thu 2025 thoáng khí, đế cao su, dây buộc, cổ thấp, kiểu dáng năng động",num_mismatch,0.7221999764442444
995939226014,踩屎感真皮动鞋女鞋5新秋季皮面防水阿甘鞋轻便防滑跑步鞋网面鞋,"Giày nữ chất liệu da mềm mại, giày chạy bộ da chống thấm nước mới mùa thu, giày chạy bộ nhẹ chống trơn trượt, giày lưới.",踩屎感真皮动鞋女鞋5新秋季皮面防水阿甘鞋轻便防滑跑步鞋网面鞋,"Giày nữ chất liệu da mềm mại, giày chạy bộ da chống thấm nước mới mùa thu, giày chạy bộ nhẹ chống trơn trượt, giày lưới",num_mismatch;info_stuffing:giày,0.6560999751091003
1029700267315,运动鞋男26年四季款皮面透气高级休闲单鞋系带低帮学生撞色跑步鞋,"Giày thể thao nam, mẫu 2026, phù hợp mọi mùa, chất liệu da, thoáng khí, giày thường cao cấp, kiểu buộc dây, đế thấp, phong cách học sinh, giày chạy bộ phối màu.",运动鞋男26年四季款皮面透气高级休闲单鞋系带低帮学生撞色跑步鞋,"Giày thể thao nam, mẫu 2026, phù hợp mọi mùa, chất liệu da, thoáng khí, giày thường cao cấp, kiểu buộc dây, đế thấp, phong cách học sinh, giày chạy bộ phối màu",num_mismatch;info_stuffing:giày,0.7146000266075134
